match,quarter,frame_index,timestamp_sec,partner,confidence,box_x,box_y,box_w,box_h,frame_w,frame_h,coverage_pct,center_x,center_y
Round3,Q4,0,0.0,EMIRATES,0.8655,775.7,584.9,53.2,14.5,1920,1080,0.037,802.4,592.1
Round3,Q4,0,0.0,EMIRATES,0.5763,929.3,587.0,46.0,11.6,1920,1080,0.026,952.4,592.8
Round3,Q4,1,1.0,EMIRATES,0.8766,766.7,603.9,55.8,15.6,1920,1080,0.042,794.6,611.7
Round3,Q4,1,1.0,EMIRATES,0.7412,927.6,606.6,46.2,12.0,1920,1080,0.027,950.7,612.6
Round3,Q4,2,2.0,EMIRATES,0.8467,755.2,626.6,57.6,15.7,1920,1080,0.044,784.0,634.4
Round3,Q4,2,2.0,EMIRATES,0.7885,921.9,628.5,49.8,13.0,1920,1080,0.031,946.8,635.0
Round3,Q4,3,3.0,EMIRATES,0.8429,741.4,653.5,62.1,16.3,1920,1080,0.049,772.5,661.7
Round3,Q4,3,3.0,EMIRATES,0.5563,917.9,655.5,51.9,14.0,1920,1080,0.035,943.8,662.5
Round3,Q4,4,4.0,EMIRATES,0.8734,715.3,682.0,65.4,17.7,1920,1080,0.056,748.0,690.9
Round3,Q4,4,4.0,EMIRATES,0.7008,917.7,685.0,54.1,14.5,1920,1080,0.038,944.7,692.3
Round3,Q4,5,5.0,EMIRATES,0.8241,728.4,717.9,59.8,15.4,1920,1080,0.044,758.3,725.6
Round3,Q4,5,5.0,EMIRATES,0.4019,907.2,718.5,68.6,14.6,1920,1080,0.048,941.5,725.7
Round3,Q4,6,6.0,EMIRATES,0.8189,710.6,750.2,64.4,15.3,1920,1080,0.047,742.8,757.8
Round3,Q4,7,7.0,EMIRATES,0.8461,691.6,787.5,67.4,17.8,1920,1080,0.058,725.3,796.4
Round3,Q4,7,7.0,EMIRATES,0.548,896.1,788.3,82.6,16.3,1920,1080,0.065,937.4,796.4
Round3,Q4,8,8.0,EMIRATES,0.8162,667.5,823.0,71.8,18.6,1920,1080,0.065,703.4,832.4
Round3,Q4,8,8.0,EMIRATES,0.4844,886.4,823.7,88.7,16.8,1920,1080,0.072,930.7,832.1
Round3,Q4,9,9.0,EMIRATES,0.8194,640.1,859.5,77.9,19.8,1920,1080,0.074,679.1,869.4
Round3,Q4,9,9.0,EMIRATES,0.6366,873.8,859.8,90.7,17.6,1920,1080,0.077,919.1,868.6
Round3,Q4,10,10.0,EMIRATES,0.8522,614.9,890.0,82.5,20.2,1920,1080,0.08,656.2,900.1
Round3,Q4,10,10.0,EMIRATES,0.5719,863.9,889.7,100.2,17.7,1920,1080,0.086,914.0,898.6
Round3,Q4,11,11.0,ACCESS_COVERS,0.8664,1566.6,4.0,144.4,189.0,1920,1080,1.316,1638.8,98.5
Round3,Q4,11,11.0,EMIRATES,0.7669,872.7,372.5,101.1,26.7,1920,1080,0.13,923.2,385.9
Round3,Q4,11,11.0,EMIRATES,0.4761,604.6,896.8,88.4,20.0,1920,1080,0.085,648.8,906.8
Round3,Q4,12,12.0,EMIRATES,0.9057,870.6,377.7,105.8,27.7,1920,1080,0.141,923.5,391.5
Round3,Q4,12,12.0,ACCESS_COVERS,0.8863,1585.6,0.8,142.0,217.1,1920,1080,1.487,1656.6,109.4
Round3,Q4,12,12.0,ACCESS_COVERS,0.7449,1593.0,237.3,132.7,75.0,1920,1080,0.48,1659.4,274.8
Round3,Q4,13,13.0,ACCESS_COVERS,0.8956,1671.0,2.3,138.1,202.4,1920,1080,1.348,1740.1,103.5
Round3,Q4,13,13.0,EMIRATES,0.8948,913.9,371.2,113.6,29.6,1920,1080,0.162,970.8,386.0
Round3,Q4,13,13.0,ACCESS_COVERS,0.8512,1674.7,231.4,128.8,211.2,1920,1080,1.313,1739.1,337.0
Round3,Q4,13,13.0,ACCESS_COVERS,0.6073,1675.7,230.7,128.5,89.5,1920,1080,0.554,1740.0,275.5
Round3,Q4,14,14.0,EMIRATES,0.9097,848.2,356.1,116.1,42.0,1920,1080,0.235,906.2,377.1
Round3,Q4,14,14.0,ACCESS_COVERS,0.8744,1764.7,0.0,127.1,184.9,1920,1080,1.133,1828.3,92.5
Round3,Q4,14,14.0,ACCESS_COVERS,0.8477,1752.4,199.9,137.3,230.7,1920,1080,1.527,1821.1,315.2
Round3,Q4,15,15.0,EMIRATES,0.9251,802.5,377.0,126.5,41.1,1920,1080,0.251,865.7,397.5
Round3,Q4,15,15.0,EMIRATES,0.8765,1332.5,562.0,59.3,27.4,1920,1080,0.078,1362.2,575.8
Round3,Q4,15,15.0,ACCESS_COVERS,0.7743,1809.7,0.0,109.5,180.4,1920,1080,0.953,1864.4,90.2
Round3,Q4,15,15.0,ACCESS_COVERS,0.4587,1809.6,191.8,109.8,93.2,1920,1080,0.494,1864.5,238.4
Round3,Q4,32,32.0,EMIRATES,0.8768,450.3,482.0,180.4,74.6,1920,1080,0.649,540.5,519.3
Round3,Q4,33,33.0,EMIRATES,0.903,1589.6,477.5,194.7,74.1,1920,1080,0.696,1687.0,514.5
Round3,Q4,34,34.0,EMIRATES,0.6819,487.2,454.4,159.5,72.8,1920,1080,0.56,567.0,490.8
Round3,Q4,39,39.0,EMIRATES,0.6077,832.4,1034.0,184.9,45.7,1920,1080,0.407,924.8,1056.9
Round3,Q4,41,41.0,EMIRATES,0.9001,1223.3,392.0,140.9,35.9,1920,1080,0.244,1293.7,410.0
Round3,Q4,41,41.0,EMIRATES,0.8887,672.0,500.6,136.8,40.5,1920,1080,0.267,740.3,520.8
Round3,Q4,42,42.0,EMIRATES,0.9267,703.9,505.6,140.7,42.0,1920,1080,0.285,774.3,526.6
Round3,Q4,42,42.0,EMIRATES,0.9046,1271.5,394.8,140.1,36.4,1920,1080,0.246,1341.6,413.0
Round3,Q4,42,42.0,EMIRATES,0.776,1086.7,506.4,45.2,39.9,1920,1080,0.087,1109.3,526.3
Round3,Q4,43,43.0,EMIRATES,0.9063,715.3,502.4,138.7,41.6,1920,1080,0.279,784.6,523.2
Round3,Q4,43,43.0,EMIRATES,0.8948,1287.6,396.0,138.9,38.6,1920,1080,0.258,1357.0,415.3
Round3,Q4,43,43.0,EMIRATES,0.8307,1089.3,504.4,57.3,37.6,1920,1080,0.104,1117.9,523.2
Round3,Q4,44,44.0,EMIRATES,0.9109,696.6,508.4,138.8,41.5,1920,1080,0.278,766.0,529.2
Round3,Q4,44,44.0,EMIRATES,0.9062,1279.6,406.3,140.3,41.7,1920,1080,0.282,1349.7,427.1
Round3,Q4,44,44.0,EMIRATES,0.332,1090.4,506.8,47.2,37.2,1920,1080,0.085,1114.0,525.4
Round3,Q4,45,45.0,EMIRATES,0.9052,703.8,512.9,139.6,42.1,1920,1080,0.283,773.6,534.0
Round3,Q4,45,45.0,EMIRATES,0.8921,1293.4,405.1,140.7,43.8,1920,1080,0.297,1363.7,427.0
Round3,Q4,46,46.0,EMIRATES,0.9159,691.0,513.1,133.0,41.4,1920,1080,0.266,757.5,533.8
Round3,Q4,46,46.0,EMIRATES,0.9077,1275.8,406.6,137.4,39.3,1920,1080,0.26,1344.5,426.2
Round3,Q4,47,47.0,EMIRATES,0.9223,1265.4,400.7,135.2,38.5,1920,1080,0.251,1333.0,419.9
Round3,Q4,47,47.0,EMIRATES,0.9176,701.9,539.2,133.3,40.5,1920,1080,0.26,768.5,559.4
Round3,Q4,48,48.0,EMIRATES,0.9184,690.6,500.8,132.5,42.5,1920,1080,0.272,756.8,522.1
Round3,Q4,48,48.0,EMIRATES,0.8862,1408.6,389.0,129.1,47.8,1920,1080,0.298,1473.1,413.0
Round3,Q4,48,48.0,EMIRATES,0.7646,1771.1,518.0,31.1,114.0,1920,1080,0.171,1786.7,575.0
Round3,Q4,48,48.0,EMIRATES,0.6098,1187.9,498.3,56.0,34.3,1920,1080,0.093,1215.9,515.4
Round3,Q4,49,49.0,EMIRATES,0.9189,805.7,495.6,135.6,40.4,1920,1080,0.264,873.5,515.8
Round3,Q4,49,49.0,EMIRATES,0.8832,367.4,346.1,84.1,41.9,1920,1080,0.17,409.4,367.1
Round3,Q4,49,49.0,EMIRATES,0.8715,1369.8,390.2,120.1,38.9,1920,1080,0.225,1429.8,409.7
Round3,Q4,50,50.0,EMIRATES,0.9214,846.7,432.3,138.1,43.3,1920,1080,0.288,915.8,454.0
Round3,Q4,50,50.0,EMIRATES,0.9069,140.3,364.9,123.8,37.5,1920,1080,0.224,202.2,383.7
Round3,Q4,50,50.0,EMIRATES,0.896,433.5,275.1,89.6,42.3,1920,1080,0.183,478.3,296.3
Round3,Q4,50,50.0,EMIRATES,0.8829,1405.2,329.7,119.2,47.6,1920,1080,0.273,1464.8,353.5
Round3,Q4,50,50.0,EMIRATES,0.855,1200.8,434.2,65.9,34.2,1920,1080,0.109,1233.8,451.3
Round3,Q4,50,50.0,EMIRATES,0.5861,1770.1,463.7,30.1,106.8,1920,1080,0.155,1785.2,517.1
Round3,Q4,51,51.0,EMIRATES,0.9093,193.7,331.9,113.3,34.3,1920,1080,0.187,250.4,349.1
Round3,Q4,51,51.0,EMIRATES,0.9078,850.4,381.9,128.1,32.8,1920,1080,0.203,914.5,398.3
Round3,Q4,51,51.0,EMIRATES,0.9076,494.8,232.1,80.3,32.7,1920,1080,0.127,535.0,248.4
Round3,Q4,51,51.0,EMIRATES,0.8943,1416.2,293.7,110.9,40.6,1920,1080,0.217,1471.6,314.0
Round3,Q4,51,51.0,EMIRATES,0.855,1231.8,391.7,50.8,34.0,1920,1080,0.083,1257.2,408.7
Round3,Q4,52,52.0,EMIRATES,0.9101,538.7,237.4,68.8,29.3,1920,1080,0.097,573.1,252.0
Round3,Q4,52,52.0,EMIRATES,0.8923,1376.3,276.4,77.7,39.0,1920,1080,0.146,1415.2,295.9
Round3,Q4,52,52.0,EMIRATES,0.8876,1186.0,368.3,78.1,29.9,1920,1080,0.113,1225.0,383.2
Round3,Q4,52,52.0,EMIRATES,0.8862,862.3,360.6,118.6,30.4,1920,1080,0.174,921.6,375.8
Round3,Q4,52,52.0,EMIRATES,0.6885,1757.2,413.3,41.7,17.6,1920,1080,0.035,1778.0,422.1
Round3,Q4,53,53.0,EMIRATES,0.9001,582.3,233.1,64.1,31.0,1920,1080,0.096,614.4,248.6
Round3,Q4,53,53.0,EMIRATES,0.8881,849.5,344.5,103.7,41.8,1920,1080,0.209,901.3,365.4
Round3,Q4,53,53.0,EMIRATES,0.7166,1736.0,406.6,43.9,17.8,1920,1080,0.038,1757.9,415.5
Round3,Q4,53,53.0,EMIRATES,0.6266,1137.6,356.8,58.6,27.9,1920,1080,0.079,1166.9,370.7
Round3,Q4,54,54.0,EMIRATES,0.889,1168.7,351.8,44.8,27.7,1920,1080,0.06,1191.1,365.6
Round3,Q4,54,54.0,EMIRATES,0.8805,366.2,333.9,74.1,28.1,1920,1080,0.101,403.2,348.0
Round3,Q4,54,54.0,EMIRATES,0.88,1453.5,434.6,67.7,22.8,1920,1080,0.074,1487.4,446.0
Round3,Q4,54,54.0,EMIRATES,0.8759,837.7,367.9,95.9,35.8,1920,1080,0.166,885.6,385.8
Round3,Q4,54,54.0,EMIRATES,0.8736,686.9,274.4,79.1,25.3,1920,1080,0.097,726.5,287.1
Round3,Q4,55,55.0,EMIRATES,0.9021,640.6,343.8,59.1,31.6,1920,1080,0.09,670.1,359.6
Round3,Q4,55,55.0,EMIRATES,0.8947,853.9,359.7,53.0,26.9,1920,1080,0.069,880.4,373.2
Round3,Q4,55,55.0,EMIRATES,0.8813,346.9,402.9,80.8,22.2,1920,1080,0.087,387.3,414.1
Round3,Q4,55,55.0,EMIRATES,0.8703,1494.3,465.7,76.6,22.4,1920,1080,0.083,1532.6,476.9
Round3,Q4,55,55.0,EMIRATES,0.8364,1776.9,373.2,78.3,20.9,1920,1080,0.079,1816.0,383.7
Round3,Q4,55,55.0,EMIRATES,0.6516,1336.2,471.5,41.0,19.4,1920,1080,0.038,1356.7,481.2
Round3,Q4,56,56.0,EMIRATES,0.8963,1645.9,477.0,86.5,29.4,1920,1080,0.123,1689.2,491.7
Round3,Q4,56,56.0,EMIRATES,0.8956,10.4,432.6,75.9,30.9,1920,1080,0.113,48.3,448.1
Round3,Q4,56,56.0,EMIRATES,0.8883,1313.6,403.4,63.7,26.1,1920,1080,0.08,1345.5,416.4
Round3,Q4,56,56.0,EMIRATES,0.8848,1120.9,367.5,59.5,27.2,1920,1080,0.078,1150.6,381.1
Round3,Q4,56,56.0,EMIRATES,0.8773,666.2,394.9,52.7,22.4,1920,1080,0.057,692.5,406.1
Round3,Q4,56,56.0,EMIRATES,0.8166,845.0,420.2,79.0,20.4,1920,1080,0.078,884.5,430.4
Round3,Q4,57,57.0,EMIRATES,0.8911,96.1,338.1,69.0,29.5,1920,1080,0.098,130.6,352.9
Round3,Q4,57,57.0,EMIRATES,0.7246,616.3,424.2,36.3,18.9,1920,1080,0.033,634.4,433.7
Round3,Q4,58,58.0,EMIRATES,0.8377,1533.1,454.5,75.5,31.0,1920,1080,0.113,1570.8,470.0
Round3,Q4,59,59.0,EMIRATES,0.8802,1456.3,477.2,73.3,30.3,1920,1080,0.107,1492.9,492.3
Round3,Q4,59,59.0,EMIRATES,0.6169,825.3,495.8,29.7,14.5,1920,1080,0.021,840.1,503.1
Round3,Q4,61,61.0,EMIRATES,0.8603,983.1,575.2,44.5,14.9,1920,1080,0.032,1005.3,582.7
Round3,Q4,61,61.0,EMIRATES,0.5088,1661.8,1034.1,61.7,23.4,1920,1080,0.07,1692.6,1045.8
Round3,Q4,62,62.0,EMIRATES,0.8777,1019.7,559.1,56.5,15.8,1920,1080,0.043,1048.0,567.0
Round3,Q4,62,62.0,EMIRATES,0.8444,693.5,512.3,37.6,12.1,1920,1080,0.022,712.2,518.3
Round3,Q4,62,62.0,EMIRATES,0.5003,373.6,538.2,25.2,11.4,1920,1080,0.014,386.2,543.9
Round3,Q4,63,63.0,EMIRATES,0.8851,998.7,477.8,102.8,36.9,1920,1080,0.183,1050.1,496.2
Round3,Q4,63,63.0,EMIRATES,0.3659,309.7,521.2,25.0,10.2,1920,1080,0.012,322.2,526.3
Round3,Q4,64,64.0,EMIRATES,0.9177,809.1,605.0,93.5,31.7,1920,1080,0.143,855.9,620.8
Round3,Q4,65,65.0,EMIRATES,0.7747,91.6,604.5,44.1,15.1,1920,1080,0.032,113.6,612.1
Round3,Q4,65,65.0,EMIRATES,0.5396,1253.7,618.7,80.7,37.3,1920,1080,0.145,1294.0,637.4
Round3,Q4,66,66.0,EMIRATES,0.6171,299.0,561.2,32.2,15.7,1920,1080,0.024,315.1,569.0
Round3,Q4,67,67.0,EMIRATES,0.6116,738.1,564.6,37.1,14.3,1920,1080,0.026,756.7,571.8
Round3,Q4,68,68.0,EMIRATES,0.8665,612.5,581.4,62.4,22.6,1920,1080,0.068,643.7,592.7
Round3,Q4,69,69.0,EMIRATES,0.7918,645.1,691.8,75.2,57.9,1920,1080,0.21,682.7,720.8
Round3,Q4,72,72.0,EMIRATES,0.8371,421.0,545.1,57.6,20.2,1920,1080,0.056,449.8,555.2
Round3,Q4,72,72.0,EMIRATES,0.4131,316.3,546.9,46.0,16.4,1920,1080,0.036,339.3,555.1
Round3,Q4,72,72.0,EMIRATES,0.3109,170.7,507.4,49.7,18.5,1920,1080,0.044,195.5,516.6
Round3,Q4,73,73.0,EMIRATES,0.874,96.8,548.1,63.3,21.4,1920,1080,0.065,128.5,558.8
Round3,Q4,73,73.0,EMIRATES,0.7648,2.1,552.8,46.5,14.5,1920,1080,0.033,25.4,560.0
Round3,Q4,79,79.0,EMIRATES,0.8843,10.8,610.8,102.8,39.7,1920,1080,0.197,62.2,630.6
Round3,Q4,80,80.0,EMIRATES,0.9004,1247.6,320.5,51.4,19.9,1920,1080,0.049,1273.3,330.4
Round3,Q4,80,80.0,EMIRATES,0.893,894.3,382.2,44.4,18.5,1920,1080,0.04,916.5,391.4
Round3,Q4,80,80.0,EMIRATES,0.8895,553.6,382.7,52.2,20.5,1920,1080,0.051,579.7,392.9
Round3,Q4,80,80.0,EMIRATES,0.8863,1057.8,397.1,58.5,22.9,1920,1080,0.065,1087.0,408.5
Round3,Q4,80,80.0,EMIRATES,0.7035,1376.8,442.8,53.2,222.5,1920,1080,0.571,1403.4,554.1
Round3,Q4,81,81.0,EMIRATES,0.9008,442.3,389.2,51.5,21.2,1920,1080,0.053,468.0,399.8
Round3,Q4,81,81.0,EMIRATES,0.8957,1138.9,356.3,52.8,20.9,1920,1080,0.053,1165.3,366.7
Round3,Q4,81,81.0,EMIRATES,0.8866,941.6,409.8,58.4,22.8,1920,1080,0.064,970.8,421.2
Round3,Q4,81,81.0,EMIRATES,0.8863,749.3,399.7,49.3,20.8,1920,1080,0.049,774.0,410.2
Round3,Q4,81,81.0,EMIRATES,0.8436,1785.6,405.8,54.1,259.6,1920,1080,0.677,1812.7,535.6
Round3,Q4,81,81.0,EMIRATES,0.6934,696.8,437.9,34.0,20.3,1920,1080,0.033,713.8,448.0
Round3,Q4,81,81.0,EMIRATES,0.4462,1780.4,179.0,58.6,221.7,1920,1080,0.627,1809.7,289.8
Round3,Q4,82,82.0,EMIRATES,0.8964,818.8,430.3,52.2,21.4,1920,1080,0.054,844.9,441.0
Round3,Q4,82,82.0,EMIRATES,0.8925,258.0,360.0,50.3,31.9,1920,1080,0.077,283.2,376.0
Round3,Q4,82,82.0,EMIRATES,0.8854,526.8,422.1,51.6,20.9,1920,1080,0.052,552.6,432.5
Round3,Q4,82,82.0,EMIRATES,0.8797,1021.2,444.5,58.7,24.6,1920,1080,0.07,1050.6,456.9
Round3,Q4,82,82.0,EMIRATES,0.871,1213.2,387.0,56.8,23.7,1920,1080,0.065,1241.6,398.8
Round3,Q4,83,83.0,EMIRATES,0.9042,1172.4,474.8,65.8,27.8,1920,1080,0.088,1205.3,488.7
Round3,Q4,83,83.0,EMIRATES,0.8976,1389.4,404.3,62.5,25.3,1920,1080,0.076,1420.6,416.9
Round3,Q4,83,83.0,EMIRATES,0.8963,603.6,436.2,55.2,25.7,1920,1080,0.069,631.2,449.1
Round3,Q4,83,83.0,EMIRATES,0.8933,924.1,450.2,52.2,23.7,1920,1080,0.06,950.2,462.1
Round3,Q4,83,83.0,EMIRATES,0.83,1739.6,385.3,49.1,19.1,1920,1080,0.045,1764.1,394.8
Round3,Q4,84,84.0,EMIRATES,0.9015,1166.2,470.2,70.8,29.5,1920,1080,0.101,1201.6,484.9
Round3,Q4,84,84.0,EMIRATES,0.8898,1382.7,387.8,66.5,26.0,1920,1080,0.083,1416.0,400.7
Round3,Q4,84,84.0,EMIRATES,0.8658,0.0,508.3,55.8,27.1,1920,1080,0.073,27.9,521.8
Round3,Q4,84,84.0,EMIRATES,0.8326,1662.9,348.0,36.7,19.8,1920,1080,0.035,1681.2,357.9
Round3,Q4,84,84.0,EMIRATES,0.8149,870.8,435.3,30.6,24.1,1920,1080,0.036,886.1,447.3
Round3,Q4,85,85.0,EMIRATES,0.9014,1384.9,372.5,67.8,26.6,1920,1080,0.087,1418.8,385.8
Round3,Q4,85,85.0,EMIRATES,0.899,1231.2,473.4,78.2,30.6,1920,1080,0.115,1270.3,488.7
Round3,Q4,85,85.0,EMIRATES,0.885,507.3,433.9,63.0,27.3,1920,1080,0.083,538.8,447.6
Round3,Q4,85,85.0,EMIRATES,0.6034,1814.0,390.9,29.0,22.6,1920,1080,0.032,1828.6,402.2
Round3,Q4,86,86.0,EMIRATES,0.9092,514.2,463.9,64.7,29.1,1920,1080,0.091,546.5,478.5
Round3,Q4,86,86.0,EMIRATES,0.8987,1384.4,386.3,69.5,27.0,1920,1080,0.09,1419.2,399.8
Round3,Q4,86,86.0,EMIRATES,0.8872,1284.3,500.3,56.2,29.8,1920,1080,0.081,1312.3,515.2
Round3,Q4,87,87.0,EMIRATES,0.9109,1424.9,425.3,64.7,30.1,1920,1080,0.094,1457.3,440.4
Round3,Q4,87,87.0,EMIRATES,0.9005,542.9,476.1,62.9,31.4,1920,1080,0.095,574.3,491.8
Round3,Q4,87,87.0,EMIRATES,0.8168,1086.6,454.4,32.6,32.5,1920,1080,0.051,1102.9,470.7
Round3,Q4,87,87.0,EMIRATES,0.5995,1252.6,541.4,24.5,33.7,1920,1080,0.04,1264.9,558.3
Round3,Q4,88,88.0,EMIRATES,0.9074,507.1,482.0,58.4,34.0,1920,1080,0.096,536.3,499.0
Round3,Q4,88,88.0,EMIRATES,0.8981,1411.0,436.1,61.1,31.5,1920,1080,0.093,1441.6,451.8
Round3,Q4,88,88.0,EMIRATES,0.8082,1138.9,474.1,28.4,35.3,1920,1080,0.048,1153.1,491.7
Round3,Q4,88,88.0,EMIRATES,0.5272,1361.6,532.0,24.8,33.0,1920,1080,0.04,1374.0,548.6
Round3,Q4,88,88.0,EMIRATES,0.4793,1610.8,524.2,23.7,39.5,1920,1080,0.045,1622.7,543.9
Round3,Q4,89,89.0,EMIRATES,0.9099,1575.4,519.8,76.7,36.5,1920,1080,0.135,1613.7,538.0
Round3,Q4,89,89.0,EMIRATES,0.9067,1050.5,478.1,57.9,32.4,1920,1080,0.09,1079.4,494.3
Round3,Q4,89,89.0,EMIRATES,0.901,1270.7,447.3,56.9,32.9,1920,1080,0.09,1299.2,463.7
Round3,Q4,89,89.0,EMIRATES,0.896,424.7,476.1,59.5,36.7,1920,1080,0.105,454.4,494.5
Round3,Q4,90,90.0,EMIRATES,0.9206,1676.7,521.0,80.2,39.7,1920,1080,0.154,1716.8,540.8
Round3,Q4,90,90.0,EMIRATES,0.9137,1126.7,436.8,54.5,33.3,1920,1080,0.087,1153.9,453.4
Round3,Q4,90,90.0,EMIRATES,0.905,993.8,471.8,80.3,31.7,1920,1080,0.123,1033.9,487.6
Round3,Q4,90,90.0,EMIRATES,0.8998,1425.6,536.1,50.0,40.8,1920,1080,0.098,1450.6,556.5
Round3,Q4,90,90.0,EMIRATES,0.8785,374.9,467.0,51.7,34.0,1920,1080,0.085,400.7,484.0
Round3,Q4,91,91.0,EMIRATES,0.9068,417.8,474.7,58.2,35.5,1920,1080,0.1,446.9,492.4
Round3,Q4,91,91.0,EMIRATES,0.9052,1100.0,446.6,62.4,32.0,1920,1080,0.096,1131.2,462.6
Round3,Q4,91,91.0,EMIRATES,0.9026,1561.5,541.9,49.9,39.5,1920,1080,0.095,1586.5,561.7
Round3,Q4,91,91.0,EMIRATES,0.8399,1874.6,526.3,45.4,34.8,1920,1080,0.076,1897.3,543.7
Round3,Q4,92,92.0,EMIRATES,0.8994,998.0,455.8,50.7,28.4,1920,1080,0.07,1023.3,470.0
Round3,Q4,92,92.0,EMIRATES,0.8848,1883.0,522.5,37.0,33.5,1920,1080,0.06,1901.5,539.2
Round3,Q4,92,92.0,EMIRATES,0.8784,1590.8,550.5,44.7,40.0,1920,1080,0.086,1613.1,570.5
Round3,Q4,92,92.0,EMIRATES,0.8719,487.0,491.7,47.5,26.4,1920,1080,0.06,510.7,504.9
Round3,Q4,92,92.0,EMIRATES,0.5614,711.4,438.7,46.8,23.6,1920,1080,0.053,734.9,450.5
Round3,Q4,93,93.0,EMIRATES,0.9058,1034.1,470.9,51.5,31.9,1920,1080,0.079,1059.8,486.9
Round3,Q4,93,93.0,EMIRATES,0.8539,1864.4,580.5,39.2,45.4,1920,1080,0.086,1884.0,603.1
Round3,Q4,93,93.0,EMIRATES,0.8475,547.2,510.2,33.5,34.4,1920,1080,0.056,563.9,527.5
Round3,Q4,94,94.0,EMIRATES,0.9009,1117.2,500.8,57.5,36.5,1920,1080,0.101,1146.0,519.0
Round3,Q4,94,94.0,EMIRATES,0.6906,1335.9,515.5,28.5,39.7,1920,1080,0.054,1350.2,535.3
Round3,Q4,95,95.0,EMIRATES,0.9041,1153.5,462.1,103.8,40.3,1920,1080,0.202,1205.4,482.2
Round3,Q4,96,96.0,EMIRATES,0.8976,1275.3,598.5,94.0,54.5,1920,1080,0.247,1322.3,625.7
Round3,Q4,97,97.0,EMIRATES,0.8494,916.0,446.6,46.3,40.9,1920,1080,0.091,939.1,467.0
Round3,Q4,98,98.0,EMIRATES,0.8939,989.2,538.1,62.5,40.7,1920,1080,0.123,1020.5,558.4
Round3,Q4,98,98.0,EMIRATES,0.8652,189.2,411.5,142.0,42.1,1920,1080,0.288,260.2,432.5
Round3,Q4,99,99.0,EMIRATES,0.9232,1223.7,419.1,92.3,47.9,1920,1080,0.213,1269.9,443.1
Round3,Q4,100,100.0,EMIRATES,0.8715,1088.1,595.8,82.2,58.0,1920,1080,0.23,1129.2,624.8
Round3,Q4,101,101.0,EMIRATES,0.8933,988.0,505.9,61.2,46.8,1920,1080,0.138,1018.6,529.3
Round3,Q4,102,102.0,EMIRATES,0.8699,1135.6,435.6,44.9,37.0,1920,1080,0.08,1158.0,454.1
Round3,Q4,103,103.0,EMIRATES,0.7734,1132.4,343.8,26.8,31.5,1920,1080,0.041,1145.8,359.6
Round3,Q4,104,104.0,EMIRATES,0.8747,1107.8,250.0,52.0,31.8,1920,1080,0.08,1133.8,265.9
Round3,Q4,105,105.0,EMIRATES,0.8964,920.0,248.0,77.1,29.9,1920,1080,0.111,958.6,262.9
Round3,Q4,106,106.0,CYBERCX,0.8914,0.0,352.2,225.1,66.5,1920,1080,0.722,112.5,385.5
Round3,Q4,106,106.0,CYBERCX,0.8779,0.0,194.0,358.4,120.0,1920,1080,2.074,179.2,254.0
Round3,Q4,106,106.0,EMIRATES,0.8588,1078.7,484.2,94.7,29.2,1920,1080,0.133,1126.0,498.9
Round3,Q4,106,106.0,EMIRATES,0.8485,727.9,444.4,94.9,32.2,1920,1080,0.148,775.4,460.5
Round3,Q4,106,106.0,CYBERCX,0.8076,269.1,926.8,184.9,56.3,1920,1080,0.502,361.6,955.0
Round3,Q4,106,106.0,EMIRATES,0.7813,587.0,211.2,52.2,19.3,1920,1080,0.048,613.1,220.8
Round3,Q4,106,106.0,CYBERCX,0.7619,933.8,192.3,83.7,100.4,1920,1080,0.405,975.7,242.5
Round3,Q4,106,106.0,EMIRATES,0.6838,1114.7,205.5,61.5,27.1,1920,1080,0.08,1145.5,219.0
Round3,Q4,106,106.0,EMIRATES,0.422,1445.8,460.8,42.9,33.4,1920,1080,0.069,1467.3,477.5
Round3,Q4,107,107.0,CYBERCX,0.9089,7.8,352.6,239.4,70.1,1920,1080,0.809,127.6,387.7
Round3,Q4,107,107.0,EMIRATES,0.8817,1099.7,489.1,92.7,28.3,1920,1080,0.126,1146.0,503.2
Round3,Q4,107,107.0,CYBERCX,0.8748,0.0,191.9,375.9,122.8,1920,1080,2.226,187.9,253.3
Round3,Q4,107,107.0,CYBERCX,0.8477,1578.7,919.9,117.3,67.5,1920,1080,0.382,1637.3,953.7
Round3,Q4,107,107.0,EMIRATES,0.8329,608.4,204.8,63.9,19.2,1920,1080,0.059,640.4,214.4
Round3,Q4,107,107.0,EMIRATES,0.8037,1132.7,208.2,62.4,31.9,1920,1080,0.096,1163.9,224.1
Round3,Q4,107,107.0,CYBERCX,0.7978,291.5,928.6,182.3,62.5,1920,1080,0.549,382.7,959.9
Round3,Q4,107,107.0,CYBERCX,0.7843,954.3,193.6,79.2,99.8,1920,1080,0.381,993.9,243.5
Round3,Q4,107,107.0,EMIRATES,0.7675,1877.6,447.2,42.1,31.8,1920,1080,0.065,1898.6,463.2
Round3,Q4,107,107.0,CYBERCX,0.5007,1617.9,566.4,54.5,45.5,1920,1080,0.12,1645.2,589.1
Round3,Q4,108,108.0,EMIRATES,0.8962,1385.6,441.6,98.4,32.5,1920,1080,0.154,1434.8,457.9
Round3,Q4,108,108.0,EMIRATES,0.8861,1799.6,484.9,99.6,36.8,1920,1080,0.177,1849.4,503.3
Round3,Q4,108,108.0,CYBERCX,0.8751,2.1,188.3,302.8,117.7,1920,1080,1.719,153.5,247.2
Round3,Q4,108,108.0,CYBERCX,0.8545,222.6,923.8,183.9,56.0,1920,1080,0.496,314.5,951.8
Round3,Q4,108,108.0,CYBERCX,0.8537,0.0,346.5,179.9,71.7,1920,1080,0.622,89.9,382.3
Round3,Q4,108,108.0,EMIRATES,0.8464,1031.9,482.3,91.2,27.8,1920,1080,0.122,1077.5,496.2
Round3,Q4,108,108.0,CYBERCX,0.8438,1513.6,911.7,84.2,66.8,1920,1080,0.271,1555.7,945.1
Round3,Q4,108,108.0,EMIRATES,0.8354,537.9,211.6,64.5,19.8,1920,1080,0.062,570.1,221.5
Round3,Q4,108,108.0,EMIRATES,0.828,1066.4,195.9,63.7,29.0,1920,1080,0.089,1098.2,210.3
Round3,Q4,108,108.0,CYBERCX,0.8262,1658.5,926.2,71.8,52.1,1920,1080,0.18,1694.4,952.3
Round3,Q4,108,108.0,CYBERCX,0.7898,888.0,186.0,80.5,103.3,1920,1080,0.401,928.3,237.6
Round3,Q4,108,108.0,CYBERCX,0.586,1580.0,561.0,40.7,39.2,1920,1080,0.077,1600.3,580.6
Round3,Q4,108,108.0,CYBERCX,0.3463,1063.6,909.7,55.0,53.4,1920,1080,0.142,1091.1,936.4
Round3,Q4,109,109.0,CYBERCX,0.8584,1409.6,916.5,82.1,67.1,1920,1080,0.266,1450.7,950.0
Round3,Q4,109,109.0,EMIRATES,0.8505,928.9,483.5,93.3,27.3,1920,1080,0.123,975.5,497.1
Round3,Q4,109,109.0,EMIRATES,0.8464,1654.8,516.5,89.8,33.1,1920,1080,0.143,1699.7,533.1
Round3,Q4,109,109.0,CYBERCX,0.8459,0.1,197.8,190.2,98.0,1920,1080,0.899,95.1,246.7
Round3,Q4,109,109.0,CYBERCX,0.8435,117.4,920.4,183.1,64.2,1920,1080,0.567,209.0,952.5
Round3,Q4,109,109.0,CYBERCX,0.8298,1716.1,209.8,171.1,81.2,1920,1080,0.67,1801.6,250.4
Round3,Q4,109,109.0,CYBERCX,0.7912,1817.3,917.0,102.7,63.2,1920,1080,0.313,1868.6,948.6
Round3,Q4,109,109.0,EMIRATES,0.7752,960.6,197.4,63.4,28.5,1920,1080,0.087,992.3,211.7
Round3,Q4,109,109.0,CYBERCX,0.7742,958.5,912.4,57.5,53.0,1920,1080,0.147,987.3,938.9
Round3,Q4,109,109.0,CYBERCX,0.7504,1852.8,537.2,67.2,65.4,1920,1080,0.212,1886.4,569.9
Round3,Q4,109,109.0,CYBERCX,0.7478,0.2,344.7,73.9,66.5,1920,1080,0.237,37.1,378.0
Round3,Q4,109,109.0,CYBERCX,0.7433,783.6,185.0,80.4,104.4,1920,1080,0.405,823.8,237.2
Round3,Q4,109,109.0,EMIRATES,0.3235,447.1,132.8,54.4,28.9,1920,1080,0.076,474.3,147.3
Round3,Q4,110,110.0,EMIRATES,0.8651,931.7,430.8,49.5,26.5,1920,1080,0.063,956.5,444.1
Round3,Q4,111,111.0,EMIRATES,0.8682,866.8,466.3,57.2,29.0,1920,1080,0.08,895.4,480.8
Round3,Q4,112,112.0,EMIRATES,0.7367,990.3,913.3,23.1,8.4,1920,1080,0.009,1001.8,917.4
Round3,Q4,116,116.0,EMIRATES,0.7048,463.7,507.3,21.2,9.0,1920,1080,0.009,474.3,511.7
Round3,Q4,116,116.0,EMIRATES,0.6024,943.3,460.6,31.9,19.0,1920,1080,0.029,959.3,470.1
Round3,Q4,117,117.0,EMIRATES,0.9049,278.6,331.3,40.3,20.2,1920,1080,0.039,298.8,341.4
Round3,Q4,117,117.0,EMIRATES,0.8771,758.2,425.7,47.8,14.7,1920,1080,0.034,782.1,433.0
Round3,Q4,118,118.0,EMIRATES,0.8205,926.1,404.0,48.2,11.6,1920,1080,0.027,950.1,409.8
Round3,Q4,119,119.0,EMIRATES,0.8262,857.6,399.9,52.9,15.4,1920,1080,0.039,884.1,407.7
Round3,Q4,119,119.0,EMIRATES,0.8174,759.4,539.3,60.6,19.4,1920,1080,0.057,789.7,549.0
Round3,Q4,119,119.0,EMIRATES,0.7938,781.8,415.1,39.6,17.5,1920,1080,0.033,801.6,423.9
Round3,Q4,120,120.0,EMIRATES,0.8389,949.8,517.3,46.5,20.8,1920,1080,0.047,973.1,527.7
Round3,Q4,120,120.0,EMIRATES,0.5574,1248.3,472.4,33.8,13.9,1920,1080,0.023,1265.2,479.4
Round3,Q4,121,121.0,EMIRATES,0.8473,1199.2,357.6,31.5,32.7,1920,1080,0.05,1214.9,374.0
Round3,Q4,122,122.0,EMIRATES,0.9061,521.9,1.5,35.4,14.6,1920,1080,0.025,539.7,8.8
Round3,Q4,122,122.0,EMIRATES,0.8303,1072.6,378.5,50.6,17.7,1920,1080,0.043,1097.9,387.4
Round3,Q4,123,123.0,EMIRATES,0.7503,1087.1,404.4,34.0,12.6,1920,1080,0.021,1104.1,410.7
Round3,Q4,124,124.0,EMIRATES,0.8751,893.2,407.7,36.3,25.3,1920,1080,0.044,911.3,420.4
Round3,Q4,124,124.0,EMIRATES,0.705,1279.4,486.3,33.5,13.4,1920,1080,0.022,1296.1,493.1
Round3,Q4,128,128.0,EMIRATES,0.888,840.6,319.2,64.7,22.2,1920,1080,0.069,872.9,330.3
Round3,Q4,129,129.0,EMIRATES,0.8796,861.7,322.5,63.9,23.7,1920,1080,0.073,893.6,334.3
Round3,Q4,133,133.0,EMIRATES,0.8695,130.8,654.3,60.8,17.0,1920,1080,0.05,161.3,662.8
Round3,Q4,134,134.0,EMIRATES,0.8843,1081.0,582.0,63.0,19.7,1920,1080,0.06,1112.5,591.9
Round3,Q4,134,134.0,EMIRATES,0.8825,633.1,295.6,49.5,16.9,1920,1080,0.04,657.9,304.1
Round3,Q4,135,135.0,EMIRATES,0.887,799.4,305.2,47.1,17.5,1920,1080,0.04,822.9,313.9
Round3,Q4,135,135.0,EMIRATES,0.8843,1346.6,550.6,65.7,22.6,1920,1080,0.072,1379.5,561.9
Round3,Q4,136,136.0,EMIRATES,0.8981,847.3,318.4,39.6,18.4,1920,1080,0.035,867.1,327.6
Round3,Q4,136,136.0,EMIRATES,0.8716,1209.4,489.4,65.7,20.7,1920,1080,0.065,1242.3,499.7
Round3,Q4,136,136.0,EMIRATES,0.8326,1267.7,456.1,38.4,20.4,1920,1080,0.038,1287.0,466.3
Round3,Q4,137,137.0,EMIRATES,0.6084,1806.2,504.1,12.2,52.2,1920,1080,0.031,1812.2,530.2
Round3,Q4,137,137.0,EMIRATES,0.3551,1808.9,453.1,13.4,45.6,1920,1080,0.029,1815.6,475.9
Round3,Q4,138,138.0,EMIRATES,0.6357,1788.6,537.5,12.9,55.3,1920,1080,0.034,1795.0,565.2
Round3,Q4,138,138.0,EMIRATES,0.379,1789.6,491.1,14.7,99.3,1920,1080,0.07,1796.9,540.8
Round3,Q4,139,139.0,EMIRATES,0.8999,894.8,446.3,167.4,59.5,1920,1080,0.48,978.5,476.1
Round3,Q4,139,139.0,EMIRATES,0.8956,1515.7,509.1,248.5,75.7,1920,1080,0.907,1639.9,546.9
Round3,Q4,140,140.0,EMIRATES,0.9031,1044.6,439.0,158.0,58.4,1920,1080,0.445,1123.6,468.2
Round3,Q4,141,141.0,EMIRATES,0.911,1073.6,434.7,135.2,59.3,1920,1080,0.387,1141.2,464.3
Round3,Q4,142,142.0,EMIRATES,0.8939,910.5,365.0,105.3,34.4,1920,1080,0.175,963.1,382.2
Round3,Q4,143,143.0,EMIRATES,0.896,986.7,395.1,122.5,46.8,1920,1080,0.276,1047.9,418.5
Round3,Q4,144,144.0,EMIRATES,0.9046,1245.9,500.8,78.4,64.2,1920,1080,0.243,1285.1,532.9
Round3,Q4,145,145.0,EMIRATES,0.8983,1696.3,895.6,49.4,15.1,1920,1080,0.036,1721.0,903.2
Round3,Q4,145,145.0,EMIRATES,0.8873,882.5,343.1,63.0,22.6,1920,1080,0.069,914.0,354.4
Round3,Q4,146,146.0,EMIRATES,0.884,883.2,347.5,62.2,19.7,1920,1080,0.059,914.3,357.3
Round3,Q4,146,146.0,EMIRATES,0.8822,1721.7,906.9,30.8,15.3,1920,1080,0.023,1737.1,914.6
Round3,Q4,147,147.0,EMIRATES,0.8917,850.3,365.2,61.9,21.0,1920,1080,0.063,881.3,375.7
Round3,Q4,147,147.0,EMIRATES,0.3525,1699.6,920.5,46.0,26.6,1920,1080,0.059,1722.6,933.8
Round3,Q4,148,148.0,EMIRATES,0.8514,417.8,622.1,60.7,30.6,1920,1080,0.09,448.2,637.4
Round3,Q4,148,148.0,EMIRATES,0.8188,939.7,302.1,59.4,26.8,1920,1080,0.077,969.4,315.5
Round3,Q4,149,149.0,EMIRATES,0.8951,1822.9,773.9,65.5,22.8,1920,1080,0.072,1855.7,785.3
Round3,Q4,151,151.0,EMIRATES,0.8844,1715.7,860.9,33.7,17.0,1920,1080,0.028,1732.5,869.4
Round3,Q4,151,151.0,EMIRATES,0.8806,1832.7,854.2,58.3,19.6,1920,1080,0.055,1861.8,864.0
Round3,Q4,152,152.0,EMIRATES,0.8892,1739.7,918.2,38.2,13.7,1920,1080,0.025,1758.8,925.1
Round3,Q4,152,152.0,EMIRATES,0.8838,1810.7,933.8,63.8,21.2,1920,1080,0.065,1842.6,944.4
Round3,Q4,153,153.0,EMIRATES,0.9037,1244.2,603.5,113.3,50.9,1920,1080,0.278,1300.9,628.9
Round3,Q4,153,153.0,EMIRATES,0.7133,1892.8,852.7,27.2,69.0,1920,1080,0.09,1906.4,887.2
Round3,Q4,154,154.0,EMIRATES,0.897,1086.7,586.6,120.3,50.8,1920,1080,0.294,1146.9,612.0
Round3,Q4,154,154.0,EMIRATES,0.8872,1717.9,882.2,202.0,78.7,1920,1080,0.767,1818.9,921.5
Round3,Q4,155,155.0,EMIRATES,0.9069,897.4,598.5,145.4,50.3,1920,1080,0.353,970.1,623.6
Round3,Q4,156,156.0,EMIRATES,0.9142,1140.6,667.9,139.8,53.2,1920,1080,0.359,1210.5,694.5
Round3,Q4,157,157.0,EMIRATES,0.9003,1142.2,674.2,129.2,50.6,1920,1080,0.315,1206.8,699.5
Round3,Q4,158,158.0,EMIRATES,0.8902,1105.4,580.1,119.0,54.6,1920,1080,0.313,1164.8,607.5
Round3,Q4,159,159.0,EMIRATES,0.8955,1195.7,564.6,133.2,66.0,1920,1080,0.424,1262.3,597.6
Round3,Q4,160,160.0,EMIRATES,0.9183,1157.4,662.3,146.1,55.8,1920,1080,0.393,1230.5,690.2
Round3,Q4,161,161.0,EMIRATES,0.8977,1010.8,683.6,154.3,60.3,1920,1080,0.449,1088.0,713.8
Round3,Q4,161,161.0,EMIRATES,0.8259,1235.0,637.3,100.3,56.4,1920,1080,0.273,1285.1,665.5
Round3,Q4,162,162.0,EMIRATES,0.8865,1063.0,737.9,162.0,65.1,1920,1080,0.508,1144.0,770.4
Round3,Q4,163,163.0,EMIRATES,0.8009,1258.7,640.6,20.4,105.9,1920,1080,0.104,1268.8,693.5
Round3,Q4,163,163.0,EMIRATES,0.7906,787.2,639.5,18.7,105.7,1920,1080,0.096,796.6,692.3
Round3,Q4,163,163.0,EMIRATES,0.7762,315.0,638.2,20.0,105.5,1920,1080,0.102,325.0,690.9
Round3,Q4,163,163.0,EMIRATES,0.7695,1734.0,642.4,17.7,110.8,1920,1080,0.095,1742.9,697.9
Round3,Q4,163,163.0,EMIRATES,0.6182,1763.8,881.0,19.1,8.7,1920,1080,0.008,1773.4,885.4
Round3,Q4,163,163.0,EMIRATES,0.5882,313.9,547.4,20.6,87.6,1920,1080,0.087,324.2,591.2
Round3,Q4,163,163.0,EMIRATES,0.5149,1257.6,548.4,21.0,84.2,1920,1080,0.085,1268.1,590.5
Round3,Q4,164,164.0,EMIRATES,0.4152,375.9,666.3,22.7,170.3,1920,1080,0.186,387.2,751.5
Round3,Q4,164,164.0,EMIRATES,0.3235,1187.1,741.5,18.9,95.5,1920,1080,0.087,1196.6,789.2
Round3,Q4,165,165.0,EMIRATES,0.6914,1817.4,963.8,26.0,109.6,1920,1080,0.137,1830.4,1018.6
Round3,Q4,165,165.0,EMIRATES,0.5695,1352.5,957.3,25.2,122.7,1920,1080,0.149,1365.1,1018.6
Round3,Q4,165,165.0,EMIRATES,0.4569,435.3,957.5,22.6,105.0,1920,1080,0.115,446.6,1010.0
Round3,Q4,166,166.0,EMIRATES,0.7987,1660.4,922.0,44.7,158.0,1920,1080,0.34,1682.7,1001.0
Round3,Q4,166,166.0,EMIRATES,0.7588,27.3,925.8,43.0,154.2,1920,1080,0.319,48.8,1002.9
Round3,Q4,167,167.0,EMIRATES,0.8923,895.9,694.1,180.8,59.9,1920,1080,0.522,986.3,724.0
Round3,Q4,169,169.0,EMIRATES,0.8782,0.0,857.8,236.7,84.5,1920,1080,0.965,118.3,900.0
Round3,Q4,170,170.0,EMIRATES,0.9012,853.2,570.9,254.7,87.7,1920,1080,1.077,980.6,614.8
Round3,Q4,170,170.0,EMIRATES,0.7962,1516.6,671.8,326.2,74.4,1920,1080,1.171,1679.7,709.0
Round3,Q4,171,171.0,EMIRATES,0.8672,424.5,689.2,310.8,116.9,1920,1080,1.752,579.9,747.6
Round3,Q4,171,171.0,EMIRATES,0.8165,1606.1,772.9,92.1,77.7,1920,1080,0.345,1652.2,811.7
Round3,Q4,171,171.0,EMIRATES,0.7561,1215.3,514.4,113.6,72.3,1920,1080,0.396,1272.1,550.6
Round3,Q4,172,172.0,EMIRATES,0.7324,0.0,529.3,43.5,79.0,1920,1080,0.166,21.7,568.8
Round3,Q4,173,173.0,EMIRATES,0.8866,1520.8,715.5,316.2,84.0,1920,1080,1.281,1679.0,757.5
Round3,Q4,173,173.0,EMIRATES,0.7337,848.7,700.1,161.0,73.8,1920,1080,0.573,929.2,737.0
Round3,Q4,174,174.0,EMIRATES,0.9015,68.6,497.5,276.1,71.5,1920,1080,0.953,206.7,533.3
Round3,Q4,174,174.0,EMIRATES,0.9003,416.9,681.9,293.1,69.9,1920,1080,0.988,563.5,716.9
Round3,Q4,174,174.0,EMIRATES,0.8705,954.4,812.9,226.8,82.8,1920,1080,0.905,1067.8,854.3
Round3,Q4,175,175.0,EMIRATES,0.8912,1170.1,453.6,292.0,127.3,1920,1080,1.792,1316.1,517.2
Round3,Q4,175,175.0,EMIRATES,0.885,1481.6,618.3,313.1,73.7,1920,1080,1.113,1638.2,655.2
Round3,Q4,175,175.0,EMIRATES,0.8232,0.0,836.8,311.8,70.6,1920,1080,1.062,155.9,872.2
Round3,Q4,176,176.0,EMIRATES,0.8864,1735.2,642.5,142.8,59.8,1920,1080,0.412,1806.6,672.4
Round3,Q4,176,176.0,EMIRATES,0.8821,143.0,764.3,141.4,108.6,1920,1080,0.741,213.7,818.6
Round3,Q4,176,176.0,EMIRATES,0.7394,974.5,560.0,47.5,59.1,1920,1080,0.135,998.3,589.6
Round3,Q4,177,177.0,EMIRATES,0.8804,1659.4,869.0,187.4,69.1,1920,1080,0.625,1753.1,903.6
Round3,Q4,177,177.0,EMIRATES,0.8558,388.5,625.4,80.2,86.3,1920,1080,0.334,428.6,668.5
Round3,Q4,178,178.0,EMIRATES,0.8918,1107.8,472.2,172.2,65.8,1920,1080,0.547,1193.9,505.1
Round3,Q4,179,179.0,EMIRATES,0.8052,0.0,710.2,58.8,64.9,1920,1080,0.184,29.4,742.6
Round3,Q4,180,180.0,EMIRATES,0.8983,98.7,697.3,147.0,69.2,1920,1080,0.491,172.2,731.9
Round3,Q4,180,180.0,EMIRATES,0.896,993.6,459.8,192.2,67.7,1920,1080,0.627,1089.7,493.7
Round3,Q4,180,180.0,EMIRATES,0.8153,1861.6,816.8,58.2,72.5,1920,1080,0.204,1890.7,853.0
Round3,Q4,181,181.0,EMIRATES,0.8893,1373.5,488.0,143.8,69.1,1920,1080,0.48,1445.4,522.5
Round3,Q4,181,181.0,EMIRATES,0.8757,572.5,714.8,116.3,79.0,1920,1080,0.443,630.6,754.3
Round3,Q4,182,182.0,EMIRATES,0.782,1214.5,461.2,69.3,79.2,1920,1080,0.265,1249.2,500.8
Round3,Q4,183,183.0,EMIRATES,0.89,1076.6,565.7,184.7,56.7,1920,1080,0.505,1169.0,594.1
Round3,Q4,183,183.0,EMIRATES,0.7791,798.7,849.0,53.1,70.6,1920,1080,0.181,825.3,884.3
Round3,Q4,183,183.0,EMIRATES,0.5247,1865.9,804.7,53.9,71.7,1920,1080,0.186,1892.9,840.5
Round3,Q4,184,184.0,EMIRATES,0.8946,1295.8,829.8,200.9,61.5,1920,1080,0.596,1396.2,860.6
Round3,Q4,185,185.0,EMIRATES,0.8072,0.0,732.1,46.2,54.2,1920,1080,0.121,23.1,759.2
Round3,Q4,186,186.0,EMIRATES,0.8894,456.5,721.6,67.0,45.8,1920,1080,0.148,490.0,744.5
Round3,Q4,187,187.0,EMIRATES,0.9111,1016.3,509.4,68.8,51.8,1920,1080,0.172,1050.7,535.3
Round3,Q4,187,187.0,EMIRATES,0.8346,860.4,698.0,50.0,55.9,1920,1080,0.135,885.4,725.9
Round3,Q4,188,188.0,EMIRATES,0.6791,914.9,645.5,74.5,99.3,1920,1080,0.357,952.1,695.2
Round3,Q4,189,189.0,EMIRATES,0.914,953.3,570.8,93.3,60.4,1920,1080,0.272,999.9,601.0
Round3,Q4,189,189.0,EMIRATES,0.8846,1340.1,718.1,200.5,88.5,1920,1080,0.856,1440.3,762.4
Round3,Q4,190,190.0,EMIRATES,0.876,1107.1,383.7,106.8,86.3,1920,1080,0.445,1160.5,426.8
Round3,Q4,191,191.0,EMIRATES,0.8785,875.4,406.1,127.2,66.2,1920,1080,0.406,939.0,439.2
Round3,Q4,192,192.0,EMIRATES,0.8638,1165.7,416.6,127.7,65.8,1920,1080,0.405,1229.6,449.4
Round3,Q4,193,193.0,EMIRATES,0.8864,1310.0,499.0,154.6,63.6,1920,1080,0.474,1387.3,530.8
Round3,Q4,194,194.0,EMIRATES,0.8947,1057.4,446.5,173.8,63.2,1920,1080,0.529,1144.3,478.1
Round3,Q4,195,195.0,EMIRATES,0.8916,965.1,389.3,172.0,57.7,1920,1080,0.478,1051.1,418.1
Round3,Q4,196,196.0,EMIRATES,0.8953,949.4,338.2,179.8,56.3,1920,1080,0.488,1039.3,366.4
Round3,Q4,197,197.0,EMIRATES,0.8939,1257.7,476.6,135.3,57.1,1920,1080,0.373,1325.4,505.2
Round3,Q4,198,198.0,EMIRATES,0.8869,1064.6,470.0,117.6,62.3,1920,1080,0.353,1123.4,501.1
Round3,Q4,198,198.0,EMIRATES,0.4075,850.8,903.2,116.3,62.1,1920,1080,0.348,908.9,934.3
Round3,Q4,199,199.0,EMIRATES,0.915,868.1,537.1,119.9,47.3,1920,1080,0.274,928.0,560.8
Round3,Q4,200,200.0,EMIRATES,0.8903,1033.6,522.8,81.7,46.6,1920,1080,0.183,1074.5,546.1
Round3,Q4,201,201.0,EMIRATES,0.9134,985.9,542.9,83.7,47.9,1920,1080,0.193,1027.8,566.9
Round3,Q4,202,202.0,EMIRATES,0.9185,1225.3,566.5,91.7,49.2,1920,1080,0.218,1271.2,591.1
Round3,Q4,203,203.0,EMIRATES,0.9136,1088.2,508.5,113.5,54.5,1920,1080,0.298,1144.9,535.7
Round3,Q4,204,204.0,EMIRATES,0.5492,1640.3,116.7,155.4,14.0,1920,1080,0.105,1718.0,123.7
Round3,Q4,214,214.0,EMIRATES,0.3597,19.1,557.7,19.3,8.5,1920,1080,0.008,28.7,562.0
Round3,Q4,215,215.0,EMIRATES,0.8013,83.7,539.8,26.1,10.9,1920,1080,0.014,96.8,545.2
Round3,Q4,215,215.0,EMIRATES,0.4483,1260.2,502.9,26.9,9.2,1920,1080,0.012,1273.7,507.5
Round3,Q4,222,222.0,EMIRATES,0.4673,1399.4,553.1,17.0,8.6,1920,1080,0.007,1407.9,557.4
Round3,Q4,222,222.0,EMIRATES,0.4211,820.7,594.0,14.5,9.2,1920,1080,0.006,828.0,598.6
Round3,Q4,223,223.0,EMIRATES,0.851,146.6,427.2,36.5,11.5,1920,1080,0.02,164.8,433.0
Round3,Q4,224,224.0,EMIRATES,0.8579,350.5,230.4,51.1,17.8,1920,1080,0.044,376.0,239.3
Round3,Q4,225,225.0,EMIRATES,0.8634,594.2,429.3,45.6,16.8,1920,1080,0.037,617.0,437.7
Round3,Q4,225,225.0,EMIRATES,0.7348,373.6,156.0,55.2,16.1,1920,1080,0.043,401.2,164.1
Round3,Q4,227,227.0,EMIRATES,0.5296,680.1,415.4,19.1,17.0,1920,1080,0.016,689.7,423.9
Round3,Q4,231,231.0,EMIRATES,0.7183,672.5,304.4,11.5,52.8,1920,1080,0.029,678.3,330.8
Round3,Q4,231,231.0,EMIRATES,0.6568,998.4,344.9,11.9,57.8,1920,1080,0.033,1004.4,373.9
Round3,Q4,231,231.0,EMIRATES,0.5864,672.9,261.4,11.7,38.1,1920,1080,0.022,678.8,280.4
Round3,Q4,231,231.0,EMIRATES,0.5155,830.4,327.2,11.1,51.4,1920,1080,0.028,836.0,352.9
Round3,Q4,231,231.0,EMIRATES,0.4926,524.5,243.5,11.3,39.8,1920,1080,0.022,530.2,263.4
Round3,Q4,231,231.0,EMIRATES,0.4766,525.4,287.7,10.4,49.5,1920,1080,0.025,530.6,312.4
Round3,Q4,232,232.0,EMIRATES,0.4755,803.3,380.7,11.1,46.1,1920,1080,0.025,808.9,403.8
Round3,Q4,232,232.0,EMIRATES,0.4246,941.4,400.4,11.2,46.0,1920,1080,0.025,947.0,423.4
Round3,Q4,232,232.0,EMIRATES,0.3578,675.4,327.3,10.6,35.0,1920,1080,0.018,680.7,344.8
Round3,Q4,232,232.0,EMIRATES,0.3446,941.9,359.3,11.2,34.5,1920,1080,0.019,947.5,376.6
Round3,Q4,233,233.0,EMIRATES,0.3396,913.0,423.4,10.1,44.6,1920,1080,0.022,918.1,445.7
Round3,Q4,234,234.0,EMIRATES,0.8531,1181.9,346.5,34.5,20.7,1920,1080,0.034,1199.2,356.9
Round3,Q4,235,235.0,EMIRATES,0.8925,1034.9,283.5,32.9,19.7,1920,1080,0.031,1051.4,293.3
Round3,Q4,236,236.0,EMIRATES,0.7774,929.8,491.5,11.0,55.1,1920,1080,0.029,935.3,519.0
Round3,Q4,236,236.0,EMIRATES,0.7573,595.0,448.4,11.4,52.0,1920,1080,0.029,600.7,474.4
Round3,Q4,236,236.0,EMIRATES,0.6356,756.2,468.8,11.7,53.0,1920,1080,0.03,762.1,495.3
Round3,Q4,236,236.0,EMIRATES,0.5038,594.6,402.6,11.7,42.2,1920,1080,0.024,600.4,423.7
Round3,Q4,236,236.0,EMIRATES,0.3849,931.0,441.4,11.1,44.5,1920,1080,0.024,936.6,463.6
Round3,Q4,237,237.0,EMIRATES,0.9092,1039.3,441.1,102.2,32.5,1920,1080,0.16,1090.4,457.3
Round3,Q4,238,238.0,EMIRATES,0.894,936.4,465.8,106.6,32.1,1920,1080,0.165,989.7,481.8
Round3,Q4,239,239.0,EMIRATES,0.8951,665.0,508.4,82.2,42.0,1920,1080,0.167,706.1,529.4
Round3,Q4,244,244.0,EMIRATES,0.8632,926.3,389.2,136.9,67.7,1920,1080,0.447,994.8,423.0
Round3,Q4,245,245.0,EMIRATES,0.8668,926.6,311.9,151.5,64.2,1920,1080,0.469,1002.3,343.9
Round3,Q4,246,246.0,EMIRATES,0.8107,928.4,182.0,98.9,59.1,1920,1080,0.282,977.8,211.5
Round3,Q4,247,247.0,EMIRATES,0.8923,962.1,575.8,120.1,55.0,1920,1080,0.318,1022.1,603.3
Round3,Q4,248,248.0,EMIRATES,0.9152,1072.9,590.0,133.3,48.6,1920,1080,0.313,1139.6,614.3
Round3,Q4,249,249.0,EMIRATES,0.9121,1069.4,590.7,111.2,48.5,1920,1080,0.26,1125.0,615.0
Round3,Q4,250,250.0,EMIRATES,0.9016,934.3,591.2,106.4,53.0,1920,1080,0.272,987.5,617.7
Round3,Q4,251,251.0,EMIRATES,0.9247,1075.2,594.9,126.3,49.9,1920,1080,0.304,1138.3,619.9
Round3,Q4,252,252.0,EMIRATES,0.9268,1014.4,575.0,138.4,45.5,1920,1080,0.303,1083.6,597.7
Round3,Q4,253,253.0,EMIRATES,0.9174,948.3,551.9,131.8,47.9,1920,1080,0.305,1014.2,575.9
Round3,Q4,254,254.0,EMIRATES,0.9131,1078.0,655.9,138.2,56.7,1920,1080,0.378,1147.1,684.2
Round3,Q4,255,255.0,EMIRATES,0.9121,905.7,666.8,128.0,50.7,1920,1080,0.313,969.8,692.2
Round3,Q4,256,256.0,EMIRATES,0.9148,978.3,583.4,128.9,57.6,1920,1080,0.358,1042.7,612.2
Round3,Q4,257,257.0,EMIRATES,0.9078,1175.5,667.8,127.4,59.5,1920,1080,0.365,1239.2,697.6
Round3,Q4,258,258.0,EMIRATES,0.9197,1076.8,685.4,136.3,60.7,1920,1080,0.399,1144.9,715.8
Round3,Q4,259,259.0,EMIRATES,0.8942,1047.4,728.4,120.1,62.8,1920,1080,0.364,1107.5,759.8
Round3,Q4,260,260.0,EMIRATES,0.3657,1756.7,174.8,17.2,110.8,1920,1080,0.092,1765.3,230.2
Round3,Q4,260,260.0,EMIRATES,0.325,552.1,653.9,22.0,7.9,1920,1080,0.008,563.1,657.9
Round3,Q4,264,264.0,EMIRATES,0.8697,1141.6,645.1,47.8,23.4,1920,1080,0.054,1165.5,656.8
Round3,Q4,264,264.0,EMIRATES,0.8577,1787.9,620.8,72.3,340.5,1920,1080,1.187,1824.0,791.0
Round3,Q4,264,264.0,EMIRATES,0.7095,777.6,712.3,52.2,116.3,1920,1080,0.293,803.7,770.5
Round3,Q4,264,264.0,EMIRATES,0.5537,1788.1,287.7,75.5,311.3,1920,1080,1.134,1825.8,443.4
Round3,Q4,264,264.0,EMIRATES,0.5226,773.4,192.7,66.7,266.9,1920,1080,0.858,806.8,326.1
Round3,Q4,265,265.0,EMIRATES,0.8172,1322.2,494.8,59.8,332.4,1920,1080,0.958,1352.1,661.0
Round3,Q4,265,265.0,EMIRATES,0.7597,323.3,73.9,51.3,193.2,1920,1080,0.478,349.0,170.5
Round3,Q4,265,265.0,EMIRATES,0.7276,1320.9,173.2,51.3,200.3,1920,1080,0.495,1346.6,273.4
Round3,Q4,266,266.0,EMIRATES,0.8683,709.5,360.2,73.2,365.4,1920,1080,1.29,746.1,542.9
Round3,Q4,266,266.0,EMIRATES,0.8574,1825.6,479.2,85.2,390.2,1920,1080,1.603,1868.2,674.3
Round3,Q4,266,266.0,EMIRATES,0.7666,1822.6,120.4,83.6,239.4,1920,1080,0.965,1864.4,240.0
Round3,Q4,266,266.0,EMIRATES,0.7528,903.1,312.4,32.0,19.9,1920,1080,0.031,919.1,322.3
Round3,Q4,266,266.0,EMIRATES,0.7466,703.6,15.8,74.4,315.3,1920,1080,1.131,740.8,173.4
Round3,Q4,267,267.0,EMIRATES,0.869,932.2,569.7,165.9,66.8,1920,1080,0.535,1015.1,603.1
Round3,Q4,268,268.0,EMIRATES,0.8819,958.3,696.9,178.0,65.8,1920,1080,0.565,1047.3,729.8
Round3,Q4,269,269.0,EMIRATES,0.4915,157.8,227.6,37.3,12.6,1920,1080,0.023,176.5,233.9
Round3,Q4,269,269.0,EMIRATES,0.4465,355.6,214.2,39.2,12.2,1920,1080,0.023,375.2,220.3
Round3,Q4,269,269.0,EMIRATES,0.4261,1882.6,260.5,37.4,23.6,1920,1080,0.043,1901.3,272.2
Round3,Q4,269,269.0,EMIRATES,0.3715,566.3,206.2,36.6,11.0,1920,1080,0.019,584.6,211.7
Round3,Q4,270,270.0,EMIRATES,0.7691,121.6,228.7,36.3,12.4,1920,1080,0.022,139.8,235.0
Round3,Q4,270,270.0,EMIRATES,0.6984,588.3,203.7,37.1,10.7,1920,1080,0.019,606.8,209.0
Round3,Q4,270,270.0,EMIRATES,0.6623,318.1,215.9,37.0,11.2,1920,1080,0.02,336.6,221.5
Round3,Q4,270,270.0,EMIRATES,0.576,913.6,199.6,35.9,11.3,1920,1080,0.02,931.6,205.2
Round3,Q4,270,270.0,EMIRATES,0.5718,1459.5,223.6,33.4,15.2,1920,1080,0.025,1476.1,231.2
Round3,Q4,270,270.0,EMIRATES,0.513,1519.5,228.3,35.4,16.2,1920,1080,0.028,1537.3,236.4
Round3,Q4,270,270.0,EMIRATES,0.4033,524.2,206.5,35.0,10.8,1920,1080,0.018,541.7,211.9
Round3,Q4,270,270.0,EMIRATES,0.3901,1787.3,256.7,43.4,20.8,1920,1080,0.044,1809.0,267.1
Round3,Q4,270,270.0,EMIRATES,0.3378,1715.9,248.9,38.8,18.2,1920,1080,0.034,1735.3,258.0
Round3,Q4,270,270.0,EMIRATES,0.3024,1581.9,234.6,36.1,16.8,1920,1080,0.029,1599.9,243.0
Round3,Q4,271,271.0,EMIRATES,0.6542,284.6,223.3,32.5,11.3,1920,1080,0.018,300.8,228.9
Round3,Q4,271,271.0,EMIRATES,0.5642,1530.1,229.6,32.2,13.7,1920,1080,0.021,1546.2,236.4
Round3,Q4,271,271.0,EMIRATES,0.4581,634.9,206.0,32.0,9.6,1920,1080,0.015,650.8,210.9
Round3,Q4,271,271.0,EMIRATES,0.4176,692.8,204.1,32.3,9.7,1920,1080,0.015,709.0,208.9
Round3,Q4,271,271.0,EMIRATES,0.3296,1157.2,206.2,31.0,10.9,1920,1080,0.016,1172.7,211.6
Round3,Q4,271,271.0,EMIRATES,0.326,1475.5,225.0,29.8,14.2,1920,1080,0.02,1490.4,232.1
Round3,Q4,271,271.0,EMIRATES,0.3245,456.3,212.8,30.6,10.1,1920,1080,0.015,471.6,217.9
Round3,Q4,272,272.0,EMIRATES,0.7299,343.2,246.5,32.2,11.8,1920,1080,0.018,359.3,252.4
Round3,Q4,272,272.0,EMIRATES,0.6123,760.6,230.6,33.9,10.0,1920,1080,0.016,777.6,235.6
Round3,Q4,272,272.0,EMIRATES,0.5996,1647.1,257.8,35.8,15.1,1920,1080,0.026,1665.0,265.3
Round3,Q4,272,272.0,EMIRATES,0.5082,518.9,237.6,31.0,10.5,1920,1080,0.016,534.4,242.8
Round3,Q4,272,272.0,EMIRATES,0.5072,700.2,231.9,33.9,10.5,1920,1080,0.017,717.2,237.1
Round3,Q4,272,272.0,EMIRATES,0.4672,458.3,240.2,33.9,10.8,1920,1080,0.018,475.3,245.6
Round3,Q4,272,272.0,EMIRATES,0.4443,1059.9,229.9,33.4,10.4,1920,1080,0.017,1076.6,235.1
Round3,Q4,272,272.0,EMIRATES,0.4355,1586.0,253.3,33.5,15.4,1920,1080,0.025,1602.8,260.9
Round3,Q4,272,272.0,EMIRATES,0.3959,1243.0,233.9,33.6,11.4,1920,1080,0.018,1259.7,239.6
Round3,Q4,272,272.0,EMIRATES,0.3518,1469.7,245.7,32.7,12.6,1920,1080,0.02,1486.1,252.1
Round3,Q4,273,273.0,EMIRATES,0.7712,352.1,270.6,33.6,12.0,1920,1080,0.019,368.9,276.6
Round3,Q4,273,273.0,EMIRATES,0.7275,731.6,257.6,36.3,10.9,1920,1080,0.019,749.8,263.1
Round3,Q4,273,273.0,EMIRATES,0.6818,537.5,262.3,33.7,10.9,1920,1080,0.018,554.3,267.7
Round3,Q4,273,273.0,EMIRATES,0.6723,1694.2,279.5,38.1,15.5,1920,1080,0.028,1713.2,287.3
Round3,Q4,273,273.0,EMIRATES,0.5211,796.4,256.1,35.7,10.8,1920,1080,0.019,814.3,261.5
Round3,Q4,273,273.0,EMIRATES,0.4647,1503.4,268.2,33.5,13.6,1920,1080,0.022,1520.2,275.0
Round3,Q4,273,273.0,EMIRATES,0.3516,1116.3,256.4,34.7,10.8,1920,1080,0.018,1133.6,261.8
Round3,Q4,273,273.0,EMIRATES,0.3173,1050.1,255.9,37.0,10.8,1920,1080,0.019,1068.6,261.3
Round3,Q4,274,274.0,EMIRATES,0.8178,741.0,268.8,39.4,11.8,1920,1080,0.023,760.7,274.7
Round3,Q4,274,274.0,EMIRATES,0.8177,322.7,281.5,38.4,12.9,1920,1080,0.024,341.8,288.0
Round3,Q4,274,274.0,EMIRATES,0.7733,528.0,273.4,37.3,11.9,1920,1080,0.021,546.7,279.3
Round3,Q4,274,274.0,EMIRATES,0.6737,810.0,267.4,40.1,11.4,1920,1080,0.022,830.0,273.1
Round3,Q4,274,274.0,EMIRATES,0.6493,458.9,275.5,39.8,12.3,1920,1080,0.024,478.8,281.7
Round3,Q4,274,274.0,EMIRATES,0.6281,1162.5,268.3,37.7,11.7,1920,1080,0.021,1181.4,274.2
Round3,Q4,274,274.0,EMIRATES,0.6249,1088.6,266.9,41.5,11.8,1920,1080,0.024,1109.4,272.8
Round3,Q4,274,274.0,EMIRATES,0.5928,669.4,269.2,41.3,12.3,1920,1080,0.024,690.0,275.4
Round3,Q4,274,274.0,EMIRATES,0.5769,1594.7,280.2,38.7,13.6,1920,1080,0.025,1614.0,287.0
Round3,Q4,274,274.0,EMIRATES,0.5758,1381.2,272.8,39.7,12.1,1920,1080,0.023,1401.0,278.8
Round3,Q4,274,274.0,EMIRATES,0.5235,1665.4,282.8,40.3,15.3,1920,1080,0.03,1685.6,290.4
Round3,Q4,275,275.0,EMIRATES,0.848,724.1,276.4,43.0,11.8,1920,1080,0.024,745.6,282.2
Round3,Q4,275,275.0,EMIRATES,0.8156,271.2,288.6,41.9,13.9,1920,1080,0.028,292.2,295.5
Round3,Q4,275,275.0,EMIRATES,0.8133,495.3,280.9,39.5,12.4,1920,1080,0.024,515.0,287.1
Round3,Q4,275,275.0,EMIRATES,0.7537,1100.4,274.9,42.4,11.7,1920,1080,0.024,1121.6,280.7
Round3,Q4,275,275.0,EMIRATES,0.7457,799.9,275.5,41.7,11.4,1920,1080,0.023,820.8,281.3
Round3,Q4,275,275.0,EMIRATES,0.7313,193.3,291.6,46.3,14.6,1920,1080,0.033,216.5,298.9
Round3,Q4,275,275.0,EMIRATES,0.7274,647.9,276.5,44.3,12.8,1920,1080,0.027,670.0,282.9
Round3,Q4,275,275.0,EMIRATES,0.7265,1413.0,279.8,44.8,13.3,1920,1080,0.029,1435.3,286.4
Round3,Q4,275,275.0,EMIRATES,0.7172,1024.6,274.8,42.2,11.9,1920,1080,0.024,1045.7,280.7
Round3,Q4,275,275.0,EMIRATES,0.692,1647.9,286.8,41.5,14.2,1920,1080,0.028,1668.7,293.9
Round3,Q4,275,275.0,EMIRATES,0.6803,1176.1,275.4,42.9,11.7,1920,1080,0.024,1197.6,281.2
Round3,Q4,275,275.0,EMIRATES,0.6559,419.3,282.4,43.3,13.2,1920,1080,0.028,441.0,289.0
Round3,Q4,275,275.0,EMIRATES,0.3861,1724.5,289.4,46.5,15.8,1920,1080,0.036,1747.7,297.3
Round3,Q4,275,275.0,EMIRATES,0.3152,875.2,274.8,41.3,11.6,1920,1080,0.023,895.9,280.6
Round3,Q4,276,276.0,EMIRATES,0.8676,238.4,291.5,42.2,13.6,1920,1080,0.028,259.5,298.3
Round3,Q4,276,276.0,EMIRATES,0.8326,708.5,278.7,43.3,12.2,1920,1080,0.025,730.1,284.8
Round3,Q4,276,276.0,EMIRATES,0.8315,1094.3,277.2,43.1,12.2,1920,1080,0.025,1115.9,283.3
Round3,Q4,276,276.0,EMIRATES,0.8149,470.7,282.9,40.4,12.6,1920,1080,0.024,490.9,289.2
Round3,Q4,276,276.0,EMIRATES,0.8143,784.9,277.8,43.8,12.0,1920,1080,0.025,806.8,283.9
Round3,Q4,276,276.0,EMIRATES,0.8043,1014.4,276.5,45.7,12.5,1920,1080,0.027,1037.3,282.7
Round3,Q4,276,276.0,EMIRATES,0.79,1416.5,281.8,45.3,13.3,1920,1080,0.029,1439.2,288.4
Round3,Q4,276,276.0,EMIRATES,0.7781,1172.4,277.9,42.6,11.9,1920,1080,0.024,1193.7,283.8
Round3,Q4,276,276.0,EMIRATES,0.7644,1656.7,288.6,45.3,14.6,1920,1080,0.032,1679.4,295.9
Round3,Q4,276,276.0,EMIRATES,0.7307,1736.7,291.1,48.5,16.4,1920,1080,0.038,1760.9,299.3
Round3,Q4,276,276.0,EMIRATES,0.7124,628.9,278.6,45.8,13.6,1920,1080,0.03,651.8,285.4
Round3,Q4,276,276.0,EMIRATES,0.7105,861.5,276.7,43.6,11.9,1920,1080,0.025,883.3,282.7
Round3,Q4,276,276.0,EMIRATES,0.7095,392.1,285.8,44.2,13.1,1920,1080,0.028,414.1,292.3
Round3,Q4,276,276.0,EMIRATES,0.6616,1127.5,221.9,36.4,10.6,1920,1080,0.019,1145.7,227.2
Round3,Q4,276,276.0,EMIRATES,0.6339,1623.9,221.0,42.4,12.6,1920,1080,0.026,1645.1,227.3
Round3,Q4,276,276.0,EMIRATES,0.5886,1330.3,280.8,48.1,12.2,1920,1080,0.028,1354.3,286.9
Round3,Q4,276,276.0,EMIRATES,0.5551,941.8,276.5,39.8,12.1,1920,1080,0.023,961.7,282.6
Round3,Q4,276,276.0,EMIRATES,0.5005,508.9,223.1,34.7,11.2,1920,1080,0.019,526.3,228.8
Round3,Q4,276,276.0,EMIRATES,0.4917,143.1,222.4,42.6,13.3,1920,1080,0.027,164.4,229.0
Round3,Q4,276,276.0,EMIRATES,0.4912,155.9,293.5,48.5,15.1,1920,1080,0.035,180.2,301.1
Round3,Q4,276,276.0,EMIRATES,0.4653,1702.2,220.4,44.5,13.4,1920,1080,0.029,1724.5,227.1
Round3,Q4,276,276.0,EMIRATES,0.3584,442.4,223.4,36.7,11.4,1920,1080,0.02,460.8,229.1
Round3,Q4,276,276.0,EMIRATES,0.354,1405.4,222.5,39.5,11.5,1920,1080,0.022,1425.2,228.3
Round3,Q4,276,276.0,EMIRATES,0.3071,214.8,223.0,38.4,12.3,1920,1080,0.023,234.0,229.1
Round3,Q4,277,277.0,EMIRATES,0.8245,479.9,290.1,40.7,12.1,1920,1080,0.024,500.2,296.2
Round3,Q4,277,277.0,EMIRATES,0.8227,249.0,297.9,42.3,13.8,1920,1080,0.028,270.1,304.8
Round3,Q4,277,277.0,EMIRATES,0.7724,403.3,291.6,44.8,13.9,1920,1080,0.03,425.7,298.5
Round3,Q4,277,277.0,EMIRATES,0.769,794.3,284.6,42.8,12.0,1920,1080,0.025,815.7,290.6
Round3,Q4,277,277.0,EMIRATES,0.7595,718.5,285.8,40.8,11.5,1920,1080,0.023,738.9,291.6
Round3,Q4,277,277.0,EMIRATES,0.7567,638.9,285.9,44.3,13.1,1920,1080,0.028,661.0,292.4
Round3,Q4,277,277.0,EMIRATES,0.747,1425.4,288.9,45.3,13.1,1920,1080,0.029,1448.1,295.4
Round3,Q4,277,277.0,EMIRATES,0.7409,1667.4,295.6,44.3,14.6,1920,1080,0.031,1689.6,302.9
Round3,Q4,277,277.0,EMIRATES,0.7342,1103.6,283.9,43.5,12.0,1920,1080,0.025,1125.3,289.9
Round3,Q4,277,277.0,EMIRATES,0.7243,1181.2,284.7,43.4,11.9,1920,1080,0.025,1202.9,290.6
Round3,Q4,277,277.0,EMIRATES,0.6707,1024.5,283.2,45.1,12.3,1920,1080,0.027,1047.0,289.4
Round3,Q4,277,277.0,EMIRATES,0.648,870.1,283.4,44.7,12.4,1920,1080,0.027,892.4,289.5
Round3,Q4,277,277.0,EMIRATES,0.5792,1261.7,286.1,43.3,12.7,1920,1080,0.027,1283.4,292.5
Round3,Q4,277,277.0,EMIRATES,0.4929,1748.3,298.4,40.0,15.6,1920,1080,0.03,1768.3,306.1
Round3,Q4,277,277.0,EMIRATES,0.4588,320.5,295.0,48.8,13.7,1920,1080,0.032,344.9,301.8
Round3,Q4,277,277.0,EMIRATES,0.4015,1632.9,228.2,43.7,12.1,1920,1080,0.026,1654.8,234.2
Round3,Q4,277,277.0,EMIRATES,0.3876,165.8,301.0,50.6,14.8,1920,1080,0.036,191.1,308.4
Round3,Q4,277,277.0,EMIRATES,0.3684,950.5,283.3,41.0,12.3,1920,1080,0.024,971.0,289.4
Round3,Q4,277,277.0,EMIRATES,0.3433,1586.4,293.0,44.2,13.6,1920,1080,0.029,1608.4,299.8
Round3,Q4,277,277.0,EMIRATES,0.3213,1413.6,229.1,40.6,10.8,1920,1080,0.021,1433.9,234.5
Round3,Q4,278,278.0,EMIRATES,0.853,245.7,303.2,41.7,13.9,1920,1080,0.028,266.5,310.1
Round3,Q4,278,278.0,EMIRATES,0.8119,1404.5,293.4,45.4,13.6,1920,1080,0.03,1427.2,300.2
Round3,Q4,278,278.0,EMIRATES,0.81,473.3,294.5,41.5,12.8,1920,1080,0.026,494.1,300.9
Round3,Q4,278,278.0,EMIRATES,0.7966,1088.1,289.0,43.3,12.0,1920,1080,0.025,1109.8,294.9
Round3,Q4,278,278.0,EMIRATES,0.7802,783.8,289.7,42.3,11.8,1920,1080,0.024,805.0,295.6
Round3,Q4,278,278.0,EMIRATES,0.7428,708.8,290.9,41.8,11.3,1920,1080,0.023,729.7,296.6
Round3,Q4,278,278.0,EMIRATES,0.7233,1012.0,288.7,42.1,11.7,1920,1080,0.024,1033.1,294.5
Round3,Q4,278,278.0,EMIRATES,0.7022,397.6,296.7,44.4,13.9,1920,1080,0.03,419.8,303.7
Round3,Q4,278,278.0,EMIRATES,0.7008,628.9,290.3,46.8,13.2,1920,1080,0.03,652.3,296.9
Round3,Q4,278,278.0,EMIRATES,0.693,1165.7,289.7,42.7,12.2,1920,1080,0.025,1187.1,295.8
Round3,Q4,278,278.0,EMIRATES,0.6851,1719.4,303.5,45.9,15.4,1920,1080,0.034,1742.3,311.2
Round3,Q4,278,278.0,EMIRATES,0.6845,1641.5,300.8,43.5,14.5,1920,1080,0.03,1663.2,308.0
Round3,Q4,278,278.0,EMIRATES,0.5848,1608.0,234.4,41.9,12.2,1920,1080,0.025,1628.9,240.4
Round3,Q4,278,278.0,EMIRATES,0.5834,860.2,288.8,42.4,11.7,1920,1080,0.024,881.4,294.7
Round3,Q4,278,278.0,EMIRATES,0.4269,447.3,236.3,36.1,11.1,1920,1080,0.019,465.3,241.9
Round3,Q4,278,278.0,EMIRATES,0.4068,316.6,300.0,47.0,13.9,1920,1080,0.031,340.1,307.0
Round3,Q4,278,278.0,EMIRATES,0.3811,1481.2,295.5,45.3,13.7,1920,1080,0.03,1503.9,302.3
Round3,Q4,278,278.0,EMIRATES,0.3743,1683.9,234.0,43.9,13.4,1920,1080,0.028,1705.9,240.6
Round3,Q4,278,278.0,EMIRATES,0.3336,1394.2,235.5,38.9,10.5,1920,1080,0.02,1413.7,240.7
Round3,Q4,278,278.0,EMIRATES,0.3111,938.1,288.9,39.5,11.1,1920,1080,0.021,957.9,294.5
Round3,Q4,279,279.0,EMIRATES,0.7104,300.0,297.4,40.4,13.8,1920,1080,0.027,320.2,304.3
Round3,Q4,279,279.0,EMIRATES,0.6697,617.5,292.0,42.5,12.1,1920,1080,0.025,638.7,298.0
Round3,Q4,279,279.0,EMIRATES,0.6118,542.4,292.9,40.3,12.5,1920,1080,0.024,562.5,299.2
Round3,Q4,279,279.0,EMIRATES,0.5595,218.2,299.8,46.8,14.1,1920,1080,0.032,241.6,306.9
Round3,Q4,279,279.0,EMIRATES,0.5461,461.9,292.8,44.3,13.9,1920,1080,0.03,484.1,299.7
Round3,Q4,279,279.0,EMIRATES,0.543,919.4,290.4,42.1,12.0,1920,1080,0.024,940.4,296.4
Round3,Q4,279,279.0,EMIRATES,0.5154,1227.2,294.3,37.3,12.4,1920,1080,0.022,1245.8,300.5
Round3,Q4,279,279.0,EMIRATES,0.4886,995.2,290.2,40.4,12.4,1920,1080,0.024,1015.4,296.4
Round3,Q4,279,279.0,EMIRATES,0.4882,693.6,290.7,42.4,12.3,1920,1080,0.025,714.8,296.9
Round3,Q4,279,279.0,EMIRATES,0.4628,845.6,290.2,40.3,11.9,1920,1080,0.023,865.7,296.2
Round3,Q4,279,279.0,EMIRATES,0.4308,1441.1,299.8,37.6,15.3,1920,1080,0.028,1459.9,307.5
Round3,Q4,279,279.0,EMIRATES,0.4163,1658.2,310.9,42.3,17.2,1920,1080,0.035,1679.4,319.5
Round3,Q4,280,280.0,EMIRATES,0.7438,1605.9,397.6,50.9,28.1,1920,1080,0.069,1631.3,411.7
Round3,Q4,280,280.0,EMIRATES,0.6783,1699.8,409.6,55.6,30.7,1920,1080,0.082,1727.6,425.0
Round3,Q4,280,280.0,EMIRATES,0.6767,629.6,338.8,39.3,13.0,1920,1080,0.025,649.3,345.3
Round3,Q4,280,280.0,EMIRATES,0.6726,307.0,338.8,46.5,12.8,1920,1080,0.029,330.2,345.2
Round3,Q4,280,280.0,EMIRATES,0.6636,390.4,338.0,45.7,12.9,1920,1080,0.028,413.3,344.4
Round3,Q4,280,280.0,EMIRATES,0.5253,771.1,340.6,35.6,14.2,1920,1080,0.024,788.9,347.7
Round3,Q4,280,280.0,EMIRATES,0.5223,1438.9,380.3,43.8,21.6,1920,1080,0.046,1460.8,391.1
Round3,Q4,280,280.0,EMIRATES,0.492,220.7,339.0,48.0,13.7,1920,1080,0.032,244.7,345.8
Round3,Q4,280,280.0,EMIRATES,0.4514,897.3,344.4,36.3,15.2,1920,1080,0.027,915.5,352.1
Round3,Q4,280,280.0,EMIRATES,0.3461,1025.8,351.4,33.7,14.7,1920,1080,0.024,1042.6,358.8
Round3,Q4,280,280.0,EMIRATES,0.338,698.3,339.4,38.5,14.0,1920,1080,0.026,717.5,346.4
Round3,Q4,281,281.0,EMIRATES,0.8892,1476.7,464.6,57.6,29.4,1920,1080,0.082,1505.5,479.3
Round3,Q4,281,281.0,EMIRATES,0.8796,1379.8,452.8,53.0,26.4,1920,1080,0.067,1406.3,466.0
Round3,Q4,281,281.0,EMIRATES,0.8794,1671.0,328.2,57.1,22.5,1920,1080,0.062,1699.6,339.5
Round3,Q4,281,281.0,EMIRATES,0.8774,1573.6,328.3,53.5,20.7,1920,1080,0.054,1600.4,338.7
Round3,Q4,281,281.0,EMIRATES,0.8664,1581.6,478.5,64.0,34.1,1920,1080,0.105,1613.6,495.5
Round3,Q4,281,281.0,EMIRATES,0.8565,1773.8,327.9,58.8,24.7,1920,1080,0.07,1803.2,340.2
Round3,Q4,281,281.0,EMIRATES,0.8549,1484.2,328.5,52.4,18.7,1920,1080,0.047,1510.4,337.9
Round3,Q4,281,281.0,EMIRATES,0.8538,1201.5,433.5,47.9,22.5,1920,1080,0.052,1225.4,444.8
Round3,Q4,281,281.0,EMIRATES,0.8512,982.2,326.7,44.3,14.8,1920,1080,0.032,1004.3,334.1
Round3,Q4,281,281.0,EMIRATES,0.849,1237.3,327.1,46.8,16.9,1920,1080,0.038,1260.7,335.5
Round3,Q4,281,281.0,EMIRATES,0.8475,1117.9,426.6,47.4,20.8,1920,1080,0.047,1141.6,437.0
Round3,Q4,281,281.0,EMIRATES,0.846,1451.9,159.2,38.6,12.8,1920,1080,0.024,1471.2,165.6
Round3,Q4,281,281.0,EMIRATES,0.8447,1400.4,328.4,46.4,17.4,1920,1080,0.039,1423.6,337.1
Round3,Q4,281,281.0,EMIRATES,0.8436,1315.7,327.5,47.8,17.4,1920,1080,0.04,1339.6,336.2
Round3,Q4,281,281.0,EMIRATES,0.8431,1692.9,123.0,48.2,15.9,1920,1080,0.037,1717.0,130.9
Round3,Q4,281,281.0,EMIRATES,0.8353,581.8,397.0,42.9,16.6,1920,1080,0.034,603.3,405.2
Round3,Q4,281,281.0,EMIRATES,0.8305,507.1,394.8,42.8,15.9,1920,1080,0.033,528.5,402.7
Round3,Q4,281,281.0,EMIRATES,0.8184,807.5,406.7,42.8,16.3,1920,1080,0.034,828.9,414.9
Round3,Q4,281,281.0,EMIRATES,0.8135,731.9,403.8,42.0,16.5,1920,1080,0.033,752.9,412.0
Round3,Q4,281,281.0,EMIRATES,0.8116,1702.3,499.0,75.4,37.9,1920,1080,0.138,1740.0,517.9
Round3,Q4,281,281.0,EMIRATES,0.8016,1036.9,420.3,46.0,18.9,1920,1080,0.042,1059.9,429.7
Round3,Q4,281,281.0,EMIRATES,0.7999,1057.5,327.1,42.4,14.7,1920,1080,0.03,1078.7,334.4
Round3,Q4,281,281.0,EMIRATES,0.7931,1527.7,149.0,41.4,13.3,1920,1080,0.026,1548.4,155.6
Round3,Q4,281,281.0,EMIRATES,0.7662,882.5,410.7,43.1,17.6,1920,1080,0.037,904.1,419.5
Round3,Q4,281,281.0,EMIRATES,0.7567,248.7,390.0,52.2,16.1,1920,1080,0.041,274.8,398.1
Round3,Q4,281,281.0,EMIRATES,0.7365,1380.5,168.1,36.8,11.2,1920,1080,0.02,1398.9,173.6
Round3,Q4,281,281.0,EMIRATES,0.7347,1163.4,326.9,41.0,15.9,1920,1080,0.031,1183.9,334.8
Round3,Q4,281,281.0,EMIRATES,0.718,1785.4,105.6,45.9,19.1,1920,1080,0.042,1808.3,115.2
Round3,Q4,281,281.0,EMIRATES,0.6938,426.8,393.7,45.3,15.3,1920,1080,0.033,449.4,401.4
Round3,Q4,281,281.0,EMIRATES,0.6891,657.6,400.1,42.3,16.5,1920,1080,0.034,678.7,408.4
Round3,Q4,281,281.0,EMIRATES,0.6848,835.9,326.2,42.0,14.2,1920,1080,0.029,856.9,333.3
Round3,Q4,281,281.0,EMIRATES,0.6753,1310.2,175.2,35.5,12.1,1920,1080,0.021,1328.0,181.2
Round3,Q4,281,281.0,EMIRATES,0.6696,1178.5,187.0,32.9,11.5,1920,1080,0.018,1194.9,192.7
Round3,Q4,281,281.0,EMIRATES,0.6689,1607.0,137.3,42.9,14.7,1920,1080,0.03,1628.5,144.7
Round3,Q4,281,281.0,EMIRATES,0.4789,1243.9,181.6,34.8,12.1,1920,1080,0.02,1261.3,187.7
Round3,Q4,281,281.0,EMIRATES,0.4743,229.5,323.4,47.6,13.4,1920,1080,0.031,253.3,330.0
Round3,Q4,281,281.0,EMIRATES,0.4701,337.2,391.8,49.9,15.8,1920,1080,0.038,362.2,399.7
Round3,Q4,281,281.0,EMIRATES,0.4613,762.9,325.6,43.3,14.5,1920,1080,0.03,784.5,332.9
Round3,Q4,281,281.0,EMIRATES,0.4461,617.2,325.3,40.6,14.4,1920,1080,0.028,637.5,332.5
Round3,Q4,281,281.0,EMIRATES,0.4361,909.7,326.5,40.9,14.0,1920,1080,0.028,930.1,333.5
Round3,Q4,281,281.0,EMIRATES,0.4242,466.6,324.4,43.7,14.2,1920,1080,0.03,488.4,331.5
Round3,Q4,282,282.0,EMIRATES,0.8973,1422.1,522.5,65.9,32.8,1920,1080,0.104,1455.1,538.8
Round3,Q4,282,282.0,EMIRATES,0.888,1783.4,367.0,70.0,27.5,1920,1080,0.093,1818.4,380.8
Round3,Q4,282,282.0,EMIRATES,0.8867,1544.6,537.5,69.0,36.6,1920,1080,0.122,1579.2,555.9
Round3,Q4,282,282.0,EMIRATES,0.8844,1202.3,500.3,59.5,27.1,1920,1080,0.078,1232.0,513.9
Round3,Q4,282,282.0,EMIRATES,0.8814,1675.0,554.6,78.8,42.4,1920,1080,0.161,1714.4,575.8
Round3,Q4,282,282.0,EMIRATES,0.8795,1662.9,368.2,65.5,25.0,1920,1080,0.079,1695.6,380.7
Round3,Q4,282,282.0,EMIRATES,0.878,1344.1,368.5,57.0,20.0,1920,1080,0.055,1372.6,378.5
Round3,Q4,282,282.0,EMIRATES,0.8764,1448.4,368.9,56.5,21.2,1920,1080,0.058,1476.6,379.5
Round3,Q4,282,282.0,EMIRATES,0.8726,1811.1,112.3,59.8,20.3,1920,1080,0.059,1841.0,122.4
Round3,Q4,282,282.0,EMIRATES,0.8709,333.5,452.9,53.5,17.6,1920,1080,0.045,360.2,461.7
Round3,Q4,282,282.0,EMIRATES,0.8691,1246.9,368.0,56.4,19.6,1920,1080,0.053,1275.1,377.8
Round3,Q4,282,282.0,EMIRATES,0.8678,1550.7,368.6,64.5,23.1,1920,1080,0.072,1583.0,380.1
Round3,Q4,282,282.0,EMIRATES,0.8647,428.4,455.3,54.4,19.5,1920,1080,0.051,455.5,465.1
Round3,Q4,282,282.0,EMIRATES,0.8642,1510.9,158.7,49.4,15.5,1920,1080,0.037,1535.6,166.4
Round3,Q4,282,282.0,EMIRATES,0.8607,1099.3,490.9,56.7,25.9,1920,1080,0.071,1127.7,503.8
Round3,Q4,282,282.0,EMIRATES,0.8588,711.0,467.0,52.8,19.3,1920,1080,0.049,737.4,476.6
Round3,Q4,282,282.0,EMIRATES,0.8573,523.7,458.6,54.0,19.8,1920,1080,0.052,550.7,468.5
Round3,Q4,282,282.0,EMIRATES,0.8571,1605.4,145.5,51.9,16.9,1920,1080,0.042,1631.3,154.0
Round3,Q4,282,282.0,EMIRATES,0.853,1823.9,579.5,90.9,48.1,1920,1080,0.211,1869.3,603.5
Round3,Q4,282,282.0,EMIRATES,0.8427,1422.2,170.1,46.5,14.8,1920,1080,0.033,1445.4,177.4
Round3,Q4,282,282.0,EMIRATES,0.8417,282.2,364.0,55.1,16.0,1920,1080,0.043,309.7,372.0
Round3,Q4,282,282.0,EMIRATES,0.8356,747.3,366.8,51.9,15.9,1920,1080,0.04,773.2,374.8
Round3,Q4,282,282.0,EMIRATES,0.831,1023.2,367.6,52.0,17.8,1920,1080,0.045,1049.2,376.5
Round3,Q4,282,282.0,EMIRATES,0.8251,656.9,366.8,53.1,15.6,1920,1080,0.04,683.5,374.6
Round3,Q4,282,282.0,EMIRATES,0.8249,1704.2,131.2,52.0,17.6,1920,1080,0.044,1730.3,140.0
Round3,Q4,282,282.0,EMIRATES,0.8231,0.7,446.2,64.2,18.8,1920,1080,0.058,32.8,455.6
Round3,Q4,282,282.0,EMIRATES,0.8223,1171.9,194.2,42.0,13.3,1920,1080,0.027,1192.9,200.9
Round3,Q4,282,282.0,EMIRATES,0.8213,472.2,365.6,52.9,15.4,1920,1080,0.039,498.7,373.3
Round3,Q4,282,282.0,EMIRATES,0.8126,1000.4,483.9,54.0,22.8,1920,1080,0.059,1027.4,495.3
Round3,Q4,282,282.0,EMIRATES,0.8105,805.9,472.1,53.7,21.3,1920,1080,0.055,832.8,482.7
Round3,Q4,282,282.0,EMIRATES,0.8092,616.7,463.5,54.4,19.1,1920,1080,0.05,643.9,473.0
Round3,Q4,282,282.0,EMIRATES,0.8082,378.5,364.8,54.2,16.5,1920,1080,0.043,405.6,373.1
Round3,Q4,282,282.0,EMIRATES,0.8032,1155.8,367.5,48.9,19.0,1920,1080,0.045,1180.3,377.0
Round3,Q4,282,282.0,EMIRATES,0.8023,230.9,450.4,56.8,18.5,1920,1080,0.051,259.3,459.7
Round3,Q4,282,282.0,EMIRATES,0.7949,930.8,367.2,53.0,17.2,1920,1080,0.044,957.3,375.8
Round3,Q4,282,282.0,EMIRATES,0.7885,565.5,365.8,51.0,15.4,1920,1080,0.038,590.9,373.5
Round3,Q4,282,282.0,EMIRATES,0.7837,1253.6,187.3,43.5,14.0,1920,1080,0.029,1275.4,194.3
Round3,Q4,282,282.0,EMIRATES,0.7757,183.7,363.7,56.8,15.6,1920,1080,0.043,212.1,371.5
Round3,Q4,282,282.0,EMIRATES,0.7624,81.2,362.6,58.3,15.2,1920,1080,0.043,110.3,370.2
Round3,Q4,282,282.0,EMIRATES,0.7621,0.0,360.9,33.7,16.4,1920,1080,0.027,16.8,369.0
Round3,Q4,282,282.0,EMIRATES,0.7574,1335.7,179.3,43.9,14.2,1920,1080,0.03,1357.7,186.4
Round3,Q4,282,282.0,EMIRATES,0.7195,115.6,448.8,63.3,17.6,1920,1080,0.054,147.3,457.6
Round3,Q4,282,282.0,EMIRATES,0.7084,938.2,210.1,39.7,12.1,1920,1080,0.023,958.1,216.2
Round3,Q4,282,282.0,EMIRATES,0.7046,633.1,223.3,38.6,11.8,1920,1080,0.022,652.5,229.2
Round3,Q4,282,282.0,EMIRATES,0.6689,1092.8,200.0,42.2,12.8,1920,1080,0.026,1113.9,206.4
Round3,Q4,282,282.0,EMIRATES,0.6204,322.3,230.5,42.1,11.1,1920,1080,0.023,343.4,236.0
Round3,Q4,282,282.0,EMIRATES,0.6058,708.7,221.0,38.5,11.8,1920,1080,0.022,728.0,226.9
Round3,Q4,282,282.0,EMIRATES,0.6022,400.8,229.0,40.6,11.7,1920,1080,0.023,421.1,234.8
Round3,Q4,282,282.0,EMIRATES,0.5428,479.7,227.6,39.4,11.5,1920,1080,0.022,499.3,233.3
Round3,Q4,282,282.0,EMIRATES,0.532,1014.4,205.3,39.6,12.3,1920,1080,0.024,1034.2,211.4
Round3,Q4,282,282.0,EMIRATES,0.5261,160.1,230.9,41.7,11.2,1920,1080,0.023,180.9,236.5
Round3,Q4,282,282.0,EMIRATES,0.5136,839.8,366.9,48.9,16.6,1920,1080,0.039,864.3,375.2
Round3,Q4,282,282.0,EMIRATES,0.4831,784.7,217.7,39.2,12.5,1920,1080,0.024,804.3,224.0
Round3,Q4,282,282.0,EMIRATES,0.4755,73.1,230.0,44.5,11.6,1920,1080,0.025,95.4,235.8
Round3,Q4,282,282.0,EMIRATES,0.4546,555.8,225.9,39.0,11.3,1920,1080,0.021,575.3,231.5
Round3,Q4,283,283.0,EMIRATES,0.8954,1491.4,364.1,67.6,24.6,1920,1080,0.08,1525.2,376.4
Round3,Q4,283,283.0,EMIRATES,0.8946,1359.6,525.6,68.0,33.5,1920,1080,0.11,1393.6,542.3
Round3,Q4,283,283.0,EMIRATES,0.8937,1128.9,502.1,62.6,28.4,1920,1080,0.086,1160.3,516.3
Round3,Q4,283,283.0,EMIRATES,0.8893,1485.1,540.9,72.8,37.5,1920,1080,0.131,1521.5,559.7
Round3,Q4,283,283.0,EMIRATES,0.8872,1731.6,363.2,72.6,28.0,1920,1080,0.098,1767.9,377.2
Round3,Q4,283,283.0,EMIRATES,0.8841,1606.6,364.0,68.1,26.1,1920,1080,0.086,1640.6,377.0
Round3,Q4,283,283.0,EMIRATES,0.8815,205.0,452.7,59.3,20.2,1920,1080,0.058,234.6,462.8
Round3,Q4,283,283.0,EMIRATES,0.8802,1385.5,364.6,59.6,22.6,1920,1080,0.065,1415.3,375.9
Round3,Q4,283,283.0,EMIRATES,0.8752,1021.0,492.4,59.6,27.4,1920,1080,0.079,1050.8,506.2
Round3,Q4,283,283.0,EMIRATES,0.8744,1277.0,364.0,60.7,22.1,1920,1080,0.065,1307.3,375.0
Round3,Q4,283,283.0,EMIRATES,0.8728,712.6,472.8,57.4,22.6,1920,1080,0.063,741.3,484.1
Round3,Q4,283,283.0,EMIRATES,0.8712,1548.7,130.6,52.6,18.2,1920,1080,0.046,1575.0,139.7
Round3,Q4,283,283.0,EMIRATES,0.8702,1451.0,144.3,49.3,16.3,1920,1080,0.039,1475.6,152.4
Round3,Q4,283,283.0,EMIRATES,0.8662,1175.5,363.8,58.5,20.9,1920,1080,0.059,1204.8,374.3
Round3,Q4,283,283.0,EMIRATES,0.8618,611.9,468.3,56.7,20.7,1920,1080,0.057,640.3,478.6
Round3,Q4,283,283.0,EMIRATES,0.8596,1771.8,584.7,95.4,46.9,1920,1080,0.216,1819.5,608.1
Round3,Q4,283,283.0,EMIRATES,0.8596,1758.9,97.5,60.2,21.4,1920,1080,0.062,1789.0,108.2
Round3,Q4,283,283.0,EMIRATES,0.8596,309.0,456.3,58.1,20.2,1920,1080,0.057,338.0,466.4
Round3,Q4,283,283.0,EMIRATES,0.8587,1358.4,155.5,48.1,16.0,1920,1080,0.037,1382.5,163.5
Round3,Q4,283,283.0,EMIRATES,0.8579,843.9,362.3,57.4,18.4,1920,1080,0.051,872.6,371.5
Round3,Q4,283,283.0,EMIRATES,0.8549,1079.2,363.4,53.1,19.9,1920,1080,0.051,1105.8,373.3
Round3,Q4,283,283.0,EMIRATES,0.8524,511.6,463.8,56.1,20.8,1920,1080,0.056,539.6,474.2
Round3,Q4,283,283.0,EMIRATES,0.8504,1620.0,558.6,78.5,42.4,1920,1080,0.16,1659.3,579.8
Round3,Q4,283,283.0,EMIRATES,0.8477,650.7,362.4,54.7,17.2,1920,1080,0.045,678.0,371.0
Round3,Q4,283,283.0,EMIRATES,0.8471,1862.0,362.4,58.0,31.4,1920,1080,0.088,1891.0,378.1
Round3,Q4,283,283.0,EMIRATES,0.8458,411.2,459.7,57.6,21.3,1920,1080,0.059,440.0,470.4
Round3,Q4,283,283.0,EMIRATES,0.8422,940.6,362.9,56.3,18.5,1920,1080,0.05,968.8,372.2
Round3,Q4,283,283.0,EMIRATES,0.8407,455.2,361.1,56.2,17.3,1920,1080,0.047,483.3,369.8
Round3,Q4,283,283.0,EMIRATES,0.8344,1014.4,186.5,43.1,12.8,1920,1080,0.027,1036.0,192.9
Round3,Q4,283,283.0,EMIRATES,0.8294,1875.8,75.8,44.2,22.9,1920,1080,0.049,1897.9,87.3
Round3,Q4,283,283.0,EMIRATES,0.8217,354.6,360.4,57.9,17.0,1920,1080,0.048,383.5,368.9
Round3,Q4,283,283.0,EMIRATES,0.8203,553.5,361.7,56.7,17.6,1920,1080,0.048,581.9,370.5
Round3,Q4,283,283.0,EMIRATES,0.8107,148.6,358.3,59.3,17.1,1920,1080,0.049,178.3,366.8
Round3,Q4,283,283.0,EMIRATES,0.7578,748.1,362.7,51.5,16.9,1920,1080,0.042,773.8,371.1
Round3,Q4,283,283.0,EMIRATES,0.7572,0.0,447.6,35.1,20.1,1920,1080,0.034,17.6,457.7
Round3,Q4,283,283.0,EMIRATES,0.7545,1096.7,180.0,43.8,14.3,1920,1080,0.03,1118.6,187.2
Round3,Q4,283,283.0,EMIRATES,0.7486,918.7,485.1,55.5,25.9,1920,1080,0.069,946.5,498.0
Round3,Q4,283,283.0,EMIRATES,0.7459,1182.5,173.5,45.0,14.5,1920,1080,0.031,1205.0,180.8
Round3,Q4,283,283.0,EMIRATES,0.7418,254.0,358.7,59.0,19.1,1920,1080,0.054,283.5,368.3
Round3,Q4,283,283.0,EMIRATES,0.7364,1648.9,116.7,54.5,18.0,1920,1080,0.047,1676.1,125.7
Round3,Q4,283,283.0,EMIRATES,0.7257,39.5,356.6,62.9,18.6,1920,1080,0.057,70.9,365.9
Round3,Q4,283,283.0,EMIRATES,0.6494,851.0,196.4,41.8,12.9,1920,1080,0.026,871.9,202.8
Round3,Q4,283,283.0,EMIRATES,0.6409,1268.6,165.5,45.3,14.3,1920,1080,0.031,1291.3,172.6
Round3,Q4,283,283.0,EMIRATES,0.6159,931.1,191.5,42.3,13.2,1920,1080,0.027,952.2,198.1
Round3,Q4,283,283.0,EMIRATES,0.5849,1241.7,511.4,66.3,33.5,1920,1080,0.107,1274.8,528.1
Round3,Q4,283,283.0,EMIRATES,0.5712,607.8,207.0,41.5,12.7,1920,1080,0.025,628.5,213.3
Round3,Q4,283,283.0,EMIRATES,0.5608,363.2,213.0,42.3,12.0,1920,1080,0.025,384.3,219.1
Round3,Q4,283,283.0,EMIRATES,0.5161,527.5,209.8,41.6,12.3,1920,1080,0.025,548.3,216.0
Round3,Q4,283,283.0,EMIRATES,0.4901,278.4,214.6,42.2,11.9,1920,1080,0.024,299.4,220.5
Round3,Q4,283,283.0,EMIRATES,0.45,688.6,204.1,42.4,13.4,1920,1080,0.027,709.8,210.8
Round3,Q4,283,283.0,EMIRATES,0.3859,192.5,215.2,43.5,11.7,1920,1080,0.025,214.2,221.1
Round3,Q4,283,283.0,EMIRATES,0.3718,445.6,212.1,41.2,11.7,1920,1080,0.023,466.2,218.0
Round3,Q4,284,284.0,EMIRATES,0.9044,1674.6,357.7,74.0,29.5,1920,1080,0.105,1711.6,372.4
Round3,Q4,284,284.0,EMIRATES,0.9006,1806.1,357.1,84.1,32.6,1920,1080,0.132,1848.1,373.4
Round3,Q4,284,284.0,EMIRATES,0.8981,1294.4,525.8,69.6,33.6,1920,1080,0.113,1329.2,542.6
Round3,Q4,284,284.0,EMIRATES,0.8965,1056.5,501.6,64.5,29.7,1920,1080,0.092,1088.7,516.4
Round3,Q4,284,284.0,EMIRATES,0.891,1548.0,359.0,68.8,27.7,1920,1080,0.092,1582.4,372.8
Round3,Q4,284,284.0,EMIRATES,0.8833,82.2,451.2,62.9,20.9,1920,1080,0.063,113.7,461.6
Round3,Q4,284,284.0,EMIRATES,0.8824,1430.0,359.1,69.1,25.3,1920,1080,0.084,1464.6,371.7
Round3,Q4,284,284.0,EMIRATES,0.8821,1424.4,540.5,72.7,39.5,1920,1080,0.138,1460.8,560.3
Round3,Q4,284,284.0,EMIRATES,0.8809,1319.9,358.9,62.1,23.5,1920,1080,0.07,1350.9,370.6
Round3,Q4,284,284.0,EMIRATES,0.8799,759.7,357.1,58.3,19.2,1920,1080,0.054,788.9,366.7
Round3,Q4,284,284.0,EMIRATES,0.8784,556.5,356.6,57.5,17.9,1920,1080,0.05,585.2,365.6
Round3,Q4,284,284.0,EMIRATES,0.8768,1486.5,118.1,53.5,18.7,1920,1080,0.048,1513.2,127.5
Round3,Q4,284,284.0,EMIRATES,0.8759,862.0,357.7,55.6,19.4,1920,1080,0.052,889.8,367.3
Round3,Q4,284,284.0,EMIRATES,0.875,1561.3,559.6,84.0,43.7,1920,1080,0.177,1603.3,581.5
Round3,Q4,284,284.0,EMIRATES,0.8701,1386.2,131.5,50.7,16.4,1920,1080,0.04,1411.5,139.7
Round3,Q4,284,284.0,EMIRATES,0.8694,1209.8,358.9,61.0,22.0,1920,1080,0.065,1240.3,369.9
Round3,Q4,284,284.0,EMIRATES,0.8644,350.9,354.9,57.9,18.3,1920,1080,0.051,379.8,364.0
Round3,Q4,284,284.0,EMIRATES,0.8641,944.8,492.0,62.0,28.6,1920,1080,0.085,975.8,506.3
Round3,Q4,284,284.0,EMIRATES,0.8641,1105.2,358.4,60.5,21.5,1920,1080,0.063,1135.4,369.1
Round3,Q4,284,284.0,EMIRATES,0.8634,623.1,472.4,58.4,23.0,1920,1080,0.065,652.3,483.9
Round3,Q4,284,284.0,EMIRATES,0.8619,1588.2,103.3,56.5,18.9,1920,1080,0.051,1616.4,112.8
Round3,Q4,284,284.0,EMIRATES,0.8601,454.6,355.7,58.4,18.3,1920,1080,0.052,483.8,364.9
Round3,Q4,284,284.0,EMIRATES,0.8594,1716.6,585.1,95.9,49.2,1920,1080,0.228,1764.5,609.7
Round3,Q4,284,284.0,EMIRATES,0.8592,242.6,354.1,60.7,17.9,1920,1080,0.052,273.0,363.1
Round3,Q4,284,284.0,EMIRATES,0.8545,1820.3,62.9,61.5,22.6,1920,1080,0.067,1851.0,74.2
Round3,Q4,284,284.0,EMIRATES,0.8533,20.8,350.9,62.9,17.8,1920,1080,0.054,52.2,359.8
Round3,Q4,284,284.0,EMIRATES,0.8531,516.9,467.7,59.5,21.2,1920,1080,0.061,546.7,478.3
Round3,Q4,284,284.0,EMIRATES,0.8519,1110.0,161.0,47.7,15.2,1920,1080,0.035,1133.9,168.6
Round3,Q4,284,284.0,EMIRATES,0.8517,194.0,455.0,61.7,21.2,1920,1080,0.063,224.9,465.6
Round3,Q4,284,284.0,EMIRATES,0.8504,302.9,458.7,60.6,21.7,1920,1080,0.064,333.2,469.6
Round3,Q4,284,284.0,EMIRATES,0.8481,765.7,183.6,43.6,13.5,1920,1080,0.028,787.5,190.4
Round3,Q4,284,284.0,EMIRATES,0.8459,1292.3,142.7,50.2,16.1,1920,1080,0.039,1317.4,150.8
Round3,Q4,284,284.0,EMIRATES,0.842,1700.5,85.0,61.6,21.6,1920,1080,0.064,1731.3,95.8
Round3,Q4,284,284.0,EMIRATES,0.8326,1004.6,357.5,54.0,21.8,1920,1080,0.057,1031.6,368.4
Round3,Q4,284,284.0,EMIRATES,0.8315,1021.3,167.6,46.2,14.8,1920,1080,0.033,1044.5,175.0
Round3,Q4,284,284.0,EMIRATES,0.8303,1882.5,616.0,37.4,53.9,1920,1080,0.097,1901.2,643.0
Round3,Q4,284,284.0,EMIRATES,0.8261,425.2,196.1,44.3,12.8,1920,1080,0.027,447.3,202.5
Round3,Q4,284,284.0,EMIRATES,0.8256,134.8,352.5,60.7,18.8,1920,1080,0.055,165.1,361.9
Round3,Q4,284,284.0,EMIRATES,0.8092,935.6,173.7,46.2,13.4,1920,1080,0.03,958.7,180.4
Round3,Q4,284,284.0,EMIRATES,0.8054,337.3,197.3,45.6,13.4,1920,1080,0.03,360.1,204.0
Round3,Q4,284,284.0,EMIRATES,0.7843,249.8,198.7,45.4,12.7,1920,1080,0.028,272.5,205.0
Round3,Q4,284,284.0,EMIRATES,0.7738,849.8,179.0,43.7,13.2,1920,1080,0.028,871.7,185.6
Round3,Q4,284,284.0,EMIRATES,0.7719,410.2,463.1,59.2,20.4,1920,1080,0.058,439.8,473.3
Round3,Q4,284,284.0,EMIRATES,0.7547,1199.4,152.5,47.0,14.8,1920,1080,0.033,1222.9,159.9
Round3,Q4,284,284.0,EMIRATES,0.7342,510.0,193.4,44.8,13.3,1920,1080,0.029,532.4,200.1
Round3,Q4,284,284.0,EMIRATES,0.702,595.2,191.0,44.8,13.4,1920,1080,0.029,617.6,197.7
Round3,Q4,284,284.0,EMIRATES,0.6153,159.3,198.8,46.0,13.6,1920,1080,0.03,182.3,205.6
Round3,Q4,284,284.0,EMIRATES,0.6046,835.8,484.6,59.3,27.0,1920,1080,0.077,865.5,498.1
Round3,Q4,284,284.0,EMIRATES,0.4866,660.2,356.6,53.4,18.6,1920,1080,0.048,686.9,365.9
Round3,Q4,284,284.0,EMIRATES,0.464,65.5,198.9,49.5,13.4,1920,1080,0.032,90.3,205.6
Round3,Q4,284,284.0,EMIRATES,0.4559,1173.8,510.9,66.0,35.7,1920,1080,0.114,1206.8,528.8
Round3,Q4,284,284.0,EMIRATES,0.441,0.0,196.3,19.8,15.5,1920,1080,0.015,9.9,204.0
Round3,Q4,284,284.0,EMIRATES,0.4235,0.0,448.9,24.5,21.0,1920,1080,0.025,12.3,459.4
Round3,Q4,285,285.0,EMIRATES,0.9007,1052.4,501.5,67.1,29.9,1920,1080,0.097,1085.9,516.5
Round3,Q4,285,285.0,EMIRATES,0.8955,1692.7,351.7,76.6,30.7,1920,1080,0.113,1731.0,367.0
Round3,Q4,285,285.0,EMIRATES,0.8949,1561.7,352.6,71.1,28.2,1920,1080,0.097,1597.3,366.7
Round3,Q4,285,285.0,EMIRATES,0.8936,1394.1,117.4,51.5,17.4,1920,1080,0.043,1419.8,126.1
Round3,Q4,285,285.0,EMIRATES,0.892,1497.1,103.1,56.5,19.0,1920,1080,0.052,1525.3,112.6
Round3,Q4,285,285.0,EMIRATES,0.8908,1432.0,541.3,78.2,40.4,1920,1080,0.152,1471.1,561.4
Round3,Q4,285,285.0,EMIRATES,0.888,1324.7,353.5,63.6,23.7,1920,1080,0.073,1356.5,365.3
Round3,Q4,285,285.0,EMIRATES,0.8879,1438.8,353.0,71.0,26.3,1920,1080,0.09,1474.3,366.2
Round3,Q4,285,285.0,EMIRATES,0.8839,1210.7,353.2,63.8,22.7,1920,1080,0.07,1242.6,364.5
Round3,Q4,285,285.0,EMIRATES,0.8804,1720.3,69.1,63.3,21.5,1920,1080,0.066,1751.9,79.8
Round3,Q4,285,285.0,EMIRATES,0.8797,1102.8,353.1,62.2,21.9,1920,1080,0.066,1133.9,364.0
Round3,Q4,285,285.0,EMIRATES,0.8758,850.4,352.3,57.9,19.9,1920,1080,0.055,879.4,362.2
Round3,Q4,285,285.0,EMIRATES,0.8743,156.3,452.5,63.7,21.6,1920,1080,0.066,188.1,463.3
Round3,Q4,285,285.0,EMIRATES,0.873,602.0,471.0,61.9,23.6,1920,1080,0.071,632.9,482.9
Round3,Q4,285,285.0,EMIRATES,0.8729,1298.6,526.4,72.7,35.1,1920,1080,0.123,1335.0,544.0
Round3,Q4,285,285.0,EMIRATES,0.8724,1107.8,147.8,48.8,16.2,1920,1080,0.038,1132.2,155.9
Round3,Q4,285,285.0,EMIRATES,0.8687,492.5,465.6,61.4,22.3,1920,1080,0.066,523.2,476.7
Round3,Q4,285,285.0,EMIRATES,0.8678,998.1,352.4,56.3,21.4,1920,1080,0.058,1026.2,363.1
Round3,Q4,285,285.0,EMIRATES,0.8629,533.8,350.5,59.3,18.5,1920,1080,0.053,563.4,359.8
Round3,Q4,285,285.0,EMIRATES,0.8622,744.0,351.5,61.2,19.0,1920,1080,0.056,774.6,361.0
Round3,Q4,285,285.0,EMIRATES,0.862,1829.7,351.6,85.5,32.8,1920,1080,0.135,1872.5,367.9
Round3,Q4,285,285.0,EMIRATES,0.8619,1296.3,129.5,51.1,15.8,1920,1080,0.039,1321.9,137.4
Round3,Q4,285,285.0,EMIRATES,0.8611,936.1,491.2,65.0,30.5,1920,1080,0.096,968.7,506.5
Round3,Q4,285,285.0,EMIRATES,0.8595,319.6,349.1,60.3,18.2,1920,1080,0.053,349.7,358.2
Round3,Q4,285,285.0,EMIRATES,0.8594,269.0,456.7,63.8,22.8,1920,1080,0.07,300.9,468.1
Round3,Q4,285,285.0,EMIRATES,0.8591,37.8,449.1,67.2,21.2,1920,1080,0.069,71.4,459.7
Round3,Q4,285,285.0,EMIRATES,0.857,1737.1,587.9,99.9,50.6,1920,1080,0.244,1787.0,613.2
Round3,Q4,285,285.0,EMIRATES,0.8561,926.8,161.5,46.9,14.4,1920,1080,0.033,950.3,168.7
Round3,Q4,285,285.0,EMIRATES,0.856,396.7,183.6,46.7,14.1,1920,1080,0.032,420.0,190.7
Round3,Q4,285,285.0,EMIRATES,0.8544,1603.9,88.2,57.2,19.2,1920,1080,0.053,1632.5,97.8
Round3,Q4,285,285.0,EMIRATES,0.8514,427.8,350.0,60.6,18.6,1920,1080,0.054,458.1,359.3
Round3,Q4,285,285.0,EMIRATES,0.8472,1200.4,139.2,48.7,15.6,1920,1080,0.037,1224.7,147.0
Round3,Q4,285,285.0,EMIRATES,0.845,1015.7,155.0,46.6,14.9,1920,1080,0.033,1039.0,162.4
Round3,Q4,285,285.0,EMIRATES,0.8448,206.8,347.8,63.4,18.4,1920,1080,0.056,238.5,357.0
Round3,Q4,285,285.0,EMIRATES,0.8418,93.3,346.2,64.3,19.2,1920,1080,0.06,125.4,355.8
Round3,Q4,285,285.0,EMIRATES,0.8362,1576.7,560.9,85.0,45.8,1920,1080,0.188,1619.2,583.8
Round3,Q4,285,285.0,EMIRATES,0.8327,0.0,344.4,41.0,18.4,1920,1080,0.036,20.5,353.6
Round3,Q4,285,285.0,EMIRATES,0.8317,383.1,461.3,60.2,21.0,1920,1080,0.061,413.2,471.8
Round3,Q4,285,285.0,EMIRATES,0.8313,304.7,185.3,47.9,14.0,1920,1080,0.032,328.7,192.3
Round3,Q4,285,285.0,EMIRATES,0.8274,484.6,181.7,46.9,13.7,1920,1080,0.031,508.1,188.5
Round3,Q4,285,285.0,EMIRATES,0.8274,750.1,171.5,45.3,13.8,1920,1080,0.03,772.7,178.4
Round3,Q4,285,285.0,EMIRATES,0.8105,213.2,186.6,48.1,13.4,1920,1080,0.031,237.3,193.3
Round3,Q4,285,285.0,EMIRATES,0.8086,20.7,186.9,51.2,12.8,1920,1080,0.032,46.3,193.3
Round3,Q4,285,285.0,EMIRATES,0.7893,837.4,166.8,44.9,14.1,1920,1080,0.031,859.9,173.8
Round3,Q4,285,285.0,EMIRATES,0.7876,573.4,179.1,45.7,13.9,1920,1080,0.031,596.2,186.1
Round3,Q4,285,285.0,EMIRATES,0.7829,117.6,186.8,49.8,13.6,1920,1080,0.033,142.5,193.5
Round3,Q4,285,285.0,EMIRATES,0.7515,639.8,351.0,52.9,18.2,1920,1080,0.046,666.3,360.0
Round3,Q4,285,285.0,EMIRATES,0.6476,1844.3,46.0,66.0,23.5,1920,1080,0.075,1877.3,57.7
Round3,Q4,285,285.0,EMIRATES,0.4439,824.9,483.4,61.7,27.5,1920,1080,0.082,855.8,497.2
Round3,Q4,285,285.0,EMIRATES,0.3756,714.8,477.5,59.5,25.5,1920,1080,0.073,744.5,490.2
Round3,Q4,286,286.0,EMIRATES,0.8844,1614.3,515.2,74.3,38.8,1920,1080,0.139,1651.5,534.6
Round3,Q4,286,286.0,EMIRATES,0.879,1755.9,531.0,80.4,43.9,1920,1080,0.17,1796.1,552.9
Round3,Q4,286,286.0,EMIRATES,0.8688,1762.5,340.5,77.5,29.0,1920,1080,0.108,1801.2,355.0
Round3,Q4,286,286.0,EMIRATES,0.8651,1363.6,489.9,64.9,32.1,1920,1080,0.1,1396.1,505.9
Round3,Q4,286,286.0,EMIRATES,0.8626,819.8,452.6,56.0,23.4,1920,1080,0.063,847.8,464.3
Round3,Q4,286,286.0,EMIRATES,0.8438,1642.2,342.3,66.7,26.0,1920,1080,0.084,1675.5,355.4
Round3,Q4,286,286.0,EMIRATES,0.8309,1248.1,479.2,60.4,29.6,1920,1080,0.086,1278.3,494.0
Round3,Q4,286,286.0,EMIRATES,0.8155,407.4,435.5,56.7,22.3,1920,1080,0.061,435.7,446.7
Round3,Q4,286,286.0,EMIRATES,0.7978,1057.1,343.5,61.1,19.6,1920,1080,0.058,1087.7,353.3
Round3,Q4,286,286.0,EMIRATES,0.7746,49.2,429.8,69.4,20.4,1920,1080,0.068,83.9,440.0
Round3,Q4,286,286.0,EMIRATES,0.7705,511.0,439.4,56.6,22.1,1920,1080,0.06,539.3,450.4
Round3,Q4,286,286.0,EMIRATES,0.7428,1160.7,342.9,57.6,21.3,1920,1080,0.059,1189.5,353.5
Round3,Q4,286,286.0,EMIRATES,0.7102,716.1,448.5,55.4,22.6,1920,1080,0.06,743.8,459.8
Round3,Q4,286,286.0,EMIRATES,0.6896,1716.7,103.5,57.8,17.9,1920,1080,0.05,1745.6,112.5
Round3,Q4,286,286.0,EMIRATES,0.6168,1037.8,465.6,49.3,26.0,1920,1080,0.062,1062.4,478.6
Round3,Q4,286,286.0,EMIRATES,0.6013,297.5,433.6,59.1,21.3,1920,1080,0.061,327.1,444.3
Round3,Q4,286,286.0,EMIRATES,0.5993,1828.6,86.1,60.7,20.8,1920,1080,0.061,1859.0,96.5
Round3,Q4,286,286.0,EMIRATES,0.5722,614.0,443.8,55.9,22.9,1920,1080,0.062,642.0,455.2
Round3,Q4,286,286.0,EMIRATES,0.5714,1896.0,339.8,24.0,31.2,1920,1080,0.036,1908.0,355.4
Round3,Q4,286,286.0,EMIRATES,0.5314,1523.6,342.8,65.6,24.9,1920,1080,0.079,1556.4,355.2
Round3,Q4,286,286.0,EMIRATES,0.4536,172.4,431.4,68.1,20.4,1920,1080,0.067,206.4,441.6
Round3,Q4,286,286.0,EMIRATES,0.329,1413.6,343.4,61.7,22.3,1920,1080,0.066,1444.5,354.5
Round3,Q4,286,286.0,EMIRATES,0.3141,922.4,457.3,53.7,25.4,1920,1080,0.066,949.2,470.0
Round3,Q4,287,287.0,EMIRATES,0.8963,1732.9,499.4,70.2,32.4,1920,1080,0.11,1768.0,515.5
Round3,Q4,287,287.0,EMIRATES,0.8612,1642.3,359.9,63.8,21.4,1920,1080,0.066,1674.2,370.6
Round3,Q4,287,287.0,EMIRATES,0.8572,1284.0,470.3,58.4,23.6,1920,1080,0.066,1313.1,482.1
Round3,Q4,287,287.0,EMIRATES,0.8567,1863.0,511.0,57.0,34.9,1920,1080,0.096,1891.5,528.4
Round3,Q4,287,287.0,EMIRATES,0.8474,1530.2,360.8,65.0,20.0,1920,1080,0.063,1562.7,370.8
Round3,Q4,287,287.0,EMIRATES,0.8411,1181.9,466.1,56.0,22.0,1920,1080,0.059,1209.8,477.1
Round3,Q4,287,287.0,EMIRATES,0.8398,566.7,446.1,61.1,18.4,1920,1080,0.054,597.3,455.3
Round3,Q4,287,287.0,EMIRATES,0.8341,886.6,452.8,54.6,20.0,1920,1080,0.053,913.9,462.8
Round3,Q4,287,287.0,EMIRATES,0.8338,983.9,456.5,55.0,21.2,1920,1080,0.056,1011.4,467.0
Round3,Q4,287,287.0,EMIRATES,0.8236,191.6,443.9,69.7,18.7,1920,1080,0.063,226.5,453.2
Round3,Q4,287,287.0,EMIRATES,0.8205,58.3,443.9,74.4,18.3,1920,1080,0.066,95.5,453.0
Round3,Q4,287,287.0,EMIRATES,0.8072,1325.9,361.3,57.5,18.4,1920,1080,0.051,1354.6,370.5
Round3,Q4,287,287.0,EMIRATES,0.7671,543.5,359.4,57.5,15.9,1920,1080,0.044,572.2,367.3
Round3,Q4,287,287.0,EMIRATES,0.762,1226.4,361.4,57.6,18.8,1920,1080,0.052,1255.2,370.8
Round3,Q4,287,287.0,EMIRATES,0.7461,1082.9,460.9,55.1,21.1,1920,1080,0.056,1110.5,471.4
Round3,Q4,287,287.0,EMIRATES,0.7046,110.4,357.6,63.7,16.3,1920,1080,0.05,142.2,365.7
Round3,Q4,287,287.0,EMIRATES,0.6721,1393.8,477.1,55.7,24.6,1920,1080,0.066,1421.6,489.4
Round3,Q4,287,287.0,EMIRATES,0.6331,1802.1,358.7,66.7,23.1,1920,1080,0.074,1835.5,370.3
Round3,Q4,287,287.0,EMIRATES,0.6046,317.7,444.8,67.4,17.9,1920,1080,0.058,351.4,453.8
Round3,Q4,287,287.0,EMIRATES,0.6031,1832.2,155.9,54.3,16.2,1920,1080,0.042,1859.4,164.0
Round3,Q4,287,287.0,EMIRATES,0.5657,1732.5,166.9,50.9,14.7,1920,1080,0.036,1758.0,174.3
Round3,Q4,287,287.0,EMIRATES,0.4899,1127.4,361.5,54.9,17.6,1920,1080,0.047,1154.9,370.3
Round3,Q4,287,287.0,EMIRATES,0.4672,1029.1,361.4,55.8,17.7,1920,1080,0.048,1057.0,370.3
Round3,Q4,287,287.0,EMIRATES,0.465,1.4,357.4,56.7,15.4,1920,1080,0.042,29.8,365.1
Round3,Q4,287,287.0,EMIRATES,0.4608,335.7,359.1,58.9,16.1,1920,1080,0.046,365.2,367.1
Round3,Q4,287,287.0,EMIRATES,0.3833,644.5,360.1,54.8,15.5,1920,1080,0.041,672.0,367.8
Round3,Q4,287,287.0,EMIRATES,0.3698,1428.8,361.8,57.0,17.8,1920,1080,0.049,1457.3,370.7
Round3,Q4,288,288.0,EMIRATES,0.8818,1423.1,362.5,60.6,17.9,1920,1080,0.052,1453.4,371.4
Round3,Q4,288,288.0,EMIRATES,0.8814,1270.5,472.8,59.5,22.3,1920,1080,0.064,1300.2,483.9
Round3,Q4,288,288.0,EMIRATES,0.8798,1488.7,483.1,66.4,26.2,1920,1080,0.084,1521.8,496.2
Round3,Q4,288,288.0,EMIRATES,0.8791,1059.3,462.7,58.8,20.3,1920,1080,0.058,1088.8,472.8
Round3,Q4,288,288.0,EMIRATES,0.8714,958.4,459.0,56.2,19.2,1920,1080,0.052,986.5,468.6
Round3,Q4,288,288.0,EMIRATES,0.8712,1378.5,477.6,61.7,22.9,1920,1080,0.068,1409.3,489.0
Round3,Q4,288,288.0,EMIRATES,0.8692,906.9,362.5,57.2,16.7,1920,1080,0.046,935.5,370.8
Round3,Q4,288,288.0,EMIRATES,0.868,1316.9,362.6,60.3,18.3,1920,1080,0.053,1347.1,371.7
Round3,Q4,288,288.0,EMIRATES,0.8675,234.6,448.6,72.2,19.3,1920,1080,0.067,270.7,458.3
Round3,Q4,288,288.0,EMIRATES,0.8674,1863.6,508.6,56.4,32.5,1920,1080,0.088,1891.8,524.8
Round3,Q4,288,288.0,EMIRATES,0.8673,1109.2,362.5,58.3,17.3,1920,1080,0.049,1138.4,371.2
Round3,Q4,288,288.0,EMIRATES,0.8663,1643.8,361.3,69.1,20.0,1920,1080,0.067,1678.4,371.3
Round3,Q4,288,288.0,EMIRATES,0.8618,1765.4,360.3,68.4,20.9,1920,1080,0.069,1799.6,370.8
Round3,Q4,288,288.0,EMIRATES,0.8521,1213.3,362.8,56.9,17.3,1920,1080,0.047,1241.7,371.4
Round3,Q4,288,288.0,EMIRATES,0.8513,1008.4,362.6,57.1,17.0,1920,1080,0.047,1037.0,371.0
Round3,Q4,288,288.0,EMIRATES,0.8497,97.7,448.8,75.8,19.0,1920,1080,0.069,135.6,458.3
Round3,Q4,288,288.0,EMIRATES,0.8493,705.3,362.0,56.5,15.4,1920,1080,0.042,733.6,369.7
Round3,Q4,288,288.0,EMIRATES,0.8492,1533.8,361.8,60.6,18.5,1920,1080,0.054,1564.1,371.1
Round3,Q4,288,288.0,EMIRATES,0.8455,151.3,358.9,66.1,16.2,1920,1080,0.052,184.3,367.0
Round3,Q4,288,288.0,EMIRATES,0.8448,806.5,362.0,56.8,16.9,1920,1080,0.046,834.9,370.4
Round3,Q4,288,288.0,EMIRATES,0.8429,599.7,361.4,58.9,15.8,1920,1080,0.045,629.2,369.4
Round3,Q4,288,288.0,EMIRATES,0.8348,1758.9,163.3,53.0,15.2,1920,1080,0.039,1785.4,170.9
Round3,Q4,288,288.0,EMIRATES,0.831,1164.1,467.5,58.9,21.2,1920,1080,0.06,1193.5,478.1
Round3,Q4,288,288.0,EMIRATES,0.8176,1865.0,151.0,55.0,17.4,1920,1080,0.046,1892.5,159.7
Round3,Q4,288,288.0,EMIRATES,0.8104,1292.3,198.9,45.9,13.0,1920,1080,0.029,1315.3,205.4
Round3,Q4,288,288.0,EMIRATES,0.803,1036.2,211.6,43.1,12.3,1920,1080,0.026,1057.8,217.7
Round3,Q4,288,288.0,EMIRATES,0.7994,1379.8,194.1,46.8,13.2,1920,1080,0.03,1403.2,200.7
Round3,Q4,288,288.0,EMIRATES,0.7991,1120.9,208.1,43.0,12.4,1920,1080,0.026,1142.4,214.3
Round3,Q4,288,288.0,EMIRATES,0.7977,268.3,359.8,63.4,15.5,1920,1080,0.047,300.0,367.5
Round3,Q4,288,288.0,EMIRATES,0.7955,701.4,220.8,42.3,11.7,1920,1080,0.024,722.5,226.6
Round3,Q4,288,288.0,EMIRATES,0.7948,438.8,222.3,46.2,12.0,1920,1080,0.027,461.9,228.2
Round3,Q4,288,288.0,EMIRATES,0.7939,1659.0,172.8,51.1,14.7,1920,1080,0.036,1684.5,180.1
Round3,Q4,288,288.0,EMIRATES,0.7923,0.0,448.6,34.0,19.0,1920,1080,0.031,17.0,458.0
Round3,Q4,288,288.0,EMIRATES,0.7838,27.6,358.3,69.7,15.7,1920,1080,0.053,62.5,366.2
Round3,Q4,288,288.0,EMIRATES,0.7755,56.8,216.4,52.1,12.3,1920,1080,0.031,82.8,222.5
Round3,Q4,288,288.0,EMIRATES,0.7747,1205.0,203.4,44.8,13.2,1920,1080,0.028,1227.4,210.0
Round3,Q4,288,288.0,EMIRATES,0.7737,623.5,452.1,63.9,17.8,1920,1080,0.055,655.5,461.0
Round3,Q4,288,288.0,EMIRATES,0.771,616.6,221.9,43.4,11.6,1920,1080,0.024,638.3,227.8
Round3,Q4,288,288.0,EMIRATES,0.7602,850.0,457.1,58.5,18.2,1920,1080,0.051,879.3,466.2
Round3,Q4,288,288.0,EMIRATES,0.7474,383.5,360.7,61.1,14.9,1920,1080,0.044,414.1,368.1
Round3,Q4,288,288.0,EMIRATES,0.7185,1470.5,188.0,47.4,13.8,1920,1080,0.032,1494.2,195.0
Round3,Q4,288,288.0,EMIRATES,0.7185,868.7,216.8,43.5,12.1,1920,1080,0.025,890.5,222.9
Round3,Q4,288,288.0,EMIRATES,0.7141,253.8,221.1,48.2,11.8,1920,1080,0.027,277.9,227.0
Round3,Q4,288,288.0,EMIRATES,0.6853,735.3,453.6,63.6,18.7,1920,1080,0.057,767.0,462.9
Round3,Q4,288,288.0,EMIRATES,0.6694,346.8,222.5,48.2,12.0,1920,1080,0.028,371.0,228.5
Round3,Q4,288,288.0,EMIRATES,0.6557,953.1,215.1,42.8,11.5,1920,1080,0.024,974.5,220.9
Round3,Q4,288,288.0,EMIRATES,0.6309,363.7,449.7,70.6,17.7,1920,1080,0.06,399.0,458.5
Round3,Q4,288,288.0,EMIRATES,0.6248,786.9,219.4,41.0,11.2,1920,1080,0.022,807.4,225.0
Round3,Q4,288,288.0,EMIRATES,0.5044,1730.6,498.9,71.6,31.6,1920,1080,0.109,1766.4,514.7
Round3,Q4,288,288.0,EMIRATES,0.4175,159.2,219.1,48.0,12.0,1920,1080,0.028,183.2,225.1
Round3,Q4,289,289.0,EMIRATES,0.8729,1577.5,481.8,67.5,25.4,1920,1080,0.083,1611.3,494.5
Round3,Q4,289,289.0,EMIRATES,0.8696,1737.4,357.2,71.1,20.5,1920,1080,0.07,1772.9,367.5
Round3,Q4,289,289.0,EMIRATES,0.8691,1143.2,460.5,58.3,20.4,1920,1080,0.057,1172.3,470.7
Round3,Q4,289,289.0,EMIRATES,0.8685,683.8,358.7,58.1,16.0,1920,1080,0.045,712.9,366.7
Round3,Q4,289,289.0,EMIRATES,0.8652,243.8,357.2,63.9,16.4,1920,1080,0.051,275.7,365.4
Round3,Q4,289,289.0,EMIRATES,0.8651,1354.5,470.4,60.3,22.5,1920,1080,0.065,1384.7,481.6
Round3,Q4,289,289.0,EMIRATES,0.8643,1623.6,358.7,62.3,18.8,1920,1080,0.057,1654.7,368.1
Round3,Q4,289,289.0,EMIRATES,0.859,1402.2,359.4,62.7,18.7,1920,1080,0.057,1433.5,368.8
Round3,Q4,289,289.0,EMIRATES,0.8582,1510.9,359.1,61.7,18.6,1920,1080,0.055,1541.8,368.4
Round3,Q4,289,289.0,EMIRATES,0.8555,1192.8,359.9,58.6,16.9,1920,1080,0.048,1222.0,368.4
Round3,Q4,289,289.0,EMIRATES,0.853,324.4,446.1,69.3,18.1,1920,1080,0.06,359.1,455.1
Round3,Q4,289,289.0,EMIRATES,0.8515,706.8,449.3,63.5,18.2,1920,1080,0.056,738.6,458.4
Round3,Q4,289,289.0,EMIRATES,0.851,1297.8,359.7,58.5,17.8,1920,1080,0.05,1327.0,368.6
Round3,Q4,289,289.0,EMIRATES,0.8475,889.3,359.1,57.7,17.4,1920,1080,0.049,918.2,367.8
Round3,Q4,289,289.0,EMIRATES,0.8474,1247.8,465.3,59.0,21.3,1920,1080,0.061,1277.3,476.0
Round3,Q4,289,289.0,EMIRATES,0.8458,1041.1,457.3,56.7,18.8,1920,1080,0.051,1069.4,466.7
Round3,Q4,289,289.0,EMIRATES,0.8429,190.5,445.6,75.1,19.5,1920,1080,0.07,228.1,455.3
Round3,Q4,289,289.0,EMIRATES,0.8399,989.4,359.4,56.8,16.3,1920,1080,0.045,1017.9,367.5
Round3,Q4,289,289.0,EMIRATES,0.839,1091.3,359.6,57.4,17.6,1920,1080,0.049,1120.0,368.4
Round3,Q4,289,289.0,EMIRATES,0.8348,1120.1,208.3,43.2,12.6,1920,1080,0.026,1141.8,214.7
Round3,Q4,289,289.0,EMIRATES,0.8342,525.5,220.7,45.6,12.2,1920,1080,0.027,548.2,226.8
Round3,Q4,289,289.0,EMIRATES,0.8319,50.5,446.0,78.9,18.9,1920,1080,0.072,90.0,455.4
Round3,Q4,289,289.0,EMIRATES,0.8298,125.1,356.8,67.1,15.3,1920,1080,0.05,158.6,364.5
Round3,Q4,289,289.0,EMIRATES,0.8275,1560.6,182.9,47.8,13.8,1920,1080,0.032,1584.5,189.8
Round3,Q4,289,289.0,EMIRATES,0.8228,1863.9,355.8,56.1,21.9,1920,1080,0.059,1892.0,366.7
Round3,Q4,289,289.0,EMIRATES,0.8188,1467.7,189.5,47.2,13.1,1920,1080,0.03,1491.3,196.0
Round3,Q4,289,289.0,EMIRATES,0.8127,869.3,216.5,42.7,11.5,1920,1080,0.024,890.6,222.3
Round3,Q4,289,289.0,EMIRATES,0.8108,788.4,359.2,56.1,15.5,1920,1080,0.042,816.5,367.0
Round3,Q4,289,289.0,EMIRATES,0.8099,359.1,357.9,61.6,15.1,1920,1080,0.045,389.9,365.5
Round3,Q4,289,289.0,EMIRATES,0.8013,1379.1,195.3,45.9,13.0,1920,1080,0.029,1402.0,201.8
Round3,Q4,289,289.0,EMIRATES,0.789,1857.9,155.3,54.9,16.0,1920,1080,0.042,1885.3,163.3
Round3,Q4,289,289.0,EMIRATES,0.7868,451.5,446.8,68.8,18.4,1920,1080,0.061,485.9,456.0
Round3,Q4,289,289.0,EMIRATES,0.7706,1036.3,212.0,42.9,11.8,1920,1080,0.024,1057.8,217.9
Round3,Q4,289,289.0,EMIRATES,0.7636,470.7,358.1,59.1,15.6,1920,1080,0.044,500.2,365.9
Round3,Q4,289,289.0,EMIRATES,0.762,1204.4,204.1,44.2,12.9,1920,1080,0.027,1226.5,210.5
Round3,Q4,289,289.0,EMIRATES,0.7616,152.8,216.7,50.5,11.9,1920,1080,0.029,178.0,222.6
Round3,Q4,289,289.0,EMIRATES,0.7599,931.4,453.8,59.9,18.7,1920,1080,0.054,961.4,463.2
Round3,Q4,289,289.0,EMIRATES,0.7561,1464.2,474.7,63.9,23.2,1920,1080,0.071,1496.1,486.3
Round3,Q4,289,289.0,EMIRATES,0.753,952.3,214.3,43.2,11.6,1920,1080,0.024,974.0,220.1
Round3,Q4,289,289.0,EMIRATES,0.7481,0.1,355.5,68.3,15.9,1920,1080,0.052,34.2,363.4
Round3,Q4,289,289.0,EMIRATES,0.7462,817.9,451.4,63.6,18.8,1920,1080,0.058,849.7,460.8
Round3,Q4,289,289.0,EMIRATES,0.7254,1290.0,199.7,45.4,12.8,1920,1080,0.028,1312.7,206.2
Round3,Q4,289,289.0,EMIRATES,0.7148,701.5,220.4,41.2,10.9,1920,1080,0.022,722.0,225.8
Round3,Q4,289,289.0,EMIRATES,0.6871,784.8,218.7,42.3,11.5,1920,1080,0.023,805.9,224.4
Round3,Q4,289,289.0,EMIRATES,0.6796,344.8,220.2,46.4,11.8,1920,1080,0.026,368.1,226.1
Round3,Q4,289,289.0,EMIRATES,0.6765,435.6,221.3,45.7,12.2,1920,1080,0.027,458.4,227.4
Round3,Q4,289,289.0,EMIRATES,0.6329,250.2,218.7,46.6,11.5,1920,1080,0.026,273.5,224.5
Round3,Q4,289,289.0,EMIRATES,0.6298,1755.2,166.2,51.8,14.4,1920,1080,0.036,1781.1,173.4
Round3,Q4,289,289.0,EMIRATES,0.5907,54.1,214.8,49.2,11.3,1920,1080,0.027,78.7,220.4
Round3,Q4,289,289.0,EMIRATES,0.4883,1827.7,497.0,73.9,31.5,1920,1080,0.112,1864.6,512.7
Round3,Q4,289,289.0,EMIRATES,0.3809,1654.7,175.8,49.9,13.6,1920,1080,0.033,1679.7,182.6
Round3,Q4,290,290.0,EMIRATES,0.8817,1343.2,473.5,59.4,21.5,1920,1080,0.062,1372.9,484.2
Round3,Q4,290,290.0,EMIRATES,0.8706,1560.0,483.7,66.4,25.5,1920,1080,0.082,1593.2,496.4
Round3,Q4,290,290.0,EMIRATES,0.8696,1833.8,165.6,54.8,15.4,1920,1080,0.041,1861.2,173.3
Round3,Q4,290,290.0,EMIRATES,0.8653,1717.0,362.9,69.0,19.7,1920,1080,0.066,1751.5,372.8
Round3,Q4,290,290.0,EMIRATES,0.8576,1496.2,364.2,59.9,17.8,1920,1080,0.051,1526.2,373.1
Round3,Q4,290,290.0,EMIRATES,0.8512,68.0,449.0,76.1,19.0,1920,1080,0.07,106.1,458.5
Round3,Q4,290,290.0,EMIRATES,0.8504,1135.3,463.4,57.3,20.0,1920,1080,0.055,1163.9,473.4
Round3,Q4,290,290.0,EMIRATES,0.8487,1185.7,364.6,56.9,16.4,1920,1080,0.045,1214.1,372.8
Round3,Q4,290,290.0,EMIRATES,0.8477,203.3,449.0,73.6,18.6,1920,1080,0.066,240.1,458.3
Round3,Q4,290,290.0,EMIRATES,0.8411,1451.8,478.1,60.5,22.6,1920,1080,0.066,1482.1,489.4
Round3,Q4,290,290.0,EMIRATES,0.8402,335.3,449.4,66.5,18.5,1920,1080,0.059,368.6,458.6
Round3,Q4,290,290.0,EMIRATES,0.8385,256.0,361.9,62.0,15.9,1920,1080,0.048,287.0,369.9
Round3,Q4,290,290.0,EMIRATES,0.8374,1390.6,364.7,58.8,17.5,1920,1080,0.05,1420.0,373.4
Round3,Q4,290,290.0,EMIRATES,0.8371,686.6,363.6,57.1,15.6,1920,1080,0.043,715.1,371.4
Round3,Q4,290,290.0,EMIRATES,0.8365,1287.7,364.8,56.8,16.3,1920,1080,0.045,1316.1,373.0
Round3,Q4,290,290.0,EMIRATES,0.8342,1838.9,361.9,69.7,20.0,1920,1080,0.067,1873.8,371.9
Round3,Q4,290,290.0,EMIRATES,0.8341,1035.0,459.7,56.7,18.4,1920,1080,0.05,1063.3,468.9
Round3,Q4,290,290.0,EMIRATES,0.8332,790.3,364.0,54.3,15.8,1920,1080,0.041,817.5,371.9
Round3,Q4,290,290.0,EMIRATES,0.8304,1366.0,203.2,45.3,13.0,1920,1080,0.028,1388.7,209.8
Round3,Q4,290,290.0,EMIRATES,0.8295,985.9,364.6,55.8,15.7,1920,1080,0.042,1013.7,372.5
Round3,Q4,290,290.0,EMIRATES,0.8194,140.3,362.3,64.1,15.3,1920,1080,0.047,172.3,369.9
Round3,Q4,290,290.0,EMIRATES,0.8164,1606.3,363.7,59.8,18.2,1920,1080,0.052,1636.2,372.8
Round3,Q4,290,290.0,EMIRATES,0.8162,708.8,452.3,62.3,17.7,1920,1080,0.053,740.0,461.1
Round3,Q4,290,290.0,EMIRATES,0.8136,1280.1,208.4,44.4,12.8,1920,1080,0.027,1302.3,214.8
Round3,Q4,290,290.0,EMIRATES,0.8114,818.2,453.9,61.6,18.5,1920,1080,0.055,849.0,463.1
Round3,Q4,290,290.0,EMIRATES,0.8095,1084.6,364.8,56.9,16.3,1920,1080,0.045,1113.0,372.9
Round3,Q4,290,290.0,EMIRATES,0.8007,367.6,363.3,60.2,15.0,1920,1080,0.044,397.8,370.8
Round3,Q4,290,290.0,EMIRATES,0.7995,477.8,363.3,58.6,15.7,1920,1080,0.044,507.0,371.1
Round3,Q4,290,290.0,EMIRATES,0.7981,1453.1,197.8,46.7,13.8,1920,1080,0.031,1476.4,204.6
Round3,Q4,290,290.0,EMIRATES,0.7949,887.1,364.4,56.2,15.6,1920,1080,0.042,915.2,372.2
Round3,Q4,290,290.0,EMIRATES,0.7825,928.9,457.1,58.8,18.1,1920,1080,0.051,958.3,466.1
Round3,Q4,290,290.0,EMIRATES,0.7818,1238.7,468.3,58.1,20.7,1920,1080,0.058,1267.7,478.7
Round3,Q4,290,290.0,EMIRATES,0.7453,353.6,227.8,47.3,11.7,1920,1080,0.027,377.3,233.7
Round3,Q4,290,290.0,EMIRATES,0.7399,1031.3,220.0,42.7,12.0,1920,1080,0.025,1052.6,226.0
Round3,Q4,290,290.0,EMIRATES,0.7394,1731.9,175.5,52.7,15.0,1920,1080,0.038,1758.2,183.0
Round3,Q4,290,290.0,EMIRATES,0.713,1196.1,212.6,43.4,12.2,1920,1080,0.026,1217.8,218.7
Round3,Q4,290,290.0,EMIRATES,0.7067,1112.9,216.4,43.1,11.9,1920,1080,0.025,1134.5,222.3
Round3,Q4,290,290.0,EMIRATES,0.702,1542.9,192.1,47.6,13.3,1920,1080,0.031,1566.7,198.8
Round3,Q4,290,290.0,EMIRATES,0.6646,69.3,222.4,50.8,12.1,1920,1080,0.03,94.7,228.5
Round3,Q4,290,290.0,EMIRATES,0.6411,531.6,228.4,44.4,11.7,1920,1080,0.025,553.8,234.2
Round3,Q4,290,290.0,EMIRATES,0.6088,1803.7,499.2,72.2,30.7,1920,1080,0.107,1839.8,514.6
Round3,Q4,290,290.0,EMIRATES,0.5521,702.5,227.8,41.9,11.1,1920,1080,0.023,723.4,233.3
Round3,Q4,290,290.0,EMIRATES,0.4941,16.7,361.1,68.6,15.1,1920,1080,0.05,50.9,368.6
Round3,Q4,290,290.0,EMIRATES,0.4918,949.1,222.3,41.3,11.8,1920,1080,0.024,969.7,228.2
Round3,Q4,290,290.0,EMIRATES,0.4792,263.2,227.2,44.9,10.9,1920,1080,0.024,285.6,232.7
Round3,Q4,290,290.0,EMIRATES,0.4356,167.1,224.7,48.7,12.0,1920,1080,0.028,191.4,230.6
Round3,Q4,290,290.0,EMIRATES,0.4091,461.1,451.0,65.9,16.1,1920,1080,0.051,494.1,459.0
Round3,Q4,290,290.0,EMIRATES,0.3767,1635.8,184.6,49.0,13.4,1920,1080,0.032,1660.3,191.4
Round3,Q4,290,290.0,EMIRATES,0.3403,869.2,225.0,40.5,11.0,1920,1080,0.021,889.4,230.5
Round3,Q4,290,290.0,EMIRATES,0.3128,582.3,364.3,44.8,14.4,1920,1080,0.031,604.7,371.5
Round3,Q4,291,291.0,EMIRATES,0.8746,1810.7,368.3,67.0,20.7,1920,1080,0.067,1844.2,378.7
Round3,Q4,291,291.0,EMIRATES,0.8731,1475.6,370.6,58.9,17.6,1920,1080,0.05,1505.0,379.4
Round3,Q4,291,291.0,EMIRATES,0.869,1583.4,370.2,59.2,18.1,1920,1080,0.052,1613.0,379.3
Round3,Q4,291,291.0,EMIRATES,0.865,1691.7,369.4,67.5,19.7,1920,1080,0.064,1725.5,379.3
Round3,Q4,291,291.0,EMIRATES,0.8591,1325.9,477.5,57.8,20.8,1920,1080,0.058,1354.9,487.9
Round3,Q4,291,291.0,EMIRATES,0.8545,1171.8,370.7,55.5,16.7,1920,1080,0.045,1199.5,379.1
Round3,Q4,291,291.0,EMIRATES,0.8494,1372.4,370.7,59.4,18.2,1920,1080,0.052,1402.1,379.8
Round3,Q4,291,291.0,EMIRATES,0.8464,1123.0,467.7,56.9,19.5,1920,1080,0.054,1151.5,477.5
Round3,Q4,291,291.0,EMIRATES,0.8443,1025.0,464.4,56.0,18.3,1920,1080,0.049,1053.0,473.5
Round3,Q4,291,291.0,EMIRATES,0.8404,1271.6,370.7,54.8,16.7,1920,1080,0.044,1299.0,379.1
Round3,Q4,291,291.0,EMIRATES,0.8369,1073.0,370.3,56.7,17.1,1920,1080,0.047,1101.3,378.9
Round3,Q4,291,291.0,EMIRATES,0.8348,1225.0,472.3,56.1,21.2,1920,1080,0.057,1253.1,482.8
Round3,Q4,291,291.0,EMIRATES,0.8344,683.1,370.0,55.0,15.2,1920,1080,0.04,710.6,377.6
Round3,Q4,291,291.0,EMIRATES,0.8302,704.6,457.3,61.4,17.5,1920,1080,0.052,735.3,466.1
Round3,Q4,291,291.0,EMIRATES,0.8285,976.0,370.4,54.6,15.9,1920,1080,0.042,1003.3,378.4
Round3,Q4,291,291.0,EMIRATES,0.8258,75.3,453.3,74.6,19.5,1920,1080,0.07,112.6,463.0
Round3,Q4,291,291.0,EMIRATES,0.824,1430.9,482.6,61.2,22.0,1920,1080,0.065,1461.5,493.6
Round3,Q4,291,291.0,EMIRATES,0.8233,1539.0,486.9,64.9,25.4,1920,1080,0.079,1571.4,499.6
Round3,Q4,291,291.0,EMIRATES,0.8199,336.4,453.5,68.0,18.1,1920,1080,0.059,370.4,462.5
Round3,Q4,291,291.0,EMIRATES,0.8195,1434.7,208.0,44.8,13.4,1920,1080,0.029,1457.1,214.7
Round3,Q4,291,291.0,EMIRATES,0.8185,921.5,461.5,57.0,17.8,1920,1080,0.049,950.0,470.5
Round3,Q4,291,291.0,EMIRATES,0.8121,782.8,370.3,53.9,15.3,1920,1080,0.04,809.7,377.9
Round3,Q4,291,291.0,EMIRATES,0.8104,1805.2,177.2,53.2,14.8,1920,1080,0.038,1831.8,184.6
Round3,Q4,291,291.0,EMIRATES,0.7895,208.8,453.6,70.6,18.3,1920,1080,0.062,244.1,462.7
Round3,Q4,291,291.0,EMIRATES,0.771,260.0,368.5,59.6,15.1,1920,1080,0.044,289.8,376.1
Round3,Q4,291,291.0,EMIRATES,0.7626,879.2,370.2,56.3,16.0,1920,1080,0.043,907.4,378.2
Round3,Q4,291,291.0,EMIRATES,0.7572,458.5,454.8,66.8,17.6,1920,1080,0.057,491.9,463.5
Round3,Q4,291,291.0,EMIRATES,0.7544,369.8,369.3,57.1,15.2,1920,1080,0.042,398.3,376.9
Round3,Q4,291,291.0,EMIRATES,0.7422,146.2,368.6,62.4,14.5,1920,1080,0.044,177.4,375.8
Round3,Q4,291,291.0,EMIRATES,0.7289,477.4,369.7,56.9,14.8,1920,1080,0.041,505.9,377.1
Round3,Q4,291,291.0,EMIRATES,0.7235,1265.1,217.7,43.3,12.7,1920,1080,0.026,1286.7,224.0
Round3,Q4,291,291.0,EMIRATES,0.7228,1182.7,222.2,42.0,12.0,1920,1080,0.024,1203.7,228.2
Round3,Q4,291,291.0,EMIRATES,0.7209,1101.0,225.8,41.8,11.6,1920,1080,0.023,1121.9,231.6
Round3,Q4,291,291.0,EMIRATES,0.7162,1776.0,503.3,70.9,29.3,1920,1080,0.1,1811.5,518.0
Round3,Q4,291,291.0,EMIRATES,0.7034,1522.3,202.4,46.1,13.2,1920,1080,0.029,1545.3,209.0
Round3,Q4,291,291.0,EMIRATES,0.6992,172.5,233.5,48.8,12.3,1920,1080,0.029,196.9,239.6
Round3,Q4,291,291.0,EMIRATES,0.6901,1021.0,229.0,41.3,11.5,1920,1080,0.023,1041.7,234.7
Round3,Q4,291,291.0,EMIRATES,0.681,860.8,233.9,40.6,11.0,1920,1080,0.022,881.1,239.4
Round3,Q4,291,291.0,EMIRATES,0.6674,779.8,235.0,41.3,11.4,1920,1080,0.023,800.5,240.7
Round3,Q4,291,291.0,EMIRATES,0.6668,1349.3,213.4,44.0,12.5,1920,1080,0.027,1371.3,219.7
Round3,Q4,291,291.0,EMIRATES,0.6284,266.6,235.9,45.7,11.1,1920,1080,0.024,289.4,241.5
Round3,Q4,291,291.0,EMIRATES,0.5815,812.7,458.5,59.9,18.2,1920,1080,0.053,842.6,467.6
Round3,Q4,291,291.0,EMIRATES,0.5472,1706.3,186.6,51.4,14.4,1920,1080,0.036,1732.0,193.8
Round3,Q4,291,291.0,EMIRATES,0.4977,0.0,452.6,13.9,21.0,1920,1080,0.014,6.9,463.1
Round3,Q4,291,291.0,EMIRATES,0.4775,1907.7,512.1,12.3,28.1,1920,1080,0.017,1913.9,526.2
Round3,Q4,291,291.0,EMIRATES,0.447,530.5,237.6,43.5,11.3,1920,1080,0.024,552.2,243.2
Round3,Q4,291,291.0,EMIRATES,0.4253,25.5,367.3,66.8,15.4,1920,1080,0.049,58.9,374.9
Round3,Q4,291,291.0,EMIRATES,0.3088,356.1,237.2,44.7,11.1,1920,1080,0.024,378.5,242.8
Round3,Q4,292,292.0,EMIRATES,0.844,1624.5,490.5,61.6,27.2,1920,1080,0.081,1655.3,504.1
Round3,Q4,292,292.0,EMIRATES,0.8355,1416.7,480.6,53.5,22.9,1920,1080,0.059,1443.4,492.0
Round3,Q4,292,292.0,EMIRATES,0.8248,1518.2,484.4,57.4,24.8,1920,1080,0.069,1546.8,496.8
Round3,Q4,292,292.0,EMIRATES,0.8229,1773.9,377.1,67.0,19.7,1920,1080,0.064,1807.4,386.9
Round3,Q4,292,292.0,EMIRATES,0.8092,1219.7,470.7,53.7,21.8,1920,1080,0.056,1246.5,481.6
Round3,Q4,292,292.0,EMIRATES,0.7969,821.6,460.3,54.6,18.2,1920,1080,0.048,848.9,469.4
Round3,Q4,292,292.0,EMIRATES,0.7832,111.9,459.2,66.7,19.0,1920,1080,0.061,145.3,468.7
Round3,Q4,292,292.0,EMIRATES,0.7826,1125.7,467.4,51.2,20.0,1920,1080,0.05,1151.3,477.4
Round3,Q4,292,292.0,EMIRATES,0.7685,357.1,458.1,61.9,17.9,1920,1080,0.053,388.1,467.1
Round3,Q4,292,292.0,EMIRATES,0.7612,1318.1,475.9,53.8,21.9,1920,1080,0.057,1345.0,486.8
Round3,Q4,292,292.0,EMIRATES,0.7484,237.2,458.4,61.8,17.5,1920,1080,0.052,268.0,467.2
Round3,Q4,292,292.0,EMIRATES,0.7289,474.6,458.2,61.4,16.7,1920,1080,0.049,505.3,466.6
Round3,Q4,292,292.0,EMIRATES,0.6759,0.2,459.3,51.8,18.9,1920,1080,0.047,26.1,468.8
Round3,Q4,292,292.0,EMIRATES,0.6484,586.7,458.5,63.4,17.5,1920,1080,0.054,618.5,467.3
Round3,Q4,292,292.0,EMIRATES,0.5663,1027.0,465.4,54.2,18.9,1920,1080,0.049,1054.1,474.8
Round3,Q4,292,292.0,EMIRATES,0.5273,1559.3,378.3,59.0,18.5,1920,1080,0.053,1588.8,387.5
Round3,Q4,292,292.0,EMIRATES,0.5205,921.3,462.2,57.0,18.4,1920,1080,0.051,949.8,471.4
Round3,Q4,292,292.0,EMIRATES,0.4467,1884.2,190.7,35.8,14.9,1920,1080,0.026,1902.1,198.1
Round3,Q4,292,292.0,EMIRATES,0.4087,298.3,378.8,55.7,13.7,1920,1080,0.037,326.2,385.7
Round3,Q4,293,293.0,EMIRATES,0.4108,508.2,487.7,46.4,15.5,1920,1080,0.035,531.4,495.5
Round3,Q4,293,293.0,EMIRATES,0.3964,1623.9,480.8,47.9,14.6,1920,1080,0.034,1647.8,488.1
Round3,Q4,299,299.0,EMIRATES,0.873,890.0,577.8,46.4,20.6,1920,1080,0.046,913.1,588.0
Round3,Q4,299,299.0,EMIRATES,0.8213,154.1,14.4,36.6,15.5,1920,1080,0.027,172.4,22.1
Round3,Q4,301,301.0,EMIRATES,0.8065,1466.4,643.0,43.0,14.6,1920,1080,0.03,1487.9,650.3
Round3,Q4,302,302.0,EMIRATES,0.8752,1035.8,435.2,35.5,19.9,1920,1080,0.034,1053.5,445.2
Round3,Q4,305,305.0,EMIRATES,0.8469,1619.2,458.1,55.1,17.3,1920,1080,0.046,1646.7,466.8
Round3,Q4,306,306.0,EMIRATES,0.87,914.1,374.9,51.8,20.0,1920,1080,0.05,940.0,385.0
Round3,Q4,307,307.0,EMIRATES,0.8741,175.5,892.2,44.2,17.3,1920,1080,0.037,197.6,900.8
Round3,Q4,307,307.0,EMIRATES,0.8408,847.3,291.9,44.7,236.6,1920,1080,0.51,869.6,410.2
Round3,Q4,307,307.0,EMIRATES,0.8371,95.5,193.4,45.7,241.4,1920,1080,0.532,118.4,314.1
Round3,Q4,307,307.0,EMIRATES,0.8295,1433.3,637.7,33.9,19.1,1920,1080,0.031,1450.2,647.3
Round3,Q4,307,307.0,EMIRATES,0.8276,1649.3,374.3,45.1,254.0,1920,1080,0.553,1671.9,501.3
Round3,Q4,307,307.0,EMIRATES,0.7928,90.3,1.0,44.5,174.4,1920,1080,0.374,112.6,88.2
Round3,Q4,307,307.0,EMIRATES,0.7837,1654.3,144.4,47.2,147.0,1920,1080,0.335,1677.9,217.9
Round3,Q4,307,307.0,EMIRATES,0.6039,848.0,60.6,40.5,203.1,1920,1080,0.396,868.2,162.1
Round3,Q4,308,308.0,EMIRATES,0.8514,14.1,931.7,44.6,15.4,1920,1080,0.033,36.4,939.4
Round3,Q4,308,308.0,EMIRATES,0.8512,1533.2,645.7,28.5,17.4,1920,1080,0.024,1547.4,654.3
Round3,Q4,308,308.0,EMIRATES,0.8323,1596.4,439.4,46.8,262.0,1920,1080,0.591,1619.8,570.4
Round3,Q4,308,308.0,EMIRATES,0.8208,30.1,263.4,47.7,238.5,1920,1080,0.548,53.9,382.6
Round3,Q4,308,308.0,EMIRATES,0.8144,787.5,352.6,44.8,244.3,1920,1080,0.528,809.9,474.7
Round3,Q4,308,308.0,EMIRATES,0.795,1596.8,211.0,46.2,146.7,1920,1080,0.327,1619.8,284.4
Round3,Q4,308,308.0,EMIRATES,0.7467,26.9,38.4,42.4,208.0,1920,1080,0.425,48.1,142.4
Round3,Q4,308,308.0,EMIRATES,0.6978,788.3,131.2,42.6,199.8,1920,1080,0.411,809.6,231.1
Round3,Q4,309,309.0,EMIRATES,0.9113,390.2,915.3,96.0,38.1,1920,1080,0.176,438.2,934.3
Round3,Q4,309,309.0,EMIRATES,0.8844,656.1,534.2,77.3,57.9,1920,1080,0.216,694.7,563.1
Round3,Q4,309,309.0,EMIRATES,0.8721,112.5,257.6,70.2,21.3,1920,1080,0.072,147.5,268.2
Round3,Q4,310,310.0,EMIRATES,0.8733,868.4,611.6,58.5,29.4,1920,1080,0.083,897.7,626.3
Round3,Q4,310,310.0,EMIRATES,0.865,1062.8,233.5,81.5,26.2,1920,1080,0.103,1103.6,246.6
Round3,Q4,310,310.0,EMIRATES,0.5889,0.0,203.3,40.1,33.4,1920,1080,0.065,20.0,220.0
Round3,Q4,310,310.0,EMIRATES,0.4363,1360.0,474.3,68.3,38.6,1920,1080,0.127,1394.1,493.5
Round3,Q4,311,311.0,EMIRATES,0.8711,969.1,548.5,41.7,32.2,1920,1080,0.065,990.0,564.6
Round3,Q4,311,311.0,EMIRATES,0.6295,1127.9,16.1,70.6,23.4,1920,1080,0.08,1163.2,27.8
Round3,Q4,312,312.0,EMIRATES,0.918,1010.1,490.4,123.8,42.5,1920,1080,0.254,1072.0,511.7
Round3,Q4,314,314.0,EMIRATES,0.9108,990.6,457.0,90.8,52.9,1920,1080,0.232,1036.0,483.4
Round3,Q4,315,315.0,EMIRATES,0.8974,1590.9,902.6,38.5,13.7,1920,1080,0.025,1610.2,909.4
Round3,Q4,316,316.0,EMIRATES,0.8554,111.0,374.6,53.9,19.1,1920,1080,0.05,137.9,384.2
Round3,Q4,316,316.0,EMIRATES,0.8553,945.3,314.6,46.3,19.5,1920,1080,0.044,968.4,324.4
Round3,Q4,317,317.0,EMIRATES,0.8297,1837.8,840.7,30.3,163.1,1920,1080,0.239,1853.0,922.3
Round3,Q4,318,318.0,EMIRATES,0.8328,1769.0,853.0,30.0,164.3,1920,1080,0.238,1784.1,935.1
Round3,Q4,319,319.0,EMIRATES,0.8757,942.1,356.2,52.9,15.3,1920,1080,0.039,968.5,363.8
Round3,Q4,319,319.0,EMIRATES,0.8509,1855.5,851.3,32.9,160.1,1920,1080,0.254,1871.9,931.3
Round3,Q4,319,319.0,EMIRATES,0.8056,1827.7,3.8,55.1,199.6,1920,1080,0.531,1855.2,103.6
Round3,Q4,319,319.0,EMIRATES,0.725,774.6,2.9,46.5,71.9,1920,1080,0.161,797.9,38.8
Round3,Q4,320,320.0,EMIRATES,0.8827,181.3,879.3,42.1,16.1,1920,1080,0.033,202.4,887.3
Round3,Q4,320,320.0,EMIRATES,0.8477,103.6,208.5,45.5,231.7,1920,1080,0.509,126.3,324.3
Round3,Q4,320,320.0,EMIRATES,0.8372,835.7,301.8,42.5,232.8,1920,1080,0.477,857.0,418.2
Round3,Q4,320,320.0,EMIRATES,0.8316,1616.2,383.7,45.8,248.3,1920,1080,0.549,1639.1,507.8
Round3,Q4,320,320.0,EMIRATES,0.8237,1491.1,776.6,31.4,159.7,1920,1080,0.242,1506.8,856.4
Round3,Q4,320,320.0,EMIRATES,0.7914,1620.8,160.3,45.5,142.8,1920,1080,0.314,1643.6,231.7
Round3,Q4,320,320.0,EMIRATES,0.7452,99.0,2.8,41.6,190.3,1920,1080,0.382,119.8,97.9
Round3,Q4,320,320.0,EMIRATES,0.7426,1463.4,638.8,34.1,17.4,1920,1080,0.029,1480.4,647.6
Round3,Q4,320,320.0,EMIRATES,0.5854,836.5,81.5,39.2,199.2,1920,1080,0.377,856.1,181.1
Round3,Q4,321,321.0,EMIRATES,0.875,126.9,878.6,42.0,14.1,1920,1080,0.029,147.9,885.7
Round3,Q4,321,321.0,EMIRATES,0.8459,104.7,263.7,44.3,216.4,1920,1080,0.462,126.9,371.9
Round3,Q4,321,321.0,EMIRATES,0.8409,1578.6,761.6,30.3,153.6,1920,1080,0.224,1593.8,838.4
Round3,Q4,321,321.0,EMIRATES,0.8366,787.3,353.0,40.6,210.4,1920,1080,0.412,807.6,458.2
Round3,Q4,321,321.0,EMIRATES,0.8056,1519.3,218.8,33.3,131.5,1920,1080,0.211,1535.9,284.5
Round3,Q4,321,321.0,EMIRATES,0.7931,1562.9,629.5,31.7,11.7,1920,1080,0.018,1578.7,635.3
Round3,Q4,321,321.0,EMIRATES,0.7897,1516.0,423.8,37.9,233.2,1920,1080,0.426,1535.0,540.4
Round3,Q4,321,321.0,EMIRATES,0.7697,102.0,65.1,41.6,183.5,1920,1080,0.368,122.8,156.9
Round3,Q4,321,321.0,EMIRATES,0.7656,787.5,146.3,37.8,165.8,1920,1080,0.302,806.4,229.2
Round3,Q4,322,322.0,EMIRATES,0.8792,1126.3,658.1,105.0,42.3,1920,1080,0.214,1178.8,679.2
Round3,Q4,322,322.0,EMIRATES,0.871,542.8,510.5,124.2,64.4,1920,1080,0.386,604.9,542.7
Round3,Q4,322,322.0,EMIRATES,0.8156,1654.7,758.6,28.1,135.0,1920,1080,0.183,1668.7,826.2
Round3,Q4,322,322.0,EMIRATES,0.3748,337.7,91.3,78.4,25.3,1920,1080,0.096,376.9,103.9
Round3,Q4,323,323.0,EMIRATES,0.8997,575.2,911.3,109.2,42.1,1920,1080,0.222,629.8,932.4
Round3,Q4,323,323.0,EMIRATES,0.8897,630.2,521.1,110.8,57.9,1920,1080,0.309,685.6,550.0
Round3,Q4,323,323.0,EMIRATES,0.8816,298.5,229.4,70.2,22.7,1920,1080,0.077,333.6,240.8
Round3,Q4,324,324.0,EMIRATES,0.8853,686.4,517.9,62.7,55.9,1920,1080,0.169,717.8,545.9
Round3,Q4,324,324.0,EMIRATES,0.8685,8.1,263.6,70.2,22.8,1920,1080,0.077,43.2,275.0
Round3,Q4,324,324.0,EMIRATES,0.8063,1842.2,763.1,27.7,106.9,1920,1080,0.143,1856.0,816.6
Round3,Q4,324,324.0,EMIRATES,0.6368,279.7,967.4,23.2,34.1,1920,1080,0.038,291.3,984.4
Round3,Q4,325,325.0,EMIRATES,0.9167,798.0,495.6,70.8,48.7,1920,1080,0.166,833.4,520.0
Round3,Q4,326,326.0,EMIRATES,0.7846,440.9,2.8,77.4,159.3,1920,1080,0.595,479.6,82.4
Round3,Q4,327,327.0,JAMESON,0.8633,591.7,206.3,31.8,10.9,1920,1080,0.017,607.6,211.8
Round3,Q4,327,327.0,JAMESON,0.8545,537.3,206.8,29.8,10.5,1920,1080,0.015,552.2,212.0
Round3,Q4,327,327.0,JAMESON,0.8543,928.0,206.0,29.9,9.7,1920,1080,0.014,942.9,210.8
Round3,Q4,327,327.0,JAMESON,0.8499,606.8,275.0,35.9,12.7,1920,1080,0.022,624.7,281.4
Round3,Q4,327,327.0,JAMESON,0.8496,171.0,207.1,31.8,11.4,1920,1080,0.017,186.9,212.8
Round3,Q4,327,327.0,JAMESON,0.8496,340.9,207.0,31.4,11.4,1920,1080,0.017,356.6,212.7
Round3,Q4,327,327.0,JAMESON,0.8494,1315.3,204.8,34.2,11.1,1920,1080,0.018,1332.4,210.3
Round3,Q4,327,327.0,JAMESON,0.8485,286.9,286.6,34.7,13.8,1920,1080,0.023,304.3,293.5
Round3,Q4,327,327.0,JAMESON,0.846,481.3,207.3,31.4,10.6,1920,1080,0.016,497.0,212.6
Round3,Q4,327,327.0,JAMESON,0.8425,1254.2,205.7,32.1,9.7,1920,1080,0.015,1270.2,210.5
Round3,Q4,327,327.0,JAMESON,0.8418,48.3,205.4,34.9,12.7,1920,1080,0.021,65.7,211.7
Round3,Q4,327,327.0,JAMESON,0.84,1743.9,276.7,38.8,13.2,1920,1080,0.025,1763.3,283.3
Round3,Q4,327,327.0,JAMESON,0.84,1434.3,272.1,39.0,12.5,1920,1080,0.024,1453.8,278.4
Round3,Q4,327,327.0,JAMESON,0.8383,1568.9,203.2,37.1,12.4,1920,1080,0.022,1587.5,209.4
Round3,Q4,327,327.0,JAMESON,0.838,1845.1,200.7,37.2,11.6,1920,1080,0.021,1863.6,206.5
Round3,Q4,327,327.0,JAMESON,0.8372,17.5,64.4,33.9,11.2,1920,1080,0.018,34.5,70.0
Round3,Q4,327,327.0,JAMESON,0.8364,1582.1,273.8,40.8,13.5,1920,1080,0.027,1602.5,280.6
Round3,Q4,327,327.0,JAMESON,0.8364,1363.0,271.4,38.8,12.5,1920,1080,0.023,1382.4,277.6
Round3,Q4,327,327.0,JAMESON,0.834,881.0,270.7,37.1,12.5,1920,1080,0.022,899.5,276.9
Round3,Q4,327,327.0,JAMESON,0.8338,1097.5,205.8,31.2,10.3,1920,1080,0.015,1113.1,211.0
Round3,Q4,327,327.0,JAMESON,0.8315,228.9,207.0,33.5,11.3,1920,1080,0.018,245.6,212.7
Round3,Q4,327,327.0,JAMESON,0.8269,111.2,206.9,35.3,12.2,1920,1080,0.021,128.9,213.1
Round3,Q4,327,327.0,JAMESON,0.8268,349.6,284.3,34.4,13.0,1920,1080,0.022,366.8,290.8
Round3,Q4,327,327.0,JAMESON,0.8263,1505.6,203.5,35.2,13.2,1920,1080,0.022,1523.2,210.0
Round3,Q4,327,327.0,JAMESON,0.8254,744.9,272.1,38.0,12.3,1920,1080,0.023,763.9,278.2
Round3,Q4,327,327.0,JAMESON,0.8249,479.1,279.3,33.5,12.4,1920,1080,0.02,495.9,285.5
Round3,Q4,327,327.0,JAMESON,0.8247,1772.9,201.5,37.9,11.9,1920,1080,0.022,1791.8,207.5
Round3,Q4,327,327.0,JAMESON,0.8244,1440.6,99.5,28.5,8.3,1920,1080,0.011,1454.8,103.6
Round3,Q4,327,327.0,JAMESON,0.822,396.2,206.9,29.8,10.8,1920,1080,0.016,411.1,212.3
Round3,Q4,327,327.0,JAMESON,0.821,985.3,206.0,29.4,9.6,1920,1080,0.014,1000.0,210.8
Round3,Q4,327,327.0,JAMESON,0.8205,1378.2,204.1,32.8,11.8,1920,1080,0.019,1394.6,210.0
Round3,Q4,327,327.0,JAMESON,0.8188,758.6,206.8,31.1,9.6,1920,1080,0.014,774.1,211.6
Round3,Q4,327,327.0,JAMESON,0.8185,815.4,206.1,30.4,9.2,1920,1080,0.014,830.6,210.7
Round3,Q4,327,327.0,JAMESON,0.8168,647.5,206.3,31.2,10.8,1920,1080,0.016,663.1,211.7
Round3,Q4,327,327.0,JAMESON,0.8166,1636.3,202.7,36.7,12.4,1920,1080,0.022,1654.7,208.9
Round3,Q4,327,327.0,JAMESON,0.8166,871.3,205.8,30.3,9.9,1920,1080,0.014,886.5,210.7
Round3,Q4,327,327.0,JAMESON,0.8149,1017.4,269.4,35.6,12.3,1920,1080,0.021,1035.2,275.6
Round3,Q4,327,327.0,JAMESON,0.8145,173.1,77.3,32.3,10.5,1920,1080,0.016,189.2,82.5
Round3,Q4,327,327.0,JAMESON,0.8125,14.0,299.9,40.4,15.4,1920,1080,0.03,34.2,307.6
Round3,Q4,327,327.0,JAMESON,0.8125,1370.4,101.1,29.4,8.8,1920,1080,0.012,1385.1,105.5
Round3,Q4,327,327.0,JAMESON,0.8124,813.7,271.7,35.8,12.0,1920,1080,0.021,831.6,277.7
Round3,Q4,327,327.0,JAMESON,0.8097,1223.6,270.0,37.3,12.2,1920,1080,0.022,1242.2,276.2
Round3,Q4,327,327.0,JAMESON,0.8079,582.5,98.3,27.3,8.6,1920,1080,0.011,596.2,102.6
Round3,Q4,327,327.0,JAMESON,0.806,1582.1,94.8,29.4,8.5,1920,1080,0.012,1596.8,99.0
Round3,Q4,327,327.0,JAMESON,0.806,544.7,276.7,33.4,12.8,1920,1080,0.021,561.5,283.1
Round3,Q4,327,327.0,JAMESON,0.805,1730.6,87.6,31.6,9.3,1920,1080,0.014,1746.5,92.3
Round3,Q4,327,327.0,JAMESON,0.8049,1440.3,204.5,34.8,12.5,1920,1080,0.021,1457.7,210.7
Round3,Q4,327,327.0,JAMESON,0.804,1808.5,82.3,33.0,9.9,1920,1080,0.016,1825.0,87.2
Round3,Q4,327,327.0,JAMESON,0.8026,948.5,270.1,36.9,12.0,1920,1080,0.021,967.0,276.1
Round3,Q4,327,327.0,JAMESON,0.7899,244.2,82.1,31.7,10.2,1920,1080,0.016,260.1,87.2
Round3,Q4,327,327.0,JAMESON,0.7841,410.7,281.7,32.0,12.1,1920,1080,0.019,426.7,287.7
Round3,Q4,327,327.0,JAMESON,0.7754,1708.1,202.5,31.8,11.1,1920,1080,0.017,1724.0,208.1
Round3,Q4,327,327.0,JAMESON,0.7745,95.6,71.5,32.8,10.3,1920,1080,0.016,112.0,76.7
Round3,Q4,327,327.0,JAMESON,0.7597,1654.9,91.7,32.4,9.2,1920,1080,0.014,1671.1,96.4
Round3,Q4,327,327.0,JAMESON,0.7489,1302.9,102.0,28.6,8.5,1920,1080,0.012,1317.2,106.2
Round3,Q4,327,327.0,JAMESON,0.7454,0.1,204.6,20.9,12.9,1920,1080,0.013,10.5,211.0
Round3,Q4,327,327.0,JAMESON,0.7399,776.8,101.9,28.1,9.0,1920,1080,0.012,790.8,106.4
Round3,Q4,327,327.0,JAMESON,0.7284,316.5,86.3,29.1,9.4,1920,1080,0.013,331.0,91.0
Round3,Q4,327,327.0,JAMESON,0.7277,285.9,206.4,34.1,12.3,1920,1080,0.02,303.0,212.6
Round3,Q4,327,327.0,JAMESON,0.7168,1154.2,270.5,37.4,12.1,1920,1080,0.022,1173.0,276.6
Round3,Q4,327,327.0,JAMESON,0.7001,648.3,99.8,26.9,8.1,1920,1080,0.011,661.7,103.9
Round3,Q4,327,327.0,JAMESON,0.695,1817.3,278.1,43.4,14.2,1920,1080,0.03,1839.0,285.2
Round3,Q4,327,327.0,JAMESON,0.6907,1890.8,77.4,29.1,9.1,1920,1080,0.013,1905.3,82.0
Round3,Q4,327,327.0,JAMESON,0.689,1896.7,279.1,23.3,15.2,1920,1080,0.017,1908.3,286.6
Round3,Q4,327,327.0,JAMESON,0.6713,1103.4,104.6,27.8,9.4,1920,1080,0.013,1117.3,109.3
Round3,Q4,327,327.0,JAMESON,0.665,1508.8,97.1,31.3,9.3,1920,1080,0.014,1524.5,101.8
Round3,Q4,327,327.0,JAMESON,0.6552,842.2,102.0,28.6,9.9,1920,1080,0.014,856.5,107.0
Round3,Q4,327,327.0,JAMESON,0.5568,713.5,100.9,26.6,8.7,1920,1080,0.011,726.7,105.2
Round3,Q4,327,327.0,JAMESON,0.5423,972.7,104.2,26.8,9.8,1920,1080,0.013,986.1,109.1
Round3,Q4,327,327.0,JAMESON,0.5384,1508.5,273.2,38.4,12.8,1920,1080,0.024,1527.6,279.6
Round3,Q4,327,327.0,JAMESON,0.5146,1235.7,102.0,27.9,9.8,1920,1080,0.013,1249.6,106.9
Round3,Q4,327,327.0,JAMESON,0.4891,1037.3,104.1,26.9,9.9,1920,1080,0.013,1050.8,109.1
Round3,Q4,327,327.0,JAMESON,0.3941,1168.9,103.6,26.9,10.4,1920,1080,0.013,1182.3,108.8
Round3,Q4,328,328.0,JAMESON,0.8646,27.4,202.6,37.4,12.7,1920,1080,0.023,46.1,209.0
Round3,Q4,328,328.0,JAMESON,0.8637,1758.0,274.3,41.4,13.8,1920,1080,0.027,1778.7,281.2
Round3,Q4,328,328.0,JAMESON,0.8502,1385.1,202.0,34.3,10.8,1920,1080,0.018,1402.3,207.4
Round3,Q4,328,328.0,JAMESON,0.8502,0.0,298.2,32.6,16.0,1920,1080,0.025,16.3,306.2
Round3,Q4,328,328.0,JAMESON,0.8499,811.8,203.3,31.9,10.1,1920,1080,0.016,827.7,208.3
Round3,Q4,328,328.0,JAMESON,0.845,93.6,203.1,34.7,12.7,1920,1080,0.021,111.0,209.4
Round3,Q4,328,328.0,JAMESON,0.8444,469.6,277.4,33.6,12.4,1920,1080,0.02,486.4,283.6
Round3,Q4,328,328.0,JAMESON,0.8407,1580.6,200.4,36.6,11.9,1920,1080,0.021,1598.9,206.4
Round3,Q4,328,328.0,JAMESON,0.8404,1018.3,267.8,35.9,12.2,1920,1080,0.021,1036.2,274.0
Round3,Q4,328,328.0,JAMESON,0.8404,584.4,203.1,32.1,11.4,1920,1080,0.018,600.5,208.8
Round3,Q4,328,328.0,JAMESON,0.8394,879.2,269.4,37.7,12.4,1920,1080,0.023,898.0,275.6
Round3,Q4,328,328.0,JAMESON,0.8391,1227.5,267.9,38.0,12.9,1920,1080,0.024,1246.5,274.4
Round3,Q4,328,328.0,JAMESON,0.8376,1861.8,196.8,39.8,12.3,1920,1080,0.024,1881.6,203.0
Round3,Q4,328,328.0,JAMESON,0.8345,471.5,203.5,32.1,12.0,1920,1080,0.019,487.6,209.5
Round3,Q4,328,328.0,JAMESON,0.8337,1321.0,202.0,34.6,11.0,1920,1080,0.018,1338.2,207.5
Round3,Q4,328,328.0,JAMESON,0.8323,1100.1,202.5,32.5,10.7,1920,1080,0.017,1116.4,207.8
Round3,Q4,328,328.0,JAMESON,0.8312,1258.9,202.4,34.1,10.6,1920,1080,0.017,1275.9,207.7
Round3,Q4,328,328.0,JAMESON,0.8306,328.4,204.0,31.7,11.5,1920,1080,0.018,344.3,209.7
Round3,Q4,328,328.0,JAMESON,0.8297,1593.8,89.3,30.4,8.8,1920,1080,0.013,1609.0,93.7
Round3,Q4,328,328.0,JAMESON,0.828,1593.3,272.3,41.4,13.2,1920,1080,0.026,1614.0,278.9
Round3,Q4,328,328.0,JAMESON,0.8276,1788.4,197.8,40.3,12.0,1920,1080,0.023,1808.5,203.7
Round3,Q4,328,328.0,JAMESON,0.8268,1746.3,81.7,31.6,9.1,1920,1080,0.014,1762.0,86.2
Round3,Q4,328,328.0,JAMESON,0.8267,948.0,268.8,36.4,11.5,1920,1080,0.02,966.2,274.6
Round3,Q4,328,328.0,JAMESON,0.8253,809.5,269.8,37.7,12.1,1920,1080,0.022,828.4,275.8
Round3,Q4,328,328.0,JAMESON,0.824,1826.3,76.2,33.1,9.7,1920,1080,0.015,1842.9,81.0
Round3,Q4,328,328.0,JAMESON,0.824,154.1,203.6,33.1,12.1,1920,1080,0.019,170.6,209.6
Round3,Q4,328,328.0,JAMESON,0.8238,1371.4,269.1,38.5,12.9,1920,1080,0.024,1390.7,275.5
Round3,Q4,328,328.0,JAMESON,0.8231,925.6,202.8,32.1,10.2,1920,1080,0.016,941.6,207.9
Round3,Q4,328,328.0,JAMESON,0.8228,273.4,285.1,35.0,13.2,1920,1080,0.022,290.9,291.7
Round3,Q4,328,328.0,JAMESON,0.8225,868.3,202.7,31.7,10.2,1920,1080,0.016,884.2,207.8
Round3,Q4,328,328.0,JAMESON,0.8218,384.6,204.1,31.5,11.3,1920,1080,0.017,400.3,209.7
Round3,Q4,328,328.0,JAMESON,0.8212,1443.9,270.1,39.7,12.7,1920,1080,0.024,1463.7,276.5
Round3,Q4,328,328.0,JAMESON,0.8208,1649.2,200.1,37.7,11.5,1920,1080,0.021,1668.1,205.8
Round3,Q4,328,328.0,JAMESON,0.8201,641.1,203.2,31.3,10.9,1920,1080,0.017,656.7,208.7
Round3,Q4,328,328.0,JAMESON,0.8198,740.6,269.6,37.5,12.9,1920,1080,0.023,759.4,276.1
Round3,Q4,328,328.0,JAMESON,0.8181,599.9,272.7,36.7,13.0,1920,1080,0.023,618.3,279.2
Round3,Q4,328,328.0,JAMESON,0.818,214.3,203.6,32.3,11.7,1920,1080,0.018,230.5,209.4
Round3,Q4,328,328.0,JAMESON,0.8166,337.3,281.9,34.1,13.2,1920,1080,0.022,354.4,288.5
Round3,Q4,328,328.0,JAMESON,0.8161,77.5,64.8,33.7,10.7,1920,1080,0.017,94.3,70.1
Round3,Q4,328,328.0,JAMESON,0.8148,1449.0,202.0,35.9,11.3,1920,1080,0.019,1467.0,207.7
Round3,Q4,328,328.0,JAMESON,0.8129,528.2,203.9,31.5,10.9,1920,1080,0.017,544.0,209.4
Round3,Q4,328,328.0,JAMESON,0.8099,230.4,75.9,31.2,10.6,1920,1080,0.016,246.0,81.2
Round3,Q4,328,328.0,JAMESON,0.8077,1308.6,97.1,29.1,8.9,1920,1080,0.012,1323.1,101.5
Round3,Q4,328,328.0,JAMESON,0.8037,399.7,280.0,33.8,12.8,1920,1080,0.021,416.6,286.4
Round3,Q4,328,328.0,JAMESON,0.8013,1515.9,201.1,36.4,11.9,1920,1080,0.021,1534.1,207.1
Round3,Q4,328,328.0,JAMESON,0.8004,984.7,202.7,31.1,10.3,1920,1080,0.015,1000.2,207.8
Round3,Q4,328,328.0,JAMESON,0.7996,575.0,93.0,27.9,9.1,1920,1080,0.012,589.0,97.5
Round3,Q4,328,328.0,JAMESON,0.7975,0.1,57.4,31.0,11.3,1920,1080,0.017,15.6,63.0
Round3,Q4,328,328.0,JAMESON,0.7966,754.6,203.2,31.5,10.5,1920,1080,0.016,770.3,208.5
Round3,Q4,328,328.0,JAMESON,0.793,840.2,98.6,27.4,8.5,1920,1080,0.011,853.9,102.8
Round3,Q4,328,328.0,JAMESON,0.793,535.8,275.1,34.0,12.9,1920,1080,0.021,552.8,281.5
Round3,Q4,328,328.0,JAMESON,0.7831,1721.3,199.5,33.7,10.9,1920,1080,0.018,1738.2,204.9
Round3,Q4,328,328.0,JAMESON,0.78,1449.0,94.2,29.2,8.6,1920,1080,0.012,1463.6,98.4
Round3,Q4,328,328.0,JAMESON,0.7673,302.2,80.4,31.4,10.0,1920,1080,0.015,317.9,85.4
Round3,Q4,328,328.0,JAMESON,0.7654,1173.4,98.9,26.2,8.3,1920,1080,0.01,1186.5,103.0
Round3,Q4,328,328.0,JAMESON,0.7613,1378.3,96.1,29.5,8.5,1920,1080,0.012,1393.1,100.3
Round3,Q4,328,328.0,JAMESON,0.7613,1669.5,85.8,30.7,9.1,1920,1080,0.013,1684.9,90.4
Round3,Q4,328,328.0,JAMESON,0.7529,640.8,95.0,28.6,8.8,1920,1080,0.012,655.1,99.4
Round3,Q4,328,328.0,JAMESON,0.7481,772.6,97.5,28.9,9.0,1920,1080,0.013,787.1,102.0
Round3,Q4,328,328.0,JAMESON,0.7248,1039.2,100.2,26.1,7.5,1920,1080,0.009,1052.3,103.9
Round3,Q4,328,328.0,JAMESON,0.7144,1299.1,268.5,37.0,13.1,1920,1080,0.023,1317.6,275.0
Round3,Q4,328,328.0,JAMESON,0.6842,272.1,203.9,34.0,12.1,1920,1080,0.02,289.1,210.0
Round3,Q4,328,328.0,JAMESON,0.6826,906.3,99.1,27.5,8.6,1920,1080,0.011,920.1,103.4
Round3,Q4,328,328.0,JAMESON,0.6791,156.2,70.9,33.8,11.0,1920,1080,0.018,173.1,76.4
Round3,Q4,328,328.0,JAMESON,0.6369,1157.2,268.2,37.4,12.9,1920,1080,0.023,1175.9,274.6
Round3,Q4,328,328.0,JAMESON,0.6273,973.4,99.4,25.0,7.8,1920,1080,0.009,985.9,103.3
Round3,Q4,328,328.0,JAMESON,0.5704,1518.0,271.4,39.6,12.7,1920,1080,0.024,1537.8,277.7
Round3,Q4,328,328.0,JAMESON,0.5266,1519.7,92.4,31.4,8.9,1920,1080,0.013,1535.4,96.8
Round3,Q4,328,328.0,JAMESON,0.5262,1041.7,202.6,32.8,10.5,1920,1080,0.017,1058.1,207.8
Round3,Q4,328,328.0,JAMESON,0.5088,1105.2,99.6,27.3,7.9,1920,1080,0.01,1118.9,103.6
Round3,Q4,328,328.0,JAMESON,0.4821,1241.1,98.5,28.0,8.4,1920,1080,0.011,1255.1,102.7
Round3,Q4,328,328.0,JAMESON,0.4649,1194.7,201.5,34.5,11.5,1920,1080,0.019,1212.0,207.3
Round3,Q4,328,328.0,JAMESON,0.458,708.9,96.0,26.0,8.9,1920,1080,0.011,721.9,100.5
Round3,Q4,328,328.0,JAMESON,0.4208,669.7,272.1,23.5,11.4,1920,1080,0.013,681.4,277.8
Round3,Q4,328,328.0,JAMESON,0.3677,1834.8,275.7,40.3,13.9,1920,1080,0.027,1854.9,282.7
Round3,Q4,328,328.0,JAMESON,0.3145,1911.2,70.8,8.8,10.5,1920,1080,0.004,1915.6,76.0
Round3,Q4,329,329.0,JAMESON,0.8668,1637.6,286.6,39.1,13.4,1920,1080,0.025,1657.1,293.2
Round3,Q4,329,329.0,JAMESON,0.8537,162.7,297.8,36.6,13.9,1920,1080,0.025,181.1,304.8
Round3,Q4,329,329.0,JAMESON,0.8509,367.1,215.8,33.1,12.0,1920,1080,0.019,383.7,221.8
Round3,Q4,329,329.0,JAMESON,0.8508,1468.6,214.0,34.7,11.3,1920,1080,0.019,1486.0,219.6
Round3,Q4,329,329.0,JAMESON,0.8491,364.5,290.3,35.0,12.6,1920,1080,0.021,382.0,296.6
Round3,Q4,329,329.0,JAMESON,0.8451,1733.3,212.5,37.7,11.4,1920,1080,0.021,1752.2,218.2
Round3,Q4,329,329.0,JAMESON,0.8417,481.7,216.0,32.8,11.3,1920,1080,0.018,498.1,221.6
Round3,Q4,329,329.0,JAMESON,0.8407,825.5,215.4,31.5,10.1,1920,1080,0.015,841.2,220.4
Round3,Q4,329,329.0,JAMESON,0.8403,1124.4,279.7,38.0,12.9,1920,1080,0.024,1143.4,286.2
Round3,Q4,329,329.0,JAMESON,0.8395,882.8,215.0,32.1,10.5,1920,1080,0.016,898.8,220.3
Round3,Q4,329,329.0,JAMESON,0.8352,1278.2,214.7,34.4,11.1,1920,1080,0.018,1295.4,220.2
Round3,Q4,329,329.0,JAMESON,0.8349,917.2,279.5,36.6,12.8,1920,1080,0.023,935.4,285.9
Round3,Q4,329,329.0,JAMESON,0.834,1216.2,214.7,34.4,10.8,1920,1080,0.018,1233.4,220.0
Round3,Q4,329,329.0,JAMESON,0.8332,1336.5,281.6,38.1,12.8,1920,1080,0.023,1355.5,288.0
Round3,Q4,329,329.0,JAMESON,0.8324,219.4,216.0,32.6,11.4,1920,1080,0.018,235.7,221.7
Round3,Q4,329,329.0,JAMESON,0.8319,1265.1,280.8,38.8,12.5,1920,1080,0.023,1284.5,287.1
Round3,Q4,329,329.0,JAMESON,0.8309,1480.8,284.3,40.5,12.7,1920,1080,0.025,1501.0,290.7
Round3,Q4,329,329.0,JAMESON,0.8292,229.9,295.3,35.3,13.2,1920,1080,0.023,247.6,301.9
Round3,Q4,329,329.0,JAMESON,0.828,425.0,216.6,31.6,10.7,1920,1080,0.016,440.8,222.0
Round3,Q4,329,329.0,JAMESON,0.8274,1154.8,215.3,32.7,10.1,1920,1080,0.016,1171.1,220.4
Round3,Q4,329,329.0,JAMESON,0.8267,294.3,292.8,33.8,12.8,1920,1080,0.021,311.2,299.1
Round3,Q4,329,329.0,JAMESON,0.8264,1600.0,213.6,35.2,11.1,1920,1080,0.019,1617.5,219.1
Round3,Q4,329,329.0,JAMESON,0.8256,497.2,286.1,37.9,13.1,1920,1080,0.024,516.1,292.6
Round3,Q4,329,329.0,JAMESON,0.8255,432.7,287.6,34.5,12.8,1920,1080,0.021,450.0,294.0
Round3,Q4,329,329.0,JAMESON,0.8247,1874.5,209.9,40.7,12.3,1920,1080,0.024,1894.8,216.1
Round3,Q4,329,329.0,JAMESON,0.8222,847.2,280.3,37.8,12.8,1920,1080,0.023,866.1,286.7
Round3,Q4,329,329.0,JAMESON,0.8212,640.6,282.8,37.6,12.5,1920,1080,0.023,659.4,289.0
Round3,Q4,329,329.0,JAMESON,0.8207,779.2,281.3,36.8,12.5,1920,1080,0.022,797.6,287.5
Round3,Q4,329,329.0,JAMESON,0.8192,37.5,214.7,34.8,12.3,1920,1080,0.021,54.9,220.9
Round3,Q4,329,329.0,JAMESON,0.8138,1698.1,95.6,33.1,9.6,1920,1080,0.015,1714.6,100.4
Round3,Q4,329,329.0,JAMESON,0.8136,710.1,281.8,37.5,12.1,1920,1080,0.022,728.9,287.9
Round3,Q4,329,329.0,JAMESON,0.8113,1340.7,214.5,35.7,12.4,1920,1080,0.021,1358.5,220.7
Round3,Q4,329,329.0,JAMESON,0.8111,1775.3,90.9,33.5,9.7,1920,1080,0.016,1792.1,95.8
Round3,Q4,329,329.0,JAMESON,0.8109,277.2,216.2,32.7,11.4,1920,1080,0.018,293.5,221.9
Round3,Q4,329,329.0,JAMESON,0.8093,1665.7,213.0,36.4,11.7,1920,1080,0.021,1683.9,218.9
Round3,Q4,329,329.0,JAMESON,0.8066,1339.7,109.1,29.8,9.1,1920,1080,0.013,1354.6,113.7
Round3,Q4,329,329.0,JAMESON,0.8036,37.7,79.8,35.0,10.9,1920,1080,0.018,55.3,85.2
Round3,Q4,329,329.0,JAMESON,0.8031,653.3,215.9,32.7,11.0,1920,1080,0.017,669.6,221.4
Round3,Q4,329,329.0,JAMESON,0.8021,768.1,215.0,32.0,11.0,1920,1080,0.017,784.1,220.5
Round3,Q4,329,329.0,JAMESON,0.7993,997.8,214.9,32.7,10.6,1920,1080,0.017,1014.1,220.2
Round3,Q4,329,329.0,JAMESON,0.7973,1533.7,213.5,35.4,11.7,1920,1080,0.02,1551.3,219.3
Round3,Q4,329,329.0,JAMESON,0.7964,100.5,215.3,35.5,12.1,1920,1080,0.021,118.2,221.3
Round3,Q4,329,329.0,JAMESON,0.7964,1405.0,214.2,35.3,12.4,1920,1080,0.021,1422.7,220.4
Round3,Q4,329,329.0,JAMESON,0.7928,870.2,112.9,27.8,8.2,1920,1080,0.011,884.1,117.0
Round3,Q4,329,329.0,JAMESON,0.7926,1784.7,289.8,39.5,13.4,1920,1080,0.026,1804.4,296.5
Round3,Q4,329,329.0,JAMESON,0.7898,710.7,215.5,32.1,10.4,1920,1080,0.016,726.7,220.7
Round3,Q4,329,329.0,JAMESON,0.7812,470.9,104.9,28.8,9.3,1920,1080,0.013,485.3,109.6
Round3,Q4,329,329.0,JAMESON,0.7777,539.1,215.8,32.8,11.4,1920,1080,0.018,555.5,221.5
Round3,Q4,329,329.0,JAMESON,0.7771,1854.0,85.0,35.7,10.5,1920,1080,0.018,1871.9,90.3
Round3,Q4,329,329.0,JAMESON,0.7667,1868.5,291.5,45.9,15.1,1920,1080,0.033,1891.5,299.0
Round3,Q4,329,329.0,JAMESON,0.7637,937.1,113.2,26.4,8.3,1920,1080,0.011,950.3,117.3
Round3,Q4,329,329.0,JAMESON,0.7636,1623.7,100.2,30.5,8.7,1920,1080,0.013,1638.9,104.5
Round3,Q4,329,329.0,JAMESON,0.7581,1803.1,211.0,40.1,12.1,1920,1080,0.023,1823.2,217.0
Round3,Q4,329,329.0,JAMESON,0.7577,1479.0,105.6,29.8,8.6,1920,1080,0.012,1493.8,109.9
Round3,Q4,329,329.0,JAMESON,0.7556,1002.7,113.5,27.4,7.8,1920,1080,0.01,1016.4,117.4
Round3,Q4,329,329.0,JAMESON,0.752,537.9,107.0,28.2,8.8,1920,1080,0.012,552.0,111.4
Round3,Q4,329,329.0,JAMESON,0.7313,160.4,215.4,35.4,12.6,1920,1080,0.022,178.2,221.7
Round3,Q4,329,329.0,JAMESON,0.7303,116.1,85.7,32.9,10.7,1920,1080,0.017,132.5,91.0
Round3,Q4,329,329.0,JAMESON,0.7301,1271.1,110.8,29.1,8.5,1920,1080,0.012,1285.7,115.1
Round3,Q4,329,329.0,JAMESON,0.7176,191.7,90.8,31.9,10.4,1920,1080,0.016,207.6,96.0
Round3,Q4,329,329.0,JAMESON,0.7085,1069.3,113.0,27.6,8.4,1920,1080,0.011,1083.1,117.2
Round3,Q4,329,329.0,JAMESON,0.6936,0.0,212.5,12.3,17.2,1920,1080,0.01,6.2,221.1
Round3,Q4,329,329.0,JAMESON,0.6791,1550.0,102.0,31.3,9.9,1920,1080,0.015,1565.7,106.9
Round3,Q4,329,329.0,JAMESON,0.6669,738.4,111.4,28.2,8.4,1920,1080,0.011,752.5,115.6
Round3,Q4,329,329.0,JAMESON,0.661,1407.7,282.4,39.2,13.6,1920,1080,0.026,1427.3,289.2
Round3,Q4,329,329.0,JAMESON,0.6596,605.4,108.5,28.2,9.3,1920,1080,0.013,619.5,113.1
Round3,Q4,329,329.0,JAMESON,0.6445,671.7,110.3,28.4,8.6,1920,1080,0.012,685.9,114.6
Round3,Q4,329,329.0,JAMESON,0.6423,1136.4,113.2,27.5,7.6,1920,1080,0.01,1150.1,117.0
Round3,Q4,329,329.0,JAMESON,0.6111,1202.5,111.8,28.4,8.2,1920,1080,0.011,1216.7,115.9
Round3,Q4,329,329.0,JAMESON,0.6029,1194.7,279.5,36.7,13.8,1920,1080,0.024,1213.1,286.4
Round3,Q4,329,329.0,JAMESON,0.5724,804.0,112.5,28.2,8.3,1920,1080,0.011,818.1,116.7
Round3,Q4,329,329.0,JAMESON,0.4857,1056.1,279.6,36.6,13.4,1920,1080,0.024,1074.4,286.3
Round3,Q4,329,329.0,JAMESON,0.4379,1091.9,214.7,31.9,10.5,1920,1080,0.016,1107.8,220.0
Round3,Q4,329,329.0,JAMESON,0.4038,1709.5,288.0,42.2,14.3,1920,1080,0.029,1730.6,295.1
Round3,Q4,329,329.0,JAMESON,0.3159,1911.9,124.7,8.1,8.5,1920,1080,0.003,1915.9,129.0
Round3,Q4,330,330.0,JAMESON,0.862,1605.9,216.9,36.3,11.9,1920,1080,0.021,1624.0,222.8
Round3,Q4,330,330.0,JAMESON,0.8599,110.4,298.2,37.5,14.1,1920,1080,0.026,129.2,305.3
Round3,Q4,330,330.0,JAMESON,0.8576,1873.7,299.5,40.6,14.9,1920,1080,0.029,1894.0,307.0
Round3,Q4,330,330.0,JAMESON,0.8539,370.4,219.2,33.0,10.6,1920,1080,0.017,386.9,224.5
Round3,Q4,330,330.0,JAMESON,0.8522,1046.1,218.8,32.2,9.9,1920,1080,0.015,1062.2,223.7
Round3,Q4,330,330.0,JAMESON,0.8511,1167.2,217.7,34.1,11.1,1920,1080,0.018,1184.2,223.3
Round3,Q4,330,330.0,JAMESON,0.8497,312.4,219.3,32.6,10.6,1920,1080,0.017,328.7,224.6
Round3,Q4,330,330.0,JAMESON,0.8426,99.3,218.0,33.2,11.7,1920,1080,0.019,115.9,223.9
Round3,Q4,330,330.0,JAMESON,0.8421,1737.1,216.0,39.4,12.3,1920,1080,0.023,1756.8,222.2
Round3,Q4,330,330.0,JAMESON,0.8413,159.5,218.9,32.8,10.9,1920,1080,0.017,175.9,224.4
Round3,Q4,330,330.0,JAMESON,0.8411,1732.3,294.4,41.7,15.5,1920,1080,0.031,1753.1,302.1
Round3,Q4,330,330.0,JAMESON,0.8405,718.8,218.8,31.0,9.8,1920,1080,0.015,734.3,223.7
Round3,Q4,330,330.0,JAMESON,0.8404,545.3,219.3,32.3,10.2,1920,1080,0.016,561.5,224.4
Round3,Q4,330,330.0,JAMESON,0.8397,1366.3,286.3,38.6,12.5,1920,1080,0.023,1385.6,292.5
Round3,Q4,330,330.0,JAMESON,0.8394,1106.6,218.1,33.5,10.7,1920,1080,0.017,1123.4,223.4
Round3,Q4,330,330.0,JAMESON,0.8382,1516.1,289.5,37.8,12.8,1920,1080,0.023,1535.0,295.9
Round3,Q4,330,330.0,JAMESON,0.8379,429.0,219.1,34.0,10.7,1920,1080,0.018,446.0,224.5
Round3,Q4,330,330.0,JAMESON,0.8378,1477.7,217.5,35.7,11.3,1920,1080,0.019,1495.6,223.2
Round3,Q4,330,330.0,JAMESON,0.8377,1225.3,284.4,37.2,12.1,1920,1080,0.022,1243.9,290.5
Round3,Q4,330,330.0,JAMESON,0.8369,660.4,218.2,33.3,10.6,1920,1080,0.017,677.0,223.5
Round3,Q4,330,330.0,JAMESON,0.8355,741.6,283.7,36.1,11.9,1920,1080,0.021,759.7,289.7
Round3,Q4,330,330.0,JAMESON,0.8344,1541.3,217.4,37.0,11.5,1920,1080,0.02,1559.8,223.1
Round3,Q4,330,330.0,JAMESON,0.8344,1879.9,213.7,39.4,13.1,1920,1080,0.025,1899.6,220.2
Round3,Q4,330,330.0,JAMESON,0.832,672.8,284.9,37.9,12.2,1920,1080,0.022,691.8,291.0
Round3,Q4,330,330.0,JAMESON,0.8319,40.0,301.4,38.9,13.9,1920,1080,0.026,59.5,308.3
Round3,Q4,330,330.0,JAMESON,0.831,1800.6,296.9,39.9,14.4,1920,1080,0.028,1820.5,304.1
Round3,Q4,330,330.0,JAMESON,0.831,776.1,218.4,32.5,10.5,1920,1080,0.016,792.3,223.6
Round3,Q4,330,330.0,JAMESON,0.8295,387.1,290.0,38.5,12.7,1920,1080,0.024,406.3,296.3
Round3,Q4,330,330.0,JAMESON,0.8291,250.9,293.8,35.7,12.6,1920,1080,0.022,268.8,300.1
Round3,Q4,330,330.0,JAMESON,0.8281,810.6,282.8,36.2,12.3,1920,1080,0.021,828.8,289.0
Round3,Q4,330,330.0,JAMESON,0.8263,178.5,296.2,34.0,13.2,1920,1080,0.022,195.5,302.8
Round3,Q4,330,330.0,JAMESON,0.8262,603.6,285.7,37.2,11.7,1920,1080,0.021,622.2,291.5
Round3,Q4,330,330.0,JAMESON,0.825,533.1,286.4,37.9,12.5,1920,1080,0.023,552.0,292.6
Round3,Q4,330,330.0,JAMESON,0.8232,253.0,219.1,33.5,11.5,1920,1080,0.019,269.7,224.9
Round3,Q4,330,330.0,JAMESON,0.8221,1351.9,217.3,35.7,11.6,1920,1080,0.02,1369.7,223.1
Round3,Q4,330,330.0,JAMESON,0.8205,890.8,218.5,31.6,10.5,1920,1080,0.016,906.6,223.7
Round3,Q4,330,330.0,JAMESON,0.8191,320.9,291.6,35.5,12.5,1920,1080,0.021,338.7,297.8
Round3,Q4,330,330.0,JAMESON,0.8188,1016.8,282.5,37.2,12.1,1920,1080,0.022,1035.3,288.6
Round3,Q4,330,330.0,JAMESON,0.8106,602.8,218.9,32.2,9.7,1920,1080,0.015,618.9,223.8
Round3,Q4,330,330.0,JAMESON,0.8096,1655.8,292.9,37.0,12.7,1920,1080,0.023,1674.3,299.3
Round3,Q4,330,330.0,JAMESON,0.7989,1155.8,283.5,37.4,11.9,1920,1080,0.021,1174.5,289.5
Round3,Q4,330,330.0,JAMESON,0.7982,1806.8,214.8,41.8,12.6,1920,1080,0.025,1827.7,221.1
Round3,Q4,330,330.0,JAMESON,0.7952,1295.1,285.3,38.1,12.5,1920,1080,0.023,1314.1,291.5
Round3,Q4,330,330.0,JAMESON,0.792,947.5,282.9,37.7,12.3,1920,1080,0.022,966.3,289.1
Round3,Q4,330,330.0,JAMESON,0.7889,1642.9,99.9,31.3,9.0,1920,1080,0.014,1658.5,104.4
Round3,Q4,330,330.0,JAMESON,0.7861,1291.3,217.4,34.7,12.5,1920,1080,0.021,1308.7,223.6
Round3,Q4,330,330.0,JAMESON,0.7818,1415.6,217.2,34.8,11.9,1920,1080,0.02,1433.0,223.2
Round3,Q4,330,330.0,JAMESON,0.7807,1795.5,89.9,32.7,9.5,1920,1080,0.015,1811.9,94.7
Round3,Q4,330,330.0,JAMESON,0.7689,1873.4,83.1,36.3,11.0,1920,1080,0.019,1891.6,88.7
Round3,Q4,330,330.0,JAMESON,0.7665,1226.2,114.0,29.9,9.2,1920,1080,0.013,1241.2,118.6
Round3,Q4,330,330.0,JAMESON,0.7547,1672.7,216.3,35.9,11.8,1920,1080,0.02,1690.7,222.1
Round3,Q4,330,330.0,JAMESON,0.7495,0.0,84.5,20.1,10.4,1920,1080,0.01,10.0,89.7
Round3,Q4,330,330.0,JAMESON,0.7453,960.4,116.9,26.6,9.2,1920,1080,0.012,973.7,121.4
Round3,Q4,330,330.0,JAMESON,0.7444,695.9,115.0,28.0,9.2,1920,1080,0.012,709.9,119.6
Round3,Q4,330,330.0,JAMESON,0.736,67.5,90.0,33.7,10.8,1920,1080,0.017,84.3,95.3
Round3,Q4,330,330.0,JAMESON,0.7324,828.2,116.7,27.4,9.3,1920,1080,0.012,841.8,121.4
Round3,Q4,330,330.0,JAMESON,0.731,359.5,107.0,28.7,8.9,1920,1080,0.012,373.9,111.5
Round3,Q4,330,330.0,JAMESON,0.7219,1362.1,111.1,29.1,8.7,1920,1080,0.012,1376.7,115.5
Round3,Q4,330,330.0,JAMESON,0.7216,629.5,114.1,30.0,8.9,1920,1080,0.013,644.6,118.6
Round3,Q4,330,330.0,JAMESON,0.7125,494.8,111.4,30.5,9.2,1920,1080,0.013,510.1,116.0
Round3,Q4,330,330.0,JAMESON,0.7117,1229.2,218.0,35.1,12.2,1920,1080,0.021,1246.8,224.1
Round3,Q4,330,330.0,JAMESON,0.6958,1092.8,116.1,27.7,8.4,1920,1080,0.011,1106.7,120.3
Round3,Q4,330,330.0,JAMESON,0.6791,562.2,113.6,29.4,8.7,1920,1080,0.012,576.9,117.9
Round3,Q4,330,330.0,JAMESON,0.6762,1159.6,115.3,28.8,8.7,1920,1080,0.012,1174.0,119.7
Round3,Q4,330,330.0,JAMESON,0.6686,763.0,115.8,27.7,8.4,1920,1080,0.011,776.8,120.0
Round3,Q4,330,330.0,JAMESON,0.6663,1570.1,103.3,31.0,10.7,1920,1080,0.016,1585.6,108.7
Round3,Q4,330,330.0,JAMESON,0.6653,1026.9,116.7,28.3,9.3,1920,1080,0.013,1041.0,121.4
Round3,Q4,330,330.0,JAMESON,0.6534,894.9,117.0,27.1,9.0,1920,1080,0.012,908.5,121.5
Round3,Q4,330,330.0,JAMESON,0.595,1584.8,291.1,39.5,12.8,1920,1080,0.024,1604.5,297.5
Round3,Q4,330,330.0,JAMESON,0.5814,428.1,109.3,27.5,8.9,1920,1080,0.012,441.9,113.7
Round3,Q4,330,330.0,JAMESON,0.5554,1087.2,282.6,35.8,12.6,1920,1080,0.022,1105.1,288.9
Round3,Q4,330,330.0,JAMESON,0.5389,36.5,216.9,37.6,12.7,1920,1080,0.023,55.3,223.3
Round3,Q4,330,330.0,JAMESON,0.5065,1717.3,95.2,32.6,10.1,1920,1080,0.016,1733.6,100.3
Round3,Q4,330,330.0,JAMESON,0.5007,1293.1,113.2,31.1,8.6,1920,1080,0.013,1308.6,117.5
Round3,Q4,330,330.0,JAMESON,0.4915,0.0,216.3,10.0,13.8,1920,1080,0.007,5.0,223.2
Round3,Q4,330,330.0,JAMESON,0.4879,1500.5,106.6,28.9,9.1,1920,1080,0.013,1514.9,111.1
Round3,Q4,330,330.0,JAMESON,0.4014,1431.3,109.1,27.5,8.9,1920,1080,0.012,1445.0,113.6
Round3,Q4,330,330.0,JAMESON,0.3322,1412.1,287.7,21.7,12.1,1920,1080,0.013,1423.0,293.8
Round3,Q4,331,331.0,JAMESON,0.858,1275.1,291.0,35.8,12.0,1920,1080,0.021,1293.0,296.9
Round3,Q4,331,331.0,JAMESON,0.8568,1131.8,288.3,37.8,12.0,1920,1080,0.022,1150.6,294.3
Round3,Q4,331,331.0,JAMESON,0.8509,511.8,288.0,38.2,12.0,1920,1080,0.022,530.9,294.0
Round3,Q4,331,331.0,JAMESON,0.8484,1878.1,218.2,40.7,12.7,1920,1080,0.025,1898.5,224.5
Round3,Q4,331,331.0,JAMESON,0.8483,369.1,289.8,38.0,11.9,1920,1080,0.022,388.1,295.8
Round3,Q4,331,331.0,JAMESON,0.8451,1534.9,298.4,36.9,14.0,1920,1080,0.025,1553.4,305.3
Round3,Q4,331,331.0,JAMESON,0.8427,1731.2,308.5,41.4,15.0,1920,1080,0.03,1751.9,316.0
Round3,Q4,331,331.0,JAMESON,0.8426,440.1,289.0,39.3,11.9,1920,1080,0.023,459.7,295.0
Round3,Q4,331,331.0,JAMESON,0.8426,1802.3,311.3,42.2,16.0,1920,1080,0.033,1823.4,319.3
Round3,Q4,331,331.0,JAMESON,0.8374,1734.3,220.9,39.9,11.9,1920,1080,0.023,1754.2,226.9
Round3,Q4,331,331.0,JAMESON,0.8359,581.8,286.7,37.7,12.3,1920,1080,0.022,600.6,292.9
Round3,Q4,331,331.0,JAMESON,0.8351,1599.3,301.7,36.9,13.7,1920,1080,0.024,1617.8,308.6
Round3,Q4,331,331.0,JAMESON,0.825,1235.3,221.3,36.8,10.8,1920,1080,0.019,1253.7,226.7
Round3,Q4,331,331.0,JAMESON,0.825,790.3,285.8,37.3,11.7,1920,1080,0.021,809.0,291.6
Round3,Q4,331,331.0,JAMESON,0.8242,938.2,221.4,33.8,10.3,1920,1080,0.017,955.1,226.6
Round3,Q4,331,331.0,JAMESON,0.8234,996.6,286.9,35.3,11.4,1920,1080,0.019,1014.2,292.6
Round3,Q4,331,331.0,JAMESON,0.8224,293.4,290.9,42.4,12.7,1920,1080,0.026,314.6,297.2
Round3,Q4,331,331.0,JAMESON,0.8192,1878.0,314.8,40.7,15.7,1920,1080,0.031,1898.3,322.7
Round3,Q4,331,331.0,JAMESON,0.8181,486.5,221.9,34.3,9.9,1920,1080,0.016,503.7,226.8
Round3,Q4,331,331.0,JAMESON,0.8159,662.4,221.9,33.2,9.8,1920,1080,0.016,679.0,226.8
Round3,Q4,331,331.0,JAMESON,0.8111,1742.1,89.1,34.4,10.1,1920,1080,0.017,1759.3,94.1
Round3,Q4,331,331.0,JAMESON,0.8096,1471.9,296.6,40.2,13.4,1920,1080,0.026,1491.9,303.2
Round3,Q4,331,331.0,JAMESON,0.8071,366.1,221.8,35.1,10.1,1920,1080,0.017,383.7,226.9
Round3,Q4,331,331.0,JAMESON,0.807,818.2,221.9,32.3,9.6,1920,1080,0.015,834.4,226.7
Round3,Q4,331,331.0,JAMESON,0.8063,1356.9,221.6,35.2,11.1,1920,1080,0.019,1374.5,227.2
Round3,Q4,331,331.0,JAMESON,0.8043,927.4,286.0,38.4,11.6,1920,1080,0.022,946.6,291.8
Round3,Q4,331,331.0,JAMESON,0.8042,877.8,221.4,33.6,10.1,1920,1080,0.016,894.6,226.5
Round3,Q4,331,331.0,JAMESON,0.8007,425.5,221.4,36.3,10.9,1920,1080,0.019,443.6,226.9
Round3,Q4,331,331.0,JAMESON,0.8004,1601.9,221.1,38.6,12.2,1920,1080,0.023,1621.2,227.2
Round3,Q4,331,331.0,JAMESON,0.7998,1666.6,220.9,40.4,12.1,1920,1080,0.024,1686.8,227.0
Round3,Q4,331,331.0,JAMESON,0.7952,1404.8,294.5,33.7,12.2,1920,1080,0.02,1421.6,300.6
Round3,Q4,331,331.0,JAMESON,0.7949,1821.5,81.8,35.7,10.4,1920,1080,0.018,1839.4,87.0
Round3,Q4,331,331.0,JAMESON,0.7942,1297.3,221.2,35.2,10.9,1920,1080,0.019,1314.9,226.7
Round3,Q4,331,331.0,JAMESON,0.7937,545.9,221.9,33.3,9.8,1920,1080,0.016,562.5,226.9
Round3,Q4,331,331.0,JAMESON,0.7935,1388.1,109.5,31.9,9.4,1920,1080,0.014,1404.1,114.2
Round3,Q4,331,331.0,JAMESON,0.7924,1117.5,221.0,35.0,10.9,1920,1080,0.018,1134.9,226.4
Round3,Q4,331,331.0,JAMESON,0.7861,862.9,119.7,29.8,8.9,1920,1080,0.013,877.7,124.2
Round3,Q4,331,331.0,JAMESON,0.7808,1476.4,221.5,36.7,11.7,1920,1080,0.021,1494.8,227.3
Round3,Q4,331,331.0,JAMESON,0.7762,1059.9,220.8,33.9,11.5,1920,1080,0.019,1076.8,226.6
Round3,Q4,331,331.0,JAMESON,0.7632,1665.9,94.5,33.3,10.0,1920,1080,0.016,1682.5,99.5
Round3,Q4,331,331.0,JAMESON,0.7608,306.1,221.9,36.1,10.8,1920,1080,0.019,324.2,227.3
Round3,Q4,331,331.0,JAMESON,0.7565,1125.5,117.2,29.2,8.9,1920,1080,0.013,1140.1,121.6
Round3,Q4,331,331.0,JAMESON,0.7556,992.8,118.9,31.2,9.1,1920,1080,0.014,1008.5,123.5
Round3,Q4,331,331.0,JAMESON,0.7539,1062.4,287.6,38.8,12.0,1920,1080,0.023,1081.8,293.6
Round3,Q4,331,331.0,JAMESON,0.7497,596.7,119.1,30.4,8.7,1920,1080,0.013,611.9,123.5
Round3,Q4,331,331.0,JAMESON,0.7493,1417.7,220.9,35.2,11.0,1920,1080,0.019,1435.3,226.4
Round3,Q4,331,331.0,JAMESON,0.7207,730.4,120.3,29.7,8.4,1920,1080,0.012,745.3,124.5
Round3,Q4,331,331.0,JAMESON,0.7045,928.1,119.7,29.9,8.6,1920,1080,0.012,943.1,124.0
Round3,Q4,331,331.0,JAMESON,0.7014,996.9,221.3,36.6,11.3,1920,1080,0.02,1015.2,227.0
Round3,Q4,331,331.0,JAMESON,0.6993,1338.4,292.2,39.0,13.0,1920,1080,0.025,1358.0,298.7
Round3,Q4,331,331.0,JAMESON,0.693,1539.2,221.3,36.9,11.6,1920,1080,0.021,1557.7,227.0
Round3,Q4,331,331.0,JAMESON,0.6903,1593.4,99.3,32.3,9.5,1920,1080,0.015,1609.6,104.0
Round3,Q4,331,331.0,JAMESON,0.678,1523.1,103.7,31.5,10.3,1920,1080,0.016,1538.8,108.8
Round3,Q4,331,331.0,JAMESON,0.668,1321.4,112.5,30.8,8.8,1920,1080,0.013,1336.8,116.9
Round3,Q4,331,331.0,JAMESON,0.6675,391.7,115.4,33.1,9.4,1920,1080,0.015,408.3,120.1
Round3,Q4,331,331.0,JAMESON,0.6526,858.7,285.5,36.2,11.9,1920,1080,0.021,876.7,291.5
Round3,Q4,331,331.0,JAMESON,0.642,320.4,113.2,33.3,9.3,1920,1080,0.015,337.1,117.8
Round3,Q4,331,331.0,JAMESON,0.6358,530.5,118.4,28.7,8.2,1920,1080,0.011,544.9,122.5
Round3,Q4,331,331.0,JAMESON,0.6285,462.2,116.8,29.8,8.5,1920,1080,0.012,477.1,121.1
Round3,Q4,331,331.0,JAMESON,0.6121,0.0,297.2,19.1,14.0,1920,1080,0.013,9.6,304.1
Round3,Q4,331,331.0,JAMESON,0.6073,1255.4,114.0,32.1,9.2,1920,1080,0.014,1271.4,118.6
Round3,Q4,331,331.0,JAMESON,0.6001,0.0,218.5,19.5,12.6,1920,1080,0.012,9.7,224.8
Round3,Q4,331,331.0,JAMESON,0.5881,722.1,285.9,36.1,11.9,1920,1080,0.021,740.2,291.9
Round3,Q4,331,331.0,JAMESON,0.5564,757.0,221.0,34.7,10.3,1920,1080,0.017,774.3,226.1
Round3,Q4,331,331.0,JAMESON,0.546,650.6,285.7,41.2,12.6,1920,1080,0.025,671.3,292.0
Round3,Q4,331,331.0,JAMESON,0.5202,1904.6,74.4,15.4,12.1,1920,1080,0.009,1912.3,80.5
Round3,Q4,331,331.0,JAMESON,0.503,1178.4,221.1,29.5,10.3,1920,1080,0.015,1193.1,226.3
Round3,Q4,331,331.0,JAMESON,0.4439,797.2,120.6,28.2,7.9,1920,1080,0.011,811.3,124.5
Round3,Q4,331,331.0,JAMESON,0.3922,1455.1,107.1,30.4,9.2,1920,1080,0.014,1470.3,111.7
Round3,Q4,331,331.0,JAMESON,0.3804,665.4,120.3,27.3,7.5,1920,1080,0.01,679.0,124.1
Round3,Q4,331,331.0,JAMESON,0.3745,1057.4,118.7,32.2,8.9,1920,1080,0.014,1073.5,123.1
Round3,Q4,332,332.0,JAMESON,0.8536,1203.9,324.6,33.3,12.8,1920,1080,0.021,1220.6,331.0
Round3,Q4,332,332.0,JAMESON,0.8504,694.6,315.8,35.4,11.6,1920,1080,0.02,712.3,321.6
Round3,Q4,332,332.0,JAMESON,0.8467,627.5,315.5,36.7,11.5,1920,1080,0.02,645.8,321.2
Round3,Q4,332,332.0,JAMESON,0.8452,1561.9,343.8,39.6,16.2,1920,1080,0.031,1581.7,351.9
Round3,Q4,332,332.0,JAMESON,0.842,1376.5,333.3,36.9,13.9,1920,1080,0.025,1395.0,340.3
Round3,Q4,332,332.0,JAMESON,0.8419,1146.1,322.3,38.0,13.7,1920,1080,0.025,1165.0,329.1
Round3,Q4,332,332.0,JAMESON,0.8381,810.9,251.0,34.7,11.6,1920,1080,0.019,828.3,256.8
Round3,Q4,332,332.0,JAMESON,0.8366,1499.4,340.0,37.0,14.6,1920,1080,0.026,1517.9,347.3
Round3,Q4,332,332.0,JAMESON,0.833,1627.6,348.3,41.1,16.5,1920,1080,0.033,1648.2,356.5
Round3,Q4,332,332.0,JAMESON,0.8326,1496.3,253.2,35.7,12.5,1920,1080,0.021,1514.2,259.5
Round3,Q4,332,332.0,JAMESON,0.8302,1436.1,336.6,38.0,15.2,1920,1080,0.028,1455.1,344.1
Round3,Q4,332,332.0,JAMESON,0.829,1556.0,253.6,38.4,12.1,1920,1080,0.022,1575.2,259.6
Round3,Q4,332,332.0,JAMESON,0.8281,490.1,315.8,37.9,11.9,1920,1080,0.022,509.0,321.8
Round3,Q4,332,332.0,JAMESON,0.8236,1038.5,252.2,33.2,11.0,1920,1080,0.018,1055.1,257.7
Round3,Q4,332,332.0,JAMESON,0.8201,1377.5,253.3,34.3,11.7,1920,1080,0.019,1394.6,259.2
Round3,Q4,332,332.0,JAMESON,0.8179,940.5,149.8,29.5,8.6,1920,1080,0.012,955.2,154.1
Round3,Q4,332,332.0,JAMESON,0.8168,1148.4,252.2,34.3,11.6,1920,1080,0.019,1165.5,258.0
Round3,Q4,332,332.0,JAMESON,0.8161,1318.3,252.7,36.5,11.9,1920,1080,0.021,1336.6,258.7
Round3,Q4,332,332.0,JAMESON,0.8161,1261.1,327.4,33.3,13.0,1920,1080,0.021,1277.8,333.9
Round3,Q4,332,332.0,JAMESON,0.8152,926.5,251.6,32.4,10.4,1920,1080,0.016,942.7,256.9
Round3,Q4,332,332.0,JAMESON,0.814,826.6,316.5,37.1,11.3,1920,1080,0.02,845.1,322.1
Round3,Q4,332,332.0,JAMESON,0.8112,1620.9,253.6,38.6,12.9,1920,1080,0.024,1640.2,260.1
Round3,Q4,332,332.0,JAMESON,0.8065,1752.7,252.8,42.7,13.8,1920,1080,0.028,1774.1,259.7
Round3,Q4,332,332.0,JAMESON,0.8024,277.3,317.4,38.2,12.4,1920,1080,0.023,296.3,323.7
Round3,Q4,332,332.0,JAMESON,0.7998,1726.9,108.2,35.9,11.8,1920,1080,0.02,1744.9,114.1
Round3,Q4,332,332.0,JAMESON,0.7997,636.4,252.0,34.0,10.5,1920,1080,0.017,653.4,257.3
Round3,Q4,332,332.0,JAMESON,0.7975,760.2,315.8,37.8,12.4,1920,1080,0.023,779.1,322.0
Round3,Q4,332,332.0,JAMESON,0.7974,1313.5,137.1,29.9,9.2,1920,1080,0.013,1328.5,141.7
Round3,Q4,332,332.0,JAMESON,0.7971,1822.4,252.0,45.2,14.7,1920,1080,0.032,1845.0,259.4
Round3,Q4,332,332.0,JAMESON,0.7943,1261.1,252.4,35.2,12.0,1920,1080,0.02,1278.7,258.3
Round3,Q4,332,332.0,JAMESON,0.794,517.1,252.5,32.7,10.3,1920,1080,0.016,533.4,257.6
Round3,Q4,332,332.0,JAMESON,0.7936,982.0,251.6,33.7,10.8,1920,1080,0.018,998.9,257.0
Round3,Q4,332,332.0,JAMESON,0.7924,963.6,317.9,34.6,11.8,1920,1080,0.02,980.9,323.8
Round3,Q4,332,332.0,JAMESON,0.7911,1187.7,142.9,29.3,8.7,1920,1080,0.012,1202.3,147.3
Round3,Q4,332,332.0,JAMESON,0.7907,1064.5,146.8,28.8,8.7,1920,1080,0.012,1078.9,151.1
Round3,Q4,332,332.0,JAMESON,0.7905,576.7,252.1,34.2,10.7,1920,1080,0.018,593.8,257.4
Round3,Q4,332,332.0,JAMESON,0.7848,1084.2,320.8,32.3,11.9,1920,1080,0.018,1100.4,326.7
Round3,Q4,332,332.0,JAMESON,0.7738,1003.2,148.5,28.8,8.7,1920,1080,0.012,1017.6,152.8
Round3,Q4,332,332.0,JAMESON,0.7707,1377.6,133.5,31.8,9.8,1920,1080,0.015,1393.5,138.4
Round3,Q4,332,332.0,JAMESON,0.7662,694.7,251.9,35.3,11.9,1920,1080,0.02,712.4,257.8
Round3,Q4,332,332.0,JAMESON,0.7656,755.3,251.4,32.8,11.6,1920,1080,0.018,771.7,257.2
Round3,Q4,332,332.0,JAMESON,0.7652,1124.9,144.6,31.2,9.8,1920,1080,0.015,1140.5,149.5
Round3,Q4,332,332.0,JAMESON,0.7521,558.9,152.5,30.8,9.5,1920,1080,0.014,574.2,157.3
Round3,Q4,332,332.0,JAMESON,0.7495,1701.0,353.5,37.3,16.7,1920,1080,0.03,1719.7,361.8
Round3,Q4,332,332.0,JAMESON,0.7467,1510.6,125.8,32.7,10.3,1920,1080,0.016,1526.9,130.9
Round3,Q4,332,332.0,JAMESON,0.7447,1249.3,140.3,30.1,9.8,1920,1080,0.014,1264.3,145.2
Round3,Q4,332,332.0,JAMESON,0.7444,1579.7,120.5,34.8,11.3,1920,1080,0.019,1597.1,126.2
Round3,Q4,332,332.0,JAMESON,0.7419,1204.6,252.2,35.2,12.1,1920,1080,0.02,1222.2,258.3
Round3,Q4,332,332.0,JAMESON,0.7278,624.5,152.8,31.2,9.3,1920,1080,0.014,640.1,157.4
Round3,Q4,332,332.0,JAMESON,0.727,1443.5,130.1,31.2,9.9,1920,1080,0.015,1459.1,135.0
Round3,Q4,332,332.0,JAMESON,0.7265,1093.4,251.9,33.8,11.4,1920,1080,0.019,1110.4,257.6
Round3,Q4,332,332.0,JAMESON,0.7243,1807.5,100.3,36.7,11.2,1920,1080,0.02,1825.9,105.9
Round3,Q4,332,332.0,JAMESON,0.7169,902.8,316.9,30.2,11.7,1920,1080,0.017,917.9,322.7
Round3,Q4,332,332.0,JAMESON,0.7111,287.6,149.1,30.9,8.8,1920,1080,0.013,303.1,153.5
Round3,Q4,332,332.0,JAMESON,0.7044,688.8,152.5,28.9,9.5,1920,1080,0.013,703.3,157.3
Round3,Q4,332,332.0,JAMESON,0.6978,1892.9,90.9,27.1,12.3,1920,1080,0.016,1906.5,97.0
Round3,Q4,332,332.0,JAMESON,0.6886,358.3,252.0,35.4,11.7,1920,1080,0.02,376.1,257.9
Round3,Q4,332,332.0,JAMESON,0.6774,560.5,315.3,35.0,12.9,1920,1080,0.022,578.0,321.8
Round3,Q4,332,332.0,JAMESON,0.6276,1023.2,318.9,35.0,13.0,1920,1080,0.022,1040.7,325.4
Round3,Q4,332,332.0,JAMESON,0.5929,358.0,150.0,31.1,9.7,1920,1080,0.015,373.5,154.8
Round3,Q4,332,332.0,JAMESON,0.5671,420.8,316.5,37.7,12.4,1920,1080,0.023,439.7,322.7
Round3,Q4,332,332.0,JAMESON,0.5554,1847.4,363.1,41.0,20.3,1920,1080,0.04,1867.9,373.3
Round3,Q4,332,332.0,JAMESON,0.5436,1434.8,253.2,36.9,13.6,1920,1080,0.024,1453.3,260.0
Round3,Q4,332,332.0,JAMESON,0.5254,493.6,152.6,29.7,9.4,1920,1080,0.013,508.4,157.3
Round3,Q4,332,332.0,JAMESON,0.4603,0.0,249.2,14.7,14.0,1920,1080,0.01,7.4,256.2
Round3,Q4,332,332.0,JAMESON,0.4523,752.1,152.7,30.0,9.3,1920,1080,0.014,767.1,157.4
Round3,Q4,332,332.0,JAMESON,0.4522,426.1,151.8,29.7,10.2,1920,1080,0.015,440.9,156.9
Round3,Q4,332,332.0,JAMESON,0.4434,0.0,320.2,13.4,15.2,1920,1080,0.01,6.7,327.8
Round3,Q4,332,332.0,JAMESON,0.4365,815.8,151.7,29.1,10.3,1920,1080,0.015,830.4,156.8
Round3,Q4,332,332.0,JAMESON,0.4279,1651.4,115.4,36.4,10.7,1920,1080,0.019,1669.6,120.7
Round3,Q4,332,332.0,JAMESON,0.3364,1765.8,357.6,41.6,18.5,1920,1080,0.037,1786.6,366.8
Round3,Q4,332,332.0,JAMESON,0.3088,249.5,252.7,22.0,9.9,1920,1080,0.011,260.5,257.7
Round3,Q4,333,333.0,JAMESON,0.8575,738.8,395.5,34.4,12.8,1920,1080,0.021,756.0,401.9
Round3,Q4,333,333.0,JAMESON,0.8475,1581.6,456.1,49.3,22.3,1920,1080,0.053,1606.2,467.3
Round3,Q4,333,333.0,JAMESON,0.8452,1848.5,328.5,55.2,19.6,1920,1080,0.052,1876.2,338.3
Round3,Q4,333,333.0,JAMESON,0.842,1658.0,465.7,51.1,23.8,1920,1080,0.059,1683.6,477.6
Round3,Q4,333,333.0,JAMESON,0.839,1189.6,418.8,40.4,16.4,1920,1080,0.032,1209.8,427.0
Round3,Q4,333,333.0,JAMESON,0.8387,1312.9,427.5,40.2,18.8,1920,1080,0.036,1333.1,436.9
Round3,Q4,333,333.0,JAMESON,0.8347,1442.7,439.9,43.0,20.2,1920,1080,0.042,1464.1,450.0
Round3,Q4,333,333.0,JAMESON,0.8331,1738.3,476.3,55.6,25.9,1920,1080,0.069,1766.1,489.3
Round3,Q4,333,333.0,JAMESON,0.8292,1826.0,489.2,63.0,29.4,1920,1080,0.089,1857.5,503.9
Round3,Q4,333,333.0,JAMESON,0.8267,1700.0,329.4,49.7,17.6,1920,1080,0.042,1724.8,338.3
Round3,Q4,333,333.0,JAMESON,0.8254,498.8,390.7,37.8,12.4,1920,1080,0.023,517.7,396.9
Round3,Q4,333,333.0,JAMESON,0.8223,1016.6,407.4,35.4,14.7,1920,1080,0.025,1034.3,414.7
Round3,Q4,333,333.0,JAMESON,0.8198,1073.4,410.6,38.0,15.4,1920,1080,0.028,1092.4,418.3
Round3,Q4,333,333.0,JAMESON,0.8194,1065.0,326.6,37.5,11.8,1920,1080,0.021,1083.7,332.5
Round3,Q4,333,333.0,JAMESON,0.8172,1633.8,329.3,43.5,15.9,1920,1080,0.033,1655.6,337.2
Round3,Q4,333,333.0,JAMESON,0.8138,1544.9,168.4,37.5,12.6,1920,1080,0.023,1563.7,174.7
Round3,Q4,333,333.0,JAMESON,0.8127,460.6,324.9,34.2,11.2,1920,1080,0.018,477.7,330.5
Round3,Q4,333,333.0,JAMESON,0.8116,1786.8,137.1,42.9,14.3,1920,1080,0.03,1808.2,144.3
Round3,Q4,333,333.0,JAMESON,0.8114,1775.5,329.1,45.4,17.8,1920,1080,0.039,1798.2,338.1
Round3,Q4,333,333.0,JAMESON,0.8095,959.9,405.0,36.5,13.9,1920,1080,0.024,978.1,412.0
Round3,Q4,333,333.0,JAMESON,0.8091,1376.0,434.2,41.5,18.3,1920,1080,0.037,1396.8,443.4
Round3,Q4,333,333.0,JAMESON,0.8071,1439.2,328.3,42.7,14.0,1920,1080,0.029,1460.6,335.3
Round3,Q4,333,333.0,JAMESON,0.8052,1698.8,150.2,41.4,12.9,1920,1080,0.026,1719.5,156.6
Round3,Q4,333,333.0,JAMESON,0.8052,429.2,390.4,40.2,11.9,1920,1080,0.023,449.3,396.4
Round3,Q4,333,333.0,JAMESON,0.8046,1292.8,327.7,39.0,12.9,1920,1080,0.024,1312.3,334.1
Round3,Q4,333,333.0,JAMESON,0.8039,1566.1,328.9,44.3,15.2,1920,1080,0.033,1588.2,336.6
Round3,Q4,333,333.0,JAMESON,0.8015,794.5,397.5,33.2,13.2,1920,1080,0.021,811.2,404.1
Round3,Q4,333,333.0,JAMESON,0.7975,517.1,325.3,35.8,11.0,1920,1080,0.019,535.0,330.8
Round3,Q4,333,333.0,JAMESON,0.7927,1338.8,188.0,32.9,10.3,1920,1080,0.016,1355.2,193.1
Round3,Q4,333,333.0,JAMESON,0.7849,684.6,393.7,34.0,12.7,1920,1080,0.021,701.6,400.1
Round3,Q4,333,333.0,JAMESON,0.7827,357.9,390.0,39.8,12.2,1920,1080,0.023,377.7,396.1
Round3,Q4,333,333.0,JAMESON,0.78,904.6,402.6,35.1,13.3,1920,1080,0.023,922.2,409.2
Round3,Q4,333,333.0,JAMESON,0.7769,621.3,393.0,34.0,12.4,1920,1080,0.02,638.3,399.2
Round3,Q4,333,333.0,JAMESON,0.7766,1132.4,414.6,34.4,14.9,1920,1080,0.025,1149.6,422.0
Round3,Q4,333,333.0,JAMESON,0.7764,1622.9,160.7,37.8,11.9,1920,1080,0.022,1641.8,166.7
Round3,Q4,333,333.0,JAMESON,0.7683,286.6,389.9,40.0,12.5,1920,1080,0.024,306.7,396.1
Round3,Q4,333,333.0,JAMESON,0.7671,1270.7,193.2,33.9,10.2,1920,1080,0.017,1287.7,198.3
Round3,Q4,333,333.0,JAMESON,0.7647,279.2,324.4,38.5,13.6,1920,1080,0.025,298.4,331.2
Round3,Q4,333,333.0,JAMESON,0.7534,1503.0,328.7,39.9,14.0,1920,1080,0.027,1523.0,335.7
Round3,Q4,333,333.0,JAMESON,0.7482,777.3,216.7,33.9,10.4,1920,1080,0.017,794.2,221.9
Round3,Q4,333,333.0,JAMESON,0.745,718.1,219.1,31.0,8.9,1920,1080,0.013,733.5,223.6
Round3,Q4,333,333.0,JAMESON,0.7425,847.4,324.7,36.1,12.8,1920,1080,0.022,865.5,331.1
Round3,Q4,333,333.0,JAMESON,0.7412,1877.4,122.4,42.4,15.4,1920,1080,0.032,1898.6,130.1
Round3,Q4,333,333.0,JAMESON,0.74,897.1,212.7,32.8,9.6,1920,1080,0.015,913.5,217.5
Round3,Q4,333,333.0,JAMESON,0.7384,1208.7,197.8,31.6,9.5,1920,1080,0.015,1224.5,202.6
Round3,Q4,333,333.0,JAMESON,0.7359,534.7,222.0,35.1,9.9,1920,1080,0.017,552.2,226.9
Round3,Q4,333,333.0,JAMESON,0.7354,1234.8,327.8,38.5,12.7,1920,1080,0.024,1254.0,334.1
Round3,Q4,333,333.0,JAMESON,0.7349,960.7,210.8,30.5,9.3,1920,1080,0.014,976.0,215.5
Round3,Q4,333,333.0,JAMESON,0.7284,1013.2,325.9,34.0,11.8,1920,1080,0.019,1030.2,331.8
Round3,Q4,333,333.0,JAMESON,0.7265,683.9,325.3,34.4,11.4,1920,1080,0.019,701.1,331.0
Round3,Q4,333,333.0,JAMESON,0.7238,1403.7,182.5,36.4,11.5,1920,1080,0.02,1421.9,188.2
Round3,Q4,333,333.0,JAMESON,0.7121,838.3,215.1,30.0,9.1,1920,1080,0.013,853.3,219.7
Round3,Q4,333,333.0,JAMESON,0.7079,1122.5,326.8,36.8,12.3,1920,1080,0.022,1140.9,333.0
Round3,Q4,333,333.0,JAMESON,0.7055,340.2,324.3,37.7,12.4,1920,1080,0.023,359.0,330.5
Round3,Q4,333,333.0,JAMESON,0.7044,1475.2,176.1,35.4,11.8,1920,1080,0.02,1492.9,182.0
Round3,Q4,333,333.0,JAMESON,0.702,736.8,325.0,37.2,11.8,1920,1080,0.021,755.4,331.0
Round3,Q4,333,333.0,JAMESON,0.6919,902.6,326.0,32.7,11.4,1920,1080,0.018,918.9,331.6
Round3,Q4,333,333.0,JAMESON,0.6891,627.5,324.7,36.5,12.7,1920,1080,0.022,645.8,331.1
Round3,Q4,333,333.0,JAMESON,0.6815,1378.3,327.5,41.8,15.0,1920,1080,0.03,1399.2,334.9
Round3,Q4,333,333.0,JAMESON,0.6626,574.8,325.1,33.5,11.2,1920,1080,0.018,591.6,330.7
Round3,Q4,333,333.0,JAMESON,0.6421,1081.9,204.7,30.3,10.2,1920,1080,0.015,1097.0,209.8
Round3,Q4,333,333.0,JAMESON,0.6311,1019.4,208.0,31.5,9.3,1920,1080,0.014,1035.1,212.7
Round3,Q4,333,333.0,JAMESON,0.6085,597.3,221.9,30.7,8.7,1920,1080,0.013,612.6,226.3
Round3,Q4,333,333.0,JAMESON,0.6033,560.9,391.4,37.5,13.0,1920,1080,0.024,579.6,397.8
Round3,Q4,333,333.0,JAMESON,0.5852,793.7,324.7,32.6,12.2,1920,1080,0.019,810.0,330.8
Round3,Q4,333,333.0,JAMESON,0.5599,472.9,222.0,31.0,10.2,1920,1080,0.015,488.4,227.1
Round3,Q4,333,333.0,JAMESON,0.5459,657.7,220.3,32.3,9.3,1920,1080,0.014,673.8,225.0
Round3,Q4,333,333.0,JAMESON,0.5459,0.0,391.3,18.8,13.0,1920,1080,0.012,9.4,397.8
Round3,Q4,333,333.0,JAMESON,0.5226,848.6,399.9,35.8,14.1,1920,1080,0.024,866.5,406.9
Round3,Q4,333,333.0,JAMESON,0.4536,0.0,216.7,18.4,9.5,1920,1080,0.008,9.2,221.5
Round3,Q4,333,333.0,JAMESON,0.4478,343.1,223.7,31.6,10.3,1920,1080,0.016,358.9,228.9
Round3,Q4,333,333.0,JAMESON,0.4283,1184.6,328.1,29.2,11.8,1920,1080,0.017,1199.2,334.1
Round3,Q4,333,333.0,JAMESON,0.3353,272.4,223.6,37.1,10.7,1920,1080,0.019,290.9,229.0
Round3,Q4,334,334.0,JAMESON,0.8652,1549.8,378.4,44.0,19.9,1920,1080,0.042,1571.8,388.4
Round3,Q4,334,334.0,JAMESON,0.8616,1704.4,379.6,49.1,22.4,1920,1080,0.053,1729.0,390.8
Round3,Q4,334,334.0,JAMESON,0.8581,1574.5,169.1,36.2,13.8,1920,1080,0.024,1592.5,176.0
Round3,Q4,334,334.0,JAMESON,0.8541,1408.9,378.3,40.1,17.8,1920,1080,0.035,1429.0,387.2
Round3,Q4,334,334.0,JAMESON,0.8521,1787.1,379.5,51.8,24.5,1920,1080,0.061,1813.0,391.8
Round3,Q4,334,334.0,JAMESON,0.8502,1622.6,379.3,46.2,20.8,1920,1080,0.046,1645.8,389.7
Round3,Q4,334,334.0,JAMESON,0.8494,1475.7,378.8,42.2,18.2,1920,1080,0.037,1496.8,387.9
Round3,Q4,334,334.0,JAMESON,0.8478,1863.9,113.0,44.5,18.9,1920,1080,0.041,1886.2,122.4
Round3,Q4,334,334.0,JAMESON,0.8417,1760.6,135.7,41.7,17.0,1920,1080,0.034,1781.4,144.2
Round3,Q4,334,334.0,JAMESON,0.8401,704.1,375.3,34.4,12.5,1920,1080,0.021,721.3,381.5
Round3,Q4,334,334.0,JAMESON,0.8376,1232.3,505.2,43.5,21.8,1920,1080,0.046,1254.0,516.1
Round3,Q4,334,334.0,JAMESON,0.8358,593.0,458.2,36.7,14.8,1920,1080,0.026,611.4,465.6
Round3,Q4,334,334.0,JAMESON,0.8341,1093.8,490.4,39.9,20.1,1920,1080,0.039,1113.8,500.5
Round3,Q4,334,334.0,JAMESON,0.8339,1549.0,550.3,54.5,30.2,1920,1080,0.079,1576.3,565.4
Round3,Q4,334,334.0,JAMESON,0.8335,849.5,240.6,31.2,10.2,1920,1080,0.015,865.1,245.7
Round3,Q4,334,334.0,JAMESON,0.8329,714.0,463.1,38.3,16.1,1920,1080,0.03,733.1,471.1
Round3,Q4,334,334.0,JAMESON,0.8323,1339.9,377.5,40.0,17.4,1920,1080,0.034,1359.9,386.2
Round3,Q4,334,334.0,JAMESON,0.8319,532.3,456.3,37.2,14.1,1920,1080,0.025,550.9,463.4
Round3,Q4,334,334.0,JAMESON,0.8318,1381.9,523.8,46.6,25.8,1920,1080,0.058,1405.2,536.7
Round3,Q4,334,334.0,JAMESON,0.8298,1211.7,376.7,39.2,15.6,1920,1080,0.029,1231.3,384.5
Round3,Q4,334,334.0,JAMESON,0.8292,1088.7,376.0,37.3,14.8,1920,1080,0.027,1107.3,383.4
Round3,Q4,334,334.0,JAMESON,0.8253,653.8,460.4,35.7,14.8,1920,1080,0.025,671.7,467.8
Round3,Q4,334,334.0,JAMESON,0.824,1277.9,377.2,37.0,16.1,1920,1080,0.029,1296.4,385.3
Round3,Q4,334,334.0,JAMESON,0.8239,821.4,375.3,36.4,13.5,1920,1080,0.024,839.6,382.1
Round3,Q4,334,334.0,JAMESON,0.8235,1027.0,484.1,40.1,19.6,1920,1080,0.038,1047.1,493.9
Round3,Q4,334,334.0,JAMESON,0.8227,939.9,375.4,37.3,14.6,1920,1080,0.026,958.5,382.7
Round3,Q4,334,334.0,JAMESON,0.8224,1330.8,201.7,33.9,12.2,1920,1080,0.02,1347.8,207.9
Round3,Q4,334,334.0,JAMESON,0.8216,1462.9,535.0,51.6,28.4,1920,1080,0.071,1488.7,549.2
Round3,Q4,334,334.0,JAMESON,0.8212,647.5,374.6,34.5,12.3,1920,1080,0.02,664.7,380.8
Round3,Q4,334,334.0,JAMESON,0.8199,1661.0,154.0,39.3,15.3,1920,1080,0.029,1680.6,161.6
Round3,Q4,334,334.0,JAMESON,0.816,1883.3,378.2,36.7,26.9,1920,1080,0.048,1901.6,391.7
Round3,Q4,334,334.0,JAMESON,0.8152,1046.8,228.3,33.2,11.1,1920,1080,0.018,1063.3,233.8
Round3,Q4,334,334.0,JAMESON,0.8151,1304.5,513.1,46.6,24.8,1920,1080,0.056,1327.8,525.5
Round3,Q4,334,334.0,JAMESON,0.8143,963.8,479.4,38.3,18.3,1920,1080,0.034,982.9,488.5
Round3,Q4,334,334.0,JAMESON,0.8126,836.9,470.0,38.4,17.5,1920,1080,0.032,856.1,478.8
Round3,Q4,334,334.0,JAMESON,0.808,412.3,451.7,35.0,13.9,1920,1080,0.023,429.8,458.6
Round3,Q4,334,334.0,JAMESON,0.8074,529.1,375.1,34.4,11.6,1920,1080,0.019,546.3,380.9
Round3,Q4,334,334.0,JAMESON,0.8072,1186.2,216.5,32.3,11.6,1920,1080,0.018,1202.4,222.4
Round3,Q4,334,334.0,JAMESON,0.8048,652.5,249.8,32.1,10.0,1920,1080,0.015,668.5,254.8
Round3,Q4,334,334.0,JAMESON,0.8041,284.8,373.6,37.2,12.3,1920,1080,0.022,303.4,379.8
Round3,Q4,334,334.0,JAMESON,0.8035,1410.1,192.1,35.6,12.4,1920,1080,0.021,1427.9,198.3
Round3,Q4,334,334.0,JAMESON,0.7994,1813.3,617.3,57.7,42.1,1920,1080,0.117,1842.1,638.3
Round3,Q4,334,334.0,JAMESON,0.7992,1030.1,376.0,35.7,14.4,1920,1080,0.025,1048.0,383.1
Round3,Q4,334,334.0,JAMESON,0.7975,521.3,253.9,32.1,10.1,1920,1080,0.016,537.4,259.0
Round3,Q4,334,334.0,JAMESON,0.7961,880.4,375.3,36.9,13.3,1920,1080,0.024,898.9,381.9
Round3,Q4,334,334.0,JAMESON,0.7939,285.9,448.3,39.2,13.8,1920,1080,0.026,305.6,455.2
Round3,Q4,334,334.0,JAMESON,0.7924,1150.6,376.6,36.6,14.5,1920,1080,0.026,1169.0,383.8
Round3,Q4,334,334.0,JAMESON,0.792,388.3,257.1,33.3,9.8,1920,1080,0.016,405.0,262.0
Round3,Q4,334,334.0,JAMESON,0.7907,349.6,449.9,36.1,13.4,1920,1080,0.023,367.7,456.6
Round3,Q4,334,334.0,JAMESON,0.7901,469.1,374.4,35.9,12.1,1920,1080,0.021,487.0,380.4
Round3,Q4,334,334.0,JAMESON,0.7864,408.4,374.3,35.8,12.4,1920,1080,0.021,426.3,380.5
Round3,Q4,334,334.0,JAMESON,0.7859,347.5,373.7,36.4,12.4,1920,1080,0.022,365.7,379.9
Round3,Q4,334,334.0,JAMESON,0.7854,913.6,237.4,31.1,9.7,1920,1080,0.015,929.1,242.3
Round3,Q4,334,334.0,JAMESON,0.7838,982.2,233.1,33.0,10.1,1920,1080,0.016,998.7,238.1
Round3,Q4,334,334.0,JAMESON,0.7791,763.6,375.0,34.7,13.2,1920,1080,0.022,780.9,381.6
Round3,Q4,334,334.0,JAMESON,0.7741,1487.2,181.8,35.8,13.5,1920,1080,0.023,1505.2,188.5
Round3,Q4,334,334.0,JAMESON,0.7561,586.2,374.9,37.6,14.0,1920,1080,0.025,605.0,381.9
Round3,Q4,334,334.0,JAMESON,0.7482,250.2,258.6,36.9,10.1,1920,1080,0.018,268.6,263.6
Round3,Q4,334,334.0,JAMESON,0.745,588.4,251.8,32.0,9.7,1920,1080,0.015,604.4,256.7
Round3,Q4,334,334.0,JAMESON,0.7401,1118.4,223.2,32.6,10.9,1920,1080,0.017,1134.7,228.6
Round3,Q4,334,334.0,JAMESON,0.7331,456.4,255.9,30.8,9.4,1920,1080,0.014,471.9,260.6
Round3,Q4,334,334.0,JAMESON,0.7059,322.1,258.3,34.7,9.7,1920,1080,0.016,339.4,263.2
Round3,Q4,334,334.0,JAMESON,0.7039,1259.3,209.7,32.8,11.3,1920,1080,0.018,1275.7,215.4
Round3,Q4,334,334.0,JAMESON,0.6634,775.4,466.4,29.4,15.3,1920,1080,0.022,790.1,474.0
Round3,Q4,334,334.0,JAMESON,0.6452,717.9,247.4,32.0,10.7,1920,1080,0.016,733.9,252.7
Round3,Q4,334,334.0,JAMESON,0.6298,471.6,453.3,36.7,15.0,1920,1080,0.027,490.0,460.8
Round3,Q4,334,334.0,JAMESON,0.5492,0.0,442.7,18.2,16.6,1920,1080,0.015,9.1,451.1
Round3,Q4,334,334.0,JAMESON,0.4711,1904.4,650.4,15.5,36.1,1920,1080,0.027,1912.1,668.5
Round3,Q4,335,335.0,JAMESON,0.8706,1431.2,391.7,42.0,19.1,1920,1080,0.039,1452.2,401.2
Round3,Q4,335,335.0,JAMESON,0.8684,1851.3,392.0,56.1,25.9,1920,1080,0.07,1879.3,404.9
Round3,Q4,335,335.0,JAMESON,0.8598,1757.6,392.2,55.0,24.3,1920,1080,0.064,1785.1,404.4
Round3,Q4,335,335.0,JAMESON,0.8595,1504.6,391.9,45.8,20.3,1920,1080,0.045,1527.5,402.1
Round3,Q4,335,335.0,JAMESON,0.8569,1355.0,391.3,44.4,18.6,1920,1080,0.04,1377.2,400.6
Round3,Q4,335,335.0,JAMESON,0.8556,1587.4,581.6,59.5,31.5,1920,1080,0.09,1617.2,597.4
Round3,Q4,335,335.0,JAMESON,0.8541,1819.4,124.7,45.6,17.7,1920,1080,0.039,1842.2,133.5
Round3,Q4,335,335.0,JAMESON,0.8506,1237.5,531.1,47.3,24.8,1920,1080,0.057,1261.2,543.5
Round3,Q4,335,335.0,JAMESON,0.8505,259.7,386.1,40.6,14.0,1920,1080,0.027,280.0,393.1
Round3,Q4,335,335.0,JAMESON,0.8503,1666.6,392.4,50.2,22.6,1920,1080,0.055,1691.6,403.7
Round3,Q4,335,335.0,JAMESON,0.8497,1401.5,552.1,50.1,27.2,1920,1080,0.066,1426.6,565.7
Round3,Q4,335,335.0,JAMESON,0.8482,786.2,389.1,37.0,14.3,1920,1080,0.025,804.7,396.3
Round3,Q4,335,335.0,JAMESON,0.8474,1612.1,162.2,40.0,15.2,1920,1080,0.029,1632.1,169.8
Round3,Q4,335,335.0,JAMESON,0.8463,1586.0,391.4,48.8,22.5,1920,1080,0.053,1610.4,402.6
Round3,Q4,335,335.0,JAMESON,0.8447,1214.5,390.6,42.3,16.9,1920,1080,0.034,1235.6,399.1
Round3,Q4,335,335.0,JAMESON,0.8441,1286.4,391.3,41.0,17.3,1920,1080,0.034,1306.9,399.9
Round3,Q4,335,335.0,JAMESON,0.8395,1517.6,176.2,38.2,14.5,1920,1080,0.027,1536.7,183.5
Round3,Q4,335,335.0,JAMESON,0.838,454.8,255.4,33.2,10.5,1920,1080,0.017,471.4,260.7
Round3,Q4,335,335.0,JAMESON,0.8363,395.6,387.5,39.1,13.3,1920,1080,0.025,415.1,394.2
Round3,Q4,335,335.0,JAMESON,0.8332,1431.4,188.5,38.9,13.1,1920,1080,0.025,1450.8,195.0
Round3,Q4,335,335.0,JAMESON,0.8332,816.8,242.2,31.3,10.4,1920,1080,0.016,832.4,247.4
Round3,Q4,335,335.0,JAMESON,0.8318,668.3,485.9,40.4,17.7,1920,1080,0.034,688.5,494.8
Round3,Q4,335,335.0,JAMESON,0.83,593.5,388.0,36.9,13.5,1920,1080,0.024,611.9,394.7
Round3,Q4,335,335.0,JAMESON,0.8298,657.0,388.2,38.1,14.2,1920,1080,0.026,676.0,395.3
Round3,Q4,335,335.0,JAMESON,0.8294,917.2,389.1,36.6,14.8,1920,1080,0.026,935.5,396.4
Round3,Q4,335,335.0,JAMESON,0.8291,1112.2,222.8,31.9,11.3,1920,1080,0.017,1128.1,228.5
Round3,Q4,335,335.0,JAMESON,0.8286,529.2,254.0,31.9,10.1,1920,1080,0.016,545.1,259.1
Round3,Q4,335,335.0,JAMESON,0.8277,1344.1,198.9,37.4,12.6,1920,1080,0.023,1362.8,205.2
Round3,Q4,335,335.0,JAMESON,0.8266,262.6,470.8,40.3,15.3,1920,1080,0.03,282.7,478.4
Round3,Q4,335,335.0,JAMESON,0.8266,1147.9,390.0,39.0,17.1,1920,1080,0.032,1167.4,398.5
Round3,Q4,335,335.0,JAMESON,0.8253,598.4,251.1,35.3,11.3,1920,1080,0.019,616.1,256.8
Round3,Q4,335,335.0,JAMESON,0.8247,1011.5,509.2,43.6,20.8,1920,1080,0.044,1033.3,519.6
Round3,Q4,335,335.0,JAMESON,0.8243,1185.7,215.1,34.7,12.4,1920,1080,0.021,1203.1,221.3
Round3,Q4,335,335.0,JAMESON,0.8242,1033.6,228.1,34.4,11.7,1920,1080,0.019,1050.8,233.9
Round3,Q4,335,335.0,JAMESON,0.8237,1315.8,540.7,51.0,25.8,1920,1080,0.064,1341.3,553.6
Round3,Q4,335,335.0,JAMESON,0.8218,1015.6,389.0,36.1,15.9,1920,1080,0.028,1033.7,397.0
Round3,Q4,335,335.0,JAMESON,0.8208,331.5,472.4,39.4,16.2,1920,1080,0.031,351.2,480.5
Round3,Q4,335,335.0,JAMESON,0.819,1079.0,389.8,41.2,16.4,1920,1080,0.033,1099.7,398.0
Round3,Q4,335,335.0,JAMESON,0.8182,328.2,386.9,39.8,13.3,1920,1080,0.025,348.1,393.5
Round3,Q4,335,335.0,JAMESON,0.8172,601.5,482.7,39.5,16.9,1920,1080,0.032,621.3,491.2
Round3,Q4,335,335.0,JAMESON,0.8166,534.5,480.4,38.6,16.5,1920,1080,0.031,553.7,488.6
Round3,Q4,335,335.0,JAMESON,0.8163,1086.0,515.3,42.9,21.9,1920,1080,0.045,1107.5,526.3
Round3,Q4,335,335.0,JAMESON,0.8162,887.1,238.1,32.8,10.9,1920,1080,0.017,903.5,243.6
Round3,Q4,335,335.0,JAMESON,0.8159,466.8,477.2,40.9,16.6,1920,1080,0.033,487.2,485.5
Round3,Q4,335,335.0,JAMESON,0.8158,722.9,388.6,36.6,14.2,1920,1080,0.025,741.2,395.7
Round3,Q4,335,335.0,JAMESON,0.8151,461.9,387.9,38.5,13.4,1920,1080,0.025,481.2,394.6
Round3,Q4,335,335.0,JAMESON,0.8096,1708.7,145.0,42.4,16.5,1920,1080,0.034,1729.9,153.2
Round3,Q4,335,335.0,JAMESON,0.8037,526.9,388.0,39.9,14.3,1920,1080,0.028,546.9,395.2
Round3,Q4,335,335.0,JAMESON,0.8024,961.4,233.4,35.0,10.9,1920,1080,0.018,978.9,238.9
Round3,Q4,335,335.0,JAMESON,0.7935,942.1,502.5,41.9,19.4,1920,1080,0.039,963.0,512.2
Round3,Q4,335,335.0,JAMESON,0.793,382.7,257.4,34.5,10.2,1920,1080,0.017,400.0,262.5
Round3,Q4,335,335.0,JAMESON,0.7889,232.1,258.6,37.6,10.9,1920,1080,0.02,250.9,264.0
Round3,Q4,335,335.0,JAMESON,0.788,1266.4,207.5,36.4,12.8,1920,1080,0.022,1284.6,213.9
Round3,Q4,335,335.0,JAMESON,0.7851,671.6,248.9,32.8,11.0,1920,1080,0.017,688.0,254.3
Round3,Q4,335,335.0,JAMESON,0.7842,804.4,494.0,38.6,18.5,1920,1080,0.034,823.6,503.2
Round3,Q4,335,335.0,JAMESON,0.7818,851.9,389.5,38.0,13.5,1920,1080,0.025,870.9,396.3
Round3,Q4,335,335.0,JAMESON,0.7747,306.2,257.9,34.9,10.8,1920,1080,0.018,323.7,263.3
Round3,Q4,335,335.0,JAMESON,0.6888,0.0,256.2,28.6,12.1,1920,1080,0.017,14.3,262.3
Round3,Q4,335,335.0,JAMESON,0.6868,1883.3,654.1,36.7,39.3,1920,1080,0.069,1901.7,673.7
Round3,Q4,335,335.0,JAMESON,0.6133,1490.8,563.8,56.9,32.2,1920,1080,0.088,1519.3,579.9
Round3,Q4,335,335.0,JAMESON,0.5545,0.0,383.7,12.6,15.6,1920,1080,0.009,6.3,391.5
Round3,Q4,335,335.0,JAMESON,0.4483,400.3,475.2,37.9,16.0,1920,1080,0.029,419.3,483.2
Round3,Q4,336,336.0,JAMESON,0.8684,1728.3,118.5,44.2,17.8,1920,1080,0.038,1750.4,127.4
Round3,Q4,336,336.0,JAMESON,0.8621,1591.8,389.2,51.7,23.0,1920,1080,0.057,1617.6,400.8
Round3,Q4,336,336.0,JAMESON,0.86,52.1,382.1,43.5,13.9,1920,1080,0.029,73.8,389.0
Round3,Q4,336,336.0,JAMESON,0.86,1157.2,196.7,35.6,12.5,1920,1080,0.021,1175.0,203.0
Round3,Q4,336,336.0,JAMESON,0.8557,1620.9,137.3,43.8,16.9,1920,1080,0.036,1642.8,145.8
Round3,Q4,336,336.0,JAMESON,0.8551,1503.4,389.3,50.9,22.1,1920,1080,0.054,1528.8,400.4
Round3,Q4,336,336.0,JAMESON,0.8548,209.0,383.4,42.0,14.1,1920,1080,0.029,230.1,390.4
Round3,Q4,336,336.0,JAMESON,0.8547,135.7,476.3,44.0,15.9,1920,1080,0.034,157.7,484.3
Round3,Q4,336,336.0,JAMESON,0.8504,717.9,386.6,41.5,15.3,1920,1080,0.031,738.7,394.2
Round3,Q4,336,336.0,JAMESON,0.8498,1039.4,387.6,44.5,17.4,1920,1080,0.037,1061.6,396.3
Round3,Q4,336,336.0,JAMESON,0.8492,1680.5,389.2,55.1,24.4,1920,1080,0.065,1708.1,401.4
Round3,Q4,336,336.0,JAMESON,0.8484,1848.1,95.0,48.6,21.0,1920,1080,0.049,1872.5,105.5
Round3,Q4,336,336.0,JAMESON,0.8473,1340.6,389.1,46.8,19.6,1920,1080,0.044,1364.0,398.9
Round3,Q4,336,336.0,JAMESON,0.8471,1391.0,564.0,56.4,29.9,1920,1080,0.081,1419.2,579.0
Round3,Q4,336,336.0,JAMESON,0.847,284.5,384.0,43.0,14.4,1920,1080,0.03,306.1,391.2
Round3,Q4,336,336.0,JAMESON,0.8463,1296.9,551.2,57.1,29.2,1920,1080,0.08,1325.4,565.8
Round3,Q4,336,336.0,JAMESON,0.8461,1778.8,389.2,60.6,27.0,1920,1080,0.079,1809.1,402.7
Round3,Q4,336,336.0,JAMESON,0.8449,1187.1,388.0,46.3,18.4,1920,1080,0.041,1210.2,397.2
Round3,Q4,336,336.0,JAMESON,0.8431,1424.5,166.1,38.7,14.5,1920,1080,0.027,1443.8,173.3
Round3,Q4,336,336.0,JAMESON,0.8417,1211.5,542.0,52.0,26.2,1920,1080,0.066,1237.5,555.1
Round3,Q4,336,336.0,JAMESON,0.8415,1423.7,389.0,46.9,21.0,1920,1080,0.047,1447.2,399.5
Round3,Q4,336,336.0,JAMESON,0.841,575.8,386.0,42.0,14.9,1920,1080,0.03,596.8,393.4
Round3,Q4,336,336.0,JAMESON,0.8395,512.8,489.2,45.1,18.5,1920,1080,0.04,535.4,498.4
Round3,Q4,336,336.0,JAMESON,0.8387,1244.8,187.9,34.9,13.2,1920,1080,0.022,1262.3,194.5
Round3,Q4,336,336.0,JAMESON,0.8384,829.4,220.7,34.6,11.4,1920,1080,0.019,846.7,226.4
Round3,Q4,336,336.0,JAMESON,0.8347,1593.2,595.8,67.4,35.4,1920,1080,0.115,1626.9,613.4
Round3,Q4,336,336.0,JAMESON,0.8345,965.6,517.8,47.5,23.0,1920,1080,0.053,989.4,529.3
Round3,Q4,336,336.0,JAMESON,0.8345,1076.7,204.2,33.2,12.5,1920,1080,0.02,1093.3,210.5
Round3,Q4,336,336.0,JAMESON,0.8339,970.7,386.9,39.5,17.0,1920,1080,0.032,990.4,395.4
Round3,Q4,336,336.0,JAMESON,0.8339,359.8,385.0,40.8,13.9,1920,1080,0.027,380.2,392.0
Round3,Q4,336,336.0,JAMESON,0.8337,213.4,477.9,43.3,17.5,1920,1080,0.037,235.0,486.6
Round3,Q4,336,336.0,JAMESON,0.8334,131.6,382.2,45.2,14.9,1920,1080,0.033,154.2,389.7
Round3,Q4,336,336.0,JAMESON,0.8326,1264.5,388.6,44.6,19.2,1920,1080,0.041,1286.8,398.2
Round3,Q4,336,336.0,JAMESON,0.8321,1113.6,387.7,44.2,18.1,1920,1080,0.039,1135.7,396.8
Round3,Q4,336,336.0,JAMESON,0.8317,860.7,387.0,42.0,16.4,1920,1080,0.033,881.7,395.2
Round3,Q4,336,336.0,JAMESON,0.8315,648.2,386.4,40.0,14.9,1920,1080,0.029,668.2,393.8
Round3,Q4,336,336.0,JAMESON,0.829,506.3,385.8,38.7,13.6,1920,1080,0.025,525.6,392.6
Round3,Q4,336,336.0,JAMESON,0.8281,185.1,240.1,36.8,11.5,1920,1080,0.02,203.5,245.8
Round3,Q4,336,336.0,JAMESON,0.8279,911.5,215.4,35.5,12.1,1920,1080,0.021,929.3,221.4
Round3,Q4,336,336.0,JAMESON,0.8257,269.6,239.3,35.6,11.0,1920,1080,0.019,287.4,244.8
Round3,Q4,336,336.0,JAMESON,0.8253,439.6,486.4,44.3,18.2,1920,1080,0.039,461.7,495.5
Round3,Q4,336,336.0,JAMESON,0.8207,99.6,240.1,36.3,11.4,1920,1080,0.02,117.7,245.8
Round3,Q4,336,336.0,JAMESON,0.8204,593.3,231.7,34.0,11.4,1920,1080,0.019,610.3,237.4
Round3,Q4,336,336.0,JAMESON,0.8189,789.7,386.6,41.6,15.2,1920,1080,0.03,810.5,394.2
Round3,Q4,336,336.0,JAMESON,0.8125,991.4,210.4,34.8,11.7,1920,1080,0.02,1008.8,216.3
Round3,Q4,336,336.0,JAMESON,0.8124,1488.9,577.6,60.6,32.4,1920,1080,0.095,1519.2,593.8
Round3,Q4,336,336.0,JAMESON,0.8112,433.5,236.6,34.4,10.8,1920,1080,0.018,450.7,242.0
Round3,Q4,336,336.0,JAMESON,0.8106,588.6,492.7,44.5,19.2,1920,1080,0.041,610.9,502.3
Round3,Q4,336,336.0,JAMESON,0.8096,752.9,224.5,32.9,11.4,1920,1080,0.018,769.4,230.2
Round3,Q4,336,336.0,JAMESON,0.8094,1047.6,524.6,45.9,23.9,1920,1080,0.053,1070.5,536.5
Round3,Q4,336,336.0,JAMESON,0.8083,1882.8,387.2,37.1,30.2,1920,1080,0.054,1901.4,402.3
Round3,Q4,336,336.0,JAMESON,0.8079,1518.0,152.9,40.8,15.7,1920,1080,0.031,1538.4,160.7
Round3,Q4,336,336.0,JAMESON,0.804,364.8,483.7,44.7,17.6,1920,1080,0.038,387.2,492.4
Round3,Q4,336,336.0,JAMESON,0.7937,431.0,384.8,44.1,16.0,1920,1080,0.034,453.1,392.8
Round3,Q4,336,336.0,JAMESON,0.7902,1330.5,177.6,40.8,14.6,1920,1080,0.029,1351.0,184.9
Round3,Q4,336,336.0,JAMESON,0.7843,7.8,239.3,40.7,11.4,1920,1080,0.022,28.2,245.0
Round3,Q4,336,336.0,JAMESON,0.7817,350.6,238.1,38.4,11.4,1920,1080,0.021,369.8,243.8
Round3,Q4,336,336.0,JAMESON,0.7379,55.8,474.2,49.2,17.6,1920,1080,0.042,80.4,483.0
Round3,Q4,336,336.0,JAMESON,0.7324,513.0,234.6,34.7,10.8,1920,1080,0.018,530.4,240.0
Round3,Q4,336,336.0,JAMESON,0.7194,0.0,381.2,18.5,14.9,1920,1080,0.013,9.2,388.6
Round3,Q4,336,336.0,JAMESON,0.7006,888.9,511.1,45.8,20.6,1920,1080,0.045,911.8,521.4
Round3,Q4,336,336.0,JAMESON,0.5918,739.4,500.9,42.7,19.9,1920,1080,0.041,760.7,510.9
Round3,Q4,336,336.0,JAMESON,0.3688,0.0,473.2,10.5,15.4,1920,1080,0.008,5.3,480.9
Round3,Q4,336,336.0,JAMESON,0.3156,289.3,480.0,41.3,18.4,1920,1080,0.037,309.9,489.2
Round3,Q4,337,337.0,JAMESON,0.8764,1772.0,381.6,59.0,27.8,1920,1080,0.079,1801.6,395.5
Round3,Q4,337,337.0,JAMESON,0.8696,1670.3,382.3,53.6,24.3,1920,1080,0.063,1697.1,394.5
Round3,Q4,337,337.0,JAMESON,0.8651,1158.1,381.0,45.9,18.6,1920,1080,0.041,1181.1,390.3
Round3,Q4,337,337.0,JAMESON,0.8618,786.9,206.0,35.1,11.9,1920,1080,0.02,804.4,212.0
Round3,Q4,337,337.0,JAMESON,0.8608,1841.2,76.6,51.4,21.3,1920,1080,0.053,1866.9,87.3
Round3,Q4,337,337.0,JAMESON,0.8606,1083.5,380.9,41.6,17.9,1920,1080,0.036,1104.4,389.8
Round3,Q4,337,337.0,JAMESON,0.8569,932.1,378.6,41.2,18.6,1920,1080,0.037,952.7,387.9
Round3,Q4,337,337.0,JAMESON,0.8567,1486.3,381.9,49.8,22.9,1920,1080,0.055,1511.2,393.4
Round3,Q4,337,337.0,JAMESON,0.8562,1317.3,381.4,48.2,20.9,1920,1080,0.049,1341.4,391.9
Round3,Q4,337,337.0,JAMESON,0.8561,1500.7,136.6,42.3,15.8,1920,1080,0.032,1521.8,144.5
Round3,Q4,337,337.0,JAMESON,0.8547,953.8,195.6,36.3,12.3,1920,1080,0.022,972.0,201.8
Round3,Q4,337,337.0,JAMESON,0.8543,1607.6,119.8,43.9,17.9,1920,1080,0.038,1629.5,128.7
Round3,Q4,337,337.0,JAMESON,0.8542,1216.8,172.3,37.1,13.7,1920,1080,0.024,1235.4,179.2
Round3,Q4,337,337.0,JAMESON,0.8534,1717.6,101.0,45.2,18.1,1920,1080,0.04,1740.2,110.1
Round3,Q4,337,337.0,JAMESON,0.8531,1126.6,181.0,36.7,13.4,1920,1080,0.024,1144.9,187.7
Round3,Q4,337,337.0,JAMESON,0.853,1273.9,549.7,55.5,29.7,1920,1080,0.08,1301.6,564.6
Round3,Q4,337,337.0,JAMESON,0.8524,1402.4,381.8,48.1,21.8,1920,1080,0.051,1426.5,392.7
Round3,Q4,337,337.0,JAMESON,0.8505,1577.6,381.5,52.6,24.4,1920,1080,0.062,1603.8,393.7
Round3,Q4,337,337.0,JAMESON,0.8495,1579.8,596.0,66.0,36.5,1920,1080,0.116,1612.8,614.3
Round3,Q4,337,337.0,JAMESON,0.8465,1004.4,379.8,46.0,18.5,1920,1080,0.041,1027.4,389.1
Round3,Q4,337,337.0,JAMESON,0.8463,1240.5,381.5,43.0,19.2,1920,1080,0.04,1262.1,391.2
Round3,Q4,337,337.0,JAMESON,0.8429,818.9,379.5,42.4,16.7,1920,1080,0.034,840.1,387.8
Round3,Q4,337,337.0,JAMESON,0.842,15.2,223.9,38.0,11.1,1920,1080,0.02,34.2,229.4
Round3,Q4,337,337.0,JAMESON,0.8409,453.8,219.6,36.3,11.6,1920,1080,0.02,472.0,225.4
Round3,Q4,337,337.0,JAMESON,0.838,370.6,221.5,36.5,11.2,1920,1080,0.02,388.9,227.1
Round3,Q4,337,337.0,JAMESON,0.8371,1878.8,380.7,41.2,29.4,1920,1080,0.058,1899.4,395.4
Round3,Q4,337,337.0,JAMESON,0.8366,520.8,378.1,42.0,15.9,1920,1080,0.032,541.8,386.0
Round3,Q4,337,337.0,JAMESON,0.8364,1185.6,540.8,51.2,26.9,1920,1080,0.067,1211.2,554.2
Round3,Q4,337,337.0,JAMESON,0.836,539.3,216.6,34.8,12.3,1920,1080,0.021,556.7,222.8
Round3,Q4,337,337.0,JAMESON,0.8357,1307.3,162.2,38.0,14.1,1920,1080,0.026,1326.3,169.3
Round3,Q4,337,337.0,JAMESON,0.835,448.5,378.1,39.6,14.5,1920,1080,0.028,468.3,385.3
Round3,Q4,337,337.0,JAMESON,0.8349,1403.5,150.2,39.5,14.9,1920,1080,0.028,1423.3,157.7
Round3,Q4,337,337.0,JAMESON,0.833,456.1,486.3,45.8,19.0,1920,1080,0.042,479.0,495.8
Round3,Q4,337,337.0,JAMESON,0.8305,53.7,471.9,47.3,17.8,1920,1080,0.041,77.4,480.8
Round3,Q4,337,337.0,JAMESON,0.8289,1042.0,189.0,34.9,13.3,1920,1080,0.022,1059.5,195.6
Round3,Q4,337,337.0,JAMESON,0.8283,137.7,474.9,46.6,16.7,1920,1080,0.038,161.0,483.3
Round3,Q4,337,337.0,JAMESON,0.8267,1471.4,577.4,61.4,33.1,1920,1080,0.098,1502.1,594.0
Round3,Q4,337,337.0,JAMESON,0.8238,134.3,375.3,42.9,14.3,1920,1080,0.03,155.7,382.4
Round3,Q4,337,337.0,JAMESON,0.8217,928.3,515.3,47.8,23.8,1920,1080,0.055,952.2,527.2
Round3,Q4,337,337.0,JAMESON,0.8201,744.1,379.6,44.4,15.6,1920,1080,0.033,766.3,387.4
Round3,Q4,337,337.0,JAMESON,0.8197,106.2,224.5,39.9,11.6,1920,1080,0.022,126.2,230.3
Round3,Q4,337,337.0,JAMESON,0.8187,850.4,508.7,45.3,22.9,1920,1080,0.05,873.0,520.1
Round3,Q4,337,337.0,JAMESON,0.8183,533.5,489.3,46.6,20.7,1920,1080,0.046,556.8,499.6
Round3,Q4,337,337.0,JAMESON,0.8182,283.7,222.6,36.9,11.8,1920,1080,0.021,302.2,228.4
Round3,Q4,337,337.0,JAMESON,0.8179,213.6,375.8,45.5,14.9,1920,1080,0.033,236.4,383.2
Round3,Q4,337,337.0,JAMESON,0.8179,292.8,376.5,43.4,15.3,1920,1080,0.032,314.5,384.1
Round3,Q4,337,337.0,JAMESON,0.8157,598.0,378.4,40.4,16.2,1920,1080,0.032,618.2,386.5
Round3,Q4,337,337.0,JAMESON,0.8156,196.4,223.7,38.1,11.9,1920,1080,0.022,215.4,229.7
Round3,Q4,337,337.0,JAMESON,0.8155,377.3,483.5,46.6,18.2,1920,1080,0.041,400.6,492.6
Round3,Q4,337,337.0,JAMESON,0.8146,49.3,373.5,48.1,15.8,1920,1080,0.037,73.4,381.3
Round3,Q4,337,337.0,JAMESON,0.8136,669.1,379.0,43.9,15.9,1920,1080,0.034,691.0,386.9
Round3,Q4,337,337.0,JAMESON,0.8134,688.9,498.7,46.4,20.4,1920,1080,0.046,712.2,508.9
Round3,Q4,337,337.0,JAMESON,0.81,872.8,200.9,33.4,12.0,1920,1080,0.019,889.6,206.8
Round3,Q4,337,337.0,JAMESON,0.8082,1012.2,522.9,47.7,23.9,1920,1080,0.055,1036.0,534.9
Round3,Q4,337,337.0,JAMESON,0.7985,705.3,209.9,32.9,11.6,1920,1080,0.018,721.8,215.7
Round3,Q4,337,337.0,JAMESON,0.7951,298.4,481.1,46.5,17.7,1920,1080,0.04,321.7,489.9
Round3,Q4,337,337.0,JAMESON,0.7269,369.5,377.0,43.8,16.1,1920,1080,0.034,391.4,385.1
Round3,Q4,337,337.0,JAMESON,0.663,0.0,372.1,11.3,16.5,1920,1080,0.009,5.7,380.4
Round3,Q4,337,337.0,JAMESON,0.649,0.0,470.9,19.6,18.3,1920,1080,0.017,9.8,480.1
Round3,Q4,337,337.0,JAMESON,0.5488,1907.7,65.1,12.3,21.4,1920,1080,0.013,1913.9,75.8
Round3,Q4,338,338.0,JAMESON,0.8852,1564.1,374.3,52.7,24.7,1920,1080,0.063,1590.5,386.7
Round3,Q4,338,338.0,JAMESON,0.8832,1761.5,374.3,62.6,28.0,1920,1080,0.085,1792.8,388.3
Round3,Q4,338,338.0,JAMESON,0.8792,1657.4,374.3,55.4,25.6,1920,1080,0.068,1685.1,387.1
Round3,Q4,338,338.0,JAMESON,0.8739,1469.4,374.7,51.4,23.4,1920,1080,0.058,1495.1,386.3
Round3,Q4,338,338.0,JAMESON,0.8718,234.4,368.7,43.0,15.1,1920,1080,0.031,255.9,376.3
Round3,Q4,338,338.0,JAMESON,0.8686,401.6,204.7,37.0,12.6,1920,1080,0.022,420.1,211.0
Round3,Q4,338,338.0,JAMESON,0.8655,1594.5,103.4,45.2,18.6,1920,1080,0.041,1617.1,112.7
Round3,Q4,338,338.0,JAMESON,0.8655,747.1,191.6,37.6,12.5,1920,1080,0.023,765.9,197.8
Round3,Q4,338,338.0,JAMESON,0.8641,471.5,370.2,45.1,16.2,1920,1080,0.035,494.0,378.3
Round3,Q4,338,338.0,JAMESON,0.8624,1158.5,538.1,54.1,28.6,1920,1080,0.075,1185.6,552.4
Round3,Q4,338,338.0,JAMESON,0.8613,395.1,369.7,42.8,15.9,1920,1080,0.033,416.5,377.7
Round3,Q4,338,338.0,JAMESON,0.8607,663.3,195.8,34.5,11.9,1920,1080,0.02,680.5,201.8
Round3,Q4,338,338.0,JAMESON,0.856,1295.4,374.4,49.5,21.1,1920,1080,0.05,1320.1,384.9
Round3,Q4,338,338.0,JAMESON,0.8553,223.2,208.2,38.8,12.0,1920,1080,0.022,242.6,214.2
Round3,Q4,338,338.0,JAMESON,0.8552,313.9,207.1,37.8,11.8,1920,1080,0.022,332.8,213.0
Round3,Q4,338,338.0,JAMESON,0.8549,131.7,208.6,39.1,11.8,1920,1080,0.022,151.3,214.5
Round3,Q4,338,338.0,JAMESON,0.8543,1285.0,146.9,40.3,15.2,1920,1080,0.029,1305.1,154.5
Round3,Q4,338,338.0,JAMESON,0.8531,624.4,371.4,46.1,16.4,1920,1080,0.036,647.4,379.6
Round3,Q4,338,338.0,JAMESON,0.8524,35.5,208.5,40.8,11.8,1920,1080,0.023,55.9,214.4
Round3,Q4,338,338.0,JAMESON,0.8505,781.2,371.6,44.3,17.8,1920,1080,0.038,803.3,380.5
Round3,Q4,338,338.0,JAMESON,0.8498,836.1,186.2,35.5,13.1,1920,1080,0.022,853.8,192.8
Round3,Q4,338,338.0,JAMESON,0.8493,1384.4,374.6,48.5,21.5,1920,1080,0.05,1408.6,385.3
Round3,Q4,338,338.0,JAMESON,0.8492,1099.8,166.9,36.8,13.5,1920,1080,0.024,1118.2,173.6
Round3,Q4,338,338.0,JAMESON,0.8488,705.8,371.2,43.0,16.7,1920,1080,0.035,727.3,379.6
Round3,Q4,338,338.0,JAMESON,0.8483,898.0,371.6,42.2,18.7,1920,1080,0.038,919.1,381.0
Round3,Q4,338,338.0,JAMESON,0.8471,921.3,180.8,36.9,13.3,1920,1080,0.024,939.8,187.5
Round3,Q4,338,338.0,JAMESON,0.8463,551.6,370.7,41.6,16.6,1920,1080,0.033,572.4,379.0
Round3,Q4,338,338.0,JAMESON,0.8431,1834.2,59.1,52.4,22.1,1920,1080,0.056,1860.4,70.2
Round3,Q4,338,338.0,JAMESON,0.8431,1251.4,548.2,57.1,30.7,1920,1080,0.085,1279.9,563.6
Round3,Q4,338,338.0,JAMESON,0.8428,895.1,512.3,49.5,24.9,1920,1080,0.06,919.8,524.7
Round3,Q4,338,338.0,JAMESON,0.8426,974.2,372.9,44.7,18.2,1920,1080,0.039,996.5,382.0
Round3,Q4,338,338.0,JAMESON,0.8426,1011.5,174.7,36.5,13.4,1920,1080,0.023,1029.7,181.4
Round3,Q4,338,338.0,JAMESON,0.8415,1870.8,373.0,49.1,30.8,1920,1080,0.073,1895.4,388.4
Round3,Q4,338,338.0,JAMESON,0.8403,490.1,202.9,35.9,12.7,1920,1080,0.022,508.1,209.2
Round3,Q4,338,338.0,JAMESON,0.8391,1565.0,594.8,69.0,37.6,1920,1080,0.125,1599.5,613.6
Round3,Q4,338,338.0,JAMESON,0.8383,65.4,366.5,45.8,15.6,1920,1080,0.034,88.3,374.3
Round3,Q4,338,338.0,JAMESON,0.8372,1054.4,372.8,43.7,19.1,1920,1080,0.04,1076.3,382.3
Round3,Q4,338,338.0,JAMESON,0.8364,1131.3,373.0,48.2,19.5,1920,1080,0.045,1155.4,382.8
Round3,Q4,338,338.0,JAMESON,0.8363,1215.1,373.6,46.7,20.4,1920,1080,0.046,1238.5,383.8
Round3,Q4,338,338.0,JAMESON,0.8348,405.6,482.6,44.8,19.5,1920,1080,0.042,427.9,492.4
Round3,Q4,338,338.0,JAMESON,0.834,485.3,486.1,47.1,20.7,1920,1080,0.047,508.9,496.5
Round3,Q4,338,338.0,JAMESON,0.833,1484.1,120.3,43.1,17.3,1920,1080,0.036,1505.6,128.9
Round3,Q4,338,338.0,JAMESON,0.8327,1384.4,134.7,42.0,15.3,1920,1080,0.031,1405.4,142.4
Round3,Q4,338,338.0,JAMESON,0.8306,71.3,470.2,46.9,19.5,1920,1080,0.044,94.8,479.9
Round3,Q4,338,338.0,JAMESON,0.8292,981.5,519.9,48.1,25.0,1920,1080,0.058,1005.5,532.4
Round3,Q4,338,338.0,JAMESON,0.8277,149.8,367.7,45.9,15.0,1920,1080,0.033,172.7,375.3
Round3,Q4,338,338.0,JAMESON,0.8242,812.6,506.7,47.6,22.9,1920,1080,0.053,836.4,518.2
Round3,Q4,338,338.0,JAMESON,0.8211,0.0,467.7,29.4,18.3,1920,1080,0.026,14.7,476.8
Round3,Q4,338,338.0,JAMESON,0.8183,1192.8,157.7,38.1,14.4,1920,1080,0.026,1211.9,164.9
Round3,Q4,338,338.0,JAMESON,0.8107,1706.6,83.5,47.2,19.9,1920,1080,0.045,1730.2,93.4
Round3,Q4,338,338.0,JAMESON,0.8082,321.8,479.1,47.3,20.0,1920,1080,0.046,345.5,489.1
Round3,Q4,338,338.0,JAMESON,0.8075,240.4,476.7,46.5,18.4,1920,1080,0.041,263.6,485.9
Round3,Q4,338,338.0,JAMESON,0.8068,647.9,495.2,47.9,21.5,1920,1080,0.05,671.9,506.0
Round3,Q4,338,338.0,JAMESON,0.8031,1452.3,576.1,65.9,33.8,1920,1080,0.108,1485.2,593.1
Round3,Q4,338,338.0,JAMESON,0.7895,0.0,364.8,25.1,16.4,1920,1080,0.02,12.6,373.0
Round3,Q4,338,338.0,JAMESON,0.7677,311.7,369.0,47.7,17.6,1920,1080,0.041,335.6,377.8
Round3,Q4,338,338.0,JAMESON,0.5308,1349.6,560.9,54.3,29.8,1920,1080,0.078,1376.7,575.8
Round3,Q4,339,339.0,JAMESON,0.8753,1775.8,367.3,61.9,28.4,1920,1080,0.085,1806.8,381.5
Round3,Q4,339,339.0,JAMESON,0.8719,1216.4,366.7,44.0,20.6,1920,1080,0.044,1238.4,377.0
Round3,Q4,339,339.0,JAMESON,0.8684,1388.2,367.3,46.8,22.4,1920,1080,0.051,1411.6,378.5
Round3,Q4,339,339.0,JAMESON,0.867,733.9,180.6,36.4,12.2,1920,1080,0.021,752.1,186.7
Round3,Q4,339,339.0,JAMESON,0.8649,1572.3,367.0,52.5,25.1,1920,1080,0.064,1598.5,379.6
Round3,Q4,339,339.0,JAMESON,0.8648,1127.5,366.5,48.4,20.1,1920,1080,0.047,1151.6,376.6
Round3,Q4,339,339.0,JAMESON,0.8638,1849.3,43.7,53.8,22.4,1920,1080,0.058,1876.2,55.0
Round3,Q4,339,339.0,JAMESON,0.8638,1252.6,546.6,55.7,30.1,1920,1080,0.081,1280.5,561.6
Round3,Q4,339,339.0,JAMESON,0.861,451.1,363.5,42.8,16.0,1920,1080,0.033,472.5,371.5
Round3,Q4,339,339.0,JAMESON,0.86,32.1,359.1,46.0,15.3,1920,1080,0.034,55.1,366.7
Round3,Q4,339,339.0,JAMESON,0.86,205.8,361.4,44.2,15.6,1920,1080,0.033,227.9,369.3
Round3,Q4,339,339.0,JAMESON,0.8599,287.8,195.9,37.5,11.8,1920,1080,0.021,306.6,201.8
Round3,Q4,339,339.0,JAMESON,0.8592,118.6,360.4,47.1,15.7,1920,1080,0.036,142.1,368.3
Round3,Q4,339,339.0,JAMESON,0.859,1048.6,366.3,44.1,18.7,1920,1080,0.04,1070.7,375.7
Round3,Q4,339,339.0,JAMESON,0.8588,1296.4,367.3,48.6,21.8,1920,1080,0.051,1320.7,378.2
Round3,Q4,339,339.0,JAMESON,0.8571,99.3,196.9,39.3,12.4,1920,1080,0.024,118.9,203.1
Round3,Q4,339,339.0,JAMESON,0.8566,372.4,363.5,41.5,14.9,1920,1080,0.03,393.2,370.9
Round3,Q4,339,339.0,JAMESON,0.8564,608.8,364.6,44.7,16.1,1920,1080,0.035,631.1,372.7
Round3,Q4,339,339.0,JAMESON,0.8553,1352.9,559.2,57.6,33.4,1920,1080,0.093,1381.7,575.9
Round3,Q4,339,339.0,JAMESON,0.8543,378.0,194.1,37.8,11.7,1920,1080,0.021,396.9,200.0
Round3,Q4,339,339.0,JAMESON,0.8523,1004.4,162.9,36.6,13.8,1920,1080,0.024,1022.7,169.8
Round3,Q4,339,339.0,JAMESON,0.85,691.2,364.6,43.2,17.2,1920,1080,0.036,712.8,373.2
Round3,Q4,339,339.0,JAMESON,0.8497,1461.7,574.7,62.3,34.9,1920,1080,0.105,1492.9,592.1
Round3,Q4,339,339.0,JAMESON,0.8479,1668.0,367.3,55.5,26.2,1920,1080,0.07,1695.8,380.4
Round3,Q4,339,339.0,JAMESON,0.8472,1474.6,367.5,51.4,24.0,1920,1080,0.06,1500.3,379.5
Round3,Q4,339,339.0,JAMESON,0.8449,1602.5,90.1,46.4,18.8,1920,1080,0.042,1625.7,99.5
Round3,Q4,339,339.0,JAMESON,0.8445,646.8,184.6,35.8,12.7,1920,1080,0.022,664.7,191.0
Round3,Q4,339,339.0,JAMESON,0.842,887.4,510.0,47.4,24.2,1920,1080,0.055,911.2,522.1
Round3,Q4,339,339.0,JAMESON,0.8415,1156.4,536.0,54.0,28.7,1920,1080,0.075,1183.4,550.3
Round3,Q4,339,339.0,JAMESON,0.8409,824.1,175.3,36.1,13.1,1920,1080,0.023,842.1,181.9
Round3,Q4,339,339.0,JAMESON,0.8406,0.4,196.8,42.2,12.5,1920,1080,0.025,21.5,203.0
Round3,Q4,339,339.0,JAMESON,0.8402,469.4,191.6,36.5,12.9,1920,1080,0.023,487.6,198.0
Round3,Q4,339,339.0,JAMESON,0.8398,767.7,365.3,44.4,17.1,1920,1080,0.037,789.9,373.9
Round3,Q4,339,339.0,JAMESON,0.8397,912.2,169.7,36.8,12.9,1920,1080,0.023,930.6,176.2
Round3,Q4,339,339.0,JAMESON,0.839,1285.4,134.7,40.4,15.5,1920,1080,0.03,1305.6,142.4
Round3,Q4,339,339.0,JAMESON,0.8387,1572.2,593.8,71.0,39.3,1920,1080,0.135,1607.7,613.5
Round3,Q4,339,339.0,JAMESON,0.8373,889.7,365.5,41.0,18.0,1920,1080,0.036,910.2,374.5
Round3,Q4,339,339.0,JAMESON,0.8372,532.5,363.8,42.5,17.0,1920,1080,0.035,553.7,372.3
Round3,Q4,339,339.0,JAMESON,0.8348,1094.5,155.0,38.4,13.8,1920,1080,0.026,1113.7,161.9
Round3,Q4,339,339.0,JAMESON,0.8334,1718.8,69.5,48.8,19.6,1920,1080,0.046,1743.2,79.3
Round3,Q4,339,339.0,JAMESON,0.8333,383.7,479.1,45.5,19.8,1920,1080,0.044,406.5,489.1
Round3,Q4,339,339.0,JAMESON,0.831,193.9,196.7,41.5,12.5,1920,1080,0.025,214.6,203.0
Round3,Q4,339,339.0,JAMESON,0.8284,965.9,366.2,45.8,18.4,1920,1080,0.041,988.8,375.4
Round3,Q4,339,339.0,JAMESON,0.8283,1190.5,145.8,38.3,14.2,1920,1080,0.026,1209.6,152.9
Round3,Q4,339,339.0,JAMESON,0.8271,37.0,465.9,47.9,19.1,1920,1080,0.044,60.9,475.4
Round3,Q4,339,339.0,JAMESON,0.8262,297.7,475.6,46.2,19.7,1920,1080,0.044,320.8,485.5
Round3,Q4,339,339.0,JAMESON,0.8254,213.5,472.2,46.5,18.6,1920,1080,0.042,236.8,481.5
Round3,Q4,339,339.0,JAMESON,0.8157,802.2,503.0,45.7,23.5,1920,1080,0.052,825.1,514.8
Round3,Q4,339,339.0,JAMESON,0.8135,287.2,362.0,44.7,16.2,1920,1080,0.035,309.6,370.1
Round3,Q4,339,339.0,JAMESON,0.8124,1490.6,107.2,43.2,17.4,1920,1080,0.036,1512.2,115.9
Round3,Q4,339,339.0,JAMESON,0.806,1387.1,121.8,41.9,16.0,1920,1080,0.032,1408.1,129.8
Round3,Q4,339,339.0,JAMESON,0.7938,1887.2,364.3,32.8,33.3,1920,1080,0.053,1903.6,380.9
Round3,Q4,339,339.0,JAMESON,0.7585,630.6,491.4,47.2,20.8,1920,1080,0.047,654.2,501.8
Round3,Q4,339,339.0,JAMESON,0.7359,466.1,482.5,45.6,20.0,1920,1080,0.044,488.9,492.5
Round3,Q4,339,339.0,JAMESON,0.7237,975.0,517.3,48.5,25.5,1920,1080,0.06,999.2,530.0
Round3,Q4,340,340.0,JAMESON,0.8786,1777.1,367.3,61.6,28.1,1920,1080,0.084,1807.9,381.4
Round3,Q4,340,340.0,JAMESON,0.8739,1129.0,367.0,46.6,19.5,1920,1080,0.044,1152.3,376.7
Round3,Q4,340,340.0,JAMESON,0.8725,1573.7,366.9,51.5,25.2,1920,1080,0.062,1599.5,379.5
Round3,Q4,340,340.0,JAMESON,0.8703,734.1,180.2,36.7,12.6,1920,1080,0.022,752.4,186.5
Round3,Q4,340,340.0,JAMESON,0.8693,1216.4,366.7,44.3,20.8,1920,1080,0.044,1238.6,377.1
Round3,Q4,340,340.0,JAMESON,0.868,1389.4,367.0,45.5,22.5,1920,1080,0.049,1412.2,378.3
Round3,Q4,340,340.0,JAMESON,0.8668,1850.0,43.3,54.0,22.4,1920,1080,0.058,1877.0,54.6
Round3,Q4,340,340.0,JAMESON,0.8654,287.3,195.6,38.0,11.8,1920,1080,0.022,306.3,201.5
Round3,Q4,340,340.0,JAMESON,0.8653,1050.4,365.9,42.8,19.0,1920,1080,0.039,1071.8,375.4
Round3,Q4,340,340.0,JAMESON,0.8636,1354.8,560.0,55.2,31.7,1920,1080,0.084,1382.3,575.8
Round3,Q4,340,340.0,JAMESON,0.8632,378.0,193.5,38.8,11.9,1920,1080,0.022,397.4,199.5
Round3,Q4,340,340.0,JAMESON,0.861,1670.5,367.3,53.6,26.4,1920,1080,0.068,1697.3,380.5
Round3,Q4,340,340.0,JAMESON,0.8587,1005.0,162.7,36.4,13.8,1920,1080,0.024,1023.2,169.6
Round3,Q4,340,340.0,JAMESON,0.8566,1251.9,546.1,56.7,30.7,1920,1080,0.084,1280.2,561.4
Round3,Q4,340,340.0,JAMESON,0.8563,205.2,361.0,45.1,16.1,1920,1080,0.035,227.8,369.0
Round3,Q4,340,340.0,JAMESON,0.8551,30.9,358.4,48.0,16.1,1920,1080,0.037,54.9,366.4
Round3,Q4,340,340.0,JAMESON,0.8534,118.9,360.1,46.4,15.8,1920,1080,0.035,142.1,368.0
Round3,Q4,340,340.0,JAMESON,0.853,371.5,363.0,42.2,15.2,1920,1080,0.031,392.6,370.6
Round3,Q4,340,340.0,JAMESON,0.8509,451.3,363.4,42.4,16.3,1920,1080,0.033,472.5,371.5
Round3,Q4,340,340.0,JAMESON,0.8499,1602.8,89.7,46.9,19.1,1920,1080,0.043,1626.3,99.3
Round3,Q4,340,340.0,JAMESON,0.849,1461.1,574.7,62.6,34.3,1920,1080,0.104,1492.3,591.9
Round3,Q4,340,340.0,JAMESON,0.8479,382.1,478.7,46.5,20.3,1920,1080,0.046,405.3,488.9
Round3,Q4,340,340.0,JAMESON,0.8479,1298.2,367.5,47.4,21.5,1920,1080,0.049,1321.9,378.3
Round3,Q4,340,340.0,JAMESON,0.8471,824.4,175.0,36.6,13.2,1920,1080,0.023,842.6,181.6
Round3,Q4,340,340.0,JAMESON,0.8469,889.8,365.1,41.1,17.8,1920,1080,0.035,910.4,374.0
Round3,Q4,340,340.0,JAMESON,0.8467,1491.4,107.2,42.9,16.7,1920,1080,0.034,1512.8,115.5
Round3,Q4,340,340.0,JAMESON,0.8451,975.0,517.4,47.7,25.4,1920,1080,0.058,998.8,530.1
Round3,Q4,340,340.0,JAMESON,0.8447,193.9,196.4,40.8,12.0,1920,1080,0.024,214.3,202.4
Round3,Q4,340,340.0,JAMESON,0.8445,1719.9,69.3,48.0,19.9,1920,1080,0.046,1743.9,79.2
Round3,Q4,340,340.0,JAMESON,0.8435,646.2,184.6,36.5,12.6,1920,1080,0.022,664.5,190.9
Round3,Q4,340,340.0,JAMESON,0.8432,967.5,366.1,44.5,18.1,1920,1080,0.039,989.7,375.2
Round3,Q4,340,340.0,JAMESON,0.8425,886.8,509.6,48.4,24.8,1920,1080,0.058,910.9,522.0
Round3,Q4,340,340.0,JAMESON,0.8424,468.2,191.2,38.0,13.0,1920,1080,0.024,487.2,197.7
Round3,Q4,340,340.0,JAMESON,0.8414,0.7,196.6,42.7,12.4,1920,1080,0.025,22.0,202.7
Round3,Q4,340,340.0,JAMESON,0.8399,98.5,196.4,41.4,12.9,1920,1080,0.026,119.2,202.8
Round3,Q4,340,340.0,JAMESON,0.8395,692.0,364.5,42.4,17.1,1920,1080,0.035,713.2,373.1
Round3,Q4,340,340.0,JAMESON,0.8392,531.8,363.9,43.0,16.7,1920,1080,0.035,553.2,372.2
Round3,Q4,340,340.0,JAMESON,0.8387,1476.4,367.8,49.5,23.8,1920,1080,0.057,1501.2,379.7
Round3,Q4,340,340.0,JAMESON,0.8386,912.6,169.4,36.7,13.1,1920,1080,0.023,930.9,175.9
Round3,Q4,340,340.0,JAMESON,0.8383,1190.4,145.5,38.8,14.7,1920,1080,0.028,1209.8,152.8
Round3,Q4,340,340.0,JAMESON,0.8379,288.7,361.5,43.7,16.5,1920,1080,0.035,310.5,369.8
Round3,Q4,340,340.0,JAMESON,0.8374,608.9,364.5,44.6,16.5,1920,1080,0.035,631.2,372.8
Round3,Q4,340,340.0,JAMESON,0.8372,769.1,365.2,43.3,17.1,1920,1080,0.036,790.7,373.7
Round3,Q4,340,340.0,JAMESON,0.8357,1573.9,594.9,68.6,37.4,1920,1080,0.124,1608.1,613.6
Round3,Q4,340,340.0,JAMESON,0.8336,802.5,502.9,44.7,23.1,1920,1080,0.05,824.8,514.4
Round3,Q4,340,340.0,JAMESON,0.8318,298.6,475.5,45.2,19.9,1920,1080,0.043,321.2,485.5
Round3,Q4,340,340.0,JAMESON,0.829,1157.9,536.3,52.0,28.2,1920,1080,0.071,1183.9,550.4
Round3,Q4,340,340.0,JAMESON,0.826,36.5,466.0,48.7,18.5,1920,1080,0.044,60.9,475.3
Round3,Q4,340,340.0,JAMESON,0.8231,1286.0,134.0,41.1,15.8,1920,1080,0.031,1306.5,141.9
Round3,Q4,340,340.0,JAMESON,0.8215,1095.4,154.8,38.4,14.0,1920,1080,0.026,1114.6,161.8
Round3,Q4,340,340.0,JAMESON,0.82,212.2,471.9,47.0,19.0,1920,1080,0.043,235.7,481.4
Round3,Q4,340,340.0,JAMESON,0.802,632.4,491.6,46.6,21.9,1920,1080,0.049,655.7,502.5
Round3,Q4,340,340.0,JAMESON,0.7977,1888.3,364.6,31.7,33.2,1920,1080,0.051,1904.2,381.2
Round3,Q4,340,340.0,JAMESON,0.7856,466.9,482.5,43.4,19.5,1920,1080,0.041,488.6,492.2
Round3,Q4,340,340.0,JAMESON,0.7772,1386.4,121.4,42.2,16.9,1920,1080,0.034,1407.5,129.8
Round3,Q4,341,341.0,JAMESON,0.8721,1129.3,366.6,46.4,20.0,1920,1080,0.045,1152.5,376.6
Round3,Q4,341,341.0,JAMESON,0.872,1777.9,367.1,60.2,28.1,1920,1080,0.082,1808.0,381.1
Round3,Q4,341,341.0,JAMESON,0.8717,734.4,180.4,37.0,12.4,1920,1080,0.022,752.9,186.6
Round3,Q4,341,341.0,JAMESON,0.8706,377.8,193.5,38.7,11.9,1920,1080,0.022,397.1,199.5
Round3,Q4,341,341.0,JAMESON,0.8706,1573.9,366.7,51.2,25.2,1920,1080,0.062,1599.5,379.3
Round3,Q4,341,341.0,JAMESON,0.8704,1216.6,366.7,43.9,20.6,1920,1080,0.044,1238.5,377.0
Round3,Q4,341,341.0,JAMESON,0.87,1390.0,367.0,45.4,22.5,1920,1080,0.049,1412.6,378.2
Round3,Q4,341,341.0,JAMESON,0.8673,287.9,195.5,37.9,12.0,1920,1080,0.022,306.8,201.5
Round3,Q4,341,341.0,JAMESON,0.8655,1849.3,43.3,55.0,22.4,1920,1080,0.06,1876.9,54.5
Round3,Q4,341,341.0,JAMESON,0.8625,1050.4,366.1,42.8,18.5,1920,1080,0.038,1071.8,375.4
Round3,Q4,341,341.0,JAMESON,0.8589,118.7,359.7,46.6,16.3,1920,1080,0.037,142.0,367.8
Round3,Q4,341,341.0,JAMESON,0.8575,1670.3,367.3,53.9,26.1,1920,1080,0.068,1697.2,380.4
Round3,Q4,341,341.0,JAMESON,0.8574,32.1,359.0,46.1,15.4,1920,1080,0.034,55.1,366.7
Round3,Q4,341,341.0,JAMESON,0.8568,1462.8,574.4,60.7,34.6,1920,1080,0.101,1493.2,591.7
Round3,Q4,341,341.0,JAMESON,0.8559,1004.8,162.5,36.6,13.7,1920,1080,0.024,1023.1,169.4
Round3,Q4,341,341.0,JAMESON,0.8556,1354.5,559.6,55.5,32.4,1920,1080,0.087,1382.3,575.8
Round3,Q4,341,341.0,JAMESON,0.8554,372.1,362.9,41.7,15.2,1920,1080,0.031,392.9,370.5
Round3,Q4,341,341.0,JAMESON,0.852,205.6,360.9,44.5,16.1,1920,1080,0.035,227.9,369.0
Round3,Q4,341,341.0,JAMESON,0.8517,1298.6,367.1,47.3,21.7,1920,1080,0.05,1322.2,378.0
Round3,Q4,341,341.0,JAMESON,0.8512,646.8,184.4,35.8,12.7,1920,1080,0.022,664.7,190.8
Round3,Q4,341,341.0,JAMESON,0.8512,975.2,517.3,47.9,25.4,1920,1080,0.059,999.2,530.0
Round3,Q4,341,341.0,JAMESON,0.8508,193.9,196.3,40.7,12.0,1920,1080,0.024,214.3,202.3
Round3,Q4,341,341.0,JAMESON,0.85,823.9,174.9,37.3,13.3,1920,1080,0.024,842.5,181.5
Round3,Q4,341,341.0,JAMESON,0.8498,451.2,363.2,42.5,16.2,1920,1080,0.033,472.4,371.3
Round3,Q4,341,341.0,JAMESON,0.8474,889.5,364.7,41.7,18.2,1920,1080,0.037,910.4,373.8
Round3,Q4,341,341.0,JAMESON,0.8471,1602.4,89.8,47.4,19.0,1920,1080,0.043,1626.1,99.3
Round3,Q4,341,341.0,JAMESON,0.8468,912.6,169.2,37.6,13.1,1920,1080,0.024,931.3,175.8
Round3,Q4,341,341.0,JAMESON,0.8456,1253.1,546.0,55.4,30.8,1920,1080,0.082,1280.8,561.4
Round3,Q4,341,341.0,JAMESON,0.845,768.6,365.1,43.9,17.4,1920,1080,0.037,790.6,373.9
Round3,Q4,341,341.0,JAMESON,0.845,608.6,364.6,44.7,16.2,1920,1080,0.035,630.9,372.7
Round3,Q4,341,341.0,JAMESON,0.8445,99.3,196.4,40.4,12.7,1920,1080,0.025,119.5,202.7
Round3,Q4,341,341.0,JAMESON,0.844,1719.9,69.0,47.7,20.0,1920,1080,0.046,1743.8,79.0
Round3,Q4,341,341.0,JAMESON,0.8433,0.6,196.3,42.3,12.5,1920,1080,0.026,21.8,202.6
Round3,Q4,341,341.0,JAMESON,0.8425,468.5,191.1,38.3,13.0,1920,1080,0.024,487.6,197.6
Round3,Q4,341,341.0,JAMESON,0.8389,383.4,478.8,45.1,19.7,1920,1080,0.043,406.0,488.7
Round3,Q4,341,341.0,JAMESON,0.8383,1476.7,367.6,49.7,23.6,1920,1080,0.057,1501.6,379.4
Round3,Q4,341,341.0,JAMESON,0.8362,1491.9,107.0,42.8,16.6,1920,1080,0.034,1513.2,115.3
Round3,Q4,341,341.0,JAMESON,0.8359,1158.3,536.3,51.4,28.1,1920,1080,0.07,1184.0,550.4
Round3,Q4,341,341.0,JAMESON,0.8358,1573.7,594.4,68.7,38.1,1920,1080,0.126,1608.0,613.4
Round3,Q4,341,341.0,JAMESON,0.8351,1190.6,145.4,38.9,14.4,1920,1080,0.027,1210.0,152.6
Round3,Q4,341,341.0,JAMESON,0.8344,967.3,366.1,44.9,18.2,1920,1080,0.039,989.8,375.2
Round3,Q4,341,341.0,JAMESON,0.8302,692.2,364.2,42.3,17.4,1920,1080,0.035,713.4,372.8
Round3,Q4,341,341.0,JAMESON,0.8301,531.3,363.6,43.6,17.0,1920,1080,0.036,553.1,372.1
Round3,Q4,341,341.0,JAMESON,0.8299,36.2,465.8,48.9,18.8,1920,1080,0.044,60.6,475.2
Round3,Q4,341,341.0,JAMESON,0.8287,887.3,509.6,46.8,21.7,1920,1080,0.049,910.7,520.4
Round3,Q4,341,341.0,JAMESON,0.8275,1095.3,154.8,38.7,13.9,1920,1080,0.026,1114.6,161.7
Round3,Q4,341,341.0,JAMESON,0.8272,298.4,475.5,45.3,19.9,1920,1080,0.043,321.0,485.4
Round3,Q4,341,341.0,JAMESON,0.8264,802.6,502.8,44.8,23.0,1920,1080,0.05,825.0,514.3
Round3,Q4,341,341.0,JAMESON,0.823,212.8,471.8,47.0,19.3,1920,1080,0.044,236.3,481.5
Round3,Q4,341,341.0,JAMESON,0.8219,288.0,361.3,44.4,16.8,1920,1080,0.036,310.2,369.7
Round3,Q4,341,341.0,JAMESON,0.8215,1285.9,134.1,41.1,15.7,1920,1080,0.031,1306.4,142.0
Round3,Q4,341,341.0,JAMESON,0.8144,1387.3,121.5,41.4,16.1,1920,1080,0.032,1408.0,129.6
Round3,Q4,341,341.0,JAMESON,0.8141,633.2,491.5,45.7,21.5,1920,1080,0.047,656.1,502.3
Round3,Q4,341,341.0,JAMESON,0.7892,1889.2,363.7,30.7,34.0,1920,1080,0.05,1904.6,380.7
Round3,Q4,341,341.0,JAMESON,0.7589,467.0,482.5,42.9,19.6,1920,1080,0.04,488.4,492.3
Round3,Q4,342,342.0,JAMESON,0.879,1793.9,366.9,61.1,28.4,1920,1080,0.084,1824.5,381.1
Round3,Q4,342,342.0,JAMESON,0.8775,1230.7,366.5,45.4,20.9,1920,1080,0.046,1253.4,376.9
Round3,Q4,342,342.0,JAMESON,0.8695,1736.0,68.2,48.6,19.5,1920,1080,0.046,1760.3,77.9
Round3,Q4,342,342.0,JAMESON,0.869,1267.6,546.1,55.3,29.8,1920,1080,0.08,1295.2,561.1
Round3,Q4,342,342.0,JAMESON,0.8683,1589.2,366.8,52.6,25.5,1920,1080,0.065,1615.5,379.5
Round3,Q4,342,342.0,JAMESON,0.8683,1685.1,367.1,58.3,26.1,1920,1080,0.073,1714.2,380.2
Round3,Q4,342,342.0,JAMESON,0.8681,749.4,180.1,37.5,12.5,1920,1080,0.023,768.2,186.4
Round3,Q4,342,342.0,JAMESON,0.8676,304.5,196.0,37.0,11.8,1920,1080,0.021,323.0,201.9
Round3,Q4,342,342.0,JAMESON,0.8652,1313.0,367.6,49.3,21.1,1920,1080,0.05,1337.6,378.2
Round3,Q4,342,342.0,JAMESON,0.8642,1403.4,366.6,47.5,23.1,1920,1080,0.053,1427.1,378.2
Round3,Q4,342,342.0,JAMESON,0.8638,49.3,359.3,46.6,15.4,1920,1080,0.035,72.6,367.0
Round3,Q4,342,342.0,JAMESON,0.861,1064.7,366.0,43.2,18.6,1920,1080,0.039,1086.3,375.3
Round3,Q4,342,342.0,JAMESON,0.8606,1866.9,41.6,53.1,23.6,1920,1080,0.06,1893.5,53.4
Round3,Q4,342,342.0,JAMESON,0.8573,1144.2,366.7,47.5,19.5,1920,1080,0.045,1167.9,376.5
Round3,Q4,342,342.0,JAMESON,0.8571,839.5,175.0,35.9,12.4,1920,1080,0.021,857.4,181.2
Round3,Q4,342,342.0,JAMESON,0.8568,1619.3,89.5,46.4,18.1,1920,1080,0.04,1642.5,98.6
Round3,Q4,342,342.0,JAMESON,0.8566,927.4,169.2,37.5,13.1,1920,1080,0.024,946.2,175.7
Round3,Q4,342,342.0,JAMESON,0.8532,904.3,365.0,41.8,18.1,1920,1080,0.037,925.2,374.1
Round3,Q4,342,342.0,JAMESON,0.8531,1019.1,162.5,37.2,13.6,1920,1080,0.024,1037.7,169.3
Round3,Q4,342,342.0,JAMESON,0.8518,1589.4,594.6,71.6,37.9,1920,1080,0.131,1625.3,613.6
Round3,Q4,342,342.0,JAMESON,0.8516,313.3,475.6,47.3,19.7,1920,1080,0.045,336.9,485.4
Round3,Q4,342,342.0,JAMESON,0.8509,1491.7,367.1,51.6,24.4,1920,1080,0.061,1517.5,379.3
Round3,Q4,342,342.0,JAMESON,0.8507,1172.4,536.0,54.1,28.5,1920,1080,0.074,1199.4,550.2
Round3,Q4,342,342.0,JAMESON,0.8497,661.9,184.5,36.1,12.6,1920,1080,0.022,679.9,190.8
Round3,Q4,342,342.0,JAMESON,0.8493,1368.5,559.9,58.3,31.8,1920,1080,0.089,1397.7,575.8
Round3,Q4,342,342.0,JAMESON,0.8493,548.2,363.7,42.0,16.7,1920,1080,0.034,569.2,372.0
Round3,Q4,342,342.0,JAMESON,0.8484,466.9,363.4,43.6,15.8,1920,1080,0.033,488.7,371.3
Round3,Q4,342,342.0,JAMESON,0.8476,222.2,361.0,43.6,15.9,1920,1080,0.034,244.0,369.0
Round3,Q4,342,342.0,JAMESON,0.8474,622.5,364.4,46.6,16.8,1920,1080,0.038,645.9,372.8
Round3,Q4,342,342.0,JAMESON,0.8472,53.7,465.1,48.3,19.8,1920,1080,0.046,77.8,475.0
Round3,Q4,342,342.0,JAMESON,0.8466,397.3,478.0,46.9,20.8,1920,1080,0.047,420.7,488.4
Round3,Q4,342,342.0,JAMESON,0.8464,706.7,364.4,42.7,16.6,1920,1080,0.034,728.1,372.7
Round3,Q4,342,342.0,JAMESON,0.8461,393.6,194.1,39.2,11.8,1920,1080,0.022,413.2,200.0
Round3,Q4,342,342.0,JAMESON,0.8428,1109.7,154.7,39.4,13.7,1920,1080,0.026,1129.4,161.5
Round3,Q4,342,342.0,JAMESON,0.8419,135.8,360.3,47.6,15.7,1920,1080,0.036,159.6,368.1
Round3,Q4,342,342.0,JAMESON,0.8412,981.6,366.0,46.0,18.3,1920,1080,0.041,1004.6,375.2
Round3,Q4,342,342.0,JAMESON,0.8412,1402.8,121.0,42.2,16.2,1920,1080,0.033,1423.9,129.1
Round3,Q4,342,342.0,JAMESON,0.84,115.1,196.9,40.1,12.3,1920,1080,0.024,135.1,203.0
Round3,Q4,342,342.0,JAMESON,0.838,901.6,509.3,48.4,24.5,1920,1080,0.057,925.8,521.6
Round3,Q4,342,342.0,JAMESON,0.8375,387.9,362.8,42.0,15.3,1920,1080,0.031,408.9,370.5
Round3,Q4,342,342.0,JAMESON,0.8362,1506.1,106.7,45.2,16.8,1920,1080,0.037,1528.7,115.2
Round3,Q4,342,342.0,JAMESON,0.835,484.2,191.4,37.7,12.9,1920,1080,0.024,503.0,197.9
Round3,Q4,342,342.0,JAMESON,0.8338,1205.0,145.0,39.7,14.6,1920,1080,0.028,1224.9,152.2
Round3,Q4,342,342.0,JAMESON,0.8311,816.4,503.0,47.6,23.4,1920,1080,0.054,840.2,514.7
Round3,Q4,342,342.0,JAMESON,0.8301,989.4,517.5,49.5,25.5,1920,1080,0.061,1014.2,530.3
Round3,Q4,342,342.0,JAMESON,0.828,304.3,361.7,46.0,16.6,1920,1080,0.037,327.3,370.0
Round3,Q4,342,342.0,JAMESON,0.827,228.8,471.3,47.0,19.7,1920,1080,0.045,252.2,481.2
Round3,Q4,342,342.0,JAMESON,0.8246,209.8,196.7,42.1,12.5,1920,1080,0.025,230.8,202.9
Round3,Q4,342,342.0,JAMESON,0.8232,1300.2,133.9,42.0,15.6,1920,1080,0.032,1321.2,141.7
Round3,Q4,342,342.0,JAMESON,0.8225,1476.8,574.4,62.1,34.8,1920,1080,0.104,1507.8,591.8
Round3,Q4,342,342.0,JAMESON,0.8209,648.5,491.8,46.8,21.6,1920,1080,0.049,671.9,502.6
Round3,Q4,342,342.0,JAMESON,0.82,783.9,365.0,43.8,17.8,1920,1080,0.038,805.8,373.9
Round3,Q4,342,342.0,JAMESON,0.8155,481.3,482.7,46.1,20.3,1920,1080,0.045,504.4,492.8
Round3,Q4,342,342.0,JAMESON,0.8107,17.6,197.0,43.2,12.5,1920,1080,0.026,39.2,203.2
Round3,Q4,342,342.0,JAMESON,0.6833,0.0,462.5,13.1,20.0,1920,1080,0.013,6.6,472.6
Round3,Q4,342,342.0,JAMESON,0.6654,1905.6,367.3,14.3,31.7,1920,1080,0.022,1912.7,383.2
Round3,Q4,343,343.0,JAMESON,0.8763,1813.3,369.2,62.7,27.8,1920,1080,0.084,1844.6,383.1
Round3,Q4,343,343.0,JAMESON,0.8728,1609.2,369.4,53.2,24.2,1920,1080,0.062,1635.9,381.5
Round3,Q4,343,343.0,JAMESON,0.8724,1009.3,368.6,44.6,17.9,1920,1080,0.038,1031.6,377.6
Round3,Q4,343,343.0,JAMESON,0.8648,1425.1,369.2,49.0,22.6,1920,1080,0.053,1449.6,380.5
Round3,Q4,343,343.0,JAMESON,0.864,1253.9,369.6,45.7,19.8,1920,1080,0.044,1276.7,379.5
Round3,Q4,343,343.0,JAMESON,0.864,9.1,464.7,50.0,18.2,1920,1080,0.044,34.1,473.8
Round3,Q4,343,343.0,JAMESON,0.8631,1706.5,369.8,56.9,25.8,1920,1080,0.071,1735.0,382.7
Round3,Q4,343,343.0,JAMESON,0.8626,932.2,367.2,41.3,18.7,1920,1080,0.037,952.8,376.5
Round3,Q4,343,343.0,JAMESON,0.8594,1170.0,369.5,45.8,18.7,1920,1080,0.041,1192.9,378.8
Round3,Q4,343,343.0,JAMESON,0.8585,1046.4,167.8,37.2,13.7,1920,1080,0.025,1065.0,174.6
Round3,Q4,343,343.0,JAMESON,0.8549,159.7,203.2,38.1,12.4,1920,1080,0.023,178.7,209.4
Round3,Q4,343,343.0,JAMESON,0.8543,868.6,179.9,36.4,12.8,1920,1080,0.023,886.8,186.3
Round3,Q4,343,343.0,JAMESON,0.8542,1089.8,368.4,44.1,18.8,1920,1080,0.04,1111.8,377.7
Round3,Q4,343,343.0,JAMESON,0.8538,519.4,197.0,37.3,12.6,1920,1080,0.023,538.1,203.3
Round3,Q4,343,343.0,JAMESON,0.8529,1323.8,139.1,41.2,15.7,1920,1080,0.031,1344.4,147.0
Round3,Q4,343,343.0,JAMESON,0.8503,1513.4,369.7,51.4,23.6,1920,1080,0.059,1539.1,381.5
Round3,Q4,343,343.0,JAMESON,0.8501,92.5,362.2,46.3,15.6,1920,1080,0.035,115.7,370.0
Round3,Q4,343,343.0,JAMESON,0.8501,1641.5,94.6,45.8,18.2,1920,1080,0.04,1664.4,103.7
Round3,Q4,343,343.0,JAMESON,0.8492,1197.4,536.6,53.4,28.4,1920,1080,0.073,1224.1,550.8
Round3,Q4,343,343.0,JAMESON,0.8487,1528.4,112.4,42.4,16.7,1920,1080,0.034,1549.6,120.7
Round3,Q4,343,343.0,JAMESON,0.8474,814.4,367.1,42.5,18.2,1920,1080,0.037,835.6,376.2
Round3,Q4,343,343.0,JAMESON,0.8448,1756.7,73.1,48.5,20.4,1920,1080,0.048,1781.0,83.4
Round3,Q4,343,343.0,JAMESON,0.8438,1391.7,560.4,57.7,32.4,1920,1080,0.09,1420.5,576.6
Round3,Q4,343,343.0,JAMESON,0.8437,1336.7,369.9,48.2,20.9,1920,1080,0.049,1360.9,380.3
Round3,Q4,343,343.0,JAMESON,0.8418,262.1,363.9,43.5,15.9,1920,1080,0.033,283.8,371.8
Round3,Q4,343,343.0,JAMESON,0.8398,580.6,366.3,43.3,16.9,1920,1080,0.035,602.2,374.8
Round3,Q4,343,343.0,JAMESON,0.8391,779.3,185.3,36.4,12.3,1920,1080,0.022,797.5,191.4
Round3,Q4,343,343.0,JAMESON,0.8386,62.8,203.3,43.9,12.4,1920,1080,0.026,84.8,209.5
Round3,Q4,343,343.0,JAMESON,0.8382,1230.4,150.3,38.5,14.4,1920,1080,0.027,1249.6,157.5
Round3,Q4,343,343.0,JAMESON,0.8348,1426.2,126.1,42.3,16.2,1920,1080,0.033,1447.3,134.2
Round3,Q4,343,343.0,JAMESON,0.8338,656.3,366.8,45.1,17.1,1920,1080,0.037,678.9,375.4
Round3,Q4,343,343.0,JAMESON,0.8336,1290.6,546.8,56.4,29.3,1920,1080,0.08,1318.8,561.4
Round3,Q4,343,343.0,JAMESON,0.8328,178.5,363.3,46.2,15.8,1920,1080,0.035,201.7,371.1
Round3,Q4,343,343.0,JAMESON,0.8324,341.3,201.6,39.0,11.9,1920,1080,0.022,360.8,207.5
Round3,Q4,343,343.0,JAMESON,0.8322,1016.5,518.8,49.1,24.8,1920,1080,0.059,1041.0,531.2
Round3,Q4,343,343.0,JAMESON,0.8309,954.9,174.7,36.8,12.9,1920,1080,0.023,973.3,181.2
Round3,Q4,343,343.0,JAMESON,0.8297,251.0,202.4,40.7,12.7,1920,1080,0.025,271.4,208.8
Round3,Q4,343,343.0,JAMESON,0.8285,735.5,366.8,43.8,16.8,1920,1080,0.035,757.4,375.2
Round3,Q4,343,343.0,JAMESON,0.8284,1609.7,595.6,71.8,37.0,1920,1080,0.128,1645.6,614.1
Round3,Q4,343,343.0,JAMESON,0.8256,501.1,365.8,44.6,16.5,1920,1080,0.035,523.4,374.0
Round3,Q4,343,343.0,JAMESON,0.8252,3.1,360.7,50.8,16.0,1920,1080,0.039,28.5,368.8
Round3,Q4,343,343.0,JAMESON,0.8232,433.6,480.4,46.1,18.6,1920,1080,0.041,456.6,489.7
Round3,Q4,343,343.0,JAMESON,0.8227,430.9,199.8,37.3,11.6,1920,1080,0.021,449.5,205.6
Round3,Q4,343,343.0,JAMESON,0.8213,1135.6,160.0,38.8,13.7,1920,1080,0.026,1155.0,166.8
Round3,Q4,343,343.0,JAMESON,0.8211,423.4,365.5,41.9,15.4,1920,1080,0.031,444.3,373.2
Round3,Q4,343,343.0,JAMESON,0.8208,693.7,189.8,35.2,12.5,1920,1080,0.021,711.3,196.1
Round3,Q4,343,343.0,JAMESON,0.8193,98.3,467.2,47.7,18.2,1920,1080,0.042,122.2,476.3
Round3,Q4,343,343.0,JAMESON,0.819,1498.8,576.2,62.0,33.4,1920,1080,0.1,1529.8,593.0
Round3,Q4,343,343.0,JAMESON,0.8169,515.7,483.3,47.0,20.8,1920,1080,0.047,539.2,493.7
Round3,Q4,343,343.0,JAMESON,0.8133,351.3,476.9,46.9,19.4,1920,1080,0.044,374.8,486.6
Round3,Q4,343,343.0,JAMESON,0.8116,929.4,510.7,47.9,23.5,1920,1080,0.054,953.4,522.4
Round3,Q4,343,343.0,JAMESON,0.8115,267.7,473.3,46.8,18.8,1920,1080,0.042,291.1,482.7
Round3,Q4,343,343.0,JAMESON,0.8017,845.1,503.9,47.0,22.0,1920,1080,0.05,868.6,514.9
Round3,Q4,343,343.0,JAMESON,0.7898,342.1,364.7,45.9,17.3,1920,1080,0.038,365.0,373.4
Round3,Q4,343,343.0,JAMESON,0.7835,1889.7,47.1,30.2,24.1,1920,1080,0.035,1904.8,59.1
Round3,Q4,343,343.0,JAMESON,0.7719,678.6,492.2,47.9,21.8,1920,1080,0.05,702.5,503.1
Round3,Q4,343,343.0,JAMESON,0.5151,1823.0,62.6,43.3,19.3,1920,1080,0.04,1844.7,72.3
Round3,Q4,343,343.0,JAMESON,0.4022,0.0,203.6,7.8,12.5,1920,1080,0.005,3.9,209.9
Round3,Q4,344,344.0,JAMESON,0.8674,1808.9,90.8,48.2,19.9,1920,1080,0.046,1833.0,100.7
Round3,Q4,344,344.0,JAMESON,0.8657,1659.3,388.4,54.3,24.9,1920,1080,0.065,1686.5,400.8
Round3,Q4,344,344.0,JAMESON,0.864,915.1,200.0,36.2,12.2,1920,1080,0.021,933.2,206.1
Round3,Q4,344,344.0,JAMESON,0.8596,1473.2,388.5,49.0,22.3,1920,1080,0.053,1497.7,399.6
Round3,Q4,344,344.0,JAMESON,0.8581,149.0,381.2,45.5,16.3,1920,1080,0.036,171.7,389.4
Round3,Q4,344,344.0,JAMESON,0.8581,569.1,216.6,36.6,13.0,1920,1080,0.023,587.4,223.1
Round3,Q4,344,344.0,JAMESON,0.8576,314.7,383.4,43.5,15.5,1920,1080,0.032,336.4,391.2
Round3,Q4,344,344.0,JAMESON,0.8555,1690.6,112.9,46.6,17.7,1920,1080,0.04,1713.9,121.8
Round3,Q4,344,344.0,JAMESON,0.8542,827.0,205.0,35.2,12.5,1920,1080,0.021,844.6,211.2
Round3,Q4,344,344.0,JAMESON,0.8537,1561.7,388.4,53.1,23.9,1920,1080,0.061,1588.2,400.4
Round3,Q4,344,344.0,JAMESON,0.851,483.6,498.4,45.3,18.9,1920,1080,0.041,506.3,507.8
Round3,Q4,344,344.0,JAMESON,0.8501,1577.0,130.3,43.4,16.6,1920,1080,0.035,1598.7,138.5
Round3,Q4,344,344.0,JAMESON,0.8495,1001.8,194.1,36.8,13.2,1920,1080,0.023,1020.2,200.7
Round3,Q4,344,344.0,JAMESON,0.8492,1439.7,579.9,59.8,32.1,1920,1080,0.093,1469.6,596.0
Round3,Q4,344,344.0,JAMESON,0.8485,1135.5,387.2,44.7,18.9,1920,1080,0.041,1157.9,396.7
Round3,Q4,344,344.0,JAMESON,0.8473,1182.1,179.1,38.3,13.5,1920,1080,0.025,1201.2,185.8
Round3,Q4,344,344.0,JAMESON,0.8468,1757.4,388.0,59.2,26.7,1920,1080,0.076,1787.0,401.4
Round3,Q4,344,344.0,JAMESON,0.8467,550.7,385.1,44.5,16.3,1920,1080,0.035,572.9,393.3
Round3,Q4,344,344.0,JAMESON,0.8466,1383.1,388.3,50.8,21.7,1920,1080,0.053,1408.5,399.2
Round3,Q4,344,344.0,JAMESON,0.8454,1300.2,387.9,47.0,20.7,1920,1080,0.047,1323.7,398.2
Round3,Q4,344,344.0,JAMESON,0.8449,974.2,529.0,49.8,23.9,1920,1080,0.057,999.1,540.9
Round3,Q4,344,344.0,JAMESON,0.8446,1866.9,387.4,53.1,29.8,1920,1080,0.076,1893.5,402.3
Round3,Q4,344,344.0,JAMESON,0.8424,1661.7,614.8,69.6,36.6,1920,1080,0.123,1696.5,633.1
Round3,Q4,344,344.0,JAMESON,0.841,1277.0,169.0,38.9,14.6,1920,1080,0.027,1296.5,176.3
Round3,Q4,344,344.0,JAMESON,0.8384,473.7,384.7,41.5,15.5,1920,1080,0.031,494.4,392.4
Round3,Q4,344,344.0,JAMESON,0.838,214.5,224.4,38.5,12.4,1920,1080,0.023,233.7,230.6
Round3,Q4,344,344.0,JAMESON,0.8378,1063.4,536.6,48.7,25.6,1920,1080,0.06,1087.8,549.4
Round3,Q4,344,344.0,JAMESON,0.8371,1473.8,144.8,41.9,16.1,1920,1080,0.032,1494.7,152.8
Round3,Q4,344,344.0,JAMESON,0.8367,320.6,491.9,45.8,19.4,1920,1080,0.043,343.5,501.6
Round3,Q4,344,344.0,JAMESON,0.8354,231.6,382.7,45.4,15.6,1920,1080,0.034,254.3,390.5
Round3,Q4,344,344.0,JAMESON,0.8343,1371.5,157.8,40.8,15.8,1920,1080,0.031,1391.9,165.7
Round3,Q4,344,344.0,JAMESON,0.8343,1093.1,186.9,36.9,13.6,1920,1080,0.024,1111.5,193.7
Round3,Q4,344,344.0,JAMESON,0.8342,979.1,386.6,41.4,18.1,1920,1080,0.036,999.8,395.7
Round3,Q4,344,344.0,JAMESON,0.8335,481.7,219.9,34.7,11.5,1920,1080,0.019,499.0,225.6
Round3,Q4,344,344.0,JAMESON,0.8331,1216.0,387.6,48.8,19.3,1920,1080,0.045,1240.4,397.3
Round3,Q4,344,344.0,JAMESON,0.8305,68.0,482.8,46.8,17.8,1920,1080,0.04,91.4,491.7
Round3,Q4,344,344.0,JAMESON,0.8294,741.7,209.3,35.6,12.8,1920,1080,0.022,759.5,215.7
Round3,Q4,344,344.0,JAMESON,0.8266,565.0,501.0,46.2,21.1,1920,1080,0.047,588.1,511.6
Round3,Q4,344,344.0,JAMESON,0.8255,703.7,385.6,47.2,16.8,1920,1080,0.038,727.3,394.0
Round3,Q4,344,344.0,JAMESON,0.8247,26.4,225.1,41.0,11.8,1920,1080,0.023,46.9,231.0
Round3,Q4,344,344.0,JAMESON,0.8238,860.9,386.0,45.0,18.1,1920,1080,0.039,883.4,395.0
Round3,Q4,344,344.0,JAMESON,0.8234,304.2,223.4,38.1,12.4,1920,1080,0.023,323.3,229.5
Round3,Q4,344,344.0,JAMESON,0.823,1054.9,387.0,47.4,18.8,1920,1080,0.043,1078.6,396.4
Round3,Q4,344,344.0,JAMESON,0.8218,784.1,385.9,42.2,16.6,1920,1080,0.034,805.2,394.2
Round3,Q4,344,344.0,JAMESON,0.8218,1244.1,555.9,53.7,28.2,1920,1080,0.073,1270.9,570.1
Round3,Q4,344,344.0,JAMESON,0.8213,891.5,522.1,48.7,23.3,1920,1080,0.055,915.8,533.8
Round3,Q4,344,344.0,JAMESON,0.8188,629.3,385.5,42.0,16.1,1920,1080,0.033,650.3,393.5
Round3,Q4,344,344.0,JAMESON,0.8186,153.8,485.1,46.6,19.2,1920,1080,0.043,177.1,494.7
Round3,Q4,344,344.0,JAMESON,0.8128,1336.5,565.9,57.6,30.0,1920,1080,0.083,1365.2,580.9
Round3,Q4,344,344.0,JAMESON,0.8094,725.5,510.8,50.8,21.7,1920,1080,0.053,750.9,521.7
Round3,Q4,344,344.0,JAMESON,0.8087,63.6,380.6,49.1,16.8,1920,1080,0.04,88.1,389.0
Round3,Q4,344,344.0,JAMESON,0.8048,394.7,221.9,36.1,12.0,1920,1080,0.021,412.8,227.8
Round3,Q4,344,344.0,JAMESON,0.8,1546.6,594.5,63.6,35.6,1920,1080,0.109,1578.4,612.3
Round3,Q4,344,344.0,JAMESON,0.7928,121.3,224.9,39.3,12.5,1920,1080,0.024,140.9,231.1
Round3,Q4,344,344.0,JAMESON,0.7927,402.3,494.8,45.2,18.8,1920,1080,0.041,424.9,504.2
Round3,Q4,344,344.0,JAMESON,0.7919,0.0,380.3,22.4,15.4,1920,1080,0.017,11.2,388.1
Round3,Q4,344,344.0,JAMESON,0.7646,0.0,480.0,34.9,21.0,1920,1080,0.035,17.5,490.6
Round3,Q4,344,344.0,JAMESON,0.7606,393.6,383.0,45.8,18.4,1920,1080,0.041,416.6,392.2
Round3,Q4,345,345.0,JAMESON,0.879,1706.3,361.7,56.1,24.8,1920,1080,0.067,1734.4,374.1
Round3,Q4,345,345.0,JAMESON,0.8731,1815.3,360.9,60.1,25.5,1920,1080,0.074,1845.4,373.7
Round3,Q4,345,345.0,JAMESON,0.873,1506.9,362.4,53.9,22.0,1920,1080,0.057,1533.8,373.4
Round3,Q4,345,345.0,JAMESON,0.8687,359.6,357.1,44.2,16.3,1920,1080,0.035,381.7,365.2
Round3,Q4,345,345.0,JAMESON,0.8632,1569.9,569.8,61.9,32.4,1920,1080,0.097,1600.8,586.0
Round3,Q4,345,345.0,JAMESON,0.8624,609.6,359.1,45.3,17.0,1920,1080,0.037,632.3,367.6
Round3,Q4,345,345.0,JAMESON,0.8623,272.5,355.9,46.8,16.8,1920,1080,0.038,295.9,364.3
Round3,Q4,345,345.0,JAMESON,0.8615,1608.3,362.2,52.7,23.2,1920,1080,0.059,1634.6,373.8
Round3,Q4,345,345.0,JAMESON,0.8614,694.1,359.6,44.5,17.4,1920,1080,0.037,716.3,368.2
Round3,Q4,345,345.0,JAMESON,0.8604,528.4,358.1,43.4,16.7,1920,1080,0.035,550.1,366.5
Round3,Q4,345,345.0,JAMESON,0.8592,1393.3,124.6,40.7,15.2,1920,1080,0.03,1413.7,132.2
Round3,Q4,345,345.0,JAMESON,0.8552,1000.5,159.9,37.9,13.4,1920,1080,0.025,1019.5,166.6
Round3,Q4,345,345.0,JAMESON,0.8544,98.3,462.5,48.5,19.2,1920,1080,0.045,122.5,472.1
Round3,Q4,345,345.0,JAMESON,0.8532,974.3,506.3,50.0,23.7,1920,1080,0.057,999.3,518.1
Round3,Q4,345,345.0,JAMESON,0.853,1815.7,607.4,81.1,40.6,1920,1080,0.159,1856.3,627.7
Round3,Q4,345,345.0,JAMESON,0.8524,904.4,165.7,39.6,13.4,1920,1080,0.026,924.2,172.4
Round3,Q4,345,345.0,JAMESON,0.8523,813.5,170.8,37.1,13.5,1920,1080,0.024,832.0,177.5
Round3,Q4,345,345.0,JAMESON,0.8521,1064.8,513.4,51.4,25.7,1920,1080,0.064,1090.5,526.2
Round3,Q4,345,345.0,JAMESON,0.8485,1191.8,145.2,40.3,14.1,1920,1080,0.027,1211.9,152.2
Round3,Q4,345,345.0,JAMESON,0.8478,1067.4,359.6,45.6,20.4,1920,1080,0.045,1090.1,369.8
Round3,Q4,345,345.0,JAMESON,0.8449,184.7,355.7,46.9,16.4,1920,1080,0.037,208.1,363.9
Round3,Q4,345,345.0,JAMESON,0.8442,773.8,359.5,46.2,17.9,1920,1080,0.04,796.9,368.5
Round3,Q4,345,345.0,JAMESON,0.8439,189.0,465.1,48.0,19.9,1920,1080,0.046,213.0,475.0
Round3,Q4,345,345.0,JAMESON,0.8434,797.0,493.5,50.6,23.1,1920,1080,0.056,822.3,505.0
Round3,Q4,345,345.0,JAMESON,0.843,1724.8,78.8,48.3,18.1,1920,1080,0.042,1748.9,87.8
Round3,Q4,345,345.0,JAMESON,0.8425,348.7,186.1,40.1,13.2,1920,1080,0.025,368.8,192.7
Round3,Q4,345,345.0,JAMESON,0.8417,1324.8,362.2,50.4,19.9,1920,1080,0.048,1350.0,372.1
Round3,Q4,345,345.0,JAMESON,0.84,1418.1,362.5,48.9,20.6,1920,1080,0.049,1442.5,372.8
Round3,Q4,345,345.0,JAMESON,0.8388,55.1,188.5,41.9,12.4,1920,1080,0.025,76.0,194.7
Round3,Q4,345,345.0,JAMESON,0.8387,1355.3,542.8,56.4,29.7,1920,1080,0.081,1383.5,557.6
Round3,Q4,345,345.0,JAMESON,0.8383,1496.2,111.5,45.0,16.1,1920,1080,0.035,1518.7,119.6
Round3,Q4,345,345.0,JAMESON,0.8376,1853.1,57.0,53.0,20.0,1920,1080,0.051,1879.6,67.0
Round3,Q4,345,345.0,JAMESON,0.8367,1.1,352.6,48.9,16.9,1920,1080,0.04,25.6,361.1
Round3,Q4,345,345.0,JAMESON,0.8362,1288.1,136.0,42.3,14.1,1920,1080,0.029,1309.2,143.1
Round3,Q4,345,345.0,JAMESON,0.8343,1458.4,554.9,60.9,31.0,1920,1080,0.091,1488.9,570.4
Round3,Q4,345,345.0,JAMESON,0.8341,253.6,187.7,39.7,12.7,1920,1080,0.024,273.4,194.0
Round3,Q4,345,345.0,JAMESON,0.8336,630.0,178.8,37.4,13.8,1920,1080,0.025,648.7,185.7
Round3,Q4,345,345.0,JAMESON,0.8328,365.7,472.2,47.7,20.4,1920,1080,0.047,389.5,482.4
Round3,Q4,345,345.0,JAMESON,0.8319,444.0,184.6,38.3,12.7,1920,1080,0.023,463.2,190.9
Round3,Q4,345,345.0,JAMESON,0.8317,859.2,360.2,45.5,17.1,1920,1080,0.037,881.9,368.8
Round3,Q4,345,345.0,JAMESON,0.8316,1609.2,95.7,46.6,17.7,1920,1080,0.04,1632.5,104.5
Round3,Q4,345,345.0,JAMESON,0.8313,624.4,483.5,48.4,21.5,1920,1080,0.05,648.6,494.2
Round3,Q4,345,345.0,JAMESON,0.8312,539.9,479.0,46.2,21.3,1920,1080,0.048,563.0,489.6
Round3,Q4,345,345.0,JAMESON,0.8291,1093.2,152.9,39.9,14.0,1920,1080,0.027,1113.1,159.9
Round3,Q4,345,345.0,JAMESON,0.8285,1150.4,361.5,48.5,19.0,1920,1080,0.045,1174.6,371.1
Round3,Q4,345,345.0,JAMESON,0.8272,941.5,360.9,45.2,18.6,1920,1080,0.041,964.1,370.2
Round3,Q4,345,345.0,JAMESON,0.827,534.8,182.2,39.9,13.4,1920,1080,0.026,554.7,188.9
Round3,Q4,345,345.0,JAMESON,0.8266,1237.9,362.1,47.5,19.4,1920,1080,0.045,1261.6,371.8
Round3,Q4,345,345.0,JAMESON,0.8193,442.7,357.2,47.0,18.8,1920,1080,0.043,466.2,366.6
Round3,Q4,345,345.0,JAMESON,0.8186,1159.1,521.8,51.9,26.9,1920,1080,0.067,1185.0,535.2
Round3,Q4,345,345.0,JAMESON,0.8121,93.0,353.8,50.3,17.7,1920,1080,0.043,118.2,362.7
Round3,Q4,345,345.0,JAMESON,0.8077,155.0,188.2,41.6,13.0,1920,1080,0.026,175.8,194.7
Round3,Q4,345,345.0,JAMESON,0.8035,452.1,475.4,47.4,20.6,1920,1080,0.047,475.8,485.7
Round3,Q4,345,345.0,JAMESON,0.781,10.9,459.4,48.2,20.4,1920,1080,0.047,34.9,469.6
Round3,Q4,345,345.0,JAMESON,0.5764,1690.7,586.7,66.5,35.4,1920,1080,0.114,1723.9,604.4
Round3,Q4,345,345.0,JAMESON,0.3584,712.7,487.9,37.5,21.6,1920,1080,0.039,731.4,498.6
Round3,Q4,346,346.0,EMIRATES,0.8994,1567.3,944.7,58.5,19.5,1920,1080,0.055,1596.5,954.5
Round3,Q4,347,347.0,EMIRATES,0.8712,1298.8,947.7,57.0,22.6,1920,1080,0.062,1327.2,958.9
Round3,Q4,347,347.0,EMIRATES,0.4147,911.4,288.2,28.2,24.4,1920,1080,0.033,925.4,300.5
Round3,Q4,348,348.0,JAMESON,0.8902,227.4,247.7,96.8,26.6,1920,1080,0.124,275.8,261.0
Round3,Q4,348,348.0,JAMESON,0.8895,1162.7,276.6,92.8,27.6,1920,1080,0.124,1209.1,290.4
Round3,Q4,348,348.0,JAMESON,0.8894,420.1,253.3,95.8,27.3,1920,1080,0.126,468.0,267.0
Round3,Q4,348,348.0,JAMESON,0.8863,612.9,259.9,93.7,26.0,1920,1080,0.117,659.8,272.8
Round3,Q4,348,348.0,JAMESON,0.8791,1531.4,288.9,93.7,28.6,1920,1080,0.129,1578.3,303.1
Round3,Q4,348,348.0,JAMESON,0.874,1348.4,282.9,92.5,27.6,1920,1080,0.123,1394.6,296.7
Round3,Q4,348,348.0,JAMESON,0.8733,796.9,264.9,92.4,27.4,1920,1080,0.122,843.1,278.6
Round3,Q4,348,348.0,JAMESON,0.8728,1540.8,530.3,97.4,37.9,1920,1080,0.178,1589.5,549.2
Round3,Q4,348,348.0,JAMESON,0.8704,983.2,270.9,90.6,26.8,1920,1080,0.117,1028.5,284.3
Round3,Q4,348,348.0,JAMESON,0.8638,547.3,468.0,104.0,31.5,1920,1080,0.158,599.3,483.7
Round3,Q4,348,348.0,JAMESON,0.8631,22.5,240.5,102.2,27.5,1920,1080,0.136,73.6,254.3
Round3,Q4,348,348.0,JAMESON,0.8628,1149.1,500.0,96.8,34.7,1920,1080,0.162,1197.5,517.4
Round3,Q4,348,348.0,JAMESON,0.8572,949.8,489.0,104.8,31.4,1920,1080,0.159,1002.2,504.7
Round3,Q4,348,348.0,JAMESON,0.8496,1341.6,515.0,100.1,35.0,1920,1080,0.169,1391.6,532.4
Round3,Q4,348,348.0,JAMESON,0.8274,753.1,475.6,103.9,33.3,1920,1080,0.167,805.0,492.2
Round3,Q4,348,348.0,JAMESON,0.8129,1723.0,296.4,94.7,28.0,1920,1080,0.128,1770.4,310.4
Round3,Q4,348,348.0,EMIRATES,0.7528,1756.3,499.2,12.7,51.9,1920,1080,0.032,1762.6,525.1
Round3,Q4,348,348.0,EMIRATES,0.7214,1753.4,561.8,12.4,54.7,1920,1080,0.033,1759.6,589.2
Round3,Q4,348,348.0,JAMESON,0.4594,331.2,462.0,65.1,30.7,1920,1080,0.096,363.7,477.3
Round3,Q4,350,350.0,JAMESON,0.9039,358.8,188.4,97.4,27.8,1920,1080,0.131,407.6,202.3
Round3,Q4,350,350.0,JAMESON,0.9025,154.4,181.4,99.9,28.0,1920,1080,0.135,204.4,195.3
Round3,Q4,350,350.0,JAMESON,0.8967,934.3,205.4,94.5,28.0,1920,1080,0.128,981.6,219.4
Round3,Q4,350,350.0,JAMESON,0.8949,551.5,194.5,96.8,27.2,1920,1080,0.127,599.9,208.1
Round3,Q4,350,350.0,JAMESON,0.8944,1695.4,227.6,98.9,29.7,1920,1080,0.142,1744.8,242.4
Round3,Q4,350,350.0,JAMESON,0.8927,1124.7,211.8,94.8,27.5,1920,1080,0.126,1172.1,225.6
Round3,Q4,350,350.0,JAMESON,0.8914,747.6,200.6,94.0,27.1,1920,1080,0.123,794.6,214.1
Round3,Q4,350,350.0,JAMESON,0.8868,1091.0,436.5,108.3,33.6,1920,1080,0.175,1145.1,453.3
Round3,Q4,350,350.0,JAMESON,0.8866,679.5,414.4,106.4,32.9,1920,1080,0.169,732.7,430.9
Round3,Q4,350,350.0,JAMESON,0.8861,1505.2,223.0,97.6,28.6,1920,1080,0.134,1553.9,237.3
Round3,Q4,350,350.0,JAMESON,0.8851,1311.8,216.9,94.3,28.0,1920,1080,0.127,1359.0,230.9
Round3,Q4,350,350.0,JAMESON,0.8765,1702.5,480.1,103.8,38.1,1920,1080,0.191,1754.4,499.1
Round3,Q4,350,350.0,JAMESON,0.867,1494.6,464.0,106.8,35.5,1920,1080,0.183,1548.0,481.7
Round3,Q4,350,350.0,JAMESON,0.8521,888.2,422.8,105.2,33.2,1920,1080,0.169,940.8,439.4
Round3,Q4,350,350.0,JAMESON,0.8368,1299.4,448.8,95.7,34.3,1920,1080,0.158,1347.2,465.9
Round3,Q4,350,350.0,JAMESON,0.7956,0.5,395.7,109.5,32.6,1920,1080,0.172,55.2,412.0
Round3,Q4,350,350.0,JAMESON,0.5214,0.0,173.6,48.8,27.5,1920,1080,0.065,24.4,187.4
Round3,Q4,350,350.0,JAMESON,0.5127,1898.3,234.4,21.7,29.6,1920,1080,0.031,1909.1,249.2
Round3,Q4,351,351.0,JAMESON,0.885,581.3,273.3,85.5,24.6,1920,1080,0.101,624.0,285.6
Round3,Q4,351,351.0,JAMESON,0.8848,1072.2,493.2,87.4,32.4,1920,1080,0.137,1115.9,509.4
Round3,Q4,351,351.0,JAMESON,0.8833,40.1,256.1,92.6,25.7,1920,1080,0.115,86.4,268.9
Round3,Q4,351,351.0,JAMESON,0.8816,889.5,483.8,97.0,30.6,1920,1080,0.143,938.1,499.1
Round3,Q4,351,351.0,JAMESON,0.8805,228.4,262.7,89.7,24.8,1920,1080,0.107,273.3,275.2
Round3,Q4,351,351.0,JAMESON,0.8799,404.4,267.8,88.2,25.2,1920,1080,0.107,448.6,280.4
Round3,Q4,351,351.0,JAMESON,0.8785,1417.1,302.0,85.7,26.1,1920,1080,0.108,1460.0,315.0
Round3,Q4,351,351.0,JAMESON,0.8779,749.6,278.2,85.7,25.8,1920,1080,0.106,792.5,291.0
Round3,Q4,351,351.0,JAMESON,0.8747,521.5,464.9,96.0,29.5,1920,1080,0.137,569.6,479.7
Round3,Q4,351,351.0,JAMESON,0.8722,1759.0,316.8,88.4,26.1,1920,1080,0.111,1803.2,329.8
Round3,Q4,351,351.0,JAMESON,0.8711,1084.1,289.8,84.7,25.6,1920,1080,0.105,1126.4,302.6
Round3,Q4,351,351.0,JAMESON,0.8659,1252.0,296.5,85.9,24.8,1920,1080,0.103,1294.9,308.9
Round3,Q4,351,351.0,JAMESON,0.8639,1426.5,522.0,87.8,34.0,1920,1080,0.144,1470.4,539.0
Round3,Q4,351,351.0,JAMESON,0.8634,920.2,285.0,84.6,24.5,1920,1080,0.1,962.5,297.2
Round3,Q4,351,351.0,JAMESON,0.8409,708.4,472.1,96.8,30.2,1920,1080,0.141,756.8,487.3
Round3,Q4,351,351.0,JAMESON,0.8357,1588.6,309.7,85.7,25.0,1920,1080,0.103,1631.5,322.2
Round3,Q4,351,351.0,JAMESON,0.7099,1247.1,506.9,93.6,33.3,1920,1080,0.15,1293.9,523.5
Round3,Q4,351,351.0,EMIRATES,0.6536,1617.1,542.4,12.5,57.0,1920,1080,0.034,1623.3,570.9
Round3,Q4,351,351.0,EMIRATES,0.5432,1619.3,493.4,13.6,47.0,1920,1080,0.031,1626.1,516.8
Round3,Q4,351,351.0,EMIRATES,0.5364,1795.5,515.3,15.0,46.3,1920,1080,0.034,1803.0,538.4
Round3,Q4,351,351.0,JAMESON,0.3406,322.5,458.8,83.4,29.1,1920,1080,0.117,364.2,473.4
Round3,Q4,351,351.0,EMIRATES,0.3128,1793.5,564.9,13.3,61.5,1920,1080,0.04,1800.2,595.7
Round3,Q4,352,352.0,EMIRATES,0.9003,980.7,366.4,155.7,45.8,1920,1080,0.344,1058.5,389.3
Round3,Q4,352,352.0,EMIRATES,0.8686,323.4,417.1,104.9,49.4,1920,1080,0.25,375.8,441.8
Round3,Q4,353,353.0,EMIRATES,0.3954,33.5,474.0,152.1,54.5,1920,1080,0.4,109.5,501.3
Round3,Q4,358,358.0,EMIRATES,0.9013,1709.6,879.1,37.6,13.4,1920,1080,0.024,1728.4,885.8
Round3,Q4,358,358.0,JAMESON,0.8752,1771.4,369.3,61.8,29.1,1920,1080,0.087,1802.3,383.9
Round3,Q4,358,358.0,JAMESON,0.8739,1568.2,369.5,52.5,25.3,1920,1080,0.064,1594.4,382.2
Round3,Q4,358,358.0,JAMESON,0.8734,1661.7,369.8,57.8,27.1,1920,1080,0.076,1690.6,383.3
Round3,Q4,358,358.0,JAMESON,0.8716,1880.6,366.4,39.4,32.7,1920,1080,0.062,1900.3,382.7
Round3,Q4,358,358.0,JAMESON,0.8699,1249.2,547.0,57.4,30.6,1920,1080,0.085,1277.9,562.2
Round3,Q4,358,358.0,JAMESON,0.864,470.2,194.4,39.0,12.9,1920,1080,0.024,489.7,200.9
Round3,Q4,358,358.0,JAMESON,0.863,1469.7,369.3,53.3,24.6,1920,1080,0.063,1496.4,381.6
Round3,Q4,358,358.0,JAMESON,0.8614,1048.9,368.4,42.8,18.9,1920,1080,0.039,1070.3,377.8
Round3,Q4,358,358.0,JAMESON,0.8603,1213.6,369.6,44.3,20.1,1920,1080,0.043,1235.8,379.7
Round3,Q4,358,358.0,JAMESON,0.8598,1384.9,125.2,41.5,15.7,1920,1080,0.031,1405.7,133.0
Round3,Q4,358,358.0,JAMESON,0.8593,1153.6,537.5,54.0,28.3,1920,1080,0.074,1180.6,551.7
Round3,Q4,358,358.0,JAMESON,0.859,1843.1,47.3,53.0,23.6,1920,1080,0.06,1869.6,59.1
Round3,Q4,358,358.0,JAMESON,0.8578,964.4,368.4,46.4,18.7,1920,1080,0.042,987.7,377.8
Round3,Q4,358,358.0,JAMESON,0.8552,768.3,367.4,43.9,18.4,1920,1080,0.039,790.3,376.6
Round3,Q4,358,358.0,JAMESON,0.8548,1385.5,369.1,47.4,23.4,1920,1080,0.053,1409.2,380.8
Round3,Q4,358,358.0,JAMESON,0.8527,734.5,184.3,37.0,11.4,1920,1080,0.02,753.0,190.0
Round3,Q4,358,358.0,JAMESON,0.8522,1293.2,369.5,50.6,22.0,1920,1080,0.054,1318.5,380.4
Round3,Q4,358,358.0,JAMESON,0.8518,1598.6,93.7,46.0,18.6,1920,1080,0.041,1621.6,103.0
Round3,Q4,358,358.0,JAMESON,0.8513,36.6,361.8,46.3,15.4,1920,1080,0.034,59.7,369.5
Round3,Q4,358,358.0,JAMESON,0.8489,1348.9,560.8,59.1,32.0,1920,1080,0.091,1378.4,576.8
Round3,Q4,358,358.0,JAMESON,0.8481,534.9,366.4,42.6,16.8,1920,1080,0.035,556.2,374.9
Round3,Q4,358,358.0,JAMESON,0.8479,1712.4,73.4,49.2,20.6,1920,1080,0.049,1737.0,83.7
Round3,Q4,358,358.0,JAMESON,0.8478,1126.2,369.2,48.4,19.8,1920,1080,0.046,1150.4,379.1
Round3,Q4,358,358.0,JAMESON,0.8475,824.2,178.3,37.1,12.8,1920,1080,0.023,842.7,184.7
Round3,Q4,358,358.0,JAMESON,0.8473,1004.2,166.1,36.3,13.8,1920,1080,0.024,1022.3,172.9
Round3,Q4,358,358.0,JAMESON,0.8468,1456.9,575.4,63.4,34.6,1920,1080,0.106,1488.7,592.6
Round3,Q4,358,358.0,JAMESON,0.846,373.5,365.3,42.9,15.5,1920,1080,0.032,394.9,373.1
Round3,Q4,358,358.0,JAMESON,0.8442,1189.2,149.1,38.3,14.3,1920,1080,0.026,1208.3,156.2
Round3,Q4,358,358.0,JAMESON,0.8439,1485.7,111.0,45.3,17.1,1920,1080,0.037,1508.3,119.6
Round3,Q4,358,358.0,JAMESON,0.8412,1093.5,158.4,38.2,14.1,1920,1080,0.026,1112.6,165.4
Round3,Q4,358,358.0,JAMESON,0.841,609.9,367.1,43.9,16.4,1920,1080,0.035,631.9,375.3
Round3,Q4,358,358.0,JAMESON,0.8403,648.3,188.5,35.4,11.7,1920,1080,0.02,666.0,194.4
Round3,Q4,358,358.0,JAMESON,0.8386,887.4,511.1,47.0,24.4,1920,1080,0.055,910.9,523.3
Round3,Q4,358,358.0,JAMESON,0.8385,209.0,363.6,44.8,16.0,1920,1080,0.035,231.4,371.6
Round3,Q4,358,358.0,JAMESON,0.8381,912.0,173.0,38.3,12.8,1920,1080,0.024,931.2,179.4
Round3,Q4,358,358.0,JAMESON,0.8368,453.0,365.6,43.7,16.3,1920,1080,0.034,474.8,373.8
Round3,Q4,358,358.0,JAMESON,0.836,104.1,200.3,39.0,11.8,1920,1080,0.022,123.6,206.2
Round3,Q4,358,358.0,JAMESON,0.8353,292.0,198.7,37.2,11.9,1920,1080,0.021,310.6,204.7
Round3,Q4,358,358.0,JAMESON,0.8353,1567.6,594.5,70.6,38.6,1920,1080,0.132,1602.9,613.8
Round3,Q4,358,358.0,JAMESON,0.8322,300.1,477.3,46.8,19.6,1920,1080,0.044,323.5,487.1
Round3,Q4,358,358.0,JAMESON,0.8311,1282.7,138.2,39.7,14.8,1920,1080,0.028,1302.6,145.6
Round3,Q4,358,358.0,JAMESON,0.8302,3.4,199.9,43.1,11.9,1920,1080,0.025,25.0,205.8
Round3,Q4,358,358.0,JAMESON,0.8293,800.8,504.1,47.1,23.9,1920,1080,0.054,824.4,516.0
Round3,Q4,358,358.0,JAMESON,0.8286,121.9,362.6,47.5,16.0,1920,1080,0.037,145.6,370.7
Round3,Q4,358,358.0,JAMESON,0.8263,889.6,367.4,41.7,19.3,1920,1080,0.039,910.5,377.1
Round3,Q4,358,358.0,JAMESON,0.8261,197.0,199.8,40.6,12.2,1920,1080,0.024,217.3,205.8
Round3,Q4,358,358.0,JAMESON,0.8241,692.1,367.1,43.1,16.6,1920,1080,0.034,713.7,375.4
Round3,Q4,358,358.0,JAMESON,0.8238,40.8,468.1,48.4,18.9,1920,1080,0.044,65.0,477.5
Round3,Q4,358,358.0,JAMESON,0.8196,385.9,480.9,45.6,19.6,1920,1080,0.043,408.7,490.7
Round3,Q4,358,358.0,JAMESON,0.8196,380.6,197.2,37.8,12.3,1920,1080,0.023,399.5,203.4
Round3,Q4,358,358.0,JAMESON,0.8037,466.5,484.1,47.7,21.0,1920,1080,0.048,490.3,494.6
Round3,Q4,358,358.0,JAMESON,0.7957,634.1,493.0,46.5,22.2,1920,1080,0.05,657.4,504.1
Round3,Q4,358,358.0,JAMESON,0.7929,217.1,474.3,49.5,19.5,1920,1080,0.047,241.8,484.0
Round3,Q4,358,358.0,JAMESON,0.7825,289.5,364.3,46.4,16.8,1920,1080,0.038,312.7,372.7
Round3,Q4,358,358.0,JAMESON,0.6428,972.0,518.5,48.6,24.1,1920,1080,0.057,996.3,530.6
Round3,Q4,359,359.0,EMIRATES,0.8814,1700.3,882.4,39.9,13.7,1920,1080,0.026,1720.3,889.3
Round3,Q4,359,359.0,JAMESON,0.8804,1775.9,368.0,61.3,28.5,1920,1080,0.084,1806.6,382.3
Round3,Q4,359,359.0,JAMESON,0.8723,733.6,181.6,37.2,12.2,1920,1080,0.022,752.3,187.7
Round3,Q4,359,359.0,JAMESON,0.8682,1129.5,367.5,45.8,19.9,1920,1080,0.044,1152.3,377.4
Round3,Q4,359,359.0,JAMESON,0.8646,97.6,197.3,40.7,12.4,1920,1080,0.024,117.9,203.5
Round3,Q4,359,359.0,JAMESON,0.8629,966.3,367.0,45.0,18.6,1920,1080,0.04,988.8,376.3
Round3,Q4,359,359.0,JAMESON,0.8625,1048.2,366.7,44.6,19.9,1920,1080,0.043,1070.5,376.7
Round3,Q4,359,359.0,JAMESON,0.8607,1285.2,135.6,41.0,15.0,1920,1080,0.03,1305.7,143.0
Round3,Q4,359,359.0,JAMESON,0.8596,1387.9,367.9,47.7,22.7,1920,1080,0.052,1411.7,379.2
Round3,Q4,359,359.0,JAMESON,0.8596,1251.8,547.3,56.3,29.6,1920,1080,0.08,1279.9,562.1
Round3,Q4,359,359.0,JAMESON,0.8593,1601.4,90.7,47.7,19.2,1920,1080,0.044,1625.2,100.3
Round3,Q4,359,359.0,JAMESON,0.8583,1668.7,368.2,55.9,26.7,1920,1080,0.072,1696.6,381.6
Round3,Q4,359,359.0,JAMESON,0.857,1215.6,367.8,45.0,21.0,1920,1080,0.045,1238.1,378.3
Round3,Q4,359,359.0,JAMESON,0.8567,1849.7,44.3,53.2,22.4,1920,1080,0.058,1876.2,55.5
Round3,Q4,359,359.0,JAMESON,0.8567,1572.9,368.0,51.7,24.9,1920,1080,0.062,1598.8,380.5
Round3,Q4,359,359.0,JAMESON,0.8559,30.0,359.0,47.5,16.3,1920,1080,0.037,53.8,367.1
Round3,Q4,359,359.0,JAMESON,0.8558,119.0,361.2,45.8,15.8,1920,1080,0.035,141.9,369.1
Round3,Q4,359,359.0,JAMESON,0.8557,1003.1,163.8,37.8,14.0,1920,1080,0.025,1022.0,170.8
Round3,Q4,359,359.0,JAMESON,0.8553,1353.9,560.3,56.3,33.0,1920,1080,0.09,1382.0,576.8
Round3,Q4,359,359.0,JAMESON,0.8542,287.2,196.8,38.2,11.6,1920,1080,0.021,306.3,202.6
Round3,Q4,359,359.0,JAMESON,0.8535,371.3,363.4,42.6,16.1,1920,1080,0.033,392.6,371.4
Round3,Q4,359,359.0,JAMESON,0.8534,203.6,362.1,46.4,16.3,1920,1080,0.036,226.8,370.2
Round3,Q4,359,359.0,JAMESON,0.8529,467.6,192.1,37.7,12.7,1920,1080,0.023,486.4,198.4
Round3,Q4,359,359.0,JAMESON,0.8524,1572.3,595.8,69.9,37.2,1920,1080,0.125,1607.2,614.5
Round3,Q4,359,359.0,JAMESON,0.8505,530.3,364.6,44.6,16.9,1920,1080,0.036,552.6,373.0
Round3,Q4,359,359.0,JAMESON,0.849,823.5,176.1,36.9,12.8,1920,1080,0.023,841.9,182.5
Round3,Q4,359,359.0,JAMESON,0.8482,377.7,195.1,39.6,11.8,1920,1080,0.023,397.5,201.0
Round3,Q4,359,359.0,JAMESON,0.8469,691.7,365.9,42.2,16.5,1920,1080,0.034,712.8,374.2
Round3,Q4,359,359.0,JAMESON,0.8468,1156.7,537.1,52.9,28.6,1920,1080,0.073,1183.2,551.4
Round3,Q4,359,359.0,JAMESON,0.8459,1188.9,146.6,39.5,14.2,1920,1080,0.027,1208.7,153.7
Round3,Q4,359,359.0,JAMESON,0.8433,1297.0,368.2,48.0,21.6,1920,1080,0.05,1321.0,379.1
Round3,Q4,359,359.0,JAMESON,0.8431,911.5,170.8,38.1,13.0,1920,1080,0.024,930.5,177.3
Round3,Q4,359,359.0,JAMESON,0.8429,450.1,364.2,43.8,16.6,1920,1080,0.035,472.0,372.5
Round3,Q4,359,359.0,JAMESON,0.842,886.9,510.6,47.4,24.2,1920,1080,0.055,910.6,522.7
Round3,Q4,359,359.0,JAMESON,0.8418,1385.4,122.7,43.0,16.1,1920,1080,0.033,1406.9,130.7
Round3,Q4,359,359.0,JAMESON,0.8395,1718.3,70.0,49.0,19.9,1920,1080,0.047,1742.8,80.0
Round3,Q4,359,359.0,JAMESON,0.8375,0.1,196.8,41.8,12.8,1920,1080,0.026,21.0,203.2
Round3,Q4,359,359.0,JAMESON,0.8374,1461.3,575.5,62.1,34.6,1920,1080,0.104,1492.3,592.8
Round3,Q4,359,359.0,JAMESON,0.8366,1094.6,155.7,38.2,13.9,1920,1080,0.026,1113.7,162.6
Round3,Q4,359,359.0,JAMESON,0.8365,802.4,503.8,43.9,22.7,1920,1080,0.048,824.4,515.1
Round3,Q4,359,359.0,JAMESON,0.8364,381.6,480.1,46.5,19.9,1920,1080,0.045,404.9,490.1
Round3,Q4,359,359.0,JAMESON,0.8358,193.7,197.3,40.1,12.1,1920,1080,0.023,213.7,203.3
Round3,Q4,359,359.0,JAMESON,0.8342,35.5,466.6,48.7,19.2,1920,1080,0.045,59.8,476.2
Round3,Q4,359,359.0,JAMESON,0.8328,1489.6,107.7,44.7,17.9,1920,1080,0.038,1512.0,116.7
Round3,Q4,359,359.0,JAMESON,0.8312,768.2,366.1,43.6,17.7,1920,1080,0.037,790.0,374.9
Round3,Q4,359,359.0,JAMESON,0.8309,645.9,185.1,35.8,12.4,1920,1080,0.022,663.8,191.3
Round3,Q4,359,359.0,JAMESON,0.8273,973.9,518.2,48.8,25.6,1920,1080,0.06,998.3,531.1
Round3,Q4,359,359.0,JAMESON,0.8264,298.1,476.5,45.4,19.6,1920,1080,0.043,320.8,486.3
Round3,Q4,359,359.0,JAMESON,0.8256,1476.0,368.5,49.7,23.7,1920,1080,0.057,1500.8,380.3
Round3,Q4,359,359.0,JAMESON,0.8241,888.7,365.5,41.9,18.6,1920,1080,0.038,909.7,374.8
Round3,Q4,359,359.0,JAMESON,0.8231,608.0,365.4,45.3,17.0,1920,1080,0.037,630.7,373.9
Round3,Q4,359,359.0,JAMESON,0.8103,212.0,473.2,47.1,18.5,1920,1080,0.042,235.6,482.5
Round3,Q4,359,359.0,JAMESON,0.8024,466.0,483.2,44.5,19.7,1920,1080,0.042,488.3,493.1
Round3,Q4,359,359.0,JAMESON,0.8013,1887.5,366.0,32.5,32.1,1920,1080,0.05,1903.7,382.1
Round3,Q4,359,359.0,JAMESON,0.7985,287.1,362.4,45.2,18.1,1920,1080,0.039,309.7,371.5
Round3,Q4,359,359.0,JAMESON,0.7313,631.3,491.9,47.0,21.5,1920,1080,0.049,654.8,502.7
Round3,Q4,360,360.0,EMIRATES,0.8829,1703.7,894.2,42.5,13.7,1920,1080,0.028,1725.0,901.0
Round3,Q4,360,360.0,JAMESON,0.8721,733.8,181.5,37.1,12.0,1920,1080,0.022,752.3,187.5
Round3,Q4,360,360.0,JAMESON,0.8705,1775.7,367.9,62.0,28.9,1920,1080,0.086,1806.7,382.4
Round3,Q4,360,360.0,JAMESON,0.8687,1669.0,368.4,55.5,26.6,1920,1080,0.071,1696.7,381.7
Round3,Q4,360,360.0,JAMESON,0.8677,1047.8,366.8,44.5,19.4,1920,1080,0.042,1070.1,376.5
Round3,Q4,360,360.0,JAMESON,0.8674,98.7,197.4,39.5,12.3,1920,1080,0.023,118.5,203.5
Round3,Q4,360,360.0,JAMESON,0.8668,1216.3,367.6,43.6,20.6,1920,1080,0.043,1238.1,377.9
Round3,Q4,360,360.0,JAMESON,0.8664,1129.2,367.5,46.0,20.0,1920,1080,0.044,1152.2,377.5
Round3,Q4,360,360.0,JAMESON,0.8664,1389.1,368.3,46.2,22.2,1920,1080,0.049,1412.2,379.4
Round3,Q4,360,360.0,JAMESON,0.8627,1848.8,44.6,54.8,22.2,1920,1080,0.059,1876.2,55.7
Round3,Q4,360,360.0,JAMESON,0.8618,467.5,192.2,38.9,12.6,1920,1080,0.024,486.9,198.5
Round3,Q4,360,360.0,JAMESON,0.8609,1601.5,90.8,47.7,19.1,1920,1080,0.044,1625.3,100.4
Round3,Q4,360,360.0,JAMESON,0.8606,377.4,195.0,40.0,11.9,1920,1080,0.023,397.4,201.0
Round3,Q4,360,360.0,JAMESON,0.8593,1285.4,135.6,41.0,15.0,1920,1080,0.03,1305.9,143.1
Round3,Q4,360,360.0,JAMESON,0.8584,287.4,196.7,38.8,11.7,1920,1080,0.022,306.8,202.6
Round3,Q4,360,360.0,JAMESON,0.8574,1251.6,546.5,56.9,30.6,1920,1080,0.084,1280.0,561.8
Round3,Q4,360,360.0,JAMESON,0.8574,1461.3,575.6,61.9,34.1,1920,1080,0.102,1492.2,592.7
Round3,Q4,360,360.0,JAMESON,0.8551,966.9,367.0,44.6,18.5,1920,1080,0.04,989.2,376.2
Round3,Q4,360,360.0,JAMESON,0.8542,118.5,361.3,46.1,15.8,1920,1080,0.035,141.5,369.3
Round3,Q4,360,360.0,JAMESON,0.8542,1572.8,368.1,51.7,24.4,1920,1080,0.061,1598.7,380.3
Round3,Q4,360,360.0,JAMESON,0.854,1353.7,560.3,55.8,32.9,1920,1080,0.089,1381.7,576.8
Round3,Q4,360,360.0,JAMESON,0.8531,1386.5,122.8,42.2,16.0,1920,1080,0.033,1407.6,130.8
Round3,Q4,360,360.0,JAMESON,0.853,1004.1,163.9,36.8,13.8,1920,1080,0.024,1022.5,170.8
Round3,Q4,360,360.0,JAMESON,0.8522,194.0,197.2,39.3,12.0,1920,1080,0.023,213.7,203.2
Round3,Q4,360,360.0,JAMESON,0.8489,28.6,359.5,48.8,16.0,1920,1080,0.038,53.0,367.5
Round3,Q4,360,360.0,JAMESON,0.8485,450.3,364.0,42.6,16.5,1920,1080,0.034,471.6,372.3
Round3,Q4,360,360.0,JAMESON,0.8471,973.8,518.5,48.2,24.6,1920,1080,0.057,997.9,530.8
Round3,Q4,360,360.0,JAMESON,0.8463,529.9,364.6,44.5,16.7,1920,1080,0.036,552.2,373.0
Round3,Q4,360,360.0,JAMESON,0.8456,205.0,362.4,44.9,15.9,1920,1080,0.034,227.4,370.4
Round3,Q4,360,360.0,JAMESON,0.8441,382.2,480.3,45.7,19.0,1920,1080,0.042,405.0,489.8
Round3,Q4,360,360.0,JAMESON,0.8428,1094.7,155.7,38.6,13.9,1920,1080,0.026,1114.0,162.6
Round3,Q4,360,360.0,JAMESON,0.8426,1297.8,368.4,47.2,21.6,1920,1080,0.049,1321.4,379.1
Round3,Q4,360,360.0,JAMESON,0.8424,369.5,363.7,44.5,15.9,1920,1080,0.034,391.8,371.7
Round3,Q4,360,360.0,JAMESON,0.8421,823.0,176.5,37.5,12.5,1920,1080,0.023,841.8,182.7
Round3,Q4,360,360.0,JAMESON,0.8416,0.1,196.9,42.2,12.7,1920,1080,0.026,21.2,203.3
Round3,Q4,360,360.0,JAMESON,0.8385,912.0,170.6,38.1,13.2,1920,1080,0.024,931.1,177.2
Round3,Q4,360,360.0,JAMESON,0.8382,1157.1,537.4,51.6,27.8,1920,1080,0.069,1182.8,551.3
Round3,Q4,360,360.0,JAMESON,0.8357,34.5,466.8,49.1,18.8,1920,1080,0.045,59.1,476.2
Round3,Q4,360,360.0,JAMESON,0.8336,646.1,185.3,35.9,12.2,1920,1080,0.021,664.1,191.4
Round3,Q4,360,360.0,JAMESON,0.8331,802.6,503.7,43.3,22.8,1920,1080,0.048,824.3,515.1
Round3,Q4,360,360.0,JAMESON,0.8321,1718.9,70.3,48.1,19.9,1920,1080,0.046,1743.0,80.3
Round3,Q4,360,360.0,JAMESON,0.8298,768.6,365.7,42.4,17.5,1920,1080,0.036,789.8,374.5
Round3,Q4,360,360.0,JAMESON,0.8291,1476.2,368.8,48.9,23.2,1920,1080,0.055,1500.6,380.4
Round3,Q4,360,360.0,JAMESON,0.8263,886.0,510.5,45.4,22.4,1920,1080,0.049,908.7,521.7
Round3,Q4,360,360.0,JAMESON,0.8254,691.3,365.7,42.8,16.7,1920,1080,0.035,712.7,374.1
Round3,Q4,360,360.0,JAMESON,0.8249,1189.3,147.0,39.3,14.0,1920,1080,0.026,1209.0,154.0
Round3,Q4,360,360.0,JAMESON,0.8244,889.3,366.2,41.0,17.7,1920,1080,0.035,909.8,375.1
Round3,Q4,360,360.0,JAMESON,0.8242,1572.4,595.9,68.4,36.9,1920,1080,0.122,1606.6,614.3
Round3,Q4,360,360.0,JAMESON,0.8222,1490.1,108.0,43.7,17.5,1920,1080,0.037,1511.9,116.7
Round3,Q4,360,360.0,JAMESON,0.8186,608.0,365.4,44.4,16.8,1920,1080,0.036,630.2,373.8
Round3,Q4,360,360.0,JAMESON,0.8104,297.9,476.5,44.9,19.5,1920,1080,0.042,320.3,486.2
Round3,Q4,360,360.0,JAMESON,0.8034,466.0,483.0,43.4,19.9,1920,1080,0.042,487.7,493.0
Round3,Q4,360,360.0,JAMESON,0.7963,212.6,473.3,46.6,18.3,1920,1080,0.041,235.9,482.5
Round3,Q4,360,360.0,JAMESON,0.7904,1887.9,365.5,32.1,33.1,1920,1080,0.051,1903.9,382.1
Round3,Q4,360,360.0,JAMESON,0.778,287.5,362.5,44.3,17.8,1920,1080,0.038,309.7,371.4
Round3,Q4,360,360.0,JAMESON,0.7567,631.2,492.3,47.2,22.0,1920,1080,0.05,654.8,503.3
Round3,Q4,361,361.0,EMIRATES,0.8878,1705.2,892.8,43.0,14.3,1920,1080,0.03,1726.7,900.0
Round3,Q4,361,361.0,JAMESON,0.8848,1785.1,367.8,61.6,28.6,1920,1080,0.085,1815.9,382.1
Round3,Q4,361,361.0,JAMESON,0.8793,1677.0,368.2,56.2,25.9,1920,1080,0.07,1705.1,381.2
Round3,Q4,361,361.0,JAMESON,0.8707,1259.2,547.1,57.0,29.6,1920,1080,0.081,1287.7,561.9
Round3,Q4,361,361.0,JAMESON,0.8694,1581.4,368.0,51.1,24.7,1920,1080,0.061,1607.0,380.4
Round3,Q4,361,361.0,JAMESON,0.868,740.5,181.3,37.5,12.1,1920,1080,0.022,759.3,187.4
Round3,Q4,361,361.0,JAMESON,0.8677,918.5,170.9,39.0,12.6,1920,1080,0.024,938.0,177.2
Round3,Q4,361,361.0,JAMESON,0.8667,974.2,367.2,45.0,18.2,1920,1080,0.04,996.6,376.3
Round3,Q4,361,361.0,JAMESON,0.8662,1223.2,367.8,44.0,20.3,1920,1080,0.043,1245.2,377.9
Round3,Q4,361,361.0,JAMESON,0.8655,1726.7,69.6,49.5,19.8,1920,1080,0.047,1751.4,79.4
Round3,Q4,361,361.0,JAMESON,0.8624,294.2,196.8,39.6,11.7,1920,1080,0.022,314.0,202.6
Round3,Q4,361,361.0,JAMESON,0.8604,1305.4,368.4,48.6,21.4,1920,1080,0.05,1329.7,379.1
Round3,Q4,361,361.0,JAMESON,0.86,1102.5,155.6,38.9,13.5,1920,1080,0.025,1122.0,162.3
Round3,Q4,361,361.0,JAMESON,0.859,652.8,185.1,37.1,12.4,1920,1080,0.022,671.4,191.3
Round3,Q4,361,361.0,JAMESON,0.8588,1056.9,366.6,42.3,19.2,1920,1080,0.039,1078.1,376.2
Round3,Q4,361,361.0,JAMESON,0.8583,1609.5,90.4,47.9,19.4,1920,1080,0.045,1633.4,100.1
Round3,Q4,361,361.0,JAMESON,0.8566,1137.0,367.1,45.9,20.4,1920,1080,0.045,1160.0,377.3
Round3,Q4,361,361.0,JAMESON,0.8556,212.7,362.3,44.3,15.6,1920,1080,0.033,234.8,370.1
Round3,Q4,361,361.0,JAMESON,0.8543,830.8,176.2,36.5,12.1,1920,1080,0.021,849.1,182.2
Round3,Q4,361,361.0,JAMESON,0.8539,539.9,364.6,42.6,16.6,1920,1080,0.034,561.2,372.9
Round3,Q4,361,361.0,JAMESON,0.8526,43.8,466.1,48.5,20.0,1920,1080,0.047,68.0,476.1
Round3,Q4,361,361.0,JAMESON,0.8522,1395.8,368.1,47.9,22.4,1920,1080,0.052,1419.8,379.2
Round3,Q4,361,361.0,JAMESON,0.8503,1011.1,163.7,37.5,13.7,1920,1080,0.025,1029.9,170.5
Round3,Q4,361,361.0,JAMESON,0.8499,125.7,361.5,47.5,15.6,1920,1080,0.036,149.5,369.3
Round3,Q4,361,361.0,JAMESON,0.8479,1393.0,122.5,43.2,16.1,1920,1080,0.034,1414.6,130.5
Round3,Q4,361,361.0,JAMESON,0.8462,1164.6,537.0,52.9,28.5,1920,1080,0.073,1191.0,551.3
Round3,Q4,361,361.0,JAMESON,0.8454,896.2,365.9,42.4,17.8,1920,1080,0.036,917.4,374.8
Round3,Q4,361,361.0,JAMESON,0.8451,981.4,518.8,48.9,24.7,1920,1080,0.058,1005.8,531.2
Round3,Q4,361,361.0,JAMESON,0.8447,1857.6,43.5,54.2,22.6,1920,1080,0.059,1884.7,54.8
Round3,Q4,361,361.0,JAMESON,0.8447,697.7,365.6,42.9,16.2,1920,1080,0.033,719.2,373.7
Round3,Q4,361,361.0,JAMESON,0.8442,1292.6,135.0,42.5,15.4,1920,1080,0.031,1313.8,142.7
Round3,Q4,361,361.0,JAMESON,0.8439,1580.6,595.7,70.8,37.5,1920,1080,0.128,1616.0,614.5
Round3,Q4,361,361.0,JAMESON,0.8429,385.2,195.1,39.6,11.8,1920,1080,0.023,405.1,201.0
Round3,Q4,361,361.0,JAMESON,0.8428,1483.6,368.5,51.1,23.7,1920,1080,0.058,1509.2,380.4
Round3,Q4,361,361.0,JAMESON,0.8427,378.2,363.5,42.6,15.8,1920,1080,0.032,399.5,371.4
Round3,Q4,361,361.0,JAMESON,0.8409,39.8,359.1,46.2,16.5,1920,1080,0.037,62.9,367.3
Round3,Q4,361,361.0,JAMESON,0.8387,475.4,192.3,37.3,12.5,1920,1080,0.022,494.0,198.6
Round3,Q4,361,361.0,JAMESON,0.8367,219.3,473.3,48.3,18.9,1920,1080,0.044,243.4,482.8
Round3,Q4,361,361.0,JAMESON,0.8353,472.8,483.4,46.7,20.5,1920,1080,0.046,496.2,493.6
Round3,Q4,361,361.0,JAMESON,0.8338,304.8,476.2,47.5,20.3,1920,1080,0.046,328.5,486.4
Round3,Q4,361,361.0,JAMESON,0.8338,1360.7,561.0,57.6,32.1,1920,1080,0.089,1389.5,577.0
Round3,Q4,361,361.0,JAMESON,0.8299,458.2,364.0,44.0,16.5,1920,1080,0.035,480.2,372.3
Round3,Q4,361,361.0,JAMESON,0.8284,1497.4,107.7,44.8,17.4,1920,1080,0.038,1519.8,116.4
Round3,Q4,361,361.0,JAMESON,0.8284,389.3,479.2,46.0,19.9,1920,1080,0.044,412.3,489.2
Round3,Q4,361,361.0,JAMESON,0.8281,201.4,197.4,40.6,11.9,1920,1080,0.023,221.6,203.4
Round3,Q4,361,361.0,JAMESON,0.8236,613.8,365.2,46.7,16.9,1920,1080,0.038,637.1,373.6
Round3,Q4,361,361.0,JAMESON,0.8233,775.7,365.6,43.7,17.8,1920,1080,0.037,797.5,374.5
Round3,Q4,361,361.0,JAMESON,0.8208,894.7,510.2,47.8,23.5,1920,1080,0.054,918.6,521.9
Round3,Q4,361,361.0,JAMESON,0.8197,1196.9,146.5,39.6,14.0,1920,1080,0.027,1216.7,153.5
Round3,Q4,361,361.0,JAMESON,0.8171,6.7,197.3,44.5,12.2,1920,1080,0.026,28.9,203.4
Round3,Q4,361,361.0,JAMESON,0.8162,106.7,197.9,39.5,12.2,1920,1080,0.023,126.5,204.0
Round3,Q4,361,361.0,JAMESON,0.8152,808.0,503.7,47.7,23.0,1920,1080,0.053,831.9,515.2
Round3,Q4,361,361.0,JAMESON,0.8144,1897.2,366.4,22.7,32.0,1920,1080,0.035,1908.6,382.4
Round3,Q4,361,361.0,JAMESON,0.8039,1469.8,576.9,61.9,32.9,1920,1080,0.098,1500.8,593.3
Round3,Q4,361,361.0,JAMESON,0.793,640.6,492.3,45.6,21.9,1920,1080,0.048,663.4,503.2
Round3,Q4,361,361.0,JAMESON,0.7122,295.0,362.6,46.3,18.2,1920,1080,0.041,318.2,371.7
Round3,Q4,362,362.0,EMIRATES,0.9125,1692.5,890.3,42.3,13.7,1920,1080,0.028,1713.7,897.2
Round3,Q4,362,362.0,JAMESON,0.8804,996.7,368.5,45.0,18.2,1920,1080,0.04,1019.2,377.6
Round3,Q4,362,362.0,JAMESON,0.8787,1802.7,369.5,63.4,27.8,1920,1080,0.085,1834.4,383.4
Round3,Q4,362,362.0,JAMESON,0.8707,1630.6,93.4,45.4,18.1,1920,1080,0.04,1653.3,102.5
Round3,Q4,362,362.0,JAMESON,0.8704,1242.4,369.5,45.6,19.7,1920,1080,0.043,1265.2,379.3
Round3,Q4,362,362.0,JAMESON,0.8647,1033.6,166.7,37.8,13.5,1920,1080,0.025,1052.5,173.4
Round3,Q4,362,362.0,JAMESON,0.8634,1414.1,369.3,48.3,23.1,1920,1080,0.054,1438.2,380.8
Round3,Q4,362,362.0,JAMESON,0.8622,1696.5,369.8,57.0,26.4,1920,1080,0.073,1725.0,383.0
Round3,Q4,362,362.0,JAMESON,0.8622,1502.4,369.5,53.1,24.0,1920,1080,0.061,1528.9,381.5
Round3,Q4,362,362.0,JAMESON,0.8614,919.4,367.2,41.1,18.3,1920,1080,0.036,940.0,376.4
Round3,Q4,362,362.0,JAMESON,0.8613,1279.2,547.0,55.8,30.0,1920,1080,0.081,1307.1,562.0
Round3,Q4,362,362.0,JAMESON,0.8606,1598.8,369.0,54.4,25.2,1920,1080,0.066,1626.0,381.6
Round3,Q4,362,362.0,JAMESON,0.8591,854.2,178.8,37.2,12.5,1920,1080,0.023,872.8,185.1
Round3,Q4,362,362.0,JAMESON,0.8588,1077.3,368.2,44.1,18.9,1920,1080,0.04,1099.3,377.6
Round3,Q4,362,362.0,JAMESON,0.8584,1158.0,369.3,46.7,19.1,1920,1080,0.043,1181.4,378.9
Round3,Q4,362,362.0,JAMESON,0.8568,1186.0,537.0,53.3,28.7,1920,1080,0.074,1212.6,551.3
Round3,Q4,362,362.0,JAMESON,0.8545,799.9,367.2,43.5,17.8,1920,1080,0.037,821.6,376.1
Round3,Q4,362,362.0,JAMESON,0.8535,72.4,362.1,47.5,15.6,1920,1080,0.036,96.1,369.9
Round3,Q4,362,362.0,JAMESON,0.8531,1312.5,138.4,41.4,15.0,1920,1080,0.03,1333.2,145.9
Round3,Q4,362,362.0,JAMESON,0.8499,502.5,195.7,35.8,12.7,1920,1080,0.022,520.4,202.0
Round3,Q4,362,362.0,JAMESON,0.8489,1747.2,72.0,48.6,19.8,1920,1080,0.046,1771.5,81.9
Round3,Q4,362,362.0,JAMESON,0.8488,721.0,367.1,44.2,16.4,1920,1080,0.035,743.1,375.3
Round3,Q4,362,362.0,JAMESON,0.8462,406.9,365.6,42.2,15.3,1920,1080,0.031,428.0,373.3
Round3,Q4,362,362.0,JAMESON,0.8446,764.9,184.6,36.5,12.0,1920,1080,0.021,783.1,190.6
Round3,Q4,362,362.0,JAMESON,0.844,1414.4,125.1,42.6,16.1,1920,1080,0.033,1435.7,133.1
Round3,Q4,362,362.0,JAMESON,0.8423,1325.3,369.5,49.6,21.5,1920,1080,0.051,1350.1,380.3
Round3,Q4,362,362.0,JAMESON,0.842,1123.7,158.9,37.9,13.6,1920,1080,0.025,1142.6,165.7
Round3,Q4,362,362.0,JAMESON,0.8412,563.8,365.9,44.8,17.0,1920,1080,0.037,586.2,374.4
Round3,Q4,362,362.0,JAMESON,0.8405,1380.3,561.3,58.9,31.8,1920,1080,0.09,1409.7,577.3
Round3,Q4,362,362.0,JAMESON,0.8396,242.4,363.1,45.0,16.7,1920,1080,0.036,264.9,371.5
Round3,Q4,362,362.0,JAMESON,0.8389,1878.3,45.4,41.7,23.9,1920,1080,0.048,1899.2,57.3
Round3,Q4,362,362.0,JAMESON,0.8367,639.8,366.6,47.7,17.1,1920,1080,0.039,663.7,375.2
Round3,Q4,362,362.0,JAMESON,0.8366,1218.6,149.3,38.7,14.2,1920,1080,0.027,1238.0,156.5
Round3,Q4,362,362.0,JAMESON,0.8357,416.6,480.2,46.6,19.5,1920,1080,0.044,439.9,490.0
Round3,Q4,362,362.0,JAMESON,0.8347,323.8,200.0,38.9,11.9,1920,1080,0.022,343.2,205.9
Round3,Q4,362,362.0,JAMESON,0.8318,76.2,467.3,48.9,18.7,1920,1080,0.044,100.6,476.7
Round3,Q4,362,362.0,JAMESON,0.8316,334.5,476.9,47.1,19.0,1920,1080,0.043,358.0,486.4
Round3,Q4,362,362.0,JAMESON,0.8313,139.6,201.8,39.3,11.8,1920,1080,0.022,159.2,207.7
Round3,Q4,362,362.0,JAMESON,0.8301,232.2,201.1,40.6,12.2,1920,1080,0.024,252.5,207.3
Round3,Q4,362,362.0,JAMESON,0.8294,1002.7,519.2,50.9,24.5,1920,1080,0.06,1028.2,531.4
Round3,Q4,362,362.0,JAMESON,0.8293,1516.7,111.0,45.2,16.9,1920,1080,0.037,1539.3,119.5
Round3,Q4,362,362.0,JAMESON,0.829,159.3,363.3,48.0,15.4,1920,1080,0.036,183.2,371.0
Round3,Q4,362,362.0,JAMESON,0.8288,0.0,465.4,38.0,18.7,1920,1080,0.034,19.0,474.8
Round3,Q4,362,362.0,JAMESON,0.8241,1600.6,595.8,71.7,37.9,1920,1080,0.131,1636.5,614.7
Round3,Q4,362,362.0,JAMESON,0.8238,485.2,365.6,45.0,16.7,1920,1080,0.036,507.7,373.9
Round3,Q4,362,362.0,JAMESON,0.8238,678.6,188.7,37.2,12.6,1920,1080,0.023,697.2,195.0
Round3,Q4,362,362.0,JAMESON,0.8237,831.3,504.2,48.4,23.0,1920,1080,0.054,855.5,515.7
Round3,Q4,362,362.0,JAMESON,0.8232,413.5,198.5,38.4,11.7,1920,1080,0.022,432.7,204.3
Round3,Q4,362,362.0,JAMESON,0.8213,42.9,201.8,42.5,12.1,1920,1080,0.025,64.2,207.8
Round3,Q4,362,362.0,JAMESON,0.821,499.9,483.9,47.6,20.2,1920,1080,0.046,523.6,494.0
Round3,Q4,362,362.0,JAMESON,0.8176,915.7,511.3,49.2,23.3,1920,1080,0.055,940.3,522.9
Round3,Q4,362,362.0,JAMESON,0.8101,942.0,173.9,37.6,12.4,1920,1080,0.023,960.8,180.1
Round3,Q4,362,362.0,JAMESON,0.8093,324.8,363.9,46.5,17.9,1920,1080,0.04,348.1,372.9
Round3,Q4,362,362.0,JAMESON,0.8052,1488.0,575.4,61.8,34.0,1920,1080,0.101,1518.9,592.4
Round3,Q4,362,362.0,JAMESON,0.805,250.9,474.5,45.3,18.0,1920,1080,0.039,273.6,483.5
Round3,Q4,362,362.0,JAMESON,0.7898,664.7,492.6,47.4,21.8,1920,1080,0.05,688.4,503.5
Round3,Q4,362,362.0,JAMESON,0.7836,0.0,359.8,34.5,16.5,1920,1080,0.028,17.2,368.1
Round3,Q4,363,363.0,EMIRATES,0.877,1692.1,891.8,39.5,13.7,1920,1080,0.026,1711.8,898.7
Round3,Q4,363,363.0,JAMESON,0.8736,977.6,181.0,36.9,12.7,1920,1080,0.023,996.1,187.3
Round3,Q4,363,363.0,JAMESON,0.8734,1728.3,375.2,56.0,25.2,1920,1080,0.068,1756.2,387.8
Round3,Q4,363,363.0,JAMESON,0.8673,1534.5,375.4,51.8,23.1,1920,1080,0.058,1560.4,386.9
Round3,Q4,363,363.0,JAMESON,0.864,1630.2,374.5,54.3,24.6,1920,1080,0.064,1657.3,386.9
Round3,Q4,363,363.0,JAMESON,0.8639,449.5,370.6,43.0,15.3,1920,1080,0.032,471.0,378.2
Round3,Q4,363,363.0,JAMESON,0.8632,290.2,369.3,44.2,15.7,1920,1080,0.033,312.3,377.1
Round3,Q4,363,363.0,JAMESON,0.8601,803.7,191.8,35.6,12.1,1920,1080,0.021,821.5,197.8
Round3,Q4,363,363.0,JAMESON,0.8566,1834.9,374.2,63.6,27.8,1920,1080,0.085,1866.8,388.1
Round3,Q4,363,363.0,JAMESON,0.8556,1346.8,145.3,39.2,14.8,1920,1080,0.028,1366.4,152.7
Round3,Q4,363,363.0,JAMESON,0.854,527.3,371.5,43.5,15.7,1920,1080,0.033,549.0,379.3
Round3,Q4,363,363.0,JAMESON,0.852,892.1,186.8,35.3,12.1,1920,1080,0.021,909.7,192.9
Round3,Q4,363,363.0,JAMESON,0.8499,1662.7,100.2,45.9,17.5,1920,1080,0.039,1685.6,109.0
Round3,Q4,363,363.0,JAMESON,0.8481,717.7,196.2,35.2,12.1,1920,1080,0.021,735.3,202.3
Round3,Q4,363,363.0,JAMESON,0.8471,1778.9,78.5,48.8,20.2,1920,1080,0.048,1803.3,88.6
Round3,Q4,363,363.0,JAMESON,0.846,458.0,206.5,36.1,11.2,1920,1080,0.019,476.1,212.1
Round3,Q4,363,363.0,JAMESON,0.8455,209.0,368.7,46.1,15.2,1920,1080,0.034,232.0,376.3
Round3,Q4,363,363.0,JAMESON,0.8451,680.0,371.8,44.7,16.7,1920,1080,0.036,702.4,380.2
Round3,Q4,363,363.0,JAMESON,0.8413,1445.4,375.2,50.4,21.9,1920,1080,0.053,1470.6,386.1
Round3,Q4,363,363.0,JAMESON,0.8404,760.6,372.3,42.5,16.6,1920,1080,0.034,781.8,380.6
Round3,Q4,363,363.0,JAMESON,0.8396,1358.0,374.9,48.8,21.2,1920,1080,0.05,1382.4,385.5
Round3,Q4,363,363.0,JAMESON,0.8396,1447.2,132.2,41.3,15.8,1920,1080,0.031,1467.8,140.0
Round3,Q4,363,363.0,JAMESON,0.8389,1274.0,374.4,47.1,20.6,1920,1080,0.047,1297.5,384.7
Round3,Q4,363,363.0,JAMESON,0.8372,371.7,208.5,35.6,11.5,1920,1080,0.02,389.5,214.3
Round3,Q4,363,363.0,JAMESON,0.8366,1550.0,117.6,42.5,16.5,1920,1080,0.034,1571.3,125.8
Round3,Q4,363,363.0,JAMESON,0.8354,1069.3,174.2,35.7,12.9,1920,1080,0.022,1087.1,180.7
Round3,Q4,363,363.0,JAMESON,0.8349,124.4,367.7,46.3,15.9,1920,1080,0.035,147.6,375.7
Round3,Q4,363,363.0,JAMESON,0.8349,1110.1,373.4,45.7,19.2,1920,1080,0.042,1132.9,383.0
Round3,Q4,363,363.0,JAMESON,0.8348,280.5,209.7,37.8,11.4,1920,1080,0.021,299.4,215.4
Round3,Q4,363,363.0,JAMESON,0.833,96.1,210.4,41.0,12.1,1920,1080,0.024,116.6,216.5
Round3,Q4,363,363.0,JAMESON,0.8323,1191.7,374.1,46.1,19.0,1920,1080,0.042,1214.7,383.6
Round3,Q4,363,363.0,JAMESON,0.8322,1157.2,165.9,38.7,13.3,1920,1080,0.025,1176.6,172.5
Round3,Q4,363,363.0,JAMESON,0.8321,547.1,203.3,35.3,12.7,1920,1080,0.022,564.7,209.6
Round3,Q4,363,363.0,JAMESON,0.8291,837.6,372.9,42.8,16.7,1920,1080,0.035,859.0,381.3
Round3,Q4,363,363.0,JAMESON,0.8288,950.8,514.7,49.8,23.4,1920,1080,0.056,975.7,526.4
Round3,Q4,363,363.0,JAMESON,0.8284,1253.2,156.4,37.3,14.1,1920,1080,0.025,1271.8,163.4
Round3,Q4,363,363.0,JAMESON,0.826,604.4,371.2,45.1,17.0,1920,1080,0.037,626.9,379.8
Round3,Q4,363,363.0,JAMESON,0.8241,42.1,468.5,48.1,18.1,1920,1080,0.042,66.1,477.6
Round3,Q4,363,363.0,JAMESON,0.8238,1032.1,373.5,45.1,18.4,1920,1080,0.04,1054.7,382.7
Round3,Q4,363,363.0,JAMESON,0.8236,954.1,372.3,42.3,18.2,1920,1080,0.037,975.2,381.4
Round3,Q4,363,363.0,JAMESON,0.8222,1412.9,564.8,58.2,31.3,1920,1080,0.088,1442.0,580.4
Round3,Q4,363,363.0,JAMESON,0.8217,1631.2,599.2,71.7,36.8,1920,1080,0.127,1667.0,617.6
Round3,Q4,363,363.0,JAMESON,0.821,542.0,487.8,45.1,20.1,1920,1080,0.044,564.5,497.8
Round3,Q4,363,363.0,JAMESON,0.8203,703.7,496.9,46.9,21.0,1920,1080,0.047,727.2,507.4
Round3,Q4,363,363.0,JAMESON,0.8184,1039.6,522.7,48.5,24.2,1920,1080,0.056,1063.8,534.8
Round3,Q4,363,363.0,JAMESON,0.8181,370.3,369.8,45.1,17.0,1920,1080,0.037,392.9,378.3
Round3,Q4,363,363.0,JAMESON,0.8177,1310.5,550.7,57.5,30.0,1920,1080,0.083,1339.3,565.7
Round3,Q4,363,363.0,JAMESON,0.8174,868.6,507.8,47.7,22.4,1920,1080,0.052,892.5,519.0
Round3,Q4,363,363.0,JAMESON,0.8174,1.1,210.0,40.2,11.7,1920,1080,0.023,21.2,215.8
Round3,Q4,363,363.0,JAMESON,0.8168,190.5,210.5,37.4,11.6,1920,1080,0.021,209.3,216.4
Round3,Q4,363,363.0,JAMESON,0.8153,38.6,366.1,48.6,15.8,1920,1080,0.037,62.9,374.0
Round3,Q4,363,363.0,JAMESON,0.8148,379.1,480.9,45.8,18.2,1920,1080,0.04,402.1,490.0
Round3,Q4,363,363.0,JAMESON,0.8129,459.3,483.4,47.1,19.7,1920,1080,0.045,482.8,493.2
Round3,Q4,363,363.0,JAMESON,0.811,1520.6,579.2,62.6,34.3,1920,1080,0.104,1551.9,596.3
Round3,Q4,363,363.0,JAMESON,0.8091,1219.2,541.5,52.1,26.7,1920,1080,0.067,1245.2,554.9
Round3,Q4,363,363.0,JAMESON,0.8073,128.5,471.3,47.3,18.2,1920,1080,0.042,152.1,480.4
Round3,Q4,363,363.0,JAMESON,0.7983,296.0,477.8,47.1,18.7,1920,1080,0.042,319.5,487.1
Round3,Q4,363,363.0,JAMESON,0.5601,1910.7,56.4,9.3,22.8,1920,1080,0.01,1915.4,67.8
Round3,Q4,363,363.0,JAMESON,0.4409,0.0,467.8,9.6,23.0,1920,1080,0.011,4.8,479.4
Round3,Q4,364,364.0,JAMESON,0.8867,867.3,195.0,36.9,11.9,1920,1080,0.021,885.8,200.9
Round3,Q4,364,364.0,EMIRATES,0.8866,1696.8,890.1,42.0,14.0,1920,1080,0.028,1717.8,897.1
Round3,Q4,364,364.0,JAMESON,0.8816,1739.0,383.4,55.6,25.5,1920,1080,0.068,1766.9,396.1
Round3,Q4,364,364.0,JAMESON,0.8806,1842.9,383.3,61.6,27.2,1920,1080,0.081,1873.7,396.9
Round3,Q4,364,364.0,JAMESON,0.8781,1634.9,383.8,53.8,24.7,1920,1080,0.064,1661.9,396.2
Round3,Q4,364,364.0,JAMESON,0.8732,1446.7,384.0,52.3,22.0,1920,1080,0.055,1472.9,395.0
Round3,Q4,364,364.0,JAMESON,0.8622,581.1,381.1,45.3,15.9,1920,1080,0.035,603.7,389.1
Round3,Q4,364,364.0,JAMESON,0.862,1541.4,384.4,51.3,23.3,1920,1080,0.057,1567.0,396.0
Round3,Q4,364,364.0,JAMESON,0.8583,662.5,381.7,43.1,16.8,1920,1080,0.035,684.0,390.0
Round3,Q4,364,364.0,JAMESON,0.8574,139.4,215.5,41.3,12.3,1920,1080,0.025,160.1,221.6
Round3,Q4,364,364.0,JAMESON,0.8565,1048.6,182.7,39.2,13.7,1920,1080,0.026,1068.2,189.5
Round3,Q4,364,364.0,JAMESON,0.8556,823.2,381.3,42.6,17.6,1920,1080,0.036,844.5,390.1
Round3,Q4,364,364.0,JAMESON,0.8528,236.2,214.9,37.7,12.3,1920,1080,0.022,255.1,221.1
Round3,Q4,364,364.0,JAMESON,0.852,43.3,215.7,38.7,11.7,1920,1080,0.022,62.6,221.5
Round3,Q4,364,364.0,JAMESON,0.8516,902.4,382.1,44.5,18.2,1920,1080,0.039,924.6,391.2
Round3,Q4,364,364.0,JAMESON,0.8503,1505.5,582.8,59.7,32.5,1920,1080,0.094,1535.4,599.1
Round3,Q4,364,364.0,JAMESON,0.8494,739.3,381.5,45.9,17.5,1920,1080,0.039,762.2,390.2
Round3,Q4,364,364.0,JAMESON,0.849,1237.0,166.2,38.6,14.0,1920,1080,0.026,1256.2,173.2
Round3,Q4,364,364.0,JAMESON,0.849,1360.3,384.1,48.3,20.4,1920,1080,0.048,1384.5,394.3
Round3,Q4,364,364.0,JAMESON,0.8488,1398.2,569.0,58.8,30.0,1920,1080,0.085,1427.6,584.1
Round3,Q4,364,364.0,JAMESON,0.8481,1270.7,383.7,49.4,20.4,1920,1080,0.049,1295.4,393.9
Round3,Q4,364,364.0,JAMESON,0.8478,1336.8,155.5,39.2,15.3,1920,1080,0.029,1356.4,163.1
Round3,Q4,364,364.0,JAMESON,0.8471,1772.1,94.0,49.5,19.5,1920,1080,0.047,1796.8,103.7
Round3,Q4,364,364.0,JAMESON,0.8452,1143.8,175.1,38.6,14.3,1920,1080,0.027,1163.2,182.2
Round3,Q4,364,364.0,JAMESON,0.8451,1542.4,129.8,44.0,16.5,1920,1080,0.035,1564.4,138.1
Round3,Q4,364,364.0,JAMESON,0.8447,1739.5,619.8,74.7,38.4,1920,1080,0.138,1776.8,639.0
Round3,Q4,364,364.0,JAMESON,0.8423,338.8,379.7,43.0,15.9,1920,1080,0.033,360.3,387.7
Round3,Q4,364,364.0,JAMESON,0.8421,1434.4,144.0,42.8,15.3,1920,1080,0.032,1455.8,151.7
Round3,Q4,364,364.0,JAMESON,0.8421,959.0,189.1,37.1,12.4,1920,1080,0.022,977.5,195.3
Round3,Q4,364,364.0,JAMESON,0.8404,1021.2,529.8,50.7,24.7,1920,1080,0.06,1046.6,542.2
Round3,Q4,364,364.0,JAMESON,0.8367,1651.1,114.2,46.4,17.2,1920,1080,0.039,1674.3,122.8
Round3,Q4,364,364.0,JAMESON,0.8366,509.7,210.4,37.1,11.8,1920,1080,0.021,528.2,216.3
Round3,Q4,364,364.0,JAMESON,0.836,1300.3,557.1,56.5,29.9,1920,1080,0.082,1328.5,572.1
Round3,Q4,364,364.0,JAMESON,0.8358,779.4,198.9,35.2,12.6,1920,1080,0.021,797.0,205.2
Round3,Q4,364,364.0,JAMESON,0.8357,1188.1,383.2,45.7,19.6,1920,1080,0.043,1211.0,393.0
Round3,Q4,364,364.0,JAMESON,0.8355,1024.1,381.7,43.2,19.1,1920,1080,0.04,1045.7,391.3
Round3,Q4,364,364.0,JAMESON,0.8349,1112.2,537.3,49.7,25.7,1920,1080,0.062,1137.1,550.2
Round3,Q4,364,364.0,JAMESON,0.8343,344.3,491.0,46.0,19.1,1920,1080,0.042,367.3,500.5
Round3,Q4,364,364.0,JAMESON,0.8338,601.3,207.4,35.0,12.4,1920,1080,0.021,618.8,213.6
Round3,Q4,364,364.0,JAMESON,0.8337,513.0,497.6,45.3,19.3,1920,1080,0.042,535.6,507.3
Round3,Q4,364,364.0,JAMESON,0.8305,502.5,380.8,42.3,15.5,1920,1080,0.032,523.7,388.5
Round3,Q4,364,364.0,JAMESON,0.83,420.9,212.8,37.6,11.5,1920,1080,0.021,439.7,218.5
Round3,Q4,364,364.0,JAMESON,0.8294,328.0,214.1,39.2,12.2,1920,1080,0.023,347.6,220.2
Round3,Q4,364,364.0,JAMESON,0.8277,935.4,522.2,47.6,24.0,1920,1080,0.055,959.2,534.2
Round3,Q4,364,364.0,JAMESON,0.8249,168.2,377.6,46.2,16.5,1920,1080,0.037,191.3,385.9
Round3,Q4,364,364.0,JAMESON,0.8243,252.1,378.4,48.3,16.0,1920,1080,0.037,276.2,386.4
Round3,Q4,364,364.0,JAMESON,0.8242,418.8,379.5,46.6,17.8,1920,1080,0.04,442.1,388.4
Round3,Q4,364,364.0,JAMESON,0.8227,84.4,481.7,46.8,18.3,1920,1080,0.041,107.8,490.8
Round3,Q4,364,364.0,JAMESON,0.8215,1104.2,383.2,46.6,18.8,1920,1080,0.042,1127.5,392.6
Round3,Q4,364,364.0,JAMESON,0.8206,0.0,376.0,38.4,15.2,1920,1080,0.028,19.2,383.6
Round3,Q4,364,364.0,JAMESON,0.8099,80.5,376.1,48.4,16.8,1920,1080,0.039,104.7,384.5
Round3,Q4,364,364.0,JAMESON,0.8076,172.7,484.2,46.7,18.9,1920,1080,0.043,196.1,493.6
Round3,Q4,364,364.0,JAMESON,0.8074,0.1,479.3,48.8,19.2,1920,1080,0.045,24.4,488.9
Round3,Q4,364,364.0,JAMESON,0.8063,596.3,500.8,45.8,20.4,1920,1080,0.045,619.2,511.0
Round3,Q4,364,364.0,JAMESON,0.8024,763.7,510.9,47.6,21.8,1920,1080,0.05,787.5,521.8
Round3,Q4,364,364.0,JAMESON,0.7947,1620.4,598.6,64.2,33.8,1920,1080,0.105,1652.5,615.5
Round3,Q4,364,364.0,JAMESON,0.7889,428.0,494.4,46.0,18.4,1920,1080,0.041,451.0,503.6
Round3,Q4,364,364.0,JAMESON,0.7661,1897.7,73.0,22.2,20.6,1920,1080,0.022,1908.8,83.3
Round3,Q4,365,365.0,EMIRATES,0.8897,1692.3,890.8,42.0,14.0,1920,1080,0.028,1713.3,897.8
Round3,Q4,365,365.0,JAMESON,0.8717,1489.0,293.6,60.0,23.9,1920,1080,0.069,1518.9,305.5
Round3,Q4,365,365.0,JAMESON,0.8698,1211.2,43.3,46.2,18.3,1920,1080,0.041,1234.3,52.4
Round3,Q4,365,365.0,JAMESON,0.8696,1177.6,292.5,53.9,22.8,1920,1080,0.059,1204.5,303.9
Round3,Q4,365,365.0,JAMESON,0.8692,29.1,413.5,58.8,21.7,1920,1080,0.061,58.5,424.3
Round3,Q4,365,365.0,JAMESON,0.8692,1277.7,293.5,57.8,23.0,1920,1080,0.064,1306.6,305.0
Round3,Q4,365,365.0,JAMESON,0.8685,1027.7,292.5,54.0,22.7,1920,1080,0.059,1054.7,303.9
Round3,Q4,365,365.0,JAMESON,0.8631,1523.3,510.4,69.0,34.3,1920,1080,0.114,1557.8,527.6
Round3,Q4,365,365.0,JAMESON,0.8628,1174.6,475.5,59.9,29.3,1920,1080,0.085,1204.6,490.1
Round3,Q4,365,365.0,JAMESON,0.8617,828.6,292.5,55.1,20.6,1920,1080,0.055,856.1,302.8
Round3,Q4,365,365.0,JAMESON,0.8602,1384.6,292.8,55.9,24.1,1920,1080,0.065,1412.5,304.9
Round3,Q4,365,365.0,JAMESON,0.8587,877.1,66.7,44.0,17.0,1920,1080,0.036,899.1,75.2
Round3,Q4,365,365.0,JAMESON,0.8584,1286.2,484.9,62.1,31.5,1920,1080,0.094,1317.3,500.6
Round3,Q4,365,365.0,JAMESON,0.8551,1712.6,292.4,65.5,27.1,1920,1080,0.086,1745.3,305.9
Round3,Q4,365,365.0,JAMESON,0.8541,1647.4,524.9,76.1,36.7,1920,1080,0.135,1685.4,543.2
Round3,Q4,365,365.0,JAMESON,0.8516,1067.7,465.9,58.3,28.6,1920,1080,0.08,1096.8,480.2
Round3,Q4,365,365.0,JAMESON,0.8508,24.6,284.1,58.2,18.9,1920,1080,0.053,53.7,293.5
Round3,Q4,365,365.0,JAMESON,0.8501,1601.6,293.1,60.3,24.8,1920,1080,0.072,1631.8,305.5
Round3,Q4,365,365.0,JAMESON,0.8496,635.2,291.1,52.7,19.6,1920,1080,0.05,661.6,300.9
Round3,Q4,365,365.0,JAMESON,0.8495,1786.7,543.3,76.6,37.8,1920,1080,0.14,1825.0,562.2
Round3,Q4,365,365.0,JAMESON,0.8479,235.4,287.4,55.6,18.7,1920,1080,0.05,263.2,296.7
Round3,Q4,365,365.0,JAMESON,0.8473,1328.9,33.3,48.4,18.7,1920,1080,0.044,1353.1,42.7
Round3,Q4,365,365.0,JAMESON,0.8473,137.9,416.6,57.2,23.2,1920,1080,0.064,166.5,428.2
Round3,Q4,365,365.0,JAMESON,0.8431,734.6,291.7,51.1,20.3,1920,1080,0.05,760.1,301.8
Round3,Q4,365,365.0,JAMESON,0.8412,547.0,79.9,46.9,17.2,1920,1080,0.039,570.4,88.5
Round3,Q4,365,365.0,JAMESON,0.8402,1446.2,21.1,50.0,18.8,1920,1080,0.045,1471.2,30.5
Round3,Q4,365,365.0,JAMESON,0.8398,538.7,290.6,50.6,19.1,1920,1080,0.047,564.0,300.1
Round3,Q4,365,365.0,JAMESON,0.8385,930.3,292.3,52.8,21.3,1920,1080,0.054,956.7,303.0
Round3,Q4,365,365.0,JAMESON,0.836,1836.1,290.9,66.4,28.1,1920,1080,0.09,1869.2,304.9
Round3,Q4,365,365.0,JAMESON,0.8357,437.4,82.5,47.0,16.8,1920,1080,0.038,460.9,90.9
Round3,Q4,365,365.0,JAMESON,0.8355,346.6,425.7,55.3,23.7,1920,1080,0.063,374.2,437.5
Round3,Q4,365,365.0,JAMESON,0.8345,132.7,285.4,54.7,19.6,1920,1080,0.052,160.0,295.2
Round3,Q4,365,365.0,JAMESON,0.8339,984.5,60.1,46.7,17.5,1920,1080,0.039,1007.8,68.8
Round3,Q4,365,365.0,JAMESON,0.8332,1098.0,52.8,46.7,16.9,1920,1080,0.038,1121.4,61.2
Round3,Q4,365,365.0,JAMESON,0.8302,212.8,86.3,49.2,16.8,1920,1080,0.04,237.4,94.7
Round3,Q4,365,365.0,JAMESON,0.8302,658.4,76.2,45.6,17.5,1920,1080,0.039,681.2,85.0
Round3,Q4,365,365.0,JAMESON,0.8296,339.1,287.8,52.8,20.5,1920,1080,0.052,365.5,298.0
Round3,Q4,365,365.0,JAMESON,0.8286,1573.8,6.2,51.8,19.5,1920,1080,0.049,1599.7,16.0
Round3,Q4,365,365.0,JAMESON,0.8266,858.9,450.7,57.0,26.5,1920,1080,0.073,887.4,463.9
Round3,Q4,365,365.0,JAMESON,0.8222,325.3,84.5,46.8,17.3,1920,1080,0.039,348.6,93.2
Round3,Q4,365,365.0,JAMESON,0.8216,436.9,289.5,55.5,20.5,1920,1080,0.055,464.6,299.7
Round3,Q4,365,365.0,JAMESON,0.8158,95.7,85.8,50.0,16.8,1920,1080,0.04,120.6,94.2
Round3,Q4,365,365.0,JAMESON,0.8127,552.5,433.7,52.6,23.1,1920,1080,0.059,578.8,445.2
Round3,Q4,365,365.0,JAMESON,0.812,653.6,439.2,53.8,24.5,1920,1080,0.064,680.5,451.4
Round3,Q4,365,365.0,JAMESON,0.8077,448.9,429.7,55.5,23.5,1920,1080,0.063,476.6,441.4
Round3,Q4,365,365.0,JAMESON,0.8069,0.0,84.8,26.9,16.5,1920,1080,0.021,13.5,93.0
Round3,Q4,365,365.0,JAMESON,0.5371,243.1,420.5,54.3,23.3,1920,1080,0.061,270.3,432.2
Round3,Q4,365,365.0,JAMESON,0.4828,764.9,71.8,39.9,16.3,1920,1080,0.031,784.8,80.0
Round3,Q4,366,366.0,JAMESON,0.8847,1835.0,246.9,68.0,28.5,1920,1080,0.093,1869.0,261.1
Round3,Q4,366,366.0,JAMESON,0.881,1590.7,249.9,64.7,25.6,1920,1080,0.08,1623.1,262.6
Round3,Q4,366,366.0,JAMESON,0.8789,49.4,378.6,61.8,21.7,1920,1080,0.065,80.3,389.4
Round3,Q4,366,366.0,JAMESON,0.876,1366.4,251.4,58.9,23.4,1920,1080,0.066,1395.9,263.1
Round3,Q4,366,366.0,JAMESON,0.8717,1713.8,248.4,63.0,26.6,1920,1080,0.081,1745.4,261.7
Round3,Q4,366,366.0,JAMESON,0.8696,1479.3,250.4,57.7,24.7,1920,1080,0.069,1508.1,262.8
Round3,Q4,366,366.0,JAMESON,0.8694,702.8,407.8,58.2,24.4,1920,1080,0.069,731.9,420.0
Round3,Q4,366,366.0,JAMESON,0.8676,489.1,397.4,56.2,23.0,1920,1080,0.062,517.2,408.9
Round3,Q4,366,366.0,JAMESON,0.8666,1374.3,456.2,65.5,31.1,1920,1080,0.098,1407.1,471.7
Round3,Q4,366,366.0,JAMESON,0.8653,154.8,244.5,58.6,18.6,1920,1080,0.053,184.1,253.8
Round3,Q4,366,366.0,JAMESON,0.8645,582.3,250.1,53.0,17.7,1920,1080,0.045,608.8,259.0
Round3,Q4,366,366.0,JAMESON,0.864,888.8,251.7,56.2,20.1,1920,1080,0.055,917.0,261.8
Round3,Q4,366,366.0,JAMESON,0.8627,596.7,401.3,56.6,23.6,1920,1080,0.065,625.1,413.1
Round3,Q4,366,366.0,JAMESON,0.8605,371.7,248.0,55.0,18.2,1920,1080,0.048,399.3,257.1
Round3,Q4,366,366.0,JAMESON,0.8597,381.3,393.6,58.0,22.1,1920,1080,0.062,410.3,404.6
Round3,Q4,366,366.0,JAMESON,0.8594,1053.8,3.6,47.0,15.3,1920,1080,0.035,1077.3,11.2
Round3,Q4,366,366.0,JAMESON,0.8587,263.7,246.4,58.5,18.1,1920,1080,0.051,293.0,255.4
Round3,Q4,366,366.0,JAMESON,0.8556,1253.3,444.9,66.1,30.8,1920,1080,0.098,1286.4,460.3
Round3,Q4,366,366.0,JAMESON,0.8553,1259.5,251.5,54.4,21.5,1920,1080,0.056,1286.7,262.2
Round3,Q4,366,366.0,JAMESON,0.8545,1627.1,480.9,73.5,35.8,1920,1080,0.127,1663.8,498.8
Round3,Q4,366,366.0,JAMESON,0.8521,1099.1,252.3,56.8,21.1,1920,1080,0.058,1127.5,262.8
Round3,Q4,366,366.0,JAMESON,0.8485,161.9,383.1,59.8,22.0,1920,1080,0.064,191.8,394.1
Round3,Q4,366,366.0,JAMESON,0.8484,938.1,11.0,47.5,15.2,1920,1080,0.035,961.8,18.6
Round3,Q4,366,366.0,JAMESON,0.8473,1763.0,496.2,78.9,38.3,1920,1080,0.146,1802.5,515.3
Round3,Q4,366,366.0,JAMESON,0.8467,684.0,250.8,55.8,19.0,1920,1080,0.051,711.9,260.3
Round3,Q4,366,366.0,JAMESON,0.8462,356.9,31.0,49.3,15.7,1920,1080,0.037,381.5,38.9
Round3,Q4,366,366.0,JAMESON,0.846,789.1,251.6,53.8,18.7,1920,1080,0.049,816.0,261.0
Round3,Q4,366,366.0,JAMESON,0.8455,236.8,31.9,50.2,15.3,1920,1080,0.037,261.9,39.6
Round3,Q4,366,366.0,JAMESON,0.8449,705.4,22.7,48.3,14.9,1920,1080,0.035,729.5,30.1
Round3,Q4,366,366.0,JAMESON,0.8445,42.9,242.6,60.4,17.2,1920,1080,0.05,73.1,251.3
Round3,Q4,366,366.0,JAMESON,0.84,114.6,32.2,52.5,14.8,1920,1080,0.038,140.8,39.7
Round3,Q4,366,366.0,JAMESON,0.8354,920.0,420.1,53.0,25.9,1920,1080,0.066,946.5,433.1
Round3,Q4,366,366.0,JAMESON,0.8323,589.1,26.6,48.0,14.3,1920,1080,0.033,613.1,33.7
Round3,Q4,366,366.0,JAMESON,0.8292,1142.3,436.5,60.6,28.2,1920,1080,0.082,1172.6,450.6
Round3,Q4,366,366.0,JAMESON,0.8287,995.9,252.5,54.7,19.2,1920,1080,0.051,1023.3,262.1
Round3,Q4,366,366.0,EMIRATES,0.8256,1702.2,898.4,41.1,15.0,1920,1080,0.03,1722.8,905.9
Round3,Q4,366,366.0,JAMESON,0.8245,477.0,248.8,56.3,18.7,1920,1080,0.051,505.1,258.2
Round3,Q4,366,366.0,JAMESON,0.8234,473.6,29.2,49.4,15.0,1920,1080,0.036,498.3,36.8
Round3,Q4,366,366.0,JAMESON,0.8171,0.0,31.4,42.5,14.9,1920,1080,0.031,21.3,38.8
Round3,Q4,366,366.0,JAMESON,0.8145,1175.6,2.2,47.1,9.7,1920,1080,0.022,1199.1,7.1
Round3,Q4,366,366.0,JAMESON,0.7729,819.5,17.4,42.2,14.7,1920,1080,0.03,840.6,24.7
Round3,Q4,366,366.0,JAMESON,0.7473,809.8,414.2,49.5,23.9,1920,1080,0.057,834.6,426.1
Round3,Q4,367,367.0,JAMESON,0.8641,217.8,382.4,55.5,16.9,1920,1080,0.045,245.6,390.9
Round3,Q4,367,367.0,JAMESON,0.8624,1489.9,99.7,41.4,12.9,1920,1080,0.026,1510.6,106.1
Round3,Q4,367,367.0,JAMESON,0.8558,1395.2,107.6,40.5,12.5,1920,1080,0.024,1415.4,113.9
Round3,Q4,367,367.0,JAMESON,0.851,86.3,145.1,40.2,10.9,1920,1080,0.021,106.4,150.5
Round3,Q4,367,367.0,JAMESON,0.8508,1820.8,292.7,58.9,19.4,1920,1080,0.055,1850.3,302.4
Round3,Q4,367,367.0,JAMESON,0.8432,734.3,394.7,43.7,17.3,1920,1080,0.036,756.1,403.3
Round3,Q4,367,367.0,JAMESON,0.8431,1848.7,472.8,67.8,30.0,1920,1080,0.098,1882.6,487.8
Round3,Q4,367,367.0,JAMESON,0.8422,1643.3,451.5,56.7,25.7,1920,1080,0.07,1671.6,464.3
Round3,Q4,367,367.0,JAMESON,0.8414,1548.9,443.8,54.4,24.5,1920,1080,0.064,1576.1,456.0
Round3,Q4,367,367.0,JAMESON,0.8407,1636.5,294.3,54.9,18.4,1920,1080,0.049,1664.0,303.5
Round3,Q4,367,367.0,JAMESON,0.8393,1425.3,295.3,50.4,17.2,1920,1080,0.042,1450.5,303.9
Round3,Q4,367,367.0,JAMESON,0.8383,260.8,291.7,47.4,13.2,1920,1080,0.03,284.6,298.3
Round3,Q4,367,367.0,JAMESON,0.8383,114.1,382.1,57.5,16.3,1920,1080,0.045,142.9,390.3
Round3,Q4,367,367.0,JAMESON,0.8373,491.5,387.4,45.0,16.1,1920,1080,0.035,514.1,395.5
Round3,Q4,367,367.0,JAMESON,0.8364,963.1,404.8,46.7,17.8,1920,1080,0.04,986.4,413.7
Round3,Q4,367,367.0,JAMESON,0.8351,1283.8,423.1,51.7,21.0,1920,1080,0.052,1309.6,433.6
Round3,Q4,367,367.0,JAMESON,0.8328,1107.9,296.2,46.9,15.1,1920,1080,0.034,1131.3,303.7
Round3,Q4,367,367.0,JAMESON,0.8318,1120.0,412.3,49.3,20.3,1920,1080,0.048,1144.6,422.4
Round3,Q4,367,367.0,JAMESON,0.8304,655.2,391.5,46.0,17.0,1920,1080,0.038,678.2,399.9
Round3,Q4,367,367.0,JAMESON,0.8304,1584.6,90.4,43.5,13.4,1920,1080,0.028,1606.3,97.1
Round3,Q4,367,367.0,JAMESON,0.8276,0.0,287.9,46.9,15.2,1920,1080,0.034,23.4,295.5
Round3,Q4,367,367.0,JAMESON,0.8257,803.1,295.3,46.9,14.5,1920,1080,0.033,826.6,302.5
Round3,Q4,367,367.0,JAMESON,0.8251,10.1,381.1,57.0,16.9,1920,1080,0.046,38.5,389.6
Round3,Q4,367,367.0,JAMESON,0.8247,453.5,148.9,39.1,10.5,1920,1080,0.02,473.1,154.1
Round3,Q4,367,367.0,JAMESON,0.8246,275.6,149.5,39.9,10.0,1920,1080,0.019,295.6,154.5
Round3,Q4,367,367.0,JAMESON,0.8238,1189.0,296.4,42.5,15.1,1920,1080,0.031,1210.3,303.9
Round3,Q4,367,367.0,JAMESON,0.8228,1791.2,65.5,48.0,14.9,1920,1080,0.034,1815.2,73.0
Round3,Q4,367,367.0,JAMESON,0.8221,1551.6,294.0,51.6,19.1,1920,1080,0.047,1577.4,303.5
Round3,Q4,367,367.0,JAMESON,0.8208,1456.6,435.6,53.0,22.7,1920,1080,0.058,1483.1,447.0
Round3,Q4,367,367.0,JAMESON,0.82,887.8,401.3,44.0,18.6,1920,1080,0.039,909.8,410.6
Round3,Q4,367,367.0,JAMESON,0.8194,1730.0,293.6,53.7,19.0,1920,1080,0.049,1756.8,303.1
Round3,Q4,367,367.0,JAMESON,0.8174,1686.9,79.0,44.6,14.8,1920,1080,0.032,1709.2,86.4
Round3,Q4,367,367.0,JAMESON,0.8171,341.8,292.4,48.3,13.3,1920,1080,0.031,366.0,299.0
Round3,Q4,367,367.0,JAMESON,0.8157,624.5,146.3,35.7,10.7,1920,1080,0.018,642.4,151.7
Round3,Q4,367,367.0,JAMESON,0.8152,319.2,384.0,48.2,15.4,1920,1080,0.036,343.3,391.7
Round3,Q4,367,367.0,JAMESON,0.8108,1346.3,296.0,47.2,16.1,1920,1080,0.037,1369.9,304.1
Round3,Q4,367,367.0,JAMESON,0.8102,706.4,143.7,40.3,11.5,1920,1080,0.022,726.5,149.5
Round3,Q4,367,367.0,JAMESON,0.8066,1042.6,130.7,40.5,11.6,1920,1080,0.023,1062.8,136.5
Round3,Q4,367,367.0,JAMESON,0.8066,1034.8,295.9,42.8,14.9,1920,1080,0.031,1056.2,303.4
Round3,Q4,367,367.0,JAMESON,0.806,580.5,389.5,46.0,16.3,1920,1080,0.036,603.5,397.6
Round3,Q4,367,367.0,JAMESON,0.8051,86.9,289.3,49.6,14.1,1920,1080,0.034,111.7,296.4
Round3,Q4,367,367.0,JAMESON,0.8046,1307.1,114.2,37.4,12.7,1920,1080,0.023,1325.8,120.5
Round3,Q4,367,367.0,JAMESON,0.7993,1043.2,408.7,47.1,18.1,1920,1080,0.041,1066.8,417.7
Round3,Q4,367,367.0,JAMESON,0.7988,881.9,296.1,43.2,14.8,1920,1080,0.031,903.5,303.4
Round3,Q4,367,367.0,JAMESON,0.7987,960.3,134.9,37.2,11.3,1920,1080,0.02,978.9,140.6
Round3,Q4,367,367.0,JAMESON,0.7986,791.7,141.3,36.8,11.3,1920,1080,0.02,810.1,146.9
Round3,Q4,367,367.0,JAMESON,0.7971,731.2,295.1,43.2,14.7,1920,1080,0.031,752.8,302.4
Round3,Q4,367,367.0,JAMESON,0.7907,406.1,385.5,50.5,17.0,1920,1080,0.041,431.4,394.0
Round3,Q4,367,367.0,JAMESON,0.7851,364.3,149.1,41.9,11.0,1920,1080,0.022,385.3,154.6
Round3,Q4,367,367.0,JAMESON,0.7811,579.0,294.3,42.7,13.6,1920,1080,0.028,600.4,301.1
Round3,Q4,367,367.0,JAMESON,0.78,1130.8,126.0,39.3,12.6,1920,1080,0.024,1150.5,132.3
Round3,Q4,367,367.0,JAMESON,0.7797,424.1,293.1,44.9,13.8,1920,1080,0.03,446.6,299.9
Round3,Q4,367,367.0,JAMESON,0.7686,874.8,138.0,39.5,11.5,1920,1080,0.022,894.6,143.7
Round3,Q4,367,367.0,JAMESON,0.7635,653.7,294.6,44.6,13.5,1920,1080,0.029,676.0,301.3
Round3,Q4,367,367.0,JAMESON,0.762,538.3,147.6,40.4,11.1,1920,1080,0.022,558.5,153.1
Round3,Q4,367,367.0,JAMESON,0.7308,953.2,294.9,50.1,16.6,1920,1080,0.04,978.3,303.2
Round3,Q4,367,367.0,JAMESON,0.7274,500.5,293.0,46.0,14.7,1920,1080,0.033,523.5,300.4
Round3,Q4,367,367.0,JAMESON,0.7138,1203.1,418.0,46.0,19.0,1920,1080,0.042,1226.1,427.5
Round3,Q4,367,367.0,JAMESON,0.7042,0.0,141.6,29.0,12.3,1920,1080,0.017,14.5,147.8
Round3,Q4,367,367.0,JAMESON,0.6969,1274.4,296.6,36.6,14.8,1920,1080,0.026,1292.7,304.0
Round3,Q4,367,367.0,JAMESON,0.6716,808.8,397.9,44.6,17.5,1920,1080,0.038,831.2,406.7
Round3,Q4,367,367.0,JAMESON,0.592,1904.3,50.9,15.7,20.2,1920,1080,0.015,1912.1,61.0
Round3,Q4,367,367.0,JAMESON,0.5478,1216.5,120.4,38.8,11.9,1920,1080,0.022,1236.0,126.3
Round3,Q4,368,368.0,JAMESON,0.802,1848.8,2.3,71.2,27.6,1920,1080,0.095,1884.4,16.1
Round3,Q4,368,368.0,JAMESON,0.5907,1515.4,1.9,81.9,18.7,1920,1080,0.074,1556.4,11.3
Round3,Q4,369,369.0,EMIRATES,0.8929,1034.7,387.5,34.7,14.3,1920,1080,0.024,1052.0,394.7
Round3,Q4,369,369.0,EMIRATES,0.805,721.9,241.4,37.5,10.4,1920,1080,0.019,740.6,246.6
Round3,Q4,370,370.0,EMIRATES,0.8119,884.9,260.8,92.1,47.5,1920,1080,0.211,930.9,284.6
Round3,Q4,371,371.0,EMIRATES,0.9119,926.5,345.0,89.3,34.5,1920,1080,0.149,971.2,362.2
Round3,Q4,372,372.0,EMIRATES,0.9182,972.5,412.7,85.9,32.7,1920,1080,0.136,1015.5,429.1
Round3,Q4,372,372.0,EMIRATES,0.8855,1604.9,376.1,100.5,30.9,1920,1080,0.15,1655.1,391.6
Round3,Q4,373,373.0,EMIRATES,0.9121,879.8,436.2,88.1,32.9,1920,1080,0.14,923.8,452.6
Round3,Q4,374,374.0,EMIRATES,0.9162,910.5,412.6,90.9,35.2,1920,1080,0.154,955.9,430.1
Round3,Q4,374,374.0,EMIRATES,0.9035,659.8,400.5,69.9,31.0,1920,1080,0.105,694.7,416.0
Round3,Q4,375,375.0,EMIRATES,0.9121,329.3,385.1,89.8,37.9,1920,1080,0.164,374.2,404.1
Round3,Q4,375,375.0,EMIRATES,0.9066,890.3,423.8,94.1,35.9,1920,1080,0.163,937.4,441.8
Round3,Q4,376,376.0,EMIRATES,0.91,93.5,354.4,80.5,31.1,1920,1080,0.121,133.7,370.0
Round3,Q4,376,376.0,EMIRATES,0.9018,913.1,429.4,93.9,34.4,1920,1080,0.156,960.0,446.6
Round3,Q4,377,377.0,EMIRATES,0.4389,794.5,733.1,12.4,61.9,1920,1080,0.037,800.7,764.1
Round3,Q4,378,378.0,EMIRATES,0.5944,354.3,762.9,12.6,64.1,1920,1080,0.039,360.6,794.9
Round3,Q4,378,378.0,EMIRATES,0.5196,577.2,738.6,13.5,70.3,1920,1080,0.046,583.9,773.7
Round3,Q4,379,379.0,EMIRATES,0.4545,553.0,741.7,13.0,77.3,1920,1080,0.048,559.5,780.3
Round3,Q4,379,379.0,EMIRATES,0.3899,309.0,764.3,13.6,74.7,1920,1080,0.049,315.8,801.6
Round3,Q4,379,379.0,EMIRATES,0.3353,774.5,730.4,12.7,74.8,1920,1080,0.046,780.9,767.8
Round3,Q4,379,379.0,EMIRATES,0.3011,974.7,725.4,12.8,65.2,1920,1080,0.04,981.1,757.9
Round3,Q4,380,380.0,EMIRATES,0.591,271.3,768.8,16.2,84.4,1920,1080,0.066,279.4,811.0
Round3,Q4,380,380.0,EMIRATES,0.5711,990.6,727.6,14.1,73.9,1920,1080,0.05,997.6,764.6
Round3,Q4,380,380.0,EMIRATES,0.4925,774.9,735.1,15.5,81.8,1920,1080,0.061,782.6,776.0
Round3,Q4,380,380.0,EMIRATES,0.413,535.4,748.0,13.7,82.9,1920,1080,0.055,542.2,789.4
Round3,Q4,381,381.0,EMIRATES,0.6563,168.8,998.0,19.5,79.1,1920,1080,0.075,178.6,1037.6
Round3,Q4,383,383.0,EMIRATES,0.866,1018.8,438.5,150.7,55.4,1920,1080,0.403,1094.2,466.2
Round3,Q4,383,383.0,EMIRATES,0.837,207.4,463.4,191.6,49.5,1920,1080,0.457,303.2,488.2
Round3,Q4,384,384.0,EMIRATES,0.8668,1141.3,461.0,133.1,86.0,1920,1080,0.552,1207.8,504.0
Round3,Q4,384,384.0,EMIRATES,0.819,739.5,411.4,208.3,70.0,1920,1080,0.703,843.6,446.4
Round3,Q4,387,387.0,EMIRATES,0.8837,510.0,322.5,256.4,79.0,1920,1080,0.976,638.2,362.0
Round3,Q4,388,388.0,EMIRATES,0.8676,1285.9,430.5,236.6,78.8,1920,1080,0.899,1404.2,469.9
Round3,Q4,389,389.0,EMIRATES,0.8982,1290.7,471.5,219.9,76.1,1920,1080,0.807,1400.6,509.6
Round3,Q4,390,390.0,EMIRATES,0.8655,1524.5,329.7,249.3,60.1,1920,1080,0.723,1649.1,359.7
Round3,Q4,390,390.0,EMIRATES,0.8588,676.4,524.5,69.0,58.8,1920,1080,0.196,711.0,553.9
Round3,Q4,390,390.0,EMIRATES,0.8302,1240.5,554.1,79.7,59.6,1920,1080,0.229,1280.4,583.9
Round3,Q4,391,391.0,EMIRATES,0.817,1528.5,321.4,139.8,93.0,1920,1080,0.627,1598.4,367.9
Round3,Q4,392,392.0,EMIRATES,0.4506,0.4,722.1,42.9,60.1,1920,1080,0.124,21.8,752.2
Round3,Q4,397,397.0,EMIRATES,0.8662,1480.0,656.4,220.7,68.3,1920,1080,0.727,1590.3,690.5
Round3,Q4,398,398.0,EMIRATES,0.8851,231.5,648.9,224.5,81.4,1920,1080,0.882,343.7,689.6
Round3,Q4,399,399.0,EMIRATES,0.8967,1337.9,615.5,133.9,58.2,1920,1080,0.376,1404.8,644.6
Round3,Q4,399,399.0,EMIRATES,0.8801,1607.6,382.1,202.9,59.6,1920,1080,0.584,1709.1,411.9
Round3,Q4,400,400.0,EMIRATES,0.8859,826.5,359.4,152.4,76.9,1920,1080,0.565,902.7,397.8
Round3,Q4,400,400.0,EMIRATES,0.8476,1469.5,413.9,113.9,51.1,1920,1080,0.281,1526.5,439.4
Round3,Q4,400,400.0,EMIRATES,0.5608,0.0,468.0,41.0,96.5,1920,1080,0.191,20.5,516.3
Round3,Q4,401,401.0,EMIRATES,0.891,892.4,359.5,207.6,92.1,1920,1080,0.922,996.2,405.6
Round3,Q4,402,402.0,EMIRATES,0.8964,871.7,379.2,203.7,62.9,1920,1080,0.617,973.5,410.6
Round3,Q4,402,402.0,EMIRATES,0.7915,402.7,624.2,47.7,79.5,1920,1080,0.183,426.5,664.0
Round3,Q4,402,402.0,EMIRATES,0.7463,0.0,405.4,39.4,56.4,1920,1080,0.107,19.8,433.6
Round3,Q4,403,403.0,EMIRATES,0.8969,695.5,362.1,195.4,62.0,1920,1080,0.584,793.2,393.1
Round3,Q4,403,403.0,EMIRATES,0.8942,1301.8,621.6,195.4,58.6,1920,1080,0.552,1399.4,650.9
Round3,Q4,403,403.0,EMIRATES,0.576,373.3,606.7,50.6,77.8,1920,1080,0.19,398.6,645.6
Round3,Q4,404,404.0,EMIRATES,0.9016,1282.1,618.2,192.0,57.1,1920,1080,0.529,1378.1,646.8
Round3,Q4,404,404.0,EMIRATES,0.8959,732.6,354.0,191.2,60.2,1920,1080,0.555,828.2,384.1
Round3,Q4,404,404.0,EMIRATES,0.8153,304.8,621.1,75.9,71.6,1920,1080,0.262,342.7,656.8
Round3,Q4,405,405.0,EMIRATES,0.905,1278.2,628.1,196.0,57.6,1920,1080,0.545,1376.2,656.9
Round3,Q4,405,405.0,EMIRATES,0.8803,709.7,363.8,184.8,53.8,1920,1080,0.479,802.1,390.7
Round3,Q4,405,405.0,EMIRATES,0.8331,292.8,583.5,76.1,95.7,1920,1080,0.351,330.9,631.4
Round3,Q4,406,406.0,EMIRATES,0.8901,702.4,362.9,190.7,56.8,1920,1080,0.523,797.8,391.3
Round3,Q4,406,406.0,EMIRATES,0.8785,1273.1,639.1,188.6,59.9,1920,1080,0.545,1367.4,669.0
Round3,Q4,407,407.0,EMIRATES,0.8999,1282.1,643.8,186.0,57.6,1920,1080,0.517,1375.0,672.6
Round3,Q4,407,407.0,EMIRATES,0.8967,706.3,385.4,192.1,59.2,1920,1080,0.549,802.3,415.0
Round3,Q4,408,408.0,EMIRATES,0.8927,1300.1,653.7,190.2,59.0,1920,1080,0.541,1395.2,683.2
Round3,Q4,408,408.0,EMIRATES,0.8694,721.9,370.9,196.9,86.4,1920,1080,0.82,820.4,414.1
Round3,Q4,409,409.0,EMIRATES,0.8911,1301.5,660.6,193.0,58.0,1920,1080,0.54,1398.0,689.6
Round3,Q4,409,409.0,EMIRATES,0.8907,823.6,373.8,215.6,108.7,1920,1080,1.131,931.4,428.2
Round3,Q4,409,409.0,EMIRATES,0.4544,368.2,640.1,48.4,76.4,1920,1080,0.178,392.4,678.2
Round3,Q4,410,410.0,EMIRATES,0.9018,774.3,391.1,218.4,90.0,1920,1080,0.948,883.5,436.1
Round3,Q4,410,410.0,EMIRATES,0.89,1387.0,648.0,120.7,55.3,1920,1080,0.322,1447.3,675.7
Round3,Q4,411,411.0,EMIRATES,0.8962,1338.3,652.8,189.8,57.3,1920,1080,0.525,1433.1,681.4
Round3,Q4,411,411.0,EMIRATES,0.8877,752.3,393.6,212.9,62.4,1920,1080,0.641,858.8,424.8
Round3,Q4,411,411.0,EMIRATES,0.7442,383.9,621.2,45.1,84.7,1920,1080,0.184,406.5,663.6
Round3,Q4,412,412.0,EMIRATES,0.8915,1241.5,626.3,180.4,54.7,1920,1080,0.476,1331.7,653.6
Round3,Q4,412,412.0,EMIRATES,0.8826,793.7,388.7,201.2,59.8,1920,1080,0.58,894.4,418.6
Round3,Q4,413,413.0,EMIRATES,0.9007,966.5,393.9,211.7,65.9,1920,1080,0.673,1072.3,426.9
Round3,Q4,414,414.0,EMIRATES,0.7407,1491.4,11.2,328.8,149.3,1920,1080,2.368,1655.7,85.9
Round3,Q4,415,415.0,EMIRATES,0.8964,1391.7,656.5,171.2,54.3,1920,1080,0.448,1477.3,683.7
Round3,Q4,415,415.0,EMIRATES,0.8815,367.7,3.5,316.9,82.0,1920,1080,1.253,526.1,44.5
Round3,Q4,415,415.0,EMIRATES,0.8597,806.2,685.9,115.2,80.8,1920,1080,0.449,863.8,726.3
Round3,Q4,415,415.0,EMIRATES,0.8098,1047.1,410.4,77.4,77.0,1920,1080,0.288,1085.8,448.9
Round3,Q4,416,416.0,EMIRATES,0.9015,172.0,2.2,297.1,79.0,1920,1080,1.132,320.6,41.7
Round3,Q4,416,416.0,EMIRATES,0.8859,1626.6,365.7,100.0,61.7,1920,1080,0.298,1676.6,396.5
Round3,Q4,417,417.0,EMIRATES,0.9097,1376.7,594.0,117.6,53.2,1920,1080,0.302,1435.5,620.6
Round3,Q4,417,417.0,EMIRATES,0.8666,261.3,67.8,304.4,95.3,1920,1080,1.399,413.6,115.4
Round3,Q4,420,420.0,JAMESON,0.8695,1776.5,367.9,61.3,28.8,1920,1080,0.085,1807.1,382.3
Round3,Q4,420,420.0,JAMESON,0.8695,1389.2,368.0,46.4,22.7,1920,1080,0.051,1412.4,379.4
Round3,Q4,420,420.0,JAMESON,0.8674,1849.0,44.6,54.8,21.7,1920,1080,0.057,1876.4,55.5
Round3,Q4,420,420.0,JAMESON,0.8641,369.4,363.7,44.8,15.8,1920,1080,0.034,391.8,371.6
Round3,Q4,420,420.0,JAMESON,0.8625,733.0,181.6,37.9,12.4,1920,1080,0.023,751.9,187.8
Round3,Q4,420,420.0,JAMESON,0.8602,1668.8,368.5,55.8,26.7,1920,1080,0.072,1696.7,381.8
Round3,Q4,420,420.0,JAMESON,0.8593,1216.2,367.7,43.6,20.9,1920,1080,0.044,1238.0,378.2
Round3,Q4,420,420.0,JAMESON,0.859,287.1,196.3,39.3,12.3,1920,1080,0.023,306.8,202.4
Round3,Q4,420,420.0,JAMESON,0.8586,467.4,192.4,38.3,12.4,1920,1080,0.023,486.6,198.6
Round3,Q4,420,420.0,JAMESON,0.8584,1251.2,547.0,57.1,29.7,1920,1080,0.082,1279.7,561.8
Round3,Q4,420,420.0,JAMESON,0.8577,450.5,364.3,42.5,16.1,1920,1080,0.033,471.8,372.3
Round3,Q4,420,420.0,JAMESON,0.8573,1601.5,90.8,47.5,18.9,1920,1080,0.043,1625.3,100.2
Round3,Q4,420,420.0,JAMESON,0.8564,1189.4,146.6,39.4,14.3,1920,1080,0.027,1209.1,153.8
Round3,Q4,420,420.0,JAMESON,0.8554,377.6,195.0,39.9,12.1,1920,1080,0.023,397.5,201.0
Round3,Q4,420,420.0,JAMESON,0.8546,1572.9,368.2,51.3,24.3,1920,1080,0.06,1598.5,380.4
Round3,Q4,420,420.0,JAMESON,0.854,1285.2,135.3,42.8,15.4,1920,1080,0.032,1306.6,143.0
Round3,Q4,420,420.0,JAMESON,0.8534,967.1,366.6,44.7,18.7,1920,1080,0.04,989.5,376.0
Round3,Q4,420,420.0,JAMESON,0.8527,1128.5,367.7,47.2,20.3,1920,1080,0.046,1152.0,377.9
Round3,Q4,420,420.0,JAMESON,0.8517,1004.2,163.7,36.9,13.3,1920,1080,0.024,1022.6,170.4
Round3,Q4,420,420.0,JAMESON,0.8497,974.1,518.3,47.9,25.1,1920,1080,0.058,998.0,530.9
Round3,Q4,420,420.0,JAMESON,0.8464,381.1,480.2,46.8,19.3,1920,1080,0.044,404.6,489.9
Round3,Q4,420,420.0,JAMESON,0.8451,912.3,171.1,37.9,12.7,1920,1080,0.023,931.2,177.4
Round3,Q4,420,420.0,JAMESON,0.8447,1050.7,367.1,41.7,19.4,1920,1080,0.039,1071.6,376.8
Round3,Q4,420,420.0,JAMESON,0.8444,823.5,176.2,36.9,12.9,1920,1080,0.023,841.9,182.6
Round3,Q4,420,420.0,JAMESON,0.8435,1297.6,368.4,47.5,21.4,1920,1080,0.049,1321.4,379.1
Round3,Q4,420,420.0,JAMESON,0.8429,529.3,364.7,45.7,16.9,1920,1080,0.037,552.1,373.1
Round3,Q4,420,420.0,JAMESON,0.8421,1460.8,575.8,61.9,33.9,1920,1080,0.101,1491.7,592.8
Round3,Q4,420,420.0,JAMESON,0.8411,193.8,197.3,39.5,12.1,1920,1080,0.023,213.6,203.3
Round3,Q4,420,420.0,JAMESON,0.8394,1094.7,155.7,38.6,13.9,1920,1080,0.026,1114.0,162.7
Round3,Q4,420,420.0,JAMESON,0.838,1386.3,122.9,42.6,16.1,1920,1080,0.033,1407.6,130.9
Round3,Q4,420,420.0,JAMESON,0.8348,1157.1,537.0,52.0,28.3,1920,1080,0.071,1183.1,551.1
Round3,Q4,420,420.0,JAMESON,0.8345,1719.1,70.1,48.0,20.2,1920,1080,0.047,1743.1,80.2
Round3,Q4,420,420.0,JAMESON,0.8343,802.2,503.2,43.9,23.6,1920,1080,0.05,824.2,515.0
Round3,Q4,420,420.0,JAMESON,0.8322,1476.2,368.6,48.7,23.7,1920,1080,0.056,1500.6,380.4
Round3,Q4,420,420.0,JAMESON,0.8306,691.0,365.7,42.9,16.7,1920,1080,0.035,712.4,374.1
Round3,Q4,420,420.0,JAMESON,0.8281,768.7,366.4,42.7,16.9,1920,1080,0.035,790.0,374.9
Round3,Q4,420,420.0,JAMESON,0.8257,885.8,510.8,50.3,24.7,1920,1080,0.06,911.0,523.1
Round3,Q4,420,420.0,JAMESON,0.8242,1490.1,107.6,44.4,18.0,1920,1080,0.038,1512.3,116.6
Round3,Q4,420,420.0,JAMESON,0.8193,298.0,476.5,44.9,19.6,1920,1080,0.042,320.4,486.3
Round3,Q4,420,420.0,JAMESON,0.8187,1572.3,595.9,68.8,36.9,1920,1080,0.123,1606.7,614.4
Round3,Q4,420,420.0,JAMESON,0.8185,889.4,366.2,41.1,18.0,1920,1080,0.036,909.9,375.2
Round3,Q4,420,420.0,JAMESON,0.8183,608.7,365.7,44.0,16.4,1920,1080,0.035,630.6,373.9
Round3,Q4,420,420.0,JAMESON,0.8147,466.2,483.1,42.8,19.7,1920,1080,0.041,487.6,493.0
Round3,Q4,420,420.0,JAMESON,0.799,214.1,473.4,45.1,18.6,1920,1080,0.04,236.7,482.7
Round3,Q4,420,420.0,JAMESON,0.7967,1352.8,559.6,57.5,32.8,1920,1080,0.091,1381.5,576.0
Round3,Q4,420,420.0,JAMESON,0.7848,287.5,362.3,44.6,17.7,1920,1080,0.038,309.8,371.2
Round3,Q4,420,420.0,JAMESON,0.7753,630.6,492.1,48.0,22.3,1920,1080,0.052,654.6,503.2
Round3,Q4,420,420.0,JAMESON,0.5239,646.7,185.1,36.1,12.9,1920,1080,0.023,664.7,191.5
Round3,Q4,421,421.0,JAMESON,0.8764,1779.8,367.8,60.2,28.7,1920,1080,0.083,1809.9,382.1
Round3,Q4,421,421.0,JAMESON,0.8759,1096.7,155.7,38.7,13.6,1920,1080,0.025,1116.1,162.5
Round3,Q4,421,421.0,JAMESON,0.8737,735.6,181.5,37.6,12.0,1920,1080,0.022,754.4,187.5
Round3,Q4,421,421.0,JAMESON,0.873,1217.9,367.5,44.1,21.0,1920,1080,0.045,1240.0,378.0
Round3,Q4,421,421.0,JAMESON,0.8715,1051.7,366.8,42.4,19.4,1920,1080,0.04,1072.9,376.5
Round3,Q4,421,421.0,JAMESON,0.8712,1576.0,368.2,50.8,24.6,1920,1080,0.06,1601.4,380.5
Round3,Q4,421,421.0,JAMESON,0.8703,1671.1,368.5,56.3,26.1,1920,1080,0.071,1699.3,381.5
Round3,Q4,421,421.0,JAMESON,0.8673,969.2,366.9,44.5,18.7,1920,1080,0.04,991.5,376.3
Round3,Q4,421,421.0,JAMESON,0.8666,1254.7,547.1,55.4,29.7,1920,1080,0.079,1282.4,562.0
Round3,Q4,421,421.0,JAMESON,0.865,379.2,195.2,40.1,11.8,1920,1080,0.023,399.2,201.1
Round3,Q4,421,421.0,JAMESON,0.8643,1391.0,368.4,46.5,22.3,1920,1080,0.05,1414.2,379.6
Round3,Q4,421,421.0,JAMESON,0.8638,289.7,196.9,39.1,11.5,1920,1080,0.022,309.2,202.6
Round3,Q4,421,421.0,JAMESON,0.861,33.6,359.1,47.0,16.8,1920,1080,0.038,57.2,367.5
Round3,Q4,421,421.0,JAMESON,0.8593,470.2,192.3,37.5,12.8,1920,1080,0.023,489.0,198.6
Round3,Q4,421,421.0,JAMESON,0.8572,1005.8,163.8,37.5,14.0,1920,1080,0.025,1024.6,170.7
Round3,Q4,421,421.0,JAMESON,0.8571,1604.7,90.7,46.3,19.1,1920,1080,0.043,1627.8,100.3
Round3,Q4,421,421.0,JAMESON,0.8544,1191.9,146.7,38.9,13.9,1920,1080,0.026,1211.3,153.7
Round3,Q4,421,421.0,JAMESON,0.853,1355.7,560.5,56.1,32.4,1920,1080,0.088,1383.8,576.7
Round3,Q4,421,421.0,JAMESON,0.8519,1850.2,44.3,54.3,22.3,1920,1080,0.058,1877.3,55.5
Round3,Q4,421,421.0,JAMESON,0.851,694.2,365.9,40.6,15.8,1920,1080,0.031,714.5,373.8
Round3,Q4,421,421.0,JAMESON,0.8505,1388.1,123.3,42.5,15.5,1920,1080,0.032,1409.3,131.0
Round3,Q4,421,421.0,JAMESON,0.8493,120.4,361.4,47.0,15.8,1920,1080,0.036,143.9,369.3
Round3,Q4,421,421.0,JAMESON,0.8491,825.7,176.5,36.4,12.8,1920,1080,0.022,843.8,182.9
Round3,Q4,421,421.0,JAMESON,0.8488,373.1,363.3,42.9,16.5,1920,1080,0.034,394.5,371.6
Round3,Q4,421,421.0,JAMESON,0.8485,1131.3,367.5,46.4,20.2,1920,1080,0.045,1154.5,377.5
Round3,Q4,421,421.0,JAMESON,0.8469,1477.3,368.7,51.6,23.6,1920,1080,0.059,1503.1,380.5
Round3,Q4,421,421.0,JAMESON,0.8467,534.9,364.6,41.9,16.8,1920,1080,0.034,555.8,373.0
Round3,Q4,421,421.0,JAMESON,0.8466,913.6,170.8,38.5,13.0,1920,1080,0.024,932.9,177.3
Round3,Q4,421,421.0,JAMESON,0.8461,452.3,364.0,44.2,16.5,1920,1080,0.035,474.4,372.3
Round3,Q4,421,421.0,JAMESON,0.8448,1285.9,136.0,42.5,14.8,1920,1080,0.03,1307.1,143.4
Round3,Q4,421,421.0,JAMESON,0.8447,1721.2,70.0,48.4,19.8,1920,1080,0.046,1745.4,79.9
Round3,Q4,421,421.0,JAMESON,0.8433,1463.9,575.7,61.0,33.8,1920,1080,0.1,1494.5,592.6
Round3,Q4,421,421.0,JAMESON,0.8426,1160.5,537.1,51.2,28.1,1920,1080,0.069,1186.1,551.1
Round3,Q4,421,421.0,JAMESON,0.841,1.6,197.2,42.6,12.5,1920,1080,0.026,22.9,203.5
Round3,Q4,421,421.0,JAMESON,0.8394,770.2,365.8,44.1,17.8,1920,1080,0.038,792.2,374.7
Round3,Q4,421,421.0,JAMESON,0.8387,1300.2,368.6,48.0,21.3,1920,1080,0.049,1324.2,379.3
Round3,Q4,421,421.0,JAMESON,0.8352,803.3,503.6,46.0,23.3,1920,1080,0.052,826.3,515.2
Round3,Q4,421,421.0,JAMESON,0.8351,975.0,518.3,50.3,25.5,1920,1080,0.062,1000.2,531.0
Round3,Q4,421,421.0,JAMESON,0.8333,609.7,365.7,45.2,16.5,1920,1080,0.036,632.3,373.9
Round3,Q4,421,421.0,JAMESON,0.833,384.5,480.6,46.2,18.9,1920,1080,0.042,407.6,490.0
Round3,Q4,421,421.0,JAMESON,0.8321,207.5,362.1,43.6,16.3,1920,1080,0.034,229.3,370.2
Round3,Q4,421,421.0,JAMESON,0.829,99.1,197.6,41.8,12.5,1920,1080,0.025,120.0,203.8
Round3,Q4,421,421.0,JAMESON,0.8274,38.0,466.5,49.2,19.3,1920,1080,0.046,62.6,476.2
Round3,Q4,421,421.0,JAMESON,0.8272,195.9,197.3,40.1,12.2,1920,1080,0.024,215.9,203.4
Round3,Q4,421,421.0,JAMESON,0.8272,214.8,473.4,46.6,19.3,1920,1080,0.043,238.1,483.0
Round3,Q4,421,421.0,JAMESON,0.8262,891.8,365.9,40.3,17.9,1920,1080,0.035,912.0,374.8
Round3,Q4,421,421.0,JAMESON,0.8257,299.7,476.3,46.3,20.4,1920,1080,0.046,322.8,486.5
Round3,Q4,421,421.0,JAMESON,0.8248,647.4,185.3,36.5,12.3,1920,1080,0.022,665.6,191.5
Round3,Q4,421,421.0,JAMESON,0.8231,1575.2,596.0,69.2,37.6,1920,1080,0.126,1609.8,614.8
Round3,Q4,421,421.0,JAMESON,0.8182,467.5,483.2,44.9,20.2,1920,1080,0.044,489.9,493.3
Round3,Q4,421,421.0,JAMESON,0.8093,1491.9,108.0,44.8,17.8,1920,1080,0.038,1514.3,116.9
Round3,Q4,421,421.0,JAMESON,0.8088,1890.6,365.9,29.4,33.0,1920,1080,0.047,1905.3,382.3
Round3,Q4,421,421.0,JAMESON,0.8033,889.0,510.9,47.3,23.2,1920,1080,0.053,912.6,522.4
Round3,Q4,421,421.0,JAMESON,0.7851,634.9,491.9,45.1,22.6,1920,1080,0.049,657.5,503.2
Round3,Q4,421,421.0,JAMESON,0.7577,289.8,362.6,45.2,17.7,1920,1080,0.038,312.4,371.4
Round3,Q4,422,422.0,JAMESON,0.8892,1797.4,368.4,62.1,28.4,1920,1080,0.085,1828.5,382.6
Round3,Q4,422,422.0,JAMESON,0.8785,1069.4,367.8,43.6,18.7,1920,1080,0.039,1091.2,377.1
Round3,Q4,422,422.0,JAMESON,0.8734,1235.6,368.5,45.2,20.5,1920,1080,0.045,1258.2,378.8
Round3,Q4,422,422.0,JAMESON,0.8682,1271.6,547.2,57.1,29.8,1920,1080,0.082,1300.2,562.1
Round3,Q4,422,422.0,JAMESON,0.8667,1592.9,368.6,53.2,24.6,1920,1080,0.063,1619.5,380.9
Round3,Q4,422,422.0,JAMESON,0.8658,1690.2,368.6,57.1,26.8,1920,1080,0.074,1718.7,382.0
Round3,Q4,422,422.0,JAMESON,0.8634,1623.5,91.0,47.4,18.9,1920,1080,0.043,1647.3,100.5
Round3,Q4,422,422.0,JAMESON,0.8594,1872.4,44.0,47.5,23.2,1920,1080,0.053,1896.1,55.6
Round3,Q4,422,422.0,JAMESON,0.8586,59.2,360.8,46.2,15.7,1920,1080,0.035,82.3,368.6
Round3,Q4,422,422.0,JAMESON,0.8586,1373.6,561.0,59.1,32.2,1920,1080,0.092,1403.2,577.1
Round3,Q4,422,422.0,JAMESON,0.8585,988.2,367.0,46.3,19.3,1920,1080,0.043,1011.4,376.6
Round3,Q4,422,422.0,JAMESON,0.857,1115.9,156.7,38.2,13.6,1920,1080,0.025,1135.0,163.5
Round3,Q4,422,422.0,JAMESON,0.8569,1318.4,368.2,48.9,22.1,1920,1080,0.052,1342.8,379.3
Round3,Q4,422,422.0,JAMESON,0.8556,1150.2,367.5,47.4,20.1,1920,1080,0.046,1173.9,377.6
Round3,Q4,422,422.0,JAMESON,0.8555,910.0,366.3,41.6,18.1,1920,1080,0.036,930.8,375.4
Round3,Q4,422,422.0,JAMESON,0.855,1408.0,368.3,48.2,22.8,1920,1080,0.053,1432.0,379.7
Round3,Q4,422,422.0,JAMESON,0.8548,1177.5,537.3,54.2,28.2,1920,1080,0.074,1204.6,551.3
Round3,Q4,422,422.0,JAMESON,0.8528,394.9,364.2,43.5,16.0,1920,1080,0.034,416.7,372.2
Round3,Q4,422,422.0,JAMESON,0.8527,756.0,182.8,37.0,12.1,1920,1080,0.022,774.5,188.9
Round3,Q4,422,422.0,JAMESON,0.8512,1593.5,595.3,71.8,38.4,1920,1080,0.133,1629.4,614.5
Round3,Q4,422,422.0,JAMESON,0.8492,713.2,366.0,41.9,16.8,1920,1080,0.034,734.1,374.4
Round3,Q4,422,422.0,JAMESON,0.8469,230.3,362.7,44.6,16.0,1920,1080,0.034,252.7,370.8
Round3,Q4,422,422.0,JAMESON,0.8466,1496.7,368.9,51.6,23.8,1920,1080,0.059,1522.4,380.8
Round3,Q4,422,422.0,JAMESON,0.8463,1511.2,108.5,44.1,17.4,1920,1080,0.037,1533.3,117.2
Round3,Q4,422,422.0,JAMESON,0.846,932.7,171.7,38.0,13.4,1920,1080,0.025,951.7,178.4
Round3,Q4,422,422.0,JAMESON,0.8454,1306.0,136.5,42.2,14.8,1920,1080,0.03,1327.1,143.9
Round3,Q4,422,422.0,JAMESON,0.8445,995.6,518.5,50.3,25.3,1920,1080,0.061,1020.7,531.2
Round3,Q4,422,422.0,JAMESON,0.8424,405.6,479.9,46.9,19.8,1920,1080,0.045,429.0,489.8
Round3,Q4,422,422.0,JAMESON,0.8422,668.9,186.7,35.4,12.2,1920,1080,0.021,686.7,192.8
Round3,Q4,422,422.0,JAMESON,0.8422,492.0,193.7,36.7,12.0,1920,1080,0.021,510.4,199.6
Round3,Q4,422,422.0,JAMESON,0.842,553.8,365.3,43.5,16.5,1920,1080,0.035,575.6,373.6
Round3,Q4,422,422.0,JAMESON,0.8418,1740.9,70.7,48.3,19.5,1920,1080,0.045,1765.0,80.4
Round3,Q4,422,422.0,JAMESON,0.8414,1210.2,147.3,39.1,14.2,1920,1080,0.027,1229.7,154.4
Round3,Q4,422,422.0,JAMESON,0.8396,1025.0,164.8,38.2,13.9,1920,1080,0.026,1044.1,171.8
Round3,Q4,422,422.0,JAMESON,0.8388,907.0,510.4,49.7,24.2,1920,1080,0.058,931.8,522.5
Round3,Q4,422,422.0,JAMESON,0.8381,124.7,199.6,40.6,12.1,1920,1080,0.024,145.0,205.7
Round3,Q4,422,422.0,JAMESON,0.838,473.8,364.7,44.7,16.7,1920,1080,0.036,496.2,373.0
Round3,Q4,422,422.0,JAMESON,0.8376,63.0,466.8,48.7,18.8,1920,1080,0.044,87.3,476.2
Round3,Q4,422,422.0,JAMESON,0.8373,844.4,177.3,37.5,12.6,1920,1080,0.023,863.1,183.6
Round3,Q4,422,422.0,JAMESON,0.8353,790.9,366.7,44.5,17.3,1920,1080,0.037,813.2,375.3
Round3,Q4,422,422.0,JAMESON,0.8333,401.3,196.4,40.9,12.1,1920,1080,0.024,421.8,202.4
Round3,Q4,422,422.0,JAMESON,0.8332,1406.8,123.5,42.3,15.6,1920,1080,0.032,1428.0,131.3
Round3,Q4,422,422.0,JAMESON,0.8325,311.3,197.8,38.8,11.9,1920,1080,0.022,330.7,203.7
Round3,Q4,422,422.0,JAMESON,0.8305,219.2,198.9,42.6,12.7,1920,1080,0.026,240.5,205.2
Round3,Q4,422,422.0,JAMESON,0.8299,145.7,361.9,47.4,15.7,1920,1080,0.036,169.4,369.8
Round3,Q4,422,422.0,JAMESON,0.8298,27.5,199.2,43.1,12.4,1920,1080,0.026,49.1,205.4
Round3,Q4,422,422.0,JAMESON,0.8289,630.7,365.2,46.4,17.5,1920,1080,0.039,653.8,373.9
Round3,Q4,422,422.0,JAMESON,0.8269,322.7,476.5,47.1,19.8,1920,1080,0.045,346.2,486.4
Round3,Q4,422,422.0,JAMESON,0.8229,1481.5,575.9,63.1,34.6,1920,1080,0.105,1513.0,593.2
Round3,Q4,422,422.0,JAMESON,0.8176,822.3,504.2,47.8,22.9,1920,1080,0.053,846.2,515.6
Round3,Q4,422,422.0,JAMESON,0.8077,237.6,473.2,46.0,18.4,1920,1080,0.041,260.6,482.4
Round3,Q4,422,422.0,JAMESON,0.8034,489.0,483.2,47.6,20.6,1920,1080,0.047,512.8,493.5
Round3,Q4,422,422.0,JAMESON,0.7883,0.0,464.4,23.9,19.5,1920,1080,0.022,11.9,474.1
Round3,Q4,422,422.0,JAMESON,0.7859,654.2,492.7,48.1,21.7,1920,1080,0.05,678.3,503.5
Round3,Q4,422,422.0,JAMESON,0.7716,312.1,363.0,46.3,17.8,1920,1080,0.04,335.3,371.9
Round3,Q4,422,422.0,JAMESON,0.7458,0.0,359.3,19.6,16.4,1920,1080,0.016,9.8,367.5
Round3,Q4,422,422.0,JAMESON,0.4499,1910.9,370.7,9.0,30.5,1920,1080,0.013,1915.4,385.9
Round3,Q4,422,422.0,JAMESON,0.343,153.6,470.2,45.4,18.9,1920,1080,0.041,176.3,479.7
Round3,Q4,423,423.0,JAMESON,0.8861,1819.4,371.2,62.7,28.1,1920,1080,0.085,1850.7,385.2
Round3,Q4,423,423.0,JAMESON,0.8701,824.8,369.2,41.7,18.0,1920,1080,0.036,845.7,378.2
Round3,Q4,423,423.0,JAMESON,0.8643,1519.8,371.9,52.2,23.5,1920,1080,0.059,1545.8,383.6
Round3,Q4,423,423.0,JAMESON,0.8642,591.8,368.8,42.8,15.7,1920,1080,0.033,613.2,376.7
Round3,Q4,423,423.0,JAMESON,0.8631,1344.0,371.7,49.7,21.8,1920,1080,0.052,1368.9,382.6
Round3,Q4,423,423.0,JAMESON,0.8613,744.6,368.9,44.3,17.2,1920,1080,0.037,766.7,377.5
Round3,Q4,423,423.0,JAMESON,0.8603,1616.5,371.5,53.7,24.6,1920,1080,0.064,1643.3,383.8
Round3,Q4,423,423.0,JAMESON,0.8599,878.1,183.6,35.0,12.0,1920,1080,0.02,895.6,189.6
Round3,Q4,423,423.0,JAMESON,0.8595,1297.8,548.1,56.7,29.1,1920,1080,0.079,1326.1,562.6
Round3,Q4,423,423.0,JAMESON,0.8591,1713.2,371.7,56.6,26.3,1920,1080,0.072,1741.5,384.8
Round3,Q4,423,423.0,JAMESON,0.8582,1433.7,129.1,41.8,16.0,1920,1080,0.032,1454.6,137.1
Round3,Q4,423,423.0,JAMESON,0.8571,355.3,204.6,37.2,12.0,1920,1080,0.022,373.9,210.6
Round3,Q4,423,423.0,JAMESON,0.8568,1332.8,142.4,40.6,14.6,1920,1080,0.029,1353.1,149.7
Round3,Q4,423,423.0,JAMESON,0.8526,1205.1,538.1,53.4,28.2,1920,1080,0.073,1231.8,552.2
Round3,Q4,423,423.0,JAMESON,0.8521,666.9,369.0,44.1,16.7,1920,1080,0.035,688.9,377.4
Round3,Q4,423,423.0,JAMESON,0.8506,1144.2,163.0,37.4,13.1,1920,1080,0.024,1162.9,169.5
Round3,Q4,423,423.0,JAMESON,0.8482,1097.5,370.6,44.0,18.9,1920,1080,0.04,1119.5,380.1
Round3,Q4,423,423.0,JAMESON,0.8481,1763.7,77.0,47.6,19.0,1920,1080,0.044,1787.5,86.5
Round3,Q4,423,423.0,JAMESON,0.8463,513.2,368.0,43.5,15.8,1920,1080,0.033,535.0,375.9
Round3,Q4,423,423.0,JAMESON,0.8453,703.7,193.1,35.1,11.9,1920,1080,0.02,721.2,199.0
Round3,Q4,423,423.0,JAMESON,0.8448,1431.7,372.0,48.9,21.6,1920,1080,0.051,1456.1,382.8
Round3,Q4,423,423.0,JAMESON,0.8445,1260.6,371.4,47.5,20.6,1920,1080,0.047,1284.3,381.7
Round3,Q4,423,423.0,JAMESON,0.844,941.4,369.2,41.9,18.7,1920,1080,0.038,962.3,378.6
Round3,Q4,423,423.0,JAMESON,0.8439,855.0,504.6,48.1,22.9,1920,1080,0.053,879.0,516.1
Round3,Q4,423,423.0,JAMESON,0.8432,173.0,206.9,39.8,11.8,1920,1080,0.023,192.9,212.9
Round3,Q4,423,423.0,JAMESON,0.8423,1399.9,562.1,57.6,31.0,1920,1080,0.086,1428.7,577.6
Round3,Q4,423,423.0,JAMESON,0.8422,265.1,206.5,37.2,11.0,1920,1080,0.02,283.7,212.0
Round3,Q4,423,423.0,JAMESON,0.8404,435.6,368.0,42.0,14.8,1920,1080,0.03,456.6,375.4
Round3,Q4,423,423.0,JAMESON,0.8402,1055.7,171.2,35.9,13.6,1920,1080,0.023,1073.7,178.0
Round3,Q4,423,423.0,JAMESON,0.8397,1018.3,370.4,45.1,18.5,1920,1080,0.04,1040.9,379.6
Round3,Q4,423,423.0,JAMESON,0.8391,1616.3,596.5,72.0,36.3,1920,1080,0.126,1652.3,614.6
Round3,Q4,423,423.0,JAMESON,0.8382,281.8,475.1,45.9,18.3,1920,1080,0.04,304.7,484.2
Round3,Q4,423,423.0,JAMESON,0.8362,530.4,200.3,36.6,11.8,1920,1080,0.021,548.7,206.2
Round3,Q4,423,423.0,JAMESON,0.8343,1535.4,115.2,43.7,16.7,1920,1080,0.035,1557.3,123.5
Round3,Q4,423,423.0,JAMESON,0.834,24.8,465.9,49.3,18.5,1920,1080,0.044,49.4,475.1
Round3,Q4,423,423.0,JAMESON,0.8309,442.4,202.7,38.3,11.9,1920,1080,0.022,461.6,208.7
Round3,Q4,423,423.0,JAMESON,0.8303,1177.8,370.9,48.4,19.7,1920,1080,0.046,1202.0,380.8
Round3,Q4,423,423.0,JAMESON,0.8301,789.6,188.8,36.1,12.3,1920,1080,0.021,807.7,194.9
Round3,Q4,423,423.0,JAMESON,0.8294,78.2,206.9,41.6,12.2,1920,1080,0.024,99.0,213.0
Round3,Q4,423,423.0,JAMESON,0.827,191.1,365.8,46.4,15.1,1920,1080,0.034,214.4,373.4
Round3,Q4,423,423.0,JAMESON,0.8269,107.3,364.0,46.4,16.2,1920,1080,0.036,130.5,372.1
Round3,Q4,423,423.0,JAMESON,0.8242,526.9,484.7,46.5,20.1,1920,1080,0.045,550.2,494.7
Round3,Q4,423,423.0,JAMESON,0.8216,1238.2,153.2,38.7,14.2,1920,1080,0.026,1257.5,160.3
Round3,Q4,423,423.0,JAMESON,0.8209,1648.2,97.3,45.4,18.6,1920,1080,0.041,1670.9,106.6
Round3,Q4,423,423.0,JAMESON,0.8194,275.5,366.7,43.1,15.3,1920,1080,0.032,297.0,374.3
Round3,Q4,423,423.0,JAMESON,0.8156,963.6,178.1,37.7,12.8,1920,1080,0.023,982.4,184.5
Round3,Q4,423,423.0,JAMESON,0.8151,112.4,468.6,47.0,18.4,1920,1080,0.042,135.9,477.8
Round3,Q4,423,423.0,JAMESON,0.8121,689.2,493.9,47.5,21.5,1920,1080,0.049,712.9,504.6
Round3,Q4,423,423.0,JAMESON,0.8112,444.7,481.1,46.4,19.5,1920,1080,0.044,467.9,490.9
Round3,Q4,423,423.0,JAMESON,0.8107,21.4,363.0,49.2,16.2,1920,1080,0.038,46.0,371.0
Round3,Q4,423,423.0,JAMESON,0.8088,364.1,477.9,47.4,19.1,1920,1080,0.044,387.8,487.5
Round3,Q4,423,423.0,JAMESON,0.8085,937.5,512.3,49.9,23.6,1920,1080,0.057,962.5,524.1
Round3,Q4,423,423.0,JAMESON,0.8076,1024.8,519.1,50.0,25.4,1920,1080,0.061,1049.8,531.8
Round3,Q4,423,423.0,JAMESON,0.7933,1506.4,576.2,62.8,35.0,1920,1080,0.106,1537.8,593.7
Round3,Q4,423,423.0,JAMESON,0.7887,354.2,366.9,46.1,16.4,1920,1080,0.037,377.2,375.1
Round3,Q4,423,423.0,JAMESON,0.7885,1895.8,51.7,24.2,24.4,1920,1080,0.028,1907.8,63.9
Round3,Q4,423,423.0,JAMESON,0.762,0.0,206.5,21.9,11.5,1920,1080,0.012,11.0,212.3
Round3,Q4,423,423.0,JAMESON,0.5785,1828.9,67.7,41.2,17.5,1920,1080,0.035,1849.5,76.4
Round3,Q4,424,424.0,JAMESON,0.8859,1692.6,397.5,55.0,24.7,1920,1080,0.065,1720.1,409.9
Round3,Q4,424,424.0,JAMESON,0.8733,1591.5,398.1,53.4,23.8,1920,1080,0.061,1618.2,410.0
Round3,Q4,424,424.0,JAMESON,0.873,1793.2,397.5,58.4,25.9,1920,1080,0.073,1822.4,410.4
Round3,Q4,424,424.0,JAMESON,0.868,757.9,215.7,35.4,12.6,1920,1080,0.021,775.6,222.0
Round3,Q4,424,424.0,JAMESON,0.8572,1724.3,115.9,47.9,19.2,1920,1080,0.044,1748.3,125.5
Round3,Q4,424,424.0,JAMESON,0.8564,1410.1,397.5,50.0,21.8,1920,1080,0.053,1435.1,408.4
Round3,Q4,424,424.0,JAMESON,0.8547,563.7,393.4,43.3,16.7,1920,1080,0.035,585.4,401.8
Round3,Q4,424,424.0,JAMESON,0.8539,1114.6,193.1,36.9,13.2,1920,1080,0.023,1133.1,199.7
Round3,Q4,424,424.0,JAMESON,0.8538,1845.4,93.2,49.7,20.2,1920,1080,0.048,1870.3,103.3
Round3,Q4,424,424.0,JAMESON,0.8529,1397.0,163.4,41.9,15.1,1920,1080,0.031,1417.9,171.0
Round3,Q4,424,424.0,JAMESON,0.8504,934.2,206.5,36.0,12.1,1920,1080,0.021,952.2,212.6
Round3,Q4,424,424.0,JAMESON,0.8498,718.0,394.7,45.6,16.9,1920,1080,0.037,740.8,403.2
Round3,Q4,424,424.0,JAMESON,0.8485,1205.2,184.7,38.3,13.8,1920,1080,0.026,1224.3,191.7
Round3,Q4,424,424.0,JAMESON,0.8485,35.1,232.6,39.2,11.1,1920,1080,0.021,54.7,238.2
Round3,Q4,424,424.0,JAMESON,0.8484,485.4,393.6,42.7,15.8,1920,1080,0.032,506.8,401.5
Round3,Q4,424,424.0,JAMESON,0.8483,994.8,540.6,49.3,23.5,1920,1080,0.056,1019.4,552.4
Round3,Q4,424,424.0,JAMESON,0.8474,1502.7,149.6,42.5,15.9,1920,1080,0.033,1524.0,157.6
Round3,Q4,424,424.0,JAMESON,0.8471,224.3,232.0,38.4,11.5,1920,1080,0.021,243.4,237.8
Round3,Q4,424,424.0,JAMESON,0.847,1502.2,398.0,49.4,21.9,1920,1080,0.052,1526.9,408.9
Round3,Q4,424,424.0,JAMESON,0.8462,1607.2,134.2,45.6,17.8,1920,1080,0.039,1630.0,143.1
Round3,Q4,424,424.0,JAMESON,0.8457,1302.1,174.7,38.9,14.8,1920,1080,0.028,1321.5,182.1
Round3,Q4,424,424.0,JAMESON,0.8449,1325.8,397.7,46.8,20.0,1920,1080,0.045,1349.3,407.7
Round3,Q4,424,424.0,JAMESON,0.8442,493.7,226.5,36.6,12.4,1920,1080,0.022,512.0,232.7
Round3,Q4,424,424.0,JAMESON,0.8435,325.7,392.5,42.5,15.9,1920,1080,0.033,346.9,400.5
Round3,Q4,424,424.0,JAMESON,0.8428,156.8,391.0,46.0,16.2,1920,1080,0.036,179.8,399.0
Round3,Q4,424,424.0,JAMESON,0.8422,843.4,212.0,37.4,11.7,1920,1080,0.021,862.1,217.9
Round3,Q4,424,424.0,JAMESON,0.8398,910.3,532.7,46.7,23.1,1920,1080,0.052,933.7,544.2
Round3,Q4,424,424.0,JAMESON,0.8389,1694.4,627.3,71.7,37.9,1920,1080,0.131,1730.2,646.3
Round3,Q4,424,424.0,JAMESON,0.8364,800.9,395.1,42.6,16.8,1920,1080,0.035,822.2,403.5
Round3,Q4,424,424.0,JAMESON,0.8363,643.8,394.0,43.2,17.3,1920,1080,0.036,665.4,402.7
Round3,Q4,424,424.0,JAMESON,0.8347,1021.5,200.2,36.9,12.7,1920,1080,0.023,1040.0,206.5
Round3,Q4,424,424.0,JAMESON,0.8332,582.6,223.9,36.5,12.0,1920,1080,0.021,600.8,229.9
Round3,Q4,424,424.0,JAMESON,0.8327,1239.0,396.7,49.2,20.3,1920,1080,0.048,1263.6,406.8
Round3,Q4,424,424.0,JAMESON,0.8324,1467.3,591.4,58.3,31.5,1920,1080,0.089,1496.4,607.1
Round3,Q4,424,424.0,JAMESON,0.8322,405.3,228.9,37.9,12.1,1920,1080,0.022,424.2,235.0
Round3,Q4,424,424.0,JAMESON,0.8322,130.0,232.5,40.0,12.0,1920,1080,0.023,150.0,238.5
Round3,Q4,424,424.0,JAMESON,0.8317,330.6,502.2,46.0,19.2,1920,1080,0.043,353.6,511.8
Round3,Q4,424,424.0,JAMESON,0.8314,495.9,508.8,44.9,19.5,1920,1080,0.042,518.4,518.6
Round3,Q4,424,424.0,JAMESON,0.8312,1157.2,396.5,45.7,19.2,1920,1080,0.042,1180.1,406.1
Round3,Q4,424,424.0,JAMESON,0.8305,240.8,391.8,47.0,15.5,1920,1080,0.035,264.3,399.5
Round3,Q4,424,424.0,JAMESON,0.8269,73.8,493.4,47.6,17.7,1920,1080,0.041,97.6,502.2
Round3,Q4,424,424.0,JAMESON,0.8265,0.0,388.3,28.7,16.5,1920,1080,0.023,14.4,396.5
Round3,Q4,424,424.0,JAMESON,0.8259,0.0,490.3,40.0,20.2,1920,1080,0.039,20.0,500.4
Round3,Q4,424,424.0,JAMESON,0.8258,162.0,495.7,46.0,18.4,1920,1080,0.041,185.0,504.9
Round3,Q4,424,424.0,JAMESON,0.8237,878.6,395.2,43.7,18.0,1920,1080,0.038,900.4,404.2
Round3,Q4,424,424.0,JAMESON,0.8225,1075.3,396.6,47.6,18.1,1920,1080,0.042,1099.1,405.6
Round3,Q4,424,424.0,JAMESON,0.8223,1578.4,607.2,64.1,35.0,1920,1080,0.108,1610.5,624.7
Round3,Q4,424,424.0,JAMESON,0.8194,1362.5,578.7,58.8,28.7,1920,1080,0.081,1391.9,593.1
Round3,Q4,424,424.0,JAMESON,0.8191,314.0,230.1,39.0,12.6,1920,1080,0.024,333.4,236.4
Round3,Q4,424,424.0,JAMESON,0.8182,70.4,389.9,48.9,17.0,1920,1080,0.04,94.8,398.4
Round3,Q4,424,424.0,JAMESON,0.814,1267.1,567.3,54.3,28.0,1920,1080,0.073,1294.2,581.4
Round3,Q4,424,424.0,JAMESON,0.7919,1084.0,547.8,49.3,25.0,1920,1080,0.06,1108.7,560.3
Round3,Q4,424,424.0,JAMESON,0.7878,412.6,505.2,45.3,18.3,1920,1080,0.04,435.3,514.4
Round3,Q4,424,424.0,JAMESON,0.7844,742.1,521.5,48.4,21.3,1920,1080,0.05,766.3,532.2
Round3,Q4,424,424.0,JAMESON,0.7745,404.0,392.5,45.3,17.9,1920,1080,0.039,426.6,401.5
Round3,Q4,424,424.0,JAMESON,0.7721,998.2,395.3,42.1,18.7,1920,1080,0.038,1019.2,404.6
Round3,Q4,424,424.0,JAMESON,0.7119,1906.3,398.6,13.5,30.1,1920,1080,0.02,1913.0,413.7
Round3,Q4,424,424.0,JAMESON,0.4004,577.5,512.4,46.0,19.7,1920,1080,0.044,600.5,522.2
Round3,Q4,425,425.0,JAMESON,0.8763,1596.8,337.1,58.3,23.9,1920,1080,0.067,1625.9,349.1
Round3,Q4,425,425.0,JAMESON,0.8673,267.9,331.8,50.8,17.3,1920,1080,0.042,293.3,340.5
Round3,Q4,425,425.0,JAMESON,0.8667,1814.4,335.6,62.8,26.5,1920,1080,0.08,1845.7,348.9
Round3,Q4,425,425.0,JAMESON,0.8629,1358.6,93.5,45.2,16.2,1920,1080,0.035,1381.2,101.6
Round3,Q4,425,425.0,JAMESON,0.8626,362.3,333.2,46.6,17.1,1920,1080,0.039,385.7,341.8
Round3,Q4,425,425.0,JAMESON,0.8585,1117.0,501.4,55.2,26.8,1920,1080,0.071,1144.6,514.8
Round3,Q4,425,425.0,JAMESON,0.8539,1398.0,337.8,54.3,21.2,1920,1080,0.056,1425.2,348.4
Round3,Q4,425,425.0,JAMESON,0.8527,1304.7,338.0,50.5,20.1,1920,1080,0.049,1330.0,348.1
Round3,Q4,425,425.0,JAMESON,0.8525,1430.0,533.4,63.0,30.9,1920,1080,0.094,1461.5,548.9
Round3,Q4,425,425.0,JAMESON,0.8515,542.1,333.6,46.4,17.9,1920,1080,0.04,565.4,342.5
Round3,Q4,425,425.0,JAMESON,0.8509,1540.3,546.0,69.7,32.1,1920,1080,0.108,1575.2,562.0
Round3,Q4,425,425.0,JAMESON,0.85,629.6,335.2,47.7,17.8,1920,1080,0.041,653.5,344.1
Round3,Q4,425,425.0,JAMESON,0.8494,368.1,456.6,50.6,21.4,1920,1080,0.052,393.5,467.4
Round3,Q4,425,425.0,JAMESON,0.8494,1706.2,336.7,58.5,24.9,1920,1080,0.07,1735.4,349.2
Round3,Q4,425,425.0,JAMESON,0.8493,180.2,449.1,50.6,20.5,1920,1080,0.05,205.5,459.4
Round3,Q4,425,425.0,JAMESON,0.8481,1047.8,120.7,41.6,14.4,1920,1080,0.029,1068.6,127.9
Round3,Q4,425,425.0,JAMESON,0.8458,847.6,132.9,40.5,14.4,1920,1080,0.028,867.9,140.1
Round3,Q4,425,425.0,JAMESON,0.8454,452.0,148.0,41.0,13.5,1920,1080,0.027,472.4,154.8
Round3,Q4,425,425.0,JAMESON,0.8453,646.2,467.8,49.4,23.3,1920,1080,0.056,670.9,479.5
Round3,Q4,425,425.0,JAMESON,0.8444,719.4,335.7,46.5,17.8,1920,1080,0.04,742.7,344.6
Round3,Q4,425,425.0,JAMESON,0.8441,1585.5,65.9,47.8,18.0,1920,1080,0.041,1609.4,74.9
Round3,Q4,425,425.0,JAMESON,0.8427,1218.0,510.1,56.4,28.5,1920,1080,0.078,1246.2,524.4
Round3,Q4,425,425.0,JAMESON,0.8409,1020.4,493.4,53.6,25.3,1920,1080,0.065,1047.1,506.1
Round3,Q4,425,425.0,JAMESON,0.8406,1209.3,337.9,51.7,19.6,1920,1080,0.049,1235.2,347.7
Round3,Q4,425,425.0,JAMESON,0.8401,173.9,330.3,52.3,18.9,1920,1080,0.048,200.0,339.7
Round3,Q4,425,425.0,JAMESON,0.84,1836.3,28.0,55.2,20.2,1920,1080,0.054,1863.9,38.1
Round3,Q4,425,425.0,JAMESON,0.8395,78.1,328.9,52.5,18.3,1920,1080,0.046,104.4,338.0
Round3,Q4,425,425.0,JAMESON,0.8386,1499.7,337.9,52.6,21.2,1920,1080,0.054,1525.9,348.5
Round3,Q4,425,425.0,JAMESON,0.8376,1148.3,113.3,41.1,14.9,1920,1080,0.03,1168.9,120.7
Round3,Q4,425,425.0,JAMESON,0.8375,650.1,142.1,40.3,14.4,1920,1080,0.028,670.3,149.3
Round3,Q4,425,425.0,JAMESON,0.837,82.0,445.3,52.7,20.2,1920,1080,0.051,108.3,455.4
Round3,Q4,425,425.0,JAMESON,0.8364,830.5,479.3,51.9,24.1,1920,1080,0.06,856.4,491.4
Round3,Q4,425,425.0,JAMESON,0.8359,895.3,336.6,48.5,17.4,1920,1080,0.041,919.6,345.3
Round3,Q4,425,425.0,JAMESON,0.8357,1663.3,561.0,69.4,34.9,1920,1080,0.117,1698.0,578.4
Round3,Q4,425,425.0,JAMESON,0.8356,945.2,127.3,41.5,15.3,1920,1080,0.031,966.0,134.9
Round3,Q4,425,425.0,JAMESON,0.8346,35.9,151.1,45.5,14.0,1920,1080,0.031,58.6,158.1
Round3,Q4,425,425.0,JAMESON,0.8345,349.2,149.2,43.6,14.5,1920,1080,0.03,371.0,156.5
Round3,Q4,425,425.0,JAMESON,0.8344,248.5,150.6,42.6,14.3,1920,1080,0.029,269.8,157.8
Round3,Q4,425,425.0,JAMESON,0.8342,550.1,144.9,41.5,14.4,1920,1080,0.029,570.9,152.1
Round3,Q4,425,425.0,JAMESON,0.8333,985.1,336.9,48.2,19.4,1920,1080,0.045,1009.2,346.6
Round3,Q4,425,425.0,JAMESON,0.8331,1253.8,104.3,43.9,16.2,1920,1080,0.034,1275.7,112.4
Round3,Q4,425,425.0,JAMESON,0.8296,1471.6,81.1,46.0,17.5,1920,1080,0.039,1494.6,89.8
Round3,Q4,425,425.0,JAMESON,0.8262,460.5,460.0,50.3,20.9,1920,1080,0.051,485.6,470.5
Round3,Q4,425,425.0,JAMESON,0.8252,804.4,335.6,49.8,19.0,1920,1080,0.046,829.3,345.1
Round3,Q4,425,425.0,JAMESON,0.825,450.9,333.3,49.9,18.6,1920,1080,0.045,475.8,342.6
Round3,Q4,425,425.0,JAMESON,0.8225,1120.3,336.8,48.4,19.5,1920,1080,0.045,1144.5,346.5
Round3,Q4,425,425.0,JAMESON,0.8201,1708.9,48.1,52.4,19.5,1920,1080,0.049,1735.1,57.8
Round3,Q4,425,425.0,JAMESON,0.8183,0.0,327.8,31.6,17.9,1920,1080,0.027,15.8,336.7
Round3,Q4,425,425.0,JAMESON,0.8109,142.5,150.6,45.9,15.0,1920,1080,0.033,165.4,158.1
Round3,Q4,425,425.0,JAMESON,0.7972,554.1,463.7,49.4,22.3,1920,1080,0.053,578.8,474.8
Round3,Q4,425,425.0,JAMESON,0.796,0.0,442.7,41.8,20.8,1920,1080,0.042,20.9,453.2
Round3,Q4,425,425.0,JAMESON,0.4946,275.8,452.6,47.0,21.9,1920,1080,0.05,299.3,463.6
Round3,Q4,425,425.0,JAMESON,0.4781,736.8,473.9,42.5,21.7,1920,1080,0.044,758.0,484.7
Round3,Q4,426,426.0,JAMESON,0.8809,1545.8,249.3,63.6,26.4,1920,1080,0.081,1577.6,262.5
Round3,Q4,426,426.0,JAMESON,0.8776,1318.7,250.0,59.8,24.8,1920,1080,0.071,1348.5,262.4
Round3,Q4,426,426.0,JAMESON,0.875,1668.6,248.1,64.1,27.5,1920,1080,0.085,1700.7,261.8
Round3,Q4,426,426.0,JAMESON,0.871,81.6,241.1,59.2,20.7,1920,1080,0.059,111.2,251.4
Round3,Q4,426,426.0,JAMESON,0.8704,194.7,243.8,59.4,19.1,1920,1080,0.055,224.4,253.4
Round3,Q4,426,426.0,JAMESON,0.8688,1432.8,249.4,59.0,25.7,1920,1080,0.073,1462.3,262.2
Round3,Q4,426,426.0,JAMESON,0.8683,305.6,245.1,56.2,20.4,1920,1080,0.055,333.7,255.3
Round3,Q4,426,426.0,JAMESON,0.8677,1789.6,247.2,69.7,28.7,1920,1080,0.096,1824.5,261.5
Round3,Q4,426,426.0,JAMESON,0.8661,1210.6,249.4,55.2,23.8,1920,1080,0.063,1238.2,261.4
Round3,Q4,426,426.0,JAMESON,0.8601,1090.7,437.8,61.9,29.3,1920,1080,0.087,1121.7,452.4
Round3,Q4,426,426.0,JAMESON,0.8585,1048.3,250.2,57.0,23.0,1920,1080,0.063,1076.8,261.7
Round3,Q4,426,426.0,JAMESON,0.8562,521.0,247.8,55.1,20.6,1920,1080,0.055,548.5,258.0
Round3,Q4,426,426.0,JAMESON,0.8558,943.8,249.4,55.0,22.1,1920,1080,0.059,971.3,260.5
Round3,Q4,426,426.0,JAMESON,0.8549,424.8,398.2,59.5,24.5,1920,1080,0.07,454.6,410.5
Round3,Q4,426,426.0,JAMESON,0.8535,1003.4,1.6,44.7,13.0,1920,1080,0.028,1025.8,8.1
Round3,Q4,426,426.0,JAMESON,0.8525,1583.0,483.1,72.4,36.6,1920,1080,0.128,1619.2,501.4
Round3,Q4,426,426.0,JAMESON,0.852,411.3,22.7,48.7,15.8,1920,1080,0.037,435.7,30.5
Round3,Q4,426,426.0,JAMESON,0.8511,625.0,248.6,55.9,20.6,1920,1080,0.055,653.0,258.9
Round3,Q4,426,426.0,JAMESON,0.8489,314.5,392.9,59.0,25.1,1920,1080,0.071,344.0,405.5
Round3,Q4,426,426.0,JAMESON,0.8481,833.8,249.7,57.9,21.9,1920,1080,0.061,862.7,260.7
Round3,Q4,426,426.0,JAMESON,0.848,529.0,20.4,48.6,15.4,1920,1080,0.036,553.3,28.0
Round3,Q4,426,426.0,JAMESON,0.8472,1326.4,456.9,66.0,33.0,1920,1080,0.105,1359.4,473.4
Round3,Q4,426,426.0,JAMESON,0.8447,732.4,249.0,53.4,20.8,1920,1080,0.054,759.1,259.5
Round3,Q4,426,426.0,JAMESON,0.8443,88.1,381.8,61.1,25.7,1920,1080,0.076,118.6,394.6
Round3,Q4,426,426.0,JAMESON,0.8436,885.4,4.6,46.7,17.2,1920,1080,0.039,908.7,13.2
Round3,Q4,426,426.0,JAMESON,0.8416,1204.6,446.6,65.7,32.3,1920,1080,0.102,1237.4,462.7
Round3,Q4,426,426.0,JAMESON,0.8358,167.2,24.7,50.0,16.2,1920,1080,0.039,192.2,32.8
Round3,Q4,426,426.0,JAMESON,0.8354,40.6,24.4,51.8,15.3,1920,1080,0.038,66.5,32.1
Round3,Q4,426,426.0,JAMESON,0.8351,766.8,11.9,38.4,14.9,1920,1080,0.028,786.0,19.3
Round3,Q4,426,426.0,JAMESON,0.8338,644.8,407.9,58.0,26.4,1920,1080,0.074,673.8,421.1
Round3,Q4,426,426.0,JAMESON,0.832,0.0,378.7,32.3,23.2,1920,1080,0.036,16.2,390.3
Round3,Q4,426,426.0,JAMESON,0.8287,412.3,246.1,57.3,21.6,1920,1080,0.06,441.0,256.9
Round3,Q4,426,426.0,JAMESON,0.8241,289.7,24.4,49.4,15.7,1920,1080,0.037,314.4,32.3
Round3,Q4,426,426.0,JAMESON,0.8199,649.2,16.5,47.1,15.9,1920,1080,0.036,672.7,24.5
Round3,Q4,426,426.0,JAMESON,0.7941,1718.8,499.2,80.7,39.0,1920,1080,0.152,1759.2,518.6
Round3,Q4,426,426.0,JAMESON,0.785,1871.5,516.2,48.4,41.4,1920,1080,0.097,1895.7,536.9
Round3,Q4,426,426.0,JAMESON,0.7841,0.1,239.0,27.5,20.4,1920,1080,0.027,13.8,249.2
Round3,Q4,426,426.0,JAMESON,0.7766,538.3,402.7,54.6,24.7,1920,1080,0.065,565.6,415.1
Round3,Q4,426,426.0,JAMESON,0.634,755.1,413.9,45.8,26.1,1920,1080,0.058,778.0,426.9
Round3,Q4,426,426.0,JAMESON,0.3784,203.5,387.6,54.7,23.1,1920,1080,0.061,230.9,399.2
Round3,Q4,427,427.0,JAMESON,0.8749,1738.0,466.2,63.6,30.2,1920,1080,0.093,1769.8,481.3
Round3,Q4,427,427.0,JAMESON,0.8566,1813.6,272.8,54.1,22.3,1920,1080,0.058,1840.7,284.0
Round3,Q4,427,427.0,JAMESON,0.8513,1422.5,435.2,55.0,26.1,1920,1080,0.069,1450.0,448.3
Round3,Q4,427,427.0,JAMESON,0.8512,1523.6,444.2,55.6,26.6,1920,1080,0.071,1551.5,457.5
Round3,Q4,427,427.0,JAMESON,0.8499,970.2,403.7,48.7,20.0,1920,1080,0.047,994.6,413.7
Round3,Q4,427,427.0,JAMESON,0.8466,1257.3,72.5,43.3,14.7,1920,1080,0.031,1279.0,79.8
Round3,Q4,427,427.0,JAMESON,0.8445,1328.7,428.0,51.4,23.1,1920,1080,0.057,1354.4,439.6
Round3,Q4,427,427.0,JAMESON,0.8425,1458.5,55.3,44.3,16.0,1920,1080,0.034,1480.6,63.3
Round3,Q4,427,427.0,JAMESON,0.8392,1516.7,275.4,52.2,19.0,1920,1080,0.048,1542.9,284.9
Round3,Q4,427,427.0,JAMESON,0.8388,1707.7,274.3,55.8,20.4,1920,1080,0.055,1735.7,284.5
Round3,Q4,427,427.0,JAMESON,0.8374,1612.6,274.7,51.5,20.1,1920,1080,0.05,1638.4,284.8
Round3,Q4,427,427.0,JAMESON,0.8372,1294.5,276.5,48.8,17.9,1920,1080,0.042,1318.9,285.4
Round3,Q4,427,427.0,JAMESON,0.8372,873.3,275.7,45.8,15.9,1920,1080,0.035,896.2,283.6
Round3,Q4,427,427.0,JAMESON,0.8341,1427.8,274.7,48.0,19.6,1920,1080,0.045,1451.8,284.5
Round3,Q4,427,427.0,JAMESON,0.8336,716.1,391.4,46.1,18.9,1920,1080,0.042,739.2,400.8
Round3,Q4,427,427.0,JAMESON,0.8322,1208.1,275.9,48.2,17.3,1920,1080,0.04,1232.2,284.6
Round3,Q4,427,427.0,JAMESON,0.8321,461.1,380.9,48.6,17.9,1920,1080,0.042,485.4,389.9
Round3,Q4,427,427.0,JAMESON,0.8295,1.8,266.8,60.3,16.4,1920,1080,0.048,31.9,274.9
Round3,Q4,427,427.0,JAMESON,0.8293,1565.0,43.7,46.0,17.7,1920,1080,0.039,1588.0,52.5
Round3,Q4,427,427.0,JAMESON,0.8292,1791.8,15.1,49.1,17.9,1920,1080,0.042,1816.4,24.1
Round3,Q4,427,427.0,JAMESON,0.8282,1145.4,414.5,51.3,21.7,1920,1080,0.054,1171.0,425.3
Round3,Q4,427,427.0,JAMESON,0.8279,1851.7,478.6,67.9,33.6,1920,1080,0.11,1885.7,495.4
Round3,Q4,427,427.0,JAMESON,0.8263,955.3,276.4,47.2,16.5,1920,1080,0.037,978.9,284.6
Round3,Q4,427,427.0,JAMESON,0.8258,880.9,95.9,42.4,13.4,1920,1080,0.027,902.1,102.6
Round3,Q4,427,427.0,JAMESON,0.8244,1163.9,79.9,40.9,14.1,1920,1080,0.028,1184.3,86.9
Round3,Q4,427,427.0,JAMESON,0.8228,1039.4,276.3,46.3,16.4,1920,1080,0.037,1062.5,284.5
Round3,Q4,427,427.0,JAMESON,0.8226,707.0,275.0,46.1,16.2,1920,1080,0.036,730.0,283.1
Round3,Q4,427,427.0,JAMESON,0.822,1673.2,31.0,47.5,17.4,1920,1080,0.04,1697.0,39.7
Round3,Q4,427,427.0,JAMESON,0.8216,1358.3,64.2,43.0,14.8,1920,1080,0.031,1379.8,71.6
Round3,Q4,427,427.0,JAMESON,0.8194,511.1,107.1,46.0,14.7,1920,1080,0.033,534.0,114.4
Round3,Q4,427,427.0,JAMESON,0.8184,545.9,384.1,46.8,17.6,1920,1080,0.04,569.3,393.0
Round3,Q4,427,427.0,JAMESON,0.8175,371.1,272.7,46.8,15.1,1920,1080,0.034,394.5,280.2
Round3,Q4,427,427.0,JAMESON,0.8174,418.6,109.0,43.6,12.9,1920,1080,0.027,440.4,115.5
Round3,Q4,427,427.0,JAMESON,0.8165,799.1,395.5,48.1,18.3,1920,1080,0.042,823.1,404.7
Round3,Q4,427,427.0,JAMESON,0.8136,696.6,102.6,43.8,13.4,1920,1080,0.028,718.5,109.3
Round3,Q4,427,427.0,JAMESON,0.8132,788.5,99.5,42.9,13.6,1920,1080,0.028,810.0,106.3
Round3,Q4,427,427.0,JAMESON,0.8132,275.7,376.1,49.6,17.1,1920,1080,0.041,300.6,384.7
Round3,Q4,427,427.0,JAMESON,0.812,76.5,371.4,56.4,17.4,1920,1080,0.047,104.8,380.1
Round3,Q4,427,427.0,JAMESON,0.8108,101.8,269.5,55.3,15.9,1920,1080,0.042,129.5,277.5
Round3,Q4,427,427.0,JAMESON,0.8091,226.3,108.5,45.3,13.7,1920,1080,0.03,249.0,115.3
Round3,Q4,427,427.0,JAMESON,0.8088,1128.0,276.1,41.4,17.1,1920,1080,0.034,1148.8,284.6
Round3,Q4,427,427.0,JAMESON,0.8077,604.8,105.2,43.8,13.7,1920,1080,0.029,626.7,112.1
Round3,Q4,427,427.0,JAMESON,0.8069,974.6,90.8,41.9,14.3,1920,1080,0.029,995.5,98.0
Round3,Q4,427,427.0,JAMESON,0.8046,1056.9,408.8,44.6,18.7,1920,1080,0.04,1079.2,418.1
Round3,Q4,427,427.0,JAMESON,0.8025,886.0,397.8,45.4,20.2,1920,1080,0.044,908.7,407.9
Round3,Q4,427,427.0,JAMESON,0.8,623.7,275.2,49.0,15.6,1920,1080,0.037,648.2,283.0
Round3,Q4,427,427.0,JAMESON,0.7937,541.6,274.1,47.2,16.2,1920,1080,0.037,565.2,282.2
Round3,Q4,427,427.0,JAMESON,0.7918,123.0,107.3,50.3,14.6,1920,1080,0.035,148.1,114.6
Round3,Q4,427,427.0,JAMESON,0.7918,374.8,378.3,50.5,18.3,1920,1080,0.044,400.0,387.4
Round3,Q4,427,427.0,JAMESON,0.7876,322.0,109.1,47.1,13.8,1920,1080,0.031,345.6,116.0
Round3,Q4,427,427.0,JAMESON,0.783,194.8,270.2,51.2,15.5,1920,1080,0.038,220.4,277.9
Round3,Q4,427,427.0,JAMESON,0.7805,455.8,273.2,49.6,15.7,1920,1080,0.038,480.6,281.1
Round3,Q4,427,427.0,JAMESON,0.7704,19.5,104.9,47.7,13.7,1920,1080,0.032,43.4,111.8
Round3,Q4,427,427.0,JAMESON,0.7597,0.0,370.1,21.8,17.3,1920,1080,0.018,10.9,378.7
Round3,Q4,427,427.0,JAMESON,0.7276,790.1,275.3,47.8,16.2,1920,1080,0.037,813.9,283.4
Round3,Q4,427,427.0,JAMESON,0.726,178.4,373.5,56.8,18.5,1920,1080,0.051,206.7,382.8
Round3,Q4,427,427.0,JAMESON,0.6635,284.5,271.2,51.0,15.7,1920,1080,0.039,310.0,279.0
Round3,Q4,427,427.0,JAMESON,0.5352,1066.5,85.8,40.7,13.6,1920,1080,0.027,1086.9,92.6
Round3,Q4,427,427.0,JAMESON,0.4722,1911.6,1.6,8.4,17.2,1920,1080,0.007,1915.8,10.3
Round3,Q4,427,427.0,JAMESON,0.3067,628.3,388.0,49.1,18.4,1920,1080,0.043,652.8,397.2
Round3,Q4,428,428.0,JAMESON,0.8434,1087.0,9.6,64.9,27.4,1920,1080,0.086,1119.5,23.3
Round3,Q4,428,428.0,JAMESON,0.8411,864.0,9.1,63.3,28.0,1920,1080,0.086,895.6,23.1
Round3,Q4,428,428.0,JAMESON,0.8405,976.0,153.5,65.5,30.6,1920,1080,0.097,1008.7,168.8
Round3,Q4,428,428.0,JAMESON,0.835,169.2,1.7,69.6,26.9,1920,1080,0.09,204.0,15.1
Round3,Q4,428,428.0,JAMESON,0.8342,1431.3,172.2,74.0,30.4,1920,1080,0.108,1468.3,187.4
Round3,Q4,428,428.0,JAMESON,0.8328,412.2,3.8,64.8,28.4,1920,1080,0.089,444.6,18.0
Round3,Q4,428,428.0,JAMESON,0.8314,1088.7,157.9,66.2,32.4,1920,1080,0.103,1121.8,174.1
Round3,Q4,428,428.0,JAMESON,0.8198,1310.9,8.8,68.9,29.0,1920,1080,0.096,1345.3,23.3
Round3,Q4,428,428.0,JAMESON,0.8184,526.2,4.7,68.3,29.5,1920,1080,0.097,560.4,19.4
Round3,Q4,428,428.0,JAMESON,0.8158,354.8,137.4,74.0,30.3,1920,1080,0.108,391.8,152.6
Round3,Q4,428,428.0,JAMESON,0.7952,642.8,5.9,62.4,30.5,1920,1080,0.092,673.9,21.1
Round3,Q4,428,428.0,JAMESON,0.7914,204.4,134.7,80.3,29.8,1920,1080,0.115,244.5,149.5
Round3,Q4,428,428.0,JAMESON,0.7907,490.8,141.6,71.7,29.6,1920,1080,0.102,526.7,156.4
Round3,Q4,428,428.0,JAMESON,0.7883,1195.9,9.5,70.4,27.6,1920,1080,0.094,1231.1,23.3
Round3,Q4,428,428.0,JAMESON,0.7745,42.1,1.0,74.9,27.5,1920,1080,0.099,79.6,14.7
Round3,Q4,428,428.0,JAMESON,0.7565,972.6,10.3,66.8,25.6,1920,1080,0.083,1006.1,23.2
Round3,Q4,428,428.0,JAMESON,0.7406,1545.5,5.2,69.0,30.2,1920,1080,0.1,1580.1,20.3
Round3,Q4,428,428.0,JAMESON,0.6672,1663.0,3.3,80.2,29.3,1920,1080,0.113,1703.1,17.9
Round3,Q4,428,428.0,JAMESON,0.5763,738.3,147.3,63.3,27.9,1920,1080,0.085,770.0,161.3
Round3,Q4,428,428.0,JAMESON,0.559,57.4,130.1,85.8,32.6,1920,1080,0.135,100.3,146.4
Round3,Q4,428,428.0,JAMESON,0.5381,1314.3,168.8,72.8,31.9,1920,1080,0.112,1350.7,184.7
Round3,Q4,428,428.0,JAMESON,0.4879,859.4,151.0,72.5,27.5,1920,1080,0.096,895.7,164.7
Round3,Q4,428,428.0,JAMESON,0.4786,1680.4,181.1,76.0,34.3,1920,1080,0.126,1718.4,198.3
Round3,Q4,428,428.0,JAMESON,0.3497,1788.7,2.6,86.7,27.7,1920,1080,0.116,1832.0,16.5
Round3,Q4,428,428.0,JAMESON,0.3234,1553.9,175.0,74.6,35.5,1920,1080,0.128,1591.2,192.7
Round3,Q4,429,429.0,EMIRATES,0.9183,927.2,496.8,92.2,34.6,1920,1080,0.154,973.3,514.1
Round3,Q4,430,430.0,EMIRATES,0.8829,909.2,366.3,82.8,43.3,1920,1080,0.173,950.6,388.0
Round3,Q4,431,431.0,EMIRATES,0.877,940.7,475.1,55.8,31.5,1920,1080,0.085,968.6,490.8
Round3,Q4,434,434.0,EMIRATES,0.8608,0.0,835.6,86.5,66.5,1920,1080,0.277,43.3,868.8
Round3,Q4,436,436.0,EMIRATES,0.7375,799.9,563.4,15.6,8.5,1920,1080,0.006,807.7,567.6
Round3,Q4,438,438.0,EMIRATES,0.8906,19.5,272.1,35.8,12.3,1920,1080,0.021,37.4,278.2
Round3,Q4,438,438.0,EMIRATES,0.8014,726.4,312.0,27.3,15.8,1920,1080,0.021,740.0,319.9
Round3,Q4,438,438.0,EMIRATES,0.7986,905.5,522.7,35.7,18.7,1920,1080,0.032,923.3,532.1
Round3,Q4,442,442.0,EMIRATES,0.8706,373.7,483.1,55.3,21.8,1920,1080,0.058,401.3,494.0
Round3,Q4,442,442.0,EMIRATES,0.7537,1881.0,408.1,38.9,16.1,1920,1080,0.03,1900.4,416.1
Round3,Q4,443,443.0,EMIRATES,0.8845,320.8,414.5,39.5,32.0,1920,1080,0.061,340.6,430.5
Round3,Q4,443,443.0,EMIRATES,0.8814,1844.2,412.4,55.4,20.2,1920,1080,0.054,1871.9,422.5
Round3,Q4,443,443.0,EMIRATES,0.8586,667.2,197.1,38.4,16.7,1920,1080,0.031,686.4,205.4
Round3,Q4,444,444.0,EMIRATES,0.8955,837.6,393.1,38.3,30.0,1920,1080,0.055,856.8,408.1
Round3,Q4,444,444.0,EMIRATES,0.8768,1434.9,79.6,42.0,17.6,1920,1080,0.036,1455.9,88.4
Round3,Q4,445,445.0,EMIRATES,0.8749,178.4,270.0,44.8,15.9,1920,1080,0.034,200.9,277.9
Round3,Q4,447,447.0,EMIRATES,0.5451,749.4,421.2,21.2,13.6,1920,1080,0.014,760.0,428.0
Round3,Q4,452,452.0,EMIRATES,0.6607,1800.7,549.0,13.6,64.7,1920,1080,0.042,1807.5,581.4
Round3,Q4,452,452.0,EMIRATES,0.5006,1803.6,493.5,15.4,51.6,1920,1080,0.038,1811.3,519.3
Round3,Q4,452,452.0,EMIRATES,0.4713,1410.0,495.2,13.7,61.0,1920,1080,0.04,1416.9,525.7
Round3,Q4,452,452.0,EMIRATES,0.4454,1411.4,446.5,14.5,46.8,1920,1080,0.033,1418.6,469.9
Round3,Q4,452,452.0,EMIRATES,0.4249,1594.6,526.3,13.3,57.3,1920,1080,0.037,1601.3,554.9
Round3,Q4,453,453.0,EMIRATES,0.8476,1230.7,3.5,49.5,180.1,1920,1080,0.43,1255.5,93.6
Round3,Q4,453,453.0,EMIRATES,0.8102,1013.2,581.0,47.4,19.6,1920,1080,0.045,1036.9,590.8
Round3,Q4,453,453.0,EMIRATES,0.777,97.1,1068.9,46.1,11.1,1920,1080,0.025,120.2,1074.4
Round3,Q4,454,454.0,EMIRATES,0.8548,1524.7,305.8,52.9,253.0,1920,1080,0.645,1551.1,432.3
Round3,Q4,454,454.0,EMIRATES,0.8319,742.7,210.0,49.5,244.7,1920,1080,0.584,767.4,332.3
Round3,Q4,454,454.0,EMIRATES,0.7935,691.0,635.8,36.5,14.0,1920,1080,0.025,709.2,642.8
Round3,Q4,454,454.0,EMIRATES,0.7751,4.2,118.9,47.0,250.4,1920,1080,0.568,27.7,244.1
Round3,Q4,454,454.0,EMIRATES,0.7255,1364.2,506.1,35.9,11.2,1920,1080,0.019,1382.2,511.7
Round3,Q4,454,454.0,EMIRATES,0.7105,1529.4,59.4,55.1,225.6,1920,1080,0.599,1556.9,172.2
Round3,Q4,454,454.0,EMIRATES,0.6605,737.9,2.5,56.7,191.1,1920,1080,0.522,766.2,98.0
Round3,Q4,455,455.0,EMIRATES,0.8919,1371.6,477.9,39.6,12.2,1920,1080,0.023,1391.4,484.0
Round3,Q4,455,455.0,EMIRATES,0.8897,724.5,896.4,38.6,14.6,1920,1080,0.027,743.8,903.7
Round3,Q4,455,455.0,EMIRATES,0.856,0.8,508.1,39.8,12.5,1920,1080,0.024,20.7,514.3
Round3,Q4,455,455.0,EMIRATES,0.8411,1160.9,234.5,55.5,262.4,1920,1080,0.702,1188.7,365.7
Round3,Q4,455,455.0,EMIRATES,0.8255,354.8,132.6,55.9,260.5,1920,1080,0.702,382.7,262.9
Round3,Q4,455,455.0,EMIRATES,0.5483,1168.5,0.7,53.3,215.3,1920,1080,0.554,1195.2,108.4
Round3,Q4,456,456.0,EMIRATES,0.8546,1163.5,574.4,39.7,15.7,1920,1080,0.03,1183.3,582.2
Round3,Q4,456,456.0,EMIRATES,0.6733,1245.9,415.3,53.1,297.2,1920,1080,0.761,1272.5,563.9
Round3,Q4,456,456.0,EMIRATES,0.6303,1414.6,435.4,50.4,363.3,1920,1080,0.883,1439.8,617.1
Round3,Q4,456,456.0,EMIRATES,0.4416,1053.4,226.5,43.8,131.6,1920,1080,0.278,1075.3,292.3
Round3,Q4,456,456.0,EMIRATES,0.3427,1059.4,409.8,30.7,204.6,1920,1080,0.303,1074.7,512.2
Round3,Q4,457,457.0,EMIRATES,0.7738,1171.4,527.4,13.3,69.6,1920,1080,0.045,1178.0,562.3
Round3,Q4,457,457.0,EMIRATES,0.7344,949.3,501.2,13.3,64.3,1920,1080,0.041,956.0,533.3
Round3,Q4,457,457.0,EMIRATES,0.6284,742.1,470.1,12.7,65.0,1920,1080,0.04,748.5,502.6
Round3,Q4,457,457.0,EMIRATES,0.4881,742.5,412.6,13.6,55.7,1920,1080,0.036,749.3,440.4
Round3,Q4,457,457.0,EMIRATES,0.4819,548.3,447.0,11.9,65.4,1920,1080,0.038,554.3,479.7
Round3,Q4,457,457.0,EMIRATES,0.409,1174.4,464.5,12.7,54.6,1920,1080,0.033,1180.8,491.8
Round3,Q4,457,457.0,EMIRATES,0.3419,950.9,437.5,13.8,53.1,1920,1080,0.035,957.8,464.1
Round3,Q4,458,458.0,EMIRATES,0.8562,1413.2,293.1,41.9,14.1,1920,1080,0.028,1434.2,300.1
Round3,Q4,459,459.0,EMIRATES,0.862,1192.2,441.0,35.3,12.9,1920,1080,0.022,1209.9,447.4
Round3,Q4,460,460.0,EMIRATES,0.8621,82.7,82.7,36.6,15.5,1920,1080,0.027,101.0,90.4
Round3,Q4,461,461.0,EMIRATES,0.6192,862.8,733.3,10.5,52.5,1920,1080,0.027,868.0,759.5
Round3,Q4,461,461.0,EMIRATES,0.4944,1193.9,776.4,11.1,57.3,1920,1080,0.031,1199.5,805.1
Round3,Q4,461,461.0,EMIRATES,0.4182,1022.8,760.2,10.7,48.1,1920,1080,0.025,1028.1,784.3
Round3,Q4,462,462.0,EMIRATES,0.5867,1026.0,770.1,10.7,47.7,1920,1080,0.025,1031.3,793.9
Round3,Q4,462,462.0,EMIRATES,0.3068,1198.2,739.0,11.3,38.8,1920,1080,0.021,1203.8,758.4
Round3,Q4,462,462.0,EMIRATES,0.3052,1197.5,789.0,10.5,54.1,1920,1080,0.028,1202.8,816.0
Round3,Q4,463,463.0,EMIRATES,0.4454,1281.9,675.0,14.7,78.0,1920,1080,0.055,1289.3,714.0
Round3,Q4,463,463.0,EMIRATES,0.4187,830.5,558.0,13.6,57.4,1920,1080,0.038,837.3,586.7
Round3,Q4,463,463.0,EMIRATES,0.3391,1048.9,584.4,13.2,53.1,1920,1080,0.034,1055.5,610.9
Round3,Q4,464,464.0,EMIRATES,0.8519,1085.9,385.5,59.2,353.8,1920,1080,1.01,1115.5,562.4
Round3,Q4,464,464.0,EMIRATES,0.7294,1090.1,60.6,61.5,212.9,1920,1080,0.631,1120.9,167.1
Round3,Q4,464,464.0,EMIRATES,0.3279,843.0,424.7,51.7,17.4,1920,1080,0.043,868.9,433.4
Round3,Q4,464,464.0,EMIRATES,0.3052,0.0,6.6,26.4,232.5,1920,1080,0.297,13.2,122.9
Round3,Q4,465,465.0,EMIRATES,0.7395,968.4,9.9,55.6,239.0,1920,1080,0.641,996.2,129.4
Round3,Q4,465,465.0,EMIRATES,0.3398,964.3,555.5,58.2,206.2,1920,1080,0.579,993.4,658.6
Round3,Q4,466,466.0,EMIRATES,0.8763,841.5,611.2,47.4,18.5,1920,1080,0.042,865.2,620.5
Round3,Q4,466,466.0,EMIRATES,0.7955,1057.5,356.8,65.6,437.9,1920,1080,1.386,1090.3,575.8
Round3,Q4,466,466.0,EMIRATES,0.7617,1061.8,3.7,60.1,208.9,1920,1080,0.605,1091.8,108.2
Round3,Q4,467,467.0,EMIRATES,0.9061,984.8,522.7,159.1,48.5,1920,1080,0.372,1064.3,546.9
Round3,Q4,468,468.0,EMIRATES,0.8978,1077.0,656.6,163.4,49.8,1920,1080,0.393,1158.7,681.5
Round3,Q4,469,469.0,EMIRATES,0.9157,890.4,548.5,130.1,52.5,1920,1080,0.329,955.5,574.7
Round3,Q4,470,470.0,EMIRATES,0.8939,719.6,489.9,164.0,52.8,1920,1080,0.418,801.6,516.3
Round3,Q4,470,470.0,EMIRATES,0.8771,976.0,821.7,65.4,65.4,1920,1080,0.206,1008.7,854.4
Round3,Q4,481,481.0,EMIRATES,0.8237,1631.2,40.7,32.6,13.9,1920,1080,0.022,1647.5,47.7
Round3,Q4,482,482.0,EMIRATES,0.3226,1115.3,314.7,31.8,15.2,1920,1080,0.023,1131.2,322.3
Round3,Q4,484,484.0,EMIRATES,0.8849,559.6,632.5,40.5,13.2,1920,1080,0.026,579.8,639.0
Round3,Q4,485,485.0,EMIRATES,0.8733,944.8,372.8,42.8,13.7,1920,1080,0.028,966.2,379.6
Round3,Q4,488,488.0,EMIRATES,0.4443,751.3,347.9,12.3,80.0,1920,1080,0.047,757.4,387.9
Round3,Q4,488,488.0,EMIRATES,0.3963,882.6,363.7,13.3,83.7,1920,1080,0.054,889.2,405.6
Round3,Q4,488,488.0,EMIRATES,0.3021,1179.5,444.0,9.6,50.2,1920,1080,0.023,1184.3,469.1
Round3,Q4,489,489.0,EMIRATES,0.8911,1050.3,418.4,49.5,16.4,1920,1080,0.039,1075.0,426.6
Round3,Q4,489,489.0,EMIRATES,0.8333,772.8,7.1,48.8,248.3,1920,1080,0.584,797.2,131.2
Round3,Q4,490,490.0,EMIRATES,0.8965,549.9,472.5,52.3,23.1,1920,1080,0.058,576.0,484.1
Round3,Q4,490,490.0,EMIRATES,0.8496,0.0,279.8,30.0,24.3,1920,1080,0.035,15.0,292.0
Round3,Q4,490,490.0,EMIRATES,0.7822,450.4,1.5,59.4,251.2,1920,1080,0.719,480.1,127.1
Round3,Q4,491,491.0,CYBERCX,0.8387,711.1,324.3,33.9,14.1,1920,1080,0.023,728.0,331.4
Round3,Q4,491,491.0,CYBERCX,0.8242,919.8,323.2,31.6,12.9,1920,1080,0.02,935.6,329.7
Round3,Q4,491,491.0,CYBERCX,0.8155,750.3,324.4,32.6,12.9,1920,1080,0.02,766.6,330.9
Round3,Q4,491,491.0,CYBERCX,0.7714,672.3,324.9,33.2,14.3,1920,1080,0.023,688.9,332.1
Round3,Q4,491,491.0,CYBERCX,0.7564,883.9,323.1,31.0,12.9,1920,1080,0.019,899.4,329.6
Round3,Q4,491,491.0,CYBERCX,0.7363,956.1,323.1,32.8,12.8,1920,1080,0.02,972.5,329.5
Round3,Q4,495,495.0,EMIRATES,0.3004,194.7,879.3,40.1,17.9,1920,1080,0.035,214.8,888.2
Round3,Q4,496,496.0,EMIRATES,0.6851,52.7,995.4,21.8,10.7,1920,1080,0.011,63.5,1000.8
Round3,Q4,497,497.0,CRUSADER_CARAVANS,0.4376,1678.5,72.1,50.5,19.5,1920,1080,0.048,1703.8,81.9
Round3,Q4,497,497.0,EMIRATES,0.3654,39.9,957.3,23.6,8.7,1920,1080,0.01,51.7,961.7
Round3,Q4,497,497.0,CRUSADER_CARAVANS,0.3466,1787.5,58.9,41.4,16.1,1920,1080,0.032,1808.2,66.9
Round3,Q4,498,498.0,EMIRATES,0.5622,139.8,915.7,20.6,7.8,1920,1080,0.008,150.1,919.6
Round3,Q4,500,500.0,EMIRATES,0.8941,1828.9,892.6,49.4,20.1,1920,1080,0.048,1853.7,902.7
Round3,Q4,500,500.0,EMIRATES,0.873,1004.3,388.1,43.1,21.8,1920,1080,0.045,1025.8,399.0
Round3,Q4,500,500.0,EMIRATES,0.8575,1562.0,438.7,43.0,17.3,1920,1080,0.036,1583.5,447.3
Round3,Q4,501,501.0,EMIRATES,0.8946,575.9,310.0,51.4,15.7,1920,1080,0.039,601.6,317.8
Round3,Q4,501,501.0,EMIRATES,0.882,1252.5,852.3,63.0,22.1,1920,1080,0.067,1284.0,863.4
Round3,Q4,502,502.0,EMIRATES,0.8695,1376.1,369.7,62.7,18.4,1920,1080,0.056,1407.4,378.9
Round3,Q4,503,503.0,EMIRATES,0.519,1431.4,243.8,18.3,19.8,1920,1080,0.017,1440.6,253.7
Round3,Q4,503,503.0,EMIRATES,0.4647,1146.1,842.7,70.1,31.6,1920,1080,0.107,1181.2,858.5
Round3,Q4,504,504.0,EMIRATES,0.7929,1512.6,419.8,48.5,11.3,1920,1080,0.026,1536.9,425.4
Round3,Q4,504,504.0,EMIRATES,0.6693,393.3,891.5,66.0,31.9,1920,1080,0.101,426.3,907.5
Round3,Q4,504,504.0,EMIRATES,0.5517,1336.2,347.9,48.0,10.7,1920,1080,0.025,1360.2,353.2
Round3,Q4,505,505.0,EMIRATES,0.8367,1725.5,1066.1,61.4,13.9,1920,1080,0.041,1756.2,1073.0
Round3,Q4,505,505.0,EMIRATES,0.8348,514.6,460.7,60.4,15.0,1920,1080,0.044,544.8,468.2
Round3,Q4,506,506.0,EMIRATES,0.8866,429.4,399.5,38.5,26.4,1920,1080,0.049,448.6,412.6
Round3,Q4,506,506.0,EMIRATES,0.6823,0.0,682.9,20.2,21.2,1920,1080,0.021,10.1,693.6
Round3,Q4,506,506.0,EMIRATES,0.6715,1094.2,1048.1,52.1,18.9,1920,1080,0.048,1120.3,1057.6
Round3,Q4,507,507.0,EMIRATES,0.8663,820.1,1058.9,65.5,20.4,1920,1080,0.064,852.8,1069.1
Round3,Q4,507,507.0,EMIRATES,0.3349,894.4,401.7,38.9,12.7,1920,1080,0.024,913.8,408.0
Round3,Q4,508,508.0,EMIRATES,0.8864,939.4,381.2,51.5,22.1,1920,1080,0.055,965.1,392.2
Round3,Q4,509,509.0,EMIRATES,0.8857,998.9,379.6,53.1,16.0,1920,1080,0.041,1025.4,387.5
Round3,Q4,510,510.0,EMIRATES,0.8803,329.9,1005.8,39.7,19.7,1920,1080,0.038,349.8,1015.6
Round3,Q4,511,511.0,EMIRATES,0.8513,1380.6,393.8,30.7,13.6,1920,1080,0.02,1395.9,400.6
Round3,Q4,511,511.0,EMIRATES,0.8375,787.7,450.4,32.8,17.1,1920,1080,0.027,804.1,459.0
Round3,Q4,512,512.0,EMIRATES,0.8919,316.8,992.1,36.0,22.5,1920,1080,0.039,334.8,1003.3
Round3,Q4,512,512.0,EMIRATES,0.8916,513.1,1038.3,58.3,17.4,1920,1080,0.049,542.2,1047.0
Round3,Q4,512,512.0,EMIRATES,0.8795,1302.1,634.1,40.5,15.5,1920,1080,0.03,1322.4,641.8
Round3,Q4,512,512.0,EMIRATES,0.8232,1199.3,430.3,35.2,14.0,1920,1080,0.024,1216.9,437.3
Round3,Q4,514,514.0,EMIRATES,0.8443,845.9,237.3,70.6,22.2,1920,1080,0.076,881.2,248.5
Round3,Q4,515,515.0,EMIRATES,0.7197,1035.0,5.2,36.1,139.7,1920,1080,0.243,1053.1,75.1
Round3,Q4,515,515.0,EMIRATES,0.6399,367.6,4.2,42.4,186.1,1920,1080,0.38,388.7,97.2
Round3,Q4,515,515.0,EMIRATES,0.5948,1645.2,6.8,38.3,96.1,1920,1080,0.177,1664.4,54.8
Round3,Q4,515,515.0,EMIRATES,0.3761,1156.3,338.7,40.6,13.7,1920,1080,0.027,1176.6,345.5
Round3,Q4,517,517.0,EMIRATES,0.8543,307.3,538.4,99.8,29.6,1920,1080,0.142,357.2,553.2
Round3,Q4,518,518.0,EMIRATES,0.8789,21.8,1033.4,144.3,44.0,1920,1080,0.306,94.0,1055.4
Round3,Q4,518,518.0,EMIRATES,0.3236,1132.0,236.1,109.1,18.9,1920,1080,0.099,1186.5,245.5
Round3,Q4,519,519.0,EMIRATES,0.8982,446.5,864.0,138.4,42.2,1920,1080,0.282,515.7,885.1
Round3,Q4,520,520.0,EMIRATES,0.869,0.0,23.3,67.5,26.0,1920,1080,0.085,33.7,36.3
Round3,Q4,520,520.0,EMIRATES,0.783,738.1,899.5,137.4,25.7,1920,1080,0.17,806.8,912.3
Round3,Q4,528,528.0,EMIRATES,0.7519,863.0,179.7,24.4,19.6,1920,1080,0.023,875.2,189.5
Round3,Q4,528,528.0,EMIRATES,0.6227,954.6,409.3,31.3,28.0,1920,1080,0.042,970.3,423.3
Round3,Q4,529,529.0,EMIRATES,0.8418,608.7,321.4,22.1,13.7,1920,1080,0.015,619.8,328.2
Round3,Q4,530,530.0,EMIRATES,0.8892,773.1,140.9,40.1,14.9,1920,1080,0.029,793.2,148.4
Round3,Q4,530,530.0,EMIRATES,0.877,918.5,454.7,38.9,12.7,1920,1080,0.024,937.9,461.0
Round3,Q4,530,530.0,EMIRATES,0.8577,1771.6,361.1,42.0,16.8,1920,1080,0.034,1792.6,369.5
Round3,Q4,531,531.0,EMIRATES,0.855,249.9,266.0,51.1,20.8,1920,1080,0.051,275.5,276.4
Round3,Q4,531,531.0,EMIRATES,0.8491,1351.5,970.6,67.8,20.8,1920,1080,0.068,1385.4,981.0
Round3,Q4,531,531.0,EMIRATES,0.8488,1385.7,7.2,45.7,15.9,1920,1080,0.035,1408.6,15.1
Round3,Q4,532,532.0,EMIRATES,0.876,1605.6,719.9,55.5,21.7,1920,1080,0.058,1633.4,730.8
Round3,Q4,532,532.0,EMIRATES,0.7923,1073.8,41.6,50.2,16.2,1920,1080,0.039,1098.9,49.7
Round3,Q4,532,532.0,EMIRATES,0.7767,1387.4,365.0,60.4,14.7,1920,1080,0.043,1417.6,372.3
Round3,Q4,532,532.0,EMIRATES,0.454,476.7,53.2,56.7,18.3,1920,1080,0.05,505.1,62.3
Round3,Q4,533,533.0,EMIRATES,0.8849,1680.7,404.2,43.9,14.9,1920,1080,0.032,1702.7,411.7
Round3,Q4,533,533.0,EMIRATES,0.8744,1202.5,103.2,49.1,15.8,1920,1080,0.037,1227.0,111.1
Round3,Q4,533,533.0,EMIRATES,0.8655,689.1,825.7,67.1,16.9,1920,1080,0.055,722.7,834.1
Round3,Q4,533,533.0,EMIRATES,0.8599,55.0,93.2,51.6,15.8,1920,1080,0.039,80.8,101.1
Round3,Q4,534,534.0,EMIRATES,0.8501,1201.6,366.5,44.5,22.3,1920,1080,0.048,1223.8,377.7
Round3,Q4,534,534.0,EMIRATES,0.7634,476.9,660.7,58.6,19.6,1920,1080,0.055,506.2,670.5
Round3,Q4,535,535.0,EMIRATES,0.8718,136.5,955.1,51.1,14.3,1920,1080,0.035,162.0,962.3
Round3,Q4,535,535.0,EMIRATES,0.8487,1751.2,170.3,53.8,20.9,1920,1080,0.054,1778.1,180.8
Round3,Q4,535,535.0,EMIRATES,0.8475,1345.1,298.2,49.2,19.0,1920,1080,0.045,1369.7,307.7
Round3,Q4,536,536.0,EMIRATES,0.866,1792.2,257.6,44.4,15.4,1920,1080,0.033,1814.4,265.3
Round3,Q4,540,540.0,EMIRATES,0.8929,1283.1,361.2,34.2,16.0,1920,1080,0.026,1300.2,369.1
Round3,Q4,540,540.0,EMIRATES,0.8862,569.2,186.2,44.6,16.8,1920,1080,0.036,591.4,194.6
Round3,Q4,541,541.0,EMIRATES,0.8915,90.8,476.6,39.9,21.0,1920,1080,0.04,110.8,487.1
Round3,Q4,541,541.0,EMIRATES,0.8376,572.2,323.9,48.8,16.8,1920,1080,0.039,596.6,332.3
Round3,Q4,541,541.0,EMIRATES,0.7808,1425.3,308.5,36.6,16.5,1920,1080,0.029,1443.6,316.7
Round3,Q4,542,542.0,EMIRATES,0.8685,549.3,232.4,46.0,29.2,1920,1080,0.065,572.3,246.9
Round3,Q4,542,542.0,EMIRATES,0.3781,1710.3,178.5,24.0,16.4,1920,1080,0.019,1722.3,186.7
Round3,Q4,546,546.0,EMIRATES,0.8818,1627.8,83.2,38.9,14.6,1920,1080,0.027,1647.3,90.5
Round3,Q4,550,550.0,EMIRATES,0.8794,597.5,789.7,38.8,13.2,1920,1080,0.025,616.9,796.3
Round3,Q4,551,551.0,EMIRATES,0.8719,1043.7,593.6,51.7,16.2,1920,1080,0.04,1069.5,601.7
Round3,Q4,552,552.0,EMIRATES,0.8932,1085.9,316.9,45.0,20.2,1920,1080,0.044,1108.4,327.0
Round3,Q4,552,552.0,EMIRATES,0.87,124.5,343.3,46.7,26.2,1920,1080,0.059,147.9,356.4
Round3,Q4,555,555.0,EMIRATES,0.8237,348.2,302.0,131.5,42.8,1920,1080,0.271,414.0,323.3
Round3,Q4,557,557.0,EMIRATES,0.8003,515.3,435.6,38.1,13.9,1920,1080,0.026,534.3,442.6
Round3,Q4,559,559.0,EMIRATES,0.6594,336.2,664.5,28.7,10.6,1920,1080,0.015,350.5,669.8
Round3,Q4,562,562.0,EMIRATES,0.8062,762.6,301.3,72.2,38.5,1920,1080,0.134,798.8,320.6
Round3,Q4,563,563.0,EMIRATES,0.8815,350.0,479.5,311.0,87.7,1920,1080,1.316,505.5,523.4
Round3,Q4,571,571.0,EMIRATES,0.8865,1132.6,555.4,52.2,16.6,1920,1080,0.042,1158.7,563.7
Round3,Q4,572,572.0,EMIRATES,0.3642,862.0,603.4,58.5,20.0,1920,1080,0.056,891.3,613.4
Round3,Q4,574,574.0,EMIRATES,0.8828,1577.0,918.9,69.9,29.2,1920,1080,0.098,1611.9,933.5
Round3,Q4,574,574.0,EMIRATES,0.8689,749.6,208.7,88.4,39.5,1920,1080,0.168,793.8,228.5
Round3,Q4,577,577.0,EMIRATES,0.8733,1450.4,269.0,115.6,43.3,1920,1080,0.241,1508.2,290.7
Round3,Q4,578,578.0,EMIRATES,0.8518,1506.6,0.7,119.6,31.2,1920,1080,0.18,1566.4,16.3
Round3,Q4,579,579.0,EMIRATES,0.8747,1664.2,153.0,127.5,45.2,1920,1080,0.278,1727.9,175.5
Round3,Q4,592,592.0,EMIRATES,0.3084,179.2,1040.9,225.0,39.1,1920,1080,0.424,291.7,1060.4
Round3,Q4,595,595.0,EMIRATES,0.8986,1459.6,774.0,100.3,90.9,1920,1080,0.44,1509.7,819.5
Round3,Q4,596,596.0,EMIRATES,0.8914,509.9,757.2,95.9,91.0,1920,1080,0.421,557.8,802.7
Round3,Q4,599,599.0,EMIRATES,0.8573,1740.4,565.6,79.1,57.3,1920,1080,0.219,1780.0,594.3
Round3,Q4,608,608.0,EMIRATES,0.8801,830.1,107.2,160.2,58.6,1920,1080,0.453,910.2,136.5
Round3,Q4,608,608.0,EMIRATES,0.6992,1161.3,52.1,89.2,48.5,1920,1080,0.209,1205.9,76.3
Round3,Q4,609,609.0,EMIRATES,0.8884,1705.0,50.9,160.8,49.5,1920,1080,0.384,1785.4,75.7
Round3,Q4,619,619.0,CYBERCX,0.4225,1667.4,672.6,61.2,49.1,1920,1080,0.145,1698.1,697.1
Round3,Q4,639,639.0,BOWENS,0.9232,1553.3,193.4,167.3,40.5,1920,1080,0.327,1637.0,213.6
Round3,Q4,639,639.0,BOWENS,0.8899,597.7,191.8,158.1,39.1,1920,1080,0.298,676.7,211.4
Round3,Q4,640,640.0,BOWENS,0.8541,1610.0,180.7,172.0,42.4,1920,1080,0.351,1696.0,201.9
Round3,Q4,640,640.0,BOWENS,0.7848,619.6,179.7,166.7,40.2,1920,1080,0.323,702.9,199.8
Round3,Q4,641,641.0,BOWENS,0.9198,1670.8,169.1,176.1,41.7,1920,1080,0.354,1758.8,189.9
Round3,Q4,641,641.0,BOWENS,0.9106,655.9,169.5,165.3,40.4,1920,1080,0.322,738.5,189.7
Round3,Q4,642,642.0,BOWENS,0.8983,1740.9,158.4,178.2,42.3,1920,1080,0.363,1830.0,179.5
Round3,Q4,642,642.0,BOWENS,0.8897,689.9,157.8,169.9,41.5,1920,1080,0.34,774.9,178.6
Round3,Q4,643,643.0,BOWENS,0.8942,1830.2,139.1,89.8,44.0,1920,1080,0.191,1875.1,161.1
Round3,Q4,643,643.0,BOWENS,0.8917,727.6,139.6,177.0,43.6,1920,1080,0.372,816.1,161.4
Round3,Q4,644,644.0,EMIRATES,0.7504,1104.5,722.1,23.2,9.0,1920,1080,0.01,1116.1,726.6
Round3,Q4,644,644.0,EMIRATES,0.7003,873.5,544.7,16.3,8.4,1920,1080,0.007,881.6,549.0
Round3,Q4,644,644.0,EMIRATES,0.5595,1720.0,465.1,22.9,8.9,1920,1080,0.01,1731.5,469.6
Round3,Q4,645,645.0,EMIRATES,0.8845,1322.2,865.3,36.2,17.9,1920,1080,0.031,1340.3,874.3
Round3,Q4,645,645.0,EMIRATES,0.8343,1753.0,548.1,43.9,14.4,1920,1080,0.03,1774.9,555.3
Round3,Q4,645,645.0,EMIRATES,0.5453,343.0,496.7,23.4,13.0,1920,1080,0.015,354.7,503.3
Round3,Q4,645,645.0,EMIRATES,0.5392,1165.2,459.5,27.6,18.8,1920,1080,0.025,1179.0,468.9
Round3,Q4,646,646.0,EMIRATES,0.8718,1367.6,707.6,50.3,18.5,1920,1080,0.045,1392.8,716.8
Round3,Q4,646,646.0,EMIRATES,0.8397,50.3,370.8,43.7,13.8,1920,1080,0.029,72.1,377.7
Round3,Q4,646,646.0,EMIRATES,0.6773,1012.8,389.9,40.9,11.6,1920,1080,0.023,1033.2,395.7
Round3,Q4,647,647.0,EMIRATES,0.8778,1720.4,510.1,49.9,14.2,1920,1080,0.034,1745.3,517.2
Round3,Q4,647,647.0,EMIRATES,0.8764,1409.0,762.6,53.2,16.1,1920,1080,0.041,1435.6,770.7
Round3,Q4,647,647.0,EMIRATES,0.8611,634.4,370.4,48.7,15.5,1920,1080,0.036,658.7,378.1
Round3,Q4,647,647.0,EMIRATES,0.8549,946.8,432.4,45.1,17.3,1920,1080,0.038,969.4,441.0
Round3,Q4,648,648.0,BOWENS,0.9001,1608.7,407.8,121.5,27.7,1920,1080,0.162,1669.5,421.7
Round3,Q4,648,648.0,BOWENS,0.8961,1125.8,245.4,115.9,24.3,1920,1080,0.136,1183.7,257.6
Round3,Q4,648,648.0,BOWENS,0.8878,1589.1,241.9,120.1,24.0,1920,1080,0.139,1649.2,253.9
Round3,Q4,648,648.0,BOWENS,0.8868,1794.1,238.9,124.0,24.6,1920,1080,0.147,1856.1,251.2
Round3,Q4,648,648.0,BOWENS,0.8853,717.8,411.2,114.3,27.0,1920,1080,0.149,774.9,424.7
Round3,Q4,648,648.0,BOWENS,0.885,517.4,414.6,118.2,27.1,1920,1080,0.154,576.5,428.1
Round3,Q4,648,648.0,BOWENS,0.8804,135.9,249.0,127.5,25.8,1920,1080,0.159,199.6,261.9
Round3,Q4,648,648.0,BOWENS,0.8777,15.2,420.8,134.8,29.3,1920,1080,0.19,82.6,435.4
Round3,Q4,648,648.0,BOWENS,0.8777,934.6,246.8,113.8,23.4,1920,1080,0.128,991.5,258.5
Round3,Q4,648,648.0,BOWENS,0.876,743.2,248.7,114.2,22.1,1920,1080,0.122,800.3,259.7
Round3,Q4,648,648.0,BOWENS,0.8731,274.1,417.8,123.5,27.6,1920,1080,0.164,335.9,431.6
Round3,Q4,648,648.0,BOWENS,0.8719,945.7,409.0,116.3,27.8,1920,1080,0.156,1003.8,422.8
Round3,Q4,648,648.0,BOWENS,0.8704,1174.5,407.7,117.4,27.8,1920,1080,0.157,1233.2,421.6
Round3,Q4,648,648.0,BOWENS,0.8679,1376.7,407.2,119.4,27.7,1920,1080,0.16,1436.4,421.1
Round3,Q4,648,648.0,BOWENS,0.8633,347.5,249.7,119.6,24.7,1920,1080,0.142,407.3,262.1
Round3,Q4,648,648.0,BOWENS,0.8574,546.2,249.2,117.7,23.6,1920,1080,0.134,605.0,261.0
Round3,Q4,648,648.0,BOWENS,0.8415,1856.7,407.9,63.1,28.9,1920,1080,0.088,1888.2,422.4
Round3,Q4,648,648.0,BOWENS,0.8014,0.0,250.4,46.0,25.5,1920,1080,0.057,23.0,263.1
Round3,Q4,648,648.0,BOWENS,0.7382,818.2,0.0,68.8,16.4,1920,1080,0.054,852.6,8.2
Round3,Q4,648,648.0,BOWENS,0.6789,1023.8,0.5,66.7,15.8,1920,1080,0.051,1057.1,8.4
Round3,Q4,648,648.0,BOWENS,0.6653,928.3,0.8,68.8,15.8,1920,1080,0.053,962.7,8.7
Round3,Q4,648,648.0,BOWENS,0.6564,1129.5,0.3,68.1,15.0,1920,1080,0.049,1163.6,7.8
Round3,Q4,648,648.0,BOWENS,0.5831,711.9,0.4,66.1,15.0,1920,1080,0.048,745.0,7.9
Round3,Q4,649,649.0,BOWENS,0.913,1697.4,216.4,132.8,26.5,1920,1080,0.17,1763.8,229.7
Round3,Q4,649,649.0,BOWENS,0.9044,662.0,231.2,116.3,26.6,1920,1080,0.149,720.2,244.5
Round3,Q4,649,649.0,BOWENS,0.9013,327.8,413.3,122.5,29.2,1920,1080,0.173,389.1,428.0
Round3,Q4,649,649.0,BOWENS,0.9002,1247.5,398.7,122.2,28.9,1920,1080,0.17,1308.6,413.2
Round3,Q4,649,649.0,BOWENS,0.8975,545.2,408.1,120.8,29.7,1920,1080,0.173,605.6,422.9
Round3,Q4,649,649.0,BOWENS,0.8943,866.6,229.8,117.3,25.9,1920,1080,0.147,925.2,242.8
Round3,Q4,649,649.0,BOWENS,0.8921,1484.2,220.4,123.9,27.3,1920,1080,0.163,1546.1,234.1
Round3,Q4,649,649.0,BOWENS,0.8896,1038.6,402.7,120.6,29.1,1920,1080,0.169,1099.0,417.2
Round3,Q4,649,649.0,BOWENS,0.8869,229.5,234.7,123.1,27.9,1920,1080,0.166,291.1,248.6
Round3,Q4,649,649.0,BOWENS,0.8862,0.0,234.8,125.5,29.3,1920,1080,0.177,62.7,249.5
Round3,Q4,649,649.0,BOWENS,0.8859,796.4,405.9,118.1,28.0,1920,1080,0.159,855.5,419.8
Round3,Q4,649,649.0,BOWENS,0.8845,1752.4,395.4,136.1,29.8,1920,1080,0.196,1820.4,410.4
Round3,Q4,649,649.0,BOWENS,0.882,1071.2,227.1,117.2,26.0,1920,1080,0.147,1129.9,240.1
Round3,Q4,649,649.0,BOWENS,0.8794,1494.4,397.1,125.2,29.2,1920,1080,0.176,1557.0,411.7
Round3,Q4,649,649.0,BOWENS,0.877,1276.8,224.7,120.6,24.8,1920,1080,0.144,1337.1,237.0
Round3,Q4,649,649.0,BOWENS,0.8731,448.8,233.6,120.3,26.6,1920,1080,0.154,509.0,246.9
Round3,Q4,649,649.0,BOWENS,0.8724,42.6,419.9,132.1,32.3,1920,1080,0.206,108.7,436.0
Round3,Q4,650,650.0,EMIRATES,0.8923,991.4,431.8,46.2,14.9,1920,1080,0.033,1014.5,439.3
Round3,Q4,651,651.0,EMIRATES,0.7553,1637.5,501.5,51.1,25.0,1920,1080,0.062,1663.0,514.0
Round3,Q4,651,651.0,EMIRATES,0.5953,621.9,361.8,63.0,19.5,1920,1080,0.059,653.4,371.6
Round3,Q4,652,652.0,EMIRATES,0.8245,1255.7,515.0,44.1,32.4,1920,1080,0.069,1277.7,531.2
Round3,Q4,652,652.0,EMIRATES,0.7619,235.0,227.6,22.2,15.1,1920,1080,0.016,246.1,235.2
Round3,Q4,658,658.0,EMIRATES,0.8816,178.9,718.3,53.0,24.1,1920,1080,0.062,205.4,730.4
Round3,Q4,658,658.0,EMIRATES,0.8719,0.9,864.4,65.8,21.1,1920,1080,0.067,33.8,875.0
Round3,Q4,658,658.0,EMIRATES,0.8664,1750.8,707.7,44.3,16.9,1920,1080,0.036,1772.9,716.2
Round3,Q4,658,658.0,EMIRATES,0.6683,1356.3,510.2,38.2,22.5,1920,1080,0.041,1375.4,521.4
Round3,Q4,659,659.0,EMIRATES,0.8693,819.7,579.2,52.7,17.7,1920,1080,0.045,846.1,588.1
Round3,Q4,659,659.0,EMIRATES,0.8686,1366.2,447.3,38.6,14.2,1920,1080,0.026,1385.5,454.4
Round3,Q4,660,660.0,EMIRATES,0.8921,1145.5,372.1,39.0,13.6,1920,1080,0.026,1165.0,379.0
Round3,Q4,660,660.0,EMIRATES,0.8837,901.4,466.4,49.5,15.7,1920,1080,0.037,926.2,474.3
Round3,Q4,660,660.0,EMIRATES,0.3533,1165.6,302.2,27.9,20.0,1920,1080,0.027,1179.5,312.2
Round3,Q4,672,672.0,EMIRATES,0.8525,891.6,247.2,29.9,19.2,1920,1080,0.028,906.6,256.8
Round3,Q4,672,672.0,EMIRATES,0.6675,1215.6,369.9,50.4,23.4,1920,1080,0.057,1240.8,381.6
Round3,Q4,673,673.0,EMIRATES,0.872,781.9,23.7,42.1,14.8,1920,1080,0.03,803.0,31.1
Round3,Q4,673,673.0,EMIRATES,0.8646,239.9,361.0,27.1,16.6,1920,1080,0.022,253.4,369.3
Round3,Q4,673,673.0,EMIRATES,0.861,1312.8,339.0,50.6,19.4,1920,1080,0.047,1338.1,348.7
Round3,Q4,673,673.0,EMIRATES,0.8576,1235.8,841.4,54.9,21.8,1920,1080,0.058,1263.3,852.3
Round3,Q4,674,674.0,EMIRATES,0.8208,728.1,440.8,52.3,29.2,1920,1080,0.074,754.2,455.4
Round3,Q4,674,674.0,EMIRATES,0.8178,175.2,926.5,66.4,17.1,1920,1080,0.055,208.4,935.0
Round3,Q4,675,675.0,EMIRATES,0.862,979.0,771.2,56.3,15.4,1920,1080,0.042,1007.2,778.9
Round3,Q4,676,676.0,EMIRATES,0.8484,735.2,377.2,48.1,28.8,1920,1080,0.067,759.3,391.6
Round3,Q4,676,676.0,EMIRATES,0.8144,797.7,789.6,59.0,14.1,1920,1080,0.04,827.2,796.6
Round3,Q4,677,677.0,EMIRATES,0.8647,1260.3,561.3,62.3,20.5,1920,1080,0.062,1291.4,571.5
Round3,Q4,678,678.0,EMIRATES,0.8291,865.7,400.9,47.9,22.5,1920,1080,0.052,889.7,412.1
Round3,Q4,679,679.0,EMIRATES,0.8706,1298.1,478.7,46.7,22.2,1920,1080,0.05,1321.5,489.8
Round3,Q4,679,679.0,EMIRATES,0.8544,1379.2,971.3,66.4,21.1,1920,1080,0.068,1412.4,981.8
Round3,Q4,679,679.0,EMIRATES,0.764,336.8,215.8,44.6,20.4,1920,1080,0.044,359.1,226.0
Round3,Q4,679,679.0,EMIRATES,0.4087,764.9,626.7,17.5,50.0,1920,1080,0.042,773.7,651.7
Round3,Q4,680,680.0,EMIRATES,0.8889,458.4,218.4,26.3,13.6,1920,1080,0.017,471.6,225.2
Round3,Q4,680,680.0,EMIRATES,0.8809,996.5,896.9,51.8,19.4,1920,1080,0.048,1022.4,906.6
Round3,Q4,680,680.0,EMIRATES,0.857,935.6,390.0,47.1,14.3,1920,1080,0.032,959.1,397.1
Round3,Q4,681,681.0,EMIRATES,0.8695,351.0,581.3,36.2,16.8,1920,1080,0.029,369.1,589.7
Round3,Q4,682,682.0,EMIRATES,0.5859,965.5,423.4,29.9,15.9,1920,1080,0.023,980.4,431.3
Round3,Q4,683,683.0,EMIRATES,0.8546,1189.3,218.7,39.7,22.2,1920,1080,0.043,1209.1,229.8
Round3,Q4,684,684.0,EMIRATES,0.8278,1248.1,275.7,37.0,15.5,1920,1080,0.028,1266.6,283.5
Round3,Q4,685,685.0,EMIRATES,0.8906,1176.8,290.8,40.1,13.0,1920,1080,0.025,1196.9,297.3
Round3,Q4,700,700.0,EMIRATES,0.8981,1361.8,383.0,37.1,24.2,1920,1080,0.043,1380.4,395.1
Round3,Q4,721,721.0,JAMESON,0.3154,1573.2,158.8,26.2,5.9,1920,1080,0.008,1586.3,161.8
Round3,Q4,730,730.0,CYBERCX,0.8646,1030.9,352.7,40.7,14.8,1920,1080,0.029,1051.3,360.1
Round3,Q4,730,730.0,CYBERCX,0.8642,1256.5,353.2,42.0,16.3,1920,1080,0.033,1277.5,361.4
Round3,Q4,730,730.0,CYBERCX,0.8585,984.9,352.8,38.4,14.9,1920,1080,0.028,1004.1,360.2
Round3,Q4,730,730.0,CYBERCX,0.844,1205.5,352.8,42.5,16.5,1920,1080,0.034,1226.8,361.1
Round3,Q4,730,730.0,CYBERCX,0.8388,937.3,352.9,40.6,15.1,1920,1080,0.03,957.7,360.4
Round3,Q4,730,730.0,CYBERCX,0.8322,1305.5,353.0,41.8,16.7,1920,1080,0.034,1326.4,361.3
Round3,Q4,731,731.0,CYBERCX,0.841,1243.7,352.6,41.1,16.8,1920,1080,0.033,1264.3,361.0
Round3,Q4,731,731.0,CYBERCX,0.8357,1025.8,352.9,39.8,14.9,1920,1080,0.029,1045.8,360.3
Round3,Q4,731,731.0,CYBERCX,0.8342,981.2,352.9,37.3,15.0,1920,1080,0.027,999.9,360.4
Round3,Q4,731,731.0,CYBERCX,0.8251,1194.3,352.6,41.2,16.6,1920,1080,0.033,1215.0,360.9
Round3,Q4,731,731.0,CYBERCX,0.8214,935.6,352.6,39.3,15.2,1920,1080,0.029,955.2,360.2
Round3,Q4,731,731.0,CYBERCX,0.8021,1291.6,352.3,39.7,17.2,1920,1080,0.033,1311.5,360.9
Round3,Q4,732,732.0,CYBERCX,0.8813,1223.5,352.6,41.1,16.4,1920,1080,0.033,1244.0,360.8
Round3,Q4,732,732.0,CYBERCX,0.8707,1175.0,352.4,41.7,16.4,1920,1080,0.033,1195.9,360.7
Round3,Q4,732,732.0,CYBERCX,0.8688,1007.3,352.6,38.9,14.6,1920,1080,0.027,1026.7,359.9
Round3,Q4,732,732.0,CYBERCX,0.8449,963.0,352.9,37.1,14.4,1920,1080,0.026,981.5,360.1
Round3,Q4,732,732.0,CYBERCX,0.8426,1270.9,352.1,40.4,16.8,1920,1080,0.033,1291.1,360.5
Round3,Q4,732,732.0,CYBERCX,0.8154,916.3,352.3,40.3,14.7,1920,1080,0.029,936.4,359.7
Round3,Q4,733,733.0,CYBERCX,0.8835,997.1,352.8,39.3,14.9,1920,1080,0.028,1016.7,360.2
Round3,Q4,733,733.0,CYBERCX,0.8692,1213.5,352.4,40.9,17.0,1920,1080,0.034,1234.0,360.9
Round3,Q4,733,733.0,CYBERCX,0.8551,1261.0,352.6,40.2,16.8,1920,1080,0.033,1281.1,361.0
Round3,Q4,733,733.0,CYBERCX,0.8482,1165.0,352.6,40.5,16.4,1920,1080,0.032,1185.3,360.8
Round3,Q4,733,733.0,CYBERCX,0.8269,952.2,353.0,38.2,14.4,1920,1080,0.027,971.3,360.2
Round3,Q4,733,733.0,CYBERCX,0.8088,906.2,352.9,39.9,14.9,1920,1080,0.029,926.2,360.3
Round3,Q4,734,734.0,CYBERCX,0.8637,1138.4,350.1,43.4,16.5,1920,1080,0.035,1160.1,358.4
Round3,Q4,734,734.0,CYBERCX,0.8153,1316.4,350.0,45.2,18.0,1920,1080,0.039,1339.0,359.0
Round3,Q4,734,734.0,CYBERCX,0.7837,1044.3,350.2,42.6,16.3,1920,1080,0.033,1065.7,358.3
Round3,Q4,734,734.0,CYBERCX,0.7621,1092.8,349.6,39.7,17.0,1920,1080,0.033,1112.7,358.1
Round3,Q4,734,734.0,CYBERCX,0.7247,1419.2,350.2,43.3,17.9,1920,1080,0.037,1440.9,359.2
Round3,Q4,734,734.0,CYBERCX,0.7166,1368.2,349.7,44.9,18.6,1920,1080,0.04,1390.7,359.0
Round3,Q4,735,735.0,CYBERCX,0.8625,1446.5,388.6,51.3,21.2,1920,1080,0.053,1472.2,399.2
Round3,Q4,735,735.0,CYBERCX,0.8622,1507.8,388.6,50.9,21.6,1920,1080,0.053,1533.2,399.4
Round3,Q4,735,735.0,CYBERCX,0.8552,1239.8,389.8,47.4,18.1,1920,1080,0.041,1263.5,398.8
Round3,Q4,735,735.0,CYBERCX,0.8439,1567.4,388.5,50.5,21.5,1920,1080,0.052,1592.6,399.3
Round3,Q4,735,735.0,CYBERCX,0.8414,1129.5,388.9,48.3,18.7,1920,1080,0.044,1153.6,398.3
Round3,Q4,735,735.0,CYBERCX,0.8314,1185.6,389.2,45.4,18.5,1920,1080,0.041,1208.3,398.5
Round3,Q4,736,736.0,CYBERCX,0.8873,1585.8,434.3,66.7,26.2,1920,1080,0.084,1619.2,447.4
Round3,Q4,736,736.0,CYBERCX,0.8766,1505.0,434.1,66.4,25.7,1920,1080,0.082,1538.2,447.0
Round3,Q4,736,736.0,CYBERCX,0.8754,1086.2,434.7,62.7,23.8,1920,1080,0.072,1117.5,446.6
Round3,Q4,736,736.0,CYBERCX,0.8666,1664.9,434.2,65.3,27.0,1920,1080,0.085,1697.6,447.7
Round3,Q4,736,736.0,CYBERCX,0.8632,1230.8,434.6,63.0,22.9,1920,1080,0.069,1262.3,446.0
Round3,Q4,736,736.0,CYBERCX,0.8602,1160.1,435.0,59.4,22.9,1920,1080,0.066,1189.8,446.5
Round3,Q4,737,737.0,CYBERCX,0.8839,1518.7,276.0,91.8,38.1,1920,1080,0.169,1564.6,295.0
Round3,Q4,737,737.0,CYBERCX,0.8766,1038.8,278.7,83.0,33.5,1920,1080,0.134,1080.3,295.4
Round3,Q4,737,737.0,CYBERCX,0.8717,1630.0,275.3,93.5,38.5,1920,1080,0.174,1676.7,294.6
Round3,Q4,737,737.0,CYBERCX,0.8666,1739.1,274.1,92.8,40.0,1920,1080,0.179,1785.4,294.1
Round3,Q4,737,737.0,CYBERCX,0.8553,1138.9,278.4,84.8,33.5,1920,1080,0.137,1181.3,295.1
Round3,Q4,737,737.0,CYBERCX,0.8531,936.2,279.0,85.9,33.1,1920,1080,0.137,979.2,295.6
Round3,Q4,737,737.0,EMIRATES,0.7118,397.2,962.0,27.1,8.9,1920,1080,0.012,410.8,966.5
Round3,Q4,737,737.0,EMIRATES,0.4887,1506.1,892.9,20.4,9.5,1920,1080,0.009,1516.3,897.6
Round3,Q4,739,739.0,EMIRATES,0.8641,454.1,764.3,37.9,18.6,1920,1080,0.034,473.0,773.6
Round3,Q4,739,739.0,EMIRATES,0.86,1338.0,272.1,24.8,15.5,1920,1080,0.019,1350.4,279.8
Round3,Q4,740,740.0,EMIRATES,0.8882,1308.9,212.6,39.2,25.5,1920,1080,0.048,1328.5,225.4
Round3,Q4,740,740.0,EMIRATES,0.427,1593.2,76.6,33.9,13.4,1920,1080,0.022,1610.2,83.3
Round3,Q4,741,741.0,EMIRATES,0.8875,1033.8,324.2,43.1,21.0,1920,1080,0.044,1055.4,334.7
Round3,Q4,741,741.0,EMIRATES,0.8314,1304.8,366.5,39.1,14.6,1920,1080,0.028,1324.3,373.8
Round3,Q4,742,742.0,EMIRATES,0.8932,1017.9,254.3,41.4,26.1,1920,1080,0.052,1038.6,267.4
Round3,Q4,742,742.0,EMIRATES,0.8741,791.7,230.0,52.1,15.4,1920,1080,0.039,817.8,237.7
Round3,Q4,743,743.0,EMIRATES,0.9048,981.6,233.9,47.5,22.4,1920,1080,0.051,1005.4,245.1
Round3,Q4,743,743.0,EMIRATES,0.8801,396.6,308.8,55.7,18.0,1920,1080,0.048,424.5,317.8
Round3,Q4,743,743.0,EMIRATES,0.851,1265.4,661.9,38.9,31.7,1920,1080,0.059,1284.8,677.7
Round3,Q4,744,744.0,EMIRATES,0.9089,978.1,259.3,45.7,16.5,1920,1080,0.036,1001.0,267.6
Round3,Q4,744,744.0,EMIRATES,0.8903,1484.0,781.2,41.3,22.5,1920,1080,0.045,1504.6,792.5
Round3,Q4,744,744.0,EMIRATES,0.8734,66.8,412.2,53.4,16.8,1920,1080,0.043,93.5,420.6
Round3,Q4,745,745.0,EMIRATES,0.8905,1596.5,323.5,36.6,13.2,1920,1080,0.023,1614.8,330.1
Round3,Q4,745,745.0,EMIRATES,0.8827,1740.9,750.1,35.8,30.8,1920,1080,0.053,1758.8,765.4
Round3,Q4,745,745.0,EMIRATES,0.8826,952.2,170.0,36.5,20.0,1920,1080,0.035,970.4,180.0
Round3,Q4,746,746.0,EMIRATES,0.8959,914.1,182.4,40.5,18.8,1920,1080,0.037,934.4,191.8
Round3,Q4,746,746.0,EMIRATES,0.8617,1423.7,505.3,28.1,14.9,1920,1080,0.02,1437.8,512.8
Round3,Q4,747,747.0,EMIRATES,0.8973,844.9,241.5,40.8,13.3,1920,1080,0.026,865.3,248.2
Round3,Q4,748,748.0,EMIRATES,0.9115,286.6,492.1,151.4,45.8,1920,1080,0.335,362.3,515.0
Round3,Q4,748,748.0,EMIRATES,0.8755,1577.1,565.9,71.8,44.1,1920,1080,0.153,1613.0,587.9
Round3,Q4,748,748.0,EMIRATES,0.8719,117.2,190.5,93.1,29.0,1920,1080,0.13,163.8,205.0
Round3,Q4,748,748.0,CYBERCX,0.8717,1153.3,680.1,156.7,52.4,1920,1080,0.396,1231.6,706.3
Round3,Q4,748,748.0,CYBERCX,0.8466,727.7,127.9,120.1,165.8,1920,1080,0.96,787.7,210.8
Round3,Q4,748,748.0,CYBERCX,0.8264,446.5,669.1,81.4,74.1,1920,1080,0.291,487.1,706.1
Round3,Q4,748,748.0,CYBERCX,0.782,1836.7,666.6,72.9,68.8,1920,1080,0.242,1873.2,701.0
Round3,Q4,748,748.0,CYBERCX,0.7769,615.8,668.3,63.5,65.4,1920,1080,0.2,647.6,701.1
Round3,Q4,749,749.0,EMIRATES,0.9209,310.0,506.3,150.5,45.5,1920,1080,0.33,385.2,529.1
Round3,Q4,749,749.0,EMIRATES,0.8936,1617.2,563.1,78.1,45.6,1920,1080,0.172,1656.2,585.9
Round3,Q4,749,749.0,EMIRATES,0.8624,168.3,191.3,79.2,37.4,1920,1080,0.143,207.9,210.1
Round3,Q4,749,749.0,CYBERCX,0.8397,1188.1,675.0,161.7,55.5,1920,1080,0.433,1269.0,702.8
Round3,Q4,749,749.0,CYBERCX,0.8306,641.4,666.5,70.6,65.3,1920,1080,0.222,676.7,699.1
Round3,Q4,749,749.0,CYBERCX,0.8131,470.6,668.2,79.6,74.0,1920,1080,0.284,510.3,705.3
Round3,Q4,749,749.0,CYBERCX,0.7966,761.7,125.7,120.7,169.4,1920,1080,0.986,822.0,210.4
Round3,Q4,750,750.0,EMIRATES,0.929,328.0,527.9,146.7,44.7,1920,1080,0.316,401.4,550.2
Round3,Q4,750,750.0,EMIRATES,0.9001,1633.6,581.9,74.0,43.7,1920,1080,0.156,1670.6,603.7
Round3,Q4,750,750.0,CYBERCX,0.8628,1203.7,689.9,151.6,58.9,1920,1080,0.431,1279.5,719.4
Round3,Q4,750,750.0,EMIRATES,0.8534,205.7,186.9,59.0,52.6,1920,1080,0.15,235.3,213.2
Round3,Q4,750,750.0,CYBERCX,0.8236,486.2,685.6,74.5,73.3,1920,1080,0.264,523.4,722.3
Round3,Q4,750,750.0,CYBERCX,0.8129,773.1,145.0,122.0,166.2,1920,1080,0.978,834.1,228.1
Round3,Q4,750,750.0,CYBERCX,0.4488,657.9,683.6,68.4,65.0,1920,1080,0.214,692.1,716.1
Round3,Q4,750,750.0,EMIRATES,0.3153,1122.8,220.4,54.9,39.0,1920,1080,0.103,1150.3,239.9
Round3,Q4,751,751.0,EMIRATES,0.9174,315.3,546.4,148.4,43.5,1920,1080,0.311,389.4,568.1
Round3,Q4,751,751.0,EMIRATES,0.8941,1625.1,594.0,75.0,43.4,1920,1080,0.157,1662.6,615.7
Round3,Q4,751,751.0,CYBERCX,0.8632,1196.0,707.4,148.6,51.4,1920,1080,0.369,1270.3,733.1
Round3,Q4,751,751.0,CYBERCX,0.8201,764.5,154.4,122.8,166.4,1920,1080,0.986,825.9,237.6
Round3,Q4,751,751.0,CYBERCX,0.7939,472.7,694.5,76.1,75.2,1920,1080,0.276,510.7,732.1
Round3,Q4,751,751.0,CYBERCX,0.6905,646.8,694.9,70.3,65.9,1920,1080,0.223,681.9,727.8
Round3,Q4,752,752.0,EMIRATES,0.9184,284.0,539.5,150.9,45.3,1920,1080,0.33,359.5,562.2
Round3,Q4,752,752.0,EMIRATES,0.898,1610.1,586.5,75.4,44.2,1920,1080,0.161,1647.8,608.6
Round3,Q4,752,752.0,CYBERCX,0.8636,453.8,683.2,147.7,80.8,1920,1080,0.576,527.7,723.6
Round3,Q4,752,752.0,CYBERCX,0.8486,1186.8,702.5,143.8,51.6,1920,1080,0.358,1258.7,728.3
Round3,Q4,752,752.0,CYBERCX,0.833,750.9,152.4,121.1,164.9,1920,1080,0.963,811.4,234.8
Round3,Q4,753,753.0,EMIRATES,0.9111,271.2,541.0,148.2,44.7,1920,1080,0.32,345.3,563.3
Round3,Q4,753,753.0,EMIRATES,0.8582,1594.5,582.6,69.9,42.7,1920,1080,0.144,1629.5,604.0
Round3,Q4,753,753.0,CYBERCX,0.8484,442.2,682.9,139.2,76.3,1920,1080,0.512,511.8,721.1
Round3,Q4,753,753.0,CYBERCX,0.843,1169.7,698.1,151.2,52.4,1920,1080,0.382,1245.3,724.3
Round3,Q4,753,753.0,CYBERCX,0.8385,739.6,151.4,118.5,163.6,1920,1080,0.935,798.9,233.2
Round3,Q4,754,754.0,EMIRATES,0.9199,279.6,573.2,148.0,43.8,1920,1080,0.313,353.6,595.1
Round3,Q4,754,754.0,CYBERCX,0.8599,447.0,708.1,135.6,73.7,1920,1080,0.482,514.8,745.0
Round3,Q4,754,754.0,CYBERCX,0.8587,1188.5,720.2,137.9,53.5,1920,1080,0.356,1257.5,747.0
Round3,Q4,754,754.0,CYBERCX,0.8152,742.7,174.4,122.1,162.3,1920,1080,0.956,803.8,255.5
Round3,Q4,754,754.0,EMIRATES,0.3922,1598.0,606.9,64.0,41.9,1920,1080,0.129,1630.0,627.9
Round3,Q4,755,755.0,EMIRATES,0.9064,280.4,547.8,147.4,42.9,1920,1080,0.305,354.1,569.3
Round3,Q4,755,755.0,CYBERCX,0.8835,1179.3,707.0,149.1,51.5,1920,1080,0.37,1253.8,732.8
Round3,Q4,755,755.0,CYBERCX,0.8566,448.0,690.8,100.6,80.5,1920,1080,0.39,498.3,731.0
Round3,Q4,755,755.0,CYBERCX,0.8559,741.8,154.0,120.2,167.0,1920,1080,0.968,801.9,237.5
Round3,Q4,755,755.0,CYBERCX,0.6902,1854.8,691.3,64.2,70.9,1920,1080,0.219,1886.9,726.8
Round3,Q4,756,756.0,EMIRATES,0.9049,262.8,551.0,147.6,43.9,1920,1080,0.313,336.7,573.0
Round3,Q4,756,756.0,CYBERCX,0.8618,720.8,151.3,118.9,161.9,1920,1080,0.928,780.3,232.2
Round3,Q4,756,756.0,CYBERCX,0.8565,1170.4,697.1,130.8,53.3,1920,1080,0.336,1235.8,723.8
Round3,Q4,756,756.0,CYBERCX,0.834,430.2,683.0,98.3,79.6,1920,1080,0.378,479.3,722.8
Round3,Q4,756,756.0,EMIRATES,0.7726,143.0,191.4,58.6,30.6,1920,1080,0.087,172.4,206.7
Round3,Q4,756,756.0,CYBERCX,0.3506,1834.5,684.7,69.0,71.7,1920,1080,0.239,1869.0,720.5
Round3,Q4,757,757.0,EMIRATES,0.7547,250.3,556.9,154.1,44.6,1920,1080,0.332,327.4,579.2
Round3,Q4,758,758.0,EMIRATES,0.8582,651.6,718.1,43.4,36.0,1920,1080,0.075,673.3,736.1
Round3,Q4,758,758.0,EMIRATES,0.7788,936.7,551.2,26.8,20.5,1920,1080,0.026,950.1,561.5
Round3,Q4,759,759.0,EMIRATES,0.8775,799.3,599.2,49.8,18.0,1920,1080,0.043,824.2,608.1
Round3,Q4,759,759.0,EMIRATES,0.8299,360.9,510.7,35.4,27.0,1920,1080,0.046,378.6,524.2
Round3,Q4,760,760.0,EMIRATES,0.8569,327.6,376.4,26.8,18.7,1920,1080,0.024,341.0,385.7
Round3,Q4,761,761.0,EMIRATES,0.8691,1150.9,295.3,28.2,19.2,1920,1080,0.026,1165.0,304.9
Round3,Q4,761,761.0,EMIRATES,0.6064,443.9,286.4,18.7,19.6,1920,1080,0.018,453.2,296.2
Round3,Q4,762,762.0,EMIRATES,0.881,588.7,305.3,26.1,23.9,1920,1080,0.03,601.7,317.3
Round3,Q4,762,762.0,EMIRATES,0.872,981.3,362.3,51.3,16.1,1920,1080,0.04,1007.0,370.4
Round3,Q4,763,763.0,EMIRATES,0.8972,1110.8,295.5,51.5,17.5,1920,1080,0.043,1136.5,304.2
Round3,Q4,763,763.0,EMIRATES,0.8936,913.5,421.6,40.6,21.2,1920,1080,0.042,933.9,432.3
Round3,Q4,763,763.0,EMIRATES,0.8757,696.8,311.5,32.6,26.3,1920,1080,0.041,713.1,324.6
Round3,Q4,764,764.0,CYBERCX,0.8293,0.4,162.4,81.0,94.3,1920,1080,0.368,40.9,209.6
Round3,Q4,764,764.0,CYBERCX,0.8076,0.1,330.3,83.3,74.3,1920,1080,0.298,41.7,367.5
Round3,Q4,765,765.0,CYBERCX,0.8331,0.3,162.8,80.8,92.7,1920,1080,0.361,40.7,209.2
Round3,Q4,765,765.0,CYBERCX,0.7911,0.0,333.0,87.3,68.3,1920,1080,0.288,43.6,367.2
Round3,Q4,766,766.0,CYBERCX,0.8171,0.3,162.3,80.6,91.2,1920,1080,0.354,40.6,207.9
Round3,Q4,766,766.0,CYBERCX,0.7922,0.0,333.5,83.8,67.6,1920,1080,0.273,41.9,367.3
Round3,Q4,767,767.0,CYBERCX,0.8239,0.5,163.6,76.1,93.3,1920,1080,0.342,38.6,210.2
Round3,Q4,767,767.0,CYBERCX,0.7961,0.1,302.1,82.5,102.6,1920,1080,0.408,41.3,353.4
Round3,Q4,768,768.0,CYBERCX,0.8025,0.0,302.1,83.7,104.8,1920,1080,0.423,41.9,354.5
Round3,Q4,768,768.0,CYBERCX,0.7919,0.0,161.9,80.2,95.8,1920,1080,0.371,40.1,209.8
Round3,Q4,769,769.0,EMIRATES,0.6318,1903.1,390.0,16.8,10.3,1920,1080,0.008,1911.5,395.1
Round3,Q4,769,769.0,EMIRATES,0.6046,1412.6,612.0,17.9,11.4,1920,1080,0.01,1421.5,617.7
Round3,Q4,770,770.0,EMIRATES,0.6868,1389.9,616.5,18.9,13.3,1920,1080,0.012,1399.4,623.2
Round3,Q4,770,770.0,EMIRATES,0.3878,1278.9,513.1,23.2,12.4,1920,1080,0.014,1290.5,519.3
Round3,Q4,772,772.0,EMIRATES,0.8673,1083.1,355.2,33.2,12.5,1920,1080,0.02,1099.7,361.5
Round3,Q4,772,772.0,EMIRATES,0.8569,1349.5,593.6,40.4,15.1,1920,1080,0.029,1369.7,601.1
Round3,Q4,772,772.0,EMIRATES,0.3649,174.8,549.7,33.4,12.0,1920,1080,0.019,191.5,555.7
Round3,Q4,773,773.0,EMIRATES,0.8877,1586.3,957.5,50.5,15.4,1920,1080,0.038,1611.6,965.2
Round3,Q4,773,773.0,EMIRATES,0.8628,1644.7,19.1,23.8,11.1,1920,1080,0.013,1656.6,24.7
Round3,Q4,775,775.0,EMIRATES,0.9034,1709.1,1055.1,58.6,20.6,1920,1080,0.058,1738.4,1065.4
Round3,Q4,776,776.0,EMIRATES,0.8937,464.0,739.7,54.0,17.6,1920,1080,0.046,491.0,748.5
Round3,Q4,776,776.0,EMIRATES,0.8867,445.7,117.8,41.6,14.4,1920,1080,0.029,466.5,125.0
Round3,Q4,776,776.0,EMIRATES,0.5464,1912.8,659.3,7.2,17.6,1920,1080,0.006,1916.4,668.1
Round3,Q4,777,777.0,EMIRATES,0.8865,165.0,107.8,43.0,14.6,1920,1080,0.03,186.5,115.1
Round3,Q4,777,777.0,EMIRATES,0.8815,441.6,487.1,51.2,30.7,1920,1080,0.076,467.2,502.5
Round3,Q4,777,777.0,EMIRATES,0.8428,1721.0,568.3,46.9,12.3,1920,1080,0.028,1744.4,574.4
Round3,Q4,778,778.0,EMIRATES,0.4045,808.5,497.6,45.3,23.3,1920,1080,0.051,831.1,509.3
Round3,Q4,782,782.0,EMIRATES,0.8509,867.7,449.9,29.2,13.6,1920,1080,0.019,882.3,456.7
Round3,Q4,783,783.0,EMIRATES,0.8597,1083.8,403.9,26.1,30.1,1920,1080,0.038,1096.8,419.0
Round3,Q4,783,783.0,EMIRATES,0.7698,1284.8,393.7,60.9,15.7,1920,1080,0.046,1315.2,401.5
Round3,Q4,784,784.0,EMIRATES,0.8795,346.2,28.6,42.0,14.5,1920,1080,0.029,367.2,35.8
Round3,Q4,785,785.0,EMIRATES,0.8902,910.9,622.1,33.9,19.0,1920,1080,0.031,927.9,631.6
Round3,Q4,785,785.0,EMIRATES,0.8417,1456.2,225.9,31.5,14.2,1920,1080,0.022,1472.0,233.0
Round3,Q4,786,786.0,EMIRATES,0.8842,1022.4,252.9,44.1,25.1,1920,1080,0.053,1044.5,265.5
Round3,Q4,787,787.0,EMIRATES,0.9032,846.1,379.0,37.8,15.0,1920,1080,0.027,865.1,386.5
Round3,Q4,789,789.0,EMIRATES,0.8938,761.2,235.2,37.6,22.5,1920,1080,0.041,780.0,246.5
Round3,Q4,792,792.0,EMIRATES,0.7628,1008.3,787.0,27.8,9.8,1920,1080,0.013,1022.2,791.9
Round3,Q4,793,793.0,EMIRATES,0.7433,849.5,774.0,25.4,10.9,1920,1080,0.013,862.2,779.4
Round3,Q4,794,794.0,EMIRATES,0.8793,675.3,800.5,28.8,11.7,1920,1080,0.016,689.6,806.3
Round3,Q4,795,795.0,EMIRATES,0.7722,510.0,816.5,26.4,16.9,1920,1080,0.021,523.2,824.9
Round3,Q4,796,796.0,EMIRATES,0.8723,461.3,785.5,28.0,9.6,1920,1080,0.013,475.2,790.4
Round3,Q4,797,797.0,EMIRATES,0.8239,493.2,724.2,28.2,8.6,1920,1080,0.012,507.3,728.5
Round3,Q4,800,800.0,CRUSADER_CARAVANS,0.3443,0.0,381.1,96.2,18.9,1920,1080,0.088,48.1,390.6
Round3,Q4,801,801.0,EMIRATES,0.9058,1451.1,254.8,33.9,11.5,1920,1080,0.019,1468.1,260.6
Round3,Q4,802,802.0,EMIRATES,0.9013,1011.7,203.6,38.1,17.9,1920,1080,0.033,1030.8,212.6
Round3,Q4,802,802.0,EMIRATES,0.8634,575.9,462.8,42.0,16.5,1920,1080,0.033,596.9,471.0
Round3,Q4,803,803.0,EMIRATES,0.747,989.3,272.4,28.0,12.8,1920,1080,0.017,1003.4,278.7
Round3,Q4,804,804.0,EMIRATES,0.8707,63.6,410.2,59.0,18.4,1920,1080,0.052,93.1,419.4
Round3,Q4,806,806.0,EMIRATES,0.8745,1679.6,975.9,66.6,25.7,1920,1080,0.082,1712.9,988.8
Round3,Q4,807,807.0,EMIRATES,0.8849,884.7,812.4,60.3,22.5,1920,1080,0.066,914.9,823.7
Round3,Q4,808,808.0,CRUSADER_CARAVANS,0.3091,727.5,149.3,256.6,51.6,1920,1080,0.638,855.8,175.1
Round3,Q4,818,818.0,CYBERCX,0.7759,423.7,984.6,90.0,46.1,1920,1080,0.2,468.7,1007.7
Round3,Q4,818,818.0,CYBERCX,0.4569,1042.0,792.0,61.8,45.0,1920,1080,0.134,1072.9,814.5
Round3,Q4,819,819.0,CYBERCX,0.8811,693.3,796.7,129.7,52.6,1920,1080,0.329,758.1,823.0
Round3,Q4,819,819.0,EMIRATES,0.8758,1137.6,799.4,129.6,27.7,1920,1080,0.173,1202.4,813.2
Round3,Q4,819,819.0,EMIRATES,0.8237,91.4,549.6,92.8,29.2,1920,1080,0.13,137.8,564.2
Round3,Q4,819,819.0,CYBERCX,0.8172,944.0,231.0,182.8,65.9,1920,1080,0.58,1035.3,263.9
Round3,Q4,819,819.0,CYBERCX,0.8126,1591.6,510.4,67.5,47.4,1920,1080,0.154,1625.4,534.1
Round3,Q4,819,819.0,EMIRATES,0.8108,573.5,692.0,62.0,28.3,1920,1080,0.085,604.4,706.1
Round3,Q4,819,819.0,CYBERCX,0.8104,1495.0,987.3,110.5,48.3,1920,1080,0.257,1550.3,1011.4
Round3,Q4,819,819.0,EMIRATES,0.3841,737.5,220.2,45.1,20.1,1920,1080,0.044,760.1,230.3
Round3,Q4,820,820.0,EMIRATES,0.8832,1375.1,830.0,125.3,31.4,1920,1080,0.19,1437.7,845.7
Round3,Q4,820,820.0,CYBERCX,0.8718,690.9,809.8,134.5,55.1,1920,1080,0.357,758.2,837.3
Round3,Q4,820,820.0,CYBERCX,0.8568,1595.0,526.2,62.9,44.0,1920,1080,0.133,1626.5,548.2
Round3,Q4,820,820.0,CYBERCX,0.7303,1045.3,813.1,96.3,51.6,1920,1080,0.24,1093.4,838.9
Round3,Q4,820,820.0,EMIRATES,0.725,127.9,571.5,81.7,39.0,1920,1080,0.153,168.7,590.9
Round3,Q4,820,820.0,EMIRATES,0.4756,8.7,974.5,67.2,40.0,1920,1080,0.13,42.3,994.5
Round3,Q4,821,821.0,EMIRATES,0.8971,1041.8,809.8,123.5,32.2,1920,1080,0.192,1103.5,825.9
Round3,Q4,821,821.0,CYBERCX,0.8819,1439.3,1017.0,200.3,59.6,1920,1080,0.576,1539.5,1046.9
Round3,Q4,821,821.0,CYBERCX,0.8787,969.3,274.3,179.1,66.6,1920,1080,0.576,1058.9,307.6
Round3,Q4,821,821.0,CYBERCX,0.8638,1627.0,550.3,61.5,46.3,1920,1080,0.137,1657.7,573.4
Round3,Q4,821,821.0,CYBERCX,0.7744,722.3,838.1,105.3,50.1,1920,1080,0.254,774.9,863.1
Round3,Q4,821,821.0,CYBERCX,0.3653,1440.3,834.0,40.0,51.6,1920,1080,0.1,1460.3,859.8
Round3,Q4,822,822.0,EMIRATES,0.8899,848.3,592.7,34.1,15.8,1920,1080,0.026,865.3,600.5
Round3,Q4,823,823.0,EMIRATES,0.8481,981.6,759.8,40.5,24.2,1920,1080,0.047,1001.8,771.8
Round3,Q4,823,823.0,EMIRATES,0.6483,1050.2,452.9,42.9,13.1,1920,1080,0.027,1071.7,459.5
Round3,Q4,824,824.0,EMIRATES,0.8622,1087.1,446.6,45.1,18.3,1920,1080,0.04,1109.7,455.7
Round3,Q4,824,824.0,EMIRATES,0.8017,1472.7,264.4,36.2,15.9,1920,1080,0.028,1490.8,272.4
Round3,Q4,826,826.0,EMIRATES,0.7341,1392.5,377.6,37.2,18.3,1920,1080,0.033,1411.2,386.7
Round3,Q4,827,827.0,EMIRATES,0.7444,1120.0,368.2,20.5,15.3,1920,1080,0.015,1130.2,375.9
Round3,Q4,829,829.0,EMIRATES,0.8977,1315.0,512.0,53.4,18.6,1920,1080,0.048,1341.7,521.3
Round3,Q4,830,830.0,EMIRATES,0.8755,1330.0,554.5,47.9,18.3,1920,1080,0.042,1353.9,563.6
Round3,Q4,831,831.0,EMIRATES,0.8839,1339.9,500.8,46.1,19.2,1920,1080,0.043,1362.9,510.4
Round3,Q4,832,832.0,EMIRATES,0.8735,1337.0,435.2,40.7,22.2,1920,1080,0.044,1357.3,446.2
Round3,Q4,834,834.0,EMIRATES,0.4834,1865.6,163.0,54.3,20.5,1920,1080,0.054,1892.8,173.2
Round3,Q4,834,834.0,EMIRATES,0.3412,0.0,116.6,33.9,13.4,1920,1080,0.022,17.0,123.3
Round3,Q4,835,835.0,EMIRATES,0.3575,1881.6,167.2,38.3,20.6,1920,1080,0.038,1900.7,177.5
Round3,Q4,836,836.0,EMIRATES,0.3718,1903.7,170.7,16.3,16.5,1920,1080,0.013,1911.8,178.9
Round3,Q4,845,845.0,EMIRATES,0.8562,260.2,997.9,27.3,21.8,1920,1080,0.029,273.9,1008.8
Round3,Q4,845,845.0,EMIRATES,0.5889,931.9,496.2,32.2,14.4,1920,1080,0.022,947.9,503.4
Round3,Q4,846,846.0,EMIRATES,0.8776,115.2,558.4,55.5,19.4,1920,1080,0.052,143.0,568.1
Round3,Q4,846,846.0,EMIRATES,0.8701,1289.0,443.2,49.8,15.7,1920,1080,0.038,1314.0,451.1
Round3,Q4,847,847.0,EMIRATES,0.8836,497.5,526.8,49.3,19.3,1920,1080,0.046,522.2,536.4
Round3,Q4,847,847.0,EMIRATES,0.8822,127.8,568.7,54.4,19.5,1920,1080,0.051,155.0,578.4
Round3,Q4,847,847.0,EMIRATES,0.8592,1277.0,351.2,31.3,25.2,1920,1080,0.038,1292.6,363.8
Round3,Q4,848,848.0,EMIRATES,0.8685,1307.6,328.3,35.3,12.3,1920,1080,0.021,1325.3,334.4
Round3,Q4,848,848.0,EMIRATES,0.8515,613.6,637.3,52.7,18.3,1920,1080,0.047,640.0,646.5
Round3,Q4,848,848.0,EMIRATES,0.8342,902.3,393.4,49.4,17.2,1920,1080,0.041,927.0,402.0
Round3,Q4,849,849.0,EMIRATES,0.8815,697.6,680.5,58.1,17.4,1920,1080,0.049,726.7,689.2
Round3,Q4,850,850.0,EMIRATES,0.4487,1001.6,297.7,31.0,18.8,1920,1080,0.028,1017.1,307.1
Round3,Q4,851,851.0,EMIRATES,0.7183,1290.5,222.4,37.9,11.8,1920,1080,0.022,1309.4,228.3
Round3,Q4,851,851.0,EMIRATES,0.5192,858.8,220.6,27.5,12.5,1920,1080,0.017,872.6,226.8
Round3,Q4,852,852.0,EMIRATES,0.8883,1137.5,297.5,42.7,14.2,1920,1080,0.029,1158.9,304.6
Round3,Q4,852,852.0,EMIRATES,0.8632,834.6,101.5,39.6,14.0,1920,1080,0.027,854.4,108.5
Round3,Q4,855,855.0,EMIRATES,0.8775,1657.1,851.4,50.0,20.1,1920,1080,0.048,1682.1,861.4
Round3,Q4,855,855.0,EMIRATES,0.8748,739.0,499.6,47.0,22.6,1920,1080,0.051,762.5,511.0
Round3,Q4,856,856.0,EMIRATES,0.8737,1088.2,589.6,46.8,19.8,1920,1080,0.045,1111.6,599.5
Round3,Q4,857,857.0,EMIRATES,0.8895,1845.6,576.4,42.8,15.2,1920,1080,0.031,1867.0,584.0
Round3,Q4,857,857.0,EMIRATES,0.3762,947.2,407.7,38.9,21.4,1920,1080,0.04,966.6,418.4
Round3,Q4,858,858.0,EMIRATES,0.9108,1553.2,452.3,41.0,17.8,1920,1080,0.035,1573.7,461.2
Round3,Q4,858,858.0,EMIRATES,0.8856,652.5,345.3,37.9,13.2,1920,1080,0.024,671.5,351.9
Round3,Q4,859,859.0,EMIRATES,0.8927,1334.3,294.0,44.4,15.3,1920,1080,0.033,1356.5,301.6
Round3,Q4,859,859.0,EMIRATES,0.7263,358.2,238.2,22.1,15.1,1920,1080,0.016,369.2,245.7
Round3,Q4,860,860.0,EMIRATES,0.7264,544.6,225.3,24.3,17.7,1920,1080,0.021,556.7,234.2
Round3,Q4,868,868.0,EMIRATES,0.7621,1782.6,1.0,95.4,47.1,1920,1080,0.217,1830.3,24.5
Round3,Q4,869,869.0,EMIRATES,0.5563,721.8,1035.4,141.5,44.6,1920,1080,0.304,792.5,1057.7
Round3,Q4,870,870.0,EMIRATES,0.8175,1050.6,534.1,34.6,63.2,1920,1080,0.106,1067.9,565.7
Round3,Q4,871,871.0,EMIRATES,0.8819,567.5,563.8,104.9,71.5,1920,1080,0.362,620.0,599.5
Round3,Q4,872,872.0,EMIRATES,0.563,392.1,762.8,47.4,15.6,1920,1080,0.036,415.7,770.5
Round3,Q4,873,873.0,EMIRATES,0.8357,1689.2,306.1,37.5,13.2,1920,1080,0.024,1708.0,312.7
Round3,Q4,873,873.0,EMIRATES,0.8273,129.3,404.1,38.9,10.0,1920,1080,0.019,148.7,409.1
Round3,Q4,874,874.0,EMIRATES,0.8758,1496.9,420.9,50.0,19.4,1920,1080,0.047,1521.9,430.6
Round3,Q4,875,875.0,EMIRATES,0.8491,795.1,118.3,41.2,19.7,1920,1080,0.039,815.7,128.1
Round3,Q4,876,876.0,EMIRATES,0.6862,0.0,106.2,13.4,21.9,1920,1080,0.014,6.7,117.1
Round3,Q4,877,877.0,EMIRATES,0.893,188.4,283.0,39.7,21.5,1920,1080,0.041,208.2,293.7
Round3,Q4,877,877.0,EMIRATES,0.7479,1507.1,318.0,53.3,17.8,1920,1080,0.046,1533.8,326.9
Round3,Q4,878,878.0,EMIRATES,0.8338,678.7,426.6,27.9,17.2,1920,1080,0.023,692.7,435.2
Round3,Q4,881,881.0,EMIRATES,0.8814,0.2,306.3,29.1,18.3,1920,1080,0.026,14.8,315.5
Round3,Q4,882,882.0,EMIRATES,0.8218,1443.8,318.1,20.8,23.2,1920,1080,0.023,1454.1,329.6
Round3,Q4,885,885.0,EMIRATES,0.3989,1692.8,554.6,12.7,56.1,1920,1080,0.034,1699.1,582.7
Round3,Q4,887,887.0,EMIRATES,0.8525,152.0,1.9,43.3,169.3,1920,1080,0.353,173.7,86.5
Round3,Q4,887,887.0,EMIRATES,0.8485,483.1,471.8,28.7,13.1,1920,1080,0.018,497.5,478.4
Round3,Q4,887,887.0,EMIRATES,0.8277,1520.2,122.9,44.4,222.8,1920,1080,0.477,1542.4,234.3
Round3,Q4,887,887.0,EMIRATES,0.8234,813.8,41.9,42.9,216.6,1920,1080,0.448,835.2,150.2
Round3,Q4,887,887.0,EMIRATES,0.3516,298.0,305.0,23.7,12.0,1920,1080,0.014,309.8,311.1
Round3,Q4,888,888.0,EMIRATES,0.8809,647.2,422.7,28.6,15.2,1920,1080,0.021,661.5,430.3
Round3,Q4,888,888.0,EMIRATES,0.8424,211.3,18.2,56.2,262.2,1920,1080,0.71,239.4,149.2
Round3,Q4,888,888.0,EMIRATES,0.8334,1049.5,119.3,47.5,265.3,1920,1080,0.607,1073.2,251.9
Round3,Q4,889,889.0,EMIRATES,0.872,705.0,368.6,46.3,15.4,1920,1080,0.034,728.2,376.3
Round3,Q4,889,889.0,EMIRATES,0.8382,413.5,72.2,63.4,352.0,1920,1080,1.077,445.2,248.2
Round3,Q4,890,890.0,EMIRATES,0.8578,176.5,103.0,55.7,347.7,1920,1080,0.934,204.3,276.8
Round3,Q4,890,890.0,EMIRATES,0.6758,794.4,448.5,32.8,18.2,1920,1080,0.029,810.8,457.5
Round3,Q4,891,891.0,EMIRATES,0.8281,499.0,221.5,29.7,13.2,1920,1080,0.019,513.9,228.1
Round3,Q4,892,892.0,EMIRATES,0.4032,599.9,167.5,34.2,15.7,1920,1080,0.026,617.0,175.3
Round3,Q4,893,893.0,EMIRATES,0.8754,913.4,277.9,40.1,18.4,1920,1080,0.036,933.4,287.1
Round3,Q4,894,894.0,CRUSADER_CARAVANS,0.843,1750.6,351.0,169.4,71.2,1920,1080,0.581,1835.3,386.6
Round3,Q4,894,894.0,CRUSADER_CARAVANS,0.8328,1512.5,312.4,231.7,61.8,1920,1080,0.691,1628.3,343.3
Round3,Q4,894,894.0,CRUSADER_CARAVANS,0.8002,1255.4,113.7,215.0,31.1,1920,1080,0.322,1362.9,129.3
Round3,Q4,894,894.0,CRUSADER_CARAVANS,0.7874,286.3,209.3,266.8,32.1,1920,1080,0.413,419.7,225.3
Round3,Q4,894,894.0,CRUSADER_CARAVANS,0.772,1046.8,256.6,220.6,45.3,1920,1080,0.482,1157.1,279.3
Round3,Q4,894,894.0,CRUSADER_CARAVANS,0.7716,816.6,239.6,220.8,38.2,1920,1080,0.406,927.1,258.7
Round3,Q4,894,894.0,CRUSADER_CARAVANS,0.7544,807.6,92.1,218.1,27.4,1920,1080,0.288,916.6,105.7
Round3,Q4,894,894.0,CRUSADER_CARAVANS,0.747,7.6,197.9,277.1,30.8,1920,1080,0.411,146.1,213.3
Round3,Q4,894,894.0,CRUSADER_CARAVANS,0.7459,1563.2,131.8,178.9,31.3,1920,1080,0.27,1652.7,147.5
Round3,Q4,894,894.0,CRUSADER_CARAVANS,0.7339,1275.4,282.6,229.0,52.2,1920,1080,0.576,1389.9,308.7
Round3,Q4,894,894.0,CRUSADER_CARAVANS,0.7316,377.6,73.7,188.8,26.2,1920,1080,0.238,471.9,86.8
Round3,Q4,894,894.0,CRUSADER_CARAVANS,0.7279,1747.6,143.2,172.1,37.6,1920,1080,0.312,1833.7,162.0
Round3,Q4,894,894.0,CRUSADER_CARAVANS,0.7146,550.6,223.1,250.2,34.8,1920,1080,0.42,675.7,240.4
Round3,Q4,894,894.0,CRUSADER_CARAVANS,0.6782,0.0,51.6,59.7,27.5,1920,1080,0.079,29.9,65.4
Round3,Q4,894,894.0,CRUSADER_CARAVANS,0.6757,1013.7,103.5,237.2,27.8,1920,1080,0.318,1132.3,117.4
Round3,Q4,894,894.0,CRUSADER_CARAVANS,0.6746,618.7,84.2,183.4,25.2,1920,1080,0.223,710.4,96.8
Round3,Q4,894,894.0,CRUSADER_CARAVANS,0.6746,115.7,63.1,208.8,26.6,1920,1080,0.268,220.1,76.5
Round3,Q4,894,894.0,CRUSADER_CARAVANS,0.5446,1032.8,102.1,41.7,20.5,1920,1080,0.041,1053.6,112.4
Round3,Q4,894,894.0,CRUSADER_CARAVANS,0.5311,330.0,72.4,41.9,19.9,1920,1080,0.04,350.9,82.3
Round3,Q4,894,894.0,CRUSADER_CARAVANS,0.4971,70.3,60.7,44.8,20.3,1920,1080,0.044,92.7,70.9
Round3,Q4,894,894.0,CRUSADER_CARAVANS,0.465,288.1,207.6,48.2,23.5,1920,1080,0.055,312.2,219.3
Round3,Q4,894,894.0,CRUSADER_CARAVANS,0.4453,806.0,92.0,39.8,19.9,1920,1080,0.038,825.9,101.9
Round3,Q4,894,894.0,CRUSADER_CARAVANS,0.3748,574.9,82.3,41.5,19.6,1920,1080,0.039,595.6,92.1
Round3,Q4,894,894.0,CRUSADER_CARAVANS,0.3643,557.3,222.7,45.3,22.4,1920,1080,0.049,579.9,233.9
Round3,Q4,894,894.0,CRUSADER_CARAVANS,0.3328,0.0,191.8,26.1,30.0,1920,1080,0.038,13.0,206.8
Round3,Q4,895,895.0,CRUSADER_CARAVANS,0.8499,1555.8,240.3,231.9,58.9,1920,1080,0.659,1671.7,269.7
Round3,Q4,895,895.0,CRUSADER_CARAVANS,0.8252,1792.2,276.7,127.8,61.1,1920,1080,0.376,1856.1,307.3
Round3,Q4,895,895.0,CRUSADER_CARAVANS,0.7948,56.3,125.1,284.0,29.9,1920,1080,0.41,198.3,140.0
Round3,Q4,895,895.0,CRUSADER_CARAVANS,0.7779,1300.6,41.8,213.4,30.3,1920,1080,0.312,1407.3,57.0
Round3,Q4,895,895.0,CRUSADER_CARAVANS,0.7702,866.1,167.0,218.8,38.2,1920,1080,0.403,975.5,186.1
Round3,Q4,895,895.0,CRUSADER_CARAVANS,0.7612,856.5,21.4,217.1,27.0,1920,1080,0.283,965.0,34.9
Round3,Q4,895,895.0,CRUSADER_CARAVANS,0.757,611.2,151.7,241.3,31.7,1920,1080,0.369,731.8,167.6
Round3,Q4,895,895.0,CRUSADER_CARAVANS,0.7519,356.0,138.0,250.3,29.8,1920,1080,0.359,481.1,152.8
Round3,Q4,895,895.0,CRUSADER_CARAVANS,0.7519,1613.3,58.9,175.6,30.4,1920,1080,0.257,1701.0,74.1
Round3,Q4,895,895.0,CRUSADER_CARAVANS,0.7364,390.0,2.8,228.6,25.4,1920,1080,0.28,504.4,15.5
Round3,Q4,895,895.0,CRUSADER_CARAVANS,0.7319,1091.6,183.4,215.0,45.8,1920,1080,0.475,1199.1,206.4
Round3,Q4,895,895.0,CRUSADER_CARAVANS,0.7311,1320.1,209.6,228.0,50.3,1920,1080,0.553,1434.0,234.7
Round3,Q4,895,895.0,CRUSADER_CARAVANS,0.7192,1796.0,69.1,122.6,31.1,1920,1080,0.184,1857.3,84.6
Round3,Q4,895,895.0,CRUSADER_CARAVANS,0.6862,177.8,0.0,206.7,17.1,1920,1080,0.171,281.2,8.6
Round3,Q4,895,895.0,CRUSADER_CARAVANS,0.6484,1078.2,30.3,216.2,29.4,1920,1080,0.307,1186.3,45.0
Round3,Q4,895,895.0,CRUSADER_CARAVANS,0.6166,626.5,13.6,225.6,25.4,1920,1080,0.276,739.3,26.3
Round3,Q4,895,895.0,CRUSADER_CARAVANS,0.5169,346.2,135.8,47.1,22.4,1920,1080,0.051,369.7,147.0
Round3,Q4,895,895.0,CRUSADER_CARAVANS,0.4721,0.0,118.6,42.6,27.3,1920,1080,0.056,21.3,132.3
Round3,Q4,895,895.0,CRUSADER_CARAVANS,0.4475,1079.6,31.3,42.0,19.9,1920,1080,0.04,1100.6,41.2
Round3,Q4,895,895.0,CRUSADER_CARAVANS,0.3618,386.5,2.1,41.3,18.9,1920,1080,0.038,407.1,11.6
Round3,Q4,895,895.0,CRUSADER_CARAVANS,0.3429,855.4,21.1,38.7,18.9,1920,1080,0.035,874.7,30.6
Round3,Q4,895,895.0,CRUSADER_CARAVANS,0.3275,626.6,12.4,40.4,18.2,1920,1080,0.035,646.8,21.5
Round3,Q4,895,895.0,CRUSADER_CARAVANS,0.3171,1318.0,209.7,38.8,26.5,1920,1080,0.05,1337.4,223.0
Round3,Q4,896,896.0,CRUSADER_CARAVANS,0.8205,764.4,90.9,224.1,31.7,1920,1080,0.343,876.4,106.7
Round3,Q4,896,896.0,CRUSADER_CARAVANS,0.8132,1667.2,175.4,225.2,57.5,1920,1080,0.625,1779.8,204.2
Round3,Q4,896,896.0,CRUSADER_CARAVANS,0.813,1447.3,146.5,212.7,49.5,1920,1080,0.508,1553.6,171.3
Round3,Q4,896,896.0,CRUSADER_CARAVANS,0.7966,1729.6,1.5,176.1,26.4,1920,1080,0.224,1817.7,14.7
Round3,Q4,896,896.0,CRUSADER_CARAVANS,0.7873,252.2,68.9,262.8,28.5,1920,1080,0.361,383.6,83.1
Round3,Q4,896,896.0,CRUSADER_CARAVANS,0.7793,997.6,106.4,212.1,36.1,1920,1080,0.369,1103.7,124.4
Round3,Q4,896,896.0,CRUSADER_CARAVANS,0.7723,8.6,58.9,235.8,29.2,1920,1080,0.332,126.5,73.5
Round3,Q4,896,896.0,CRUSADER_CARAVANS,0.7648,517.2,77.2,240.0,31.4,1920,1080,0.363,637.2,92.9
Round3,Q4,896,896.0,CRUSADER_CARAVANS,0.7042,1216.5,122.5,218.2,44.9,1920,1080,0.473,1325.6,145.0
Round3,Q4,896,896.0,CRUSADER_CARAVANS,0.5512,1894.9,209.6,25.0,33.0,1920,1080,0.04,1907.4,226.1
Round3,Q4,896,896.0,CRUSADER_CARAVANS,0.5138,515.9,78.2,44.0,21.3,1920,1080,0.045,538.0,88.9
Round3,Q4,896,896.0,CRUSADER_CARAVANS,0.3772,1214.6,123.0,41.5,25.3,1920,1080,0.051,1235.3,135.7
Round3,Q4,896,896.0,CRUSADER_CARAVANS,0.3341,1905.0,7.6,15.0,24.0,1920,1080,0.017,1912.5,19.6
Round3,Q4,897,897.0,CRUSADER_CARAVANS,0.7844,839.2,49.4,213.2,26.7,1920,1080,0.274,945.8,62.8
Round3,Q4,897,897.0,CRUSADER_CARAVANS,0.7637,1272.7,74.1,202.8,34.9,1920,1080,0.341,1374.2,91.6
Round3,Q4,897,897.0,CRUSADER_CARAVANS,0.7518,1057.1,60.7,208.6,29.4,1920,1080,0.296,1161.4,75.4
Round3,Q4,897,897.0,CRUSADER_CARAVANS,0.7252,601.5,42.6,232.5,24.0,1920,1080,0.269,717.7,54.7
Round3,Q4,897,897.0,CRUSADER_CARAVANS,0.7184,0.0,26.8,101.1,22.4,1920,1080,0.109,50.6,38.0
Round3,Q4,897,897.0,CRUSADER_CARAVANS,0.7102,101.4,29.5,257.7,26.5,1920,1080,0.329,230.2,42.8
Round3,Q4,897,897.0,CRUSADER_CARAVANS,0.7101,1484.1,89.9,212.1,42.1,1920,1080,0.43,1590.1,110.9
Round3,Q4,897,897.0,CRUSADER_CARAVANS,0.708,361.4,36.9,239.0,22.9,1920,1080,0.264,480.9,48.4
Round3,Q4,897,897.0,CRUSADER_CARAVANS,0.6439,1711.4,114.6,207.2,46.6,1920,1080,0.465,1815.0,137.9
Round3,Q4,897,897.0,CRUSADER_CARAVANS,0.3741,107.7,30.4,46.1,20.9,1920,1080,0.046,130.7,40.9
Round3,Q4,898,898.0,CRUSADER_CARAVANS,0.775,1733.8,60.4,186.2,31.8,1920,1080,0.286,1826.9,76.3
Round3,Q4,898,898.0,CRUSADER_CARAVANS,0.7184,1538.1,47.0,184.6,27.2,1920,1080,0.242,1630.4,60.6
Round3,Q4,898,898.0,CRUSADER_CARAVANS,0.6908,1347.2,37.6,182.4,24.6,1920,1080,0.216,1438.4,49.9
Round3,Q4,898,898.0,CRUSADER_CARAVANS,0.545,961.6,29.4,174.3,14.6,1920,1080,0.122,1048.8,36.7
Round3,Q4,898,898.0,CRUSADER_CARAVANS,0.4351,1143.0,28.2,189.9,23.6,1920,1080,0.216,1238.0,40.0
Round3,Q4,898,898.0,CRUSADER_CARAVANS,0.3398,588.3,25.8,166.0,14.6,1920,1080,0.117,671.3,33.2
Round3,Q4,899,899.0,CRUSADER_CARAVANS,0.5761,1785.3,212.6,134.2,20.0,1920,1080,0.13,1852.4,222.6
Round3,Q4,899,899.0,CRUSADER_CARAVANS,0.5084,682.5,119.1,138.7,11.1,1920,1080,0.074,751.8,124.7
Round3,Q4,899,899.0,CRUSADER_CARAVANS,0.3969,981.5,115.9,145.1,11.8,1920,1080,0.083,1054.0,121.8
Round3,Q4,899,899.0,CRUSADER_CARAVANS,0.3516,1147.4,117.1,113.9,11.3,1920,1080,0.062,1204.3,122.7
Round3,Q4,899,899.0,CRUSADER_CARAVANS,0.3156,1404.5,121.1,137.7,13.1,1920,1080,0.087,1473.4,127.7
Round3,Q4,899,899.0,CRUSADER_CARAVANS,0.3126,1687.1,127.9,155.0,13.9,1920,1080,0.104,1764.6,134.8
Round3,Q4,900,900.0,CRUSADER_CARAVANS,0.7014,489.5,68.5,186.3,16.8,1920,1080,0.151,582.6,76.9
Round3,Q4,900,900.0,CRUSADER_CARAVANS,0.6823,134.2,79.8,163.6,19.3,1920,1080,0.152,216.0,89.4
Round3,Q4,900,900.0,CRUSADER_CARAVANS,0.6734,692.9,63.0,160.3,15.9,1920,1080,0.123,773.1,71.0
Round3,Q4,900,900.0,CRUSADER_CARAVANS,0.6163,136.8,216.8,38.9,21.3,1920,1080,0.04,156.3,227.4
Round3,Q4,900,900.0,CRUSADER_CARAVANS,0.6122,867.6,59.3,165.2,15.2,1920,1080,0.121,950.2,66.8
Round3,Q4,900,900.0,CRUSADER_CARAVANS,0.6096,333.5,74.4,151.0,17.3,1920,1080,0.126,409.0,83.1
Round3,Q4,900,900.0,CRUSADER_CARAVANS,0.6074,0.8,86.0,97.1,20.6,1920,1080,0.097,49.3,96.3
Round3,Q4,900,900.0,CRUSADER_CARAVANS,0.5451,1063.6,55.2,147.4,14.9,1920,1080,0.106,1137.2,62.7
Round3,Q4,900,900.0,CRUSADER_CARAVANS,0.5417,1610.0,45.4,153.1,13.7,1920,1080,0.101,1686.5,52.2
Round3,Q4,900,900.0,CRUSADER_CARAVANS,0.526,1236.4,52.5,158.8,15.1,1920,1080,0.115,1315.8,60.0
Round3,Q4,900,900.0,CRUSADER_CARAVANS,0.4714,177.8,204.9,161.7,26.7,1920,1080,0.208,258.7,218.2
Round3,Q4,900,900.0,CRUSADER_CARAVANS,0.4439,374.9,195.3,43.8,17.6,1920,1080,0.037,396.8,204.1
Round3,Q4,900,900.0,CRUSADER_CARAVANS,0.4271,298.1,77.6,35.0,16.5,1920,1080,0.028,315.6,85.9
Round3,Q4,900,900.0,CRUSADER_CARAVANS,0.4248,1375.0,153.9,174.3,16.0,1920,1080,0.134,1462.2,161.9
Round3,Q4,900,900.0,CRUSADER_CARAVANS,0.3669,2.3,231.9,53.8,23.7,1920,1080,0.061,29.2,243.7
Round3,Q4,900,900.0,CRUSADER_CARAVANS,0.3648,672.6,65.8,32.0,14.7,1920,1080,0.023,688.6,73.1
Round3,Q4,900,900.0,CRUSADER_CARAVANS,0.363,1408.2,49.9,166.9,13.0,1920,1080,0.104,1491.7,56.4
Round3,Q4,900,900.0,CRUSADER_CARAVANS,0.3619,572.4,179.3,56.2,16.1,1920,1080,0.044,600.5,187.3
Round3,Q4,900,900.0,CRUSADER_CARAVANS,0.3473,572.5,178.1,104.0,16.8,1920,1080,0.084,624.5,186.4
Round3,Q4,902,902.0,EMIRATES,0.6818,1576.0,350.6,22.9,19.8,1920,1080,0.022,1587.4,360.5
Round3,Q4,902,902.0,EMIRATES,0.5636,1054.2,435.6,25.9,14.0,1920,1080,0.018,1067.2,442.6
Round3,Q4,904,904.0,CRUSADER_CARAVANS,0.6621,0.1,107.5,35.5,17.4,1920,1080,0.03,17.9,116.1
Round3,Q4,904,904.0,CRUSADER_CARAVANS,0.581,37.2,105.3,32.6,15.3,1920,1080,0.024,53.4,113.0
Round3,Q4,904,904.0,CRUSADER_CARAVANS,0.5765,1517.6,55.4,134.3,14.6,1920,1080,0.094,1584.7,62.7
Round3,Q4,904,904.0,CRUSADER_CARAVANS,0.5752,71.5,100.1,47.6,15.9,1920,1080,0.037,95.3,108.0
Round3,Q4,904,904.0,CRUSADER_CARAVANS,0.5236,239.2,82.1,60.5,15.6,1920,1080,0.045,269.5,89.8
Round3,Q4,904,904.0,CRUSADER_CARAVANS,0.5003,301.7,75.5,70.6,15.0,1920,1080,0.051,337.0,83.0
Round3,Q4,904,904.0,CRUSADER_CARAVANS,0.3719,1840.2,64.8,79.7,19.8,1920,1080,0.076,1880.1,74.7
Round3,Q4,904,904.0,CRUSADER_CARAVANS,0.3004,0.1,2.6,27.0,13.5,1920,1080,0.018,13.6,9.4
Round3,Q4,905,905.0,CRUSADER_CARAVANS,0.6343,1.8,42.0,82.2,12.9,1920,1080,0.051,42.9,48.5
Round3,Q4,905,905.0,CRUSADER_CARAVANS,0.6229,1583.0,94.8,145.9,17.3,1920,1080,0.122,1656.0,103.4
Round3,Q4,905,905.0,CRUSADER_CARAVANS,0.6119,1439.3,85.8,141.2,17.7,1920,1080,0.12,1509.9,94.6
Round3,Q4,905,905.0,CRUSADER_CARAVANS,0.5463,1678.6,25.5,109.8,14.4,1920,1080,0.077,1733.5,32.7
Round3,Q4,905,905.0,CRUSADER_CARAVANS,0.5358,1740.8,104.3,147.3,22.6,1920,1080,0.161,1814.4,115.6
Round3,Q4,905,905.0,CRUSADER_CARAVANS,0.4714,108.3,35.1,120.5,13.1,1920,1080,0.076,168.6,41.6
Round3,Q4,905,905.0,CRUSADER_CARAVANS,0.4378,1891.2,114.7,28.5,14.3,1920,1080,0.02,1905.5,121.8
Round3,Q4,905,905.0,CRUSADER_CARAVANS,0.4244,1793.9,29.6,124.4,20.4,1920,1080,0.123,1856.1,39.8
Round3,Q4,905,905.0,CRUSADER_CARAVANS,0.3927,12.3,127.9,57.2,13.5,1920,1080,0.037,40.9,134.6
Round3,Q4,905,905.0,CRUSADER_CARAVANS,0.382,1402.0,12.8,123.8,12.2,1920,1080,0.073,1463.9,18.9
Round3,Q4,905,905.0,CRUSADER_CARAVANS,0.3568,1536.6,18.5,119.8,13.5,1920,1080,0.078,1596.5,25.3
Round3,Q4,905,905.0,CRUSADER_CARAVANS,0.3215,241.2,26.2,124.3,11.1,1920,1080,0.067,303.3,31.7
Round3,Q4,905,905.0,CRUSADER_CARAVANS,0.306,224.9,107.0,67.9,12.1,1920,1080,0.04,258.8,113.1
Round3,Q4,905,905.0,CRUSADER_CARAVANS,0.3011,1313.1,80.4,123.9,15.3,1920,1080,0.091,1375.0,88.0
Round3,Q4,906,906.0,CRUSADER_CARAVANS,0.7053,1466.6,34.8,132.4,16.1,1920,1080,0.103,1532.8,42.9
Round3,Q4,906,906.0,CRUSADER_CARAVANS,0.6929,0.5,42.6,79.1,14.2,1920,1080,0.054,40.1,49.7
Round3,Q4,906,906.0,CRUSADER_CARAVANS,0.6914,1604.6,41.1,135.9,18.6,1920,1080,0.122,1672.5,50.4
Round3,Q4,906,906.0,CRUSADER_CARAVANS,0.674,1741.7,49.5,155.1,19.1,1920,1080,0.143,1819.2,59.1
Round3,Q4,906,906.0,CRUSADER_CARAVANS,0.6692,1751.3,135.2,127.2,23.3,1920,1080,0.143,1814.9,146.9
Round3,Q4,906,906.0,CRUSADER_CARAVANS,0.6204,1340.5,30.7,121.2,14.0,1920,1080,0.082,1401.1,37.7
Round3,Q4,906,906.0,CRUSADER_CARAVANS,0.5903,1209.4,26.3,119.7,13.4,1920,1080,0.077,1269.3,33.0
Round3,Q4,906,906.0,CRUSADER_CARAVANS,0.5802,1286.5,104.5,123.2,15.5,1920,1080,0.092,1348.0,112.2
Round3,Q4,906,906.0,CRUSADER_CARAVANS,0.5684,1082.8,24.0,115.2,12.9,1920,1080,0.072,1140.5,30.5
Round3,Q4,906,906.0,CRUSADER_CARAVANS,0.541,1586.5,118.2,132.2,21.5,1920,1080,0.137,1652.6,128.9
Round3,Q4,906,906.0,CRUSADER_CARAVANS,0.496,254.0,33.5,119.0,10.6,1920,1080,0.061,313.5,38.8
Round3,Q4,906,906.0,CRUSADER_CARAVANS,0.4533,392.9,29.2,118.6,10.7,1920,1080,0.061,452.2,34.5
Round3,Q4,906,906.0,CRUSADER_CARAVANS,0.4493,1894.0,56.3,26.0,15.9,1920,1080,0.02,1907.0,64.3
Round3,Q4,906,906.0,CRUSADER_CARAVANS,0.4455,1416.1,110.4,148.0,16.7,1920,1080,0.119,1490.1,118.8
Round3,Q4,906,906.0,CRUSADER_CARAVANS,0.4295,946.9,23.0,120.0,11.1,1920,1080,0.064,1006.9,28.6
Round3,Q4,906,906.0,CRUSADER_CARAVANS,0.3885,532.2,25.8,113.1,10.8,1920,1080,0.059,588.8,31.2
Round3,Q4,906,906.0,CRUSADER_CARAVANS,0.3089,0.1,130.0,26.7,11.8,1920,1080,0.015,13.4,135.9
Round3,Q4,907,907.0,CRUSADER_CARAVANS,0.7178,1624.1,86.9,147.2,21.0,1920,1080,0.149,1697.7,97.4
Round3,Q4,907,907.0,CRUSADER_CARAVANS,0.7157,1475.3,80.3,146.2,18.3,1920,1080,0.129,1548.4,89.4
Round3,Q4,907,907.0,CRUSADER_CARAVANS,0.6968,1186.6,70.2,140.4,16.4,1920,1080,0.111,1256.8,78.3
Round3,Q4,907,907.0,CRUSADER_CARAVANS,0.6955,1772.9,192.9,146.8,41.6,1920,1080,0.294,1846.3,213.7
Round3,Q4,907,907.0,CRUSADER_CARAVANS,0.6766,0.7,158.3,144.1,15.6,1920,1080,0.109,72.8,166.1
Round3,Q4,907,907.0,CRUSADER_CARAVANS,0.659,1455.6,162.9,158.2,27.8,1920,1080,0.212,1534.7,176.8
Round3,Q4,907,907.0,CRUSADER_CARAVANS,0.6415,768.1,64.0,135.6,12.6,1920,1080,0.083,836.0,70.3
Round3,Q4,907,907.0,CRUSADER_CARAVANS,0.6382,1328.3,75.1,144.1,16.1,1920,1080,0.112,1400.3,83.1
Round3,Q4,907,907.0,CRUSADER_CARAVANS,0.6325,1132.0,150.5,162.3,15.7,1920,1080,0.123,1213.2,158.4
Round3,Q4,907,907.0,CRUSADER_CARAVANS,0.6111,1776.2,95.2,143.8,21.5,1920,1080,0.149,1848.1,106.0
Round3,Q4,907,907.0,CRUSADER_CARAVANS,0.6094,0.9,69.5,136.4,13.9,1920,1080,0.091,69.1,76.4
Round3,Q4,907,907.0,CRUSADER_CARAVANS,0.5819,1047.0,68.0,133.9,13.8,1920,1080,0.089,1114.0,74.9
Round3,Q4,907,907.0,CRUSADER_CARAVANS,0.5748,907.6,64.7,138.2,14.5,1920,1080,0.097,976.7,71.9
Round3,Q4,907,907.0,CRUSADER_CARAVANS,0.5533,1299.8,155.7,151.6,21.5,1920,1080,0.157,1375.6,166.4
Round3,Q4,907,907.0,CRUSADER_CARAVANS,0.5485,160.4,68.0,132.2,12.0,1920,1080,0.077,226.5,74.0
Round3,Q4,907,907.0,CRUSADER_CARAVANS,0.4907,491.8,64.2,131.0,11.5,1920,1080,0.073,557.4,69.9
Round3,Q4,907,907.0,CRUSADER_CARAVANS,0.4797,1630.5,182.4,136.5,25.4,1920,1080,0.167,1698.8,195.1
Round3,Q4,907,907.0,CRUSADER_CARAVANS,0.462,630.2,64.6,135.5,11.4,1920,1080,0.075,698.0,70.3
Round3,Q4,907,907.0,CRUSADER_CARAVANS,0.4398,516.0,147.8,136.9,11.4,1920,1080,0.075,584.4,153.5
Round3,Q4,907,907.0,CRUSADER_CARAVANS,0.3757,384.5,64.9,94.8,12.4,1920,1080,0.057,431.9,71.2
Round3,Q4,907,907.0,CRUSADER_CARAVANS,0.3466,171.1,155.6,160.3,10.7,1920,1080,0.083,251.3,161.0
Round3,Q4,907,907.0,CRUSADER_CARAVANS,0.3338,817.0,144.8,156.1,13.3,1920,1080,0.1,895.1,151.4
Round3,Q4,908,908.0,CRUSADER_CARAVANS,0.7608,1072.6,205.0,156.7,23.6,1920,1080,0.179,1150.9,216.9
Round3,Q4,908,908.0,CRUSADER_CARAVANS,0.7522,1088.0,116.4,147.4,17.8,1920,1080,0.127,1161.6,125.3
Round3,Q4,908,908.0,CRUSADER_CARAVANS,0.7398,936.7,111.6,147.1,16.2,1920,1080,0.115,1010.3,119.7
Round3,Q4,908,908.0,CRUSADER_CARAVANS,0.7394,786.2,108.7,148.4,15.4,1920,1080,0.11,860.5,116.4
Round3,Q4,908,908.0,CRUSADER_CARAVANS,0.731,560.2,192.7,162.6,16.0,1920,1080,0.126,641.5,200.7
Round3,Q4,908,908.0,CRUSADER_CARAVANS,0.7211,29.1,196.0,163.2,16.5,1920,1080,0.13,110.7,204.2
Round3,Q4,908,908.0,CRUSADER_CARAVANS,0.7155,1390.0,229.4,148.9,32.5,1920,1080,0.233,1464.5,245.6
Round3,Q4,908,908.0,CRUSADER_CARAVANS,0.6989,1236.0,215.7,150.5,27.5,1920,1080,0.199,1311.2,229.4
Round3,Q4,908,908.0,CRUSADER_CARAVANS,0.6946,900.1,197.4,165.8,19.2,1920,1080,0.153,983.0,207.0
Round3,Q4,908,908.0,CRUSADER_CARAVANS,0.6899,1236.1,121.0,149.1,19.4,1920,1080,0.14,1310.7,130.7
Round3,Q4,908,908.0,CRUSADER_CARAVANS,0.6786,634.9,106.7,146.9,14.9,1920,1080,0.106,708.4,114.1
Round3,Q4,908,908.0,CRUSADER_CARAVANS,0.6779,1539.8,138.8,146.2,21.7,1920,1080,0.153,1612.9,149.7
Round3,Q4,908,908.0,CRUSADER_CARAVANS,0.6743,1388.6,128.5,147.8,21.8,1920,1080,0.156,1462.5,139.4
Round3,Q4,908,908.0,CRUSADER_CARAVANS,0.6625,381.3,191.7,172.6,16.9,1920,1080,0.141,467.6,200.1
Round3,Q4,908,908.0,CRUSADER_CARAVANS,0.6581,325.7,104.7,150.8,14.0,1920,1080,0.101,401.1,111.6
Round3,Q4,908,908.0,CRUSADER_CARAVANS,0.6529,1706.8,272.0,162.5,45.4,1920,1080,0.356,1788.0,294.7
Round3,Q4,908,908.0,CRUSADER_CARAVANS,0.6477,725.5,193.0,171.8,19.0,1920,1080,0.158,811.4,202.5
Round3,Q4,908,908.0,CRUSADER_CARAVANS,0.6451,482.7,105.0,149.3,15.2,1920,1080,0.109,557.4,112.5
Round3,Q4,908,908.0,CRUSADER_CARAVANS,0.634,7.4,102.7,143.5,14.5,1920,1080,0.1,79.2,109.9
Round3,Q4,908,908.0,CRUSADER_CARAVANS,0.6305,193.9,195.2,180.2,16.1,1920,1080,0.14,284.0,203.2
Round3,Q4,908,908.0,CRUSADER_CARAVANS,0.6256,164.1,104.5,152.6,12.9,1920,1080,0.095,240.4,111.0
Round3,Q4,908,908.0,CRUSADER_CARAVANS,0.5738,1793.1,154.9,85.6,24.5,1920,1080,0.101,1835.9,167.1
Round3,Q4,908,908.0,CRUSADER_CARAVANS,0.551,1555.5,251.6,147.2,35.9,1920,1080,0.255,1629.2,269.6
Round3,Q4,908,908.0,CRUSADER_CARAVANS,0.4794,1881.1,163.9,38.8,20.1,1920,1080,0.038,1900.5,173.9
Round3,Q4,908,908.0,CRUSADER_CARAVANS,0.3623,0.1,195.4,29.6,16.8,1920,1080,0.024,14.9,203.8
Round3,Q4,909,909.0,CRUSADER_CARAVANS,0.8271,1048.5,267.0,172.1,29.7,1920,1080,0.247,1134.6,281.8
Round3,Q4,909,909.0,CRUSADER_CARAVANS,0.8051,681.2,249.1,185.2,22.5,1920,1080,0.201,773.8,260.4
Round3,Q4,909,909.0,CRUSADER_CARAVANS,0.7961,479.2,244.6,196.3,21.2,1920,1080,0.201,577.3,255.2
Round3,Q4,909,909.0,CRUSADER_CARAVANS,0.7939,1395.5,301.2,169.1,38.5,1920,1080,0.314,1480.0,320.5
Round3,Q4,909,909.0,CRUSADER_CARAVANS,0.7926,1747.4,352.1,172.4,62.9,1920,1080,0.523,1833.6,383.5
Round3,Q4,909,909.0,CRUSADER_CARAVANS,0.7916,870.6,257.5,173.7,24.8,1920,1080,0.208,957.5,269.9
Round3,Q4,909,909.0,CRUSADER_CARAVANS,0.7727,1224.2,281.3,169.0,34.2,1920,1080,0.278,1308.7,298.4
Round3,Q4,909,909.0,CRUSADER_CARAVANS,0.7629,292.0,244.0,183.4,18.3,1920,1080,0.162,383.7,253.1
Round3,Q4,909,909.0,CRUSADER_CARAVANS,0.7623,1051.9,164.3,163.8,20.1,1920,1080,0.159,1133.8,174.3
Round3,Q4,909,909.0,CRUSADER_CARAVANS,0.7558,1220.6,171.3,160.1,21.8,1920,1080,0.169,1300.7,182.2
Round3,Q4,909,909.0,CRUSADER_CARAVANS,0.7547,716.7,153.5,165.0,17.8,1920,1080,0.142,799.2,162.4
Round3,Q4,909,909.0,CRUSADER_CARAVANS,0.7528,887.0,157.0,164.5,20.5,1920,1080,0.163,969.3,167.2
Round3,Q4,909,909.0,CRUSADER_CARAVANS,0.7506,0.1,241.2,54.7,19.4,1920,1080,0.051,27.5,250.9
Round3,Q4,909,909.0,CRUSADER_CARAVANS,0.7495,182.5,143.2,181.2,18.0,1920,1080,0.157,273.0,152.3
Round3,Q4,909,909.0,CRUSADER_CARAVANS,0.7432,1571.4,323.0,170.2,45.2,1920,1080,0.371,1656.5,345.6
Round3,Q4,909,909.0,CRUSADER_CARAVANS,0.7223,1754.1,205.6,158.3,27.8,1920,1080,0.213,1833.3,219.5
Round3,Q4,909,909.0,CRUSADER_CARAVANS,0.7188,1389.8,179.9,153.5,24.5,1920,1080,0.181,1466.5,192.1
Round3,Q4,909,909.0,CRUSADER_CARAVANS,0.7064,1665.0,198.0,87.0,22.9,1920,1080,0.096,1708.5,209.5
Round3,Q4,909,909.0,CRUSADER_CARAVANS,0.6997,543.7,149.7,169.4,18.6,1920,1080,0.152,628.4,159.0
Round3,Q4,909,909.0,CRUSADER_CARAVANS,0.6941,7.3,139.0,170.1,18.7,1920,1080,0.154,92.3,148.4
Round3,Q4,909,909.0,CRUSADER_CARAVANS,0.6667,82.2,243.4,192.0,18.2,1920,1080,0.169,178.2,252.5
Round3,Q4,909,909.0,CRUSADER_CARAVANS,0.6119,364.0,147.6,173.0,16.6,1920,1080,0.138,450.5,155.9
Round3,Q4,909,909.0,CRUSADER_CARAVANS,0.5573,1550.8,189.8,73.7,20.2,1920,1080,0.072,1587.7,199.9
Round3,Q4,909,909.0,CRUSADER_CARAVANS,0.5397,1546.5,8.2,79.9,10.8,1920,1080,0.041,1586.5,13.6
Round3,Q4,909,909.0,CRUSADER_CARAVANS,0.3581,1845.3,2.2,73.9,12.8,1920,1080,0.045,1882.3,8.6
Round3,Q4,909,909.0,CRUSADER_CARAVANS,0.3016,1219.6,170.4,30.4,15.6,1920,1080,0.023,1234.8,178.2
Round3,Q4,910,910.0,CRUSADER_CARAVANS,0.8443,1656.5,382.4,189.3,61.7,1920,1080,0.563,1751.2,413.3
Round3,Q4,910,910.0,CRUSADER_CARAVANS,0.8417,1663.2,216.0,171.5,33.0,1920,1080,0.273,1748.9,232.5
Round3,Q4,910,910.0,CRUSADER_CARAVANS,0.8049,0.6,260.9,190.1,23.1,1920,1080,0.212,95.6,272.4
Round3,Q4,910,910.0,CRUSADER_CARAVANS,0.8029,1069.2,307.8,190.9,34.5,1920,1080,0.317,1164.6,325.0
Round3,Q4,910,910.0,CRUSADER_CARAVANS,0.7973,1266.2,327.2,186.7,43.0,1920,1080,0.387,1359.6,348.7
Round3,Q4,910,910.0,CRUSADER_CARAVANS,0.7971,660.9,280.8,204.5,27.0,1920,1080,0.266,763.2,294.2
Round3,Q4,910,910.0,CRUSADER_CARAVANS,0.7947,435.5,270.1,219.4,25.4,1920,1080,0.269,545.1,282.8
Round3,Q4,910,910.0,CRUSADER_CARAVANS,0.7879,870.0,291.5,194.4,31.5,1920,1080,0.295,967.2,307.2
Round3,Q4,910,910.0,CRUSADER_CARAVANS,0.7869,680.3,165.4,191.1,22.9,1920,1080,0.211,775.9,176.8
Round3,Q4,910,910.0,CRUSADER_CARAVANS,0.7747,195.6,265.0,235.7,24.4,1920,1080,0.278,313.4,277.2
Round3,Q4,910,910.0,CRUSADER_CARAVANS,0.7708,872.5,171.5,184.4,23.6,1920,1080,0.21,964.7,183.4
Round3,Q4,910,910.0,CRUSADER_CARAVANS,0.7621,480.7,160.3,195.3,21.2,1920,1080,0.2,578.4,170.9
Round3,Q4,910,910.0,CRUSADER_CARAVANS,0.7607,274.4,153.3,202.5,22.4,1920,1080,0.219,375.6,164.5
Round3,Q4,910,910.0,CRUSADER_CARAVANS,0.7386,48.5,146.9,219.9,23.0,1920,1080,0.244,158.4,158.4
Round3,Q4,910,910.0,CRUSADER_CARAVANS,0.7377,1459.3,350.7,193.2,50.7,1920,1080,0.473,1555.8,376.0
Round3,Q4,910,910.0,CRUSADER_CARAVANS,0.7186,1851.8,422.9,68.2,53.2,1920,1080,0.175,1885.9,449.5
Round3,Q4,910,910.0,CRUSADER_CARAVANS,0.716,1251.0,189.9,178.4,26.4,1920,1080,0.227,1340.1,203.1
Round3,Q4,910,910.0,CRUSADER_CARAVANS,0.7055,1062.0,180.9,183.6,24.6,1920,1080,0.218,1153.8,193.2
Round3,Q4,910,910.0,CRUSADER_CARAVANS,0.7043,1564.8,208.7,92.0,25.6,1920,1080,0.114,1610.8,221.5
Round3,Q4,910,910.0,CRUSADER_CARAVANS,0.6585,0.0,141.1,47.8,21.6,1920,1080,0.05,23.9,151.9
Round3,Q4,910,910.0,CRUSADER_CARAVANS,0.6389,1840.1,231.2,79.8,32.3,1920,1080,0.124,1880.0,247.4
Round3,Q4,910,910.0,CRUSADER_CARAVANS,0.5367,1435.7,201.2,83.0,22.7,1920,1080,0.091,1477.2,212.6
Round3,Q4,910,910.0,CRUSADER_CARAVANS,0.303,867.3,291.0,32.6,19.9,1920,1080,0.031,883.6,300.9
Round3,Q4,910,910.0,CRUSADER_CARAVANS,0.3005,872.5,173.2,32.5,16.1,1920,1080,0.025,888.7,181.2
Round3,Q4,911,911.0,CRUSADER_CARAVANS,0.8263,1538.9,421.3,201.6,62.8,1920,1080,0.611,1639.7,452.8
Round3,Q4,911,911.0,CRUSADER_CARAVANS,0.8234,1731.5,258.4,182.6,40.6,1920,1080,0.357,1822.8,278.7
Round3,Q4,911,911.0,CRUSADER_CARAVANS,0.8181,1745.9,464.3,174.1,82.1,1920,1080,0.689,1833.0,505.4
Round3,Q4,911,911.0,CRUSADER_CARAVANS,0.8159,1542.9,242.9,182.6,34.8,1920,1080,0.307,1634.2,260.3
Round3,Q4,911,911.0,CRUSADER_CARAVANS,0.8147,1102.0,216.0,193.2,26.0,1920,1080,0.242,1198.6,229.0
Round3,Q4,911,911.0,CRUSADER_CARAVANS,0.814,452.9,312.5,230.3,30.0,1920,1080,0.333,568.1,327.5
Round3,Q4,911,911.0,CRUSADER_CARAVANS,0.7988,687.1,326.3,215.3,32.5,1920,1080,0.338,794.7,342.5
Round3,Q4,911,911.0,CRUSADER_CARAVANS,0.7867,690.8,193.6,201.2,26.6,1920,1080,0.258,791.5,206.9
Round3,Q4,911,911.0,CRUSADER_CARAVANS,0.7823,474.7,187.4,212.0,24.6,1920,1080,0.252,580.7,199.7
Round3,Q4,911,911.0,CRUSADER_CARAVANS,0.7816,1121.2,362.9,198.3,44.2,1920,1080,0.423,1220.3,385.1
Round3,Q4,911,911.0,CRUSADER_CARAVANS,0.7724,909.1,342.3,205.5,38.2,1920,1080,0.379,1011.9,361.4
Round3,Q4,911,911.0,CRUSADER_CARAVANS,0.7719,197.4,302.5,250.5,26.1,1920,1080,0.315,322.6,315.6
Round3,Q4,911,911.0,CRUSADER_CARAVANS,0.7618,1.3,169.7,241.3,25.4,1920,1080,0.296,121.9,182.4
Round3,Q4,911,911.0,CRUSADER_CARAVANS,0.7565,1327.5,387.2,207.2,53.3,1920,1080,0.533,1431.1,413.8
Round3,Q4,911,911.0,CRUSADER_CARAVANS,0.7504,249.3,178.7,221.9,25.5,1920,1080,0.273,360.2,191.4
Round3,Q4,911,911.0,CRUSADER_CARAVANS,0.7439,898.6,205.4,197.2,25.6,1920,1080,0.244,997.2,218.3
Round3,Q4,911,911.0,CRUSADER_CARAVANS,0.7092,2.7,295.1,190.2,27.4,1920,1080,0.252,97.8,308.8
Round3,Q4,911,911.0,CRUSADER_CARAVANS,0.6473,1444.4,234.9,94.1,26.7,1920,1080,0.121,1491.4,248.3
Round3,Q4,911,911.0,CRUSADER_CARAVANS,0.4175,1301.7,227.2,92.2,22.8,1920,1080,0.101,1347.9,238.6
Round3,Q4,911,911.0,CRUSADER_CARAVANS,0.3331,0.4,167.8,47.1,19.8,1920,1080,0.045,23.9,177.7
Round3,Q4,911,911.0,CRUSADER_CARAVANS,0.3041,689.7,195.9,35.4,17.3,1920,1080,0.03,707.4,204.6
Round3,Q4,912,912.0,CRUSADER_CARAVANS,0.8035,1471.7,282.8,189.2,35.1,1920,1080,0.321,1566.3,300.3
Round3,Q4,912,912.0,CRUSADER_CARAVANS,0.783,1245.7,434.0,216.8,55.6,1920,1080,0.581,1354.1,461.8
Round3,Q4,912,912.0,CRUSADER_CARAVANS,0.7756,311.8,356.9,252.9,30.4,1920,1080,0.371,438.3,372.1
Round3,Q4,912,912.0,CRUSADER_CARAVANS,0.7733,801.6,387.1,220.1,39.8,1920,1080,0.422,911.7,407.0
Round3,Q4,912,912.0,CRUSADER_CARAVANS,0.7674,1666.5,299.1,191.0,40.8,1920,1080,0.376,1762.0,319.5
Round3,Q4,912,912.0,CRUSADER_CARAVANS,0.7649,1034.0,408.6,205.1,48.2,1920,1080,0.476,1136.5,432.7
Round3,Q4,912,912.0,CRUSADER_CARAVANS,0.7647,565.6,371.4,229.9,33.2,1920,1080,0.368,680.5,388.0
Round3,Q4,912,912.0,CRUSADER_CARAVANS,0.7594,379.4,223.9,185.0,25.2,1920,1080,0.225,471.9,236.5
Round3,Q4,912,912.0,CRUSADER_CARAVANS,0.7356,0.0,207.3,80.2,24.6,1920,1080,0.095,40.1,219.6
Round3,Q4,912,912.0,CRUSADER_CARAVANS,0.7344,92.2,213.7,236.7,25.5,1920,1080,0.291,210.6,226.5
Round3,Q4,912,912.0,CRUSADER_CARAVANS,0.7304,594.4,233.8,190.3,23.7,1920,1080,0.217,689.5,245.6
Round3,Q4,912,912.0,CRUSADER_CARAVANS,0.6956,1007.4,253.0,202.2,28.5,1920,1080,0.278,1108.5,267.3
Round3,Q4,912,912.0,CRUSADER_CARAVANS,0.6838,1686.5,514.6,219.9,82.4,1920,1080,0.874,1796.4,555.8
Round3,Q4,912,912.0,CRUSADER_CARAVANS,0.6797,822.8,244.5,177.2,23.4,1920,1080,0.2,911.4,256.2
Round3,Q4,912,912.0,CRUSADER_CARAVANS,0.6759,1571.4,29.7,103.7,14.9,1920,1080,0.075,1623.3,37.2
Round3,Q4,912,912.0,CRUSADER_CARAVANS,0.6686,1823.7,21.2,95.7,18.3,1920,1080,0.084,1871.6,30.3
Round3,Q4,912,912.0,CRUSADER_CARAVANS,0.6409,1450.6,31.8,99.5,14.0,1920,1080,0.067,1500.3,38.8
Round3,Q4,912,912.0,CRUSADER_CARAVANS,0.6405,3.6,346.7,301.5,28.4,1920,1080,0.413,154.3,360.9
Round3,Q4,912,912.0,CRUSADER_CARAVANS,0.6262,1330.5,33.1,97.6,12.7,1920,1080,0.06,1379.3,39.4
Round3,Q4,912,912.0,CRUSADER_CARAVANS,0.6218,736.1,26.7,96.4,14.7,1920,1080,0.068,784.3,34.1
Round3,Q4,912,912.0,CRUSADER_CARAVANS,0.6186,1092.0,32.5,96.8,13.0,1920,1080,0.061,1140.4,39.0
Round3,Q4,912,912.0,CRUSADER_CARAVANS,0.6155,849.9,28.7,100.5,14.5,1920,1080,0.07,900.1,36.0
Round3,Q4,912,912.0,CRUSADER_CARAVANS,0.609,1699.7,26.5,102.9,15.2,1920,1080,0.076,1751.1,34.1
Round3,Q4,912,912.0,CRUSADER_CARAVANS,0.5974,335.4,223.1,42.4,18.4,1920,1080,0.038,356.6,232.3
Round3,Q4,912,912.0,CRUSADER_CARAVANS,0.5952,970.7,30.8,99.7,14.2,1920,1080,0.068,1020.6,37.9
Round3,Q4,912,912.0,CRUSADER_CARAVANS,0.5905,1372.0,274.8,96.4,27.8,1920,1080,0.129,1420.2,288.7
Round3,Q4,912,912.0,CRUSADER_CARAVANS,0.5723,1210.6,33.3,98.8,12.5,1920,1080,0.06,1260.0,39.6
Round3,Q4,912,912.0,CRUSADER_CARAVANS,0.5668,605.2,23.9,105.4,14.9,1920,1080,0.076,657.9,31.3
Round3,Q4,912,912.0,CRUSADER_CARAVANS,0.5655,1468.1,469.5,211.9,63.3,1920,1080,0.647,1574.1,501.2
Round3,Q4,912,912.0,CRUSADER_CARAVANS,0.5488,1861.4,320.5,58.5,35.2,1920,1080,0.099,1890.6,338.1
Round3,Q4,912,912.0,CRUSADER_CARAVANS,0.5483,84.7,212.9,43.5,18.5,1920,1080,0.039,106.5,222.2
Round3,Q4,912,912.0,CRUSADER_CARAVANS,0.5264,563.3,368.8,39.2,22.5,1920,1080,0.043,582.9,380.0
Round3,Q4,912,912.0,CRUSADER_CARAVANS,0.5243,568.0,232.3,38.6,17.5,1920,1080,0.033,587.3,241.0
Round3,Q4,912,912.0,CRUSADER_CARAVANS,0.5024,1584.5,488.4,97.9,48.1,1920,1080,0.227,1633.4,512.5
Round3,Q4,912,912.0,CRUSADER_CARAVANS,0.4928,791.6,241.2,37.0,19.3,1920,1080,0.034,810.1,250.9
Round3,Q4,912,912.0,CRUSADER_CARAVANS,0.4692,356.9,16.0,106.9,14.1,1920,1080,0.073,410.3,23.1
Round3,Q4,912,912.0,CRUSADER_CARAVANS,0.4332,1860.5,320.8,35.8,26.2,1920,1080,0.045,1878.4,333.9
Round3,Q4,912,912.0,CRUSADER_CARAVANS,0.4225,1218.0,265.7,102.5,24.8,1920,1080,0.123,1269.2,278.1
Round3,Q4,912,912.0,CRUSADER_CARAVANS,0.4166,484.3,21.1,104.6,13.9,1920,1080,0.07,536.5,28.1
Round3,Q4,912,912.0,CRUSADER_CARAVANS,0.4013,1468.7,469.3,111.7,47.4,1920,1080,0.255,1524.5,492.9
Round3,Q4,912,912.0,CRUSADER_CARAVANS,0.3807,1216.9,265.2,37.0,20.7,1920,1080,0.037,1235.4,275.5
Round3,Q4,912,912.0,CRUSADER_CARAVANS,0.3499,1471.2,284.2,34.2,21.4,1920,1080,0.035,1488.3,294.9
Round3,Q4,912,912.0,CRUSADER_CARAVANS,0.3486,0.0,342.4,24.2,23.2,1920,1080,0.027,12.1,353.9
Round3,Q4,912,912.0,CRUSADER_CARAVANS,0.311,311.1,354.9,43.7,21.6,1920,1080,0.046,332.9,365.7
Round3,Q4,913,913.0,CRUSADER_CARAVANS,0.8017,1383.9,501.3,221.7,67.2,1920,1080,0.718,1494.7,534.9
Round3,Q4,913,913.0,CRUSADER_CARAVANS,0.7915,195.7,384.5,217.7,31.8,1920,1080,0.334,304.6,400.4
Round3,Q4,913,913.0,CRUSADER_CARAVANS,0.7746,1588.1,320.3,197.5,43.5,1920,1080,0.415,1686.9,342.1
Round3,Q4,913,913.0,CRUSADER_CARAVANS,0.7723,1382.8,302.9,199.0,37.8,1920,1080,0.363,1482.3,321.8
Round3,Q4,913,913.0,CRUSADER_CARAVANS,0.7588,0.1,228.0,159.4,27.6,1920,1080,0.212,79.8,241.8
Round3,Q4,913,913.0,CRUSADER_CARAVANS,0.7433,165.9,239.1,254.3,27.5,1920,1080,0.337,293.0,252.8
Round3,Q4,913,913.0,CRUSADER_CARAVANS,0.7413,462.9,251.2,195.2,24.8,1920,1080,0.233,560.5,263.6
Round3,Q4,913,913.0,CRUSADER_CARAVANS,0.7392,1833.8,608.9,86.2,69.4,1920,1080,0.288,1876.9,643.6
Round3,Q4,913,913.0,CRUSADER_CARAVANS,0.7356,417.9,399.6,250.0,31.1,1920,1080,0.375,542.9,415.2
Round3,Q4,913,913.0,CRUSADER_CARAVANS,0.7309,1608.9,547.9,39.3,31.7,1920,1080,0.06,1628.6,563.7
Round3,Q4,913,913.0,CRUSADER_CARAVANS,0.7236,0.6,374.5,130.8,26.1,1920,1080,0.164,66.0,387.6
Round3,Q4,913,913.0,CRUSADER_CARAVANS,0.7107,662.8,260.4,224.4,29.7,1920,1080,0.322,775.0,275.3
Round3,Q4,913,913.0,CRUSADER_CARAVANS,0.6782,921.6,272.9,185.2,29.5,1920,1080,0.263,1014.2,287.6
Round3,Q4,913,913.0,CRUSADER_CARAVANS,0.6766,1789.7,344.4,130.3,44.8,1920,1080,0.282,1854.9,366.8
Round3,Q4,913,913.0,CRUSADER_CARAVANS,0.6708,1747.0,30.9,110.4,17.4,1920,1080,0.093,1802.2,39.6
Round3,Q4,913,913.0,CRUSADER_CARAVANS,0.6706,1487.7,37.8,107.0,15.5,1920,1080,0.08,1541.2,45.6
Round3,Q4,913,913.0,CRUSADER_CARAVANS,0.6581,1358.9,39.3,107.6,15.8,1920,1080,0.082,1412.7,47.3
Round3,Q4,913,913.0,CRUSADER_CARAVANS,0.6572,141.0,380.9,54.5,23.3,1920,1080,0.061,168.2,392.5
Round3,Q4,913,913.0,CRUSADER_CARAVANS,0.6493,673.8,414.7,40.5,23.7,1920,1080,0.046,694.0,426.6
Round3,Q4,913,913.0,CRUSADER_CARAVANS,0.6432,1236.4,40.1,102.6,14.3,1920,1080,0.071,1287.7,47.2
Round3,Q4,913,913.0,CRUSADER_CARAVANS,0.6427,921.0,435.7,220.1,49.0,1920,1080,0.52,1031.0,460.2
Round3,Q4,913,913.0,CRUSADER_CARAVANS,0.6385,715.9,418.5,193.0,38.3,1920,1080,0.357,812.4,437.7
Round3,Q4,913,913.0,CRUSADER_CARAVANS,0.6272,422.4,248.8,41.0,19.0,1920,1080,0.038,442.9,258.3
Round3,Q4,913,913.0,CRUSADER_CARAVANS,0.6126,1283.5,294.5,96.5,30.3,1920,1080,0.141,1331.8,309.7
Round3,Q4,913,913.0,CRUSADER_CARAVANS,0.5932,467.7,26.7,109.0,15.2,1920,1080,0.08,522.1,34.3
Round3,Q4,913,913.0,CRUSADER_CARAVANS,0.5773,718.1,33.5,117.1,16.1,1920,1080,0.091,776.7,41.6
Round3,Q4,913,913.0,CRUSADER_CARAVANS,0.577,981.5,38.6,107.5,13.8,1920,1080,0.071,1035.3,45.5
Round3,Q4,913,913.0,CRUSADER_CARAVANS,0.5765,858.9,36.3,102.6,15.3,1920,1080,0.075,910.2,43.9
Round3,Q4,913,913.0,CRUSADER_CARAVANS,0.5656,1884.1,26.9,35.8,18.7,1920,1080,0.032,1902.0,36.3
Round3,Q4,913,913.0,CRUSADER_CARAVANS,0.5563,1109.9,39.8,104.0,13.9,1920,1080,0.07,1161.9,46.8
Round3,Q4,913,913.0,CRUSADER_CARAVANS,0.553,594.9,31.2,112.2,14.5,1920,1080,0.079,651.0,38.5
Round3,Q4,913,913.0,CRUSADER_CARAVANS,0.5352,1119.2,285.4,108.9,26.2,1920,1080,0.137,1173.6,298.4
Round3,Q4,913,913.0,CRUSADER_CARAVANS,0.4843,166.5,237.5,45.4,19.5,1920,1080,0.043,189.2,247.3
Round3,Q4,913,913.0,CRUSADER_CARAVANS,0.4822,662.9,259.7,42.5,20.4,1920,1080,0.042,684.1,269.9
Round3,Q4,913,913.0,CRUSADER_CARAVANS,0.466,418.1,396.0,42.5,23.6,1920,1080,0.048,439.3,407.8
Round3,Q4,913,913.0,CRUSADER_CARAVANS,0.4449,1621.7,34.4,104.2,17.9,1920,1080,0.09,1673.9,43.3
Round3,Q4,913,913.0,CRUSADER_CARAVANS,0.4294,179.3,14.6,130.4,17.1,1920,1080,0.108,244.4,23.2
Round3,Q4,913,913.0,CRUSADER_CARAVANS,0.4093,1380.7,501.8,40.6,29.3,1920,1080,0.057,1401.0,516.5
Round3,Q4,913,913.0,CRUSADER_CARAVANS,0.3954,1383.4,304.2,37.9,22.3,1920,1080,0.041,1402.3,315.4
Round3,Q4,913,913.0,CRUSADER_CARAVANS,0.3865,1146.5,468.5,231.7,54.0,1920,1080,0.604,1262.3,495.5
Round3,Q4,913,913.0,CRUSADER_CARAVANS,0.3632,892.4,272.8,35.5,18.6,1920,1080,0.032,910.1,282.1
Round3,Q4,913,913.0,CRUSADER_CARAVANS,0.3616,329.8,22.1,115.0,16.5,1920,1080,0.092,387.3,30.4
Round3,Q4,913,913.0,CRUSADER_CARAVANS,0.3128,1857.3,29.1,26.4,15.4,1920,1080,0.02,1870.5,36.8
Round3,Q4,914,914.0,CRUSADER_CARAVANS,0.8112,1405.3,399.4,215.0,41.8,1920,1080,0.433,1512.8,420.3
Round3,Q4,914,914.0,CRUSADER_CARAVANS,0.7902,1627.3,419.5,216.0,48.3,1920,1080,0.503,1735.3,443.7
Round3,Q4,914,914.0,CRUSADER_CARAVANS,0.7607,112.0,490.9,237.5,30.6,1920,1080,0.351,230.8,506.2
Round3,Q4,914,914.0,CRUSADER_CARAVANS,0.746,623.1,353.6,244.3,31.5,1920,1080,0.371,745.3,369.3
Round3,Q4,914,914.0,CRUSADER_CARAVANS,0.7314,1653.5,666.7,42.8,34.0,1920,1080,0.07,1674.9,683.7
Round3,Q4,914,914.0,CRUSADER_CARAVANS,0.7296,698.8,110.8,113.3,16.4,1920,1080,0.089,755.5,119.0
Round3,Q4,914,914.0,CRUSADER_CARAVANS,0.7211,0.0,322.8,70.4,29.6,1920,1080,0.1,35.2,337.5
Round3,Q4,914,914.0,CRUSADER_CARAVANS,0.7199,404.4,342.6,212.0,29.1,1920,1080,0.297,510.4,357.1
Round3,Q4,914,914.0,CRUSADER_CARAVANS,0.7029,635.3,520.5,44.0,25.4,1920,1080,0.054,657.3,533.3
Round3,Q4,914,914.0,CRUSADER_CARAVANS,0.7002,130.9,332.1,222.5,29.8,1920,1080,0.32,242.2,346.9
Round3,Q4,914,914.0,CRUSADER_CARAVANS,0.6921,884.5,365.1,222.2,34.6,1920,1080,0.371,995.6,382.4
Round3,Q4,914,914.0,CRUSADER_CARAVANS,0.6917,1148.3,575.3,254.4,59.7,1920,1080,0.733,1275.5,605.1
Round3,Q4,914,914.0,CRUSADER_CARAVANS,0.6896,535.6,104.7,139.0,19.9,1920,1080,0.133,605.1,114.6
Round3,Q4,914,914.0,CRUSADER_CARAVANS,0.6869,80.5,330.6,48.7,21.9,1920,1080,0.051,104.8,341.5
Round3,Q4,914,914.0,CRUSADER_CARAVANS,0.6775,1511.5,113.7,269.0,17.8,1920,1080,0.231,1646.0,122.6
Round3,Q4,914,914.0,CRUSADER_CARAVANS,0.6758,240.4,95.4,148.7,20.0,1920,1080,0.144,314.8,105.4
Round3,Q4,914,914.0,CRUSADER_CARAVANS,0.6548,359.3,502.1,271.0,38.8,1920,1080,0.507,494.8,521.5
Round3,Q4,914,914.0,CRUSADER_CARAVANS,0.6493,401.5,101.9,132.7,18.6,1920,1080,0.119,467.9,111.2
Round3,Q4,914,914.0,CRUSADER_CARAVANS,0.6443,48.8,485.4,55.8,24.9,1920,1080,0.067,76.7,497.9
Round3,Q4,914,914.0,CRUSADER_CARAVANS,0.6393,1848.6,441.8,71.4,43.5,1920,1080,0.15,1884.3,463.6
Round3,Q4,914,914.0,CRUSADER_CARAVANS,0.6142,1115.5,379.1,127.3,31.2,1920,1080,0.192,1179.1,394.7
Round3,Q4,914,914.0,CRUSADER_CARAVANS,0.5976,1412.4,613.3,241.5,74.9,1920,1080,0.872,1533.1,650.8
Round3,Q4,914,914.0,CRUSADER_CARAVANS,0.5971,820.8,111.8,127.5,18.4,1920,1080,0.113,884.5,121.1
Round3,Q4,914,914.0,CRUSADER_CARAVANS,0.5865,1242.7,116.3,110.7,16.9,1920,1080,0.09,1298.0,124.7
Round3,Q4,914,914.0,CRUSADER_CARAVANS,0.5807,95.6,89.8,144.1,19.7,1920,1080,0.137,167.6,99.6
Round3,Q4,914,914.0,CRUSADER_CARAVANS,0.5666,1095.1,116.6,124.0,16.3,1920,1080,0.098,1157.1,124.8
Round3,Q4,914,914.0,CRUSADER_CARAVANS,0.5659,1799.5,108.8,117.8,17.4,1920,1080,0.099,1858.4,117.5
Round3,Q4,914,914.0,CRUSADER_CARAVANS,0.5606,679.8,523.6,208.1,41.3,1920,1080,0.414,783.8,544.2
Round3,Q4,914,914.0,CRUSADER_CARAVANS,0.536,1406.6,613.0,42.8,31.8,1920,1080,0.066,1428.0,628.9
Round3,Q4,914,914.0,CRUSADER_CARAVANS,0.5358,1303.2,390.1,97.2,32.8,1920,1080,0.154,1351.8,406.5
Round3,Q4,914,914.0,CRUSADER_CARAVANS,0.5325,951.0,113.8,131.2,18.1,1920,1080,0.114,1016.6,122.8
Round3,Q4,914,914.0,CRUSADER_CARAVANS,0.4986,1369.8,117.1,123.0,18.0,1920,1080,0.107,1431.4,126.1
Round3,Q4,914,914.0,CRUSADER_CARAVANS,0.4949,1403.9,400.7,40.3,24.3,1920,1080,0.047,1424.0,412.8
Round3,Q4,914,914.0,CRUSADER_CARAVANS,0.4947,623.0,353.0,44.1,21.5,1920,1080,0.046,645.0,363.8
Round3,Q4,914,914.0,CRUSADER_CARAVANS,0.4871,0.0,477.4,40.3,33.1,1920,1080,0.064,20.1,494.0
Round3,Q4,914,914.0,CRUSADER_CARAVANS,0.486,359.6,341.7,46.7,21.6,1920,1080,0.049,383.0,352.5
Round3,Q4,914,914.0,CRUSADER_CARAVANS,0.4293,871.9,365.8,39.5,21.4,1920,1080,0.041,891.6,376.6
Round3,Q4,915,915.0,CRUSADER_CARAVANS,0.8488,287.1,426.2,268.9,34.0,1920,1080,0.44,421.5,443.2
Round3,Q4,915,915.0,CRUSADER_CARAVANS,0.8246,629.4,440.7,252.8,34.8,1920,1080,0.424,755.9,458.1
Round3,Q4,915,915.0,CRUSADER_CARAVANS,0.819,223.6,423.2,57.3,25.9,1920,1080,0.072,252.2,436.2
Round3,Q4,915,915.0,CRUSADER_CARAVANS,0.8129,0.0,415.6,214.0,31.3,1920,1080,0.323,107.0,431.3
Round3,Q4,915,915.0,CRUSADER_CARAVANS,0.8126,568.5,436.9,54.0,26.6,1920,1080,0.069,595.5,450.2
Round3,Q4,915,915.0,CRUSADER_CARAVANS,0.7995,581.1,653.2,56.4,30.8,1920,1080,0.084,609.3,668.6
Round3,Q4,915,915.0,CRUSADER_CARAVANS,0.7958,1207.2,471.3,53.3,28.9,1920,1080,0.074,1233.9,485.7
Round3,Q4,915,915.0,CRUSADER_CARAVANS,0.7848,1589.7,503.4,285.9,47.6,1920,1080,0.657,1732.6,527.2
Round3,Q4,915,915.0,CRUSADER_CARAVANS,0.7846,1586.7,499.3,52.0,30.3,1920,1080,0.076,1612.7,514.5
Round3,Q4,915,915.0,CRUSADER_CARAVANS,0.7781,938.4,456.9,257.0,38.1,1920,1080,0.472,1066.9,476.0
Round3,Q4,915,915.0,CRUSADER_CARAVANS,0.7762,891.0,452.9,50.7,26.8,1920,1080,0.065,916.3,466.3
Round3,Q4,915,915.0,CRUSADER_CARAVANS,0.7644,1589.1,776.0,56.7,42.7,1920,1080,0.117,1617.4,797.4
Round3,Q4,915,915.0,CRUSADER_CARAVANS,0.7572,814.0,127.2,179.6,20.6,1920,1080,0.178,903.9,137.5
Round3,Q4,915,915.0,CRUSADER_CARAVANS,0.7528,212.7,630.4,64.6,29.9,1920,1080,0.093,245.0,645.4
Round3,Q4,915,915.0,CRUSADER_CARAVANS,0.7324,663.6,123.9,153.0,22.0,1920,1080,0.162,740.1,134.9
Round3,Q4,915,915.0,CRUSADER_CARAVANS,0.7274,282.6,637.5,291.5,39.6,1920,1080,0.557,428.4,657.3
Round3,Q4,915,915.0,CRUSADER_CARAVANS,0.7221,1886.5,523.6,33.3,37.6,1920,1080,0.061,1903.1,542.4
Round3,Q4,915,915.0,CRUSADER_CARAVANS,0.7163,268.7,113.1,187.2,22.8,1920,1080,0.206,362.3,124.5
Round3,Q4,915,915.0,CRUSADER_CARAVANS,0.7111,1652.0,793.0,263.5,77.1,1920,1080,0.98,1783.7,831.5
Round3,Q4,915,915.0,CRUSADER_CARAVANS,0.709,1739.3,126.3,163.8,20.1,1920,1080,0.159,1821.2,136.4
Round3,Q4,915,915.0,CRUSADER_CARAVANS,0.7064,0.0,99.3,64.6,21.5,1920,1080,0.067,32.3,110.0
Round3,Q4,915,915.0,CRUSADER_CARAVANS,0.7045,483.2,119.8,155.7,21.4,1920,1080,0.161,561.1,130.5
Round3,Q4,915,915.0,CRUSADER_CARAVANS,0.6956,1200.0,131.4,146.3,20.3,1920,1080,0.144,1273.1,141.5
Round3,Q4,915,915.0,CRUSADER_CARAVANS,0.6939,68.8,104.8,196.5,24.9,1920,1080,0.236,167.1,117.2
Round3,Q4,915,915.0,CRUSADER_CARAVANS,0.6684,1559.8,129.6,147.8,21.9,1920,1080,0.156,1633.7,140.5
Round3,Q4,915,915.0,CRUSADER_CARAVANS,0.6604,998.1,129.2,168.7,20.7,1920,1080,0.168,1082.4,139.5
Round3,Q4,915,915.0,CRUSADER_CARAVANS,0.6532,1.0,622.7,205.5,35.4,1920,1080,0.351,103.7,640.4
Round3,Q4,915,915.0,CRUSADER_CARAVANS,0.6381,1382.5,131.5,143.9,19.3,1920,1080,0.134,1454.5,141.1
Round3,Q4,915,915.0,CRUSADER_CARAVANS,0.6346,1455.2,488.1,126.0,37.3,1920,1080,0.227,1518.2,506.8
Round3,Q4,915,915.0,CRUSADER_CARAVANS,0.5164,1248.5,725.1,57.8,36.8,1920,1080,0.103,1277.4,743.5
Round3,Q4,915,915.0,CRUSADER_CARAVANS,0.4768,1209.7,470.3,164.8,38.8,1920,1080,0.308,1292.0,489.7
Round3,Q4,915,915.0,CRUSADER_CARAVANS,0.4596,642.8,659.7,271.8,51.8,1920,1080,0.679,778.7,685.6
Round3,Q4,915,915.0,CRUSADER_CARAVANS,0.4361,455.3,119.2,32.8,17.0,1920,1080,0.027,471.7,127.7
Round3,Q4,915,915.0,CRUSADER_CARAVANS,0.3716,1524.5,132.4,32.6,17.7,1920,1080,0.028,1540.8,141.3
Round3,Q4,915,915.0,CRUSADER_CARAVANS,0.3523,68.5,104.8,35.1,17.8,1920,1080,0.03,86.0,113.7
Round3,Q4,916,916.0,CRUSADER_CARAVANS,0.8739,0.0,330.4,384.4,47.5,1920,1080,0.881,192.2,354.1
Round3,Q4,916,916.0,CRUSADER_CARAVANS,0.8432,1677.0,419.0,172.4,52.9,1920,1080,0.44,1763.2,445.4
Round3,Q4,916,916.0,CRUSADER_CARAVANS,0.8402,1858.9,432.2,61.1,43.5,1920,1080,0.128,1889.4,454.0
Round3,Q4,916,916.0,CRUSADER_CARAVANS,0.8391,420.2,654.1,79.2,44.7,1920,1080,0.171,459.8,676.5
Round3,Q4,916,916.0,CRUSADER_CARAVANS,0.8373,493.5,353.3,356.1,48.8,1920,1080,0.839,671.5,377.7
Round3,Q4,916,916.0,CRUSADER_CARAVANS,0.8186,951.5,377.1,345.8,51.8,1920,1080,0.864,1124.4,403.0
Round3,Q4,916,916.0,CRUSADER_CARAVANS,0.8164,1863.7,832.0,56.3,50.7,1920,1080,0.138,1891.8,857.4
Round3,Q4,916,916.0,CRUSADER_CARAVANS,0.8073,403.1,346.4,77.6,38.6,1920,1080,0.144,441.9,365.7
Round3,Q4,916,916.0,CRUSADER_CARAVANS,0.7645,0.0,637.3,404.2,48.4,1920,1080,0.944,202.1,661.5
Round3,Q4,916,916.0,CRUSADER_CARAVANS,0.7561,1310.4,395.6,75.0,42.3,1920,1080,0.153,1347.9,416.8
Round3,Q4,916,916.0,CRUSADER_CARAVANS,0.7484,862.0,370.1,72.8,38.5,1920,1080,0.135,898.4,389.4
Round3,Q4,916,916.0,EMIRATES,0.6543,1464.5,784.3,17.7,83.6,1920,1080,0.071,1473.4,826.1
Round3,Q4,916,916.0,EMIRATES,0.6439,940.1,714.8,15.1,74.9,1920,1080,0.055,947.6,752.3
Round3,Q4,916,916.0,EMIRATES,0.6227,1190.3,745.9,16.9,81.1,1920,1080,0.066,1198.8,786.5
Round3,Q4,916,916.0,CRUSADER_CARAVANS,0.5696,1368.9,754.1,85.6,53.8,1920,1080,0.222,1411.7,781.0
Round3,Q4,916,916.0,CRUSADER_CARAVANS,0.5274,1311.9,396.4,252.2,52.2,1920,1080,0.635,1438.0,422.5
Round3,Q4,917,917.0,CRUSADER_CARAVANS,0.8295,784.7,117.8,96.7,53.4,1920,1080,0.249,833.0,144.5
Round3,Q4,917,917.0,CRUSADER_CARAVANS,0.825,165.9,81.9,105.8,52.7,1920,1080,0.269,218.8,108.3
Round3,Q4,917,917.0,CRUSADER_CARAVANS,0.8126,904.3,130.9,459.5,60.9,1920,1080,1.349,1134.0,161.3
Round3,Q4,917,917.0,CRUSADER_CARAVANS,0.7938,1380.1,153.3,99.6,55.6,1920,1080,0.267,1429.8,181.1
Round3,Q4,917,917.0,EMIRATES,0.7921,592.0,538.3,18.8,97.2,1920,1080,0.088,601.4,586.9
Round3,Q4,917,917.0,EMIRATES,0.7866,1594.4,666.2,21.3,113.1,1920,1080,0.116,1605.0,722.7
Round3,Q4,917,917.0,EMIRATES,0.78,1232.0,618.2,20.6,107.5,1920,1080,0.107,1242.3,672.0
Round3,Q4,917,917.0,EMIRATES,0.7424,593.8,447.8,18.9,86.2,1920,1080,0.079,603.2,490.9
Round3,Q4,917,917.0,CRUSADER_CARAVANS,0.7299,194.4,496.0,107.7,58.2,1920,1080,0.302,248.3,525.1
Round3,Q4,917,917.0,CRUSADER_CARAVANS,0.717,0.0,69.4,138.0,56.8,1920,1080,0.378,69.0,97.9
Round3,Q4,917,917.0,CRUSADER_CARAVANS,0.7057,281.3,95.0,507.5,59.5,1920,1080,1.457,535.1,124.7
Round3,Q4,917,917.0,EMIRATES,0.6615,1597.7,567.1,20.2,82.5,1920,1080,0.08,1607.8,608.4
Round3,Q4,917,917.0,EMIRATES,0.6152,902.4,481.9,19.2,86.7,1920,1080,0.08,912.0,525.2
Round3,Q4,917,917.0,EMIRATES,0.597,901.0,594.8,20.2,83.2,1920,1080,0.081,911.1,636.4
Round3,Q4,917,917.0,CRUSADER_CARAVANS,0.516,1453.5,628.6,105.2,65.6,1920,1080,0.333,1506.2,661.4
Round3,Q4,917,917.0,CRUSADER_CARAVANS,0.4813,1368.8,150.8,362.3,69.6,1920,1080,1.216,1550.0,185.6
Round3,Q4,917,917.0,CRUSADER_CARAVANS,0.3985,1883.4,180.5,36.5,59.1,1920,1080,0.104,1901.6,210.0
Round3,Q4,917,917.0,EMIRATES,0.3793,1234.8,519.7,20.3,70.0,1920,1080,0.069,1245.0,554.7
Round3,Q4,917,917.0,CRUSADER_CARAVANS,0.3613,0.0,476.5,177.6,66.4,1920,1080,0.569,88.8,509.7
Round3,Q4,918,918.0,EMIRATES,0.8758,571.4,571.5,184.7,91.0,1920,1080,0.81,663.7,617.0
Round3,Q4,919,919.0,EMIRATES,0.814,651.8,560.6,118.8,88.4,1920,1080,0.506,711.2,604.8
Round3,Q4,919,919.0,CYBERCX,0.7371,53.3,183.0,586.5,221.3,1920,1080,6.26,346.5,293.6
Round3,Q4,919,919.0,EMIRATES,0.5656,1067.3,132.4,73.2,30.9,1920,1080,0.109,1103.9,147.8
Round3,Q4,920,920.0,CYBERCX,0.7741,0.0,233.5,426.5,181.5,1920,1080,3.733,213.2,324.2
Round3,Q4,921,921.0,EMIRATES,0.8976,731.9,515.1,137.0,86.8,1920,1080,0.573,800.4,558.5
Round3,Q4,921,921.0,CYBERCX,0.6946,21.2,210.5,586.2,203.9,1920,1080,5.764,314.3,312.5
Round3,Q4,922,922.0,EMIRATES,0.8676,731.0,491.5,157.5,71.6,1920,1080,0.544,809.8,527.3
Round3,Q4,922,922.0,CYBERCX,0.8492,0.0,219.4,228.8,178.6,1920,1080,1.971,114.4,308.7
Round3,Q4,922,922.0,CYBERCX,0.6934,546.8,207.7,297.1,186.8,1920,1080,2.676,695.3,301.1
Round3,Q4,922,922.0,CYBERCX,0.3809,1400.8,204.3,519.2,184.3,1920,1080,4.614,1660.4,296.4
Round3,Q4,923,923.0,EMIRATES,0.869,810.5,445.8,110.1,74.0,1920,1080,0.393,865.6,482.7
Round3,Q4,923,923.0,CYBERCX,0.7105,157.5,213.3,379.2,188.7,1920,1080,3.451,347.1,307.6
Round3,Q4,924,924.0,CYBERCX,0.6714,1332.4,26.9,457.9,235.8,1920,1080,5.207,1561.3,144.7
Round3,Q4,924,924.0,EMIRATES,0.6091,1267.6,28.1,87.4,349.2,1920,1080,1.472,1311.4,202.7
Round3,Q4,924,924.0,CYBERCX,0.4509,198.4,0.2,562.5,147.9,1920,1080,4.013,479.7,74.2
Round3,Q4,924,924.0,EMIRATES,0.4027,333.7,610.0,60.5,38.8,1920,1080,0.113,363.9,629.4
Round3,Q4,925,925.0,EMIRATES,0.8147,338.4,1.9,80.1,266.4,1920,1080,1.029,378.4,135.1
Round3,Q4,925,925.0,EMIRATES,0.7963,1668.9,0.0,87.0,436.9,1920,1080,1.833,1712.4,218.4
Round3,Q4,926,926.0,CYBERCX,0.8674,268.0,368.9,39.9,14.4,1920,1080,0.028,287.9,376.0
Round3,Q4,926,926.0,CYBERCX,0.8629,1811.5,368.1,44.7,16.1,1920,1080,0.035,1833.9,376.1
Round3,Q4,926,926.0,CYBERCX,0.8589,1543.3,360.4,44.2,14.3,1920,1080,0.03,1565.4,367.6
Round3,Q4,926,926.0,CYBERCX,0.838,119.0,375.8,44.0,15.8,1920,1080,0.034,141.0,383.7
Round3,Q4,926,926.0,CYBERCX,0.8378,1596.0,362.0,41.5,14.0,1920,1080,0.028,1616.8,369.0
Round3,Q4,926,926.0,CYBERCX,0.8375,504.1,294.7,33.7,12.7,1920,1080,0.021,520.9,301.1
Round3,Q4,926,926.0,CYBERCX,0.8367,766.1,355.0,40.2,12.7,1920,1080,0.025,786.2,361.3
Round3,Q4,926,926.0,CYBERCX,0.8359,716.1,355.4,41.0,12.7,1920,1080,0.025,736.6,361.7
Round3,Q4,926,926.0,CYBERCX,0.8353,219.8,371.2,41.4,14.8,1920,1080,0.029,240.5,378.6
Round3,Q4,926,926.0,CYBERCX,0.8337,1272.8,355.2,42.7,12.8,1920,1080,0.026,1294.2,361.6
Round3,Q4,926,926.0,CYBERCX,0.8242,916.8,353.1,40.8,13.0,1920,1080,0.025,937.2,359.6
Round3,Q4,926,926.0,CYBERCX,0.8214,465.7,295.8,32.5,12.2,1920,1080,0.019,482.0,301.9
Round3,Q4,926,926.0,CYBERCX,0.8129,412.4,363.1,41.3,14.1,1920,1080,0.028,433.0,370.2
Round3,Q4,926,926.0,CYBERCX,0.809,543.6,295.3,32.5,12.2,1920,1080,0.019,559.9,301.4
Round3,Q4,926,926.0,CYBERCX,0.8067,461.6,361.4,40.7,12.6,1920,1080,0.025,482.0,367.7
Round3,Q4,926,926.0,CYBERCX,0.8066,510.5,360.2,40.0,12.8,1920,1080,0.025,530.5,366.6
Round3,Q4,926,926.0,CYBERCX,0.8063,1865.1,369.9,44.4,16.6,1920,1080,0.036,1887.3,378.2
Round3,Q4,926,926.0,CYBERCX,0.7946,1221.2,354.5,42.3,12.8,1920,1080,0.026,1242.4,360.9
Round3,Q4,926,926.0,CYBERCX,0.7919,1428.7,357.8,46.9,14.0,1920,1080,0.032,1452.2,364.8
Round3,Q4,926,926.0,CYBERCX,0.7875,1701.2,365.0,44.9,14.8,1920,1080,0.032,1723.7,372.4
Round3,Q4,926,926.0,CYBERCX,0.7846,1754.1,293.5,37.3,13.1,1920,1080,0.024,1772.8,300.0
Round3,Q4,926,926.0,CYBERCX,0.784,330.2,295.6,35.0,13.6,1920,1080,0.023,347.7,302.5
Round3,Q4,926,926.0,CYBERCX,0.7764,865.1,354.4,42.8,12.2,1920,1080,0.025,886.5,360.5
Round3,Q4,926,926.0,CYBERCX,0.7761,71.3,296.7,38.7,14.4,1920,1080,0.027,90.7,303.9
Round3,Q4,926,926.0,CYBERCX,0.7709,116.5,296.7,35.8,13.0,1920,1080,0.022,134.4,303.2
Round3,Q4,926,926.0,CYBERCX,0.769,1376.9,356.9,43.3,13.6,1920,1080,0.028,1398.6,363.7
Round3,Q4,926,926.0,CYBERCX,0.7637,1324.8,355.9,39.7,13.4,1920,1080,0.026,1344.6,362.6
Round3,Q4,926,926.0,CYBERCX,0.7633,1580.9,294.7,35.1,12.1,1920,1080,0.02,1598.4,300.7
Round3,Q4,926,926.0,CYBERCX,0.7622,1648.8,363.1,43.4,15.3,1920,1080,0.032,1670.5,370.7
Round3,Q4,926,926.0,CYBERCX,0.7598,289.0,296.6,36.0,13.3,1920,1080,0.023,307.1,303.3
Round3,Q4,926,926.0,CYBERCX,0.7588,1017.7,353.4,41.1,13.1,1920,1080,0.026,1038.3,359.9
Round3,Q4,926,926.0,CYBERCX,0.7584,247.0,296.4,35.0,13.4,1920,1080,0.023,264.5,303.2
Round3,Q4,926,926.0,CYBERCX,0.7582,363.0,365.1,42.3,13.2,1920,1080,0.027,384.2,371.7
Round3,Q4,926,926.0,CYBERCX,0.7536,23.0,296.1,41.1,15.6,1920,1080,0.031,43.5,303.9
Round3,Q4,926,926.0,CYBERCX,0.7427,663.7,355.9,44.0,13.5,1920,1080,0.029,685.7,362.6
Round3,Q4,926,926.0,CYBERCX,0.738,815.8,355.2,38.6,11.8,1920,1080,0.022,835.1,361.1
Round3,Q4,926,926.0,CYBERCX,0.7303,1169.8,294.1,34.2,12.0,1920,1080,0.02,1186.9,300.1
Round3,Q4,926,926.0,CYBERCX,0.7144,1663.8,294.4,37.6,12.7,1920,1080,0.023,1682.6,300.8
Round3,Q4,926,926.0,CYBERCX,0.7049,558.4,358.3,42.6,13.2,1920,1080,0.027,579.6,364.9
Round3,Q4,926,926.0,CYBERCX,0.6976,1755.7,365.9,52.6,15.9,1920,1080,0.04,1782.0,373.9
Round3,Q4,926,926.0,CYBERCX,0.6888,315.1,367.1,37.1,14.0,1920,1080,0.025,333.7,374.1
Round3,Q4,926,926.0,CYBERCX,0.6844,856.4,294.8,32.4,11.2,1920,1080,0.017,872.6,300.4
Round3,Q4,926,926.0,CYBERCX,0.6809,160.8,297.4,34.2,12.5,1920,1080,0.021,177.9,303.6
Round3,Q4,926,926.0,CYBERCX,0.6744,966.6,352.9,42.7,13.8,1920,1080,0.028,988.0,359.8
Round3,Q4,926,926.0,CYBERCX,0.6734,1537.0,294.3,36.4,12.6,1920,1080,0.022,1555.2,300.6
Round3,Q4,926,926.0,CYBERCX,0.6499,424.6,295.9,35.7,12.8,1920,1080,0.022,442.4,302.3
Round3,Q4,926,926.0,CYBERCX,0.6478,699.3,294.0,32.4,12.1,1920,1080,0.019,715.5,300.0
Round3,Q4,926,926.0,CYBERCX,0.6388,1171.2,354.0,40.3,12.8,1920,1080,0.025,1191.4,360.4
Round3,Q4,926,926.0,CYBERCX,0.6308,660.5,294.3,33.3,13.0,1920,1080,0.021,677.2,300.8
Round3,Q4,926,926.0,CYBERCX,0.6109,1623.7,294.9,32.2,11.8,1920,1080,0.018,1639.8,300.8
Round3,Q4,926,926.0,CYBERCX,0.6068,896.1,294.9,31.8,11.1,1920,1080,0.017,912.0,300.4
Round3,Q4,926,926.0,CYBERCX,0.5999,1119.8,353.9,41.7,12.5,1920,1080,0.025,1140.7,360.1
Round3,Q4,926,926.0,CYBERCX,0.5955,738.1,294.6,33.1,11.5,1920,1080,0.018,754.7,300.3
Round3,Q4,926,926.0,CYBERCX,0.5788,1130.5,294.3,32.1,11.8,1920,1080,0.018,1146.5,300.2
Round3,Q4,926,926.0,CYBERCX,0.5768,1710.5,294.8,36.0,11.9,1920,1080,0.021,1728.4,300.8
Round3,Q4,926,926.0,CYBERCX,0.5767,1372.5,293.9,35.1,13.5,1920,1080,0.023,1390.0,300.6
Round3,Q4,926,926.0,CYBERCX,0.5756,1414.5,293.8,32.0,12.8,1920,1080,0.02,1430.5,300.3
Round3,Q4,926,926.0,CYBERCX,0.564,974.1,293.9,31.6,11.3,1920,1080,0.017,989.9,299.5
Round3,Q4,926,926.0,CYBERCX,0.5309,1068.5,354.1,40.7,12.5,1920,1080,0.024,1088.8,360.3
Round3,Q4,926,926.0,CYBERCX,0.5262,1089.4,294.2,32.8,11.8,1920,1080,0.019,1105.8,300.1
Round3,Q4,926,926.0,CYBERCX,0.5184,204.3,296.8,37.3,13.4,1920,1080,0.024,222.9,303.5
Round3,Q4,926,926.0,CYBERCX,0.5091,1291.4,294.2,35.2,12.1,1920,1080,0.021,1309.0,300.3
Round3,Q4,926,926.0,CYBERCX,0.4982,817.6,294.5,31.9,11.5,1920,1080,0.018,833.6,300.3
Round3,Q4,926,926.0,CYBERCX,0.4955,1247.9,293.7,36.4,11.4,1920,1080,0.02,1266.1,299.4
Round3,Q4,926,926.0,CYBERCX,0.4936,1799.7,293.9,37.5,12.5,1920,1080,0.023,1818.5,300.2
Round3,Q4,926,926.0,CYBERCX,0.4816,1454.0,294.6,35.9,12.0,1920,1080,0.021,1472.0,300.6
Round3,Q4,926,926.0,CYBERCX,0.4158,0.2,296.5,15.6,15.9,1920,1080,0.012,8.1,304.4
Round3,Q4,926,926.0,CYBERCX,0.3816,1209.8,294.0,32.2,11.7,1920,1080,0.018,1226.0,299.8
Round3,Q4,926,926.0,CYBERCX,0.3652,171.4,373.2,40.8,15.3,1920,1080,0.03,191.8,380.9
Round3,Q4,926,926.0,CYBERCX,0.3282,582.2,295.3,27.5,12.4,1920,1080,0.016,595.9,301.5
Round3,Q4,926,926.0,CYBERCX,0.3271,777.9,293.9,33.1,11.5,1920,1080,0.018,794.4,299.6
Round3,Q4,927,927.0,CYBERCX,0.8635,203.5,365.4,43.6,15.5,1920,1080,0.033,225.3,373.2
Round3,Q4,927,927.0,CYBERCX,0.8566,780.8,350.4,43.7,14.0,1920,1080,0.029,802.7,357.4
Round3,Q4,927,927.0,CYBERCX,0.8516,1593.8,357.2,44.0,14.6,1920,1080,0.031,1615.8,364.4
Round3,Q4,927,927.0,CYBERCX,0.8511,410.4,357.8,42.0,14.1,1920,1080,0.029,431.4,364.9
Round3,Q4,927,927.0,CYBERCX,0.851,461.3,356.5,41.4,13.5,1920,1080,0.027,482.0,363.3
Round3,Q4,927,927.0,CYBERCX,0.8454,254.8,363.7,41.1,14.8,1920,1080,0.029,275.3,371.2
Round3,Q4,927,927.0,CYBERCX,0.8432,153.1,368.4,43.2,14.9,1920,1080,0.031,174.7,375.8
Round3,Q4,927,927.0,CYBERCX,0.8431,728.4,351.5,42.2,12.9,1920,1080,0.026,749.5,358.0
Round3,Q4,927,927.0,CYBERCX,0.8425,1257.2,350.8,43.9,13.9,1920,1080,0.029,1279.1,357.7
Round3,Q4,927,927.0,CYBERCX,0.8266,512.1,355.2,44.8,13.2,1920,1080,0.029,534.5,361.8
Round3,Q4,927,927.0,CYBERCX,0.826,674.2,351.8,44.6,13.5,1920,1080,0.029,696.4,358.5
Round3,Q4,927,927.0,CYBERCX,0.825,1311.3,351.5,44.0,13.8,1920,1080,0.029,1333.4,358.4
Round3,Q4,927,927.0,CYBERCX,0.8246,1817.9,363.9,46.6,15.5,1920,1080,0.035,1841.2,371.7
Round3,Q4,927,927.0,CYBERCX,0.8166,1203.8,349.7,42.8,14.0,1920,1080,0.029,1225.2,356.8
Round3,Q4,927,927.0,CYBERCX,0.8143,1538.5,355.2,46.7,15.7,1920,1080,0.035,1561.9,363.0
Round3,Q4,927,927.0,CYBERCX,0.8051,1874.0,365.3,46.0,17.7,1920,1080,0.039,1896.9,374.1
Round3,Q4,927,927.0,CYBERCX,0.8042,622.9,352.6,43.0,13.5,1920,1080,0.028,644.4,359.3
Round3,Q4,927,927.0,CYBERCX,0.8026,46.2,373.4,44.0,15.7,1920,1080,0.033,68.2,381.2
Round3,Q4,927,927.0,CYBERCX,0.7984,1704.2,360.5,44.9,14.9,1920,1080,0.032,1726.6,367.9
Round3,Q4,927,927.0,CYBERCX,0.7972,358.6,359.2,45.9,14.5,1920,1080,0.032,381.6,366.4
Round3,Q4,927,927.0,CYBERCX,0.787,1419.4,353.7,47.2,14.0,1920,1080,0.032,1442.9,360.7
Round3,Q4,927,927.0,CYBERCX,0.7845,1578.4,286.8,37.5,13.3,1920,1080,0.024,1597.2,293.5
Round3,Q4,927,927.0,CYBERCX,0.7834,702.0,288.1,33.0,11.5,1920,1080,0.018,718.5,293.9
Round3,Q4,927,927.0,CYBERCX,0.7827,496.7,289.3,35.5,12.2,1920,1080,0.021,514.4,295.4
Round3,Q4,927,927.0,CYBERCX,0.7795,227.5,289.4,37.2,13.2,1920,1080,0.024,246.2,296.0
Round3,Q4,927,927.0,CYBERCX,0.7668,833.7,350.8,40.8,12.5,1920,1080,0.025,854.1,357.1
Round3,Q4,927,927.0,CYBERCX,0.7637,1646.7,357.9,45.9,15.3,1920,1080,0.034,1669.7,365.6
Round3,Q4,927,927.0,CYBERCX,0.7617,0.0,287.8,34.8,15.1,1920,1080,0.025,17.4,295.3
Round3,Q4,927,927.0,CYBERCX,0.7609,42.8,288.7,39.5,13.3,1920,1080,0.025,62.5,295.4
Round3,Q4,927,927.0,CYBERCX,0.7608,1759.9,285.3,38.9,14.3,1920,1080,0.027,1779.3,292.4
Round3,Q4,927,927.0,CYBERCX,0.7606,991.8,349.4,41.9,12.9,1920,1080,0.026,1012.8,355.8
Round3,Q4,927,927.0,CYBERCX,0.7512,303.1,361.5,45.5,15.0,1920,1080,0.033,325.9,369.1
Round3,Q4,927,927.0,CYBERCX,0.7444,1623.3,287.4,36.5,12.7,1920,1080,0.022,1641.5,293.8
Round3,Q4,927,927.0,CYBERCX,0.7423,1193.5,287.7,34.4,12.0,1920,1080,0.02,1210.7,293.7
Round3,Q4,927,927.0,CYBERCX,0.7352,661.4,287.9,32.4,11.8,1920,1080,0.018,677.6,293.8
Round3,Q4,927,927.0,CYBERCX,0.7319,783.3,288.4,32.6,10.6,1920,1080,0.017,799.6,293.7
Round3,Q4,927,927.0,CYBERCX,0.7282,1366.5,352.6,42.4,13.2,1920,1080,0.027,1387.7,359.2
Round3,Q4,927,927.0,CYBERCX,0.7277,865.6,288.2,33.2,10.6,1920,1080,0.017,882.2,293.5
Round3,Q4,927,927.0,CYBERCX,0.7203,741.9,288.0,34.3,11.7,1920,1080,0.019,759.1,293.9
Round3,Q4,927,927.0,CYBERCX,0.7179,1806.5,285.1,40.0,14.4,1920,1080,0.028,1826.5,292.4
Round3,Q4,927,927.0,CYBERCX,0.7178,1758.5,361.5,50.6,16.3,1920,1080,0.04,1783.9,369.7
Round3,Q4,927,927.0,CYBERCX,0.7152,272.6,290.0,35.9,12.6,1920,1080,0.022,290.5,296.3
Round3,Q4,927,927.0,CYBERCX,0.7084,1151.4,287.7,34.6,12.8,1920,1080,0.021,1168.7,294.1
Round3,Q4,927,927.0,CYBERCX,0.6935,1405.8,287.1,35.4,13.7,1920,1080,0.023,1423.5,293.9
Round3,Q4,927,927.0,CYBERCX,0.6921,1097.3,349.7,41.3,13.2,1920,1080,0.026,1117.9,356.3
Round3,Q4,927,927.0,CYBERCX,0.6911,90.5,289.4,40.0,12.8,1920,1080,0.025,110.5,295.8
Round3,Q4,927,927.0,CYBERCX,0.691,456.3,289.2,34.1,12.3,1920,1080,0.02,473.3,295.3
Round3,Q4,927,927.0,CYBERCX,0.6886,888.6,349.5,41.1,12.8,1920,1080,0.025,909.2,355.9
Round3,Q4,927,927.0,CYBERCX,0.6857,1044.2,348.6,44.9,14.3,1920,1080,0.031,1066.7,355.8
Round3,Q4,927,927.0,CYBERCX,0.6779,824.0,287.9,34.4,11.3,1920,1080,0.019,841.2,293.6
Round3,Q4,927,927.0,CYBERCX,0.676,414.9,289.3,34.6,13.0,1920,1080,0.022,432.2,295.9
Round3,Q4,927,927.0,CYBERCX,0.6695,1667.8,287.2,35.6,12.6,1920,1080,0.022,1685.6,293.5
Round3,Q4,927,927.0,CYBERCX,0.6472,1110.0,288.1,34.8,10.9,1920,1080,0.018,1127.4,293.6
Round3,Q4,927,927.0,CYBERCX,0.6385,1236.1,287.3,33.0,11.8,1920,1080,0.019,1252.6,293.1
Round3,Q4,927,927.0,CYBERCX,0.6353,938.9,349.5,44.4,13.5,1920,1080,0.029,961.1,356.3
Round3,Q4,927,927.0,CYBERCX,0.6344,906.3,288.2,33.8,11.5,1920,1080,0.019,923.2,293.9
Round3,Q4,927,927.0,CYBERCX,0.6067,948.0,287.4,33.2,11.4,1920,1080,0.018,964.6,293.1
Round3,Q4,927,927.0,CYBERCX,0.6011,373.6,289.6,34.0,13.2,1920,1080,0.022,390.6,296.2
Round3,Q4,927,927.0,CYBERCX,0.5705,1276.1,287.2,36.1,12.5,1920,1080,0.022,1294.1,293.4
Round3,Q4,927,927.0,CYBERCX,0.5684,1363.3,287.2,34.4,13.9,1920,1080,0.023,1380.5,294.2
Round3,Q4,927,927.0,CYBERCX,0.5645,1477.4,353.2,39.5,17.1,1920,1080,0.033,1497.2,361.7
Round3,Q4,927,927.0,CYBERCX,0.5567,1906.9,282.0,13.0,20.1,1920,1080,0.013,1913.4,292.1
Round3,Q4,927,927.0,CYBERCX,0.5269,1534.7,286.4,35.6,13.9,1920,1080,0.024,1552.5,293.3
Round3,Q4,927,927.0,CRUSADER_CARAVANS,0.5036,1754.3,10.8,60.5,23.0,1920,1080,0.067,1784.5,22.3
Round3,Q4,927,927.0,CYBERCX,0.4783,100.8,370.4,44.0,14.8,1920,1080,0.031,122.8,377.8
Round3,Q4,927,927.0,CYBERCX,0.4724,1856.4,284.9,41.4,14.0,1920,1080,0.028,1877.1,291.9
Round3,Q4,927,927.0,CYBERCX,0.4142,678.2,188.1,27.5,10.2,1920,1080,0.014,691.9,193.2
Round3,Q4,927,927.0,CYBERCX,0.4078,538.2,288.9,31.7,11.8,1920,1080,0.018,554.1,294.8
Round3,Q4,927,927.0,CYBERCX,0.4039,1712.3,286.6,38.6,12.6,1920,1080,0.023,1731.6,293.0
Round3,Q4,927,927.0,CYBERCX,0.3967,139.2,289.6,35.2,13.0,1920,1080,0.022,156.8,296.1
Round3,Q4,927,927.0,CYBERCX,0.3796,618.9,287.9,35.5,12.5,1920,1080,0.021,636.6,294.2
Round3,Q4,927,927.0,CYBERCX,0.3507,1448.7,287.4,33.6,13.0,1920,1080,0.021,1465.5,293.9
Round3,Q4,927,927.0,CYBERCX,0.332,1319.6,287.8,35.5,14.4,1920,1080,0.025,1337.4,295.0
Round3,Q4,927,927.0,CYBERCX,0.3289,0.0,156.2,28.8,13.1,1920,1080,0.018,14.4,162.8
Round3,Q4,927,927.0,CYBERCX,0.3021,1151.9,349.6,41.0,13.3,1920,1080,0.026,1172.4,356.2
Round3,Q4,928,928.0,CYBERCX,0.8624,126.6,361.0,45.8,16.2,1920,1080,0.036,149.5,369.1
Round3,Q4,928,928.0,CYBERCX,0.8553,393.9,351.7,44.5,14.3,1920,1080,0.031,416.1,358.8
Round3,Q4,928,928.0,CYBERCX,0.8478,1776.8,357.7,46.7,16.2,1920,1080,0.037,1800.2,365.8
Round3,Q4,928,928.0,CYBERCX,0.8456,669.5,346.2,44.8,13.9,1920,1080,0.03,692.0,353.1
Round3,Q4,928,928.0,CYBERCX,0.8409,1209.6,344.8,45.5,14.2,1920,1080,0.031,1232.3,351.9
Round3,Q4,928,928.0,CYBERCX,0.8397,722.9,345.7,45.6,13.7,1920,1080,0.03,745.7,352.6
Round3,Q4,928,928.0,CYBERCX,0.8382,1047.3,343.8,44.3,14.6,1920,1080,0.031,1069.5,351.1
Round3,Q4,928,928.0,CYBERCX,0.8356,179.5,358.5,44.2,16.2,1920,1080,0.034,201.6,366.6
Round3,Q4,928,928.0,CYBERCX,0.8316,777.5,344.9,44.8,13.9,1920,1080,0.03,799.9,351.8
Round3,Q4,928,928.0,CYBERCX,0.8315,1550.5,350.9,45.4,15.6,1920,1080,0.034,1573.2,358.7
Round3,Q4,928,928.0,CYBERCX,0.825,1831.3,359.4,49.8,16.5,1920,1080,0.04,1856.3,367.7
Round3,Q4,928,928.0,CYBERCX,0.819,1319.7,346.6,46.3,14.7,1920,1080,0.033,1342.8,353.9
Round3,Q4,928,928.0,CYBERCX,0.8183,72.6,363.3,45.9,15.9,1920,1080,0.035,95.6,371.2
Round3,Q4,928,928.0,CYBERCX,0.8146,1264.1,345.5,46.8,14.7,1920,1080,0.033,1287.5,352.8
Round3,Q4,928,928.0,CYBERCX,0.8082,445.3,349.8,48.3,14.9,1920,1080,0.035,469.5,357.2
Round3,Q4,928,928.0,CYBERCX,0.8079,342.2,352.5,43.3,14.9,1920,1080,0.031,363.9,360.0
Round3,Q4,928,928.0,CYBERCX,0.8015,1155.5,344.3,45.1,14.6,1920,1080,0.032,1178.0,351.6
Round3,Q4,928,928.0,CYBERCX,0.7981,1716.5,355.3,52.1,16.5,1920,1080,0.042,1742.6,363.5
Round3,Q4,928,928.0,CYBERCX,0.7976,231.4,356.7,48.2,15.2,1920,1080,0.035,255.5,364.3
Round3,Q4,928,928.0,CYBERCX,0.7967,287.9,354.6,43.1,14.8,1920,1080,0.031,309.4,362.0
Round3,Q4,928,928.0,CYBERCX,0.7833,1660.6,354.4,45.6,15.7,1920,1080,0.035,1683.4,362.3
Round3,Q4,928,928.0,CYBERCX,0.7795,1374.3,347.8,44.2,14.0,1920,1080,0.03,1396.4,354.8
Round3,Q4,928,928.0,CYBERCX,0.7791,992.9,343.4,47.1,15.1,1920,1080,0.034,1016.5,351.0
Round3,Q4,928,928.0,CYBERCX,0.773,613.8,346.2,47.2,14.2,1920,1080,0.032,637.4,353.3
Round3,Q4,928,928.0,CYBERCX,0.7678,1889.1,361.3,30.9,17.1,1920,1080,0.026,1904.5,369.9
Round3,Q4,928,928.0,CYBERCX,0.7457,830.8,344.1,42.0,13.8,1920,1080,0.028,851.7,351.1
Round3,Q4,928,928.0,CYBERCX,0.7304,940.2,343.5,43.2,14.6,1920,1080,0.03,961.8,350.8
Round3,Q4,928,928.0,CYBERCX,0.7222,1603.8,352.3,47.4,15.9,1920,1080,0.036,1627.4,360.2
Round3,Q4,928,928.0,CYBERCX,0.6981,883.6,343.7,46.2,14.5,1920,1080,0.032,906.7,350.9
Round3,Q4,928,928.0,CYBERCX,0.6645,390.2,281.8,36.6,13.3,1920,1080,0.023,408.5,288.4
Round3,Q4,928,928.0,CYBERCX,0.6622,1495.0,349.0,47.7,15.7,1920,1080,0.036,1518.9,356.9
Round3,Q4,928,928.0,CYBERCX,0.6507,728.0,280.7,35.5,12.7,1920,1080,0.022,745.7,287.1
Round3,Q4,928,928.0,CYBERCX,0.6229,433.0,281.5,36.9,13.7,1920,1080,0.024,451.5,288.3
Round3,Q4,928,928.0,CYBERCX,0.6209,16.4,365.4,48.0,17.1,1920,1080,0.04,40.4,374.0
Round3,Q4,928,928.0,CYBERCX,0.6094,558.2,347.7,47.2,14.7,1920,1080,0.033,581.8,355.1
Round3,Q4,928,928.0,CYBERCX,0.608,1101.1,344.1,42.0,14.6,1920,1080,0.03,1122.1,351.4
Round3,Q4,928,928.0,CYBERCX,0.5916,6.2,280.9,42.0,14.3,1920,1080,0.029,27.1,288.1
Round3,Q4,928,928.0,CYBERCX,0.5707,198.0,281.8,39.4,14.8,1920,1080,0.028,217.7,289.2
Round3,Q4,928,928.0,CYBERCX,0.5532,1765.5,278.6,40.7,14.3,1920,1080,0.028,1785.9,285.8
Round3,Q4,928,928.0,CYBERCX,0.546,686.5,281.3,35.3,12.6,1920,1080,0.021,704.2,287.6
Round3,Q4,928,928.0,CYBERCX,0.5236,150.8,282.1,40.5,14.9,1920,1080,0.029,171.0,289.5
Round3,Q4,928,928.0,CYBERCX,0.5199,348.4,282.1,35.5,12.7,1920,1080,0.022,366.2,288.5
Round3,Q4,928,928.0,CYBERCX,0.488,1582.1,279.9,37.6,13.4,1920,1080,0.024,1600.9,286.6
Round3,Q4,928,928.0,CYBERCX,0.4805,1814.1,277.7,42.8,14.3,1920,1080,0.03,1835.5,284.8
Round3,Q4,928,928.0,CYBERCX,0.4702,1536.8,279.1,38.7,14.4,1920,1080,0.027,1556.1,286.3
Round3,Q4,928,928.0,CYBERCX,0.4677,476.1,282.3,36.5,12.2,1920,1080,0.022,494.3,288.4
Round3,Q4,928,928.0,CYBERCX,0.4434,56.5,280.8,41.1,15.1,1920,1080,0.03,77.1,288.4
Round3,Q4,928,928.0,CYBERCX,0.4095,1717.8,278.6,40.4,14.2,1920,1080,0.028,1738.1,285.7
Round3,Q4,928,928.0,CYBERCX,0.4044,1190.2,280.5,35.7,12.6,1920,1080,0.022,1208.0,286.8
Round3,Q4,928,928.0,CYBERCX,0.4009,305.0,281.8,37.5,14.0,1920,1080,0.025,323.8,288.8
Round3,Q4,928,928.0,CYBERCX,0.3898,770.8,280.6,34.5,12.5,1920,1080,0.021,788.1,286.8
Round3,Q4,928,928.0,CYBERCX,0.3844,1146.3,280.4,37.3,13.2,1920,1080,0.024,1164.9,287.0
Round3,Q4,928,928.0,CYBERCX,0.3655,1404.7,279.6,37.3,14.7,1920,1080,0.026,1423.3,286.9
Round3,Q4,928,928.0,CYBERCX,0.3496,1626.4,280.1,38.5,13.2,1920,1080,0.025,1645.6,286.7
Round3,Q4,928,928.0,CYBERCX,0.3384,1232.7,280.9,35.6,12.7,1920,1080,0.022,1250.5,287.2
Round3,Q4,928,928.0,CYBERCX,0.3178,1434.2,347.8,43.9,15.9,1920,1080,0.034,1456.1,355.7
Round3,Q4,928,928.0,CYBERCX,0.3163,643.5,281.1,36.6,12.4,1920,1080,0.022,661.8,287.4
Round3,Q4,930,930.0,CYBERCX,0.8747,1375.6,540.9,50.2,26.0,1920,1080,0.063,1400.8,553.9
Round3,Q4,930,930.0,CYBERCX,0.8717,1222.9,520.4,42.5,21.3,1920,1080,0.044,1244.1,531.0
Round3,Q4,930,930.0,CYBERCX,0.8596,1271.4,526.3,46.3,22.9,1920,1080,0.051,1294.5,537.8
Round3,Q4,930,930.0,CYBERCX,0.8565,1174.9,514.6,42.7,20.7,1920,1080,0.043,1196.3,524.9
Round3,Q4,930,930.0,CYBERCX,0.8539,1323.5,533.9,45.6,23.1,1920,1080,0.051,1346.2,545.4
Round3,Q4,930,930.0,CYBERCX,0.824,326.6,469.1,40.8,13.1,1920,1080,0.026,347.0,475.6
Round3,Q4,930,930.0,CYBERCX,0.8135,744.1,480.9,35.4,14.5,1920,1080,0.025,761.8,488.1
Round3,Q4,930,930.0,CYBERCX,0.811,1686.1,414.8,46.3,22.3,1920,1080,0.05,1709.2,425.9
Round3,Q4,930,930.0,CYBERCX,0.8043,702.7,479.3,36.1,14.7,1920,1080,0.026,720.8,486.7
Round3,Q4,930,930.0,CYBERCX,0.8033,784.2,483.5,37.4,15.1,1920,1080,0.027,802.8,491.1
Round3,Q4,930,930.0,CYBERCX,0.7996,994.0,497.4,38.1,17.6,1920,1080,0.032,1013.1,506.2
Round3,Q4,930,930.0,CYBERCX,0.7914,1741.3,413.8,49.4,25.0,1920,1080,0.06,1766.0,426.3
Round3,Q4,930,930.0,CYBERCX,0.7906,1037.2,501.1,39.7,18.0,1920,1080,0.034,1057.1,510.1
Round3,Q4,930,930.0,CYBERCX,0.7877,581.8,473.9,36.1,14.7,1920,1080,0.026,599.8,481.3
Round3,Q4,930,930.0,CYBERCX,0.7815,1082.0,505.5,40.8,17.6,1920,1080,0.035,1102.4,514.3
Round3,Q4,930,930.0,CYBERCX,0.7808,1637.3,414.1,41.7,21.2,1920,1080,0.043,1658.1,424.7
Round3,Q4,930,930.0,CYBERCX,0.7756,500.7,471.5,36.2,14.5,1920,1080,0.025,518.8,478.8
Round3,Q4,930,930.0,CYBERCX,0.7708,1798.5,415.1,47.8,25.3,1920,1080,0.058,1822.4,427.7
Round3,Q4,930,930.0,CYBERCX,0.7688,541.2,472.0,35.8,14.5,1920,1080,0.025,559.1,479.3
Round3,Q4,930,930.0,CYBERCX,0.7639,1498.4,413.0,36.9,18.4,1920,1080,0.033,1516.8,422.2
Round3,Q4,930,930.0,CYBERCX,0.7627,1411.1,411.6,37.9,17.8,1920,1080,0.032,1430.0,420.5
Round3,Q4,930,930.0,CYBERCX,0.7538,622.8,475.9,34.5,14.6,1920,1080,0.024,640.1,483.2
Round3,Q4,930,930.0,CYBERCX,0.7357,660.9,477.2,37.2,15.1,1920,1080,0.027,679.5,484.7
Round3,Q4,930,930.0,CYBERCX,0.7344,1857.3,414.7,55.5,28.1,1920,1080,0.075,1885.1,428.8
Round3,Q4,930,930.0,CYBERCX,0.7308,1455.1,412.3,38.5,17.8,1920,1080,0.033,1474.3,421.2
Round3,Q4,930,930.0,CYBERCX,0.728,1589.7,413.6,41.5,20.8,1920,1080,0.042,1610.4,423.9
Round3,Q4,930,930.0,CYBERCX,0.7125,280.7,468.2,39.7,13.9,1920,1080,0.027,300.6,475.1
Round3,Q4,930,930.0,CYBERCX,0.7002,232.6,467.8,42.6,14.0,1920,1080,0.029,253.9,474.8
Round3,Q4,930,930.0,CYBERCX,0.6891,908.4,489.5,41.4,17.5,1920,1080,0.035,929.1,498.2
Round3,Q4,930,930.0,CYBERCX,0.6763,863.5,487.5,41.7,16.5,1920,1080,0.033,884.4,495.8
Round3,Q4,930,930.0,CYBERCX,0.672,1491.6,561.4,56.4,26.8,1920,1080,0.073,1519.8,574.8
Round3,Q4,930,930.0,CYBERCX,0.6615,457.4,470.4,39.7,14.1,1920,1080,0.027,477.2,477.5
Round3,Q4,930,930.0,CYBERCX,0.6588,1291.5,410.7,34.6,15.7,1920,1080,0.026,1308.7,418.5
Round3,Q4,930,930.0,CYBERCX,0.6504,1541.3,413.2,39.4,19.1,1920,1080,0.036,1561.0,422.8
Round3,Q4,930,930.0,CYBERCX,0.6378,372.5,469.8,40.5,12.9,1920,1080,0.025,392.8,476.3
Round3,Q4,930,930.0,CYBERCX,0.6249,1661.6,602.6,52.2,41.4,1920,1080,0.104,1687.8,623.3
Round3,Q4,930,930.0,CYBERCX,0.6161,66.3,468.2,47.1,13.5,1920,1080,0.031,89.8,475.0
Round3,Q4,930,930.0,CYBERCX,0.5921,9.3,468.1,47.7,13.1,1920,1080,0.03,33.2,474.7
Round3,Q4,930,930.0,CYBERCX,0.5554,1104.3,408.8,33.0,13.7,1920,1080,0.022,1120.8,415.6
Round3,Q4,930,930.0,CYBERCX,0.5544,1331.6,410.2,34.8,17.1,1920,1080,0.029,1349.0,418.7
Round3,Q4,930,930.0,CYBERCX,0.5242,1067.4,408.7,32.0,13.6,1920,1080,0.021,1083.4,415.5
Round3,Q4,930,930.0,CYBERCX,0.495,419.5,469.8,34.0,14.5,1920,1080,0.024,436.4,477.1
Round3,Q4,930,930.0,CYBERCX,0.4804,1370.6,410.7,36.3,18.3,1920,1080,0.032,1388.8,419.9
Round3,Q4,930,930.0,CYBERCX,0.4333,1435.3,549.2,47.6,29.2,1920,1080,0.067,1459.1,563.8
Round3,Q4,930,930.0,CYBERCX,0.4019,179.0,467.7,46.9,14.0,1920,1080,0.032,202.5,474.7
Round3,Q4,930,930.0,CYBERCX,0.3828,1214.8,409.8,34.7,15.0,1920,1080,0.025,1232.1,417.3
Round3,Q4,930,930.0,CYBERCX,0.3028,1141.8,409.3,29.7,13.9,1920,1080,0.02,1156.6,416.2
Round3,Q4,931,931.0,CYBERCX,0.8627,1302.0,550.0,49.7,27.7,1920,1080,0.066,1326.8,563.8
Round3,Q4,931,931.0,CYBERCX,0.859,1243.1,542.8,50.6,24.6,1920,1080,0.06,1268.3,555.1
Round3,Q4,931,931.0,CYBERCX,0.8586,504.4,488.2,41.1,16.6,1920,1080,0.033,525.0,496.5
Round3,Q4,931,931.0,CYBERCX,0.8571,157.3,479.8,46.0,15.1,1920,1080,0.034,180.3,487.4
Round3,Q4,931,931.0,CYBERCX,0.8566,979.4,515.7,44.3,20.0,1920,1080,0.043,1001.5,525.7
Round3,Q4,931,931.0,CYBERCX,0.8549,1189.1,537.2,47.2,23.3,1920,1080,0.053,1212.7,548.9
Round3,Q4,931,931.0,CYBERCX,0.847,644.8,494.0,40.0,16.7,1920,1080,0.032,664.8,502.4
Round3,Q4,931,931.0,CYBERCX,0.846,411.2,484.7,41.0,16.2,1920,1080,0.032,431.7,492.8
Round3,Q4,931,931.0,CYBERCX,0.846,1031.4,520.7,41.8,20.1,1920,1080,0.041,1052.3,530.8
Round3,Q4,931,931.0,CYBERCX,0.8431,1452.0,415.0,43.6,19.6,1920,1080,0.041,1473.8,424.8
Round3,Q4,931,931.0,CYBERCX,0.8427,1361.5,559.4,55.2,28.4,1920,1080,0.076,1389.1,573.6
Round3,Q4,931,931.0,CYBERCX,0.8411,1502.4,414.8,41.1,20.8,1920,1080,0.041,1523.0,425.2
Round3,Q4,931,931.0,CYBERCX,0.8395,1776.3,416.1,56.5,27.3,1920,1080,0.074,1804.5,429.8
Round3,Q4,931,931.0,CYBERCX,0.8391,1055.0,412.0,36.0,15.7,1920,1080,0.027,1073.0,419.9
Round3,Q4,931,931.0,CYBERCX,0.8372,931.0,511.9,41.3,19.2,1920,1080,0.038,951.6,521.5
Round3,Q4,931,931.0,CYBERCX,0.8351,599.0,491.7,39.2,16.6,1920,1080,0.031,618.6,500.0
Round3,Q4,931,931.0,CYBERCX,0.8332,1714.5,415.2,50.4,25.5,1920,1080,0.062,1739.7,428.0
Round3,Q4,931,931.0,CYBERCX,0.8229,1097.7,413.1,34.3,14.8,1920,1080,0.025,1114.9,420.5
Round3,Q4,931,931.0,CYBERCX,0.8226,551.5,490.5,39.2,16.0,1920,1080,0.03,571.1,498.6
Round3,Q4,931,931.0,CYBERCX,0.8193,1267.5,413.4,38.3,17.2,1920,1080,0.032,1286.7,422.0
Round3,Q4,931,931.0,CYBERCX,0.813,100.0,479.1,46.5,15.1,1920,1080,0.034,123.3,486.7
Round3,Q4,931,931.0,CYBERCX,0.8125,315.9,482.9,39.5,15.0,1920,1080,0.028,335.6,490.4
Round3,Q4,931,931.0,CYBERCX,0.8099,1551.0,415.2,42.8,21.3,1920,1080,0.044,1572.4,425.8
Round3,Q4,931,931.0,CYBERCX,0.8092,1138.6,413.3,35.3,15.1,1920,1080,0.026,1156.2,420.8
Round3,Q4,931,931.0,CYBERCX,0.8086,1180.9,412.8,38.8,15.9,1920,1080,0.03,1200.3,420.8
Round3,Q4,931,931.0,CYBERCX,0.8043,665.0,410.6,34.0,13.4,1920,1080,0.022,682.0,417.4
Round3,Q4,931,931.0,CYBERCX,0.8012,211.4,480.5,44.7,15.0,1920,1080,0.032,233.8,488.0
Round3,Q4,931,931.0,CYBERCX,0.7991,1312.7,414.4,39.8,17.0,1920,1080,0.033,1332.6,422.9
Round3,Q4,931,931.0,CYBERCX,0.7983,1403.9,414.2,40.5,19.2,1920,1080,0.038,1424.1,423.8
Round3,Q4,931,931.0,CYBERCX,0.7983,691.7,496.0,39.6,17.4,1920,1080,0.033,711.5,504.7
Round3,Q4,931,931.0,CYBERCX,0.7981,1225.2,413.0,36.4,16.8,1920,1080,0.029,1243.4,421.4
Round3,Q4,931,931.0,CYBERCX,0.7928,705.8,410.9,33.8,14.0,1920,1080,0.023,722.7,417.9
Round3,Q4,931,931.0,CYBERCX,0.7924,40.7,478.7,49.2,15.4,1920,1080,0.037,65.3,486.4
Round3,Q4,931,931.0,CYBERCX,0.7916,362.1,483.4,42.4,15.3,1920,1080,0.031,383.3,491.0
Round3,Q4,931,931.0,CYBERCX,0.7886,1858.9,147.7,46.6,21.7,1920,1080,0.049,1882.2,158.6
Round3,Q4,931,931.0,CYBERCX,0.7862,1013.6,411.6,34.9,15.2,1920,1080,0.026,1031.1,419.2
Round3,Q4,931,931.0,CYBERCX,0.7828,1490.9,579.5,59.6,32.4,1920,1080,0.093,1520.7,595.8
Round3,Q4,931,931.0,CYBERCX,0.7778,864.8,411.2,33.1,13.9,1920,1080,0.022,881.4,418.2
Round3,Q4,931,931.0,CYBERCX,0.7756,1359.5,414.0,36.7,18.2,1920,1080,0.032,1377.8,423.1
Round3,Q4,931,931.0,CYBERCX,0.7734,1603.4,415.8,47.3,22.1,1920,1080,0.051,1627.0,426.9
Round3,Q4,931,931.0,CYBERCX,0.7733,265.5,481.0,45.3,16.3,1920,1080,0.036,288.1,489.1
Round3,Q4,931,931.0,CYBERCX,0.766,824.9,411.3,34.2,13.7,1920,1080,0.023,842.0,418.2
Round3,Q4,931,931.0,CYBERCX,0.762,783.1,410.5,36.3,14.3,1920,1080,0.025,801.2,417.6
Round3,Q4,931,931.0,CYBERCX,0.754,1660.3,415.6,44.2,23.7,1920,1080,0.05,1682.4,427.4
Round3,Q4,931,931.0,CYBERCX,0.747,1688.1,626.0,56.7,46.5,1920,1080,0.127,1716.5,649.3
Round3,Q4,931,931.0,CYBERCX,0.7357,1135.2,531.0,45.7,21.9,1920,1080,0.048,1158.1,542.0
Round3,Q4,931,931.0,CYBERCX,0.7302,1843.7,415.6,52.9,28.8,1920,1080,0.073,1870.1,430.0
Round3,Q4,931,931.0,CYBERCX,0.7199,881.5,508.6,41.7,18.5,1920,1080,0.037,902.4,517.9
Round3,Q4,931,931.0,CYBERCX,0.6665,460.9,486.8,37.5,15.2,1920,1080,0.028,479.7,494.4
Round3,Q4,931,931.0,CYBERCX,0.6645,626.1,410.7,32.7,13.0,1920,1080,0.021,642.5,417.2
Round3,Q4,931,931.0,CYBERCX,0.6597,255.5,409.9,35.5,12.6,1920,1080,0.022,273.3,416.2
Round3,Q4,931,931.0,CYBERCX,0.6315,423.1,410.2,35.4,13.6,1920,1080,0.023,440.8,417.0
Round3,Q4,931,931.0,CYBERCX,0.63,1463.1,221.3,32.6,14.9,1920,1080,0.023,1479.4,228.7
Round3,Q4,931,931.0,CYBERCX,0.6276,1501.6,216.3,31.8,15.3,1920,1080,0.023,1517.5,223.9
Round3,Q4,931,931.0,CYBERCX,0.6224,904.3,411.6,34.7,14.1,1920,1080,0.024,921.7,418.7
Round3,Q4,931,931.0,CYBERCX,0.6188,1621.7,195.9,36.7,17.1,1920,1080,0.03,1640.0,204.5
Round3,Q4,931,931.0,CYBERCX,0.616,1710.8,179.8,37.1,18.4,1920,1080,0.033,1729.4,189.0
Round3,Q4,931,931.0,CYBERCX,0.6018,1666.7,188.6,37.7,17.3,1920,1080,0.032,1685.6,197.3
Round3,Q4,931,931.0,CYBERCX,0.6004,381.6,409.6,35.1,13.4,1920,1080,0.023,399.2,416.2
Round3,Q4,931,931.0,CYBERCX,0.5874,1539.3,209.5,34.8,16.6,1920,1080,0.028,1556.7,217.8
Round3,Q4,931,931.0,CYBERCX,0.5675,0.0,477.0,29.6,16.9,1920,1080,0.024,14.8,485.5
Round3,Q4,931,931.0,CYBERCX,0.5664,1218.1,251.6,26.5,12.4,1920,1080,0.016,1231.4,257.8
Round3,Q4,931,931.0,CYBERCX,0.5515,1283.0,245.4,30.5,12.8,1920,1080,0.019,1298.2,251.8
Round3,Q4,931,931.0,CYBERCX,0.5455,1118.5,261.7,27.4,12.2,1920,1080,0.016,1132.2,267.8
Round3,Q4,931,931.0,CYBERCX,0.5378,463.9,410.3,35.6,14.0,1920,1080,0.024,481.7,417.3
Round3,Q4,931,931.0,CYBERCX,0.5354,1578.9,203.2,36.0,17.0,1920,1080,0.03,1596.9,211.7
Round3,Q4,931,931.0,CYBERCX,0.5345,166.9,409.6,36.1,12.8,1920,1080,0.022,184.9,416.0
Round3,Q4,931,931.0,CYBERCX,0.5325,1805.7,159.4,42.0,19.8,1920,1080,0.04,1826.7,169.3
Round3,Q4,931,931.0,CYBERCX,0.5171,1249.6,249.5,29.0,11.7,1920,1080,0.016,1264.1,255.4
Round3,Q4,931,931.0,CYBERCX,0.5048,1909.0,415.4,11.0,32.6,1920,1080,0.017,1914.5,431.7
Round3,Q4,931,931.0,CYBERCX,0.4929,1427.3,567.8,51.9,30.6,1920,1080,0.077,1453.3,583.1
Round3,Q4,931,931.0,CYBERCX,0.4699,1353.1,236.1,30.8,13.9,1920,1080,0.021,1368.5,243.1
Round3,Q4,931,931.0,CYBERCX,0.4632,1389.1,231.6,30.5,14.7,1920,1080,0.022,1404.3,239.0
Round3,Q4,931,931.0,CYBERCX,0.4392,1150.7,258.8,27.0,12.7,1920,1080,0.017,1164.3,265.2
Round3,Q4,931,931.0,CYBERCX,0.437,212.5,409.9,36.2,12.5,1920,1080,0.022,230.6,416.1
Round3,Q4,931,931.0,CYBERCX,0.4193,1424.2,227.3,31.3,14.9,1920,1080,0.023,1439.9,234.8
Round3,Q4,931,931.0,CYBERCX,0.4179,585.4,409.8,35.1,14.1,1920,1080,0.024,603.0,416.9
Round3,Q4,931,931.0,CYBERCX,0.4109,505.3,410.4,32.5,13.6,1920,1080,0.021,521.5,417.2
Round3,Q4,931,931.0,CYBERCX,0.4051,1087.8,263.9,25.6,11.8,1920,1080,0.015,1100.6,269.8
Round3,Q4,931,931.0,CYBERCX,0.4027,1755.7,169.6,39.9,19.7,1920,1080,0.038,1775.7,179.5
Round3,Q4,931,931.0,CYBERCX,0.3918,1318.7,241.2,29.2,13.1,1920,1080,0.019,1333.3,247.8
Round3,Q4,931,931.0,CYBERCX,0.3344,1758.6,648.2,49.1,53.5,1920,1080,0.127,1783.1,675.0
Round3,Q4,931,931.0,CYBERCX,0.3142,297.5,409.9,35.2,12.5,1920,1080,0.021,315.1,416.1
Round3,Q4,932,932.0,CYBERCX,0.8808,881.2,520.0,47.7,21.9,1920,1080,0.05,905.1,531.0
Round3,Q4,932,932.0,CYBERCX,0.8801,1370.6,572.4,61.9,31.9,1920,1080,0.095,1401.5,588.3
Round3,Q4,932,932.0,CYBERCX,0.869,1303.9,562.8,56.9,29.5,1920,1080,0.081,1332.4,577.5
Round3,Q4,932,932.0,CYBERCX,0.8572,936.7,524.5,49.1,22.8,1920,1080,0.054,961.2,535.9
Round3,Q4,932,932.0,CYBERCX,0.8565,1174.9,546.9,53.9,27.6,1920,1080,0.072,1201.9,560.7
Round3,Q4,932,932.0,CYBERCX,0.8498,1237.1,553.6,56.7,29.8,1920,1080,0.082,1265.5,568.6
Round3,Q4,932,932.0,CYBERCX,0.8467,1716.7,409.3,51.2,26.8,1920,1080,0.066,1742.3,422.7
Round3,Q4,932,932.0,CYBERCX,0.8461,995.5,529.6,48.8,22.7,1920,1080,0.053,1019.9,541.0
Round3,Q4,932,932.0,CYBERCX,0.8416,168.7,486.6,47.5,17.8,1920,1080,0.041,192.5,495.5
Round3,Q4,932,932.0,CYBERCX,0.8409,443.9,495.8,46.5,18.8,1920,1080,0.042,467.1,505.2
Round3,Q4,932,932.0,CYBERCX,0.8406,553.3,500.2,45.7,18.7,1920,1080,0.041,576.2,509.6
Round3,Q4,932,932.0,CYBERCX,0.8362,607.2,503.3,46.5,19.2,1920,1080,0.043,630.5,512.9
Round3,Q4,932,932.0,CYBERCX,0.8324,224.4,487.8,46.6,18.3,1920,1080,0.041,247.7,497.0
Round3,Q4,932,932.0,CYBERCX,0.8294,1849.9,408.4,64.5,30.9,1920,1080,0.096,1882.2,423.9
Round3,Q4,932,932.0,CYBERCX,0.8277,390.4,494.1,45.8,17.9,1920,1080,0.04,413.3,503.1
Round3,Q4,932,932.0,CYBERCX,0.8214,1779.8,409.4,56.4,28.8,1920,1080,0.078,1808.0,423.8
Round3,Q4,932,932.0,CYBERCX,0.8197,807.7,406.4,38.2,15.6,1920,1080,0.029,826.7,414.1
Round3,Q4,932,932.0,CYBERCX,0.8177,279.3,489.7,48.8,18.0,1920,1080,0.042,303.7,498.7
Round3,Q4,932,932.0,CYBERCX,0.8175,1267.9,409.2,42.2,18.5,1920,1080,0.038,1289.0,418.4
Round3,Q4,932,932.0,CYBERCX,0.816,1650.1,409.8,54.7,25.6,1920,1080,0.068,1677.5,422.6
Round3,Q4,932,932.0,CYBERCX,0.8151,1422.1,409.9,45.8,19.8,1920,1080,0.044,1445.0,419.8
Round3,Q4,932,932.0,CYBERCX,0.8108,498.3,497.3,46.2,19.1,1920,1080,0.043,521.4,506.9
Round3,Q4,932,932.0,CYBERCX,0.8014,1318.4,409.0,44.2,19.3,1920,1080,0.041,1340.4,418.7
Round3,Q4,932,932.0,CYBERCX,0.8005,1535.9,409.3,45.3,22.2,1920,1080,0.048,1558.6,420.4
Round3,Q4,932,932.0,CYBERCX,0.8004,1476.2,410.2,49.7,21.3,1920,1080,0.051,1501.0,420.8
Round3,Q4,932,932.0,CYBERCX,0.7928,1590.3,410.4,48.9,22.7,1920,1080,0.053,1614.7,421.8
Round3,Q4,932,932.0,CYBERCX,0.7908,1025.0,407.3,41.0,17.4,1920,1080,0.034,1045.5,416.1
Round3,Q4,932,932.0,CYBERCX,0.7887,1169.2,408.9,40.4,17.2,1920,1080,0.033,1189.4,417.5
Round3,Q4,932,932.0,CYBERCX,0.787,1536.8,181.7,37.3,17.8,1920,1080,0.032,1555.4,190.6
Round3,Q4,932,932.0,CYBERCX,0.785,852.9,406.2,39.9,16.5,1920,1080,0.032,872.9,414.5
Round3,Q4,932,932.0,CYBERCX,0.7825,1073.1,407.4,39.9,17.5,1920,1080,0.034,1093.1,416.1
Round3,Q4,932,932.0,CYBERCX,0.7807,624.3,405.3,40.5,16.2,1920,1080,0.032,644.6,413.4
Round3,Q4,932,932.0,CYBERCX,0.7792,1372.5,408.5,42.0,20.9,1920,1080,0.042,1393.5,419.0
Round3,Q4,932,932.0,CYBERCX,0.7781,1120.0,407.7,40.9,18.1,1920,1080,0.036,1140.4,416.7
Round3,Q4,932,932.0,CYBERCX,0.7742,104.2,484.8,58.9,19.1,1920,1080,0.054,133.7,494.3
Round3,Q4,932,932.0,CYBERCX,0.7503,1519.1,594.8,67.2,36.3,1920,1080,0.117,1552.7,612.9
Round3,Q4,932,932.0,CYBERCX,0.7492,39.9,484.2,53.5,17.8,1920,1080,0.046,66.7,493.1
Round3,Q4,932,932.0,CYBERCX,0.7437,1249.0,219.9,32.1,15.1,1920,1080,0.023,1265.1,227.4
Round3,Q4,932,932.0,CYBERCX,0.741,1831.5,127.3,45.5,21.8,1920,1080,0.048,1854.2,138.2
Round3,Q4,932,932.0,CYBERCX,0.7368,1675.1,158.7,40.9,19.0,1920,1080,0.037,1695.5,168.2
Round3,Q4,932,932.0,CYBERCX,0.7261,1368.4,206.2,32.4,15.3,1920,1080,0.024,1384.6,213.9
Round3,Q4,932,932.0,CYBERCX,0.7096,390.8,404.0,40.0,15.8,1920,1080,0.031,410.8,412.0
Round3,Q4,932,932.0,CYBERCX,0.7093,578.2,405.4,38.8,15.3,1920,1080,0.029,597.6,413.1
Round3,Q4,932,932.0,CYBERCX,0.7013,532.3,405.1,38.7,15.4,1920,1080,0.029,551.6,412.8
Round3,Q4,932,932.0,CYBERCX,0.7012,1726.5,149.6,44.6,20.0,1920,1080,0.043,1748.8,159.6
Round3,Q4,932,932.0,CYBERCX,0.7003,0.0,484.2,28.0,16.8,1920,1080,0.023,14.0,492.6
Round3,Q4,932,932.0,CYBERCX,0.6992,1781.4,138.5,40.9,20.4,1920,1080,0.04,1801.8,148.7
Round3,Q4,932,932.0,CYBERCX,0.697,762.0,406.2,39.3,15.6,1920,1080,0.03,781.7,414.0
Round3,Q4,932,932.0,CYBERCX,0.6935,294.0,403.4,41.7,15.9,1920,1080,0.032,314.8,411.3
Round3,Q4,932,932.0,CYBERCX,0.6904,1327.1,211.2,34.0,14.7,1920,1080,0.024,1344.2,218.6
Round3,Q4,932,932.0,CYBERCX,0.6842,343.6,403.7,40.9,15.5,1920,1080,0.031,364.1,411.4
Round3,Q4,932,932.0,CYBERCX,0.6832,977.4,406.7,39.8,17.5,1920,1080,0.034,997.3,415.5
Round3,Q4,932,932.0,CYBERCX,0.679,1286.9,216.5,33.3,14.1,1920,1080,0.023,1303.5,223.5
Round3,Q4,932,932.0,CYBERCX,0.6778,1492.1,188.4,36.9,16.6,1920,1080,0.03,1510.5,196.7
Round3,Q4,932,932.0,CYBERCX,0.6627,1219.5,408.3,39.6,18.1,1920,1080,0.035,1239.3,417.4
Round3,Q4,932,932.0,CYBERCX,0.6596,1098.6,234.8,31.1,13.8,1920,1080,0.021,1114.2,241.7
Round3,Q4,932,932.0,CYBERCX,0.6251,335.8,491.3,45.9,18.2,1920,1080,0.04,358.7,500.4
Round3,Q4,932,932.0,CYBERCX,0.6179,1446.3,582.3,56.7,32.8,1920,1080,0.09,1474.6,598.7
Round3,Q4,932,932.0,CYBERCX,0.6094,146.5,402.9,42.1,13.9,1920,1080,0.028,167.6,409.8
Round3,Q4,932,932.0,CYBERCX,0.607,1624.3,167.1,42.2,19.0,1920,1080,0.039,1645.5,176.6
Round3,Q4,932,932.0,CYBERCX,0.6044,94.9,402.1,43.3,15.3,1920,1080,0.032,116.5,409.7
Round3,Q4,932,932.0,CYBERCX,0.6036,1449.1,194.9,35.5,16.8,1920,1080,0.029,1466.9,203.4
Round3,Q4,932,932.0,CYBERCX,0.5989,1890.1,117.1,29.9,19.6,1920,1080,0.028,1905.1,126.9
Round3,Q4,932,932.0,CYBERCX,0.5863,1582.8,175.3,35.8,17.5,1920,1080,0.03,1600.7,184.0
Round3,Q4,932,932.0,CYBERCX,0.5831,485.2,404.7,40.2,16.7,1920,1080,0.032,505.3,413.0
Round3,Q4,932,932.0,CYBERCX,0.5692,1135.6,232.1,31.4,13.7,1920,1080,0.021,1151.4,238.9
Round3,Q4,932,932.0,CYBERCX,0.5626,716.4,405.6,37.5,15.8,1920,1080,0.029,735.2,413.4
Round3,Q4,932,932.0,CYBERCX,0.562,919.8,248.2,29.8,12.0,1920,1080,0.017,934.7,254.2
Round3,Q4,932,932.0,CYBERCX,0.5543,1063.6,238.0,29.6,13.2,1920,1080,0.019,1078.4,244.6
Round3,Q4,932,932.0,CYBERCX,0.5444,1826.8,672.4,61.1,57.7,1920,1080,0.17,1857.4,701.2
Round3,Q4,932,932.0,CYBERCX,0.5109,246.0,403.3,40.9,16.5,1920,1080,0.033,266.4,411.5
Round3,Q4,932,932.0,CYBERCX,0.5039,1407.2,200.6,34.9,16.3,1920,1080,0.027,1424.6,208.7
Round3,Q4,932,932.0,CYBERCX,0.4966,1210.0,224.8,33.4,13.9,1920,1080,0.022,1226.7,231.8
Round3,Q4,932,932.0,CYBERCX,0.4962,437.6,403.9,38.7,16.3,1920,1080,0.031,456.9,412.0
Round3,Q4,932,932.0,CYBERCX,0.4895,1174.2,228.8,30.3,13.9,1920,1080,0.02,1189.4,235.8
Round3,Q4,932,932.0,CYBERCX,0.4357,954.7,246.4,30.5,11.9,1920,1080,0.017,970.0,252.3
Round3,Q4,932,932.0,CYBERCX,0.4099,661.4,506.0,43.4,18.9,1920,1080,0.04,683.1,515.5
Round3,Q4,932,932.0,CYBERCX,0.3875,1900.8,702.9,19.1,54.9,1920,1080,0.051,1910.4,730.3
Round3,Q4,932,932.0,CYBERCX,0.3646,197.2,403.5,39.3,14.0,1920,1080,0.026,216.9,410.5
Round3,Q4,932,932.0,CYBERCX,0.3564,827.1,516.6,45.8,20.5,1920,1080,0.045,850.0,526.9
Round3,Q4,932,932.0,CYBERCX,0.3121,661.3,506.0,84.8,20.2,1920,1080,0.083,703.7,516.1
Round3,Q4,933,933.0,CYBERCX,0.88,1261.6,559.7,59.8,31.2,1920,1080,0.09,1291.5,575.3
Round3,Q4,933,933.0,CYBERCX,0.8667,1192.2,551.8,59.2,29.0,1920,1080,0.083,1221.8,566.3
Round3,Q4,933,933.0,CYBERCX,0.8645,1331.7,569.4,64.4,33.0,1920,1080,0.103,1363.9,585.9
Round3,Q4,933,933.0,CYBERCX,0.8623,109.2,482.7,52.5,19.3,1920,1080,0.049,135.5,492.4
Round3,Q4,933,933.0,CYBERCX,0.859,936.2,526.2,52.7,23.3,1920,1080,0.059,962.6,537.8
Round3,Q4,933,933.0,CYBERCX,0.8588,170.9,485.6,50.0,17.8,1920,1080,0.043,195.9,494.4
Round3,Q4,933,933.0,CYBERCX,0.853,875.6,520.8,51.1,23.1,1920,1080,0.057,901.2,532.3
Round3,Q4,933,933.0,CYBERCX,0.8511,1628.1,397.7,55.6,27.5,1920,1080,0.074,1655.9,411.5
Round3,Q4,933,933.0,CYBERCX,0.8489,291.0,488.9,49.2,19.1,1920,1080,0.045,315.6,498.4
Round3,Q4,933,933.0,CYBERCX,0.8476,407.9,493.3,49.9,19.7,1920,1080,0.047,432.9,503.1
Round3,Q4,933,933.0,CYBERCX,0.8442,998.4,531.6,51.0,23.7,1920,1080,0.058,1023.9,543.5
Round3,Q4,933,933.0,CYBERCX,0.8422,1697.2,398.3,53.6,28.2,1920,1080,0.073,1724.0,412.4
Round3,Q4,933,933.0,CYBERCX,0.8416,466.7,496.1,46.5,18.7,1920,1080,0.042,490.0,505.5
Round3,Q4,933,933.0,CYBERCX,0.8412,44.1,481.8,55.7,18.5,1920,1080,0.05,72.0,491.0
Round3,Q4,933,933.0,CYBERCX,0.8393,1566.2,399.1,50.5,24.7,1920,1080,0.06,1591.4,411.4
Round3,Q4,933,933.0,CYBERCX,0.838,1762.9,397.9,58.0,29.5,1920,1080,0.083,1791.9,412.6
Round3,Q4,933,933.0,CYBERCX,0.8233,1446.0,398.5,50.7,23.2,1920,1080,0.057,1471.4,410.1
Round3,Q4,933,933.0,CYBERCX,0.8166,350.8,491.8,46.4,18.1,1920,1080,0.04,374.0,500.9
Round3,Q4,933,933.0,CYBERCX,0.8165,1278.4,397.3,47.7,21.0,1920,1080,0.048,1302.2,407.8
Round3,Q4,933,933.0,CYBERCX,0.8141,1122.0,397.3,44.6,18.9,1920,1080,0.041,1144.3,406.8
Round3,Q4,933,933.0,CYBERCX,0.812,740.1,395.3,38.9,16.9,1920,1080,0.032,759.5,403.7
Round3,Q4,933,933.0,CYBERCX,0.8116,1127.4,545.0,55.3,27.4,1920,1080,0.073,1155.0,558.7
Round3,Q4,933,933.0,CYBERCX,0.8103,1071.6,397.0,42.0,18.4,1920,1080,0.037,1092.6,406.2
Round3,Q4,933,933.0,CYBERCX,0.8067,524.2,498.5,48.7,19.8,1920,1080,0.047,548.5,508.4
Round3,Q4,933,933.0,CYBERCX,0.8025,1508.1,398.4,47.7,23.9,1920,1080,0.055,1532.0,410.4
Round3,Q4,933,933.0,CYBERCX,0.792,1333.9,183.9,34.8,15.4,1920,1080,0.026,1351.3,191.6
Round3,Q4,933,933.0,CYBERCX,0.7906,1559.5,151.8,38.6,18.4,1920,1080,0.034,1578.8,161.0
Round3,Q4,933,933.0,CYBERCX,0.7872,816.1,517.0,49.8,20.6,1920,1080,0.05,841.0,527.3
Round3,Q4,933,933.0,CYBERCX,0.7849,1022.1,396.8,41.8,17.8,1920,1080,0.036,1043.0,405.7
Round3,Q4,933,933.0,CYBERCX,0.7812,293.7,392.7,41.2,16.5,1920,1080,0.033,314.3,400.9
Round3,Q4,933,933.0,CYBERCX,0.781,1336.7,397.7,44.1,21.1,1920,1080,0.045,1358.8,408.3
Round3,Q4,933,933.0,CYBERCX,0.7809,1606.3,144.4,39.5,18.4,1920,1080,0.035,1626.1,153.6
Round3,Q4,933,933.0,CYBERCX,0.7776,1511.8,159.0,39.7,18.5,1920,1080,0.035,1531.7,168.2
Round3,Q4,933,933.0,CYBERCX,0.7755,494.0,394.6,41.0,15.7,1920,1080,0.031,514.6,402.5
Round3,Q4,933,933.0,CYBERCX,0.7751,1488.3,593.0,68.3,37.5,1920,1080,0.124,1522.4,611.8
Round3,Q4,933,933.0,CYBERCX,0.7718,543.5,394.3,41.5,16.4,1920,1080,0.033,564.2,402.5
Round3,Q4,933,933.0,CYBERCX,0.76,1390.1,397.6,46.2,21.8,1920,1080,0.049,1413.2,408.5
Round3,Q4,933,933.0,CYBERCX,0.7575,23.6,390.2,45.5,15.4,1920,1080,0.034,46.3,398.0
Round3,Q4,933,933.0,CYBERCX,0.7557,1176.0,396.8,42.3,19.5,1920,1080,0.04,1197.2,406.6
Round3,Q4,933,933.0,CYBERCX,0.7533,240.7,392.4,43.6,16.5,1920,1080,0.035,262.5,400.6
Round3,Q4,933,933.0,CYBERCX,0.7509,969.9,396.2,42.7,17.9,1920,1080,0.037,991.3,405.2
Round3,Q4,933,933.0,CYBERCX,0.7504,1464.2,166.5,38.5,16.8,1920,1080,0.031,1483.5,174.9
Round3,Q4,933,933.0,CYBERCX,0.7504,343.2,392.6,42.1,16.4,1920,1080,0.033,364.3,400.9
Round3,Q4,933,933.0,CYBERCX,0.7444,1248.5,194.5,34.9,14.7,1920,1080,0.025,1265.9,201.9
Round3,Q4,933,933.0,CYBERCX,0.7396,787.4,395.8,41.3,16.9,1920,1080,0.034,808.0,404.2
Round3,Q4,933,933.0,CYBERCX,0.7328,1878.7,90.4,41.2,21.5,1920,1080,0.043,1899.3,101.2
Round3,Q4,933,933.0,CYBERCX,0.7328,1766.1,113.6,43.9,21.3,1920,1080,0.045,1788.0,124.2
Round3,Q4,933,933.0,CYBERCX,0.7272,690.6,395.8,41.8,15.8,1920,1080,0.032,711.5,403.7
Round3,Q4,933,933.0,CYBERCX,0.7226,1836.3,398.9,67.0,30.8,1920,1080,0.099,1869.8,414.2
Round3,Q4,933,933.0,CYBERCX,0.7223,920.8,397.4,39.4,16.2,1920,1080,0.031,940.5,405.5
Round3,Q4,933,933.0,CYBERCX,0.7134,1225.9,397.4,44.3,19.7,1920,1080,0.042,1248.1,407.2
Round3,Q4,933,933.0,CYBERCX,0.7127,1410.4,580.0,55.4,34.0,1920,1080,0.091,1438.0,597.0
Round3,Q4,933,933.0,CYBERCX,0.7124,1128.3,207.0,34.9,14.9,1920,1080,0.025,1145.8,214.4
Round3,Q4,933,933.0,CYBERCX,0.7112,1820.0,102.7,47.0,21.8,1920,1080,0.049,1843.5,113.6
Round3,Q4,933,933.0,CYBERCX,0.709,1207.3,198.3,35.2,14.6,1920,1080,0.025,1224.9,205.6
Round3,Q4,933,933.0,CYBERCX,0.701,186.7,392.2,44.1,15.5,1920,1080,0.033,208.8,400.0
Round3,Q4,933,933.0,CYBERCX,0.6996,1709.8,125.6,45.5,19.6,1920,1080,0.043,1732.6,135.4
Round3,Q4,933,933.0,CYBERCX,0.6962,444.1,394.1,41.4,16.2,1920,1080,0.032,464.8,402.1
Round3,Q4,933,933.0,CYBERCX,0.6918,1291.0,188.9,35.1,15.8,1920,1080,0.027,1308.5,196.8
Round3,Q4,933,933.0,CYBERCX,0.6917,1655.3,135.4,43.3,19.1,1920,1080,0.04,1677.0,144.9
Round3,Q4,933,933.0,CYBERCX,0.6835,712.3,236.0,30.7,13.2,1920,1080,0.02,727.6,242.6
Round3,Q4,933,933.0,CYBERCX,0.6818,1089.4,210.7,31.9,13.7,1920,1080,0.021,1105.3,217.6
Round3,Q4,933,933.0,CYBERCX,0.6761,79.8,390.6,45.4,16.9,1920,1080,0.037,102.5,399.0
Round3,Q4,933,933.0,CYBERCX,0.6543,1809.0,674.8,72.5,57.9,1920,1080,0.202,1845.2,703.7
Round3,Q4,933,933.0,CYBERCX,0.6501,232.2,487.5,48.9,18.6,1920,1080,0.044,256.6,496.8
Round3,Q4,933,933.0,CYBERCX,0.6388,1050.5,214.2,32.0,14.3,1920,1080,0.022,1066.5,221.4
Round3,Q4,933,933.0,CYBERCX,0.634,526.8,244.1,31.0,12.5,1920,1080,0.019,542.3,250.4
Round3,Q4,933,933.0,CYBERCX,0.6331,836.8,394.8,35.2,18.3,1920,1080,0.031,854.5,403.9
Round3,Q4,933,933.0,CYBERCX,0.6265,582.3,501.7,47.6,19.0,1920,1080,0.044,606.1,511.2
Round3,Q4,933,933.0,CYBERCX,0.6178,135.1,391.7,42.1,15.9,1920,1080,0.032,156.1,399.6
Round3,Q4,933,933.0,CYBERCX,0.6098,935.2,223.3,32.2,12.8,1920,1080,0.02,951.3,229.8
Round3,Q4,933,933.0,CYBERCX,0.5993,376.4,248.4,32.3,11.1,1920,1080,0.017,392.6,253.9
Round3,Q4,933,933.0,CYBERCX,0.593,488.3,245.3,33.1,12.8,1920,1080,0.02,504.9,251.7
Round3,Q4,933,933.0,CYBERCX,0.5803,1888.4,708.7,31.6,58.8,1920,1080,0.089,1904.1,738.1
Round3,Q4,933,933.0,CYBERCX,0.5788,973.3,221.7,33.2,12.8,1920,1080,0.021,989.9,228.1
Round3,Q4,933,933.0,CYBERCX,0.5769,337.9,248.2,33.9,12.9,1920,1080,0.021,354.8,254.7
Round3,Q4,933,933.0,CYBERCX,0.5693,861.4,228.8,29.8,12.2,1920,1080,0.018,876.3,234.9
Round3,Q4,933,933.0,CYBERCX,0.5623,1376.3,178.6,34.2,16.4,1920,1080,0.027,1393.4,186.8
Round3,Q4,933,933.0,CYBERCX,0.5578,1010.8,218.0,33.4,13.2,1920,1080,0.021,1027.5,224.6
Round3,Q4,933,933.0,CYBERCX,0.5546,748.6,234.2,31.2,12.8,1920,1080,0.019,764.2,240.6
Round3,Q4,933,933.0,CYBERCX,0.5378,394.8,392.9,40.8,17.0,1920,1080,0.033,415.2,401.4
Round3,Q4,933,933.0,CYBERCX,0.5343,1170.5,203.6,30.4,14.2,1920,1080,0.021,1185.7,210.7
Round3,Q4,933,933.0,CYBERCX,0.4386,675.3,237.9,31.5,12.2,1920,1080,0.019,691.0,244.0
Round3,Q4,933,933.0,CYBERCX,0.4344,182.0,250.5,35.4,12.6,1920,1080,0.022,199.7,256.9
Round3,Q4,933,933.0,CYBERCX,0.4256,563.1,242.4,31.9,12.6,1920,1080,0.019,579.0,248.7
Round3,Q4,933,933.0,CYBERCX,0.4106,594.1,394.8,37.1,16.5,1920,1080,0.029,612.6,403.0
Round3,Q4,933,933.0,CYBERCX,0.3995,898.0,226.1,30.4,12.3,1920,1080,0.018,913.2,232.3
Round3,Q4,933,933.0,CYBERCX,0.3842,298.5,249.1,33.7,12.8,1920,1080,0.021,315.4,255.5
Round3,Q4,933,933.0,CYBERCX,0.3832,0.0,479.8,34.3,18.2,1920,1080,0.03,17.1,488.9
Round3,Q4,933,933.0,CYBERCX,0.3689,413.9,247.5,30.2,11.8,1920,1080,0.017,429.0,253.4
Round3,Q4,933,933.0,CYBERCX,0.3657,784.9,232.7,31.1,13.7,1920,1080,0.021,800.4,239.5
Round3,Q4,933,933.0,CYBERCX,0.3632,0.0,389.6,13.5,16.6,1920,1080,0.011,6.8,397.8
Round3,Q4,933,933.0,CYBERCX,0.353,1418.5,172.8,37.6,16.7,1920,1080,0.03,1437.3,181.1
Round3,Q4,934,934.0,CYBERCX,0.8725,1308.0,559.3,61.8,33.3,1920,1080,0.099,1338.9,575.9
Round3,Q4,934,934.0,CYBERCX,0.8615,972.3,522.1,53.0,25.0,1920,1080,0.064,998.9,534.6
Round3,Q4,934,934.0,CYBERCX,0.8595,316.2,482.8,48.8,19.7,1920,1080,0.046,340.6,492.6
Round3,Q4,934,934.0,CYBERCX,0.8593,68.5,474.1,54.7,18.3,1920,1080,0.048,95.9,483.2
Round3,Q4,934,934.0,CYBERCX,0.8566,1425.0,388.2,50.8,23.9,1920,1080,0.058,1450.4,400.1
Round3,Q4,934,934.0,CYBERCX,0.8554,132.0,476.0,52.1,19.0,1920,1080,0.048,158.1,485.6
Round3,Q4,934,934.0,CYBERCX,0.8511,1384.1,569.7,64.3,35.6,1920,1080,0.11,1416.2,587.5
Round3,Q4,934,934.0,CYBERCX,0.8511,1237.5,549.4,59.5,31.8,1920,1080,0.091,1267.2,565.3
Round3,Q4,934,934.0,CYBERCX,0.8485,1608.3,388.4,55.1,27.4,1920,1080,0.073,1635.9,402.1
Round3,Q4,934,934.0,CYBERCX,0.8478,253.4,480.9,52.3,18.7,1920,1080,0.047,279.6,490.2
Round3,Q4,934,934.0,CYBERCX,0.8468,1169.5,542.4,55.2,29.3,1920,1080,0.078,1197.1,557.1
Round3,Q4,934,934.0,CYBERCX,0.8451,1486.6,388.7,48.7,24.6,1920,1080,0.058,1511.0,401.0
Round3,Q4,934,934.0,CYBERCX,0.845,1100.6,535.4,56.8,27.2,1920,1080,0.074,1129.0,549.0
Round3,Q4,934,934.0,CYBERCX,0.8434,434.1,487.7,49.1,18.8,1920,1080,0.045,458.6,497.1
Round3,Q4,934,934.0,CYBERCX,0.8424,1314.5,388.7,45.8,20.9,1920,1080,0.046,1337.4,399.1
Round3,Q4,934,934.0,CYBERCX,0.8366,909.9,517.5,53.6,23.5,1920,1080,0.061,936.6,529.3
Round3,Q4,934,934.0,CYBERCX,0.8341,492.0,490.2,48.8,19.3,1920,1080,0.045,516.4,499.8
Round3,Q4,934,934.0,CYBERCX,0.8316,850.3,511.2,49.2,24.1,1920,1080,0.057,874.9,523.2
Round3,Q4,934,934.0,CYBERCX,0.83,5.6,473.0,51.9,18.0,1920,1080,0.045,31.6,482.0
Round3,Q4,934,934.0,CYBERCX,0.8291,513.7,384.7,42.2,15.9,1920,1080,0.032,534.8,392.6
Round3,Q4,934,934.0,CYBERCX,0.8249,374.6,484.6,50.3,19.0,1920,1080,0.046,399.8,494.1
Round3,Q4,934,934.0,CYBERCX,0.8217,1152.7,387.0,44.8,20.5,1920,1080,0.044,1175.1,397.3
Round3,Q4,934,934.0,CYBERCX,0.8201,1368.9,387.8,46.6,23.1,1920,1080,0.052,1392.2,399.4
Round3,Q4,934,934.0,CYBERCX,0.8157,945.4,386.4,42.7,18.2,1920,1080,0.037,966.7,395.5
Round3,Q4,934,934.0,CYBERCX,0.8156,1098.5,387.0,45.2,19.9,1920,1080,0.043,1121.1,397.0
Round3,Q4,934,934.0,CYBERCX,0.8113,1048.0,386.7,42.5,19.0,1920,1080,0.039,1069.3,396.2
Round3,Q4,934,934.0,CYBERCX,0.8091,787.8,507.8,51.2,21.8,1920,1080,0.054,813.4,518.7
Round3,Q4,934,934.0,CYBERCX,0.8036,1742.1,388.3,58.3,29.1,1920,1080,0.082,1771.2,402.8
Round3,Q4,934,934.0,CYBERCX,0.7971,896.0,386.3,40.6,17.6,1920,1080,0.035,916.3,395.2
Round3,Q4,934,934.0,CYBERCX,0.7963,1676.7,388.9,54.2,27.4,1920,1080,0.072,1703.8,402.6
Round3,Q4,934,934.0,CYBERCX,0.793,258.6,382.8,42.8,15.8,1920,1080,0.033,280.0,390.7
Round3,Q4,934,934.0,CYBERCX,0.7908,1545.6,388.5,50.0,25.4,1920,1080,0.061,1570.6,401.3
Round3,Q4,934,934.0,CYBERCX,0.7876,1314.4,173.1,37.0,15.0,1920,1080,0.027,1332.9,180.6
Round3,Q4,934,934.0,CYBERCX,0.7845,193.6,478.4,49.8,19.3,1920,1080,0.046,218.5,488.1
Round3,Q4,934,934.0,CYBERCX,0.7802,663.4,386.3,40.3,15.9,1920,1080,0.031,683.5,394.3
Round3,Q4,934,934.0,CYBERCX,0.7748,811.3,386.4,42.4,16.3,1920,1080,0.033,832.4,394.6
Round3,Q4,934,934.0,CYBERCX,0.7715,1493.2,148.4,40.8,18.5,1920,1080,0.036,1513.6,157.7
Round3,Q4,934,934.0,CYBERCX,0.77,996.7,387.2,43.8,17.8,1920,1080,0.038,1018.6,396.1
Round3,Q4,934,934.0,CYBERCX,0.7694,761.5,386.8,40.8,16.4,1920,1080,0.032,781.9,395.0
Round3,Q4,934,934.0,CYBERCX,0.7602,1067.8,200.2,33.4,14.8,1920,1080,0.024,1084.5,207.6
Round3,Q4,934,934.0,CYBERCX,0.7568,1205.4,388.5,42.3,19.3,1920,1080,0.039,1226.5,398.2
Round3,Q4,934,934.0,CYBERCX,0.747,1256.3,387.8,47.7,21.7,1920,1080,0.05,1280.2,398.7
Round3,Q4,934,934.0,CYBERCX,0.7452,1588.6,132.9,39.4,19.5,1920,1080,0.037,1608.3,142.7
Round3,Q4,934,934.0,CYBERCX,0.7437,1813.9,388.5,65.6,31.8,1920,1080,0.1,1846.6,404.4
Round3,Q4,934,934.0,CYBERCX,0.7402,1860.8,78.7,51.7,22.7,1920,1080,0.057,1886.7,90.1
Round3,Q4,934,934.0,CYBERCX,0.7297,1748.4,103.3,44.0,21.8,1920,1080,0.046,1770.4,114.2
Round3,Q4,934,934.0,CYBERCX,0.7282,1107.0,196.1,35.5,15.0,1920,1080,0.026,1124.7,203.6
Round3,Q4,934,934.0,CYBERCX,0.726,723.5,223.1,31.9,13.2,1920,1080,0.02,739.4,229.7
Round3,Q4,934,934.0,CYBERCX,0.7221,310.3,382.8,41.9,16.2,1920,1080,0.033,331.3,390.9
Round3,Q4,934,934.0,CYBERCX,0.7205,1803.4,91.6,46.8,21.4,1920,1080,0.048,1826.8,102.3
Round3,Q4,934,934.0,CYBERCX,0.7187,564.4,385.0,41.5,16.3,1920,1080,0.033,585.2,393.1
Round3,Q4,934,934.0,CYBERCX,0.7158,712.3,385.7,41.0,16.9,1920,1080,0.033,732.8,394.1
Round3,Q4,934,934.0,CYBERCX,0.7091,670.0,499.6,50.6,20.3,1920,1080,0.049,695.3,509.7
Round3,Q4,934,934.0,CYBERCX,0.7078,1541.5,141.9,39.2,18.2,1920,1080,0.034,1561.1,151.0
Round3,Q4,934,934.0,CYBERCX,0.7064,1785.6,660.9,70.5,57.8,1920,1080,0.196,1820.9,689.8
Round3,Q4,934,934.0,CYBERCX,0.6823,1638.4,125.0,42.7,19.4,1920,1080,0.04,1659.8,134.7
Round3,Q4,934,934.0,CYBERCX,0.68,912.4,211.7,32.3,14.0,1920,1080,0.022,928.6,218.7
Round3,Q4,934,934.0,CYBERCX,0.6737,1190.0,188.6,31.4,13.8,1920,1080,0.021,1205.7,195.5
Round3,Q4,934,934.0,CYBERCX,0.6686,462.9,384.2,41.0,16.4,1920,1080,0.032,483.3,392.4
Round3,Q4,934,934.0,CYBERCX,0.6631,1441.7,154.9,43.0,17.8,1920,1080,0.037,1463.2,163.8
Round3,Q4,934,934.0,CYBERCX,0.6628,551.7,492.8,47.9,20.0,1920,1080,0.046,575.6,502.7
Round3,Q4,934,934.0,CYBERCX,0.6614,951.5,209.5,33.6,14.1,1920,1080,0.023,968.3,216.6
Round3,Q4,934,934.0,CYBERCX,0.6425,1464.3,584.4,66.3,36.7,1920,1080,0.117,1497.4,602.8
Round3,Q4,934,934.0,CYBERCX,0.6417,760.3,221.9,33.2,12.5,1920,1080,0.02,776.9,228.1
Round3,Q4,934,934.0,CYBERCX,0.6312,686.5,224.4,32.0,14.0,1920,1080,0.022,702.5,231.4
Round3,Q4,934,934.0,CYBERCX,0.6281,1691.2,114.6,46.6,21.2,1920,1080,0.048,1714.6,125.2
Round3,Q4,934,934.0,CYBERCX,0.627,1025.6,203.4,36.3,14.5,1920,1080,0.025,1043.8,210.6
Round3,Q4,934,934.0,CYBERCX,0.6253,1357.7,167.7,36.1,16.6,1920,1080,0.029,1375.7,176.1
Round3,Q4,934,934.0,CYBERCX,0.6165,96.8,381.0,44.9,16.7,1920,1080,0.036,119.3,389.4
Round3,Q4,934,934.0,CYBERCX,0.6092,40.1,379.4,46.6,18.3,1920,1080,0.041,63.4,388.6
Round3,Q4,934,934.0,CYBERCX,0.6089,1870.5,696.2,49.5,62.9,1920,1080,0.15,1895.2,727.7
Round3,Q4,934,934.0,CYBERCX,0.6054,874.3,215.1,32.0,12.6,1920,1080,0.019,890.4,221.3
Round3,Q4,934,934.0,CYBERCX,0.597,1400.4,162.2,35.9,16.8,1920,1080,0.029,1418.4,170.6
Round3,Q4,934,934.0,CYBERCX,0.5952,1227.0,183.8,36.1,14.7,1920,1080,0.026,1245.0,191.2
Round3,Q4,934,934.0,CYBERCX,0.5947,1270.8,178.7,35.9,15.7,1920,1080,0.027,1288.8,186.5
Round3,Q4,934,934.0,CYBERCX,0.5902,203.1,382.3,46.3,16.1,1920,1080,0.036,226.3,390.4
Round3,Q4,934,934.0,CYBERCX,0.5469,150.6,382.2,42.7,15.5,1920,1080,0.032,171.9,390.0
Round3,Q4,934,934.0,CYBERCX,0.5349,1898.9,387.8,21.1,35.0,1920,1080,0.035,1909.4,405.3
Round3,Q4,934,934.0,CYBERCX,0.5295,1150.0,192.1,32.8,15.4,1920,1080,0.024,1166.4,199.8
Round3,Q4,934,934.0,CYBERCX,0.5235,414.2,384.8,39.4,15.7,1920,1080,0.03,433.9,392.7
Round3,Q4,934,934.0,CYBERCX,0.4966,499.0,232.5,31.8,13.1,1920,1080,0.02,514.9,239.0
Round3,Q4,934,934.0,CYBERCX,0.4892,0.0,379.6,28.2,16.0,1920,1080,0.022,14.1,387.6
Round3,Q4,934,934.0,CYBERCX,0.4625,729.7,501.8,48.7,23.1,1920,1080,0.054,754.0,513.4
Round3,Q4,934,934.0,CYBERCX,0.4448,305.6,237.4,34.5,12.5,1920,1080,0.021,322.8,243.7
Round3,Q4,934,934.0,CYBERCX,0.4088,346.2,236.8,31.5,12.0,1920,1080,0.018,362.0,242.8
Round3,Q4,934,934.0,CYBERCX,0.3562,383.4,235.7,32.6,12.5,1920,1080,0.02,399.7,241.9
Round3,Q4,934,934.0,CYBERCX,0.3512,363.6,383.8,40.5,15.6,1920,1080,0.03,383.8,391.5
Round3,Q4,934,934.0,CYBERCX,0.3036,990.6,207.3,31.4,14.7,1920,1080,0.022,1006.4,214.6
Round3,Q4,935,935.0,CYBERCX,0.8856,1153.5,539.8,55.6,29.1,1920,1080,0.078,1181.3,554.4
Round3,Q4,935,935.0,CYBERCX,0.8719,478.4,488.3,50.2,19.6,1920,1080,0.047,503.5,498.1
Round3,Q4,935,935.0,CYBERCX,0.8682,1366.4,566.1,66.1,36.5,1920,1080,0.116,1399.5,584.4
Round3,Q4,935,935.0,CYBERCX,0.8653,774.0,505.9,52.1,22.9,1920,1080,0.058,800.1,517.3
Round3,Q4,935,935.0,CYBERCX,0.8639,419.8,486.2,49.6,19.1,1920,1080,0.046,444.6,495.7
Round3,Q4,935,935.0,CYBERCX,0.8638,1221.1,547.5,60.2,30.9,1920,1080,0.09,1251.2,563.0
Round3,Q4,935,935.0,CYBERCX,0.8638,958.5,520.4,53.2,24.4,1920,1080,0.062,985.1,532.5
Round3,Q4,935,935.0,CYBERCX,0.8612,1086.3,533.0,57.1,27.4,1920,1080,0.075,1114.8,546.7
Round3,Q4,935,935.0,CYBERCX,0.8592,52.9,472.9,53.5,18.4,1920,1080,0.047,79.6,482.1
Round3,Q4,935,935.0,CYBERCX,0.8573,117.7,474.9,51.0,18.9,1920,1080,0.047,143.2,484.4
Round3,Q4,935,935.0,CYBERCX,0.8562,1660.4,387.6,55.9,28.4,1920,1080,0.077,1688.3,401.8
Round3,Q4,935,935.0,CYBERCX,0.8523,1727.9,387.9,55.9,28.8,1920,1080,0.078,1755.9,402.2
Round3,Q4,935,935.0,CYBERCX,0.8501,1411.6,387.4,49.6,23.5,1920,1080,0.056,1436.4,399.1
Round3,Q4,935,935.0,CYBERCX,0.8484,1472.0,386.9,50.3,24.8,1920,1080,0.06,1497.2,399.3
Round3,Q4,935,935.0,CYBERCX,0.8482,1531.8,388.3,48.9,24.3,1920,1080,0.057,1556.2,400.4
Round3,Q4,935,935.0,CYBERCX,0.8409,301.0,481.5,50.2,18.8,1920,1080,0.045,326.0,490.9
Round3,Q4,935,935.0,CYBERCX,0.8387,1356.7,387.7,45.4,21.6,1920,1080,0.047,1379.4,398.5
Round3,Q4,935,935.0,CYBERCX,0.8376,1086.3,386.2,44.0,18.5,1920,1080,0.039,1108.3,395.5
Round3,Q4,935,935.0,CYBERCX,0.8374,1244.4,387.2,45.9,20.5,1920,1080,0.045,1267.3,397.4
Round3,Q4,935,935.0,CYBERCX,0.8338,1593.1,387.2,53.4,26.5,1920,1080,0.068,1619.8,400.4
Round3,Q4,935,935.0,CYBERCX,0.8334,1798.3,387.0,62.7,31.0,1920,1080,0.094,1829.6,402.5
Round3,Q4,935,935.0,CYBERCX,0.8328,179.1,476.6,53.7,19.4,1920,1080,0.05,206.0,486.3
Round3,Q4,935,935.0,CYBERCX,0.8309,1140.1,386.7,44.2,19.0,1920,1080,0.041,1162.2,396.2
Round3,Q4,935,935.0,CYBERCX,0.8308,895.8,515.6,53.7,23.3,1920,1080,0.06,922.7,527.2
Round3,Q4,935,935.0,CYBERCX,0.8307,538.0,492.2,47.7,19.0,1920,1080,0.044,561.8,501.7
Round3,Q4,935,935.0,CYBERCX,0.8306,933.4,385.1,42.5,18.0,1920,1080,0.037,954.6,394.1
Round3,Q4,935,935.0,CYBERCX,0.8289,798.7,384.7,42.8,17.0,1920,1080,0.035,820.1,393.2
Round3,Q4,935,935.0,CYBERCX,0.8267,240.8,479.7,49.5,18.6,1920,1080,0.045,265.5,489.0
Round3,Q4,935,935.0,CYBERCX,0.8251,1192.0,386.7,43.5,20.1,1920,1080,0.042,1213.7,396.7
Round3,Q4,935,935.0,CYBERCX,0.8245,984.7,386.3,42.7,17.3,1920,1080,0.036,1006.1,395.0
Round3,Q4,935,935.0,CYBERCX,0.818,883.8,385.0,41.2,17.9,1920,1080,0.036,904.5,394.0
Round3,Q4,935,935.0,CYBERCX,0.8093,1295.3,556.4,58.7,33.6,1920,1080,0.095,1324.7,573.1
Round3,Q4,935,935.0,CYBERCX,0.8081,835.6,508.9,48.5,23.4,1920,1080,0.055,859.9,520.6
Round3,Q4,935,935.0,CYBERCX,0.8071,1847.3,80.0,51.1,23.3,1920,1080,0.057,1872.9,91.7
Round3,Q4,935,935.0,CYBERCX,0.8009,1789.2,93.0,46.3,22.1,1920,1080,0.049,1812.4,104.1
Round3,Q4,935,935.0,CYBERCX,0.7958,1302.2,387.8,45.4,20.9,1920,1080,0.046,1324.9,398.2
Round3,Q4,935,935.0,CYBERCX,0.7924,651.0,384.7,41.5,16.2,1920,1080,0.032,671.7,392.8
Round3,Q4,935,935.0,CYBERCX,0.7846,1303.1,173.4,36.4,14.9,1920,1080,0.026,1321.3,180.9
Round3,Q4,935,935.0,CYBERCX,0.7815,501.6,383.6,41.4,16.0,1920,1080,0.032,522.3,391.6
Round3,Q4,935,935.0,CYBERCX,0.7806,297.3,382.0,42.3,16.0,1920,1080,0.033,318.4,390.0
Round3,Q4,935,935.0,CYBERCX,0.7749,701.8,385.1,38.0,16.0,1920,1080,0.029,720.7,393.1
Round3,Q4,935,935.0,CYBERCX,0.7702,1034.5,385.4,42.9,18.8,1920,1080,0.039,1056.0,394.8
Round3,Q4,935,935.0,CYBERCX,0.7614,1097.0,195.2,34.9,15.5,1920,1080,0.026,1114.4,203.0
Round3,Q4,935,935.0,CYBERCX,0.7609,1178.4,187.5,33.7,15.1,1920,1080,0.024,1195.3,195.1
Round3,Q4,935,935.0,CYBERCX,0.7593,1576.4,133.0,39.5,19.7,1920,1080,0.037,1596.2,142.9
Round3,Q4,935,935.0,CYBERCX,0.7572,137.4,380.4,44.1,16.5,1920,1080,0.035,159.4,388.7
Round3,Q4,935,935.0,CYBERCX,0.752,1626.0,125.0,41.5,19.4,1920,1080,0.039,1646.8,134.7
Round3,Q4,935,935.0,CYBERCX,0.7514,1218.9,184.5,33.7,13.7,1920,1080,0.022,1235.8,191.4
Round3,Q4,935,935.0,CYBERCX,0.7511,401.1,383.4,41.4,15.5,1920,1080,0.031,421.8,391.2
Round3,Q4,935,935.0,CYBERCX,0.7498,940.0,208.7,34.0,13.4,1920,1080,0.022,957.0,215.3
Round3,Q4,935,935.0,CYBERCX,0.7456,1056.2,199.8,34.1,15.1,1920,1080,0.025,1073.2,207.3
Round3,Q4,935,935.0,CYBERCX,0.7449,360.2,483.3,50.1,18.8,1920,1080,0.045,385.3,492.7
Round3,Q4,935,935.0,CYBERCX,0.7398,747.0,384.7,42.6,16.7,1920,1080,0.034,768.3,393.1
Round3,Q4,935,935.0,CYBERCX,0.7357,372.4,234.9,32.2,12.2,1920,1080,0.019,388.5,241.0
Round3,Q4,935,935.0,CYBERCX,0.7282,901.4,211.2,32.5,13.4,1920,1080,0.021,917.7,217.9
Round3,Q4,935,935.0,CYBERCX,0.7265,981.0,206.2,32.4,13.1,1920,1080,0.02,997.2,212.7
Round3,Q4,935,935.0,CYBERCX,0.7247,1769.4,655.1,69.8,57.4,1920,1080,0.193,1804.3,683.8
Round3,Q4,935,935.0,CYBERCX,0.7228,1529.7,142.2,39.4,17.8,1920,1080,0.034,1549.3,151.1
Round3,Q4,935,935.0,CYBERCX,0.7211,1877.9,387.6,42.1,33.7,1920,1080,0.068,1899.0,404.5
Round3,Q4,935,935.0,CYBERCX,0.7207,1138.9,191.7,33.7,14.5,1920,1080,0.024,1155.8,199.0
Round3,Q4,935,935.0,CYBERCX,0.7162,713.2,222.6,31.4,12.7,1920,1080,0.019,728.9,229.0
Round3,Q4,935,935.0,CYBERCX,0.7115,551.8,383.6,40.6,16.8,1920,1080,0.033,572.1,392.0
Round3,Q4,935,935.0,CYBERCX,0.7086,1019.2,203.3,30.6,14.2,1920,1080,0.021,1034.5,210.4
Round3,Q4,935,935.0,CYBERCX,0.7082,788.4,218.6,33.2,12.6,1920,1080,0.02,805.0,224.9
Round3,Q4,935,935.0,CYBERCX,0.7003,750.5,220.6,31.6,13.1,1920,1080,0.02,766.3,227.1
Round3,Q4,935,935.0,CYBERCX,0.6949,1433.8,155.8,37.5,17.9,1920,1080,0.032,1452.5,164.8
Round3,Q4,935,935.0,CYBERCX,0.6932,1678.0,115.2,45.8,19.6,1920,1080,0.043,1700.9,125.1
Round3,Q4,935,935.0,CYBERCX,0.6805,1480.3,149.1,40.6,16.9,1920,1080,0.033,1500.6,157.6
Round3,Q4,935,935.0,CYBERCX,0.6778,655.7,497.6,50.5,21.5,1920,1080,0.052,681.0,508.3
Round3,Q4,935,935.0,CYBERCX,0.6756,451.3,383.0,39.4,16.3,1920,1080,0.031,471.0,391.2
Round3,Q4,935,935.0,CYBERCX,0.6732,1389.4,162.0,36.0,16.2,1920,1080,0.028,1407.4,170.1
Round3,Q4,935,935.0,CYBERCX,0.6727,246.1,381.8,41.8,15.9,1920,1080,0.032,267.0,389.8
Round3,Q4,935,935.0,CYBERCX,0.6599,0.0,471.2,41.1,19.3,1920,1080,0.038,20.6,480.8
Round3,Q4,935,935.0,CYBERCX,0.657,1732.9,104.3,46.0,20.4,1920,1080,0.045,1755.9,114.6
Round3,Q4,935,935.0,CYBERCX,0.6492,82.5,379.1,44.1,18.3,1920,1080,0.039,104.6,388.3
Round3,Q4,935,935.0,CYBERCX,0.6432,191.0,381.8,42.1,15.2,1920,1080,0.031,212.1,389.4
Round3,Q4,935,935.0,CYBERCX,0.6369,1258.6,178.3,37.0,15.9,1920,1080,0.028,1277.1,186.3
Round3,Q4,935,935.0,CYBERCX,0.6316,1347.0,167.5,35.2,16.3,1920,1080,0.028,1364.6,175.6
Round3,Q4,935,935.0,CYBERCX,0.6214,334.7,235.9,32.7,11.9,1920,1080,0.019,351.1,241.8
Round3,Q4,935,935.0,CYBERCX,0.6106,674.5,223.9,33.5,13.0,1920,1080,0.021,691.2,230.4
Round3,Q4,935,935.0,CYBERCX,0.5726,716.0,500.5,47.9,22.4,1920,1080,0.052,740.0,511.7
Round3,Q4,935,935.0,CYBERCX,0.567,410.1,233.6,32.3,12.6,1920,1080,0.02,426.3,239.9
Round3,Q4,935,935.0,CYBERCX,0.5655,863.8,214.1,32.1,12.6,1920,1080,0.02,879.8,220.5
Round3,Q4,935,935.0,CYBERCX,0.5451,215.7,236.8,33.6,12.9,1920,1080,0.021,232.5,243.2
Round3,Q4,935,935.0,CYBERCX,0.541,1910.1,69.2,9.8,22.2,1920,1080,0.011,1915.0,80.3
Round3,Q4,935,935.0,CYBERCX,0.539,25.7,378.5,44.9,17.5,1920,1080,0.038,48.1,387.3
Round3,Q4,935,935.0,CYBERCX,0.5189,176.5,237.4,33.3,12.3,1920,1080,0.02,193.1,243.6
Round3,Q4,935,935.0,CYBERCX,0.5134,828.0,217.2,29.3,11.7,1920,1080,0.017,842.7,223.0
Round3,Q4,935,935.0,CYBERCX,0.5028,485.4,231.4,34.2,12.5,1920,1080,0.021,502.5,237.7
Round3,Q4,935,935.0,CYBERCX,0.4811,525.2,230.4,32.1,13.1,1920,1080,0.02,541.3,237.0
Round3,Q4,935,935.0,CYBERCX,0.4371,135.0,237.4,34.5,12.7,1920,1080,0.021,152.2,243.7
Round3,Q4,935,935.0,CYBERCX,0.4295,1854.0,683.3,55.6,66.9,1920,1080,0.179,1881.8,716.8
Round3,Q4,935,935.0,CYBERCX,0.4002,293.9,236.2,34.7,12.1,1920,1080,0.02,311.3,242.3
Round3,Q4,935,935.0,CYBERCX,0.3909,0.0,378.6,15.1,16.9,1920,1080,0.012,7.5,387.1
Round3,Q4,935,935.0,CYBERCX,0.3881,349.5,381.9,40.8,16.9,1920,1080,0.033,370.0,390.4
Round3,Q4,935,935.0,CYBERCX,0.3751,255.2,236.7,32.5,12.5,1920,1080,0.02,271.5,242.9
Round3,Q4,935,935.0,CYBERCX,0.3292,8.0,237.3,37.6,13.2,1920,1080,0.024,26.8,243.9
Round3,Q4,935,935.0,CYBERCX,0.3278,448.4,233.3,31.5,12.3,1920,1080,0.019,464.1,239.5
Round3,Q4,936,936.0,CYBERCX,0.8696,1152.1,536.1,56.1,28.4,1920,1080,0.077,1180.1,550.3
Round3,Q4,936,936.0,CYBERCX,0.8696,896.7,510.9,53.3,24.3,1920,1080,0.063,923.3,523.0
Round3,Q4,936,936.0,CYBERCX,0.8678,125.1,471.4,50.8,18.9,1920,1080,0.046,150.5,480.8
Round3,Q4,936,936.0,CYBERCX,0.8629,483.1,485.6,49.4,19.2,1920,1080,0.046,507.8,495.2
Round3,Q4,936,936.0,CYBERCX,0.8611,1087.7,527.9,54.0,28.0,1920,1080,0.073,1114.7,541.9
Round3,Q4,936,936.0,CYBERCX,0.8593,61.4,470.5,52.4,17.9,1920,1080,0.045,87.6,479.5
Round3,Q4,936,936.0,CYBERCX,0.8592,186.3,473.4,50.0,19.1,1920,1080,0.046,211.2,483.0
Round3,Q4,936,936.0,CYBERCX,0.8583,306.6,479.0,49.9,18.6,1920,1080,0.045,331.6,488.3
Round3,Q4,936,936.0,CYBERCX,0.8552,542.2,487.8,49.0,20.1,1920,1080,0.047,566.7,497.9
Round3,Q4,936,936.0,CYBERCX,0.8542,425.6,482.6,48.2,18.8,1920,1080,0.044,449.7,492.0
Round3,Q4,936,936.0,CYBERCX,0.8517,1301.4,385.2,46.6,20.4,1920,1080,0.046,1324.8,395.4
Round3,Q4,936,936.0,CYBERCX,0.8488,1794.1,385.1,61.1,30.6,1920,1080,0.09,1824.6,400.3
Round3,Q4,936,936.0,CYBERCX,0.8487,960.0,516.8,52.0,24.3,1920,1080,0.061,986.0,528.9
Round3,Q4,936,936.0,CYBERCX,0.8443,1470.9,385.8,51.7,23.7,1920,1080,0.059,1496.7,397.6
Round3,Q4,936,936.0,CYBERCX,0.8431,654.3,382.8,43.2,15.7,1920,1080,0.033,675.9,390.7
Round3,Q4,936,936.0,CYBERCX,0.8396,1363.5,561.8,68.4,36.6,1920,1080,0.121,1397.7,580.1
Round3,Q4,936,936.0,CYBERCX,0.8352,1532.2,386.4,48.1,23.5,1920,1080,0.055,1556.2,398.2
Round3,Q4,936,936.0,CYBERCX,0.8326,1218.8,542.3,60.2,32.6,1920,1080,0.095,1248.9,558.6
Round3,Q4,936,936.0,CYBERCX,0.8301,1726.6,385.2,53.6,29.5,1920,1080,0.076,1753.5,399.9
Round3,Q4,936,936.0,CYBERCX,0.829,1591.3,385.5,52.6,26.2,1920,1080,0.066,1617.6,398.6
Round3,Q4,936,936.0,CYBERCX,0.8284,1194.3,384.6,42.7,19.6,1920,1080,0.04,1215.7,394.4
Round3,Q4,936,936.0,CYBERCX,0.821,1246.1,384.8,46.2,20.1,1920,1080,0.045,1269.2,394.9
Round3,Q4,936,936.0,CYBERCX,0.8198,1657.0,386.9,57.0,25.8,1920,1080,0.071,1685.5,399.9
Round3,Q4,936,936.0,CYBERCX,0.8176,1578.2,133.4,38.6,19.0,1920,1080,0.035,1597.5,142.9
Round3,Q4,936,936.0,CYBERCX,0.8093,1733.9,105.5,45.5,20.6,1920,1080,0.045,1756.7,115.8
Round3,Q4,936,936.0,CYBERCX,0.8054,1412.0,385.6,48.0,22.3,1920,1080,0.052,1436.0,396.8
Round3,Q4,936,936.0,CYBERCX,0.8038,1141.3,383.7,44.8,20.5,1920,1080,0.044,1163.7,394.0
Round3,Q4,936,936.0,CYBERCX,0.8007,706.5,383.0,38.6,15.3,1920,1080,0.029,725.8,390.7
Round3,Q4,936,936.0,CYBERCX,0.7993,1182.1,186.6,33.7,15.3,1920,1080,0.025,1198.9,194.3
Round3,Q4,936,936.0,CYBERCX,0.7975,1871.8,383.1,47.9,36.8,1920,1080,0.085,1895.8,401.5
Round3,Q4,936,936.0,CYBERCX,0.7972,1088.3,384.0,43.0,19.0,1920,1080,0.039,1109.8,393.4
Round3,Q4,936,936.0,CYBERCX,0.7956,1039.0,384.1,40.1,18.2,1920,1080,0.035,1059.0,393.2
Round3,Q4,936,936.0,CYBERCX,0.7935,1482.5,148.8,38.8,17.3,1920,1080,0.032,1501.9,157.4
Round3,Q4,936,936.0,CYBERCX,0.7919,1221.9,182.8,33.9,15.0,1920,1080,0.024,1238.8,190.3
Round3,Q4,936,936.0,CYBERCX,0.7904,1789.1,93.5,45.5,21.8,1920,1080,0.048,1811.8,104.4
Round3,Q4,936,936.0,CYBERCX,0.7881,1023.5,202.2,32.3,14.3,1920,1080,0.022,1039.6,209.4
Round3,Q4,936,936.0,CYBERCX,0.7787,985.5,205.6,31.6,12.9,1920,1080,0.02,1001.3,212.0
Round3,Q4,936,936.0,CYBERCX,0.7779,937.2,383.2,40.8,18.0,1920,1080,0.035,957.6,392.2
Round3,Q4,936,936.0,CYBERCX,0.7744,1356.2,385.6,46.1,21.2,1920,1080,0.047,1379.3,396.2
Round3,Q4,936,936.0,CYBERCX,0.7736,777.6,501.8,50.1,22.3,1920,1080,0.054,802.7,513.0
Round3,Q4,936,936.0,CYBERCX,0.7722,659.1,494.1,48.1,21.2,1920,1080,0.049,683.1,504.6
Round3,Q4,936,936.0,CYBERCX,0.7712,1061.7,199.2,31.6,14.3,1920,1080,0.022,1077.5,206.4
Round3,Q4,936,936.0,CYBERCX,0.7707,1626.3,125.2,41.4,19.7,1920,1080,0.039,1647.0,135.1
Round3,Q4,936,936.0,CYBERCX,0.7707,1846.3,81.3,48.7,22.9,1920,1080,0.054,1870.6,92.7
Round3,Q4,936,936.0,CYBERCX,0.7705,457.3,381.5,41.1,15.6,1920,1080,0.031,477.8,389.3
Round3,Q4,936,936.0,CYBERCX,0.769,198.7,378.9,43.8,16.5,1920,1080,0.035,220.6,387.2
Round3,Q4,936,936.0,CYBERCX,0.7633,945.5,208.1,33.4,12.9,1920,1080,0.021,962.1,214.5
Round3,Q4,936,936.0,CYBERCX,0.7615,987.9,383.8,42.4,18.4,1920,1080,0.037,1009.1,393.0
Round3,Q4,936,936.0,CYBERCX,0.7539,1678.4,115.5,44.8,20.0,1920,1080,0.043,1700.8,125.5
Round3,Q4,936,936.0,CYBERCX,0.7527,146.0,378.6,43.6,16.0,1920,1080,0.034,167.8,386.6
Round3,Q4,936,936.0,CYBERCX,0.7497,833.1,215.8,31.6,12.1,1920,1080,0.018,848.8,221.8
Round3,Q4,936,936.0,CYBERCX,0.7433,753.9,383.5,39.1,15.6,1920,1080,0.029,773.4,391.3
Round3,Q4,936,936.0,CYBERCX,0.7361,1392.0,161.3,36.1,17.3,1920,1080,0.03,1410.0,169.9
Round3,Q4,936,936.0,CYBERCX,0.7324,91.1,377.8,45.1,16.4,1920,1080,0.036,113.6,386.1
Round3,Q4,936,936.0,CYBERCX,0.7323,407.4,381.4,41.5,15.9,1920,1080,0.032,428.2,389.3
Round3,Q4,936,936.0,CYBERCX,0.7305,1141.7,191.3,34.5,14.2,1920,1080,0.024,1159.0,198.4
Round3,Q4,936,936.0,CYBERCX,0.7256,1435.2,155.5,39.2,17.7,1920,1080,0.033,1454.9,164.3
Round3,Q4,936,936.0,CYBERCX,0.7216,837.4,506.3,48.9,23.7,1920,1080,0.056,861.9,518.2
Round3,Q4,936,936.0,CYBERCX,0.7127,0.3,468.1,48.7,19.4,1920,1080,0.046,24.7,477.8
Round3,Q4,936,936.0,CYBERCX,0.7105,246.9,475.4,50.6,19.3,1920,1080,0.047,272.2,485.0
Round3,Q4,936,936.0,CYBERCX,0.7026,1524.6,588.5,71.2,39.4,1920,1080,0.135,1560.2,608.2
Round3,Q4,936,936.0,CYBERCX,0.7016,506.9,381.7,40.1,15.6,1920,1080,0.03,526.9,389.5
Round3,Q4,936,936.0,CYBERCX,0.701,1262.9,177.9,35.1,15.9,1920,1080,0.027,1280.4,185.9
Round3,Q4,936,936.0,CYBERCX,0.6989,33.9,377.2,45.9,16.2,1920,1080,0.036,56.8,385.3
Round3,Q4,936,936.0,CYBERCX,0.6959,365.7,481.0,47.8,17.8,1920,1080,0.041,389.6,489.9
Round3,Q4,936,936.0,CYBERCX,0.695,556.5,381.5,41.5,16.8,1920,1080,0.034,577.3,389.9
Round3,Q4,936,936.0,CYBERCX,0.6926,794.4,218.1,32.1,12.0,1920,1080,0.019,810.5,224.0
Round3,Q4,936,936.0,CYBERCX,0.678,1762.3,642.3,68.4,60.2,1920,1080,0.199,1796.5,672.4
Round3,Q4,936,936.0,CYBERCX,0.6739,1528.3,141.8,41.9,18.2,1920,1080,0.037,1549.2,150.8
Round3,Q4,936,936.0,CYBERCX,0.6709,1304.7,173.1,36.8,14.8,1920,1080,0.026,1323.1,180.5
Round3,Q4,936,936.0,CYBERCX,0.6497,253.0,379.7,41.0,15.3,1920,1080,0.03,273.6,387.3
Round3,Q4,936,936.0,CYBERCX,0.6441,718.7,497.6,47.7,20.6,1920,1080,0.048,742.5,507.9
Round3,Q4,936,936.0,CYBERCX,0.6373,302.9,379.1,43.1,17.5,1920,1080,0.036,324.4,387.8
Round3,Q4,936,936.0,CYBERCX,0.6364,801.9,382.7,42.6,17.2,1920,1080,0.035,823.2,391.3
Round3,Q4,936,936.0,CYBERCX,0.6293,1350.0,166.9,35.0,16.1,1920,1080,0.027,1367.4,175.0
Round3,Q4,936,936.0,CYBERCX,0.6192,1098.5,194.7,36.6,14.6,1920,1080,0.026,1116.8,202.0
Round3,Q4,936,936.0,CYBERCX,0.6129,756.7,220.1,31.7,13.0,1920,1080,0.02,772.5,226.6
Round3,Q4,936,936.0,CYBERCX,0.6,1908.6,71.5,11.4,21.9,1920,1080,0.012,1914.3,82.4
Round3,Q4,936,936.0,CYBERCX,0.5884,890.8,383.1,37.1,17.1,1920,1080,0.031,909.4,391.7
Round3,Q4,936,936.0,CYBERCX,0.5712,265.1,235.2,33.3,12.4,1920,1080,0.02,281.8,241.5
Round3,Q4,936,936.0,CYBERCX,0.5614,456.8,232.3,32.6,12.5,1920,1080,0.02,473.1,238.5
Round3,Q4,936,936.0,CYBERCX,0.5401,683.7,224.1,28.9,11.5,1920,1080,0.016,698.1,229.8
Round3,Q4,936,936.0,CYBERCX,0.5322,0.0,377.3,22.6,15.2,1920,1080,0.017,11.3,384.9
Round3,Q4,936,936.0,CYBERCX,0.5315,355.3,380.0,42.3,16.8,1920,1080,0.034,376.5,388.4
Round3,Q4,936,936.0,CYBERCX,0.5173,870.1,213.2,28.5,12.5,1920,1080,0.017,884.3,219.4
Round3,Q4,936,936.0,CYBERCX,0.5082,904.5,210.8,34.3,12.8,1920,1080,0.021,921.7,217.2
Round3,Q4,936,936.0,CYBERCX,0.5059,495.2,231.2,32.2,12.7,1920,1080,0.02,511.3,237.6
Round3,Q4,936,936.0,CYBERCX,0.487,419.5,233.5,31.0,11.9,1920,1080,0.018,435.0,239.5
Round3,Q4,936,936.0,CYBERCX,0.4842,1295.2,551.6,55.1,33.7,1920,1080,0.09,1322.7,568.5
Round3,Q4,936,936.0,CYBERCX,0.4812,381.7,234.5,31.7,11.6,1920,1080,0.018,397.5,240.3
Round3,Q4,936,936.0,CYBERCX,0.4792,532.4,229.9,31.9,12.3,1920,1080,0.019,548.3,236.0
Round3,Q4,936,936.0,CYBERCX,0.4327,341.3,234.6,34.9,12.1,1920,1080,0.02,358.7,240.7
Round3,Q4,936,936.0,CYBERCX,0.4173,717.8,221.9,33.0,12.5,1920,1080,0.02,734.3,228.1
Round3,Q4,936,936.0,CYBERCX,0.4159,569.8,227.9,31.6,12.7,1920,1080,0.019,585.6,234.3
Round3,Q4,936,936.0,CYBERCX,0.3729,304.8,235.3,31.2,12.3,1920,1080,0.019,320.4,241.4
Round3,Q4,936,936.0,CYBERCX,0.3297,226.0,236.2,33.3,12.1,1920,1080,0.019,242.6,242.3
Round3,Q4,937,937.0,CYBERCX,0.8703,512.4,485.7,48.1,18.1,1920,1080,0.042,536.5,494.8
Round3,Q4,937,937.0,CYBERCX,0.8662,1160.3,534.8,54.6,26.4,1920,1080,0.07,1187.6,548.0
Round3,Q4,937,937.0,CYBERCX,0.8656,569.8,487.9,46.9,19.2,1920,1080,0.043,593.2,497.5
Round3,Q4,937,937.0,CYBERCX,0.8588,342.7,479.6,48.0,17.1,1920,1080,0.04,366.7,488.2
Round3,Q4,937,937.0,CYBERCX,0.8559,1471.2,388.7,50.3,22.7,1920,1080,0.055,1496.4,400.1
Round3,Q4,937,937.0,CYBERCX,0.8537,1363.9,560.2,64.5,32.3,1920,1080,0.101,1396.1,576.4
Round3,Q4,937,937.0,CYBERCX,0.8518,912.0,510.1,51.6,23.3,1920,1080,0.058,937.8,521.7
Round3,Q4,937,937.0,CYBERCX,0.8511,1588.5,388.7,51.0,24.9,1920,1080,0.061,1614.0,401.2
Round3,Q4,937,937.0,CYBERCX,0.85,1531.5,389.0,46.3,24.1,1920,1080,0.054,1554.6,401.0
Round3,Q4,937,937.0,CYBERCX,0.8473,1306.9,387.8,45.7,20.4,1920,1080,0.045,1329.8,398.0
Round3,Q4,937,937.0,CYBERCX,0.8463,226.8,474.6,48.5,17.4,1920,1080,0.041,251.0,483.3
Round3,Q4,937,937.0,CYBERCX,0.8457,168.1,472.4,49.4,18.5,1920,1080,0.044,192.8,481.7
Round3,Q4,937,937.0,CYBERCX,0.8454,1052.6,386.8,39.9,17.7,1920,1080,0.034,1072.5,395.6
Round3,Q4,937,937.0,CYBERCX,0.841,1224.4,539.9,58.8,30.5,1920,1080,0.087,1253.9,555.1
Round3,Q4,937,937.0,CYBERCX,0.84,1002.7,386.8,41.5,17.7,1920,1080,0.035,1023.4,395.7
Round3,Q4,937,937.0,CYBERCX,0.8379,1651.8,388.9,55.0,26.7,1920,1080,0.071,1679.3,402.3
Round3,Q4,937,937.0,CYBERCX,0.8365,973.0,515.4,50.7,23.5,1920,1080,0.057,998.4,527.1
Round3,Q4,937,937.0,CYBERCX,0.836,108.0,471.1,49.4,18.0,1920,1080,0.043,132.7,480.1
Round3,Q4,937,937.0,CYBERCX,0.8334,1295.1,549.6,55.9,31.5,1920,1080,0.085,1323.0,565.3
Round3,Q4,937,937.0,CYBERCX,0.8284,1100.4,387.8,41.1,17.8,1920,1080,0.035,1121.0,396.7
Round3,Q4,937,937.0,CYBERCX,0.8233,537.2,384.8,39.4,15.6,1920,1080,0.03,556.9,392.6
Round3,Q4,937,937.0,CYBERCX,0.8215,1203.5,387.7,42.0,19.1,1920,1080,0.039,1224.5,397.3
Round3,Q4,937,937.0,CYBERCX,0.8211,775.7,386.0,38.7,16.0,1920,1080,0.03,795.1,394.0
Round3,Q4,937,937.0,CYBERCX,0.8202,679.5,385.1,40.7,16.2,1920,1080,0.032,699.9,393.2
Round3,Q4,937,937.0,CYBERCX,0.8185,1253.6,388.0,43.7,20.4,1920,1080,0.043,1275.5,398.1
Round3,Q4,937,937.0,CYBERCX,0.8182,1150.6,387.7,44.9,18.6,1920,1080,0.04,1173.0,397.0
Round3,Q4,937,937.0,CYBERCX,0.8167,585.6,385.6,39.1,15.5,1920,1080,0.029,605.2,393.4
Round3,Q4,937,937.0,CYBERCX,0.8129,489.5,384.3,38.7,15.7,1920,1080,0.029,508.9,392.2
Round3,Q4,937,937.0,CYBERCX,0.8107,855.4,505.2,47.7,23.2,1920,1080,0.053,879.2,516.8
Round3,Q4,937,937.0,CYBERCX,0.8093,43.5,469.0,55.0,19.0,1920,1080,0.05,71.0,478.5
Round3,Q4,937,937.0,CYBERCX,0.8088,1782.8,106.4,43.5,20.5,1920,1080,0.043,1804.6,116.7
Round3,Q4,937,937.0,CYBERCX,0.8085,457.0,482.5,46.5,18.5,1920,1080,0.041,480.2,491.8
Round3,Q4,937,937.0,CYBERCX,0.7979,952.7,386.8,41.1,16.8,1920,1080,0.033,973.2,395.2
Round3,Q4,937,937.0,CYBERCX,0.797,729.2,385.5,38.6,16.5,1920,1080,0.031,748.5,393.8
Round3,Q4,937,937.0,CYBERCX,0.7918,1193.8,196.3,31.7,14.2,1920,1080,0.022,1209.7,203.4
Round3,Q4,937,937.0,CYBERCX,0.7915,1674.3,127.1,44.2,20.4,1920,1080,0.043,1696.4,137.3
Round3,Q4,937,937.0,CYBERCX,0.7901,1414.9,388.8,46.4,21.9,1920,1080,0.049,1438.1,399.8
Round3,Q4,937,937.0,CYBERCX,0.7846,1858.4,388.0,61.4,32.1,1920,1080,0.095,1889.1,404.0
Round3,Q4,937,937.0,CYBERCX,0.7811,440.0,384.5,41.4,15.6,1920,1080,0.031,460.7,392.3
Round3,Q4,937,937.0,CYBERCX,0.7774,28.3,379.7,45.1,17.1,1920,1080,0.037,50.8,388.3
Round3,Q4,937,937.0,CYBERCX,0.7772,399.9,481.1,45.8,17.4,1920,1080,0.038,422.8,489.8
Round3,Q4,937,937.0,CYBERCX,0.7748,1837.1,94.4,48.2,22.2,1920,1080,0.052,1861.2,105.5
Round3,Q4,937,937.0,CYBERCX,0.7732,1728.3,117.9,46.1,20.0,1920,1080,0.044,1751.4,127.8
Round3,Q4,937,937.0,CYBERCX,0.7725,1518.2,583.8,71.0,39.3,1920,1080,0.135,1553.7,603.4
Round3,Q4,937,937.0,CYBERCX,0.7715,1361.8,388.6,42.4,21.4,1920,1080,0.044,1383.0,399.3
Round3,Q4,937,937.0,CYBERCX,0.7706,1272.2,188.0,33.8,14.6,1920,1080,0.024,1289.1,195.3
Round3,Q4,937,937.0,CYBERCX,0.7557,1484.8,159.3,37.6,16.7,1920,1080,0.03,1503.7,167.7
Round3,Q4,937,937.0,CYBERCX,0.7507,854.7,224.1,30.8,12.5,1920,1080,0.019,870.1,230.3
Round3,Q4,937,937.0,CYBERCX,0.7442,291.7,383.1,42.1,15.8,1920,1080,0.032,312.8,391.0
Round3,Q4,937,937.0,CYBERCX,0.7411,1002.2,213.9,31.8,12.9,1920,1080,0.02,1018.1,220.4
Round3,Q4,937,937.0,CYBERCX,0.7386,1785.0,387.4,58.1,30.3,1920,1080,0.085,1814.0,402.5
Round3,Q4,937,937.0,CYBERCX,0.7246,890.1,222.2,30.2,12.4,1920,1080,0.018,905.2,228.4
Round3,Q4,937,937.0,CYBERCX,0.7237,1719.6,388.1,52.4,28.0,1920,1080,0.071,1745.8,402.0
Round3,Q4,937,937.0,CYBERCX,0.7197,1624.9,136.4,40.1,19.1,1920,1080,0.037,1644.9,146.0
Round3,Q4,937,937.0,CYBERCX,0.7195,1076.6,208.0,31.9,14.6,1920,1080,0.023,1092.5,215.3
Round3,Q4,937,937.0,CYBERCX,0.718,1897.1,81.6,22.9,24.0,1920,1080,0.027,1908.6,93.7
Round3,Q4,937,937.0,CYBERCX,0.7101,240.6,382.7,42.9,15.7,1920,1080,0.032,262.0,390.5
Round3,Q4,937,937.0,CYBERCX,0.7097,1232.5,192.6,32.9,14.0,1920,1080,0.022,1249.0,199.6
Round3,Q4,937,937.0,CYBERCX,0.7073,817.3,225.7,31.6,13.3,1920,1080,0.02,833.1,232.4
Round3,Q4,937,937.0,CYBERCX,0.7058,1440.1,165.5,36.7,17.1,1920,1080,0.03,1458.4,174.0
Round3,Q4,937,937.0,CYBERCX,0.6943,1039.3,210.6,31.0,13.9,1920,1080,0.021,1054.9,217.6
Round3,Q4,937,937.0,CYBERCX,0.694,1151.4,199.8,36.2,15.2,1920,1080,0.027,1169.5,207.4
Round3,Q4,937,937.0,CYBERCX,0.6868,190.2,382.4,40.9,15.0,1920,1080,0.03,210.6,389.9
Round3,Q4,937,937.0,CYBERCX,0.6865,823.1,386.7,39.4,15.6,1920,1080,0.03,842.8,394.6
Round3,Q4,937,937.0,CYBERCX,0.6859,794.1,500.4,51.4,22.6,1920,1080,0.056,819.8,511.7
Round3,Q4,937,937.0,CYBERCX,0.6849,286.8,477.0,46.7,16.8,1920,1080,0.038,310.1,485.4
Round3,Q4,937,937.0,CYBERCX,0.6834,342.3,384.5,38.8,14.9,1920,1080,0.028,361.7,391.9
Round3,Q4,937,937.0,CYBERCX,0.6782,1312.8,183.2,34.7,14.8,1920,1080,0.025,1330.1,190.6
Round3,Q4,937,937.0,CYBERCX,0.676,1575.4,144.1,40.6,18.8,1920,1080,0.037,1595.8,153.5
Round3,Q4,937,937.0,CYBERCX,0.667,1751.8,639.9,67.1,51.2,1920,1080,0.166,1785.3,665.4
Round3,Q4,937,937.0,CYBERCX,0.661,1531.3,152.5,38.9,17.9,1920,1080,0.034,1550.8,161.4
Round3,Q4,937,937.0,CYBERCX,0.6575,1397.2,171.9,35.0,15.8,1920,1080,0.027,1414.7,179.8
Round3,Q4,937,937.0,CYBERCX,0.6523,0.0,468.3,28.3,18.2,1920,1080,0.025,14.1,477.4
Round3,Q4,937,937.0,CYBERCX,0.5788,0.0,379.9,19.4,15.8,1920,1080,0.015,9.7,387.7
Round3,Q4,937,937.0,CYBERCX,0.5676,741.6,497.4,43.8,21.0,1920,1080,0.044,763.4,507.9
Round3,Q4,937,937.0,CYBERCX,0.5479,1354.6,177.3,36.4,15.6,1920,1080,0.027,1372.8,185.1
Round3,Q4,937,937.0,CYBERCX,0.5432,528.3,239.3,30.9,12.1,1920,1080,0.018,543.7,245.3
Round3,Q4,937,937.0,CYBERCX,0.5415,82.2,380.9,43.9,16.3,1920,1080,0.035,104.2,389.0
Round3,Q4,937,937.0,CYBERCX,0.539,1836.1,663.8,59.2,64.4,1920,1080,0.184,1865.7,696.0
Round3,Q4,937,937.0,CYBERCX,0.5235,1114.5,204.4,31.9,14.3,1920,1080,0.022,1130.5,211.6
Round3,Q4,937,937.0,CYBERCX,0.5123,137.7,382.1,43.3,15.5,1920,1080,0.032,159.4,389.8
Round3,Q4,937,937.0,CYBERCX,0.4424,926.4,219.5,30.7,13.4,1920,1080,0.02,941.7,226.2
Round3,Q4,937,937.0,CYBERCX,0.4376,391.1,383.8,40.7,16.2,1920,1080,0.032,411.4,391.9
Round3,Q4,937,937.0,CYBERCX,0.434,709.3,232.2,30.4,12.3,1920,1080,0.018,724.5,238.4
Round3,Q4,937,937.0,CYBERCX,0.4012,778.5,227.8,32.5,12.9,1920,1080,0.02,794.7,234.3
Round3,Q4,937,937.0,CYBERCX,0.3982,963.0,216.5,32.8,12.7,1920,1080,0.02,979.4,222.8
Round3,Q4,937,937.0,CYBERCX,0.3724,491.3,240.0,31.2,12.6,1920,1080,0.019,506.9,246.3
Round3,Q4,937,937.0,CYBERCX,0.3339,564.9,238.2,29.7,12.2,1920,1080,0.018,579.7,244.4
Round3,Q4,937,937.0,CYBERCX,0.3308,343.5,243.6,32.0,12.4,1920,1080,0.019,359.6,249.8
Round3,Q4,937,937.0,CYBERCX,0.3256,744.4,230.2,30.6,12.8,1920,1080,0.019,759.7,236.6
Round3,Q4,937,937.0,CYBERCX,0.3156,671.5,232.9,32.8,12.7,1920,1080,0.02,687.9,239.3
Round3,Q4,938,938.0,CYBERCX,0.8663,1847.0,391.1,64.6,30.9,1920,1080,0.096,1879.4,406.5
Round3,Q4,938,938.0,CYBERCX,0.8634,379.9,478.4,46.2,17.3,1920,1080,0.038,403.0,487.0
Round3,Q4,938,938.0,CYBERCX,0.8625,1169.2,531.7,53.6,26.7,1920,1080,0.069,1196.0,545.0
Round3,Q4,938,938.0,CYBERCX,0.8614,212.3,472.6,46.9,17.7,1920,1080,0.04,235.8,481.4
Round3,Q4,938,938.0,CYBERCX,0.8573,988.8,513.1,49.2,23.3,1920,1080,0.055,1013.4,524.8
Round3,Q4,938,938.0,CYBERCX,0.8567,929.8,508.7,48.9,22.4,1920,1080,0.053,954.3,519.9
Round3,Q4,938,938.0,CYBERCX,0.8555,1366.2,556.2,61.6,33.3,1920,1080,0.099,1397.0,572.9
Round3,Q4,938,938.0,CYBERCX,0.8531,598.6,487.3,46.0,19.2,1920,1080,0.043,621.6,496.9
Round3,Q4,938,938.0,CYBERCX,0.8473,156.0,470.7,47.1,17.0,1920,1080,0.039,179.5,479.2
Round3,Q4,938,938.0,CYBERCX,0.8459,489.9,482.1,44.2,17.4,1920,1080,0.037,512.0,490.8
Round3,Q4,938,938.0,CYBERCX,0.8451,1298.8,546.9,56.9,30.5,1920,1080,0.084,1327.2,562.2
Round3,Q4,938,938.0,CYBERCX,0.8424,269.1,474.5,47.3,17.3,1920,1080,0.039,292.7,483.1
Round3,Q4,938,938.0,CYBERCX,0.8363,1586.5,391.3,48.4,23.9,1920,1080,0.056,1610.7,403.3
Round3,Q4,938,938.0,CYBERCX,0.8361,615.0,387.9,39.8,15.6,1920,1080,0.03,634.9,395.7
Round3,Q4,938,938.0,CYBERCX,0.8354,799.9,388.8,37.6,15.7,1920,1080,0.029,818.7,396.7
Round3,Q4,938,938.0,CYBERCX,0.8347,1313.6,391.8,45.0,19.1,1920,1080,0.041,1336.1,401.3
Round3,Q4,938,938.0,CYBERCX,0.8305,1367.4,390.4,42.9,21.8,1920,1080,0.045,1388.8,401.3
Round3,Q4,938,938.0,CYBERCX,0.8277,1019.0,389.6,40.4,17.6,1920,1080,0.034,1039.2,398.4
Round3,Q4,938,938.0,CYBERCX,0.8265,753.6,387.9,39.2,16.7,1920,1080,0.032,773.2,396.2
Round3,Q4,938,938.0,CYBERCX,0.8241,1714.2,391.8,50.4,26.8,1920,1080,0.065,1739.4,405.2
Round3,Q4,938,938.0,CYBERCX,0.8233,1114.0,390.1,40.4,18.2,1920,1080,0.036,1134.2,399.2
Round3,Q4,938,938.0,CYBERCX,0.823,1262.3,391.0,42.9,18.6,1920,1080,0.039,1283.7,400.3
Round3,Q4,938,938.0,CYBERCX,0.8221,1514.7,579.3,67.9,37.0,1920,1080,0.121,1548.7,597.8
Round3,Q4,938,938.0,CYBERCX,0.8219,544.0,485.0,45.2,17.6,1920,1080,0.038,566.7,493.8
Round3,Q4,938,938.0,CYBERCX,0.8215,1067.5,389.8,38.8,17.3,1920,1080,0.032,1086.9,398.4
Round3,Q4,938,938.0,CYBERCX,0.8116,1646.2,391.2,55.0,26.3,1920,1080,0.07,1673.7,404.4
Round3,Q4,938,938.0,CYBERCX,0.8107,1417.9,391.9,44.7,21.3,1920,1080,0.046,1440.3,402.6
Round3,Q4,938,938.0,CYBERCX,0.8087,971.5,389.1,37.8,17.6,1920,1080,0.032,990.4,398.0
Round3,Q4,938,938.0,CYBERCX,0.7994,1775.8,391.6,57.1,28.2,1920,1080,0.078,1804.4,405.7
Round3,Q4,938,938.0,CYBERCX,0.7962,845.2,388.5,39.7,16.2,1920,1080,0.031,865.1,396.6
Round3,Q4,938,938.0,CYBERCX,0.7942,1281.9,196.9,33.2,15.1,1920,1080,0.024,1298.5,204.4
Round3,Q4,938,938.0,CYBERCX,0.7908,1531.0,391.6,46.1,23.2,1920,1080,0.052,1554.1,403.2
Round3,Q4,938,938.0,CYBERCX,0.789,568.2,388.1,38.7,14.0,1920,1080,0.026,587.5,395.1
Round3,Q4,938,938.0,CYBERCX,0.7872,380.9,386.8,39.0,15.5,1920,1080,0.029,400.4,394.6
Round3,Q4,938,938.0,CYBERCX,0.78,1672.6,139.3,42.3,19.4,1920,1080,0.04,1693.7,149.1
Round3,Q4,938,938.0,CYBERCX,0.7789,435.1,480.5,44.9,16.7,1920,1080,0.036,457.6,488.8
Round3,Q4,938,938.0,CYBERCX,0.7785,1830.5,108.2,45.9,21.3,1920,1080,0.047,1853.4,118.9
Round3,Q4,938,938.0,CYBERCX,0.7779,1163.6,390.8,40.4,17.6,1920,1080,0.034,1183.8,399.6
Round3,Q4,938,938.0,CYBERCX,0.7758,1471.8,391.3,50.2,22.4,1920,1080,0.054,1496.9,402.5
Round3,Q4,938,938.0,CYBERCX,0.7733,1488.0,169.7,36.7,16.9,1920,1080,0.03,1506.3,178.1
Round3,Q4,938,938.0,CYBERCX,0.7699,1232.4,538.8,54.9,26.7,1920,1080,0.071,1259.9,552.2
Round3,Q4,938,938.0,CYBERCX,0.7675,81.8,384.5,42.6,15.0,1920,1080,0.031,103.0,392.0
Round3,Q4,938,938.0,CYBERCX,0.7668,1579.5,156.8,36.0,17.9,1920,1080,0.031,1597.5,165.7
Round3,Q4,938,938.0,CYBERCX,0.7662,332.4,386.1,40.5,15.5,1920,1080,0.03,352.6,393.9
Round3,Q4,938,938.0,CYBERCX,0.755,522.6,388.4,38.5,14.6,1920,1080,0.027,541.8,395.6
Round3,Q4,938,938.0,CYBERCX,0.752,1777.6,118.7,42.5,21.3,1920,1080,0.044,1798.9,129.3
Round3,Q4,938,938.0,CYBERCX,0.7483,1321.9,192.4,34.2,14.3,1920,1080,0.024,1339.0,199.5
Round3,Q4,938,938.0,CYBERCX,0.7463,1213.7,390.2,41.2,19.8,1920,1080,0.039,1234.3,400.1
Round3,Q4,938,938.0,CYBERCX,0.746,283.8,385.8,40.4,15.4,1920,1080,0.03,303.9,393.5
Round3,Q4,938,938.0,CYBERCX,0.7413,1723.7,130.0,45.1,20.7,1920,1080,0.045,1746.2,140.4
Round3,Q4,938,938.0,CYBERCX,0.7261,1622.1,148.4,42.0,18.5,1920,1080,0.037,1643.1,157.7
Round3,Q4,938,938.0,CYBERCX,0.7222,708.3,387.7,37.2,16.6,1920,1080,0.03,726.9,396.0
Round3,Q4,938,938.0,CYBERCX,0.7166,325.0,476.0,45.9,17.7,1920,1080,0.039,348.0,484.8
Round3,Q4,938,938.0,CYBERCX,0.7142,26.4,468.3,53.4,17.4,1920,1080,0.045,53.1,477.0
Round3,Q4,938,938.0,CYBERCX,0.7115,1363.4,186.9,33.5,15.5,1920,1080,0.025,1380.2,194.7
Round3,Q4,938,938.0,CYBERCX,0.7093,1533.9,163.2,37.6,17.3,1920,1080,0.031,1552.7,171.8
Round3,Q4,938,938.0,CYBERCX,0.7017,1057.0,220.0,30.2,13.3,1920,1080,0.019,1072.1,226.6
Round3,Q4,938,938.0,CYBERCX,0.7006,1167.3,210.1,32.1,13.7,1920,1080,0.021,1183.4,217.0
Round3,Q4,938,938.0,CYBERCX,0.6862,1823.6,656.6,59.5,57.9,1920,1080,0.166,1853.3,685.6
Round3,Q4,938,938.0,CYBERCX,0.669,475.8,388.1,38.8,15.4,1920,1080,0.029,495.2,395.8
Round3,Q4,938,938.0,CYBERCX,0.6682,1243.2,201.3,32.7,14.7,1920,1080,0.023,1259.5,208.7
Round3,Q4,938,938.0,CYBERCX,0.6564,1129.2,212.6,32.4,14.7,1920,1080,0.023,1145.4,219.9
Round3,Q4,938,938.0,CYBERCX,0.6479,133.1,385.2,41.7,14.7,1920,1080,0.03,153.9,392.6
Round3,Q4,938,938.0,CYBERCX,0.6477,1401.7,181.2,36.5,16.5,1920,1080,0.029,1419.9,189.5
Round3,Q4,938,938.0,CYBERCX,0.6432,29.3,385.1,43.0,13.5,1920,1080,0.028,50.8,391.8
Round3,Q4,938,938.0,CYBERCX,0.6277,91.2,468.6,59.2,18.0,1920,1080,0.051,120.9,477.6
Round3,Q4,938,938.0,CYBERCX,0.622,1444.6,176.1,34.9,16.6,1920,1080,0.028,1462.0,184.4
Round3,Q4,938,938.0,CYBERCX,0.6217,1204.5,205.8,33.2,14.2,1920,1080,0.023,1221.1,212.9
Round3,Q4,938,938.0,CYBERCX,0.585,234.4,385.2,40.1,15.7,1920,1080,0.03,254.5,393.0
Round3,Q4,938,938.0,CYBERCX,0.5694,1093.5,215.9,30.0,14.7,1920,1080,0.021,1108.5,223.3
Round3,Q4,938,938.0,CYBERCX,0.5687,0.0,467.9,14.0,16.8,1920,1080,0.011,7.0,476.3
Round3,Q4,938,938.0,CYBERCX,0.5402,948.1,228.0,29.5,12.1,1920,1080,0.017,962.8,234.0
Round3,Q4,938,938.0,CYBERCX,0.5328,421.5,250.9,31.1,12.2,1920,1080,0.018,437.1,257.0
Round3,Q4,938,938.0,CYBERCX,0.5309,597.1,246.2,29.8,12.1,1920,1080,0.017,612.0,252.3
Round3,Q4,938,938.0,CYBERCX,0.5135,662.1,388.2,29.7,15.6,1920,1080,0.022,677.0,396.0
Round3,Q4,938,938.0,CYBERCX,0.5101,912.6,230.4,29.6,11.9,1920,1080,0.017,927.5,236.3
Round3,Q4,938,938.0,CYBERCX,0.5032,427.5,386.9,38.7,16.4,1920,1080,0.031,446.8,395.1
Round3,Q4,938,938.0,CYBERCX,0.4835,1889.3,96.3,30.7,21.5,1920,1080,0.032,1904.6,107.1
Round3,Q4,938,938.0,CYBERCX,0.4812,875.0,503.8,45.6,20.1,1920,1080,0.044,897.8,513.8
Round3,Q4,938,938.0,CYBERCX,0.4569,0.0,383.4,18.1,15.7,1920,1080,0.014,9.0,391.2
Round3,Q4,938,938.0,CYBERCX,0.4541,771.1,238.6,30.2,12.3,1920,1080,0.018,786.2,244.8
Round3,Q4,938,938.0,CYBERCX,0.4441,527.0,248.3,29.1,11.6,1920,1080,0.016,541.5,254.1
Round3,Q4,938,938.0,CYBERCX,0.4235,652.7,489.8,42.4,19.5,1920,1080,0.04,674.0,499.5
Round3,Q4,938,938.0,CYBERCX,0.4048,892.7,388.8,24.8,15.6,1920,1080,0.019,905.1,396.6
Round3,Q4,938,938.0,CYBERCX,0.4,561.4,247.4,29.9,12.3,1920,1080,0.018,576.4,253.5
Round3,Q4,938,938.0,CYBERCX,0.3949,737.6,239.9,28.7,11.5,1920,1080,0.016,751.9,245.7
Round3,Q4,938,938.0,CYBERCX,0.3695,1047.0,518.2,42.3,23.9,1920,1080,0.049,1068.2,530.1
Round3,Q4,938,938.0,CYBERCX,0.3623,878.2,232.3,29.5,12.8,1920,1080,0.018,892.9,238.7
Round3,Q4,938,938.0,CYBERCX,0.3609,1743.4,631.4,62.1,51.5,1920,1080,0.154,1774.5,657.1
Round3,Q4,938,938.0,CYBERCX,0.3541,1898.6,691.2,21.3,54.3,1920,1080,0.056,1909.3,718.4
Round3,Q4,938,938.0,CYBERCX,0.3051,820.3,501.4,44.4,19.2,1920,1080,0.041,842.5,511.0
Round3,Q4,939,939.0,CYBERCX,0.875,949.6,507.9,47.3,21.9,1920,1080,0.05,973.2,518.8
Round3,Q4,939,939.0,CYBERCX,0.8643,1182.4,530.6,51.1,25.1,1920,1080,0.062,1208.0,543.1
Round3,Q4,939,939.0,CYBERCX,0.863,256.7,472.9,46.3,17.1,1920,1080,0.038,279.8,481.5
Round3,Q4,939,939.0,CYBERCX,0.861,1307.6,544.3,54.6,29.1,1920,1080,0.077,1335.0,558.8
Round3,Q4,939,939.0,CYBERCX,0.8593,1372.3,553.2,59.9,31.8,1920,1080,0.092,1402.2,569.1
Round3,Q4,939,939.0,CYBERCX,0.8507,522.2,482.5,45.1,17.3,1920,1080,0.038,544.7,491.1
Round3,Q4,939,939.0,CYBERCX,0.8473,1479.0,395.6,46.7,21.2,1920,1080,0.048,1502.4,406.2
Round3,Q4,939,939.0,CYBERCX,0.8462,1242.8,537.2,54.4,26.1,1920,1080,0.068,1270.0,550.2
Round3,Q4,939,939.0,CYBERCX,0.843,1005.9,512.5,48.4,22.2,1920,1080,0.052,1030.1,523.6
Round3,Q4,939,939.0,CYBERCX,0.8343,1130.4,393.5,39.3,16.8,1920,1080,0.032,1150.0,401.9
Round3,Q4,939,939.0,CYBERCX,0.8315,1085.2,393.2,38.2,16.7,1920,1080,0.031,1104.3,401.5
Round3,Q4,939,939.0,CYBERCX,0.8303,1323.9,393.7,43.3,20.0,1920,1080,0.042,1345.5,403.7
Round3,Q4,939,939.0,CYBERCX,0.8303,310.4,474.7,44.0,16.9,1920,1080,0.036,332.4,483.2
Round3,Q4,939,939.0,CYBERCX,0.8297,417.2,478.5,44.7,16.9,1920,1080,0.036,439.5,486.9
Round3,Q4,939,939.0,CYBERCX,0.8278,1590.1,394.9,47.4,23.7,1920,1080,0.054,1613.8,406.8
Round3,Q4,939,939.0,CYBERCX,0.8267,372.5,390.3,38.9,14.1,1920,1080,0.026,391.9,397.3
Round3,Q4,939,939.0,CYBERCX,0.8239,1376.1,395.0,41.4,19.5,1920,1080,0.039,1396.8,404.7
Round3,Q4,939,939.0,CYBERCX,0.8233,200.6,471.7,46.8,16.4,1920,1080,0.037,224.0,479.9
Round3,Q4,939,939.0,CYBERCX,0.8215,824.9,391.6,36.4,15.4,1920,1080,0.027,843.2,399.4
Round3,Q4,939,939.0,CYBERCX,0.8198,576.1,484.7,42.2,17.2,1920,1080,0.035,597.2,493.3
Round3,Q4,939,939.0,CYBERCX,0.816,419.8,390.4,36.7,14.6,1920,1080,0.026,438.2,397.7
Round3,Q4,939,939.0,CYBERCX,0.8158,628.3,487.5,44.5,18.1,1920,1080,0.039,650.5,496.6
Round3,Q4,939,939.0,CYBERCX,0.8158,1844.2,395.4,59.9,29.0,1920,1080,0.084,1874.1,409.9
Round3,Q4,939,939.0,CYBERCX,0.8107,78.5,469.4,49.6,16.5,1920,1080,0.039,103.3,477.6
Round3,Q4,939,939.0,CYBERCX,0.8096,1177.4,394.1,41.8,17.0,1920,1080,0.034,1198.3,402.6
Round3,Q4,939,939.0,CYBERCX,0.8087,645.8,391.1,37.8,15.0,1920,1080,0.027,664.7,398.5
Round3,Q4,939,939.0,CYBERCX,0.8033,1426.5,394.4,43.0,20.5,1920,1080,0.042,1448.0,404.6
Round3,Q4,939,939.0,CYBERCX,0.803,1647.6,394.8,53.5,25.3,1920,1080,0.065,1674.3,407.4
Round3,Q4,939,939.0,CYBERCX,0.8028,1775.3,393.9,54.3,28.7,1920,1080,0.075,1802.5,408.3
Round3,Q4,939,939.0,CYBERCX,0.8014,600.8,391.4,37.4,14.0,1920,1080,0.025,619.4,398.4
Round3,Q4,939,939.0,CYBERCX,0.8,868.7,391.4,38.5,16.4,1920,1080,0.03,887.9,399.6
Round3,Q4,939,939.0,CYBERCX,0.7975,1713.7,395.4,49.7,25.7,1920,1080,0.062,1738.6,408.3
Round3,Q4,939,939.0,CYBERCX,0.7957,464.1,390.0,39.1,15.1,1920,1080,0.028,483.7,397.5
Round3,Q4,939,939.0,CYBERCX,0.7924,1536.2,395.3,44.3,21.9,1920,1080,0.047,1558.3,406.2
Round3,Q4,939,939.0,CYBERCX,0.7834,324.1,389.7,39.9,14.1,1920,1080,0.027,344.1,396.7
Round3,Q4,939,939.0,CYBERCX,0.7811,132.9,388.0,40.0,14.4,1920,1080,0.028,152.9,395.2
Round3,Q4,939,939.0,CYBERCX,0.7805,1272.2,393.5,43.7,19.3,1920,1080,0.041,1294.0,403.2
Round3,Q4,939,939.0,CYBERCX,0.7791,1226.9,393.7,39.4,18.8,1920,1080,0.036,1246.6,403.1
Round3,Q4,939,939.0,CYBERCX,0.7783,1540.3,173.1,38.0,16.4,1920,1080,0.03,1559.3,181.3
Round3,Q4,939,939.0,CYBERCX,0.7759,779.5,392.0,38.5,14.7,1920,1080,0.027,798.7,399.4
Round3,Q4,939,939.0,CYBERCX,0.7716,472.0,480.9,41.3,16.2,1920,1080,0.032,492.7,489.0
Round3,Q4,939,939.0,CYBERCX,0.7695,1830.0,119.6,43.8,20.9,1920,1080,0.044,1851.9,130.0
Round3,Q4,939,939.0,CYBERCX,0.7637,1295.3,206.5,31.8,14.1,1920,1080,0.022,1311.3,213.5
Round3,Q4,939,939.0,CYBERCX,0.7584,1584.8,166.2,36.6,17.4,1920,1080,0.031,1603.2,174.9
Round3,Q4,939,939.0,CYBERCX,0.7576,1519.2,574.5,62.1,37.0,1920,1080,0.111,1550.3,593.0
Round3,Q4,939,939.0,CYBERCX,0.7521,1628.6,158.8,37.3,18.2,1920,1080,0.033,1647.2,167.9
Round3,Q4,939,939.0,CYBERCX,0.7411,181.6,388.6,39.6,14.4,1920,1080,0.027,201.4,395.8
Round3,Q4,939,939.0,CYBERCX,0.7391,138.1,470.0,53.3,17.8,1920,1080,0.046,164.7,478.9
Round3,Q4,939,939.0,CYBERCX,0.7391,1110.8,224.6,30.8,14.4,1920,1080,0.021,1126.1,231.8
Round3,Q4,939,939.0,CYBERCX,0.7373,1884.4,109.8,35.5,20.3,1920,1080,0.035,1902.1,119.9
Round3,Q4,939,939.0,CYBERCX,0.7344,1063.2,518.8,47.7,21.4,1920,1080,0.049,1087.0,529.5
Round3,Q4,939,939.0,CYBERCX,0.725,914.7,391.6,32.6,16.6,1920,1080,0.026,931.0,399.9
Round3,Q4,939,939.0,CYBERCX,0.7233,1725.5,141.4,43.4,19.3,1920,1080,0.04,1747.2,151.1
Round3,Q4,939,939.0,CYBERCX,0.7211,364.7,476.7,44.7,17.3,1920,1080,0.037,387.0,485.3
Round3,Q4,939,939.0,CYBERCX,0.7171,1333.3,201.3,34.9,15.3,1920,1080,0.026,1350.7,209.0
Round3,Q4,939,939.0,CYBERCX,0.7169,1035.9,392.5,41.1,16.9,1920,1080,0.034,1056.4,400.9
Round3,Q4,939,939.0,CYBERCX,0.7101,555.3,390.9,37.7,14.6,1920,1080,0.027,574.2,398.2
Round3,Q4,939,939.0,CYBERCX,0.7071,229.9,388.9,41.0,14.9,1920,1080,0.03,250.4,396.4
Round3,Q4,939,939.0,CYBERCX,0.7,1778.7,130.5,41.6,20.8,1920,1080,0.042,1799.5,140.9
Round3,Q4,939,939.0,CYBERCX,0.6933,1147.6,221.5,29.9,13.2,1920,1080,0.019,1162.6,228.1
Round3,Q4,939,939.0,CYBERCX,0.6726,680.5,490.1,45.4,18.6,1920,1080,0.041,703.2,499.4
Round3,Q4,939,939.0,CYBERCX,0.6695,991.6,393.0,35.5,15.8,1920,1080,0.027,1009.3,400.9
Round3,Q4,939,939.0,CYBERCX,0.6534,1817.3,648.9,63.0,55.2,1920,1080,0.168,1848.8,676.5
Round3,Q4,939,939.0,CYBERCX,0.6419,1004.8,233.1,30.1,13.2,1920,1080,0.019,1019.9,239.7
Round3,Q4,939,939.0,CYBERCX,0.637,1495.5,180.5,36.9,16.1,1920,1080,0.029,1513.9,188.6
Round3,Q4,939,939.0,CYBERCX,0.6273,1374.9,196.4,32.8,14.3,1920,1080,0.023,1391.3,203.5
Round3,Q4,939,939.0,CYBERCX,0.6221,690.9,391.7,34.0,14.6,1920,1080,0.024,707.9,399.0
Round3,Q4,939,939.0,CYBERCX,0.6206,1888.4,686.8,31.6,48.4,1920,1080,0.074,1904.2,711.0
Round3,Q4,939,939.0,CYBERCX,0.6144,510.1,391.2,37.9,15.0,1920,1080,0.028,529.0,398.7
Round3,Q4,939,939.0,CYBERCX,0.5987,1183.4,218.0,33.0,14.0,1920,1080,0.022,1199.9,225.0
Round3,Q4,939,939.0,CYBERCX,0.5894,895.8,503.2,46.1,21.6,1920,1080,0.048,918.8,514.0
Round3,Q4,939,939.0,CYBERCX,0.5844,1445.5,563.5,55.5,31.4,1920,1080,0.084,1473.2,579.2
Round3,Q4,939,939.0,CYBERCX,0.5815,424.9,259.7,30.2,11.6,1920,1080,0.017,439.9,265.5
Round3,Q4,939,939.0,CYBERCX,0.5689,459.9,258.8,29.6,11.5,1920,1080,0.016,474.7,264.6
Round3,Q4,939,939.0,CYBERCX,0.5679,1673.1,150.6,42.7,18.3,1920,1080,0.038,1694.4,159.8
Round3,Q4,939,939.0,CYBERCX,0.5676,28.3,387.7,42.2,14.1,1920,1080,0.029,49.4,394.7
Round3,Q4,939,939.0,CYBERCX,0.5555,278.8,389.4,37.0,15.5,1920,1080,0.028,297.3,397.1
Round3,Q4,939,939.0,CYBERCX,0.5407,12.2,468.5,52.7,17.0,1920,1080,0.043,38.5,477.0
Round3,Q4,939,939.0,CYBERCX,0.5142,1258.7,209.8,30.6,13.4,1920,1080,0.02,1274.0,216.5
Round3,Q4,939,939.0,CYBERCX,0.5135,1451.3,186.5,37.4,15.7,1920,1080,0.028,1470.0,194.3
Round3,Q4,939,939.0,CYBERCX,0.482,766.3,248.4,28.8,10.6,1920,1080,0.015,780.8,253.7
Round3,Q4,939,939.0,CYBERCX,0.4818,494.8,258.6,28.7,11.1,1920,1080,0.015,509.2,264.1
Round3,Q4,939,939.0,CYBERCX,0.4468,1414.2,191.6,31.8,15.1,1920,1080,0.023,1430.1,199.1
Round3,Q4,939,939.0,CYBERCX,0.431,799.7,245.8,28.4,12.7,1920,1080,0.017,813.9,252.1
Round3,Q4,939,939.0,CYBERCX,0.4071,1222.8,214.7,28.3,13.5,1920,1080,0.018,1236.9,221.4
Round3,Q4,939,939.0,CYBERCX,0.3969,1075.1,227.5,30.4,12.8,1920,1080,0.019,1090.3,233.9
Round3,Q4,939,939.0,CYBERCX,0.3858,971.0,235.5,28.9,11.9,1920,1080,0.017,985.4,241.5
Round3,Q4,939,939.0,CYBERCX,0.3819,630.9,253.9,28.8,12.2,1920,1080,0.017,645.3,260.0
Round3,Q4,939,939.0,CYBERCX,0.3681,0.0,386.0,18.8,14.2,1920,1080,0.013,9.4,393.1
Round3,Q4,939,939.0,CYBERCX,0.3523,936.3,238.4,28.7,11.8,1920,1080,0.016,950.6,244.3
Round3,Q4,939,939.0,CYBERCX,0.322,1676.1,608.2,53.6,40.5,1920,1080,0.105,1702.9,628.5
Round3,Q4,939,939.0,CYBERCX,0.3168,1040.0,231.1,30.1,12.6,1920,1080,0.018,1055.0,237.4
Round3,Q4,939,939.0,CYBERCX,0.3127,595.8,255.2,30.3,11.9,1920,1080,0.017,611.0,261.1
Round3,Q4,940,940.0,CYBERCX,0.8844,1535.3,527.4,61.9,30.2,1920,1080,0.09,1566.3,542.5
Round3,Q4,940,940.0,CYBERCX,0.8713,1606.0,537.2,64.1,32.1,1920,1080,0.099,1638.1,553.2
Round3,Q4,940,940.0,CYBERCX,0.8653,1470.0,517.4,59.3,29.2,1920,1080,0.084,1499.6,532.0
Round3,Q4,940,940.0,CYBERCX,0.8609,1177.1,486.0,50.3,21.8,1920,1080,0.053,1202.2,496.9
Round3,Q4,940,940.0,CYBERCX,0.8578,1233.1,491.0,51.7,22.7,1920,1080,0.057,1258.9,502.4
Round3,Q4,940,940.0,CYBERCX,0.8487,719.0,455.4,44.8,17.3,1920,1080,0.037,741.4,464.1
Round3,Q4,940,940.0,CYBERCX,0.8463,1408.5,510.9,54.1,25.9,1920,1080,0.067,1435.6,523.9
Round3,Q4,940,940.0,CYBERCX,0.8425,523.9,448.2,44.1,16.1,1920,1080,0.034,546.0,456.2
Round3,Q4,940,940.0,CYBERCX,0.8335,1124.1,481.2,46.9,21.8,1920,1080,0.049,1147.6,492.1
Round3,Q4,940,940.0,CYBERCX,0.8284,767.8,457.4,43.7,17.9,1920,1080,0.038,789.7,466.3
Round3,Q4,940,940.0,CYBERCX,0.8277,201.1,440.7,50.5,16.2,1920,1080,0.039,226.4,448.8
Round3,Q4,940,940.0,CYBERCX,0.8142,135.8,440.4,58.8,17.3,1920,1080,0.049,165.2,449.1
Round3,Q4,940,940.0,CYBERCX,0.8104,671.2,454.3,42.7,15.8,1920,1080,0.033,692.6,462.2
Round3,Q4,940,940.0,CYBERCX,0.8026,1347.2,503.9,54.3,24.5,1920,1080,0.064,1374.3,516.2
Round3,Q4,940,940.0,CYBERCX,0.8013,473.6,445.8,45.0,17.0,1920,1080,0.037,496.1,454.3
Round3,Q4,940,940.0,CYBERCX,0.7854,1646.0,372.4,50.4,22.3,1920,1080,0.054,1671.2,383.6
Round3,Q4,940,940.0,CYBERCX,0.7819,817.3,460.2,42.4,17.7,1920,1080,0.036,838.5,469.0
Round3,Q4,940,940.0,CYBERCX,0.7783,1683.0,546.7,64.3,38.5,1920,1080,0.119,1715.1,566.0
Round3,Q4,940,940.0,CYBERCX,0.7741,1071.0,476.3,47.3,21.5,1920,1080,0.049,1094.7,487.1
Round3,Q4,940,940.0,CYBERCX,0.7698,369.4,443.6,51.3,16.7,1920,1080,0.041,395.0,452.0
Round3,Q4,940,940.0,CYBERCX,0.7404,619.4,451.1,46.2,17.5,1920,1080,0.039,642.5,459.8
Round3,Q4,940,940.0,CYBERCX,0.7314,867.2,462.6,45.7,18.9,1920,1080,0.042,890.1,472.1
Round3,Q4,940,940.0,CYBERCX,0.7192,1593.8,372.1,45.8,21.9,1920,1080,0.048,1616.7,383.0
Round3,Q4,940,940.0,CYBERCX,0.7172,426.0,444.8,43.1,16.6,1920,1080,0.034,447.6,453.1
Round3,Q4,940,940.0,CYBERCX,0.713,1887.8,371.6,32.1,28.4,1920,1080,0.044,1903.9,385.8
Round3,Q4,940,940.0,CYBERCX,0.7121,1821.0,372.7,56.3,24.6,1920,1080,0.067,1849.1,385.0
Round3,Q4,940,940.0,CYBERCX,0.6828,1542.9,373.1,44.5,20.0,1920,1080,0.043,1565.1,383.1
Round3,Q4,940,940.0,CYBERCX,0.6792,314.6,442.9,48.8,16.5,1920,1080,0.039,339.0,451.2
Round3,Q4,940,940.0,CYBERCX,0.674,1395.1,372.1,42.4,19.5,1920,1080,0.04,1416.3,381.8
Round3,Q4,940,940.0,CYBERCX,0.6305,258.5,441.7,49.9,17.3,1920,1080,0.042,283.5,450.3
Round3,Q4,940,940.0,CYBERCX,0.6157,1489.2,372.6,46.5,20.4,1920,1080,0.046,1512.5,382.8
Round3,Q4,940,940.0,CYBERCX,0.6062,1442.5,373.2,41.0,17.9,1920,1080,0.035,1463.0,382.2
Round3,Q4,940,940.0,CYBERCX,0.5233,1760.6,373.2,50.7,22.8,1920,1080,0.056,1785.9,384.6
Round3,Q4,940,940.0,CYBERCX,0.4727,1703.8,373.1,49.7,22.3,1920,1080,0.053,1728.7,384.3
Round3,Q4,940,940.0,CYBERCX,0.4396,1347.0,371.8,41.7,17.7,1920,1080,0.036,1367.9,380.7
Round3,Q4,940,940.0,CYBERCX,0.4134,968.0,468.9,44.7,19.8,1920,1080,0.043,990.3,478.8
Round3,Q4,940,940.0,CYBERCX,0.3917,573.0,449.8,39.3,16.3,1920,1080,0.031,592.6,457.9
Round3,Q4,940,940.0,CYBERCX,0.3655,1301.0,371.7,39.4,17.2,1920,1080,0.033,1320.7,380.4
Round3,Q4,940,940.0,CYBERCX,0.365,1090.5,370.5,42.3,16.2,1920,1080,0.033,1111.7,378.6
Round3,Q4,940,940.0,CYBERCX,0.3517,1839.8,580.7,69.8,41.8,1920,1080,0.141,1874.6,601.6
Round3,Q4,941,941.0,CYBERCX,0.877,1643.3,471.9,53.1,23.7,1920,1080,0.061,1669.8,483.7
Round3,Q4,941,941.0,CYBERCX,0.8669,1704.4,478.7,53.1,26.0,1920,1080,0.067,1730.9,491.7
Round3,Q4,941,941.0,CYBERCX,0.8665,1768.7,487.2,60.0,28.1,1920,1080,0.081,1798.7,501.2
Round3,Q4,941,941.0,CYBERCX,0.861,1528.9,459.4,48.4,21.8,1920,1080,0.051,1553.1,470.3
Round3,Q4,941,941.0,CYBERCX,0.8538,1837.6,495.5,61.4,30.4,1920,1080,0.09,1868.3,510.8
Round3,Q4,941,941.0,CYBERCX,0.8511,1474.2,453.8,48.4,21.3,1920,1080,0.05,1498.3,464.5
Round3,Q4,941,941.0,CYBERCX,0.8474,1132.9,426.9,41.2,16.6,1920,1080,0.033,1153.5,435.2
Round3,Q4,941,941.0,CYBERCX,0.847,1042.3,422.0,40.1,16.5,1920,1080,0.032,1062.4,430.2
Round3,Q4,941,941.0,CYBERCX,0.8417,1372.4,444.4,44.3,19.8,1920,1080,0.042,1394.5,454.3
Round3,Q4,941,941.0,CYBERCX,0.8402,682.4,409.8,42.0,13.6,1920,1080,0.028,703.4,416.7
Round3,Q4,941,941.0,CYBERCX,0.8348,997.2,420.8,40.2,15.4,1920,1080,0.03,1017.3,428.5
Round3,Q4,941,941.0,CYBERCX,0.8322,1422.6,448.7,43.6,20.5,1920,1080,0.043,1444.4,459.0
Round3,Q4,941,941.0,CYBERCX,0.8315,822.2,412.8,39.7,15.0,1920,1080,0.029,842.1,420.3
Round3,Q4,941,941.0,CYBERCX,0.8259,1088.1,424.2,39.7,16.4,1920,1080,0.032,1108.0,432.5
Round3,Q4,941,941.0,CYBERCX,0.8185,867.2,414.4,37.9,14.6,1920,1080,0.027,886.1,421.7
Round3,Q4,941,941.0,CYBERCX,0.814,634.1,408.3,43.0,14.5,1920,1080,0.03,655.6,415.6
Round3,Q4,941,941.0,CYBERCX,0.8057,311.1,406.4,47.9,14.4,1920,1080,0.033,335.0,413.6
Round3,Q4,941,941.0,CYBERCX,0.7896,586.4,407.5,42.1,13.8,1920,1080,0.028,607.4,414.4
Round3,Q4,941,941.0,CYBERCX,0.7838,421.7,407.2,45.8,13.4,1920,1080,0.03,444.5,413.9
Round3,Q4,941,941.0,CYBERCX,0.7795,729.2,410.6,41.8,14.4,1920,1080,0.029,750.1,417.8
Round3,Q4,941,941.0,CYBERCX,0.7764,196.2,406.9,47.5,14.2,1920,1080,0.033,220.0,414.0
Round3,Q4,941,941.0,CYBERCX,0.7663,1746.0,345.7,42.0,17.9,1920,1080,0.036,1767.0,354.6
Round3,Q4,941,941.0,CYBERCX,0.7639,72.1,407.5,54.6,15.6,1920,1080,0.041,99.4,415.3
Round3,Q4,941,941.0,CYBERCX,0.7611,252.6,406.7,49.4,14.6,1920,1080,0.035,277.3,414.0
Round3,Q4,941,941.0,CYBERCX,0.7546,1696.3,345.3,42.9,18.3,1920,1080,0.038,1717.7,354.4
Round3,Q4,941,941.0,CYBERCX,0.7537,1180.1,429.3,39.2,17.6,1920,1080,0.033,1199.7,438.1
Round3,Q4,941,941.0,CYBERCX,0.7454,1646.6,345.0,42.5,18.0,1920,1080,0.037,1667.9,354.0
Round3,Q4,941,941.0,CYBERCX,0.7401,1852.3,345.8,47.1,19.5,1920,1080,0.044,1875.8,355.5
Round3,Q4,941,941.0,CYBERCX,0.7376,1510.8,345.1,38.3,16.1,1920,1080,0.03,1529.9,353.1
Round3,Q4,941,941.0,CYBERCX,0.7307,136.3,407.6,49.7,14.4,1920,1080,0.035,161.2,414.8
Round3,Q4,941,941.0,CYBERCX,0.7263,366.8,406.8,46.7,14.3,1920,1080,0.032,390.1,413.9
Round3,Q4,941,941.0,CYBERCX,0.7159,1796.3,345.5,45.6,19.1,1920,1080,0.042,1819.1,355.0
Round3,Q4,941,941.0,CYBERCX,0.7075,528.6,406.6,51.5,14.8,1920,1080,0.037,554.4,414.0
Round3,Q4,941,941.0,CYBERCX,0.696,1600.8,345.4,39.6,16.9,1920,1080,0.032,1620.6,353.9
Round3,Q4,941,941.0,CYBERCX,0.6929,1274.0,436.0,43.8,19.1,1920,1080,0.04,1295.9,445.6
Round3,Q4,941,941.0,CYBERCX,0.6889,954.2,417.6,37.4,15.9,1920,1080,0.029,972.8,425.5
Round3,Q4,941,941.0,CYBERCX,0.6818,1467.2,344.2,38.5,17.3,1920,1080,0.032,1486.5,352.8
Round3,Q4,941,941.0,CYBERCX,0.669,910.2,415.9,39.4,14.8,1920,1080,0.028,929.9,423.4
Round3,Q4,941,941.0,CYBERCX,0.6668,1908.3,342.2,11.6,23.3,1920,1080,0.013,1914.1,353.9
Round3,Q4,941,941.0,CYBERCX,0.6583,777.3,410.9,39.7,15.4,1920,1080,0.03,797.1,418.6
Round3,Q4,941,941.0,CYBERCX,0.6404,1394.6,343.7,40.0,16.5,1920,1080,0.032,1414.6,351.9
Round3,Q4,941,941.0,CYBERCX,0.6283,1555.8,345.4,38.6,16.9,1920,1080,0.031,1575.1,353.8
Round3,Q4,941,941.0,CYBERCX,0.5865,1323.0,439.5,42.7,19.7,1920,1080,0.041,1344.4,449.4
Round3,Q4,941,941.0,CYBERCX,0.5579,997.2,343.1,33.3,14.0,1920,1080,0.023,1013.8,350.1
Round3,Q4,941,941.0,CYBERCX,0.5512,9.5,407.4,54.5,15.4,1920,1080,0.04,36.7,415.1
Round3,Q4,941,941.0,CYBERCX,0.5417,1270.9,343.9,37.3,16.5,1920,1080,0.03,1289.5,352.1
Round3,Q4,941,941.0,CYBERCX,0.4485,1352.0,344.7,37.5,15.1,1920,1080,0.027,1370.7,352.2
Round3,Q4,941,941.0,CYBERCX,0.4474,1192.8,344.1,35.2,14.4,1920,1080,0.024,1210.4,351.3
Round3,Q4,941,941.0,CYBERCX,0.3879,1314.1,344.8,34.4,14.2,1920,1080,0.024,1331.2,351.9
Round3,Q4,941,941.0,CYBERCX,0.3649,1074.8,342.8,34.0,15.3,1920,1080,0.025,1091.7,350.4
Round3,Q4,941,941.0,CYBERCX,0.3377,1910.9,507.2,8.9,27.3,1920,1080,0.012,1915.3,520.9
Round3,Q4,942,942.0,CYBERCX,0.8833,1519.2,470.5,45.6,20.5,1920,1080,0.045,1542.0,480.7
Round3,Q4,942,942.0,CYBERCX,0.8744,1815.6,501.2,57.0,27.2,1920,1080,0.075,1844.2,514.8
Round3,Q4,942,942.0,CYBERCX,0.8725,1751.5,493.1,53.5,25.1,1920,1080,0.065,1778.3,505.7
Round3,Q4,942,942.0,CYBERCX,0.8594,1630.7,482.0,48.4,21.3,1920,1080,0.05,1654.9,492.6
Round3,Q4,942,942.0,CYBERCX,0.8571,1221.3,448.2,40.2,16.6,1920,1080,0.032,1241.4,456.5
Round3,Q4,942,942.0,CYBERCX,0.856,1572.0,475.3,48.6,21.8,1920,1080,0.051,1596.3,486.2
Round3,Q4,942,942.0,CYBERCX,0.8541,993.0,436.5,38.6,15.3,1920,1080,0.028,1012.3,444.1
Round3,Q4,942,942.0,CYBERCX,0.8527,1175.3,445.3,39.4,16.4,1920,1080,0.031,1195.0,453.6
Round3,Q4,942,942.0,CYBERCX,0.8452,949.7,434.5,38.1,15.4,1920,1080,0.028,968.8,442.2
Round3,Q4,942,942.0,CYBERCX,0.8443,1084.0,441.3,38.0,15.8,1920,1080,0.029,1103.0,449.2
Round3,Q4,942,942.0,CYBERCX,0.8434,764.5,429.8,40.9,14.0,1920,1080,0.028,785.0,436.8
Round3,Q4,942,942.0,CYBERCX,0.8394,1809.7,364.7,45.0,18.2,1920,1080,0.04,1832.2,373.8
Round3,Q4,942,942.0,CYBERCX,0.835,1128.5,443.8,39.6,15.6,1920,1080,0.03,1148.3,451.6
Round3,Q4,942,942.0,CYBERCX,0.8302,279.6,426.7,46.4,14.8,1920,1080,0.033,302.7,434.1
Round3,Q4,942,942.0,CYBERCX,0.8212,160.9,428.1,48.3,14.8,1920,1080,0.034,185.0,435.5
Round3,Q4,942,942.0,CYBERCX,0.8206,1269.3,451.4,40.2,17.4,1920,1080,0.034,1289.4,460.1
Round3,Q4,942,942.0,CYBERCX,0.813,221.1,427.1,48.2,15.0,1920,1080,0.035,245.2,434.6
Round3,Q4,942,942.0,CYBERCX,0.8128,1365.9,457.9,41.7,18.5,1920,1080,0.037,1386.7,467.1
Round3,Q4,942,942.0,CYBERCX,0.8104,502.7,427.0,43.7,13.4,1920,1080,0.028,524.6,433.6
Round3,Q4,942,942.0,CYBERCX,0.8079,1863.3,364.4,45.4,18.8,1920,1080,0.041,1886.0,373.8
Round3,Q4,942,942.0,CYBERCX,0.8071,667.3,428.1,41.0,13.9,1920,1080,0.028,687.8,435.1
Round3,Q4,942,942.0,CYBERCX,0.8054,1039.0,438.8,37.9,15.5,1920,1080,0.028,1058.0,446.6
Round3,Q4,942,942.0,CYBERCX,0.8046,1660.0,364.7,41.3,16.2,1920,1080,0.032,1680.7,372.8
Round3,Q4,942,942.0,CYBERCX,0.8044,1281.8,363.4,36.2,14.9,1920,1080,0.026,1299.9,370.8
Round3,Q4,942,942.0,CYBERCX,0.8023,813.8,431.1,38.5,13.7,1920,1080,0.026,833.1,438.0
Round3,Q4,942,942.0,CYBERCX,0.8011,1883.3,508.1,36.7,29.7,1920,1080,0.053,1901.6,523.0
Round3,Q4,942,942.0,CYBERCX,0.7956,1613.3,364.9,38.3,15.7,1920,1080,0.029,1632.4,372.8
Round3,Q4,942,942.0,CYBERCX,0.7952,1468.0,465.9,43.7,19.5,1920,1080,0.041,1489.8,475.7
Round3,Q4,942,942.0,CYBERCX,0.7934,337.0,427.3,44.1,13.6,1920,1080,0.029,359.0,434.1
Round3,Q4,942,942.0,CYBERCX,0.785,1756.3,365.1,43.6,17.6,1920,1080,0.037,1778.1,373.9
Round3,Q4,942,942.0,CYBERCX,0.7781,1448.3,364.6,35.6,14.6,1920,1080,0.025,1466.1,371.9
Round3,Q4,942,942.0,CYBERCX,0.7716,448.7,426.6,44.6,14.0,1920,1080,0.03,471.0,433.6
Round3,Q4,942,942.0,CYBERCX,0.7692,1709.1,364.9,38.4,16.8,1920,1080,0.031,1728.3,373.3
Round3,Q4,942,942.0,CYBERCX,0.7655,1407.2,364.9,35.1,13.7,1920,1080,0.023,1424.8,371.7
Round3,Q4,942,942.0,CYBERCX,0.7529,715.6,428.7,41.4,14.3,1920,1080,0.029,736.3,435.8
Round3,Q4,942,942.0,CYBERCX,0.7473,1241.7,363.4,34.8,14.3,1920,1080,0.024,1259.1,370.5
Round3,Q4,942,942.0,CYBERCX,0.7403,1490.8,364.5,38.5,15.8,1920,1080,0.029,1510.0,372.4
Round3,Q4,942,942.0,CYBERCX,0.737,392.8,426.8,45.6,13.5,1920,1080,0.03,415.6,433.6
Round3,Q4,942,942.0,CYBERCX,0.7266,1414.8,461.4,47.4,19.8,1920,1080,0.045,1438.5,471.2
Round3,Q4,942,942.0,CYBERCX,0.7227,615.6,361.8,32.1,11.9,1920,1080,0.018,631.7,367.7
Round3,Q4,942,942.0,CYBERCX,0.7217,1568.9,364.4,36.8,16.1,1920,1080,0.029,1587.3,372.5
Round3,Q4,942,942.0,CYBERCX,0.7199,904.7,433.7,38.1,13.7,1920,1080,0.025,923.8,440.5
Round3,Q4,942,942.0,CYBERCX,0.7167,735.6,362.3,30.9,12.1,1920,1080,0.018,751.1,368.4
Round3,Q4,942,942.0,CYBERCX,0.7014,1163.0,362.5,33.9,14.2,1920,1080,0.023,1180.0,369.6
Round3,Q4,942,942.0,CYBERCX,0.6839,612.2,427.5,44.6,13.9,1920,1080,0.03,634.5,434.4
Round3,Q4,942,942.0,CYBERCX,0.6804,1005.4,362.7,33.0,13.2,1920,1080,0.021,1021.9,369.3
Round3,Q4,942,942.0,CYBERCX,0.6634,0.0,429.6,22.4,14.2,1920,1080,0.015,11.2,436.7
Round3,Q4,942,942.0,CYBERCX,0.6617,813.4,362.4,31.6,11.7,1920,1080,0.018,829.2,368.2
Round3,Q4,942,942.0,CYBERCX,0.6607,693.7,361.7,34.9,12.5,1920,1080,0.021,711.1,368.0
Round3,Q4,942,942.0,CYBERCX,0.6606,967.6,363.0,31.4,13.0,1920,1080,0.02,983.3,369.5
Round3,Q4,942,942.0,CYBERCX,0.6198,773.2,362.3,32.9,12.2,1920,1080,0.019,789.6,368.4
Round3,Q4,942,942.0,CYBERCX,0.6073,862.1,432.1,35.7,14.7,1920,1080,0.025,880.0,439.5
Round3,Q4,942,942.0,CYBERCX,0.6031,1082.2,362.7,33.9,13.6,1920,1080,0.022,1099.1,369.5
Round3,Q4,942,942.0,CYBERCX,0.5975,1202.5,363.0,33.0,13.8,1920,1080,0.022,1219.0,369.9
Round3,Q4,942,942.0,CYBERCX,0.5667,1045.4,363.5,31.2,12.9,1920,1080,0.019,1061.0,369.9
Round3,Q4,942,942.0,CYBERCX,0.5562,850.6,362.6,31.8,12.7,1920,1080,0.02,866.5,368.9
Round3,Q4,942,942.0,CYBERCX,0.5492,0.0,361.5,24.7,11.8,1920,1080,0.014,12.3,367.4
Round3,Q4,942,942.0,CYBERCX,0.5378,654.9,362.0,33.5,12.9,1920,1080,0.021,671.7,368.4
Round3,Q4,942,942.0,CYBERCX,0.5346,1367.1,364.5,33.6,14.0,1920,1080,0.023,1383.9,371.5
Round3,Q4,942,942.0,CYBERCX,0.4914,361.9,362.0,35.8,12.5,1920,1080,0.022,379.8,368.3
Round3,Q4,942,942.0,CYBERCX,0.4713,888.3,362.4,32.7,13.1,1920,1080,0.021,904.7,369.0
Round3,Q4,942,942.0,CYBERCX,0.471,1817.7,189.1,35.6,15.2,1920,1080,0.026,1835.5,196.7
Round3,Q4,942,942.0,CYBERCX,0.4693,1488.4,223.4,29.4,11.7,1920,1080,0.017,1503.2,229.3
Round3,Q4,942,942.0,CYBERCX,0.4393,35.4,361.7,39.5,12.8,1920,1080,0.024,55.1,368.1
Round3,Q4,942,942.0,CYBERCX,0.4024,928.4,362.4,33.4,14.5,1920,1080,0.023,945.1,369.6
Round3,Q4,942,942.0,CYBERCX,0.3976,316.9,361.7,37.3,14.0,1920,1080,0.025,335.6,368.7
Round3,Q4,942,942.0,CYBERCX,0.3957,1324.1,364.2,32.4,14.2,1920,1080,0.022,1340.3,371.3
Round3,Q4,942,942.0,CYBERCX,0.3878,267.8,362.0,41.4,13.4,1920,1080,0.027,288.5,368.7
Round3,Q4,942,942.0,CYBERCX,0.3839,99.3,428.2,49.7,15.2,1920,1080,0.036,124.1,435.9
Round3,Q4,942,942.0,CYBERCX,0.3732,532.5,362.1,35.0,12.7,1920,1080,0.022,550.0,368.5
Round3,Q4,942,942.0,CYBERCX,0.3548,1860.6,183.7,34.5,15.4,1920,1080,0.026,1877.8,191.4
Round3,Q4,942,942.0,CYBERCX,0.3516,1699.3,204.8,32.0,13.0,1920,1080,0.02,1715.3,211.3
Round3,Q4,942,942.0,CYBERCX,0.3108,1316.6,453.9,32.6,17.3,1920,1080,0.027,1333.0,462.5
Round3,Q4,942,942.0,CYBERCX,0.3059,1902.6,178.9,17.4,15.4,1920,1080,0.013,1911.3,186.5
Round3,Q4,943,943.0,CYBERCX,0.8801,1832.5,505.1,60.6,26.2,1920,1080,0.077,1862.7,518.2
Round3,Q4,943,943.0,CYBERCX,0.875,1767.4,498.9,55.7,24.7,1920,1080,0.067,1795.3,511.3
Round3,Q4,943,943.0,CYBERCX,0.8647,1471.0,477.3,47.9,19.3,1920,1080,0.045,1495.0,487.0
Round3,Q4,943,943.0,CYBERCX,0.8641,1416.4,474.3,47.1,18.7,1920,1080,0.042,1439.9,483.6
Round3,Q4,943,943.0,CYBERCX,0.8605,1260.3,466.3,44.1,18.0,1920,1080,0.038,1282.4,475.3
Round3,Q4,943,943.0,CYBERCX,0.8488,1159.4,461.0,43.4,16.9,1920,1080,0.035,1181.0,469.5
Round3,Q4,943,943.0,CYBERCX,0.8472,1703.0,494.5,54.4,23.4,1920,1080,0.061,1730.2,506.2
Round3,Q4,943,943.0,CYBERCX,0.8362,1364.4,471.4,45.0,18.3,1920,1080,0.04,1386.9,480.5
Round3,Q4,943,943.0,CYBERCX,0.8318,1311.7,469.2,43.5,17.6,1920,1080,0.037,1333.4,478.1
Round3,Q4,943,943.0,CYBERCX,0.8304,903.0,452.3,45.2,16.0,1920,1080,0.035,925.6,460.3
Round3,Q4,943,943.0,CYBERCX,0.8241,374.1,448.3,49.4,15.0,1920,1080,0.036,398.8,455.9
Round3,Q4,943,943.0,CYBERCX,0.8214,616.8,449.0,46.1,14.0,1920,1080,0.031,639.8,456.0
Round3,Q4,943,943.0,CYBERCX,0.8175,1109.2,458.2,42.7,17.4,1920,1080,0.036,1130.5,466.9
Round3,Q4,943,943.0,CYBERCX,0.8089,435.5,448.7,49.2,14.4,1920,1080,0.034,460.1,456.0
Round3,Q4,943,943.0,CYBERCX,0.793,1001.4,379.2,35.9,13.4,1920,1080,0.023,1019.3,386.0
Round3,Q4,943,943.0,CYBERCX,0.7846,44.6,449.8,57.1,17.4,1920,1080,0.048,73.1,458.5
Round3,Q4,943,943.0,CYBERCX,0.7805,1061.2,457.3,40.3,15.5,1920,1080,0.03,1081.3,465.0
Round3,Q4,943,943.0,CYBERCX,0.7789,311.3,448.3,51.4,15.6,1920,1080,0.039,337.0,456.2
Round3,Q4,943,943.0,CYBERCX,0.7748,956.6,453.5,43.3,16.2,1920,1080,0.034,978.3,461.6
Round3,Q4,943,943.0,CYBERCX,0.7745,1009.5,454.9,44.6,16.6,1920,1080,0.036,1031.8,463.2
Round3,Q4,943,943.0,CYBERCX,0.7677,915.6,379.3,35.3,12.9,1920,1080,0.022,933.3,385.7
Round3,Q4,943,943.0,CYBERCX,0.7671,1210.7,463.5,42.5,17.7,1920,1080,0.036,1231.9,472.4
Round3,Q4,943,943.0,CYBERCX,0.7619,784.7,378.7,37.3,13.5,1920,1080,0.024,803.4,385.4
Round3,Q4,943,943.0,CYBERCX,0.7574,958.6,379.7,36.0,12.5,1920,1080,0.022,976.6,386.0
Round3,Q4,943,943.0,CYBERCX,0.7569,1131.2,378.9,36.0,14.2,1920,1080,0.025,1149.2,386.0
Round3,Q4,943,943.0,CYBERCX,0.7568,497.0,448.9,46.6,13.9,1920,1080,0.031,520.2,455.9
Round3,Q4,943,943.0,CYBERCX,0.7544,465.4,377.8,38.8,13.7,1920,1080,0.026,484.8,384.7
Round3,Q4,943,943.0,CYBERCX,0.7531,869.6,378.1,39.7,14.0,1920,1080,0.027,889.4,385.1
Round3,Q4,943,943.0,CYBERCX,0.7478,1173.7,378.7,37.5,14.5,1920,1080,0.026,1192.5,386.0
Round3,Q4,943,943.0,CYBERCX,0.7338,828.5,378.8,34.7,13.5,1920,1080,0.023,845.9,385.6
Round3,Q4,943,943.0,CYBERCX,0.731,1086.5,379.0,38.4,14.0,1920,1080,0.026,1105.7,386.0
Round3,Q4,943,943.0,CYBERCX,0.7295,1396.5,378.7,39.8,16.4,1920,1080,0.031,1416.4,386.9
Round3,Q4,943,943.0,CYBERCX,0.7293,847.5,451.6,45.6,15.0,1920,1080,0.033,870.2,459.1
Round3,Q4,943,943.0,CYBERCX,0.7276,248.2,449.4,50.7,14.6,1920,1080,0.036,273.5,456.7
Round3,Q4,943,943.0,CYBERCX,0.7225,1218.2,378.8,36.9,14.8,1920,1080,0.026,1236.7,386.2
Round3,Q4,943,943.0,CYBERCX,0.7171,1684.6,379.3,43.2,17.3,1920,1080,0.036,1706.2,387.9
Round3,Q4,943,943.0,CYBERCX,0.7128,7.9,376.6,45.5,13.5,1920,1080,0.029,30.7,383.3
Round3,Q4,943,943.0,CYBERCX,0.7049,0.0,451.9,31.0,14.7,1920,1080,0.022,15.6,459.3
Round3,Q4,943,943.0,CYBERCX,0.7025,368.5,378.7,39.0,13.3,1920,1080,0.025,388.0,385.4
Round3,Q4,943,943.0,CYBERCX,0.7009,1443.0,378.8,40.1,16.5,1920,1080,0.032,1463.0,387.1
Round3,Q4,943,943.0,CYBERCX,0.689,416.3,377.7,40.6,14.7,1920,1080,0.029,436.6,385.1
Round3,Q4,943,943.0,CYBERCX,0.674,1905.2,508.6,14.8,27.7,1920,1080,0.02,1912.6,522.4
Round3,Q4,943,943.0,CYBERCX,0.6614,796.0,451.1,43.0,14.2,1920,1080,0.029,817.5,458.2
Round3,Q4,943,943.0,CYBERCX,0.6588,1043.6,379.4,36.7,13.2,1920,1080,0.023,1062.0,386.0
Round3,Q4,943,943.0,CYBERCX,0.6573,1635.5,379.2,42.4,17.7,1920,1080,0.036,1656.7,388.0
Round3,Q4,943,943.0,CYBERCX,0.6541,1351.6,378.9,39.1,16.4,1920,1080,0.031,1371.1,387.1
Round3,Q4,943,943.0,CYBERCX,0.6419,741.9,377.8,35.8,14.2,1920,1080,0.024,759.8,384.8
Round3,Q4,943,943.0,CYBERCX,0.6274,741.3,450.3,46.1,13.7,1920,1080,0.03,764.4,457.1
Round3,Q4,943,943.0,CYBERCX,0.6254,512.4,378.0,38.5,15.0,1920,1080,0.028,531.6,385.5
Round3,Q4,943,943.0,CYBERCX,0.6249,266.2,377.7,44.1,13.7,1920,1080,0.029,288.2,384.5
Round3,Q4,943,943.0,CYBERCX,0.6235,319.3,378.3,39.6,13.7,1920,1080,0.026,339.1,385.1
Round3,Q4,943,943.0,CYBERCX,0.6103,557.9,448.5,50.1,14.3,1920,1080,0.035,582.9,455.7
Round3,Q4,943,943.0,CYBERCX,0.5703,651.3,379.1,37.3,12.9,1920,1080,0.023,669.9,385.5
Round3,Q4,943,943.0,CYBERCX,0.5464,1490.7,379.4,39.5,16.2,1920,1080,0.031,1510.4,387.6
Round3,Q4,943,943.0,CYBERCX,0.5129,1736.0,379.3,45.4,17.4,1920,1080,0.038,1758.7,387.9
Round3,Q4,943,943.0,CYBERCX,0.4627,183.3,449.8,45.6,15.7,1920,1080,0.034,206.1,457.7
Round3,Q4,943,943.0,CYBERCX,0.4379,1885.5,377.9,34.5,19.2,1920,1080,0.032,1902.7,387.5
Round3,Q4,943,943.0,CYBERCX,0.3895,606.1,378.9,35.6,13.4,1920,1080,0.023,623.9,385.6
Round3,Q4,943,943.0,CYBERCX,0.3712,1262.5,379.0,35.2,14.9,1920,1080,0.025,1280.1,386.5
Round3,Q4,943,943.0,CYBERCX,0.3412,114.8,449.3,54.2,17.4,1920,1080,0.045,141.9,458.0
Round3,Q4,944,944.0,CYBERCX,0.8723,1813.0,507.4,63.2,26.3,1920,1080,0.08,1844.6,520.5
Round3,Q4,944,944.0,CYBERCX,0.8587,991.7,457.7,44.5,16.5,1920,1080,0.035,1013.9,466.0
Round3,Q4,944,944.0,CYBERCX,0.8524,1430.6,479.5,50.7,20.2,1920,1080,0.049,1455.9,489.6
Round3,Q4,944,944.0,CYBERCX,0.8501,1744.3,501.4,59.8,25.6,1920,1080,0.074,1774.2,514.2
Round3,Q4,944,944.0,CYBERCX,0.848,372.8,448.3,56.1,16.9,1920,1080,0.046,400.8,456.8
Round3,Q4,944,944.0,CYBERCX,0.8445,1315.2,472.6,48.7,18.6,1920,1080,0.044,1339.5,481.9
Round3,Q4,944,944.0,CYBERCX,0.8443,1204.8,467.3,47.9,18.1,1920,1080,0.042,1228.8,476.4
Round3,Q4,944,944.0,CYBERCX,0.8425,1259.8,469.8,47.2,19.0,1920,1080,0.043,1283.4,479.2
Round3,Q4,944,944.0,CYBERCX,0.8347,702.2,450.4,50.9,17.4,1920,1080,0.043,727.6,459.1
Round3,Q4,944,944.0,CYBERCX,0.8334,1372.2,475.8,49.2,18.6,1920,1080,0.044,1396.8,485.1
Round3,Q4,944,944.0,CYBERCX,0.8272,1043.8,459.3,45.5,17.7,1920,1080,0.039,1066.6,468.2
Round3,Q4,944,944.0,CYBERCX,0.813,761.9,451.7,46.4,16.2,1920,1080,0.036,785.1,459.8
Round3,Q4,944,944.0,CYBERCX,0.8035,305.3,448.5,56.6,15.6,1920,1080,0.043,333.6,456.3
Round3,Q4,944,944.0,CYBERCX,0.8031,506.1,449.1,51.6,16.0,1920,1080,0.04,532.0,457.1
Round3,Q4,944,944.0,CYBERCX,0.7937,877.1,454.1,48.6,17.1,1920,1080,0.04,901.4,462.6
Round3,Q4,944,944.0,CYBERCX,0.7912,1096.3,462.4,46.9,16.8,1920,1080,0.038,1119.8,470.8
Round3,Q4,944,944.0,CYBERCX,0.7655,1660.8,373.8,44.3,17.3,1920,1080,0.037,1682.9,382.4
Round3,Q4,944,944.0,CYBERCX,0.7546,1888.8,512.1,31.2,28.0,1920,1080,0.042,1904.4,526.1
Round3,Q4,944,944.0,CYBERCX,0.7534,821.6,452.7,47.6,16.7,1920,1080,0.038,845.3,461.1
Round3,Q4,944,944.0,CYBERCX,0.7453,439.0,448.9,51.7,16.0,1920,1080,0.04,464.9,456.9
Round3,Q4,944,944.0,CYBERCX,0.7365,93.3,449.1,59.5,17.1,1920,1080,0.049,123.0,457.7
Round3,Q4,944,944.0,CYBERCX,0.7342,1150.6,463.9,46.4,19.2,1920,1080,0.043,1173.9,473.5
Round3,Q4,944,944.0,CYBERCX,0.7301,166.6,448.7,63.5,17.2,1920,1080,0.053,198.3,457.3
Round3,Q4,944,944.0,CYBERCX,0.7263,1401.9,374.2,41.4,15.6,1920,1080,0.031,1422.6,382.0
Round3,Q4,944,944.0,CYBERCX,0.7132,1713.9,373.5,47.8,18.5,1920,1080,0.043,1737.9,382.8
Round3,Q4,944,944.0,CYBERCX,0.7024,741.0,373.1,39.7,14.2,1920,1080,0.027,760.8,380.2
Round3,Q4,944,944.0,CYBERCX,0.687,1606.6,373.9,46.2,17.3,1920,1080,0.038,1629.6,382.5
Round3,Q4,944,944.0,CYBERCX,0.6771,1451.1,374.1,44.9,16.3,1920,1080,0.035,1473.6,382.2
Round3,Q4,944,944.0,CYBERCX,0.6736,567.9,449.4,54.8,17.0,1920,1080,0.045,595.3,457.9
Round3,Q4,944,944.0,CYBERCX,0.6589,16.7,449.4,62.4,17.8,1920,1080,0.054,47.9,458.3
Round3,Q4,944,944.0,CYBERCX,0.6448,933.7,455.4,55.3,17.9,1920,1080,0.048,961.3,464.3
Round3,Q4,944,944.0,CYBERCX,0.6402,692.1,372.4,41.0,15.2,1920,1080,0.03,712.6,380.0
Round3,Q4,944,944.0,CYBERCX,0.6342,1160.8,373.7,40.1,14.8,1920,1080,0.029,1180.8,381.2
Round3,Q4,944,944.0,CYBERCX,0.6297,1114.2,372.7,38.1,15.6,1920,1080,0.029,1133.3,380.5
Round3,Q4,944,944.0,CYBERCX,0.6297,1503.0,374.6,41.5,15.7,1920,1080,0.031,1523.7,382.4
Round3,Q4,944,944.0,CYBERCX,0.6143,1208.6,373.7,39.0,15.2,1920,1080,0.029,1228.1,381.3
Round3,Q4,944,944.0,CYBERCX,0.5857,1352.7,374.7,41.0,15.0,1920,1080,0.03,1373.2,382.2
Round3,Q4,944,944.0,CYBERCX,0.539,928.1,373.8,38.0,13.8,1920,1080,0.025,947.1,380.7
Round3,Q4,944,944.0,CYBERCX,0.5203,233.0,370.4,46.9,15.8,1920,1080,0.036,256.5,378.3
Round3,Q4,944,944.0,CYBERCX,0.4456,243.4,448.5,50.3,16.0,1920,1080,0.039,268.6,456.5
Round3,Q4,944,944.0,CYBERCX,0.3989,974.1,373.6,37.3,13.6,1920,1080,0.025,992.8,380.5
Round3,Q4,944,944.0,CYBERCX,0.3964,789.0,373.1,37.6,13.8,1920,1080,0.025,807.8,380.0
Round3,Q4,944,944.0,CYBERCX,0.3332,881.8,373.9,39.5,13.5,1920,1080,0.026,901.6,380.7
Round3,Q4,945,945.0,CYBERCX,0.8921,1583.3,501.6,60.5,28.2,1920,1080,0.082,1613.6,515.7
Round3,Q4,945,945.0,CYBERCX,0.8735,1654.4,508.9,63.3,28.0,1920,1080,0.085,1686.0,522.8
Round3,Q4,945,945.0,CYBERCX,0.867,967.2,463.3,50.5,19.3,1920,1080,0.047,992.4,473.0
Round3,Q4,945,945.0,CYBERCX,0.8625,1516.0,497.2,58.4,25.0,1920,1080,0.07,1545.2,509.7
Round3,Q4,945,945.0,CYBERCX,0.8592,1082.5,468.1,51.3,20.1,1920,1080,0.05,1108.2,478.2
Round3,Q4,945,945.0,CYBERCX,0.8528,126.5,445.5,63.0,18.5,1920,1080,0.056,158.0,454.7
Round3,Q4,945,945.0,CYBERCX,0.8488,1728.1,516.2,67.1,28.5,1920,1080,0.092,1761.6,530.4
Round3,Q4,945,945.0,CYBERCX,0.8392,796.5,455.8,49.5,18.5,1920,1080,0.044,821.2,465.1
Round3,Q4,945,945.0,CYBERCX,0.8362,491.7,448.3,53.1,18.3,1920,1080,0.047,518.2,457.4
Round3,Q4,945,945.0,CYBERCX,0.8333,1024.7,466.2,49.5,19.4,1920,1080,0.046,1049.5,475.9
Round3,Q4,945,945.0,CYBERCX,0.8321,424.5,447.5,57.2,18.2,1920,1080,0.05,453.1,456.6
Round3,Q4,945,945.0,CYBERCX,0.8293,1201.1,475.1,50.5,21.0,1920,1080,0.051,1226.4,485.5
Round3,Q4,945,945.0,CYBERCX,0.8261,46.7,444.7,66.9,18.5,1920,1080,0.06,80.2,454.0
Round3,Q4,945,945.0,CYBERCX,0.8215,1141.3,471.4,49.3,19.8,1920,1080,0.047,1166.0,481.3
Round3,Q4,945,945.0,CYBERCX,0.7873,853.1,458.2,48.1,18.5,1920,1080,0.043,877.1,467.5
Round3,Q4,945,945.0,CYBERCX,0.7826,1760.9,364.3,52.3,21.3,1920,1080,0.054,1787.1,375.0
Round3,Q4,945,945.0,CYBERCX,0.7808,1887.6,363.5,32.4,22.7,1920,1080,0.035,1903.7,374.8
Round3,Q4,945,945.0,CYBERCX,0.7782,1822.7,363.8,54.3,21.8,1920,1080,0.057,1849.9,374.7
Round3,Q4,945,945.0,CYBERCX,0.7741,738.6,454.3,50.7,17.5,1920,1080,0.043,764.0,463.1
Round3,Q4,945,945.0,CYBERCX,0.772,1888.9,531.3,31.1,34.0,1920,1080,0.051,1904.4,548.3
Round3,Q4,945,945.0,CYBERCX,0.7494,1434.1,365.6,44.8,18.3,1920,1080,0.04,1456.5,374.8
Round3,Q4,945,945.0,CYBERCX,0.7296,616.5,450.5,52.2,18.1,1920,1080,0.046,642.6,459.6
Round3,Q4,945,945.0,CYBERCX,0.7272,1223.6,365.2,45.5,18.1,1920,1080,0.04,1246.4,374.2
Round3,Q4,945,945.0,CYBERCX,0.7145,676.9,452.3,55.4,18.5,1920,1080,0.049,704.6,461.6
Round3,Q4,945,945.0,CYBERCX,0.7,1276.4,365.8,43.0,17.1,1920,1080,0.035,1297.8,374.4
Round3,Q4,945,945.0,CYBERCX,0.6983,1697.7,365.4,53.6,20.2,1920,1080,0.052,1724.4,375.5
Round3,Q4,945,945.0,CYBERCX,0.6942,1486.9,366.2,47.0,17.7,1920,1080,0.04,1510.4,375.1
Round3,Q4,945,945.0,CYBERCX,0.6822,203.1,447.0,57.6,16.3,1920,1080,0.045,231.9,455.1
Round3,Q4,945,945.0,CYBERCX,0.6593,553.3,448.9,53.1,18.7,1920,1080,0.048,579.8,458.3
Round3,Q4,945,945.0,CYBERCX,0.6106,276.1,447.1,57.4,17.1,1920,1080,0.047,304.8,455.6
Round3,Q4,945,945.0,CYBERCX,0.6091,1261.9,478.7,52.7,21.9,1920,1080,0.056,1288.2,489.7
Round3,Q4,945,945.0,CYBERCX,0.6089,0.0,445.4,34.7,16.7,1920,1080,0.028,17.4,453.7
Round3,Q4,945,945.0,CYBERCX,0.5992,870.3,364.3,43.0,16.5,1920,1080,0.034,891.8,372.5
Round3,Q4,945,945.0,CYBERCX,0.5916,1639.0,365.8,49.1,18.9,1920,1080,0.045,1663.6,375.3
Round3,Q4,945,945.0,CYBERCX,0.5874,910.7,461.1,48.5,19.2,1920,1080,0.045,934.9,470.7
Round3,Q4,945,945.0,CYBERCX,0.5858,1171.9,365.8,44.9,17.9,1920,1080,0.039,1194.4,374.7
Round3,Q4,945,945.0,CYBERCX,0.565,972.2,365.2,41.8,16.2,1920,1080,0.033,993.1,373.3
Round3,Q4,945,945.0,CYBERCX,0.565,1378.4,365.8,48.2,18.4,1920,1080,0.043,1402.5,375.1
Round3,Q4,945,945.0,CYBERCX,0.5416,1385.7,485.7,55.3,25.1,1920,1080,0.067,1413.4,498.2
Round3,Q4,945,945.0,CYBERCX,0.5357,722.5,364.4,42.6,14.7,1920,1080,0.03,743.8,371.7
Round3,Q4,945,945.0,CYBERCX,0.4705,1122.2,365.6,42.6,16.3,1920,1080,0.034,1143.5,373.8
Round3,Q4,945,945.0,CYBERCX,0.406,772.7,364.3,42.5,15.2,1920,1080,0.031,794.0,371.9
Round3,Q4,945,945.0,CYBERCX,0.4033,921.8,365.7,42.3,15.4,1920,1080,0.031,942.9,373.4
Round3,Q4,946,946.0,CYBERCX,0.8894,1293.0,514.7,66.0,29.5,1920,1080,0.094,1326.0,529.5
Round3,Q4,946,946.0,CYBERCX,0.8685,1147.9,502.8,63.0,27.5,1920,1080,0.084,1179.4,516.5
Round3,Q4,946,946.0,CYBERCX,0.8678,1220.1,508.3,63.1,29.1,1920,1080,0.089,1251.7,522.8
Round3,Q4,946,946.0,CYBERCX,0.8652,1696.7,558.1,81.5,39.1,1920,1080,0.154,1737.5,577.7
Round3,Q4,946,946.0,CYBERCX,0.8649,1610.7,548.4,73.1,35.6,1920,1080,0.125,1647.2,566.2
Round3,Q4,946,946.0,CYBERCX,0.8638,741.4,476.4,58.8,23.4,1920,1080,0.067,770.9,488.1
Round3,Q4,946,946.0,CYBERCX,0.8621,610.9,471.9,56.9,22.4,1920,1080,0.062,639.3,483.1
Round3,Q4,946,946.0,CYBERCX,0.8597,1790.2,570.5,84.7,42.7,1920,1080,0.174,1832.5,591.9
Round3,Q4,946,946.0,CYBERCX,0.8595,1368.4,521.2,66.5,31.3,1920,1080,0.1,1401.7,536.8
Round3,Q4,946,946.0,CYBERCX,0.8574,675.8,474.1,59.4,22.9,1920,1080,0.066,705.5,485.5
Round3,Q4,946,946.0,CYBERCX,0.8511,1525.5,537.7,73.7,34.9,1920,1080,0.124,1562.4,555.2
Round3,Q4,946,946.0,CYBERCX,0.8494,412.4,463.0,58.7,21.9,1920,1080,0.062,441.8,473.9
Round3,Q4,946,946.0,CYBERCX,0.8376,345.1,460.8,58.9,20.8,1920,1080,0.059,374.6,471.2
Round3,Q4,946,946.0,CYBERCX,0.8352,544.0,468.7,59.4,22.1,1920,1080,0.063,573.7,479.7
Round3,Q4,946,946.0,CYBERCX,0.8027,124.9,456.1,64.5,20.8,1920,1080,0.065,157.2,466.5
Round3,Q4,946,946.0,CYBERCX,0.8025,278.5,458.6,58.2,21.6,1920,1080,0.061,307.6,469.4
Round3,Q4,946,946.0,CYBERCX,0.7978,200.7,456.4,69.2,22.2,1920,1080,0.074,235.3,467.5
Round3,Q4,946,946.0,CYBERCX,0.7887,807.8,480.7,56.2,22.8,1920,1080,0.062,835.9,492.0
Round3,Q4,946,946.0,CYBERCX,0.7882,1802.3,359.0,63.2,27.1,1920,1080,0.083,1833.9,372.6
Round3,Q4,946,946.0,CYBERCX,0.7737,1010.4,492.6,61.9,25.3,1920,1080,0.076,1041.3,505.3
Round3,Q4,946,946.0,CYBERCX,0.7735,1876.2,357.5,43.7,29.4,1920,1080,0.062,1898.1,372.2
Round3,Q4,946,946.0,CYBERCX,0.7418,1660.1,360.9,56.8,23.2,1920,1080,0.063,1688.5,372.5
Round3,Q4,946,946.0,CYBERCX,0.7336,478.8,466.3,53.7,20.7,1920,1080,0.054,505.6,476.7
Round3,Q4,946,946.0,CYBERCX,0.7318,1727.8,359.7,62.7,25.9,1920,1080,0.078,1759.1,372.7
Round3,Q4,946,946.0,CYBERCX,0.7156,1893.4,581.9,26.6,46.8,1920,1080,0.06,1906.7,605.3
Round3,Q4,946,946.0,CYBERCX,0.7151,1525.8,359.6,57.6,24.3,1920,1080,0.068,1554.6,371.8
Round3,Q4,946,946.0,CYBERCX,0.6594,1593.2,359.7,58.1,24.8,1920,1080,0.069,1622.3,372.1
Round3,Q4,946,946.0,CYBERCX,0.6527,1277.3,360.5,52.6,21.2,1920,1080,0.054,1303.6,371.1
Round3,Q4,946,946.0,CYBERCX,0.6404,1079.6,496.1,59.7,29.5,1920,1080,0.085,1109.4,510.8
Round3,Q4,946,946.0,CYBERCX,0.6305,1337.7,360.8,53.5,21.2,1920,1080,0.055,1364.5,371.4
Round3,Q4,946,946.0,CYBERCX,0.6129,0.0,453.3,34.1,20.2,1920,1080,0.033,17.0,463.4
Round3,Q4,946,946.0,CYBERCX,0.612,1119.1,360.2,50.9,20.9,1920,1080,0.051,1144.6,370.7
Round3,Q4,946,946.0,CYBERCX,0.58,1462.6,360.7,54.2,22.3,1920,1080,0.058,1489.7,371.9
Round3,Q4,946,946.0,CYBERCX,0.5139,43.7,453.4,70.9,22.3,1920,1080,0.076,79.2,464.5
Round3,Q4,946,946.0,CYBERCX,0.4854,1178.2,359.7,53.5,21.7,1920,1080,0.056,1205.0,370.6
Round3,Q4,946,946.0,CYBERCX,0.4808,1062.5,360.5,49.2,19.4,1920,1080,0.046,1087.1,370.2
Round3,Q4,946,946.0,CYBERCX,0.4807,1401.3,360.8,54.2,21.1,1920,1080,0.055,1428.4,371.4
Round3,Q4,946,946.0,CYBERCX,0.4181,1004.7,361.0,50.2,19.9,1920,1080,0.048,1029.8,370.9
Round3,Q4,946,946.0,CYBERCX,0.335,833.8,359.5,50.4,17.5,1920,1080,0.043,859.0,368.3
Round3,Q4,947,947.0,CYBERCX,0.8882,115.3,459.4,66.0,24.3,1920,1080,0.077,148.3,471.6
Round3,Q4,947,947.0,CYBERCX,0.8844,1188.0,521.7,69.5,32.5,1920,1080,0.109,1222.8,537.9
Round3,Q4,947,947.0,CYBERCX,0.8839,571.2,478.1,64.5,26.2,1920,1080,0.081,603.4,491.2
Round3,Q4,947,947.0,CYBERCX,0.88,949.5,501.4,66.3,29.9,1920,1080,0.096,982.7,516.4
Round3,Q4,947,947.0,CYBERCX,0.8789,34.3,456.8,68.7,24.3,1920,1080,0.08,68.6,469.0
Round3,Q4,947,947.0,CYBERCX,0.8757,420.4,471.1,66.0,25.7,1920,1080,0.082,453.4,483.9
Round3,Q4,947,947.0,CYBERCX,0.873,1803.0,345.0,71.9,31.9,1920,1080,0.111,1838.9,361.0
Round3,Q4,947,947.0,CYBERCX,0.8706,1104.6,515.0,72.5,30.9,1920,1080,0.108,1140.9,530.5
Round3,Q4,947,947.0,CYBERCX,0.87,347.0,469.2,63.7,24.6,1920,1080,0.076,378.9,481.5
Round3,Q4,947,947.0,CYBERCX,0.8689,1635.9,571.5,83.4,45.0,1920,1080,0.181,1677.6,594.0
Round3,Q4,947,947.0,CYBERCX,0.8682,497.9,474.4,62.9,25.8,1920,1080,0.078,529.3,487.4
Round3,Q4,947,947.0,CYBERCX,0.8673,1027.2,507.8,65.9,30.6,1920,1080,0.097,1060.2,523.2
Round3,Q4,947,947.0,CYBERCX,0.8673,1725.6,345.4,64.8,30.1,1920,1080,0.094,1758.0,360.5
Round3,Q4,947,947.0,CYBERCX,0.866,1571.8,346.8,63.0,27.7,1920,1080,0.084,1603.3,360.7
Round3,Q4,947,947.0,CYBERCX,0.8597,1648.9,346.6,64.4,28.5,1920,1080,0.088,1681.1,360.9
Round3,Q4,947,947.0,CYBERCX,0.8559,193.1,462.2,63.9,24.0,1920,1080,0.074,225.1,474.2
Round3,Q4,947,947.0,CYBERCX,0.854,1538.8,560.4,78.9,38.8,1920,1080,0.148,1578.3,579.8
Round3,Q4,947,947.0,CYBERCX,0.8532,270.7,464.6,62.6,24.6,1920,1080,0.074,302.0,477.0
Round3,Q4,947,947.0,CYBERCX,0.853,1357.0,539.0,74.5,35.6,1920,1080,0.128,1394.2,556.8
Round3,Q4,947,947.0,CYBERCX,0.8485,1446.7,547.7,73.4,38.7,1920,1080,0.137,1483.4,567.1
Round3,Q4,947,947.0,CYBERCX,0.8472,1500.8,346.9,58.5,25.7,1920,1080,0.072,1530.1,359.7
Round3,Q4,947,947.0,CYBERCX,0.8433,1739.8,585.3,91.4,47.4,1920,1080,0.209,1785.5,609.0
Round3,Q4,947,947.0,CYBERCX,0.8382,1357.5,346.2,59.6,25.9,1920,1080,0.074,1387.2,359.2
Round3,Q4,947,947.0,CYBERCX,0.8337,1093.2,346.6,53.0,23.3,1920,1080,0.06,1119.7,358.3
Round3,Q4,947,947.0,CYBERCX,0.8287,791.1,346.0,55.7,22.0,1920,1080,0.059,818.9,357.0
Round3,Q4,947,947.0,CYBERCX,0.826,1156.3,346.6,56.3,23.2,1920,1080,0.063,1184.5,358.2
Round3,Q4,947,947.0,CYBERCX,0.8211,1891.4,342.9,28.6,35.3,1920,1080,0.049,1905.7,360.6
Round3,Q4,947,947.0,CYBERCX,0.8138,1428.7,346.8,60.5,26.3,1920,1080,0.077,1458.9,360.0
Round3,Q4,947,947.0,CYBERCX,0.8137,981.1,345.2,57.1,23.5,1920,1080,0.065,1009.6,357.0
Round3,Q4,947,947.0,CYBERCX,0.8132,1718.3,51.4,49.5,20.7,1920,1080,0.049,1743.1,61.8
Round3,Q4,947,947.0,CYBERCX,0.8088,473.7,343.9,53.6,20.0,1920,1080,0.052,500.5,353.9
Round3,Q4,947,947.0,CYBERCX,0.8065,1223.8,347.5,57.2,23.2,1920,1080,0.064,1252.4,359.1
Round3,Q4,947,947.0,CYBERCX,0.8023,1292.9,347.2,54.3,24.1,1920,1080,0.063,1320.0,359.2
Round3,Q4,947,947.0,CYBERCX,0.7955,141.3,340.7,55.5,19.8,1920,1080,0.053,169.0,350.6
Round3,Q4,947,947.0,CYBERCX,0.7949,1778.4,40.7,52.3,22.6,1920,1080,0.057,1804.5,52.0
Round3,Q4,947,947.0,CYBERCX,0.7859,665.2,344.6,53.1,21.2,1920,1080,0.054,691.7,355.3
Round3,Q4,947,947.0,CYBERCX,0.7794,856.5,346.5,51.4,20.8,1920,1080,0.052,882.3,356.9
Round3,Q4,947,947.0,CYBERCX,0.7793,1656.4,60.1,51.2,20.4,1920,1080,0.05,1682.0,70.3
Round3,Q4,947,947.0,CYBERCX,0.7791,1484.9,83.5,45.4,19.0,1920,1080,0.041,1507.6,93.0
Round3,Q4,947,947.0,CYBERCX,0.7762,797.4,491.5,64.1,27.2,1920,1080,0.084,829.5,505.1
Round3,Q4,947,947.0,CYBERCX,0.7731,600.0,344.6,54.6,20.3,1920,1080,0.053,627.3,354.8
Round3,Q4,947,947.0,CYBERCX,0.7662,1842.2,30.2,57.8,22.9,1920,1080,0.064,1871.0,41.6
Round3,Q4,947,947.0,CYBERCX,0.7626,342.7,342.2,54.2,20.4,1920,1080,0.053,369.8,352.4
Round3,Q4,947,947.0,CYBERCX,0.7594,1431.9,89.1,45.6,19.5,1920,1080,0.043,1454.7,98.8
Round3,Q4,947,947.0,CYBERCX,0.7578,920.7,133.4,41.3,16.1,1920,1080,0.032,941.4,141.4
Round3,Q4,947,947.0,CYBERCX,0.7549,537.4,344.4,51.2,19.6,1920,1080,0.049,563.0,354.2
Round3,Q4,947,947.0,CYBERCX,0.7544,875.0,495.0,59.8,29.3,1920,1080,0.084,904.9,509.6
Round3,Q4,947,947.0,CYBERCX,0.7371,1168.8,115.9,44.1,16.4,1920,1080,0.035,1190.8,124.1
Round3,Q4,947,947.0,CYBERCX,0.7233,1118.1,120.2,41.9,16.8,1920,1080,0.034,1139.0,128.5
Round3,Q4,947,947.0,CYBERCX,0.7151,278.7,342.4,54.7,20.3,1920,1080,0.054,306.1,352.6
Round3,Q4,947,947.0,CYBERCX,0.7068,918.3,346.7,52.6,21.1,1920,1080,0.053,944.5,357.2
Round3,Q4,947,947.0,CYBERCX,0.6978,1540.0,76.6,46.0,19.1,1920,1080,0.042,1563.0,86.2
Round3,Q4,947,947.0,CYBERCX,0.6851,1375.8,96.2,45.5,18.4,1920,1080,0.04,1398.5,105.5
Round3,Q4,947,947.0,CYBERCX,0.684,1221.3,112.0,42.5,17.4,1920,1080,0.036,1242.5,120.8
Round3,Q4,947,947.0,CYBERCX,0.6801,0.0,456.3,21.7,21.8,1920,1080,0.023,10.9,467.2
Round3,Q4,947,947.0,CYBERCX,0.6737,874.1,135.8,39.2,16.3,1920,1080,0.031,893.7,143.9
Round3,Q4,947,947.0,CYBERCX,0.6733,970.0,130.3,43.2,16.3,1920,1080,0.034,991.6,138.4
Round3,Q4,947,947.0,CYBERCX,0.67,1594.4,68.4,51.7,20.6,1920,1080,0.051,1620.3,78.7
Round3,Q4,947,947.0,CYBERCX,0.669,1271.5,106.9,42.1,18.7,1920,1080,0.038,1292.5,116.3
Round3,Q4,947,947.0,CYBERCX,0.641,1.5,338.0,57.7,18.9,1920,1080,0.052,30.3,347.5
Round3,Q4,947,947.0,CYBERCX,0.6342,72.4,339.0,57.2,19.6,1920,1080,0.054,101.0,348.8
Round3,Q4,947,947.0,CYBERCX,0.6278,1320.6,102.2,45.7,18.0,1920,1080,0.04,1343.5,111.2
Round3,Q4,947,947.0,CYBERCX,0.6263,1020.7,127.5,39.9,16.5,1920,1080,0.032,1040.6,135.7
Round3,Q4,947,947.0,CYBERCX,0.6131,209.7,341.5,53.7,19.1,1920,1080,0.049,236.6,351.1
Round3,Q4,947,947.0,CYBERCX,0.5506,646.9,482.1,57.1,25.9,1920,1080,0.071,675.5,495.0
Round3,Q4,947,947.0,CYBERCX,0.5434,1068.5,124.0,41.9,15.7,1920,1080,0.032,1089.4,131.8
Round3,Q4,947,947.0,CYBERCX,0.5101,824.5,138.5,41.5,16.7,1920,1080,0.033,845.2,146.9
Round3,Q4,947,947.0,CYBERCX,0.5092,632.5,148.1,40.9,15.6,1920,1080,0.031,653.0,155.9
Round3,Q4,947,947.0,CYBERCX,0.5038,390.6,154.5,42.5,14.8,1920,1080,0.03,411.8,161.9
Round3,Q4,947,947.0,CYBERCX,0.5033,1858.4,603.1,61.4,52.6,1920,1080,0.156,1889.1,629.4
Round3,Q4,947,947.0,CYBERCX,0.486,679.5,146.0,41.0,15.9,1920,1080,0.031,700.0,153.9
Round3,Q4,947,947.0,CYBERCX,0.4451,409.1,342.8,53.9,21.6,1920,1080,0.056,436.1,353.6
Round3,Q4,947,947.0,CYBERCX,0.4402,438.9,153.2,41.7,14.8,1920,1080,0.03,459.8,160.6
Round3,Q4,947,947.0,CYBERCX,0.3142,584.4,149.0,41.3,16.4,1920,1080,0.033,605.0,157.2
Round3,Q4,948,948.0,CYBERCX,0.8028,957.2,59.8,401.7,199.9,1920,1080,3.872,1158.1,159.7
Round3,Q4,948,948.0,EMIRATES,0.4469,1287.4,402.4,31.8,14.0,1920,1080,0.021,1303.3,409.4
Round3,Q4,948,948.0,CYBERCX,0.3106,0.0,27.2,438.7,207.7,1920,1080,4.393,219.3,131.1
Round3,Q4,949,949.0,EMIRATES,0.8504,1702.0,349.4,49.0,17.5,1920,1080,0.041,1726.5,358.1
Round3,Q4,950,950.0,EMIRATES,0.8573,1272.8,235.3,52.9,16.8,1920,1080,0.043,1299.3,243.7
Round3,Q4,950,950.0,EMIRATES,0.8504,938.7,179.4,56.5,18.5,1920,1080,0.05,966.9,188.6
Round3,Q4,954,954.0,EMIRATES,0.8966,770.4,319.8,39.6,14.6,1920,1080,0.028,790.2,327.2
Round3,Q4,954,954.0,EMIRATES,0.8362,756.2,177.8,43.0,16.4,1920,1080,0.034,777.7,186.0
Round3,Q4,957,957.0,EMIRATES,0.8701,143.9,868.2,68.8,22.4,1920,1080,0.074,178.3,879.3
Round3,Q4,957,957.0,EMIRATES,0.8213,952.9,306.7,27.1,23.4,1920,1080,0.031,966.4,318.4
Round3,Q4,958,958.0,EMIRATES,0.862,513.5,875.6,77.3,20.9,1920,1080,0.078,552.1,886.1
Round3,Q4,958,958.0,EMIRATES,0.7659,750.0,246.0,23.2,17.3,1920,1080,0.019,761.6,254.7
Round3,Q4,960,960.0,EMIRATES,0.3499,1908.7,558.3,11.1,53.8,1920,1080,0.029,1914.2,585.2
Round3,Q4,961,961.0,EMIRATES,0.701,1784.4,495.0,12.4,51.4,1920,1080,0.031,1790.6,520.7
Round3,Q4,961,961.0,EMIRATES,0.6261,1782.3,551.5,11.7,58.9,1920,1080,0.033,1788.2,581.0
Round3,Q4,962,962.0,EMIRATES,0.6831,1676.2,565.2,11.1,53.4,1920,1080,0.029,1681.8,591.9
Round3,Q4,962,962.0,EMIRATES,0.6034,1677.7,514.7,11.7,43.1,1920,1080,0.024,1683.5,536.3
Round3,Q4,962,962.0,EMIRATES,0.5841,1854.6,589.8,12.2,56.5,1920,1080,0.033,1860.7,618.1
Round3,Q4,962,962.0,EMIRATES,0.4882,1856.3,537.3,13.2,45.7,1920,1080,0.029,1862.9,560.1
Round3,Q4,963,963.0,EMIRATES,0.607,1747.4,550.1,12.9,43.1,1920,1080,0.027,1753.9,571.7
Round3,Q4,963,963.0,EMIRATES,0.5794,1746.6,602.8,11.6,50.3,1920,1080,0.028,1752.4,627.9
Round3,Q4,963,963.0,EMIRATES,0.5502,1585.1,529.6,11.5,42.9,1920,1080,0.024,1590.8,551.1
Round3,Q4,963,963.0,EMIRATES,0.4412,1584.4,577.7,10.3,51.2,1920,1080,0.026,1589.5,603.3
Round3,Q4,964,964.0,EMIRATES,0.6261,1855.8,622.2,12.5,56.5,1920,1080,0.034,1862.1,650.4
Round3,Q4,964,964.0,EMIRATES,0.5301,1535.8,583.9,9.6,46.7,1920,1080,0.022,1540.6,607.2
Round3,Q4,964,964.0,EMIRATES,0.5291,1536.6,539.6,10.0,38.6,1920,1080,0.019,1541.6,558.9
Round3,Q4,964,964.0,EMIRATES,0.4972,1857.6,578.4,11.9,39.0,1920,1080,0.022,1863.6,597.9
Round3,Q4,964,964.0,EMIRATES,0.3512,1687.9,557.8,10.5,38.1,1920,1080,0.019,1693.1,576.9
Round3,Q4,964,964.0,EMIRATES,0.3478,1686.5,600.5,11.2,52.1,1920,1080,0.028,1692.0,626.5
Round3,Q4,965,965.0,EMIRATES,0.4028,1905.7,565.3,13.3,48.1,1920,1080,0.031,1912.4,589.4
Round3,Q4,965,965.0,EMIRATES,0.397,1907.7,517.1,11.9,43.6,1920,1080,0.025,1913.7,538.9
Round3,Q4,965,965.0,EMIRATES,0.3419,1755.3,500.4,13.1,38.8,1920,1080,0.025,1761.8,519.8
Round3,Q4,966,966.0,EMIRATES,0.8756,915.2,326.1,88.8,25.5,1920,1080,0.109,959.6,338.9
Round3,Q4,967,967.0,EMIRATES,0.8933,1040.1,260.3,68.7,30.7,1920,1080,0.102,1074.5,275.6
Round3,Q4,968,968.0,EMIRATES,0.9025,1004.6,374.4,105.1,36.5,1920,1080,0.185,1057.2,392.6
Round3,Q4,969,969.0,EMIRATES,0.8814,1034.3,320.2,109.4,45.5,1920,1080,0.24,1089.0,343.0
Round3,Q4,970,970.0,EMIRATES,0.8677,1119.4,388.8,86.4,51.2,1920,1080,0.213,1162.6,414.4
Round3,Q4,971,971.0,EMIRATES,0.6733,1124.4,393.4,32.3,32.0,1920,1080,0.05,1140.6,409.4
Round3,Q4,972,972.0,EMIRATES,0.9052,48.6,312.6,98.3,38.3,1920,1080,0.181,97.7,331.8
Round3,Q4,972,972.0,EMIRATES,0.9047,1040.6,286.5,99.6,44.6,1920,1080,0.214,1090.4,308.8
Round3,Q4,973,973.0,EMIRATES,0.8889,1019.0,330.3,105.0,46.0,1920,1080,0.233,1071.5,353.3
Round3,Q4,973,973.0,EMIRATES,0.8842,464.4,396.0,100.8,39.3,1920,1080,0.191,514.8,415.6
Round3,Q4,974,974.0,EMIRATES,0.9186,919.6,298.3,115.0,44.6,1920,1080,0.247,977.1,320.6
Round3,Q4,975,975.0,EMIRATES,0.9072,903.1,314.1,110.9,47.3,1920,1080,0.253,958.6,337.8
Round3,Q4,976,976.0,EMIRATES,0.9033,871.9,309.5,124.7,49.8,1920,1080,0.299,934.3,334.4
Round3,Q4,977,977.0,EMIRATES,0.887,863.1,282.1,110.9,47.4,1920,1080,0.253,918.5,305.8
Round3,Q4,978,978.0,EMIRATES,0.8859,975.9,351.7,105.7,51.4,1920,1080,0.262,1028.8,377.4
Round3,Q4,979,979.0,EMIRATES,0.9101,786.0,391.9,69.7,45.2,1920,1080,0.152,820.8,414.5
Round3,Q4,980,980.0,EMIRATES,0.902,1015.5,396.5,101.7,42.3,1920,1080,0.208,1066.3,417.7
Round3,Q4,981,981.0,EMIRATES,0.8977,938.9,399.6,101.5,37.7,1920,1080,0.185,989.6,418.5
Round3,Q4,982,982.0,EMIRATES,0.879,936.1,408.3,96.9,34.9,1920,1080,0.163,984.5,425.8
Round3,Q4,983,983.0,EMIRATES,0.9139,897.7,421.0,107.4,38.0,1920,1080,0.197,951.4,440.0
Round3,Q4,984,984.0,EMIRATES,0.7375,914.5,424.0,85.0,41.5,1920,1080,0.17,957.0,444.8
Round3,Q4,985,985.0,EMIRATES,0.8758,939.9,367.8,124.7,43.6,1920,1080,0.262,1002.3,389.6
Round3,Q4,987,987.0,EMIRATES,0.9106,861.0,368.1,96.7,33.9,1920,1080,0.158,909.4,385.0
Round3,Q4,988,988.0,EMIRATES,0.9026,818.0,387.0,87.5,47.6,1920,1080,0.201,861.7,410.8
Round3,Q4,989,989.0,EMIRATES,0.9068,886.5,359.7,84.7,34.0,1920,1080,0.139,928.8,376.7
Round3,Q4,990,990.0,EMIRATES,0.9226,893.2,368.5,93.3,35.2,1920,1080,0.158,939.8,386.1
Round3,Q4,991,991.0,EMIRATES,0.9288,933.1,401.0,89.7,36.1,1920,1080,0.156,978.0,419.0
Round3,Q4,992,992.0,EMIRATES,0.9173,902.5,338.7,97.3,35.7,1920,1080,0.167,951.1,356.5
Round3,Q4,993,993.0,EMIRATES,0.9235,913.8,352.9,91.8,38.6,1920,1080,0.171,959.7,372.2
Round3,Q4,994,994.0,EMIRATES,0.9114,841.6,382.9,98.4,38.1,1920,1080,0.181,890.8,402.0
Round3,Q4,995,995.0,EMIRATES,0.9159,842.5,399.4,96.1,38.5,1920,1080,0.178,890.5,418.7
Round3,Q4,996,996.0,EMIRATES,0.3012,714.4,607.1,11.7,50.9,1920,1080,0.029,720.3,632.6
Round3,Q4,998,998.0,EMIRATES,0.5447,666.8,626.7,12.6,57.4,1920,1080,0.035,673.1,655.4
Round3,Q4,999,999.0,EMIRATES,0.5688,821.9,741.8,12.3,64.7,1920,1080,0.038,828.0,774.2
Round3,Q4,999,999.0,EMIRATES,0.5371,448.4,771.0,12.5,62.2,1920,1080,0.038,454.7,802.1
Round3,Q4,1002,1002.0,EMIRATES,0.9011,773.5,688.0,107.9,44.0,1920,1080,0.229,827.5,710.0
Round3,Q4,1003,1003.0,EMIRATES,0.8751,900.8,541.5,138.2,58.5,1920,1080,0.39,969.9,570.8
Round3,Q4,1004,1004.0,EMIRATES,0.8669,0.0,561.6,140.0,81.9,1920,1080,0.553,70.0,602.6
Round3,Q4,1004,1004.0,EMIRATES,0.7402,1017.5,478.7,110.4,58.8,1920,1080,0.313,1072.7,508.1
Round3,Q4,1005,1005.0,EMIRATES,0.8907,447.7,744.7,197.2,58.3,1920,1080,0.554,546.3,773.8
Round3,Q4,1005,1005.0,EMIRATES,0.8511,904.6,824.4,93.6,62.5,1920,1080,0.282,951.4,855.6
Round3,Q4,1006,1006.0,EMIRATES,0.8963,858.5,536.1,176.6,54.8,1920,1080,0.467,946.8,563.5
Round3,Q4,1006,1006.0,EMIRATES,0.8816,387.9,628.3,196.2,61.3,1920,1080,0.58,486.0,659.0
Round3,Q4,1007,1007.0,EMIRATES,0.8911,684.0,456.5,175.1,51.8,1920,1080,0.437,771.5,482.4
Round3,Q4,1007,1007.0,EMIRATES,0.8681,1740.4,514.5,150.0,52.6,1920,1080,0.38,1815.5,540.7
Round3,Q4,1008,1008.0,EMIRATES,0.8792,796.7,485.6,73.2,60.1,1920,1080,0.212,833.3,515.6
Round3,Q4,1009,1009.0,EMIRATES,0.8869,673.5,358.8,176.8,59.1,1920,1080,0.504,761.8,388.3
Round3,Q4,1010,1010.0,EMIRATES,0.8891,743.3,383.9,105.3,58.0,1920,1080,0.295,796.0,412.9
Round3,Q4,1010,1010.0,EMIRATES,0.8638,1231.9,461.4,76.3,62.1,1920,1080,0.229,1270.1,492.5
Round3,Q4,1010,1010.0,EMIRATES,0.7604,240.4,397.2,50.0,57.8,1920,1080,0.139,265.4,426.1
Round3,Q4,1011,1011.0,EMIRATES,0.903,857.9,520.2,126.0,43.8,1920,1080,0.266,920.9,542.1
Round3,Q4,1011,1011.0,EMIRATES,0.8976,52.7,564.9,129.7,49.7,1920,1080,0.311,117.6,589.7
Round3,Q4,1011,1011.0,EMIRATES,0.8452,606.0,638.8,64.9,45.4,1920,1080,0.142,638.4,661.5
Round3,Q4,1012,1012.0,EMIRATES,0.9068,791.5,506.9,87.5,41.3,1920,1080,0.174,835.2,527.6
Round3,Q4,1012,1012.0,EMIRATES,0.8992,116.1,439.9,161.0,49.9,1920,1080,0.387,196.6,464.9
Round3,Q4,1012,1012.0,EMIRATES,0.8854,1543.4,345.9,152.9,65.5,1920,1080,0.483,1619.8,378.7
Round3,Q4,1013,1013.0,EMIRATES,0.8916,350.1,568.8,109.2,43.3,1920,1080,0.228,404.7,590.5
Round3,Q4,1013,1013.0,EMIRATES,0.869,0.0,468.2,118.9,50.4,1920,1080,0.289,59.5,493.4
Round3,Q4,1013,1013.0,EMIRATES,0.8617,1178.6,662.4,63.1,48.9,1920,1080,0.149,1210.1,686.9
Round3,Q4,1014,1014.0,EMIRATES,0.9107,1178.5,396.0,142.4,45.5,1920,1080,0.313,1249.7,418.8
Round3,Q4,1014,1014.0,EMIRATES,0.905,1539.2,579.7,101.4,46.4,1920,1080,0.227,1589.9,602.9
Round3,Q4,1014,1014.0,EMIRATES,0.8922,331.4,488.6,150.0,48.2,1920,1080,0.349,406.4,512.7
Round3,Q4,1015,1015.0,EMIRATES,0.9186,353.7,450.0,98.8,40.5,1920,1080,0.193,403.0,470.3
Round3,Q4,1015,1015.0,EMIRATES,0.9124,1242.5,377.6,105.7,48.2,1920,1080,0.246,1295.4,401.7
Round3,Q4,1015,1015.0,EMIRATES,0.8925,1392.4,482.5,89.4,45.8,1920,1080,0.197,1437.1,505.4
Round3,Q4,1016,1016.0,EMIRATES,0.9154,288.8,449.7,101.4,42.7,1920,1080,0.209,339.5,471.1
Round3,Q4,1016,1016.0,EMIRATES,0.9052,921.3,465.0,82.0,61.6,1920,1080,0.243,962.3,495.8
Round3,Q4,1016,1016.0,EMIRATES,0.4955,1552.8,555.3,49.6,58.7,1920,1080,0.14,1577.6,584.7
Round3,Q4,1016,1016.0,EMIRATES,0.4042,1757.3,454.6,100.8,48.7,1920,1080,0.237,1807.7,479.0
Round3,Q4,1017,1017.0,EMIRATES,0.9023,1664.4,480.1,144.3,56.4,1920,1080,0.393,1736.6,508.3
Round3,Q4,1017,1017.0,EMIRATES,0.8983,825.2,532.1,51.2,55.4,1920,1080,0.137,850.9,559.8
Round3,Q4,1017,1017.0,EMIRATES,0.8847,1449.2,265.3,51.6,64.8,1920,1080,0.161,1475.0,297.7
Round3,Q4,1017,1017.0,EMIRATES,0.8634,632.8,307.0,145.5,42.1,1920,1080,0.296,705.5,328.0
Round3,Q4,1017,1017.0,EMIRATES,0.4809,443.6,450.4,77.4,39.1,1920,1080,0.146,482.3,469.9
Round3,Q4,1018,1018.0,EMIRATES,0.9196,353.4,453.7,142.7,46.5,1920,1080,0.32,424.8,476.9
Round3,Q4,1018,1018.0,EMIRATES,0.8988,1281.6,270.8,113.5,44.1,1920,1080,0.241,1338.4,292.8
Round3,Q4,1018,1018.0,EMIRATES,0.8946,221.2,523.0,65.8,38.7,1920,1080,0.123,254.1,542.3
Round3,Q4,1018,1018.0,EMIRATES,0.8872,1825.3,514.2,56.4,40.2,1920,1080,0.109,1853.5,534.3
Round3,Q4,1019,1019.0,EMIRATES,0.9118,682.6,547.4,79.1,43.9,1920,1080,0.167,722.1,569.4
Round3,Q4,1019,1019.0,EMIRATES,0.8895,1450.1,421.8,137.9,50.3,1920,1080,0.335,1519.1,447.0
Round3,Q4,1019,1019.0,EMIRATES,0.8353,772.5,184.6,106.8,40.5,1920,1080,0.208,825.8,204.8
Round3,Q4,1020,1020.0,EMIRATES,0.7421,1205.8,427.7,27.0,43.9,1920,1080,0.057,1219.3,449.7
Round3,Q4,1021,1021.0,EMIRATES,0.8961,1610.9,95.2,116.3,43.0,1920,1080,0.241,1669.0,116.7
Round3,Q4,1021,1021.0,EMIRATES,0.7671,1507.9,351.9,78.6,48.4,1920,1080,0.184,1547.2,376.1
Round3,Q4,1022,1022.0,EMIRATES,0.8788,1101.8,277.0,113.5,48.3,1920,1080,0.264,1158.5,301.1
Round3,Q4,1023,1023.0,EMIRATES,0.3121,865.9,421.5,27.5,36.4,1920,1080,0.048,879.7,439.7
Round3,Q4,1024,1024.0,EMIRATES,0.8915,785.4,297.0,76.0,37.5,1920,1080,0.137,823.4,315.7
Round3,Q4,1024,1024.0,EMIRATES,0.8666,595.0,402.8,78.2,46.6,1920,1080,0.176,634.1,426.1
Round3,Q4,1024,1024.0,EMIRATES,0.842,1122.7,360.6,69.6,37.6,1920,1080,0.126,1157.5,379.5
Round3,Q4,1024,1024.0,EMIRATES,0.7113,180.4,931.4,62.5,17.2,1920,1080,0.052,211.6,940.0
Round3,Q4,1024,1024.0,EMIRATES,0.5223,437.6,192.3,34.6,31.1,1920,1080,0.052,454.9,207.8
Round3,Q4,1025,1025.0,EMIRATES,0.9054,1139.2,318.4,95.4,34.9,1920,1080,0.16,1186.9,335.8
Round3,Q4,1025,1025.0,EMIRATES,0.8741,433.0,412.7,97.2,35.7,1920,1080,0.167,481.6,430.5
Round3,Q4,1026,1026.0,EMIRATES,0.8817,0.2,234.4,59.9,27.2,1920,1080,0.079,30.2,247.9
Round3,Q4,1026,1026.0,EMIRATES,0.8778,1559.9,249.5,106.8,31.8,1920,1080,0.164,1613.3,265.4
Round3,Q4,1026,1026.0,EMIRATES,0.8515,927.7,218.3,59.1,34.5,1920,1080,0.098,957.3,235.5
Round3,Q4,1027,1027.0,EMIRATES,0.8934,793.3,322.4,81.9,31.4,1920,1080,0.124,834.2,338.1
Round3,Q4,1028,1028.0,EMIRATES,0.7668,982.7,305.8,51.9,24.4,1920,1080,0.061,1008.7,317.9
Round3,Q4,1029,1029.0,EMIRATES,0.8979,1114.6,336.2,83.6,41.2,1920,1080,0.166,1156.4,356.8
Round3,Q4,1030,1030.0,EMIRATES,0.8884,1043.7,328.7,87.7,41.7,1920,1080,0.176,1087.5,349.5
Round3,Q4,1031,1031.0,EMIRATES,0.8882,938.0,270.4,65.6,35.8,1920,1080,0.113,970.8,288.3
Round3,Q4,1032,1032.0,EMIRATES,0.8986,910.3,415.9,105.8,44.7,1920,1080,0.228,963.2,438.2
Round3,Q4,1033,1033.0,EMIRATES,0.9024,1126.1,379.7,99.5,38.7,1920,1080,0.186,1175.8,399.0
Round3,Q4,1034,1034.0,EMIRATES,0.898,1114.8,332.8,80.6,42.2,1920,1080,0.164,1155.1,353.9
Round3,Q4,1035,1035.0,EMIRATES,0.9119,1132.3,329.2,113.4,45.0,1920,1080,0.246,1189.0,351.8
Round3,Q4,1036,1036.0,EMIRATES,0.9109,1125.7,389.1,106.6,50.9,1920,1080,0.262,1179.0,414.6
Round3,Q4,1036,1036.0,EMIRATES,0.8808,191.2,455.0,110.7,41.9,1920,1080,0.224,246.5,475.9
Round3,Q4,1037,1037.0,EMIRATES,0.9145,575.2,445.1,96.4,44.8,1920,1080,0.208,623.3,467.5
Round3,Q4,1037,1037.0,EMIRATES,0.8753,953.8,345.5,86.0,39.8,1920,1080,0.165,996.8,365.4
Round3,Q4,1038,1038.0,EMIRATES,0.9085,995.2,431.2,111.1,42.1,1920,1080,0.226,1050.7,452.3
Round3,Q4,1038,1038.0,EMIRATES,0.9012,844.5,359.6,86.5,42.3,1920,1080,0.176,887.7,380.7
Round3,Q4,1039,1039.0,EMIRATES,0.8843,853.4,326.8,107.1,40.1,1920,1080,0.207,907.0,346.9
Round3,Q4,1039,1039.0,EMIRATES,0.8651,1347.4,403.7,100.8,42.8,1920,1080,0.208,1397.8,425.1
Round3,Q4,1045,1045.0,EMIRATES,0.439,1168.4,660.2,13.8,56.4,1920,1080,0.038,1175.3,688.4
Round3,Q4,1046,1046.0,EMIRATES,0.6911,1332.6,712.0,13.7,66.9,1920,1080,0.044,1339.5,745.5
Round3,Q4,1046,1046.0,EMIRATES,0.6716,896.8,651.2,14.7,64.7,1920,1080,0.046,904.1,683.6
Round3,Q4,1046,1046.0,EMIRATES,0.6422,1104.8,679.1,15.8,68.0,1920,1080,0.052,1112.7,713.1
Round3,Q4,1046,1046.0,EMIRATES,0.3337,897.6,589.9,15.8,61.3,1920,1080,0.047,905.4,620.6
Round3,Q4,1046,1046.0,EMIRATES,0.3336,704.3,569.1,15.1,55.8,1920,1080,0.041,711.8,597.0
Round3,Q4,1046,1046.0,EMIRATES,0.3324,702.8,627.2,14.4,63.6,1920,1080,0.044,710.0,659.0
Round3,Q4,1046,1046.0,EMIRATES,0.3125,1107.1,615.3,16.1,62.8,1920,1080,0.049,1115.2,646.8
Round3,Q4,1047,1047.0,EMIRATES,0.8383,767.3,341.0,177.3,82.7,1920,1080,0.707,856.0,382.3
Round3,Q4,1049,1049.0,EMIRATES,0.8563,1138.6,672.3,223.8,77.0,1920,1080,0.831,1250.5,710.8
Round3,Q4,1050,1050.0,EMIRATES,0.8886,916.2,705.6,204.6,63.7,1920,1080,0.629,1018.6,737.5
Round3,Q4,1051,1051.0,EMIRATES,0.8584,1065.6,660.6,156.0,75.8,1920,1080,0.571,1143.6,698.6
Round3,Q4,1053,1053.0,EMIRATES,0.8801,1022.1,647.1,139.9,74.4,1920,1080,0.502,1092.1,684.3
Round3,Q4,1054,1054.0,EMIRATES,0.874,1005.4,722.2,105.2,74.6,1920,1080,0.378,1058.0,759.5
Round3,Q4,1056,1056.0,EMIRATES,0.8494,0.0,432.2,114.5,110.3,1920,1080,0.609,57.2,487.3
Round3,Q4,1059,1059.0,EMIRATES,0.7629,621.7,635.2,21.2,7.7,1920,1080,0.008,632.3,639.1
Round3,Q4,1059,1059.0,EMIRATES,0.6932,1281.3,485.9,18.8,7.6,1920,1080,0.007,1290.7,489.7
Round3,Q4,1060,1060.0,EMIRATES,0.8266,751.7,666.1,32.6,23.3,1920,1080,0.037,768.0,677.8
Round3,Q4,1063,1063.0,EMIRATES,0.8945,1073.8,474.5,35.1,16.5,1920,1080,0.028,1091.3,482.8
Round3,Q4,1064,1064.0,EMIRATES,0.8884,1089.8,398.6,38.7,14.9,1920,1080,0.028,1109.2,406.0
Round3,Q4,1064,1064.0,EMIRATES,0.8213,1033.2,265.4,28.5,16.4,1920,1080,0.023,1047.4,273.6
Round3,Q4,1064,1064.0,EMIRATES,0.4287,728.7,484.2,30.8,12.2,1920,1080,0.018,744.1,490.3
Round3,Q4,1065,1065.0,EMIRATES,0.8957,391.4,333.8,37.0,15.5,1920,1080,0.028,409.9,341.5
Round3,Q4,1065,1065.0,EMIRATES,0.8819,46.3,480.3,35.8,16.7,1920,1080,0.029,64.2,488.7
Round3,Q4,1065,1065.0,EMIRATES,0.821,487.4,254.3,52.4,16.7,1920,1080,0.042,513.6,262.7
Round3,Q4,1065,1065.0,EMIRATES,0.6443,301.6,83.7,44.8,15.8,1920,1080,0.034,324.0,91.6
Round3,Q4,1066,1066.0,EMIRATES,0.8725,165.5,191.1,36.6,13.3,1920,1080,0.023,183.8,197.8
Round3,Q4,1066,1066.0,EMIRATES,0.8678,527.8,413.4,39.8,15.1,1920,1080,0.029,547.7,420.9
Round3,Q4,1066,1066.0,EMIRATES,0.8541,8.0,67.0,43.7,16.4,1920,1080,0.035,29.8,75.2
Round3,Q4,1070,1070.0,EMIRATES,0.8825,789.3,437.9,42.6,14.5,1920,1080,0.03,810.6,445.1
Round3,Q4,1071,1071.0,EMIRATES,0.876,768.2,586.3,48.5,21.4,1920,1080,0.05,792.4,597.0
Round3,Q4,1074,1074.0,EMIRATES,0.7699,1181.7,376.3,50.4,15.7,1920,1080,0.038,1206.9,384.2
Round3,Q4,1074,1074.0,EMIRATES,0.7522,574.3,364.2,35.0,16.4,1920,1080,0.028,591.8,372.4
Round3,Q4,1075,1075.0,EMIRATES,0.7737,709.0,456.5,40.1,18.2,1920,1080,0.035,729.1,465.6
Round3,Q4,1080,1080.0,EMIRATES,0.8761,1395.5,412.6,50.8,15.1,1920,1080,0.037,1420.9,420.2
Round3,Q4,1081,1081.0,EMIRATES,0.8788,1220.5,409.5,42.9,28.9,1920,1080,0.06,1241.9,423.9
Round3,Q4,1084,1084.0,EMIRATES,0.8457,1051.1,391.3,30.6,17.0,1920,1080,0.025,1066.4,399.8
Round3,Q4,1085,1085.0,EMIRATES,0.8849,1085.5,402.1,42.9,22.1,1920,1080,0.046,1106.9,413.2
Round3,Q4,1086,1086.0,EMIRATES,0.6946,690.7,351.1,11.9,48.2,1920,1080,0.028,696.6,375.2
Round3,Q4,1086,1086.0,EMIRATES,0.6555,1002.0,390.1,11.2,53.2,1920,1080,0.029,1007.6,416.7
Round3,Q4,1086,1086.0,EMIRATES,0.6248,550.9,335.8,11.2,45.2,1920,1080,0.024,556.5,358.5
Round3,Q4,1086,1086.0,EMIRATES,0.3813,691.1,308.9,12.3,39.3,1920,1080,0.023,697.2,328.6
Round3,Q4,1087,1087.0,EMIRATES,0.621,863.1,373.0,10.4,45.3,1920,1080,0.023,868.3,395.7
Round3,Q4,1087,1087.0,EMIRATES,0.3749,1145.6,408.3,9.9,50.0,1920,1080,0.024,1150.5,433.3
Round3,Q4,1087,1087.0,EMIRATES,0.319,737.6,358.1,11.0,43.4,1920,1080,0.023,743.2,379.8
Round3,Q4,1088,1088.0,EMIRATES,0.5107,993.1,393.7,9.8,43.9,1920,1080,0.021,998.1,415.6
Round3,Q4,1089,1089.0,EMIRATES,0.4405,1283.8,466.6,10.3,46.0,1920,1080,0.023,1288.9,489.6
Round3,Q4,1089,1089.0,EMIRATES,0.4274,1028.9,434.4,10.2,41.8,1920,1080,0.02,1034.0,455.3
Round3,Q4,1090,1090.0,EMIRATES,0.3347,1251.2,439.6,15.9,87.2,1920,1080,0.067,1259.2,483.1
Round3,Q4,1091,1091.0,EMIRATES,0.8868,1004.4,751.5,53.5,15.4,1920,1080,0.04,1031.2,759.2
Round3,Q4,1091,1091.0,EMIRATES,0.8695,1036.7,392.6,27.7,15.6,1920,1080,0.021,1050.5,400.4
Round3,Q4,1091,1091.0,EMIRATES,0.328,1695.8,1045.9,60.0,26.3,1920,1080,0.076,1725.8,1059.1
Round3,Q4,1092,1092.0,EMIRATES,0.8889,699.4,1.3,45.0,16.6,1920,1080,0.036,721.9,9.6
Round3,Q4,1092,1092.0,EMIRATES,0.884,725.4,447.5,63.6,19.7,1920,1080,0.06,757.2,457.3
Round3,Q4,1092,1092.0,EMIRATES,0.5693,1192.4,274.7,49.3,15.7,1920,1080,0.037,1217.0,282.6
Round3,Q4,1094,1094.0,EMIRATES,0.8678,1874.8,412.4,30.6,22.3,1920,1080,0.033,1890.0,423.5
Round3,Q4,1094,1094.0,EMIRATES,0.8581,1119.3,229.7,34.3,17.4,1920,1080,0.029,1136.4,238.4
Round3,Q4,1094,1094.0,EMIRATES,0.7005,22.0,16.8,27.1,18.9,1920,1080,0.025,35.6,26.2
Round3,Q4,1095,1095.0,EMIRATES,0.7138,1580.1,555.4,10.8,49.8,1920,1080,0.026,1585.5,580.3
Round3,Q4,1095,1095.0,EMIRATES,0.6955,1757.9,578.2,11.4,54.7,1920,1080,0.03,1763.6,605.6
Round3,Q4,1095,1095.0,EMIRATES,0.68,1421.6,532.7,10.6,50.1,1920,1080,0.026,1426.9,557.8
Round3,Q4,1095,1095.0,EMIRATES,0.3453,1422.6,488.7,11.5,37.9,1920,1080,0.021,1428.3,507.7
Round3,Q4,1096,1096.0,EMIRATES,0.7558,1385.1,541.7,10.5,49.6,1920,1080,0.025,1390.4,566.4
Round3,Q4,1096,1096.0,EMIRATES,0.6846,1708.0,586.4,11.0,54.5,1920,1080,0.029,1713.5,613.7
Round3,Q4,1096,1096.0,EMIRATES,0.6254,1537.5,566.6,11.1,48.4,1920,1080,0.026,1543.0,590.9
Round3,Q4,1096,1096.0,EMIRATES,0.3859,1386.8,501.3,11.3,36.0,1920,1080,0.02,1392.4,519.3
Round3,Q4,1096,1096.0,EMIRATES,0.3728,1246.4,528.0,8.7,42.4,1920,1080,0.018,1250.8,549.2
Round3,Q4,1097,1097.0,EMIRATES,0.8679,1565.0,406.5,92.3,40.1,1920,1080,0.178,1611.1,426.5
Round3,Q4,1097,1097.0,EMIRATES,0.7294,988.2,371.9,94.9,48.6,1920,1080,0.223,1035.6,396.2
Round3,Q4,1098,1098.0,EMIRATES,0.901,936.3,263.9,91.5,31.4,1920,1080,0.138,982.0,279.6
Round3,Q4,1099,1099.0,EMIRATES,0.9082,1005.4,278.4,103.5,35.4,1920,1080,0.177,1057.2,296.1
Round3,Q4,1100,1100.0,EMIRATES,0.8643,49.4,472.1,137.8,46.1,1920,1080,0.306,118.3,495.1
Round3,Q4,1102,1102.0,EMIRATES,0.8713,702.2,375.5,25.0,26.2,1920,1080,0.032,714.7,388.5
Round3,Q4,1103,1103.0,EMIRATES,0.3187,798.6,428.6,45.4,37.0,1920,1080,0.081,821.3,447.1
Round3,Q4,1104,1104.0,EMIRATES,0.8867,1732.3,681.9,49.3,15.7,1920,1080,0.037,1756.9,689.7
Round3,Q4,1104,1104.0,EMIRATES,0.8866,1738.4,870.4,38.9,15.0,1920,1080,0.028,1757.9,877.9
Round3,Q4,1105,1105.0,EMIRATES,0.8761,1685.5,868.0,40.3,15.8,1920,1080,0.031,1705.7,875.9
Round3,Q4,1105,1105.0,EMIRATES,0.8735,1396.6,448.1,51.0,15.1,1920,1080,0.037,1422.0,455.7
Round3,Q4,1106,1106.0,EMIRATES,0.8916,1223.8,413.3,35.6,30.1,1920,1080,0.052,1241.6,428.4
Round3,Q4,1107,1107.0,EMIRATES,0.9006,1686.2,891.2,35.2,13.2,1920,1080,0.022,1703.8,897.8
Round3,Q4,1107,1107.0,EMIRATES,0.8934,1195.3,400.2,41.1,19.4,1920,1080,0.038,1215.9,409.9
Round3,Q4,1108,1108.0,EMIRATES,0.8988,1722.2,889.9,46.8,16.2,1920,1080,0.036,1745.6,898.0
Round3,Q4,1109,1109.0,EMIRATES,0.8859,1709.8,899.8,37.2,14.8,1920,1080,0.027,1728.4,907.2
Round3,Q4,1109,1109.0,EMIRATES,0.7262,0.0,1028.7,14.2,21.0,1920,1080,0.014,7.1,1039.2
Round3,Q4,1110,1110.0,EMIRATES,0.8987,1079.2,412.0,43.6,17.3,1920,1080,0.036,1101.0,420.6
Round3,Q4,1110,1110.0,EMIRATES,0.8652,1723.4,905.6,36.1,13.6,1920,1080,0.024,1741.5,912.5
Round3,Q4,1111,1111.0,EMIRATES,0.8996,1107.7,310.6,64.1,29.6,1920,1080,0.091,1139.8,325.4
Round3,Q4,1111,1111.0,EMIRATES,0.8638,1718.9,905.5,37.9,14.1,1920,1080,0.026,1737.9,912.6
Round3,Q4,1112,1112.0,EMIRATES,0.8259,1690.1,939.6,43.3,14.6,1920,1080,0.03,1711.8,946.9
Round3,Q4,1113,1113.0,EMIRATES,0.4741,1598.2,674.4,31.5,12.1,1920,1080,0.018,1613.9,680.4
Round3,Q4,1114,1114.0,EMIRATES,0.602,846.6,639.1,47.9,25.0,1920,1080,0.058,870.6,651.7
Round3,Q4,1115,1115.0,EMIRATES,0.893,1073.4,536.7,81.4,31.5,1920,1080,0.124,1114.1,552.5
Round3,Q4,1116,1116.0,EMIRATES,0.8222,998.3,366.2,168.7,77.2,1920,1080,0.628,1082.6,404.8
Round3,Q4,1118,1118.0,EMIRATES,0.9159,943.6,652.1,143.1,54.6,1920,1080,0.377,1015.1,679.4
Round3,Q4,1119,1119.0,EMIRATES,0.9027,922.5,687.6,142.2,57.4,1920,1080,0.394,993.6,716.3
Round3,Q4,1120,1120.0,EMIRATES,0.8609,886.3,659.0,120.5,43.7,1920,1080,0.254,946.5,680.8
Round3,Q4,1121,1121.0,EMIRATES,0.8752,844.9,474.3,126.6,48.7,1920,1080,0.297,908.2,498.6
Round3,Q4,1122,1122.0,EMIRATES,0.9075,868.3,657.7,147.5,59.3,1920,1080,0.422,942.0,687.4
Round3,Q4,1123,1123.0,EMIRATES,0.9083,937.9,599.2,140.3,56.3,1920,1080,0.381,1008.1,627.3
Round3,Q4,1124,1124.0,EMIRATES,0.9073,896.7,671.3,141.0,54.1,1920,1080,0.368,967.2,698.3
Round3,Q4,1125,1125.0,EMIRATES,0.8886,922.4,616.7,139.7,55.5,1920,1080,0.374,992.3,644.4
Round3,Q4,1125,1125.0,EMIRATES,0.6452,871.8,629.8,16.7,114.8,1920,1080,0.093,880.2,687.2
Round3,Q4,1126,1126.0,EMIRATES,0.7911,871.6,691.1,13.4,61.8,1920,1080,0.04,878.2,722.0
Round3,Q4,1126,1126.0,EMIRATES,0.6126,1393.8,704.7,12.3,61.4,1920,1080,0.036,1399.9,735.4
Round3,Q4,1127,1127.0,EMIRATES,0.7863,1407.3,708.1,13.7,67.4,1920,1080,0.045,1414.1,741.8
Round3,Q4,1127,1127.0,EMIRATES,0.771,869.8,697.6,12.6,67.0,1920,1080,0.041,876.1,731.1
Round3,Q4,1127,1127.0,EMIRATES,0.3256,615.2,641.9,12.7,50.9,1920,1080,0.031,621.6,667.4
Round3,Q4,1128,1128.0,EMIRATES,0.7899,1414.8,713.2,14.9,69.7,1920,1080,0.05,1422.3,748.0
Round3,Q4,1128,1128.0,EMIRATES,0.7356,869.6,703.1,12.5,67.5,1920,1080,0.041,875.9,736.8
Round3,Q4,1128,1128.0,EMIRATES,0.4721,1137.0,652.3,13.2,56.9,1920,1080,0.036,1143.7,680.7
Round3,Q4,1129,1129.0,EMIRATES,0.7607,1424.5,723.7,14.9,71.1,1920,1080,0.051,1431.9,759.3
Round3,Q4,1129,1129.0,EMIRATES,0.7211,868.3,713.1,13.3,70.3,1920,1080,0.045,875.0,748.3
Round3,Q4,1130,1130.0,EMIRATES,0.7015,865.9,754.9,13.6,69.6,1920,1080,0.046,872.7,789.7
Round3,Q4,1130,1130.0,EMIRATES,0.3906,596.0,759.8,12.5,58.2,1920,1080,0.035,602.2,788.9
Round3,Q4,1131,1131.0,EMIRATES,0.7247,1494.9,948.3,17.1,82.6,1920,1080,0.068,1503.5,989.6
Round3,Q4,1131,1131.0,EMIRATES,0.4464,537.8,865.2,16.6,69.4,1920,1080,0.055,546.0,899.9
Round3,Q4,1131,1131.0,EMIRATES,0.3712,1494.9,880.4,16.8,67.1,1920,1080,0.054,1503.3,913.9
Round3,Q4,1132,1132.0,EMIRATES,0.8073,260.5,1026.7,27.7,52.6,1920,1080,0.07,274.4,1053.0
Round3,Q4,1132,1132.0,EMIRATES,0.6784,706.7,1034.6,24.5,43.8,1920,1080,0.052,718.9,1056.4
Round3,Q4,1133,1133.0,EMIRATES,0.9017,1289.9,533.0,243.7,74.9,1920,1080,0.881,1411.7,570.5
Round3,Q4,1133,1133.0,EMIRATES,0.8311,865.9,712.0,142.9,90.3,1920,1080,0.622,937.3,757.1
Round3,Q4,1134,1134.0,EMIRATES,0.8899,1033.5,665.3,171.2,81.6,1920,1080,0.674,1119.1,706.1
Round3,Q4,1134,1134.0,EMIRATES,0.8608,897.4,638.8,86.0,71.6,1920,1080,0.297,940.4,674.7
Round3,Q4,1135,1135.0,EMIRATES,0.9031,549.8,708.6,282.2,73.3,1920,1080,0.997,690.9,745.2
Round3,Q4,1135,1135.0,EMIRATES,0.8921,1609.8,683.2,214.2,69.3,1920,1080,0.716,1716.9,717.9
Round3,Q4,1136,1136.0,EMIRATES,0.8693,1262.6,555.0,217.9,88.3,1920,1080,0.928,1371.5,599.2
Round3,Q4,1137,1137.0,EMIRATES,0.9062,1280.3,693.6,214.0,63.8,1920,1080,0.659,1387.3,725.5
Round3,Q4,1138,1138.0,EMIRATES,0.869,612.8,494.6,251.6,109.5,1920,1080,1.329,738.6,549.4
Round3,Q4,1138,1138.0,EMIRATES,0.8211,1148.4,754.4,53.6,75.7,1920,1080,0.196,1175.3,792.2
Round3,Q4,1138,1138.0,EMIRATES,0.7765,0.0,495.0,60.6,82.9,1920,1080,0.242,30.3,536.5
Round3,Q4,1139,1139.0,EMIRATES,0.6277,846.8,1060.7,68.2,19.3,1920,1080,0.064,880.9,1070.3
Round3,Q4,1140,1140.0,EMIRATES,0.8143,856.4,1048.9,69.6,30.2,1920,1080,0.101,891.2,1064.0
Round3,Q4,1141,1141.0,EMIRATES,0.5611,853.0,1039.5,59.0,27.6,1920,1080,0.079,882.5,1053.3
Round3,Q4,1145,1145.0,EMIRATES,0.8893,111.1,665.3,428.5,132.8,1920,1080,2.743,325.3,731.7
Round3,Q4,1145,1145.0,EMIRATES,0.5456,1093.0,1032.8,257.0,47.2,1920,1080,0.585,1221.5,1056.4
Round3,Q4,1147,1147.0,EMIRATES,0.8677,1288.9,597.2,305.9,125.4,1920,1080,1.85,1441.9,659.9
Round3,Q4,1149,1149.0,EMIRATES,0.8777,993.9,653.1,379.4,128.5,1920,1080,2.351,1183.6,717.3
Round3,Q4,1151,1151.0,EMIRATES,0.9049,661.1,417.7,77.0,59.6,1920,1080,0.221,699.6,447.5
Round3,Q4,1151,1151.0,EMIRATES,0.4415,1447.3,633.2,55.5,47.0,1920,1080,0.126,1475.1,656.7
Round3,Q4,1152,1152.0,EMIRATES,0.8894,658.9,384.2,71.2,33.1,1920,1080,0.114,694.5,400.7
Round3,Q4,1152,1152.0,EMIRATES,0.8448,1215.9,544.3,91.1,40.1,1920,1080,0.176,1261.5,564.4
Round3,Q4,1152,1152.0,EMIRATES,0.7991,86.7,845.0,84.4,71.2,1920,1080,0.29,129.0,880.6
Round3,Q4,1153,1153.0,EMIRATES,0.904,938.4,384.4,76.3,34.0,1920,1080,0.125,976.5,401.4
Round3,Q4,1153,1153.0,EMIRATES,0.8975,1142.6,480.2,96.9,40.0,1920,1080,0.187,1191.0,500.1
Round3,Q4,1154,1154.0,EMIRATES,0.9119,827.2,372.4,108.5,33.2,1920,1080,0.174,881.5,389.0
Round3,Q4,1154,1154.0,EMIRATES,0.8986,1149.6,477.4,113.6,38.6,1920,1080,0.212,1206.4,496.8
Round3,Q4,1155,1155.0,EMIRATES,0.9105,901.9,362.9,105.7,33.9,1920,1080,0.173,954.8,379.8
Round3,Q4,1155,1155.0,EMIRATES,0.8997,1137.4,478.3,114.1,38.6,1920,1080,0.213,1194.5,497.6
Round3,Q4,1156,1156.0,EMIRATES,0.9037,989.9,468.7,102.3,34.9,1920,1080,0.172,1041.1,486.1
Round3,Q4,1156,1156.0,EMIRATES,0.8733,1038.8,340.8,70.0,58.8,1920,1080,0.199,1073.8,370.2
Round3,Q4,1157,1157.0,EMIRATES,0.9197,1129.8,342.8,90.2,31.7,1920,1080,0.138,1174.9,358.6
Round3,Q4,1157,1157.0,EMIRATES,0.9025,763.8,424.0,105.9,37.3,1920,1080,0.19,816.7,442.6
Round3,Q4,1158,1158.0,EMIRATES,0.8988,823.1,358.2,89.0,31.2,1920,1080,0.134,867.6,373.8
Round3,Q4,1158,1158.0,EMIRATES,0.6076,1065.5,247.8,40.0,35.8,1920,1080,0.069,1085.5,265.6
Round3,Q4,1159,1159.0,EMIRATES,0.8999,1102.4,302.2,82.4,28.3,1920,1080,0.112,1143.6,316.3
Round3,Q4,1159,1159.0,EMIRATES,0.8972,333.2,358.3,85.5,31.1,1920,1080,0.128,375.9,373.8
Round3,Q4,1159,1159.0,EMIRATES,0.8459,959.6,235.8,51.1,47.6,1920,1080,0.117,985.2,259.5
Round3,Q4,1160,1160.0,EMIRATES,0.8989,1220.1,271.9,85.4,25.9,1920,1080,0.107,1262.9,284.8
Round3,Q4,1160,1160.0,EMIRATES,0.8965,95.2,407.0,68.3,30.0,1920,1080,0.099,129.3,422.0
Round3,Q4,1160,1160.0,EMIRATES,0.881,908.6,273.6,71.2,34.0,1920,1080,0.117,944.2,290.5
Round3,Q4,1160,1160.0,EMIRATES,0.8697,577.2,318.6,89.8,32.6,1920,1080,0.141,622.1,334.9
Round3,Q4,1161,1161.0,EMIRATES,0.9001,228.4,376.8,59.6,22.3,1920,1080,0.064,258.2,388.0
Round3,Q4,1161,1161.0,EMIRATES,0.8897,606.4,294.6,89.9,27.2,1920,1080,0.118,651.4,308.2
Round3,Q4,1161,1161.0,EMIRATES,0.8761,1093.5,300.0,89.6,30.7,1920,1080,0.133,1138.3,315.4
Round3,Q4,1161,1161.0,EMIRATES,0.876,1208.9,204.5,63.1,24.5,1920,1080,0.074,1240.5,216.7
Round3,Q4,1162,1162.0,EMIRATES,0.9036,411.2,381.8,55.9,23.5,1920,1080,0.063,439.2,393.5
Round3,Q4,1162,1162.0,EMIRATES,0.8974,1376.5,286.0,83.8,26.1,1920,1080,0.105,1418.3,299.0
Round3,Q4,1162,1162.0,EMIRATES,0.8856,1137.5,181.8,52.1,25.4,1920,1080,0.064,1163.5,194.5
Round3,Q4,1162,1162.0,EMIRATES,0.8467,717.2,270.9,42.4,36.8,1920,1080,0.075,738.5,289.3
Round3,Q4,1163,1163.0,EMIRATES,0.8999,1352.6,258.0,71.7,22.7,1920,1080,0.079,1388.4,269.4
Round3,Q4,1163,1163.0,EMIRATES,0.8524,1043.4,231.3,35.7,19.6,1920,1080,0.034,1061.2,241.1
Round3,Q4,1164,1164.0,EMIRATES,0.8989,761.0,360.5,51.3,21.7,1920,1080,0.054,786.6,371.3
Round3,Q4,1164,1164.0,EMIRATES,0.8961,1305.2,237.6,71.4,23.5,1920,1080,0.081,1340.9,249.4
Round3,Q4,1164,1164.0,EMIRATES,0.8927,2.1,342.2,54.3,29.7,1920,1080,0.078,29.2,357.1
Round3,Q4,1164,1164.0,EMIRATES,0.8744,704.0,327.8,37.4,31.6,1920,1080,0.057,722.7,343.6
Round3,Q4,1165,1165.0,EMIRATES,0.9054,1346.5,232.9,53.6,24.2,1920,1080,0.063,1373.3,245.0
Round3,Q4,1165,1165.0,EMIRATES,0.9038,550.7,377.8,52.2,21.7,1920,1080,0.055,576.8,388.7
Round3,Q4,1165,1165.0,EMIRATES,0.8951,739.9,392.8,53.5,19.3,1920,1080,0.05,766.6,402.4
Round3,Q4,1166,1166.0,EMIRATES,0.8969,1270.3,226.5,54.1,24.9,1920,1080,0.065,1297.4,239.0
Round3,Q4,1166,1166.0,EMIRATES,0.8892,366.2,427.4,52.8,22.6,1920,1080,0.057,392.6,438.7
Round3,Q4,1166,1166.0,EMIRATES,0.8694,1033.3,278.3,46.0,18.4,1920,1080,0.041,1056.3,287.5
Round3,Q4,1167,1167.0,CYBERCX,0.8864,1392.6,505.5,110.9,115.2,1920,1080,0.616,1448.0,563.1
Round3,Q4,1167,1167.0,EMIRATES,0.7325,835.7,712.4,54.7,66.2,1920,1080,0.175,863.0,745.5
Round3,Q4,1168,1168.0,CYBERCX,0.8797,1462.0,445.7,113.8,115.7,1920,1080,0.635,1518.9,503.5
Round3,Q4,1168,1168.0,EMIRATES,0.792,1859.5,55.1,60.5,41.8,1920,1080,0.122,1889.8,76.0
Round3,Q4,1168,1168.0,EMIRATES,0.7473,1057.2,724.2,45.1,60.2,1920,1080,0.131,1079.7,754.3
Round3,Q4,1168,1168.0,EMIRATES,0.3669,356.1,874.8,45.8,61.7,1920,1080,0.136,378.9,905.7
Round3,Q4,1169,1169.0,EMIRATES,0.7908,1070.0,743.0,47.5,58.6,1920,1080,0.134,1093.8,772.3
Round3,Q4,1169,1169.0,EMIRATES,0.6597,397.3,809.2,50.0,56.7,1920,1080,0.137,422.3,837.5
Round3,Q4,1171,1171.0,EMIRATES,0.4457,1158.9,475.5,79.2,48.7,1920,1080,0.186,1198.5,499.9
Round3,Q4,1172,1172.0,EMIRATES,0.7086,910.9,886.3,128.6,54.0,1920,1080,0.335,975.2,913.3
Round3,Q4,1173,1173.0,EMIRATES,0.8814,1384.2,1003.3,119.3,59.7,1920,1080,0.343,1443.8,1033.1
Round3,Q4,1174,1174.0,EMIRATES,0.8926,891.2,709.4,141.8,110.5,1920,1080,0.756,962.1,764.7
Round3,Q4,1175,1175.0,EMIRATES,0.8939,1029.9,561.3,156.5,122.5,1920,1080,0.924,1108.2,622.6
Round3,Q4,1176,1176.0,EMIRATES,0.8919,1115.4,623.6,218.9,136.2,1920,1080,1.437,1224.8,691.7
Round3,Q4,1177,1177.0,EMIRATES,0.9042,1009.8,785.4,221.0,109.6,1920,1080,1.168,1120.3,840.2
Round3,Q4,1178,1178.0,EMIRATES,0.8869,780.0,681.4,183.1,69.1,1920,1080,0.61,871.5,716.0
Round3,Q4,1179,1179.0,EMIRATES,0.8973,697.7,743.1,187.0,77.2,1920,1080,0.696,791.2,781.8
Round3,Q4,1179,1179.0,EMIRATES,0.8917,1733.7,581.6,186.3,81.0,1920,1080,0.727,1826.9,622.1
Round3,Q4,1180,1180.0,EMIRATES,0.9024,1458.2,441.8,271.5,80.7,1920,1080,1.056,1594.0,482.1
Round3,Q4,1180,1180.0,EMIRATES,0.8835,887.8,767.4,165.3,73.2,1920,1080,0.584,970.5,804.0
Round3,Q4,1181,1181.0,EMIRATES,0.901,1016.0,484.9,232.7,80.7,1920,1080,0.905,1132.4,525.2
Round3,Q4,1182,1182.0,EMIRATES,0.8946,994.5,464.0,178.0,74.3,1920,1080,0.638,1083.5,501.2
Round3,Q4,1183,1183.0,EMIRATES,0.7711,984.9,660.3,52.5,67.6,1920,1080,0.171,1011.2,694.1
Round3,Q4,1183,1183.0,EMIRATES,0.6361,918.6,631.5,67.0,69.0,1920,1080,0.223,952.1,666.0
Round3,Q4,1184,1184.0,EMIRATES,0.8868,1181.1,673.9,178.0,74.6,1920,1080,0.64,1270.1,711.2
Round3,Q4,1184,1184.0,EMIRATES,0.8852,978.9,630.3,116.9,69.8,1920,1080,0.393,1037.4,665.2
Round3,Q4,1192,1192.0,EMIRATES,0.8344,626.4,547.9,22.6,10.2,1920,1080,0.011,637.7,553.0
Round3,Q4,1192,1192.0,EMIRATES,0.821,1048.3,491.5,27.2,15.4,1920,1080,0.02,1061.9,499.2
Round3,Q4,1193,1193.0,EMIRATES,0.8282,1125.9,308.9,30.4,12.7,1920,1080,0.019,1141.1,315.3
Round3,Q4,1194,1194.0,EMIRATES,0.8737,442.1,95.0,39.9,18.3,1920,1080,0.035,462.1,104.2
Round3,Q4,1194,1194.0,EMIRATES,0.8257,808.1,169.1,38.8,14.3,1920,1080,0.027,827.6,176.2
Round3,Q4,1194,1194.0,EMIRATES,0.665,1091.2,446.8,32.5,17.0,1920,1080,0.027,1107.4,455.3
Round3,Q4,1197,1197.0,EMIRATES,0.331,1758.8,517.7,11.4,51.8,1920,1080,0.029,1764.5,543.6
Round3,Q4,1198,1198.0,EMIRATES,0.6858,1900.0,489.7,15.7,72.9,1920,1080,0.055,1907.9,526.2
Round3,Q4,1198,1198.0,EMIRATES,0.5556,1902.8,420.3,16.0,68.1,1920,1080,0.053,1910.8,454.4
Round3,Q4,1199,1199.0,EMIRATES,0.8848,899.5,700.3,50.3,17.3,1920,1080,0.042,924.7,709.0
Round3,Q4,1199,1199.0,EMIRATES,0.6104,818.3,421.8,37.9,12.6,1920,1080,0.023,837.2,428.0
Round3,Q4,1200,1200.0,EMIRATES,0.8824,1688.6,307.9,43.4,20.1,1920,1080,0.042,1710.3,317.9
Round3,Q4,1200,1200.0,EMIRATES,0.8817,703.4,599.6,56.3,21.6,1920,1080,0.059,731.5,610.4
Round3,Q4,1201,1201.0,EMIRATES,0.8791,1426.0,559.2,37.0,15.4,1920,1080,0.027,1444.4,566.9
Round3,Q4,1201,1201.0,EMIRATES,0.8549,286.3,395.9,50.9,14.2,1920,1080,0.035,311.8,403.0
Round3,Q4,1202,1202.0,EMIRATES,0.878,364.5,549.6,58.5,20.1,1920,1080,0.057,393.7,559.6
Round3,Q4,1202,1202.0,EMIRATES,0.82,880.5,264.2,30.7,20.5,1920,1080,0.03,895.9,274.4
Round3,Q4,1204,1204.0,EMIRATES,0.868,532.6,658.2,50.0,15.6,1920,1080,0.038,557.6,666.0
Round3,Q4,1206,1206.0,EMIRATES,0.772,1779.2,248.5,13.8,55.1,1920,1080,0.037,1786.1,276.0
Round3,Q4,1206,1206.0,EMIRATES,0.4722,1783.4,194.8,14.6,49.5,1920,1080,0.035,1790.7,219.5
Round3,Q4,1207,1207.0,EMIRATES,0.6644,1840.1,242.3,10.8,52.7,1920,1080,0.028,1845.5,268.6
Round3,Q4,1207,1207.0,EMIRATES,0.4435,1680.4,228.5,11.1,46.6,1920,1080,0.025,1686.0,251.8
Round3,Q4,1207,1207.0,EMIRATES,0.3346,1684.3,179.7,11.0,46.3,1920,1080,0.024,1689.7,202.8
Round3,Q4,1207,1207.0,EMIRATES,0.3266,1842.3,194.9,12.4,46.4,1920,1080,0.028,1848.5,218.1
Round3,Q4,1213,1213.0,ACCESS_COVERS,0.3885,0.5,27.9,104.6,17.9,1920,1080,0.09,52.8,36.9
Round3,Q4,1217,1217.0,EMIRATES,0.8925,701.1,153.4,75.9,45.9,1920,1080,0.168,739.1,176.3
Round3,Q4,1217,1217.0,EMIRATES,0.8847,827.6,268.3,109.0,45.7,1920,1080,0.24,882.0,291.2
Round3,Q4,1218,1218.0,EMIRATES,0.9008,743.6,228.5,71.1,44.7,1920,1080,0.153,779.2,250.8
Round3,Q4,1218,1218.0,EMIRATES,0.8038,1076.9,287.3,41.2,50.0,1920,1080,0.099,1097.5,312.3
Round3,Q4,1219,1219.0,EMIRATES,0.9058,811.2,266.7,53.1,25.7,1920,1080,0.066,837.8,279.6
Round3,Q4,1219,1219.0,EMIRATES,0.8945,1390.8,283.5,55.3,24.9,1920,1080,0.066,1418.5,296.0
Round3,Q4,1220,1220.0,EMIRATES,0.512,953.4,53.5,43.9,12.8,1920,1080,0.027,975.3,59.9
Round3,Q4,1220,1220.0,EMIRATES,0.368,1015.1,52.5,42.2,12.9,1920,1080,0.026,1036.2,58.9
Round3,Q4,1220,1220.0,EMIRATES,0.3398,893.8,54.4,43.1,13.1,1920,1080,0.027,915.3,61.0
Round3,Q4,1221,1221.0,EMIRATES,0.6214,894.6,64.9,43.3,12.1,1920,1080,0.025,916.3,71.0
Round3,Q4,1221,1221.0,EMIRATES,0.5393,649.7,73.1,43.2,12.3,1920,1080,0.026,671.3,79.3
Round3,Q4,1221,1221.0,EMIRATES,0.4264,586.4,76.6,42.1,12.4,1920,1080,0.025,607.5,82.8
Round3,Q4,1221,1221.0,EMIRATES,0.3051,957.0,63.3,41.2,12.7,1920,1080,0.025,977.6,69.6
Round3,Q4,1222,1222.0,EMIRATES,0.4581,827.7,77.9,42.7,13.0,1920,1080,0.027,849.0,84.4
Round3,Q4,1222,1222.0,EMIRATES,0.4374,948.8,74.9,41.8,12.7,1920,1080,0.026,969.8,81.3
Round3,Q4,1222,1222.0,EMIRATES,0.3074,1251.7,77.8,42.5,13.2,1920,1080,0.027,1273.0,84.4
Round3,Q4,1229,1229.0,EMIRATES,0.4529,1729.8,165.4,51.8,16.3,1920,1080,0.041,1755.7,173.6
Round3,Q4,1229,1229.0,EMIRATES,0.3464,1806.0,170.3,51.9,16.3,1920,1080,0.041,1831.9,178.4
Round3,Q4,1229,1229.0,EMIRATES,0.3066,807.0,146.0,48.1,14.2,1920,1080,0.033,831.1,153.1
Round3,Q4,1230,1230.0,EMIRATES,0.4207,1695.3,229.9,54.6,16.6,1920,1080,0.044,1722.6,238.2
Round3,Q4,1230,1230.0,EMIRATES,0.3583,779.0,219.5,50.7,14.8,1920,1080,0.036,804.3,226.9
Round3,Q4,1231,1231.0,EMIRATES,0.8919,1735.5,1058.2,62.2,20.0,1920,1080,0.06,1766.6,1068.1
Round3,Q4,1232,1232.0,EMIRATES,0.8917,1753.8,807.6,57.9,23.9,1920,1080,0.067,1782.8,819.5
Round3,Q4,1232,1232.0,EMIRATES,0.8515,472.5,776.7,44.3,14.5,1920,1080,0.031,494.6,784.0
Round3,Q4,1232,1232.0,EMIRATES,0.5521,1825.2,548.4,41.8,19.8,1920,1080,0.04,1846.1,558.3
Round3,Q4,1233,1233.0,EMIRATES,0.879,508.1,168.3,28.1,15.3,1920,1080,0.021,522.2,175.9
Round3,Q4,1233,1233.0,EMIRATES,0.866,1290.6,709.5,60.9,18.4,1920,1080,0.054,1321.0,718.7
Round3,Q4,1233,1233.0,EMIRATES,0.8557,438.4,664.3,66.2,25.3,1920,1080,0.081,471.5,677.0
Round3,Q4,1233,1233.0,EMIRATES,0.4233,1354.7,1068.4,61.4,11.6,1920,1080,0.034,1385.4,1074.2
Round3,Q4,1239,1239.0,EMIRATES,0.853,853.9,401.3,38.5,18.7,1920,1080,0.035,873.1,410.6
Round3,Q4,1240,1240.0,EMIRATES,0.8827,741.4,320.3,41.2,14.0,1920,1080,0.028,762.1,327.3
Round3,Q4,1241,1241.0,EMIRATES,0.8732,1653.4,1054.5,52.0,25.5,1920,1080,0.064,1679.4,1067.3
Round3,Q4,1244,1244.0,EMIRATES,0.8972,1039.6,608.3,177.0,58.9,1920,1080,0.503,1128.1,637.8
Round3,Q4,1246,1246.0,EMIRATES,0.8707,991.7,739.1,196.0,77.1,1920,1080,0.729,1089.7,777.7
Round3,Q4,1247,1247.0,EMIRATES,0.8653,1029.2,658.5,118.3,66.9,1920,1080,0.382,1088.3,692.0
Round3,Q4,1249,1249.0,EMIRATES,0.8885,972.9,302.8,68.5,19.8,1920,1080,0.066,1007.1,312.7
Round3,Q4,1250,1250.0,EMIRATES,0.8876,772.3,293.3,61.0,27.6,1920,1080,0.081,802.8,307.0
Round3,Q4,1251,1251.0,EMIRATES,0.8971,663.7,364.3,61.4,26.6,1920,1080,0.079,694.5,377.6
Round3,Q4,1253,1253.0,EMIRATES,0.8422,388.8,120.1,54.1,17.7,1920,1080,0.046,415.9,129.0
Round3,Q4,1256,1256.0,EMIRATES,0.8742,647.2,564.4,46.0,18.4,1920,1080,0.041,670.2,573.6
Round3,Q4,1256,1256.0,EMIRATES,0.8676,1119.7,183.7,32.9,14.1,1920,1080,0.022,1136.2,190.7
Round3,Q4,1257,1257.0,EMIRATES,0.8676,936.8,506.0,47.1,16.4,1920,1080,0.037,960.3,514.2
Round3,Q4,1257,1257.0,EMIRATES,0.8541,261.0,646.1,50.4,17.5,1920,1080,0.042,286.2,654.8
Round3,Q4,1258,1258.0,EMIRATES,0.8709,694.8,458.8,49.4,16.7,1920,1080,0.04,719.6,467.1
Round3,Q4,1259,1259.0,EMIRATES,0.8916,561.1,593.3,47.3,22.3,1920,1080,0.051,584.8,604.5
Round3,Q4,1259,1259.0,EMIRATES,0.8653,467.4,444.0,48.4,17.7,1920,1080,0.041,491.6,452.9
Round3,Q4,1260,1260.0,EMIRATES,0.8835,735.0,377.5,52.7,20.3,1920,1080,0.052,761.3,387.6
Round3,Q4,1260,1260.0,EMIRATES,0.8625,1087.8,591.3,57.5,35.5,1920,1080,0.098,1116.6,609.1
Round3,Q4,1262,1262.0,EMIRATES,0.8992,360.6,407.9,40.1,14.7,1920,1080,0.028,380.6,415.2
Round3,Q4,1262,1262.0,EMIRATES,0.8784,1703.1,464.2,27.5,17.3,1920,1080,0.023,1716.9,472.9
Round3,Q4,1262,1262.0,EMIRATES,0.5718,150.6,414.8,29.1,25.6,1920,1080,0.036,165.2,427.6
Round3,Q4,1262,1262.0,EMIRATES,0.3982,988.7,408.2,26.2,37.9,1920,1080,0.048,1001.8,427.1
Round3,Q4,1263,1263.0,EMIRATES,0.8886,1503.0,548.6,57.5,19.3,1920,1080,0.053,1531.7,558.2
Round3,Q4,1263,1263.0,EMIRATES,0.8841,1043.5,323.0,51.6,16.0,1920,1080,0.04,1069.3,331.0
Round3,Q4,1264,1264.0,EMIRATES,0.9189,968.3,472.9,138.4,37.7,1920,1080,0.252,1037.5,491.7
Round3,Q4,1264,1264.0,EMIRATES,0.8921,474.3,3.9,134.7,37.8,1920,1080,0.246,541.6,22.8
Round3,Q4,1268,1268.0,EMIRATES,0.8934,1476.8,476.4,39.2,14.0,1920,1080,0.026,1496.4,483.4
Round3,Q4,1269,1269.0,EMIRATES,0.8822,1070.1,428.8,53.2,17.0,1920,1080,0.044,1096.7,437.3
Round3,Q4,1270,1270.0,EMIRATES,0.8678,749.1,389.0,43.2,20.6,1920,1080,0.043,770.7,399.2
Round3,Q4,1273,1273.0,EMIRATES,0.8876,1105.3,294.7,32.4,13.9,1920,1080,0.022,1121.5,301.6
Round3,Q4,1273,1273.0,EMIRATES,0.8059,159.2,421.6,53.2,13.0,1920,1080,0.033,185.8,428.0
Round3,Q4,1274,1274.0,ACCESS_COVERS,0.3635,0.0,427.6,68.5,33.2,1920,1080,0.11,34.2,444.2
Round3,Q4,1277,1277.0,EMIRATES,0.8982,244.0,573.8,48.9,16.0,1920,1080,0.038,268.4,581.8
Round3,Q4,1277,1277.0,EMIRATES,0.8781,47.5,1015.8,63.9,20.2,1920,1080,0.062,79.4,1025.9
Round3,Q4,1288,1288.0,EMIRATES,0.7775,956.8,495.6,25.9,17.6,1920,1080,0.022,969.7,504.4
Round3,Q4,1291,1291.0,EMIRATES,0.8921,1381.8,78.9,55.5,19.6,1920,1080,0.052,1409.5,88.7
Round3,Q4,1292,1292.0,EMIRATES,0.4422,935.4,119.5,23.9,11.7,1920,1080,0.013,947.3,125.4
Round3,Q4,1293,1293.0,EMIRATES,0.8949,1842.1,92.5,69.5,25.9,1920,1080,0.087,1876.8,105.4
Round3,Q4,1293,1293.0,EMIRATES,0.8556,915.0,107.2,57.3,21.3,1920,1080,0.059,943.6,117.9
Round3,Q4,1294,1294.0,EMIRATES,0.904,1127.0,104.3,74.7,29.5,1920,1080,0.106,1164.4,119.1
Round3,Q4,1294,1294.0,EMIRATES,0.8875,1536.8,172.9,56.1,27.4,1920,1080,0.074,1564.8,186.6
Round3,Q4,1294,1294.0,EMIRATES,0.8857,907.8,123.4,74.7,23.6,1920,1080,0.085,945.2,135.2
Round3,Q4,1295,1295.0,EMIRATES,0.8946,916.1,152.9,42.5,27.8,1920,1080,0.057,937.3,166.8
Round3,Q4,1295,1295.0,EMIRATES,0.8694,1340.4,196.4,42.5,29.2,1920,1080,0.06,1361.7,211.0
Round3,Q4,1295,1295.0,EMIRATES,0.8588,1267.6,227.8,45.8,22.2,1920,1080,0.049,1290.5,238.9
Round3,Q4,1296,1296.0,EMIRATES,0.9029,1366.5,219.1,43.7,20.3,1920,1080,0.043,1388.4,229.3
Round3,Q4,1296,1296.0,EMIRATES,0.8861,1722.8,234.1,38.6,26.8,1920,1080,0.05,1742.1,247.5
Round3,Q4,1296,1296.0,EMIRATES,0.8843,1100.2,202.3,49.8,21.2,1920,1080,0.051,1125.1,212.9
Round3,Q4,1297,1297.0,EMIRATES,0.8967,1488.9,236.3,31.7,19.2,1920,1080,0.029,1504.7,245.9
Round3,Q4,1297,1297.0,EMIRATES,0.8966,1104.8,214.6,52.4,17.1,1920,1080,0.043,1131.0,223.1
Round3,Q4,1298,1298.0,EMIRATES,0.8886,1669.0,247.6,49.5,21.7,1920,1080,0.052,1693.8,258.4
Round3,Q4,1298,1298.0,EMIRATES,0.8843,1189.0,202.7,54.1,15.5,1920,1080,0.04,1216.0,210.4
Round3,Q4,1299,1299.0,EMIRATES,0.8767,1821.2,226.3,52.1,24.8,1920,1080,0.062,1847.3,238.7
Round3,Q4,1299,1299.0,EMIRATES,0.8753,1498.6,196.9,46.2,17.8,1920,1080,0.04,1521.7,205.8
Round3,Q4,1304,1304.0,EMIRATES,0.4651,1528.8,438.8,10.7,50.3,1920,1080,0.026,1534.2,464.0
Round3,Q4,1306,1306.0,EMIRATES,0.8608,1497.9,781.2,77.9,26.5,1920,1080,0.099,1536.8,794.5
Round3,Q4,1307,1307.0,EMIRATES,0.8688,1232.9,587.4,43.6,22.5,1920,1080,0.047,1254.7,598.7
Round3,Q4,1309,1309.0,EMIRATES,0.3883,1762.4,7.5,36.3,15.7,1920,1080,0.027,1780.6,15.3
Round3,Q4,1310,1310.0,EMIRATES,0.3601,906.2,414.0,44.0,24.0,1920,1080,0.051,928.2,426.0
Round3,Q4,1311,1311.0,EMIRATES,0.8615,938.8,449.6,29.6,21.0,1920,1080,0.03,953.6,460.1
Round3,Q4,1312,1312.0,EMIRATES,0.8933,342.7,204.7,33.3,13.3,1920,1080,0.021,359.3,211.4
Round3,Q4,1312,1312.0,EMIRATES,0.8702,1018.0,303.7,25.6,10.6,1920,1080,0.013,1030.8,309.0
Round3,Q4,1312,1312.0,EMIRATES,0.734,850.0,336.0,27.3,11.4,1920,1080,0.015,863.7,341.8
Round3,Q4,1312,1312.0,EMIRATES,0.6758,1523.5,469.1,37.1,11.8,1920,1080,0.021,1542.1,474.9
Round3,Q4,1313,1313.0,EMIRATES,0.8927,892.0,395.8,40.9,12.2,1920,1080,0.024,912.4,401.9
Round3,Q4,1314,1314.0,EMIRATES,0.8457,947.1,252.6,31.1,17.4,1920,1080,0.026,962.7,261.3
Round3,Q4,1314,1314.0,EMIRATES,0.7773,590.7,178.1,22.9,16.6,1920,1080,0.018,602.1,186.4
Round3,Q4,1315,1315.0,EMIRATES,0.8906,1144.8,382.4,44.9,16.7,1920,1080,0.036,1167.2,390.7
Round3,Q4,1315,1315.0,EMIRATES,0.8195,649.7,777.9,59.9,15.3,1920,1080,0.044,679.6,785.5
Round3,Q4,1315,1315.0,EMIRATES,0.3455,995.6,390.0,33.5,13.9,1920,1080,0.022,1012.3,396.9
Round3,Q4,1316,1316.0,EMIRATES,0.8532,480.8,186.5,55.7,19.1,1920,1080,0.051,508.7,196.1
Round3,Q4,1316,1316.0,EMIRATES,0.8025,1673.4,361.1,60.5,19.0,1920,1080,0.055,1703.7,370.5
Round3,Q4,1316,1316.0,EMIRATES,0.778,748.0,540.6,55.1,15.3,1920,1080,0.041,775.6,548.3
Round3,Q4,1317,1317.0,EMIRATES,0.8949,1060.3,412.8,48.9,17.0,1920,1080,0.04,1084.7,421.2
Round3,Q4,1317,1317.0,EMIRATES,0.8477,1576.5,207.2,52.1,16.9,1920,1080,0.043,1602.5,215.7
Round3,Q4,1317,1317.0,EMIRATES,0.8463,1261.6,18.7,48.5,16.4,1920,1080,0.038,1285.9,26.9
Round3,Q4,1317,1317.0,EMIRATES,0.3843,399.2,1.0,42.6,10.7,1920,1080,0.022,420.4,6.3
Round3,Q4,1318,1318.0,EMIRATES,0.8952,819.2,71.1,38.5,14.1,1920,1080,0.026,838.4,78.2
Round3,Q4,1318,1318.0,EMIRATES,0.8839,796.2,408.8,44.8,17.7,1920,1080,0.038,818.6,417.6
Round3,Q4,1318,1318.0,EMIRATES,0.8596,157.2,111.4,45.7,14.4,1920,1080,0.032,180.0,118.5
Round3,Q4,1346,1346.0,EMIRATES,0.8678,1677.2,752.8,33.5,15.6,1920,1080,0.025,1693.9,760.6
Round3,Q4,1346,1346.0,EMIRATES,0.6822,873.8,650.6,37.4,14.2,1920,1080,0.026,892.5,657.7
Round3,Q4,1346,1346.0,EMIRATES,0.6799,1028.3,657.8,32.9,14.2,1920,1080,0.023,1044.7,664.9
Round3,Q4,1349,1349.0,EMIRATES,0.8909,362.9,632.0,139.9,68.5,1920,1080,0.462,432.8,666.3
Round3,Q4,1356,1356.0,ACCESS_COVERS,0.3539,1778.1,236.5,103.6,17.8,1920,1080,0.089,1829.9,245.4
Round3,Q4,1360,1360.0,EMIRATES,0.8863,903.5,424.5,61.1,23.6,1920,1080,0.07,934.0,436.3
Round3,Q4,1366,1366.0,EMIRATES,0.8235,1734.2,242.0,60.8,25.1,1920,1080,0.074,1764.6,254.5
Round3,Q4,1367,1367.0,EMIRATES,0.6117,10.1,89.1,59.5,30.4,1920,1080,0.087,39.9,104.3
Round3,Q4,1368,1368.0,EMIRATES,0.8702,1633.8,504.8,62.9,45.6,1920,1080,0.138,1665.2,527.6
Round3,Q4,1368,1368.0,EMIRATES,0.7488,14.2,164.7,59.0,35.1,1920,1080,0.1,43.7,182.3
Round3,Q4,1373,1373.0,EMIRATES,0.8681,841.7,375.2,44.4,21.5,1920,1080,0.046,863.8,386.0
Round3,Q4,1374,1374.0,EMIRATES,0.8876,782.9,229.2,39.5,30.9,1920,1080,0.059,802.6,244.7
Round3,Q4,1375,1375.0,EMIRATES,0.896,957.3,380.3,55.3,39.7,1920,1080,0.106,984.9,400.2
Round3,Q4,1375,1375.0,EMIRATES,0.737,1752.0,376.4,30.9,38.6,1920,1080,0.058,1767.4,395.7
Round3,Q4,1376,1376.0,EMIRATES,0.8912,892.1,294.6,74.1,34.4,1920,1080,0.123,929.2,311.8
Round3,Q4,1376,1376.0,EMIRATES,0.8786,1058.2,300.9,62.4,38.9,1920,1080,0.117,1089.4,320.3
Round3,Q4,1376,1376.0,EMIRATES,0.5039,709.0,318.4,31.1,58.0,1920,1080,0.087,724.6,347.4
Round3,Q4,1377,1377.0,EMIRATES,0.8505,807.4,395.4,142.8,75.9,1920,1080,0.523,878.8,433.3
Round3,Q4,1377,1377.0,EMIRATES,0.8016,230.4,354.4,139.6,51.4,1920,1080,0.346,300.2,380.1
Round3,Q4,1378,1378.0,EMIRATES,0.8767,1797.9,578.8,105.4,35.0,1920,1080,0.178,1850.6,596.3
Round3,Q4,1378,1378.0,EMIRATES,0.8643,1369.2,453.3,140.0,53.1,1920,1080,0.358,1439.2,479.9
Round3,Q4,1378,1378.0,EMIRATES,0.8608,1676.0,475.9,84.6,39.2,1920,1080,0.16,1718.3,495.5
Round3,Q4,1379,1379.0,EMIRATES,0.8225,1312.0,386.9,69.5,18.7,1920,1080,0.063,1346.8,396.3
Round3,Q4,1379,1379.0,EMIRATES,0.7763,1398.7,630.4,61.6,20.4,1920,1080,0.06,1429.5,640.6
Round3,Q4,1380,1380.0,EMIRATES,0.8635,344.5,578.5,53.7,18.9,1920,1080,0.049,371.3,587.9
Round3,Q4,1380,1380.0,EMIRATES,0.8603,1749.1,889.2,39.5,18.3,1920,1080,0.035,1768.8,898.3
Round3,Q4,1380,1380.0,EMIRATES,0.8082,1351.8,546.8,76.3,18.8,1920,1080,0.069,1390.0,556.2
Round3,Q4,1380,1380.0,EMIRATES,0.6205,1863.2,855.2,28.4,12.5,1920,1080,0.017,1877.4,861.5
Round3,Q4,1381,1381.0,EMIRATES,0.8845,1678.5,901.5,41.9,13.7,1920,1080,0.028,1699.4,908.4
Round3,Q4,1381,1381.0,EMIRATES,0.8774,1855.5,901.9,35.6,13.7,1920,1080,0.023,1873.4,908.7
Round3,Q4,1381,1381.0,EMIRATES,0.8774,1030.1,844.4,73.1,27.5,1920,1080,0.097,1066.7,858.2
Round3,Q4,1381,1381.0,EMIRATES,0.8757,364.0,883.1,78.7,20.3,1920,1080,0.077,403.3,893.2
Round3,Q4,1382,1382.0,EMIRATES,0.8386,1767.2,717.4,102.0,31.0,1920,1080,0.152,1818.2,733.0
Round3,Q4,1382,1382.0,EMIRATES,0.8305,1852.4,906.0,35.1,14.7,1920,1080,0.025,1869.9,913.4
Round3,Q4,1382,1382.0,EMIRATES,0.8039,1286.2,746.7,103.9,25.5,1920,1080,0.128,1338.1,759.5
Round3,Q4,1383,1383.0,EMIRATES,0.9,1750.0,896.3,36.8,13.7,1920,1080,0.024,1768.4,903.1
Round3,Q4,1383,1383.0,EMIRATES,0.6418,1120.3,749.4,76.5,24.4,1920,1080,0.09,1158.6,761.6
Round3,Q4,1385,1385.0,EMIRATES,0.7198,0.0,784.6,15.2,29.3,1920,1080,0.021,7.6,799.3
Round3,Q4,1386,1386.0,EMIRATES,0.8852,1233.0,414.1,138.3,52.3,1920,1080,0.349,1302.1,440.3
Round3,Q4,1387,1387.0,EMIRATES,0.9022,1277.8,386.7,149.1,40.7,1920,1080,0.293,1352.3,407.1
Round3,Q4,1387,1387.0,EMIRATES,0.5452,0.0,64.7,75.9,273.2,1920,1080,1.0,37.9,201.3
Round3,Q4,1390,1390.0,EMIRATES,0.8571,919.4,325.4,30.0,22.5,1920,1080,0.033,934.4,336.6
Round3,Q4,1392,1392.0,EMIRATES,0.8846,90.3,698.0,39.9,21.3,1920,1080,0.041,110.3,708.7
Round3,Q4,1392,1392.0,EMIRATES,0.8717,1450.1,576.3,38.8,25.0,1920,1080,0.047,1469.5,588.9
Round3,Q4,1392,1392.0,EMIRATES,0.8651,985.4,316.3,44.1,15.5,1920,1080,0.033,1007.4,324.1
Round3,Q4,1392,1392.0,EMIRATES,0.7974,290.4,219.2,32.1,17.0,1920,1080,0.026,306.5,227.7
Round3,Q4,1393,1393.0,EMIRATES,0.5111,1113.5,453.7,57.4,15.3,1920,1080,0.042,1142.2,461.3
Round3,Q4,1394,1394.0,EMIRATES,0.8256,634.7,267.4,28.6,25.6,1920,1080,0.035,649.0,280.2
Round3,Q4,1395,1395.0,EMIRATES,0.7614,903.9,225.5,31.5,20.4,1920,1080,0.031,919.6,235.7
Round3,Q4,1396,1396.0,EMIRATES,0.8833,629.9,154.1,45.5,17.7,1920,1080,0.039,652.7,162.9
Round3,Q4,1396,1396.0,EMIRATES,0.8318,2.0,213.4,53.4,18.8,1920,1080,0.049,28.7,222.9
Round3,Q4,1397,1397.0,EMIRATES,0.682,538.1,497.8,42.8,13.3,1920,1080,0.027,559.5,504.4
Round3,Q4,1398,1398.0,EMIRATES,0.8649,770.5,266.1,46.7,16.2,1920,1080,0.037,793.9,274.2
Round3,Q4,1400,1400.0,EMIRATES,0.8733,846.1,502.4,50.3,21.2,1920,1080,0.051,871.3,513.0
Round3,Q4,1409,1409.0,EMIRATES,0.8085,614.4,338.4,38.8,19.0,1920,1080,0.036,633.8,347.9
Round3,Q4,1410,1410.0,EMIRATES,0.8649,501.7,130.1,30.6,14.6,1920,1080,0.021,517.0,137.3
Round3,Q4,1410,1410.0,EMIRATES,0.4816,681.2,453.4,26.0,19.0,1920,1080,0.024,694.2,463.0
Round3,Q4,1411,1411.0,EMIRATES,0.8445,1152.3,463.1,30.0,11.0,1920,1080,0.016,1167.2,468.6
Round3,Q4,1412,1412.0,EMIRATES,0.8831,1245.2,367.0,49.4,14.3,1920,1080,0.034,1269.9,374.1
Round3,Q4,1414,1414.0,EMIRATES,0.6377,1355.4,558.9,13.8,60.2,1920,1080,0.04,1362.3,589.0
Round3,Q4,1414,1414.0,EMIRATES,0.5884,1543.3,584.1,14.9,62.7,1920,1080,0.045,1550.7,615.5
Round3,Q4,1414,1414.0,EMIRATES,0.5379,1026.4,518.6,12.3,53.9,1920,1080,0.032,1032.5,545.5
Round3,Q4,1414,1414.0,EMIRATES,0.348,1183.0,531.0,14.8,65.2,1920,1080,0.047,1190.4,563.6
Round3,Q4,1414,1414.0,EMIRATES,0.329,1544.0,535.3,16.4,47.6,1920,1080,0.038,1552.2,559.1
Round3,Q4,1414,1414.0,EMIRATES,0.3226,1355.9,509.6,15.2,49.6,1920,1080,0.036,1363.6,534.4
Round3,Q4,1415,1415.0,EMIRATES,0.8772,1380.0,133.1,56.1,332.6,1920,1080,0.9,1408.1,299.4
Round3,Q4,1415,1415.0,EMIRATES,0.8288,466.0,467.7,33.7,18.3,1920,1080,0.03,482.8,476.8
Round3,Q4,1415,1415.0,EMIRATES,0.8237,1881.8,672.3,38.2,23.1,1920,1080,0.043,1900.9,683.9
Round3,Q4,1415,1415.0,EMIRATES,0.6971,1377.1,12.4,59.6,101.3,1920,1080,0.291,1406.9,63.0
Round3,Q4,1416,1416.0,EMIRATES,0.8864,1055.6,453.0,62.0,22.7,1920,1080,0.068,1086.6,464.4
Round3,Q4,1416,1416.0,EMIRATES,0.8524,1107.4,0.0,70.9,356.2,1920,1080,1.217,1142.9,178.1
Round3,Q4,1417,1417.0,EMIRATES,0.8637,936.8,360.8,48.3,22.4,1920,1080,0.052,960.9,372.0
Round3,Q4,1418,1418.0,EMIRATES,0.7597,1114.9,333.5,31.5,15.6,1920,1080,0.024,1130.6,341.3
Round3,Q4,1418,1418.0,EMIRATES,0.6961,1583.3,1036.3,29.1,22.3,1920,1080,0.031,1597.9,1047.4
Round3,Q4,1421,1421.0,EMIRATES,0.8662,1595.2,491.3,55.3,15.0,1920,1080,0.04,1622.8,498.8
Round3,Q4,1421,1421.0,EMIRATES,0.8452,1283.8,446.4,55.0,19.0,1920,1080,0.05,1311.3,455.8
Round3,Q4,1422,1422.0,EMIRATES,0.8839,1484.9,554.2,41.7,22.9,1920,1080,0.046,1505.8,565.6
Round3,Q4,1422,1422.0,EMIRATES,0.4635,1272.4,423.6,45.5,16.7,1920,1080,0.037,1295.1,431.9
Round3,Q4,1427,1427.0,EMIRATES,0.8696,137.2,604.6,63.6,17.6,1920,1080,0.054,169.0,613.4
Round3,Q4,1429,1429.0,EMIRATES,0.8427,591.3,559.6,36.3,15.8,1920,1080,0.028,609.4,567.5
Round3,Q4,1429,1429.0,EMIRATES,0.8086,739.3,364.8,51.9,13.3,1920,1080,0.033,765.3,371.5
Round3,Q4,1432,1432.0,EMIRATES,0.8807,621.4,496.3,49.6,17.9,1920,1080,0.043,646.2,505.3
Round3,Q4,1433,1433.0,EMIRATES,0.8667,513.5,389.8,39.7,17.7,1920,1080,0.034,533.4,398.7
Round3,Q4,1434,1434.0,EMIRATES,0.8696,612.2,397.1,51.3,18.7,1920,1080,0.046,637.9,406.5
Round3,Q4,1434,1434.0,EMIRATES,0.8557,1278.0,912.0,58.8,19.9,1920,1080,0.056,1307.4,921.9
Round3,Q4,1435,1435.0,EMIRATES,0.8167,1450.8,793.4,27.3,19.2,1920,1080,0.025,1464.5,803.0
Round3,Q4,1436,1436.0,EMIRATES,0.8838,1251.6,458.2,44.7,20.4,1920,1080,0.044,1273.9,468.4
Round3,Q4,1436,1436.0,EMIRATES,0.8725,947.8,148.1,48.6,21.6,1920,1080,0.051,972.1,158.9
Round3,Q4,1437,1437.0,EMIRATES,0.8498,1513.7,845.6,83.4,56.4,1920,1080,0.227,1555.4,873.8
Round3,Q4,1437,1437.0,EMIRATES,0.6767,0.0,180.8,30.1,26.4,1920,1080,0.038,15.1,194.0
Round3,Q4,1437,1437.0,EMIRATES,0.6218,254.5,341.5,45.1,29.6,1920,1080,0.064,277.0,356.3
Round3,Q4,1439,1439.0,EMIRATES,0.862,1161.8,496.4,56.1,15.4,1920,1080,0.042,1189.8,504.1
Round3,Q4,1439,1439.0,EMIRATES,0.7564,501.0,100.2,54.8,17.2,1920,1080,0.045,528.4,108.8
Round3,Q4,1439,1439.0,EMIRATES,0.345,711.2,513.5,47.0,23.0,1920,1080,0.052,734.7,525.0
Round3,Q4,1441,1441.0,EMIRATES,0.6647,533.8,427.7,65.7,19.0,1920,1080,0.06,566.7,437.2
Round3,Q4,1445,1445.0,EMIRATES,0.8887,923.9,569.4,57.8,25.6,1920,1080,0.071,952.8,582.2
Round3,Q4,1446,1446.0,EMIRATES,0.8722,932.5,386.1,61.8,18.6,1920,1080,0.055,963.4,395.4
Round3,Q4,1457,1457.0,EMIRATES,0.906,1017.8,482.5,36.5,13.1,1920,1080,0.023,1036.0,489.0
Round3,Q4,1460,1460.0,EMIRATES,0.8494,953.8,496.5,26.1,18.2,1920,1080,0.023,966.8,505.6
Round3,Q4,1461,1461.0,EMIRATES,0.3783,1901.8,87.6,18.2,62.3,1920,1080,0.055,1910.9,118.7
Round3,Q4,1462,1462.0,EMIRATES,0.5214,1876.2,67.2,43.8,52.5,1920,1080,0.111,1898.1,93.4
Round3,Q4,1476,1476.0,CRUSADER_CARAVANS,0.3643,0.0,0.0,1332.9,453.8,1920,1080,29.171,666.5,226.9
Round3,Q4,1477,1477.0,EMIRATES,0.893,0.0,987.2,239.6,90.0,1920,1080,1.04,119.8,1032.2
Round3,Q4,1480,1480.0,EMIRATES,0.8984,138.9,1003.6,155.5,75.5,1920,1080,0.566,216.6,1041.3
Round3,Q4,1490,1490.0,EMIRATES,0.8425,625.0,898.3,22.2,9.7,1920,1080,0.01,636.1,903.1
Round3,Q4,1506,1506.0,EMIRATES,0.883,936.9,543.9,50.2,24.1,1920,1080,0.058,962.0,555.9
Round3,Q4,1506,1506.0,EMIRATES,0.3951,1062.6,254.9,22.8,21.8,1920,1080,0.024,1074.0,265.8
Round3,Q4,1507,1507.0,EMIRATES,0.8764,1273.7,481.3,34.9,23.6,1920,1080,0.04,1291.2,493.1
Round3,Q4,1507,1507.0,EMIRATES,0.3964,958.7,305.4,21.4,15.3,1920,1080,0.016,969.4,313.0
Round3,Q4,1508,1508.0,EMIRATES,0.8428,469.3,928.3,35.8,19.6,1920,1080,0.034,487.2,938.1
Round3,Q4,1508,1508.0,EMIRATES,0.841,1049.4,310.6,38.6,14.8,1920,1080,0.027,1068.7,318.0
Round3,Q4,1511,1511.0,EMIRATES,0.8911,810.1,450.4,38.5,14.1,1920,1080,0.026,829.3,457.4
Round3,Q4,1511,1511.0,EMIRATES,0.3547,1206.5,301.2,63.5,19.3,1920,1080,0.059,1238.2,310.9
Round3,Q4,1512,1512.0,EMIRATES,0.8343,674.8,389.2,31.8,21.0,1920,1080,0.032,690.7,399.7
Round3,Q4,1515,1515.0,EMIRATES,0.7941,254.4,687.2,51.2,19.6,1920,1080,0.048,280.0,697.1
Round3,Q4,1516,1516.0,EMIRATES,0.794,492.4,424.3,51.9,13.4,1920,1080,0.034,518.3,431.0
Round3,Q4,1516,1516.0,EMIRATES,0.7899,86.4,533.5,53.7,19.8,1920,1080,0.051,113.2,543.5
Round3,Q4,1518,1518.0,EMIRATES,0.8887,332.4,163.7,40.4,15.1,1920,1080,0.03,352.6,171.3
Round3,Q4,1518,1518.0,EMIRATES,0.8753,504.4,618.7,56.3,20.3,1920,1080,0.055,532.6,628.9
Round3,Q4,1519,1519.0,EMIRATES,0.8588,854.6,515.8,55.6,17.0,1920,1080,0.046,882.4,524.3
Round3,Q4,1520,1520.0,EMIRATES,0.5378,1337.0,435.1,55.0,12.6,1920,1080,0.033,1364.5,441.4
Round3,Q4,1521,1521.0,EMIRATES,0.8813,737.6,290.3,42.5,21.3,1920,1080,0.044,758.9,300.9
Round3,Q4,1522,1522.0,EMIRATES,0.8845,1198.4,640.1,75.7,24.5,1920,1080,0.09,1236.2,652.3
Round3,Q4,1523,1523.0,EMIRATES,0.8918,704.1,611.0,63.2,22.8,1920,1080,0.069,735.7,622.4
Round3,Q4,1523,1523.0,EMIRATES,0.383,1071.7,464.7,40.5,32.4,1920,1080,0.063,1092.0,480.9
Round3,Q4,1524,1524.0,EMIRATES,0.898,360.2,569.9,59.7,19.5,1920,1080,0.056,390.1,579.7
Round3,Q4,1524,1524.0,EMIRATES,0.8881,743.5,195.9,43.8,15.8,1920,1080,0.033,765.4,203.8
Round3,Q4,1525,1525.0,EMIRATES,0.8758,112.3,530.5,54.5,18.1,1920,1080,0.048,139.5,539.6
Round3,Q4,1525,1525.0,EMIRATES,0.8643,692.4,348.6,36.7,18.2,1920,1080,0.032,710.8,357.7
Round3,Q4,1525,1525.0,EMIRATES,0.8375,940.8,246.7,38.8,16.1,1920,1080,0.03,960.2,254.8
Round3,Q4,1533,1533.0,EMIRATES,0.895,233.1,464.0,37.3,14.3,1920,1080,0.026,251.7,471.1
Round3,Q4,1533,1533.0,EMIRATES,0.8891,146.7,472.2,36.6,14.0,1920,1080,0.025,165.0,479.2
Round3,Q4,1533,1533.0,EMIRATES,0.8775,1720.5,382.7,34.2,12.5,1920,1080,0.021,1737.6,388.9
Round3,Q4,1533,1533.0,EMIRATES,0.8733,1369.6,461.2,37.9,14.3,1920,1080,0.026,1388.6,468.3
Round3,Q4,1534,1534.0,EMIRATES,0.8946,1734.3,401.1,34.4,11.7,1920,1080,0.019,1751.5,406.9
Round3,Q4,1534,1534.0,EMIRATES,0.8896,1158.2,474.1,35.4,14.3,1920,1080,0.024,1175.9,481.2
Round3,Q4,1534,1534.0,EMIRATES,0.8765,233.0,297.0,26.4,12.8,1920,1080,0.016,246.2,303.4
Round3,Q4,1534,1534.0,EMIRATES,0.8041,9.4,524.3,32.2,16.0,1920,1080,0.025,25.5,532.3
Round3,Q4,1534,1534.0,EMIRATES,0.6836,158.8,514.1,28.8,14.9,1920,1080,0.021,173.2,521.5
Round3,Q4,1534,1534.0,EMIRATES,0.474,888.8,534.3,27.1,20.3,1920,1080,0.027,902.3,544.5
Round3,Q4,1535,1535.0,EMIRATES,0.8952,200.2,304.5,34.6,12.9,1920,1080,0.022,217.4,311.0
Round3,Q4,1535,1535.0,EMIRATES,0.893,1728.3,382.2,35.8,12.4,1920,1080,0.021,1746.2,388.4
Round3,Q4,1535,1535.0,EMIRATES,0.806,948.2,506.4,33.8,13.2,1920,1080,0.022,965.1,513.0
Round3,Q4,1536,1536.0,EMIRATES,0.8706,1628.6,379.1,41.2,14.0,1920,1080,0.028,1649.2,386.1
Round3,Q4,1536,1536.0,EMIRATES,0.7477,44.0,297.0,39.2,15.6,1920,1080,0.029,63.6,304.8
Round3,Q4,1536,1536.0,EMIRATES,0.3496,615.5,666.2,26.0,17.1,1920,1080,0.021,628.5,674.8
Round3,Q4,1537,1537.0,EMIRATES,0.9055,555.2,502.4,33.7,16.0,1920,1080,0.026,572.1,510.4
Round3,Q4,1537,1537.0,EMIRATES,0.8602,978.0,495.4,38.7,14.9,1920,1080,0.028,997.3,502.9
Round3,Q4,1537,1537.0,EMIRATES,0.8577,1172.1,375.0,38.3,13.8,1920,1080,0.025,1191.3,381.9
Round3,Q4,1537,1537.0,EMIRATES,0.6266,1092.4,505.6,29.3,15.9,1920,1080,0.023,1107.1,513.5
Round3,Q4,1538,1538.0,EMIRATES,0.8919,573.7,602.1,32.7,15.7,1920,1080,0.025,590.1,610.0
Round3,Q4,1538,1538.0,EMIRATES,0.8716,1213.0,519.0,38.3,12.2,1920,1080,0.022,1232.2,525.1
Round3,Q4,1538,1538.0,EMIRATES,0.8549,974.5,385.9,32.7,12.9,1920,1080,0.02,990.8,392.4
Round3,Q4,1538,1538.0,EMIRATES,0.371,793.9,553.3,26.7,18.0,1920,1080,0.023,807.2,562.3
Round3,Q4,1539,1539.0,EMIRATES,0.8776,573.4,550.4,28.0,15.4,1920,1080,0.021,587.4,558.1
Round3,Q4,1539,1539.0,EMIRATES,0.8445,1079.0,476.6,33.2,13.1,1920,1080,0.021,1095.6,483.2
Round3,Q4,1539,1539.0,EMIRATES,0.6594,888.9,349.4,22.8,11.8,1920,1080,0.013,900.2,355.3
Round3,Q4,1540,1540.0,EMIRATES,0.8736,712.0,247.0,37.6,13.1,1920,1080,0.024,730.8,253.5
Round3,Q4,1540,1540.0,EMIRATES,0.8627,0.0,1032.9,29.3,17.7,1920,1080,0.025,14.7,1041.8
Round3,Q4,1540,1540.0,EMIRATES,0.6771,945.7,495.7,46.5,10.0,1920,1080,0.022,969.0,500.7
Round3,Q4,1541,1541.0,EMIRATES,0.8877,328.2,406.8,33.2,13.8,1920,1080,0.022,344.8,413.7
Round3,Q4,1541,1541.0,EMIRATES,0.8764,1013.0,415.7,34.4,13.8,1920,1080,0.023,1030.2,422.6
Round3,Q4,1541,1541.0,EMIRATES,0.7608,518.7,167.1,37.3,15.0,1920,1080,0.027,537.4,174.6
Round3,Q4,1541,1541.0,EMIRATES,0.7443,0.0,915.9,16.1,18.0,1920,1080,0.014,8.0,924.8
Round3,Q4,1542,1542.0,EMIRATES,0.8411,187.3,131.4,36.3,12.3,1920,1080,0.021,205.4,137.6
Round3,Q4,1542,1542.0,EMIRATES,0.8107,1038.8,480.4,29.8,15.2,1920,1080,0.022,1053.7,488.0
Round3,Q4,1543,1543.0,EMIRATES,0.8907,1285.0,494.2,31.4,14.4,1920,1080,0.022,1300.7,501.3
Round3,Q4,1543,1543.0,EMIRATES,0.8226,284.6,104.7,37.3,12.4,1920,1080,0.022,303.3,111.0
Round3,Q4,1543,1543.0,EMIRATES,0.6912,968.7,467.2,43.7,14.5,1920,1080,0.031,990.6,474.5
Round3,Q4,1544,1544.0,EMIRATES,0.8816,1573.0,530.0,43.9,17.3,1920,1080,0.037,1595.0,538.7
Round3,Q4,1544,1544.0,EMIRATES,0.8724,1876.0,608.5,44.0,16.4,1920,1080,0.035,1898.0,616.7
Round3,Q4,1544,1544.0,EMIRATES,0.6526,361.4,112.9,30.3,12.1,1920,1080,0.018,376.5,118.9
Round3,Q4,1546,1546.0,EMIRATES,0.3024,1702.4,481.0,19.3,60.7,1920,1080,0.056,1712.0,511.3
Round3,Q4,1547,1547.0,EMIRATES,0.7605,1138.6,472.1,12.0,51.7,1920,1080,0.03,1144.6,497.9
Round3,Q4,1547,1547.0,EMIRATES,0.7402,1307.2,448.7,11.4,38.4,1920,1080,0.021,1312.9,467.9
Round3,Q4,1547,1547.0,EMIRATES,0.5719,1140.6,427.7,11.4,38.2,1920,1080,0.021,1146.4,446.8
Round3,Q4,1547,1547.0,EMIRATES,0.4745,986.7,410.5,10.9,37.6,1920,1080,0.02,992.1,429.3
Round3,Q4,1547,1547.0,EMIRATES,0.4512,986.3,456.0,10.9,47.9,1920,1080,0.025,991.8,479.9
Round3,Q4,1547,1547.0,EMIRATES,0.4124,1304.5,495.5,11.4,55.9,1920,1080,0.031,1310.2,523.4
Round3,Q4,1547,1547.0,EMIRATES,0.3877,845.5,394.2,10.0,39.5,1920,1080,0.019,850.5,413.9
Round3,Q4,1548,1548.0,EMIRATES,0.8933,361.2,581.0,40.3,20.7,1920,1080,0.04,381.3,591.3
Round3,Q4,1548,1548.0,EMIRATES,0.8134,1092.2,4.9,74.9,185.7,1920,1080,0.671,1129.6,97.7
Round3,Q4,1549,1549.0,EMIRATES,0.8979,1155.8,284.7,41.0,18.2,1920,1080,0.036,1176.3,293.8
Round3,Q4,1549,1549.0,EMIRATES,0.8856,329.4,506.1,41.5,16.5,1920,1080,0.033,350.1,514.3
Round3,Q4,1551,1551.0,EMIRATES,0.8067,1101.4,278.3,47.2,15.3,1920,1080,0.035,1125.0,286.0
Round3,Q4,1551,1551.0,EMIRATES,0.772,136.7,197.3,46.1,280.4,1920,1080,0.624,159.8,337.5
Round3,Q4,1553,1553.0,EMIRATES,0.8587,921.5,472.5,65.5,20.4,1920,1080,0.064,954.2,482.6
Round3,Q4,1553,1553.0,EMIRATES,0.3795,160.9,417.2,45.3,255.6,1920,1080,0.559,183.5,545.0
Round3,Q4,1558,1558.0,EMIRATES,0.9112,1663.8,522.9,175.6,45.0,1920,1080,0.381,1751.6,545.4
Round3,Q4,1559,1559.0,EMIRATES,0.9086,1713.6,382.2,88.2,54.4,1920,1080,0.231,1757.7,409.5
Round3,Q4,1559,1559.0,EMIRATES,0.9006,484.3,487.5,167.3,42.9,1920,1080,0.346,567.9,509.0
Round3,Q4,1561,1561.0,EMIRATES,0.9176,1624.4,394.9,142.2,40.9,1920,1080,0.281,1695.5,415.4
Round3,Q4,1563,1563.0,EMIRATES,0.9264,1445.4,457.9,135.1,41.5,1920,1080,0.271,1513.0,478.7
Round3,Q4,1563,1563.0,EMIRATES,0.4417,659.0,586.9,75.1,27.7,1920,1080,0.1,696.6,600.7
Round3,Q4,1564,1564.0,EMIRATES,0.9186,1388.0,500.1,107.3,38.6,1920,1080,0.2,1441.6,519.4
Round3,Q4,1564,1564.0,EMIRATES,0.8531,3.4,546.8,107.9,49.5,1920,1080,0.257,57.4,571.5
Round3,Q4,1564,1564.0,EMIRATES,0.6625,1390.0,762.4,151.0,38.1,1920,1080,0.277,1465.5,781.5
Round3,Q4,1565,1565.0,EMIRATES,0.9172,1382.1,569.7,63.3,54.2,1920,1080,0.165,1413.8,596.7
Round3,Q4,1566,1566.0,EMIRATES,0.3286,1256.5,471.5,11.3,35.7,1920,1080,0.02,1262.2,489.4
Round3,Q4,1566,1566.0,EMIRATES,0.3138,1411.0,491.0,11.1,36.0,1920,1080,0.019,1416.6,509.0
Round3,Q4,1567,1567.0,EMIRATES,0.8803,1272.7,712.5,48.5,23.8,1920,1080,0.056,1297.0,724.4
Round3,Q4,1567,1567.0,EMIRATES,0.8611,1815.6,581.5,50.1,14.8,1920,1080,0.036,1840.6,588.9
Round3,Q4,1567,1567.0,EMIRATES,0.8552,974.6,688.7,53.1,14.8,1920,1080,0.038,1001.1,696.1
Round3,Q4,1568,1568.0,EMIRATES,0.9024,1526.8,597.3,51.1,17.9,1920,1080,0.044,1552.3,606.3
Round3,Q4,1568,1568.0,EMIRATES,0.8845,0.2,1047.3,43.9,22.2,1920,1080,0.047,22.2,1058.4
Round3,Q4,1568,1568.0,EMIRATES,0.8691,907.6,710.1,51.6,15.8,1920,1080,0.039,933.5,718.0
Round3,Q4,1568,1568.0,EMIRATES,0.8494,878.0,411.0,36.1,22.4,1920,1080,0.039,896.0,422.2
Round3,Q4,1568,1568.0,EMIRATES,0.8192,378.9,633.7,46.5,13.7,1920,1080,0.031,402.2,640.6
Round3,Q4,1569,1569.0,EMIRATES,0.8898,1847.8,320.0,40.9,19.7,1920,1080,0.039,1868.3,329.9
Round3,Q4,1569,1569.0,EMIRATES,0.8849,1529.7,616.0,43.0,19.2,1920,1080,0.04,1551.3,625.6
Round3,Q4,1569,1569.0,EMIRATES,0.8729,236.2,1028.4,63.8,18.5,1920,1080,0.057,268.1,1037.6
Round3,Q4,1569,1569.0,EMIRATES,0.8589,1386.1,486.0,57.9,17.9,1920,1080,0.05,1415.1,494.9
Round3,Q4,1569,1569.0,EMIRATES,0.8367,861.6,693.4,56.0,16.7,1920,1080,0.045,889.6,701.7
Round3,Q4,1569,1569.0,EMIRATES,0.675,537.1,431.2,44.0,13.8,1920,1080,0.029,559.0,438.0
Round3,Q4,1570,1570.0,EMIRATES,0.8674,1549.4,815.0,62.0,24.9,1920,1080,0.074,1580.4,827.5
Round3,Q4,1571,1571.0,EMIRATES,0.8785,566.6,480.9,36.5,19.3,1920,1080,0.034,584.8,490.6
Round3,Q4,1574,1574.0,CRUSADER_CARAVANS,0.8915,519.4,336.2,346.5,34.6,1920,1080,0.579,692.7,353.5
Round3,Q4,1574,1574.0,CRUSADER_CARAVANS,0.8807,957.3,338.7,361.8,37.8,1920,1080,0.659,1138.2,357.5
Round3,Q4,1574,1574.0,CRUSADER_CARAVANS,0.8668,17.8,331.6,385.8,34.1,1920,1080,0.634,210.7,348.7
Round3,Q4,1574,1574.0,CRUSADER_CARAVANS,0.8641,789.1,110.6,315.0,33.3,1920,1080,0.506,946.6,127.2
Round3,Q4,1574,1574.0,CRUSADER_CARAVANS,0.8457,1192.5,115.3,320.0,32.6,1920,1080,0.502,1352.5,131.5
Round3,Q4,1574,1574.0,CRUSADER_CARAVANS,0.8436,392.2,104.4,317.5,34.4,1920,1080,0.527,551.0,121.6
Round3,Q4,1574,1574.0,CRUSADER_CARAVANS,0.8373,1598.9,115.6,320.4,32.1,1920,1080,0.496,1759.1,131.7
Round3,Q4,1574,1574.0,CRUSADER_CARAVANS,0.8237,3.2,92.6,291.1,36.1,1920,1080,0.506,148.8,110.6
Round3,Q4,1574,1574.0,CRUSADER_CARAVANS,0.823,718.3,110.0,66.3,27.9,1920,1080,0.089,751.5,124.0
Round3,Q4,1574,1574.0,CRUSADER_CARAVANS,0.8085,1519.7,117.1,70.6,29.9,1920,1080,0.102,1555.0,132.1
Round3,Q4,1574,1574.0,CRUSADER_CARAVANS,0.7924,1324.6,342.1,80.5,34.1,1920,1080,0.132,1364.9,359.2
Round3,Q4,1574,1574.0,CRUSADER_CARAVANS,0.7894,1412.3,345.4,373.8,35.8,1920,1080,0.645,1599.1,363.3
Round3,Q4,1574,1574.0,CRUSADER_CARAVANS,0.7802,875.1,338.3,76.6,32.4,1920,1080,0.12,913.4,354.5
Round3,Q4,1574,1574.0,CRUSADER_CARAVANS,0.7464,1118.3,114.2,67.8,29.6,1920,1080,0.097,1152.2,129.0
Round3,Q4,1574,1574.0,CRUSADER_CARAVANS,0.7184,311.3,101.3,70.3,28.8,1920,1080,0.098,346.5,115.7
Round3,Q4,1574,1574.0,CRUSADER_CARAVANS,0.4465,430.1,332.7,64.5,31.8,1920,1080,0.099,462.3,348.6
Round3,Q4,1574,1574.0,CRUSADER_CARAVANS,0.3977,0.0,334.4,15.5,30.7,1920,1080,0.023,7.7,349.8
Round3,Q4,1574,1574.0,CRUSADER_CARAVANS,0.3025,1809.6,350.2,82.1,34.6,1920,1080,0.137,1850.7,367.5
Round3,Q4,1575,1575.0,CRUSADER_CARAVANS,0.8604,1544.0,116.9,369.6,32.9,1920,1080,0.586,1728.8,133.4
Round3,Q4,1575,1575.0,CRUSADER_CARAVANS,0.8601,1090.7,116.1,345.9,33.1,1920,1080,0.552,1263.7,132.7
Round3,Q4,1575,1575.0,CRUSADER_CARAVANS,0.8593,651.5,112.8,345.8,33.8,1920,1080,0.563,824.4,129.7
Round3,Q4,1575,1575.0,CRUSADER_CARAVANS,0.8591,250.9,361.1,411.5,41.1,1920,1080,0.815,456.7,381.6
Round3,Q4,1575,1575.0,CRUSADER_CARAVANS,0.8569,184.5,103.8,366.1,36.0,1920,1080,0.635,367.6,121.8
Round3,Q4,1575,1575.0,CRUSADER_CARAVANS,0.8495,1271.7,369.2,396.9,38.0,1920,1080,0.728,1470.1,388.2
Round3,Q4,1575,1575.0,CRUSADER_CARAVANS,0.8446,98.1,98.6,78.1,32.8,1920,1080,0.124,137.1,115.0
Round3,Q4,1575,1575.0,CRUSADER_CARAVANS,0.8431,1005.9,115.7,75.1,31.0,1920,1080,0.112,1043.4,131.2
Round3,Q4,1575,1575.0,CRUSADER_CARAVANS,0.8417,776.8,367.0,384.0,37.2,1920,1080,0.689,968.8,385.6
Round3,Q4,1575,1575.0,CRUSADER_CARAVANS,0.8348,1455.9,117.4,77.2,31.5,1920,1080,0.117,1494.5,133.2
Round3,Q4,1575,1575.0,CRUSADER_CARAVANS,0.8244,153.3,359.2,90.9,39.3,1920,1080,0.172,198.7,378.9
Round3,Q4,1575,1575.0,CRUSADER_CARAVANS,0.8152,1175.7,367.2,88.9,36.9,1920,1080,0.158,1220.1,385.7
Round3,Q4,1575,1575.0,CRUSADER_CARAVANS,0.8066,564.9,109.4,75.0,32.2,1920,1080,0.117,602.4,125.5
Round3,Q4,1575,1575.0,CRUSADER_CARAVANS,0.7845,1688.7,371.7,91.9,38.9,1920,1080,0.172,1734.7,391.1
Round3,Q4,1575,1575.0,CRUSADER_CARAVANS,0.7195,0.0,95.8,84.2,35.9,1920,1080,0.146,42.1,113.8
Round3,Q4,1575,1575.0,CRUSADER_CARAVANS,0.6895,0.0,359.9,140.3,39.7,1920,1080,0.269,70.2,379.7
Round3,Q4,1576,1576.0,EMIRATES,0.8798,576.0,304.4,38.6,15.1,1920,1080,0.028,595.3,312.0
Round3,Q4,1576,1576.0,EMIRATES,0.4469,1912.3,801.4,7.7,19.5,1920,1080,0.007,1916.2,811.1
Round3,Q4,1577,1577.0,EMIRATES,0.8778,1883.0,698.9,37.0,19.3,1920,1080,0.035,1901.5,708.5
Round3,Q4,1579,1579.0,EMIRATES,0.8651,1804.3,430.8,54.3,27.3,1920,1080,0.071,1831.5,444.4
Round3,Q4,1580,1580.0,EMIRATES,0.836,1075.2,411.8,59.3,19.3,1920,1080,0.055,1104.8,421.4
Round3,Q4,1580,1580.0,CRUSADER_CARAVANS,0.6611,1081.8,5.5,441.9,67.0,1920,1080,1.429,1302.8,39.0
Round3,Q4,1581,1581.0,CRUSADER_CARAVANS,0.8115,303.6,20.6,530.6,205.0,1920,1080,5.247,568.9,123.1
Round3,Q4,1581,1581.0,EMIRATES,0.6805,1435.4,936.6,66.7,22.7,1920,1080,0.073,1468.7,947.9
Round3,Q4,1581,1581.0,CRUSADER_CARAVANS,0.3938,703.6,9.8,1216.4,237.2,1920,1080,13.915,1311.8,128.4
Round3,Q4,1582,1582.0,EMIRATES,0.8921,34.1,731.6,52.5,24.5,1920,1080,0.062,60.4,743.8
Round3,Q4,1582,1582.0,CRUSADER_CARAVANS,0.5093,1767.3,81.1,151.8,222.6,1920,1080,1.629,1843.2,192.4
Round3,Q4,1582,1582.0,CRUSADER_CARAVANS,0.4778,324.3,91.0,1320.6,185.2,1920,1080,11.798,984.6,183.7
Round3,Q4,1582,1582.0,CRUSADER_CARAVANS,0.4012,0.0,71.0,1114.1,209.2,1920,1080,11.241,557.0,175.6
Round3,Q4,1582,1582.0,CRUSADER_CARAVANS,0.33,752.9,86.6,1167.1,196.8,1920,1080,11.077,1336.4,185.0
Round3,Q4,1583,1583.0,CRUSADER_CARAVANS,0.9299,580.8,190.2,432.3,181.7,1920,1080,3.788,797.0,281.1
Round3,Q4,1584,1584.0,CRUSADER_CARAVANS,0.3237,866.2,210.2,1053.8,204.9,1920,1080,10.414,1393.1,312.6
Round3,Q4,1585,1585.0,CRUSADER_CARAVANS,0.9159,641.0,171.9,514.9,221.5,1920,1080,5.499,898.5,282.6
Round3,Q4,1585,1585.0,EMIRATES,0.8749,118.6,490.3,42.7,16.8,1920,1080,0.035,139.9,498.7
Round3,Q4,1585,1585.0,EMIRATES,0.5676,997.0,127.4,34.9,13.7,1920,1080,0.023,1014.4,134.3
Round3,Q4,1586,1586.0,EMIRATES,0.891,157.2,432.2,43.4,16.1,1920,1080,0.034,178.9,440.3
Round3,Q4,1586,1586.0,EMIRATES,0.6137,274.4,838.5,43.4,16.5,1920,1080,0.035,296.1,846.8
Round3,Q4,1586,1586.0,CRUSADER_CARAVANS,0.4958,523.8,156.9,527.9,228.9,1920,1080,5.828,787.8,271.3
Round3,Q4,1587,1587.0,CRUSADER_CARAVANS,0.8856,297.4,113.0,415.9,39.9,1920,1080,0.801,505.4,133.0
Round3,Q4,1587,1587.0,CRUSADER_CARAVANS,0.8786,1303.2,117.4,98.9,39.4,1920,1080,0.188,1352.6,137.1
Round3,Q4,1587,1587.0,CRUSADER_CARAVANS,0.862,830.3,115.4,452.5,43.0,1920,1080,0.938,1056.5,136.9
Round3,Q4,1587,1587.0,CRUSADER_CARAVANS,0.8554,723.9,115.0,98.1,39.6,1920,1080,0.187,772.9,134.8
Round3,Q4,1587,1587.0,CRUSADER_CARAVANS,0.8474,1410.8,115.0,458.1,42.7,1920,1080,0.943,1639.9,136.3
Round3,Q4,1587,1587.0,CRUSADER_CARAVANS,0.8429,763.7,442.2,115.6,46.8,1920,1080,0.261,821.5,465.6
Round3,Q4,1587,1587.0,CRUSADER_CARAVANS,0.8325,1417.0,443.8,113.8,47.3,1920,1080,0.26,1473.9,467.4
Round3,Q4,1587,1587.0,CRUSADER_CARAVANS,0.8239,0.0,107.4,94.9,39.3,1920,1080,0.18,47.5,127.0
Round3,Q4,1587,1587.0,CRUSADER_CARAVANS,0.7711,95.9,446.3,101.4,42.8,1920,1080,0.209,146.6,467.7
Round3,Q4,1587,1587.0,CRUSADER_CARAVANS,0.6485,1894.1,113.7,25.9,42.7,1920,1080,0.053,1907.0,135.1
Round3,Q4,1587,1587.0,CRUSADER_CARAVANS,0.6109,881.6,442.2,497.0,46.9,1920,1080,1.125,1130.1,465.6
Round3,Q4,1587,1587.0,CRUSADER_CARAVANS,0.5921,232.6,442.5,493.9,48.4,1920,1080,1.152,479.5,466.7
Round3,Q4,1587,1587.0,CRUSADER_CARAVANS,0.5407,0.0,442.9,87.7,48.7,1920,1080,0.206,43.9,467.3
Round3,Q4,1588,1588.0,CRUSADER_CARAVANS,0.8544,1854.3,173.8,65.7,36.5,1920,1080,0.116,1887.1,192.0
Round3,Q4,1588,1588.0,CRUSADER_CARAVANS,0.8448,1426.4,176.6,406.6,37.0,1920,1080,0.725,1629.7,195.1
Round3,Q4,1588,1588.0,CRUSADER_CARAVANS,0.844,195.6,470.1,106.5,42.1,1920,1080,0.216,248.8,491.2
Round3,Q4,1588,1588.0,CRUSADER_CARAVANS,0.8414,972.1,180.1,344.8,35.6,1920,1080,0.592,1144.5,197.9
Round3,Q4,1588,1588.0,CRUSADER_CARAVANS,0.8412,1327.8,179.7,86.1,34.3,1920,1080,0.142,1370.9,196.8
Round3,Q4,1588,1588.0,CRUSADER_CARAVANS,0.8383,278.7,177.6,406.5,37.5,1920,1080,0.734,481.9,196.3
Round3,Q4,1588,1588.0,CRUSADER_CARAVANS,0.8382,785.5,468.0,96.2,39.3,1920,1080,0.182,833.6,487.6
Round3,Q4,1588,1588.0,CRUSADER_CARAVANS,0.8354,177.8,177.0,91.2,35.7,1920,1080,0.157,223.3,194.9
Round3,Q4,1588,1588.0,CRUSADER_CARAVANS,0.8343,707.1,180.5,85.2,34.9,1920,1080,0.144,749.7,198.0
Round3,Q4,1588,1588.0,CRUSADER_CARAVANS,0.8089,0.0,175.5,166.7,36.8,1920,1080,0.296,83.3,193.8
Round3,Q4,1588,1588.0,CRUSADER_CARAVANS,0.7642,0.0,471.1,182.2,42.3,1920,1080,0.372,91.1,492.3
Round3,Q4,1588,1588.0,CRUSADER_CARAVANS,0.7296,894.0,465.0,437.3,45.9,1920,1080,0.969,1112.6,488.0
Round3,Q4,1588,1588.0,CRUSADER_CARAVANS,0.7173,1356.0,465.8,100.0,39.4,1920,1080,0.19,1406.0,485.5
Round3,Q4,1588,1588.0,CRUSADER_CARAVANS,0.7075,1469.1,466.4,450.9,43.3,1920,1080,0.941,1694.6,488.0
Round3,Q4,1588,1588.0,CRUSADER_CARAVANS,0.6477,308.6,470.4,383.5,38.4,1920,1080,0.71,500.3,489.6
Round3,Q4,1589,1589.0,EMIRATES,0.8715,1068.9,420.5,48.8,17.5,1920,1080,0.041,1093.3,429.3
Round3,Q4,1589,1589.0,CRUSADER_CARAVANS,0.8598,1606.2,460.3,313.8,200.1,1920,1080,3.028,1763.1,560.4
Round3,Q4,1589,1589.0,CRUSADER_CARAVANS,0.3416,0.0,448.7,1029.0,204.4,1920,1080,10.145,514.5,550.9
Round3,Q4,1590,1590.0,CRUSADER_CARAVANS,0.4952,328.8,157.2,1313.3,221.5,1920,1080,14.028,985.5,267.9
Round3,Q4,1590,1590.0,CRUSADER_CARAVANS,0.4154,0.0,162.9,1162.6,215.3,1920,1080,12.072,581.3,270.5
Round3,Q4,1591,1591.0,CRUSADER_CARAVANS,0.3902,328.6,165.9,1309.8,212.9,1920,1080,13.45,983.4,272.3
Round3,Q4,1591,1591.0,CRUSADER_CARAVANS,0.3041,0.0,169.2,1125.4,227.7,1920,1080,12.358,562.7,283.1
Round3,Q4,1592,1592.0,CRUSADER_CARAVANS,0.3666,649.9,236.3,1270.1,212.4,1920,1080,13.011,1285.0,342.6
Round3,Q4,1592,1592.0,CRUSADER_CARAVANS,0.3366,140.6,235.9,1286.2,165.6,1920,1080,10.27,783.7,318.7
Round3,Q4,1593,1593.0,CRUSADER_CARAVANS,0.34,435.9,243.5,1292.6,228.4,1920,1080,14.238,1082.2,357.7
Round3,Q4,1594,1594.0,CRUSADER_CARAVANS,0.6228,1813.2,285.9,106.8,209.0,1920,1080,1.076,1866.6,390.4
Round3,Q4,1594,1594.0,CRUSADER_CARAVANS,0.4735,0.0,288.0,1327.0,200.3,1920,1080,12.815,663.5,388.1
Round3,Q4,1594,1594.0,CRUSADER_CARAVANS,0.3587,455.8,285.7,1351.3,203.4,1920,1080,13.256,1131.5,387.4
Round3,Q4,1595,1595.0,CRUSADER_CARAVANS,0.9436,1261.8,315.2,481.4,197.2,1920,1080,4.579,1502.5,413.8
Round3,Q4,1595,1595.0,CRUSADER_CARAVANS,0.5754,1817.8,302.4,101.7,225.2,1920,1080,1.104,1868.7,415.0
Round3,Q4,1596,1596.0,CRUSADER_CARAVANS,0.8818,497.4,113.3,419.1,37.1,1920,1080,0.75,706.9,131.8
Round3,Q4,1596,1596.0,CRUSADER_CARAVANS,0.8713,1019.7,110.8,413.3,36.2,1920,1080,0.722,1226.3,128.9
Round3,Q4,1596,1596.0,CRUSADER_CARAVANS,0.8577,0.0,112.9,380.6,36.1,1920,1080,0.663,190.3,131.0
Round3,Q4,1596,1596.0,CRUSADER_CARAVANS,0.8556,922.4,407.7,104.2,43.4,1920,1080,0.218,974.5,429.4
Round3,Q4,1596,1596.0,CRUSADER_CARAVANS,0.8518,0.0,417.3,314.2,44.7,1920,1080,0.677,157.1,439.6
Round3,Q4,1596,1596.0,CRUSADER_CARAVANS,0.8472,398.0,114.7,94.6,35.6,1920,1080,0.162,445.2,132.5
Round3,Q4,1596,1596.0,CRUSADER_CARAVANS,0.8439,1449.1,108.8,90.9,35.6,1920,1080,0.156,1494.5,126.6
Round3,Q4,1596,1596.0,CRUSADER_CARAVANS,0.8336,322.6,415.1,108.1,44.8,1920,1080,0.233,376.7,437.5
Round3,Q4,1596,1596.0,CRUSADER_CARAVANS,0.8333,923.2,114.2,87.4,34.7,1920,1080,0.146,966.9,131.6
Round3,Q4,1596,1596.0,CRUSADER_CARAVANS,0.8274,1516.3,405.2,101.5,43.6,1920,1080,0.213,1567.0,427.0
Round3,Q4,1596,1596.0,CRUSADER_CARAVANS,0.7774,1034.2,405.3,384.8,47.9,1920,1080,0.888,1226.6,429.3
Round3,Q4,1596,1596.0,CRUSADER_CARAVANS,0.6079,1826.3,101.4,93.7,38.2,1920,1080,0.173,1873.2,120.5
Round3,Q4,1596,1596.0,CRUSADER_CARAVANS,0.5704,423.9,409.8,508.2,46.1,1920,1080,1.129,678.0,432.8
Round3,Q4,1596,1596.0,CRUSADER_CARAVANS,0.4375,438.5,411.0,204.7,45.9,1920,1080,0.454,540.9,433.9
Round3,Q4,1596,1596.0,CRUSADER_CARAVANS,0.4333,1629.8,401.6,290.0,50.0,1920,1080,0.7,1774.8,426.6
Round3,Q4,1597,1597.0,CRUSADER_CARAVANS,0.8795,1403.5,141.9,413.0,36.5,1920,1080,0.726,1610.0,160.1
Round3,Q4,1597,1597.0,CRUSADER_CARAVANS,0.8475,403.7,156.4,404.9,36.3,1920,1080,0.708,606.2,174.5
Round3,Q4,1597,1597.0,CRUSADER_CARAVANS,0.8434,1812.7,424.6,105.6,42.5,1920,1080,0.217,1865.5,445.9
Round3,Q4,1597,1597.0,CRUSADER_CARAVANS,0.839,0.6,158.4,290.3,36.1,1920,1080,0.505,145.8,176.4
Round3,Q4,1597,1597.0,CRUSADER_CARAVANS,0.8352,904.4,151.9,389.2,34.4,1920,1080,0.645,1099.0,169.1
Round3,Q4,1597,1597.0,CRUSADER_CARAVANS,0.8287,1310.2,147.7,89.6,34.5,1920,1080,0.149,1355.0,165.0
Round3,Q4,1597,1597.0,CRUSADER_CARAVANS,0.8209,811.9,155.9,86.0,32.9,1920,1080,0.136,854.9,172.4
Round3,Q4,1597,1597.0,CRUSADER_CARAVANS,0.8199,788.7,435.6,441.2,43.1,1920,1080,0.917,1009.2,457.2
Round3,Q4,1597,1597.0,CRUSADER_CARAVANS,0.8171,1234.5,432.4,99.5,39.8,1920,1080,0.191,1284.3,452.4
Round3,Q4,1597,1597.0,CRUSADER_CARAVANS,0.817,306.1,158.6,91.3,35.2,1920,1080,0.155,351.8,176.2
Round3,Q4,1597,1597.0,CRUSADER_CARAVANS,0.8131,1821.3,136.8,95.1,34.9,1920,1080,0.16,1868.9,154.2
Round3,Q4,1597,1597.0,CRUSADER_CARAVANS,0.753,0.0,451.3,70.9,45.1,1920,1080,0.154,35.5,473.9
Round3,Q4,1597,1597.0,CRUSADER_CARAVANS,0.6577,182.8,441.0,493.5,45.4,1920,1080,1.081,429.5,463.7
Round3,Q4,1597,1597.0,CRUSADER_CARAVANS,0.4828,1328.3,423.3,513.9,49.9,1920,1080,1.237,1585.3,448.2
Round3,Q4,1597,1597.0,CRUSADER_CARAVANS,0.4326,671.0,439.1,93.8,41.9,1920,1080,0.19,717.9,460.1
Round3,Q4,1597,1597.0,CRUSADER_CARAVANS,0.4022,78.5,449.4,93.8,41.2,1920,1080,0.186,125.4,470.0
Round3,Q4,1598,1598.0,CRUSADER_CARAVANS,0.8704,495.4,79.4,437.1,181.2,1920,1080,3.819,714.0,170.0
Round3,Q4,1598,1598.0,CRUSADER_CARAVANS,0.3804,971.3,65.2,948.7,204.2,1920,1080,9.341,1445.7,167.3
Round3,Q4,1599,1599.0,CRUSADER_CARAVANS,0.9255,60.4,137.6,447.8,195.2,1920,1080,4.215,284.3,235.2
Round3,Q4,1599,1599.0,EMIRATES,0.8754,471.8,477.9,43.5,23.2,1920,1080,0.049,493.6,489.5
Round3,Q4,1599,1599.0,CRUSADER_CARAVANS,0.4201,866.9,137.1,1053.1,181.9,1920,1080,9.236,1393.5,228.0
Round3,Q4,1599,1599.0,CRUSADER_CARAVANS,0.3693,420.9,142.4,1318.7,180.3,1920,1080,11.467,1080.2,232.5
Round3,Q4,1600,1600.0,CRUSADER_CARAVANS,0.8786,0.0,117.8,351.4,191.2,1920,1080,3.24,175.7,213.4
Round3,Q4,1600,1600.0,EMIRATES,0.6944,729.7,496.1,53.1,20.1,1920,1080,0.051,756.3,506.2
Round3,Q4,1600,1600.0,CRUSADER_CARAVANS,0.4011,420.1,111.7,1216.2,189.1,1920,1080,11.093,1028.2,206.3
Round3,Q4,1600,1600.0,CRUSADER_CARAVANS,0.3419,904.8,109.4,1015.2,196.5,1920,1080,9.619,1412.4,207.6
Round3,Q4,1601,1601.0,CRUSADER_CARAVANS,0.4063,0.0,40.8,1326.7,213.0,1920,1080,13.625,663.3,147.3
Round3,Q4,1601,1601.0,CRUSADER_CARAVANS,0.3976,927.8,49.1,992.2,212.0,1920,1080,10.145,1423.9,155.1
Round3,Q4,1601,1601.0,CRUSADER_CARAVANS,0.372,506.8,50.9,1339.7,201.6,1920,1080,13.026,1176.7,151.7
Round3,Q4,1602,1602.0,EMIRATES,0.8767,1469.9,900.6,55.5,19.8,1920,1080,0.053,1497.7,910.5
Round3,Q4,1602,1602.0,CRUSADER_CARAVANS,0.8684,1554.1,46.5,365.9,193.5,1920,1080,3.415,1737.0,143.3
Round3,Q4,1602,1602.0,CRUSADER_CARAVANS,0.4279,168.6,49.4,1346.6,200.3,1920,1080,13.007,841.9,149.6
Round3,Q4,1603,1603.0,EMIRATES,0.8964,1096.1,793.6,45.3,21.6,1920,1080,0.047,1118.7,804.5
Round3,Q4,1603,1603.0,EMIRATES,0.865,1884.9,171.3,35.1,15.1,1920,1080,0.026,1902.4,178.9
Round3,Q4,1603,1603.0,CRUSADER_CARAVANS,0.7689,858.1,1.9,447.8,114.1,1920,1080,2.465,1082.0,59.0
Round3,Q4,1604,1604.0,EMIRATES,0.8402,0.0,194.7,67.4,58.9,1920,1080,0.191,33.7,224.2
Round3,Q4,1605,1605.0,EMIRATES,0.8637,196.2,93.9,167.2,57.0,1920,1080,0.46,279.8,122.4
Round3,Q4,1606,1606.0,EMIRATES,0.8717,501.1,87.7,175.5,68.9,1920,1080,0.583,588.8,122.1
Round3,Q4,1607,1607.0,EMIRATES,0.8802,748.9,702.4,77.2,25.3,1920,1080,0.094,787.4,715.0
Round3,Q4,1607,1607.0,EMIRATES,0.8766,758.2,334.5,43.9,19.3,1920,1080,0.041,780.1,344.1
Round3,Q4,1607,1607.0,CRUSADER_CARAVANS,0.5207,579.4,132.1,1287.4,179.7,1920,1080,11.157,1223.1,221.9
Round3,Q4,1607,1607.0,CRUSADER_CARAVANS,0.3729,0.0,135.4,1211.5,184.1,1920,1080,10.759,605.8,227.5
Round3,Q4,1608,1608.0,CRUSADER_CARAVANS,0.8973,603.0,248.8,383.7,152.5,1920,1080,2.821,794.8,325.0
Round3,Q4,1608,1608.0,CRUSADER_CARAVANS,0.4373,876.0,244.0,1044.0,142.4,1920,1080,7.17,1398.0,315.2
Round3,Q4,1608,1608.0,CRUSADER_CARAVANS,0.396,0.0,253.1,552.9,175.0,1920,1080,4.665,276.4,340.6
Round3,Q4,1609,1609.0,CRUSADER_CARAVANS,0.9052,1335.1,163.7,469.9,197.1,1920,1080,4.467,1570.0,262.3
Round3,Q4,1609,1609.0,CRUSADER_CARAVANS,0.4912,188.9,189.3,1298.4,172.2,1920,1080,10.782,838.1,275.4
Round3,Q4,1609,1609.0,CRUSADER_CARAVANS,0.3736,0.0,188.3,1080.3,197.4,1920,1080,10.286,540.2,287.0
Round3,Q4,1610,1610.0,EMIRATES,0.8739,1554.2,830.1,33.1,15.2,1920,1080,0.024,1570.8,837.7
Round3,Q4,1610,1610.0,CRUSADER_CARAVANS,0.3482,116.9,45.2,1348.8,224.5,1920,1080,14.602,791.3,157.4
Round3,Q4,1611,1611.0,CRUSADER_CARAVANS,0.6115,10.7,52.2,433.2,299.2,1920,1080,6.25,227.3,201.8
Round3,Q4,1612,1612.0,CRUSADER_CARAVANS,0.9199,801.4,139.1,456.4,248.4,1920,1080,5.468,1029.6,263.4
Round3,Q4,1613,1613.0,EMIRATES,0.9009,1566.0,670.6,36.9,12.7,1920,1080,0.023,1584.5,676.9
Round3,Q4,1613,1613.0,EMIRATES,0.7392,914.0,526.8,33.4,11.0,1920,1080,0.018,930.7,532.3
Round3,Q4,1613,1613.0,EMIRATES,0.4374,583.4,434.0,28.3,10.3,1920,1080,0.014,597.6,439.1
Round3,Q4,1614,1614.0,EMIRATES,0.8908,1459.7,618.3,40.9,14.4,1920,1080,0.028,1480.2,625.5
Round3,Q4,1614,1614.0,EMIRATES,0.816,819.5,441.0,24.1,12.8,1920,1080,0.015,831.6,447.4
Round3,Q4,1614,1614.0,EMIRATES,0.682,1125.2,352.4,29.3,10.6,1920,1080,0.015,1139.9,357.7
Round3,Q4,1615,1615.0,EMIRATES,0.875,1341.9,618.2,40.0,13.8,1920,1080,0.027,1361.9,625.1
Round3,Q4,1615,1615.0,EMIRATES,0.7901,980.2,352.8,32.0,10.2,1920,1080,0.016,996.2,357.9
Round3,Q4,1616,1616.0,EMIRATES,0.8949,1285.7,618.5,38.9,12.9,1920,1080,0.024,1305.2,624.9
Round3,Q4,1616,1616.0,EMIRATES,0.6605,919.3,356.5,27.8,9.6,1920,1080,0.013,933.2,361.3
Round3,Q4,1616,1616.0,EMIRATES,0.4713,969.5,453.1,30.3,10.0,1920,1080,0.015,984.6,458.1
Round3,Q4,1617,1617.0,EMIRATES,0.8869,1308.1,678.3,43.6,14.3,1920,1080,0.03,1329.9,685.4
Round3,Q4,1617,1617.0,EMIRATES,0.8698,861.7,376.3,30.3,12.2,1920,1080,0.018,876.8,382.4
Round3,Q4,1617,1617.0,EMIRATES,0.8575,957.4,433.9,37.0,17.8,1920,1080,0.032,975.9,442.7
Round3,Q4,1617,1617.0,EMIRATES,0.8513,678.7,427.7,30.9,14.2,1920,1080,0.021,694.2,434.8
Round3,Q4,1618,1618.0,EMIRATES,0.8948,1447.5,824.9,50.8,16.1,1920,1080,0.039,1472.9,833.0
Round3,Q4,1618,1618.0,EMIRATES,0.8648,815.6,562.1,45.4,25.2,1920,1080,0.055,838.3,574.7
Round3,Q4,1620,1620.0,EMIRATES,0.6978,336.7,629.7,67.7,14.6,1920,1080,0.048,370.5,637.0
Round3,Q4,1621,1621.0,EMIRATES,0.857,1291.4,414.8,41.4,24.6,1920,1080,0.049,1312.1,427.1
Round3,Q4,1622,1622.0,EMIRATES,0.7784,1286.3,390.5,35.8,21.7,1920,1080,0.037,1304.2,401.3
Round3,Q4,1623,1623.0,EMIRATES,0.834,1086.5,413.1,39.9,17.8,1920,1080,0.034,1106.4,422.0
Round3,Q4,1626,1626.0,EMIRATES,0.8683,1127.7,37.5,41.6,18.6,1920,1080,0.037,1148.5,46.8
Round3,Q4,1626,1626.0,EMIRATES,0.8656,790.5,479.5,57.2,18.2,1920,1080,0.05,819.1,488.6
Round3,Q4,1626,1626.0,EMIRATES,0.4263,1230.6,327.5,51.2,19.6,1920,1080,0.049,1256.2,337.3
Round3,Q4,1627,1627.0,EMIRATES,0.8586,278.7,266.1,59.5,23.1,1920,1080,0.066,308.5,277.6
Round3,Q4,1627,1627.0,EMIRATES,0.8574,1028.3,287.7,59.4,18.2,1920,1080,0.052,1058.0,296.8
Round3,Q4,1627,1627.0,EMIRATES,0.691,400.7,15.5,47.5,17.7,1920,1080,0.041,424.4,24.3
Round3,Q4,1628,1628.0,EMIRATES,0.893,504.1,869.8,77.8,23.4,1920,1080,0.088,543.0,881.5
Round3,Q4,1628,1628.0,EMIRATES,0.8875,976.9,223.7,42.6,30.6,1920,1080,0.063,998.2,239.0
Round3,Q4,1629,1629.0,EMIRATES,0.9053,1142.7,479.3,140.2,45.3,1920,1080,0.307,1212.8,502.0
Round3,Q4,1629,1629.0,EMIRATES,0.8615,497.6,394.7,175.4,55.3,1920,1080,0.468,585.3,422.4
Round3,Q4,1635,1635.0,ACCESS_COVERS,0.5008,0.0,123.1,64.4,27.0,1920,1080,0.084,32.3,136.6
Round3,Q4,1635,1635.0,ACCESS_COVERS,0.3071,986.4,63.8,114.7,21.1,1920,1080,0.117,1043.7,74.4
Round3,Q4,1636,1636.0,ACCESS_COVERS,0.4726,1754.0,20.5,80.1,18.8,1920,1080,0.073,1794.1,29.9
Round3,Q4,1639,1639.0,ACCESS_COVERS,0.7242,0.0,75.0,53.0,21.2,1920,1080,0.054,26.5,85.6
Round3,Q4,1639,1639.0,CRUSADER_CARAVANS,0.6309,1496.9,115.9,277.7,22.5,1920,1080,0.301,1635.7,127.2
Round3,Q4,1640,1640.0,CRUSADER_CARAVANS,0.5489,1351.5,99.9,234.2,18.1,1920,1080,0.205,1468.6,109.0
Round3,Q4,1643,1643.0,EMIRATES,0.7703,1173.6,407.8,52.0,14.2,1920,1080,0.036,1199.6,414.9
Round3,Q4,1644,1644.0,EMIRATES,0.7821,1557.6,472.4,36.5,16.5,1920,1080,0.029,1575.8,480.7
Round3,Q4,1644,1644.0,CYBERCX,0.4611,1087.8,736.2,36.6,18.5,1920,1080,0.033,1106.0,745.5
Round3,Q4,1645,1645.0,CYBERCX,0.7564,1132.8,771.8,46.8,23.6,1920,1080,0.053,1156.2,783.6
Round3,Q4,1645,1645.0,EMIRATES,0.6107,1427.5,490.7,36.4,15.6,1920,1080,0.027,1445.7,498.5
Round3,Q4,1646,1646.0,EMIRATES,0.7011,1205.9,390.1,53.4,19.8,1920,1080,0.051,1232.6,400.0
Round3,Q4,1647,1647.0,EMIRATES,0.8605,522.0,410.8,41.7,14.3,1920,1080,0.029,542.9,417.9
Round3,Q4,1647,1647.0,EMIRATES,0.8105,950.5,374.2,80.8,22.8,1920,1080,0.089,990.9,385.6
Round3,Q4,1647,1647.0,CYBERCX,0.7672,799.7,793.7,55.8,31.3,1920,1080,0.084,827.6,809.3
Round3,Q4,1648,1648.0,EMIRATES,0.855,1076.7,359.7,95.2,23.6,1920,1080,0.109,1124.3,371.6
Round3,Q4,1648,1648.0,CYBERCX,0.8192,774.0,832.8,69.9,34.2,1920,1080,0.115,808.9,850.0
Round3,Q4,1648,1648.0,EMIRATES,0.5955,327.9,425.6,33.2,17.8,1920,1080,0.029,344.6,434.5
Round3,Q4,1649,1649.0,ACCESS_COVERS,0.4217,0.0,136.1,21.2,14.9,1920,1080,0.015,10.6,143.6
Round3,Q4,1651,1651.0,ACCESS_COVERS,0.338,551.4,169.1,56.6,14.5,1920,1080,0.04,579.7,176.4
Round3,Q4,1652,1652.0,CRUSADER_CARAVANS,0.6715,1575.0,84.4,137.3,15.5,1920,1080,0.103,1643.6,92.1
Round3,Q4,1652,1652.0,CRUSADER_CARAVANS,0.5837,1570.0,158.9,159.2,16.1,1920,1080,0.123,1649.6,166.9
Round3,Q4,1652,1652.0,CRUSADER_CARAVANS,0.4666,1243.4,77.2,120.7,11.7,1920,1080,0.068,1303.8,83.0
Round3,Q4,1652,1652.0,CRUSADER_CARAVANS,0.309,1737.1,91.7,78.8,14.2,1920,1080,0.054,1776.5,98.8
Round3,Q4,1652,1652.0,ACCESS_COVERS,0.3077,458.4,96.8,79.7,12.9,1920,1080,0.05,498.2,103.3
Round3,Q4,1653,1653.0,CRUSADER_CARAVANS,0.6849,1195.1,148.6,164.9,14.7,1920,1080,0.117,1277.5,156.0
Round3,Q4,1653,1653.0,CRUSADER_CARAVANS,0.6816,1592.9,160.1,172.8,18.7,1920,1080,0.155,1679.3,169.5
Round3,Q4,1653,1653.0,CRUSADER_CARAVANS,0.5678,1258.1,77.8,128.5,12.9,1920,1080,0.08,1322.4,84.3
Round3,Q4,1653,1653.0,CRUSADER_CARAVANS,0.4215,807.1,151.5,161.9,12.7,1920,1080,0.099,888.1,157.8
Round3,Q4,1653,1653.0,CRUSADER_CARAVANS,0.4149,954.7,78.9,130.4,11.5,1920,1080,0.072,1019.9,84.7
Round3,Q4,1653,1653.0,CRUSADER_CARAVANS,0.3873,1598.4,86.5,139.0,14.0,1920,1080,0.094,1667.9,93.5
Round3,Q4,1654,1654.0,CRUSADER_CARAVANS,0.6505,1339.6,156.2,176.8,17.8,1920,1080,0.152,1428.1,165.1
Round3,Q4,1654,1654.0,CRUSADER_CARAVANS,0.6373,1757.7,93.8,155.0,16.9,1920,1080,0.126,1835.2,102.3
Round3,Q4,1654,1654.0,CRUSADER_CARAVANS,0.5895,1756.6,170.6,163.4,20.1,1920,1080,0.159,1838.3,180.7
Round3,Q4,1654,1654.0,CRUSADER_CARAVANS,0.3842,1409.1,84.6,130.0,14.2,1920,1080,0.089,1474.1,91.7
Round3,Q4,1655,1655.0,CRUSADER_CARAVANS,0.7091,1456.8,140.2,180.9,17.1,1920,1080,0.149,1547.2,148.7
Round3,Q4,1655,1655.0,CRUSADER_CARAVANS,0.3817,1520.6,65.6,146.4,13.6,1920,1080,0.096,1593.8,72.4
Round3,Q4,1656,1656.0,CRUSADER_CARAVANS,0.4074,1515.8,138.4,175.3,15.6,1920,1080,0.132,1603.4,146.2
Round3,Q4,1657,1657.0,ACCESS_COVERS,0.6385,722.4,80.6,126.9,12.3,1920,1080,0.075,785.9,86.8
Round3,Q4,1657,1657.0,ACCESS_COVERS,0.594,1205.9,140.3,151.0,13.2,1920,1080,0.096,1281.4,146.9
Round3,Q4,1657,1657.0,ACCESS_COVERS,0.531,812.1,151.0,153.7,14.9,1920,1080,0.11,889.0,158.4
Round3,Q4,1657,1657.0,ACCESS_COVERS,0.4214,1035.2,71.6,128.7,11.7,1920,1080,0.073,1099.5,77.4
Round3,Q4,1657,1657.0,ACCESS_COVERS,0.4077,1343.2,70.1,133.4,11.4,1920,1080,0.073,1409.9,75.8
Round3,Q4,1657,1657.0,ACCESS_COVERS,0.3789,1665.5,76.3,133.1,12.5,1920,1080,0.08,1732.0,82.6
Round3,Q4,1657,1657.0,ACCESS_COVERS,0.3336,1604.2,149.7,171.0,14.0,1920,1080,0.116,1689.6,156.7
Round3,Q4,1658,1658.0,ACCESS_COVERS,0.5727,819.2,80.0,50.8,12.2,1920,1080,0.03,844.6,86.1
Round3,Q4,1658,1658.0,ACCESS_COVERS,0.5124,1334.2,143.8,55.3,12.9,1920,1080,0.034,1361.8,150.2
Round3,Q4,1658,1658.0,ACCESS_COVERS,0.4699,1143.5,71.6,41.5,11.3,1920,1080,0.023,1164.3,77.2
Round3,Q4,1658,1658.0,ACCESS_COVERS,0.4172,1787.7,79.7,43.3,11.4,1920,1080,0.024,1809.4,85.4
Round3,Q4,1658,1658.0,ACCESS_COVERS,0.3718,520.2,100.9,39.5,13.4,1920,1080,0.026,540.0,107.7
Round3,Q4,1658,1658.0,ACCESS_COVERS,0.3107,936.8,151.3,52.2,13.7,1920,1080,0.034,962.9,158.2
Round3,Q4,1659,1659.0,ACCESS_COVERS,0.6149,1418.9,140.3,81.9,14.4,1920,1080,0.057,1459.9,147.5
Round3,Q4,1659,1659.0,ACCESS_COVERS,0.5151,1866.3,75.2,53.5,14.4,1920,1080,0.037,1893.1,82.4
Round3,Q4,1659,1659.0,ACCESS_COVERS,0.3284,235.6,125.8,47.6,16.4,1920,1080,0.038,259.4,134.0
Round3,Q4,1665,1665.0,EMIRATES,0.8438,1110.8,544.3,29.0,12.5,1920,1080,0.017,1125.3,550.5
Round3,Q4,1665,1665.0,EMIRATES,0.798,761.1,357.1,35.8,14.2,1920,1080,0.025,779.0,364.2
Round3,Q4,1665,1665.0,EMIRATES,0.5667,0.0,797.4,10.5,18.2,1920,1080,0.009,5.2,806.5
Round3,Q4,1666,1666.0,EMIRATES,0.846,666.5,831.9,55.0,14.9,1920,1080,0.039,694.0,839.3
Round3,Q4,1666,1666.0,EMIRATES,0.534,107.3,757.3,30.0,16.0,1920,1080,0.023,122.3,765.3
Round3,Q4,1667,1667.0,EMIRATES,0.8489,1241.1,711.4,59.3,21.9,1920,1080,0.063,1270.7,722.4
Round3,Q4,1667,1667.0,EMIRATES,0.8252,839.5,299.1,41.9,19.0,1920,1080,0.038,860.5,308.6
Round3,Q4,1667,1667.0,EMIRATES,0.726,1004.4,508.1,36.5,13.5,1920,1080,0.024,1022.6,514.8
Round3,Q4,1667,1667.0,EMIRATES,0.5605,791.8,492.8,34.0,21.8,1920,1080,0.036,808.8,503.7
Round3,Q4,1668,1668.0,EMIRATES,0.8848,621.2,431.6,30.3,14.1,1920,1080,0.021,636.3,438.6
Round3,Q4,1668,1668.0,EMIRATES,0.8673,603.8,611.4,60.2,17.2,1920,1080,0.05,633.9,620.0
Round3,Q4,1668,1668.0,EMIRATES,0.8362,546.3,248.4,36.1,13.5,1920,1080,0.024,564.3,255.2
Round3,Q4,1668,1668.0,EMIRATES,0.5972,1184.3,524.4,49.0,43.2,1920,1080,0.102,1208.8,546.0
Round3,Q4,1669,1669.0,EMIRATES,0.9148,1467.6,346.2,40.8,14.1,1920,1080,0.028,1488.0,353.2
Round3,Q4,1669,1669.0,EMIRATES,0.8818,858.4,418.9,36.3,18.5,1920,1080,0.032,876.5,428.2
Round3,Q4,1669,1669.0,EMIRATES,0.8817,194.1,47.8,32.9,15.1,1920,1080,0.024,210.6,55.3
Round3,Q4,1669,1669.0,EMIRATES,0.8638,1853.2,435.0,49.3,22.0,1920,1080,0.052,1877.8,446.0
Round3,Q4,1669,1669.0,EMIRATES,0.8451,336.7,507.4,27.8,22.1,1920,1080,0.03,350.6,518.4
Round3,Q4,1671,1671.0,EMIRATES,0.8536,972.5,686.7,150.7,77.3,1920,1080,0.562,1047.8,725.4
Round3,Q4,1672,1672.0,EMIRATES,0.8488,1023.9,713.3,99.9,61.1,1920,1080,0.294,1073.8,743.9
Round3,Q4,1677,1677.0,EMIRATES,0.8869,1212.0,255.6,29.1,10.8,1920,1080,0.015,1226.6,261.0
Round3,Q4,1677,1677.0,EMIRATES,0.8786,126.1,539.8,36.2,11.0,1920,1080,0.019,144.2,545.3
Round3,Q4,1677,1677.0,EMIRATES,0.7676,800.7,332.8,31.8,10.8,1920,1080,0.017,816.6,338.3
Round3,Q4,1677,1677.0,EMIRATES,0.6079,1048.8,411.3,27.1,11.6,1920,1080,0.015,1062.4,417.2
Round3,Q4,1678,1678.0,EMIRATES,0.8944,48.4,556.1,28.3,13.4,1920,1080,0.018,62.6,562.8
Round3,Q4,1678,1678.0,EMIRATES,0.8868,1687.0,554.8,33.0,14.7,1920,1080,0.023,1703.5,562.2
Round3,Q4,1678,1678.0,EMIRATES,0.8816,987.5,479.9,33.5,11.1,1920,1080,0.018,1004.2,485.4
Round3,Q4,1678,1678.0,EMIRATES,0.837,1247.4,296.9,27.3,10.0,1920,1080,0.013,1261.0,301.9
Round3,Q4,1678,1678.0,EMIRATES,0.7875,569.2,361.4,30.5,11.5,1920,1080,0.017,584.4,367.1
Round3,Q4,1679,1679.0,EMIRATES,0.8711,892.0,548.3,28.7,10.1,1920,1080,0.014,906.3,553.4
Round3,Q4,1679,1679.0,EMIRATES,0.8644,1623.9,546.4,29.1,12.8,1920,1080,0.018,1638.5,552.8
Round3,Q4,1679,1679.0,EMIRATES,0.8438,1373.0,395.4,27.8,11.3,1920,1080,0.015,1387.0,401.0
Round3,Q4,1679,1679.0,EMIRATES,0.6148,0.0,554.4,15.2,10.8,1920,1080,0.008,7.6,559.8
Round3,Q4,1679,1679.0,EMIRATES,0.3674,1165.1,308.2,24.3,12.7,1920,1080,0.015,1177.3,314.6
Round3,Q4,1680,1680.0,EMIRATES,0.8641,1555.1,529.1,31.2,10.2,1920,1080,0.015,1570.7,534.1
Round3,Q4,1680,1680.0,EMIRATES,0.8631,1657.3,398.7,25.8,10.9,1920,1080,0.014,1670.2,404.2
Round3,Q4,1680,1680.0,EMIRATES,0.8461,64.7,556.8,26.9,11.4,1920,1080,0.015,78.1,562.5
Round3,Q4,1680,1680.0,EMIRATES,0.842,352.7,337.1,23.8,9.8,1920,1080,0.011,364.6,342.0
Round3,Q4,1681,1681.0,EMIRATES,0.8949,275.9,321.8,30.9,11.2,1920,1080,0.017,291.3,327.4
Round3,Q4,1681,1681.0,EMIRATES,0.8741,100.0,592.3,31.7,12.7,1920,1080,0.019,115.9,598.6
Round3,Q4,1681,1681.0,EMIRATES,0.8028,1515.5,523.6,23.7,10.6,1920,1080,0.012,1527.3,528.9
Round3,Q4,1682,1682.0,EMIRATES,0.8959,1012.5,583.1,42.8,19.2,1920,1080,0.04,1033.9,592.7
Round3,Q4,1682,1682.0,EMIRATES,0.8853,25.4,630.9,38.0,15.7,1920,1080,0.029,44.4,638.7
Round3,Q4,1682,1682.0,EMIRATES,0.8775,1810.9,359.8,27.7,13.9,1920,1080,0.019,1824.8,366.7
Round3,Q4,1682,1682.0,EMIRATES,0.8714,1098.9,10.5,36.0,12.3,1920,1080,0.021,1116.9,16.6
Round3,Q4,1682,1682.0,EMIRATES,0.8023,507.3,354.9,31.1,14.7,1920,1080,0.022,522.8,362.2
Round3,Q4,1682,1682.0,EMIRATES,0.7835,147.5,687.6,45.4,13.6,1920,1080,0.03,170.2,694.4
Round3,Q4,1683,1683.0,EMIRATES,0.8753,881.6,448.2,45.7,15.2,1920,1080,0.033,904.4,455.8
Round3,Q4,1683,1683.0,EMIRATES,0.8739,1248.9,109.8,36.2,12.4,1920,1080,0.022,1267.0,116.0
Round3,Q4,1683,1683.0,EMIRATES,0.7636,1534.5,379.2,25.4,17.8,1920,1080,0.022,1547.2,388.1
Round3,Q4,1683,1683.0,EMIRATES,0.7475,186.7,618.4,43.2,18.6,1920,1080,0.039,208.3,627.7
Round3,Q4,1683,1683.0,EMIRATES,0.4861,972.2,454.2,31.8,13.8,1920,1080,0.021,988.1,461.1
Round3,Q4,1684,1684.0,EMIRATES,0.8721,862.4,115.9,36.8,12.1,1920,1080,0.021,880.8,122.0
Round3,Q4,1684,1684.0,EMIRATES,0.8498,584.2,378.5,42.2,14.2,1920,1080,0.029,605.4,385.6
Round3,Q4,1684,1684.0,EMIRATES,0.8153,963.0,463.5,33.9,13.6,1920,1080,0.022,979.9,470.3
Round3,Q4,1684,1684.0,EMIRATES,0.598,1233.1,324.3,35.2,12.6,1920,1080,0.021,1250.7,330.6
Round3,Q4,1685,1685.0,EMIRATES,0.8747,195.1,244.6,36.0,15.1,1920,1080,0.026,213.1,252.1
Round3,Q4,1685,1685.0,EMIRATES,0.7832,1183.0,217.8,33.7,14.3,1920,1080,0.023,1199.9,224.9
Round3,Q4,1687,1687.0,EMIRATES,0.8992,718.5,405.1,42.1,19.7,1920,1080,0.04,739.6,415.0
Round3,Q4,1688,1688.0,EMIRATES,0.799,1784.8,490.5,29.0,25.0,1920,1080,0.035,1799.3,503.0
Round3,Q4,1688,1688.0,EMIRATES,0.5893,29.3,62.5,35.8,15.6,1920,1080,0.027,47.2,70.3
Round3,Q4,1688,1688.0,EMIRATES,0.5656,1102.4,322.2,26.1,21.8,1920,1080,0.027,1115.4,333.1
Round3,Q4,1689,1689.0,JAMESON,0.5235,0.3,759.4,45.5,42.5,1920,1080,0.093,23.0,780.7
Round3,Q4,1690,1690.0,JAMESON,0.5967,0.2,237.7,50.4,17.1,1920,1080,0.042,25.4,246.2
Round3,Q4,1692,1692.0,EMIRATES,0.8808,1430.4,643.1,49.3,25.5,1920,1080,0.061,1455.1,655.8
Round3,Q4,1692,1692.0,EMIRATES,0.8751,562.4,924.9,59.3,29.3,1920,1080,0.084,592.1,939.6
Round3,Q4,1692,1692.0,EMIRATES,0.7251,794.4,535.8,25.8,12.5,1920,1080,0.016,807.3,542.0
Round3,Q4,1693,1693.0,EMIRATES,0.8849,435.6,718.2,59.9,25.4,1920,1080,0.073,465.6,730.9
Round3,Q4,1693,1693.0,EMIRATES,0.8751,532.4,660.7,60.7,27.2,1920,1080,0.08,562.7,674.3
Round3,Q4,1693,1693.0,EMIRATES,0.8592,1313.4,411.1,43.9,19.9,1920,1080,0.042,1335.3,421.0
Round3,Q4,1693,1693.0,EMIRATES,0.7174,1514.3,488.7,46.1,17.9,1920,1080,0.04,1537.4,497.7
Round3,Q4,1694,1694.0,EMIRATES,0.5266,749.0,785.8,45.6,30.2,1920,1080,0.066,771.8,800.9
Round3,Q4,1695,1695.0,EMIRATES,0.8103,893.2,300.4,46.3,18.9,1920,1080,0.042,916.3,309.8
Round3,Q4,1697,1697.0,ACCESS_COVERS,0.8242,648.6,217.2,193.2,28.4,1920,1080,0.264,745.2,231.4
Round3,Q4,1697,1697.0,ACCESS_COVERS,0.8227,228.5,80.4,167.6,21.2,1920,1080,0.171,312.3,91.0
Round3,Q4,1697,1697.0,ACCESS_COVERS,0.8197,141.4,253.3,193.1,34.1,1920,1080,0.317,238.0,270.3
Round3,Q4,1697,1697.0,ACCESS_COVERS,0.7719,1489.6,45.4,165.4,21.5,1920,1080,0.172,1572.3,56.2
Round3,Q4,1697,1697.0,ACCESS_COVERS,0.7673,1070.8,59.0,162.3,20.1,1920,1080,0.157,1152.0,69.0
Round3,Q4,1697,1697.0,ACCESS_COVERS,0.744,657.6,69.8,160.6,19.4,1920,1080,0.15,737.9,79.5
Round3,Q4,1697,1697.0,ACCESS_COVERS,0.7404,1159.3,198.4,208.5,23.9,1920,1080,0.241,1263.6,210.4
Round3,Q4,1697,1697.0,ACCESS_COVERS,0.7279,1717.5,185.1,202.0,25.0,1920,1080,0.243,1818.5,197.6
Round3,Q4,1698,1698.0,ACCESS_COVERS,0.8229,144.3,173.9,191.2,26.6,1920,1080,0.246,239.9,187.3
Round3,Q4,1698,1698.0,ACCESS_COVERS,0.8214,1636.8,139.8,197.2,23.3,1920,1080,0.222,1735.4,151.5
Round3,Q4,1698,1698.0,ACCESS_COVERS,0.7706,1143.9,149.3,180.4,21.4,1920,1080,0.186,1234.1,160.0
Round3,Q4,1698,1698.0,ACCESS_COVERS,0.7508,945.9,19.4,144.4,18.7,1920,1080,0.13,1018.1,28.8
Round3,Q4,1698,1698.0,ACCESS_COVERS,0.7309,145.4,27.9,159.3,18.5,1920,1080,0.142,225.0,37.1
Round3,Q4,1698,1698.0,ACCESS_COVERS,0.707,558.5,24.8,148.8,19.8,1920,1080,0.142,632.9,34.7
Round3,Q4,1698,1698.0,ACCESS_COVERS,0.6881,1325.7,12.5,146.1,16.8,1920,1080,0.119,1398.8,20.9
Round3,Q4,1698,1698.0,ACCESS_COVERS,0.6234,646.5,158.1,193.7,23.1,1920,1080,0.216,743.4,169.6
Round3,Q4,1698,1698.0,ACCESS_COVERS,0.4997,1722.2,1.2,167.6,17.1,1920,1080,0.138,1806.0,9.7
Round3,Q4,1699,1699.0,ACCESS_COVERS,0.7584,1518.5,3.2,152.9,19.1,1920,1080,0.141,1595.0,12.8
Round3,Q4,1699,1699.0,ACCESS_COVERS,0.747,328.4,19.8,156.4,19.7,1920,1080,0.149,406.6,29.6
Round3,Q4,1699,1699.0,ACCESS_COVERS,0.7304,746.6,16.4,134.8,18.6,1920,1080,0.121,814.0,25.7
Round3,Q4,1699,1699.0,ACCESS_COVERS,0.724,1120.0,11.4,155.3,18.2,1920,1080,0.136,1197.7,20.5
Round3,Q4,1699,1699.0,ACCESS_COVERS,0.7052,1438.6,142.4,193.5,24.2,1920,1080,0.226,1535.4,154.5
Round3,Q4,1699,1699.0,ACCESS_COVERS,0.6692,432.4,159.3,192.9,23.2,1920,1080,0.216,528.9,170.9
Round3,Q4,1699,1699.0,ACCESS_COVERS,0.6393,0.0,171.3,82.8,25.9,1920,1080,0.103,41.4,184.3
Round3,Q4,1699,1699.0,ACCESS_COVERS,0.6197,0.0,16.5,42.1,21.1,1920,1080,0.043,21.0,27.0
Round3,Q4,1699,1699.0,ACCESS_COVERS,0.5048,938.3,150.2,186.1,23.3,1920,1080,0.209,1031.4,161.9
Round3,Q4,1700,1700.0,EMIRATES,0.3058,1023.6,521.9,36.8,21.6,1920,1080,0.038,1042.0,532.7
Round3,Q4,1702,1702.0,ACCESS_COVERS,0.79,98.4,295.1,178.9,31.9,1920,1080,0.275,187.8,311.0
Round3,Q4,1702,1702.0,ACCESS_COVERS,0.7763,180.4,128.9,156.3,21.6,1920,1080,0.163,258.6,139.8
Round3,Q4,1702,1702.0,ACCESS_COVERS,0.7625,1362.0,99.2,144.1,18.9,1920,1080,0.131,1434.1,108.6
Round3,Q4,1702,1702.0,ACCESS_COVERS,0.7509,974.8,109.4,144.7,18.2,1920,1080,0.127,1047.1,118.6
Round3,Q4,1702,1702.0,ACCESS_COVERS,0.7475,1553.8,229.8,191.7,23.4,1920,1080,0.217,1649.7,241.5
Round3,Q4,1702,1702.0,ACCESS_COVERS,0.7389,575.1,260.0,177.0,26.0,1920,1080,0.222,663.6,273.0
Round3,Q4,1702,1702.0,ACCESS_COVERS,0.7179,585.4,117.9,148.6,20.6,1920,1080,0.148,659.7,128.2
Round3,Q4,1702,1702.0,ACCESS_COVERS,0.6965,1764.6,85.5,154.9,19.5,1920,1080,0.146,1842.1,95.2
Round3,Q4,1702,1702.0,ACCESS_COVERS,0.6623,1056.3,239.3,182.3,23.2,1920,1080,0.204,1147.4,250.9
Round3,Q4,1703,1703.0,ACCESS_COVERS,0.7928,745.8,252.4,146.1,20.5,1920,1080,0.145,818.9,262.7
Round3,Q4,1703,1703.0,ACCESS_COVERS,0.7832,670.0,407.9,159.4,31.9,1920,1080,0.245,749.6,423.9
Round3,Q4,1703,1703.0,ACCESS_COVERS,0.7827,1111.3,375.3,174.2,26.0,1920,1080,0.219,1198.4,388.3
Round3,Q4,1703,1703.0,ACCESS_COVERS,0.7296,1507.5,226.3,158.3,18.5,1920,1080,0.141,1586.7,235.5
Round3,Q4,1703,1703.0,ACCESS_COVERS,0.7296,1123.9,238.4,146.6,18.1,1920,1080,0.128,1197.2,247.4
Round3,Q4,1703,1703.0,ACCESS_COVERS,0.7027,365.0,271.0,155.0,23.4,1920,1080,0.175,442.5,282.7
Round3,Q4,1703,1703.0,ACCESS_COVERS,0.6058,0.0,300.5,57.6,24.9,1920,1080,0.069,28.8,312.9
Round3,Q4,1703,1703.0,ACCESS_COVERS,0.584,1581.7,357.0,213.9,23.5,1920,1080,0.242,1688.6,368.7
Round3,Q4,1703,1703.0,ACCESS_COVERS,0.5696,242.9,460.5,158.1,35.7,1920,1080,0.272,321.9,478.4
Round3,Q4,1703,1703.0,ACCESS_COVERS,0.4178,459.1,26.3,120.0,16.2,1920,1080,0.094,519.1,34.5
Round3,Q4,1703,1703.0,ACCESS_COVERS,0.398,1298.9,22.2,106.9,13.2,1920,1080,0.068,1352.4,28.8
Round3,Q4,1704,1704.0,EMIRATES,0.813,1465.7,374.8,28.8,16.9,1920,1080,0.023,1480.1,383.2
Round3,Q4,1706,1706.0,EMIRATES,0.8944,1620.8,376.2,49.2,23.5,1920,1080,0.056,1645.4,387.9
Round3,Q4,1706,1706.0,EMIRATES,0.8756,0.0,428.2,43.0,18.3,1920,1080,0.038,21.5,437.4
Round3,Q4,1707,1707.0,EMIRATES,0.8933,1274.2,368.9,48.7,19.9,1920,1080,0.047,1298.5,378.8
Round3,Q4,1729,1729.0,EMIRATES,0.8789,1412.0,531.7,159.7,63.4,1920,1080,0.488,1491.8,563.4
Round3,Q4,1743,1743.0,EMIRATES,0.3537,259.3,993.2,100.3,86.8,1920,1080,0.42,309.4,1036.6
Round3,Q4,1744,1744.0,EMIRATES,0.3364,240.8,990.8,97.0,89.2,1920,1080,0.417,289.3,1035.4
Round3,Q4,1761,1761.0,EMIRATES,0.6743,1466.7,1025.7,115.5,43.8,1920,1080,0.244,1524.4,1047.6
Round3,Q4,1762,1762.0,EMIRATES,0.5574,32.8,462.2,107.4,84.5,1920,1080,0.438,86.5,504.5
Round3,Q4,1765,1765.0,EMIRATES,0.7347,158.9,508.1,128.6,89.4,1920,1080,0.554,223.2,552.8
Round3,Q4,1766,1766.0,EMIRATES,0.736,125.8,545.1,129.6,85.2,1920,1080,0.533,190.6,587.7
Round3,Q4,1767,1767.0,EMIRATES,0.8107,90.8,535.0,132.1,85.1,1920,1080,0.542,156.9,577.5
Round3,Q4,1768,1768.0,EMIRATES,0.7885,115.3,511.6,127.6,83.0,1920,1080,0.511,179.1,553.1
Round3,Q4,1769,1769.0,EMIRATES,0.548,108.5,485.7,123.8,77.0,1920,1080,0.46,170.5,524.2
Round3,Q4,1770,1770.0,EMIRATES,0.8359,2.9,428.9,131.3,80.3,1920,1080,0.508,68.6,469.1
Round3,Q4,1771,1771.0,EMIRATES,0.7314,62.5,469.3,124.5,78.7,1920,1080,0.473,124.7,508.7
Round3,Q4,1781,1781.0,EMIRATES,0.7704,911.0,484.3,19.7,8.3,1920,1080,0.008,920.8,488.4
Round3,Q4,1782,1782.0,EMIRATES,0.3712,302.4,321.7,21.6,10.5,1920,1080,0.011,313.2,327.0
Round3,Q4,1783,1783.0,EMIRATES,0.7758,1477.0,334.7,47.2,17.7,1920,1080,0.04,1500.6,343.6
Round3,Q4,1785,1785.0,EMIRATES,0.7206,1768.4,284.9,33.2,15.4,1920,1080,0.025,1785.0,292.6
Round3,Q4,1785,1785.0,EMIRATES,0.5795,1141.5,258.6,26.4,16.4,1920,1080,0.021,1154.6,266.8
Round3,Q4,1786,1786.0,EMIRATES,0.7629,1126.9,357.1,40.9,14.6,1920,1080,0.029,1147.4,364.4
Round3,Q4,1786,1786.0,EMIRATES,0.7342,479.5,128.9,44.8,16.9,1920,1080,0.036,501.8,137.3
Round3,Q4,1787,1787.0,EMIRATES,0.9006,1118.5,337.0,38.8,13.9,1920,1080,0.026,1137.9,344.0
Round3,Q4,1790,1790.0,EMIRATES,0.8765,1082.3,411.6,44.5,16.8,1920,1080,0.036,1104.6,420.0
Round3,Q4,1791,1791.0,EMIRATES,0.9005,1186.9,440.7,43.1,15.4,1920,1080,0.032,1208.5,448.4
Round3,Q4,1791,1791.0,EMIRATES,0.8871,580.5,308.7,45.2,19.4,1920,1080,0.042,603.1,318.4
Round3,Q4,1820,1820.0,EMIRATES,0.3623,842.5,1066.2,50.4,13.8,1920,1080,0.033,867.8,1073.1
Round3,Q4,1826,1826.0,EMIRATES,0.8746,1546.2,731.1,45.1,19.4,1920,1080,0.042,1568.8,740.8
Round3,Q4,1826,1826.0,EMIRATES,0.8722,723.2,411.4,26.9,12.4,1920,1080,0.016,736.6,417.6
Round3,Q4,1826,1826.0,EMIRATES,0.608,1083.6,545.1,26.7,19.0,1920,1080,0.025,1097.0,554.6
Round3,Q4,1827,1827.0,EMIRATES,0.7856,1077.6,271.2,20.7,16.5,1920,1080,0.016,1088.0,279.4
Round3,Q4,1827,1827.0,EMIRATES,0.3025,70.1,484.3,30.4,15.1,1920,1080,0.022,85.3,491.9
Round3,Q4,1834,1834.0,EMIRATES,0.8551,875.6,318.1,148.1,54.3,1920,1080,0.388,949.7,345.2
Round3,Q4,1835,1835.0,EMIRATES,0.8943,653.9,343.2,89.2,51.7,1920,1080,0.222,698.5,369.0
Round3,Q4,1836,1836.0,EMIRATES,0.9067,1055.5,488.7,125.2,49.0,1920,1080,0.296,1118.1,513.2
Round3,Q4,1837,1837.0,EMIRATES,0.9048,953.5,434.9,65.0,37.1,1920,1080,0.116,986.1,453.4
Round3,Q4,1843,1843.0,EMIRATES,0.907,398.1,506.9,158.9,47.8,1920,1080,0.366,477.6,530.8
Round3,Q4,1844,1844.0,EMIRATES,0.8353,1096.6,391.4,70.6,49.6,1920,1080,0.169,1131.9,416.3
Round3,Q4,1845,1845.0,EMIRATES,0.8404,842.7,529.0,123.2,60.0,1920,1080,0.356,904.2,559.0
Round3,Q4,1845,1845.0,EMIRATES,0.3349,1872.7,700.6,47.3,59.6,1920,1080,0.136,1896.4,730.4
Round3,Q4,1846,1846.0,EMIRATES,0.8819,284.2,451.3,31.3,12.6,1920,1080,0.019,299.8,457.6
Round3,Q4,1846,1846.0,EMIRATES,0.7322,1127.0,934.7,38.7,11.6,1920,1080,0.022,1146.4,940.5
Round3,Q4,1846,1846.0,EMIRATES,0.697,810.2,530.8,25.9,12.4,1920,1080,0.015,823.1,537.0
Round3,Q4,1846,1846.0,EMIRATES,0.5111,644.9,140.7,25.0,10.1,1920,1080,0.012,657.5,145.8
Round3,Q4,1847,1847.0,EMIRATES,0.8515,272.6,308.8,29.5,14.8,1920,1080,0.021,287.3,316.2
Round3,Q4,1847,1847.0,EMIRATES,0.7845,847.8,784.5,44.3,11.8,1920,1080,0.025,870.0,790.4
Round3,Q4,1848,1848.0,EMIRATES,0.8605,479.4,679.2,39.5,20.7,1920,1080,0.039,499.1,689.5
Round3,Q4,1849,1849.0,EMIRATES,0.8636,313.4,761.1,48.5,21.5,1920,1080,0.05,337.6,771.8
Round3,Q4,1849,1849.0,EMIRATES,0.6843,439.5,161.1,31.8,13.1,1920,1080,0.02,455.3,167.6
Round3,Q4,1849,1849.0,EMIRATES,0.4688,1690.9,371.3,61.3,15.0,1920,1080,0.044,1721.6,378.8
Round3,Q4,1850,1850.0,EMIRATES,0.889,285.8,694.0,52.6,16.9,1920,1080,0.043,312.1,702.5
Round3,Q4,1850,1850.0,EMIRATES,0.8723,370.9,1016.4,56.6,19.4,1920,1080,0.053,399.2,1026.1
Round3,Q4,1851,1851.0,EMIRATES,0.8829,914.4,497.4,51.7,20.0,1920,1080,0.05,940.2,507.4
Round3,Q4,1851,1851.0,EMIRATES,0.8268,541.2,1029.4,61.3,17.8,1920,1080,0.053,571.8,1038.3
Round3,Q4,1852,1852.0,EMIRATES,0.8617,466.7,367.8,37.5,20.9,1920,1080,0.038,485.4,378.2
Round3,Q4,1852,1852.0,EMIRATES,0.8482,962.2,377.9,44.3,13.6,1920,1080,0.029,984.3,384.7
Round3,Q4,1852,1852.0,EMIRATES,0.4625,683.9,407.2,28.2,11.2,1920,1080,0.015,698.0,412.8
Round3,Q4,1853,1853.0,EMIRATES,0.8015,41.1,0.1,33.0,8.5,1920,1080,0.013,57.6,4.4
Round3,Q4,1853,1853.0,EMIRATES,0.4573,1907.5,338.4,12.4,14.7,1920,1080,0.009,1913.7,345.7
Round3,Q4,1854,1854.0,EMIRATES,0.8211,439.6,31.6,33.1,13.7,1920,1080,0.022,456.2,38.4
Round3,Q4,1855,1855.0,EMIRATES,0.7859,671.1,68.1,29.3,17.0,1920,1080,0.024,685.7,76.6
Round3,Q4,1856,1856.0,EMIRATES,0.8993,1434.9,510.5,40.3,21.7,1920,1080,0.042,1455.0,521.4
Round3,Q4,1856,1856.0,EMIRATES,0.613,836.4,384.7,27.8,18.1,1920,1080,0.024,850.3,393.8
Round3,Q4,1857,1857.0,EMIRATES,0.8746,1045.7,709.0,38.6,19.8,1920,1080,0.037,1065.0,718.9
Round3,Q4,1857,1857.0,EMIRATES,0.8643,494.9,567.1,44.8,15.7,1920,1080,0.034,517.3,574.9
Round3,Q4,1858,1858.0,EMIRATES,0.7312,1419.9,736.1,56.8,14.3,1920,1080,0.039,1448.3,743.2
Round3,Q4,1859,1859.0,EMIRATES,0.8855,1602.2,696.4,37.1,19.3,1920,1080,0.034,1620.8,706.0
Round3,Q4,1859,1859.0,EMIRATES,0.5281,1344.7,407.1,27.9,14.0,1920,1080,0.019,1358.6,414.1
Round3,Q4,1860,1860.0,EMIRATES,0.8867,1195.2,816.1,38.4,16.0,1920,1080,0.03,1214.4,824.1
Round3,Q4,1860,1860.0,EMIRATES,0.861,971.6,489.7,37.3,14.5,1920,1080,0.026,990.2,497.0
Round3,Q4,1863,1863.0,EMIRATES,0.8934,827.7,406.0,30.6,29.4,1920,1080,0.044,843.0,420.7
Round3,Q4,1864,1864.0,EMIRATES,0.8607,1627.4,527.8,51.2,16.3,1920,1080,0.04,1653.0,536.0
Round3,Q4,1865,1865.0,EMIRATES,0.6698,1260.6,388.6,29.4,10.1,1920,1080,0.014,1275.3,393.7
Round3,Q4,1866,1866.0,EMIRATES,0.6041,0.0,611.6,9.5,17.8,1920,1080,0.008,4.8,620.5
Round3,Q4,1866,1866.0,EMIRATES,0.3791,950.5,368.3,24.6,11.0,1920,1080,0.013,962.7,373.8
Round3,Q4,1867,1867.0,EMIRATES,0.8996,569.7,563.0,43.3,16.3,1920,1080,0.034,591.3,571.2
Round3,Q4,1867,1867.0,EMIRATES,0.3392,902.4,412.7,17.5,18.0,1920,1080,0.015,911.1,421.8
Round3,Q4,1868,1868.0,EMIRATES,0.8903,1020.5,315.8,72.0,24.6,1920,1080,0.086,1056.4,328.1
Round3,Q4,1869,1869.0,EMIRATES,0.8778,876.3,381.8,50.3,20.4,1920,1080,0.049,901.5,392.0
Round3,Q4,1874,1874.0,EMIRATES,0.8466,491.5,603.8,39.1,17.2,1920,1080,0.033,511.1,612.4
Round3,Q4,1886,1886.0,EMIRATES,0.8311,898.0,646.6,47.7,13.5,1920,1080,0.031,921.8,653.3
Round3,Q4,1887,1887.0,EMIRATES,0.8823,1165.1,747.4,50.4,17.0,1920,1080,0.041,1190.3,755.9
Round3,Q4,1888,1888.0,EMIRATES,0.8651,1576.6,429.9,48.1,18.4,1920,1080,0.043,1600.7,439.1
Round3,Q4,1888,1888.0,EMIRATES,0.6531,251.8,206.5,56.2,22.4,1920,1080,0.061,279.9,217.7
Round3,Q4,1893,1893.0,EMIRATES,0.8239,499.9,513.8,57.5,19.6,1920,1080,0.054,528.6,523.6
Round3,Q4,1899,1899.0,EMIRATES,0.8528,1309.1,995.4,33.3,19.4,1920,1080,0.031,1325.7,1005.1
Round3,Q4,1900,1900.0,EMIRATES,0.8758,1080.7,786.0,57.1,17.0,1920,1080,0.047,1109.2,794.5
Round3,Q4,1901,1901.0,EMIRATES,0.8971,861.2,518.3,56.6,30.1,1920,1080,0.082,889.5,533.3
Round3,Q4,1902,1902.0,EMIRATES,0.8993,1120.3,435.7,37.9,22.0,1920,1080,0.04,1139.2,446.7
Round3,Q4,1902,1902.0,EMIRATES,0.8328,249.4,350.3,31.4,18.1,1920,1080,0.027,265.1,359.3
Round3,Q4,1903,1903.0,EMIRATES,0.8946,1314.5,409.0,41.1,21.1,1920,1080,0.042,1335.1,419.6
Round3,Q4,1904,1904.0,EMIRATES,0.891,1855.7,281.7,64.3,23.2,1920,1080,0.072,1887.8,293.3
Round3,Q4,1906,1906.0,EMIRATES,0.8728,1000.4,38.1,65.4,25.7,1920,1080,0.081,1033.1,50.9
Round3,Q4,1907,1907.0,EMIRATES,0.894,1037.7,283.2,69.1,24.5,1920,1080,0.082,1072.3,295.4
Round3,Q4,1908,1908.0,EMIRATES,0.8951,989.0,409.2,87.8,28.8,1920,1080,0.122,1032.9,423.6
Round3,Q4,1909,1909.0,EMIRATES,0.7454,950.7,351.3,46.4,45.3,1920,1080,0.101,973.9,374.0
Round3,Q4,1914,1914.0,EMIRATES,0.8863,0.0,658.2,106.8,74.6,1920,1080,0.384,53.4,695.5
Round3,Q4,1914,1914.0,EMIRATES,0.7893,1008.0,667.1,55.9,56.5,1920,1080,0.152,1035.9,695.4
Round3,Q4,1915,1915.0,EMIRATES,0.9064,973.6,636.0,155.8,51.7,1920,1080,0.388,1051.5,661.8
Round3,Q4,1915,1915.0,EMIRATES,0.8861,304.3,670.9,232.0,72.3,1920,1080,0.809,420.3,707.0
Round3,Q4,1916,1916.0,EMIRATES,0.9004,892.4,560.3,118.2,50.8,1920,1080,0.289,951.5,585.7
Round3,Q4,1917,1917.0,EMIRATES,0.9017,1331.8,685.4,214.1,64.3,1920,1080,0.664,1438.8,717.6
Round3,Q4,1918,1918.0,EMIRATES,0.8215,1290.5,591.1,98.7,51.0,1920,1080,0.243,1339.8,616.7
Round3,Q4,1919,1919.0,CYBERCX,0.8957,150.7,728.5,180.1,108.2,1920,1080,0.94,240.7,782.6
Round3,Q4,1919,1919.0,EMIRATES,0.8909,633.6,273.1,184.3,89.0,1920,1080,0.791,725.8,317.6
Round3,Q4,1919,1919.0,EMIRATES,0.8855,1240.5,690.5,168.7,56.1,1920,1080,0.457,1324.9,718.6
Round3,Q4,1919,1919.0,CYBERCX,0.8667,0.0,467.2,334.3,179.0,1920,1080,2.886,167.2,556.7
Round3,Q4,1920,1920.0,EMIRATES,0.8966,1059.8,568.0,79.7,59.6,1920,1080,0.229,1099.6,597.8
Round3,Q4,1920,1920.0,EMIRATES,0.8902,746.2,283.8,159.3,70.4,1920,1080,0.541,825.8,319.0
Round3,Q4,1920,1920.0,CYBERCX,0.847,100.5,744.5,145.3,105.0,1920,1080,0.736,173.2,797.0
Round3,Q4,1920,1920.0,CYBERCX,0.7143,0.0,489.2,344.5,182.1,1920,1080,3.026,172.3,580.2
Round3,Q4,1921,1921.0,EMIRATES,0.8913,222.4,489.4,85.8,59.4,1920,1080,0.246,265.3,519.1
Round3,Q4,1921,1921.0,EMIRATES,0.8635,691.5,573.5,97.6,38.8,1920,1080,0.183,740.3,592.9
Round3,Q4,1921,1921.0,EMIRATES,0.8284,1742.5,565.0,99.9,71.8,1920,1080,0.346,1792.4,600.9
Round3,Q4,1921,1921.0,CYBERCX,0.5335,0.0,488.7,77.0,228.8,1920,1080,0.849,38.5,603.1
Round3,Q4,1922,1922.0,EMIRATES,0.8769,168.2,458.0,99.1,59.0,1920,1080,0.282,217.8,487.5
Round3,Q4,1922,1922.0,EMIRATES,0.8589,680.9,545.7,100.7,49.0,1920,1080,0.238,731.3,570.2
Round3,Q4,1923,1923.0,EMIRATES,0.9003,933.1,607.1,211.9,93.2,1920,1080,0.952,1039.0,653.7
Round3,Q4,1923,1923.0,EMIRATES,0.8957,1333.6,253.6,213.7,61.8,1920,1080,0.637,1440.5,284.5
Round3,Q4,1923,1923.0,EMIRATES,0.857,776.9,542.2,120.7,40.2,1920,1080,0.234,837.3,562.2
Round3,Q4,1923,1923.0,EMIRATES,0.82,205.1,499.1,67.6,77.1,1920,1080,0.251,238.9,537.6
Round3,Q4,1924,1924.0,EMIRATES,0.9016,1544.3,265.1,220.2,74.4,1920,1080,0.79,1654.4,302.2
Round3,Q4,1924,1924.0,EMIRATES,0.8967,140.8,592.5,199.9,84.2,1920,1080,0.812,240.7,634.6
Round3,Q4,1924,1924.0,EMIRATES,0.8521,738.0,614.5,90.6,68.0,1920,1080,0.297,783.3,648.5
Round3,Q4,1925,1925.0,EMIRATES,0.8914,14.3,557.2,215.6,71.3,1920,1080,0.742,122.1,592.8
Round3,Q4,1925,1925.0,EMIRATES,0.8241,1006.2,592.0,71.4,47.4,1920,1080,0.163,1041.9,615.7
Round3,Q4,1925,1925.0,EMIRATES,0.7869,1861.9,658.0,58.0,35.4,1920,1080,0.099,1890.9,675.7
Round3,Q4,1926,1926.0,EMIRATES,0.7385,1188.0,886.3,168.1,25.6,1920,1080,0.207,1272.1,899.1
Round3,Q4,1927,1927.0,EMIRATES,0.882,1086.4,822.0,179.7,69.6,1920,1080,0.603,1176.2,856.8
Round3,Q4,1927,1927.0,EMIRATES,0.8737,594.6,563.4,117.2,51.4,1920,1080,0.29,653.2,589.1
Round3,Q4,1927,1927.0,EMIRATES,0.8659,1755.5,483.2,120.3,35.1,1920,1080,0.203,1815.7,500.7
Round3,Q4,1936,1936.0,EMIRATES,0.8101,1674.0,344.4,148.7,72.3,1920,1080,0.519,1748.3,380.5
Round3,Q4,1936,1936.0,CYBERCX,0.8096,0.0,114.0,324.8,186.7,1920,1080,2.925,162.4,207.4
Round3,Q4,1936,1936.0,CYBERCX,0.7551,0.0,397.9,312.3,141.4,1920,1080,2.129,156.2,468.6
Round3,Q4,1936,1936.0,EMIRATES,0.6296,767.3,419.5,158.0,65.6,1920,1080,0.5,846.2,452.3
Round3,Q4,1937,1937.0,EMIRATES,0.8984,1495.3,381.9,201.9,65.4,1920,1080,0.637,1596.3,414.6
Round3,Q4,1937,1937.0,EMIRATES,0.8984,768.1,448.0,222.2,78.9,1920,1080,0.845,879.2,487.4
Round3,Q4,1937,1937.0,CYBERCX,0.8023,291.3,107.8,387.1,212.6,1920,1080,3.969,484.9,214.1
Round3,Q4,1938,1938.0,EMIRATES,0.896,1575.3,390.2,234.9,67.7,1920,1080,0.767,1692.8,424.0
Round3,Q4,1938,1938.0,EMIRATES,0.8579,640.6,414.7,185.0,69.8,1920,1080,0.622,733.1,449.6
Round3,Q4,1938,1938.0,CYBERCX,0.7411,0.0,125.8,434.4,210.3,1920,1080,4.405,217.2,230.9
Round3,Q4,1938,1938.0,CYBERCX,0.6035,76.2,419.0,174.5,134.3,1920,1080,1.13,163.4,486.2
Round3,Q4,1939,1939.0,EMIRATES,0.897,1151.7,764.4,171.7,66.2,1920,1080,0.548,1237.5,797.6
Round3,Q4,1940,1940.0,EMIRATES,0.8951,1086.3,605.0,141.2,60.2,1920,1080,0.41,1156.9,635.2
Round3,Q4,1940,1940.0,EMIRATES,0.8879,1210.7,678.0,299.7,86.8,1920,1080,1.254,1360.6,721.4
Round3,Q4,1941,1941.0,EMIRATES,0.8851,298.1,646.0,250.6,99.7,1920,1080,1.205,423.4,695.8
Round3,Q4,1942,1942.0,EMIRATES,0.9037,845.0,436.9,120.9,43.7,1920,1080,0.255,905.4,458.8
Round3,Q4,1943,1943.0,EMIRATES,0.9203,744.3,443.1,123.2,39.8,1920,1080,0.237,805.8,463.1
Round3,Q4,1944,1944.0,EMIRATES,0.8656,821.1,423.5,190.2,66.7,1920,1080,0.612,916.2,456.9
Round3,Q4,1945,1945.0,EMIRATES,0.8945,1141.1,459.2,172.7,48.4,1920,1080,0.403,1227.5,483.5
Round3,Q4,1946,1946.0,EMIRATES,0.8798,1052.3,441.5,153.0,59.3,1920,1080,0.438,1128.8,471.2
Round3,Q4,1947,1947.0,EMIRATES,0.9028,834.9,592.3,138.7,62.5,1920,1080,0.418,904.3,623.5
Round3,Q4,1948,1948.0,EMIRATES,0.8951,864.5,561.0,174.8,62.6,1920,1080,0.528,951.9,592.3
Round3,Q4,1949,1949.0,EMIRATES,0.8915,1771.8,515.1,148.2,70.5,1920,1080,0.504,1845.9,550.4
Round3,Q4,1949,1949.0,EMIRATES,0.877,1119.7,564.1,171.6,60.5,1920,1080,0.501,1205.5,594.3
Round3,Q4,1950,1950.0,EMIRATES,0.9061,882.9,835.4,151.6,48.5,1920,1080,0.354,958.7,859.7
Round3,Q4,1951,1951.0,EMIRATES,0.8821,1018.0,872.0,160.4,41.3,1920,1080,0.319,1098.2,892.6
Round3,Q4,1951,1951.0,EMIRATES,0.8498,857.1,511.3,41.6,45.4,1920,1080,0.091,877.9,534.0
Round3,Q4,1952,1952.0,EMIRATES,0.9304,917.7,488.4,147.8,45.1,1920,1080,0.322,991.6,511.0
Round3,Q4,1953,1953.0,EMIRATES,0.9123,919.8,490.9,153.5,46.3,1920,1080,0.343,996.6,514.1
Round3,Q4,1953,1953.0,EMIRATES,0.8734,0.0,518.8,130.9,48.2,1920,1080,0.304,65.5,542.9
Round3,Q4,1953,1953.0,EMIRATES,0.8649,1639.4,909.9,154.8,54.0,1920,1080,0.403,1716.7,937.0
Round3,Q4,1955,1955.0,EMIRATES,0.5677,666.7,422.1,34.0,36.5,1920,1080,0.06,683.7,440.4
Round3,Q4,1955,1955.0,EMIRATES,0.4593,1551.9,497.5,47.2,66.5,1920,1080,0.151,1575.5,530.7
Round3,Q4,1956,1956.0,EMIRATES,0.9068,1337.4,466.3,91.7,38.7,1920,1080,0.171,1383.3,485.6
Round3,Q4,1956,1956.0,EMIRATES,0.7521,1058.2,366.2,86.1,67.2,1920,1080,0.279,1101.3,399.8
Round3,Q4,1957,1957.0,EMIRATES,0.9114,1294.5,518.0,94.9,36.7,1920,1080,0.168,1341.9,536.4
Round3,Q4,1957,1957.0,EMIRATES,0.8777,274.0,274.3,62.6,55.8,1920,1080,0.168,305.3,302.2
Round3,Q4,1957,1957.0,EMIRATES,0.4806,0.0,468.6,14.8,47.4,1920,1080,0.034,7.4,492.4
