match,quarter,frame_index,timestamp_sec,partner,confidence,box_x,box_y,box_w,box_h,frame_w,frame_h,coverage_pct,center_x,center_y
Round1,Q1,0,0.0,EMIRATES,0.8603,1596.6,445.4,80.0,25.8,1920,1080,0.099,1636.6,458.3
Round1,Q1,0,0.0,EMIRATES,0.8281,1392.4,399.8,73.4,23.9,1920,1080,0.085,1429.1,411.7
Round1,Q1,0,0.0,EMIRATES,0.8157,957.3,482.4,63.6,21.3,1920,1080,0.065,989.0,493.1
Round1,Q1,0,0.0,EMIRATES,0.8078,803.3,480.5,51.3,22.4,1920,1080,0.055,828.9,491.7
Round1,Q1,0,0.0,EMIRATES,0.4044,315.5,473.8,49.2,30.1,1920,1080,0.071,340.1,488.9
Round1,Q1,1,0.5,EMIRATES,0.8095,1194.2,505.4,72.6,30.4,1920,1080,0.106,1230.5,520.6
Round1,Q1,1,0.5,EMIRATES,0.7492,448.2,498.8,51.9,34.0,1920,1080,0.085,474.2,515.7
Round1,Q1,1,0.5,EMIRATES,0.4109,1889.5,484.0,30.5,30.0,1920,1080,0.044,1904.7,499.0
Round1,Q1,2,1.0,EMIRATES,0.8177,1396.3,402.8,86.9,30.5,1920,1080,0.128,1439.7,418.1
Round1,Q1,2,1.0,EMIRATES,0.8066,1645.5,455.6,79.9,31.9,1920,1080,0.123,1685.5,471.6
Round1,Q1,2,1.0,EMIRATES,0.7774,688.6,513.2,62.4,30.7,1920,1080,0.092,719.8,528.5
Round1,Q1,2,1.0,EMIRATES,0.7652,126.4,491.6,57.8,35.6,1920,1080,0.099,155.3,509.4
Round1,Q1,3,1.5,EMIRATES,0.8277,1684.4,466.5,104.9,34.0,1920,1080,0.172,1736.9,483.5
Round1,Q1,3,1.5,EMIRATES,0.807,850.6,533.4,82.4,30.2,1920,1080,0.12,891.8,548.5
Round1,Q1,3,1.5,EMIRATES,0.7966,13.9,518.6,69.2,35.3,1920,1080,0.118,48.5,536.2
Round1,Q1,4,2.0,EMIRATES,0.8403,1157.0,543.6,81.5,40.5,1920,1080,0.159,1197.7,563.9
Round1,Q1,5,2.5,EMIRATES,0.8399,1693.5,491.5,111.7,38.3,1920,1080,0.206,1749.4,510.6
Round1,Q1,5,2.5,EMIRATES,0.8263,1380.3,420.9,104.2,42.5,1920,1080,0.213,1432.4,442.1
Round1,Q1,5,2.5,EMIRATES,0.7992,1138.1,565.7,67.2,39.9,1920,1080,0.129,1171.7,585.6
Round1,Q1,5,2.5,EMIRATES,0.7418,463.8,575.4,68.1,42.2,1920,1080,0.139,497.9,596.5
Round1,Q1,6,3.0,EMIRATES,0.8585,1737.0,513.9,126.2,39.0,1920,1080,0.237,1800.1,533.4
Round1,Q1,6,3.0,EMIRATES,0.8457,677.1,600.2,102.2,34.8,1920,1080,0.172,728.2,617.6
Round1,Q1,6,3.0,EMIRATES,0.8035,407.5,604.1,65.1,43.5,1920,1080,0.137,440.0,625.8
Round1,Q1,7,3.5,EMIRATES,0.7972,590.3,633.0,111.6,38.7,1920,1080,0.208,646.1,652.4
Round1,Q1,7,3.5,EMIRATES,0.7751,1101.2,653.3,82.6,45.9,1920,1080,0.183,1142.5,676.3
Round1,Q1,7,3.5,EMIRATES,0.6258,1791.3,540.7,81.4,36.6,1920,1080,0.144,1832.0,559.0
Round1,Q1,8,4.0,EMIRATES,0.8494,513.7,647.0,118.1,44.0,1920,1080,0.251,572.8,669.0
Round1,Q1,8,4.0,EMIRATES,0.8125,1070.5,666.4,87.5,52.0,1920,1080,0.219,1114.2,692.3
Round1,Q1,9,4.5,EMIRATES,0.8179,1057.8,680.0,91.5,54.3,1920,1080,0.24,1103.5,707.2
Round1,Q1,9,4.5,EMIRATES,0.7076,1406.1,465.2,100.2,46.9,1920,1080,0.227,1456.2,488.7
Round1,Q1,9,4.5,EMIRATES,0.6088,545.2,665.9,39.8,44.1,1920,1080,0.085,565.1,688.0
Round1,Q1,10,5.0,EMIRATES,0.8255,1051.1,681.3,96.3,66.2,1920,1080,0.308,1099.3,714.5
Round1,Q1,10,5.0,EMIRATES,0.8123,1421.4,450.4,144.0,62.1,1920,1080,0.431,1493.4,481.4
Round1,Q1,11,5.5,EMIRATES,0.8318,1034.7,705.6,95.5,68.0,1920,1080,0.313,1082.4,739.6
Round1,Q1,11,5.5,EMIRATES,0.8281,1413.0,477.1,147.1,63.4,1920,1080,0.45,1486.6,508.8
Round1,Q1,11,5.5,EMIRATES,0.6708,0.0,723.5,33.0,66.1,1920,1080,0.105,16.5,756.5
Round1,Q1,12,6.0,EMIRATES,0.8529,1056.2,687.8,98.2,62.9,1920,1080,0.298,1105.3,719.3
Round1,Q1,12,6.0,EMIRATES,0.84,1454.6,453.5,158.0,63.6,1920,1080,0.485,1533.5,485.3
Round1,Q1,13,6.5,EMIRATES,0.8677,1514.7,458.8,163.6,61.9,1920,1080,0.488,1596.5,489.8
Round1,Q1,13,6.5,EMIRATES,0.857,1086.7,714.8,104.3,68.2,1920,1080,0.343,1138.8,748.8
Round1,Q1,13,6.5,EMIRATES,0.8518,422.5,716.3,64.1,50.9,1920,1080,0.157,454.5,741.8
Round1,Q1,14,7.0,EMIRATES,0.8392,362.1,725.4,143.1,68.9,1920,1080,0.475,433.6,759.8
Round1,Q1,14,7.0,EMIRATES,0.8369,1137.5,718.3,113.7,65.9,1920,1080,0.361,1194.4,751.3
Round1,Q1,14,7.0,EMIRATES,0.8166,1578.9,447.9,180.1,72.7,1920,1080,0.631,1669.0,484.3
Round1,Q1,15,7.5,EMIRATES,0.8593,1604.7,444.6,172.5,63.0,1920,1080,0.524,1691.0,476.1
Round1,Q1,15,7.5,EMIRATES,0.8582,1154.0,723.4,109.0,67.1,1920,1080,0.353,1208.5,756.9
Round1,Q1,15,7.5,EMIRATES,0.8534,394.3,739.2,137.6,76.8,1920,1080,0.509,463.1,777.6
Round1,Q1,16,8.0,EMIRATES,0.8664,1165.7,745.1,114.1,69.2,1920,1080,0.381,1222.8,779.7
Round1,Q1,16,8.0,EMIRATES,0.7976,1621.2,473.5,106.0,52.2,1920,1080,0.267,1674.2,499.6
Round1,Q1,17,8.5,EMIRATES,0.8662,440.7,842.8,163.7,73.2,1920,1080,0.578,522.6,879.4
Round1,Q1,17,8.5,EMIRATES,0.8367,1182.0,738.7,117.5,74.6,1920,1080,0.423,1240.8,776.1
Round1,Q1,18,9.0,EMIRATES,0.8684,520.3,715.2,164.0,65.5,1920,1080,0.518,602.3,747.9
Round1,Q1,18,9.0,EMIRATES,0.8516,1262.3,725.5,113.5,73.3,1920,1080,0.401,1319.1,762.1
Round1,Q1,18,9.0,EMIRATES,0.5351,139.8,738.8,40.7,67.6,1920,1080,0.133,160.2,772.6
Round1,Q1,19,9.5,EMIRATES,0.8787,548.1,722.7,159.6,62.2,1920,1080,0.479,627.9,753.8
Round1,Q1,19,9.5,EMIRATES,0.8447,1266.2,731.4,106.2,73.1,1920,1080,0.374,1319.3,767.9
Round1,Q1,19,9.5,EMIRATES,0.8316,155.0,743.5,64.4,67.4,1920,1080,0.209,187.2,777.2
Round1,Q1,20,10.0,EMIRATES,0.8792,592.1,713.8,154.0,63.3,1920,1080,0.47,669.1,745.4
Round1,Q1,20,10.0,EMIRATES,0.812,1274.3,736.9,106.6,80.5,1920,1080,0.414,1327.5,777.2
Round1,Q1,21,10.5,EMIRATES,0.8803,590.0,708.4,143.7,59.3,1920,1080,0.411,661.8,738.0
Round1,Q1,21,10.5,EMIRATES,0.7718,1256.5,708.7,92.2,77.4,1920,1080,0.344,1302.6,747.4
Round1,Q1,22,11.0,EMIRATES,0.8661,603.3,692.5,131.5,49.2,1920,1080,0.312,669.0,717.1
Round1,Q1,22,11.0,EMIRATES,0.4708,1306.5,640.9,59.1,83.1,1920,1080,0.237,1336.1,682.5
Round1,Q1,23,11.5,EMIRATES,0.8184,1381.0,492.9,123.7,34.9,1920,1080,0.208,1442.9,510.4
Round1,Q1,24,12.0,EMIRATES,0.8896,1640.4,541.8,92.0,25.7,1920,1080,0.114,1686.5,554.7
Round1,Q1,24,12.0,EMIRATES,0.8539,402.2,561.6,211.3,74.8,1920,1080,0.762,507.9,598.9
Round1,Q1,24,12.0,EMIRATES,0.4158,646.9,825.6,424.9,147.9,1920,1080,3.031,859.3,899.6
Round1,Q1,24,12.0,EMIRATES,0.3518,1901.1,578.4,18.8,30.8,1920,1080,0.028,1910.5,593.8
Round1,Q1,25,12.5,EMIRATES,0.8676,623.4,520.8,116.9,39.5,1920,1080,0.223,681.9,540.5
Round1,Q1,25,12.5,EMIRATES,0.8634,468.2,528.1,81.6,34.1,1920,1080,0.134,509.0,545.1
Round1,Q1,25,12.5,EMIRATES,0.8343,1212.5,660.1,291.0,61.5,1920,1080,0.864,1358.1,690.8
Round1,Q1,25,12.5,EMIRATES,0.8335,954.7,476.6,63.2,18.6,1920,1080,0.057,986.4,485.8
Round1,Q1,25,12.5,EMIRATES,0.6684,100.3,526.3,49.1,42.3,1920,1080,0.1,124.8,547.5
Round1,Q1,25,12.5,EMIRATES,0.3744,1805.2,623.8,114.4,51.5,1920,1080,0.284,1862.4,649.6
Round1,Q1,26,13.0,EMIRATES,0.8734,680.3,500.8,82.0,24.0,1920,1080,0.095,721.3,512.8
Round1,Q1,26,13.0,EMIRATES,0.8682,488.0,518.5,62.1,20.5,1920,1080,0.061,519.1,528.7
Round1,Q1,26,13.0,EMIRATES,0.8651,1747.2,603.3,134.5,49.4,1920,1080,0.32,1814.4,628.0
Round1,Q1,26,13.0,EMIRATES,0.813,1287.3,562.5,84.0,24.3,1920,1080,0.098,1329.3,574.7
Round1,Q1,27,13.5,EMIRATES,0.8897,1485.7,541.3,75.5,28.3,1920,1080,0.103,1523.5,555.4
Round1,Q1,27,13.5,EMIRATES,0.8254,1036.1,528.7,48.5,14.5,1920,1080,0.034,1060.3,536.0
Round1,Q1,27,13.5,EMIRATES,0.8149,151.2,486.8,98.3,40.3,1920,1080,0.191,200.4,507.0
Round1,Q1,27,13.5,EMIRATES,0.6537,1889.8,480.7,30.1,30.4,1920,1080,0.044,1904.9,495.8
Round1,Q1,27,13.5,EMIRATES,0.417,529.1,521.7,47.0,15.3,1920,1080,0.035,552.6,529.3
Round1,Q1,28,14.0,EMIRATES,0.8751,902.0,483.6,55.0,20.9,1920,1080,0.055,929.5,494.1
Round1,Q1,28,14.0,EMIRATES,0.8579,428.5,470.1,92.5,29.8,1920,1080,0.133,474.7,485.0
Round1,Q1,28,14.0,EMIRATES,0.8401,1651.7,477.3,59.5,18.8,1920,1080,0.054,1681.4,486.7
Round1,Q1,28,14.0,EMIRATES,0.8328,1264.7,530.2,52.2,15.6,1920,1080,0.039,1290.8,538.0
Round1,Q1,28,14.0,EMIRATES,0.7685,226.9,543.2,52.0,14.4,1920,1080,0.036,252.9,550.4
Round1,Q1,29,14.5,EMIRATES,0.8732,1827.1,537.0,91.6,69.2,1920,1080,0.306,1872.9,571.6
Round1,Q1,29,14.5,EMIRATES,0.8491,907.7,554.7,185.9,125.4,1920,1080,1.124,1000.6,617.4
Round1,Q1,29,14.5,EMIRATES,0.8109,0.0,512.6,60.6,74.9,1920,1080,0.219,30.3,550.0
Round1,Q1,29,14.5,EMIRATES,0.7684,1056.5,453.0,336.8,142.5,1920,1080,2.314,1224.9,524.2
Round1,Q1,29,14.5,EMIRATES,0.6011,645.3,178.2,61.9,79.5,1920,1080,0.238,676.3,217.9
Round1,Q1,29,14.5,EMIRATES,0.5238,1713.2,337.1,97.5,83.2,1920,1080,0.391,1762.0,378.7
Round1,Q1,30,15.0,EMIRATES,0.8944,861.6,925.6,45.7,19.4,1920,1080,0.043,884.5,935.3
Round1,Q1,30,15.0,EMIRATES,0.7781,1299.7,607.6,417.1,122.7,1920,1080,2.468,1508.3,668.9
Round1,Q1,30,15.0,EMIRATES,0.6545,1841.5,475.5,78.5,108.5,1920,1080,0.411,1880.8,529.8
Round1,Q1,30,15.0,EMIRATES,0.5202,911.2,327.7,229.1,71.6,1920,1080,0.791,1025.8,363.5
Round1,Q1,31,15.5,EMIRATES,0.8959,861.6,925.6,45.5,19.4,1920,1080,0.043,884.4,935.3
Round1,Q1,31,15.5,EMIRATES,0.8773,346.2,602.3,178.0,108.1,1920,1080,0.928,435.2,656.4
Round1,Q1,31,15.5,EMIRATES,0.8572,1802.0,424.0,117.8,71.3,1920,1080,0.405,1860.9,459.6
Round1,Q1,31,15.5,EMIRATES,0.8377,1259.6,542.4,176.9,118.7,1920,1080,1.012,1348.0,601.7
Round1,Q1,32,16.0,EMIRATES,0.8975,861.5,925.6,45.8,19.4,1920,1080,0.043,884.4,935.3
Round1,Q1,32,16.0,EMIRATES,0.8862,1448.8,534.8,169.2,68.8,1920,1080,0.561,1533.4,569.2
Round1,Q1,32,16.0,EMIRATES,0.8697,1712.0,625.9,78.0,86.5,1920,1080,0.326,1751.0,669.2
Round1,Q1,32,16.0,EMIRATES,0.8073,1013.8,502.7,138.0,113.7,1920,1080,0.757,1082.8,559.6
Round1,Q1,32,16.0,EMIRATES,0.6798,431.9,718.2,168.9,40.6,1920,1080,0.331,516.4,738.5
Round1,Q1,33,16.5,EMIRATES,0.8964,861.7,925.6,45.5,19.4,1920,1080,0.043,884.4,935.3
Round1,Q1,33,16.5,EMIRATES,0.8902,1371.1,536.8,143.1,60.9,1920,1080,0.421,1442.6,567.3
Round1,Q1,33,16.5,EMIRATES,0.8771,1667.9,668.2,131.1,92.2,1920,1080,0.583,1733.4,714.3
Round1,Q1,33,16.5,EMIRATES,0.8768,955.7,756.1,81.4,66.1,1920,1080,0.259,996.4,789.2
Round1,Q1,33,16.5,EMIRATES,0.8723,1536.2,500.0,81.0,94.9,1920,1080,0.371,1576.7,547.5
Round1,Q1,33,16.5,EMIRATES,0.8608,1112.8,478.6,170.5,104.5,1920,1080,0.859,1198.1,530.9
Round1,Q1,34,17.0,EMIRATES,0.8969,861.6,925.5,45.6,19.5,1920,1080,0.043,884.4,935.3
Round1,Q1,34,17.0,EMIRATES,0.8811,1246.3,791.0,143.8,70.8,1920,1080,0.491,1318.2,826.4
Round1,Q1,34,17.0,EMIRATES,0.7994,927.6,437.1,104.6,110.7,1920,1080,0.559,980.0,492.5
Round1,Q1,35,17.5,EMIRATES,0.8975,1513.3,741.6,159.7,66.2,1920,1080,0.51,1593.2,774.7
Round1,Q1,35,17.5,EMIRATES,0.8973,861.6,925.6,45.5,19.4,1920,1080,0.043,884.3,935.3
Round1,Q1,35,17.5,EMIRATES,0.801,475.1,239.0,89.6,78.1,1920,1080,0.338,520.0,278.0
Round1,Q1,36,18.0,EMIRATES,0.9022,1004.1,704.1,184.0,58.7,1920,1080,0.521,1096.1,733.4
Round1,Q1,36,18.0,EMIRATES,0.8982,861.6,925.6,45.8,19.4,1920,1080,0.043,884.4,935.3
Round1,Q1,36,18.0,EMIRATES,0.7856,826.6,372.1,57.6,91.4,1920,1080,0.254,855.4,417.8
Round1,Q1,36,18.0,EMIRATES,0.7723,155.6,159.7,82.0,75.8,1920,1080,0.3,196.6,197.6
Round1,Q1,37,18.5,EMIRATES,0.899,861.6,925.6,45.7,19.4,1920,1080,0.043,884.4,935.3
Round1,Q1,37,18.5,EMIRATES,0.8868,1036.4,599.8,89.0,69.1,1920,1080,0.297,1080.9,634.3
Round1,Q1,37,18.5,EMIRATES,0.863,422.8,324.6,111.9,106.6,1920,1080,0.575,478.7,377.9
Round1,Q1,37,18.5,EMIRATES,0.8002,649.1,669.5,189.7,81.8,1920,1080,0.748,744.0,710.4
Round1,Q1,38,19.0,EMIRATES,0.8986,861.7,925.6,45.5,19.3,1920,1080,0.042,884.4,935.3
Round1,Q1,38,19.0,EMIRATES,0.8609,424.1,332.4,71.4,68.3,1920,1080,0.235,459.8,366.5
Round1,Q1,38,19.0,EMIRATES,0.8255,911.4,708.0,110.0,101.4,1920,1080,0.538,966.4,758.7
Round1,Q1,39,19.5,EMIRATES,0.8968,861.6,925.5,45.7,19.5,1920,1080,0.043,884.4,935.3
Round1,Q1,39,19.5,EMIRATES,0.8602,375.3,281.7,105.5,79.7,1920,1080,0.406,428.1,321.6
Round1,Q1,39,19.5,EMIRATES,0.8234,832.9,622.9,96.1,80.9,1920,1080,0.375,880.9,663.4
Round1,Q1,39,19.5,EMIRATES,0.5063,1487.4,492.6,89.7,114.1,1920,1080,0.494,1532.2,549.7
Round1,Q1,40,20.0,EMIRATES,0.8955,861.7,925.7,45.5,19.2,1920,1080,0.042,884.4,935.3
Round1,Q1,40,20.0,EMIRATES,0.8737,1376.8,498.2,169.2,90.8,1920,1080,0.741,1461.4,543.6
Round1,Q1,41,20.5,EMIRATES,0.8971,861.7,925.6,45.5,19.3,1920,1080,0.042,884.4,935.3
Round1,Q1,41,20.5,EMIRATES,0.8965,1298.2,444.0,193.6,63.9,1920,1080,0.597,1395.0,476.0
Round1,Q1,42,21.0,EMIRATES,0.8969,861.6,925.5,45.5,19.6,1920,1080,0.043,884.4,935.3
Round1,Q1,42,21.0,EMIRATES,0.8755,1400.7,215.4,147.9,60.0,1920,1080,0.428,1474.7,245.4
Round1,Q1,42,21.0,EMIRATES,0.8369,750.3,478.3,74.2,72.1,1920,1080,0.258,787.4,514.3
Round1,Q1,43,21.5,EMIRATES,0.8977,861.7,925.4,45.5,19.7,1920,1080,0.043,884.4,935.3
Round1,Q1,44,22.0,EMIRATES,0.8958,861.8,925.6,45.4,19.3,1920,1080,0.042,884.5,935.2
Round1,Q1,44,22.0,EMIRATES,0.7926,1039.2,368.4,63.1,83.7,1920,1080,0.255,1070.7,410.2
Round1,Q1,45,22.5,EMIRATES,0.9,861.6,925.4,45.5,19.6,1920,1080,0.043,884.3,935.2
Round1,Q1,45,22.5,EMIRATES,0.8098,1098.6,397.2,61.5,67.6,1920,1080,0.2,1129.4,430.9
Round1,Q1,46,23.0,EMIRATES,0.8996,861.6,925.4,45.4,19.6,1920,1080,0.043,884.3,935.2
Round1,Q1,46,23.0,EMIRATES,0.865,0.0,105.2,61.9,51.2,1920,1080,0.153,30.9,130.8
Round1,Q1,46,23.0,EMIRATES,0.7321,1386.3,393.9,46.4,79.0,1920,1080,0.177,1409.5,433.5
Round1,Q1,47,23.5,EMIRATES,0.8978,861.6,925.4,45.5,19.8,1920,1080,0.043,884.3,935.3
Round1,Q1,47,23.5,EMIRATES,0.8782,0.0,140.7,77.4,50.8,1920,1080,0.19,38.7,166.1
Round1,Q1,48,24.0,EMIRATES,0.8959,1158.9,414.4,161.2,50.3,1920,1080,0.391,1239.5,439.6
Round1,Q1,48,24.0,EMIRATES,0.8957,861.7,925.5,45.4,19.5,1920,1080,0.043,884.3,935.3
Round1,Q1,48,24.0,EMIRATES,0.8944,138.1,180.0,126.8,52.0,1920,1080,0.318,201.5,206.0
Round1,Q1,49,24.5,EMIRATES,0.8967,136.0,244.3,134.6,48.8,1920,1080,0.317,203.3,268.7
Round1,Q1,49,24.5,EMIRATES,0.8922,861.7,925.7,45.4,19.3,1920,1080,0.042,884.4,935.3
Round1,Q1,49,24.5,EMIRATES,0.8793,914.4,411.7,98.8,59.5,1920,1080,0.284,963.9,441.5
Round1,Q1,50,25.0,EMIRATES,0.8955,861.6,925.6,45.8,19.3,1920,1080,0.043,884.5,935.3
Round1,Q1,50,25.0,EMIRATES,0.894,33.4,261.4,108.3,49.7,1920,1080,0.26,87.6,286.3
Round1,Q1,51,25.5,EMIRATES,0.8948,861.8,925.5,45.2,19.5,1920,1080,0.042,884.4,935.2
Round1,Q1,51,25.5,EMIRATES,0.8859,180.7,266.6,122.1,56.7,1920,1080,0.334,241.8,295.0
Round1,Q1,51,25.5,EMIRATES,0.8229,909.8,388.6,51.4,66.5,1920,1080,0.165,935.5,421.9
Round1,Q1,52,26.0,EMIRATES,0.8844,1038.6,491.8,48.8,41.5,1920,1080,0.098,1063.0,512.6
Round1,Q1,52,26.0,EMIRATES,0.8698,207.1,293.5,134.9,68.5,1920,1080,0.446,274.6,327.7
Round1,Q1,53,26.5,EMIRATES,0.8937,922.0,484.8,134.7,41.8,1920,1080,0.272,989.3,505.7
Round1,Q1,53,26.5,EMIRATES,0.8901,80.7,291.3,148.0,44.9,1920,1080,0.321,154.7,313.8
Round1,Q1,53,26.5,EMIRATES,0.84,1854.4,408.0,65.4,70.5,1920,1080,0.222,1887.1,443.2
Round1,Q1,53,26.5,EMIRATES,0.8194,1443.4,272.0,66.5,55.0,1920,1080,0.176,1476.7,299.5
Round1,Q1,54,27.0,EMIRATES,0.9053,763.0,494.0,123.2,42.8,1920,1080,0.254,824.6,515.4
Round1,Q1,54,27.0,EMIRATES,0.8274,110.0,242.8,51.4,47.1,1920,1080,0.117,135.7,266.3
Round1,Q1,54,27.0,EMIRATES,0.7918,1414.8,512.9,45.7,60.6,1920,1080,0.133,1437.6,543.2
Round1,Q1,55,27.5,EMIRATES,0.8995,582.6,374.4,75.8,43.6,1920,1080,0.159,620.6,396.2
Round1,Q1,55,27.5,EMIRATES,0.8981,354.6,300.7,100.1,38.1,1920,1080,0.184,404.6,319.8
Round1,Q1,55,27.5,EMIRATES,0.8802,941.5,517.9,66.8,55.6,1920,1080,0.179,974.9,545.7
Round1,Q1,55,27.5,EMIRATES,0.8717,108.9,487.0,130.8,39.7,1920,1080,0.25,174.4,506.8
Round1,Q1,70,35.0,EMIRATES,0.7083,1434.6,337.0,43.7,19.2,1920,1080,0.04,1456.4,346.6
Round1,Q1,71,35.5,EMIRATES,0.9017,1463.7,334.2,52.3,18.7,1920,1080,0.047,1489.9,343.6
Round1,Q1,71,35.5,EMIRATES,0.8958,1263.1,336.6,61.7,20.6,1920,1080,0.061,1293.9,346.9
Round1,Q1,71,35.5,EMIRATES,0.8915,939.9,274.7,60.6,21.9,1920,1080,0.064,970.2,285.6
Round1,Q1,72,36.0,EMIRATES,0.8979,1505.4,351.1,59.1,19.6,1920,1080,0.056,1534.9,360.9
Round1,Q1,72,36.0,EMIRATES,0.8954,997.9,291.3,52.7,22.0,1920,1080,0.056,1024.2,302.3
Round1,Q1,72,36.0,EMIRATES,0.8941,1356.4,269.8,58.3,19.9,1920,1080,0.056,1385.5,279.8
Round1,Q1,72,36.0,EMIRATES,0.8918,1303.3,351.5,59.3,18.8,1920,1080,0.054,1333.0,360.9
Round1,Q1,72,36.0,EMIRATES,0.4751,1618.0,317.8,21.6,22.9,1920,1080,0.024,1628.8,329.3
Round1,Q1,73,36.5,EMIRATES,0.9098,1515.2,367.6,59.6,20.8,1920,1080,0.06,1544.9,378.0
Round1,Q1,73,36.5,EMIRATES,0.9031,1352.0,378.5,63.4,23.9,1920,1080,0.073,1383.7,390.4
Round1,Q1,73,36.5,EMIRATES,0.9013,1003.7,297.6,50.9,19.8,1920,1080,0.049,1029.1,307.5
Round1,Q1,73,36.5,EMIRATES,0.9,1660.9,325.4,70.1,26.1,1920,1080,0.088,1695.9,338.4
Round1,Q1,74,37.0,EMIRATES,0.9018,1373.0,401.1,74.0,23.2,1920,1080,0.083,1410.0,412.7
Round1,Q1,74,37.0,EMIRATES,0.8965,1767.2,329.4,68.4,27.5,1920,1080,0.091,1801.4,343.2
Round1,Q1,74,37.0,EMIRATES,0.896,1027.8,300.8,59.5,25.2,1920,1080,0.072,1057.5,313.4
Round1,Q1,74,37.0,EMIRATES,0.8926,1528.2,385.3,47.1,26.9,1920,1080,0.061,1551.8,398.7
Round1,Q1,75,37.5,EMIRATES,0.8977,963.8,310.2,59.5,23.7,1920,1080,0.068,993.5,322.1
Round1,Q1,75,37.5,EMIRATES,0.8946,1487.8,425.4,38.2,24.0,1920,1080,0.044,1506.9,437.4
Round1,Q1,75,37.5,EMIRATES,0.8935,1366.1,434.4,81.3,30.9,1920,1080,0.121,1406.8,449.8
Round1,Q1,75,37.5,EMIRATES,0.8887,1828.2,346.6,82.9,28.1,1920,1080,0.112,1869.7,360.6
Round1,Q1,76,38.0,EMIRATES,0.9017,989.5,347.6,72.5,30.2,1920,1080,0.105,1025.7,362.7
Round1,Q1,76,38.0,EMIRATES,0.8969,1516.9,454.7,51.8,30.4,1920,1080,0.076,1542.8,469.9
Round1,Q1,76,38.0,EMIRATES,0.8938,1406.3,478.6,85.7,27.4,1920,1080,0.113,1449.1,492.2
Round1,Q1,77,38.5,EMIRATES,0.9026,1025.2,384.4,66.7,28.9,1920,1080,0.093,1058.5,398.9
Round1,Q1,77,38.5,EMIRATES,0.8661,1499.4,516.1,119.8,32.9,1920,1080,0.19,1559.3,532.5
Round1,Q1,77,38.5,EMIRATES,0.856,1653.5,370.1,64.6,29.8,1920,1080,0.093,1685.8,385.0
Round1,Q1,78,39.0,EMIRATES,0.9084,1679.9,538.8,64.5,36.9,1920,1080,0.115,1712.1,557.2
Round1,Q1,78,39.0,EMIRATES,0.8994,1077.7,395.8,78.2,32.0,1920,1080,0.12,1116.8,411.8
Round1,Q1,79,39.5,EMIRATES,0.91,1754.7,591.5,64.5,37.2,1920,1080,0.116,1787.0,610.1
Round1,Q1,79,39.5,EMIRATES,0.8996,1090.3,396.8,71.6,36.4,1920,1080,0.126,1126.1,415.0
Round1,Q1,80,40.0,EMIRATES,0.9021,1157.8,430.9,84.0,37.3,1920,1080,0.151,1199.8,449.5
Round1,Q1,81,40.5,EMIRATES,0.8971,1161.3,455.2,87.1,48.1,1920,1080,0.202,1204.8,479.2
Round1,Q1,82,41.0,EMIRATES,0.9096,1153.6,489.1,86.2,41.7,1920,1080,0.173,1196.7,510.0
Round1,Q1,83,41.5,EMIRATES,0.8914,1203.1,514.9,105.7,49.2,1920,1080,0.251,1256.0,539.6
Round1,Q1,83,41.5,EMIRATES,0.6651,1585.9,555.8,71.6,45.5,1920,1080,0.157,1621.7,578.5
Round1,Q1,84,42.0,EMIRATES,0.9035,1178.0,524.5,88.8,48.7,1920,1080,0.209,1222.4,548.9
Round1,Q1,85,42.5,EMIRATES,0.9068,1184.8,512.2,97.7,46.4,1920,1080,0.218,1233.7,535.4
Round1,Q1,86,43.0,EMIRATES,0.9037,1213.2,494.6,83.0,51.3,1920,1080,0.206,1254.7,520.2
Round1,Q1,87,43.5,EMIRATES,0.8989,1164.7,472.8,95.6,46.1,1920,1080,0.213,1212.5,495.9
Round1,Q1,88,44.0,EMIRATES,0.8865,1221.2,480.8,86.1,57.3,1920,1080,0.238,1264.2,509.5
Round1,Q1,89,44.5,EMIRATES,0.9094,1269.5,495.8,89.8,49.5,1920,1080,0.214,1314.4,520.5
Round1,Q1,90,45.0,EMIRATES,0.8979,1261.3,499.7,117.0,58.7,1920,1080,0.331,1319.8,529.0
Round1,Q1,91,45.5,EMIRATES,0.8902,1224.1,533.5,103.7,53.6,1920,1080,0.268,1275.9,560.3
Round1,Q1,92,46.0,EMIRATES,0.9104,1141.1,539.9,143.8,53.1,1920,1080,0.368,1213.0,566.4
Round1,Q1,93,46.5,EMIRATES,0.8978,1135.0,539.0,164.3,56.4,1920,1080,0.446,1217.1,567.2
Round1,Q1,94,47.0,EMIRATES,0.8881,1144.5,595.0,167.7,62.5,1920,1080,0.505,1228.3,626.2
Round1,Q1,95,47.5,EMIRATES,0.9007,1142.0,615.1,170.1,63.2,1920,1080,0.518,1227.0,646.6
Round1,Q1,96,48.0,EMIRATES,0.8934,1246.1,620.0,180.6,68.0,1920,1080,0.592,1336.4,654.1
Round1,Q1,97,48.5,EMIRATES,0.9042,1234.0,614.3,192.8,65.9,1920,1080,0.613,1330.4,647.2
Round1,Q1,98,49.0,EMIRATES,0.8942,1179.0,607.1,183.4,65.6,1920,1080,0.58,1270.7,639.9
Round1,Q1,99,49.5,EMIRATES,0.8968,1164.2,605.0,175.5,62.9,1920,1080,0.532,1251.9,636.4
Round1,Q1,100,50.0,EMIRATES,0.9094,1119.7,602.7,165.6,60.1,1920,1080,0.48,1202.6,632.8
Round1,Q1,126,63.0,ACCESS_COVERS,0.392,1300.7,450.0,49.9,11.1,1920,1080,0.027,1325.7,455.5
Round1,Q1,127,63.5,ACCESS_COVERS,0.4749,1314.7,440.7,52.1,12.4,1920,1080,0.031,1340.8,446.9
Round1,Q1,128,64.0,ACCESS_COVERS,0.4575,1325.2,425.8,53.7,11.3,1920,1080,0.029,1352.1,431.5
Round1,Q1,129,64.5,ACCESS_COVERS,0.482,1337.3,411.8,55.6,13.2,1920,1080,0.035,1365.1,418.4
Round1,Q1,130,65.0,ACCESS_COVERS,0.5146,1351.7,394.8,61.1,13.7,1920,1080,0.04,1382.2,401.6
Round1,Q1,131,65.5,ACCESS_COVERS,0.7136,1368.8,377.9,57.8,15.1,1920,1080,0.042,1397.7,385.4
Round1,Q1,132,66.0,ACCESS_COVERS,0.3892,1386.6,358.8,61.9,14.2,1920,1080,0.042,1417.5,365.9
Round1,Q1,133,66.5,ACCESS_COVERS,0.6796,1403.1,339.5,60.4,14.9,1920,1080,0.044,1433.3,346.9
Round1,Q1,134,67.0,ACCESS_COVERS,0.6877,1422.4,317.8,64.8,16.3,1920,1080,0.051,1454.9,325.9
Round1,Q1,135,67.5,ACCESS_COVERS,0.6642,1439.5,301.2,64.6,17.1,1920,1080,0.053,1471.8,309.8
Round1,Q1,136,68.0,ACCESS_COVERS,0.5097,1464.4,281.1,66.2,17.0,1920,1080,0.054,1497.5,289.6
Round1,Q1,137,68.5,ACCESS_COVERS,0.6814,1491.3,259.8,69.7,18.3,1920,1080,0.061,1526.1,268.9
Round1,Q1,138,69.0,ACCESS_COVERS,0.4459,1531.4,237.0,79.8,22.5,1920,1080,0.086,1571.3,248.2
Round1,Q1,139,69.5,EMIRATES,0.8761,994.8,234.8,43.0,34.9,1920,1080,0.072,1016.3,252.3
Round1,Q1,140,70.0,EMIRATES,0.8497,984.8,454.9,26.5,16.6,1920,1080,0.021,998.0,463.2
Round1,Q1,140,70.0,EMIRATES,0.3988,464.5,733.4,28.4,20.2,1920,1080,0.028,478.7,743.5
Round1,Q1,141,70.5,EMIRATES,0.6185,535.1,475.5,39.8,11.6,1920,1080,0.022,555.0,481.3
Round1,Q1,142,71.0,EMIRATES,0.8778,764.9,530.6,52.6,17.6,1920,1080,0.045,791.3,539.4
Round1,Q1,142,71.0,EMIRATES,0.8715,185.4,505.7,56.4,37.7,1920,1080,0.103,213.5,524.6
Round1,Q1,142,71.0,EMIRATES,0.8302,951.4,355.7,41.1,19.2,1920,1080,0.038,972.0,365.3
Round1,Q1,143,71.5,EMIRATES,0.8775,963.5,374.2,38.1,24.5,1920,1080,0.045,982.5,386.5
Round1,Q1,143,71.5,EMIRATES,0.872,297.9,559.4,52.4,39.4,1920,1080,0.1,324.1,579.1
Round1,Q1,144,72.0,EMIRATES,0.3101,784.6,401.4,51.0,16.1,1920,1080,0.04,810.1,409.5
Round1,Q1,145,72.5,EMIRATES,0.7333,1759.0,358.6,25.6,17.5,1920,1080,0.022,1771.7,367.3
Round1,Q1,146,73.0,EMIRATES,0.5082,837.4,381.6,25.0,28.9,1920,1080,0.035,849.9,396.1
Round1,Q1,147,73.5,EMIRATES,0.8815,830.6,305.2,52.3,18.2,1920,1080,0.046,856.8,314.3
Round1,Q1,147,73.5,EMIRATES,0.3144,1006.4,315.5,34.1,47.4,1920,1080,0.078,1023.5,339.2
Round1,Q1,149,74.5,EMIRATES,0.8491,853.0,336.7,36.5,16.0,1920,1080,0.028,871.3,344.7
Round1,Q1,150,75.0,EMIRATES,0.8947,953.6,464.7,49.9,15.7,1920,1080,0.038,978.6,472.5
Round1,Q1,150,75.0,EMIRATES,0.8722,841.5,297.0,52.4,22.1,1920,1080,0.056,867.7,308.1
Round1,Q1,153,76.5,ACCESS_COVERS,0.7257,1867.4,32.5,52.6,27.4,1920,1080,0.069,1893.7,46.1
Round1,Q1,154,77.0,ACCESS_COVERS,0.7568,1721.4,54.9,112.1,26.9,1920,1080,0.146,1777.4,68.4
Round1,Q1,155,77.5,ACCESS_COVERS,0.5671,1602.2,79.5,106.3,26.4,1920,1080,0.135,1655.4,92.7
Round1,Q1,157,78.5,ACCESS_COVERS,0.5308,1347.9,131.0,91.2,25.5,1920,1080,0.112,1393.5,143.8
Round1,Q1,158,79.0,EMIRATES,0.8062,1442.2,618.0,72.5,15.0,1920,1080,0.053,1478.5,625.5
Round1,Q1,159,79.5,EMIRATES,0.6388,1906.1,625.2,13.9,23.0,1920,1080,0.015,1913.1,636.7
Round1,Q1,160,80.0,EMIRATES,0.822,1058.3,724.0,98.2,33.3,1920,1080,0.158,1107.4,740.6
Round1,Q1,160,80.0,EMIRATES,0.5516,1359.7,611.2,77.0,26.5,1920,1080,0.098,1398.2,624.4
Round1,Q1,161,80.5,EMIRATES,0.85,492.0,660.7,72.9,23.5,1920,1080,0.083,528.5,672.5
Round1,Q1,161,80.5,EMIRATES,0.8402,699.6,512.9,71.8,34.7,1920,1080,0.12,735.5,530.3
Round1,Q1,162,81.0,EMIRATES,0.7118,984.0,540.5,107.1,26.6,1920,1080,0.138,1037.6,553.8
Round1,Q1,162,81.0,EMIRATES,0.3395,757.1,389.1,84.5,21.7,1920,1080,0.088,799.4,399.9
Round1,Q1,163,81.5,EMIRATES,0.8989,1725.5,413.5,71.2,22.1,1920,1080,0.076,1761.1,424.5
Round1,Q1,163,81.5,EMIRATES,0.4168,1113.6,198.5,50.3,17.4,1920,1080,0.042,1138.7,207.1
Round1,Q1,164,82.0,EMIRATES,0.8799,1421.3,371.6,54.9,29.5,1920,1080,0.078,1448.8,386.3
Round1,Q1,165,82.5,EMIRATES,0.818,1027.4,450.2,73.0,37.6,1920,1080,0.132,1063.9,469.0
Round1,Q1,165,82.5,EMIRATES,0.8175,1107.8,266.5,68.5,24.2,1920,1080,0.08,1142.1,278.6
Round1,Q1,166,83.0,EMIRATES,0.8676,670.2,543.6,52.9,22.8,1920,1080,0.058,696.7,554.9
Round1,Q1,166,83.0,EMIRATES,0.8493,1193.9,292.3,68.4,40.5,1920,1080,0.134,1228.1,312.6
Round1,Q1,166,83.0,EMIRATES,0.7745,340.6,513.8,39.8,18.3,1920,1080,0.035,360.5,522.9
Round1,Q1,173,86.5,EMIRATES,0.8259,980.7,524.5,28.4,27.5,1920,1080,0.038,994.9,538.2
Round1,Q1,182,91.0,ACCESS_COVERS,0.4546,81.7,146.8,122.7,21.2,1920,1080,0.125,143.0,157.4
Round1,Q1,184,92.0,ACCESS_COVERS,0.5292,1610.7,7.3,53.4,10.7,1920,1080,0.028,1637.4,12.7
Round1,Q1,184,92.0,ACCESS_COVERS,0.3602,387.3,241.1,109.8,16.3,1920,1080,0.086,442.2,249.2
Round1,Q1,185,92.5,ACCESS_COVERS,0.3572,1647.3,37.3,52.3,10.2,1920,1080,0.026,1673.5,42.4
Round1,Q1,186,93.0,ACCESS_COVERS,0.3717,533.1,295.0,91.3,13.8,1920,1080,0.061,578.7,301.9
Round1,Q1,186,93.0,ACCESS_COVERS,0.3016,1653.4,82.8,48.2,8.9,1920,1080,0.021,1677.5,87.3
Round1,Q1,187,93.5,ACCESS_COVERS,0.4336,1652.9,108.7,47.4,9.0,1920,1080,0.021,1676.6,113.2
Round1,Q1,188,94.0,ACCESS_COVERS,0.6229,1640.7,128.2,47.5,9.8,1920,1080,0.023,1664.4,133.2
Round1,Q1,189,94.5,ACCESS_COVERS,0.4168,1653.5,131.1,46.4,8.6,1920,1080,0.019,1676.7,135.4
Round1,Q1,190,95.0,ACCESS_COVERS,0.5721,1723.5,142.9,47.6,8.8,1920,1080,0.02,1747.3,147.3
Round1,Q1,191,95.5,ACCESS_COVERS,0.4144,1799.8,158.8,51.5,9.6,1920,1080,0.024,1825.6,163.6
Round1,Q1,195,97.5,ACCESS_COVERS,0.5579,800.9,413.9,96.5,15.6,1920,1080,0.072,849.1,421.7
Round1,Q1,196,98.0,ACCESS_COVERS,0.3924,819.2,423.6,73.2,12.8,1920,1080,0.045,855.8,430.0
Round1,Q1,199,99.5,ACCESS_COVERS,0.459,690.3,422.0,107.9,16.7,1920,1080,0.087,744.2,430.4
Round1,Q1,203,101.5,ACCESS_COVERS,0.5219,1840.2,180.4,62.4,10.7,1920,1080,0.032,1871.4,185.7
Round1,Q1,205,102.5,ACCESS_COVERS,0.5566,1726.7,234.0,55.6,10.4,1920,1080,0.028,1754.5,239.2
Round1,Q1,206,103.0,EMIRATES,0.8811,66.9,605.8,163.7,67.4,1920,1080,0.532,148.7,639.5
Round1,Q1,207,103.5,EMIRATES,0.8462,0.0,623.5,93.7,60.7,1920,1080,0.274,46.9,653.8
Round1,Q1,209,104.5,CRUSADER_CARAVANS,0.4929,493.8,2.5,716.4,240.2,1920,1080,8.299,852.0,122.6
Round1,Q1,214,107.0,ACCESS_COVERS,0.5248,1485.4,287.6,172.3,40.9,1920,1080,0.34,1571.5,308.1
Round1,Q1,215,107.5,ACCESS_COVERS,0.7598,1182.1,273.8,187.4,41.5,1920,1080,0.375,1275.8,294.6
Round1,Q1,216,108.0,EMIRATES,0.399,1292.8,539.0,36.4,28.6,1920,1080,0.05,1311.0,553.3
Round1,Q1,217,108.5,EMIRATES,0.7815,1137.4,807.3,61.4,14.6,1920,1080,0.043,1168.1,814.6
Round1,Q1,218,109.0,EMIRATES,0.7065,858.6,671.4,44.2,12.3,1920,1080,0.026,880.7,677.5
Round1,Q1,219,109.5,EMIRATES,0.8841,758.9,605.4,40.4,15.3,1920,1080,0.03,779.1,613.1
Round1,Q1,220,110.0,EMIRATES,0.7866,949.3,529.3,38.7,13.0,1920,1080,0.024,968.7,535.8
Round1,Q1,224,112.0,ACCESS_COVERS,0.7379,190.4,234.2,186.5,45.7,1920,1080,0.411,283.7,257.0
Round1,Q1,225,112.5,ACCESS_COVERS,0.7905,169.3,250.2,182.0,43.2,1920,1080,0.379,260.3,271.8
Round1,Q1,226,113.0,ACCESS_COVERS,0.782,251.9,263.7,182.5,40.3,1920,1080,0.355,343.2,283.9
Round1,Q1,227,113.5,ACCESS_COVERS,0.8117,394.9,279.7,164.9,40.4,1920,1080,0.321,477.3,299.9
Round1,Q1,228,114.0,ACCESS_COVERS,0.6681,598.6,299.2,174.5,38.1,1920,1080,0.32,685.9,318.2
Round1,Q1,229,114.5,ACCESS_COVERS,0.3101,976.9,329.8,179.6,35.9,1920,1080,0.311,1066.7,347.8
Round1,Q1,230,115.0,ACCESS_COVERS,0.3337,1552.6,380.9,187.7,36.5,1920,1080,0.331,1646.4,399.2
Round1,Q1,239,119.5,EMIRATES,0.8543,885.0,440.5,58.3,15.4,1920,1080,0.043,914.2,448.2
Round1,Q1,239,119.5,EMIRATES,0.8462,1588.7,285.9,62.6,20.2,1920,1080,0.061,1620.0,296.0
Round1,Q1,240,120.0,EMIRATES,0.8267,1620.1,608.0,33.4,47.5,1920,1080,0.077,1636.8,631.7
Round1,Q1,240,120.0,EMIRATES,0.8206,1883.9,367.3,36.1,17.8,1920,1080,0.031,1901.9,376.2
Round1,Q1,240,120.0,EMIRATES,0.7544,824.2,405.1,61.6,14.6,1920,1080,0.043,854.9,412.4
Round1,Q1,246,123.0,EMIRATES,0.8872,1704.0,663.6,65.2,23.4,1920,1080,0.073,1736.6,675.3
Round1,Q1,246,123.0,EMIRATES,0.8458,880.2,521.5,55.9,21.0,1920,1080,0.057,908.2,532.0
Round1,Q1,246,123.0,EMIRATES,0.6553,1181.1,5.9,146.7,34.0,1920,1080,0.24,1254.5,22.9
Round1,Q1,247,123.5,EMIRATES,0.889,1857.2,729.5,55.8,31.7,1920,1080,0.085,1885.1,745.4
Round1,Q1,247,123.5,EMIRATES,0.8885,1854.5,492.2,57.1,17.2,1920,1080,0.047,1883.1,500.8
Round1,Q1,247,123.5,EMIRATES,0.8335,394.9,592.7,49.2,20.1,1920,1080,0.048,419.5,602.7
Round1,Q1,248,124.0,EMIRATES,0.8713,1551.6,840.7,63.7,23.4,1920,1080,0.072,1583.4,852.4
Round1,Q1,248,124.0,EMIRATES,0.8316,1406.8,509.9,66.6,24.4,1920,1080,0.078,1440.1,522.1
Round1,Q1,248,124.0,EMIRATES,0.8173,178.2,499.7,69.9,27.3,1920,1080,0.092,213.2,513.4
Round1,Q1,249,124.5,EMIRATES,0.881,1006.5,482.4,50.8,21.1,1920,1080,0.052,1031.9,493.0
Round1,Q1,249,124.5,EMIRATES,0.8774,1137.6,844.3,55.3,23.3,1920,1080,0.062,1165.3,856.0
Round1,Q1,270,135.0,ACCESS_COVERS,0.8007,1749.9,295.1,152.1,35.2,1920,1080,0.258,1825.9,312.7
Round1,Q1,271,135.5,ACCESS_COVERS,0.8097,1673.5,300.0,141.9,33.4,1920,1080,0.229,1744.5,316.7
Round1,Q1,272,136.0,ACCESS_COVERS,0.816,1566.2,306.7,138.4,32.8,1920,1080,0.219,1635.4,323.1
Round1,Q1,273,136.5,ACCESS_COVERS,0.815,1439.4,311.7,134.3,32.6,1920,1080,0.211,1506.5,328.0
Round1,Q1,274,137.0,ACCESS_COVERS,0.7583,1202.8,319.8,143.6,31.5,1920,1080,0.218,1274.6,335.6
Round1,Q1,275,137.5,ACCESS_COVERS,0.6172,912.6,318.2,137.5,31.7,1920,1080,0.21,981.4,334.1
Round1,Q1,276,138.0,ACCESS_COVERS,0.6894,568.8,308.9,146.3,32.9,1920,1080,0.232,642.0,325.4
Round1,Q1,277,138.5,ACCESS_COVERS,0.7628,258.3,297.1,160.8,32.4,1920,1080,0.251,338.7,313.3
Round1,Q1,278,139.0,ACCESS_COVERS,0.8171,3.0,280.1,161.7,38.3,1920,1080,0.299,83.9,299.2
Round1,Q1,283,141.5,EMIRATES,0.8646,1776.2,464.6,139.4,57.7,1920,1080,0.388,1845.9,493.5
Round1,Q1,284,142.0,EMIRATES,0.8149,1488.8,328.3,105.3,46.1,1920,1080,0.234,1541.5,351.4
Round1,Q1,285,142.5,EMIRATES,0.8534,319.6,294.4,200.4,51.3,1920,1080,0.496,419.8,320.1
Round1,Q1,289,144.5,EMIRATES,0.3216,1884.6,504.7,13.3,50.8,1920,1080,0.032,1891.3,530.1
Round1,Q1,290,145.0,EMIRATES,0.5058,1901.7,584.9,14.9,56.6,1920,1080,0.041,1909.2,613.2
Round1,Q1,290,145.0,EMIRATES,0.3125,1731.6,550.4,14.8,60.6,1920,1080,0.043,1739.0,580.7
Round1,Q1,291,145.5,EMIRATES,0.7398,1816.7,577.6,12.6,56.7,1920,1080,0.034,1823.0,606.0
Round1,Q1,291,145.5,EMIRATES,0.6024,1645.7,547.2,11.9,56.5,1920,1080,0.032,1651.6,575.4
Round1,Q1,291,145.5,EMIRATES,0.4696,1816.3,521.2,12.8,54.3,1920,1080,0.034,1822.8,548.4
Round1,Q1,292,146.0,EMIRATES,0.7907,1807.0,556.4,12.7,59.9,1920,1080,0.037,1813.3,586.4
Round1,Q1,292,146.0,EMIRATES,0.7616,1628.1,525.4,12.0,57.3,1920,1080,0.033,1634.1,554.1
Round1,Q1,292,146.0,EMIRATES,0.4253,1806.4,497.0,13.0,56.4,1920,1080,0.035,1812.9,525.2
Round1,Q1,293,146.5,EMIRATES,0.7379,1637.7,488.6,12.9,61.6,1920,1080,0.038,1644.1,519.4
Round1,Q1,293,146.5,EMIRATES,0.7184,1826.8,525.0,12.8,59.8,1920,1080,0.037,1833.2,554.9
Round1,Q1,293,146.5,EMIRATES,0.7118,1826.0,458.0,13.8,62.2,1920,1080,0.041,1832.9,489.2
Round1,Q1,296,148.0,EMIRATES,0.7935,1164.3,347.3,72.9,30.9,1920,1080,0.109,1200.7,362.7
Round1,Q1,297,148.5,EMIRATES,0.8628,1556.0,344.5,74.4,22.9,1920,1080,0.082,1593.2,355.9
Round1,Q1,298,149.0,EMIRATES,0.8639,1858.1,328.9,61.9,19.4,1920,1080,0.058,1889.1,338.6
Round1,Q1,302,151.0,EMIRATES,0.8228,1782.2,189.0,50.5,229.5,1920,1080,0.559,1807.5,303.8
Round1,Q1,302,151.0,EMIRATES,0.8025,684.6,176.6,47.7,222.8,1920,1080,0.512,708.5,288.0
Round1,Q1,302,151.0,EMIRATES,0.7857,1784.0,4.2,52.7,162.7,1920,1080,0.414,1810.4,85.5
Round1,Q1,302,151.0,EMIRATES,0.7825,682.3,0.0,48.3,150.9,1920,1080,0.351,706.4,75.5
Round1,Q1,302,151.0,EMIRATES,0.4337,1351.3,315.6,31.9,12.1,1920,1080,0.019,1367.3,321.6
Round1,Q1,303,151.5,EMIRATES,0.8256,1632.2,124.5,43.3,189.1,1920,1080,0.395,1653.8,219.1
Round1,Q1,303,151.5,EMIRATES,0.8255,748.1,315.7,39.5,181.8,1920,1080,0.346,767.8,406.5
Round1,Q1,303,151.5,EMIRATES,0.8143,746.5,115.1,39.2,181.4,1920,1080,0.343,766.1,205.8
Round1,Q1,303,151.5,EMIRATES,0.8018,1629.7,326.3,43.0,190.0,1920,1080,0.394,1651.2,421.3
Round1,Q1,303,151.5,EMIRATES,0.7518,56.6,508.7,34.8,12.1,1920,1080,0.02,74.0,514.7
Round1,Q1,304,152.0,EMIRATES,0.813,796.2,432.0,30.2,144.8,1920,1080,0.211,811.3,504.4
Round1,Q1,304,152.0,EMIRATES,0.8079,1495.8,444.8,33.4,146.7,1920,1080,0.236,1512.5,518.1
Round1,Q1,304,152.0,EMIRATES,0.8055,1497.8,281.3,33.2,145.7,1920,1080,0.234,1514.4,354.2
Round1,Q1,304,152.0,EMIRATES,0.8051,108.1,418.0,32.8,144.1,1920,1080,0.228,124.5,490.1
Round1,Q1,304,152.0,EMIRATES,0.7973,794.7,273.5,30.6,145.0,1920,1080,0.214,810.0,346.0
Round1,Q1,304,152.0,EMIRATES,0.784,102.2,257.8,33.6,146.0,1920,1080,0.237,119.0,330.8
Round1,Q1,305,152.5,EMIRATES,0.8228,271.3,500.6,25.7,120.3,1920,1080,0.149,284.1,560.8
Round1,Q1,305,152.5,EMIRATES,0.8037,1399.7,523.2,27.2,121.6,1920,1080,0.16,1413.3,584.0
Round1,Q1,305,152.5,EMIRATES,0.7995,1400.3,392.4,27.3,120.0,1920,1080,0.158,1414.0,452.4
Round1,Q1,305,152.5,EMIRATES,0.7927,829.4,514.1,26.4,122.6,1920,1080,0.156,842.7,575.4
Round1,Q1,305,152.5,EMIRATES,0.7826,267.8,375.6,26.4,116.1,1920,1080,0.148,281.0,433.6
Round1,Q1,305,152.5,EMIRATES,0.7811,828.8,387.7,24.2,114.8,1920,1080,0.134,840.9,445.1
Round1,Q1,306,153.0,EMIRATES,0.781,405.7,482.5,21.6,93.5,1920,1080,0.098,416.5,529.2
Round1,Q1,306,153.0,EMIRATES,0.7732,1321.5,605.2,21.6,93.9,1920,1080,0.098,1332.3,652.1
Round1,Q1,306,153.0,EMIRATES,0.7603,1808.7,498.7,25.1,101.9,1920,1080,0.123,1821.2,549.6
Round1,Q1,306,153.0,EMIRATES,0.7594,1321.9,497.3,21.1,96.5,1920,1080,0.098,1332.4,545.5
Round1,Q1,306,153.0,EMIRATES,0.7589,408.3,584.8,20.4,99.1,1920,1080,0.097,418.5,634.4
Round1,Q1,306,153.0,EMIRATES,0.758,1808.4,611.2,24.1,101.9,1920,1080,0.118,1820.5,662.1
Round1,Q1,306,153.0,EMIRATES,0.7127,858.9,490.0,20.0,96.3,1920,1080,0.093,868.9,538.2
Round1,Q1,307,153.5,EMIRATES,0.7999,1674.1,661.7,20.5,88.0,1920,1080,0.087,1684.4,705.8
Round1,Q1,307,153.5,EMIRATES,0.798,883.4,649.7,17.4,82.0,1920,1080,0.069,892.1,690.7
Round1,Q1,307,153.5,EMIRATES,0.7944,1269.8,655.9,18.2,81.5,1920,1080,0.072,1279.0,696.6
Round1,Q1,307,153.5,EMIRATES,0.7743,1675.1,570.6,19.5,83.8,1920,1080,0.079,1684.9,612.5
Round1,Q1,307,153.5,EMIRATES,0.747,883.4,561.6,16.3,81.6,1920,1080,0.064,891.6,602.4
Round1,Q1,307,153.5,EMIRATES,0.7334,505.5,555.8,17.2,77.7,1920,1080,0.064,514.1,594.7
Round1,Q1,307,153.5,EMIRATES,0.7208,1270.1,566.4,17.7,79.4,1920,1080,0.068,1278.9,606.1
Round1,Q1,307,153.5,EMIRATES,0.6248,507.1,641.1,16.5,82.8,1920,1080,0.066,515.4,682.5
Round1,Q1,308,154.0,EMIRATES,0.7769,1229.0,690.4,16.1,74.1,1920,1080,0.058,1237.0,727.5
Round1,Q1,308,154.0,EMIRATES,0.7696,897.7,688.9,15.8,69.5,1920,1080,0.053,905.5,723.7
Round1,Q1,308,154.0,EMIRATES,0.7617,1575.6,621.6,16.4,69.8,1920,1080,0.055,1583.8,656.5
Round1,Q1,308,154.0,EMIRATES,0.6935,1574.4,698.9,17.8,76.4,1920,1080,0.066,1583.3,737.1
Round1,Q1,308,154.0,EMIRATES,0.6913,575.9,678.7,15.1,73.0,1920,1080,0.053,583.5,715.2
Round1,Q1,308,154.0,EMIRATES,0.5565,575.1,607.0,14.6,65.8,1920,1080,0.046,582.4,639.9
Round1,Q1,308,154.0,EMIRATES,0.5069,898.2,612.4,14.3,69.8,1920,1080,0.048,905.4,647.3
Round1,Q1,308,154.0,EMIRATES,0.3961,1229.4,616.6,15.4,69.7,1920,1080,0.052,1237.1,651.5
Round1,Q1,321,160.5,EMIRATES,0.8954,1615.5,791.4,48.6,16.7,1920,1080,0.039,1639.8,799.7
Round1,Q1,335,167.5,EMIRATES,0.8754,1695.5,835.9,44.3,12.7,1920,1080,0.027,1717.7,842.3
Round1,Q1,356,178.0,EMIRATES,0.8809,299.5,60.6,129.6,42.4,1920,1080,0.265,364.4,81.8
Round1,Q1,356,178.0,EMIRATES,0.8797,1238.2,38.5,127.8,38.1,1920,1080,0.235,1302.1,57.5
Round1,Q1,356,178.0,EMIRATES,0.8711,1002.4,45.6,127.0,38.4,1920,1080,0.235,1065.9,64.8
Round1,Q1,356,178.0,EMIRATES,0.8702,534.8,57.1,128.3,40.0,1920,1080,0.247,598.9,77.1
Round1,Q1,356,178.0,EMIRATES,0.8633,766.2,51.2,133.9,39.5,1920,1080,0.255,833.2,70.9
Round1,Q1,356,178.0,EMIRATES,0.8587,1738.2,19.4,139.0,37.8,1920,1080,0.253,1807.7,38.3
Round1,Q1,356,178.0,EMIRATES,0.8437,1482.4,31.0,131.7,35.4,1920,1080,0.225,1548.3,48.7
Round1,Q1,356,178.0,EMIRATES,0.8292,47.8,66.2,140.1,41.0,1920,1080,0.277,117.8,86.7
Round1,Q1,357,178.5,EMIRATES,0.8717,304.6,70.9,127.0,41.2,1920,1080,0.252,368.1,91.5
Round1,Q1,357,178.5,EMIRATES,0.8698,994.2,55.1,126.6,38.2,1920,1080,0.233,1057.5,74.2
Round1,Q1,357,178.5,EMIRATES,0.8663,762.9,61.0,129.9,38.4,1920,1080,0.241,827.9,80.2
Round1,Q1,357,178.5,EMIRATES,0.8643,535.1,66.4,126.3,39.7,1920,1080,0.242,598.3,86.3
Round1,Q1,357,178.5,EMIRATES,0.8629,1225.3,48.7,125.2,37.8,1920,1080,0.228,1287.9,67.6
Round1,Q1,357,178.5,EMIRATES,0.8506,1715.0,31.1,139.1,36.5,1920,1080,0.245,1784.6,49.3
Round1,Q1,357,178.5,EMIRATES,0.8366,55.4,75.3,137.8,41.1,1920,1080,0.273,124.3,95.9
Round1,Q1,357,178.5,EMIRATES,0.8299,1465.4,41.3,129.5,34.8,1920,1080,0.217,1530.1,58.7
Round1,Q1,358,179.0,EMIRATES,0.8633,755.1,73.3,129.7,37.7,1920,1080,0.236,819.9,92.1
Round1,Q1,358,179.0,EMIRATES,0.8574,1208.7,60.7,123.4,36.1,1920,1080,0.215,1270.4,78.8
Round1,Q1,358,179.0,EMIRATES,0.8573,531.1,78.4,126.1,37.5,1920,1080,0.228,594.1,97.2
Round1,Q1,358,179.0,EMIRATES,0.8573,1685.4,43.2,136.4,36.5,1920,1080,0.24,1753.6,61.4
Round1,Q1,358,179.0,EMIRATES,0.8565,981.8,66.8,123.9,37.8,1920,1080,0.226,1043.8,85.7
Round1,Q1,358,179.0,EMIRATES,0.8446,307.5,83.3,124.9,38.1,1920,1080,0.229,370.0,102.4
Round1,Q1,358,179.0,EMIRATES,0.8394,1442.2,53.4,127.5,34.8,1920,1080,0.214,1505.9,70.8
Round1,Q1,358,179.0,EMIRATES,0.8329,64.6,87.9,135.6,38.1,1920,1080,0.249,132.4,107.0
Round1,Q1,359,179.5,EMIRATES,0.8562,751.7,85.9,126.1,35.2,1920,1080,0.214,814.7,103.5
Round1,Q1,359,179.5,EMIRATES,0.8529,533.7,91.1,122.0,35.6,1920,1080,0.21,594.7,108.9
Round1,Q1,359,179.5,EMIRATES,0.8444,77.0,100.8,134.6,36.4,1920,1080,0.236,144.3,119.0
Round1,Q1,359,179.5,EMIRATES,0.8406,971.1,80.8,123.2,33.4,1920,1080,0.198,1032.7,97.5
Round1,Q1,359,179.5,EMIRATES,0.8399,313.4,96.3,121.9,36.4,1920,1080,0.214,374.4,114.5
Round1,Q1,359,179.5,EMIRATES,0.8281,1192.6,75.6,123.4,31.0,1920,1080,0.184,1254.3,91.1
Round1,Q1,359,179.5,EMIRATES,0.8252,1658.3,57.6,133.8,34.4,1920,1080,0.222,1725.2,74.8
Round1,Q1,359,179.5,EMIRATES,0.8093,1421.2,68.4,127.3,29.8,1920,1080,0.183,1484.9,83.3
Round1,Q1,359,179.5,EMIRATES,0.3961,1903.6,49.1,16.3,34.8,1920,1080,0.027,1911.8,66.5
Round1,Q1,360,180.0,EMIRATES,0.8463,752.8,104.0,125.4,31.7,1920,1080,0.192,815.5,119.8
Round1,Q1,360,180.0,EMIRATES,0.8336,967.8,99.3,120.2,29.9,1920,1080,0.173,1027.9,114.3
Round1,Q1,360,180.0,EMIRATES,0.8313,543.9,109.6,119.1,31.7,1920,1080,0.182,603.4,125.5
Round1,Q1,360,180.0,EMIRATES,0.8273,101.7,118.1,131.2,32.8,1920,1080,0.207,167.3,134.5
Round1,Q1,360,180.0,EMIRATES,0.8257,331.7,114.2,121.5,31.9,1920,1080,0.187,392.5,130.1
Round1,Q1,360,180.0,EMIRATES,0.8225,1630.6,78.5,130.3,28.9,1920,1080,0.182,1695.7,92.9
Round1,Q1,360,180.0,EMIRATES,0.7992,1181.4,93.9,119.5,27.8,1920,1080,0.16,1241.1,107.8
Round1,Q1,360,180.0,EMIRATES,0.6823,1868.2,69.7,51.8,31.9,1920,1080,0.08,1894.1,85.6
Round1,Q1,360,180.0,EMIRATES,0.668,1401.6,87.7,127.4,27.0,1920,1080,0.166,1465.3,101.2
Round1,Q1,361,180.5,EMIRATES,0.838,762.1,127.6,119.5,29.6,1920,1080,0.171,821.9,142.4
Round1,Q1,361,180.5,EMIRATES,0.8165,966.9,123.1,116.5,28.2,1920,1080,0.158,1025.2,137.2
Round1,Q1,361,180.5,EMIRATES,0.8088,138.1,142.3,125.8,30.7,1920,1080,0.186,201.0,157.6
Round1,Q1,361,180.5,EMIRATES,0.7926,358.0,138.2,116.1,29.3,1920,1080,0.164,416.0,152.9
Round1,Q1,361,180.5,EMIRATES,0.7853,1830.7,95.7,89.3,28.2,1920,1080,0.122,1875.3,109.8
Round1,Q1,361,180.5,EMIRATES,0.7836,1173.7,118.4,114.2,25.4,1920,1080,0.14,1230.8,131.1
Round1,Q1,361,180.5,EMIRATES,0.7698,560.9,133.6,114.4,29.2,1920,1080,0.161,618.1,148.2
Round1,Q1,361,180.5,EMIRATES,0.7512,1605.2,105.0,126.7,25.6,1920,1080,0.157,1668.6,117.9
Round1,Q1,361,180.5,EMIRATES,0.5818,0.0,147.7,45.0,30.6,1920,1080,0.066,22.5,163.0
Round1,Q1,361,180.5,EMIRATES,0.5577,1383.8,112.2,125.7,25.7,1920,1080,0.156,1446.6,125.0
Round1,Q1,362,181.0,EMIRATES,0.7982,452.3,112.2,102.6,32.4,1920,1080,0.16,503.6,128.4
Round1,Q1,362,181.0,EMIRATES,0.7942,0.5,101.2,111.3,37.9,1920,1080,0.203,56.1,120.2
Round1,Q1,362,181.0,EMIRATES,0.794,634.1,113.1,99.8,32.4,1920,1080,0.156,684.0,129.2
Round1,Q1,362,181.0,EMIRATES,0.7858,210.6,108.3,93.8,33.1,1920,1080,0.149,257.5,124.9
Round1,Q1,362,181.0,EMIRATES,0.7693,1429.6,112.9,107.6,31.5,1920,1080,0.164,1483.5,128.7
Round1,Q1,362,181.0,EMIRATES,0.7625,346.7,345.1,109.2,25.6,1920,1080,0.135,401.3,357.9
Round1,Q1,362,181.0,EMIRATES,0.743,1102.0,323.0,104.5,24.5,1920,1080,0.124,1154.3,335.3
Round1,Q1,362,181.0,EMIRATES,0.7414,1619.9,108.4,108.8,31.8,1920,1080,0.167,1674.3,124.3
Round1,Q1,362,181.0,EMIRATES,0.7342,911.7,327.0,104.4,26.6,1920,1080,0.134,963.9,340.3
Round1,Q1,362,181.0,EMIRATES,0.7316,1293.1,318.3,118.4,24.7,1920,1080,0.141,1352.3,330.7
Round1,Q1,362,181.0,EMIRATES,0.729,1493.5,313.8,114.3,24.8,1920,1080,0.137,1550.6,326.2
Round1,Q1,362,181.0,EMIRATES,0.7254,1698.1,306.1,124.3,32.3,1920,1080,0.194,1760.2,322.2
Round1,Q1,362,181.0,EMIRATES,0.6963,144.7,350.4,112.5,26.5,1920,1080,0.144,201.0,363.6
Round1,Q1,362,181.0,EMIRATES,0.6956,535.6,338.3,106.3,26.7,1920,1080,0.137,588.8,351.6
Round1,Q1,362,181.0,EMIRATES,0.6739,723.5,332.0,109.1,26.9,1920,1080,0.142,778.1,345.5
Round1,Q1,362,181.0,EMIRATES,0.6527,0.2,356.1,54.2,29.8,1920,1080,0.078,27.3,371.0
Round1,Q1,362,181.0,EMIRATES,0.6467,1817.3,100.4,102.7,34.1,1920,1080,0.169,1868.7,117.4
Round1,Q1,363,181.5,EMIRATES,0.7953,410.1,585.4,89.8,27.9,1920,1080,0.121,455.0,599.3
Round1,Q1,363,181.5,EMIRATES,0.7886,571.4,579.7,90.1,27.1,1920,1080,0.118,616.4,593.2
Round1,Q1,363,181.5,EMIRATES,0.7794,496.1,403.5,83.4,25.7,1920,1080,0.103,537.8,416.3
Round1,Q1,363,181.5,EMIRATES,0.7777,340.9,403.9,88.1,25.9,1920,1080,0.11,385.0,416.8
Round1,Q1,363,181.5,EMIRATES,0.7764,249.1,593.1,91.2,26.6,1920,1080,0.117,294.7,606.4
Round1,Q1,363,181.5,EMIRATES,0.7752,730.0,574.3,87.3,27.5,1920,1080,0.116,773.7,588.1
Round1,Q1,363,181.5,EMIRATES,0.7554,1154.9,404.6,88.6,27.5,1920,1080,0.118,1199.2,418.4
Round1,Q1,363,181.5,EMIRATES,0.7514,1307.8,402.6,88.6,27.6,1920,1080,0.118,1352.1,416.4
Round1,Q1,363,181.5,EMIRATES,0.7401,134.4,402.9,82.0,27.8,1920,1080,0.11,175.4,416.8
Round1,Q1,363,181.5,EMIRATES,0.7224,889.1,571.8,84.2,24.2,1920,1080,0.098,931.2,583.9
Round1,Q1,363,181.5,EMIRATES,0.7133,0.0,401.4,52.3,28.2,1920,1080,0.071,26.2,415.5
Round1,Q1,363,181.5,EMIRATES,0.7119,1374.4,559.9,93.4,29.3,1920,1080,0.132,1421.2,574.5
Round1,Q1,363,181.5,EMIRATES,0.6967,1210.4,564.9,91.0,24.7,1920,1080,0.108,1255.9,577.2
Round1,Q1,363,181.5,EMIRATES,0.6157,1047.4,567.4,90.5,24.5,1920,1080,0.107,1092.7,579.7
Round1,Q1,363,181.5,EMIRATES,0.5528,78.3,603.3,90.9,24.4,1920,1080,0.107,123.8,615.5
Round1,Q1,363,181.5,EMIRATES,0.4906,1542.6,560.2,95.8,29.0,1920,1080,0.134,1590.5,574.7
Round1,Q1,364,182.0,EMIRATES,0.8246,466.7,619.7,79.0,25.2,1920,1080,0.096,506.2,632.3
Round1,Q1,364,182.0,EMIRATES,0.8202,17.5,638.0,87.3,26.7,1920,1080,0.112,61.2,651.3
Round1,Q1,364,182.0,EMIRATES,0.818,323.7,624.4,80.0,25.9,1920,1080,0.1,363.7,637.3
Round1,Q1,364,182.0,EMIRATES,0.8118,610.0,615.7,75.3,23.8,1920,1080,0.087,647.7,627.6
Round1,Q1,364,182.0,EMIRATES,0.8092,170.5,630.7,84.8,25.9,1920,1080,0.106,212.9,643.6
Round1,Q1,364,182.0,EMIRATES,0.7971,895.5,609.8,77.0,22.6,1920,1080,0.084,934.0,621.1
Round1,Q1,364,182.0,EMIRATES,0.7971,848.4,472.2,72.5,21.5,1920,1080,0.075,884.6,483.0
Round1,Q1,364,182.0,EMIRATES,0.7969,1475.7,607.6,79.0,22.8,1920,1080,0.087,1515.2,619.0
Round1,Q1,364,182.0,EMIRATES,0.7958,979.6,471.1,72.9,21.3,1920,1080,0.075,1016.1,481.7
Round1,Q1,364,182.0,EMIRATES,0.7726,108.1,470.0,80.5,22.2,1920,1080,0.086,148.3,481.1
Round1,Q1,364,182.0,EMIRATES,0.7718,1624.5,608.6,84.4,24.0,1920,1080,0.098,1666.7,620.6
Round1,Q1,364,182.0,EMIRATES,0.7631,1036.9,607.0,78.2,23.8,1920,1080,0.09,1076.0,618.9
Round1,Q1,364,182.0,EMIRATES,0.7366,1784.9,610.1,82.5,25.4,1920,1080,0.101,1826.2,622.8
Round1,Q1,364,182.0,EMIRATES,0.7266,251.7,470.3,76.3,21.6,1920,1080,0.079,289.9,481.1
Round1,Q1,364,182.0,EMIRATES,0.6914,751.1,612.9,76.0,22.9,1920,1080,0.084,789.0,624.4
Round1,Q1,364,182.0,EMIRATES,0.5139,1562.7,468.9,74.4,21.5,1920,1080,0.077,1599.9,479.7
Round1,Q1,364,182.0,EMIRATES,0.4953,1326.9,606.5,80.4,23.1,1920,1080,0.09,1367.1,618.1
Round1,Q1,364,182.0,EMIRATES,0.4333,1113.8,472.2,68.6,19.7,1920,1080,0.065,1148.1,482.1
Round1,Q1,364,182.0,EMIRATES,0.3213,1423.5,470.6,74.3,19.7,1920,1080,0.07,1460.6,480.4
Round1,Q1,365,182.5,EMIRATES,0.8428,1.5,582.1,82.3,24.1,1920,1080,0.096,42.7,594.2
Round1,Q1,365,182.5,EMIRATES,0.8007,684.3,561.6,72.5,20.7,1920,1080,0.072,720.5,571.9
Round1,Q1,365,182.5,EMIRATES,0.796,77.5,433.9,74.1,20.6,1920,1080,0.073,114.6,444.2
Round1,Q1,365,182.5,EMIRATES,0.7945,638.7,437.0,69.6,20.8,1920,1080,0.07,673.6,447.5
Round1,Q1,365,182.5,EMIRATES,0.7915,284.2,572.1,76.5,22.8,1920,1080,0.084,322.4,583.4
Round1,Q1,365,182.5,EMIRATES,0.7899,1739.9,563.7,80.0,25.5,1920,1080,0.098,1779.9,576.4
Round1,Q1,365,182.5,EMIRATES,0.7876,145.8,576.6,80.6,23.0,1920,1080,0.09,186.1,588.1
Round1,Q1,365,182.5,EMIRATES,0.774,1523.8,432.5,71.6,21.0,1920,1080,0.072,1559.6,443.0
Round1,Q1,365,182.5,EMIRATES,0.7674,1205.6,558.3,72.1,21.1,1920,1080,0.074,1241.6,568.9
Round1,Q1,365,182.5,EMIRATES,0.7569,760.2,436.2,68.9,20.5,1920,1080,0.068,794.7,446.4
Round1,Q1,365,182.5,EMIRATES,0.7425,812.6,558.8,71.6,22.2,1920,1080,0.077,848.4,569.8
Round1,Q1,365,182.5,EMIRATES,0.7362,419.0,568.3,72.7,21.4,1920,1080,0.075,455.4,579.0
Round1,Q1,365,182.5,EMIRATES,0.7308,1471.9,559.8,72.7,22.6,1920,1080,0.079,1508.3,571.2
Round1,Q1,365,182.5,EMIRATES,0.7288,1337.7,559.0,74.6,21.9,1920,1080,0.079,1375.0,570.0
Round1,Q1,365,182.5,EMIRATES,0.7164,1651.7,431.3,70.8,21.2,1920,1080,0.072,1687.1,441.9
Round1,Q1,365,182.5,EMIRATES,0.6459,1075.6,557.9,73.0,21.4,1920,1080,0.075,1112.1,568.6
Round1,Q1,365,182.5,EMIRATES,0.6452,551.0,564.6,67.4,20.8,1920,1080,0.068,584.7,575.0
Round1,Q1,365,182.5,EMIRATES,0.6349,1602.1,562.5,76.7,21.9,1920,1080,0.081,1640.5,573.5
Round1,Q1,365,182.5,EMIRATES,0.517,1781.0,429.6,74.3,22.6,1920,1080,0.081,1818.1,440.9
Round1,Q1,365,182.5,EMIRATES,0.4958,1882.1,568.1,37.8,25.6,1920,1080,0.047,1901.0,580.9
Round1,Q1,365,182.5,EMIRATES,0.4947,0.0,431.8,16.8,21.7,1920,1080,0.018,8.4,442.6
Round1,Q1,365,182.5,EMIRATES,0.4515,1280.7,433.9,67.7,21.2,1920,1080,0.069,1314.6,444.5
Round1,Q1,365,182.5,EMIRATES,0.4223,881.4,435.9,66.9,20.5,1920,1080,0.066,914.9,446.2
Round1,Q1,365,182.5,EMIRATES,0.3125,943.1,558.1,75.1,22.2,1920,1080,0.081,980.7,569.2
Round1,Q1,366,183.0,EMIRATES,0.7076,1377.3,167.8,69.8,23.8,1920,1080,0.08,1412.3,179.7
Round1,Q1,366,183.0,EMIRATES,0.6887,1578.0,295.9,77.9,24.2,1920,1080,0.091,1616.9,308.0
Round1,Q1,366,183.0,EMIRATES,0.6771,1497.6,166.2,69.2,24.2,1920,1080,0.081,1532.2,178.3
Round1,Q1,366,183.0,EMIRATES,0.6656,1665.1,1.7,69.5,20.8,1920,1080,0.07,1699.9,12.1
Round1,Q1,366,183.0,EMIRATES,0.6635,511.3,170.2,70.7,23.9,1920,1080,0.081,546.7,182.1
Round1,Q1,366,183.0,EMIRATES,0.6495,1452.1,294.6,70.9,22.7,1920,1080,0.078,1487.6,305.9
Round1,Q1,366,183.0,EMIRATES,0.5833,1744.2,160.8,76.1,25.1,1920,1080,0.092,1782.3,173.3
Round1,Q1,366,183.0,EMIRATES,0.5756,295.8,298.2,73.1,23.4,1920,1080,0.082,332.3,309.9
Round1,Q1,366,183.0,EMIRATES,0.572,1618.3,162.9,71.6,26.0,1920,1080,0.09,1654.1,175.9
Round1,Q1,366,183.0,EMIRATES,0.5409,632.3,170.9,70.1,23.4,1920,1080,0.079,667.3,182.6
Round1,Q1,366,183.0,EMIRATES,0.5155,1399.2,96.1,76.0,23.9,1920,1080,0.088,1437.3,108.1
Round1,Q1,366,183.0,EMIRATES,0.5153,1819.6,79.8,85.7,26.9,1920,1080,0.111,1862.4,93.3
Round1,Q1,366,183.0,EMIRATES,0.5109,1142.3,170.5,68.0,22.5,1920,1080,0.074,1176.3,181.7
Round1,Q1,366,183.0,EMIRATES,0.5042,1711.3,296.8,75.4,25.4,1920,1080,0.092,1749.0,309.5
Round1,Q1,366,183.0,EMIRATES,0.5004,559.0,295.0,73.5,22.4,1920,1080,0.08,595.7,306.2
Round1,Q1,366,183.0,EMIRATES,0.4701,1845.5,298.0,74.5,28.5,1920,1080,0.102,1882.7,312.3
Round1,Q1,366,183.0,EMIRATES,0.4179,1875.7,157.6,44.3,27.3,1920,1080,0.058,1897.8,171.2
Round1,Q1,366,183.0,EMIRATES,0.4101,20.4,303.3,81.4,25.9,1920,1080,0.102,61.1,316.2
Round1,Q1,366,183.0,EMIRATES,0.3867,734.3,103.1,77.1,22.0,1920,1080,0.082,772.8,114.1
Round1,Q1,366,183.0,EMIRATES,0.3803,1325.5,294.1,71.4,22.0,1920,1080,0.076,1361.2,305.1
Round1,Q1,366,183.0,EMIRATES,0.3395,1354.5,11.7,69.2,23.8,1920,1080,0.08,1389.1,23.6
Round1,Q1,366,183.0,EMIRATES,0.3376,999.4,103.5,76.2,21.6,1920,1080,0.079,1037.5,114.3
Round1,Q1,366,183.0,EMIRATES,0.3133,159.2,300.7,78.9,25.1,1920,1080,0.096,198.7,313.2
Round1,Q1,366,183.0,EMIRATES,0.3046,1474.1,5.9,134.4,26.1,1920,1080,0.169,1541.3,19.0
Round1,Q1,367,183.5,EMIRATES,0.8082,1487.6,6.6,73.3,22.0,1920,1080,0.078,1524.2,17.7
Round1,Q1,367,183.5,EMIRATES,0.801,1752.3,7.7,73.6,23.3,1920,1080,0.083,1789.1,19.4
Round1,Q1,367,183.5,EMIRATES,0.7992,1230.4,6.0,71.8,20.9,1920,1080,0.072,1266.3,16.4
Round1,Q1,367,183.5,EMIRATES,0.7891,973.2,5.3,70.8,20.2,1920,1080,0.069,1008.6,15.4
Round1,Q1,367,183.5,EMIRATES,0.7842,1359.6,6.7,69.6,20.6,1920,1080,0.069,1394.4,17.0
Round1,Q1,367,183.5,EMIRATES,0.7841,25.2,3.6,82.2,22.9,1920,1080,0.091,66.3,15.1
Round1,Q1,367,183.5,EMIRATES,0.7549,171.5,4.6,77.2,22.1,1920,1080,0.082,210.1,15.6
Round1,Q1,367,183.5,EMIRATES,0.7362,449.7,4.2,73.9,21.0,1920,1080,0.075,486.6,14.7
Round1,Q1,367,183.5,EMIRATES,0.6983,1102.9,5.5,70.7,20.1,1920,1080,0.068,1138.2,15.5
Round1,Q1,367,183.5,EMIRATES,0.6806,1619.4,6.7,72.8,23.2,1920,1080,0.081,1655.8,18.3
Round1,Q1,367,183.5,EMIRATES,0.6489,846.5,4.8,69.6,20.6,1920,1080,0.069,881.2,15.1
Round1,Q1,367,183.5,EMIRATES,0.4474,1889.1,5.6,30.8,26.0,1920,1080,0.039,1904.5,18.6
Round1,Q1,367,183.5,EMIRATES,0.3199,311.7,5.6,67.6,20.3,1920,1080,0.066,345.5,15.7
Round1,Q1,368,184.0,EMIRATES,0.5703,1741.9,0.0,72.5,14.4,1920,1080,0.05,1778.1,7.2
Round1,Q1,368,184.0,EMIRATES,0.4425,1477.3,0.0,72.4,12.5,1920,1080,0.044,1513.5,6.3
Round1,Q1,371,185.5,EMIRATES,0.498,333.8,1.3,115.0,310.9,1920,1080,1.724,391.3,156.7
Round1,Q1,372,186.0,EMIRATES,0.402,192.9,223.3,231.4,702.0,1920,1080,7.834,308.7,574.3
Round1,Q1,399,199.5,ACCESS_COVERS,0.5599,0.2,465.9,78.4,12.7,1920,1080,0.048,39.4,472.2
Round1,Q1,400,200.0,ACCESS_COVERS,0.3368,0.0,469.4,36.1,13.3,1920,1080,0.023,18.1,476.0
Round1,Q1,401,200.5,ACCESS_COVERS,0.5632,0.1,479.0,59.8,13.7,1920,1080,0.04,30.0,485.9
Round1,Q1,403,201.5,ACCESS_COVERS,0.7111,1775.4,297.3,140.6,33.0,1920,1080,0.224,1845.7,313.7
Round1,Q1,404,202.0,ACCESS_COVERS,0.8117,1729.6,297.1,147.0,33.1,1920,1080,0.235,1803.1,313.6
Round1,Q1,405,202.5,ACCESS_COVERS,0.803,1638.8,303.4,144.6,32.5,1920,1080,0.227,1711.1,319.7
Round1,Q1,406,203.0,ACCESS_COVERS,0.8054,1529.8,307.4,135.6,32.3,1920,1080,0.211,1597.6,323.5
Round1,Q1,407,203.5,ACCESS_COVERS,0.7218,1381.1,315.3,133.7,31.5,1920,1080,0.203,1447.9,331.1
Round1,Q1,408,204.0,ACCESS_COVERS,0.7628,1113.3,319.7,128.8,30.4,1920,1080,0.189,1177.7,334.8
Round1,Q1,409,204.5,ACCESS_COVERS,0.6812,813.0,315.7,137.2,32.5,1920,1080,0.215,881.6,331.9
Round1,Q1,410,205.0,ACCESS_COVERS,0.7649,458.4,304.8,149.3,33.5,1920,1080,0.242,533.1,321.6
Round1,Q1,411,205.5,ACCESS_COVERS,0.765,169.6,290.2,160.5,35.8,1920,1080,0.277,249.9,308.0
Round1,Q1,412,206.0,ACCESS_COVERS,0.7617,0.0,278.5,108.1,39.1,1920,1080,0.204,54.1,298.0
Round1,Q1,424,212.0,EMIRATES,0.3976,1863.6,560.9,14.4,79.7,1920,1080,0.055,1870.8,600.7
Round1,Q1,425,212.5,EMIRATES,0.5831,1805.9,574.8,12.5,56.8,1920,1080,0.034,1812.2,603.2
Round1,Q1,425,212.5,EMIRATES,0.4763,1632.9,541.7,12.0,58.2,1920,1080,0.034,1638.9,570.8
Round1,Q1,425,212.5,EMIRATES,0.3407,1805.2,515.8,13.2,61.1,1920,1080,0.039,1811.8,546.4
Round1,Q1,426,213.0,EMIRATES,0.7102,1812.1,546.6,13.1,58.5,1920,1080,0.037,1818.7,575.8
Round1,Q1,426,213.0,EMIRATES,0.537,1630.6,510.7,12.2,61.8,1920,1080,0.036,1636.7,541.6
Round1,Q1,427,213.5,EMIRATES,0.781,1833.9,507.3,14.0,63.0,1920,1080,0.043,1840.9,538.8
Round1,Q1,427,213.5,EMIRATES,0.7185,1833.2,442.1,14.4,60.7,1920,1080,0.042,1840.4,472.5
Round1,Q1,427,213.5,EMIRATES,0.6424,1641.7,475.2,12.9,61.5,1920,1080,0.038,1648.2,506.0
Round1,Q1,427,213.5,EMIRATES,0.3535,1642.0,413.8,11.8,54.4,1920,1080,0.031,1647.9,441.0
Round1,Q1,428,214.0,EMIRATES,0.7777,1852.7,458.7,14.3,65.6,1920,1080,0.045,1859.9,491.5
Round1,Q1,428,214.0,EMIRATES,0.6821,1649.7,422.7,12.7,64.6,1920,1080,0.04,1656.1,454.9
Round1,Q1,428,214.0,EMIRATES,0.63,1852.2,390.4,14.6,64.3,1920,1080,0.045,1859.5,422.6
Round1,Q1,428,214.0,EMIRATES,0.3709,1650.2,359.7,12.2,54.4,1920,1080,0.032,1656.3,386.9
Round1,Q1,429,214.5,EMIRATES,0.7774,1864.7,421.7,14.5,67.0,1920,1080,0.047,1872.0,455.2
Round1,Q1,429,214.5,EMIRATES,0.7363,1864.5,351.3,14.5,64.4,1920,1080,0.045,1871.8,383.5
Round1,Q1,429,214.5,EMIRATES,0.7121,1656.0,384.8,13.1,68.0,1920,1080,0.043,1662.5,418.8
Round1,Q1,429,214.5,EMIRATES,0.3891,1656.6,320.7,12.2,55.7,1920,1080,0.033,1662.7,348.6
Round1,Q1,430,215.0,EMIRATES,0.7945,1837.1,418.0,14.4,64.2,1920,1080,0.045,1844.3,450.1
Round1,Q1,430,215.0,EMIRATES,0.7935,1836.8,344.7,15.4,66.7,1920,1080,0.05,1844.6,378.0
Round1,Q1,430,215.0,EMIRATES,0.7422,1630.7,379.4,13.4,67.4,1920,1080,0.044,1637.4,413.1
Round1,Q1,430,215.0,EMIRATES,0.7013,1630.7,313.5,12.7,62.6,1920,1080,0.038,1637.1,344.8
Round1,Q1,431,215.5,EMIRATES,0.7968,1802.1,420.3,14.7,64.3,1920,1080,0.046,1809.4,452.4
Round1,Q1,431,215.5,EMIRATES,0.7869,1599.9,383.6,14.0,65.1,1920,1080,0.044,1606.9,416.1
Round1,Q1,431,215.5,EMIRATES,0.7381,1802.3,348.9,15.4,65.2,1920,1080,0.048,1810.0,381.5
Round1,Q1,431,215.5,EMIRATES,0.4625,1601.4,317.9,12.5,59.3,1920,1080,0.036,1607.6,347.5
Round1,Q1,432,216.0,EMIRATES,0.8064,1760.8,424.0,14.7,65.2,1920,1080,0.046,1768.1,456.6
Round1,Q1,432,216.0,EMIRATES,0.772,1761.2,356.2,14.8,62.7,1920,1080,0.045,1768.6,387.5
Round1,Q1,432,216.0,EMIRATES,0.77,1564.2,390.5,13.5,63.2,1920,1080,0.041,1571.0,422.1
Round1,Q1,432,216.0,EMIRATES,0.4586,1564.8,324.9,12.5,56.0,1920,1080,0.034,1571.0,352.9
Round1,Q1,442,221.0,EMIRATES,0.8544,1476.7,188.2,172.9,48.9,1920,1080,0.408,1563.2,212.6
Round1,Q1,444,222.0,EMIRATES,0.8516,0.1,742.9,94.5,66.4,1920,1080,0.303,47.3,776.1
Round1,Q1,446,223.0,EMIRATES,0.7506,0.0,789.3,80.9,62.6,1920,1080,0.244,40.5,820.5
Round1,Q1,448,224.0,EMIRATES,0.8204,0.1,540.3,112.2,65.8,1920,1080,0.356,56.2,573.2
Round1,Q1,449,224.5,EMIRATES,0.3764,545.5,423.1,122.6,79.8,1920,1080,0.472,606.8,463.0
Round1,Q1,472,236.0,ACCESS_COVERS,0.3606,1338.1,242.0,266.9,34.5,1920,1080,0.444,1471.6,259.3
Round1,Q1,473,236.5,ACCESS_COVERS,0.3584,1530.3,239.6,79.2,19.9,1920,1080,0.076,1569.9,249.5
Round1,Q1,474,237.0,ACCESS_COVERS,0.4633,1535.1,219.7,123.2,25.1,1920,1080,0.149,1596.7,232.2
Round1,Q1,475,237.5,ACCESS_COVERS,0.376,1524.6,197.1,183.0,27.4,1920,1080,0.241,1616.1,210.8
Round1,Q1,476,238.0,ACCESS_COVERS,0.4026,1650.5,165.7,93.4,23.5,1920,1080,0.106,1697.2,177.5
Round1,Q1,477,238.5,EMIRATES,0.8431,1224.7,815.9,55.0,20.5,1920,1080,0.054,1252.2,826.1
Round1,Q1,477,238.5,EMIRATES,0.8415,1096.6,317.9,38.2,30.1,1920,1080,0.055,1115.7,332.9
Round1,Q1,478,239.0,EMIRATES,0.8881,1213.0,720.9,53.1,18.4,1920,1080,0.047,1239.6,730.1
Round1,Q1,478,239.0,EMIRATES,0.8425,1106.8,447.9,31.3,29.9,1920,1080,0.045,1122.4,462.8
Round1,Q1,478,239.0,EMIRATES,0.8334,1795.4,337.6,29.3,23.5,1920,1080,0.033,1810.0,349.4
Round1,Q1,479,239.5,EMIRATES,0.877,1258.7,579.3,48.5,19.7,1920,1080,0.046,1283.0,589.1
Round1,Q1,480,240.0,EMIRATES,0.8625,1349.8,601.5,57.2,18.7,1920,1080,0.052,1378.4,610.8
Round1,Q1,481,240.5,EMIRATES,0.8598,1598.0,608.7,65.3,24.9,1920,1080,0.078,1630.6,621.1
Round1,Q1,486,243.0,EMIRATES,0.8728,1187.8,246.4,46.0,20.9,1920,1080,0.046,1210.8,256.9
Round1,Q1,487,243.5,EMIRATES,0.8685,992.1,261.7,49.2,18.2,1920,1080,0.043,1016.7,270.8
Round1,Q1,488,244.0,ACCESS_COVERS,0.6704,954.5,121.2,115.5,23.0,1920,1080,0.128,1012.3,132.7
Round1,Q1,491,245.5,EMIRATES,0.4891,1784.0,343.7,16.7,80.1,1920,1080,0.064,1792.3,383.7
Round1,Q1,491,245.5,EMIRATES,0.3923,1662.0,325.7,17.1,75.4,1920,1080,0.062,1670.6,363.4
Round1,Q1,492,246.0,EMIRATES,0.4236,1901.1,420.8,11.5,46.0,1920,1080,0.026,1906.9,443.8
Round1,Q1,492,246.0,EMIRATES,0.4032,1901.4,371.7,14.4,51.2,1920,1080,0.036,1908.6,397.3
Round1,Q1,492,246.0,EMIRATES,0.3795,1745.5,350.9,12.7,89.6,1920,1080,0.055,1751.9,395.7
Round1,Q1,492,246.0,EMIRATES,0.3298,1606.0,330.8,13.5,85.6,1920,1080,0.056,1612.7,373.7
Round1,Q1,493,246.5,EMIRATES,0.4385,1650.5,314.8,13.9,97.5,1920,1080,0.065,1657.4,363.6
Round1,Q1,493,246.5,EMIRATES,0.3883,1817.3,339.2,12.7,98.4,1920,1080,0.06,1823.6,388.4
Round1,Q1,493,246.5,EMIRATES,0.3768,1503.5,295.8,12.0,90.8,1920,1080,0.053,1509.5,341.2
Round1,Q1,494,247.0,EMIRATES,0.7368,1099.6,368.3,27.6,15.6,1920,1080,0.021,1113.4,376.1
Round1,Q1,495,247.5,EMIRATES,0.853,1231.1,176.0,48.3,18.1,1920,1080,0.042,1255.2,185.1
Round1,Q1,496,248.0,EMIRATES,0.8846,1043.8,274.6,60.5,19.6,1920,1080,0.057,1074.1,284.4
Round1,Q1,496,248.0,EMIRATES,0.8766,1289.6,344.4,68.9,23.9,1920,1080,0.079,1324.0,356.4
Round1,Q1,496,248.0,EMIRATES,0.4691,1154.3,299.3,31.8,19.2,1920,1080,0.03,1170.3,308.9
Round1,Q1,497,248.5,EMIRATES,0.8069,1648.5,433.1,55.3,18.7,1920,1080,0.05,1676.1,442.5
Round1,Q1,500,250.0,EMIRATES,0.576,1259.1,344.4,11.0,60.3,1920,1080,0.032,1264.6,374.6
Round1,Q1,500,250.0,EMIRATES,0.3942,1555.2,385.9,11.4,67.2,1920,1080,0.037,1560.9,419.5
Round1,Q1,500,250.0,EMIRATES,0.313,1400.5,383.0,10.5,45.8,1920,1080,0.023,1405.8,405.9
Round1,Q1,501,250.5,EMIRATES,0.3553,1071.1,403.6,11.6,52.8,1920,1080,0.03,1077.0,430.0
Round1,Q1,501,250.5,EMIRATES,0.3416,1194.7,421.6,11.3,55.6,1920,1080,0.03,1200.4,449.4
Round1,Q1,502,251.0,EMIRATES,0.443,1426.3,511.9,11.6,74.4,1920,1080,0.041,1432.1,549.1
Round1,Q1,503,251.5,EMIRATES,0.7493,1213.8,554.1,12.8,53.6,1920,1080,0.033,1220.2,580.9
Round1,Q1,503,251.5,EMIRATES,0.519,1213.4,496.5,12.7,52.8,1920,1080,0.032,1219.8,522.9
Round1,Q1,503,251.5,EMIRATES,0.4612,1045.4,528.2,12.4,51.4,1920,1080,0.031,1051.6,553.9
Round1,Q1,503,251.5,EMIRATES,0.4495,1397.8,580.9,11.7,58.9,1920,1080,0.033,1403.7,610.3
Round1,Q1,503,251.5,EMIRATES,0.4079,1044.9,473.4,13.0,51.7,1920,1080,0.033,1051.4,499.3
Round1,Q1,504,252.0,EMIRATES,0.7879,1157.2,598.8,14.9,65.4,1920,1080,0.047,1164.7,631.5
Round1,Q1,504,252.0,EMIRATES,0.7517,949.4,567.7,15.2,63.8,1920,1080,0.047,957.1,599.6
Round1,Q1,504,252.0,EMIRATES,0.7461,1383.8,633.8,14.4,67.1,1920,1080,0.046,1391.0,667.3
Round1,Q1,504,252.0,EMIRATES,0.7332,948.9,500.8,14.3,60.5,1920,1080,0.042,956.1,531.1
Round1,Q1,504,252.0,EMIRATES,0.6686,1156.4,527.0,14.3,67.4,1920,1080,0.047,1163.6,560.7
Round1,Q1,504,252.0,EMIRATES,0.3903,757.8,531.4,15.1,66.3,1920,1080,0.048,765.3,564.5
Round1,Q1,504,252.0,EMIRATES,0.3313,756.6,470.8,14.4,59.6,1920,1080,0.041,763.8,500.6
Round1,Q1,504,252.0,EMIRATES,0.3278,1382.6,558.8,14.9,69.0,1920,1080,0.05,1390.1,593.3
Round1,Q1,505,252.5,EMIRATES,0.7929,1116.3,632.8,17.0,77.8,1920,1080,0.064,1124.8,671.7
Round1,Q1,505,252.5,EMIRATES,0.7863,1115.2,550.3,15.5,74.2,1920,1080,0.055,1122.9,587.5
Round1,Q1,505,252.5,EMIRATES,0.7835,1383.7,674.0,17.0,79.0,1920,1080,0.065,1392.2,713.4
Round1,Q1,505,252.5,EMIRATES,0.763,870.5,595.2,16.8,77.3,1920,1080,0.062,878.9,633.9
Round1,Q1,505,252.5,EMIRATES,0.7436,1382.5,584.7,17.7,81.1,1920,1080,0.069,1391.4,625.3
Round1,Q1,505,252.5,EMIRATES,0.741,868.8,516.3,16.0,73.2,1920,1080,0.057,876.8,552.9
Round1,Q1,505,252.5,EMIRATES,0.7311,641.1,482.6,16.1,66.4,1920,1080,0.052,649.1,515.8
Round1,Q1,505,252.5,EMIRATES,0.7071,642.7,558.0,16.9,75.0,1920,1080,0.061,651.1,595.5
Round1,Q1,506,253.0,EMIRATES,0.7975,800.0,613.8,19.7,90.3,1920,1080,0.086,809.8,658.9
Round1,Q1,506,253.0,EMIRATES,0.7934,522.9,569.5,19.1,89.1,1920,1080,0.082,532.4,614.0
Round1,Q1,506,253.0,EMIRATES,0.7931,798.1,518.6,18.3,86.0,1920,1080,0.076,807.3,561.6
Round1,Q1,506,253.0,EMIRATES,0.7791,1096.6,657.6,20.8,94.1,1920,1080,0.094,1107.1,704.7
Round1,Q1,506,253.0,EMIRATES,0.7692,1418.7,600.7,19.1,94.6,1920,1080,0.087,1428.2,648.0
Round1,Q1,506,253.0,EMIRATES,0.7608,1094.9,557.3,19.0,90.6,1920,1080,0.083,1104.3,602.6
Round1,Q1,506,253.0,EMIRATES,0.7589,1419.5,705.5,21.1,94.9,1920,1080,0.097,1430.1,752.9
Round1,Q1,506,253.0,EMIRATES,0.7486,521.0,477.8,18.0,83.2,1920,1080,0.072,530.1,519.3
Round1,Q1,507,253.5,EMIRATES,0.8114,439.2,571.6,20.9,101.3,1920,1080,0.102,449.6,622.3
Round1,Q1,507,253.5,EMIRATES,0.8086,761.8,620.5,22.2,105.3,1920,1080,0.113,772.9,673.1
Round1,Q1,507,253.5,EMIRATES,0.8047,437.5,462.6,19.8,97.4,1920,1080,0.093,447.4,511.3
Round1,Q1,507,253.5,EMIRATES,0.7914,760.1,510.3,20.2,102.4,1920,1080,0.1,770.2,561.5
Round1,Q1,507,253.5,EMIRATES,0.7878,1107.0,672.6,24.0,107.8,1920,1080,0.125,1119.0,726.5
Round1,Q1,507,253.5,EMIRATES,0.7825,1481.9,605.6,22.9,111.2,1920,1080,0.123,1493.3,661.2
Round1,Q1,507,253.5,EMIRATES,0.7725,1483.5,727.0,25.2,113.0,1920,1080,0.138,1496.1,783.5
Round1,Q1,507,253.5,EMIRATES,0.7604,1105.8,556.5,21.6,103.9,1920,1080,0.108,1116.6,608.4
Round1,Q1,513,256.5,CYBERCX,0.8108,234.3,633.2,203.9,292.5,1920,1080,2.875,336.2,779.5
Round1,Q1,514,257.0,CYBERCX,0.7998,214.0,620.9,201.1,273.0,1920,1080,2.648,314.6,757.4
Round1,Q1,515,257.5,CYBERCX,0.7944,219.7,619.8,190.4,277.5,1920,1080,2.548,314.9,758.6
Round1,Q1,516,258.0,CYBERCX,0.7902,218.6,619.0,192.2,277.3,1920,1080,2.571,314.8,757.6
Round1,Q1,517,258.5,CYBERCX,0.8227,225.2,619.7,200.4,272.7,1920,1080,2.636,325.4,756.1
Round1,Q1,518,259.0,CYBERCX,0.5076,390.9,673.9,182.3,261.6,1920,1080,2.299,482.0,804.7
Round1,Q1,519,259.5,EMIRATES,0.7663,988.7,264.6,12.4,56.5,1920,1080,0.034,994.9,292.8
Round1,Q1,519,259.5,EMIRATES,0.6971,987.2,204.1,12.0,54.6,1920,1080,0.032,993.3,231.4
Round1,Q1,519,259.5,EMIRATES,0.6554,647.7,206.2,12.0,59.9,1920,1080,0.035,653.7,236.1
Round1,Q1,519,259.5,EMIRATES,0.6346,812.1,237.4,12.5,56.2,1920,1080,0.034,818.4,265.5
Round1,Q1,519,259.5,EMIRATES,0.5867,1179.7,288.7,12.6,63.1,1920,1080,0.038,1186.0,320.2
Round1,Q1,520,260.0,EMIRATES,0.8041,1005.0,245.0,12.3,56.7,1920,1080,0.034,1011.2,273.3
Round1,Q1,520,260.0,EMIRATES,0.756,671.6,187.8,12.1,58.1,1920,1080,0.034,677.6,216.8
Round1,Q1,520,260.0,EMIRATES,0.7195,1192.0,275.5,12.2,54.0,1920,1080,0.032,1198.1,302.5
Round1,Q1,520,260.0,EMIRATES,0.6459,832.1,216.8,12.8,58.6,1920,1080,0.036,838.5,246.1
Round1,Q1,520,260.0,EMIRATES,0.4,830.9,163.5,12.2,51.7,1920,1080,0.03,837.0,189.3
Round1,Q1,520,260.0,EMIRATES,0.3462,1003.6,185.6,11.6,50.4,1920,1080,0.028,1009.4,210.8
Round1,Q1,521,260.5,EMIRATES,0.7741,1035.3,244.6,12.1,54.8,1920,1080,0.032,1041.3,272.0
Round1,Q1,521,260.5,EMIRATES,0.6669,718.2,188.6,11.5,57.9,1920,1080,0.032,723.9,217.5
Round1,Q1,521,260.5,EMIRATES,0.6494,1213.6,264.9,12.2,63.4,1920,1080,0.037,1219.7,296.6
Round1,Q1,521,260.5,EMIRATES,0.6466,870.8,220.6,12.1,54.3,1920,1080,0.032,876.9,247.7
Round1,Q1,521,260.5,EMIRATES,0.6132,1033.7,189.7,12.6,51.5,1920,1080,0.031,1040.0,215.5
Round1,Q1,522,261.0,EMIRATES,0.7804,1052.9,249.1,11.6,51.3,1920,1080,0.029,1058.7,274.7
Round1,Q1,522,261.0,EMIRATES,0.6018,1050.8,194.6,12.0,49.7,1920,1080,0.029,1056.8,219.4
Round1,Q1,522,261.0,EMIRATES,0.5813,1223.8,276.2,11.9,51.4,1920,1080,0.029,1229.7,301.9
Round1,Q1,522,261.0,EMIRATES,0.5685,895.4,225.4,11.2,49.9,1920,1080,0.027,901.0,250.4
Round1,Q1,522,261.0,EMIRATES,0.5408,748.4,192.6,11.0,57.8,1920,1080,0.031,753.9,221.5
Round1,Q1,523,261.5,EMIRATES,0.6644,757.2,194.0,10.8,56.3,1920,1080,0.029,762.6,222.1
Round1,Q1,523,261.5,EMIRATES,0.6347,1049.8,246.1,11.3,52.1,1920,1080,0.028,1055.5,272.2
Round1,Q1,523,261.5,EMIRATES,0.6194,1213.7,265.8,11.2,58.0,1920,1080,0.031,1219.3,294.8
Round1,Q1,523,261.5,EMIRATES,0.4701,898.6,214.9,11.5,60.2,1920,1080,0.034,904.3,245.0
Round1,Q1,524,262.0,EMIRATES,0.9026,992.1,431.1,117.1,41.1,1920,1080,0.232,1050.6,451.6
Round1,Q1,525,262.5,EMIRATES,0.9042,976.3,415.6,116.6,39.7,1920,1080,0.223,1034.6,435.4
Round1,Q1,526,263.0,EMIRATES,0.8969,1031.4,438.3,124.2,45.6,1920,1080,0.273,1093.5,461.0
Round1,Q1,526,263.0,EMIRATES,0.7598,841.0,1.2,69.5,26.7,1920,1080,0.09,875.8,14.5
Round1,Q1,527,263.5,EMIRATES,0.9071,999.1,460.6,128.0,40.8,1920,1080,0.252,1063.1,481.0
Round1,Q1,527,263.5,EMIRATES,0.578,733.1,8.6,67.5,27.9,1920,1080,0.091,766.8,22.5
Round1,Q1,530,265.0,CYBERCX,0.6076,1466.6,87.3,42.9,8.9,1920,1080,0.018,1488.1,91.8
Round1,Q1,530,265.0,ACCESS_COVERS,0.5553,1517.5,86.5,48.1,8.9,1920,1080,0.021,1541.6,91.0
Round1,Q1,531,265.5,ACCESS_COVERS,0.3854,1522.1,78.0,50.4,10.2,1920,1080,0.025,1547.3,83.1
Round1,Q1,532,266.0,CYBERCX,0.6315,1477.5,67.3,44.4,10.8,1920,1080,0.023,1499.7,72.7
Round1,Q1,532,266.0,ACCESS_COVERS,0.5127,1529.1,67.5,48.6,10.5,1920,1080,0.025,1553.4,72.8
Round1,Q1,533,266.5,ACCESS_COVERS,0.5716,1536.3,60.2,50.0,9.6,1920,1080,0.023,1561.3,65.1
Round1,Q1,533,266.5,CYBERCX,0.4311,1484.5,61.3,44.4,9.1,1920,1080,0.02,1506.7,65.8
Round1,Q1,534,267.0,ACCESS_COVERS,0.711,1547.4,50.8,52.6,9.8,1920,1080,0.025,1573.7,55.7
Round1,Q1,534,267.0,CYBERCX,0.6895,1493.1,51.2,47.8,10.3,1920,1080,0.024,1517.0,56.3
Round1,Q1,535,267.5,ACCESS_COVERS,0.7411,1561.6,45.0,52.3,10.8,1920,1080,0.027,1587.7,50.4
Round1,Q1,535,267.5,CYBERCX,0.684,1507.5,45.7,47.4,10.8,1920,1080,0.025,1531.2,51.1
Round1,Q1,536,268.0,ACCESS_COVERS,0.7362,1582.0,42.5,53.7,11.5,1920,1080,0.03,1608.9,48.3
Round1,Q1,536,268.0,CYBERCX,0.5992,1525.3,43.5,47.8,10.8,1920,1080,0.025,1549.2,49.0
Round1,Q1,537,268.5,ACCESS_COVERS,0.493,1608.3,37.1,57.1,10.9,1920,1080,0.03,1636.9,42.6
Round1,Q1,538,269.0,CYBERCX,0.6806,1623.5,21.7,55.3,12.3,1920,1080,0.033,1651.2,27.8
Round1,Q1,538,269.0,ACCESS_COVERS,0.6483,1686.8,19.5,62.0,12.3,1920,1080,0.037,1717.8,25.6
Round1,Q1,542,271.0,EMIRATES,0.7572,1158.0,469.4,45.1,41.6,1920,1080,0.091,1180.6,490.2
Round1,Q1,543,271.5,EMIRATES,0.7712,38.9,619.6,53.7,35.3,1920,1080,0.091,65.8,637.2
Round1,Q1,543,271.5,EMIRATES,0.6992,1193.2,486.5,38.8,42.9,1920,1080,0.08,1212.6,507.9
Round1,Q1,544,272.0,EMIRATES,0.8674,785.4,549.5,70.7,21.5,1920,1080,0.073,820.7,560.3
Round1,Q1,544,272.0,EMIRATES,0.3737,1084.6,135.8,38.8,19.0,1920,1080,0.036,1104.0,145.3
Round1,Q1,545,272.5,EMIRATES,0.8659,1550.8,388.0,74.9,21.1,1920,1080,0.076,1588.3,398.5
Round1,Q1,545,272.5,EMIRATES,0.844,1745.9,676.4,59.4,46.3,1920,1080,0.133,1775.6,699.5
Round1,Q1,545,272.5,EMIRATES,0.8145,1366.9,202.9,48.4,20.5,1920,1080,0.048,1391.1,213.2
Round1,Q1,546,273.0,EMIRATES,0.8992,1281.7,140.2,46.9,19.2,1920,1080,0.043,1305.2,149.8
Round1,Q1,547,273.5,EMIRATES,0.838,1019.4,19.2,50.9,27.0,1920,1080,0.066,1044.8,32.6
Round1,Q1,555,277.5,EMIRATES,0.333,1305.6,45.6,11.3,66.3,1920,1080,0.036,1311.3,78.7
Round1,Q1,556,278.0,EMIRATES,0.4258,1452.3,143.8,11.1,70.4,1920,1080,0.038,1457.8,179.0
Round1,Q1,556,278.0,EMIRATES,0.3819,1215.3,100.3,12.1,73.3,1920,1080,0.043,1221.4,136.9
Round1,Q1,557,278.5,EMIRATES,0.6244,1129.7,150.7,13.1,81.0,1920,1080,0.051,1136.3,191.2
Round1,Q1,557,278.5,EMIRATES,0.3452,1392.0,202.8,11.4,70.8,1920,1080,0.039,1397.7,238.2
Round1,Q1,558,279.0,EMIRATES,0.6397,1354.2,235.3,12.5,87.3,1920,1080,0.052,1360.4,278.9
Round1,Q1,558,279.0,EMIRATES,0.5756,1051.1,178.5,12.8,94.0,1920,1080,0.058,1057.5,225.5
Round1,Q1,558,279.0,EMIRATES,0.5161,1196.7,249.3,11.4,46.5,1920,1080,0.026,1202.5,272.6
Round1,Q1,558,279.0,EMIRATES,0.3655,917.0,196.1,12.0,52.7,1920,1080,0.03,923.0,222.5
Round1,Q1,560,280.0,EMIRATES,0.5117,1180.4,468.2,26.0,21.3,1920,1080,0.027,1193.4,478.8
Round1,Q1,561,280.5,EMIRATES,0.866,438.8,848.6,61.6,25.2,1920,1080,0.075,469.6,861.2
Round1,Q1,562,281.0,EMIRATES,0.7641,668.7,334.7,14.3,60.2,1920,1080,0.041,675.8,364.8
Round1,Q1,562,281.0,EMIRATES,0.7364,859.7,298.5,14.1,58.3,1920,1080,0.039,866.7,327.6
Round1,Q1,562,281.0,EMIRATES,0.7327,860.2,362.3,15.3,62.1,1920,1080,0.046,867.9,393.4
Round1,Q1,562,281.0,EMIRATES,0.7311,1066.5,394.1,14.5,62.0,1920,1080,0.043,1073.7,425.1
Round1,Q1,562,281.0,EMIRATES,0.5462,489.7,304.4,13.5,61.3,1920,1080,0.04,496.5,335.1
Round1,Q1,562,281.0,EMIRATES,0.4407,1067.3,324.4,14.2,65.9,1920,1080,0.045,1074.3,357.4
Round1,Q1,562,281.0,EMIRATES,0.4301,485.7,246.8,13.9,52.0,1920,1080,0.035,492.6,272.8
Round1,Q1,562,281.0,EMIRATES,0.4243,666.8,273.2,15.3,55.9,1920,1080,0.041,674.4,301.1
Round1,Q1,563,281.5,EMIRATES,0.7702,990.2,426.1,14.1,60.9,1920,1080,0.041,997.3,456.6
Round1,Q1,563,281.5,EMIRATES,0.7635,425.7,342.2,13.3,58.0,1920,1080,0.037,432.3,371.2
Round1,Q1,563,281.5,EMIRATES,0.7591,599.3,310.3,14.1,53.5,1920,1080,0.036,606.4,337.1
Round1,Q1,563,281.5,EMIRATES,0.741,602.0,370.0,13.3,58.6,1920,1080,0.038,608.6,399.3
Round1,Q1,563,281.5,EMIRATES,0.7097,789.6,397.7,14.4,59.7,1920,1080,0.042,796.8,427.6
Round1,Q1,563,281.5,EMIRATES,0.6941,990.0,359.1,13.6,63.1,1920,1080,0.042,996.8,390.7
Round1,Q1,563,281.5,EMIRATES,0.6875,423.4,284.0,12.5,51.5,1920,1080,0.031,429.7,309.7
Round1,Q1,563,281.5,EMIRATES,0.6831,788.1,334.7,13.6,58.8,1920,1080,0.039,794.9,364.1
Round1,Q1,564,282.0,EMIRATES,0.8048,943.8,455.2,12.9,59.2,1920,1080,0.037,950.2,484.8
Round1,Q1,564,282.0,EMIRATES,0.7732,562.3,400.6,13.0,57.3,1920,1080,0.036,568.8,429.3
Round1,Q1,564,282.0,EMIRATES,0.7616,942.6,389.6,13.3,60.7,1920,1080,0.039,949.2,420.0
Round1,Q1,564,282.0,EMIRATES,0.7611,560.6,340.5,12.0,55.7,1920,1080,0.032,566.6,368.3
Round1,Q1,564,282.0,EMIRATES,0.7344,388.7,374.3,12.6,57.4,1920,1080,0.035,395.0,402.9
Round1,Q1,564,282.0,EMIRATES,0.6881,745.9,364.8,12.1,56.5,1920,1080,0.033,752.0,393.0
Round1,Q1,564,282.0,EMIRATES,0.6473,746.6,426.7,13.5,58.1,1920,1080,0.038,753.3,455.7
Round1,Q1,564,282.0,EMIRATES,0.3104,386.8,316.0,11.1,52.1,1920,1080,0.028,392.3,342.1
Round1,Q1,565,282.5,EMIRATES,0.7428,918.1,475.9,12.6,59.2,1920,1080,0.036,924.4,505.4
Round1,Q1,565,282.5,EMIRATES,0.6964,542.0,419.8,12.8,60.7,1920,1080,0.037,548.4,450.2
Round1,Q1,565,282.5,EMIRATES,0.6864,723.7,447.1,13.1,58.1,1920,1080,0.037,730.2,476.2
Round1,Q1,565,282.5,EMIRATES,0.6463,541.2,363.8,11.5,53.4,1920,1080,0.03,546.9,390.5
Round1,Q1,565,282.5,EMIRATES,0.6098,370.2,385.1,12.4,65.5,1920,1080,0.039,376.4,417.8
Round1,Q1,565,282.5,EMIRATES,0.5063,919.0,410.7,11.6,62.3,1920,1080,0.035,924.8,441.9
Round1,Q1,566,283.0,EMIRATES,0.7545,900.3,492.7,12.7,57.6,1920,1080,0.035,906.7,521.5
Round1,Q1,566,283.0,EMIRATES,0.6815,530.4,439.4,12.8,57.1,1920,1080,0.035,536.7,468.0
Round1,Q1,566,283.0,EMIRATES,0.6538,900.2,429.0,12.1,57.9,1920,1080,0.034,906.3,458.0
Round1,Q1,566,283.0,EMIRATES,0.5488,362.1,408.4,12.1,60.2,1920,1080,0.035,368.1,438.5
Round1,Q1,566,283.0,EMIRATES,0.3865,709.8,462.6,13.0,58.6,1920,1080,0.037,716.3,492.0
Round1,Q1,566,283.0,EMIRATES,0.3251,528.8,382.6,12.6,55.3,1920,1080,0.034,535.1,410.2
Round1,Q1,574,287.0,EMIRATES,0.7941,78.5,377.5,173.1,51.5,1920,1080,0.43,165.1,403.2
Round1,Q1,575,287.5,EMIRATES,0.8873,466.6,467.1,151.2,47.3,1920,1080,0.345,542.2,490.7
Round1,Q1,575,287.5,EMIRATES,0.8189,39.6,605.6,141.9,46.4,1920,1080,0.317,110.5,628.7
Round1,Q1,576,288.0,EMIRATES,0.8629,493.5,631.8,133.5,46.0,1920,1080,0.296,560.3,654.8
Round1,Q1,576,288.0,EMIRATES,0.8499,588.3,466.5,143.9,44.5,1920,1080,0.309,660.2,488.8
Round1,Q1,577,288.5,EMIRATES,0.8962,463.1,421.3,119.4,42.7,1920,1080,0.246,522.8,442.7
Round1,Q1,577,288.5,EMIRATES,0.8795,763.7,605.0,127.3,44.5,1920,1080,0.273,827.3,627.3
Round1,Q1,577,288.5,EMIRATES,0.833,1597.0,269.0,96.4,51.0,1920,1080,0.237,1645.2,294.5
Round1,Q1,578,289.0,EMIRATES,0.8223,0.2,312.1,60.4,53.2,1920,1080,0.155,30.4,338.6
Round1,Q1,578,289.0,EMIRATES,0.8137,1303.8,560.0,106.6,47.4,1920,1080,0.244,1357.1,583.7
Round1,Q1,579,289.5,EMIRATES,0.8844,28.0,330.9,112.9,43.0,1920,1080,0.234,84.4,352.4
Round1,Q1,580,290.0,EMIRATES,0.8659,240.9,288.9,60.2,39.6,1920,1080,0.115,271.0,308.7
Round1,Q1,581,290.5,EMIRATES,0.8831,212.2,465.5,89.0,30.7,1920,1080,0.132,256.7,480.8
Round1,Q1,582,291.0,EMIRATES,0.8822,594.4,223.9,37.6,33.1,1920,1080,0.06,613.2,240.5
Round1,Q1,582,291.0,EMIRATES,0.8814,538.0,458.4,72.4,25.9,1920,1080,0.09,574.2,471.3
Round1,Q1,583,291.5,EMIRATES,0.8883,659.6,511.1,67.2,21.2,1920,1080,0.069,693.1,521.8
Round1,Q1,584,292.0,EMIRATES,0.9025,724.3,263.0,36.6,23.7,1920,1080,0.042,742.6,274.8
Round1,Q1,584,292.0,EMIRATES,0.8977,689.3,511.5,59.3,19.5,1920,1080,0.056,719.0,521.2
Round1,Q1,585,292.5,EMIRATES,0.8992,718.9,246.4,30.1,25.1,1920,1080,0.036,734.0,258.9
Round1,Q1,585,292.5,EMIRATES,0.8844,689.7,551.7,63.8,19.0,1920,1080,0.058,721.6,561.2
Round1,Q1,586,293.0,EMIRATES,0.872,298.1,928.5,46.4,23.8,1920,1080,0.053,321.3,940.4
Round1,Q1,586,293.0,EMIRATES,0.8714,693.0,546.2,62.1,17.9,1920,1080,0.054,724.1,555.1
Round1,Q1,586,293.0,EMIRATES,0.7429,767.0,242.7,27.6,17.2,1920,1080,0.023,780.8,251.4
Round1,Q1,587,293.5,EMIRATES,0.8914,890.8,255.3,46.1,20.8,1920,1080,0.046,913.8,265.7
Round1,Q1,587,293.5,EMIRATES,0.8638,634.0,613.4,65.3,22.1,1920,1080,0.07,666.6,624.5
Round1,Q1,588,294.0,ACCESS_COVERS,0.6514,1321.4,197.9,38.7,7.3,1920,1080,0.014,1340.7,201.6
Round1,Q1,588,294.0,CYBERCX,0.3197,1285.5,197.5,32.7,7.3,1920,1080,0.011,1301.8,201.2
Round1,Q1,590,295.0,ACCESS_COVERS,0.6275,1326.0,194.3,38.3,7.6,1920,1080,0.014,1345.1,198.1
Round1,Q1,590,295.0,CYBERCX,0.4176,1286.4,193.8,34.3,7.6,1920,1080,0.013,1303.6,197.6
Round1,Q1,591,295.5,ACCESS_COVERS,0.7652,1326.8,192.4,37.6,7.5,1920,1080,0.014,1345.6,196.1
Round1,Q1,591,295.5,CYBERCX,0.52,1288.3,191.8,32.5,7.1,1920,1080,0.011,1304.6,195.4
Round1,Q1,593,296.5,ACCESS_COVERS,0.4016,1329.8,187.9,37.9,7.5,1920,1080,0.014,1348.7,191.6
Round1,Q1,595,297.5,ACCESS_COVERS,0.718,1324.9,182.2,37.7,8.3,1920,1080,0.015,1343.8,186.4
Round1,Q1,595,297.5,CYBERCX,0.6042,1285.6,182.5,33.4,7.6,1920,1080,0.012,1302.3,186.2
Round1,Q1,596,298.0,ACCESS_COVERS,0.6692,1314.1,180.5,37.8,7.5,1920,1080,0.014,1332.9,184.2
Round1,Q1,596,298.0,CYBERCX,0.3767,1273.3,180.8,34.3,7.2,1920,1080,0.012,1290.5,184.4
Round1,Q1,598,299.0,ACCESS_COVERS,0.4826,1296.0,173.5,39.2,7.2,1920,1080,0.014,1315.6,177.1
Round1,Q1,600,300.0,EMIRATES,0.7777,1859.0,801.3,60.8,26.4,1920,1080,0.077,1889.4,814.5
Round1,Q1,600,300.0,EMIRATES,0.7189,780.3,752.1,79.4,34.8,1920,1080,0.133,820.0,769.5
Round1,Q1,601,300.5,EMIRATES,0.863,1860.7,645.3,58.9,19.2,1920,1080,0.054,1890.1,654.9
Round1,Q1,601,300.5,EMIRATES,0.8487,345.6,545.9,63.8,19.7,1920,1080,0.061,377.5,555.7
Round1,Q1,601,300.5,EMIRATES,0.8348,1267.7,743.9,56.3,20.2,1920,1080,0.055,1295.9,754.0
Round1,Q1,602,301.0,EMIRATES,0.8651,108.4,320.2,52.1,29.6,1920,1080,0.074,134.4,335.0
Round1,Q1,603,301.5,EMIRATES,0.8601,559.0,104.7,52.2,17.8,1920,1080,0.045,585.0,113.6
Round1,Q1,603,301.5,EMIRATES,0.8365,1363.6,124.1,50.2,24.5,1920,1080,0.059,1388.7,136.4
Round1,Q1,604,302.0,EMIRATES,0.6776,797.4,73.7,53.9,15.6,1920,1080,0.04,824.3,81.5
Round1,Q1,605,302.5,EMIRATES,0.8586,477.6,367.1,38.9,19.0,1920,1080,0.036,497.1,376.5
Round1,Q1,606,303.0,EMIRATES,0.853,421.8,364.7,44.0,18.0,1920,1080,0.038,443.8,373.7
Round1,Q1,607,303.5,EMIRATES,0.7132,507.2,425.2,21.3,20.5,1920,1080,0.021,517.8,435.4
Round1,Q1,608,304.0,EMIRATES,0.6449,837.9,509.0,13.8,60.6,1920,1080,0.04,844.8,539.3
Round1,Q1,608,304.0,EMIRATES,0.6331,1040.0,471.7,12.9,60.7,1920,1080,0.038,1046.5,502.1
Round1,Q1,608,304.0,EMIRATES,0.5889,647.4,421.5,13.6,57.5,1920,1080,0.038,654.2,450.3
Round1,Q1,608,304.0,EMIRATES,0.5699,836.8,447.1,12.9,58.7,1920,1080,0.037,843.2,476.4
Round1,Q1,608,304.0,EMIRATES,0.4777,649.4,482.4,13.4,61.1,1920,1080,0.039,656.1,512.9
Round1,Q1,608,304.0,EMIRATES,0.4524,1040.7,537.7,13.3,65.3,1920,1080,0.042,1047.4,570.4
Round1,Q1,609,304.5,EMIRATES,0.7956,683.4,502.5,13.6,59.3,1920,1080,0.039,690.2,532.1
Round1,Q1,609,304.5,EMIRATES,0.7847,875.8,530.7,14.4,62.2,1920,1080,0.043,883.0,561.8
Round1,Q1,609,304.5,EMIRATES,0.7783,874.3,465.6,14.2,60.1,1920,1080,0.041,881.4,495.6
Round1,Q1,609,304.5,EMIRATES,0.7492,1083.0,561.4,14.2,62.8,1920,1080,0.043,1090.1,592.8
Round1,Q1,609,304.5,EMIRATES,0.737,681.7,441.3,13.7,58.4,1920,1080,0.038,688.5,470.5
Round1,Q1,609,304.5,EMIRATES,0.7017,1082.3,492.4,13.3,60.1,1920,1080,0.039,1088.9,522.4
Round1,Q1,609,304.5,EMIRATES,0.6907,503.3,473.6,13.9,58.9,1920,1080,0.039,510.3,503.1
Round1,Q1,610,305.0,EMIRATES,0.7843,737.8,505.3,14.4,62.0,1920,1080,0.043,745.0,536.3
Round1,Q1,610,305.0,EMIRATES,0.7741,1163.4,494.8,15.1,69.6,1920,1080,0.05,1170.9,529.6
Round1,Q1,610,305.0,EMIRATES,0.7581,941.5,465.5,14.8,67.2,1920,1080,0.048,948.9,499.1
Round1,Q1,610,305.0,EMIRATES,0.7466,736.5,438.5,14.2,63.5,1920,1080,0.044,743.6,470.2
Round1,Q1,610,305.0,EMIRATES,0.7121,942.4,536.0,15.5,62.8,1920,1080,0.047,950.1,567.4
Round1,Q1,610,305.0,EMIRATES,0.6832,545.5,411.2,12.7,55.1,1920,1080,0.034,551.9,438.7
Round1,Q1,610,305.0,EMIRATES,0.6756,546.6,472.0,14.4,64.0,1920,1080,0.044,553.7,504.0
Round1,Q1,611,305.5,EMIRATES,0.8199,799.5,431.3,15.6,65.7,1920,1080,0.05,807.3,464.1
Round1,Q1,611,305.5,EMIRATES,0.8006,1017.5,532.4,16.2,69.2,1920,1080,0.054,1025.6,567.0
Round1,Q1,611,305.5,EMIRATES,0.793,801.2,501.3,15.5,66.5,1920,1080,0.05,809.0,534.5
Round1,Q1,611,305.5,EMIRATES,0.7879,1015.3,459.9,17.2,68.3,1920,1080,0.057,1023.9,494.0
Round1,Q1,611,305.5,EMIRATES,0.7333,1251.6,567.9,16.1,69.1,1920,1080,0.054,1259.6,602.4
Round1,Q1,611,305.5,EMIRATES,0.7263,1250.7,489.8,16.3,74.2,1920,1080,0.058,1258.8,526.8
Round1,Q1,611,305.5,EMIRATES,0.6405,598.4,401.1,13.3,61.2,1920,1080,0.039,605.1,431.7
Round1,Q1,611,305.5,EMIRATES,0.397,600.4,465.3,12.7,42.5,1920,1080,0.026,606.8,486.6
Round1,Q1,612,306.0,EMIRATES,0.5891,1656.0,6.7,140.3,392.4,1920,1080,2.655,1726.1,202.9
Round1,Q1,613,306.5,EMIRATES,0.7198,1170.2,0.0,88.4,167.6,1920,1080,0.715,1214.4,83.9
Round1,Q1,614,307.0,EMIRATES,0.6739,1137.9,0.0,94.9,247.4,1920,1080,1.132,1185.4,123.7
Round1,Q1,615,307.5,EMIRATES,0.686,1101.9,0.8,103.5,335.1,1920,1080,1.672,1153.7,168.3
Round1,Q1,616,308.0,EMIRATES,0.8606,843.3,307.1,92.7,38.9,1920,1080,0.174,889.7,326.5
Round1,Q1,616,308.0,EMIRATES,0.6027,1109.9,0.0,97.2,554.4,1920,1080,2.599,1158.5,277.2
Round1,Q1,648,324.0,EMIRATES,0.3538,1380.1,145.5,62.0,17.8,1920,1080,0.053,1411.1,154.4
Round1,Q1,649,324.5,EMIRATES,0.7018,579.0,160.8,32.7,20.7,1920,1080,0.033,595.4,171.1
Round1,Q1,652,326.0,EMIRATES,0.4138,1046.4,303.1,18.8,20.3,1920,1080,0.018,1055.8,313.3
Round1,Q1,659,329.5,EMIRATES,0.8726,818.4,244.2,60.7,18.2,1920,1080,0.053,848.8,253.3
Round1,Q1,660,330.0,EMIRATES,0.8801,1037.3,322.5,50.7,27.1,1920,1080,0.066,1062.7,336.1
Round1,Q1,660,330.0,EMIRATES,0.811,505.8,691.3,46.6,25.5,1920,1080,0.057,529.1,704.0
Round1,Q1,664,332.0,EMIRATES,0.6773,1000.5,424.2,26.5,14.7,1920,1080,0.019,1013.8,431.5
Round1,Q1,664,332.0,EMIRATES,0.367,1811.9,45.5,31.7,14.7,1920,1080,0.023,1827.8,52.9
Round1,Q1,665,332.5,EMIRATES,0.6427,971.6,408.2,28.1,13.9,1920,1080,0.019,985.7,415.2
Round1,Q1,666,333.0,EMIRATES,0.6899,1003.4,375.2,25.0,14.6,1920,1080,0.018,1015.9,382.5
Round1,Q1,668,334.0,EMIRATES,0.8747,1028.1,313.5,41.6,13.3,1920,1080,0.027,1048.9,320.1
Round1,Q1,674,337.0,CYBERCX,0.7654,131.3,35.7,95.7,21.9,1920,1080,0.101,179.1,46.6
Round1,Q1,674,337.0,ACCESS_COVERS,0.7106,244.2,37.6,97.2,21.6,1920,1080,0.101,292.8,48.4
Round1,Q1,675,337.5,CYBERCX,0.7528,178.1,70.0,91.2,20.0,1920,1080,0.088,223.8,80.0
Round1,Q1,675,337.5,ACCESS_COVERS,0.6897,282.9,72.2,94.0,19.4,1920,1080,0.088,329.9,81.9
Round1,Q1,676,338.0,EMIRATES,0.6711,732.6,451.8,106.3,42.2,1920,1080,0.216,785.7,472.9
Round1,Q1,677,338.5,EMIRATES,0.747,942.8,236.6,150.5,56.6,1920,1080,0.411,1018.0,264.9
Round1,Q1,678,339.0,EMIRATES,0.7037,1015.9,197.8,143.4,52.7,1920,1080,0.364,1087.6,224.2
Round1,Q1,679,339.5,EMIRATES,0.8578,1031.1,179.7,135.3,47.9,1920,1080,0.313,1098.7,203.7
Round1,Q1,680,340.0,EMIRATES,0.8034,1012.2,186.3,133.4,53.4,1920,1080,0.343,1078.8,212.9
Round1,Q1,682,341.0,EMIRATES,0.8973,1146.1,385.5,113.1,43.0,1920,1080,0.235,1202.7,407.0
Round1,Q1,683,341.5,EMIRATES,0.8915,1157.5,464.7,114.4,37.6,1920,1080,0.207,1214.7,483.4
Round1,Q1,684,342.0,EMIRATES,0.9009,1183.6,430.2,111.7,31.1,1920,1080,0.168,1239.4,445.8
Round1,Q1,685,342.5,EMIRATES,0.8932,1259.5,416.7,108.9,40.7,1920,1080,0.214,1313.9,437.1
Round1,Q1,686,343.0,EMIRATES,0.903,1179.6,437.2,119.8,36.0,1920,1080,0.208,1239.5,455.2
Round1,Q1,687,343.5,EMIRATES,0.8788,1135.5,461.7,117.7,41.9,1920,1080,0.238,1194.4,482.7
Round1,Q1,688,344.0,EMIRATES,0.8881,1235.0,431.6,120.2,35.9,1920,1080,0.208,1295.1,449.6
Round1,Q1,689,344.5,EMIRATES,0.9097,1250.5,434.6,112.5,38.7,1920,1080,0.21,1306.8,453.9
Round1,Q1,690,345.0,EMIRATES,0.9033,1226.1,436.9,113.4,36.7,1920,1080,0.201,1282.8,455.2
Round1,Q1,691,345.5,EMIRATES,0.8961,1219.5,414.7,113.5,37.2,1920,1080,0.204,1276.3,433.3
Round1,Q1,692,346.0,EMIRATES,0.9016,1228.1,459.9,104.9,34.8,1920,1080,0.176,1280.5,477.3
Round1,Q1,693,346.5,EMIRATES,0.8958,1220.7,444.6,105.3,35.5,1920,1080,0.18,1273.4,462.3
Round1,Q1,694,347.0,EMIRATES,0.8985,1237.3,433.5,115.5,37.6,1920,1080,0.209,1295.1,452.3
Round1,Q1,695,347.5,EMIRATES,0.9018,1197.6,422.8,110.5,36.9,1920,1080,0.197,1252.8,441.2
Round1,Q1,696,348.0,EMIRATES,0.8946,1204.6,418.6,115.3,36.8,1920,1080,0.205,1262.3,437.0
Round1,Q1,697,348.5,EMIRATES,0.9128,1189.9,435.8,112.6,38.0,1920,1080,0.206,1246.2,454.9
Round1,Q1,698,349.0,EMIRATES,0.8917,1234.5,476.9,108.3,39.3,1920,1080,0.205,1288.6,496.6
Round1,Q1,699,349.5,EMIRATES,0.8842,1199.2,444.5,97.7,42.7,1920,1080,0.201,1248.0,465.9
Round1,Q1,700,350.0,EMIRATES,0.8974,1026.3,422.9,107.7,42.0,1920,1080,0.218,1080.1,443.9
Round1,Q1,701,350.5,CYBERCX,0.7857,219.5,31.8,100.5,20.2,1920,1080,0.098,269.8,41.9
Round1,Q1,701,350.5,ACCESS_COVERS,0.665,336.6,33.0,101.2,21.0,1920,1080,0.102,387.2,43.5
Round1,Q1,702,351.0,CYBERCX,0.779,259.5,61.8,96.9,22.2,1920,1080,0.104,307.9,72.9
Round1,Q1,702,351.0,ACCESS_COVERS,0.7019,376.4,62.4,104.7,23.0,1920,1080,0.116,428.7,73.9
Round1,Q1,703,351.5,CYBERCX,0.7662,245.1,155.8,108.6,24.0,1920,1080,0.126,299.5,167.8
Round1,Q1,703,351.5,ACCESS_COVERS,0.6393,369.9,155.3,113.0,24.4,1920,1080,0.133,426.5,167.5
Round1,Q1,704,352.0,ACCESS_COVERS,0.7692,32.1,3.3,177.9,41.3,1920,1080,0.355,121.0,24.0
Round1,Q1,709,354.5,EMIRATES,0.889,985.0,548.4,131.3,72.6,1920,1080,0.459,1050.6,584.7
Round1,Q1,710,355.0,EMIRATES,0.8904,924.7,575.0,126.3,61.6,1920,1080,0.375,987.8,605.8
Round1,Q1,711,355.5,EMIRATES,0.9019,899.3,540.9,140.1,49.3,1920,1080,0.333,969.4,565.6
Round1,Q1,712,356.0,EMIRATES,0.8956,918.7,499.2,166.1,59.9,1920,1080,0.48,1001.8,529.2
Round1,Q1,713,356.5,EMIRATES,0.8958,1048.6,539.9,155.2,54.2,1920,1080,0.406,1126.2,567.0
Round1,Q1,714,357.0,EMIRATES,0.8982,1295.4,453.8,100.0,47.6,1920,1080,0.229,1345.4,477.6
Round1,Q1,715,357.5,EMIRATES,0.8742,1077.5,487.8,84.8,42.3,1920,1080,0.173,1119.9,508.9
Round1,Q1,716,358.0,EMIRATES,0.8704,1101.1,251.3,130.7,65.6,1920,1080,0.413,1166.4,284.1
Round1,Q1,717,358.5,EMIRATES,0.8737,1013.2,532.0,177.6,77.1,1920,1080,0.66,1102.0,570.5
Round1,Q1,718,359.0,EMIRATES,0.8793,800.2,386.2,119.3,52.4,1920,1080,0.302,859.9,412.4
Round1,Q1,723,361.5,ACCESS_COVERS,0.6611,43.3,302.1,73.1,13.5,1920,1080,0.048,79.9,308.9
Round1,Q1,723,361.5,JAMESON,0.3815,1565.0,128.6,35.2,9.5,1920,1080,0.016,1582.7,133.3
Round1,Q1,724,362.0,JAMESON,0.6854,1376.3,134.6,32.1,8.4,1920,1080,0.013,1392.4,138.8
Round1,Q1,724,362.0,JAMESON,0.5424,1301.1,135.2,29.5,7.8,1920,1080,0.011,1315.9,139.1
Round1,Q1,724,362.0,JAMESON,0.4983,1336.1,135.0,33.3,7.9,1920,1080,0.013,1352.7,138.9
Round1,Q1,725,362.5,JAMESON,0.7576,1261.8,157.4,31.2,7.2,1920,1080,0.011,1277.4,161.0
Round1,Q1,725,362.5,JAMESON,0.7546,1187.6,157.4,30.5,7.7,1920,1080,0.011,1202.8,161.2
Round1,Q1,725,362.5,JAMESON,0.7371,1223.4,157.2,31.7,6.9,1920,1080,0.011,1239.3,160.7
Round1,Q1,726,363.0,JAMESON,0.6936,1153.1,168.6,34.4,8.1,1920,1080,0.013,1170.3,172.6
Round1,Q1,726,363.0,JAMESON,0.5196,1078.5,168.8,29.8,7.5,1920,1080,0.011,1093.4,172.6
Round1,Q1,726,363.0,JAMESON,0.4319,1114.8,169.1,33.8,7.1,1920,1080,0.011,1131.7,172.6
Round1,Q1,727,363.5,JAMESON,0.7398,1062.3,172.6,33.1,8.4,1920,1080,0.013,1078.8,176.9
Round1,Q1,727,363.5,JAMESON,0.7159,986.4,173.2,30.9,8.1,1920,1080,0.012,1001.9,177.2
Round1,Q1,727,363.5,JAMESON,0.653,1022.2,173.0,35.1,8.4,1920,1080,0.014,1039.8,177.2
Round1,Q1,728,364.0,JAMESON,0.6334,900.5,176.4,31.6,9.6,1920,1080,0.015,916.3,181.2
Round1,Q1,728,364.0,JAMESON,0.6216,861.8,176.7,32.7,9.3,1920,1080,0.015,878.2,181.3
Round1,Q1,728,364.0,JAMESON,0.5965,936.8,174.0,35.9,10.1,1920,1080,0.017,954.8,179.0
Round1,Q1,729,364.5,JAMESON,0.7006,784.6,189.1,35.4,7.7,1920,1080,0.013,802.2,192.9
Round1,Q1,729,364.5,JAMESON,0.6983,707.5,189.1,31.6,7.7,1920,1080,0.012,723.3,193.0
Round1,Q1,729,364.5,JAMESON,0.526,743.8,189.2,34.9,8.8,1920,1080,0.015,761.2,193.6
Round1,Q1,730,365.0,JAMESON,0.7508,565.2,209.5,33.0,8.1,1920,1080,0.013,581.7,213.6
Round1,Q1,730,365.0,JAMESON,0.7476,643.5,209.0,32.3,8.0,1920,1080,0.012,659.7,213.0
Round1,Q1,730,365.0,JAMESON,0.7238,603.1,209.2,36.8,8.0,1920,1080,0.014,621.5,213.3
Round1,Q1,731,365.5,JAMESON,0.6815,522.0,217.2,32.4,7.3,1920,1080,0.011,538.2,220.8
Round1,Q1,731,365.5,JAMESON,0.5928,481.2,217.2,34.6,7.7,1920,1080,0.013,498.5,221.0
Round1,Q1,731,365.5,JAMESON,0.523,443.4,216.9,33.1,8.5,1920,1080,0.014,460.0,221.2
Round1,Q1,732,366.0,JAMESON,0.7403,401.7,212.8,35.1,8.2,1920,1080,0.014,419.3,216.9
Round1,Q1,732,366.0,JAMESON,0.6946,317.4,212.5,35.5,8.3,1920,1080,0.014,335.2,216.6
Round1,Q1,732,366.0,JAMESON,0.6441,359.1,212.5,36.1,8.4,1920,1080,0.015,377.1,216.7
Round1,Q1,733,366.5,JAMESON,0.752,345.6,201.2,34.6,8.8,1920,1080,0.015,362.9,205.6
Round1,Q1,733,366.5,JAMESON,0.7334,302.4,200.5,36.8,9.6,1920,1080,0.017,320.8,205.3
Round1,Q1,733,366.5,JAMESON,0.7308,258.5,201.1,37.4,8.9,1920,1080,0.016,277.3,205.6
Round1,Q1,734,367.0,JAMESON,0.7468,305.7,187.7,38.5,9.6,1920,1080,0.018,324.9,192.5
Round1,Q1,734,367.0,JAMESON,0.7382,215.6,186.8,37.6,9.4,1920,1080,0.017,234.4,191.5
Round1,Q1,734,367.0,JAMESON,0.7007,258.8,187.1,42.1,10.0,1920,1080,0.02,279.8,192.1
Round1,Q1,735,367.5,JAMESON,0.7937,198.3,178.2,39.2,9.3,1920,1080,0.018,217.9,182.9
Round1,Q1,735,367.5,JAMESON,0.7844,243.2,178.2,42.1,8.8,1920,1080,0.018,264.2,182.5
Round1,Q1,735,367.5,JAMESON,0.7753,291.6,178.7,37.3,8.5,1920,1080,0.015,310.2,183.0
Round1,Q1,736,368.0,JAMESON,0.7313,270.9,173.6,39.4,9.2,1920,1080,0.018,290.6,178.2
Round1,Q1,736,368.0,JAMESON,0.7066,176.5,172.9,37.6,9.2,1920,1080,0.017,195.3,177.5
Round1,Q1,736,368.0,JAMESON,0.6913,222.3,172.6,41.0,10.2,1920,1080,0.02,242.8,177.7
Round1,Q1,737,368.5,JAMESON,0.7474,130.3,174.0,43.7,9.8,1920,1080,0.021,152.1,178.9
Round1,Q1,737,368.5,JAMESON,0.6526,181.7,174.0,42.7,10.3,1920,1080,0.021,203.1,179.1
Round1,Q1,737,368.5,JAMESON,0.5436,231.5,175.7,39.9,10.3,1920,1080,0.02,251.4,180.8
Round1,Q1,738,369.0,JAMESON,0.7385,72.2,173.8,44.5,10.0,1920,1080,0.022,94.5,178.8
Round1,Q1,738,369.0,JAMESON,0.7103,177.1,175.6,46.2,10.4,1920,1080,0.023,200.2,180.8
Round1,Q1,738,369.0,JAMESON,0.6225,125.1,174.0,44.3,10.6,1920,1080,0.023,147.3,179.3
Round1,Q1,739,369.5,JAMESON,0.7537,53.8,174.0,48.7,10.4,1920,1080,0.024,78.1,179.2
Round1,Q1,739,369.5,JAMESON,0.6871,109.9,175.5,44.6,10.5,1920,1080,0.023,132.1,180.7
Round1,Q1,739,369.5,JAMESON,0.6717,1.1,172.7,43.8,10.0,1920,1080,0.021,23.0,177.7
Round1,Q1,740,370.0,JAMESON,0.741,33.2,173.6,46.3,10.4,1920,1080,0.023,56.4,178.7
Round1,Q1,740,370.0,JAMESON,0.646,0.0,172.5,25.1,10.1,1920,1080,0.012,12.5,177.6
Round1,Q1,741,370.5,JAMESON,0.7862,1.1,165.7,50.1,11.4,1920,1080,0.028,26.1,171.4
Round1,Q1,742,371.0,JAMESON,0.66,0.0,155.6,41.8,9.9,1920,1080,0.02,20.9,160.6
Round1,Q1,743,371.5,JAMESON,0.7746,0.6,145.8,46.0,11.0,1920,1080,0.024,23.6,151.3
Round1,Q1,744,372.0,EMIRATES,0.8782,882.9,353.0,170.6,60.1,1920,1080,0.494,968.2,383.1
Round1,Q1,745,372.5,EMIRATES,0.8926,989.8,463.0,168.0,55.4,1920,1080,0.449,1073.8,490.7
Round1,Q1,746,373.0,EMIRATES,0.8797,960.9,467.4,169.3,56.5,1920,1080,0.461,1045.6,495.7
Round1,Q1,747,373.5,EMIRATES,0.8709,661.2,533.5,173.2,63.3,1920,1080,0.529,747.8,565.1
Round1,Q1,748,374.0,EMIRATES,0.8798,270.9,640.6,167.8,62.0,1920,1080,0.501,354.8,671.6
Round1,Q1,751,375.5,ACCESS_COVERS,0.3287,729.6,181.1,67.6,11.5,1920,1080,0.037,763.4,186.9
Round1,Q1,761,380.5,EMIRATES,0.8745,1865.4,549.5,53.9,23.7,1920,1080,0.062,1892.3,561.3
Round1,Q1,779,389.5,EMIRATES,0.8875,160.6,61.4,129.3,46.8,1920,1080,0.292,225.2,84.8
Round1,Q1,781,390.5,EMIRATES,0.7977,1237.5,316.0,69.2,80.7,1920,1080,0.269,1272.0,356.3
Round1,Q1,782,391.0,EMIRATES,0.9001,1151.1,490.4,79.6,49.4,1920,1080,0.19,1190.9,515.0
Round1,Q1,783,391.5,EMIRATES,0.902,1031.6,462.3,96.7,48.4,1920,1080,0.226,1080.0,486.5
Round1,Q1,784,392.0,EMIRATES,0.8983,946.6,452.2,106.0,56.9,1920,1080,0.291,999.5,480.7
Round1,Q1,785,392.5,CRUSADER_CARAVANS,0.3273,0.0,70.7,21.9,26.7,1920,1080,0.028,10.9,84.1
Round1,Q1,793,396.5,EMIRATES,0.8149,1551.2,771.2,22.9,8.6,1920,1080,0.009,1562.7,775.5
Round1,Q1,794,397.0,EMIRATES,0.7132,1564.5,758.8,21.9,8.8,1920,1080,0.009,1575.4,763.2
Round1,Q1,798,399.0,EMIRATES,0.3869,1543.0,784.0,18.5,9.6,1920,1080,0.009,1552.3,788.8
Round1,Q1,799,399.5,EMIRATES,0.7281,1556.4,788.6,23.7,8.2,1920,1080,0.009,1568.2,792.7
Round1,Q1,800,400.0,EMIRATES,0.5415,1517.5,787.6,20.6,9.6,1920,1080,0.01,1527.8,792.4
Round1,Q1,801,400.5,EMIRATES,0.8798,980.8,879.1,50.8,22.1,1920,1080,0.054,1006.2,890.2
Round1,Q1,801,400.5,EMIRATES,0.852,1053.1,509.1,28.9,19.0,1920,1080,0.027,1067.5,518.6
Round1,Q1,802,401.0,EMIRATES,0.8492,1073.4,920.8,59.6,24.3,1920,1080,0.07,1103.1,932.9
Round1,Q1,803,401.5,EMIRATES,0.8675,1646.6,301.9,53.4,15.9,1920,1080,0.041,1673.3,309.8
Round1,Q1,803,401.5,EMIRATES,0.8318,1287.6,652.1,59.1,17.3,1920,1080,0.049,1317.2,660.7
Round1,Q1,804,402.0,EMIRATES,0.863,1132.9,905.4,59.1,20.2,1920,1080,0.058,1162.4,915.5
Round1,Q1,804,402.0,EMIRATES,0.8478,1762.2,541.8,51.9,19.3,1920,1080,0.048,1788.2,551.5
Round1,Q1,804,402.0,EMIRATES,0.824,3.8,879.9,60.2,21.9,1920,1080,0.064,33.9,890.8
Round1,Q1,805,402.5,EMIRATES,0.7596,1452.5,542.0,79.6,19.8,1920,1080,0.076,1492.4,551.9
Round1,Q1,805,402.5,EMIRATES,0.5299,1099.1,484.9,74.4,16.8,1920,1080,0.06,1136.2,493.3
Round1,Q1,805,402.5,EMIRATES,0.3331,1561.2,897.2,75.6,13.7,1920,1080,0.05,1599.0,904.0
Round1,Q1,806,403.0,EMIRATES,0.8691,170.8,456.3,57.8,20.1,1920,1080,0.056,199.7,466.3
Round1,Q1,806,403.0,EMIRATES,0.847,342.8,833.9,57.7,15.5,1920,1080,0.043,371.6,841.6
Round1,Q1,806,403.0,EMIRATES,0.8458,1138.6,35.3,36.8,23.0,1920,1080,0.041,1157.0,46.8
Round1,Q1,807,403.5,EMIRATES,0.7193,1083.4,107.2,24.7,20.0,1920,1080,0.024,1095.8,117.2
Round1,Q1,821,410.5,EMIRATES,0.8753,1044.6,307.7,60.2,42.2,1920,1080,0.122,1074.7,328.8
Round1,Q1,823,411.5,EMIRATES,0.6609,1355.1,255.1,62.6,62.5,1920,1080,0.189,1386.4,286.3
Round1,Q1,823,411.5,EMIRATES,0.4646,1359.2,517.7,67.6,59.1,1920,1080,0.193,1393.0,547.3
Round1,Q1,824,412.0,EMIRATES,0.9031,1234.6,429.6,73.8,42.5,1920,1080,0.151,1271.5,450.8
Round1,Q1,825,412.5,EMIRATES,0.4113,88.0,840.8,33.3,24.9,1920,1080,0.04,104.7,853.3
Round1,Q1,846,423.0,EMIRATES,0.8945,1228.6,935.8,59.5,17.9,1920,1080,0.052,1258.4,944.7
Round1,Q1,846,423.0,EMIRATES,0.8437,953.7,485.2,44.6,21.9,1920,1080,0.047,976.0,496.2
Round1,Q1,847,423.5,EMIRATES,0.8293,914.4,266.4,43.5,24.3,1920,1080,0.051,936.2,278.5
Round1,Q1,847,423.5,EMIRATES,0.7867,992.2,572.7,63.2,27.1,1920,1080,0.083,1023.8,586.3
Round1,Q1,848,424.0,EMIRATES,0.8148,1815.8,376.2,57.5,14.3,1920,1080,0.04,1844.6,383.4
Round1,Q1,848,424.0,EMIRATES,0.7325,473.6,108.9,50.3,19.8,1920,1080,0.048,498.7,118.8
Round1,Q1,848,424.0,EMIRATES,0.7229,1092.0,515.8,61.8,15.7,1920,1080,0.047,1122.9,523.7
Round1,Q1,849,424.5,EMIRATES,0.8849,1302.7,102.4,49.8,18.3,1920,1080,0.044,1327.6,111.6
Round1,Q1,849,424.5,EMIRATES,0.8752,834.0,520.1,64.1,19.8,1920,1080,0.061,866.1,530.0
Round1,Q1,850,425.0,EMIRATES,0.8831,1593.7,81.0,51.9,16.9,1920,1080,0.042,1619.7,89.5
Round1,Q1,850,425.0,EMIRATES,0.867,1041.2,476.7,58.8,26.4,1920,1080,0.075,1070.6,489.9
Round1,Q1,850,425.0,EMIRATES,0.8636,138.2,295.8,40.8,18.9,1920,1080,0.037,158.6,305.3
Round1,Q1,851,425.5,EMIRATES,0.8709,1080.3,392.3,63.7,20.9,1920,1080,0.064,1112.2,402.8
Round1,Q1,851,425.5,EMIRATES,0.8577,1834.0,86.7,54.4,18.3,1920,1080,0.048,1861.2,95.9
Round1,Q1,851,425.5,EMIRATES,0.6988,822.1,358.3,31.3,13.3,1920,1080,0.02,837.8,365.0
Round1,Q1,852,426.0,EMIRATES,0.8777,1306.9,364.5,46.3,22.7,1920,1080,0.051,1330.1,375.8
Round1,Q1,853,426.5,EMIRATES,0.8831,1273.3,321.3,48.4,21.0,1920,1080,0.049,1297.5,331.9
Round1,Q1,853,426.5,EMIRATES,0.8667,687.5,356.1,32.7,18.1,1920,1080,0.029,703.8,365.2
Round1,Q1,854,427.0,EMIRATES,0.8811,522.4,209.3,34.4,23.1,1920,1080,0.038,539.6,220.9
Round1,Q1,854,427.0,EMIRATES,0.8792,808.9,384.5,43.0,18.5,1920,1080,0.038,830.4,393.7
Round1,Q1,855,427.5,EMIRATES,0.8933,755.3,196.9,50.9,21.8,1920,1080,0.053,780.8,207.8
Round1,Q1,855,427.5,EMIRATES,0.8805,906.9,454.4,49.4,18.4,1920,1080,0.044,931.6,463.6
Round1,Q1,855,427.5,EMIRATES,0.7005,1250.3,336.0,36.9,13.9,1920,1080,0.025,1268.8,343.0
Round1,Q1,856,428.0,EMIRATES,0.8172,1328.9,365.9,38.5,12.7,1920,1080,0.024,1348.1,372.3
Round1,Q1,856,428.0,EMIRATES,0.7593,67.8,453.6,49.6,19.4,1920,1080,0.047,92.6,463.3
Round1,Q1,856,428.0,EMIRATES,0.6306,993.5,586.5,43.2,20.3,1920,1080,0.042,1015.1,596.7
Round1,Q1,857,428.5,EMIRATES,0.876,1408.7,264.4,49.5,26.4,1920,1080,0.063,1433.5,277.6
Round1,Q1,857,428.5,EMIRATES,0.8656,1003.0,774.6,54.2,20.0,1920,1080,0.052,1030.0,784.7
Round1,Q1,857,428.5,EMIRATES,0.7766,281.7,577.2,45.8,18.9,1920,1080,0.042,304.6,586.6
Round1,Q1,858,429.0,EMIRATES,0.843,1663.7,501.7,40.5,14.4,1920,1080,0.028,1684.0,508.9
Round1,Q1,858,429.0,EMIRATES,0.8406,1104.7,934.4,46.6,18.8,1920,1080,0.042,1128.0,943.7
Round1,Q1,859,429.5,EMIRATES,0.6101,1639.7,516.7,52.9,11.9,1920,1080,0.03,1666.1,522.7
Round1,Q1,859,429.5,EMIRATES,0.5946,948.3,714.3,33.8,21.9,1920,1080,0.036,965.2,725.3
Round1,Q1,860,430.0,EMIRATES,0.8536,1779.8,525.7,61.8,15.8,1920,1080,0.047,1810.7,533.6
Round1,Q1,860,430.0,EMIRATES,0.7248,1196.6,804.5,44.6,23.7,1920,1080,0.051,1218.9,816.3
Round1,Q1,864,432.0,JAMESON,0.7798,851.6,40.0,60.5,14.0,1920,1080,0.041,881.8,47.0
Round1,Q1,864,432.0,JAMESON,0.7737,785.3,40.6,57.7,14.5,1920,1080,0.04,814.1,47.8
Round1,Q1,864,432.0,JAMESON,0.7697,920.5,40.0,58.3,13.2,1920,1080,0.037,949.7,46.6
Round1,Q1,865,432.5,JAMESON,0.7846,637.8,92.5,54.5,13.3,1920,1080,0.035,665.0,99.2
Round1,Q1,865,432.5,JAMESON,0.7566,764.3,92.4,52.1,12.2,1920,1080,0.031,790.4,98.5
Round1,Q1,865,432.5,JAMESON,0.7464,700.6,92.0,55.5,13.6,1920,1080,0.036,728.3,98.8
Round1,Q1,866,433.0,JAMESON,0.7846,504.1,146.8,47.8,12.5,1920,1080,0.029,528.0,153.1
Round1,Q1,866,433.0,JAMESON,0.7753,560.9,147.0,53.3,12.5,1920,1080,0.032,587.6,153.3
Round1,Q1,866,433.0,JAMESON,0.7671,622.2,147.4,49.8,12.2,1920,1080,0.029,647.1,153.5
Round1,Q1,867,433.5,JAMESON,0.8084,401.3,192.2,47.7,11.8,1920,1080,0.027,425.2,198.1
Round1,Q1,867,433.5,JAMESON,0.7891,514.5,193.2,47.2,10.9,1920,1080,0.025,538.0,198.6
Round1,Q1,867,433.5,JAMESON,0.7795,456.8,193.0,50.3,11.4,1920,1080,0.028,482.0,198.6
Round1,Q1,868,434.0,JAMESON,0.794,331.2,228.8,45.6,10.0,1920,1080,0.022,354.1,233.8
Round1,Q1,868,434.0,JAMESON,0.7846,441.4,228.9,44.6,9.8,1920,1080,0.021,463.7,233.8
Round1,Q1,868,434.0,JAMESON,0.7652,385.5,228.8,48.7,10.0,1920,1080,0.023,409.9,233.8
Round1,Q1,869,434.5,JAMESON,0.8018,282.9,240.4,45.9,10.3,1920,1080,0.023,305.8,245.5
Round1,Q1,869,434.5,JAMESON,0.791,336.8,240.9,48.8,10.0,1920,1080,0.024,361.2,245.9
Round1,Q1,869,434.5,JAMESON,0.7776,392.8,240.7,44.4,9.4,1920,1080,0.02,415.0,245.4
Round1,Q1,871,435.5,EMIRATES,0.8884,1019.6,523.4,45.2,36.1,1920,1080,0.079,1042.2,541.4
Round1,Q1,872,436.0,EMIRATES,0.6482,1164.9,330.7,26.2,31.0,1920,1080,0.039,1177.9,346.2
Round1,Q1,877,438.5,EMIRATES,0.8734,941.5,340.6,63.5,18.1,1920,1080,0.056,973.2,349.7
Round1,Q1,878,439.0,EMIRATES,0.8666,886.4,467.8,65.6,19.9,1920,1080,0.063,919.2,477.7
Round1,Q1,879,439.5,EMIRATES,0.8963,857.1,550.8,64.8,20.0,1920,1080,0.063,889.5,560.8
Round1,Q1,880,440.0,EMIRATES,0.8996,882.8,501.0,61.6,27.7,1920,1080,0.082,913.6,514.8
Round1,Q1,881,440.5,EMIRATES,0.9001,895.4,519.6,60.0,35.4,1920,1080,0.103,925.4,537.3
Round1,Q1,881,440.5,EMIRATES,0.8196,1421.4,755.3,57.0,26.9,1920,1080,0.074,1449.9,768.7
Round1,Q1,882,441.0,EMIRATES,0.8982,904.4,549.7,57.7,33.2,1920,1080,0.092,933.2,566.3
Round1,Q1,883,441.5,EMIRATES,0.8966,919.9,649.4,64.2,36.8,1920,1080,0.114,952.0,667.8
Round1,Q1,884,442.0,EMIRATES,0.9034,907.9,726.3,66.5,25.3,1920,1080,0.081,941.2,738.9
Round1,Q1,888,444.0,CRUSADER_CARAVANS,0.4427,0.5,145.5,37.2,26.6,1920,1080,0.048,19.1,158.9
Round1,Q1,888,444.0,CRUSADER_CARAVANS,0.3785,251.7,101.5,75.7,23.0,1920,1080,0.084,289.5,113.0
Round1,Q1,899,449.5,ACCESS_COVERS,0.419,1896.3,36.8,23.7,21.1,1920,1080,0.024,1908.2,47.3
Round1,Q1,900,450.0,ACCESS_COVERS,0.6908,1873.4,49.0,46.6,19.3,1920,1080,0.043,1896.7,58.6
Round1,Q1,901,450.5,ACCESS_COVERS,0.6537,1816.5,49.0,72.9,18.2,1920,1080,0.064,1853.0,58.1
Round1,Q1,902,451.0,ACCESS_COVERS,0.7443,1748.6,43.1,70.1,19.7,1920,1080,0.067,1783.6,53.0
Round1,Q1,903,451.5,ACCESS_COVERS,0.7231,1668.1,46.8,65.9,18.6,1920,1080,0.059,1701.1,56.1
Round1,Q1,904,452.0,ACCESS_COVERS,0.6808,1558.7,55.1,72.8,19.5,1920,1080,0.068,1595.0,64.8
Round1,Q1,905,452.5,ACCESS_COVERS,0.7002,1463.3,62.2,69.4,18.8,1920,1080,0.063,1498.0,71.6
Round1,Q1,906,453.0,ACCESS_COVERS,0.689,1362.7,69.4,68.6,17.1,1920,1080,0.057,1397.0,78.0
Round1,Q1,907,453.5,ACCESS_COVERS,0.6585,1277.9,76.1,63.6,17.5,1920,1080,0.054,1309.7,84.9
Round1,Q1,908,454.0,ACCESS_COVERS,0.6804,1189.0,79.7,62.1,15.6,1920,1080,0.047,1220.0,87.5
Round1,Q1,909,454.5,ACCESS_COVERS,0.6491,1115.2,76.1,63.7,17.5,1920,1080,0.054,1147.1,84.9
Round1,Q1,910,455.0,ACCESS_COVERS,0.6825,1033.5,73.8,61.6,15.7,1920,1080,0.047,1064.3,81.6
Round1,Q1,911,455.5,ACCESS_COVERS,0.6801,952.6,69.9,63.6,17.2,1920,1080,0.053,984.4,78.5
Round1,Q1,912,456.0,ACCESS_COVERS,0.6633,864.3,75.9,71.0,18.4,1920,1080,0.063,899.8,85.1
Round1,Q1,913,456.5,EMIRATES,0.8566,1719.2,543.1,24.7,12.4,1920,1080,0.015,1731.5,549.2
Round1,Q1,913,456.5,EMIRATES,0.7608,1353.9,257.1,30.4,11.7,1920,1080,0.017,1369.0,262.9
Round1,Q1,914,457.0,EMIRATES,0.8664,1670.8,533.3,31.6,12.3,1920,1080,0.019,1686.5,539.4
Round1,Q1,914,457.0,EMIRATES,0.6118,1170.2,264.3,31.2,11.3,1920,1080,0.017,1185.8,269.9
Round1,Q1,915,457.5,EMIRATES,0.7419,1676.0,563.4,20.1,12.6,1920,1080,0.012,1686.0,569.7
Round1,Q1,915,457.5,EMIRATES,0.3281,1084.2,303.5,21.9,12.5,1920,1080,0.013,1095.2,309.7
Round1,Q1,916,458.0,EMIRATES,0.7917,1713.5,575.4,21.2,11.2,1920,1080,0.011,1724.0,581.0
Round1,Q1,917,458.5,EMIRATES,0.855,1728.2,605.1,27.8,12.9,1920,1080,0.017,1742.2,611.5
Round1,Q1,917,458.5,EMIRATES,0.4937,1105.3,340.7,19.5,10.5,1920,1080,0.01,1115.0,345.9
Round1,Q1,918,459.0,EMIRATES,0.5489,1257.0,341.2,27.3,12.3,1920,1080,0.016,1270.6,347.4
Round1,Q1,926,463.0,ACCESS_COVERS,0.435,70.8,176.6,74.9,18.9,1920,1080,0.068,108.2,186.1
Round1,Q1,927,463.5,ACCESS_COVERS,0.5016,32.9,176.0,78.3,19.4,1920,1080,0.073,72.1,185.7
Round1,Q1,928,464.0,ACCESS_COVERS,0.6379,9.8,178.0,77.5,20.8,1920,1080,0.078,48.6,188.4
Round1,Q1,929,464.5,ACCESS_COVERS,0.5224,0.0,180.3,28.7,20.3,1920,1080,0.028,14.4,190.4
Round1,Q1,929,464.5,EMIRATES,0.3193,1840.7,333.5,8.9,49.8,1920,1080,0.021,1845.1,358.5
Round1,Q1,931,465.5,EMIRATES,0.4068,1692.4,316.6,9.4,46.7,1920,1080,0.021,1697.1,340.0
Round1,Q1,932,466.0,EMIRATES,0.4769,1626.7,281.4,11.4,72.1,1920,1080,0.04,1632.4,317.5
Round1,Q1,934,467.0,EMIRATES,0.4059,1521.9,299.6,10.3,58.7,1920,1080,0.029,1527.1,328.9
Round1,Q1,935,467.5,EMIRATES,0.3045,1506.0,305.3,9.5,53.2,1920,1080,0.024,1510.7,331.9
Round1,Q1,936,468.0,EMIRATES,0.3034,1500.6,314.2,8.8,50.0,1920,1080,0.021,1505.0,339.2
Round1,Q1,939,469.5,EMIRATES,0.3316,1481.0,298.9,8.8,56.1,1920,1080,0.024,1485.4,326.9
Round1,Q1,940,470.0,EMIRATES,0.4907,1457.1,295.7,8.6,55.9,1920,1080,0.023,1461.4,323.6
Round1,Q1,940,470.0,EMIRATES,0.3128,1333.6,282.5,9.4,50.4,1920,1080,0.023,1338.3,307.7
Round1,Q1,941,470.5,EMIRATES,0.5577,1331.4,287.2,10.1,58.2,1920,1080,0.028,1336.5,316.3
Round1,Q1,941,470.5,EMIRATES,0.4759,1212.5,275.8,9.5,50.3,1920,1080,0.023,1217.2,300.9
Round1,Q1,941,470.5,EMIRATES,0.472,1461.8,307.4,9.5,58.4,1920,1080,0.027,1466.5,336.6
Round1,Q1,942,471.0,EMIRATES,0.5259,1190.0,292.9,9.8,46.3,1920,1080,0.022,1194.9,316.1
Round1,Q1,942,471.0,EMIRATES,0.4707,1321.3,310.3,10.5,50.0,1920,1080,0.025,1326.5,335.3
Round1,Q1,942,471.0,EMIRATES,0.4231,1465.4,335.0,9.8,49.2,1920,1080,0.023,1470.3,359.6
Round1,Q1,942,471.0,EMIRATES,0.3076,1068.9,273.9,9.8,42.8,1920,1080,0.02,1073.8,295.3
Round1,Q1,943,471.5,EMIRATES,0.6297,1431.2,315.2,11.0,71.3,1920,1080,0.038,1436.7,350.9
Round1,Q1,943,471.5,EMIRATES,0.5169,1275.8,296.6,11.4,64.2,1920,1080,0.035,1281.5,328.7
Round1,Q1,943,471.5,EMIRATES,0.3705,1133.4,282.7,11.7,55.7,1920,1080,0.031,1139.2,310.5
Round1,Q1,944,472.0,EMIRATES,0.8785,1119.2,20.0,38.0,13.5,1920,1080,0.025,1138.2,26.8
Round1,Q1,945,472.5,EMIRATES,0.8686,1527.7,916.0,64.8,21.1,1920,1080,0.066,1560.1,926.6
Round1,Q1,945,472.5,EMIRATES,0.687,1044.8,21.5,52.2,15.2,1920,1080,0.038,1070.9,29.1
Round1,Q1,946,473.0,EMIRATES,0.8707,668.8,912.4,71.1,22.9,1920,1080,0.079,704.3,923.9
Round1,Q1,946,473.0,EMIRATES,0.8564,461.1,19.0,47.2,17.8,1920,1080,0.04,484.7,27.9
Round1,Q1,947,473.5,EMIRATES,0.8767,558.0,792.6,63.3,19.9,1920,1080,0.061,589.6,802.5
Round1,Q1,948,474.0,EMIRATES,0.8652,752.3,626.7,70.8,25.1,1920,1080,0.086,787.7,639.3
Round1,Q1,948,474.0,EMIRATES,0.7893,401.5,405.3,52.1,22.6,1920,1080,0.057,427.6,416.6
Round1,Q1,948,474.0,EMIRATES,0.7766,1407.2,320.6,54.0,20.9,1920,1080,0.054,1434.2,331.0
Round1,Q1,949,474.5,EMIRATES,0.8881,1067.2,406.2,59.7,26.7,1920,1080,0.077,1097.1,419.6
Round1,Q1,949,474.5,EMIRATES,0.8597,1734.9,162.4,28.5,19.0,1920,1080,0.026,1749.2,172.0
Round1,Q1,949,474.5,EMIRATES,0.8483,649.7,209.2,26.3,22.5,1920,1080,0.029,662.9,220.5
Round1,Q1,950,475.0,EMIRATES,0.7203,1002.3,369.7,11.8,49.8,1920,1080,0.028,1008.2,394.5
Round1,Q1,950,475.0,EMIRATES,0.6866,840.3,292.2,10.2,49.0,1920,1080,0.024,845.4,316.7
Round1,Q1,950,475.0,EMIRATES,0.6558,842.1,344.7,11.3,50.2,1920,1080,0.027,847.8,369.8
Round1,Q1,950,475.0,EMIRATES,0.5821,692.6,319.1,11.3,53.0,1920,1080,0.029,698.2,345.6
Round1,Q1,950,475.0,EMIRATES,0.5076,1174.6,393.3,11.5,54.2,1920,1080,0.03,1180.4,420.4
Round1,Q1,950,475.0,EMIRATES,0.3695,1001.7,313.8,11.1,52.1,1920,1080,0.028,1007.2,339.9
Round1,Q1,951,475.5,EMIRATES,0.7776,855.5,344.6,11.5,50.3,1920,1080,0.028,861.3,369.7
Round1,Q1,951,475.5,EMIRATES,0.6476,1013.3,369.0,11.2,51.0,1920,1080,0.028,1018.9,394.5
Round1,Q1,951,475.5,EMIRATES,0.6285,853.8,294.4,11.1,47.3,1920,1080,0.025,859.4,318.1
Round1,Q1,951,475.5,EMIRATES,0.5433,708.6,319.7,11.2,51.4,1920,1080,0.028,714.2,345.4
Round1,Q1,951,475.5,EMIRATES,0.46,1183.5,396.4,11.4,50.9,1920,1080,0.028,1189.2,421.9
Round1,Q1,951,475.5,EMIRATES,0.3807,1012.5,314.8,10.8,53.6,1920,1080,0.028,1017.9,341.6
Round1,Q1,952,476.0,EMIRATES,0.644,1013.2,372.4,11.3,51.3,1920,1080,0.028,1018.8,398.0
Round1,Q1,952,476.0,EMIRATES,0.5795,1180.6,396.7,10.5,52.5,1920,1080,0.027,1185.8,422.9
Round1,Q1,952,476.0,EMIRATES,0.5555,857.1,299.3,10.2,46.8,1920,1080,0.023,862.2,322.7
Round1,Q1,952,476.0,EMIRATES,0.5495,714.7,325.7,11.3,49.1,1920,1080,0.027,720.4,350.3
Round1,Q1,952,476.0,EMIRATES,0.4915,858.7,348.7,11.4,48.5,1920,1080,0.027,864.4,373.0
Round1,Q1,953,476.5,EMIRATES,0.8661,1460.9,573.6,131.9,44.2,1920,1080,0.281,1526.8,595.7
Round1,Q1,953,476.5,EMIRATES,0.4959,1131.1,390.2,76.7,40.9,1920,1080,0.151,1169.5,410.7
Round1,Q1,954,477.0,EMIRATES,0.885,991.9,524.9,60.4,54.7,1920,1080,0.159,1022.1,552.2
Round1,Q1,954,477.0,EMIRATES,0.8765,1673.6,526.2,160.2,43.1,1920,1080,0.333,1753.7,547.7
Round1,Q1,955,477.5,EMIRATES,0.8959,1064.1,539.5,45.3,40.9,1920,1080,0.089,1086.7,560.0
Round1,Q1,956,478.0,EMIRATES,0.7583,1100.8,517.5,38.1,46.1,1920,1080,0.085,1119.8,540.5
Round1,Q1,971,485.5,EMIRATES,0.8956,1198.2,379.8,120.8,46.8,1920,1080,0.272,1258.6,403.2
Round1,Q1,972,486.0,EMIRATES,0.8959,1133.8,403.0,132.0,57.2,1920,1080,0.364,1199.7,431.6
Round1,Q1,972,486.0,EMIRATES,0.3365,545.2,4.6,200.4,510.8,1920,1080,4.938,645.4,260.0
Round1,Q1,973,486.5,EMIRATES,0.8874,1014.8,399.3,121.6,47.5,1920,1080,0.278,1075.6,423.0
Round1,Q1,973,486.5,EMIRATES,0.3995,1077.6,12.9,132.1,376.4,1920,1080,2.399,1143.6,201.1
Round1,Q1,974,487.0,EMIRATES,0.8818,895.2,426.4,127.0,55.4,1920,1080,0.339,958.7,454.1
Round1,Q1,974,487.0,EMIRATES,0.8705,0.3,722.7,100.5,63.3,1920,1080,0.307,50.6,754.4
Round1,Q1,975,487.5,EMIRATES,0.8881,123.1,664.3,133.8,60.5,1920,1080,0.39,190.0,694.5
Round1,Q1,975,487.5,EMIRATES,0.8844,872.8,426.0,142.2,52.9,1920,1080,0.363,943.9,452.4
Round1,Q1,976,488.0,EMIRATES,0.8882,800.9,451.2,129.6,59.1,1920,1080,0.369,865.7,480.7
Round1,Q1,976,488.0,EMIRATES,0.8867,324.9,718.2,88.5,48.5,1920,1080,0.207,369.1,742.4
Round1,Q1,976,488.0,EMIRATES,0.4358,0.0,0.0,57.9,45.0,1920,1080,0.126,29.0,22.5
Round1,Q1,977,488.5,EMIRATES,0.8951,815.0,443.7,141.6,49.4,1920,1080,0.338,885.8,468.4
Round1,Q1,977,488.5,EMIRATES,0.8617,545.2,660.0,60.3,45.2,1920,1080,0.131,575.3,682.6
Round1,Q1,978,489.0,EMIRATES,0.8753,721.4,674.6,113.2,55.7,1920,1080,0.304,778.0,702.5
Round1,Q1,978,489.0,EMIRATES,0.8713,886.2,443.0,120.4,56.9,1920,1080,0.33,946.4,471.4
Round1,Q1,979,489.5,EMIRATES,0.8771,911.1,659.5,73.9,59.9,1920,1080,0.213,948.0,689.5
Round1,Q1,980,490.0,EMIRATES,0.8491,943.1,391.4,98.7,53.6,1920,1080,0.255,992.4,418.2
Round1,Q1,980,490.0,EMIRATES,0.3751,1280.2,662.7,97.2,23.9,1920,1080,0.112,1328.8,674.6
Round1,Q1,981,490.5,EMIRATES,0.8906,908.2,376.3,129.8,50.8,1920,1080,0.318,973.1,401.7
Round1,Q1,981,490.5,EMIRATES,0.8858,1486.8,628.0,124.9,54.9,1920,1080,0.33,1549.3,655.4
Round1,Q1,981,490.5,EMIRATES,0.3438,140.4,14.1,205.0,500.4,1920,1080,4.948,242.9,264.3
Round1,Q1,982,491.0,EMIRATES,0.9012,936.2,358.9,132.2,47.2,1920,1080,0.301,1002.3,382.5
Round1,Q1,983,491.5,EMIRATES,0.8985,921.5,371.1,158.2,49.7,1920,1080,0.379,1000.6,396.0
Round1,Q1,983,491.5,EMIRATES,0.3523,1199.1,18.2,219.6,575.9,1920,1080,6.1,1308.9,306.2
Round1,Q1,984,492.0,EMIRATES,0.8868,935.3,387.0,167.9,48.6,1920,1080,0.393,1019.2,411.3
Round1,Q1,987,493.5,EMIRATES,0.6017,1419.6,845.7,18.3,7.1,1920,1080,0.006,1428.8,849.3
Round1,Q1,988,494.0,EMIRATES,0.5593,1459.4,861.7,19.6,7.6,1920,1080,0.007,1469.2,865.5
Round1,Q1,989,494.5,EMIRATES,0.4123,1487.9,857.7,21.1,8.1,1920,1080,0.008,1498.4,861.8
Round1,Q1,990,495.0,EMIRATES,0.7734,1401.7,870.0,27.1,9.4,1920,1080,0.012,1415.3,874.6
Round1,Q1,991,495.5,EMIRATES,0.828,1220.8,841.1,24.5,10.8,1920,1080,0.013,1233.1,846.5
Round1,Q1,991,495.5,EMIRATES,0.403,1759.6,790.9,25.8,8.0,1920,1080,0.01,1772.6,794.9
Round1,Q1,992,496.0,EMIRATES,0.7468,1664.7,783.0,27.3,7.6,1920,1080,0.01,1678.3,786.8
Round1,Q1,1005,502.5,ACCESS_COVERS,0.4575,0.6,653.0,71.3,10.8,1920,1080,0.037,36.2,658.4
Round1,Q1,1009,504.5,EMIRATES,0.6604,1458.0,560.6,13.5,56.4,1920,1080,0.037,1464.8,588.8
Round1,Q1,1009,504.5,EMIRATES,0.6584,1456.7,621.2,14.6,57.3,1920,1080,0.04,1463.9,649.8
Round1,Q1,1010,505.0,EMIRATES,0.538,1817.7,593.9,29.3,67.9,1920,1080,0.096,1832.3,627.8
Round1,Q1,1010,505.0,EMIRATES,0.3699,1526.0,531.3,26.6,96.9,1920,1080,0.124,1539.3,579.7
Round1,Q1,1025,512.5,EMIRATES,0.8579,1249.5,537.1,46.6,26.0,1920,1080,0.059,1272.8,550.1
Round1,Q1,1026,513.0,EMIRATES,0.8647,984.1,570.5,77.2,26.7,1920,1080,0.1,1022.7,583.9
Round1,Q1,1027,513.5,EMIRATES,0.7419,534.6,603.2,118.3,26.7,1920,1080,0.152,593.7,616.6
Round1,Q1,1032,516.0,ACCESS_COVERS,0.5262,452.0,417.1,84.2,16.3,1920,1080,0.066,494.1,425.2
Round1,Q1,1033,516.5,EMIRATES,0.9014,266.8,413.7,147.7,52.3,1920,1080,0.373,340.7,439.8
Round1,Q1,1033,516.5,EMIRATES,0.882,655.5,408.3,163.7,65.4,1920,1080,0.517,737.3,441.1
Round1,Q1,1033,516.5,EMIRATES,0.8464,1855.1,370.9,64.9,63.0,1920,1080,0.197,1887.5,402.4
Round1,Q1,1034,517.0,EMIRATES,0.8945,824.7,409.4,183.9,61.8,1920,1080,0.549,916.7,440.4
Round1,Q1,1034,517.0,EMIRATES,0.6459,641.9,410.4,61.8,46.8,1920,1080,0.139,672.8,433.7
Round1,Q1,1035,517.5,EMIRATES,0.8706,696.4,409.7,185.9,52.8,1920,1080,0.474,789.3,436.1
Round1,Q1,1035,517.5,EMIRATES,0.8318,527.4,354.2,58.1,46.8,1920,1080,0.131,556.4,377.6
Round1,Q1,1035,517.5,EMIRATES,0.8166,1271.6,417.3,129.3,55.1,1920,1080,0.344,1336.3,444.9
Round1,Q1,1035,517.5,EMIRATES,0.8121,1726.7,481.5,52.7,50.8,1920,1080,0.129,1753.0,506.9
Round1,Q1,1036,518.0,EMIRATES,0.8923,672.0,418.4,174.1,55.4,1920,1080,0.465,759.0,446.1
Round1,Q1,1036,518.0,EMIRATES,0.8563,483.0,353.0,58.5,43.9,1920,1080,0.124,512.3,375.0
Round1,Q1,1037,518.5,EMIRATES,0.8884,594.4,520.1,125.7,51.2,1920,1080,0.311,657.2,545.7
Round1,Q1,1037,518.5,EMIRATES,0.8796,790.3,407.2,66.7,34.1,1920,1080,0.11,823.7,424.2
Round1,Q1,1037,518.5,EMIRATES,0.8616,1275.0,462.2,104.4,77.9,1920,1080,0.392,1327.2,501.2
Round1,Q1,1037,518.5,EMIRATES,0.6822,404.6,426.4,26.5,41.9,1920,1080,0.053,417.8,447.3
Round1,Q1,1038,519.0,EMIRATES,0.8834,677.1,517.2,126.8,55.4,1920,1080,0.339,740.5,544.9
Round1,Q1,1038,519.0,EMIRATES,0.8721,1298.0,473.0,99.2,73.0,1920,1080,0.349,1347.6,509.5
Round1,Q1,1039,519.5,EMIRATES,0.8874,725.2,516.5,134.4,51.2,1920,1080,0.332,792.4,542.1
Round1,Q1,1039,519.5,EMIRATES,0.8713,1341.2,475.6,122.4,67.1,1920,1080,0.396,1402.4,509.2
Round1,Q1,1039,519.5,EMIRATES,0.8393,689.5,448.3,80.5,49.3,1920,1080,0.191,729.8,472.9
Round1,Q1,1039,519.5,EMIRATES,0.6647,1174.2,539.5,49.7,36.1,1920,1080,0.086,1199.0,557.5
Round1,Q1,1039,519.5,EMIRATES,0.3727,312.2,399.2,18.3,35.9,1920,1080,0.032,321.3,417.1
Round1,Q1,1040,520.0,EMIRATES,0.8978,710.1,518.6,129.5,43.2,1920,1080,0.27,774.8,540.2
Round1,Q1,1040,520.0,EMIRATES,0.8856,1529.4,465.4,90.8,58.2,1920,1080,0.255,1574.8,494.5
Round1,Q1,1040,520.0,EMIRATES,0.8831,1176.2,605.7,78.9,48.1,1920,1080,0.183,1215.7,629.7
Round1,Q1,1040,520.0,EMIRATES,0.8747,679.2,446.2,86.0,34.9,1920,1080,0.145,722.2,463.6
Round1,Q1,1040,520.0,EMIRATES,0.8658,297.2,369.9,62.6,35.9,1920,1080,0.108,328.4,387.9
Round1,Q1,1041,520.5,EMIRATES,0.8997,139.4,386.2,109.2,36.2,1920,1080,0.191,194.0,404.3
Round1,Q1,1041,520.5,EMIRATES,0.8905,1131.4,416.9,53.8,43.3,1920,1080,0.112,1158.3,438.5
Round1,Q1,1041,520.5,EMIRATES,0.8833,687.3,500.7,118.4,40.7,1920,1080,0.232,746.5,521.1
Round1,Q1,1041,520.5,EMIRATES,0.8652,1225.0,626.0,97.2,56.0,1920,1080,0.262,1273.6,653.9
Round1,Q1,1041,520.5,EMIRATES,0.6355,695.2,430.4,56.4,37.7,1920,1080,0.103,723.4,449.3
Round1,Q1,1042,521.0,EMIRATES,0.8968,236.9,374.9,112.7,35.6,1920,1080,0.194,293.3,392.7
Round1,Q1,1042,521.0,EMIRATES,0.8756,1271.1,636.2,103.9,36.5,1920,1080,0.183,1323.1,654.4
Round1,Q1,1042,521.0,EMIRATES,0.8706,845.3,472.2,112.1,40.3,1920,1080,0.218,901.3,492.3
Round1,Q1,1043,521.5,EMIRATES,0.9045,332.4,403.4,91.9,34.0,1920,1080,0.151,378.4,420.3
Round1,Q1,1043,521.5,EMIRATES,0.895,716.3,436.4,111.9,36.0,1920,1080,0.194,772.2,454.4
Round1,Q1,1043,521.5,EMIRATES,0.8857,1248.6,370.9,108.2,32.1,1920,1080,0.167,1302.7,386.9
Round1,Q1,1043,521.5,EMIRATES,0.8563,1183.7,670.7,45.7,45.3,1920,1080,0.1,1206.6,693.4
Round1,Q1,1044,522.0,EMIRATES,0.8955,1261.0,391.1,103.8,35.4,1920,1080,0.177,1312.9,408.8
Round1,Q1,1044,522.0,EMIRATES,0.8889,657.1,483.6,107.5,46.8,1920,1080,0.243,710.9,507.0
Round1,Q1,1044,522.0,EMIRATES,0.8416,342.6,418.1,49.3,35.4,1920,1080,0.084,367.3,435.8
Round1,Q1,1044,522.0,EMIRATES,0.5148,1248.0,579.9,71.5,61.5,1920,1080,0.212,1283.7,610.6
Round1,Q1,1045,522.5,EMIRATES,0.8887,1312.6,399.8,110.6,43.3,1920,1080,0.231,1367.9,421.5
Round1,Q1,1045,522.5,EMIRATES,0.8865,587.6,490.0,108.8,36.7,1920,1080,0.192,642.0,508.4
Round1,Q1,1045,522.5,EMIRATES,0.7638,1226.3,599.6,103.1,77.5,1920,1080,0.385,1277.9,638.4
Round1,Q1,1045,522.5,EMIRATES,0.329,242.7,449.8,21.0,40.9,1920,1080,0.042,253.2,470.3
Round1,Q1,1050,525.0,ACCESS_COVERS,0.3253,1124.8,178.2,38.2,7.9,1920,1080,0.014,1143.9,182.1
Round1,Q1,1051,525.5,CYBERCX,0.4292,1091.2,181.6,33.9,7.9,1920,1080,0.013,1108.2,185.6
Round1,Q1,1052,526.0,ACCESS_COVERS,0.5064,1129.2,185.4,35.7,6.9,1920,1080,0.012,1147.1,188.8
Round1,Q1,1052,526.0,CYBERCX,0.4626,1092.2,184.1,32.3,7.2,1920,1080,0.011,1108.3,187.7
Round1,Q1,1053,526.5,ACCESS_COVERS,0.4787,1129.9,186.7,35.6,7.4,1920,1080,0.013,1147.7,190.3
Round1,Q1,1053,526.5,CYBERCX,0.3213,1091.8,186.2,32.5,7.5,1920,1080,0.012,1108.0,190.0
Round1,Q1,1054,527.0,ACCESS_COVERS,0.516,1129.4,188.3,36.2,7.5,1920,1080,0.013,1147.6,192.0
Round1,Q1,1055,527.5,ACCESS_COVERS,0.6552,1127.7,190.8,37.0,7.4,1920,1080,0.013,1146.2,194.5
Round1,Q1,1055,527.5,CYBERCX,0.4868,1089.3,190.4,33.3,7.3,1920,1080,0.012,1105.9,194.0
Round1,Q1,1056,528.0,ACCESS_COVERS,0.5525,1130.5,192.1,38.8,8.4,1920,1080,0.016,1149.9,196.3
Round1,Q1,1057,528.5,ACCESS_COVERS,0.5552,1155.4,197.5,34.4,6.8,1920,1080,0.011,1172.7,200.9
Round1,Q1,1057,528.5,CYBERCX,0.3766,1119.6,196.4,31.9,7.0,1920,1080,0.011,1135.5,199.9
Round1,Q1,1058,529.0,ACCESS_COVERS,0.6629,1149.0,204.4,34.7,7.0,1920,1080,0.012,1166.3,207.9
Round1,Q1,1058,529.0,CYBERCX,0.367,1114.1,204.8,30.7,6.7,1920,1080,0.01,1129.4,208.1
Round1,Q1,1059,529.5,ACCESS_COVERS,0.4441,1142.6,210.0,35.2,8.3,1920,1080,0.014,1160.2,214.1
Round1,Q1,1060,530.0,ACCESS_COVERS,0.4343,1132.3,216.9,34.2,7.7,1920,1080,0.013,1149.3,220.8
Round1,Q1,1060,530.0,CYBERCX,0.3453,1097.7,217.1,29.9,6.9,1920,1080,0.01,1112.7,220.6
Round1,Q1,1061,530.5,ACCESS_COVERS,0.3286,1128.9,222.0,34.6,8.1,1920,1080,0.014,1146.2,226.1
Round1,Q1,1063,531.5,ACCESS_COVERS,0.48,1117.2,233.6,31.5,6.2,1920,1080,0.01,1133.0,236.8
Round1,Q1,1065,532.5,CYBERCX,0.4653,1078.8,241.8,30.8,7.8,1920,1080,0.012,1094.2,245.7
Round1,Q1,1065,532.5,ACCESS_COVERS,0.3314,1113.9,243.0,32.0,6.8,1920,1080,0.01,1129.9,246.4
Round1,Q1,1069,534.5,EMIRATES,0.8782,133.9,1038.2,75.7,22.9,1920,1080,0.084,171.7,1049.7
Round1,Q1,1069,534.5,EMIRATES,0.8156,101.0,410.7,78.0,18.3,1920,1080,0.069,140.0,419.9
Round1,Q1,1070,535.0,EMIRATES,0.8714,574.0,368.4,82.9,22.1,1920,1080,0.089,615.5,379.5
Round1,Q1,1070,535.0,EMIRATES,0.8588,989.8,1002.2,116.2,24.4,1920,1080,0.137,1047.9,1014.4
Round1,Q1,1072,536.0,EMIRATES,0.5247,0.0,707.1,15.4,13.7,1920,1080,0.01,7.7,714.0
Round1,Q1,1075,537.5,EMIRATES,0.8643,100.4,726.6,54.3,16.0,1920,1080,0.042,127.6,734.7
Round1,Q1,1076,538.0,EMIRATES,0.8849,309.1,480.0,57.8,16.3,1920,1080,0.045,338.0,488.2
Round1,Q1,1076,538.0,EMIRATES,0.8658,925.6,349.2,48.6,14.3,1920,1080,0.034,949.9,356.4
Round1,Q1,1076,538.0,EMIRATES,0.7977,1892.4,344.1,27.4,17.6,1920,1080,0.023,1906.1,352.9
Round1,Q1,1077,538.5,EMIRATES,0.8934,584.3,473.5,49.3,15.9,1920,1080,0.038,608.9,481.4
Round1,Q1,1077,538.5,EMIRATES,0.8812,1000.7,371.0,43.7,13.1,1920,1080,0.028,1022.5,377.5
Round1,Q1,1078,539.0,EMIRATES,0.8956,756.8,504.4,56.6,17.4,1920,1080,0.048,785.1,513.1
Round1,Q1,1078,539.0,EMIRATES,0.789,1060.5,401.3,52.7,14.7,1920,1080,0.037,1086.8,408.6
Round1,Q1,1079,539.5,EMIRATES,0.8926,518.2,540.1,76.9,20.8,1920,1080,0.077,556.6,550.5
Round1,Q1,1080,540.0,EMIRATES,0.8774,1368.6,293.2,78.0,21.5,1920,1080,0.081,1407.6,304.0
Round1,Q1,1080,540.0,EMIRATES,0.4665,279.1,379.8,61.7,53.7,1920,1080,0.16,310.0,406.7
Round1,Q1,1081,540.5,EMIRATES,0.8441,1094.2,327.4,92.4,23.5,1920,1080,0.105,1140.4,339.1
Round1,Q1,1106,553.0,EMIRATES,0.4102,1910.8,559.5,9.2,44.5,1920,1080,0.02,1915.4,581.8
Round1,Q1,1107,553.5,EMIRATES,0.8997,1605.1,600.3,81.9,54.5,1920,1080,0.215,1646.1,627.6
Round1,Q1,1108,554.0,EMIRATES,0.8644,1397.1,617.5,105.6,83.0,1920,1080,0.423,1449.9,659.0
Round1,Q1,1109,554.5,EMIRATES,0.902,1210.6,604.9,116.5,58.7,1920,1080,0.33,1268.8,634.2
Round1,Q1,1110,555.0,EMIRATES,0.8943,1246.8,614.1,154.3,56.2,1920,1080,0.418,1323.9,642.2
Round1,Q1,1112,556.0,ACCESS_COVERS,0.3498,1559.5,220.3,80.5,21.1,1920,1080,0.082,1599.7,230.9
Round1,Q1,1113,556.5,ACCESS_COVERS,0.5024,1631.0,174.9,95.4,24.8,1920,1080,0.114,1678.7,187.3
Round1,Q1,1114,557.0,ACCESS_COVERS,0.702,1706.9,124.6,106.6,25.2,1920,1080,0.129,1760.2,137.2
Round1,Q1,1115,557.5,ACCESS_COVERS,0.5838,1811.6,76.1,108.3,29.6,1920,1080,0.155,1865.8,90.9
Round1,Q1,1123,561.5,ACCESS_COVERS,0.6171,1792.1,55.7,109.1,25.2,1920,1080,0.133,1846.7,68.3
Round1,Q1,1124,562.0,ACCESS_COVERS,0.6913,1525.8,72.2,109.4,25.6,1920,1080,0.135,1580.5,85.0
Round1,Q1,1131,565.5,EMIRATES,0.6971,993.5,75.4,48.8,27.9,1920,1080,0.066,1017.8,89.3
Round1,Q1,1132,566.0,EMIRATES,0.8521,984.8,14.5,54.1,20.2,1920,1080,0.053,1011.8,24.6
Round1,Q1,1139,569.5,EMIRATES,0.329,1107.8,298.0,14.1,69.0,1920,1080,0.047,1114.9,332.5
Round1,Q1,1139,569.5,EMIRATES,0.3274,1217.8,315.9,14.2,55.9,1920,1080,0.038,1224.9,343.8
Round1,Q1,1140,570.0,EMIRATES,0.5742,926.3,304.1,14.1,75.3,1920,1080,0.051,933.4,341.8
Round1,Q1,1140,570.0,EMIRATES,0.4852,1319.3,360.0,13.0,55.0,1920,1080,0.035,1325.8,387.5
Round1,Q1,1140,570.0,EMIRATES,0.4006,1176.1,338.8,14.4,75.4,1920,1080,0.052,1183.3,376.5
Round1,Q1,1141,570.5,EMIRATES,0.6171,1157.1,366.7,14.4,53.2,1920,1080,0.037,1164.3,393.3
Round1,Q1,1141,570.5,EMIRATES,0.4958,734.8,307.4,15.1,86.6,1920,1080,0.063,742.4,350.7
Round1,Q1,1141,570.5,EMIRATES,0.4336,1005.2,345.8,15.2,87.5,1920,1080,0.064,1012.8,389.5
Round1,Q1,1142,571.0,EMIRATES,0.6512,977.5,371.5,15.3,58.0,1920,1080,0.043,985.1,400.5
Round1,Q1,1142,571.0,EMIRATES,0.6081,808.6,350.4,17.0,57.1,1920,1080,0.047,817.2,378.9
Round1,Q1,1142,571.0,EMIRATES,0.3681,652.3,329.6,17.4,66.8,1920,1080,0.056,660.9,363.0
Round1,Q1,1142,571.0,EMIRATES,0.3033,978.3,431.2,13.2,45.4,1920,1080,0.029,984.9,453.9
Round1,Q1,1143,571.5,EMIRATES,0.5861,474.8,333.0,15.7,57.1,1920,1080,0.043,482.7,361.6
Round1,Q1,1143,571.5,EMIRATES,0.5148,310.4,308.6,16.9,99.4,1920,1080,0.081,318.9,358.3
Round1,Q1,1143,571.5,EMIRATES,0.4478,648.0,395.8,16.1,71.6,1920,1080,0.056,656.1,431.6
Round1,Q1,1143,571.5,EMIRATES,0.405,647.5,352.9,16.5,72.5,1920,1080,0.058,655.7,389.2
Round1,Q1,1143,571.5,EMIRATES,0.323,832.8,438.8,14.8,53.3,1920,1080,0.038,840.2,465.4
Round1,Q1,1143,571.5,EMIRATES,0.3229,832.4,379.5,15.6,62.4,1920,1080,0.047,840.3,410.7
Round1,Q1,1144,572.0,EMIRATES,0.6637,158.5,301.6,16.4,113.3,1920,1080,0.09,166.7,358.3
Round1,Q1,1144,572.0,EMIRATES,0.6552,528.5,350.5,14.2,63.4,1920,1080,0.043,535.5,382.1
Round1,Q1,1144,572.0,EMIRATES,0.5762,338.0,326.4,15.6,61.1,1920,1080,0.046,345.9,357.0
Round1,Q1,1144,572.0,EMIRATES,0.4795,728.4,375.0,13.8,63.9,1920,1080,0.042,735.2,407.0
Round1,Q1,1144,572.0,EMIRATES,0.4203,729.2,440.0,14.0,57.8,1920,1080,0.039,736.2,468.9
Round1,Q1,1144,572.0,EMIRATES,0.406,529.2,412.2,15.3,59.1,1920,1080,0.044,536.9,441.8
Round1,Q1,1144,572.0,EMIRATES,0.3063,340.7,391.9,14.7,51.8,1920,1080,0.037,348.1,417.8
Round1,Q1,1145,572.5,EMIRATES,0.7628,486.6,403.9,14.8,60.9,1920,1080,0.044,494.0,434.3
Round1,Q1,1145,572.5,EMIRATES,0.7391,700.5,432.0,14.0,62.4,1920,1080,0.042,707.5,463.2
Round1,Q1,1145,572.5,EMIRATES,0.7267,699.6,362.0,14.0,64.1,1920,1080,0.043,706.6,394.1
Round1,Q1,1145,572.5,EMIRATES,0.7015,484.7,337.4,14.6,62.8,1920,1080,0.044,492.0,368.8
Round1,Q1,1145,572.5,EMIRATES,0.6976,281.4,311.4,14.3,57.7,1920,1080,0.04,288.5,340.3
Round1,Q1,1145,572.5,EMIRATES,0.6504,91.5,343.1,14.3,62.8,1920,1080,0.043,98.7,374.5
Round1,Q1,1145,572.5,EMIRATES,0.5879,87.5,283.6,14.5,55.1,1920,1080,0.038,94.7,311.2
Round1,Q1,1145,572.5,EMIRATES,0.5763,285.3,374.4,14.0,61.9,1920,1080,0.042,292.3,405.4
Round1,Q1,1148,574.0,EMIRATES,0.3091,1882.8,35.4,37.0,44.8,1920,1080,0.08,1901.3,57.8
Round1,Q1,1150,575.0,EMIRATES,0.6547,1888.5,138.8,31.4,56.9,1920,1080,0.086,1904.2,167.3
Round1,Q1,1159,579.5,EMIRATES,0.763,840.4,338.4,33.2,17.0,1920,1080,0.027,857.0,346.9
Round1,Q1,1160,580.0,EMIRATES,0.4976,855.1,317.3,22.2,20.1,1920,1080,0.022,866.2,327.4
Round1,Q1,1162,581.0,EMIRATES,0.8692,907.6,301.5,24.2,24.5,1920,1080,0.029,919.8,313.7
Round1,Q1,1163,581.5,EMIRATES,0.8896,932.7,285.6,44.2,22.0,1920,1080,0.047,954.8,296.6
Round1,Q1,1164,582.0,EMIRATES,0.8707,993.4,259.6,32.6,22.3,1920,1080,0.035,1009.8,270.8
Round1,Q1,1165,582.5,EMIRATES,0.8918,1046.8,306.1,62.0,25.6,1920,1080,0.077,1077.9,319.0
Round1,Q1,1166,583.0,CYBERCX,0.623,1729.4,68.3,45.7,10.2,1920,1080,0.022,1752.3,73.4
Round1,Q1,1166,583.0,ACCESS_COVERS,0.4208,1783.0,67.8,51.3,9.8,1920,1080,0.024,1808.6,72.7
Round1,Q1,1167,583.5,ACCESS_COVERS,0.594,1788.5,62.4,52.5,9.6,1920,1080,0.024,1814.8,67.2
Round1,Q1,1167,583.5,CYBERCX,0.5076,1732.8,63.8,49.6,10.5,1920,1080,0.025,1757.6,69.1
Round1,Q1,1168,584.0,ACCESS_COVERS,0.6236,1787.8,56.0,52.2,10.2,1920,1080,0.026,1813.9,61.1
Round1,Q1,1168,584.0,CYBERCX,0.5182,1732.7,57.2,48.6,10.5,1920,1080,0.025,1757.1,62.4
Round1,Q1,1169,584.5,ACCESS_COVERS,0.7441,1785.6,49.4,51.9,10.1,1920,1080,0.025,1811.5,54.4
Round1,Q1,1169,584.5,CYBERCX,0.6665,1729.5,51.0,49.1,9.9,1920,1080,0.024,1754.0,56.0
Round1,Q1,1170,585.0,ACCESS_COVERS,0.7121,1792.2,43.0,52.9,11.0,1920,1080,0.028,1818.6,48.5
Round1,Q1,1170,585.0,CYBERCX,0.6148,1737.4,43.9,46.8,10.7,1920,1080,0.024,1760.8,49.2
Round1,Q1,1171,585.5,ACCESS_COVERS,0.6491,1800.2,38.1,53.7,10.2,1920,1080,0.026,1827.0,43.2
Round1,Q1,1173,586.5,CYBERCX,0.521,1755.2,31.2,51.5,10.9,1920,1080,0.027,1781.0,36.7
Round1,Q1,1174,587.0,ACCESS_COVERS,0.7141,1821.5,24.1,55.1,10.6,1920,1080,0.028,1849.0,29.4
Round1,Q1,1174,587.0,CYBERCX,0.6865,1763.3,25.2,51.4,11.6,1920,1080,0.029,1789.0,31.0
Round1,Q1,1175,587.5,CYBERCX,0.6813,1768.9,21.5,51.5,11.1,1920,1080,0.028,1794.6,27.0
Round1,Q1,1175,587.5,ACCESS_COVERS,0.6631,1826.5,19.0,56.9,11.6,1920,1080,0.032,1854.9,24.8
Round1,Q1,1176,588.0,ACCESS_COVERS,0.7084,1829.1,13.2,56.0,10.8,1920,1080,0.029,1857.2,18.6
Round1,Q1,1176,588.0,CYBERCX,0.6431,1770.1,15.1,51.0,11.4,1920,1080,0.028,1795.6,20.8
Round1,Q1,1177,588.5,ACCESS_COVERS,0.7469,1812.9,10.2,56.8,10.8,1920,1080,0.03,1841.3,15.6
Round1,Q1,1177,588.5,CYBERCX,0.7152,1752.7,12.1,53.4,11.3,1920,1080,0.029,1779.3,17.8
Round1,Q1,1178,589.0,CYBERCX,0.7132,1715.6,10.9,52.4,11.2,1920,1080,0.028,1741.8,16.5
Round1,Q1,1178,589.0,ACCESS_COVERS,0.673,1774.0,8.5,57.3,11.4,1920,1080,0.031,1802.7,14.2
Round1,Q1,1179,589.5,ACCESS_COVERS,0.784,1726.2,9.4,55.8,10.8,1920,1080,0.029,1754.1,14.8
Round1,Q1,1179,589.5,CYBERCX,0.6959,1666.7,11.1,53.0,11.1,1920,1080,0.028,1693.2,16.7
Round1,Q1,1180,590.0,ACCESS_COVERS,0.7579,1678.2,4.6,57.4,11.7,1920,1080,0.033,1706.9,10.5
Round1,Q1,1180,590.0,CYBERCX,0.6282,1620.8,6.4,50.5,11.6,1920,1080,0.028,1646.0,12.2
Round1,Q1,1181,590.5,CYBERCX,0.6323,1595.3,0.9,51.5,9.8,1920,1080,0.024,1621.1,5.8
Round1,Q1,1181,590.5,ACCESS_COVERS,0.5307,1653.6,0.5,56.1,8.5,1920,1080,0.023,1681.7,4.8
Round1,Q1,1182,591.0,ACCESS_COVERS,0.7673,1668.3,3.3,60.2,12.4,1920,1080,0.036,1698.4,9.5
Round1,Q1,1182,591.0,CYBERCX,0.6737,1607.6,5.8,53.4,11.3,1920,1080,0.029,1634.3,11.4
Round1,Q1,1183,591.5,ACCESS_COVERS,0.7576,1699.5,5.5,61.7,12.8,1920,1080,0.038,1730.3,11.9
Round1,Q1,1183,591.5,CYBERCX,0.7178,1637.0,6.9,53.6,12.0,1920,1080,0.031,1663.7,12.9
Round1,Q1,1185,592.5,EMIRATES,0.8254,1589.9,873.6,90.5,39.6,1920,1080,0.173,1635.2,893.4
Round1,Q1,1185,592.5,EMIRATES,0.8155,519.2,508.7,61.6,27.5,1920,1080,0.082,550.0,522.5
Round1,Q1,1185,592.5,EMIRATES,0.6854,936.0,323.5,40.2,58.6,1920,1080,0.114,956.2,352.7
Round1,Q1,1186,593.0,EMIRATES,0.7783,906.4,478.2,46.2,43.1,1920,1080,0.096,929.5,499.7
Round1,Q1,1186,593.0,EMIRATES,0.748,111.1,812.7,36.5,48.1,1920,1080,0.085,129.3,836.7
Round1,Q1,1187,593.5,EMIRATES,0.8906,1074.4,331.8,54.0,22.8,1920,1080,0.059,1101.4,343.3
Round1,Q1,1187,593.5,EMIRATES,0.8362,71.3,814.3,88.3,40.1,1920,1080,0.171,115.5,834.4
Round1,Q1,1188,594.0,EMIRATES,0.8857,1108.5,227.1,59.5,22.9,1920,1080,0.066,1138.2,238.6
Round1,Q1,1189,594.5,EMIRATES,0.8823,1808.5,112.5,53.8,27.0,1920,1080,0.07,1835.3,126.0
Round1,Q1,1189,594.5,EMIRATES,0.8681,1070.8,300.5,59.7,33.8,1920,1080,0.097,1100.7,317.4
Round1,Q1,1189,594.5,EMIRATES,0.6808,1550.4,891.8,107.1,25.9,1920,1080,0.134,1603.9,904.7
Round1,Q1,1210,605.0,EMIRATES,0.8557,1598.1,621.6,59.5,17.7,1920,1080,0.051,1627.8,630.5
Round1,Q1,1212,606.0,EMIRATES,0.8645,887.5,410.5,37.9,35.4,1920,1080,0.065,906.5,428.1
Round1,Q1,1213,606.5,EMIRATES,0.8795,988.6,332.6,63.7,27.4,1920,1080,0.084,1020.5,346.4
Round1,Q1,1220,610.0,EMIRATES,0.8962,930.2,478.7,124.2,43.1,1920,1080,0.258,992.3,500.3
Round1,Q1,1221,610.5,EMIRATES,0.9025,957.4,458.3,139.5,42.6,1920,1080,0.287,1027.1,479.6
Round1,Q1,1222,611.0,EMIRATES,0.9092,1128.4,431.2,125.7,42.4,1920,1080,0.257,1191.3,452.4
Round1,Q1,1223,611.5,EMIRATES,0.9056,1101.9,454.9,125.5,40.1,1920,1080,0.243,1164.6,475.0
Round1,Q1,1224,612.0,EMIRATES,0.8979,1033.1,550.8,119.6,47.7,1920,1080,0.275,1092.9,574.7
Round1,Q1,1225,612.5,EMIRATES,0.8781,1023.2,512.9,135.6,62.6,1920,1080,0.41,1091.0,544.2
Round1,Q1,1240,620.0,EMIRATES,0.6784,0.0,940.1,44.1,56.8,1920,1080,0.121,22.0,968.5
Round1,Q1,1243,621.5,ACCESS_COVERS,0.7487,618.6,11.3,68.2,13.2,1920,1080,0.043,652.7,17.9
Round1,Q1,1244,622.0,ACCESS_COVERS,0.8141,523.6,24.2,68.8,14.6,1920,1080,0.048,558.0,31.5
Round1,Q1,1244,622.0,JAMESON,0.7942,1578.9,2.0,62.8,14.1,1920,1080,0.043,1610.3,9.1
Round1,Q1,1244,622.0,JAMESON,0.7047,1509.6,5.7,59.9,14.9,1920,1080,0.043,1539.5,13.2
Round1,Q1,1244,622.0,JAMESON,0.6694,1653.4,0.7,58.4,11.5,1920,1080,0.032,1682.5,6.5
Round1,Q1,1245,622.5,JAMESON,0.8377,1528.3,22.3,61.7,14.9,1920,1080,0.044,1559.1,29.7
Round1,Q1,1245,622.5,JAMESON,0.7831,1389.3,30.6,58.9,14.6,1920,1080,0.041,1418.8,37.9
Round1,Q1,1245,622.5,JAMESON,0.7691,1456.6,26.9,62.1,14.3,1920,1080,0.043,1487.6,34.0
Round1,Q1,1245,622.5,ACCESS_COVERS,0.7318,408.4,43.2,70.1,14.8,1920,1080,0.05,443.5,50.6
Round1,Q1,1246,623.0,JAMESON,0.8012,1387.7,58.1,59.6,14.4,1920,1080,0.041,1417.5,65.2
Round1,Q1,1246,623.0,JAMESON,0.7774,1316.5,61.3,60.5,13.9,1920,1080,0.041,1346.7,68.3
Round1,Q1,1246,623.0,JAMESON,0.7271,1248.7,63.7,57.8,14.0,1920,1080,0.039,1277.6,70.7
Round1,Q1,1247,623.5,JAMESON,0.8118,1263.2,69.7,61.1,14.1,1920,1080,0.042,1293.8,76.7
Round1,Q1,1247,623.5,JAMESON,0.8056,1188.6,71.8,62.5,14.6,1920,1080,0.044,1219.8,79.1
Round1,Q1,1247,623.5,JAMESON,0.6943,1119.9,74.4,59.3,14.4,1920,1080,0.041,1149.6,81.6
Round1,Q1,1248,624.0,JAMESON,0.7872,1165.5,53.3,69.4,15.2,1920,1080,0.051,1200.2,60.9
Round1,Q1,1248,624.0,JAMESON,0.7823,1013.4,57.9,67.1,15.7,1920,1080,0.051,1046.9,65.7
Round1,Q1,1248,624.0,JAMESON,0.7648,1089.4,55.9,66.3,15.2,1920,1080,0.049,1122.6,63.5
Round1,Q1,1249,624.5,JAMESON,0.8114,1170.8,3.9,76.9,15.7,1920,1080,0.058,1209.3,11.8
Round1,Q1,1249,624.5,JAMESON,0.807,1001.4,8.3,75.8,17.6,1920,1080,0.064,1039.2,17.1
Round1,Q1,1249,624.5,JAMESON,0.7955,1085.5,5.4,75.4,17.6,1920,1080,0.064,1123.2,14.2
Round1,Q1,1255,627.5,EMIRATES,0.8544,875.8,417.5,58.0,23.6,1920,1080,0.066,904.8,429.3
Round1,Q1,1255,627.5,EMIRATES,0.8378,206.4,935.2,75.2,22.3,1920,1080,0.081,244.0,946.4
Round1,Q1,1256,628.0,EMIRATES,0.8571,799.5,747.5,62.5,25.6,1920,1080,0.077,830.7,760.3
Round1,Q1,1256,628.0,EMIRATES,0.3983,1198.6,326.3,18.9,18.1,1920,1080,0.017,1208.0,335.3
Round1,Q1,1257,628.5,EMIRATES,0.8807,946.6,608.6,59.4,22.7,1920,1080,0.065,976.3,620.0
Round1,Q1,1257,628.5,EMIRATES,0.8095,1818.3,283.2,28.2,22.3,1920,1080,0.03,1832.4,294.4
Round1,Q1,1258,629.0,EMIRATES,0.8938,1767.6,294.6,36.3,20.3,1920,1080,0.035,1785.8,304.7
Round1,Q1,1258,629.0,EMIRATES,0.8846,1107.9,489.7,59.6,17.7,1920,1080,0.051,1137.7,498.6
Round1,Q1,1258,629.0,EMIRATES,0.8791,1555.6,6.2,52.0,14.9,1920,1080,0.037,1581.6,13.6
Round1,Q1,1258,629.0,EMIRATES,0.35,979.4,408.3,19.1,12.7,1920,1080,0.012,988.9,414.7
Round1,Q1,1260,630.0,EMIRATES,0.8858,1841.8,244.4,31.0,14.5,1920,1080,0.022,1857.3,251.6
Round1,Q1,1260,630.0,EMIRATES,0.8849,759.6,285.0,38.3,19.0,1920,1080,0.035,778.7,294.5
Round1,Q1,1260,630.0,EMIRATES,0.3252,1166.8,419.1,41.6,22.4,1920,1080,0.045,1187.6,430.3
Round1,Q1,1261,630.5,EMIRATES,0.868,808.3,334.7,47.5,31.6,1920,1080,0.072,832.0,350.5
Round1,Q1,1261,630.5,EMIRATES,0.8624,1820.3,202.2,37.0,31.7,1920,1080,0.057,1838.8,218.1
Round1,Q1,1262,631.0,EMIRATES,0.8842,1832.8,189.3,46.0,29.7,1920,1080,0.066,1855.8,204.2
Round1,Q1,1262,631.0,EMIRATES,0.8816,852.2,382.9,48.1,30.3,1920,1080,0.07,876.2,398.0
Round1,Q1,1270,635.0,EMIRATES,0.6666,1280.7,516.0,43.8,68.1,1920,1080,0.144,1302.6,550.1
Round1,Q1,1272,636.0,EMIRATES,0.804,633.7,285.0,51.0,60.7,1920,1080,0.149,659.2,315.3
Round1,Q1,1272,636.0,EMIRATES,0.6538,914.9,263.9,67.2,31.0,1920,1080,0.101,948.5,279.4
Round1,Q1,1273,636.5,EMIRATES,0.8847,757.6,560.3,104.8,32.7,1920,1080,0.165,810.1,576.6
Round1,Q1,1273,636.5,EMIRATES,0.8404,1073.2,252.1,68.4,47.3,1920,1080,0.156,1107.5,275.7
Round1,Q1,1274,637.0,EMIRATES,0.8913,1124.8,375.9,104.4,30.8,1920,1080,0.155,1177.0,391.3
Round1,Q1,1274,637.0,EMIRATES,0.871,1362.0,255.4,113.6,35.3,1920,1080,0.193,1418.8,273.0
Round1,Q1,1274,637.0,EMIRATES,0.8684,866.5,675.3,110.6,43.4,1920,1080,0.231,921.8,697.0
Round1,Q1,1275,637.5,EMIRATES,0.8777,1416.9,222.0,121.4,36.1,1920,1080,0.211,1477.6,240.1
Round1,Q1,1275,637.5,EMIRATES,0.8708,626.3,821.7,108.7,53.1,1920,1080,0.278,680.7,848.3
Round1,Q1,1276,638.0,EMIRATES,0.8957,1735.7,236.2,91.9,35.0,1920,1080,0.155,1781.7,253.7
Round1,Q1,1276,638.0,EMIRATES,0.8934,1209.3,438.4,73.7,38.6,1920,1080,0.137,1246.1,457.7
Round1,Q1,1276,638.0,EMIRATES,0.882,1475.8,210.9,125.6,35.9,1920,1080,0.217,1538.6,228.9
Round1,Q1,1277,638.5,EMIRATES,0.8967,1300.1,432.6,100.2,41.2,1920,1080,0.199,1350.2,453.2
Round1,Q1,1277,638.5,EMIRATES,0.8621,1352.1,140.5,94.0,36.8,1920,1080,0.167,1399.1,158.9
Round1,Q1,1277,638.5,EMIRATES,0.7416,1900.2,278.7,19.7,40.1,1920,1080,0.038,1910.1,298.7
Round1,Q1,1284,642.0,EMIRATES,0.721,121.8,372.0,27.9,17.7,1920,1080,0.024,135.8,380.8
Round1,Q1,1285,642.5,EMIRATES,0.7458,1264.8,157.6,43.3,16.1,1920,1080,0.034,1286.5,165.6
Round1,Q1,1286,643.0,EMIRATES,0.8787,992.2,213.2,53.6,22.0,1920,1080,0.057,1019.1,224.2
Round1,Q1,1287,643.5,EMIRATES,0.8799,1728.7,261.1,49.9,22.2,1920,1080,0.053,1753.6,272.1
Round1,Q1,1287,643.5,EMIRATES,0.8784,1175.1,260.1,49.7,18.9,1920,1080,0.045,1199.9,269.5
Round1,Q1,1288,644.0,EMIRATES,0.8759,1174.5,273.3,43.1,36.2,1920,1080,0.075,1196.0,291.4
Round1,Q1,1290,645.0,EMIRATES,0.4492,776.6,249.8,38.2,44.5,1920,1080,0.082,795.7,272.1
Round1,Q1,1303,651.5,EMIRATES,0.7757,881.5,619.9,38.3,35.4,1920,1080,0.065,900.7,637.6
Round1,Q1,1304,652.0,EMIRATES,0.8469,1451.0,678.0,70.4,18.3,1920,1080,0.062,1486.2,687.1
Round1,Q1,1306,653.0,EMIRATES,0.8356,1447.0,645.9,42.1,17.6,1920,1080,0.036,1468.0,654.8
Round1,Q1,1306,653.0,EMIRATES,0.7982,1811.1,705.9,39.9,13.4,1920,1080,0.026,1831.0,712.6
Round1,Q1,1307,653.5,EMIRATES,0.8694,901.5,705.6,60.9,21.2,1920,1080,0.062,931.9,716.2
Round1,Q1,1307,653.5,EMIRATES,0.8173,1675.0,710.1,52.0,22.1,1920,1080,0.055,1701.0,721.1
Round1,Q1,1308,654.0,JAMESON,0.7,919.4,200.0,37.2,10.1,1920,1080,0.018,938.0,205.0
Round1,Q1,1308,654.0,JAMESON,0.6876,874.2,199.6,38.8,10.4,1920,1080,0.02,893.6,204.8
Round1,Q1,1308,654.0,JAMESON,0.6328,831.6,199.8,38.7,10.2,1920,1080,0.019,850.9,204.9
Round1,Q1,1308,654.0,ACCESS_COVERS,0.3988,188.0,198.0,46.1,9.2,1920,1080,0.02,211.0,202.6
Round1,Q1,1309,654.5,JAMESON,0.716,982.6,220.2,37.7,9.4,1920,1080,0.017,1001.5,224.9
Round1,Q1,1309,654.5,JAMESON,0.6824,942.2,220.4,34.8,8.9,1920,1080,0.015,959.6,224.8
Round1,Q1,1309,654.5,JAMESON,0.6434,1026.0,220.6,36.7,9.2,1920,1080,0.016,1044.4,225.2
Round1,Q1,1310,655.0,JAMESON,0.6642,1150.6,243.1,37.2,8.6,1920,1080,0.016,1169.2,247.4
Round1,Q1,1310,655.0,JAMESON,0.663,1112.2,244.2,33.5,8.3,1920,1080,0.013,1129.0,248.4
Round1,Q1,1310,655.0,JAMESON,0.4089,1193.0,242.7,37.0,9.0,1920,1080,0.016,1211.5,247.2
Round1,Q1,1311,655.5,JAMESON,0.6756,1260.2,260.4,32.3,8.3,1920,1080,0.013,1276.4,264.6
Round1,Q1,1311,655.5,JAMESON,0.6608,1298.8,260.1,36.5,9.0,1920,1080,0.016,1317.1,264.6
Round1,Q1,1312,656.0,JAMESON,0.7782,1438.6,266.9,39.8,8.9,1920,1080,0.017,1458.4,271.3
Round1,Q1,1312,656.0,JAMESON,0.7562,1398.0,267.7,35.4,8.9,1920,1080,0.015,1415.7,272.2
Round1,Q1,1312,656.0,JAMESON,0.7063,1482.3,266.4,38.0,9.5,1920,1080,0.017,1501.3,271.2
Round1,Q1,1313,656.5,JAMESON,0.7252,1487.3,272.0,35.7,10.0,1920,1080,0.017,1505.1,277.0
Round1,Q1,1313,656.5,JAMESON,0.6609,1574.3,270.0,36.2,9.6,1920,1080,0.017,1592.4,274.8
Round1,Q1,1313,656.5,JAMESON,0.657,1529.2,271.7,40.2,10.3,1920,1080,0.02,1549.3,276.9
Round1,Q1,1314,657.0,JAMESON,0.801,1561.3,277.3,37.6,8.4,1920,1080,0.015,1580.2,281.5
Round1,Q1,1314,657.0,JAMESON,0.7781,1604.8,276.5,39.5,8.3,1920,1080,0.016,1624.5,280.6
Round1,Q1,1314,657.0,JAMESON,0.7768,1650.9,273.4,37.1,8.8,1920,1080,0.016,1669.4,277.8
Round1,Q1,1314,657.0,ACCESS_COVERS,0.5672,0.0,464.7,66.8,14.4,1920,1080,0.046,33.4,471.9
Round1,Q1,1315,657.5,JAMESON,0.8007,1615.2,285.4,37.2,9.0,1920,1080,0.016,1633.8,289.8
Round1,Q1,1315,657.5,JAMESON,0.7283,1658.4,284.4,40.1,9.7,1920,1080,0.019,1678.4,289.2
Round1,Q1,1315,657.5,JAMESON,0.657,1704.6,283.8,37.7,9.5,1920,1080,0.017,1723.5,288.5
Round1,Q1,1315,657.5,ACCESS_COVERS,0.5403,1027.3,292.2,35.4,7.1,1920,1080,0.012,1045.0,295.7
Round1,Q1,1315,657.5,ACCESS_COVERS,0.4903,39.0,472.9,94.6,13.3,1920,1080,0.061,86.3,479.6
Round1,Q1,1316,658.0,JAMESON,0.7518,1695.7,298.2,38.4,8.7,1920,1080,0.016,1714.9,302.6
Round1,Q1,1316,658.0,JAMESON,0.7144,1654.5,300.7,34.3,7.7,1920,1080,0.013,1671.7,304.5
Round1,Q1,1316,658.0,JAMESON,0.6852,1740.6,297.4,36.8,8.9,1920,1080,0.016,1759.0,301.8
Round1,Q1,1316,658.0,ACCESS_COVERS,0.5895,114.6,482.5,94.5,13.8,1920,1080,0.063,161.9,489.4
Round1,Q1,1317,658.5,JAMESON,0.757,1762.0,297.9,35.7,9.2,1920,1080,0.016,1779.8,302.5
Round1,Q1,1317,658.5,JAMESON,0.7275,1805.5,295.6,43.0,10.4,1920,1080,0.022,1827.0,300.8
Round1,Q1,1317,658.5,JAMESON,0.587,1855.6,294.0,39.5,10.3,1920,1080,0.02,1875.4,299.2
Round1,Q1,1317,658.5,ACCESS_COVERS,0.4157,178.1,486.4,97.2,13.4,1920,1080,0.063,226.7,493.1
Round1,Q1,1318,659.0,ACCESS_COVERS,0.4018,1278.2,291.2,40.5,7.5,1920,1080,0.015,1298.4,294.9
Round1,Q1,1319,659.5,ACCESS_COVERS,0.3349,282.3,481.6,109.5,13.8,1920,1080,0.073,337.0,488.5
Round1,Q1,1320,660.0,ACCESS_COVERS,0.5517,1570.7,241.8,53.5,9.5,1920,1080,0.024,1597.4,246.6
Round1,Q1,1320,660.0,ACCESS_COVERS,0.3103,325.5,473.3,105.3,15.4,1920,1080,0.078,378.1,480.9
Round1,Q1,1321,660.5,ACCESS_COVERS,0.5569,1716.2,209.4,59.3,9.8,1920,1080,0.028,1745.9,214.3
Round1,Q1,1330,665.0,EMIRATES,0.7992,494.4,626.7,93.8,24.6,1920,1080,0.111,541.3,639.0
Round1,Q1,1331,665.5,EMIRATES,0.8415,1252.6,538.4,62.9,21.6,1920,1080,0.065,1284.1,549.1
Round1,Q1,1331,665.5,EMIRATES,0.7774,1389.1,518.4,49.3,25.0,1920,1080,0.06,1413.8,530.9
Round1,Q1,1332,666.0,EMIRATES,0.8516,1672.6,507.5,69.4,24.6,1920,1080,0.082,1707.3,519.8
Round1,Q1,1333,666.5,EMIRATES,0.8429,1570.3,334.9,61.8,19.2,1920,1080,0.057,1601.2,344.6
Round1,Q1,1334,667.0,EMIRATES,0.8808,1413.1,303.2,54.3,15.4,1920,1080,0.04,1440.3,310.9
Round1,Q1,1335,667.5,EMIRATES,0.9003,1233.4,342.7,54.8,16.0,1920,1080,0.042,1260.8,350.7
Round1,Q1,1335,667.5,EMIRATES,0.7552,1876.6,452.4,43.4,16.8,1920,1080,0.035,1898.3,460.8
Round1,Q1,1336,668.0,EMIRATES,0.8779,252.3,354.1,38.6,33.5,1920,1080,0.062,271.6,370.8
Round1,Q1,1336,668.0,EMIRATES,0.354,995.7,392.8,64.0,25.4,1920,1080,0.078,1027.7,405.5
Round1,Q1,1338,669.0,ACCESS_COVERS,0.6765,1386.4,254.9,203.6,49.3,1920,1080,0.484,1488.2,279.5
Round1,Q1,1339,669.5,ACCESS_COVERS,0.662,974.2,268.6,196.5,44.7,1920,1080,0.423,1072.4,290.9
Round1,Q1,1340,670.0,ACCESS_COVERS,0.7519,677.7,279.7,182.1,43.6,1920,1080,0.383,768.7,301.5
Round1,Q1,1341,670.5,ACCESS_COVERS,0.7564,437.1,276.9,183.4,44.7,1920,1080,0.395,528.8,299.2
Round1,Q1,1342,671.0,ACCESS_COVERS,0.8099,278.0,272.4,184.4,45.0,1920,1080,0.401,370.2,294.9
Round1,Q1,1343,671.5,EMIRATES,0.8771,1644.4,375.3,64.5,20.8,1920,1080,0.065,1676.6,385.7
Round1,Q1,1343,671.5,EMIRATES,0.8483,1183.3,409.3,54.8,14.4,1920,1080,0.038,1210.7,416.5
Round1,Q1,1344,672.0,EMIRATES,0.8941,1269.7,342.1,55.0,14.4,1920,1080,0.038,1297.2,349.2
Round1,Q1,1344,672.0,EMIRATES,0.8665,714.1,697.0,65.8,21.1,1920,1080,0.067,747.0,707.5
Round1,Q1,1344,672.0,EMIRATES,0.8658,19.5,353.9,66.0,25.1,1920,1080,0.08,52.5,366.5
Round1,Q1,1345,672.5,EMIRATES,0.8745,1694.7,868.1,49.1,22.5,1920,1080,0.053,1719.2,879.4
Round1,Q1,1345,672.5,EMIRATES,0.8235,1810.9,98.4,47.3,18.2,1920,1080,0.041,1834.5,107.5
Round1,Q1,1349,674.5,EMIRATES,0.8253,158.2,476.3,68.1,18.2,1920,1080,0.06,192.3,485.4
Round1,Q1,1349,674.5,EMIRATES,0.3445,1024.5,495.3,24.7,14.8,1920,1080,0.018,1036.9,502.7
Round1,Q1,1350,675.0,EMIRATES,0.8526,968.5,388.5,64.1,20.5,1920,1080,0.063,1000.5,398.7
Round1,Q1,1351,675.5,EMIRATES,0.8283,1145.6,378.1,61.7,18.2,1920,1080,0.054,1176.5,387.1
Round1,Q1,1352,676.0,EMIRATES,0.81,769.5,288.0,70.1,19.3,1920,1080,0.065,804.5,297.6
Round1,Q1,1353,676.5,EMIRATES,0.8963,525.7,293.2,54.8,21.3,1920,1080,0.056,553.1,303.8
Round1,Q1,1353,676.5,EMIRATES,0.4583,932.6,690.1,18.0,56.1,1920,1080,0.049,941.6,718.1
Round1,Q1,1354,677.0,EMIRATES,0.8788,695.6,283.1,51.6,20.5,1920,1080,0.051,721.4,293.4
Round1,Q1,1356,678.0,EMIRATES,0.8755,367.4,340.4,39.7,34.2,1920,1080,0.065,387.3,357.5
Round1,Q1,1357,678.5,EMIRATES,0.7115,601.4,389.3,173.1,96.9,1920,1080,0.809,687.9,437.7
Round1,Q1,1358,679.0,EMIRATES,0.8237,531.4,153.9,95.9,55.8,1920,1080,0.258,579.4,181.8
Round1,Q1,1359,679.5,EMIRATES,0.7067,533.4,143.2,86.3,43.8,1920,1080,0.182,576.5,165.1
Round1,Q1,1363,681.5,EMIRATES,0.8409,873.6,210.7,80.9,33.9,1920,1080,0.132,914.1,227.6
Round1,Q1,1374,687.0,CYBERCX,0.3254,1737.5,711.6,180.5,90.7,1920,1080,0.79,1827.8,756.9
Round1,Q1,1375,687.5,CYBERCX,0.3856,1762.9,718.8,155.3,82.2,1920,1080,0.616,1840.5,759.9
Round1,Q1,1376,688.0,CYBERCX,0.4758,1794.5,720.1,123.9,80.6,1920,1080,0.481,1856.5,760.4
Round1,Q1,1381,690.5,EMIRATES,0.8974,995.0,292.3,55.7,16.7,1920,1080,0.045,1022.9,300.6
Round1,Q1,1382,691.0,EMIRATES,0.8995,1088.6,286.0,54.0,18.9,1920,1080,0.049,1115.6,295.4
Round1,Q1,1383,691.5,EMIRATES,0.8804,1044.5,280.8,46.9,17.2,1920,1080,0.039,1067.9,289.4
Round1,Q1,1384,692.0,EMIRATES,0.8924,895.0,310.5,34.1,18.6,1920,1080,0.031,912.0,319.8
Round1,Q1,1385,692.5,EMIRATES,0.9054,748.3,298.5,33.7,16.6,1920,1080,0.027,765.2,306.8
Round1,Q1,1386,693.0,EMIRATES,0.8906,707.7,307.0,34.0,17.3,1920,1080,0.028,724.7,315.6
Round1,Q1,1387,693.5,ACCESS_COVERS,0.7804,1011.7,357.4,144.5,34.2,1920,1080,0.239,1084.0,374.5
Round1,Q1,1388,694.0,ACCESS_COVERS,0.7163,1023.8,383.8,139.3,32.1,1920,1080,0.216,1093.4,399.9
Round1,Q1,1389,694.5,ACCESS_COVERS,0.7716,1036.9,413.2,138.0,32.6,1920,1080,0.217,1105.9,429.5
Round1,Q1,1390,695.0,ACCESS_COVERS,0.7393,1051.3,436.4,142.3,32.6,1920,1080,0.224,1122.4,452.7
Round1,Q1,1391,695.5,ACCESS_COVERS,0.7429,1078.5,435.7,138.6,32.1,1920,1080,0.215,1147.8,451.8
Round1,Q1,1392,696.0,EMIRATES,0.8697,1094.2,443.6,61.5,24.1,1920,1080,0.072,1125.0,455.7
Round1,Q1,1392,696.0,EMIRATES,0.8454,1801.5,254.8,26.9,19.2,1920,1080,0.025,1814.9,264.4
Round1,Q1,1393,696.5,EMIRATES,0.883,1095.2,446.6,58.0,21.9,1920,1080,0.061,1124.2,457.6
Round1,Q1,1394,697.0,EMIRATES,0.8801,1205.7,351.3,52.1,26.8,1920,1080,0.067,1231.7,364.7
Round1,Q1,1394,697.0,EMIRATES,0.4913,1438.5,401.5,37.6,19.9,1920,1080,0.036,1457.3,411.5
Round1,Q1,1395,697.5,EMIRATES,0.9042,1479.0,248.0,55.6,18.7,1920,1080,0.05,1506.8,257.3
Round1,Q1,1396,698.0,EMIRATES,0.8989,408.6,416.5,50.4,19.6,1920,1080,0.048,433.8,426.3
Round1,Q1,1396,698.0,EMIRATES,0.8849,639.5,241.6,35.6,16.5,1920,1080,0.028,657.3,249.9
Round1,Q1,1397,698.5,EMIRATES,0.741,1413.2,280.6,39.9,27.9,1920,1080,0.054,1433.2,294.6
Round1,Q1,1397,698.5,EMIRATES,0.711,1145.8,184.6,46.2,24.2,1920,1080,0.054,1168.9,196.8
Round1,Q1,1398,699.0,EMIRATES,0.8935,1516.3,188.1,51.3,18.4,1920,1080,0.045,1541.9,197.3
Round1,Q1,1398,699.0,EMIRATES,0.8871,1358.2,120.3,52.6,20.2,1920,1080,0.051,1384.5,130.4
Round1,Q1,1398,699.0,EMIRATES,0.8709,460.1,319.0,38.6,17.3,1920,1080,0.032,479.5,327.6
Round1,Q1,1399,699.5,EMIRATES,0.8836,1595.2,243.4,53.9,23.7,1920,1080,0.062,1622.2,255.3
Round1,Q1,1399,699.5,EMIRATES,0.8833,1001.4,253.4,45.4,24.9,1920,1080,0.055,1024.1,265.9
Round1,Q1,1399,699.5,EMIRATES,0.8039,1089.5,152.5,63.8,20.1,1920,1080,0.062,1121.4,162.5
Round1,Q1,1399,699.5,EMIRATES,0.5223,1824.9,335.8,34.6,13.8,1920,1080,0.023,1842.2,342.7
Round1,Q1,1400,700.0,EMIRATES,0.8858,861.9,291.9,51.6,17.0,1920,1080,0.042,887.7,300.5
Round1,Q1,1400,700.0,EMIRATES,0.7855,1803.0,353.1,37.7,20.0,1920,1080,0.036,1821.8,363.1
Round1,Q1,1400,700.0,EMIRATES,0.6188,897.1,162.3,21.9,16.5,1920,1080,0.017,908.1,170.6
Round1,Q1,1401,700.5,EMIRATES,0.8703,711.4,306.4,54.3,20.7,1920,1080,0.054,738.6,316.7
Round1,Q1,1401,700.5,EMIRATES,0.8646,934.8,230.5,41.7,19.0,1920,1080,0.038,955.7,240.0
Round1,Q1,1402,701.0,EMIRATES,0.892,1804.0,62.6,51.9,17.3,1920,1080,0.043,1830.0,71.2
Round1,Q1,1402,701.0,EMIRATES,0.8804,802.2,195.7,56.0,21.8,1920,1080,0.059,830.2,206.6
Round1,Q1,1402,701.0,EMIRATES,0.8783,1598.8,341.5,52.6,25.4,1920,1080,0.064,1625.1,354.2
Round1,Q1,1402,701.0,EMIRATES,0.7814,246.0,276.4,25.4,18.7,1920,1080,0.023,258.7,285.8
Round1,Q1,1403,701.5,EMIRATES,0.8668,1522.4,360.7,58.5,15.7,1920,1080,0.044,1551.7,368.6
Round1,Q1,1403,701.5,EMIRATES,0.5962,959.4,327.5,47.1,20.9,1920,1080,0.048,982.9,338.0
Round1,Q1,1403,701.5,EMIRATES,0.3348,1404.7,309.8,36.7,11.4,1920,1080,0.02,1423.0,315.5
Round1,Q1,1404,702.0,EMIRATES,0.8992,1503.5,129.9,52.8,17.9,1920,1080,0.045,1529.9,138.8
Round1,Q1,1404,702.0,EMIRATES,0.869,969.2,722.7,61.8,20.8,1920,1080,0.062,1000.1,733.1
Round1,Q1,1404,702.0,EMIRATES,0.7806,1389.4,409.6,53.2,18.9,1920,1080,0.049,1416.1,419.1
Round1,Q1,1405,702.5,EMIRATES,0.8783,1428.7,149.7,32.3,16.6,1920,1080,0.026,1444.8,158.0
Round1,Q1,1405,702.5,EMIRATES,0.8084,1279.9,431.4,65.1,14.9,1920,1080,0.047,1312.4,438.8
Round1,Q1,1406,703.0,EMIRATES,0.8966,1369.3,175.1,51.4,16.7,1920,1080,0.041,1395.0,183.5
Round1,Q1,1406,703.0,EMIRATES,0.6706,1226.3,421.9,63.3,15.9,1920,1080,0.049,1258.0,429.8
Round1,Q1,1407,703.5,EMIRATES,0.8906,1329.2,190.5,51.6,17.8,1920,1080,0.044,1355.0,199.4
Round1,Q1,1407,703.5,EMIRATES,0.856,1314.0,396.0,62.6,16.8,1920,1080,0.051,1345.3,404.4
Round1,Q1,1407,703.5,EMIRATES,0.6316,561.4,288.2,23.6,18.2,1920,1080,0.021,573.2,297.2
Round1,Q1,1407,703.5,EMIRATES,0.3202,924.7,583.2,21.6,31.9,1920,1080,0.033,935.4,599.1
Round1,Q1,1408,704.0,EMIRATES,0.9045,1360.8,393.0,62.9,19.0,1920,1080,0.058,1392.2,402.5
Round1,Q1,1408,704.0,EMIRATES,0.8998,1311.1,200.7,51.0,16.3,1920,1080,0.04,1336.6,208.8
Round1,Q1,1408,704.0,EMIRATES,0.8914,1164.6,318.9,54.7,17.6,1920,1080,0.046,1192.0,327.7
Round1,Q1,1408,704.0,EMIRATES,0.8734,544.1,237.4,33.8,30.5,1920,1080,0.05,561.0,252.7
Round1,Q1,1409,704.5,EMIRATES,0.8947,1421.3,383.2,66.0,20.2,1920,1080,0.064,1454.3,393.3
Round1,Q1,1409,704.5,EMIRATES,0.8862,452.3,228.4,48.4,19.9,1920,1080,0.046,476.5,238.3
Round1,Q1,1413,706.5,EMIRATES,0.8016,789.2,108.9,197.8,152.0,1920,1080,1.45,888.1,184.9
Round1,Q1,1415,707.5,EMIRATES,0.8633,56.6,292.5,229.4,80.8,1920,1080,0.895,171.3,332.9
Round1,Q1,1415,707.5,EMIRATES,0.8181,1854.5,305.0,65.5,75.5,1920,1080,0.238,1887.2,342.8
Round1,Q1,1416,708.0,EMIRATES,0.8654,40.5,522.7,186.6,70.2,1920,1080,0.632,133.8,557.8
Round1,Q1,1416,708.0,EMIRATES,0.8418,90.9,394.9,223.9,69.5,1920,1080,0.75,202.8,429.6
Round1,Q1,1417,708.5,EMIRATES,0.8371,554.3,281.8,244.0,63.6,1920,1080,0.748,676.3,313.6
Round1,Q1,1418,709.0,EMIRATES,0.8338,1293.1,149.6,107.0,72.5,1920,1080,0.374,1346.6,185.8
Round1,Q1,1419,709.5,EMIRATES,0.7433,1469.9,177.0,58.4,69.2,1920,1080,0.195,1499.1,211.5
Round1,Q1,1422,711.0,EMIRATES,0.9009,1171.3,440.7,43.9,13.6,1920,1080,0.029,1193.3,447.5
Round1,Q1,1422,711.0,EMIRATES,0.8927,246.7,277.3,41.1,15.2,1920,1080,0.03,267.3,284.9
Round1,Q1,1422,711.0,EMIRATES,0.8878,1325.1,303.6,40.6,18.4,1920,1080,0.036,1345.4,312.8
Round1,Q1,1422,711.0,EMIRATES,0.8739,1748.0,266.2,24.1,11.5,1920,1080,0.013,1760.0,271.9
Round1,Q1,1423,711.5,EMIRATES,0.9038,1275.2,274.0,36.5,16.1,1920,1080,0.028,1293.4,282.1
Round1,Q1,1423,711.5,EMIRATES,0.8899,1146.0,448.2,46.4,12.9,1920,1080,0.029,1169.2,454.6
Round1,Q1,1423,711.5,EMIRATES,0.8856,1777.0,265.9,25.1,12.4,1920,1080,0.015,1789.5,272.1
Round1,Q1,1423,711.5,EMIRATES,0.8814,88.1,279.2,32.7,16.9,1920,1080,0.027,104.4,287.7
Round1,Q1,1424,712.0,EMIRATES,0.894,1770.9,265.8,33.9,12.3,1920,1080,0.02,1787.9,272.0
Round1,Q1,1424,712.0,EMIRATES,0.8926,1191.6,246.5,32.4,15.7,1920,1080,0.025,1207.8,254.3
Round1,Q1,1424,712.0,EMIRATES,0.8911,19.5,263.3,37.1,13.3,1920,1080,0.024,38.0,269.9
Round1,Q1,1424,712.0,EMIRATES,0.8716,1089.8,458.4,46.5,13.8,1920,1080,0.031,1113.1,465.2
Round1,Q1,1425,712.5,EMIRATES,0.8888,61.6,282.1,38.4,12.7,1920,1080,0.024,80.8,288.5
Round1,Q1,1425,712.5,EMIRATES,0.8652,1126.7,480.9,46.1,12.5,1920,1080,0.028,1149.8,487.2
Round1,Q1,1425,712.5,EMIRATES,0.7974,1791.8,268.1,35.9,11.2,1920,1080,0.019,1809.8,273.7
Round1,Q1,1425,712.5,EMIRATES,0.4681,1163.9,235.7,20.6,14.7,1920,1080,0.015,1174.2,243.1
Round1,Q1,1426,713.0,EMIRATES,0.8635,1055.7,509.4,48.9,14.1,1920,1080,0.033,1080.2,516.4
Round1,Q1,1426,713.0,EMIRATES,0.7975,26.2,308.5,26.9,13.6,1920,1080,0.018,39.6,315.3
Round1,Q1,1427,713.5,EMIRATES,0.8769,985.9,483.2,46.2,14.8,1920,1080,0.033,1009.0,490.6
Round1,Q1,1427,713.5,EMIRATES,0.8751,6.0,320.1,35.5,14.0,1920,1080,0.024,23.7,327.2
Round1,Q1,1428,714.0,EMIRATES,0.9081,1878.7,536.3,35.3,18.6,1920,1080,0.032,1896.3,545.6
Round1,Q1,1428,714.0,EMIRATES,0.8939,17.8,348.3,39.8,13.0,1920,1080,0.025,37.7,354.8
Round1,Q1,1428,714.0,EMIRATES,0.8786,932.4,464.9,37.6,17.8,1920,1080,0.032,951.3,473.8
Round1,Q1,1429,714.5,EMIRATES,0.8968,1383.8,391.3,34.5,14.5,1920,1080,0.024,1401.0,398.5
Round1,Q1,1429,714.5,EMIRATES,0.8895,794.0,403.5,40.1,17.5,1920,1080,0.034,814.1,412.2
Round1,Q1,1429,714.5,EMIRATES,0.8869,1708.5,505.7,33.5,21.5,1920,1080,0.035,1725.3,516.5
Round1,Q1,1429,714.5,EMIRATES,0.863,1.1,353.3,45.6,15.1,1920,1080,0.033,23.9,360.8
Round1,Q1,1430,715.0,EMIRATES,0.888,846.1,423.9,55.2,19.9,1920,1080,0.053,873.7,433.9
Round1,Q1,1430,715.0,EMIRATES,0.7372,117.1,333.5,36.3,15.3,1920,1080,0.027,135.2,341.1
Round1,Q1,1430,715.0,EMIRATES,0.7309,1900.3,503.0,19.6,21.4,1920,1080,0.02,1910.1,513.7
Round1,Q1,1431,715.5,ACCESS_COVERS,0.7458,1342.6,195.3,197.9,47.7,1920,1080,0.455,1441.6,219.2
Round1,Q1,1432,716.0,ACCESS_COVERS,0.6404,1782.4,212.5,137.6,44.3,1920,1080,0.294,1851.2,234.7
Round1,Q1,1437,718.5,EMIRATES,0.8283,1180.3,177.2,49.9,22.2,1920,1080,0.053,1205.3,188.3
Round1,Q1,1438,719.0,EMIRATES,0.87,1092.6,214.6,52.5,19.7,1920,1080,0.05,1118.9,224.4
Round1,Q1,1438,719.0,EMIRATES,0.7511,1214.3,3.5,47.5,17.5,1920,1080,0.04,1238.0,12.2
Round1,Q1,1439,719.5,EMIRATES,0.8983,1127.2,270.2,55.9,24.4,1920,1080,0.066,1155.2,282.4
Round1,Q1,1440,720.0,EMIRATES,0.8571,1548.1,72.1,48.8,19.6,1920,1080,0.046,1572.4,81.9
Round1,Q1,1440,720.0,EMIRATES,0.3193,1079.9,389.9,33.7,18.8,1920,1080,0.031,1096.7,399.4
Round1,Q1,1441,720.5,EMIRATES,0.8425,1069.4,121.5,44.8,19.2,1920,1080,0.042,1091.8,131.2
Round1,Q1,1443,721.5,EMIRATES,0.8681,353.4,462.4,65.5,20.6,1920,1080,0.065,386.2,472.7
Round1,Q1,1445,722.5,EMIRATES,0.8756,863.5,279.7,60.2,27.6,1920,1080,0.08,893.6,293.5
Round1,Q1,1446,723.0,EMIRATES,0.688,931.0,338.0,36.4,21.1,1920,1080,0.037,949.2,348.6
Round1,Q1,1449,724.5,BOWENS,0.8948,1756.4,149.0,142.4,32.6,1920,1080,0.224,1827.6,165.2
Round1,Q1,1449,724.5,BOWENS,0.8917,745.8,155.0,132.6,31.3,1920,1080,0.2,812.1,170.6
Round1,Q1,1449,724.5,BOWENS,0.8891,470.7,157.5,134.1,32.5,1920,1080,0.21,537.8,173.7
Round1,Q1,1449,724.5,BOWENS,0.885,187.4,160.6,141.0,32.6,1920,1080,0.222,257.9,176.9
Round1,Q1,1449,724.5,BOWENS,0.8841,1517.8,150.2,135.3,32.5,1920,1080,0.212,1585.4,166.5
Round1,Q1,1449,724.5,BOWENS,0.8827,975.4,153.0,129.6,31.9,1920,1080,0.199,1040.2,168.9
Round1,Q1,1449,724.5,BOWENS,0.8825,1240.7,151.4,134.0,32.6,1920,1080,0.211,1307.7,167.7
Round1,Q1,1449,724.5,BOWENS,0.8449,0.1,162.2,80.4,35.1,1920,1080,0.136,40.3,179.8
Round1,Q1,1450,725.0,BOWENS,0.8953,483.4,157.6,142.8,33.0,1920,1080,0.227,554.8,174.1
Round1,Q1,1450,725.0,BOWENS,0.8931,1004.1,154.3,131.5,32.2,1920,1080,0.204,1069.8,170.4
Round1,Q1,1450,725.0,BOWENS,0.8878,1556.6,152.1,95.5,33.1,1920,1080,0.152,1604.3,168.7
Round1,Q1,1450,725.0,BOWENS,0.8867,1275.9,152.9,134.3,33.3,1920,1080,0.216,1343.1,169.6
Round1,Q1,1450,725.0,BOWENS,0.8817,196.3,160.3,145.4,33.8,1920,1080,0.237,269.0,177.1
Round1,Q1,1450,725.0,BOWENS,0.8776,763.5,156.2,96.7,31.7,1920,1080,0.148,811.8,172.0
Round1,Q1,1450,725.0,BOWENS,0.8605,1805.9,151.6,114.1,34.4,1920,1080,0.189,1862.9,168.8
Round1,Q1,1450,725.0,BOWENS,0.809,0.0,162.1,40.3,34.4,1920,1080,0.067,20.1,179.3
Round1,Q1,1451,725.5,BOWENS,0.9017,32.8,155.7,154.3,34.6,1920,1080,0.257,109.9,173.0
Round1,Q1,1451,725.5,BOWENS,0.9005,584.7,152.5,141.5,33.4,1920,1080,0.228,655.5,169.2
Round1,Q1,1451,725.5,BOWENS,0.8997,1391.9,150.1,144.4,33.9,1920,1080,0.236,1464.1,167.1
Round1,Q1,1451,725.5,BOWENS,0.8994,336.4,154.1,147.0,33.5,1920,1080,0.238,409.9,170.9
Round1,Q1,1451,725.5,BOWENS,0.8954,868.6,151.3,142.0,33.7,1920,1080,0.231,939.6,168.1
Round1,Q1,1451,725.5,BOWENS,0.885,1681.5,150.1,153.5,35.4,1920,1080,0.262,1758.3,167.8
Round1,Q1,1451,725.5,BOWENS,0.8806,1152.9,150.9,138.9,33.6,1920,1080,0.225,1222.3,167.7
Round1,Q1,1452,726.0,BOWENS,0.9045,56.3,148.3,160.8,35.6,1920,1080,0.276,136.7,166.1
Round1,Q1,1452,726.0,BOWENS,0.9005,1156.2,147.0,146.2,33.6,1920,1080,0.237,1229.3,163.8
Round1,Q1,1452,726.0,BOWENS,0.8919,1448.8,147.3,156.0,35.7,1920,1080,0.269,1526.8,165.1
Round1,Q1,1452,726.0,BOWENS,0.8897,912.4,147.6,144.8,33.5,1920,1080,0.234,984.8,164.3
Round1,Q1,1452,726.0,BOWENS,0.889,321.7,148.0,154.5,34.6,1920,1080,0.258,398.9,165.3
Round1,Q1,1452,726.0,BOWENS,0.8597,1756.5,148.1,163.5,36.5,1920,1080,0.288,1838.2,166.3
Round1,Q1,1452,726.0,BOWENS,0.8592,622.2,146.6,149.6,35.8,1920,1080,0.258,697.1,164.5
Round1,Q1,1453,726.5,BOWENS,0.9115,1148.7,151.5,154.5,34.5,1920,1080,0.257,1226.0,168.7
Round1,Q1,1453,726.5,BOWENS,0.91,1717.0,154.0,159.9,36.5,1920,1080,0.281,1796.9,172.2
Round1,Q1,1453,726.5,BOWENS,0.9049,851.6,150.0,152.1,34.7,1920,1080,0.255,927.7,167.4
Round1,Q1,1453,726.5,BOWENS,0.898,602.2,150.1,151.3,34.4,1920,1080,0.251,677.9,167.3
Round1,Q1,1453,726.5,BOWENS,0.8868,1451.2,152.4,160.5,36.9,1920,1080,0.286,1531.5,170.8
Round1,Q1,1453,726.5,BOWENS,0.8724,297.9,148.4,161.7,36.3,1920,1080,0.283,378.7,166.6
Round1,Q1,1453,726.5,BOWENS,0.8599,0.0,147.8,150.9,37.2,1920,1080,0.271,75.4,166.4
Round1,Q1,1454,727.0,BOWENS,0.9017,1336.9,165.1,155.8,35.7,1920,1080,0.268,1414.8,183.0
Round1,Q1,1454,727.0,BOWENS,0.8995,202.9,157.7,161.2,35.1,1920,1080,0.273,283.5,175.2
Round1,Q1,1454,727.0,BOWENS,0.8993,1645.5,168.4,162.8,36.8,1920,1080,0.289,1726.9,186.8
Round1,Q1,1454,727.0,BOWENS,0.8971,770.1,159.8,162.6,37.0,1920,1080,0.291,851.4,178.4
Round1,Q1,1454,727.0,BOWENS,0.8952,467.2,158.4,158.0,35.3,1920,1080,0.269,546.2,176.0
Round1,Q1,1454,727.0,BOWENS,0.8847,1079.0,162.5,157.9,35.9,1920,1080,0.273,1157.9,180.5
Round1,Q1,1454,727.0,BOWENS,0.8304,0.0,156.1,44.1,36.2,1920,1080,0.077,22.0,174.1
Round1,Q1,1455,727.5,BOWENS,0.9131,145.1,187.5,154.8,34.7,1920,1080,0.259,222.5,204.8
Round1,Q1,1455,727.5,BOWENS,0.9056,449.2,190.1,154.6,34.3,1920,1080,0.256,526.5,207.3
Round1,Q1,1455,727.5,BOWENS,0.9029,1574.2,203.6,154.2,36.3,1920,1080,0.27,1651.3,221.8
Round1,Q1,1455,727.5,BOWENS,0.9025,1281.5,199.4,149.4,34.9,1920,1080,0.252,1356.2,216.8
Round1,Q1,1455,727.5,BOWENS,0.8871,992.1,194.4,149.0,34.8,1920,1080,0.25,1066.6,211.8
Round1,Q1,1455,727.5,BOWENS,0.8791,747.7,191.8,148.5,35.4,1920,1080,0.254,822.0,209.5
Round1,Q1,1455,727.5,BOWENS,0.7985,0.0,186.5,36.4,35.9,1920,1080,0.063,18.2,204.4
Round1,Q1,1455,727.5,BOWENS,0.7757,1825.0,208.6,94.9,37.7,1920,1080,0.172,1872.4,227.5
Round1,Q1,1456,728.0,BOWENS,0.907,1242.0,236.8,141.3,33.5,1920,1080,0.228,1312.6,253.6
Round1,Q1,1456,728.0,BOWENS,0.9042,1767.0,250.6,151.1,36.4,1920,1080,0.265,1842.6,268.8
Round1,Q1,1456,728.0,BOWENS,0.8985,155.3,223.4,155.7,34.7,1920,1080,0.261,233.2,240.8
Round1,Q1,1456,728.0,BOWENS,0.8942,1479.9,242.0,141.2,34.8,1920,1080,0.237,1550.5,259.4
Round1,Q1,1456,728.0,BOWENS,0.8906,966.9,231.7,140.6,32.8,1920,1080,0.222,1037.2,248.1
Round1,Q1,1456,728.0,BOWENS,0.8892,692.2,227.5,139.6,33.4,1920,1080,0.225,762.0,244.2
Round1,Q1,1456,728.0,BOWENS,0.8699,450.3,225.0,148.8,33.6,1920,1080,0.241,524.7,241.9
Round1,Q1,1456,728.0,ACCESS_COVERS,0.4056,303.4,135.9,118.7,28.0,1920,1080,0.16,362.7,149.9
Round1,Q1,1457,728.5,EMIRATES,0.8648,1464.8,100.9,50.2,25.5,1920,1080,0.062,1489.9,113.7
Round1,Q1,1458,729.0,EMIRATES,0.8783,1474.8,501.8,69.4,25.1,1920,1080,0.084,1509.5,514.3
Round1,Q1,1458,729.0,EMIRATES,0.8721,1664.2,211.2,45.8,17.2,1920,1080,0.038,1687.1,219.9
Round1,Q1,1459,729.5,BOWENS,0.9017,505.1,89.2,127.5,26.7,1920,1080,0.164,568.8,102.6
Round1,Q1,1459,729.5,BOWENS,0.8866,1134.6,368.9,121.3,33.7,1920,1080,0.197,1195.3,385.8
Round1,Q1,1459,729.5,BOWENS,0.8853,459.2,344.3,125.4,29.9,1920,1080,0.181,521.9,359.2
Round1,Q1,1459,729.5,BOWENS,0.8347,1807.1,417.4,112.9,39.9,1920,1080,0.217,1863.5,437.3
Round1,Q1,1459,729.5,BOWENS,0.4982,0.0,77.8,22.6,28.1,1920,1080,0.031,11.3,91.9
Round1,Q1,1459,729.5,BOWENS,0.3334,1903.4,98.0,16.6,32.3,1920,1080,0.026,1911.7,114.1
Round1,Q1,1460,730.0,BOWENS,0.9051,53.0,373.4,138.2,31.7,1920,1080,0.211,122.1,389.3
Round1,Q1,1460,730.0,BOWENS,0.9039,98.4,104.9,141.3,28.5,1920,1080,0.194,169.0,119.1
Round1,Q1,1460,730.0,BOWENS,0.8962,774.1,396.0,123.1,34.0,1920,1080,0.202,835.6,413.0
Round1,Q1,1460,730.0,BOWENS,0.8904,1531.6,126.1,132.5,29.5,1920,1080,0.188,1597.8,140.9
Round1,Q1,1460,730.0,BOWENS,0.8001,1439.9,441.4,126.9,40.0,1920,1080,0.245,1503.3,461.4
Round1,Q1,1461,730.5,BOWENS,0.8959,476.8,412.4,130.8,35.0,1920,1080,0.221,542.2,429.9
Round1,Q1,1461,730.5,BOWENS,0.8923,1284.3,123.2,131.9,32.7,1920,1080,0.208,1350.2,139.6
Round1,Q1,1461,730.5,BOWENS,0.8544,1849.3,547.6,70.6,54.3,1920,1080,0.185,1884.6,574.7
Round1,Q1,1461,730.5,BOWENS,0.8105,1192.7,456.9,124.2,41.5,1920,1080,0.248,1254.7,477.6
Round1,Q1,1462,731.0,BOWENS,0.9023,197.4,411.5,156.3,41.7,1920,1080,0.314,275.5,432.3
Round1,Q1,1462,731.0,BOWENS,0.8784,1148.6,72.5,146.6,37.3,1920,1080,0.263,1221.9,91.1
Round1,Q1,1462,731.0,BOWENS,0.8507,1045.6,462.7,121.3,46.2,1920,1080,0.27,1106.2,485.8
Round1,Q1,1462,731.0,BOWENS,0.8483,1799.8,565.6,119.6,66.2,1920,1080,0.382,1859.6,598.7
Round1,Q1,1463,731.5,BOWENS,0.8643,1832.5,578.8,87.5,69.0,1920,1080,0.291,1876.2,613.3
Round1,Q1,1463,731.5,BOWENS,0.8593,914.5,452.0,156.0,57.8,1920,1080,0.435,992.5,481.0
Round1,Q1,1463,731.5,BOWENS,0.7974,0.0,392.7,50.9,50.1,1920,1080,0.123,25.5,417.7
Round1,Q1,1463,731.5,BOWENS,0.7895,1034.6,0.0,179.4,20.7,1920,1080,0.179,1124.3,10.3
Round1,Q1,1464,732.0,BOWENS,0.8785,773.1,433.5,186.2,69.7,1920,1080,0.626,866.2,468.4
Round1,Q1,1464,732.0,BOWENS,0.7754,1862.7,585.6,57.3,78.9,1920,1080,0.218,1891.4,625.0
Round1,Q1,1465,732.5,BOWENS,0.8181,1846.7,589.6,73.3,87.3,1920,1080,0.308,1883.4,633.3
Round1,Q1,1465,732.5,BOWENS,0.7917,635.8,420.3,210.7,76.5,1920,1080,0.778,741.2,458.5
Round1,Q1,1465,732.5,EMIRATES,0.7357,1411.2,592.5,22.8,101.4,1920,1080,0.112,1422.6,643.2
Round1,Q1,1465,732.5,EMIRATES,0.4694,1411.2,478.0,21.3,102.8,1920,1080,0.106,1421.9,529.4
Round1,Q1,1465,732.5,EMIRATES,0.3521,1066.4,541.8,23.3,98.2,1920,1080,0.11,1078.1,590.9
Round1,Q1,1466,733.0,BOWENS,0.7518,1755.6,588.8,164.1,112.4,1920,1080,0.889,1837.7,645.0
Round1,Q1,1466,733.0,EMIRATES,0.7498,1277.3,587.5,23.6,107.7,1920,1080,0.123,1289.1,641.4
Round1,Q1,1466,733.0,BOWENS,0.7399,471.6,410.4,229.1,80.1,1920,1080,0.885,586.1,450.5
Round1,Q1,1466,733.0,EMIRATES,0.368,1276.7,464.7,22.7,109.3,1920,1080,0.12,1288.0,519.3
Round1,Q1,1466,733.0,EMIRATES,0.355,246.7,323.0,22.6,77.7,1920,1080,0.085,257.9,361.9
Round1,Q1,1467,733.5,EMIRATES,0.8078,1223.0,752.4,215.3,71.2,1920,1080,0.739,1330.6,788.0
Round1,Q1,1480,740.0,EMIRATES,0.9053,1018.2,468.8,96.3,43.2,1920,1080,0.201,1066.3,490.4
Round1,Q1,1480,740.0,EMIRATES,0.8285,1498.7,9.3,124.5,54.7,1920,1080,0.328,1560.9,36.6
Round1,Q1,1481,740.5,EMIRATES,0.8948,1145.1,449.9,101.6,52.3,1920,1080,0.256,1195.9,476.0
Round1,Q1,1482,741.0,EMIRATES,0.9025,1002.0,459.8,120.6,45.9,1920,1080,0.267,1062.3,482.8
Round1,Q1,1483,741.5,EMIRATES,0.892,996.1,479.9,120.4,54.6,1920,1080,0.317,1056.3,507.2
Round1,Q1,1484,742.0,BOWENS,0.7749,241.0,243.7,49.1,15.3,1920,1080,0.036,265.6,251.4
Round1,Q1,1484,742.0,BOWENS,0.7741,130.4,110.8,44.6,16.0,1920,1080,0.034,152.7,118.8
Round1,Q1,1484,742.0,BOWENS,0.7065,322.3,119.5,41.4,15.5,1920,1080,0.031,343.0,127.3
Round1,Q1,1484,742.0,BOWENS,0.6915,459.2,238.2,43.1,14.9,1920,1080,0.031,480.7,245.7
Round1,Q1,1484,742.0,BOWENS,0.6758,1444.4,308.0,40.4,13.0,1920,1080,0.025,1464.6,314.5
Round1,Q1,1484,742.0,BOWENS,0.6593,1315.2,144.1,39.3,13.9,1920,1080,0.026,1334.9,151.0
Round1,Q1,1484,742.0,BOWENS,0.574,1490.3,144.8,42.5,14.2,1920,1080,0.029,1511.6,151.9
Round1,Q1,1484,742.0,BOWENS,0.5669,1216.2,304.8,41.6,13.2,1920,1080,0.027,1237.0,311.4
Round1,Q1,1484,742.0,BOWENS,0.5433,1675.7,315.6,43.8,14.2,1920,1080,0.03,1697.6,322.8
Round1,Q1,1484,742.0,BOWENS,0.5304,1781.4,241.8,45.1,14.0,1920,1080,0.03,1804.0,248.8
Round1,Q1,1484,742.0,BOWENS,0.4971,1863.3,143.2,40.5,13.0,1920,1080,0.025,1883.6,149.7
Round1,Q1,1484,742.0,BOWENS,0.4831,996.6,307.1,40.0,14.0,1920,1080,0.027,1016.6,314.1
Round1,Q1,1484,742.0,BOWENS,0.4055,575.7,325.7,39.4,14.3,1920,1080,0.027,595.4,332.8
Round1,Q1,1484,742.0,BOWENS,0.3725,1672.4,143.9,42.1,14.9,1920,1080,0.03,1693.5,151.3
Round1,Q1,1484,742.0,BOWENS,0.3426,1135.9,143.5,47.0,13.9,1920,1080,0.032,1159.4,150.4
Round1,Q1,1485,742.5,BOWENS,0.7833,102.2,115.8,45.0,15.8,1920,1080,0.034,124.7,123.7
Round1,Q1,1485,742.5,BOWENS,0.7115,216.8,249.1,46.0,15.3,1920,1080,0.034,239.8,256.8
Round1,Q1,1485,742.5,BOWENS,0.7101,297.2,125.6,37.9,14.2,1920,1080,0.026,316.1,132.7
Round1,Q1,1485,742.5,BOWENS,0.6961,1754.0,246.3,43.8,13.6,1920,1080,0.029,1775.9,253.1
Round1,Q1,1485,742.5,BOWENS,0.6942,433.9,243.9,41.8,14.2,1920,1080,0.029,454.8,251.0
Round1,Q1,1485,742.5,BOWENS,0.6788,1832.7,148.0,41.3,13.0,1920,1080,0.026,1853.3,154.5
Round1,Q1,1485,742.5,BOWENS,0.6224,549.7,330.8,40.1,14.5,1920,1080,0.028,569.8,338.0
Round1,Q1,1485,742.5,BOWENS,0.5975,972.3,312.0,38.7,13.3,1920,1080,0.025,991.7,318.6
Round1,Q1,1485,742.5,BOWENS,0.5737,1650.1,319.8,42.8,14.1,1920,1080,0.029,1671.5,326.8
Round1,Q1,1485,742.5,BOWENS,0.5517,1191.4,308.6,42.0,14.0,1920,1080,0.028,1212.5,315.6
Round1,Q1,1485,742.5,BOWENS,0.533,1882.3,332.1,37.6,15.0,1920,1080,0.027,1901.1,339.6
Round1,Q1,1485,742.5,BOWENS,0.5315,1465.5,150.4,39.0,13.2,1920,1080,0.025,1485.0,157.0
Round1,Q1,1485,742.5,BOWENS,0.4839,1420.0,313.1,40.5,12.4,1920,1080,0.024,1440.3,319.3
Round1,Q1,1485,742.5,BOWENS,0.4058,1646.2,149.9,39.9,13.8,1920,1080,0.026,1666.2,156.8
Round1,Q1,1485,742.5,BOWENS,0.3585,1098.3,238.5,40.2,12.5,1920,1080,0.024,1118.4,244.8
Round1,Q1,1486,743.0,BOWENS,0.7707,75.5,121.7,43.5,15.3,1920,1080,0.032,97.2,129.4
Round1,Q1,1486,743.0,BOWENS,0.7352,269.4,131.1,40.6,14.3,1920,1080,0.028,289.7,138.2
Round1,Q1,1486,743.0,BOWENS,0.7054,408.5,249.0,43.3,15.0,1920,1080,0.031,430.2,256.5
Round1,Q1,1486,743.0,BOWENS,0.6692,190.7,255.1,46.0,14.8,1920,1080,0.033,213.7,262.5
Round1,Q1,1486,743.0,BOWENS,0.6113,1726.7,250.3,46.5,14.5,1920,1080,0.032,1750.0,257.5
Round1,Q1,1486,743.0,BOWENS,0.61,1395.8,317.8,39.6,12.2,1920,1080,0.023,1415.6,323.8
Round1,Q1,1486,743.0,BOWENS,0.6031,948.2,317.6,39.6,13.2,1920,1080,0.025,967.9,324.2
Round1,Q1,1486,743.0,BOWENS,0.5862,1803.7,152.4,42.2,13.8,1920,1080,0.028,1824.7,159.4
Round1,Q1,1486,743.0,BOWENS,0.5354,1168.0,314.4,43.1,13.6,1920,1080,0.028,1189.6,321.2
Round1,Q1,1486,743.0,BOWENS,0.5107,1858.7,336.0,41.9,15.2,1920,1080,0.031,1879.6,343.6
Round1,Q1,1486,743.0,BOWENS,0.503,526.2,336.9,39.7,14.3,1920,1080,0.027,546.0,344.1
Round1,Q1,1486,743.0,BOWENS,0.4814,1265.2,154.9,39.4,12.9,1920,1080,0.025,1284.9,161.4
Round1,Q1,1486,743.0,BOWENS,0.4754,1624.8,324.2,42.1,14.1,1920,1080,0.029,1645.9,331.3
Round1,Q1,1486,743.0,BOWENS,0.3889,1510.7,246.9,43.5,14.0,1920,1080,0.029,1532.4,253.9
Round1,Q1,1487,743.5,BOWENS,0.7982,53.4,125.5,43.4,15.9,1920,1080,0.033,75.1,133.4
Round1,Q1,1487,743.5,BOWENS,0.7782,171.4,259.5,44.9,15.5,1920,1080,0.034,193.8,267.2
Round1,Q1,1487,743.5,BOWENS,0.7248,389.6,253.9,43.0,14.6,1920,1080,0.03,411.1,261.2
Round1,Q1,1487,743.5,BOWENS,0.7188,250.0,135.4,38.7,14.5,1920,1080,0.027,269.4,142.6
Round1,Q1,1487,743.5,BOWENS,0.6782,1785.3,156.2,40.5,13.8,1920,1080,0.027,1805.6,163.1
Round1,Q1,1487,743.5,BOWENS,0.6006,932.2,322.0,37.8,12.7,1920,1080,0.023,951.1,328.3
Round1,Q1,1487,743.5,BOWENS,0.5516,1600.7,158.8,39.5,14.1,1920,1080,0.027,1620.4,165.8
Round1,Q1,1487,743.5,BOWENS,0.5231,506.9,341.4,39.8,14.7,1920,1080,0.028,526.8,348.7
Round1,Q1,1487,743.5,BOWENS,0.5228,1608.0,328.1,41.1,13.7,1920,1080,0.027,1628.5,334.9
Round1,Q1,1487,743.5,BOWENS,0.4761,1376.1,321.5,43.4,12.4,1920,1080,0.026,1397.8,327.8
Round1,Q1,1487,743.5,BOWENS,0.4637,1841.4,340.2,40.0,14.5,1920,1080,0.028,1861.4,347.5
Round1,Q1,1487,743.5,BOWENS,0.4609,1076.5,159.1,35.7,11.5,1920,1080,0.02,1094.3,164.8
Round1,Q1,1487,743.5,BOWENS,0.4533,1249.2,159.2,37.1,12.7,1920,1080,0.023,1267.7,165.6
Round1,Q1,1487,743.5,BOWENS,0.433,1055.8,248.0,39.6,12.4,1920,1080,0.024,1075.6,254.2
Round1,Q1,1487,743.5,BOWENS,0.3606,1423.9,159.2,38.0,13.7,1920,1080,0.025,1442.9,166.1
Round1,Q1,1487,743.5,BOWENS,0.3017,1152.7,319.3,38.2,12.0,1920,1080,0.022,1171.8,325.3
Round1,Q1,1488,744.0,BOWENS,0.8053,168.9,260.0,46.9,14.7,1920,1080,0.033,192.3,267.3
Round1,Q1,1488,744.0,BOWENS,0.7967,48.6,125.0,49.4,16.3,1920,1080,0.039,73.3,133.1
Round1,Q1,1488,744.0,BOWENS,0.776,387.2,254.6,46.0,14.0,1920,1080,0.031,410.2,261.6
Round1,Q1,1488,744.0,BOWENS,0.7251,1789.9,156.0,48.4,13.2,1920,1080,0.031,1814.1,162.6
Round1,Q1,1488,744.0,BOWENS,0.72,933.8,323.0,42.0,12.3,1920,1080,0.025,954.8,329.2
Round1,Q1,1488,744.0,BOWENS,0.7049,245.1,135.3,46.9,14.6,1920,1080,0.033,268.5,142.6
Round1,Q1,1488,744.0,BOWENS,0.5879,1055.9,248.2,45.0,12.7,1920,1080,0.027,1078.4,254.5
Round1,Q1,1488,744.0,BOWENS,0.5746,507.6,342.2,40.1,13.9,1920,1080,0.027,527.6,349.2
Round1,Q1,1488,744.0,BOWENS,0.5583,1848.1,341.1,44.4,14.9,1920,1080,0.032,1870.3,348.6
Round1,Q1,1488,744.0,BOWENS,0.514,1248.6,159.1,45.3,14.4,1920,1080,0.031,1271.3,166.2
Round1,Q1,1488,744.0,BOWENS,0.4112,1715.2,255.3,46.9,13.6,1920,1080,0.031,1738.7,262.1
Round1,Q1,1488,744.0,BOWENS,0.407,1604.6,158.5,46.5,15.0,1920,1080,0.034,1627.8,166.0
Round1,Q1,1488,744.0,BOWENS,0.4046,1155.5,319.6,47.3,12.8,1920,1080,0.029,1179.2,326.0
Round1,Q1,1488,744.0,BOWENS,0.3753,1076.1,158.2,43.4,13.4,1920,1080,0.028,1097.8,164.9
Round1,Q1,1488,744.0,BOWENS,0.3427,1613.8,329.2,45.2,14.4,1920,1080,0.031,1636.4,336.4
Round1,Q1,1489,744.5,BOWENS,0.8093,43.2,123.4,47.5,16.1,1920,1080,0.037,67.0,131.5
Round1,Q1,1489,744.5,BOWENS,0.804,165.1,259.4,48.1,14.8,1920,1080,0.034,189.2,266.8
Round1,Q1,1489,744.5,BOWENS,0.7631,242.1,133.9,43.9,14.1,1920,1080,0.03,264.1,141.0
Round1,Q1,1489,744.5,BOWENS,0.7457,386.6,254.4,44.6,13.7,1920,1080,0.03,408.9,261.2
Round1,Q1,1489,744.5,BOWENS,0.7433,936.1,322.8,40.5,12.3,1920,1080,0.024,956.3,329.0
Round1,Q1,1489,744.5,BOWENS,0.6887,1796.9,154.5,44.9,13.6,1920,1080,0.03,1819.4,161.3
Round1,Q1,1489,744.5,BOWENS,0.6699,506.6,342.4,40.2,13.8,1920,1080,0.027,526.6,349.3
Round1,Q1,1489,744.5,BOWENS,0.6682,1058.1,247.8,44.3,12.4,1920,1080,0.027,1080.3,254.0
Round1,Q1,1489,744.5,BOWENS,0.6384,1610.3,157.7,44.4,13.5,1920,1080,0.029,1632.5,164.4
Round1,Q1,1489,744.5,BOWENS,0.6158,1251.3,157.9,43.6,13.7,1920,1080,0.029,1273.1,164.7
Round1,Q1,1489,744.5,BOWENS,0.58,1078.1,157.7,42.2,12.9,1920,1080,0.026,1099.2,164.1
Round1,Q1,1489,744.5,BOWENS,0.5564,1856.5,341.2,42.9,14.6,1920,1080,0.03,1877.9,348.5
Round1,Q1,1489,744.5,BOWENS,0.5544,1429.4,157.5,44.6,15.0,1920,1080,0.032,1451.7,165.0
Round1,Q1,1489,744.5,BOWENS,0.5378,1389.7,322.5,40.8,12.4,1920,1080,0.024,1410.1,328.6
Round1,Q1,1489,744.5,BOWENS,0.4353,1722.7,254.3,46.6,14.3,1920,1080,0.032,1746.0,261.5
Round1,Q1,1489,744.5,BOWENS,0.3141,1617.6,329.3,46.6,14.1,1920,1080,0.032,1640.9,336.3
Round1,Q1,1490,745.0,BOWENS,0.8297,133.3,262.8,50.1,16.1,1920,1080,0.039,158.3,270.9
Round1,Q1,1490,745.0,BOWENS,0.8052,5.8,124.5,50.5,16.7,1920,1080,0.041,31.0,132.8
Round1,Q1,1490,745.0,BOWENS,0.7398,210.7,135.5,45.9,15.9,1920,1080,0.035,233.6,143.4
Round1,Q1,1490,745.0,BOWENS,0.6948,359.6,258.2,46.1,14.8,1920,1080,0.033,382.6,265.6
Round1,Q1,1490,745.0,BOWENS,0.6739,1042.5,251.7,44.8,13.4,1920,1080,0.029,1064.9,258.4
Round1,Q1,1490,745.0,BOWENS,0.6199,916.8,327.6,42.0,13.5,1920,1080,0.027,937.8,334.3
Round1,Q1,1490,745.0,BOWENS,0.6046,1237.3,160.9,40.7,13.8,1920,1080,0.027,1257.7,167.8
Round1,Q1,1490,745.0,BOWENS,0.5954,481.5,348.0,41.7,14.3,1920,1080,0.029,502.3,355.2
Round1,Q1,1490,745.0,BOWENS,0.5669,1786.5,155.3,48.3,16.0,1920,1080,0.037,1810.6,163.4
Round1,Q1,1490,745.0,BOWENS,0.5375,1711.8,257.2,48.3,14.7,1920,1080,0.034,1735.9,264.5
Round1,Q1,1490,745.0,BOWENS,0.5028,1060.9,159.9,42.1,13.8,1920,1080,0.028,1081.9,166.8
Round1,Q1,1490,745.0,BOWENS,0.4733,1848.1,344.9,45.3,15.5,1920,1080,0.034,1870.7,352.7
Round1,Q1,1490,745.0,BOWENS,0.4613,1375.7,326.9,43.5,13.1,1920,1080,0.027,1397.5,333.5
Round1,Q1,1490,745.0,BOWENS,0.4306,1607.1,333.5,46.6,14.4,1920,1080,0.032,1630.3,340.7
Round1,Q1,1490,745.0,BOWENS,0.4181,1598.8,159.6,45.0,15.9,1920,1080,0.035,1621.3,167.5
Round1,Q1,1490,745.0,BOWENS,0.4077,1415.7,160.7,43.1,14.0,1920,1080,0.029,1437.2,167.7
Round1,Q1,1491,745.5,BOWENS,0.7968,15.9,121.6,49.0,16.5,1920,1080,0.039,40.4,129.8
Round1,Q1,1491,745.5,BOWENS,0.7658,144.1,261.1,49.3,15.6,1920,1080,0.037,168.8,268.9
Round1,Q1,1491,745.5,BOWENS,0.7116,222.4,133.0,45.9,15.8,1920,1080,0.035,245.4,140.9
Round1,Q1,1491,745.5,BOWENS,0.6645,1877.2,343.8,42.6,18.1,1920,1080,0.037,1898.5,352.8
Round1,Q1,1491,745.5,BOWENS,0.6539,371.2,256.6,47.4,15.1,1920,1080,0.034,394.9,264.1
Round1,Q1,1491,745.5,BOWENS,0.5896,1059.9,251.4,46.2,13.1,1920,1080,0.029,1083.0,257.9
Round1,Q1,1491,745.5,BOWENS,0.5849,934.8,327.2,42.1,13.4,1920,1080,0.027,955.8,333.9
Round1,Q1,1491,745.5,BOWENS,0.5711,1740.8,256.6,48.5,14.0,1920,1080,0.033,1765.0,263.6
Round1,Q1,1491,745.5,BOWENS,0.5685,1816.5,153.2,45.9,14.9,1920,1080,0.033,1839.5,160.7
Round1,Q1,1491,745.5,BOWENS,0.5578,1258.5,159.0,43.4,13.7,1920,1080,0.029,1280.2,165.8
Round1,Q1,1491,745.5,BOWENS,0.5263,1625.6,156.8,43.0,15.1,1920,1080,0.031,1647.1,164.3
Round1,Q1,1491,745.5,BOWENS,0.5003,1636.6,333.6,44.5,14.7,1920,1080,0.032,1658.9,340.9
Round1,Q1,1491,745.5,BOWENS,0.4456,1397.8,327.1,45.2,12.9,1920,1080,0.028,1420.5,333.5
Round1,Q1,1491,745.5,BOWENS,0.3478,495.6,346.9,42.1,15.0,1920,1080,0.031,516.6,354.4
Round1,Q1,1492,746.0,BOWENS,0.7914,59.0,115.7,49.9,17.4,1920,1080,0.042,84.0,124.4
Round1,Q1,1492,746.0,BOWENS,0.7448,186.1,256.8,50.7,15.8,1920,1080,0.039,211.4,264.7
Round1,Q1,1492,746.0,BOWENS,0.7147,265.5,127.8,44.5,15.2,1920,1080,0.033,287.8,135.4
Round1,Q1,1492,746.0,BOWENS,0.6858,414.0,251.5,48.1,16.0,1920,1080,0.037,438.1,259.5
Round1,Q1,1492,746.0,BOWENS,0.6727,1110.5,247.9,45.6,12.7,1920,1080,0.028,1133.3,254.2
Round1,Q1,1492,746.0,BOWENS,0.6308,982.7,324.7,42.9,13.8,1920,1080,0.028,1004.1,331.5
Round1,Q1,1492,746.0,BOWENS,0.5899,1805.5,253.1,51.3,15.4,1920,1080,0.038,1831.1,260.8
Round1,Q1,1492,746.0,BOWENS,0.5799,1129.9,154.3,43.8,13.1,1920,1080,0.028,1151.8,160.8
Round1,Q1,1492,746.0,BOWENS,0.5221,1453.4,325.7,44.5,12.9,1920,1080,0.028,1475.6,332.2
Round1,Q1,1492,746.0,BOWENS,0.4824,539.5,343.3,42.6,14.9,1920,1080,0.031,560.8,350.7
Round1,Q1,1492,746.0,BOWENS,0.4771,1886.8,147.9,33.1,14.0,1920,1080,0.022,1903.3,154.9
Round1,Q1,1492,746.0,BOWENS,0.4578,1698.7,332.0,45.6,14.8,1920,1080,0.033,1721.5,339.4
Round1,Q1,1492,746.0,BOWENS,0.4542,631.0,248.6,47.3,14.9,1920,1080,0.034,654.6,256.1
Round1,Q1,1492,746.0,BOWENS,0.4403,1310.8,154.5,43.6,14.0,1920,1080,0.029,1332.6,161.5
Round1,Q1,1492,746.0,BOWENS,0.3742,1686.6,152.1,45.7,15.2,1920,1080,0.034,1709.4,159.7
Round1,Q1,1492,746.0,BOWENS,0.3438,1495.9,153.7,46.7,15.0,1920,1080,0.034,1519.2,161.2
Round1,Q1,1493,746.5,BOWENS,0.7884,248.6,253.9,50.5,15.4,1920,1080,0.038,273.8,261.6
Round1,Q1,1493,746.5,BOWENS,0.7761,123.3,113.1,48.2,16.8,1920,1080,0.039,147.4,121.5
Round1,Q1,1493,746.5,BOWENS,0.7649,327.2,124.9,46.8,15.9,1920,1080,0.036,350.6,132.8
Round1,Q1,1493,746.5,BOWENS,0.7077,1050.1,324.1,46.0,14.2,1920,1080,0.031,1073.1,331.2
Round1,Q1,1493,746.5,BOWENS,0.6273,1772.0,148.1,46.2,14.6,1920,1080,0.032,1795.1,155.3
Round1,Q1,1493,746.5,BOWENS,0.5868,1199.6,152.0,42.6,13.2,1920,1080,0.027,1220.9,158.6
Round1,Q1,1493,746.5,BOWENS,0.5521,602.1,341.6,44.0,15.2,1920,1080,0.032,624.1,349.2
Round1,Q1,1493,746.5,BOWENS,0.5516,1181.0,246.5,46.8,12.5,1920,1080,0.028,1204.4,252.8
Round1,Q1,1493,746.5,BOWENS,0.5416,1530.8,325.6,46.8,14.1,1920,1080,0.032,1554.2,332.6
Round1,Q1,1493,746.5,BOWENS,0.5267,1385.0,151.5,43.9,14.5,1920,1080,0.031,1407.0,158.7
Round1,Q1,1493,746.5,BOWENS,0.5072,476.1,249.5,50.7,15.9,1920,1080,0.039,501.4,257.5
Round1,Q1,1493,746.5,BOWENS,0.4858,1783.4,332.3,49.0,16.4,1920,1080,0.039,1807.9,340.4
Round1,Q1,1493,746.5,BOWENS,0.4493,1575.1,151.2,44.7,14.4,1920,1080,0.031,1597.4,158.4
Round1,Q1,1494,747.0,BOWENS,0.811,200.3,112.1,50.2,16.7,1920,1080,0.041,225.4,120.5
Round1,Q1,1494,747.0,BOWENS,0.78,325.6,253.6,51.2,15.7,1920,1080,0.039,351.2,261.5
Round1,Q1,1494,747.0,BOWENS,0.7597,403.8,123.1,46.6,16.4,1920,1080,0.037,427.1,131.3
Round1,Q1,1494,747.0,BOWENS,0.7516,0.0,95.5,26.5,16.7,1920,1080,0.021,13.2,103.8
Round1,Q1,1494,747.0,BOWENS,0.6879,0.0,418.8,28.5,22.4,1920,1080,0.031,14.3,430.0
Round1,Q1,1494,747.0,BOWENS,0.6695,554.1,249.8,49.8,16.1,1920,1080,0.039,579.0,257.8
Round1,Q1,1494,747.0,BOWENS,0.6469,1480.7,150.6,45.7,14.2,1920,1080,0.031,1503.5,157.8
Round1,Q1,1494,747.0,BOWENS,0.626,1632.4,330.1,49.9,14.0,1920,1080,0.034,1657.3,337.2
Round1,Q1,1494,747.0,BOWENS,0.6133,1289.8,150.8,44.4,13.8,1920,1080,0.029,1312.0,157.7
Round1,Q1,1494,747.0,BOWENS,0.6008,1136.1,326.5,47.0,14.7,1920,1080,0.033,1159.5,333.9
Round1,Q1,1494,747.0,BOWENS,0.5932,1269.8,248.1,47.7,13.2,1920,1080,0.03,1293.6,254.7
Round1,Q1,1494,747.0,BOWENS,0.5757,680.3,343.1,44.7,15.3,1920,1080,0.033,702.6,350.7
Round1,Q1,1494,747.0,BOWENS,0.4441,1888.2,143.7,31.5,16.8,1920,1080,0.026,1903.9,152.2
Round1,Q1,1494,747.0,BOWENS,0.4438,1679.7,149.4,47.2,13.6,1920,1080,0.031,1703.3,156.2
Round1,Q1,1494,747.0,BOWENS,0.4101,1700.2,204.2,43.6,13.6,1920,1080,0.029,1722.0,211.0
Round1,Q1,1494,747.0,BOWENS,0.3652,1897.7,337.0,22.0,15.9,1920,1080,0.017,1908.7,345.0
Round1,Q1,1495,747.5,BOWENS,0.8131,391.6,247.8,51.6,16.0,1920,1080,0.04,417.4,255.8
Round1,Q1,1495,747.5,BOWENS,0.806,40.9,86.1,50.6,18.3,1920,1080,0.045,66.2,95.2
Round1,Q1,1495,747.5,BOWENS,0.7678,265.6,104.0,48.5,17.3,1920,1080,0.04,289.8,112.6
Round1,Q1,1495,747.5,BOWENS,0.7319,470.3,115.3,46.9,16.3,1920,1080,0.037,493.8,123.5
Round1,Q1,1495,747.5,BOWENS,0.7273,624.0,244.5,51.1,16.1,1920,1080,0.04,649.6,252.5
Round1,Q1,1495,747.5,BOWENS,0.6604,1219.0,326.1,47.3,14.1,1920,1080,0.032,1242.6,333.1
Round1,Q1,1495,747.5,BOWENS,0.6601,43.6,415.7,48.8,22.2,1920,1080,0.052,68.0,426.8
Round1,Q1,1495,747.5,BOWENS,0.6012,1377.0,143.4,45.8,14.7,1920,1080,0.032,1399.8,150.8
Round1,Q1,1495,747.5,BOWENS,0.6005,1784.0,139.4,50.2,15.4,1920,1080,0.037,1809.1,147.1
Round1,Q1,1495,747.5,BOWENS,0.5836,1735.7,329.3,52.1,14.5,1920,1080,0.036,1761.7,336.5
Round1,Q1,1495,747.5,BOWENS,0.5747,751.5,341.0,45.5,15.1,1920,1080,0.033,774.2,348.5
Round1,Q1,1495,747.5,BOWENS,0.5426,1357.4,244.3,50.0,14.0,1920,1080,0.034,1382.4,251.2
Round1,Q1,1495,747.5,BOWENS,0.5341,1575.9,142.2,49.0,15.7,1920,1080,0.037,1600.4,150.0
Round1,Q1,1495,747.5,BOWENS,0.3785,1806.3,197.4,46.9,14.0,1920,1080,0.032,1829.8,204.4
Round1,Q1,1496,748.0,BOWENS,0.8113,88.1,73.2,51.5,19.1,1920,1080,0.047,113.8,82.8
Round1,Q1,1496,748.0,BOWENS,0.7935,445.5,239.7,52.1,15.8,1920,1080,0.04,471.6,247.6
Round1,Q1,1496,748.0,BOWENS,0.7898,89.7,409.7,49.9,22.6,1920,1080,0.054,114.7,421.0
Round1,Q1,1496,748.0,BOWENS,0.7865,317.3,91.6,48.6,17.0,1920,1080,0.04,341.6,100.1
Round1,Q1,1496,748.0,BOWENS,0.78,684.1,235.4,51.6,17.3,1920,1080,0.043,709.9,244.1
Round1,Q1,1496,748.0,BOWENS,0.7739,1443.7,236.8,50.3,13.4,1920,1080,0.032,1468.8,243.5
Round1,Q1,1496,748.0,BOWENS,0.7687,527.1,103.4,47.7,15.9,1920,1080,0.037,550.9,111.4
Round1,Q1,1496,748.0,BOWENS,0.7485,1842.8,324.6,54.6,15.2,1920,1080,0.04,1870.1,332.2
Round1,Q1,1496,748.0,BOWENS,0.6159,1298.3,321.4,49.7,15.7,1920,1080,0.038,1323.2,329.2
Round1,Q1,1496,748.0,BOWENS,0.5983,1463.3,131.6,48.5,15.0,1920,1080,0.035,1487.5,139.1
Round1,Q1,1496,748.0,BOWENS,0.5555,1720.6,237.3,55.5,14.9,1920,1080,0.04,1748.4,244.8
Round1,Q1,1496,748.0,BOWENS,0.5342,815.2,336.0,48.1,15.6,1920,1080,0.036,839.2,343.8
Round1,Q1,1496,748.0,BOWENS,0.521,1672.4,129.4,50.7,15.7,1920,1080,0.038,1697.8,137.2
Round1,Q1,1496,748.0,BOWENS,0.4961,1897.8,125.5,22.2,14.7,1920,1080,0.016,1908.9,132.8
Round1,Q1,1497,748.5,BOWENS,0.833,497.4,230.6,53.2,15.8,1920,1080,0.041,524.0,238.5
Round1,Q1,1497,748.5,BOWENS,0.8177,132.9,58.9,53.4,19.4,1920,1080,0.05,159.5,68.6
Round1,Q1,1497,748.5,BOWENS,0.8031,365.6,78.7,48.9,16.7,1920,1080,0.039,390.1,87.1
Round1,Q1,1497,748.5,BOWENS,0.773,580.0,91.0,48.7,16.6,1920,1080,0.039,604.3,99.3
Round1,Q1,1497,748.5,BOWENS,0.7699,742.3,227.8,51.9,16.5,1920,1080,0.041,768.3,236.0
Round1,Q1,1497,748.5,BOWENS,0.7471,133.0,404.1,48.0,23.0,1920,1080,0.053,157.0,415.6
Round1,Q1,1497,748.5,BOWENS,0.7404,1825.4,227.4,58.3,15.4,1920,1080,0.043,1854.5,235.1
Round1,Q1,1497,748.5,BOWENS,0.6572,1377.4,316.4,52.1,15.7,1920,1080,0.04,1403.4,324.2
Round1,Q1,1497,748.5,BOWENS,0.6526,1773.6,114.5,51.8,16.2,1920,1080,0.04,1799.5,122.6
Round1,Q1,1497,748.5,BOWENS,0.652,1528.9,228.4,53.4,13.8,1920,1080,0.036,1555.6,235.3
Round1,Q1,1497,748.5,BOWENS,0.6097,1549.2,118.5,53.5,16.0,1920,1080,0.041,1576.0,126.5
Round1,Q1,1497,748.5,BOWENS,0.5617,877.1,330.2,48.1,16.0,1920,1080,0.037,901.2,338.2
Round1,Q1,1498,749.0,BOWENS,0.8368,175.3,42.8,56.2,21.1,1920,1080,0.057,203.4,53.3
Round1,Q1,1498,749.0,BOWENS,0.8266,551.5,220.6,54.5,17.5,1920,1080,0.046,578.7,229.4
Round1,Q1,1498,749.0,BOWENS,0.8162,636.8,76.7,49.7,16.5,1920,1080,0.04,661.7,84.9
Round1,Q1,1498,749.0,BOWENS,0.8106,415.0,63.4,51.9,17.9,1920,1080,0.045,440.9,72.4
Round1,Q1,1498,749.0,BOWENS,0.7922,803.9,217.9,53.6,17.8,1920,1080,0.046,830.7,226.8
Round1,Q1,1498,749.0,BOWENS,0.7702,175.0,397.9,51.7,23.6,1920,1080,0.059,200.8,409.7
Round1,Q1,1498,749.0,BOWENS,0.7218,1624.8,217.8,57.5,15.3,1920,1080,0.042,1653.5,225.5
Round1,Q1,1498,749.0,BOWENS,0.7045,1465.6,311.2,52.6,15.7,1920,1080,0.04,1492.0,319.0
Round1,Q1,1498,749.0,BOWENS,0.6364,1889.9,96.9,30.1,15.8,1920,1080,0.023,1905.0,104.8
Round1,Q1,1498,749.0,BOWENS,0.5694,1648.1,103.0,53.5,15.7,1920,1080,0.041,1674.9,110.9
Round1,Q1,1499,749.5,BOWENS,0.8305,213.6,29.5,57.0,21.0,1920,1080,0.058,242.1,40.0
Round1,Q1,1499,749.5,BOWENS,0.81,687.5,63.6,50.7,17.8,1920,1080,0.043,712.8,72.5
Round1,Q1,1499,749.5,BOWENS,0.8091,600.3,213.2,56.8,17.7,1920,1080,0.049,628.6,222.1
Round1,Q1,1499,749.5,BOWENS,0.7936,212.1,395.4,52.0,23.5,1920,1080,0.059,238.1,407.2
Round1,Q1,1499,749.5,BOWENS,0.7927,860.3,210.5,55.8,17.8,1920,1080,0.048,888.2,219.4
Round1,Q1,1499,749.5,BOWENS,0.7734,460.2,51.1,52.5,18.2,1920,1080,0.046,486.4,60.2
Round1,Q1,1499,749.5,BOWENS,0.69,1722.5,209.6,60.9,14.7,1920,1080,0.043,1753.0,216.9
Round1,Q1,1499,749.5,BOWENS,0.677,1552.3,307.2,55.9,16.3,1920,1080,0.044,1580.3,315.4
Round1,Q1,1499,749.5,BOWENS,0.6065,1746.8,87.0,56.8,16.3,1920,1080,0.045,1775.2,95.1
Round1,Q1,1499,749.5,BOWENS,0.3135,1822.2,152.7,51.9,14.8,1920,1080,0.037,1848.1,160.1
Round1,Q1,1500,750.0,BOWENS,0.8566,644.1,205.1,58.0,17.8,1920,1080,0.05,673.1,214.0
Round1,Q1,1500,750.0,BOWENS,0.8359,241.9,12.6,58.3,21.4,1920,1080,0.06,271.0,23.3
Round1,Q1,1500,750.0,BOWENS,0.8171,735.2,49.2,51.2,17.3,1920,1080,0.043,760.8,57.8
Round1,Q1,1500,750.0,BOWENS,0.8158,241.3,393.1,52.1,24.4,1920,1080,0.061,267.4,405.3
Round1,Q1,1500,750.0,BOWENS,0.8144,498.5,35.1,53.6,18.5,1920,1080,0.048,525.3,44.4
Round1,Q1,1500,750.0,BOWENS,0.8128,916.1,203.2,57.2,17.5,1920,1080,0.048,944.7,212.0
Round1,Q1,1500,750.0,BOWENS,0.778,1830.1,198.6,65.7,16.4,1920,1080,0.052,1863.0,206.8
Round1,Q1,1500,750.0,BOWENS,0.7267,1859.8,67.8,58.1,17.0,1920,1080,0.048,1888.9,76.3
Round1,Q1,1500,750.0,BOWENS,0.7074,1646.6,304.4,58.3,15.8,1920,1080,0.044,1675.7,312.3
Round1,Q1,1500,750.0,BOWENS,0.4762,1065.9,318.9,51.1,17.2,1920,1080,0.042,1091.4,327.5
Round1,Q1,1501,750.5,BOWENS,0.8526,672.9,197.5,59.5,18.2,1920,1080,0.052,702.7,206.6
Round1,Q1,1501,750.5,BOWENS,0.8438,520.9,20.8,55.4,19.2,1920,1080,0.051,548.5,30.4
Round1,Q1,1501,750.5,BOWENS,0.8323,256.2,0.0,59.4,18.5,1920,1080,0.053,285.9,9.3
Round1,Q1,1501,750.5,BOWENS,0.8213,766.8,35.4,54.2,17.6,1920,1080,0.046,793.9,44.3
Round1,Q1,1501,750.5,BOWENS,0.8168,252.9,391.4,53.3,24.8,1920,1080,0.064,279.6,403.8
Round1,Q1,1501,750.5,BOWENS,0.8086,955.9,195.9,57.7,17.7,1920,1080,0.049,984.7,204.7
Round1,Q1,1501,750.5,BOWENS,0.7279,1721.0,299.5,61.8,17.2,1920,1080,0.051,1751.9,308.1
Round1,Q1,1501,750.5,BOWENS,0.6773,1275.1,193.7,50.3,16.6,1920,1080,0.04,1300.2,202.0
Round1,Q1,1501,750.5,BOWENS,0.3661,1110.9,315.6,53.4,17.6,1920,1080,0.045,1137.6,324.4
Round1,Q1,1503,751.5,BOWENS,0.8654,606.2,202.0,63.6,19.1,1920,1080,0.059,638.0,211.6
Round1,Q1,1503,751.5,BOWENS,0.8621,711.3,201.5,64.6,19.6,1920,1080,0.061,743.6,211.3
Round1,Q1,1503,751.5,BOWENS,0.8504,815.5,201.3,63.5,18.7,1920,1080,0.057,847.2,210.7
Round1,Q1,1503,751.5,BOWENS,0.8482,536.0,7.8,61.1,19.5,1920,1080,0.057,566.5,17.6
Round1,Q1,1503,751.5,BOWENS,0.8477,1770.5,314.6,66.2,18.1,1920,1080,0.058,1803.6,323.7
Round1,Q1,1503,751.5,BOWENS,0.8468,1473.3,196.1,64.8,18.0,1920,1080,0.056,1505.7,205.1
Round1,Q1,1503,751.5,BOWENS,0.8413,918.8,200.8,62.9,18.4,1920,1080,0.056,950.2,210.0
Round1,Q1,1503,751.5,BOWENS,0.8323,1368.1,197.0,62.9,18.5,1920,1080,0.056,1399.5,206.3
Round1,Q1,1503,751.5,BOWENS,0.8318,807.0,23.8,57.8,18.6,1920,1080,0.052,835.9,33.1
Round1,Q1,1503,751.5,BOWENS,0.831,1021.9,200.1,62.7,18.8,1920,1080,0.057,1053.3,209.6
Round1,Q1,1503,751.5,BOWENS,0.8191,725.5,19.3,59.3,19.1,1920,1080,0.055,755.1,28.8
Round1,Q1,1503,751.5,BOWENS,0.8173,449.4,1.3,62.4,19.9,1920,1080,0.06,480.6,11.2
Round1,Q1,1503,751.5,BOWENS,0.8168,897.0,27.6,67.1,19.5,1920,1080,0.063,930.5,37.4
Round1,Q1,1503,751.5,BOWENS,0.8158,1124.2,199.5,63.0,18.2,1920,1080,0.055,1155.7,208.6
Round1,Q1,1503,751.5,BOWENS,0.8107,630.6,14.1,60.2,19.4,1920,1080,0.056,660.7,23.8
Round1,Q1,1503,751.5,BOWENS,0.8059,51.6,448.0,62.1,31.2,1920,1080,0.094,82.7,463.6
Round1,Q1,1503,751.5,BOWENS,0.8019,1641.8,317.4,63.9,18.9,1920,1080,0.058,1673.8,326.8
Round1,Q1,1503,751.5,BOWENS,0.7813,244.5,411.1,62.7,27.0,1920,1080,0.082,275.9,424.6
Round1,Q1,1503,751.5,BOWENS,0.742,350.3,0.0,66.9,12.8,1920,1080,0.041,383.8,6.4
Round1,Q1,1503,751.5,BOWENS,0.7215,1307.5,327.9,57.8,17.9,1920,1080,0.05,1336.4,336.9
Round1,Q1,1503,751.5,BOWENS,0.7205,1099.7,335.9,58.3,18.6,1920,1080,0.052,1128.8,345.2
Round1,Q1,1503,751.5,BOWENS,0.7129,989.7,341.6,59.4,18.9,1920,1080,0.054,1019.4,351.1
Round1,Q1,1503,751.5,BOWENS,0.6545,1885.6,312.5,34.4,18.2,1920,1080,0.03,1902.8,321.6
Round1,Q1,1503,751.5,BOWENS,0.5271,1226.4,198.6,63.2,17.8,1920,1080,0.054,1258.0,207.5
Round1,Q1,1503,751.5,BOWENS,0.3843,348.4,397.9,44.0,24.9,1920,1080,0.053,370.4,410.4
Round1,Q1,1504,752.0,BOWENS,0.8776,728.6,197.4,68.5,20.9,1920,1080,0.069,762.8,207.9
Round1,Q1,1504,752.0,BOWENS,0.8691,614.4,198.1,67.5,20.1,1920,1080,0.065,648.1,208.1
Round1,Q1,1504,752.0,BOWENS,0.8659,839.6,196.8,67.9,20.4,1920,1080,0.067,873.6,207.0
Round1,Q1,1504,752.0,BOWENS,0.8539,950.9,196.6,66.7,20.0,1920,1080,0.064,984.3,206.6
Round1,Q1,1504,752.0,BOWENS,0.8537,223.6,422.3,60.3,28.7,1920,1080,0.083,253.8,436.7
Round1,Q1,1504,752.0,BOWENS,0.8528,1062.6,195.7,67.6,19.9,1920,1080,0.065,1096.4,205.7
Round1,Q1,1504,752.0,BOWENS,0.8465,743.0,2.4,61.6,18.4,1920,1080,0.055,773.8,11.6
Round1,Q1,1504,752.0,BOWENS,0.8461,1173.0,194.4,68.0,20.8,1920,1080,0.068,1206.9,204.8
Round1,Q1,1504,752.0,BOWENS,0.8446,1436.6,191.1,68.9,19.8,1920,1080,0.066,1471.1,201.0
Round1,Q1,1504,752.0,BOWENS,0.8435,13.1,460.1,66.9,34.5,1920,1080,0.111,46.6,477.4
Round1,Q1,1504,752.0,BOWENS,0.8411,1552.0,189.5,70.2,19.3,1920,1080,0.065,1587.1,199.1
Round1,Q1,1504,752.0,BOWENS,0.8377,927.9,10.4,61.9,18.8,1920,1080,0.056,958.9,19.8
Round1,Q1,1504,752.0,BOWENS,0.8237,830.9,6.4,60.1,18.7,1920,1080,0.054,860.9,15.7
Round1,Q1,1504,752.0,BOWENS,0.8184,641.2,0.0,63.6,15.5,1920,1080,0.048,673.0,7.8
Round1,Q1,1504,752.0,BOWENS,0.8074,1369.5,332.6,63.9,19.5,1920,1080,0.06,1401.4,342.3
Round1,Q1,1504,752.0,BOWENS,0.7819,1146.9,341.7,60.8,19.9,1920,1080,0.058,1177.2,351.7
Round1,Q1,1504,752.0,BOWENS,0.7809,1027.6,347.5,60.4,19.9,1920,1080,0.058,1057.8,357.5
Round1,Q1,1504,752.0,BOWENS,0.776,1604.6,324.4,67.9,19.7,1920,1080,0.064,1638.6,334.3
Round1,Q1,1504,752.0,BOWENS,0.7741,1739.1,321.8,68.2,18.5,1920,1080,0.061,1773.2,331.0
Round1,Q1,1504,752.0,BOWENS,0.766,1879.1,318.4,40.9,18.9,1920,1080,0.037,1899.6,327.8
Round1,Q1,1504,752.0,BOWENS,0.5215,542.4,0.0,57.0,8.9,1920,1080,0.025,570.9,4.5
Round1,Q1,1504,752.0,BOWENS,0.3119,1493.4,327.8,68.9,20.1,1920,1080,0.067,1527.8,337.9
Round1,Q1,1505,752.5,BOWENS,0.8767,611.3,183.1,72.3,22.7,1920,1080,0.079,647.5,194.4
Round1,Q1,1505,752.5,BOWENS,0.8712,858.6,182.9,73.6,21.2,1920,1080,0.075,895.4,193.5
Round1,Q1,1505,752.5,BOWENS,0.8675,736.8,183.0,73.4,22.3,1920,1080,0.079,773.4,194.1
Round1,Q1,1505,752.5,BOWENS,0.8665,1062.5,348.0,68.6,21.7,1920,1080,0.072,1096.8,358.9
Round1,Q1,1505,752.5,BOWENS,0.8659,1642.1,173.2,79.3,20.1,1920,1080,0.077,1681.7,183.3
Round1,Q1,1505,752.5,BOWENS,0.865,979.9,182.5,72.7,20.8,1920,1080,0.073,1016.3,192.9
Round1,Q1,1505,752.5,BOWENS,0.8641,1223.1,180.2,74.5,20.6,1920,1080,0.074,1260.4,190.5
Round1,Q1,1505,752.5,BOWENS,0.8634,181.0,427.8,67.1,30.6,1920,1080,0.099,214.5,443.2
Round1,Q1,1505,752.5,BOWENS,0.8616,1514.0,175.7,76.6,20.3,1920,1080,0.075,1552.3,185.8
Round1,Q1,1505,752.5,BOWENS,0.8485,1102.8,181.1,72.6,21.2,1920,1080,0.074,1139.1,191.7
Round1,Q1,1505,752.5,BOWENS,0.8183,1700.9,321.3,78.5,21.5,1920,1080,0.081,1740.1,332.1
Round1,Q1,1505,752.5,BOWENS,0.81,1194.1,341.6,66.8,21.1,1920,1080,0.068,1227.5,352.1
Round1,Q1,1505,752.5,BOWENS,0.7471,1852.2,317.8,67.8,20.7,1920,1080,0.068,1886.1,328.1
Round1,Q1,1505,752.5,BOWENS,0.7419,1440.2,331.1,71.7,21.2,1920,1080,0.073,1476.1,341.6
Round1,Q1,1505,752.5,BOWENS,0.4273,1580.9,325.4,72.5,21.8,1920,1080,0.076,1617.2,336.3
Round1,Q1,1505,752.5,BOWENS,0.3702,0.0,463.1,16.8,36.4,1920,1080,0.029,8.4,481.3
Round1,Q1,1508,754.0,EMIRATES,0.5213,980.7,484.5,29.0,14.9,1920,1080,0.021,995.2,491.9
Round1,Q1,1511,755.5,EMIRATES,0.4262,637.9,2.9,41.0,18.6,1920,1080,0.037,658.4,12.2
Round1,Q1,1514,757.0,EMIRATES,0.8646,843.3,272.9,27.5,31.8,1920,1080,0.042,857.1,288.7
Round1,Q1,1520,760.0,EMIRATES,0.8303,1054.9,284.7,37.2,16.6,1920,1080,0.03,1073.5,293.0
Round1,Q1,1521,760.5,EMIRATES,0.7784,1080.8,293.5,34.2,12.1,1920,1080,0.02,1097.9,299.5
Round1,Q1,1522,761.0,EMIRATES,0.8559,802.0,229.7,46.4,31.7,1920,1080,0.071,825.1,245.5
Round1,Q1,1524,762.0,EMIRATES,0.8638,541.8,207.6,52.0,18.0,1920,1080,0.045,567.8,216.6
Round1,Q1,1577,788.5,EMIRATES,0.8351,1565.5,151.1,51.6,26.6,1920,1080,0.066,1591.3,164.4
Round1,Q1,1577,788.5,EMIRATES,0.8311,1426.3,626.7,66.4,32.2,1920,1080,0.103,1459.5,642.8
Round1,Q1,1579,789.5,EMIRATES,0.8743,557.8,2.5,50.1,17.5,1920,1080,0.042,582.8,11.2
Round1,Q1,1579,789.5,EMIRATES,0.874,1287.0,183.5,38.5,15.6,1920,1080,0.029,1306.3,191.3
Round1,Q1,1580,790.0,EMIRATES,0.3546,217.7,0.0,42.3,8.2,1920,1080,0.017,238.9,4.1
Round1,Q1,1581,790.5,EMIRATES,0.8958,1581.2,165.1,39.0,17.8,1920,1080,0.033,1600.7,174.0
Round1,Q1,1582,791.0,EMIRATES,0.8126,1757.7,252.5,54.1,22.3,1920,1080,0.058,1784.8,263.7
Round1,Q1,1583,791.5,EMIRATES,0.894,1762.2,463.7,47.3,17.0,1920,1080,0.039,1785.8,472.2
Round1,Q1,1585,792.5,EMIRATES,0.8732,618.4,509.7,58.6,22.7,1920,1080,0.064,647.7,521.0
Round1,Q1,1586,793.0,EMIRATES,0.6945,719.8,573.9,43.5,14.0,1920,1080,0.029,741.5,580.9
Round1,Q1,1586,793.0,EMIRATES,0.6625,1395.6,408.1,23.6,18.0,1920,1080,0.021,1407.5,417.1
Round1,Q1,1587,793.5,EMIRATES,0.8068,823.7,451.3,78.1,19.8,1920,1080,0.075,862.8,461.2
Round1,Q1,1589,794.5,EMIRATES,0.4801,1331.5,302.0,26.2,30.2,1920,1080,0.038,1344.5,317.1
Round1,Q1,1590,795.0,EMIRATES,0.4862,1756.3,513.2,69.9,16.7,1920,1080,0.056,1791.3,521.5
Round1,Q1,1591,795.5,EMIRATES,0.8524,1559.9,553.6,47.4,17.8,1920,1080,0.041,1583.6,562.5
Round1,Q1,1591,795.5,EMIRATES,0.8107,1344.5,329.9,47.9,22.9,1920,1080,0.053,1368.4,341.3
Round1,Q1,1592,796.0,EMIRATES,0.8909,1527.9,448.4,55.6,19.1,1920,1080,0.051,1555.8,457.9
Round1,Q1,1593,796.5,EMIRATES,0.8928,1368.9,595.3,61.7,19.9,1920,1080,0.059,1399.8,605.2
Round1,Q1,1594,797.0,EMIRATES,0.8867,811.7,609.0,67.6,23.2,1920,1080,0.076,845.5,620.6
Round1,Q1,1594,797.0,EMIRATES,0.7867,1557.8,458.1,56.6,27.9,1920,1080,0.076,1586.1,472.0
Round1,Q1,1595,797.5,EMIRATES,0.8725,1576.8,475.3,66.6,26.6,1920,1080,0.085,1610.1,488.6
Round1,Q1,1595,797.5,EMIRATES,0.8672,388.8,624.2,66.0,27.5,1920,1080,0.087,421.8,637.9
Round1,Q1,1595,797.5,EMIRATES,0.5124,1328.8,403.4,39.5,12.2,1920,1080,0.023,1348.5,409.5
Round1,Q1,1596,798.0,EMIRATES,0.8164,0.0,636.3,62.5,28.0,1920,1080,0.085,31.3,650.3
Round1,Q1,1597,798.5,EMIRATES,0.8922,1086.4,502.6,58.7,19.6,1920,1080,0.055,1115.8,512.4
Round1,Q1,1598,799.0,EMIRATES,0.8791,576.1,478.5,70.1,22.0,1920,1080,0.075,611.2,489.5
Round1,Q1,1598,799.0,EMIRATES,0.8337,1586.4,441.9,52.0,39.0,1920,1080,0.098,1612.4,461.4
Round1,Q1,1599,799.5,EMIRATES,0.9038,570.3,365.4,47.6,35.0,1920,1080,0.08,594.1,382.8
Round1,Q1,1599,799.5,EMIRATES,0.8849,1845.8,228.4,59.5,17.8,1920,1080,0.051,1875.6,237.3
Round1,Q1,1599,799.5,EMIRATES,0.8245,1301.4,313.2,64.2,51.6,1920,1080,0.16,1333.5,339.0
Round1,Q1,1599,799.5,EMIRATES,0.3931,319.6,650.0,61.7,17.0,1920,1080,0.051,350.4,658.5
Round1,Q1,1606,803.0,ACCESS_COVERS,0.4866,1882.5,0.9,37.5,32.6,1920,1080,0.059,1901.3,17.2
Round1,Q1,1607,803.5,ACCESS_COVERS,0.6941,1724.9,0.7,138.4,15.8,1920,1080,0.105,1794.1,8.6
Round1,Q1,1608,804.0,ACCESS_COVERS,0.716,1549.1,0.5,133.6,17.9,1920,1080,0.115,1615.9,9.4
Round1,Q1,1609,804.5,ACCESS_COVERS,0.7137,1399.0,10.7,119.8,27.9,1920,1080,0.161,1458.9,24.7
Round1,Q1,1610,805.0,ACCESS_COVERS,0.6074,1229.5,23.0,116.3,26.1,1920,1080,0.146,1287.7,36.0
Round1,Q1,1611,805.5,ACCESS_COVERS,0.6417,1067.8,29.8,113.2,24.8,1920,1080,0.135,1124.4,42.1
Round1,Q1,1612,806.0,ACCESS_COVERS,0.7392,886.7,40.7,115.2,24.9,1920,1080,0.138,944.3,53.1
Round1,Q1,1613,806.5,ACCESS_COVERS,0.7044,659.6,53.1,102.7,25.3,1920,1080,0.125,711.0,65.7
Round1,Q1,1614,807.0,ACCESS_COVERS,0.5548,370.2,74.9,108.2,25.8,1920,1080,0.135,424.3,87.8
Round1,Q1,1616,808.0,EMIRATES,0.8038,1098.4,456.5,72.4,29.8,1920,1080,0.104,1134.6,471.4
Round1,Q1,1617,808.5,EMIRATES,0.8333,724.6,158.0,59.4,20.3,1920,1080,0.058,754.3,168.1
Round1,Q1,1618,809.0,EMIRATES,0.5074,1903.5,270.6,15.3,48.3,1920,1080,0.036,1911.1,294.7
Round1,Q1,1618,809.0,EMIRATES,0.437,1904.7,220.5,14.9,51.3,1920,1080,0.037,1912.2,246.2
Round1,Q1,1619,809.5,EMIRATES,0.4549,1753.1,277.7,13.2,49.0,1920,1080,0.031,1759.7,302.2
Round1,Q1,1619,809.5,EMIRATES,0.4321,1904.4,260.4,15.3,93.1,1920,1080,0.069,1912.1,307.0
Round1,Q1,1620,810.0,EMIRATES,0.4123,1769.9,308.4,13.4,47.2,1920,1080,0.031,1776.6,332.0
Round1,Q1,1620,810.0,EMIRATES,0.3375,1623.5,237.2,11.9,93.2,1920,1080,0.053,1629.5,283.8
Round1,Q1,1621,810.5,EMIRATES,0.5917,1832.1,273.0,15.0,106.2,1920,1080,0.077,1839.6,326.1
Round1,Q1,1621,810.5,EMIRATES,0.412,1524.2,236.7,11.9,89.4,1920,1080,0.051,1530.1,281.4
Round1,Q1,1621,810.5,EMIRATES,0.393,1669.4,262.0,13.0,90.2,1920,1080,0.057,1675.9,307.1
Round1,Q1,1626,813.0,EMIRATES,0.8123,98.9,297.5,75.8,27.7,1920,1080,0.101,136.8,311.3
Round1,Q1,1626,813.0,EMIRATES,0.7501,1085.2,481.4,45.4,30.2,1920,1080,0.066,1107.9,496.5
Round1,Q1,1626,813.0,EMIRATES,0.6059,1610.1,0.0,52.5,7.6,1920,1080,0.019,1636.3,3.8
Round1,Q1,1627,813.5,EMIRATES,0.8918,1532.3,47.7,58.7,19.7,1920,1080,0.056,1561.6,57.5
Round1,Q1,1627,813.5,EMIRATES,0.8127,482.7,183.9,52.9,41.4,1920,1080,0.105,509.1,204.6
Round1,Q1,1628,814.0,EMIRATES,0.8912,1433.9,97.9,55.1,19.2,1920,1080,0.051,1461.4,107.5
Round1,Q1,1628,814.0,EMIRATES,0.8649,748.9,129.2,53.1,46.9,1920,1080,0.12,775.4,152.6
Round1,Q1,1628,814.0,EMIRATES,0.584,1072.3,362.4,56.8,21.1,1920,1080,0.058,1100.7,373.0
Round1,Q1,1629,814.5,EMIRATES,0.5794,1687.1,317.1,12.8,76.9,1920,1080,0.047,1693.5,355.6
Round1,Q1,1629,814.5,EMIRATES,0.5788,1529.0,299.8,11.3,66.5,1920,1080,0.036,1534.6,333.1
Round1,Q1,1630,815.0,EMIRATES,0.567,1519.0,307.0,11.3,65.9,1920,1080,0.036,1524.7,339.9
Round1,Q1,1630,815.0,EMIRATES,0.5373,1674.7,322.2,12.7,77.3,1920,1080,0.047,1681.1,360.8
Round1,Q1,1630,815.0,EMIRATES,0.4626,1849.3,348.4,12.5,80.1,1920,1080,0.048,1855.6,388.5
Round1,Q1,1630,815.0,EMIRATES,0.4292,1377.5,298.9,10.3,50.7,1920,1080,0.025,1382.7,324.2
Round1,Q1,1631,815.5,EMIRATES,0.6619,1659.9,328.2,12.4,78.6,1920,1080,0.047,1666.1,367.5
Round1,Q1,1631,815.5,EMIRATES,0.5159,1830.7,355.7,12.4,79.4,1920,1080,0.047,1836.9,395.4
Round1,Q1,1631,815.5,EMIRATES,0.5116,1507.0,316.6,11.2,63.5,1920,1080,0.034,1512.6,348.4
Round1,Q1,1631,815.5,EMIRATES,0.3308,1368.5,301.0,10.6,55.0,1920,1080,0.028,1373.8,328.5
Round1,Q1,1632,816.0,EMIRATES,0.6149,1491.2,328.6,11.5,61.5,1920,1080,0.034,1496.9,359.4
Round1,Q1,1632,816.0,EMIRATES,0.5448,1640.4,340.8,12.0,75.1,1920,1080,0.043,1646.4,378.3
Round1,Q1,1632,816.0,EMIRATES,0.5304,1806.7,367.8,11.8,74.9,1920,1080,0.043,1812.6,405.3
Round1,Q1,1632,816.0,EMIRATES,0.447,1356.6,313.5,10.2,52.7,1920,1080,0.026,1361.7,339.8
Round1,Q1,1633,816.5,EMIRATES,0.5488,1786.7,370.9,12.2,82.6,1920,1080,0.049,1792.8,412.2
Round1,Q1,1633,816.5,EMIRATES,0.4309,1625.0,346.1,11.5,79.2,1920,1080,0.044,1630.7,385.7
Round1,Q1,1633,816.5,EMIRATES,0.359,1347.4,323.0,9.5,54.6,1920,1080,0.025,1352.1,350.3
Round1,Q1,1634,817.0,EMIRATES,0.4828,1465.5,349.3,11.2,62.6,1920,1080,0.034,1471.1,380.7
Round1,Q1,1634,817.0,EMIRATES,0.437,1767.5,390.0,11.7,71.5,1920,1080,0.04,1773.4,425.8
Round1,Q1,1634,817.0,EMIRATES,0.4032,1607.7,359.9,12.6,75.3,1920,1080,0.046,1613.9,397.6
Round1,Q1,1634,817.0,EMIRATES,0.3325,1335.5,335.2,11.1,53.0,1920,1080,0.028,1341.0,361.7
Round1,Q1,1635,817.5,EMIRATES,0.8733,946.8,301.6,156.8,82.3,1920,1080,0.622,1025.2,342.7
Round1,Q1,1636,818.0,EMIRATES,0.8721,1752.5,284.4,167.3,100.1,1920,1080,0.808,1836.2,334.4
Round1,Q1,1637,818.5,EMIRATES,0.8874,932.3,572.4,118.7,62.0,1920,1080,0.355,991.6,603.5
Round1,Q1,1637,818.5,EMIRATES,0.8698,1375.8,284.6,233.6,62.7,1920,1080,0.706,1492.6,315.9
Round1,Q1,1638,819.0,EMIRATES,0.8528,638.3,325.7,238.8,65.8,1920,1080,0.757,757.7,358.6
Round1,Q1,1639,819.5,EMIRATES,0.8775,971.1,310.9,186.0,59.3,1920,1080,0.532,1064.1,340.6
Round1,Q1,1640,820.0,EMIRATES,0.9038,1049.4,284.9,147.9,45.7,1920,1080,0.326,1123.4,307.8
Round1,Q1,1644,822.0,EMIRATES,0.5512,489.2,407.6,27.7,19.0,1920,1080,0.025,503.0,417.1
Round1,Q1,1645,822.5,EMIRATES,0.8806,613.2,426.5,29.4,20.2,1920,1080,0.029,627.8,436.6
Round1,Q1,1646,823.0,EMIRATES,0.8521,1091.9,403.9,54.0,20.7,1920,1080,0.054,1118.9,414.3
Round1,Q1,1646,823.0,EMIRATES,0.3337,1623.8,535.1,22.0,23.1,1920,1080,0.025,1634.7,546.7
Round1,Q1,1647,823.5,EMIRATES,0.8735,1239.1,449.3,40.9,15.8,1920,1080,0.031,1259.6,457.2
Round1,Q1,1647,823.5,EMIRATES,0.7329,1440.1,178.5,49.5,20.3,1920,1080,0.049,1464.8,188.7
Round1,Q1,1647,823.5,EMIRATES,0.6958,1809.7,425.2,32.6,18.1,1920,1080,0.028,1826.0,434.2
Round1,Q1,1648,824.0,EMIRATES,0.8813,1522.8,239.1,36.3,19.2,1920,1080,0.034,1540.9,248.7
Round1,Q1,1648,824.0,EMIRATES,0.7439,1899.7,480.6,20.2,16.2,1920,1080,0.016,1909.8,488.7
Round1,Q1,1649,824.5,EMIRATES,0.9045,352.4,749.6,59.8,20.6,1920,1080,0.06,382.3,759.9
Round1,Q1,1649,824.5,EMIRATES,0.5106,542.9,246.5,24.6,20.4,1920,1080,0.024,555.2,256.7
Round1,Q1,1650,825.0,EMIRATES,0.8739,1123.0,378.8,49.6,16.8,1920,1080,0.04,1147.9,387.2
Round1,Q1,1650,825.0,EMIRATES,0.828,1633.8,547.0,57.3,21.0,1920,1080,0.058,1662.4,557.4
Round1,Q1,1651,825.5,EMIRATES,0.8552,14.1,334.5,33.4,23.5,1920,1080,0.038,30.8,346.3
Round1,Q1,1651,825.5,EMIRATES,0.8229,1746.3,470.4,59.7,16.1,1920,1080,0.046,1776.2,478.4
Round1,Q1,1652,826.0,EMIRATES,0.8855,113.5,613.7,46.7,29.6,1920,1080,0.067,136.9,628.5
Round1,Q1,1653,826.5,EMIRATES,0.8989,223.2,581.2,47.4,26.7,1920,1080,0.061,246.9,594.5
Round1,Q1,1653,826.5,EMIRATES,0.8685,1032.0,233.4,41.1,35.8,1920,1080,0.071,1052.6,251.3
Round1,Q1,1653,826.5,EMIRATES,0.6032,1908.3,485.2,11.7,14.2,1920,1080,0.008,1914.2,492.3
Round1,Q1,1654,827.0,EMIRATES,0.8986,495.8,641.0,52.1,26.9,1920,1080,0.067,521.8,654.4
Round1,Q1,1654,827.0,EMIRATES,0.8423,1783.9,421.4,37.1,13.7,1920,1080,0.025,1802.4,428.2
Round1,Q1,1655,827.5,EMIRATES,0.8944,931.4,344.2,62.7,30.5,1920,1080,0.092,962.7,359.5
Round1,Q1,1655,827.5,EMIRATES,0.887,724.3,486.1,46.1,21.6,1920,1080,0.048,747.3,496.9
Round1,Q1,1655,827.5,EMIRATES,0.8526,1723.1,112.5,47.6,20.7,1920,1080,0.047,1746.9,122.8
Round1,Q1,1655,827.5,EMIRATES,0.7895,86.8,441.1,47.8,20.9,1920,1080,0.048,110.7,451.5
Round1,Q1,1656,828.0,EMIRATES,0.8944,1730.2,7.0,50.5,16.7,1920,1080,0.041,1755.4,15.4
Round1,Q1,1656,828.0,EMIRATES,0.8913,785.5,320.9,62.7,22.4,1920,1080,0.068,816.8,332.1
Round1,Q1,1656,828.0,EMIRATES,0.8784,156.1,436.1,50.9,19.6,1920,1080,0.048,181.5,445.9
Round1,Q1,1657,828.5,EMIRATES,0.8275,239.2,530.4,53.1,23.4,1920,1080,0.06,265.7,542.1
Round1,Q1,1657,828.5,EMIRATES,0.7537,1134.4,302.5,35.3,15.6,1920,1080,0.026,1152.1,310.3
Round1,Q1,1658,829.0,EMIRATES,0.7448,1648.9,807.9,56.9,29.4,1920,1080,0.081,1677.4,822.6
Round1,Q1,1660,830.0,EMIRATES,0.8892,1126.4,395.4,45.4,18.6,1920,1080,0.041,1149.1,404.7
Round1,Q1,1662,831.0,ACCESS_COVERS,0.5384,583.1,1.5,117.6,19.8,1920,1080,0.112,642.0,11.3
Round1,Q1,1663,831.5,ACCESS_COVERS,0.3924,812.9,10.4,109.1,24.9,1920,1080,0.131,867.5,22.9
Round1,Q1,1664,832.0,ACCESS_COVERS,0.7276,964.2,30.0,95.5,23.7,1920,1080,0.109,1012.0,41.8
Round1,Q1,1665,832.5,ACCESS_COVERS,0.7639,1051.6,29.9,90.7,23.1,1920,1080,0.101,1097.0,41.4
Round1,Q1,1666,833.0,ACCESS_COVERS,0.7726,1128.0,23.3,88.6,22.1,1920,1080,0.095,1172.2,34.3
Round1,Q1,1667,833.5,ACCESS_COVERS,0.7235,1157.6,27.2,87.0,22.0,1920,1080,0.092,1201.1,38.3
Round1,Q1,1668,834.0,ACCESS_COVERS,0.7652,1227.8,18.8,92.9,21.8,1920,1080,0.098,1274.3,29.7
Round1,Q1,1669,834.5,ACCESS_COVERS,0.6698,1313.5,1.0,84.0,12.5,1920,1080,0.051,1355.5,7.3
Round1,Q1,1691,845.5,EMIRATES,0.8404,389.6,827.7,85.2,37.3,1920,1080,0.153,432.2,846.4
Round1,Q1,1692,846.0,EMIRATES,0.8654,370.1,265.4,55.9,30.2,1920,1080,0.081,398.1,280.5
Round1,Q1,1696,848.0,EMIRATES,0.8205,1609.3,170.6,52.0,25.6,1920,1080,0.064,1635.3,183.4
Round1,Q1,1697,848.5,EMIRATES,0.8926,1859.7,200.1,51.1,20.8,1920,1080,0.051,1885.2,210.5
Round1,Q1,1697,848.5,EMIRATES,0.8643,1041.3,160.9,55.3,20.4,1920,1080,0.054,1069.0,171.1
Round1,Q1,1705,852.5,ACCESS_COVERS,0.3543,469.3,19.3,110.5,21.2,1920,1080,0.113,524.5,29.9
Round1,Q1,1706,853.0,ACCESS_COVERS,0.7045,271.7,1.2,84.5,18.0,1920,1080,0.074,313.9,10.2
Round1,Q1,1709,854.5,EMIRATES,0.8693,1559.3,238.2,43.9,27.8,1920,1080,0.059,1581.2,252.1
Round1,Q1,1710,855.0,EMIRATES,0.8506,1286.9,201.9,72.1,26.6,1920,1080,0.093,1323.0,215.2
Round1,Q1,1711,855.5,EMIRATES,0.853,547.1,255.8,57.7,16.0,1920,1080,0.044,575.9,263.8
Round1,Q1,1714,857.0,EMIRATES,0.8516,1019.6,248.5,57.3,20.7,1920,1080,0.057,1048.2,258.9
Round1,Q1,1715,857.5,EMIRATES,0.7905,1652.8,595.7,69.9,26.1,1920,1080,0.088,1687.7,608.8
Round1,Q1,1716,858.0,EMIRATES,0.8883,1248.0,322.4,56.4,17.8,1920,1080,0.048,1276.2,331.3
Round1,Q1,1719,859.5,ACCESS_COVERS,0.7009,1175.0,19.0,101.5,23.1,1920,1080,0.113,1225.7,30.6
Round1,Q1,1720,860.0,ACCESS_COVERS,0.7722,1332.1,29.7,108.4,26.4,1920,1080,0.138,1386.2,42.9
Round1,Q1,1721,860.5,ACCESS_COVERS,0.7201,1369.6,25.9,118.9,28.1,1920,1080,0.161,1429.1,40.0
Round1,Q1,1722,861.0,ACCESS_COVERS,0.7754,1316.6,14.0,127.1,31.9,1920,1080,0.196,1380.1,30.0
Round1,Q1,1723,861.5,ACCESS_COVERS,0.813,1181.0,6.4,135.3,31.3,1920,1080,0.204,1248.7,22.1
Round1,Q1,1724,862.0,ACCESS_COVERS,0.7899,970.9,0.4,141.4,28.4,1920,1080,0.194,1041.6,14.6
Round1,Q1,1725,862.5,ACCESS_COVERS,0.7423,737.5,0.2,160.3,22.5,1920,1080,0.174,817.6,11.5
Round1,Q1,1726,863.0,ACCESS_COVERS,0.7919,480.2,0.6,158.3,30.8,1920,1080,0.235,559.3,16.0
Round1,Q1,1728,864.0,EMIRATES,0.869,1437.8,443.1,66.0,20.8,1920,1080,0.066,1470.9,453.5
Round1,Q1,1732,866.0,EMIRATES,0.7278,1369.2,620.0,19.3,60.4,1920,1080,0.056,1378.8,650.3
Round1,Q1,1732,866.0,EMIRATES,0.6164,1755.2,618.9,21.2,68.5,1920,1080,0.07,1765.8,653.1
Round1,Q1,1732,866.0,EMIRATES,0.4625,1552.0,590.5,22.2,94.7,1920,1080,0.101,1563.1,637.9
Round1,Q1,1732,866.0,EMIRATES,0.3905,1754.0,686.8,20.9,63.0,1920,1080,0.063,1764.4,718.3
Round1,Q1,1733,866.5,EMIRATES,0.7954,1506.2,623.8,18.9,70.9,1920,1080,0.065,1515.6,659.3
Round1,Q1,1733,866.5,EMIRATES,0.7868,1101.4,629.7,17.4,63.5,1920,1080,0.053,1110.1,661.5
Round1,Q1,1733,866.5,EMIRATES,0.7523,1507.0,696.6,18.1,66.2,1920,1080,0.058,1516.0,729.7
Round1,Q1,1733,866.5,EMIRATES,0.7385,1743.6,734.2,17.1,71.0,1920,1080,0.059,1752.2,769.7
Round1,Q1,1733,866.5,EMIRATES,0.6653,1743.7,658.0,17.6,73.6,1920,1080,0.063,1752.5,694.8
Round1,Q1,1733,866.5,EMIRATES,0.5809,1295.1,662.0,17.5,64.6,1920,1080,0.054,1303.9,694.3
Round1,Q1,1733,866.5,EMIRATES,0.561,1294.0,594.9,18.5,72.5,1920,1080,0.065,1303.3,631.2
Round1,Q1,1733,866.5,EMIRATES,0.441,1101.4,564.5,17.7,58.5,1920,1080,0.05,1110.2,593.8
Round1,Q1,1734,867.0,EMIRATES,0.8115,1591.1,738.3,17.7,78.1,1920,1080,0.067,1600.0,777.4
Round1,Q1,1734,867.0,EMIRATES,0.8011,1331.9,620.1,18.1,77.1,1920,1080,0.067,1341.0,658.6
Round1,Q1,1734,867.0,EMIRATES,0.7924,883.7,623.3,17.8,73.0,1920,1080,0.063,892.6,659.8
Round1,Q1,1734,867.0,EMIRATES,0.7912,1591.1,655.1,17.2,79.6,1920,1080,0.066,1599.7,694.9
Round1,Q1,1734,867.0,EMIRATES,0.7882,1098.5,586.8,17.7,71.1,1920,1080,0.061,1107.3,622.3
Round1,Q1,1734,867.0,EMIRATES,0.7873,1099.0,662.4,17.7,72.0,1920,1080,0.061,1107.8,698.4
Round1,Q1,1734,867.0,EMIRATES,0.7842,1333.2,700.5,17.8,72.2,1920,1080,0.062,1342.1,736.6
Round1,Q1,1734,867.0,EMIRATES,0.6376,883.7,554.8,16.9,68.3,1920,1080,0.056,892.1,588.9
Round1,Q1,1735,867.5,EMIRATES,0.8132,1218.4,588.7,19.5,82.5,1920,1080,0.077,1228.1,630.0
Round1,Q1,1735,867.5,EMIRATES,0.7957,953.9,638.2,18.8,80.0,1920,1080,0.072,963.3,678.2
Round1,Q1,1735,867.5,EMIRATES,0.7951,1218.9,678.4,19.4,83.3,1920,1080,0.078,1228.5,720.0
Round1,Q1,1735,867.5,EMIRATES,0.7883,1510.8,628.8,17.7,86.4,1920,1080,0.074,1519.7,672.0
Round1,Q1,1735,867.5,EMIRATES,0.7803,1510.7,721.3,18.4,87.0,1920,1080,0.077,1519.9,764.8
Round1,Q1,1735,867.5,EMIRATES,0.7791,708.6,597.6,18.4,79.7,1920,1080,0.071,717.7,637.4
Round1,Q1,1735,867.5,EMIRATES,0.7764,953.2,552.9,18.3,77.7,1920,1080,0.069,962.4,591.7
Round1,Q1,1735,867.5,EMIRATES,0.7689,707.7,516.4,16.7,75.7,1920,1080,0.061,716.1,554.3
Round1,Q1,1736,868.0,EMIRATES,0.8015,1142.7,641.9,21.9,94.8,1920,1080,0.1,1153.7,689.3
Round1,Q1,1736,868.0,EMIRATES,0.8008,561.1,552.9,20.3,90.4,1920,1080,0.089,571.2,598.2
Round1,Q1,1736,868.0,EMIRATES,0.7992,841.7,598.3,20.7,89.8,1920,1080,0.09,852.0,643.2
Round1,Q1,1736,868.0,EMIRATES,0.7963,1472.3,690.9,21.3,98.7,1920,1080,0.101,1482.9,740.3
Round1,Q1,1736,868.0,EMIRATES,0.796,1472.4,585.3,18.8,95.7,1920,1080,0.087,1481.8,633.2
Round1,Q1,1736,868.0,EMIRATES,0.7915,1142.3,542.0,20.3,93.2,1920,1080,0.091,1152.5,588.6
Round1,Q1,1736,868.0,EMIRATES,0.7914,840.6,499.8,20.0,90.9,1920,1080,0.088,850.6,545.3
Round1,Q1,1736,868.0,EMIRATES,0.7795,560.3,459.5,19.2,86.8,1920,1080,0.08,569.9,502.9
Round1,Q1,1737,868.5,EMIRATES,0.8155,760.4,583.8,23.3,105.6,1920,1080,0.119,772.0,636.6
Round1,Q1,1737,868.5,EMIRATES,0.8121,438.8,535.5,22.4,100.6,1920,1080,0.109,450.0,585.8
Round1,Q1,1737,868.5,EMIRATES,0.7898,758.6,471.8,22.5,103.2,1920,1080,0.112,769.8,523.4
Round1,Q1,1737,868.5,EMIRATES,0.7893,1104.6,634.5,25.3,108.3,1920,1080,0.132,1117.3,688.6
Round1,Q1,1737,868.5,EMIRATES,0.7867,437.0,426.4,20.2,97.3,1920,1080,0.095,447.0,475.0
Round1,Q1,1737,868.5,EMIRATES,0.7795,1103.2,520.6,22.9,105.1,1920,1080,0.116,1114.6,573.1
Round1,Q1,1737,868.5,EMIRATES,0.7728,1480.4,690.0,23.8,111.8,1920,1080,0.129,1492.3,745.9
Round1,Q1,1737,868.5,EMIRATES,0.7727,1480.0,569.3,22.5,111.1,1920,1080,0.121,1491.3,624.8
Round1,Q1,1738,869.0,EMIRATES,0.8146,712.3,578.9,25.5,118.0,1920,1080,0.145,725.0,637.9
Round1,Q1,1738,869.0,EMIRATES,0.8145,710.0,453.5,25.0,116.2,1920,1080,0.14,722.6,511.6
Round1,Q1,1738,869.0,EMIRATES,0.8043,354.7,524.6,23.3,111.6,1920,1080,0.125,366.3,580.4
Round1,Q1,1738,869.0,EMIRATES,0.7988,352.8,403.8,22.2,109.2,1920,1080,0.117,363.9,458.4
Round1,Q1,1738,869.0,EMIRATES,0.794,1092.2,507.9,25.7,116.2,1920,1080,0.144,1105.1,566.0
Round1,Q1,1738,869.0,EMIRATES,0.7855,1509.2,562.4,25.2,122.9,1920,1080,0.149,1521.8,623.8
Round1,Q1,1738,869.0,EMIRATES,0.7846,1510.2,695.8,26.5,125.8,1920,1080,0.161,1523.5,758.7
Round1,Q1,1738,869.0,EMIRATES,0.779,1093.6,634.4,28.2,119.3,1920,1080,0.163,1107.7,694.1
Round1,Q1,1739,869.5,EMIRATES,0.8143,684.1,432.7,26.5,125.5,1920,1080,0.16,697.4,495.4
Round1,Q1,1739,869.5,EMIRATES,0.8136,686.6,568.1,26.8,121.8,1920,1080,0.158,700.0,629.0
Round1,Q1,1739,869.5,EMIRATES,0.7991,1544.2,548.4,27.6,133.2,1920,1080,0.177,1558.0,615.0
Round1,Q1,1739,869.5,EMIRATES,0.7972,300.9,508.8,25.2,120.7,1920,1080,0.147,313.5,569.1
Round1,Q1,1739,869.5,EMIRATES,0.7957,297.4,378.2,23.4,119.7,1920,1080,0.135,309.1,438.0
Round1,Q1,1739,869.5,EMIRATES,0.7876,1097.3,628.4,29.3,128.7,1920,1080,0.182,1111.9,692.8
Round1,Q1,1739,869.5,EMIRATES,0.779,1095.4,488.8,28.2,129.4,1920,1080,0.176,1109.5,553.5
Round1,Q1,1739,869.5,EMIRATES,0.7789,1545.0,694.0,30.0,134.8,1920,1080,0.195,1560.0,761.4
Round1,Q1,1740,870.0,EMIRATES,0.8226,667.7,557.9,28.0,133.1,1920,1080,0.179,681.7,624.5
Round1,Q1,1740,870.0,EMIRATES,0.8164,254.2,494.2,26.1,127.2,1920,1080,0.16,267.2,557.8
Round1,Q1,1740,870.0,EMIRATES,0.8102,1588.1,537.6,28.8,142.3,1920,1080,0.198,1602.5,608.8
Round1,Q1,1740,870.0,EMIRATES,0.8086,666.2,413.5,27.5,134.7,1920,1080,0.179,680.0,480.8
Round1,Q1,1740,870.0,EMIRATES,0.8078,251.0,355.4,26.2,126.8,1920,1080,0.16,264.1,418.8
Round1,Q1,1740,870.0,EMIRATES,0.8032,1589.4,693.7,31.3,143.3,1920,1080,0.216,1605.1,765.4
Round1,Q1,1740,870.0,EMIRATES,0.7972,1107.5,622.5,32.3,138.0,1920,1080,0.215,1123.7,691.5
Round1,Q1,1740,870.0,EMIRATES,0.7775,1106.6,474.1,31.5,137.4,1920,1080,0.209,1122.3,542.8
Round1,Q1,1741,870.5,EMIRATES,0.8959,886.3,624.0,141.1,43.6,1920,1080,0.297,956.9,645.8
Round1,Q1,1742,871.0,EMIRATES,0.8872,912.0,670.0,142.7,46.6,1920,1080,0.321,983.3,693.3
Round1,Q1,1743,871.5,EMIRATES,0.9001,981.4,537.2,149.4,47.5,1920,1080,0.342,1056.1,560.9
Round1,Q1,1744,872.0,EMIRATES,0.8681,960.4,546.7,106.1,47.4,1920,1080,0.243,1013.5,570.4
Round1,Q1,1746,873.0,EMIRATES,0.8913,125.9,858.5,73.4,28.2,1920,1080,0.1,162.6,872.6
Round1,Q1,1746,873.0,EMIRATES,0.8797,1468.4,301.4,74.4,21.8,1920,1080,0.078,1505.6,312.3
Round1,Q1,1747,873.5,EMIRATES,0.8876,1149.0,313.1,69.6,29.2,1920,1080,0.098,1183.7,327.7
Round1,Q1,1748,874.0,EMIRATES,0.8728,605.7,484.0,94.6,31.8,1920,1080,0.145,653.0,499.9
Round1,Q1,1748,874.0,EMIRATES,0.363,339.4,287.5,19.5,25.8,1920,1080,0.024,349.2,300.4
Round1,Q1,1749,874.5,EMIRATES,0.8654,126.5,524.2,104.4,30.9,1920,1080,0.155,178.7,539.6
Round1,Q1,1750,875.0,EMIRATES,0.8966,472.4,377.4,49.7,24.5,1920,1080,0.059,497.3,389.6
Round1,Q1,1751,875.5,EMIRATES,0.8305,481.7,403.2,24.9,32.2,1920,1080,0.039,494.1,419.3
Round1,Q1,1752,876.0,EMIRATES,0.8619,1406.9,351.6,55.9,19.8,1920,1080,0.053,1434.8,361.5
Round1,Q1,1753,876.5,EMIRATES,0.8883,443.5,289.4,51.2,29.0,1920,1080,0.072,469.1,303.9
Round1,Q1,1753,876.5,EMIRATES,0.8762,763.1,312.0,97.6,35.7,1920,1080,0.168,811.9,329.8
Round1,Q1,1754,877.0,EMIRATES,0.8595,400.1,325.4,77.5,41.3,1920,1080,0.154,438.9,346.0
Round1,Q1,1755,877.5,EMIRATES,0.8547,365.6,352.7,71.6,53.0,1920,1080,0.183,401.4,379.2
Round1,Q1,1756,878.0,EMIRATES,0.7598,745.6,203.8,43.4,33.2,1920,1080,0.07,767.4,220.4
Round1,Q1,1756,878.0,EMIRATES,0.6713,393.6,424.6,55.1,76.3,1920,1080,0.203,421.2,462.7
Round1,Q1,1757,878.5,EMIRATES,0.8946,959.2,221.4,53.5,26.1,1920,1080,0.067,985.9,234.4
Round1,Q1,1795,897.5,EMIRATES,0.7663,1707.0,576.1,36.4,21.7,1920,1080,0.038,1725.3,587.0
Round1,Q1,1796,898.0,ACCESS_COVERS,0.6821,1.0,235.6,225.0,46.5,1920,1080,0.505,113.5,258.9
Round1,Q1,1796,898.0,ACCESS_COVERS,0.6071,298.1,229.6,333.0,44.7,1920,1080,0.719,464.7,252.0
Round1,Q1,1796,898.0,ACCESS_COVERS,0.5588,1126.9,218.0,324.0,44.1,1920,1080,0.689,1288.9,240.0
Round1,Q1,1797,898.5,ACCESS_COVERS,0.5208,529.8,220.0,323.4,44.0,1920,1080,0.686,691.5,242.0
Round1,Q1,1798,899.0,ACCESS_COVERS,0.3572,771.4,214.7,295.4,41.9,1920,1080,0.597,919.2,235.6
Round1,Q1,1804,902.0,EMIRATES,0.6999,993.9,398.2,34.8,23.0,1920,1080,0.039,1011.3,409.7
Round1,Q1,1805,902.5,EMIRATES,0.8712,1788.6,360.4,64.4,20.8,1920,1080,0.065,1820.8,370.8
Round1,Q1,1806,903.0,EMIRATES,0.8395,1185.0,303.7,69.1,20.0,1920,1080,0.067,1219.5,313.8
Round1,Q1,1807,903.5,EMIRATES,0.8874,796.1,429.9,61.7,17.7,1920,1080,0.053,826.9,438.7
Round1,Q1,1808,904.0,EMIRATES,0.893,975.9,389.5,49.0,20.7,1920,1080,0.049,1000.4,399.9
Round1,Q1,1809,904.5,EMIRATES,0.8699,1092.5,310.0,34.2,23.9,1920,1080,0.039,1109.6,322.0
Round1,Q1,1810,905.0,EMIRATES,0.7818,514.4,659.6,51.5,30.9,1920,1080,0.077,540.2,675.0
Round1,Q1,1811,905.5,EMIRATES,0.4394,898.6,270.0,66.0,80.0,1920,1080,0.255,931.6,310.0
Round1,Q1,1811,905.5,EMIRATES,0.3536,1132.2,360.2,102.9,156.6,1920,1080,0.777,1183.7,438.5
Round1,Q1,1812,906.0,EMIRATES,0.4118,1122.8,220.0,113.9,28.6,1920,1080,0.157,1179.8,234.3
Round1,Q1,1813,906.5,EMIRATES,0.8799,1288.8,244.8,119.5,43.2,1920,1080,0.249,1348.6,266.5
Round1,Q1,1814,907.0,EMIRATES,0.8694,1129.5,234.4,105.0,35.8,1920,1080,0.182,1182.0,252.3
Round1,Q1,1814,907.0,EMIRATES,0.3752,628.3,240.3,40.6,30.9,1920,1080,0.061,648.6,255.7
Round1,Q1,1815,907.5,EMIRATES,0.8962,965.7,326.3,111.8,27.5,1920,1080,0.148,1021.7,340.0
Round1,Q1,1815,907.5,EMIRATES,0.8691,476.2,358.8,79.4,39.2,1920,1080,0.15,516.0,378.4
Round1,Q1,1816,908.0,EMIRATES,0.9041,516.1,418.1,69.6,32.9,1920,1080,0.11,550.9,434.5
Round1,Q1,1816,908.0,EMIRATES,0.8993,1021.1,362.3,128.0,37.3,1920,1080,0.23,1085.1,380.9
Round1,Q1,1819,909.5,EMIRATES,0.3007,0.1,590.5,64.6,53.2,1920,1080,0.166,32.4,617.1
Round1,Q1,1826,913.0,EMIRATES,0.8112,1422.1,559.7,31.2,11.3,1920,1080,0.017,1437.7,565.3
Round1,Q1,1826,913.0,EMIRATES,0.4758,830.6,514.7,29.6,13.0,1920,1080,0.019,845.4,521.2
Round1,Q1,1827,913.5,EMIRATES,0.4944,1475.4,577.4,25.3,10.5,1920,1080,0.013,1488.0,582.7
Round1,Q1,1827,913.5,EMIRATES,0.3427,1486.2,305.4,21.5,10.0,1920,1080,0.01,1497.0,310.4
Round1,Q1,1837,918.5,EMIRATES,0.8867,894.3,407.4,150.6,55.7,1920,1080,0.404,969.6,435.3
Round1,Q1,1838,919.0,EMIRATES,0.8933,793.3,402.2,182.0,53.3,1920,1080,0.468,884.3,428.8
Round1,Q1,1839,919.5,EMIRATES,0.8963,939.0,399.8,158.0,56.9,1920,1080,0.433,1018.0,428.3
Round1,Q1,1840,920.0,EMIRATES,0.8963,1070.0,374.9,170.3,59.1,1920,1080,0.485,1155.2,404.4
Round1,Q1,1841,920.5,EMIRATES,0.8995,1085.9,409.8,164.1,52.4,1920,1080,0.414,1168.0,435.9
Round1,Q1,1844,922.0,EMIRATES,0.84,1285.4,519.7,167.3,49.9,1920,1080,0.402,1369.0,544.6
Round1,Q1,1845,922.5,EMIRATES,0.8133,1218.8,563.9,98.9,51.1,1920,1080,0.244,1268.3,589.5
Round1,Q1,1846,923.0,EMIRATES,0.8663,1346.5,382.0,157.9,63.9,1920,1080,0.487,1425.5,414.0
Round1,Q1,1847,923.5,EMIRATES,0.8644,1176.4,423.9,203.4,59.3,1920,1080,0.581,1278.1,453.5
Round1,Q1,1848,924.0,EMIRATES,0.8666,1238.8,449.0,187.7,58.6,1920,1080,0.53,1332.6,478.3
Round1,Q1,1850,925.0,EMIRATES,0.5694,1223.2,586.9,43.8,53.9,1920,1080,0.114,1245.1,613.8
Round1,Q1,1850,925.0,EMIRATES,0.5461,335.2,751.7,27.4,21.0,1920,1080,0.028,348.9,762.2
Round1,Q1,1851,925.5,EMIRATES,0.8464,1312.1,609.8,162.3,54.9,1920,1080,0.43,1393.3,637.3
Round1,Q1,1852,926.0,EMIRATES,0.7246,1417.4,558.9,159.8,77.3,1920,1080,0.596,1497.3,597.6
Round1,Q1,1853,926.5,EMIRATES,0.6716,413.7,682.3,48.0,72.8,1920,1080,0.168,437.7,718.7
Round1,Q1,1854,927.0,EMIRATES,0.8572,1070.1,427.2,170.9,98.0,1920,1080,0.808,1155.6,476.2
Round1,Q1,1854,927.0,EMIRATES,0.8436,378.4,689.6,67.3,59.9,1920,1080,0.194,412.1,719.5
Round1,Q1,1855,927.5,EMIRATES,0.8721,369.4,737.9,46.1,41.1,1920,1080,0.091,392.5,758.5
Round1,Q1,1855,927.5,EMIRATES,0.7978,1117.6,251.8,119.8,76.4,1920,1080,0.441,1177.5,290.0
Round1,Q1,1856,928.0,EMIRATES,0.865,1014.4,378.5,152.7,76.0,1920,1080,0.56,1090.7,416.5
Round1,Q1,1857,928.5,EMIRATES,0.8473,936.8,425.8,154.3,85.8,1920,1080,0.638,1014.0,468.7
Round1,Q1,1857,928.5,EMIRATES,0.6968,1735.5,0.4,184.5,25.4,1920,1080,0.226,1827.7,13.1
Round1,Q1,1858,929.0,EMIRATES,0.8513,925.9,491.8,161.2,101.1,1920,1080,0.786,1006.5,542.4
Round1,Q1,1861,930.5,EMIRATES,0.8512,954.1,616.7,177.8,70.8,1920,1080,0.607,1043.0,652.1
Round1,Q1,1862,931.0,EMIRATES,0.4038,817.4,656.3,93.0,65.4,1920,1080,0.293,863.9,689.1
Round1,Q1,1863,931.5,EMIRATES,0.8736,1053.8,681.4,198.8,72.3,1920,1080,0.693,1153.2,717.6
Round1,Q1,1863,931.5,EMIRATES,0.5582,565.1,712.9,114.9,63.1,1920,1080,0.35,622.5,744.4
Round1,Q1,1864,932.0,EMIRATES,0.8828,1051.4,653.5,209.0,65.7,1920,1080,0.662,1155.9,686.3
Round1,Q1,1865,932.5,EMIRATES,0.8817,1143.0,614.5,209.1,67.8,1920,1080,0.684,1247.5,648.4
Round1,Q1,1866,933.0,EMIRATES,0.8807,1082.8,726.3,229.3,89.5,1920,1080,0.99,1197.5,771.0
Round1,Q1,1867,933.5,EMIRATES,0.8942,1069.4,807.6,218.1,73.6,1920,1080,0.775,1178.4,844.4
Round1,Q1,1868,934.0,EMIRATES,0.9002,1159.6,769.5,218.0,74.2,1920,1080,0.781,1268.6,806.6
Round1,Q1,1869,934.5,EMIRATES,0.9,1061.5,746.0,227.4,72.5,1920,1080,0.795,1175.2,782.2
Round1,Q1,1870,935.0,EMIRATES,0.8813,984.4,793.5,210.8,79.7,1920,1080,0.81,1089.8,833.4
Round1,Q1,1871,935.5,EMIRATES,0.8756,1054.2,783.2,209.1,79.0,1920,1080,0.797,1158.7,822.7
Round1,Q1,1872,936.0,EMIRATES,0.861,1118.2,822.3,230.1,84.6,1920,1080,0.939,1233.2,864.7
Round1,Q1,1873,936.5,EMIRATES,0.7418,1073.1,716.8,114.3,69.5,1920,1080,0.383,1130.2,751.6
Round1,Q1,1875,937.5,EMIRATES,0.8785,1193.7,720.7,233.1,79.7,1920,1080,0.896,1310.3,760.5
Round1,Q1,1877,938.5,EMIRATES,0.309,724.9,361.3,16.9,7.6,1920,1080,0.006,733.3,365.1
Round1,Q1,1879,939.5,EMIRATES,0.478,1596.1,1.7,14.4,39.0,1920,1080,0.027,1603.3,21.2
Round1,Q1,1880,940.0,EMIRATES,0.7574,1512.6,27.6,15.4,56.5,1920,1080,0.042,1520.3,55.9
Round1,Q1,1880,940.0,EMIRATES,0.7469,1820.5,17.1,16.5,64.6,1920,1080,0.051,1828.8,49.4
Round1,Q1,1881,940.5,EMIRATES,0.7132,1420.6,74.6,15.0,53.3,1920,1080,0.039,1428.1,101.3
Round1,Q1,1881,940.5,EMIRATES,0.3042,1422.0,11.7,15.1,57.5,1920,1080,0.042,1429.5,40.5
Round1,Q1,1882,941.0,EMIRATES,0.3942,1323.4,126.8,13.6,44.8,1920,1080,0.029,1330.2,149.2
Round1,Q1,1882,941.0,EMIRATES,0.3875,1825.0,61.5,14.3,50.2,1920,1080,0.035,1832.2,86.6
Round1,Q1,1882,941.0,EMIRATES,0.3369,1822.7,117.4,15.3,47.4,1920,1080,0.035,1830.4,141.1
Round1,Q1,1883,941.5,EMIRATES,0.4078,1713.8,156.4,14.3,44.8,1920,1080,0.031,1720.9,178.8
Round1,Q1,1883,941.5,EMIRATES,0.3243,1265.7,161.8,12.4,42.4,1920,1080,0.025,1271.9,183.1
Round1,Q1,1889,944.5,JAMESON,0.5791,1654.4,11.8,56.4,15.4,1920,1080,0.042,1682.6,19.5
Round1,Q1,1889,944.5,JAMESON,0.4015,1790.3,5.6,59.1,14.8,1920,1080,0.042,1819.8,13.0
Round1,Q1,1890,945.0,JAMESON,0.6941,1637.8,210.3,51.0,14.0,1920,1080,0.034,1663.3,217.3
Round1,Q1,1890,945.0,JAMESON,0.5841,1694.8,207.8,51.8,15.3,1920,1080,0.038,1720.7,215.4
Round1,Q1,1890,945.0,JAMESON,0.4741,1582.4,212.5,48.4,13.8,1920,1080,0.032,1606.6,219.3
Round1,Q1,1891,945.5,JAMESON,0.6622,1603.8,396.5,45.1,12.8,1920,1080,0.028,1626.4,402.8
Round1,Q1,1891,945.5,JAMESON,0.6018,1556.1,397.5,40.5,12.3,1920,1080,0.024,1576.3,403.7
Round1,Q1,1891,945.5,JAMESON,0.5449,1656.0,394.7,40.6,12.7,1920,1080,0.025,1676.3,401.0
Round1,Q1,1891,945.5,ACCESS_COVERS,0.341,889.3,405.6,43.5,8.9,1920,1080,0.019,911.0,410.1
Round1,Q1,1892,946.0,JAMESON,0.6369,1609.2,519.4,39.8,10.4,1920,1080,0.02,1629.1,524.5
Round1,Q1,1892,946.0,JAMESON,0.5438,1565.6,519.7,38.4,10.6,1920,1080,0.02,1584.8,525.0
Round1,Q1,1892,946.0,JAMESON,0.4107,1656.2,517.8,34.4,11.5,1920,1080,0.019,1673.4,523.5
Round1,Q1,1893,946.5,JAMESON,0.6864,1581.6,585.1,34.3,9.1,1920,1080,0.015,1598.8,589.6
Round1,Q1,1893,946.5,ACCESS_COVERS,0.6817,93.2,759.5,84.3,16.2,1920,1080,0.066,135.3,767.6
Round1,Q1,1893,946.5,JAMESON,0.6804,1622.7,583.7,35.9,10.3,1920,1080,0.018,1640.6,588.9
Round1,Q1,1893,946.5,JAMESON,0.5616,1664.9,583.9,34.1,10.1,1920,1080,0.017,1681.9,589.0
Round1,Q1,1894,947.0,ACCESS_COVERS,0.687,228.9,726.4,82.6,15.5,1920,1080,0.062,270.2,734.1
Round1,Q1,1894,947.0,JAMESON,0.5725,1573.6,569.6,32.6,8.5,1920,1080,0.013,1589.9,573.8
Round1,Q1,1894,947.0,JAMESON,0.4754,1646.4,566.7,32.7,9.4,1920,1080,0.015,1662.8,571.4
Round1,Q1,1894,947.0,JAMESON,0.4352,1611.8,568.9,29.5,8.4,1920,1080,0.012,1626.6,573.1
Round1,Q1,1895,947.5,ACCESS_COVERS,0.5876,361.9,593.5,68.0,15.4,1920,1080,0.051,395.9,601.2
Round1,Q1,1896,948.0,ACCESS_COVERS,0.653,474.4,409.1,68.9,14.7,1920,1080,0.049,508.9,416.5
Round1,Q1,1897,948.5,ACCESS_COVERS,0.5733,570.9,273.2,74.4,13.6,1920,1080,0.049,608.1,279.9
Round1,Q1,1898,949.0,EMIRATES,0.8747,1095.5,938.4,173.2,51.8,1920,1080,0.433,1182.1,964.3
Round1,Q1,1899,949.5,EMIRATES,0.8917,1032.0,874.8,257.6,87.2,1920,1080,1.084,1160.8,918.4
Round1,Q1,1900,950.0,EMIRATES,0.8451,974.6,932.4,242.0,59.5,1920,1080,0.694,1095.7,962.2
Round1,Q1,1902,951.0,EMIRATES,0.8513,1006.3,794.0,165.8,98.0,1920,1080,0.783,1089.1,843.0
Round1,Q1,1903,951.5,EMIRATES,0.8788,1321.4,721.5,247.5,83.9,1920,1080,1.001,1445.1,763.5
Round1,Q1,1904,952.0,EMIRATES,0.8476,1089.5,910.4,121.3,78.7,1920,1080,0.461,1150.2,949.7
Round1,Q1,1906,953.0,EMIRATES,0.822,1131.2,793.8,139.3,102.8,1920,1080,0.691,1200.9,845.2
Round1,Q1,1907,953.5,EMIRATES,0.7625,1385.7,483.6,115.8,91.0,1920,1080,0.508,1443.6,529.1
Round1,Q1,1908,954.0,EMIRATES,0.8018,1177.2,799.4,177.7,89.0,1920,1080,0.763,1266.1,843.9
Round1,Q1,1911,955.5,EMIRATES,0.698,1179.8,516.5,176.9,85.2,1920,1080,0.727,1268.3,559.1
Round1,Q1,1912,956.0,EMIRATES,0.8402,1066.2,524.4,246.6,106.0,1920,1080,1.261,1189.5,577.4
Round1,Q1,1915,957.5,ACCESS_COVERS,0.5624,395.5,317.6,74.9,13.6,1920,1080,0.049,432.9,324.4
Round1,Q1,1916,958.0,JAMESON,0.7254,1828.4,195.8,35.4,7.8,1920,1080,0.013,1846.1,199.7
Round1,Q1,1917,958.5,JAMESON,0.5402,1899.4,214.1,20.6,8.3,1920,1080,0.008,1909.7,218.3
Round1,Q1,1922,961.0,ACCESS_COVERS,0.3509,425.3,393.5,89.0,14.7,1920,1080,0.063,469.8,400.8
Round1,Q1,1923,961.5,ACCESS_COVERS,0.3688,197.9,382.1,97.1,14.6,1920,1080,0.068,246.5,389.4
Round1,Q1,1924,962.0,JAMESON,0.5653,1589.3,161.6,44.1,10.8,1920,1080,0.023,1611.3,167.0
Round1,Q1,1924,962.0,JAMESON,0.5167,1641.6,160.3,39.7,10.6,1920,1080,0.02,1661.4,165.6
Round1,Q1,1924,962.0,JAMESON,0.4928,1548.7,163.3,33.8,9.1,1920,1080,0.015,1565.6,167.8
Round1,Q1,1925,962.5,JAMESON,0.5153,1294.3,142.4,33.9,9.1,1920,1080,0.015,1311.3,147.0
Round1,Q1,1926,963.0,JAMESON,0.6745,1092.1,139.8,36.3,9.2,1920,1080,0.016,1110.3,144.4
Round1,Q1,1926,963.0,JAMESON,0.6735,1179.1,138.8,38.3,9.4,1920,1080,0.017,1198.3,143.6
Round1,Q1,1926,963.0,JAMESON,0.6389,1133.9,138.9,39.2,9.6,1920,1080,0.018,1153.5,143.7
Round1,Q1,1927,963.5,JAMESON,0.7309,1062.9,141.5,39.0,9.5,1920,1080,0.018,1082.4,146.2
Round1,Q1,1927,963.5,JAMESON,0.6713,974.4,142.2,38.5,8.8,1920,1080,0.016,993.7,146.6
Round1,Q1,1927,963.5,JAMESON,0.6303,1016.8,141.2,40.8,9.4,1920,1080,0.018,1037.2,145.9
Round1,Q1,1928,964.0,JAMESON,0.7073,846.2,153.5,40.4,9.4,1920,1080,0.018,866.4,158.2
Round1,Q1,1928,964.0,JAMESON,0.6877,804.0,153.9,35.8,9.1,1920,1080,0.016,822.0,158.5
Round1,Q1,1928,964.0,JAMESON,0.6505,892.3,153.0,37.4,9.2,1920,1080,0.017,911.0,157.6
Round1,Q1,1929,964.5,JAMESON,0.7606,614.4,180.7,37.3,9.3,1920,1080,0.017,633.1,185.3
Round1,Q1,1929,964.5,JAMESON,0.71,658.7,179.5,41.7,9.7,1920,1080,0.019,679.6,184.3
Round1,Q1,1929,964.5,JAMESON,0.6595,705.8,178.9,39.6,9.7,1920,1080,0.019,725.6,183.7
Round1,Q1,1930,965.0,JAMESON,0.6546,445.8,184.9,43.8,10.6,1920,1080,0.023,467.7,190.3
Round1,Q1,1930,965.0,JAMESON,0.6467,395.8,184.9,43.3,10.1,1920,1080,0.021,417.4,189.9
Round1,Q1,1930,965.0,JAMESON,0.5956,346.0,184.5,40.3,10.6,1920,1080,0.021,366.1,189.8
Round1,Q1,1931,965.5,JAMESON,0.7822,187.1,170.6,49.9,10.8,1920,1080,0.026,212.0,176.0
Round1,Q1,1931,965.5,JAMESON,0.7806,130.5,169.6,48.4,11.3,1920,1080,0.026,154.7,175.3
Round1,Q1,1931,965.5,JAMESON,0.732,244.6,172.0,47.5,10.9,1920,1080,0.025,268.4,177.4
Round1,Q1,1932,966.0,JAMESON,0.7834,67.2,156.7,54.3,11.0,1920,1080,0.029,94.3,162.2
Round1,Q1,1932,966.0,JAMESON,0.7571,2.3,154.7,54.7,11.9,1920,1080,0.031,29.6,160.7
Round1,Q1,1933,966.5,JAMESON,0.468,0.0,133.8,15.6,11.5,1920,1080,0.009,7.8,139.6
Round1,Q1,1949,974.5,CRUSADER_CARAVANS,0.3063,0.0,200.5,32.4,19.8,1920,1080,0.031,16.2,210.4
Round1,Q1,1950,975.0,CRUSADER_CARAVANS,0.3927,117.2,201.2,62.4,18.5,1920,1080,0.056,148.4,210.4
Round1,Q1,1950,975.0,CRUSADER_CARAVANS,0.3156,0.0,219.0,48.3,20.8,1920,1080,0.048,24.2,229.4
Round1,Q1,1951,975.5,ACCESS_COVERS,0.3667,1797.2,125.0,56.9,13.0,1920,1080,0.036,1825.6,131.6
Round1,Q1,1953,976.5,ACCESS_COVERS,0.611,1790.1,103.7,56.0,13.9,1920,1080,0.038,1818.1,110.6
Round1,Q1,1954,977.0,ACCESS_COVERS,0.5095,1747.6,84.8,58.1,12.7,1920,1080,0.036,1776.6,91.2
Round1,Q1,1957,978.5,ACCESS_COVERS,0.5906,1461.2,14.3,55.8,12.0,1920,1080,0.032,1489.2,20.3
Round1,Q1,1966,983.0,EMIRATES,0.8503,1050.6,241.1,155.6,56.2,1920,1080,0.422,1128.5,269.2
Round1,Q1,1966,983.0,CYBERCX,0.8437,213.8,551.7,251.3,94.5,1920,1080,1.145,339.5,599.0
Round1,Q1,1966,983.0,CYBERCX,0.8352,14.7,87.0,231.2,88.4,1920,1080,0.985,130.2,131.2
Round1,Q1,1966,983.0,CYBERCX,0.7569,620.0,90.5,181.7,83.8,1920,1080,0.734,710.9,132.4
Round1,Q1,1966,983.0,CYBERCX,0.633,1858.6,46.6,61.4,114.5,1920,1080,0.339,1889.3,103.9
Round1,Q1,1967,983.5,CYBERCX,0.8599,532.8,87.9,248.8,94.4,1920,1080,1.132,657.2,135.1
Round1,Q1,1967,983.5,CYBERCX,0.8049,830.2,609.2,146.5,91.5,1920,1080,0.646,903.4,654.9
Round1,Q1,1967,983.5,EMIRATES,0.7918,1041.7,490.6,122.7,32.2,1920,1080,0.19,1103.0,506.7
Round1,Q1,1967,983.5,EMIRATES,0.7597,1457.0,283.3,129.8,45.9,1920,1080,0.287,1521.9,306.2
Round1,Q1,1967,983.5,EMIRATES,0.3599,0.0,513.0,92.5,26.5,1920,1080,0.118,46.2,526.3
Round1,Q1,1968,984.0,EMIRATES,0.7835,1071.3,494.6,131.6,67.8,1920,1080,0.43,1137.1,528.5
Round1,Q1,1969,984.5,EMIRATES,0.8074,1040.1,558.6,146.6,56.7,1920,1080,0.401,1113.4,586.9
Round1,Q1,1969,984.5,CYBERCX,0.7894,0.0,317.5,463.9,171.6,1920,1080,3.839,232.0,403.3
Round1,Q1,1970,985.0,CYBERCX,0.8019,0.0,21.8,212.2,134.5,1920,1080,1.376,106.1,89.0
Round1,Q1,1970,985.0,EMIRATES,0.8009,1043.3,552.0,122.4,45.0,1920,1080,0.266,1104.5,574.5
Round1,Q1,1970,985.0,CYBERCX,0.7742,450.2,289.9,218.4,135.7,1920,1080,1.429,559.4,357.7
Round1,Q1,1970,985.0,CYBERCX,0.7571,1273.5,295.8,484.8,129.3,1920,1080,3.024,1515.9,360.4
Round1,Q1,1970,985.0,CYBERCX,0.7398,409.2,12.7,530.9,159.6,1920,1080,4.085,674.7,92.5
Round1,Q1,1971,985.5,EMIRATES,0.8461,1085.3,654.7,148.8,61.3,1920,1080,0.44,1159.7,685.4
Round1,Q1,1971,985.5,CYBERCX,0.6962,1748.0,227.4,172.0,141.7,1920,1080,1.176,1834.0,298.3
Round1,Q1,1971,985.5,CYBERCX,0.5989,1001.2,2.3,524.3,91.7,1920,1080,2.318,1263.3,48.2
Round1,Q1,1971,985.5,CYBERCX,0.5648,1706.5,1.0,212.8,95.1,1920,1080,0.976,1812.9,48.6
Round1,Q1,1972,986.0,EMIRATES,0.8708,1102.0,538.6,145.4,53.7,1920,1080,0.376,1174.7,565.4
Round1,Q1,1973,986.5,CYBERCX,0.867,1243.4,130.4,114.7,135.7,1920,1080,0.751,1300.7,198.2
Round1,Q1,1973,986.5,CYBERCX,0.7887,906.0,443.3,153.5,222.5,1920,1080,1.647,982.8,554.5
Round1,Q1,1973,986.5,EMIRATES,0.4088,880.8,667.0,76.9,97.4,1920,1080,0.361,919.3,715.7
Round1,Q1,1974,987.0,CYBERCX,0.8665,1244.8,131.1,113.2,134.6,1920,1080,0.735,1301.4,198.4
Round1,Q1,1974,987.0,CYBERCX,0.7935,924.5,445.6,138.8,212.0,1920,1080,1.419,993.9,551.6
Round1,Q1,1974,987.0,EMIRATES,0.6364,894.3,665.2,74.6,95.9,1920,1080,0.345,931.7,713.1
Round1,Q1,1975,987.5,CYBERCX,0.8578,1242.9,129.3,116.3,137.5,1920,1080,0.771,1301.1,198.1
Round1,Q1,1975,987.5,CYBERCX,0.7797,931.0,447.3,133.1,208.9,1920,1080,1.341,997.6,551.8
Round1,Q1,1975,987.5,CYBERCX,0.6137,1347.6,33.2,85.0,124.0,1920,1080,0.509,1390.1,95.2
Round1,Q1,1975,987.5,EMIRATES,0.419,902.9,660.1,72.5,98.2,1920,1080,0.343,939.2,709.2
Round1,Q1,1976,988.0,CYBERCX,0.8578,1244.2,128.9,114.9,137.7,1920,1080,0.763,1301.7,197.8
Round1,Q1,1976,988.0,CYBERCX,0.7678,915.8,440.1,148.0,223.3,1920,1080,1.594,989.8,551.8
Round1,Q1,1976,988.0,CYBERCX,0.6636,1347.1,28.0,85.6,131.2,1920,1080,0.541,1389.9,93.6
Round1,Q1,1976,988.0,EMIRATES,0.3043,882.1,669.1,76.9,97.5,1920,1080,0.362,920.5,717.9
Round1,Q1,1977,988.5,CYBERCX,0.8613,1245.2,128.8,113.2,138.5,1920,1080,0.756,1301.8,198.1
Round1,Q1,1977,988.5,CYBERCX,0.7639,928.7,450.7,135.7,205.5,1920,1080,1.345,996.6,553.4
Round1,Q1,1977,988.5,CYBERCX,0.7133,1347.4,30.1,86.0,129.0,1920,1080,0.535,1390.4,94.6
Round1,Q1,1977,988.5,EMIRATES,0.5085,901.9,657.9,72.3,96.0,1920,1080,0.334,938.0,705.9
Round1,Q1,1978,989.0,CYBERCX,0.7903,925.2,445.5,139.4,210.0,1920,1080,1.411,994.9,550.5
Round1,Q1,1978,989.0,EMIRATES,0.4662,903.8,658.4,71.6,94.0,1920,1080,0.324,939.6,705.4
Round1,Q1,1979,989.5,CYBERCX,0.8031,928.6,448.3,134.9,207.2,1920,1080,1.348,996.1,551.9
Round1,Q1,1979,989.5,EMIRATES,0.6892,902.1,657.3,73.6,98.3,1920,1080,0.349,938.9,706.4
Round1,Q1,1980,990.0,CYBERCX,0.8004,929.0,451.8,134.8,203.8,1920,1080,1.325,996.5,553.7
Round1,Q1,1980,990.0,CYBERCX,0.7251,1243.6,132.4,88.3,137.0,1920,1080,0.583,1287.8,200.9
Round1,Q1,1980,990.0,EMIRATES,0.6718,902.4,657.0,74.1,98.7,1920,1080,0.353,939.4,706.4
Round1,Q1,1981,990.5,CYBERCX,0.8729,1242.3,128.5,117.4,139.0,1920,1080,0.787,1301.0,197.9
Round1,Q1,1981,990.5,CYBERCX,0.8015,927.3,451.6,136.2,203.9,1920,1080,1.339,995.4,553.5
Round1,Q1,1981,990.5,EMIRATES,0.6366,904.7,663.5,72.2,96.5,1920,1080,0.336,940.8,711.7
Round1,Q1,1982,991.0,CYBERCX,0.8577,1243.4,129.2,115.0,138.0,1920,1080,0.765,1300.9,198.2
Round1,Q1,1982,991.0,CYBERCX,0.8009,917.9,448.6,146.1,215.9,1920,1080,1.521,990.9,556.6
Round1,Q1,1982,991.0,EMIRATES,0.6224,885.1,670.4,74.9,97.0,1920,1080,0.35,922.6,718.9
Round1,Q1,1982,991.0,CYBERCX,0.5322,1344.5,62.5,82.3,92.6,1920,1080,0.368,1385.7,108.8
Round1,Q1,1983,991.5,CYBERCX,0.8573,1240.7,128.8,118.8,138.9,1920,1080,0.796,1300.1,198.2
Round1,Q1,1983,991.5,CYBERCX,0.7752,926.7,443.9,136.3,216.4,1920,1080,1.423,994.8,552.1
Round1,Q1,1983,991.5,EMIRATES,0.6868,891.2,668.8,75.4,96.9,1920,1080,0.352,928.9,717.2
Round1,Q1,1983,991.5,CYBERCX,0.5617,1345.3,62.8,78.6,94.1,1920,1080,0.357,1384.6,109.9
Round1,Q1,1984,992.0,CYBERCX,0.8589,1243.5,129.2,115.7,137.6,1920,1080,0.768,1301.3,198.1
Round1,Q1,1984,992.0,CYBERCX,0.7765,929.1,449.4,136.6,207.5,1920,1080,1.367,997.4,553.2
Round1,Q1,1984,992.0,CYBERCX,0.6816,1347.0,33.3,84.0,124.4,1920,1080,0.504,1389.0,95.6
Round1,Q1,1985,992.5,CYBERCX,0.853,1243.0,128.5,116.5,138.9,1920,1080,0.78,1301.2,198.0
Round1,Q1,1985,992.5,CYBERCX,0.7275,1346.8,30.8,86.1,126.7,1920,1080,0.526,1389.9,94.2
Round1,Q1,1986,993.0,CYBERCX,0.8458,1243.9,128.0,115.9,139.1,1920,1080,0.777,1301.8,197.6
Round1,Q1,1986,993.0,CYBERCX,0.7804,907.0,443.0,154.6,228.6,1920,1080,1.705,984.3,557.3
Round1,Q1,1986,993.0,CYBERCX,0.7222,1346.2,28.5,86.6,129.5,1920,1080,0.541,1389.5,93.2
Round1,Q1,1987,993.5,CYBERCX,0.8499,1246.5,129.8,112.5,136.2,1920,1080,0.739,1302.8,197.9
Round1,Q1,1987,993.5,CYBERCX,0.8018,892.7,436.4,167.0,226.5,1920,1080,1.824,976.2,549.6
Round1,Q1,1987,993.5,CYBERCX,0.7298,1345.9,27.4,87.2,130.2,1920,1080,0.548,1389.5,92.6
Round1,Q1,1988,994.0,CYBERCX,0.8503,1246.2,129.3,113.1,137.4,1920,1080,0.75,1302.8,198.0
Round1,Q1,1988,994.0,CYBERCX,0.7679,895.6,449.4,165.5,214.3,1920,1080,1.71,978.4,556.5
Round1,Q1,1988,994.0,CYBERCX,0.7252,1346.5,31.1,86.3,126.4,1920,1080,0.526,1389.6,94.3
Round1,Q1,1989,994.5,CYBERCX,0.8492,1401.4,710.6,242.5,287.4,1920,1080,3.362,1522.7,854.3
Round1,Q1,1990,995.0,CYBERCX,0.85,1404.4,756.4,237.7,231.5,1920,1080,2.653,1523.3,872.1
Round1,Q1,1990,995.0,CYBERCX,0.3154,1348.6,654.3,242.6,309.9,1920,1080,3.626,1469.9,809.3
Round1,Q1,1991,995.5,CYBERCX,0.8495,1399.9,714.8,244.8,281.7,1920,1080,3.326,1522.3,855.7
Round1,Q1,1992,996.0,CYBERCX,0.8489,1400.3,714.7,243.9,282.8,1920,1080,3.326,1522.3,856.1
Round1,Q1,1993,996.5,CYBERCX,0.8602,1404.7,756.6,241.2,237.5,1920,1080,2.763,1525.3,875.4
Round1,Q1,1994,997.0,EMIRATES,0.8549,1278.9,317.6,29.5,21.0,1920,1080,0.03,1293.6,328.1
Round1,Q1,1995,997.5,EMIRATES,0.8132,1165.2,510.5,48.3,17.1,1920,1080,0.04,1189.4,519.0
Round1,Q1,1997,998.5,EMIRATES,0.6586,450.0,153.8,18.7,35.1,1920,1080,0.032,459.3,171.3
Round1,Q1,1997,998.5,EMIRATES,0.467,419.7,34.5,25.8,18.9,1920,1080,0.023,432.6,43.9
Round1,Q1,1997,998.5,EMIRATES,0.4459,1731.7,393.4,38.3,16.7,1920,1080,0.031,1750.8,401.7
Round1,Q1,1999,999.5,EMIRATES,0.7464,767.6,4.2,43.4,16.8,1920,1080,0.035,789.3,12.6
Round1,Q1,2000,1000.0,EMIRATES,0.8323,1042.0,62.6,50.7,15.8,1920,1080,0.039,1067.4,70.5
Round1,Q1,2001,1000.5,EMIRATES,0.812,1306.5,75.4,51.1,28.0,1920,1080,0.069,1332.0,89.4
Round1,Q1,2002,1001.0,EMIRATES,0.8392,892.4,133.2,66.5,18.8,1920,1080,0.06,925.7,142.6
Round1,Q1,2005,1002.5,EMIRATES,0.9041,1218.4,258.7,47.3,17.2,1920,1080,0.039,1242.0,267.4
Round1,Q1,2005,1002.5,EMIRATES,0.8437,1897.0,321.6,22.7,23.9,1920,1080,0.026,1908.4,333.5
Round1,Q1,2006,1003.0,EMIRATES,0.8488,1146.7,283.4,26.1,29.6,1920,1080,0.037,1159.8,298.2
Round1,Q1,2007,1003.5,EMIRATES,0.8924,1592.2,340.3,46.8,30.4,1920,1080,0.069,1615.7,355.5
Round1,Q1,2007,1003.5,EMIRATES,0.882,1214.9,243.7,39.6,35.2,1920,1080,0.067,1234.7,261.3
Round1,Q1,2008,1004.0,EMIRATES,0.9015,1501.6,330.4,60.1,22.2,1920,1080,0.064,1531.7,341.5
Round1,Q1,2008,1004.0,EMIRATES,0.8891,1213.2,290.3,46.2,28.2,1920,1080,0.063,1236.3,304.5
Round1,Q1,2008,1004.0,EMIRATES,0.8891,38.0,265.7,63.1,21.3,1920,1080,0.065,69.5,276.3
Round1,Q1,2009,1004.5,EMIRATES,0.8984,184.8,263.1,62.5,22.8,1920,1080,0.069,216.1,274.5
Round1,Q1,2009,1004.5,EMIRATES,0.8808,1177.3,325.1,53.0,35.9,1920,1080,0.092,1203.8,343.0
Round1,Q1,2009,1004.5,EMIRATES,0.8786,1502.9,263.2,61.1,23.2,1920,1080,0.068,1533.5,274.8
Round1,Q1,2010,1005.0,EMIRATES,0.8986,1487.3,197.2,63.4,23.0,1920,1080,0.07,1518.9,208.8
Round1,Q1,2010,1005.0,EMIRATES,0.8931,341.5,220.3,63.9,25.5,1920,1080,0.079,373.4,233.1
Round1,Q1,2010,1005.0,EMIRATES,0.8821,1175.2,318.7,47.4,41.7,1920,1080,0.095,1198.9,339.5
Round1,Q1,2011,1005.5,EMIRATES,0.8861,1109.3,359.8,46.3,38.7,1920,1080,0.086,1132.5,379.1
Round1,Q1,2011,1005.5,EMIRATES,0.8841,1538.5,133.6,52.2,35.8,1920,1080,0.09,1564.6,151.5
Round1,Q1,2011,1005.5,EMIRATES,0.8834,524.2,139.0,61.8,33.4,1920,1080,0.1,555.1,155.7
Round1,Q1,2012,1006.0,EMIRATES,0.8929,1562.3,181.5,64.1,30.3,1920,1080,0.094,1594.3,196.6
Round1,Q1,2012,1006.0,EMIRATES,0.8896,723.9,157.9,65.6,22.6,1920,1080,0.072,756.7,169.2
Round1,Q1,2012,1006.0,EMIRATES,0.8849,1030.9,464.4,58.1,34.4,1920,1080,0.096,1060.0,481.6
Round1,Q1,2013,1006.5,EMIRATES,0.895,874.9,128.3,68.4,28.9,1920,1080,0.095,909.1,142.7
Round1,Q1,2013,1006.5,EMIRATES,0.8795,1704.5,216.9,69.3,23.3,1920,1080,0.078,1739.2,228.6
Round1,Q1,2013,1006.5,EMIRATES,0.8748,931.7,512.9,49.7,37.4,1920,1080,0.09,956.6,531.6
Round1,Q1,2022,1011.0,EMIRATES,0.8808,1202.4,161.8,47.8,24.8,1920,1080,0.057,1226.3,174.2
Round1,Q1,2023,1011.5,EMIRATES,0.8239,1211.5,297.9,48.4,14.6,1920,1080,0.034,1235.7,305.2
Round1,Q1,2031,1015.5,EMIRATES,0.3549,1369.2,2.4,10.3,55.3,1920,1080,0.027,1374.3,30.0
Round1,Q1,2039,1019.5,EMIRATES,0.3266,1724.9,105.3,9.4,66.2,1920,1080,0.03,1729.6,138.4
Round1,Q1,2040,1020.0,EMIRATES,0.4473,1771.6,115.4,11.2,73.5,1920,1080,0.04,1777.2,152.2
Round1,Q1,2040,1020.0,EMIRATES,0.4157,1635.3,105.9,11.4,63.2,1920,1080,0.035,1641.0,137.6
Round1,Q1,2041,1020.5,EMIRATES,0.5143,1506.0,80.7,12.1,49.5,1920,1080,0.029,1512.0,105.5
Round1,Q1,2041,1020.5,EMIRATES,0.4384,1630.6,85.3,13.1,67.3,1920,1080,0.042,1637.1,118.9
Round1,Q1,2041,1020.5,EMIRATES,0.4114,1768.7,102.2,14.1,72.2,1920,1080,0.049,1775.8,138.3
Round1,Q1,2042,1021.0,EMIRATES,0.4294,1825.1,73.3,15.3,75.4,1920,1080,0.056,1832.7,111.0
Round1,Q1,2042,1021.0,EMIRATES,0.3509,1678.9,67.1,13.5,56.1,1920,1080,0.036,1685.6,95.1
Round1,Q1,2043,1021.5,EMIRATES,0.4337,1901.7,44.6,16.6,58.6,1920,1080,0.047,1910.0,73.9
Round1,Q1,2044,1022.0,EMIRATES,0.8896,1571.2,71.8,37.1,14.3,1920,1080,0.026,1589.7,79.0
Round1,Q1,2044,1022.0,EMIRATES,0.8375,1386.8,520.5,30.4,16.2,1920,1080,0.024,1402.0,528.6
Round1,Q1,2045,1022.5,EMIRATES,0.884,1243.8,386.1,39.8,14.7,1920,1080,0.028,1263.7,393.5
Round1,Q1,2045,1022.5,EMIRATES,0.3817,1690.8,0.4,43.7,10.4,1920,1080,0.022,1712.6,5.7
Round1,Q1,2048,1024.0,EMIRATES,0.8455,1851.2,601.4,59.2,21.8,1920,1080,0.062,1880.8,612.2
Round1,Q1,2049,1024.5,EMIRATES,0.8795,1480.5,544.3,64.5,21.1,1920,1080,0.066,1512.7,554.9
Round1,Q1,2049,1024.5,EMIRATES,0.876,630.1,89.0,50.5,19.9,1920,1080,0.048,655.3,98.9
Round1,Q1,2050,1025.0,EMIRATES,0.8891,982.5,468.5,68.2,19.3,1920,1080,0.063,1016.7,478.2
Round1,Q1,2051,1025.5,EMIRATES,0.862,825.5,481.6,73.4,23.7,1920,1080,0.084,862.1,493.4
Round1,Q1,2052,1026.0,EMIRATES,0.8933,1361.1,283.9,42.5,19.2,1920,1080,0.039,1382.4,293.4
Round1,Q1,2052,1026.0,EMIRATES,0.8229,1015.5,470.4,67.7,21.3,1920,1080,0.07,1049.3,481.0
Round1,Q1,2053,1026.5,EMIRATES,0.8546,783.5,478.1,55.5,16.1,1920,1080,0.043,811.3,486.2
Round1,Q1,2054,1027.0,EMIRATES,0.8815,259.1,466.2,28.6,17.9,1920,1080,0.025,273.4,475.2
Round1,Q1,2054,1027.0,EMIRATES,0.843,1859.6,947.7,60.4,21.5,1920,1080,0.063,1889.8,958.4
Round1,Q1,2055,1027.5,EMIRATES,0.884,1610.2,885.8,57.4,19.4,1920,1080,0.054,1638.9,895.5
Round1,Q1,2055,1027.5,EMIRATES,0.6376,1780.2,15.3,41.0,17.0,1920,1080,0.034,1800.7,23.8
Round1,Q1,2055,1027.5,EMIRATES,0.5301,1146.6,749.6,24.0,47.2,1920,1080,0.055,1158.6,773.2
Round1,Q1,2056,1028.0,EMIRATES,0.8624,1629.9,734.0,55.3,21.1,1920,1080,0.056,1657.6,744.5
Round1,Q1,2056,1028.0,EMIRATES,0.6884,1268.7,290.1,34.5,21.1,1920,1080,0.035,1285.9,300.6
Round1,Q1,2056,1028.0,EMIRATES,0.4043,837.7,485.4,28.3,16.0,1920,1080,0.022,851.8,493.5
Round1,Q1,2057,1028.5,EMIRATES,0.8859,1148.8,459.6,55.6,19.7,1920,1080,0.053,1176.6,469.5
Round1,Q1,2057,1028.5,EMIRATES,0.8749,1506.2,312.7,48.7,20.8,1920,1080,0.049,1530.5,323.1
Round1,Q1,2057,1028.5,EMIRATES,0.8728,1637.8,670.7,54.1,20.5,1920,1080,0.053,1664.8,681.0
Round1,Q1,2058,1029.0,EMIRATES,0.8947,1616.2,343.2,40.4,14.0,1920,1080,0.027,1636.4,350.2
Round1,Q1,2058,1029.0,EMIRATES,0.8876,1661.7,631.1,59.1,20.3,1920,1080,0.058,1691.3,641.2
Round1,Q1,2058,1029.0,EMIRATES,0.882,1345.4,453.1,57.0,17.6,1920,1080,0.049,1373.9,461.9
Round1,Q1,2059,1029.5,EMIRATES,0.8896,1667.5,574.1,58.6,17.9,1920,1080,0.05,1696.8,583.0
Round1,Q1,2059,1029.5,EMIRATES,0.8866,1605.7,348.2,38.9,15.0,1920,1080,0.028,1625.2,355.7
Round1,Q1,2059,1029.5,EMIRATES,0.8784,1394.3,422.7,43.7,12.9,1920,1080,0.027,1416.1,429.1
Round1,Q1,2060,1030.0,EMIRATES,0.8954,1560.9,355.0,29.2,19.3,1920,1080,0.027,1575.5,364.7
Round1,Q1,2060,1030.0,EMIRATES,0.8827,1644.0,531.6,57.7,18.2,1920,1080,0.051,1672.8,540.7
Round1,Q1,2061,1030.5,EMIRATES,0.901,1491.0,355.3,37.7,16.7,1920,1080,0.03,1509.9,363.7
Round1,Q1,2061,1030.5,EMIRATES,0.8914,1587.4,496.9,57.3,17.5,1920,1080,0.048,1616.1,505.6
Round1,Q1,2062,1031.0,EMIRATES,0.8974,1544.7,461.3,55.2,17.8,1920,1080,0.048,1572.3,470.3
Round1,Q1,2062,1031.0,EMIRATES,0.8927,1467.6,356.6,44.5,15.8,1920,1080,0.034,1489.9,364.5
Round1,Q1,2063,1031.5,EMIRATES,0.901,1512.8,426.1,55.1,18.1,1920,1080,0.048,1540.4,435.1
Round1,Q1,2063,1031.5,EMIRATES,0.8709,1747.0,381.8,28.7,18.8,1920,1080,0.026,1761.4,391.2
Round1,Q1,2072,1036.0,EMIRATES,0.8661,591.3,158.7,155.7,61.8,1920,1080,0.464,669.2,189.6
Round1,Q1,2073,1036.5,JAMESON,0.8001,1371.7,175.7,63.2,13.8,1920,1080,0.042,1403.3,182.6
Round1,Q1,2073,1036.5,JAMESON,0.7946,1445.4,174.5,61.0,12.9,1920,1080,0.038,1475.9,180.9
Round1,Q1,2073,1036.5,JAMESON,0.7786,1301.3,178.0,59.8,13.4,1920,1080,0.039,1331.2,184.7
Round1,Q1,2073,1036.5,ACCESS_COVERS,0.7353,311.6,180.2,70.1,12.5,1920,1080,0.042,346.6,186.5
Round1,Q1,2074,1037.0,JAMESON,0.7995,1419.8,144.1,67.4,14.7,1920,1080,0.048,1453.6,151.4
Round1,Q1,2074,1037.0,JAMESON,0.7911,1340.3,146.8,66.9,14.2,1920,1080,0.046,1373.7,153.9
Round1,Q1,2074,1037.0,JAMESON,0.7877,1496.0,142.5,70.6,14.4,1920,1080,0.049,1531.3,149.8
Round1,Q1,2074,1037.0,ACCESS_COVERS,0.7481,268.2,149.3,72.8,13.6,1920,1080,0.048,304.6,156.1
Round1,Q1,2075,1037.5,JAMESON,0.8135,1547.0,110.3,75.4,15.5,1920,1080,0.056,1584.7,118.1
Round1,Q1,2075,1037.5,JAMESON,0.804,1460.7,113.8,73.5,15.3,1920,1080,0.054,1497.5,121.5
Round1,Q1,2075,1037.5,JAMESON,0.8025,1375.7,116.7,74.2,15.6,1920,1080,0.056,1412.8,124.5
Round1,Q1,2076,1038.0,JAMESON,0.8161,1496.5,70.9,80.6,17.0,1920,1080,0.066,1536.8,79.4
Round1,Q1,2076,1038.0,JAMESON,0.8107,1590.3,68.4,82.3,15.9,1920,1080,0.063,1631.5,76.3
Round1,Q1,2076,1038.0,JAMESON,0.7858,1406.3,74.3,78.5,17.1,1920,1080,0.065,1445.5,82.8
Round1,Q1,2076,1038.0,ACCESS_COVERS,0.7849,134.1,74.4,86.2,17.8,1920,1080,0.074,177.1,83.3
Round1,Q1,2077,1038.5,ACCESS_COVERS,0.8162,41.4,24.7,96.8,19.9,1920,1080,0.093,89.8,34.6
Round1,Q1,2077,1038.5,JAMESON,0.8146,1431.6,27.7,84.0,18.2,1920,1080,0.074,1473.6,36.8
Round1,Q1,2077,1038.5,JAMESON,0.8126,1632.2,19.7,87.6,17.3,1920,1080,0.073,1676.0,28.3
Round1,Q1,2077,1038.5,JAMESON,0.7855,1526.3,23.9,90.5,18.1,1920,1080,0.079,1571.5,33.0
Round1,Q1,2078,1039.0,EMIRATES,0.5033,542.2,443.4,9.8,41.3,1920,1080,0.019,547.1,464.1
Round1,Q1,2078,1039.0,EMIRATES,0.3063,946.8,442.6,10.0,36.6,1920,1080,0.018,951.8,460.9
Round1,Q1,2079,1039.5,EMIRATES,0.5834,929.9,426.3,10.2,43.3,1920,1080,0.021,935.0,448.0
Round1,Q1,2079,1039.5,EMIRATES,0.5251,487.5,428.0,11.7,42.0,1920,1080,0.024,493.4,449.0
Round1,Q1,2079,1039.5,EMIRATES,0.4902,929.9,378.6,11.2,44.7,1920,1080,0.024,935.5,400.9
Round1,Q1,2079,1039.5,EMIRATES,0.4608,710.1,426.9,10.7,41.9,1920,1080,0.022,715.4,447.8
Round1,Q1,2079,1039.5,EMIRATES,0.4549,710.9,378.7,10.1,45.0,1920,1080,0.022,716.0,401.2
Round1,Q1,2079,1039.5,EMIRATES,0.432,487.7,380.3,10.9,45.3,1920,1080,0.024,493.1,403.0
Round1,Q1,2079,1039.5,EMIRATES,0.3608,259.4,380.5,11.1,46.6,1920,1080,0.025,264.9,403.8
Round1,Q1,2079,1039.5,EMIRATES,0.3384,260.1,429.6,11.6,42.1,1920,1080,0.024,265.9,450.7
Round1,Q1,2080,1040.0,EMIRATES,0.7246,425.7,407.6,12.6,48.9,1920,1080,0.03,432.0,432.1
Round1,Q1,2080,1040.0,EMIRATES,0.6331,914.9,405.3,11.3,47.7,1920,1080,0.026,920.6,429.1
Round1,Q1,2080,1040.0,EMIRATES,0.601,671.8,407.6,11.7,44.8,1920,1080,0.025,677.6,430.0
Round1,Q1,2080,1040.0,EMIRATES,0.6006,425.5,355.4,11.5,48.3,1920,1080,0.027,431.2,379.6
Round1,Q1,2080,1040.0,EMIRATES,0.5541,173.5,409.4,12.2,46.3,1920,1080,0.027,179.6,432.5
Round1,Q1,2080,1040.0,EMIRATES,0.5332,672.1,355.3,11.5,47.8,1920,1080,0.026,677.9,379.2
Round1,Q1,2080,1040.0,EMIRATES,0.4645,172.8,355.0,12.1,50.4,1920,1080,0.029,178.8,380.2
Round1,Q1,2080,1040.0,EMIRATES,0.4264,915.3,352.4,10.4,48.0,1920,1080,0.024,920.6,376.5
Round1,Q1,2081,1040.5,EMIRATES,0.8095,353.3,391.9,13.5,51.7,1920,1080,0.034,360.1,417.8
Round1,Q1,2081,1040.5,EMIRATES,0.7886,625.1,389.1,12.5,53.6,1920,1080,0.032,631.4,415.9
Round1,Q1,2081,1040.5,EMIRATES,0.7522,891.9,388.4,12.1,54.2,1920,1080,0.032,898.0,415.5
Round1,Q1,2081,1040.5,EMIRATES,0.7242,72.6,332.0,13.5,53.9,1920,1080,0.035,79.3,358.9
Round1,Q1,2081,1040.5,EMIRATES,0.7204,352.9,333.7,13.2,52.6,1920,1080,0.034,359.5,360.0
Round1,Q1,2081,1040.5,EMIRATES,0.7201,74.3,391.6,13.2,51.8,1920,1080,0.033,80.9,417.4
Round1,Q1,2081,1040.5,EMIRATES,0.688,625.8,332.7,11.6,51.4,1920,1080,0.029,631.6,358.4
Round1,Q1,2081,1040.5,EMIRATES,0.6544,892.6,332.7,12.0,50.6,1920,1080,0.029,898.6,357.9
Round1,Q1,2082,1041.0,EMIRATES,0.8002,283.0,358.3,14.6,58.8,1920,1080,0.041,290.3,387.7
Round1,Q1,2082,1041.0,EMIRATES,0.7954,880.4,354.5,12.5,59.1,1920,1080,0.036,886.7,384.1
Round1,Q1,2082,1041.0,EMIRATES,0.7662,282.0,293.9,13.7,60.6,1920,1080,0.04,288.8,324.2
Round1,Q1,2082,1041.0,EMIRATES,0.7605,584.8,357.5,13.3,56.9,1920,1080,0.037,591.5,386.0
Round1,Q1,2082,1041.0,EMIRATES,0.7054,584.5,293.2,13.4,60.0,1920,1080,0.039,591.2,323.2
Round1,Q1,2082,1041.0,EMIRATES,0.5816,880.7,292.2,12.3,57.5,1920,1080,0.034,886.9,320.9
Round1,Q1,2083,1041.5,EMIRATES,0.7866,878.7,340.4,12.7,66.5,1920,1080,0.041,885.0,373.7
Round1,Q1,2083,1041.5,EMIRATES,0.7865,227.3,345.5,14.7,63.9,1920,1080,0.045,234.6,377.4
Round1,Q1,2083,1041.5,EMIRATES,0.7778,556.1,275.4,14.3,63.9,1920,1080,0.044,563.2,307.3
Round1,Q1,2083,1041.5,EMIRATES,0.7662,556.6,344.1,14.2,62.8,1920,1080,0.043,563.7,375.5
Round1,Q1,2083,1041.5,EMIRATES,0.7557,225.9,274.5,14.6,65.1,1920,1080,0.046,233.2,307.1
Round1,Q1,2083,1041.5,EMIRATES,0.7125,878.2,273.5,13.4,61.6,1920,1080,0.04,884.9,304.3
Round1,Q1,2084,1042.0,EMIRATES,0.7983,177.0,354.5,16.0,71.0,1920,1080,0.055,185.0,390.0
Round1,Q1,2084,1042.0,EMIRATES,0.7867,894.8,352.3,14.3,69.6,1920,1080,0.048,901.9,387.2
Round1,Q1,2084,1042.0,EMIRATES,0.7858,895.2,277.7,14.5,68.1,1920,1080,0.048,902.5,311.7
Round1,Q1,2084,1042.0,EMIRATES,0.7833,539.9,353.9,15.0,70.5,1920,1080,0.051,547.4,389.1
Round1,Q1,2084,1042.0,EMIRATES,0.7782,176.5,278.7,15.3,70.4,1920,1080,0.052,184.1,313.9
Round1,Q1,2084,1042.0,EMIRATES,0.7744,539.4,279.7,15.2,69.5,1920,1080,0.051,547.0,314.5
Round1,Q1,2085,1042.5,EMIRATES,0.8201,921.0,353.2,15.4,78.0,1920,1080,0.058,928.7,392.2
Round1,Q1,2085,1042.5,EMIRATES,0.7924,920.6,273.1,16.1,73.4,1920,1080,0.057,928.6,309.8
Round1,Q1,2085,1042.5,EMIRATES,0.7916,135.0,357.4,17.5,79.5,1920,1080,0.067,143.8,397.1
Round1,Q1,2085,1042.5,EMIRATES,0.7751,532.3,356.7,16.1,76.6,1920,1080,0.06,540.4,395.0
Round1,Q1,2085,1042.5,EMIRATES,0.7657,532.2,275.3,16.3,78.2,1920,1080,0.062,540.4,314.4
Round1,Q1,2085,1042.5,EMIRATES,0.7288,133.6,274.3,16.9,77.0,1920,1080,0.063,142.1,312.8
Round1,Q1,2086,1043.0,EMIRATES,0.8172,67.5,354.9,19.9,84.7,1920,1080,0.081,77.5,397.2
Round1,Q1,2086,1043.0,EMIRATES,0.8069,66.9,261.5,19.1,86.0,1920,1080,0.079,76.4,304.5
Round1,Q1,2086,1043.0,EMIRATES,0.8069,934.8,349.3,16.9,85.9,1920,1080,0.07,943.3,392.2
Round1,Q1,2086,1043.0,EMIRATES,0.7966,506.9,263.6,17.7,83.7,1920,1080,0.071,515.7,305.5
Round1,Q1,2086,1043.0,EMIRATES,0.7872,507.3,353.0,17.1,83.2,1920,1080,0.069,515.9,394.6
Round1,Q1,2086,1043.0,EMIRATES,0.7778,935.0,259.6,17.4,83.1,1920,1080,0.07,943.6,301.1
Round1,Q1,2086,1043.0,EMIRATES,0.3322,1305.0,925.3,26.4,9.3,1920,1080,0.012,1318.2,930.0
Round1,Q1,2087,1043.5,EMIRATES,0.8161,18.9,358.9,19.6,90.5,1920,1080,0.085,28.7,404.1
Round1,Q1,2087,1043.5,EMIRATES,0.8025,490.1,261.4,19.6,88.8,1920,1080,0.084,499.9,305.8
Round1,Q1,2087,1043.5,EMIRATES,0.792,17.7,259.2,19.4,92.6,1920,1080,0.087,27.5,305.5
Round1,Q1,2087,1043.5,EMIRATES,0.7907,951.0,354.3,17.9,89.4,1920,1080,0.077,960.0,399.0
Round1,Q1,2087,1043.5,EMIRATES,0.7884,950.6,258.3,18.7,88.8,1920,1080,0.08,960.0,302.6
Round1,Q1,2087,1043.5,EMIRATES,0.6865,491.7,357.7,17.9,66.6,1920,1080,0.057,500.7,391.0
Round1,Q1,2087,1043.5,EMIRATES,0.6654,1376.0,973.8,27.4,10.5,1920,1080,0.014,1389.7,979.0
Round1,Q1,2088,1044.0,EMIRATES,0.8026,489.4,254.4,19.5,88.9,1920,1080,0.084,499.1,298.8
Round1,Q1,2088,1044.0,EMIRATES,0.801,17.4,354.0,19.3,88.8,1920,1080,0.083,27.1,398.4
Round1,Q1,2088,1044.0,EMIRATES,0.7989,950.6,348.4,18.5,89.2,1920,1080,0.079,959.8,393.0
Round1,Q1,2088,1044.0,EMIRATES,0.7726,950.5,251.7,18.9,87.9,1920,1080,0.08,959.9,295.6
Round1,Q1,2088,1044.0,EMIRATES,0.7679,15.4,254.9,19.5,90.0,1920,1080,0.084,25.1,299.9
Round1,Q1,2088,1044.0,EMIRATES,0.724,1419.9,961.5,28.5,9.2,1920,1080,0.013,1434.1,966.1
Round1,Q1,2088,1044.0,EMIRATES,0.7088,490.0,351.1,19.1,87.7,1920,1080,0.081,499.5,395.0
Round1,Q1,2089,1044.5,EMIRATES,0.8102,32.6,354.0,20.3,90.1,1920,1080,0.088,42.8,399.1
Round1,Q1,2089,1044.5,EMIRATES,0.7932,505.6,351.3,18.7,89.1,1920,1080,0.08,515.0,395.8
Round1,Q1,2089,1044.5,EMIRATES,0.7899,30.7,254.7,20.0,89.9,1920,1080,0.087,40.7,299.6
Round1,Q1,2089,1044.5,EMIRATES,0.7888,965.0,348.3,18.8,89.1,1920,1080,0.081,974.4,392.9
Round1,Q1,2089,1044.5,EMIRATES,0.7843,965.7,252.6,18.4,88.6,1920,1080,0.078,974.9,296.9
Round1,Q1,2089,1044.5,EMIRATES,0.7831,505.2,256.1,18.7,88.6,1920,1080,0.08,514.5,300.4
Round1,Q1,2089,1044.5,EMIRATES,0.5101,1451.8,953.6,30.0,10.0,1920,1080,0.014,1466.8,958.6
Round1,Q1,2090,1045.0,EMIRATES,0.8983,1761.7,571.2,41.2,19.9,1920,1080,0.04,1782.3,581.2
Round1,Q1,2090,1045.0,EMIRATES,0.8896,190.8,229.0,40.0,14.7,1920,1080,0.028,210.8,236.3
Round1,Q1,2090,1045.0,EMIRATES,0.8728,784.6,120.9,36.1,12.3,1920,1080,0.021,802.6,127.1
Round1,Q1,2090,1045.0,EMIRATES,0.5973,1046.8,507.1,30.3,13.8,1920,1080,0.02,1062.0,514.0
Round1,Q1,2091,1045.5,EMIRATES,0.8896,801.7,121.7,37.5,13.0,1920,1080,0.024,820.4,128.2
Round1,Q1,2091,1045.5,EMIRATES,0.8835,290.0,234.9,40.8,13.1,1920,1080,0.026,310.4,241.4
Round1,Q1,2091,1045.5,EMIRATES,0.7838,1725.8,558.8,37.2,11.9,1920,1080,0.021,1744.4,564.7
Round1,Q1,2091,1045.5,EMIRATES,0.3627,524.5,393.3,22.5,11.4,1920,1080,0.012,535.8,398.9
Round1,Q1,2092,1046.0,EMIRATES,0.8717,915.9,101.9,41.1,14.2,1920,1080,0.028,936.4,109.0
Round1,Q1,2092,1046.0,EMIRATES,0.7979,1618.9,436.5,26.0,25.0,1920,1080,0.031,1631.9,449.0
Round1,Q1,2092,1046.0,EMIRATES,0.735,1151.7,456.2,28.8,14.4,1920,1080,0.02,1166.2,463.4
Round1,Q1,2092,1046.0,EMIRATES,0.6998,592.2,410.3,32.9,12.5,1920,1080,0.02,608.7,416.6
Round1,Q1,2093,1046.5,EMIRATES,0.8896,1158.4,421.0,45.3,18.1,1920,1080,0.039,1181.0,430.0
Round1,Q1,2093,1046.5,EMIRATES,0.8781,590.8,414.7,39.7,14.1,1920,1080,0.027,610.7,421.8
Round1,Q1,2093,1046.5,EMIRATES,0.8764,1023.1,62.1,42.8,14.2,1920,1080,0.029,1044.4,69.2
Round1,Q1,2093,1046.5,EMIRATES,0.8194,1632.6,375.2,26.6,29.0,1920,1080,0.037,1645.9,389.7
Round1,Q1,2094,1047.0,EMIRATES,0.8805,708.2,353.2,39.1,14.4,1920,1080,0.027,727.7,360.5
Round1,Q1,2095,1047.5,EMIRATES,0.7286,516.0,371.8,41.1,18.2,1920,1080,0.036,536.5,381.0
Round1,Q1,2096,1048.0,EMIRATES,0.8776,1020.3,193.8,49.5,15.7,1920,1080,0.037,1045.0,201.6
Round1,Q1,2096,1048.0,EMIRATES,0.8469,93.2,196.8,43.1,20.1,1920,1080,0.042,114.7,206.8
Round1,Q1,2096,1048.0,EMIRATES,0.8074,386.5,306.2,31.7,14.8,1920,1080,0.023,402.3,313.6
Round1,Q1,2097,1048.5,EMIRATES,0.8814,974.6,271.9,48.0,17.0,1920,1080,0.039,998.5,280.5
Round1,Q1,2097,1048.5,EMIRATES,0.8751,45.2,253.8,45.7,18.9,1920,1080,0.042,68.0,263.2
Round1,Q1,2098,1049.0,EMIRATES,0.752,873.7,81.5,32.0,20.8,1920,1080,0.032,889.7,91.9
Round1,Q1,2098,1049.0,EMIRATES,0.3159,588.3,334.8,28.6,18.1,1920,1080,0.025,602.6,343.9
Round1,Q1,2099,1049.5,EMIRATES,0.8702,711.4,639.4,53.2,19.0,1920,1080,0.049,738.0,648.8
Round1,Q1,2099,1049.5,EMIRATES,0.7791,1538.9,373.1,30.7,17.9,1920,1080,0.027,1554.2,382.1
Round1,Q1,2104,1052.0,EMIRATES,0.7823,1895.8,133.8,15.3,57.1,1920,1080,0.042,1903.5,162.4
Round1,Q1,2104,1052.0,EMIRATES,0.6653,1895.4,196.2,12.9,54.4,1920,1080,0.034,1901.8,223.4
Round1,Q1,2104,1052.0,EMIRATES,0.4368,1712.4,162.7,12.6,57.6,1920,1080,0.035,1718.6,191.5
Round1,Q1,2104,1052.0,EMIRATES,0.4116,1548.8,140.6,11.1,51.4,1920,1080,0.028,1554.3,166.3
Round1,Q1,2104,1052.0,EMIRATES,0.3972,1549.8,86.8,11.3,55.4,1920,1080,0.03,1555.4,114.5
Round1,Q1,2105,1052.5,EMIRATES,0.6443,1576.2,127.7,12.1,50.4,1920,1080,0.029,1582.2,152.9
Round1,Q1,2105,1052.5,EMIRATES,0.6174,1733.3,154.4,12.4,51.7,1920,1080,0.031,1739.5,180.3
Round1,Q1,2105,1052.5,EMIRATES,0.42,1735.0,98.7,12.5,55.5,1920,1080,0.033,1741.3,126.5
Round1,Q1,2106,1053.0,EMIRATES,0.4801,1683.2,115.9,12.9,51.0,1920,1080,0.032,1689.6,141.4
Round1,Q1,2106,1053.0,EMIRATES,0.3751,1834.2,93.3,14.3,100.2,1920,1080,0.069,1841.4,143.3
Round1,Q1,2107,1053.5,EMIRATES,0.3296,1863.1,104.3,13.9,48.7,1920,1080,0.033,1870.0,128.7
Round1,Q1,2124,1062.0,EMIRATES,0.3376,1384.4,237.8,11.7,70.3,1920,1080,0.04,1390.3,272.9
Round1,Q1,2125,1062.5,EMIRATES,0.4035,1697.1,328.1,11.8,87.8,1920,1080,0.05,1703.0,372.0
Round1,Q1,2125,1062.5,EMIRATES,0.311,1550.2,305.8,11.2,85.3,1920,1080,0.046,1555.8,348.4
Round1,Q1,2126,1063.0,EMIRATES,0.441,1495.5,311.4,12.9,91.0,1920,1080,0.056,1501.9,356.9
Round1,Q1,2126,1063.0,EMIRATES,0.336,1661.8,386.8,10.8,48.7,1920,1080,0.025,1667.2,411.1
Round1,Q1,2126,1063.0,EMIRATES,0.3195,1345.4,290.4,12.9,91.5,1920,1080,0.057,1351.8,336.2
Round1,Q1,2127,1063.5,EMIRATES,0.8993,157.9,503.6,36.8,25.6,1920,1080,0.045,176.3,516.4
Round1,Q1,2127,1063.5,EMIRATES,0.8621,659.5,868.3,61.5,21.5,1920,1080,0.064,690.3,879.0
Round1,Q1,2127,1063.5,EMIRATES,0.8109,976.4,352.3,38.3,16.5,1920,1080,0.03,995.6,360.5
Round1,Q1,2128,1064.0,EMIRATES,0.8657,239.9,390.3,43.9,23.6,1920,1080,0.05,261.8,402.1
Round1,Q1,2128,1064.0,EMIRATES,0.8093,1182.2,672.2,71.3,28.3,1920,1080,0.097,1217.8,686.4
Round1,Q1,2129,1064.5,EMIRATES,0.8771,323.1,398.8,34.9,22.0,1920,1080,0.037,340.5,409.8
Round1,Q1,2129,1064.5,EMIRATES,0.8194,1574.9,600.3,59.5,20.4,1920,1080,0.059,1604.6,610.5
Round1,Q1,2130,1065.0,EMIRATES,0.8463,1587.1,530.2,64.5,22.9,1920,1080,0.071,1619.4,541.7
Round1,Q1,2130,1065.0,EMIRATES,0.5438,374.0,86.5,36.0,15.6,1920,1080,0.027,392.0,94.3
Round1,Q1,2131,1065.5,EMIRATES,0.9041,527.4,45.5,37.3,20.4,1920,1080,0.037,546.1,55.7
Round1,Q1,2131,1065.5,EMIRATES,0.8628,1873.9,397.3,46.1,16.4,1920,1080,0.036,1896.9,405.5
Round1,Q1,2131,1065.5,EMIRATES,0.8502,94.8,518.8,29.1,20.2,1920,1080,0.028,109.3,528.9
Round1,Q1,2132,1066.0,EMIRATES,0.8584,1824.6,337.9,55.2,17.1,1920,1080,0.046,1852.2,346.4
Round1,Q1,2133,1066.5,EMIRATES,0.7797,1102.0,442.3,51.5,21.0,1920,1080,0.052,1127.8,452.8
Round1,Q1,2134,1067.0,EMIRATES,0.8801,1015.9,365.9,49.6,17.6,1920,1080,0.042,1040.8,374.7
Round1,Q1,2135,1067.5,EMIRATES,0.8919,1198.7,335.8,50.8,17.1,1920,1080,0.042,1224.1,344.4
Round1,Q1,2136,1068.0,EMIRATES,0.7902,1592.0,239.9,13.8,62.4,1920,1080,0.041,1598.9,271.1
Round1,Q1,2136,1068.0,EMIRATES,0.7801,1188.2,178.7,13.0,58.6,1920,1080,0.037,1194.7,208.0
Round1,Q1,2136,1068.0,EMIRATES,0.7665,1380.4,207.9,13.8,60.7,1920,1080,0.04,1387.3,238.3
Round1,Q1,2136,1068.0,EMIRATES,0.7616,1381.3,141.7,13.5,61.4,1920,1080,0.04,1388.1,172.4
Round1,Q1,2136,1068.0,EMIRATES,0.6498,1188.5,116.8,12.4,57.3,1920,1080,0.034,1194.7,145.4
Round1,Q1,2136,1068.0,EMIRATES,0.6487,1594.7,169.7,12.9,65.4,1920,1080,0.041,1601.2,202.4
Round1,Q1,2136,1068.0,EMIRATES,0.6474,1011.7,143.5,12.6,64.6,1920,1080,0.039,1018.0,175.8
Round1,Q1,2137,1068.5,EMIRATES,0.7452,1556.6,192.7,13.1,61.3,1920,1080,0.039,1563.2,223.4
Round1,Q1,2137,1068.5,EMIRATES,0.6691,1007.4,108.6,11.9,55.3,1920,1080,0.032,1013.3,136.3
Round1,Q1,2137,1068.5,EMIRATES,0.4534,1558.1,128.1,12.6,62.5,1920,1080,0.038,1564.4,159.4
Round1,Q1,2137,1068.5,EMIRATES,0.4238,1356.6,166.0,13.2,56.6,1920,1080,0.036,1363.2,194.3
Round1,Q1,2137,1068.5,EMIRATES,0.3739,1174.2,130.4,13.1,63.4,1920,1080,0.04,1180.7,162.1
Round1,Q1,2137,1068.5,EMIRATES,0.3043,1357.4,101.6,12.6,60.9,1920,1080,0.037,1363.7,132.0
Round1,Q1,2138,1069.0,EMIRATES,0.7136,1541.5,164.4,12.7,56.7,1920,1080,0.035,1547.8,192.7
Round1,Q1,2138,1069.0,EMIRATES,0.6496,1351.7,136.2,13.3,55.4,1920,1080,0.036,1358.4,163.9
Round1,Q1,2138,1069.0,EMIRATES,0.6271,1023.4,81.1,11.5,55.3,1920,1080,0.031,1029.1,108.8
Round1,Q1,2138,1069.0,EMIRATES,0.5297,1180.8,109.1,12.2,56.3,1920,1080,0.033,1186.9,137.2
Round1,Q1,2138,1069.0,EMIRATES,0.4148,1543.8,101.2,11.2,58.5,1920,1080,0.032,1549.4,130.5
Round1,Q1,2139,1069.5,EMIRATES,0.7073,1050.8,70.4,11.4,52.3,1920,1080,0.029,1056.6,96.5
Round1,Q1,2139,1069.5,EMIRATES,0.6191,1199.8,97.4,11.9,52.1,1920,1080,0.03,1205.7,123.4
Round1,Q1,2139,1069.5,EMIRATES,0.5751,1362.0,123.3,12.4,52.7,1920,1080,0.032,1368.2,149.7
Round1,Q1,2139,1069.5,EMIRATES,0.5043,1541.3,148.6,11.9,53.7,1920,1080,0.031,1547.3,175.5
Round1,Q1,2139,1069.5,EMIRATES,0.3912,1200.6,46.2,10.8,49.0,1920,1080,0.026,1206.0,70.7
Round1,Q1,2139,1069.5,EMIRATES,0.3849,1361.9,67.8,12.6,65.5,1920,1080,0.04,1368.2,100.6
Round1,Q1,2140,1070.0,EMIRATES,0.6277,1520.0,143.1,11.3,49.6,1920,1080,0.027,1525.6,167.9
Round1,Q1,2140,1070.0,EMIRATES,0.4771,1521.9,87.5,10.5,55.8,1920,1080,0.028,1527.2,115.4
Round1,Q1,2140,1070.0,EMIRATES,0.4276,1061.8,70.9,10.7,47.7,1920,1080,0.025,1067.2,94.7
Round1,Q1,2140,1070.0,EMIRATES,0.3653,1352.6,119.1,11.6,48.2,1920,1080,0.027,1358.4,143.2
Round1,Q1,2141,1070.5,EMIRATES,0.5819,1632.7,81.8,15.0,99.8,1920,1080,0.072,1640.2,131.7
Round1,Q1,2141,1070.5,EMIRATES,0.5224,1473.5,60.7,15.0,94.3,1920,1080,0.068,1481.0,107.9
Round1,Q1,2141,1070.5,EMIRATES,0.3732,1196.8,21.0,15.4,89.0,1920,1080,0.066,1204.5,65.5
Round1,Q1,2141,1070.5,EMIRATES,0.3481,1329.2,40.7,14.6,93.0,1920,1080,0.065,1336.5,87.2
Round1,Q1,2153,1076.5,EMIRATES,0.5794,912.9,426.9,38.7,12.2,1920,1080,0.023,932.2,433.0
Round1,Q1,2154,1077.0,EMIRATES,0.8642,369.3,267.8,64.2,33.8,1920,1080,0.105,401.4,284.7
Round1,Q1,2154,1077.0,EMIRATES,0.8508,1012.2,386.5,67.1,30.1,1920,1080,0.097,1045.8,401.5
Round1,Q1,2154,1077.0,EMIRATES,0.8203,943.0,119.2,34.3,41.5,1920,1080,0.069,960.1,139.9
Round1,Q1,2155,1077.5,EMIRATES,0.8768,297.9,198.7,61.5,30.6,1920,1080,0.091,328.6,214.0
Round1,Q1,2155,1077.5,EMIRATES,0.8426,1279.4,192.8,46.3,22.5,1920,1080,0.05,1302.5,204.1
Round1,Q1,2156,1078.0,EMIRATES,0.8383,374.2,140.0,44.6,40.5,1920,1080,0.087,396.4,160.2
Round1,Q1,2162,1081.0,ACCESS_COVERS,0.3781,1598.8,83.0,72.2,18.1,1920,1080,0.063,1634.9,92.1
Round1,Q1,2163,1081.5,ACCESS_COVERS,0.757,1526.2,148.6,64.8,14.2,1920,1080,0.044,1558.6,155.6
Round1,Q1,2164,1082.0,ACCESS_COVERS,0.4764,1501.7,128.0,69.0,16.4,1920,1080,0.054,1536.2,136.2
Round1,Q1,2165,1082.5,ACCESS_COVERS,0.8036,1512.9,47.8,78.7,19.0,1920,1080,0.072,1552.3,57.3
Round1,Q1,2166,1083.0,EMIRATES,0.8345,1337.8,316.3,52.9,19.8,1920,1080,0.05,1364.3,326.2
Round1,Q1,2166,1083.0,EMIRATES,0.8085,1310.2,497.1,40.1,20.6,1920,1080,0.04,1330.3,507.4
Round1,Q1,2167,1083.5,EMIRATES,0.8272,1372.5,606.2,41.5,29.7,1920,1080,0.059,1393.3,621.0
Round1,Q1,2167,1083.5,EMIRATES,0.6139,1201.7,372.7,36.5,20.1,1920,1080,0.035,1220.0,382.7
Round1,Q1,2167,1083.5,EMIRATES,0.6097,206.1,767.4,48.0,31.4,1920,1080,0.073,230.1,783.1
Round1,Q1,2168,1084.0,EMIRATES,0.8923,272.3,461.4,43.0,27.1,1920,1080,0.056,293.8,474.9
Round1,Q1,2168,1084.0,EMIRATES,0.8906,120.8,742.5,60.4,27.4,1920,1080,0.08,151.0,756.2
Round1,Q1,2168,1084.0,EMIRATES,0.859,1206.4,328.8,51.7,23.7,1920,1080,0.059,1232.3,340.6
Round1,Q1,2168,1084.0,EMIRATES,0.8453,938.9,144.9,41.5,17.3,1920,1080,0.035,959.6,153.5
Round1,Q1,2168,1084.0,EMIRATES,0.8035,1652.4,460.9,60.6,20.1,1920,1080,0.059,1682.7,470.9
Round1,Q1,2169,1084.5,EMIRATES,0.8592,1083.2,147.1,47.2,17.7,1920,1080,0.04,1106.8,156.0
Round1,Q1,2169,1084.5,EMIRATES,0.8469,456.7,605.0,69.3,32.5,1920,1080,0.108,491.3,621.2
Round1,Q1,2169,1084.5,EMIRATES,0.7244,733.5,403.8,45.5,29.2,1920,1080,0.064,756.3,418.4
Round1,Q1,2170,1085.0,EMIRATES,0.894,750.1,585.1,61.3,21.3,1920,1080,0.063,780.7,595.8
Round1,Q1,2170,1085.0,EMIRATES,0.8843,1002.5,349.2,56.5,21.1,1920,1080,0.058,1030.8,359.7
Round1,Q1,2170,1085.0,EMIRATES,0.8781,874.4,420.6,53.9,23.6,1920,1080,0.061,901.4,432.4
Round1,Q1,2170,1085.0,EMIRATES,0.8778,839.9,351.7,35.7,16.3,1920,1080,0.028,857.8,359.9
Round1,Q1,2170,1085.0,EMIRATES,0.8708,1170.6,228.1,38.4,17.9,1920,1080,0.033,1189.8,237.0
Round1,Q1,2171,1085.5,EMIRATES,0.8789,778.0,446.1,55.9,19.3,1920,1080,0.052,805.9,455.7
Round1,Q1,2171,1085.5,EMIRATES,0.8486,835.2,590.8,63.6,24.5,1920,1080,0.075,867.0,603.1
Round1,Q1,2171,1085.5,EMIRATES,0.816,836.4,366.3,38.9,21.6,1920,1080,0.04,855.8,377.1
Round1,Q1,2171,1085.5,EMIRATES,0.713,1107.1,347.9,47.2,16.0,1920,1080,0.036,1130.7,355.9
Round1,Q1,2171,1085.5,EMIRATES,0.3057,1079.8,253.4,21.0,14.7,1920,1080,0.015,1090.3,260.7
Round1,Q1,2172,1086.0,EMIRATES,0.8911,653.7,169.6,47.6,17.7,1920,1080,0.041,677.5,178.5
Round1,Q1,2172,1086.0,EMIRATES,0.8738,879.5,448.7,53.4,24.7,1920,1080,0.064,906.2,461.0
Round1,Q1,2172,1086.0,EMIRATES,0.8713,1499.7,244.7,37.2,18.7,1920,1080,0.034,1518.3,254.0
Round1,Q1,2173,1086.5,EMIRATES,0.8969,619.9,386.6,54.9,17.9,1920,1080,0.047,647.4,395.5
Round1,Q1,2173,1086.5,EMIRATES,0.8816,514.3,140.3,45.9,15.3,1920,1080,0.034,537.3,148.0
Round1,Q1,2173,1086.5,EMIRATES,0.876,1528.5,251.6,42.3,18.8,1920,1080,0.038,1549.7,260.9
Round1,Q1,2173,1086.5,EMIRATES,0.8697,981.7,87.0,40.9,19.1,1920,1080,0.038,1002.1,96.6
Round1,Q1,2174,1087.0,EMIRATES,0.8926,1160.5,92.6,53.4,19.3,1920,1080,0.05,1187.3,102.3
Round1,Q1,2174,1087.0,EMIRATES,0.8779,744.4,91.7,55.7,17.2,1920,1080,0.046,772.2,100.3
Round1,Q1,2174,1087.0,EMIRATES,0.8686,765.9,335.6,59.2,21.1,1920,1080,0.06,795.5,346.2
Round1,Q1,2174,1087.0,EMIRATES,0.6881,1691.6,271.9,38.2,23.6,1920,1080,0.043,1710.7,283.7
Round1,Q1,2175,1087.5,EMIRATES,0.8902,1269.9,317.2,49.9,17.7,1920,1080,0.043,1294.8,326.0
Round1,Q1,2175,1087.5,EMIRATES,0.8764,981.6,364.7,61.3,20.8,1920,1080,0.062,1012.3,375.1
Round1,Q1,2175,1087.5,EMIRATES,0.8178,1895.0,287.1,24.8,25.1,1920,1080,0.03,1907.4,299.6
Round1,Q1,2176,1088.0,EMIRATES,0.6688,1289.7,283.2,12.8,63.0,1920,1080,0.039,1296.1,314.7
Round1,Q1,2176,1088.0,EMIRATES,0.6339,1679.7,349.0,14.7,63.5,1920,1080,0.045,1687.1,380.7
Round1,Q1,2176,1088.0,EMIRATES,0.5352,1475.9,315.6,13.2,63.8,1920,1080,0.041,1482.5,347.5
Round1,Q1,2177,1088.5,EMIRATES,0.786,1830.9,437.0,15.0,65.2,1920,1080,0.047,1838.4,469.6
Round1,Q1,2177,1088.5,EMIRATES,0.7701,1607.5,337.0,15.2,63.5,1920,1080,0.047,1615.1,368.8
Round1,Q1,2177,1088.5,EMIRATES,0.7627,1407.8,371.7,14.3,61.3,1920,1080,0.042,1415.0,402.4
Round1,Q1,2177,1088.5,EMIRATES,0.7551,1608.1,404.8,14.1,61.1,1920,1080,0.042,1615.1,435.4
Round1,Q1,2177,1088.5,EMIRATES,0.7542,1832.6,366.4,15.3,67.4,1920,1080,0.05,1840.2,400.1
Round1,Q1,2177,1088.5,EMIRATES,0.7227,1407.3,308.7,13.8,59.5,1920,1080,0.04,1414.2,338.4
Round1,Q1,2177,1088.5,EMIRATES,0.4955,1226.5,344.1,13.4,56.9,1920,1080,0.037,1233.2,372.5
Round1,Q1,2177,1088.5,EMIRATES,0.3395,1226.5,280.4,12.2,60.1,1920,1080,0.035,1232.6,310.4
Round1,Q1,2178,1089.0,EMIRATES,0.8113,1543.1,421.4,15.5,68.0,1920,1080,0.051,1550.8,455.4
Round1,Q1,2178,1089.0,EMIRATES,0.7994,1329.1,388.1,14.5,65.8,1920,1080,0.046,1336.4,421.0
Round1,Q1,2178,1089.0,EMIRATES,0.7953,1329.2,319.8,13.8,65.1,1920,1080,0.043,1336.0,352.4
Round1,Q1,2178,1089.0,EMIRATES,0.7927,1782.5,456.6,14.5,70.8,1920,1080,0.049,1789.7,492.0
Round1,Q1,2178,1089.0,EMIRATES,0.7909,1543.7,350.3,14.3,64.4,1920,1080,0.044,1550.9,382.5
Round1,Q1,2178,1089.0,EMIRATES,0.7837,1133.2,291.6,13.5,61.8,1920,1080,0.04,1139.9,322.6
Round1,Q1,2178,1089.0,EMIRATES,0.7826,1784.0,381.3,13.4,67.9,1920,1080,0.044,1790.6,415.3
Round1,Q1,2178,1089.0,EMIRATES,0.7753,1133.7,357.0,13.7,61.6,1920,1080,0.041,1140.6,387.8
Round1,Q1,2179,1089.5,EMIRATES,0.8121,1761.8,468.1,15.8,77.6,1920,1080,0.059,1769.7,506.9
Round1,Q1,2179,1089.5,EMIRATES,0.8071,1502.8,352.0,15.5,69.2,1920,1080,0.052,1510.6,386.6
Round1,Q1,2179,1089.5,EMIRATES,0.8065,1269.9,393.0,15.1,72.8,1920,1080,0.053,1277.4,429.5
Round1,Q1,2179,1089.5,EMIRATES,0.8037,1502.5,429.1,16.1,73.8,1920,1080,0.057,1510.5,466.0
Round1,Q1,2179,1089.5,EMIRATES,0.7991,1763.6,386.5,14.3,75.0,1920,1080,0.052,1770.7,424.1
Round1,Q1,2179,1089.5,EMIRATES,0.7964,1269.1,319.4,15.0,71.1,1920,1080,0.052,1276.7,355.0
Round1,Q1,2179,1089.5,EMIRATES,0.7934,1056.9,360.8,14.0,67.1,1920,1080,0.045,1063.9,394.3
Round1,Q1,2179,1089.5,EMIRATES,0.7934,1055.6,287.8,13.8,67.1,1920,1080,0.045,1062.5,321.4
Round1,Q1,2180,1090.0,EMIRATES,0.8172,1464.0,344.6,17.4,78.3,1920,1080,0.066,1472.6,383.8
Round1,Q1,2180,1090.0,EMIRATES,0.8167,1752.0,474.5,17.1,84.0,1920,1080,0.069,1760.6,516.5
Round1,Q1,2180,1090.0,EMIRATES,0.8139,968.1,355.0,15.9,74.1,1920,1080,0.057,976.0,392.1
Round1,Q1,2180,1090.0,EMIRATES,0.8128,1464.4,431.9,17.6,80.9,1920,1080,0.069,1473.2,472.4
Round1,Q1,2180,1090.0,EMIRATES,0.799,1204.5,308.3,15.7,80.2,1920,1080,0.061,1212.4,348.4
Round1,Q1,2180,1090.0,EMIRATES,0.798,1753.4,382.2,15.5,81.5,1920,1080,0.061,1761.2,423.0
Round1,Q1,2180,1090.0,EMIRATES,0.7934,1204.8,393.1,17.1,79.0,1920,1080,0.065,1213.4,432.6
Round1,Q1,2180,1090.0,EMIRATES,0.7921,966.9,273.3,15.1,77.0,1920,1080,0.056,974.5,311.8
Round1,Q1,2181,1090.5,EMIRATES,0.8158,1424.7,434.9,19.0,87.9,1920,1080,0.081,1434.2,478.9
Round1,Q1,2181,1090.5,EMIRATES,0.8125,875.4,259.0,16.8,83.8,1920,1080,0.068,883.8,300.9
Round1,Q1,2181,1090.5,EMIRATES,0.8084,1138.9,390.8,18.7,86.6,1920,1080,0.078,1148.3,434.1
Round1,Q1,2181,1090.5,EMIRATES,0.8068,1138.7,298.5,17.3,82.0,1920,1080,0.068,1147.3,339.5
Round1,Q1,2181,1090.5,EMIRATES,0.8033,1742.0,378.8,16.7,92.1,1920,1080,0.074,1750.4,424.8
Round1,Q1,2181,1090.5,EMIRATES,0.8017,1424.9,338.2,18.8,87.0,1920,1080,0.079,1434.3,381.7
Round1,Q1,2181,1090.5,EMIRATES,0.788,877.4,349.0,17.8,83.6,1920,1080,0.072,886.3,390.7
Round1,Q1,2181,1090.5,EMIRATES,0.7849,1740.3,479.6,19.2,94.1,1920,1080,0.087,1749.9,526.6
Round1,Q1,2182,1091.0,EMIRATES,0.8209,1074.3,399.9,19.5,94.8,1920,1080,0.089,1084.1,447.3
Round1,Q1,2182,1091.0,EMIRATES,0.8163,1383.9,341.8,19.9,93.2,1920,1080,0.09,1393.9,388.4
Round1,Q1,2182,1091.0,EMIRATES,0.814,1384.0,446.7,20.6,97.1,1920,1080,0.096,1394.3,495.2
Round1,Q1,2182,1091.0,EMIRATES,0.7969,789.7,354.4,18.6,89.6,1920,1080,0.08,799.0,399.2
Round1,Q1,2182,1091.0,EMIRATES,0.7962,1725.8,496.8,20.4,101.2,1920,1080,0.1,1736.0,547.5
Round1,Q1,2182,1091.0,EMIRATES,0.7929,788.2,257.5,16.5,87.5,1920,1080,0.07,796.5,301.3
Round1,Q1,2182,1091.0,EMIRATES,0.7911,1073.1,299.4,18.6,91.8,1920,1080,0.082,1082.3,345.2
Round1,Q1,2182,1091.0,EMIRATES,0.7875,1726.7,388.6,18.3,97.1,1920,1080,0.086,1735.8,437.1
Round1,Q1,2183,1091.5,EMIRATES,0.83,1016.4,299.6,20.4,100.7,1920,1080,0.099,1026.6,349.9
Round1,Q1,2183,1091.5,EMIRATES,0.8144,1352.1,345.6,20.5,101.8,1920,1080,0.101,1362.3,396.5
Round1,Q1,2183,1091.5,EMIRATES,0.8124,1352.8,459.4,22.2,103.1,1920,1080,0.111,1363.9,510.9
Round1,Q1,2183,1091.5,EMIRATES,0.8039,1018.3,408.7,21.5,100.3,1920,1080,0.104,1029.1,458.9
Round1,Q1,2183,1091.5,EMIRATES,0.8003,1721.1,511.6,21.7,111.4,1920,1080,0.116,1731.9,567.3
Round1,Q1,2183,1091.5,EMIRATES,0.7897,710.6,360.6,19.8,95.2,1920,1080,0.091,720.5,408.2
Round1,Q1,2183,1091.5,EMIRATES,0.7812,708.9,255.6,17.7,98.0,1920,1080,0.084,717.8,304.6
Round1,Q1,2183,1091.5,EMIRATES,0.7695,1722.1,394.3,18.4,107.7,1920,1080,0.096,1731.3,448.2
Round1,Q1,2184,1092.0,EMIRATES,0.835,1730.5,529.0,24.2,117.7,1920,1080,0.137,1742.6,587.8
Round1,Q1,2184,1092.0,EMIRATES,0.8246,968.4,298.2,21.3,107.2,1920,1080,0.11,979.1,351.8
Round1,Q1,2184,1092.0,EMIRATES,0.806,1331.6,470.0,24.5,113.9,1920,1080,0.135,1343.9,527.0
Round1,Q1,2184,1092.0,EMIRATES,0.8056,633.8,249.8,19.4,104.7,1920,1080,0.098,643.5,302.2
Round1,Q1,2184,1092.0,EMIRATES,0.8003,1731.6,401.0,20.5,116.9,1920,1080,0.115,1741.9,459.5
Round1,Q1,2184,1092.0,EMIRATES,0.798,635.7,363.8,21.1,104.8,1920,1080,0.107,646.3,416.2
Round1,Q1,2184,1092.0,EMIRATES,0.7845,970.1,416.9,23.3,107.7,1920,1080,0.121,981.7,470.7
Round1,Q1,2184,1092.0,EMIRATES,0.7708,1331.1,348.5,22.2,108.4,1920,1080,0.116,1342.2,402.7
Round1,Q1,2189,1094.5,EMIRATES,0.4816,0.1,1056.1,23.1,23.8,1920,1080,0.026,11.6,1068.0
Round1,Q1,2192,1096.0,EMIRATES,0.8606,910.8,935.2,96.4,41.7,1920,1080,0.194,959.0,956.0
Round1,Q1,2197,1098.5,EMIRATES,0.8902,975.8,318.1,113.4,42.8,1920,1080,0.234,1032.5,339.5
Round1,Q1,2197,1098.5,EMIRATES,0.3016,235.2,12.4,209.6,518.7,1920,1080,5.244,340.0,271.7
Round1,Q1,2198,1099.0,EMIRATES,0.8812,1057.3,342.3,140.3,58.6,1920,1080,0.396,1127.4,371.6
Round1,Q1,2199,1099.5,EMIRATES,0.9025,1099.1,350.6,142.4,40.6,1920,1080,0.279,1170.3,370.8
Round1,Q1,2200,1100.0,EMIRATES,0.8574,981.0,334.3,127.3,53.6,1920,1080,0.329,1044.6,361.1
Round1,Q1,2202,1101.0,EMIRATES,0.7926,889.7,451.6,58.2,37.3,1920,1080,0.105,918.8,470.3
Round1,Q1,2203,1101.5,EMIRATES,0.9042,900.7,396.1,89.1,38.8,1920,1080,0.167,945.3,415.5
Round1,Q1,2204,1102.0,EMIRATES,0.9058,906.4,413.7,91.1,39.1,1920,1080,0.172,952.0,433.2
Round1,Q1,2205,1102.5,EMIRATES,0.8993,914.0,414.4,103.9,45.8,1920,1080,0.229,965.9,437.3
Round1,Q1,2206,1103.0,EMIRATES,0.8931,892.8,414.2,121.9,40.7,1920,1080,0.239,953.8,434.5
Round1,Q1,2207,1103.5,EMIRATES,0.8939,883.2,407.5,117.4,45.9,1920,1080,0.26,941.9,430.5
Round1,Q1,2208,1104.0,EMIRATES,0.902,821.2,441.1,119.4,39.3,1920,1080,0.227,881.0,460.8
Round1,Q1,2208,1104.0,EMIRATES,0.7978,1222.0,867.7,31.8,12.1,1920,1080,0.019,1237.9,873.7
Round1,Q1,2208,1104.0,EMIRATES,0.527,1868.8,757.4,19.7,8.7,1920,1080,0.008,1878.6,761.8
Round1,Q1,2209,1104.5,EMIRATES,0.8992,806.2,437.2,121.5,44.2,1920,1080,0.259,866.9,459.3
Round1,Q1,2210,1105.0,EMIRATES,0.9083,852.1,460.6,117.1,41.0,1920,1080,0.232,910.7,481.1
Round1,Q1,2211,1105.5,EMIRATES,0.8941,864.6,450.6,120.9,41.8,1920,1080,0.244,925.0,471.5
Round1,Q1,2212,1106.0,EMIRATES,0.9093,883.5,454.0,135.6,40.4,1920,1080,0.264,951.3,474.2
Round1,Q1,2212,1106.0,EMIRATES,0.5963,1303.0,784.8,26.8,9.3,1920,1080,0.012,1316.4,789.4
Round1,Q1,2213,1106.5,EMIRATES,0.91,967.2,461.4,135.2,48.9,1920,1080,0.319,1034.8,485.8
Round1,Q1,2214,1107.0,EMIRATES,0.4153,727.3,214.9,56.5,15.9,1920,1080,0.043,755.6,222.8
Round1,Q1,2214,1107.0,EMIRATES,0.3833,398.3,213.9,59.9,17.9,1920,1080,0.052,428.2,222.9
Round1,Q1,2214,1107.0,EMIRATES,0.3611,1327.9,333.6,59.1,16.7,1920,1080,0.048,1357.4,342.0
Round1,Q1,2214,1107.0,EMIRATES,0.3456,482.9,214.7,58.3,17.1,1920,1080,0.048,512.0,223.3
Round1,Q1,2214,1107.0,EMIRATES,0.3208,665.3,356.4,56.1,18.4,1920,1080,0.05,693.4,365.5
Round1,Q1,2215,1107.5,CYBERCX,0.6248,1227.4,95.5,46.7,11.3,1920,1080,0.025,1250.8,101.1
Round1,Q1,2215,1107.5,EMIRATES,0.4266,662.1,355.4,57.4,19.0,1920,1080,0.053,690.9,364.9
Round1,Q1,2215,1107.5,EMIRATES,0.3202,1325.4,333.2,60.4,16.8,1920,1080,0.049,1355.6,341.6
Round1,Q1,2216,1108.0,CYBERCX,0.5903,1222.9,94.1,45.4,10.2,1920,1080,0.022,1245.6,99.2
Round1,Q1,2216,1108.0,ACCESS_COVERS,0.5691,1274.9,93.8,50.3,10.8,1920,1080,0.026,1300.0,99.2
Round1,Q1,2216,1108.0,EMIRATES,0.4033,654.0,355.7,57.6,18.4,1920,1080,0.051,682.8,364.9
Round1,Q1,2217,1108.5,EMIRATES,0.6387,1361.0,826.6,21.8,9.8,1920,1080,0.01,1371.9,831.5
Round1,Q1,2217,1108.5,CYBERCX,0.5642,1220.0,92.9,46.9,10.8,1920,1080,0.024,1243.4,98.3
Round1,Q1,2217,1108.5,EMIRATES,0.4338,896.1,344.2,55.3,17.6,1920,1080,0.047,923.8,353.0
Round1,Q1,2217,1108.5,ACCESS_COVERS,0.4116,1273.8,93.2,49.3,10.4,1920,1080,0.025,1298.4,98.4
Round1,Q1,2218,1109.0,EMIRATES,0.9004,1570.4,811.1,46.6,18.0,1920,1080,0.04,1593.7,820.1
Round1,Q1,2218,1109.0,ACCESS_COVERS,0.668,1270.1,91.0,50.2,11.1,1920,1080,0.027,1295.2,96.5
Round1,Q1,2218,1109.0,CYBERCX,0.5058,1215.3,91.1,48.0,11.0,1920,1080,0.025,1239.3,96.6
Round1,Q1,2219,1109.5,EMIRATES,0.9039,1581.6,838.8,55.4,17.1,1920,1080,0.046,1609.3,847.4
Round1,Q1,2219,1109.5,ACCESS_COVERS,0.548,1266.2,89.5,51.1,10.6,1920,1080,0.026,1291.8,94.8
Round1,Q1,2220,1110.0,EMIRATES,0.9016,1535.3,861.2,52.6,17.3,1920,1080,0.044,1561.6,869.8
Round1,Q1,2220,1110.0,CYBERCX,0.3924,1213.9,87.9,47.3,10.2,1920,1080,0.023,1237.6,93.0
Round1,Q1,2221,1110.5,ACCESS_COVERS,0.5787,1268.0,86.6,50.3,10.4,1920,1080,0.025,1293.2,91.8
Round1,Q1,2221,1110.5,EMIRATES,0.3991,629.7,351.5,58.8,18.9,1920,1080,0.054,659.2,361.0
Round1,Q1,2222,1111.0,EMIRATES,0.3957,631.3,351.7,57.4,18.9,1920,1080,0.052,660.0,361.2
Round1,Q1,2223,1111.5,CYBERCX,0.3389,1209.8,95.7,45.6,10.7,1920,1080,0.024,1232.6,101.0
Round1,Q1,2224,1112.0,ACCESS_COVERS,0.7016,1257.8,102.0,50.6,10.3,1920,1080,0.025,1283.1,107.2
Round1,Q1,2224,1112.0,CYBERCX,0.5935,1206.0,101.9,45.0,10.3,1920,1080,0.022,1228.5,107.1
Round1,Q1,2225,1112.5,ACCESS_COVERS,0.6029,1256.3,107.0,48.4,10.1,1920,1080,0.023,1280.5,112.0
Round1,Q1,2225,1112.5,CYBERCX,0.3414,1203.5,107.0,47.7,10.1,1920,1080,0.023,1227.3,112.0
Round1,Q1,2226,1113.0,ACCESS_COVERS,0.787,1253.8,111.3,48.5,9.6,1920,1080,0.022,1278.1,116.1
Round1,Q1,2226,1113.0,CYBERCX,0.6775,1202.6,111.7,44.4,9.4,1920,1080,0.02,1224.8,116.4
Round1,Q1,2227,1113.5,ACCESS_COVERS,0.6226,1253.0,114.6,48.3,9.6,1920,1080,0.022,1277.1,119.4
Round1,Q1,2227,1113.5,CYBERCX,0.5234,1201.5,113.8,43.5,10.5,1920,1080,0.022,1223.3,119.1
Round1,Q1,2228,1114.0,ACCESS_COVERS,0.6337,1252.8,115.1,47.3,9.9,1920,1080,0.023,1276.4,120.0
Round1,Q1,2228,1114.0,CYBERCX,0.6328,1200.9,114.4,44.8,10.6,1920,1080,0.023,1223.3,119.8
Round1,Q1,2229,1114.5,CYBERCX,0.555,1201.0,114.6,44.1,10.5,1920,1080,0.022,1223.0,119.8
Round1,Q1,2229,1114.5,ACCESS_COVERS,0.5248,1252.5,115.3,47.6,9.9,1920,1080,0.023,1276.2,120.3
Round1,Q1,2230,1115.0,ACCESS_COVERS,0.5792,1252.4,115.3,47.1,9.7,1920,1080,0.022,1276.0,120.1
Round1,Q1,2230,1115.0,CYBERCX,0.5478,1201.0,114.6,43.3,10.2,1920,1080,0.021,1222.7,119.7
Round1,Q1,2231,1115.5,ACCESS_COVERS,0.6335,1252.2,115.3,47.2,9.8,1920,1080,0.022,1275.8,120.2
Round1,Q1,2231,1115.5,CYBERCX,0.5738,1200.9,114.6,43.4,10.2,1920,1080,0.021,1222.6,119.7
Round1,Q1,2232,1116.0,CYBERCX,0.5822,1201.2,114.5,43.1,10.2,1920,1080,0.021,1222.7,119.6
Round1,Q1,2232,1116.0,ACCESS_COVERS,0.5042,1252.5,115.3,47.3,9.7,1920,1080,0.022,1276.1,120.1
Round1,Q1,2235,1117.5,CYBERCX,0.7698,0.0,335.7,144.0,81.6,1920,1080,0.567,72.0,376.5
Round1,Q1,2237,1118.5,CYBERCX,0.8554,1154.7,2.9,237.7,61.3,1920,1080,0.703,1273.5,33.6
Round1,Q1,2237,1118.5,CYBERCX,0.5247,1829.8,449.0,90.2,60.5,1920,1080,0.263,1874.9,479.2
Round1,Q1,2237,1118.5,CYBERCX,0.3682,1605.5,12.4,132.9,50.8,1920,1080,0.325,1671.9,37.8
Round1,Q1,2238,1119.0,CYBERCX,0.8643,608.0,0.3,211.9,51.1,1920,1080,0.522,714.0,25.9
Round1,Q1,2238,1119.0,CYBERCX,0.8243,642.7,98.3,198.2,51.5,1920,1080,0.492,741.8,124.0
Round1,Q1,2238,1119.0,CYBERCX,0.533,1006.9,6.5,141.8,43.6,1920,1080,0.298,1077.8,28.3
Round1,Q1,2238,1119.0,CYBERCX,0.4673,1024.8,103.8,113.3,49.4,1920,1080,0.27,1081.5,128.5
Round1,Q1,2239,1119.5,CYBERCX,0.851,256.2,41.8,203.5,59.4,1920,1080,0.583,358.0,71.4
Round1,Q1,2239,1119.5,CYBERCX,0.8435,290.0,146.4,191.0,49.5,1920,1080,0.456,385.5,171.2
Round1,Q1,2239,1119.5,CYBERCX,0.7041,623.5,52.3,151.5,49.3,1920,1080,0.36,699.2,77.0
Round1,Q1,2239,1119.5,CYBERCX,0.4346,656.3,152.0,100.0,45.3,1920,1080,0.219,706.3,174.7
Round1,Q1,2239,1119.5,CYBERCX,0.3961,1282.7,53.6,90.2,42.5,1920,1080,0.185,1327.8,74.8
Round1,Q1,2239,1119.5,CYBERCX,0.3135,877.3,45.4,55.6,49.3,1920,1080,0.132,905.1,70.1
Round1,Q1,2240,1120.0,CYBERCX,0.7556,0.3,196.9,110.1,47.4,1920,1080,0.252,55.3,220.6
Round1,Q1,2240,1120.0,CYBERCX,0.746,248.2,99.6,152.5,49.5,1920,1080,0.364,324.4,124.3
Round1,Q1,2240,1120.0,CYBERCX,0.7385,0.0,94.6,85.0,52.1,1920,1080,0.214,42.5,120.6
Round1,Q1,2240,1120.0,CYBERCX,0.6472,286.3,199.8,101.8,47.4,1920,1080,0.233,337.2,223.5
Round1,Q1,2240,1120.0,CYBERCX,0.6257,910.7,102.7,86.7,42.4,1920,1080,0.177,954.1,124.0
Round1,Q1,2240,1120.0,CYBERCX,0.4153,507.7,95.1,49.1,47.9,1920,1080,0.113,532.3,119.0
Round1,Q1,2240,1120.0,CYBERCX,0.3003,547.3,567.4,92.2,37.9,1920,1080,0.169,593.4,586.4
Round1,Q1,2241,1120.5,CYBERCX,0.7811,249.3,126.0,158.1,52.6,1920,1080,0.401,328.3,152.3
Round1,Q1,2241,1120.5,CYBERCX,0.7577,271.8,361.0,150.8,44.9,1920,1080,0.326,347.2,383.5
Round1,Q1,2241,1120.5,CYBERCX,0.7299,0.0,223.1,81.9,56.0,1920,1080,0.221,41.0,251.1
Round1,Q1,2241,1120.5,CYBERCX,0.7175,0.3,135.2,94.9,44.1,1920,1080,0.202,47.8,157.3
Round1,Q1,2241,1120.5,CYBERCX,0.682,323.3,230.4,93.3,43.4,1920,1080,0.195,369.9,252.1
Round1,Q1,2241,1120.5,CYBERCX,0.4035,598.1,131.1,106.2,43.5,1920,1080,0.223,651.2,152.8
Round1,Q1,2241,1120.5,CYBERCX,0.3092,169.5,593.8,197.2,50.3,1920,1080,0.478,268.1,618.9
Round1,Q1,2242,1121.0,CYBERCX,0.8239,1725.4,133.0,192.7,53.4,1920,1080,0.497,1821.7,159.7
Round1,Q1,2242,1121.0,CYBERCX,0.712,182.9,140.9,137.9,45.0,1920,1080,0.299,251.8,163.3
Round1,Q1,2242,1121.0,CYBERCX,0.482,1853.7,252.7,65.6,45.8,1920,1080,0.145,1886.5,275.6
Round1,Q1,2243,1121.5,CYBERCX,0.834,1518.0,166.3,207.1,58.7,1920,1080,0.586,1621.5,195.7
Round1,Q1,2243,1121.5,CYBERCX,0.7651,0.0,165.9,62.3,55.1,1920,1080,0.166,31.1,193.5
Round1,Q1,2243,1121.5,CYBERCX,0.7621,1693.6,411.9,130.7,50.3,1920,1080,0.317,1758.9,437.0
Round1,Q1,2243,1121.5,CYBERCX,0.6934,1511.7,277.1,204.3,59.8,1920,1080,0.589,1613.8,307.0
Round1,Q1,2244,1122.0,CYBERCX,0.8391,1433.1,213.0,215.5,58.9,1920,1080,0.612,1540.8,242.4
Round1,Q1,2244,1122.0,CYBERCX,0.6618,1424.7,329.1,215.6,60.2,1920,1080,0.626,1532.5,359.3
Round1,Q1,2244,1122.0,CYBERCX,0.6576,1619.2,467.7,143.8,51.2,1920,1080,0.355,1691.2,493.3
Round1,Q1,2244,1122.0,CYBERCX,0.404,1883.6,335.9,36.3,50.3,1920,1080,0.088,1901.7,361.0
Round1,Q1,2253,1126.5,CYBERCX,0.8517,1735.5,391.0,121.7,55.0,1920,1080,0.323,1796.4,418.5
Round1,Q1,2254,1127.0,CYBERCX,0.8155,1782.1,378.7,128.7,51.6,1920,1080,0.32,1846.4,404.5
Round1,Q1,2255,1127.5,CYBERCX,0.7459,1864.4,218.4,55.5,48.0,1920,1080,0.128,1892.2,242.4
Round1,Q1,2256,1128.0,CYBERCX,0.8131,1516.0,72.0,102.7,44.0,1920,1080,0.218,1567.3,94.0
Round1,Q1,2258,1129.0,CYBERCX,0.8679,1759.2,692.2,128.6,82.7,1920,1080,0.513,1823.5,733.5
Round1,Q1,2258,1129.0,CYBERCX,0.8234,1816.9,461.9,103.1,129.7,1920,1080,0.645,1868.4,526.8
Round1,Q1,2258,1129.0,CYBERCX,0.7971,831.1,35.6,75.7,34.7,1920,1080,0.127,869.0,52.9
Round1,Q1,2258,1129.0,CYBERCX,0.7894,1597.8,173.5,47.6,66.8,1920,1080,0.153,1621.5,206.9
Round1,Q1,2258,1129.0,CYBERCX,0.5615,1848.2,272.6,69.3,109.1,1920,1080,0.365,1882.9,327.2
Round1,Q1,2259,1129.5,CYBERCX,0.8922,1544.2,364.9,119.7,80.5,1920,1080,0.465,1604.0,405.1
Round1,Q1,2259,1129.5,CYBERCX,0.8834,1599.6,141.7,201.5,172.3,1920,1080,1.674,1700.4,227.9
Round1,Q1,2259,1129.5,CYBERCX,0.8745,1626.7,0.0,225.8,119.7,1920,1080,1.303,1739.6,59.9
Round1,Q1,2259,1129.5,CYBERCX,0.8725,1383.8,753.9,206.2,244.9,1920,1080,2.435,1486.9,876.3
Round1,Q1,2259,1129.5,CYBERCX,0.8546,1750.5,509.8,168.0,162.3,1920,1080,1.314,1834.4,590.9
Round1,Q1,2260,1130.0,CYBERCX,0.8887,1560.8,752.7,203.5,243.6,1920,1080,2.39,1662.6,874.5
Round1,Q1,2260,1130.0,CYBERCX,0.8706,1610.9,142.9,269.9,206.5,1920,1080,2.688,1745.9,246.1
Round1,Q1,2260,1130.0,CYBERCX,0.8641,1787.0,0.0,132.0,98.7,1920,1080,0.628,1853.0,49.3
Round1,Q1,2260,1130.0,CYBERCX,0.8601,1315.8,461.7,163.4,222.4,1920,1080,1.752,1397.5,572.9
Round1,Q1,2260,1130.0,CYBERCX,0.8394,1415.0,1.2,118.3,78.6,1920,1080,0.448,1474.1,40.5
Round1,Q1,2261,1130.5,CYBERCX,0.8788,1502.5,98.1,264.7,195.6,1920,1080,2.497,1634.8,195.9
Round1,Q1,2261,1130.5,CYBERCX,0.8754,1480.2,708.3,238.2,272.6,1920,1080,3.132,1599.4,844.6
Round1,Q1,2261,1130.5,CYBERCX,0.8651,1738.1,0.0,180.8,98.9,1920,1080,0.862,1828.5,49.4
Round1,Q1,2261,1130.5,CYBERCX,0.8359,1098.0,789.8,101.7,101.7,1920,1080,0.499,1148.9,840.6
Round1,Q1,2261,1130.5,CYBERCX,0.8298,1278.4,492.3,111.8,156.8,1920,1080,0.845,1334.3,570.7
Round1,Q1,2262,1131.0,ACCESS_COVERS,0.7182,1308.5,65.8,55.2,11.1,1920,1080,0.03,1336.1,71.4
Round1,Q1,2262,1131.0,CYBERCX,0.7016,1249.6,65.8,52.1,11.6,1920,1080,0.029,1275.7,71.6
Round1,Q1,2263,1131.5,ACCESS_COVERS,0.7659,1289.7,62.5,56.4,11.7,1920,1080,0.032,1317.9,68.3
Round1,Q1,2263,1131.5,CYBERCX,0.6866,1230.6,63.0,51.3,11.7,1920,1080,0.029,1256.3,68.9
Round1,Q1,2264,1132.0,ACCESS_COVERS,0.7439,1270.1,60.5,55.0,11.0,1920,1080,0.029,1297.6,66.0
Round1,Q1,2264,1132.0,CYBERCX,0.628,1210.4,60.4,50.0,11.4,1920,1080,0.027,1235.4,66.1
Round1,Q1,2265,1132.5,ACCESS_COVERS,0.7914,1246.7,57.8,55.7,11.4,1920,1080,0.031,1274.6,63.5
Round1,Q1,2265,1132.5,CYBERCX,0.6853,1187.3,58.1,52.3,12.1,1920,1080,0.031,1213.5,64.2
Round1,Q1,2266,1133.0,ACCESS_COVERS,0.7722,1231.2,55.0,55.7,11.4,1920,1080,0.031,1259.0,60.7
Round1,Q1,2266,1133.0,CYBERCX,0.6254,1171.6,55.0,50.8,11.6,1920,1080,0.029,1197.0,60.8
Round1,Q1,2267,1133.5,ACCESS_COVERS,0.732,1234.7,50.5,57.0,12.2,1920,1080,0.034,1263.2,56.6
Round1,Q1,2267,1133.5,CYBERCX,0.709,1174.8,50.3,53.7,13.3,1920,1080,0.034,1201.6,56.9
Round1,Q1,2268,1134.0,ACCESS_COVERS,0.79,1254.8,46.2,57.4,11.9,1920,1080,0.033,1283.5,52.2
Round1,Q1,2268,1134.0,CYBERCX,0.6423,1195.4,46.8,52.2,11.9,1920,1080,0.03,1221.5,52.7
Round1,Q1,2269,1134.5,ACCESS_COVERS,0.7661,1279.4,41.8,58.1,12.2,1920,1080,0.034,1308.5,48.0
Round1,Q1,2269,1134.5,CYBERCX,0.6664,1217.4,42.3,53.0,11.7,1920,1080,0.03,1243.9,48.2
Round1,Q1,2270,1135.0,ACCESS_COVERS,0.7276,1303.4,37.0,59.0,12.2,1920,1080,0.035,1332.9,43.1
Round1,Q1,2270,1135.0,CYBERCX,0.521,1239.9,37.5,55.8,12.1,1920,1080,0.032,1267.8,43.5
Round1,Q1,2271,1135.5,ACCESS_COVERS,0.7932,1319.2,32.9,58.7,12.4,1920,1080,0.035,1348.6,39.1
Round1,Q1,2271,1135.5,CYBERCX,0.6862,1256.5,33.4,55.4,12.6,1920,1080,0.034,1284.2,39.7
Round1,Q1,2272,1136.0,ACCESS_COVERS,0.7873,1332.0,27.6,60.7,13.3,1920,1080,0.039,1362.3,34.3
Round1,Q1,2272,1136.0,CYBERCX,0.6827,1268.3,28.0,56.6,12.8,1920,1080,0.035,1296.6,34.4
Round1,Q1,2273,1136.5,ACCESS_COVERS,0.8139,1338.1,22.6,61.7,12.7,1920,1080,0.038,1369.0,29.0
Round1,Q1,2273,1136.5,CYBERCX,0.6913,1273.8,23.0,56.6,13.0,1920,1080,0.036,1302.1,29.6
Round1,Q1,2274,1137.0,ACCESS_COVERS,0.8108,1346.4,18.4,61.0,12.6,1920,1080,0.037,1376.9,24.7
Round1,Q1,2274,1137.0,CYBERCX,0.7021,1283.3,18.7,54.7,13.1,1920,1080,0.035,1310.6,25.2
Round1,Q1,2275,1137.5,ACCESS_COVERS,0.8033,1347.3,14.4,62.3,13.7,1920,1080,0.041,1378.4,21.2
Round1,Q1,2275,1137.5,CYBERCX,0.6877,1282.6,15.5,57.3,13.2,1920,1080,0.037,1311.2,22.1
Round1,Q1,2276,1138.0,ACCESS_COVERS,0.8001,1356.2,10.8,62.0,12.5,1920,1080,0.037,1387.2,17.1
Round1,Q1,2276,1138.0,CYBERCX,0.7111,1293.2,11.4,52.5,11.8,1920,1080,0.03,1319.5,17.3
Round1,Q1,2277,1138.5,ACCESS_COVERS,0.7968,1400.0,4.2,63.9,13.6,1920,1080,0.042,1432.0,11.0
Round1,Q1,2277,1138.5,CYBERCX,0.7139,1335.6,5.6,55.8,12.8,1920,1080,0.034,1363.5,11.9
Round1,Q1,2278,1139.0,ACCESS_COVERS,0.7022,1454.7,1.5,66.0,10.8,1920,1080,0.034,1487.7,6.9
Round1,Q1,2278,1139.0,CYBERCX,0.6719,1389.9,2.1,55.6,10.7,1920,1080,0.029,1417.7,7.4
Round1,Q1,2286,1143.0,EMIRATES,0.8938,1151.8,566.9,61.3,25.1,1920,1080,0.074,1182.5,579.4
Round1,Q1,2287,1143.5,EMIRATES,0.8695,1659.6,226.7,53.4,24.6,1920,1080,0.063,1686.3,239.0
Round1,Q1,2288,1144.0,EMIRATES,0.8944,1210.8,296.6,64.4,22.4,1920,1080,0.07,1242.9,307.8
Round1,Q1,2289,1144.5,EMIRATES,0.8862,1087.8,326.2,51.7,24.0,1920,1080,0.06,1113.6,338.2
Round1,Q1,2289,1144.5,EMIRATES,0.7406,564.2,221.8,61.0,30.1,1920,1080,0.089,594.7,236.9
Round1,Q1,2303,1151.5,ACCESS_COVERS,0.431,1623.6,6.0,66.6,14.2,1920,1080,0.045,1656.9,13.0
Round1,Q1,2304,1152.0,ACCESS_COVERS,0.491,1695.8,26.8,62.6,14.0,1920,1080,0.042,1727.1,33.7
Round1,Q1,2305,1152.5,ACCESS_COVERS,0.6318,1755.3,27.5,63.0,15.0,1920,1080,0.045,1786.7,35.0
Round1,Q1,2306,1153.0,ACCESS_COVERS,0.3642,1845.9,23.1,72.0,13.3,1920,1080,0.046,1881.9,29.8
Round1,Q1,2318,1159.0,EMIRATES,0.8207,790.7,560.2,38.9,18.4,1920,1080,0.034,810.1,569.4
Round1,Q1,2319,1159.5,EMIRATES,0.6069,1235.5,564.7,34.2,17.7,1920,1080,0.029,1252.7,573.6
Round1,Q1,2320,1160.0,EMIRATES,0.8914,1212.5,443.5,51.4,16.7,1920,1080,0.041,1238.2,451.9
Round1,Q1,2320,1160.0,EMIRATES,0.8029,1763.2,948.1,64.4,29.7,1920,1080,0.092,1795.3,962.9
Round1,Q1,2321,1160.5,EMIRATES,0.8745,1067.6,382.1,55.0,21.2,1920,1080,0.056,1095.1,392.7
Round1,Q1,2321,1160.5,EMIRATES,0.8608,1196.5,899.5,58.0,24.2,1920,1080,0.068,1225.5,911.6
Round1,Q1,2329,1164.5,EMIRATES,0.507,691.7,472.8,22.6,24.0,1920,1080,0.026,703.0,484.8
Round1,Q1,2330,1165.0,EMIRATES,0.8853,849.3,433.9,53.6,20.4,1920,1080,0.053,876.1,444.1
Round1,Q1,2331,1165.5,EMIRATES,0.8742,1749.3,925.0,70.2,20.1,1920,1080,0.068,1784.3,935.1
Round1,Q1,2332,1166.0,EMIRATES,0.9046,1810.1,787.7,55.3,19.5,1920,1080,0.052,1837.8,797.5
Round1,Q1,2332,1166.0,EMIRATES,0.6272,469.3,260.5,56.3,16.6,1920,1080,0.045,497.5,268.8
Round1,Q1,2333,1166.5,EMIRATES,0.8599,1124.0,490.6,56.5,24.0,1920,1080,0.065,1152.2,502.6
Round1,Q1,2334,1167.0,EMIRATES,0.84,1342.5,411.2,28.5,38.7,1920,1080,0.053,1356.7,430.5
Round1,Q1,2336,1168.0,EMIRATES,0.5975,1898.2,230.2,21.7,23.0,1920,1080,0.024,1909.0,241.7
Round1,Q1,2350,1175.0,EMIRATES,0.8682,921.0,461.2,110.8,49.6,1920,1080,0.265,976.4,486.0
Round1,Q1,2351,1175.5,EMIRATES,0.8954,1008.8,510.2,130.0,41.8,1920,1080,0.262,1073.8,531.1
Round1,Q1,2352,1176.0,EMIRATES,0.8923,1031.7,508.6,138.1,42.7,1920,1080,0.284,1100.7,529.9
Round1,Q1,2353,1176.5,EMIRATES,0.8925,1224.0,809.5,60.4,23.3,1920,1080,0.068,1254.2,821.2
Round1,Q1,2353,1176.5,EMIRATES,0.8835,1076.6,289.2,54.2,19.4,1920,1080,0.051,1103.7,298.9
Round1,Q1,2354,1177.0,EMIRATES,0.8885,1291.5,287.0,52.7,24.2,1920,1080,0.061,1317.9,299.1
Round1,Q1,2355,1177.5,EMIRATES,0.8632,1465.2,286.7,33.2,30.7,1920,1080,0.049,1481.8,302.1
Round1,Q1,2358,1179.0,EMIRATES,0.8722,1061.3,539.5,68.3,72.3,1920,1080,0.238,1095.4,575.6
Round1,Q1,2359,1179.5,EMIRATES,0.8499,1073.3,541.2,59.6,67.1,1920,1080,0.193,1103.1,574.7
Round1,Q1,2360,1180.0,EMIRATES,0.8632,1059.1,546.8,63.7,68.2,1920,1080,0.21,1090.9,580.9
Round1,Q1,2361,1180.5,EMIRATES,0.8886,1015.3,548.8,66.6,55.2,1920,1080,0.177,1048.7,576.4
Round1,Q1,2362,1181.0,EMIRATES,0.8615,1019.4,544.6,44.5,45.4,1920,1080,0.097,1041.6,567.3
Round1,Q1,2369,1184.5,EMIRATES,0.41,1036.3,147.8,100.5,51.0,1920,1080,0.247,1086.6,173.3
Round1,Q1,2371,1185.5,JAMESON,0.6946,599.6,183.2,33.6,8.3,1920,1080,0.013,616.4,187.4
Round1,Q1,2371,1185.5,JAMESON,0.673,561.8,182.8,33.1,8.4,1920,1080,0.013,578.3,187.0
Round1,Q1,2371,1185.5,JAMESON,0.6385,522.7,183.2,33.1,7.9,1920,1080,0.013,539.3,187.1
Round1,Q1,2372,1186.0,JAMESON,0.7197,517.0,172.8,35.4,8.8,1920,1080,0.015,534.7,177.2
Round1,Q1,2372,1186.0,JAMESON,0.6535,473.6,173.4,38.7,8.9,1920,1080,0.017,493.0,177.8
Round1,Q1,2372,1186.0,JAMESON,0.6283,435.3,173.8,32.1,8.1,1920,1080,0.013,451.4,177.8
Round1,Q1,2373,1186.5,JAMESON,0.7283,407.3,164.6,39.6,9.4,1920,1080,0.018,427.1,169.4
Round1,Q1,2373,1186.5,JAMESON,0.7193,364.2,164.7,37.5,9.3,1920,1080,0.017,383.0,169.4
Round1,Q1,2373,1186.5,JAMESON,0.6999,452.1,164.9,36.1,8.4,1920,1080,0.015,470.1,169.1
Round1,Q1,2374,1187.0,JAMESON,0.7748,379.0,157.8,38.3,8.6,1920,1080,0.016,398.2,162.1
Round1,Q1,2374,1187.0,JAMESON,0.7635,331.3,157.7,41.5,8.7,1920,1080,0.017,352.1,162.1
Round1,Q1,2374,1187.0,JAMESON,0.7563,287.3,157.5,37.6,8.9,1920,1080,0.016,306.1,161.9
Round1,Q1,2375,1187.5,JAMESON,0.6711,234.1,151.1,45.5,10.9,1920,1080,0.024,256.9,156.6
Round1,Q1,2375,1187.5,JAMESON,0.541,285.6,150.0,40.5,10.6,1920,1080,0.021,305.8,155.3
Round1,Q1,2375,1187.5,JAMESON,0.4448,185.5,149.9,41.7,10.5,1920,1080,0.021,206.3,155.2
Round1,Q1,2376,1188.0,JAMESON,0.8063,195.6,146.9,41.7,10.2,1920,1080,0.021,216.5,152.0
Round1,Q1,2376,1188.0,JAMESON,0.7762,88.4,144.7,47.6,10.3,1920,1080,0.024,112.2,149.8
Round1,Q1,2376,1188.0,JAMESON,0.7686,141.5,146.2,48.0,10.2,1920,1080,0.024,165.5,151.3
Round1,Q1,2377,1188.5,JAMESON,0.7837,7.9,132.8,48.3,10.5,1920,1080,0.025,32.0,138.1
Round1,Q1,2377,1188.5,JAMESON,0.759,124.1,135.3,46.3,9.6,1920,1080,0.021,147.2,140.1
Round1,Q1,2377,1188.5,JAMESON,0.7477,65.2,134.3,50.2,10.2,1920,1080,0.025,90.3,139.4
Round1,Q1,2378,1189.0,EMIRATES,0.8423,1354.5,635.5,59.7,22.1,1920,1080,0.064,1384.4,646.6
Round1,Q1,2380,1190.0,EMIRATES,0.8792,38.0,489.5,43.7,19.2,1920,1080,0.041,59.8,499.1
Round1,Q1,2380,1190.0,EMIRATES,0.7744,1844.2,428.8,53.0,17.2,1920,1080,0.044,1870.7,437.5
Round1,Q1,2382,1191.0,EMIRATES,0.7621,721.6,477.7,38.6,18.9,1920,1080,0.035,740.9,487.1
Round1,Q1,2384,1192.0,JAMESON,0.5003,366.0,0.0,62.5,18.8,1920,1080,0.057,397.3,9.4
Round1,Q1,2384,1192.0,CRUSADER_CARAVANS,0.4962,150.5,23.8,70.9,37.0,1920,1080,0.126,185.9,42.3
Round1,Q1,2386,1193.0,CRUSADER_CARAVANS,0.4993,444.5,68.0,71.2,30.2,1920,1080,0.104,480.1,83.1
Round1,Q1,2386,1193.0,EMIRATES,0.3729,1646.8,880.8,33.5,11.7,1920,1080,0.019,1663.5,886.7
Round1,Q1,2387,1193.5,CRUSADER_CARAVANS,0.3543,38.1,266.2,66.9,47.0,1920,1080,0.152,71.5,289.7
Round1,Q1,2392,1196.0,EMIRATES,0.8719,1436.6,874.3,65.1,18.8,1920,1080,0.059,1469.2,883.7
Round1,Q1,2392,1196.0,EMIRATES,0.8422,1498.6,614.4,40.4,17.8,1920,1080,0.035,1518.8,623.3
Round1,Q1,2392,1196.0,EMIRATES,0.8405,536.8,679.3,62.0,18.2,1920,1080,0.054,567.8,688.4
Round1,Q1,2393,1196.5,EMIRATES,0.8789,658.1,669.8,54.4,23.3,1920,1080,0.061,685.3,681.5
Round1,Q1,2393,1196.5,EMIRATES,0.8608,1164.8,293.1,49.0,17.2,1920,1080,0.041,1189.3,301.6
Round1,Q1,2393,1196.5,EMIRATES,0.8507,1475.6,616.5,47.0,24.2,1920,1080,0.055,1499.1,628.6
Round1,Q1,2393,1196.5,EMIRATES,0.7895,1543.6,876.0,54.1,24.6,1920,1080,0.064,1570.7,888.4
Round1,Q1,2394,1197.0,EMIRATES,0.8966,587.5,561.7,54.0,20.5,1920,1080,0.054,614.6,572.0
Round1,Q1,2394,1197.0,EMIRATES,0.8708,1459.7,457.0,49.2,23.3,1920,1080,0.055,1484.3,468.6
Round1,Q1,2394,1197.0,EMIRATES,0.8442,1216.3,364.7,55.1,24.8,1920,1080,0.066,1243.9,377.1
Round1,Q1,2394,1197.0,EMIRATES,0.8272,1524.5,727.5,56.7,18.1,1920,1080,0.05,1552.8,736.5
Round1,Q1,2395,1197.5,EMIRATES,0.8979,661.4,526.3,49.1,20.7,1920,1080,0.049,685.9,536.7
Round1,Q1,2395,1197.5,EMIRATES,0.8719,1651.8,423.0,55.2,18.7,1920,1080,0.05,1679.4,432.3
Round1,Q1,2395,1197.5,EMIRATES,0.8705,1854.1,225.9,36.6,16.4,1920,1080,0.029,1872.4,234.1
Round1,Q1,2395,1197.5,EMIRATES,0.8511,1729.4,696.8,59.0,16.9,1920,1080,0.048,1758.9,705.3
Round1,Q1,2396,1198.0,EMIRATES,0.883,1072.6,520.7,53.9,20.0,1920,1080,0.052,1099.5,530.7
Round1,Q1,2396,1198.0,EMIRATES,0.8815,294.8,867.9,50.2,28.1,1920,1080,0.068,320.0,882.0
Round1,Q1,2397,1198.5,EMIRATES,0.8807,1401.4,509.1,60.3,19.5,1920,1080,0.057,1431.6,518.9
Round1,Q1,2398,1199.0,JAMESON,0.8115,434.2,202.6,40.0,9.5,1920,1080,0.018,454.2,207.3
Round1,Q1,2398,1199.0,JAMESON,0.7978,530.7,202.7,38.9,8.8,1920,1080,0.017,550.2,207.2
Round1,Q1,2398,1199.0,JAMESON,0.7756,481.4,202.5,42.2,8.9,1920,1080,0.018,502.5,207.0
Round1,Q1,2399,1199.5,JAMESON,0.794,556.1,195.0,41.6,10.3,1920,1080,0.021,576.9,200.2
Round1,Q1,2399,1199.5,JAMESON,0.7752,458.1,194.8,41.6,9.9,1920,1080,0.02,478.9,199.7
Round1,Q1,2399,1199.5,JAMESON,0.755,506.8,194.7,42.7,10.2,1920,1080,0.021,528.1,199.8
Round1,Q1,2400,1200.0,JAMESON,0.6645,613.5,194.3,38.1,10.0,1920,1080,0.018,632.5,199.3
Round1,Q1,2400,1200.0,JAMESON,0.4783,660.5,194.2,43.3,10.0,1920,1080,0.021,682.2,199.2
Round1,Q1,2400,1200.0,JAMESON,0.4064,709.6,194.7,38.7,9.4,1920,1080,0.018,729.0,199.4
Round1,Q1,2401,1200.5,JAMESON,0.5336,887.5,208.7,34.3,8.1,1920,1080,0.013,904.7,212.8
Round1,Q1,2402,1201.0,JAMESON,0.7557,1114.9,209.1,34.2,8.9,1920,1080,0.015,1132.0,213.5
Round1,Q1,2402,1201.0,JAMESON,0.7262,1155.0,208.7,39.3,9.5,1920,1080,0.018,1174.6,213.5
Round1,Q1,2402,1201.0,JAMESON,0.7025,1199.4,208.2,38.1,9.9,1920,1080,0.018,1218.4,213.1
Round1,Q1,2403,1201.5,JAMESON,0.7668,1216.8,201.4,35.4,9.0,1920,1080,0.015,1234.5,205.9
Round1,Q1,2403,1201.5,JAMESON,0.7042,1259.1,200.3,39.4,9.7,1920,1080,0.018,1278.8,205.2
Round1,Q1,2403,1201.5,JAMESON,0.5467,1304.2,199.9,38.2,10.2,1920,1080,0.019,1323.3,204.9
Round1,Q1,2404,1202.0,JAMESON,0.7918,1312.8,192.8,36.5,8.2,1920,1080,0.014,1331.1,196.9
Round1,Q1,2404,1202.0,JAMESON,0.7464,1402.2,190.2,36.1,7.9,1920,1080,0.014,1420.3,194.2
Round1,Q1,2404,1202.0,JAMESON,0.7418,1355.3,191.2,40.3,8.7,1920,1080,0.017,1375.4,195.5
Round1,Q1,2404,1202.0,ACCESS_COVERS,0.4894,701.4,197.0,38.8,7.7,1920,1080,0.014,720.8,200.8
Round1,Q1,2405,1202.5,JAMESON,0.7959,1482.5,193.1,39.8,9.2,1920,1080,0.018,1502.4,197.7
Round1,Q1,2405,1202.5,JAMESON,0.7914,1390.8,194.7,37.7,8.9,1920,1080,0.016,1409.6,199.2
Round1,Q1,2405,1202.5,JAMESON,0.7767,1434.2,193.7,43.4,9.4,1920,1080,0.02,1455.8,198.3
Round1,Q1,2405,1202.5,ACCESS_COVERS,0.3378,776.4,198.0,42.1,9.7,1920,1080,0.02,797.5,202.8
Round1,Q1,2406,1203.0,JAMESON,0.7463,1480.4,202.2,37.9,8.5,1920,1080,0.015,1499.3,206.5
Round1,Q1,2406,1203.0,JAMESON,0.6678,1524.9,201.4,40.5,9.0,1920,1080,0.018,1545.1,205.9
Round1,Q1,2406,1203.0,JAMESON,0.6669,1572.4,200.1,40.1,9.9,1920,1080,0.019,1592.4,205.1
Round1,Q1,2407,1203.5,JAMESON,0.7357,1696.5,221.2,39.4,9.4,1920,1080,0.018,1716.2,225.8
Round1,Q1,2407,1203.5,JAMESON,0.6829,1649.3,221.7,41.8,9.4,1920,1080,0.019,1670.2,226.4
Round1,Q1,2407,1203.5,JAMESON,0.6652,1604.4,222.0,36.9,10.1,1920,1080,0.018,1622.8,227.1
Round1,Q1,2408,1204.0,JAMESON,0.6239,1881.9,245.6,37.2,9.5,1920,1080,0.017,1900.5,250.4
Round1,Q1,2408,1204.0,JAMESON,0.5543,1787.4,248.2,36.7,9.9,1920,1080,0.017,1805.8,253.1
Round1,Q1,2408,1204.0,JAMESON,0.4195,1832.0,246.0,40.7,10.1,1920,1080,0.02,1852.4,251.0
Round1,Q1,2414,1207.0,ACCESS_COVERS,0.3946,1431.6,270.0,41.1,8.1,1920,1080,0.016,1452.1,274.1
Round1,Q1,2415,1207.5,ACCESS_COVERS,0.5485,1442.7,269.8,42.1,7.9,1920,1080,0.016,1463.8,273.7
Round1,Q1,2415,1207.5,ACCESS_COVERS,0.4188,388.0,464.1,105.2,13.9,1920,1080,0.07,440.6,471.1
Round1,Q1,2417,1208.5,ACCESS_COVERS,0.6286,1531.0,248.7,47.1,9.3,1920,1080,0.021,1554.5,253.4
Round1,Q1,2418,1209.0,ACCESS_COVERS,0.5327,1567.2,243.6,46.8,9.0,1920,1080,0.02,1590.5,248.0
Round1,Q1,2420,1210.0,ACCESS_COVERS,0.6955,1655.0,237.8,50.2,8.9,1920,1080,0.022,1680.1,242.3
Round1,Q1,2421,1210.5,ACCESS_COVERS,0.7337,1725.7,235.7,51.8,9.6,1920,1080,0.024,1751.5,240.5
Round1,Q1,2423,1211.5,EMIRATES,0.7575,176.7,481.7,59.4,23.2,1920,1080,0.066,206.4,493.3
Round1,Q1,2424,1212.0,EMIRATES,0.8475,1003.8,516.0,83.0,32.3,1920,1080,0.129,1045.3,532.2
Round1,Q1,2425,1212.5,EMIRATES,0.8804,1592.2,436.0,77.5,28.2,1920,1080,0.105,1630.9,450.1
Round1,Q1,2425,1212.5,EMIRATES,0.8181,899.4,863.9,78.5,26.8,1920,1080,0.102,938.6,877.3
Round1,Q1,2463,1231.5,ACCESS_COVERS,0.6171,1842.3,58.8,77.7,22.5,1920,1080,0.084,1881.2,70.1
Round1,Q1,2464,1232.0,ACCESS_COVERS,0.715,1717.3,29.1,84.5,19.5,1920,1080,0.079,1759.5,38.8
Round1,Q1,2465,1232.5,ACCESS_COVERS,0.4061,1580.2,2.8,82.4,15.1,1920,1080,0.06,1621.4,10.3
Round1,Q1,2467,1233.5,EMIRATES,0.8638,1007.8,88.5,45.5,16.9,1920,1080,0.037,1030.5,96.9
Round1,Q1,2469,1234.5,EMIRATES,0.8703,1035.6,64.4,52.2,19.1,1920,1080,0.048,1061.7,73.9
Round1,Q1,2470,1235.0,EMIRATES,0.8895,1181.8,95.9,46.9,15.7,1920,1080,0.036,1205.2,103.7
Round1,Q1,2485,1242.5,EMIRATES,0.476,1254.4,603.8,93.8,42.4,1920,1080,0.192,1301.3,625.0
Round1,Q1,2486,1243.0,EMIRATES,0.8576,624.8,615.9,108.4,61.2,1920,1080,0.32,678.9,646.4
Round1,Q1,2487,1243.5,EMIRATES,0.8714,414.2,471.7,95.0,45.1,1920,1080,0.207,461.7,494.3
Round1,Q1,2489,1244.5,EMIRATES,0.8599,438.2,567.2,105.1,49.3,1920,1080,0.25,490.8,591.9
Round1,Q1,2490,1245.0,EMIRATES,0.8873,412.5,481.8,98.9,39.3,1920,1080,0.187,461.9,501.5
Round1,Q1,2511,1255.5,CRUSADER_CARAVANS,0.6907,78.1,50.5,83.3,25.8,1920,1080,0.104,119.7,63.4
Round1,Q1,2511,1255.5,CRUSADER_CARAVANS,0.4526,15.9,58.5,60.5,24.9,1920,1080,0.073,46.2,70.9
Round1,Q1,2514,1257.0,CRUSADER_CARAVANS,0.3158,185.5,91.9,74.1,24.0,1920,1080,0.086,222.5,103.8
Round1,Q1,2514,1257.0,CRUSADER_CARAVANS,0.3082,0.0,123.0,30.4,26.4,1920,1080,0.039,15.2,136.1
Round1,Q1,2516,1258.0,CRUSADER_CARAVANS,0.6266,196.8,99.8,72.8,24.6,1920,1080,0.086,233.2,112.1
Round1,Q1,2516,1258.0,CRUSADER_CARAVANS,0.4527,0.0,130.9,50.1,29.0,1920,1080,0.07,25.0,145.3
Round1,Q1,2517,1258.5,CRUSADER_CARAVANS,0.3886,191.7,107.7,73.3,25.2,1920,1080,0.089,228.3,120.3
Round1,Q1,2518,1259.0,CRUSADER_CARAVANS,0.5296,187.8,112.2,71.2,23.4,1920,1080,0.08,223.4,123.8
Round1,Q1,2521,1260.5,CRUSADER_CARAVANS,0.4081,187.1,116.3,68.9,23.0,1920,1080,0.076,221.6,127.8
Round1,Q1,2522,1261.0,EMIRATES,0.8998,1366.5,436.2,127.7,38.5,1920,1080,0.237,1430.4,455.5
Round1,Q1,2522,1261.0,EMIRATES,0.8334,1613.3,527.8,136.4,67.8,1920,1080,0.446,1681.6,561.7
Round1,Q1,2523,1261.5,EMIRATES,0.9106,1313.8,445.0,117.0,39.8,1920,1080,0.225,1372.3,464.9
Round1,Q1,2524,1262.0,EMIRATES,0.907,987.7,434.1,122.5,40.5,1920,1080,0.24,1049.0,454.4
Round1,Q1,2525,1262.5,EMIRATES,0.8981,1006.4,464.9,126.3,42.8,1920,1080,0.261,1069.5,486.3
Round1,Q1,2526,1263.0,EMIRATES,0.9021,1260.3,550.8,118.2,46.0,1920,1080,0.262,1319.4,573.8
Round1,Q1,2528,1264.0,CRUSADER_CARAVANS,0.7935,261.6,112.5,48.7,22.3,1920,1080,0.052,286.0,123.6
Round1,Q1,2528,1264.0,CRUSADER_CARAVANS,0.6855,616.2,70.4,48.8,19.5,1920,1080,0.046,640.6,80.1
Round1,Q1,2528,1264.0,CRUSADER_CARAVANS,0.6,0.0,162.4,53.8,36.7,1920,1080,0.095,26.9,180.7
Round1,Q1,2528,1264.0,CRUSADER_CARAVANS,0.5733,312.3,103.3,65.1,23.0,1920,1080,0.072,344.8,114.8
Round1,Q1,2528,1264.0,CRUSADER_CARAVANS,0.5411,666.4,65.4,80.4,19.0,1920,1080,0.074,706.6,74.9
Round1,Q1,2528,1264.0,CRUSADER_CARAVANS,0.4009,346.8,99.8,41.8,22.1,1920,1080,0.044,367.7,110.8
Round1,Q1,2529,1264.5,CRUSADER_CARAVANS,0.7758,290.9,116.8,48.0,24.2,1920,1080,0.056,314.8,128.9
Round1,Q1,2529,1264.5,CRUSADER_CARAVANS,0.7259,658.3,74.8,46.8,18.9,1920,1080,0.043,681.7,84.3
Round1,Q1,2529,1264.5,CRUSADER_CARAVANS,0.6279,339.5,104.6,85.3,26.7,1920,1080,0.11,382.1,117.9
Round1,Q1,2529,1264.5,CRUSADER_CARAVANS,0.6272,704.6,68.3,90.6,21.5,1920,1080,0.094,749.9,79.1
Round1,Q1,2529,1264.5,CRUSADER_CARAVANS,0.5195,37.6,166.8,41.2,29.7,1920,1080,0.059,58.2,181.6
Round1,Q1,2529,1264.5,CRUSADER_CARAVANS,0.4868,1.5,174.5,43.5,31.8,1920,1080,0.067,23.2,190.4
Round1,Q1,2529,1264.5,CRUSADER_CARAVANS,0.353,78.9,154.7,52.8,30.3,1920,1080,0.077,105.3,169.9
Round1,Q1,2530,1265.0,CRUSADER_CARAVANS,0.7839,15.2,233.0,46.8,29.8,1920,1080,0.067,38.7,247.9
Round1,Q1,2530,1265.0,CRUSADER_CARAVANS,0.7775,355.7,158.8,51.9,23.5,1920,1080,0.059,381.7,170.5
Round1,Q1,2530,1265.0,CRUSADER_CARAVANS,0.6926,61.7,210.2,75.4,36.5,1920,1080,0.132,99.4,228.4
Round1,Q1,2530,1265.0,CRUSADER_CARAVANS,0.6205,733.7,116.3,49.5,19.8,1920,1080,0.047,758.5,126.2
Round1,Q1,2530,1265.0,CRUSADER_CARAVANS,0.5881,407.1,146.4,87.9,27.5,1920,1080,0.116,451.1,160.2
Round1,Q1,2530,1265.0,CRUSADER_CARAVANS,0.5757,785.3,108.4,94.1,22.8,1920,1080,0.103,832.3,119.8
Round1,Q1,2530,1265.0,CRUSADER_CARAVANS,0.3267,0.2,245.3,13.7,27.6,1920,1080,0.018,7.1,259.1
Round1,Q1,2530,1265.0,CRUSADER_CARAVANS,0.3089,138.5,198.1,57.5,30.4,1920,1080,0.084,167.3,213.3
Round1,Q1,2531,1265.5,CRUSADER_CARAVANS,0.7859,97.0,270.4,47.4,33.7,1920,1080,0.077,120.6,287.3
Round1,Q1,2531,1265.5,CRUSADER_CARAVANS,0.7778,444.1,196.0,56.3,25.5,1920,1080,0.069,472.3,208.7
Round1,Q1,2531,1265.5,CRUSADER_CARAVANS,0.7377,892.1,144.6,97.4,24.2,1920,1080,0.114,940.8,156.7
Round1,Q1,2531,1265.5,CRUSADER_CARAVANS,0.7228,500.6,185.6,85.2,26.1,1920,1080,0.107,543.2,198.6
Round1,Q1,2531,1265.5,CRUSADER_CARAVANS,0.706,837.2,153.4,52.0,20.1,1920,1080,0.05,863.2,163.4
Round1,Q1,2531,1265.5,CRUSADER_CARAVANS,0.5299,144.9,252.1,75.8,36.6,1920,1080,0.134,182.7,270.4
Round1,Q1,2533,1266.5,CRUSADER_CARAVANS,0.6467,664.0,247.0,119.3,34.5,1920,1080,0.198,723.6,264.2
Round1,Q1,2533,1266.5,CRUSADER_CARAVANS,0.6098,64.3,436.9,50.5,57.9,1920,1080,0.141,89.6,465.9
Round1,Q1,2533,1266.5,CRUSADER_CARAVANS,0.5952,301.2,317.0,102.5,48.1,1920,1080,0.238,352.4,341.1
Round1,Q1,2533,1266.5,CRUSADER_CARAVANS,0.4611,407.9,305.1,42.6,29.2,1920,1080,0.06,429.2,319.6
Round1,Q1,2533,1266.5,CRUSADER_CARAVANS,0.3228,1085.5,207.4,133.4,27.2,1920,1080,0.175,1152.2,221.0
Round1,Q1,2534,1267.0,EMIRATES,0.8859,822.7,435.2,51.9,20.3,1920,1080,0.051,848.7,445.4
Round1,Q1,2535,1267.5,EMIRATES,0.8773,640.3,892.3,72.1,24.5,1920,1080,0.085,676.3,904.6
Round1,Q1,2535,1267.5,EMIRATES,0.7086,1150.8,395.9,31.9,17.2,1920,1080,0.026,1166.8,404.5
Round1,Q1,2536,1268.0,EMIRATES,0.8716,882.8,728.6,67.5,23.2,1920,1080,0.076,916.6,740.3
Round1,Q1,2536,1268.0,EMIRATES,0.5384,1200.0,305.8,29.1,13.8,1920,1080,0.019,1214.5,312.7
Round1,Q1,2537,1268.5,EMIRATES,0.8998,1348.2,259.0,46.1,16.3,1920,1080,0.036,1371.2,267.1
Round1,Q1,2537,1268.5,EMIRATES,0.8619,1073.1,455.8,57.0,19.2,1920,1080,0.053,1101.6,465.4
Round1,Q1,2538,1269.0,EMIRATES,0.8976,1376.2,309.4,51.5,17.6,1920,1080,0.044,1402.0,318.2
Round1,Q1,2538,1269.0,EMIRATES,0.8907,870.5,456.4,46.5,25.2,1920,1080,0.056,893.7,469.0
Round1,Q1,2539,1269.5,EMIRATES,0.8963,1462.4,306.3,55.6,20.0,1920,1080,0.054,1490.2,316.3
Round1,Q1,2539,1269.5,EMIRATES,0.8917,766.9,447.5,60.2,22.3,1920,1080,0.065,797.0,458.6
Round1,Q1,2539,1269.5,EMIRATES,0.6583,1834.8,350.3,21.0,26.1,1920,1080,0.026,1845.3,363.3
Round1,Q1,2540,1270.0,EMIRATES,0.8921,1632.1,354.1,61.4,18.8,1920,1080,0.056,1662.8,363.5
Round1,Q1,2540,1270.0,EMIRATES,0.8891,688.3,456.1,42.4,29.1,1920,1080,0.06,709.5,470.6
Round1,Q1,2540,1270.0,EMIRATES,0.4597,1582.6,299.7,37.6,19.5,1920,1080,0.035,1601.4,309.4
Round1,Q1,2541,1270.5,EMIRATES,0.9019,1756.3,282.8,31.6,28.5,1920,1080,0.043,1772.1,297.0
Round1,Q1,2541,1270.5,EMIRATES,0.9003,1631.7,347.1,49.0,27.8,1920,1080,0.066,1656.3,360.9
Round1,Q1,2541,1270.5,EMIRATES,0.7297,735.9,448.3,23.3,28.0,1920,1080,0.031,747.5,462.3
Round1,Q1,2542,1271.0,EMIRATES,0.9014,1600.3,389.4,35.2,26.8,1920,1080,0.046,1618.0,402.8
Round1,Q1,2542,1271.0,EMIRATES,0.5819,1814.2,298.9,23.1,26.1,1920,1080,0.029,1825.7,312.0
Round1,Q1,2543,1271.5,EMIRATES,0.8429,957.7,376.5,99.1,39.3,1920,1080,0.188,1007.2,396.2
Round1,Q1,2543,1271.5,CYBERCX,0.8153,225.6,411.2,460.4,152.7,1920,1080,3.391,455.9,487.5
Round1,Q1,2543,1271.5,CYBERCX,0.5,295.6,843.5,103.1,146.1,1920,1080,0.727,347.2,916.6
Round1,Q1,2544,1272.0,CYBERCX,0.8493,267.6,410.1,406.5,152.0,1920,1080,2.98,470.9,486.1
Round1,Q1,2544,1272.0,EMIRATES,0.8162,736.3,527.4,106.0,34.4,1920,1080,0.176,789.3,544.6
Round1,Q1,2544,1272.0,CYBERCX,0.7105,335.8,840.1,105.8,148.5,1920,1080,0.757,388.7,914.4
Round1,Q1,2544,1272.0,CYBERCX,0.3317,0.0,332.9,59.9,165.3,1920,1080,0.478,30.0,415.5
Round1,Q1,2545,1272.5,CYBERCX,0.8732,433.7,373.3,283.5,141.8,1920,1080,1.939,575.4,444.3
Round1,Q1,2545,1272.5,EMIRATES,0.8304,764.9,528.2,107.1,34.6,1920,1080,0.179,818.4,545.5
Round1,Q1,2546,1273.0,CYBERCX,0.8641,523.2,299.7,160.4,117.9,1920,1080,0.912,603.4,358.6
Round1,Q1,2546,1273.0,EMIRATES,0.8317,735.9,472.3,100.3,40.0,1920,1080,0.194,786.0,492.3
Round1,Q1,2546,1273.0,CYBERCX,0.726,485.1,837.4,101.2,152.5,1920,1080,0.744,535.7,913.6
Round1,Q1,2546,1273.0,CYBERCX,0.4871,0.0,208.4,295.5,147.0,1920,1080,2.095,147.7,281.9
Round1,Q1,2547,1273.5,EMIRATES,0.7976,657.4,499.3,80.6,56.0,1920,1080,0.218,697.7,527.4
Round1,Q1,2547,1273.5,CYBERCX,0.7942,0.0,224.6,354.6,120.5,1920,1080,2.061,177.3,284.9
Round1,Q1,2547,1273.5,CYBERCX,0.5093,846.3,351.2,124.5,93.2,1920,1080,0.559,908.5,397.8
Round1,Q1,2548,1274.0,CYBERCX,0.8372,67.1,222.3,379.9,118.9,1920,1080,2.178,257.1,281.7
Round1,Q1,2548,1274.0,CYBERCX,0.8233,901.6,352.6,138.2,85.8,1920,1080,0.572,970.6,395.5
Round1,Q1,2548,1274.0,EMIRATES,0.7969,716.2,479.0,77.6,63.5,1920,1080,0.238,755.0,510.8
Round1,Q1,2549,1274.5,CYBERCX,0.8415,181.5,201.2,365.7,116.6,1920,1080,2.057,364.4,259.5
Round1,Q1,2549,1274.5,CYBERCX,0.791,948.8,327.0,143.4,77.3,1920,1080,0.535,1020.5,365.7
Round1,Q1,2549,1274.5,EMIRATES,0.6646,854.2,418.1,60.8,53.6,1920,1080,0.157,884.6,444.9
Round1,Q1,2550,1275.0,CYBERCX,0.8568,290.7,200.4,347.6,110.0,1920,1080,1.844,464.5,255.4
Round1,Q1,2550,1275.0,CYBERCX,0.7588,1031.9,315.3,112.0,80.5,1920,1080,0.435,1087.9,355.6
Round1,Q1,2550,1275.0,EMIRATES,0.7374,930.3,397.6,58.4,51.1,1920,1080,0.144,959.5,423.2
Round1,Q1,2550,1275.0,CYBERCX,0.3972,800.4,265.1,69.2,87.9,1920,1080,0.293,835.0,309.0
Round1,Q1,2551,1275.5,CYBERCX,0.8491,326.5,212.8,330.6,107.0,1920,1080,1.705,491.8,266.2
Round1,Q1,2551,1275.5,CYBERCX,0.7926,806.5,272.3,78.1,91.0,1920,1080,0.343,845.6,317.8
Round1,Q1,2551,1275.5,EMIRATES,0.7631,937.4,420.2,56.7,51.1,1920,1080,0.14,965.7,445.7
Round1,Q1,2552,1276.0,CYBERCX,0.8883,697.8,285.3,204.4,107.6,1920,1080,1.061,800.0,339.1
Round1,Q1,2552,1276.0,EMIRATES,0.8573,1263.4,376.6,144.2,54.6,1920,1080,0.38,1335.5,403.9
Round1,Q1,2552,1276.0,CYBERCX,0.8486,235.8,227.5,322.5,102.7,1920,1080,1.597,397.0,278.8
Round1,Q1,2552,1276.0,CYBERCX,0.4191,662.6,684.5,105.6,130.0,1920,1080,0.662,715.4,749.5
Round1,Q1,2553,1276.5,CYBERCX,0.8696,443.1,321.5,320.1,111.3,1920,1080,1.718,603.1,377.1
Round1,Q1,2553,1276.5,CYBERCX,0.78,0.0,268.1,311.4,96.1,1920,1080,1.444,155.7,316.2
Round1,Q1,2553,1276.5,EMIRATES,0.6883,1306.0,237.0,139.2,56.5,1920,1080,0.379,1375.6,265.3
Round1,Q1,2554,1277.0,EMIRATES,0.8644,1262.8,283.7,123.3,49.9,1920,1080,0.297,1324.4,308.7
Round1,Q1,2554,1277.0,CYBERCX,0.8628,127.5,409.1,336.9,113.8,1920,1080,1.849,296.0,466.0
Round1,Q1,2555,1277.5,EMIRATES,0.8682,1336.0,349.2,113.2,54.2,1920,1080,0.296,1392.7,376.4
Round1,Q1,2555,1277.5,CYBERCX,0.8427,0.0,534.2,193.8,103.4,1920,1080,0.966,96.9,585.9
Round1,Q1,2556,1278.0,EMIRATES,0.8496,1512.4,314.9,105.4,46.8,1920,1080,0.238,1565.1,338.3
Round1,Q1,2557,1278.5,CYBERCX,0.3746,606.7,173.7,112.8,43.7,1920,1080,0.238,663.1,195.5
Round1,Q1,2560,1280.0,CYBERCX,0.341,546.4,178.4,68.2,43.1,1920,1080,0.142,580.5,199.9
Round1,Q1,2569,1284.5,EMIRATES,0.8806,585.6,958.5,69.5,22.0,1920,1080,0.074,620.4,969.5
Round1,Q1,2569,1284.5,EMIRATES,0.8568,1395.0,88.5,37.7,14.5,1920,1080,0.026,1413.9,95.8
Round1,Q1,2570,1285.0,EMIRATES,0.8608,1499.0,122.4,41.4,13.5,1920,1080,0.027,1519.7,129.2
Round1,Q1,2570,1285.0,EMIRATES,0.86,635.1,814.3,67.4,23.7,1920,1080,0.077,668.8,826.2
Round1,Q1,2570,1285.0,EMIRATES,0.8258,1357.8,729.2,61.5,18.1,1920,1080,0.054,1388.5,738.3
Round1,Q1,2571,1285.5,EMIRATES,0.8762,1152.2,608.1,54.1,19.4,1920,1080,0.051,1179.2,617.8
Round1,Q1,2571,1285.5,EMIRATES,0.8737,828.1,700.5,42.3,23.4,1920,1080,0.048,849.2,712.1
Round1,Q1,2571,1285.5,EMIRATES,0.8708,1644.7,85.7,41.5,14.3,1920,1080,0.029,1665.4,92.9
Round1,Q1,2571,1285.5,EMIRATES,0.7913,884.8,409.3,38.6,19.5,1920,1080,0.036,904.1,419.1
Round1,Q1,2572,1286.0,EMIRATES,0.8495,1816.8,23.1,45.6,14.8,1920,1080,0.033,1839.6,30.5
Round1,Q1,2572,1286.0,EMIRATES,0.823,775.2,450.4,39.5,17.0,1920,1080,0.032,794.9,458.9
Round1,Q1,2572,1286.0,EMIRATES,0.7924,884.1,384.9,41.1,17.0,1920,1080,0.034,904.6,393.4
Round1,Q1,2572,1286.0,EMIRATES,0.7717,1078.7,617.8,63.1,24.4,1920,1080,0.074,1110.2,629.9
Round1,Q1,2573,1286.5,EMIRATES,0.8843,1327.8,593.4,54.5,19.0,1920,1080,0.05,1355.0,602.9
Round1,Q1,2573,1286.5,EMIRATES,0.8832,1026.8,394.8,39.4,13.4,1920,1080,0.025,1046.6,401.5
Round1,Q1,2573,1286.5,EMIRATES,0.8365,214.5,157.1,34.8,15.1,1920,1080,0.025,231.9,164.7
Round1,Q1,2573,1286.5,EMIRATES,0.3981,495.0,374.8,34.3,24.0,1920,1080,0.04,512.1,386.8
Round1,Q1,2574,1287.0,EMIRATES,0.8858,1521.0,579.6,62.0,17.8,1920,1080,0.053,1552.0,588.5
Round1,Q1,2574,1287.0,EMIRATES,0.8826,1864.1,34.3,38.8,13.6,1920,1080,0.025,1883.5,41.1
Round1,Q1,2574,1287.0,EMIRATES,0.8816,733.9,572.5,42.3,18.0,1920,1080,0.037,755.0,581.5
Round1,Q1,2574,1287.0,EMIRATES,0.8761,309.7,163.5,43.8,14.1,1920,1080,0.03,331.6,170.6
Round1,Q1,2574,1287.0,EMIRATES,0.8638,1081.5,419.9,44.3,14.7,1920,1080,0.032,1103.6,427.3
Round1,Q1,2574,1287.0,EMIRATES,0.8358,63.2,375.2,41.5,21.1,1920,1080,0.042,84.0,385.8
Round1,Q1,2575,1287.5,EMIRATES,0.903,1130.6,403.7,46.7,20.8,1920,1080,0.047,1154.0,414.1
Round1,Q1,2575,1287.5,EMIRATES,0.8882,117.4,116.8,38.0,18.2,1920,1080,0.033,136.4,125.9
Round1,Q1,2575,1287.5,EMIRATES,0.8852,1631.3,533.1,62.0,19.7,1920,1080,0.059,1662.3,542.9
Round1,Q1,2575,1287.5,EMIRATES,0.8842,1723.8,15.6,44.1,15.0,1920,1080,0.032,1745.9,23.1
Round1,Q1,2575,1287.5,EMIRATES,0.7977,555.0,553.9,57.5,17.8,1920,1080,0.049,583.7,562.7
Round1,Q1,2576,1288.0,EMIRATES,0.8989,1661.5,526.9,49.6,23.1,1920,1080,0.055,1686.3,538.5
Round1,Q1,2576,1288.0,EMIRATES,0.8807,1153.9,389.0,32.3,15.1,1920,1080,0.024,1170.0,396.6
Round1,Q1,2576,1288.0,EMIRATES,0.3313,1471.2,1.0,36.1,15.0,1920,1080,0.026,1489.2,8.6
Round1,Q1,2577,1288.5,CRUSADER_CARAVANS,0.7504,1067.0,147.1,116.4,33.4,1920,1080,0.188,1125.3,163.8
Round1,Q1,2577,1288.5,CRUSADER_CARAVANS,0.6932,941.1,154.1,126.4,34.4,1920,1080,0.21,1004.3,171.3
Round1,Q1,2577,1288.5,CRUSADER_CARAVANS,0.5946,1576.8,122.8,130.6,28.4,1920,1080,0.179,1642.1,137.0
Round1,Q1,2577,1288.5,CRUSADER_CARAVANS,0.4682,463.0,197.4,116.4,39.2,1920,1080,0.22,521.2,216.9
Round1,Q1,2577,1288.5,CRUSADER_CARAVANS,0.3884,351.1,209.0,111.9,38.0,1920,1080,0.205,407.0,228.0
Round1,Q1,2578,1289.0,CRUSADER_CARAVANS,0.7423,931.2,160.2,121.2,32.6,1920,1080,0.19,991.8,176.5
Round1,Q1,2578,1289.0,CRUSADER_CARAVANS,0.6469,1681.1,123.0,137.6,31.8,1920,1080,0.211,1749.9,138.9
Round1,Q1,2578,1289.0,CRUSADER_CARAVANS,0.6039,1052.5,153.0,118.8,32.6,1920,1080,0.187,1111.9,169.3
Round1,Q1,2579,1289.5,CRUSADER_CARAVANS,0.4775,1044.6,160.6,117.0,32.5,1920,1080,0.183,1103.1,176.8
Round1,Q1,2580,1290.0,CRUSADER_CARAVANS,0.3776,1043.1,172.3,114.6,32.7,1920,1080,0.181,1100.4,188.6
Round1,Q1,2586,1293.0,EMIRATES,0.8561,1038.7,595.0,187.3,60.5,1920,1080,0.546,1132.3,625.2
Round1,Q1,2586,1293.0,EMIRATES,0.3998,1519.2,755.3,138.3,65.4,1920,1080,0.436,1588.3,788.0
Round1,Q1,2587,1293.5,EMIRATES,0.7269,1056.1,560.2,158.5,57.8,1920,1080,0.442,1135.3,589.1
Round1,Q1,2588,1294.0,EMIRATES,0.8559,1146.2,564.8,189.1,58.4,1920,1080,0.532,1240.7,594.0
Round1,Q1,2589,1294.5,EMIRATES,0.8905,1048.3,553.3,168.0,50.2,1920,1080,0.407,1132.4,578.4
Round1,Q1,2589,1294.5,EMIRATES,0.824,289.9,748.9,116.8,49.2,1920,1080,0.277,348.3,773.4
Round1,Q1,2590,1295.0,EMIRATES,0.9016,868.8,284.8,57.5,19.8,1920,1080,0.055,897.5,294.7
Round1,Q1,2591,1295.5,EMIRATES,0.8914,901.4,265.8,54.6,18.4,1920,1080,0.048,928.7,275.0
Round1,Q1,2592,1296.0,EMIRATES,0.8741,895.4,317.6,45.8,30.8,1920,1080,0.068,918.3,333.0
Round1,Q1,2593,1296.5,EMIRATES,0.8678,885.4,337.3,41.5,29.8,1920,1080,0.06,906.1,352.2
Round1,Q1,2594,1297.0,EMIRATES,0.8812,949.8,325.7,47.2,19.7,1920,1080,0.045,973.4,335.5
Round1,Q1,2608,1304.0,EMIRATES,0.848,1050.9,487.6,78.8,45.6,1920,1080,0.173,1090.3,510.5
Round1,Q1,2609,1304.5,EMIRATES,0.9043,1059.3,476.1,127.0,49.1,1920,1080,0.301,1122.8,500.6
Round1,Q1,2610,1305.0,EMIRATES,0.9024,1163.0,484.3,146.8,47.6,1920,1080,0.337,1236.4,508.1
Round1,Q1,2611,1305.5,EMIRATES,0.8857,1268.1,513.4,124.2,47.8,1920,1080,0.286,1330.2,537.2
Round1,Q1,2612,1306.0,EMIRATES,0.8941,1157.8,491.5,126.3,52.8,1920,1080,0.322,1220.9,517.9
Round1,Q1,2613,1306.5,EMIRATES,0.9025,1191.9,511.5,141.3,50.7,1920,1080,0.345,1262.5,536.9
Round1,Q1,2614,1307.0,EMIRATES,0.8752,1200.4,535.8,127.7,56.8,1920,1080,0.35,1264.2,564.2
Round1,Q1,2615,1307.5,EMIRATES,0.8718,1228.2,523.6,135.3,60.9,1920,1080,0.397,1295.8,554.1
Round1,Q1,2616,1308.0,EMIRATES,0.8935,1228.9,511.4,120.6,52.4,1920,1080,0.305,1289.2,537.6
Round1,Q1,2617,1308.5,EMIRATES,0.8743,1247.2,483.9,121.6,57.1,1920,1080,0.335,1308.0,512.4
Round1,Q1,2618,1309.0,EMIRATES,0.8751,1227.3,487.6,117.8,51.1,1920,1080,0.29,1286.2,513.1
Round1,Q1,2631,1315.5,EMIRATES,0.5007,783.8,103.7,66.9,21.0,1920,1080,0.068,817.2,114.2
Round1,Q1,2633,1316.5,EMIRATES,0.8053,1737.4,364.1,33.8,18.0,1920,1080,0.029,1754.3,373.1
Round1,Q1,2634,1317.0,EMIRATES,0.8525,1435.7,308.3,31.2,18.0,1920,1080,0.027,1451.3,317.3
Round1,Q1,2635,1317.5,EMIRATES,0.9043,1145.5,261.6,36.2,17.1,1920,1080,0.03,1163.6,270.1
Round1,Q1,2636,1318.0,EMIRATES,0.8613,843.5,277.4,61.9,24.2,1920,1080,0.072,874.4,289.5
Round1,Q1,2638,1319.0,EMIRATES,0.896,943.9,428.5,41.0,16.0,1920,1080,0.032,964.4,436.5
Round1,Q1,2639,1319.5,EMIRATES,0.8723,1061.5,569.1,109.8,50.4,1920,1080,0.267,1116.4,594.3
Round1,Q1,2640,1320.0,EMIRATES,0.8831,1087.2,540.7,141.9,45.3,1920,1080,0.31,1158.2,563.4
Round1,Q1,2641,1320.5,EMIRATES,0.8784,1082.9,522.5,145.7,46.1,1920,1080,0.324,1155.7,545.5
Round1,Q1,2642,1321.0,EMIRATES,0.8812,1080.5,507.7,112.0,55.8,1920,1080,0.301,1136.5,535.6
Round1,Q1,2643,1321.5,EMIRATES,0.8717,1044.7,473.7,91.3,64.7,1920,1080,0.285,1090.4,506.0
Round1,Q1,2644,1322.0,EMIRATES,0.8594,1007.4,468.5,62.2,75.0,1920,1080,0.225,1038.5,506.0
Round1,Q1,2645,1322.5,EMIRATES,0.834,1066.4,458.4,44.4,72.5,1920,1080,0.155,1088.6,494.6
Round1,Q1,2646,1323.0,EMIRATES,0.7832,1030.3,488.1,41.6,75.1,1920,1080,0.151,1051.1,525.6
Round1,Q1,2647,1323.5,EMIRATES,0.644,993.7,528.9,44.8,64.4,1920,1080,0.139,1016.2,561.1
Round1,Q1,2649,1324.5,EMIRATES,0.891,799.0,459.3,146.8,47.9,1920,1080,0.339,872.4,483.3
Round1,Q1,2650,1325.0,EMIRATES,0.89,746.8,455.3,133.6,40.0,1920,1080,0.258,813.6,475.3
Round1,Q1,2651,1325.5,EMIRATES,0.893,707.9,470.3,123.3,40.8,1920,1080,0.243,769.5,490.7
Round1,Q1,2653,1326.5,EMIRATES,0.6546,661.1,421.7,114.6,43.9,1920,1080,0.243,718.4,443.6
Round1,Q1,2655,1327.5,EMIRATES,0.4906,1898.5,542.8,21.4,36.0,1920,1080,0.037,1909.2,560.8
Round1,Q1,2656,1328.0,EMIRATES,0.8584,1815.8,557.4,101.9,35.4,1920,1080,0.174,1866.8,575.1
Round1,Q1,2657,1328.5,EMIRATES,0.8656,1754.3,576.2,103.1,35.6,1920,1080,0.177,1805.9,594.0
Round1,Q1,2658,1329.0,EMIRATES,0.8648,1699.9,596.3,102.7,37.9,1920,1080,0.188,1751.3,615.3
Round1,Q1,2659,1329.5,EMIRATES,0.877,1655.2,602.9,100.6,39.4,1920,1080,0.191,1705.4,622.6
Round1,Q1,2660,1330.0,EMIRATES,0.8691,1604.6,609.6,100.7,38.9,1920,1080,0.189,1655.0,629.1
Round1,Q1,2661,1330.5,EMIRATES,0.8572,1554.6,619.7,100.9,37.6,1920,1080,0.183,1605.1,638.5
Round1,Q1,2662,1331.0,EMIRATES,0.8775,1495.9,628.3,101.1,36.8,1920,1080,0.179,1546.5,646.7
Round1,Q1,2663,1331.5,EMIRATES,0.8689,1441.5,633.4,97.7,34.5,1920,1080,0.163,1490.4,650.6
Round1,Q1,2666,1333.0,EMIRATES,0.6472,1052.6,330.3,28.8,24.5,1920,1080,0.034,1067.0,342.6
Round1,Q1,2670,1335.0,EMIRATES,0.4279,1305.9,613.3,32.0,23.8,1920,1080,0.037,1321.8,625.3
Round1,Q1,2673,1336.5,CRUSADER_CARAVANS,0.4998,84.5,447.3,120.6,51.9,1920,1080,0.302,144.8,473.3
Round1,Q1,2673,1336.5,CRUSADER_CARAVANS,0.4712,789.7,11.1,130.4,29.6,1920,1080,0.186,854.9,25.9
Round1,Q1,2673,1336.5,CRUSADER_CARAVANS,0.3015,1.4,469.7,59.8,66.4,1920,1080,0.191,31.3,502.9
Round1,Q1,2677,1338.5,CRUSADER_CARAVANS,0.573,0.6,323.8,119.1,52.1,1920,1080,0.3,60.2,349.9
Round1,Q1,2678,1339.0,CRUSADER_CARAVANS,0.6985,402.3,208.5,132.2,41.5,1920,1080,0.265,468.5,229.3
Round1,Q1,2678,1339.0,CRUSADER_CARAVANS,0.6223,921.3,166.8,139.8,36.1,1920,1080,0.243,991.2,184.8
Round1,Q1,2678,1339.0,CRUSADER_CARAVANS,0.5615,670.2,184.8,128.4,35.7,1920,1080,0.221,734.4,202.7
Round1,Q1,2678,1339.0,CRUSADER_CARAVANS,0.543,801.4,175.2,127.2,37.5,1920,1080,0.23,865.0,194.0
Round1,Q1,2678,1339.0,CRUSADER_CARAVANS,0.5349,290.5,223.3,114.6,43.9,1920,1080,0.243,347.7,245.3
Round1,Q1,2678,1339.0,CRUSADER_CARAVANS,0.3845,542.7,203.3,71.5,35.1,1920,1080,0.121,578.5,220.8
Round1,Q1,2678,1339.0,CRUSADER_CARAVANS,0.3544,156.8,238.0,120.0,45.0,1920,1080,0.26,216.8,260.5
Round1,Q1,2681,1340.5,CRUSADER_CARAVANS,0.3503,296.4,198.6,141.5,37.4,1920,1080,0.255,367.2,217.3
Round1,Q1,2682,1341.0,CRUSADER_CARAVANS,0.5007,180.2,209.4,62.0,36.7,1920,1080,0.11,211.2,227.7
Round1,Q1,2682,1341.0,CRUSADER_CARAVANS,0.3733,53.9,220.1,114.2,41.1,1920,1080,0.226,111.0,240.6
Round1,Q1,2682,1341.0,CRUSADER_CARAVANS,0.3311,289.5,193.2,108.9,34.2,1920,1080,0.18,344.0,210.4
Round1,Q1,2683,1341.5,CRUSADER_CARAVANS,0.7599,205.9,196.3,64.8,32.1,1920,1080,0.1,238.4,212.4
Round1,Q1,2683,1341.5,CRUSADER_CARAVANS,0.7392,31.5,211.9,96.8,39.3,1920,1080,0.184,79.9,231.5
Round1,Q1,2683,1341.5,CRUSADER_CARAVANS,0.656,294.5,192.8,65.8,24.6,1920,1080,0.078,327.4,205.1
Round1,Q1,2683,1341.5,CRUSADER_CARAVANS,0.4779,128.9,207.3,75.8,30.7,1920,1080,0.112,166.8,222.7
Round1,Q1,2683,1341.5,CRUSADER_CARAVANS,0.3675,1.5,222.7,31.1,40.0,1920,1080,0.06,17.0,242.7
Round1,Q1,2684,1342.0,CRUSADER_CARAVANS,0.6301,107.2,196.4,60.8,30.9,1920,1080,0.091,137.6,211.8
Round1,Q1,2684,1342.0,CRUSADER_CARAVANS,0.562,2.1,204.8,93.1,36.8,1920,1080,0.165,48.6,223.2
Round1,Q1,2684,1342.0,CRUSADER_CARAVANS,0.559,170.3,186.6,84.4,31.5,1920,1080,0.128,212.5,202.3
Round1,Q1,2684,1342.0,CRUSADER_CARAVANS,0.4683,252.4,179.4,63.6,30.7,1920,1080,0.094,284.2,194.7
Round1,Q1,2684,1342.0,CRUSADER_CARAVANS,0.3149,418.1,159.6,104.4,30.7,1920,1080,0.155,470.3,175.0
Round1,Q1,2685,1342.5,CRUSADER_CARAVANS,0.7875,61.6,187.8,62.0,33.1,1920,1080,0.099,92.6,204.3
Round1,Q1,2685,1342.5,CRUSADER_CARAVANS,0.6863,0.0,194.8,48.3,39.5,1920,1080,0.092,24.1,214.5
Round1,Q1,2685,1342.5,CRUSADER_CARAVANS,0.6547,178.3,170.8,88.6,32.7,1920,1080,0.14,222.6,187.2
Round1,Q1,2685,1342.5,CRUSADER_CARAVANS,0.6223,268.0,164.7,59.2,29.1,1920,1080,0.083,297.6,179.2
Round1,Q1,2685,1342.5,CRUSADER_CARAVANS,0.4862,125.0,177.5,138.4,33.0,1920,1080,0.22,194.2,194.0
Round1,Q1,2685,1342.5,CRUSADER_CARAVANS,0.4268,369.7,153.3,97.9,29.2,1920,1080,0.138,418.6,167.9
Round1,Q1,2686,1343.0,CRUSADER_CARAVANS,0.3943,41.5,163.3,94.7,31.1,1920,1080,0.142,88.8,178.8
Round1,Q1,2686,1343.0,CRUSADER_CARAVANS,0.3522,0.0,171.3,23.0,32.6,1920,1080,0.036,11.5,187.6
Round1,Q1,2686,1343.0,CRUSADER_CARAVANS,0.3018,258.3,141.0,92.4,26.9,1920,1080,0.12,304.5,154.4
Round1,Q1,2689,1344.5,CRUSADER_CARAVANS,0.3804,132.6,50.5,88.8,24.9,1920,1080,0.107,177.0,62.9
Round1,Q1,2689,1344.5,CRUSADER_CARAVANS,0.3131,44.7,56.3,89.1,25.4,1920,1080,0.109,89.2,69.0
Round1,Q1,2690,1345.0,CRUSADER_CARAVANS,0.7556,356.2,39.4,77.4,22.1,1920,1080,0.082,394.9,50.5
Round1,Q1,2690,1345.0,CRUSADER_CARAVANS,0.7507,28.8,65.8,79.5,23.6,1920,1080,0.09,68.6,77.6
Round1,Q1,2690,1345.0,CRUSADER_CARAVANS,0.7322,110.2,60.6,51.4,22.3,1920,1080,0.055,135.9,71.7
Round1,Q1,2690,1345.0,CRUSADER_CARAVANS,0.5955,0.1,70.9,22.2,24.8,1920,1080,0.026,11.1,83.3
Round1,Q1,2690,1345.0,CRUSADER_CARAVANS,0.4842,433.9,37.0,61.0,19.8,1920,1080,0.058,464.4,47.0
Round1,Q1,2690,1345.0,CRUSADER_CARAVANS,0.316,482.1,33.2,104.1,20.2,1920,1080,0.101,534.2,43.3
Round1,Q1,2691,1345.5,CRUSADER_CARAVANS,0.789,86.2,86.5,47.7,20.7,1920,1080,0.048,110.1,96.8
Round1,Q1,2691,1345.5,CRUSADER_CARAVANS,0.7518,8.3,91.1,75.4,22.9,1920,1080,0.083,46.0,102.5
Round1,Q1,2691,1345.5,CRUSADER_CARAVANS,0.6237,318.9,65.2,71.7,21.2,1920,1080,0.073,354.8,75.8
Round1,Q1,2691,1345.5,CRUSADER_CARAVANS,0.4726,135.2,80.5,67.0,21.5,1920,1080,0.069,168.7,91.2
Round1,Q1,2691,1345.5,CRUSADER_CARAVANS,0.3824,396.9,57.2,147.0,21.2,1920,1080,0.15,470.4,67.8
Round1,Q1,2692,1346.0,CRUSADER_CARAVANS,0.7554,41.5,118.6,46.0,20.3,1920,1080,0.045,64.5,128.7
Round1,Q1,2692,1346.0,ACCESS_COVERS,0.6267,1839.3,39.5,74.6,16.2,1920,1080,0.058,1876.6,47.6
Round1,Q1,2692,1346.0,CRUSADER_CARAVANS,0.5712,0.2,123.3,39.3,22.7,1920,1080,0.043,19.8,134.7
Round1,Q1,2692,1346.0,CRUSADER_CARAVANS,0.4256,113.3,110.6,61.8,20.7,1920,1080,0.062,144.2,120.9
Round1,Q1,2692,1346.0,CRUSADER_CARAVANS,0.313,71.9,116.3,43.0,20.0,1920,1080,0.041,93.4,126.2
Round1,Q1,2706,1353.0,EMIRATES,0.9033,873.3,198.4,56.0,23.1,1920,1080,0.062,901.3,209.9
Round1,Q1,2707,1353.5,EMIRATES,0.8905,784.2,243.3,60.4,19.4,1920,1080,0.057,814.4,253.0
Round1,Q1,2708,1354.0,EMIRATES,0.8889,792.0,269.9,46.6,17.0,1920,1080,0.038,815.3,278.4
Round1,Q1,2708,1354.0,EMIRATES,0.5027,1720.6,404.1,47.9,14.3,1920,1080,0.033,1744.5,411.2
Round1,Q1,2709,1354.5,EMIRATES,0.8822,814.0,280.0,44.1,16.1,1920,1080,0.034,836.1,288.1
Round1,Q1,2710,1355.0,EMIRATES,0.8925,838.0,282.4,53.0,17.1,1920,1080,0.044,864.5,290.9
Round1,Q1,2711,1355.5,EMIRATES,0.8994,887.3,296.6,53.5,19.5,1920,1080,0.05,914.0,306.4
Round1,Q1,2716,1358.0,ACCESS_COVERS,0.6484,0.1,41.6,71.7,17.9,1920,1080,0.062,36.0,50.6
Round1,Q1,2721,1360.5,EMIRATES,0.3299,881.6,134.6,13.1,69.1,1920,1080,0.044,888.1,169.2
Round1,Q1,2722,1361.0,EMIRATES,0.3321,779.6,138.4,11.3,54.7,1920,1080,0.03,785.2,165.7
Round1,Q1,2723,1361.5,EMIRATES,0.3215,951.3,160.9,11.6,67.1,1920,1080,0.038,957.1,194.4
Round1,Q1,2724,1362.0,EMIRATES,0.429,1036.1,193.2,10.9,51.9,1920,1080,0.027,1041.6,219.1
Round1,Q1,2724,1362.0,EMIRATES,0.336,617.4,123.9,10.8,53.1,1920,1080,0.028,622.8,150.4
Round1,Q1,2725,1362.5,EMIRATES,0.7154,988.4,187.4,11.0,51.8,1920,1080,0.027,993.9,213.3
Round1,Q1,2725,1362.5,EMIRATES,0.3954,555.5,118.5,10.9,50.8,1920,1080,0.027,560.9,143.9
Round1,Q1,2725,1362.5,EMIRATES,0.3799,833.9,165.1,11.7,49.6,1920,1080,0.028,839.8,189.9
Round1,Q1,2726,1363.0,EMIRATES,0.8512,1365.0,15.9,99.6,55.4,1920,1080,0.266,1414.7,43.6
Round1,Q1,2733,1366.5,EMIRATES,0.9009,929.2,523.3,143.3,48.6,1920,1080,0.336,1000.9,547.6
Round1,Q1,2734,1367.0,EMIRATES,0.8083,939.8,539.9,158.4,53.3,1920,1080,0.407,1019.0,566.5
Round1,Q1,2735,1367.5,EMIRATES,0.7855,1134.1,509.4,103.1,44.7,1920,1080,0.222,1185.7,531.8
Round1,Q1,2736,1368.0,EMIRATES,0.8855,1101.0,537.7,147.6,49.3,1920,1080,0.351,1174.8,562.4
Round1,Q1,2737,1368.5,EMIRATES,0.8834,991.7,521.6,143.1,55.2,1920,1080,0.381,1063.3,549.2
Round1,Q1,2738,1369.0,EMIRATES,0.8969,1176.3,546.2,147.9,47.3,1920,1080,0.338,1250.2,569.8
Round1,Q1,2739,1369.5,EMIRATES,0.8864,1120.5,497.0,138.0,49.3,1920,1080,0.328,1189.5,521.7
Round1,Q1,2740,1370.0,EMIRATES,0.8582,1140.3,540.3,107.9,43.5,1920,1080,0.226,1194.2,562.0
Round1,Q1,2756,1378.0,EMIRATES,0.8419,1075.7,881.1,63.5,24.7,1920,1080,0.076,1107.4,893.5
Round1,Q1,2757,1378.5,EMIRATES,0.8753,734.3,390.1,48.7,29.1,1920,1080,0.068,758.7,404.6
Round1,Q1,2757,1378.5,EMIRATES,0.8301,320.6,693.4,79.1,24.4,1920,1080,0.093,360.2,705.5
Round1,Q1,2757,1378.5,EMIRATES,0.6476,1277.9,88.0,77.5,17.0,1920,1080,0.063,1316.6,96.4
Round1,Q1,2757,1378.5,EMIRATES,0.6166,1615.4,295.2,70.8,27.2,1920,1080,0.093,1650.8,308.8
Round1,Q1,2758,1379.0,EMIRATES,0.8866,537.7,285.7,59.6,27.4,1920,1080,0.079,567.5,299.4
Round1,Q1,2758,1379.0,EMIRATES,0.8864,1806.0,616.9,48.4,21.1,1920,1080,0.049,1830.2,627.5
Round1,Q1,2758,1379.0,EMIRATES,0.8776,614.7,86.5,46.0,23.2,1920,1080,0.051,637.7,98.1
Round1,Q1,2758,1379.0,EMIRATES,0.8124,1169.1,396.7,29.5,16.9,1920,1080,0.024,1183.9,405.2
Round1,Q1,2760,1380.0,EMIRATES,0.8721,166.2,265.5,47.7,26.7,1920,1080,0.062,190.0,278.9
Round1,Q1,2765,1382.5,EMIRATES,0.5727,1216.5,93.3,14.2,78.6,1920,1080,0.054,1223.7,132.6
Round1,Q1,2767,1383.5,EMIRATES,0.4573,833.9,75.0,14.0,86.3,1920,1080,0.058,840.9,118.1
Round1,Q1,2767,1383.5,EMIRATES,0.338,704.4,80.0,12.9,62.3,1920,1080,0.039,710.9,111.1
Round1,Q1,2767,1383.5,EMIRATES,0.332,976.8,105.4,11.5,78.3,1920,1080,0.043,982.5,144.6
Round1,Q1,2768,1384.0,EMIRATES,0.4266,764.1,70.0,12.8,92.2,1920,1080,0.057,770.5,116.1
Round1,Q1,2769,1384.5,EMIRATES,0.3813,712.6,71.7,13.4,87.4,1920,1080,0.057,719.3,115.4
Round1,Q1,2770,1385.0,EMIRATES,0.696,618.5,968.8,41.1,16.0,1920,1080,0.032,639.1,976.8
Round1,Q1,2774,1387.0,EMIRATES,0.3707,1660.7,635.6,105.1,43.6,1920,1080,0.221,1713.2,657.4
Round1,Q1,2788,1394.0,EMIRATES,0.8981,1026.0,525.9,112.1,44.7,1920,1080,0.241,1082.0,548.2
Round1,Q1,2789,1394.5,EMIRATES,0.8982,944.6,483.4,146.8,46.7,1920,1080,0.33,1018.0,506.8
Round1,Q1,2790,1395.0,EMIRATES,0.879,934.8,528.3,147.7,49.1,1920,1080,0.35,1008.7,552.8
Round1,Q1,2791,1395.5,EMIRATES,0.8596,1056.2,437.0,124.2,64.6,1920,1080,0.387,1118.2,469.4
Round1,Q1,2792,1396.0,EMIRATES,0.8835,1114.8,478.5,147.0,51.8,1920,1080,0.367,1188.3,504.4
Round1,Q1,2793,1396.5,EMIRATES,0.8885,968.5,515.2,151.5,47.8,1920,1080,0.349,1044.2,539.1
Round1,Q1,2794,1397.0,EMIRATES,0.8765,974.8,526.9,152.9,55.0,1920,1080,0.406,1051.3,554.4
Round1,Q1,2795,1397.5,EMIRATES,0.8295,1026.3,624.8,151.6,52.4,1920,1080,0.384,1102.2,651.0
Round1,Q1,2796,1398.0,CYBERCX,0.3464,424.7,77.5,36.9,9.2,1920,1080,0.016,443.2,82.1
Round1,Q1,2797,1398.5,CYBERCX,0.683,423.8,89.8,37.8,9.8,1920,1080,0.018,442.7,94.6
Round1,Q1,2797,1398.5,ACCESS_COVERS,0.5922,467.2,91.7,39.6,8.7,1920,1080,0.017,487.0,96.0
Round1,Q1,2798,1399.0,CYBERCX,0.4434,378.7,81.8,39.0,10.6,1920,1080,0.02,398.3,87.1
Round1,Q1,2799,1399.5,ACCESS_COVERS,0.7435,335.5,54.8,48.8,11.6,1920,1080,0.027,359.9,60.6
Round1,Q1,2799,1399.5,CYBERCX,0.6518,283.4,52.9,44.5,11.1,1920,1080,0.024,305.7,58.5
Round1,Q1,2800,1400.0,CYBERCX,0.7503,253.0,29.5,48.6,12.6,1920,1080,0.029,277.3,35.8
Round1,Q1,2800,1400.0,ACCESS_COVERS,0.7122,309.0,32.5,53.8,13.3,1920,1080,0.035,335.9,39.2
Round1,Q1,2801,1400.5,CYBERCX,0.6887,346.0,40.8,50.1,13.3,1920,1080,0.032,371.0,47.5
Round1,Q1,2801,1400.5,ACCESS_COVERS,0.5316,404.8,43.2,58.9,14.8,1920,1080,0.042,434.3,50.6
Round1,Q1,2802,1401.0,ACCESS_COVERS,0.6784,603.6,102.1,57.3,12.7,1920,1080,0.035,632.3,108.4
Round1,Q1,2802,1401.0,CYBERCX,0.6382,544.5,99.0,52.0,14.0,1920,1080,0.035,570.5,106.0
Round1,Q1,2803,1401.5,ACCESS_COVERS,0.7331,747.4,125.6,58.4,13.2,1920,1080,0.037,776.6,132.2
Round1,Q1,2803,1401.5,CYBERCX,0.6717,687.4,123.7,52.0,14.0,1920,1080,0.035,713.4,130.7
Round1,Q1,2804,1402.0,ACCESS_COVERS,0.7727,822.5,106.8,64.5,14.8,1920,1080,0.046,854.7,114.2
Round1,Q1,2804,1402.0,CYBERCX,0.7044,755.8,105.3,56.3,14.2,1920,1080,0.039,783.9,112.4
Round1,Q1,2805,1402.5,ACCESS_COVERS,0.8148,840.2,66.6,71.7,17.0,1920,1080,0.059,876.0,75.1
Round1,Q1,2805,1402.5,CYBERCX,0.7262,768.0,65.0,62.4,16.3,1920,1080,0.049,799.2,73.1
Round1,Q1,2808,1404.0,EMIRATES,0.4324,1103.5,560.5,51.9,20.3,1920,1080,0.051,1129.5,570.7
Round1,Q1,2809,1404.5,EMIRATES,0.8879,1245.0,205.1,33.6,23.7,1920,1080,0.038,1261.8,216.9
Round1,Q1,2809,1404.5,EMIRATES,0.8601,505.9,292.9,27.8,28.1,1920,1080,0.038,519.8,306.9
Round1,Q1,2809,1404.5,EMIRATES,0.7723,301.9,528.1,61.6,22.4,1920,1080,0.066,332.7,539.3
Round1,Q1,2809,1404.5,EMIRATES,0.4331,1089.3,172.8,24.1,23.1,1920,1080,0.027,1101.4,184.4
Round1,Q1,2810,1405.0,EMIRATES,0.8845,1430.2,169.4,40.6,21.0,1920,1080,0.041,1450.5,179.9
Round1,Q1,2810,1405.0,EMIRATES,0.4175,970.6,69.1,25.3,21.9,1920,1080,0.027,983.3,80.1
Round1,Q1,2825,1412.5,JAMESON,0.4324,13.0,0.0,32.1,11.1,1920,1080,0.017,29.1,5.6
Round1,Q1,2825,1412.5,JAMESON,0.3491,57.8,0.0,48.3,8.2,1920,1080,0.019,81.9,4.1
Round1,Q1,2826,1413.0,JAMESON,0.8636,1814.0,0.0,47.6,12.9,1920,1080,0.029,1837.8,6.4
Round1,Q1,2826,1413.0,JAMESON,0.8512,157.6,3.6,46.3,14.9,1920,1080,0.033,180.8,11.0
Round1,Q1,2826,1413.0,JAMESON,0.8405,246.9,0.0,46.3,14.0,1920,1080,0.031,270.1,7.0
Round1,Q1,2826,1413.0,JAMESON,0.8038,1723.3,0.0,47.1,9.2,1920,1080,0.021,1746.9,4.6
Round1,Q1,2826,1413.0,JAMESON,0.7975,333.8,0.0,43.4,9.3,1920,1080,0.019,355.5,4.6
Round1,Q1,2826,1413.0,JAMESON,0.745,65.4,8.6,51.4,16.2,1920,1080,0.04,91.1,16.7
Round1,Q1,2826,1413.0,JAMESON,0.6835,0.1,13.1,17.1,15.6,1920,1080,0.013,8.7,20.9
Round1,Q1,2826,1413.0,JAMESON,0.5487,1907.0,0.8,13.0,15.7,1920,1080,0.01,1913.5,8.7
Round1,Q1,2827,1413.5,JAMESON,0.8703,597.4,0.0,40.8,13.6,1920,1080,0.027,617.8,6.8
Round1,Q1,2827,1413.5,JAMESON,0.8573,1538.0,2.4,43.6,14.2,1920,1080,0.03,1559.8,9.5
Round1,Q1,2827,1413.5,JAMESON,0.8537,183.2,19.6,45.7,15.6,1920,1080,0.034,206.1,27.4
Round1,Q1,2827,1413.5,JAMESON,0.8487,1620.4,5.7,44.2,14.8,1920,1080,0.031,1642.5,13.1
Round1,Q1,2827,1413.5,JAMESON,0.846,353.7,9.7,43.2,15.0,1920,1080,0.031,375.3,17.1
Round1,Q1,2827,1413.5,JAMESON,0.844,435.1,5.8,43.5,14.4,1920,1080,0.03,456.8,13.0
Round1,Q1,2827,1413.5,JAMESON,0.8428,1790.2,13.2,47.0,16.0,1920,1080,0.036,1813.7,21.2
Round1,Q1,2827,1413.5,JAMESON,0.8408,1372.7,0.0,45.9,11.3,1920,1080,0.025,1395.6,5.7
Round1,Q1,2827,1413.5,JAMESON,0.8387,1704.3,9.2,45.6,15.7,1920,1080,0.035,1727.1,17.1
Round1,Q1,2827,1413.5,JAMESON,0.8294,1.2,30.5,49.5,16.7,1920,1080,0.04,26.0,38.9
Round1,Q1,2827,1413.5,JAMESON,0.822,1880.6,18.0,39.4,16.6,1920,1080,0.032,1900.3,26.3
Round1,Q1,2827,1413.5,JAMESON,0.8083,1455.7,0.2,42.3,13.7,1920,1080,0.028,1476.8,7.0
Round1,Q1,2827,1413.5,JAMESON,0.8065,270.4,14.4,44.4,15.3,1920,1080,0.033,292.6,22.0
Round1,Q1,2827,1413.5,JAMESON,0.7915,677.4,0.0,39.4,10.5,1920,1080,0.02,697.2,5.3
Round1,Q1,2827,1413.5,JAMESON,0.7855,95.1,25.5,47.6,16.0,1920,1080,0.037,118.9,33.5
Round1,Q1,2827,1413.5,JAMESON,0.7851,752.7,0.0,41.1,9.1,1920,1080,0.018,773.2,4.5
Round1,Q1,2827,1413.5,JAMESON,0.779,518.3,3.0,39.4,12.8,1920,1080,0.024,538.0,9.4
Round1,Q1,2827,1413.5,JAMESON,0.7645,831.6,0.0,39.6,7.7,1920,1080,0.015,851.5,3.8
Round1,Q1,2827,1413.5,JAMESON,0.7522,1217.5,0.0,40.6,8.3,1920,1080,0.016,1237.8,4.1
Round1,Q1,2827,1413.5,JAMESON,0.7042,1295.5,0.0,41.2,9.2,1920,1080,0.018,1316.1,4.6
Round1,Q1,2827,1413.5,JAMESON,0.3171,910.5,0.0,38.7,6.1,1920,1080,0.011,929.9,3.1
Round1,Q1,2828,1414.0,JAMESON,0.8537,465.0,18.6,42.8,14.5,1920,1080,0.03,486.4,25.9
Round1,Q1,2828,1414.0,JAMESON,0.8516,926.6,5.6,39.7,12.9,1920,1080,0.025,946.4,12.1
Round1,Q1,2828,1414.0,JAMESON,0.8506,851.4,6.3,39.7,13.3,1920,1080,0.025,871.2,12.9
Round1,Q1,2828,1414.0,JAMESON,0.8459,1229.1,6.4,39.7,13.8,1920,1080,0.026,1248.9,13.3
Round1,Q1,2828,1414.0,JAMESON,0.845,622.3,11.8,40.8,14.4,1920,1080,0.028,642.7,19.0
Round1,Q1,2828,1414.0,JAMESON,0.8444,48.1,44.3,46.5,16.3,1920,1080,0.037,71.4,52.5
Round1,Q1,2828,1414.0,JAMESON,0.8438,1705.2,23.4,44.7,15.9,1920,1080,0.034,1727.6,31.4
Round1,Q1,2828,1414.0,JAMESON,0.8406,1154.4,5.7,38.2,13.8,1920,1080,0.025,1173.5,12.6
Round1,Q1,2828,1414.0,JAMESON,0.8405,221.2,32.7,44.1,15.1,1920,1080,0.032,243.2,40.3
Round1,Q1,2828,1414.0,JAMESON,0.839,1543.4,15.6,42.1,15.8,1920,1080,0.032,1564.5,23.5
Round1,Q1,2828,1414.0,JAMESON,0.8373,1789.4,27.7,46.4,16.5,1920,1080,0.037,1812.6,35.9
Round1,Q1,2828,1414.0,JAMESON,0.8326,775.6,7.7,38.7,13.5,1920,1080,0.025,795.0,14.4
Round1,Q1,2828,1414.0,JAMESON,0.8323,385.8,22.6,42.3,15.1,1920,1080,0.031,407.0,30.1
Round1,Q1,2828,1414.0,JAMESON,0.831,1622.9,19.6,44.0,15.3,1920,1080,0.032,1644.9,27.3
Round1,Q1,2828,1414.0,JAMESON,0.8238,305.4,27.1,43.0,15.0,1920,1080,0.031,326.9,34.6
Round1,Q1,2828,1414.0,JAMESON,0.8205,1081.5,5.3,36.5,13.6,1920,1080,0.024,1099.7,12.1
Round1,Q1,2828,1414.0,JAMESON,0.8167,1305.1,8.1,41.7,14.3,1920,1080,0.029,1325.9,15.3
Round1,Q1,2828,1414.0,JAMESON,0.8157,700.5,9.5,38.3,13.4,1920,1080,0.025,719.6,16.2
Round1,Q1,2828,1414.0,JAMESON,0.8044,1876.4,32.5,43.2,16.7,1920,1080,0.035,1898.0,40.8
Round1,Q1,2828,1414.0,JAMESON,0.7967,1461.4,13.2,42.1,14.4,1920,1080,0.029,1482.4,20.4
Round1,Q1,2828,1414.0,JAMESON,0.7959,1381.5,10.3,44.7,14.7,1920,1080,0.032,1403.8,17.6
Round1,Q1,2828,1414.0,JAMESON,0.7738,137.8,38.8,44.7,15.2,1920,1080,0.033,160.2,46.4
Round1,Q1,2828,1414.0,JAMESON,0.762,1005.6,5.2,36.3,12.7,1920,1080,0.022,1023.7,11.6
Round1,Q1,2828,1414.0,JAMESON,0.7587,546.3,15.2,36.6,13.5,1920,1080,0.024,564.6,21.9
Round1,Q1,2829,1414.5,EMIRATES,0.889,1110.7,481.1,120.7,43.8,1920,1080,0.255,1171.1,503.0
Round1,Q1,2830,1415.0,EMIRATES,0.9015,1089.3,479.7,121.0,41.0,1920,1080,0.239,1149.8,500.2
Round1,Q1,2831,1415.5,EMIRATES,0.9044,1042.2,538.6,56.8,43.5,1920,1080,0.119,1070.6,560.3
Round1,Q1,2833,1416.5,JAMESON,0.8631,962.8,32.1,39.5,13.9,1920,1080,0.026,982.5,39.0
Round1,Q1,2833,1416.5,JAMESON,0.8556,516.7,45.8,40.3,15.0,1920,1080,0.029,536.9,53.3
Round1,Q1,2833,1416.5,JAMESON,0.8447,203.5,67.9,41.6,15.2,1920,1080,0.03,224.3,75.4
Round1,Q1,2833,1416.5,JAMESON,0.8447,1641.3,47.0,42.8,15.6,1920,1080,0.032,1662.7,54.8
Round1,Q1,2833,1416.5,JAMESON,0.8406,889.6,33.0,38.7,14.0,1920,1080,0.026,908.9,40.0
Round1,Q1,2833,1416.5,JAMESON,0.8373,1331.4,34.6,40.3,15.1,1920,1080,0.029,1351.6,42.1
Round1,Q1,2833,1416.5,JAMESON,0.8321,362.0,55.6,42.0,15.1,1920,1080,0.031,383.0,63.1
Round1,Q1,2833,1416.5,JAMESON,0.829,1035.6,31.9,40.3,13.8,1920,1080,0.027,1055.7,38.8
Round1,Q1,2833,1416.5,JAMESON,0.8255,591.7,42.5,41.6,14.5,1920,1080,0.029,612.4,49.8
Round1,Q1,2833,1416.5,JAMESON,0.8191,1803.2,56.1,44.9,15.3,1920,1080,0.033,1825.6,63.8
Round1,Q1,2833,1416.5,JAMESON,0.8183,1721.1,51.3,44.7,15.8,1920,1080,0.034,1743.4,59.2
Round1,Q1,2833,1416.5,JAMESON,0.8183,1480.7,40.1,44.3,15.8,1920,1080,0.034,1502.8,48.0
Round1,Q1,2833,1416.5,JAMESON,0.8122,122.3,75.0,41.4,15.4,1920,1080,0.031,143.0,82.7
Round1,Q1,2833,1416.5,JAMESON,0.807,440.6,51.0,40.1,14.3,1920,1080,0.028,460.6,58.2
Round1,Q1,2833,1416.5,JAMESON,0.8068,1887.9,60.8,32.1,15.2,1920,1080,0.024,1904.0,68.4
Round1,Q1,2833,1416.5,JAMESON,0.7963,742.0,36.6,39.6,14.5,1920,1080,0.028,761.8,43.9
Round1,Q1,2833,1416.5,JAMESON,0.7873,1259.0,33.5,37.7,14.5,1920,1080,0.026,1277.9,40.8
Round1,Q1,2833,1416.5,JAMESON,0.7869,1406.2,37.4,42.4,15.1,1920,1080,0.031,1427.4,44.9
Round1,Q1,2833,1416.5,JAMESON,0.7867,1186.4,32.1,35.6,14.3,1920,1080,0.025,1204.2,39.3
Round1,Q1,2833,1416.5,JAMESON,0.7852,1113.7,31.6,35.1,14.2,1920,1080,0.024,1131.3,38.7
Round1,Q1,2833,1416.5,JAMESON,0.7821,37.0,82.3,43.8,16.5,1920,1080,0.035,58.9,90.6
Round1,Q1,2833,1416.5,JAMESON,0.781,817.0,33.9,38.5,14.6,1920,1080,0.027,836.3,41.2
Round1,Q1,2833,1416.5,JAMESON,0.7666,1561.0,43.6,42.2,15.4,1920,1080,0.031,1582.2,51.3
Round1,Q1,2833,1416.5,JAMESON,0.7614,283.3,61.7,43.6,15.5,1920,1080,0.033,305.1,69.4
Round1,Q1,2833,1416.5,JAMESON,0.5828,669.8,39.4,34.4,13.7,1920,1080,0.023,687.0,46.3
Round1,Q1,2834,1417.0,JAMESON,0.8627,995.3,20.0,41.5,14.1,1920,1080,0.028,1016.0,27.1
Round1,Q1,2834,1417.0,JAMESON,0.8528,356.3,41.5,44.1,15.9,1920,1080,0.034,378.3,49.4
Round1,Q1,2834,1417.0,JAMESON,0.8479,1388.5,22.9,43.0,15.2,1920,1080,0.031,1410.0,30.5
Round1,Q1,2834,1417.0,JAMESON,0.8455,1073.2,20.1,41.4,13.8,1920,1080,0.028,1094.0,27.0
Round1,Q1,2834,1417.0,JAMESON,0.8443,185.7,52.8,44.7,16.2,1920,1080,0.035,208.1,60.9
Round1,Q1,2834,1417.0,JAMESON,0.844,520.6,32.3,42.5,15.3,1920,1080,0.031,541.9,40.0
Round1,Q1,2834,1417.0,JAMESON,0.8404,917.2,20.7,40.9,14.4,1920,1080,0.028,937.6,27.8
Round1,Q1,2834,1417.0,JAMESON,0.8403,760.9,23.5,41.9,15.1,1920,1080,0.03,781.8,31.0
Round1,Q1,2834,1417.0,JAMESON,0.8317,5.1,66.7,47.1,16.6,1920,1080,0.038,28.7,74.9
Round1,Q1,2834,1417.0,JAMESON,0.8244,1468.9,25.1,45.3,15.3,1920,1080,0.033,1491.5,32.8
Round1,Q1,2834,1417.0,JAMESON,0.8221,601.8,29.0,42.6,14.5,1920,1080,0.03,623.1,36.2
Round1,Q1,2834,1417.0,JAMESON,0.8181,1723.1,34.0,47.5,16.7,1920,1080,0.038,1746.9,42.4
Round1,Q1,2834,1417.0,JAMESON,0.8082,841.1,21.6,39.6,14.6,1920,1080,0.028,860.9,28.9
Round1,Q1,2834,1417.0,JAMESON,0.808,96.8,58.9,46.4,17.4,1920,1080,0.039,120.0,67.5
Round1,Q1,2834,1417.0,JAMESON,0.8036,439.6,36.7,42.6,15.4,1920,1080,0.032,460.9,44.3
Round1,Q1,2834,1417.0,JAMESON,0.8006,1549.5,27.6,48.1,16.3,1920,1080,0.038,1573.6,35.8
Round1,Q1,2834,1417.0,JAMESON,0.7996,1635.7,31.0,45.8,15.1,1920,1080,0.033,1658.6,38.6
Round1,Q1,2834,1417.0,JAMESON,0.7995,1811.4,37.6,48.7,16.7,1920,1080,0.039,1835.7,45.9
Round1,Q1,2834,1417.0,JAMESON,0.7956,1310.5,21.2,41.0,15.0,1920,1080,0.03,1331.0,28.7
Round1,Q1,2834,1417.0,JAMESON,0.792,271.8,46.8,47.3,16.5,1920,1080,0.037,295.4,55.1
Round1,Q1,2834,1417.0,JAMESON,0.7717,1154.7,19.6,38.6,14.5,1920,1080,0.027,1174.0,26.8
Round1,Q1,2834,1417.0,JAMESON,0.7654,1235.3,20.1,36.4,15.0,1920,1080,0.026,1253.5,27.6
Round1,Q1,2834,1417.0,JAMESON,0.7403,682.8,26.3,39.1,14.6,1920,1080,0.028,702.3,33.6
Round1,Q1,2834,1417.0,JAMESON,0.6572,1901.3,41.1,18.7,17.2,1920,1080,0.015,1910.6,49.7
Round1,Q1,2835,1417.5,JAMESON,0.8694,766.4,8.2,43.1,15.2,1920,1080,0.032,787.9,15.8
Round1,Q1,2835,1417.5,JAMESON,0.8592,1015.1,4.8,41.3,14.0,1920,1080,0.028,1035.8,11.8
Round1,Q1,2835,1417.5,JAMESON,0.8553,1429.0,7.9,45.8,15.0,1920,1080,0.033,1451.9,15.4
Round1,Q1,2835,1417.5,JAMESON,0.8524,598.2,13.3,44.6,15.3,1920,1080,0.033,620.5,20.9
Round1,Q1,2835,1417.5,JAMESON,0.8516,932.2,5.3,42.0,14.2,1920,1080,0.029,953.2,12.4
Round1,Q1,2835,1417.5,JAMESON,0.8465,338.1,24.9,46.4,15.7,1920,1080,0.035,361.3,32.8
Round1,Q1,2835,1417.5,JAMESON,0.846,1789.6,16.5,49.4,16.8,1920,1080,0.04,1814.3,24.9
Round1,Q1,2835,1417.5,JAMESON,0.8455,61.4,41.2,49.2,17.8,1920,1080,0.042,86.0,50.0
Round1,Q1,2835,1417.5,JAMESON,0.8444,513.1,16.1,44.5,15.7,1920,1080,0.034,535.3,23.9
Round1,Q1,2835,1417.5,JAMESON,0.8434,1346.8,6.2,42.5,14.6,1920,1080,0.03,1368.1,13.5
Round1,Q1,2835,1417.5,JAMESON,0.8431,1096.8,4.3,42.5,14.3,1920,1080,0.029,1118.0,11.4
Round1,Q1,2835,1417.5,JAMESON,0.8414,1515.8,9.2,47.5,15.6,1920,1080,0.036,1539.5,17.0
Round1,Q1,2835,1417.5,JAMESON,0.8308,426.9,20.7,45.1,15.4,1920,1080,0.033,449.5,28.4
Round1,Q1,2835,1417.5,JAMESON,0.8293,851.4,6.6,40.6,14.5,1920,1080,0.028,871.7,13.9
Round1,Q1,2835,1417.5,JAMESON,0.8283,1601.5,11.9,50.5,16.0,1920,1080,0.039,1626.7,19.8
Round1,Q1,2835,1417.5,JAMESON,0.8199,1884.2,19.8,35.5,15.6,1920,1080,0.027,1902.0,27.6
Round1,Q1,2835,1417.5,JAMESON,0.8175,156.3,35.4,48.0,16.7,1920,1080,0.039,180.3,43.7
Round1,Q1,2835,1417.5,JAMESON,0.817,1265.2,4.7,40.1,15.1,1920,1080,0.029,1285.2,12.2
Round1,Q1,2835,1417.5,JAMESON,0.8097,1180.7,4.6,41.6,14.5,1920,1080,0.029,1201.5,11.9
Round1,Q1,2835,1417.5,JAMESON,0.7916,1693.9,13.6,48.3,15.9,1920,1080,0.037,1718.0,21.6
Round1,Q1,2835,1417.5,JAMESON,0.7816,248.6,30.0,49.5,17.1,1920,1080,0.041,273.3,38.5
Round1,Q1,2835,1417.5,JAMESON,0.7133,684.7,10.3,38.7,14.9,1920,1080,0.028,704.0,17.7
Round1,Q1,2835,1417.5,JAMESON,0.4472,0.2,45.9,11.8,19.4,1920,1080,0.011,6.1,55.6
Round1,Q1,2836,1418.0,JAMESON,0.8638,1837.3,0.0,52.5,15.7,1920,1080,0.04,1863.6,7.8
Round1,Q1,2836,1418.0,JAMESON,0.8617,494.3,1.0,48.3,15.4,1920,1080,0.036,518.5,8.7
Round1,Q1,2836,1418.0,JAMESON,0.8602,585.4,0.0,46.9,13.3,1920,1080,0.03,608.8,6.6
Round1,Q1,2836,1418.0,JAMESON,0.856,118.8,18.7,50.7,16.9,1920,1080,0.041,144.1,27.1
Round1,Q1,2836,1418.0,JAMESON,0.8491,311.9,8.4,49.3,16.7,1920,1080,0.04,336.5,16.7
Round1,Q1,2836,1418.0,JAMESON,0.8358,1638.6,0.0,52.8,11.7,1920,1080,0.03,1665.0,5.9
Round1,Q1,2836,1418.0,JAMESON,0.8305,17.3,23.8,52.8,18.5,1920,1080,0.047,43.7,33.0
Round1,Q1,2836,1418.0,JAMESON,0.8148,1737.2,0.0,52.7,13.9,1920,1080,0.035,1763.5,6.9
Round1,Q1,2836,1418.0,JAMESON,0.8145,404.9,4.6,47.1,15.8,1920,1080,0.036,428.5,12.5
Round1,Q1,2836,1418.0,JAMESON,0.789,215.6,13.5,53.2,17.4,1920,1080,0.045,242.1,22.2
Round1,Q1,2836,1418.0,JAMESON,0.7884,762.2,0.0,44.4,8.9,1920,1080,0.019,784.4,4.4
Round1,Q1,2836,1418.0,JAMESON,0.7574,1547.7,0.0,46.5,9.4,1920,1080,0.021,1571.0,4.7
Round1,Q1,2836,1418.0,JAMESON,0.6638,1457.2,0.0,46.8,8.1,1920,1080,0.018,1480.6,4.0
Round1,Q1,2836,1418.0,JAMESON,0.6423,677.0,0.0,39.9,10.2,1920,1080,0.02,696.9,5.1
Round1,Q1,2837,1418.5,JAMESON,0.8631,75.2,3.6,53.4,16.7,1920,1080,0.043,101.9,12.0
Round1,Q1,2837,1418.5,JAMESON,0.8398,278.6,0.0,51.4,11.2,1920,1080,0.028,304.3,5.6
Round1,Q1,2837,1418.5,JAMESON,0.8025,180.4,0.0,54.9,16.1,1920,1080,0.043,207.9,8.1
Round1,Q1,2837,1418.5,JAMESON,0.793,0.0,7.9,22.6,17.5,1920,1080,0.019,11.3,16.7
Round1,Q1,2838,1419.0,JAMESON,0.8716,60.3,6.3,54.4,17.3,1920,1080,0.045,87.5,15.0
Round1,Q1,2838,1419.0,JAMESON,0.8599,267.1,0.0,53.6,14.5,1920,1080,0.038,293.9,7.3
Round1,Q1,2838,1419.0,JAMESON,0.8094,167.7,1.9,55.9,17.5,1920,1080,0.047,195.6,10.6
Round1,Q1,2838,1419.0,JAMESON,0.8063,367.1,0.0,47.5,10.7,1920,1080,0.025,390.9,5.3
Round1,Q1,2838,1419.0,JAMESON,0.4659,0.0,9.2,8.4,18.8,1920,1080,0.008,4.2,18.6
Round1,Q1,2839,1419.5,JAMESON,0.854,261.4,1.2,52.8,16.8,1920,1080,0.043,287.8,9.6
Round1,Q1,2839,1419.5,JAMESON,0.8468,51.8,9.7,56.8,18.3,1920,1080,0.05,80.3,18.9
Round1,Q1,2839,1419.5,JAMESON,0.8309,456.4,0.0,50.6,10.7,1920,1080,0.026,481.7,5.4
Round1,Q1,2839,1419.5,JAMESON,0.8188,361.0,0.0,50.5,14.2,1920,1080,0.035,386.2,7.1
Round1,Q1,2839,1419.5,JAMESON,0.8095,160.0,5.8,56.4,17.8,1920,1080,0.048,188.2,14.7
Round1,Q1,2839,1419.5,JAMESON,0.4156,1878.0,0.0,41.7,8.5,1920,1080,0.017,1898.8,4.2
Round1,Q1,2840,1420.0,JAMESON,0.8716,246.5,7.1,53.5,17.1,1920,1080,0.044,273.2,15.6
Round1,Q1,2840,1420.0,JAMESON,0.863,442.0,0.0,50.6,15.7,1920,1080,0.038,467.3,7.8
Round1,Q1,2840,1420.0,JAMESON,0.8596,538.5,0.0,48.4,12.2,1920,1080,0.028,562.7,6.1
Round1,Q1,2840,1420.0,JAMESON,0.8577,37.7,15.3,56.0,18.6,1920,1080,0.05,65.7,24.5
Round1,Q1,2840,1420.0,JAMESON,0.8437,1851.5,0.0,55.6,12.4,1920,1080,0.033,1879.3,6.2
Round1,Q1,2840,1420.0,JAMESON,0.8268,346.8,3.2,49.6,16.3,1920,1080,0.039,371.6,11.3
Round1,Q1,2840,1420.0,JAMESON,0.7741,144.4,11.1,56.4,18.0,1920,1080,0.049,172.6,20.1
Round1,Q1,2840,1420.0,JAMESON,0.7185,1745.6,0.0,51.3,11.0,1920,1080,0.027,1771.3,5.5
Round1,Q1,2840,1420.0,JAMESON,0.7003,634.0,0.0,39.5,9.6,1920,1080,0.018,653.7,4.8
Round1,Q1,2840,1420.0,JAMESON,0.6257,1643.4,0.0,53.5,9.1,1920,1080,0.023,1670.1,4.6
Round1,Q1,2840,1420.0,JAMESON,0.5852,723.4,0.0,46.4,8.0,1920,1080,0.018,746.6,4.0
Round1,Q1,2841,1420.5,JAMESON,0.8682,1427.9,0.0,47.9,13.4,1920,1080,0.031,1451.8,6.7
Round1,Q1,2841,1420.5,JAMESON,0.8679,974.6,0.0,47.2,11.3,1920,1080,0.026,998.2,5.7
Round1,Q1,2841,1420.5,JAMESON,0.8575,1065.7,0.0,45.7,10.8,1920,1080,0.024,1088.5,5.4
Round1,Q1,2841,1420.5,JAMESON,0.8544,1339.2,0.0,43.8,11.9,1920,1080,0.025,1361.1,5.9
Round1,Q1,2841,1420.5,JAMESON,0.8543,1616.3,0.9,52.4,15.9,1920,1080,0.04,1642.5,8.9
Round1,Q1,2841,1420.5,JAMESON,0.852,1253.7,0.0,38.4,11.3,1920,1080,0.021,1272.9,5.7
Round1,Q1,2841,1420.5,JAMESON,0.8519,425.4,7.5,50.8,16.8,1920,1080,0.041,450.8,16.0
Round1,Q1,2841,1420.5,JAMESON,0.8505,231.3,14.8,53.5,17.9,1920,1080,0.046,258.1,23.8
Round1,Q1,2841,1420.5,JAMESON,0.8496,705.8,0.4,47.3,15.2,1920,1080,0.035,729.4,8.0
Round1,Q1,2841,1420.5,JAMESON,0.8488,23.2,24.7,55.8,17.5,1920,1080,0.047,51.1,33.4
Round1,Q1,2841,1420.5,JAMESON,0.8471,521.5,3.8,48.6,16.7,1920,1080,0.039,545.7,12.2
Round1,Q1,2841,1420.5,JAMESON,0.8458,885.9,0.0,46.0,12.0,1920,1080,0.027,908.9,6.0
Round1,Q1,2841,1420.5,JAMESON,0.8424,1820.9,3.9,53.0,17.4,1920,1080,0.044,1847.4,12.6
Round1,Q1,2841,1420.5,JAMESON,0.8289,1520.4,0.0,52.3,14.8,1920,1080,0.037,1546.5,7.4
Round1,Q1,2841,1420.5,JAMESON,0.8248,797.1,0.0,45.9,13.7,1920,1080,0.03,820.0,6.8
Round1,Q1,2841,1420.5,JAMESON,0.8027,1164.4,0.0,36.7,10.9,1920,1080,0.019,1182.8,5.5
Round1,Q1,2841,1420.5,JAMESON,0.8027,330.2,11.3,50.8,16.8,1920,1080,0.041,355.6,19.7
Round1,Q1,2841,1420.5,JAMESON,0.7997,1715.6,2.2,54.3,16.3,1920,1080,0.043,1742.8,10.3
Round1,Q1,2841,1420.5,JAMESON,0.7891,130.9,19.5,56.5,18.9,1920,1080,0.052,159.2,29.0
Round1,Q1,2841,1420.5,JAMESON,0.7365,614.2,2.3,46.8,15.1,1920,1080,0.034,637.6,9.8
Round1,Q1,2842,1421.0,JAMESON,0.8581,1403.2,5.5,49.5,16.1,1920,1080,0.039,1428.0,13.5
Round1,Q1,2842,1421.0,JAMESON,0.857,954.8,3.9,46.8,15.5,1920,1080,0.035,978.2,11.7
Round1,Q1,2842,1421.0,JAMESON,0.8462,1495.7,6.5,51.5,16.6,1920,1080,0.041,1521.5,14.8
Round1,Q1,2842,1421.0,JAMESON,0.8454,1314.4,4.0,46.5,16.4,1920,1080,0.037,1337.6,12.2
Round1,Q1,2842,1421.0,JAMESON,0.8427,406.6,15.7,50.7,17.2,1920,1080,0.042,431.9,24.4
Round1,Q1,2842,1421.0,JAMESON,0.8362,1791.7,11.8,55.2,18.3,1920,1080,0.049,1819.3,21.0
Round1,Q1,2842,1421.0,JAMESON,0.8338,1043.9,3.4,48.0,15.8,1920,1080,0.037,1067.9,11.3
Round1,Q1,2842,1421.0,JAMESON,0.8334,1134.8,3.9,45.9,15.1,1920,1080,0.033,1157.7,11.4
Round1,Q1,2842,1421.0,JAMESON,0.8322,1588.8,8.1,55.3,17.4,1920,1080,0.046,1616.4,16.8
Round1,Q1,2842,1421.0,JAMESON,0.8302,685.6,8.2,47.5,16.3,1920,1080,0.037,709.3,16.3
Round1,Q1,2842,1421.0,JAMESON,0.8296,500.2,12.8,51.5,16.7,1920,1080,0.042,525.9,21.1
Round1,Q1,2842,1421.0,JAMESON,0.8283,212.0,24.0,53.2,17.5,1920,1080,0.045,238.6,32.7
Round1,Q1,2842,1421.0,JAMESON,0.8237,3.3,32.3,57.2,19.6,1920,1080,0.054,31.9,42.1
Round1,Q1,2842,1421.0,JAMESON,0.8217,777.5,6.1,44.9,15.9,1920,1080,0.034,799.9,14.1
Round1,Q1,2842,1421.0,JAMESON,0.8203,1228.4,3.8,43.4,15.7,1920,1080,0.033,1250.1,11.7
Round1,Q1,2842,1421.0,JAMESON,0.8197,865.2,4.3,47.3,16.1,1920,1080,0.037,888.8,12.3
Round1,Q1,2842,1421.0,JAMESON,0.8081,311.4,19.5,51.5,17.6,1920,1080,0.044,337.2,28.3
Round1,Q1,2842,1421.0,JAMESON,0.7871,109.2,28.0,57.8,18.9,1920,1080,0.053,138.1,37.5
Round1,Q1,2842,1421.0,JAMESON,0.7722,1689.6,9.2,52.6,18.2,1920,1080,0.046,1715.9,18.3
Round1,Q1,2842,1421.0,JAMESON,0.77,1894.6,14.3,25.4,17.0,1920,1080,0.021,1907.3,22.8
Round1,Q1,2842,1421.0,JAMESON,0.7508,594.3,10.0,47.1,16.5,1920,1080,0.038,617.9,18.3
Round1,Q1,2843,1421.5,JAMESON,0.8477,937.5,12.9,48.9,16.5,1920,1080,0.039,961.9,21.2
Round1,Q1,2843,1421.5,JAMESON,0.8472,669.4,17.8,48.7,16.7,1920,1080,0.039,693.8,26.2
Round1,Q1,2843,1421.5,JAMESON,0.8458,1570.9,17.5,57.1,18.1,1920,1080,0.05,1599.4,26.6
Round1,Q1,2843,1421.5,JAMESON,0.8436,1295.3,13.2,49.4,16.6,1920,1080,0.04,1320.0,21.5
Round1,Q1,2843,1421.5,JAMESON,0.8436,390.4,26.0,50.4,16.8,1920,1080,0.041,415.6,34.4
Round1,Q1,2843,1421.5,JAMESON,0.8393,1386.3,13.8,51.2,17.6,1920,1080,0.044,1411.9,22.6
Round1,Q1,2843,1421.5,JAMESON,0.8364,1026.5,13.0,49.0,15.8,1920,1080,0.037,1051.0,20.9
Round1,Q1,2843,1421.5,JAMESON,0.836,484.4,22.3,51.1,17.5,1920,1080,0.043,510.0,31.1
Round1,Q1,2843,1421.5,JAMESON,0.8334,1773.1,21.2,53.8,18.7,1920,1080,0.049,1800.0,30.6
Round1,Q1,2843,1421.5,JAMESON,0.8312,0.1,42.2,41.6,20.3,1920,1080,0.041,20.9,52.3
Round1,Q1,2843,1421.5,JAMESON,0.8265,193.3,33.3,55.8,19.1,1920,1080,0.051,221.3,42.8
Round1,Q1,2843,1421.5,JAMESON,0.8181,848.8,14.2,48.8,15.8,1920,1080,0.037,873.2,22.2
Round1,Q1,2843,1421.5,JAMESON,0.8121,293.7,29.6,53.5,17.7,1920,1080,0.046,320.4,38.5
Round1,Q1,2843,1421.5,JAMESON,0.8116,1117.3,12.3,46.7,16.5,1920,1080,0.037,1140.6,20.6
Round1,Q1,2843,1421.5,JAMESON,0.8091,1209.1,12.9,46.5,16.7,1920,1080,0.037,1232.3,21.2
Round1,Q1,2843,1421.5,JAMESON,0.8072,1875.1,24.0,44.8,18.0,1920,1080,0.039,1897.5,33.1
Round1,Q1,2843,1421.5,JAMESON,0.8034,1670.7,19.2,53.4,18.5,1920,1080,0.048,1697.5,28.5
Round1,Q1,2843,1421.5,JAMESON,0.7965,90.6,38.5,56.6,18.3,1920,1080,0.05,118.9,47.7
Round1,Q1,2843,1421.5,JAMESON,0.7827,1479.1,15.2,53.7,17.0,1920,1080,0.044,1506.0,23.7
Round1,Q1,2843,1421.5,JAMESON,0.7721,577.3,19.7,48.5,17.1,1920,1080,0.04,601.6,28.2
Round1,Q1,2843,1421.5,JAMESON,0.7701,759.8,15.2,47.9,16.9,1920,1080,0.039,783.8,23.7
Round1,Q1,2844,1422.0,JAMESON,0.867,832.2,17.6,48.8,16.6,1920,1080,0.039,856.6,25.9
Round1,Q1,2844,1422.0,JAMESON,0.8565,1380.8,17.3,50.5,17.2,1920,1080,0.042,1406.0,25.9
Round1,Q1,2844,1422.0,JAMESON,0.8415,362.4,29.3,51.7,18.0,1920,1080,0.045,388.3,38.3
Round1,Q1,2844,1422.0,JAMESON,0.8412,1774.5,24.0,55.1,18.0,1920,1080,0.048,1802.0,33.0
Round1,Q1,2844,1422.0,JAMESON,0.8383,923.1,15.8,48.7,17.1,1920,1080,0.04,947.4,24.4
Round1,Q1,2844,1422.0,JAMESON,0.8346,1014.9,15.9,48.6,16.3,1920,1080,0.038,1039.2,24.0
Round1,Q1,2844,1422.0,JAMESON,0.832,1289.1,15.6,48.0,17.9,1920,1080,0.041,1313.1,24.6
Round1,Q1,2844,1422.0,JAMESON,0.8281,1570.1,20.7,54.8,18.2,1920,1080,0.048,1597.5,29.8
Round1,Q1,2844,1422.0,JAMESON,0.8261,161.3,36.9,55.3,18.2,1920,1080,0.049,189.0,46.0
Round1,Q1,2844,1422.0,JAMESON,0.8248,460.3,26.0,51.4,17.2,1920,1080,0.043,486.0,34.6
Round1,Q1,2844,1422.0,JAMESON,0.821,52.0,40.7,60.6,20.3,1920,1080,0.059,82.3,50.9
Round1,Q1,2844,1422.0,JAMESON,0.8206,649.1,20.6,49.2,18.0,1920,1080,0.043,673.7,29.6
Round1,Q1,2844,1422.0,JAMESON,0.8196,1474.2,18.7,54.8,17.0,1920,1080,0.045,1501.6,27.2
Round1,Q1,2844,1422.0,JAMESON,0.8162,1200.0,15.0,45.7,17.8,1920,1080,0.039,1222.9,23.9
Round1,Q1,2844,1422.0,JAMESON,0.8049,740.4,18.8,49.3,17.2,1920,1080,0.041,765.0,27.4
Round1,Q1,2844,1422.0,JAMESON,0.8028,1107.2,15.1,47.4,17.1,1920,1080,0.039,1130.9,23.7
Round1,Q1,2844,1422.0,JAMESON,0.7904,1879.8,25.7,40.1,18.2,1920,1080,0.035,1899.8,34.8
Round1,Q1,2844,1422.0,JAMESON,0.769,263.5,32.5,53.5,18.8,1920,1080,0.049,290.3,41.9
Round1,Q1,2844,1422.0,JAMESON,0.7603,1669.6,21.7,55.3,18.6,1920,1080,0.05,1697.2,31.0
Round1,Q1,2844,1422.0,JAMESON,0.7221,554.7,23.2,48.6,17.1,1920,1080,0.04,578.9,31.7
Round1,Q1,2845,1422.5,JAMESON,0.8581,1003.3,18.3,49.8,16.3,1920,1080,0.039,1028.2,26.5
Round1,Q1,2845,1422.5,JAMESON,0.8575,816.8,19.5,50.0,16.9,1920,1080,0.041,841.8,28.0
Round1,Q1,2845,1422.5,JAMESON,0.8523,910.6,18.6,49.2,16.7,1920,1080,0.04,935.2,27.0
Round1,Q1,2845,1422.5,JAMESON,0.851,126.1,38.6,56.8,18.9,1920,1080,0.052,154.5,48.1
Round1,Q1,2845,1422.5,JAMESON,0.8495,1379.3,19.2,50.2,16.7,1920,1080,0.04,1404.4,27.6
Round1,Q1,2845,1422.5,JAMESON,0.8494,1288.0,18.3,46.5,17.1,1920,1080,0.038,1311.2,26.9
Round1,Q1,2845,1422.5,JAMESON,0.847,1782.7,25.2,56.3,18.1,1920,1080,0.049,1810.9,34.3
Round1,Q1,2845,1422.5,JAMESON,0.8428,335.2,31.0,52.8,18.4,1920,1080,0.047,361.7,40.2
Round1,Q1,2845,1422.5,JAMESON,0.8391,628.2,22.9,51.0,17.6,1920,1080,0.043,653.7,31.7
Round1,Q1,2845,1422.5,JAMESON,0.8382,1572.0,21.5,57.3,18.6,1920,1080,0.051,1600.7,30.8
Round1,Q1,2845,1422.5,JAMESON,0.8327,434.2,27.6,52.8,18.4,1920,1080,0.047,460.7,36.7
Round1,Q1,2845,1422.5,JAMESON,0.8308,1101.5,17.8,44.2,16.0,1920,1080,0.034,1123.6,25.8
Round1,Q1,2845,1422.5,JAMESON,0.8129,1474.3,20.2,56.2,17.5,1920,1080,0.048,1502.4,29.0
Round1,Q1,2845,1422.5,JAMESON,0.7965,724.5,21.0,49.4,17.4,1920,1080,0.041,749.2,29.7
Round1,Q1,2845,1422.5,JAMESON,0.7808,232.2,34.8,54.9,18.5,1920,1080,0.049,259.6,44.0
Round1,Q1,2845,1422.5,JAMESON,0.7742,1676.4,23.5,53.5,18.0,1920,1080,0.046,1703.1,32.5
Round1,Q1,2845,1422.5,JAMESON,0.7707,534.2,25.4,50.2,16.6,1920,1080,0.04,559.3,33.8
Round1,Q1,2845,1422.5,JAMESON,0.7661,1890.3,26.3,29.5,19.3,1920,1080,0.027,1905.0,36.0
Round1,Q1,2845,1422.5,JAMESON,0.7626,15.6,43.0,58.1,19.8,1920,1080,0.055,44.6,52.8
Round1,Q1,2845,1422.5,JAMESON,0.7534,1193.5,17.5,46.7,17.3,1920,1080,0.039,1216.9,26.2
Round1,Q1,2846,1423.0,JAMESON,0.8589,1378.4,19.2,52.4,17.4,1920,1080,0.044,1404.6,27.9
Round1,Q1,2846,1423.0,JAMESON,0.8536,992.3,18.8,51.5,16.8,1920,1080,0.042,1018.1,27.2
Round1,Q1,2846,1423.0,JAMESON,0.8512,897.1,19.3,51.1,16.7,1920,1080,0.041,922.6,27.6
Round1,Q1,2846,1423.0,JAMESON,0.8428,1576.4,21.6,58.5,19.3,1920,1080,0.054,1605.7,31.3
Round1,Q1,2846,1423.0,JAMESON,0.8404,406.1,28.2,55.1,18.7,1920,1080,0.05,433.7,37.6
Round1,Q1,2846,1423.0,JAMESON,0.839,85.6,38.5,61.6,19.6,1920,1080,0.058,116.4,48.3
Round1,Q1,2846,1423.0,JAMESON,0.8375,801.8,20.1,50.7,17.7,1920,1080,0.043,827.2,29.0
Round1,Q1,2846,1423.0,JAMESON,0.8369,1793.9,24.8,58.8,18.6,1920,1080,0.053,1823.3,34.1
Round1,Q1,2846,1423.0,JAMESON,0.8342,1282.5,18.7,50.4,17.2,1920,1080,0.042,1307.7,27.3
Round1,Q1,2846,1423.0,JAMESON,0.8245,1093.3,18.2,45.4,16.6,1920,1080,0.036,1116.1,26.5
Round1,Q1,2846,1423.0,JAMESON,0.8172,607.1,23.8,51.9,17.8,1920,1080,0.044,633.1,32.7
Round1,Q1,2846,1423.0,JAMESON,0.8162,302.7,31.3,56.0,19.1,1920,1080,0.052,330.7,40.9
Round1,Q1,2846,1423.0,JAMESON,0.8021,1188.2,17.6,47.4,17.9,1920,1080,0.041,1211.8,26.6
Round1,Q1,2846,1423.0,JAMESON,0.7993,706.5,21.6,49.9,18.0,1920,1080,0.043,731.5,30.6
Round1,Q1,2846,1423.0,JAMESON,0.787,197.2,35.1,57.7,18.8,1920,1080,0.052,226.1,44.5
Round1,Q1,2846,1423.0,JAMESON,0.7799,1478.0,20.1,56.6,18.1,1920,1080,0.049,1506.3,29.1
Round1,Q1,2846,1423.0,JAMESON,0.7735,1682.6,22.8,60.2,19.3,1920,1080,0.056,1712.7,32.5
Round1,Q1,2846,1423.0,JAMESON,0.7683,509.3,25.6,50.6,17.9,1920,1080,0.044,534.6,34.5
Round1,Q1,2846,1423.0,JAMESON,0.6965,0.0,41.7,39.0,21.7,1920,1080,0.041,19.5,52.6
Round1,Q1,2846,1423.0,JAMESON,0.6883,1902.1,26.7,17.9,20.5,1920,1080,0.018,1911.0,36.9
Round1,Q1,2847,1423.5,JAMESON,0.8734,888.6,17.4,51.9,17.5,1920,1080,0.044,914.5,26.2
Round1,Q1,2847,1423.5,JAMESON,0.8691,985.4,16.8,52.2,17.2,1920,1080,0.043,1011.6,25.4
Round1,Q1,2847,1423.5,JAMESON,0.8657,1379.0,17.7,53.2,17.7,1920,1080,0.045,1405.6,26.5
Round1,Q1,2847,1423.5,JAMESON,0.8597,791.3,18.8,51.0,17.1,1920,1080,0.042,816.8,27.4
Round1,Q1,2847,1423.5,JAMESON,0.853,1802.9,22.3,59.4,18.9,1920,1080,0.054,1832.6,31.7
Round1,Q1,2847,1423.5,JAMESON,0.8453,57.7,36.6,60.7,19.5,1920,1080,0.057,88.1,46.4
Round1,Q1,2847,1423.5,JAMESON,0.842,386.4,26.5,56.2,18.9,1920,1080,0.051,414.5,36.0
Round1,Q1,2847,1423.5,JAMESON,0.842,1581.8,19.7,60.1,18.8,1920,1080,0.055,1611.9,29.1
Round1,Q1,2847,1423.5,JAMESON,0.8411,281.2,30.1,55.9,18.6,1920,1080,0.05,309.2,39.4
Round1,Q1,2847,1423.5,JAMESON,0.8366,1280.9,16.6,51.2,17.7,1920,1080,0.044,1306.5,25.4
Round1,Q1,2847,1423.5,JAMESON,0.8225,592.6,22.1,52.7,18.4,1920,1080,0.047,619.0,31.3
Round1,Q1,2847,1423.5,JAMESON,0.8172,1088.2,15.9,47.2,17.2,1920,1080,0.039,1111.8,24.5
Round1,Q1,2847,1423.5,JAMESON,0.812,1480.8,18.5,54.9,17.9,1920,1080,0.047,1508.2,27.5
Round1,Q1,2847,1423.5,JAMESON,0.8034,1186.8,15.6,46.5,18.1,1920,1080,0.041,1210.1,24.7
Round1,Q1,2847,1423.5,JAMESON,0.7884,171.3,32.6,59.5,19.9,1920,1080,0.057,201.0,42.5
Round1,Q1,2847,1423.5,JAMESON,0.7823,1692.1,20.6,57.6,19.2,1920,1080,0.053,1720.9,30.2
Round1,Q1,2847,1423.5,JAMESON,0.7804,693.2,20.2,51.5,17.9,1920,1080,0.044,719.0,29.1
Round1,Q1,2847,1423.5,JAMESON,0.7545,491.7,24.2,49.2,17.5,1920,1080,0.041,516.3,32.9
Round1,Q1,2847,1423.5,JAMESON,0.3654,0.1,40.3,10.5,25.0,1920,1080,0.013,5.4,52.8
Round1,Q1,2848,1424.0,JAMESON,0.8649,1819.8,14.4,59.5,18.9,1920,1080,0.054,1849.5,23.9
Round1,Q1,2848,1424.0,JAMESON,0.8543,369.6,19.6,55.8,19.2,1920,1080,0.052,397.4,29.2
Round1,Q1,2848,1424.0,JAMESON,0.8504,983.1,9.8,52.7,17.7,1920,1080,0.045,1009.5,18.7
Round1,Q1,2848,1424.0,JAMESON,0.8486,782.2,11.9,51.9,17.5,1920,1080,0.044,808.1,20.6
Round1,Q1,2848,1424.0,JAMESON,0.8462,882.7,10.5,52.2,17.3,1920,1080,0.044,908.8,19.1
Round1,Q1,2848,1424.0,JAMESON,0.846,579.7,14.8,53.9,19.1,1920,1080,0.05,606.6,24.3
Round1,Q1,2848,1424.0,JAMESON,0.8458,30.0,28.6,60.6,20.4,1920,1080,0.06,60.3,38.8
Round1,Q1,2848,1424.0,JAMESON,0.8403,1284.8,9.5,51.3,18.1,1920,1080,0.045,1310.5,18.6
Round1,Q1,2848,1424.0,JAMESON,0.8375,1385.1,10.1,53.0,17.9,1920,1080,0.046,1411.6,19.0
Round1,Q1,2848,1424.0,JAMESON,0.8321,259.9,23.2,57.7,18.1,1920,1080,0.05,288.7,32.3
Round1,Q1,2848,1424.0,JAMESON,0.832,477.4,17.5,50.0,17.7,1920,1080,0.043,502.4,26.3
Round1,Q1,2848,1424.0,JAMESON,0.8263,1592.2,12.6,61.3,19.0,1920,1080,0.056,1622.9,22.1
Round1,Q1,2848,1424.0,JAMESON,0.8129,1488.3,11.0,56.2,18.3,1920,1080,0.049,1516.4,20.1
Round1,Q1,2848,1424.0,JAMESON,0.8117,683.1,13.3,51.8,17.6,1920,1080,0.044,709.0,22.1
Round1,Q1,2848,1424.0,JAMESON,0.8038,148.1,25.5,58.0,19.4,1920,1080,0.054,177.1,35.2
Round1,Q1,2848,1424.0,JAMESON,0.776,1704.3,13.0,59.9,19.8,1920,1080,0.057,1734.2,22.9
Round1,Q1,2848,1424.0,JAMESON,0.7626,1082.5,9.0,52.3,18.3,1920,1080,0.046,1108.7,18.1
Round1,Q1,2848,1424.0,JAMESON,0.7292,1184.9,8.4,50.7,19.0,1920,1080,0.046,1210.2,17.8
Round1,Q1,2849,1424.5,JAMESON,0.8601,1399.5,0.0,53.3,15.4,1920,1080,0.04,1426.1,7.7
Round1,Q1,2849,1424.5,JAMESON,0.8591,888.8,0.0,51.6,15.1,1920,1080,0.037,914.6,7.5
Round1,Q1,2849,1424.5,JAMESON,0.8576,21.1,15.4,62.3,19.9,1920,1080,0.06,52.3,25.3
Round1,Q1,2849,1424.5,JAMESON,0.8549,367.5,7.6,55.0,17.6,1920,1080,0.047,394.9,16.4
Round1,Q1,2849,1424.5,JAMESON,0.8543,1611.5,0.5,59.2,17.2,1920,1080,0.049,1641.1,9.0
Round1,Q1,2849,1424.5,JAMESON,0.8522,989.8,0.0,52.9,14.7,1920,1080,0.038,1016.3,7.4
Round1,Q1,2849,1424.5,JAMESON,0.8516,255.1,9.8,57.6,18.7,1920,1080,0.052,283.9,19.1
Round1,Q1,2849,1424.5,JAMESON,0.8467,1843.6,1.6,61.6,18.0,1920,1080,0.054,1874.5,10.6
Round1,Q1,2849,1424.5,JAMESON,0.8459,580.8,3.8,53.2,16.5,1920,1080,0.042,607.4,12.0
Round1,Q1,2849,1424.5,JAMESON,0.8393,786.7,0.4,52.2,15.9,1920,1080,0.04,812.8,8.3
Round1,Q1,2849,1424.5,JAMESON,0.8321,1298.8,0.0,49.8,14.5,1920,1080,0.035,1323.7,7.2
Round1,Q1,2849,1424.5,JAMESON,0.8164,1504.4,0.0,55.9,15.6,1920,1080,0.042,1532.3,7.8
Round1,Q1,2849,1424.5,JAMESON,0.8135,141.4,12.6,57.8,18.9,1920,1080,0.053,170.3,22.1
Round1,Q1,2849,1424.5,JAMESON,0.8056,477.4,5.3,50.0,16.7,1920,1080,0.04,502.4,13.7
Round1,Q1,2849,1424.5,JAMESON,0.7859,1726.2,0.9,56.5,17.5,1920,1080,0.048,1754.5,9.6
Round1,Q1,2849,1424.5,JAMESON,0.7841,1092.9,0.0,50.6,14.0,1920,1080,0.034,1118.2,7.0
Round1,Q1,2849,1424.5,JAMESON,0.7789,686.9,1.2,50.9,16.2,1920,1080,0.04,712.4,9.3
Round1,Q1,2849,1424.5,JAMESON,0.7389,1201.5,0.0,44.7,13.9,1920,1080,0.03,1223.8,7.0
Round1,Q1,2850,1425.0,JAMESON,0.8582,47.7,8.6,62.0,19.6,1920,1080,0.059,78.7,18.4
Round1,Q1,2850,1425.0,JAMESON,0.8582,280.0,3.9,57.0,17.3,1920,1080,0.048,308.5,12.6
Round1,Q1,2850,1425.0,JAMESON,0.8576,390.7,1.0,54.7,17.0,1920,1080,0.045,418.0,9.5
Round1,Q1,2850,1425.0,JAMESON,0.8401,603.1,0.0,52.7,13.8,1920,1080,0.035,629.5,6.9
Round1,Q1,2850,1425.0,JAMESON,0.8281,167.9,6.0,58.6,18.6,1920,1080,0.053,197.2,15.3
Round1,Q1,2850,1425.0,JAMESON,0.8216,1864.0,0.0,55.5,13.9,1920,1080,0.037,1891.7,6.9
Round1,Q1,2850,1425.0,JAMESON,0.7841,808.3,0.0,50.2,10.3,1920,1080,0.025,833.4,5.1
Round1,Q1,2850,1425.0,JAMESON,0.7589,707.4,0.0,50.1,11.8,1920,1080,0.028,732.5,5.9
Round1,Q1,2850,1425.0,JAMESON,0.7576,1631.3,0.0,58.5,11.1,1920,1080,0.031,1660.5,5.5
Round1,Q1,2850,1425.0,JAMESON,0.7264,1523.9,0.0,53.7,10.4,1920,1080,0.027,1550.7,5.2
Round1,Q1,2850,1425.0,JAMESON,0.7042,909.0,0.0,50.1,8.8,1920,1080,0.021,934.1,4.4
Round1,Q1,2850,1425.0,JAMESON,0.6834,499.3,0.0,48.8,15.5,1920,1080,0.037,523.7,7.8
Round1,Q1,2850,1425.0,JAMESON,0.676,1745.5,0.0,54.0,11.7,1920,1080,0.03,1772.5,5.8
Round1,Q1,2850,1425.0,JAMESON,0.6246,1697.1,0.1,39.6,12.2,1920,1080,0.023,1716.9,6.2
Round1,Q1,2850,1425.0,JAMESON,0.596,1807.7,0.0,52.2,13.2,1920,1080,0.033,1833.8,6.6
Round1,Q1,2850,1425.0,JAMESON,0.5874,1418.7,0.0,51.6,8.7,1920,1080,0.022,1444.5,4.4
Round1,Q1,2850,1425.0,JAMESON,0.5523,1009.8,0.0,51.5,8.4,1920,1080,0.021,1035.6,4.2
Round1,Q1,2850,1425.0,JAMESON,0.5163,1478.3,0.2,38.9,10.4,1920,1080,0.02,1497.7,5.4
Round1,Q1,2850,1425.0,JAMESON,0.4497,1325.3,0.0,41.4,8.3,1920,1080,0.017,1345.9,4.2
Round1,Q1,2851,1425.5,JAMESON,0.8615,320.8,0.0,55.1,14.1,1920,1080,0.038,348.3,7.1
Round1,Q1,2851,1425.5,JAMESON,0.8526,96.4,2.4,58.2,18.0,1920,1080,0.051,125.5,11.4
Round1,Q1,2851,1425.5,JAMESON,0.833,429.2,0.0,52.6,10.9,1920,1080,0.028,455.5,5.5
Round1,Q1,2851,1425.5,JAMESON,0.8004,212.5,0.0,54.1,16.9,1920,1080,0.044,239.6,8.5
Round1,Q1,2851,1425.5,JAMESON,0.752,0.0,5.3,42.5,19.8,1920,1080,0.041,21.3,15.2
Round1,Q1,2851,1425.5,JAMESON,0.3645,537.2,0.0,40.0,8.1,1920,1080,0.016,557.2,4.1
Round1,Q1,2851,1425.5,JAMESON,0.3248,157.7,0.0,53.8,19.6,1920,1080,0.051,184.6,9.8
Round1,Q1,2852,1426.0,JAMESON,0.7571,44.7,0.0,58.3,12.8,1920,1080,0.036,73.8,6.4
Round1,Q1,2852,1426.0,JAMESON,0.5125,155.8,0.0,57.1,8.7,1920,1080,0.024,184.3,4.4
Round1,Q1,2855,1427.5,JAMESON,0.8046,0.1,0.1,39.7,11.7,1920,1080,0.023,20.0,6.0
Round1,Q1,2856,1428.0,JAMESON,0.8554,146.3,5.6,48.6,16.2,1920,1080,0.038,170.6,13.7
Round1,Q1,2856,1428.0,JAMESON,0.8524,335.5,0.0,46.9,11.6,1920,1080,0.026,359.0,5.8
Round1,Q1,2856,1428.0,JAMESON,0.828,47.9,9.5,50.5,18.9,1920,1080,0.046,73.1,19.0
Round1,Q1,2856,1428.0,JAMESON,0.7993,243.5,0.7,50.9,16.4,1920,1080,0.04,269.0,8.9
Round1,Q1,2856,1428.0,JAMESON,0.3692,428.9,0.0,41.8,7.4,1920,1080,0.015,449.8,3.7
Round1,Q1,2857,1428.5,JAMESON,0.8625,1066.7,1.7,40.8,13.6,1920,1080,0.027,1087.1,8.5
Round1,Q1,2857,1428.5,JAMESON,0.8518,585.3,9.8,41.8,15.2,1920,1080,0.031,606.2,17.4
Round1,Q1,2857,1428.5,JAMESON,0.851,1307.2,3.6,40.8,14.1,1920,1080,0.028,1327.6,10.6
Round1,Q1,2857,1428.5,JAMESON,0.8496,985.6,2.1,41.4,13.5,1920,1080,0.027,1006.3,8.8
Round1,Q1,2857,1428.5,JAMESON,0.8446,501.7,13.9,43.3,15.1,1920,1080,0.032,523.3,21.4
Round1,Q1,2857,1428.5,JAMESON,0.8412,1818.1,18.1,48.3,16.9,1920,1080,0.039,1842.2,26.6
Round1,Q1,2857,1428.5,JAMESON,0.837,1231.6,3.0,35.5,12.7,1920,1080,0.022,1249.3,9.4
Round1,Q1,2857,1428.5,JAMESON,0.8342,66.8,39.2,46.7,17.3,1920,1080,0.039,90.1,47.9
Round1,Q1,2857,1428.5,JAMESON,0.833,907.3,2.7,40.2,13.4,1920,1080,0.026,927.4,9.4
Round1,Q1,2857,1428.5,JAMESON,0.8305,332.7,22.7,44.8,16.1,1920,1080,0.035,355.1,30.8
Round1,Q1,2857,1428.5,JAMESON,0.8278,157.5,33.0,45.8,17.0,1920,1080,0.038,180.4,41.5
Round1,Q1,2857,1428.5,JAMESON,0.8235,747.7,5.1,41.0,14.2,1920,1080,0.028,768.1,12.2
Round1,Q1,2857,1428.5,JAMESON,0.8233,1387.8,5.2,42.0,13.9,1920,1080,0.028,1408.9,12.2
Round1,Q1,2857,1428.5,JAMESON,0.8184,1468.9,6.9,42.2,14.5,1920,1080,0.03,1490.0,14.2
Round1,Q1,2857,1428.5,JAMESON,0.8154,828.0,3.7,40.8,14.1,1920,1080,0.028,848.4,10.8
Round1,Q1,2857,1428.5,JAMESON,0.8148,1552.5,9.2,46.4,15.6,1920,1080,0.035,1575.7,17.0
Round1,Q1,2857,1428.5,JAMESON,0.812,1729.4,14.4,45.8,16.8,1920,1080,0.037,1752.3,22.8
Round1,Q1,2857,1428.5,JAMESON,0.8107,1148.3,2.2,38.8,13.2,1920,1080,0.025,1167.7,8.8
Round1,Q1,2857,1428.5,JAMESON,0.7973,418.7,17.4,43.3,16.1,1920,1080,0.034,440.4,25.5
Round1,Q1,2857,1428.5,JAMESON,0.7858,246.4,27.8,48.0,16.5,1920,1080,0.038,270.4,36.0
Round1,Q1,2857,1428.5,JAMESON,0.7454,667.4,7.9,38.7,13.9,1920,1080,0.026,686.8,14.9
Round1,Q1,2857,1428.5,JAMESON,0.7406,1638.4,11.9,46.9,15.7,1920,1080,0.036,1661.8,19.7
Round1,Q1,2857,1428.5,JAMESON,0.6612,0.0,45.5,18.9,17.5,1920,1080,0.016,9.5,54.3
Round1,Q1,2858,1429.0,JAMESON,0.8408,165.4,68.3,42.6,15.5,1920,1080,0.032,186.7,76.0
Round1,Q1,2858,1429.0,JAMESON,0.8384,485.1,46.0,40.4,15.0,1920,1080,0.029,505.3,53.5
Round1,Q1,2858,1429.0,JAMESON,0.8355,1011.1,31.9,39.1,13.4,1920,1080,0.025,1030.7,38.6
Round1,Q1,2858,1429.0,JAMESON,0.8325,936.2,32.0,39.5,14.1,1920,1080,0.027,956.0,39.0
Round1,Q1,2858,1429.0,JAMESON,0.8253,327.2,55.9,42.0,15.1,1920,1080,0.031,348.2,63.4
Round1,Q1,2858,1429.0,JAMESON,0.8239,561.6,42.4,40.5,14.4,1920,1080,0.028,581.8,49.6
Round1,Q1,2858,1429.0,JAMESON,0.822,81.4,75.0,44.1,16.1,1920,1080,0.034,103.4,83.1
Round1,Q1,2858,1429.0,JAMESON,0.8214,862.7,33.0,38.6,14.0,1920,1080,0.026,882.0,40.1
Round1,Q1,2858,1429.0,JAMESON,0.8192,1784.1,54.7,42.9,15.6,1920,1080,0.032,1805.5,62.5
Round1,Q1,2858,1429.0,JAMESON,0.8144,714.2,37.0,38.9,14.1,1920,1080,0.026,733.6,44.0
Round1,Q1,2858,1429.0,JAMESON,0.8091,1866.8,59.0,48.2,17.2,1920,1080,0.04,1890.9,67.6
Round1,Q1,2858,1429.0,JAMESON,0.809,407.3,50.8,40.7,15.0,1920,1080,0.03,427.6,58.3
Round1,Q1,2858,1429.0,JAMESON,0.8034,1621.3,46.0,42.0,15.6,1920,1080,0.032,1642.3,53.8
Round1,Q1,2858,1429.0,JAMESON,0.8011,1699.3,49.9,44.8,15.9,1920,1080,0.034,1721.7,57.9
Round1,Q1,2858,1429.0,JAMESON,0.7877,1234.8,33.1,38.4,14.3,1920,1080,0.027,1254.0,40.3
Round1,Q1,2858,1429.0,JAMESON,0.7866,1309.0,34.1,39.1,14.5,1920,1080,0.027,1328.5,41.3
Round1,Q1,2858,1429.0,JAMESON,0.7851,1088.4,31.3,35.8,14.3,1920,1080,0.025,1106.3,38.5
Round1,Q1,2858,1429.0,JAMESON,0.7833,1163.1,31.7,35.2,13.9,1920,1080,0.024,1180.7,38.7
Round1,Q1,2858,1429.0,JAMESON,0.7817,247.5,61.9,44.0,15.3,1920,1080,0.032,269.5,69.6
Round1,Q1,2858,1429.0,JAMESON,0.7611,1383.5,36.7,40.6,15.1,1920,1080,0.03,1403.8,44.3
Round1,Q1,2858,1429.0,JAMESON,0.7467,790.1,33.7,37.3,15.0,1920,1080,0.027,808.7,41.2
Round1,Q1,2858,1429.0,JAMESON,0.7403,1459.5,39.3,43.0,15.9,1920,1080,0.033,1481.0,47.3
Round1,Q1,2858,1429.0,JAMESON,0.7313,1537.9,42.6,43.9,15.4,1920,1080,0.033,1559.8,50.3
Round1,Q1,2858,1429.0,JAMESON,0.7204,0.0,82.0,39.0,17.7,1920,1080,0.033,19.5,90.9
Round1,Q1,2858,1429.0,JAMESON,0.7044,640.2,39.1,37.0,14.2,1920,1080,0.025,658.7,46.2
Round1,Q1,2859,1429.5,JAMESON,0.8394,197.6,102.3,38.6,13.9,1920,1080,0.026,216.9,109.3
Round1,Q1,2859,1429.5,JAMESON,0.8352,908.8,62.8,36.0,13.1,1920,1080,0.023,926.8,69.4
Round1,Q1,2859,1429.5,JAMESON,0.8321,701.7,67.8,36.4,13.4,1920,1080,0.024,719.9,74.5
Round1,Q1,2859,1429.5,JAMESON,0.8228,561.2,74.9,36.5,12.8,1920,1080,0.023,579.5,81.3
Round1,Q1,2859,1429.5,JAMESON,0.819,490.6,79.1,36.5,12.9,1920,1080,0.023,508.8,85.5
Round1,Q1,2859,1429.5,JAMESON,0.8168,345.3,88.7,38.7,13.8,1920,1080,0.026,364.7,95.6
Round1,Q1,2859,1429.5,JAMESON,0.8099,121.9,109.6,39.4,14.9,1920,1080,0.028,141.6,117.1
Round1,Q1,2859,1429.5,JAMESON,0.8027,1758.5,91.0,41.2,15.7,1920,1080,0.031,1779.1,98.9
Round1,Q1,2859,1429.5,JAMESON,0.8007,42.8,118.2,41.2,15.3,1920,1080,0.03,63.4,125.8
Round1,Q1,2859,1429.5,JAMESON,0.7971,977.3,62.3,37.0,12.8,1920,1080,0.023,995.8,68.7
Round1,Q1,2859,1429.5,JAMESON,0.7948,1683.7,85.4,39.5,14.9,1920,1080,0.028,1703.4,92.9
Round1,Q1,2859,1429.5,JAMESON,0.7881,1184.1,63.3,35.6,13.0,1920,1080,0.022,1201.9,69.8
Round1,Q1,2859,1429.5,JAMESON,0.787,1537.5,76.4,38.7,14.6,1920,1080,0.027,1556.8,83.7
Round1,Q1,2859,1429.5,JAMESON,0.7869,418.8,83.1,37.0,13.8,1920,1080,0.025,437.3,90.0
Round1,Q1,2859,1429.5,JAMESON,0.785,1609.3,80.7,40.0,14.6,1920,1080,0.028,1629.3,88.0
Round1,Q1,2859,1429.5,JAMESON,0.7836,1252.3,64.4,36.5,13.4,1920,1080,0.024,1270.6,71.1
Round1,Q1,2859,1429.5,JAMESON,0.767,633.4,70.9,33.7,12.9,1920,1080,0.021,650.3,77.4
Round1,Q1,2859,1429.5,JAMESON,0.7661,839.9,64.4,35.4,12.4,1920,1080,0.021,857.6,70.6
Round1,Q1,2859,1429.5,JAMESON,0.7567,272.5,95.8,39.4,13.9,1920,1080,0.026,292.2,102.7
Round1,Q1,2859,1429.5,JAMESON,0.7514,1391.2,69.5,39.9,14.6,1920,1080,0.028,1411.1,76.8
Round1,Q1,2859,1429.5,JAMESON,0.7474,1047.7,61.6,35.0,13.5,1920,1080,0.023,1065.2,68.3
Round1,Q1,2859,1429.5,JAMESON,0.7462,1321.5,66.9,38.4,13.6,1920,1080,0.025,1340.7,73.7
Round1,Q1,2859,1429.5,JAMESON,0.7452,1835.8,97.1,44.5,16.6,1920,1080,0.036,1858.1,105.4
Round1,Q1,2859,1429.5,JAMESON,0.7237,773.2,65.2,35.2,13.2,1920,1080,0.022,790.8,71.8
Round1,Q1,2859,1429.5,JAMESON,0.7108,1462.8,72.9,39.2,14.0,1920,1080,0.026,1482.4,80.0
Round1,Q1,2859,1429.5,JAMESON,0.7105,1118.3,62.4,32.6,13.2,1920,1080,0.021,1134.6,69.0
Round1,Q1,2859,1429.5,JAMESON,0.6959,12.6,0.0,38.6,7.8,1920,1080,0.015,31.9,3.9
Round1,Q1,2860,1430.0,JAMESON,0.857,953.7,95.0,33.2,11.1,1920,1080,0.018,970.4,100.5
Round1,Q1,2860,1430.0,JAMESON,0.856,891.1,95.6,33.1,11.2,1920,1080,0.018,907.6,101.2
Round1,Q1,2860,1430.0,JAMESON,0.8545,933.1,5.1,31.7,9.7,1920,1080,0.015,949.0,9.9
Round1,Q1,2860,1430.0,JAMESON,0.8536,700.5,8.9,31.7,10.1,1920,1080,0.015,716.4,14.0
Round1,Q1,2860,1430.0,JAMESON,0.8527,991.9,4.6,31.2,9.6,1920,1080,0.014,1007.5,9.5
Round1,Q1,2860,1430.0,JAMESON,0.85,149.6,39.0,34.5,11.3,1920,1080,0.019,166.9,44.6
Round1,Q1,2860,1430.0,JAMESON,0.8491,1206.1,97.0,33.8,11.4,1920,1080,0.019,1223.0,102.7
Round1,Q1,2860,1430.0,JAMESON,0.8476,1144.1,95.4,32.8,11.9,1920,1080,0.019,1160.5,101.4
Round1,Q1,2860,1430.0,JAMESON,0.8475,1048.7,4.6,32.5,10.1,1920,1080,0.016,1064.9,9.6
Round1,Q1,2860,1430.0,JAMESON,0.8474,572.6,107.9,34.1,11.7,1920,1080,0.019,589.7,113.7
Round1,Q1,2860,1430.0,JAMESON,0.8456,176.2,145.1,34.6,12.7,1920,1080,0.021,193.5,151.5
Round1,Q1,2860,1430.0,JAMESON,0.8453,1107.3,5.4,31.2,9.7,1920,1080,0.015,1122.9,10.2
Round1,Q1,2860,1430.0,JAMESON,0.8451,1465.9,108.5,33.6,12.1,1920,1080,0.02,1482.7,114.6
Round1,Q1,2860,1430.0,JAMESON,0.8447,14.5,48.8,36.9,11.8,1920,1080,0.021,32.9,54.7
Round1,Q1,2860,1430.0,JAMESON,0.8437,876.3,5.2,31.4,10.0,1920,1080,0.015,892.0,10.2
Round1,Q1,2860,1430.0,JAMESON,0.8415,1702.8,26.8,35.7,11.8,1920,1080,0.02,1720.7,32.7
Round1,Q1,2860,1430.0,JAMESON,0.8395,582.7,13.2,32.2,10.1,1920,1080,0.016,598.9,18.2
Round1,Q1,2860,1430.0,JAMESON,0.8353,522.8,16.1,32.4,10.0,1920,1080,0.016,539.0,21.1
Round1,Q1,2860,1430.0,JAMESON,0.8353,377.3,122.8,34.9,12.7,1920,1080,0.021,394.8,129.2
Round1,Q1,2860,1430.0,JAMESON,0.8351,508.5,112.3,33.8,11.9,1920,1080,0.019,525.4,118.2
Round1,Q1,2860,1430.0,JAMESON,0.8336,37.3,163.7,36.8,13.7,1920,1080,0.024,55.8,170.6
Round1,Q1,2860,1430.0,JAMESON,0.8336,701.2,101.7,33.1,10.9,1920,1080,0.017,717.8,107.1
Round1,Q1,2860,1430.0,JAMESON,0.8334,1799.1,136.6,38.2,14.5,1920,1080,0.027,1818.2,143.9
Round1,Q1,2860,1430.0,JAMESON,0.8326,1163.7,5.6,32.9,10.3,1920,1080,0.016,1180.2,10.7
Round1,Q1,2860,1430.0,JAMESON,0.832,213.2,34.1,35.5,11.3,1920,1080,0.019,230.9,39.7
Round1,Q1,2860,1430.0,JAMESON,0.8314,1530.0,112.8,35.7,12.7,1920,1080,0.022,1547.8,119.2
Round1,Q1,2860,1430.0,JAMESON,0.8314,340.0,26.1,33.5,10.5,1920,1080,0.017,356.7,31.3
Round1,Q1,2860,1430.0,JAMESON,0.8311,828.5,96.5,32.4,11.5,1920,1080,0.018,844.7,102.2
Round1,Q1,2860,1430.0,JAMESON,0.8311,1663.6,123.4,35.3,13.4,1920,1080,0.023,1681.3,130.1
Round1,Q1,2860,1430.0,JAMESON,0.8306,243.9,136.7,34.8,12.8,1920,1080,0.021,261.3,143.1
Round1,Q1,2860,1430.0,JAMESON,0.8299,1579.2,20.0,35.1,11.0,1920,1080,0.019,1596.8,25.5
Round1,Q1,2860,1430.0,JAMESON,0.8294,1518.1,16.8,33.6,10.7,1920,1080,0.017,1534.9,22.2
Round1,Q1,2860,1430.0,JAMESON,0.8265,1280.7,8.2,32.9,9.9,1920,1080,0.016,1297.1,13.1
Round1,Q1,2860,1430.0,JAMESON,0.8261,767.7,98.5,31.1,11.4,1920,1080,0.017,783.3,104.2
Round1,Q1,2860,1430.0,JAMESON,0.824,1269.4,98.9,34.1,12.1,1920,1080,0.02,1286.4,105.0
Round1,Q1,2860,1430.0,JAMESON,0.823,1398.3,11.3,33.1,10.8,1920,1080,0.017,1414.9,16.7
Round1,Q1,2860,1430.0,JAMESON,0.8227,1596.7,118.1,34.3,12.8,1920,1080,0.021,1613.8,124.5
Round1,Q1,2860,1430.0,JAMESON,0.8201,1831.1,34.6,37.0,11.9,1920,1080,0.021,1849.6,40.6
Round1,Q1,2860,1430.0,JAMESON,0.819,278.0,29.8,33.4,10.9,1920,1080,0.018,294.7,35.2
Round1,Q1,2860,1430.0,JAMESON,0.8172,443.0,117.6,34.3,11.7,1920,1080,0.019,460.1,123.4
Round1,Q1,2860,1430.0,JAMESON,0.817,1458.2,14.4,33.3,10.6,1920,1080,0.017,1474.8,19.7
Round1,Q1,2860,1430.0,JAMESON,0.8169,82.5,43.8,35.6,11.3,1920,1080,0.019,100.3,49.5
Round1,Q1,2860,1430.0,JAMESON,0.8156,817.8,5.9,31.6,10.1,1920,1080,0.015,833.6,11.0
Round1,Q1,2860,1430.0,JAMESON,0.809,1867.6,144.1,41.6,14.9,1920,1080,0.03,1888.4,151.5
Round1,Q1,2860,1430.0,JAMESON,0.8088,642.1,11.2,32.3,10.0,1920,1080,0.016,658.3,16.2
Round1,Q1,2860,1430.0,JAMESON,0.8083,402.1,22.3,33.0,10.3,1920,1080,0.016,418.7,27.5
Round1,Q1,2860,1430.0,JAMESON,0.8069,108.0,154.2,34.3,13.0,1920,1080,0.021,125.1,160.7
Round1,Q1,2860,1430.0,JAMESON,0.8068,1766.3,30.7,36.4,11.4,1920,1080,0.02,1784.4,36.4
Round1,Q1,2860,1430.0,JAMESON,0.8029,1020.2,94.3,30.1,11.4,1920,1080,0.017,1035.2,99.9
Round1,Q1,2860,1430.0,JAMESON,0.8029,1340.6,9.8,32.2,10.2,1920,1080,0.016,1356.7,14.9
Round1,Q1,2860,1430.0,JAMESON,0.8027,1640.3,23.3,35.1,10.9,1920,1080,0.019,1657.8,28.8
Round1,Q1,2860,1430.0,JAMESON,0.7898,1730.9,130.0,38.4,13.8,1920,1080,0.026,1750.1,136.9
Round1,Q1,2860,1430.0,JAMESON,0.7863,1083.5,94.7,30.1,11.5,1920,1080,0.017,1098.5,100.5
Round1,Q1,2860,1430.0,JAMESON,0.7861,1398.3,104.5,36.3,12.5,1920,1080,0.022,1416.5,110.8
Round1,Q1,2860,1430.0,JAMESON,0.7852,310.4,129.5,37.7,12.6,1920,1080,0.023,329.2,135.8
Round1,Q1,2860,1430.0,JAMESON,0.7842,638.5,104.2,31.5,11.4,1920,1080,0.017,654.3,109.9
Round1,Q1,2860,1430.0,JAMESON,0.7601,1222.8,6.0,33.1,10.8,1920,1080,0.017,1239.3,11.4
Round1,Q1,2860,1430.0,JAMESON,0.7579,1332.3,102.1,36.4,12.0,1920,1080,0.021,1350.5,108.1
Round1,Q1,2860,1430.0,JAMESON,0.7316,462.8,18.9,32.6,10.0,1920,1080,0.016,479.1,23.9
Round1,Q1,2860,1430.0,JAMESON,0.6996,759.3,7.2,31.6,10.8,1920,1080,0.016,775.1,12.6
Round1,Q1,2861,1430.5,JAMESON,0.8528,1384.4,3.5,32.9,9.8,1920,1080,0.016,1400.9,8.4
Round1,Q1,2861,1430.5,JAMESON,0.8489,628.4,3.4,31.4,9.5,1920,1080,0.014,644.1,8.2
Round1,Q1,2861,1430.5,JAMESON,0.848,1267.4,0.6,31.4,8.6,1920,1080,0.013,1283.1,4.9
Round1,Q1,2861,1430.5,JAMESON,0.8454,878.1,86.7,32.6,11.8,1920,1080,0.019,894.5,92.5
Round1,Q1,2861,1430.5,JAMESON,0.8446,1516.9,103.4,34.9,12.9,1920,1080,0.022,1534.3,109.8
Round1,Q1,2861,1430.5,JAMESON,0.8437,1444.6,5.2,33.5,10.6,1920,1080,0.017,1461.4,10.5
Round1,Q1,2861,1430.5,JAMESON,0.8433,568.6,5.1,32.0,10.1,1920,1080,0.016,584.6,10.2
Round1,Q1,2861,1430.5,JAMESON,0.8426,559.0,99.7,34.5,12.0,1920,1080,0.02,576.3,105.7
Round1,Q1,2861,1430.5,JAMESON,0.8404,940.3,86.1,34.1,11.4,1920,1080,0.019,957.3,91.8
Round1,Q1,2861,1430.5,JAMESON,0.8387,814.4,88.5,32.6,11.3,1920,1080,0.018,830.7,94.2
Round1,Q1,2861,1430.5,JAMESON,0.8387,228.9,129.7,34.8,12.6,1920,1080,0.021,246.3,136.0
Round1,Q1,2861,1430.5,JAMESON,0.8374,161.7,137.6,34.8,13.3,1920,1080,0.022,179.1,144.3
Round1,Q1,2861,1430.5,JAMESON,0.8371,1649.6,113.8,35.6,13.4,1920,1080,0.023,1667.5,120.5
Round1,Q1,2861,1430.5,JAMESON,0.8369,686.5,1.5,31.9,9.0,1920,1080,0.014,702.5,6.0
Round1,Q1,2861,1430.5,JAMESON,0.836,1319.4,92.3,36.2,12.8,1920,1080,0.022,1337.5,98.8
Round1,Q1,2861,1430.5,JAMESON,0.8353,363.4,115.5,33.7,12.0,1920,1080,0.019,380.3,121.5
Round1,Q1,2861,1430.5,JAMESON,0.8344,448.1,11.4,32.9,9.8,1920,1080,0.016,464.6,16.4
Round1,Q1,2861,1430.5,JAMESON,0.8327,1326.6,1.4,32.3,9.7,1920,1080,0.015,1342.8,6.3
Round1,Q1,2861,1430.5,JAMESON,0.8325,1625.8,14.3,35.6,10.4,1920,1080,0.018,1643.6,19.5
Round1,Q1,2861,1430.5,JAMESON,0.832,198.3,26.3,35.1,11.0,1920,1080,0.019,215.8,31.8
Round1,Q1,2861,1430.5,JAMESON,0.8313,387.8,14.6,32.6,10.4,1920,1080,0.016,404.1,19.8
Round1,Q1,2861,1430.5,JAMESON,0.8307,1581.8,108.6,36.5,13.2,1920,1080,0.023,1600.0,115.2
Round1,Q1,2861,1430.5,JAMESON,0.8306,1130.9,86.7,32.3,11.6,1920,1080,0.018,1147.0,92.6
Round1,Q1,2861,1430.5,JAMESON,0.8303,686.8,92.8,33.8,12.0,1920,1080,0.02,703.7,98.8
Round1,Q1,2861,1430.5,JAMESON,0.8302,1503.7,8.0,34.5,10.5,1920,1080,0.017,1520.9,13.2
Round1,Q1,2861,1430.5,JAMESON,0.8289,428.7,110.0,34.9,12.1,1920,1080,0.02,446.2,116.0
Round1,Q1,2861,1430.5,JAMESON,0.8268,493.8,104.3,33.9,12.0,1920,1080,0.02,510.7,110.4
Round1,Q1,2861,1430.5,JAMESON,0.8265,325.2,17.9,33.7,10.5,1920,1080,0.017,342.0,23.1
Round1,Q1,2861,1430.5,JAMESON,0.8263,134.2,31.3,34.4,11.1,1920,1080,0.018,151.4,36.8
Round1,Q1,2861,1430.5,JAMESON,0.8254,509.1,7.9,31.9,10.2,1920,1080,0.016,525.0,13.0
Round1,Q1,2861,1430.5,JAMESON,0.8249,66.7,35.9,35.5,11.6,1920,1080,0.02,84.4,41.8
Round1,Q1,2861,1430.5,JAMESON,0.8249,1785.1,126.8,37.0,14.6,1920,1080,0.026,1803.6,134.2
Round1,Q1,2861,1430.5,JAMESON,0.8249,1192.7,87.6,33.9,12.1,1920,1080,0.02,1209.7,93.7
Round1,Q1,2861,1430.5,JAMESON,0.8241,0.3,41.3,34.3,11.8,1920,1080,0.02,17.4,47.2
Round1,Q1,2861,1430.5,JAMESON,0.8239,746.2,0.4,30.2,8.5,1920,1080,0.012,761.3,4.6
Round1,Q1,2861,1430.5,JAMESON,0.8235,1565.2,10.7,34.3,10.9,1920,1080,0.018,1582.3,16.2
Round1,Q1,2861,1430.5,JAMESON,0.8214,1688.2,17.3,34.4,11.3,1920,1080,0.019,1705.4,22.9
Round1,Q1,2861,1430.5,JAMESON,0.8214,804.4,0.0,31.5,7.6,1920,1080,0.012,820.2,3.8
Round1,Q1,2861,1430.5,JAMESON,0.8184,1451.6,99.5,34.4,12.4,1920,1080,0.021,1468.8,105.7
Round1,Q1,2861,1430.5,JAMESON,0.8181,1816.6,25.1,36.9,12.3,1920,1080,0.022,1835.1,31.3
Round1,Q1,2861,1430.5,JAMESON,0.8168,1069.3,85.6,30.4,11.8,1920,1080,0.017,1084.5,91.5
Round1,Q1,2861,1430.5,JAMESON,0.8167,263.4,21.8,32.7,11.0,1920,1080,0.017,279.8,27.3
Round1,Q1,2861,1430.5,JAMESON,0.8149,862.2,0.0,30.5,7.1,1920,1080,0.01,877.5,3.5
Round1,Q1,2861,1430.5,JAMESON,0.8125,1716.6,120.4,38.2,13.8,1920,1080,0.025,1735.7,127.4
Round1,Q1,2861,1430.5,JAMESON,0.8119,752.2,89.5,32.3,12.2,1920,1080,0.019,768.4,95.6
Round1,Q1,2861,1430.5,JAMESON,0.8102,1151.6,0.0,32.0,7.4,1920,1080,0.011,1167.6,3.7
Round1,Q1,2861,1430.5,JAMESON,0.81,1209.1,0.0,31.3,8.2,1920,1080,0.012,1224.8,4.1
Round1,Q1,2861,1430.5,JAMESON,0.809,92.3,147.1,35.0,13.3,1920,1080,0.023,109.8,153.7
Round1,Q1,2861,1430.5,JAMESON,0.807,1255.8,90.1,35.2,12.1,1920,1080,0.021,1273.4,96.1
Round1,Q1,2861,1430.5,JAMESON,0.8013,1853.7,134.0,39.9,15.2,1920,1080,0.029,1873.6,141.6
Round1,Q1,2861,1430.5,JAMESON,0.8004,920.1,0.0,30.6,6.5,1920,1080,0.01,935.4,3.2
Round1,Q1,2861,1430.5,JAMESON,0.7993,978.7,0.0,29.8,6.0,1920,1080,0.009,993.6,3.0
Round1,Q1,2861,1430.5,JAMESON,0.7831,1750.7,21.3,36.8,11.5,1920,1080,0.02,1769.1,27.0
Round1,Q1,2861,1430.5,JAMESON,0.7819,1093.9,0.0,30.9,6.2,1920,1080,0.009,1109.3,3.1
Round1,Q1,2861,1430.5,JAMESON,0.7804,22.3,156.8,36.9,13.4,1920,1080,0.024,40.7,163.5
Round1,Q1,2861,1430.5,JAMESON,0.778,296.5,122.4,37.2,12.5,1920,1080,0.022,315.1,128.7
Round1,Q1,2861,1430.5,JAMESON,0.7769,1007.2,85.2,29.6,11.5,1920,1080,0.016,1022.0,90.9
Round1,Q1,2861,1430.5,JAMESON,0.7398,1384.8,95.7,33.8,12.1,1920,1080,0.02,1401.7,101.7
Round1,Q1,2861,1430.5,JAMESON,0.712,625.1,95.6,29.9,11.6,1920,1080,0.017,640.1,101.4
Round1,Q1,2861,1430.5,JAMESON,0.7046,1035.8,0.0,30.2,6.3,1920,1080,0.009,1050.9,3.1
Round1,Q1,2862,1431.0,JAMESON,0.8548,1606.2,3.2,36.1,10.8,1920,1080,0.019,1624.3,8.6
Round1,Q1,2862,1431.0,JAMESON,0.8518,404.7,3.9,33.8,9.8,1920,1080,0.016,421.6,8.8
Round1,Q1,2862,1431.0,JAMESON,0.8443,385.2,104.4,36.3,12.0,1920,1080,0.021,403.3,110.4
Round1,Q1,2862,1431.0,JAMESON,0.8413,518.8,93.9,35.1,12.5,1920,1080,0.021,536.4,100.2
Round1,Q1,2862,1431.0,JAMESON,0.8398,213.7,14.6,34.0,10.9,1920,1080,0.018,230.7,20.1
Round1,Q1,2862,1431.0,JAMESON,0.8376,278.2,10.7,35.0,10.3,1920,1080,0.017,295.6,15.8
Round1,Q1,2862,1431.0,JAMESON,0.8361,844.9,80.0,33.5,11.9,1920,1080,0.019,861.6,86.0
Round1,Q1,2862,1431.0,JAMESON,0.8332,466.9,1.1,33.6,9.6,1920,1080,0.016,483.7,5.9
Round1,Q1,2862,1431.0,JAMESON,0.8306,1562.2,99.8,35.9,12.8,1920,1080,0.022,1580.2,106.1
Round1,Q1,2862,1431.0,JAMESON,0.8299,1670.1,5.9,34.8,11.5,1920,1080,0.019,1687.5,11.7
Round1,Q1,2862,1431.0,JAMESON,0.8288,909.2,78.9,33.7,11.3,1920,1080,0.018,926.0,84.6
Round1,Q1,2862,1431.0,JAMESON,0.828,453.1,99.2,33.4,12.1,1920,1080,0.02,469.8,105.2
Round1,Q1,2862,1431.0,JAMESON,0.8276,1545.6,1.0,33.2,9.8,1920,1080,0.016,1562.1,5.8
Round1,Q1,2862,1431.0,JAMESON,0.8252,317.2,110.1,35.9,13.0,1920,1080,0.022,335.1,116.6
Round1,Q1,2862,1431.0,JAMESON,0.8247,651.2,86.7,34.0,12.3,1920,1080,0.02,668.2,92.8
Round1,Q1,2862,1431.0,JAMESON,0.8241,7.2,27.7,38.1,11.5,1920,1080,0.021,26.2,33.4
Round1,Q1,2862,1431.0,JAMESON,0.8208,1800.9,13.3,37.5,12.1,1920,1080,0.022,1819.7,19.4
Round1,Q1,2862,1431.0,JAMESON,0.8171,1839.0,123.3,40.5,16.1,1920,1080,0.031,1859.3,131.3
Round1,Q1,2862,1431.0,JAMESON,0.8166,1230.0,81.8,35.8,12.3,1920,1080,0.021,1247.8,87.9
Round1,Q1,2862,1431.0,JAMESON,0.8122,179.3,124.4,35.2,13.1,1920,1080,0.022,196.9,130.9
Round1,Q1,2862,1431.0,JAMESON,0.8109,1293.6,84.2,37.5,12.9,1920,1080,0.023,1312.3,90.7
Round1,Q1,2862,1431.0,JAMESON,0.8099,1495.3,94.5,35.8,13.6,1920,1080,0.023,1513.2,101.3
Round1,Q1,2862,1431.0,JAMESON,0.8087,1429.0,90.6,35.4,13.0,1920,1080,0.022,1446.7,97.1
Round1,Q1,2862,1431.0,JAMESON,0.8063,780.1,81.8,33.3,11.6,1920,1080,0.019,796.8,87.7
Round1,Q1,2862,1431.0,JAMESON,0.8041,145.8,17.9,37.2,11.8,1920,1080,0.021,164.4,23.8
Round1,Q1,2862,1431.0,JAMESON,0.8028,1768.8,116.9,37.9,14.9,1920,1080,0.027,1787.8,124.3
Round1,Q1,2862,1431.0,JAMESON,0.8017,37.0,142.1,35.8,13.6,1920,1080,0.023,54.9,148.8
Round1,Q1,2862,1431.0,JAMESON,0.7978,1630.8,104.5,35.8,13.6,1920,1080,0.023,1648.6,111.3
Round1,Q1,2862,1431.0,JAMESON,0.7973,1103.9,79.1,32.2,11.4,1920,1080,0.018,1120.0,84.8
Round1,Q1,2862,1431.0,JAMESON,0.797,1164.5,80.0,35.5,12.5,1920,1080,0.021,1182.3,86.2
Round1,Q1,2862,1431.0,JAMESON,0.7953,109.1,132.9,36.1,13.6,1920,1080,0.024,127.2,139.7
Round1,Q1,2862,1431.0,JAMESON,0.7936,528.5,0.0,33.6,7.9,1920,1080,0.013,545.3,4.0
Round1,Q1,2862,1431.0,JAMESON,0.7931,1734.3,9.3,37.2,12.1,1920,1080,0.022,1752.9,15.4
Round1,Q1,2862,1431.0,JAMESON,0.7926,1483.0,0.0,32.6,7.9,1920,1080,0.012,1499.3,4.0
Round1,Q1,2862,1431.0,JAMESON,0.7921,78.6,22.5,36.1,11.8,1920,1080,0.021,96.7,28.4
Round1,Q1,2862,1431.0,JAMESON,0.7859,1697.9,110.7,39.6,14.4,1920,1080,0.027,1717.7,117.9
Round1,Q1,2862,1431.0,JAMESON,0.7821,248.0,117.0,38.9,13.0,1920,1080,0.024,267.5,123.5
Round1,Q1,2862,1431.0,JAMESON,0.7727,716.9,83.3,32.1,12.3,1920,1080,0.019,733.0,89.5
Round1,Q1,2862,1431.0,JAMESON,0.7341,1041.4,78.4,30.1,11.6,1920,1080,0.017,1056.4,84.3
Round1,Q1,2862,1431.0,JAMESON,0.7322,977.7,78.4,29.1,11.8,1920,1080,0.017,992.3,84.3
Round1,Q1,2862,1431.0,JAMESON,0.7221,342.1,6.0,33.8,11.3,1920,1080,0.018,359.0,11.6
Round1,Q1,2862,1431.0,JAMESON,0.7182,587.0,90.6,30.4,11.5,1920,1080,0.017,602.2,96.3
Round1,Q1,2862,1431.0,JAMESON,0.7043,1361.6,86.5,34.7,13.5,1920,1080,0.023,1379.0,93.2
Round1,Q1,2862,1431.0,JAMESON,0.6897,1423.3,0.0,31.0,6.1,1920,1080,0.009,1438.8,3.0
Round1,Q1,2862,1431.0,JAMESON,0.5095,590.4,0.0,30.9,6.0,1920,1080,0.009,605.8,3.0
Round1,Q1,2863,1431.5,JAMESON,0.8231,475.3,75.4,36.3,13.2,1920,1080,0.023,493.5,82.0
Round1,Q1,2863,1431.5,JAMESON,0.8209,110.9,105.8,38.0,14.3,1920,1080,0.026,129.9,113.0
Round1,Q1,2863,1431.5,JAMESON,0.8165,1645.7,82.9,38.3,15.1,1920,1080,0.028,1664.9,90.5
Round1,Q1,2863,1431.5,JAMESON,0.8164,818.8,61.0,35.3,13.2,1920,1080,0.022,836.5,67.6
Round1,Q1,2863,1431.5,JAMESON,0.8128,32.6,113.9,40.4,15.2,1920,1080,0.03,52.8,121.4
Round1,Q1,2863,1431.5,JAMESON,0.8029,1792.0,95.1,41.3,15.7,1920,1080,0.031,1812.7,103.0
Round1,Q1,2863,1431.5,JAMESON,0.8018,886.6,60.0,35.0,12.6,1920,1080,0.021,904.1,66.3
Round1,Q1,2863,1431.5,JAMESON,0.7999,260.2,92.0,37.4,13.8,1920,1080,0.025,278.9,99.0
Round1,Q1,2863,1431.5,JAMESON,0.7992,1867.9,101.9,44.9,17.0,1920,1080,0.037,1890.4,110.4
Round1,Q1,2863,1431.5,JAMESON,0.7983,614.4,68.2,35.9,13.0,1920,1080,0.023,632.4,74.7
Round1,Q1,2863,1431.5,JAMESON,0.7973,1573.6,78.8,37.9,14.2,1920,1080,0.026,1592.5,85.9
Round1,Q1,2863,1431.5,JAMESON,0.7942,1223.8,61.8,36.8,13.6,1920,1080,0.024,1242.2,68.6
Round1,Q1,2863,1431.5,JAMESON,0.7938,1433.0,70.1,37.3,14.0,1920,1080,0.025,1451.7,77.1
Round1,Q1,2863,1431.5,JAMESON,0.7933,750.9,63.2,35.7,12.6,1920,1080,0.022,768.8,69.5
Round1,Q1,2863,1431.5,JAMESON,0.7926,404.7,80.4,35.9,13.2,1920,1080,0.023,422.6,87.0
Round1,Q1,2863,1431.5,JAMESON,0.7758,1502.3,73.3,37.9,14.8,1920,1080,0.027,1521.3,80.7
Round1,Q1,2863,1431.5,JAMESON,0.7755,1717.9,89.2,44.2,16.2,1920,1080,0.034,1740.0,97.3
Round1,Q1,2863,1431.5,JAMESON,0.7748,186.6,98.6,40.1,14.3,1920,1080,0.028,206.7,105.8
Round1,Q1,2863,1431.5,JAMESON,0.7702,1291.1,64.0,38.9,13.9,1920,1080,0.026,1310.5,70.9
Round1,Q1,2863,1431.5,JAMESON,0.7693,1156.2,60.4,35.2,13.2,1920,1080,0.022,1173.8,67.0
Round1,Q1,2863,1431.5,JAMESON,0.7677,332.9,86.0,38.3,14.0,1920,1080,0.026,352.1,93.0
Round1,Q1,2863,1431.5,JAMESON,0.7575,955.2,58.5,33.3,13.2,1920,1080,0.021,971.9,65.2
Round1,Q1,2863,1431.5,JAMESON,0.7551,1024.5,58.6,32.7,13.3,1920,1080,0.021,1040.8,65.3
Round1,Q1,2863,1431.5,JAMESON,0.7526,1090.5,59.1,33.0,13.1,1920,1080,0.021,1107.0,65.6
Round1,Q1,2863,1431.5,JAMESON,0.7385,547.1,71.6,30.5,12.5,1920,1080,0.018,562.4,77.9
Round1,Q1,2863,1431.5,JAMESON,0.7328,0.2,0.0,37.0,8.9,1920,1080,0.016,18.7,4.5
Round1,Q1,2863,1431.5,JAMESON,0.7302,684.3,64.6,34.5,13.5,1920,1080,0.022,701.5,71.3
Round1,Q1,2863,1431.5,JAMESON,0.72,1362.2,66.7,37.0,14.2,1920,1080,0.025,1380.7,73.7
Round1,Q1,2864,1432.0,JAMESON,0.8298,835.1,37.9,37.7,13.9,1920,1080,0.025,853.9,44.9
Round1,Q1,2864,1432.0,JAMESON,0.8274,1193.9,37.8,37.4,14.1,1920,1080,0.025,1212.6,44.9
Round1,Q1,2864,1432.0,JAMESON,0.8267,1489.5,47.8,39.4,15.1,1920,1080,0.029,1509.2,55.4
Round1,Q1,2864,1432.0,JAMESON,0.8199,1124.4,36.6,34.6,14.3,1920,1080,0.024,1141.7,43.7
Round1,Q1,2864,1432.0,JAMESON,0.8192,469.4,51.5,39.7,14.2,1920,1080,0.027,489.3,58.6
Round1,Q1,2864,1432.0,JAMESON,0.8158,78.1,79.6,41.2,15.4,1920,1080,0.031,98.8,87.3
Round1,Q1,2864,1432.0,JAMESON,0.8094,0.1,86.3,36.2,17.3,1920,1080,0.03,18.2,94.9
Round1,Q1,2864,1432.0,JAMESON,0.8062,907.2,37.1,36.9,13.6,1920,1080,0.024,925.7,43.9
Round1,Q1,2864,1432.0,JAMESON,0.806,394.6,56.1,38.8,14.1,1920,1080,0.026,414.0,63.2
Round1,Q1,2864,1432.0,JAMESON,0.805,1880.0,71.6,39.9,17.9,1920,1080,0.034,1899.9,80.6
Round1,Q1,2864,1432.0,JAMESON,0.8012,1718.4,60.4,42.2,15.6,1920,1080,0.032,1739.5,68.2
Round1,Q1,2864,1432.0,JAMESON,0.7992,239.5,66.8,40.8,14.9,1920,1080,0.029,259.9,74.3
Round1,Q1,2864,1432.0,JAMESON,0.7985,1053.7,35.5,33.9,14.4,1920,1080,0.024,1070.6,42.8
Round1,Q1,2864,1432.0,JAMESON,0.7978,1265.2,39.7,38.5,14.5,1920,1080,0.027,1284.5,46.9
Round1,Q1,2864,1432.0,JAMESON,0.7887,1564.0,51.3,40.3,15.2,1920,1080,0.029,1584.1,58.9
Round1,Q1,2864,1432.0,JAMESON,0.7873,618.1,44.3,37.9,14.2,1920,1080,0.026,637.0,51.4
Round1,Q1,2864,1432.0,JAMESON,0.7848,1640.6,55.9,41.1,15.4,1920,1080,0.03,1661.2,63.6
Round1,Q1,2864,1432.0,JAMESON,0.7735,318.3,61.1,40.3,14.7,1920,1080,0.029,338.5,68.5
Round1,Q1,2864,1432.0,JAMESON,0.7642,1337.8,41.8,40.6,15.2,1920,1080,0.03,1358.1,49.4
Round1,Q1,2864,1432.0,JAMESON,0.764,762.9,39.3,37.5,13.8,1920,1080,0.025,781.6,46.2
Round1,Q1,2864,1432.0,JAMESON,0.7603,546.8,47.8,32.7,13.5,1920,1080,0.021,563.1,54.5
Round1,Q1,2864,1432.0,JAMESON,0.7561,158.8,73.5,44.9,15.5,1920,1080,0.034,181.2,81.3
Round1,Q1,2864,1432.0,JAMESON,0.7548,1412.5,44.3,39.3,15.0,1920,1080,0.028,1432.2,51.8
Round1,Q1,2864,1432.0,JAMESON,0.7486,1797.8,66.5,46.8,16.8,1920,1080,0.038,1821.2,74.9
Round1,Q1,2864,1432.0,JAMESON,0.7393,981.4,35.7,33.9,14.2,1920,1080,0.023,998.4,42.8
Round1,Q1,2864,1432.0,JAMESON,0.7268,692.5,41.0,36.4,14.9,1920,1080,0.026,710.7,48.4
Round1,Q1,2865,1432.5,JAMESON,0.8437,885.8,23.7,38.6,14.3,1920,1080,0.027,905.1,30.8
Round1,Q1,2865,1432.5,JAMESON,0.8324,269.7,49.8,42.0,14.8,1920,1080,0.03,290.7,57.2
Round1,Q1,2865,1432.5,JAMESON,0.8298,1813.9,47.7,45.9,16.3,1920,1080,0.036,1836.9,55.9
Round1,Q1,2865,1432.5,JAMESON,0.829,960.4,23.1,39.2,13.7,1920,1080,0.026,980.0,29.9
Round1,Q1,2865,1432.5,JAMESON,0.8221,1258.1,24.7,39.6,14.4,1920,1080,0.027,1277.9,31.9
Round1,Q1,2865,1432.5,JAMESON,0.8206,1408.9,29.2,43.6,15.2,1920,1080,0.032,1430.7,36.9
Round1,Q1,2865,1432.5,JAMESON,0.8191,1185.7,23.5,37.4,14.5,1920,1080,0.026,1204.4,30.8
Round1,Q1,2865,1432.5,JAMESON,0.8185,103.3,62.1,42.2,15.2,1920,1080,0.031,124.5,69.7
Round1,Q1,2865,1432.5,JAMESON,0.8158,350.3,44.0,42.2,15.5,1920,1080,0.032,371.4,51.8
Round1,Q1,2865,1432.5,JAMESON,0.813,811.3,24.8,38.3,14.0,1920,1080,0.026,830.4,31.8
Round1,Q1,2865,1432.5,JAMESON,0.8118,661.1,29.2,39.5,14.3,1920,1080,0.027,680.9,36.3
Round1,Q1,2865,1432.5,JAMESON,0.8104,1648.5,38.6,42.8,16.0,1920,1080,0.033,1669.9,46.6
Round1,Q1,2865,1432.5,JAMESON,0.8098,1730.4,43.0,43.3,15.8,1920,1080,0.033,1752.1,50.9
Round1,Q1,2865,1432.5,JAMESON,0.8085,15.0,68.9,45.1,16.4,1920,1080,0.036,37.6,77.1
Round1,Q1,2865,1432.5,JAMESON,0.8071,1568.3,34.8,42.7,15.7,1920,1080,0.032,1589.7,42.7
Round1,Q1,2865,1432.5,JAMESON,0.8018,507.3,35.0,40.9,15.1,1920,1080,0.03,527.7,42.6
Round1,Q1,2865,1432.5,JAMESON,0.8006,429.9,39.3,40.7,15.3,1920,1080,0.03,450.3,47.0
Round1,Q1,2865,1432.5,JAMESON,0.7988,1037.9,22.3,35.8,13.8,1920,1080,0.024,1055.9,29.3
Round1,Q1,2865,1432.5,JAMESON,0.7929,1333.2,26.6,42.3,14.9,1920,1080,0.03,1354.3,34.0
Round1,Q1,2865,1432.5,JAMESON,0.7928,1111.8,22.7,37.1,14.2,1920,1080,0.025,1130.3,29.8
Round1,Q1,2865,1432.5,JAMESON,0.7921,737.6,26.2,38.1,14.5,1920,1080,0.027,756.7,33.5
Round1,Q1,2865,1432.5,JAMESON,0.7757,1488.5,32.0,41.8,14.6,1920,1080,0.029,1509.4,39.3
Round1,Q1,2865,1432.5,JAMESON,0.7554,187.4,55.6,44.7,15.5,1920,1080,0.033,209.7,63.4
Round1,Q1,2865,1432.5,JAMESON,0.7161,587.2,31.9,34.5,13.7,1920,1080,0.023,604.5,38.8
Round1,Q1,2865,1432.5,JAMESON,0.7124,1899.2,52.6,20.8,17.0,1920,1080,0.017,1909.6,61.1
Round1,Q1,2866,1433.0,JAMESON,0.8418,982.1,20.9,40.2,14.5,1920,1080,0.028,1002.2,28.1
Round1,Q1,2866,1433.0,JAMESON,0.8241,513.4,34.3,41.4,15.4,1920,1080,0.031,534.1,42.0
Round1,Q1,2866,1433.0,JAMESON,0.8206,1783.9,38.9,46.9,16.3,1920,1080,0.037,1807.3,47.1
Round1,Q1,2866,1433.0,JAMESON,0.8189,181.7,55.2,44.6,15.6,1920,1080,0.034,204.0,63.1
Round1,Q1,2866,1433.0,JAMESON,0.8188,1369.1,23.5,42.1,15.3,1920,1080,0.031,1390.2,31.1
Round1,Q1,2866,1433.0,JAMESON,0.8167,95.7,61.8,44.0,16.1,1920,1080,0.034,117.7,69.9
Round1,Q1,2866,1433.0,JAMESON,0.812,750.2,25.5,40.9,14.5,1920,1080,0.029,770.7,32.8
Round1,Q1,2866,1433.0,JAMESON,0.8099,351.4,43.7,42.1,15.1,1920,1080,0.031,372.4,51.2
Round1,Q1,2866,1433.0,JAMESON,0.8074,1292.0,22.3,40.4,15.5,1920,1080,0.03,1312.2,30.0
Round1,Q1,2866,1433.0,JAMESON,0.8069,1697.3,34.9,45.8,16.2,1920,1080,0.036,1720.2,43.0
Round1,Q1,2866,1433.0,JAMESON,0.8062,1527.1,29.1,46.5,16.0,1920,1080,0.036,1550.3,37.1
Round1,Q1,2866,1433.0,JAMESON,0.8023,1873.2,43.2,45.8,16.6,1920,1080,0.037,1896.1,51.5
Round1,Q1,2866,1433.0,JAMESON,0.8012,1058.4,21.2,41.1,14.0,1920,1080,0.028,1078.9,28.2
Round1,Q1,2866,1433.0,JAMESON,0.7984,592.0,31.0,42.8,14.7,1920,1080,0.03,613.5,38.4
Round1,Q1,2866,1433.0,JAMESON,0.7967,3.3,68.7,47.0,16.6,1920,1080,0.038,26.8,77.0
Round1,Q1,2866,1433.0,JAMESON,0.7916,903.9,21.8,41.2,14.4,1920,1080,0.029,924.6,29.0
Round1,Q1,2866,1433.0,JAMESON,0.7898,1447.7,26.6,43.5,15.2,1920,1080,0.032,1469.5,34.2
Round1,Q1,2866,1433.0,JAMESON,0.787,830.7,22.7,38.0,15.1,1920,1080,0.028,849.6,30.2
Round1,Q1,2866,1433.0,JAMESON,0.78,432.3,38.7,42.7,16.0,1920,1080,0.033,453.6,46.7
Round1,Q1,2866,1433.0,JAMESON,0.7676,268.4,49.6,42.1,15.2,1920,1080,0.031,289.4,57.2
Round1,Q1,2866,1433.0,JAMESON,0.7671,1216.5,20.8,38.7,15.5,1920,1080,0.029,1235.9,28.5
Round1,Q1,2866,1433.0,JAMESON,0.751,1139.7,20.6,37.3,14.4,1920,1080,0.026,1158.3,27.9
Round1,Q1,2866,1433.0,JAMESON,0.7401,1611.0,31.9,45.2,15.2,1920,1080,0.033,1633.6,39.5
Round1,Q1,2866,1433.0,JAMESON,0.7076,674.3,27.7,36.7,14.4,1920,1080,0.025,692.6,34.8
Round1,Q1,2867,1433.5,JAMESON,0.8316,288.7,54.3,44.4,15.2,1920,1080,0.033,310.9,61.9
Round1,Q1,2867,1433.5,JAMESON,0.8312,1104.7,24.5,41.8,14.9,1920,1080,0.03,1125.5,32.0
Round1,Q1,2867,1433.5,JAMESON,0.8279,202.6,60.3,44.5,16.1,1920,1080,0.035,224.9,68.3
Round1,Q1,2867,1433.5,JAMESON,0.8168,1429.3,27.9,42.0,14.7,1920,1080,0.03,1450.3,35.3
Round1,Q1,2867,1433.5,JAMESON,0.8108,1184.1,24.9,42.6,14.6,1920,1080,0.03,1205.4,32.2
Round1,Q1,2867,1433.5,JAMESON,0.8085,623.3,34.6,42.9,15.8,1920,1080,0.033,644.7,42.5
Round1,Q1,2867,1433.5,JAMESON,0.8079,1864.0,40.2,52.1,17.4,1920,1080,0.044,1890.0,48.9
Round1,Q1,2867,1433.5,JAMESON,0.8065,1679.3,34.4,48.7,16.6,1920,1080,0.039,1703.7,42.7
Round1,Q1,2867,1433.5,JAMESON,0.8057,458.6,43.3,42.9,15.3,1920,1080,0.032,480.0,50.9
Round1,Q1,2867,1433.5,JAMESON,0.8023,19.5,75.0,49.0,17.0,1920,1080,0.04,44.0,83.5
Round1,Q1,2867,1433.5,JAMESON,0.7988,1024.0,24.9,42.4,14.7,1920,1080,0.03,1045.2,32.3
Round1,Q1,2867,1433.5,JAMESON,0.7951,704.6,31.5,41.6,14.9,1920,1080,0.03,725.4,39.0
Round1,Q1,2867,1433.5,JAMESON,0.7936,112.2,67.2,45.2,16.6,1920,1080,0.036,134.8,75.5
Round1,Q1,2867,1433.5,JAMESON,0.7842,1509.6,29.2,44.5,15.8,1920,1080,0.034,1531.9,37.1
Round1,Q1,2867,1433.5,JAMESON,0.7835,864.0,27.1,43.8,15.0,1920,1080,0.032,885.9,34.6
Round1,Q1,2867,1433.5,JAMESON,0.7793,373.8,48.2,43.5,16.0,1920,1080,0.034,395.6,56.2
Round1,Q1,2867,1433.5,JAMESON,0.7755,1593.8,31.8,47.8,16.1,1920,1080,0.037,1617.7,39.8
Round1,Q1,2867,1433.5,JAMESON,0.7566,1348.7,25.5,40.3,15.8,1920,1080,0.031,1368.9,33.5
Round1,Q1,2867,1433.5,JAMESON,0.7538,947.3,25.0,39.7,15.0,1920,1080,0.029,967.1,32.5
Round1,Q1,2867,1433.5,JAMESON,0.7517,540.3,38.7,44.3,15.6,1920,1080,0.033,562.5,46.5
Round1,Q1,2867,1433.5,JAMESON,0.7221,787.7,29.4,37.0,14.5,1920,1080,0.026,806.2,36.7
Round1,Q1,2867,1433.5,JAMESON,0.7179,1267.1,25.2,40.8,14.6,1920,1080,0.029,1287.5,32.5
Round1,Q1,2867,1433.5,JAMESON,0.7063,1770.4,37.7,49.0,16.0,1920,1080,0.038,1794.9,45.7
Round1,Q1,2868,1434.0,JAMESON,0.8271,131.3,122.0,47.5,17.1,1920,1080,0.039,155.1,130.5
Round1,Q1,2868,1434.0,JAMESON,0.8245,1666.6,76.5,44.4,15.8,1920,1080,0.034,1688.7,84.4
Round1,Q1,2868,1434.0,JAMESON,0.8219,482.6,93.1,43.5,15.8,1920,1080,0.033,504.4,101.0
Round1,Q1,2868,1434.0,JAMESON,0.8157,1317.7,71.2,43.5,15.2,1920,1080,0.032,1339.5,78.8
Round1,Q1,2868,1434.0,JAMESON,0.8074,651.8,83.5,43.9,16.0,1920,1080,0.034,673.8,91.5
Round1,Q1,2868,1434.0,JAMESON,0.8059,900.2,74.3,44.8,15.4,1920,1080,0.033,922.6,82.0
Round1,Q1,2868,1434.0,JAMESON,0.805,395.4,99.3,44.1,15.8,1920,1080,0.034,417.5,107.2
Round1,Q1,2868,1434.0,JAMESON,0.8039,219.5,113.4,47.0,17.3,1920,1080,0.039,243.0,122.1
Round1,Q1,2868,1434.0,JAMESON,0.7995,819.2,77.2,42.7,15.2,1920,1080,0.031,840.5,84.8
Round1,Q1,2868,1434.0,JAMESON,0.7939,40.3,131.4,46.4,17.8,1920,1080,0.04,63.5,140.3
Round1,Q1,2868,1434.0,JAMESON,0.7914,1066.3,71.6,44.7,16.0,1920,1080,0.035,1088.6,79.6
Round1,Q1,2868,1434.0,JAMESON,0.7885,308.2,105.2,45.8,17.0,1920,1080,0.038,331.1,113.8
Round1,Q1,2868,1434.0,JAMESON,0.7797,1232.4,70.8,43.8,15.4,1920,1080,0.032,1254.3,78.5
Round1,Q1,2868,1434.0,JAMESON,0.7754,566.6,88.1,43.8,16.0,1920,1080,0.034,588.5,96.1
Round1,Q1,2868,1434.0,JAMESON,0.7698,1752.7,78.2,49.3,16.4,1920,1080,0.039,1777.3,86.4
Round1,Q1,2868,1434.0,JAMESON,0.7687,733.7,80.3,44.4,15.4,1920,1080,0.033,755.9,88.0
Round1,Q1,2868,1434.0,JAMESON,0.7675,1401.7,72.0,44.5,15.2,1920,1080,0.033,1423.9,79.6
Round1,Q1,2868,1434.0,JAMESON,0.7543,1494.6,72.7,38.8,15.4,1920,1080,0.029,1514.0,80.5
Round1,Q1,2868,1434.0,JAMESON,0.7436,1154.3,70.4,40.3,16.0,1920,1080,0.031,1174.4,78.4
Round1,Q1,2868,1434.0,JAMESON,0.7407,987.4,72.9,38.3,14.5,1920,1080,0.027,1006.5,80.1
Round1,Q1,2868,1434.0,JAMESON,0.7369,1849.0,80.8,50.7,15.7,1920,1080,0.038,1874.4,88.6
Round1,Q1,2868,1434.0,JAMESON,0.7258,1578.7,74.1,42.0,16.1,1920,1080,0.033,1599.7,82.2
Round1,Q1,2869,1434.5,JAMESON,0.8622,1061.2,3.5,47.0,13.0,1920,1080,0.029,1084.7,10.0
Round1,Q1,2869,1434.5,JAMESON,0.8601,1384.3,2.3,47.7,12.9,1920,1080,0.03,1408.2,8.7
Round1,Q1,2869,1434.5,JAMESON,0.8553,407.8,14.8,48.8,14.3,1920,1080,0.034,432.3,22.0
Round1,Q1,2869,1434.5,JAMESON,0.8517,1033.7,133.0,47.7,15.2,1920,1080,0.035,1057.5,140.6
Round1,Q1,2869,1434.5,JAMESON,0.8512,1722.6,1.4,52.4,13.5,1920,1080,0.034,1748.8,8.2
Round1,Q1,2869,1434.5,JAMESON,0.8487,687.5,146.7,47.4,15.4,1920,1080,0.035,711.3,154.4
Round1,Q1,2869,1434.5,JAMESON,0.8486,860.4,138.0,48.2,16.1,1920,1080,0.038,884.5,146.1
Round1,Q1,2869,1434.5,JAMESON,0.8478,1221.8,2.5,47.4,13.1,1920,1080,0.03,1245.6,9.1
Round1,Q1,2869,1434.5,JAMESON,0.8477,983.7,3.7,43.8,13.4,1920,1080,0.028,1005.6,10.4
Round1,Q1,2869,1434.5,JAMESON,0.8476,1550.1,1.9,48.7,13.2,1920,1080,0.031,1574.5,8.5
Round1,Q1,2869,1434.5,JAMESON,0.8448,576.7,10.7,47.7,14.3,1920,1080,0.033,600.6,17.9
Round1,Q1,2869,1434.5,JAMESON,0.8436,1564.8,130.9,49.0,15.6,1920,1080,0.037,1589.3,138.7
Round1,Q1,2869,1434.5,JAMESON,0.843,900.7,4.6,46.7,13.8,1920,1080,0.031,924.1,11.5
Round1,Q1,2869,1434.5,JAMESON,0.8404,337.9,173.6,48.9,16.9,1920,1080,0.04,362.4,182.0
Round1,Q1,2869,1434.5,JAMESON,0.8401,740.2,7.0,47.0,14.3,1920,1080,0.032,763.7,14.2
Round1,Q1,2869,1434.5,JAMESON,0.8389,1304.5,1.9,46.3,13.3,1920,1080,0.03,1327.6,8.6
Round1,Q1,2869,1434.5,JAMESON,0.838,1637.3,1.9,49.5,12.9,1920,1080,0.031,1662.1,8.4
Round1,Q1,2869,1434.5,JAMESON,0.8377,1143.7,2.9,44.6,13.2,1920,1080,0.028,1165.9,9.5
Round1,Q1,2869,1434.5,JAMESON,0.8372,513.5,158.0,48.8,16.1,1920,1080,0.038,537.9,166.1
Round1,Q1,2869,1434.5,JAMESON,0.8364,233.2,19.3,51.2,15.5,1920,1080,0.038,258.8,27.1
Round1,Q1,2869,1434.5,JAMESON,0.8348,1468.3,2.0,47.7,12.8,1920,1080,0.029,1492.2,8.4
Round1,Q1,2869,1434.5,JAMESON,0.8317,1813.3,1.1,54.5,13.6,1920,1080,0.036,1840.6,7.8
Round1,Q1,2869,1434.5,JAMESON,0.8291,1121.5,131.2,47.3,15.7,1920,1080,0.036,1145.1,139.1
Round1,Q1,2869,1434.5,JAMESON,0.8237,821.8,5.8,46.3,14.3,1920,1080,0.032,844.9,12.9
Round1,Q1,2869,1434.5,JAMESON,0.822,252.3,182.7,43.4,17.1,1920,1080,0.036,274.1,191.3
Round1,Q1,2869,1434.5,JAMESON,0.8209,602.6,152.2,45.2,15.7,1920,1080,0.034,625.2,160.0
Round1,Q1,2869,1434.5,JAMESON,0.8191,660.0,9.2,45.4,13.7,1920,1080,0.03,682.7,16.1
Round1,Q1,2869,1434.5,JAMESON,0.8152,50.2,24.1,48.8,15.9,1920,1080,0.037,74.6,32.1
Round1,Q1,2869,1434.5,JAMESON,0.8149,1297.5,129.7,46.5,15.7,1920,1080,0.035,1320.8,137.6
Round1,Q1,2869,1434.5,JAMESON,0.8148,495.4,12.2,45.6,14.5,1920,1080,0.032,518.2,19.5
Round1,Q1,2869,1434.5,JAMESON,0.8124,1386.3,129.6,46.4,15.5,1920,1080,0.035,1409.6,137.4
Round1,Q1,2869,1434.5,JAMESON,0.8116,427.1,164.9,46.0,16.7,1920,1080,0.037,450.1,173.2
Round1,Q1,2869,1434.5,JAMESON,0.8099,145.5,21.5,48.9,15.7,1920,1080,0.037,170.0,29.3
Round1,Q1,2869,1434.5,JAMESON,0.8034,1755.3,132.6,49.4,15.9,1920,1080,0.038,1780.0,140.6
Round1,Q1,2869,1434.5,JAMESON,0.8032,1209.2,130.2,42.4,15.0,1920,1080,0.031,1230.4,137.7
Round1,Q1,2869,1434.5,JAMESON,0.7972,1474.8,130.4,46.1,15.3,1920,1080,0.034,1497.8,138.0
Round1,Q1,2869,1434.5,JAMESON,0.7959,1658.1,131.9,49.7,15.9,1920,1080,0.038,1683.0,139.9
Round1,Q1,2869,1434.5,JAMESON,0.7902,161.0,193.3,47.6,17.7,1920,1080,0.041,184.8,202.1
Round1,Q1,2869,1434.5,JAMESON,0.783,323.6,17.0,47.4,15.3,1920,1080,0.035,347.3,24.7
Round1,Q1,2869,1434.5,JAMESON,0.7796,776.0,142.5,45.7,15.4,1920,1080,0.034,798.8,150.2
Round1,Q1,2869,1434.5,JAMESON,0.7795,948.8,135.5,43.9,14.9,1920,1080,0.032,970.8,143.0
Round1,Q1,2869,1434.5,JAMESON,0.7543,73.9,204.9,44.6,17.9,1920,1080,0.039,96.3,213.8
Round1,Q1,2869,1434.5,JAMESON,0.7404,1857.4,134.2,45.7,16.5,1920,1080,0.036,1880.3,142.4
Round1,Q1,2869,1434.5,JAMESON,0.6311,0.0,218.3,32.8,18.7,1920,1080,0.03,16.4,227.6
Round1,Q1,2869,1434.5,JAMESON,0.6015,1904.6,0.5,15.4,13.3,1920,1080,0.01,1912.3,7.2
Round1,Q1,2870,1435.0,JAMESON,0.8565,665.0,45.0,49.3,15.1,1920,1080,0.036,689.7,52.6
Round1,Q1,2870,1435.0,JAMESON,0.8563,489.2,49.9,50.1,15.3,1920,1080,0.037,514.2,57.6
Round1,Q1,2870,1435.0,JAMESON,0.8501,1096.6,37.2,48.7,14.3,1920,1080,0.034,1121.0,44.4
Round1,Q1,2870,1435.0,JAMESON,0.8458,499.9,218.8,47.1,17.3,1920,1080,0.039,523.4,227.4
Round1,Q1,2870,1435.0,JAMESON,0.8448,588.5,210.0,49.1,16.9,1920,1080,0.04,613.1,218.5
Round1,Q1,2870,1435.0,JAMESON,0.844,1182.1,36.4,49.6,14.2,1920,1080,0.034,1206.9,43.5
Round1,Q1,2870,1435.0,JAMESON,0.8436,950.9,185.7,49.0,16.0,1920,1080,0.038,975.4,193.8
Round1,Q1,2870,1435.0,JAMESON,0.8419,120.8,62.9,53.2,16.7,1920,1080,0.043,147.4,71.3
Round1,Q1,2870,1435.0,JAMESON,0.8384,23.7,66.8,51.3,16.9,1920,1080,0.042,49.4,75.2
Round1,Q1,2870,1435.0,JAMESON,0.8362,579.0,47.5,47.9,15.3,1920,1080,0.035,603.0,55.1
Round1,Q1,2870,1435.0,JAMESON,0.836,1011.0,38.4,48.4,14.5,1920,1080,0.034,1035.2,45.6
Round1,Q1,2870,1435.0,JAMESON,0.8352,1718.4,31.2,52.8,15.1,1920,1080,0.038,1744.8,38.8
Round1,Q1,2870,1435.0,JAMESON,0.8352,1416.0,173.6,51.3,16.3,1920,1080,0.04,1441.7,181.7
Round1,Q1,2870,1435.0,JAMESON,0.8319,1322.0,174.7,50.6,16.0,1920,1080,0.039,1347.3,182.8
Round1,Q1,2870,1435.0,JAMESON,0.8311,1227.3,176.3,49.6,15.8,1920,1080,0.038,1252.1,184.2
Round1,Q1,2870,1435.0,JAMESON,0.8309,678.2,202.0,49.1,16.2,1920,1080,0.038,702.7,210.0
Round1,Q1,2870,1435.0,JAMESON,0.8306,1269.8,35.8,48.2,14.0,1920,1080,0.032,1293.8,42.8
Round1,Q1,2870,1435.0,JAMESON,0.8293,753.1,43.0,48.2,14.9,1920,1080,0.035,777.2,50.5
Round1,Q1,2870,1435.0,JAMESON,0.8288,1443.7,34.4,50.8,14.1,1920,1080,0.035,1469.1,41.4
Round1,Q1,2870,1435.0,JAMESON,0.8276,1612.0,172.9,52.6,16.9,1920,1080,0.043,1638.3,181.3
Round1,Q1,2870,1435.0,JAMESON,0.8275,861.6,190.0,47.7,16.5,1920,1080,0.038,885.4,198.2
Round1,Q1,2870,1435.0,JAMESON,0.8258,1135.3,178.1,50.5,16.8,1920,1080,0.041,1160.5,186.4
Round1,Q1,2870,1435.0,JAMESON,0.8252,769.0,195.5,48.5,16.4,1920,1080,0.038,793.2,203.8
Round1,Q1,2870,1435.0,JAMESON,0.825,1713.9,172.5,54.5,17.0,1920,1080,0.045,1741.1,181.0
Round1,Q1,2870,1435.0,JAMESON,0.824,1357.2,34.7,48.3,14.2,1920,1080,0.033,1381.3,41.8
Round1,Q1,2870,1435.0,JAMESON,0.8226,838.9,41.5,48.4,14.3,1920,1080,0.033,863.1,48.7
Round1,Q1,2870,1435.0,JAMESON,0.822,400.2,52.7,49.7,16.1,1920,1080,0.039,425.0,60.8
Round1,Q1,2870,1435.0,JAMESON,0.821,1816.2,173.3,55.5,16.6,1920,1080,0.044,1843.9,181.7
Round1,Q1,2870,1435.0,JAMESON,0.8193,924.5,39.5,48.9,15.1,1920,1080,0.036,948.9,47.0
Round1,Q1,2870,1435.0,JAMESON,0.8115,1534.0,33.2,51.3,14.3,1920,1080,0.035,1559.7,40.3
Round1,Q1,2870,1435.0,JAMESON,0.8068,1043.4,181.8,47.2,16.0,1920,1080,0.036,1067.1,189.8
Round1,Q1,2870,1435.0,JAMESON,0.804,1623.5,32.5,53.7,15.2,1920,1080,0.039,1650.4,40.1
Round1,Q1,2870,1435.0,JAMESON,0.7982,409.5,228.8,49.8,17.6,1920,1080,0.042,434.4,237.6
Round1,Q1,2870,1435.0,JAMESON,0.7883,1515.5,173.0,47.3,16.0,1920,1080,0.036,1539.1,181.0
Round1,Q1,2870,1435.0,JAMESON,0.7871,1812.8,29.9,57.1,15.7,1920,1080,0.043,1841.4,37.7
Round1,Q1,2870,1435.0,JAMESON,0.7824,309.2,56.3,47.9,15.5,1920,1080,0.036,333.1,64.1
Round1,Q1,2870,1435.0,JAMESON,0.7607,234.9,253.9,48.2,19.2,1920,1080,0.045,259.0,263.5
Round1,Q1,2870,1435.0,JAMESON,0.7531,321.8,240.0,46.3,18.7,1920,1080,0.042,345.0,249.4
Round1,Q1,2870,1435.0,JAMESON,0.7373,216.7,60.1,49.2,15.5,1920,1080,0.037,241.2,67.8
Round1,Q1,2870,1435.0,JAMESON,0.7255,151.0,268.7,45.1,19.8,1920,1080,0.043,173.5,278.6
Round1,Q1,2870,1435.0,JAMESON,0.6876,0.0,304.7,30.9,22.6,1920,1080,0.034,15.5,316.0
Round1,Q1,2870,1435.0,JAMESON,0.6318,67.3,286.3,46.0,22.0,1920,1080,0.049,90.3,297.3
Round1,Q1,2871,1435.5,JAMESON,0.8727,868.3,48.5,51.0,15.3,1920,1080,0.038,893.7,56.1
Round1,Q1,2871,1435.5,JAMESON,0.8698,1523.1,37.6,53.6,15.3,1920,1080,0.039,1549.9,45.2
Round1,Q1,2871,1435.5,JAMESON,0.8677,106.6,75.2,54.6,18.3,1920,1080,0.048,133.9,84.3
Round1,Q1,2871,1435.5,JAMESON,0.8637,305.5,66.5,51.7,17.3,1920,1080,0.043,331.4,75.2
Round1,Q1,2871,1435.5,JAMESON,0.8608,1621.7,35.8,53.0,15.2,1920,1080,0.039,1648.2,43.4
Round1,Q1,2871,1435.5,JAMESON,0.8592,1722.0,34.4,55.8,15.7,1920,1080,0.042,1749.9,42.3
Round1,Q1,2871,1435.5,JAMESON,0.8546,1826.0,32.2,57.1,15.5,1920,1080,0.043,1854.5,39.9
Round1,Q1,2871,1435.5,JAMESON,0.8537,1170.5,199.7,51.1,17.1,1920,1080,0.042,1196.1,208.2
Round1,Q1,2871,1435.5,JAMESON,0.8532,1145.1,42.3,51.9,16.2,1920,1080,0.041,1171.0,50.4
Round1,Q1,2871,1435.5,JAMESON,0.8521,208.2,71.2,51.5,17.0,1920,1080,0.042,233.9,79.7
Round1,Q1,2871,1435.5,JAMESON,0.8512,974.5,209.3,50.4,17.3,1920,1080,0.042,999.7,217.9
Round1,Q1,2871,1435.5,JAMESON,0.8504,1332.2,40.1,51.6,15.1,1920,1080,0.038,1358.0,47.7
Round1,Q1,2871,1435.5,JAMESON,0.8502,1370.1,193.4,54.2,16.8,1920,1080,0.044,1397.2,201.8
Round1,Q1,2871,1435.5,JAMESON,0.8498,961.3,46.4,49.5,15.2,1920,1080,0.036,986.0,54.0
Round1,Q1,2871,1435.5,JAMESON,0.8488,1427.7,39.1,51.6,14.8,1920,1080,0.037,1453.5,46.5
Round1,Q1,2871,1435.5,JAMESON,0.8481,1238.9,41.3,51.1,15.5,1920,1080,0.038,1264.4,49.1
Round1,Q1,2871,1435.5,JAMESON,0.8474,1684.9,188.7,58.3,17.2,1920,1080,0.048,1714.0,197.4
Round1,Q1,2871,1435.5,JAMESON,0.8457,776.9,50.8,50.4,15.8,1920,1080,0.038,802.0,58.7
Round1,Q1,2871,1435.5,JAMESON,0.8439,1578.9,189.8,54.3,17.4,1920,1080,0.045,1606.1,198.5
Round1,Q1,2871,1435.5,JAMESON,0.8432,782.5,222.7,50.2,18.2,1920,1080,0.044,807.6,231.7
Round1,Q1,2871,1435.5,JAMESON,0.8422,684.0,53.3,50.1,15.8,1920,1080,0.038,709.1,61.2
Round1,Q1,2871,1435.5,JAMESON,0.8408,877.2,215.3,52.6,17.6,1920,1080,0.045,903.5,224.1
Round1,Q1,2871,1435.5,JAMESON,0.8398,689.1,231.6,49.4,18.0,1920,1080,0.043,713.8,240.7
Round1,Q1,2871,1435.5,JAMESON,0.8396,1053.5,44.8,49.8,14.9,1920,1080,0.036,1078.4,52.3
Round1,Q1,2871,1435.5,JAMESON,0.839,1072.4,204.1,51.3,17.1,1920,1080,0.042,1098.0,212.7
Round1,Q1,2871,1435.5,JAMESON,0.8308,590.5,56.2,50.9,16.1,1920,1080,0.04,616.0,64.3
Round1,Q1,2871,1435.5,JAMESON,0.8089,496.7,59.5,48.5,16.0,1920,1080,0.037,521.0,67.5
Round1,Q1,2871,1435.5,JAMESON,0.8006,595.8,241.9,49.7,18.0,1920,1080,0.043,620.7,250.9
Round1,Q1,2871,1435.5,JAMESON,0.8002,1270.7,196.3,51.8,17.2,1920,1080,0.043,1296.5,204.9
Round1,Q1,2871,1435.5,JAMESON,0.7978,414.6,266.4,46.5,19.6,1920,1080,0.044,437.9,276.2
Round1,Q1,2871,1435.5,JAMESON,0.7962,1472.7,191.5,51.6,16.7,1920,1080,0.042,1498.5,199.8
Round1,Q1,2871,1435.5,JAMESON,0.7887,167.0,318.2,40.8,23.9,1920,1080,0.047,187.4,330.1
Round1,Q1,2871,1435.5,JAMESON,0.778,86.1,341.0,46.4,23.6,1920,1080,0.053,109.3,352.8
Round1,Q1,2871,1435.5,JAMESON,0.773,1800.1,187.9,52.0,16.7,1920,1080,0.042,1826.1,196.3
Round1,Q1,2871,1435.5,JAMESON,0.7709,401.6,63.3,50.5,16.5,1920,1080,0.04,426.8,71.5
Round1,Q1,2871,1435.5,JAMESON,0.7579,329.0,281.8,45.7,20.4,1920,1080,0.045,351.9,292.1
Round1,Q1,2871,1435.5,JAMESON,0.7569,505.3,253.0,45.0,17.5,1920,1080,0.038,527.8,261.8
Round1,Q1,2871,1435.5,JAMESON,0.6912,19.2,367.5,35.5,26.2,1920,1080,0.045,36.9,380.6
Round1,Q1,2871,1435.5,JAMESON,0.682,0.0,79.6,14.5,20.5,1920,1080,0.014,7.3,89.8
Round1,Q1,2871,1435.5,JAMESON,0.541,245.0,298.9,45.6,22.2,1920,1080,0.049,267.8,310.0
Round1,Q1,2871,1435.5,JAMESON,0.5194,1909.7,188.8,10.3,16.1,1920,1080,0.008,1914.8,196.9
Round1,Q1,2874,1437.0,EMIRATES,0.766,714.8,935.7,63.3,25.0,1920,1080,0.076,746.4,948.2
Round1,Q1,2874,1437.0,EMIRATES,0.3739,1032.2,505.7,25.0,16.7,1920,1080,0.02,1044.7,514.0
Round1,Q1,2875,1437.5,EMIRATES,0.8887,598.2,586.4,61.5,17.7,1920,1080,0.052,629.0,595.2
Round1,Q1,2875,1437.5,EMIRATES,0.8361,1136.7,376.2,46.7,15.9,1920,1080,0.036,1160.0,384.2
Round1,Q1,2875,1437.5,EMIRATES,0.6469,1351.9,250.0,60.1,23.6,1920,1080,0.068,1381.9,261.8
Round1,Q1,2876,1438.0,EMIRATES,0.8481,1006.1,369.4,62.9,17.3,1920,1080,0.052,1037.6,378.0
Round1,Q1,2876,1438.0,EMIRATES,0.6766,852.7,289.1,36.7,16.8,1920,1080,0.03,871.0,297.5
Round1,Q1,2877,1438.5,EMIRATES,0.8581,722.3,622.2,65.2,20.8,1920,1080,0.065,754.9,632.7
Round1,Q1,2877,1438.5,EMIRATES,0.6108,748.6,384.4,50.7,16.0,1920,1080,0.039,774.0,392.4
Round1,Q1,2878,1439.0,EMIRATES,0.8968,944.5,271.3,50.9,22.2,1920,1080,0.055,969.9,282.4
Round1,Q1,2878,1439.0,EMIRATES,0.8711,663.7,644.0,61.8,18.8,1920,1080,0.056,694.6,653.4
Round1,Q1,2878,1439.0,EMIRATES,0.8367,1334.0,201.7,33.2,17.6,1920,1080,0.028,1350.6,210.5
Round1,Q1,2879,1439.5,EMIRATES,0.8829,1295.8,157.5,45.6,15.2,1920,1080,0.033,1318.6,165.1
Round1,Q1,2879,1439.5,EMIRATES,0.8794,280.9,940.6,71.6,18.2,1920,1080,0.063,316.7,949.7
Round1,Q1,2879,1439.5,EMIRATES,0.8157,521.7,542.8,65.4,18.9,1920,1080,0.06,554.4,552.3
Round1,Q1,2879,1439.5,EMIRATES,0.3362,253.0,1058.4,90.8,20.9,1920,1080,0.092,298.4,1068.9
Round1,Q1,2880,1440.0,EMIRATES,0.8862,81.7,503.6,59.1,19.1,1920,1080,0.055,111.3,513.1
Round1,Q1,2880,1440.0,EMIRATES,0.8712,29.2,827.6,68.6,20.3,1920,1080,0.067,63.6,837.7
Round1,Q1,2880,1440.0,EMIRATES,0.8569,171.5,31.8,37.0,25.7,1920,1080,0.046,190.1,44.7
Round1,Q1,2882,1441.0,EMIRATES,0.8517,1552.5,697.1,59.8,26.3,1920,1080,0.076,1582.4,710.2
Round1,Q1,2883,1441.5,EMIRATES,0.8437,1595.0,625.3,64.5,21.2,1920,1080,0.066,1627.2,635.9
Round1,Q1,2884,1442.0,EMIRATES,0.8742,1028.6,381.8,50.8,21.7,1920,1080,0.053,1054.0,392.7
Round1,Q1,2885,1442.5,EMIRATES,0.8883,903.7,412.3,63.0,18.4,1920,1080,0.056,935.2,421.5
Round1,Q1,2885,1442.5,EMIRATES,0.8818,416.9,341.2,45.0,22.5,1920,1080,0.049,439.4,352.5
Round1,Q1,2887,1443.5,EMIRATES,0.8464,216.1,647.3,66.7,16.9,1920,1080,0.054,249.4,655.8
Round1,Q1,2888,1444.0,EMIRATES,0.8753,387.9,689.7,64.1,15.9,1920,1080,0.049,419.9,697.6
Round1,Q1,2889,1444.5,EMIRATES,0.8444,1160.5,310.0,64.5,38.2,1920,1080,0.119,1192.7,329.0
Round1,Q1,2890,1445.0,EMIRATES,0.8691,1245.0,298.9,37.0,23.5,1920,1080,0.042,1263.6,310.7
Round1,Q1,2890,1445.0,EMIRATES,0.5365,839.8,24.7,68.8,25.6,1920,1080,0.085,874.2,37.5
Round1,Q1,2891,1445.5,EMIRATES,0.9014,1035.4,297.8,37.7,23.3,1920,1080,0.042,1054.3,309.5
Round1,Q1,2899,1449.5,EMIRATES,0.8899,1311.9,487.2,55.2,26.9,1920,1080,0.072,1339.5,500.6
Round1,Q1,2900,1450.0,EMIRATES,0.8793,1278.4,421.7,41.8,16.5,1920,1080,0.033,1299.3,429.9
Round1,Q1,2900,1450.0,EMIRATES,0.4068,667.2,675.2,44.0,22.7,1920,1080,0.048,689.3,686.6
Round1,Q1,2902,1451.0,EMIRATES,0.8745,604.4,535.7,73.8,19.5,1920,1080,0.069,641.3,545.4
Round1,Q1,2902,1451.0,EMIRATES,0.8649,1293.0,371.3,53.1,31.9,1920,1080,0.082,1319.5,387.2
Round1,Q1,2902,1451.0,EMIRATES,0.7479,1432.7,330.9,51.7,17.5,1920,1080,0.044,1458.6,339.7
Round1,Q1,2903,1451.5,EMIRATES,0.8403,906.6,313.9,54.5,25.9,1920,1080,0.068,933.8,326.8
Round1,Q1,2904,1452.0,EMIRATES,0.4479,419.9,266.4,20.9,21.2,1920,1080,0.021,430.4,277.0
Round1,Q1,2905,1452.5,EMIRATES,0.8874,171.4,410.0,39.8,18.9,1920,1080,0.036,191.3,419.5
Round1,Q1,2905,1452.5,EMIRATES,0.8715,946.2,366.6,45.8,17.0,1920,1080,0.038,969.1,375.1
Round1,Q1,2907,1453.5,EMIRATES,0.8935,236.3,311.8,32.1,20.2,1920,1080,0.031,252.4,321.9
Round1,Q1,2907,1453.5,EMIRATES,0.8661,897.7,421.5,52.0,24.3,1920,1080,0.061,923.7,433.7
Round1,Q1,2907,1453.5,EMIRATES,0.6413,728.9,312.4,30.2,20.6,1920,1080,0.03,744.0,322.7
Round1,Q1,2908,1454.0,EMIRATES,0.8261,1401.1,504.5,67.1,24.1,1920,1080,0.078,1434.7,516.6
Round1,Q1,2909,1454.5,EMIRATES,0.8482,986.4,299.2,47.4,18.6,1920,1080,0.043,1010.1,308.5
Round1,Q1,2910,1455.0,EMIRATES,0.8659,311.3,878.3,71.4,25.4,1920,1080,0.088,347.0,891.0
Round1,Q1,2910,1455.0,EMIRATES,0.7291,863.2,356.1,53.6,17.3,1920,1080,0.045,890.0,364.7
Round1,Q1,2911,1455.5,EMIRATES,0.8896,107.3,691.8,64.3,25.3,1920,1080,0.079,139.4,704.4
Round1,Q1,2911,1455.5,EMIRATES,0.867,850.3,145.9,46.8,18.6,1920,1080,0.042,873.7,155.2
Round1,Q1,2911,1455.5,EMIRATES,0.7704,1001.7,54.7,40.9,19.5,1920,1080,0.038,1022.1,64.4
Round1,Q1,2912,1456.0,EMIRATES,0.8981,217.0,691.0,66.4,15.7,1920,1080,0.05,250.1,698.8
Round1,Q1,2912,1456.0,EMIRATES,0.3836,1305.0,52.6,37.5,19.1,1920,1080,0.035,1323.7,62.1
Round1,Q1,2912,1456.0,EMIRATES,0.3298,1178.9,166.0,35.3,18.0,1920,1080,0.031,1196.5,175.0
Round1,Q1,2913,1456.5,EMIRATES,0.8557,919.5,219.1,67.4,17.8,1920,1080,0.058,953.2,228.0
Round1,Q1,2914,1457.0,EMIRATES,0.8789,1157.2,298.4,53.6,27.8,1920,1080,0.072,1184.0,312.3
Round1,Q1,2914,1457.0,EMIRATES,0.5976,88.8,487.7,52.7,28.2,1920,1080,0.072,115.1,501.8
Round1,Q1,2916,1458.0,ACCESS_COVERS,0.3107,0.0,110.3,100.6,36.8,1920,1080,0.179,50.3,128.7
Round1,Q1,2920,1460.0,EMIRATES,0.8912,932.6,524.2,175.4,54.5,1920,1080,0.461,1020.3,551.5
Round1,Q1,2921,1460.5,EMIRATES,0.8629,965.7,506.3,106.8,59.4,1920,1080,0.306,1019.1,536.0
Round1,Q1,2923,1461.5,EMIRATES,0.8419,1346.7,362.5,111.5,82.6,1920,1080,0.444,1402.5,403.8
Round1,Q1,2924,1462.0,EMIRATES,0.4188,1323.8,374.7,67.1,69.9,1920,1080,0.226,1357.4,409.6
Round1,Q1,2925,1462.5,EMIRATES,0.6678,1310.3,346.2,87.5,90.7,1920,1080,0.383,1354.0,391.5
Round1,Q1,2926,1463.0,EMIRATES,0.609,1125.6,492.4,29.7,50.2,1920,1080,0.072,1140.4,517.5
Round1,Q1,2927,1463.5,EMIRATES,0.6308,1271.6,366.5,89.2,97.1,1920,1080,0.418,1316.2,415.1
Round1,Q1,2928,1464.0,EMIRATES,0.8392,586.4,20.4,125.2,61.1,1920,1080,0.369,649.0,50.9
Round1,Q1,2929,1464.5,EMIRATES,0.8227,594.3,176.5,123.3,59.9,1920,1080,0.356,655.9,206.4
Round1,Q1,2931,1465.5,EMIRATES,0.8295,642.1,63.7,69.9,55.5,1920,1080,0.187,677.0,91.5
Round1,Q1,2933,1466.5,EMIRATES,0.559,661.5,60.6,82.3,47.7,1920,1080,0.19,702.7,84.4
Round1,Q1,2935,1467.5,JAMESON,0.59,322.4,226.1,27.6,8.0,1920,1080,0.011,336.2,230.1
Round1,Q1,2935,1467.5,JAMESON,0.5573,288.3,225.0,29.9,9.0,1920,1080,0.013,303.3,229.5
Round1,Q1,2935,1467.5,JAMESON,0.4713,254.8,225.9,28.6,8.2,1920,1080,0.011,269.1,230.0
Round1,Q1,2936,1468.0,JAMESON,0.5458,364.0,222.0,29.2,8.9,1920,1080,0.013,378.6,226.5
Round1,Q1,2936,1468.0,JAMESON,0.4948,328.9,222.0,29.8,9.1,1920,1080,0.013,343.8,226.5
Round1,Q1,2936,1468.0,JAMESON,0.3467,298.1,225.2,26.0,8.8,1920,1080,0.011,311.1,229.6
Round1,Q1,2936,1468.0,JAMESON,0.3035,297.7,222.0,26.3,9.2,1920,1080,0.012,310.8,226.6
Round1,Q1,2937,1468.5,JAMESON,0.6441,326.4,216.5,28.6,6.5,1920,1080,0.009,340.7,219.7
Round1,Q1,2937,1468.5,JAMESON,0.5868,395.4,215.1,30.1,7.0,1920,1080,0.01,410.5,218.6
Round1,Q1,2937,1468.5,JAMESON,0.5651,359.9,216.1,30.2,6.7,1920,1080,0.01,375.0,219.4
Round1,Q1,2938,1469.0,JAMESON,0.742,429.9,204.6,28.8,6.7,1920,1080,0.009,444.3,208.0
Round1,Q1,2938,1469.0,JAMESON,0.7177,358.9,205.3,29.7,6.3,1920,1080,0.009,373.7,208.4
Round1,Q1,2938,1469.0,JAMESON,0.6994,393.5,205.6,31.0,6.2,1920,1080,0.009,409.0,208.7
Round1,Q1,2939,1469.5,JAMESON,0.7061,462.6,193.5,30.4,7.9,1920,1080,0.012,477.8,197.4
Round1,Q1,2939,1469.5,JAMESON,0.6122,390.3,193.7,30.1,7.0,1920,1080,0.01,405.4,197.2
Round1,Q1,2939,1469.5,JAMESON,0.4721,425.8,194.1,31.5,7.0,1920,1080,0.011,441.6,197.6
Round1,Q1,2940,1470.0,JAMESON,0.7544,498.5,181.0,34.0,7.1,1920,1080,0.012,515.5,184.6
Round1,Q1,2940,1470.0,JAMESON,0.726,459.6,181.4,34.0,6.9,1920,1080,0.011,476.6,184.8
Round1,Q1,2940,1470.0,JAMESON,0.6671,424.8,182.4,29.4,7.2,1920,1080,0.01,439.5,186.0
Round1,Q1,2941,1470.5,JAMESON,0.718,504.0,167.1,31.0,7.3,1920,1080,0.011,519.5,170.7
Round1,Q1,2941,1470.5,JAMESON,0.6293,463.7,167.6,34.1,7.0,1920,1080,0.012,480.7,171.1
Round1,Q1,2941,1470.5,JAMESON,0.6052,426.9,168.1,31.8,6.6,1920,1080,0.01,442.8,171.4
Round1,Q1,2942,1471.0,JAMESON,0.6861,335.0,165.8,32.6,8.3,1920,1080,0.013,351.3,169.9
Round1,Q1,2942,1471.0,JAMESON,0.6496,415.4,165.1,33.5,8.1,1920,1080,0.013,432.1,169.1
Round1,Q1,2942,1471.0,JAMESON,0.6267,372.1,165.0,37.0,7.8,1920,1080,0.014,390.6,168.9
Round1,Q1,2943,1471.5,JAMESON,0.659,283.2,163.1,39.2,8.7,1920,1080,0.016,302.8,167.4
Round1,Q1,2943,1471.5,JAMESON,0.6297,328.2,162.9,37.7,8.5,1920,1080,0.015,347.1,167.1
Round1,Q1,2943,1471.5,JAMESON,0.6077,241.6,162.0,36.1,9.3,1920,1080,0.016,259.7,166.6
Round1,Q1,2944,1472.0,JAMESON,0.796,222.7,157.2,42.1,8.6,1920,1080,0.017,243.7,161.5
Round1,Q1,2944,1472.0,JAMESON,0.7857,178.8,156.9,37.7,8.8,1920,1080,0.016,197.6,161.3
Round1,Q1,2944,1472.0,JAMESON,0.7785,272.0,158.0,35.1,8.7,1920,1080,0.015,289.5,162.4
Round1,Q1,2945,1472.5,JAMESON,0.7667,139.9,154.2,39.3,8.7,1920,1080,0.017,159.6,158.6
Round1,Q1,2945,1472.5,JAMESON,0.7507,185.8,154.6,43.6,8.4,1920,1080,0.018,207.6,158.7
Round1,Q1,2945,1472.5,JAMESON,0.7504,235.9,155.2,39.8,8.8,1920,1080,0.017,255.8,159.6
Round1,Q1,2946,1473.0,JAMESON,0.7905,220.5,147.6,38.8,9.7,1920,1080,0.018,239.9,152.4
Round1,Q1,2946,1473.0,JAMESON,0.7814,169.7,146.9,44.3,9.8,1920,1080,0.021,191.8,151.8
Round1,Q1,2946,1473.0,JAMESON,0.781,119.0,146.8,42.8,9.2,1920,1080,0.019,140.4,151.4
Round1,Q1,2947,1473.5,JAMESON,0.713,212.2,140.0,45.2,9.6,1920,1080,0.021,234.8,144.8
Round1,Q1,2947,1473.5,JAMESON,0.7092,161.4,139.4,45.0,9.7,1920,1080,0.021,183.9,144.3
Round1,Q1,2947,1473.5,JAMESON,0.6883,111.0,138.0,42.7,10.1,1920,1080,0.021,132.3,143.0
Round1,Q1,2948,1474.0,JAMESON,0.8045,155.6,132.7,46.3,9.2,1920,1080,0.02,178.7,137.3
Round1,Q1,2948,1474.0,JAMESON,0.7904,102.8,131.2,44.8,10.2,1920,1080,0.022,125.1,136.3
Round1,Q1,2948,1474.0,JAMESON,0.7839,208.1,132.9,42.6,9.2,1920,1080,0.019,229.4,137.5
Round1,Q1,2949,1474.5,JAMESON,0.7673,157.4,128.0,46.9,10.0,1920,1080,0.023,180.8,133.0
Round1,Q1,2949,1474.5,JAMESON,0.7256,211.4,128.5,41.9,9.7,1920,1080,0.02,232.4,133.3
Round1,Q1,2949,1474.5,JAMESON,0.6384,106.2,127.5,41.4,10.5,1920,1080,0.021,126.9,132.8
Round1,Q1,2950,1475.0,JAMESON,0.7786,134.2,128.3,43.6,10.5,1920,1080,0.022,156.0,133.6
Round1,Q1,2950,1475.0,JAMESON,0.7692,186.2,128.9,46.1,9.4,1920,1080,0.021,209.2,133.6
Round1,Q1,2950,1475.0,JAMESON,0.7287,238.7,128.7,43.7,9.5,1920,1080,0.02,260.5,133.5
Round1,Q1,2951,1475.5,JAMESON,0.7904,220.1,135.5,45.5,9.7,1920,1080,0.021,242.8,140.3
Round1,Q1,2951,1475.5,JAMESON,0.7816,168.7,134.7,43.7,10.1,1920,1080,0.021,190.6,139.8
Round1,Q1,2951,1475.5,JAMESON,0.7723,271.8,135.0,39.5,10.0,1920,1080,0.019,291.6,140.0
Round1,Q1,2952,1476.0,JAMESON,0.7724,256.1,144.3,45.0,9.5,1920,1080,0.021,278.6,149.0
Round1,Q1,2952,1476.0,JAMESON,0.7723,207.6,143.0,42.2,10.1,1920,1080,0.02,228.7,148.1
Round1,Q1,2952,1476.0,JAMESON,0.7706,307.3,144.6,43.8,9.2,1920,1080,0.019,329.2,149.2
Round1,Q1,2953,1476.5,JAMESON,0.7712,242.7,152.5,41.1,9.6,1920,1080,0.019,263.2,157.3
Round1,Q1,2953,1476.5,JAMESON,0.7711,290.0,152.5,44.1,9.7,1920,1080,0.021,312.0,157.3
Round1,Q1,2953,1476.5,JAMESON,0.7452,339.9,153.0,41.2,9.2,1920,1080,0.018,360.6,157.6
Round1,Q1,2954,1477.0,JAMESON,0.7776,257.6,160.9,39.1,9.0,1920,1080,0.017,277.1,165.4
Round1,Q1,2954,1477.0,JAMESON,0.773,355.0,160.4,40.5,9.6,1920,1080,0.019,375.3,165.2
Round1,Q1,2954,1477.0,JAMESON,0.7629,305.3,160.3,43.5,9.4,1920,1080,0.02,327.1,165.0
Round1,Q1,2955,1477.5,JAMESON,0.7673,271.8,161.7,39.3,9.2,1920,1080,0.017,291.4,166.3
Round1,Q1,2955,1477.5,JAMESON,0.7507,366.9,161.8,41.6,9.8,1920,1080,0.02,387.7,166.7
Round1,Q1,2955,1477.5,JAMESON,0.7449,317.8,161.9,41.2,9.9,1920,1080,0.02,338.5,166.8
Round1,Q1,2956,1478.0,JAMESON,0.7763,277.2,160.9,40.5,8.7,1920,1080,0.017,297.4,165.2
Round1,Q1,2956,1478.0,JAMESON,0.7674,372.0,160.4,43.3,9.3,1920,1080,0.02,393.7,165.1
Round1,Q1,2956,1478.0,JAMESON,0.7615,324.4,160.6,41.4,9.3,1920,1080,0.019,345.1,165.3
Round1,Q1,2957,1478.5,JAMESON,0.796,315.4,158.7,45.8,9.2,1920,1080,0.02,338.3,163.3
Round1,Q1,2957,1478.5,JAMESON,0.7932,269.6,158.6,39.2,8.6,1920,1080,0.016,289.2,162.9
Round1,Q1,2957,1478.5,JAMESON,0.7606,368.8,159.0,39.5,8.9,1920,1080,0.017,388.5,163.5
Round1,Q1,2958,1479.0,JAMESON,0.7414,215.2,164.5,39.6,9.6,1920,1080,0.018,235.0,169.3
Round1,Q1,2958,1479.0,JAMESON,0.7375,261.0,165.2,46.0,9.6,1920,1080,0.021,284.0,170.0
Round1,Q1,2958,1479.0,JAMESON,0.7111,312.2,165.9,42.6,9.2,1920,1080,0.019,333.5,170.5
Round1,Q1,2959,1479.5,JAMESON,0.7786,162.6,181.0,42.4,9.4,1920,1080,0.019,183.8,185.7
Round1,Q1,2959,1479.5,JAMESON,0.7697,211.8,181.5,46.4,9.5,1920,1080,0.021,235.0,186.3
Round1,Q1,2959,1479.5,JAMESON,0.7479,262.3,181.7,41.7,9.2,1920,1080,0.019,283.1,186.3
Round1,Q1,2960,1480.0,JAMESON,0.7714,67.0,188.7,44.5,10.1,1920,1080,0.022,89.3,193.7
Round1,Q1,2960,1480.0,JAMESON,0.7653,171.4,190.7,41.8,9.5,1920,1080,0.019,192.3,195.4
Round1,Q1,2960,1480.0,JAMESON,0.7623,118.5,190.2,46.6,9.7,1920,1080,0.022,141.9,195.0
Round1,Q1,2961,1480.5,JAMESON,0.8091,20.7,193.9,49.5,10.8,1920,1080,0.026,45.5,199.3
Round1,Q1,2961,1480.5,JAMESON,0.754,77.5,194.7,44.5,9.9,1920,1080,0.021,99.7,199.6
Round1,Q1,2962,1481.0,JAMESON,0.4013,0.0,185.9,19.9,10.5,1920,1080,0.01,10.0,191.2
Round1,Q1,2965,1482.5,EMIRATES,0.8454,1100.9,544.0,50.7,39.7,1920,1080,0.097,1126.2,563.9
Round1,Q1,2966,1483.0,EMIRATES,0.8459,1211.1,337.4,68.7,27.6,1920,1080,0.091,1245.4,351.2
Round1,Q1,2972,1486.0,CRUSADER_CARAVANS,0.6116,1.5,212.2,59.0,36.6,1920,1080,0.104,31.0,230.5
Round1,Q1,2972,1486.0,CRUSADER_CARAVANS,0.4564,311.2,145.7,37.3,22.8,1920,1080,0.041,329.9,157.1
Round1,Q1,2973,1486.5,CRUSADER_CARAVANS,0.3539,4.7,215.7,62.9,40.0,1920,1080,0.121,36.1,235.7
Round1,Q1,2974,1487.0,CRUSADER_CARAVANS,0.3646,410.2,130.5,98.6,27.3,1920,1080,0.13,459.5,144.1
Round1,Q1,2975,1487.5,CRUSADER_CARAVANS,0.4216,0.0,232.4,22.9,33.0,1920,1080,0.036,11.5,248.9
Round1,Q1,2977,1488.5,CRUSADER_CARAVANS,0.4785,446.7,127.9,73.4,26.6,1920,1080,0.094,483.4,141.2
Round1,Q1,2987,1493.5,EMIRATES,0.868,1251.8,580.0,53.7,20.8,1920,1080,0.054,1278.6,590.4
Round1,Q1,2987,1493.5,EMIRATES,0.7973,1277.9,708.9,63.9,16.5,1920,1080,0.051,1309.9,717.1
Round1,Q1,2987,1493.5,EMIRATES,0.3613,816.0,355.8,61.1,23.3,1920,1080,0.069,846.5,367.4
Round1,Q1,2988,1494.0,EMIRATES,0.8435,1403.8,451.9,40.1,26.0,1920,1080,0.05,1423.9,464.9
Round1,Q1,2988,1494.0,EMIRATES,0.8086,1841.8,569.2,70.4,18.2,1920,1080,0.062,1877.0,578.3
Round1,Q1,2988,1494.0,EMIRATES,0.7142,1663.9,410.8,54.5,30.3,1920,1080,0.08,1691.2,425.9
Round1,Q1,2989,1494.5,EMIRATES,0.4932,248.4,98.3,72.5,24.5,1920,1080,0.086,284.7,110.6
Round1,Q1,2989,1494.5,EMIRATES,0.4166,1514.6,425.9,30.7,10.5,1920,1080,0.016,1530.0,431.1
Round1,Q1,2990,1495.0,EMIRATES,0.8965,641.6,905.6,59.7,18.3,1920,1080,0.053,671.4,914.7
Round1,Q1,2990,1495.0,EMIRATES,0.867,909.6,190.9,47.4,23.6,1920,1080,0.054,933.3,202.6
Round1,Q1,2991,1495.5,EMIRATES,0.8907,410.2,809.7,60.5,18.5,1920,1080,0.054,440.5,819.0
Round1,Q1,2991,1495.5,EMIRATES,0.8645,691.9,276.6,43.4,18.9,1920,1080,0.04,713.6,286.0
Round1,Q1,2992,1496.0,EMIRATES,0.8926,480.0,741.1,62.4,18.7,1920,1080,0.056,511.2,750.5
Round1,Q1,2992,1496.0,EMIRATES,0.8701,687.6,436.9,37.0,21.4,1920,1080,0.038,706.1,447.6
Round1,Q1,2993,1496.5,EMIRATES,0.8785,697.5,636.9,61.6,20.2,1920,1080,0.06,728.3,647.0
Round1,Q1,2994,1497.0,EMIRATES,0.882,830.3,493.9,61.1,18.6,1920,1080,0.055,860.8,503.1
Round1,Q1,2994,1497.0,EMIRATES,0.8718,1743.5,758.2,53.0,19.6,1920,1080,0.05,1770.0,767.9
Round1,Q1,2994,1497.0,EMIRATES,0.8677,905.1,366.4,51.1,17.5,1920,1080,0.043,930.7,375.2
Round1,Q1,2994,1497.0,EMIRATES,0.4498,1617.3,324.6,30.5,18.8,1920,1080,0.028,1632.5,334.0
Round1,Q1,2995,1497.5,EMIRATES,0.8921,851.2,450.5,58.8,20.5,1920,1080,0.058,880.6,460.8
Round1,Q1,2995,1497.5,EMIRATES,0.8466,1644.1,696.7,52.7,19.6,1920,1080,0.05,1670.4,706.5
Round1,Q1,2995,1497.5,EMIRATES,0.7776,922.3,344.2,34.7,15.2,1920,1080,0.025,939.6,351.8
Round1,Q1,2996,1498.0,EMIRATES,0.8877,969.6,384.6,58.9,18.9,1920,1080,0.054,999.1,394.0
Round1,Q1,2996,1498.0,EMIRATES,0.8825,1738.8,624.4,53.9,19.7,1920,1080,0.051,1765.8,634.2
Round1,Q1,2996,1498.0,EMIRATES,0.7725,1365.6,274.5,25.2,21.4,1920,1080,0.026,1378.2,285.2
Round1,Q1,2997,1498.5,EMIRATES,0.9022,912.3,367.9,54.9,18.8,1920,1080,0.05,939.8,377.3
Round1,Q1,2997,1498.5,EMIRATES,0.8823,820.7,330.4,43.7,23.5,1920,1080,0.049,842.5,342.1
Round1,Q1,2997,1498.5,EMIRATES,0.8688,1655.6,604.8,61.6,18.5,1920,1080,0.055,1686.4,614.1
Round1,Q1,2997,1498.5,EMIRATES,0.7224,485.3,0.3,28.6,9.3,1920,1080,0.013,499.6,4.9
Round1,Q1,2998,1499.0,EMIRATES,0.9071,887.3,356.6,54.2,18.2,1920,1080,0.048,914.3,365.7
Round1,Q1,2998,1499.0,EMIRATES,0.8951,581.6,31.4,35.2,15.5,1920,1080,0.026,599.3,39.2
Round1,Q1,2998,1499.0,EMIRATES,0.8865,834.7,326.6,49.1,19.8,1920,1080,0.047,859.2,336.5
Round1,Q1,2998,1499.0,EMIRATES,0.8806,1684.8,572.8,63.5,19.5,1920,1080,0.06,1716.5,582.5
Round1,Q1,2999,1499.5,EMIRATES,0.9026,928.1,331.6,57.3,22.2,1920,1080,0.061,956.8,342.7
Round1,Q1,2999,1499.5,EMIRATES,0.8949,649.3,28.8,41.8,14.6,1920,1080,0.029,670.2,36.1
Round1,Q1,2999,1499.5,EMIRATES,0.8892,1702.0,546.7,59.5,19.4,1920,1080,0.056,1731.8,556.4
Round1,Q1,3000,1500.0,EMIRATES,0.8911,1776.1,527.3,35.6,26.2,1920,1080,0.045,1793.9,540.4
Round1,Q1,3000,1500.0,EMIRATES,0.8897,847.5,317.2,56.4,18.6,1920,1080,0.051,875.7,326.5
Round1,Q1,3000,1500.0,EMIRATES,0.8867,946.0,351.3,59.5,22.1,1920,1080,0.063,975.7,362.3
Round1,Q1,3001,1500.5,EMIRATES,0.8974,741.9,286.1,56.1,16.6,1920,1080,0.045,769.9,294.4
Round1,Q1,3001,1500.5,EMIRATES,0.8452,576.5,34.8,38.1,14.7,1920,1080,0.027,595.6,42.2
Round1,Q1,3002,1501.0,EMIRATES,0.8953,965.5,464.4,38.5,17.5,1920,1080,0.033,984.8,473.2
Round1,Q1,3002,1501.0,EMIRATES,0.89,654.7,269.7,55.3,16.5,1920,1080,0.044,682.4,278.0
Round1,Q1,3003,1501.5,EMIRATES,0.885,977.8,499.5,44.3,19.0,1920,1080,0.041,1000.0,508.9
Round1,Q1,3003,1501.5,EMIRATES,0.8843,535.3,254.6,50.2,18.9,1920,1080,0.046,560.4,264.1
Round1,Q1,3003,1501.5,EMIRATES,0.8156,0.0,683.3,34.3,19.9,1920,1080,0.033,17.2,693.2
Round1,Q1,3003,1501.5,EMIRATES,0.6665,1192.8,316.9,38.4,14.1,1920,1080,0.026,1212.0,323.9
Round1,Q1,3004,1502.0,ACCESS_COVERS,0.7103,683.7,242.6,64.5,13.5,1920,1080,0.042,715.9,249.3
Round1,Q1,3004,1502.0,CYBERCX,0.6211,617.7,240.9,58.2,14.0,1920,1080,0.039,646.8,247.9
Round1,Q1,3005,1502.5,ACCESS_COVERS,0.7495,652.3,207.1,70.3,14.8,1920,1080,0.05,687.5,214.5
Round1,Q1,3005,1502.5,CYBERCX,0.6688,577.3,205.7,66.6,14.9,1920,1080,0.048,610.6,213.1
Round1,Q1,3006,1503.0,ACCESS_COVERS,0.774,613.9,165.0,78.1,15.2,1920,1080,0.057,653.0,172.6
Round1,Q1,3006,1503.0,CYBERCX,0.7052,528.8,162.3,74.7,17.3,1920,1080,0.062,566.1,171.0
Round1,Q1,3007,1503.5,ACCESS_COVERS,0.7582,576.9,120.4,85.1,18.3,1920,1080,0.075,619.4,129.5
Round1,Q1,3007,1503.5,CYBERCX,0.6971,486.4,117.0,78.0,20.2,1920,1080,0.076,525.4,127.1
Round1,Q1,3008,1504.0,ACCESS_COVERS,0.7211,536.0,78.5,96.1,18.9,1920,1080,0.087,584.1,87.9
Round1,Q1,3008,1504.0,CYBERCX,0.6869,435.7,74.4,85.0,20.2,1920,1080,0.083,478.2,84.5
Round1,Q1,3009,1504.5,ACCESS_COVERS,0.7812,497.4,35.8,101.7,21.7,1920,1080,0.106,548.2,46.7
Round1,Q1,3009,1504.5,CYBERCX,0.7238,388.2,32.9,92.6,20.8,1920,1080,0.093,434.5,43.3
Round1,Q1,3019,1509.5,EMIRATES,0.8871,1789.7,934.7,46.1,24.1,1920,1080,0.054,1812.7,946.8
Round1,Q1,3019,1509.5,EMIRATES,0.8847,1168.7,488.2,30.6,18.5,1920,1080,0.027,1184.0,497.5
Round1,Q1,3020,1510.0,EMIRATES,0.8997,1099.7,444.0,40.9,15.0,1920,1080,0.03,1120.1,451.5
Round1,Q1,3020,1510.0,EMIRATES,0.7418,1528.5,960.5,42.1,16.7,1920,1080,0.034,1549.5,968.8
Round1,Q1,3021,1510.5,EMIRATES,0.8944,1069.0,456.3,35.9,20.2,1920,1080,0.035,1087.0,466.5
Round1,Q1,3021,1510.5,EMIRATES,0.8258,1098.3,964.6,49.1,14.9,1920,1080,0.035,1122.8,972.0
Round1,Q1,3022,1511.0,EMIRATES,0.8843,1056.2,468.1,46.7,15.5,1920,1080,0.035,1079.6,475.8
Round1,Q1,3022,1511.0,EMIRATES,0.8476,0.0,676.3,51.0,15.3,1920,1080,0.038,25.5,684.0
Round1,Q1,3022,1511.0,EMIRATES,0.8302,586.7,907.6,56.4,17.8,1920,1080,0.048,614.9,916.5
Round1,Q1,3022,1511.0,EMIRATES,0.491,1167.1,857.8,34.8,17.6,1920,1080,0.029,1184.5,866.6
Round1,Q1,3023,1511.5,EMIRATES,0.8992,1202.5,454.8,48.5,19.3,1920,1080,0.045,1226.7,464.5
Round1,Q1,3023,1511.5,EMIRATES,0.8178,184.9,848.5,62.0,21.2,1920,1080,0.063,215.9,859.1
Round1,Q1,3023,1511.5,EMIRATES,0.8168,1089.7,843.1,52.3,16.5,1920,1080,0.042,1115.9,851.4
Round1,Q1,3023,1511.5,EMIRATES,0.8144,359.5,619.4,41.8,13.2,1920,1080,0.027,380.4,626.1
Round1,Q1,3023,1511.5,EMIRATES,0.4433,1098.8,450.4,33.6,13.3,1920,1080,0.022,1115.6,457.1
Round1,Q1,3024,1512.0,EMIRATES,0.8774,1385.7,347.0,45.8,14.1,1920,1080,0.031,1408.6,354.0
Round1,Q1,3024,1512.0,EMIRATES,0.8717,964.9,757.9,52.4,17.6,1920,1080,0.044,991.1,766.7
Round1,Q1,3024,1512.0,EMIRATES,0.8237,795.3,526.1,44.5,34.4,1920,1080,0.074,817.5,543.3
Round1,Q1,3025,1512.5,EMIRATES,0.864,868.0,673.4,52.5,19.9,1920,1080,0.05,894.2,683.4
Round1,Q1,3025,1512.5,EMIRATES,0.819,941.0,495.4,47.3,20.0,1920,1080,0.046,964.7,505.4
Round1,Q1,3026,1513.0,EMIRATES,0.8386,956.7,488.7,44.8,15.5,1920,1080,0.033,979.1,496.5
Round1,Q1,3026,1513.0,EMIRATES,0.8359,841.8,430.7,48.6,13.3,1920,1080,0.031,866.1,437.3
Round1,Q1,3026,1513.0,EMIRATES,0.8205,693.3,619.3,52.6,14.2,1920,1080,0.036,719.6,626.4
Round1,Q1,3027,1513.5,EMIRATES,0.8899,1661.9,261.5,44.0,18.2,1920,1080,0.039,1683.8,270.6
Round1,Q1,3027,1513.5,EMIRATES,0.7789,646.2,605.9,49.9,13.4,1920,1080,0.032,671.1,612.6
Round1,Q1,3027,1513.5,EMIRATES,0.7707,750.6,375.5,38.2,12.8,1920,1080,0.024,769.7,381.9
Round1,Q1,3028,1514.0,EMIRATES,0.8863,758.3,357.0,39.5,17.6,1920,1080,0.034,778.0,365.8
Round1,Q1,3028,1514.0,EMIRATES,0.8792,1866.6,195.0,33.0,22.8,1920,1080,0.036,1883.1,206.5
Round1,Q1,3028,1514.0,EMIRATES,0.8514,742.8,542.8,51.3,19.0,1920,1080,0.047,768.5,552.2
Round1,Q1,3029,1514.5,EMIRATES,0.8256,834.0,305.1,42.6,14.6,1920,1080,0.03,855.3,312.4
Round1,Q1,3029,1514.5,EMIRATES,0.3907,1085.8,359.4,41.9,24.1,1920,1080,0.049,1106.8,371.4
Round1,Q1,3030,1515.0,EMIRATES,0.8849,942.9,403.5,50.4,18.2,1920,1080,0.044,968.0,412.6
Round1,Q1,3030,1515.0,EMIRATES,0.8671,809.6,318.1,47.2,17.4,1920,1080,0.04,833.2,326.8
Round1,Q1,3030,1515.0,EMIRATES,0.8669,1580.1,292.9,49.3,17.4,1920,1080,0.041,1604.7,301.6
Round1,Q1,3031,1515.5,EMIRATES,0.8896,1459.3,271.4,47.6,15.5,1920,1080,0.036,1483.1,279.2
Round1,Q1,3031,1515.5,EMIRATES,0.8597,825.4,328.3,50.7,24.0,1920,1080,0.059,850.7,340.3
Round1,Q1,3032,1516.0,EMIRATES,0.8082,639.4,332.7,33.6,19.3,1920,1080,0.031,656.2,342.3
Round1,Q1,3032,1516.0,EMIRATES,0.4673,1271.1,276.3,47.2,13.9,1920,1080,0.032,1294.7,283.2
Round1,Q1,3033,1516.5,EMIRATES,0.4426,1168.0,197.5,29.2,15.6,1920,1080,0.022,1182.7,205.3
Round1,Q1,3033,1516.5,EMIRATES,0.3416,379.4,1058.1,61.4,13.4,1920,1080,0.04,410.1,1064.8
Round1,Q1,3034,1517.0,EMIRATES,0.8377,666.2,361.4,27.5,24.5,1920,1080,0.033,680.0,373.6
Round1,Q1,3035,1517.5,EMIRATES,0.8881,530.8,405.5,36.9,26.1,1920,1080,0.046,549.3,418.5
Round1,Q1,3035,1517.5,EMIRATES,0.7406,1260.0,370.1,36.5,17.5,1920,1080,0.031,1278.3,378.8
Round1,Q1,3036,1518.0,EMIRATES,0.8407,258.6,449.7,57.6,29.6,1920,1080,0.082,287.4,464.5
Round1,Q1,3036,1518.0,EMIRATES,0.3686,1408.2,559.7,28.5,14.1,1920,1080,0.019,1422.5,566.7
Round1,Q1,3037,1518.5,EMIRATES,0.87,761.8,367.5,43.9,15.2,1920,1080,0.032,783.7,375.0
Round1,Q1,3037,1518.5,EMIRATES,0.8524,915.9,702.2,73.3,20.4,1920,1080,0.072,952.5,712.5
Round1,Q1,3038,1519.0,EMIRATES,0.8707,779.4,480.7,49.1,21.7,1920,1080,0.051,804.0,491.6
Round1,Q1,3038,1519.0,EMIRATES,0.8492,541.0,864.8,57.6,25.4,1920,1080,0.071,569.8,877.5
Round1,Q1,3038,1519.0,EMIRATES,0.8007,138.0,281.2,30.0,23.7,1920,1080,0.034,153.0,293.1
Round1,Q1,3038,1519.0,EMIRATES,0.7641,864.5,350.6,46.3,23.3,1920,1080,0.052,887.6,362.3
Round1,Q1,3047,1523.5,EMIRATES,0.8733,1199.1,436.5,155.0,54.1,1920,1080,0.404,1276.6,463.6
Round1,Q1,3048,1524.0,EMIRATES,0.8996,1221.1,480.6,163.0,56.9,1920,1080,0.447,1302.6,509.0
Round1,Q1,3049,1524.5,EMIRATES,0.8471,1114.4,560.9,168.4,61.9,1920,1080,0.503,1198.6,591.9
Round1,Q1,3050,1525.0,EMIRATES,0.9048,1054.6,462.6,158.6,51.8,1920,1080,0.396,1133.9,488.5
Round1,Q1,3050,1525.0,EMIRATES,0.6027,892.0,1059.4,104.5,20.6,1920,1080,0.104,944.2,1069.7
Round1,Q1,3051,1525.5,EMIRATES,0.8605,1058.1,520.9,175.8,61.5,1920,1080,0.521,1146.0,551.7
Round1,Q1,3052,1526.0,EMIRATES,0.8488,1130.3,490.1,178.6,59.8,1920,1080,0.515,1219.6,520.0
Round1,Q1,3053,1526.5,EMIRATES,0.8855,1185.6,462.3,171.5,55.6,1920,1080,0.46,1271.3,490.1
Round1,Q1,3054,1527.0,CYBERCX,0.8901,655.5,328.5,256.1,87.8,1920,1080,1.084,783.5,372.4
Round1,Q1,3054,1527.0,CYBERCX,0.7208,288.7,284.5,250.3,80.7,1920,1080,0.975,413.8,324.8
Round1,Q1,3054,1527.0,CYBERCX,0.6687,0.0,317.6,46.5,81.8,1920,1080,0.183,23.2,358.4
Round1,Q1,3055,1527.5,CYBERCX,0.8901,655.9,328.7,246.4,86.5,1920,1080,1.027,779.1,372.0
Round1,Q1,3055,1527.5,CYBERCX,0.6593,0.0,315.6,47.8,85.3,1920,1080,0.197,23.9,358.3
Round1,Q1,3055,1527.5,CYBERCX,0.6592,288.3,283.0,251.4,82.2,1920,1080,0.997,414.0,324.1
Round1,Q1,3056,1528.0,CYBERCX,0.8978,649.7,328.5,235.9,86.1,1920,1080,0.979,767.7,371.5
Round1,Q1,3056,1528.0,CYBERCX,0.6726,283.3,283.9,249.8,82.2,1920,1080,0.99,408.3,325.0
Round1,Q1,3056,1528.0,CYBERCX,0.589,0.0,316.1,39.9,82.8,1920,1080,0.159,19.9,357.5
Round1,Q1,3057,1528.5,CYBERCX,0.8972,620.6,328.6,233.1,85.1,1920,1080,0.956,737.2,371.2
Round1,Q1,3057,1528.5,CYBERCX,0.8238,249.3,281.8,82.5,75.6,1920,1080,0.301,290.5,319.7
Round1,Q1,3058,1529.0,CYBERCX,0.8979,608.6,328.4,235.8,85.4,1920,1080,0.972,726.5,371.1
Round1,Q1,3058,1529.0,CYBERCX,0.7737,233.7,281.6,83.8,75.9,1920,1080,0.307,275.6,319.6
Round1,Q1,3059,1529.5,CYBERCX,0.8982,607.2,328.5,233.1,86.2,1920,1080,0.969,723.8,371.6
Round1,Q1,3059,1529.5,CYBERCX,0.6869,232.7,282.2,82.4,74.9,1920,1080,0.298,273.9,319.7
Round1,Q1,3060,1530.0,CYBERCX,0.8917,586.9,329.1,239.4,86.0,1920,1080,0.992,706.6,372.1
Round1,Q1,3060,1530.0,CYBERCX,0.8193,209.9,281.4,84.1,75.9,1920,1080,0.308,252.0,319.4
Round1,Q1,3061,1530.5,JAMESON,0.6021,732.8,161.1,33.6,7.8,1920,1080,0.013,749.6,165.0
Round1,Q1,3061,1530.5,JAMESON,0.5905,697.5,161.9,30.0,7.6,1920,1080,0.011,712.5,165.7
Round1,Q1,3061,1530.5,JAMESON,0.478,771.1,161.0,32.2,8.0,1920,1080,0.012,787.2,165.0
Round1,Q1,3062,1531.0,JAMESON,0.7245,622.7,154.1,32.3,8.0,1920,1080,0.013,638.9,158.1
Round1,Q1,3062,1531.0,JAMESON,0.6996,700.1,153.4,32.5,8.6,1920,1080,0.014,716.4,157.7
Round1,Q1,3062,1531.0,JAMESON,0.5939,661.2,152.9,33.6,9.2,1920,1080,0.015,678.1,157.5
Round1,Q1,3063,1531.5,JAMESON,0.7486,634.8,147.2,34.3,8.7,1920,1080,0.014,652.0,151.5
Round1,Q1,3063,1531.5,JAMESON,0.7395,591.7,148.1,38.5,8.5,1920,1080,0.016,611.0,152.3
Round1,Q1,3063,1531.5,JAMESON,0.7218,551.8,147.9,34.0,8.7,1920,1080,0.014,568.8,152.3
Round1,Q1,3064,1532.0,JAMESON,0.6909,467.9,140.4,34.9,8.6,1920,1080,0.014,485.3,144.7
Round1,Q1,3064,1532.0,JAMESON,0.6748,508.0,140.4,38.8,9.6,1920,1080,0.018,527.4,145.2
Round1,Q1,3064,1532.0,JAMESON,0.6385,552.8,139.5,37.6,9.5,1920,1080,0.017,571.6,144.3
Round1,Q1,3065,1532.5,JAMESON,0.7542,391.1,134.6,38.2,9.4,1920,1080,0.017,410.2,139.3
Round1,Q1,3065,1532.5,JAMESON,0.7425,481.0,134.6,38.5,9.3,1920,1080,0.017,500.2,139.3
Round1,Q1,3065,1532.5,JAMESON,0.7167,434.8,134.3,41.3,9.6,1920,1080,0.019,455.5,139.1
Round1,Q1,3066,1533.0,JAMESON,0.7002,305.3,126.0,41.0,9.7,1920,1080,0.019,325.8,130.8
Round1,Q1,3066,1533.0,JAMESON,0.6762,352.6,126.0,42.5,9.6,1920,1080,0.02,373.8,130.8
Round1,Q1,3066,1533.0,JAMESON,0.5205,402.6,126.0,38.4,9.7,1920,1080,0.018,421.8,130.9
Round1,Q1,3067,1533.5,JAMESON,0.6874,223.5,126.0,43.3,10.1,1920,1080,0.021,245.1,131.0
Round1,Q1,3067,1533.5,JAMESON,0.6836,274.4,126.0,44.6,10.2,1920,1080,0.022,296.8,131.1
Round1,Q1,3067,1533.5,JAMESON,0.4792,326.1,126.0,40.9,10.2,1920,1080,0.02,346.6,131.1
Round1,Q1,3068,1534.0,JAMESON,0.7313,121.0,126.0,44.6,10.4,1920,1080,0.022,143.3,131.2
Round1,Q1,3068,1534.0,JAMESON,0.7272,231.9,128.6,45.9,10.1,1920,1080,0.022,254.9,133.6
Round1,Q1,3068,1534.0,JAMESON,0.7119,174.7,126.0,49.4,10.9,1920,1080,0.026,199.5,131.4
Round1,Q1,3069,1534.5,JAMESON,0.7689,21.3,125.3,48.0,10.2,1920,1080,0.024,45.3,130.4
Round1,Q1,3069,1534.5,JAMESON,0.7466,79.3,126.0,52.8,11.0,1920,1080,0.028,105.7,131.5
Round1,Q1,3069,1534.5,JAMESON,0.7363,141.0,127.5,49.6,10.5,1920,1080,0.025,165.8,132.8
Round1,Q1,3070,1535.0,JAMESON,0.7719,50.2,108.3,52.6,11.2,1920,1080,0.028,76.6,113.9
Round1,Q1,3070,1535.0,JAMESON,0.5298,0.3,106.8,42.1,11.0,1920,1080,0.022,21.4,112.3
Round1,Q1,3078,1539.0,EMIRATES,0.8859,836.3,229.4,55.2,20.1,1920,1080,0.054,863.9,239.5
Round1,Q1,3079,1539.5,EMIRATES,0.858,1033.0,383.6,65.2,23.1,1920,1080,0.073,1065.6,395.2
Round1,Q1,3080,1540.0,EMIRATES,0.8792,1226.9,529.6,55.0,31.3,1920,1080,0.083,1254.4,545.2
Round1,Q1,3080,1540.0,EMIRATES,0.775,194.6,965.2,60.3,24.5,1920,1080,0.071,224.8,977.4
Round1,Q1,3081,1540.5,EMIRATES,0.8915,1417.0,581.4,67.0,37.0,1920,1080,0.119,1450.5,599.9
Round1,Q1,3081,1540.5,EMIRATES,0.8742,415.0,882.5,55.3,51.6,1920,1080,0.137,442.6,908.3
Round1,Q1,3082,1541.0,EMIRATES,0.8942,1430.8,484.4,72.2,26.0,1920,1080,0.09,1467.0,497.4
Round1,Q1,3082,1541.0,EMIRATES,0.8742,562.4,778.6,73.0,28.5,1920,1080,0.1,598.9,792.9
Round1,Q1,3083,1541.5,EMIRATES,0.5073,932.9,561.9,75.1,58.4,1920,1080,0.212,970.5,591.1
Round1,Q1,3084,1542.0,EMIRATES,0.894,1154.0,437.5,100.5,51.8,1920,1080,0.251,1204.3,463.4
Round1,Q1,3085,1542.5,EMIRATES,0.8388,1216.1,772.8,113.3,70.6,1920,1080,0.386,1272.8,808.1
Round1,Q1,3086,1543.0,EMIRATES,0.9098,1037.9,543.1,127.3,38.3,1920,1080,0.235,1101.6,562.2
Round1,Q1,3087,1543.5,EMIRATES,0.8803,1052.5,587.2,110.0,40.9,1920,1080,0.217,1107.5,607.7
Round1,Q1,3088,1544.0,EMIRATES,0.8865,1110.0,478.4,58.8,47.1,1920,1080,0.134,1139.4,502.0
Round1,Q1,3089,1544.5,EMIRATES,0.3934,931.6,924.0,187.5,63.7,1920,1080,0.576,1025.3,955.8
Round1,Q1,3115,1557.5,ACCESS_COVERS,0.3222,1446.9,3.7,57.3,12.3,1920,1080,0.034,1475.5,9.8
Round1,Q1,3118,1559.0,EMIRATES,0.8857,1207.9,429.1,38.9,18.0,1920,1080,0.034,1227.4,438.1
Round1,Q1,3119,1559.5,EMIRATES,0.8127,927.0,747.0,61.6,35.0,1920,1080,0.104,957.8,764.5
Round1,Q1,3120,1560.0,EMIRATES,0.8687,1336.0,831.7,69.6,19.9,1920,1080,0.067,1370.7,841.7
Round1,Q1,3120,1560.0,EMIRATES,0.86,771.8,485.2,42.3,46.7,1920,1080,0.095,793.0,508.6
Round1,Q1,3122,1561.0,EMIRATES,0.6926,960.4,167.1,62.7,23.2,1920,1080,0.07,991.7,178.7
Round1,Q1,3123,1561.5,EMIRATES,0.7264,1164.4,434.7,26.0,39.3,1920,1080,0.049,1177.4,454.3
Round1,Q1,3124,1562.0,EMIRATES,0.7054,470.3,927.6,88.2,30.8,1920,1080,0.131,514.4,942.9
Round1,Q1,3125,1562.5,EMIRATES,0.8742,1215.8,420.6,53.6,23.6,1920,1080,0.061,1242.6,432.3
Round1,Q1,3129,1564.5,CRUSADER_CARAVANS,0.7995,118.0,28.1,84.3,25.5,1920,1080,0.104,160.1,40.9
Round1,Q1,3129,1564.5,CRUSADER_CARAVANS,0.7727,204.5,19.2,84.7,25.0,1920,1080,0.102,246.9,31.7
Round1,Q1,3129,1564.5,CRUSADER_CARAVANS,0.7648,292.6,15.6,37.3,19.7,1920,1080,0.035,311.2,25.5
Round1,Q1,3129,1564.5,CRUSADER_CARAVANS,0.7495,415.5,1.8,84.5,22.7,1920,1080,0.092,457.7,13.1
Round1,Q1,3129,1564.5,CRUSADER_CARAVANS,0.74,0.0,44.0,75.5,29.5,1920,1080,0.108,37.8,58.8
Round1,Q1,3129,1564.5,CRUSADER_CARAVANS,0.7212,333.1,8.2,82.6,21.8,1920,1080,0.087,374.4,19.2
Round1,Q1,3129,1564.5,CRUSADER_CARAVANS,0.6824,79.3,39.2,36.8,19.0,1920,1080,0.034,97.7,48.8
Round1,Q1,3129,1564.5,CRUSADER_CARAVANS,0.6113,504.1,0.7,36.4,15.4,1920,1080,0.027,522.3,8.4
Round1,Q1,3130,1565.0,CRUSADER_CARAVANS,0.8053,189.1,68.7,86.9,30.3,1920,1080,0.127,232.6,83.9
Round1,Q1,3130,1565.0,CRUSADER_CARAVANS,0.8023,108.8,81.5,81.0,30.3,1920,1080,0.118,149.3,96.6
Round1,Q1,3130,1565.0,CRUSADER_CARAVANS,0.801,618.9,23.6,90.0,25.5,1920,1080,0.11,663.9,36.3
Round1,Q1,3130,1565.0,CRUSADER_CARAVANS,0.7919,404.8,43.3,85.2,26.7,1920,1080,0.11,447.4,56.6
Round1,Q1,3130,1565.0,CRUSADER_CARAVANS,0.7892,318.6,52.3,86.3,27.4,1920,1080,0.114,361.7,66.0
Round1,Q1,3130,1565.0,CRUSADER_CARAVANS,0.7842,536.7,31.6,81.1,23.8,1920,1080,0.093,577.3,43.5
Round1,Q1,3130,1565.0,CRUSADER_CARAVANS,0.783,494.2,39.7,38.9,20.8,1920,1080,0.039,513.7,50.1
Round1,Q1,3130,1565.0,CRUSADER_CARAVANS,0.7789,711.9,21.1,39.2,20.0,1920,1080,0.038,731.5,31.0
Round1,Q1,3130,1565.0,CRUSADER_CARAVANS,0.7731,279.6,64.6,36.1,20.6,1920,1080,0.036,297.7,74.9
Round1,Q1,3130,1565.0,CRUSADER_CARAVANS,0.7466,754.4,15.0,81.1,22.1,1920,1080,0.086,795.0,26.0
Round1,Q1,3130,1565.0,CRUSADER_CARAVANS,0.7435,838.6,9.5,90.9,21.9,1920,1080,0.096,884.1,20.4
Round1,Q1,3130,1565.0,CRUSADER_CARAVANS,0.7221,932.5,7.9,38.9,18.5,1920,1080,0.035,951.9,17.1
Round1,Q1,3130,1565.0,CRUSADER_CARAVANS,0.6969,0.1,101.7,72.7,37.5,1920,1080,0.131,36.4,120.5
Round1,Q1,3130,1565.0,CRUSADER_CARAVANS,0.6139,970.6,2.2,184.6,20.6,1920,1080,0.184,1063.0,12.5
Round1,Q1,3131,1565.5,CRUSADER_CARAVANS,0.8127,436.3,49.5,38.3,21.9,1920,1080,0.04,455.5,60.5
Round1,Q1,3131,1565.5,CRUSADER_CARAVANS,0.81,48.0,105.9,79.2,35.8,1920,1080,0.137,87.6,123.8
Round1,Q1,3131,1565.5,CRUSADER_CARAVANS,0.805,477.9,36.4,89.9,29.3,1920,1080,0.127,522.8,51.0
Round1,Q1,3131,1565.5,CRUSADER_CARAVANS,0.8031,569.7,25.3,93.3,29.4,1920,1080,0.132,616.4,39.9
Round1,Q1,3131,1565.5,CRUSADER_CARAVANS,0.801,339.5,52.6,93.3,33.7,1920,1080,0.152,386.2,69.5
Round1,Q1,3131,1565.5,CRUSADER_CARAVANS,0.7998,709.9,13.2,91.0,26.7,1920,1080,0.117,755.5,26.6
Round1,Q1,3131,1565.5,CRUSADER_CARAVANS,0.7959,902.1,2.9,43.5,21.1,1920,1080,0.044,923.9,13.5
Round1,Q1,3131,1565.5,CRUSADER_CARAVANS,0.7939,256.2,67.3,84.2,31.6,1920,1080,0.128,298.3,83.1
Round1,Q1,3131,1565.5,CRUSADER_CARAVANS,0.7916,665.6,23.3,42.3,21.8,1920,1080,0.044,686.7,34.2
Round1,Q1,3131,1565.5,CRUSADER_CARAVANS,0.7779,802.2,6.2,96.7,25.5,1920,1080,0.119,850.6,19.0
Round1,Q1,3131,1565.5,CRUSADER_CARAVANS,0.7623,128.4,88.7,86.0,36.9,1920,1080,0.153,171.5,107.1
Round1,Q1,3131,1565.5,CRUSADER_CARAVANS,0.6961,11.3,128.2,36.5,26.3,1920,1080,0.046,29.5,141.3
Round1,Q1,3131,1565.5,CRUSADER_CARAVANS,0.6587,948.7,0.2,93.4,19.4,1920,1080,0.087,995.4,9.9
Round1,Q1,3131,1565.5,CRUSADER_CARAVANS,0.339,214.2,84.1,40.6,22.7,1920,1080,0.045,234.5,95.5
Round1,Q1,3131,1565.5,CRUSADER_CARAVANS,0.3247,0.7,134.3,9.5,26.5,1920,1080,0.012,5.4,147.5
Round1,Q1,3132,1566.0,CRUSADER_CARAVANS,0.8317,96.1,140.1,87.3,44.5,1920,1080,0.187,139.8,162.3
Round1,Q1,3132,1566.0,CRUSADER_CARAVANS,0.8315,27.2,164.9,69.8,47.5,1920,1080,0.16,62.1,188.6
Round1,Q1,3132,1566.0,CRUSADER_CARAVANS,0.8224,872.3,19.8,45.2,24.5,1920,1080,0.053,895.0,32.0
Round1,Q1,3132,1566.0,CRUSADER_CARAVANS,0.8168,921.2,10.1,96.1,28.4,1920,1080,0.132,969.3,24.3
Round1,Q1,3132,1566.0,CRUSADER_CARAVANS,0.8113,1019.3,2.8,105.8,27.7,1920,1080,0.141,1072.2,16.6
Round1,Q1,3132,1566.0,CRUSADER_CARAVANS,0.8089,769.1,22.8,99.7,31.8,1920,1080,0.153,818.9,38.7
Round1,Q1,3132,1566.0,CRUSADER_CARAVANS,0.8042,526.9,53.0,96.6,35.1,1920,1080,0.163,575.1,70.5
Round1,Q1,3132,1566.0,CRUSADER_CARAVANS,0.802,223.5,108.7,81.5,39.0,1920,1080,0.153,264.3,128.3
Round1,Q1,3132,1566.0,CRUSADER_CARAVANS,0.8017,305.1,89.1,87.5,40.8,1920,1080,0.172,348.9,109.5
Round1,Q1,3132,1566.0,CRUSADER_CARAVANS,0.7959,438.8,67.0,89.5,34.4,1920,1080,0.149,483.6,84.2
Round1,Q1,3132,1566.0,CRUSADER_CARAVANS,0.7927,672.5,34.6,96.0,31.3,1920,1080,0.145,720.5,50.3
Round1,Q1,3132,1566.0,CRUSADER_CARAVANS,0.7876,628.3,47.9,42.0,24.7,1920,1080,0.05,649.4,60.2
Round1,Q1,3132,1566.0,CRUSADER_CARAVANS,0.7841,185.4,133.2,36.4,26.6,1920,1080,0.047,203.6,146.5
Round1,Q1,3132,1566.0,CRUSADER_CARAVANS,0.717,0.0,196.4,26.6,37.0,1920,1080,0.047,13.3,214.9
Round1,Q1,3132,1566.0,CRUSADER_CARAVANS,0.7023,1129.3,0.5,45.6,21.0,1920,1080,0.046,1152.1,11.0
Round1,Q1,3133,1566.5,CRUSADER_CARAVANS,0.8347,186.7,141.7,93.1,49.8,1920,1080,0.224,233.3,166.6
Round1,Q1,3133,1566.5,CRUSADER_CARAVANS,0.8292,1027.0,10.7,51.9,26.2,1920,1080,0.066,1053.0,23.8
Round1,Q1,3133,1566.5,CRUSADER_CARAVANS,0.8239,325.9,107.1,84.4,44.2,1920,1080,0.18,368.1,129.2
Round1,Q1,3133,1566.5,CRUSADER_CARAVANS,0.8142,810.7,27.3,102.5,34.2,1920,1080,0.169,862.0,44.4
Round1,Q1,3133,1566.5,CRUSADER_CARAVANS,0.8138,114.8,167.3,72.1,52.9,1920,1080,0.184,150.9,193.8
Round1,Q1,3133,1566.5,CRUSADER_CARAVANS,0.8038,411.6,87.8,93.7,42.9,1920,1080,0.194,458.4,109.2
Round1,Q1,3133,1566.5,CRUSADER_CARAVANS,0.8029,3.3,215.7,78.1,60.0,1920,1080,0.226,42.4,245.7
Round1,Q1,3133,1566.5,CRUSADER_CARAVANS,0.8025,913.5,14.0,109.2,35.5,1920,1080,0.187,968.2,31.7
Round1,Q1,3133,1566.5,CRUSADER_CARAVANS,0.8025,761.1,41.3,46.4,27.5,1920,1080,0.061,784.3,55.0
Round1,Q1,3133,1566.5,CRUSADER_CARAVANS,0.7997,1081.1,1.7,107.1,28.9,1920,1080,0.149,1134.7,16.1
Round1,Q1,3133,1566.5,CRUSADER_CARAVANS,0.7908,650.1,46.5,105.5,38.8,1920,1080,0.197,702.9,65.9
Round1,Q1,3133,1566.5,CRUSADER_CARAVANS,0.7784,555.6,63.1,96.0,37.4,1920,1080,0.173,603.7,81.8
Round1,Q1,3133,1566.5,CRUSADER_CARAVANS,0.7668,81.3,204.2,33.7,32.0,1920,1080,0.052,98.1,220.2
Round1,Q1,3133,1566.5,CRUSADER_CARAVANS,0.7519,284.0,134.2,39.0,28.4,1920,1080,0.053,303.5,148.4
Round1,Q1,3133,1566.5,CRUSADER_CARAVANS,0.7244,1189.7,0.0,117.3,22.8,1920,1080,0.129,1248.3,11.4
Round1,Q1,3133,1566.5,CRUSADER_CARAVANS,0.4399,1312.9,0.0,48.2,13.8,1920,1080,0.032,1337.0,6.9
Round1,Q1,3134,1567.0,CRUSADER_CARAVANS,0.8335,872.9,20.0,49.1,28.5,1920,1080,0.068,897.5,34.2
Round1,Q1,3134,1567.0,CRUSADER_CARAVANS,0.8305,411.6,88.6,93.6,46.8,1920,1080,0.211,458.4,112.0
Round1,Q1,3134,1567.0,CRUSADER_CARAVANS,0.823,83.1,202.2,75.0,63.3,1920,1080,0.229,120.6,233.9
Round1,Q1,3134,1567.0,CRUSADER_CARAVANS,0.8186,1036.3,0.0,113.6,28.0,1920,1080,0.153,1093.1,14.0
Round1,Q1,3134,1567.0,CRUSADER_CARAVANS,0.8182,369.2,116.9,42.2,30.4,1920,1080,0.062,390.3,132.1
Round1,Q1,3134,1567.0,CRUSADER_CARAVANS,0.8125,925.7,4.8,110.9,35.8,1920,1080,0.191,981.2,22.6
Round1,Q1,3134,1567.0,CRUSADER_CARAVANS,0.8039,757.0,26.3,109.5,39.5,1920,1080,0.209,811.7,46.1
Round1,Q1,3134,1567.0,CRUSADER_CARAVANS,0.801,503.6,69.2,95.5,45.0,1920,1080,0.207,551.4,91.7
Round1,Q1,3134,1567.0,CRUSADER_CARAVANS,0.7914,273.6,123.3,91.0,52.6,1920,1080,0.231,319.1,149.7
Round1,Q1,3134,1567.0,CRUSADER_CARAVANS,0.7913,27.2,237.2,59.4,70.6,1920,1080,0.203,56.9,272.5
Round1,Q1,3134,1567.0,CRUSADER_CARAVANS,0.7884,656.1,39.5,99.6,42.4,1920,1080,0.204,705.9,60.7
Round1,Q1,3134,1567.0,CRUSADER_CARAVANS,0.7796,158.4,192.4,35.7,33.2,1920,1080,0.057,176.2,208.9
Round1,Q1,3134,1567.0,CRUSADER_CARAVANS,0.681,1157.3,0.0,52.8,16.0,1920,1080,0.041,1183.7,8.0
Round1,Q1,3134,1567.0,CRUSADER_CARAVANS,0.6054,193.5,150.1,77.7,59.7,1920,1080,0.224,232.4,180.0
Round1,Q1,3134,1567.0,CRUSADER_CARAVANS,0.3554,606.1,60.0,48.3,30.8,1920,1080,0.072,630.3,75.5
Round1,Q1,3136,1568.0,EMIRATES,0.3186,1140.3,759.7,99.0,40.1,1920,1080,0.191,1189.8,779.8
Round1,Q1,3137,1568.5,EMIRATES,0.5542,1118.4,305.4,59.3,19.2,1920,1080,0.055,1148.0,315.1
Round1,Q1,3138,1569.0,EMIRATES,0.8782,925.2,206.9,46.9,21.4,1920,1080,0.048,948.7,217.6
Round1,Q1,3139,1569.5,EMIRATES,0.4324,735.6,358.9,31.7,23.8,1920,1080,0.036,751.4,370.8
Round1,Q1,3140,1570.0,EMIRATES,0.8889,897.7,238.5,31.5,28.6,1920,1080,0.043,913.5,252.8
Round1,Q1,3140,1570.0,EMIRATES,0.5103,1068.6,414.3,45.3,35.3,1920,1080,0.077,1091.2,431.9
Round1,Q1,3141,1570.5,EMIRATES,0.906,1466.1,497.3,64.5,23.5,1920,1080,0.073,1498.3,509.0
Round1,Q1,3141,1570.5,EMIRATES,0.8913,873.2,285.9,46.0,25.6,1920,1080,0.057,896.2,298.8
Round1,Q1,3142,1571.0,EMIRATES,0.4347,985.9,275.5,24.4,34.4,1920,1080,0.04,998.1,292.7
Round1,Q1,3142,1571.0,EMIRATES,0.3704,908.6,327.7,17.7,25.2,1920,1080,0.022,917.4,340.3
Round1,Q1,3147,1573.5,CRUSADER_CARAVANS,0.8472,400.9,188.6,85.1,49.3,1920,1080,0.202,443.5,213.2
Round1,Q1,3147,1573.5,CRUSADER_CARAVANS,0.8435,525.6,155.9,78.4,44.8,1920,1080,0.169,564.7,178.3
Round1,Q1,3147,1573.5,CRUSADER_CARAVANS,0.8326,827.3,96.4,100.2,37.1,1920,1080,0.179,877.4,114.9
Round1,Q1,3147,1573.5,CRUSADER_CARAVANS,0.831,196.8,294.1,54.2,67.0,1920,1080,0.175,223.8,327.5
Round1,Q1,3147,1573.5,CRUSADER_CARAVANS,0.8247,487.3,181.5,36.3,28.1,1920,1080,0.049,505.4,195.6
Round1,Q1,3147,1573.5,CRUSADER_CARAVANS,0.8236,1078.3,64.6,100.7,33.5,1920,1080,0.163,1128.6,81.3
Round1,Q1,3147,1573.5,CRUSADER_CARAVANS,0.8234,247.2,260.1,57.1,59.2,1920,1080,0.163,275.8,289.7
Round1,Q1,3147,1573.5,CRUSADER_CARAVANS,0.8229,1458.6,33.8,52.1,30.9,1920,1080,0.077,1484.6,49.3
Round1,Q1,3147,1573.5,CRUSADER_CARAVANS,0.8209,931.0,89.3,44.5,30.6,1920,1080,0.066,953.2,104.6
Round1,Q1,3147,1573.5,CRUSADER_CARAVANS,0.817,1183.0,58.2,48.8,32.6,1920,1080,0.077,1207.4,74.4
Round1,Q1,3147,1573.5,CRUSADER_CARAVANS,0.8147,1511.5,27.0,117.2,32.8,1920,1080,0.186,1570.1,43.4
Round1,Q1,3147,1573.5,CRUSADER_CARAVANS,0.8132,338.0,217.4,64.2,52.3,1920,1080,0.162,370.0,243.5
Round1,Q1,3147,1573.5,CRUSADER_CARAVANS,0.8131,733.1,109.5,95.9,47.0,1920,1080,0.217,781.1,133.1
Round1,Q1,3147,1573.5,CRUSADER_CARAVANS,0.8129,1234.8,48.9,104.8,32.4,1920,1080,0.164,1287.2,65.1
Round1,Q1,3147,1573.5,CRUSADER_CARAVANS,0.809,305.4,251.8,33.2,30.6,1920,1080,0.049,322.0,267.1
Round1,Q1,3147,1573.5,CRUSADER_CARAVANS,0.8074,975.9,75.8,101.9,35.2,1920,1080,0.173,1026.9,93.4
Round1,Q1,3147,1573.5,CRUSADER_CARAVANS,0.8059,1337.8,39.1,116.0,33.1,1920,1080,0.185,1395.8,55.6
Round1,Q1,3147,1573.5,CRUSADER_CARAVANS,0.8037,1626.6,18.7,122.6,32.0,1920,1080,0.189,1688.0,34.7
Round1,Q1,3147,1573.5,CRUSADER_CARAVANS,0.8034,603.2,134.6,89.8,43.7,1920,1080,0.189,648.1,156.4
Round1,Q1,3147,1573.5,CRUSADER_CARAVANS,0.8004,1813.7,9.1,101.8,31.0,1920,1080,0.152,1864.6,24.6
Round1,Q1,3147,1573.5,CRUSADER_CARAVANS,0.7935,1753.0,13.6,58.2,32.4,1920,1080,0.091,1782.1,29.8
Round1,Q1,3147,1573.5,CRUSADER_CARAVANS,0.7873,695.4,129.2,36.3,27.9,1920,1080,0.049,713.6,143.1
Round1,Q1,3148,1574.0,CRUSADER_CARAVANS,0.8473,156.1,300.4,52.9,67.5,1920,1080,0.172,182.5,334.1
Round1,Q1,3148,1574.0,CRUSADER_CARAVANS,0.8416,296.1,225.1,64.9,51.9,1920,1080,0.162,328.6,251.0
Round1,Q1,3148,1574.0,CRUSADER_CARAVANS,0.8348,359.2,197.8,81.0,47.2,1920,1080,0.184,399.7,221.4
Round1,Q1,3148,1574.0,CRUSADER_CARAVANS,0.8309,442.5,189.7,37.4,29.1,1920,1080,0.053,461.2,204.2
Round1,Q1,3148,1574.0,CRUSADER_CARAVANS,0.8296,206.2,267.1,57.0,59.5,1920,1080,0.163,234.7,296.8
Round1,Q1,3148,1574.0,CRUSADER_CARAVANS,0.8261,777.8,105.5,97.0,36.5,1920,1080,0.171,826.2,123.8
Round1,Q1,3148,1574.0,CRUSADER_CARAVANS,0.8228,1020.4,74.1,103.2,33.9,1920,1080,0.169,1072.0,91.1
Round1,Q1,3148,1574.0,CRUSADER_CARAVANS,0.8226,1124.8,68.7,48.8,28.9,1920,1080,0.068,1149.2,83.2
Round1,Q1,3148,1574.0,CRUSADER_CARAVANS,0.8213,923.4,85.9,96.9,34.3,1920,1080,0.16,971.8,103.1
Round1,Q1,3148,1574.0,CRUSADER_CARAVANS,0.82,480.5,164.1,77.2,44.9,1920,1080,0.167,519.1,186.5
Round1,Q1,3148,1574.0,CRUSADER_CARAVANS,0.8193,1176.0,58.8,102.7,31.7,1920,1080,0.157,1227.4,74.6
Round1,Q1,3148,1574.0,CRUSADER_CARAVANS,0.8169,263.3,260.4,32.3,31.5,1920,1080,0.049,279.5,276.1
Round1,Q1,3148,1574.0,CRUSADER_CARAVANS,0.8149,879.0,97.1,44.0,32.6,1920,1080,0.069,901.0,113.4
Round1,Q1,3148,1574.0,CRUSADER_CARAVANS,0.8138,1679.0,23.0,55.9,32.4,1920,1080,0.087,1706.9,39.2
Round1,Q1,3148,1574.0,CRUSADER_CARAVANS,0.8114,1737.5,18.7,115.5,32.0,1920,1080,0.178,1795.3,34.7
Round1,Q1,3148,1574.0,CRUSADER_CARAVANS,0.8112,554.9,143.5,93.5,43.4,1920,1080,0.196,601.6,165.2
Round1,Q1,3148,1574.0,CRUSADER_CARAVANS,0.8108,1277.5,49.8,114.2,32.6,1920,1080,0.179,1334.6,66.1
Round1,Q1,3148,1574.0,CRUSADER_CARAVANS,0.8079,1446.7,37.8,112.3,32.4,1920,1080,0.175,1502.8,54.0
Round1,Q1,3148,1574.0,CRUSADER_CARAVANS,0.8078,686.6,118.2,93.2,45.5,1920,1080,0.205,733.2,140.9
Round1,Q1,3148,1574.0,CRUSADER_CARAVANS,0.8054,1394.4,45.1,51.7,29.9,1920,1080,0.074,1420.2,60.0
Round1,Q1,3148,1574.0,CRUSADER_CARAVANS,0.7964,1557.2,29.6,120.8,31.0,1920,1080,0.18,1617.6,45.1
Round1,Q1,3148,1574.0,CRUSADER_CARAVANS,0.7806,1856.3,13.3,63.7,31.8,1920,1080,0.098,1888.1,29.1
Round1,Q1,3148,1574.0,CRUSADER_CARAVANS,0.7279,648.2,135.2,37.7,31.0,1920,1080,0.056,667.1,150.7
Round1,Q1,3149,1574.5,CRUSADER_CARAVANS,0.8464,178.3,280.4,54.5,58.0,1920,1080,0.152,205.5,309.4
Round1,Q1,3149,1574.5,CRUSADER_CARAVANS,0.8333,127.7,310.8,54.7,66.5,1920,1080,0.176,155.0,344.0
Round1,Q1,3149,1574.5,CRUSADER_CARAVANS,0.8252,741.1,119.6,94.9,35.7,1920,1080,0.163,788.5,137.5
Round1,Q1,3149,1574.5,CRUSADER_CARAVANS,0.8219,523.4,157.8,89.6,42.6,1920,1080,0.184,568.2,179.1
Round1,Q1,3149,1574.5,CRUSADER_CARAVANS,0.8206,448.2,177.8,75.3,45.2,1920,1080,0.164,485.8,200.4
Round1,Q1,3149,1574.5,CRUSADER_CARAVANS,0.8205,1128.9,75.0,102.8,30.7,1920,1080,0.152,1180.3,90.4
Round1,Q1,3149,1574.5,CRUSADER_CARAVANS,0.8202,840.1,112.9,43.2,30.2,1920,1080,0.063,861.7,128.0
Round1,Q1,3149,1574.5,CRUSADER_CARAVANS,0.8177,1394.2,52.3,114.1,32.8,1920,1080,0.18,1451.3,68.7
Round1,Q1,3149,1574.5,CRUSADER_CARAVANS,0.8161,327.1,210.5,80.9,48.7,1920,1080,0.19,367.6,234.9
Round1,Q1,3149,1574.5,CRUSADER_CARAVANS,0.8142,411.1,203.6,35.5,28.0,1920,1080,0.048,428.9,217.6
Round1,Q1,3149,1574.5,CRUSADER_CARAVANS,0.8128,265.0,238.8,64.9,50.4,1920,1080,0.158,297.5,264.1
Round1,Q1,3149,1574.5,CRUSADER_CARAVANS,0.8094,1082.2,83.2,46.6,29.4,1920,1080,0.066,1105.5,97.9
Round1,Q1,3149,1574.5,CRUSADER_CARAVANS,0.8077,1503.2,45.0,115.6,32.0,1920,1080,0.179,1561.0,61.0
Round1,Q1,3149,1574.5,CRUSADER_CARAVANS,0.8073,980.2,89.0,99.0,33.4,1920,1080,0.16,1029.7,105.7
Round1,Q1,3149,1574.5,CRUSADER_CARAVANS,0.805,1344.6,60.5,50.5,29.4,1920,1080,0.072,1369.8,75.2
Round1,Q1,3149,1574.5,CRUSADER_CARAVANS,0.805,651.2,133.0,92.1,45.6,1920,1080,0.203,697.3,155.8
Round1,Q1,3149,1574.5,CRUSADER_CARAVANS,0.8047,1620.3,40.7,55.2,31.2,1920,1080,0.083,1647.9,56.3
Round1,Q1,3149,1574.5,CRUSADER_CARAVANS,0.8035,884.7,100.1,95.0,34.0,1920,1080,0.156,932.2,117.1
Round1,Q1,3149,1574.5,CRUSADER_CARAVANS,0.8033,1230.5,65.0,111.2,31.9,1920,1080,0.171,1286.0,81.0
Round1,Q1,3149,1574.5,CRUSADER_CARAVANS,0.8027,1791.2,27.7,127.1,32.2,1920,1080,0.198,1854.8,43.8
Round1,Q1,3149,1574.5,CRUSADER_CARAVANS,0.8026,1676.8,36.6,115.7,31.7,1920,1080,0.177,1734.7,52.4
Round1,Q1,3149,1574.5,CRUSADER_CARAVANS,0.7928,233.4,273.7,32.1,28.9,1920,1080,0.045,249.5,288.2
Round1,Q1,3149,1574.5,CRUSADER_CARAVANS,0.6957,614.4,150.0,37.5,28.1,1920,1080,0.051,633.1,164.0
Round1,Q1,3150,1575.0,CRUSADER_CARAVANS,0.8464,239.8,260.8,64.4,50.1,1920,1080,0.156,272.0,285.8
Round1,Q1,3150,1575.0,CRUSADER_CARAVANS,0.8398,154.6,302.4,54.5,57.5,1920,1080,0.151,181.9,331.1
Round1,Q1,3150,1575.0,CRUSADER_CARAVANS,0.8356,708.7,143.3,92.7,35.4,1920,1080,0.158,755.1,161.0
Round1,Q1,3150,1575.0,CRUSADER_CARAVANS,0.8303,624.2,155.7,85.2,44.3,1920,1080,0.182,666.8,177.8
Round1,Q1,3150,1575.0,CRUSADER_CARAVANS,0.8285,383.6,226.0,36.5,27.0,1920,1080,0.048,401.9,239.5
Round1,Q1,3150,1575.0,CRUSADER_CARAVANS,0.8265,1347.3,77.7,108.5,31.6,1920,1080,0.166,1401.6,93.5
Round1,Q1,3150,1575.0,CRUSADER_CARAVANS,0.8222,105.5,335.0,52.0,63.8,1920,1080,0.16,131.5,366.9
Round1,Q1,3150,1575.0,CRUSADER_CARAVANS,0.8195,805.6,135.8,41.9,29.8,1920,1080,0.06,826.5,150.7
Round1,Q1,3150,1575.0,CRUSADER_CARAVANS,0.8187,420.2,201.1,74.7,42.5,1920,1080,0.153,457.5,222.3
Round1,Q1,3150,1575.0,CRUSADER_CARAVANS,0.8185,1091.2,98.7,98.9,31.0,1920,1080,0.148,1140.7,114.2
Round1,Q1,3150,1575.0,CRUSADER_CARAVANS,0.818,1041.8,107.8,46.4,27.9,1920,1080,0.063,1065.0,121.8
Round1,Q1,3150,1575.0,CRUSADER_CARAVANS,0.8177,493.8,180.9,86.9,42.2,1920,1080,0.177,537.2,202.0
Round1,Q1,3150,1575.0,CRUSADER_CARAVANS,0.8143,1453.5,70.3,112.1,30.3,1920,1080,0.164,1509.5,85.4
Round1,Q1,3150,1575.0,CRUSADER_CARAVANS,0.8136,1568.4,67.3,53.6,29.7,1920,1080,0.077,1595.3,82.2
Round1,Q1,3150,1575.0,CRUSADER_CARAVANS,0.8109,1188.5,89.3,107.7,31.3,1920,1080,0.163,1242.4,105.0
Round1,Q1,3150,1575.0,CRUSADER_CARAVANS,0.8096,849.2,124.2,90.7,33.2,1920,1080,0.145,894.6,140.8
Round1,Q1,3150,1575.0,CRUSADER_CARAVANS,0.8082,1300.1,84.7,48.6,29.4,1920,1080,0.069,1324.4,99.4
Round1,Q1,3150,1575.0,CRUSADER_CARAVANS,0.8056,303.5,233.4,77.3,46.2,1920,1080,0.172,342.1,256.5
Round1,Q1,3150,1575.0,CRUSADER_CARAVANS,0.804,1622.1,62.4,112.2,30.0,1920,1080,0.162,1678.2,77.4
Round1,Q1,3150,1575.0,CRUSADER_CARAVANS,0.8026,1733.5,53.9,124.0,31.2,1920,1080,0.187,1795.6,69.5
Round1,Q1,3150,1575.0,CRUSADER_CARAVANS,0.7969,941.4,113.2,98.3,32.8,1920,1080,0.155,990.5,129.6
Round1,Q1,3150,1575.0,CRUSADER_CARAVANS,0.7956,210.1,295.8,30.4,27.3,1920,1080,0.04,225.3,309.5
Round1,Q1,3150,1575.0,CRUSADER_CARAVANS,0.784,1862.8,51.8,54.8,29.3,1920,1080,0.077,1890.1,66.5
Round1,Q1,3150,1575.0,CRUSADER_CARAVANS,0.5906,580.4,173.8,41.1,28.9,1920,1080,0.057,600.9,188.3
Round1,Q1,3151,1575.5,CRUSADER_CARAVANS,0.837,220.3,282.2,62.8,51.0,1920,1080,0.155,251.7,307.7
Round1,Q1,3151,1575.5,CRUSADER_CARAVANS,0.8293,471.0,202.9,85.3,42.1,1920,1080,0.173,513.6,223.9
Round1,Q1,3151,1575.5,CRUSADER_CARAVANS,0.826,136.5,323.4,54.4,56.3,1920,1080,0.148,163.8,351.6
Round1,Q1,3151,1575.5,CRUSADER_CARAVANS,0.8254,683.4,166.4,90.2,34.8,1920,1080,0.151,728.5,183.8
Round1,Q1,3151,1575.5,CRUSADER_CARAVANS,0.8196,399.0,222.7,73.3,42.2,1920,1080,0.149,435.7,243.8
Round1,Q1,3151,1575.5,CRUSADER_CARAVANS,0.8121,1685.1,78.5,119.6,31.5,1920,1080,0.182,1744.9,94.2
Round1,Q1,3151,1575.5,CRUSADER_CARAVANS,0.81,190.1,315.6,30.9,29.8,1920,1080,0.044,205.6,330.5
Round1,Q1,3151,1575.5,CRUSADER_CARAVANS,0.8097,361.5,247.5,36.5,27.9,1920,1080,0.049,379.7,261.4
Round1,Q1,3151,1575.5,CRUSADER_CARAVANS,0.8089,818.0,146.4,93.2,33.2,1920,1080,0.149,864.6,163.0
Round1,Q1,3151,1575.5,CRUSADER_CARAVANS,0.8078,1524.2,90.5,52.5,30.0,1920,1080,0.076,1550.5,105.5
Round1,Q1,3151,1575.5,CRUSADER_CARAVANS,0.8068,88.9,356.1,50.1,61.2,1920,1080,0.148,113.9,386.7
Round1,Q1,3151,1575.5,CRUSADER_CARAVANS,0.8041,282.5,255.6,75.9,47.0,1920,1080,0.172,320.5,279.1
Round1,Q1,3151,1575.5,CRUSADER_CARAVANS,0.8029,598.6,177.3,85.5,44.1,1920,1080,0.182,641.3,199.3
Round1,Q1,3151,1575.5,CRUSADER_CARAVANS,0.8004,1809.6,75.4,55.5,30.6,1920,1080,0.082,1837.3,90.8
Round1,Q1,3151,1575.5,CRUSADER_CARAVANS,0.7984,911.7,135.1,95.5,33.1,1920,1080,0.153,959.5,151.7
Round1,Q1,3151,1575.5,CRUSADER_CARAVANS,0.7984,1309.5,101.6,106.8,30.0,1920,1080,0.155,1362.9,116.6
Round1,Q1,3151,1575.5,CRUSADER_CARAVANS,0.7982,1413.0,93.7,110.4,30.6,1920,1080,0.163,1468.2,108.9
Round1,Q1,3151,1575.5,CRUSADER_CARAVANS,0.7981,1262.0,108.6,48.8,28.3,1920,1080,0.067,1286.4,122.7
Round1,Q1,3151,1575.5,CRUSADER_CARAVANS,0.7972,1009.3,129.9,45.3,29.2,1920,1080,0.064,1031.9,144.5
Round1,Q1,3151,1575.5,CRUSADER_CARAVANS,0.7957,777.2,158.7,41.6,29.7,1920,1080,0.06,798.0,173.6
Round1,Q1,3151,1575.5,CRUSADER_CARAVANS,0.7946,1150.7,112.3,108.5,31.0,1920,1080,0.162,1204.9,127.8
Round1,Q1,3151,1575.5,CRUSADER_CARAVANS,0.7937,1575.9,86.3,111.0,30.2,1920,1080,0.162,1631.4,101.4
Round1,Q1,3151,1575.5,CRUSADER_CARAVANS,0.79,1056.4,121.8,96.7,30.5,1920,1080,0.142,1104.7,137.0
Round1,Q1,3151,1575.5,CRUSADER_CARAVANS,0.6742,556.7,195.8,38.8,28.2,1920,1080,0.053,576.1,209.9
Round1,Q1,3151,1575.5,CRUSADER_CARAVANS,0.6713,1866.5,72.3,53.4,30.4,1920,1080,0.078,1893.2,87.5
Round1,Q1,3152,1576.0,CRUSADER_CARAVANS,0.8305,340.6,268.2,37.0,28.1,1920,1080,0.05,359.1,282.3
Round1,Q1,3152,1576.0,CRUSADER_CARAVANS,0.8301,118.5,343.4,53.5,57.4,1920,1080,0.148,145.3,372.1
Round1,Q1,3152,1576.0,CRUSADER_CARAVANS,0.8233,201.9,302.7,62.8,48.4,1920,1080,0.146,233.2,326.9
Round1,Q1,3152,1576.0,CRUSADER_CARAVANS,0.8194,448.0,223.8,85.5,41.7,1920,1080,0.172,490.8,244.7
Round1,Q1,3152,1576.0,CRUSADER_CARAVANS,0.8158,377.5,243.6,72.6,42.4,1920,1080,0.149,413.8,264.8
Round1,Q1,3152,1576.0,CRUSADER_CARAVANS,0.8078,1760.9,98.4,54.5,30.7,1920,1080,0.081,1788.1,113.8
Round1,Q1,3152,1576.0,CRUSADER_CARAVANS,0.806,793.2,167.9,86.7,33.3,1920,1080,0.139,836.5,184.6
Round1,Q1,3152,1576.0,CRUSADER_CARAVANS,0.8034,71.3,376.5,50.8,60.4,1920,1080,0.148,96.7,406.7
Round1,Q1,3152,1576.0,CRUSADER_CARAVANS,0.8032,1226.7,130.0,47.1,28.6,1920,1080,0.065,1250.3,144.3
Round1,Q1,3152,1576.0,CRUSADER_CARAVANS,0.8026,881.4,156.3,95.1,32.8,1920,1080,0.151,928.9,172.8
Round1,Q1,3152,1576.0,CRUSADER_CARAVANS,0.802,262.2,275.2,77.3,45.9,1920,1080,0.171,300.8,298.2
Round1,Q1,3152,1576.0,CRUSADER_CARAVANS,0.7997,1483.8,112.1,50.5,30.1,1920,1080,0.073,1509.1,127.2
Round1,Q1,3152,1576.0,CRUSADER_CARAVANS,0.7984,1273.2,122.4,102.9,32.0,1920,1080,0.159,1324.7,138.4
Round1,Q1,3152,1576.0,CRUSADER_CARAVANS,0.7983,1375.8,115.4,105.6,30.3,1920,1080,0.154,1428.7,130.5
Round1,Q1,3152,1576.0,CRUSADER_CARAVANS,0.7957,978.3,152.2,45.9,28.9,1920,1080,0.064,1001.2,166.6
Round1,Q1,3152,1576.0,CRUSADER_CARAVANS,0.7936,1118.2,133.4,105.5,31.6,1920,1080,0.161,1170.9,149.1
Round1,Q1,3152,1576.0,CRUSADER_CARAVANS,0.7935,653.6,186.6,93.3,35.5,1920,1080,0.16,700.3,204.3
Round1,Q1,3152,1576.0,CRUSADER_CARAVANS,0.7778,750.3,178.5,41.7,30.8,1920,1080,0.062,771.2,193.9
Round1,Q1,3152,1576.0,CRUSADER_CARAVANS,0.7768,572.5,199.5,82.9,44.6,1920,1080,0.178,613.9,221.8
Round1,Q1,3152,1576.0,CRUSADER_CARAVANS,0.7753,171.2,336.5,30.0,29.0,1920,1080,0.042,186.2,351.0
Round1,Q1,3152,1576.0,CRUSADER_CARAVANS,0.7749,1025.2,143.2,94.8,31.0,1920,1080,0.142,1072.6,158.7
Round1,Q1,3152,1576.0,CRUSADER_CARAVANS,0.7746,1814.6,97.1,104.7,26.1,1920,1080,0.132,1867.0,110.2
Round1,Q1,3152,1576.0,CRUSADER_CARAVANS,0.7738,1641.4,103.1,115.1,28.8,1920,1080,0.16,1699.0,117.5
Round1,Q1,3152,1576.0,CRUSADER_CARAVANS,0.7717,1533.9,109.6,112.0,29.5,1920,1080,0.159,1589.9,124.4
Round1,Q1,3152,1576.0,CRUSADER_CARAVANS,0.6788,533.2,216.8,37.7,29.6,1920,1080,0.054,552.1,231.6
Round1,Q1,3153,1576.5,CRUSADER_CARAVANS,0.8208,362.9,261.7,73.3,43.6,1920,1080,0.154,399.5,283.5
Round1,Q1,3153,1576.5,CRUSADER_CARAVANS,0.8201,191.0,323.2,62.9,46.0,1920,1080,0.139,222.4,346.2
Round1,Q1,3153,1576.5,CRUSADER_CARAVANS,0.8176,109.3,361.9,52.6,54.3,1920,1080,0.138,135.6,389.1
Round1,Q1,3153,1576.5,CRUSADER_CARAVANS,0.817,327.9,285.2,34.9,27.5,1920,1080,0.046,345.4,298.9
Round1,Q1,3153,1576.5,CRUSADER_CARAVANS,0.8164,554.0,218.8,84.3,41.3,1920,1080,0.168,596.1,239.5
Round1,Q1,3153,1576.5,CRUSADER_CARAVANS,0.8157,434.5,243.2,84.7,40.6,1920,1080,0.166,476.8,263.5
Round1,Q1,3153,1576.5,CRUSADER_CARAVANS,0.8102,250.4,296.2,74.3,44.7,1920,1080,0.16,287.6,318.5
Round1,Q1,3153,1576.5,CRUSADER_CARAVANS,0.8079,62.1,392.1,51.0,60.6,1920,1080,0.149,87.6,422.4
Round1,Q1,3153,1576.5,CRUSADER_CARAVANS,0.8079,1003.0,162.7,94.2,30.7,1920,1080,0.14,1050.1,178.1
Round1,Q1,3153,1576.5,CRUSADER_CARAVANS,0.8058,1778.2,116.8,114.5,28.7,1920,1080,0.159,1835.5,131.2
Round1,Q1,3153,1576.5,CRUSADER_CARAVANS,0.8057,772.6,186.9,90.7,33.0,1920,1080,0.144,817.9,203.4
Round1,Q1,3153,1576.5,CRUSADER_CARAVANS,0.8056,862.4,176.1,94.6,32.5,1920,1080,0.148,909.7,192.3
Round1,Q1,3153,1576.5,CRUSADER_CARAVANS,0.8046,1454.2,131.5,50.3,30.1,1920,1080,0.073,1479.4,146.6
Round1,Q1,3153,1576.5,CRUSADER_CARAVANS,0.8011,637.6,207.2,91.0,34.2,1920,1080,0.15,683.1,224.3
Round1,Q1,3153,1576.5,CRUSADER_CARAVANS,0.7966,1724.2,121.6,53.6,27.7,1920,1080,0.072,1751.0,135.5
Round1,Q1,3153,1576.5,CRUSADER_CARAVANS,0.7934,1248.6,143.6,99.8,29.3,1920,1080,0.141,1298.5,158.2
Round1,Q1,3153,1576.5,CRUSADER_CARAVANS,0.7897,1504.4,129.6,103.4,28.4,1920,1080,0.142,1556.1,143.8
Round1,Q1,3153,1576.5,CRUSADER_CARAVANS,0.7869,1094.5,155.2,105.0,29.8,1920,1080,0.151,1147.0,170.1
Round1,Q1,3153,1576.5,CRUSADER_CARAVANS,0.7831,1347.3,136.4,104.9,29.9,1920,1080,0.151,1399.8,151.3
Round1,Q1,3153,1576.5,CRUSADER_CARAVANS,0.7784,1200.8,149.7,48.5,28.0,1920,1080,0.065,1225.1,163.6
Round1,Q1,3153,1576.5,CRUSADER_CARAVANS,0.7758,159.9,353.9,31.5,29.6,1920,1080,0.045,175.6,368.7
Round1,Q1,3153,1576.5,CRUSADER_CARAVANS,0.768,957.3,169.8,44.2,29.7,1920,1080,0.063,979.4,184.7
Round1,Q1,3153,1576.5,CRUSADER_CARAVANS,0.7629,731.7,197.7,41.5,32.1,1920,1080,0.064,752.5,213.8
Round1,Q1,3153,1576.5,CRUSADER_CARAVANS,0.7609,1606.2,123.8,115.5,29.7,1920,1080,0.165,1664.0,138.7
Round1,Q1,3153,1576.5,CRUSADER_CARAVANS,0.4397,517.6,235.8,36.1,25.7,1920,1080,0.045,535.6,248.7
Round1,Q1,3153,1576.5,CRUSADER_CARAVANS,0.4057,1893.6,114.1,26.3,27.5,1920,1080,0.035,1906.7,127.8
Round1,Q1,3154,1577.0,CRUSADER_CARAVANS,0.8258,109.8,380.7,52.8,55.5,1920,1080,0.141,136.2,408.5
Round1,Q1,3154,1577.0,CRUSADER_CARAVANS,0.813,191.2,342.2,64.1,47.6,1920,1080,0.147,223.2,366.0
Round1,Q1,3154,1577.0,CRUSADER_CARAVANS,0.8128,430.9,263.2,83.9,40.7,1920,1080,0.165,472.9,283.5
Round1,Q1,3154,1577.0,CRUSADER_CARAVANS,0.8082,851.6,197.2,94.6,33.7,1920,1080,0.154,898.9,214.0
Round1,Q1,3154,1577.0,CRUSADER_CARAVANS,0.8059,1435.1,155.3,48.4,27.4,1920,1080,0.064,1459.3,169.0
Round1,Q1,3154,1577.0,CRUSADER_CARAVANS,0.8056,114.9,0.0,115.1,17.7,1920,1080,0.098,172.5,8.9
Round1,Q1,3154,1577.0,CRUSADER_CARAVANS,0.8045,252.2,316.2,72.6,44.8,1920,1080,0.157,288.5,338.6
Round1,Q1,3154,1577.0,CRUSADER_CARAVANS,0.8029,1328.7,157.6,105.4,31.0,1920,1080,0.157,1381.4,173.0
Round1,Q1,3154,1577.0,CRUSADER_CARAVANS,0.796,551.5,239.3,79.7,41.8,1920,1080,0.161,591.4,260.2
Round1,Q1,3154,1577.0,CRUSADER_CARAVANS,0.7959,632.6,227.0,89.6,35.3,1920,1080,0.153,677.4,244.6
Round1,Q1,3154,1577.0,CRUSADER_CARAVANS,0.7955,1187.6,173.3,45.5,25.0,1920,1080,0.055,1210.3,185.8
Round1,Q1,3154,1577.0,CRUSADER_CARAVANS,0.7875,1082.7,176.1,101.1,30.1,1920,1080,0.147,1133.3,191.1
Round1,Q1,3154,1577.0,CRUSADER_CARAVANS,0.7865,363.9,284.0,68.4,39.2,1920,1080,0.129,398.1,303.6
Round1,Q1,3154,1577.0,CRUSADER_CARAVANS,0.7848,1585.8,146.9,110.8,28.7,1920,1080,0.153,1641.2,161.3
Round1,Q1,3154,1577.0,CRUSADER_CARAVANS,0.7839,326.4,307.5,36.0,26.1,1920,1080,0.045,344.4,320.6
Round1,Q1,3154,1577.0,CRUSADER_CARAVANS,0.7838,947.0,191.7,41.8,29.4,1920,1080,0.059,967.9,206.4
Round1,Q1,3154,1577.0,CRUSADER_CARAVANS,0.783,1700.7,145.5,51.0,24.2,1920,1080,0.06,1726.2,157.7
Round1,Q1,3154,1577.0,CRUSADER_CARAVANS,0.783,1485.1,152.4,102.9,27.3,1920,1080,0.135,1536.5,166.1
Round1,Q1,3154,1577.0,CRUSADER_CARAVANS,0.78,989.7,184.4,95.3,29.9,1920,1080,0.137,1037.3,199.3
Round1,Q1,3154,1577.0,CRUSADER_CARAVANS,0.7734,0.0,0.0,66.4,27.5,1920,1080,0.088,33.2,13.7
Round1,Q1,3154,1577.0,CRUSADER_CARAVANS,0.7714,160.8,373.2,31.5,29.3,1920,1080,0.045,176.6,387.8
Round1,Q1,3154,1577.0,CRUSADER_CARAVANS,0.7616,765.6,209.7,86.0,31.4,1920,1080,0.13,808.6,225.4
Round1,Q1,3154,1577.0,CRUSADER_CARAVANS,0.7612,1234.2,164.9,96.7,28.5,1920,1080,0.133,1282.6,179.2
Round1,Q1,3154,1577.0,CRUSADER_CARAVANS,0.7595,1754.7,139.0,107.1,27.5,1920,1080,0.142,1808.3,152.7
Round1,Q1,3154,1577.0,CRUSADER_CARAVANS,0.754,68.0,0.0,45.3,19.4,1920,1080,0.042,90.7,9.7
Round1,Q1,3154,1577.0,CRUSADER_CARAVANS,0.7528,724.9,221.8,38.1,25.9,1920,1080,0.048,744.0,234.8
Round1,Q1,3154,1577.0,CRUSADER_CARAVANS,0.7142,1862.2,134.8,57.6,31.8,1920,1080,0.088,1891.0,150.7
Round1,Q1,3154,1577.0,CRUSADER_CARAVANS,0.6274,515.0,255.7,36.8,27.5,1920,1080,0.049,533.4,269.5
Round1,Q1,3154,1577.0,CRUSADER_CARAVANS,0.5102,71.8,409.3,42.1,52.1,1920,1080,0.106,92.9,435.3
Round1,Q1,3155,1577.5,CRUSADER_CARAVANS,0.8315,1179.2,189.1,44.2,24.1,1920,1080,0.051,1201.3,201.2
Round1,Q1,3155,1577.5,CRUSADER_CARAVANS,0.8282,366.2,299.0,69.7,39.7,1920,1080,0.133,401.0,318.8
Round1,Q1,3155,1577.5,CRUSADER_CARAVANS,0.8199,331.1,323.1,34.6,25.3,1920,1080,0.042,348.4,335.7
Round1,Q1,3155,1577.5,CRUSADER_CARAVANS,0.8155,198.6,356.8,60.3,46.4,1920,1080,0.135,228.8,380.0
Round1,Q1,3155,1577.5,CRUSADER_CARAVANS,0.8154,418.4,0.2,88.1,22.6,1920,1080,0.096,462.4,11.5
Round1,Q1,3155,1577.5,CRUSADER_CARAVANS,0.8151,1472.6,168.3,99.4,27.4,1920,1080,0.131,1522.2,181.9
Round1,Q1,3155,1577.5,CRUSADER_CARAVANS,0.811,122.9,8.0,116.4,29.4,1920,1080,0.165,181.1,22.6
Round1,Q1,3155,1577.5,CRUSADER_CARAVANS,0.811,1076.8,192.3,98.8,29.6,1920,1080,0.141,1126.2,207.1
Round1,Q1,3155,1577.5,CRUSADER_CARAVANS,0.8104,293.2,2.7,75.0,25.7,1920,1080,0.093,330.7,15.6
Round1,Q1,3155,1577.5,CRUSADER_CARAVANS,0.8068,632.2,243.2,87.9,33.7,1920,1080,0.143,676.1,260.0
Round1,Q1,3155,1577.5,CRUSADER_CARAVANS,0.8034,723.6,238.1,38.2,25.1,1920,1080,0.046,742.7,250.6
Round1,Q1,3155,1577.5,CRUSADER_CARAVANS,0.802,257.4,331.1,72.0,43.9,1920,1080,0.152,293.4,353.1
Round1,Q1,3155,1577.5,CRUSADER_CARAVANS,0.7996,505.7,0.0,95.9,20.1,1920,1080,0.093,553.7,10.0
Round1,Q1,3155,1577.5,CRUSADER_CARAVANS,0.7979,1224.3,181.9,95.7,28.1,1920,1080,0.13,1272.2,195.9
Round1,Q1,3155,1577.5,CRUSADER_CARAVANS,0.796,985.5,199.8,92.7,30.4,1920,1080,0.136,1031.8,214.9
Round1,Q1,3155,1577.5,CRUSADER_CARAVANS,0.7946,1571.9,164.2,108.3,28.4,1920,1080,0.148,1626.1,178.4
Round1,Q1,3155,1577.5,CRUSADER_CARAVANS,0.7914,76.5,13.7,45.5,25.8,1920,1080,0.057,99.3,26.7
Round1,Q1,3155,1577.5,CRUSADER_CARAVANS,0.7913,372.7,1.2,43.5,23.3,1920,1080,0.049,394.5,12.8
Round1,Q1,3155,1577.5,CRUSADER_CARAVANS,0.7882,763.2,224.0,89.1,32.0,1920,1080,0.137,807.8,240.0
Round1,Q1,3155,1577.5,CRUSADER_CARAVANS,0.7874,553.3,255.9,79.3,37.2,1920,1080,0.142,592.9,274.5
Round1,Q1,3155,1577.5,CRUSADER_CARAVANS,0.7865,1423.5,170.6,47.1,29.3,1920,1080,0.067,1447.0,185.2
Round1,Q1,3155,1577.5,CRUSADER_CARAVANS,0.7833,942.9,208.5,42.4,26.5,1920,1080,0.054,964.1,221.7
Round1,Q1,3155,1577.5,CRUSADER_CARAVANS,0.7799,435.1,279.3,82.0,38.8,1920,1080,0.153,476.1,298.7
Round1,Q1,3155,1577.5,CRUSADER_CARAVANS,0.7775,850.6,212.1,90.8,32.7,1920,1080,0.143,896.0,228.4
Round1,Q1,3155,1577.5,CRUSADER_CARAVANS,0.7757,1320.0,173.8,102.1,29.8,1920,1080,0.147,1371.0,188.7
Round1,Q1,3155,1577.5,CRUSADER_CARAVANS,0.7648,0.0,15.5,74.8,31.4,1920,1080,0.113,37.4,31.2
Round1,Q1,3155,1577.5,CRUSADER_CARAVANS,0.7487,1685.1,162.6,49.1,23.6,1920,1080,0.056,1709.6,174.4
Round1,Q1,3155,1577.5,CRUSADER_CARAVANS,0.7486,1737.2,157.7,107.1,26.0,1920,1080,0.134,1790.7,170.7
Round1,Q1,3155,1577.5,CRUSADER_CARAVANS,0.729,73.6,427.6,52.2,61.0,1920,1080,0.154,99.7,458.2
Round1,Q1,3155,1577.5,CRUSADER_CARAVANS,0.7159,1845.9,153.6,73.5,27.8,1920,1080,0.099,1882.6,167.5
Round1,Q1,3155,1577.5,CRUSADER_CARAVANS,0.6224,604.2,0.0,40.4,15.0,1920,1080,0.029,624.4,7.5
Round1,Q1,3155,1577.5,CRUSADER_CARAVANS,0.6167,123.4,392.0,47.1,57.6,1920,1080,0.131,146.9,420.8
Round1,Q1,3155,1577.5,CRUSADER_CARAVANS,0.6043,647.3,0.0,93.2,12.4,1920,1080,0.056,693.9,6.2
Round1,Q1,3155,1577.5,CRUSADER_CARAVANS,0.3292,169.1,388.8,29.1,27.4,1920,1080,0.039,183.7,402.5
Round1,Q1,3156,1578.0,CRUSADER_CARAVANS,0.8396,420.2,14.8,87.4,25.7,1920,1080,0.108,463.9,27.6
Round1,Q1,3156,1578.0,CRUSADER_CARAVANS,0.823,334.5,337.7,35.0,24.2,1920,1080,0.041,352.0,349.8
Round1,Q1,3156,1578.0,CRUSADER_CARAVANS,0.8224,85.3,32.1,44.6,25.5,1920,1080,0.055,107.6,44.8
Round1,Q1,3156,1578.0,CRUSADER_CARAVANS,0.8221,369.9,312.8,69.2,39.1,1920,1080,0.13,404.5,332.3
Round1,Q1,3156,1578.0,CRUSADER_CARAVANS,0.8185,438.0,294.3,80.0,38.4,1920,1080,0.148,478.0,313.5
Round1,Q1,3156,1578.0,CRUSADER_CARAVANS,0.8167,128.8,410.5,48.3,51.1,1920,1080,0.119,153.0,436.1
Round1,Q1,3156,1578.0,CRUSADER_CARAVANS,0.8086,506.9,11.6,94.5,26.7,1920,1080,0.122,554.2,24.9
Round1,Q1,3156,1578.0,CRUSADER_CARAVANS,0.8067,1309.5,190.9,99.5,28.5,1920,1080,0.137,1359.3,205.2
Round1,Q1,3156,1578.0,CRUSADER_CARAVANS,0.806,301.4,20.2,70.0,27.6,1920,1080,0.093,336.4,34.0
Round1,Q1,3156,1578.0,CRUSADER_CARAVANS,0.8048,760.4,238.9,83.6,32.0,1920,1080,0.129,802.2,254.9
Round1,Q1,3156,1578.0,CRUSADER_CARAVANS,0.8028,644.2,5.7,93.6,24.6,1920,1080,0.111,690.9,17.9
Round1,Q1,3156,1578.0,CRUSADER_CARAVANS,0.8021,1069.7,207.9,97.7,28.7,1920,1080,0.135,1118.6,222.3
Round1,Q1,3156,1578.0,CRUSADER_CARAVANS,0.7999,263.1,344.9,69.8,44.4,1920,1080,0.149,298.0,367.1
Round1,Q1,3156,1578.0,CRUSADER_CARAVANS,0.7978,603.1,9.8,41.8,22.3,1920,1080,0.045,624.0,21.0
Round1,Q1,3156,1578.0,CRUSADER_CARAVANS,0.7968,634.0,257.8,84.1,32.9,1920,1080,0.133,676.0,274.3
Round1,Q1,3156,1578.0,CRUSADER_CARAVANS,0.796,961.6,0.0,93.1,19.8,1920,1080,0.089,1008.2,9.9
Round1,Q1,3156,1578.0,CRUSADER_CARAVANS,0.7943,1557.9,178.8,105.0,27.6,1920,1080,0.14,1610.4,192.6
Round1,Q1,3156,1578.0,CRUSADER_CARAVANS,0.7936,733.0,3.0,93.2,25.2,1920,1080,0.113,779.6,15.6
Round1,Q1,3156,1578.0,CRUSADER_CARAVANS,0.7914,129.6,25.7,136.4,29.0,1920,1080,0.191,197.8,40.2
Round1,Q1,3156,1578.0,CRUSADER_CARAVANS,0.791,1170.8,204.9,43.1,22.9,1920,1080,0.048,1192.3,216.3
Round1,Q1,3156,1578.0,CRUSADER_CARAVANS,0.79,722.1,252.6,37.8,24.7,1920,1080,0.045,741.0,264.9
Round1,Q1,3156,1578.0,CRUSADER_CARAVANS,0.7888,872.6,0.2,93.3,21.6,1920,1080,0.097,919.3,11.0
Round1,Q1,3156,1578.0,CRUSADER_CARAVANS,0.787,0.0,34.4,83.5,30.5,1920,1080,0.123,41.8,49.7
Round1,Q1,3156,1578.0,CRUSADER_CARAVANS,0.7849,1215.1,196.8,96.0,27.9,1920,1080,0.129,1263.1,210.8
Round1,Q1,3156,1578.0,CRUSADER_CARAVANS,0.7832,375.8,19.3,44.0,23.5,1920,1080,0.05,397.8,31.1
Round1,Q1,3156,1578.0,CRUSADER_CARAVANS,0.7789,843.4,228.6,92.4,31.8,1920,1080,0.142,889.6,244.5
Round1,Q1,3156,1578.0,CRUSADER_CARAVANS,0.7616,1668.2,177.6,47.8,24.1,1920,1080,0.055,1692.1,189.6
Round1,Q1,3156,1578.0,CRUSADER_CARAVANS,0.7556,1824.6,169.6,93.7,27.6,1920,1080,0.125,1871.4,183.4
Round1,Q1,3156,1578.0,CRUSADER_CARAVANS,0.7498,1719.3,172.9,106.6,26.1,1920,1080,0.134,1772.6,186.0
Round1,Q1,3156,1578.0,CRUSADER_CARAVANS,0.7281,830.8,0.8,41.4,21.4,1920,1080,0.043,851.5,11.5
Round1,Q1,3156,1578.0,CRUSADER_CARAVANS,0.7173,1100.7,0.0,88.4,14.7,1920,1080,0.063,1144.9,7.3
Round1,Q1,3156,1578.0,CRUSADER_CARAVANS,0.711,91.1,439.5,41.6,54.1,1920,1080,0.108,111.9,466.5
Round1,Q1,3156,1578.0,CRUSADER_CARAVANS,0.7042,1056.6,0.0,41.2,15.5,1920,1080,0.031,1077.3,7.8
Round1,Q1,3156,1578.0,CRUSADER_CARAVANS,0.6914,938.9,218.6,130.5,28.4,1920,1080,0.179,1004.2,232.9
Round1,Q1,3156,1578.0,CRUSADER_CARAVANS,0.6913,576.9,268.8,58.1,34.0,1920,1080,0.095,605.9,285.8
Round1,Q1,3156,1578.0,CRUSADER_CARAVANS,0.6693,1417.1,184.2,140.6,28.5,1920,1080,0.194,1487.4,198.5
Round1,Q1,3156,1578.0,CRUSADER_CARAVANS,0.6496,177.4,381.3,52.7,50.0,1920,1080,0.127,203.7,406.3
Round1,Q1,3156,1578.0,CRUSADER_CARAVANS,0.614,225.6,368.3,39.6,36.7,1920,1080,0.07,245.4,386.7
Round1,Q1,3156,1578.0,CRUSADER_CARAVANS,0.5351,521.3,278.8,53.8,34.3,1920,1080,0.089,548.2,296.0
Round1,Q1,3156,1578.0,CRUSADER_CARAVANS,0.3772,1187.9,0.0,96.9,11.6,1920,1080,0.054,1236.4,5.8
Round1,Q1,3157,1578.5,CRUSADER_CARAVANS,0.8339,1162.4,217.6,43.8,23.9,1920,1080,0.05,1184.3,229.5
Round1,Q1,3157,1578.5,CRUSADER_CARAVANS,0.8199,1553.2,0.0,97.0,17.4,1920,1080,0.081,1601.7,8.7
Round1,Q1,3157,1578.5,CRUSADER_CARAVANS,0.8185,338.4,349.0,34.7,24.6,1920,1080,0.041,355.8,361.3
Round1,Q1,3157,1578.5,CRUSADER_CARAVANS,0.8163,212.1,382.3,58.8,45.7,1920,1080,0.13,241.5,405.1
Round1,Q1,3157,1578.5,CRUSADER_CARAVANS,0.8153,441.5,306.3,78.5,37.8,1920,1080,0.143,480.7,325.2
Round1,Q1,3157,1578.5,CRUSADER_CARAVANS,0.8148,1049.7,10.2,41.8,21.0,1920,1080,0.042,1070.6,20.7
Round1,Q1,3157,1578.5,CRUSADER_CARAVANS,0.8136,506.7,26.9,95.2,26.2,1920,1080,0.12,554.3,40.0
Round1,Q1,3157,1578.5,CRUSADER_CARAVANS,0.8132,373.8,325.7,68.8,38.4,1920,1080,0.127,408.2,344.9
Round1,Q1,3157,1578.5,CRUSADER_CARAVANS,0.8125,1180.2,5.1,91.7,23.0,1920,1080,0.102,1226.1,16.6
Round1,Q1,3157,1578.5,CRUSADER_CARAVANS,0.8112,869.7,14.4,88.3,22.8,1920,1080,0.097,913.8,25.8
Round1,Q1,3157,1578.5,CRUSADER_CARAVANS,0.8091,307.2,35.9,66.8,27.6,1920,1080,0.089,340.6,49.7
Round1,Q1,3157,1578.5,CRUSADER_CARAVANS,0.8079,1543.6,193.0,103.8,27.2,1920,1080,0.136,1595.6,206.6
Round1,Q1,3157,1578.5,CRUSADER_CARAVANS,0.8079,0.0,51.1,91.7,30.1,1920,1080,0.133,45.9,66.1
Round1,Q1,3157,1578.5,CRUSADER_CARAVANS,0.803,1064.1,220.6,95.6,28.2,1920,1080,0.13,1111.9,234.7
Round1,Q1,3157,1578.5,CRUSADER_CARAVANS,0.803,92.5,49.1,44.0,24.8,1920,1080,0.053,114.6,61.4
Round1,Q1,3157,1578.5,CRUSADER_CARAVANS,0.8027,1091.8,8.1,89.0,22.5,1920,1080,0.096,1136.3,19.3
Round1,Q1,3157,1578.5,CRUSADER_CARAVANS,0.802,138.1,42.5,92.6,28.9,1920,1080,0.129,184.4,57.0
Round1,Q1,3157,1578.5,CRUSADER_CARAVANS,0.7999,644.9,21.5,91.6,25.2,1920,1080,0.111,690.8,34.1
Round1,Q1,3157,1578.5,CRUSADER_CARAVANS,0.7989,269.4,356.3,69.4,44.2,1920,1080,0.148,304.1,378.4
Round1,Q1,3157,1578.5,CRUSADER_CARAVANS,0.7988,423.3,29.9,86.9,26.4,1920,1080,0.111,466.7,43.1
Round1,Q1,3157,1578.5,CRUSADER_CARAVANS,0.7968,933.2,237.3,41.1,24.9,1920,1080,0.049,953.8,249.8
Round1,Q1,3157,1578.5,CRUSADER_CARAVANS,0.7968,957.0,11.8,91.7,24.4,1920,1080,0.108,1002.8,24.0
Round1,Q1,3157,1578.5,CRUSADER_CARAVANS,0.7955,1299.2,204.0,97.4,28.2,1920,1080,0.132,1348.0,218.1
Round1,Q1,3157,1578.5,CRUSADER_CARAVANS,0.795,603.6,25.8,41.0,22.2,1920,1080,0.044,624.1,36.8
Round1,Q1,3157,1578.5,CRUSADER_CARAVANS,0.7936,634.1,270.2,81.6,32.7,1920,1080,0.129,675.0,286.5
Round1,Q1,3157,1578.5,CRUSADER_CARAVANS,0.7928,839.8,241.3,92.1,30.9,1920,1080,0.137,885.8,256.7
Round1,Q1,3157,1578.5,CRUSADER_CARAVANS,0.7905,973.3,228.3,93.5,29.1,1920,1080,0.131,1020.0,242.9
Round1,Q1,3157,1578.5,CRUSADER_CARAVANS,0.7902,555.2,281.5,81.4,36.6,1920,1080,0.144,595.9,299.8
Round1,Q1,3157,1578.5,CRUSADER_CARAVANS,0.7898,730.7,18.1,92.5,26.2,1920,1080,0.117,777.0,31.2
Round1,Q1,3157,1578.5,CRUSADER_CARAVANS,0.7876,1651.9,192.4,47.2,22.4,1920,1080,0.051,1675.5,203.6
Round1,Q1,3157,1578.5,CRUSADER_CARAVANS,0.7876,1510.4,0.0,42.5,18.3,1920,1080,0.038,1531.6,9.1
Round1,Q1,3157,1578.5,CRUSADER_CARAVANS,0.7851,719.5,264.7,38.6,24.7,1920,1080,0.046,738.8,277.1
Round1,Q1,3157,1578.5,CRUSADER_CARAVANS,0.7843,757.8,252.4,82.3,31.0,1920,1080,0.123,798.9,267.9
Round1,Q1,3157,1578.5,CRUSADER_CARAVANS,0.7828,1208.0,211.0,92.0,26.6,1920,1080,0.118,1254.0,224.3
Round1,Q1,3157,1578.5,CRUSADER_CARAVANS,0.7815,1410.1,0.8,97.5,21.9,1920,1080,0.103,1458.8,11.8
Round1,Q1,3157,1578.5,CRUSADER_CARAVANS,0.7789,378.5,34.1,44.4,24.2,1920,1080,0.052,400.7,46.2
Round1,Q1,3157,1578.5,CRUSADER_CARAVANS,0.7772,1399.7,202.3,44.7,23.7,1920,1080,0.051,1422.0,214.2
Round1,Q1,3157,1578.5,CRUSADER_CARAVANS,0.773,1804.8,183.4,113.4,28.3,1920,1080,0.155,1861.5,197.6
Round1,Q1,3157,1578.5,CRUSADER_CARAVANS,0.7719,1447.3,197.8,98.1,25.9,1920,1080,0.122,1496.4,210.8
Round1,Q1,3157,1578.5,CRUSADER_CARAVANS,0.7718,1321.7,2.0,94.6,21.8,1920,1080,0.099,1369.0,12.9
Round1,Q1,3157,1578.5,CRUSADER_CARAVANS,0.7632,1277.6,4.3,42.9,20.2,1920,1080,0.042,1299.0,14.5
Round1,Q1,3157,1578.5,CRUSADER_CARAVANS,0.7599,133.5,418.9,52.0,57.9,1920,1080,0.145,159.5,447.8
Round1,Q1,3157,1578.5,CRUSADER_CARAVANS,0.7548,1702.5,187.1,103.7,26.4,1920,1080,0.132,1754.3,200.3
Round1,Q1,3157,1578.5,CRUSADER_CARAVANS,0.7479,827.6,16.9,41.1,22.1,1920,1080,0.044,848.1,27.9
Round1,Q1,3157,1578.5,CRUSADER_CARAVANS,0.7334,1648.4,0.0,101.8,15.4,1920,1080,0.076,1699.3,7.7
Round1,Q1,3157,1578.5,CRUSADER_CARAVANS,0.7083,91.6,448.3,44.9,59.1,1920,1080,0.128,114.1,477.8
Round1,Q1,3157,1578.5,CRUSADER_CARAVANS,0.6515,182.7,410.6,29.8,30.3,1920,1080,0.043,197.6,425.7
Round1,Q1,3157,1578.5,CRUSADER_CARAVANS,0.5592,520.3,299.7,32.3,24.1,1920,1080,0.038,536.4,311.7
Round1,Q1,3157,1578.5,CRUSADER_CARAVANS,0.3825,231.7,39.8,35.1,26.1,1920,1080,0.044,249.3,52.9
Round1,Q1,3157,1578.5,CRUSADER_CARAVANS,0.3654,1755.5,0.0,45.3,12.0,1920,1080,0.026,1778.1,6.0
Round1,Q1,3158,1579.0,CRUSADER_CARAVANS,0.8254,342.6,361.8,33.9,23.7,1920,1080,0.039,359.6,373.6
Round1,Q1,3158,1579.0,CRUSADER_CARAVANS,0.8237,1154.2,231.2,43.4,23.3,1920,1080,0.049,1175.9,242.9
Round1,Q1,3158,1579.0,CRUSADER_CARAVANS,0.8222,377.2,337.8,68.0,37.9,1920,1080,0.124,411.2,356.8
Round1,Q1,3158,1579.0,CRUSADER_CARAVANS,0.8208,951.5,27.3,89.8,25.0,1920,1080,0.108,996.4,39.8
Round1,Q1,3158,1579.0,CRUSADER_CARAVANS,0.8207,1.2,68.2,98.6,30.6,1920,1080,0.146,50.5,83.5
Round1,Q1,3158,1579.0,CRUSADER_CARAVANS,0.818,1311.4,18.3,90.2,22.5,1920,1080,0.098,1356.5,29.6
Round1,Q1,3158,1579.0,CRUSADER_CARAVANS,0.8172,1267.0,20.7,44.1,20.8,1920,1080,0.044,1289.1,31.1
Round1,Q1,3158,1579.0,CRUSADER_CARAVANS,0.8145,1170.1,22.0,93.7,23.9,1920,1080,0.108,1217.0,34.0
Round1,Q1,3158,1579.0,CRUSADER_CARAVANS,0.8114,143.8,59.1,130.0,28.7,1920,1080,0.18,208.8,73.5
Round1,Q1,3158,1579.0,CRUSADER_CARAVANS,0.8094,380.8,52.1,43.8,23.4,1920,1080,0.05,402.7,63.8
Round1,Q1,3158,1579.0,CRUSADER_CARAVANS,0.8074,1540.8,12.6,90.6,21.9,1920,1080,0.096,1586.1,23.6
Round1,Q1,3158,1579.0,CRUSADER_CARAVANS,0.8073,1287.9,218.0,98.2,27.4,1920,1080,0.13,1337.0,231.7
Round1,Q1,3158,1579.0,CRUSADER_CARAVANS,0.8061,273.7,368.4,68.2,44.2,1920,1080,0.145,307.8,390.5
Round1,Q1,3158,1579.0,CRUSADER_CARAVANS,0.8058,1783.8,5.0,98.9,22.4,1920,1080,0.107,1833.2,16.2
Round1,Q1,3158,1579.0,CRUSADER_CARAVANS,0.8055,1528.8,207.4,102.5,26.3,1920,1080,0.13,1580.1,220.6
Round1,Q1,3158,1579.0,CRUSADER_CARAVANS,0.8032,425.1,47.0,86.6,25.9,1920,1080,0.108,468.4,60.0
Round1,Q1,3158,1579.0,CRUSADER_CARAVANS,0.8024,644.5,38.2,88.9,24.3,1920,1080,0.104,689.0,50.3
Round1,Q1,3158,1579.0,CRUSADER_CARAVANS,0.8024,1736.5,7.8,46.1,21.3,1920,1080,0.047,1759.5,18.4
Round1,Q1,3158,1579.0,CRUSADER_CARAVANS,0.7991,718.3,277.7,39.2,23.9,1920,1080,0.045,737.9,289.6
Round1,Q1,3158,1579.0,CRUSADER_CARAVANS,0.7978,633.8,282.9,81.5,33.0,1920,1080,0.13,674.6,299.3
Round1,Q1,3158,1579.0,CRUSADER_CARAVANS,0.7969,314.0,52.2,63.5,27.1,1920,1080,0.083,345.8,65.7
Round1,Q1,3158,1579.0,CRUSADER_CARAVANS,0.7965,218.8,394.1,57.0,45.8,1920,1080,0.126,247.3,417.0
Round1,Q1,3158,1579.0,CRUSADER_CARAVANS,0.7922,444.1,319.1,77.8,37.2,1920,1080,0.14,483.0,337.7
Round1,Q1,3158,1579.0,CRUSADER_CARAVANS,0.7921,730.6,35.0,90.1,25.0,1920,1080,0.109,775.7,47.5
Round1,Q1,3158,1579.0,CRUSADER_CARAVANS,0.7918,1199.3,223.7,89.7,27.3,1920,1080,0.118,1244.2,237.3
Round1,Q1,3158,1579.0,CRUSADER_CARAVANS,0.7912,1630.5,9.8,99.7,22.9,1920,1080,0.11,1680.4,21.2
Round1,Q1,3158,1579.0,CRUSADER_CARAVANS,0.7889,1056.9,234.2,94.3,28.5,1920,1080,0.13,1104.1,248.5
Round1,Q1,3158,1579.0,CRUSADER_CARAVANS,0.7881,557.3,294.7,78.6,36.7,1920,1080,0.139,596.6,313.1
Round1,Q1,3158,1579.0,CRUSADER_CARAVANS,0.788,1636.5,206.0,46.1,22.6,1920,1080,0.05,1659.6,217.3
Round1,Q1,3158,1579.0,CRUSADER_CARAVANS,0.7866,508.0,44.5,93.9,25.7,1920,1080,0.116,555.0,57.4
Round1,Q1,3158,1579.0,CRUSADER_CARAVANS,0.7857,837.6,254.3,89.7,30.6,1920,1080,0.133,882.4,269.6
Round1,Q1,3158,1579.0,CRUSADER_CARAVANS,0.7852,1085.4,24.8,88.4,22.4,1920,1080,0.096,1129.6,36.0
Round1,Q1,3158,1579.0,CRUSADER_CARAVANS,0.7839,1044.0,27.3,40.1,21.0,1920,1080,0.041,1064.0,37.8
Round1,Q1,3158,1579.0,CRUSADER_CARAVANS,0.7794,1400.3,16.2,91.6,23.0,1920,1080,0.102,1446.1,27.7
Round1,Q1,3158,1579.0,CRUSADER_CARAVANS,0.7779,1433.6,212.1,95.9,25.7,1920,1080,0.119,1481.5,224.9
Round1,Q1,3158,1579.0,CRUSADER_CARAVANS,0.7776,863.6,30.4,92.4,23.7,1920,1080,0.106,909.8,42.2
Round1,Q1,3158,1579.0,CRUSADER_CARAVANS,0.7776,1496.5,15.2,42.7,20.3,1920,1080,0.042,1517.8,25.4
Round1,Q1,3158,1579.0,CRUSADER_CARAVANS,0.7769,1387.8,216.7,44.4,22.4,1920,1080,0.048,1410.0,227.9
Round1,Q1,3158,1579.0,CRUSADER_CARAVANS,0.7678,603.8,42.9,40.5,21.7,1920,1080,0.042,624.0,53.8
Round1,Q1,3158,1579.0,CRUSADER_CARAVANS,0.7666,1684.9,201.7,99.9,25.4,1920,1080,0.123,1734.9,214.4
Round1,Q1,3158,1579.0,CRUSADER_CARAVANS,0.7655,757.4,265.4,80.2,30.6,1920,1080,0.118,797.5,280.7
Round1,Q1,3158,1579.0,CRUSADER_CARAVANS,0.7581,101.1,65.7,43.3,24.5,1920,1080,0.051,122.8,77.9
Round1,Q1,3158,1579.0,CRUSADER_CARAVANS,0.7529,965.1,242.0,93.4,28.1,1920,1080,0.127,1011.9,256.0
Round1,Q1,3158,1579.0,CRUSADER_CARAVANS,0.7495,929.9,250.9,36.9,23.3,1920,1080,0.042,948.4,262.6
Round1,Q1,3158,1579.0,CRUSADER_CARAVANS,0.7485,1785.7,197.9,110.0,26.6,1920,1080,0.141,1840.7,211.2
Round1,Q1,3158,1579.0,CRUSADER_CARAVANS,0.671,824.1,32.0,40.8,23.3,1920,1080,0.046,844.5,43.6
Round1,Q1,3158,1579.0,CRUSADER_CARAVANS,0.6599,1882.8,1.7,37.2,23.4,1920,1080,0.042,1901.4,13.4
Round1,Q1,3158,1579.0,CRUSADER_CARAVANS,0.6559,142.1,429.9,51.0,56.7,1920,1080,0.14,167.6,458.3
Round1,Q1,3158,1579.0,CRUSADER_CARAVANS,0.6288,1902.8,198.9,17.1,21.7,1920,1080,0.018,1911.4,209.8
Round1,Q1,3158,1579.0,CRUSADER_CARAVANS,0.6091,189.1,422.2,29.8,27.6,1920,1080,0.04,204.0,436.0
Round1,Q1,3158,1579.0,CRUSADER_CARAVANS,0.5569,521.8,311.3,32.3,24.8,1920,1080,0.039,538.0,323.7
Round1,Q1,3158,1579.0,CRUSADER_CARAVANS,0.4402,111.4,451.7,43.6,60.2,1920,1080,0.127,133.2,481.8
Round1,Q1,3159,1579.5,CRUSADER_CARAVANS,0.8275,377.5,350.1,67.6,37.3,1920,1080,0.121,411.3,368.8
Round1,Q1,3159,1579.5,CRUSADER_CARAVANS,0.8273,2.9,82.5,100.2,30.3,1920,1080,0.146,53.1,97.6
Round1,Q1,3159,1579.5,CRUSADER_CARAVANS,0.821,1386.8,30.4,94.2,23.3,1920,1080,0.106,1433.9,42.1
Round1,Q1,3159,1579.5,CRUSADER_CARAVANS,0.8188,343.8,373.0,33.6,24.0,1920,1080,0.039,360.6,385.0
Round1,Q1,3159,1579.5,CRUSADER_CARAVANS,0.8171,633.0,295.1,78.8,31.8,1920,1080,0.121,672.4,311.0
Round1,Q1,3159,1579.5,CRUSADER_CARAVANS,0.8121,944.3,42.1,90.7,24.6,1920,1080,0.108,989.6,54.4
Round1,Q1,3159,1579.5,CRUSADER_CARAVANS,0.8095,147.6,73.9,134.0,28.2,1920,1080,0.182,214.6,88.0
Round1,Q1,3159,1579.5,CRUSADER_CARAVANS,0.8094,831.8,267.0,89.5,29.8,1920,1080,0.129,876.6,281.9
Round1,Q1,3159,1579.5,CRUSADER_CARAVANS,0.8091,1527.3,26.2,91.1,24.0,1920,1080,0.105,1572.9,38.2
Round1,Q1,3159,1579.5,CRUSADER_CARAVANS,0.809,425.6,61.7,84.0,25.4,1920,1080,0.103,467.6,74.4
Round1,Q1,3159,1579.5,CRUSADER_CARAVANS,0.8086,381.0,66.4,44.0,23.6,1920,1080,0.05,403.0,78.2
Round1,Q1,3159,1579.5,CRUSADER_CARAVANS,0.8075,1615.7,24.8,99.5,24.3,1920,1080,0.117,1665.5,36.9
Round1,Q1,3159,1579.5,CRUSADER_CARAVANS,0.8073,1146.2,243.5,42.9,22.9,1920,1080,0.047,1167.6,255.0
Round1,Q1,3159,1579.5,CRUSADER_CARAVANS,0.806,220.1,405.5,57.5,45.8,1920,1080,0.127,248.9,428.4
Round1,Q1,3159,1579.5,CRUSADER_CARAVANS,0.8051,1078.5,38.2,85.7,23.2,1920,1080,0.096,1121.3,49.8
Round1,Q1,3159,1579.5,CRUSADER_CARAVANS,0.8048,1768.4,20.6,97.1,23.1,1920,1080,0.108,1816.9,32.2
Round1,Q1,3159,1579.5,CRUSADER_CARAVANS,0.8013,641.9,51.8,87.3,24.8,1920,1080,0.104,685.5,64.2
Round1,Q1,3159,1579.5,CRUSADER_CARAVANS,0.8005,275.6,379.4,67.6,44.2,1920,1080,0.144,309.5,401.5
Round1,Q1,3159,1579.5,CRUSADER_CARAVANS,0.8001,1516.1,219.8,102.3,26.6,1920,1080,0.131,1567.3,233.1
Round1,Q1,3159,1579.5,CRUSADER_CARAVANS,0.7997,507.4,57.9,91.8,26.3,1920,1080,0.116,553.3,71.1
Round1,Q1,3159,1579.5,CRUSADER_CARAVANS,0.7988,1162.1,36.8,90.9,23.4,1920,1080,0.102,1207.6,48.5
Round1,Q1,3159,1579.5,CRUSADER_CARAVANS,0.7985,1050.3,246.3,93.7,27.9,1920,1080,0.126,1097.1,260.2
Round1,Q1,3159,1579.5,CRUSADER_CARAVANS,0.7976,1279.6,230.2,95.9,27.7,1920,1080,0.128,1327.5,244.0
Round1,Q1,3159,1579.5,CRUSADER_CARAVANS,0.7959,444.3,330.8,77.1,37.1,1920,1080,0.138,482.9,349.3
Round1,Q1,3159,1579.5,CRUSADER_CARAVANS,0.7948,1483.4,30.3,42.9,20.2,1920,1080,0.042,1504.9,40.3
Round1,Q1,3159,1579.5,CRUSADER_CARAVANS,0.7945,725.6,49.3,90.2,24.6,1920,1080,0.107,770.7,61.6
Round1,Q1,3159,1579.5,CRUSADER_CARAVANS,0.7924,1301.3,32.7,89.9,22.4,1920,1080,0.097,1346.2,43.9
Round1,Q1,3159,1579.5,CRUSADER_CARAVANS,0.7916,1190.0,236.2,89.7,27.3,1920,1080,0.118,1234.8,249.9
Round1,Q1,3159,1579.5,CRUSADER_CARAVANS,0.7913,714.8,289.5,40.1,24.8,1920,1080,0.048,734.9,301.9
Round1,Q1,3159,1579.5,CRUSADER_CARAVANS,0.7894,1719.8,23.8,47.2,21.0,1920,1080,0.048,1743.4,34.3
Round1,Q1,3159,1579.5,CRUSADER_CARAVANS,0.7871,1864.3,17.6,55.4,22.5,1920,1080,0.06,1892.0,28.9
Round1,Q1,3159,1579.5,CRUSADER_CARAVANS,0.7866,1035.7,42.3,41.2,20.6,1920,1080,0.041,1056.3,52.6
Round1,Q1,3159,1579.5,CRUSADER_CARAVANS,0.7828,754.2,277.6,78.6,30.2,1920,1080,0.115,793.5,292.8
Round1,Q1,3159,1579.5,CRUSADER_CARAVANS,0.7817,600.8,56.6,41.4,22.0,1920,1080,0.044,621.4,67.5
Round1,Q1,3159,1579.5,CRUSADER_CARAVANS,0.7804,1422.4,223.9,94.9,25.9,1920,1080,0.119,1469.9,236.9
Round1,Q1,3159,1579.5,CRUSADER_CARAVANS,0.7802,1257.7,35.2,43.1,21.1,1920,1080,0.044,1279.2,45.8
Round1,Q1,3159,1579.5,CRUSADER_CARAVANS,0.779,1377.2,229.1,42.6,22.5,1920,1080,0.046,1398.5,240.4
Round1,Q1,3159,1579.5,CRUSADER_CARAVANS,0.7736,1622.6,218.7,46.1,22.7,1920,1080,0.05,1645.6,230.0
Round1,Q1,3159,1579.5,CRUSADER_CARAVANS,0.7733,105.8,80.4,42.3,24.5,1920,1080,0.05,127.0,92.6
Round1,Q1,3159,1579.5,CRUSADER_CARAVANS,0.771,554.6,307.1,79.1,34.4,1920,1080,0.131,594.1,324.3
Round1,Q1,3159,1579.5,CRUSADER_CARAVANS,0.7698,960.8,254.7,89.8,28.3,1920,1080,0.122,1005.7,268.8
Round1,Q1,3159,1579.5,CRUSADER_CARAVANS,0.767,1670.4,214.5,102.5,25.5,1920,1080,0.126,1721.7,227.2
Round1,Q1,3159,1579.5,CRUSADER_CARAVANS,0.7642,1770.3,211.1,109.1,27.1,1920,1080,0.143,1824.9,224.7
Round1,Q1,3159,1579.5,CRUSADER_CARAVANS,0.7466,862.6,45.4,84.8,22.8,1920,1080,0.093,905.0,56.8
Round1,Q1,3159,1579.5,CRUSADER_CARAVANS,0.7369,923.8,263.6,37.2,22.5,1920,1080,0.04,942.4,274.9
Round1,Q1,3159,1579.5,CRUSADER_CARAVANS,0.724,145.4,441.5,49.9,57.5,1920,1080,0.138,170.3,470.2
Round1,Q1,3159,1579.5,CRUSADER_CARAVANS,0.7124,318.6,68.4,58.8,26.0,1920,1080,0.074,348.0,81.4
Round1,Q1,3159,1579.5,CRUSADER_CARAVANS,0.7101,1884.9,211.6,35.1,22.5,1920,1080,0.038,1902.4,222.9
Round1,Q1,3159,1579.5,CRUSADER_CARAVANS,0.6598,819.8,47.3,40.0,21.5,1920,1080,0.042,839.9,58.1
Round1,Q1,3159,1579.5,CRUSADER_CARAVANS,0.6375,191.5,435.2,28.9,27.4,1920,1080,0.038,206.0,449.0
Round1,Q1,3159,1579.5,CRUSADER_CARAVANS,0.6164,108.7,472.6,42.0,51.4,1920,1080,0.104,129.7,498.3
Round1,Q1,3159,1579.5,CRUSADER_CARAVANS,0.6048,521.2,324.6,31.4,23.2,1920,1080,0.035,537.0,336.2
Round1,Q1,3160,1580.0,CRUSADER_CARAVANS,0.8313,369.1,356.3,67.5,38.4,1920,1080,0.125,402.8,375.5
Round1,Q1,3160,1580.0,CRUSADER_CARAVANS,0.826,1248.9,42.6,42.3,20.2,1920,1080,0.041,1270.1,52.7
Round1,Q1,3160,1580.0,CRUSADER_CARAVANS,0.8204,210.8,413.6,58.4,45.2,1920,1080,0.127,240.0,436.2
Round1,Q1,3160,1580.0,CRUSADER_CARAVANS,0.8165,936.1,48.8,89.4,24.3,1920,1080,0.105,980.8,61.0
Round1,Q1,3160,1580.0,CRUSADER_CARAVANS,0.8159,1757.6,26.7,97.8,23.5,1920,1080,0.111,1806.5,38.5
Round1,Q1,3160,1580.0,CRUSADER_CARAVANS,0.8155,94.3,87.6,41.8,24.4,1920,1080,0.049,115.2,99.8
Round1,Q1,3160,1580.0,CRUSADER_CARAVANS,0.8133,335.0,380.0,33.8,24.4,1920,1080,0.04,351.9,392.2
Round1,Q1,3160,1580.0,CRUSADER_CARAVANS,0.8065,1378.9,37.3,93.2,23.4,1920,1080,0.105,1425.5,49.0
Round1,Q1,3160,1580.0,CRUSADER_CARAVANS,0.8063,497.2,64.6,93.4,26.2,1920,1080,0.118,543.9,77.7
Round1,Q1,3160,1580.0,CRUSADER_CARAVANS,0.8063,1368.3,235.9,42.4,22.5,1920,1080,0.046,1389.5,247.2
Round1,Q1,3160,1580.0,CRUSADER_CARAVANS,0.8061,705.6,296.3,39.2,24.8,1920,1080,0.047,725.2,308.7
Round1,Q1,3160,1580.0,CRUSADER_CARAVANS,0.8053,1710.0,29.7,46.8,22.2,1920,1080,0.05,1733.5,40.8
Round1,Q1,3160,1580.0,CRUSADER_CARAVANS,0.8048,1027.3,48.3,41.4,19.7,1920,1080,0.039,1048.0,58.2
Round1,Q1,3160,1580.0,CRUSADER_CARAVANS,0.8045,415.8,68.8,83.5,25.5,1920,1080,0.103,457.6,81.6
Round1,Q1,3160,1580.0,CRUSADER_CARAVANS,0.8045,1041.5,253.4,92.8,27.7,1920,1080,0.124,1087.9,267.2
Round1,Q1,3160,1580.0,CRUSADER_CARAVANS,0.8044,311.1,73.9,57.9,26.6,1920,1080,0.074,340.1,87.2
Round1,Q1,3160,1580.0,CRUSADER_CARAVANS,0.8015,1068.4,45.4,87.9,22.5,1920,1080,0.095,1112.4,56.6
Round1,Q1,3160,1580.0,CRUSADER_CARAVANS,0.8013,1293.1,38.8,87.5,22.6,1920,1080,0.095,1336.8,50.1
Round1,Q1,3160,1580.0,CRUSADER_CARAVANS,0.801,0.0,89.2,93.7,31.2,1920,1080,0.141,46.8,104.8
Round1,Q1,3160,1580.0,CRUSADER_CARAVANS,0.8008,1874.6,217.3,45.4,23.8,1920,1080,0.052,1897.3,229.2
Round1,Q1,3160,1580.0,CRUSADER_CARAVANS,0.8,1605.5,31.1,100.1,23.1,1920,1080,0.112,1655.5,42.6
Round1,Q1,3160,1580.0,CRUSADER_CARAVANS,0.7995,434.1,337.8,76.7,38.2,1920,1080,0.141,472.4,356.9
Round1,Q1,3160,1580.0,CRUSADER_CARAVANS,0.7985,715.2,55.8,92.3,25.0,1920,1080,0.111,761.3,68.2
Round1,Q1,3160,1580.0,CRUSADER_CARAVANS,0.7959,1153.1,43.3,92.3,23.2,1920,1080,0.103,1199.2,54.8
Round1,Q1,3160,1580.0,CRUSADER_CARAVANS,0.7958,1181.2,242.6,90.7,26.9,1920,1080,0.118,1226.6,256.1
Round1,Q1,3160,1580.0,CRUSADER_CARAVANS,0.795,953.3,260.7,88.7,28.3,1920,1080,0.121,997.7,274.9
Round1,Q1,3160,1580.0,CRUSADER_CARAVANS,0.7945,136.6,80.3,135.7,29.0,1920,1080,0.19,204.4,94.8
Round1,Q1,3160,1580.0,CRUSADER_CARAVANS,0.7936,633.3,58.9,84.6,24.4,1920,1080,0.099,675.6,71.0
Round1,Q1,3160,1580.0,CRUSADER_CARAVANS,0.7935,1517.9,33.6,89.5,22.1,1920,1080,0.095,1562.7,44.6
Round1,Q1,3160,1580.0,CRUSADER_CARAVANS,0.7932,1269.6,236.4,96.5,28.3,1920,1080,0.132,1317.8,250.6
Round1,Q1,3160,1580.0,CRUSADER_CARAVANS,0.7927,824.7,273.2,88.6,29.9,1920,1080,0.128,869.0,288.1
Round1,Q1,3160,1580.0,CRUSADER_CARAVANS,0.7906,592.6,63.8,39.9,21.2,1920,1080,0.041,612.5,74.4
Round1,Q1,3160,1580.0,CRUSADER_CARAVANS,0.7901,1474.7,36.9,42.7,19.6,1920,1080,0.04,1496.0,46.7
Round1,Q1,3160,1580.0,CRUSADER_CARAVANS,0.7894,267.6,387.4,66.2,42.6,1920,1080,0.136,300.7,408.7
Round1,Q1,3160,1580.0,CRUSADER_CARAVANS,0.7882,622.4,302.0,79.1,32.9,1920,1080,0.126,662.0,318.4
Round1,Q1,3160,1580.0,CRUSADER_CARAVANS,0.7878,1508.5,226.3,99.5,26.7,1920,1080,0.128,1558.3,239.6
Round1,Q1,3160,1580.0,CRUSADER_CARAVANS,0.7873,1413.4,230.4,95.1,25.9,1920,1080,0.119,1461.0,243.4
Round1,Q1,3160,1580.0,CRUSADER_CARAVANS,0.7868,373.3,73.5,43.2,23.1,1920,1080,0.048,394.9,85.1
Round1,Q1,3160,1580.0,CRUSADER_CARAVANS,0.7845,1138.3,249.4,41.3,23.6,1920,1080,0.047,1159.0,261.2
Round1,Q1,3160,1580.0,CRUSADER_CARAVANS,0.7827,545.8,314.8,77.5,34.6,1920,1080,0.129,584.5,332.2
Round1,Q1,3160,1580.0,CRUSADER_CARAVANS,0.7804,1661.1,221.2,100.8,25.4,1920,1080,0.123,1711.5,233.9
Round1,Q1,3160,1580.0,CRUSADER_CARAVANS,0.7793,744.1,284.1,80.9,31.3,1920,1080,0.122,784.6,299.7
Round1,Q1,3160,1580.0,CRUSADER_CARAVANS,0.7767,810.5,53.9,40.0,22.0,1920,1080,0.043,830.5,64.9
Round1,Q1,3160,1580.0,CRUSADER_CARAVANS,0.7732,1760.2,217.9,110.7,25.4,1920,1080,0.136,1815.6,230.6
Round1,Q1,3160,1580.0,CRUSADER_CARAVANS,0.764,852.5,51.1,86.8,23.5,1920,1080,0.098,895.8,62.8
Round1,Q1,3160,1580.0,CRUSADER_CARAVANS,0.7608,914.6,269.5,39.3,24.1,1920,1080,0.046,934.2,281.6
Round1,Q1,3160,1580.0,CRUSADER_CARAVANS,0.7509,1613.9,224.6,45.1,23.6,1920,1080,0.051,1636.4,236.4
Round1,Q1,3160,1580.0,CRUSADER_CARAVANS,0.7472,1854.2,24.4,65.2,23.2,1920,1080,0.073,1886.8,36.0
Round1,Q1,3160,1580.0,CRUSADER_CARAVANS,0.7367,511.7,332.3,32.8,24.1,1920,1080,0.038,528.1,344.4
Round1,Q1,3160,1580.0,CRUSADER_CARAVANS,0.7165,134.7,447.8,49.8,59.4,1920,1080,0.143,159.6,477.5
Round1,Q1,3160,1580.0,CRUSADER_CARAVANS,0.4485,181.2,442.6,28.9,28.3,1920,1080,0.04,195.7,456.8
Round1,Q1,3160,1580.0,CRUSADER_CARAVANS,0.3724,96.8,484.0,46.3,51.4,1920,1080,0.115,119.9,509.7
Round1,Q1,3161,1580.5,CRUSADER_CARAVANS,0.8255,319.1,384.2,33.2,24.5,1920,1080,0.039,335.7,396.4
Round1,Q1,3161,1580.5,CRUSADER_CARAVANS,0.8231,1242.0,43.1,42.6,20.5,1920,1080,0.042,1263.3,53.4
Round1,Q1,3161,1580.5,CRUSADER_CARAVANS,0.821,1128.8,252.8,43.5,22.8,1920,1080,0.048,1150.6,264.1
Round1,Q1,3161,1580.5,CRUSADER_CARAVANS,0.8194,1754.6,27.5,97.1,23.6,1920,1080,0.111,1803.2,39.3
Round1,Q1,3161,1580.5,CRUSADER_CARAVANS,0.8171,352.5,361.2,69.5,37.6,1920,1080,0.126,387.2,380.0
Round1,Q1,3161,1580.5,CRUSADER_CARAVANS,0.816,1285.5,39.6,87.9,23.1,1920,1080,0.098,1329.4,51.2
Round1,Q1,3161,1580.5,CRUSADER_CARAVANS,0.8153,420.4,341.7,76.8,38.0,1920,1080,0.141,458.8,360.7
Round1,Q1,3161,1580.5,CRUSADER_CARAVANS,0.8114,1372.8,37.9,93.1,24.2,1920,1080,0.108,1419.4,50.0
Round1,Q1,3161,1580.5,CRUSADER_CARAVANS,0.8069,1468.1,37.4,43.7,19.9,1920,1080,0.042,1490.0,47.3
Round1,Q1,3161,1580.5,CRUSADER_CARAVANS,0.8064,192.9,417.8,59.4,47.2,1920,1080,0.135,222.6,441.4
Round1,Q1,3161,1580.5,CRUSADER_CARAVANS,0.8054,926.9,49.4,88.5,24.9,1920,1080,0.106,971.1,61.8
Round1,Q1,3161,1580.5,CRUSADER_CARAVANS,0.8051,1143.9,44.4,93.6,22.8,1920,1080,0.103,1190.7,55.9
Round1,Q1,3161,1580.5,CRUSADER_CARAVANS,0.804,1262.8,239.8,97.3,27.6,1920,1080,0.129,1311.5,253.6
Round1,Q1,3161,1580.5,CRUSADER_CARAVANS,0.8036,399.7,69.6,85.1,25.9,1920,1080,0.106,442.2,82.6
Round1,Q1,3161,1580.5,CRUSADER_CARAVANS,0.8035,1601.0,32.0,101.0,23.9,1920,1080,0.117,1651.5,44.0
Round1,Q1,3161,1580.5,CRUSADER_CARAVANS,0.8033,117.3,81.3,142.4,29.0,1920,1080,0.199,188.5,95.8
Round1,Q1,3161,1580.5,CRUSADER_CARAVANS,0.8024,1031.4,256.1,94.4,28.3,1920,1080,0.129,1078.5,270.2
Round1,Q1,3161,1580.5,CRUSADER_CARAVANS,0.799,578.4,64.8,40.5,21.9,1920,1080,0.043,598.6,75.7
Round1,Q1,3161,1580.5,CRUSADER_CARAVANS,0.7989,621.1,59.9,86.0,24.5,1920,1080,0.101,664.1,72.1
Round1,Q1,3161,1580.5,CRUSADER_CARAVANS,0.7973,1060.3,46.4,87.8,22.4,1920,1080,0.095,1104.1,57.6
Round1,Q1,3161,1580.5,CRUSADER_CARAVANS,0.7965,612.6,305.6,77.7,32.1,1920,1080,0.12,651.4,321.7
Round1,Q1,3161,1580.5,CRUSADER_CARAVANS,0.796,0.0,90.4,71.6,31.5,1920,1080,0.109,35.8,106.1
Round1,Q1,3161,1580.5,CRUSADER_CARAVANS,0.7959,1511.8,34.5,93.2,22.4,1920,1080,0.101,1558.4,45.6
Round1,Q1,3161,1580.5,CRUSADER_CARAVANS,0.7958,692.5,299.7,40.2,24.6,1920,1080,0.048,712.6,312.0
Round1,Q1,3161,1580.5,CRUSADER_CARAVANS,0.7947,813.5,276.3,89.1,30.7,1920,1080,0.132,858.0,291.7
Round1,Q1,3161,1580.5,CRUSADER_CARAVANS,0.7945,946.1,263.1,87.9,28.1,1920,1080,0.119,990.0,277.1
Round1,Q1,3161,1580.5,CRUSADER_CARAVANS,0.794,1871.3,219.0,48.7,24.6,1920,1080,0.058,1895.6,231.3
Round1,Q1,3161,1580.5,CRUSADER_CARAVANS,0.7938,355.1,74.8,44.8,23.2,1920,1080,0.05,377.5,86.4
Round1,Q1,3161,1580.5,CRUSADER_CARAVANS,0.7927,1173.9,245.4,90.0,26.6,1920,1080,0.115,1218.9,258.7
Round1,Q1,3161,1580.5,CRUSADER_CARAVANS,0.7926,704.4,57.3,91.5,24.0,1920,1080,0.106,750.2,69.3
Round1,Q1,3161,1580.5,CRUSADER_CARAVANS,0.7917,250.8,391.4,67.0,45.7,1920,1080,0.148,284.3,414.3
Round1,Q1,3161,1580.5,CRUSADER_CARAVANS,0.7905,75.1,88.8,43.0,24.6,1920,1080,0.051,96.6,101.0
Round1,Q1,3161,1580.5,CRUSADER_CARAVANS,0.79,1362.1,237.9,42.6,22.7,1920,1080,0.047,1383.4,249.2
Round1,Q1,3161,1580.5,CRUSADER_CARAVANS,0.7897,482.2,65.9,94.4,26.3,1920,1080,0.12,529.3,79.1
Round1,Q1,3161,1580.5,CRUSADER_CARAVANS,0.7875,841.4,51.9,87.1,24.1,1920,1080,0.101,885.0,63.9
Round1,Q1,3161,1580.5,CRUSADER_CARAVANS,0.7837,1504.2,228.7,99.7,26.6,1920,1080,0.128,1554.1,242.0
Round1,Q1,3161,1580.5,CRUSADER_CARAVANS,0.7829,1706.1,30.4,47.6,21.9,1920,1080,0.05,1729.9,41.3
Round1,Q1,3161,1580.5,CRUSADER_CARAVANS,0.781,1018.3,49.0,41.0,20.2,1920,1080,0.04,1038.8,59.1
Round1,Q1,3161,1580.5,CRUSADER_CARAVANS,0.7795,1756.7,220.2,110.7,26.1,1920,1080,0.139,1812.1,233.2
Round1,Q1,3161,1580.5,CRUSADER_CARAVANS,0.7777,904.3,272.7,39.1,23.9,1920,1080,0.045,923.9,284.6
Round1,Q1,3161,1580.5,CRUSADER_CARAVANS,0.7768,733.2,286.6,81.4,32.3,1920,1080,0.127,773.9,302.7
Round1,Q1,3161,1580.5,CRUSADER_CARAVANS,0.7749,1850.5,25.6,68.6,22.7,1920,1080,0.075,1884.8,36.9
Round1,Q1,3161,1580.5,CRUSADER_CARAVANS,0.7659,799.1,54.5,41.3,22.2,1920,1080,0.044,819.8,65.6
Round1,Q1,3161,1580.5,CRUSADER_CARAVANS,0.7651,295.1,74.8,57.0,26.5,1920,1080,0.073,323.6,88.1
Round1,Q1,3161,1580.5,CRUSADER_CARAVANS,0.7556,531.8,317.8,79.8,35.9,1920,1080,0.138,571.8,335.8
Round1,Q1,3161,1580.5,CRUSADER_CARAVANS,0.7529,498.0,335.1,32.3,24.9,1920,1080,0.039,514.1,347.6
Round1,Q1,3161,1580.5,CRUSADER_CARAVANS,0.7521,1406.8,233.5,99.1,25.8,1920,1080,0.123,1456.3,246.4
Round1,Q1,3161,1580.5,CRUSADER_CARAVANS,0.7495,1658.0,223.2,100.5,25.4,1920,1080,0.123,1708.2,236.0
Round1,Q1,3161,1580.5,CRUSADER_CARAVANS,0.7192,1608.7,228.2,45.3,22.3,1920,1080,0.049,1631.3,239.4
Round1,Q1,3161,1580.5,CRUSADER_CARAVANS,0.6928,165.4,448.2,28.3,26.1,1920,1080,0.036,179.5,461.2
Round1,Q1,3161,1580.5,CRUSADER_CARAVANS,0.6906,116.4,455.3,52.1,59.3,1920,1080,0.149,142.5,485.0
Round1,Q1,3161,1580.5,CRUSADER_CARAVANS,0.5726,83.2,485.1,41.6,52.9,1920,1080,0.106,104.0,511.5
Round1,Q1,3162,1581.0,CRUSADER_CARAVANS,0.8292,1464.7,36.6,43.6,20.2,1920,1080,0.042,1486.5,46.7
Round1,Q1,3162,1581.0,CRUSADER_CARAVANS,0.8218,1235.7,42.5,42.5,20.8,1920,1080,0.043,1256.9,53.0
Round1,Q1,3162,1581.0,CRUSADER_CARAVANS,0.8129,335.8,364.3,69.5,39.0,1920,1080,0.131,370.5,383.8
Round1,Q1,3162,1581.0,CRUSADER_CARAVANS,0.8113,894.2,275.1,40.0,23.4,1920,1080,0.045,914.2,286.8
Round1,Q1,3162,1581.0,CRUSADER_CARAVANS,0.8097,1754.2,26.4,98.3,24.1,1920,1080,0.114,1803.4,38.4
Round1,Q1,3162,1581.0,CRUSADER_CARAVANS,0.8096,1122.1,255.2,42.8,22.9,1920,1080,0.047,1143.5,266.7
Round1,Q1,3162,1581.0,CRUSADER_CARAVANS,0.8089,915.3,48.9,91.8,24.8,1920,1080,0.11,961.2,61.3
Round1,Q1,3162,1581.0,CRUSADER_CARAVANS,0.8087,170.8,423.5,60.9,47.7,1920,1080,0.14,201.2,447.3
Round1,Q1,3162,1581.0,CRUSADER_CARAVANS,0.808,383.0,68.9,85.3,26.6,1920,1080,0.11,425.6,82.2
Round1,Q1,3162,1581.0,CRUSADER_CARAVANS,0.8073,403.2,345.0,78.5,38.9,1920,1080,0.147,442.4,364.5
Round1,Q1,3162,1581.0,CRUSADER_CARAVANS,0.8063,1600.1,30.3,101.9,24.2,1920,1080,0.119,1651.0,42.4
Round1,Q1,3162,1581.0,CRUSADER_CARAVANS,0.8063,1280.0,38.8,88.3,22.8,1920,1080,0.097,1324.1,50.2
Round1,Q1,3162,1581.0,CRUSADER_CARAVANS,0.8056,1009.2,48.4,41.0,20.2,1920,1080,0.04,1029.7,58.5
Round1,Q1,3162,1581.0,CRUSADER_CARAVANS,0.8048,1509.9,33.2,92.5,23.2,1920,1080,0.103,1556.2,44.8
Round1,Q1,3162,1581.0,CRUSADER_CARAVANS,0.8026,95.2,81.5,95.7,28.3,1920,1080,0.131,143.1,95.6
Round1,Q1,3162,1581.0,CRUSADER_CARAVANS,0.8021,1257.8,240.6,97.2,28.4,1920,1080,0.133,1306.3,254.8
Round1,Q1,3162,1581.0,CRUSADER_CARAVANS,0.802,802.5,278.9,89.4,30.8,1920,1080,0.133,847.1,294.4
Round1,Q1,3162,1581.0,CRUSADER_CARAVANS,0.8014,1366.4,37.1,96.0,23.6,1920,1080,0.109,1414.3,49.0
Round1,Q1,3162,1581.0,CRUSADER_CARAVANS,0.8003,598.3,307.9,79.9,32.9,1920,1080,0.127,638.2,324.4
Round1,Q1,3162,1581.0,CRUSADER_CARAVANS,0.8,1499.2,230.6,102.0,26.5,1920,1080,0.131,1550.2,243.8
Round1,Q1,3162,1581.0,CRUSADER_CARAVANS,0.7992,467.5,65.2,94.4,26.4,1920,1080,0.12,514.7,78.4
Round1,Q1,3162,1581.0,CRUSADER_CARAVANS,0.7981,1024.1,258.3,94.7,27.9,1920,1080,0.127,1071.5,272.3
Round1,Q1,3162,1581.0,CRUSADER_CARAVANS,0.7977,231.5,396.8,66.7,43.0,1920,1080,0.138,264.9,418.3
Round1,Q1,3162,1581.0,CRUSADER_CARAVANS,0.7976,831.3,51.3,86.4,24.1,1920,1080,0.1,874.5,63.4
Round1,Q1,3162,1581.0,CRUSADER_CARAVANS,0.7974,563.8,64.0,40.4,21.9,1920,1080,0.043,584.1,75.0
Round1,Q1,3162,1581.0,CRUSADER_CARAVANS,0.797,691.9,56.2,92.3,25.0,1920,1080,0.111,738.1,68.7
Round1,Q1,3162,1581.0,CRUSADER_CARAVANS,0.7963,1137.3,43.5,92.3,23.4,1920,1080,0.104,1183.5,55.2
Round1,Q1,3162,1581.0,CRUSADER_CARAVANS,0.7961,605.0,59.5,90.3,24.7,1920,1080,0.107,650.2,71.8
Round1,Q1,3162,1581.0,CRUSADER_CARAVANS,0.7929,518.7,320.0,80.3,36.5,1920,1080,0.141,558.8,338.3
Round1,Q1,3162,1581.0,CRUSADER_CARAVANS,0.792,1706.1,29.6,47.8,22.0,1920,1080,0.051,1730.0,40.6
Round1,Q1,3162,1581.0,CRUSADER_CARAVANS,0.791,1357.7,240.2,43.1,22.4,1920,1080,0.046,1379.3,251.4
Round1,Q1,3162,1581.0,CRUSADER_CARAVANS,0.791,52.3,88.3,42.6,24.2,1920,1080,0.05,73.6,100.4
Round1,Q1,3162,1581.0,CRUSADER_CARAVANS,0.7909,301.0,388.5,33.8,24.7,1920,1080,0.04,318.0,400.8
Round1,Q1,3162,1581.0,CRUSADER_CARAVANS,0.7907,935.7,266.2,89.6,28.5,1920,1080,0.123,980.5,280.4
Round1,Q1,3162,1581.0,CRUSADER_CARAVANS,0.7904,1052.2,45.3,86.7,22.9,1920,1080,0.096,1095.5,56.7
Round1,Q1,3162,1581.0,CRUSADER_CARAVANS,0.7901,1606.8,229.5,45.9,22.1,1920,1080,0.049,1629.7,240.6
Round1,Q1,3162,1581.0,CRUSADER_CARAVANS,0.7892,679.8,302.5,41.0,24.9,1920,1080,0.049,700.3,314.9
Round1,Q1,3162,1581.0,CRUSADER_CARAVANS,0.7884,787.4,54.5,42.6,22.0,1920,1080,0.045,808.6,65.5
Round1,Q1,3162,1581.0,CRUSADER_CARAVANS,0.7866,722.7,289.9,79.7,31.0,1920,1080,0.119,762.5,305.4
Round1,Q1,3162,1581.0,CRUSADER_CARAVANS,0.7843,1166.8,247.6,91.4,26.5,1920,1080,0.117,1212.5,260.8
Round1,Q1,3162,1581.0,CRUSADER_CARAVANS,0.7729,338.4,74.0,44.2,23.6,1920,1080,0.05,360.5,85.8
Round1,Q1,3162,1581.0,CRUSADER_CARAVANS,0.7678,1758.3,221.3,109.7,26.4,1920,1080,0.14,1813.1,234.5
Round1,Q1,3162,1581.0,CRUSADER_CARAVANS,0.7662,1873.2,221.0,46.8,24.0,1920,1080,0.054,1896.6,233.0
Round1,Q1,3162,1581.0,CRUSADER_CARAVANS,0.7623,1655.5,224.7,103.0,26.0,1920,1080,0.129,1707.0,237.7
Round1,Q1,3162,1581.0,CRUSADER_CARAVANS,0.762,1403.2,235.0,96.7,25.9,1920,1080,0.121,1451.6,247.9
Round1,Q1,3162,1581.0,CRUSADER_CARAVANS,0.7588,1851.3,24.1,68.1,23.3,1920,1080,0.076,1885.3,35.7
Round1,Q1,3162,1581.0,CRUSADER_CARAVANS,0.7282,93.7,461.0,53.4,59.8,1920,1080,0.154,120.5,490.9
Round1,Q1,3162,1581.0,CRUSADER_CARAVANS,0.7173,482.5,337.6,33.9,25.0,1920,1080,0.041,499.5,350.1
Round1,Q1,3162,1581.0,CRUSADER_CARAVANS,0.6772,145.2,454.3,26.2,25.9,1920,1080,0.033,158.3,467.2
Round1,Q1,3162,1581.0,CRUSADER_CARAVANS,0.6711,0.0,88.4,49.5,31.8,1920,1080,0.076,24.7,104.3
Round1,Q1,3162,1581.0,CRUSADER_CARAVANS,0.5566,280.6,74.5,52.5,26.5,1920,1080,0.067,306.8,87.7
Round1,Q1,3162,1581.0,CRUSADER_CARAVANS,0.4304,187.9,77.9,49.1,26.5,1920,1080,0.063,212.5,91.2
Round1,Q1,3163,1581.5,CRUSADER_CARAVANS,0.8314,1226.5,36.9,44.4,20.9,1920,1080,0.045,1248.7,47.3
Round1,Q1,3163,1581.5,CRUSADER_CARAVANS,0.8313,270.6,391.9,35.1,25.9,1920,1080,0.044,288.2,404.9
Round1,Q1,3163,1581.5,CRUSADER_CARAVANS,0.8242,996.4,43.2,42.2,21.8,1920,1080,0.044,1017.5,54.2
Round1,Q1,3163,1581.5,CRUSADER_CARAVANS,0.8233,1507.3,27.0,95.1,24.7,1920,1080,0.113,1554.8,39.4
Round1,Q1,3163,1581.5,CRUSADER_CARAVANS,0.8227,1601.0,24.9,101.5,24.9,1920,1080,0.122,1651.8,37.4
Round1,Q1,3163,1581.5,CRUSADER_CARAVANS,0.8199,573.7,308.4,82.7,33.6,1920,1080,0.134,615.0,325.3
Round1,Q1,3163,1581.5,CRUSADER_CARAVANS,0.8182,1039.5,39.7,89.4,23.4,1920,1080,0.101,1084.2,51.4
Round1,Q1,3163,1581.5,CRUSADER_CARAVANS,0.8179,305.8,366.5,72.1,40.8,1920,1080,0.142,341.8,386.9
Round1,Q1,3163,1581.5,CRUSADER_CARAVANS,0.8152,441.5,60.3,96.2,26.8,1920,1080,0.124,489.6,73.6
Round1,Q1,3163,1581.5,CRUSADER_CARAVANS,0.8127,1857.4,17.7,62.0,24.0,1920,1080,0.072,1888.4,29.6
Round1,Q1,3163,1581.5,CRUSADER_CARAVANS,0.8114,376.1,347.2,80.4,39.4,1920,1080,0.153,416.3,366.9
Round1,Q1,3163,1581.5,CRUSADER_CARAVANS,0.8112,353.4,63.8,89.5,26.7,1920,1080,0.115,398.2,77.1
Round1,Q1,3163,1581.5,CRUSADER_CARAVANS,0.8111,1761.1,219.7,112.6,26.5,1920,1080,0.144,1817.4,233.0
Round1,Q1,3163,1581.5,CRUSADER_CARAVANS,0.8101,139.5,427.0,62.0,48.0,1920,1080,0.144,170.5,451.0
Round1,Q1,3163,1581.5,CRUSADER_CARAVANS,0.8099,1127.4,37.7,94.9,24.2,1920,1080,0.111,1174.8,49.8
Round1,Q1,3163,1581.5,CRUSADER_CARAVANS,0.8089,1361.1,31.4,99.0,24.0,1920,1080,0.115,1410.6,43.4
Round1,Q1,3163,1581.5,CRUSADER_CARAVANS,0.8083,1497.1,229.1,103.5,26.5,1920,1080,0.132,1548.9,242.4
Round1,Q1,3163,1581.5,CRUSADER_CARAVANS,0.8055,1707.5,24.3,49.0,21.2,1920,1080,0.05,1732.0,34.9
Round1,Q1,3163,1581.5,CRUSADER_CARAVANS,0.8053,200.7,400.3,67.8,44.9,1920,1080,0.147,234.6,422.7
Round1,Q1,3163,1581.5,CRUSADER_CARAVANS,0.8048,1110.6,254.2,43.5,23.1,1920,1080,0.048,1132.3,265.7
Round1,Q1,3163,1581.5,CRUSADER_CARAVANS,0.8041,1271.9,34.1,91.6,23.0,1920,1080,0.102,1317.8,45.6
Round1,Q1,3163,1581.5,CRUSADER_CARAVANS,0.8038,1757.6,21.2,100.1,23.1,1920,1080,0.112,1807.7,32.8
Round1,Q1,3163,1581.5,CRUSADER_CARAVANS,0.8034,1462.0,30.6,43.8,21.4,1920,1080,0.045,1483.9,41.3
Round1,Q1,3163,1581.5,CRUSADER_CARAVANS,0.8012,670.0,50.6,95.3,26.0,1920,1080,0.12,717.7,63.6
Round1,Q1,3163,1581.5,CRUSADER_CARAVANS,0.7998,1248.2,240.2,99.8,28.6,1920,1080,0.137,1298.0,254.5
Round1,Q1,3163,1581.5,CRUSADER_CARAVANS,0.7979,783.7,279.3,92.8,31.9,1920,1080,0.143,830.1,295.3
Round1,Q1,3163,1581.5,CRUSADER_CARAVANS,0.7972,1011.7,257.9,96.1,27.9,1920,1080,0.129,1059.8,271.9
Round1,Q1,3163,1581.5,CRUSADER_CARAVANS,0.7968,879.2,275.5,39.8,23.2,1920,1080,0.045,899.2,287.1
Round1,Q1,3163,1581.5,CRUSADER_CARAVANS,0.7968,900.3,44.3,92.8,25.2,1920,1080,0.113,946.7,56.9
Round1,Q1,3163,1581.5,CRUSADER_CARAVANS,0.7954,923.1,265.4,89.1,29.4,1920,1080,0.126,967.6,280.1
Round1,Q1,3163,1581.5,CRUSADER_CARAVANS,0.7951,1352.0,238.1,43.7,23.5,1920,1080,0.049,1373.9,249.8
Round1,Q1,3163,1581.5,CRUSADER_CARAVANS,0.7936,659.2,302.9,42.0,25.5,1920,1080,0.052,680.1,315.7
Round1,Q1,3163,1581.5,CRUSADER_CARAVANS,0.7935,582.1,54.2,89.7,25.2,1920,1080,0.109,626.9,66.8
Round1,Q1,3163,1581.5,CRUSADER_CARAVANS,0.7925,1606.2,227.5,47.1,23.1,1920,1080,0.052,1629.7,239.1
Round1,Q1,3163,1581.5,CRUSADER_CARAVANS,0.7899,307.0,68.2,46.1,24.3,1920,1080,0.054,330.0,80.4
Round1,Q1,3163,1581.5,CRUSADER_CARAVANS,0.7891,705.7,290.6,77.8,30.6,1920,1080,0.115,744.6,305.9
Round1,Q1,3163,1581.5,CRUSADER_CARAVANS,0.7867,494.2,321.8,80.7,38.6,1920,1080,0.15,534.5,341.1
Round1,Q1,3163,1581.5,CRUSADER_CARAVANS,0.7862,769.7,49.6,42.3,22.4,1920,1080,0.046,790.8,60.9
Round1,Q1,3163,1581.5,CRUSADER_CARAVANS,0.7853,58.3,75.5,148.5,29.5,1920,1080,0.212,132.5,90.3
Round1,Q1,3163,1581.5,CRUSADER_CARAVANS,0.7803,13.1,82.7,44.0,24.6,1920,1080,0.052,35.1,95.0
Round1,Q1,3163,1581.5,CRUSADER_CARAVANS,0.7797,1156.1,246.5,93.2,27.0,1920,1080,0.121,1202.7,260.1
Round1,Q1,3163,1581.5,CRUSADER_CARAVANS,0.776,540.0,57.9,42.1,22.8,1920,1080,0.046,561.1,69.4
Round1,Q1,3163,1581.5,CRUSADER_CARAVANS,0.7694,1878.6,218.8,41.4,23.8,1920,1080,0.047,1899.3,230.7
Round1,Q1,3163,1581.5,CRUSADER_CARAVANS,0.7682,1398.5,233.8,99.1,26.4,1920,1080,0.126,1448.0,247.0
Round1,Q1,3163,1581.5,CRUSADER_CARAVANS,0.763,58.2,464.4,55.0,61.3,1920,1080,0.163,85.8,495.1
Round1,Q1,3163,1581.5,CRUSADER_CARAVANS,0.7573,1657.2,223.1,103.9,25.9,1920,1080,0.13,1709.1,236.1
Round1,Q1,3163,1581.5,CRUSADER_CARAVANS,0.7549,813.8,47.6,88.6,22.9,1920,1080,0.098,858.0,59.1
Round1,Q1,3163,1581.5,CRUSADER_CARAVANS,0.7083,457.9,339.8,34.1,25.3,1920,1080,0.042,474.9,352.5
Round1,Q1,3163,1581.5,CRUSADER_CARAVANS,0.6565,111.5,459.3,26.7,28.0,1920,1080,0.036,124.8,473.3
Round1,Q1,3163,1581.5,CRUSADER_CARAVANS,0.5216,249.7,69.4,54.0,27.2,1920,1080,0.071,276.7,83.0
Round1,Q1,3163,1581.5,CRUSADER_CARAVANS,0.4334,22.6,499.0,44.0,53.7,1920,1080,0.114,44.6,525.9
Round1,Q1,3164,1582.0,CRUSADER_CARAVANS,0.8317,1112.3,28.3,98.4,24.8,1920,1080,0.118,1161.5,40.7
Round1,Q1,3164,1582.0,CRUSADER_CARAVANS,0.8275,263.5,368.9,74.7,41.6,1920,1080,0.15,300.8,389.7
Round1,Q1,3164,1582.0,CRUSADER_CARAVANS,0.8203,225.4,394.9,37.6,26.2,1920,1080,0.047,244.2,408.0
Round1,Q1,3164,1582.0,CRUSADER_CARAVANS,0.8202,1504.7,18.6,98.1,23.6,1920,1080,0.111,1553.7,30.4
Round1,Q1,3164,1582.0,CRUSADER_CARAVANS,0.8195,977.7,34.0,44.7,22.0,1920,1080,0.048,1000.0,45.1
Round1,Q1,3164,1582.0,CRUSADER_CARAVANS,0.8195,631.3,303.8,41.4,25.3,1920,1080,0.05,652.0,316.4
Round1,Q1,3164,1582.0,CRUSADER_CARAVANS,0.8177,2.9,67.1,119.0,29.9,1920,1080,0.172,62.4,82.1
Round1,Q1,3164,1582.0,CRUSADER_CARAVANS,0.8155,1354.5,23.5,101.2,23.8,1920,1080,0.116,1405.0,35.4
Round1,Q1,3164,1582.0,CRUSADER_CARAVANS,0.8151,402.5,51.1,100.5,27.4,1920,1080,0.133,452.8,64.8
Round1,Q1,3164,1582.0,CRUSADER_CARAVANS,0.8148,1458.1,21.6,45.6,21.3,1920,1080,0.047,1480.9,32.2
Round1,Q1,3164,1582.0,CRUSADER_CARAVANS,0.8134,856.9,274.8,41.1,23.9,1920,1080,0.047,877.4,286.7
Round1,Q1,3164,1582.0,CRUSADER_CARAVANS,0.8127,1344.4,236.5,45.6,23.7,1920,1080,0.052,1367.2,248.4
Round1,Q1,3164,1582.0,CRUSADER_CARAVANS,0.8098,1600.8,15.2,105.6,25.2,1920,1080,0.128,1653.6,27.8
Round1,Q1,3164,1582.0,CRUSADER_CARAVANS,0.8089,1712.5,13.8,48.3,22.3,1920,1080,0.052,1736.6,24.9
Round1,Q1,3164,1582.0,CRUSADER_CARAVANS,0.8081,550.8,45.8,92.0,26.4,1920,1080,0.117,596.8,59.0
Round1,Q1,3164,1582.0,CRUSADER_CARAVANS,0.8078,88.1,433.2,64.4,48.9,1920,1080,0.152,120.3,457.6
Round1,Q1,3164,1582.0,CRUSADER_CARAVANS,0.8073,312.1,54.6,93.8,27.5,1920,1080,0.124,359.0,68.4
Round1,Q1,3164,1582.0,CRUSADER_CARAVANS,0.8072,1216.0,27.9,46.1,21.8,1920,1080,0.049,1239.1,38.8
Round1,Q1,3164,1582.0,CRUSADER_CARAVANS,0.8048,505.1,49.9,43.7,23.4,1920,1080,0.049,526.9,61.6
Round1,Q1,3164,1582.0,CRUSADER_CARAVANS,0.8042,742.1,41.3,45.0,22.6,1920,1080,0.049,764.6,52.6
Round1,Q1,3164,1582.0,CRUSADER_CARAVANS,0.8042,879.2,35.8,96.7,25.2,1920,1080,0.118,927.6,48.4
Round1,Q1,3164,1582.0,CRUSADER_CARAVANS,0.8015,1238.8,237.8,101.0,29.5,1920,1080,0.144,1289.3,252.6
Round1,Q1,3164,1582.0,CRUSADER_CARAVANS,0.8005,1763.8,10.9,102.6,23.1,1920,1080,0.114,1815.1,22.4
Round1,Q1,3164,1582.0,CRUSADER_CARAVANS,0.8004,335.8,349.5,83.6,40.5,1920,1080,0.163,377.6,369.7
Round1,Q1,3164,1582.0,CRUSADER_CARAVANS,0.7985,1263.2,25.0,93.3,23.8,1920,1080,0.107,1309.9,37.0
Round1,Q1,3164,1582.0,CRUSADER_CARAVANS,0.7959,899.0,264.9,95.0,29.7,1920,1080,0.136,946.5,279.7
Round1,Q1,3164,1582.0,CRUSADER_CARAVANS,0.7954,758.6,278.6,95.4,32.8,1920,1080,0.151,806.3,295.0
Round1,Q1,3164,1582.0,CRUSADER_CARAVANS,0.795,787.9,38.1,93.7,24.3,1920,1080,0.11,834.7,50.3
Round1,Q1,3164,1582.0,CRUSADER_CARAVANS,0.7945,1143.4,244.4,97.4,27.8,1920,1080,0.131,1192.1,258.3
Round1,Q1,3164,1582.0,CRUSADER_CARAVANS,0.7908,640.2,42.0,98.3,27.2,1920,1080,0.129,689.4,55.6
Round1,Q1,3164,1582.0,CRUSADER_CARAVANS,0.7881,676.6,290.1,82.5,32.7,1920,1080,0.13,717.9,306.4
Round1,Q1,3164,1582.0,CRUSADER_CARAVANS,0.7869,1097.2,252.8,44.2,23.4,1920,1080,0.05,1119.3,264.5
Round1,Q1,3164,1582.0,CRUSADER_CARAVANS,0.7851,1768.4,216.0,114.8,27.6,1920,1080,0.153,1825.8,229.8
Round1,Q1,3164,1582.0,CRUSADER_CARAVANS,0.7851,153.7,403.1,70.5,47.2,1920,1080,0.161,189.0,426.7
Round1,Q1,3164,1582.0,CRUSADER_CARAVANS,0.7803,995.1,255.4,97.2,29.8,1920,1080,0.14,1043.7,270.2
Round1,Q1,3164,1582.0,CRUSADER_CARAVANS,0.779,1607.1,224.4,48.5,24.2,1920,1080,0.057,1631.3,236.5
Round1,Q1,3164,1582.0,CRUSADER_CARAVANS,0.7757,1658.5,220.3,109.1,26.6,1920,1080,0.14,1713.1,233.7
Round1,Q1,3164,1582.0,CRUSADER_CARAVANS,0.7748,263.9,59.2,47.0,25.1,1920,1080,0.057,287.4,71.8
Round1,Q1,3164,1582.0,CRUSADER_CARAVANS,0.7744,1022.3,31.0,93.5,24.3,1920,1080,0.11,1069.0,43.2
Round1,Q1,3164,1582.0,CRUSADER_CARAVANS,0.7705,1866.3,6.9,53.7,24.0,1920,1080,0.062,1893.2,19.0
Round1,Q1,3164,1582.0,CRUSADER_CARAVANS,0.77,555.1,308.8,72.6,33.2,1920,1080,0.116,591.4,325.4
Round1,Q1,3164,1582.0,CRUSADER_CARAVANS,0.769,1393.1,231.1,102.6,27.6,1920,1080,0.136,1444.4,244.9
Round1,Q1,3164,1582.0,CRUSADER_CARAVANS,0.7543,60.3,465.9,28.2,27.2,1920,1080,0.037,74.4,479.5
Round1,Q1,3164,1582.0,CRUSADER_CARAVANS,0.7528,458.7,323.2,83.5,37.9,1920,1080,0.153,500.5,342.1
Round1,Q1,3164,1582.0,CRUSADER_CARAVANS,0.7454,4.2,472.9,58.6,61.3,1920,1080,0.173,33.5,503.5
Round1,Q1,3164,1582.0,CRUSADER_CARAVANS,0.7335,1888.6,216.1,31.4,24.3,1920,1080,0.037,1904.3,228.2
Round1,Q1,3164,1582.0,CRUSADER_CARAVANS,0.7284,1509.2,225.7,93.5,26.9,1920,1080,0.121,1555.9,239.1
Round1,Q1,3164,1582.0,CRUSADER_CARAVANS,0.7101,420.9,341.4,38.0,27.2,1920,1080,0.05,439.9,355.0
Round1,Q1,3164,1582.0,CRUSADER_CARAVANS,0.6679,103.7,65.1,56.5,27.0,1920,1080,0.074,132.0,78.6
Round1,Q1,3164,1582.0,CRUSADER_CARAVANS,0.3853,207.2,60.0,51.0,28.4,1920,1080,0.07,232.7,74.2
Round1,Q1,3165,1582.5,CRUSADER_CARAVANS,0.8359,1112.2,28.3,102.9,25.2,1920,1080,0.125,1163.6,40.9
Round1,Q1,3165,1582.5,CRUSADER_CARAVANS,0.8244,1521.3,17.0,103.2,24.7,1920,1080,0.123,1572.9,29.4
Round1,Q1,3165,1582.5,CRUSADER_CARAVANS,0.8227,1219.2,27.7,47.5,22.0,1920,1080,0.05,1242.9,38.6
Round1,Q1,3165,1582.5,CRUSADER_CARAVANS,0.8218,38.3,452.0,67.9,50.2,1920,1080,0.164,72.3,477.1
Round1,Q1,3165,1582.5,CRUSADER_CARAVANS,0.8216,844.5,285.2,42.7,25.3,1920,1080,0.052,865.9,297.9
Round1,Q1,3165,1582.5,CRUSADER_CARAVANS,0.8207,368.7,51.3,106.2,28.4,1920,1080,0.145,421.8,65.5
Round1,Q1,3165,1582.5,CRUSADER_CARAVANS,0.8164,1364.7,22.2,104.6,25.2,1920,1080,0.127,1417.0,34.8
Round1,Q1,3165,1582.5,CRUSADER_CARAVANS,0.8152,476.0,50.3,46.4,24.3,1920,1080,0.054,499.2,62.5
Round1,Q1,3165,1582.5,CRUSADER_CARAVANS,0.8142,741.7,289.5,100.2,33.6,1920,1080,0.162,791.8,306.3
Round1,Q1,3165,1582.5,CRUSADER_CARAVANS,0.814,274.9,54.8,97.9,29.3,1920,1080,0.138,323.8,69.4
Round1,Q1,3165,1582.5,CRUSADER_CARAVANS,0.8129,1624.2,14.1,108.8,25.5,1920,1080,0.134,1678.6,26.9
Round1,Q1,3165,1582.5,CRUSADER_CARAVANS,0.8109,524.2,45.8,97.4,27.7,1920,1080,0.13,572.9,59.6
Round1,Q1,3165,1582.5,CRUSADER_CARAVANS,0.809,1473.9,21.2,47.3,21.8,1920,1080,0.05,1497.5,32.1
Round1,Q1,3165,1582.5,CRUSADER_CARAVANS,0.8086,1269.2,23.9,99.2,25.3,1920,1080,0.121,1318.8,36.6
Round1,Q1,3165,1582.5,CRUSADER_CARAVANS,0.808,222.5,59.2,51.1,27.1,1920,1080,0.067,248.0,72.7
Round1,Q1,3165,1582.5,CRUSADER_CARAVANS,0.8075,970.9,34.1,46.0,22.6,1920,1080,0.05,993.9,45.4
Round1,Q1,3165,1582.5,CRUSADER_CARAVANS,0.8072,224.2,383.3,76.5,44.2,1920,1080,0.163,262.5,405.4
Round1,Q1,3165,1582.5,CRUSADER_CARAVANS,0.8065,774.5,38.1,95.7,24.9,1920,1080,0.115,822.3,50.5
Round1,Q1,3165,1582.5,CRUSADER_CARAVANS,0.8058,725.4,41.4,47.5,23.7,1920,1080,0.054,749.2,53.2
Round1,Q1,3165,1582.5,CRUSADER_CARAVANS,0.8055,300.5,363.7,85.9,42.4,1920,1080,0.176,343.4,384.9
Round1,Q1,3165,1582.5,CRUSADER_CARAVANS,0.805,106.2,419.1,70.0,50.6,1920,1080,0.171,141.2,444.4
Round1,Q1,3165,1582.5,CRUSADER_CARAVANS,0.8027,867.9,35.1,100.8,26.4,1920,1080,0.128,918.3,48.3
Round1,Q1,3165,1582.5,CRUSADER_CARAVANS,0.8012,1740.3,12.7,51.1,23.1,1920,1080,0.057,1765.8,24.3
Round1,Q1,3165,1582.5,CRUSADER_CARAVANS,0.7981,515.0,321.0,90.7,38.1,1920,1080,0.167,560.3,340.1
Round1,Q1,3165,1582.5,CRUSADER_CARAVANS,0.7979,1142.9,254.6,99.2,28.3,1920,1080,0.135,1192.5,268.8
Round1,Q1,3165,1582.5,CRUSADER_CARAVANS,0.7977,1794.8,8.2,107.9,24.6,1920,1080,0.128,1848.8,20.5
Round1,Q1,3165,1582.5,CRUSADER_CARAVANS,0.7961,1243.4,246.9,107.4,30.8,1920,1080,0.16,1297.1,262.3
Round1,Q1,3165,1582.5,CRUSADER_CARAVANS,0.7923,1405.0,239.7,106.5,28.1,1920,1080,0.144,1458.2,253.8
Round1,Q1,3165,1582.5,CRUSADER_CARAVANS,0.7912,1017.3,30.9,98.4,24.7,1920,1080,0.117,1066.5,43.2
Round1,Q1,3165,1582.5,CRUSADER_CARAVANS,0.7899,1797.5,223.6,118.9,28.5,1920,1080,0.163,1856.9,237.9
Round1,Q1,3165,1582.5,CRUSADER_CARAVANS,0.7846,619.0,42.5,101.5,28.0,1920,1080,0.137,669.7,56.5
Round1,Q1,3165,1582.5,CRUSADER_CARAVANS,0.7838,430.4,337.8,82.8,37.7,1920,1080,0.15,471.8,356.6
Round1,Q1,3165,1582.5,CRUSADER_CARAVANS,0.7759,1509.0,233.5,114.6,29.6,1920,1080,0.164,1566.4,248.3
Round1,Q1,3165,1582.5,CRUSADER_CARAVANS,0.7727,889.4,274.6,98.1,30.8,1920,1080,0.146,938.4,290.0
Round1,Q1,3165,1582.5,CRUSADER_CARAVANS,0.7723,1355.0,245.9,47.2,24.9,1920,1080,0.057,1378.7,258.3
Round1,Q1,3165,1582.5,CRUSADER_CARAVANS,0.7607,388.2,356.0,44.8,29.3,1920,1080,0.063,410.6,370.7
Round1,Q1,3165,1582.5,CRUSADER_CARAVANS,0.7595,652.5,302.0,89.5,34.0,1920,1080,0.147,697.2,319.0
Round1,Q1,3165,1582.5,CRUSADER_CARAVANS,0.7535,1682.7,228.4,112.6,26.3,1920,1080,0.143,1739.0,241.5
Round1,Q1,3165,1582.5,CRUSADER_CARAVANS,0.7435,986.1,264.8,131.6,30.9,1920,1080,0.196,1051.9,280.2
Round1,Q1,3165,1582.5,CRUSADER_CARAVANS,0.7276,0.0,66.7,54.6,31.8,1920,1080,0.084,27.3,82.6
Round1,Q1,3165,1582.5,CRUSADER_CARAVANS,0.7105,52.6,64.9,64.6,28.8,1920,1080,0.09,84.9,79.3
Round1,Q1,3165,1582.5,CRUSADER_CARAVANS,0.6488,1.2,485.0,37.1,36.1,1920,1080,0.065,19.7,503.0
Round1,Q1,3165,1582.5,CRUSADER_CARAVANS,0.5457,1900.9,6.6,19.0,22.3,1920,1080,0.02,1910.4,17.7
Round1,Q1,3165,1582.5,CRUSADER_CARAVANS,0.5415,165.5,60.2,51.5,29.8,1920,1080,0.074,191.3,75.1
Round1,Q1,3165,1582.5,CRUSADER_CARAVANS,0.3723,1619.7,231.8,58.8,25.7,1920,1080,0.073,1649.1,244.7
Round1,Q1,3165,1582.5,CRUSADER_CARAVANS,0.3305,612.3,314.2,37.2,29.0,1920,1080,0.052,631.0,328.7
Round1,Q1,3166,1583.0,CRUSADER_CARAVANS,0.8366,77.0,432.6,43.1,34.0,1920,1080,0.071,98.6,449.6
Round1,Q1,3166,1583.0,CRUSADER_CARAVANS,0.8281,1636.5,239.4,56.0,29.2,1920,1080,0.079,1664.5,254.0
Round1,Q1,3166,1583.0,CRUSADER_CARAVANS,0.8272,1509.1,243.5,120.9,29.5,1920,1080,0.172,1569.6,258.3
Round1,Q1,3166,1583.0,CRUSADER_CARAVANS,0.8208,437.9,336.2,98.8,41.0,1920,1080,0.195,487.3,356.7
Round1,Q1,3166,1583.0,CRUSADER_CARAVANS,0.8204,1064.4,271.9,51.1,29.1,1920,1080,0.072,1090.0,286.5
Round1,Q1,3166,1583.0,CRUSADER_CARAVANS,0.8159,1754.4,4.5,55.3,24.5,1920,1080,0.065,1782.1,16.7
Round1,Q1,3166,1583.0,CRUSADER_CARAVANS,0.8132,551.3,37.2,110.4,28.7,1920,1080,0.153,606.4,51.6
Round1,Q1,3166,1583.0,CRUSADER_CARAVANS,0.812,948.9,277.0,110.9,33.0,1920,1080,0.177,1004.4,293.5
Round1,Q1,3166,1583.0,CRUSADER_CARAVANS,0.8116,1084.0,22.7,108.1,27.1,1920,1080,0.141,1138.0,36.2
Round1,Q1,3166,1583.0,CRUSADER_CARAVANS,0.8113,1354.7,15.2,110.6,25.7,1920,1080,0.137,1410.0,28.1
Round1,Q1,3166,1583.0,CRUSADER_CARAVANS,0.8109,1469.7,13.4,50.1,24.2,1920,1080,0.058,1494.7,25.5
Round1,Q1,3166,1583.0,CRUSADER_CARAVANS,0.8103,666.8,35.5,50.0,25.6,1920,1080,0.062,691.8,48.3
Round1,Q1,3166,1583.0,CRUSADER_CARAVANS,0.8092,1117.1,263.1,106.5,32.7,1920,1080,0.168,1170.4,279.5
Round1,Q1,3166,1583.0,CRUSADER_CARAVANS,0.8089,281.6,46.3,112.4,29.9,1920,1080,0.162,337.8,61.3
Round1,Q1,3166,1583.0,CRUSADER_CARAVANS,0.8082,1197.8,20.8,51.3,24.2,1920,1080,0.06,1223.4,32.9
Round1,Q1,3166,1583.0,CRUSADER_CARAVANS,0.8061,1522.6,10.3,106.5,26.2,1920,1080,0.134,1575.8,23.3
Round1,Q1,3166,1583.0,CRUSADER_CARAVANS,0.8041,930.4,28.9,49.1,23.3,1920,1080,0.055,954.9,40.5
Round1,Q1,3166,1583.0,CRUSADER_CARAVANS,0.802,1251.0,18.2,105.4,25.8,1920,1080,0.131,1303.7,31.1
Round1,Q1,3166,1583.0,CRUSADER_CARAVANS,0.8008,1342.5,255.1,49.8,26.0,1920,1080,0.062,1367.4,268.1
Round1,Q1,3166,1583.0,CRUSADER_CARAVANS,0.7983,176.2,50.3,106.5,29.1,1920,1080,0.149,229.4,64.8
Round1,Q1,3166,1583.0,CRUSADER_CARAVANS,0.7976,590.8,315.2,92.3,36.5,1920,1080,0.162,636.9,333.5
Round1,Q1,3166,1583.0,CRUSADER_CARAVANS,0.7969,980.6,25.0,104.2,26.8,1920,1080,0.135,1032.8,38.4
Round1,Q1,3166,1583.0,CRUSADER_CARAVANS,0.7967,1394.7,247.6,111.6,30.5,1920,1080,0.164,1450.5,262.9
Round1,Q1,3166,1583.0,CRUSADER_CARAVANS,0.7966,397.9,45.1,50.9,25.6,1920,1080,0.063,423.4,57.9
Round1,Q1,3166,1583.0,CRUSADER_CARAVANS,0.7966,449.9,40.6,105.0,28.1,1920,1080,0.142,502.4,54.6
Round1,Q1,3166,1583.0,CRUSADER_CARAVANS,0.7951,539.9,330.3,49.6,30.7,1920,1080,0.073,564.6,345.7
Round1,Q1,3166,1583.0,CRUSADER_CARAVANS,0.7923,795.2,297.6,46.6,27.3,1920,1080,0.061,818.5,311.2
Round1,Q1,3166,1583.0,CRUSADER_CARAVANS,0.7916,348.7,354.2,89.5,41.3,1920,1080,0.178,393.5,374.8
Round1,Q1,3166,1583.0,CRUSADER_CARAVANS,0.7912,0.3,443.6,76.1,55.8,1920,1080,0.205,38.3,471.5
Round1,Q1,3166,1583.0,CRUSADER_CARAVANS,0.7901,1813.5,1.0,106.5,25.8,1920,1080,0.132,1866.7,13.9
Round1,Q1,3166,1583.0,CRUSADER_CARAVANS,0.7892,844.8,286.2,103.2,33.7,1920,1080,0.168,896.4,303.0
Round1,Q1,3166,1583.0,CRUSADER_CARAVANS,0.7879,208.3,382.3,92.7,42.2,1920,1080,0.189,254.7,403.4
Round1,Q1,3166,1583.0,CRUSADER_CARAVANS,0.7871,685.6,301.9,105.6,36.6,1920,1080,0.186,738.4,320.2
Round1,Q1,3166,1583.0,CRUSADER_CARAVANS,0.787,820.7,29.4,108.2,27.3,1920,1080,0.142,874.7,43.0
Round1,Q1,3166,1583.0,CRUSADER_CARAVANS,0.7848,1629.2,6.3,119.9,26.6,1920,1080,0.154,1689.1,19.6
Round1,Q1,3166,1583.0,CRUSADER_CARAVANS,0.7841,301.9,375.4,46.9,30.0,1920,1080,0.068,325.4,390.4
Round1,Q1,3166,1583.0,CRUSADER_CARAVANS,0.7821,718.5,32.5,104.1,27.3,1920,1080,0.137,770.6,46.1
Round1,Q1,3166,1583.0,CRUSADER_CARAVANS,0.7775,120.6,404.0,85.1,48.2,1920,1080,0.198,163.2,428.1
Round1,Q1,3166,1583.0,CRUSADER_CARAVANS,0.7774,1223.2,257.3,115.4,31.0,1920,1080,0.172,1280.9,272.8
Round1,Q1,3166,1583.0,CRUSADER_CARAVANS,0.7408,1812.5,231.3,107.2,30.0,1920,1080,0.155,1866.1,246.3
Round1,Q1,3166,1583.0,CRUSADER_CARAVANS,0.7399,1694.6,234.8,118.4,29.9,1920,1080,0.171,1753.8,249.7
Round1,Q1,3166,1583.0,CRUSADER_CARAVANS,0.7099,121.2,53.6,53.7,28.0,1920,1080,0.073,148.0,67.6
Round1,Q1,3167,1583.5,CRUSADER_CARAVANS,0.8227,852.0,271.8,119.9,34.0,1920,1080,0.197,911.9,288.8
Round1,Q1,3167,1583.5,CRUSADER_CARAVANS,0.82,287.7,337.6,110.2,44.0,1920,1080,0.234,342.8,359.6
Round1,Q1,3167,1583.5,CRUSADER_CARAVANS,0.8199,977.1,265.1,56.2,32.4,1920,1080,0.088,1005.1,281.3
Round1,Q1,3167,1583.5,CRUSADER_CARAVANS,0.8198,1033.8,256.6,117.6,33.5,1920,1080,0.19,1092.6,273.3
Round1,Q1,3167,1583.5,CRUSADER_CARAVANS,0.8185,1149.8,247.6,123.6,35.6,1920,1080,0.212,1211.6,265.4
Round1,Q1,3167,1583.5,CRUSADER_CARAVANS,0.8184,399.7,329.4,56.3,34.4,1920,1080,0.093,427.9,346.7
Round1,Q1,3167,1583.5,CRUSADER_CARAVANS,0.8165,1598.1,229.2,59.2,31.3,1920,1080,0.09,1627.7,244.8
Round1,Q1,3167,1583.5,CRUSADER_CARAVANS,0.8147,560.7,298.6,120.6,39.3,1920,1080,0.229,621.0,318.2
Round1,Q1,3167,1583.5,CRUSADER_CARAVANS,0.8124,1458.0,232.8,132.4,32.8,1920,1080,0.209,1524.2,249.2
Round1,Q1,3167,1583.5,CRUSADER_CARAVANS,0.8112,1659.1,223.5,131.6,33.5,1920,1080,0.212,1724.9,240.2
Round1,Q1,3167,1583.5,CRUSADER_CARAVANS,0.8085,456.5,313.3,106.7,38.9,1920,1080,0.2,509.8,332.8
Round1,Q1,3167,1583.5,CRUSADER_CARAVANS,0.7977,1337.1,238.6,122.8,32.9,1920,1080,0.195,1398.5,255.1
Round1,Q1,3167,1583.5,CRUSADER_CARAVANS,0.7934,298.3,11.5,115.5,29.2,1920,1080,0.163,356.1,26.1
Round1,Q1,3167,1583.5,CRUSADER_CARAVANS,0.7933,709.7,1.8,116.4,27.1,1920,1080,0.152,767.9,15.4
Round1,Q1,3167,1583.5,CRUSADER_CARAVANS,0.7914,830.9,0.6,52.3,24.4,1920,1080,0.062,857.0,12.8
Round1,Q1,3167,1583.5,CRUSADER_CARAVANS,0.7903,0.7,20.1,109.5,31.7,1920,1080,0.167,55.4,35.9
Round1,Q1,3167,1583.5,CRUSADER_CARAVANS,0.7872,734.7,281.0,117.8,35.0,1920,1080,0.199,793.6,298.5
Round1,Q1,3167,1583.5,CRUSADER_CARAVANS,0.7822,109.7,16.3,128.9,31.5,1920,1080,0.196,174.1,32.1
Round1,Q1,3167,1583.5,CRUSADER_CARAVANS,0.78,540.7,7.5,52.8,26.5,1920,1080,0.067,567.0,20.8
Round1,Q1,3167,1583.5,CRUSADER_CARAVANS,0.7772,413.5,8.6,120.5,29.9,1920,1080,0.174,473.8,23.6
Round1,Q1,3167,1583.5,CRUSADER_CARAVANS,0.7747,888.2,0.0,110.7,23.8,1920,1080,0.127,943.6,11.9
Round1,Q1,3167,1583.5,CRUSADER_CARAVANS,0.7675,1791.2,220.1,116.5,31.0,1920,1080,0.174,1849.4,235.6
Round1,Q1,3167,1583.5,CRUSADER_CARAVANS,0.7576,240.9,15.6,56.2,27.2,1920,1080,0.074,269.1,29.2
Round1,Q1,3167,1583.5,CRUSADER_CARAVANS,0.7443,28.4,386.6,104.2,47.3,1920,1080,0.238,80.5,410.3
Round1,Q1,3167,1583.5,CRUSADER_CARAVANS,0.7428,600.0,3.5,111.5,27.5,1920,1080,0.148,655.7,17.3
Round1,Q1,3167,1583.5,CRUSADER_CARAVANS,0.7384,998.3,0.0,117.4,21.0,1920,1080,0.119,1057.0,10.5
Round1,Q1,3167,1583.5,CRUSADER_CARAVANS,0.7063,132.8,379.0,64.4,35.8,1920,1080,0.111,165.1,396.9
Round1,Q1,3167,1583.5,CRUSADER_CARAVANS,0.6829,1122.0,0.0,54.5,16.7,1920,1080,0.044,1149.2,8.4
Round1,Q1,3167,1583.5,CRUSADER_CARAVANS,0.6776,1278.8,245.6,54.9,29.2,1920,1080,0.077,1306.2,260.2
Round1,Q1,3167,1583.5,CRUSADER_CARAVANS,0.6689,682.2,294.2,51.5,29.1,1920,1080,0.072,707.9,308.7
Round1,Q1,3167,1583.5,CRUSADER_CARAVANS,0.646,190.8,355.4,98.0,44.6,1920,1080,0.211,239.8,377.6
Round1,Q1,3167,1583.5,CRUSADER_CARAVANS,0.6447,0.0,412.4,26.7,40.5,1920,1080,0.052,13.4,432.6
Round1,Q1,3167,1583.5,CRUSADER_CARAVANS,0.5015,1179.5,0.0,111.6,15.4,1920,1080,0.083,1235.4,7.7
Round1,Q1,3168,1584.0,CRUSADER_CARAVANS,0.8358,833.7,243.3,65.8,36.8,1920,1080,0.117,866.6,261.7
Round1,Q1,3168,1584.0,CRUSADER_CARAVANS,0.8354,501.2,276.7,57.4,34.3,1920,1080,0.095,529.9,293.9
Round1,Q1,3168,1584.0,CRUSADER_CARAVANS,0.828,361.2,282.2,140.3,43.1,1920,1080,0.292,431.3,303.8
Round1,Q1,3168,1584.0,CRUSADER_CARAVANS,0.8185,1375.7,207.8,142.2,35.5,1920,1080,0.244,1446.8,225.6
Round1,Q1,3168,1584.0,CRUSADER_CARAVANS,0.8184,174.8,318.0,64.9,38.5,1920,1080,0.12,207.2,337.3
Round1,Q1,3168,1584.0,CRUSADER_CARAVANS,0.8173,899.3,233.8,130.1,38.0,1920,1080,0.238,964.3,252.8
Round1,Q1,3168,1584.0,CRUSADER_CARAVANS,0.8152,1527.6,201.5,66.3,36.4,1920,1080,0.117,1560.7,219.7
Round1,Q1,3168,1584.0,CRUSADER_CARAVANS,0.8128,1739.8,189.5,160.6,36.6,1920,1080,0.284,1820.1,207.9
Round1,Q1,3168,1584.0,CRUSADER_CARAVANS,0.8071,41.0,326.5,131.0,47.8,1920,1080,0.302,106.5,350.4
Round1,Q1,3168,1584.0,CRUSADER_CARAVANS,0.8055,1173.5,220.6,62.8,34.6,1920,1080,0.105,1204.9,237.9
Round1,Q1,3168,1584.0,CRUSADER_CARAVANS,0.805,238.8,299.5,127.1,42.3,1920,1080,0.26,302.3,320.7
Round1,Q1,3168,1584.0,CRUSADER_CARAVANS,0.8038,1028.1,225.3,140.8,37.6,1920,1080,0.255,1098.5,244.1
Round1,Q1,3168,1584.0,CRUSADER_CARAVANS,0.7989,694.3,251.0,134.3,38.5,1920,1080,0.249,761.4,270.3
Round1,Q1,3168,1584.0,CRUSADER_CARAVANS,0.7862,1596.8,196.3,144.8,35.1,1920,1080,0.245,1669.2,213.9
Round1,Q1,3168,1584.0,CRUSADER_CARAVANS,0.7815,1237.7,213.8,136.9,36.7,1920,1080,0.242,1306.2,232.2
Round1,Q1,3168,1584.0,CRUSADER_CARAVANS,0.6986,1902.1,189.3,17.9,35.0,1920,1080,0.03,1911.0,206.8
Round1,Q1,3168,1584.0,CRUSADER_CARAVANS,0.6903,560.2,263.1,132.0,40.0,1920,1080,0.254,626.2,283.0
Round1,Q1,3168,1584.0,CRUSADER_CARAVANS,0.4152,0.0,346.3,38.0,44.8,1920,1080,0.082,19.0,368.7
Round1,Q1,3169,1584.5,EMIRATES,0.8356,1803.1,832.3,68.0,27.5,1920,1080,0.09,1837.1,846.1
Round1,Q1,3170,1585.0,EMIRATES,0.7741,1099.7,426.1,44.5,13.8,1920,1080,0.03,1122.0,433.0
Round1,Q1,3170,1585.0,EMIRATES,0.6901,1911.6,649.2,8.3,24.0,1920,1080,0.01,1915.8,661.2
Round1,Q1,3173,1586.5,EMIRATES,0.5048,947.0,337.2,46.2,21.1,1920,1080,0.047,970.1,347.8
Round1,Q1,3174,1587.0,EMIRATES,0.8273,199.7,940.9,96.5,40.7,1920,1080,0.189,248.0,961.3
Round1,Q1,3174,1587.0,EMIRATES,0.7108,1347.6,111.6,54.6,20.5,1920,1080,0.054,1374.9,121.9
Round1,Q1,3175,1587.5,EMIRATES,0.6742,1171.6,756.3,66.6,31.3,1920,1080,0.101,1204.9,771.9
Round1,Q1,3176,1588.0,CRUSADER_CARAVANS,0.8386,60.9,54.6,80.5,37.6,1920,1080,0.146,101.1,73.4
Round1,Q1,3176,1588.0,CRUSADER_CARAVANS,0.8359,884.3,8.3,71.7,35.8,1920,1080,0.124,920.1,26.2
Round1,Q1,3176,1588.0,CRUSADER_CARAVANS,0.827,712.7,10.9,163.7,41.8,1920,1080,0.33,794.5,31.7
Round1,Q1,3176,1588.0,CRUSADER_CARAVANS,0.8258,554.4,21.2,155.5,38.3,1920,1080,0.287,632.2,40.4
Round1,Q1,3176,1588.0,CRUSADER_CARAVANS,0.8204,145.2,41.8,157.1,42.6,1920,1080,0.323,223.7,63.1
Round1,Q1,3176,1588.0,CRUSADER_CARAVANS,0.7703,303.4,34.2,167.3,39.3,1920,1080,0.317,387.0,53.9
Round1,Q1,3176,1588.0,CRUSADER_CARAVANS,0.766,0.0,61.9,54.8,37.5,1920,1080,0.099,27.5,80.6
Round1,Q1,3176,1588.0,CRUSADER_CARAVANS,0.6372,1364.2,0.0,169.9,19.1,1920,1080,0.157,1449.1,9.6
Round1,Q1,3176,1588.0,CRUSADER_CARAVANS,0.6345,1292.0,0.0,68.8,25.5,1920,1080,0.085,1326.4,12.8
Round1,Q1,3176,1588.0,CRUSADER_CARAVANS,0.4762,958.2,2.3,342.4,34.8,1920,1080,0.575,1129.4,19.7
Round1,Q1,3176,1588.0,CRUSADER_CARAVANS,0.4575,480.6,29.8,69.7,34.8,1920,1080,0.117,515.5,47.2
Round1,Q1,3177,1588.5,CRUSADER_CARAVANS,0.8276,261.2,15.9,72.1,35.5,1920,1080,0.124,297.2,33.6
Round1,Q1,3177,1588.5,CRUSADER_CARAVANS,0.8264,335.5,5.1,141.6,38.1,1920,1080,0.26,406.3,24.2
Round1,Q1,3177,1588.5,CRUSADER_CARAVANS,0.8198,101.1,20.3,158.2,41.3,1920,1080,0.315,180.2,40.9
Round1,Q1,3177,1588.5,CRUSADER_CARAVANS,0.8008,6.2,32.8,95.3,40.7,1920,1080,0.187,53.9,53.2
Round1,Q1,3177,1588.5,CRUSADER_CARAVANS,0.7504,477.1,0.7,157.5,31.8,1920,1080,0.241,555.9,16.6
Round1,Q1,3177,1588.5,CRUSADER_CARAVANS,0.7334,701.7,0.0,149.0,21.1,1920,1080,0.152,776.3,10.6
Round1,Q1,3192,1596.0,JAMESON,0.818,1431.0,2.8,56.4,12.5,1920,1080,0.034,1459.2,9.1
Round1,Q1,3192,1596.0,ACCESS_COVERS,0.8081,378.2,16.7,65.6,13.6,1920,1080,0.043,411.0,23.5
Round1,Q1,3192,1596.0,JAMESON,0.7908,1363.2,4.8,59.1,12.8,1920,1080,0.036,1392.8,11.2
Round1,Q1,3192,1596.0,JAMESON,0.753,1300.8,7.6,54.1,13.3,1920,1080,0.035,1327.9,14.2
Round1,Q1,3193,1596.5,JAMESON,0.8087,1244.7,1.9,57.1,12.4,1920,1080,0.034,1273.3,8.1
Round1,Q1,3193,1596.5,JAMESON,0.7382,1181.1,3.0,56.0,13.5,1920,1080,0.037,1209.1,9.8
Round1,Q1,3198,1599.0,EMIRATES,0.7885,990.9,257.4,46.2,16.2,1920,1080,0.036,1014.0,265.5
Round1,Q1,3199,1599.5,EMIRATES,0.7084,828.7,208.2,34.0,18.0,1920,1080,0.029,845.6,217.1
Round1,Q1,3200,1600.0,EMIRATES,0.8829,849.7,413.4,29.1,37.0,1920,1080,0.052,864.3,431.9
Round1,Q1,3203,1601.5,EMIRATES,0.4617,1126.2,492.1,40.0,26.6,1920,1080,0.051,1146.3,505.4
Round1,Q1,3204,1602.0,EMIRATES,0.8714,1237.3,571.9,41.9,29.0,1920,1080,0.059,1258.2,586.4
Round1,Q1,3204,1602.0,EMIRATES,0.8707,1308.5,756.0,73.7,24.3,1920,1080,0.086,1345.4,768.2
Round1,Q1,3205,1602.5,EMIRATES,0.879,1169.7,689.9,71.2,27.1,1920,1080,0.093,1205.2,703.5
Round1,Q1,3206,1603.0,EMIRATES,0.8877,955.9,653.6,74.0,29.0,1920,1080,0.104,992.9,668.1
Round1,Q1,3206,1603.0,EMIRATES,0.8793,1116.2,496.9,45.3,45.2,1920,1080,0.099,1138.9,519.5
Round1,Q1,3207,1603.5,EMIRATES,0.886,1068.2,469.2,69.8,27.5,1920,1080,0.093,1103.2,482.9
Round1,Q1,3211,1605.5,EMIRATES,0.8421,810.6,461.0,102.7,34.4,1920,1080,0.171,861.9,478.2
Round1,Q1,3211,1605.5,CYBERCX,0.7986,277.9,473.2,265.7,112.4,1920,1080,1.441,410.7,529.4
Round1,Q1,3211,1605.5,CYBERCX,0.6337,318.0,760.6,113.4,143.7,1920,1080,0.786,374.7,832.4
Round1,Q1,3212,1606.0,EMIRATES,0.8426,735.5,479.5,99.0,33.8,1920,1080,0.162,785.0,496.4
Round1,Q1,3212,1606.0,CYBERCX,0.7061,304.5,476.7,264.2,111.5,1920,1080,1.42,436.6,532.4
Round1,Q1,3213,1606.5,EMIRATES,0.8064,794.0,464.2,90.6,29.4,1920,1080,0.129,839.3,478.9
Round1,Q1,3213,1606.5,CYBERCX,0.4375,305.8,489.0,271.6,117.9,1920,1080,1.544,441.6,548.0
Round1,Q1,3213,1606.5,EMIRATES,0.3283,294.4,954.6,211.8,33.3,1920,1080,0.34,400.3,971.2
Round1,Q1,3214,1607.0,EMIRATES,0.7124,845.1,465.2,66.2,34.5,1920,1080,0.11,878.2,482.5
Round1,Q1,3214,1607.0,CYBERCX,0.6076,422.9,799.3,418.3,139.8,1920,1080,2.82,632.0,869.2
Round1,Q1,3214,1607.0,CYBERCX,0.561,307.1,485.0,277.8,123.9,1920,1080,1.66,446.0,547.0
Round1,Q1,3214,1607.0,EMIRATES,0.4221,271.1,951.1,208.6,37.6,1920,1080,0.378,375.3,969.9
Round1,Q1,3215,1607.5,EMIRATES,0.8332,680.3,560.0,87.9,28.9,1920,1080,0.123,724.2,574.4
Round1,Q1,3215,1607.5,EMIRATES,0.7452,340.3,895.6,208.9,49.0,1920,1080,0.494,444.8,920.1
Round1,Q1,3216,1608.0,EMIRATES,0.775,26.9,560.2,88.2,22.6,1920,1080,0.096,71.0,571.6
Round1,Q1,3216,1608.0,EMIRATES,0.6295,534.4,738.4,117.2,23.1,1920,1080,0.13,593.0,749.9
Round1,Q1,3216,1608.0,EMIRATES,0.3444,537.5,724.1,104.5,34.3,1920,1080,0.173,589.7,741.2
Round1,Q1,3217,1608.5,EMIRATES,0.7613,856.1,444.5,71.4,18.7,1920,1080,0.064,891.8,453.8
Round1,Q1,3217,1608.5,EMIRATES,0.7127,244.7,517.3,73.9,19.7,1920,1080,0.07,281.7,527.2
Round1,Q1,3217,1608.5,EMIRATES,0.5183,394.0,852.7,99.9,28.0,1920,1080,0.135,443.9,866.7
Round1,Q1,3217,1608.5,EMIRATES,0.5009,844.2,788.8,64.8,17.8,1920,1080,0.056,876.6,797.7
Round1,Q1,3218,1609.0,EMIRATES,0.766,880.0,699.7,84.4,18.4,1920,1080,0.075,922.2,708.9
Round1,Q1,3218,1609.0,CYBERCX,0.7046,744.3,513.7,63.3,78.0,1920,1080,0.238,776.0,552.7
Round1,Q1,3218,1609.0,EMIRATES,0.6931,559.9,701.1,72.5,18.0,1920,1080,0.063,596.2,710.1
Round1,Q1,3218,1609.0,EMIRATES,0.6571,934.0,382.0,54.9,16.9,1920,1080,0.045,961.4,390.4
Round1,Q1,3218,1609.0,EMIRATES,0.6463,190.4,695.0,65.1,17.3,1920,1080,0.054,223.0,703.6
Round1,Q1,3218,1609.0,CYBERCX,0.6137,1678.4,330.2,66.4,87.5,1920,1080,0.28,1711.6,374.0
Round1,Q1,3218,1609.0,CYBERCX,0.5829,1869.0,523.3,51.0,67.2,1920,1080,0.166,1894.5,556.9
Round1,Q1,3218,1609.0,EMIRATES,0.517,450.4,455.0,53.4,15.0,1920,1080,0.039,477.1,462.5
Round1,Q1,3218,1609.0,CYBERCX,0.4016,1536.6,729.1,89.7,62.7,1920,1080,0.271,1581.5,760.5
Round1,Q1,3219,1609.5,CYBERCX,0.8276,1576.7,883.8,126.2,58.4,1920,1080,0.356,1639.9,913.0
Round1,Q1,3219,1609.5,CYBERCX,0.8255,1408.0,897.7,101.0,46.7,1920,1080,0.228,1458.5,921.1
Round1,Q1,3219,1609.5,CYBERCX,0.8115,134.2,601.9,149.5,55.5,1920,1080,0.4,209.0,629.7
Round1,Q1,3219,1609.5,EMIRATES,0.8074,887.2,601.9,65.7,18.1,1920,1080,0.057,920.1,610.9
Round1,Q1,3219,1609.5,CYBERCX,0.7833,1419.7,607.7,68.8,49.3,1920,1080,0.164,1454.1,632.4
Round1,Q1,3219,1609.5,CYBERCX,0.7806,1670.4,452.0,65.2,53.0,1920,1080,0.167,1703.0,478.5
Round1,Q1,3219,1609.5,CYBERCX,0.7648,1528.7,309.9,49.6,64.2,1920,1080,0.154,1553.5,342.0
Round1,Q1,3219,1609.5,EMIRATES,0.6878,680.9,589.2,57.5,14.8,1920,1080,0.041,709.7,596.5
Round1,Q1,3219,1609.5,CYBERCX,0.6128,1875.6,436.2,44.3,37.8,1920,1080,0.081,1897.7,455.1
Round1,Q1,3219,1609.5,EMIRATES,0.6099,1304.6,637.7,51.5,13.1,1920,1080,0.033,1330.4,644.2
Round1,Q1,3219,1609.5,CYBERCX,0.5564,1589.5,319.5,172.4,60.8,1920,1080,0.506,1675.7,349.9
Round1,Q1,3219,1609.5,CYBERCX,0.4099,1865.2,622.9,54.8,28.2,1920,1080,0.074,1892.6,637.0
Round1,Q1,3219,1609.5,CYBERCX,0.375,824.1,449.7,30.3,59.7,1920,1080,0.087,839.2,479.6
Round1,Q1,3219,1609.5,CYBERCX,0.3443,1872.8,524.4,47.0,33.7,1920,1080,0.076,1896.3,541.3
Round1,Q1,3219,1609.5,EMIRATES,0.3361,930.9,350.4,39.3,11.1,1920,1080,0.021,950.6,356.0
Round1,Q1,3220,1610.0,CYBERCX,0.8454,1536.6,767.6,100.4,45.3,1920,1080,0.219,1586.8,790.3
Round1,Q1,3220,1610.0,CYBERCX,0.8209,1611.3,430.0,50.8,46.2,1920,1080,0.113,1636.7,453.1
Round1,Q1,3220,1610.0,CYBERCX,0.8016,1406.6,775.7,80.4,38.0,1920,1080,0.147,1446.8,794.7
Round1,Q1,3220,1610.0,CYBERCX,0.7975,152.7,766.7,114.9,49.9,1920,1080,0.276,210.2,791.6
Round1,Q1,3220,1610.0,CYBERCX,0.7935,1415.4,553.3,53.5,41.4,1920,1080,0.107,1442.2,574.0
Round1,Q1,3220,1610.0,CYBERCX,0.7845,1759.8,563.3,72.8,24.2,1920,1080,0.085,1796.2,575.4
Round1,Q1,3220,1610.0,CYBERCX,0.7823,0.1,439.6,76.6,38.7,1920,1080,0.143,38.4,459.0
Round1,Q1,3220,1610.0,CYBERCX,0.7721,1753.4,636.3,76.2,27.9,1920,1080,0.102,1791.5,650.3
Round1,Q1,3220,1610.0,CYBERCX,0.7699,1763.4,488.2,72.9,26.4,1920,1080,0.093,1799.8,501.4
Round1,Q1,3220,1610.0,CYBERCX,0.7402,1768.7,421.7,66.0,22.9,1920,1080,0.073,1801.7,433.2
Round1,Q1,3220,1610.0,CYBERCX,0.6907,1748.7,706.0,75.1,30.2,1920,1080,0.109,1786.2,721.1
Round1,Q1,3220,1610.0,CYBERCX,0.666,1502.8,322.4,38.5,51.5,1920,1080,0.096,1522.1,348.1
Round1,Q1,3220,1610.0,CYBERCX,0.4908,1546.8,327.1,133.8,49.8,1920,1080,0.321,1613.7,352.0
Round1,Q1,3220,1610.0,CYBERCX,0.3547,455.3,552.0,87.6,36.5,1920,1080,0.154,499.1,570.3
Round1,Q1,3221,1610.5,CYBERCX,0.833,174.5,391.4,158.6,38.8,1920,1080,0.297,253.8,410.8
Round1,Q1,3221,1610.5,CYBERCX,0.8223,1546.4,668.8,86.0,39.1,1920,1080,0.162,1589.4,688.4
Round1,Q1,3221,1610.5,CYBERCX,0.813,1609.5,389.0,43.5,37.9,1920,1080,0.08,1631.2,407.9
Round1,Q1,3221,1610.5,CYBERCX,0.8089,1447.2,489.4,44.7,36.9,1920,1080,0.08,1469.6,507.8
Round1,Q1,3221,1610.5,CYBERCX,0.8055,395.7,666.4,104.5,45.1,1920,1080,0.228,448.0,688.9
Round1,Q1,3221,1610.5,CYBERCX,0.7807,1733.2,497.7,62.8,23.1,1920,1080,0.07,1764.6,509.2
Round1,Q1,3221,1610.5,CYBERCX,0.7723,0.0,317.2,91.7,35.9,1920,1080,0.158,45.8,335.2
Round1,Q1,3221,1610.5,CYBERCX,0.7641,1727.9,558.2,63.8,25.4,1920,1080,0.078,1759.8,570.9
Round1,Q1,3221,1610.5,CYBERCX,0.7586,1351.5,673.3,157.3,38.1,1920,1080,0.289,1430.2,692.3
Round1,Q1,3221,1610.5,CYBERCX,0.7586,57.0,393.6,47.5,37.7,1920,1080,0.086,80.8,412.4
Round1,Q1,3221,1610.5,CYBERCX,0.7526,1737.6,380.2,59.0,23.0,1920,1080,0.065,1767.1,391.7
Round1,Q1,3221,1610.5,CYBERCX,0.7487,1735.9,435.6,64.9,24.8,1920,1080,0.078,1768.4,448.0
Round1,Q1,3221,1610.5,CYBERCX,0.6749,1723.2,618.4,64.8,24.9,1920,1080,0.078,1755.6,630.9
Round1,Q1,3221,1610.5,CYBERCX,0.6684,1553.1,305.3,117.7,39.7,1920,1080,0.225,1611.9,325.1
Round1,Q1,3221,1610.5,CYBERCX,0.6063,1517.9,299.4,35.3,42.7,1920,1080,0.073,1535.5,320.7
Round1,Q1,3222,1611.0,CYBERCX,0.8264,579.1,560.0,94.1,40.3,1920,1080,0.183,626.2,580.1
Round1,Q1,3222,1611.0,CYBERCX,0.8235,391.9,321.3,131.5,34.5,1920,1080,0.219,457.6,338.6
Round1,Q1,3222,1611.0,CYBERCX,0.8232,1587.3,564.1,74.6,33.6,1920,1080,0.121,1624.6,580.9
Round1,Q1,3222,1611.0,CYBERCX,0.8108,1641.8,319.2,37.1,33.2,1920,1080,0.06,1660.4,335.8
Round1,Q1,3222,1611.0,CYBERCX,0.8083,1415.8,564.7,138.7,35.2,1920,1080,0.236,1485.2,582.3
Round1,Q1,3222,1611.0,CYBERCX,0.8038,190.3,321.5,138.0,33.6,1920,1080,0.223,259.3,338.3
Round1,Q1,3222,1611.0,CYBERCX,0.7892,774.1,405.2,80.0,34.6,1920,1080,0.134,814.1,422.5
Round1,Q1,3222,1611.0,CYBERCX,0.7822,1754.3,309.8,52.6,21.6,1920,1080,0.055,1780.6,320.6
Round1,Q1,3222,1611.0,CYBERCX,0.7738,177.3,251.4,137.9,36.6,1920,1080,0.243,246.3,269.7
Round1,Q1,3222,1611.0,CYBERCX,0.7549,2.3,252.8,128.6,34.0,1920,1080,0.211,66.6,269.7
Round1,Q1,3222,1611.0,CYBERCX,0.7473,1498.8,407.0,39.9,35.4,1920,1080,0.068,1518.7,424.7
Round1,Q1,3222,1611.0,CYBERCX,0.7396,1592.3,245.0,103.0,34.3,1920,1080,0.17,1643.8,262.1
Round1,Q1,3222,1611.0,CYBERCX,0.6525,147.1,567.1,45.4,35.8,1920,1080,0.078,169.8,585.0
Round1,Q1,3222,1611.0,CYBERCX,0.601,0.0,319.4,132.3,37.0,1920,1080,0.236,66.1,337.9
Round1,Q1,3222,1611.0,CYBERCX,0.5741,1561.8,240.2,30.7,37.6,1920,1080,0.056,1577.2,259.0
Round1,Q1,3222,1611.0,CYBERCX,0.4808,1752.4,359.6,57.5,21.1,1920,1080,0.058,1781.2,370.1
Round1,Q1,3223,1611.5,CYBERCX,0.8294,674.4,461.5,82.8,35.8,1920,1080,0.143,715.8,479.4
Round1,Q1,3223,1611.5,CYBERCX,0.8228,512.5,254.4,116.2,30.2,1920,1080,0.169,570.6,269.5
Round1,Q1,3223,1611.5,CYBERCX,0.8109,1599.5,251.3,34.8,31.1,1920,1080,0.052,1616.9,266.8
Round1,Q1,3223,1611.5,CYBERCX,0.8098,844.7,328.4,79.5,28.8,1920,1080,0.11,884.5,342.8
Round1,Q1,3223,1611.5,CYBERCX,0.7578,1697.8,287.4,48.7,21.3,1920,1080,0.05,1722.2,298.0
Round1,Q1,3223,1611.5,CYBERCX,0.7509,329.8,193.1,116.7,32.2,1920,1080,0.181,388.1,209.2
Round1,Q1,3223,1611.5,CYBERCX,0.7454,72.5,348.3,47.3,19.8,1920,1080,0.045,96.1,358.2
Round1,Q1,3223,1611.5,CYBERCX,0.7453,1694.7,333.7,48.1,20.0,1920,1080,0.047,1718.8,343.7
Round1,Q1,3223,1611.5,CYBERCX,0.7133,1555.6,469.3,60.6,28.4,1920,1080,0.083,1585.9,483.5
Round1,Q1,3223,1611.5,CYBERCX,0.7127,170.2,250.5,122.1,36.9,1920,1080,0.217,231.3,269.0
Round1,Q1,3223,1611.5,CYBERCX,0.7105,1699.8,244.3,45.3,18.8,1920,1080,0.041,1722.5,253.7
Round1,Q1,3223,1611.5,CYBERCX,0.705,164.8,191.5,118.3,32.9,1920,1080,0.188,224.0,208.0
Round1,Q1,3223,1611.5,CYBERCX,0.6949,1537.5,186.2,112.1,32.3,1920,1080,0.175,1593.6,202.3
Round1,Q1,3223,1611.5,CYBERCX,0.6657,1691.0,379.4,49.3,22.3,1920,1080,0.053,1715.6,390.5
Round1,Q1,3223,1611.5,CYBERCX,0.6454,69.0,276.0,49.9,18.6,1920,1080,0.045,94.0,285.3
Round1,Q1,3223,1611.5,CYBERCX,0.6279,339.3,253.6,52.6,29.5,1920,1080,0.075,365.6,268.3
Round1,Q1,3223,1611.5,CYBERCX,0.6157,70.4,311.4,48.9,17.9,1920,1080,0.042,94.8,320.3
Round1,Q1,3223,1611.5,CYBERCX,0.5908,420.3,254.6,35.5,28.3,1920,1080,0.049,438.0,268.8
Round1,Q1,3223,1611.5,CYBERCX,0.576,300.8,468.5,41.6,32.3,1920,1080,0.065,321.6,484.6
Round1,Q1,3223,1611.5,CYBERCX,0.3813,69.4,243.8,48.1,17.0,1920,1080,0.04,93.5,252.3
Round1,Q1,3224,1612.0,CYBERCX,0.8342,521.7,198.2,103.8,27.1,1920,1080,0.136,573.6,211.7
Round1,Q1,3224,1612.0,CYBERCX,0.8275,818.2,263.1,73.7,26.7,1920,1080,0.095,855.0,276.5
Round1,Q1,3224,1612.0,CYBERCX,0.8031,1493.0,195.7,33.4,27.1,1920,1080,0.044,1509.7,209.2
Round1,Q1,3224,1612.0,CYBERCX,0.8024,668.3,384.6,71.9,30.9,1920,1080,0.107,704.2,400.1
Round1,Q1,3224,1612.0,CYBERCX,0.7974,358.1,143.1,104.2,28.4,1920,1080,0.143,410.2,157.3
Round1,Q1,3224,1612.0,CYBERCX,0.7861,211.2,141.9,106.7,29.7,1920,1080,0.153,264.6,156.7
Round1,Q1,3224,1612.0,CYBERCX,0.7836,1319.1,389.3,107.3,27.8,1920,1080,0.144,1372.7,403.2
Round1,Q1,3224,1612.0,CYBERCX,0.7342,126.4,187.7,42.0,14.3,1920,1080,0.029,147.4,194.9
Round1,Q1,3224,1612.0,CYBERCX,0.7196,1384.2,264.7,29.9,25.6,1920,1080,0.037,1399.2,277.5
Round1,Q1,3224,1612.0,CYBERCX,0.7167,1433.9,136.5,103.4,28.9,1920,1080,0.144,1485.6,151.0
Round1,Q1,3224,1612.0,CYBERCX,0.7162,1450.6,387.6,57.8,25.7,1920,1080,0.072,1479.5,400.5
Round1,Q1,3224,1612.0,CYBERCX,0.7128,129.2,281.5,42.0,16.5,1920,1080,0.033,150.2,289.8
Round1,Q1,3224,1612.0,CYBERCX,0.7044,1580.2,227.5,44.8,16.5,1920,1080,0.036,1602.6,235.8
Round1,Q1,3224,1612.0,CYBERCX,0.7039,126.1,217.7,43.5,16.0,1920,1080,0.034,147.8,225.7
Round1,Q1,3224,1612.0,CYBERCX,0.6893,1578.0,268.7,47.1,17.4,1920,1080,0.039,1601.5,277.4
Round1,Q1,3224,1612.0,CYBERCX,0.6787,1583.0,188.9,39.4,16.6,1920,1080,0.032,1602.7,197.2
Round1,Q1,3224,1612.0,CYBERCX,0.6702,126.1,249.2,43.8,15.6,1920,1080,0.033,148.0,257.0
Round1,Q1,3224,1612.0,CYBERCX,0.6493,1574.4,310.3,46.2,19.4,1920,1080,0.043,1597.5,320.1
Round1,Q1,3224,1612.0,CYBERCX,0.5123,367.6,196.2,105.8,30.5,1920,1080,0.156,420.5,211.5
Round1,Q1,3224,1612.0,CYBERCX,0.4414,217.7,195.7,101.0,26.9,1920,1080,0.131,268.2,209.1
Round1,Q1,3224,1612.0,CYBERCX,0.3203,1121.8,199.0,38.9,26.5,1920,1080,0.05,1141.3,212.2
Round1,Q1,3225,1612.5,CYBERCX,0.8212,501.1,188.9,98.4,25.8,1920,1080,0.123,550.3,201.8
Round1,Q1,3225,1612.5,CYBERCX,0.8151,779.9,250.4,66.6,25.7,1920,1080,0.083,813.2,263.3
Round1,Q1,3225,1612.5,CYBERCX,0.7985,1410.2,188.7,28.0,25.3,1920,1080,0.034,1424.2,201.3
Round1,Q1,3225,1612.5,CYBERCX,0.7938,349.1,138.4,98.5,26.7,1920,1080,0.127,398.4,151.8
Round1,Q1,3225,1612.5,CYBERCX,0.7919,211.3,137.3,99.4,27.6,1920,1080,0.132,260.9,151.1
Round1,Q1,3225,1612.5,CYBERCX,0.7825,638.2,364.1,67.5,28.1,1920,1080,0.092,672.0,378.1
Round1,Q1,3225,1612.5,CYBERCX,0.7751,1351.9,131.7,100.0,28.5,1920,1080,0.137,1401.9,146.0
Round1,Q1,3225,1612.5,CYBERCX,0.7716,1247.7,368.6,99.7,26.3,1920,1080,0.127,1297.6,381.8
Round1,Q1,3225,1612.5,CYBERCX,0.7561,1369.0,366.7,54.7,24.0,1920,1080,0.063,1396.4,378.7
Round1,Q1,3225,1612.5,CYBERCX,0.7395,271.5,190.3,44.1,23.9,1920,1080,0.051,293.6,202.3
Round1,Q1,3225,1612.5,CYBERCX,0.7272,133.3,267.3,40.4,17.0,1920,1080,0.033,153.5,275.8
Round1,Q1,3225,1612.5,CYBERCX,0.6544,1306.4,252.5,31.3,25.8,1920,1080,0.039,1322.0,265.4
Round1,Q1,3225,1612.5,CYBERCX,0.6478,1487.7,256.2,44.7,16.1,1920,1080,0.035,1510.1,264.3
Round1,Q1,3225,1612.5,CYBERCX,0.6435,130.5,195.7,42.0,34.1,1920,1080,0.069,151.5,212.7
Round1,Q1,3225,1612.5,CYBERCX,0.6351,130.6,180.5,40.6,20.7,1920,1080,0.04,150.9,190.8
Round1,Q1,3225,1612.5,CYBERCX,0.6195,1489.1,181.7,42.1,15.0,1920,1080,0.03,1510.1,189.2
Round1,Q1,3225,1612.5,CYBERCX,0.5786,131.0,236.9,42.4,15.4,1920,1080,0.032,152.2,244.6
Round1,Q1,3225,1612.5,CYBERCX,0.5759,1485.0,293.2,47.6,18.4,1920,1080,0.042,1508.8,302.4
Round1,Q1,3225,1612.5,CYBERCX,0.5456,1490.1,216.9,42.7,17.3,1920,1080,0.036,1511.5,225.5
Round1,Q1,3225,1612.5,CYBERCX,0.3284,356.9,188.8,52.3,26.0,1920,1080,0.066,383.1,201.8
Round1,Q1,3225,1612.5,CYBERCX,0.3104,431.0,191.4,23.8,22.7,1920,1080,0.026,442.9,202.7
Round1,Q1,3226,1613.0,CYBERCX,0.8305,478.3,183.6,93.1,23.8,1920,1080,0.107,524.9,195.4
Round1,Q1,3226,1613.0,CYBERCX,0.8109,332.2,132.9,93.1,26.1,1920,1080,0.117,378.7,146.0
Round1,Q1,3226,1613.0,CYBERCX,0.7954,742.8,241.3,63.4,24.4,1920,1080,0.074,774.5,253.5
Round1,Q1,3226,1613.0,CYBERCX,0.7948,201.5,131.3,94.9,27.1,1920,1080,0.124,248.9,144.9
Round1,Q1,3226,1613.0,CYBERCX,0.7781,1187.7,353.9,95.8,23.8,1920,1080,0.11,1235.6,365.8
Round1,Q1,3226,1613.0,CYBERCX,0.7451,1303.4,351.1,51.5,24.5,1920,1080,0.061,1329.1,363.3
Round1,Q1,3226,1613.0,CYBERCX,0.7418,1287.2,128.4,94.7,26.5,1920,1080,0.121,1334.6,141.7
Round1,Q1,3226,1613.0,CYBERCX,0.7336,1342.6,182.4,29.2,22.5,1920,1080,0.032,1357.2,193.7
Round1,Q1,3226,1613.0,CYBERCX,0.7286,1246.2,242.7,27.1,23.1,1920,1080,0.03,1259.7,254.2
Round1,Q1,3226,1613.0,CYBERCX,0.705,338.4,182.4,48.1,23.9,1920,1080,0.055,362.5,194.4
Round1,Q1,3226,1613.0,CYBERCX,0.683,125.7,199.3,40.4,15.1,1920,1080,0.029,145.9,206.8
Round1,Q1,3226,1613.0,CYBERCX,0.6822,1419.0,174.2,39.4,16.7,1920,1080,0.032,1438.7,182.5
Round1,Q1,3226,1613.0,CYBERCX,0.68,1418.8,210.1,40.0,16.7,1920,1080,0.032,1438.8,218.5
Round1,Q1,3226,1613.0,CYBERCX,0.6793,207.1,180.0,95.0,26.5,1920,1080,0.122,254.6,193.3
Round1,Q1,3226,1613.0,CYBERCX,0.6734,1416.5,245.5,46.2,16.8,1920,1080,0.037,1439.7,253.9
Round1,Q1,3226,1613.0,CYBERCX,0.6474,1414.9,285.2,41.0,14.5,1920,1080,0.029,1435.4,292.5
Round1,Q1,3226,1613.0,CYBERCX,0.5865,125.4,173.8,38.7,12.6,1920,1080,0.024,144.7,180.2
Round1,Q1,3226,1613.0,CYBERCX,0.3702,127.7,256.8,30.6,15.6,1920,1080,0.023,143.0,264.6
Round1,Q1,3226,1613.0,CYBERCX,0.3592,310.8,353.6,102.4,28.3,1920,1080,0.14,362.0,367.8
Round1,Q1,3226,1613.0,CYBERCX,0.3003,316.6,248.6,31.6,25.7,1920,1080,0.039,332.4,261.4
Round1,Q1,3227,1613.5,CYBERCX,0.8308,484.4,189.4,89.4,24.3,1920,1080,0.105,529.1,201.6
Round1,Q1,3227,1613.5,CYBERCX,0.8161,218.8,140.4,92.0,25.8,1920,1080,0.114,264.8,153.3
Round1,Q1,3227,1613.5,CYBERCX,0.7926,343.2,143.0,93.3,24.4,1920,1080,0.11,389.9,155.2
Round1,Q1,3227,1613.5,CYBERCX,0.78,1275.0,351.9,50.2,22.9,1920,1080,0.055,1300.1,363.3
Round1,Q1,3227,1613.5,CYBERCX,0.7771,1162.7,353.1,92.4,24.2,1920,1080,0.108,1208.9,365.2
Round1,Q1,3227,1613.5,CYBERCX,0.7739,608.4,348.3,62.8,27.5,1920,1080,0.083,639.9,362.0
Round1,Q1,3227,1613.5,CYBERCX,0.7658,1309.6,188.6,29.2,22.9,1920,1080,0.032,1324.2,200.0
Round1,Q1,3227,1613.5,CYBERCX,0.7622,737.7,245.1,53.8,24.8,1920,1080,0.064,764.6,257.5
Round1,Q1,3227,1613.5,CYBERCX,0.7571,223.1,188.4,92.7,26.0,1920,1080,0.116,269.5,201.5
Round1,Q1,3227,1613.5,CYBERCX,0.7386,1259.1,138.0,90.9,24.6,1920,1080,0.108,1304.5,150.2
Round1,Q1,3227,1613.5,CYBERCX,0.6709,1217.8,245.4,28.7,24.7,1920,1080,0.034,1232.1,257.7
Round1,Q1,3227,1613.5,CYBERCX,0.6362,1384.8,182.5,35.8,14.7,1920,1080,0.025,1402.7,189.9
Round1,Q1,3227,1613.5,CYBERCX,0.6276,995.9,188.5,55.9,24.8,1920,1080,0.067,1023.8,200.9
Round1,Q1,3227,1613.5,CYBERCX,0.5901,1380.8,249.7,42.0,15.5,1920,1080,0.031,1401.9,257.4
Round1,Q1,3227,1613.5,CYBERCX,0.5859,352.1,189.5,42.9,23.0,1920,1080,0.048,373.5,201.0
Round1,Q1,3227,1613.5,CYBERCX,0.5344,1383.7,215.0,39.9,15.0,1920,1080,0.029,1403.6,222.4
Round1,Q1,3227,1613.5,CYBERCX,0.5132,146.7,179.9,37.7,14.2,1920,1080,0.026,165.5,187.0
Round1,Q1,3227,1613.5,CYBERCX,0.4915,1379.1,285.2,41.0,16.1,1920,1080,0.032,1399.6,293.3
Round1,Q1,3227,1613.5,CYBERCX,0.4855,146.4,206.0,38.8,13.7,1920,1080,0.026,165.8,212.9
Round1,Q1,3227,1613.5,CYBERCX,0.4153,156.4,233.6,28.7,13.2,1920,1080,0.018,170.8,240.2
Round1,Q1,3227,1613.5,CYBERCX,0.3092,326.9,253.1,33.4,22.6,1920,1080,0.036,343.6,264.4
Round1,Q1,3227,1613.5,CYBERCX,0.3059,322.8,352.5,74.8,26.1,1920,1080,0.094,360.2,365.5
Round1,Q1,3228,1614.0,CYBERCX,0.8256,518.8,189.6,87.6,24.1,1920,1080,0.102,562.6,201.6
Round1,Q1,3228,1614.0,CYBERCX,0.7894,383.0,144.3,89.3,23.7,1920,1080,0.102,427.7,156.1
Round1,Q1,3228,1614.0,CYBERCX,0.7883,1264.8,139.3,87.9,25.0,1920,1080,0.106,1308.8,151.8
Round1,Q1,3228,1614.0,CYBERCX,0.785,263.4,143.1,89.9,25.1,1920,1080,0.109,308.4,155.6
Round1,Q1,3228,1614.0,CYBERCX,0.7849,1173.5,346.3,88.4,24.6,1920,1080,0.105,1217.7,358.6
Round1,Q1,3228,1614.0,CYBERCX,0.7844,1316.9,189.6,23.8,21.6,1920,1080,0.025,1328.8,200.4
Round1,Q1,3228,1614.0,CYBERCX,0.7801,638.8,343.2,59.0,25.2,1920,1080,0.072,668.3,355.9
Round1,Q1,3228,1614.0,CYBERCX,0.7735,1280.2,345.7,48.9,22.2,1920,1080,0.052,1304.6,356.8
Round1,Q1,3228,1614.0,CYBERCX,0.7557,266.2,188.4,91.9,25.3,1920,1080,0.112,312.2,201.0
Round1,Q1,3228,1614.0,CYBERCX,0.7259,1225.1,245.1,26.5,22.0,1920,1080,0.028,1238.3,256.1
Round1,Q1,3228,1614.0,CYBERCX,0.6987,196.2,256.6,35.1,16.8,1920,1080,0.028,213.7,265.0
Round1,Q1,3228,1614.0,CYBERCX,0.641,1382.5,248.6,38.2,13.8,1920,1080,0.025,1401.6,255.5
Round1,Q1,3228,1614.0,CYBERCX,0.6356,1387.3,183.1,31.7,14.3,1920,1080,0.022,1403.1,190.3
Round1,Q1,3228,1614.0,CYBERCX,0.5988,1380.1,281.7,40.7,16.3,1920,1080,0.032,1400.5,289.9
Round1,Q1,3228,1614.0,CYBERCX,0.576,1011.6,188.9,50.7,24.6,1920,1080,0.06,1037.0,201.2
Round1,Q1,3228,1614.0,CYBERCX,0.5216,363.7,347.0,33.0,23.6,1920,1080,0.037,380.2,358.8
Round1,Q1,3228,1614.0,CYBERCX,0.5208,390.7,189.6,48.6,22.9,1920,1080,0.054,415.0,201.1
Round1,Q1,3228,1614.0,CYBERCX,0.5155,195.2,231.8,36.4,12.9,1920,1080,0.023,213.4,238.2
Round1,Q1,3228,1614.0,CYBERCX,0.5144,195.5,205.5,35.8,13.1,1920,1080,0.023,213.4,212.1
Round1,Q1,3228,1614.0,CYBERCX,0.5137,1385.8,215.7,35.8,12.8,1920,1080,0.022,1403.7,222.1
Round1,Q1,3228,1614.0,CYBERCX,0.4842,195.2,180.3,33.6,13.7,1920,1080,0.022,212.0,187.2
Round1,Q1,3228,1614.0,CYBERCX,0.4595,1378.6,316.0,38.4,14.9,1920,1080,0.027,1397.8,323.5
Round1,Q1,3228,1614.0,CYBERCX,0.3667,762.8,243.5,26.6,20.7,1920,1080,0.027,776.1,253.9
Round1,Q1,3228,1614.0,CYBERCX,0.3146,366.3,251.5,32.3,22.8,1920,1080,0.036,382.5,262.9
Round1,Q1,3229,1614.5,CYBERCX,0.8195,572.8,194.4,84.8,21.9,1920,1080,0.089,615.2,205.4
Round1,Q1,3229,1614.5,CYBERCX,0.8095,326.4,149.1,88.1,24.5,1920,1080,0.104,370.5,161.3
Round1,Q1,3229,1614.5,CYBERCX,0.8067,443.0,149.6,86.8,24.0,1920,1080,0.101,486.4,161.6
Round1,Q1,3229,1614.5,CYBERCX,0.7736,691.2,342.2,57.1,25.5,1920,1080,0.07,719.8,355.0
Round1,Q1,3229,1614.5,CYBERCX,0.7499,1297.3,144.7,85.7,24.3,1920,1080,0.1,1340.2,156.8
Round1,Q1,3229,1614.5,CYBERCX,0.7256,1312.5,345.8,46.5,21.0,1920,1080,0.047,1335.7,356.3
Round1,Q1,3229,1614.5,CYBERCX,0.7223,331.0,193.1,88.2,23.6,1920,1080,0.101,375.1,204.9
Round1,Q1,3229,1614.5,CYBERCX,0.6845,1259.9,246.9,27.2,21.6,1920,1080,0.028,1273.5,257.7
Round1,Q1,3229,1614.5,CYBERCX,0.6562,1413.7,249.6,38.2,15.4,1920,1080,0.028,1432.9,257.3
Round1,Q1,3229,1614.5,CYBERCX,0.6553,450.1,193.7,86.0,22.8,1920,1080,0.095,493.1,205.1
Round1,Q1,3229,1614.5,CYBERCX,0.631,424.7,347.2,34.2,23.2,1920,1080,0.038,441.8,358.8
Round1,Q1,3229,1614.5,CYBERCX,0.6282,1411.2,283.4,40.7,16.5,1920,1080,0.032,1431.5,291.7
Round1,Q1,3229,1614.5,CYBERCX,0.6103,1415.4,185.9,33.4,15.3,1920,1080,0.025,1432.1,193.5
Round1,Q1,3229,1614.5,CYBERCX,0.5629,260.5,235.2,35.1,12.9,1920,1080,0.022,278.0,241.6
Round1,Q1,3229,1614.5,CYBERCX,0.5396,426.2,253.7,32.6,22.2,1920,1080,0.035,442.5,264.8
Round1,Q1,3229,1614.5,CYBERCX,0.5143,260.5,210.2,34.9,12.0,1920,1080,0.02,278.0,216.2
Round1,Q1,3229,1614.5,CYBERCX,0.485,262.0,261.2,34.8,14.2,1920,1080,0.024,279.4,268.3
Round1,Q1,3229,1614.5,CYBERCX,0.4737,260.1,186.0,34.2,12.5,1920,1080,0.021,277.2,192.2
Round1,Q1,3229,1614.5,CYBERCX,0.4554,1415.8,218.3,35.5,13.7,1920,1080,0.023,1433.6,225.1
Round1,Q1,3229,1614.5,CYBERCX,0.4437,1210.0,347.2,85.3,21.7,1920,1080,0.089,1252.6,358.0
Round1,Q1,3229,1614.5,CYBERCX,0.4431,1409.1,315.4,38.6,16.0,1920,1080,0.03,1428.4,323.4
Round1,Q1,3230,1615.0,CYBERCX,0.8079,620.9,205.9,82.6,21.8,1920,1080,0.087,662.2,216.8
Round1,Q1,3230,1615.0,CYBERCX,0.7951,379.4,160.3,85.3,24.9,1920,1080,0.103,422.1,172.8
Round1,Q1,3230,1615.0,CYBERCX,0.7933,493.4,162.4,85.0,23.1,1920,1080,0.095,535.9,174.0
Round1,Q1,3230,1615.0,CYBERCX,0.7836,852.9,256.3,55.5,22.6,1920,1080,0.061,880.7,267.6
Round1,Q1,3230,1615.0,CYBERCX,0.778,1244.3,354.8,84.6,22.9,1920,1080,0.093,1286.6,366.2
Round1,Q1,3230,1615.0,CYBERCX,0.7614,1331.4,156.9,84.6,23.4,1920,1080,0.096,1373.7,168.6
Round1,Q1,3230,1615.0,CYBERCX,0.7356,1344.1,353.2,48.8,21.8,1920,1080,0.051,1368.5,364.1
Round1,Q1,3230,1615.0,CYBERCX,0.6768,1447.8,197.5,32.5,14.4,1920,1080,0.023,1464.1,204.7
Round1,Q1,3230,1615.0,CYBERCX,0.657,383.6,203.0,85.4,24.5,1920,1080,0.101,426.3,215.3
Round1,Q1,3230,1615.0,CYBERCX,0.654,1444.8,259.3,37.4,15.3,1920,1080,0.028,1463.5,266.9
Round1,Q1,3230,1615.0,CYBERCX,0.6531,1293.8,257.8,26.6,21.1,1920,1080,0.027,1307.2,268.3
Round1,Q1,3230,1615.0,CYBERCX,0.5797,315.2,270.4,34.3,14.8,1920,1080,0.024,332.4,277.8
Round1,Q1,3230,1615.0,CYBERCX,0.5546,314.5,220.2,34.1,13.0,1920,1080,0.021,331.6,226.7
Round1,Q1,3230,1615.0,CYBERCX,0.5455,1441.9,291.6,43.7,15.8,1920,1080,0.033,1463.8,299.5
Round1,Q1,3230,1615.0,CYBERCX,0.533,314.4,245.1,34.2,12.7,1920,1080,0.021,331.5,251.5
Round1,Q1,3230,1615.0,CYBERCX,0.5206,499.3,205.7,77.2,21.6,1920,1080,0.08,537.9,216.5
Round1,Q1,3230,1615.0,CYBERCX,0.3645,1446.7,227.9,37.4,13.3,1920,1080,0.024,1465.4,234.6
Round1,Q1,3230,1615.0,CYBERCX,0.345,314.5,195.1,32.8,14.1,1920,1080,0.022,330.9,202.1
Round1,Q1,3230,1615.0,CYBERCX,0.3314,474.1,352.0,89.2,26.2,1920,1080,0.113,518.7,365.1
Round1,Q1,3231,1615.5,CYBERCX,0.8056,509.7,160.4,85.9,23.5,1920,1080,0.097,552.7,172.1
Round1,Q1,3231,1615.5,CYBERCX,0.8054,640.0,204.2,84.8,22.6,1920,1080,0.092,682.3,215.5
Round1,Q1,3231,1615.5,CYBERCX,0.8048,394.1,159.1,85.8,24.2,1920,1080,0.1,437.0,171.2
Round1,Q1,3231,1615.5,CYBERCX,0.789,876.3,256.0,56.9,22.5,1920,1080,0.062,904.8,267.3
Round1,Q1,3231,1615.5,CYBERCX,0.7843,1274.1,355.3,86.3,24.2,1920,1080,0.101,1317.2,367.5
Round1,Q1,3231,1615.5,CYBERCX,0.7816,1362.9,154.6,87.3,24.7,1920,1080,0.104,1406.5,166.9
Round1,Q1,3231,1615.5,CYBERCX,0.7275,1378.0,354.5,48.0,22.5,1920,1080,0.052,1402.0,365.7
Round1,Q1,3231,1615.5,CYBERCX,0.669,328.6,270.7,35.5,14.3,1920,1080,0.024,346.4,277.8
Round1,Q1,3231,1615.5,CYBERCX,0.6485,1478.7,259.6,37.4,15.4,1920,1080,0.028,1497.4,267.3
Round1,Q1,3231,1615.5,CYBERCX,0.6445,1327.0,257.5,24.8,22.2,1920,1080,0.027,1339.4,268.5
Round1,Q1,3231,1615.5,CYBERCX,0.6412,1481.9,195.9,34.1,14.5,1920,1080,0.024,1499.0,203.2
Round1,Q1,3231,1615.5,CYBERCX,0.6231,397.5,202.3,87.3,24.6,1920,1080,0.104,441.2,214.7
Round1,Q1,3231,1615.5,CYBERCX,0.6025,327.0,219.1,36.1,14.0,1920,1080,0.024,345.0,226.1
Round1,Q1,3231,1615.5,CYBERCX,0.5737,987.7,160.6,48.2,21.5,1920,1080,0.05,1011.8,171.4
Round1,Q1,3231,1615.5,CYBERCX,0.5263,489.7,356.4,34.4,24.9,1920,1080,0.041,506.9,368.9
Round1,Q1,3231,1615.5,CYBERCX,0.4968,327.1,194.3,35.0,13.9,1920,1080,0.023,344.6,201.3
Round1,Q1,3231,1615.5,CYBERCX,0.4544,493.0,261.5,29.4,22.7,1920,1080,0.032,507.7,272.8
Round1,Q1,3231,1615.5,CYBERCX,0.431,1476.8,292.7,38.9,14.8,1920,1080,0.028,1496.3,300.1
Round1,Q1,3231,1615.5,CYBERCX,0.4129,326.4,245.0,36.6,12.6,1920,1080,0.022,344.6,251.3
Round1,Q1,3231,1615.5,CYBERCX,0.4039,515.4,203.4,86.5,23.6,1920,1080,0.098,558.7,215.2
Round1,Q1,3231,1615.5,CYBERCX,0.3753,1474.5,324.8,40.0,16.3,1920,1080,0.032,1494.5,332.9
Round1,Q1,3231,1615.5,CYBERCX,0.3176,1481.7,227.9,36.4,12.8,1920,1080,0.022,1499.9,234.3
Round1,Q1,3232,1616.0,CYBERCX,0.8221,918.8,217.4,66.4,23.9,1920,1080,0.077,951.9,229.4
Round1,Q1,3232,1616.0,CYBERCX,0.8197,383.3,108.7,95.5,27.3,1920,1080,0.126,431.1,122.4
Round1,Q1,3232,1616.0,CYBERCX,0.8146,512.0,110.7,94.1,26.0,1920,1080,0.118,559.1,123.7
Round1,Q1,3232,1616.0,CYBERCX,0.8135,656.7,160.3,93.9,24.2,1920,1080,0.11,703.7,172.4
Round1,Q1,3232,1616.0,CYBERCX,0.8081,1461.6,103.7,96.5,27.7,1920,1080,0.129,1509.8,117.6
Round1,Q1,3232,1616.0,CYBERCX,0.7985,1363.6,328.9,96.2,24.5,1920,1080,0.114,1411.7,341.2
Round1,Q1,3232,1616.0,CYBERCX,0.764,387.0,157.7,97.5,27.1,1920,1080,0.128,435.7,171.3
Round1,Q1,3232,1616.0,CYBERCX,0.7342,520.6,158.2,94.9,26.9,1920,1080,0.123,568.0,171.7
Round1,Q1,3232,1616.0,CYBERCX,0.7177,1422.3,218.4,29.3,24.7,1920,1080,0.035,1436.9,230.7
Round1,Q1,3232,1616.0,CYBERCX,0.6946,311.1,233.5,37.1,16.1,1920,1080,0.029,329.6,241.6
Round1,Q1,3232,1616.0,CYBERCX,0.6816,308.5,150.6,38.4,13.9,1920,1080,0.026,327.7,157.6
Round1,Q1,3232,1616.0,CYBERCX,0.6257,1476.6,326.7,46.3,24.7,1920,1080,0.055,1499.7,339.1
Round1,Q1,3232,1616.0,CYBERCX,0.5881,1596.2,150.1,35.9,16.2,1920,1080,0.028,1614.1,158.2
Round1,Q1,3232,1616.0,CYBERCX,0.574,309.2,204.4,39.4,14.2,1920,1080,0.027,328.9,211.5
Round1,Q1,3232,1616.0,CYBERCX,0.5516,1047.2,111.0,49.8,22.3,1920,1080,0.053,1072.1,122.1
Round1,Q1,3232,1616.0,CYBERCX,0.5121,1595.2,183.9,38.8,16.1,1920,1080,0.03,1614.6,192.0
Round1,Q1,3232,1616.0,CYBERCX,0.5025,308.3,169.9,39.6,32.4,1920,1080,0.062,328.1,186.1
Round1,Q1,3232,1616.0,CYBERCX,0.4933,489.3,328.6,97.0,28.0,1920,1080,0.131,537.7,342.7
Round1,Q1,3232,1616.0,CYBERCX,0.4321,1590.8,220.8,47.1,17.1,1920,1080,0.039,1614.3,229.3
Round1,Q1,3232,1616.0,CYBERCX,0.4003,488.6,226.1,39.5,24.0,1920,1080,0.046,508.3,238.1
Round1,Q1,3233,1616.5,EMIRATES,0.6815,935.8,468.2,47.0,15.8,1920,1080,0.036,959.3,476.0
Round1,Q1,3234,1617.0,EMIRATES,0.7375,1029.3,275.1,34.2,25.6,1920,1080,0.042,1046.4,287.9
Round1,Q1,3238,1619.0,EMIRATES,0.8262,322.0,642.8,67.6,33.5,1920,1080,0.109,355.8,659.6
Round1,Q1,3238,1619.0,EMIRATES,0.749,1503.3,403.4,50.3,26.3,1920,1080,0.064,1528.4,416.5
Round1,Q1,3239,1619.5,EMIRATES,0.864,1783.7,483.5,70.5,26.1,1920,1080,0.089,1819.0,496.6
Round1,Q1,3239,1619.5,EMIRATES,0.771,852.9,627.7,71.9,21.7,1920,1080,0.075,888.8,638.6
Round1,Q1,3240,1620.0,EMIRATES,0.8747,1127.7,794.3,60.5,18.6,1920,1080,0.054,1158.0,803.6
Round1,Q1,3240,1620.0,EMIRATES,0.8551,1346.4,413.9,50.6,17.6,1920,1080,0.043,1371.7,422.7
Round1,Q1,3240,1620.0,EMIRATES,0.8234,1856.9,876.5,44.9,29.7,1920,1080,0.064,1879.3,891.4
Round1,Q1,3241,1620.5,EMIRATES,0.8593,1134.3,733.0,63.2,26.9,1920,1080,0.082,1165.9,746.5
Round1,Q1,3242,1621.0,EMIRATES,0.8795,1316.5,597.6,62.6,27.5,1920,1080,0.083,1347.9,611.4
Round1,Q1,3242,1621.0,EMIRATES,0.8774,1808.5,141.1,40.1,26.9,1920,1080,0.052,1828.5,154.5
Round1,Q1,3243,1621.5,EMIRATES,0.8699,1523.7,455.7,61.6,20.3,1920,1080,0.06,1554.5,465.9
Round1,Q1,3243,1621.5,EMIRATES,0.62,1577.0,184.9,36.8,18.8,1920,1080,0.033,1595.4,194.4
Round1,Q1,3244,1622.0,EMIRATES,0.8999,1350.1,965.1,70.3,21.1,1920,1080,0.071,1385.3,975.6
Round1,Q1,3244,1622.0,EMIRATES,0.8855,1615.8,273.4,62.5,21.5,1920,1080,0.065,1647.0,284.1
Round1,Q1,3260,1630.0,EMIRATES,0.8453,1549.7,770.5,58.5,19.2,1920,1080,0.054,1579.0,780.1
Round1,Q1,3260,1630.0,EMIRATES,0.8184,1692.0,184.2,42.5,16.8,1920,1080,0.034,1713.2,192.6
Round1,Q1,3269,1634.5,CYBERCX,0.8692,355.0,416.0,333.1,135.9,1920,1080,2.183,521.5,484.0
Round1,Q1,3269,1634.5,CYBERCX,0.8172,1492.7,0.0,94.2,38.1,1920,1080,0.173,1539.8,19.1
Round1,Q1,3269,1634.5,EMIRATES,0.6438,949.2,375.4,88.7,73.5,1920,1080,0.314,993.6,412.2
Round1,Q1,3270,1635.0,CYBERCX,0.8688,355.3,416.1,330.4,135.8,1920,1080,2.164,520.5,484.0
Round1,Q1,3270,1635.0,CYBERCX,0.8223,1492.8,0.0,85.4,38.3,1920,1080,0.158,1535.5,19.2
Round1,Q1,3270,1635.0,EMIRATES,0.7556,940.7,375.9,90.8,74.1,1920,1080,0.325,986.1,413.0
Round1,Q1,3271,1635.5,CYBERCX,0.8664,354.0,415.5,330.0,138.3,1920,1080,2.201,519.0,484.7
Round1,Q1,3271,1635.5,CYBERCX,0.8024,1492.3,0.0,86.5,38.8,1920,1080,0.162,1535.5,19.4
Round1,Q1,3271,1635.5,EMIRATES,0.758,939.6,373.5,90.1,75.4,1920,1080,0.327,984.6,411.1
Round1,Q1,3272,1636.0,CYBERCX,0.7887,1492.0,0.0,85.8,38.4,1920,1080,0.159,1534.9,19.2
Round1,Q1,3272,1636.0,EMIRATES,0.7609,936.1,373.2,92.8,74.1,1920,1080,0.332,982.5,410.2
Round1,Q1,3272,1636.0,CYBERCX,0.5722,549.9,468.9,123.4,72.1,1920,1080,0.429,611.6,505.0
Round1,Q1,3273,1636.5,CYBERCX,0.7945,1492.0,0.0,85.7,37.6,1920,1080,0.156,1534.8,18.8
Round1,Q1,3273,1636.5,EMIRATES,0.7336,933.6,373.1,92.7,75.3,1920,1080,0.336,979.9,410.7
Round1,Q1,3273,1636.5,CYBERCX,0.5982,532.2,464.7,146.2,78.2,1920,1080,0.551,605.3,503.8
Round1,Q1,3274,1637.0,EMIRATES,0.8204,969.5,375.5,57.2,61.9,1920,1080,0.171,998.1,406.5
Round1,Q1,3274,1637.0,CYBERCX,0.8004,1492.5,0.0,84.4,38.4,1920,1080,0.156,1534.7,19.2
Round1,Q1,3274,1637.0,EMIRATES,0.7849,182.3,792.1,306.6,126.0,1920,1080,1.863,335.6,855.1
Round1,Q1,3275,1637.5,CYBERCX,0.7843,1492.4,0.0,84.4,37.3,1920,1080,0.152,1534.6,18.7
Round1,Q1,3275,1637.5,CYBERCX,0.7747,358.7,417.3,247.0,151.8,1920,1080,1.809,482.2,493.2
Round1,Q1,3276,1638.0,CYBERCX,0.8588,350.8,416.9,331.9,129.8,1920,1080,2.078,516.7,481.8
Round1,Q1,3276,1638.0,CYBERCX,0.8138,1484.6,0.0,84.0,38.7,1920,1080,0.157,1526.6,19.4
Round1,Q1,3277,1638.5,CYBERCX,0.8243,214.8,420.2,366.8,135.1,1920,1080,2.39,398.1,487.8
Round1,Q1,3277,1638.5,CYBERCX,0.7328,1358.5,1.3,87.9,40.2,1920,1080,0.17,1402.5,21.4
Round1,Q1,3278,1639.0,CYBERCX,0.8215,142.9,434.8,368.5,128.7,1920,1080,2.288,327.1,499.1
Round1,Q1,3278,1639.0,CYBERCX,0.7464,1289.2,12.0,92.5,40.3,1920,1080,0.18,1335.4,32.2
Round1,Q1,3278,1639.0,EMIRATES,0.4566,755.9,412.2,29.2,55.7,1920,1080,0.078,770.5,440.0
Round1,Q1,3279,1639.5,CYBERCX,0.813,130.8,457.4,360.7,127.3,1920,1080,2.215,311.1,521.0
Round1,Q1,3279,1639.5,CYBERCX,0.3956,1267.7,34.9,185.8,46.2,1920,1080,0.414,1360.6,58.0
Round1,Q1,3280,1640.0,CYBERCX,0.792,129.8,457.3,358.0,124.4,1920,1080,2.147,308.8,519.5
Round1,Q1,3280,1640.0,CYBERCX,0.3935,1265.4,35.8,204.8,49.2,1920,1080,0.486,1367.8,60.3
Round1,Q1,3281,1640.5,CYBERCX,0.8016,129.5,458.4,359.3,124.5,1920,1080,2.157,309.1,520.6
Round1,Q1,3282,1641.0,CYBERCX,0.8157,128.6,457.3,359.9,123.9,1920,1080,2.151,308.5,519.2
Round1,Q1,3282,1641.0,CYBERCX,0.3664,1266.3,33.7,180.7,47.9,1920,1080,0.417,1356.7,57.6
Round1,Q1,3283,1641.5,CYBERCX,0.8013,129.0,457.2,357.4,123.5,1920,1080,2.129,307.7,518.9
Round1,Q1,3283,1641.5,CYBERCX,0.3196,1268.0,35.5,186.7,58.4,1920,1080,0.526,1361.3,64.7
Round1,Q1,3284,1642.0,CYBERCX,0.8157,127.7,457.9,369.1,124.7,1920,1080,2.219,312.3,520.3
Round1,Q1,3285,1642.5,JAMESON,0.5305,468.1,263.7,27.7,6.4,1920,1080,0.009,481.9,266.9
Round1,Q1,3285,1642.5,JAMESON,0.4476,401.9,265.6,26.0,5.9,1920,1080,0.007,414.9,268.6
Round1,Q1,3286,1643.0,JAMESON,0.7007,501.2,257.0,29.2,6.7,1920,1080,0.009,515.8,260.4
Round1,Q1,3286,1643.0,JAMESON,0.6467,432.7,257.9,28.7,7.0,1920,1080,0.01,447.0,261.4
Round1,Q1,3286,1643.0,JAMESON,0.4906,464.8,257.6,31.0,6.7,1920,1080,0.01,480.2,260.9
Round1,Q1,3287,1643.5,JAMESON,0.6903,462.0,250.6,29.3,7.5,1920,1080,0.011,476.6,254.4
Round1,Q1,3287,1643.5,JAMESON,0.6887,496.7,250.5,28.5,7.5,1920,1080,0.01,510.9,254.3
Round1,Q1,3287,1643.5,JAMESON,0.5734,529.7,249.6,31.2,8.4,1920,1080,0.013,545.3,253.8
Round1,Q1,3288,1644.0,JAMESON,0.6623,565.7,237.3,30.6,6.9,1920,1080,0.01,581.0,240.8
Round1,Q1,3288,1644.0,JAMESON,0.6098,496.2,239.2,27.7,6.9,1920,1080,0.009,510.0,242.6
Round1,Q1,3288,1644.0,JAMESON,0.4824,530.7,237.9,26.5,6.3,1920,1080,0.008,543.9,241.1
Round1,Q1,3289,1644.5,JAMESON,0.7532,558.8,226.5,30.8,7.6,1920,1080,0.011,574.2,230.3
Round1,Q1,3289,1644.5,JAMESON,0.7127,524.6,226.1,29.8,7.9,1920,1080,0.011,539.4,230.1
Round1,Q1,3289,1644.5,JAMESON,0.6714,594.8,225.8,29.9,8.2,1920,1080,0.012,609.7,229.9
Round1,Q1,3290,1645.0,JAMESON,0.6192,626.4,209.6,31.5,7.7,1920,1080,0.012,642.2,213.5
Round1,Q1,3290,1645.0,ACCESS_COVERS,0.5229,5.4,212.9,42.4,7.6,1920,1080,0.016,26.6,216.7
Round1,Q1,3290,1645.0,JAMESON,0.4677,552.7,211.6,30.1,6.8,1920,1080,0.01,567.7,215.0
Round1,Q1,3291,1645.5,JAMESON,0.7257,582.7,192.9,31.3,6.6,1920,1080,0.01,598.4,196.3
Round1,Q1,3291,1645.5,JAMESON,0.6886,655.1,191.4,30.3,7.1,1920,1080,0.01,670.2,194.9
Round1,Q1,3291,1645.5,JAMESON,0.6661,618.5,192.4,31.5,7.0,1920,1080,0.011,634.2,195.9
Round1,Q1,3292,1646.0,JAMESON,0.6427,687.1,171.6,33.0,7.5,1920,1080,0.012,703.6,175.4
Round1,Q1,3292,1646.0,JAMESON,0.6105,651.2,173.3,30.3,6.7,1920,1080,0.01,666.3,176.7
Round1,Q1,3292,1646.0,JAMESON,0.6001,612.1,172.9,33.1,7.6,1920,1080,0.012,628.6,176.7
Round1,Q1,3292,1646.0,ACCESS_COVERS,0.4482,49.2,173.6,40.0,7.3,1920,1080,0.014,69.2,177.3
Round1,Q1,3293,1646.5,JAMESON,0.7563,642.9,153.8,31.6,8.3,1920,1080,0.013,658.7,158.0
Round1,Q1,3293,1646.5,JAMESON,0.7533,679.5,154.2,32.9,8.0,1920,1080,0.013,695.9,158.2
Round1,Q1,3293,1646.5,JAMESON,0.6701,718.3,153.2,32.4,8.8,1920,1080,0.014,734.5,157.6
Round1,Q1,3293,1646.5,ACCESS_COVERS,0.3909,70.2,154.6,41.9,7.5,1920,1080,0.015,91.1,158.4
Round1,Q1,3294,1647.0,JAMESON,0.6996,670.1,140.8,33.5,7.9,1920,1080,0.013,686.8,144.7
Round1,Q1,3294,1647.0,JAMESON,0.694,749.4,140.2,30.9,8.1,1920,1080,0.012,764.9,144.2
Round1,Q1,3294,1647.0,JAMESON,0.6656,710.0,140.1,34.8,8.0,1920,1080,0.013,727.4,144.2
Round1,Q1,3295,1647.5,JAMESON,0.7585,766.2,137.1,32.2,7.7,1920,1080,0.012,782.3,141.0
Round1,Q1,3295,1647.5,JAMESON,0.7298,687.2,137.7,32.1,7.7,1920,1080,0.012,703.3,141.6
Round1,Q1,3295,1647.5,JAMESON,0.6691,725.8,137.0,36.7,8.2,1920,1080,0.015,744.1,141.1
Round1,Q1,3295,1647.5,ACCESS_COVERS,0.327,104.7,137.8,38.5,6.9,1920,1080,0.013,124.0,141.3
Round1,Q1,3296,1648.0,JAMESON,0.8073,789.8,158.6,32.3,7.9,1920,1080,0.012,805.9,162.5
Round1,Q1,3296,1648.0,JAMESON,0.7801,748.0,159.1,37.8,8.1,1920,1080,0.015,766.9,163.1
Round1,Q1,3296,1648.0,JAMESON,0.7423,710.8,159.6,31.4,8.0,1920,1080,0.012,726.4,163.5
Round1,Q1,3296,1648.0,ACCESS_COVERS,0.3846,118.7,158.4,41.9,8.2,1920,1080,0.017,139.7,162.5
Round1,Q1,3297,1648.5,JAMESON,0.7574,741.8,177.6,33.8,8.7,1920,1080,0.014,758.7,181.9
Round1,Q1,3297,1648.5,JAMESON,0.7322,822.6,176.5,33.3,9.5,1920,1080,0.015,839.2,181.3
Round1,Q1,3297,1648.5,JAMESON,0.7125,780.9,176.9,35.6,9.2,1920,1080,0.016,798.7,181.6
Round1,Q1,3297,1648.5,ACCESS_COVERS,0.5207,147.8,176.9,41.6,9.1,1920,1080,0.018,168.6,181.5
Round1,Q1,3298,1649.0,JAMESON,0.712,787.3,189.8,32.9,8.4,1920,1080,0.013,803.8,194.0
Round1,Q1,3298,1649.0,JAMESON,0.6391,866.6,188.3,34.3,8.9,1920,1080,0.015,883.7,192.7
Round1,Q1,3298,1649.0,JAMESON,0.6224,825.7,188.9,34.6,9.2,1920,1080,0.015,843.0,193.5
Round1,Q1,3299,1649.5,EMIRATES,0.8897,465.4,526.8,57.0,18.0,1920,1080,0.049,493.8,535.8
Round1,Q1,3299,1649.5,EMIRATES,0.8866,1544.7,796.8,53.8,18.8,1920,1080,0.049,1571.6,806.2
Round1,Q1,3299,1649.5,EMIRATES,0.867,1155.7,400.7,49.0,17.2,1920,1080,0.041,1180.2,409.3
Round1,Q1,3300,1650.0,EMIRATES,0.8736,361.5,495.6,55.2,16.6,1920,1080,0.044,389.1,503.9
Round1,Q1,3300,1650.0,EMIRATES,0.8642,1282.7,821.4,42.9,20.5,1920,1080,0.042,1304.1,831.7
Round1,Q1,3300,1650.0,EMIRATES,0.7955,1222.5,405.2,28.4,24.9,1920,1080,0.034,1236.7,417.7
Round1,Q1,3301,1650.5,EMIRATES,0.8943,1302.6,387.8,47.5,24.8,1920,1080,0.057,1326.4,400.1
Round1,Q1,3301,1650.5,EMIRATES,0.8859,284.7,474.2,54.4,24.7,1920,1080,0.065,311.9,486.6
Round1,Q1,3301,1650.5,EMIRATES,0.8685,977.4,801.3,49.4,20.5,1920,1080,0.049,1002.1,811.6
Round1,Q1,3301,1650.5,EMIRATES,0.8422,868.6,816.8,55.7,23.5,1920,1080,0.063,896.4,828.5
Round1,Q1,3301,1650.5,EMIRATES,0.7234,0.3,229.1,29.2,20.5,1920,1080,0.029,14.9,239.3
Round1,Q1,3302,1651.0,EMIRATES,0.7914,548.8,872.5,76.2,20.6,1920,1080,0.076,586.9,882.8
Round1,Q1,3302,1651.0,EMIRATES,0.7283,59.9,854.8,76.2,19.9,1920,1080,0.073,98.0,864.7
Round1,Q1,3303,1651.5,EMIRATES,0.8634,768.8,926.1,74.3,30.0,1920,1080,0.107,805.9,941.1
Round1,Q1,3303,1651.5,EMIRATES,0.8124,920.6,593.5,71.2,18.3,1920,1080,0.063,956.2,602.6
Round1,Q1,3304,1652.0,EMIRATES,0.8742,582.6,901.1,52.9,37.2,1920,1080,0.095,609.0,919.7
Round1,Q1,3304,1652.0,EMIRATES,0.8667,303.7,602.9,55.8,18.5,1920,1080,0.05,331.5,612.2
Round1,Q1,3305,1652.5,EMIRATES,0.8777,1528.1,422.5,31.6,17.0,1920,1080,0.026,1544.0,431.0
Round1,Q1,3305,1652.5,EMIRATES,0.8522,625.2,595.1,67.7,20.2,1920,1080,0.066,659.1,605.2
Round1,Q1,3305,1652.5,EMIRATES,0.8356,336.9,552.1,69.2,23.9,1920,1080,0.08,371.4,564.1
Round1,Q1,3305,1652.5,EMIRATES,0.7314,1277.2,890.2,62.3,22.4,1920,1080,0.067,1308.4,901.4
Round1,Q1,3305,1652.5,EMIRATES,0.3702,752.2,183.8,60.2,17.5,1920,1080,0.051,782.3,192.5
Round1,Q1,3306,1653.0,EMIRATES,0.8857,1447.2,191.4,53.4,16.7,1920,1080,0.043,1474.0,199.7
Round1,Q1,3306,1653.0,EMIRATES,0.8677,1186.2,587.0,54.1,22.0,1920,1080,0.057,1213.3,598.0
Round1,Q1,3306,1653.0,EMIRATES,0.8341,1567.1,510.4,46.7,28.1,1920,1080,0.063,1590.4,524.5
Round1,Q1,3312,1656.0,EMIRATES,0.7752,1466.9,369.4,28.2,15.9,1920,1080,0.022,1481.0,377.4
Round1,Q1,3313,1656.5,EMIRATES,0.856,1301.5,503.7,51.8,19.8,1920,1080,0.049,1327.4,513.6
Round1,Q1,3314,1657.0,EMIRATES,0.8448,1200.3,444.2,53.2,15.3,1920,1080,0.039,1226.9,451.8
Round1,Q1,3317,1658.5,EMIRATES,0.8692,1678.1,104.3,52.6,24.2,1920,1080,0.061,1704.4,116.4
Round1,Q1,3328,1664.0,EMIRATES,0.8727,709.4,402.9,132.8,57.0,1920,1080,0.365,775.7,431.5
Round1,Q1,3329,1664.5,EMIRATES,0.8799,1447.6,442.7,106.0,45.4,1920,1080,0.232,1500.6,465.4
Round1,Q1,3329,1664.5,EMIRATES,0.878,728.5,377.4,138.4,37.3,1920,1080,0.249,797.8,396.0
Round1,Q1,3330,1665.0,EMIRATES,0.8894,1169.6,287.9,134.3,38.4,1920,1080,0.249,1236.7,307.1
Round1,Q1,3330,1665.0,EMIRATES,0.8688,707.0,457.6,157.3,61.0,1920,1080,0.463,785.6,488.1
Round1,Q1,3331,1665.5,EMIRATES,0.8675,1237.1,463.6,171.6,45.7,1920,1080,0.378,1322.9,486.5
Round1,Q1,3331,1665.5,EMIRATES,0.8577,1024.9,331.0,101.9,36.8,1920,1080,0.181,1075.8,349.4
Round1,Q1,3332,1666.0,EMIRATES,0.8828,1701.1,416.8,160.3,60.3,1920,1080,0.466,1781.2,446.9
Round1,Q1,3332,1666.0,EMIRATES,0.871,1093.0,377.9,140.7,50.1,1920,1080,0.34,1163.3,402.9
Round1,Q1,3333,1666.5,EMIRATES,0.8839,1027.6,318.8,154.1,42.2,1920,1080,0.313,1104.6,339.9
Round1,Q1,3333,1666.5,EMIRATES,0.8639,1773.1,455.0,142.9,73.2,1920,1080,0.504,1844.5,491.6
Round1,Q1,3334,1667.0,EMIRATES,0.8777,957.1,412.9,159.3,63.7,1920,1080,0.489,1036.7,444.8
Round1,Q1,3334,1667.0,EMIRATES,0.8766,1612.9,489.8,125.4,46.2,1920,1080,0.279,1675.6,512.9
Round1,Q1,3335,1667.5,EMIRATES,0.8846,963.9,359.5,129.5,50.3,1920,1080,0.314,1028.7,384.6
Round1,Q1,3335,1667.5,EMIRATES,0.8789,1406.8,495.9,147.7,45.5,1920,1080,0.324,1480.7,518.6
Round1,Q1,3336,1668.0,EMIRATES,0.8639,926.6,393.7,159.1,45.3,1920,1080,0.348,1006.2,416.4
Round1,Q1,3336,1668.0,EMIRATES,0.862,1355.7,588.5,146.8,57.5,1920,1080,0.407,1429.1,617.3
Round1,Q1,3337,1668.5,EMIRATES,0.8817,1387.5,523.0,100.8,45.5,1920,1080,0.221,1437.9,545.7
Round1,Q1,3337,1668.5,EMIRATES,0.8749,1142.4,355.5,121.6,43.2,1920,1080,0.253,1203.2,377.1
Round1,Q1,3338,1669.0,EMIRATES,0.8938,1204.2,351.0,139.7,40.2,1920,1080,0.271,1274.1,371.1
Round1,Q1,3338,1669.0,EMIRATES,0.8746,813.3,697.7,144.9,49.9,1920,1080,0.349,885.7,722.7
Round1,Q1,3339,1669.5,EMIRATES,0.8663,999.6,382.8,139.4,56.6,1920,1080,0.381,1069.3,411.1
Round1,Q1,3339,1669.5,EMIRATES,0.7413,0.0,792.9,27.1,45.5,1920,1080,0.06,13.6,815.7
Round1,Q1,3340,1670.0,EMIRATES,0.8924,1027.7,320.6,133.8,44.8,1920,1080,0.289,1094.6,343.0
Round1,Q1,3341,1670.5,EMIRATES,0.8864,1046.3,389.4,150.7,46.4,1920,1080,0.337,1121.6,412.6
Round1,Q1,3342,1671.0,EMIRATES,0.8925,1009.3,315.5,145.9,43.7,1920,1080,0.307,1082.3,337.3
Round1,Q1,3343,1671.5,EMIRATES,0.883,964.9,386.8,156.0,63.1,1920,1080,0.475,1042.9,418.3
Round1,Q1,3344,1672.0,CYBERCX,0.3619,1066.2,734.6,71.5,24.7,1920,1080,0.085,1102.0,746.9
Round1,Q1,3345,1672.5,CYBERCX,0.3216,1066.6,737.7,70.0,23.2,1920,1080,0.078,1101.7,749.3
Round1,Q1,3346,1673.0,CYBERCX,0.4575,1063.7,738.6,74.0,25.8,1920,1080,0.092,1100.6,751.5
Round1,Q1,3347,1673.5,CYBERCX,0.3282,1064.8,745.1,72.6,23.6,1920,1080,0.083,1101.1,756.9
Round1,Q1,3367,1683.5,EMIRATES,0.8923,1270.2,451.3,72.6,26.8,1920,1080,0.094,1306.4,464.7
Round1,Q1,3367,1683.5,EMIRATES,0.8653,1033.3,273.1,53.8,40.7,1920,1080,0.106,1060.2,293.5
Round1,Q1,3368,1684.0,EMIRATES,0.5961,1646.3,400.7,33.4,20.5,1920,1080,0.033,1662.9,411.0
Round1,Q1,3368,1684.0,EMIRATES,0.3194,1184.1,275.3,48.2,25.0,1920,1080,0.058,1208.2,287.8
Round1,Q1,3369,1684.5,EMIRATES,0.8937,1708.5,405.4,53.3,18.7,1920,1080,0.048,1735.2,414.7
Round1,Q1,3370,1685.0,EMIRATES,0.7925,1566.8,494.9,51.3,25.4,1920,1080,0.063,1592.5,507.6
Round1,Q1,3370,1685.0,EMIRATES,0.6558,0.1,757.1,32.6,35.1,1920,1080,0.055,16.4,774.6
Round1,Q1,3370,1685.0,EMIRATES,0.5571,0.0,871.3,66.2,50.8,1920,1080,0.162,33.1,896.7
Round1,Q1,3372,1686.0,EMIRATES,0.8537,1082.2,486.0,52.8,15.6,1920,1080,0.04,1108.6,493.8
Round1,Q1,3379,1689.5,EMIRATES,0.8544,1878.4,863.6,41.6,28.4,1920,1080,0.057,1899.2,877.8
Round1,Q1,3382,1691.0,EMIRATES,0.8605,1500.1,426.6,52.2,29.1,1920,1080,0.073,1526.2,441.1
Round1,Q1,3383,1691.5,EMIRATES,0.8871,1021.8,32.9,40.5,20.6,1920,1080,0.04,1042.1,43.2
Round1,Q1,3383,1691.5,EMIRATES,0.8674,1128.3,360.7,47.6,20.3,1920,1080,0.047,1152.2,370.9
Round1,Q1,3383,1691.5,EMIRATES,0.6649,1376.3,454.0,19.7,41.5,1920,1080,0.039,1386.2,474.8
Round1,Q1,3384,1692.0,EMIRATES,0.8435,1334.6,469.3,58.1,41.3,1920,1080,0.116,1363.6,490.0
Round1,Q1,3384,1692.0,EMIRATES,0.7786,950.6,282.0,40.1,32.4,1920,1080,0.063,970.7,298.2
Round1,Q1,3387,1693.5,EMIRATES,0.7138,1668.9,30.8,38.8,13.6,1920,1080,0.026,1688.4,37.7
Round1,Q1,3404,1702.0,CRUSADER_CARAVANS,0.5048,164.2,25.2,82.7,32.4,1920,1080,0.129,205.6,41.4
Round1,Q1,3404,1702.0,CRUSADER_CARAVANS,0.448,45.7,49.1,82.6,37.4,1920,1080,0.149,87.0,67.9
Round1,Q1,3405,1702.5,CRUSADER_CARAVANS,0.6566,70.0,105.7,51.5,34.8,1920,1080,0.087,95.8,123.1
Round1,Q1,3405,1702.5,CRUSADER_CARAVANS,0.6083,3.5,122.5,66.8,48.3,1920,1080,0.156,36.9,146.7
Round1,Q1,3407,1703.5,CRUSADER_CARAVANS,0.5006,147.3,186.5,48.4,36.9,1920,1080,0.086,171.4,205.0
Round1,Q1,3407,1703.5,CRUSADER_CARAVANS,0.3422,52.7,208.3,92.6,54.0,1920,1080,0.241,99.0,235.3
Round1,Q1,3419,1709.5,EMIRATES,0.8349,1866.6,862.1,53.4,22.9,1920,1080,0.059,1893.3,873.6
Round1,Q1,3420,1710.0,EMIRATES,0.8045,1074.4,547.6,45.8,18.9,1920,1080,0.042,1097.3,557.1
Round1,Q1,3421,1710.5,EMIRATES,0.8608,1369.7,353.0,50.5,19.4,1920,1080,0.047,1394.9,362.7
Round1,Q1,3422,1711.0,EMIRATES,0.8686,1390.0,350.4,45.1,15.8,1920,1080,0.034,1412.5,358.3
Round1,Q1,3423,1711.5,EMIRATES,0.8815,1305.8,352.0,47.7,16.6,1920,1080,0.038,1329.7,360.3
Round1,Q1,3424,1712.0,EMIRATES,0.8798,1200.3,293.3,44.5,21.7,1920,1080,0.047,1222.5,304.2
Round1,Q1,3425,1712.5,EMIRATES,0.3845,1124.8,383.9,25.3,17.7,1920,1080,0.022,1137.4,392.7
Round1,Q1,3432,1716.0,EMIRATES,0.8628,1036.8,464.3,58.7,26.6,1920,1080,0.075,1066.1,477.6
Round1,Q1,3433,1716.5,EMIRATES,0.4972,769.6,21.3,62.1,21.7,1920,1080,0.065,800.6,32.2
Round1,Q1,3434,1717.0,EMIRATES,0.7395,1287.0,435.7,76.6,24.1,1920,1080,0.089,1325.3,447.8
Round1,Q1,3435,1717.5,EMIRATES,0.8492,352.5,451.7,30.7,28.1,1920,1080,0.042,367.8,465.8
Round1,Q1,3436,1718.0,EMIRATES,0.8387,1658.5,470.4,52.2,22.5,1920,1080,0.057,1684.6,481.6
Round1,Q1,3436,1718.0,EMIRATES,0.8288,374.6,805.1,60.3,20.0,1920,1080,0.058,404.7,815.2
Round1,Q1,3437,1718.5,EMIRATES,0.8842,705.5,836.0,59.7,21.0,1920,1080,0.06,735.3,846.5
Round1,Q1,3437,1718.5,EMIRATES,0.8675,1458.4,561.8,47.4,27.9,1920,1080,0.064,1482.0,575.7
Round1,Q1,3437,1718.5,EMIRATES,0.8602,530.3,956.6,61.2,25.9,1920,1080,0.076,560.9,969.5
Round1,Q1,3437,1718.5,EMIRATES,0.8534,462.9,366.7,54.1,20.2,1920,1080,0.053,489.9,376.8
Round1,Q1,3438,1719.0,EMIRATES,0.8796,245.6,452.9,64.8,19.0,1920,1080,0.059,278.0,462.3
Round1,Q1,3438,1719.0,EMIRATES,0.8641,931.6,563.9,59.2,23.7,1920,1080,0.068,961.2,575.8
Round1,Q1,3439,1719.5,EMIRATES,0.862,658.7,422.0,42.7,35.6,1920,1080,0.073,680.1,439.8
Round1,Q1,3440,1720.0,EMIRATES,0.5251,612.4,324.4,21.2,23.3,1920,1080,0.024,622.9,336.0
Round1,Q1,3448,1724.0,ACCESS_COVERS,0.4162,201.7,42.9,102.5,21.5,1920,1080,0.106,252.9,53.7
Round1,Q1,3449,1724.5,EMIRATES,0.8613,1187.3,375.3,45.4,18.4,1920,1080,0.04,1210.0,384.5
Round1,Q1,3450,1725.0,EMIRATES,0.5233,1692.9,559.7,95.1,27.2,1920,1080,0.125,1740.4,573.3
Round1,Q1,3452,1726.0,EMIRATES,0.8658,1658.2,331.0,47.0,37.3,1920,1080,0.085,1681.7,349.6
Round1,Q1,3453,1726.5,EMIRATES,0.857,1875.3,189.0,43.0,33.2,1920,1080,0.069,1896.8,205.7
Round1,Q1,3456,1728.0,EMIRATES,0.7916,901.1,610.7,26.8,39.8,1920,1080,0.051,914.5,630.6
Round1,Q1,3458,1729.0,EMIRATES,0.8976,1865.7,182.3,46.2,20.9,1920,1080,0.047,1888.8,192.8
Round1,Q1,3459,1729.5,EMIRATES,0.8872,1677.1,172.7,40.9,24.2,1920,1080,0.048,1697.6,184.8
Round1,Q1,3466,1733.0,EMIRATES,0.6991,525.5,821.9,156.6,63.2,1920,1080,0.477,603.8,853.4
Round1,Q1,3469,1734.5,EMIRATES,0.8572,496.0,719.3,97.5,54.3,1920,1080,0.255,544.7,746.4
Round1,Q1,3470,1735.0,EMIRATES,0.8881,873.6,185.6,61.5,36.0,1920,1080,0.107,904.3,203.6
Round1,Q1,3471,1735.5,EMIRATES,0.9052,796.0,316.6,69.5,32.1,1920,1080,0.108,830.8,332.6
Round1,Q1,3471,1735.5,EMIRATES,0.8861,499.2,241.2,50.8,39.5,1920,1080,0.097,524.6,260.9
Round1,Q1,3471,1735.5,EMIRATES,0.7849,1198.4,296.4,41.7,25.9,1920,1080,0.052,1219.3,309.3
Round1,Q1,3472,1736.0,EMIRATES,0.8355,1094.4,390.3,81.6,35.2,1920,1080,0.139,1135.2,407.9
Round1,Q1,3472,1736.0,EMIRATES,0.8275,710.8,248.4,56.2,44.5,1920,1080,0.12,738.9,270.6
Round1,Q1,3473,1736.5,EMIRATES,0.8738,1218.0,454.5,74.0,32.4,1920,1080,0.116,1255.0,470.8
Round1,Q1,3473,1736.5,EMIRATES,0.8587,708.2,503.5,64.1,28.4,1920,1080,0.088,740.3,517.7
Round1,Q1,3473,1736.5,EMIRATES,0.7268,1035.3,637.1,46.2,30.2,1920,1080,0.067,1058.4,652.2
Round1,Q1,3474,1737.0,EMIRATES,0.8851,804.7,449.0,62.2,35.0,1920,1080,0.105,835.8,466.5
Round1,Q1,3475,1737.5,EMIRATES,0.3876,1208.1,431.1,26.4,27.2,1920,1080,0.035,1221.3,444.7
Round1,Q1,3477,1738.5,EMIRATES,0.875,422.5,311.6,37.5,36.0,1920,1080,0.065,441.2,329.6
Round1,Q1,3477,1738.5,EMIRATES,0.7533,1100.6,332.3,20.5,31.0,1920,1080,0.031,1110.8,347.8
Round1,Q1,3478,1739.0,EMIRATES,0.3808,1809.6,229.0,9.4,43.3,1920,1080,0.02,1814.3,250.7
Round1,Q1,3479,1739.5,EMIRATES,0.3997,1831.9,218.7,10.3,45.8,1920,1080,0.023,1837.0,241.6
Round1,Q1,3480,1740.0,EMIRATES,0.4719,1882.6,202.4,11.6,47.6,1920,1080,0.027,1888.4,226.2
Round1,Q1,3480,1740.0,EMIRATES,0.3945,1886.9,155.4,10.0,40.9,1920,1080,0.02,1891.9,175.8
Round1,Q1,3481,1740.5,EMIRATES,0.8988,925.1,407.3,37.0,14.4,1920,1080,0.026,943.6,414.5
Round1,Q1,3481,1740.5,EMIRATES,0.8933,1734.3,29.7,38.7,12.8,1920,1080,0.024,1753.7,36.1
Round1,Q1,3481,1740.5,EMIRATES,0.8671,912.5,122.0,35.9,18.2,1920,1080,0.031,930.4,131.0
Round1,Q1,3481,1740.5,EMIRATES,0.8567,1725.5,620.9,52.4,17.2,1920,1080,0.044,1751.7,629.5
Round1,Q1,3481,1740.5,EMIRATES,0.7907,0.0,920.3,19.4,23.2,1920,1080,0.022,9.7,931.9
Round1,Q1,3482,1741.0,EMIRATES,0.7971,1739.2,688.6,53.4,25.2,1920,1080,0.065,1765.9,701.2
Round1,Q1,3482,1741.0,EMIRATES,0.7736,1675.5,175.1,44.6,20.0,1920,1080,0.043,1697.8,185.1
Round1,Q1,3482,1741.0,EMIRATES,0.4427,644.5,252.1,53.9,21.2,1920,1080,0.055,671.5,262.7
Round1,Q1,3483,1741.5,EMIRATES,0.8721,1660.3,533.3,49.2,15.1,1920,1080,0.036,1685.0,540.8
Round1,Q1,3483,1741.5,EMIRATES,0.8592,498.0,846.0,62.5,18.7,1920,1080,0.057,529.2,855.4
Round1,Q1,3483,1741.5,EMIRATES,0.7906,412.2,197.9,40.3,16.0,1920,1080,0.031,432.4,205.9
Round1,Q1,3483,1741.5,EMIRATES,0.6986,683.7,425.0,49.4,16.5,1920,1080,0.039,708.4,433.3
Round1,Q1,3484,1742.0,EMIRATES,0.892,884.7,859.4,46.6,22.8,1920,1080,0.051,908.0,870.8
Round1,Q1,3484,1742.0,EMIRATES,0.8752,1740.4,479.0,52.9,14.8,1920,1080,0.038,1766.8,486.4
Round1,Q1,3484,1742.0,EMIRATES,0.8638,1487.5,352.1,40.9,14.4,1920,1080,0.028,1507.9,359.3
Round1,Q1,3484,1742.0,EMIRATES,0.8163,350.5,286.7,35.0,16.3,1920,1080,0.028,368.0,294.9
Round1,Q1,3484,1742.0,EMIRATES,0.4276,1696.8,504.7,32.7,18.1,1920,1080,0.029,1713.2,513.8
Round1,Q1,3485,1742.5,EMIRATES,0.8687,1246.7,841.2,56.6,22.5,1920,1080,0.061,1275.0,852.4
Round1,Q1,3485,1742.5,EMIRATES,0.7826,191.3,240.8,22.6,16.6,1920,1080,0.018,202.6,249.1
Round1,Q1,3485,1742.5,EMIRATES,0.7337,1761.8,343.0,59.7,21.4,1920,1080,0.062,1791.6,353.7
Round1,Q1,3485,1742.5,EMIRATES,0.6018,685.3,366.0,48.6,23.6,1920,1080,0.055,709.6,377.8
Round1,Q1,3485,1742.5,EMIRATES,0.3699,1361.8,446.5,51.8,16.1,1920,1080,0.04,1387.7,454.6
Round1,Q1,3486,1743.0,EMIRATES,0.8621,1778.9,168.3,56.5,22.6,1920,1080,0.062,1807.2,179.6
Round1,Q1,3486,1743.0,EMIRATES,0.861,226.3,160.0,25.2,14.9,1920,1080,0.018,238.8,167.5
Round1,Q1,3486,1743.0,EMIRATES,0.8541,1677.4,763.5,63.0,26.2,1920,1080,0.08,1708.8,776.6
Round1,Q1,3487,1743.5,EMIRATES,0.8988,1797.3,131.4,58.0,17.2,1920,1080,0.048,1826.3,140.0
Round1,Q1,3487,1743.5,EMIRATES,0.8907,190.0,131.0,40.8,14.6,1920,1080,0.029,210.3,138.3
Round1,Q1,3487,1743.5,EMIRATES,0.8769,1076.6,336.2,54.5,21.0,1920,1080,0.055,1103.8,346.7
Round1,Q1,3487,1743.5,EMIRATES,0.8766,536.0,301.5,34.9,20.9,1920,1080,0.035,553.5,311.9
Round1,Q1,3488,1744.0,EMIRATES,0.8983,525.0,296.4,44.1,15.2,1920,1080,0.032,547.0,304.1
Round1,Q1,3488,1744.0,EMIRATES,0.8933,233.4,127.1,47.3,16.8,1920,1080,0.038,257.1,135.5
Round1,Q1,3488,1744.0,EMIRATES,0.874,1119.2,336.1,41.4,24.6,1920,1080,0.049,1139.9,348.5
Round1,Q1,3489,1744.5,EMIRATES,0.8908,427.6,281.0,57.8,17.2,1920,1080,0.048,456.5,289.6
Round1,Q1,3489,1744.5,EMIRATES,0.875,374.6,128.9,35.0,17.5,1920,1080,0.03,392.1,137.7
Round1,Q1,3490,1745.0,EMIRATES,0.8982,356.0,309.4,54.3,17.3,1920,1080,0.045,383.2,318.1
Round1,Q1,3490,1745.0,EMIRATES,0.8554,522.6,106.6,35.1,19.5,1920,1080,0.033,540.2,116.4
Round1,Q1,3490,1745.0,EMIRATES,0.4613,1293.0,371.1,25.6,18.0,1920,1080,0.022,1305.8,380.1
Round1,Q1,3491,1745.5,EMIRATES,0.896,348.1,319.2,51.4,19.4,1920,1080,0.048,373.8,328.8
Round1,Q1,3491,1745.5,EMIRATES,0.843,1370.1,387.2,32.4,16.9,1920,1080,0.026,1386.3,395.7
Round1,Q1,3491,1745.5,EMIRATES,0.5502,1449.9,3.7,46.0,18.8,1920,1080,0.042,1473.0,13.1
Round1,Q1,3493,1746.5,EMIRATES,0.8776,609.7,384.5,113.9,67.7,1920,1080,0.372,666.7,418.3
Round1,Q1,3494,1747.0,EMIRATES,0.875,805.7,342.0,208.7,75.4,1920,1080,0.759,910.0,379.7
Round1,Q1,3495,1747.5,EMIRATES,0.8852,456.4,866.0,174.3,73.3,1920,1080,0.616,543.6,902.6
Round1,Q1,3495,1747.5,EMIRATES,0.8783,944.8,365.2,192.7,75.2,1920,1080,0.699,1041.2,402.8
Round1,Q1,3496,1748.0,EMIRATES,0.8952,1165.6,387.9,180.3,62.0,1920,1080,0.54,1255.8,418.9
Round1,Q1,3496,1748.0,EMIRATES,0.8899,928.5,862.9,179.2,49.2,1920,1080,0.425,1018.0,887.5
Round1,Q1,3497,1748.5,EMIRATES,0.8666,1286.0,845.4,199.4,68.4,1920,1080,0.658,1385.7,879.6
Round1,Q1,3497,1748.5,EMIRATES,0.8597,1182.6,385.9,90.9,31.4,1920,1080,0.138,1228.0,401.6
Round1,Q1,3498,1749.0,EMIRATES,0.8854,1506.5,704.7,190.3,52.8,1920,1080,0.485,1601.6,731.1
Round1,Q1,3502,1751.0,EMIRATES,0.8769,1827.5,56.4,92.5,38.2,1920,1080,0.17,1873.8,75.5
Round1,Q1,3502,1751.0,EMIRATES,0.7962,123.4,0.1,129.4,23.6,1920,1080,0.147,188.1,11.9
Round1,Q1,3503,1751.5,EMIRATES,0.8935,1410.2,185.9,117.9,37.0,1920,1080,0.21,1469.2,204.4
Round1,Q1,3503,1751.5,EMIRATES,0.7869,133.5,0.0,48.8,16.7,1920,1080,0.039,157.9,8.3
Round1,Q1,3504,1752.0,EMIRATES,0.8736,760.1,288.5,130.5,37.3,1920,1080,0.235,825.4,307.1
Round1,Q1,3505,1752.5,EMIRATES,0.8781,187.7,380.3,118.3,37.7,1920,1080,0.215,246.9,399.1
Round1,Q1,3505,1752.5,EMIRATES,0.5213,1903.3,385.8,16.6,38.7,1920,1080,0.031,1911.7,405.2
Round1,Q1,3506,1753.0,EMIRATES,0.8869,1341.6,448.1,124.1,40.7,1920,1080,0.243,1403.6,468.5
Round1,Q1,3507,1753.5,EMIRATES,0.8556,679.0,478.7,133.4,45.6,1920,1080,0.293,745.7,501.5
Round1,Q1,3508,1754.0,EMIRATES,0.885,566.6,519.0,206.9,66.7,1920,1080,0.665,670.1,552.4
Round1,Q1,3509,1754.5,EMIRATES,0.8762,654.0,486.7,218.3,71.6,1920,1080,0.754,763.1,522.5
Round1,Q1,3510,1755.0,EMIRATES,0.8709,680.0,498.7,199.2,73.0,1920,1080,0.701,779.6,535.2
Round1,Q1,3511,1755.5,EMIRATES,0.8786,780.2,499.3,215.4,65.1,1920,1080,0.677,887.9,531.9
Round1,Q1,3512,1756.0,EMIRATES,0.8878,1145.9,414.5,189.7,61.2,1920,1080,0.56,1240.8,445.2
Round1,Q1,3512,1756.0,EMIRATES,0.8782,776.5,491.8,222.1,64.2,1920,1080,0.688,887.5,523.9
Round1,Q1,3513,1756.5,EMIRATES,0.8632,1011.0,512.6,226.0,83.7,1920,1080,0.912,1124.0,554.5
Round1,Q1,3513,1756.5,EMIRATES,0.8465,1329.0,390.4,122.6,51.5,1920,1080,0.305,1390.3,416.2
