match,quarter,frame_index,timestamp_sec,partner,confidence,box_x,box_y,box_w,box_h,frame_w,frame_h,coverage_pct,center_x,center_y
Round3,Q3,1,1.0,EMIRATES,0.3228,0.0,941.3,14.3,57.4,1920,1080,0.04,7.1,970.0
Round3,Q3,7,7.0,EMIRATES,0.4792,295.5,1020.8,71.4,54.7,1920,1080,0.189,331.2,1048.2
Round3,Q3,17,17.0,EMIRATES,0.8885,1433.1,665.5,164.3,57.3,1920,1080,0.454,1515.2,694.2
Round3,Q3,17,17.0,EMIRATES,0.5353,665.0,19.0,181.8,30.7,1920,1080,0.269,755.9,34.4
Round3,Q3,18,18.0,EMIRATES,0.8937,1431.5,767.7,165.4,54.9,1920,1080,0.438,1514.2,795.2
Round3,Q3,18,18.0,EMIRATES,0.7696,1808.5,734.1,85.4,32.1,1920,1080,0.132,1851.2,750.2
Round3,Q3,19,19.0,EMIRATES,0.8752,1309.9,797.2,152.0,48.7,1920,1080,0.357,1385.9,821.6
Round3,Q3,19,19.0,EMIRATES,0.7981,1620.0,796.5,116.1,38.5,1920,1080,0.216,1678.1,815.8
Round3,Q3,19,19.0,EMIRATES,0.3596,1004.8,632.4,59.4,23.0,1920,1080,0.066,1034.5,643.9
Round3,Q3,20,20.0,EMIRATES,0.9188,1318.5,720.0,147.9,48.1,1920,1080,0.343,1392.4,744.0
Round3,Q3,21,21.0,EMIRATES,0.9169,1225.8,593.0,137.9,43.3,1920,1080,0.288,1294.7,614.7
Round3,Q3,21,21.0,EMIRATES,0.8377,1858.8,474.2,61.2,42.2,1920,1080,0.125,1889.4,495.3
Round3,Q3,22,22.0,EMIRATES,0.9251,1084.6,506.8,135.8,41.5,1920,1080,0.272,1152.5,527.5
Round3,Q3,23,23.0,EMIRATES,0.921,1021.3,385.2,130.6,39.4,1920,1080,0.248,1086.6,404.8
Round3,Q3,24,24.0,EMIRATES,0.9125,1050.3,458.6,121.8,39.2,1920,1080,0.23,1111.2,478.2
Round3,Q3,25,25.0,EMIRATES,0.922,1071.7,493.9,131.1,41.0,1920,1080,0.259,1137.2,514.4
Round3,Q3,26,26.0,EMIRATES,0.9085,1802.6,509.4,117.3,46.2,1920,1080,0.262,1861.2,532.5
Round3,Q3,26,26.0,EMIRATES,0.9013,1093.3,459.6,115.8,44.3,1920,1080,0.248,1151.2,481.8
Round3,Q3,27,27.0,EMIRATES,0.9194,1087.7,466.1,126.4,39.1,1920,1080,0.238,1150.9,485.6
Round3,Q3,28,28.0,EMIRATES,0.9248,1122.4,487.1,128.9,36.9,1920,1080,0.229,1186.9,505.5
Round3,Q3,29,29.0,EMIRATES,0.9066,1121.7,475.5,117.2,37.5,1920,1080,0.212,1180.2,494.2
Round3,Q3,30,30.0,EMIRATES,0.9219,1122.9,459.5,121.7,37.0,1920,1080,0.217,1183.7,478.0
Round3,Q3,31,31.0,EMIRATES,0.906,1177.7,486.3,120.7,40.1,1920,1080,0.233,1238.0,506.4
Round3,Q3,32,32.0,EMIRATES,0.9286,1207.0,483.7,125.2,38.0,1920,1080,0.23,1269.6,502.7
Round3,Q3,33,33.0,EMIRATES,0.9291,1206.6,462.0,127.4,37.7,1920,1080,0.232,1270.3,480.9
Round3,Q3,34,34.0,EMIRATES,0.9276,1177.4,487.6,129.1,38.5,1920,1080,0.24,1242.0,506.9
Round3,Q3,35,35.0,EMIRATES,0.9153,1143.1,456.0,134.2,40.3,1920,1080,0.261,1210.2,476.1
Round3,Q3,36,36.0,EMIRATES,0.9247,1237.1,541.8,133.7,40.8,1920,1080,0.263,1304.0,562.2
Round3,Q3,37,37.0,EMIRATES,0.9189,1265.4,482.7,135.7,41.5,1920,1080,0.272,1333.3,503.4
Round3,Q3,37,37.0,EMIRATES,0.3814,0.0,512.2,19.4,26.0,1920,1080,0.024,9.7,525.2
Round3,Q3,38,38.0,EMIRATES,0.924,1172.0,487.4,135.4,40.6,1920,1080,0.265,1239.8,507.7
Round3,Q3,39,39.0,EMIRATES,0.915,1118.8,491.2,141.2,41.6,1920,1080,0.283,1189.4,512.0
Round3,Q3,40,40.0,EMIRATES,0.924,1171.2,536.9,154.9,48.6,1920,1080,0.363,1248.7,561.2
Round3,Q3,41,41.0,EMIRATES,0.8897,1383.5,701.1,207.5,72.7,1920,1080,0.728,1487.2,737.5
Round3,Q3,48,48.0,CYBERCX,0.3208,1842.7,528.2,77.3,101.7,1920,1080,0.379,1881.4,579.0
Round3,Q3,53,53.0,EMIRATES,0.9091,1072.4,274.2,39.3,23.4,1920,1080,0.044,1092.1,285.9
Round3,Q3,53,53.0,EMIRATES,0.8865,700.5,249.8,55.2,24.6,1920,1080,0.066,728.1,262.1
Round3,Q3,54,54.0,EMIRATES,0.9016,1069.5,263.1,58.0,25.2,1920,1080,0.07,1098.5,275.7
Round3,Q3,54,54.0,EMIRATES,0.8893,450.0,281.1,61.6,28.1,1920,1080,0.084,480.8,295.2
Round3,Q3,55,55.0,EMIRATES,0.8972,832.3,323.6,60.4,25.1,1920,1080,0.073,862.5,336.1
Round3,Q3,55,55.0,EMIRATES,0.8949,518.0,282.6,62.0,22.0,1920,1080,0.066,549.0,293.6
Round3,Q3,55,55.0,EMIRATES,0.893,1073.8,318.0,46.5,24.8,1920,1080,0.056,1097.0,330.4
Round3,Q3,56,56.0,EMIRATES,0.8975,716.4,308.6,76.7,34.0,1920,1080,0.126,754.8,325.6
Round3,Q3,56,56.0,EMIRATES,0.8922,994.2,327.4,46.2,19.2,1920,1080,0.043,1017.3,337.0
Round3,Q3,56,56.0,EMIRATES,0.8782,552.4,288.3,47.7,19.1,1920,1080,0.044,576.2,297.8
Round3,Q3,57,57.0,EMIRATES,0.7448,591.7,280.4,21.9,22.4,1920,1080,0.024,602.7,291.6
Round3,Q3,58,58.0,EMIRATES,0.8915,948.9,275.7,49.9,26.6,1920,1080,0.064,973.9,289.0
Round3,Q3,58,58.0,EMIRATES,0.8651,1172.8,348.7,42.0,30.8,1920,1080,0.062,1193.8,364.1
Round3,Q3,59,59.0,EMIRATES,0.9002,689.7,352.1,60.3,21.8,1920,1080,0.063,719.8,363.0
Round3,Q3,59,59.0,EMIRATES,0.8976,946.0,321.9,57.4,28.3,1920,1080,0.079,974.7,336.0
Round3,Q3,59,59.0,EMIRATES,0.8815,1229.1,397.3,35.1,28.1,1920,1080,0.048,1246.7,411.3
Round3,Q3,60,60.0,EMIRATES,0.9119,961.1,351.0,61.4,32.6,1920,1080,0.097,991.8,367.3
Round3,Q3,60,60.0,EMIRATES,0.9008,626.7,382.9,64.4,24.1,1920,1080,0.075,658.8,394.9
Round3,Q3,61,61.0,EMIRATES,0.9042,965.9,352.8,67.1,36.2,1920,1080,0.117,999.4,371.0
Round3,Q3,70,70.0,CYBERCX,0.3548,679.9,415.5,145.9,287.5,1920,1080,2.023,752.8,559.2
Round3,Q3,77,77.0,EMIRATES,0.3142,926.5,834.0,15.1,7.4,1920,1080,0.005,934.1,837.7
Round3,Q3,81,81.0,EMIRATES,0.7096,1167.3,832.3,19.6,6.7,1920,1080,0.006,1177.1,835.6
Round3,Q3,86,86.0,EMIRATES,0.6286,1743.2,586.0,14.8,8.1,1920,1080,0.006,1750.6,590.0
Round3,Q3,86,86.0,EMIRATES,0.3855,1165.3,761.7,22.5,10.6,1920,1080,0.011,1176.5,767.0
Round3,Q3,87,87.0,EMIRATES,0.8808,749.4,534.5,49.9,18.3,1920,1080,0.044,774.3,543.7
Round3,Q3,87,87.0,EMIRATES,0.8552,1125.3,372.6,34.3,13.7,1920,1080,0.023,1142.4,379.4
Round3,Q3,87,87.0,EMIRATES,0.3247,1691.1,433.8,24.6,16.5,1920,1080,0.02,1703.4,442.0
Round3,Q3,88,88.0,EMIRATES,0.6728,956.8,351.7,36.4,24.5,1920,1080,0.043,975.0,363.9
Round3,Q3,89,89.0,EMIRATES,0.8955,1252.3,292.4,34.6,11.6,1920,1080,0.019,1269.6,298.2
Round3,Q3,91,91.0,EMIRATES,0.8753,915.9,243.3,57.1,22.6,1920,1080,0.062,944.4,254.6
Round3,Q3,91,91.0,EMIRATES,0.7026,256.1,520.4,29.9,22.4,1920,1080,0.032,271.0,531.6
Round3,Q3,94,94.0,EMIRATES,0.8804,1526.8,761.9,37.9,17.8,1920,1080,0.033,1545.7,770.8
Round3,Q3,94,94.0,EMIRATES,0.8012,1244.5,112.5,32.6,13.8,1920,1080,0.022,1260.9,119.4
Round3,Q3,95,95.0,EMIRATES,0.7734,1274.1,519.9,35.1,19.7,1920,1080,0.033,1291.6,529.8
Round3,Q3,95,95.0,EMIRATES,0.6056,1647.1,0.2,36.6,9.8,1920,1080,0.017,1665.4,5.1
Round3,Q3,96,96.0,EMIRATES,0.7786,893.0,59.5,43.5,19.0,1920,1080,0.04,914.8,68.9
Round3,Q3,96,96.0,EMIRATES,0.6801,930.3,355.0,30.4,18.3,1920,1080,0.027,945.4,364.2
Round3,Q3,97,97.0,EMIRATES,0.8854,1717.6,177.6,34.7,22.2,1920,1080,0.037,1735.0,188.7
Round3,Q3,107,107.0,EMIRATES,0.6714,1775.4,970.5,144.3,109.5,1920,1080,0.762,1847.6,1025.3
Round3,Q3,112,112.0,EMIRATES,0.8835,279.7,659.0,34.5,17.8,1920,1080,0.03,296.9,667.9
Round3,Q3,113,113.0,EMIRATES,0.8834,472.6,364.1,26.4,24.4,1920,1080,0.031,485.8,376.2
Round3,Q3,113,113.0,EMIRATES,0.8745,1005.2,576.6,51.2,16.9,1920,1080,0.042,1030.8,585.1
Round3,Q3,113,113.0,EMIRATES,0.5838,1523.3,268.4,22.3,11.5,1920,1080,0.012,1534.5,274.2
Round3,Q3,114,114.0,EMIRATES,0.8677,1201.9,551.9,40.9,17.2,1920,1080,0.034,1222.4,560.5
Round3,Q3,114,114.0,EMIRATES,0.8267,1727.6,180.4,24.1,12.3,1920,1080,0.014,1739.6,186.6
Round3,Q3,115,115.0,EMIRATES,0.8897,1773.6,191.4,36.9,12.9,1920,1080,0.023,1792.0,197.8
Round3,Q3,115,115.0,EMIRATES,0.8448,1181.6,581.5,50.0,13.6,1920,1080,0.033,1206.6,588.2
Round3,Q3,116,116.0,EMIRATES,0.8855,997.9,520.0,50.0,16.1,1920,1080,0.039,1023.0,528.0
Round3,Q3,116,116.0,EMIRATES,0.8714,1267.9,890.4,58.7,18.7,1920,1080,0.053,1297.2,899.8
Round3,Q3,116,116.0,EMIRATES,0.8561,1606.9,173.5,25.9,14.8,1920,1080,0.019,1619.8,180.9
Round3,Q3,117,117.0,EMIRATES,0.8896,818.8,334.8,33.6,20.2,1920,1080,0.033,835.6,344.9
Round3,Q3,117,117.0,EMIRATES,0.8816,907.6,201.3,43.4,13.3,1920,1080,0.028,929.3,207.9
Round3,Q3,117,117.0,EMIRATES,0.8807,995.9,486.2,47.3,16.2,1920,1080,0.037,1019.5,494.3
Round3,Q3,117,117.0,EMIRATES,0.879,1757.9,743.5,46.7,17.4,1920,1080,0.039,1781.3,752.2
Round3,Q3,117,117.0,EMIRATES,0.8037,1507.1,243.9,23.4,15.3,1920,1080,0.017,1518.7,251.5
Round3,Q3,118,118.0,EMIRATES,0.8945,1027.5,713.3,59.3,19.7,1920,1080,0.056,1057.1,723.1
Round3,Q3,118,118.0,EMIRATES,0.8799,715.3,509.4,58.9,19.9,1920,1080,0.057,744.8,519.4
Round3,Q3,118,118.0,EMIRATES,0.8776,939.2,306.7,56.8,16.5,1920,1080,0.045,967.6,315.0
Round3,Q3,119,119.0,EMIRATES,0.893,640.7,570.0,68.3,22.8,1920,1080,0.075,674.9,581.5
Round3,Q3,119,119.0,EMIRATES,0.8808,1045.3,294.2,62.9,20.9,1920,1080,0.064,1076.7,304.6
Round3,Q3,119,119.0,EMIRATES,0.8201,798.1,677.6,43.2,27.2,1920,1080,0.057,819.7,691.2
Round3,Q3,119,119.0,EMIRATES,0.7634,1276.6,907.7,48.0,34.5,1920,1080,0.08,1300.6,924.9
Round3,Q3,119,119.0,EMIRATES,0.3755,40.3,474.5,33.6,29.6,1920,1080,0.048,57.1,489.3
Round3,Q3,120,120.0,EMIRATES,0.8953,133.4,972.3,72.6,25.5,1920,1080,0.089,169.8,985.0
Round3,Q3,120,120.0,EMIRATES,0.8895,497.1,460.3,70.8,25.7,1920,1080,0.088,532.5,473.1
Round3,Q3,120,120.0,EMIRATES,0.8802,1249.8,1033.7,63.2,26.3,1920,1080,0.08,1281.3,1046.8
Round3,Q3,121,121.0,EMIRATES,0.8816,47.9,975.9,52.7,28.0,1920,1080,0.071,74.2,989.9
Round3,Q3,121,121.0,EMIRATES,0.881,704.2,301.2,79.4,27.1,1920,1080,0.104,744.0,314.7
Round3,Q3,121,121.0,EMIRATES,0.8789,590.1,602.5,72.8,28.1,1920,1080,0.099,626.4,616.5
Round3,Q3,122,122.0,EMIRATES,0.8613,880.2,683.1,58.8,27.8,1920,1080,0.079,909.6,697.0
Round3,Q3,122,122.0,EMIRATES,0.8553,1046.9,342.9,73.3,18.3,1920,1080,0.065,1083.6,352.1
Round3,Q3,123,123.0,EMIRATES,0.9083,896.2,103.3,52.6,24.6,1920,1080,0.062,922.5,115.6
Round3,Q3,123,123.0,EMIRATES,0.8994,92.9,475.1,57.1,18.8,1920,1080,0.052,121.5,484.5
Round3,Q3,123,123.0,EMIRATES,0.8935,1111.9,462.5,37.9,18.6,1920,1080,0.034,1130.9,471.8
Round3,Q3,123,123.0,EMIRATES,0.8761,932.2,747.2,59.2,21.2,1920,1080,0.061,961.8,757.8
Round3,Q3,124,124.0,EMIRATES,0.8909,905.8,735.5,48.3,23.6,1920,1080,0.055,930.0,747.2
Round3,Q3,124,124.0,EMIRATES,0.8818,185.6,578.7,48.5,15.9,1920,1080,0.037,209.8,586.7
Round3,Q3,124,124.0,EMIRATES,0.8771,1146.1,75.8,34.0,20.4,1920,1080,0.033,1163.1,86.0
Round3,Q3,124,124.0,EMIRATES,0.8633,0.0,883.3,40.6,19.3,1920,1080,0.038,20.3,892.9
Round3,Q3,125,125.0,EMIRATES,0.8736,804.9,627.6,40.1,17.4,1920,1080,0.034,825.0,636.3
Round3,Q3,125,125.0,EMIRATES,0.8522,499.9,388.4,39.8,16.3,1920,1080,0.031,519.8,396.6
Round3,Q3,125,125.0,EMIRATES,0.8405,362.5,529.2,44.0,13.4,1920,1080,0.029,384.5,535.9
Round3,Q3,125,125.0,EMIRATES,0.7578,1418.7,0.7,37.5,9.0,1920,1080,0.016,1437.5,5.2
Round3,Q3,126,126.0,EMIRATES,0.8675,446.0,254.5,37.3,12.7,1920,1080,0.023,464.6,260.9
Round3,Q3,126,126.0,EMIRATES,0.8504,1508.8,614.1,36.8,27.4,1920,1080,0.049,1527.2,627.8
Round3,Q3,126,126.0,EMIRATES,0.83,1787.6,516.8,32.1,19.0,1920,1080,0.029,1803.6,526.3
Round3,Q3,126,126.0,EMIRATES,0.7759,721.9,22.8,34.8,14.1,1920,1080,0.024,739.3,29.8
Round3,Q3,127,127.0,EMIRATES,0.8758,906.2,349.9,35.7,12.9,1920,1080,0.022,924.0,356.4
Round3,Q3,127,127.0,EMIRATES,0.8615,1310.1,414.7,39.2,13.8,1920,1080,0.026,1329.7,421.6
Round3,Q3,127,127.0,EMIRATES,0.8241,1794.0,380.7,27.7,20.3,1920,1080,0.027,1807.9,390.9
Round3,Q3,127,127.0,EMIRATES,0.5337,568.7,96.6,29.6,10.5,1920,1080,0.015,583.5,101.9
Round3,Q3,128,128.0,EMIRATES,0.8827,553.5,165.3,35.7,13.2,1920,1080,0.023,571.4,171.9
Round3,Q3,128,128.0,EMIRATES,0.862,1033.6,419.1,43.1,12.2,1920,1080,0.025,1055.2,425.2
Round3,Q3,128,128.0,EMIRATES,0.8027,816.4,361.4,42.5,13.6,1920,1080,0.028,837.6,368.1
Round3,Q3,129,129.0,EMIRATES,0.8659,385.8,453.9,37.8,13.1,1920,1080,0.024,404.7,460.5
Round3,Q3,129,129.0,EMIRATES,0.7192,387.6,669.7,60.0,21.4,1920,1080,0.062,417.7,680.5
Round3,Q3,129,129.0,EMIRATES,0.6243,1169.8,426.9,63.1,19.7,1920,1080,0.06,1201.4,436.7
Round3,Q3,130,130.0,EMIRATES,0.8765,1309.3,655.9,34.3,27.4,1920,1080,0.045,1326.5,669.6
Round3,Q3,130,130.0,EMIRATES,0.7674,1497.6,513.4,48.6,13.7,1920,1080,0.032,1522.0,520.2
Round3,Q3,131,131.0,EMIRATES,0.8499,1883.2,272.3,35.6,16.3,1920,1080,0.028,1901.0,280.4
Round3,Q3,131,131.0,EMIRATES,0.7346,1155.1,530.6,24.5,22.4,1920,1080,0.026,1167.4,541.8
Round3,Q3,132,132.0,EMIRATES,0.8799,750.4,459.3,45.9,17.3,1920,1080,0.038,773.3,467.9
Round3,Q3,132,132.0,EMIRATES,0.8709,133.3,360.5,50.4,17.9,1920,1080,0.043,158.6,369.4
Round3,Q3,132,132.0,EMIRATES,0.7921,1050.1,421.3,36.7,14.1,1920,1080,0.025,1068.5,428.3
Round3,Q3,133,133.0,EMIRATES,0.7587,514.7,267.9,21.0,24.4,1920,1080,0.025,525.2,280.1
Round3,Q3,135,135.0,EMIRATES,0.7043,674.9,438.4,31.4,13.5,1920,1080,0.02,690.7,445.1
Round3,Q3,136,136.0,EMIRATES,0.8922,1541.4,669.8,57.4,15.7,1920,1080,0.044,1570.1,677.7
Round3,Q3,136,136.0,EMIRATES,0.8778,346.6,406.9,40.7,13.0,1920,1080,0.026,367.0,413.4
Round3,Q3,137,137.0,EMIRATES,0.8528,287.5,632.3,61.6,24.2,1920,1080,0.072,318.3,644.4
Round3,Q3,137,137.0,EMIRATES,0.8429,5.8,375.7,53.5,13.9,1920,1080,0.036,32.6,382.7
Round3,Q3,137,137.0,EMIRATES,0.7908,1459.6,817.3,74.5,19.6,1920,1080,0.07,1496.8,827.1
Round3,Q3,138,138.0,EMIRATES,0.8668,269.0,838.9,50.7,29.6,1920,1080,0.073,294.3,853.7
Round3,Q3,138,138.0,EMIRATES,0.8631,752.5,430.7,52.0,19.0,1920,1080,0.048,778.5,440.2
Round3,Q3,139,139.0,EMIRATES,0.7748,1428.4,646.5,15.9,72.7,1920,1080,0.056,1436.4,682.9
Round3,Q3,139,139.0,EMIRATES,0.7124,1673.6,681.5,15.5,75.4,1920,1080,0.056,1681.4,719.2
Round3,Q3,139,139.0,EMIRATES,0.693,1676.9,612.1,15.4,51.7,1920,1080,0.039,1684.6,638.0
Round3,Q3,139,139.0,EMIRATES,0.6846,1005.6,530.5,16.5,49.4,1920,1080,0.039,1013.8,555.2
Round3,Q3,139,139.0,EMIRATES,0.6123,1430.6,581.3,17.1,60.1,1920,1080,0.05,1439.2,611.4
Round3,Q3,139,139.0,EMIRATES,0.5139,1206.5,610.4,16.5,76.1,1920,1080,0.061,1214.7,648.5
Round3,Q3,139,139.0,EMIRATES,0.4977,1208.2,552.1,16.9,50.5,1920,1080,0.041,1216.6,577.4
Round3,Q3,140,140.0,EMIRATES,0.824,1114.0,609.8,22.4,112.5,1920,1080,0.121,1125.2,666.1
Round3,Q3,140,140.0,EMIRATES,0.7545,450.0,431.3,24.3,83.0,1920,1080,0.097,462.1,472.8
Round3,Q3,140,140.0,EMIRATES,0.7472,447.1,523.6,23.5,104.3,1920,1080,0.118,458.9,575.7
Round3,Q3,140,140.0,EMIRATES,0.6868,1116.8,511.8,23.6,75.8,1920,1080,0.086,1128.5,549.7
Round3,Q3,140,140.0,EMIRATES,0.6058,1488.9,658.9,21.2,115.7,1920,1080,0.118,1499.4,716.8
Round3,Q3,140,140.0,EMIRATES,0.5872,1493.0,554.8,20.4,90.0,1920,1080,0.088,1503.2,599.8
Round3,Q3,140,140.0,EMIRATES,0.5699,769.7,573.6,24.0,100.3,1920,1080,0.116,781.7,623.7
Round3,Q3,140,140.0,EMIRATES,0.4504,771.5,466.7,24.4,89.0,1920,1080,0.105,783.6,511.2
Round3,Q3,140,140.0,EMIRATES,0.4132,438.9,1025.9,26.4,9.8,1920,1080,0.012,452.1,1030.8
Round3,Q3,141,141.0,EMIRATES,0.8134,902.3,537.7,23.1,129.6,1920,1080,0.145,913.8,602.6
Round3,Q3,141,141.0,EMIRATES,0.7558,130.7,443.4,23.2,116.9,1920,1080,0.131,142.3,501.9
Round3,Q3,141,141.0,EMIRATES,0.6626,1331.0,477.6,22.3,84.5,1920,1080,0.091,1342.1,519.8
Round3,Q3,141,141.0,EMIRATES,0.6333,131.3,334.2,23.9,97.4,1920,1080,0.112,143.3,382.9
Round3,Q3,141,141.0,EMIRATES,0.6228,1326.8,598.0,22.9,127.3,1920,1080,0.141,1338.3,661.6
Round3,Q3,141,141.0,EMIRATES,0.566,905.0,424.8,24.3,74.7,1920,1080,0.088,917.1,462.1
Round3,Q3,141,141.0,EMIRATES,0.5177,143.0,1027.1,24.3,9.7,1920,1080,0.011,155.1,1031.9
Round3,Q3,141,141.0,EMIRATES,0.4955,508.2,376.0,24.1,103.0,1920,1080,0.12,520.2,427.5
Round3,Q3,141,141.0,EMIRATES,0.3473,506.3,497.8,24.7,113.5,1920,1080,0.135,518.7,554.5
Round3,Q3,143,143.0,EMIRATES,0.8136,1009.4,809.1,109.0,42.1,1920,1080,0.221,1063.9,830.1
Round3,Q3,144,144.0,EMIRATES,0.3107,648.4,364.2,118.9,563.0,1920,1080,3.228,707.8,645.6
Round3,Q3,145,145.0,EMIRATES,0.7118,338.0,581.9,91.8,40.8,1920,1080,0.18,383.9,602.3
Round3,Q3,153,153.0,EMIRATES,0.9169,989.4,448.0,72.8,47.3,1920,1080,0.166,1025.7,471.7
Round3,Q3,153,153.0,EMIRATES,0.9156,440.3,355.7,105.7,43.4,1920,1080,0.221,493.2,377.4
Round3,Q3,153,153.0,EMIRATES,0.9086,658.1,477.3,138.2,49.3,1920,1080,0.329,727.2,502.0
Round3,Q3,153,153.0,EMIRATES,0.6749,1864.8,425.1,55.2,43.9,1920,1080,0.117,1892.4,447.1
Round3,Q3,154,154.0,EMIRATES,0.916,989.5,444.6,91.9,50.3,1920,1080,0.223,1035.5,469.8
Round3,Q3,154,154.0,EMIRATES,0.9016,707.8,473.6,92.9,46.2,1920,1080,0.207,754.3,496.7
Round3,Q3,155,155.0,EMIRATES,0.8941,425.2,470.1,99.0,41.1,1920,1080,0.196,474.7,490.7
Round3,Q3,155,155.0,EMIRATES,0.8898,899.8,437.4,129.3,53.0,1920,1080,0.33,964.4,463.9
Round3,Q3,155,155.0,EMIRATES,0.8759,734.6,444.3,111.6,46.5,1920,1080,0.25,790.4,467.6
Round3,Q3,155,155.0,EMIRATES,0.874,52.8,512.1,160.2,59.3,1920,1080,0.458,132.9,541.7
Round3,Q3,156,156.0,EMIRATES,0.9119,256.8,563.4,158.3,47.4,1920,1080,0.362,335.9,587.1
Round3,Q3,156,156.0,EMIRATES,0.9078,919.6,468.1,90.1,43.8,1920,1080,0.19,964.7,490.1
Round3,Q3,156,156.0,EMIRATES,0.8877,495.1,479.0,97.5,43.5,1920,1080,0.205,543.8,500.7
Round3,Q3,159,159.0,EMIRATES,0.8753,476.9,669.3,170.1,47.9,1920,1080,0.393,562.0,693.2
Round3,Q3,159,159.0,EMIRATES,0.8503,1862.5,836.0,57.5,43.4,1920,1080,0.12,1891.2,857.7
Round3,Q3,160,160.0,EMIRATES,0.8857,1037.8,647.6,173.1,52.5,1920,1080,0.438,1124.3,673.8
Round3,Q3,160,160.0,EMIRATES,0.8842,1745.7,885.2,118.5,57.8,1920,1080,0.33,1804.9,914.1
Round3,Q3,161,161.0,EMIRATES,0.8888,1648.2,929.4,150.5,56.8,1920,1080,0.412,1723.5,957.8
Round3,Q3,163,163.0,EMIRATES,0.8917,1517.3,786.5,222.3,62.7,1920,1080,0.672,1628.4,817.8
Round3,Q3,165,165.0,EMIRATES,0.8848,1599.8,764.7,207.4,77.8,1920,1080,0.779,1703.5,803.6
Round3,Q3,180,180.0,EMIRATES,0.8113,621.2,544.9,53.4,14.0,1920,1080,0.036,647.9,551.9
Round3,Q3,180,180.0,EMIRATES,0.7083,1866.1,532.4,53.9,23.4,1920,1080,0.061,1893.1,544.1
Round3,Q3,180,180.0,EMIRATES,0.5468,866.1,810.3,70.5,21.0,1920,1080,0.071,901.4,820.7
Round3,Q3,181,181.0,EMIRATES,0.8752,1584.5,446.1,38.8,16.3,1920,1080,0.031,1603.9,454.3
Round3,Q3,181,181.0,EMIRATES,0.866,1275.9,620.4,31.4,29.3,1920,1080,0.044,1291.6,635.0
Round3,Q3,182,182.0,EMIRATES,0.8749,1187.4,476.0,33.7,13.1,1920,1080,0.021,1204.3,482.5
Round3,Q3,182,182.0,EMIRATES,0.4019,1117.5,515.4,21.4,29.3,1920,1080,0.03,1128.1,530.0
Round3,Q3,183,183.0,EMIRATES,0.8666,269.3,314.3,49.9,15.9,1920,1080,0.038,294.3,322.3
Round3,Q3,183,183.0,EMIRATES,0.8174,521.9,469.8,40.1,17.0,1920,1080,0.033,541.9,478.3
Round3,Q3,183,183.0,EMIRATES,0.8085,911.5,396.0,39.4,10.4,1920,1080,0.02,931.2,401.2
Round3,Q3,184,184.0,EMIRATES,0.8453,511.7,250.2,24.0,12.1,1920,1080,0.014,523.7,256.3
Round3,Q3,184,184.0,EMIRATES,0.7479,797.8,171.9,35.5,25.4,1920,1080,0.043,815.6,184.6
Round3,Q3,186,186.0,EMIRATES,0.8372,738.5,468.4,37.2,19.1,1920,1080,0.034,757.1,478.0
Round3,Q3,187,187.0,EMIRATES,0.8909,1423.3,624.9,47.9,22.4,1920,1080,0.052,1447.3,636.1
Round3,Q3,187,187.0,EMIRATES,0.8801,490.8,391.8,31.4,16.7,1920,1080,0.025,506.5,400.1
Round3,Q3,189,189.0,EMIRATES,0.7816,1599.1,907.3,24.4,11.4,1920,1080,0.013,1611.4,912.9
Round3,Q3,191,191.0,EMIRATES,0.377,1897.1,562.6,22.8,16.6,1920,1080,0.018,1908.5,570.9
Round3,Q3,193,193.0,EMIRATES,0.7472,1897.9,603.4,22.0,26.3,1920,1080,0.028,1908.9,616.6
Round3,Q3,194,194.0,EMIRATES,0.9004,501.8,376.4,39.6,20.7,1920,1080,0.04,521.6,386.7
Round3,Q3,195,195.0,EMIRATES,0.9075,510.0,368.7,75.4,27.9,1920,1080,0.102,547.7,382.6
Round3,Q3,195,195.0,EMIRATES,0.5309,1313.4,790.9,49.9,42.0,1920,1080,0.101,1338.4,811.9
Round3,Q3,196,196.0,EMIRATES,0.7602,236.8,549.8,19.8,9.9,1920,1080,0.009,246.7,554.8
Round3,Q3,199,199.0,EMIRATES,0.8655,1321.3,337.6,35.4,17.0,1920,1080,0.029,1339.0,346.0
Round3,Q3,199,199.0,EMIRATES,0.8616,1761.6,432.0,32.2,20.0,1920,1080,0.031,1777.8,442.0
Round3,Q3,200,200.0,EMIRATES,0.8849,814.6,283.8,36.0,17.2,1920,1080,0.03,832.7,292.4
Round3,Q3,200,200.0,EMIRATES,0.8765,1776.5,417.5,52.2,20.3,1920,1080,0.051,1802.6,427.6
Round3,Q3,201,201.0,EMIRATES,0.8999,1595.0,396.6,47.5,14.6,1920,1080,0.033,1618.7,403.9
Round3,Q3,201,201.0,EMIRATES,0.8669,1002.8,366.2,49.0,13.7,1920,1080,0.032,1027.2,373.1
Round3,Q3,202,202.0,EMIRATES,0.8803,226.5,480.9,43.0,17.8,1920,1080,0.037,248.0,489.8
Round3,Q3,202,202.0,EMIRATES,0.8714,1661.7,432.7,49.0,16.6,1920,1080,0.039,1686.2,440.9
Round3,Q3,202,202.0,EMIRATES,0.8352,729.2,544.3,26.7,21.8,1920,1080,0.028,742.5,555.2
Round3,Q3,203,203.0,EMIRATES,0.8444,73.3,504.6,46.2,22.1,1920,1080,0.049,96.4,515.7
Round3,Q3,203,203.0,EMIRATES,0.8188,486.1,626.9,62.7,17.7,1920,1080,0.054,517.4,635.8
Round3,Q3,203,203.0,EMIRATES,0.4546,1680.2,304.4,21.9,16.2,1920,1080,0.017,1691.1,312.5
Round3,Q3,204,204.0,EMIRATES,0.8496,901.4,455.9,49.3,14.6,1920,1080,0.035,926.0,463.1
Round3,Q3,205,205.0,EMIRATES,0.8698,1178.0,411.5,50.7,14.0,1920,1080,0.034,1203.3,418.5
Round3,Q3,205,205.0,EMIRATES,0.786,649.0,490.7,51.5,17.3,1920,1080,0.043,674.7,499.3
Round3,Q3,205,205.0,EMIRATES,0.5189,0.0,994.8,8.8,17.9,1920,1080,0.008,4.4,1003.8
Round3,Q3,206,206.0,EMIRATES,0.8267,1149.5,376.8,57.0,17.2,1920,1080,0.047,1178.0,385.4
Round3,Q3,206,206.0,EMIRATES,0.816,446.0,1053.2,50.4,21.8,1920,1080,0.053,471.2,1064.1
Round3,Q3,207,207.0,EMIRATES,0.8982,1244.5,391.3,35.7,15.7,1920,1080,0.027,1262.4,399.1
Round3,Q3,208,208.0,EMIRATES,0.8688,1086.2,357.0,128.7,34.5,1920,1080,0.214,1150.6,374.3
Round3,Q3,208,208.0,EMIRATES,0.8645,1546.4,556.8,158.1,42.3,1920,1080,0.323,1625.5,577.9
Round3,Q3,208,208.0,EMIRATES,0.8603,603.5,378.6,134.7,36.8,1920,1080,0.239,670.9,397.0
Round3,Q3,208,208.0,EMIRATES,0.8538,921.1,15.2,102.6,26.1,1920,1080,0.129,972.4,28.3
Round3,Q3,208,208.0,EMIRATES,0.8529,523.9,15.5,103.1,26.5,1920,1080,0.132,575.5,28.7
Round3,Q3,208,208.0,EMIRATES,0.8514,1839.8,548.1,80.0,41.2,1920,1080,0.159,1879.8,568.7
Round3,Q3,208,208.0,EMIRATES,0.8458,11.7,700.7,148.4,61.1,1920,1080,0.437,85.9,731.2
Round3,Q3,208,208.0,EMIRATES,0.8437,314.4,12.5,110.0,27.7,1920,1080,0.147,369.4,26.4
Round3,Q3,208,208.0,EMIRATES,0.8428,1524.2,2.8,111.6,25.7,1920,1080,0.138,1580.0,15.6
Round3,Q3,208,208.0,EMIRATES,0.8341,103.8,6.5,111.2,30.1,1920,1080,0.162,159.4,21.6
Round3,Q3,208,208.0,EMIRATES,0.8305,1323.5,9.2,102.7,25.1,1920,1080,0.124,1374.9,21.7
Round3,Q3,208,208.0,EMIRATES,0.828,720.8,15.9,104.3,25.8,1920,1080,0.13,773.0,28.8
Round3,Q3,208,208.0,EMIRATES,0.8278,1117.4,13.4,107.2,25.5,1920,1080,0.132,1171.0,26.2
Round3,Q3,208,208.0,EMIRATES,0.8278,843.5,367.2,131.7,36.1,1920,1080,0.229,909.4,385.2
Round3,Q3,208,208.0,EMIRATES,0.8259,769.5,610.6,139.6,46.8,1920,1080,0.315,839.3,634.0
Round3,Q3,208,208.0,EMIRATES,0.8227,1276.9,573.5,145.4,43.3,1920,1080,0.304,1349.6,595.1
Round3,Q3,208,208.0,EMIRATES,0.8177,1326.7,347.7,136.9,33.8,1920,1080,0.223,1395.2,364.6
Round3,Q3,208,208.0,EMIRATES,0.8124,1027.5,589.2,136.8,46.1,1920,1080,0.304,1095.9,612.3
Round3,Q3,208,208.0,EMIRATES,0.8089,522.0,636.1,144.5,49.2,1920,1080,0.343,594.2,660.7
Round3,Q3,208,208.0,EMIRATES,0.8038,1577.8,338.1,140.7,34.9,1920,1080,0.237,1648.1,355.6
Round3,Q3,208,208.0,EMIRATES,0.7753,365.0,392.0,130.5,36.5,1920,1080,0.23,430.3,410.2
Round3,Q3,208,208.0,EMIRATES,0.6564,115.8,406.0,138.2,38.6,1920,1080,0.257,184.9,425.3
Round3,Q3,208,208.0,EMIRATES,0.3937,279.0,664.8,132.4,53.5,1920,1080,0.342,345.2,691.5
Round3,Q3,209,209.0,EMIRATES,0.9044,592.7,410.3,139.2,38.8,1920,1080,0.261,662.3,429.7
Round3,Q3,209,209.0,EMIRATES,0.903,336.6,428.3,142.8,40.8,1920,1080,0.281,408.0,448.7
Round3,Q3,209,209.0,EMIRATES,0.897,1104.3,377.5,146.4,39.8,1920,1080,0.281,1177.6,397.4
Round3,Q3,209,209.0,EMIRATES,0.8965,1283.7,634.2,153.5,49.5,1920,1080,0.367,1360.5,659.0
Round3,Q3,209,209.0,EMIRATES,0.8809,757.3,690.5,136.9,56.9,1920,1080,0.376,825.8,718.9
Round3,Q3,209,209.0,EMIRATES,0.8799,198.2,774.1,157.7,64.3,1920,1080,0.489,277.0,806.3
Round3,Q3,209,209.0,EMIRATES,0.8784,1010.4,660.2,157.4,52.4,1920,1080,0.397,1089.1,686.4
Round3,Q3,209,209.0,EMIRATES,0.8769,0.0,455.3,106.6,45.7,1920,1080,0.235,53.3,478.1
Round3,Q3,209,209.0,EMIRATES,0.8739,1370.5,363.6,146.9,39.0,1920,1080,0.276,1444.0,383.1
Round3,Q3,209,209.0,EMIRATES,0.8731,488.0,729.3,141.6,58.9,1920,1080,0.402,558.8,758.8
Round3,Q3,209,209.0,EMIRATES,0.8654,849.6,393.1,137.2,39.0,1920,1080,0.258,918.2,412.6
Round3,Q3,209,209.0,EMIRATES,0.8553,1644.5,350.9,150.7,36.8,1920,1080,0.268,1719.8,369.3
Round3,Q3,209,209.0,EMIRATES,0.8327,1572.7,613.9,152.4,46.4,1920,1080,0.341,1648.9,637.1
Round3,Q3,209,209.0,EMIRATES,0.7769,1870.8,598.1,49.2,43.0,1920,1080,0.102,1895.4,619.6
Round3,Q3,209,209.0,EMIRATES,0.5651,0.2,830.1,73.2,64.6,1920,1080,0.228,36.8,862.4
Round3,Q3,210,210.0,EMIRATES,0.8812,1072.0,470.8,227.1,78.1,1920,1080,0.855,1185.5,509.8
Round3,Q3,211,211.0,EMIRATES,0.9051,1017.5,618.9,106.9,46.6,1920,1080,0.24,1071.0,642.2
Round3,Q3,211,211.0,EMIRATES,0.8742,657.5,348.7,181.9,80.0,1920,1080,0.702,748.4,388.7
Round3,Q3,213,213.0,EMIRATES,0.9035,756.6,666.6,149.0,49.6,1920,1080,0.356,831.1,691.4
Round3,Q3,215,215.0,EMIRATES,0.8963,1766.7,56.8,87.5,39.2,1920,1080,0.165,1810.4,76.4
Round3,Q3,215,215.0,EMIRATES,0.876,1610.4,63.0,90.9,40.4,1920,1080,0.177,1655.9,83.2
Round3,Q3,215,215.0,EMIRATES,0.8443,1042.2,71.0,102.8,54.0,1920,1080,0.268,1093.6,98.0
Round3,Q3,215,215.0,EMIRATES,0.8209,1455.5,67.0,82.2,42.4,1920,1080,0.168,1496.6,88.2
Round3,Q3,215,215.0,EMIRATES,0.5944,675.7,76.9,110.0,69.0,1920,1080,0.366,730.8,111.4
Round3,Q3,215,215.0,EMIRATES,0.4997,866.8,74.8,90.0,58.7,1920,1080,0.255,911.8,104.2
Round3,Q3,216,216.0,EMIRATES,0.9229,317.3,418.5,140.6,45.3,1920,1080,0.307,387.6,441.1
Round3,Q3,216,216.0,EMIRATES,0.9213,1122.6,529.6,141.6,45.4,1920,1080,0.31,1193.4,552.3
Round3,Q3,216,216.0,EMIRATES,0.9082,611.0,387.4,128.2,52.4,1920,1080,0.324,675.1,413.6
Round3,Q3,216,216.0,EMIRATES,0.8835,1469.8,405.5,127.9,50.1,1920,1080,0.309,1533.7,430.5
Round3,Q3,216,216.0,EMIRATES,0.708,898.5,500.8,40.5,43.2,1920,1080,0.084,918.7,522.4
Round3,Q3,217,217.0,EMIRATES,0.9193,1009.3,448.8,134.9,43.8,1920,1080,0.285,1076.7,470.7
Round3,Q3,217,217.0,EMIRATES,0.8675,738.3,228.7,175.1,65.2,1920,1080,0.551,825.9,261.3
Round3,Q3,218,218.0,EMIRATES,0.8925,987.0,489.7,136.5,43.0,1920,1080,0.283,1055.3,511.1
Round3,Q3,218,218.0,EMIRATES,0.7891,521.5,119.3,155.5,61.5,1920,1080,0.461,599.3,150.1
Round3,Q3,218,218.0,EMIRATES,0.7871,191.3,360.6,114.9,44.9,1920,1080,0.249,248.8,383.0
Round3,Q3,219,219.0,EMIRATES,0.8958,1433.6,489.5,131.3,42.3,1920,1080,0.268,1499.2,510.6
Round3,Q3,219,219.0,EMIRATES,0.8743,164.2,260.9,149.0,59.8,1920,1080,0.43,238.7,290.8
Round3,Q3,219,219.0,EMIRATES,0.8537,702.0,384.7,169.1,41.9,1920,1080,0.342,786.6,405.6
Round3,Q3,220,220.0,EMIRATES,0.8445,1307.1,710.3,165.1,57.7,1920,1080,0.459,1389.6,739.2
Round3,Q3,220,220.0,EMIRATES,0.7065,0.0,640.1,43.5,60.4,1920,1080,0.127,21.8,670.3
Round3,Q3,220,220.0,EMIRATES,0.3228,775.7,567.3,220.3,68.6,1920,1080,0.729,885.8,601.6
Round3,Q3,221,221.0,EMIRATES,0.8272,1503.5,512.2,124.3,53.0,1920,1080,0.318,1565.6,538.7
Round3,Q3,221,221.0,EMIRATES,0.4299,117.6,467.0,165.8,55.1,1920,1080,0.441,200.5,494.6
Round3,Q3,222,222.0,EMIRATES,0.8594,272.9,591.2,167.3,55.8,1920,1080,0.45,356.6,619.1
Round3,Q3,222,222.0,EMIRATES,0.8538,529.8,303.0,145.8,54.4,1920,1080,0.382,602.7,330.2
Round3,Q3,222,222.0,EMIRATES,0.4763,1015.0,689.1,129.3,64.2,1920,1080,0.4,1079.7,721.2
Round3,Q3,223,223.0,EMIRATES,0.8729,1577.0,666.5,104.1,95.8,1920,1080,0.481,1629.0,714.4
Round3,Q3,223,223.0,EMIRATES,0.8658,1731.1,406.8,87.5,48.5,1920,1080,0.205,1774.9,431.1
Round3,Q3,223,223.0,EMIRATES,0.323,260.4,555.5,70.1,39.2,1920,1080,0.133,295.5,575.1
Round3,Q3,228,228.0,EMIRATES,0.8924,872.7,328.1,176.6,51.7,1920,1080,0.44,961.0,353.9
Round3,Q3,228,228.0,EMIRATES,0.3805,675.5,525.6,38.9,57.1,1920,1080,0.107,695.0,554.2
Round3,Q3,229,229.0,EMIRATES,0.8902,771.8,243.6,126.3,59.3,1920,1080,0.361,835.0,273.3
Round3,Q3,230,230.0,EMIRATES,0.9201,646.8,352.0,146.3,54.4,1920,1080,0.384,720.0,379.2
Round3,Q3,230,230.0,EMIRATES,0.4273,685.0,180.6,49.5,85.3,1920,1080,0.203,709.7,223.2
Round3,Q3,231,231.0,EMIRATES,0.9213,1010.3,352.4,147.9,45.5,1920,1080,0.325,1084.3,375.1
Round3,Q3,231,231.0,EMIRATES,0.6248,0.0,469.5,23.2,51.7,1920,1080,0.058,11.6,495.3
Round3,Q3,233,233.0,EMIRATES,0.5425,475.5,378.5,60.5,53.1,1920,1080,0.155,505.7,405.0
Round3,Q3,234,234.0,EMIRATES,0.8633,662.1,360.2,76.8,53.1,1920,1080,0.196,700.5,386.7
Round3,Q3,235,235.0,EMIRATES,0.7289,567.6,402.6,81.2,53.3,1920,1080,0.209,608.2,429.2
Round3,Q3,236,236.0,EMIRATES,0.8954,631.2,409.6,72.8,51.1,1920,1080,0.179,667.6,435.2
Round3,Q3,236,236.0,EMIRATES,0.8945,1702.0,251.1,160.6,53.1,1920,1080,0.411,1782.4,277.7
Round3,Q3,236,236.0,EMIRATES,0.8764,1226.6,237.7,112.0,52.9,1920,1080,0.286,1282.6,264.2
Round3,Q3,237,237.0,EMIRATES,0.8604,711.6,438.1,80.2,52.3,1920,1080,0.202,751.7,464.2
Round3,Q3,237,237.0,EMIRATES,0.7958,544.3,257.8,81.1,49.3,1920,1080,0.193,584.8,282.4
Round3,Q3,238,238.0,EMIRATES,0.9124,611.2,428.5,90.1,51.9,1920,1080,0.225,656.2,454.4
Round3,Q3,238,238.0,EMIRATES,0.8991,15.0,280.3,113.8,49.2,1920,1080,0.27,71.9,304.9
Round3,Q3,239,239.0,EMIRATES,0.9293,571.3,402.5,125.5,47.6,1920,1080,0.288,634.0,426.3
Round3,Q3,239,239.0,EMIRATES,0.7305,0.0,265.8,25.1,51.6,1920,1080,0.062,12.5,291.6
Round3,Q3,240,240.0,EMIRATES,0.8937,72.7,261.4,128.3,59.1,1920,1080,0.365,136.8,290.9
Round3,Q3,240,240.0,EMIRATES,0.8936,611.9,385.1,153.5,53.3,1920,1080,0.394,688.7,411.7
Round3,Q3,241,241.0,EMIRATES,0.9148,1538.0,388.4,147.0,49.3,1920,1080,0.349,1611.6,413.0
Round3,Q3,241,241.0,EMIRATES,0.9059,1730.8,332.5,70.4,52.3,1920,1080,0.178,1766.0,358.7
Round3,Q3,241,241.0,EMIRATES,0.9031,690.0,374.7,91.8,64.5,1920,1080,0.286,735.9,407.0
Round3,Q3,241,241.0,EMIRATES,0.8943,337.8,257.4,98.1,60.2,1920,1080,0.285,386.9,287.5
Round3,Q3,242,242.0,EMIRATES,0.8897,1624.3,219.6,185.4,57.7,1920,1080,0.516,1717.0,248.5
Round3,Q3,242,242.0,EMIRATES,0.8755,660.5,367.2,114.1,49.1,1920,1080,0.27,717.6,391.8
Round3,Q3,242,242.0,EMIRATES,0.5001,707.0,225.3,42.6,44.5,1920,1080,0.091,728.3,247.5
Round3,Q3,243,243.0,EMIRATES,0.9002,1383.2,362.2,179.0,55.3,1920,1080,0.478,1472.6,389.9
Round3,Q3,243,243.0,EMIRATES,0.893,732.3,403.5,156.7,58.2,1920,1080,0.439,810.6,432.6
Round3,Q3,243,243.0,EMIRATES,0.8762,666.0,295.7,155.4,58.4,1920,1080,0.437,743.7,324.9
Round3,Q3,243,243.0,EMIRATES,0.5276,1012.7,211.5,63.9,53.0,1920,1080,0.163,1044.7,238.0
Round3,Q3,244,244.0,EMIRATES,0.8873,1396.2,464.4,122.8,59.5,1920,1080,0.352,1457.6,494.2
Round3,Q3,244,244.0,EMIRATES,0.8837,530.6,297.4,200.6,58.9,1920,1080,0.57,630.9,326.9
Round3,Q3,244,244.0,EMIRATES,0.8817,716.9,432.6,136.1,82.3,1920,1080,0.54,784.9,473.8
Round3,Q3,245,245.0,EMIRATES,0.8906,1792.3,239.2,101.7,68.5,1920,1080,0.336,1843.2,273.5
Round3,Q3,245,245.0,EMIRATES,0.8793,0.0,148.7,169.9,59.3,1920,1080,0.486,85.0,178.4
Round3,Q3,245,245.0,EMIRATES,0.4772,1765.6,401.0,78.8,67.1,1920,1080,0.255,1805.0,434.5
Round3,Q3,246,246.0,EMIRATES,0.877,775.3,400.8,88.3,59.2,1920,1080,0.252,819.5,430.4
Round3,Q3,247,247.0,EMIRATES,0.8724,670.1,455.0,102.6,67.1,1920,1080,0.332,721.4,488.6
Round3,Q3,249,249.0,EMIRATES,0.8603,1750.2,291.6,53.1,26.6,1920,1080,0.068,1776.8,304.9
Round3,Q3,249,249.0,EMIRATES,0.3366,646.3,313.7,42.2,14.2,1920,1080,0.029,667.4,320.8
Round3,Q3,250,250.0,EMIRATES,0.8787,1465.1,130.0,55.0,19.1,1920,1080,0.051,1492.6,139.5
Round3,Q3,250,250.0,EMIRATES,0.8717,174.0,362.3,40.5,18.8,1920,1080,0.037,194.2,371.7
Round3,Q3,251,251.0,EMIRATES,0.6402,843.8,171.8,68.6,54.8,1920,1080,0.181,878.1,199.2
Round3,Q3,252,252.0,EMIRATES,0.6505,789.4,477.7,58.8,18.2,1920,1080,0.051,818.8,486.8
Round3,Q3,252,252.0,EMIRATES,0.563,1247.5,37.1,23.1,16.2,1920,1080,0.018,1259.0,45.2
Round3,Q3,253,253.0,EMIRATES,0.867,1294.1,390.4,94.9,24.7,1920,1080,0.113,1341.5,402.7
Round3,Q3,254,254.0,EMIRATES,0.8121,281.0,615.7,70.2,18.7,1920,1080,0.063,316.1,625.1
Round3,Q3,255,255.0,EMIRATES,0.9034,700.4,493.3,98.1,36.8,1920,1080,0.174,749.4,511.7
Round3,Q3,255,255.0,EMIRATES,0.8947,1435.9,245.5,64.8,28.4,1920,1080,0.089,1468.2,259.6
Round3,Q3,255,255.0,EMIRATES,0.5697,168.7,647.2,83.0,52.0,1920,1080,0.208,210.2,673.2
Round3,Q3,256,256.0,EMIRATES,0.8928,386.6,255.9,51.5,30.3,1920,1080,0.075,412.3,271.0
Round3,Q3,256,256.0,EMIRATES,0.8876,0.0,423.8,57.2,27.5,1920,1080,0.076,28.6,437.5
Round3,Q3,257,257.0,EMIRATES,0.8855,999.5,672.5,195.7,59.8,1920,1080,0.565,1097.3,702.4
Round3,Q3,257,257.0,EMIRATES,0.8701,570.4,358.5,177.5,45.2,1920,1080,0.387,659.2,381.1
Round3,Q3,257,257.0,EMIRATES,0.87,263.9,652.3,198.7,58.6,1920,1080,0.561,363.2,681.6
Round3,Q3,257,257.0,EMIRATES,0.8683,894.3,359.5,169.6,45.2,1920,1080,0.37,979.1,382.2
Round3,Q3,257,257.0,EMIRATES,0.8675,1537.7,359.7,178.9,46.7,1920,1080,0.403,1627.2,383.0
Round3,Q3,257,257.0,EMIRATES,0.864,241.6,359.3,174.3,44.4,1920,1080,0.373,328.8,381.5
Round3,Q3,257,257.0,EMIRATES,0.843,1218.9,359.8,167.4,45.0,1920,1080,0.363,1302.6,382.3
Round3,Q3,257,257.0,EMIRATES,0.8373,0.0,650.4,77.3,56.6,1920,1080,0.211,38.6,678.7
Round3,Q3,257,257.0,EMIRATES,0.8345,633.0,663.3,198.7,60.9,1920,1080,0.584,732.3,693.7
Round3,Q3,257,257.0,EMIRATES,0.796,1866.7,358.5,52.9,48.0,1920,1080,0.122,1893.1,382.5
Round3,Q3,257,257.0,EMIRATES,0.7672,1371.3,683.7,184.8,63.5,1920,1080,0.566,1463.7,715.5
Round3,Q3,257,257.0,EMIRATES,0.6373,0.0,358.4,82.3,43.5,1920,1080,0.173,41.2,380.2
Round3,Q3,257,257.0,EMIRATES,0.4651,1736.2,699.0,182.2,70.3,1920,1080,0.618,1827.3,734.2
Round3,Q3,257,257.0,EMIRATES,0.3606,367.3,855.8,19.3,6.9,1920,1080,0.006,376.9,859.3
Round3,Q3,258,258.0,EMIRATES,0.8934,1298.0,729.2,214.0,62.5,1920,1080,0.645,1405.0,760.5
Round3,Q3,258,258.0,EMIRATES,0.8928,881.8,728.5,221.2,62.5,1920,1080,0.667,992.4,759.7
Round3,Q3,258,258.0,EMIRATES,0.8845,1447.0,81.6,178.8,44.0,1920,1080,0.379,1536.4,103.6
Round3,Q3,258,258.0,EMIRATES,0.8832,38.0,729.5,226.0,59.3,1920,1080,0.646,151.0,759.2
Round3,Q3,258,258.0,EMIRATES,0.88,9.3,127.8,173.3,41.6,1920,1080,0.348,95.9,148.6
Round3,Q3,258,258.0,EMIRATES,0.8791,467.4,728.4,218.7,59.9,1920,1080,0.632,576.7,758.3
Round3,Q3,258,258.0,EMIRATES,0.8717,369.8,120.4,175.8,41.8,1920,1080,0.355,457.7,141.4
Round3,Q3,258,258.0,EMIRATES,0.867,730.8,111.1,179.0,43.5,1920,1080,0.375,820.3,132.9
Round3,Q3,258,258.0,EMIRATES,0.8641,1811.3,60.4,108.2,44.2,1920,1080,0.231,1865.4,82.5
Round3,Q3,258,258.0,EMIRATES,0.8599,1089.0,98.1,172.8,41.8,1920,1080,0.348,1175.4,119.0
Round3,Q3,260,260.0,EMIRATES,0.8721,803.4,715.4,148.1,63.4,1920,1080,0.453,877.4,747.1
Round3,Q3,260,260.0,EMIRATES,0.8026,1796.0,860.2,22.3,9.8,1920,1080,0.011,1807.1,865.1
Round3,Q3,261,261.0,EMIRATES,0.8848,1052.8,655.0,165.0,57.1,1920,1080,0.454,1135.3,683.6
Round3,Q3,261,261.0,EMIRATES,0.8825,223.3,432.9,138.4,64.3,1920,1080,0.429,292.5,465.0
Round3,Q3,261,261.0,EMIRATES,0.7973,1791.1,860.7,23.3,9.3,1920,1080,0.01,1802.7,865.3
Round3,Q3,262,262.0,EMIRATES,0.8851,1557.3,377.9,213.1,67.9,1920,1080,0.698,1663.9,411.9
Round3,Q3,262,262.0,EMIRATES,0.8811,1184.3,483.5,159.2,57.5,1920,1080,0.441,1264.0,512.2
Round3,Q3,262,262.0,EMIRATES,0.8017,1750.6,860.0,25.8,10.0,1920,1080,0.012,1763.5,865.0
Round3,Q3,262,262.0,EMIRATES,0.6065,734.5,489.3,54.6,78.1,1920,1080,0.205,761.8,528.4
Round3,Q3,263,263.0,EMIRATES,0.8824,950.9,353.6,211.8,67.7,1920,1080,0.691,1056.8,387.5
Round3,Q3,263,263.0,EMIRATES,0.8685,1534.5,966.7,34.7,11.6,1920,1080,0.019,1551.9,972.5
Round3,Q3,263,263.0,EMIRATES,0.8655,1557.8,260.4,237.8,80.1,1920,1080,0.919,1676.8,300.4
Round3,Q3,263,263.0,EMIRATES,0.846,631.6,434.6,115.3,87.7,1920,1080,0.487,689.2,478.4
Round3,Q3,264,264.0,EMIRATES,0.8987,1153.0,248.9,215.8,63.5,1920,1080,0.661,1260.9,280.6
Round3,Q3,264,264.0,EMIRATES,0.8895,784.6,389.7,168.2,61.5,1920,1080,0.499,868.7,420.4
Round3,Q3,264,264.0,EMIRATES,0.8602,1750.0,875.8,26.5,9.8,1920,1080,0.013,1763.3,880.8
Round3,Q3,264,264.0,EMIRATES,0.6544,1599.8,969.8,36.1,10.7,1920,1080,0.019,1617.8,975.1
Round3,Q3,265,265.0,EMIRATES,0.8925,931.8,254.0,220.7,63.3,1920,1080,0.673,1042.2,285.6
Round3,Q3,265,265.0,EMIRATES,0.8762,1566.8,768.8,41.9,18.7,1920,1080,0.038,1587.7,778.1
Round3,Q3,265,265.0,EMIRATES,0.8343,604.8,406.2,124.5,64.8,1920,1080,0.389,667.0,438.6
Round3,Q3,266,266.0,EMIRATES,0.4257,1005.7,457.1,46.5,26.6,1920,1080,0.06,1028.9,470.5
Round3,Q3,267,267.0,EMIRATES,0.8929,633.5,526.4,36.0,25.8,1920,1080,0.045,651.5,539.3
Round3,Q3,267,267.0,EMIRATES,0.8848,205.4,574.4,39.4,15.2,1920,1080,0.029,225.1,582.0
Round3,Q3,267,267.0,EMIRATES,0.8346,1156.9,441.3,40.8,11.5,1920,1080,0.023,1177.3,447.1
Round3,Q3,268,268.0,EMIRATES,0.9009,10.7,719.2,45.2,16.5,1920,1080,0.036,33.2,727.4
Round3,Q3,268,268.0,EMIRATES,0.8884,678.6,736.2,53.6,21.1,1920,1080,0.055,705.4,746.8
Round3,Q3,268,268.0,EMIRATES,0.8826,1175.2,433.3,47.6,17.8,1920,1080,0.041,1199.0,442.2
Round3,Q3,268,268.0,EMIRATES,0.8679,1062.4,771.3,40.0,13.9,1920,1080,0.027,1082.4,778.3
Round3,Q3,272,272.0,EMIRATES,0.878,1431.2,501.7,52.3,21.4,1920,1080,0.054,1457.3,512.4
Round3,Q3,272,272.0,EMIRATES,0.7668,1111.9,415.2,26.8,18.0,1920,1080,0.023,1125.3,424.2
Round3,Q3,273,273.0,EMIRATES,0.8929,1317.1,326.5,34.5,27.3,1920,1080,0.045,1334.4,340.1
Round3,Q3,274,274.0,EMIRATES,0.7854,1102.8,317.2,22.4,13.6,1920,1080,0.015,1114.0,324.0
Round3,Q3,274,274.0,EMIRATES,0.713,702.9,619.7,62.6,19.1,1920,1080,0.058,734.2,629.2
Round3,Q3,275,275.0,EMIRATES,0.8519,1015.3,315.7,27.3,17.0,1920,1080,0.022,1029.0,324.2
Round3,Q3,281,281.0,EMIRATES,0.8802,1137.7,276.9,41.3,29.5,1920,1080,0.059,1158.4,291.7
Round3,Q3,282,282.0,EMIRATES,0.8751,1062.5,228.6,76.7,25.5,1920,1080,0.095,1100.8,241.3
Round3,Q3,283,283.0,EMIRATES,0.8952,930.9,478.3,59.5,53.0,1920,1080,0.152,960.6,504.8
Round3,Q3,284,284.0,EMIRATES,0.7888,1138.3,339.0,67.0,43.3,1920,1080,0.14,1171.8,360.6
Round3,Q3,285,285.0,EMIRATES,0.8975,1035.7,455.8,52.9,43.2,1920,1080,0.11,1062.2,477.4
Round3,Q3,285,285.0,EMIRATES,0.6762,0.0,170.5,84.4,46.0,1920,1080,0.187,42.2,193.5
Round3,Q3,286,286.0,EMIRATES,0.9228,968.9,448.4,108.5,46.9,1920,1080,0.245,1023.2,471.9
Round3,Q3,287,287.0,EMIRATES,0.7447,940.0,432.5,35.9,45.7,1920,1080,0.079,957.9,455.3
Round3,Q3,288,288.0,EMIRATES,0.9037,1049.7,567.7,146.7,58.2,1920,1080,0.412,1123.0,596.8
Round3,Q3,289,289.0,EMIRATES,0.91,978.1,724.8,154.8,54.2,1920,1080,0.404,1055.5,751.9
Round3,Q3,291,291.0,EMIRATES,0.8225,1430.5,838.6,49.0,34.5,1920,1080,0.082,1455.0,855.9
Round3,Q3,292,292.0,EMIRATES,0.8788,997.7,322.8,61.8,22.4,1920,1080,0.067,1028.6,334.0
Round3,Q3,293,293.0,EMIRATES,0.9031,1006.6,320.5,56.6,19.5,1920,1080,0.053,1034.9,330.3
Round3,Q3,294,294.0,EMIRATES,0.832,991.3,409.5,34.9,17.1,1920,1080,0.029,1008.7,418.0
Round3,Q3,297,297.0,EMIRATES,0.88,1043.9,333.1,54.3,24.2,1920,1080,0.063,1071.0,345.2
Round3,Q3,298,298.0,EMIRATES,0.8967,1080.5,293.6,56.3,20.6,1920,1080,0.056,1108.6,303.9
Round3,Q3,299,299.0,EMIRATES,0.8911,1114.5,279.3,60.2,20.3,1920,1080,0.059,1144.6,289.5
Round3,Q3,300,300.0,EMIRATES,0.8901,1114.8,276.9,55.6,20.8,1920,1080,0.056,1142.6,287.3
Round3,Q3,301,301.0,EMIRATES,0.8976,1093.0,307.1,53.8,21.5,1920,1080,0.056,1119.9,317.9
Round3,Q3,302,302.0,EMIRATES,0.8958,1100.4,329.1,48.5,19.5,1920,1080,0.046,1124.6,338.8
Round3,Q3,303,303.0,EMIRATES,0.3663,241.5,169.6,41.7,16.7,1920,1080,0.034,262.3,177.9
Round3,Q3,309,309.0,EMIRATES,0.8219,490.9,652.7,27.4,15.6,1920,1080,0.021,504.6,660.5
Round3,Q3,310,310.0,EMIRATES,0.8855,123.3,320.4,38.4,15.6,1920,1080,0.029,142.5,328.2
Round3,Q3,310,310.0,EMIRATES,0.874,184.1,422.8,41.5,15.1,1920,1080,0.03,204.9,430.4
Round3,Q3,311,311.0,EMIRATES,0.8871,389.2,382.0,53.5,20.1,1920,1080,0.052,415.9,392.1
Round3,Q3,311,311.0,EMIRATES,0.8118,229.5,283.2,32.7,16.8,1920,1080,0.026,245.9,291.6
Round3,Q3,312,312.0,EMIRATES,0.8947,665.1,387.0,56.2,25.1,1920,1080,0.068,693.2,399.6
Round3,Q3,312,312.0,EMIRATES,0.31,832.9,502.9,46.3,35.3,1920,1080,0.079,856.0,520.6
Round3,Q3,313,313.0,EMIRATES,0.8925,805.1,368.3,43.3,29.6,1920,1080,0.062,826.7,383.2
Round3,Q3,313,313.0,EMIRATES,0.8475,1125.7,351.4,53.9,22.9,1920,1080,0.06,1152.6,362.8
Round3,Q3,313,313.0,EMIRATES,0.7796,725.0,350.7,60.0,35.8,1920,1080,0.104,754.9,368.7
Round3,Q3,314,314.0,EMIRATES,0.8769,1616.5,594.4,85.3,25.1,1920,1080,0.103,1659.2,607.0
Round3,Q3,315,315.0,EMIRATES,0.8988,1181.5,451.7,66.7,28.8,1920,1080,0.093,1214.9,466.1
Round3,Q3,315,315.0,EMIRATES,0.8831,168.9,313.3,51.5,31.9,1920,1080,0.079,194.6,329.2
Round3,Q3,315,315.0,EMIRATES,0.6784,608.7,383.8,64.9,26.7,1920,1080,0.084,641.2,397.1
Round3,Q3,316,316.0,EMIRATES,0.8848,918.7,314.3,66.4,20.8,1920,1080,0.067,951.9,324.7
Round3,Q3,316,316.0,EMIRATES,0.8812,644.9,415.2,53.4,22.5,1920,1080,0.058,671.6,426.5
Round3,Q3,317,317.0,EMIRATES,0.8943,1774.1,665.9,69.1,24.2,1920,1080,0.081,1808.6,678.0
Round3,Q3,317,317.0,EMIRATES,0.8763,748.0,431.6,56.6,20.5,1920,1080,0.056,776.4,441.8
Round3,Q3,317,317.0,EMIRATES,0.8667,1211.3,300.5,66.3,19.4,1920,1080,0.062,1244.4,310.2
Round3,Q3,317,317.0,EMIRATES,0.7725,1058.6,536.6,55.9,30.7,1920,1080,0.083,1086.5,551.9
Round3,Q3,317,317.0,EMIRATES,0.4833,590.4,382.2,36.1,20.9,1920,1080,0.036,608.5,392.6
Round3,Q3,318,318.0,EMIRATES,0.8898,843.5,472.3,50.2,16.0,1920,1080,0.039,868.6,480.3
Round3,Q3,318,318.0,EMIRATES,0.8894,1398.4,598.3,58.7,20.4,1920,1080,0.058,1427.8,608.5
Round3,Q3,319,319.0,EMIRATES,0.8858,1146.8,552.7,50.3,19.4,1920,1080,0.047,1171.9,562.4
Round3,Q3,319,319.0,EMIRATES,0.3811,11.2,572.3,34.9,36.0,1920,1080,0.06,28.6,590.3
Round3,Q3,320,320.0,EMIRATES,0.8763,946.1,526.3,61.5,20.9,1920,1080,0.062,976.8,536.7
Round3,Q3,320,320.0,EMIRATES,0.8273,416.8,328.2,41.1,15.7,1920,1080,0.031,437.4,336.0
Round3,Q3,320,320.0,EMIRATES,0.7383,1459.0,405.5,29.8,16.6,1920,1080,0.024,1473.9,413.8
Round3,Q3,320,320.0,EMIRATES,0.322,1084.2,388.0,36.3,19.5,1920,1080,0.034,1102.4,397.7
Round3,Q3,321,321.0,EMIRATES,0.8894,868.4,531.0,62.0,20.6,1920,1080,0.061,899.4,541.3
Round3,Q3,321,321.0,EMIRATES,0.8873,1593.4,430.0,39.4,16.8,1920,1080,0.032,1613.1,438.4
Round3,Q3,321,321.0,EMIRATES,0.8665,340.7,388.1,52.8,18.1,1920,1080,0.046,367.1,397.1
Round3,Q3,321,321.0,EMIRATES,0.8544,1334.1,525.1,37.5,18.7,1920,1080,0.034,1352.8,534.4
Round3,Q3,322,322.0,EMIRATES,0.8812,777.8,531.4,59.3,22.2,1920,1080,0.064,807.5,542.5
Round3,Q3,322,322.0,EMIRATES,0.8605,678.7,420.1,52.4,31.0,1920,1080,0.078,704.9,435.6
Round3,Q3,323,323.0,EMIRATES,0.8865,1136.3,601.4,69.7,29.6,1920,1080,0.099,1171.1,616.2
Round3,Q3,323,323.0,EMIRATES,0.8463,222.4,548.3,43.0,22.3,1920,1080,0.046,243.9,559.5
Round3,Q3,323,323.0,EMIRATES,0.7265,314.8,783.4,67.9,31.5,1920,1080,0.103,348.8,799.2
Round3,Q3,325,325.0,EMIRATES,0.8592,550.7,446.1,105.9,65.3,1920,1080,0.334,603.7,478.7
Round3,Q3,326,326.0,EMIRATES,0.8766,628.7,577.0,108.7,45.8,1920,1080,0.24,683.0,599.9
Round3,Q3,326,326.0,EMIRATES,0.8693,319.7,657.6,128.1,48.5,1920,1080,0.299,383.8,681.8
Round3,Q3,331,331.0,EMIRATES,0.848,405.1,670.2,128.8,59.1,1920,1080,0.367,469.5,699.7
Round3,Q3,332,332.0,EMIRATES,0.9132,1351.7,613.2,144.7,47.2,1920,1080,0.329,1424.0,636.8
Round3,Q3,332,332.0,EMIRATES,0.7357,705.1,625.9,105.9,49.6,1920,1080,0.253,758.0,650.7
Round3,Q3,333,333.0,EMIRATES,0.8955,727.6,573.7,74.8,43.6,1920,1080,0.157,765.0,595.5
Round3,Q3,333,333.0,EMIRATES,0.8617,961.4,586.6,105.3,59.9,1920,1080,0.304,1014.0,616.6
Round3,Q3,333,333.0,EMIRATES,0.6799,423.1,523.6,92.7,49.7,1920,1080,0.222,469.5,548.4
Round3,Q3,334,334.0,EMIRATES,0.8226,875.5,426.2,96.0,45.1,1920,1080,0.209,923.5,448.7
Round3,Q3,334,334.0,EMIRATES,0.6426,98.8,503.8,99.2,45.1,1920,1080,0.216,148.4,526.4
Round3,Q3,334,334.0,EMIRATES,0.3171,1244.2,595.3,79.5,58.3,1920,1080,0.224,1283.9,624.4
Round3,Q3,335,335.0,EMIRATES,0.8888,1647.6,437.4,217.7,68.2,1920,1080,0.716,1756.5,471.5
Round3,Q3,336,336.0,EMIRATES,0.8911,2.1,615.0,145.1,79.2,1920,1080,0.554,74.7,654.6
Round3,Q3,336,336.0,EMIRATES,0.887,1764.7,475.5,155.1,63.3,1920,1080,0.474,1842.2,507.2
Round3,Q3,336,336.0,EMIRATES,0.6313,881.1,417.9,106.3,43.7,1920,1080,0.224,934.2,439.8
Round3,Q3,337,337.0,EMIRATES,0.9138,1180.7,584.6,86.1,54.6,1920,1080,0.227,1223.8,611.9
Round3,Q3,337,337.0,EMIRATES,0.8893,700.6,597.5,209.2,52.9,1920,1080,0.533,805.2,623.9
Round3,Q3,338,338.0,EMIRATES,0.9308,623.2,605.1,136.5,42.3,1920,1080,0.279,691.4,626.2
Round3,Q3,338,338.0,EMIRATES,0.9202,1106.1,547.5,119.1,50.9,1920,1080,0.292,1165.7,573.0
Round3,Q3,339,339.0,EMIRATES,0.905,876.4,561.0,70.2,49.1,1920,1080,0.166,911.5,585.5
Round3,Q3,340,340.0,EMIRATES,0.9175,1034.1,555.4,85.1,48.1,1920,1080,0.197,1076.6,579.4
Round3,Q3,341,341.0,EMIRATES,0.9242,1074.3,561.0,94.9,47.9,1920,1080,0.219,1121.7,584.9
Round3,Q3,342,342.0,EMIRATES,0.9081,1001.2,539.9,77.0,55.8,1920,1080,0.207,1039.7,567.8
Round3,Q3,343,343.0,EMIRATES,0.9183,1159.2,461.4,68.1,45.2,1920,1080,0.148,1193.2,484.0
Round3,Q3,344,344.0,EMIRATES,0.8628,1223.8,508.6,49.0,45.7,1920,1080,0.108,1248.3,531.5
Round3,Q3,345,345.0,EMIRATES,0.868,1193.1,333.0,55.2,39.6,1920,1080,0.105,1220.7,352.8
Round3,Q3,346,346.0,EMIRATES,0.8667,1162.0,444.3,49.3,37.3,1920,1080,0.089,1186.6,462.9
Round3,Q3,347,347.0,EMIRATES,0.8871,1148.5,477.1,42.8,43.7,1920,1080,0.09,1169.9,498.9
Round3,Q3,348,348.0,EMIRATES,0.7806,1152.1,395.4,28.3,32.2,1920,1080,0.044,1166.2,411.5
Round3,Q3,351,351.0,JAMESON,0.6832,1567.7,614.5,205.7,72.6,1920,1080,0.72,1670.5,650.8
Round3,Q3,351,351.0,JAMESON,0.5248,1147.7,615.6,198.4,69.1,1920,1080,0.661,1246.9,650.2
Round3,Q3,351,351.0,JAMESON,0.4277,84.0,615.3,190.5,75.5,1920,1080,0.694,179.2,653.1
Round3,Q3,351,351.0,JAMESON,0.33,487.3,614.7,193.3,71.1,1920,1080,0.663,583.9,650.3
Round3,Q3,355,355.0,EMIRATES,0.7256,1007.2,678.7,81.2,34.8,1920,1080,0.136,1047.8,696.1
Round3,Q3,356,356.0,EMIRATES,0.8927,830.4,211.2,185.5,84.4,1920,1080,0.755,923.1,253.3
Round3,Q3,357,357.0,EMIRATES,0.8776,1608.6,547.8,125.4,57.9,1920,1080,0.35,1671.2,576.8
Round3,Q3,357,357.0,EMIRATES,0.8694,1238.0,507.0,189.5,62.6,1920,1080,0.572,1332.7,538.3
Round3,Q3,357,357.0,EMIRATES,0.8646,941.0,395.5,181.1,82.0,1920,1080,0.716,1031.6,436.5
Round3,Q3,358,358.0,EMIRATES,0.8849,944.9,495.6,216.4,58.3,1920,1080,0.608,1053.1,524.7
Round3,Q3,358,358.0,EMIRATES,0.8836,620.7,390.5,181.9,72.6,1920,1080,0.637,711.6,426.8
Round3,Q3,358,358.0,EMIRATES,0.8472,1842.1,523.2,77.5,51.7,1920,1080,0.193,1880.8,549.0
Round3,Q3,359,359.0,EMIRATES,0.8999,1208.5,510.8,118.3,41.9,1920,1080,0.239,1267.6,531.7
Round3,Q3,359,359.0,EMIRATES,0.8851,388.9,359.9,106.2,36.7,1920,1080,0.188,442.0,378.3
Round3,Q3,359,359.0,EMIRATES,0.7816,1791.8,341.6,89.3,67.1,1920,1080,0.289,1836.5,375.1
Round3,Q3,359,359.0,EMIRATES,0.5739,1548.1,434.3,67.5,40.4,1920,1080,0.131,1581.9,454.5
Round3,Q3,360,360.0,EMIRATES,0.8856,993.5,610.6,171.3,55.5,1920,1080,0.458,1079.2,638.3
Round3,Q3,360,360.0,EMIRATES,0.8789,1411.7,570.2,208.3,74.3,1920,1080,0.746,1515.9,607.4
Round3,Q3,360,360.0,EMIRATES,0.8772,14.8,398.3,172.5,79.0,1920,1080,0.657,101.0,437.8
Round3,Q3,361,361.0,EMIRATES,0.8905,1589.2,731.3,238.3,72.1,1920,1080,0.828,1708.3,767.4
Round3,Q3,361,361.0,EMIRATES,0.8614,33.0,797.8,163.2,62.2,1920,1080,0.49,114.6,828.9
Round3,Q3,362,362.0,EMIRATES,0.87,516.4,673.4,177.7,66.8,1920,1080,0.572,605.3,706.8
Round3,Q3,362,362.0,EMIRATES,0.8464,1111.4,797.4,140.8,66.0,1920,1080,0.448,1181.7,830.4
Round3,Q3,362,362.0,EMIRATES,0.745,25.4,787.1,188.6,75.2,1920,1080,0.684,119.7,824.7
Round3,Q3,362,362.0,EMIRATES,0.6909,1479.8,455.5,124.5,82.0,1920,1080,0.493,1542.0,496.5
Round3,Q3,363,363.0,EMIRATES,0.5449,1837.5,793.3,82.5,67.6,1920,1080,0.269,1878.8,827.1
Round3,Q3,364,364.0,EMIRATES,0.6906,1246.4,646.1,148.5,80.9,1920,1080,0.579,1320.7,686.5
Round3,Q3,369,369.0,EMIRATES,0.8858,1443.1,634.5,85.6,38.9,1920,1080,0.161,1485.9,654.0
Round3,Q3,369,369.0,EMIRATES,0.8789,979.9,449.8,84.0,28.9,1920,1080,0.117,1021.9,464.3
Round3,Q3,369,369.0,EMIRATES,0.8573,127.9,361.9,87.3,26.6,1920,1080,0.112,171.6,375.2
Round3,Q3,369,369.0,EMIRATES,0.8564,1726.4,575.4,90.1,31.1,1920,1080,0.135,1771.4,591.0
Round3,Q3,369,369.0,EMIRATES,0.7159,421.6,474.3,36.6,29.2,1920,1080,0.052,439.9,488.9
Round3,Q3,369,369.0,EMIRATES,0.3973,1347.3,379.8,44.9,27.8,1920,1080,0.06,1369.7,393.7
Round3,Q3,383,383.0,EMIRATES,0.8118,1890.0,394.0,29.9,28.9,1920,1080,0.042,1905.0,408.5
Round3,Q3,384,384.0,EMIRATES,0.8936,882.9,362.2,59.0,26.7,1920,1080,0.076,912.4,375.5
Round3,Q3,384,384.0,EMIRATES,0.7167,1501.5,363.1,38.0,27.2,1920,1080,0.05,1520.6,376.7
Round3,Q3,384,384.0,EMIRATES,0.3829,1622.3,506.5,24.6,25.7,1920,1080,0.03,1634.6,519.3
Round3,Q3,385,385.0,EMIRATES,0.8859,1707.4,428.8,62.5,48.4,1920,1080,0.146,1738.6,453.0
Round3,Q3,385,385.0,EMIRATES,0.8831,1005.9,345.3,53.3,32.0,1920,1080,0.082,1032.5,361.3
Round3,Q3,385,385.0,EMIRATES,0.8694,1164.1,456.3,100.7,28.9,1920,1080,0.14,1214.5,470.7
Round3,Q3,385,385.0,EMIRATES,0.6122,1107.2,443.4,47.4,23.8,1920,1080,0.054,1130.9,455.3
Round3,Q3,386,386.0,EMIRATES,0.9087,569.3,437.2,93.5,37.5,1920,1080,0.169,616.0,456.0
Round3,Q3,386,386.0,EMIRATES,0.9022,1639.8,474.9,90.6,29.3,1920,1080,0.128,1685.1,489.6
Round3,Q3,386,386.0,EMIRATES,0.8893,1221.6,401.1,86.4,33.3,1920,1080,0.139,1264.8,417.7
Round3,Q3,386,386.0,EMIRATES,0.8839,1373.5,418.1,110.7,31.3,1920,1080,0.167,1428.8,433.7
Round3,Q3,386,386.0,EMIRATES,0.8764,893.6,338.9,81.9,31.2,1920,1080,0.123,934.5,354.5
Round3,Q3,387,387.0,EMIRATES,0.911,1520.9,475.5,76.4,31.8,1920,1080,0.117,1559.1,491.4
Round3,Q3,387,387.0,EMIRATES,0.9064,477.2,448.6,63.5,31.9,1920,1080,0.098,509.0,464.5
Round3,Q3,387,387.0,EMIRATES,0.8967,954.2,377.2,69.5,27.9,1920,1080,0.093,989.0,391.2
Round3,Q3,387,387.0,EMIRATES,0.8909,770.5,432.4,111.3,35.1,1920,1080,0.189,826.1,450.0
Round3,Q3,387,387.0,EMIRATES,0.8882,1142.3,420.4,109.0,32.4,1920,1080,0.17,1196.8,436.6
Round3,Q3,388,388.0,EMIRATES,0.8938,582.6,458.9,54.0,29.2,1920,1080,0.076,609.6,473.5
Round3,Q3,388,388.0,EMIRATES,0.8878,1079.8,408.2,112.9,31.8,1920,1080,0.173,1136.2,424.1
Round3,Q3,388,388.0,EMIRATES,0.7135,902.8,426.8,59.7,35.5,1920,1080,0.102,932.6,444.5
Round3,Q3,389,389.0,EMIRATES,0.9175,1261.8,413.3,114.3,35.5,1920,1080,0.196,1318.9,431.1
Round3,Q3,389,389.0,EMIRATES,0.9034,941.3,428.6,118.1,35.2,1920,1080,0.201,1000.4,446.2
Round3,Q3,389,389.0,EMIRATES,0.8566,1542.0,454.2,80.7,28.6,1920,1080,0.111,1582.4,468.5
Round3,Q3,389,389.0,EMIRATES,0.6422,601.0,450.5,29.7,31.1,1920,1080,0.045,615.9,466.0
Round3,Q3,389,389.0,ACCESS_COVERS,0.3459,1887.2,486.1,32.8,43.0,1920,1080,0.068,1903.6,507.7
Round3,Q3,390,390.0,EMIRATES,0.927,883.3,435.6,125.1,35.5,1920,1080,0.214,945.9,453.4
Round3,Q3,390,390.0,EMIRATES,0.9023,1403.7,479.5,81.9,32.1,1920,1080,0.127,1444.6,495.5
Round3,Q3,390,390.0,EMIRATES,0.5761,844.5,365.3,34.7,32.9,1920,1080,0.055,861.9,381.7
Round3,Q3,391,391.0,EMIRATES,0.9082,1012.7,456.5,124.0,35.9,1920,1080,0.215,1074.7,474.4
Round3,Q3,391,391.0,EMIRATES,0.9064,1311.6,449.6,121.5,37.2,1920,1080,0.218,1372.4,468.2
Round3,Q3,391,391.0,EMIRATES,0.8824,830.8,371.0,92.2,51.8,1920,1080,0.23,876.9,396.8
Round3,Q3,392,392.0,EMIRATES,0.916,976.3,482.1,118.0,38.3,1920,1080,0.218,1035.3,501.2
Round3,Q3,392,392.0,EMIRATES,0.9151,597.2,500.1,67.1,33.1,1920,1080,0.107,630.8,516.6
Round3,Q3,392,392.0,EMIRATES,0.9037,1322.8,443.2,118.6,38.1,1920,1080,0.218,1382.1,462.3
Round3,Q3,392,392.0,EMIRATES,0.8173,862.0,401.1,67.3,38.0,1920,1080,0.123,895.6,420.1
Round3,Q3,392,392.0,EMIRATES,0.6207,1527.3,473.6,36.5,36.5,1920,1080,0.064,1545.5,491.8
Round3,Q3,393,393.0,EMIRATES,0.8321,859.2,473.1,31.3,19.5,1920,1080,0.029,874.8,482.9
Round3,Q3,394,394.0,EMIRATES,0.3852,928.5,521.5,28.0,15.6,1920,1080,0.021,942.5,529.3
Round3,Q3,394,394.0,EMIRATES,0.3498,537.4,460.4,31.4,14.3,1920,1080,0.022,553.1,467.6
Round3,Q3,396,396.0,EMIRATES,0.8472,178.9,438.4,39.2,15.2,1920,1080,0.029,198.5,446.0
Round3,Q3,396,396.0,EMIRATES,0.8354,154.3,327.5,34.3,14.7,1920,1080,0.024,171.5,334.8
Round3,Q3,397,397.0,EMIRATES,0.8798,321.6,398.2,54.9,17.1,1920,1080,0.045,349.1,406.8
Round3,Q3,399,399.0,EMIRATES,0.903,1181.7,282.2,43.1,25.6,1920,1080,0.053,1203.2,295.0
Round3,Q3,399,399.0,JAMESON,0.3431,0.0,357.6,202.7,147.5,1920,1080,1.442,101.4,431.4
Round3,Q3,400,400.0,EMIRATES,0.905,1183.5,393.6,80.7,36.3,1920,1080,0.141,1223.9,411.7
Round3,Q3,400,400.0,JAMESON,0.5955,0.0,469.0,425.3,211.6,1920,1080,4.339,212.6,574.8
Round3,Q3,401,401.0,EMIRATES,0.8789,1844.7,839.4,75.0,60.3,1920,1080,0.218,1882.2,869.5
Round3,Q3,402,402.0,EMIRATES,0.8887,27.5,621.1,201.0,59.9,1920,1080,0.581,128.0,651.0
Round3,Q3,402,402.0,EMIRATES,0.8651,1058.3,833.4,179.2,65.7,1920,1080,0.567,1147.9,866.2
Round3,Q3,403,403.0,EMIRATES,0.8762,470.6,605.6,208.6,72.6,1920,1080,0.731,575.0,641.9
Round3,Q3,403,403.0,EMIRATES,0.5221,1051.3,825.3,107.7,53.1,1920,1080,0.276,1105.2,851.9
Round3,Q3,404,404.0,EMIRATES,0.8935,1160.3,521.7,221.2,72.3,1920,1080,0.771,1270.9,557.8
Round3,Q3,405,405.0,EMIRATES,0.8953,815.9,499.0,221.2,68.4,1920,1080,0.73,926.6,533.2
Round3,Q3,406,406.0,EMIRATES,0.8951,1553.5,360.8,154.4,76.4,1920,1080,0.569,1630.7,399.0
Round3,Q3,406,406.0,EMIRATES,0.8899,658.0,333.6,177.3,60.3,1920,1080,0.515,746.6,363.7
Round3,Q3,407,407.0,EMIRATES,0.8915,864.7,194.0,178.3,80.5,1920,1080,0.692,953.8,234.2
Round3,Q3,412,412.0,EMIRATES,0.8789,995.9,849.2,233.9,93.6,1920,1080,1.055,1112.8,895.9
Round3,Q3,413,413.0,EMIRATES,0.853,1117.3,718.6,30.2,10.8,1920,1080,0.016,1132.4,724.0
Round3,Q3,414,414.0,EMIRATES,0.8903,777.8,621.3,42.3,18.2,1920,1080,0.037,799.0,630.4
Round3,Q3,415,415.0,EMIRATES,0.8673,923.2,365.6,39.8,15.4,1920,1080,0.03,943.1,373.3
Round3,Q3,415,415.0,EMIRATES,0.8097,648.5,530.4,47.2,11.1,1920,1080,0.025,672.1,536.0
Round3,Q3,418,418.0,EMIRATES,0.6209,348.2,209.3,54.4,16.5,1920,1080,0.043,375.4,217.6
Round3,Q3,418,418.0,EMIRATES,0.3383,1431.5,448.7,18.3,13.6,1920,1080,0.012,1440.6,455.5
Round3,Q3,420,420.0,EMIRATES,0.8786,1336.2,315.7,44.9,17.3,1920,1080,0.037,1358.6,324.3
Round3,Q3,423,423.0,EMIRATES,0.8897,1585.7,588.3,40.5,20.6,1920,1080,0.04,1606.0,598.6
Round3,Q3,424,424.0,EMIRATES,0.722,1488.1,317.6,35.1,15.5,1920,1080,0.026,1505.6,325.3
Round3,Q3,425,425.0,EMIRATES,0.8532,80.8,305.7,47.2,17.6,1920,1080,0.04,104.4,314.5
Round3,Q3,428,428.0,EMIRATES,0.8688,1678.0,1060.6,67.4,18.8,1920,1080,0.061,1711.6,1070.0
Round3,Q3,428,428.0,EMIRATES,0.8677,606.8,472.0,58.9,17.6,1920,1080,0.05,636.3,480.8
Round3,Q3,429,429.0,EMIRATES,0.8772,302.2,328.0,50.9,15.9,1920,1080,0.039,327.7,336.0
Round3,Q3,429,429.0,EMIRATES,0.7739,847.8,419.4,33.2,14.0,1920,1080,0.022,864.3,426.4
Round3,Q3,431,431.0,EMIRATES,0.319,1513.5,445.1,96.9,47.4,1920,1080,0.222,1562.0,468.8
Round3,Q3,433,433.0,EMIRATES,0.8661,1104.4,408.5,25.6,14.3,1920,1080,0.018,1117.2,415.7
Round3,Q3,437,437.0,EMIRATES,0.8896,1386.5,642.0,41.1,15.7,1920,1080,0.031,1407.0,649.8
Round3,Q3,437,437.0,EMIRATES,0.8368,1892.9,692.3,27.0,20.8,1920,1080,0.027,1906.4,702.7
Round3,Q3,438,438.0,EMIRATES,0.8815,1414.3,428.6,34.6,16.0,1920,1080,0.027,1431.6,436.6
Round3,Q3,438,438.0,EMIRATES,0.8635,908.6,1049.0,61.5,27.6,1920,1080,0.082,939.4,1062.8
Round3,Q3,439,439.0,EMIRATES,0.7862,1369.9,427.7,44.8,14.6,1920,1080,0.032,1392.3,435.0
Round3,Q3,440,440.0,EMIRATES,0.8661,1217.9,415.8,53.1,15.6,1920,1080,0.04,1244.5,423.7
Round3,Q3,441,441.0,EMIRATES,0.8936,913.3,438.4,55.6,25.1,1920,1080,0.067,941.2,451.0
Round3,Q3,443,443.0,EMIRATES,0.6562,1321.8,412.7,55.5,20.5,1920,1080,0.055,1349.6,423.0
Round3,Q3,444,444.0,EMIRATES,0.8807,686.1,612.2,57.8,25.6,1920,1080,0.071,715.0,625.0
Round3,Q3,445,445.0,EMIRATES,0.8762,194.2,896.0,53.8,21.6,1920,1080,0.056,221.1,906.8
Round3,Q3,447,447.0,EMIRATES,0.8819,10.1,536.6,59.9,21.5,1920,1080,0.062,40.1,547.3
Round3,Q3,454,454.0,EMIRATES,0.8826,573.2,600.1,153.4,55.6,1920,1080,0.411,650.0,627.9
Round3,Q3,458,458.0,EMIRATES,0.8588,625.0,425.3,56.1,16.3,1920,1080,0.044,653.0,433.4
Round3,Q3,459,459.0,EMIRATES,0.3378,400.4,417.6,46.7,20.7,1920,1080,0.047,423.8,428.0
Round3,Q3,460,460.0,EMIRATES,0.8831,835.3,314.2,58.8,22.6,1920,1080,0.064,864.7,325.6
Round3,Q3,461,461.0,EMIRATES,0.8775,816.0,494.9,49.4,17.6,1920,1080,0.042,840.7,503.7
Round3,Q3,462,462.0,EMIRATES,0.8742,1129.9,415.9,67.9,21.6,1920,1080,0.071,1163.9,426.7
Round3,Q3,465,465.0,EMIRATES,0.6401,657.3,546.2,33.7,12.9,1920,1080,0.021,674.1,552.6
Round3,Q3,466,466.0,EMIRATES,0.8087,944.5,456.8,42.7,16.6,1920,1080,0.034,965.9,465.1
Round3,Q3,468,468.0,EMIRATES,0.7464,1215.0,518.3,36.6,16.3,1920,1080,0.029,1233.3,526.5
Round3,Q3,469,469.0,EMIRATES,0.8718,1502.4,523.8,46.2,17.6,1920,1080,0.039,1525.5,532.6
Round3,Q3,470,470.0,EMIRATES,0.8378,1467.3,572.4,60.1,19.3,1920,1080,0.056,1497.3,582.1
Round3,Q3,471,471.0,EMIRATES,0.8716,1268.5,590.5,48.3,13.4,1920,1080,0.031,1292.6,597.2
Round3,Q3,472,472.0,EMIRATES,0.8822,1295.1,592.9,38.8,22.8,1920,1080,0.043,1314.5,604.3
Round3,Q3,472,472.0,EMIRATES,0.8471,103.4,479.6,54.2,14.8,1920,1080,0.039,130.5,487.0
Round3,Q3,472,472.0,EMIRATES,0.4746,1527.3,521.0,54.0,13.7,1920,1080,0.036,1554.3,527.8
Round3,Q3,473,473.0,EMIRATES,0.3501,940.1,475.4,52.7,21.9,1920,1080,0.056,966.5,486.4
Round3,Q3,474,474.0,EMIRATES,0.8517,1658.4,510.5,57.3,15.6,1920,1080,0.043,1687.1,518.3
Round3,Q3,475,475.0,EMIRATES,0.3757,716.5,485.3,50.9,16.5,1920,1080,0.04,742.0,493.5
Round3,Q3,479,479.0,EMIRATES,0.7698,47.2,183.2,82.8,23.8,1920,1080,0.095,88.6,195.1
Round3,Q3,480,480.0,EMIRATES,0.429,1131.0,260.3,43.2,24.2,1920,1080,0.05,1152.6,272.5
Round3,Q3,490,490.0,EMIRATES,0.7859,1788.4,621.4,15.2,75.7,1920,1080,0.055,1796.0,659.2
Round3,Q3,490,490.0,EMIRATES,0.7589,1568.4,594.3,12.1,69.9,1920,1080,0.041,1574.4,629.2
Round3,Q3,490,490.0,EMIRATES,0.7126,1790.9,556.6,15.2,57.6,1920,1080,0.042,1798.5,585.4
Round3,Q3,490,490.0,EMIRATES,0.5025,1569.2,532.0,13.6,55.1,1920,1080,0.036,1576.0,559.5
Round3,Q3,491,491.0,EMIRATES,0.9001,907.4,486.4,53.8,21.2,1920,1080,0.055,934.3,497.0
Round3,Q3,493,493.0,EMIRATES,0.4655,0.0,946.7,24.3,14.7,1920,1080,0.017,12.2,954.0
Round3,Q3,493,493.0,EMIRATES,0.3004,0.0,885.3,17.9,13.4,1920,1080,0.012,9.0,892.0
Round3,Q3,499,499.0,CRUSADER_CARAVANS,0.8162,0.0,134.1,82.5,37.2,1920,1080,0.148,41.3,152.8
Round3,Q3,499,499.0,CRUSADER_CARAVANS,0.7476,1277.4,412.7,93.0,15.3,1920,1080,0.069,1323.9,420.4
Round3,Q3,499,499.0,CRUSADER_CARAVANS,0.7301,1795.3,408.1,124.5,14.0,1920,1080,0.084,1857.5,415.1
Round3,Q3,499,499.0,CRUSADER_CARAVANS,0.7256,80.9,156.4,108.0,33.2,1920,1080,0.173,134.9,173.0
Round3,Q3,499,499.0,CRUSADER_CARAVANS,0.7221,1634.1,410.7,103.9,13.8,1920,1080,0.069,1686.1,417.6
Round3,Q3,499,499.0,CRUSADER_CARAVANS,0.6985,188.5,175.4,98.0,30.5,1920,1080,0.144,237.5,190.6
Round3,Q3,499,499.0,CRUSADER_CARAVANS,0.6883,303.9,418.5,115.8,24.7,1920,1080,0.138,361.8,430.8
Round3,Q3,499,499.0,CRUSADER_CARAVANS,0.6831,0.1,419.8,117.2,29.9,1920,1080,0.169,58.6,434.7
Round3,Q3,499,499.0,CRUSADER_CARAVANS,0.6809,287.4,191.7,91.6,26.3,1920,1080,0.116,333.2,204.9
Round3,Q3,499,499.0,CRUSADER_CARAVANS,0.6746,1507.5,410.5,101.8,15.1,1920,1080,0.074,1558.4,418.0
Round3,Q3,499,499.0,CRUSADER_CARAVANS,0.6732,327.6,605.7,33.7,23.3,1920,1080,0.038,344.5,617.3
Round3,Q3,499,499.0,CRUSADER_CARAVANS,0.6475,0.2,677.4,62.5,48.3,1920,1080,0.146,31.5,701.5
Round3,Q3,499,499.0,CRUSADER_CARAVANS,0.6359,560.7,417.4,111.1,19.5,1920,1080,0.104,616.2,427.2
Round3,Q3,499,499.0,CRUSADER_CARAVANS,0.621,1157.9,412.9,96.8,16.8,1920,1080,0.078,1206.3,421.3
Round3,Q3,499,499.0,CRUSADER_CARAVANS,0.6104,1723.4,493.7,128.9,13.1,1920,1080,0.082,1787.9,500.3
Round3,Q3,499,499.0,CRUSADER_CARAVANS,0.6066,1392.4,411.8,95.7,14.8,1920,1080,0.068,1440.2,419.2
Round3,Q3,499,499.0,CRUSADER_CARAVANS,0.5635,467.0,215.4,81.6,22.6,1920,1080,0.089,507.8,226.7
Round3,Q3,499,499.0,CRUSADER_CARAVANS,0.5569,710.3,241.8,147.1,23.9,1920,1080,0.169,783.9,253.7
Round3,Q3,499,499.0,CRUSADER_CARAVANS,0.5238,672.1,418.7,21.3,15.1,1920,1080,0.016,682.7,426.3
Round3,Q3,499,499.0,CRUSADER_CARAVANS,0.5045,436.7,418.6,108.6,19.9,1920,1080,0.104,491.0,428.6
Round3,Q3,499,499.0,CRUSADER_CARAVANS,0.4778,1884.2,491.6,35.7,13.9,1920,1080,0.024,1902.0,498.5
Round3,Q3,499,499.0,CRUSADER_CARAVANS,0.4713,1611.1,411.6,20.9,12.0,1920,1080,0.012,1621.5,417.6
Round3,Q3,499,499.0,CRUSADER_CARAVANS,0.4633,381.9,204.6,84.3,24.7,1920,1080,0.1,424.0,216.9
Round3,Q3,499,499.0,CRUSADER_CARAVANS,0.4332,153.5,419.5,119.7,27.2,1920,1080,0.157,213.4,433.1
Round3,Q3,499,499.0,CRUSADER_CARAVANS,0.4326,276.7,423.0,25.6,19.6,1920,1080,0.024,289.5,432.8
Round3,Q3,499,499.0,CRUSADER_CARAVANS,0.4266,556.9,225.4,152.9,27.6,1920,1080,0.204,633.4,239.2
Round3,Q3,499,499.0,CRUSADER_CARAVANS,0.4213,1683.9,495.6,33.9,13.1,1920,1080,0.021,1700.9,502.2
Round3,Q3,499,499.0,CRUSADER_CARAVANS,0.3876,690.6,417.7,48.9,16.2,1920,1080,0.038,715.1,425.8
Round3,Q3,499,499.0,CRUSADER_CARAVANS,0.3673,942.8,259.1,59.7,13.6,1920,1080,0.039,972.7,265.9
Round3,Q3,499,499.0,CRUSADER_CARAVANS,0.3671,1150.5,272.4,154.6,12.7,1920,1080,0.095,1227.8,278.7
Round3,Q3,499,499.0,CRUSADER_CARAVANS,0.3662,1490.1,412.2,23.5,12.3,1920,1080,0.014,1501.8,418.4
Round3,Q3,499,499.0,CRUSADER_CARAVANS,0.3588,1431.8,500.1,112.7,15.3,1920,1080,0.083,1488.1,507.7
Round3,Q3,499,499.0,CRUSADER_CARAVANS,0.3371,510.4,577.0,29.8,20.8,1920,1080,0.03,525.3,587.4
Round3,Q3,499,499.0,CRUSADER_CARAVANS,0.3308,417.5,420.1,21.9,18.1,1920,1080,0.019,428.4,429.2
Round3,Q3,500,500.0,CRUSADER_CARAVANS,0.7835,497.7,580.6,30.8,22.6,1920,1080,0.034,513.1,591.9
Round3,Q3,500,500.0,CRUSADER_CARAVANS,0.7554,1294.7,411.5,98.0,15.1,1920,1080,0.071,1343.8,419.1
Round3,Q3,500,500.0,CRUSADER_CARAVANS,0.7334,0.0,128.6,51.0,30.1,1920,1080,0.074,25.5,143.6
Round3,Q3,500,500.0,CRUSADER_CARAVANS,0.7312,268.7,180.7,93.5,27.3,1920,1080,0.123,315.4,194.3
Round3,Q3,500,500.0,CRUSADER_CARAVANS,0.7272,1665.7,407.9,111.4,15.5,1920,1080,0.083,1721.4,415.6
Round3,Q3,500,500.0,CRUSADER_CARAVANS,0.7167,543.6,415.0,125.1,21.8,1920,1080,0.131,606.1,425.9
Round3,Q3,500,500.0,CRUSADER_CARAVANS,0.7067,1534.3,409.3,107.1,15.0,1920,1080,0.077,1587.8,416.8
Round3,Q3,500,500.0,CRUSADER_CARAVANS,0.7032,529.7,569.5,65.5,29.1,1920,1080,0.092,562.4,584.0
Round3,Q3,500,500.0,CRUSADER_CARAVANS,0.7018,1414.3,410.9,99.2,14.6,1920,1080,0.07,1463.9,418.2
Round3,Q3,500,500.0,CRUSADER_CARAVANS,0.6852,306.9,610.3,36.2,25.7,1920,1080,0.045,325.0,623.1
Round3,Q3,500,500.0,CRUSADER_CARAVANS,0.6833,461.5,207.1,79.9,21.4,1920,1080,0.082,501.4,217.8
Round3,Q3,500,500.0,CRUSADER_CARAVANS,0.6759,58.0,142.8,106.4,35.5,1920,1080,0.182,111.2,160.6
Round3,Q3,500,500.0,CRUSADER_CARAVANS,0.6742,166.1,163.2,100.3,32.4,1920,1080,0.157,216.3,179.4
Round3,Q3,500,500.0,CRUSADER_CARAVANS,0.6604,549.0,217.0,74.5,20.1,1920,1080,0.072,586.3,227.1
Round3,Q3,500,500.0,CRUSADER_CARAVANS,0.6498,632.9,227.5,72.1,16.5,1920,1080,0.058,668.9,235.8
Round3,Q3,500,500.0,CRUSADER_CARAVANS,0.6367,364.9,194.0,89.2,25.2,1920,1080,0.108,409.5,206.6
Round3,Q3,500,500.0,CRUSADER_CARAVANS,0.6365,1171.5,411.6,99.4,16.8,1920,1080,0.081,1221.2,420.0
Round3,Q3,500,500.0,CRUSADER_CARAVANS,0.6328,596.4,560.8,70.3,29.8,1920,1080,0.101,631.5,575.6
Round3,Q3,500,500.0,CRUSADER_CARAVANS,0.5936,1842.8,405.7,77.1,15.4,1920,1080,0.057,1881.4,413.4
Round3,Q3,500,500.0,CRUSADER_CARAVANS,0.5815,1450.9,502.4,120.5,15.0,1920,1080,0.087,1511.2,509.9
Round3,Q3,500,500.0,CRUSADER_CARAVANS,0.5771,1605.3,497.2,111.2,15.3,1920,1080,0.082,1660.9,504.9
Round3,Q3,500,500.0,CRUSADER_CARAVANS,0.5715,426.9,416.9,108.4,20.7,1920,1080,0.108,481.1,427.2
Round3,Q3,500,500.0,CRUSADER_CARAVANS,0.5616,125.7,418.7,127.3,27.4,1920,1080,0.168,189.4,432.4
Round3,Q3,500,500.0,CRUSADER_CARAVANS,0.5459,0.0,417.6,95.3,31.9,1920,1080,0.146,47.6,433.5
Round3,Q3,500,500.0,CRUSADER_CARAVANS,0.5341,666.5,416.2,72.5,16.8,1920,1080,0.059,702.7,424.6
Round3,Q3,500,500.0,CRUSADER_CARAVANS,0.5337,949.6,252.6,63.5,12.9,1920,1080,0.04,981.4,259.1
Round3,Q3,500,500.0,CRUSADER_CARAVANS,0.5131,1392.4,412.3,22.7,12.6,1920,1080,0.014,1403.8,418.5
Round3,Q3,500,500.0,CRUSADER_CARAVANS,0.4936,419.4,583.3,75.9,32.9,1920,1080,0.12,457.4,599.8
Round3,Q3,500,500.0,CRUSADER_CARAVANS,0.4894,1027.2,256.2,123.4,15.7,1920,1080,0.094,1088.9,264.1
Round3,Q3,500,500.0,CRUSADER_CARAVANS,0.4566,708.3,234.2,76.6,17.7,1920,1080,0.065,746.6,243.0
Round3,Q3,500,500.0,CRUSADER_CARAVANS,0.4543,865.5,246.8,72.9,15.5,1920,1080,0.055,902.0,254.5
Round3,Q3,500,500.0,CRUSADER_CARAVANS,0.4451,1642.3,409.7,22.0,11.7,1920,1080,0.012,1653.3,415.5
Round3,Q3,500,500.0,CRUSADER_CARAVANS,0.4395,1272.3,413.1,21.8,13.0,1920,1080,0.014,1283.2,419.6
Round3,Q3,500,500.0,CRUSADER_CARAVANS,0.4176,1515.9,410.9,23.3,12.8,1920,1080,0.014,1527.6,417.3
Round3,Q3,500,500.0,CRUSADER_CARAVANS,0.4056,281.7,417.9,120.4,24.1,1920,1080,0.14,341.9,430.0
Round3,Q3,500,500.0,CRUSADER_CARAVANS,0.4007,1555.0,273.5,68.0,10.4,1920,1080,0.034,1589.0,278.7
Round3,Q3,500,500.0,CRUSADER_CARAVANS,0.3979,1718.1,495.7,29.7,14.5,1920,1080,0.021,1732.9,502.9
Round3,Q3,500,500.0,CRUSADER_CARAVANS,0.3885,714.5,237.4,147.7,19.9,1920,1080,0.142,788.3,247.3
Round3,Q3,500,500.0,CRUSADER_CARAVANS,0.352,1760.0,495.3,136.2,13.7,1920,1080,0.09,1828.1,502.1
Round3,Q3,500,500.0,CRUSADER_CARAVANS,0.3481,538.6,417.7,24.0,18.1,1920,1080,0.021,550.6,426.7
Round3,Q3,500,500.0,CRUSADER_CARAVANS,0.3128,786.6,240.8,73.6,15.8,1920,1080,0.056,823.4,248.7
Round3,Q3,501,501.0,CRUSADER_CARAVANS,0.7851,280.8,613.8,37.3,25.8,1920,1080,0.046,299.4,626.7
Round3,Q3,501,501.0,CRUSADER_CARAVANS,0.7581,1303.3,405.7,101.9,15.9,1920,1080,0.078,1354.3,413.7
Round3,Q3,501,501.0,CRUSADER_CARAVANS,0.7417,1428.7,404.9,103.5,15.6,1920,1080,0.078,1480.5,412.7
Round3,Q3,501,501.0,CRUSADER_CARAVANS,0.7362,255.7,412.4,125.3,25.5,1920,1080,0.154,318.4,425.1
Round3,Q3,501,501.0,CRUSADER_CARAVANS,0.7292,0.0,411.4,57.4,33.7,1920,1080,0.093,28.7,428.3
Round3,Q3,501,501.0,CRUSADER_CARAVANS,0.7282,545.7,411.0,108.1,19.3,1920,1080,0.101,599.7,420.6
Round3,Q3,501,501.0,CRUSADER_CARAVANS,0.7091,238.1,166.3,101.2,28.3,1920,1080,0.138,288.7,180.4
Round3,Q3,501,501.0,CRUSADER_CARAVANS,0.7073,1.0,120.9,131.3,41.9,1920,1080,0.265,66.7,141.9
Round3,Q3,501,501.0,CRUSADER_CARAVANS,0.7052,406.6,410.8,114.0,22.8,1920,1080,0.125,463.5,422.2
Round3,Q3,501,501.0,CRUSADER_CARAVANS,0.6799,680.1,410.4,53.2,18.6,1920,1080,0.048,706.7,419.7
Round3,Q3,501,501.0,CRUSADER_CARAVANS,0.6673,90.5,412.8,134.8,29.3,1920,1080,0.191,157.9,427.5
Round3,Q3,501,501.0,CRUSADER_CARAVANS,0.6644,437.7,193.7,87.7,23.1,1920,1080,0.098,481.6,205.3
Round3,Q3,501,501.0,CRUSADER_CARAVANS,0.6523,133.7,146.2,106.5,36.7,1920,1080,0.189,186.9,164.6
Round3,Q3,501,501.0,CRUSADER_CARAVANS,0.6497,344.2,180.7,88.8,26.0,1920,1080,0.111,388.6,193.7
Round3,Q3,501,501.0,CRUSADER_CARAVANS,0.6395,1259.1,255.0,67.4,12.4,1920,1080,0.04,1292.7,261.2
Round3,Q3,501,501.0,CRUSADER_CARAVANS,0.6327,525.4,204.2,86.3,22.6,1920,1080,0.094,568.6,215.5
Round3,Q3,501,501.0,CRUSADER_CARAVANS,0.631,1687.4,402.9,117.1,14.4,1920,1080,0.081,1745.9,410.1
Round3,Q3,501,501.0,CRUSADER_CARAVANS,0.6287,1557.7,404.0,108.1,15.6,1920,1080,0.081,1611.7,411.8
Round3,Q3,501,501.0,CRUSADER_CARAVANS,0.6274,379.3,414.1,26.2,19.1,1920,1080,0.024,392.4,423.6
Round3,Q3,501,501.0,CRUSADER_CARAVANS,0.6073,59.2,417.9,31.2,21.6,1920,1080,0.032,74.8,428.7
Round3,Q3,501,501.0,CRUSADER_CARAVANS,0.5688,1282.0,407.8,22.9,12.4,1920,1080,0.014,1293.4,414.0
Round3,Q3,501,501.0,CRUSADER_CARAVANS,0.5594,1406.7,406.4,23.1,14.0,1920,1080,0.016,1418.3,413.4
Round3,Q3,501,501.0,CRUSADER_CARAVANS,0.5433,700.1,221.2,157.2,25.0,1920,1080,0.189,778.7,233.7
Round3,Q3,501,501.0,CRUSADER_CARAVANS,0.5133,1533.2,405.1,25.6,13.4,1920,1080,0.017,1546.0,411.8
Round3,Q3,501,501.0,CRUSADER_CARAVANS,0.5084,1775.9,490.7,142.7,16.6,1920,1080,0.114,1847.2,499.0
Round3,Q3,501,501.0,CRUSADER_CARAVANS,0.5022,1180.6,253.7,67.6,10.8,1920,1080,0.035,1214.4,259.1
Round3,Q3,501,501.0,CRUSADER_CARAVANS,0.4871,1877.5,399.8,42.5,16.4,1920,1080,0.034,1898.7,408.0
Round3,Q3,501,501.0,CRUSADER_CARAVANS,0.4698,863.1,235.0,73.3,16.5,1920,1080,0.058,899.7,243.2
Round3,Q3,501,501.0,CRUSADER_CARAVANS,0.4442,478.2,582.4,32.7,22.9,1920,1080,0.036,494.5,593.9
Round3,Q3,501,501.0,CRUSADER_CARAVANS,0.4372,228.3,415.5,26.7,21.2,1920,1080,0.027,241.7,426.1
Round3,Q3,501,501.0,CRUSADER_CARAVANS,0.4238,106.7,621.3,174.4,64.7,1920,1080,0.544,193.9,653.7
Round3,Q3,501,501.0,CRUSADER_CARAVANS,0.4146,948.0,241.8,67.7,13.2,1920,1080,0.043,981.9,248.4
Round3,Q3,501,501.0,CRUSADER_CARAVANS,0.4001,1417.1,260.6,140.5,11.4,1920,1080,0.077,1487.3,266.3
Round3,Q3,501,501.0,CRUSADER_CARAVANS,0.3898,511.7,570.3,69.2,28.9,1920,1080,0.097,546.3,584.7
Round3,Q3,501,501.0,CRUSADER_CARAVANS,0.3878,1417.8,259.6,65.5,11.4,1920,1080,0.036,1450.5,265.4
Round3,Q3,501,501.0,CRUSADER_CARAVANS,0.3833,622.0,214.9,73.9,18.0,1920,1080,0.064,658.9,223.8
Round3,Q3,501,501.0,CRUSADER_CARAVANS,0.3749,1176.6,407.3,102.4,15.2,1920,1080,0.075,1227.8,414.9
Round3,Q3,502,502.0,CRUSADER_CARAVANS,0.8105,462.6,583.6,33.9,26.0,1920,1080,0.043,479.6,596.6
Round3,Q3,502,502.0,CRUSADER_CARAVANS,0.7855,259.3,617.1,38.7,25.4,1920,1080,0.047,278.7,629.8
Round3,Q3,502,502.0,CRUSADER_CARAVANS,0.7518,1439.7,401.9,104.7,15.6,1920,1080,0.079,1492.0,409.8
Round3,Q3,502,502.0,CRUSADER_CARAVANS,0.7481,1.0,114.5,108.8,38.2,1920,1080,0.201,55.4,133.6
Round3,Q3,502,502.0,CRUSADER_CARAVANS,0.7283,497.7,569.4,74.8,34.3,1920,1080,0.124,535.1,586.6
Round3,Q3,502,502.0,CRUSADER_CARAVANS,0.7221,80.7,640.0,65.0,49.6,1920,1080,0.155,113.2,664.7
Round3,Q3,502,502.0,CRUSADER_CARAVANS,0.7073,1705.1,399.2,118.3,14.8,1920,1080,0.084,1764.3,406.6
Round3,Q3,502,502.0,CRUSADER_CARAVANS,0.7049,609.1,207.0,78.3,18.0,1920,1080,0.068,648.2,216.0
Round3,Q3,502,502.0,CRUSADER_CARAVANS,0.699,225.8,156.6,97.6,28.2,1920,1080,0.133,274.6,170.7
Round3,Q3,502,502.0,CRUSADER_CARAVANS,0.6836,1311.0,402.9,103.9,16.2,1920,1080,0.081,1362.9,411.1
Round3,Q3,502,502.0,CRUSADER_CARAVANS,0.6805,778.3,221.8,75.1,16.5,1920,1080,0.06,815.8,230.0
Round3,Q3,502,502.0,CRUSADER_CARAVANS,0.6574,110.5,137.3,109.9,34.0,1920,1080,0.18,165.4,154.3
Round3,Q3,502,502.0,CRUSADER_CARAVANS,0.6487,1565.1,400.5,115.2,15.0,1920,1080,0.083,1622.7,408.0
Round3,Q3,502,502.0,CRUSADER_CARAVANS,0.6412,417.3,184.1,94.1,23.5,1920,1080,0.107,464.4,195.9
Round3,Q3,502,502.0,CRUSADER_CARAVANS,0.6211,1801.3,489.3,118.6,17.1,1920,1080,0.098,1860.6,497.8
Round3,Q3,502,502.0,CRUSADER_CARAVANS,0.6068,1415.7,403.6,23.6,13.5,1920,1080,0.015,1427.5,410.3
Round3,Q3,502,502.0,CRUSADER_CARAVANS,0.6018,218.0,409.1,144.6,25.8,1920,1080,0.18,290.3,422.0
Round3,Q3,502,502.0,CRUSADER_CARAVANS,0.6012,533.1,408.0,110.1,20.7,1920,1080,0.11,588.2,418.3
Round3,Q3,502,502.0,CRUSADER_CARAVANS,0.5921,322.0,170.6,98.2,27.0,1920,1080,0.128,371.1,184.1
Round3,Q3,502,502.0,CRUSADER_CARAVANS,0.5888,518.7,196.0,82.3,21.4,1920,1080,0.085,559.8,206.7
Round3,Q3,502,502.0,CRUSADER_CARAVANS,0.5735,0.0,409.0,31.0,33.2,1920,1080,0.05,15.5,425.6
Round3,Q3,502,502.0,CRUSADER_CARAVANS,0.5602,207.7,411.9,29.4,22.6,1920,1080,0.032,222.4,423.2
Round3,Q3,502,502.0,CRUSADER_CARAVANS,0.5557,1483.1,499.0,117.7,18.0,1920,1080,0.102,1542.0,508.0
Round3,Q3,502,502.0,CRUSADER_CARAVANS,0.5507,32.9,411.8,30.9,24.4,1920,1080,0.036,48.4,424.0
Round3,Q3,502,502.0,CRUSADER_CARAVANS,0.5507,1332.0,505.9,44.6,18.9,1920,1080,0.041,1354.3,515.4
Round3,Q3,502,502.0,CRUSADER_CARAVANS,0.518,858.2,227.9,77.3,16.0,1920,1080,0.06,896.8,235.9
Round3,Q3,502,502.0,CRUSADER_CARAVANS,0.4927,1288.0,404.6,22.5,13.1,1920,1080,0.014,1299.2,411.1
Round3,Q3,502,502.0,CRUSADER_CARAVANS,0.4685,378.3,586.6,82.4,35.6,1920,1080,0.142,419.5,604.4
Round3,Q3,502,502.0,CRUSADER_CARAVANS,0.4641,1681.6,400.8,24.3,13.3,1920,1080,0.016,1693.7,407.4
Round3,Q3,502,502.0,CRUSADER_CARAVANS,0.4639,943.4,234.0,73.2,14.3,1920,1080,0.051,980.0,241.1
Round3,Q3,502,502.0,CRUSADER_CARAVANS,0.4494,391.9,407.8,114.2,23.4,1920,1080,0.129,449.0,419.5
Round3,Q3,502,502.0,CRUSADER_CARAVANS,0.4293,64.3,409.2,141.6,28.7,1920,1080,0.196,135.1,423.6
Round3,Q3,502,502.0,CRUSADER_CARAVANS,0.3756,695.8,214.6,75.2,17.4,1920,1080,0.063,733.4,223.3
Round3,Q3,502,502.0,CRUSADER_CARAVANS,0.3697,1304.3,509.0,28.2,17.1,1920,1080,0.023,1318.4,517.6
Round3,Q3,502,502.0,CRUSADER_CARAVANS,0.3545,362.9,411.3,26.8,19.7,1920,1080,0.025,376.3,421.1
Round3,Q3,503,503.0,CRUSADER_CARAVANS,0.8479,242.4,616.7,40.4,29.2,1920,1080,0.057,262.6,631.3
Round3,Q3,503,503.0,CRUSADER_CARAVANS,0.8245,451.6,584.7,33.7,25.7,1920,1080,0.042,468.4,597.6
Round3,Q3,503,503.0,CRUSADER_CARAVANS,0.7337,1314.3,399.4,105.6,16.9,1920,1080,0.086,1367.0,407.9
Round3,Q3,503,503.0,CRUSADER_CARAVANS,0.7233,486.3,565.5,148.3,39.5,1920,1080,0.283,560.4,585.3
Round3,Q3,503,503.0,CRUSADER_CARAVANS,0.7212,0.0,105.6,92.4,38.9,1920,1080,0.173,46.2,125.1
Round3,Q3,503,503.0,CRUSADER_CARAVANS,0.7207,486.6,570.0,73.1,34.5,1920,1080,0.122,523.2,587.3
Round3,Q3,503,503.0,CRUSADER_CARAVANS,0.7072,1716.4,395.1,117.6,16.9,1920,1080,0.096,1775.2,403.6
Round3,Q3,503,503.0,CRUSADER_CARAVANS,0.669,412.6,178.0,91.4,23.5,1920,1080,0.104,458.3,189.8
Round3,Q3,503,503.0,CRUSADER_CARAVANS,0.6656,203.7,149.7,105.8,27.7,1920,1080,0.142,256.6,163.5
Round3,Q3,503,503.0,CRUSADER_CARAVANS,0.6641,1820.0,488.2,99.2,16.6,1920,1080,0.079,1869.6,496.5
Round3,Q3,503,503.0,CRUSADER_CARAVANS,0.6496,1576.4,397.3,114.1,15.9,1920,1080,0.088,1633.4,405.3
Round3,Q3,503,503.0,CRUSADER_CARAVANS,0.6494,1649.1,492.2,128.1,17.2,1920,1080,0.106,1713.1,500.8
Round3,Q3,503,503.0,CRUSADER_CARAVANS,0.6411,1444.8,398.7,107.4,16.2,1920,1080,0.084,1498.5,406.8
Round3,Q3,503,503.0,CRUSADER_CARAVANS,0.6342,507.6,189.1,85.3,22.9,1920,1080,0.094,550.3,200.5
Round3,Q3,503,503.0,CRUSADER_CARAVANS,0.6318,634.3,559.5,35.1,23.4,1920,1080,0.04,651.9,571.2
Round3,Q3,503,503.0,CRUSADER_CARAVANS,0.6244,93.5,128.5,113.2,35.3,1920,1080,0.193,150.1,146.1
Round3,Q3,503,503.0,CRUSADER_CARAVANS,0.6164,644.7,405.2,75.8,17.8,1920,1080,0.065,682.6,414.1
Round3,Q3,503,503.0,CRUSADER_CARAVANS,0.6,1420.5,400.1,23.1,15.0,1920,1080,0.017,1432.0,407.6
Round3,Q3,503,503.0,CRUSADER_CARAVANS,0.5506,606.7,201.7,77.0,17.3,1920,1080,0.064,645.2,210.3
Round3,Q3,503,503.0,CRUSADER_CARAVANS,0.5485,69.1,634.5,78.1,55.8,1920,1080,0.21,108.2,662.4
Round3,Q3,503,503.0,CRUSADER_CARAVANS,0.5483,69.3,630.6,163.2,59.0,1920,1080,0.465,150.9,660.2
Round3,Q3,503,503.0,CRUSADER_CARAVANS,0.5459,285.4,589.3,165.2,49.9,1920,1080,0.398,368.0,614.2
Round3,Q3,503,503.0,CRUSADER_CARAVANS,0.5446,856.0,222.0,77.8,15.9,1920,1080,0.06,894.9,229.9
Round3,Q3,503,503.0,CRUSADER_CARAVANS,0.5412,4.9,406.7,41.8,29.6,1920,1080,0.06,25.8,421.5
Round3,Q3,503,503.0,CRUSADER_CARAVANS,0.5391,1597.5,249.5,74.4,11.6,1920,1080,0.041,1634.7,255.3
Round3,Q3,503,503.0,CRUSADER_CARAVANS,0.5273,0.0,407.0,12.2,28.8,1920,1080,0.017,6.1,421.4
Round3,Q3,503,503.0,CRUSADER_CARAVANS,0.5126,1335.7,505.1,50.8,17.8,1920,1080,0.044,1361.1,514.0
Round3,Q3,503,503.0,CRUSADER_CARAVANS,0.5117,690.4,208.6,76.6,19.1,1920,1080,0.07,728.7,218.1
Round3,Q3,503,503.0,CRUSADER_CARAVANS,0.4971,637.6,406.5,24.8,16.2,1920,1080,0.019,650.0,414.7
Round3,Q3,503,503.0,CRUSADER_CARAVANS,0.49,943.0,228.6,76.6,14.2,1920,1080,0.053,981.2,235.7
Round3,Q3,503,503.0,CRUSADER_CARAVANS,0.4879,1691.1,397.2,24.1,12.4,1920,1080,0.014,1703.1,403.4
Round3,Q3,503,503.0,CRUSADER_CARAVANS,0.4756,311.5,164.3,96.9,28.7,1920,1080,0.134,359.9,178.6
Round3,Q3,503,503.0,CRUSADER_CARAVANS,0.4737,1553.6,398.9,26.8,13.4,1920,1080,0.017,1567.0,405.6
Round3,Q3,503,503.0,CRUSADER_CARAVANS,0.4525,513.8,404.6,122.2,21.2,1920,1080,0.125,574.9,415.2
Round3,Q3,503,503.0,CRUSADER_CARAVANS,0.4066,1434.4,248.0,68.5,10.9,1920,1080,0.036,1468.6,253.4
Round3,Q3,503,503.0,CRUSADER_CARAVANS,0.3979,696.6,213.4,158.9,20.8,1920,1080,0.16,776.1,223.8
Round3,Q3,503,503.0,CRUSADER_CARAVANS,0.3676,139.6,622.7,101.1,39.6,1920,1080,0.193,190.2,642.5
Round3,Q3,503,503.0,CRUSADER_CARAVANS,0.3614,45.6,406.6,145.3,30.3,1920,1080,0.212,118.3,421.7
Round3,Q3,503,503.0,CRUSADER_CARAVANS,0.3491,377.3,405.5,119.9,23.6,1920,1080,0.136,437.3,417.3
Round3,Q3,503,503.0,CRUSADER_CARAVANS,0.3305,938.2,229.3,148.8,14.8,1920,1080,0.106,1012.6,236.6
Round3,Q3,503,503.0,CRUSADER_CARAVANS,0.3217,351.6,408.3,25.2,19.8,1920,1080,0.024,364.2,418.2
Round3,Q3,503,503.0,CRUSADER_CARAVANS,0.301,765.2,215.8,86.9,16.8,1920,1080,0.07,808.6,224.2
Round3,Q3,504,504.0,CRUSADER_CARAVANS,0.8478,237.6,602.4,40.4,27.7,1920,1080,0.054,257.8,616.3
Round3,Q3,504,504.0,CRUSADER_CARAVANS,0.7945,0.0,95.7,93.1,40.0,1920,1080,0.179,46.6,115.7
Round3,Q3,504,504.0,CRUSADER_CARAVANS,0.7639,1422.6,386.7,105.3,15.7,1920,1080,0.08,1475.3,394.5
Round3,Q3,504,504.0,CRUSADER_CARAVANS,0.7505,94.7,119.1,107.4,36.0,1920,1080,0.187,148.4,137.2
Round3,Q3,504,504.0,CRUSADER_CARAVANS,0.7401,444.4,569.7,33.6,25.6,1920,1080,0.041,461.3,582.5
Round3,Q3,504,504.0,CRUSADER_CARAVANS,0.7334,1296.8,387.4,102.0,16.2,1920,1080,0.08,1347.8,395.5
Round3,Q3,504,504.0,CRUSADER_CARAVANS,0.729,42.9,394.3,143.2,29.3,1920,1080,0.202,114.5,408.9
Round3,Q3,504,504.0,CRUSADER_CARAVANS,0.7142,1553.9,385.2,109.9,15.7,1920,1080,0.083,1608.9,393.1
Round3,Q3,504,504.0,CRUSADER_CARAVANS,0.7088,624.6,545.8,37.2,22.8,1920,1080,0.041,643.1,557.2
Round3,Q3,504,504.0,CRUSADER_CARAVANS,0.6993,1624.6,478.1,122.5,17.3,1920,1080,0.102,1685.8,486.7
Round3,Q3,504,504.0,CRUSADER_CARAVANS,0.6918,520.5,392.5,106.9,21.2,1920,1080,0.109,574.0,403.1
Round3,Q3,504,504.0,CRUSADER_CARAVANS,0.6804,1772.5,474.2,147.5,18.1,1920,1080,0.128,1846.3,483.2
Round3,Q3,504,504.0,CRUSADER_CARAVANS,0.6462,480.7,554.4,77.0,35.1,1920,1080,0.13,519.2,572.0
Round3,Q3,504,504.0,CRUSADER_CARAVANS,0.6412,1689.8,383.8,115.8,15.5,1920,1080,0.087,1747.7,391.6
Round3,Q3,504,504.0,CRUSADER_CARAVANS,0.6105,498.9,178.9,87.5,23.3,1920,1080,0.098,542.7,190.6
Round3,Q3,504,504.0,CRUSADER_CARAVANS,0.5987,763.6,206.3,77.0,16.0,1920,1080,0.06,802.1,214.3
Round3,Q3,504,504.0,CRUSADER_CARAVANS,0.5779,69.9,625.6,68.5,45.5,1920,1080,0.15,104.1,648.3
Round3,Q3,504,504.0,CRUSADER_CARAVANS,0.5733,309.0,154.8,94.8,27.6,1920,1080,0.126,356.4,168.6
Round3,Q3,504,504.0,CRUSADER_CARAVANS,0.5726,479.9,550.1,145.0,39.7,1920,1080,0.278,552.4,570.0
Round3,Q3,504,504.0,CRUSADER_CARAVANS,0.5286,373.1,392.7,116.4,24.4,1920,1080,0.137,431.3,404.9
Round3,Q3,504,504.0,CRUSADER_CARAVANS,0.513,5.3,396.3,39.4,27.5,1920,1080,0.052,25.0,410.1
Round3,Q3,504,504.0,CRUSADER_CARAVANS,0.5092,204.5,141.0,104.5,28.8,1920,1080,0.145,256.8,155.4
Round3,Q3,504,504.0,CRUSADER_CARAVANS,0.5068,1166.9,387.5,105.3,18.8,1920,1080,0.095,1219.6,396.8
Round3,Q3,504,504.0,CRUSADER_CARAVANS,0.4981,218.8,393.9,126.3,26.4,1920,1080,0.161,281.9,407.1
Round3,Q3,504,504.0,CRUSADER_CARAVANS,0.4799,1323.4,235.6,77.4,12.0,1920,1080,0.045,1362.1,241.6
Round3,Q3,504,504.0,CRUSADER_CARAVANS,0.4676,0.0,393.2,12.4,30.5,1920,1080,0.018,6.2,408.5
Round3,Q3,504,504.0,CRUSADER_CARAVANS,0.4637,676.5,197.9,82.4,20.1,1920,1080,0.08,717.7,207.9
Round3,Q3,504,504.0,CRUSADER_CARAVANS,0.4618,1272.0,389.6,23.1,12.8,1920,1080,0.014,1283.6,396.0
Round3,Q3,504,504.0,CRUSADER_CARAVANS,0.4613,628.4,394.2,24.3,16.2,1920,1080,0.019,640.6,402.3
Round3,Q3,504,504.0,CRUSADER_CARAVANS,0.4466,1314.7,491.2,52.8,18.6,1920,1080,0.047,1341.1,500.5
Round3,Q3,504,504.0,CRUSADER_CARAVANS,0.4392,1399.6,388.6,22.4,14.6,1920,1080,0.016,1410.7,395.9
Round3,Q3,504,504.0,CRUSADER_CARAVANS,0.4271,1284.5,494.8,28.4,15.3,1920,1080,0.021,1298.7,502.4
Round3,Q3,504,504.0,CRUSADER_CARAVANS,0.4186,280.3,579.0,157.8,45.9,1920,1080,0.349,359.2,602.0
Round3,Q3,504,504.0,CRUSADER_CARAVANS,0.4174,1877.5,381.2,42.4,15.6,1920,1080,0.032,1898.7,389.0
Round3,Q3,504,504.0,CRUSADER_CARAVANS,0.4097,592.4,191.0,82.5,19.7,1920,1080,0.078,633.6,200.9
Round3,Q3,504,504.0,CRUSADER_CARAVANS,0.4093,1168.3,231.4,153.5,13.7,1920,1080,0.102,1245.0,238.3
Round3,Q3,504,504.0,CRUSADER_CARAVANS,0.4048,406.4,168.5,91.8,24.9,1920,1080,0.11,452.3,181.0
Round3,Q3,504,504.0,CRUSADER_CARAVANS,0.404,491.8,394.2,27.1,19.0,1920,1080,0.025,505.4,403.7
Round3,Q3,504,504.0,CRUSADER_CARAVANS,0.3882,190.4,397.6,28.2,22.0,1920,1080,0.03,204.5,408.6
Round3,Q3,504,504.0,CRUSADER_CARAVANS,0.3247,1528.9,386.7,25.7,13.4,1920,1080,0.017,1541.8,393.4
Round3,Q3,504,504.0,CRUSADER_CARAVANS,0.3094,848.4,212.3,74.4,16.5,1920,1080,0.059,885.6,220.6
Round3,Q3,505,505.0,CRUSADER_CARAVANS,0.8163,207.6,597.9,39.5,27.3,1920,1080,0.052,227.3,611.5
Round3,Q3,505,505.0,CRUSADER_CARAVANS,0.756,49.0,616.6,67.3,50.0,1920,1080,0.162,82.6,641.6
Round3,Q3,505,505.0,CRUSADER_CARAVANS,0.7461,1774.3,384.4,126.3,14.5,1920,1080,0.088,1837.5,391.6
Round3,Q3,505,505.0,CRUSADER_CARAVANS,0.7278,1472.8,387.3,105.4,14.3,1920,1080,0.073,1525.5,394.5
Round3,Q3,505,505.0,CRUSADER_CARAVANS,0.712,1224.9,389.8,104.2,15.1,1920,1080,0.076,1277.1,397.4
Round3,Q3,505,505.0,CRUSADER_CARAVANS,0.7083,1603.9,386.9,105.8,14.5,1920,1080,0.074,1656.8,394.2
Round3,Q3,505,505.0,CRUSADER_CARAVANS,0.7015,0.0,113.7,66.3,31.3,1920,1080,0.1,33.2,129.3
Round3,Q3,505,505.0,CRUSADER_CARAVANS,0.6989,1348.4,388.7,102.1,14.8,1920,1080,0.073,1399.4,396.1
Round3,Q3,505,505.0,CRUSADER_CARAVANS,0.6722,114.3,601.6,91.4,41.0,1920,1080,0.181,160.0,622.1
Round3,Q3,505,505.0,CRUSADER_CARAVANS,0.6555,441.5,547.5,144.0,38.2,1920,1080,0.265,513.5,566.6
Round3,Q3,505,505.0,CRUSADER_CARAVANS,0.6508,1850.0,471.0,69.8,16.4,1920,1080,0.055,1884.8,479.1
Round3,Q3,505,505.0,CRUSADER_CARAVANS,0.6374,18.4,395.6,141.0,28.0,1920,1080,0.191,89.0,409.6
Round3,Q3,505,505.0,CRUSADER_CARAVANS,0.6282,175.0,149.4,103.4,27.9,1920,1080,0.139,226.7,163.4
Round3,Q3,505,505.0,CRUSADER_CARAVANS,0.6214,66.4,128.7,109.4,33.8,1920,1080,0.179,121.1,145.6
Round3,Q3,505,505.0,CRUSADER_CARAVANS,0.6079,1674.1,472.6,140.7,17.2,1920,1080,0.117,1744.4,481.3
Round3,Q3,505,505.0,CRUSADER_CARAVANS,0.6037,482.8,394.1,105.4,19.8,1920,1080,0.101,535.5,403.9
Round3,Q3,505,505.0,CRUSADER_CARAVANS,0.5863,1818.7,471.5,35.2,15.6,1920,1080,0.026,1836.3,479.3
Round3,Q3,505,505.0,CRUSADER_CARAVANS,0.584,374.8,177.8,90.8,23.2,1920,1080,0.102,420.2,189.4
Round3,Q3,505,505.0,CRUSADER_CARAVANS,0.5804,337.4,394.6,115.6,22.3,1920,1080,0.124,395.2,405.8
Round3,Q3,505,505.0,CRUSADER_CARAVANS,0.5727,278.0,164.4,93.2,25.2,1920,1080,0.113,324.6,177.0
Round3,Q3,505,505.0,CRUSADER_CARAVANS,0.5656,1104.0,389.8,104.0,16.0,1920,1080,0.08,1156.0,397.9
Round3,Q3,505,505.0,CRUSADER_CARAVANS,0.5421,584.3,540.6,37.8,24.0,1920,1080,0.044,603.2,552.5
Round3,Q3,505,505.0,CRUSADER_CARAVANS,0.5402,0.0,400.2,20.0,23.5,1920,1080,0.023,10.0,412.0
Round3,Q3,505,505.0,CRUSADER_CARAVANS,0.4976,249.8,569.5,158.6,49.8,1920,1080,0.381,329.1,594.4
Round3,Q3,505,505.0,CRUSADER_CARAVANS,0.4738,161.8,398.6,28.9,21.0,1920,1080,0.029,176.2,409.1
Round3,Q3,505,505.0,CRUSADER_CARAVANS,0.4682,593.5,394.2,83.8,17.4,1920,1080,0.07,635.4,402.9
Round3,Q3,505,505.0,CRUSADER_CARAVANS,0.4473,190.3,395.4,123.6,24.6,1920,1080,0.147,252.1,407.7
Round3,Q3,505,505.0,CRUSADER_CARAVANS,0.4192,1901.5,383.3,18.5,13.3,1920,1080,0.012,1910.7,389.9
Round3,Q3,505,505.0,CRUSADER_CARAVANS,0.4021,1452.3,389.5,22.4,12.6,1920,1080,0.014,1463.5,395.8
Round3,Q3,505,505.0,CRUSADER_CARAVANS,0.3922,1549.9,476.2,102.6,16.0,1920,1080,0.079,1601.2,484.2
Round3,Q3,505,505.0,CRUSADER_CARAVANS,0.3846,406.7,564.4,35.4,25.3,1920,1080,0.043,424.4,577.0
Round3,Q3,505,505.0,CRUSADER_CARAVANS,0.3808,1105.5,239.5,149.6,13.7,1920,1080,0.099,1180.3,246.4
Round3,Q3,505,505.0,CRUSADER_CARAVANS,0.3346,1230.0,489.5,68.5,17.4,1920,1080,0.058,1264.3,498.2
Round3,Q3,505,505.0,CRUSADER_CARAVANS,0.3281,637.9,206.0,74.0,18.9,1920,1080,0.067,674.9,215.4
Round3,Q3,505,505.0,CRUSADER_CARAVANS,0.328,878.6,227.8,70.7,11.9,1920,1080,0.041,914.0,233.8
Round3,Q3,505,505.0,CRUSADER_CARAVANS,0.3213,589.5,395.0,24.4,16.3,1920,1080,0.019,601.7,403.1
Round3,Q3,505,505.0,CRUSADER_CARAVANS,0.309,456.3,396.1,26.5,17.0,1920,1080,0.022,469.5,404.6
Round3,Q3,506,506.0,CRUSADER_CARAVANS,0.8239,54.6,635.3,43.9,27.9,1920,1080,0.059,76.5,649.2
Round3,Q3,506,506.0,CRUSADER_CARAVANS,0.7871,270.8,600.3,36.0,24.6,1920,1080,0.043,288.7,612.6
Round3,Q3,506,506.0,CRUSADER_CARAVANS,0.7707,98.4,610.2,172.3,45.5,1920,1080,0.378,184.6,633.0
Round3,Q3,506,506.0,CRUSADER_CARAVANS,0.7524,1734.4,498.9,143.1,16.5,1920,1080,0.114,1805.9,507.1
Round3,Q3,506,506.0,CRUSADER_CARAVANS,0.7498,1485.7,415.0,107.8,15.1,1920,1080,0.079,1539.6,422.6
Round3,Q3,506,506.0,CRUSADER_CARAVANS,0.7469,1363.1,416.5,99.7,14.4,1920,1080,0.069,1413.0,423.7
Round3,Q3,506,506.0,CRUSADER_CARAVANS,0.7439,0.0,638.3,50.7,39.7,1920,1080,0.097,25.4,658.1
Round3,Q3,506,506.0,CRUSADER_CARAVANS,0.7435,350.4,422.1,109.1,20.1,1920,1080,0.106,405.0,432.2
Round3,Q3,506,506.0,CRUSADER_CARAVANS,0.739,1134.8,517.9,56.8,17.8,1920,1080,0.049,1163.2,526.8
Round3,Q3,506,506.0,CRUSADER_CARAVANS,0.7308,1657.7,414.1,118.7,14.6,1920,1080,0.083,1717.1,421.4
Round3,Q3,506,506.0,CRUSADER_CARAVANS,0.7249,1117.1,418.0,96.6,15.4,1920,1080,0.072,1165.5,425.7
Round3,Q3,506,506.0,CRUSADER_CARAVANS,0.7219,14.3,164.4,119.9,31.8,1920,1080,0.184,74.2,180.3
Round3,Q3,506,506.0,CRUSADER_CARAVANS,0.711,1418.8,506.0,119.0,15.5,1920,1080,0.089,1478.3,513.7
Round3,Q3,506,506.0,CRUSADER_CARAVANS,0.7054,19.3,423.2,154.2,25.1,1920,1080,0.187,96.4,435.8
Round3,Q3,506,506.0,CRUSADER_CARAVANS,0.696,201.6,422.4,117.5,23.1,1920,1080,0.131,260.4,433.9
Round3,Q3,506,506.0,CRUSADER_CARAVANS,0.6819,1805.9,411.1,113.7,13.6,1920,1080,0.074,1862.7,417.9
Round3,Q3,506,506.0,CRUSADER_CARAVANS,0.6686,990.9,418.0,100.5,17.0,1920,1080,0.082,1041.2,426.5
Round3,Q3,506,506.0,CRUSADER_CARAVANS,0.666,285.6,583.6,95.7,38.2,1920,1080,0.176,333.4,602.7
Round3,Q3,506,506.0,CRUSADER_CARAVANS,0.6611,1237.6,417.4,98.7,14.7,1920,1080,0.07,1287.0,424.7
Round3,Q3,506,506.0,CRUSADER_CARAVANS,0.6123,1881.8,498.5,37.8,16.3,1920,1080,0.03,1900.7,506.7
Round3,Q3,506,506.0,CRUSADER_CARAVANS,0.5807,1777.0,413.8,25.2,11.7,1920,1080,0.014,1789.6,419.7
Round3,Q3,506,506.0,CRUSADER_CARAVANS,0.5653,1464.2,417.1,21.6,12.4,1920,1080,0.013,1475.1,423.3
Round3,Q3,506,506.0,CRUSADER_CARAVANS,0.5569,1699.3,500.2,36.5,15.4,1920,1080,0.027,1717.5,507.9
Round3,Q3,506,506.0,CRUSADER_CARAVANS,0.5412,424.9,221.1,83.2,20.0,1920,1080,0.08,466.4,231.1
Round3,Q3,506,506.0,CRUSADER_CARAVANS,0.5211,134.0,180.6,96.1,29.2,1920,1080,0.135,182.0,195.2
Round3,Q3,506,506.0,CRUSADER_CARAVANS,0.5133,1785.6,277.7,134.4,10.8,1920,1080,0.07,1852.8,283.1
Round3,Q3,506,506.0,CRUSADER_CARAVANS,0.501,1338.7,417.9,22.8,13.3,1920,1080,0.015,1350.1,424.5
Round3,Q3,506,506.0,CRUSADER_CARAVANS,0.5007,1215.2,418.7,22.5,13.7,1920,1080,0.015,1226.4,425.5
Round3,Q3,506,506.0,CRUSADER_CARAVANS,0.4964,459.6,423.6,25.0,16.9,1920,1080,0.02,472.1,432.0
Round3,Q3,506,506.0,CRUSADER_CARAVANS,0.4837,171.4,424.5,29.3,20.1,1920,1080,0.028,186.0,434.6
Round3,Q3,506,506.0,CRUSADER_CARAVANS,0.4717,3.5,425.7,35.5,22.9,1920,1080,0.039,21.2,437.1
Round3,Q3,506,506.0,CRUSADER_CARAVANS,0.4714,1093.6,419.6,22.7,12.9,1920,1080,0.014,1104.9,426.1
Round3,Q3,506,506.0,CRUSADER_CARAVANS,0.4464,379.9,578.0,76.4,31.9,1920,1080,0.117,418.1,593.9
Round3,Q3,506,506.0,CRUSADER_CARAVANS,0.4453,1288.9,510.6,100.1,16.9,1920,1080,0.081,1339.0,519.0
Round3,Q3,506,506.0,CRUSADER_CARAVANS,0.4439,1392.0,509.2,26.6,15.1,1920,1080,0.019,1405.3,516.7
Round3,Q3,506,506.0,CRUSADER_CARAVANS,0.4339,1107.9,521.8,25.9,15.9,1920,1080,0.02,1120.8,529.8
Round3,Q3,506,506.0,CRUSADER_CARAVANS,0.4274,1573.0,501.1,123.9,16.8,1920,1080,0.1,1635.0,509.5
Round3,Q3,506,506.0,CRUSADER_CARAVANS,0.4036,765.8,252.7,66.9,12.4,1920,1080,0.04,799.3,258.9
Round3,Q3,506,506.0,CRUSADER_CARAVANS,0.3833,995.4,265.0,71.8,12.0,1920,1080,0.042,1031.3,271.0
Round3,Q3,506,506.0,CRUSADER_CARAVANS,0.3826,1380.7,277.5,67.5,10.4,1920,1080,0.034,1414.5,282.7
Round3,Q3,506,506.0,CRUSADER_CARAVANS,0.3637,486.1,422.3,68.7,17.9,1920,1080,0.059,520.4,431.3
Round3,Q3,506,506.0,CRUSADER_CARAVANS,0.3582,510.7,229.3,79.2,19.8,1920,1080,0.076,550.3,239.2
Round3,Q3,506,506.0,CRUSADER_CARAVANS,0.337,320.8,423.8,28.1,19.1,1920,1080,0.026,334.9,433.4
Round3,Q3,506,506.0,CRUSADER_CARAVANS,0.3312,455.4,571.9,48.3,26.4,1920,1080,0.061,479.5,585.1
Round3,Q3,507,507.0,CRUSADER_CARAVANS,0.7934,0.1,446.7,148.6,28.1,1920,1080,0.201,74.4,460.8
Round3,Q3,507,507.0,CRUSADER_CARAVANS,0.7737,0.0,663.4,83.6,41.8,1920,1080,0.169,41.8,684.3
Round3,Q3,507,507.0,CRUSADER_CARAVANS,0.7656,132.1,634.5,179.2,51.0,1920,1080,0.441,221.7,660.0
Round3,Q3,507,507.0,CRUSADER_CARAVANS,0.7316,1460.0,546.7,134.4,19.2,1920,1080,0.125,1527.2,556.4
Round3,Q3,507,507.0,CRUSADER_CARAVANS,0.7268,1739.2,437.9,141.6,16.2,1920,1080,0.11,1810.0,446.0
Round3,Q3,507,507.0,CRUSADER_CARAVANS,0.7156,88.3,660.9,41.2,26.3,1920,1080,0.052,108.9,674.1
Round3,Q3,507,507.0,CRUSADER_CARAVANS,0.707,186.9,447.2,133.6,24.7,1920,1080,0.159,253.7,459.5
Round3,Q3,507,507.0,CRUSADER_CARAVANS,0.7013,312.1,629.1,42.5,28.6,1920,1080,0.059,333.4,643.5
Round3,Q3,507,507.0,CRUSADER_CARAVANS,0.6989,1243.1,442.3,115.3,18.3,1920,1080,0.102,1300.8,451.5
Round3,Q3,507,507.0,CRUSADER_CARAVANS,0.6976,490.2,230.2,86.4,20.4,1920,1080,0.085,533.4,240.4
Round3,Q3,507,507.0,CRUSADER_CARAVANS,0.6969,380.6,219.1,99.0,23.2,1920,1080,0.111,430.1,230.7
Round3,Q3,507,507.0,CRUSADER_CARAVANS,0.6925,270.9,208.3,104.4,23.5,1920,1080,0.118,323.1,220.0
Round3,Q3,507,507.0,CRUSADER_CARAVANS,0.6846,1536.5,440.4,122.5,16.6,1920,1080,0.098,1597.8,448.7
Round3,Q3,507,507.0,CRUSADER_CARAVANS,0.6843,1100.2,443.0,116.7,18.7,1920,1080,0.105,1158.5,452.3
Round3,Q3,507,507.0,CRUSADER_CARAVANS,0.6825,772.0,253.2,85.0,15.1,1920,1080,0.062,814.5,260.8
Round3,Q3,507,507.0,CRUSADER_CARAVANS,0.6739,164.3,192.8,107.1,28.5,1920,1080,0.147,217.9,207.1
Round3,Q3,507,507.0,CRUSADER_CARAVANS,0.6593,687.1,247.4,77.3,16.0,1920,1080,0.06,725.8,255.4
Round3,Q3,507,507.0,CRUSADER_CARAVANS,0.6474,1385.3,440.8,121.3,16.2,1920,1080,0.095,1445.9,449.0
Round3,Q3,507,507.0,CRUSADER_CARAVANS,0.6466,1360.9,442.8,27.6,14.2,1920,1080,0.019,1374.8,449.9
Round3,Q3,507,507.0,CRUSADER_CARAVANS,0.6303,151.9,449.4,33.5,21.8,1920,1080,0.035,168.6,460.4
Round3,Q3,507,507.0,CRUSADER_CARAVANS,0.6175,1051.7,266.9,76.6,13.9,1920,1080,0.052,1090.0,273.9
Round3,Q3,507,507.0,CRUSADER_CARAVANS,0.6093,1831.9,538.8,87.5,20.6,1920,1080,0.087,1875.6,549.0
Round3,Q3,507,507.0,CRUSADER_CARAVANS,0.5884,1508.1,441.6,27.2,14.1,1920,1080,0.018,1521.7,448.7
Round3,Q3,507,507.0,CRUSADER_CARAVANS,0.5726,1215.7,444.5,25.3,14.2,1920,1080,0.017,1228.4,451.6
Round3,Q3,507,507.0,CRUSADER_CARAVANS,0.5528,320.1,449.4,30.2,18.4,1920,1080,0.027,335.2,458.6
Round3,Q3,507,507.0,CRUSADER_CARAVANS,0.5497,958.7,264.1,79.8,12.9,1920,1080,0.05,998.6,270.6
Round3,Q3,507,507.0,CRUSADER_CARAVANS,0.5398,1131.3,270.5,87.5,12.8,1920,1080,0.054,1175.1,276.9
Round3,Q3,507,507.0,CRUSADER_CARAVANS,0.5351,1230.7,272.6,77.7,13.1,1920,1080,0.049,1269.5,279.2
Round3,Q3,507,507.0,CRUSADER_CARAVANS,0.5238,1608.9,543.3,182.4,17.0,1920,1080,0.149,1700.1,551.8
Round3,Q3,507,507.0,CRUSADER_CARAVANS,0.5209,2.5,166.4,159.8,42.0,1920,1080,0.323,82.4,187.4
Round3,Q3,507,507.0,CRUSADER_CARAVANS,0.5022,1881.4,437.1,34.8,14.7,1920,1080,0.025,1898.8,444.4
Round3,Q3,507,507.0,CRUSADER_CARAVANS,0.5006,580.8,238.8,92.0,18.4,1920,1080,0.082,626.8,248.0
Round3,Q3,507,507.0,CRUSADER_CARAVANS,0.4884,1505.7,279.0,81.7,11.7,1920,1080,0.046,1546.6,284.8
Round3,Q3,507,507.0,CRUSADER_CARAVANS,0.463,1072.7,444.7,26.6,14.5,1920,1080,0.019,1086.0,452.0
Round3,Q3,507,507.0,CRUSADER_CARAVANS,0.4365,1120.6,561.3,66.1,21.3,1920,1080,0.068,1153.6,571.9
Round3,Q3,507,507.0,CRUSADER_CARAVANS,0.4106,1315.5,275.0,174.7,15.0,1920,1080,0.126,1402.8,282.5
Round3,Q3,509,509.0,EMIRATES,0.8415,948.5,398.0,36.2,11.2,1920,1080,0.02,966.6,403.7
Round3,Q3,510,510.0,EMIRATES,0.4671,542.3,325.3,20.6,17.6,1920,1080,0.017,552.6,334.1
Round3,Q3,511,511.0,EMIRATES,0.4337,1237.9,569.6,49.9,37.7,1920,1080,0.091,1262.9,588.5
Round3,Q3,512,512.0,CRUSADER_CARAVANS,0.8382,1594.1,239.8,160.0,39.0,1920,1080,0.301,1674.1,259.3
Round3,Q3,512,512.0,CRUSADER_CARAVANS,0.7963,1756.7,259.1,156.6,45.2,1920,1080,0.342,1835.0,281.7
Round3,Q3,512,512.0,CRUSADER_CARAVANS,0.7868,1425.3,225.2,162.7,32.2,1920,1080,0.253,1506.6,241.3
Round3,Q3,512,512.0,CRUSADER_CARAVANS,0.7696,444.4,169.7,193.1,23.9,1920,1080,0.222,541.0,181.7
Round3,Q3,512,512.0,CRUSADER_CARAVANS,0.7669,229.4,162.3,207.8,24.3,1920,1080,0.243,333.2,174.5
Round3,Q3,512,512.0,CRUSADER_CARAVANS,0.756,835.7,186.6,183.3,25.4,1920,1080,0.224,927.4,199.3
Round3,Q3,512,512.0,CRUSADER_CARAVANS,0.7556,465.1,289.9,170.3,25.4,1920,1080,0.208,550.3,302.6
Round3,Q3,512,512.0,CRUSADER_CARAVANS,0.7473,234.6,282.5,188.4,21.1,1920,1080,0.192,328.8,293.1
Round3,Q3,512,512.0,CRUSADER_CARAVANS,0.7448,677.8,304.3,163.7,26.5,1920,1080,0.209,759.7,317.6
Round3,Q3,512,512.0,CRUSADER_CARAVANS,0.719,643.5,177.5,186.7,24.7,1920,1080,0.222,736.8,189.9
Round3,Q3,512,512.0,CRUSADER_CARAVANS,0.7093,881.0,320.0,157.3,31.7,1920,1080,0.24,959.7,335.8
Round3,Q3,512,512.0,CRUSADER_CARAVANS,0.6902,1029.0,195.8,172.6,28.4,1920,1080,0.236,1115.3,210.0
Round3,Q3,512,512.0,CRUSADER_CARAVANS,0.6757,1459.5,396.9,149.0,53.6,1920,1080,0.385,1534.1,423.7
Round3,Q3,512,512.0,CRUSADER_CARAVANS,0.6692,0.4,272.3,174.6,23.6,1920,1080,0.199,87.6,284.1
Round3,Q3,512,512.0,CRUSADER_CARAVANS,0.664,1305.9,214.4,117.4,27.8,1920,1080,0.157,1364.6,228.3
Round3,Q3,512,512.0,CRUSADER_CARAVANS,0.6595,844.6,316.5,34.3,19.9,1920,1080,0.033,861.7,326.4
Round3,Q3,512,512.0,CRUSADER_CARAVANS,0.6481,639.4,301.9,34.4,17.5,1920,1080,0.029,656.6,310.7
Round3,Q3,512,512.0,CRUSADER_CARAVANS,0.6308,47.8,155.9,176.9,23.3,1920,1080,0.199,136.2,167.6
Round3,Q3,512,512.0,CRUSADER_CARAVANS,0.5605,427.4,289.0,37.3,18.0,1920,1080,0.032,446.0,298.0
Round3,Q3,512,512.0,CRUSADER_CARAVANS,0.5249,1271.8,367.2,151.9,40.1,1920,1080,0.294,1347.8,387.3
Round3,Q3,512,512.0,CRUSADER_CARAVANS,0.5116,1610.1,433.2,33.2,27.1,1920,1080,0.043,1626.7,446.8
Round3,Q3,512,512.0,CRUSADER_CARAVANS,0.5044,0.7,153.8,42.6,17.4,1920,1080,0.036,22.0,162.4
Round3,Q3,512,512.0,CRUSADER_CARAVANS,0.4802,189.9,278.8,41.5,18.6,1920,1080,0.037,210.7,288.1
Round3,Q3,512,512.0,CRUSADER_CARAVANS,0.4621,1644.3,438.5,152.5,72.7,1920,1080,0.535,1720.5,474.9
Round3,Q3,512,512.0,CRUSADER_CARAVANS,0.4248,443.1,170.7,35.5,17.0,1920,1080,0.029,460.9,179.2
Round3,Q3,512,512.0,CRUSADER_CARAVANS,0.4177,1426.7,393.9,33.5,24.5,1920,1080,0.039,1443.4,406.1
Round3,Q3,512,512.0,CRUSADER_CARAVANS,0.3737,1185.6,2.9,83.3,11.9,1920,1080,0.048,1227.3,8.9
Round3,Q3,512,512.0,CRUSADER_CARAVANS,0.369,641.9,177.4,34.6,18.5,1920,1080,0.031,659.2,186.7
Round3,Q3,512,512.0,CRUSADER_CARAVANS,0.3611,229.6,162.9,37.4,17.0,1920,1080,0.031,248.2,171.4
Round3,Q3,512,512.0,CRUSADER_CARAVANS,0.3281,1038.5,336.7,35.3,21.6,1920,1080,0.037,1056.2,347.5
Round3,Q3,513,513.0,CRUSADER_CARAVANS,0.856,1562.5,282.6,190.9,43.6,1920,1080,0.402,1658.0,304.4
Round3,Q3,513,513.0,CRUSADER_CARAVANS,0.826,1759.7,303.5,160.3,51.9,1920,1080,0.401,1839.9,329.5
Round3,Q3,513,513.0,CRUSADER_CARAVANS,0.81,455.0,361.2,192.1,35.4,1920,1080,0.328,551.0,378.8
Round3,Q3,513,513.0,CRUSADER_CARAVANS,0.8069,1358.3,264.3,194.2,38.2,1920,1080,0.357,1455.4,283.4
Round3,Q3,513,513.0,CRUSADER_CARAVANS,0.7878,176.2,345.2,219.2,33.0,1920,1080,0.348,285.8,361.7
Round3,Q3,513,513.0,CRUSADER_CARAVANS,0.7654,876.9,232.4,209.4,30.2,1920,1080,0.304,981.6,247.5
Round3,Q3,513,513.0,CRUSADER_CARAVANS,0.7601,402.1,207.5,231.6,28.7,1920,1080,0.32,517.9,221.8
Round3,Q3,513,513.0,CRUSADER_CARAVANS,0.7555,138.2,194.5,257.0,30.1,1920,1080,0.373,266.7,209.5
Round3,Q3,513,513.0,CRUSADER_CARAVANS,0.7292,1361.0,465.0,40.7,30.1,1920,1080,0.059,1381.3,480.1
Round3,Q3,513,513.0,CRUSADER_CARAVANS,0.729,669.6,222.2,193.8,25.9,1920,1080,0.242,766.4,235.2
Round3,Q3,513,513.0,CRUSADER_CARAVANS,0.7265,701.2,380.1,190.1,37.8,1920,1080,0.347,796.3,399.0
Round3,Q3,513,513.0,CRUSADER_CARAVANS,0.7208,0.6,185.5,130.4,27.3,1920,1080,0.172,65.8,199.1
Round3,Q3,513,513.0,CRUSADER_CARAVANS,0.7163,1406.1,472.7,171.2,58.2,1920,1080,0.481,1491.7,501.9
Round3,Q3,513,513.0,CRUSADER_CARAVANS,0.7072,1173.5,434.8,182.7,49.7,1920,1080,0.438,1264.8,459.6
Round3,Q3,513,513.0,CRUSADER_CARAVANS,0.702,653.0,375.6,41.8,24.5,1920,1080,0.049,673.9,387.8
Round3,Q3,513,513.0,CRUSADER_CARAVANS,0.7011,398.6,357.7,45.4,22.5,1920,1080,0.049,421.3,368.9
Round3,Q3,513,513.0,CRUSADER_CARAVANS,0.649,1218.3,252.9,135.0,30.5,1920,1080,0.199,1285.8,268.2
Round3,Q3,513,513.0,CRUSADER_CARAVANS,0.648,125.5,341.0,45.8,23.2,1920,1080,0.051,148.4,352.5
Round3,Q3,513,513.0,CRUSADER_CARAVANS,0.6323,891.7,399.2,41.9,27.0,1920,1080,0.054,912.7,412.7
Round3,Q3,513,513.0,CRUSADER_CARAVANS,0.6095,641.5,218.6,41.6,19.8,1920,1080,0.04,662.3,228.5
Round3,Q3,513,513.0,CRUSADER_CARAVANS,0.5922,399.5,207.6,42.3,19.6,1920,1080,0.04,420.7,217.4
Round3,Q3,513,513.0,CRUSADER_CARAVANS,0.592,0.2,331.4,122.0,29.3,1920,1080,0.173,61.2,346.0
Round3,Q3,513,513.0,CRUSADER_CARAVANS,0.4821,1811.0,580.2,39.3,39.0,1920,1080,0.074,1830.6,599.6
Round3,Q3,513,513.0,CRUSADER_CARAVANS,0.4521,1583.6,513.5,38.8,33.5,1920,1080,0.063,1603.0,530.3
Round3,Q3,513,513.0,CRUSADER_CARAVANS,0.4379,868.5,231.9,40.0,19.7,1920,1080,0.038,888.5,241.7
Round3,Q3,513,513.0,CRUSADER_CARAVANS,0.4046,1357.3,264.5,36.1,22.6,1920,1080,0.039,1375.3,275.8
Round3,Q3,513,513.0,CRUSADER_CARAVANS,0.3201,142.0,195.5,47.5,20.6,1920,1080,0.047,165.8,205.8
Round3,Q3,514,514.0,EMIRATES,0.8768,181.6,589.7,71.4,26.8,1920,1080,0.092,217.3,603.0
Round3,Q3,515,515.0,CRUSADER_CARAVANS,0.8179,1653.5,241.8,207.0,44.1,1920,1080,0.441,1757.0,263.9
Round3,Q3,515,515.0,CRUSADER_CARAVANS,0.7994,0.7,142.5,162.9,28.6,1920,1080,0.224,82.1,156.8
Round3,Q3,515,515.0,CRUSADER_CARAVANS,0.7777,207.5,310.8,228.7,27.6,1920,1080,0.304,321.9,324.5
Round3,Q3,515,515.0,CRUSADER_CARAVANS,0.7773,702.2,340.3,43.8,25.9,1920,1080,0.055,724.1,353.2
Round3,Q3,515,515.0,CRUSADER_CARAVANS,0.7701,493.7,325.9,202.4,33.5,1920,1080,0.327,594.9,342.6
Round3,Q3,515,515.0,CRUSADER_CARAVANS,0.7635,1488.5,442.7,182.1,60.1,1920,1080,0.527,1579.6,472.7
Round3,Q3,515,515.0,CRUSADER_CARAVANS,0.7608,191.6,155.1,242.5,29.2,1920,1080,0.341,312.8,169.7
Round3,Q3,515,515.0,CRUSADER_CARAVANS,0.7591,950.6,192.7,204.4,30.4,1920,1080,0.3,1052.8,207.9
Round3,Q3,515,515.0,CRUSADER_CARAVANS,0.757,440.8,167.3,242.5,27.7,1920,1080,0.324,562.0,181.1
Round3,Q3,515,515.0,CRUSADER_CARAVANS,0.7554,1440.4,224.5,205.5,37.8,1920,1080,0.375,1543.1,243.4
Round3,Q3,515,515.0,CRUSADER_CARAVANS,0.703,1441.5,433.2,43.2,33.3,1920,1080,0.069,1463.1,449.8
Round3,Q3,515,515.0,CRUSADER_CARAVANS,0.6921,1301.9,212.3,132.7,32.3,1920,1080,0.207,1368.2,228.5
Round3,Q3,515,515.0,CRUSADER_CARAVANS,0.6827,442.1,320.5,41.5,24.2,1920,1080,0.049,462.9,332.6
Round3,Q3,515,515.0,CRUSADER_CARAVANS,0.6602,1677.4,482.8,41.7,33.6,1920,1080,0.067,1698.2,499.6
Round3,Q3,515,515.0,CRUSADER_CARAVANS,0.6601,738.6,179.3,185.5,29.4,1920,1080,0.263,831.4,194.0
Round3,Q3,515,515.0,CRUSADER_CARAVANS,0.6399,690.6,177.4,42.3,20.6,1920,1080,0.042,711.8,187.7
Round3,Q3,515,515.0,CRUSADER_CARAVANS,0.6364,0.0,297.9,149.9,24.3,1920,1080,0.176,75.0,310.0
Round3,Q3,515,515.0,CRUSADER_CARAVANS,0.6215,1865.9,264.2,48.0,30.2,1920,1080,0.07,1889.9,279.3
Round3,Q3,515,515.0,CRUSADER_CARAVANS,0.5829,156.9,304.3,47.6,23.2,1920,1080,0.053,180.7,315.9
Round3,Q3,515,515.0,CRUSADER_CARAVANS,0.5776,439.3,165.8,42.8,20.5,1920,1080,0.042,460.7,176.1
Round3,Q3,515,515.0,CRUSADER_CARAVANS,0.5536,749.0,345.9,199.7,38.1,1920,1080,0.367,848.8,365.0
Round3,Q3,515,515.0,CRUSADER_CARAVANS,0.5293,173.2,152.3,48.1,21.7,1920,1080,0.05,197.2,163.2
Round3,Q3,515,515.0,CRUSADER_CARAVANS,0.5142,950.5,364.5,41.8,30.5,1920,1080,0.061,971.4,379.7
Round3,Q3,515,515.0,CRUSADER_CARAVANS,0.4695,1160.0,204.2,83.7,26.7,1920,1080,0.108,1201.9,217.5
Round3,Q3,515,515.0,CRUSADER_CARAVANS,0.4391,929.2,191.2,38.7,20.4,1920,1080,0.038,948.6,201.4
Round3,Q3,515,515.0,CRUSADER_CARAVANS,0.4079,1439.5,224.3,39.6,24.2,1920,1080,0.046,1459.3,236.4
Round3,Q3,515,515.0,CRUSADER_CARAVANS,0.3249,1724.3,491.3,195.7,87.9,1920,1080,0.829,1822.2,535.3
Round3,Q3,516,516.0,CRUSADER_CARAVANS,0.8201,1590.8,265.5,195.9,42.6,1920,1080,0.402,1688.8,286.8
Round3,Q3,516,516.0,CRUSADER_CARAVANS,0.8081,0.9,168.0,160.1,29.8,1920,1080,0.23,80.9,182.9
Round3,Q3,516,516.0,CRUSADER_CARAVANS,0.7961,204.6,331.2,215.2,24.6,1920,1080,0.255,312.2,343.5
Round3,Q3,516,516.0,CRUSADER_CARAVANS,0.7597,939.7,217.6,174.8,28.7,1920,1080,0.242,1027.1,232.0
Round3,Q3,516,516.0,CRUSADER_CARAVANS,0.7496,1791.6,287.7,127.7,43.7,1920,1080,0.269,1855.4,309.6
Round3,Q3,516,516.0,CRUSADER_CARAVANS,0.7385,1386.4,248.4,198.6,37.0,1920,1080,0.354,1485.7,266.9
Round3,Q3,516,516.0,CRUSADER_CARAVANS,0.7253,467.9,193.5,191.9,26.8,1920,1080,0.248,563.8,206.9
Round3,Q3,516,516.0,CRUSADER_CARAVANS,0.7108,1389.2,449.3,40.5,29.5,1920,1080,0.058,1409.4,464.0
Round3,Q3,516,516.0,CRUSADER_CARAVANS,0.6954,224.4,182.7,195.2,26.2,1920,1080,0.247,322.0,195.8
Round3,Q3,516,516.0,CRUSADER_CARAVANS,0.665,916.7,383.2,42.0,24.9,1920,1080,0.051,937.7,395.7
Round3,Q3,516,516.0,CRUSADER_CARAVANS,0.649,1200.6,418.1,185.5,50.3,1920,1080,0.45,1293.3,443.2
Round3,Q3,516,516.0,CRUSADER_CARAVANS,0.6476,0.0,314.4,146.9,30.3,1920,1080,0.215,73.4,329.6
Round3,Q3,516,516.0,CRUSADER_CARAVANS,0.6409,713.5,206.2,179.4,26.6,1920,1080,0.23,803.1,219.5
Round3,Q3,516,516.0,CRUSADER_CARAVANS,0.6325,1260.1,237.5,121.4,30.5,1920,1080,0.179,1320.8,252.8
Round3,Q3,516,516.0,CRUSADER_CARAVANS,0.6182,668.0,203.5,39.9,19.8,1920,1080,0.038,688.0,213.4
Round3,Q3,516,516.0,CRUSADER_CARAVANS,0.5747,476.4,345.9,165.7,31.5,1920,1080,0.252,559.3,361.6
Round3,Q3,516,516.0,CRUSADER_CARAVANS,0.5683,1422.7,456.2,179.3,62.0,1920,1080,0.536,1512.4,487.2
Round3,Q3,516,516.0,CRUSADER_CARAVANS,0.5662,424.4,341.0,44.3,23.8,1920,1080,0.051,446.6,352.9
Round3,Q3,516,516.0,CRUSADER_CARAVANS,0.5603,170.7,180.5,44.4,20.8,1920,1080,0.044,192.9,190.9
Round3,Q3,516,516.0,CYBERCX,0.5247,1886.6,576.7,33.3,43.5,1920,1080,0.07,1903.3,598.5
Round3,Q3,516,516.0,CRUSADER_CARAVANS,0.5188,425.0,192.3,42.7,19.7,1920,1080,0.041,446.4,202.1
Round3,Q3,516,516.0,CRUSADER_CARAVANS,0.5069,716.2,365.6,202.8,35.7,1920,1080,0.349,817.7,383.4
Round3,Q3,516,516.0,CRUSADER_CARAVANS,0.3985,952.7,389.5,168.9,40.2,1920,1080,0.327,1037.1,409.6
Round3,Q3,516,516.0,CRUSADER_CARAVANS,0.3601,899.1,217.9,36.0,18.5,1920,1080,0.032,917.1,227.1
Round3,Q3,516,516.0,CRUSADER_CARAVANS,0.3478,1122.2,229.5,83.4,26.1,1920,1080,0.105,1163.9,242.5
Round3,Q3,516,516.0,CRUSADER_CARAVANS,0.3183,1654.7,504.8,184.9,80.9,1920,1080,0.721,1747.1,545.3
Round3,Q3,516,516.0,CRUSADER_CARAVANS,0.3002,678.8,361.0,42.5,24.3,1920,1080,0.05,700.0,373.1
Round3,Q3,517,517.0,CRUSADER_CARAVANS,0.8247,1733.2,312.0,182.7,49.3,1920,1080,0.435,1824.5,336.7
Round3,Q3,517,517.0,CRUSADER_CARAVANS,0.7888,1539.2,290.6,188.3,41.8,1920,1080,0.38,1633.3,311.5
Round3,Q3,517,517.0,CRUSADER_CARAVANS,0.775,413.3,219.0,222.1,27.7,1920,1080,0.296,524.4,232.8
Round3,Q3,517,517.0,CRUSADER_CARAVANS,0.7704,0.0,198.5,148.0,27.0,1920,1080,0.193,74.0,212.0
Round3,Q3,517,517.0,CRUSADER_CARAVANS,0.7674,211.5,211.9,189.6,24.3,1920,1080,0.222,306.3,224.0
Round3,Q3,517,517.0,CRUSADER_CARAVANS,0.7621,1342.3,273.9,191.2,36.2,1920,1080,0.334,1437.9,292.0
Round3,Q3,517,517.0,CRUSADER_CARAVANS,0.7602,457.5,369.3,198.1,31.6,1920,1080,0.302,556.5,385.1
Round3,Q3,517,517.0,CRUSADER_CARAVANS,0.7293,870.5,241.2,208.1,31.6,1920,1080,0.317,974.5,257.0
Round3,Q3,517,517.0,CRUSADER_CARAVANS,0.725,683.7,233.3,179.5,25.5,1920,1080,0.221,773.5,246.1
Round3,Q3,517,517.0,CRUSADER_CARAVANS,0.7249,0.6,340.5,128.8,28.8,1920,1080,0.179,65.0,354.9
Round3,Q3,517,517.0,CRUSADER_CARAVANS,0.7224,941.7,409.7,167.0,42.9,1920,1080,0.346,1025.2,431.2
Round3,Q3,517,517.0,CRUSADER_CARAVANS,0.7037,1561.9,11.1,100.4,15.8,1920,1080,0.077,1612.1,19.0
Round3,Q3,517,517.0,CRUSADER_CARAVANS,0.6724,1814.5,2.4,99.8,18.4,1920,1080,0.088,1864.4,11.6
Round3,Q3,517,517.0,CRUSADER_CARAVANS,0.6709,1386.5,474.4,161.5,58.6,1920,1080,0.457,1467.3,503.7
Round3,Q3,517,517.0,CRUSADER_CARAVANS,0.6666,1684.7,8.1,105.5,15.8,1920,1080,0.08,1737.4,16.0
Round3,Q3,517,517.0,CRUSADER_CARAVANS,0.6633,157.9,208.2,44.1,20.1,1920,1080,0.043,179.9,218.2
Round3,Q3,517,517.0,CRUSADER_CARAVANS,0.6618,643.7,229.7,38.8,20.2,1920,1080,0.038,663.1,239.8
Round3,Q3,517,517.0,CRUSADER_CARAVANS,0.6317,1121.8,429.4,135.2,46.0,1920,1080,0.3,1189.4,452.3
Round3,Q3,517,517.0,CRUSADER_CARAVANS,0.6249,1560.1,513.2,139.7,67.6,1920,1080,0.456,1629.9,547.0
Round3,Q3,517,517.0,CRUSADER_CARAVANS,0.619,1188.0,15.3,101.3,13.5,1920,1080,0.066,1238.7,22.1
Round3,Q3,517,517.0,CRUSADER_CARAVANS,0.6042,1314.4,15.1,98.0,13.6,1920,1080,0.064,1363.4,21.9
Round3,Q3,517,517.0,CRUSADER_CARAVANS,0.6033,180.0,353.9,222.1,27.9,1920,1080,0.299,291.0,367.8
Round3,Q3,517,517.0,CRUSADER_CARAVANS,0.5982,1434.3,13.2,102.6,14.4,1920,1080,0.071,1485.6,20.4
Round3,Q3,517,517.0,CRUSADER_CARAVANS,0.5842,1067.6,15.2,98.2,12.9,1920,1080,0.061,1116.7,21.7
Round3,Q3,517,517.0,CRUSADER_CARAVANS,0.5838,1267.7,452.7,73.5,36.1,1920,1080,0.128,1304.4,470.7
Round3,Q3,517,517.0,CRUSADER_CARAVANS,0.5759,406.1,365.1,42.2,21.5,1920,1080,0.044,427.2,375.8
Round3,Q3,517,517.0,CRUSADER_CARAVANS,0.5706,942.1,13.0,104.0,13.6,1920,1080,0.068,994.1,19.8
Round3,Q3,517,517.0,CRUSADER_CARAVANS,0.5593,569.2,5.8,103.6,14.5,1920,1080,0.073,621.0,13.0
Round3,Q3,517,517.0,CRUSADER_CARAVANS,0.5521,1224.6,262.9,112.8,30.1,1920,1080,0.163,1281.0,277.9
Round3,Q3,517,517.0,CRUSADER_CARAVANS,0.5473,406.4,219.9,41.6,18.7,1920,1080,0.038,427.3,229.2
Round3,Q3,517,517.0,CRUSADER_CARAVANS,0.5439,691.8,8.7,107.2,14.6,1920,1080,0.075,745.4,16.0
Round3,Q3,517,517.0,CRUSADER_CARAVANS,0.5409,138.7,349.2,46.6,22.7,1920,1080,0.051,162.0,360.6
Round3,Q3,517,517.0,CRUSADER_CARAVANS,0.5179,1820.0,587.4,100.0,70.7,1920,1080,0.341,1870.0,622.7
Round3,Q3,517,517.0,CRUSADER_CARAVANS,0.5121,1343.9,466.2,39.4,31.0,1920,1080,0.059,1363.6,481.7
Round3,Q3,517,517.0,CRUSADER_CARAVANS,0.4755,1083.4,255.6,39.5,20.9,1920,1080,0.04,1103.2,266.0
Round3,Q3,517,517.0,CRUSADER_CARAVANS,0.4426,1084.0,255.4,86.0,22.8,1920,1080,0.094,1127.0,266.8
Round3,Q3,517,517.0,CRUSADER_CARAVANS,0.3699,819.4,11.3,103.3,14.3,1920,1080,0.071,871.1,18.5
Round3,Q3,517,517.0,CRUSADER_CARAVANS,0.3478,1539.0,291.3,37.0,23.9,1920,1080,0.043,1557.5,303.3
Round3,Q3,517,517.0,CRUSADER_CARAVANS,0.3313,436.4,2.9,110.4,13.3,1920,1080,0.071,491.7,9.5
Round3,Q3,517,517.0,CRUSADER_CARAVANS,0.3158,661.6,382.7,149.5,33.6,1920,1080,0.242,736.4,399.5
Round3,Q3,518,518.0,CRUSADER_CARAVANS,0.8463,0.4,361.0,147.4,28.7,1920,1080,0.204,74.1,375.4
Round3,Q3,518,518.0,CRUSADER_CARAVANS,0.8364,1709.0,334.3,173.7,44.6,1920,1080,0.374,1795.8,356.6
Round3,Q3,518,518.0,CRUSADER_CARAVANS,0.8327,1331.7,483.5,204.1,64.1,1920,1080,0.631,1433.8,515.6
Round3,Q3,518,518.0,CRUSADER_CARAVANS,0.8313,1520.1,312.1,183.6,41.2,1920,1080,0.364,1611.9,332.7
Round3,Q3,518,518.0,CRUSADER_CARAVANS,0.8008,221.8,236.2,192.1,23.9,1920,1080,0.222,317.8,248.1
Round3,Q3,518,518.0,CRUSADER_CARAVANS,0.7945,416.7,384.6,236.3,34.8,1920,1080,0.397,534.8,402.0
Round3,Q3,518,518.0,CRUSADER_CARAVANS,0.7924,0.0,224.3,167.7,26.4,1920,1080,0.213,83.8,237.5
Round3,Q3,518,518.0,CRUSADER_CARAVANS,0.7871,1329.7,297.2,184.1,33.1,1920,1080,0.294,1421.7,313.8
Round3,Q3,518,518.0,CRUSADER_CARAVANS,0.7836,660.8,402.6,217.7,38.4,1920,1080,0.403,769.7,421.7
Round3,Q3,518,518.0,CRUSADER_CARAVANS,0.7719,425.1,243.5,214.2,26.0,1920,1080,0.269,532.2,256.5
Round3,Q3,518,518.0,CRUSADER_CARAVANS,0.7486,886.5,423.6,213.3,45.9,1920,1080,0.472,993.1,446.6
Round3,Q3,518,518.0,CRUSADER_CARAVANS,0.7431,202.2,373.2,209.9,29.1,1920,1080,0.294,307.1,387.7
Round3,Q3,518,518.0,CRUSADER_CARAVANS,0.7378,1889.2,358.6,30.8,32.4,1920,1080,0.048,1904.6,374.8
Round3,Q3,518,518.0,CRUSADER_CARAVANS,0.7378,1540.6,527.2,213.1,84.9,1920,1080,0.872,1647.2,569.6
Round3,Q3,518,518.0,CRUSADER_CARAVANS,0.7342,868.3,264.9,201.6,29.7,1920,1080,0.289,969.1,279.8
Round3,Q3,518,518.0,CRUSADER_CARAVANS,0.7246,683.0,256.0,180.1,25.3,1920,1080,0.22,773.0,268.7
Round3,Q3,518,518.0,CRUSADER_CARAVANS,0.7055,1180.4,44.6,96.7,14.6,1920,1080,0.068,1228.8,51.9
Round3,Q3,518,518.0,CRUSADER_CARAVANS,0.7006,1062.0,44.4,96.4,14.0,1920,1080,0.065,1110.2,51.4
Round3,Q3,518,518.0,CRUSADER_CARAVANS,0.6937,1418.5,43.9,99.3,14.4,1920,1080,0.069,1468.2,51.1
Round3,Q3,518,518.0,CRUSADER_CARAVANS,0.69,1115.1,446.7,208.3,55.9,1920,1080,0.561,1219.3,474.7
Round3,Q3,518,518.0,CRUSADER_CARAVANS,0.6803,1787.5,34.1,102.9,17.9,1920,1080,0.089,1839.0,43.1
Round3,Q3,518,518.0,CRUSADER_CARAVANS,0.6644,697.1,39.2,105.7,13.8,1920,1080,0.071,750.0,46.1
Round3,Q3,518,518.0,CRUSADER_CARAVANS,0.6603,1538.9,41.4,101.5,16.7,1920,1080,0.082,1589.7,49.7
Round3,Q3,518,518.0,CRUSADER_CARAVANS,0.6598,1300.5,44.6,95.4,15.0,1920,1080,0.069,1348.2,52.1
Round3,Q3,518,518.0,CRUSADER_CARAVANS,0.6524,322.5,26.6,107.4,16.1,1920,1080,0.084,376.1,34.6
Round3,Q3,518,518.0,CRUSADER_CARAVANS,0.6441,940.4,43.5,100.0,13.9,1920,1080,0.067,990.4,50.4
Round3,Q3,518,518.0,CRUSADER_CARAVANS,0.6413,1662.5,38.4,102.6,16.1,1920,1080,0.08,1713.8,46.5
Round3,Q3,518,518.0,CRUSADER_CARAVANS,0.64,571.7,35.8,106.8,14.8,1920,1080,0.076,625.1,43.2
Round3,Q3,518,518.0,CRUSADER_CARAVANS,0.6316,452.1,31.7,102.0,15.2,1920,1080,0.075,503.1,39.2
Round3,Q3,518,518.0,CRUSADER_CARAVANS,0.6153,820.4,40.5,101.6,14.7,1920,1080,0.072,871.2,47.9
Round3,Q3,518,518.0,CRUSADER_CARAVANS,0.6052,418.5,243.6,39.0,18.8,1920,1080,0.035,438.0,253.0
Round3,Q3,518,518.0,CRUSADER_CARAVANS,0.596,1217.0,286.2,109.0,28.8,1920,1080,0.152,1271.5,300.6
Round3,Q3,518,518.0,CRUSADER_CARAVANS,0.5921,657.8,400.6,39.8,24.9,1920,1080,0.048,677.7,413.0
Round3,Q3,518,518.0,CRUSADER_CARAVANS,0.5909,155.6,368.4,47.1,23.3,1920,1080,0.053,179.1,380.1
Round3,Q3,518,518.0,CRUSADER_CARAVANS,0.548,176.8,234.0,43.0,19.0,1920,1080,0.039,198.3,243.5
Round3,Q3,518,518.0,CRUSADER_CARAVANS,0.5291,648.4,253.6,37.1,19.3,1920,1080,0.035,667.0,263.3
Round3,Q3,518,518.0,CRUSADER_CARAVANS,0.4917,187.6,21.7,110.4,15.9,1920,1080,0.085,242.8,29.7
Round3,Q3,518,518.0,CRUSADER_CARAVANS,0.4124,1904.9,30.7,14.8,19.2,1920,1080,0.014,1912.3,40.3
Round3,Q3,518,518.0,CRUSADER_CARAVANS,0.3978,1077.3,277.7,77.5,22.0,1920,1080,0.082,1116.1,288.6
Round3,Q3,518,518.0,CRUSADER_CARAVANS,0.3433,1888.5,31.8,30.2,17.4,1920,1080,0.025,1903.6,40.4
Round3,Q3,518,518.0,CRUSADER_CARAVANS,0.3173,1706.3,335.6,33.8,23.2,1920,1080,0.038,1723.2,347.1
Round3,Q3,528,528.0,EMIRATES,0.476,638.6,466.6,101.2,58.7,1920,1080,0.286,689.2,496.0
Round3,Q3,537,537.0,EMIRATES,0.6572,617.6,923.7,99.8,45.4,1920,1080,0.218,667.5,946.4
Round3,Q3,546,546.0,EMIRATES,0.5237,1145.5,555.0,12.9,62.7,1920,1080,0.039,1151.9,586.4
Round3,Q3,547,547.0,EMIRATES,0.8613,1169.9,592.0,45.2,18.0,1920,1080,0.039,1192.6,601.0
Round3,Q3,547,547.0,EMIRATES,0.8379,649.4,4.8,63.1,167.5,1920,1080,0.51,680.9,88.6
Round3,Q3,547,547.0,EMIRATES,0.8176,1601.5,1.0,66.8,295.8,1920,1080,0.953,1634.9,148.9
Round3,Q3,547,547.0,EMIRATES,0.8045,378.6,368.8,30.0,17.4,1920,1080,0.025,393.7,377.5
Round3,Q3,548,548.0,EMIRATES,0.8743,1293.2,575.2,54.7,17.3,1920,1080,0.046,1320.5,583.9
Round3,Q3,548,548.0,EMIRATES,0.8342,873.4,3.2,76.4,240.2,1920,1080,0.885,911.5,123.3
Round3,Q3,548,548.0,EMIRATES,0.8209,446.9,447.9,20.3,18.8,1920,1080,0.018,457.1,457.3
Round3,Q3,549,549.0,EMIRATES,0.8636,1625.1,982.8,64.2,18.7,1920,1080,0.058,1657.2,992.1
Round3,Q3,549,549.0,EMIRATES,0.826,552.7,62.5,61.1,316.7,1920,1080,0.933,583.2,220.8
Round3,Q3,550,550.0,EMIRATES,0.8731,1038.2,853.1,54.3,17.7,1920,1080,0.046,1065.4,862.0
Round3,Q3,551,551.0,EMIRATES,0.7943,978.8,486.0,32.2,19.1,1920,1080,0.03,994.9,495.5
Round3,Q3,552,552.0,EMIRATES,0.8766,851.4,457.9,51.2,17.5,1920,1080,0.043,877.0,466.7
Round3,Q3,552,552.0,EMIRATES,0.8634,1090.6,354.7,44.8,16.7,1920,1080,0.036,1113.0,363.0
Round3,Q3,558,558.0,EMIRATES,0.416,1156.3,395.9,9.5,55.1,1920,1080,0.025,1161.1,423.5
Round3,Q3,559,559.0,EMIRATES,0.3188,1148.1,426.1,10.0,43.8,1920,1080,0.021,1153.1,447.9
Round3,Q3,560,560.0,EMIRATES,0.4625,1370.1,460.7,9.5,57.0,1920,1080,0.026,1374.8,489.2
Round3,Q3,561,561.0,EMIRATES,0.435,1134.7,431.5,9.1,60.6,1920,1080,0.026,1139.3,461.8
Round3,Q3,562,562.0,EMIRATES,0.8854,966.8,723.5,260.7,76.8,1920,1080,0.965,1097.1,761.8
Round3,Q3,563,563.0,EMIRATES,0.8901,1010.6,711.3,207.2,69.2,1920,1080,0.691,1114.1,745.9
Round3,Q3,564,564.0,EMIRATES,0.8962,1508.5,606.8,123.3,71.1,1920,1080,0.423,1570.1,642.4
Round3,Q3,565,565.0,EMIRATES,0.8559,598.3,610.6,89.1,41.5,1920,1080,0.178,642.8,631.4
Round3,Q3,566,566.0,EMIRATES,0.8983,61.3,649.7,86.4,37.9,1920,1080,0.158,104.5,668.7
Round3,Q3,567,567.0,EMIRATES,0.8338,1069.2,491.3,56.7,23.6,1920,1080,0.064,1097.5,503.1
Round3,Q3,567,567.0,EMIRATES,0.7934,1155.1,287.8,46.1,19.1,1920,1080,0.043,1178.2,297.4
Round3,Q3,567,567.0,EMIRATES,0.3412,1895.4,468.5,24.4,22.5,1920,1080,0.027,1907.6,479.8
Round3,Q3,568,568.0,EMIRATES,0.8622,215.8,178.9,52.7,17.8,1920,1080,0.045,242.2,187.8
Round3,Q3,568,568.0,EMIRATES,0.8559,1099.9,615.3,43.3,17.3,1920,1080,0.036,1121.6,624.0
Round3,Q3,569,569.0,EMIRATES,0.8877,1319.9,480.4,45.4,18.8,1920,1080,0.041,1342.6,489.8
Round3,Q3,569,569.0,EMIRATES,0.8783,380.5,241.5,36.3,15.6,1920,1080,0.027,398.7,249.3
Round3,Q3,569,569.0,EMIRATES,0.8421,1419.3,245.0,27.4,16.5,1920,1080,0.022,1433.0,253.2
Round3,Q3,569,569.0,EMIRATES,0.7353,1001.2,310.8,29.0,25.5,1920,1080,0.036,1015.7,323.5
Round3,Q3,570,570.0,EMIRATES,0.8866,1377.4,228.6,31.3,16.4,1920,1080,0.025,1393.0,236.8
Round3,Q3,570,570.0,EMIRATES,0.8743,967.9,311.3,48.1,17.1,1920,1080,0.04,991.9,319.8
Round3,Q3,570,570.0,EMIRATES,0.7502,286.6,152.7,28.2,12.3,1920,1080,0.017,300.7,158.8
Round3,Q3,571,571.0,EMIRATES,0.8686,1467.7,312.7,28.3,15.9,1920,1080,0.022,1481.9,320.6
Round3,Q3,572,572.0,EMIRATES,0.843,1264.9,409.5,32.9,15.4,1920,1080,0.024,1281.4,417.2
Round3,Q3,574,574.0,EMIRATES,0.3044,787.3,187.0,11.2,71.0,1920,1080,0.039,792.9,222.5
Round3,Q3,575,575.0,EMIRATES,0.8615,1016.6,433.5,44.1,15.0,1920,1080,0.032,1038.6,441.0
Round3,Q3,575,575.0,EMIRATES,0.8375,1630.3,400.8,42.4,22.3,1920,1080,0.046,1651.5,412.0
Round3,Q3,576,576.0,EMIRATES,0.893,1615.9,827.5,50.0,16.7,1920,1080,0.04,1640.9,835.8
Round3,Q3,576,576.0,EMIRATES,0.8858,1121.6,478.6,34.8,18.0,1920,1080,0.03,1138.9,487.6
Round3,Q3,576,576.0,EMIRATES,0.8651,341.8,175.9,32.7,12.9,1920,1080,0.02,358.2,182.3
Round3,Q3,577,577.0,EMIRATES,0.9003,651.4,52.5,25.9,11.1,1920,1080,0.014,664.3,58.0
Round3,Q3,577,577.0,EMIRATES,0.8849,1012.7,675.3,43.6,17.0,1920,1080,0.036,1034.5,683.8
Round3,Q3,579,579.0,EMIRATES,0.8694,843.6,760.9,59.1,20.2,1920,1080,0.058,873.1,771.0
Round3,Q3,579,579.0,EMIRATES,0.8599,1339.9,538.6,54.2,16.8,1920,1080,0.044,1367.0,547.0
Round3,Q3,579,579.0,EMIRATES,0.8572,539.5,538.8,49.9,14.1,1920,1080,0.034,564.5,545.8
Round3,Q3,580,580.0,EMIRATES,0.8916,455.9,539.1,48.4,15.1,1920,1080,0.035,480.1,546.6
Round3,Q3,580,580.0,EMIRATES,0.8885,1294.2,741.6,46.7,19.4,1920,1080,0.044,1317.5,751.3
Round3,Q3,580,580.0,EMIRATES,0.8817,238.6,832.3,49.5,16.6,1920,1080,0.039,263.4,840.6
Round3,Q3,580,580.0,EMIRATES,0.8628,1417.3,420.6,53.6,17.0,1920,1080,0.044,1444.1,429.1
Round3,Q3,581,581.0,EMIRATES,0.8838,1150.9,512.6,46.7,14.6,1920,1080,0.033,1174.3,519.9
Round3,Q3,581,581.0,EMIRATES,0.8825,1842.4,851.2,52.1,21.7,1920,1080,0.054,1868.4,862.0
Round3,Q3,581,581.0,EMIRATES,0.8749,73.2,1042.5,58.9,20.9,1920,1080,0.059,102.6,1052.9
Round3,Q3,581,581.0,EMIRATES,0.8623,498.4,30.8,34.5,12.1,1920,1080,0.02,515.6,36.8
Round3,Q3,581,581.0,EMIRATES,0.852,252.7,945.9,50.2,22.3,1920,1080,0.054,277.8,957.1
Round3,Q3,581,581.0,EMIRATES,0.8419,1156.1,281.5,36.2,16.9,1920,1080,0.03,1174.2,290.0
Round3,Q3,582,582.0,EMIRATES,0.8892,1227.9,412.3,49.4,19.6,1920,1080,0.047,1252.6,422.1
Round3,Q3,582,582.0,EMIRATES,0.8823,1789.1,755.5,61.2,21.4,1920,1080,0.063,1819.7,766.1
Round3,Q3,582,582.0,EMIRATES,0.8679,504.8,299.3,51.8,17.9,1920,1080,0.045,530.7,308.2
Round3,Q3,582,582.0,EMIRATES,0.8661,708.3,15.6,43.7,14.0,1920,1080,0.03,730.1,22.6
Round3,Q3,582,582.0,EMIRATES,0.8623,1160.4,282.2,38.2,16.6,1920,1080,0.031,1179.5,290.5
Round3,Q3,583,583.0,EMIRATES,0.9017,1770.1,611.8,50.0,37.4,1920,1080,0.09,1795.1,630.5
Round3,Q3,583,583.0,EMIRATES,0.8847,386.7,222.0,51.3,29.5,1920,1080,0.073,412.3,236.8
Round3,Q3,583,583.0,EMIRATES,0.8761,1464.3,364.0,59.5,17.7,1920,1080,0.051,1494.1,372.8
Round3,Q3,583,583.0,EMIRATES,0.8215,965.1,1.3,47.4,11.4,1920,1080,0.026,988.8,7.0
Round3,Q3,584,584.0,EMIRATES,0.8946,1794.5,294.0,57.4,17.8,1920,1080,0.049,1823.2,302.9
Round3,Q3,584,584.0,EMIRATES,0.8891,202.7,937.8,60.4,20.8,1920,1080,0.061,232.9,948.3
Round3,Q3,584,584.0,EMIRATES,0.8755,1334.1,294.6,48.0,18.4,1920,1080,0.043,1358.1,303.8
Round3,Q3,584,584.0,EMIRATES,0.8733,757.8,155.8,50.4,19.8,1920,1080,0.048,783.0,165.7
Round3,Q3,585,585.0,EMIRATES,0.4833,1187.3,4.9,200.9,287.1,1920,1080,2.782,1287.8,148.4
Round3,Q3,586,586.0,EMIRATES,0.3092,1827.6,143.3,90.1,39.3,1920,1080,0.171,1872.7,163.0
Round3,Q3,587,587.0,EMIRATES,0.5545,1024.7,83.0,87.8,281.6,1920,1080,1.193,1068.6,223.8
Round3,Q3,587,587.0,EMIRATES,0.4864,1040.7,725.6,38.6,34.9,1920,1080,0.065,1060.0,743.0
Round3,Q3,589,589.0,EMIRATES,0.6145,122.0,449.0,45.4,186.4,1920,1080,0.408,144.8,542.2
Round3,Q3,591,591.0,EMIRATES,0.781,1629.6,738.7,23.3,129.9,1920,1080,0.146,1641.2,803.6
Round3,Q3,591,591.0,EMIRATES,0.7059,23.3,744.5,28.8,121.8,1920,1080,0.169,37.7,805.4
Round3,Q3,591,591.0,EMIRATES,0.4527,1627.9,631.3,24.4,99.3,1920,1080,0.117,1640.1,680.9
Round3,Q3,592,592.0,EMIRATES,0.8955,296.1,766.2,180.2,54.8,1920,1080,0.476,386.2,793.6
Round3,Q3,593,593.0,EMIRATES,0.8697,1249.6,770.0,157.5,65.6,1920,1080,0.498,1328.4,802.8
Round3,Q3,594,594.0,EMIRATES,0.8886,1756.6,759.3,157.4,60.0,1920,1080,0.456,1835.3,789.4
Round3,Q3,598,598.0,EMIRATES,0.8854,1324.3,948.4,98.0,83.0,1920,1080,0.392,1373.4,989.9
Round3,Q3,599,599.0,EMIRATES,0.8787,904.4,782.2,287.8,80.7,1920,1080,1.12,1048.3,822.6
Round3,Q3,613,613.0,EMIRATES,0.8144,1202.9,673.4,14.1,63.5,1920,1080,0.043,1209.9,705.1
Round3,Q3,613,613.0,EMIRATES,0.4529,1204.1,619.6,12.3,52.0,1920,1080,0.031,1210.3,645.6
Round3,Q3,613,613.0,EMIRATES,0.4018,948.9,673.6,12.9,55.3,1920,1080,0.034,955.3,701.2
Round3,Q3,613,613.0,EMIRATES,0.3322,1470.2,624.1,12.5,52.0,1920,1080,0.031,1476.4,650.0
Round3,Q3,614,614.0,EMIRATES,0.8161,1481.6,683.4,16.7,68.4,1920,1080,0.055,1489.9,717.6
Round3,Q3,614,614.0,EMIRATES,0.8,1209.2,681.9,14.1,61.4,1920,1080,0.042,1216.2,712.6
Round3,Q3,614,614.0,EMIRATES,0.7213,692.7,670.6,14.5,62.0,1920,1080,0.043,700.0,701.6
Round3,Q3,614,614.0,EMIRATES,0.6152,1209.7,622.5,13.8,55.1,1920,1080,0.037,1216.6,650.1
Round3,Q3,614,614.0,EMIRATES,0.4611,946.4,674.7,13.9,65.1,1920,1080,0.044,953.4,707.3
Round3,Q3,615,615.0,EMIRATES,0.6824,1492.5,698.2,14.6,72.4,1920,1080,0.051,1499.8,734.4
Round3,Q3,615,615.0,EMIRATES,0.6604,942.1,633.5,13.5,42.7,1920,1080,0.028,948.8,654.8
Round3,Q3,615,615.0,EMIRATES,0.5945,1212.2,637.8,13.2,58.5,1920,1080,0.037,1218.8,667.1
Round3,Q3,616,616.0,EMIRATES,0.7867,1495.3,734.4,14.3,74.0,1920,1080,0.051,1502.4,771.4
Round3,Q3,616,616.0,EMIRATES,0.7732,1204.5,730.5,16.5,70.7,1920,1080,0.056,1212.7,765.9
Round3,Q3,616,616.0,EMIRATES,0.5967,927.3,723.7,13.6,69.9,1920,1080,0.046,934.1,758.7
Round3,Q3,616,616.0,EMIRATES,0.5611,657.1,721.4,15.1,66.6,1920,1080,0.049,664.6,754.7
Round3,Q3,616,616.0,EMIRATES,0.4139,1205.5,671.3,13.6,55.5,1920,1080,0.037,1212.3,699.1
Round3,Q3,617,617.0,EMIRATES,0.8119,1338.3,850.6,18.6,79.8,1920,1080,0.072,1347.6,890.5
Round3,Q3,617,617.0,EMIRATES,0.7613,708.6,839.3,17.3,75.5,1920,1080,0.063,717.2,877.1
Round3,Q3,617,617.0,EMIRATES,0.757,1338.6,782.6,17.9,65.1,1920,1080,0.056,1347.5,815.2
Round3,Q3,617,617.0,EMIRATES,0.5937,1677.8,857.5,17.8,83.1,1920,1080,0.071,1686.7,899.1
Round3,Q3,617,617.0,EMIRATES,0.4828,709.7,772.5,15.7,67.6,1920,1080,0.051,717.5,806.2
Round3,Q3,618,618.0,EMIRATES,0.813,1473.7,925.2,20.6,91.9,1920,1080,0.091,1484.0,971.1
Round3,Q3,618,618.0,EMIRATES,0.7835,1868.7,938.3,21.7,93.3,1920,1080,0.098,1879.5,984.9
Round3,Q3,618,618.0,EMIRATES,0.5276,1101.9,837.4,18.3,74.3,1920,1080,0.066,1111.0,874.6
Round3,Q3,618,618.0,EMIRATES,0.527,1472.4,844.8,20.4,79.0,1920,1080,0.078,1482.6,884.3
Round3,Q3,618,618.0,EMIRATES,0.5209,750.9,910.8,14.4,53.8,1920,1080,0.037,758.1,937.7
Round3,Q3,618,618.0,EMIRATES,0.4991,1867.4,856.2,21.5,78.3,1920,1080,0.081,1878.2,895.3
Round3,Q3,619,619.0,EMIRATES,0.7096,752.1,785.9,19.0,109.7,1920,1080,0.1,761.6,840.7
Round3,Q3,619,619.0,EMIRATES,0.6596,1195.0,697.4,23.3,93.0,1920,1080,0.105,1206.7,743.9
Round3,Q3,620,620.0,EMIRATES,0.8497,1368.5,953.0,30.4,20.1,1920,1080,0.029,1383.6,963.1
Round3,Q3,620,620.0,EMIRATES,0.8402,1085.7,603.4,37.9,24.3,1920,1080,0.044,1104.6,615.5
Round3,Q3,620,620.0,EMIRATES,0.8244,349.9,451.8,41.5,19.6,1920,1080,0.039,370.6,461.6
Round3,Q3,620,620.0,EMIRATES,0.7801,977.8,196.1,60.3,291.9,1920,1080,0.849,1008.0,342.0
Round3,Q3,620,620.0,EMIRATES,0.755,978.1,507.1,59.6,346.3,1920,1080,0.995,1007.9,680.2
Round3,Q3,621,621.0,EMIRATES,0.8178,924.2,429.0,77.2,410.3,1920,1080,1.527,962.8,634.1
Round3,Q3,621,621.0,EMIRATES,0.6894,923.3,53.1,72.9,363.6,1920,1080,1.278,959.8,234.9
Round3,Q3,622,622.0,EMIRATES,0.6794,1196.2,288.0,69.3,408.7,1920,1080,1.367,1230.9,492.4
Round3,Q3,622,622.0,EMIRATES,0.4355,1195.2,1.4,66.9,209.3,1920,1080,0.676,1228.6,106.1
Round3,Q3,623,623.0,EMIRATES,0.8631,716.7,309.7,78.2,402.6,1920,1080,1.517,755.7,511.0
Round3,Q3,623,623.0,EMIRATES,0.7789,717.6,2.3,82.7,280.6,1920,1080,1.119,759.0,142.6
Round3,Q3,637,637.0,EMIRATES,0.8713,1200.3,371.0,35.2,14.5,1920,1080,0.025,1217.8,378.2
Round3,Q3,637,637.0,EMIRATES,0.8678,1827.6,92.0,35.8,12.5,1920,1080,0.022,1845.5,98.2
Round3,Q3,637,637.0,EMIRATES,0.802,72.6,441.0,30.4,15.1,1920,1080,0.022,87.8,448.5
Round3,Q3,638,638.0,EMIRATES,0.8012,1623.9,370.0,40.8,17.7,1920,1080,0.035,1644.4,378.9
Round3,Q3,642,642.0,EMIRATES,0.8526,300.3,107.8,57.0,16.2,1920,1080,0.045,328.9,115.9
Round3,Q3,645,645.0,ACCESS_COVERS,0.3616,0.0,352.1,68.6,18.6,1920,1080,0.062,34.3,361.4
Round3,Q3,649,649.0,EMIRATES,0.7845,572.9,188.0,154.6,85.3,1920,1080,0.636,650.2,230.7
Round3,Q3,649,649.0,EMIRATES,0.3259,1266.1,381.3,68.4,24.3,1920,1080,0.08,1300.3,393.5
Round3,Q3,650,650.0,EMIRATES,0.8922,1803.5,468.0,116.5,51.6,1920,1080,0.29,1861.7,493.8
Round3,Q3,652,652.0,EMIRATES,0.7723,428.7,448.7,346.4,121.0,1920,1080,2.021,601.8,509.2
Round3,Q3,658,658.0,EMIRATES,0.8974,16.0,873.5,58.3,18.6,1920,1080,0.052,45.1,882.8
Round3,Q3,658,658.0,EMIRATES,0.8408,790.3,373.0,48.7,15.4,1920,1080,0.036,814.7,380.7
Round3,Q3,659,659.0,EMIRATES,0.8797,1797.8,556.5,47.9,18.1,1920,1080,0.042,1821.8,565.5
Round3,Q3,660,660.0,EMIRATES,0.8792,1839.9,583.1,47.9,18.0,1920,1080,0.041,1863.9,592.0
Round3,Q3,660,660.0,EMIRATES,0.8336,1435.6,376.3,40.3,16.7,1920,1080,0.033,1455.8,384.6
Round3,Q3,660,660.0,EMIRATES,0.7748,869.7,366.6,50.4,15.7,1920,1080,0.038,894.9,374.5
Round3,Q3,660,660.0,EMIRATES,0.6778,1691.9,962.5,82.6,42.1,1920,1080,0.168,1733.2,983.6
Round3,Q3,661,661.0,EMIRATES,0.8766,968.5,338.4,44.3,21.5,1920,1080,0.046,990.7,349.1
Round3,Q3,661,661.0,EMIRATES,0.8762,1211.9,657.2,63.4,19.7,1920,1080,0.06,1243.7,667.0
Round3,Q3,662,662.0,EMIRATES,0.8896,667.1,699.6,59.4,21.6,1920,1080,0.062,696.8,710.4
Round3,Q3,662,662.0,EMIRATES,0.8763,891.9,349.1,58.0,20.4,1920,1080,0.057,920.9,359.3
Round3,Q3,664,664.0,EMIRATES,0.8251,1742.8,720.6,87.9,53.9,1920,1080,0.229,1786.8,747.6
Round3,Q3,667,667.0,EMIRATES,0.902,971.9,501.0,104.5,37.1,1920,1080,0.187,1024.1,519.6
Round3,Q3,668,668.0,EMIRATES,0.9205,958.1,453.5,125.7,40.4,1920,1080,0.245,1021.0,473.7
Round3,Q3,669,669.0,EMIRATES,0.9171,1113.3,457.0,142.4,45.4,1920,1080,0.311,1184.4,479.6
Round3,Q3,670,670.0,EMIRATES,0.8423,606.7,487.5,148.4,55.1,1920,1080,0.394,680.9,515.0
Round3,Q3,672,672.0,EMIRATES,0.8445,452.3,354.3,210.3,83.5,1920,1080,0.847,557.4,396.1
Round3,Q3,673,673.0,EMIRATES,0.8134,1738.0,394.1,182.0,108.2,1920,1080,0.95,1829.0,448.2
Round3,Q3,674,674.0,EMIRATES,0.7281,0.7,644.2,240.8,124.9,1920,1080,1.45,121.1,706.7
Round3,Q3,675,675.0,EMIRATES,0.8258,0.0,602.6,194.0,108.5,1920,1080,1.015,97.0,656.8
Round3,Q3,676,676.0,EMIRATES,0.7669,504.8,593.8,363.4,105.7,1920,1080,1.853,686.5,646.7
Round3,Q3,677,677.0,EMIRATES,0.5871,1313.3,608.6,323.5,133.0,1920,1080,2.075,1475.1,675.1
Round3,Q3,684,684.0,EMIRATES,0.3136,1161.8,679.6,10.2,51.6,1920,1080,0.025,1167.0,705.4
Round3,Q3,685,685.0,EMIRATES,0.3024,1169.7,699.1,10.5,50.1,1920,1080,0.025,1174.9,724.1
Round3,Q3,686,686.0,EMIRATES,0.4631,1153.8,702.7,12.5,59.9,1920,1080,0.036,1160.1,732.7
Round3,Q3,688,688.0,EMIRATES,0.5621,1379.8,1024.2,16.2,54.4,1920,1080,0.042,1387.9,1051.4
Round3,Q3,688,688.0,EMIRATES,0.4211,1633.7,1016.2,15.9,60.5,1920,1080,0.046,1641.6,1046.4
Round3,Q3,690,690.0,EMIRATES,0.8736,793.3,86.5,160.9,61.5,1920,1080,0.477,873.8,117.2
Round3,Q3,690,690.0,EMIRATES,0.6923,189.3,560.8,207.9,71.4,1920,1080,0.716,293.3,596.5
Round3,Q3,697,697.0,EMIRATES,0.3932,360.9,686.1,26.4,12.3,1920,1080,0.016,374.1,692.3
Round3,Q3,698,698.0,EMIRATES,0.6101,771.7,329.2,53.9,13.8,1920,1080,0.036,798.7,336.1
Round3,Q3,705,705.0,EMIRATES,0.6765,53.6,1035.5,21.9,8.0,1920,1080,0.008,64.6,1039.5
Round3,Q3,705,705.0,JAMESON,0.4736,0.0,191.9,37.1,13.4,1920,1080,0.024,18.5,198.6
Round3,Q3,710,710.0,EMIRATES,0.867,784.5,437.8,47.5,24.1,1920,1080,0.055,808.3,449.9
Round3,Q3,711,711.0,EMIRATES,0.8568,1355.6,402.5,53.9,15.8,1920,1080,0.041,1382.6,410.4
Round3,Q3,711,711.0,EMIRATES,0.7467,976.6,408.9,41.7,27.0,1920,1080,0.054,997.4,422.4
Round3,Q3,712,712.0,EMIRATES,0.8316,1005.4,241.4,54.6,23.5,1920,1080,0.062,1032.7,253.2
Round3,Q3,712,712.0,EMIRATES,0.5041,1381.0,874.5,76.2,39.9,1920,1080,0.147,1419.1,894.5
Round3,Q3,713,713.0,EMIRATES,0.8664,1355.0,362.3,62.4,20.8,1920,1080,0.063,1386.2,372.7
Round3,Q3,714,714.0,EMIRATES,0.8729,845.1,329.3,60.6,18.0,1920,1080,0.052,875.4,338.3
Round3,Q3,714,714.0,EMIRATES,0.4345,1766.9,297.1,33.8,17.2,1920,1080,0.028,1783.8,305.8
Round3,Q3,715,715.0,EMIRATES,0.9002,520.6,309.6,49.2,21.8,1920,1080,0.052,545.2,320.5
Round3,Q3,715,715.0,EMIRATES,0.8778,814.5,200.5,57.1,23.2,1920,1080,0.064,843.1,212.1
Round3,Q3,716,716.0,EMIRATES,0.8624,780.3,347.0,42.1,18.7,1920,1080,0.038,801.4,356.3
Round3,Q3,716,716.0,EMIRATES,0.8348,893.2,251.2,50.4,20.4,1920,1080,0.05,918.4,261.4
Round3,Q3,717,717.0,EMIRATES,0.8825,1511.5,347.3,48.0,16.6,1920,1080,0.038,1535.5,355.7
Round3,Q3,717,717.0,EMIRATES,0.8773,1109.2,333.7,56.2,19.0,1920,1080,0.052,1137.3,343.2
Round3,Q3,717,717.0,EMIRATES,0.859,986.6,244.8,54.7,17.8,1920,1080,0.047,1014.0,253.7
Round3,Q3,718,718.0,EMIRATES,0.8833,1640.6,401.9,37.4,17.0,1920,1080,0.031,1659.3,410.4
Round3,Q3,718,718.0,EMIRATES,0.8827,1181.0,334.9,54.8,18.9,1920,1080,0.05,1208.4,344.4
Round3,Q3,718,718.0,EMIRATES,0.8107,1078.3,337.7,41.5,18.1,1920,1080,0.036,1099.0,346.8
Round3,Q3,719,719.0,EMIRATES,0.8652,1736.7,411.1,30.8,17.9,1920,1080,0.027,1752.1,420.1
Round3,Q3,719,719.0,EMIRATES,0.843,781.6,381.7,40.6,16.4,1920,1080,0.032,801.9,389.9
Round3,Q3,719,719.0,EMIRATES,0.8429,323.8,335.9,34.6,16.8,1920,1080,0.028,341.0,344.3
Round3,Q3,719,719.0,EMIRATES,0.8395,0.0,397.9,25.5,19.2,1920,1080,0.024,12.8,407.5
Round3,Q3,720,720.0,EMIRATES,0.8728,17.3,447.8,28.8,16.6,1920,1080,0.023,31.7,456.1
Round3,Q3,720,720.0,EMIRATES,0.8282,462.9,496.8,39.8,14.7,1920,1080,0.028,482.8,504.1
Round3,Q3,721,721.0,EMIRATES,0.8619,66.4,536.2,38.9,14.1,1920,1080,0.026,85.8,543.3
Round3,Q3,721,721.0,EMIRATES,0.8426,1454.8,453.3,27.0,11.2,1920,1080,0.015,1468.3,458.9
Round3,Q3,721,721.0,EMIRATES,0.4704,976.3,428.6,28.5,10.4,1920,1080,0.014,990.5,433.8
Round3,Q3,722,722.0,EMIRATES,0.8502,1734.8,512.3,34.2,14.1,1920,1080,0.023,1751.9,519.3
Round3,Q3,722,722.0,EMIRATES,0.3516,1005.0,440.2,32.6,11.7,1920,1080,0.018,1021.3,446.0
Round3,Q3,723,723.0,EMIRATES,0.6719,843.0,464.0,20.9,11.3,1920,1080,0.011,853.4,469.7
Round3,Q3,725,725.0,EMIRATES,0.8927,142.0,768.8,43.1,13.8,1920,1080,0.029,163.6,775.6
Round3,Q3,725,725.0,EMIRATES,0.7353,1509.2,483.7,23.5,16.1,1920,1080,0.018,1520.9,491.7
Round3,Q3,726,726.0,EMIRATES,0.884,191.9,791.3,46.2,14.5,1920,1080,0.032,215.0,798.5
Round3,Q3,726,726.0,EMIRATES,0.6447,283.4,549.6,49.2,11.9,1920,1080,0.028,308.0,555.5
Round3,Q3,727,727.0,EMIRATES,0.8301,226.9,595.9,57.6,18.0,1920,1080,0.05,255.7,604.9
Round3,Q3,727,727.0,EMIRATES,0.3813,818.3,389.2,25.2,30.5,1920,1080,0.037,830.8,404.5
Round3,Q3,728,728.0,EMIRATES,0.8384,876.1,352.7,61.6,18.0,1920,1080,0.053,906.9,361.7
Round3,Q3,729,729.0,EMIRATES,0.8047,1741.0,407.7,45.4,17.1,1920,1080,0.037,1763.6,416.3
Round3,Q3,730,730.0,EMIRATES,0.8652,1149.8,316.0,49.6,19.3,1920,1080,0.046,1174.6,325.7
Round3,Q3,731,731.0,EMIRATES,0.8921,545.1,308.4,47.9,16.2,1920,1080,0.037,569.1,316.5
Round3,Q3,731,731.0,EMIRATES,0.7374,1297.0,389.7,45.6,12.8,1920,1080,0.028,1319.8,396.1
Round3,Q3,732,732.0,EMIRATES,0.7234,682.6,525.2,25.1,12.7,1920,1080,0.015,695.1,531.6
Round3,Q3,733,733.0,EMIRATES,0.8866,698.7,556.0,44.5,17.3,1920,1080,0.037,720.9,564.7
Round3,Q3,734,734.0,EMIRATES,0.8546,745.5,366.8,46.7,14.1,1920,1080,0.032,768.8,373.8
Round3,Q3,735,735.0,EMIRATES,0.7324,935.0,353.0,26.3,12.2,1920,1080,0.015,948.1,359.1
Round3,Q3,738,738.0,EMIRATES,0.8727,1010.4,415.6,56.5,27.9,1920,1080,0.076,1038.6,429.6
Round3,Q3,739,739.0,EMIRATES,0.8779,61.2,403.5,74.7,31.2,1920,1080,0.113,98.5,419.1
Round3,Q3,740,740.0,EMIRATES,0.8827,554.4,389.7,56.6,23.0,1920,1080,0.063,582.7,401.3
Round3,Q3,741,741.0,EMIRATES,0.8076,857.8,354.7,53.2,22.5,1920,1080,0.058,884.4,366.0
Round3,Q3,744,744.0,EMIRATES,0.889,1658.0,391.9,61.0,19.2,1920,1080,0.056,1688.5,401.5
Round3,Q3,745,745.0,EMIRATES,0.8865,1112.7,344.1,49.5,18.0,1920,1080,0.043,1137.5,353.0
Round3,Q3,746,746.0,EMIRATES,0.8737,830.9,322.4,46.3,14.8,1920,1080,0.033,854.0,329.8
Round3,Q3,746,746.0,EMIRATES,0.8706,1299.2,315.0,46.5,13.2,1920,1080,0.03,1322.5,321.6
Round3,Q3,751,751.0,EMIRATES,0.3604,536.6,309.7,79.1,123.6,1920,1080,0.471,576.1,371.5
Round3,Q3,752,752.0,EMIRATES,0.8562,1426.4,421.6,56.8,15.7,1920,1080,0.043,1454.8,429.4
Round3,Q3,754,754.0,EMIRATES,0.886,1001.9,757.7,49.0,17.4,1920,1080,0.041,1026.4,766.4
Round3,Q3,754,754.0,EMIRATES,0.8815,1714.6,599.3,44.8,17.8,1920,1080,0.038,1737.0,608.2
Round3,Q3,755,755.0,EMIRATES,0.8726,36.6,902.8,57.8,18.9,1920,1080,0.053,65.5,912.2
Round3,Q3,756,756.0,EMIRATES,0.8932,10.4,888.7,60.1,20.0,1920,1080,0.058,40.5,898.7
Round3,Q3,756,756.0,EMIRATES,0.4414,736.6,328.2,51.2,15.9,1920,1080,0.039,762.2,336.1
Round3,Q3,757,757.0,EMIRATES,0.8878,76.7,865.3,47.1,20.9,1920,1080,0.048,100.3,875.8
Round3,Q3,757,757.0,EMIRATES,0.8568,1753.7,559.8,34.0,19.5,1920,1080,0.032,1770.7,569.5
Round3,Q3,758,758.0,EMIRATES,0.8834,1844.8,563.9,51.2,16.1,1920,1080,0.04,1870.4,572.0
Round3,Q3,759,759.0,EMIRATES,0.8811,1840.1,583.8,47.6,17.9,1920,1080,0.041,1863.9,592.7
Round3,Q3,759,759.0,EMIRATES,0.8646,1436.2,376.7,40.4,17.5,1920,1080,0.034,1456.4,385.5
Round3,Q3,759,759.0,EMIRATES,0.8222,873.1,367.2,46.6,16.3,1920,1080,0.037,896.4,375.3
Round3,Q3,760,760.0,EMIRATES,0.6919,224.1,458.4,34.9,11.8,1920,1080,0.02,241.6,464.3
Round3,Q3,761,761.0,EMIRATES,0.8571,1762.0,515.0,30.2,13.9,1920,1080,0.02,1777.1,522.0
Round3,Q3,761,761.0,EMIRATES,0.7896,90.8,631.0,48.6,14.0,1920,1080,0.033,115.1,638.0
Round3,Q3,761,761.0,EMIRATES,0.7238,337.5,476.7,50.4,10.7,1920,1080,0.026,362.8,482.1
Round3,Q3,762,762.0,EMIRATES,0.7576,968.1,635.2,55.8,14.4,1920,1080,0.039,996.0,642.4
Round3,Q3,763,763.0,EMIRATES,0.8529,933.1,344.0,37.2,13.2,1920,1080,0.024,951.7,350.6
Round3,Q3,764,764.0,EMIRATES,0.8617,853.1,423.0,52.0,15.9,1920,1080,0.04,879.1,430.9
Round3,Q3,764,764.0,EMIRATES,0.8581,1203.9,731.7,40.8,18.8,1920,1080,0.037,1224.3,741.2
Round3,Q3,765,765.0,EMIRATES,0.8509,270.0,723.9,67.0,19.3,1920,1080,0.062,303.5,733.6
Round3,Q3,766,766.0,EMIRATES,0.7114,1533.8,670.0,59.9,21.7,1920,1080,0.063,1563.8,680.9
Round3,Q3,772,772.0,EMIRATES,0.4058,1556.5,311.0,52.2,261.4,1920,1080,0.658,1582.6,441.7
Round3,Q3,774,774.0,BOWENS,0.4225,0.0,293.0,92.9,22.6,1920,1080,0.101,46.4,304.3
Round3,Q3,791,791.0,EMIRATES,0.5194,1353.5,404.5,11.9,62.2,1920,1080,0.036,1359.4,435.6
Round3,Q3,791,791.0,EMIRATES,0.3475,1456.7,416.9,10.8,64.1,1920,1080,0.033,1462.1,448.9
Round3,Q3,792,792.0,EMIRATES,0.8921,1061.2,889.5,48.1,17.8,1920,1080,0.041,1085.3,898.4
Round3,Q3,792,792.0,EMIRATES,0.8884,1846.9,607.1,46.0,17.5,1920,1080,0.039,1869.9,615.8
Round3,Q3,793,793.0,EMIRATES,0.3743,641.3,686.6,64.4,27.8,1920,1080,0.086,673.5,700.5
Round3,Q3,796,796.0,EMIRATES,0.4987,939.7,515.8,10.5,48.5,1920,1080,0.024,945.0,540.0
Round3,Q3,796,796.0,EMIRATES,0.3584,939.8,476.6,11.5,87.1,1920,1080,0.048,945.6,520.1
Round3,Q3,796,796.0,EMIRATES,0.3031,1242.9,513.2,12.7,93.5,1920,1080,0.057,1249.3,560.0
Round3,Q3,797,797.0,EMIRATES,0.8296,720.7,472.9,36.7,18.2,1920,1080,0.032,739.0,482.0
Round3,Q3,797,797.0,EMIRATES,0.8196,1145.9,21.5,60.5,357.0,1920,1080,1.041,1176.2,200.0
Round3,Q3,797,797.0,EMIRATES,0.8149,33.6,3.2,71.3,239.2,1920,1080,0.822,69.3,122.8
Round3,Q3,798,798.0,EMIRATES,0.8814,1453.8,186.1,67.8,18.0,1920,1080,0.059,1487.7,195.1
Round3,Q3,798,798.0,EMIRATES,0.8246,868.7,320.5,38.1,21.9,1920,1080,0.04,887.8,331.5
Round3,Q3,799,799.0,EMIRATES,0.873,656.4,300.9,52.9,19.1,1920,1080,0.049,682.8,310.4
Round3,Q3,800,800.0,EMIRATES,0.748,849.5,565.4,11.8,51.9,1920,1080,0.029,855.4,591.3
Round3,Q3,800,800.0,EMIRATES,0.6501,851.2,514.8,11.2,42.0,1920,1080,0.023,856.8,535.8
Round3,Q3,800,800.0,EMIRATES,0.6115,1020.1,585.2,10.5,55.8,1920,1080,0.028,1025.3,613.1
Round3,Q3,800,800.0,EMIRATES,0.5193,1203.3,609.9,11.4,55.9,1920,1080,0.031,1209.0,637.8
Round3,Q3,800,800.0,EMIRATES,0.5039,1020.7,534.5,11.5,40.3,1920,1080,0.022,1026.5,554.7
Round3,Q3,800,800.0,EMIRATES,0.5027,1204.6,556.7,11.2,44.4,1920,1080,0.024,1210.2,578.9
Round3,Q3,800,800.0,EMIRATES,0.3251,692.4,495.3,10.8,43.6,1920,1080,0.023,697.8,517.1
Round3,Q3,801,801.0,EMIRATES,0.7403,1032.1,600.0,11.5,55.7,1920,1080,0.031,1037.8,627.9
Round3,Q3,801,801.0,EMIRATES,0.704,867.6,579.0,11.2,53.5,1920,1080,0.029,873.2,605.8
Round3,Q3,801,801.0,EMIRATES,0.6616,1209.9,623.7,11.8,57.3,1920,1080,0.033,1215.8,652.4
Round3,Q3,801,801.0,EMIRATES,0.4974,868.8,534.8,11.2,37.9,1920,1080,0.02,874.4,553.7
Round3,Q3,801,801.0,EMIRATES,0.476,1212.1,574.6,10.2,42.0,1920,1080,0.021,1217.2,595.6
Round3,Q3,801,801.0,EMIRATES,0.3958,1033.8,552.6,10.9,40.3,1920,1080,0.021,1039.3,572.7
Round3,Q3,802,802.0,EMIRATES,0.91,485.2,1036.1,96.3,42.3,1920,1080,0.196,533.3,1057.3
Round3,Q3,802,802.0,EMIRATES,0.85,1693.3,188.1,63.2,34.4,1920,1080,0.105,1724.8,205.3
Round3,Q3,809,809.0,EMIRATES,0.7185,1753.4,669.2,97.8,25.9,1920,1080,0.122,1802.3,682.1
Round3,Q3,809,809.0,EMIRATES,0.3129,1409.4,277.9,25.6,20.8,1920,1080,0.026,1422.2,288.3
Round3,Q3,810,810.0,EMIRATES,0.805,1611.8,279.0,36.6,17.9,1920,1080,0.032,1630.0,288.0
Round3,Q3,811,811.0,EMIRATES,0.8266,612.2,99.7,37.7,19.1,1920,1080,0.035,631.1,109.3
Round3,Q3,814,814.0,EMIRATES,0.8833,778.6,850.0,78.5,28.6,1920,1080,0.108,817.9,864.3
Round3,Q3,815,815.0,EMIRATES,0.8718,1480.6,381.9,100.9,39.0,1920,1080,0.19,1531.0,401.4
Round3,Q3,821,821.0,EMIRATES,0.8046,141.8,964.4,151.1,54.5,1920,1080,0.398,217.4,991.7
Round3,Q3,824,824.0,EMIRATES,0.6104,1062.1,640.3,12.2,59.1,1920,1080,0.035,1068.2,669.8
Round3,Q3,824,824.0,EMIRATES,0.4317,1249.7,658.2,12.6,67.1,1920,1080,0.041,1256.0,691.8
Round3,Q3,824,824.0,EMIRATES,0.3439,891.1,569.7,11.7,40.4,1920,1080,0.023,897.0,589.9
Round3,Q3,825,825.0,EMIRATES,0.715,1146.4,777.2,14.2,67.6,1920,1080,0.046,1153.5,811.0
Round3,Q3,825,825.0,EMIRATES,0.7091,939.0,688.5,13.9,45.8,1920,1080,0.031,945.9,711.4
Round3,Q3,825,825.0,EMIRATES,0.6328,1372.9,804.2,16.1,77.3,1920,1080,0.06,1380.9,842.8
Round3,Q3,825,825.0,EMIRATES,0.6182,1375.3,741.2,16.3,55.1,1920,1080,0.043,1383.4,768.7
Round3,Q3,825,825.0,EMIRATES,0.6107,744.5,667.5,12.8,53.1,1920,1080,0.033,750.9,694.0
Round3,Q3,826,826.0,EMIRATES,0.792,1059.2,711.4,17.0,85.4,1920,1080,0.07,1067.7,754.2
Round3,Q3,826,826.0,EMIRATES,0.7811,1620.5,787.0,20.1,92.4,1920,1080,0.09,1630.5,833.2
Round3,Q3,826,826.0,EMIRATES,0.7637,1326.1,748.3,19.3,87.5,1920,1080,0.082,1335.8,792.1
Round3,Q3,826,826.0,EMIRATES,0.673,814.4,610.4,16.1,67.3,1920,1080,0.052,822.4,644.1
Round3,Q3,826,826.0,EMIRATES,0.6209,1328.0,669.6,19.1,60.6,1920,1080,0.056,1337.5,699.9
Round3,Q3,826,826.0,EMIRATES,0.617,1060.5,636.2,17.1,63.8,1920,1080,0.053,1069.0,668.0
Round3,Q3,826,826.0,EMIRATES,0.5835,1621.8,705.0,20.7,75.1,1920,1080,0.075,1632.1,742.6
Round3,Q3,827,827.0,EMIRATES,0.8239,1498.8,653.4,21.5,111.8,1920,1080,0.116,1509.6,709.3
Round3,Q3,827,827.0,EMIRATES,0.8167,1889.4,596.8,25.7,69.1,1920,1080,0.086,1902.2,631.4
Round3,Q3,827,827.0,EMIRATES,0.7813,1887.4,704.3,21.2,113.0,1920,1080,0.115,1898.0,760.9
Round3,Q3,827,827.0,EMIRATES,0.6855,1150.2,609.4,19.6,104.6,1920,1080,0.099,1160.0,661.7
Round3,Q3,827,827.0,EMIRATES,0.6762,1501.0,553.2,22.2,93.6,1920,1080,0.1,1512.1,600.0
Round3,Q3,827,827.0,EMIRATES,0.6316,832.3,474.4,18.3,84.5,1920,1080,0.075,841.5,516.6
Round3,Q3,828,828.0,EMIRATES,0.8076,1552.5,614.0,20.1,111.9,1920,1080,0.109,1562.6,670.0
Round3,Q3,828,828.0,EMIRATES,0.7915,870.3,524.5,18.9,104.5,1920,1080,0.095,879.7,576.7
Round3,Q3,828,828.0,EMIRATES,0.7695,1195.9,567.3,19.8,107.9,1920,1080,0.103,1205.8,621.2
Round3,Q3,828,828.0,EMIRATES,0.7636,871.7,430.3,19.0,84.5,1920,1080,0.078,881.2,472.6
Round3,Q3,828,828.0,EMIRATES,0.6613,1555.9,507.1,20.7,83.2,1920,1080,0.083,1566.3,548.7
Round3,Q3,828,828.0,EMIRATES,0.6609,1197.4,465.3,21.1,66.7,1920,1080,0.068,1207.9,498.6
Round3,Q3,844,844.0,EMIRATES,0.8704,1068.2,475.6,38.0,20.9,1920,1080,0.038,1087.2,486.1
Round3,Q3,844,844.0,EMIRATES,0.8469,964.8,864.7,44.4,16.4,1920,1080,0.035,987.0,872.9
Round3,Q3,845,845.0,EMIRATES,0.8833,1121.5,336.2,51.5,15.8,1920,1080,0.039,1147.3,344.1
Round3,Q3,846,846.0,EMIRATES,0.888,1066.1,334.2,50.8,16.5,1920,1080,0.04,1091.5,342.5
Round3,Q3,875,875.0,EMIRATES,0.8959,1545.2,823.5,48.4,16.3,1920,1080,0.038,1569.4,831.6
Round3,Q3,875,875.0,EMIRATES,0.3322,1689.9,470.1,33.0,13.7,1920,1080,0.022,1706.4,476.9
Round3,Q3,876,876.0,EMIRATES,0.8727,1016.8,928.5,54.4,17.4,1920,1080,0.046,1044.0,937.2
Round3,Q3,876,876.0,EMIRATES,0.8599,1327.9,756.8,47.9,15.1,1920,1080,0.035,1351.8,764.4
Round3,Q3,877,877.0,EMIRATES,0.8914,1409.1,249.3,42.1,12.3,1920,1080,0.025,1430.1,255.5
Round3,Q3,877,877.0,EMIRATES,0.8822,54.2,490.2,52.2,17.3,1920,1080,0.044,80.3,498.9
Round3,Q3,877,877.0,EMIRATES,0.3223,206.9,463.3,37.3,24.0,1920,1080,0.043,225.6,475.3
Round3,Q3,878,878.0,EMIRATES,0.8133,1018.5,311.7,45.6,32.4,1920,1080,0.071,1041.3,327.9
Round3,Q3,878,878.0,EMIRATES,0.4578,1719.3,453.4,45.7,11.8,1920,1080,0.026,1742.2,459.4
Round3,Q3,879,879.0,EMIRATES,0.8775,1572.4,610.4,45.8,18.3,1920,1080,0.04,1595.2,619.5
Round3,Q3,879,879.0,EMIRATES,0.8511,1855.5,1008.8,53.2,22.0,1920,1080,0.056,1882.1,1019.8
Round3,Q3,879,879.0,EMIRATES,0.8503,1400.1,467.0,47.4,26.3,1920,1080,0.06,1423.8,480.2
Round3,Q3,880,880.0,EMIRATES,0.883,744.8,440.0,49.8,14.9,1920,1080,0.036,769.8,447.5
Round3,Q3,880,880.0,EMIRATES,0.864,1502.6,687.0,50.2,13.5,1920,1080,0.033,1527.7,693.7
Round3,Q3,881,881.0,EMIRATES,0.8765,727.1,441.7,54.0,19.6,1920,1080,0.051,754.1,451.5
Round3,Q3,881,881.0,EMIRATES,0.8649,1361.6,688.4,46.3,22.4,1920,1080,0.05,1384.7,699.6
Round3,Q3,882,882.0,EMIRATES,0.8774,1658.3,366.1,33.8,13.4,1920,1080,0.022,1675.2,372.8
Round3,Q3,882,882.0,EMIRATES,0.8716,1161.7,327.6,33.9,24.5,1920,1080,0.04,1178.6,339.8
Round3,Q3,885,885.0,EMIRATES,0.8753,1374.6,632.4,62.3,23.6,1920,1080,0.071,1405.8,644.2
Round3,Q3,885,885.0,EMIRATES,0.8732,1169.0,302.3,52.2,20.1,1920,1080,0.051,1195.1,312.4
Round3,Q3,886,886.0,EMIRATES,0.8811,1195.3,267.6,53.7,17.8,1920,1080,0.046,1222.2,276.5
Round3,Q3,886,886.0,EMIRATES,0.8786,1302.1,540.1,59.0,19.1,1920,1080,0.054,1331.7,549.7
Round3,Q3,894,894.0,EMIRATES,0.8035,1709.5,913.2,41.4,15.3,1920,1080,0.03,1730.3,920.8
Round3,Q3,895,895.0,EMIRATES,0.8961,1678.1,908.4,48.1,13.9,1920,1080,0.032,1702.1,915.3
Round3,Q3,896,896.0,EMIRATES,0.8962,1674.3,908.1,49.5,13.9,1920,1080,0.033,1699.1,915.1
Round3,Q3,896,896.0,EMIRATES,0.3288,1497.2,444.1,9.1,53.5,1920,1080,0.023,1501.7,470.8
Round3,Q3,897,897.0,EMIRATES,0.8983,1696.9,786.4,55.3,19.3,1920,1080,0.052,1724.5,796.1
Round3,Q3,897,897.0,EMIRATES,0.8727,1493.2,813.9,46.8,15.9,1920,1080,0.036,1516.6,821.8
Round3,Q3,897,897.0,EMIRATES,0.3974,1551.3,418.4,10.3,64.3,1920,1080,0.032,1556.5,450.5
Round3,Q3,897,897.0,EMIRATES,0.3817,1442.9,413.2,9.6,53.9,1920,1080,0.025,1447.6,440.1
Round3,Q3,898,898.0,EMIRATES,0.417,1521.8,385.8,9.0,63.5,1920,1080,0.028,1526.3,417.6
Round3,Q3,898,898.0,EMIRATES,0.3374,1635.4,430.3,9.2,35.6,1920,1080,0.016,1639.9,448.1
Round3,Q3,899,899.0,EMIRATES,0.5232,1118.8,374.4,13.4,66.0,1920,1080,0.043,1125.4,407.4
Round3,Q3,900,900.0,EMIRATES,0.8922,1629.5,479.9,33.0,15.4,1920,1080,0.024,1646.0,487.6
Round3,Q3,901,901.0,EMIRATES,0.865,690.4,397.7,41.9,15.6,1920,1080,0.031,711.3,405.5
Round3,Q3,902,902.0,EMIRATES,0.8776,79.9,701.6,47.8,15.2,1920,1080,0.035,103.9,709.2
Round3,Q3,902,902.0,EMIRATES,0.811,0.1,162.5,29.5,14.7,1920,1080,0.021,14.8,169.9
Round3,Q3,903,903.0,EMIRATES,0.8822,871.0,775.4,50.5,18.6,1920,1080,0.045,896.3,784.7
Round3,Q3,903,903.0,EMIRATES,0.8602,2.6,538.9,50.7,14.6,1920,1080,0.036,27.9,546.2
Round3,Q3,903,903.0,EMIRATES,0.7238,1030.7,490.4,35.1,14.8,1920,1080,0.025,1048.3,497.8
Round3,Q3,904,904.0,EMIRATES,0.886,1014.2,648.1,45.9,14.0,1920,1080,0.031,1037.1,655.1
Round3,Q3,904,904.0,EMIRATES,0.882,504.1,642.1,39.7,12.9,1920,1080,0.025,524.0,648.5
Round3,Q3,904,904.0,EMIRATES,0.8731,1663.8,1007.3,45.9,26.6,1920,1080,0.059,1686.8,1020.6
Round3,Q3,904,904.0,EMIRATES,0.8717,1604.0,656.0,28.5,12.6,1920,1080,0.017,1618.2,662.3
Round3,Q3,905,905.0,EMIRATES,0.8696,1452.8,558.9,41.0,13.2,1920,1080,0.026,1473.3,565.5
Round3,Q3,905,905.0,EMIRATES,0.723,1248.4,353.9,32.8,15.9,1920,1080,0.025,1264.8,361.9
Round3,Q3,906,906.0,EMIRATES,0.8785,976.2,327.2,40.0,14.1,1920,1080,0.027,996.2,334.2
Round3,Q3,906,906.0,EMIRATES,0.7905,1848.9,545.4,49.0,12.4,1920,1080,0.029,1873.4,551.6
Round3,Q3,906,906.0,EMIRATES,0.7669,804.2,603.2,39.4,16.5,1920,1080,0.031,823.8,611.5
Round3,Q3,908,908.0,EMIRATES,0.8799,1202.7,486.5,53.8,19.8,1920,1080,0.051,1229.6,496.4
Round3,Q3,908,908.0,EMIRATES,0.8483,851.4,578.2,57.9,16.5,1920,1080,0.046,880.4,586.4
Round3,Q3,908,908.0,EMIRATES,0.8419,1841.0,326.0,45.2,23.7,1920,1080,0.052,1863.5,337.9
Round3,Q3,911,911.0,EMIRATES,0.3734,896.1,324.4,17.2,11.7,1920,1080,0.01,904.7,330.2
Round3,Q3,913,913.0,EMIRATES,0.5921,1171.6,359.6,45.7,13.2,1920,1080,0.029,1194.5,366.2
Round3,Q3,916,916.0,EMIRATES,0.6984,178.1,144.6,41.1,20.3,1920,1080,0.04,198.6,154.7
Round3,Q3,917,917.0,EMIRATES,0.8172,1369.3,485.0,42.9,14.6,1920,1080,0.03,1390.8,492.3
Round3,Q3,924,924.0,JAMESON,0.3687,0.0,53.6,34.7,17.2,1920,1080,0.029,17.4,62.2
Round3,Q3,941,941.0,EMIRATES,0.4899,1746.6,498.4,17.6,71.1,1920,1080,0.06,1755.4,534.0
Round3,Q3,943,943.0,EMIRATES,0.8852,749.2,609.8,54.4,15.9,1920,1080,0.042,776.4,617.8
Round3,Q3,943,943.0,EMIRATES,0.3079,1908.7,976.5,11.2,24.1,1920,1080,0.013,1914.4,988.6
Round3,Q3,946,946.0,BOWENS,0.9159,1583.4,155.3,118.6,26.4,1920,1080,0.151,1642.7,168.5
Round3,Q3,946,946.0,BOWENS,0.9078,1379.0,157.3,115.4,24.9,1920,1080,0.138,1436.7,169.7
Round3,Q3,946,946.0,BOWENS,0.9056,1691.5,325.8,119.0,28.8,1920,1080,0.165,1751.0,340.2
Round3,Q3,946,946.0,BOWENS,0.8993,314.3,153.5,116.3,26.1,1920,1080,0.146,372.5,166.5
Round3,Q3,946,946.0,BOWENS,0.8972,329.5,324.9,118.8,28.9,1920,1080,0.166,388.9,339.4
Round3,Q3,946,946.0,BOWENS,0.8964,1793.6,153.5,122.4,26.1,1920,1080,0.154,1854.8,166.6
Round3,Q3,946,946.0,BOWENS,0.8935,987.0,157.3,111.0,24.6,1920,1080,0.132,1042.5,169.6
Round3,Q3,946,946.0,BOWENS,0.891,1181.9,157.5,112.0,24.9,1920,1080,0.135,1237.9,169.9
Round3,Q3,946,946.0,BOWENS,0.8863,94.1,150.3,126.8,26.4,1920,1080,0.162,157.5,163.5
Round3,Q3,946,946.0,BOWENS,0.8847,1241.8,324.1,112.3,28.5,1920,1080,0.154,1298.0,338.3
Round3,Q3,946,946.0,BOWENS,0.8839,1009.2,323.9,110.7,28.3,1920,1080,0.151,1064.5,338.1
Round3,Q3,946,946.0,BOWENS,0.8821,519.4,155.5,113.6,25.0,1920,1080,0.137,576.2,168.0
Round3,Q3,946,946.0,BOWENS,0.8732,813.6,157.1,90.3,24.3,1920,1080,0.106,858.8,169.2
Round3,Q3,946,946.0,BOWENS,0.8618,110.1,326.1,86.6,28.0,1920,1080,0.117,153.4,340.1
Round3,Q3,946,946.0,BOWENS,0.8612,571.2,324.1,116.8,29.2,1920,1080,0.164,629.6,338.7
Round3,Q3,946,946.0,BOWENS,0.8436,1465.5,325.0,94.6,29.0,1920,1080,0.132,1512.8,339.6
Round3,Q3,946,946.0,BOWENS,0.5643,807.8,323.6,79.3,29.0,1920,1080,0.111,847.5,338.1
Round3,Q3,947,947.0,BOWENS,0.9203,580.2,338.2,114.6,27.8,1920,1080,0.153,637.5,352.0
Round3,Q3,947,947.0,BOWENS,0.9195,97.6,166.3,120.6,26.5,1920,1080,0.154,157.9,179.5
Round3,Q3,947,947.0,BOWENS,0.9178,339.7,339.3,114.6,28.3,1920,1080,0.157,397.0,353.4
Round3,Q3,947,947.0,BOWENS,0.9156,83.4,339.8,123.3,28.4,1920,1080,0.169,145.0,354.0
Round3,Q3,947,947.0,BOWENS,0.9152,310.4,169.5,115.7,25.5,1920,1080,0.142,368.2,182.3
Round3,Q3,947,947.0,BOWENS,0.9136,1773.6,171.3,121.5,25.7,1920,1080,0.151,1834.4,184.2
Round3,Q3,947,947.0,BOWENS,0.9083,784.8,173.3,109.8,24.5,1920,1080,0.13,839.7,185.5
Round3,Q3,947,947.0,BOWENS,0.9069,1686.1,341.3,118.1,28.9,1920,1080,0.164,1745.2,355.7
Round3,Q3,947,947.0,BOWENS,0.9057,1242.0,339.2,110.9,27.2,1920,1080,0.146,1297.5,352.8
Round3,Q3,947,947.0,BOWENS,0.9056,514.8,171.5,113.1,24.9,1920,1080,0.136,571.3,183.9
Round3,Q3,947,947.0,BOWENS,0.9054,1566.0,172.9,117.4,25.4,1920,1080,0.144,1624.7,185.5
Round3,Q3,947,947.0,BOWENS,0.9043,1170.5,173.9,109.2,24.7,1920,1080,0.13,1225.1,186.3
Round3,Q3,947,947.0,BOWENS,0.904,1367.2,173.8,113.3,24.5,1920,1080,0.134,1423.8,186.1
Round3,Q3,947,947.0,BOWENS,0.9028,1440.6,339.7,115.6,28.7,1920,1080,0.16,1498.4,354.0
Round3,Q3,947,947.0,BOWENS,0.9014,977.5,173.2,110.6,25.1,1920,1080,0.134,1032.8,185.8
Round3,Q3,947,947.0,BOWENS,0.9009,1009.9,338.6,110.9,27.5,1920,1080,0.147,1065.3,352.4
Round3,Q3,947,947.0,BOWENS,0.8928,779.9,337.8,109.3,28.4,1920,1080,0.15,834.6,352.0
Round3,Q3,948,948.0,BOWENS,0.92,1534.4,338.0,121.2,28.2,1920,1080,0.165,1595.0,352.1
Round3,Q3,948,948.0,BOWENS,0.9119,600.0,168.9,113.4,25.0,1920,1080,0.137,656.7,181.4
Round3,Q3,948,948.0,BOWENS,0.911,175.4,337.5,121.6,28.7,1920,1080,0.168,236.2,351.9
Round3,Q3,948,948.0,BOWENS,0.91,1789.9,338.6,123.5,28.9,1920,1080,0.172,1851.6,353.0
Round3,Q3,948,948.0,BOWENS,0.9098,1663.2,168.2,119.2,25.7,1920,1080,0.148,1722.8,181.0
Round3,Q3,948,948.0,BOWENS,0.9039,1258.8,170.3,112.9,24.9,1920,1080,0.135,1315.3,182.7
Round3,Q3,948,948.0,BOWENS,0.8996,869.7,170.4,109.8,23.8,1920,1080,0.126,924.6,182.3
Round3,Q3,948,948.0,BOWENS,0.8983,397.2,167.4,114.7,24.8,1920,1080,0.137,454.6,179.8
Round3,Q3,948,948.0,BOWENS,0.8975,859.1,335.6,119.7,28.8,1920,1080,0.166,919.0,350.0
Round3,Q3,948,948.0,BOWENS,0.8969,1458.6,169.6,116.1,24.8,1920,1080,0.139,1516.6,182.0
Round3,Q3,948,948.0,BOWENS,0.8934,185.8,165.0,120.1,26.0,1920,1080,0.15,245.9,178.0
Round3,Q3,948,948.0,BOWENS,0.8906,1064.3,170.2,108.8,24.5,1920,1080,0.128,1118.7,182.4
Round3,Q3,948,948.0,BOWENS,0.8901,426.9,337.6,117.0,28.3,1920,1080,0.16,485.4,351.7
Round3,Q3,948,948.0,BOWENS,0.8857,1334.4,337.6,115.2,27.5,1920,1080,0.153,1392.0,351.3
Round3,Q3,948,948.0,BOWENS,0.8834,0.0,338.0,77.8,30.9,1920,1080,0.116,38.9,353.5
Round3,Q3,948,948.0,BOWENS,0.8782,1099.5,336.3,111.3,28.6,1920,1080,0.154,1155.1,350.6
Round3,Q3,948,948.0,BOWENS,0.8778,0.0,161.9,88.8,27.6,1920,1080,0.118,44.4,175.7
Round3,Q3,948,948.0,BOWENS,0.8654,667.3,335.8,107.5,28.8,1920,1080,0.149,721.0,350.3
Round3,Q3,948,948.0,BOWENS,0.8472,1877.2,165.7,42.6,26.3,1920,1080,0.054,1898.5,178.8
Round3,Q3,949,949.0,BOWENS,0.8992,1746.7,162.9,113.5,24.5,1920,1080,0.134,1803.5,175.2
Round3,Q3,949,949.0,BOWENS,0.8988,148.3,326.8,117.3,27.4,1920,1080,0.155,206.9,340.5
Round3,Q3,949,949.0,BOWENS,0.8957,156.9,162.4,115.1,25.1,1920,1080,0.139,214.4,174.9
Round3,Q3,949,949.0,BOWENS,0.8896,989.7,323.4,104.3,26.3,1920,1080,0.133,1041.8,336.6
Round3,Q3,949,949.0,BOWENS,0.8893,1627.7,324.4,109.3,27.8,1920,1080,0.147,1682.4,338.3
Round3,Q3,949,949.0,BOWENS,0.8893,1359.2,165.8,106.6,23.3,1920,1080,0.12,1412.5,177.4
Round3,Q3,949,949.0,BOWENS,0.8871,1550.3,164.6,109.0,23.8,1920,1080,0.125,1604.9,176.5
Round3,Q3,949,949.0,BOWENS,0.887,1209.6,323.9,104.9,26.3,1920,1080,0.133,1262.1,337.1
Round3,Q3,949,949.0,BOWENS,0.8774,358.7,165.2,110.9,23.3,1920,1080,0.125,414.2,176.8
Round3,Q3,949,949.0,BOWENS,0.8762,1431.9,323.2,102.7,27.0,1920,1080,0.133,1483.3,336.7
Round3,Q3,949,949.0,BOWENS,0.8743,350.9,325.4,112.2,27.1,1920,1080,0.147,407.0,338.9
Round3,Q3,949,949.0,BOWENS,0.8742,549.7,165.5,108.1,23.5,1920,1080,0.123,603.8,177.3
Round3,Q3,949,949.0,BOWENS,0.874,581.7,324.4,107.4,27.0,1920,1080,0.14,635.4,337.9
Round3,Q3,949,949.0,BOWENS,0.8697,0.0,160.2,66.2,25.3,1920,1080,0.081,33.1,172.9
Round3,Q3,949,949.0,BOWENS,0.8676,1173.8,166.0,105.5,23.4,1920,1080,0.119,1226.5,177.7
Round3,Q3,949,949.0,BOWENS,0.8645,803.5,323.7,104.7,26.6,1920,1080,0.134,855.8,337.0
Round3,Q3,949,949.0,BOWENS,0.859,739.3,166.4,106.3,23.2,1920,1080,0.119,792.5,178.0
Round3,Q3,949,949.0,BOWENS,0.8511,1868.7,324.9,51.0,27.5,1920,1080,0.068,1894.2,338.6
Round3,Q3,949,949.0,BOWENS,0.8433,992.0,167.1,102.5,22.4,1920,1080,0.111,1043.2,178.3
Round3,Q3,949,949.0,BOWENS,0.7515,0.0,327.7,17.5,29.3,1920,1080,0.025,8.8,342.4
Round3,Q3,950,950.0,BOWENS,0.7399,1631.1,300.5,104.4,24.4,1920,1080,0.123,1683.3,312.7
Round3,Q3,950,950.0,BOWENS,0.7227,1557.1,153.1,96.6,21.2,1920,1080,0.099,1605.3,163.7
Round3,Q3,950,950.0,BOWENS,0.5922,1046.1,155.7,89.1,20.4,1920,1080,0.088,1090.7,165.9
Round3,Q3,950,950.0,BOWENS,0.3597,468.7,300.7,105.4,24.2,1920,1080,0.123,521.4,312.8
Round3,Q3,951,951.0,BOWENS,0.8869,1639.2,280.8,106.1,25.3,1920,1080,0.13,1692.2,293.4
Round3,Q3,951,951.0,BOWENS,0.8832,1049.5,278.9,98.0,26.0,1920,1080,0.123,1098.5,291.9
Round3,Q3,951,951.0,BOWENS,0.8812,466.9,280.4,101.9,25.8,1920,1080,0.127,517.8,293.3
Round3,Q3,951,951.0,BOWENS,0.8731,470.8,134.7,99.7,21.7,1920,1080,0.104,520.7,145.5
Round3,Q3,951,951.0,BOWENS,0.8707,1562.1,132.6,103.1,23.0,1920,1080,0.114,1613.7,144.1
Round3,Q3,951,951.0,BOWENS,0.8652,1045.1,134.7,98.0,22.6,1920,1080,0.107,1094.1,146.0
Round3,Q3,951,951.0,BOWENS,0.399,0.0,126.9,11.0,24.3,1920,1080,0.013,5.5,139.0
Round3,Q3,952,952.0,EMIRATES,0.3382,1024.9,431.5,25.5,20.3,1920,1080,0.025,1037.7,441.6
Round3,Q3,953,953.0,BOWENS,0.8987,1610.8,219.8,101.3,25.0,1920,1080,0.122,1661.4,232.3
Round3,Q3,953,953.0,BOWENS,0.8862,506.8,219.7,97.6,24.6,1920,1080,0.116,555.7,232.0
Round3,Q3,953,953.0,BOWENS,0.881,1535.5,80.6,97.5,21.2,1920,1080,0.1,1584.3,91.2
Round3,Q3,953,953.0,BOWENS,0.8776,503.9,80.7,94.9,21.2,1920,1080,0.097,551.3,91.4
Round3,Q3,953,953.0,BOWENS,0.8734,1056.4,218.7,90.8,24.0,1920,1080,0.105,1101.8,230.7
Round3,Q3,953,953.0,BOWENS,0.871,1048.3,81.5,91.2,20.9,1920,1080,0.092,1093.9,92.0
Round3,Q3,953,953.0,BOWENS,0.8677,0.0,72.3,75.4,23.5,1920,1080,0.085,37.7,84.1
Round3,Q3,954,954.0,BOWENS,0.8593,1433.2,242.6,84.6,20.8,1920,1080,0.085,1475.5,253.0
Round3,Q3,954,954.0,BOWENS,0.8561,17.2,115.2,94.6,20.9,1920,1080,0.095,64.5,125.7
Round3,Q3,954,954.0,BOWENS,0.8537,1810.6,121.2,95.3,20.9,1920,1080,0.096,1858.2,131.7
Round3,Q3,954,954.0,BOWENS,0.85,486.5,241.2,84.0,20.9,1920,1080,0.085,528.5,251.7
Round3,Q3,954,954.0,BOWENS,0.8464,1367.1,122.4,83.5,19.2,1920,1080,0.077,1408.8,132.0
Round3,Q3,954,954.0,BOWENS,0.8408,960.8,240.1,81.3,20.1,1920,1080,0.079,1001.5,250.1
Round3,Q3,954,954.0,BOWENS,0.8401,0.0,245.1,55.8,22.4,1920,1080,0.06,27.9,256.3
Round3,Q3,954,954.0,BOWENS,0.837,952.5,121.0,79.7,19.6,1920,1080,0.075,992.3,130.8
Round3,Q3,954,954.0,BOWENS,0.833,480.9,119.7,82.7,19.6,1920,1080,0.078,522.2,129.6
Round3,Q3,955,955.0,BOWENS,0.8525,768.1,282.5,73.8,18.6,1920,1080,0.066,805.0,291.8
Round3,Q3,955,955.0,BOWENS,0.8479,342.6,284.5,75.7,20.2,1920,1080,0.074,380.4,294.6
Round3,Q3,955,955.0,BOWENS,0.8416,1182.2,284.9,71.9,18.7,1920,1080,0.065,1218.1,294.3
Round3,Q3,955,955.0,BOWENS,0.8395,334.0,176.9,76.8,19.0,1920,1080,0.07,372.4,186.4
Round3,Q3,955,955.0,BOWENS,0.8321,758.5,178.1,71.2,17.8,1920,1080,0.061,794.1,187.0
Round3,Q3,955,955.0,BOWENS,0.8198,1607.7,292.4,83.4,19.9,1920,1080,0.08,1649.4,302.4
Round3,Q3,955,955.0,BOWENS,0.8088,1492.8,184.5,76.3,18.4,1920,1080,0.068,1531.0,193.7
Round3,Q3,955,955.0,BOWENS,0.8041,1121.3,180.8,72.1,17.2,1920,1080,0.06,1157.4,189.4
Round3,Q3,955,955.0,BOWENS,0.7523,236.7,10.9,47.7,13.4,1920,1080,0.031,260.6,17.6
Round3,Q3,955,955.0,BOWENS,0.7036,1052.1,22.7,42.0,11.9,1920,1080,0.024,1073.1,28.7
Round3,Q3,955,955.0,BOWENS,0.7002,854.0,21.6,43.0,13.0,1920,1080,0.027,875.5,28.1
Round3,Q3,955,955.0,BOWENS,0.6852,451.6,16.8,45.3,12.8,1920,1080,0.028,474.2,23.2
Round3,Q3,955,955.0,BOWENS,0.6783,0.7,0.2,54.0,15.4,1920,1080,0.04,27.7,7.9
Round3,Q3,955,955.0,BOWENS,0.6545,1248.7,21.9,43.2,12.8,1920,1080,0.027,1270.3,28.3
Round3,Q3,955,955.0,BOWENS,0.6528,1897.9,187.5,21.8,20.8,1920,1080,0.022,1908.8,197.9
Round3,Q3,955,955.0,BOWENS,0.6233,1452.2,20.5,45.6,13.5,1920,1080,0.03,1475.0,27.2
Round3,Q3,955,955.0,BOWENS,0.4805,656.5,20.4,43.3,12.9,1920,1080,0.027,678.1,26.8
Round3,Q3,955,955.0,BOWENS,0.4223,1663.2,16.4,48.8,14.1,1920,1080,0.033,1687.6,23.4
Round3,Q3,956,956.0,BOWENS,0.8278,538.0,321.3,66.9,17.4,1920,1080,0.056,571.4,330.0
Round3,Q3,956,956.0,BOWENS,0.8152,910.6,321.5,65.9,17.6,1920,1080,0.056,943.6,330.3
Round3,Q3,956,956.0,BOWENS,0.8038,1513.6,240.3,72.4,18.1,1920,1080,0.063,1549.8,249.3
Round3,Q3,956,956.0,BOWENS,0.8037,136.6,326.7,74.3,18.6,1920,1080,0.066,173.7,336.0
Round3,Q3,956,956.0,BOWENS,0.7973,852.3,228.3,65.9,16.6,1920,1080,0.053,885.3,236.7
Round3,Q3,956,956.0,BOWENS,0.7931,524.0,226.9,66.5,17.0,1920,1080,0.054,557.2,235.4
Round3,Q3,956,956.0,BOWENS,0.7847,125.4,226.7,74.2,17.9,1920,1080,0.064,162.5,235.6
Round3,Q3,956,956.0,BOWENS,0.781,1179.2,233.0,66.8,17.3,1920,1080,0.056,1212.6,241.7
Round3,Q3,956,956.0,BOWENS,0.7639,1668.2,346.6,70.1,20.2,1920,1080,0.068,1703.3,356.7
Round3,Q3,956,956.0,BOWENS,0.7472,1280.1,328.8,71.5,17.5,1920,1080,0.06,1315.8,337.6
Round3,Q3,956,956.0,BOWENS,0.742,1876.2,251.9,43.8,18.1,1920,1080,0.038,1898.1,260.9
Round3,Q3,956,956.0,BOWENS,0.6989,22.9,73.4,46.2,14.1,1920,1080,0.031,46.0,80.4
Round3,Q3,956,956.0,BOWENS,0.6434,229.1,80.2,43.6,13.3,1920,1080,0.028,250.9,86.9
Round3,Q3,956,956.0,BOWENS,0.6219,783.3,88.5,38.7,11.5,1920,1080,0.022,802.6,94.3
Round3,Q3,956,956.0,BOWENS,0.6174,422.0,84.6,43.0,13.3,1920,1080,0.028,443.6,91.2
Round3,Q3,956,956.0,BOWENS,0.4895,1896.6,85.7,23.4,12.5,1920,1080,0.014,1908.3,91.9
Round3,Q3,956,956.0,BOWENS,0.3932,1316.0,91.1,43.1,11.7,1920,1080,0.024,1337.6,97.0
Round3,Q3,957,957.0,BOWENS,0.8705,1861.5,271.3,58.5,20.2,1920,1080,0.057,1890.8,281.4
Round3,Q3,957,957.0,BOWENS,0.8467,1507.3,254.2,68.5,19.6,1920,1080,0.065,1541.5,264.1
Round3,Q3,957,957.0,BOWENS,0.8304,558.3,327.5,70.4,18.3,1920,1080,0.062,593.5,336.7
Round3,Q3,957,957.0,BOWENS,0.8162,1166.4,243.3,67.2,17.9,1920,1080,0.058,1200.1,252.3
Round3,Q3,957,957.0,BOWENS,0.8018,495.4,232.5,68.6,17.3,1920,1080,0.057,529.7,241.1
Round3,Q3,957,957.0,BOWENS,0.8,833.5,236.8,65.6,17.3,1920,1080,0.055,866.3,245.4
Round3,Q3,957,957.0,BOWENS,0.798,1315.4,347.8,66.7,19.8,1920,1080,0.064,1348.7,357.8
Round3,Q3,957,957.0,BOWENS,0.7979,937.3,331.8,71.6,17.7,1920,1080,0.061,973.1,340.6
Round3,Q3,957,957.0,BOWENS,0.715,136.4,230.7,72.5,15.7,1920,1080,0.055,172.6,238.6
Round3,Q3,957,957.0,BOWENS,0.7074,0.2,71.7,51.7,15.7,1920,1080,0.039,26.1,79.6
Round3,Q3,957,957.0,BOWENS,0.7037,1507.9,94.3,43.3,14.2,1920,1080,0.03,1529.6,101.4
Round3,Q3,957,957.0,BOWENS,0.6937,1701.1,93.3,45.4,14.2,1920,1080,0.031,1723.7,100.4
Round3,Q3,957,957.0,BOWENS,0.6889,154.8,329.5,74.3,18.6,1920,1080,0.067,192.0,338.8
Round3,Q3,957,957.0,BOWENS,0.6843,408.6,86.4,41.6,12.4,1920,1080,0.025,429.5,92.6
Round3,Q3,957,957.0,BOWENS,0.6279,1679.4,376.9,62.5,22.7,1920,1080,0.068,1710.7,388.3
Round3,Q3,957,957.0,BOWENS,0.5293,957.1,93.2,41.4,13.1,1920,1080,0.026,977.8,99.8
Round3,Q3,957,957.0,BOWENS,0.4972,1320.5,95.0,42.8,13.1,1920,1080,0.027,1341.9,101.6
Round3,Q3,957,957.0,BOWENS,0.3578,777.1,91.0,41.6,13.3,1920,1080,0.027,797.9,97.6
Round3,Q3,958,958.0,BOWENS,0.8427,1052.1,340.9,70.8,20.1,1920,1080,0.069,1087.5,350.9
Round3,Q3,958,958.0,BOWENS,0.8343,155.9,217.1,79.3,17.8,1920,1080,0.068,195.5,226.0
Round3,Q3,958,958.0,BOWENS,0.8339,1244.6,242.1,72.6,19.6,1920,1080,0.069,1280.9,251.9
Round3,Q3,958,958.0,BOWENS,0.829,657.7,325.9,73.6,17.9,1920,1080,0.063,694.5,334.8
Round3,Q3,958,958.0,BOWENS,0.8255,1804.1,417.9,77.2,28.8,1920,1080,0.107,1842.7,432.3
Round3,Q3,958,958.0,BOWENS,0.8202,892.3,231.1,72.3,17.7,1920,1080,0.062,928.5,240.0
Round3,Q3,958,958.0,BOWENS,0.8188,234.9,321.8,78.0,19.2,1920,1080,0.072,273.9,331.4
Round3,Q3,958,958.0,BOWENS,0.8043,534.4,224.0,73.7,17.4,1920,1080,0.062,571.2,232.7
Round3,Q3,958,958.0,BOWENS,0.781,1597.2,260.3,71.3,19.9,1920,1080,0.068,1632.8,270.3
Round3,Q3,958,958.0,BOWENS,0.7305,261.0,60.3,47.4,13.7,1920,1080,0.031,284.7,67.1
Round3,Q3,958,958.0,BOWENS,0.7283,1841.4,71.0,49.9,14.3,1920,1080,0.034,1866.4,78.2
Round3,Q3,958,958.0,BOWENS,0.6517,1632.4,74.9,46.0,13.6,1920,1080,0.03,1655.4,81.7
Round3,Q3,958,958.0,BOWENS,0.5462,662.5,70.5,45.3,13.3,1920,1080,0.029,685.1,77.2
Round3,Q3,958,958.0,BOWENS,0.5331,1238.6,75.8,45.0,13.5,1920,1080,0.029,1261.1,82.6
Round3,Q3,958,958.0,BOWENS,0.5263,39.3,51.1,52.0,13.9,1920,1080,0.035,65.3,58.0
Round3,Q3,958,958.0,BOWENS,0.3704,1433.2,76.0,45.5,13.2,1920,1080,0.029,1456.0,82.6
Round3,Q3,958,958.0,BOWENS,0.3524,1424.2,370.4,71.0,21.6,1920,1080,0.074,1459.7,381.2
Round3,Q3,959,959.0,BOWENS,0.8294,247.9,235.2,79.2,18.7,1920,1080,0.072,287.5,244.6
Round3,Q3,959,959.0,BOWENS,0.8293,631.0,244.1,73.6,18.1,1920,1080,0.064,667.8,253.1
Round3,Q3,959,959.0,BOWENS,0.8279,993.4,255.3,71.4,19.4,1920,1080,0.067,1029.1,265.0
Round3,Q3,959,959.0,BOWENS,0.8261,1731.4,301.6,66.3,24.8,1920,1080,0.079,1764.5,314.0
Round3,Q3,959,959.0,BOWENS,0.7949,384.9,342.2,79.4,19.3,1920,1080,0.074,424.6,351.9
Round3,Q3,959,959.0,BOWENS,0.7766,799.6,357.1,71.3,20.1,1920,1080,0.069,835.2,367.1
Round3,Q3,959,959.0,BOWENS,0.7536,1368.7,89.6,42.7,13.1,1920,1080,0.027,1390.1,96.2
Round3,Q3,959,959.0,BOWENS,0.7333,1344.2,273.4,71.0,20.3,1920,1080,0.069,1379.6,283.5
Round3,Q3,959,959.0,BOWENS,0.6967,1547.5,431.2,67.9,27.6,1920,1080,0.09,1581.4,445.0
Round3,Q3,959,959.0,BOWENS,0.683,784.8,84.6,42.1,13.4,1920,1080,0.027,805.8,91.3
Round3,Q3,959,959.0,BOWENS,0.6579,1567.6,88.0,46.7,15.0,1920,1080,0.034,1590.9,95.4
Round3,Q3,959,959.0,BOWENS,0.612,1778.1,85.3,45.3,15.3,1920,1080,0.033,1800.8,93.0
Round3,Q3,959,959.0,BOWENS,0.5708,980.3,86.8,40.8,12.9,1920,1080,0.025,1000.7,93.3
Round3,Q3,959,959.0,BOWENS,0.5072,1176.1,386.5,68.6,21.1,1920,1080,0.07,1210.4,397.0
Round3,Q3,959,959.0,BOWENS,0.3816,379.5,76.0,44.1,12.9,1920,1080,0.028,401.5,82.4
Round3,Q3,960,960.0,BOWENS,0.8547,1622.7,303.8,66.8,24.1,1920,1080,0.078,1656.2,315.8
Round3,Q3,960,960.0,BOWENS,0.8481,824.7,253.6,75.2,20.5,1920,1080,0.074,862.3,263.9
Round3,Q3,960,960.0,BOWENS,0.8462,138.6,348.6,87.1,21.5,1920,1080,0.09,182.1,359.3
Round3,Q3,960,960.0,BOWENS,0.8341,1209.0,273.7,73.1,20.7,1920,1080,0.073,1245.5,284.1
Round3,Q3,960,960.0,BOWENS,0.8324,419.2,240.0,81.0,19.7,1920,1080,0.077,459.7,249.9
Round3,Q3,960,960.0,BOWENS,0.8279,610.1,365.9,79.1,21.6,1920,1080,0.082,649.7,376.7
Round3,Q3,960,960.0,BOWENS,0.8191,1029.7,396.8,70.8,24.5,1920,1080,0.084,1065.1,409.1
Round3,Q3,960,960.0,BOWENS,0.8072,0.0,227.2,59.1,19.2,1920,1080,0.055,29.6,236.8
Round3,Q3,960,960.0,BOWENS,0.7861,1660.4,68.5,48.7,16.5,1920,1080,0.039,1684.8,76.8
Round3,Q3,960,960.0,BOWENS,0.7824,1821.8,524.9,70.5,41.5,1920,1080,0.141,1857.1,545.6
Round3,Q3,960,960.0,BOWENS,0.7697,1224.7,70.9,45.2,15.0,1920,1080,0.033,1247.3,78.4
Round3,Q3,960,960.0,BOWENS,0.7673,1890.2,61.9,29.8,17.0,1920,1080,0.024,1905.1,70.4
Round3,Q3,960,960.0,BOWENS,0.7462,1439.6,70.8,46.3,15.4,1920,1080,0.034,1462.7,78.5
Round3,Q3,960,960.0,BOWENS,0.7433,800.2,67.2,45.7,14.5,1920,1080,0.032,823.1,74.4
Round3,Q3,960,960.0,BOWENS,0.7111,110.7,44.3,53.2,15.3,1920,1080,0.039,137.3,51.9
Round3,Q3,960,960.0,BOWENS,0.7067,1429.0,444.7,72.5,28.9,1920,1080,0.101,1465.3,459.2
Round3,Q3,960,960.0,BOWENS,0.6927,1013.7,69.6,45.3,14.5,1920,1080,0.032,1036.3,76.9
Round3,Q3,960,960.0,BOWENS,0.6433,582.0,62.7,45.7,14.2,1920,1080,0.031,604.8,69.7
Round3,Q3,961,961.0,BOWENS,0.8628,184.7,256.2,93.3,23.4,1920,1080,0.105,231.4,267.9
Round3,Q3,961,961.0,BOWENS,0.8566,407.8,397.9,89.5,25.0,1920,1080,0.108,452.5,410.4
Round3,Q3,961,961.0,BOWENS,0.8498,646.3,273.6,83.3,22.9,1920,1080,0.092,687.9,285.1
Round3,Q3,961,961.0,BOWENS,0.839,1513.3,329.2,72.7,27.1,1920,1080,0.095,1549.7,342.7
Round3,Q3,961,961.0,BOWENS,0.8286,872.2,429.2,80.5,29.1,1920,1080,0.113,912.5,443.8
Round3,Q3,961,961.0,BOWENS,0.8127,1788.2,68.5,52.3,18.4,1920,1080,0.046,1814.4,77.7
Round3,Q3,961,961.0,BOWENS,0.8093,1729.6,569.5,75.9,49.1,1920,1080,0.18,1767.6,594.1
Round3,Q3,961,961.0,BOWENS,0.7896,363.6,59.2,53.3,16.3,1920,1080,0.042,390.3,67.4
Round3,Q3,961,961.0,BOWENS,0.7835,1073.0,298.1,76.2,22.3,1920,1080,0.082,1111.1,309.2
Round3,Q3,961,961.0,BOWENS,0.7704,1079.9,74.9,49.2,15.6,1920,1080,0.037,1104.5,82.7
Round3,Q3,961,961.0,BOWENS,0.7648,1311.0,75.9,49.5,15.4,1920,1080,0.037,1335.8,83.7
Round3,Q3,961,961.0,BOWENS,0.7595,847.6,71.1,50.3,17.2,1920,1080,0.042,872.8,79.7
Round3,Q3,961,961.0,BOWENS,0.7541,1547.0,73.8,50.8,16.8,1920,1080,0.041,1572.4,82.2
Round3,Q3,961,961.0,BOWENS,0.7282,1889.2,369.0,30.7,30.8,1920,1080,0.046,1904.5,384.4
Round3,Q3,961,961.0,BOWENS,0.7159,611.5,66.8,50.6,16.4,1920,1080,0.04,636.8,74.9
Round3,Q3,961,961.0,BOWENS,0.5772,1311.0,483.1,88.3,35.4,1920,1080,0.151,1355.2,500.8
Round3,Q3,962,962.0,EMIRATES,0.844,1307.9,719.2,60.8,19.3,1920,1080,0.057,1338.3,728.8
Round3,Q3,962,962.0,EMIRATES,0.8223,864.6,7.4,61.1,259.4,1920,1080,0.764,895.2,137.1
Round3,Q3,963,963.0,EMIRATES,0.8865,885.4,745.8,44.9,18.1,1920,1080,0.039,907.8,754.9
Round3,Q3,963,963.0,EMIRATES,0.8407,218.2,156.9,53.7,303.5,1920,1080,0.786,245.1,308.6
Round3,Q3,963,963.0,EMIRATES,0.7978,679.1,1042.8,47.5,19.8,1920,1080,0.045,702.8,1052.7
Round3,Q3,963,963.0,EMIRATES,0.4313,876.9,412.1,26.6,16.5,1920,1080,0.021,890.1,420.4
Round3,Q3,964,964.0,EMIRATES,0.8806,256.9,881.2,60.6,19.7,1920,1080,0.058,287.2,891.1
Round3,Q3,964,964.0,EMIRATES,0.8692,389.4,526.4,54.7,18.2,1920,1080,0.048,416.7,535.5
Round3,Q3,964,964.0,EMIRATES,0.8443,857.7,314.1,43.8,15.5,1920,1080,0.033,879.6,321.8
Round3,Q3,964,964.0,BOWENS,0.428,514.8,102.5,598.4,201.1,1920,1080,5.804,814.0,203.1
Round3,Q3,965,965.0,EMIRATES,0.8721,248.2,456.4,65.3,21.1,1920,1080,0.066,280.8,466.9
Round3,Q3,965,965.0,EMIRATES,0.8682,1020.0,288.9,57.1,25.9,1920,1080,0.071,1048.6,301.8
Round3,Q3,966,966.0,EMIRATES,0.8788,1147.7,360.5,41.8,21.1,1920,1080,0.043,1168.6,371.1
Round3,Q3,966,966.0,EMIRATES,0.8782,621.2,399.4,72.6,23.7,1920,1080,0.083,657.5,411.3
Round3,Q3,967,967.0,EMIRATES,0.8753,1667.6,578.2,132.3,36.9,1920,1080,0.235,1733.8,596.7
Round3,Q3,967,967.0,EMIRATES,0.8499,924.0,437.4,141.9,53.6,1920,1080,0.367,995.0,464.2
Round3,Q3,967,967.0,EMIRATES,0.7919,1201.4,429.7,100.9,46.8,1920,1080,0.228,1251.8,453.1
Round3,Q3,968,968.0,EMIRATES,0.9073,1115.4,441.9,158.2,47.4,1920,1080,0.362,1194.5,465.6
Round3,Q3,969,969.0,EMIRATES,0.9075,1037.4,345.0,163.4,43.8,1920,1080,0.345,1119.1,366.9
Round3,Q3,969,969.0,EMIRATES,0.8924,1643.7,576.1,82.6,52.9,1920,1080,0.211,1685.0,602.6
Round3,Q3,969,969.0,EMIRATES,0.7943,144.2,537.5,133.8,61.9,1920,1080,0.4,211.1,568.5
Round3,Q3,970,970.0,EMIRATES,0.9094,1264.0,395.9,129.2,42.2,1920,1080,0.263,1328.6,417.0
Round3,Q3,970,970.0,EMIRATES,0.8919,267.6,503.2,168.0,45.8,1920,1080,0.371,351.6,526.1
Round3,Q3,970,970.0,EMIRATES,0.8137,808.6,315.2,132.4,72.3,1920,1080,0.462,874.8,351.3
Round3,Q3,971,971.0,EMIRATES,0.9146,377.5,487.2,143.4,48.9,1920,1080,0.338,449.2,511.7
Round3,Q3,971,971.0,EMIRATES,0.9031,1075.7,318.9,154.4,44.8,1920,1080,0.334,1152.9,341.3
Round3,Q3,971,971.0,EMIRATES,0.8327,1714.3,392.3,75.6,57.6,1920,1080,0.21,1752.1,421.1
Round3,Q3,971,971.0,BOWENS,0.602,411.3,325.6,477.4,183.2,1920,1080,4.218,650.0,417.2
Round3,Q3,973,973.0,BOWENS,0.8872,298.6,363.6,86.3,22.5,1920,1080,0.094,341.8,374.8
Round3,Q3,973,973.0,BOWENS,0.8639,757.3,387.2,78.5,23.9,1920,1080,0.09,796.5,399.2
Round3,Q3,973,973.0,BOWENS,0.8617,412.5,247.7,81.7,20.8,1920,1080,0.082,453.4,258.1
Round3,Q3,973,973.0,BOWENS,0.857,140.6,360.6,91.0,21.7,1920,1080,0.095,186.1,371.4
Round3,Q3,973,973.0,BOWENS,0.852,1521.7,304.5,75.9,24.9,1920,1080,0.091,1559.6,316.9
Round3,Q3,973,973.0,BOWENS,0.8488,1643.8,314.6,73.9,25.9,1920,1080,0.092,1680.8,327.5
Round3,Q3,973,973.0,BOWENS,0.848,471.0,370.7,80.4,23.1,1920,1080,0.089,511.2,382.2
Round3,Q3,973,973.0,BOWENS,0.845,261.9,244.0,86.4,19.4,1920,1080,0.081,305.1,253.7
Round3,Q3,973,973.0,BOWENS,0.8438,1097.1,277.4,70.5,20.5,1920,1080,0.07,1132.3,287.7
Round3,Q3,973,973.0,BOWENS,0.8429,1221.3,283.2,73.8,23.0,1920,1080,0.082,1258.2,294.7
Round3,Q3,973,973.0,BOWENS,0.8396,556.0,253.0,80.9,20.2,1920,1080,0.079,596.5,263.1
Round3,Q3,973,973.0,BOWENS,0.8385,632.9,378.2,75.6,24.3,1920,1080,0.089,670.7,390.3
Round3,Q3,973,973.0,BOWENS,0.8346,1591.1,488.0,76.3,37.5,1920,1080,0.138,1629.3,506.7
Round3,Q3,973,973.0,BOWENS,0.8291,693.7,258.3,78.7,20.9,1920,1080,0.079,733.1,268.7
Round3,Q3,973,973.0,BOWENS,0.829,128.6,239.4,66.3,19.8,1920,1080,0.063,161.8,249.3
Round3,Q3,973,973.0,BOWENS,0.8263,909.4,398.9,71.2,24.6,1920,1080,0.084,945.0,411.2
Round3,Q3,973,973.0,BOWENS,0.8251,830.2,264.0,75.2,20.2,1920,1080,0.073,867.8,274.1
Round3,Q3,973,973.0,BOWENS,0.8166,1670.7,69.4,51.0,16.1,1920,1080,0.04,1696.2,77.4
Round3,Q3,973,973.0,BOWENS,0.8155,1469.5,465.8,72.0,34.3,1920,1080,0.119,1505.5,482.9
Round3,Q3,973,973.0,BOWENS,0.8148,962.3,270.3,76.2,20.1,1920,1080,0.074,1000.4,280.3
Round3,Q3,973,973.0,BOWENS,0.8095,1730.4,519.5,59.4,38.8,1920,1080,0.111,1760.1,538.9
Round3,Q3,973,973.0,BOWENS,0.7899,783.2,71.2,47.8,14.3,1920,1080,0.033,807.2,78.4
Round3,Q3,973,973.0,BOWENS,0.7897,851.2,71.8,47.2,14.8,1920,1080,0.034,874.8,79.2
Round3,Q3,973,973.0,BOWENS,0.7856,1002.8,74.0,46.8,14.4,1920,1080,0.032,1026.2,81.2
Round3,Q3,973,973.0,BOWENS,0.7767,1420.9,296.5,52.0,21.9,1920,1080,0.055,1446.9,307.5
Round3,Q3,973,973.0,BOWENS,0.7727,927.0,73.3,44.9,13.7,1920,1080,0.03,949.4,80.1
Round3,Q3,973,973.0,BOWENS,0.7694,142.2,47.6,55.3,15.7,1920,1080,0.042,169.8,55.4
Round3,Q3,973,973.0,BOWENS,0.7682,1219.5,75.2,47.7,13.9,1920,1080,0.032,1243.4,82.1
Round3,Q3,973,973.0,BOWENS,0.7629,1589.0,71.7,49.2,15.5,1920,1080,0.037,1613.6,79.5
Round3,Q3,973,973.0,BOWENS,0.7544,1286.8,74.8,48.5,14.6,1920,1080,0.034,1311.0,82.1
Round3,Q3,973,973.0,BOWENS,0.7534,1069.5,74.2,45.5,14.8,1920,1080,0.032,1092.3,81.6
Round3,Q3,973,973.0,BOWENS,0.7463,476.9,62.2,51.1,15.9,1920,1080,0.039,502.4,70.1
Round3,Q3,973,973.0,BOWENS,0.739,1144.4,74.6,47.5,14.6,1920,1080,0.034,1168.2,82.0
Round3,Q3,973,973.0,BOWENS,0.7319,628.4,67.0,48.4,15.3,1920,1080,0.036,652.6,74.7
Round3,Q3,973,973.0,BOWENS,0.7286,1510.8,72.6,50.0,15.8,1920,1080,0.038,1535.8,80.5
Round3,Q3,973,973.0,BOWENS,0.7226,706.7,69.1,46.1,14.0,1920,1080,0.031,729.8,76.1
Round3,Q3,973,973.0,BOWENS,0.718,1440.8,73.8,49.3,15.4,1920,1080,0.037,1465.5,81.5
Round3,Q3,973,973.0,BOWENS,0.6979,1362.9,74.4,47.5,14.8,1920,1080,0.034,1386.6,81.8
Round3,Q3,973,973.0,BOWENS,0.6857,1746.0,65.7,42.6,18.3,1920,1080,0.038,1767.3,74.9
Round3,Q3,973,973.0,BOWENS,0.6831,558.6,65.3,49.8,15.5,1920,1080,0.037,583.5,73.0
Round3,Q3,973,973.0,BOWENS,0.66,1055.9,412.0,73.6,25.9,1920,1080,0.092,1092.7,424.9
Round3,Q3,973,973.0,BOWENS,0.606,1174.3,426.0,73.7,27.3,1920,1080,0.097,1211.1,439.7
Round3,Q3,974,974.0,BOWENS,0.8763,265.9,246.0,88.6,20.8,1920,1080,0.089,310.2,256.4
Round3,Q3,974,974.0,BOWENS,0.8553,305.1,368.8,86.7,22.5,1920,1080,0.094,348.5,380.1
Round3,Q3,974,974.0,BOWENS,0.8541,129.3,241.2,68.6,20.6,1920,1080,0.068,163.6,251.5
Round3,Q3,974,974.0,BOWENS,0.8531,643.6,384.3,76.8,25.0,1920,1080,0.093,682.0,396.8
Round3,Q3,974,974.0,BOWENS,0.8485,480.7,376.6,78.3,23.3,1920,1080,0.088,519.8,388.3
Round3,Q3,974,974.0,BOWENS,0.8474,1110.0,279.9,79.2,22.4,1920,1080,0.085,1149.6,291.1
Round3,Q3,974,974.0,BOWENS,0.8455,705.7,261.4,81.2,20.9,1920,1080,0.082,746.3,271.9
Round3,Q3,974,974.0,BOWENS,0.8399,1243.7,287.5,76.2,22.9,1920,1080,0.084,1281.8,298.9
Round3,Q3,974,974.0,BOWENS,0.8389,418.0,250.5,85.4,20.8,1920,1080,0.086,460.7,260.9
Round3,Q3,974,974.0,BOWENS,0.8377,1675.4,319.1,76.4,26.3,1920,1080,0.097,1713.6,332.2
Round3,Q3,974,974.0,BOWENS,0.8366,567.0,256.0,79.8,20.2,1920,1080,0.078,606.9,266.1
Round3,Q3,974,974.0,BOWENS,0.8361,145.0,364.5,87.2,23.3,1920,1080,0.098,188.6,376.2
Round3,Q3,974,974.0,BOWENS,0.8305,1550.4,309.0,76.9,24.4,1920,1080,0.09,1588.8,321.2
Round3,Q3,974,974.0,BOWENS,0.828,843.6,266.6,77.1,20.8,1920,1080,0.077,882.1,277.0
Round3,Q3,974,974.0,BOWENS,0.8277,1624.2,498.8,74.8,38.2,1920,1080,0.138,1661.6,517.9
Round3,Q3,974,974.0,BOWENS,0.8245,774.1,392.9,79.0,24.9,1920,1080,0.095,813.5,405.4
Round3,Q3,974,974.0,BOWENS,0.8241,979.0,273.1,77.8,21.0,1920,1080,0.079,1017.9,283.6
Round3,Q3,974,974.0,BOWENS,0.813,1698.4,65.8,53.3,17.6,1920,1080,0.045,1725.1,74.6
Round3,Q3,974,974.0,BOWENS,0.8102,1433.5,298.5,65.5,25.2,1920,1080,0.08,1466.3,311.1
Round3,Q3,974,974.0,BOWENS,0.8092,1614.0,69.3,51.0,16.1,1920,1080,0.04,1639.6,77.4
Round3,Q3,974,974.0,BOWENS,0.8071,1496.5,474.8,75.2,36.1,1920,1080,0.131,1534.1,492.8
Round3,Q3,974,974.0,BOWENS,0.8018,859.8,70.2,48.4,15.5,1920,1080,0.036,884.0,78.0
Round3,Q3,974,974.0,BOWENS,0.7942,924.7,405.8,74.5,25.4,1920,1080,0.091,962.0,418.5
Round3,Q3,974,974.0,BOWENS,0.7916,1305.1,73.0,48.9,15.5,1920,1080,0.037,1329.6,80.8
Round3,Q3,974,974.0,BOWENS,0.7752,1014.2,72.7,47.9,14.6,1920,1080,0.034,1038.2,80.0
Round3,Q3,974,974.0,BOWENS,0.771,936.7,72.0,46.9,14.2,1920,1080,0.032,960.2,79.1
Round3,Q3,974,974.0,BOWENS,0.7601,1236.4,73.6,48.9,14.7,1920,1080,0.035,1260.8,80.9
Round3,Q3,974,974.0,BOWENS,0.759,1075.3,420.7,70.8,26.9,1920,1080,0.092,1110.7,434.2
Round3,Q3,974,974.0,BOWENS,0.7589,1082.4,72.5,48.8,15.5,1920,1080,0.036,1106.7,80.3
Round3,Q3,974,974.0,BOWENS,0.7532,1462.3,72.1,51.2,15.9,1920,1080,0.039,1487.9,80.1
Round3,Q3,974,974.0,BOWENS,0.753,1382.3,72.8,49.6,15.3,1920,1080,0.037,1407.1,80.5
Round3,Q3,974,974.0,BOWENS,0.7504,712.2,67.7,47.5,14.7,1920,1080,0.034,735.9,75.0
Round3,Q3,974,974.0,BOWENS,0.7429,1158.6,73.0,47.9,15.5,1920,1080,0.036,1182.6,80.8
Round3,Q3,974,974.0,BOWENS,0.7119,478.1,61.1,50.7,15.8,1920,1080,0.039,503.5,69.0
Round3,Q3,974,974.0,BOWENS,0.7108,1534.8,70.8,51.5,15.8,1920,1080,0.039,1560.5,78.7
Round3,Q3,974,974.0,BOWENS,0.7091,632.6,65.5,49.3,16.0,1920,1080,0.038,657.3,73.5
Round3,Q3,974,974.0,BOWENS,0.6911,560.3,63.7,51.6,15.9,1920,1080,0.04,586.1,71.7
Round3,Q3,974,974.0,BOWENS,0.6748,791.3,69.6,48.2,14.5,1920,1080,0.034,815.4,76.9
Round3,Q3,974,974.0,BOWENS,0.6558,134.9,45.9,55.3,15.3,1920,1080,0.041,162.6,53.5
Round3,Q3,974,974.0,BOWENS,0.3989,1767.3,528.8,22.4,35.3,1920,1080,0.038,1778.5,546.4
Round3,Q3,975,975.0,BOWENS,0.8694,663.8,385.1,78.6,25.9,1920,1080,0.098,703.1,398.0
Round3,Q3,975,975.0,BOWENS,0.8632,1139.8,279.2,82.1,22.8,1920,1080,0.09,1180.8,290.6
Round3,Q3,975,975.0,BOWENS,0.8596,156.8,365.6,94.5,23.1,1920,1080,0.105,204.1,377.2
Round3,Q3,975,975.0,BOWENS,0.8595,498.2,378.7,80.3,23.0,1920,1080,0.089,538.3,390.2
Round3,Q3,975,975.0,BOWENS,0.8571,586.1,254.7,80.7,20.5,1920,1080,0.08,626.5,264.9
Round3,Q3,975,975.0,BOWENS,0.8531,319.5,370.4,89.5,22.3,1920,1080,0.096,364.3,381.5
Round3,Q3,975,975.0,BOWENS,0.8515,278.4,244.1,90.9,21.0,1920,1080,0.092,323.8,254.5
Round3,Q3,975,975.0,BOWENS,0.851,796.8,394.9,81.3,26.4,1920,1080,0.103,837.5,408.1
Round3,Q3,975,975.0,BOWENS,0.8509,434.3,248.8,85.9,21.3,1920,1080,0.088,477.2,259.4
Round3,Q3,975,975.0,BOWENS,0.8499,726.3,259.9,84.0,21.3,1920,1080,0.086,768.3,270.6
Round3,Q3,975,975.0,BOWENS,0.8492,1008.4,272.0,77.5,21.9,1920,1080,0.082,1047.1,283.0
Round3,Q3,975,975.0,BOWENS,0.8445,1593.2,309.4,78.9,25.3,1920,1080,0.096,1632.6,322.0
Round3,Q3,975,975.0,BOWENS,0.8437,130.0,239.0,80.7,20.8,1920,1080,0.081,170.3,249.4
Round3,Q3,975,975.0,BOWENS,0.8391,1464.2,299.1,75.0,25.5,1920,1080,0.092,1501.7,311.8
Round3,Q3,975,975.0,BOWENS,0.8383,866.9,265.3,80.2,21.3,1920,1080,0.082,907.0,275.9
Round3,Q3,975,975.0,BOWENS,0.8339,1537.4,480.5,77.4,36.4,1920,1080,0.136,1576.1,498.7
Round3,Q3,975,975.0,BOWENS,0.8307,1721.6,319.1,68.7,26.9,1920,1080,0.089,1756.0,332.6
Round3,Q3,975,975.0,BOWENS,0.8295,1278.0,287.4,77.4,22.9,1920,1080,0.085,1316.7,298.9
Round3,Q3,975,975.0,BOWENS,0.8141,1671.0,506.5,75.9,38.8,1920,1080,0.142,1708.9,525.8
Round3,Q3,975,975.0,BOWENS,0.8112,1377.8,456.2,86.9,32.9,1920,1080,0.138,1421.2,472.6
Round3,Q3,975,975.0,BOWENS,0.7841,646.2,59.1,49.5,15.1,1920,1080,0.036,670.9,66.7
Round3,Q3,975,975.0,BOWENS,0.7828,727.0,60.9,48.5,15.3,1920,1080,0.036,751.2,68.5
Round3,Q3,975,975.0,BOWENS,0.7729,1741.5,57.5,47.1,18.2,1920,1080,0.041,1765.1,66.6
Round3,Q3,975,975.0,BOWENS,0.771,1264.4,66.6,50.2,15.1,1920,1080,0.036,1289.4,74.1
Round3,Q3,975,975.0,BOWENS,0.7707,1335.4,65.6,49.2,15.7,1920,1080,0.037,1360.0,73.5
Round3,Q3,975,975.0,BOWENS,0.7698,1653.6,61.0,54.0,17.4,1920,1080,0.045,1680.6,69.6
Round3,Q3,975,975.0,BOWENS,0.7476,956.9,64.9,48.4,15.5,1920,1080,0.036,981.1,72.6
Round3,Q3,975,975.0,BOWENS,0.7472,1414.6,65.6,49.0,15.6,1920,1080,0.037,1439.1,73.4
Round3,Q3,975,975.0,BOWENS,0.7448,573.1,57.5,50.9,14.5,1920,1080,0.036,598.6,64.7
Round3,Q3,975,975.0,BOWENS,0.7446,487.1,53.4,52.1,16.6,1920,1080,0.042,513.1,61.7
Round3,Q3,975,975.0,BOWENS,0.7322,807.9,63.0,49.8,14.7,1920,1080,0.035,832.8,70.4
Round3,Q3,975,975.0,BOWENS,0.7249,951.0,408.2,88.5,25.7,1920,1080,0.11,995.3,421.1
Round3,Q3,975,975.0,BOWENS,0.7227,1105.9,65.6,50.0,16.1,1920,1080,0.039,1130.8,73.6
Round3,Q3,975,975.0,BOWENS,0.7203,1235.5,437.5,71.1,30.0,1920,1080,0.103,1271.1,452.5
Round3,Q3,975,975.0,BOWENS,0.7124,1183.3,65.8,50.2,16.1,1920,1080,0.039,1208.4,73.8
Round3,Q3,975,975.0,BOWENS,0.7044,1571.4,62.3,53.3,17.4,1920,1080,0.045,1598.0,71.0
Round3,Q3,975,975.0,BOWENS,0.6983,1035.6,65.5,50.7,16.4,1920,1080,0.04,1060.9,73.7
Round3,Q3,975,975.0,BOWENS,0.6976,877.9,63.2,50.5,16.1,1920,1080,0.039,903.1,71.2
Round3,Q3,975,975.0,BOWENS,0.6345,1106.0,422.4,79.5,29.0,1920,1080,0.111,1145.8,436.9
Round3,Q3,975,975.0,BOWENS,0.6159,1497.1,64.1,51.5,16.9,1920,1080,0.042,1522.8,72.5
Round3,Q3,975,975.0,BOWENS,0.5618,137.4,38.3,47.5,15.8,1920,1080,0.036,161.1,46.2
Round3,Q3,977,977.0,EMIRATES,0.367,1253.9,455.2,9.2,39.1,1920,1080,0.017,1258.5,474.7
Round3,Q3,979,979.0,EMIRATES,0.3227,1235.3,452.5,9.8,43.3,1920,1080,0.02,1240.2,474.2
Round3,Q3,980,980.0,EMIRATES,0.5785,1400.1,558.2,10.0,49.8,1920,1080,0.024,1405.1,583.1
Round3,Q3,980,980.0,EMIRATES,0.4023,1087.5,515.7,10.5,48.2,1920,1080,0.025,1092.8,539.8
Round3,Q3,980,980.0,EMIRATES,0.3376,1235.7,530.6,11.1,56.5,1920,1080,0.03,1241.3,558.8
Round3,Q3,981,981.0,EMIRATES,0.676,1157.4,568.2,11.2,56.8,1920,1080,0.031,1163.0,596.6
Round3,Q3,981,981.0,EMIRATES,0.6471,997.2,553.2,11.4,49.4,1920,1080,0.027,1002.8,577.9
Round3,Q3,981,981.0,EMIRATES,0.6276,1331.0,591.5,11.5,58.6,1920,1080,0.032,1336.8,620.8
Round3,Q3,981,981.0,EMIRATES,0.3337,849.6,488.0,11.8,48.6,1920,1080,0.028,855.5,512.3
Round3,Q3,982,982.0,EMIRATES,0.7827,1154.7,563.4,12.4,59.0,1920,1080,0.035,1160.9,592.9
Round3,Q3,982,982.0,EMIRATES,0.7289,1348.6,591.0,11.6,59.2,1920,1080,0.033,1354.4,620.6
Round3,Q3,982,982.0,EMIRATES,0.4847,978.0,541.5,11.2,56.5,1920,1080,0.03,983.6,569.8
Round3,Q3,982,982.0,EMIRATES,0.449,1350.4,534.5,11.8,48.0,1920,1080,0.027,1356.4,558.5
Round3,Q3,982,982.0,EMIRATES,0.4127,978.7,490.3,11.9,43.8,1920,1080,0.025,984.7,512.2
Round3,Q3,982,982.0,EMIRATES,0.4026,1157.1,511.7,11.3,44.2,1920,1080,0.024,1162.8,533.8
Round3,Q3,983,983.0,EMIRATES,0.8961,1445.5,405.2,39.5,13.9,1920,1080,0.027,1465.3,412.1
Round3,Q3,983,983.0,EMIRATES,0.8943,1146.4,367.9,31.1,23.1,1920,1080,0.035,1162.0,379.5
Round3,Q3,983,983.0,EMIRATES,0.8562,483.0,748.2,53.6,14.6,1920,1080,0.038,509.8,755.5
Round3,Q3,983,983.0,EMIRATES,0.8493,1358.9,254.4,43.2,14.2,1920,1080,0.03,1380.5,261.5
Round3,Q3,984,984.0,EMIRATES,0.8805,1421.5,70.1,40.4,13.7,1920,1080,0.027,1441.7,77.0
Round3,Q3,984,984.0,EMIRATES,0.8798,800.4,479.1,36.7,14.8,1920,1080,0.026,818.8,486.5
Round3,Q3,984,984.0,EMIRATES,0.8746,1096.3,315.7,48.0,15.8,1920,1080,0.037,1120.3,323.6
Round3,Q3,984,984.0,EMIRATES,0.8432,426.4,648.3,39.7,16.4,1920,1080,0.031,446.3,656.5
Round3,Q3,984,984.0,EMIRATES,0.7572,647.8,252.6,38.4,13.7,1920,1080,0.025,667.0,259.4
Round3,Q3,985,985.0,EMIRATES,0.8575,697.1,352.7,36.6,15.1,1920,1080,0.027,715.4,360.2
Round3,Q3,985,985.0,EMIRATES,0.855,740.6,73.8,31.8,15.4,1920,1080,0.024,756.5,81.5
Round3,Q3,985,985.0,EMIRATES,0.735,820.1,472.0,38.1,20.2,1920,1080,0.037,839.1,482.1
Round3,Q3,985,985.0,EMIRATES,0.7196,451.5,341.6,20.9,15.0,1920,1080,0.015,462.0,349.1
Round3,Q3,986,986.0,EMIRATES,0.8706,238.6,255.7,37.5,12.7,1920,1080,0.023,257.3,262.1
Round3,Q3,987,987.0,EMIRATES,0.8771,1003.2,305.0,38.7,20.8,1920,1080,0.039,1022.6,315.4
Round3,Q3,994,994.0,EMIRATES,0.8984,1024.4,395.3,48.4,25.3,1920,1080,0.059,1048.6,407.9
Round3,Q3,1000,1000.0,EMIRATES,0.8544,930.7,204.9,34.6,24.0,1920,1080,0.04,948.0,216.9
Round3,Q3,1001,1001.0,EMIRATES,0.9006,1004.5,295.6,48.8,17.7,1920,1080,0.042,1028.9,304.4
Round3,Q3,1005,1005.0,EMIRATES,0.5763,1119.5,344.7,50.1,26.6,1920,1080,0.064,1144.6,358.0
Round3,Q3,1006,1006.0,EMIRATES,0.8863,1186.7,315.6,66.9,22.0,1920,1080,0.071,1220.2,326.6
Round3,Q3,1007,1007.0,EMIRATES,0.7802,972.7,304.1,36.2,21.1,1920,1080,0.037,990.8,314.7
Round3,Q3,1009,1009.0,EMIRATES,0.9049,807.3,273.8,69.3,31.1,1920,1080,0.104,842.0,289.4
Round3,Q3,1010,1010.0,EMIRATES,0.8963,857.7,446.6,56.6,38.6,1920,1080,0.105,886.0,465.9
Round3,Q3,1012,1012.0,EMIRATES,0.8851,1189.9,46.5,133.9,49.7,1920,1080,0.321,1256.8,71.3
Round3,Q3,1013,1013.0,EMIRATES,0.8821,259.1,45.3,192.6,57.3,1920,1080,0.532,355.4,73.9
Round3,Q3,1019,1019.0,EMIRATES,0.7719,817.3,1044.2,29.4,10.3,1920,1080,0.015,832.0,1049.4
Round3,Q3,1019,1019.0,EMIRATES,0.5422,1673.6,859.8,33.8,23.2,1920,1080,0.038,1690.5,871.4
Round3,Q3,1021,1021.0,EMIRATES,0.8169,1705.7,870.3,31.6,20.4,1920,1080,0.031,1721.5,880.5
Round3,Q3,1022,1022.0,EMIRATES,0.8582,1739.9,865.0,39.1,17.3,1920,1080,0.033,1759.4,873.7
Round3,Q3,1023,1023.0,EMIRATES,0.86,323.8,1017.4,33.1,10.5,1920,1080,0.017,340.4,1022.7
Round3,Q3,1024,1024.0,EMIRATES,0.8091,34.1,1022.6,34.3,9.4,1920,1080,0.015,51.3,1027.3
Round3,Q3,1026,1026.0,EMIRATES,0.6511,546.0,711.0,25.4,7.1,1920,1080,0.009,558.7,714.5
Round3,Q3,1027,1027.0,EMIRATES,0.8682,594.5,839.2,52.6,24.3,1920,1080,0.062,620.8,851.4
Round3,Q3,1027,1027.0,EMIRATES,0.3617,392.3,569.0,28.5,19.0,1920,1080,0.026,406.5,578.5
Round3,Q3,1028,1028.0,EMIRATES,0.8594,1297.3,428.9,29.6,13.9,1920,1080,0.02,1312.1,435.9
Round3,Q3,1028,1028.0,EMIRATES,0.5527,1503.3,141.6,46.5,14.2,1920,1080,0.032,1526.5,148.7
Round3,Q3,1029,1029.0,EMIRATES,0.8998,1145.0,476.7,39.9,13.1,1920,1080,0.025,1164.9,483.3
Round3,Q3,1029,1029.0,EMIRATES,0.6389,1902.2,749.3,17.8,15.8,1920,1080,0.014,1911.1,757.2
Round3,Q3,1030,1030.0,EMIRATES,0.8625,471.6,506.3,33.7,17.8,1920,1080,0.029,488.5,515.3
Round3,Q3,1030,1030.0,EMIRATES,0.8261,1737.3,403.5,41.0,19.8,1920,1080,0.039,1757.8,413.4
Round3,Q3,1030,1030.0,EMIRATES,0.8241,1074.8,375.1,44.9,13.4,1920,1080,0.029,1097.3,381.8
Round3,Q3,1031,1031.0,EMIRATES,0.8891,1710.0,327.9,55.6,20.3,1920,1080,0.054,1737.8,338.1
Round3,Q3,1031,1031.0,EMIRATES,0.8844,631.5,257.2,45.1,16.8,1920,1080,0.037,654.0,265.6
Round3,Q3,1032,1032.0,EMIRATES,0.8753,1814.4,431.9,48.4,18.4,1920,1080,0.043,1838.6,441.1
Round3,Q3,1032,1032.0,EMIRATES,0.6442,507.8,455.0,17.5,21.2,1920,1080,0.018,516.5,465.6
Round3,Q3,1032,1032.0,EMIRATES,0.6233,722.3,238.1,25.0,27.9,1920,1080,0.034,734.8,252.1
Round3,Q3,1032,1032.0,EMIRATES,0.4404,1881.6,712.0,30.0,19.0,1920,1080,0.027,1896.6,721.4
Round3,Q3,1038,1038.0,EMIRATES,0.8712,885.2,373.3,46.2,13.5,1920,1080,0.03,908.3,380.1
Round3,Q3,1039,1039.0,EMIRATES,0.8924,835.4,379.1,54.1,17.7,1920,1080,0.046,862.5,388.0
Round3,Q3,1040,1040.0,EMIRATES,0.8784,924.3,315.0,52.6,29.1,1920,1080,0.074,950.6,329.5
Round3,Q3,1041,1041.0,EMIRATES,0.8819,454.6,323.3,30.1,28.7,1920,1080,0.042,469.7,337.6
Round3,Q3,1042,1042.0,EMIRATES,0.7918,410.7,721.0,58.7,17.3,1920,1080,0.049,440.0,729.7
Round3,Q3,1043,1043.0,EMIRATES,0.8827,869.1,364.0,43.5,20.0,1920,1080,0.042,890.9,374.0
Round3,Q3,1044,1044.0,EMIRATES,0.8787,746.6,281.6,47.1,21.0,1920,1080,0.048,770.1,292.1
Round3,Q3,1045,1045.0,EMIRATES,0.9025,748.9,223.2,44.5,15.3,1920,1080,0.033,771.1,230.8
Round3,Q3,1046,1046.0,EMIRATES,0.716,557.0,298.2,34.3,16.4,1920,1080,0.027,574.1,306.4
Round3,Q3,1047,1047.0,EMIRATES,0.8998,516.7,324.8,44.7,14.2,1920,1080,0.031,539.1,331.9
Round3,Q3,1069,1069.0,EMIRATES,0.5723,1108.6,510.5,40.5,16.2,1920,1080,0.032,1128.8,518.6
Round3,Q3,1070,1070.0,EMIRATES,0.8862,420.5,1007.4,79.6,24.4,1920,1080,0.094,460.3,1019.7
Round3,Q3,1070,1070.0,EMIRATES,0.3129,1103.4,223.7,33.5,16.6,1920,1080,0.027,1120.1,232.1
Round3,Q3,1071,1071.0,EMIRATES,0.888,1772.5,1037.7,83.2,24.4,1920,1080,0.098,1814.0,1049.9
Round3,Q3,1073,1073.0,EMIRATES,0.9123,1536.9,320.7,43.1,16.6,1920,1080,0.035,1558.5,329.0
Round3,Q3,1074,1074.0,EMIRATES,0.8396,1838.0,852.5,77.7,44.1,1920,1080,0.165,1876.8,874.5
Round3,Q3,1086,1086.0,EMIRATES,0.881,192.9,539.1,40.6,13.5,1920,1080,0.026,213.2,545.8
Round3,Q3,1086,1086.0,EMIRATES,0.8717,1697.7,772.7,52.7,20.5,1920,1080,0.052,1724.1,782.9
Round3,Q3,1086,1086.0,EMIRATES,0.8435,1545.4,550.4,45.1,22.3,1920,1080,0.049,1567.9,561.6
Round3,Q3,1086,1086.0,EMIRATES,0.3734,196.7,684.6,34.3,16.2,1920,1080,0.027,213.9,692.7
Round3,Q3,1087,1087.0,EMIRATES,0.884,1470.3,352.0,33.3,14.0,1920,1080,0.023,1487.0,359.0
Round3,Q3,1087,1087.0,EMIRATES,0.8818,884.3,420.9,47.0,16.3,1920,1080,0.037,907.8,429.1
Round3,Q3,1087,1087.0,EMIRATES,0.8717,712.2,285.3,45.2,14.8,1920,1080,0.032,734.7,292.7
Round3,Q3,1087,1087.0,EMIRATES,0.8123,1356.3,456.7,46.7,22.1,1920,1080,0.05,1379.7,467.8
Round3,Q3,1087,1087.0,EMIRATES,0.8023,1616.8,515.2,27.3,26.8,1920,1080,0.035,1630.5,528.6
Round3,Q3,1088,1088.0,EMIRATES,0.881,1021.4,396.5,45.7,16.0,1920,1080,0.035,1044.3,404.5
Round3,Q3,1088,1088.0,EMIRATES,0.8793,574.0,178.2,52.6,19.5,1920,1080,0.049,600.3,188.0
Round3,Q3,1088,1088.0,EMIRATES,0.8721,1438.2,576.0,51.2,23.6,1920,1080,0.058,1463.9,587.8
Round3,Q3,1088,1088.0,EMIRATES,0.8719,640.9,579.5,55.9,21.8,1920,1080,0.059,668.8,590.4
Round3,Q3,1088,1088.0,EMIRATES,0.8587,1720.6,301.7,36.6,17.6,1920,1080,0.031,1738.9,310.5
Round3,Q3,1089,1089.0,EMIRATES,0.8899,1030.4,327.2,54.4,18.4,1920,1080,0.048,1057.6,336.4
Round3,Q3,1089,1089.0,EMIRATES,0.8284,578.0,558.8,68.8,22.0,1920,1080,0.073,612.4,569.8
Round3,Q3,1089,1089.0,EMIRATES,0.7698,774.7,443.1,57.2,33.4,1920,1080,0.092,803.3,459.8
Round3,Q3,1089,1089.0,EMIRATES,0.4338,1521.1,467.6,32.5,34.0,1920,1080,0.053,1537.3,484.5
Round3,Q3,1091,1091.0,EMIRATES,0.3596,1771.0,288.7,16.9,41.7,1920,1080,0.034,1779.4,309.5
Round3,Q3,1092,1092.0,EMIRATES,0.5446,1753.2,349.1,13.5,53.7,1920,1080,0.035,1760.0,376.0
Round3,Q3,1093,1093.0,EMIRATES,0.375,1594.3,332.2,10.7,49.7,1920,1080,0.026,1599.7,357.1
Round3,Q3,1093,1093.0,EMIRATES,0.3074,1450.4,312.6,11.7,48.1,1920,1080,0.027,1456.3,336.7
Round3,Q3,1094,1094.0,EMIRATES,0.3707,1553.5,307.3,10.2,46.5,1920,1080,0.023,1558.5,330.5
Round3,Q3,1095,1095.0,EMIRATES,0.4025,1328.5,250.2,12.0,77.3,1920,1080,0.045,1334.6,288.8
Round3,Q3,1095,1095.0,EMIRATES,0.3519,1453.4,267.6,10.9,77.9,1920,1080,0.041,1458.9,306.6
Round3,Q3,1095,1095.0,EMIRATES,0.3393,1215.2,238.0,10.4,71.6,1920,1080,0.036,1220.4,273.8
Round3,Q3,1096,1096.0,EMIRATES,0.6396,1336.5,279.8,10.4,75.3,1920,1080,0.038,1341.7,317.4
Round3,Q3,1096,1096.0,EMIRATES,0.3454,1216.9,265.5,10.3,71.6,1920,1080,0.035,1222.0,301.4
Round3,Q3,1096,1096.0,EMIRATES,0.3214,1107.0,253.7,11.2,67.4,1920,1080,0.036,1112.6,287.4
Round3,Q3,1097,1097.0,EMIRATES,0.5579,1310.2,322.3,11.6,76.0,1920,1080,0.043,1316.0,360.3
Round3,Q3,1097,1097.0,EMIRATES,0.3632,1575.2,354.1,12.6,81.3,1920,1080,0.049,1581.5,394.7
Round3,Q3,1098,1098.0,EMIRATES,0.6132,1479.4,332.2,12.5,81.5,1920,1080,0.049,1485.7,372.9
Round3,Q3,1098,1098.0,EMIRATES,0.4503,1621.2,348.0,13.0,84.1,1920,1080,0.053,1627.7,390.0
Round3,Q3,1098,1098.0,EMIRATES,0.3395,1351.2,318.5,11.7,77.2,1920,1080,0.044,1357.1,357.1
Round3,Q3,1098,1098.0,EMIRATES,0.301,1776.2,404.8,13.1,51.5,1920,1080,0.032,1782.8,430.6
Round3,Q3,1099,1099.0,EMIRATES,0.7241,1650.0,310.4,12.7,90.0,1920,1080,0.055,1656.4,355.4
Round3,Q3,1099,1099.0,EMIRATES,0.4503,1510.6,297.0,12.0,83.3,1920,1080,0.048,1516.6,338.6
Round3,Q3,1099,1099.0,EMIRATES,0.4438,1806.3,367.7,11.9,55.4,1920,1080,0.032,1812.2,395.4
Round3,Q3,1099,1099.0,EMIRATES,0.4326,1649.8,352.6,11.1,47.6,1920,1080,0.025,1655.3,376.5
Round3,Q3,1100,1100.0,EMIRATES,0.6995,1670.2,299.4,12.9,88.5,1920,1080,0.055,1676.6,343.7
Round3,Q3,1100,1100.0,EMIRATES,0.445,1822.5,314.8,13.6,91.9,1920,1080,0.06,1829.4,360.8
Round3,Q3,1100,1100.0,EMIRATES,0.3634,1821.0,364.6,11.8,46.3,1920,1080,0.026,1826.8,387.8
Round3,Q3,1101,1101.0,EMIRATES,0.7496,1897.5,340.4,11.8,53.7,1920,1080,0.03,1903.4,367.2
Round3,Q3,1101,1101.0,EMIRATES,0.5983,1743.5,326.8,9.9,47.3,1920,1080,0.023,1748.5,350.4
Round3,Q3,1102,1102.0,EMIRATES,0.6754,1803.2,339.8,11.2,47.2,1920,1080,0.025,1808.8,363.4
Round3,Q3,1102,1102.0,EMIRATES,0.4962,1655.8,317.2,11.3,47.8,1920,1080,0.026,1661.5,341.1
Round3,Q3,1102,1102.0,EMIRATES,0.3389,1806.5,295.9,11.9,45.4,1920,1080,0.026,1812.4,318.7
Round3,Q3,1103,1103.0,EMIRATES,0.6141,1756.3,344.4,10.6,46.9,1920,1080,0.024,1761.6,367.8
Round3,Q3,1103,1103.0,EMIRATES,0.4739,1612.7,318.6,10.7,54.1,1920,1080,0.028,1618.0,345.7
Round3,Q3,1104,1104.0,EMIRATES,0.6697,1798.0,353.7,10.6,47.2,1920,1080,0.024,1803.3,377.3
Round3,Q3,1104,1104.0,EMIRATES,0.4891,1655.0,336.4,9.9,43.1,1920,1080,0.021,1659.9,358.0
Round3,Q3,1104,1104.0,EMIRATES,0.4579,1798.9,319.5,11.3,81.4,1920,1080,0.044,1804.5,360.2
Round3,Q3,1104,1104.0,EMIRATES,0.3048,1800.2,310.0,11.9,52.6,1920,1080,0.03,1806.2,336.4
Round3,Q3,1105,1105.0,EMIRATES,0.6446,1843.8,337.4,11.0,49.6,1920,1080,0.026,1849.3,362.2
Round3,Q3,1105,1105.0,EMIRATES,0.5594,1845.7,296.5,11.3,47.6,1920,1080,0.026,1851.3,320.3
Round3,Q3,1106,1106.0,EMIRATES,0.5761,1831.3,241.9,12.2,88.5,1920,1080,0.052,1837.4,286.1
Round3,Q3,1106,1106.0,EMIRATES,0.3748,1688.3,266.8,10.2,45.2,1920,1080,0.022,1693.4,289.5
Round3,Q3,1106,1106.0,EMIRATES,0.3239,1690.5,227.0,10.4,36.4,1920,1080,0.018,1695.7,245.1
Round3,Q3,1107,1107.0,EMIRATES,0.4516,1775.5,234.8,9.5,42.1,1920,1080,0.019,1780.2,255.8
Round3,Q3,1107,1107.0,EMIRATES,0.3404,1645.3,215.0,10.1,43.0,1920,1080,0.021,1650.3,236.5
Round3,Q3,1108,1108.0,EMIRATES,0.3617,1791.5,171.3,12.5,71.1,1920,1080,0.043,1797.8,206.8
Round3,Q3,1110,1110.0,EMIRATES,0.6252,962.3,409.6,21.6,32.7,1920,1080,0.034,973.1,426.0
Round3,Q3,1112,1112.0,EMIRATES,0.861,1156.0,332.2,27.2,27.0,1920,1080,0.035,1169.6,345.7
Round3,Q3,1113,1113.0,EMIRATES,0.8767,1406.4,264.7,41.5,21.5,1920,1080,0.043,1427.1,275.4
Round3,Q3,1123,1123.0,CRUSADER_CARAVANS,0.4258,1826.9,228.1,91.5,23.5,1920,1080,0.104,1872.7,239.8
Round3,Q3,1124,1124.0,CRUSADER_CARAVANS,0.4843,1793.9,250.9,124.7,20.1,1920,1080,0.121,1856.3,260.9
Round3,Q3,1127,1127.0,EMIRATES,0.898,1532.7,611.7,37.8,16.6,1920,1080,0.03,1551.6,620.1
Round3,Q3,1127,1127.0,EMIRATES,0.85,896.2,442.6,33.0,16.1,1920,1080,0.026,912.7,450.7
Round3,Q3,1128,1128.0,EMIRATES,0.8918,1550.9,435.8,37.7,15.4,1920,1080,0.028,1569.7,443.5
Round3,Q3,1128,1128.0,EMIRATES,0.5641,585.2,356.5,40.9,10.5,1920,1080,0.021,605.6,361.8
Round3,Q3,1129,1129.0,EMIRATES,0.7469,1481.7,580.9,39.7,16.8,1920,1080,0.032,1501.6,589.4
Round3,Q3,1129,1129.0,EMIRATES,0.6418,205.3,454.0,45.8,20.7,1920,1080,0.046,228.2,464.3
Round3,Q3,1129,1129.0,EMIRATES,0.4447,1541.6,381.7,38.2,15.9,1920,1080,0.029,1560.7,389.6
Round3,Q3,1130,1130.0,EMIRATES,0.8382,952.9,432.3,32.1,23.8,1920,1080,0.037,968.9,444.2
Round3,Q3,1132,1132.0,EMIRATES,0.8823,609.3,147.9,36.8,14.9,1920,1080,0.026,627.7,155.4
Round3,Q3,1133,1133.0,EMIRATES,0.6454,803.4,86.6,34.2,20.5,1920,1080,0.034,820.5,96.8
Round3,Q3,1134,1134.0,EMIRATES,0.8937,716.8,359.5,51.4,16.0,1920,1080,0.04,742.5,367.4
Round3,Q3,1134,1134.0,EMIRATES,0.8748,1310.7,88.2,50.5,17.0,1920,1080,0.041,1336.0,96.7
Round3,Q3,1136,1136.0,EMIRATES,0.827,1012.4,267.6,46.7,20.8,1920,1080,0.047,1035.8,278.0
Round3,Q3,1137,1137.0,EMIRATES,0.744,324.0,257.7,45.8,18.3,1920,1080,0.04,346.9,266.8
Round3,Q3,1138,1138.0,EMIRATES,0.8706,1206.0,397.0,45.7,14.4,1920,1080,0.032,1228.9,404.2
Round3,Q3,1139,1139.0,BOWENS,0.3564,0.0,331.7,13.3,20.9,1920,1080,0.013,6.6,342.2
Round3,Q3,1141,1141.0,EMIRATES,0.8606,907.2,181.8,32.5,18.9,1920,1080,0.03,923.4,191.3
Round3,Q3,1141,1141.0,EMIRATES,0.8556,1025.7,545.5,26.3,13.9,1920,1080,0.018,1038.8,552.4
Round3,Q3,1143,1143.0,EMIRATES,0.8729,348.0,244.0,59.2,25.2,1920,1080,0.072,377.6,256.6
Round3,Q3,1144,1144.0,EMIRATES,0.8779,676.3,330.9,40.2,35.8,1920,1080,0.069,696.4,348.8
Round3,Q3,1144,1144.0,EMIRATES,0.8211,1401.7,491.4,59.1,19.9,1920,1080,0.057,1431.3,501.4
Round3,Q3,1145,1145.0,EMIRATES,0.8794,1175.1,686.3,61.3,24.3,1920,1080,0.072,1205.8,698.5
Round3,Q3,1145,1145.0,EMIRATES,0.8779,253.3,330.9,55.6,16.8,1920,1080,0.045,281.2,339.3
Round3,Q3,1145,1145.0,EMIRATES,0.7915,1331.3,478.6,66.8,23.5,1920,1080,0.076,1364.7,490.3
Round3,Q3,1146,1146.0,EMIRATES,0.8793,1678.7,700.0,62.1,18.1,1920,1080,0.054,1709.7,709.1
Round3,Q3,1146,1146.0,EMIRATES,0.8635,855.1,253.1,60.9,21.2,1920,1080,0.062,885.5,263.7
Round3,Q3,1149,1149.0,EMIRATES,0.6598,1113.6,544.7,39.7,61.7,1920,1080,0.118,1133.4,575.6
Round3,Q3,1150,1150.0,EMIRATES,0.8818,870.8,708.4,196.5,71.5,1920,1080,0.678,969.1,744.2
Round3,Q3,1150,1150.0,EMIRATES,0.4889,1332.6,0.4,73.8,18.2,1920,1080,0.065,1369.4,9.5
Round3,Q3,1151,1151.0,EMIRATES,0.8161,216.9,753.6,25.7,11.3,1920,1080,0.014,229.8,759.2
Round3,Q3,1152,1152.0,EMIRATES,0.7106,91.0,697.5,25.8,9.6,1920,1080,0.012,103.9,702.3
Round3,Q3,1152,1152.0,EMIRATES,0.3343,381.1,735.7,31.2,10.8,1920,1080,0.016,396.7,741.1
Round3,Q3,1152,1152.0,EMIRATES,0.3002,983.5,685.9,21.9,10.3,1920,1080,0.011,994.5,691.1
Round3,Q3,1153,1153.0,EMIRATES,0.8486,809.9,481.6,90.0,73.6,1920,1080,0.32,854.9,518.4
Round3,Q3,1155,1155.0,EMIRATES,0.8656,975.0,616.4,68.9,58.9,1920,1080,0.196,1009.4,645.8
Round3,Q3,1156,1156.0,EMIRATES,0.8793,541.3,575.8,160.3,60.0,1920,1080,0.464,621.4,605.8
Round3,Q3,1156,1156.0,EMIRATES,0.872,1078.5,586.5,80.9,73.1,1920,1080,0.285,1118.9,623.0
Round3,Q3,1157,1157.0,EMIRATES,0.8551,0.0,401.9,102.8,83.3,1920,1080,0.413,51.4,443.5
Round3,Q3,1157,1157.0,EMIRATES,0.7709,970.3,627.7,44.0,54.9,1920,1080,0.117,992.3,655.1
Round3,Q3,1158,1158.0,EMIRATES,0.8632,705.9,639.8,45.6,54.9,1920,1080,0.121,728.8,667.2
Round3,Q3,1159,1159.0,EMIRATES,0.8943,763.8,528.9,66.3,49.3,1920,1080,0.158,796.9,553.5
Round3,Q3,1160,1160.0,EMIRATES,0.9182,708.2,496.1,113.2,50.1,1920,1080,0.273,764.9,521.1
Round3,Q3,1160,1160.0,EMIRATES,0.7765,172.9,413.4,61.3,55.1,1920,1080,0.163,203.5,440.9
Round3,Q3,1161,1161.0,EMIRATES,0.8965,719.3,577.8,147.7,54.6,1920,1080,0.389,793.1,605.1
Round3,Q3,1162,1162.0,EMIRATES,0.9028,1006.4,642.7,137.6,58.8,1920,1080,0.39,1075.2,672.2
Round3,Q3,1163,1163.0,EMIRATES,0.9065,952.1,637.3,119.4,60.2,1920,1080,0.347,1011.8,667.4
Round3,Q3,1164,1164.0,EMIRATES,0.9035,899.2,608.9,90.5,61.9,1920,1080,0.27,944.4,639.8
Round3,Q3,1165,1165.0,EMIRATES,0.7185,888.3,590.5,37.1,67.1,1920,1080,0.12,906.8,624.1
Round3,Q3,1166,1166.0,EMIRATES,0.834,0.0,271.8,65.6,61.4,1920,1080,0.194,32.8,302.5
Round3,Q3,1167,1167.0,EMIRATES,0.7069,602.9,341.6,116.5,50.1,1920,1080,0.282,661.2,366.7
Round3,Q3,1167,1167.0,EMIRATES,0.5314,0.0,207.1,22.0,51.3,1920,1080,0.054,11.0,232.8
Round3,Q3,1168,1168.0,EMIRATES,0.9225,619.7,455.9,157.1,47.7,1920,1080,0.362,698.2,479.8
Round3,Q3,1168,1168.0,EMIRATES,0.8931,0.0,284.4,111.0,56.9,1920,1080,0.304,55.5,312.9
Round3,Q3,1169,1169.0,EMIRATES,0.8121,1224.3,531.2,115.2,44.3,1920,1080,0.246,1281.9,553.4
Round3,Q3,1170,1170.0,EMIRATES,0.9212,1256.6,567.5,101.0,47.2,1920,1080,0.23,1307.1,591.1
Round3,Q3,1170,1170.0,EMIRATES,0.677,885.5,435.8,99.8,53.3,1920,1080,0.256,935.4,462.4
Round3,Q3,1171,1171.0,EMIRATES,0.8582,1019.6,423.0,129.6,47.3,1920,1080,0.296,1084.4,446.6
Round3,Q3,1172,1172.0,EMIRATES,0.9098,1104.0,418.5,140.0,53.8,1920,1080,0.363,1174.0,445.4
Round3,Q3,1173,1173.0,CYBERCX,0.9066,392.7,120.7,288.4,87.2,1920,1080,1.212,536.9,164.3
Round3,Q3,1173,1173.0,EMIRATES,0.8826,1634.7,194.3,82.1,26.6,1920,1080,0.105,1675.7,207.6
Round3,Q3,1173,1173.0,EMIRATES,0.8571,1157.8,306.3,80.0,28.8,1920,1080,0.111,1197.7,320.7
Round3,Q3,1173,1173.0,CYBERCX,0.8457,569.7,639.8,177.7,51.8,1920,1080,0.444,658.5,665.7
Round3,Q3,1173,1173.0,CYBERCX,0.844,415.4,237.3,165.8,48.4,1920,1080,0.387,498.3,261.4
Round3,Q3,1173,1173.0,CYBERCX,0.8407,951.3,803.9,128.0,50.3,1920,1080,0.311,1015.3,829.1
Round3,Q3,1173,1173.0,CYBERCX,0.8336,605.7,805.0,179.9,52.4,1920,1080,0.455,695.7,831.2
Round3,Q3,1173,1173.0,CYBERCX,0.8307,548.5,374.8,178.4,50.3,1920,1080,0.433,637.7,400.0
Round3,Q3,1173,1173.0,CYBERCX,0.8145,891.5,647.2,158.9,44.9,1920,1080,0.344,971.0,669.7
Round3,Q3,1173,1173.0,CYBERCX,0.8041,1836.0,638.4,83.1,56.5,1920,1080,0.226,1877.6,666.7
Round3,Q3,1173,1173.0,CYBERCX,0.7864,1763.3,131.0,134.7,58.9,1920,1080,0.382,1830.7,160.4
Round3,Q3,1173,1173.0,EMIRATES,0.7774,988.8,313.1,45.6,24.9,1920,1080,0.055,1011.7,325.6
Round3,Q3,1173,1173.0,CYBERCX,0.7628,346.8,811.8,130.1,47.1,1920,1080,0.296,411.8,835.3
Round3,Q3,1173,1173.0,CYBERCX,0.7035,1294.1,813.7,46.1,43.4,1920,1080,0.096,1317.1,835.4
Round3,Q3,1173,1173.0,CYBERCX,0.6724,1867.3,366.9,44.9,46.9,1920,1080,0.102,1889.8,390.4
Round3,Q3,1173,1173.0,EMIRATES,0.6489,288.7,615.7,35.4,15.1,1920,1080,0.026,306.4,623.3
Round3,Q3,1173,1173.0,CYBERCX,0.6455,1682.8,808.5,50.3,44.8,1920,1080,0.109,1707.9,830.9
Round3,Q3,1173,1173.0,EMIRATES,0.5285,863.5,149.3,42.5,17.2,1920,1080,0.035,884.7,157.9
Round3,Q3,1173,1173.0,CYBERCX,0.4842,1291.7,657.0,51.0,30.6,1920,1080,0.075,1317.2,672.4
Round3,Q3,1174,1174.0,CYBERCX,0.8986,432.3,125.7,198.4,87.1,1920,1080,0.833,531.5,169.3
Round3,Q3,1174,1174.0,EMIRATES,0.8918,1725.5,184.4,80.7,27.7,1920,1080,0.108,1765.8,198.2
Round3,Q3,1174,1174.0,EMIRATES,0.8776,1043.9,306.5,74.7,24.0,1920,1080,0.087,1081.2,318.5
Round3,Q3,1174,1174.0,EMIRATES,0.8773,1315.2,354.2,76.2,30.6,1920,1080,0.113,1353.3,369.5
Round3,Q3,1174,1174.0,CYBERCX,0.8614,453.7,244.4,97.2,49.0,1920,1080,0.23,502.3,268.9
Round3,Q3,1174,1174.0,CYBERCX,0.8334,1001.6,821.8,143.4,52.9,1920,1080,0.366,1073.3,848.2
Round3,Q3,1174,1174.0,CYBERCX,0.8304,1144.2,122.4,66.3,77.4,1920,1080,0.248,1177.4,161.1
Round3,Q3,1174,1174.0,CYBERCX,0.8176,777.0,831.0,56.3,41.0,1920,1080,0.111,805.1,851.5
Round3,Q3,1174,1174.0,CYBERCX,0.8098,935.9,661.4,168.4,44.8,1920,1080,0.364,1020.1,683.8
Round3,Q3,1174,1174.0,CYBERCX,0.7826,1336.1,829.2,71.2,45.6,1920,1080,0.156,1371.7,852.0
Round3,Q3,1174,1174.0,CYBERCX,0.7411,389.2,830.0,130.6,48.3,1920,1080,0.304,454.5,854.1
Round3,Q3,1174,1174.0,CYBERCX,0.7175,654.3,823.1,179.4,56.7,1920,1080,0.49,743.9,851.5
Round3,Q3,1174,1174.0,CYBERCX,0.7001,1752.9,828.2,52.3,41.7,1920,1080,0.105,1779.0,849.1
Round3,Q3,1174,1174.0,CYBERCX,0.5306,1840.6,135.3,78.8,60.6,1920,1080,0.23,1880.0,165.6
Round3,Q3,1174,1174.0,EMIRATES,0.5031,914.7,153.0,44.5,17.3,1920,1080,0.037,937.0,161.7
Round3,Q3,1174,1174.0,CYBERCX,0.4116,1652.0,667.8,44.7,39.1,1920,1080,0.084,1674.4,687.4
Round3,Q3,1175,1175.0,CYBERCX,0.9037,415.1,238.9,188.5,57.3,1920,1080,0.521,509.4,267.5
Round3,Q3,1175,1175.0,EMIRATES,0.8917,1769.1,181.4,87.1,30.3,1920,1080,0.127,1812.6,196.6
Round3,Q3,1175,1175.0,CYBERCX,0.8888,392.0,111.8,314.5,97.5,1920,1080,1.479,549.3,160.5
Round3,Q3,1175,1175.0,CYBERCX,0.8619,1005.8,858.0,146.5,56.8,1920,1080,0.401,1079.1,886.4
Round3,Q3,1175,1175.0,EMIRATES,0.8604,1043.8,304.9,81.2,26.3,1920,1080,0.103,1084.4,318.0
Round3,Q3,1175,1175.0,CYBERCX,0.8498,931.2,682.5,182.6,53.3,1920,1080,0.469,1022.4,709.2
Round3,Q3,1175,1175.0,CYBERCX,0.8423,589.6,684.4,111.5,53.5,1920,1080,0.288,645.3,711.2
Round3,Q3,1175,1175.0,CYBERCX,0.8421,568.5,392.2,95.8,54.1,1920,1080,0.25,616.4,419.3
Round3,Q3,1175,1175.0,CYBERCX,0.831,1331.1,859.9,102.9,55.1,1920,1080,0.273,1382.5,887.5
Round3,Q3,1175,1175.0,EMIRATES,0.8278,1393.8,315.8,83.0,25.4,1920,1080,0.101,1435.3,328.5
Round3,Q3,1175,1175.0,CYBERCX,0.7965,346.4,870.4,141.5,51.3,1920,1080,0.35,417.2,896.1
Round3,Q3,1175,1175.0,EMIRATES,0.7034,1689.6,456.0,102.0,29.9,1920,1080,0.147,1740.7,471.0
Round3,Q3,1175,1175.0,CYBERCX,0.5948,631.8,858.6,196.3,60.8,1920,1080,0.575,730.0,889.0
Round3,Q3,1175,1175.0,CYBERCX,0.4365,1154.9,109.8,88.6,87.2,1920,1080,0.373,1199.2,153.5
Round3,Q3,1175,1175.0,EMIRATES,0.3161,798.1,651.9,37.3,15.2,1920,1080,0.027,816.8,659.5
Round3,Q3,1176,1176.0,CYBERCX,0.91,516.9,419.8,203.1,61.7,1920,1080,0.604,618.5,450.6
Round3,Q3,1176,1176.0,CYBERCX,0.8999,541.1,740.2,206.2,58.6,1920,1080,0.582,644.2,769.5
Round3,Q3,1176,1176.0,CYBERCX,0.8947,351.1,258.0,204.7,60.6,1920,1080,0.598,453.4,288.3
Round3,Q3,1176,1176.0,CYBERCX,0.8895,327.5,119.4,340.2,108.2,1920,1080,1.776,497.6,173.5
Round3,Q3,1176,1176.0,EMIRATES,0.8633,1856.1,183.5,63.3,37.7,1920,1080,0.115,1887.8,202.4
Round3,Q3,1176,1176.0,EMIRATES,0.8584,1417.7,340.0,90.0,28.8,1920,1080,0.125,1462.7,354.4
Round3,Q3,1176,1176.0,CYBERCX,0.8475,1349.1,931.8,109.1,62.4,1920,1080,0.328,1403.7,963.0
Round3,Q3,1176,1176.0,CYBERCX,0.8452,944.9,751.0,164.2,47.3,1920,1080,0.374,1027.0,774.6
Round3,Q3,1176,1176.0,CYBERCX,0.8443,274.4,939.9,155.3,59.4,1920,1080,0.445,352.0,969.6
Round3,Q3,1176,1176.0,CYBERCX,0.8341,1249.1,252.7,40.6,56.4,1920,1080,0.11,1269.4,280.9
Round3,Q3,1176,1176.0,EMIRATES,0.7407,843.1,712.9,40.9,15.7,1920,1080,0.031,863.6,720.8
Round3,Q3,1176,1176.0,CYBERCX,0.587,1769.6,760.1,37.2,37.3,1920,1080,0.067,1788.2,778.8
Round3,Q3,1176,1176.0,CYBERCX,0.5043,1496.5,946.5,56.3,40.3,1920,1080,0.109,1524.6,966.7
Round3,Q3,1176,1176.0,EMIRATES,0.4661,898.5,143.4,49.7,22.5,1920,1080,0.054,923.4,154.6
Round3,Q3,1177,1177.0,CYBERCX,0.9059,460.0,464.7,231.1,65.9,1920,1080,0.735,575.6,497.7
Round3,Q3,1177,1177.0,CYBERCX,0.9025,278.4,281.3,225.8,68.0,1920,1080,0.741,391.3,315.4
Round3,Q3,1177,1177.0,CYBERCX,0.8959,490.5,818.9,205.0,63.9,1920,1080,0.632,593.0,850.8
Round3,Q3,1177,1177.0,CYBERCX,0.8766,1176.7,129.5,146.0,103.7,1920,1080,0.73,1249.7,181.3
Round3,Q3,1177,1177.0,CYBERCX,0.8733,249.0,128.1,380.8,117.3,1920,1080,2.154,439.4,186.7
Round3,Q3,1177,1177.0,CYBERCX,0.8534,1007.7,828.4,111.2,52.1,1920,1080,0.279,1063.3,854.4
Round3,Q3,1177,1177.0,EMIRATES,0.8513,1467.2,376.7,99.5,31.1,1920,1080,0.149,1517.0,392.3
Round3,Q3,1177,1177.0,CYBERCX,0.8405,1279.8,276.5,46.6,61.2,1920,1080,0.138,1303.1,307.1
Round3,Q3,1177,1177.0,EMIRATES,0.8171,729.6,743.2,59.3,25.0,1920,1080,0.072,759.3,755.7
Round3,Q3,1177,1177.0,CYBERCX,0.806,1391.7,1035.9,124.0,44.1,1920,1080,0.264,1453.7,1057.9
Round3,Q3,1177,1177.0,EMIRATES,0.7758,871.4,181.9,54.6,21.8,1920,1080,0.057,898.7,192.8
Round3,Q3,1178,1178.0,EMIRATES,0.8955,1565.3,316.3,112.5,36.4,1920,1080,0.198,1621.5,334.5
Round3,Q3,1178,1178.0,CYBERCX,0.8936,478.2,810.8,258.7,75.7,1920,1080,0.945,607.6,848.7
Round3,Q3,1178,1178.0,CYBERCX,0.8727,955.2,816.8,223.1,65.3,1920,1080,0.703,1066.7,849.4
Round3,Q3,1178,1178.0,EMIRATES,0.8565,945.8,142.2,62.9,28.5,1920,1080,0.087,977.3,156.4
Round3,Q3,1178,1178.0,EMIRATES,0.8319,1105.9,435.9,94.9,24.9,1920,1080,0.114,1153.3,448.4
Round3,Q3,1178,1178.0,CYBERCX,0.8186,1242.3,43.2,85.7,112.5,1920,1080,0.465,1285.1,99.4
Round3,Q3,1178,1178.0,CYBERCX,0.8048,601.3,432.4,99.4,56.5,1920,1080,0.271,651.0,460.7
Round3,Q3,1178,1178.0,CYBERCX,0.7655,198.1,41.0,439.0,129.9,1920,1080,2.75,417.6,106.0
Round3,Q3,1179,1179.0,CYBERCX,0.9129,4.9,137.6,268.1,82.5,1920,1080,1.067,139.0,178.8
Round3,Q3,1179,1179.0,CYBERCX,0.9092,221.5,356.6,271.7,79.9,1920,1080,1.047,357.4,396.5
Round3,Q3,1179,1179.0,EMIRATES,0.8881,1400.6,247.1,121.2,38.8,1920,1080,0.227,1461.2,266.5
Round3,Q3,1179,1179.0,CYBERCX,0.8639,0.0,0.0,417.6,94.4,1920,1080,1.901,208.8,47.2
Round3,Q3,1179,1179.0,CYBERCX,0.8518,1320.9,1027.3,144.4,52.7,1920,1080,0.367,1393.1,1053.6
Round3,Q3,1179,1179.0,EMIRATES,0.8506,736.4,67.3,63.3,24.9,1920,1080,0.076,768.0,79.8
Round3,Q3,1179,1179.0,CYBERCX,0.848,761.7,777.0,236.8,75.8,1920,1080,0.865,880.1,814.9
Round3,Q3,1179,1179.0,CYBERCX,0.8462,315.5,1030.0,270.0,50.0,1920,1080,0.651,450.5,1055.0
Round3,Q3,1179,1179.0,EMIRATES,0.834,941.3,378.7,100.9,26.7,1920,1080,0.13,991.7,392.0
Round3,Q3,1179,1179.0,EMIRATES,0.8311,1875.5,248.4,44.5,37.0,1920,1080,0.079,1897.8,266.9
Round3,Q3,1179,1179.0,CYBERCX,0.5152,848.7,1032.4,228.5,47.6,1920,1080,0.524,963.0,1056.2
Round3,Q3,1179,1179.0,CYBERCX,0.3009,177.7,762.1,355.4,87.3,1920,1080,1.496,355.4,805.7
Round3,Q3,1180,1180.0,CYBERCX,0.918,261.3,361.9,279.5,82.6,1920,1080,1.113,401.1,403.2
Round3,Q3,1180,1180.0,CYBERCX,0.9093,31.9,134.5,282.5,85.8,1920,1080,1.169,173.1,177.4
Round3,Q3,1180,1180.0,CYBERCX,0.8985,824.6,800.2,242.5,77.2,1920,1080,0.903,945.8,838.8
Round3,Q3,1180,1180.0,CYBERCX,0.8933,301.8,796.3,274.1,82.1,1920,1080,1.086,438.9,837.4
Round3,Q3,1180,1180.0,EMIRATES,0.8744,1001.4,386.4,104.8,29.8,1920,1080,0.151,1053.8,401.3
Round3,Q3,1180,1180.0,EMIRATES,0.8468,1447.9,221.9,128.3,55.7,1920,1080,0.345,1512.1,249.8
Round3,Q3,1180,1180.0,EMIRATES,0.84,807.4,68.4,64.1,23.7,1920,1080,0.073,839.5,80.2
Round3,Q3,1180,1180.0,CYBERCX,0.7885,1861.6,798.4,58.4,85.5,1920,1080,0.241,1890.8,841.1
Round3,Q3,1180,1180.0,CYBERCX,0.7739,9.1,0.0,478.5,85.4,1920,1080,1.97,248.4,42.7
Round3,Q3,1181,1181.0,EMIRATES,0.9111,1499.0,265.0,127.1,34.0,1920,1080,0.209,1562.5,282.1
Round3,Q3,1181,1181.0,CYBERCX,0.9092,276.5,362.9,281.1,81.1,1920,1080,1.099,417.0,403.5
Round3,Q3,1181,1181.0,CYBERCX,0.9065,46.7,134.6,282.4,85.7,1920,1080,1.167,187.9,177.4
Round3,Q3,1181,1181.0,CYBERCX,0.8944,844.8,806.4,245.2,73.9,1920,1080,0.873,967.4,843.4
Round3,Q3,1181,1181.0,EMIRATES,0.8859,1025.7,392.1,107.4,31.2,1920,1080,0.161,1079.4,407.6
Round3,Q3,1181,1181.0,CYBERCX,0.7708,14.8,0.0,459.6,86.3,1920,1080,1.913,244.6,43.1
Round3,Q3,1181,1181.0,CYBERCX,0.3566,1882.0,798.8,38.0,90.3,1920,1080,0.166,1901.0,844.0
Round3,Q3,1182,1182.0,CYBERCX,0.9236,290.9,358.1,278.9,86.0,1920,1080,1.156,430.3,401.0
Round3,Q3,1182,1182.0,CYBERCX,0.9037,57.7,127.7,284.0,85.5,1920,1080,1.172,199.7,170.5
Round3,Q3,1182,1182.0,CYBERCX,0.9002,855.1,801.5,246.4,75.9,1920,1080,0.903,978.4,839.4
Round3,Q3,1182,1182.0,EMIRATES,0.8976,1041.3,389.7,109.2,32.3,1920,1080,0.17,1095.9,405.8
Round3,Q3,1182,1182.0,EMIRATES,0.8968,1520.1,261.0,115.3,33.5,1920,1080,0.186,1577.8,277.8
Round3,Q3,1182,1182.0,EMIRATES,0.892,1790.7,0.0,123.7,41.6,1920,1080,0.248,1852.6,20.8
Round3,Q3,1182,1182.0,CYBERCX,0.7785,37.5,0.0,482.7,84.0,1920,1080,1.956,278.9,42.0
Round3,Q3,1183,1183.0,CYBERCX,0.916,263.6,457.9,280.8,83.7,1920,1080,1.134,404.0,499.7
Round3,Q3,1183,1183.0,CYBERCX,0.9011,30.3,229.6,285.0,83.2,1920,1080,1.143,172.8,271.2
Round3,Q3,1183,1183.0,EMIRATES,0.8957,1486.3,369.1,120.4,33.1,1920,1080,0.192,1546.6,385.7
Round3,Q3,1183,1183.0,EMIRATES,0.8626,1197.6,80.6,119.7,51.9,1920,1080,0.3,1257.4,106.5
Round3,Q3,1183,1183.0,CYBERCX,0.8546,294.8,891.8,285.2,86.2,1920,1080,1.186,437.4,934.9
Round3,Q3,1183,1183.0,CYBERCX,0.8427,3.9,35.6,469.1,153.7,1920,1080,3.476,238.5,112.4
Round3,Q3,1183,1183.0,CYBERCX,0.8364,847.5,911.4,161.5,55.4,1920,1080,0.431,928.2,939.1
Round3,Q3,1183,1183.0,EMIRATES,0.8231,784.4,93.4,70.9,23.6,1920,1080,0.081,819.8,105.3
Round3,Q3,1183,1183.0,CYBERCX,0.6032,1875.1,895.4,44.9,94.3,1920,1080,0.204,1897.6,942.6
Round3,Q3,1184,1184.0,CYBERCX,0.9189,279.3,525.3,285.3,88.0,1920,1080,1.211,422.0,569.3
Round3,Q3,1184,1184.0,EMIRATES,0.9044,1078.0,164.4,125.3,39.6,1920,1080,0.239,1140.6,184.2
Round3,Q3,1184,1184.0,EMIRATES,0.9004,1525.8,435.3,122.6,34.8,1920,1080,0.206,1587.1,452.7
Round3,Q3,1184,1184.0,CYBERCX,0.8956,53.3,299.4,284.7,82.2,1920,1080,1.129,195.7,340.5
Round3,Q3,1184,1184.0,CYBERCX,0.8643,18.1,109.8,485.4,147.7,1920,1080,3.457,260.8,183.6
Round3,Q3,1184,1184.0,EMIRATES,0.8186,802.8,163.3,74.8,26.2,1920,1080,0.095,840.2,176.4
Round3,Q3,1185,1185.0,CYBERCX,0.9082,305.8,487.5,283.0,80.9,1920,1080,1.104,447.3,527.9
Round3,Q3,1185,1185.0,CYBERCX,0.905,78.5,258.1,285.7,87.6,1920,1080,1.207,221.4,301.9
Round3,Q3,1185,1185.0,EMIRATES,0.9037,1024.3,393.1,83.2,38.1,1920,1080,0.153,1065.9,412.1
Round3,Q3,1185,1185.0,EMIRATES,0.8898,1551.2,403.9,121.5,34.6,1920,1080,0.203,1611.9,421.2
Round3,Q3,1185,1185.0,CYBERCX,0.8596,44.1,68.0,490.0,145.3,1920,1080,3.434,289.1,140.7
Round3,Q3,1185,1185.0,EMIRATES,0.8334,830.7,118.3,73.8,26.2,1920,1080,0.093,867.6,131.4
Round3,Q3,1185,1185.0,CYBERCX,0.3441,351.8,921.3,267.8,82.1,1920,1080,1.061,485.7,962.4
Round3,Q3,1186,1186.0,EMIRATES,0.9184,1535.4,396.4,121.5,34.4,1920,1080,0.202,1596.2,413.6
Round3,Q3,1186,1186.0,CYBERCX,0.9176,305.6,484.0,283.5,86.5,1920,1080,1.182,447.3,527.2
Round3,Q3,1186,1186.0,CYBERCX,0.9088,82.4,257.9,284.8,88.6,1920,1080,1.217,224.7,302.2
Round3,Q3,1186,1186.0,CYBERCX,0.8547,45.4,73.2,479.7,148.6,1920,1080,3.437,285.2,147.4
Round3,Q3,1186,1186.0,EMIRATES,0.8323,823.8,126.1,73.0,26.3,1920,1080,0.093,860.3,139.2
Round3,Q3,1186,1186.0,EMIRATES,0.369,1149.0,113.8,98.7,31.8,1920,1080,0.152,1198.4,129.8
Round3,Q3,1188,1188.0,EMIRATES,0.679,1168.2,225.8,82.6,15.4,1920,1080,0.061,1209.5,233.5
Round3,Q3,1189,1189.0,EMIRATES,0.8022,940.0,447.5,61.2,17.4,1920,1080,0.051,970.6,456.2
Round3,Q3,1190,1190.0,EMIRATES,0.6707,770.6,181.6,73.1,25.2,1920,1080,0.089,807.2,194.2
Round3,Q3,1192,1192.0,EMIRATES,0.8825,1193.0,335.4,50.7,31.2,1920,1080,0.076,1218.3,351.0
Round3,Q3,1193,1193.0,EMIRATES,0.8774,1058.6,350.1,41.2,38.7,1920,1080,0.077,1079.2,369.4
Round3,Q3,1198,1198.0,EMIRATES,0.899,1396.7,684.0,135.3,73.2,1920,1080,0.477,1464.3,720.6
Round3,Q3,1199,1199.0,EMIRATES,0.8834,1007.3,554.0,179.8,75.9,1920,1080,0.658,1097.2,591.9
Round3,Q3,1199,1199.0,EMIRATES,0.3593,677.4,310.9,82.7,55.0,1920,1080,0.219,718.7,338.4
Round3,Q3,1199,1199.0,EMIRATES,0.3446,1350.9,3.2,62.3,32.7,1920,1080,0.098,1382.1,19.6
Round3,Q3,1213,1213.0,EMIRATES,0.8646,901.2,476.7,38.9,38.9,1920,1080,0.073,920.6,496.2
Round3,Q3,1214,1214.0,EMIRATES,0.6654,1041.8,343.6,35.6,23.0,1920,1080,0.039,1059.6,355.1
Round3,Q3,1215,1215.0,CRUSADER_CARAVANS,0.8538,1656.7,168.0,71.4,29.4,1920,1080,0.101,1692.5,182.6
Round3,Q3,1215,1215.0,CRUSADER_CARAVANS,0.8492,122.1,497.8,73.3,37.2,1920,1080,0.131,158.8,516.4
Round3,Q3,1215,1215.0,CRUSADER_CARAVANS,0.8438,543.3,200.5,303.8,34.0,1920,1080,0.499,695.2,217.5
Round3,Q3,1215,1215.0,CRUSADER_CARAVANS,0.8435,1253.4,182.9,66.3,29.1,1920,1080,0.093,1286.5,197.4
Round3,Q3,1215,1215.0,CRUSADER_CARAVANS,0.8434,1327.6,174.0,310.6,34.3,1920,1080,0.514,1482.9,191.2
Round3,Q3,1215,1215.0,CRUSADER_CARAVANS,0.8395,145.2,212.1,313.5,38.4,1920,1080,0.581,301.9,231.3
Round3,Q3,1215,1215.0,CRUSADER_CARAVANS,0.8389,864.0,195.3,66.3,29.9,1920,1080,0.096,897.1,210.2
Round3,Q3,1215,1215.0,CRUSADER_CARAVANS,0.8376,470.5,207.7,65.4,31.8,1920,1080,0.1,503.2,223.6
Round3,Q3,1215,1215.0,CRUSADER_CARAVANS,0.8323,936.8,187.4,305.0,33.3,1920,1080,0.489,1089.3,204.0
Round3,Q3,1215,1215.0,CRUSADER_CARAVANS,0.8319,954.8,429.7,66.4,31.5,1920,1080,0.101,988.0,445.4
Round3,Q3,1215,1215.0,CRUSADER_CARAVANS,0.788,64.9,222.7,73.9,32.1,1920,1080,0.115,101.9,238.7
Round3,Q3,1215,1215.0,CRUSADER_CARAVANS,0.7277,1385.1,406.6,73.0,30.2,1920,1080,0.106,1421.6,421.6
Round3,Q3,1215,1215.0,CRUSADER_CARAVANS,0.7242,0.0,505.4,112.0,52.6,1920,1080,0.284,56.0,531.7
Round3,Q3,1215,1215.0,CRUSADER_CARAVANS,0.7201,1740.7,162.3,174.1,31.5,1920,1080,0.265,1827.7,178.0
Round3,Q3,1215,1215.0,CRUSADER_CARAVANS,0.6808,541.1,459.5,63.3,34.5,1920,1080,0.105,572.7,476.8
Round3,Q3,1215,1215.0,CRUSADER_CARAVANS,0.6584,196.3,467.3,342.5,60.7,1920,1080,1.002,367.6,497.6
Round3,Q3,1215,1215.0,CRUSADER_CARAVANS,0.65,619.6,438.5,324.0,43.7,1920,1080,0.682,781.6,460.3
Round3,Q3,1215,1215.0,CRUSADER_CARAVANS,0.6405,0.0,222.3,49.0,36.1,1920,1080,0.085,24.5,240.3
Round3,Q3,1215,1215.0,CRUSADER_CARAVANS,0.5886,999.1,410.8,377.3,40.8,1920,1080,0.742,1187.8,431.2
Round3,Q3,1215,1215.0,CRUSADER_CARAVANS,0.4183,1490.0,398.1,339.5,34.4,1920,1080,0.563,1659.7,415.3
Round3,Q3,1216,1216.0,EMIRATES,0.8819,941.6,346.9,174.1,56.7,1920,1080,0.476,1028.6,375.2
Round3,Q3,1217,1217.0,EMIRATES,0.882,912.8,780.3,280.9,79.0,1920,1080,1.071,1053.2,819.9
Round3,Q3,1218,1218.0,EMIRATES,0.8963,814.7,359.2,159.8,62.4,1920,1080,0.481,894.6,390.4
Round3,Q3,1219,1219.0,CRUSADER_CARAVANS,0.7305,98.1,147.2,432.7,46.4,1920,1080,0.968,314.5,170.3
Round3,Q3,1219,1219.0,CRUSADER_CARAVANS,0.6677,590.4,131.1,460.0,47.4,1920,1080,1.053,820.4,154.8
Round3,Q3,1219,1219.0,CRUSADER_CARAVANS,0.4616,1084.5,121.2,392.5,45.4,1920,1080,0.86,1280.7,143.9
Round3,Q3,1219,1219.0,CRUSADER_CARAVANS,0.3621,1529.2,108.4,390.8,46.1,1920,1080,0.869,1724.6,131.4
Round3,Q3,1220,1220.0,CRUSADER_CARAVANS,0.7045,117.2,146.7,450.1,45.1,1920,1080,0.978,342.3,169.2
Round3,Q3,1220,1220.0,CRUSADER_CARAVANS,0.6694,604.6,130.9,406.1,51.8,1920,1080,1.013,807.6,156.8
Round3,Q3,1220,1220.0,CRUSADER_CARAVANS,0.481,1521.9,107.6,398.1,45.8,1920,1080,0.88,1720.9,130.5
Round3,Q3,1221,1221.0,CYBERCX,0.9008,341.4,753.6,311.1,136.2,1920,1080,2.043,497.0,821.7
Round3,Q3,1221,1221.0,EMIRATES,0.8413,1216.8,168.2,124.9,40.2,1920,1080,0.242,1279.2,188.3
Round3,Q3,1221,1221.0,EMIRATES,0.8298,883.2,492.7,100.5,39.7,1920,1080,0.192,933.4,512.6
Round3,Q3,1221,1221.0,CYBERCX,0.7103,1436.6,787.3,262.2,91.9,1920,1080,1.162,1567.7,833.2
Round3,Q3,1221,1221.0,CYBERCX,0.5667,0.2,50.4,444.3,259.0,1920,1080,5.549,222.4,179.9
Round3,Q3,1221,1221.0,ACCESS_COVERS,0.425,0.0,360.2,545.8,296.8,1920,1080,7.812,272.9,508.6
Round3,Q3,1222,1222.0,EMIRATES,0.9017,647.7,343.9,98.8,43.6,1920,1080,0.207,697.0,365.7
Round3,Q3,1222,1222.0,EMIRATES,0.8506,1020.3,472.0,105.5,76.2,1920,1080,0.388,1073.1,510.1
Round3,Q3,1222,1222.0,EMIRATES,0.5194,1019.7,473.4,41.3,43.9,1920,1080,0.087,1040.3,495.3
Round3,Q3,1223,1223.0,EMIRATES,0.8747,903.0,391.0,95.8,42.2,1920,1080,0.195,950.9,412.1
Round3,Q3,1223,1223.0,EMIRATES,0.8634,0.0,236.3,75.2,64.0,1920,1080,0.232,37.6,268.3
Round3,Q3,1223,1223.0,EMIRATES,0.8405,1177.2,426.6,42.8,44.4,1920,1080,0.092,1198.7,448.8
Round3,Q3,1224,1224.0,EMIRATES,0.8965,1694.0,910.3,43.9,14.9,1920,1080,0.031,1716.0,917.8
Round3,Q3,1225,1225.0,EMIRATES,0.8918,1710.6,919.0,42.3,15.2,1920,1080,0.031,1731.8,926.6
Round3,Q3,1226,1226.0,EMIRATES,0.9189,1728.1,910.0,43.2,14.4,1920,1080,0.03,1749.7,917.2
Round3,Q3,1226,1226.0,EMIRATES,0.8019,1652.1,899.7,38.4,14.1,1920,1080,0.026,1671.3,906.7
Round3,Q3,1226,1226.0,EMIRATES,0.5877,1093.0,722.1,26.0,9.1,1920,1080,0.011,1106.0,726.6
Round3,Q3,1227,1227.0,EMIRATES,0.8877,1709.1,937.0,45.7,17.9,1920,1080,0.039,1731.9,946.0
Round3,Q3,1227,1227.0,EMIRATES,0.8636,801.2,447.2,45.4,19.6,1920,1080,0.043,823.9,457.0
Round3,Q3,1227,1227.0,EMIRATES,0.4622,1241.9,525.1,27.1,13.9,1920,1080,0.018,1255.5,532.1
Round3,Q3,1228,1228.0,EMIRATES,0.7602,1674.1,344.5,25.5,12.8,1920,1080,0.016,1686.8,350.9
Round3,Q3,1228,1228.0,EMIRATES,0.7186,788.9,382.7,31.4,9.3,1920,1080,0.014,804.6,387.3
Round3,Q3,1229,1229.0,EMIRATES,0.8932,1706.4,888.9,37.3,11.7,1920,1080,0.021,1725.1,894.8
Round3,Q3,1229,1229.0,EMIRATES,0.4894,744.1,350.2,21.7,9.8,1920,1080,0.01,755.0,355.1
Round3,Q3,1230,1230.0,EMIRATES,0.9152,1711.5,889.2,38.5,12.5,1920,1080,0.023,1730.8,895.5
Round3,Q3,1230,1230.0,EMIRATES,0.537,652.5,342.4,20.7,19.9,1920,1080,0.02,662.8,352.3
Round3,Q3,1231,1231.0,EMIRATES,0.8889,1741.3,870.5,39.9,13.0,1920,1080,0.025,1761.3,877.0
Round3,Q3,1232,1232.0,EMIRATES,0.8977,1706.7,890.3,38.6,11.9,1920,1080,0.022,1726.0,896.3
Round3,Q3,1233,1233.0,EMIRATES,0.9073,1712.1,888.7,38.1,13.1,1920,1080,0.024,1731.2,895.2
Round3,Q3,1234,1234.0,EMIRATES,0.903,1711.9,890.4,40.0,13.3,1920,1080,0.026,1731.9,897.0
Round3,Q3,1234,1234.0,EMIRATES,0.888,1195.6,363.9,58.1,20.7,1920,1080,0.058,1224.7,374.2
Round3,Q3,1234,1234.0,EMIRATES,0.8699,185.8,369.7,57.0,19.8,1920,1080,0.054,214.3,379.6
Round3,Q3,1235,1235.0,EMIRATES,0.8837,1679.9,890.8,38.0,12.8,1920,1080,0.023,1698.8,897.2
Round3,Q3,1235,1235.0,EMIRATES,0.86,1162.9,570.6,50.4,24.9,1920,1080,0.061,1188.1,583.1
Round3,Q3,1235,1235.0,EMIRATES,0.7363,1357.1,514.2,39.5,14.4,1920,1080,0.027,1376.9,521.4
Round3,Q3,1235,1235.0,EMIRATES,0.6698,157.6,592.9,87.9,23.1,1920,1080,0.098,201.6,604.4
Round3,Q3,1236,1236.0,EMIRATES,0.8593,933.7,442.0,111.8,45.2,1920,1080,0.244,989.6,464.6
Round3,Q3,1236,1236.0,EMIRATES,0.8563,1688.9,904.5,37.0,13.2,1920,1080,0.023,1707.5,911.1
Round3,Q3,1237,1237.0,EMIRATES,0.8984,1730.4,890.5,36.3,13.0,1920,1080,0.023,1748.6,897.0
Round3,Q3,1237,1237.0,EMIRATES,0.856,1175.6,330.1,92.1,94.8,1920,1080,0.421,1221.6,377.5
Round3,Q3,1239,1239.0,EMIRATES,0.8907,1197.4,540.7,100.3,41.2,1920,1080,0.2,1247.5,561.3
Round3,Q3,1240,1240.0,CRUSADER_CARAVANS,0.8244,1406.5,134.9,139.7,57.4,1920,1080,0.387,1476.4,163.7
Round3,Q3,1240,1240.0,CRUSADER_CARAVANS,0.8194,321.3,134.0,129.7,58.7,1920,1080,0.367,386.1,163.4
Round3,Q3,1240,1240.0,CRUSADER_CARAVANS,0.7698,1035.2,135.8,343.3,59.8,1920,1080,0.99,1206.8,165.7
Round3,Q3,1240,1240.0,CRUSADER_CARAVANS,0.7495,0.0,130.0,277.8,61.5,1920,1080,0.824,138.9,160.8
Round3,Q3,1240,1240.0,CRUSADER_CARAVANS,0.7491,1570.5,131.6,346.2,59.1,1920,1080,0.986,1743.6,161.2
Round3,Q3,1240,1240.0,EMIRATES,0.7131,1125.4,890.8,31.7,11.2,1920,1080,0.017,1141.3,896.3
Round3,Q3,1241,1241.0,CRUSADER_CARAVANS,0.8555,1355.4,203.6,124.6,55.6,1920,1080,0.334,1417.7,231.4
Round3,Q3,1241,1241.0,CRUSADER_CARAVANS,0.8407,356.5,201.4,117.2,56.7,1920,1080,0.32,415.1,229.7
Round3,Q3,1241,1241.0,CRUSADER_CARAVANS,0.8403,1.3,199.4,321.9,58.8,1920,1080,0.912,162.3,228.7
Round3,Q3,1241,1241.0,CRUSADER_CARAVANS,0.7459,1499.3,198.5,420.7,58.2,1920,1080,1.181,1709.6,227.6
Round3,Q3,1241,1241.0,CRUSADER_CARAVANS,0.7232,1019.2,202.4,309.3,56.1,1920,1080,0.837,1173.8,230.5
Round3,Q3,1241,1241.0,EMIRATES,0.5405,1110.5,898.8,30.3,10.8,1920,1080,0.016,1125.6,904.2
Round3,Q3,1242,1242.0,CRUSADER_CARAVANS,0.8724,1290.5,304.0,111.9,49.8,1920,1080,0.269,1346.5,328.9
Round3,Q3,1242,1242.0,CRUSADER_CARAVANS,0.8644,406.0,302.8,108.5,49.5,1920,1080,0.259,460.3,327.6
Round3,Q3,1242,1242.0,CRUSADER_CARAVANS,0.8188,0.0,301.5,374.9,51.1,1920,1080,0.923,187.4,327.0
Round3,Q3,1242,1242.0,CRUSADER_CARAVANS,0.7019,1005.4,305.0,259.5,47.7,1920,1080,0.597,1135.1,328.8
Round3,Q3,1242,1242.0,CRUSADER_CARAVANS,0.6676,1431.9,300.8,488.1,50.8,1920,1080,1.196,1676.0,326.2
Round3,Q3,1242,1242.0,EMIRATES,0.6053,1090.7,920.3,26.6,9.9,1920,1080,0.013,1104.0,925.2
Round3,Q3,1242,1242.0,CRUSADER_CARAVANS,0.4441,530.1,305.0,261.8,47.2,1920,1080,0.596,661.0,328.6
Round3,Q3,1243,1243.0,CRUSADER_CARAVANS,0.8342,1390.0,769.7,116.7,50.8,1920,1080,0.286,1448.3,795.1
Round3,Q3,1243,1243.0,CRUSADER_CARAVANS,0.8048,1526.4,769.1,393.6,54.2,1920,1080,1.029,1723.2,796.2
Round3,Q3,1243,1243.0,CRUSADER_CARAVANS,0.799,790.7,190.6,298.1,37.3,1920,1080,0.536,939.8,209.3
Round3,Q3,1243,1243.0,CRUSADER_CARAVANS,0.782,1555.7,182.3,311.8,39.1,1920,1080,0.587,1711.6,201.9
Round3,Q3,1243,1243.0,CRUSADER_CARAVANS,0.7737,1098.2,192.4,64.9,31.8,1920,1080,0.1,1130.7,208.3
Round3,Q3,1243,1243.0,CRUSADER_CARAVANS,0.7684,335.0,189.4,65.7,32.0,1920,1080,0.102,367.8,205.4
Round3,Q3,1243,1243.0,CRUSADER_CARAVANS,0.7656,1170.6,187.5,308.3,38.5,1920,1080,0.573,1324.7,206.7
Round3,Q3,1243,1243.0,CRUSADER_CARAVANS,0.7502,407.1,189.1,306.8,37.4,1920,1080,0.553,560.5,207.8
Round3,Q3,1243,1243.0,CRUSADER_CARAVANS,0.7437,14.2,183.4,311.7,41.0,1920,1080,0.616,170.1,203.9
Round3,Q3,1243,1243.0,CRUSADER_CARAVANS,0.7325,0.0,768.9,492.7,54.0,1920,1080,1.284,246.4,795.9
Round3,Q3,1243,1243.0,CRUSADER_CARAVANS,0.7302,499.6,769.7,108.3,48.9,1920,1080,0.256,553.7,794.1
Round3,Q3,1243,1243.0,CRUSADER_CARAVANS,0.6894,1873.4,180.9,46.6,35.0,1920,1080,0.079,1896.7,198.4
Round3,Q3,1243,1243.0,CRUSADER_CARAVANS,0.6797,719.4,192.0,63.8,32.8,1920,1080,0.101,751.2,208.4
Round3,Q3,1243,1243.0,CRUSADER_CARAVANS,0.6404,622.7,768.8,277.7,52.2,1920,1080,0.699,761.5,794.9
Round3,Q3,1243,1243.0,CRUSADER_CARAVANS,0.4784,1481.7,188.1,66.4,32.6,1920,1080,0.104,1514.8,204.4
Round3,Q3,1243,1243.0,CRUSADER_CARAVANS,0.428,1114.2,768.7,249.4,54.2,1920,1080,0.653,1238.9,795.8
Round3,Q3,1246,1246.0,EMIRATES,0.9041,1050.4,625.9,137.0,64.3,1920,1080,0.425,1118.9,658.1
Round3,Q3,1247,1247.0,EMIRATES,0.8863,969.4,570.1,135.5,71.5,1920,1080,0.467,1037.1,605.8
Round3,Q3,1248,1248.0,EMIRATES,0.8841,1034.9,544.2,139.0,71.4,1920,1080,0.479,1104.5,579.9
Round3,Q3,1249,1249.0,EMIRATES,0.8897,999.4,684.9,134.2,52.4,1920,1080,0.339,1066.5,711.1
Round3,Q3,1249,1249.0,EMIRATES,0.8744,1369.0,480.7,116.9,41.9,1920,1080,0.236,1427.5,501.7
Round3,Q3,1258,1258.0,BOWENS,0.5854,0.3,474.4,76.8,22.5,1920,1080,0.083,38.8,485.6
Round3,Q3,1267,1267.0,EMIRATES,0.5532,276.3,499.6,40.9,16.2,1920,1080,0.032,296.7,507.7
Round3,Q3,1268,1268.0,EMIRATES,0.8666,1258.8,459.0,50.7,14.1,1920,1080,0.035,1284.1,466.1
Round3,Q3,1268,1268.0,EMIRATES,0.8075,407.4,436.9,47.1,18.3,1920,1080,0.042,431.0,446.0
Round3,Q3,1268,1268.0,EMIRATES,0.775,97.7,410.9,55.0,15.5,1920,1080,0.041,125.3,418.6
Round3,Q3,1269,1269.0,EMIRATES,0.8372,1172.6,605.1,44.4,17.4,1920,1080,0.037,1194.7,613.8
Round3,Q3,1269,1269.0,EMIRATES,0.5965,941.3,408.5,49.7,16.7,1920,1080,0.04,966.1,416.9
Round3,Q3,1270,1270.0,EMIRATES,0.8833,0.0,323.1,53.1,17.1,1920,1080,0.044,26.6,331.7
Round3,Q3,1270,1270.0,EMIRATES,0.8749,1270.3,622.7,40.7,25.2,1920,1080,0.049,1290.6,635.3
Round3,Q3,1270,1270.0,EMIRATES,0.7961,296.8,245.6,64.4,20.4,1920,1080,0.063,329.0,255.8
Round3,Q3,1270,1270.0,EMIRATES,0.4547,1108.3,422.4,33.6,14.6,1920,1080,0.024,1125.1,429.7
Round3,Q3,1274,1274.0,EMIRATES,0.8969,777.0,424.1,32.4,15.5,1920,1080,0.024,793.2,431.8
Round3,Q3,1275,1275.0,EMIRATES,0.9092,783.1,418.2,37.9,14.6,1920,1080,0.027,802.0,425.5
Round3,Q3,1276,1276.0,CYBERCX,0.8847,122.3,168.6,124.8,85.8,1920,1080,0.517,184.7,211.6
Round3,Q3,1276,1276.0,EMIRATES,0.8742,1323.8,310.0,46.9,31.1,1920,1080,0.07,1347.3,325.6
Round3,Q3,1276,1276.0,CYBERCX,0.8736,335.7,845.7,178.0,55.0,1920,1080,0.472,424.7,873.3
Round3,Q3,1276,1276.0,CYBERCX,0.8617,143.7,282.4,104.4,48.8,1920,1080,0.246,195.9,306.9
Round3,Q3,1276,1276.0,CYBERCX,0.8615,280.5,421.0,174.6,49.8,1920,1080,0.419,367.8,445.8
Round3,Q3,1276,1276.0,CYBERCX,0.8533,1552.3,683.9,131.3,50.4,1920,1080,0.319,1618.0,709.1
Round3,Q3,1276,1276.0,CYBERCX,0.8483,295.0,682.9,180.6,52.1,1920,1080,0.454,385.3,709.0
Round3,Q3,1276,1276.0,CYBERCX,0.8322,694.6,846.7,96.2,48.9,1920,1080,0.227,742.8,871.1
Round3,Q3,1276,1276.0,CYBERCX,0.8227,1246.7,683.7,91.9,51.4,1920,1080,0.228,1292.7,709.4
Round3,Q3,1276,1276.0,CYBERCX,0.8197,1581.6,416.6,86.5,47.3,1920,1080,0.198,1624.9,440.3
Round3,Q3,1276,1276.0,CYBERCX,0.7916,1099.0,853.1,46.7,37.0,1920,1080,0.083,1122.3,871.6
Round3,Q3,1276,1276.0,EMIRATES,0.7857,1722.9,350.8,48.1,16.2,1920,1080,0.038,1746.9,358.9
Round3,Q3,1276,1276.0,CYBERCX,0.7793,726.8,695.6,47.2,35.2,1920,1080,0.08,750.4,713.2
Round3,Q3,1276,1276.0,CYBERCX,0.7718,1450.4,179.5,156.1,61.2,1920,1080,0.461,1528.5,210.1
Round3,Q3,1276,1276.0,CYBERCX,0.7557,77.6,853.6,127.5,49.1,1920,1080,0.302,141.4,878.2
Round3,Q3,1276,1276.0,CYBERCX,0.7504,1614.8,842.9,178.6,52.2,1920,1080,0.45,1704.1,869.0
Round3,Q3,1276,1276.0,CYBERCX,0.535,620.4,683.9,45.8,46.6,1920,1080,0.103,643.4,707.2
Round3,Q3,1276,1276.0,EMIRATES,0.5167,1000.7,361.3,73.9,29.0,1920,1080,0.103,1037.7,375.8
Round3,Q3,1276,1276.0,EMIRATES,0.468,865.8,250.7,22.2,23.7,1920,1080,0.025,876.9,262.6
Round3,Q3,1276,1276.0,CYBERCX,0.3008,1738.5,851.2,54.1,42.1,1920,1080,0.11,1765.5,872.3
Round3,Q3,1277,1277.0,CYBERCX,0.899,161.6,178.1,193.5,83.7,1920,1080,0.781,258.4,219.9
Round3,Q3,1277,1277.0,CYBERCX,0.8981,341.6,692.1,176.2,51.9,1920,1080,0.441,429.7,718.1
Round3,Q3,1277,1277.0,CYBERCX,0.8821,182.1,293.0,153.7,49.0,1920,1080,0.363,258.9,317.5
Round3,Q3,1277,1277.0,EMIRATES,0.8719,1290.9,327.9,42.7,32.3,1920,1080,0.066,1312.3,344.0
Round3,Q3,1277,1277.0,CYBERCX,0.8688,319.1,430.8,173.5,49.1,1920,1080,0.411,405.9,455.3
Round3,Q3,1277,1277.0,CYBERCX,0.8574,1589.5,694.2,112.0,49.9,1920,1080,0.269,1645.5,719.2
Round3,Q3,1277,1277.0,CYBERCX,0.8568,379.6,853.7,174.8,55.0,1920,1080,0.464,467.0,881.1
Round3,Q3,1277,1277.0,CYBERCX,0.8308,117.8,864.7,128.9,48.0,1920,1080,0.299,182.3,888.8
Round3,Q3,1277,1277.0,CYBERCX,0.8277,1052.3,856.0,135.4,50.1,1920,1080,0.327,1120.0,881.0
Round3,Q3,1277,1277.0,CYBERCX,0.8253,1384.5,702.3,75.1,38.4,1920,1080,0.139,1422.0,721.5
Round3,Q3,1277,1277.0,EMIRATES,0.7398,1638.4,249.2,38.8,14.9,1920,1080,0.028,1657.8,256.6
Round3,Q3,1277,1277.0,EMIRATES,0.7057,693.4,622.7,43.2,14.4,1920,1080,0.03,715.0,629.8
Round3,Q3,1277,1277.0,CYBERCX,0.6423,1655.7,853.7,91.1,51.9,1920,1080,0.228,1701.3,879.6
Round3,Q3,1277,1277.0,EMIRATES,0.5281,976.8,182.3,48.8,32.2,1920,1080,0.076,1001.2,198.4
Round3,Q3,1277,1277.0,CYBERCX,0.3753,1457.8,193.0,165.4,57.5,1920,1080,0.459,1540.5,221.8
Round3,Q3,1277,1277.0,CYBERCX,0.3182,1143.8,431.5,28.1,37.5,1920,1080,0.051,1157.8,450.2
Round3,Q3,1278,1278.0,CYBERCX,0.8944,149.6,179.1,186.4,82.2,1920,1080,0.739,242.8,220.2
Round3,Q3,1278,1278.0,CYBERCX,0.8783,168.9,294.1,159.7,47.9,1920,1080,0.369,248.8,318.1
Round3,Q3,1278,1278.0,CYBERCX,0.8776,307.2,430.0,172.1,51.7,1920,1080,0.429,393.2,455.8
Round3,Q3,1278,1278.0,CYBERCX,0.8721,1386.3,700.8,58.2,41.1,1920,1080,0.115,1415.4,721.3
Round3,Q3,1278,1278.0,CYBERCX,0.8711,326.9,695.0,176.8,48.3,1920,1080,0.412,415.3,719.1
Round3,Q3,1278,1278.0,CYBERCX,0.8587,1708.9,860.8,109.6,41.6,1920,1080,0.22,1763.7,881.6
Round3,Q3,1278,1278.0,CYBERCX,0.8559,364.8,855.3,167.0,54.7,1920,1080,0.44,448.3,882.6
Round3,Q3,1278,1278.0,EMIRATES,0.827,1020.8,399.1,60.3,29.0,1920,1080,0.084,1051.0,413.7
Round3,Q3,1278,1278.0,CYBERCX,0.8131,1023.2,851.6,152.0,53.9,1920,1080,0.395,1099.2,878.5
Round3,Q3,1278,1278.0,CYBERCX,0.8046,667.1,705.2,117.5,38.1,1920,1080,0.216,725.9,724.3
Round3,Q3,1278,1278.0,CYBERCX,0.7884,702.0,854.5,107.5,48.5,1920,1080,0.251,755.7,878.7
Round3,Q3,1278,1278.0,CYBERCX,0.7871,104.1,860.3,130.7,52.0,1920,1080,0.328,169.4,886.3
Round3,Q3,1278,1278.0,CYBERCX,0.7768,1702.3,700.9,48.7,40.7,1920,1080,0.095,1726.6,721.2
Round3,Q3,1278,1278.0,CYBERCX,0.721,1694.8,428.9,87.1,42.1,1920,1080,0.177,1738.3,449.9
Round3,Q3,1278,1278.0,EMIRATES,0.5959,1639.5,980.5,63.9,36.2,1920,1080,0.111,1671.4,998.6
Round3,Q3,1278,1278.0,EMIRATES,0.3448,1269.5,341.5,39.2,27.4,1920,1080,0.052,1289.1,355.2
Round3,Q3,1279,1279.0,CYBERCX,0.8818,496.0,190.7,134.7,85.4,1920,1080,0.555,563.3,233.4
Round3,Q3,1279,1279.0,EMIRATES,0.8661,1081.8,387.3,74.9,24.3,1920,1080,0.088,1119.2,399.4
Round3,Q3,1279,1279.0,CYBERCX,0.861,1455.8,445.2,45.2,41.5,1920,1080,0.09,1478.4,465.9
Round3,Q3,1279,1279.0,EMIRATES,0.856,1341.8,399.4,64.1,29.1,1920,1080,0.09,1373.9,414.0
Round3,Q3,1279,1279.0,CYBERCX,0.8509,516.4,306.2,127.7,47.2,1920,1080,0.291,580.3,329.8
Round3,Q3,1279,1279.0,CYBERCX,0.8493,1094.3,714.6,49.3,38.4,1920,1080,0.091,1118.9,733.8
Round3,Q3,1279,1279.0,CYBERCX,0.8444,1364.5,863.8,155.9,55.5,1920,1080,0.417,1442.4,891.6
Round3,Q3,1279,1279.0,CYBERCX,0.8299,676.1,706.2,121.4,47.9,1920,1080,0.281,736.9,730.2
Round3,Q3,1279,1279.0,CYBERCX,0.813,452.4,875.4,130.3,46.8,1920,1080,0.294,517.6,898.8
Round3,Q3,1279,1279.0,CYBERCX,0.8121,1728.1,713.9,66.3,40.8,1920,1080,0.13,1761.2,734.3
Round3,Q3,1279,1279.0,CYBERCX,0.7871,713.6,870.1,105.2,47.2,1920,1080,0.239,766.2,893.7
Round3,Q3,1279,1279.0,CYBERCX,0.7816,654.5,443.0,32.7,42.6,1920,1080,0.067,670.8,464.3
Round3,Q3,1279,1279.0,EMIRATES,0.5087,933.1,186.9,63.9,31.5,1920,1080,0.097,965.1,202.6
Round3,Q3,1279,1279.0,CYBERCX,0.3936,1369.8,719.2,50.7,33.0,1920,1080,0.081,1395.1,735.7
Round3,Q3,1279,1279.0,CYBERCX,0.3498,1129.3,879.0,61.3,32.3,1920,1080,0.096,1160.0,895.2
Round3,Q3,1280,1280.0,EMIRATES,0.8702,1313.6,392.9,73.6,24.7,1920,1080,0.088,1350.3,405.3
Round3,Q3,1280,1280.0,CYBERCX,0.8478,1278.6,873.6,140.1,51.0,1920,1080,0.345,1348.6,899.1
Round3,Q3,1280,1280.0,CYBERCX,0.8415,1598.3,872.8,157.6,55.0,1920,1080,0.418,1677.1,900.3
Round3,Q3,1280,1280.0,CYBERCX,0.8398,1206.5,713.1,173.0,49.1,1920,1080,0.41,1293.0,737.6
Round3,Q3,1280,1280.0,EMIRATES,0.8351,1585.8,409.8,65.3,28.1,1920,1080,0.088,1618.4,423.8
Round3,Q3,1280,1280.0,CYBERCX,0.7975,678.8,883.5,130.5,42.5,1920,1080,0.267,744.0,904.8
Round3,Q3,1280,1280.0,CYBERCX,0.6084,749.4,311.7,38.0,48.9,1920,1080,0.09,768.4,336.2
Round3,Q3,1280,1280.0,EMIRATES,0.5445,1849.9,360.4,38.9,29.3,1920,1080,0.055,1869.4,375.1
Round3,Q3,1280,1280.0,CYBERCX,0.3387,949.5,878.3,43.0,42.6,1920,1080,0.089,971.0,899.6
Round3,Q3,1281,1281.0,CYBERCX,0.8539,1126.7,707.6,156.4,44.0,1920,1080,0.332,1204.9,729.6
Round3,Q3,1281,1281.0,CYBERCX,0.8416,1185.1,860.9,136.6,50.9,1920,1080,0.335,1253.4,886.3
Round3,Q3,1281,1281.0,CYBERCX,0.8291,1508.8,861.1,149.5,52.1,1920,1080,0.376,1583.6,887.1
Round3,Q3,1281,1281.0,CYBERCX,0.7767,590.9,869.7,129.8,45.1,1920,1080,0.283,655.8,892.3
Round3,Q3,1281,1281.0,EMIRATES,0.7427,1215.8,367.2,63.6,22.3,1920,1080,0.068,1247.6,378.3
Round3,Q3,1281,1281.0,CYBERCX,0.7016,856.7,863.4,53.3,47.2,1920,1080,0.121,883.3,887.0
Round3,Q3,1281,1281.0,EMIRATES,0.6685,622.5,328.9,35.9,13.8,1920,1080,0.024,640.4,335.8
Round3,Q3,1281,1281.0,CYBERCX,0.5897,1863.6,705.8,56.4,44.3,1920,1080,0.12,1891.8,727.9
Round3,Q3,1282,1282.0,CYBERCX,0.8575,1089.2,873.5,138.5,50.2,1920,1080,0.336,1158.5,898.7
Round3,Q3,1282,1282.0,CYBERCX,0.8549,1017.4,714.2,174.5,44.1,1920,1080,0.372,1104.7,736.3
Round3,Q3,1282,1282.0,EMIRATES,0.8481,1129.9,383.1,72.9,23.0,1920,1080,0.081,1166.4,394.6
Round3,Q3,1282,1282.0,CYBERCX,0.8377,1412.2,872.8,165.1,54.6,1920,1080,0.435,1494.8,900.1
Round3,Q3,1282,1282.0,CYBERCX,0.8145,1233.5,175.1,63.3,72.9,1920,1080,0.222,1265.2,211.5
Round3,Q3,1282,1282.0,CYBERCX,0.8068,747.2,874.8,40.9,47.2,1920,1080,0.093,767.7,898.4
Round3,Q3,1282,1282.0,CYBERCX,0.7109,1783.1,719.0,51.8,36.9,1920,1080,0.092,1809.0,737.4
Round3,Q3,1282,1282.0,CYBERCX,0.6887,617.1,204.0,131.3,57.5,1920,1080,0.364,682.8,232.8
Round3,Q3,1282,1282.0,CYBERCX,0.4586,836.4,884.7,69.5,37.9,1920,1080,0.127,871.1,903.6
Round3,Q3,1282,1282.0,EMIRATES,0.3102,1713.2,227.8,43.5,23.1,1920,1080,0.048,1734.9,239.3
Round3,Q3,1283,1283.0,EMIRATES,0.8882,753.2,404.2,76.4,26.5,1920,1080,0.098,791.4,417.4
Round3,Q3,1283,1283.0,CYBERCX,0.8446,1789.5,756.7,85.2,42.4,1920,1080,0.174,1832.0,777.8
Round3,Q3,1283,1283.0,EMIRATES,0.8406,1681.3,361.9,44.5,32.2,1920,1080,0.069,1703.5,378.0
Round3,Q3,1283,1283.0,CYBERCX,0.803,985.1,755.1,176.8,45.0,1920,1080,0.383,1073.5,777.6
Round3,Q3,1283,1283.0,CYBERCX,0.8005,403.9,926.5,139.5,56.2,1920,1080,0.378,473.6,954.6
Round3,Q3,1283,1283.0,CYBERCX,0.6036,1055.8,921.5,145.5,44.5,1920,1080,0.312,1128.6,943.7
Round3,Q3,1283,1283.0,CYBERCX,0.4007,747.5,929.5,127.1,39.9,1920,1080,0.244,811.1,949.4
Round3,Q3,1284,1284.0,EMIRATES,0.8943,678.5,461.6,81.0,27.6,1920,1080,0.108,719.0,475.4
Round3,Q3,1284,1284.0,CYBERCX,0.876,487.4,232.6,170.9,68.1,1920,1080,0.562,572.8,266.7
Round3,Q3,1284,1284.0,EMIRATES,0.8543,1660.1,401.5,45.5,33.4,1920,1080,0.073,1682.9,418.2
Round3,Q3,1284,1284.0,CYBERCX,0.8543,1160.0,208.0,124.8,89.7,1920,1080,0.54,1222.4,252.9
Round3,Q3,1284,1284.0,CYBERCX,0.8423,1777.0,817.6,87.4,47.1,1920,1080,0.199,1820.8,841.1
Round3,Q3,1284,1284.0,CYBERCX,0.8183,1383.9,993.6,160.5,57.2,1920,1080,0.443,1464.1,1022.2
Round3,Q3,1284,1284.0,CYBERCX,0.4063,402.8,1005.5,49.6,47.0,1920,1080,0.112,427.6,1029.0
Round3,Q3,1285,1285.0,EMIRATES,0.8827,673.9,479.2,87.7,27.7,1920,1080,0.117,717.8,493.1
Round3,Q3,1285,1285.0,CYBERCX,0.8687,1181.3,206.9,141.4,87.8,1920,1080,0.599,1252.0,250.8
Round3,Q3,1285,1285.0,EMIRATES,0.8489,1710.6,407.7,51.0,36.6,1920,1080,0.09,1736.1,426.0
Round3,Q3,1285,1285.0,CYBERCX,0.8095,1833.2,851.1,86.5,47.5,1920,1080,0.198,1876.5,874.9
Round3,Q3,1285,1285.0,CYBERCX,0.6993,597.9,1041.0,208.8,39.0,1920,1080,0.392,702.3,1060.5
Round3,Q3,1285,1285.0,EMIRATES,0.5689,266.5,601.9,48.9,16.6,1920,1080,0.039,290.9,610.2
Round3,Q3,1285,1285.0,CYBERCX,0.3892,1490.3,1049.5,95.4,30.5,1920,1080,0.14,1538.0,1064.8
Round3,Q3,1285,1285.0,EMIRATES,0.3732,890.0,241.0,38.1,15.4,1920,1080,0.028,909.1,248.8
Round3,Q3,1286,1286.0,EMIRATES,0.8536,1469.3,462.7,84.7,33.7,1920,1080,0.138,1511.7,479.5
Round3,Q3,1286,1286.0,EMIRATES,0.7824,580.3,698.3,49.8,19.9,1920,1080,0.048,605.2,708.3
Round3,Q3,1286,1286.0,CYBERCX,0.5476,1138.1,866.9,51.9,43.3,1920,1080,0.108,1164.1,888.5
Round3,Q3,1286,1286.0,CYBERCX,0.4548,1249.9,173.0,114.0,97.5,1920,1080,0.536,1306.9,221.8
Round3,Q3,1287,1287.0,CYBERCX,0.8867,1034.0,860.2,229.2,65.4,1920,1080,0.723,1148.6,892.9
Round3,Q3,1287,1287.0,CYBERCX,0.8409,521.0,185.9,240.9,84.3,1920,1080,0.979,641.4,228.0
Round3,Q3,1287,1287.0,EMIRATES,0.8321,1544.3,456.5,91.0,35.9,1920,1080,0.158,1589.8,474.4
Round3,Q3,1287,1287.0,EMIRATES,0.7845,1178.6,431.3,97.2,31.6,1920,1080,0.148,1227.2,447.1
Round3,Q3,1287,1287.0,CYBERCX,0.5509,574.9,323.7,67.0,55.0,1920,1080,0.178,608.4,351.2
Round3,Q3,1288,1288.0,CYBERCX,0.8708,1034.9,876.3,204.3,55.7,1920,1080,0.549,1137.1,904.2
Round3,Q3,1288,1288.0,EMIRATES,0.8695,1158.4,425.9,103.2,32.2,1920,1080,0.16,1210.0,442.1
Round3,Q3,1288,1288.0,EMIRATES,0.8059,1885.0,396.0,34.9,35.6,1920,1080,0.06,1902.5,413.8
Round3,Q3,1288,1288.0,EMIRATES,0.7974,1525.7,467.2,86.9,33.7,1920,1080,0.141,1569.2,484.1
Round3,Q3,1289,1289.0,EMIRATES,0.8531,1192.9,748.6,129.0,39.2,1920,1080,0.244,1257.4,768.2
Round3,Q3,1290,1290.0,EMIRATES,0.8245,995.8,316.8,133.1,54.5,1920,1080,0.35,1062.4,344.1
Round3,Q3,1291,1291.0,EMIRATES,0.7935,1042.0,188.1,96.9,46.5,1920,1080,0.217,1090.5,211.4
Round3,Q3,1292,1292.0,EMIRATES,0.8679,1034.8,297.4,91.1,37.9,1920,1080,0.167,1080.4,316.3
Round3,Q3,1294,1294.0,EMIRATES,0.8901,1176.7,402.1,89.3,30.1,1920,1080,0.13,1221.3,417.2
Round3,Q3,1295,1295.0,EMIRATES,0.9119,1245.6,432.1,109.2,37.4,1920,1080,0.197,1300.2,450.8
Round3,Q3,1296,1296.0,EMIRATES,0.9079,1165.9,517.0,111.9,35.6,1920,1080,0.192,1221.9,534.8
Round3,Q3,1297,1297.0,EMIRATES,0.9191,1060.0,457.3,122.0,38.1,1920,1080,0.224,1121.0,476.3
Round3,Q3,1298,1298.0,EMIRATES,0.8141,1128.4,559.4,105.6,38.2,1920,1080,0.195,1181.3,578.5
Round3,Q3,1301,1301.0,EMIRATES,0.916,1143.0,315.5,118.8,41.1,1920,1080,0.236,1202.4,336.0
Round3,Q3,1301,1301.0,CYBERCX,0.3555,1646.8,235.5,262.8,362.9,1920,1080,4.6,1778.2,417.0
Round3,Q3,1302,1302.0,EMIRATES,0.9256,1123.1,476.5,121.9,38.7,1920,1080,0.227,1184.1,495.8
Round3,Q3,1303,1303.0,EMIRATES,0.9056,1117.5,469.5,122.1,40.4,1920,1080,0.238,1178.6,489.6
Round3,Q3,1304,1304.0,EMIRATES,0.9173,1152.9,401.8,103.2,32.8,1920,1080,0.163,1204.5,418.2
Round3,Q3,1305,1305.0,EMIRATES,0.9114,1228.0,357.5,94.8,30.9,1920,1080,0.141,1275.4,372.9
Round3,Q3,1306,1306.0,EMIRATES,0.8972,1212.6,349.1,78.9,25.9,1920,1080,0.099,1252.1,362.0
Round3,Q3,1318,1318.0,EMIRATES,0.8567,1877.7,434.1,42.3,17.5,1920,1080,0.036,1898.8,442.9
Round3,Q3,1318,1318.0,EMIRATES,0.6678,1900.1,373.5,19.7,16.5,1920,1080,0.016,1909.9,381.8
Round3,Q3,1321,1321.0,EMIRATES,0.8601,949.1,514.9,73.4,48.4,1920,1080,0.171,985.8,539.1
Round3,Q3,1345,1345.0,CRUSADER_CARAVANS,0.3579,607.1,176.3,1239.3,181.8,1920,1080,10.867,1226.8,267.2
Round3,Q3,1345,1345.0,CRUSADER_CARAVANS,0.339,955.9,196.8,964.1,183.4,1920,1080,8.526,1437.9,288.5
Round3,Q3,1345,1345.0,CRUSADER_CARAVANS,0.3302,162.5,177.2,1254.3,179.5,1920,1080,10.86,789.6,267.0
Round3,Q3,1346,1346.0,EMIRATES,0.8137,889.9,381.2,54.0,17.4,1920,1080,0.045,917.0,390.0
Round3,Q3,1347,1347.0,EMIRATES,0.3022,1543.8,674.3,15.0,6.6,1920,1080,0.005,1551.4,677.6
Round3,Q3,1358,1358.0,EMIRATES,0.8424,649.3,347.7,59.9,16.1,1920,1080,0.047,679.3,355.7
Round3,Q3,1359,1359.0,EMIRATES,0.8824,1185.3,335.3,50.7,16.7,1920,1080,0.041,1210.6,343.6
Round3,Q3,1359,1359.0,EMIRATES,0.8723,1312.9,347.7,45.0,19.1,1920,1080,0.041,1335.3,357.2
Round3,Q3,1363,1363.0,EMIRATES,0.906,570.7,747.7,54.7,27.0,1920,1080,0.071,598.0,761.2
Round3,Q3,1364,1364.0,EMIRATES,0.8634,912.1,399.8,52.1,15.7,1920,1080,0.04,938.2,407.6
Round3,Q3,1365,1365.0,EMIRATES,0.8239,1101.4,393.9,30.2,16.2,1920,1080,0.024,1116.5,402.0
Round3,Q3,1365,1365.0,EMIRATES,0.6729,738.8,579.0,28.5,26.0,1920,1080,0.036,753.0,592.0
Round3,Q3,1366,1366.0,EMIRATES,0.8697,944.0,340.7,56.0,19.8,1920,1080,0.053,972.0,350.5
Round3,Q3,1368,1368.0,EMIRATES,0.3813,850.5,404.5,37.7,15.9,1920,1080,0.029,869.4,412.5
Round3,Q3,1369,1369.0,EMIRATES,0.8687,1416.7,308.3,38.9,14.4,1920,1080,0.027,1436.1,315.5
Round3,Q3,1370,1370.0,EMIRATES,0.8923,1173.9,363.5,33.8,12.8,1920,1080,0.021,1190.8,369.8
Round3,Q3,1370,1370.0,EMIRATES,0.8247,0.0,264.9,20.0,13.1,1920,1080,0.013,10.0,271.4
Round3,Q3,1371,1371.0,EMIRATES,0.8857,439.1,159.7,38.5,14.1,1920,1080,0.026,458.4,166.8
Round3,Q3,1371,1371.0,EMIRATES,0.8791,1210.0,348.2,29.5,13.9,1920,1080,0.02,1224.8,355.2
Round3,Q3,1374,1374.0,EMIRATES,0.8933,1853.2,272.8,46.5,16.6,1920,1080,0.037,1876.5,281.1
Round3,Q3,1376,1376.0,EMIRATES,0.5054,1546.1,322.0,12.3,48.8,1920,1080,0.029,1552.2,346.4
Round3,Q3,1376,1376.0,EMIRATES,0.3547,1549.6,280.0,11.8,36.0,1920,1080,0.021,1555.5,298.0
Round3,Q3,1376,1376.0,EMIRATES,0.3502,1403.9,263.7,11.2,35.6,1920,1080,0.019,1409.4,281.5
Round3,Q3,1376,1376.0,EMIRATES,0.3242,1270.9,246.8,10.5,35.8,1920,1080,0.018,1276.1,264.7
Round3,Q3,1378,1378.0,EMIRATES,0.8456,830.2,484.3,62.4,16.8,1920,1080,0.051,861.4,492.7
Round3,Q3,1378,1378.0,EMIRATES,0.4514,618.5,48.0,65.2,17.3,1920,1080,0.054,651.1,56.6
Round3,Q3,1380,1380.0,EMIRATES,0.4117,1098.6,397.2,11.5,49.6,1920,1080,0.027,1104.4,422.0
Round3,Q3,1380,1380.0,EMIRATES,0.4075,966.7,343.8,11.6,38.0,1920,1080,0.021,972.4,362.8
Round3,Q3,1380,1380.0,EMIRATES,0.3264,1398.9,440.1,11.5,52.2,1920,1080,0.029,1404.7,466.2
Round3,Q3,1380,1380.0,EMIRATES,0.3079,1098.9,359.0,12.6,33.7,1920,1080,0.021,1105.2,375.9
Round3,Q3,1381,1381.0,EMIRATES,0.6237,1116.6,436.0,10.3,49.5,1920,1080,0.025,1121.7,460.8
Round3,Q3,1381,1381.0,EMIRATES,0.5879,1118.1,390.2,10.7,38.3,1920,1080,0.02,1123.5,409.3
Round3,Q3,1381,1381.0,EMIRATES,0.5005,1277.9,454.8,10.3,53.6,1920,1080,0.027,1283.0,481.7
Round3,Q3,1381,1381.0,EMIRATES,0.4171,1279.1,410.8,11.5,39.3,1920,1080,0.022,1284.8,430.5
Round3,Q3,1381,1381.0,EMIRATES,0.3639,829.9,399.4,9.0,44.5,1920,1080,0.019,834.4,421.7
Round3,Q3,1381,1381.0,EMIRATES,0.3155,969.0,373.5,10.2,36.4,1920,1080,0.018,974.1,391.7
Round3,Q3,1382,1382.0,EMIRATES,0.4453,819.7,417.9,11.2,36.0,1920,1080,0.019,825.3,435.9
Round3,Q3,1382,1382.0,EMIRATES,0.4269,968.2,477.2,12.9,52.6,1920,1080,0.033,974.7,503.5
Round3,Q3,1382,1382.0,EMIRATES,0.3943,1128.2,500.1,11.5,51.6,1920,1080,0.029,1133.9,525.9
Round3,Q3,1382,1382.0,EMIRATES,0.3869,819.1,460.8,11.4,46.3,1920,1080,0.026,824.8,483.9
Round3,Q3,1384,1384.0,EMIRATES,0.704,1136.8,669.0,13.6,64.5,1920,1080,0.042,1143.6,701.2
Round3,Q3,1384,1384.0,EMIRATES,0.6939,956.1,597.9,13.1,44.5,1920,1080,0.028,962.7,620.1
Round3,Q3,1384,1384.0,EMIRATES,0.6818,1138.5,618.7,13.5,44.9,1920,1080,0.029,1145.3,641.1
Round3,Q3,1384,1384.0,EMIRATES,0.6662,1336.1,642.1,14.4,50.2,1920,1080,0.035,1343.3,667.2
Round3,Q3,1384,1384.0,EMIRATES,0.6424,955.6,649.1,12.6,58.2,1920,1080,0.035,961.9,678.1
Round3,Q3,1384,1384.0,EMIRATES,0.5913,1335.0,701.4,13.7,60.0,1920,1080,0.04,1341.9,731.4
Round3,Q3,1384,1384.0,EMIRATES,0.5573,787.6,577.2,11.9,49.3,1920,1080,0.028,793.5,601.8
Round3,Q3,1385,1385.0,EMIRATES,0.7856,1333.5,622.7,18.8,87.3,1920,1080,0.079,1343.0,666.3
Round3,Q3,1385,1385.0,EMIRATES,0.7604,1617.7,659.3,18.6,90.9,1920,1080,0.082,1627.0,704.8
Round3,Q3,1385,1385.0,EMIRATES,0.7509,1335.8,549.3,18.2,62.4,1920,1080,0.055,1344.9,580.4
Round3,Q3,1385,1385.0,EMIRATES,0.7463,1077.6,591.5,16.4,79.6,1920,1080,0.063,1085.8,631.3
Round3,Q3,1385,1385.0,EMIRATES,0.7395,839.6,561.4,15.3,77.5,1920,1080,0.057,847.3,600.2
Round3,Q3,1385,1385.0,EMIRATES,0.729,1620.5,581.9,18.9,66.5,1920,1080,0.061,1630.0,615.2
Round3,Q3,1385,1385.0,EMIRATES,0.7188,1078.3,518.6,15.9,63.9,1920,1080,0.049,1086.2,550.5
Round3,Q3,1385,1385.0,EMIRATES,0.6491,842.3,490.2,14.2,61.2,1920,1080,0.042,849.4,520.8
Round3,Q3,1386,1386.0,EMIRATES,0.8352,1158.3,498.5,19.8,99.2,1920,1080,0.095,1168.2,548.1
Round3,Q3,1386,1386.0,EMIRATES,0.8233,1479.5,540.5,20.1,103.2,1920,1080,0.1,1489.5,592.0
Round3,Q3,1386,1386.0,EMIRATES,0.8202,1838.0,588.1,20.3,108.4,1920,1080,0.106,1848.2,642.3
Round3,Q3,1386,1386.0,EMIRATES,0.8022,862.3,459.5,17.6,95.6,1920,1080,0.081,871.1,507.3
Round3,Q3,1386,1386.0,EMIRATES,0.7906,1159.9,405.5,18.8,83.2,1920,1080,0.076,1169.3,447.1
Round3,Q3,1386,1386.0,EMIRATES,0.74,1482.1,445.2,20.3,79.1,1920,1080,0.078,1492.2,484.7
Round3,Q3,1386,1386.0,EMIRATES,0.6322,1841.3,487.5,20.9,86.9,1920,1080,0.088,1851.7,530.9
Round3,Q3,1386,1386.0,EMIRATES,0.5708,864.8,373.2,16.5,79.0,1920,1080,0.063,873.0,412.8
Round3,Q3,1387,1387.0,EMIRATES,0.8312,1274.6,473.7,21.2,104.8,1920,1080,0.107,1285.2,526.1
Round3,Q3,1387,1387.0,EMIRATES,0.8232,1615.7,519.4,20.6,109.9,1920,1080,0.109,1626.0,574.4
Round3,Q3,1387,1387.0,EMIRATES,0.8174,1275.9,377.7,20.0,85.2,1920,1080,0.082,1285.9,420.2
Round3,Q3,1387,1387.0,EMIRATES,0.8126,963.8,433.8,19.6,96.4,1920,1080,0.091,973.6,482.0
Round3,Q3,1387,1387.0,EMIRATES,0.7331,1617.3,417.6,23.1,85.9,1920,1080,0.096,1628.8,460.6
Round3,Q3,1387,1387.0,EMIRATES,0.7175,965.8,343.7,18.1,82.9,1920,1080,0.072,974.8,385.2
Round3,Q3,1388,1388.0,EMIRATES,0.829,1475.1,466.8,22.0,104.1,1920,1080,0.11,1486.1,518.8
Round3,Q3,1388,1388.0,EMIRATES,0.7921,1820.7,512.8,22.8,109.9,1920,1080,0.121,1832.1,567.8
Round3,Q3,1388,1388.0,EMIRATES,0.7806,1162.6,429.3,20.4,97.3,1920,1080,0.096,1172.8,477.9
Round3,Q3,1388,1388.0,EMIRATES,0.7313,1165.6,333.9,20.0,84.8,1920,1080,0.082,1175.6,376.3
Round3,Q3,1388,1388.0,EMIRATES,0.7134,1824.1,410.3,22.7,82.0,1920,1080,0.09,1835.4,451.3
Round3,Q3,1388,1388.0,EMIRATES,0.6951,1476.3,369.4,21.9,88.6,1920,1080,0.094,1487.3,413.7
Round3,Q3,1389,1389.0,EMIRATES,0.7653,1672.6,478.2,17.7,80.9,1920,1080,0.069,1681.5,518.6
Round3,Q3,1389,1389.0,EMIRATES,0.7608,1446.1,386.0,17.5,61.7,1920,1080,0.052,1454.8,416.8
Round3,Q3,1389,1389.0,EMIRATES,0.6413,1444.4,451.4,16.3,77.6,1920,1080,0.061,1452.6,490.2
Round3,Q3,1389,1389.0,EMIRATES,0.5388,1674.2,413.9,18.9,57.9,1920,1080,0.053,1683.7,442.8
Round3,Q3,1389,1389.0,EMIRATES,0.4396,1604.7,1073.5,26.5,6.5,1920,1080,0.008,1618.0,1076.7
Round3,Q3,1390,1390.0,EMIRATES,0.7262,1814.3,417.3,15.9,54.6,1920,1080,0.042,1822.3,444.6
Round3,Q3,1390,1390.0,EMIRATES,0.6907,1812.6,474.6,14.5,65.6,1920,1080,0.046,1819.8,507.4
Round3,Q3,1392,1392.0,BOWENS,0.3178,0.0,420.6,26.1,43.0,1920,1080,0.054,13.0,442.1
Round3,Q3,1393,1393.0,EMIRATES,0.811,1068.0,332.6,51.3,13.8,1920,1080,0.034,1093.7,339.5
Round3,Q3,1394,1394.0,EMIRATES,0.7887,749.7,407.8,61.5,36.8,1920,1080,0.109,780.4,426.2
Round3,Q3,1396,1396.0,EMIRATES,0.8801,647.0,590.7,66.9,23.3,1920,1080,0.075,680.5,602.4
Round3,Q3,1397,1397.0,EMIRATES,0.7688,862.7,594.0,55.1,23.3,1920,1080,0.062,890.3,605.6
Round3,Q3,1398,1398.0,EMIRATES,0.892,1531.5,451.8,64.1,21.0,1920,1080,0.065,1563.5,462.3
Round3,Q3,1400,1400.0,EMIRATES,0.7723,911.4,522.4,80.7,50.9,1920,1080,0.198,951.7,547.8
Round3,Q3,1402,1402.0,EMIRATES,0.6312,853.4,515.2,74.3,34.2,1920,1080,0.123,890.6,532.4
Round3,Q3,1410,1410.0,EMIRATES,0.8493,1413.9,486.7,80.8,50.9,1920,1080,0.198,1454.3,512.1
Round3,Q3,1411,1411.0,EMIRATES,0.8422,1379.8,661.0,53.7,33.4,1920,1080,0.087,1406.6,677.7
Round3,Q3,1413,1413.0,EMIRATES,0.778,453.8,858.7,53.0,16.4,1920,1080,0.042,480.3,866.9
Round3,Q3,1414,1414.0,EMIRATES,0.6931,846.6,771.1,40.6,12.8,1920,1080,0.025,866.9,777.5
Round3,Q3,1415,1415.0,EMIRATES,0.3959,1065.8,719.0,30.3,10.3,1920,1080,0.015,1081.0,724.2
Round3,Q3,1420,1420.0,EMIRATES,0.8123,29.8,0.0,49.8,33.9,1920,1080,0.081,54.7,16.9
Round3,Q3,1420,1420.0,EMIRATES,0.8082,753.2,701.7,80.2,52.4,1920,1080,0.203,793.3,727.9
Round3,Q3,1422,1422.0,EMIRATES,0.8081,717.9,764.1,76.7,61.8,1920,1080,0.228,756.3,795.0
Round3,Q3,1423,1423.0,EMIRATES,0.3429,791.9,553.5,67.7,57.6,1920,1080,0.188,825.7,582.3
Round3,Q3,1427,1427.0,EMIRATES,0.4358,1314.3,805.1,14.8,72.8,1920,1080,0.052,1321.7,841.5
Round3,Q3,1427,1427.0,EMIRATES,0.4086,893.0,829.8,11.6,73.5,1920,1080,0.041,898.8,866.5
Round3,Q3,1428,1428.0,EMIRATES,0.5108,1132.6,924.8,16.7,40.4,1920,1080,0.032,1140.9,945.0
Round3,Q3,1428,1428.0,EMIRATES,0.359,273.1,974.4,23.4,104.8,1920,1080,0.118,284.8,1026.8
Round3,Q3,1429,1429.0,EMIRATES,0.8364,1529.1,655.0,46.5,294.1,1920,1080,0.659,1552.4,802.1
Round3,Q3,1429,1429.0,EMIRATES,0.8252,602.9,298.6,52.5,241.7,1920,1080,0.612,629.2,419.4
Round3,Q3,1429,1429.0,EMIRATES,0.8177,600.7,549.7,53.0,285.2,1920,1080,0.729,627.2,692.3
Round3,Q3,1429,1429.0,EMIRATES,0.7961,1530.7,390.1,50.2,244.6,1920,1080,0.593,1555.8,512.4
Round3,Q3,1430,1430.0,EMIRATES,0.7846,1459.9,549.3,45.5,333.9,1920,1080,0.733,1482.7,716.2
Round3,Q3,1430,1430.0,EMIRATES,0.7717,434.7,445.3,53.4,313.0,1920,1080,0.806,461.4,601.7
Round3,Q3,1430,1430.0,EMIRATES,0.6934,1460.1,263.3,43.8,265.8,1920,1080,0.561,1482.0,396.2
Round3,Q3,1431,1431.0,EMIRATES,0.8137,1626.7,480.4,64.2,364.1,1920,1080,1.126,1658.7,662.4
Round3,Q3,1431,1431.0,EMIRATES,0.7199,1623.6,139.4,65.1,315.8,1920,1080,0.991,1656.1,297.3
Round3,Q3,1431,1431.0,EMIRATES,0.6458,1524.7,841.8,48.0,17.4,1920,1080,0.04,1548.7,850.5
Round3,Q3,1431,1431.0,EMIRATES,0.603,457.7,18.3,60.9,310.9,1920,1080,0.914,488.2,173.8
Round3,Q3,1432,1432.0,EMIRATES,0.8569,724.9,517.0,31.3,14.5,1920,1080,0.022,740.5,524.3
Round3,Q3,1432,1432.0,EMIRATES,0.8053,1153.4,235.3,85.9,418.1,1920,1080,1.732,1196.4,444.3
Round3,Q3,1432,1432.0,EMIRATES,0.7034,1148.0,3.4,88.8,211.0,1920,1080,0.903,1192.4,108.9
Round3,Q3,1433,1433.0,EMIRATES,0.8795,736.7,476.8,59.4,23.7,1920,1080,0.068,766.4,488.7
Round3,Q3,1433,1433.0,EMIRATES,0.8528,575.8,338.0,57.4,19.3,1920,1080,0.053,604.5,347.7
Round3,Q3,1433,1433.0,EMIRATES,0.7937,420.6,1.1,96.9,380.2,1920,1080,1.777,469.0,191.2
Round3,Q3,1434,1434.0,EMIRATES,0.886,692.6,380.8,79.7,26.4,1920,1080,0.101,732.4,394.1
Round3,Q3,1435,1435.0,EMIRATES,0.8257,938.5,309.8,54.2,34.5,1920,1080,0.09,965.6,327.1
Round3,Q3,1436,1436.0,EMIRATES,0.8938,828.7,228.1,46.5,14.9,1920,1080,0.033,851.9,235.5
Round3,Q3,1438,1438.0,EMIRATES,0.8512,1172.3,49.1,28.4,10.3,1920,1080,0.014,1186.5,54.2
Round3,Q3,1438,1438.0,EMIRATES,0.7189,1581.8,823.3,21.1,115.0,1920,1080,0.117,1592.3,880.8
Round3,Q3,1439,1439.0,EMIRATES,0.7202,4.9,324.8,31.7,22.5,1920,1080,0.034,20.7,336.1
Round3,Q3,1439,1439.0,EMIRATES,0.3928,1065.9,284.4,27.9,14.7,1920,1080,0.02,1079.9,291.8
Round3,Q3,1440,1440.0,EMIRATES,0.8279,1812.1,498.2,66.2,31.0,1920,1080,0.099,1845.2,513.7
Round3,Q3,1441,1441.0,EMIRATES,0.8995,1145.8,568.2,52.7,28.1,1920,1080,0.071,1172.2,582.3
Round3,Q3,1441,1441.0,EMIRATES,0.8643,103.9,485.4,64.1,18.0,1920,1080,0.056,135.9,494.4
Round3,Q3,1441,1441.0,EMIRATES,0.8583,1086.8,300.1,45.3,19.1,1920,1080,0.042,1109.4,309.6
Round3,Q3,1442,1442.0,EMIRATES,0.886,425.6,705.4,51.4,15.1,1920,1080,0.037,451.3,712.9
Round3,Q3,1442,1442.0,EMIRATES,0.8843,1514.9,721.3,24.9,8.7,1920,1080,0.011,1527.4,725.6
Round3,Q3,1442,1442.0,EMIRATES,0.7647,931.6,0.0,46.0,320.9,1920,1080,0.712,954.6,160.5
Round3,Q3,1442,1442.0,EMIRATES,0.7146,146.9,32.7,42.8,263.4,1920,1080,0.544,168.3,164.4
Round3,Q3,1442,1442.0,EMIRATES,0.5741,921.1,633.4,41.7,16.4,1920,1080,0.033,941.9,641.6
Round3,Q3,1443,1443.0,EMIRATES,0.8929,1001.1,390.2,47.3,14.9,1920,1080,0.034,1024.7,397.6
Round3,Q3,1444,1444.0,EMIRATES,0.8953,1062.9,357.3,50.7,16.6,1920,1080,0.041,1088.3,365.6
Round3,Q3,1445,1445.0,EMIRATES,0.8798,1062.2,364.4,50.9,15.2,1920,1080,0.037,1087.7,371.9
Round3,Q3,1446,1446.0,CYBERCX,0.8387,952.5,401.8,38.0,15.5,1920,1080,0.028,971.5,409.6
Round3,Q3,1446,1446.0,CYBERCX,0.8384,703.6,404.2,39.6,16.2,1920,1080,0.031,723.4,412.3
Round3,Q3,1446,1446.0,CYBERCX,0.8187,750.1,404.0,38.0,15.4,1920,1080,0.028,769.1,411.7
Round3,Q3,1446,1446.0,CYBERCX,0.8182,910.3,402.3,36.7,15.6,1920,1080,0.028,928.7,410.1
Round3,Q3,1446,1446.0,CYBERCX,0.8157,658.6,404.3,38.2,16.5,1920,1080,0.03,677.7,412.5
Round3,Q3,1446,1446.0,CYBERCX,0.8078,996.7,402.0,36.8,15.0,1920,1080,0.027,1015.1,409.5
Round3,Q3,1456,1456.0,EMIRATES,0.6991,498.2,98.4,54.9,23.4,1920,1080,0.062,525.6,110.1
Round3,Q3,1457,1457.0,EMIRATES,0.8696,991.9,460.2,41.7,13.6,1920,1080,0.027,1012.7,467.0
Round3,Q3,1458,1458.0,EMIRATES,0.8657,893.7,481.3,52.1,16.9,1920,1080,0.042,919.7,489.7
Round3,Q3,1459,1459.0,EMIRATES,0.8618,1293.8,529.7,28.6,28.5,1920,1080,0.039,1308.1,543.9
Round3,Q3,1485,1485.0,EMIRATES,0.5795,1903.8,411.6,16.1,34.8,1920,1080,0.027,1911.8,429.0
Round3,Q3,1496,1496.0,EMIRATES,0.6215,0.0,462.3,24.0,43.7,1920,1080,0.051,12.0,484.2
Round3,Q3,1498,1498.0,EMIRATES,0.8716,358.5,455.6,30.2,20.8,1920,1080,0.03,373.6,466.0
Round3,Q3,1498,1498.0,EMIRATES,0.847,266.2,355.0,28.4,15.5,1920,1080,0.021,280.4,362.7
Round3,Q3,1499,1499.0,EMIRATES,0.8197,567.9,436.6,31.0,11.4,1920,1080,0.017,583.3,442.3
Round3,Q3,1499,1499.0,EMIRATES,0.8114,247.8,447.5,21.3,22.6,1920,1080,0.023,258.4,458.7
Round3,Q3,1499,1499.0,EMIRATES,0.7196,355.0,367.2,30.7,16.1,1920,1080,0.024,370.3,375.3
Round3,Q3,1500,1500.0,EMIRATES,0.8664,151.1,406.8,36.0,16.2,1920,1080,0.028,169.1,414.9
Round3,Q3,1500,1500.0,EMIRATES,0.7578,1547.8,960.5,25.1,14.3,1920,1080,0.017,1560.3,967.6
Round3,Q3,1500,1500.0,EMIRATES,0.5553,476.5,524.0,24.2,15.4,1920,1080,0.018,488.6,531.7
Round3,Q3,1501,1501.0,EMIRATES,0.8698,1290.3,400.2,54.4,15.6,1920,1080,0.041,1317.5,408.0
Round3,Q3,1501,1501.0,EMIRATES,0.6675,754.3,609.7,17.5,12.6,1920,1080,0.011,763.0,616.0
Round3,Q3,1504,1504.0,EMIRATES,0.8914,1323.8,367.7,85.5,24.2,1920,1080,0.1,1366.5,379.8
Round3,Q3,1505,1505.0,EMIRATES,0.354,1732.3,856.5,112.7,42.3,1920,1080,0.23,1788.6,877.7
Round3,Q3,1506,1506.0,EMIRATES,0.8871,882.8,532.6,83.9,28.0,1920,1080,0.113,924.8,546.6
Round3,Q3,1507,1507.0,EMIRATES,0.5088,1488.3,571.7,17.0,102.5,1920,1080,0.084,1496.8,623.0
Round3,Q3,1507,1507.0,EMIRATES,0.3418,1845.2,617.1,16.3,52.5,1920,1080,0.041,1853.3,643.3
Round3,Q3,1507,1507.0,EMIRATES,0.3305,1655.2,636.8,14.8,64.5,1920,1080,0.046,1662.6,669.1
Round3,Q3,1507,1507.0,EMIRATES,0.3084,0.0,43.6,14.2,18.9,1920,1080,0.013,7.1,53.0
Round3,Q3,1508,1508.0,EMIRATES,0.7395,1422.4,635.9,12.2,61.9,1920,1080,0.036,1428.5,666.9
Round3,Q3,1508,1508.0,EMIRATES,0.7332,1827.3,692.7,12.9,66.0,1920,1080,0.041,1833.7,725.7
Round3,Q3,1508,1508.0,EMIRATES,0.6747,1249.4,615.6,11.8,55.0,1920,1080,0.031,1255.3,643.1
Round3,Q3,1508,1508.0,EMIRATES,0.628,1613.7,665.4,12.4,60.2,1920,1080,0.036,1619.9,695.5
Round3,Q3,1508,1508.0,EMIRATES,0.5005,1250.2,564.0,14.4,49.2,1920,1080,0.034,1257.4,588.6
Round3,Q3,1508,1508.0,EMIRATES,0.4159,1615.4,609.7,14.1,55.3,1920,1080,0.038,1622.5,637.4
Round3,Q3,1508,1508.0,EMIRATES,0.3734,1424.3,585.6,13.4,48.3,1920,1080,0.031,1431.0,609.7
Round3,Q3,1508,1508.0,EMIRATES,0.3669,1829.5,635.8,13.4,55.6,1920,1080,0.036,1836.2,663.5
Round3,Q3,1509,1509.0,EMIRATES,0.8819,1059.8,474.4,41.3,21.3,1920,1080,0.042,1080.4,485.0
Round3,Q3,1509,1509.0,EMIRATES,0.8087,1048.4,2.4,57.5,208.5,1920,1080,0.578,1077.2,106.7
Round3,Q3,1510,1510.0,EMIRATES,0.8411,989.1,360.6,50.3,29.8,1920,1080,0.072,1014.3,375.5
Round3,Q3,1511,1511.0,EMIRATES,0.8389,807.8,332.3,44.4,20.7,1920,1080,0.044,830.0,342.6
Round3,Q3,1512,1512.0,EMIRATES,0.8424,1694.6,310.7,37.5,12.9,1920,1080,0.023,1713.3,317.2
Round3,Q3,1513,1513.0,EMIRATES,0.8774,903.5,189.0,40.5,22.3,1920,1080,0.044,923.8,200.1
Round3,Q3,1513,1513.0,EMIRATES,0.8672,1780.6,272.9,32.2,14.6,1920,1080,0.023,1796.7,280.2
Round3,Q3,1513,1513.0,EMIRATES,0.8248,941.3,269.4,54.5,22.7,1920,1080,0.06,968.5,280.7
Round3,Q3,1514,1514.0,EMIRATES,0.8887,823.4,365.2,51.6,19.1,1920,1080,0.048,849.2,374.8
Round3,Q3,1514,1514.0,EMIRATES,0.6397,1864.1,429.0,55.4,35.0,1920,1080,0.093,1891.7,446.5
Round3,Q3,1514,1514.0,EMIRATES,0.6017,1076.0,401.2,51.3,16.3,1920,1080,0.04,1101.7,409.4
Round3,Q3,1514,1514.0,EMIRATES,0.5245,707.3,668.1,54.1,16.4,1920,1080,0.043,734.3,676.4
Round3,Q3,1515,1515.0,EMIRATES,0.9002,1847.1,143.0,48.8,15.4,1920,1080,0.036,1871.4,150.7
Round3,Q3,1515,1515.0,EMIRATES,0.8815,1046.7,393.2,54.2,20.2,1920,1080,0.053,1073.8,403.2
Round3,Q3,1516,1516.0,EMIRATES,0.8689,90.2,520.0,77.3,29.0,1920,1080,0.108,128.9,534.5
Round3,Q3,1517,1517.0,EMIRATES,0.8747,852.4,458.2,49.4,20.1,1920,1080,0.048,877.1,468.3
Round3,Q3,1517,1517.0,EMIRATES,0.8677,747.1,76.8,42.2,14.7,1920,1080,0.03,768.2,84.2
Round3,Q3,1517,1517.0,EMIRATES,0.8571,501.7,492.9,62.7,16.6,1920,1080,0.05,533.0,501.2
Round3,Q3,1517,1517.0,EMIRATES,0.8025,1325.3,505.6,48.7,17.5,1920,1080,0.041,1349.7,514.3
Round3,Q3,1518,1518.0,EMIRATES,0.7128,1108.6,5.9,113.7,247.8,1920,1080,1.358,1165.4,129.8
Round3,Q3,1518,1518.0,EMIRATES,0.5747,104.6,7.1,91.2,124.2,1920,1080,0.546,150.2,69.2
Round3,Q3,1519,1519.0,EMIRATES,0.8668,1147.0,48.0,83.4,398.9,1920,1080,1.605,1188.7,247.5
Round3,Q3,1519,1519.0,EMIRATES,0.4131,898.1,352.2,20.4,15.0,1920,1080,0.015,908.3,359.7
Round3,Q3,1520,1520.0,EMIRATES,0.4467,1118.9,422.0,13.2,67.0,1920,1080,0.043,1125.5,455.5
Round3,Q3,1520,1520.0,EMIRATES,0.399,1311.0,400.2,14.4,95.8,1920,1080,0.066,1318.2,448.1
Round3,Q3,1520,1520.0,EMIRATES,0.3683,944.6,357.8,13.5,52.2,1920,1080,0.034,951.3,383.9
Round3,Q3,1521,1521.0,EMIRATES,0.6001,1183.3,336.4,12.3,50.2,1920,1080,0.03,1189.4,361.5
Round3,Q3,1521,1521.0,EMIRATES,0.5941,850.7,297.7,10.8,42.2,1920,1080,0.022,856.1,318.9
Round3,Q3,1521,1521.0,EMIRATES,0.5903,1009.4,352.7,11.9,62.8,1920,1080,0.036,1015.4,384.1
Round3,Q3,1521,1521.0,EMIRATES,0.383,850.2,342.2,10.3,51.9,1920,1080,0.026,855.3,368.2
Round3,Q3,1522,1522.0,EMIRATES,0.6071,845.1,325.7,9.9,49.5,1920,1080,0.024,850.1,350.5
Round3,Q3,1522,1522.0,EMIRATES,0.3721,1150.0,323.2,11.0,48.6,1920,1080,0.026,1155.5,347.5
Round3,Q3,1523,1523.0,EMIRATES,0.8789,1014.3,293.6,40.1,15.8,1920,1080,0.031,1034.3,301.4
Round3,Q3,1524,1524.0,EMIRATES,0.9028,875.3,299.7,47.3,24.4,1920,1080,0.056,899.0,311.9
Round3,Q3,1527,1527.0,EMIRATES,0.887,1043.7,385.8,71.0,24.0,1920,1080,0.082,1079.2,397.8
Round3,Q3,1528,1528.0,EMIRATES,0.8957,939.2,379.9,68.5,31.4,1920,1080,0.104,973.4,395.6
Round3,Q3,1529,1529.0,EMIRATES,0.6653,1009.2,65.8,191.2,88.4,1920,1080,0.815,1104.8,110.0
Round3,Q3,1529,1529.0,CYBERCX,0.5188,224.8,637.5,163.2,123.4,1920,1080,0.971,306.4,699.2
Round3,Q3,1530,1530.0,EMIRATES,0.8868,1123.7,426.9,75.1,42.2,1920,1080,0.153,1161.2,448.0
Round3,Q3,1531,1531.0,EMIRATES,0.8674,1147.4,383.9,173.9,42.7,1920,1080,0.358,1234.3,405.3
Round3,Q3,1533,1533.0,EMIRATES,0.8848,983.0,411.8,50.8,35.6,1920,1080,0.087,1008.4,429.7
Round3,Q3,1545,1545.0,EMIRATES,0.4519,1063.4,308.7,19.8,16.3,1920,1080,0.016,1073.3,316.9
Round3,Q3,1546,1546.0,EMIRATES,0.8705,1587.8,308.7,44.0,13.9,1920,1080,0.029,1609.8,315.6
Round3,Q3,1546,1546.0,EMIRATES,0.6949,1196.9,600.1,52.6,13.8,1920,1080,0.035,1223.1,607.0
Round3,Q3,1547,1547.0,EMIRATES,0.8979,434.8,349.0,42.2,12.5,1920,1080,0.026,455.9,355.3
Round3,Q3,1547,1547.0,EMIRATES,0.8803,853.0,360.9,44.9,15.5,1920,1080,0.033,875.4,368.6
Round3,Q3,1548,1548.0,EMIRATES,0.8767,997.2,405.0,48.2,14.2,1920,1080,0.033,1021.3,412.1
Round3,Q3,1549,1549.0,EMIRATES,0.8879,1081.1,554.3,45.1,15.5,1920,1080,0.034,1103.6,562.1
Round3,Q3,1549,1549.0,EMIRATES,0.8793,1.0,198.2,36.3,12.9,1920,1080,0.023,19.2,204.6
Round3,Q3,1550,1550.0,EMIRATES,0.8977,246.9,241.9,33.4,12.7,1920,1080,0.02,263.6,248.2
Round3,Q3,1550,1550.0,EMIRATES,0.8842,1011.8,538.5,41.6,16.8,1920,1080,0.034,1032.6,546.9
Round3,Q3,1551,1551.0,EMIRATES,0.8936,1107.7,503.2,36.7,14.3,1920,1080,0.025,1126.0,510.4
Round3,Q3,1552,1552.0,EMIRATES,0.8975,1150.6,423.3,32.5,12.2,1920,1080,0.019,1166.8,429.4
Round3,Q3,1552,1552.0,EMIRATES,0.8936,517.6,195.4,36.4,13.0,1920,1080,0.023,535.8,201.9
Round3,Q3,1552,1552.0,EMIRATES,0.8716,1367.5,435.0,34.1,14.4,1920,1080,0.024,1384.5,442.2
Round3,Q3,1553,1553.0,EMIRATES,0.902,1318.7,368.1,45.6,14.5,1920,1080,0.032,1341.6,375.3
Round3,Q3,1553,1553.0,EMIRATES,0.8922,1597.0,336.5,47.2,15.5,1920,1080,0.035,1620.6,344.2
Round3,Q3,1553,1553.0,EMIRATES,0.7704,554.4,101.5,29.5,11.6,1920,1080,0.017,569.2,107.3
Round3,Q3,1553,1553.0,EMIRATES,0.4498,675.6,219.3,35.1,12.4,1920,1080,0.021,693.2,225.5
Round3,Q3,1554,1554.0,EMIRATES,0.8826,600.5,18.7,46.6,13.6,1920,1080,0.03,623.8,25.5
Round3,Q3,1554,1554.0,EMIRATES,0.88,1648.6,149.8,45.5,18.3,1920,1080,0.04,1671.4,159.0
Round3,Q3,1554,1554.0,EMIRATES,0.879,1317.2,229.8,48.0,15.4,1920,1080,0.036,1341.2,237.5
Round3,Q3,1556,1556.0,EMIRATES,0.8781,952.0,780.7,190.0,81.6,1920,1080,0.747,1047.0,821.5
Round3,Q3,1557,1557.0,EMIRATES,0.8432,973.5,419.8,173.7,107.5,1920,1080,0.9,1060.4,473.6
Round3,Q3,1558,1558.0,EMIRATES,0.8855,1211.7,684.2,121.2,48.0,1920,1080,0.281,1272.3,708.2
Round3,Q3,1559,1559.0,EMIRATES,0.8968,263.2,161.2,159.7,55.0,1920,1080,0.424,343.0,188.7
Round3,Q3,1559,1559.0,EMIRATES,0.8953,897.5,650.5,121.4,46.9,1920,1080,0.275,958.2,674.0
Round3,Q3,1568,1568.0,EMIRATES,0.5521,990.0,532.7,10.6,48.6,1920,1080,0.025,995.2,557.0
Round3,Q3,1568,1568.0,EMIRATES,0.4889,847.4,475.4,10.7,36.3,1920,1080,0.019,852.8,493.5
Round3,Q3,1568,1568.0,EMIRATES,0.469,846.7,515.6,11.4,47.0,1920,1080,0.026,852.4,539.2
Round3,Q3,1568,1568.0,EMIRATES,0.3731,1145.0,551.1,10.5,54.8,1920,1080,0.028,1150.2,578.5
Round3,Q3,1569,1569.0,EMIRATES,0.4201,695.5,931.3,108.7,37.3,1920,1080,0.196,749.8,950.0
Round3,Q3,1570,1570.0,EMIRATES,0.8667,909.0,869.8,137.4,48.7,1920,1080,0.323,977.7,894.1
Round3,Q3,1571,1571.0,EMIRATES,0.8062,1533.4,769.3,43.8,44.8,1920,1080,0.095,1555.3,791.7
Round3,Q3,1572,1572.0,EMIRATES,0.9079,1169.3,795.1,108.7,46.1,1920,1080,0.242,1223.7,818.2
Round3,Q3,1572,1572.0,EMIRATES,0.7073,1747.5,200.4,80.7,37.6,1920,1080,0.146,1787.8,219.2
Round3,Q3,1573,1573.0,EMIRATES,0.8149,1864.0,271.6,55.8,53.7,1920,1080,0.145,1891.9,298.4
Round3,Q3,1573,1573.0,EMIRATES,0.5678,1077.1,263.4,82.2,39.3,1920,1080,0.156,1118.2,283.0
Round3,Q3,1574,1574.0,EMIRATES,0.877,1143.6,335.2,98.2,64.4,1920,1080,0.305,1192.7,367.4
Round3,Q3,1574,1574.0,EMIRATES,0.7377,1723.5,357.9,67.6,32.8,1920,1080,0.107,1757.3,374.3
Round3,Q3,1574,1574.0,EMIRATES,0.6155,339.2,315.9,79.7,36.9,1920,1080,0.142,379.1,334.3
Round3,Q3,1576,1576.0,ACCESS_COVERS,0.7574,1474.8,592.3,195.3,56.3,1920,1080,0.53,1572.4,620.4
Round3,Q3,1576,1576.0,ACCESS_COVERS,0.7564,1159.5,66.3,122.1,19.3,1920,1080,0.114,1220.5,76.0
Round3,Q3,1576,1576.0,ACCESS_COVERS,0.7512,1804.8,54.3,115.2,23.2,1920,1080,0.129,1862.4,65.9
Round3,Q3,1576,1576.0,ACCESS_COVERS,0.739,422.4,309.8,169.8,25.5,1920,1080,0.209,507.3,322.5
Round3,Q3,1576,1576.0,ACCESS_COVERS,0.7163,1776.4,395.3,143.4,38.8,1920,1080,0.269,1848.1,414.7
Round3,Q3,1576,1576.0,ACCESS_COVERS,0.7103,520.5,55.8,125.6,18.7,1920,1080,0.113,583.4,65.2
Round3,Q3,1576,1576.0,ACCESS_COVERS,0.7047,0.1,292.0,117.9,25.5,1920,1080,0.145,59.1,304.7
Round3,Q3,1576,1576.0,ACCESS_COVERS,0.7043,175.4,42.7,134.7,21.2,1920,1080,0.138,242.8,53.3
Round3,Q3,1576,1576.0,ACCESS_COVERS,0.7042,1475.5,64.1,126.6,20.2,1920,1080,0.124,1538.8,74.2
Round3,Q3,1576,1576.0,ACCESS_COVERS,0.6509,843.4,63.0,122.4,19.1,1920,1080,0.113,904.6,72.5
Round3,Q3,1576,1576.0,ACCESS_COVERS,0.6282,872.2,330.3,159.2,28.0,1920,1080,0.215,951.8,344.2
Round3,Q3,1576,1576.0,ACCESS_COVERS,0.6247,447.2,482.8,199.3,32.0,1920,1080,0.308,546.8,498.8
Round3,Q3,1576,1576.0,ACCESS_COVERS,0.5567,0.0,453.5,71.4,31.6,1920,1080,0.109,35.7,469.3
Round3,Q3,1576,1576.0,EMIRATES,0.4719,1109.4,540.4,12.3,57.4,1920,1080,0.034,1115.6,569.1
Round3,Q3,1576,1576.0,ACCESS_COVERS,0.4532,1387.5,360.2,127.7,33.5,1920,1080,0.206,1451.4,376.9
Round3,Q3,1578,1578.0,EMIRATES,0.8542,855.6,386.8,21.6,26.7,1920,1080,0.028,866.5,400.1
Round3,Q3,1579,1579.0,EMIRATES,0.8634,920.5,230.0,50.1,17.1,1920,1080,0.041,945.5,238.6
Round3,Q3,1581,1581.0,EMIRATES,0.5868,769.8,84.7,29.8,16.1,1920,1080,0.023,784.7,92.7
Round3,Q3,1582,1582.0,ACCESS_COVERS,0.7685,1380.9,618.3,196.0,57.6,1920,1080,0.544,1478.9,647.1
Round3,Q3,1582,1582.0,ACCESS_COVERS,0.7448,1706.3,402.7,168.7,40.8,1920,1080,0.332,1790.6,423.1
Round3,Q3,1582,1582.0,ACCESS_COVERS,0.7262,714.9,333.9,175.2,28.9,1920,1080,0.244,802.5,348.4
Round3,Q3,1582,1582.0,ACCESS_COVERS,0.707,203.3,311.0,199.5,27.3,1920,1080,0.263,303.0,324.7
Round3,Q3,1582,1582.0,EMIRATES,0.7037,1005.1,569.3,11.7,58.5,1920,1080,0.033,1011.0,598.5
Round3,Q3,1582,1582.0,ACCESS_COVERS,0.7034,1741.8,37.1,138.0,22.2,1920,1080,0.148,1810.8,48.3
Round3,Q3,1582,1582.0,ACCESS_COVERS,0.6959,1039.9,43.6,129.5,20.8,1920,1080,0.13,1104.6,53.9
Round3,Q3,1582,1582.0,ACCESS_COVERS,0.609,1386.8,44.0,132.1,21.3,1920,1080,0.136,1452.9,54.7
Round3,Q3,1582,1582.0,ACCESS_COVERS,0.5747,328.9,28.7,136.6,19.9,1920,1080,0.131,397.2,38.7
Round3,Q3,1582,1582.0,EMIRATES,0.4251,1176.0,593.9,12.1,59.6,1920,1080,0.035,1182.0,623.7
Round3,Q3,1582,1582.0,ACCESS_COVERS,0.3886,691.9,39.6,130.7,19.3,1920,1080,0.122,757.2,49.2
Round3,Q3,1582,1582.0,ACCESS_COVERS,0.3633,228.8,501.2,223.5,35.5,1920,1080,0.383,340.6,518.9
Round3,Q3,1582,1582.0,ACCESS_COVERS,0.3434,0.1,9.6,78.1,22.1,1920,1080,0.083,39.2,20.7
Round3,Q3,1582,1582.0,EMIRATES,0.3078,1006.5,528.0,11.7,35.5,1920,1080,0.02,1012.4,545.7
Round3,Q3,1583,1583.0,ACCESS_COVERS,0.7652,713.8,334.1,172.0,28.9,1920,1080,0.24,799.8,348.5
Round3,Q3,1583,1583.0,ACCESS_COVERS,0.6914,213.1,313.5,196.3,26.6,1920,1080,0.252,311.3,326.8
Round3,Q3,1583,1583.0,ACCESS_COVERS,0.6313,332.8,36.7,139.2,19.3,1920,1080,0.13,402.4,46.3
Round3,Q3,1583,1583.0,ACCESS_COVERS,0.6186,1722.9,43.8,138.9,22.9,1920,1080,0.154,1792.4,55.3
Round3,Q3,1583,1583.0,EMIRATES,0.6059,1006.9,568.5,11.3,55.2,1920,1080,0.03,1012.5,596.1
Round3,Q3,1583,1583.0,ACCESS_COVERS,0.5984,1033.8,52.7,132.9,17.2,1920,1080,0.11,1100.3,61.3
Round3,Q3,1583,1583.0,ACCESS_COVERS,0.5899,0.0,17.9,98.3,20.7,1920,1080,0.098,49.2,28.2
Round3,Q3,1583,1583.0,ACCESS_COVERS,0.5844,1370.5,51.9,137.8,19.7,1920,1080,0.131,1439.4,61.7
Round3,Q3,1583,1583.0,ACCESS_COVERS,0.5825,691.0,45.4,134.0,20.6,1920,1080,0.133,758.0,55.7
Round3,Q3,1583,1583.0,ACCESS_COVERS,0.5512,1684.0,401.7,172.1,39.8,1920,1080,0.33,1770.1,421.6
Round3,Q3,1583,1583.0,ACCESS_COVERS,0.3446,1354.3,611.7,204.8,58.0,1920,1080,0.573,1456.7,640.8
Round3,Q3,1584,1584.0,EMIRATES,0.5824,1742.9,150.3,89.1,33.7,1920,1080,0.145,1787.5,167.2
Round3,Q3,1585,1585.0,EMIRATES,0.8523,1242.2,243.0,118.4,55.1,1920,1080,0.315,1301.4,270.6
Round3,Q3,1586,1586.0,EMIRATES,0.8315,0.0,245.1,55.9,58.8,1920,1080,0.158,27.9,274.5
Round3,Q3,1589,1589.0,EMIRATES,0.7791,1308.3,970.7,109.6,56.7,1920,1080,0.3,1363.1,999.1
Round3,Q3,1601,1601.0,EMIRATES,0.3074,1502.0,1013.0,77.0,64.6,1920,1080,0.24,1540.5,1045.3
Round3,Q3,1603,1603.0,EMIRATES,0.7563,896.4,800.9,17.3,90.3,1920,1080,0.075,905.1,846.0
Round3,Q3,1603,1603.0,EMIRATES,0.7251,680.5,795.0,19.6,85.0,1920,1080,0.08,690.3,837.5
Round3,Q3,1603,1603.0,EMIRATES,0.6115,494.4,794.4,15.6,80.8,1920,1080,0.061,502.2,834.8
Round3,Q3,1603,1603.0,EMIRATES,0.3465,496.2,727.1,14.0,66.5,1920,1080,0.045,503.3,760.3
Round3,Q3,1603,1603.0,EMIRATES,0.3325,683.9,724.6,16.0,67.2,1920,1080,0.052,691.9,758.2
Round3,Q3,1604,1604.0,EMIRATES,0.7921,690.4,807.3,17.7,87.7,1920,1080,0.075,699.2,851.2
Round3,Q3,1604,1604.0,EMIRATES,0.7706,916.2,812.5,17.6,95.5,1920,1080,0.081,925.0,860.3
Round3,Q3,1604,1604.0,EMIRATES,0.6314,1178.4,727.4,16.9,68.5,1920,1080,0.056,1186.9,761.7
Round3,Q3,1604,1604.0,EMIRATES,0.5411,495.1,734.7,15.0,70.0,1920,1080,0.051,502.6,769.7
Round3,Q3,1604,1604.0,EMIRATES,0.508,492.2,806.8,16.7,85.2,1920,1080,0.069,500.6,849.4
Round3,Q3,1605,1605.0,EMIRATES,0.8212,665.9,763.9,17.2,94.0,1920,1080,0.078,674.5,810.9
Round3,Q3,1605,1605.0,EMIRATES,0.7987,1190.3,772.3,19.7,108.2,1920,1080,0.103,1200.2,826.4
Round3,Q3,1605,1605.0,EMIRATES,0.7779,909.3,769.4,18.9,98.8,1920,1080,0.09,918.8,818.8
Round3,Q3,1605,1605.0,EMIRATES,0.6375,1193.0,680.6,18.3,62.5,1920,1080,0.055,1202.1,711.8
Round3,Q3,1605,1605.0,EMIRATES,0.4533,449.9,762.6,16.8,91.1,1920,1080,0.074,458.3,808.1
Round3,Q3,1606,1606.0,EMIRATES,0.7995,627.7,777.6,20.0,102.2,1920,1080,0.098,637.7,828.7
Round3,Q3,1606,1606.0,EMIRATES,0.7924,891.0,784.4,20.5,109.0,1920,1080,0.108,901.2,839.0
Round3,Q3,1606,1606.0,EMIRATES,0.744,1199.1,685.7,20.1,97.4,1920,1080,0.094,1209.1,734.4
Round3,Q3,1606,1606.0,EMIRATES,0.7413,1196.9,788.4,21.3,119.0,1920,1080,0.122,1207.5,847.9
Round3,Q3,1607,1607.0,EMIRATES,0.8097,891.5,688.8,20.6,85.0,1920,1080,0.084,901.8,731.3
Round3,Q3,1607,1607.0,EMIRATES,0.7981,1210.0,796.9,22.6,121.0,1920,1080,0.132,1221.3,857.4
Round3,Q3,1607,1607.0,EMIRATES,0.7909,887.9,786.8,22.3,118.0,1920,1080,0.127,899.1,845.8
Round3,Q3,1607,1607.0,EMIRATES,0.7703,1214.2,687.1,19.9,69.7,1920,1080,0.067,1224.2,722.0
Round3,Q3,1607,1607.0,EMIRATES,0.7551,609.4,784.0,21.9,107.2,1920,1080,0.113,620.3,837.6
Round3,Q3,1607,1607.0,EMIRATES,0.7201,610.8,686.2,19.9,93.3,1920,1080,0.09,620.8,732.8
Round3,Q3,1607,1607.0,EMIRATES,0.4756,365.9,694.4,17.6,83.6,1920,1080,0.071,374.7,736.3
Round3,Q3,1607,1607.0,EMIRATES,0.4032,362.2,781.3,20.7,105.0,1920,1080,0.105,372.5,833.8
Round3,Q3,1608,1608.0,EMIRATES,0.531,371.6,974.1,22.6,101.0,1920,1080,0.11,382.9,1024.6
Round3,Q3,1616,1616.0,JAMESON,0.4983,1506.8,269.0,23.4,9.8,1920,1080,0.011,1518.5,273.9
Round3,Q3,1618,1618.0,JAMESON,0.3527,745.1,156.2,32.0,7.2,1920,1080,0.011,761.1,159.8
Round3,Q3,1619,1619.0,JAMESON,0.5481,816.7,156.9,32.5,7.5,1920,1080,0.012,833.0,160.6
Round3,Q3,1625,1625.0,JAMESON,0.6259,1871.9,456.2,36.8,12.3,1920,1080,0.022,1890.3,462.4
Round3,Q3,1625,1625.0,JAMESON,0.5608,1653.0,455.9,35.2,13.7,1920,1080,0.023,1670.6,462.8
Round3,Q3,1628,1628.0,EMIRATES,0.8645,790.6,102.5,37.3,13.4,1920,1080,0.024,809.3,109.2
Round3,Q3,1628,1628.0,EMIRATES,0.8445,782.4,238.1,35.2,19.4,1920,1080,0.033,800.0,247.8
Round3,Q3,1629,1629.0,EMIRATES,0.8963,672.4,336.8,42.7,14.6,1920,1080,0.03,693.7,344.1
Round3,Q3,1629,1629.0,EMIRATES,0.7109,684.6,120.7,27.0,15.2,1920,1080,0.02,698.1,128.3
Round3,Q3,1630,1630.0,EMIRATES,0.8845,359.8,139.8,37.5,17.4,1920,1080,0.032,378.6,148.5
Round3,Q3,1635,1635.0,EMIRATES,0.8316,103.8,187.4,87.0,38.4,1920,1080,0.161,147.3,206.5
Round3,Q3,1635,1635.0,EMIRATES,0.6481,1033.7,814.4,58.3,90.2,1920,1080,0.253,1062.9,859.5
Round3,Q3,1636,1636.0,EMIRATES,0.8564,136.0,185.5,81.4,39.4,1920,1080,0.155,176.7,205.2
Round3,Q3,1637,1637.0,EMIRATES,0.7907,130.7,178.7,84.7,36.4,1920,1080,0.149,173.1,196.9
Round3,Q3,1638,1638.0,EMIRATES,0.7234,0.2,91.4,86.8,40.0,1920,1080,0.167,43.6,111.4
Round3,Q3,1639,1639.0,EMIRATES,0.8091,1031.7,804.4,78.0,112.7,1920,1080,0.424,1070.7,860.8
Round3,Q3,1639,1639.0,EMIRATES,0.6815,2.0,71.5,96.2,47.0,1920,1080,0.218,50.1,95.0
Round3,Q3,1640,1640.0,EMIRATES,0.7104,4.3,70.3,99.3,47.9,1920,1080,0.23,53.9,94.3
Round3,Q3,1640,1640.0,EMIRATES,0.624,1026.9,815.4,81.9,127.1,1920,1080,0.502,1067.8,878.9
Round3,Q3,1640,1640.0,EMIRATES,0.5166,1310.1,538.3,72.9,84.0,1920,1080,0.295,1346.6,580.3
Round3,Q3,1641,1641.0,EMIRATES,0.7935,123.6,180.8,78.3,34.1,1920,1080,0.129,162.8,197.9
Round3,Q3,1641,1641.0,EMIRATES,0.552,1025.8,825.9,85.4,111.2,1920,1080,0.458,1068.5,881.5
Round3,Q3,1642,1642.0,EMIRATES,0.8132,128.3,181.6,77.0,33.6,1920,1080,0.125,166.9,198.4
Round3,Q3,1642,1642.0,EMIRATES,0.704,1055.3,822.1,67.9,107.3,1920,1080,0.351,1089.2,875.8
Round3,Q3,1643,1643.0,EMIRATES,0.8167,131.4,186.0,74.9,32.8,1920,1080,0.119,168.9,202.4
Round3,Q3,1643,1643.0,EMIRATES,0.6422,1053.9,818.6,66.8,113.3,1920,1080,0.365,1087.3,875.2
Round3,Q3,1644,1644.0,EMIRATES,0.5692,1844.4,425.5,75.2,41.6,1920,1080,0.151,1882.0,446.3
Round3,Q3,1644,1644.0,EMIRATES,0.327,267.4,307.1,124.0,16.5,1920,1080,0.098,329.3,315.3
Round3,Q3,1645,1645.0,ACCESS_COVERS,0.4101,212.1,224.0,191.1,19.8,1920,1080,0.182,307.7,233.9
Round3,Q3,1645,1645.0,ACCESS_COVERS,0.3601,627.0,228.0,161.7,20.3,1920,1080,0.158,707.8,238.2
Round3,Q3,1646,1646.0,EMIRATES,0.8732,927.6,414.5,35.3,12.9,1920,1080,0.022,945.3,421.0
Round3,Q3,1646,1646.0,EMIRATES,0.8002,1217.7,1.9,35.8,11.8,1920,1080,0.02,1235.6,7.8
Round3,Q3,1647,1647.0,EMIRATES,0.8745,879.6,574.0,40.4,22.0,1920,1080,0.043,899.8,585.0
Round3,Q3,1651,1651.0,EMIRATES,0.6496,1240.6,354.7,120.4,52.2,1920,1080,0.303,1300.8,380.8
Round3,Q3,1652,1652.0,EMIRATES,0.8657,688.3,567.2,59.5,18.9,1920,1080,0.054,718.0,576.6
Round3,Q3,1652,1652.0,EMIRATES,0.6476,846.7,344.0,23.8,10.5,1920,1080,0.012,858.6,349.2
Round3,Q3,1653,1653.0,EMIRATES,0.8903,915.1,425.9,44.2,31.5,1920,1080,0.067,937.2,441.7
Round3,Q3,1657,1657.0,EMIRATES,0.8791,1668.9,150.4,138.2,71.1,1920,1080,0.474,1738.0,185.9
Round3,Q3,1657,1657.0,EMIRATES,0.8448,1670.8,73.3,127.7,57.9,1920,1080,0.356,1734.6,102.2
Round3,Q3,1662,1662.0,EMIRATES,0.8976,1621.6,346.0,104.6,42.6,1920,1080,0.215,1673.9,367.3
Round3,Q3,1668,1668.0,EMIRATES,0.355,1040.8,454.8,9.3,38.1,1920,1080,0.017,1045.5,473.9
Round3,Q3,1673,1673.0,EMIRATES,0.4572,1196.3,458.5,10.6,47.3,1920,1080,0.024,1201.6,482.2
Round3,Q3,1673,1673.0,EMIRATES,0.3747,936.1,425.4,9.7,43.3,1920,1080,0.02,941.0,447.1
Round3,Q3,1674,1674.0,EMIRATES,0.7468,1054.1,350.7,31.4,14.8,1920,1080,0.022,1069.7,358.1
Round3,Q3,1674,1674.0,EMIRATES,0.6605,1830.9,117.0,50.3,18.1,1920,1080,0.044,1856.1,126.0
Round3,Q3,1675,1675.0,EMIRATES,0.7714,737.9,186.7,44.2,15.9,1920,1080,0.034,760.0,194.6
Round3,Q3,1676,1676.0,EMIRATES,0.9008,887.7,475.8,46.2,16.9,1920,1080,0.038,910.8,484.2
Round3,Q3,1676,1676.0,EMIRATES,0.8696,129.8,191.9,36.2,12.8,1920,1080,0.022,147.9,198.4
Round3,Q3,1677,1677.0,EMIRATES,0.8744,638.4,636.6,50.6,13.8,1920,1080,0.034,663.7,643.5
Round3,Q3,1677,1677.0,EMIRATES,0.815,180.4,204.2,33.5,11.9,1920,1080,0.019,197.2,210.2
Round3,Q3,1677,1677.0,EMIRATES,0.8096,1018.6,342.2,38.4,17.1,1920,1080,0.032,1037.8,350.8
Round3,Q3,1678,1678.0,EMIRATES,0.8812,155.5,17.7,41.7,14.0,1920,1080,0.028,176.4,24.7
Round3,Q3,1678,1678.0,EMIRATES,0.8729,1306.2,529.1,60.1,19.8,1920,1080,0.057,1336.2,539.0
Round3,Q3,1678,1678.0,EMIRATES,0.8713,521.1,497.0,66.2,18.3,1920,1080,0.059,554.2,506.2
Round3,Q3,1678,1678.0,EMIRATES,0.8478,1661.4,239.6,48.2,14.1,1920,1080,0.033,1685.5,246.7
Round3,Q3,1678,1678.0,EMIRATES,0.8106,108.2,359.4,41.4,16.5,1920,1080,0.033,128.9,367.7
Round3,Q3,1679,1679.0,EMIRATES,0.8762,199.1,369.9,64.4,24.5,1920,1080,0.076,231.3,382.1
Round3,Q3,1679,1679.0,EMIRATES,0.8644,1101.1,413.4,40.7,16.7,1920,1080,0.033,1121.5,421.8
Round3,Q3,1680,1680.0,EMIRATES,0.8245,991.3,210.7,40.8,15.6,1920,1080,0.031,1011.7,218.5
Round3,Q3,1680,1680.0,EMIRATES,0.7364,1172.6,583.5,54.4,14.6,1920,1080,0.038,1199.8,590.8
Round3,Q3,1680,1680.0,EMIRATES,0.736,622.9,575.4,40.8,22.3,1920,1080,0.044,643.3,586.5
Round3,Q3,1681,1681.0,EMIRATES,0.8758,1368.8,522.4,58.9,17.0,1920,1080,0.048,1398.2,530.9
Round3,Q3,1681,1681.0,EMIRATES,0.5879,1406.3,491.8,35.0,13.1,1920,1080,0.022,1423.8,498.4
Round3,Q3,1682,1682.0,EMIRATES,0.5166,1263.2,411.5,10.9,50.5,1920,1080,0.027,1268.7,436.7
Round3,Q3,1682,1682.0,EMIRATES,0.3002,1580.4,459.9,10.0,49.6,1920,1080,0.024,1585.4,484.7
Round3,Q3,1683,1683.0,EMIRATES,0.6365,1545.0,446.0,13.9,60.3,1920,1080,0.04,1552.0,476.1
Round3,Q3,1683,1683.0,EMIRATES,0.4844,1719.3,473.7,13.9,56.3,1920,1080,0.038,1726.2,501.9
Round3,Q3,1684,1684.0,EMIRATES,0.8803,700.1,436.2,47.9,32.5,1920,1080,0.075,724.1,452.4
Round3,Q3,1684,1684.0,EMIRATES,0.8375,158.3,376.4,48.2,13.1,1920,1080,0.03,182.4,383.0
Round3,Q3,1684,1684.0,EMIRATES,0.6789,1838.4,249.5,71.0,19.1,1920,1080,0.065,1873.9,259.0
Round3,Q3,1685,1685.0,EMIRATES,0.8866,1460.9,565.5,46.3,21.4,1920,1080,0.048,1484.1,576.2
Round3,Q3,1685,1685.0,EMIRATES,0.8789,778.7,684.3,60.1,27.9,1920,1080,0.081,808.8,698.3
Round3,Q3,1686,1686.0,EMIRATES,0.8643,925.1,447.9,32.9,13.7,1920,1080,0.022,941.6,454.7
Round3,Q3,1686,1686.0,EMIRATES,0.8372,1618.1,4.3,69.2,272.4,1920,1080,0.909,1652.7,140.5
Round3,Q3,1686,1686.0,EMIRATES,0.831,691.6,4.9,62.7,154.7,1920,1080,0.468,723.0,82.3
Round3,Q3,1686,1686.0,EMIRATES,0.5619,1263.4,418.0,30.4,18.5,1920,1080,0.027,1278.6,427.2
Round3,Q3,1687,1687.0,EMIRATES,0.8782,1014.1,267.6,47.6,16.3,1920,1080,0.037,1037.9,275.8
Round3,Q3,1687,1687.0,EMIRATES,0.8767,766.5,630.0,46.2,21.9,1920,1080,0.049,789.6,641.0
Round3,Q3,1687,1687.0,EMIRATES,0.861,1401.2,34.2,61.5,350.8,1920,1080,1.041,1432.0,209.7
Round3,Q3,1687,1687.0,EMIRATES,0.838,1332.8,466.4,49.6,14.8,1920,1080,0.036,1357.6,473.8
Round3,Q3,1687,1687.0,EMIRATES,0.8219,428.8,0.0,56.3,258.1,1920,1080,0.7,456.9,129.0
Round3,Q3,1688,1688.0,EMIRATES,0.3832,1629.3,577.7,17.1,66.7,1920,1080,0.055,1637.9,611.1
Round3,Q3,1688,1688.0,EMIRATES,0.329,1855.8,548.7,19.4,57.6,1920,1080,0.054,1865.5,577.5
Round3,Q3,1691,1691.0,EMIRATES,0.8668,534.5,566.4,53.2,16.7,1920,1080,0.043,561.1,574.7
Round3,Q3,1691,1691.0,JAMESON,0.557,343.5,124.9,540.0,222.8,1920,1080,5.803,613.5,236.3
Round3,Q3,1692,1692.0,EMIRATES,0.8037,234.3,319.5,69.5,22.9,1920,1080,0.077,269.0,330.9
Round3,Q3,1693,1693.0,JAMESON,0.327,1592.6,4.2,327.4,242.1,1920,1080,3.823,1756.3,125.3
Round3,Q3,1694,1694.0,JAMESON,0.3891,883.7,0.0,646.0,242.7,1920,1080,7.562,1206.7,121.4
Round3,Q3,1695,1695.0,EMIRATES,0.8391,1181.7,504.4,74.2,21.1,1920,1080,0.075,1218.8,515.0
Round3,Q3,1695,1695.0,JAMESON,0.4415,925.3,67.6,537.9,284.3,1920,1080,7.375,1194.3,209.7
Round3,Q3,1695,1695.0,JAMESON,0.3518,579.2,52.7,690.9,321.8,1920,1080,10.723,924.7,213.6
Round3,Q3,1696,1696.0,JAMESON,0.9099,479.2,198.2,116.3,31.7,1920,1080,0.178,537.3,214.1
Round3,Q3,1696,1696.0,JAMESON,0.8904,1409.2,215.0,118.9,31.9,1920,1080,0.183,1468.7,231.0
Round3,Q3,1696,1696.0,JAMESON,0.8831,239.5,191.8,120.5,31.3,1920,1080,0.182,299.7,207.4
Round3,Q3,1696,1696.0,JAMESON,0.8824,713.9,203.9,114.7,30.5,1920,1080,0.169,771.3,219.1
Round3,Q3,1696,1696.0,JAMESON,0.8811,222.4,453.7,132.4,37.9,1920,1080,0.242,288.6,472.6
Round3,Q3,1696,1696.0,JAMESON,0.8804,946.0,208.6,114.0,30.7,1920,1080,0.169,1003.0,224.0
Round3,Q3,1696,1696.0,JAMESON,0.8786,1177.3,212.3,114.5,31.1,1920,1080,0.172,1234.6,227.9
Round3,Q3,1696,1696.0,JAMESON,0.8718,1652.2,218.7,124.1,31.6,1920,1080,0.189,1714.2,234.5
Round3,Q3,1696,1696.0,JAMESON,0.8694,0.2,185.4,114.5,32.1,1920,1080,0.177,57.4,201.4
Round3,Q3,1696,1696.0,JAMESON,0.8445,1553.9,484.7,138.6,40.2,1920,1080,0.269,1623.2,504.8
Round3,Q3,1696,1696.0,JAMESON,0.779,496.2,456.7,119.0,35.8,1920,1080,0.206,555.7,474.7
Round3,Q3,1696,1696.0,JAMESON,0.7665,0.0,450.9,82.4,39.6,1920,1080,0.157,41.2,470.7
Round3,Q3,1696,1696.0,JAMESON,0.7386,763.3,463.0,124.7,36.4,1920,1080,0.219,825.7,481.2
Round3,Q3,1696,1696.0,JAMESON,0.36,1287.8,475.0,132.8,38.7,1920,1080,0.248,1354.2,494.3
Round3,Q3,1696,1696.0,JAMESON,0.3189,1894.1,222.0,25.9,33.9,1920,1080,0.042,1907.1,238.9
Round3,Q3,1697,1697.0,JAMESON,0.9021,995.1,170.1,115.3,32.0,1920,1080,0.178,1052.7,186.1
Round3,Q3,1697,1697.0,JAMESON,0.8998,1713.8,183.8,122.9,34.6,1920,1080,0.205,1775.3,201.1
Round3,Q3,1697,1697.0,JAMESON,0.8865,25.6,143.5,126.8,32.1,1920,1080,0.196,89.0,159.5
Round3,Q3,1697,1697.0,JAMESON,0.8776,761.0,165.1,114.6,32.0,1920,1080,0.177,818.4,181.1
Round3,Q3,1697,1697.0,JAMESON,0.8711,1229.2,175.6,119.3,32.5,1920,1080,0.187,1288.8,191.9
Round3,Q3,1697,1697.0,JAMESON,0.8682,521.7,159.0,117.1,32.2,1920,1080,0.182,580.3,175.1
Round3,Q3,1697,1697.0,JAMESON,0.8674,1465.9,179.5,120.3,33.3,1920,1080,0.193,1526.0,196.2
Round3,Q3,1697,1697.0,JAMESON,0.8637,280.9,152.4,119.9,31.9,1920,1080,0.184,340.8,168.3
Round3,Q3,1697,1697.0,JAMESON,0.8058,1660.6,468.1,145.0,43.2,1920,1080,0.302,1733.1,489.7
Round3,Q3,1697,1697.0,JAMESON,0.75,1141.0,440.9,131.9,38.3,1920,1080,0.244,1207.0,460.0
Round3,Q3,1697,1697.0,JAMESON,0.7187,1406.1,450.0,133.5,42.3,1920,1080,0.272,1472.8,471.2
Round3,Q3,1697,1697.0,JAMESON,0.5528,328.4,417.5,136.5,40.1,1920,1080,0.264,396.7,437.6
Round3,Q3,1698,1698.0,JAMESON,0.912,476.9,138.3,117.2,32.6,1920,1080,0.184,535.5,154.6
Round3,Q3,1698,1698.0,JAMESON,0.9026,717.5,144.5,114.7,32.4,1920,1080,0.179,774.8,160.7
Round3,Q3,1698,1698.0,JAMESON,0.8983,1190.2,157.0,117.5,33.5,1920,1080,0.19,1248.9,173.8
Round3,Q3,1698,1698.0,JAMESON,0.8937,227.6,130.4,122.3,32.9,1920,1080,0.194,288.8,146.9
Round3,Q3,1698,1698.0,JAMESON,0.8821,1430.6,162.6,117.5,33.6,1920,1080,0.191,1489.4,179.4
Round3,Q3,1698,1698.0,JAMESON,0.8747,1670.6,167.4,121.4,34.4,1920,1080,0.201,1731.3,184.6
Round3,Q3,1698,1698.0,JAMESON,0.8718,954.2,151.8,117.5,32.1,1920,1080,0.182,1012.9,167.8
Round3,Q3,1698,1698.0,JAMESON,0.8715,1646.2,460.4,128.7,42.6,1920,1080,0.264,1710.5,481.7
Round3,Q3,1698,1698.0,JAMESON,0.8253,28.8,394.2,143.8,39.6,1920,1080,0.275,100.6,414.1
Round3,Q3,1698,1698.0,JAMESON,0.8093,0.0,120.0,98.7,33.3,1920,1080,0.158,49.3,136.7
Round3,Q3,1698,1698.0,JAMESON,0.7994,1382.0,444.8,140.5,43.4,1920,1080,0.294,1452.2,466.5
Round3,Q3,1698,1698.0,JAMESON,0.4681,600.8,410.1,79.6,38.8,1920,1080,0.149,640.6,429.5
Round3,Q3,1699,1699.0,JAMESON,0.9058,1311.7,173.5,113.8,32.7,1920,1080,0.18,1368.6,189.9
Round3,Q3,1699,1699.0,JAMESON,0.8946,1776.3,184.7,121.6,33.8,1920,1080,0.198,1837.1,201.6
Round3,Q3,1699,1699.0,JAMESON,0.8855,1081.9,167.3,110.4,32.5,1920,1080,0.173,1137.1,183.6
Round3,Q3,1699,1699.0,JAMESON,0.884,395.9,148.2,111.9,32.1,1920,1080,0.173,451.8,164.2
Round3,Q3,1699,1699.0,JAMESON,0.8801,1537.6,178.9,116.6,33.5,1920,1080,0.188,1595.9,195.6
Round3,Q3,1699,1699.0,JAMESON,0.8769,858.0,162.0,110.1,31.8,1920,1080,0.169,913.0,177.9
Round3,Q3,1699,1699.0,JAMESON,0.8608,624.6,154.6,115.3,32.6,1920,1080,0.182,682.3,170.9
Round3,Q3,1699,1699.0,JAMESON,0.8597,152.0,139.6,120.9,32.8,1920,1080,0.191,212.4,155.9
Round3,Q3,1699,1699.0,JAMESON,0.8383,1517.1,457.6,122.3,43.0,1920,1080,0.253,1578.3,479.0
Round3,Q3,1699,1699.0,JAMESON,0.8317,0.0,394.4,98.4,38.8,1920,1080,0.184,49.2,413.8
Round3,Q3,1699,1699.0,JAMESON,0.8117,1267.5,443.6,133.2,40.0,1920,1080,0.257,1334.1,463.6
Round3,Q3,1699,1699.0,JAMESON,0.7898,1763.7,476.7,127.7,41.8,1920,1080,0.257,1827.5,497.5
Round3,Q3,1699,1699.0,JAMESON,0.6562,773.5,417.9,118.7,37.6,1920,1080,0.215,832.9,436.7
Round3,Q3,1699,1699.0,JAMESON,0.6474,0.0,132.1,26.4,31.6,1920,1080,0.04,13.2,147.9
Round3,Q3,1700,1700.0,JAMESON,0.9087,1106.3,208.7,107.0,31.6,1920,1080,0.163,1159.8,224.5
Round3,Q3,1700,1700.0,JAMESON,0.9083,670.8,196.9,107.7,31.1,1920,1080,0.162,724.6,212.5
Round3,Q3,1700,1700.0,JAMESON,0.8989,1546.8,220.3,108.2,32.0,1920,1080,0.167,1600.9,236.3
Round3,Q3,1700,1700.0,JAMESON,0.8759,1325.5,214.0,110.4,32.1,1920,1080,0.171,1380.7,230.0
Round3,Q3,1700,1700.0,JAMESON,0.875,219.8,183.8,114.8,31.2,1920,1080,0.173,277.3,199.4
Round3,Q3,1700,1700.0,JAMESON,0.867,890.6,203.4,107.9,30.8,1920,1080,0.16,944.5,218.8
Round3,Q3,1700,1700.0,JAMESON,0.8667,34.4,427.2,138.5,37.6,1920,1080,0.251,103.7,446.0
Round3,Q3,1700,1700.0,JAMESON,0.8624,1770.9,225.4,116.5,32.5,1920,1080,0.182,1829.2,241.6
Round3,Q3,1700,1700.0,JAMESON,0.8534,0.0,175.3,102.1,31.7,1920,1080,0.156,51.1,191.1
Round3,Q3,1700,1700.0,JAMESON,0.8524,1522.6,487.6,122.6,39.6,1920,1080,0.234,1583.9,507.4
Round3,Q3,1700,1700.0,JAMESON,0.8477,830.1,447.5,103.1,35.6,1920,1080,0.177,881.6,465.3
Round3,Q3,1700,1700.0,JAMESON,0.8408,1282.8,473.8,126.6,38.5,1920,1080,0.235,1346.1,493.1
Round3,Q3,1700,1700.0,JAMESON,0.8397,450.0,190.7,110.9,30.9,1920,1080,0.165,505.4,206.2
Round3,Q3,1700,1700.0,JAMESON,0.8327,1759.8,505.9,127.9,40.6,1920,1080,0.25,1823.8,526.1
Round3,Q3,1700,1700.0,JAMESON,0.7524,1054.0,458.0,126.2,38.0,1920,1080,0.232,1117.1,477.0
Round3,Q3,1701,1701.0,JAMESON,0.9019,1553.9,259.3,105.9,31.6,1920,1080,0.162,1606.9,275.1
Round3,Q3,1701,1701.0,JAMESON,0.8974,1133.0,248.4,103.0,30.5,1920,1080,0.152,1184.6,263.6
Round3,Q3,1701,1701.0,JAMESON,0.8971,1773.9,264.5,110.2,31.6,1920,1080,0.168,1829.0,280.3
Round3,Q3,1701,1701.0,JAMESON,0.8948,924.8,243.6,104.3,29.4,1920,1080,0.148,976.9,258.3
Round3,Q3,1701,1701.0,JAMESON,0.891,713.4,237.4,104.5,29.9,1920,1080,0.151,765.7,252.3
Round3,Q3,1701,1701.0,JAMESON,0.8872,108.4,459.6,125.6,35.6,1920,1080,0.216,171.2,477.4
Round3,Q3,1701,1701.0,JAMESON,0.8845,502.7,232.1,104.7,29.3,1920,1080,0.148,555.1,246.7
Round3,Q3,1701,1701.0,JAMESON,0.8802,1344.3,254.5,104.3,29.6,1920,1080,0.149,1396.4,269.3
Round3,Q3,1701,1701.0,JAMESON,0.8739,60.6,219.3,110.0,29.2,1920,1080,0.155,115.6,234.0
Round3,Q3,1701,1701.0,JAMESON,0.873,280.9,225.4,113.7,30.6,1920,1080,0.168,337.8,240.7
Round3,Q3,1701,1701.0,JAMESON,0.8651,1762.6,534.6,122.3,39.2,1920,1080,0.232,1823.7,554.2
Round3,Q3,1701,1701.0,JAMESON,0.8586,1535.8,516.9,111.6,38.5,1920,1080,0.207,1591.6,536.1
Round3,Q3,1701,1701.0,JAMESON,0.853,849.3,479.0,115.2,34.8,1920,1080,0.193,906.9,496.3
Round3,Q3,1701,1701.0,JAMESON,0.8062,1080.3,487.5,120.9,37.4,1920,1080,0.218,1140.8,506.2
Round3,Q3,1702,1702.0,JAMESON,0.9074,1580.0,280.7,101.9,29.9,1920,1080,0.147,1630.9,295.7
Round3,Q3,1702,1702.0,JAMESON,0.906,1172.2,270.1,100.2,29.6,1920,1080,0.143,1222.3,284.9
Round3,Q3,1702,1702.0,JAMESON,0.895,357.5,248.9,104.1,29.3,1920,1080,0.147,409.6,263.5
Round3,Q3,1702,1702.0,JAMESON,0.8909,1376.0,274.8,102.2,30.2,1920,1080,0.149,1427.1,289.9
Round3,Q3,1702,1702.0,JAMESON,0.8903,770.6,260.0,99.6,28.8,1920,1080,0.139,820.4,274.5
Round3,Q3,1702,1702.0,JAMESON,0.8865,567.6,255.3,101.0,27.9,1920,1080,0.136,618.2,269.3
Round3,Q3,1702,1702.0,JAMESON,0.8848,144.8,243.5,105.6,28.1,1920,1080,0.143,197.6,257.5
Round3,Q3,1702,1702.0,JAMESON,0.8839,1790.5,286.2,110.9,30.9,1920,1080,0.165,1845.9,301.7
Round3,Q3,1702,1702.0,JAMESON,0.8722,1561.7,528.8,109.1,37.9,1920,1080,0.2,1616.2,547.7
Round3,Q3,1702,1702.0,JAMESON,0.8651,191.0,473.3,122.1,34.0,1920,1080,0.2,252.1,490.3
Round3,Q3,1702,1702.0,JAMESON,0.8624,972.5,265.1,101.0,28.8,1920,1080,0.14,1023.0,279.5
Round3,Q3,1702,1702.0,JAMESON,0.8477,898.1,491.7,112.0,33.7,1920,1080,0.182,954.2,508.6
Round3,Q3,1702,1702.0,JAMESON,0.8388,1783.4,546.9,115.2,36.9,1920,1080,0.205,1841.0,565.3
Round3,Q3,1702,1702.0,JAMESON,0.5648,0.0,236.4,30.7,29.9,1920,1080,0.044,15.4,251.4
Round3,Q3,1702,1702.0,JAMESON,0.5645,0.0,468.1,65.1,34.7,1920,1080,0.109,32.6,485.4
Round3,Q3,1703,1703.0,JAMESON,0.8986,425.6,260.2,101.6,28.0,1920,1080,0.137,476.4,274.2
Round3,Q3,1703,1703.0,JAMESON,0.8923,1615.4,289.4,102.3,29.8,1920,1080,0.147,1666.5,304.2
Round3,Q3,1703,1703.0,JAMESON,0.8879,5.9,247.7,105.0,28.5,1920,1080,0.144,58.4,261.9
Round3,Q3,1703,1703.0,JAMESON,0.8823,824.8,269.7,97.4,27.5,1920,1080,0.129,873.5,283.5
Round3,Q3,1703,1703.0,JAMESON,0.8812,220.6,254.8,102.1,26.9,1920,1080,0.133,271.7,268.3
Round3,Q3,1703,1703.0,JAMESON,0.8804,1824.1,294.7,95.4,30.5,1920,1080,0.14,1871.8,310.0
Round3,Q3,1703,1703.0,JAMESON,0.8773,1417.5,284.6,98.1,28.9,1920,1080,0.136,1466.5,299.0
Round3,Q3,1703,1703.0,JAMESON,0.877,1021.3,274.5,99.4,28.9,1920,1080,0.139,1071.0,288.9
Round3,Q3,1703,1703.0,JAMESON,0.8767,626.5,265.1,100.0,27.8,1920,1080,0.134,676.5,278.9
Round3,Q3,1703,1703.0,JAMESON,0.8753,1216.8,279.4,99.9,28.4,1920,1080,0.137,1266.8,293.5
Round3,Q3,1703,1703.0,JAMESON,0.8739,1598.0,532.3,107.4,36.9,1920,1080,0.191,1651.7,550.8
Round3,Q3,1703,1703.0,JAMESON,0.8667,262.8,477.8,123.3,33.1,1920,1080,0.197,324.5,494.3
Round3,Q3,1703,1703.0,JAMESON,0.8633,951.1,495.6,107.8,33.0,1920,1080,0.172,1005.1,512.1
Round3,Q3,1703,1703.0,JAMESON,0.8554,25.3,473.9,120.4,33.9,1920,1080,0.197,85.5,490.9
Round3,Q3,1703,1703.0,JAMESON,0.8116,1812.3,549.1,104.6,35.9,1920,1080,0.181,1864.6,567.1
Round3,Q3,1703,1703.0,JAMESON,0.5088,506.9,482.4,108.2,33.2,1920,1080,0.173,561.0,499.0
Round3,Q3,1703,1703.0,JAMESON,0.4561,1169.0,504.8,110.9,34.9,1920,1080,0.187,1224.4,522.3
Round3,Q3,1703,1703.0,JAMESON,0.3524,0.0,479.3,11.9,29.6,1920,1080,0.017,6.0,494.1
Round3,Q3,1704,1704.0,JAMESON,0.898,1433.1,283.8,98.5,28.4,1920,1080,0.135,1482.4,298.0
Round3,Q3,1704,1704.0,JAMESON,0.8975,443.4,259.3,98.9,27.7,1920,1080,0.132,492.9,273.1
Round3,Q3,1704,1704.0,JAMESON,0.892,1039.1,273.9,96.5,27.9,1920,1080,0.13,1087.3,287.8
Round3,Q3,1704,1704.0,JAMESON,0.8898,645.8,264.4,96.1,27.3,1920,1080,0.127,693.9,278.1
Round3,Q3,1704,1704.0,JAMESON,0.8832,1615.6,530.7,106.2,36.6,1920,1080,0.187,1668.7,549.0
Round3,Q3,1704,1704.0,JAMESON,0.8788,842.1,268.9,96.3,27.8,1920,1080,0.129,890.2,282.8
Round3,Q3,1704,1704.0,JAMESON,0.8744,239.5,253.9,102.1,27.6,1920,1080,0.136,290.6,267.7
Round3,Q3,1704,1704.0,JAMESON,0.8739,1842.2,293.7,77.8,29.3,1920,1080,0.11,1881.1,308.4
Round3,Q3,1704,1704.0,JAMESON,0.8729,23.7,247.1,106.6,28.9,1920,1080,0.148,77.0,261.6
Round3,Q3,1704,1704.0,JAMESON,0.8715,1235.4,278.5,95.6,28.4,1920,1080,0.131,1283.2,292.7
Round3,Q3,1704,1704.0,JAMESON,0.8707,44.1,472.7,118.4,34.0,1920,1080,0.194,103.3,489.7
Round3,Q3,1704,1704.0,JAMESON,0.866,1631.9,288.8,104.3,29.0,1920,1080,0.146,1684.1,303.3
Round3,Q3,1704,1704.0,JAMESON,0.8221,281.1,476.9,117.2,31.8,1920,1080,0.18,339.7,492.8
Round3,Q3,1704,1704.0,JAMESON,0.8146,966.3,493.8,108.0,33.1,1920,1080,0.172,1020.2,510.3
Round3,Q3,1704,1704.0,JAMESON,0.7332,1830.2,547.3,89.8,37.3,1920,1080,0.161,1875.1,565.9
Round3,Q3,1704,1704.0,JAMESON,0.3322,1181.1,503.7,114.1,34.2,1920,1080,0.188,1238.1,520.8
Round3,Q3,1707,1707.0,EMIRATES,0.8681,1662.3,866.9,27.9,11.2,1920,1080,0.015,1676.3,872.5
Round3,Q3,1708,1708.0,EMIRATES,0.6317,1697.9,864.9,31.4,12.5,1920,1080,0.019,1713.6,871.2
Round3,Q3,1709,1709.0,EMIRATES,0.8827,1669.1,877.1,35.2,12.1,1920,1080,0.021,1686.7,883.2
Round3,Q3,1710,1710.0,EMIRATES,0.899,1677.6,860.9,30.8,13.1,1920,1080,0.019,1693.1,867.5
Round3,Q3,1710,1710.0,EMIRATES,0.7505,1382.2,771.2,65.9,86.5,1920,1080,0.275,1415.1,814.4
Round3,Q3,1711,1711.0,EMIRATES,0.9053,1165.7,545.6,91.4,33.9,1920,1080,0.149,1211.4,562.5
Round3,Q3,1711,1711.0,EMIRATES,0.7194,884.1,874.1,92.4,35.8,1920,1080,0.16,930.3,892.0
Round3,Q3,1712,1712.0,EMIRATES,0.8737,732.0,478.7,106.2,53.1,1920,1080,0.272,785.1,505.2
Round3,Q3,1713,1713.0,JAMESON,0.9006,1462.8,305.4,88.0,25.2,1920,1080,0.107,1506.8,318.0
Round3,Q3,1713,1713.0,JAMESON,0.8916,1221.2,498.7,95.6,30.5,1920,1080,0.141,1269.1,514.0
Round3,Q3,1713,1713.0,JAMESON,0.8892,1284.7,301.5,89.8,25.2,1920,1080,0.109,1329.6,314.1
Round3,Q3,1713,1713.0,JAMESON,0.8888,1108.1,297.3,86.3,25.9,1920,1080,0.108,1151.3,310.2
Round3,Q3,1713,1713.0,JAMESON,0.8856,219.1,278.7,92.4,24.7,1920,1080,0.11,265.3,291.1
Round3,Q3,1713,1713.0,JAMESON,0.8852,26.9,273.3,95.8,26.0,1920,1080,0.12,74.7,286.3
Round3,Q3,1713,1713.0,JAMESON,0.8844,1646.4,308.8,90.9,26.3,1920,1080,0.115,1691.9,322.0
Round3,Q3,1713,1713.0,JAMESON,0.8842,934.1,293.9,86.0,25.3,1920,1080,0.105,977.1,306.6
Round3,Q3,1713,1713.0,JAMESON,0.8842,1814.2,533.7,97.6,34.0,1920,1080,0.16,1863.0,550.7
Round3,Q3,1713,1713.0,JAMESON,0.881,1831.0,312.9,88.8,27.4,1920,1080,0.117,1875.4,326.6
Round3,Q3,1713,1713.0,JAMESON,0.88,758.5,290.9,87.6,25.0,1920,1080,0.106,802.3,303.4
Round3,Q3,1713,1713.0,JAMESON,0.8783,1608.0,521.2,105.3,32.2,1920,1080,0.164,1660.6,537.3
Round3,Q3,1713,1713.0,JAMESON,0.8752,416.9,479.0,100.7,30.3,1920,1080,0.147,467.2,494.2
Round3,Q3,1713,1713.0,JAMESON,0.8716,403.8,283.4,88.8,24.9,1920,1080,0.107,448.2,295.9
Round3,Q3,1713,1713.0,JAMESON,0.864,584.9,286.9,85.6,24.6,1920,1080,0.102,627.7,299.2
Round3,Q3,1713,1713.0,JAMESON,0.8522,1.9,476.3,96.0,29.7,1920,1080,0.137,49.9,491.1
Round3,Q3,1713,1713.0,JAMESON,0.844,620.3,482.8,100.0,29.2,1920,1080,0.141,670.3,497.4
Round3,Q3,1713,1713.0,JAMESON,0.6135,210.4,476.7,101.1,30.4,1920,1080,0.148,260.9,492.0
Round3,Q3,1713,1713.0,JAMESON,0.6128,825.9,487.6,94.6,29.5,1920,1080,0.135,873.2,502.4
Round3,Q3,1713,1713.0,JAMESON,0.5236,1021.5,493.0,57.9,27.8,1920,1080,0.078,1050.5,506.9
Round3,Q3,1713,1713.0,JAMESON,0.4714,1417.5,507.6,62.8,30.2,1920,1080,0.091,1448.9,522.7
Round3,Q3,1714,1714.0,JAMESON,0.8988,1820.0,318.5,91.8,27.0,1920,1080,0.12,1865.9,332.0
Round3,Q3,1714,1714.0,JAMESON,0.8902,41.5,279.6,92.2,25.6,1920,1080,0.114,87.6,292.4
Round3,Q3,1714,1714.0,JAMESON,0.8862,411.2,288.8,87.7,25.3,1920,1080,0.107,455.1,301.4
Round3,Q3,1714,1714.0,JAMESON,0.8847,1457.2,310.6,86.6,25.9,1920,1080,0.108,1500.5,323.6
Round3,Q3,1714,1714.0,JAMESON,0.8841,936.3,299.7,82.1,24.5,1920,1080,0.097,977.4,311.9
Round3,Q3,1714,1714.0,JAMESON,0.8825,1280.5,306.6,88.5,25.5,1920,1080,0.109,1324.7,319.3
Round3,Q3,1714,1714.0,JAMESON,0.8787,229.4,284.5,91.2,24.3,1920,1080,0.107,275.0,296.6
Round3,Q3,1714,1714.0,JAMESON,0.8779,1215.1,501.9,98.3,30.3,1920,1080,0.144,1264.3,517.0
Round3,Q3,1714,1714.0,JAMESON,0.8767,1108.6,303.5,83.4,24.7,1920,1080,0.099,1150.3,315.8
Round3,Q3,1714,1714.0,JAMESON,0.8762,1600.3,523.4,104.0,32.3,1920,1080,0.162,1652.3,539.6
Round3,Q3,1714,1714.0,JAMESON,0.8743,589.4,292.0,85.5,24.9,1920,1080,0.103,632.2,304.5
Round3,Q3,1714,1714.0,JAMESON,0.8705,761.8,296.2,86.0,24.6,1920,1080,0.102,804.8,308.5
Round3,Q3,1714,1714.0,JAMESON,0.8692,1636.5,314.7,90.6,26.0,1920,1080,0.114,1681.8,327.7
Round3,Q3,1714,1714.0,JAMESON,0.8676,425.3,482.8,99.4,29.0,1920,1080,0.139,475.1,497.3
Round3,Q3,1714,1714.0,JAMESON,0.8673,1802.2,536.0,97.0,33.3,1920,1080,0.156,1850.7,552.6
Round3,Q3,1714,1714.0,JAMESON,0.8583,4.7,479.1,107.7,29.8,1920,1080,0.155,58.6,494.0
Round3,Q3,1714,1714.0,JAMESON,0.8412,233.6,480.6,88.1,28.9,1920,1080,0.123,277.7,495.0
Round3,Q3,1714,1714.0,JAMESON,0.7874,827.5,490.0,95.7,30.4,1920,1080,0.14,875.3,505.2
Round3,Q3,1714,1714.0,JAMESON,0.777,1013.6,0.0,48.5,15.2,1920,1080,0.035,1037.8,7.6
Round3,Q3,1714,1714.0,JAMESON,0.7619,826.7,0.0,68.7,12.9,1920,1080,0.043,861.0,6.5
Round3,Q3,1714,1714.0,JAMESON,0.7155,1586.8,0.0,68.7,12.0,1920,1080,0.04,1621.1,6.0
Round3,Q3,1714,1714.0,JAMESON,0.6373,624.2,485.1,89.5,29.4,1920,1080,0.127,668.9,499.8
Round3,Q3,1714,1714.0,JAMESON,0.5838,1410.5,510.2,62.6,29.9,1920,1080,0.09,1441.7,525.2
Round3,Q3,1714,1714.0,JAMESON,0.4546,641.5,0.0,65.1,9.5,1920,1080,0.03,674.1,4.7
Round3,Q3,1714,1714.0,JAMESON,0.4165,1023.4,495.6,52.6,28.1,1920,1080,0.071,1049.8,509.6
Round3,Q3,1715,1715.0,JAMESON,0.9012,1813.2,324.5,94.2,26.7,1920,1080,0.121,1860.3,337.8
Round3,Q3,1715,1715.0,JAMESON,0.8891,934.6,304.9,84.5,25.1,1920,1080,0.102,976.8,317.4
Round3,Q3,1715,1715.0,JAMESON,0.8836,762.8,302.2,86.7,24.7,1920,1080,0.103,806.1,314.5
Round3,Q3,1715,1715.0,JAMESON,0.8829,414.5,294.4,86.6,24.8,1920,1080,0.104,457.8,306.8
Round3,Q3,1715,1715.0,JAMESON,0.8786,44.5,285.5,94.2,24.9,1920,1080,0.113,91.6,298.0
Round3,Q3,1715,1715.0,JAMESON,0.8775,1452.9,316.2,87.7,25.6,1920,1080,0.108,1496.8,329.0
Round3,Q3,1715,1715.0,JAMESON,0.8732,429.3,486.5,96.4,29.9,1920,1080,0.139,477.5,501.5
Round3,Q3,1715,1715.0,JAMESON,0.8731,1105.6,308.5,84.7,24.7,1920,1080,0.101,1147.9,320.9
Round3,Q3,1715,1715.0,JAMESON,0.8719,1596.7,528.3,103.7,31.5,1920,1080,0.158,1648.6,544.1
Round3,Q3,1715,1715.0,JAMESON,0.8649,591.1,298.0,84.9,24.6,1920,1080,0.101,633.5,310.3
Round3,Q3,1715,1715.0,JAMESON,0.8641,1632.9,320.1,89.3,25.9,1920,1080,0.112,1677.5,333.1
Round3,Q3,1715,1715.0,JAMESON,0.861,1279.7,312.1,85.8,25.4,1920,1080,0.105,1322.6,324.8
Round3,Q3,1715,1715.0,JAMESON,0.8572,235.7,290.6,87.0,24.2,1920,1080,0.102,279.1,302.7
Round3,Q3,1715,1715.0,JAMESON,0.8521,1214.7,506.7,95.7,29.7,1920,1080,0.137,1262.5,521.5
Round3,Q3,1715,1715.0,JAMESON,0.8479,233.2,484.7,89.8,29.5,1920,1080,0.128,278.1,499.5
Round3,Q3,1715,1715.0,JAMESON,0.8421,827.4,1.6,70.2,18.9,1920,1080,0.064,862.5,11.0
Round3,Q3,1715,1715.0,JAMESON,0.837,1796.0,540.4,97.8,33.3,1920,1080,0.157,1844.9,557.1
Round3,Q3,1715,1715.0,JAMESON,0.836,6.3,483.7,109.1,30.7,1920,1080,0.161,60.8,499.1
Round3,Q3,1715,1715.0,JAMESON,0.8305,1583.0,0.1,72.8,19.8,1920,1080,0.07,1619.4,10.0
Round3,Q3,1715,1715.0,JAMESON,0.8249,641.3,0.0,69.1,17.5,1920,1080,0.058,675.9,8.8
Round3,Q3,1715,1715.0,JAMESON,0.8166,1013.1,3.0,51.4,18.4,1920,1080,0.046,1038.9,12.2
Round3,Q3,1715,1715.0,JAMESON,0.8059,623.1,490.0,99.2,30.6,1920,1080,0.147,672.7,505.3
Round3,Q3,1715,1715.0,JAMESON,0.7648,1784.2,0.0,73.9,14.5,1920,1080,0.052,1821.2,7.2
Round3,Q3,1715,1715.0,JAMESON,0.7498,831.0,494.8,88.3,29.0,1920,1080,0.124,875.1,509.3
Round3,Q3,1715,1715.0,JAMESON,0.7453,452.3,0.0,67.1,12.7,1920,1080,0.041,485.8,6.3
Round3,Q3,1715,1715.0,JAMESON,0.5695,1404.9,514.9,63.8,29.5,1920,1080,0.091,1436.8,529.7
Round3,Q3,1716,1716.0,JAMESON,0.9011,1812.3,335.3,95.7,27.2,1920,1080,0.126,1860.1,348.9
Round3,Q3,1716,1716.0,JAMESON,0.8961,1449.0,327.1,89.1,25.4,1920,1080,0.109,1493.5,339.8
Round3,Q3,1716,1716.0,JAMESON,0.8952,402.4,304.5,86.9,25.3,1920,1080,0.106,445.9,317.2
Round3,Q3,1716,1716.0,JAMESON,0.8827,927.7,316.0,86.4,24.8,1920,1080,0.103,970.9,328.4
Round3,Q3,1716,1716.0,JAMESON,0.8802,1631.1,331.0,92.0,25.8,1920,1080,0.115,1677.1,343.9
Round3,Q3,1716,1716.0,JAMESON,0.8802,753.1,312.3,87.4,24.6,1920,1080,0.104,796.8,324.6
Round3,Q3,1716,1716.0,JAMESON,0.8783,1099.0,318.6,87.2,25.9,1920,1080,0.109,1142.6,331.5
Round3,Q3,1716,1716.0,JAMESON,0.8776,416.6,498.7,99.0,29.9,1920,1080,0.143,466.1,513.6
Round3,Q3,1716,1716.0,JAMESON,0.8767,1276.2,323.0,85.6,25.1,1920,1080,0.104,1319.0,335.5
Round3,Q3,1716,1716.0,JAMESON,0.8763,27.1,295.3,97.7,25.7,1920,1080,0.121,76.0,308.2
Round3,Q3,1716,1716.0,JAMESON,0.8688,621.4,502.3,92.1,28.5,1920,1080,0.127,667.4,516.5
Round3,Q3,1716,1716.0,JAMESON,0.8671,1210.8,518.7,98.3,30.0,1920,1080,0.142,1259.9,533.7
Round3,Q3,1716,1716.0,JAMESON,0.8667,220.4,300.3,91.7,24.9,1920,1080,0.11,266.2,312.7
Round3,Q3,1716,1716.0,JAMESON,0.8628,439.2,0.9,70.6,19.3,1920,1080,0.066,474.5,10.5
Round3,Q3,1716,1716.0,JAMESON,0.8618,1581.0,6.9,72.5,21.0,1920,1080,0.074,1617.2,17.4
Round3,Q3,1716,1716.0,JAMESON,0.8595,579.8,309.1,87.8,23.8,1920,1080,0.101,623.7,321.0
Round3,Q3,1716,1716.0,JAMESON,0.8572,631.4,4.6,68.6,19.8,1920,1080,0.066,665.8,14.6
Round3,Q3,1716,1716.0,JAMESON,0.855,819.2,8.8,69.4,19.6,1920,1080,0.066,853.9,18.6
Round3,Q3,1716,1716.0,JAMESON,0.8369,1783.2,2.8,76.1,20.1,1920,1080,0.074,1821.2,12.8
Round3,Q3,1716,1716.0,JAMESON,0.8328,216.4,496.9,93.5,29.1,1920,1080,0.131,263.1,511.5
Round3,Q3,1716,1716.0,JAMESON,0.8225,1.9,496.2,97.8,29.6,1920,1080,0.14,50.8,511.0
Round3,Q3,1716,1716.0,JAMESON,0.8134,1797.1,552.5,100.5,34.2,1920,1080,0.166,1847.4,569.7
Round3,Q3,1716,1716.0,JAMESON,0.8097,1595.1,540.6,105.9,31.7,1920,1080,0.162,1648.1,556.4
Round3,Q3,1716,1716.0,JAMESON,0.7998,1005.6,10.6,51.0,19.9,1920,1080,0.049,1031.1,20.5
Round3,Q3,1716,1716.0,JAMESON,0.7519,1402.9,527.2,62.3,29.6,1920,1080,0.089,1434.1,542.0
Round3,Q3,1716,1716.0,JAMESON,0.7464,242.5,0.0,71.6,13.2,1920,1080,0.046,278.3,6.6
Round3,Q3,1716,1716.0,JAMESON,0.7379,822.5,506.6,95.3,29.6,1920,1080,0.136,870.2,521.4
Round3,Q3,1717,1717.0,JAMESON,0.9124,323.4,351.1,94.1,25.7,1920,1080,0.117,370.5,363.9
Round3,Q3,1717,1717.0,JAMESON,0.9071,551.2,561.4,107.1,30.7,1920,1080,0.159,604.8,576.8
Round3,Q3,1717,1717.0,JAMESON,0.8946,1259.6,369.9,92.7,27.3,1920,1080,0.122,1305.9,383.5
Round3,Q3,1717,1717.0,JAMESON,0.8936,1833.4,383.9,86.6,28.3,1920,1080,0.118,1876.7,398.0
Round3,Q3,1717,1717.0,JAMESON,0.8895,887.8,362.5,92.3,25.9,1920,1080,0.115,934.0,375.5
Round3,Q3,1717,1717.0,JAMESON,0.8857,1637.3,379.3,98.7,27.4,1920,1080,0.131,1686.7,393.0
Round3,Q3,1717,1717.0,JAMESON,0.8856,1071.1,365.9,93.1,26.6,1920,1080,0.12,1117.7,379.2
Round3,Q3,1717,1717.0,JAMESON,0.8855,702.3,358.2,91.0,26.1,1920,1080,0.114,747.8,371.3
Round3,Q3,1717,1717.0,JAMESON,0.8847,128.3,345.9,96.5,26.3,1920,1080,0.122,176.5,359.1
Round3,Q3,1717,1717.0,JAMESON,0.8837,338.7,558.5,106.4,31.2,1920,1080,0.16,391.8,574.1
Round3,Q3,1717,1717.0,JAMESON,0.8824,1444.5,374.2,95.9,27.7,1920,1080,0.128,1492.4,388.1
Round3,Q3,1717,1717.0,JAMESON,0.8823,1601.3,601.7,111.4,34.6,1920,1080,0.186,1657.0,619.0
Round3,Q3,1717,1717.0,JAMESON,0.8753,515.9,354.6,93.8,25.8,1920,1080,0.117,562.9,367.5
Round3,Q3,1717,1717.0,JAMESON,0.8672,124.5,556.7,99.4,31.5,1920,1080,0.151,174.3,572.4
Round3,Q3,1717,1717.0,JAMESON,0.8634,362.4,24.2,77.7,21.8,1920,1080,0.082,401.3,35.1
Round3,Q3,1717,1717.0,JAMESON,0.8629,571.0,30.2,74.1,21.1,1920,1080,0.075,608.0,40.8
Round3,Q3,1717,1717.0,JAMESON,0.8613,1582.9,34.6,77.7,21.4,1920,1080,0.08,1621.8,45.3
Round3,Q3,1717,1717.0,JAMESON,0.8604,150.6,16.3,77.3,21.7,1920,1080,0.081,189.2,27.2
Round3,Q3,1717,1717.0,JAMESON,0.859,1189.4,578.6,105.5,31.7,1920,1080,0.162,1242.2,594.5
Round3,Q3,1717,1717.0,JAMESON,0.8576,770.8,33.5,75.3,21.9,1920,1080,0.08,808.5,44.5
Round3,Q3,1717,1717.0,JAMESON,0.8561,1798.8,29.2,81.5,22.8,1920,1080,0.09,1839.6,40.6
Round3,Q3,1717,1717.0,JAMESON,0.8246,1817.9,616.6,96.1,33.7,1920,1080,0.156,1866.0,633.5
Round3,Q3,1717,1717.0,JAMESON,0.806,971.4,36.9,53.1,20.5,1920,1080,0.053,997.9,47.1
Round3,Q3,1717,1717.0,JAMESON,0.7605,1393.8,587.8,101.6,31.9,1920,1080,0.156,1444.6,603.7
Round3,Q3,1717,1717.0,JAMESON,0.7375,773.5,566.2,98.3,31.2,1920,1080,0.148,822.6,581.8
Round3,Q3,1717,1717.0,JAMESON,0.675,0.0,342.2,21.2,26.7,1920,1080,0.027,10.6,355.5
Round3,Q3,1717,1717.0,JAMESON,0.3702,0.0,9.0,10.0,22.0,1920,1080,0.011,5.0,20.0
Round3,Q3,1718,1718.0,JAMESON,0.9234,1475.1,340.9,106.0,30.6,1920,1080,0.156,1528.1,356.2
Round3,Q3,1718,1718.0,JAMESON,0.9185,451.8,555.0,121.4,35.5,1920,1080,0.208,512.5,572.7
Round3,Q3,1718,1718.0,JAMESON,0.9047,621.9,322.3,109.0,30.2,1920,1080,0.159,676.4,337.4
Round3,Q3,1718,1718.0,JAMESON,0.8946,838.2,327.3,104.1,29.1,1920,1080,0.146,890.3,341.8
Round3,Q3,1718,1718.0,JAMESON,0.8905,409.1,317.8,107.1,29.7,1920,1080,0.153,462.6,332.6
Round3,Q3,1718,1718.0,JAMESON,0.8859,1260.9,336.2,106.7,29.8,1920,1080,0.154,1314.2,351.2
Round3,Q3,1718,1718.0,JAMESON,0.8851,185.3,312.6,110.8,30.0,1920,1080,0.16,240.7,327.6
Round3,Q3,1718,1718.0,JAMESON,0.8849,1694.0,345.9,114.5,31.1,1920,1080,0.172,1751.3,361.4
Round3,Q3,1718,1718.0,JAMESON,0.8847,1048.3,331.0,103.1,30.0,1920,1080,0.149,1099.9,346.0
Round3,Q3,1718,1718.0,JAMESON,0.8745,204.1,551.5,123.2,36.3,1920,1080,0.216,265.7,569.7
Round3,Q3,1718,1718.0,JAMESON,0.8432,1183.6,574.5,118.4,34.9,1920,1080,0.199,1242.8,591.9
Round3,Q3,1718,1718.0,JAMESON,0.8422,0.0,305.8,71.0,30.7,1920,1080,0.105,35.5,321.2
Round3,Q3,1718,1718.0,JAMESON,0.7816,0.0,549.0,69.9,37.5,1920,1080,0.126,35.0,567.7
Round3,Q3,1718,1718.0,JAMESON,0.724,1418.0,585.0,125.0,37.0,1920,1080,0.223,1480.5,603.5
Round3,Q3,1718,1718.0,JAMESON,0.4838,1903.8,616.4,16.1,40.6,1920,1080,0.031,1911.9,636.7
Round3,Q3,1718,1718.0,JAMESON,0.4304,708.5,561.6,109.4,33.8,1920,1080,0.178,763.2,578.5
Round3,Q3,1719,1719.0,EMIRATES,0.8807,1081.8,752.6,57.0,20.8,1920,1080,0.057,1110.3,763.0
Round3,Q3,1719,1719.0,EMIRATES,0.8438,767.4,280.8,37.1,17.4,1920,1080,0.031,785.9,289.5
Round3,Q3,1719,1719.0,EMIRATES,0.7963,883.5,431.4,38.2,13.7,1920,1080,0.025,902.6,438.2
Round3,Q3,1719,1719.0,EMIRATES,0.671,246.8,322.2,29.8,16.4,1920,1080,0.024,261.7,330.4
Round3,Q3,1719,1719.0,EMIRATES,0.6469,1611.9,333.7,40.3,17.1,1920,1080,0.033,1632.0,342.3
Round3,Q3,1720,1720.0,EMIRATES,0.9023,1508.8,547.3,50.1,18.8,1920,1080,0.045,1533.9,556.7
Round3,Q3,1720,1720.0,EMIRATES,0.8687,1420.2,288.7,49.0,23.9,1920,1080,0.057,1444.7,300.7
Round3,Q3,1720,1720.0,EMIRATES,0.7028,800.4,318.4,29.5,24.0,1920,1080,0.034,815.2,330.4
Round3,Q3,1721,1721.0,EMIRATES,0.8719,247.4,313.8,35.6,19.0,1920,1080,0.033,265.2,323.3
Round3,Q3,1721,1721.0,EMIRATES,0.8704,1589.3,504.8,59.8,20.5,1920,1080,0.059,1619.2,515.0
Round3,Q3,1721,1721.0,EMIRATES,0.8685,940.7,330.4,51.5,17.4,1920,1080,0.043,966.5,339.1
Round3,Q3,1721,1721.0,EMIRATES,0.7892,904.4,257.7,49.1,20.6,1920,1080,0.049,928.9,267.9
Round3,Q3,1723,1723.0,EMIRATES,0.7927,1744.7,561.8,14.7,71.9,1920,1080,0.051,1752.0,597.8
Round3,Q3,1725,1725.0,EMIRATES,0.8756,1559.9,550.1,56.2,20.6,1920,1080,0.056,1587.9,560.4
Round3,Q3,1725,1725.0,EMIRATES,0.3424,1346.9,484.2,58.0,26.1,1920,1080,0.073,1376.0,497.3
Round3,Q3,1726,1726.0,EMIRATES,0.8346,624.3,1.1,25.3,11.9,1920,1080,0.014,636.9,7.1
Round3,Q3,1726,1726.0,EMIRATES,0.815,1060.1,242.7,29.1,14.4,1920,1080,0.02,1074.6,249.9
Round3,Q3,1726,1726.0,EMIRATES,0.8095,1172.7,329.7,26.8,16.2,1920,1080,0.021,1186.1,337.8
Round3,Q3,1727,1727.0,EMIRATES,0.8791,1003.4,276.4,43.9,22.7,1920,1080,0.048,1025.3,287.7
Round3,Q3,1727,1727.0,EMIRATES,0.7909,444.6,377.6,30.6,21.2,1920,1080,0.031,460.0,388.2
Round3,Q3,1727,1727.0,EMIRATES,0.4286,1153.1,189.1,19.6,16.6,1920,1080,0.016,1162.9,197.5
Round3,Q3,1728,1728.0,EMIRATES,0.7549,1317.7,555.7,16.2,70.3,1920,1080,0.055,1325.8,590.9
Round3,Q3,1728,1728.0,EMIRATES,0.7486,1092.4,525.4,15.2,68.9,1920,1080,0.051,1100.0,559.9
Round3,Q3,1728,1728.0,EMIRATES,0.7351,884.3,492.7,14.7,71.0,1920,1080,0.05,891.6,528.2
Round3,Q3,1728,1728.0,EMIRATES,0.4173,1320.3,489.1,16.8,63.5,1920,1080,0.051,1328.7,520.9
Round3,Q3,1728,1728.0,EMIRATES,0.3662,691.7,416.6,14.5,53.0,1920,1080,0.037,698.9,443.1
Round3,Q3,1729,1729.0,EMIRATES,0.7374,1017.0,529.0,13.9,63.0,1920,1080,0.042,1024.0,560.5
Round3,Q3,1729,1729.0,EMIRATES,0.6749,823.1,506.6,13.8,58.0,1920,1080,0.039,830.0,535.6
Round3,Q3,1729,1729.0,EMIRATES,0.5448,641.9,490.6,12.6,49.3,1920,1080,0.03,648.2,515.3
Round3,Q3,1729,1729.0,EMIRATES,0.4608,469.9,462.7,13.0,55.4,1920,1080,0.035,476.4,490.4
Round3,Q3,1729,1729.0,EMIRATES,0.4231,1018.7,474.9,14.7,47.2,1920,1080,0.034,1026.1,498.5
Round3,Q3,1729,1729.0,EMIRATES,0.3387,469.8,410.5,14.4,50.0,1920,1080,0.035,477.1,435.6
Round3,Q3,1730,1730.0,EMIRATES,0.4701,557.9,488.0,10.5,44.2,1920,1080,0.022,563.1,510.1
Round3,Q3,1730,1730.0,EMIRATES,0.4568,869.3,523.7,10.8,49.4,1920,1080,0.026,874.7,548.4
Round3,Q3,1730,1730.0,EMIRATES,0.4065,709.2,459.8,10.8,34.7,1920,1080,0.018,714.5,477.1
Round3,Q3,1730,1730.0,EMIRATES,0.4008,708.2,502.6,10.7,49.7,1920,1080,0.026,713.5,527.4
Round3,Q3,1730,1730.0,EMIRATES,0.3184,415.0,466.3,11.2,48.7,1920,1080,0.026,420.6,490.6
Round3,Q3,1731,1731.0,EMIRATES,0.4703,599.7,500.8,9.7,40.7,1920,1080,0.019,604.6,521.1
Round3,Q3,1731,1731.0,EMIRATES,0.3136,883.2,534.8,10.9,45.2,1920,1080,0.024,888.6,557.4
Round3,Q3,1732,1732.0,EMIRATES,0.32,799.0,524.7,9.6,41.7,1920,1080,0.019,803.8,545.6
Round3,Q3,1732,1732.0,EMIRATES,0.3069,671.0,507.2,9.5,42.7,1920,1080,0.02,675.8,528.6
Round3,Q3,1733,1733.0,EMIRATES,0.4052,725.9,511.6,9.6,40.7,1920,1080,0.019,730.7,531.9
Round3,Q3,1733,1733.0,EMIRATES,0.4034,981.7,545.3,10.1,42.6,1920,1080,0.021,986.8,566.6
Round3,Q3,1734,1734.0,EMIRATES,0.3209,833.8,524.9,9.9,44.9,1920,1080,0.021,838.7,547.3
Round3,Q3,1735,1735.0,EMIRATES,0.3122,716.3,513.7,9.9,40.7,1920,1080,0.019,721.3,534.0
Round3,Q3,1737,1737.0,EMIRATES,0.3248,725.2,513.5,9.1,41.8,1920,1080,0.018,729.8,534.4
Round3,Q3,1741,1741.0,EMIRATES,0.6653,1074.2,388.3,93.8,29.4,1920,1080,0.133,1121.1,402.9
Round3,Q3,1742,1742.0,EMIRATES,0.7618,135.1,381.2,90.4,22.1,1920,1080,0.096,180.3,392.3
Round3,Q3,1742,1742.0,EMIRATES,0.4831,1869.0,415.3,51.0,42.9,1920,1080,0.106,1894.5,436.8
Round3,Q3,1743,1743.0,EMIRATES,0.897,1130.9,318.4,78.9,24.1,1920,1080,0.092,1170.3,330.5
Round3,Q3,1743,1743.0,EMIRATES,0.8807,554.3,567.9,73.4,31.6,1920,1080,0.112,591.0,583.7
Round3,Q3,1743,1743.0,EMIRATES,0.8575,906.1,947.4,84.5,20.4,1920,1080,0.083,948.4,957.6
Round3,Q3,1743,1743.0,EMIRATES,0.4945,0.0,718.9,7.9,31.2,1920,1080,0.012,3.9,734.5
Round3,Q3,1744,1744.0,EMIRATES,0.8898,1133.1,332.0,54.3,23.2,1920,1080,0.061,1160.3,343.6
Round3,Q3,1745,1745.0,EMIRATES,0.8872,547.6,443.8,74.8,29.6,1920,1080,0.107,585.0,458.6
Round3,Q3,1745,1745.0,EMIRATES,0.8852,1129.3,330.5,51.3,23.1,1920,1080,0.057,1155.0,342.0
Round3,Q3,1746,1746.0,EMIRATES,0.903,1116.5,331.6,46.4,20.2,1920,1080,0.045,1139.7,341.7
Round3,Q3,1746,1746.0,EMIRATES,0.8884,1359.9,377.0,73.6,20.5,1920,1080,0.073,1396.7,387.2
Round3,Q3,1746,1746.0,EMIRATES,0.87,1686.5,889.9,86.3,25.0,1920,1080,0.104,1729.6,902.4
Round3,Q3,1747,1747.0,EMIRATES,0.8888,1393.0,257.6,63.8,19.9,1920,1080,0.061,1424.9,267.5
Round3,Q3,1747,1747.0,EMIRATES,0.8743,1685.6,815.6,77.1,24.8,1920,1080,0.092,1724.2,828.0
Round3,Q3,1748,1748.0,EMIRATES,0.8875,1333.5,341.4,42.9,18.6,1920,1080,0.038,1354.9,350.7
Round3,Q3,1748,1748.0,EMIRATES,0.8776,1399.9,825.6,67.1,21.0,1920,1080,0.068,1433.5,836.1
Round3,Q3,1749,1749.0,EMIRATES,0.8735,705.6,733.9,47.8,17.7,1920,1080,0.041,729.5,742.7
Round3,Q3,1750,1750.0,EMIRATES,0.8927,1222.8,367.3,38.6,16.9,1920,1080,0.031,1242.1,375.7
Round3,Q3,1750,1750.0,EMIRATES,0.7723,582.4,633.8,28.4,20.5,1920,1080,0.028,596.6,644.1
Round3,Q3,1751,1751.0,EMIRATES,0.8891,276.6,584.0,51.5,18.2,1920,1080,0.045,302.4,593.1
Round3,Q3,1751,1751.0,EMIRATES,0.8577,1220.3,353.1,40.6,16.3,1920,1080,0.032,1240.6,361.2
Round3,Q3,1755,1755.0,EMIRATES,0.8014,743.1,765.0,82.1,58.2,1920,1080,0.231,784.1,794.1
Round3,Q3,1757,1757.0,EMIRATES,0.395,823.3,513.0,11.8,76.4,1920,1080,0.043,829.2,551.2
Round3,Q3,1758,1758.0,CRUSADER_CARAVANS,0.6518,991.6,127.3,129.8,17.8,1920,1080,0.112,1056.5,136.2
Round3,Q3,1758,1758.0,CRUSADER_CARAVANS,0.6506,708.8,122.1,129.0,19.1,1920,1080,0.119,773.3,131.6
Round3,Q3,1758,1758.0,CRUSADER_CARAVANS,0.6178,0.0,95.5,63.0,17.7,1920,1080,0.054,31.5,104.4
Round3,Q3,1758,1758.0,CRUSADER_CARAVANS,0.5803,1549.6,125.1,134.8,18.9,1920,1080,0.123,1617.1,134.5
Round3,Q3,1758,1758.0,CRUSADER_CARAVANS,0.5751,1843.8,117.6,76.0,21.8,1920,1080,0.08,1881.8,128.5
Round3,Q3,1758,1758.0,CRUSADER_CARAVANS,0.5184,94.4,101.3,149.9,21.9,1920,1080,0.158,169.3,112.2
Round3,Q3,1758,1758.0,EMIRATES,0.5089,1034.0,552.4,13.0,82.5,1920,1080,0.052,1040.5,593.6
Round3,Q3,1758,1758.0,CRUSADER_CARAVANS,0.5067,367.1,353.5,181.7,26.6,1920,1080,0.234,458.0,366.8
Round3,Q3,1758,1758.0,CRUSADER_CARAVANS,0.4949,1272.6,128.5,128.5,18.7,1920,1080,0.116,1336.8,137.8
Round3,Q3,1758,1758.0,CRUSADER_CARAVANS,0.4679,410.9,113.8,139.8,20.6,1920,1080,0.139,480.8,124.2
Round3,Q3,1758,1758.0,CRUSADER_CARAVANS,0.4027,1433.8,127.5,96.1,18.5,1920,1080,0.086,1481.8,136.7
Round3,Q3,1758,1758.0,EMIRATES,0.3526,892.2,536.4,11.9,76.2,1920,1080,0.044,898.2,574.5
Round3,Q3,1758,1758.0,CRUSADER_CARAVANS,0.3417,871.9,125.2,95.4,16.9,1920,1080,0.078,919.6,133.7
Round3,Q3,1759,1759.0,CRUSADER_CARAVANS,0.718,1565.8,68.2,154.2,19.3,1920,1080,0.144,1642.9,77.9
Round3,Q3,1759,1759.0,CRUSADER_CARAVANS,0.6754,1236.1,70.3,148.0,20.0,1920,1080,0.143,1310.1,80.3
Round3,Q3,1759,1759.0,CRUSADER_CARAVANS,0.6558,223.7,49.4,167.7,23.4,1920,1080,0.19,307.6,61.1
Round3,Q3,1759,1759.0,CRUSADER_CARAVANS,0.4827,575.6,61.4,155.7,22.1,1920,1080,0.166,653.4,72.4
Round3,Q3,1759,1759.0,CRUSADER_CARAVANS,0.4672,909.4,68.1,149.9,20.9,1920,1080,0.151,984.3,78.5
Round3,Q3,1759,1759.0,EMIRATES,0.431,1104.4,563.8,13.8,68.1,1920,1080,0.045,1111.3,597.9
Round3,Q3,1759,1759.0,CRUSADER_CARAVANS,0.4219,1466.9,388.7,201.7,35.7,1920,1080,0.348,1567.8,406.5
Round3,Q3,1759,1759.0,EMIRATES,0.4179,1269.4,587.1,16.0,65.2,1920,1080,0.05,1277.4,619.7
Round3,Q3,1759,1759.0,EMIRATES,0.3113,950.3,538.3,15.4,72.4,1920,1080,0.054,958.0,574.5
Round3,Q3,1759,1759.0,CRUSADER_CARAVANS,0.306,516.9,333.6,216.2,29.6,1920,1080,0.308,625.0,348.4
Round3,Q3,1759,1759.0,CRUSADER_CARAVANS,0.306,29.4,314.5,239.7,29.9,1920,1080,0.346,149.3,329.5
Round3,Q3,1760,1760.0,EMIRATES,0.8776,280.3,751.2,41.1,22.1,1920,1080,0.044,300.8,762.2
Round3,Q3,1760,1760.0,EMIRATES,0.8556,1513.9,222.1,60.9,321.8,1920,1080,0.945,1544.4,383.0
Round3,Q3,1760,1760.0,EMIRATES,0.8538,1081.0,711.2,47.8,13.1,1920,1080,0.03,1104.8,717.8
Round3,Q3,1760,1760.0,EMIRATES,0.8259,522.6,381.4,40.5,13.9,1920,1080,0.027,542.8,388.4
Round3,Q3,1760,1760.0,EMIRATES,0.8129,29.0,242.5,37.6,12.2,1920,1080,0.022,47.8,248.7
Round3,Q3,1760,1760.0,EMIRATES,0.7568,1515.2,1.2,60.5,201.8,1920,1080,0.589,1545.4,102.1
Round3,Q3,1760,1760.0,EMIRATES,0.7416,597.6,123.2,56.9,266.0,1920,1080,0.73,626.0,256.2
Round3,Q3,1760,1760.0,EMIRATES,0.7166,646.0,552.1,35.7,16.5,1920,1080,0.028,663.8,560.4
Round3,Q3,1761,1761.0,EMIRATES,0.8847,93.6,493.3,50.3,14.3,1920,1080,0.035,118.7,500.5
Round3,Q3,1761,1761.0,EMIRATES,0.8791,837.3,795.6,50.4,16.8,1920,1080,0.041,862.5,804.0
Round3,Q3,1761,1761.0,EMIRATES,0.8409,42.0,22.3,39.0,14.3,1920,1080,0.027,61.5,29.5
Round3,Q3,1761,1761.0,EMIRATES,0.837,593.8,4.5,57.5,167.4,1920,1080,0.464,622.6,88.2
Round3,Q3,1761,1761.0,EMIRATES,0.831,91.0,350.7,48.1,11.1,1920,1080,0.026,115.1,356.3
Round3,Q3,1761,1761.0,EMIRATES,0.8227,1530.7,1.3,66.2,289.6,1920,1080,0.925,1563.8,146.1
Round3,Q3,1761,1761.0,EMIRATES,0.4683,422.6,394.6,34.9,10.3,1920,1080,0.017,440.1,399.7
Round3,Q3,1762,1762.0,EMIRATES,0.889,546.6,809.2,57.5,19.1,1920,1080,0.053,575.3,818.7
Round3,Q3,1762,1762.0,EMIRATES,0.8812,1211.0,618.3,43.5,17.5,1920,1080,0.037,1232.8,627.1
Round3,Q3,1762,1762.0,EMIRATES,0.8283,890.8,4.3,65.9,197.8,1920,1080,0.629,923.8,103.2
Round3,Q3,1762,1762.0,EMIRATES,0.7966,0.0,358.2,18.8,21.9,1920,1080,0.02,9.4,369.1
Round3,Q3,1762,1762.0,EMIRATES,0.6029,310.7,1.3,34.3,9.6,1920,1080,0.016,327.8,6.1
Round3,Q3,1763,1763.0,EMIRATES,0.8931,216.7,508.3,47.0,22.9,1920,1080,0.052,240.2,519.8
Round3,Q3,1763,1763.0,EMIRATES,0.8811,1314.9,878.7,47.9,18.2,1920,1080,0.042,1338.9,887.8
Round3,Q3,1763,1763.0,EMIRATES,0.8634,802.6,501.9,31.0,13.6,1920,1080,0.02,818.1,508.7
Round3,Q3,1763,1763.0,EMIRATES,0.393,1648.0,189.1,26.7,13.6,1920,1080,0.018,1661.3,195.9
Round3,Q3,1764,1764.0,EMIRATES,0.8838,1638.0,625.8,35.7,15.6,1920,1080,0.027,1655.8,633.6
Round3,Q3,1764,1764.0,EMIRATES,0.8688,1095.4,746.6,46.8,19.3,1920,1080,0.044,1118.8,756.2
Round3,Q3,1764,1764.0,EMIRATES,0.8256,1823.0,92.7,33.4,12.4,1920,1080,0.02,1839.7,98.9
Round3,Q3,1764,1764.0,EMIRATES,0.7766,1502.1,445.7,30.2,18.0,1920,1080,0.026,1517.2,454.7
Round3,Q3,1765,1765.0,EMIRATES,0.8784,988.7,413.6,56.7,20.9,1920,1080,0.057,1017.1,424.0
Round3,Q3,1765,1765.0,EMIRATES,0.872,487.7,527.7,56.7,18.9,1920,1080,0.052,516.0,537.2
Round3,Q3,1766,1766.0,EMIRATES,0.898,366.0,366.2,60.7,22.4,1920,1080,0.066,396.4,377.4
Round3,Q3,1766,1766.0,EMIRATES,0.8857,1049.4,240.3,44.4,15.9,1920,1080,0.034,1071.6,248.3
Round3,Q3,1766,1766.0,EMIRATES,0.8827,697.7,304.0,55.5,18.8,1920,1080,0.05,725.5,313.4
Round3,Q3,1766,1766.0,EMIRATES,0.6285,314.6,62.0,48.9,13.9,1920,1080,0.033,339.0,68.9
Round3,Q3,1769,1769.0,EMIRATES,0.8914,1600.4,175.6,80.2,28.8,1920,1080,0.111,1640.5,190.0
Round3,Q3,1769,1769.0,EMIRATES,0.864,1044.1,143.1,74.0,44.3,1920,1080,0.158,1081.1,165.3
Round3,Q3,1770,1770.0,EMIRATES,0.8848,1302.1,284.1,87.4,24.0,1920,1080,0.101,1345.8,296.1
Round3,Q3,1770,1770.0,EMIRATES,0.5307,155.0,349.2,35.4,19.5,1920,1080,0.033,172.7,358.9
Round3,Q3,1772,1772.0,EMIRATES,0.5768,968.5,709.2,22.2,9.0,1920,1080,0.01,979.5,713.7
Round3,Q3,1776,1776.0,EMIRATES,0.8904,1587.6,427.3,44.1,16.5,1920,1080,0.035,1609.6,435.5
Round3,Q3,1776,1776.0,EMIRATES,0.8703,225.3,446.8,40.4,13.5,1920,1080,0.026,245.5,453.6
Round3,Q3,1776,1776.0,EMIRATES,0.8088,670.6,486.9,53.6,20.1,1920,1080,0.052,697.4,496.9
Round3,Q3,1776,1776.0,EMIRATES,0.7929,1254.1,349.8,25.8,12.5,1920,1080,0.016,1267.0,356.1
Round3,Q3,1777,1777.0,EMIRATES,0.8994,1694.3,357.6,47.3,16.4,1920,1080,0.037,1718.0,365.8
Round3,Q3,1777,1777.0,EMIRATES,0.8634,1502.9,377.9,50.8,16.5,1920,1080,0.04,1528.3,386.1
Round3,Q3,1777,1777.0,EMIRATES,0.8633,140.0,343.4,48.0,18.3,1920,1080,0.042,164.0,352.6
Round3,Q3,1777,1777.0,EMIRATES,0.8568,911.8,383.9,51.1,25.8,1920,1080,0.064,937.4,396.8
Round3,Q3,1777,1777.0,EMIRATES,0.6009,1294.8,252.0,20.8,13.4,1920,1080,0.013,1305.2,258.7
Round3,Q3,1778,1778.0,EMIRATES,0.8821,692.9,280.0,52.9,17.2,1920,1080,0.044,719.4,288.6
Round3,Q3,1778,1778.0,EMIRATES,0.8801,1534.4,260.0,40.3,17.7,1920,1080,0.034,1554.6,268.9
Round3,Q3,1778,1778.0,EMIRATES,0.8759,1391.5,306.3,48.3,16.5,1920,1080,0.038,1415.7,314.5
Round3,Q3,1778,1778.0,EMIRATES,0.8728,1458.8,290.3,52.1,15.8,1920,1080,0.04,1484.9,298.2
Round3,Q3,1778,1778.0,EMIRATES,0.8396,1089.1,191.2,46.6,22.1,1920,1080,0.05,1112.4,202.2
Round3,Q3,1779,1779.0,EMIRATES,0.8864,1364.5,332.7,50.0,23.1,1920,1080,0.056,1389.5,344.3
Round3,Q3,1779,1779.0,EMIRATES,0.8836,653.1,324.2,54.5,19.2,1920,1080,0.05,680.4,333.8
Round3,Q3,1779,1779.0,EMIRATES,0.8752,1146.6,364.5,49.6,17.6,1920,1080,0.042,1171.4,373.3
Round3,Q3,1780,1780.0,EMIRATES,0.8994,963.9,367.5,42.2,16.4,1920,1080,0.033,985.0,375.7
Round3,Q3,1780,1780.0,EMIRATES,0.8988,1082.1,317.1,51.9,20.9,1920,1080,0.052,1108.1,327.5
Round3,Q3,1780,1780.0,EMIRATES,0.8744,748.5,336.4,47.6,14.6,1920,1080,0.034,772.3,343.7
Round3,Q3,1780,1780.0,EMIRATES,0.8591,1321.3,366.5,46.6,12.6,1920,1080,0.028,1344.6,372.8
Round3,Q3,1781,1781.0,EMIRATES,0.7471,1138.1,374.6,35.3,13.3,1920,1080,0.023,1155.8,381.2
Round3,Q3,1782,1782.0,EMIRATES,0.8803,203.5,343.3,44.0,13.3,1920,1080,0.028,225.5,349.9
Round3,Q3,1783,1783.0,EMIRATES,0.8856,10.7,299.0,39.6,13.9,1920,1080,0.026,30.5,306.0
Round3,Q3,1784,1784.0,EMIRATES,0.6881,835.9,426.2,23.1,10.9,1920,1080,0.012,847.4,431.6
Round3,Q3,1784,1784.0,EMIRATES,0.6062,1144.7,421.2,22.3,11.4,1920,1080,0.012,1155.9,426.9
Round3,Q3,1784,1784.0,EMIRATES,0.5004,765.5,368.5,21.6,10.5,1920,1080,0.011,776.3,373.8
Round3,Q3,1785,1785.0,EMIRATES,0.9064,1336.7,364.5,36.9,12.0,1920,1080,0.021,1355.1,370.5
Round3,Q3,1785,1785.0,EMIRATES,0.8155,448.4,441.7,27.5,12.4,1920,1080,0.016,462.2,447.9
Round3,Q3,1785,1785.0,EMIRATES,0.7567,858.8,387.8,24.9,14.5,1920,1080,0.017,871.3,395.1
Round3,Q3,1785,1785.0,EMIRATES,0.315,640.3,446.5,19.2,16.3,1920,1080,0.015,649.9,454.7
Round3,Q3,1785,1785.0,EMIRATES,0.302,1057.9,394.9,30.9,12.0,1920,1080,0.018,1073.4,401.0
Round3,Q3,1786,1786.0,EMIRATES,0.8616,1466.0,368.0,33.3,12.2,1920,1080,0.02,1482.7,374.1
Round3,Q3,1787,1787.0,EMIRATES,0.8748,402.7,497.2,36.5,12.0,1920,1080,0.021,421.0,503.2
Round3,Q3,1787,1787.0,EMIRATES,0.7189,435.7,368.6,22.5,11.6,1920,1080,0.013,446.9,374.4
Round3,Q3,1787,1787.0,EMIRATES,0.3459,773.6,395.9,19.6,12.7,1920,1080,0.012,783.4,402.3
Round3,Q3,1788,1788.0,EMIRATES,0.8872,1747.3,516.9,34.6,11.8,1920,1080,0.02,1764.6,522.8
Round3,Q3,1788,1788.0,EMIRATES,0.7326,610.7,596.6,40.6,9.5,1920,1080,0.019,631.0,601.3
Round3,Q3,1789,1789.0,EMIRATES,0.8934,1143.5,405.6,36.1,13.4,1920,1080,0.023,1161.5,412.3
Round3,Q3,1789,1789.0,EMIRATES,0.8875,868.0,447.3,35.5,13.6,1920,1080,0.023,885.7,454.1
Round3,Q3,1789,1789.0,EMIRATES,0.8344,534.8,417.1,28.6,12.1,1920,1080,0.017,549.1,423.2
Round3,Q3,1789,1789.0,EMIRATES,0.746,1537.7,492.6,28.7,14.0,1920,1080,0.019,1552.1,499.6
Round3,Q3,1789,1789.0,EMIRATES,0.6568,742.1,569.4,31.8,14.5,1920,1080,0.022,758.0,576.7
Round3,Q3,1790,1790.0,EMIRATES,0.8741,768.7,372.6,42.1,13.9,1920,1080,0.028,789.7,379.6
Round3,Q3,1790,1790.0,EMIRATES,0.8307,938.3,291.6,44.0,14.6,1920,1080,0.031,960.3,298.9
Round3,Q3,1790,1790.0,EMIRATES,0.8139,1188.0,310.7,41.1,16.2,1920,1080,0.032,1208.6,318.8
Round3,Q3,1790,1790.0,EMIRATES,0.8107,119.9,355.0,39.7,17.4,1920,1080,0.033,139.7,363.7
Round3,Q3,1790,1790.0,EMIRATES,0.8029,1739.9,384.2,26.3,13.8,1920,1080,0.018,1753.0,391.1
Round3,Q3,1791,1791.0,EMIRATES,0.8956,1057.7,269.7,47.6,17.7,1920,1080,0.041,1081.5,278.6
Round3,Q3,1791,1791.0,EMIRATES,0.8744,1353.0,385.4,31.1,15.7,1920,1080,0.023,1368.6,393.2
Round3,Q3,1791,1791.0,EMIRATES,0.8741,810.2,350.1,42.1,18.8,1920,1080,0.038,831.2,359.5
Round3,Q3,1792,1792.0,EMIRATES,0.8959,912.2,297.2,44.6,13.9,1920,1080,0.03,934.5,304.2
Round3,Q3,1792,1792.0,EMIRATES,0.8893,45.2,316.8,36.8,16.8,1920,1080,0.03,63.6,325.2
Round3,Q3,1792,1792.0,EMIRATES,0.8731,1358.9,260.3,32.0,15.7,1920,1080,0.024,1374.9,268.2
Round3,Q3,1792,1792.0,EMIRATES,0.8437,1372.7,359.0,33.1,25.7,1920,1080,0.041,1389.2,371.8
Round3,Q3,1793,1793.0,EMIRATES,0.9111,1383.5,263.7,35.5,13.8,1920,1080,0.024,1401.2,270.6
Round3,Q3,1793,1793.0,EMIRATES,0.8971,118.0,330.2,41.8,15.0,1920,1080,0.03,138.9,337.7
Round3,Q3,1793,1793.0,EMIRATES,0.8854,1372.2,389.1,36.7,13.7,1920,1080,0.024,1390.6,395.9
Round3,Q3,1793,1793.0,EMIRATES,0.873,879.8,364.4,51.6,15.8,1920,1080,0.039,905.6,372.3
Round3,Q3,1794,1794.0,EMIRATES,0.8544,1377.9,464.1,47.4,16.4,1920,1080,0.037,1401.6,472.3
Round3,Q3,1794,1794.0,EMIRATES,0.7989,0.1,586.7,44.2,14.4,1920,1080,0.031,22.2,593.9
Round3,Q3,1794,1794.0,EMIRATES,0.7495,879.2,469.5,48.6,12.3,1920,1080,0.029,903.5,475.6
Round3,Q3,1795,1795.0,EMIRATES,0.8385,458.3,429.0,50.4,12.3,1920,1080,0.03,483.5,435.1
Round3,Q3,1795,1795.0,EMIRATES,0.8153,522.0,287.4,47.9,16.2,1920,1080,0.038,546.0,295.5
Round3,Q3,1795,1795.0,EMIRATES,0.6454,1868.8,346.8,25.1,20.3,1920,1080,0.025,1881.4,357.0
Round3,Q3,1797,1797.0,EMIRATES,0.7839,100.1,397.1,42.4,17.6,1920,1080,0.036,121.3,405.9
Round3,Q3,1797,1797.0,EMIRATES,0.7703,1233.0,216.8,43.4,26.9,1920,1080,0.056,1254.6,230.2
Round3,Q3,1798,1798.0,EMIRATES,0.7706,639.8,417.6,53.5,15.1,1920,1080,0.039,666.6,425.2
Round3,Q3,1799,1799.0,EMIRATES,0.8515,942.5,395.4,31.6,17.5,1920,1080,0.027,958.3,404.1
Round3,Q3,1800,1800.0,EMIRATES,0.8094,1894.3,270.8,25.6,15.2,1920,1080,0.019,1907.1,278.4
Round3,Q3,1800,1800.0,EMIRATES,0.7923,1012.2,385.0,48.2,27.2,1920,1080,0.063,1036.3,398.7
Round3,Q3,1808,1808.0,EMIRATES,0.9002,823.9,484.0,50.0,22.6,1920,1080,0.055,848.9,495.3
Round3,Q3,1810,1810.0,EMIRATES,0.7674,349.1,910.0,78.4,43.6,1920,1080,0.165,388.3,931.8
Round3,Q3,1816,1816.0,EMIRATES,0.6123,1687.8,529.3,21.4,93.8,1920,1080,0.097,1698.5,576.2
Round3,Q3,1816,1816.0,EMIRATES,0.4962,1856.8,548.8,21.1,100.2,1920,1080,0.102,1867.4,598.8
Round3,Q3,1817,1817.0,EMIRATES,0.6664,1595.5,614.6,12.6,57.8,1920,1080,0.035,1601.7,643.5
Round3,Q3,1817,1817.0,EMIRATES,0.643,1402.2,588.6,13.2,56.1,1920,1080,0.036,1408.9,616.6
Round3,Q3,1817,1817.0,EMIRATES,0.3549,1598.6,559.9,12.1,48.2,1920,1080,0.028,1604.6,584.0
Round3,Q3,1817,1817.0,EMIRATES,0.3421,1067.1,492.8,13.4,101.9,1920,1080,0.066,1073.8,543.7
Round3,Q3,1818,1818.0,EMIRATES,0.8632,1492.1,909.4,54.3,28.6,1920,1080,0.075,1519.3,923.7
Round3,Q3,1818,1818.0,EMIRATES,0.8385,1146.0,742.2,45.0,18.6,1920,1080,0.04,1168.5,751.5
Round3,Q3,1818,1818.0,EMIRATES,0.8205,571.2,92.1,56.9,308.8,1920,1080,0.848,599.7,246.5
Round3,Q3,1818,1818.0,EMIRATES,0.8154,1548.0,196.1,53.9,334.3,1920,1080,0.87,1575.0,363.2
Round3,Q3,1818,1818.0,EMIRATES,0.7066,1552.6,4.2,50.6,183.9,1920,1080,0.449,1577.9,96.1
Round3,Q3,1818,1818.0,EMIRATES,0.5125,570.2,3.7,49.4,68.6,1920,1080,0.163,594.8,38.0
Round3,Q3,1819,1819.0,EMIRATES,0.8434,1193.0,501.9,15.7,76.9,1920,1080,0.058,1200.9,540.3
Round3,Q3,1819,1819.0,EMIRATES,0.8129,955.8,471.4,16.1,73.1,1920,1080,0.057,963.8,507.9
Round3,Q3,1819,1819.0,EMIRATES,0.8013,735.2,441.9,14.9,73.2,1920,1080,0.053,742.6,478.5
Round3,Q3,1819,1819.0,EMIRATES,0.8009,1451.8,534.8,17.3,80.1,1920,1080,0.067,1460.4,574.8
Round3,Q3,1819,1819.0,EMIRATES,0.7366,1455.4,463.1,15.3,69.2,1920,1080,0.051,1463.1,497.7
Round3,Q3,1819,1819.0,EMIRATES,0.643,1195.3,430.2,14.8,66.3,1920,1080,0.047,1202.7,463.3
Round3,Q3,1819,1819.0,EMIRATES,0.6218,736.8,378.0,13.4,58.5,1920,1080,0.038,743.5,407.3
Round3,Q3,1819,1819.0,EMIRATES,0.4411,957.2,402.2,14.4,64.6,1920,1080,0.045,964.4,434.4
Round3,Q3,1820,1820.0,EMIRATES,0.8068,1312.5,497.4,14.9,69.9,1920,1080,0.05,1320.0,532.4
Round3,Q3,1820,1820.0,EMIRATES,0.7819,881.0,441.8,13.8,62.3,1920,1080,0.041,887.9,472.9
Round3,Q3,1820,1820.0,EMIRATES,0.7773,1087.9,466.7,14.3,69.0,1920,1080,0.047,1095.0,501.2
Round3,Q3,1820,1820.0,EMIRATES,0.7476,688.0,414.0,13.0,64.4,1920,1080,0.04,694.5,446.2
Round3,Q3,1820,1820.0,EMIRATES,0.636,1089.8,404.7,14.8,57.3,1920,1080,0.041,1097.2,433.3
Round3,Q3,1820,1820.0,EMIRATES,0.5778,1314.7,433.0,16.7,63.9,1920,1080,0.051,1323.0,464.9
Round3,Q3,1820,1820.0,EMIRATES,0.4087,689.0,357.5,12.5,56.6,1920,1080,0.034,695.2,385.8
Round3,Q3,1821,1821.0,EMIRATES,0.8847,668.8,206.9,32.4,11.7,1920,1080,0.018,685.0,212.8
Round3,Q3,1822,1822.0,EMIRATES,0.8993,1637.4,190.8,34.3,12.4,1920,1080,0.021,1654.5,197.0
Round3,Q3,1823,1823.0,EMIRATES,0.8799,1369.4,482.6,37.3,17.1,1920,1080,0.031,1388.0,491.1
Round3,Q3,1823,1823.0,EMIRATES,0.7631,605.3,30.7,37.1,16.4,1920,1080,0.029,623.8,38.9
Round3,Q3,1825,1825.0,EMIRATES,0.8599,1128.2,488.2,39.3,16.1,1920,1080,0.031,1147.9,496.3
Round3,Q3,1827,1827.0,EMIRATES,0.342,1277.9,229.0,9.8,59.6,1920,1080,0.028,1282.8,258.8
Round3,Q3,1829,1829.0,EMIRATES,0.3506,1093.3,478.2,25.3,14.1,1920,1080,0.017,1105.9,485.2
Round3,Q3,1830,1830.0,EMIRATES,0.332,1489.3,222.8,10.3,56.1,1920,1080,0.028,1494.5,250.8
Round3,Q3,1831,1831.0,EMIRATES,0.3934,1489.7,247.2,10.2,60.3,1920,1080,0.03,1494.8,277.3
Round3,Q3,1832,1832.0,EMIRATES,0.305,1307.7,250.5,10.3,64.3,1920,1080,0.032,1312.9,282.7
Round3,Q3,1834,1834.0,EMIRATES,0.3763,1122.0,300.5,9.2,61.9,1920,1080,0.028,1126.6,331.4
Round3,Q3,1836,1836.0,EMIRATES,0.4383,1354.6,306.2,10.3,70.7,1920,1080,0.035,1359.8,341.5
Round3,Q3,1836,1836.0,EMIRATES,0.3003,1245.7,298.5,8.7,61.6,1920,1080,0.026,1250.1,329.3
Round3,Q3,1838,1838.0,EMIRATES,0.9084,1315.3,572.4,154.9,51.3,1920,1080,0.383,1392.7,598.0
Round3,Q3,1838,1838.0,CYBERCX,0.8984,616.0,819.0,288.8,79.0,1920,1080,1.1,760.4,858.5
Round3,Q3,1838,1838.0,EMIRATES,0.8938,324.1,544.1,153.5,48.5,1920,1080,0.359,400.8,568.4
Round3,Q3,1838,1838.0,EMIRATES,0.8622,396.0,322.8,88.1,58.8,1920,1080,0.25,440.1,352.1
Round3,Q3,1838,1838.0,EMIRATES,0.8272,1793.0,385.7,84.0,26.7,1920,1080,0.108,1835.0,399.0
Round3,Q3,1838,1838.0,EMIRATES,0.796,1130.3,184.6,84.4,43.2,1920,1080,0.176,1172.5,206.2
Round3,Q3,1838,1838.0,CYBERCX,0.6442,0.0,824.9,116.7,74.0,1920,1080,0.416,58.4,861.9
Round3,Q3,1838,1838.0,CYBERCX,0.3463,0.1,353.7,119.1,110.2,1920,1080,0.633,59.7,408.8
Round3,Q3,1839,1839.0,EMIRATES,0.918,1183.9,571.8,129.5,48.9,1920,1080,0.305,1248.7,596.2
Round3,Q3,1839,1839.0,EMIRATES,0.9073,589.9,568.2,135.9,43.3,1920,1080,0.284,657.8,589.8
Round3,Q3,1839,1839.0,EMIRATES,0.8465,983.2,148.4,79.0,52.7,1920,1080,0.201,1022.7,174.7
Round3,Q3,1839,1839.0,CYBERCX,0.8025,308.5,523.5,70.1,84.0,1920,1080,0.284,343.5,565.5
Round3,Q3,1839,1839.0,CYBERCX,0.799,264.0,317.0,494.6,159.5,1920,1080,3.805,511.4,396.7
Round3,Q3,1839,1839.0,CYBERCX,0.5916,1823.6,785.1,96.4,81.6,1920,1080,0.379,1871.8,825.9
Round3,Q3,1839,1839.0,EMIRATES,0.5482,1520.0,655.2,29.0,50.3,1920,1080,0.07,1534.5,680.3
Round3,Q3,1839,1839.0,EMIRATES,0.4901,736.8,498.1,35.9,44.4,1920,1080,0.077,754.7,520.3
Round3,Q3,1840,1840.0,EMIRATES,0.9031,676.8,554.5,116.4,51.9,1920,1080,0.292,735.0,580.4
Round3,Q3,1840,1840.0,CYBERCX,0.8895,1237.4,715.7,315.8,98.8,1920,1080,1.504,1395.3,765.1
Round3,Q3,1840,1840.0,CYBERCX,0.8689,1027.4,474.9,275.2,90.3,1920,1080,1.199,1165.0,520.1
Round3,Q3,1840,1840.0,CYBERCX,0.8557,1681.5,470.3,116.9,88.2,1920,1080,0.497,1739.9,514.4
Round3,Q3,1840,1840.0,CYBERCX,0.8394,963.8,268.6,502.3,158.6,1920,1080,3.842,1215.0,347.9
Round3,Q3,1841,1841.0,EMIRATES,0.9051,557.2,517.8,113.1,52.2,1920,1080,0.285,613.8,543.9
Round3,Q3,1841,1841.0,EMIRATES,0.8953,883.9,469.1,113.5,49.9,1920,1080,0.273,940.6,494.1
Round3,Q3,1842,1842.0,EMIRATES,0.916,66.9,543.3,79.3,50.2,1920,1080,0.192,106.5,568.4
Round3,Q3,1842,1842.0,EMIRATES,0.9094,953.1,499.1,119.8,47.1,1920,1080,0.272,1013.0,522.7
Round3,Q3,1842,1842.0,EMIRATES,0.8866,364.1,590.6,88.9,41.7,1920,1080,0.179,408.5,611.4
Round3,Q3,1843,1843.0,EMIRATES,0.9162,1481.3,438.0,124.6,52.3,1920,1080,0.314,1543.6,464.1
Round3,Q3,1843,1843.0,EMIRATES,0.9109,235.8,645.6,158.6,47.1,1920,1080,0.36,315.1,669.1
Round3,Q3,1843,1843.0,EMIRATES,0.8933,942.8,540.0,137.5,60.6,1920,1080,0.402,1011.6,570.3
Round3,Q3,1845,1845.0,EMIRATES,0.9208,664.7,0.8,157.6,45.1,1920,1080,0.342,743.5,23.3
Round3,Q3,1846,1846.0,EMIRATES,0.9001,270.6,370.3,220.3,66.3,1920,1080,0.705,380.8,403.4
Round3,Q3,1846,1846.0,EMIRATES,0.8926,1109.9,706.1,227.0,76.5,1920,1080,0.837,1223.4,744.4
Round3,Q3,1847,1847.0,EMIRATES,0.8913,960.2,694.2,141.2,72.0,1920,1080,0.49,1030.8,730.3
Round3,Q3,1847,1847.0,EMIRATES,0.8858,563.4,313.1,229.6,100.3,1920,1080,1.111,678.2,363.3
Round3,Q3,1847,1847.0,EMIRATES,0.882,82.0,395.1,190.0,75.2,1920,1080,0.689,177.0,432.7
Round3,Q3,1847,1847.0,EMIRATES,0.8638,1560.7,508.9,221.8,101.8,1920,1080,1.089,1671.6,559.8
Round3,Q3,1848,1848.0,EMIRATES,0.5508,574.5,564.8,25.7,7.9,1920,1080,0.01,587.3,568.7
Round3,Q3,1849,1849.0,EMIRATES,0.7197,552.8,560.2,27.1,9.8,1920,1080,0.013,566.4,565.1
Round3,Q3,1850,1850.0,EMIRATES,0.9085,1146.2,725.2,143.8,53.1,1920,1080,0.368,1218.1,751.8
Round3,Q3,1851,1851.0,EMIRATES,0.8989,1650.1,250.6,65.2,28.2,1920,1080,0.089,1682.7,264.7
Round3,Q3,1851,1851.0,EMIRATES,0.8988,511.4,294.0,46.0,21.0,1920,1080,0.047,534.4,304.5
Round3,Q3,1851,1851.0,EMIRATES,0.8087,1328.9,317.7,47.8,31.2,1920,1080,0.072,1352.8,333.3
Round3,Q3,1852,1852.0,EMIRATES,0.9027,1726.9,272.2,49.7,22.9,1920,1080,0.055,1751.8,283.7
Round3,Q3,1852,1852.0,EMIRATES,0.8827,892.3,314.1,51.7,17.7,1920,1080,0.044,918.2,323.0
Round3,Q3,1853,1853.0,EMIRATES,0.9108,812.3,644.4,135.3,49.0,1920,1080,0.32,879.9,668.9
Round3,Q3,1854,1854.0,EMIRATES,0.8831,1505.6,341.9,229.4,77.4,1920,1080,0.856,1620.3,380.6
Round3,Q3,1854,1854.0,EMIRATES,0.7957,0.0,651.0,111.8,108.3,1920,1080,0.584,55.9,705.1
Round3,Q3,1855,1855.0,EMIRATES,0.8786,1079.4,357.7,229.7,81.6,1920,1080,0.905,1194.3,398.6
