match,quarter,frame_index,timestamp_sec,partner,confidence,box_x,box_y,box_w,box_h,frame_w,frame_h,coverage_pct,center_x,center_y
Round3,Q1,32,16.0,EMIRATES,0.3519,1316.9,333.7,63.9,49.7,1920,1080,0.153,1348.8,358.5
Round3,Q1,45,22.5,JAMESON,0.527,722.7,475.8,82.0,23.9,1920,1080,0.094,763.7,487.7
Round3,Q1,45,22.5,JAMESON,0.5091,1156.3,480.0,78.5,18.6,1920,1080,0.071,1195.5,489.4
Round3,Q1,45,22.5,JAMESON,0.4155,1326.8,480.6,75.4,18.3,1920,1080,0.067,1364.5,489.7
Round3,Q1,46,23.0,JAMESON,0.3435,722.6,479.6,82.0,18.5,1920,1080,0.073,763.6,488.9
Round3,Q1,47,23.5,JAMESON,0.7185,723.6,480.8,78.3,17.6,1920,1080,0.066,762.7,489.6
Round3,Q1,50,25.0,JAMESON,0.53,722.5,476.7,81.0,22.4,1920,1080,0.088,763.0,487.9
Round3,Q1,69,34.5,EMIRATES,0.7339,773.2,626.2,23.1,10.1,1920,1080,0.011,784.8,631.2
Round3,Q1,69,34.5,EMIRATES,0.4027,1249.9,626.7,24.9,9.8,1920,1080,0.012,1262.4,631.6
Round3,Q1,70,35.0,EMIRATES,0.5882,1248.5,626.8,25.5,9.8,1920,1080,0.012,1261.2,631.7
Round3,Q1,70,35.0,EMIRATES,0.4854,773.4,626.5,21.3,10.1,1920,1080,0.01,784.0,631.5
Round3,Q1,71,35.5,EMIRATES,0.6899,775.5,627.9,21.9,10.8,1920,1080,0.011,786.4,633.3
Round3,Q1,71,35.5,EMIRATES,0.4986,1246.3,627.1,25.3,10.1,1920,1080,0.012,1259.0,632.2
Round3,Q1,72,36.0,EMIRATES,0.6928,770.3,627.5,22.9,10.7,1920,1080,0.012,781.8,632.9
Round3,Q1,72,36.0,EMIRATES,0.5171,1245.6,627.1,25.9,10.1,1920,1080,0.013,1258.5,632.1
Round3,Q1,73,36.5,EMIRATES,0.4965,777.4,627.1,21.7,10.7,1920,1080,0.011,788.3,632.5
Round3,Q1,73,36.5,EMIRATES,0.3838,1245.3,627.0,25.8,9.7,1920,1080,0.012,1258.2,631.8
Round3,Q1,74,37.0,EMIRATES,0.6988,1244.5,625.8,26.3,10.0,1920,1080,0.013,1257.6,630.9
Round3,Q1,74,37.0,EMIRATES,0.4844,781.0,627.7,19.7,10.4,1920,1080,0.01,790.8,632.9
Round3,Q1,75,37.5,EMIRATES,0.7782,776.2,626.8,22.9,10.4,1920,1080,0.012,787.6,632.0
Round3,Q1,75,37.5,EMIRATES,0.7696,1242.2,624.7,26.1,9.9,1920,1080,0.012,1255.3,629.6
Round3,Q1,75,37.5,EMIRATES,0.4023,708.8,630.7,16.6,12.6,1920,1080,0.01,717.1,637.0
Round3,Q1,76,38.0,EMIRATES,0.7731,1235.0,622.7,24.8,8.6,1920,1080,0.01,1247.4,627.0
Round3,Q1,76,38.0,EMIRATES,0.6973,777.4,626.5,22.4,11.0,1920,1080,0.012,788.6,632.0
Round3,Q1,77,38.5,EMIRATES,0.803,775.7,626.2,22.2,10.8,1920,1080,0.012,786.8,631.6
Round3,Q1,77,38.5,EMIRATES,0.6219,1231.8,621.9,26.3,9.2,1920,1080,0.012,1244.9,626.5
Round3,Q1,77,38.5,EMIRATES,0.4241,708.0,632.1,18.0,12.6,1920,1080,0.011,717.0,638.4
Round3,Q1,78,39.0,EMIRATES,0.8533,773.6,627.2,23.0,11.1,1920,1080,0.012,785.1,632.7
Round3,Q1,78,39.0,EMIRATES,0.6499,1231.8,622.7,25.2,9.7,1920,1080,0.012,1244.4,627.6
Round3,Q1,79,39.5,EMIRATES,0.7111,1232.9,623.4,25.0,10.1,1920,1080,0.012,1245.3,628.5
Round3,Q1,79,39.5,EMIRATES,0.6993,772.7,626.7,23.0,11.2,1920,1080,0.012,784.2,632.3
Round3,Q1,79,39.5,EMIRATES,0.307,710.0,631.7,16.7,13.3,1920,1080,0.011,718.3,638.3
Round3,Q1,80,40.0,EMIRATES,0.7456,773.1,624.4,24.1,12.6,1920,1080,0.015,785.2,630.7
Round3,Q1,80,40.0,EMIRATES,0.7072,1231.6,623.3,25.5,9.9,1920,1080,0.012,1244.4,628.2
Round3,Q1,81,40.5,EMIRATES,0.8114,770.2,625.3,27.2,12.0,1920,1080,0.016,783.8,631.4
Round3,Q1,81,40.5,EMIRATES,0.7416,1231.7,624.1,25.1,9.7,1920,1080,0.012,1244.2,628.9
Round3,Q1,82,41.0,EMIRATES,0.8017,772.1,626.9,22.4,10.7,1920,1080,0.012,783.4,632.3
Round3,Q1,82,41.0,EMIRATES,0.7043,1230.1,624.5,24.8,9.6,1920,1080,0.011,1242.5,629.3
Round3,Q1,83,41.5,EMIRATES,0.7888,769.1,627.4,23.2,10.7,1920,1080,0.012,780.7,632.7
Round3,Q1,83,41.5,EMIRATES,0.7012,1228.2,625.0,25.7,9.7,1920,1080,0.012,1241.0,629.9
Round3,Q1,83,41.5,EMIRATES,0.3281,698.8,634.9,19.2,12.8,1920,1080,0.012,708.4,641.3
Round3,Q1,84,42.0,EMIRATES,0.5858,700.9,634.0,18.8,14.6,1920,1080,0.013,710.3,641.3
Round3,Q1,84,42.0,EMIRATES,0.4966,1225.4,626.0,25.1,9.9,1920,1080,0.012,1238.0,631.0
Round3,Q1,84,42.0,EMIRATES,0.463,762.6,628.7,22.3,10.7,1920,1080,0.012,773.7,634.1
Round3,Q1,86,43.0,EMIRATES,0.9085,407.9,843.0,195.0,64.1,1920,1080,0.603,505.4,875.1
Round3,Q1,86,43.0,EMIRATES,0.8982,977.3,716.0,201.5,65.7,1920,1080,0.639,1078.1,748.9
Round3,Q1,86,43.0,EMIRATES,0.8909,1489.0,1007.8,168.2,69.3,1920,1080,0.562,1573.1,1042.5
Round3,Q1,87,43.5,EMIRATES,0.905,988.7,726.6,201.8,65.2,1920,1080,0.634,1089.6,759.1
Round3,Q1,87,43.5,EMIRATES,0.9043,421.3,853.2,186.7,65.0,1920,1080,0.585,514.7,885.7
Round3,Q1,87,43.5,EMIRATES,0.897,1505.6,1024.3,192.3,55.7,1920,1080,0.517,1601.8,1052.1
Round3,Q1,88,44.0,EMIRATES,0.9152,412.6,863.7,191.4,64.5,1920,1080,0.595,508.3,896.0
Round3,Q1,88,44.0,EMIRATES,0.9008,989.3,736.8,203.8,65.9,1920,1080,0.648,1091.2,769.8
Round3,Q1,88,44.0,EMIRATES,0.8768,1516.8,1037.1,187.0,42.9,1920,1080,0.387,1610.4,1058.5
Round3,Q1,89,44.5,EMIRATES,0.9201,981.1,744.8,207.6,64.4,1920,1080,0.645,1084.9,777.0
Round3,Q1,89,44.5,EMIRATES,0.9083,396.6,866.8,197.7,65.7,1920,1080,0.626,495.5,899.6
Round3,Q1,89,44.5,EMIRATES,0.8822,1523.0,1036.0,182.6,44.0,1920,1080,0.388,1614.2,1058.0
Round3,Q1,90,45.0,EMIRATES,0.8986,379.8,867.4,205.2,66.5,1920,1080,0.658,482.4,900.7
Round3,Q1,90,45.0,EMIRATES,0.8975,972.4,743.0,211.7,66.0,1920,1080,0.674,1078.3,776.0
Round3,Q1,91,45.5,EMIRATES,0.9038,376.7,864.7,203.5,66.3,1920,1080,0.65,478.5,897.8
Round3,Q1,91,45.5,EMIRATES,0.9034,970.0,741.9,211.4,66.2,1920,1080,0.675,1075.7,775.0
Round3,Q1,91,45.5,EMIRATES,0.6328,1590.3,1054.2,134.6,25.8,1920,1080,0.168,1657.6,1067.1
Round3,Q1,92,46.0,EMIRATES,0.9093,374.8,872.9,201.6,66.8,1920,1080,0.649,475.6,906.3
Round3,Q1,92,46.0,EMIRATES,0.9022,974.2,746.7,212.3,67.3,1920,1080,0.689,1080.3,780.4
Round3,Q1,92,46.0,EMIRATES,0.5642,1543.9,1053.9,180.5,26.1,1920,1080,0.228,1634.1,1066.9
Round3,Q1,93,46.5,EMIRATES,0.8905,382.9,881.5,210.2,68.3,1920,1080,0.692,488.0,915.6
Round3,Q1,93,46.5,EMIRATES,0.8848,983.8,753.8,218.2,68.9,1920,1080,0.725,1092.9,788.3
Round3,Q1,94,47.0,EMIRATES,0.8978,390.0,889.0,206.4,68.4,1920,1080,0.681,493.3,923.2
Round3,Q1,94,47.0,EMIRATES,0.8934,983.4,759.1,214.3,68.7,1920,1080,0.71,1090.6,793.5
Round3,Q1,98,49.0,EMIRATES,0.4371,0.7,865.5,90.6,50.3,1920,1080,0.22,46.0,890.6
Round3,Q1,106,53.0,EMIRATES,0.8787,697.1,656.8,319.7,119.4,1920,1080,1.841,856.9,716.5
Round3,Q1,106,53.0,EMIRATES,0.808,1502.9,907.6,251.2,80.1,1920,1080,0.97,1628.5,947.6
Round3,Q1,107,53.5,EMIRATES,0.8732,711.7,645.4,305.4,116.1,1920,1080,1.71,864.4,703.5
Round3,Q1,108,54.0,EMIRATES,0.8812,750.8,651.4,306.0,112.0,1920,1080,1.653,903.8,707.4
Round3,Q1,108,54.0,EMIRATES,0.8034,1524.0,888.4,247.7,79.2,1920,1080,0.946,1647.8,928.0
Round3,Q1,109,54.5,EMIRATES,0.8853,750.2,648.7,296.6,112.2,1920,1080,1.605,898.5,704.8
Round3,Q1,109,54.5,EMIRATES,0.8505,1512.4,882.6,244.0,77.5,1920,1080,0.912,1634.4,921.4
Round3,Q1,110,55.0,EMIRATES,0.8897,723.3,660.8,285.4,108.1,1920,1080,1.488,866.0,714.8
Round3,Q1,111,55.5,EMIRATES,0.8969,724.2,662.3,288.7,107.5,1920,1080,1.497,868.5,716.0
Round3,Q1,111,55.5,EMIRATES,0.8368,1467.5,880.0,232.9,71.8,1920,1080,0.807,1584.0,915.9
Round3,Q1,112,56.0,EMIRATES,0.8776,734.2,652.7,279.6,104.4,1920,1080,1.408,874.0,704.9
Round3,Q1,112,56.0,EMIRATES,0.8527,1453.7,864.2,234.9,71.3,1920,1080,0.807,1571.2,899.8
Round3,Q1,113,56.5,EMIRATES,0.8824,740.2,650.3,262.7,101.5,1920,1080,1.285,871.5,701.1
Round3,Q1,114,57.0,EMIRATES,0.8809,733.8,653.0,270.4,103.7,1920,1080,1.352,869.0,704.9
Round3,Q1,114,57.0,EMIRATES,0.8356,1432.7,865.1,209.7,62.4,1920,1080,0.631,1537.6,896.2
Round3,Q1,115,57.5,EMIRATES,0.8884,717.3,643.5,270.2,102.8,1920,1080,1.34,852.4,694.9
Round3,Q1,115,57.5,EMIRATES,0.7841,1400.5,850.0,213.0,64.0,1920,1080,0.658,1507.0,882.0
Round3,Q1,116,58.0,EMIRATES,0.8897,719.9,648.3,247.9,97.2,1920,1080,1.162,843.8,696.9
Round3,Q1,117,58.5,EMIRATES,0.8727,727.8,641.1,245.4,92.8,1920,1080,1.098,850.5,687.5
Round3,Q1,117,58.5,EMIRATES,0.8338,1371.0,831.2,205.0,62.0,1920,1080,0.613,1473.5,862.2
Round3,Q1,118,59.0,EMIRATES,0.8871,740.8,626.4,246.0,92.1,1920,1080,1.092,863.8,672.4
Round3,Q1,118,59.0,EMIRATES,0.7756,1372.2,814.4,186.5,61.7,1920,1080,0.555,1465.5,845.2
Round3,Q1,119,59.5,EMIRATES,0.8751,759.6,624.3,226.4,85.7,1920,1080,0.935,872.8,667.1
Round3,Q1,120,60.0,EMIRATES,0.87,763.9,617.4,233.2,90.0,1920,1080,1.012,880.5,662.4
Round3,Q1,120,60.0,EMIRATES,0.8384,1361.1,801.4,185.5,57.6,1920,1080,0.515,1453.8,830.2
Round3,Q1,121,60.5,EMIRATES,0.8746,774.9,610.7,227.3,89.9,1920,1080,0.985,888.6,655.6
Round3,Q1,121,60.5,EMIRATES,0.8535,1356.3,794.6,179.2,58.8,1920,1080,0.509,1445.9,824.1
Round3,Q1,122,61.0,EMIRATES,0.8751,781.8,612.5,218.0,85.5,1920,1080,0.899,890.8,655.3
Round3,Q1,122,61.0,EMIRATES,0.5249,1892.9,482.9,27.1,62.6,1920,1080,0.082,1906.4,514.2
Round3,Q1,123,61.5,EMIRATES,0.8656,816.6,589.9,216.1,80.5,1920,1080,0.839,924.7,630.1
Round3,Q1,123,61.5,EMIRATES,0.7389,1877.1,467.2,42.9,55.3,1920,1080,0.114,1898.5,494.8
Round3,Q1,124,62.0,EMIRATES,0.8825,826.2,584.6,201.2,68.2,1920,1080,0.662,926.8,618.7
Round3,Q1,124,62.0,EMIRATES,0.8101,1855.4,466.3,64.6,63.6,1920,1080,0.198,1887.7,498.1
Round3,Q1,125,62.5,EMIRATES,0.8883,751.3,601.2,203.2,65.4,1920,1080,0.641,852.9,633.9
Round3,Q1,125,62.5,EMIRATES,0.8802,1836.2,469.1,83.5,67.9,1920,1080,0.273,1877.9,503.0
Round3,Q1,126,63.0,EMIRATES,0.8914,623.9,559.5,186.8,61.8,1920,1080,0.556,717.3,590.4
Round3,Q1,126,63.0,EMIRATES,0.8848,1763.0,444.3,156.5,63.2,1920,1080,0.477,1841.2,475.9
Round3,Q1,126,63.0,EMIRATES,0.5108,1237.9,723.2,133.5,48.7,1920,1080,0.313,1304.7,747.5
Round3,Q1,127,63.5,EMIRATES,0.8862,1182.5,715.2,172.1,55.2,1920,1080,0.458,1268.6,742.7
Round3,Q1,127,63.5,EMIRATES,0.8711,1760.1,445.9,159.9,54.3,1920,1080,0.419,1840.0,473.0
Round3,Q1,127,63.5,EMIRATES,0.8313,632.9,550.3,191.7,60.2,1920,1080,0.556,728.8,580.4
Round3,Q1,127,63.5,EMIRATES,0.7898,99.2,720.4,188.5,71.8,1920,1080,0.652,193.4,756.3
Round3,Q1,128,64.0,EMIRATES,0.9053,1704.2,473.9,203.9,58.1,1920,1080,0.571,1806.2,502.9
Round3,Q1,128,64.0,EMIRATES,0.8813,1182.9,705.0,180.5,50.7,1920,1080,0.442,1273.2,730.4
Round3,Q1,128,64.0,EMIRATES,0.8596,0.0,731.8,212.9,51.8,1920,1080,0.531,106.5,757.6
Round3,Q1,129,64.5,EMIRATES,0.8899,640.8,508.9,143.4,61.4,1920,1080,0.425,712.5,539.6
Round3,Q1,129,64.5,EMIRATES,0.8875,1351.6,648.0,193.3,54.9,1920,1080,0.512,1448.3,675.4
Round3,Q1,129,64.5,EMIRATES,0.8743,1833.5,443.9,86.5,60.3,1920,1080,0.251,1876.8,474.0
Round3,Q1,129,64.5,EMIRATES,0.8649,56.4,542.8,198.4,54.6,1920,1080,0.523,155.6,570.1
Round3,Q1,129,64.5,EMIRATES,0.7923,0.0,656.7,69.4,53.9,1920,1080,0.18,34.7,683.7
Round3,Q1,129,64.5,EMIRATES,0.6047,809.7,531.6,180.2,49.5,1920,1080,0.43,899.8,556.3
Round3,Q1,130,65.0,EMIRATES,0.8811,1660.0,627.3,173.8,53.4,1920,1080,0.448,1746.9,653.9
Round3,Q1,130,65.0,EMIRATES,0.8751,1118.8,516.9,196.7,52.4,1920,1080,0.497,1217.2,543.1
Round3,Q1,130,65.0,EMIRATES,0.8732,810.9,518.0,196.3,58.4,1920,1080,0.553,909.1,547.2
Round3,Q1,130,65.0,EMIRATES,0.8166,569.8,548.8,131.1,57.9,1920,1080,0.366,635.4,577.7
Round3,Q1,130,65.0,EMIRATES,0.8155,1.0,659.0,108.8,45.3,1920,1080,0.238,55.4,681.7
Round3,Q1,130,65.0,EMIRATES,0.7924,238.1,728.0,73.7,46.5,1920,1080,0.165,274.9,751.2
Round3,Q1,131,65.5,EMIRATES,0.8973,1127.9,515.1,167.3,51.3,1920,1080,0.414,1211.6,540.8
Round3,Q1,131,65.5,EMIRATES,0.8919,1764.4,642.8,152.9,61.3,1920,1080,0.452,1840.9,673.4
Round3,Q1,131,65.5,EMIRATES,0.8562,8.5,581.8,170.8,40.7,1920,1080,0.335,93.9,602.1
Round3,Q1,132,66.0,EMIRATES,0.8819,13.9,647.5,194.3,52.1,1920,1080,0.488,111.1,673.6
Round3,Q1,132,66.0,EMIRATES,0.5867,567.4,613.6,65.0,51.3,1920,1080,0.161,599.9,639.3
Round3,Q1,141,70.5,EMIRATES,0.9087,443.0,807.8,73.8,35.8,1920,1080,0.127,479.9,825.7
Round3,Q1,141,70.5,EMIRATES,0.8944,1802.4,1024.8,115.2,37.7,1920,1080,0.209,1860.0,1043.6
Round3,Q1,141,70.5,EMIRATES,0.8856,811.3,371.4,123.6,40.3,1920,1080,0.24,873.1,391.5
Round3,Q1,141,70.5,EMIRATES,0.8856,1560.8,429.7,70.8,33.6,1920,1080,0.115,1596.2,446.5
Round3,Q1,141,70.5,EMIRATES,0.8767,1379.0,733.8,93.2,32.9,1920,1080,0.148,1425.6,750.3
Round3,Q1,142,71.0,EMIRATES,0.9092,329.6,850.9,71.8,40.7,1920,1080,0.141,365.5,871.3
Round3,Q1,142,71.0,EMIRATES,0.8941,64.0,764.7,106.5,39.1,1920,1080,0.201,117.3,784.3
Round3,Q1,142,71.0,EMIRATES,0.892,759.9,346.6,65.9,35.4,1920,1080,0.113,792.9,364.3
Round3,Q1,142,71.0,EMIRATES,0.8861,1000.1,622.7,57.6,55.6,1920,1080,0.154,1029.0,650.5
Round3,Q1,142,71.0,EMIRATES,0.6796,744.1,917.7,70.5,36.9,1920,1080,0.125,779.3,936.1
Round3,Q1,142,71.0,EMIRATES,0.5191,1430.3,674.9,78.1,33.9,1920,1080,0.128,1469.4,691.9
Round3,Q1,142,71.0,EMIRATES,0.4554,1145.7,371.4,61.1,38.5,1920,1080,0.113,1176.3,390.7
Round3,Q1,143,71.5,EMIRATES,0.9053,1085.4,347.4,85.1,36.9,1920,1080,0.151,1128.0,365.9
Round3,Q1,143,71.5,EMIRATES,0.8939,1717.4,694.9,108.8,35.8,1920,1080,0.188,1771.8,712.8
Round3,Q1,143,71.5,EMIRATES,0.8517,912.3,356.8,47.0,43.4,1920,1080,0.098,935.7,378.5
Round3,Q1,143,71.5,EMIRATES,0.7778,95.0,792.0,65.5,34.9,1920,1080,0.11,127.7,809.4
Round3,Q1,143,71.5,EMIRATES,0.5694,1.9,956.7,87.5,59.6,1920,1080,0.251,45.7,986.4
Round3,Q1,143,71.5,EMIRATES,0.5083,810.0,669.0,38.6,38.1,1920,1080,0.071,829.2,688.0
Round3,Q1,144,72.0,EMIRATES,0.8989,949.3,347.8,106.9,37.6,1920,1080,0.194,1002.8,366.6
Round3,Q1,144,72.0,EMIRATES,0.8092,1885.0,518.2,34.8,35.9,1920,1080,0.06,1902.5,536.2
Round3,Q1,144,72.0,EMIRATES,0.5799,0.0,901.3,39.8,33.6,1920,1080,0.064,19.9,918.1
Round3,Q1,145,72.5,EMIRATES,0.8955,1145.0,475.7,120.0,41.6,1920,1080,0.241,1205.0,496.5
Round3,Q1,145,72.5,EMIRATES,0.8917,836.4,367.4,120.3,41.6,1920,1080,0.241,896.5,388.2
Round3,Q1,146,73.0,EMIRATES,0.8892,0.0,778.9,66.0,45.2,1920,1080,0.144,33.0,801.5
Round3,Q1,146,73.0,EMIRATES,0.8858,1015.3,998.2,80.1,61.8,1920,1080,0.239,1055.3,1029.1
Round3,Q1,146,73.0,EMIRATES,0.8468,863.6,494.3,45.7,55.4,1920,1080,0.122,886.4,522.0
Round3,Q1,147,73.5,EMIRATES,0.8894,1088.0,928.8,77.1,51.6,1920,1080,0.192,1126.6,954.6
Round3,Q1,148,74.0,EMIRATES,0.8835,1788.2,1007.8,89.9,51.2,1920,1080,0.222,1833.2,1033.3
Round3,Q1,148,74.0,EMIRATES,0.8678,830.7,554.9,76.7,68.7,1920,1080,0.254,869.0,589.2
Round3,Q1,148,74.0,EMIRATES,0.7521,1105.3,443.8,150.0,64.0,1920,1080,0.463,1180.3,475.8
Round3,Q1,149,74.5,EMIRATES,0.8752,1180.1,981.0,85.3,62.4,1920,1080,0.256,1222.7,1012.1
Round3,Q1,149,74.5,EMIRATES,0.8482,185.1,504.4,69.9,64.3,1920,1080,0.217,220.1,536.6
Round3,Q1,149,74.5,EMIRATES,0.8254,1111.0,440.0,152.7,51.5,1920,1080,0.379,1187.3,465.7
Round3,Q1,150,75.0,EMIRATES,0.8811,356.6,966.0,94.7,55.8,1920,1080,0.255,404.0,993.9
Round3,Q1,150,75.0,EMIRATES,0.8523,1033.6,411.9,156.3,54.9,1920,1080,0.414,1111.8,439.3
Round3,Q1,152,76.0,EMIRATES,0.8694,1024.5,492.4,142.4,54.9,1920,1080,0.377,1095.7,519.8
Round3,Q1,153,76.5,EMIRATES,0.9031,960.0,503.0,117.8,46.7,1920,1080,0.265,1018.8,526.3
Round3,Q1,154,77.0,EMIRATES,0.8898,1036.9,517.3,108.1,61.6,1920,1080,0.321,1090.9,548.1
Round3,Q1,165,82.5,EMIRATES,0.7129,1190.3,621.6,71.4,42.6,1920,1080,0.147,1226.0,642.9
Round3,Q1,170,85.0,EMIRATES,0.8995,739.0,465.4,46.8,16.2,1920,1080,0.036,762.4,473.5
Round3,Q1,170,85.0,EMIRATES,0.8966,523.2,388.7,46.1,15.7,1920,1080,0.035,546.3,396.6
Round3,Q1,170,85.0,EMIRATES,0.8944,1117.0,415.0,49.1,16.0,1920,1080,0.038,1141.5,423.0
Round3,Q1,170,85.0,EMIRATES,0.8817,673.0,405.9,39.7,19.9,1920,1080,0.038,692.8,415.8
Round3,Q1,170,85.0,EMIRATES,0.5505,1403.0,412.4,23.5,15.0,1920,1080,0.017,1414.8,419.9
Round3,Q1,171,85.5,EMIRATES,0.8937,1458.8,411.0,47.3,15.0,1920,1080,0.034,1482.5,418.5
Round3,Q1,171,85.5,EMIRATES,0.8875,523.1,363.1,53.6,16.2,1920,1080,0.042,549.9,371.2
Round3,Q1,171,85.5,EMIRATES,0.884,1138.9,414.0,47.8,16.9,1920,1080,0.039,1162.8,422.5
Round3,Q1,171,85.5,EMIRATES,0.8832,703.8,424.0,46.4,17.2,1920,1080,0.038,727.0,432.6
Round3,Q1,172,86.0,EMIRATES,0.8937,725.8,344.4,44.1,15.6,1920,1080,0.033,747.8,352.2
Round3,Q1,172,86.0,EMIRATES,0.8912,531.7,336.9,43.3,16.3,1920,1080,0.034,553.3,345.1
Round3,Q1,172,86.0,EMIRATES,0.8845,647.5,424.3,49.8,16.5,1920,1080,0.04,672.3,432.6
Round3,Q1,172,86.0,EMIRATES,0.8826,1496.7,377.3,50.5,17.2,1920,1080,0.042,1521.9,385.9
Round3,Q1,172,86.0,EMIRATES,0.8805,1145.4,369.6,51.2,20.8,1920,1080,0.051,1171.0,380.0
Round3,Q1,173,86.5,EMIRATES,0.9026,1493.5,352.8,47.2,14.4,1920,1080,0.033,1517.2,360.0
Round3,Q1,173,86.5,EMIRATES,0.8991,1139.5,357.7,47.4,15.3,1920,1080,0.035,1163.2,365.3
Round3,Q1,173,86.5,EMIRATES,0.8894,641.0,426.7,50.0,19.7,1920,1080,0.047,666.0,436.5
Round3,Q1,173,86.5,EMIRATES,0.8833,766.9,347.0,45.8,18.2,1920,1080,0.04,789.8,356.1
Round3,Q1,174,87.0,EMIRATES,0.8992,1499.5,357.8,45.9,16.3,1920,1080,0.036,1522.5,365.9
Round3,Q1,174,87.0,EMIRATES,0.8991,1168.6,390.4,47.0,16.5,1920,1080,0.037,1192.1,398.7
Round3,Q1,174,87.0,EMIRATES,0.8966,666.1,409.4,44.0,15.2,1920,1080,0.032,688.1,417.0
Round3,Q1,174,87.0,EMIRATES,0.8895,870.7,352.0,41.3,15.2,1920,1080,0.03,891.4,359.6
Round3,Q1,174,87.0,EMIRATES,0.8784,708.0,353.8,39.0,14.2,1920,1080,0.027,727.5,360.9
Round3,Q1,175,87.5,EMIRATES,0.8932,1483.9,326.6,44.6,13.2,1920,1080,0.028,1506.2,333.2
Round3,Q1,175,87.5,EMIRATES,0.8832,1181.0,371.2,46.7,19.5,1920,1080,0.044,1204.4,381.0
Round3,Q1,175,87.5,EMIRATES,0.883,678.4,427.8,46.6,16.1,1920,1080,0.036,701.7,435.8
Round3,Q1,175,87.5,EMIRATES,0.8816,778.1,318.5,39.3,15.3,1920,1080,0.029,797.7,326.2
Round3,Q1,175,87.5,EMIRATES,0.879,961.9,316.0,37.0,15.2,1920,1080,0.027,980.4,323.6
Round3,Q1,176,88.0,EMIRATES,0.8953,1222.5,358.0,41.0,13.4,1920,1080,0.027,1243.1,364.7
Round3,Q1,176,88.0,EMIRATES,0.8941,733.2,405.7,40.4,13.7,1920,1080,0.027,753.4,412.6
Round3,Q1,176,88.0,EMIRATES,0.893,1058.4,321.9,38.1,14.3,1920,1080,0.026,1077.5,329.0
Round3,Q1,176,88.0,EMIRATES,0.8863,1486.8,322.2,32.3,12.9,1920,1080,0.02,1503.0,328.7
Round3,Q1,176,88.0,EMIRATES,0.864,885.1,327.1,40.9,13.9,1920,1080,0.027,905.5,334.1
Round3,Q1,176,88.0,EMIRATES,0.7393,39.4,282.7,42.6,13.6,1920,1080,0.028,60.7,289.5
Round3,Q1,177,88.5,EMIRATES,0.8958,1143.7,324.1,34.4,11.9,1920,1080,0.02,1160.9,330.0
Round3,Q1,177,88.5,EMIRATES,0.8892,808.0,427.2,36.4,12.4,1920,1080,0.022,826.2,433.4
Round3,Q1,177,88.5,EMIRATES,0.8843,1279.6,389.6,39.5,14.0,1920,1080,0.027,1299.3,396.6
Round3,Q1,177,88.5,EMIRATES,0.8832,1492.4,319.1,31.0,11.8,1920,1080,0.018,1508.0,325.0
Round3,Q1,177,88.5,EMIRATES,0.8599,996.6,317.0,35.9,12.6,1920,1080,0.022,1014.6,323.3
Round3,Q1,178,89.0,EMIRATES,0.8865,1301.9,382.6,36.3,14.8,1920,1080,0.026,1320.1,390.0
Round3,Q1,178,89.0,EMIRATES,0.8534,1465.2,309.0,31.0,11.1,1920,1080,0.017,1480.7,314.6
Round3,Q1,178,89.0,EMIRATES,0.8372,1198.0,307.3,29.3,10.9,1920,1080,0.015,1212.6,312.8
Round3,Q1,178,89.0,EMIRATES,0.8199,872.3,415.8,30.0,11.6,1920,1080,0.017,887.3,421.6
Round3,Q1,178,89.0,EMIRATES,0.7782,1083.5,315.3,28.2,11.1,1920,1080,0.015,1097.5,320.9
Round3,Q1,179,89.5,EMIRATES,0.8376,920.9,436.2,34.3,11.9,1920,1080,0.02,938.1,442.1
Round3,Q1,179,89.5,EMIRATES,0.8361,1320.0,391.5,34.4,10.8,1920,1080,0.018,1337.2,396.9
Round3,Q1,179,89.5,EMIRATES,0.7569,1445.5,323.2,26.1,10.4,1920,1080,0.013,1458.5,328.4
Round3,Q1,179,89.5,EMIRATES,0.7422,1129.2,337.4,29.2,10.9,1920,1080,0.015,1143.8,342.8
Round3,Q1,179,89.5,EMIRATES,0.7067,1232.9,322.6,28.0,10.5,1920,1080,0.014,1246.9,327.8
Round3,Q1,179,89.5,EMIRATES,0.3424,639.9,322.3,33.0,11.3,1920,1080,0.018,656.4,327.9
Round3,Q1,180,90.0,EMIRATES,0.8574,1346.7,435.1,31.8,10.7,1920,1080,0.016,1362.6,440.5
Round3,Q1,180,90.0,EMIRATES,0.8159,979.2,445.5,30.0,10.9,1920,1080,0.016,994.1,451.0
Round3,Q1,180,90.0,EMIRATES,0.7909,1166.3,334.2,26.7,8.7,1920,1080,0.011,1179.7,338.6
Round3,Q1,180,90.0,EMIRATES,0.7845,1278.1,345.9,25.7,9.7,1920,1080,0.012,1290.9,350.8
Round3,Q1,180,90.0,EMIRATES,0.7583,1442.0,329.5,25.6,9.5,1920,1080,0.012,1454.8,334.3
Round3,Q1,180,90.0,EMIRATES,0.6977,62.9,2.8,30.8,108.7,1920,1080,0.162,78.4,57.1
Round3,Q1,180,90.0,EMIRATES,0.6615,771.8,327.3,25.9,9.9,1920,1080,0.012,784.8,332.2
Round3,Q1,180,90.0,EMIRATES,0.5786,657.5,1.3,25.0,111.6,1920,1080,0.135,670.0,57.1
Round3,Q1,181,90.5,EMIRATES,0.8014,1358.8,434.5,29.9,11.7,1920,1080,0.017,1373.8,440.4
Round3,Q1,181,90.5,EMIRATES,0.786,743.3,7.6,24.4,122.6,1920,1080,0.145,755.5,68.8
Round3,Q1,181,90.5,EMIRATES,0.7467,1027.9,453.6,27.3,10.4,1920,1080,0.014,1041.5,458.8
Round3,Q1,181,90.5,EMIRATES,0.6438,853.1,352.0,27.5,10.1,1920,1080,0.013,866.9,357.1
Round3,Q1,181,90.5,EMIRATES,0.5554,201.5,5.1,27.7,123.2,1920,1080,0.164,215.3,66.7
Round3,Q1,181,90.5,EMIRATES,0.5208,1436.7,335.3,24.2,8.9,1920,1080,0.01,1448.8,339.7
Round3,Q1,182,91.0,EMIRATES,0.8138,829.5,29.4,22.9,112.9,1920,1080,0.125,841.0,85.9
Round3,Q1,182,91.0,EMIRATES,0.6842,1061.8,477.5,27.5,9.9,1920,1080,0.013,1075.5,482.4
Round3,Q1,182,91.0,EMIRATES,0.5327,939.9,358.2,25.4,9.5,1920,1080,0.012,952.6,362.9
Round3,Q1,182,91.0,EMIRATES,0.5184,1383.8,441.5,28.2,9.2,1920,1080,0.013,1397.9,446.2
Round3,Q1,182,91.0,EMIRATES,0.499,329.6,25.4,24.5,112.6,1920,1080,0.133,341.8,81.7
Round3,Q1,183,91.5,EMIRATES,0.7795,907.1,30.7,22.0,107.7,1920,1080,0.114,918.1,84.6
Round3,Q1,183,91.5,EMIRATES,0.6866,1430.3,459.8,26.9,10.6,1920,1080,0.014,1443.8,465.1
Round3,Q1,183,91.5,EMIRATES,0.5567,1094.9,461.7,25.5,8.4,1920,1080,0.01,1107.6,465.9
Round3,Q1,183,91.5,EMIRATES,0.3409,1489.4,329.6,22.8,8.0,1920,1080,0.009,1500.8,333.6
Round3,Q1,184,92.0,EMIRATES,0.7961,968.3,20.3,21.2,101.8,1920,1080,0.104,978.9,71.3
Round3,Q1,184,92.0,EMIRATES,0.7865,62.2,8.6,22.3,107.6,1920,1080,0.115,73.3,62.4
Round3,Q1,184,92.0,EMIRATES,0.526,521.7,15.4,22.3,104.0,1920,1080,0.112,532.8,67.4
Round3,Q1,184,92.0,EMIRATES,0.3462,1448.7,443.1,26.3,11.8,1920,1080,0.015,1461.8,449.0
Round3,Q1,184,92.0,EMIRATES,0.3308,1335.4,327.0,22.0,7.9,1920,1080,0.008,1346.4,330.9
Round3,Q1,185,92.5,EMIRATES,0.7264,142.0,3.0,21.0,89.8,1920,1080,0.091,152.5,47.8
Round3,Q1,185,92.5,EMIRATES,0.6742,581.3,3.3,19.9,90.6,1920,1080,0.087,591.2,48.6
Round3,Q1,185,92.5,EMIRATES,0.5737,1008.3,3.0,19.7,90.4,1920,1080,0.086,1018.2,48.2
Round3,Q1,186,93.0,EMIRATES,0.6454,216.2,2.8,19.3,69.8,1920,1080,0.065,225.8,37.7
Round3,Q1,186,93.0,EMIRATES,0.5113,1046.7,0.8,18.5,76.8,1920,1080,0.068,1055.9,39.2
Round3,Q1,187,93.5,EMIRATES,0.6943,274.9,1.9,17.9,61.4,1920,1080,0.053,283.9,32.6
Round3,Q1,187,93.5,EMIRATES,0.6474,1132.3,422.7,23.6,8.3,1920,1080,0.009,1144.1,426.9
Round3,Q1,187,93.5,EMIRATES,0.4443,1073.5,2.8,17.3,65.1,1920,1080,0.054,1082.1,35.4
Round3,Q1,188,94.0,EMIRATES,0.7504,1093.5,3.2,16.3,61.0,1920,1080,0.048,1101.6,33.7
Round3,Q1,188,94.0,EMIRATES,0.6794,323.5,2.1,17.1,57.3,1920,1080,0.047,332.0,30.8
Round3,Q1,188,94.0,EMIRATES,0.318,1123.4,406.6,23.2,8.7,1920,1080,0.01,1135.0,410.9
Round3,Q1,188,94.0,EMIRATES,0.3015,1379.7,262.3,19.8,7.9,1920,1080,0.008,1389.6,266.2
Round3,Q1,189,94.5,EMIRATES,0.7034,1109.8,1.3,16.3,50.8,1920,1080,0.04,1118.0,26.8
Round3,Q1,189,94.5,EMIRATES,0.6108,359.9,0.8,16.9,45.9,1920,1080,0.037,368.4,23.7
Round3,Q1,189,94.5,EMIRATES,0.4828,1113.6,406.2,23.2,8.2,1920,1080,0.009,1125.1,410.3
Round3,Q1,190,95.0,EMIRATES,0.8922,996.6,210.4,118.5,43.5,1920,1080,0.249,1055.9,232.1
Round3,Q1,192,96.0,EMIRATES,0.8975,250.3,75.0,124.3,37.8,1920,1080,0.226,312.4,93.9
Round3,Q1,192,96.0,EMIRATES,0.8921,32.1,429.7,105.6,36.0,1920,1080,0.183,84.9,447.7
Round3,Q1,193,96.5,EMIRATES,0.9,207.9,441.5,100.1,39.0,1920,1080,0.188,258.0,461.0
Round3,Q1,193,96.5,EMIRATES,0.8993,1509.0,217.7,103.5,37.1,1920,1080,0.185,1560.7,236.3
Round3,Q1,193,96.5,EMIRATES,0.8891,366.2,34.9,101.4,36.4,1920,1080,0.178,416.9,53.1
Round3,Q1,194,97.0,EMIRATES,0.9063,1683.5,210.7,101.0,34.2,1920,1080,0.167,1734.0,227.8
Round3,Q1,194,97.0,EMIRATES,0.872,546.4,477.1,76.0,37.1,1920,1080,0.136,584.4,495.7
Round3,Q1,194,97.0,EMIRATES,0.8574,761.7,25.5,98.5,34.1,1920,1080,0.162,811.0,42.5
Round3,Q1,195,97.5,EMIRATES,0.8793,1436.5,17.5,86.6,36.9,1920,1080,0.154,1479.8,35.9
Round3,Q1,195,97.5,EMIRATES,0.3536,1121.8,1005.8,190.4,70.8,1920,1080,0.65,1217.1,1041.2
Round3,Q1,196,98.0,EMIRATES,0.697,1106.2,268.6,69.8,38.6,1920,1080,0.13,1141.1,287.9
Round3,Q1,197,98.5,EMIRATES,0.7678,1212.7,317.9,63.5,54.8,1920,1080,0.168,1244.5,345.3
Round3,Q1,198,99.0,EMIRATES,0.8882,1035.2,444.5,58.5,49.9,1920,1080,0.141,1064.4,469.4
Round3,Q1,199,99.5,EMIRATES,0.895,1224.3,397.8,101.0,33.6,1920,1080,0.164,1274.8,414.6
Round3,Q1,200,100.0,EMIRATES,0.8902,1351.4,435.8,87.1,28.7,1920,1080,0.12,1395.0,450.1
Round3,Q1,201,100.5,EMIRATES,0.9018,1234.0,434.0,108.8,28.6,1920,1080,0.15,1288.4,448.3
Round3,Q1,202,101.0,EMIRATES,0.8993,998.7,442.4,85.2,31.6,1920,1080,0.13,1041.3,458.2
Round3,Q1,203,101.5,EMIRATES,0.9038,972.9,417.7,59.7,33.9,1920,1080,0.098,1002.8,434.7
Round3,Q1,204,102.0,EMIRATES,0.9064,1066.0,404.2,78.4,31.0,1920,1080,0.117,1105.2,419.7
Round3,Q1,205,102.5,EMIRATES,0.9082,1076.6,392.0,109.1,32.8,1920,1080,0.173,1131.1,408.5
Round3,Q1,207,103.5,EMIRATES,0.3676,1843.9,290.9,75.8,115.6,1920,1080,0.423,1881.8,348.7
Round3,Q1,208,104.0,EMIRATES,0.8859,0.1,421.0,207.6,107.5,1920,1080,1.076,103.9,474.7
Round3,Q1,209,104.5,EMIRATES,0.6727,526.6,434.0,74.7,67.8,1920,1080,0.244,564.0,467.9
Round3,Q1,211,105.5,EMIRATES,0.3425,699.1,433.7,69.5,102.4,1920,1080,0.343,733.8,484.9
Round3,Q1,212,106.0,EMIRATES,0.8459,521.5,448.5,117.8,66.0,1920,1080,0.375,580.4,481.5
Round3,Q1,213,106.5,EMIRATES,0.8893,478.0,446.8,182.9,104.7,1920,1080,0.924,569.5,499.1
Round3,Q1,215,107.5,EMIRATES,0.916,508.8,600.6,110.5,44.4,1920,1080,0.237,564.0,622.8
Round3,Q1,216,108.0,EMIRATES,0.915,528.9,575.2,116.2,40.7,1920,1080,0.228,587.0,595.5
Round3,Q1,217,108.5,EMIRATES,0.8993,599.3,470.4,114.2,48.2,1920,1080,0.266,656.4,494.5
Round3,Q1,218,109.0,EMIRATES,0.9133,534.6,494.1,122.5,42.5,1920,1080,0.251,595.9,515.4
Round3,Q1,219,109.5,EMIRATES,0.4647,528.5,496.0,21.3,44.2,1920,1080,0.045,539.1,518.1
Round3,Q1,221,110.5,EMIRATES,0.8554,256.9,349.6,72.6,79.3,1920,1080,0.278,293.2,389.2
Round3,Q1,222,111.0,EMIRATES,0.8791,373.0,378.7,65.5,40.8,1920,1080,0.129,405.8,399.1
Round3,Q1,223,111.5,EMIRATES,0.87,537.2,451.1,83.7,47.0,1920,1080,0.19,579.1,474.6
Round3,Q1,224,112.0,EMIRATES,0.8605,364.3,441.7,82.7,32.9,1920,1080,0.131,405.6,458.2
Round3,Q1,225,112.5,EMIRATES,0.8283,386.3,420.0,62.5,16.3,1920,1080,0.049,417.5,428.1
Round3,Q1,234,117.0,EMIRATES,0.443,370.9,638.2,17.5,8.5,1920,1080,0.007,379.7,642.4
Round3,Q1,234,117.0,EMIRATES,0.3713,1506.2,729.7,15.2,8.3,1920,1080,0.006,1513.8,733.9
Round3,Q1,235,117.5,EMIRATES,0.6369,1433.5,726.0,19.8,9.2,1920,1080,0.009,1443.4,730.6
Round3,Q1,236,118.0,EMIRATES,0.7879,1401.5,603.7,23.6,11.4,1920,1080,0.013,1413.3,609.4
Round3,Q1,236,118.0,EMIRATES,0.7785,165.2,494.1,19.1,10.1,1920,1080,0.009,174.7,499.2
Round3,Q1,237,118.5,EMIRATES,0.8916,286.9,497.3,41.0,16.9,1920,1080,0.033,307.3,505.8
Round3,Q1,237,118.5,EMIRATES,0.378,1445.9,656.5,23.7,14.5,1920,1080,0.017,1457.8,663.7
Round3,Q1,238,119.0,EMIRATES,0.8755,488.1,543.0,48.9,21.7,1920,1080,0.051,512.5,553.9
Round3,Q1,238,119.0,EMIRATES,0.6769,1712.3,665.6,35.9,12.0,1920,1080,0.021,1730.2,671.6
Round3,Q1,239,119.5,EMIRATES,0.8839,1340.6,467.4,53.6,17.3,1920,1080,0.045,1367.4,476.0
Round3,Q1,239,119.5,EMIRATES,0.8747,1867.8,654.1,52.2,20.3,1920,1080,0.051,1893.9,664.2
Round3,Q1,239,119.5,EMIRATES,0.8509,700.2,578.7,41.2,13.3,1920,1080,0.026,720.8,585.4
Round3,Q1,244,122.0,EMIRATES,0.8878,1662.0,300.8,44.1,16.4,1920,1080,0.035,1684.1,309.0
Round3,Q1,244,122.0,EMIRATES,0.8689,1281.4,373.6,49.8,14.2,1920,1080,0.034,1306.2,380.7
Round3,Q1,245,122.5,EMIRATES,0.8866,1600.1,397.2,42.6,15.3,1920,1080,0.031,1621.4,404.8
Round3,Q1,245,122.5,EMIRATES,0.8529,1162.0,365.8,37.3,12.2,1920,1080,0.022,1180.7,371.9
Round3,Q1,246,123.0,EMIRATES,0.8834,1421.1,446.3,40.6,13.2,1920,1080,0.026,1441.3,452.9
Round3,Q1,246,123.0,EMIRATES,0.7692,1180.1,428.5,25.3,15.9,1920,1080,0.019,1192.8,436.4
Round3,Q1,247,123.5,EMIRATES,0.8849,1281.4,418.2,36.8,14.4,1920,1080,0.026,1299.8,425.4
Round3,Q1,248,124.0,EMIRATES,0.8989,1241.5,239.0,40.9,13.8,1920,1080,0.027,1262.0,246.0
Round3,Q1,248,124.0,EMIRATES,0.8783,1105.8,351.9,45.2,21.6,1920,1080,0.047,1128.4,362.7
Round3,Q1,273,136.5,EMIRATES,0.8809,995.7,413.7,47.8,19.2,1920,1080,0.044,1019.6,423.3
Round3,Q1,275,137.5,EMIRATES,0.8828,1445.0,638.7,44.7,24.7,1920,1080,0.053,1467.4,651.0
Round3,Q1,276,138.0,EMIRATES,0.8501,982.8,688.9,60.5,22.3,1920,1080,0.065,1013.1,700.0
Round3,Q1,277,138.5,EMIRATES,0.8262,495.2,637.3,50.4,11.9,1920,1080,0.029,520.4,643.2
Round3,Q1,278,139.0,EMIRATES,0.8727,17.7,550.6,53.9,16.2,1920,1080,0.042,44.6,558.7
Round3,Q1,284,142.0,EMIRATES,0.8881,1304.9,1.3,156.9,33.8,1920,1080,0.256,1383.4,18.2
Round3,Q1,284,142.0,EMIRATES,0.8398,929.2,586.1,102.3,45.8,1920,1080,0.226,980.4,609.1
Round3,Q1,285,142.5,EMIRATES,0.8736,888.8,4.8,205.1,59.0,1920,1080,0.584,991.4,34.3
Round3,Q1,285,142.5,EMIRATES,0.7842,1240.4,156.6,54.9,51.0,1920,1080,0.135,1267.8,182.1
Round3,Q1,288,144.0,EMIRATES,0.9015,553.1,446.6,83.4,23.8,1920,1080,0.096,594.7,458.4
Round3,Q1,288,144.0,EMIRATES,0.8797,781.5,343.6,98.1,34.8,1920,1080,0.165,830.5,361.0
Round3,Q1,289,144.5,EMIRATES,0.9013,640.7,560.0,64.9,21.5,1920,1080,0.067,673.1,570.8
Round3,Q1,289,144.5,EMIRATES,0.8761,872.4,446.7,74.9,28.0,1920,1080,0.101,909.9,460.7
Round3,Q1,290,145.0,EMIRATES,0.8869,665.6,618.8,49.4,13.8,1920,1080,0.033,690.3,625.7
Round3,Q1,290,145.0,EMIRATES,0.8405,881.8,544.7,52.1,22.6,1920,1080,0.057,907.8,556.0
Round3,Q1,291,145.5,EMIRATES,0.8671,1103.2,681.7,26.9,15.9,1920,1080,0.021,1116.7,689.6
Round3,Q1,291,145.5,EMIRATES,0.6958,721.6,691.1,33.4,11.5,1920,1080,0.019,738.3,696.9
Round3,Q1,292,146.0,EMIRATES,0.8206,998.8,717.1,32.6,9.1,1920,1080,0.014,1015.1,721.6
Round3,Q1,292,146.0,EMIRATES,0.7229,1068.0,721.9,24.6,9.2,1920,1080,0.011,1080.3,726.5
Round3,Q1,292,146.0,EMIRATES,0.4339,810.3,728.2,29.0,9.8,1920,1080,0.014,824.8,733.1
Round3,Q1,293,146.5,EMIRATES,0.8891,1506.4,446.5,51.4,32.5,1920,1080,0.081,1532.1,462.7
Round3,Q1,293,146.5,EMIRATES,0.7126,919.6,430.5,29.0,39.2,1920,1080,0.055,934.1,450.1
Round3,Q1,294,147.0,EMIRATES,0.841,772.6,422.4,29.3,32.1,1920,1080,0.045,787.2,438.4
Round3,Q1,295,147.5,EMIRATES,0.8166,646.1,380.5,24.7,29.6,1920,1080,0.035,658.4,395.3
Round3,Q1,295,147.5,EMIRATES,0.7523,1425.0,385.0,23.3,32.7,1920,1080,0.037,1436.6,401.3
Round3,Q1,296,148.0,EMIRATES,0.4424,559.6,348.4,14.6,31.5,1920,1080,0.022,566.9,364.2
Round3,Q1,298,149.0,EMIRATES,0.8683,489.2,614.1,74.1,29.6,1920,1080,0.106,526.2,628.9
Round3,Q1,298,149.0,EMIRATES,0.3888,1641.8,870.5,43.9,15.2,1920,1080,0.032,1663.8,878.1
Round3,Q1,299,149.5,EMIRATES,0.8824,1645.0,866.4,37.4,16.0,1920,1080,0.029,1663.7,874.4
Round3,Q1,299,149.5,EMIRATES,0.8723,416.1,540.6,83.0,29.3,1920,1080,0.117,457.6,555.2
Round3,Q1,299,149.5,EMIRATES,0.7202,1777.3,906.8,30.7,18.0,1920,1080,0.027,1792.7,915.7
Round3,Q1,300,150.0,EMIRATES,0.8862,430.0,572.6,91.2,23.1,1920,1080,0.102,475.6,584.2
Round3,Q1,300,150.0,EMIRATES,0.699,1294.0,409.2,73.4,63.0,1920,1080,0.223,1330.6,440.7
Round3,Q1,301,150.5,EMIRATES,0.8784,432.3,612.0,89.1,24.0,1920,1080,0.103,476.9,624.0
Round3,Q1,301,150.5,EMIRATES,0.5235,1184.1,405.3,80.1,59.8,1920,1080,0.231,1224.2,435.2
Round3,Q1,302,151.0,EMIRATES,0.8995,1669.3,856.3,36.0,20.8,1920,1080,0.036,1687.3,866.7
Round3,Q1,302,151.0,EMIRATES,0.8878,371.0,603.1,80.6,24.3,1920,1080,0.095,411.3,615.3
Round3,Q1,302,151.0,EMIRATES,0.7151,862.9,763.8,66.6,42.3,1920,1080,0.136,896.2,784.9
Round3,Q1,303,151.5,EMIRATES,0.9011,1657.2,863.0,40.1,14.1,1920,1080,0.027,1677.3,870.1
Round3,Q1,303,151.5,EMIRATES,0.8698,355.6,624.0,82.0,23.6,1920,1080,0.093,396.6,635.8
Round3,Q1,304,152.0,EMIRATES,0.8955,1658.6,859.2,45.3,16.3,1920,1080,0.036,1681.3,867.4
Round3,Q1,304,152.0,EMIRATES,0.8428,304.1,885.5,84.8,25.0,1920,1080,0.102,346.5,898.0
Round3,Q1,305,152.5,EMIRATES,0.8777,1654.0,858.5,42.6,14.8,1920,1080,0.03,1675.3,865.9
Round3,Q1,305,152.5,EMIRATES,0.8309,292.7,874.3,77.1,23.3,1920,1080,0.087,331.2,886.0
Round3,Q1,306,153.0,EMIRATES,0.8929,1660.3,854.9,45.1,16.5,1920,1080,0.036,1682.9,863.1
Round3,Q1,307,153.5,EMIRATES,0.8953,1654.6,858.5,45.5,14.0,1920,1080,0.031,1677.3,865.5
Round3,Q1,308,154.0,EMIRATES,0.8733,1674.9,864.9,30.5,15.1,1920,1080,0.022,1690.2,872.4
Round3,Q1,309,154.5,EMIRATES,0.8812,1739.4,900.2,33.7,13.9,1920,1080,0.023,1756.3,907.2
Round3,Q1,310,155.0,EMIRATES,0.8871,1689.2,909.0,45.0,12.4,1920,1080,0.027,1711.7,915.2
Round3,Q1,311,155.5,EMIRATES,0.8924,1682.6,911.3,39.1,12.4,1920,1080,0.023,1702.1,917.5
Round3,Q1,312,156.0,EMIRATES,0.887,1706.7,914.8,43.7,12.9,1920,1080,0.027,1728.6,921.3
Round3,Q1,313,156.5,EMIRATES,0.8967,1710.4,913.1,42.9,13.9,1920,1080,0.029,1731.8,920.0
Round3,Q1,314,157.0,EMIRATES,0.8941,1700.5,906.3,46.9,15.8,1920,1080,0.036,1723.9,914.2
Round3,Q1,314,157.0,EMIRATES,0.7506,713.6,552.0,59.3,31.3,1920,1080,0.089,743.2,567.6
Round3,Q1,315,157.5,EMIRATES,0.8772,1668.1,901.7,45.2,13.2,1920,1080,0.029,1690.7,908.3
Round3,Q1,315,157.5,EMIRATES,0.675,704.5,537.6,61.4,21.6,1920,1080,0.064,735.1,548.5
Round3,Q1,316,158.0,EMIRATES,0.8917,1709.0,898.7,43.8,14.1,1920,1080,0.03,1730.9,905.7
Round3,Q1,317,158.5,EMIRATES,0.8879,1750.4,909.8,47.8,13.0,1920,1080,0.03,1774.3,916.3
Round3,Q1,318,159.0,EMIRATES,0.8903,1737.2,902.5,42.9,12.9,1920,1080,0.027,1758.6,908.9
Round3,Q1,319,159.5,EMIRATES,0.8902,1719.7,899.7,44.9,14.1,1920,1080,0.031,1742.1,906.8
Round3,Q1,320,160.0,EMIRATES,0.9018,1685.5,907.8,45.3,17.6,1920,1080,0.039,1708.1,916.6
Round3,Q1,321,160.5,EMIRATES,0.8894,1680.5,892.7,43.6,15.1,1920,1080,0.032,1702.3,900.2
Round3,Q1,322,161.0,EMIRATES,0.8874,1706.8,892.7,47.0,15.0,1920,1080,0.034,1730.3,900.2
Round3,Q1,323,161.5,EMIRATES,0.8939,1751.7,911.9,48.6,14.6,1920,1080,0.034,1776.1,919.2
Round3,Q1,325,162.5,EMIRATES,0.7291,1050.3,364.4,139.3,81.8,1920,1080,0.55,1120.0,405.3
Round3,Q1,326,163.0,EMIRATES,0.7937,948.6,278.1,149.6,62.9,1920,1080,0.454,1023.4,309.6
Round3,Q1,328,164.0,EMIRATES,0.8093,951.1,148.7,128.7,46.7,1920,1080,0.29,1015.4,172.0
Round3,Q1,329,164.5,EMIRATES,0.8177,951.6,136.3,130.5,42.4,1920,1080,0.267,1016.9,157.5
Round3,Q1,330,165.0,EMIRATES,0.8329,934.7,170.9,130.3,50.0,1920,1080,0.314,999.8,195.9
Round3,Q1,331,165.5,EMIRATES,0.3241,980.2,202.4,70.1,54.6,1920,1080,0.185,1015.3,229.7
Round3,Q1,332,166.0,EMIRATES,0.759,1019.1,495.0,84.4,47.3,1920,1080,0.192,1061.3,518.6
Round3,Q1,334,167.0,EMIRATES,0.9054,1053.0,418.5,120.8,41.0,1920,1080,0.239,1113.4,439.0
Round3,Q1,335,167.5,EMIRATES,0.9123,1069.9,408.2,123.7,39.8,1920,1080,0.238,1131.7,428.1
Round3,Q1,336,168.0,EMIRATES,0.9107,1093.2,451.3,130.4,38.7,1920,1080,0.243,1158.4,470.6
Round3,Q1,337,168.5,EMIRATES,0.9174,1104.3,469.1,133.2,38.0,1920,1080,0.244,1170.9,488.2
Round3,Q1,338,169.0,EMIRATES,0.9112,1139.1,449.8,132.6,37.7,1920,1080,0.241,1205.4,468.6
Round3,Q1,339,169.5,EMIRATES,0.9103,1134.7,414.1,118.1,35.0,1920,1080,0.199,1193.7,431.6
Round3,Q1,340,170.0,EMIRATES,0.9109,1138.6,364.3,109.1,30.9,1920,1080,0.162,1193.1,379.7
Round3,Q1,341,170.5,EMIRATES,0.9087,1171.8,364.4,103.3,28.3,1920,1080,0.141,1223.4,378.5
Round3,Q1,342,171.0,EMIRATES,0.9077,1158.5,373.8,92.8,27.7,1920,1080,0.124,1204.9,387.7
Round3,Q1,343,171.5,EMIRATES,0.9051,1141.6,330.8,88.2,27.0,1920,1080,0.115,1185.7,344.3
Round3,Q1,344,172.0,EMIRATES,0.8958,1122.4,333.0,80.8,24.1,1920,1080,0.094,1162.8,345.0
Round3,Q1,345,172.5,EMIRATES,0.8952,1142.8,334.3,76.2,22.9,1920,1080,0.084,1180.9,345.7
Round3,Q1,361,180.5,EMIRATES,0.8412,865.8,572.4,60.7,70.8,1920,1080,0.207,896.2,607.8
Round3,Q1,362,181.0,EMIRATES,0.8711,835.7,761.6,101.1,73.7,1920,1080,0.359,886.2,798.4
Round3,Q1,364,182.0,EMIRATES,0.6508,360.1,409.8,136.4,89.3,1920,1080,0.587,428.3,454.5
Round3,Q1,365,182.5,EMIRATES,0.8642,458.1,348.8,156.0,106.9,1920,1080,0.804,536.1,402.2
Round3,Q1,366,183.0,EMIRATES,0.8676,500.0,339.6,129.5,59.9,1920,1080,0.374,564.7,369.6
Round3,Q1,368,184.0,EMIRATES,0.8523,1053.1,798.7,89.8,85.7,1920,1080,0.371,1098.0,841.6
Round3,Q1,368,184.0,EMIRATES,0.7897,1485.1,438.4,206.5,92.1,1920,1080,0.918,1588.4,484.5
Round3,Q1,369,184.5,EMIRATES,0.6451,700.2,732.7,72.4,92.6,1920,1080,0.324,736.4,779.1
Round3,Q1,370,185.0,EMIRATES,0.9058,1590.0,722.3,182.8,56.2,1920,1080,0.496,1681.4,750.4
Round3,Q1,371,185.5,EMIRATES,0.8993,880.0,322.8,56.9,17.7,1920,1080,0.049,908.4,331.6
Round3,Q1,371,185.5,EMIRATES,0.8514,201.6,289.0,36.5,24.2,1920,1080,0.043,219.8,301.1
Round3,Q1,371,185.5,EMIRATES,0.8239,785.7,542.9,39.3,21.2,1920,1080,0.04,805.3,553.5
Round3,Q1,371,185.5,EMIRATES,0.3529,698.6,447.9,40.2,28.0,1920,1080,0.054,718.7,461.9
Round3,Q1,372,186.0,EMIRATES,0.8994,919.5,337.2,59.9,18.6,1920,1080,0.054,949.4,346.5
Round3,Q1,372,186.0,EMIRATES,0.8795,320.0,350.6,76.2,22.4,1920,1080,0.082,358.1,361.8
Round3,Q1,372,186.0,EMIRATES,0.8303,1129.0,307.3,43.7,15.7,1920,1080,0.033,1150.9,315.1
Round3,Q1,372,186.0,EMIRATES,0.312,329.2,289.2,20.6,18.3,1920,1080,0.018,339.5,298.3
Round3,Q1,373,186.5,EMIRATES,0.9092,223.6,369.0,59.1,19.9,1920,1080,0.057,253.2,379.0
Round3,Q1,373,186.5,EMIRATES,0.8966,667.4,365.0,77.2,23.6,1920,1080,0.088,706.0,376.8
Round3,Q1,373,186.5,EMIRATES,0.8931,950.5,354.0,60.1,18.7,1920,1080,0.054,980.6,363.4
Round3,Q1,373,186.5,EMIRATES,0.8908,1215.3,351.0,63.8,19.7,1920,1080,0.061,1247.2,360.8
Round3,Q1,374,187.0,EMIRATES,0.9056,1391.0,424.9,69.2,21.3,1920,1080,0.071,1425.6,435.5
Round3,Q1,374,187.0,EMIRATES,0.9022,992.0,389.4,72.1,25.6,1920,1080,0.089,1028.0,402.2
Round3,Q1,374,187.0,EMIRATES,0.89,683.7,339.4,60.2,20.9,1920,1080,0.061,713.8,349.8
Round3,Q1,374,187.0,EMIRATES,0.8615,85.7,409.8,60.4,29.5,1920,1080,0.086,115.9,424.6
Round3,Q1,375,187.5,EMIRATES,0.8993,1748.0,476.4,73.8,24.3,1920,1080,0.086,1784.9,488.5
Round3,Q1,375,187.5,EMIRATES,0.8975,567.0,437.4,75.8,33.4,1920,1080,0.122,604.9,454.2
Round3,Q1,375,187.5,EMIRATES,0.8858,1016.3,384.5,69.8,24.7,1920,1080,0.083,1051.2,396.8
Round3,Q1,375,187.5,EMIRATES,0.8764,200.6,830.0,97.3,38.2,1920,1080,0.179,249.2,849.1
Round3,Q1,375,187.5,EMIRATES,0.6124,904.1,324.2,68.7,25.3,1920,1080,0.084,938.4,336.9
Round3,Q1,375,187.5,EMIRATES,0.5334,1240.3,386.0,40.3,25.4,1920,1080,0.049,1260.4,398.8
Round3,Q1,376,188.0,EMIRATES,0.8926,1152.3,409.7,84.1,31.0,1920,1080,0.126,1194.4,425.2
Round3,Q1,376,188.0,EMIRATES,0.7991,874.7,399.4,67.2,30.1,1920,1080,0.098,908.3,414.4
Round3,Q1,376,188.0,EMIRATES,0.469,806.8,822.1,109.7,37.3,1920,1080,0.197,861.7,840.8
Round3,Q1,377,188.5,EMIRATES,0.9032,914.7,390.3,97.2,27.3,1920,1080,0.128,963.3,403.9
Round3,Q1,377,188.5,EMIRATES,0.8777,1284.3,371.0,108.8,32.2,1920,1080,0.169,1338.7,387.1
Round3,Q1,377,188.5,EMIRATES,0.8576,1609.1,788.9,156.9,43.4,1920,1080,0.329,1687.6,810.6
Round3,Q1,378,189.0,EMIRATES,0.9062,1653.0,450.0,70.8,31.6,1920,1080,0.108,1688.5,465.8
Round3,Q1,378,189.0,EMIRATES,0.8993,983.7,393.1,106.5,33.3,1920,1080,0.171,1037.0,409.8
Round3,Q1,379,189.5,EMIRATES,0.908,1000.3,403.7,114.1,33.2,1920,1080,0.183,1057.4,420.3
Round3,Q1,379,189.5,EMIRATES,0.9,1856.4,486.7,63.6,33.8,1920,1080,0.104,1888.2,503.6
Round3,Q1,379,189.5,EMIRATES,0.8948,1572.5,480.1,112.9,35.0,1920,1080,0.19,1629.0,497.6
Round3,Q1,380,190.0,EMIRATES,0.901,944.3,443.0,126.3,36.6,1920,1080,0.223,1007.4,461.3
Round3,Q1,380,190.0,EMIRATES,0.8971,1778.0,468.1,107.3,38.5,1920,1080,0.199,1831.7,487.4
Round3,Q1,381,190.5,EMIRATES,0.9079,977.3,456.7,74.9,44.0,1920,1080,0.159,1014.8,478.8
Round3,Q1,381,190.5,EMIRATES,0.8115,852.0,322.6,70.7,37.4,1920,1080,0.127,887.3,341.3
Round3,Q1,382,191.0,EMIRATES,0.9079,1032.7,490.6,58.9,40.6,1920,1080,0.115,1062.1,511.0
Round3,Q1,382,191.0,EMIRATES,0.8996,914.7,478.2,85.7,51.5,1920,1080,0.213,957.5,503.9
Round3,Q1,382,191.0,EMIRATES,0.8423,1887.0,557.9,33.0,40.5,1920,1080,0.064,1903.5,578.1
Round3,Q1,383,191.5,EMIRATES,0.9004,1756.9,590.6,68.0,46.3,1920,1080,0.152,1790.9,613.8
Round3,Q1,383,191.5,EMIRATES,0.883,793.4,482.1,124.0,52.8,1920,1080,0.316,855.4,508.6
Round3,Q1,383,191.5,EMIRATES,0.8601,1032.6,485.3,83.5,62.4,1920,1080,0.251,1074.3,516.5
Round3,Q1,384,192.0,EMIRATES,0.8963,1585.7,608.9,108.0,48.3,1920,1080,0.252,1639.7,633.1
Round3,Q1,384,192.0,EMIRATES,0.8862,886.1,526.7,62.6,42.6,1920,1080,0.128,917.4,548.0
Round3,Q1,384,192.0,EMIRATES,0.8812,1855.0,548.4,62.1,42.9,1920,1080,0.128,1886.0,569.9
Round3,Q1,384,192.0,EMIRATES,0.866,638.1,492.9,130.6,43.5,1920,1080,0.274,703.3,514.6
Round3,Q1,384,192.0,EMIRATES,0.3492,549.7,360.9,41.5,44.5,1920,1080,0.089,570.4,383.2
Round3,Q1,385,192.5,EMIRATES,0.9129,639.5,503.2,124.3,44.3,1920,1080,0.265,701.7,525.3
Round3,Q1,385,192.5,EMIRATES,0.8978,1341.4,596.2,97.3,50.9,1920,1080,0.239,1390.0,621.7
Round3,Q1,385,192.5,EMIRATES,0.8902,1027.4,415.5,151.1,64.0,1920,1080,0.467,1102.9,447.5
Round3,Q1,386,193.0,EMIRATES,0.9034,613.9,507.8,130.2,47.4,1920,1080,0.297,679.0,531.5
Round3,Q1,386,193.0,EMIRATES,0.8967,1003.2,433.2,178.8,52.8,1920,1080,0.455,1092.7,459.6
Round3,Q1,387,193.5,EMIRATES,0.9075,553.1,551.1,136.3,46.9,1920,1080,0.309,621.2,574.6
Round3,Q1,387,193.5,EMIRATES,0.8952,870.1,449.9,176.9,61.2,1920,1080,0.522,958.5,480.5
Round3,Q1,387,193.5,EMIRATES,0.8076,1882.0,601.1,38.0,43.6,1920,1080,0.08,1901.0,622.9
Round3,Q1,388,194.0,EMIRATES,0.905,733.5,431.4,169.6,65.2,1920,1080,0.533,818.3,464.0
Round3,Q1,388,194.0,EMIRATES,0.9042,487.0,552.5,138.9,50.4,1920,1080,0.338,556.4,577.7
Round3,Q1,388,194.0,EMIRATES,0.8456,1175.2,597.6,52.6,52.1,1920,1080,0.132,1201.5,623.6
Round3,Q1,388,194.0,EMIRATES,0.7599,1766.7,574.9,52.2,45.0,1920,1080,0.113,1792.9,597.4
Round3,Q1,389,194.5,EMIRATES,0.9012,808.7,422.9,170.8,61.8,1920,1080,0.509,894.1,453.8
Round3,Q1,389,194.5,EMIRATES,0.8924,1738.4,567.3,63.4,45.7,1920,1080,0.14,1770.1,590.2
Round3,Q1,389,194.5,EMIRATES,0.8869,727.3,314.1,73.4,60.7,1920,1080,0.215,764.1,344.5
Round3,Q1,390,195.0,EMIRATES,0.9023,829.3,421.2,165.8,64.1,1920,1080,0.513,912.2,453.3
Round3,Q1,390,195.0,EMIRATES,0.894,1592.8,554.4,83.9,47.7,1920,1080,0.193,1634.7,578.3
Round3,Q1,390,195.0,EMIRATES,0.8862,0.2,537.8,109.1,52.7,1920,1080,0.278,54.7,564.2
Round3,Q1,390,195.0,EMIRATES,0.8778,780.9,306.9,65.7,59.0,1920,1080,0.187,813.8,336.4
Round3,Q1,391,195.5,EMIRATES,0.8959,1547.8,531.4,95.9,47.3,1920,1080,0.219,1595.7,555.1
Round3,Q1,391,195.5,EMIRATES,0.8946,815.7,371.7,160.0,69.5,1920,1080,0.536,895.7,406.4
Round3,Q1,391,195.5,EMIRATES,0.8903,756.9,267.3,76.4,61.0,1920,1080,0.225,795.1,297.8
Round3,Q1,392,196.0,EMIRATES,0.8986,1536.9,554.2,110.7,44.4,1920,1080,0.237,1592.3,576.4
Round3,Q1,392,196.0,EMIRATES,0.8952,834.8,388.8,159.8,63.6,1920,1080,0.49,914.7,420.6
Round3,Q1,393,196.5,EMIRATES,0.8981,808.9,409.1,159.0,63.2,1920,1080,0.485,888.4,440.7
Round3,Q1,393,196.5,EMIRATES,0.893,608.5,314.5,91.2,50.3,1920,1080,0.221,654.1,339.6
Round3,Q1,393,196.5,EMIRATES,0.8762,1733.5,503.2,186.5,58.9,1920,1080,0.53,1826.7,532.6
Round3,Q1,393,196.5,EMIRATES,0.8446,1504.6,565.6,57.5,43.0,1920,1080,0.119,1533.3,587.1
Round3,Q1,394,197.0,EMIRATES,0.8975,1543.0,450.7,180.7,55.0,1920,1080,0.479,1633.4,478.2
Round3,Q1,394,197.0,EMIRATES,0.8871,831.4,390.3,165.2,63.4,1920,1080,0.505,914.0,421.9
Round3,Q1,394,197.0,EMIRATES,0.8862,505.9,285.8,134.3,62.8,1920,1080,0.407,573.1,317.2
Round3,Q1,394,197.0,EMIRATES,0.8595,66.7,419.9,96.5,70.8,1920,1080,0.33,115.0,455.3
Round3,Q1,395,197.5,EMIRATES,0.8977,398.8,303.9,91.9,47.2,1920,1080,0.209,444.7,327.6
Round3,Q1,395,197.5,EMIRATES,0.8953,33.4,419.6,141.7,67.6,1920,1080,0.462,104.2,453.4
Round3,Q1,395,197.5,EMIRATES,0.895,841.0,376.7,168.7,60.0,1920,1080,0.488,925.3,406.7
Round3,Q1,395,197.5,EMIRATES,0.88,1527.6,422.4,184.0,55.5,1920,1080,0.493,1619.6,450.2
Round3,Q1,396,198.0,EMIRATES,0.909,751.9,367.2,161.9,50.2,1920,1080,0.392,832.8,392.3
Round3,Q1,396,198.0,EMIRATES,0.9082,270.7,306.9,136.2,50.5,1920,1080,0.332,338.9,332.2
Round3,Q1,396,198.0,EMIRATES,0.8999,1528.1,386.8,175.2,54.8,1920,1080,0.463,1615.7,414.2
Round3,Q1,396,198.0,EMIRATES,0.8884,0.0,420.6,96.5,52.0,1920,1080,0.242,48.2,446.6
Round3,Q1,397,198.5,EMIRATES,0.9003,759.4,386.8,129.1,46.4,1920,1080,0.289,824.0,410.0
Round3,Q1,397,198.5,EMIRATES,0.8965,1541.3,386.8,173.5,70.4,1920,1080,0.589,1628.1,422.0
Round3,Q1,397,198.5,EMIRATES,0.8941,0.7,343.3,112.6,49.3,1920,1080,0.268,57.0,367.9
Round3,Q1,397,198.5,EMIRATES,0.8713,89.2,462.5,185.2,64.0,1920,1080,0.572,181.8,494.5
Round3,Q1,398,199.0,EMIRATES,0.9151,557.0,547.8,156.6,44.0,1920,1080,0.332,635.3,569.8
Round3,Q1,398,199.0,EMIRATES,0.898,1.2,404.0,148.6,56.5,1920,1080,0.404,75.5,432.2
Round3,Q1,398,199.0,EMIRATES,0.8825,1301.4,332.0,175.8,78.5,1920,1080,0.665,1389.3,371.3
Round3,Q1,398,199.0,EMIRATES,0.8694,839.7,370.6,109.9,56.5,1920,1080,0.299,894.6,398.8
Round3,Q1,399,199.5,EMIRATES,0.9049,123.1,534.9,174.5,45.7,1920,1080,0.385,210.3,557.7
Round3,Q1,399,199.5,EMIRATES,0.879,893.8,306.4,99.2,74.5,1920,1080,0.357,943.4,343.7
Round3,Q1,400,200.0,EMIRATES,0.8915,725.8,339.4,107.0,46.0,1920,1080,0.238,779.2,362.4
Round3,Q1,401,200.5,EMIRATES,0.8988,819.1,363.3,164.0,55.2,1920,1080,0.436,901.1,390.9
Round3,Q1,401,200.5,EMIRATES,0.8229,569.7,471.7,50.5,46.0,1920,1080,0.112,595.0,494.7
Round3,Q1,402,201.0,EMIRATES,0.8895,906.5,353.6,172.8,55.7,1920,1080,0.465,992.9,381.5
Round3,Q1,402,201.0,EMIRATES,0.8851,145.0,501.7,71.8,47.7,1920,1080,0.165,180.9,525.5
Round3,Q1,403,201.5,EMIRATES,0.9016,920.3,419.2,177.4,49.2,1920,1080,0.421,1009.0,443.8
Round3,Q1,404,202.0,EMIRATES,0.9007,871.3,364.3,146.1,52.3,1920,1080,0.368,944.3,390.5
Round3,Q1,405,202.5,EMIRATES,0.8924,222.9,381.5,139.2,60.9,1920,1080,0.409,292.5,412.0
Round3,Q1,406,203.0,EMIRATES,0.9042,1051.9,509.7,82.1,49.6,1920,1080,0.196,1093.0,534.5
Round3,Q1,406,203.0,EMIRATES,0.8986,487.5,420.4,153.2,57.4,1920,1080,0.424,564.1,449.1
Round3,Q1,407,203.5,EMIRATES,0.9033,509.5,448.0,138.1,59.3,1920,1080,0.395,578.5,477.6
Round3,Q1,407,203.5,EMIRATES,0.8991,1040.2,560.2,130.9,59.1,1920,1080,0.373,1105.6,589.7
Round3,Q1,407,203.5,EMIRATES,0.8893,2.3,685.4,155.7,62.5,1920,1080,0.469,80.2,716.6
Round3,Q1,408,204.0,EMIRATES,0.9045,439.0,458.0,145.2,62.4,1920,1080,0.437,511.7,489.2
Round3,Q1,408,204.0,EMIRATES,0.9014,1020.1,556.3,120.6,55.3,1920,1080,0.322,1080.4,583.9
Round3,Q1,408,204.0,EMIRATES,0.8263,0.0,677.1,45.0,52.8,1920,1080,0.115,22.5,703.5
Round3,Q1,409,204.5,EMIRATES,0.9073,870.0,572.4,133.0,52.8,1920,1080,0.339,936.5,598.8
Round3,Q1,409,204.5,EMIRATES,0.8735,334.4,461.4,114.9,58.8,1920,1080,0.326,391.9,490.8
Round3,Q1,410,205.0,EMIRATES,0.9019,848.4,557.7,110.6,50.7,1920,1080,0.27,903.7,583.1
Round3,Q1,410,205.0,EMIRATES,0.8822,276.9,430.8,121.8,58.6,1920,1080,0.344,337.8,460.1
Round3,Q1,411,205.5,EMIRATES,0.9137,910.4,574.3,172.6,53.3,1920,1080,0.443,996.6,600.9
Round3,Q1,411,205.5,EMIRATES,0.63,213.6,416.6,91.3,67.6,1920,1080,0.298,259.3,450.3
Round3,Q1,412,206.0,EMIRATES,0.9126,898.7,570.9,174.2,51.7,1920,1080,0.435,985.8,596.7
Round3,Q1,413,206.5,EMIRATES,0.9175,859.3,575.6,141.1,52.4,1920,1080,0.357,929.9,601.8
Round3,Q1,413,206.5,EMIRATES,0.9072,332.2,660.9,126.7,53.6,1920,1080,0.327,395.5,687.7
Round3,Q1,414,207.0,EMIRATES,0.9018,512.0,681.4,78.2,57.0,1920,1080,0.215,551.1,709.9
Round3,Q1,414,207.0,EMIRATES,0.8955,833.1,547.0,95.0,49.0,1920,1080,0.224,880.6,571.5
Round3,Q1,415,207.5,EMIRATES,0.8956,845.0,550.2,80.9,47.9,1920,1080,0.187,885.5,574.2
Round3,Q1,415,207.5,EMIRATES,0.8693,463.3,622.2,85.6,77.8,1920,1080,0.322,506.1,661.1
Round3,Q1,416,208.0,EMIRATES,0.6736,838.5,569.9,37.7,54.1,1920,1080,0.098,857.4,596.9
Round3,Q1,416,208.0,EMIRATES,0.553,243.6,436.9,62.1,62.4,1920,1080,0.187,274.7,468.1
Round3,Q1,416,208.0,EMIRATES,0.4537,0.0,549.4,24.8,63.4,1920,1080,0.076,12.4,581.1
Round3,Q1,417,208.5,EMIRATES,0.9023,684.4,580.8,103.6,53.5,1920,1080,0.267,736.2,607.5
Round3,Q1,417,208.5,EMIRATES,0.8529,264.4,439.0,75.8,60.7,1920,1080,0.222,302.3,469.4
Round3,Q1,418,209.0,EMIRATES,0.8882,782.6,552.0,138.2,55.6,1920,1080,0.371,851.8,579.8
Round3,Q1,418,209.0,EMIRATES,0.7573,907.9,553.4,110.6,101.0,1920,1080,0.539,963.2,603.9
Round3,Q1,420,210.0,EMIRATES,0.8925,1044.7,543.2,136.7,73.8,1920,1080,0.486,1113.0,580.1
Round3,Q1,420,210.0,EMIRATES,0.8914,216.6,457.7,160.5,59.9,1920,1080,0.463,296.9,487.6
Round3,Q1,421,210.5,EMIRATES,0.8935,766.2,455.8,177.5,55.4,1920,1080,0.474,855.0,483.5
Round3,Q1,422,211.0,EMIRATES,0.9117,1145.2,478.7,146.9,52.9,1920,1080,0.375,1218.7,505.1
Round3,Q1,422,211.0,EMIRATES,0.902,1001.4,592.6,74.6,55.5,1920,1080,0.2,1038.7,620.3
Round3,Q1,422,211.0,EMIRATES,0.8731,1553.7,499.9,192.2,72.5,1920,1080,0.672,1649.8,536.1
Round3,Q1,423,211.5,EMIRATES,0.8877,1829.5,516.2,90.4,56.3,1920,1080,0.246,1874.7,544.3
Round3,Q1,423,211.5,EMIRATES,0.8832,5.4,363.9,74.7,49.9,1920,1080,0.18,42.7,388.8
Round3,Q1,423,211.5,EMIRATES,0.5881,1004.3,553.3,24.8,53.3,1920,1080,0.064,1016.7,579.9
Round3,Q1,423,211.5,EMIRATES,0.5597,1506.5,487.1,75.3,65.8,1920,1080,0.239,1544.2,520.0
Round3,Q1,424,212.0,EMIRATES,0.9017,158.4,397.8,104.1,50.5,1920,1080,0.254,210.5,423.1
Round3,Q1,424,212.0,EMIRATES,0.8496,1120.7,554.1,51.0,52.8,1920,1080,0.13,1146.2,580.5
Round3,Q1,425,212.5,EMIRATES,0.8996,210.5,392.9,125.3,51.2,1920,1080,0.309,273.2,418.5
Round3,Q1,425,212.5,EMIRATES,0.8477,1108.5,566.6,50.9,73.0,1920,1080,0.179,1134.0,603.0
Round3,Q1,426,213.0,EMIRATES,0.8926,152.3,352.5,125.8,54.2,1920,1080,0.329,215.2,379.6
Round3,Q1,427,213.5,EMIRATES,0.8967,169.9,334.9,109.3,48.5,1920,1080,0.256,224.5,359.2
Round3,Q1,428,214.0,EMIRATES,0.8886,1298.8,298.6,202.3,74.0,1920,1080,0.722,1400.0,335.6
Round3,Q1,429,214.5,EMIRATES,0.8822,1141.9,281.8,187.7,84.6,1920,1080,0.766,1235.7,324.1
Round3,Q1,430,215.0,EMIRATES,0.8981,979.9,583.0,93.1,67.3,1920,1080,0.302,1026.5,616.7
Round3,Q1,430,215.0,EMIRATES,0.8779,1178.4,261.7,153.1,70.1,1920,1080,0.517,1255.0,296.8
Round3,Q1,431,215.5,EMIRATES,0.8869,1041.5,575.4,87.0,69.6,1920,1080,0.292,1084.9,610.2
Round3,Q1,431,215.5,EMIRATES,0.872,1825.3,1004.1,94.7,66.4,1920,1080,0.303,1872.6,1037.3
Round3,Q1,431,215.5,EMIRATES,0.754,1291.8,287.1,114.1,99.3,1920,1080,0.546,1348.8,336.8
Round3,Q1,432,216.0,EMIRATES,0.8995,904.6,551.1,85.3,57.5,1920,1080,0.237,947.2,579.8
Round3,Q1,432,216.0,EMIRATES,0.881,1739.6,999.9,177.7,68.2,1920,1080,0.584,1828.4,1034.0
Round3,Q1,433,216.5,EMIRATES,0.8885,1771.5,999.3,77.5,63.2,1920,1080,0.236,1810.2,1030.9
Round3,Q1,433,216.5,EMIRATES,0.883,1433.1,433.3,97.8,76.8,1920,1080,0.362,1482.0,471.7
Round3,Q1,433,216.5,EMIRATES,0.404,578.3,398.2,70.1,71.9,1920,1080,0.243,613.3,434.1
Round3,Q1,434,217.0,EMIRATES,0.9101,1337.2,534.3,180.8,56.9,1920,1080,0.496,1427.6,562.7
Round3,Q1,434,217.0,EMIRATES,0.7473,593.8,395.5,86.0,60.0,1920,1080,0.249,636.8,425.5
Round3,Q1,436,218.0,EMIRATES,0.8839,446.0,516.2,47.3,24.7,1920,1080,0.056,469.6,528.5
Round3,Q1,436,218.0,EMIRATES,0.8692,1838.7,439.7,27.0,12.6,1920,1080,0.016,1852.2,446.1
Round3,Q1,436,218.0,EMIRATES,0.6441,1678.8,652.8,37.0,10.5,1920,1080,0.019,1697.3,658.0
Round3,Q1,437,218.5,EMIRATES,0.8917,1453.9,478.2,52.7,17.1,1920,1080,0.044,1480.3,486.8
Round3,Q1,437,218.5,EMIRATES,0.889,1807.9,684.1,53.6,17.0,1920,1080,0.044,1834.7,692.6
Round3,Q1,437,218.5,EMIRATES,0.8439,612.4,597.6,45.4,11.5,1920,1080,0.025,635.1,603.4
Round3,Q1,437,218.5,EMIRATES,0.7454,1262.0,568.9,37.6,11.1,1920,1080,0.02,1280.8,574.4
Round3,Q1,438,219.0,EMIRATES,0.8067,1104.5,459.0,33.5,26.0,1920,1080,0.042,1121.3,472.0
Round3,Q1,440,220.0,EMIRATES,0.8936,1059.9,437.0,33.6,15.7,1920,1080,0.025,1076.7,444.8
Round3,Q1,441,220.5,EMIRATES,0.8839,1117.2,411.9,45.9,16.8,1920,1080,0.037,1140.1,420.3
Round3,Q1,441,220.5,EMIRATES,0.3533,1409.8,612.1,39.0,17.1,1920,1080,0.032,1429.3,620.6
Round3,Q1,442,221.0,EMIRATES,0.8826,1330.7,391.6,45.8,15.1,1920,1080,0.033,1353.6,399.1
Round3,Q1,442,221.0,EMIRATES,0.8816,1570.7,341.6,47.9,14.6,1920,1080,0.034,1594.6,348.9
Round3,Q1,443,221.5,EMIRATES,0.8978,1194.5,381.4,33.9,14.4,1920,1080,0.023,1211.5,388.6
Round3,Q1,443,221.5,EMIRATES,0.4833,1633.3,382.4,30.2,13.6,1920,1080,0.02,1648.4,389.2
Round3,Q1,444,222.0,EMIRATES,0.8733,1448.1,439.7,37.7,12.8,1920,1080,0.023,1467.0,446.1
Round3,Q1,444,222.0,EMIRATES,0.3329,1166.8,438.3,21.2,14.3,1920,1080,0.015,1177.4,445.4
Round3,Q1,445,222.5,EMIRATES,0.894,1331.4,450.3,37.3,13.0,1920,1080,0.023,1350.1,456.8
Round3,Q1,445,222.5,EMIRATES,0.8803,1220.8,398.3,35.4,12.9,1920,1080,0.022,1238.5,404.8
Round3,Q1,446,223.0,EMIRATES,0.896,1143.1,380.9,42.1,18.5,1920,1080,0.038,1164.1,390.2
Round3,Q1,446,223.0,EMIRATES,0.8836,1237.1,279.0,40.0,15.8,1920,1080,0.03,1257.1,286.8
Round3,Q1,447,223.5,EMIRATES,0.8954,1124.6,381.0,45.8,14.7,1920,1080,0.032,1147.5,388.4
Round3,Q1,447,223.5,EMIRATES,0.8834,1267.8,230.3,41.3,18.1,1920,1080,0.036,1288.4,239.3
Round3,Q1,448,224.0,EMIRATES,0.8966,1419.1,440.1,47.7,15.9,1920,1080,0.037,1442.9,448.1
Round3,Q1,448,224.0,EMIRATES,0.8902,1093.1,329.3,41.9,20.3,1920,1080,0.041,1114.1,339.4
Round3,Q1,451,225.5,EMIRATES,0.8856,1273.4,379.0,51.4,23.3,1920,1080,0.058,1299.0,390.7
Round3,Q1,452,226.0,EMIRATES,0.4738,66.4,215.9,55.3,18.0,1920,1080,0.048,94.1,224.9
Round3,Q1,454,227.0,EMIRATES,0.6479,1073.7,500.5,26.7,18.9,1920,1080,0.024,1087.0,509.9
Round3,Q1,457,228.5,EMIRATES,0.8892,1387.3,34.9,119.1,51.6,1920,1080,0.297,1446.9,60.7
Round3,Q1,458,229.0,EMIRATES,0.8995,1300.6,115.5,137.3,41.9,1920,1080,0.277,1369.2,136.5
Round3,Q1,459,229.5,EMIRATES,0.8957,1234.6,461.4,164.3,45.8,1920,1080,0.363,1316.8,484.3
Round3,Q1,460,230.0,EMIRATES,0.8906,1408.0,914.3,85.4,58.0,1920,1080,0.239,1450.6,943.3
Round3,Q1,461,230.5,EMIRATES,0.8986,697.4,726.3,179.6,72.2,1920,1080,0.626,787.2,762.5
Round3,Q1,462,231.0,EMIRATES,0.8528,839.8,635.1,74.8,75.4,1920,1080,0.272,877.2,672.8
Round3,Q1,463,231.5,EMIRATES,0.7157,916.5,513.2,29.4,68.0,1920,1080,0.096,931.2,547.2
Round3,Q1,464,232.0,EMIRATES,0.8759,834.1,726.1,72.8,68.1,1920,1080,0.239,870.5,760.1
Round3,Q1,465,232.5,EMIRATES,0.8924,847.3,700.6,116.5,63.1,1920,1080,0.355,905.6,732.2
Round3,Q1,466,233.0,EMIRATES,0.8112,1842.9,602.7,16.1,8.6,1920,1080,0.007,1851.0,607.0
Round3,Q1,466,233.0,EMIRATES,0.6467,451.3,612.4,17.6,7.1,1920,1080,0.006,460.1,616.0
Round3,Q1,466,233.0,EMIRATES,0.6025,1272.6,702.0,16.2,8.0,1920,1080,0.006,1280.7,706.0
Round3,Q1,467,233.5,EMIRATES,0.722,199.2,575.0,20.4,8.3,1920,1080,0.008,209.4,579.2
Round3,Q1,468,234.0,EMIRATES,0.7396,1297.8,701.1,20.7,11.6,1920,1080,0.012,1308.1,706.9
Round3,Q1,469,234.5,EMIRATES,0.89,1413.1,656.9,37.0,10.6,1920,1080,0.019,1431.6,662.2
Round3,Q1,469,234.5,EMIRATES,0.8727,1142.9,567.0,30.3,11.9,1920,1080,0.017,1158.1,572.9
Round3,Q1,470,235.0,EMIRATES,0.8849,1223.3,487.1,45.7,15.0,1920,1080,0.033,1246.1,494.6
Round3,Q1,470,235.0,EMIRATES,0.5803,1440.7,471.7,22.5,12.4,1920,1080,0.013,1452.0,477.9
Round3,Q1,471,235.5,EMIRATES,0.8876,1123.8,423.9,39.3,16.0,1920,1080,0.03,1143.4,431.9
Round3,Q1,471,235.5,EMIRATES,0.8834,532.8,433.1,45.9,27.1,1920,1080,0.06,555.8,446.6
Round3,Q1,471,235.5,EMIRATES,0.859,1491.2,496.9,35.7,14.3,1920,1080,0.025,1509.0,504.1
Round3,Q1,472,236.0,EMIRATES,0.8939,1279.8,380.1,29.4,19.0,1920,1080,0.027,1294.5,389.7
Round3,Q1,472,236.0,EMIRATES,0.854,793.6,506.7,45.9,18.2,1920,1080,0.04,816.5,515.8
Round3,Q1,472,236.0,EMIRATES,0.8071,1855.6,598.1,44.0,11.2,1920,1080,0.024,1877.6,603.7
Round3,Q1,479,239.5,EMIRATES,0.8178,910.9,452.5,28.7,15.7,1920,1080,0.022,925.3,460.4
Round3,Q1,479,239.5,EMIRATES,0.6172,1817.1,528.9,31.7,12.5,1920,1080,0.019,1833.0,535.1
Round3,Q1,480,240.0,EMIRATES,0.447,1465.7,688.2,64.8,19.1,1920,1080,0.06,1498.2,697.7
Round3,Q1,481,240.5,EMIRATES,0.8778,316.6,585.1,40.3,16.4,1920,1080,0.032,336.8,593.3
Round3,Q1,481,240.5,EMIRATES,0.7008,854.6,621.3,42.5,11.5,1920,1080,0.024,875.8,627.0
Round3,Q1,482,241.0,EMIRATES,0.8666,881.7,363.0,29.6,12.9,1920,1080,0.018,896.5,369.4
Round3,Q1,482,241.0,EMIRATES,0.8356,1215.2,390.0,37.4,15.9,1920,1080,0.029,1233.9,398.0
Round3,Q1,482,241.0,EMIRATES,0.6948,450.8,563.6,27.3,17.8,1920,1080,0.023,464.5,572.5
Round3,Q1,483,241.5,EMIRATES,0.9155,248.9,534.3,40.6,21.0,1920,1080,0.041,269.2,544.8
Round3,Q1,483,241.5,EMIRATES,0.8853,1727.1,333.1,52.3,15.1,1920,1080,0.038,1753.3,340.6
Round3,Q1,483,241.5,EMIRATES,0.8757,1120.4,359.2,45.5,20.0,1920,1080,0.044,1143.1,369.2
Round3,Q1,484,242.0,EMIRATES,0.886,466.9,664.5,59.8,24.3,1920,1080,0.07,496.8,676.7
Round3,Q1,484,242.0,EMIRATES,0.8489,1668.7,334.3,57.4,13.5,1920,1080,0.037,1697.5,341.1
Round3,Q1,484,242.0,EMIRATES,0.8373,1152.9,302.8,47.2,12.4,1920,1080,0.028,1176.5,309.0
Round3,Q1,484,242.0,EMIRATES,0.5912,1907.9,300.7,12.1,18.5,1920,1080,0.011,1913.9,310.0
Round3,Q1,485,242.5,EMIRATES,0.8756,785.6,783.4,62.3,15.4,1920,1080,0.046,816.7,791.1
Round3,Q1,485,242.5,EMIRATES,0.3224,1912.1,246.8,7.9,16.7,1920,1080,0.006,1916.1,255.1
Round3,Q1,486,243.0,EMIRATES,0.8939,1064.5,883.3,61.7,19.3,1920,1080,0.057,1095.3,892.9
Round3,Q1,487,243.5,EMIRATES,0.8919,0.0,412.6,46.8,18.7,1920,1080,0.042,23.4,422.0
Round3,Q1,487,243.5,EMIRATES,0.8887,1313.9,895.5,54.7,24.6,1920,1080,0.065,1341.2,907.8
Round3,Q1,488,244.0,EMIRATES,0.8994,1410.8,823.9,54.4,17.3,1920,1080,0.045,1438.0,832.5
Round3,Q1,488,244.0,EMIRATES,0.8907,318.4,402.0,50.4,25.5,1920,1080,0.062,343.5,414.7
Round3,Q1,489,244.5,EMIRATES,0.8935,1289.4,765.4,57.5,17.5,1920,1080,0.048,1318.1,774.2
Round3,Q1,489,244.5,EMIRATES,0.7558,523.5,343.2,17.4,15.8,1920,1080,0.013,532.2,351.1
Round3,Q1,491,245.5,EMIRATES,0.8566,969.2,285.4,78.3,48.2,1920,1080,0.182,1008.4,309.5
Round3,Q1,494,247.0,EMIRATES,0.8797,1649.7,0.1,191.0,54.5,1920,1080,0.502,1745.2,27.4
Round3,Q1,495,247.5,EMIRATES,0.8798,1822.3,110.8,97.7,89.6,1920,1080,0.422,1871.1,155.7
Round3,Q1,495,247.5,EMIRATES,0.4432,1400.4,0.4,33.1,9.1,1920,1080,0.014,1417.0,4.9
Round3,Q1,495,247.5,EMIRATES,0.3607,1206.5,542.1,29.1,37.8,1920,1080,0.053,1221.1,561.0
Round3,Q1,496,248.0,EMIRATES,0.9085,1705.3,234.9,127.6,38.3,1920,1080,0.236,1769.1,254.1
Round3,Q1,496,248.0,EMIRATES,0.666,749.6,54.0,112.5,33.9,1920,1080,0.184,805.9,70.9
Round3,Q1,497,248.5,EMIRATES,0.9002,1502.5,429.9,157.6,48.5,1920,1080,0.368,1581.3,454.2
Round3,Q1,497,248.5,EMIRATES,0.8993,677.1,230.0,165.7,47.1,1920,1080,0.376,760.0,253.6
Round3,Q1,497,248.5,EMIRATES,0.894,1839.1,300.1,80.8,45.6,1920,1080,0.178,1879.5,322.9
Round3,Q1,498,249.0,EMIRATES,0.9133,1413.7,553.1,152.4,45.0,1920,1080,0.331,1489.9,575.6
Round3,Q1,498,249.0,EMIRATES,0.8988,967.5,335.2,141.2,49.1,1920,1080,0.335,1038.1,359.7
Round3,Q1,498,249.0,EMIRATES,0.8845,669.0,471.3,169.7,75.2,1920,1080,0.616,753.9,508.9
Round3,Q1,498,249.0,EMIRATES,0.8725,1586.1,433.6,112.2,56.4,1920,1080,0.305,1642.2,461.7
Round3,Q1,499,249.5,EMIRATES,0.8985,785.0,460.7,151.0,60.5,1920,1080,0.44,860.5,490.9
Round3,Q1,500,250.0,EMIRATES,0.9013,1686.5,353.8,146.9,59.2,1920,1080,0.42,1760.0,383.4
Round3,Q1,500,250.0,EMIRATES,0.8977,1183.7,573.9,105.0,57.9,1920,1080,0.293,1236.1,602.8
Round3,Q1,500,250.0,EMIRATES,0.8949,652.7,438.3,125.7,41.6,1920,1080,0.252,715.5,459.1
Round3,Q1,506,253.0,EMIRATES,0.9027,890.8,449.2,192.6,63.0,1920,1080,0.585,987.1,480.7
Round3,Q1,506,253.0,EMIRATES,0.8901,598.9,852.9,247.6,81.8,1920,1080,0.976,722.7,893.8
Round3,Q1,507,253.5,EMIRATES,0.9015,950.4,444.1,187.3,62.9,1920,1080,0.569,1044.1,475.6
Round3,Q1,507,253.5,EMIRATES,0.8863,397.4,853.5,221.9,67.0,1920,1080,0.717,508.3,887.0
Round3,Q1,508,254.0,EMIRATES,0.8958,872.1,439.8,161.6,70.3,1920,1080,0.548,952.9,474.9
Round3,Q1,508,254.0,EMIRATES,0.8618,103.8,875.0,235.6,67.8,1920,1080,0.77,221.6,908.9
Round3,Q1,509,254.5,EMIRATES,0.8888,881.5,382.3,167.5,70.2,1920,1080,0.567,965.3,417.4
Round3,Q1,510,255.0,EMIRATES,0.8916,829.7,407.0,144.2,59.7,1920,1080,0.415,901.8,436.8
Round3,Q1,512,256.0,EMIRATES,0.9018,1643.8,866.9,38.9,16.0,1920,1080,0.03,1663.3,874.9
Round3,Q1,512,256.0,EMIRATES,0.8574,1883.0,220.2,36.9,23.7,1920,1080,0.042,1901.4,232.1
Round3,Q1,512,256.0,EMIRATES,0.7424,1025.3,229.5,68.5,17.0,1920,1080,0.056,1059.6,238.0
Round3,Q1,512,256.0,EMIRATES,0.3672,1335.1,492.0,83.3,46.2,1920,1080,0.185,1376.8,515.1
Round3,Q1,513,256.5,EMIRATES,0.8973,1678.4,868.2,46.5,19.4,1920,1080,0.044,1701.7,877.9
Round3,Q1,513,256.5,EMIRATES,0.863,1855.0,523.0,65.0,20.0,1920,1080,0.063,1887.5,533.0
Round3,Q1,514,257.0,EMIRATES,0.8967,1680.7,864.3,50.2,15.4,1920,1080,0.037,1705.8,872.0
Round3,Q1,514,257.0,EMIRATES,0.8788,1204.6,443.1,76.0,21.0,1920,1080,0.077,1242.6,453.6
Round3,Q1,515,257.5,EMIRATES,0.8967,849.6,433.0,80.9,28.0,1920,1080,0.109,890.0,447.0
Round3,Q1,515,257.5,EMIRATES,0.6985,1748.7,862.0,23.2,16.5,1920,1080,0.018,1760.3,870.3
Round3,Q1,516,258.0,EMIRATES,0.903,882.7,417.8,55.7,23.2,1920,1080,0.062,910.6,429.4
Round3,Q1,516,258.0,EMIRATES,0.8949,731.5,378.9,79.4,39.2,1920,1080,0.15,771.2,398.5
Round3,Q1,516,258.0,EMIRATES,0.8826,1722.7,891.1,25.9,15.0,1920,1080,0.019,1735.7,898.6
Round3,Q1,517,258.5,EMIRATES,0.8954,1709.0,914.9,34.7,13.2,1920,1080,0.022,1726.4,921.5
Round3,Q1,517,258.5,EMIRATES,0.892,587.0,316.2,90.0,27.3,1920,1080,0.119,632.0,329.9
Round3,Q1,517,258.5,EMIRATES,0.8712,1462.8,57.9,49.8,32.1,1920,1080,0.077,1487.7,74.0
Round3,Q1,518,259.0,EMIRATES,0.8941,1691.2,907.7,31.0,14.7,1920,1080,0.022,1706.7,915.1
Round3,Q1,518,259.0,EMIRATES,0.8855,401.6,270.7,89.7,29.8,1920,1080,0.129,446.4,285.5
Round3,Q1,519,259.5,EMIRATES,0.8713,223.4,134.5,109.3,47.4,1920,1080,0.25,278.0,158.2
Round3,Q1,520,260.0,EMIRATES,0.8136,1019.5,434.7,47.1,36.5,1920,1080,0.083,1043.1,452.9
Round3,Q1,521,260.5,EMIRATES,0.8922,1696.3,892.1,38.3,13.4,1920,1080,0.025,1715.4,898.8
Round3,Q1,522,261.0,EMIRATES,0.9022,1713.6,887.8,32.9,13.3,1920,1080,0.021,1730.1,894.4
Round3,Q1,522,261.0,EMIRATES,0.7796,854.5,451.9,88.4,45.6,1920,1080,0.194,898.7,474.7
Round3,Q1,523,261.5,EMIRATES,0.8839,1691.6,915.8,37.6,17.4,1920,1080,0.031,1710.3,924.4
Round3,Q1,524,262.0,EMIRATES,0.7084,875.6,198.8,76.9,34.1,1920,1080,0.127,914.0,215.8
Round3,Q1,525,262.5,EMIRATES,0.8597,883.8,188.5,65.7,35.7,1920,1080,0.113,916.7,206.3
Round3,Q1,526,263.0,EMIRATES,0.8634,952.5,215.1,69.7,43.1,1920,1080,0.145,987.4,236.7
Round3,Q1,527,263.5,EMIRATES,0.8675,1006.2,242.4,66.2,36.8,1920,1080,0.117,1039.2,260.8
Round3,Q1,527,263.5,EMIRATES,0.5801,1654.7,865.5,32.9,18.9,1920,1080,0.03,1671.2,875.0
Round3,Q1,528,264.0,EMIRATES,0.8934,992.9,470.1,113.0,43.9,1920,1080,0.239,1049.4,492.0
Round3,Q1,529,264.5,EMIRATES,0.9127,1050.9,454.6,120.4,46.4,1920,1080,0.269,1111.0,477.8
Round3,Q1,530,265.0,EMIRATES,0.8944,1035.4,490.6,118.2,56.0,1920,1080,0.319,1094.5,518.6
Round3,Q1,531,265.5,EMIRATES,0.6111,992.6,668.2,76.3,58.2,1920,1080,0.214,1030.8,697.3
Round3,Q1,532,266.0,EMIRATES,0.7395,911.4,472.5,110.5,97.0,1920,1080,0.517,966.7,521.0
Round3,Q1,533,266.5,EMIRATES,0.8956,982.5,445.7,121.0,47.6,1920,1080,0.278,1043.0,469.5
Round3,Q1,534,267.0,EMIRATES,0.8993,1152.9,491.9,100.9,48.7,1920,1080,0.237,1203.3,516.2
Round3,Q1,535,267.5,EMIRATES,0.9091,955.9,544.5,115.6,47.8,1920,1080,0.266,1013.7,568.4
Round3,Q1,536,268.0,EMIRATES,0.8995,1008.8,479.6,97.0,50.5,1920,1080,0.236,1057.3,504.9
Round3,Q1,537,268.5,EMIRATES,0.9004,875.5,527.9,127.1,50.5,1920,1080,0.309,939.0,553.1
Round3,Q1,538,269.0,EMIRATES,0.8831,1016.8,585.0,66.9,47.7,1920,1080,0.154,1050.2,608.9
Round3,Q1,539,269.5,EMIRATES,0.8639,1033.5,400.1,77.3,41.3,1920,1080,0.154,1072.1,420.7
Round3,Q1,539,269.5,EMIRATES,0.6765,1021.8,650.2,52.1,44.5,1920,1080,0.112,1047.9,672.5
Round3,Q1,540,270.0,EMIRATES,0.8705,1029.0,251.0,94.5,52.4,1920,1080,0.239,1076.2,277.2
Round3,Q1,541,270.5,EMIRATES,0.8746,1030.6,254.6,87.5,50.4,1920,1080,0.213,1074.3,279.8
Round3,Q1,542,271.0,EMIRATES,0.8807,1022.3,259.2,88.5,49.7,1920,1080,0.212,1066.6,284.0
Round3,Q1,543,271.5,EMIRATES,0.8875,1023.5,268.0,81.6,48.1,1920,1080,0.189,1064.3,292.1
Round3,Q1,544,272.0,EMIRATES,0.8814,1024.0,244.1,77.1,44.4,1920,1080,0.165,1062.5,266.3
Round3,Q1,545,272.5,EMIRATES,0.8822,1023.4,196.8,73.0,38.0,1920,1080,0.134,1059.9,215.8
Round3,Q1,546,273.0,EMIRATES,0.8653,1031.8,440.1,68.0,38.4,1920,1080,0.126,1065.7,459.3
Round3,Q1,547,273.5,EMIRATES,0.9004,1085.6,470.4,97.9,42.1,1920,1080,0.199,1134.6,491.5
Round3,Q1,548,274.0,EMIRATES,0.8995,1047.9,444.6,100.5,42.7,1920,1080,0.207,1098.2,465.9
Round3,Q1,549,274.5,EMIRATES,0.908,1048.8,481.2,112.2,41.9,1920,1080,0.227,1105.0,502.2
Round3,Q1,550,275.0,EMIRATES,0.9048,1030.0,491.8,108.9,44.1,1920,1080,0.232,1084.5,513.8
Round3,Q1,551,275.5,EMIRATES,0.9064,989.7,511.2,112.6,43.7,1920,1080,0.237,1046.0,533.1
Round3,Q1,552,276.0,EMIRATES,0.907,1011.0,486.5,108.7,45.8,1920,1080,0.24,1065.3,509.4
Round3,Q1,553,276.5,EMIRATES,0.9053,941.8,511.8,102.7,47.7,1920,1080,0.236,993.1,535.7
Round3,Q1,554,277.0,EMIRATES,0.9028,976.6,534.9,88.6,49.6,1920,1080,0.212,1020.9,559.7
Round3,Q1,555,277.5,EMIRATES,0.9015,944.2,631.0,80.3,51.5,1920,1080,0.199,984.3,656.8
Round3,Q1,556,278.0,EMIRATES,0.5475,86.4,843.2,25.7,8.6,1920,1080,0.011,99.3,847.5
Round3,Q1,557,278.5,EMIRATES,0.5426,168.1,848.3,25.6,9.7,1920,1080,0.012,180.9,853.2
Round3,Q1,557,278.5,EMIRATES,0.3462,124.3,736.8,18.9,9.7,1920,1080,0.009,133.7,741.6
Round3,Q1,558,279.0,EMIRATES,0.4946,284.4,852.9,24.3,8.0,1920,1080,0.009,296.5,856.9
Round3,Q1,559,279.5,EMIRATES,0.5942,390.5,860.4,25.1,8.2,1920,1080,0.01,403.0,864.5
Round3,Q1,565,282.5,EMIRATES,0.8686,1309.8,506.1,328.7,130.3,1920,1080,2.065,1474.1,571.2
Round3,Q1,565,282.5,EMIRATES,0.8438,0.0,391.1,193.5,124.9,1920,1080,1.166,96.8,453.6
Round3,Q1,566,283.0,EMIRATES,0.8589,823.3,613.3,109.8,81.9,1920,1080,0.434,878.2,654.3
Round3,Q1,566,283.0,EMIRATES,0.8546,30.2,536.1,321.7,97.7,1920,1080,1.516,191.1,585.0
Round3,Q1,567,283.5,EMIRATES,0.8874,839.7,536.9,105.5,54.3,1920,1080,0.276,892.4,564.1
Round3,Q1,569,284.5,EMIRATES,0.8575,1013.4,730.4,180.0,67.9,1920,1080,0.589,1103.4,764.4
Round3,Q1,569,284.5,EMIRATES,0.8364,0.0,299.1,144.8,97.4,1920,1080,0.68,72.4,347.8
Round3,Q1,570,285.0,EMIRATES,0.9056,634.4,219.3,262.5,88.3,1920,1080,1.118,765.6,263.5
Round3,Q1,570,285.0,EMIRATES,0.8961,1229.2,810.8,198.0,70.5,1920,1080,0.673,1328.2,846.0
Round3,Q1,571,285.5,EMIRATES,0.8921,494.2,335.6,277.9,90.5,1920,1080,1.213,633.1,380.8
Round3,Q1,571,285.5,EMIRATES,0.8426,955.8,676.6,163.4,103.2,1920,1080,0.813,1037.6,728.2
Round3,Q1,572,286.0,EMIRATES,0.8804,940.0,826.1,220.5,66.9,1920,1080,0.712,1050.2,859.5
Round3,Q1,572,286.0,EMIRATES,0.8417,0.1,287.3,114.4,101.0,1920,1080,0.557,57.3,337.7
Round3,Q1,573,286.5,EMIRATES,0.8814,1369.9,472.5,289.4,88.3,1920,1080,1.232,1514.6,516.6
Round3,Q1,573,286.5,EMIRATES,0.8803,907.6,797.6,174.4,116.5,1920,1080,0.98,994.8,855.9
Round3,Q1,573,286.5,EMIRATES,0.8739,245.8,540.3,196.0,85.9,1920,1080,0.812,343.8,583.2
Round3,Q1,574,287.0,EMIRATES,0.8813,279.4,381.1,312.9,128.4,1920,1080,1.937,435.9,445.3
Round3,Q1,574,287.0,EMIRATES,0.6883,952.0,815.9,211.7,72.5,1920,1080,0.74,1057.9,852.2
Round3,Q1,575,287.5,EMIRATES,0.7818,302.9,815.7,83.8,75.0,1920,1080,0.303,344.8,853.2
Round3,Q1,577,288.5,EMIRATES,0.6822,1585.4,389.5,58.5,28.6,1920,1080,0.081,1614.7,403.7
Round3,Q1,577,288.5,EMIRATES,0.4892,507.5,681.2,215.7,66.7,1920,1080,0.694,615.4,714.6
Round3,Q1,579,289.5,EMIRATES,0.775,1672.2,342.9,67.2,32.5,1920,1080,0.105,1705.8,359.2
Round3,Q1,580,290.0,EMIRATES,0.8108,1720.9,301.1,69.1,32.6,1920,1080,0.109,1755.5,317.4
Round3,Q1,580,290.0,EMIRATES,0.6398,58.1,488.6,105.1,53.4,1920,1080,0.271,110.6,515.3
Round3,Q1,580,290.0,EMIRATES,0.3324,389.9,656.3,103.6,91.5,1920,1080,0.457,441.7,702.1
Round3,Q1,585,292.5,EMIRATES,0.907,1247.4,247.7,52.1,20.7,1920,1080,0.052,1273.5,258.1
Round3,Q1,585,292.5,EMIRATES,0.8966,256.2,228.9,66.0,20.0,1920,1080,0.064,289.2,238.9
Round3,Q1,586,293.0,EMIRATES,0.9096,268.9,270.2,71.7,21.4,1920,1080,0.074,304.8,280.9
Round3,Q1,586,293.0,EMIRATES,0.904,1031.1,282.9,62.9,25.2,1920,1080,0.076,1062.5,295.5
Round3,Q1,586,293.0,EMIRATES,0.3426,905.0,194.0,40.2,24.9,1920,1080,0.048,925.1,206.5
Round3,Q1,587,293.5,EMIRATES,0.8982,1096.1,335.9,60.5,25.8,1920,1080,0.075,1126.4,348.8
Round3,Q1,587,293.5,EMIRATES,0.854,804.3,243.1,48.6,24.7,1920,1080,0.058,828.6,255.5
Round3,Q1,587,293.5,EMIRATES,0.8348,289.2,325.9,53.7,23.5,1920,1080,0.061,316.0,337.7
Round3,Q1,587,293.5,EMIRATES,0.3039,926.5,335.7,32.8,20.0,1920,1080,0.032,942.9,345.7
Round3,Q1,588,294.0,EMIRATES,0.8892,1075.1,339.5,76.1,29.7,1920,1080,0.109,1113.2,354.4
Round3,Q1,588,294.0,EMIRATES,0.3944,293.3,281.2,48.3,23.2,1920,1080,0.054,317.5,292.8
Round3,Q1,589,294.5,EMIRATES,0.9001,1073.3,353.4,78.6,28.9,1920,1080,0.109,1112.6,367.9
Round3,Q1,590,295.0,EMIRATES,0.9085,991.3,329.6,78.0,27.6,1920,1080,0.104,1030.3,343.5
Round3,Q1,590,295.0,EMIRATES,0.9053,418.1,296.4,63.5,34.5,1920,1080,0.106,449.8,313.6
Round3,Q1,591,295.5,EMIRATES,0.9071,566.4,596.0,113.8,49.0,1920,1080,0.269,623.3,620.5
Round3,Q1,591,295.5,EMIRATES,0.902,1186.8,591.0,120.3,52.4,1920,1080,0.304,1247.0,617.2
Round3,Q1,592,296.0,EMIRATES,0.8873,580.2,668.5,57.1,48.9,1920,1080,0.135,608.8,692.9
Round3,Q1,592,296.0,EMIRATES,0.4481,954.3,588.5,33.5,49.4,1920,1080,0.08,971.1,613.2
Round3,Q1,593,296.5,EMIRATES,0.8905,673.2,590.9,72.2,61.4,1920,1080,0.214,709.3,621.6
Round3,Q1,593,296.5,EMIRATES,0.8842,841.2,653.8,114.2,70.3,1920,1080,0.387,898.3,688.9
Round3,Q1,594,297.0,EMIRATES,0.9085,0.4,600.0,136.0,53.5,1920,1080,0.351,68.4,626.7
Round3,Q1,594,297.0,EMIRATES,0.9018,991.4,594.1,111.0,51.7,1920,1080,0.277,1046.9,620.0
Round3,Q1,595,297.5,EMIRATES,0.8961,469.9,662.8,65.9,62.8,1920,1080,0.199,502.8,694.2
Round3,Q1,595,297.5,EMIRATES,0.895,1525.5,675.9,79.0,52.0,1920,1080,0.198,1565.0,701.9
Round3,Q1,596,298.0,EMIRATES,0.8846,1277.4,655.2,61.3,65.9,1920,1080,0.195,1308.0,688.1
Round3,Q1,597,298.5,EMIRATES,0.6362,1211.8,454.2,102.8,51.8,1920,1080,0.257,1263.2,480.1
Round3,Q1,597,298.5,EMIRATES,0.5502,1011.5,595.2,17.9,46.2,1920,1080,0.04,1020.5,618.3
Round3,Q1,598,299.0,EMIRATES,0.8981,1039.8,344.8,142.8,57.7,1920,1080,0.398,1111.2,373.7
Round3,Q1,599,299.5,EMIRATES,0.5523,1000.1,466.4,39.3,47.9,1920,1080,0.091,1019.7,490.4
Round3,Q1,600,300.0,EMIRATES,0.5489,1095.4,542.7,30.3,43.9,1920,1080,0.064,1110.5,564.6
Round3,Q1,601,300.5,EMIRATES,0.8957,959.9,591.7,72.4,57.3,1920,1080,0.2,996.1,620.3
Round3,Q1,602,301.0,EMIRATES,0.8527,1093.4,570.5,38.8,52.1,1920,1080,0.097,1112.8,596.6
Round3,Q1,603,301.5,EMIRATES,0.9133,1366.1,581.6,76.6,46.9,1920,1080,0.173,1404.4,605.0
Round3,Q1,603,301.5,EMIRATES,0.89,1018.6,350.9,111.8,51.0,1920,1080,0.275,1074.5,376.4
Round3,Q1,604,302.0,EMIRATES,0.9089,1598.6,586.2,113.5,43.9,1920,1080,0.24,1655.3,608.2
Round3,Q1,604,302.0,EMIRATES,0.9,797.5,332.1,123.5,45.6,1920,1080,0.272,859.3,355.0
Round3,Q1,604,302.0,EMIRATES,0.8932,1216.7,581.9,59.9,53.5,1920,1080,0.155,1246.7,608.6
Round3,Q1,605,302.5,EMIRATES,0.9044,1135.7,635.5,66.6,43.2,1920,1080,0.139,1169.0,657.1
Round3,Q1,605,302.5,EMIRATES,0.8981,682.2,361.1,129.2,46.5,1920,1080,0.29,746.8,384.4
Round3,Q1,606,303.0,EMIRATES,0.8599,1273.1,607.2,43.4,53.0,1920,1080,0.111,1294.8,633.6
Round3,Q1,606,303.0,EMIRATES,0.5713,878.8,678.4,28.9,45.0,1920,1080,0.063,893.3,701.0
Round3,Q1,607,303.5,EMIRATES,0.9067,623.3,659.0,64.3,43.8,1920,1080,0.136,655.5,680.9
Round3,Q1,607,303.5,EMIRATES,0.7813,1088.5,374.1,61.0,47.2,1920,1080,0.139,1119.0,397.7
Round3,Q1,608,304.0,EMIRATES,0.8871,1601.8,504.9,93.8,51.6,1920,1080,0.234,1648.7,530.8
Round3,Q1,608,304.0,EMIRATES,0.3611,289.3,719.9,24.5,43.7,1920,1080,0.052,301.6,741.7
Round3,Q1,609,304.5,EMIRATES,0.8989,1555.8,512.5,91.3,46.2,1920,1080,0.203,1601.4,535.6
Round3,Q1,609,304.5,EMIRATES,0.8888,72.4,526.7,96.5,45.5,1920,1080,0.212,120.6,549.4
Round3,Q1,610,305.0,EMIRATES,0.8691,1447.1,515.4,74.1,48.0,1920,1080,0.172,1484.2,539.4
Round3,Q1,610,305.0,EMIRATES,0.8471,1108.7,433.2,72.3,48.4,1920,1080,0.169,1144.9,457.4
Round3,Q1,611,305.5,EMIRATES,0.6655,1426.1,489.1,55.0,55.3,1920,1080,0.146,1453.5,516.7
Round3,Q1,611,305.5,EMIRATES,0.3812,1268.7,633.4,19.5,38.9,1920,1080,0.037,1278.5,652.8
Round3,Q1,612,306.0,EMIRATES,0.8961,990.8,401.8,89.1,44.6,1920,1080,0.192,1035.3,424.1
Round3,Q1,612,306.0,EMIRATES,0.8893,1294.9,488.7,76.7,45.8,1920,1080,0.169,1333.2,511.6
Round3,Q1,613,306.5,EMIRATES,0.8545,1232.2,483.5,69.3,52.0,1920,1080,0.174,1266.9,509.6
Round3,Q1,614,307.0,EMIRATES,0.9032,61.6,531.7,159.6,48.8,1920,1080,0.375,141.4,556.1
Round3,Q1,614,307.0,EMIRATES,0.8846,926.4,401.4,88.0,48.1,1920,1080,0.204,970.4,425.4
Round3,Q1,614,307.0,EMIRATES,0.8682,1327.7,544.2,84.8,51.4,1920,1080,0.21,1370.1,569.9
Round3,Q1,615,307.5,EMIRATES,0.8903,737.0,536.9,91.6,48.0,1920,1080,0.212,782.8,560.9
Round3,Q1,615,307.5,EMIRATES,0.8887,1019.4,420.9,105.7,50.5,1920,1080,0.257,1072.3,446.2
Round3,Q1,615,307.5,EMIRATES,0.8723,13.2,494.9,115.2,68.6,1920,1080,0.381,70.8,529.2
Round3,Q1,615,307.5,EMIRATES,0.8512,431.9,548.5,45.7,53.0,1920,1080,0.117,454.8,575.0
Round3,Q1,616,308.0,EMIRATES,0.9103,1100.3,396.2,163.4,41.1,1920,1080,0.324,1182.0,416.8
Round3,Q1,616,308.0,EMIRATES,0.8919,412.9,507.1,121.2,61.9,1920,1080,0.362,473.4,538.0
Round3,Q1,616,308.0,EMIRATES,0.8865,1417.8,536.4,85.5,45.1,1920,1080,0.186,1460.6,558.9
Round3,Q1,617,308.5,EMIRATES,0.9071,1533.3,528.2,151.5,45.6,1920,1080,0.333,1609.0,551.0
Round3,Q1,617,308.5,EMIRATES,0.8779,458.6,491.5,114.8,40.5,1920,1080,0.224,516.0,511.8
Round3,Q1,617,308.5,EMIRATES,0.8376,928.7,352.8,144.6,52.4,1920,1080,0.366,1001.0,379.0
Round3,Q1,618,309.0,EMIRATES,0.9108,1532.6,511.0,148.4,48.2,1920,1080,0.345,1606.8,535.1
Round3,Q1,618,309.0,EMIRATES,0.9057,1242.7,521.9,63.8,43.6,1920,1080,0.134,1274.6,543.7
Round3,Q1,618,309.0,EMIRATES,0.8876,908.6,338.7,155.7,56.4,1920,1080,0.423,986.4,366.9
Round3,Q1,618,309.0,EMIRATES,0.8675,415.5,468.6,112.0,44.9,1920,1080,0.242,471.5,491.0
Round3,Q1,619,309.5,EMIRATES,0.9013,1405.5,505.4,149.4,46.5,1920,1080,0.335,1480.2,528.6
Round3,Q1,619,309.5,EMIRATES,0.879,942.5,322.3,171.1,68.9,1920,1080,0.568,1028.0,356.7
Round3,Q1,619,309.5,EMIRATES,0.4392,336.7,470.6,75.1,44.7,1920,1080,0.162,374.3,493.0
Round3,Q1,620,310.0,EMIRATES,0.9089,1402.3,503.3,132.4,46.5,1920,1080,0.296,1468.5,526.6
Round3,Q1,620,310.0,EMIRATES,0.8881,894.4,321.5,165.1,65.4,1920,1080,0.52,976.9,354.2
Round3,Q1,621,310.5,EMIRATES,0.9075,1614.0,492.9,141.4,46.5,1920,1080,0.317,1684.8,516.1
Round3,Q1,621,310.5,EMIRATES,0.8949,1415.4,513.6,125.4,49.4,1920,1080,0.299,1478.1,538.3
Round3,Q1,621,310.5,EMIRATES,0.8008,785.1,352.1,63.8,45.9,1920,1080,0.141,817.0,375.0
Round3,Q1,621,310.5,EMIRATES,0.4812,1114.6,497.5,26.5,58.8,1920,1080,0.075,1127.8,526.9
Round3,Q1,622,311.0,EMIRATES,0.8965,1503.9,518.8,131.9,49.7,1920,1080,0.316,1569.9,543.7
Round3,Q1,622,311.0,EMIRATES,0.8927,703.1,339.6,163.2,47.3,1920,1080,0.372,784.7,363.3
Round3,Q1,623,311.5,EMIRATES,0.915,1702.9,534.4,153.0,46.0,1920,1080,0.34,1779.4,557.4
Round3,Q1,623,311.5,EMIRATES,0.8881,1459.9,851.0,126.5,58.0,1920,1080,0.354,1523.1,880.0
Round3,Q1,623,311.5,EMIRATES,0.8875,921.1,351.0,139.1,48.8,1920,1080,0.327,990.6,375.4
Round3,Q1,624,312.0,EMIRATES,0.9037,1193.1,334.0,115.5,42.8,1920,1080,0.238,1250.9,355.4
Round3,Q1,625,312.5,EMIRATES,0.8843,1339.8,356.4,105.8,44.2,1920,1080,0.226,1392.7,378.5
Round3,Q1,626,313.0,EMIRATES,0.8642,1211.8,416.4,67.2,54.1,1920,1080,0.175,1245.4,443.4
Round3,Q1,627,313.5,EMIRATES,0.9132,969.1,415.0,137.8,45.5,1920,1080,0.302,1038.0,437.8
Round3,Q1,628,314.0,EMIRATES,0.8904,860.3,413.8,119.9,49.0,1920,1080,0.283,920.3,438.3
Round3,Q1,629,314.5,EMIRATES,0.6137,986.0,362.7,62.4,45.4,1920,1080,0.137,1017.2,385.4
Round3,Q1,631,315.5,EMIRATES,0.8065,953.5,391.2,82.0,31.3,1920,1080,0.124,994.5,406.9
Round3,Q1,641,320.5,EMIRATES,0.452,293.5,555.5,17.8,7.3,1920,1080,0.006,302.4,559.1
Round3,Q1,642,321.0,EMIRATES,0.6987,1202.0,649.0,16.2,6.1,1920,1080,0.005,1210.1,652.0
Round3,Q1,643,321.5,EMIRATES,0.7037,1183.7,650.6,17.5,7.7,1920,1080,0.007,1192.5,654.5
Round3,Q1,643,321.5,EMIRATES,0.5251,271.5,556.4,18.7,6.8,1920,1080,0.006,280.8,559.8
Round3,Q1,643,321.5,EMIRATES,0.4768,1828.5,529.8,15.2,6.7,1920,1080,0.005,1836.1,533.2
Round3,Q1,644,322.0,EMIRATES,0.6676,221.3,553.4,23.4,15.4,1920,1080,0.017,233.0,561.1
Round3,Q1,644,322.0,EMIRATES,0.3634,1842.2,545.9,12.4,9.4,1920,1080,0.006,1848.4,550.7
Round3,Q1,644,322.0,EMIRATES,0.3313,1209.1,671.4,16.3,8.8,1920,1080,0.007,1217.3,675.8
Round3,Q1,645,322.5,EMIRATES,0.5574,205.3,580.6,19.8,7.9,1920,1080,0.008,215.2,584.5
Round3,Q1,645,322.5,EMIRATES,0.5178,1276.4,677.8,22.3,7.2,1920,1080,0.008,1287.5,681.4
Round3,Q1,645,322.5,EMIRATES,0.3382,1097.7,442.9,16.5,10.1,1920,1080,0.008,1106.0,447.9
Round3,Q1,646,323.0,EMIRATES,0.7777,1364.2,681.8,29.5,10.9,1920,1080,0.015,1379.0,687.2
Round3,Q1,646,323.0,EMIRATES,0.6404,1162.0,428.9,20.0,12.9,1920,1080,0.012,1172.0,435.4
Round3,Q1,646,323.0,EMIRATES,0.3058,1010.0,94.1,19.5,8.0,1920,1080,0.008,1019.8,98.1
Round3,Q1,647,323.5,EMIRATES,0.8847,1373.5,562.3,43.9,19.1,1920,1080,0.04,1395.5,571.8
Round3,Q1,647,323.5,EMIRATES,0.5788,137.8,623.5,21.2,11.0,1920,1080,0.011,148.4,629.0
Round3,Q1,647,323.5,EMIRATES,0.4485,1034.8,530.4,34.0,15.8,1920,1080,0.026,1051.8,538.3
Round3,Q1,648,324.0,EMIRATES,0.9005,1125.0,453.4,45.1,16.5,1920,1080,0.036,1147.5,461.6
Round3,Q1,648,324.0,EMIRATES,0.7571,1405.4,477.5,25.4,13.5,1920,1080,0.016,1418.1,484.3
Round3,Q1,648,324.0,EMIRATES,0.5453,108.3,832.6,73.7,30.1,1920,1080,0.107,145.1,847.6
Round3,Q1,649,324.5,EMIRATES,0.8854,600.6,493.8,50.1,14.0,1920,1080,0.034,625.7,500.8
Round3,Q1,649,324.5,EMIRATES,0.883,1623.4,568.6,41.7,15.4,1920,1080,0.031,1644.3,576.3
Round3,Q1,649,324.5,EMIRATES,0.8787,1149.8,409.7,46.0,23.5,1920,1080,0.052,1172.8,421.5
Round3,Q1,650,325.0,EMIRATES,0.894,1313.2,362.3,38.1,19.2,1920,1080,0.035,1332.3,371.9
Round3,Q1,650,325.0,EMIRATES,0.6223,863.2,542.0,26.5,31.7,1920,1080,0.04,876.4,557.8
Round3,Q1,651,325.5,EMIRATES,0.9049,1328.5,319.7,47.9,17.6,1920,1080,0.041,1352.4,328.5
Round3,Q1,652,326.0,EMIRATES,0.8828,1423.4,845.4,53.5,34.1,1920,1080,0.088,1450.1,862.4
Round3,Q1,652,326.0,EMIRATES,0.8719,1302.9,296.8,24.8,16.8,1920,1080,0.02,1315.3,305.2
Round3,Q1,653,326.5,EMIRATES,0.8886,1264.7,351.8,87.8,48.6,1920,1080,0.206,1308.6,376.1
Round3,Q1,654,327.0,EMIRATES,0.9099,1284.5,415.2,129.4,49.3,1920,1080,0.307,1349.2,439.9
Round3,Q1,655,327.5,EMIRATES,0.8354,1097.0,364.5,62.2,51.3,1920,1080,0.154,1128.1,390.2
Round3,Q1,655,327.5,EMIRATES,0.6164,745.5,643.1,61.6,30.8,1920,1080,0.092,776.3,658.5
Round3,Q1,656,328.0,EMIRATES,0.9043,946.7,475.2,96.5,50.9,1920,1080,0.237,995.0,500.7
Round3,Q1,656,328.0,EMIRATES,0.8689,416.5,515.9,128.4,55.5,1920,1080,0.343,480.7,543.7
Round3,Q1,657,328.5,EMIRATES,0.9003,1036.1,572.5,83.6,58.7,1920,1080,0.237,1077.9,601.9
Round3,Q1,657,328.5,EMIRATES,0.8984,569.1,503.8,189.1,46.2,1920,1080,0.421,663.6,526.9
Round3,Q1,658,329.0,EMIRATES,0.9074,1394.0,181.5,156.7,60.7,1920,1080,0.458,1472.3,211.8
Round3,Q1,658,329.0,EMIRATES,0.8981,571.5,452.6,179.8,52.2,1920,1080,0.453,661.4,478.7
Round3,Q1,658,329.0,EMIRATES,0.8931,1057.1,544.2,81.5,74.8,1920,1080,0.294,1097.9,581.6
Round3,Q1,658,329.0,EMIRATES,0.546,186.3,601.2,103.8,53.5,1920,1080,0.268,238.2,628.0
Round3,Q1,659,329.5,EMIRATES,0.9103,1038.3,509.7,166.1,49.7,1920,1080,0.398,1121.3,534.5
Round3,Q1,659,329.5,EMIRATES,0.9051,1256.3,173.9,115.3,46.4,1920,1080,0.258,1314.0,197.1
Round3,Q1,659,329.5,EMIRATES,0.9031,117.8,367.0,199.0,56.2,1920,1080,0.539,217.3,395.0
Round3,Q1,659,329.5,EMIRATES,0.8898,668.1,427.7,134.7,56.0,1920,1080,0.364,735.4,455.7
Round3,Q1,659,329.5,EMIRATES,0.8893,1680.4,444.0,151.5,48.3,1920,1080,0.353,1756.1,468.2
Round3,Q1,660,330.0,EMIRATES,0.8943,508.9,405.1,133.4,57.1,1920,1080,0.367,575.6,433.6
Round3,Q1,660,330.0,EMIRATES,0.855,892.8,487.6,179.0,55.3,1920,1080,0.478,982.3,515.2
Round3,Q1,661,330.5,EMIRATES,0.8789,1301.8,524.7,223.1,72.9,1920,1080,0.785,1413.3,561.2
Round3,Q1,662,331.0,EMIRATES,0.8934,1034.4,376.0,42.1,25.4,1920,1080,0.052,1055.4,388.7
Round3,Q1,663,331.5,EMIRATES,0.9003,173.4,402.5,99.1,36.8,1920,1080,0.176,222.9,420.8
Round3,Q1,663,331.5,EMIRATES,0.8904,1043.6,377.9,33.9,22.4,1920,1080,0.037,1060.6,389.1
Round3,Q1,664,332.0,EMIRATES,0.9093,992.2,390.8,67.5,31.1,1920,1080,0.101,1025.9,406.3
Round3,Q1,664,332.0,EMIRATES,0.9071,257.1,168.4,146.8,40.0,1920,1080,0.283,330.5,188.4
Round3,Q1,665,332.5,EMIRATES,0.9045,774.8,265.8,132.2,39.8,1920,1080,0.254,840.9,285.7
Round3,Q1,666,333.0,EMIRATES,0.8767,1039.0,278.5,191.2,55.4,1920,1080,0.511,1134.6,306.2
Round3,Q1,667,333.5,EMIRATES,0.8814,1001.4,699.0,128.4,73.5,1920,1080,0.456,1065.6,735.8
Round3,Q1,667,333.5,EMIRATES,0.8337,1714.9,304.8,205.1,87.1,1920,1080,0.862,1817.4,348.3
Round3,Q1,669,334.5,EMIRATES,0.3973,1196.8,672.1,28.8,13.9,1920,1080,0.019,1211.2,679.0
Round3,Q1,670,335.0,EMIRATES,0.5663,328.8,517.8,28.2,13.2,1920,1080,0.018,342.9,524.3
Round3,Q1,671,335.5,EMIRATES,0.8944,664.0,484.7,54.3,15.8,1920,1080,0.041,691.1,492.6
Round3,Q1,673,336.5,EMIRATES,0.8657,1177.6,473.1,36.0,19.8,1920,1080,0.034,1195.6,483.0
Round3,Q1,677,338.5,EMIRATES,0.6291,919.5,483.1,52.4,16.3,1920,1080,0.041,945.7,491.2
Round3,Q1,678,339.0,EMIRATES,0.8635,468.8,179.2,148.7,41.4,1920,1080,0.297,543.1,199.9
Round3,Q1,678,339.0,EMIRATES,0.8589,1003.4,177.7,143.8,42.7,1920,1080,0.296,1075.3,199.0
Round3,Q1,678,339.0,EMIRATES,0.8504,187.8,176.5,155.1,44.3,1920,1080,0.331,265.3,198.7
Round3,Q1,678,339.0,EMIRATES,0.8493,1537.8,176.6,153.1,42.6,1920,1080,0.315,1614.4,197.9
Round3,Q1,678,339.0,EMIRATES,0.8444,1270.9,177.3,143.8,42.8,1920,1080,0.297,1342.8,198.7
Round3,Q1,678,339.0,EMIRATES,0.7835,0.0,175.6,51.2,42.0,1920,1080,0.104,25.6,196.6
Round3,Q1,678,339.0,EMIRATES,0.7604,1826.7,173.4,93.3,43.3,1920,1080,0.195,1873.3,195.0
Round3,Q1,679,339.5,EMIRATES,0.8731,730.3,184.2,137.9,41.5,1920,1080,0.276,799.3,205.0
Round3,Q1,679,339.5,EMIRATES,0.8723,1239.8,185.5,140.4,39.0,1920,1080,0.264,1310.0,205.0
Round3,Q1,679,339.5,EMIRATES,0.8635,200.2,183.3,147.7,41.9,1920,1080,0.298,274.1,204.2
Round3,Q1,679,339.5,EMIRATES,0.8569,1769.6,184.4,149.4,40.4,1920,1080,0.291,1844.3,204.6
Round3,Q1,679,339.5,EMIRATES,0.856,986.3,184.6,137.3,39.7,1920,1080,0.263,1055.0,204.4
Round3,Q1,679,339.5,EMIRATES,0.8296,972.2,0.3,122.8,23.1,1920,1080,0.137,1033.6,11.8
Round3,Q1,679,339.5,EMIRATES,0.8288,1196.8,0.5,122.6,22.3,1920,1080,0.132,1258.1,11.7
Round3,Q1,679,339.5,EMIRATES,0.8145,0.3,169.9,70.2,51.5,1920,1080,0.174,35.4,195.6
Round3,Q1,679,339.5,EMIRATES,0.8091,1504.3,183.8,140.1,42.2,1920,1080,0.285,1574.3,204.9
Round3,Q1,679,339.5,EMIRATES,0.7936,1424.4,1.0,127.3,20.4,1920,1080,0.125,1488.0,11.2
Round3,Q1,679,339.5,EMIRATES,0.7453,746.5,0.6,123.0,21.7,1920,1080,0.129,808.0,11.4
Round3,Q1,679,339.5,EMIRATES,0.6786,469.1,185.6,144.1,38.3,1920,1080,0.266,541.1,204.8
Round3,Q1,679,339.5,EMIRATES,0.6317,1661.3,0.6,131.7,19.5,1920,1080,0.124,1727.1,10.4
Round3,Q1,679,339.5,EMIRATES,0.6112,432.9,0.9,126.1,18.3,1920,1080,0.111,495.9,10.0
Round3,Q1,680,340.0,EMIRATES,0.8961,1591.6,180.5,147.8,40.1,1920,1080,0.286,1665.5,200.6
Round3,Q1,680,340.0,EMIRATES,0.8947,1067.8,180.5,140.2,39.5,1920,1080,0.267,1137.9,200.3
Round3,Q1,680,340.0,EMIRATES,0.8872,811.5,178.3,140.9,41.0,1920,1080,0.278,881.9,198.8
Round3,Q1,680,340.0,EMIRATES,0.8747,1331.3,180.1,138.4,41.7,1920,1080,0.278,1400.5,200.9
Round3,Q1,680,340.0,EMIRATES,0.8699,549.8,178.0,145.1,41.5,1920,1080,0.29,622.3,198.7
Round3,Q1,680,340.0,EMIRATES,0.8555,0.0,173.5,154.0,42.4,1920,1080,0.315,77.0,194.7
Round3,Q1,680,340.0,EMIRATES,0.8077,1870.5,179.7,49.5,36.9,1920,1080,0.088,1895.3,198.1
Round3,Q1,680,340.0,EMIRATES,0.7509,279.5,177.7,152.0,39.1,1920,1080,0.287,355.5,197.3
Round3,Q1,680,340.0,EMIRATES,0.6731,795.9,0.0,124.5,14.8,1920,1080,0.089,858.1,7.4
Round3,Q1,680,340.0,EMIRATES,0.5033,1021.7,0.4,124.1,15.3,1920,1080,0.091,1083.7,8.1
Round3,Q1,680,340.0,EMIRATES,0.502,1249.4,0.4,127.0,15.1,1920,1080,0.092,1312.9,7.9
Round3,Q1,681,340.5,EMIRATES,0.8276,308.4,849.5,68.8,21.9,1920,1080,0.073,342.8,860.5
Round3,Q1,681,340.5,EMIRATES,0.4726,417.6,453.5,49.2,17.7,1920,1080,0.042,442.2,462.3
Round3,Q1,682,341.0,EMIRATES,0.8766,1102.9,704.9,55.2,17.3,1920,1080,0.046,1130.6,713.5
Round3,Q1,683,341.5,EMIRATES,0.8911,1128.1,590.9,38.7,22.4,1920,1080,0.042,1147.5,602.1
Round3,Q1,684,342.0,EMIRATES,0.8838,1103.1,130.5,28.6,11.2,1920,1080,0.015,1117.4,136.1
Round3,Q1,684,342.0,EMIRATES,0.8806,778.9,508.1,35.5,15.3,1920,1080,0.026,796.7,515.7
Round3,Q1,685,342.5,EMIRATES,0.6836,1499.3,131.5,28.9,20.7,1920,1080,0.029,1513.7,141.9
Round3,Q1,686,343.0,EMIRATES,0.8878,1567.5,168.9,38.4,16.7,1920,1080,0.031,1586.6,177.3
Round3,Q1,686,343.0,EMIRATES,0.7484,541.4,169.7,41.5,15.4,1920,1080,0.031,562.2,177.4
Round3,Q1,687,343.5,EMIRATES,0.7671,1147.3,279.5,40.9,17.1,1920,1080,0.034,1167.7,288.0
Round3,Q1,688,344.0,EMIRATES,0.7951,1087.1,392.3,48.7,23.2,1920,1080,0.054,1111.5,403.9
Round3,Q1,688,344.0,EMIRATES,0.6774,1595.8,627.5,51.5,28.8,1920,1080,0.071,1621.6,641.9
Round3,Q1,689,344.5,EMIRATES,0.489,865.3,455.4,28.5,16.3,1920,1080,0.022,879.6,463.6
Round3,Q1,690,345.0,EMIRATES,0.8663,1801.3,89.6,48.5,14.5,1920,1080,0.034,1825.6,96.8
Round3,Q1,690,345.0,EMIRATES,0.3933,577.6,466.8,41.2,12.5,1920,1080,0.025,598.2,473.0
Round3,Q1,691,345.5,EMIRATES,0.8885,1574.1,154.7,39.6,14.8,1920,1080,0.028,1593.9,162.1
Round3,Q1,691,345.5,EMIRATES,0.4704,529.4,567.6,32.5,15.2,1920,1080,0.024,545.6,575.2
Round3,Q1,692,346.0,EMIRATES,0.849,932.9,436.1,38.3,16.7,1920,1080,0.031,952.1,444.5
Round3,Q1,692,346.0,EMIRATES,0.7084,1835.8,490.7,46.2,17.6,1920,1080,0.039,1858.9,499.5
Round3,Q1,693,346.5,EMIRATES,0.8771,798.1,520.3,48.3,15.4,1920,1080,0.036,822.3,528.0
Round3,Q1,694,347.0,EMIRATES,0.8796,1270.0,504.9,35.9,14.2,1920,1080,0.025,1288.0,512.0
Round3,Q1,694,347.0,EMIRATES,0.8765,567.6,420.0,36.8,17.9,1920,1080,0.032,586.0,429.0
Round3,Q1,694,347.0,EMIRATES,0.3474,804.4,116.0,48.1,17.4,1920,1080,0.04,828.5,124.7
Round3,Q1,695,347.5,EMIRATES,0.8695,1220.7,477.7,28.2,14.5,1920,1080,0.02,1234.7,484.9
Round3,Q1,695,347.5,EMIRATES,0.8527,283.5,278.3,48.7,16.1,1920,1080,0.038,307.9,286.3
Round3,Q1,695,347.5,EMIRATES,0.3165,164.0,19.7,62.5,15.8,1920,1080,0.048,195.3,27.5
Round3,Q1,696,348.0,EMIRATES,0.8044,1127.4,426.4,22.4,14.1,1920,1080,0.015,1138.6,433.4
Round3,Q1,702,351.0,EMIRATES,0.816,1570.1,227.6,26.6,28.4,1920,1080,0.036,1583.4,241.8
Round3,Q1,703,351.5,EMIRATES,0.9018,1513.0,584.9,39.9,17.1,1920,1080,0.033,1533.0,593.5
Round3,Q1,704,352.0,EMIRATES,0.8515,1526.2,714.7,46.3,24.4,1920,1080,0.055,1549.4,726.9
Round3,Q1,705,352.5,EMIRATES,0.8512,765.0,313.5,36.1,18.2,1920,1080,0.032,783.0,322.6
Round3,Q1,706,353.0,EMIRATES,0.8645,1129.5,387.3,34.1,30.9,1920,1080,0.051,1146.6,402.8
Round3,Q1,713,356.5,EMIRATES,0.4603,213.8,173.8,41.2,18.7,1920,1080,0.037,234.4,183.2
Round3,Q1,714,357.0,EMIRATES,0.8939,1661.6,408.2,47.6,14.8,1920,1080,0.034,1685.4,415.6
Round3,Q1,714,357.0,EMIRATES,0.3719,692.8,326.2,27.1,14.7,1920,1080,0.019,706.3,333.6
Round3,Q1,716,358.0,EMIRATES,0.6031,1180.4,220.1,35.8,13.1,1920,1080,0.023,1198.3,226.7
Round3,Q1,717,358.5,EMIRATES,0.8934,999.3,270.8,28.7,13.7,1920,1080,0.019,1013.7,277.6
Round3,Q1,718,359.0,EMIRATES,0.5588,1075.5,347.5,16.8,13.4,1920,1080,0.011,1083.9,354.1
Round3,Q1,720,360.0,EMIRATES,0.7558,1298.9,530.5,30.9,9.5,1920,1080,0.014,1314.4,535.3
Round3,Q1,721,360.5,EMIRATES,0.493,1454.8,497.7,44.9,12.1,1920,1080,0.026,1477.3,503.8
Round3,Q1,722,361.0,EMIRATES,0.893,1544.8,497.1,47.1,15.8,1920,1080,0.036,1568.3,505.0
Round3,Q1,724,362.0,EMIRATES,0.3641,1354.9,319.8,47.6,11.9,1920,1080,0.027,1378.7,325.8
Round3,Q1,725,362.5,EMIRATES,0.7154,416.4,393.9,28.6,19.9,1920,1080,0.027,430.6,403.9
Round3,Q1,726,363.0,EMIRATES,0.7704,1131.5,584.0,12.5,58.8,1920,1080,0.035,1137.8,613.4
Round3,Q1,726,363.0,EMIRATES,0.7686,955.1,562.9,11.6,55.4,1920,1080,0.031,960.9,590.6
Round3,Q1,726,363.0,EMIRATES,0.7436,1322.7,611.8,11.8,60.2,1920,1080,0.034,1328.6,641.8
Round3,Q1,726,363.0,EMIRATES,0.7064,1325.4,556.4,11.3,48.2,1920,1080,0.026,1331.1,580.5
Round3,Q1,726,363.0,EMIRATES,0.7055,956.3,512.9,11.6,44.6,1920,1080,0.025,962.1,535.2
Round3,Q1,726,363.0,EMIRATES,0.6152,1133.6,533.0,11.5,46.4,1920,1080,0.026,1139.4,556.3
Round3,Q1,726,363.0,EMIRATES,0.5141,793.0,493.3,11.5,44.5,1920,1080,0.025,798.7,515.5
Round3,Q1,726,363.0,EMIRATES,0.4302,792.5,541.2,10.7,54.8,1920,1080,0.028,797.9,568.6
Round3,Q1,727,363.5,EMIRATES,0.8018,1182.7,533.9,13.1,52.9,1920,1080,0.033,1189.3,560.3
Round3,Q1,727,363.5,EMIRATES,0.7966,977.3,566.3,13.5,64.7,1920,1080,0.042,984.1,598.6
Round3,Q1,727,363.5,EMIRATES,0.7857,1401.9,622.5,14.6,71.5,1920,1080,0.05,1409.2,658.3
Round3,Q1,727,363.5,EMIRATES,0.7733,1405.5,560.0,13.1,55.3,1920,1080,0.035,1412.0,587.7
Round3,Q1,727,363.5,EMIRATES,0.7675,978.8,509.5,13.0,49.8,1920,1080,0.031,985.3,534.5
Round3,Q1,727,363.5,EMIRATES,0.7661,791.1,488.4,11.7,50.5,1920,1080,0.029,797.0,513.6
Round3,Q1,727,363.5,EMIRATES,0.7583,1181.4,592.6,13.8,69.4,1920,1080,0.046,1188.3,627.3
Round3,Q1,727,363.5,EMIRATES,0.5696,790.6,544.1,12.2,48.0,1920,1080,0.028,796.7,568.1
Round3,Q1,728,364.0,EMIRATES,0.8345,500.5,206.1,82.0,416.5,1920,1080,1.647,541.5,414.4
Round3,Q1,728,364.0,EMIRATES,0.7538,1783.8,5.9,93.2,212.4,1920,1080,0.954,1830.4,112.0
Round3,Q1,728,364.0,EMIRATES,0.7516,1792.5,356.0,92.9,387.7,1920,1080,1.738,1839.0,549.8
Round3,Q1,728,364.0,EMIRATES,0.5524,1878.7,675.5,41.3,24.2,1920,1080,0.048,1899.3,687.6
Round3,Q1,728,364.0,EMIRATES,0.3563,495.9,1.8,77.5,184.2,1920,1080,0.689,534.7,93.9
Round3,Q1,728,364.0,EMIRATES,0.3257,1862.2,779.0,57.8,55.9,1920,1080,0.156,1891.1,806.9
Round3,Q1,729,364.5,EMIRATES,0.7625,563.1,0.0,81.9,368.9,1920,1080,1.457,604.1,184.4
Round3,Q1,729,364.5,EMIRATES,0.751,558.5,398.7,93.8,505.3,1920,1080,2.285,605.3,651.3
Round3,Q1,730,365.0,EMIRATES,0.768,607.0,0.0,76.2,362.4,1920,1080,1.331,645.1,181.2
Round3,Q1,730,365.0,EMIRATES,0.6352,607.0,382.6,87.7,440.4,1920,1080,1.861,650.8,602.8
Round3,Q1,731,365.5,EMIRATES,0.7359,782.4,0.0,81.4,227.6,1920,1080,0.894,823.1,113.8
Round3,Q1,731,365.5,EMIRATES,0.7132,785.8,273.2,89.9,524.3,1920,1080,2.273,830.8,535.3
Round3,Q1,732,366.0,EMIRATES,0.7791,824.0,9.0,82.6,293.1,1920,1080,1.168,865.3,155.6
Round3,Q1,732,366.0,EMIRATES,0.6717,823.0,366.4,93.3,580.8,1920,1080,2.613,869.7,656.8
Round3,Q1,733,366.5,EMIRATES,0.6712,732.2,1.8,95.4,305.2,1920,1080,1.404,779.9,154.4
Round3,Q1,733,366.5,EMIRATES,0.6522,730.1,391.7,105.2,537.1,1920,1080,2.725,782.7,660.3
Round3,Q1,735,367.5,EMIRATES,0.7538,1329.6,336.0,62.1,35.0,1920,1080,0.105,1360.7,353.5
Round3,Q1,736,368.0,EMIRATES,0.7512,1389.0,443.8,91.3,38.4,1920,1080,0.169,1434.6,463.0
Round3,Q1,737,368.5,EMIRATES,0.8129,1707.3,896.4,26.4,12.4,1920,1080,0.016,1720.4,902.5
Round3,Q1,737,368.5,EMIRATES,0.7889,1461.5,198.6,64.1,32.4,1920,1080,0.1,1493.6,214.8
Round3,Q1,738,369.0,EMIRATES,0.8779,1389.5,346.5,147.0,60.1,1920,1080,0.426,1463.0,376.6
Round3,Q1,739,369.5,EMIRATES,0.8797,1106.3,320.5,196.5,78.2,1920,1080,0.741,1204.6,359.6
Round3,Q1,739,369.5,EMIRATES,0.5781,759.8,81.4,78.3,41.0,1920,1080,0.155,799.0,101.9
Round3,Q1,740,370.0,EMIRATES,0.8731,910.2,284.4,191.6,79.5,1920,1080,0.734,1006.0,324.1
Round3,Q1,741,370.5,EMIRATES,0.8683,663.5,297.3,225.8,84.6,1920,1080,0.921,776.4,339.6
Round3,Q1,743,371.5,EMIRATES,0.6574,161.1,168.1,99.1,49.7,1920,1080,0.237,210.6,192.9
Round3,Q1,757,378.5,EMIRATES,0.7922,0.7,404.2,136.6,74.6,1920,1080,0.491,69.0,441.5
Round3,Q1,776,388.0,EMIRATES,0.3462,324.1,7.4,113.7,380.6,1920,1080,2.087,381.0,197.7
Round3,Q1,783,391.5,EMIRATES,0.8771,987.4,311.9,120.2,66.0,1920,1080,0.382,1047.5,344.9
Round3,Q1,784,392.0,EMIRATES,0.8554,1006.1,339.5,100.6,61.9,1920,1080,0.3,1056.4,370.5
Round3,Q1,785,392.5,EMIRATES,0.8706,1114.6,336.8,92.7,52.5,1920,1080,0.235,1161.0,363.0
Round3,Q1,786,393.0,EMIRATES,0.8707,1026.9,323.6,71.8,41.8,1920,1080,0.145,1062.9,344.5
Round3,Q1,787,393.5,EMIRATES,0.8535,1090.3,331.2,89.7,40.8,1920,1080,0.177,1135.1,351.6
Round3,Q1,788,394.0,EMIRATES,0.8475,931.4,316.5,80.0,36.1,1920,1080,0.139,971.5,334.5
Round3,Q1,789,394.5,EMIRATES,0.8432,918.4,310.2,117.7,36.9,1920,1080,0.209,977.3,328.6
Round3,Q1,790,395.0,EMIRATES,0.8842,1039.2,435.6,118.2,42.5,1920,1080,0.242,1098.3,456.8
Round3,Q1,791,395.5,EMIRATES,0.8628,991.4,348.2,77.1,35.7,1920,1080,0.133,1030.0,366.0
Round3,Q1,792,396.0,EMIRATES,0.8843,1015.2,364.2,113.5,32.7,1920,1080,0.179,1072.0,380.5
Round3,Q1,794,397.0,EMIRATES,0.4895,1153.5,361.5,47.7,17.8,1920,1080,0.041,1177.3,370.4
Round3,Q1,795,397.5,EMIRATES,0.782,1090.9,393.9,46.9,18.7,1920,1080,0.042,1114.3,403.3
Round3,Q1,796,398.0,EMIRATES,0.8396,1010.7,400.2,34.7,18.1,1920,1080,0.03,1028.0,409.3
Round3,Q1,797,398.5,EMIRATES,0.8902,978.8,430.1,41.3,24.3,1920,1080,0.048,999.4,442.2
Round3,Q1,798,399.0,EMIRATES,0.8384,980.1,364.7,46.3,20.7,1920,1080,0.046,1003.3,375.0
Round3,Q1,799,399.5,EMIRATES,0.8972,1004.7,320.8,31.5,20.4,1920,1080,0.031,1020.4,331.0
Round3,Q1,800,400.0,EMIRATES,0.8833,345.6,271.7,96.9,35.5,1920,1080,0.166,394.0,289.5
Round3,Q1,800,400.0,EMIRATES,0.8722,1066.5,314.5,43.4,30.8,1920,1080,0.065,1088.3,329.9
Round3,Q1,801,400.5,EMIRATES,0.8946,1121.2,273.5,56.7,27.2,1920,1080,0.074,1149.5,287.1
Round3,Q1,801,400.5,EMIRATES,0.8862,689.1,244.0,81.2,25.2,1920,1080,0.099,729.7,256.6
Round3,Q1,802,401.0,EMIRATES,0.8626,1120.7,270.0,90.5,28.1,1920,1080,0.123,1165.9,284.1
Round3,Q1,803,401.5,EMIRATES,0.846,1104.6,321.5,30.0,30.0,1920,1080,0.043,1119.5,336.5
Round3,Q1,804,402.0,EMIRATES,0.375,1144.4,255.4,40.8,26.9,1920,1080,0.053,1164.8,268.8
Round3,Q1,805,402.5,EMIRATES,0.3573,1123.3,250.6,36.0,31.8,1920,1080,0.055,1141.3,266.5
Round3,Q1,806,403.0,EMIRATES,0.8763,1083.5,264.9,49.1,28.1,1920,1080,0.066,1108.0,278.9
Round3,Q1,808,404.0,EMIRATES,0.8942,1453.9,322.3,40.8,14.6,1920,1080,0.029,1474.3,329.6
Round3,Q1,809,404.5,EMIRATES,0.494,1235.5,557.7,59.3,17.5,1920,1080,0.05,1265.2,566.4
Round3,Q1,814,407.0,EMIRATES,0.8354,1186.0,318.0,31.6,10.9,1920,1080,0.017,1201.8,323.4
Round3,Q1,815,407.5,EMIRATES,0.8683,483.6,437.5,33.4,16.9,1920,1080,0.027,500.3,446.0
Round3,Q1,815,407.5,EMIRATES,0.7275,471.0,401.1,27.9,10.8,1920,1080,0.015,484.9,406.5
Round3,Q1,816,408.0,EMIRATES,0.8773,759.5,535.6,35.4,15.4,1920,1080,0.026,777.2,543.3
Round3,Q1,816,408.0,EMIRATES,0.7559,1665.1,493.2,47.2,265.2,1920,1080,0.603,1688.7,625.8
Round3,Q1,816,408.0,EMIRATES,0.6681,1389.8,477.0,27.5,150.0,1920,1080,0.199,1403.5,552.0
Round3,Q1,816,408.0,EMIRATES,0.4991,1535.3,484.2,42.3,220.2,1920,1080,0.45,1556.4,594.3
Round3,Q1,816,408.0,EMIRATES,0.3009,1391.7,341.9,27.4,95.6,1920,1080,0.126,1405.4,389.7
Round3,Q1,817,408.5,EMIRATES,0.5494,1294.7,536.9,42.8,262.4,1920,1080,0.542,1316.1,668.1
Round3,Q1,817,408.5,EMIRATES,0.5144,904.1,569.1,27.2,12.7,1920,1080,0.017,917.7,575.4
Round3,Q1,818,409.0,EMIRATES,0.7472,928.3,540.2,33.2,15.8,1920,1080,0.025,944.8,548.1
Round3,Q1,819,409.5,EMIRATES,0.7458,829.9,524.6,43.8,13.0,1920,1080,0.028,851.8,531.2
Round3,Q1,819,409.5,EMIRATES,0.6839,593.2,307.5,28.6,105.4,1920,1080,0.145,607.5,360.2
Round3,Q1,819,409.5,EMIRATES,0.6019,770.2,484.5,36.0,269.5,1920,1080,0.468,788.2,619.2
Round3,Q1,820,410.0,EMIRATES,0.4921,444.5,467.6,42.2,323.5,1920,1080,0.659,465.6,629.3
Round3,Q1,820,410.0,EMIRATES,0.4816,228.2,260.7,35.8,125.2,1920,1080,0.216,246.1,323.3
Round3,Q1,820,410.0,EMIRATES,0.3312,507.1,478.1,35.3,15.1,1920,1080,0.026,524.8,485.7
Round3,Q1,821,410.5,EMIRATES,0.4752,232.8,409.5,62.8,473.4,1920,1080,1.433,264.2,646.2
Round3,Q1,822,411.0,EMIRATES,0.8427,191.7,128.6,100.9,25.3,1920,1080,0.123,242.1,141.3
Round3,Q1,822,411.0,EMIRATES,0.8274,414.2,934.8,94.4,79.8,1920,1080,0.363,461.4,974.7
Round3,Q1,823,411.5,EMIRATES,0.7192,650.9,905.2,90.7,53.0,1920,1080,0.232,696.2,931.7
Round3,Q1,824,412.0,EMIRATES,0.8986,1445.3,706.9,117.2,40.6,1920,1080,0.229,1503.9,727.2
Round3,Q1,825,412.5,EMIRATES,0.9028,606.7,771.0,119.7,42.6,1920,1080,0.246,666.5,792.3
Round3,Q1,826,413.0,EMIRATES,0.7181,1497.7,389.1,65.3,24.1,1920,1080,0.076,1530.4,401.1
Round3,Q1,826,413.0,EMIRATES,0.5677,729.6,887.3,92.6,47.6,1920,1080,0.213,775.9,911.1
Round3,Q1,827,413.5,EMIRATES,0.4625,573.7,379.2,64.9,24.5,1920,1080,0.077,606.2,391.5
Round3,Q1,828,414.0,EMIRATES,0.7005,640.9,846.2,83.8,64.8,1920,1080,0.262,682.8,878.6
Round3,Q1,831,415.5,EMIRATES,0.8635,1305.5,973.7,97.9,47.9,1920,1080,0.226,1354.5,997.7
Round3,Q1,831,415.5,EMIRATES,0.4272,1817.8,221.0,94.8,39.6,1920,1080,0.181,1865.2,240.8
Round3,Q1,832,416.0,EMIRATES,0.8371,1788.1,980.8,78.9,36.5,1920,1080,0.139,1827.6,999.0
Round3,Q1,833,416.5,EMIRATES,0.8288,1815.4,985.1,78.9,36.0,1920,1080,0.137,1854.8,1003.1
Round3,Q1,834,417.0,EMIRATES,0.8213,1805.8,985.5,76.5,35.8,1920,1080,0.132,1844.1,1003.4
Round3,Q1,835,417.5,EMIRATES,0.8095,1791.9,985.5,79.2,33.7,1920,1080,0.129,1831.5,1002.4
Round3,Q1,836,418.0,EMIRATES,0.8303,1797.8,977.4,75.9,35.4,1920,1080,0.13,1835.8,995.1
Round3,Q1,837,418.5,EMIRATES,0.8188,1807.4,971.2,74.9,36.5,1920,1080,0.132,1844.9,989.5
Round3,Q1,838,419.0,EMIRATES,0.8206,1805.4,972.5,74.3,35.8,1920,1080,0.128,1842.6,990.4
Round3,Q1,839,419.5,EMIRATES,0.8226,1806.5,975.5,75.1,36.4,1920,1080,0.132,1844.0,993.7
Round3,Q1,840,420.0,EMIRATES,0.841,1800.0,982.1,78.1,35.2,1920,1080,0.133,1839.0,999.7
Round3,Q1,845,422.5,EMIRATES,0.4555,464.5,600.0,13.4,6.8,1920,1080,0.004,471.2,603.4
Round3,Q1,846,423.0,EMIRATES,0.8436,1840.8,685.3,26.3,8.8,1920,1080,0.011,1853.9,689.7
Round3,Q1,847,423.5,EMIRATES,0.4404,1424.5,588.8,59.3,16.7,1920,1080,0.048,1454.2,597.1
Round3,Q1,848,424.0,EMIRATES,0.8905,1395.4,679.0,48.2,13.5,1920,1080,0.031,1419.5,685.7
Round3,Q1,848,424.0,EMIRATES,0.8822,1856.4,482.0,47.4,15.2,1920,1080,0.035,1880.1,489.6
Round3,Q1,848,424.0,EMIRATES,0.7663,1169.2,661.7,40.4,13.6,1920,1080,0.027,1189.4,668.5
Round3,Q1,849,424.5,EMIRATES,0.8691,1615.4,660.8,55.8,23.2,1920,1080,0.063,1643.3,672.4
Round3,Q1,849,424.5,EMIRATES,0.8608,1191.8,595.0,47.4,12.7,1920,1080,0.029,1215.5,601.3
Round3,Q1,850,425.0,EMIRATES,0.8751,1765.8,640.6,52.9,13.9,1920,1080,0.035,1792.3,647.5
Round3,Q1,850,425.0,EMIRATES,0.8691,1179.5,520.7,47.3,14.7,1920,1080,0.033,1203.2,528.0
Round3,Q1,851,425.5,EMIRATES,0.8982,1285.0,477.9,44.6,13.0,1920,1080,0.028,1307.3,484.4
Round3,Q1,852,426.0,EMIRATES,0.8908,1380.5,493.0,44.9,15.4,1920,1080,0.033,1402.9,500.7
Round3,Q1,853,426.5,EMIRATES,0.9043,1346.0,570.9,46.2,19.0,1920,1080,0.042,1369.1,580.4
Round3,Q1,860,430.0,EMIRATES,0.87,652.2,419.7,49.6,19.2,1920,1080,0.046,677.0,429.3
Round3,Q1,862,431.0,EMIRATES,0.8779,988.1,537.9,43.7,21.3,1920,1080,0.045,1010.0,548.5
Round3,Q1,862,431.0,EMIRATES,0.8779,1065.7,460.6,28.0,14.0,1920,1080,0.019,1079.7,467.6
Round3,Q1,862,431.0,EMIRATES,0.8769,833.7,409.3,49.9,14.1,1920,1080,0.034,858.7,416.4
Round3,Q1,890,445.0,EMIRATES,0.9052,50.5,658.2,47.6,15.8,1920,1080,0.036,74.3,666.1
Round3,Q1,890,445.0,EMIRATES,0.8446,1104.2,424.7,34.1,27.7,1920,1080,0.046,1121.2,438.6
Round3,Q1,891,445.5,EMIRATES,0.8968,21.7,581.5,47.7,15.8,1920,1080,0.036,45.6,589.4
Round3,Q1,892,446.0,EMIRATES,0.9003,121.1,524.6,51.9,15.6,1920,1080,0.039,147.1,532.4
Round3,Q1,892,446.0,EMIRATES,0.897,1275.3,391.3,38.6,30.3,1920,1080,0.056,1294.6,406.4
Round3,Q1,892,446.0,EMIRATES,0.8849,1612.3,964.0,58.9,17.3,1920,1080,0.049,1641.8,972.6
Round3,Q1,893,446.5,EMIRATES,0.8936,222.2,495.3,47.1,16.4,1920,1080,0.037,245.7,503.6
Round3,Q1,893,446.5,EMIRATES,0.6027,1371.6,1061.1,99.7,18.9,1920,1080,0.091,1421.4,1070.5
Round3,Q1,893,446.5,EMIRATES,0.5467,1717.7,448.0,39.3,15.2,1920,1080,0.029,1737.4,455.7
Round3,Q1,894,447.0,EMIRATES,0.888,469.8,412.5,47.7,15.8,1920,1080,0.036,493.6,420.4
Round3,Q1,897,448.5,EMIRATES,0.7324,1499.1,521.3,24.2,15.1,1920,1080,0.018,1511.2,528.8
Round3,Q1,898,449.0,EMIRATES,0.5276,1598.2,469.8,23.5,14.0,1920,1080,0.016,1610.0,476.8
Round3,Q1,899,449.5,EMIRATES,0.8423,1529.7,430.5,19.2,14.6,1920,1080,0.013,1539.3,437.8
Round3,Q1,900,450.0,EMIRATES,0.862,1215.5,419.3,42.2,18.2,1920,1080,0.037,1236.5,428.4
Round3,Q1,901,450.5,EMIRATES,0.9068,811.1,346.3,36.5,14.2,1920,1080,0.025,829.3,353.4
Round3,Q1,902,451.0,EMIRATES,0.8835,971.8,233.8,43.6,14.2,1920,1080,0.03,993.6,240.9
Round3,Q1,909,454.5,EMIRATES,0.8809,781.4,388.2,45.2,15.1,1920,1080,0.033,804.0,395.8
Round3,Q1,910,455.0,EMIRATES,0.6235,968.4,435.0,30.5,30.0,1920,1080,0.044,983.7,450.0
Round3,Q1,911,455.5,EMIRATES,0.6061,1044.8,414.4,23.7,18.4,1920,1080,0.021,1056.6,423.6
Round3,Q1,912,456.0,EMIRATES,0.8916,1087.7,331.0,43.2,12.5,1920,1080,0.026,1109.3,337.3
Round3,Q1,913,456.5,EMIRATES,0.7912,1059.8,358.5,41.3,14.2,1920,1080,0.028,1080.4,365.6
Round3,Q1,914,457.0,EMIRATES,0.8928,1197.9,392.0,43.4,13.8,1920,1080,0.029,1219.6,398.9
Round3,Q1,924,462.0,EMIRATES,0.8875,1450.5,382.6,60.4,20.8,1920,1080,0.061,1480.8,393.0
Round3,Q1,925,462.5,EMIRATES,0.8918,1417.6,328.3,56.6,22.4,1920,1080,0.061,1445.9,339.5
Round3,Q1,926,463.0,EMIRATES,0.8762,1375.7,312.4,55.2,26.9,1920,1080,0.072,1403.3,325.9
Round3,Q1,931,465.5,EMIRATES,0.8571,1209.8,369.1,28.4,12.0,1920,1080,0.016,1224.0,375.1
Round3,Q1,932,466.0,EMIRATES,0.8426,1545.2,708.9,45.0,17.6,1920,1080,0.038,1567.7,717.7
Round3,Q1,932,466.0,EMIRATES,0.7762,1751.1,86.7,40.2,20.7,1920,1080,0.04,1771.2,97.1
Round3,Q1,933,466.5,EMIRATES,0.8858,1240.4,513.7,51.9,15.2,1920,1080,0.038,1266.3,521.3
Round3,Q1,934,467.0,EMIRATES,0.8807,1135.6,518.3,47.9,13.3,1920,1080,0.031,1159.6,524.9
Round3,Q1,936,468.0,EMIRATES,0.6447,1094.9,71.3,64.6,21.5,1920,1080,0.067,1127.2,82.1
Round3,Q1,937,468.5,EMIRATES,0.8941,514.2,90.5,39.2,15.3,1920,1080,0.029,533.8,98.2
Round3,Q1,939,469.5,EMIRATES,0.3923,0.0,247.5,14.0,17.4,1920,1080,0.012,7.0,256.2
Round3,Q1,940,470.0,EMIRATES,0.8331,798.5,287.2,34.4,16.4,1920,1080,0.027,815.7,295.4
Round3,Q1,941,470.5,EMIRATES,0.8747,1388.1,232.4,34.2,14.2,1920,1080,0.023,1405.2,239.5
Round3,Q1,941,470.5,EMIRATES,0.6966,1077.2,502.2,21.2,11.3,1920,1080,0.012,1087.9,507.8
Round3,Q1,942,471.0,EMIRATES,0.8677,1158.7,371.7,39.4,16.3,1920,1080,0.031,1178.5,379.9
Round3,Q1,942,471.0,EMIRATES,0.8633,1138.6,575.7,27.4,16.3,1920,1080,0.021,1152.3,583.8
Round3,Q1,943,471.5,EMIRATES,0.353,1084.9,584.0,23.2,15.3,1920,1080,0.017,1096.5,591.6
Round3,Q1,944,472.0,EMIRATES,0.8254,996.0,470.5,33.0,12.1,1920,1080,0.019,1012.5,476.5
Round3,Q1,944,472.0,EMIRATES,0.5419,459.7,377.8,19.8,15.9,1920,1080,0.015,469.6,385.8
Round3,Q1,945,472.5,EMIRATES,0.8129,1825.8,174.3,40.9,16.6,1920,1080,0.033,1846.2,182.6
Round3,Q1,945,472.5,EMIRATES,0.7771,915.4,655.8,33.1,18.8,1920,1080,0.03,931.9,665.2
Round3,Q1,945,472.5,EMIRATES,0.7745,370.8,545.3,21.1,13.1,1920,1080,0.013,381.4,551.8
Round3,Q1,946,473.0,EMIRATES,0.8838,694.3,569.9,45.2,14.1,1920,1080,0.031,716.9,576.9
Round3,Q1,947,473.5,EMIRATES,0.8922,750.4,506.1,49.0,13.6,1920,1080,0.032,774.9,512.9
Round3,Q1,947,473.5,EMIRATES,0.7677,1251.7,268.7,35.3,15.0,1920,1080,0.026,1269.4,276.2
Round3,Q1,948,474.0,EMIRATES,0.8894,487.0,483.9,54.6,17.4,1920,1080,0.046,514.3,492.6
Round3,Q1,949,474.5,EMIRATES,0.9013,234.4,582.5,53.9,16.1,1920,1080,0.042,261.3,590.5
Round3,Q1,949,474.5,EMIRATES,0.8736,903.8,393.8,42.8,14.9,1920,1080,0.031,925.1,401.3
Round3,Q1,949,474.5,EMIRATES,0.6088,1015.4,750.6,29.3,13.1,1920,1080,0.019,1030.1,757.1
Round3,Q1,950,475.0,EMIRATES,0.8494,642.0,892.3,68.7,20.6,1920,1080,0.068,676.3,902.6
Round3,Q1,953,476.5,EMIRATES,0.8472,588.2,254.0,33.6,14.8,1920,1080,0.024,605.0,261.4
Round3,Q1,953,476.5,EMIRATES,0.6569,1834.0,1071.3,46.1,8.7,1920,1080,0.019,1857.1,1075.7
Round3,Q1,954,477.0,EMIRATES,0.8962,633.4,381.1,37.9,17.9,1920,1080,0.033,652.4,390.0
Round3,Q1,957,478.5,EMIRATES,0.8234,387.5,785.4,23.9,14.0,1920,1080,0.016,399.5,792.4
Round3,Q1,958,479.0,EMIRATES,0.9094,195.1,799.2,45.3,19.7,1920,1080,0.043,217.8,809.1
Round3,Q1,959,479.5,EMIRATES,0.8971,436.9,812.2,54.2,19.7,1920,1080,0.051,464.0,822.1
Round3,Q1,960,480.0,EMIRATES,0.8962,1184.4,763.0,57.4,17.3,1920,1080,0.048,1213.1,771.6
Round3,Q1,961,480.5,EMIRATES,0.8881,1734.4,764.5,72.1,20.5,1920,1080,0.071,1770.4,774.8
Round3,Q1,962,481.0,EMIRATES,0.5294,671.0,504.6,43.5,16.8,1920,1080,0.035,692.7,513.0
Round3,Q1,963,481.5,EMIRATES,0.8933,59.1,339.1,34.4,22.3,1920,1080,0.037,76.3,350.3
Round3,Q1,964,482.0,EMIRATES,0.8027,1882.3,583.6,37.5,13.2,1920,1080,0.024,1901.0,590.2
Round3,Q1,965,482.5,EMIRATES,0.8848,1288.4,419.7,43.0,13.1,1920,1080,0.027,1309.9,426.2
Round3,Q1,966,483.0,EMIRATES,0.8894,1217.2,412.9,38.1,18.9,1920,1080,0.035,1236.3,422.4
Round3,Q1,979,489.5,EMIRATES,0.823,800.1,307.1,109.8,64.2,1920,1080,0.34,855.0,339.2
Round3,Q1,982,491.0,EMIRATES,0.8943,832.2,291.6,69.8,35.5,1920,1080,0.12,867.1,309.4
Round3,Q1,984,492.0,EMIRATES,0.8886,907.3,453.1,97.9,27.8,1920,1080,0.131,956.3,466.9
Round3,Q1,985,492.5,EMIRATES,0.8918,889.8,479.6,119.9,33.5,1920,1080,0.194,949.7,496.4
Round3,Q1,986,493.0,EMIRATES,0.9078,990.9,458.5,129.8,36.5,1920,1080,0.229,1055.8,476.8
Round3,Q1,988,494.0,EMIRATES,0.9098,1075.3,494.0,137.1,40.4,1920,1080,0.267,1143.9,514.3
Round3,Q1,989,494.5,EMIRATES,0.905,1026.0,518.3,141.9,45.9,1920,1080,0.314,1096.9,541.3
Round3,Q1,990,495.0,EMIRATES,0.8961,982.5,498.0,145.5,42.7,1920,1080,0.299,1055.3,519.4
Round3,Q1,991,495.5,EMIRATES,0.9134,997.1,515.5,137.7,40.6,1920,1080,0.269,1066.0,535.7
Round3,Q1,992,496.0,EMIRATES,0.9113,1012.4,503.9,146.6,43.0,1920,1080,0.304,1085.8,525.4
Round3,Q1,993,496.5,EMIRATES,0.9032,1124.0,461.2,144.2,43.9,1920,1080,0.305,1196.1,483.2
Round3,Q1,994,497.0,EMIRATES,0.9056,1037.6,511.1,145.5,46.1,1920,1080,0.324,1110.3,534.1
Round3,Q1,995,497.5,EMIRATES,0.9102,985.2,487.9,140.5,42.1,1920,1080,0.285,1055.5,509.0
Round3,Q1,996,498.0,EMIRATES,0.9209,1025.5,466.5,143.4,42.5,1920,1080,0.294,1097.2,487.8
Round3,Q1,997,498.5,EMIRATES,0.9048,979.4,509.7,142.2,46.6,1920,1080,0.32,1050.6,533.0
Round3,Q1,997,498.5,EMIRATES,0.8803,1713.9,816.7,129.0,59.8,1920,1080,0.372,1778.4,846.6
Round3,Q1,998,499.0,EMIRATES,0.9057,983.2,500.4,143.6,45.7,1920,1080,0.317,1055.0,523.2
Round3,Q1,998,499.0,EMIRATES,0.8893,1209.8,810.3,135.4,60.6,1920,1080,0.396,1277.5,840.6
Round3,Q1,999,499.5,EMIRATES,0.9125,1077.4,503.6,139.9,41.5,1920,1080,0.28,1147.4,524.4
Round3,Q1,999,499.5,EMIRATES,0.8877,768.8,815.9,132.8,57.8,1920,1080,0.37,835.2,844.8
Round3,Q1,1000,500.0,EMIRATES,0.9044,1070.8,509.8,133.3,42.8,1920,1080,0.275,1137.5,531.2
Round3,Q1,1000,500.0,EMIRATES,0.8793,266.9,851.2,107.2,61.2,1920,1080,0.316,320.5,881.8
Round3,Q1,1001,500.5,EMIRATES,0.9032,1081.5,494.2,136.8,43.7,1920,1080,0.289,1149.9,516.0
Round3,Q1,1001,500.5,EMIRATES,0.8473,0.0,842.3,56.4,59.7,1920,1080,0.162,28.2,872.2
Round3,Q1,1002,501.0,EMIRATES,0.9012,1079.4,496.4,143.9,51.1,1920,1080,0.354,1151.4,521.9
Round3,Q1,1012,506.0,EMIRATES,0.58,933.1,492.2,101.9,38.3,1920,1080,0.188,984.1,511.3
Round3,Q1,1013,506.5,EMIRATES,0.9095,922.7,477.6,113.5,42.4,1920,1080,0.232,979.4,498.8
Round3,Q1,1014,507.0,EMIRATES,0.8984,903.9,454.9,96.2,48.2,1920,1080,0.223,952.0,478.9
Round3,Q1,1015,507.5,EMIRATES,0.8964,903.5,449.9,90.3,40.5,1920,1080,0.176,948.7,470.2
Round3,Q1,1016,508.0,EMIRATES,0.9068,908.4,440.5,96.3,36.5,1920,1080,0.169,956.6,458.7
Round3,Q1,1017,508.5,EMIRATES,0.9047,944.4,405.9,68.6,35.0,1920,1080,0.116,978.7,423.3
Round3,Q1,1017,508.5,EMIRATES,0.6831,0.0,788.1,28.9,57.1,1920,1080,0.08,14.5,816.7
Round3,Q1,1018,509.0,EMIRATES,0.9021,964.6,423.6,53.5,32.2,1920,1080,0.083,991.4,439.7
Round3,Q1,1018,509.0,EMIRATES,0.8894,285.7,733.4,143.9,51.7,1920,1080,0.359,357.7,759.2
Round3,Q1,1019,509.5,EMIRATES,0.9123,970.4,438.8,70.2,31.3,1920,1080,0.106,1005.6,454.5
Round3,Q1,1019,509.5,EMIRATES,0.8941,537.1,704.2,126.9,48.2,1920,1080,0.295,600.6,728.3
Round3,Q1,1020,510.0,EMIRATES,0.8988,957.3,402.6,73.8,31.0,1920,1080,0.11,994.2,418.1
Round3,Q1,1020,510.0,EMIRATES,0.8984,798.7,658.9,138.1,48.2,1920,1080,0.321,867.7,683.0
Round3,Q1,1021,510.5,EMIRATES,0.8982,839.1,647.0,142.5,46.7,1920,1080,0.321,910.3,670.3
Round3,Q1,1021,510.5,EMIRATES,0.8868,948.0,374.9,57.7,34.0,1920,1080,0.095,976.8,391.9
Round3,Q1,1022,511.0,EMIRATES,0.908,885.2,643.9,133.3,44.2,1920,1080,0.284,951.9,666.0
Round3,Q1,1022,511.0,EMIRATES,0.8904,939.8,347.7,46.4,26.8,1920,1080,0.06,963.0,361.1
Round3,Q1,1023,511.5,EMIRATES,0.9099,943.2,320.5,56.0,25.4,1920,1080,0.069,971.2,333.2
Round3,Q1,1023,511.5,EMIRATES,0.8987,849.1,627.9,133.6,43.2,1920,1080,0.278,915.9,649.5
Round3,Q1,1024,512.0,EMIRATES,0.9049,939.4,328.9,54.6,23.1,1920,1080,0.061,966.6,340.5
Round3,Q1,1024,512.0,EMIRATES,0.9015,839.6,627.2,126.1,43.1,1920,1080,0.262,902.6,648.8
Round3,Q1,1025,512.5,EMIRATES,0.9079,925.4,599.9,126.8,41.5,1920,1080,0.254,988.8,620.7
Round3,Q1,1026,513.0,EMIRATES,0.8993,1057.8,562.0,114.3,40.7,1920,1080,0.224,1115.0,582.3
Round3,Q1,1026,513.0,EMIRATES,0.5518,936.9,306.8,25.2,25.0,1920,1080,0.03,949.5,319.3
Round3,Q1,1027,513.5,EMIRATES,0.9031,946.0,293.5,50.6,22.0,1920,1080,0.054,971.3,304.5
Round3,Q1,1027,513.5,EMIRATES,0.8973,1283.0,564.1,98.7,41.0,1920,1080,0.195,1332.3,584.6
Round3,Q1,1028,514.0,EMIRATES,0.8989,1487.6,561.5,99.3,39.7,1920,1080,0.19,1537.2,581.3
Round3,Q1,1028,514.0,EMIRATES,0.8963,936.4,301.2,50.8,22.0,1920,1080,0.054,961.8,312.2
Round3,Q1,1029,514.5,EMIRATES,0.8704,1783.1,663.6,123.5,69.7,1920,1080,0.415,1844.9,698.5
Round3,Q1,1030,515.0,EMIRATES,0.8963,930.9,289.1,50.7,20.4,1920,1080,0.05,956.2,299.3
Round3,Q1,1031,515.5,EMIRATES,0.8881,937.7,288.1,45.9,20.8,1920,1080,0.046,960.6,298.5
Round3,Q1,1031,515.5,EMIRATES,0.8592,664.8,521.0,213.3,71.5,1920,1080,0.735,771.4,556.7
Round3,Q1,1032,516.0,EMIRATES,0.8995,935.7,268.9,49.7,19.6,1920,1080,0.047,960.6,278.7
Round3,Q1,1032,516.0,EMIRATES,0.8732,283.5,519.6,202.1,73.8,1920,1080,0.719,384.5,556.5
Round3,Q1,1033,516.5,EMIRATES,0.8748,106.4,494.2,199.4,91.6,1920,1080,0.881,206.0,540.0
Round3,Q1,1033,516.5,EMIRATES,0.3254,936.1,266.2,20.6,22.0,1920,1080,0.022,946.4,277.3
Round3,Q1,1034,517.0,EMIRATES,0.9043,939.4,275.6,46.3,20.2,1920,1080,0.045,962.6,285.7
Round3,Q1,1035,517.5,EMIRATES,0.8967,942.9,279.6,44.5,20.1,1920,1080,0.043,965.2,289.7
Round3,Q1,1036,518.0,EMIRATES,0.8844,934.5,296.0,37.4,23.6,1920,1080,0.043,953.2,307.8
Round3,Q1,1037,518.5,EMIRATES,0.9009,938.8,307.1,41.3,19.3,1920,1080,0.038,959.4,316.7
Round3,Q1,1038,519.0,EMIRATES,0.9087,949.1,306.6,38.1,19.8,1920,1080,0.036,968.2,316.5
Round3,Q1,1039,519.5,EMIRATES,0.8926,976.6,300.8,36.4,20.0,1920,1080,0.035,994.8,310.8
Round3,Q1,1040,520.0,EMIRATES,0.9151,998.1,296.0,38.2,19.6,1920,1080,0.036,1017.2,305.8
Round3,Q1,1041,520.5,EMIRATES,0.8903,1005.9,314.9,36.6,20.4,1920,1080,0.036,1024.2,325.1
Round3,Q1,1042,521.0,EMIRATES,0.8984,1004.0,342.1,37.9,18.6,1920,1080,0.034,1022.9,351.4
Round3,Q1,1053,526.5,EMIRATES,0.8047,5.0,664.9,34.5,17.8,1920,1080,0.03,22.2,673.8
Round3,Q1,1053,526.5,EMIRATES,0.4187,817.8,449.3,37.2,32.6,1920,1080,0.059,836.4,465.6
Round3,Q1,1054,527.0,EMIRATES,0.7238,118.0,648.5,20.7,21.2,1920,1080,0.021,128.4,659.1
Round3,Q1,1055,527.5,EMIRATES,0.8892,834.2,327.4,47.2,21.1,1920,1080,0.048,857.8,338.0
Round3,Q1,1060,530.0,EMIRATES,0.8182,879.7,418.9,23.3,21.7,1920,1080,0.024,891.3,429.7
Round3,Q1,1061,530.5,EMIRATES,0.625,957.2,391.9,28.9,17.3,1920,1080,0.024,971.7,400.5
Round3,Q1,1062,531.0,EMIRATES,0.8783,965.9,377.1,53.1,32.1,1920,1080,0.082,992.4,393.2
Round3,Q1,1063,531.5,EMIRATES,0.7419,871.9,451.5,43.6,36.2,1920,1080,0.076,893.7,469.6
Round3,Q1,1064,532.0,EMIRATES,0.8149,1809.1,27.9,40.4,18.4,1920,1080,0.036,1829.3,37.1
Round3,Q1,1066,533.0,EMIRATES,0.6447,888.3,2.6,52.3,14.8,1920,1080,0.037,914.4,10.0
Round3,Q1,1067,533.5,EMIRATES,0.8353,685.9,263.6,40.3,21.6,1920,1080,0.042,706.0,274.4
Round3,Q1,1068,534.0,EMIRATES,0.8605,465.4,262.0,57.9,21.0,1920,1080,0.059,494.4,272.5
Round3,Q1,1069,534.5,EMIRATES,0.8739,328.4,325.6,33.0,16.3,1920,1080,0.026,344.9,333.7
Round3,Q1,1069,534.5,EMIRATES,0.4,908.7,364.5,26.8,18.3,1920,1080,0.024,922.1,373.7
Round3,Q1,1070,535.0,EMIRATES,0.8957,145.1,373.1,128.9,29.5,1920,1080,0.184,209.6,387.9
Round3,Q1,1070,535.0,EMIRATES,0.8942,627.1,367.1,127.0,31.0,1920,1080,0.19,690.6,382.6
Round3,Q1,1070,535.0,EMIRATES,0.894,645.0,543.9,138.2,35.4,1920,1080,0.236,714.1,561.6
Round3,Q1,1070,535.0,EMIRATES,0.8934,1825.9,338.9,94.1,30.5,1920,1080,0.138,1872.9,354.2
Round3,Q1,1070,535.0,EMIRATES,0.8885,1334.4,352.8,130.6,31.4,1920,1080,0.198,1399.7,368.5
Round3,Q1,1070,535.0,EMIRATES,0.8879,118.4,93.6,97.8,22.5,1920,1080,0.106,167.3,104.8
Round3,Q1,1070,535.0,EMIRATES,0.8867,1453.9,67.8,100.2,23.3,1920,1080,0.113,1504.0,79.5
Round3,Q1,1070,535.0,EMIRATES,0.8827,505.7,93.8,95.7,22.4,1920,1080,0.103,553.5,105.0
Round3,Q1,1070,535.0,EMIRATES,0.8797,1651.1,58.0,99.5,23.7,1920,1080,0.114,1700.9,69.8
Round3,Q1,1070,535.0,EMIRATES,0.8771,1072.8,82.0,95.6,23.3,1920,1080,0.107,1120.6,93.6
Round3,Q1,1070,535.0,EMIRATES,0.8752,1576.6,346.1,131.8,31.4,1920,1080,0.2,1642.5,361.8
Round3,Q1,1070,535.0,EMIRATES,0.8744,694.1,91.1,98.5,24.3,1920,1080,0.115,743.3,103.2
Round3,Q1,1070,535.0,EMIRATES,0.8737,1721.5,525.3,149.5,36.5,1920,1080,0.263,1796.3,543.6
Round3,Q1,1070,535.0,EMIRATES,0.8716,1096.1,358.0,130.4,30.5,1920,1080,0.192,1161.3,373.2
Round3,Q1,1070,535.0,EMIRATES,0.871,1442.0,531.2,127.6,33.7,1920,1080,0.207,1505.8,548.1
Round3,Q1,1070,535.0,EMIRATES,0.8702,884.7,86.8,96.0,24.0,1920,1080,0.111,932.6,98.8
Round3,Q1,1070,535.0,EMIRATES,0.8649,1263.0,75.3,95.9,22.7,1920,1080,0.105,1311.0,86.7
Round3,Q1,1070,535.0,EMIRATES,0.8615,311.5,94.6,99.9,23.9,1920,1080,0.115,361.5,106.6
Round3,Q1,1070,535.0,EMIRATES,0.8601,1849.0,48.1,71.0,23.6,1920,1080,0.081,1884.5,59.9
Round3,Q1,1070,535.0,EMIRATES,0.8458,935.0,439.2,35.4,12.8,1920,1080,0.022,952.7,445.6
Round3,Q1,1070,535.0,EMIRATES,0.8052,388.5,370.8,129.2,31.0,1920,1080,0.193,453.1,386.3
Round3,Q1,1070,535.0,EMIRATES,0.7901,0.0,374.8,30.7,28.5,1920,1080,0.042,15.4,389.0
Round3,Q1,1070,535.0,EMIRATES,0.7396,0.0,90.5,19.6,24.1,1920,1080,0.023,9.8,102.5
Round3,Q1,1070,535.0,EMIRATES,0.7302,66.0,481.1,30.4,14.2,1920,1080,0.021,81.2,488.1
Round3,Q1,1070,535.0,EMIRATES,0.6122,1227.9,535.2,89.7,33.8,1920,1080,0.146,1272.7,552.1
Round3,Q1,1070,535.0,EMIRATES,0.5602,861.6,364.1,53.6,28.7,1920,1080,0.074,888.4,378.5
Round3,Q1,1071,535.5,EMIRATES,0.9027,880.7,400.1,115.3,25.8,1920,1080,0.143,938.4,413.0
Round3,Q1,1071,535.5,EMIRATES,0.8898,1757.9,375.8,123.3,28.2,1920,1080,0.168,1819.6,389.9
Round3,Q1,1071,535.5,EMIRATES,0.8865,1660.1,545.6,139.9,34.1,1920,1080,0.23,1730.0,562.6
Round3,Q1,1071,535.5,EMIRATES,0.8857,227.9,409.2,117.6,27.6,1920,1080,0.157,286.7,423.0
Round3,Q1,1071,535.5,EMIRATES,0.8854,1310.8,389.7,119.7,28.0,1920,1080,0.162,1370.7,403.7
Round3,Q1,1071,535.5,EMIRATES,0.8846,666.2,404.0,109.8,26.2,1920,1080,0.139,721.1,417.1
Round3,Q1,1071,535.5,EMIRATES,0.8834,1409.0,551.6,133.3,32.2,1920,1080,0.207,1475.6,567.7
Round3,Q1,1071,535.5,EMIRATES,0.8832,727.2,152.0,91.6,21.1,1920,1080,0.093,773.0,162.6
Round3,Q1,1071,535.5,EMIRATES,0.8827,556.4,155.3,86.6,19.8,1920,1080,0.083,599.7,165.2
Round3,Q1,1071,535.5,EMIRATES,0.8818,1419.3,130.8,90.9,20.2,1920,1080,0.089,1464.7,140.9
Round3,Q1,1071,535.5,EMIRATES,0.8818,446.1,407.0,121.1,31.6,1920,1080,0.184,506.7,422.8
Round3,Q1,1071,535.5,EMIRATES,0.8728,1072.1,143.7,87.8,20.2,1920,1080,0.085,1116.0,153.8
Round3,Q1,1071,535.5,EMIRATES,0.8718,1531.2,383.4,119.6,27.6,1920,1080,0.159,1591.0,397.2
Round3,Q1,1071,535.5,EMIRATES,0.8714,902.0,148.3,86.9,20.8,1920,1080,0.087,945.4,158.7
Round3,Q1,1071,535.5,EMIRATES,0.8678,381.1,156.8,90.9,19.8,1920,1080,0.087,426.6,166.8
Round3,Q1,1071,535.5,EMIRATES,0.8665,1778.4,112.5,95.4,20.3,1920,1080,0.094,1826.1,122.7
Round3,Q1,1071,535.5,EMIRATES,0.8645,203.6,156.6,89.5,19.7,1920,1080,0.085,248.3,166.4
Round3,Q1,1071,535.5,EMIRATES,0.8641,21.2,155.2,93.3,19.5,1920,1080,0.088,67.9,164.9
Round3,Q1,1071,535.5,EMIRATES,0.8613,1598.5,122.5,89.5,19.6,1920,1080,0.085,1643.2,132.3
Round3,Q1,1071,535.5,EMIRATES,0.8598,1245.9,137.8,87.4,19.3,1920,1080,0.081,1289.6,147.5
Round3,Q1,1071,535.5,EMIRATES,0.8584,2.0,411.0,119.8,28.3,1920,1080,0.164,61.9,425.1
Round3,Q1,1071,535.5,EMIRATES,0.8366,0.1,577.0,61.3,35.0,1920,1080,0.104,30.8,594.5
Round3,Q1,1071,535.5,EMIRATES,0.7938,1094.3,395.2,117.6,24.8,1920,1080,0.141,1153.1,407.6
Round3,Q1,1071,535.5,EMIRATES,0.5576,683.6,564.3,72.2,31.2,1920,1080,0.109,719.7,579.9
Round3,Q1,1072,536.0,EMIRATES,0.8876,0.0,535.1,55.2,31.7,1920,1080,0.084,27.6,551.0
Round3,Q1,1072,536.0,EMIRATES,0.8812,1501.1,511.1,122.5,33.3,1920,1080,0.197,1562.4,527.7
Round3,Q1,1072,536.0,EMIRATES,0.8743,1733.3,508.6,129.5,33.7,1920,1080,0.21,1798.0,525.4
Round3,Q1,1072,536.0,EMIRATES,0.8721,206.4,383.5,107.5,26.0,1920,1080,0.135,260.1,396.5
Round3,Q1,1072,536.0,EMIRATES,0.872,606.0,380.6,89.0,24.7,1920,1080,0.106,650.5,393.0
Round3,Q1,1072,536.0,EMIRATES,0.8682,1189.1,370.8,90.7,25.7,1920,1080,0.112,1234.4,383.7
Round3,Q1,1072,536.0,EMIRATES,0.8672,1586.8,360.9,110.6,26.4,1920,1080,0.141,1642.1,374.1
Round3,Q1,1072,536.0,EMIRATES,0.8633,1794.2,354.2,97.7,26.3,1920,1080,0.124,1843.0,367.3
Round3,Q1,1072,536.0,EMIRATES,0.8606,1384.8,366.0,108.1,26.5,1920,1080,0.138,1438.8,379.3
Round3,Q1,1072,536.0,EMIRATES,0.8588,802.1,378.2,102.4,24.0,1920,1080,0.119,853.3,390.2
Round3,Q1,1072,536.0,EMIRATES,0.8571,189.7,154.6,79.2,17.8,1920,1080,0.068,229.3,163.5
Round3,Q1,1072,536.0,EMIRATES,0.8563,664.7,154.7,80.7,18.3,1920,1080,0.071,705.1,163.9
Round3,Q1,1072,536.0,EMIRATES,0.8555,820.3,152.1,79.5,18.6,1920,1080,0.071,860.0,161.4
Round3,Q1,1072,536.0,EMIRATES,0.8535,1274.5,515.9,123.5,31.9,1920,1080,0.19,1336.2,531.8
Round3,Q1,1072,536.0,EMIRATES,0.8502,1.8,384.1,96.7,25.0,1920,1080,0.117,50.2,396.6
Round3,Q1,1072,536.0,EMIRATES,0.8484,1132.4,145.1,78.4,16.5,1920,1080,0.063,1171.6,153.4
Round3,Q1,1072,536.0,EMIRATES,0.8428,508.8,155.9,78.6,17.5,1920,1080,0.066,548.1,164.7
Round3,Q1,1072,536.0,EMIRATES,0.8376,976.2,149.5,79.0,17.1,1920,1080,0.065,1015.7,158.1
Round3,Q1,1072,536.0,EMIRATES,0.8321,1287.9,140.0,81.3,17.1,1920,1080,0.067,1328.5,148.6
Round3,Q1,1072,536.0,EMIRATES,0.8309,21.6,152.9,85.2,17.7,1920,1080,0.073,64.2,161.7
Round3,Q1,1072,536.0,EMIRATES,0.8222,1002.4,374.7,95.8,24.4,1920,1080,0.113,1050.3,386.9
Round3,Q1,1072,536.0,EMIRATES,0.8009,1447.9,133.5,80.8,16.3,1920,1080,0.064,1488.3,141.7
Round3,Q1,1072,536.0,EMIRATES,0.7973,347.9,156.0,83.4,18.4,1920,1080,0.074,389.6,165.2
Round3,Q1,1072,536.0,EMIRATES,0.7913,180.3,532.3,107.1,31.2,1920,1080,0.161,233.8,547.9
Round3,Q1,1072,536.0,EMIRATES,0.775,409.3,382.0,108.0,28.0,1920,1080,0.146,463.3,396.0
Round3,Q1,1072,536.0,EMIRATES,0.7682,1776.5,117.6,82.6,17.9,1920,1080,0.071,1817.8,126.5
Round3,Q1,1072,536.0,EMIRATES,0.7543,1608.4,126.7,83.8,16.6,1920,1080,0.067,1650.3,135.0
Round3,Q1,1072,536.0,EMIRATES,0.582,387.5,528.8,104.2,29.7,1920,1080,0.149,439.6,543.6
Round3,Q1,1073,536.5,EMIRATES,0.8767,296.5,353.5,100.6,26.8,1920,1080,0.13,346.8,366.9
Round3,Q1,1073,536.5,EMIRATES,0.8747,1312.0,481.1,110.8,29.1,1920,1080,0.155,1367.4,495.6
Round3,Q1,1073,536.5,EMIRATES,0.8661,1389.4,343.8,98.8,22.5,1920,1080,0.107,1438.8,355.1
Round3,Q1,1073,536.5,EMIRATES,0.8481,845.1,351.0,94.5,22.5,1920,1080,0.103,892.3,362.3
Round3,Q1,1074,537.0,EMIRATES,0.7607,157.7,407.0,31.7,12.9,1920,1080,0.02,173.6,413.4
Round3,Q1,1076,538.0,EMIRATES,0.6784,11.4,518.6,33.8,11.4,1920,1080,0.019,28.3,524.3
Round3,Q1,1077,538.5,EMIRATES,0.8858,1053.5,357.4,242.7,87.3,1920,1080,1.022,1174.9,401.0
Round3,Q1,1078,539.0,EMIRATES,0.8734,1118.6,400.5,200.4,78.7,1920,1080,0.761,1218.8,439.9
Round3,Q1,1079,539.5,EMIRATES,0.8901,986.1,384.4,178.9,78.9,1920,1080,0.68,1075.6,423.8
Round3,Q1,1080,540.0,EMIRATES,0.8838,1076.8,357.7,136.4,69.5,1920,1080,0.457,1145.0,392.5
Round3,Q1,1081,540.5,EMIRATES,0.8749,1185.7,333.7,105.5,75.3,1920,1080,0.383,1238.5,371.4
Round3,Q1,1082,541.0,EMIRATES,0.842,1064.3,403.4,114.3,80.4,1920,1080,0.443,1121.4,443.6
Round3,Q1,1083,541.5,EMIRATES,0.8733,879.9,380.4,112.5,70.5,1920,1080,0.383,936.2,415.7
Round3,Q1,1084,542.0,EMIRATES,0.8795,882.0,347.9,114.8,69.9,1920,1080,0.387,939.4,382.9
Round3,Q1,1085,542.5,EMIRATES,0.6103,339.1,117.0,30.4,27.5,1920,1080,0.04,354.3,130.8
Round3,Q1,1086,543.0,EMIRATES,0.5499,339.9,116.8,30.6,28.6,1920,1080,0.042,355.2,131.1
Round3,Q1,1087,543.5,EMIRATES,0.7208,340.7,118.0,30.7,27.5,1920,1080,0.041,356.0,131.8
Round3,Q1,1089,544.5,EMIRATES,0.4885,320.1,108.5,31.9,27.8,1920,1080,0.043,336.1,122.4
Round3,Q1,1091,545.5,EMIRATES,0.6336,290.7,96.4,33.1,29.4,1920,1080,0.047,307.2,111.1
Round3,Q1,1117,558.5,CYBERCX,0.8402,940.2,862.8,391.9,166.4,1920,1080,3.144,1136.2,946.0
Round3,Q1,1118,559.0,CYBERCX,0.8407,941.4,860.8,384.2,168.3,1920,1080,3.118,1133.5,945.0
Round3,Q1,1119,559.5,CYBERCX,0.8251,933.9,861.8,395.2,170.7,1920,1080,3.254,1131.5,947.2
Round3,Q1,1120,560.0,CYBERCX,0.8319,939.0,862.0,386.2,168.0,1920,1080,3.129,1132.1,946.0
Round3,Q1,1121,560.5,CYBERCX,0.8316,939.1,863.3,389.2,166.5,1920,1080,3.125,1133.7,946.6
Round3,Q1,1122,561.0,CYBERCX,0.8331,940.5,866.1,387.1,163.1,1920,1080,3.045,1134.0,947.6
Round3,Q1,1124,562.0,CYBERCX,0.8146,516.0,441.9,90.4,17.5,1920,1080,0.077,561.2,450.6
Round3,Q1,1124,562.0,CYBERCX,0.8135,1610.6,622.9,105.6,23.1,1920,1080,0.118,1663.4,634.4
Round3,Q1,1124,562.0,CYBERCX,0.7922,512.4,523.4,88.5,15.4,1920,1080,0.066,556.6,531.1
Round3,Q1,1124,562.0,CYBERCX,0.7894,1391.2,440.5,96.3,18.9,1920,1080,0.088,1439.4,450.0
Round3,Q1,1124,562.0,CYBERCX,0.7893,742.5,449.8,83.4,16.8,1920,1080,0.068,784.2,458.2
Round3,Q1,1124,562.0,CYBERCX,0.7858,1506.1,523.1,100.8,18.0,1920,1080,0.087,1556.5,532.1
Round3,Q1,1124,562.0,CYBERCX,0.7826,257.9,424.9,103.0,22.9,1920,1080,0.114,309.4,436.4
Round3,Q1,1124,562.0,CYBERCX,0.7819,1514.7,431.2,103.7,21.2,1920,1080,0.106,1566.5,441.8
Round3,Q1,1124,562.0,CYBERCX,0.7778,1166.2,449.0,85.2,17.1,1920,1080,0.07,1208.7,457.5
Round3,Q1,1124,562.0,CYBERCX,0.7681,736.4,523.2,84.3,17.1,1920,1080,0.069,778.5,531.7
Round3,Q1,1124,562.0,CYBERCX,0.7645,1275.1,445.2,90.7,18.1,1920,1080,0.079,1320.5,454.2
Round3,Q1,1124,562.0,CYBERCX,0.763,626.1,523.5,86.5,15.4,1920,1080,0.064,669.4,531.1
Round3,Q1,1124,562.0,CYBERCX,0.7625,237.6,618.2,102.3,21.7,1920,1080,0.107,288.8,629.1
Round3,Q1,1124,562.0,CYBERCX,0.7503,1651.0,421.8,110.9,21.5,1920,1080,0.115,1706.5,432.6
Round3,Q1,1124,562.0,CYBERCX,0.7486,948.2,524.2,82.0,16.8,1920,1080,0.066,989.2,532.6
Round3,Q1,1124,562.0,CYBERCX,0.7426,1060.2,451.0,81.2,16.7,1920,1080,0.065,1100.8,459.3
Round3,Q1,1124,562.0,CYBERCX,0.7249,391.4,435.3,98.5,19.8,1920,1080,0.094,440.7,445.2
Round3,Q1,1124,562.0,CYBERCX,0.7245,849.7,450.6,81.5,17.6,1920,1080,0.069,890.5,459.3
Round3,Q1,1124,562.0,CYBERCX,0.699,1380.6,611.1,90.9,20.7,1920,1080,0.091,1426.1,621.5
Round3,Q1,1124,562.0,CYBERCX,0.6947,116.0,414.3,108.0,24.2,1920,1080,0.126,170.0,426.4
Round3,Q1,1124,562.0,CYBERCX,0.6902,1053.5,524.1,82.0,16.5,1920,1080,0.065,1094.4,532.4
Round3,Q1,1124,562.0,CYBERCX,0.6888,1160.7,524.5,84.7,15.5,1920,1080,0.063,1203.0,532.2
Round3,Q1,1124,562.0,CYBERCX,0.6769,953.5,451.4,81.6,15.8,1920,1080,0.062,994.3,459.3
Round3,Q1,1124,562.0,CYBERCX,0.6432,1384.5,523.5,93.5,17.2,1920,1080,0.078,1431.2,532.1
Round3,Q1,1124,562.0,CYBERCX,0.6418,842.8,523.5,83.3,17.6,1920,1080,0.071,884.4,532.2
Round3,Q1,1124,562.0,CYBERCX,0.6256,630.6,447.0,88.5,16.5,1920,1080,0.07,674.8,455.2
Round3,Q1,1124,562.0,CYBERCX,0.6123,1267.6,523.6,90.6,17.6,1920,1080,0.077,1312.9,532.4
Round3,Q1,1124,562.0,CYBERCX,0.5854,1174.2,606.3,83.4,16.5,1920,1080,0.066,1215.9,614.6
Round3,Q1,1124,562.0,CYBERCX,0.5799,252.9,519.7,104.1,17.6,1920,1080,0.088,305.0,528.5
Round3,Q1,1124,562.0,CYBERCX,0.5679,361.8,612.4,96.0,21.2,1920,1080,0.098,409.8,623.0
Round3,Q1,1124,562.0,CYBERCX,0.5629,116.4,625.3,95.4,21.7,1920,1080,0.1,164.1,636.2
Round3,Q1,1124,562.0,CYBERCX,0.5623,386.9,520.9,97.7,17.5,1920,1080,0.083,435.8,529.7
Round3,Q1,1124,562.0,CYBERCX,0.5497,1493.2,617.3,95.7,20.8,1920,1080,0.096,1541.0,627.7
Round3,Q1,1124,562.0,CYBERCX,0.5239,1639.7,522.6,110.6,17.1,1920,1080,0.091,1695.0,531.2
Round3,Q1,1124,562.0,CYBERCX,0.5007,788.8,602.0,78.9,17.2,1920,1080,0.065,828.3,610.6
Round3,Q1,1124,562.0,CYBERCX,0.4373,691.0,604.5,78.4,15.3,1920,1080,0.058,730.2,612.1
Round3,Q1,1124,562.0,CYBERCX,0.43,980.6,602.0,78.9,17.6,1920,1080,0.067,1020.1,610.8
Round3,Q1,1124,562.0,CYBERCX,0.3339,116.6,517.6,97.4,18.4,1920,1080,0.086,165.3,526.8
Round3,Q1,1124,562.0,CYBERCX,0.3334,1275.0,607.5,85.7,19.7,1920,1080,0.081,1317.8,617.4
Round3,Q1,1125,562.5,EMIRATES,0.3461,662.0,587.9,47.7,18.8,1920,1080,0.043,685.9,597.3
Round3,Q1,1168,584.0,EMIRATES,0.8977,876.6,407.0,43.8,15.4,1920,1080,0.033,898.5,414.7
Round3,Q1,1169,584.5,EMIRATES,0.8912,1089.2,407.4,50.9,18.2,1920,1080,0.045,1114.6,416.5
Round3,Q1,1170,585.0,EMIRATES,0.3639,230.4,868.8,27.2,7.9,1920,1080,0.01,243.9,872.8
Round3,Q1,1188,594.0,EMIRATES,0.8848,1394.2,810.4,34.3,15.1,1920,1080,0.025,1411.3,818.0
Round3,Q1,1188,594.0,EMIRATES,0.7115,1468.1,561.1,34.7,13.1,1920,1080,0.022,1485.4,567.7
Round3,Q1,1188,594.0,EMIRATES,0.4615,588.8,587.3,25.6,12.8,1920,1080,0.016,601.5,593.7
Round3,Q1,1189,594.5,EMIRATES,0.8642,1329.4,944.9,59.6,18.0,1920,1080,0.052,1359.2,953.9
Round3,Q1,1189,594.5,EMIRATES,0.8019,777.7,620.9,26.0,16.4,1920,1080,0.021,790.7,629.1
Round3,Q1,1190,595.0,EMIRATES,0.8504,1084.7,479.0,25.3,19.7,1920,1080,0.024,1097.4,488.8
Round3,Q1,1191,595.5,EMIRATES,0.8885,1149.1,572.1,31.6,13.0,1920,1080,0.02,1164.9,578.6
Round3,Q1,1192,596.0,EMIRATES,0.6843,1263.1,421.9,21.1,12.8,1920,1080,0.013,1273.6,428.3
Round3,Q1,1192,596.0,EMIRATES,0.5834,1343.1,408.9,31.6,11.1,1920,1080,0.017,1358.9,414.4
Round3,Q1,1193,596.5,EMIRATES,0.8175,1366.1,151.5,35.3,12.6,1920,1080,0.021,1383.7,157.8
Round3,Q1,1193,596.5,EMIRATES,0.76,1446.0,473.3,30.2,18.4,1920,1080,0.027,1461.2,482.5
Round3,Q1,1193,596.5,EMIRATES,0.7077,770.9,391.6,36.5,14.9,1920,1080,0.026,789.2,399.1
Round3,Q1,1194,597.0,EMIRATES,0.8789,1528.4,408.5,37.1,18.5,1920,1080,0.033,1547.0,417.8
Round3,Q1,1194,597.0,EMIRATES,0.862,754.6,283.0,35.6,15.7,1920,1080,0.027,772.4,290.8
Round3,Q1,1195,597.5,EMIRATES,0.8767,718.6,1035.1,56.6,16.2,1920,1080,0.044,746.9,1043.2
Round3,Q1,1195,597.5,EMIRATES,0.8705,1176.2,402.6,40.6,14.3,1920,1080,0.028,1196.5,409.8
Round3,Q1,1195,597.5,EMIRATES,0.6564,366.5,199.2,27.9,16.8,1920,1080,0.023,380.4,207.6
Round3,Q1,1196,598.0,EMIRATES,0.8936,347.2,807.2,52.0,27.2,1920,1080,0.068,373.3,820.8
Round3,Q1,1196,598.0,EMIRATES,0.867,559.3,386.1,44.3,15.4,1920,1080,0.033,581.4,393.9
Round3,Q1,1197,598.5,EMIRATES,0.8816,337.1,781.4,41.4,35.7,1920,1080,0.071,357.9,799.3
Round3,Q1,1197,598.5,EMIRATES,0.8654,1738.6,420.3,62.6,15.7,1920,1080,0.047,1769.8,428.2
Round3,Q1,1197,598.5,EMIRATES,0.3247,462.6,441.1,17.0,12.3,1920,1080,0.01,471.1,447.2
Round3,Q1,1198,599.0,EMIRATES,0.884,385.6,850.6,38.4,30.0,1920,1080,0.056,404.8,865.6
Round3,Q1,1198,599.0,EMIRATES,0.8572,536.5,560.7,32.7,16.1,1920,1080,0.025,552.8,568.8
Round3,Q1,1198,599.0,EMIRATES,0.8556,1121.8,399.1,68.1,24.3,1920,1080,0.08,1155.9,411.2
Round3,Q1,1199,599.5,EMIRATES,0.8958,167.3,964.1,52.6,19.3,1920,1080,0.049,193.6,973.8
Round3,Q1,1199,599.5,EMIRATES,0.8617,361.2,650.8,37.2,18.4,1920,1080,0.033,379.9,660.0
Round3,Q1,1200,600.0,EMIRATES,0.9027,139.5,908.9,52.6,19.6,1920,1080,0.05,165.8,918.7
Round3,Q1,1200,600.0,EMIRATES,0.892,480.1,616.1,39.1,25.2,1920,1080,0.048,499.6,628.7
Round3,Q1,1201,600.5,EMIRATES,0.3925,1474.5,476.1,12.3,48.3,1920,1080,0.029,1480.6,500.2
Round3,Q1,1201,600.5,EMIRATES,0.3601,1636.2,494.5,12.9,55.2,1920,1080,0.034,1642.7,522.2
Round3,Q1,1202,601.0,EMIRATES,0.5498,1513.2,560.4,10.8,54.2,1920,1080,0.028,1518.6,587.5
Round3,Q1,1202,601.0,EMIRATES,0.3722,1339.9,537.3,11.0,51.6,1920,1080,0.027,1345.3,563.1
Round3,Q1,1203,601.5,EMIRATES,0.7174,1290.3,594.3,12.1,60.8,1920,1080,0.035,1296.3,624.7
Round3,Q1,1203,601.5,EMIRATES,0.666,1493.0,627.4,11.1,58.7,1920,1080,0.031,1498.5,656.7
Round3,Q1,1203,601.5,EMIRATES,0.5779,1106.0,573.4,11.5,55.2,1920,1080,0.03,1111.7,601.0
Round3,Q1,1203,601.5,EMIRATES,0.3508,936.7,497.4,13.0,43.5,1920,1080,0.027,943.2,519.2
Round3,Q1,1203,601.5,EMIRATES,0.3368,936.2,549.8,11.5,53.8,1920,1080,0.03,941.9,576.7
Round3,Q1,1204,602.0,EMIRATES,0.7812,1540.3,640.1,15.1,71.5,1920,1080,0.052,1547.8,675.8
Round3,Q1,1204,602.0,EMIRATES,0.7756,1295.1,604.2,14.1,71.4,1920,1080,0.048,1302.2,639.9
Round3,Q1,1204,602.0,EMIRATES,0.7298,866.5,485.9,13.4,49.2,1920,1080,0.032,873.2,510.5
Round3,Q1,1204,602.0,EMIRATES,0.715,865.2,552.8,13.4,62.5,1920,1080,0.04,871.8,584.0
Round3,Q1,1204,602.0,EMIRATES,0.607,1297.6,536.7,14.0,52.8,1920,1080,0.036,1304.6,563.1
Round3,Q1,1204,602.0,EMIRATES,0.5997,1543.4,565.8,15.3,60.8,1920,1080,0.045,1551.1,596.2
Round3,Q1,1204,602.0,EMIRATES,0.4989,1072.9,509.0,13.6,52.7,1920,1080,0.034,1079.7,535.3
Round3,Q1,1205,602.5,EMIRATES,0.8927,1263.5,933.8,55.7,20.4,1920,1080,0.055,1291.4,944.0
Round3,Q1,1205,602.5,EMIRATES,0.7171,797.2,3.3,52.9,142.9,1920,1080,0.365,823.7,74.7
Round3,Q1,1206,603.0,EMIRATES,0.8848,1348.7,897.7,59.8,19.6,1920,1080,0.057,1378.7,907.5
Round3,Q1,1206,603.0,EMIRATES,0.7633,908.6,17.7,64.8,220.2,1920,1080,0.688,941.0,127.8
Round3,Q1,1206,603.0,EMIRATES,0.6213,940.5,559.6,47.9,19.4,1920,1080,0.045,964.5,569.3
Round3,Q1,1207,603.5,EMIRATES,0.8963,1619.9,725.8,52.2,18.8,1920,1080,0.047,1646.0,735.2
Round3,Q1,1207,603.5,EMIRATES,0.7792,263.9,138.9,68.4,360.7,1920,1080,1.189,298.1,319.2
Round3,Q1,1207,603.5,EMIRATES,0.7264,1313.3,3.7,66.3,146.4,1920,1080,0.468,1346.4,76.9
Round3,Q1,1207,603.5,EMIRATES,0.6283,1317.6,262.4,61.4,381.6,1920,1080,1.131,1348.3,453.2
Round3,Q1,1208,604.0,EMIRATES,0.8742,1668.6,591.1,48.8,18.6,1920,1080,0.044,1693.0,600.5
Round3,Q1,1208,604.0,EMIRATES,0.8306,1595.8,435.8,31.5,16.8,1920,1080,0.026,1611.6,444.3
Round3,Q1,1208,604.0,EMIRATES,0.8051,663.5,149.0,64.0,343.3,1920,1080,1.059,695.5,320.6
Round3,Q1,1208,604.0,EMIRATES,0.6962,1681.7,6.0,61.2,146.3,1920,1080,0.432,1712.3,79.1
Round3,Q1,1208,604.0,EMIRATES,0.5951,1684.7,267.8,65.7,197.6,1920,1080,0.626,1717.6,366.6
Round3,Q1,1209,604.5,EMIRATES,0.8793,1495.5,517.1,45.6,14.8,1920,1080,0.032,1518.3,524.5
Round3,Q1,1209,604.5,EMIRATES,0.807,854.8,176.9,57.1,326.3,1920,1080,0.898,883.4,340.0
Round3,Q1,1209,604.5,EMIRATES,0.8035,1843.8,284.9,61.9,339.4,1920,1080,1.013,1874.8,454.6
Round3,Q1,1209,604.5,EMIRATES,0.7507,1846.2,2.9,53.8,170.2,1920,1080,0.442,1873.1,88.0
Round3,Q1,1210,605.0,EMIRATES,0.8811,1180.1,507.5,48.2,15.2,1920,1080,0.035,1204.2,515.1
Round3,Q1,1210,605.0,EMIRATES,0.8379,1768.7,331.7,67.2,335.4,1920,1080,1.087,1802.3,499.4
Round3,Q1,1210,605.0,EMIRATES,0.8037,805.2,225.7,59.3,317.3,1920,1080,0.908,834.9,384.3
Round3,Q1,1210,605.0,EMIRATES,0.7641,1775.1,16.9,57.8,207.5,1920,1080,0.578,1804.0,120.6
Round3,Q1,1210,605.0,EMIRATES,0.6707,807.4,3.2,60.7,202.5,1920,1080,0.592,837.7,104.5
Round3,Q1,1211,605.5,EMIRATES,0.8844,1090.2,453.7,40.8,13.4,1920,1080,0.026,1110.6,460.4
Round3,Q1,1211,605.5,EMIRATES,0.7312,1667.3,52.8,52.2,203.2,1920,1080,0.511,1693.4,154.4
Round3,Q1,1211,605.5,EMIRATES,0.6571,702.9,4.3,54.3,229.8,1920,1080,0.602,730.0,119.2
Round3,Q1,1211,605.5,EMIRATES,0.5952,705.9,257.3,54.4,240.3,1920,1080,0.631,733.1,377.5
Round3,Q1,1212,606.0,EMIRATES,0.8644,1796.2,1035.9,62.9,18.8,1920,1080,0.057,1827.6,1045.3
Round3,Q1,1212,606.0,EMIRATES,0.8139,1077.2,256.9,64.4,322.3,1920,1080,1.0,1109.4,418.1
Round3,Q1,1212,606.0,EMIRATES,0.7354,808.3,317.0,36.2,21.1,1920,1080,0.037,826.4,327.6
Round3,Q1,1212,606.0,EMIRATES,0.633,1070.0,0.5,70.7,239.4,1920,1080,0.816,1105.4,120.2
Round3,Q1,1212,606.0,EMIRATES,0.5591,1375.0,419.1,41.7,17.4,1920,1080,0.035,1395.8,427.7
Round3,Q1,1214,607.0,EMIRATES,0.7542,302.8,436.4,60.7,15.3,1920,1080,0.045,333.2,444.1
Round3,Q1,1215,607.5,EMIRATES,0.8999,1185.9,908.8,53.5,21.1,1920,1080,0.054,1212.7,919.4
Round3,Q1,1215,607.5,EMIRATES,0.5299,887.0,473.5,26.7,16.2,1920,1080,0.021,900.4,481.6
Round3,Q1,1216,608.0,EMIRATES,0.894,308.2,855.9,66.2,20.5,1920,1080,0.065,341.3,866.1
Round3,Q1,1216,608.0,EMIRATES,0.8868,1430.9,827.6,53.5,22.3,1920,1080,0.057,1457.6,838.7
Round3,Q1,1217,608.5,EMIRATES,0.8995,1640.3,801.2,51.3,19.9,1920,1080,0.049,1666.0,811.2
Round3,Q1,1217,608.5,EMIRATES,0.8895,802.5,809.1,67.6,20.0,1920,1080,0.065,836.3,819.1
Round3,Q1,1218,609.0,EMIRATES,0.8953,1390.7,760.7,62.0,19.8,1920,1080,0.059,1421.7,770.6
Round3,Q1,1218,609.0,EMIRATES,0.8892,1583.9,736.6,46.4,20.9,1920,1080,0.047,1607.1,747.1
Round3,Q1,1218,609.0,EMIRATES,0.8664,1135.4,404.3,37.8,11.7,1920,1080,0.021,1154.3,410.2
Round3,Q1,1219,609.5,EMIRATES,0.8933,1424.4,769.2,48.3,27.6,1920,1080,0.064,1448.6,783.0
Round3,Q1,1219,609.5,EMIRATES,0.8778,974.8,736.2,60.4,18.2,1920,1080,0.053,1005.0,745.3
Round3,Q1,1219,609.5,EMIRATES,0.8099,695.9,388.9,55.4,21.5,1920,1080,0.058,723.6,399.7
Round3,Q1,1220,610.0,EMIRATES,0.8946,1519.4,522.5,50.5,18.7,1920,1080,0.046,1544.6,531.9
Round3,Q1,1220,610.0,EMIRATES,0.8816,1246.7,764.2,43.4,21.5,1920,1080,0.045,1268.4,774.9
Round3,Q1,1220,610.0,EMIRATES,0.8775,286.3,734.4,57.0,15.3,1920,1080,0.042,314.8,742.0
Round3,Q1,1220,610.0,EMIRATES,0.8174,1276.6,410.4,46.9,15.2,1920,1080,0.034,1300.0,418.0
Round3,Q1,1220,610.0,EMIRATES,0.7104,186.2,351.8,43.1,11.6,1920,1080,0.024,207.7,357.6
Round3,Q1,1221,610.5,EMIRATES,0.8466,479.6,715.3,54.7,17.4,1920,1080,0.046,507.0,723.9
Round3,Q1,1221,610.5,EMIRATES,0.7664,1361.6,462.9,40.9,14.7,1920,1080,0.029,1382.0,470.2
Round3,Q1,1222,611.0,EMIRATES,0.8804,445.1,722.4,51.3,17.1,1920,1080,0.042,470.8,730.9
Round3,Q1,1222,611.0,EMIRATES,0.6432,1101.3,469.0,39.9,20.3,1920,1080,0.039,1121.3,479.2
Round3,Q1,1223,611.5,EMIRATES,0.8871,749.6,691.2,43.5,15.9,1920,1080,0.033,771.3,699.1
Round3,Q1,1223,611.5,EMIRATES,0.8746,273.2,967.2,49.9,16.0,1920,1080,0.039,298.2,975.2
Round3,Q1,1224,612.0,EMIRATES,0.8908,255.7,908.9,51.9,16.0,1920,1080,0.04,281.7,916.9
Round3,Q1,1224,612.0,EMIRATES,0.8867,623.1,613.8,42.8,17.1,1920,1080,0.035,644.5,622.4
Round3,Q1,1224,612.0,EMIRATES,0.5527,872.1,432.0,41.4,22.1,1920,1080,0.044,892.8,443.0
Round3,Q1,1225,612.5,EMIRATES,0.895,622.8,580.2,54.0,20.5,1920,1080,0.053,649.8,590.4
Round3,Q1,1225,612.5,EMIRATES,0.8753,391.8,847.8,63.1,22.5,1920,1080,0.068,423.4,859.0
Round3,Q1,1226,613.0,EMIRATES,0.8937,641.6,501.1,61.7,22.6,1920,1080,0.067,672.5,512.4
Round3,Q1,1226,613.0,EMIRATES,0.8707,509.5,744.5,65.2,23.6,1920,1080,0.074,542.0,756.2
Round3,Q1,1227,613.5,EMIRATES,0.8878,1026.6,339.7,52.6,21.7,1920,1080,0.055,1052.9,350.5
Round3,Q1,1227,613.5,EMIRATES,0.8864,812.9,410.5,62.0,23.4,1920,1080,0.07,843.9,422.2
Round3,Q1,1227,613.5,EMIRATES,0.8818,665.6,657.4,71.9,23.3,1920,1080,0.081,701.5,669.1
Round3,Q1,1228,614.0,EMIRATES,0.8884,991.7,365.8,67.5,25.4,1920,1080,0.083,1025.4,378.5
Round3,Q1,1228,614.0,EMIRATES,0.8863,834.9,564.8,73.0,23.8,1920,1080,0.084,871.4,576.7
Round3,Q1,1229,614.5,EMIRATES,0.8883,1028.2,318.5,75.5,25.2,1920,1080,0.092,1066.0,331.1
Round3,Q1,1229,614.5,EMIRATES,0.8756,887.7,527.7,79.7,27.3,1920,1080,0.105,927.6,541.3
Round3,Q1,1230,615.0,EMIRATES,0.8781,891.6,455.1,80.3,28.1,1920,1080,0.109,931.7,469.1
Round3,Q1,1231,615.5,EMIRATES,0.8944,637.6,327.6,78.2,32.7,1920,1080,0.123,676.7,344.0
Round3,Q1,1231,615.5,EMIRATES,0.8941,905.9,436.6,86.5,29.6,1920,1080,0.123,949.2,451.4
Round3,Q1,1231,615.5,EMIRATES,0.8498,1101.2,361.1,48.6,21.1,1920,1080,0.05,1125.5,371.7
Round3,Q1,1233,616.5,EMIRATES,0.8638,1637.0,479.0,31.6,13.7,1920,1080,0.021,1652.8,485.8
Round3,Q1,1233,616.5,EMIRATES,0.8046,1183.7,618.7,44.8,23.8,1920,1080,0.051,1206.1,630.6
Round3,Q1,1233,616.5,EMIRATES,0.6612,1546.1,0.7,73.9,204.6,1920,1080,0.729,1583.1,103.0
Round3,Q1,1233,616.5,EMIRATES,0.6459,1554.0,205.2,67.2,420.9,1920,1080,1.364,1587.6,415.7
Round3,Q1,1235,617.5,EMIRATES,0.8748,1774.8,880.7,32.6,11.3,1920,1080,0.018,1791.1,886.4
Round3,Q1,1235,617.5,EMIRATES,0.7583,1686.1,858.7,26.8,10.2,1920,1080,0.013,1699.4,863.8
Round3,Q1,1236,618.0,EMIRATES,0.7902,1715.3,858.5,33.2,11.5,1920,1080,0.018,1731.9,864.2
Round3,Q1,1237,618.5,EMIRATES,0.8661,1664.2,839.4,27.8,11.4,1920,1080,0.015,1678.1,845.1
Round3,Q1,1237,618.5,EMIRATES,0.6101,1730.3,1047.0,37.1,8.9,1920,1080,0.016,1748.8,1051.5
Round3,Q1,1237,618.5,EMIRATES,0.4954,1844.8,511.1,49.9,19.1,1920,1080,0.046,1869.7,520.7
Round3,Q1,1238,619.0,EMIRATES,0.881,1697.9,861.2,28.9,11.6,1920,1080,0.016,1712.3,867.0
Round3,Q1,1238,619.0,EMIRATES,0.8546,1705.0,1033.3,36.8,14.2,1920,1080,0.025,1723.4,1040.4
Round3,Q1,1238,619.0,EMIRATES,0.4558,1472.2,539.6,21.0,8.4,1920,1080,0.008,1482.7,543.8
Round3,Q1,1239,619.5,EMIRATES,0.8849,1728.9,1011.1,32.6,12.6,1920,1080,0.02,1745.2,1017.4
Round3,Q1,1239,619.5,EMIRATES,0.7482,1701.3,867.5,20.9,11.3,1920,1080,0.011,1711.7,873.1
Round3,Q1,1240,620.0,EMIRATES,0.898,1139.0,440.8,72.5,22.7,1920,1080,0.079,1175.3,452.2
Round3,Q1,1240,620.0,EMIRATES,0.8708,1817.6,979.7,31.4,11.4,1920,1080,0.017,1833.3,985.4
Round3,Q1,1240,620.0,EMIRATES,0.8462,1687.3,850.1,26.4,9.1,1920,1080,0.012,1700.5,854.6
Round3,Q1,1240,620.0,EMIRATES,0.8341,1755.5,872.1,26.6,10.4,1920,1080,0.013,1768.8,877.3
Round3,Q1,1241,620.5,EMIRATES,0.874,928.0,400.9,104.2,58.7,1920,1080,0.295,980.1,430.3
Round3,Q1,1242,621.0,EMIRATES,0.8843,893.4,402.1,95.1,75.0,1920,1080,0.344,940.9,439.7
Round3,Q1,1243,621.5,EMIRATES,0.9009,909.8,373.9,120.6,47.0,1920,1080,0.274,970.1,397.4
Round3,Q1,1244,622.0,EMIRATES,0.8992,912.7,507.0,123.7,49.1,1920,1080,0.293,974.6,531.5
Round3,Q1,1244,622.0,EMIRATES,0.8785,1807.1,779.3,56.6,19.3,1920,1080,0.053,1835.4,788.9
Round3,Q1,1245,622.5,EMIRATES,0.8755,852.8,67.2,184.1,72.5,1920,1080,0.644,944.8,103.5
Round3,Q1,1245,622.5,EMIRATES,0.7113,1481.7,3.0,96.5,31.2,1920,1080,0.145,1530.0,18.6
Round3,Q1,1246,623.0,EMIRATES,0.8796,525.9,63.1,200.9,73.8,1920,1080,0.715,626.4,100.0
Round3,Q1,1246,623.0,EMIRATES,0.7578,1495.0,1.4,95.0,32.9,1920,1080,0.151,1542.4,17.9
Round3,Q1,1247,623.5,EMIRATES,0.8009,1482.7,1.6,99.2,27.2,1920,1080,0.13,1532.3,15.2
Round3,Q1,1248,624.0,EMIRATES,0.8286,1454.4,2.2,97.8,42.4,1920,1080,0.2,1503.3,23.4
Round3,Q1,1248,624.0,EMIRATES,0.6196,0.0,74.1,36.1,82.4,1920,1080,0.143,18.0,115.3
Round3,Q1,1249,624.5,JAMESON,0.4039,1409.4,312.8,40.6,17.4,1920,1080,0.034,1429.7,321.5
Round3,Q1,1250,625.0,JAMESON,0.8383,208.9,363.3,28.8,9.7,1920,1080,0.013,223.3,368.2
Round3,Q1,1250,625.0,JAMESON,0.8288,1030.1,394.6,30.7,16.0,1920,1080,0.024,1045.4,402.6
Round3,Q1,1250,625.0,JAMESON,0.8276,402.1,362.2,25.7,9.9,1920,1080,0.012,414.9,367.2
Round3,Q1,1250,625.0,JAMESON,0.8257,927.8,303.9,27.2,10.5,1920,1080,0.014,941.4,309.2
Round3,Q1,1250,625.0,JAMESON,0.8249,1583.9,108.4,33.1,14.2,1920,1080,0.023,1600.4,115.5
Round3,Q1,1250,625.0,JAMESON,0.8248,446.1,362.8,26.0,10.0,1920,1080,0.013,459.1,367.8
Round3,Q1,1250,625.0,JAMESON,0.8216,1014.3,304.4,27.8,11.1,1920,1080,0.015,1028.2,309.9
Round3,Q1,1250,625.0,JAMESON,0.8214,150.5,364.4,33.0,10.2,1920,1080,0.016,167.0,369.5
Round3,Q1,1250,625.0,JAMESON,0.8195,822.0,303.6,25.6,10.3,1920,1080,0.013,834.8,308.8
Round3,Q1,1250,625.0,JAMESON,0.8176,532.1,364.7,26.1,10.4,1920,1080,0.013,545.2,369.9
Round3,Q1,1250,625.0,JAMESON,0.8172,932.1,384.7,29.8,14.6,1920,1080,0.021,947.0,392.0
Round3,Q1,1250,625.0,JAMESON,0.8134,1455.1,312.2,38.1,18.2,1920,1080,0.034,1474.2,321.3
Round3,Q1,1250,625.0,JAMESON,0.8047,971.4,304.3,26.9,10.7,1920,1080,0.014,984.9,309.7
Round3,Q1,1250,625.0,JAMESON,0.8045,1379.2,147.3,28.5,10.8,1920,1080,0.015,1393.5,152.7
Round3,Q1,1250,625.0,JAMESON,0.8022,1244.4,426.6,39.6,21.2,1920,1080,0.04,1264.2,437.2
Round3,Q1,1250,625.0,JAMESON,0.7973,661.9,367.9,27.8,11.5,1920,1080,0.015,675.8,373.7
Round3,Q1,1250,625.0,JAMESON,0.7968,172.9,311.0,28.0,9.2,1920,1080,0.012,186.9,315.6
Round3,Q1,1250,625.0,JAMESON,0.7965,221.5,310.8,27.0,8.8,1920,1080,0.011,235.0,315.2
Round3,Q1,1250,625.0,JAMESON,0.7965,1150.1,306.1,29.7,13.1,1920,1080,0.019,1164.9,312.7
Round3,Q1,1250,625.0,JAMESON,0.795,8.8,231.4,29.3,7.2,1920,1080,0.01,23.5,235.0
Round3,Q1,1250,625.0,JAMESON,0.7938,1102.7,305.4,30.8,12.5,1920,1080,0.018,1118.1,311.6
Round3,Q1,1250,625.0,JAMESON,0.7924,1861.0,325.4,58.3,35.9,1920,1080,0.101,1890.1,343.4
Round3,Q1,1250,625.0,JAMESON,0.7895,736.1,303.9,26.3,9.5,1920,1080,0.012,749.3,308.6
Round3,Q1,1250,625.0,JAMESON,0.7887,1260.1,163.8,27.6,10.3,1920,1080,0.014,1273.9,169.0
Round3,Q1,1250,625.0,JAMESON,0.7884,780.2,304.1,26.3,9.5,1920,1080,0.012,793.3,308.9
Round3,Q1,1250,625.0,JAMESON,0.7882,575.0,365.4,26.2,10.5,1920,1080,0.013,588.1,370.7
Round3,Q1,1250,625.0,JAMESON,0.7812,1060.1,305.2,26.9,11.0,1920,1080,0.014,1073.6,310.7
Round3,Q1,1250,625.0,JAMESON,0.7809,839.0,377.3,29.8,13.1,1920,1080,0.019,853.9,383.8
Round3,Q1,1250,625.0,JAMESON,0.7801,1441.9,136.3,29.6,12.7,1920,1080,0.018,1456.7,142.6
Round3,Q1,1250,625.0,JAMESON,0.7793,653.2,304.7,25.1,9.1,1920,1080,0.011,665.8,309.3
Round3,Q1,1250,625.0,JAMESON,0.7786,1510.9,123.9,31.6,13.2,1920,1080,0.02,1526.7,130.5
Round3,Q1,1250,625.0,JAMESON,0.7757,1578.2,316.3,43.4,20.9,1920,1080,0.044,1599.9,326.7
Round3,Q1,1250,625.0,JAMESON,0.7736,1194.8,306.5,32.1,14.0,1920,1080,0.022,1210.9,313.5
Round3,Q1,1250,625.0,JAMESON,0.7735,267.1,310.1,26.5,9.3,1920,1080,0.012,280.4,314.7
Round3,Q1,1250,625.0,JAMESON,0.7721,1079.5,400.5,33.3,17.3,1920,1080,0.028,1096.1,409.2
Round3,Q1,1250,625.0,JAMESON,0.772,1245.7,307.3,30.5,14.4,1920,1080,0.021,1260.9,314.4
Round3,Q1,1250,625.0,JAMESON,0.763,1131.7,408.1,34.2,18.0,1920,1080,0.03,1148.8,417.1
Round3,Q1,1250,625.0,JAMESON,0.7581,1345.3,309.7,33.7,15.5,1920,1080,0.025,1362.2,317.4
Round3,Q1,1250,625.0,JAMESON,0.757,884.9,381.2,29.4,13.3,1920,1080,0.019,899.6,387.9
Round3,Q1,1250,625.0,JAMESON,0.7558,1713.0,320.7,48.1,25.7,1920,1080,0.06,1737.1,333.5
Round3,Q1,1250,625.0,JAMESON,0.7552,527.5,305.9,24.7,9.0,1920,1080,0.011,539.9,310.4
Round3,Q1,1250,625.0,JAMESON,0.7526,354.6,308.5,27.1,9.5,1920,1080,0.012,368.2,313.2
Round3,Q1,1250,625.0,JAMESON,0.7499,1293.7,308.6,31.8,14.7,1920,1080,0.023,1309.6,316.0
Round3,Q1,1250,625.0,JAMESON,0.7477,485.6,306.0,25.3,9.5,1920,1080,0.012,498.2,310.8
Round3,Q1,1250,625.0,JAMESON,0.7444,612.0,304.8,24.9,9.3,1920,1080,0.011,624.4,309.4
Round3,Q1,1250,625.0,JAMESON,0.738,618.1,366.6,27.2,11.4,1920,1080,0.015,631.7,372.3
Round3,Q1,1250,625.0,JAMESON,0.7335,520.4,219.5,24.5,7.5,1920,1080,0.009,532.6,223.3
Round3,Q1,1250,625.0,JAMESON,0.7203,308.6,362.7,23.7,9.3,1920,1080,0.011,320.5,367.3
Round3,Q1,1250,625.0,JAMESON,0.7182,1397.9,310.6,34.9,17.3,1920,1080,0.029,1415.3,319.2
Round3,Q1,1250,625.0,JAMESON,0.7126,230.7,228.8,25.7,7.7,1920,1080,0.01,243.5,232.6
Round3,Q1,1250,625.0,JAMESON,0.7081,749.6,371.4,27.6,12.9,1920,1080,0.017,763.4,377.8
Round3,Q1,1250,625.0,JAMESON,0.7041,312.8,309.1,25.6,9.1,1920,1080,0.011,325.7,313.7
Round3,Q1,1250,625.0,JAMESON,0.701,1514.5,314.1,37.2,18.5,1920,1080,0.033,1533.1,323.3
Round3,Q1,1250,625.0,JAMESON,0.6996,1317.2,155.9,27.3,10.8,1920,1080,0.014,1330.9,161.3
Round3,Q1,1250,625.0,JAMESON,0.6944,30.4,365.9,33.5,11.2,1920,1080,0.018,47.1,371.5
Round3,Q1,1250,625.0,JAMESON,0.6942,568.8,305.6,26.7,10.4,1920,1080,0.013,582.2,310.8
Round3,Q1,1250,625.0,JAMESON,0.6894,801.7,205.2,25.0,8.2,1920,1080,0.01,814.2,209.3
Round3,Q1,1250,625.0,JAMESON,0.6862,398.9,307.5,25.5,8.7,1920,1080,0.011,411.7,311.8
Round3,Q1,1250,625.0,JAMESON,0.6855,442.2,306.0,25.3,9.9,1920,1080,0.012,454.9,310.9
Round3,Q1,1250,625.0,JAMESON,0.6751,568.0,217.2,24.5,7.8,1920,1080,0.009,580.2,221.1
Round3,Q1,1250,625.0,JAMESON,0.674,180.2,230.6,24.3,7.2,1920,1080,0.008,192.4,234.2
Round3,Q1,1250,625.0,JAMESON,0.6701,19.0,314.6,32.8,9.8,1920,1080,0.016,35.4,319.5
Round3,Q1,1250,625.0,JAMESON,0.6624,359.4,362.1,26.5,10.1,1920,1080,0.013,372.7,367.2
Round3,Q1,1250,625.0,JAMESON,0.6597,696.2,304.4,24.1,9.1,1920,1080,0.011,708.2,309.0
Round3,Q1,1250,625.0,JAMESON,0.6587,1096.8,182.1,25.4,8.7,1920,1080,0.011,1109.5,186.4
Round3,Q1,1250,625.0,JAMESON,0.6555,282.0,227.8,24.4,7.7,1920,1080,0.009,294.2,231.7
Round3,Q1,1250,625.0,JAMESON,0.6457,125.2,312.1,27.9,9.4,1920,1080,0.013,139.1,316.8
Round3,Q1,1250,625.0,JAMESON,0.6445,886.6,303.0,24.9,11.1,1920,1080,0.013,899.0,308.6
Round3,Q1,1250,625.0,JAMESON,0.6414,1151.1,176.5,25.0,9.5,1920,1080,0.011,1163.6,181.3
Round3,Q1,1250,625.0,JAMESON,0.6309,1046.8,186.9,24.9,8.4,1920,1080,0.01,1059.3,191.1
Round3,Q1,1250,625.0,JAMESON,0.62,614.7,214.9,23.6,8.0,1920,1080,0.009,626.5,219.0
Round3,Q1,1250,625.0,JAMESON,0.6153,897.9,198.0,24.0,9.1,1920,1080,0.01,909.9,202.5
Round3,Q1,1250,625.0,JAMESON,0.6125,474.8,221.8,23.4,7.0,1920,1080,0.008,486.5,225.3
Round3,Q1,1250,625.0,JAMESON,0.5997,1643.0,318.1,41.6,23.4,1920,1080,0.047,1663.8,329.8
Round3,Q1,1250,625.0,JAMESON,0.597,1188.2,416.0,36.2,20.0,1920,1080,0.035,1206.3,426.0
Round3,Q1,1250,625.0,JAMESON,0.5845,1203.0,170.6,27.1,10.0,1920,1080,0.013,1216.6,175.6
Round3,Q1,1250,625.0,JAMESON,0.5664,755.9,207.7,23.2,7.5,1920,1080,0.008,767.5,211.5
Round3,Q1,1250,625.0,JAMESON,0.5399,661.7,213.2,23.0,7.4,1920,1080,0.008,673.2,216.9
Round3,Q1,1250,625.0,JAMESON,0.5264,380.3,225.7,21.8,8.3,1920,1080,0.009,391.2,229.8
Round3,Q1,1250,625.0,JAMESON,0.5086,1411.9,471.6,41.1,29.6,1920,1080,0.059,1432.4,486.4
Round3,Q1,1250,625.0,JAMESON,0.4804,995.8,191.8,23.9,7.9,1920,1080,0.009,1007.7,195.7
Round3,Q1,1250,625.0,JAMESON,0.4794,851.4,201.8,22.1,8.2,1920,1080,0.009,862.5,205.9
Round3,Q1,1250,625.0,JAMESON,0.4535,331.4,226.8,22.5,7.3,1920,1080,0.008,342.7,230.4
Round3,Q1,1250,625.0,JAMESON,0.4422,89.9,365.9,25.7,9.7,1920,1080,0.012,102.7,370.7
Round3,Q1,1250,625.0,JAMESON,0.4346,73.3,313.6,30.5,9.3,1920,1080,0.014,88.5,318.2
Round3,Q1,1250,625.0,JAMESON,0.4198,948.1,195.1,22.8,8.1,1920,1080,0.009,959.5,199.1
Round3,Q1,1250,625.0,JAMESON,0.4041,123.6,231.4,26.5,7.2,1920,1080,0.009,136.8,235.0
Round3,Q1,1250,625.0,JAMESON,0.4,489.1,363.1,24.4,10.5,1920,1080,0.012,501.3,368.4
Round3,Q1,1250,625.0,JAMESON,0.3807,258.8,362.7,26.0,10.3,1920,1080,0.013,271.8,367.9
Round3,Q1,1250,625.0,JAMESON,0.3476,427.1,222.0,23.6,9.1,1920,1080,0.01,438.9,226.6
Round3,Q1,1250,625.0,JAMESON,0.3023,69.3,230.8,27.8,8.0,1920,1080,0.011,83.2,234.8
Round3,Q1,1251,625.5,JAMESON,0.8413,251.0,362.4,29.6,9.6,1920,1080,0.014,265.8,367.2
Round3,Q1,1251,625.5,JAMESON,0.8343,1627.3,107.6,33.8,14.1,1920,1080,0.023,1644.2,114.6
Round3,Q1,1251,625.5,JAMESON,0.8301,700.6,367.6,26.2,11.3,1920,1080,0.014,713.7,373.3
Round3,Q1,1251,625.5,JAMESON,0.83,965.9,304.1,26.6,10.2,1920,1080,0.013,979.2,309.2
Round3,Q1,1251,625.5,JAMESON,0.8249,1554.0,122.9,31.7,13.4,1920,1080,0.02,1569.9,129.6
Round3,Q1,1251,625.5,JAMESON,0.8242,1419.3,147.2,29.7,11.3,1920,1080,0.016,1434.1,152.9
Round3,Q1,1251,625.5,JAMESON,0.8238,1052.8,304.5,28.0,10.8,1920,1080,0.015,1066.8,309.9
Round3,Q1,1251,625.5,JAMESON,0.8234,970.5,385.1,29.0,14.4,1920,1080,0.02,984.9,392.3
Round3,Q1,1251,625.5,JAMESON,0.8208,1068.2,395.3,29.9,15.5,1920,1080,0.022,1083.1,403.1
Round3,Q1,1251,625.5,JAMESON,0.8186,860.4,303.7,25.6,9.7,1920,1080,0.012,873.2,308.5
Round3,Q1,1251,625.5,JAMESON,0.8183,690.9,304.4,26.0,8.8,1920,1080,0.011,703.9,308.8
Round3,Q1,1251,625.5,JAMESON,0.8169,877.7,377.3,28.6,13.0,1920,1080,0.018,892.0,383.8
Round3,Q1,1251,625.5,JAMESON,0.8157,485.6,361.7,25.2,10.0,1920,1080,0.012,498.2,366.8
Round3,Q1,1251,625.5,JAMESON,0.811,1188.6,306.4,29.6,12.6,1920,1080,0.018,1203.4,312.8
Round3,Q1,1251,625.5,JAMESON,0.81,1285.3,307.9,29.8,14.1,1920,1080,0.02,1300.1,315.0
Round3,Q1,1251,625.5,JAMESON,0.8096,1234.5,307.2,31.1,13.5,1920,1080,0.02,1250.1,314.0
Round3,Q1,1251,625.5,JAMESON,0.8093,1495.2,313.7,38.8,17.3,1920,1080,0.032,1514.6,322.3
Round3,Q1,1251,625.5,JAMESON,0.8087,1141.9,306.1,29.2,12.0,1920,1080,0.017,1156.5,312.1
Round3,Q1,1251,625.5,JAMESON,0.808,613.2,364.4,27.9,11.0,1920,1080,0.015,627.2,369.9
Round3,Q1,1251,625.5,JAMESON,0.8068,1621.8,317.3,43.2,20.7,1920,1080,0.043,1643.4,327.6
Round3,Q1,1251,625.5,JAMESON,0.8064,818.4,303.9,26.1,9.5,1920,1080,0.012,831.4,308.6
Round3,Q1,1251,625.5,JAMESON,0.806,217.1,310.4,26.9,9.0,1920,1080,0.012,230.6,314.9
Round3,Q1,1251,625.5,JAMESON,0.8057,571.7,363.8,25.1,10.5,1920,1080,0.013,584.2,369.0
Round3,Q1,1251,625.5,JAMESON,0.8054,1010.2,304.6,26.4,10.3,1920,1080,0.013,1023.4,309.8
Round3,Q1,1251,625.5,JAMESON,0.8053,1098.5,305.2,27.6,11.4,1920,1080,0.015,1112.3,310.9
Round3,Q1,1251,625.5,JAMESON,0.7995,264.4,310.1,26.3,8.6,1920,1080,0.011,277.5,314.4
Round3,Q1,1251,625.5,JAMESON,0.7987,923.0,380.8,28.5,13.6,1920,1080,0.019,937.2,387.6
Round3,Q1,1251,625.5,JAMESON,0.7987,1386.1,310.6,33.3,15.5,1920,1080,0.025,1402.8,318.3
Round3,Q1,1251,625.5,JAMESON,0.7961,441.8,361.6,26.7,9.8,1920,1080,0.013,455.2,366.5
Round3,Q1,1251,625.5,JAMESON,0.7951,1758.7,321.6,50.1,26.1,1920,1080,0.063,1783.8,334.6
Round3,Q1,1251,625.5,JAMESON,0.7935,195.0,363.3,31.9,9.9,1920,1080,0.015,211.0,368.2
Round3,Q1,1251,625.5,JAMESON,0.7875,773.9,303.7,26.6,9.5,1920,1080,0.012,787.2,308.4
Round3,Q1,1251,625.5,JAMESON,0.7871,1189.7,176.4,25.8,9.7,1920,1080,0.012,1202.6,181.2
Round3,Q1,1251,625.5,JAMESON,0.7859,1283.2,427.6,39.0,21.3,1920,1080,0.04,1302.7,438.3
Round3,Q1,1251,625.5,JAMESON,0.7824,1333.2,309.8,32.2,14.3,1920,1080,0.022,1349.3,317.0
Round3,Q1,1251,625.5,JAMESON,0.7813,310.0,309.4,24.2,8.7,1920,1080,0.01,322.1,313.8
Round3,Q1,1251,625.5,JAMESON,0.7755,1437.8,312.1,35.9,16.7,1920,1080,0.029,1455.7,320.5
Round3,Q1,1251,625.5,JAMESON,0.7752,524.3,305.7,25.9,9.0,1920,1080,0.011,537.2,310.2
Round3,Q1,1251,625.5,JAMESON,0.7723,482.4,305.9,25.7,9.4,1920,1080,0.012,495.2,310.6
Round3,Q1,1251,625.5,JAMESON,0.7719,1555.7,315.1,38.1,19.2,1920,1080,0.035,1574.7,324.7
Round3,Q1,1251,625.5,JAMESON,0.771,1172.5,409.1,31.3,17.2,1920,1080,0.026,1188.1,417.7
Round3,Q1,1251,625.5,JAMESON,0.7687,1300.0,163.6,26.3,10.5,1920,1080,0.013,1313.2,168.9
Round3,Q1,1251,625.5,JAMESON,0.7665,657.3,365.8,25.9,10.8,1920,1080,0.013,670.2,371.2
Round3,Q1,1251,625.5,JAMESON,0.764,566.8,305.7,25.4,8.8,1920,1080,0.011,579.5,310.1
Round3,Q1,1251,625.5,JAMESON,0.761,650.5,304.2,25.7,9.3,1920,1080,0.012,663.4,308.9
Round3,Q1,1251,625.5,JAMESON,0.7588,1482.8,135.6,29.5,12.7,1920,1080,0.018,1497.6,141.9
Round3,Q1,1251,625.5,JAMESON,0.7549,77.2,365.2,33.8,10.5,1920,1080,0.017,94.1,370.5
Round3,Q1,1251,625.5,JAMESON,0.7535,1117.2,401.0,33.3,17.3,1920,1080,0.028,1133.8,409.6
Round3,Q1,1251,625.5,JAMESON,0.7515,16.8,366.0,33.1,10.7,1920,1080,0.017,33.4,371.4
Round3,Q1,1251,625.5,JAMESON,0.7491,0.2,231.6,27.2,8.1,1920,1080,0.011,13.8,235.7
Round3,Q1,1251,625.5,JAMESON,0.7352,68.0,313.5,29.7,9.5,1920,1080,0.014,82.9,318.3
Round3,Q1,1251,625.5,JAMESON,0.7351,224.4,230.6,23.6,7.0,1920,1080,0.008,236.2,234.1
Round3,Q1,1251,625.5,JAMESON,0.7341,1357.5,155.9,27.3,10.6,1920,1080,0.014,1371.1,161.2
Round3,Q1,1251,625.5,JAMESON,0.7256,349.7,361.6,25.7,9.1,1920,1080,0.011,362.5,366.2
Round3,Q1,1251,625.5,JAMESON,0.722,1136.3,182.4,24.5,8.7,1920,1080,0.01,1148.5,186.7
Round3,Q1,1251,625.5,JAMESON,0.7193,59.3,232.2,26.9,7.1,1920,1080,0.009,72.7,235.8
Round3,Q1,1251,625.5,JAMESON,0.7174,13.1,314.4,32.3,9.7,1920,1080,0.015,29.2,319.3
Round3,Q1,1251,625.5,JAMESON,0.7136,607.9,216.8,23.1,8.0,1920,1080,0.009,619.5,220.8
Round3,Q1,1251,625.5,JAMESON,0.7105,396.2,307.6,25.2,9.0,1920,1080,0.011,408.9,312.1
Round3,Q1,1251,625.5,JAMESON,0.7102,273.8,229.4,24.3,6.9,1920,1080,0.008,286.0,232.9
Round3,Q1,1251,625.5,JAMESON,0.708,1085.4,187.2,23.8,8.3,1920,1080,0.009,1097.3,191.3
Round3,Q1,1251,625.5,JAMESON,0.7009,1687.2,319.5,42.2,23.6,1920,1080,0.048,1708.3,331.3
Round3,Q1,1251,625.5,JAMESON,0.6948,701.0,213.2,22.0,7.4,1920,1080,0.008,712.0,216.9
Round3,Q1,1251,625.5,JAMESON,0.6837,1225.3,416.2,38.9,20.6,1920,1080,0.039,1244.8,426.5
Round3,Q1,1251,625.5,JAMESON,0.6754,353.8,308.2,24.9,8.7,1920,1080,0.01,366.2,312.6
Round3,Q1,1251,625.5,JAMESON,0.6726,734.7,304.2,25.1,9.3,1920,1080,0.011,747.2,308.8
Round3,Q1,1251,625.5,JAMESON,0.6589,120.0,312.5,30.2,9.3,1920,1080,0.014,135.0,317.2
Round3,Q1,1251,625.5,JAMESON,0.6506,1034.1,191.7,23.1,7.7,1920,1080,0.009,1045.7,195.6
Round3,Q1,1251,625.5,JAMESON,0.6431,324.8,227.8,23.1,7.2,1920,1080,0.008,336.4,231.4
Round3,Q1,1251,625.5,JAMESON,0.6354,794.9,207.5,21.8,7.2,1920,1080,0.008,805.8,211.1
Round3,Q1,1251,625.5,JAMESON,0.6328,787.6,371.5,27.6,12.5,1920,1080,0.017,801.5,377.7
Round3,Q1,1251,625.5,JAMESON,0.6275,840.9,205.0,23.1,7.9,1920,1080,0.009,852.4,209.0
Round3,Q1,1251,625.5,JAMESON,0.6204,1833.0,323.3,46.2,30.6,1920,1080,0.068,1856.1,338.5
Round3,Q1,1251,625.5,JAMESON,0.616,1241.9,170.9,27.0,9.7,1920,1080,0.013,1255.5,175.8
Round3,Q1,1251,625.5,JAMESON,0.6153,439.0,307.1,26.2,9.0,1920,1080,0.011,452.0,311.6
Round3,Q1,1251,625.5,JAMESON,0.6126,924.9,303.6,24.5,10.6,1920,1080,0.013,937.2,308.9
Round3,Q1,1251,625.5,JAMESON,0.6119,169.2,231.4,25.9,7.2,1920,1080,0.009,182.2,235.0
Round3,Q1,1251,625.5,JAMESON,0.6029,889.9,202.0,22.0,8.1,1920,1080,0.009,900.9,206.0
Round3,Q1,1251,625.5,JAMESON,0.6018,654.9,214.7,21.6,7.6,1920,1080,0.008,665.7,218.5
Round3,Q1,1251,625.5,JAMESON,0.6001,561.5,219.4,22.3,7.3,1920,1080,0.008,572.6,223.1
Round3,Q1,1251,625.5,JAMESON,0.5863,172.0,311.5,25.5,8.7,1920,1080,0.011,184.7,315.9
Round3,Q1,1251,625.5,JAMESON,0.5632,515.2,221.7,21.6,6.9,1920,1080,0.007,526.1,225.2
Round3,Q1,1251,625.5,JAMESON,0.5565,1450.9,474.0,42.2,29.3,1920,1080,0.059,1472.0,488.6
Round3,Q1,1251,625.5,JAMESON,0.5373,936.3,198.0,23.8,8.9,1920,1080,0.01,948.2,202.5
Round3,Q1,1251,625.5,JAMESON,0.5217,608.4,305.2,25.2,10.6,1920,1080,0.013,621.0,310.5
Round3,Q1,1251,625.5,JAMESON,0.5129,136.0,365.1,26.9,9.3,1920,1080,0.012,149.5,369.7
Round3,Q1,1251,625.5,JAMESON,0.483,373.3,226.7,22.0,7.4,1920,1080,0.008,384.3,230.4
Round3,Q1,1251,625.5,JAMESON,0.4614,420.2,225.7,22.9,8.3,1920,1080,0.009,431.7,229.8
Round3,Q1,1251,625.5,JAMESON,0.4419,467.0,222.0,22.9,8.9,1920,1080,0.01,478.5,226.4
Round3,Q1,1251,625.5,JAMESON,0.4274,986.4,195.4,22.9,7.7,1920,1080,0.009,997.9,199.2
Round3,Q1,1251,625.5,JAMESON,0.3931,398.6,360.9,27.0,10.4,1920,1080,0.014,412.1,366.1
Round3,Q1,1251,625.5,JAMESON,0.3463,299.9,361.7,27.5,10.2,1920,1080,0.014,313.6,366.8
Round3,Q1,1251,625.5,JAMESON,0.3443,117.0,231.4,26.2,7.8,1920,1080,0.01,130.1,235.3
Round3,Q1,1252,626.0,JAMESON,0.8464,71.6,365.9,31.2,9.9,1920,1080,0.015,87.2,370.9
Round3,Q1,1252,626.0,JAMESON,0.836,657.0,364.2,26.7,10.8,1920,1080,0.014,670.3,369.6
Round3,Q1,1252,626.0,JAMESON,0.8333,1603.0,122.4,32.7,13.4,1920,1080,0.021,1619.4,129.1
Round3,Q1,1252,626.0,JAMESON,0.83,1328.9,309.3,30.9,14.2,1920,1080,0.021,1344.4,316.4
Round3,Q1,1252,626.0,JAMESON,0.8257,1678.3,105.9,34.9,14.8,1920,1080,0.025,1695.8,113.3
Round3,Q1,1252,626.0,JAMESON,0.8244,298.4,361.4,29.4,9.4,1920,1080,0.013,313.1,366.1
Round3,Q1,1252,626.0,JAMESON,0.8236,1327.3,429.4,39.9,22.0,1920,1080,0.042,1347.2,440.4
Round3,Q1,1252,626.0,JAMESON,0.822,614.9,363.3,26.3,10.5,1920,1080,0.013,628.0,368.6
Round3,Q1,1252,626.0,JAMESON,0.8218,919.5,377.9,29.2,13.2,1920,1080,0.019,934.1,384.5
Round3,Q1,1252,626.0,JAMESON,0.8209,244.0,362.0,31.5,10.2,1920,1080,0.015,259.8,367.1
Round3,Q1,1252,626.0,JAMESON,0.8208,1671.6,318.7,44.5,21.5,1920,1080,0.046,1693.8,329.4
Round3,Q1,1252,626.0,JAMESON,0.8207,1344.9,164.0,28.3,10.4,1920,1080,0.014,1359.0,169.2
Round3,Q1,1252,626.0,JAMESON,0.8188,1110.5,396.4,30.9,15.6,1920,1080,0.023,1125.9,404.2
Round3,Q1,1252,626.0,JAMESON,0.8183,1185.3,306.9,30.2,12.4,1920,1080,0.018,1200.4,313.0
Round3,Q1,1252,626.0,JAMESON,0.8176,1483.1,314.2,37.1,16.9,1920,1080,0.03,1501.6,322.6
Round3,Q1,1252,626.0,JAMESON,0.8173,1543.1,315.3,38.4,17.7,1920,1080,0.033,1562.3,324.2
Round3,Q1,1252,626.0,JAMESON,0.8161,700.6,365.4,25.7,10.9,1920,1080,0.014,713.4,370.9
Round3,Q1,1252,626.0,JAMESON,0.816,861.8,304.0,25.1,9.5,1920,1080,0.012,874.3,308.8
Round3,Q1,1252,626.0,JAMESON,0.8138,1008.0,304.8,28.1,10.3,1920,1080,0.014,1022.1,310.0
Round3,Q1,1252,626.0,JAMESON,0.8123,1377.9,311.0,32.3,14.8,1920,1080,0.023,1394.1,318.4
Round3,Q1,1252,626.0,JAMESON,0.8115,1053.2,305.1,26.0,10.4,1920,1080,0.013,1066.2,310.3
Round3,Q1,1252,626.0,JAMESON,0.81,1095.7,305.5,28.6,11.3,1920,1080,0.016,1110.0,311.1
Round3,Q1,1252,626.0,JAMESON,0.8085,529.8,361.4,26.2,10.2,1920,1080,0.013,542.9,366.5
Round3,Q1,1252,626.0,JAMESON,0.8081,1431.8,311.9,33.5,16.0,1920,1080,0.026,1448.6,319.9
Round3,Q1,1252,626.0,JAMESON,0.806,486.9,360.7,25.3,10.0,1920,1080,0.012,499.6,365.7
Round3,Q1,1252,626.0,JAMESON,0.8029,695.4,304.3,23.5,8.8,1920,1080,0.01,707.1,308.7
Round3,Q1,1252,626.0,JAMESON,0.8016,1466.4,147.2,29.5,11.2,1920,1080,0.016,1481.2,152.8
Round3,Q1,1252,626.0,JAMESON,0.7979,1603.8,316.8,39.1,19.7,1920,1080,0.037,1623.3,326.7
Round3,Q1,1252,626.0,JAMESON,0.7955,734.8,304.5,25.9,9.1,1920,1080,0.011,747.8,309.0
Round3,Q1,1252,626.0,JAMESON,0.7938,965.1,381.4,29.2,13.7,1920,1080,0.019,979.7,388.3
Round3,Q1,1252,626.0,JAMESON,0.7937,1160.2,402.3,34.2,17.6,1920,1080,0.029,1177.3,411.1
Round3,Q1,1252,626.0,JAMESON,0.7927,1013.3,385.8,30.1,14.6,1920,1080,0.021,1028.4,393.1
Round3,Q1,1252,626.0,JAMESON,0.7857,1278.3,308.3,31.1,13.6,1920,1080,0.02,1293.8,315.1
Round3,Q1,1252,626.0,JAMESON,0.7841,265.6,310.2,26.8,9.0,1920,1080,0.012,279.0,314.7
Round3,Q1,1252,626.0,JAMESON,0.7833,311.7,309.8,25.9,8.4,1920,1080,0.01,324.7,314.0
Round3,Q1,1252,626.0,JAMESON,0.7833,526.3,305.8,25.4,9.3,1920,1080,0.011,539.0,310.5
Round3,Q1,1252,626.0,JAMESON,0.7795,1213.5,410.3,34.3,18.2,1920,1080,0.03,1230.6,419.4
Round3,Q1,1252,626.0,JAMESON,0.7795,1232.7,307.7,29.4,13.2,1920,1080,0.019,1247.4,314.2
Round3,Q1,1252,626.0,JAMESON,0.7794,569.6,305.8,24.6,8.7,1920,1080,0.01,581.9,310.2
Round3,Q1,1252,626.0,JAMESON,0.7777,68.0,314.4,30.1,8.8,1920,1080,0.013,83.0,318.8
Round3,Q1,1252,626.0,JAMESON,0.7739,743.6,367.5,25.8,11.1,1920,1080,0.014,756.5,373.1
Round3,Q1,1252,626.0,JAMESON,0.7722,356.5,308.6,24.7,9.4,1920,1080,0.011,368.8,313.3
Round3,Q1,1252,626.0,JAMESON,0.7709,12.7,314.7,31.1,9.4,1920,1080,0.014,28.3,319.4
Round3,Q1,1252,626.0,JAMESON,0.7702,611.7,305.3,23.7,8.7,1920,1080,0.01,623.5,309.7
Round3,Q1,1252,626.0,JAMESON,0.7693,903.3,303.8,26.0,10.2,1920,1080,0.013,916.3,308.9
Round3,Q1,1252,626.0,JAMESON,0.769,1403.4,156.3,28.1,10.9,1920,1080,0.015,1417.4,161.8
Round3,Q1,1252,626.0,JAMESON,0.7677,128.8,364.4,32.0,10.2,1920,1080,0.016,144.8,369.5
Round3,Q1,1252,626.0,JAMESON,0.764,273.1,230.9,22.7,6.8,1920,1080,0.007,284.4,234.3
Round3,Q1,1252,626.0,JAMESON,0.76,604.9,219.6,22.9,7.3,1920,1080,0.008,616.3,223.2
Round3,Q1,1252,626.0,JAMESON,0.759,1179.1,182.8,25.4,8.7,1920,1080,0.011,1191.8,187.2
Round3,Q1,1252,626.0,JAMESON,0.7582,652.1,217.6,22.3,7.2,1920,1080,0.008,663.2,221.2
Round3,Q1,1252,626.0,JAMESON,0.7545,1813.7,322.2,51.8,27.5,1920,1080,0.069,1839.6,335.9
Round3,Q1,1252,626.0,JAMESON,0.7531,395.1,361.2,23.7,8.8,1920,1080,0.01,407.0,365.6
Round3,Q1,1252,626.0,JAMESON,0.7486,817.7,304.1,26.1,9.2,1920,1080,0.012,830.8,308.7
Round3,Q1,1252,626.0,JAMESON,0.7422,9.1,367.1,33.4,10.9,1920,1080,0.018,25.8,372.6
Round3,Q1,1252,626.0,JAMESON,0.7415,1287.1,171.1,26.4,10.2,1920,1080,0.013,1300.3,176.2
Round3,Q1,1252,626.0,JAMESON,0.7405,1233.8,176.9,27.0,9.2,1920,1080,0.012,1247.3,181.5
Round3,Q1,1252,626.0,JAMESON,0.739,1530.6,135.6,30.0,12.6,1920,1080,0.018,1545.6,141.9
Round3,Q1,1252,626.0,JAMESON,0.7356,1142.4,306.0,26.8,11.2,1920,1080,0.014,1155.8,311.6
Round3,Q1,1252,626.0,JAMESON,0.7334,1739.7,320.7,42.7,23.8,1920,1080,0.049,1761.0,332.6
Round3,Q1,1252,626.0,JAMESON,0.7299,1890.4,324.0,29.6,31.0,1920,1080,0.044,1905.2,339.5
Round3,Q1,1252,626.0,JAMESON,0.7201,55.8,233.2,26.4,6.9,1920,1080,0.009,69.0,236.7
Round3,Q1,1252,626.0,JAMESON,0.7176,883.6,205.4,24.2,8.2,1920,1080,0.01,895.7,209.5
Round3,Q1,1252,626.0,JAMESON,0.7072,778.1,304.1,23.8,9.2,1920,1080,0.011,790.0,308.7
Round3,Q1,1252,626.0,JAMESON,0.7058,0.1,233.2,23.0,7.2,1920,1080,0.008,11.6,236.8
Round3,Q1,1252,626.0,JAMESON,0.701,444.2,359.9,26.9,10.4,1920,1080,0.013,457.6,365.1
Round3,Q1,1252,626.0,JAMESON,0.6987,399.8,307.9,24.4,8.5,1920,1080,0.01,412.0,312.2
Round3,Q1,1252,626.0,JAMESON,0.6979,322.2,229.7,23.5,6.9,1920,1080,0.008,333.9,233.2
Round3,Q1,1252,626.0,JAMESON,0.695,120.5,313.0,28.1,9.4,1920,1080,0.013,134.5,317.7
Round3,Q1,1252,626.0,JAMESON,0.6914,1269.7,418.2,37.3,20.8,1920,1080,0.037,1288.4,428.6
Round3,Q1,1252,626.0,JAMESON,0.691,442.1,307.2,24.9,8.7,1920,1080,0.01,454.6,311.5
Round3,Q1,1252,626.0,JAMESON,0.6749,1128.8,187.9,25.4,8.3,1920,1080,0.01,1141.5,192.1
Round3,Q1,1252,626.0,JAMESON,0.6736,744.0,213.3,23.5,7.7,1920,1080,0.009,755.8,217.1
Round3,Q1,1252,626.0,JAMESON,0.6703,112.6,233.2,25.4,7.0,1920,1080,0.009,125.3,236.7
Round3,Q1,1252,626.0,JAMESON,0.6624,652.7,305.0,25.4,10.2,1920,1080,0.012,665.4,310.1
Round3,Q1,1252,626.0,JAMESON,0.6589,559.3,221.9,22.5,7.2,1920,1080,0.008,570.5,225.5
Round3,Q1,1252,626.0,JAMESON,0.6532,698.2,215.2,22.5,7.5,1920,1080,0.008,709.5,218.9
Round3,Q1,1252,626.0,JAMESON,0.6494,1496.1,476.5,45.6,30.0,1920,1080,0.066,1518.8,491.4
Round3,Q1,1252,626.0,JAMESON,0.6458,830.6,371.5,27.4,12.5,1920,1080,0.016,844.2,377.7
Round3,Q1,1252,626.0,JAMESON,0.625,371.9,228.0,22.1,7.2,1920,1080,0.008,382.9,231.6
Round3,Q1,1252,626.0,JAMESON,0.6021,932.6,202.4,21.8,7.7,1920,1080,0.008,943.5,206.2
Round3,Q1,1252,626.0,JAMESON,0.585,484.1,306.0,25.8,9.6,1920,1080,0.012,497.1,310.8
Round3,Q1,1252,626.0,JAMESON,0.56,838.0,208.3,21.4,7.2,1920,1080,0.007,848.7,211.9
Round3,Q1,1252,626.0,JAMESON,0.5487,968.1,303.8,23.2,10.8,1920,1080,0.012,979.7,309.2
Round3,Q1,1252,626.0,JAMESON,0.5435,222.4,311.5,23.6,8.5,1920,1080,0.01,234.2,315.7
Round3,Q1,1252,626.0,JAMESON,0.5222,1077.7,192.8,24.0,7.7,1920,1080,0.009,1089.7,196.7
Round3,Q1,1252,626.0,JAMESON,0.5116,1029.6,195.9,22.0,7.9,1920,1080,0.008,1040.6,199.9
Round3,Q1,1252,626.0,JAMESON,0.5034,186.3,363.4,25.9,9.4,1920,1080,0.012,199.3,368.1
Round3,Q1,1252,626.0,JAMESON,0.5022,466.3,225.8,21.1,8.2,1920,1080,0.008,476.8,229.9
Round3,Q1,1252,626.0,JAMESON,0.4969,346.3,360.6,27.5,9.7,1920,1080,0.013,360.1,365.5
Round3,Q1,1252,626.0,JAMESON,0.4951,171.0,312.1,28.1,9.5,1920,1080,0.013,185.1,316.8
Round3,Q1,1252,626.0,JAMESON,0.4838,220.2,232.2,24.0,6.9,1920,1080,0.008,232.2,235.6
Round3,Q1,1252,626.0,JAMESON,0.4608,786.3,369.5,23.6,10.9,1920,1080,0.012,798.1,374.9
Round3,Q1,1252,626.0,JAMESON,0.4402,979.8,198.0,23.0,9.3,1920,1080,0.01,991.4,202.6
Round3,Q1,1252,626.0,JAMESON,0.419,419.1,226.9,22.3,7.2,1920,1080,0.008,430.3,230.5
Round3,Q1,1252,626.0,JAMESON,0.3797,512.4,222.0,22.3,9.0,1920,1080,0.01,523.5,226.5
Round3,Q1,1253,626.5,JAMESON,0.855,119.4,364.5,31.0,10.1,1920,1080,0.015,134.9,369.6
Round3,Q1,1253,626.5,JAMESON,0.8455,785.0,368.0,25.9,11.1,1920,1080,0.014,798.0,373.5
Round3,Q1,1253,626.5,JAMESON,0.838,1731.2,103.5,36.6,14.5,1920,1080,0.026,1749.5,110.7
Round3,Q1,1253,626.5,JAMESON,0.8335,961.9,378.4,28.2,13.2,1920,1080,0.018,976.0,385.0
Round3,Q1,1253,626.5,JAMESON,0.8302,1371.3,431.2,40.3,21.8,1920,1080,0.042,1391.5,442.1
Round3,Q1,1253,626.5,JAMESON,0.8279,1871.4,323.6,48.6,28.8,1920,1080,0.067,1895.7,338.0
Round3,Q1,1253,626.5,JAMESON,0.8262,1721.1,320.3,47.7,21.4,1920,1080,0.049,1744.9,331.0
Round3,Q1,1253,626.5,JAMESON,0.826,1050.0,305.1,28.4,10.8,1920,1080,0.015,1064.2,310.5
Round3,Q1,1253,626.5,JAMESON,0.8255,60.1,365.9,31.7,10.1,1920,1080,0.015,76.0,371.0
Round3,Q1,1253,626.5,JAMESON,0.8255,342.6,360.7,28.1,9.1,1920,1080,0.012,356.6,365.2
Round3,Q1,1253,626.5,JAMESON,0.8241,776.0,304.5,25.5,9.1,1920,1080,0.011,788.8,309.0
Round3,Q1,1253,626.5,JAMESON,0.8225,1228.8,307.6,29.7,12.6,1920,1080,0.018,1243.7,313.8
Round3,Q1,1253,626.5,JAMESON,0.8222,1792.2,322.2,45.6,23.5,1920,1080,0.052,1815.0,334.0
Round3,Q1,1253,626.5,JAMESON,0.822,1322.8,309.3,30.8,13.4,1920,1080,0.02,1338.2,316.0
Round3,Q1,1253,626.5,JAMESON,0.8213,1578.7,134.7,31.2,12.3,1920,1080,0.018,1594.3,140.8
Round3,Q1,1253,626.5,JAMESON,0.8211,287.8,360.8,31.6,10.3,1920,1080,0.016,303.5,365.9
Round3,Q1,1253,626.5,JAMESON,0.8203,1653.3,120.7,33.9,13.4,1920,1080,0.022,1670.3,127.4
Round3,Q1,1253,626.5,JAMESON,0.8191,1422.1,312.2,34.2,14.6,1920,1080,0.024,1439.2,319.5
Round3,Q1,1253,626.5,JAMESON,0.8189,657.0,363.3,24.7,10.2,1920,1080,0.012,669.4,368.4
Round3,Q1,1253,626.5,JAMESON,0.8181,9.4,315.3,30.8,8.9,1920,1080,0.013,24.8,319.7
Round3,Q1,1253,626.5,JAMESON,0.8163,1513.2,146.5,29.7,11.3,1920,1080,0.016,1528.1,152.1
Round3,Q1,1253,626.5,JAMESON,0.8147,1374.1,310.6,31.3,14.2,1920,1080,0.021,1389.7,317.7
Round3,Q1,1253,626.5,JAMESON,0.8139,1529.8,315.1,36.6,16.4,1920,1080,0.029,1548.1,323.3
Round3,Q1,1253,626.5,JAMESON,0.8132,698.4,364.4,26.8,10.8,1920,1080,0.014,711.8,369.8
Round3,Q1,1253,626.5,JAMESON,0.8123,1591.4,315.8,39.4,18.5,1920,1080,0.035,1611.1,325.1
Round3,Q1,1253,626.5,JAMESON,0.8116,944.8,304.3,25.5,10.1,1920,1080,0.012,957.6,309.3
Round3,Q1,1253,626.5,JAMESON,0.8106,528.6,360.0,26.6,10.1,1920,1080,0.013,541.9,365.1
Round3,Q1,1253,626.5,JAMESON,0.8045,355.3,309.1,26.3,8.9,1920,1080,0.011,368.5,313.6
Round3,Q1,1253,626.5,JAMESON,0.8041,653.5,305.1,24.4,8.7,1920,1080,0.01,665.7,309.5
Round3,Q1,1253,626.5,JAMESON,0.8041,1276.5,308.4,29.5,12.6,1920,1080,0.018,1291.3,314.7
Round3,Q1,1253,626.5,JAMESON,0.8032,571.6,360.7,25.2,10.5,1920,1080,0.013,584.2,366.0
Round3,Q1,1253,626.5,JAMESON,0.8019,1476.8,313.6,34.9,15.4,1920,1080,0.026,1494.2,321.3
Round3,Q1,1253,626.5,JAMESON,0.7993,568.5,305.8,25.3,9.1,1920,1080,0.011,581.2,310.4
Round3,Q1,1253,626.5,JAMESON,0.7983,903.3,304.6,25.5,9.4,1920,1080,0.012,916.1,309.3
Round3,Q1,1253,626.5,JAMESON,0.7965,1006.9,381.8,28.9,14.3,1920,1080,0.02,1021.4,388.9
Round3,Q1,1253,626.5,JAMESON,0.7947,63.6,314.2,30.6,9.1,1920,1080,0.013,78.9,318.7
Round3,Q1,1253,626.5,JAMESON,0.7945,309.9,309.5,25.8,8.6,1920,1080,0.011,322.8,313.8
Round3,Q1,1253,626.5,JAMESON,0.7936,175.9,363.1,31.6,10.4,1920,1080,0.016,191.7,368.3
Round3,Q1,1253,626.5,JAMESON,0.7923,1094.6,305.7,27.3,10.9,1920,1080,0.014,1108.3,311.1
Round3,Q1,1253,626.5,JAMESON,0.7886,1054.4,386.2,29.8,15.0,1920,1080,0.022,1069.3,393.7
Round3,Q1,1253,626.5,JAMESON,0.7867,1152.3,397.3,32.1,16.1,1920,1080,0.025,1168.3,405.4
Round3,Q1,1253,626.5,JAMESON,0.7864,1257.4,411.8,33.1,18.2,1920,1080,0.029,1274.0,420.9
Round3,Q1,1253,626.5,JAMESON,0.7858,1653.6,317.9,39.6,19.8,1920,1080,0.038,1673.4,327.8
Round3,Q1,1253,626.5,JAMESON,0.7856,611.8,305.6,24.8,8.9,1920,1080,0.011,624.2,310.0
Round3,Q1,1253,626.5,JAMESON,0.7851,1184.2,307.0,27.8,11.4,1920,1080,0.015,1198.2,312.7
Round3,Q1,1253,626.5,JAMESON,0.7819,742.2,365.8,24.9,10.5,1920,1080,0.013,754.7,371.0
Round3,Q1,1253,626.5,JAMESON,0.7757,317.5,231.1,23.4,6.9,1920,1080,0.008,329.2,234.6
Round3,Q1,1253,626.5,JAMESON,0.7664,694.3,217.6,23.0,7.6,1920,1080,0.008,705.8,221.5
Round3,Q1,1253,626.5,JAMESON,0.7649,116.9,313.7,29.8,9.6,1920,1080,0.014,131.8,318.5
Round3,Q1,1253,626.5,JAMESON,0.7642,1202.4,403.5,34.6,17.6,1920,1080,0.029,1219.7,412.3
Round3,Q1,1253,626.5,JAMESON,0.7639,736.7,304.5,24.3,9.0,1920,1080,0.011,748.8,308.9
Round3,Q1,1253,626.5,JAMESON,0.7578,646.5,219.8,24.5,7.7,1920,1080,0.009,658.7,223.6
Round3,Q1,1253,626.5,JAMESON,0.7548,484.3,307.0,24.9,8.8,1920,1080,0.011,496.7,311.4
Round3,Q1,1253,626.5,JAMESON,0.7533,860.1,304.1,24.9,9.5,1920,1080,0.011,872.6,308.9
Round3,Q1,1253,626.5,JAMESON,0.7498,1137.7,306.3,29.6,11.8,1920,1080,0.017,1152.5,312.2
Round3,Q1,1253,626.5,JAMESON,0.7389,1390.0,163.9,28.1,10.6,1920,1080,0.014,1404.0,169.2
Round3,Q1,1253,626.5,JAMESON,0.7362,1277.3,177.3,25.9,9.1,1920,1080,0.011,1290.2,181.9
Round3,Q1,1253,626.5,JAMESON,0.7343,1313.1,420.3,36.0,20.7,1920,1080,0.036,1331.1,430.6
Round3,Q1,1253,626.5,JAMESON,0.7288,1449.5,156.1,27.9,10.6,1920,1080,0.014,1463.4,161.4
Round3,Q1,1253,626.5,JAMESON,0.7272,819.1,304.6,25.8,9.2,1920,1080,0.011,832.0,309.2
Round3,Q1,1253,626.5,JAMESON,0.7149,46.2,233.6,29.0,7.6,1920,1080,0.011,60.7,237.4
Round3,Q1,1253,626.5,JAMESON,0.7131,399.6,308.5,24.1,8.5,1920,1080,0.01,411.6,312.7
Round3,Q1,1253,626.5,JAMESON,0.7059,1331.6,171.6,27.4,10.0,1920,1080,0.013,1345.3,176.6
Round3,Q1,1253,626.5,JAMESON,0.7033,973.8,202.7,23.3,7.7,1920,1080,0.009,985.5,206.5
Round3,Q1,1253,626.5,JAMESON,0.7011,105.3,233.7,26.4,7.2,1920,1080,0.009,118.5,237.3
Round3,Q1,1253,626.5,JAMESON,0.6959,1223.1,183.3,24.6,8.7,1920,1080,0.01,1235.4,187.6
Round3,Q1,1253,626.5,JAMESON,0.6947,366.6,229.8,23.8,7.1,1920,1080,0.008,378.5,233.3
Round3,Q1,1253,626.5,JAMESON,0.6945,414.6,228.2,24.0,7.2,1920,1080,0.008,426.6,231.8
Round3,Q1,1253,626.5,JAMESON,0.6936,437.9,359.8,24.4,9.4,1920,1080,0.011,450.1,364.5
Round3,Q1,1253,626.5,JAMESON,0.6907,167.1,312.6,28.9,9.8,1920,1080,0.014,181.5,317.5
Round3,Q1,1253,626.5,JAMESON,0.6808,1009.6,304.8,24.8,10.6,1920,1080,0.013,1022.0,310.1
Round3,Q1,1253,626.5,JAMESON,0.6745,160.4,233.5,25.0,7.2,1920,1080,0.009,172.9,237.1
Round3,Q1,1253,626.5,JAMESON,0.6694,925.2,205.8,23.9,7.9,1920,1080,0.009,937.2,209.7
Round3,Q1,1253,626.5,JAMESON,0.6686,0.0,232.9,15.5,8.0,1920,1080,0.006,7.8,236.9
Round3,Q1,1253,626.5,JAMESON,0.6615,1171.3,188.4,26.6,8.2,1920,1080,0.011,1184.6,192.5
Round3,Q1,1253,626.5,JAMESON,0.6581,879.1,208.3,22.2,7.3,1920,1080,0.008,890.2,212.0
Round3,Q1,1253,626.5,JAMESON,0.6464,1.8,367.2,28.6,10.8,1920,1080,0.015,16.1,372.6
Round3,Q1,1253,626.5,JAMESON,0.641,462.4,226.8,22.2,7.3,1920,1080,0.008,473.5,230.5
Round3,Q1,1253,626.5,JAMESON,0.6391,389.5,359.5,29.0,9.7,1920,1080,0.014,404.0,364.3
Round3,Q1,1253,626.5,JAMESON,0.6388,527.2,306.4,25.1,9.0,1920,1080,0.011,539.8,310.9
Round3,Q1,1253,626.5,JAMESON,0.6368,786.0,213.3,22.1,7.4,1920,1080,0.008,797.0,217.0
Round3,Q1,1253,626.5,JAMESON,0.6316,739.2,215.6,23.3,7.8,1920,1080,0.009,750.8,219.5
Round3,Q1,1253,626.5,JAMESON,0.6283,216.2,311.5,29.0,9.3,1920,1080,0.013,230.7,316.1
Round3,Q1,1253,626.5,JAMESON,0.6278,1120.8,192.8,23.5,8.3,1920,1080,0.009,1132.6,197.0
Round3,Q1,1253,626.5,JAMESON,0.626,601.6,222.0,22.6,7.2,1920,1080,0.008,612.9,225.6
Round3,Q1,1253,626.5,JAMESON,0.6142,509.2,225.7,22.2,8.3,1920,1080,0.009,520.2,229.8
Round3,Q1,1253,626.5,JAMESON,0.6076,231.6,362.7,28.3,9.7,1920,1080,0.013,245.8,367.5
Round3,Q1,1253,626.5,JAMESON,0.5903,442.5,307.6,24.8,8.7,1920,1080,0.01,454.9,312.0
Round3,Q1,1253,626.5,JAMESON,0.5679,1543.3,479.0,44.0,31.1,1920,1080,0.066,1565.3,494.6
Round3,Q1,1253,626.5,JAMESON,0.5636,693.8,305.0,25.5,10.2,1920,1080,0.013,706.6,310.1
Round3,Q1,1253,626.5,JAMESON,0.5273,1072.4,196.1,22.3,7.9,1920,1080,0.008,1083.5,200.0
Round3,Q1,1253,626.5,JAMESON,0.5207,213.8,232.2,27.6,8.0,1920,1080,0.011,227.6,236.3
Round3,Q1,1253,626.5,JAMESON,0.5153,871.3,372.2,27.7,12.5,1920,1080,0.017,885.1,378.4
Round3,Q1,1253,626.5,JAMESON,0.4977,266.2,232.1,24.2,7.2,1920,1080,0.008,278.3,235.7
Round3,Q1,1253,626.5,JAMESON,0.4935,486.7,359.3,26.7,9.9,1920,1080,0.013,500.0,364.2
Round3,Q1,1253,626.5,JAMESON,0.4707,1021.9,198.0,24.3,9.9,1920,1080,0.012,1034.0,203.0
Round3,Q1,1253,626.5,JAMESON,0.4535,268.4,310.9,22.2,8.1,1920,1080,0.009,279.5,314.9
Round3,Q1,1253,626.5,JAMESON,0.3919,554.9,222.0,23.8,9.3,1920,1080,0.011,566.8,226.6
Round3,Q1,1254,627.0,JAMESON,0.8674,165.4,361.4,31.8,9.7,1920,1080,0.015,181.3,366.3
Round3,Q1,1254,627.0,JAMESON,0.8547,1097.5,303.9,30.1,11.1,1920,1080,0.016,1112.5,309.4
Round3,Q1,1254,627.0,JAMESON,0.8536,1008.0,377.8,30.1,13.2,1920,1080,0.019,1023.1,384.4
Round3,Q1,1254,627.0,JAMESON,0.8476,1715.4,317.1,42.8,20.4,1920,1080,0.042,1736.8,327.3
Round3,Q1,1254,627.0,JAMESON,0.8467,1640.2,129.5,32.9,12.7,1920,1080,0.02,1656.6,135.8
Round3,Q1,1254,627.0,JAMESON,0.8463,1278.7,306.7,31.6,12.7,1920,1080,0.019,1294.5,313.1
Round3,Q1,1254,627.0,JAMESON,0.8453,1862.2,321.1,49.6,24.5,1920,1080,0.059,1887.0,333.4
Round3,Q1,1254,627.0,JAMESON,0.8453,1800.9,94.9,38.7,16.2,1920,1080,0.03,1820.2,103.0
Round3,Q1,1254,627.0,JAMESON,0.8431,107.1,363.0,32.5,9.9,1920,1080,0.016,123.3,368.0
Round3,Q1,1254,627.0,JAMESON,0.841,1651.8,315.9,41.0,18.6,1920,1080,0.037,1672.3,325.2
Round3,Q1,1254,627.0,JAMESON,0.8398,821.5,303.1,25.5,8.6,1920,1080,0.011,834.2,307.4
Round3,Q1,1254,627.0,JAMESON,0.8391,1717.8,114.2,35.5,14.7,1920,1080,0.025,1735.5,121.6
Round3,Q1,1254,627.0,JAMESON,0.8354,1788.8,319.8,49.1,21.9,1920,1080,0.052,1813.3,330.7
Round3,Q1,1254,627.0,JAMESON,0.8351,1424.6,432.8,42.4,22.6,1920,1080,0.046,1445.8,444.1
Round3,Q1,1254,627.0,JAMESON,0.8333,655.6,303.3,25.8,8.6,1920,1080,0.011,668.5,307.6
Round3,Q1,1254,627.0,JAMESON,0.8329,1374.8,308.4,33.2,14.3,1920,1080,0.023,1391.4,315.6
Round3,Q1,1254,627.0,JAMESON,0.8315,1144.5,304.8,27.0,10.9,1920,1080,0.014,1158.0,310.2
Round3,Q1,1254,627.0,JAMESON,0.8307,787.0,363.9,26.2,11.2,1920,1080,0.014,800.2,369.5
Round3,Q1,1254,627.0,JAMESON,0.8279,1201.3,397.6,33.2,15.5,1920,1080,0.025,1217.9,405.4
Round3,Q1,1254,627.0,JAMESON,0.8269,991.7,303.2,27.1,10.0,1920,1080,0.013,1005.2,308.2
Round3,Q1,1254,627.0,JAMESON,0.8244,387.1,357.8,28.3,9.9,1920,1080,0.013,401.3,362.7
Round3,Q1,1254,627.0,JAMESON,0.8241,743.1,362.7,26.8,11.1,1920,1080,0.014,756.5,368.2
Round3,Q1,1254,627.0,JAMESON,0.8207,1428.3,310.1,31.6,14.2,1920,1080,0.022,1444.1,317.2
Round3,Q1,1254,627.0,JAMESON,0.8191,1571.5,141.7,31.4,12.1,1920,1080,0.018,1587.2,147.8
Round3,Q1,1254,627.0,JAMESON,0.8179,59.6,311.9,30.1,9.3,1920,1080,0.014,74.7,316.6
Round3,Q1,1254,627.0,JAMESON,0.8178,1533.5,313.3,36.5,15.3,1920,1080,0.027,1551.7,321.0
Round3,Q1,1254,627.0,JAMESON,0.8169,1187.0,305.5,30.2,11.4,1920,1080,0.017,1202.1,311.2
Round3,Q1,1254,627.0,JAMESON,0.8157,1588.1,314.3,38.2,17.2,1920,1080,0.032,1607.3,322.9
Round3,Q1,1254,627.0,JAMESON,0.8156,1055.4,381.4,28.6,14.0,1920,1080,0.019,1069.7,388.4
Round3,Q1,1254,627.0,JAMESON,0.8152,700.6,361.3,26.3,10.3,1920,1080,0.013,713.8,366.5
Round3,Q1,1254,627.0,JAMESON,0.8128,573.5,357.7,26.0,10.0,1920,1080,0.013,586.5,362.7
Round3,Q1,1254,627.0,JAMESON,0.8098,830.4,365.9,26.4,11.7,1920,1080,0.015,843.6,371.7
Round3,Q1,1254,627.0,JAMESON,0.8087,1102.4,386.1,30.4,15.1,1920,1080,0.022,1117.6,393.7
Round3,Q1,1254,627.0,JAMESON,0.8079,36.7,230.8,27.7,7.2,1920,1080,0.01,50.6,234.4
Round3,Q1,1254,627.0,JAMESON,0.8078,949.7,303.2,26.9,9.6,1920,1080,0.012,963.1,308.0
Round3,Q1,1254,627.0,JAMESON,0.8071,110.4,311.1,32.7,9.4,1920,1080,0.015,126.7,315.8
Round3,Q1,1254,627.0,JAMESON,0.8039,614.0,303.7,25.1,9.0,1920,1080,0.011,626.6,308.2
Round3,Q1,1254,627.0,JAMESON,0.8008,1504.2,152.0,30.5,11.1,1920,1080,0.016,1519.5,157.5
Round3,Q1,1254,627.0,JAMESON,0.7979,1365.7,421.1,38.0,21.1,1920,1080,0.039,1384.7,431.6
Round3,Q1,1254,627.0,JAMESON,0.7974,1308.6,412.1,33.5,18.2,1920,1080,0.029,1325.3,421.2
Round3,Q1,1254,627.0,JAMESON,0.7969,698.1,303.3,24.9,8.7,1920,1080,0.01,710.5,307.7
Round3,Q1,1254,627.0,JAMESON,0.7961,1253.5,403.7,34.6,18.2,1920,1080,0.03,1270.8,412.8
Round3,Q1,1254,627.0,JAMESON,0.7955,1477.3,311.8,35.4,14.8,1920,1080,0.025,1495.0,319.2
Round3,Q1,1254,627.0,JAMESON,0.7936,781.6,303.0,25.2,9.0,1920,1080,0.011,794.2,307.5
Round3,Q1,1254,627.0,JAMESON,0.7935,1328.2,307.9,30.9,13.1,1920,1080,0.02,1343.6,314.4
Round3,Q1,1254,627.0,JAMESON,0.7922,399.3,306.0,27.7,9.2,1920,1080,0.012,413.1,310.6
Round3,Q1,1254,627.0,JAMESON,0.7919,570.6,304.0,26.8,8.6,1920,1080,0.011,584.0,308.3
Round3,Q1,1254,627.0,JAMESON,0.7914,153.2,230.7,26.0,7.3,1920,1080,0.009,166.2,234.4
Round3,Q1,1254,627.0,JAMESON,0.7893,332.9,358.3,31.1,9.8,1920,1080,0.015,348.5,363.2
Round3,Q1,1254,627.0,JAMESON,0.7881,906.2,302.2,25.7,9.9,1920,1080,0.012,919.0,307.1
Round3,Q1,1254,627.0,JAMESON,0.7876,529.2,304.9,25.4,8.7,1920,1080,0.011,542.0,309.2
Round3,Q1,1254,627.0,JAMESON,0.7857,690.9,217.0,26.0,7.9,1920,1080,0.01,703.9,220.9
Round3,Q1,1254,627.0,JAMESON,0.7849,616.2,358.4,26.4,10.2,1920,1080,0.013,629.4,363.5
Round3,Q1,1254,627.0,JAMESON,0.7798,206.1,230.6,26.4,7.1,1920,1080,0.009,219.3,234.2
Round3,Q1,1254,627.0,JAMESON,0.7791,487.2,305.1,25.9,8.6,1920,1080,0.011,500.2,309.4
Round3,Q1,1254,627.0,JAMESON,0.7778,221.5,360.0,31.4,10.4,1920,1080,0.016,237.3,365.2
Round3,Q1,1254,627.0,JAMESON,0.7778,739.2,303.3,25.3,10.1,1920,1080,0.012,751.8,308.3
Round3,Q1,1254,627.0,JAMESON,0.7741,444.1,305.6,25.6,8.7,1920,1080,0.011,457.0,310.0
Round3,Q1,1254,627.0,JAMESON,0.774,163.7,310.8,29.5,9.0,1920,1080,0.013,178.4,315.4
Round3,Q1,1254,627.0,JAMESON,0.7696,0.1,365.7,17.7,9.9,1920,1080,0.008,8.9,370.7
Round3,Q1,1254,627.0,JAMESON,0.7685,646.7,219.1,22.3,7.2,1920,1080,0.008,657.9,222.7
Round3,Q1,1254,627.0,JAMESON,0.7647,94.1,231.2,29.6,7.3,1920,1080,0.01,108.9,234.8
Round3,Q1,1254,627.0,JAMESON,0.7647,1444.5,160.6,29.3,10.7,1920,1080,0.015,1459.1,166.0
Round3,Q1,1254,627.0,JAMESON,0.7596,865.6,303.4,25.5,9.3,1920,1080,0.011,878.4,308.0
Round3,Q1,1254,627.0,JAMESON,0.7578,1383.2,168.1,28.4,10.2,1920,1080,0.014,1397.4,173.2
Round3,Q1,1254,627.0,JAMESON,0.7572,354.4,306.5,26.7,8.8,1920,1080,0.011,367.7,311.0
Round3,Q1,1254,627.0,JAMESON,0.7522,410.8,226.8,24.4,7.3,1920,1080,0.009,423.0,230.5
Round3,Q1,1254,627.0,JAMESON,0.7456,2.3,312.8,32.6,9.0,1920,1080,0.014,18.6,317.3
Round3,Q1,1254,627.0,JAMESON,0.7446,213.5,309.9,29.8,10.6,1920,1080,0.015,228.4,315.2
Round3,Q1,1254,627.0,JAMESON,0.7409,482.3,357.2,25.2,9.6,1920,1080,0.012,494.9,362.0
Round3,Q1,1254,627.0,JAMESON,0.7376,1329.5,173.9,28.3,10.0,1920,1080,0.014,1343.6,179.0
Round3,Q1,1254,627.0,JAMESON,0.7324,46.6,364.1,33.8,10.5,1920,1080,0.017,63.5,369.4
Round3,Q1,1254,627.0,JAMESON,0.731,1234.5,305.9,29.8,11.7,1920,1080,0.017,1249.4,311.8
Round3,Q1,1254,627.0,JAMESON,0.73,917.5,370.8,28.2,12.9,1920,1080,0.018,931.6,377.3
Round3,Q1,1254,627.0,JAMESON,0.7251,784.5,212.8,22.9,7.7,1920,1080,0.009,796.0,216.6
Round3,Q1,1254,627.0,JAMESON,0.7194,363.0,228.0,23.9,7.2,1920,1080,0.008,374.9,231.6
Round3,Q1,1254,627.0,JAMESON,0.712,739.9,215.0,21.6,7.5,1920,1080,0.008,750.7,218.8
Round3,Q1,1254,627.0,JAMESON,0.7119,1273.2,180.1,28.0,9.2,1920,1080,0.012,1287.2,184.6
Round3,Q1,1254,627.0,JAMESON,0.703,926.7,206.1,22.7,7.6,1920,1080,0.008,938.1,209.9
Round3,Q1,1254,627.0,JAMESON,0.7017,1900.8,71.5,19.0,19.0,1920,1080,0.017,1910.3,81.0
Round3,Q1,1254,627.0,JAMESON,0.7001,262.5,308.9,27.2,8.6,1920,1080,0.011,276.1,313.2
Round3,Q1,1254,627.0,JAMESON,0.6995,1067.8,197.4,27.2,8.5,1920,1080,0.011,1081.4,201.6
Round3,Q1,1254,627.0,JAMESON,0.6979,1056.7,303.3,26.7,10.8,1920,1080,0.014,1070.0,308.7
Round3,Q1,1254,627.0,JAMESON,0.6974,276.5,359.3,27.6,9.2,1920,1080,0.012,290.3,363.9
Round3,Q1,1254,627.0,JAMESON,0.6814,1120.4,193.6,24.6,8.2,1920,1080,0.01,1132.7,197.8
Round3,Q1,1254,627.0,JAMESON,0.6798,1169.0,189.7,25.3,8.5,1920,1080,0.01,1181.7,193.9
Round3,Q1,1254,627.0,JAMESON,0.6673,971.8,203.0,25.5,8.2,1920,1080,0.01,984.6,207.1
Round3,Q1,1254,627.0,JAMESON,0.6517,599.2,221.2,24.2,7.0,1920,1080,0.008,611.3,224.7
Round3,Q1,1254,627.0,JAMESON,0.6299,1221.7,185.2,25.7,9.1,1920,1080,0.011,1234.6,189.8
Round3,Q1,1254,627.0,JAMESON,0.6267,832.5,210.7,22.2,7.3,1920,1080,0.008,843.6,214.4
Round3,Q1,1254,627.0,JAMESON,0.6208,460.2,225.7,22.2,8.3,1920,1080,0.009,471.3,229.9
Round3,Q1,1254,627.0,JAMESON,0.6056,554.1,222.0,23.6,8.0,1920,1080,0.009,565.9,226.0
Round3,Q1,1254,627.0,JAMESON,0.6049,657.8,359.9,26.7,10.5,1920,1080,0.014,671.2,365.1
Round3,Q1,1254,627.0,JAMESON,0.5682,1601.2,481.7,42.4,29.9,1920,1080,0.061,1622.4,496.6
Round3,Q1,1254,627.0,JAMESON,0.5275,311.3,228.9,24.7,7.6,1920,1080,0.009,323.6,232.7
Round3,Q1,1254,627.0,JAMESON,0.5224,1021.8,200.2,24.3,9.8,1920,1080,0.011,1034.0,205.1
Round3,Q1,1254,627.0,JAMESON,0.5142,315.1,307.5,21.4,8.6,1920,1080,0.009,325.9,311.8
Round3,Q1,1254,627.0,JAMESON,0.4982,530.5,357.0,30.1,10.6,1920,1080,0.015,545.5,362.3
Round3,Q1,1254,627.0,JAMESON,0.4766,506.0,224.8,24.0,9.2,1920,1080,0.011,518.0,229.4
Round3,Q1,1254,627.0,JAMESON,0.4593,434.3,357.1,28.5,9.9,1920,1080,0.014,448.5,362.0
Round3,Q1,1254,627.0,JAMESON,0.4478,260.1,229.8,24.4,7.6,1920,1080,0.009,272.3,233.6
Round3,Q1,1254,627.0,JAMESON,0.351,0.0,230.6,10.8,7.9,1920,1080,0.004,5.4,234.6
Round3,Q1,1255,627.5,JAMESON,0.8548,31.0,362.7,33.3,9.9,1920,1080,0.016,47.7,367.7
Round3,Q1,1255,627.5,JAMESON,0.8474,1858.1,318.6,49.6,21.9,1920,1080,0.052,1882.9,329.5
Round3,Q1,1255,627.5,JAMESON,0.8436,209.3,358.5,31.3,10.1,1920,1080,0.015,225.0,363.6
Round3,Q1,1255,627.5,JAMESON,0.8431,1146.5,302.9,28.1,10.4,1920,1080,0.014,1160.5,308.1
Round3,Q1,1255,627.5,JAMESON,0.8421,152.9,359.8,30.5,9.7,1920,1080,0.014,168.2,364.6
Round3,Q1,1255,627.5,JAMESON,0.8369,1328.9,305.9,31.9,12.7,1920,1080,0.019,1344.8,312.2
Round3,Q1,1255,627.5,JAMESON,0.8363,1427.5,307.8,32.3,14.0,1920,1080,0.022,1443.7,314.8
Round3,Q1,1255,627.5,JAMESON,0.8345,787.3,361.4,26.6,10.8,1920,1080,0.014,800.6,366.8
Round3,Q1,1255,627.5,JAMESON,0.8333,1713.6,315.0,40.8,19.0,1920,1080,0.037,1734.0,324.5
Round3,Q1,1255,627.5,JAMESON,0.8329,1873.3,85.1,42.9,16.5,1920,1080,0.034,1894.7,93.4
Round3,Q1,1255,627.5,JAMESON,0.8305,1591.3,312.2,35.6,16.1,1920,1080,0.028,1609.1,320.2
Round3,Q1,1255,627.5,JAMESON,0.8301,1532.4,310.4,35.7,15.9,1920,1080,0.027,1550.3,318.3
Round3,Q1,1255,627.5,JAMESON,0.8293,698.3,301.0,26.0,8.6,1920,1080,0.011,711.3,305.3
Round3,Q1,1255,627.5,JAMESON,0.8291,1236.2,304.5,29.3,11.2,1920,1080,0.016,1250.8,310.1
Round3,Q1,1255,627.5,JAMESON,0.8289,1646.7,313.4,39.2,17.9,1920,1080,0.034,1666.3,322.3
Round3,Q1,1255,627.5,JAMESON,0.8288,866.1,301.0,26.5,9.0,1920,1080,0.012,879.3,305.5
Round3,Q1,1255,627.5,JAMESON,0.8277,1780.1,316.1,44.3,20.8,1920,1080,0.044,1802.2,326.5
Round3,Q1,1255,627.5,JAMESON,0.8252,1054.2,377.3,29.7,13.3,1920,1080,0.019,1069.0,383.9
Round3,Q1,1255,627.5,JAMESON,0.8234,1250.3,397.7,32.9,16.0,1920,1080,0.025,1266.7,405.7
Round3,Q1,1255,627.5,JAMESON,0.8232,1191.8,303.7,27.2,11.0,1920,1080,0.014,1205.4,309.2
Round3,Q1,1255,627.5,JAMESON,0.8227,616.4,356.1,25.6,10.0,1920,1080,0.012,629.2,361.0
Round3,Q1,1255,627.5,JAMESON,0.8209,442.1,303.6,27.8,8.5,1920,1080,0.011,456.0,307.9
Round3,Q1,1255,627.5,JAMESON,0.8179,1783.7,106.8,37.8,14.5,1920,1080,0.027,1802.7,114.1
Round3,Q1,1255,627.5,JAMESON,0.8172,1476.8,433.8,43.4,23.2,1920,1080,0.048,1498.5,445.4
Round3,Q1,1255,627.5,JAMESON,0.8165,1038.1,301.5,26.8,10.4,1920,1080,0.013,1051.5,306.7
Round3,Q1,1255,627.5,JAMESON,0.8156,486.9,303.3,24.2,8.3,1920,1080,0.01,499.0,307.4
Round3,Q1,1255,627.5,JAMESON,0.8108,830.8,362.8,26.1,11.0,1920,1080,0.014,843.8,368.3
Round3,Q1,1255,627.5,JAMESON,0.8107,571.4,302.6,25.7,8.2,1920,1080,0.01,584.2,306.7
Round3,Q1,1255,627.5,JAMESON,0.8093,1417.1,422.1,37.0,21.0,1920,1080,0.037,1435.6,432.6
Round3,Q1,1255,627.5,JAMESON,0.8085,1303.1,404.3,34.7,18.5,1920,1080,0.031,1320.4,413.5
Round3,Q1,1255,627.5,JAMESON,0.8071,1701.5,123.2,34.3,13.6,1920,1080,0.022,1718.6,130.0
Round3,Q1,1255,627.5,JAMESON,0.8058,1560.6,147.8,30.6,11.3,1920,1080,0.017,1575.9,153.5
Round3,Q1,1255,627.5,JAMESON,0.8054,1150.1,386.0,30.0,14.8,1920,1080,0.021,1165.1,393.3
Round3,Q1,1255,627.5,JAMESON,0.8046,826.4,300.6,24.0,8.8,1920,1080,0.01,838.4,305.0
Round3,Q1,1255,627.5,JAMESON,0.804,529.9,302.8,25.7,8.2,1920,1080,0.01,542.7,306.9
Round3,Q1,1255,627.5,JAMESON,0.8039,156.0,308.3,30.4,9.8,1920,1080,0.014,171.2,313.1
Round3,Q1,1255,627.5,JAMESON,0.8017,1631.1,136.9,31.1,12.2,1920,1080,0.018,1646.6,143.1
Round3,Q1,1255,627.5,JAMESON,0.7994,1283.9,305.2,29.0,11.5,1920,1080,0.016,1298.4,311.0
Round3,Q1,1255,627.5,JAMESON,0.798,1500.0,157.2,28.6,10.3,1920,1080,0.014,1514.3,162.3
Round3,Q1,1255,627.5,JAMESON,0.7977,659.4,357.0,25.1,10.2,1920,1080,0.012,671.9,362.2
Round3,Q1,1255,627.5,JAMESON,0.7969,614.3,301.4,25.9,8.4,1920,1080,0.01,627.2,305.6
Round3,Q1,1255,627.5,JAMESON,0.7964,657.4,301.3,24.3,8.5,1920,1080,0.01,669.6,305.6
Round3,Q1,1255,627.5,JAMESON,0.7956,741.7,301.2,24.0,8.5,1920,1080,0.01,753.7,305.5
Round3,Q1,1255,627.5,JAMESON,0.7953,994.7,301.3,27.4,10.2,1920,1080,0.014,1008.4,306.5
Round3,Q1,1255,627.5,JAMESON,0.7916,1358.2,412.8,35.0,18.8,1920,1080,0.032,1375.7,422.2
Round3,Q1,1255,627.5,JAMESON,0.7911,1380.1,307.3,29.2,12.8,1920,1080,0.018,1394.7,313.8
Round3,Q1,1255,627.5,JAMESON,0.7891,1324.0,176.8,26.2,9.3,1920,1080,0.012,1337.1,181.5
Round3,Q1,1255,627.5,JAMESON,0.7878,106.9,309.6,27.5,8.8,1920,1080,0.012,120.7,313.9
Round3,Q1,1255,627.5,JAMESON,0.7862,1481.3,308.9,31.6,14.5,1920,1080,0.022,1497.1,316.2
Round3,Q1,1255,627.5,JAMESON,0.7851,398.5,304.4,25.6,8.2,1920,1080,0.01,411.3,308.5
Round3,Q1,1255,627.5,JAMESON,0.7828,874.5,364.8,27.4,11.6,1920,1080,0.015,888.2,370.6
Round3,Q1,1255,627.5,JAMESON,0.7769,1101.6,381.5,28.4,13.7,1920,1080,0.019,1115.8,388.3
Round3,Q1,1255,627.5,JAMESON,0.7701,51.1,309.7,30.8,9.0,1920,1080,0.013,66.5,314.2
Round3,Q1,1255,627.5,JAMESON,0.7681,782.0,301.3,27.5,10.3,1920,1080,0.014,795.8,306.5
Round3,Q1,1255,627.5,JAMESON,0.7649,962.2,370.2,28.9,12.8,1920,1080,0.018,976.6,376.6
Round3,Q1,1255,627.5,JAMESON,0.761,375.9,355.4,30.6,10.6,1920,1080,0.016,391.2,360.7
Round3,Q1,1255,627.5,JAMESON,0.758,429.1,355.2,28.9,9.5,1920,1080,0.013,443.6,360.0
Round3,Q1,1255,627.5,JAMESON,0.7467,952.1,300.4,25.2,10.0,1920,1080,0.012,964.7,305.3
Round3,Q1,1255,627.5,JAMESON,0.7414,1381.5,171.1,27.9,9.9,1920,1080,0.013,1395.5,176.0
Round3,Q1,1255,627.5,JAMESON,0.74,208.7,307.6,28.5,9.5,1920,1080,0.013,222.9,312.4
Round3,Q1,1255,627.5,JAMESON,0.7376,319.8,356.4,29.4,9.7,1920,1080,0.014,334.5,361.2
Round3,Q1,1255,627.5,JAMESON,0.7372,744.9,359.3,25.7,10.3,1920,1080,0.013,757.8,364.5
Round3,Q1,1255,627.5,JAMESON,0.7306,256.9,306.8,30.0,9.3,1920,1080,0.014,271.9,311.5
Round3,Q1,1255,627.5,JAMESON,0.7285,1436.8,164.4,29.8,10.2,1920,1080,0.015,1451.7,169.5
Round3,Q1,1255,627.5,JAMESON,0.7276,1103.0,302.0,26.5,11.4,1920,1080,0.015,1116.2,307.7
Round3,Q1,1255,627.5,JAMESON,0.7263,641.9,218.1,24.8,7.5,1920,1080,0.009,654.3,221.9
Round3,Q1,1255,627.5,JAMESON,0.7206,735.2,214.1,24.3,8.0,1920,1080,0.009,747.4,218.1
Round3,Q1,1255,627.5,JAMESON,0.7142,265.3,356.9,30.1,10.7,1920,1080,0.015,280.4,362.2
Round3,Q1,1255,627.5,JAMESON,0.7108,138.7,228.2,30.8,8.1,1920,1080,0.012,154.2,232.3
Round3,Q1,1255,627.5,JAMESON,0.708,909.4,300.7,25.6,9.8,1920,1080,0.012,922.2,305.6
Round3,Q1,1255,627.5,JAMESON,0.6936,83.3,227.9,28.6,8.0,1920,1080,0.011,97.6,232.0
Round3,Q1,1255,627.5,JAMESON,0.6921,249.7,227.4,26.8,7.4,1920,1080,0.01,263.0,231.1
Round3,Q1,1255,627.5,JAMESON,0.6891,1660.0,485.7,43.1,29.9,1920,1080,0.062,1681.6,500.7
Round3,Q1,1255,627.5,JAMESON,0.6667,1069.8,197.8,23.0,8.0,1920,1080,0.009,1081.2,201.8
Round3,Q1,1255,627.5,JAMESON,0.6636,784.6,212.4,21.0,7.4,1920,1080,0.007,795.1,216.1
Round3,Q1,1255,627.5,JAMESON,0.6576,524.6,355.2,25.9,9.5,1920,1080,0.012,537.5,359.9
Round3,Q1,1255,627.5,JAMESON,0.6416,198.6,228.2,25.1,7.6,1920,1080,0.009,211.1,232.0
Round3,Q1,1255,627.5,JAMESON,0.6386,548.9,221.6,24.5,7.3,1920,1080,0.009,561.2,225.2
Round3,Q1,1255,627.5,JAMESON,0.6322,691.2,216.5,22.4,7.3,1920,1080,0.008,702.3,220.2
Round3,Q1,1255,627.5,JAMESON,0.6304,1217.2,186.9,27.2,8.9,1920,1080,0.012,1230.8,191.3
Round3,Q1,1255,627.5,JAMESON,0.6244,828.6,210.0,24.4,8.3,1920,1080,0.01,840.7,214.1
Round3,Q1,1255,627.5,JAMESON,0.6236,1271.5,182.8,26.1,8.1,1920,1080,0.01,1284.6,186.9
Round3,Q1,1255,627.5,JAMESON,0.622,305.5,226.9,22.1,7.3,1920,1080,0.008,316.5,230.5
Round3,Q1,1255,627.5,JAMESON,0.6112,95.3,361.0,30.6,10.3,1920,1080,0.015,110.6,366.2
Round3,Q1,1255,627.5,JAMESON,0.6046,1116.3,194.6,25.6,8.2,1920,1080,0.01,1129.1,198.7
Round3,Q1,1255,627.5,JAMESON,0.6001,306.1,305.6,26.7,8.8,1920,1080,0.011,319.5,310.0
Round3,Q1,1255,627.5,JAMESON,0.5974,701.7,357.7,26.0,11.0,1920,1080,0.014,714.7,363.2
Round3,Q1,1255,627.5,JAMESON,0.5931,23.0,227.3,32.1,7.9,1920,1080,0.012,39.0,231.3
Round3,Q1,1255,627.5,JAMESON,0.5821,972.6,203.3,21.5,7.6,1920,1080,0.008,983.4,207.1
Round3,Q1,1255,627.5,JAMESON,0.5694,504.5,222.0,21.4,8.1,1920,1080,0.008,515.2,226.1
Round3,Q1,1255,627.5,JAMESON,0.5615,598.0,220.3,21.0,6.8,1920,1080,0.007,608.5,223.7
Round3,Q1,1255,627.5,JAMESON,0.5488,574.4,355.1,24.1,9.7,1920,1080,0.011,586.5,360.0
Round3,Q1,1255,627.5,JAMESON,0.5297,1169.7,191.0,22.7,7.5,1920,1080,0.008,1181.0,194.7
Round3,Q1,1255,627.5,JAMESON,0.5106,406.8,225.4,22.5,8.6,1920,1080,0.009,418.1,229.7
Round3,Q1,1255,627.5,JAMESON,0.472,1018.3,200.3,24.8,9.7,1920,1080,0.012,1030.7,205.1
Round3,Q1,1255,627.5,JAMESON,0.4672,919.3,367.3,24.3,10.9,1920,1080,0.013,931.5,372.8
Round3,Q1,1255,627.5,JAMESON,0.4283,878.6,208.5,19.9,7.3,1920,1080,0.007,888.5,212.1
Round3,Q1,1255,627.5,JAMESON,0.3365,453.7,222.0,26.5,9.6,1920,1080,0.012,467.0,226.8
Round3,Q1,1256,628.0,JAMESON,0.8592,1202.6,389.3,29.7,15.0,1920,1080,0.021,1217.5,396.8
Round3,Q1,1256,628.0,JAMESON,0.8589,1854.8,316.7,46.2,21.8,1920,1080,0.049,1877.9,327.6
Round3,Q1,1256,628.0,JAMESON,0.8535,256.1,357.7,30.9,10.4,1920,1080,0.015,271.5,362.9
Round3,Q1,1256,628.0,JAMESON,0.8529,1104.8,379.6,28.9,13.4,1920,1080,0.019,1119.3,386.3
Round3,Q1,1256,628.0,JAMESON,0.8471,834.4,362.2,27.0,11.3,1920,1080,0.015,847.9,367.8
Round3,Q1,1256,628.0,JAMESON,0.8436,1303.5,401.0,33.1,16.8,1920,1080,0.027,1320.1,409.4
Round3,Q1,1256,628.0,JAMESON,0.8422,1697.1,134.0,34.1,12.2,1920,1080,0.02,1714.1,140.1
Round3,Q1,1256,628.0,JAMESON,0.8401,1540.7,310.4,34.1,15.3,1920,1080,0.025,1557.8,318.0
Round3,Q1,1256,628.0,JAMESON,0.8401,198.7,359.3,32.2,9.9,1920,1080,0.015,214.8,364.3
Round3,Q1,1256,628.0,JAMESON,0.8393,79.5,361.6,33.4,10.5,1920,1080,0.017,96.3,366.9
Round3,Q1,1256,628.0,JAMESON,0.8383,1486.1,309.1,33.5,14.9,1920,1080,0.024,1502.9,316.6
Round3,Q1,1256,628.0,JAMESON,0.8367,1385.0,307.3,32.2,13.3,1920,1080,0.021,1401.0,314.0
Round3,Q1,1256,628.0,JAMESON,0.8364,1783.5,315.8,43.4,20.4,1920,1080,0.043,1805.2,326.0
Round3,Q1,1256,628.0,JAMESON,0.8362,662.2,356.5,26.7,10.2,1920,1080,0.013,675.5,361.6
Round3,Q1,1256,628.0,JAMESON,0.83,1861.6,99.9,39.2,16.5,1920,1080,0.031,1881.2,108.2
Round3,Q1,1256,628.0,JAMESON,0.8275,1771.6,118.5,38.0,14.4,1920,1080,0.026,1790.6,125.7
Round3,Q1,1256,628.0,JAMESON,0.8272,1289.6,305.5,30.8,12.2,1920,1080,0.018,1305.0,311.6
Round3,Q1,1256,628.0,JAMESON,0.8269,488.2,303.5,27.2,8.7,1920,1080,0.011,501.8,307.9
Round3,Q1,1256,628.0,JAMESON,0.8238,1198.3,304.2,29.4,11.3,1920,1080,0.016,1213.0,309.9
Round3,Q1,1256,628.0,JAMESON,0.8238,745.2,301.1,26.1,9.2,1920,1080,0.012,758.2,305.7
Round3,Q1,1256,628.0,JAMESON,0.822,1714.5,314.6,39.8,18.6,1920,1080,0.036,1734.4,323.9
Round3,Q1,1256,628.0,JAMESON,0.8198,617.4,302.4,25.8,8.6,1920,1080,0.011,630.3,306.7
Round3,Q1,1256,628.0,JAMESON,0.8186,1624.3,145.3,32.9,11.6,1920,1080,0.018,1640.7,151.1
Round3,Q1,1256,628.0,JAMESON,0.8176,16.4,363.3,33.9,10.8,1920,1080,0.018,33.3,368.7
Round3,Q1,1256,628.0,JAMESON,0.8171,1537.0,438.3,43.2,23.9,1920,1080,0.05,1558.6,450.2
Round3,Q1,1256,628.0,JAMESON,0.8167,1594.4,313.0,36.1,15.4,1920,1080,0.027,1612.4,320.7
Round3,Q1,1256,628.0,JAMESON,0.8131,704.2,301.4,23.9,8.9,1920,1080,0.01,716.1,305.8
Round3,Q1,1256,628.0,JAMESON,0.8125,1414.1,416.7,36.0,19.7,1920,1080,0.034,1432.1,426.5
Round3,Q1,1256,628.0,JAMESON,0.8118,914.0,301.2,27.2,9.8,1920,1080,0.013,927.6,306.1
Round3,Q1,1256,628.0,JAMESON,0.8113,1654.0,313.8,38.7,16.8,1920,1080,0.031,1673.4,322.2
Round3,Q1,1256,628.0,JAMESON,0.8066,1153.8,384.4,27.5,13.4,1920,1080,0.018,1167.6,391.1
Round3,Q1,1256,628.0,JAMESON,0.8048,533.0,303.1,24.4,8.4,1920,1080,0.01,545.2,307.3
Round3,Q1,1256,628.0,JAMESON,0.8023,922.1,366.5,27.2,11.8,1920,1080,0.015,935.7,372.4
Round3,Q1,1256,628.0,JAMESON,0.8012,365.4,356.0,29.6,10.1,1920,1080,0.014,380.2,361.0
Round3,Q1,1256,628.0,JAMESON,0.8012,1338.8,306.3,29.1,12.2,1920,1080,0.017,1353.3,312.4
Round3,Q1,1256,628.0,JAMESON,0.8002,1087.9,302.5,27.6,10.9,1920,1080,0.014,1101.7,308.0
Round3,Q1,1256,628.0,JAMESON,0.7991,1011.3,372.0,28.4,12.7,1920,1080,0.017,1025.5,378.4
Round3,Q1,1256,628.0,JAMESON,0.7972,1560.4,154.8,30.2,11.0,1920,1080,0.016,1575.5,160.3
Round3,Q1,1256,628.0,JAMESON,0.7956,660.1,301.7,26.4,8.7,1920,1080,0.011,673.3,306.1
Round3,Q1,1256,628.0,JAMESON,0.7954,705.9,357.4,24.2,10.2,1920,1080,0.012,718.0,362.5
Round3,Q1,1256,628.0,JAMESON,0.7949,786.1,301.2,26.8,9.1,1920,1080,0.012,799.5,305.8
Round3,Q1,1256,628.0,JAMESON,0.7932,1244.8,304.5,28.1,11.3,1920,1080,0.015,1258.9,310.2
Round3,Q1,1256,628.0,JAMESON,0.7922,829.0,301.3,28.1,11.4,1920,1080,0.015,843.0,307.0
Round3,Q1,1256,628.0,JAMESON,0.7891,1475.3,426.1,37.0,21.5,1920,1080,0.038,1493.8,436.9
Round3,Q1,1256,628.0,JAMESON,0.781,878.1,363.7,26.9,11.7,1920,1080,0.015,891.6,369.6
Round3,Q1,1256,628.0,JAMESON,0.7788,873.5,301.1,24.6,9.3,1920,1080,0.011,885.7,305.7
Round3,Q1,1256,628.0,JAMESON,0.7786,444.1,304.6,26.3,8.7,1920,1080,0.011,457.2,309.0
Round3,Q1,1256,628.0,JAMESON,0.7748,689.2,218.0,24.6,7.2,1920,1080,0.009,701.5,221.6
Round3,Q1,1256,628.0,JAMESON,0.767,99.8,309.5,29.6,8.7,1920,1080,0.012,114.6,313.9
Round3,Q1,1256,628.0,JAMESON,0.7623,1437.2,308.3,30.3,13.7,1920,1080,0.02,1452.3,315.1
Round3,Q1,1256,628.0,JAMESON,0.7583,1357.2,408.3,36.4,18.0,1920,1080,0.032,1375.4,417.3
Round3,Q1,1256,628.0,JAMESON,0.7579,574.8,302.2,26.9,9.1,1920,1080,0.012,588.3,306.8
Round3,Q1,1256,628.0,JAMESON,0.7568,203.2,307.7,29.5,9.1,1920,1080,0.013,218.0,312.2
Round3,Q1,1256,628.0,JAMESON,0.755,1380.1,176.3,28.1,9.7,1920,1080,0.013,1394.2,181.1
Round3,Q1,1256,628.0,JAMESON,0.7519,782.7,214.0,24.3,8.0,1920,1080,0.009,794.8,218.0
Round3,Q1,1256,628.0,JAMESON,0.7462,1045.6,302.5,26.8,10.0,1920,1080,0.013,1059.0,307.5
Round3,Q1,1256,628.0,JAMESON,0.7407,475.1,355.0,28.1,9.7,1920,1080,0.013,489.1,359.9
Round3,Q1,1256,628.0,JAMESON,0.7361,303.0,306.0,28.3,10.0,1920,1080,0.014,317.2,311.0
Round3,Q1,1256,628.0,JAMESON,0.7351,791.6,360.9,26.3,10.6,1920,1080,0.013,804.8,366.2
Round3,Q1,1256,628.0,JAMESON,0.7286,1119.8,197.2,24.8,8.2,1920,1080,0.01,1132.2,201.3
Round3,Q1,1256,628.0,JAMESON,0.7286,187.1,227.9,32.4,8.2,1920,1080,0.013,203.3,231.9
Round3,Q1,1256,628.0,JAMESON,0.7265,1439.1,169.8,27.8,9.7,1920,1080,0.013,1453.0,174.6
Round3,Q1,1256,628.0,JAMESON,0.7262,421.6,355.5,30.3,9.7,1920,1080,0.014,436.8,360.4
Round3,Q1,1256,628.0,JAMESON,0.7256,14.2,227.0,27.0,7.2,1920,1080,0.009,27.7,230.6
Round3,Q1,1256,628.0,JAMESON,0.7208,1167.6,194.3,25.7,8.1,1920,1080,0.01,1180.4,198.4
Round3,Q1,1256,628.0,JAMESON,0.7173,296.4,227.4,26.5,7.1,1920,1080,0.009,309.7,230.9
Round3,Q1,1256,628.0,JAMESON,0.7025,737.5,215.9,23.7,7.7,1920,1080,0.009,749.3,219.7
Round3,Q1,1256,628.0,JAMESON,0.7011,132.8,227.9,28.6,7.9,1920,1080,0.011,147.1,231.8
Round3,Q1,1256,628.0,JAMESON,0.6969,1327.1,181.5,25.3,8.6,1920,1080,0.011,1339.8,185.9
Round3,Q1,1256,628.0,JAMESON,0.6963,245.4,227.7,25.4,7.6,1920,1080,0.009,258.0,231.5
Round3,Q1,1256,628.0,JAMESON,0.6952,1496.9,163.0,29.6,11.0,1920,1080,0.016,1511.7,168.5
Round3,Q1,1256,628.0,JAMESON,0.6944,1154.2,303.2,26.7,11.4,1920,1080,0.015,1167.5,308.8
Round3,Q1,1256,628.0,JAMESON,0.6934,154.7,309.2,27.5,8.8,1920,1080,0.012,168.4,313.6
Round3,Q1,1256,628.0,JAMESON,0.6932,255.4,307.0,27.5,9.5,1920,1080,0.013,269.1,311.8
Round3,Q1,1256,628.0,JAMESON,0.6835,876.7,210.2,24.5,7.8,1920,1080,0.009,888.9,214.1
Round3,Q1,1256,628.0,JAMESON,0.6817,831.7,211.7,21.7,7.6,1920,1080,0.008,842.6,215.5
Round3,Q1,1256,628.0,JAMESON,0.6666,958.4,301.6,24.7,10.1,1920,1080,0.012,970.7,306.6
Round3,Q1,1256,628.0,JAMESON,0.6625,595.1,221.3,25.1,7.3,1920,1080,0.009,607.6,225.0
Round3,Q1,1256,628.0,JAMESON,0.6541,620.6,355.2,24.4,10.8,1920,1080,0.013,632.8,360.6
Round3,Q1,1256,628.0,JAMESON,0.6517,747.6,358.3,26.6,11.1,1920,1080,0.014,761.0,363.8
Round3,Q1,1256,628.0,JAMESON,0.6417,351.5,226.6,23.5,7.5,1920,1080,0.009,363.3,230.4
Round3,Q1,1256,628.0,JAMESON,0.6344,1221.6,190.4,24.5,8.3,1920,1080,0.01,1233.9,194.6
Round3,Q1,1256,628.0,JAMESON,0.6265,549.3,221.9,22.2,7.7,1920,1080,0.008,560.4,225.8
Round3,Q1,1256,628.0,JAMESON,0.6235,1022.1,202.6,23.8,7.9,1920,1080,0.009,1034.0,206.5
Round3,Q1,1256,628.0,JAMESON,0.615,644.0,220.0,22.0,6.5,1920,1080,0.007,655.0,223.2
Round3,Q1,1256,628.0,JAMESON,0.6124,570.5,355.3,24.4,9.7,1920,1080,0.011,582.7,360.2
Round3,Q1,1256,628.0,JAMESON,0.6076,1271.2,187.0,26.5,8.9,1920,1080,0.011,1284.4,191.5
Round3,Q1,1256,628.0,JAMESON,0.6056,1727.8,491.0,41.6,30.8,1920,1080,0.062,1748.6,506.4
Round3,Q1,1256,628.0,JAMESON,0.6019,141.2,360.1,31.3,10.5,1920,1080,0.016,156.8,365.3
Round3,Q1,1256,628.0,JAMESON,0.5756,72.0,227.5,31.8,7.9,1920,1080,0.012,87.9,231.5
Round3,Q1,1256,628.0,JAMESON,0.5497,310.7,356.7,30.6,10.1,1920,1080,0.015,326.0,361.7
Round3,Q1,1256,628.0,JAMESON,0.5179,452.5,225.2,22.2,8.8,1920,1080,0.009,463.6,229.6
Round3,Q1,1256,628.0,JAMESON,0.5163,1068.4,200.1,26.1,9.9,1920,1080,0.012,1081.4,205.1
Round3,Q1,1256,628.0,JAMESON,0.5069,967.1,369.7,25.8,10.8,1920,1080,0.013,980.0,375.1
Round3,Q1,1256,628.0,JAMESON,0.48,352.2,305.6,26.4,8.6,1920,1080,0.011,365.4,309.9
Round3,Q1,1256,628.0,JAMESON,0.4793,926.8,208.2,21.4,7.4,1920,1080,0.008,937.5,211.9
Round3,Q1,1256,628.0,JAMESON,0.4535,1001.7,301.9,24.9,9.4,1920,1080,0.011,1014.1,306.6
Round3,Q1,1256,628.0,JAMESON,0.4466,499.6,222.0,25.9,9.4,1920,1080,0.012,512.6,226.7
Round3,Q1,1256,628.0,JAMESON,0.4283,521.9,354.0,28.6,10.5,1920,1080,0.014,536.2,359.2
Round3,Q1,1257,628.5,JAMESON,0.8432,1248.9,401.5,31.0,15.4,1920,1080,0.023,1264.3,409.2
Round3,Q1,1257,628.5,JAMESON,0.842,1436.3,318.1,32.3,14.0,1920,1080,0.022,1452.4,325.1
Round3,Q1,1257,628.5,JAMESON,0.8413,1850.8,326.2,45.6,20.2,1920,1080,0.044,1873.6,336.4
Round3,Q1,1257,628.5,JAMESON,0.8395,1761.3,138.6,36.0,13.6,1920,1080,0.024,1779.4,145.4
Round3,Q1,1257,628.5,JAMESON,0.8391,1338.4,316.3,31.5,12.7,1920,1080,0.019,1354.1,322.6
Round3,Q1,1257,628.5,JAMESON,0.8365,294.8,367.8,30.7,10.3,1920,1080,0.015,310.1,372.9
Round3,Q1,1257,628.5,JAMESON,0.8363,1777.3,325.2,41.4,18.8,1920,1080,0.038,1798.0,334.6
Round3,Q1,1257,628.5,JAMESON,0.8356,1133.4,313.2,27.1,11.2,1920,1080,0.015,1146.9,318.8
Round3,Q1,1257,628.5,JAMESON,0.8306,513.6,365.2,29.0,10.5,1920,1080,0.015,528.1,370.4
Round3,Q1,1257,628.5,JAMESON,0.8305,964.9,378.1,27.6,12.1,1920,1080,0.016,978.7,384.1
Round3,Q1,1257,628.5,JAMESON,0.8277,1652.2,323.2,37.5,16.4,1920,1080,0.03,1671.0,331.4
Round3,Q1,1257,628.5,JAMESON,0.8255,238.8,368.6,31.2,9.8,1920,1080,0.015,254.4,373.4
Round3,Q1,1257,628.5,JAMESON,0.8252,1539.0,320.2,34.5,14.6,1920,1080,0.024,1556.3,327.5
Round3,Q1,1257,628.5,JAMESON,0.8244,1353.0,413.8,33.7,17.7,1920,1080,0.029,1369.8,422.7
Round3,Q1,1257,628.5,JAMESON,0.8229,1149.8,391.4,29.0,14.0,1920,1080,0.02,1164.3,398.4
Round3,Q1,1257,628.5,JAMESON,0.8191,1684.3,151.8,32.5,11.6,1920,1080,0.018,1700.6,157.6
Round3,Q1,1257,628.5,JAMESON,0.8161,1713.9,324.3,39.8,17.6,1920,1080,0.034,1733.8,333.1
Round3,Q1,1257,628.5,JAMESON,0.816,1245.1,314.9,29.2,11.6,1920,1080,0.016,1259.8,320.6
Round3,Q1,1257,628.5,JAMESON,0.8156,1593.0,452.6,43.8,24.2,1920,1080,0.051,1614.9,464.7
Round3,Q1,1257,628.5,JAMESON,0.8135,1841.0,122.0,37.9,14.5,1920,1080,0.026,1860.0,129.2
Round3,Q1,1257,628.5,JAMESON,0.8103,120.1,371.5,32.8,10.3,1920,1080,0.016,136.5,376.6
Round3,Q1,1257,628.5,JAMESON,0.8091,701.9,367.3,26.5,10.8,1920,1080,0.014,715.1,372.7
Round3,Q1,1257,628.5,JAMESON,0.808,875.5,373.4,28.0,12.1,1920,1080,0.016,889.5,379.4
Round3,Q1,1257,628.5,JAMESON,0.8051,921.1,374.9,25.9,11.9,1920,1080,0.015,934.0,380.8
Round3,Q1,1257,628.5,JAMESON,0.8027,242.3,317.2,30.8,9.7,1920,1080,0.014,257.7,322.0
Round3,Q1,1257,628.5,JAMESON,0.8015,193.4,317.9,28.7,9.4,1920,1080,0.013,207.7,322.5
Round3,Q1,1257,628.5,JAMESON,0.7998,459.1,365.6,32.1,10.2,1920,1080,0.016,475.2,370.7
Round3,Q1,1257,628.5,JAMESON,0.7955,786.7,311.8,25.7,9.2,1920,1080,0.011,799.5,316.4
Round3,Q1,1257,628.5,JAMESON,0.7939,957.5,312.3,25.9,9.5,1920,1080,0.012,970.4,317.1
Round3,Q1,1257,628.5,JAMESON,0.7919,56.7,373.0,33.3,10.8,1920,1080,0.017,73.3,378.4
Round3,Q1,1257,628.5,JAMESON,0.789,1618.1,161.8,31.2,11.2,1920,1080,0.017,1633.7,167.5
Round3,Q1,1257,628.5,JAMESON,0.7886,1491.4,177.9,30.5,10.4,1920,1080,0.015,1506.7,183.1
Round3,Q1,1257,628.5,JAMESON,0.7884,1466.7,430.6,35.7,19.9,1920,1080,0.034,1484.5,440.6
Round3,Q1,1257,628.5,JAMESON,0.7861,1596.8,321.8,32.8,14.8,1920,1080,0.023,1613.2,329.2
Round3,Q1,1257,628.5,JAMESON,0.7858,481.7,313.6,28.0,8.8,1920,1080,0.012,495.6,318.0
Round3,Q1,1257,628.5,JAMESON,0.7842,1198.1,396.1,30.3,14.9,1920,1080,0.022,1213.3,403.6
Round3,Q1,1257,628.5,JAMESON,0.784,527.8,313.2,26.4,9.1,1920,1080,0.012,541.0,317.7
Round3,Q1,1257,628.5,JAMESON,0.783,1550.1,171.2,31.3,10.3,1920,1080,0.016,1565.8,176.4
Round3,Q1,1257,628.5,JAMESON,0.7819,1292.0,315.2,29.2,12.3,1920,1080,0.017,1306.6,321.3
Round3,Q1,1257,628.5,JAMESON,0.7807,403.6,365.9,30.9,10.9,1920,1080,0.016,419.1,371.4
Round3,Q1,1257,628.5,JAMESON,0.7774,342.3,316.0,29.2,10.0,1920,1080,0.014,356.9,321.0
Round3,Q1,1257,628.5,JAMESON,0.7758,179.5,369.6,32.3,10.7,1920,1080,0.017,195.7,374.9
Round3,Q1,1257,628.5,JAMESON,0.7727,1527.2,439.4,39.9,22.8,1920,1080,0.044,1547.2,450.8
Round3,Q1,1257,628.5,JAMESON,0.7698,1406.5,421.3,37.3,18.8,1920,1080,0.034,1425.2,430.7
Round3,Q1,1257,628.5,JAMESON,0.7685,832.0,371.7,27.3,11.3,1920,1080,0.015,845.6,377.3
Round3,Q1,1257,628.5,JAMESON,0.7678,570.3,312.7,27.2,9.2,1920,1080,0.012,583.9,317.3
Round3,Q1,1257,628.5,JAMESON,0.7672,1388.6,317.6,29.8,12.1,1920,1080,0.017,1403.5,323.7
Round3,Q1,1257,628.5,JAMESON,0.7653,615.8,312.8,25.7,8.6,1920,1080,0.011,628.6,317.1
Round3,Q1,1257,628.5,JAMESON,0.7609,1000.8,312.1,27.0,10.2,1920,1080,0.013,1014.4,317.2
Round3,Q1,1257,628.5,JAMESON,0.7576,1488.7,319.7,31.5,13.2,1920,1080,0.02,1504.4,326.2
Round3,Q1,1257,628.5,JAMESON,0.7562,336.6,236.6,26.4,8.1,1920,1080,0.01,349.8,240.6
Round3,Q1,1257,628.5,JAMESON,0.7517,1054.8,383.3,29.8,13.7,1920,1080,0.02,1069.7,390.1
Round3,Q1,1257,628.5,JAMESON,0.7434,284.5,236.9,27.3,7.7,1920,1080,0.01,298.1,240.7
Round3,Q1,1257,628.5,JAMESON,0.7409,702.6,312.0,24.3,8.9,1920,1080,0.01,714.7,316.4
Round3,Q1,1257,628.5,JAMESON,0.7407,658.2,312.5,24.6,8.7,1920,1080,0.01,670.5,316.8
Round3,Q1,1257,628.5,JAMESON,0.7378,1431.0,184.7,28.5,9.7,1920,1080,0.013,1445.2,189.6
Round3,Q1,1257,628.5,JAMESON,0.7329,827.5,311.9,28.1,9.3,1920,1080,0.013,841.5,316.5
Round3,Q1,1257,628.5,JAMESON,0.7326,743.7,311.8,24.8,9.2,1920,1080,0.011,756.1,316.4
Round3,Q1,1257,628.5,JAMESON,0.726,228.3,237.1,28.4,8.0,1920,1080,0.011,242.5,241.1
Round3,Q1,1257,628.5,JAMESON,0.7216,1090.2,313.1,25.3,10.0,1920,1080,0.012,1102.9,318.0
Round3,Q1,1257,628.5,JAMESON,0.7198,348.9,365.9,31.5,11.1,1920,1080,0.017,364.7,371.5
Round3,Q1,1257,628.5,JAMESON,0.7173,916.4,311.8,25.0,9.4,1920,1080,0.011,928.9,316.5
Round3,Q1,1257,628.5,JAMESON,0.7165,174.5,237.5,26.8,7.5,1920,1080,0.01,187.9,241.2
Round3,Q1,1257,628.5,JAMESON,0.7128,745.6,368.1,26.3,10.6,1920,1080,0.013,758.7,373.4
Round3,Q1,1257,628.5,JAMESON,0.7101,0.0,320.5,29.6,9.6,1920,1080,0.014,14.8,325.3
Round3,Q1,1257,628.5,JAMESON,0.7069,294.0,316.9,28.4,9.8,1920,1080,0.013,308.2,321.7
Round3,Q1,1257,628.5,JAMESON,0.6984,1790.7,507.9,44.5,30.8,1920,1080,0.066,1812.9,523.3
Round3,Q1,1257,628.5,JAMESON,0.6888,609.8,365.9,25.2,10.0,1920,1080,0.012,622.3,370.9
Round3,Q1,1257,628.5,JAMESON,0.6881,1166.1,206.9,25.9,8.4,1920,1080,0.011,1179.1,211.1
Round3,Q1,1257,628.5,JAMESON,0.6864,919.6,219.8,24.8,8.0,1920,1080,0.01,932.0,223.8
Round3,Q1,1257,628.5,JAMESON,0.6856,114.2,237.1,30.8,8.1,1920,1080,0.012,129.6,241.2
Round3,Q1,1257,628.5,JAMESON,0.6781,390.9,236.0,23.6,7.4,1920,1080,0.008,402.7,239.7
Round3,Q1,1257,628.5,JAMESON,0.6727,391.7,315.0,25.6,8.9,1920,1080,0.011,404.5,319.5
Round3,Q1,1257,628.5,JAMESON,0.6714,1114.0,210.0,25.0,8.6,1920,1080,0.01,1126.4,214.3
Round3,Q1,1257,628.5,JAMESON,0.6691,659.0,365.9,26.3,10.5,1920,1080,0.013,672.1,371.1
Round3,Q1,1257,628.5,JAMESON,0.6613,1213.4,203.5,28.3,8.9,1920,1080,0.012,1227.5,207.9
Round3,Q1,1257,628.5,JAMESON,0.6596,139.9,318.0,31.0,10.4,1920,1080,0.016,155.4,323.2
Round3,Q1,1257,628.5,JAMESON,0.6579,1376.9,190.6,26.4,9.2,1920,1080,0.012,1390.1,195.2
Round3,Q1,1257,628.5,JAMESON,0.6538,56.8,236.5,27.0,7.6,1920,1080,0.01,70.3,240.3
Round3,Q1,1257,628.5,JAMESON,0.6457,728.2,227.5,25.6,7.5,1920,1080,0.009,741.0,231.2
Round3,Q1,1257,628.5,JAMESON,0.638,0.1,235.3,20.8,8.1,1920,1080,0.008,10.5,239.4
Round3,Q1,1257,628.5,JAMESON,0.6379,538.9,233.8,25.3,7.2,1920,1080,0.009,551.6,237.4
Round3,Q1,1257,628.5,JAMESON,0.6339,1319.5,196.0,27.5,8.8,1920,1080,0.012,1333.2,200.4
Round3,Q1,1257,628.5,JAMESON,0.6312,1201.5,314.2,26.4,11.2,1920,1080,0.014,1214.8,319.8
Round3,Q1,1257,628.5,JAMESON,0.6249,873.7,221.8,22.7,7.5,1920,1080,0.008,885.0,225.5
Round3,Q1,1257,628.5,JAMESON,0.623,589.5,232.2,24.8,7.5,1920,1080,0.009,601.9,236.0
Round3,Q1,1257,628.5,JAMESON,0.6174,778.4,226.0,23.2,8.0,1920,1080,0.009,790.0,230.0
Round3,Q1,1257,628.5,JAMESON,0.61,871.8,312.1,26.2,10.7,1920,1080,0.013,884.9,317.4
Round3,Q1,1257,628.5,JAMESON,0.5887,1066.6,212.9,24.4,7.6,1920,1080,0.009,1078.9,216.7
Round3,Q1,1257,628.5,JAMESON,0.5862,634.5,231.0,25.8,7.3,1920,1080,0.009,647.4,234.6
Round3,Q1,1257,628.5,JAMESON,0.5858,492.4,234.4,24.2,7.3,1920,1080,0.008,504.5,238.0
Round3,Q1,1257,628.5,JAMESON,0.5266,683.9,229.5,23.6,7.1,1920,1080,0.008,695.7,233.1
Round3,Q1,1257,628.5,JAMESON,0.5121,1009.1,380.4,28.3,12.1,1920,1080,0.017,1023.2,386.5
Round3,Q1,1257,628.5,JAMESON,0.4603,968.9,217.5,23.3,8.0,1920,1080,0.009,980.5,221.5
Round3,Q1,1257,628.5,JAMESON,0.439,788.0,369.2,27.3,12.1,1920,1080,0.016,801.7,375.3
Round3,Q1,1257,628.5,JAMESON,0.4275,1046.5,312.6,24.5,10.2,1920,1080,0.012,1058.7,317.7
Round3,Q1,1257,628.5,JAMESON,0.38,1269.0,199.8,26.3,10.2,1920,1080,0.013,1282.2,204.9
Round3,Q1,1257,628.5,JAMESON,0.335,823.9,222.0,24.7,9.9,1920,1080,0.012,836.2,227.0
Round3,Q1,1258,629.0,JAMESON,0.8541,1844.5,336.2,44.0,20.0,1920,1080,0.042,1866.5,346.3
Round3,Q1,1258,629.0,JAMESON,0.8492,1745.8,158.1,34.9,12.5,1920,1080,0.021,1763.2,164.3
Round3,Q1,1258,629.0,JAMESON,0.8461,1487.7,330.6,33.2,14.1,1920,1080,0.022,1504.3,337.7
Round3,Q1,1258,629.0,JAMESON,0.8395,1649.3,467.4,44.6,25.0,1920,1080,0.054,1671.6,479.9
Round3,Q1,1258,629.0,JAMESON,0.8372,274.3,379.9,31.5,10.2,1920,1080,0.016,290.1,385.0
Round3,Q1,1258,629.0,JAMESON,0.836,1595.4,332.2,34.1,15.3,1920,1080,0.025,1612.4,339.9
Round3,Q1,1258,629.0,JAMESON,0.8327,1776.2,336.2,42.5,17.8,1920,1080,0.037,1797.5,345.1
Round3,Q1,1258,629.0,JAMESON,0.8307,1291.5,327.2,30.5,12.1,1920,1080,0.018,1306.7,333.3
Round3,Q1,1258,629.0,JAMESON,0.8307,1827.1,144.1,38.2,13.8,1920,1080,0.025,1846.2,150.9
Round3,Q1,1258,629.0,JAMESON,0.8306,1295.5,415.1,31.1,15.3,1920,1080,0.023,1311.0,422.8
Round3,Q1,1258,629.0,JAMESON,0.8283,1711.4,335.0,40.2,16.7,1920,1080,0.032,1731.5,343.4
Round3,Q1,1258,629.0,JAMESON,0.8261,999.4,324.4,26.0,9.5,1920,1080,0.012,1012.5,329.2
Round3,Q1,1258,629.0,JAMESON,0.8231,550.5,377.3,29.1,10.3,1920,1080,0.014,565.0,382.5
Round3,Q1,1258,629.0,JAMESON,0.8231,277.8,328.1,30.8,9.7,1920,1080,0.014,293.2,332.9
Round3,Q1,1258,629.0,JAMESON,0.8215,915.7,386.2,27.3,11.8,1920,1080,0.015,929.3,392.1
Round3,Q1,1258,629.0,JAMESON,0.8209,1675.6,170.0,34.2,11.4,1920,1080,0.019,1692.7,175.7
Round3,Q1,1258,629.0,JAMESON,0.8207,1387.4,328.8,32.0,12.6,1920,1080,0.019,1403.4,335.1
Round3,Q1,1258,629.0,JAMESON,0.8173,93.7,383.7,34.2,10.3,1920,1080,0.017,110.8,388.9
Round3,Q1,1258,629.0,JAMESON,0.8149,740.1,379.8,26.9,10.3,1920,1080,0.013,753.6,385.0
Round3,Q1,1258,629.0,JAMESON,0.8134,1402.3,427.7,33.6,17.8,1920,1080,0.029,1419.1,436.6
Round3,Q1,1258,629.0,JAMESON,0.8117,1653.7,334.1,35.7,15.4,1920,1080,0.027,1671.6,341.8
Round3,Q1,1258,629.0,JAMESON,0.8092,155.8,381.9,32.5,10.5,1920,1080,0.016,172.0,387.2
Round3,Q1,1258,629.0,JAMESON,0.8082,1006.3,390.7,28.0,12.7,1920,1080,0.017,1020.3,397.0
Round3,Q1,1258,629.0,JAMESON,0.8074,564.2,324.7,27.2,9.4,1920,1080,0.012,577.8,329.4
Round3,Q1,1258,629.0,JAMESON,0.8068,1543.5,331.5,31.4,14.4,1920,1080,0.022,1559.2,338.7
Round3,Q1,1258,629.0,JAMESON,0.8043,230.2,329.2,28.2,9.0,1920,1080,0.012,244.3,333.7
Round3,Q1,1258,629.0,JAMESON,0.8042,868.5,323.8,26.5,9.4,1920,1080,0.012,881.8,328.5
Round3,Q1,1258,629.0,JAMESON,0.8037,1457.7,435.2,37.8,19.4,1920,1080,0.035,1476.6,444.9
Round3,Q1,1258,629.0,JAMESON,0.8032,784.7,381.0,26.2,10.8,1920,1080,0.014,797.8,386.4
Round3,Q1,1258,629.0,JAMESON,0.8029,1194.8,404.6,29.1,14.5,1920,1080,0.02,1209.3,411.9
Round3,Q1,1258,629.0,JAMESON,0.8016,1177.5,325.9,28.1,11.3,1920,1080,0.015,1191.6,331.5
Round3,Q1,1258,629.0,JAMESON,0.7957,1581.6,453.8,41.7,23.8,1920,1080,0.048,1602.4,465.7
Round3,Q1,1258,629.0,JAMESON,0.795,495.0,377.7,32.8,10.1,1920,1080,0.016,511.4,382.7
Round3,Q1,1258,629.0,JAMESON,0.7947,1133.4,325.0,27.5,10.9,1920,1080,0.014,1147.2,330.4
Round3,Q1,1258,629.0,JAMESON,0.7934,1243.8,409.5,30.6,15.4,1920,1080,0.023,1259.1,417.2
Round3,Q1,1258,629.0,JAMESON,0.7913,439.8,377.9,31.2,10.6,1920,1080,0.016,455.5,383.2
Round3,Q1,1258,629.0,JAMESON,0.7886,330.3,378.0,30.9,10.7,1920,1080,0.016,345.7,383.4
Round3,Q1,1258,629.0,JAMESON,0.7858,1519.4,444.5,35.7,20.6,1920,1080,0.035,1537.3,454.8
Round3,Q1,1258,629.0,JAMESON,0.7841,377.5,326.8,30.1,11.2,1920,1080,0.016,392.6,332.3
Round3,Q1,1258,629.0,JAMESON,0.7836,518.4,324.7,27.7,9.4,1920,1080,0.013,532.3,329.4
Round3,Q1,1258,629.0,JAMESON,0.7822,1340.4,328.1,29.1,11.8,1920,1080,0.016,1354.9,333.9
Round3,Q1,1258,629.0,JAMESON,0.7809,1605.3,179.3,32.9,11.3,1920,1080,0.018,1621.8,185.0
Round3,Q1,1258,629.0,JAMESON,0.7785,1438.2,330.0,31.4,13.0,1920,1080,0.02,1453.9,336.5
Round3,Q1,1258,629.0,JAMESON,0.7776,956.2,323.7,26.2,10.0,1920,1080,0.013,969.3,328.6
Round3,Q1,1258,629.0,JAMESON,0.7759,871.2,384.6,27.2,11.3,1920,1080,0.015,884.8,390.3
Round3,Q1,1258,629.0,JAMESON,0.7752,1482.8,194.2,29.8,9.7,1920,1080,0.014,1497.7,199.1
Round3,Q1,1258,629.0,JAMESON,0.769,782.0,323.6,26.5,9.4,1920,1080,0.012,795.2,328.3
Round3,Q1,1258,629.0,JAMESON,0.7665,960.2,388.2,28.6,12.0,1920,1080,0.017,974.5,394.2
Round3,Q1,1258,629.0,JAMESON,0.7664,826.1,323.8,25.6,9.2,1920,1080,0.011,839.0,328.4
Round3,Q1,1258,629.0,JAMESON,0.7632,1098.0,397.0,29.7,13.5,1920,1080,0.019,1112.9,403.7
Round3,Q1,1258,629.0,JAMESON,0.7568,330.3,328.0,28.1,9.4,1920,1080,0.013,344.4,332.7
Round3,Q1,1258,629.0,JAMESON,0.7562,610.0,324.5,24.6,8.6,1920,1080,0.01,622.3,328.8
Round3,Q1,1258,629.0,JAMESON,0.7344,386.1,377.8,29.7,10.4,1920,1080,0.015,400.9,383.0
Round3,Q1,1258,629.0,JAMESON,0.7338,654.7,324.0,24.4,8.6,1920,1080,0.01,666.9,328.3
Round3,Q1,1258,629.0,JAMESON,0.7299,695.9,324.1,26.0,9.1,1920,1080,0.011,708.9,328.6
Round3,Q1,1258,629.0,JAMESON,0.7283,1211.3,217.4,25.4,7.9,1920,1080,0.01,1224.0,221.4
Round3,Q1,1258,629.0,JAMESON,0.7249,1545.4,187.1,32.1,11.0,1920,1080,0.017,1561.5,192.5
Round3,Q1,1258,629.0,JAMESON,0.7227,427.2,326.3,26.2,8.6,1920,1080,0.011,440.3,330.6
Round3,Q1,1258,629.0,JAMESON,0.7198,863.1,234.6,26.5,8.3,1920,1080,0.011,876.4,238.7
Round3,Q1,1258,629.0,JAMESON,0.714,29.3,246.0,31.4,8.1,1920,1080,0.012,45.0,250.0
Round3,Q1,1258,629.0,JAMESON,0.7121,1043.7,324.8,26.2,9.7,1920,1080,0.012,1056.8,329.7
Round3,Q1,1258,629.0,JAMESON,0.7099,1369.0,205.6,26.7,8.9,1920,1080,0.011,1382.3,210.0
Round3,Q1,1258,629.0,JAMESON,0.7093,1261.2,213.5,26.1,8.8,1920,1080,0.011,1274.3,217.9
Round3,Q1,1258,629.0,JAMESON,0.7037,34.8,330.6,31.4,9.4,1920,1080,0.014,50.5,335.3
Round3,Q1,1258,629.0,JAMESON,0.7034,1158.1,220.7,26.3,8.4,1920,1080,0.011,1171.2,224.9
Round3,Q1,1258,629.0,JAMESON,0.6984,1426.5,200.2,28.9,9.8,1920,1080,0.014,1440.9,205.1
Round3,Q1,1258,629.0,JAMESON,0.6964,647.6,378.0,24.5,9.9,1920,1080,0.012,659.8,382.9
Round3,Q1,1258,629.0,JAMESON,0.6945,817.9,236.6,24.1,7.6,1920,1080,0.009,829.9,240.4
Round3,Q1,1258,629.0,JAMESON,0.6875,740.3,323.7,25.6,9.7,1920,1080,0.012,753.1,328.6
Round3,Q1,1258,629.0,JAMESON,0.687,216.3,380.8,31.9,10.8,1920,1080,0.017,232.2,386.2
Round3,Q1,1258,629.0,JAMESON,0.6859,176.2,329.8,30.3,8.8,1920,1080,0.013,191.4,334.3
Round3,Q1,1258,629.0,JAMESON,0.6785,672.8,241.3,25.9,7.9,1920,1080,0.01,685.8,245.2
Round3,Q1,1258,629.0,JAMESON,0.6753,914.1,232.5,25.1,8.3,1920,1080,0.01,926.7,236.7
Round3,Q1,1258,629.0,JAMESON,0.6732,529.1,245.3,25.2,7.3,1920,1080,0.009,541.7,249.0
Round3,Q1,1258,629.0,JAMESON,0.6715,1316.1,209.7,26.5,8.8,1920,1080,0.011,1329.3,214.1
Round3,Q1,1258,629.0,JAMESON,0.6649,577.3,243.9,23.9,7.0,1920,1080,0.008,589.2,247.4
Round3,Q1,1258,629.0,JAMESON,0.6425,1246.6,326.5,27.6,11.8,1920,1080,0.016,1260.4,332.4
Round3,Q1,1258,629.0,JAMESON,0.6417,627.4,242.3,23.4,7.3,1920,1080,0.008,639.1,246.0
Round3,Q1,1258,629.0,JAMESON,0.6358,1856.5,524.8,48.4,31.2,1920,1080,0.073,1880.7,540.4
Round3,Q1,1258,629.0,JAMESON,0.6319,1051.8,393.7,28.0,12.5,1920,1080,0.017,1065.8,399.9
Round3,Q1,1258,629.0,JAMESON,0.6315,697.2,378.5,26.8,10.6,1920,1080,0.014,710.6,383.8
Round3,Q1,1258,629.0,JAMESON,0.6308,769.7,238.6,24.2,7.5,1920,1080,0.009,781.7,242.3
Round3,Q1,1258,629.0,JAMESON,0.6259,373.3,246.0,27.0,9.1,1920,1080,0.012,386.8,250.5
Round3,Q1,1258,629.0,JAMESON,0.6213,93.0,246.0,29.3,8.7,1920,1080,0.012,107.7,250.4
Round3,Q1,1258,629.0,JAMESON,0.6079,722.8,240.1,23.8,7.2,1920,1080,0.008,734.7,243.7
Round3,Q1,1258,629.0,JAMESON,0.5922,427.3,245.9,24.3,8.0,1920,1080,0.009,439.4,249.9
Round3,Q1,1258,629.0,JAMESON,0.5883,960.9,230.7,23.6,7.5,1920,1080,0.009,972.7,234.5
Round3,Q1,1258,629.0,JAMESON,0.5398,1110.4,222.0,23.6,9.1,1920,1080,0.01,1122.3,226.5
Round3,Q1,1258,629.0,JAMESON,0.5298,151.9,246.0,28.9,9.1,1920,1080,0.013,166.4,250.5
Round3,Q1,1258,629.0,JAMESON,0.5198,29.6,384.4,36.2,11.6,1920,1080,0.02,47.7,390.2
Round3,Q1,1258,629.0,JAMESON,0.4847,321.4,246.0,26.2,9.3,1920,1080,0.012,334.5,250.6
Round3,Q1,1258,629.0,JAMESON,0.3925,264.7,248.0,29.4,10.0,1920,1080,0.014,279.4,253.0
Round3,Q1,1258,629.0,JAMESON,0.3872,1011.2,227.9,23.8,8.0,1920,1080,0.009,1023.2,231.9
Round3,Q1,1258,629.0,JAMESON,0.3821,210.9,246.0,26.4,9.5,1920,1080,0.012,224.1,250.8
Round3,Q1,1259,629.5,JAMESON,0.8561,295.6,385.8,32.0,10.9,1920,1080,0.017,311.7,391.3
Round3,Q1,1259,629.5,JAMESON,0.8504,176.1,387.9,34.0,10.8,1920,1080,0.018,193.1,393.3
Round3,Q1,1259,629.5,JAMESON,0.8502,351.9,385.2,31.5,10.5,1920,1080,0.016,367.6,390.5
Round3,Q1,1259,629.5,JAMESON,0.8438,1531.5,337.3,32.7,14.1,1920,1080,0.022,1547.8,344.3
Round3,Q1,1259,629.5,JAMESON,0.8401,1697.2,477.1,49.0,26.2,1920,1080,0.062,1721.6,490.2
Round3,Q1,1259,629.5,JAMESON,0.8297,1831.2,341.4,44.9,19.0,1920,1080,0.041,1853.7,350.9
Round3,Q1,1259,629.5,JAMESON,0.8284,1641.7,338.9,36.3,16.0,1920,1080,0.028,1659.8,346.9
Round3,Q1,1259,629.5,JAMESON,0.8267,1763.9,340.8,39.2,17.1,1920,1080,0.032,1783.5,349.4
Round3,Q1,1259,629.5,JAMESON,0.8262,1228.9,413.2,32.0,15.0,1920,1080,0.023,1244.9,420.7
Round3,Q1,1259,629.5,JAMESON,0.8232,812.3,387.8,26.0,11.5,1920,1080,0.014,825.3,393.5
Round3,Q1,1259,629.5,JAMESON,0.8228,1331.8,423.5,33.5,16.7,1920,1080,0.027,1348.6,431.9
Round3,Q1,1259,629.5,JAMESON,0.8192,1441.8,437.0,36.0,18.5,1920,1080,0.032,1459.7,446.3
Round3,Q1,1259,629.5,JAMESON,0.8183,1799.7,159.3,36.3,12.5,1920,1080,0.022,1817.8,165.5
Round3,Q1,1259,629.5,JAMESON,0.8163,1885.9,144.1,34.1,14.2,1920,1080,0.023,1903.0,151.1
Round3,Q1,1259,629.5,JAMESON,0.8153,575.9,384.1,27.9,10.2,1920,1080,0.014,589.8,389.2
Round3,Q1,1259,629.5,JAMESON,0.8136,301.9,334.2,28.6,9.1,1920,1080,0.013,316.2,338.7
Round3,Q1,1259,629.5,JAMESON,0.8118,1701.8,339.6,37.9,16.8,1920,1080,0.031,1720.8,348.0
Round3,Q1,1259,629.5,JAMESON,0.8108,1427.5,335.7,31.7,12.5,1920,1080,0.019,1443.3,341.9
Round3,Q1,1259,629.5,JAMESON,0.8062,115.0,389.8,34.0,10.1,1920,1080,0.017,132.0,394.8
Round3,Q1,1259,629.5,JAMESON,0.7958,1167.6,332.1,27.9,10.4,1920,1080,0.014,1181.5,337.3
Round3,Q1,1259,629.5,JAMESON,0.795,767.4,386.8,27.1,11.0,1920,1080,0.014,781.0,392.3
Round3,Q1,1259,629.5,JAMESON,0.795,1038.2,398.7,28.0,13.1,1920,1080,0.018,1052.3,405.2
Round3,Q1,1259,629.5,JAMESON,0.7947,1590.7,189.6,31.8,10.8,1920,1080,0.017,1606.6,195.0
Round3,Q1,1259,629.5,JAMESON,0.7935,1279.1,418.1,31.9,16.0,1920,1080,0.025,1295.0,426.1
Round3,Q1,1259,629.5,JAMESON,0.7907,1585.8,337.9,35.0,15.2,1920,1080,0.026,1603.3,345.5
Round3,Q1,1259,629.5,JAMESON,0.7903,519.8,383.7,31.7,10.4,1920,1080,0.016,535.7,388.9
Round3,Q1,1259,629.5,JAMESON,0.7895,1627.4,463.8,43.1,24.5,1920,1080,0.051,1648.9,476.1
Round3,Q1,1259,629.5,JAMESON,0.7894,1727.3,171.2,34.5,11.9,1920,1080,0.02,1744.5,177.2
Round3,Q1,1259,629.5,JAMESON,0.7886,945.7,393.8,28.1,12.1,1920,1080,0.016,959.7,399.8
Round3,Q1,1259,629.5,JAMESON,0.7879,1479.7,336.0,31.2,13.0,1920,1080,0.02,1495.3,342.5
Round3,Q1,1259,629.5,JAMESON,0.7865,1329.6,334.2,30.8,11.7,1920,1080,0.017,1345.0,340.0
Round3,Q1,1259,629.5,JAMESON,0.7861,463.5,384.2,30.6,10.1,1920,1080,0.015,478.8,389.3
Round3,Q1,1259,629.5,JAMESON,0.786,251.6,334.4,28.6,9.3,1920,1080,0.013,265.9,339.0
Round3,Q1,1259,629.5,JAMESON,0.7851,854.8,329.9,26.0,9.9,1920,1080,0.012,867.9,334.8
Round3,Q1,1259,629.5,JAMESON,0.7788,990.9,395.8,28.0,12.3,1920,1080,0.017,1004.8,401.9
Round3,Q1,1259,629.5,JAMESON,0.7784,901.3,391.9,27.9,11.5,1920,1080,0.016,915.3,397.7
Round3,Q1,1259,629.5,JAMESON,0.7744,796.2,243.4,25.4,7.6,1920,1080,0.009,808.9,247.2
Round3,Q1,1259,629.5,JAMESON,0.769,589.4,330.0,27.2,9.9,1920,1080,0.013,603.0,334.9
Round3,Q1,1259,629.5,JAMESON,0.7667,1653.5,181.6,33.7,11.2,1920,1080,0.018,1670.3,187.2
Round3,Q1,1259,629.5,JAMESON,0.7661,1378.7,334.9,30.4,12.1,1920,1080,0.018,1394.0,341.0
Round3,Q1,1259,629.5,JAMESON,0.7659,353.2,333.5,27.8,9.6,1920,1080,0.013,367.2,338.3
Round3,Q1,1259,629.5,JAMESON,0.7655,810.0,329.4,26.9,10.6,1920,1080,0.014,823.5,334.7
Round3,Q1,1259,629.5,JAMESON,0.763,1030.8,330.6,27.2,10.7,1920,1080,0.014,1044.4,336.0
Round3,Q1,1259,629.5,JAMESON,0.7611,401.5,332.3,28.7,10.8,1920,1080,0.015,415.8,337.6
Round3,Q1,1259,629.5,JAMESON,0.7587,1075.9,331.0,26.8,10.5,1920,1080,0.014,1089.3,336.3
Round3,Q1,1259,629.5,JAMESON,0.7577,635.8,330.0,24.9,9.9,1920,1080,0.012,648.2,334.9
Round3,Q1,1259,629.5,JAMESON,0.755,1497.9,444.3,40.0,20.4,1920,1080,0.039,1517.9,454.6
Round3,Q1,1259,629.5,JAMESON,0.7529,237.3,387.2,32.1,10.2,1920,1080,0.016,253.3,392.3
Round3,Q1,1259,629.5,JAMESON,0.7524,1526.3,197.2,28.9,10.0,1920,1080,0.014,1540.8,202.2
Round3,Q1,1259,629.5,JAMESON,0.7522,722.7,330.4,25.7,9.7,1920,1080,0.012,735.5,335.2
Round3,Q1,1259,629.5,JAMESON,0.7478,1213.0,332.6,28.5,11.0,1920,1080,0.015,1227.2,338.1
Round3,Q1,1259,629.5,JAMESON,0.7422,991.8,235.6,24.7,8.1,1920,1080,0.01,1004.1,239.7
Round3,Q1,1259,629.5,JAMESON,0.7392,680.0,329.9,25.6,10.5,1920,1080,0.013,692.8,335.2
Round3,Q1,1259,629.5,JAMESON,0.7378,344.2,252.1,26.2,8.0,1920,1080,0.01,357.3,256.1
Round3,Q1,1259,629.5,JAMESON,0.7377,232.4,252.5,26.8,7.8,1920,1080,0.01,245.8,256.4
Round3,Q1,1259,629.5,JAMESON,0.7347,1408.9,209.7,27.1,9.0,1920,1080,0.012,1422.4,214.3
Round3,Q1,1259,629.5,JAMESON,0.7314,899.3,329.9,25.0,9.8,1920,1080,0.012,911.8,334.9
Round3,Q1,1259,629.5,JAMESON,0.7294,0.0,392.0,17.9,11.1,1920,1080,0.01,9.0,397.5
Round3,Q1,1259,629.5,JAMESON,0.7293,767.0,329.9,27.2,10.6,1920,1080,0.014,780.6,335.2
Round3,Q1,1259,629.5,JAMESON,0.724,544.8,330.8,26.1,9.3,1920,1080,0.012,557.8,335.4
Round3,Q1,1259,629.5,JAMESON,0.7239,51.4,250.5,29.1,7.6,1920,1080,0.011,66.0,254.3
Round3,Q1,1259,629.5,JAMESON,0.7231,395.7,252.2,26.9,7.5,1920,1080,0.01,409.2,255.9
Round3,Q1,1259,629.5,JAMESON,0.7205,945.4,238.1,22.2,7.9,1920,1080,0.009,956.5,242.0
Round3,Q1,1259,629.5,JAMESON,0.7202,408.4,384.4,31.0,10.2,1920,1080,0.015,424.0,389.5
Round3,Q1,1259,629.5,JAMESON,0.7192,286.1,252.2,30.1,8.1,1920,1080,0.012,301.2,256.3
Round3,Q1,1259,629.5,JAMESON,0.7188,198.2,335.1,28.7,8.6,1920,1080,0.012,212.5,339.4
Round3,Q1,1259,629.5,JAMESON,0.7185,1131.4,404.9,30.2,13.7,1920,1080,0.02,1146.5,411.8
Round3,Q1,1259,629.5,JAMESON,0.7131,450.8,332.2,26.5,8.9,1920,1080,0.011,464.1,336.7
Round3,Q1,1259,629.5,JAMESON,0.7122,1468.0,203.6,28.3,9.6,1920,1080,0.013,1482.1,208.4
Round3,Q1,1259,629.5,JAMESON,0.7108,986.1,329.9,27.5,10.8,1920,1080,0.014,999.9,335.3
Round3,Q1,1259,629.5,JAMESON,0.7065,750.1,245.4,23.4,7.1,1920,1080,0.008,761.8,248.9
Round3,Q1,1259,629.5,JAMESON,0.702,1562.3,452.5,37.6,22.5,1920,1080,0.041,1581.1,463.8
Round3,Q1,1259,629.5,JAMESON,0.6892,848.0,241.9,22.6,7.3,1920,1080,0.008,859.2,245.5
Round3,Q1,1259,629.5,JAMESON,0.6877,1084.1,402.0,29.1,12.3,1920,1080,0.017,1098.6,408.2
Round3,Q1,1259,629.5,JAMESON,0.6814,672.6,385.1,27.0,10.1,1920,1080,0.013,686.1,390.2
Round3,Q1,1259,629.5,JAMESON,0.6712,554.1,250.3,24.2,7.8,1920,1080,0.009,566.2,254.1
Round3,Q1,1259,629.5,JAMESON,0.6697,116.1,251.6,27.2,7.7,1920,1080,0.01,129.7,255.4
Round3,Q1,1259,629.5,JAMESON,0.6679,1246.7,221.7,26.2,8.7,1920,1080,0.011,1259.9,226.1
Round3,Q1,1259,629.5,JAMESON,0.6678,700.8,246.0,23.4,8.2,1920,1080,0.009,712.5,250.1
Round3,Q1,1259,629.5,JAMESON,0.6533,1193.3,224.8,25.5,9.2,1920,1080,0.011,1206.1,229.4
Round3,Q1,1259,629.5,JAMESON,0.6458,172.8,252.1,29.6,8.0,1920,1080,0.011,187.6,256.1
Round3,Q1,1259,629.5,JAMESON,0.6455,451.3,251.3,23.3,7.2,1920,1080,0.008,462.9,254.8
Round3,Q1,1259,629.5,JAMESON,0.6445,1143.4,228.3,24.6,8.0,1920,1080,0.009,1155.7,232.3
Round3,Q1,1259,629.5,JAMESON,0.6421,894.5,239.8,23.4,7.7,1920,1080,0.009,906.2,243.6
Round3,Q1,1259,629.5,JAMESON,0.6406,1297.9,218.3,27.5,8.4,1920,1080,0.011,1311.7,222.5
Round3,Q1,1259,629.5,JAMESON,0.6234,1903.6,342.8,16.4,20.9,1920,1080,0.017,1911.8,353.2
Round3,Q1,1259,629.5,JAMESON,0.6019,56.0,336.2,31.5,9.1,1920,1080,0.014,71.8,340.7
Round3,Q1,1259,629.5,JAMESON,0.5981,1356.3,214.1,25.5,8.8,1920,1080,0.011,1369.1,218.5
Round3,Q1,1259,629.5,JAMESON,0.586,1284.1,333.3,26.9,11.4,1920,1080,0.015,1297.5,339.0
Round3,Q1,1259,629.5,JAMESON,0.5731,49.5,390.2,37.2,11.8,1920,1080,0.021,68.1,396.1
Round3,Q1,1259,629.5,JAMESON,0.5642,857.3,389.5,25.9,12.4,1920,1080,0.015,870.3,395.7
Round3,Q1,1259,629.5,JAMESON,0.5638,0.0,249.3,17.1,8.7,1920,1080,0.007,8.6,253.7
Round3,Q1,1259,629.5,JAMESON,0.5596,603.1,249.2,23.7,8.8,1920,1080,0.01,615.0,253.6
Round3,Q1,1259,629.5,JAMESON,0.5596,1043.2,233.6,23.8,7.7,1920,1080,0.009,1055.1,237.4
Round3,Q1,1259,629.5,JAMESON,0.5585,623.6,383.9,28.9,10.5,1920,1080,0.015,638.1,389.2
Round3,Q1,1259,629.5,JAMESON,0.5258,723.2,384.9,27.6,11.9,1920,1080,0.016,737.0,390.8
Round3,Q1,1259,629.5,JAMESON,0.4937,942.4,330.4,26.7,13.0,1920,1080,0.017,955.7,336.9
Round3,Q1,1259,629.5,JAMESON,0.4147,652.3,246.0,25.5,9.7,1920,1080,0.012,665.0,250.9
Round3,Q1,1259,629.5,JAMESON,0.3483,102.6,63.4,28.7,11.9,1920,1080,0.016,117.0,69.4
Round3,Q1,1260,630.0,EMIRATES,0.8924,274.9,596.5,59.4,21.6,1920,1080,0.062,304.6,607.3
Round3,Q1,1260,630.0,EMIRATES,0.8785,924.8,374.9,61.9,16.2,1920,1080,0.048,955.7,383.0
Round3,Q1,1261,630.5,EMIRATES,0.8923,400.5,624.0,61.8,17.9,1920,1080,0.053,431.4,633.0
Round3,Q1,1261,630.5,EMIRATES,0.8248,779.8,362.4,47.8,14.9,1920,1080,0.034,803.7,369.8
Round3,Q1,1262,631.0,EMIRATES,0.8927,636.3,635.7,60.8,19.1,1920,1080,0.056,666.7,645.3
Round3,Q1,1262,631.0,EMIRATES,0.7686,1279.9,313.6,37.0,17.9,1920,1080,0.032,1298.4,322.6
Round3,Q1,1263,631.5,EMIRATES,0.8945,1213.6,385.3,39.1,19.4,1920,1080,0.037,1233.2,394.9
Round3,Q1,1263,631.5,EMIRATES,0.8851,689.3,684.3,57.4,18.3,1920,1080,0.051,718.0,693.4
Round3,Q1,1263,631.5,EMIRATES,0.712,1842.5,442.7,38.9,19.2,1920,1080,0.036,1862.0,452.3
Round3,Q1,1264,632.0,EMIRATES,0.8939,1420.9,524.5,44.7,17.8,1920,1080,0.038,1443.3,533.4
Round3,Q1,1264,632.0,EMIRATES,0.883,510.4,695.3,51.2,23.5,1920,1080,0.058,536.1,707.1
Round3,Q1,1264,632.0,EMIRATES,0.8829,1525.6,360.7,44.3,19.0,1920,1080,0.041,1547.8,370.2
Round3,Q1,1264,632.0,EMIRATES,0.8703,1078.1,363.1,36.9,19.4,1920,1080,0.034,1096.6,372.8
Round3,Q1,1265,632.5,EMIRATES,0.8865,1017.8,278.1,32.1,13.6,1920,1080,0.021,1033.9,284.9
Round3,Q1,1265,632.5,EMIRATES,0.8171,506.9,588.9,22.8,15.8,1920,1080,0.017,518.3,596.8
Round3,Q1,1266,633.0,EMIRATES,0.8554,1602.3,275.1,53.5,20.4,1920,1080,0.053,1629.1,285.3
Round3,Q1,1266,633.0,EMIRATES,0.8411,1240.7,380.1,33.7,17.4,1920,1080,0.028,1257.6,388.8
Round3,Q1,1266,633.0,EMIRATES,0.8285,616.9,229.2,46.0,17.7,1920,1080,0.039,639.9,238.1
Round3,Q1,1267,633.5,EMIRATES,0.8764,927.6,192.4,63.8,17.3,1920,1080,0.053,959.5,201.0
Round3,Q1,1268,634.0,EMIRATES,0.8932,1842.1,103.8,52.3,20.6,1920,1080,0.052,1868.2,114.1
Round3,Q1,1268,634.0,EMIRATES,0.8891,672.2,167.4,43.4,20.7,1920,1080,0.043,693.9,177.8
Round3,Q1,1269,634.5,EMIRATES,0.887,1861.3,128.3,58.5,21.5,1920,1080,0.061,1890.6,139.1
Round3,Q1,1270,635.0,EMIRATES,0.9066,1683.7,234.8,61.0,18.3,1920,1080,0.054,1714.2,243.9
Round3,Q1,1270,635.0,EMIRATES,0.8767,1086.3,280.2,42.8,22.0,1920,1080,0.045,1107.7,291.2
Round3,Q1,1271,635.5,EMIRATES,0.9041,1199.4,369.5,53.4,16.8,1920,1080,0.043,1226.1,377.9
Round3,Q1,1271,635.5,EMIRATES,0.8752,1598.9,304.7,56.0,18.0,1920,1080,0.049,1626.8,313.7
Round3,Q1,1272,636.0,EMIRATES,0.8933,1614.8,351.0,45.9,15.3,1920,1080,0.034,1637.7,358.7
Round3,Q1,1272,636.0,EMIRATES,0.3007,1865.9,76.4,51.5,21.3,1920,1080,0.053,1891.6,87.1
Round3,Q1,1273,636.5,EMIRATES,0.8949,1744.5,366.5,32.7,19.3,1920,1080,0.031,1760.9,376.1
Round3,Q1,1273,636.5,EMIRATES,0.874,1572.8,400.6,40.3,26.1,1920,1080,0.051,1593.0,413.6
Round3,Q1,1274,637.0,EMIRATES,0.9018,1650.6,453.8,50.6,27.9,1920,1080,0.068,1676.0,467.8
Round3,Q1,1274,637.0,EMIRATES,0.8733,1713.1,855.9,63.3,21.5,1920,1080,0.066,1744.7,866.6
Round3,Q1,1274,637.0,EMIRATES,0.7782,1804.8,339.3,24.1,17.8,1920,1080,0.021,1816.8,348.2
Round3,Q1,1275,637.5,EMIRATES,0.9002,1370.0,911.4,51.7,16.5,1920,1080,0.041,1395.9,919.6
Round3,Q1,1275,637.5,EMIRATES,0.8967,1836.7,380.5,43.9,16.9,1920,1080,0.036,1858.6,389.0
Round3,Q1,1276,638.0,EMIRATES,0.8591,1140.2,365.3,51.9,13.1,1920,1080,0.033,1166.1,371.8
Round3,Q1,1290,645.0,EMIRATES,0.8852,1206.3,447.1,55.3,16.4,1920,1080,0.044,1234.0,455.3
Round3,Q1,1290,645.0,JAMESON,0.7201,2.6,209.7,386.0,216.9,1920,1080,4.038,195.6,318.2
Round3,Q1,1290,645.0,EMIRATES,0.6758,1417.4,395.1,49.3,15.8,1920,1080,0.038,1442.1,403.0
Round3,Q1,1290,645.0,JAMESON,0.5299,1439.6,227.6,480.4,234.3,1920,1080,5.427,1679.8,344.7
Round3,Q1,1291,645.5,EMIRATES,0.8949,1058.4,390.1,39.7,14.4,1920,1080,0.028,1078.2,397.3
Round3,Q1,1291,645.5,EMIRATES,0.8824,1813.3,334.8,43.0,15.4,1920,1080,0.032,1834.8,342.5
Round3,Q1,1291,645.5,JAMESON,0.7424,22.9,173.7,690.6,232.4,1920,1080,7.74,368.2,289.9
Round3,Q1,1293,646.5,EMIRATES,0.8744,30.5,860.5,66.5,16.7,1920,1080,0.054,63.7,868.9
Round3,Q1,1293,646.5,JAMESON,0.761,58.8,201.1,660.8,223.5,1920,1080,7.121,389.2,312.8
Round3,Q1,1293,646.5,JAMESON,0.6708,1558.9,228.9,361.1,213.7,1920,1080,3.723,1739.4,335.7
Round3,Q1,1299,649.5,EMIRATES,0.8829,563.4,701.1,57.7,20.1,1920,1080,0.056,592.3,711.1
Round3,Q1,1300,650.0,EMIRATES,0.8877,320.2,613.0,41.8,26.6,1920,1080,0.054,341.1,626.3
Round3,Q1,1300,650.0,EMIRATES,0.7925,906.7,515.2,34.3,13.4,1920,1080,0.022,923.8,522.0
Round3,Q1,1300,650.0,EMIRATES,0.5739,895.8,805.5,25.8,57.8,1920,1080,0.072,908.7,834.4
Round3,Q1,1301,650.5,EMIRATES,0.8766,386.4,537.0,44.3,24.2,1920,1080,0.052,408.5,549.1
Round3,Q1,1302,651.0,EMIRATES,0.8919,563.0,428.2,54.4,21.3,1920,1080,0.056,590.2,438.8
Round3,Q1,1303,651.5,EMIRATES,0.8924,869.6,345.7,58.7,18.9,1920,1080,0.054,898.9,355.1
Round3,Q1,1304,652.0,EMIRATES,0.8843,1226.8,245.2,68.8,21.1,1920,1080,0.07,1261.2,255.8
Round3,Q1,1305,652.5,EMIRATES,0.8828,1603.6,178.1,69.6,22.7,1920,1080,0.076,1638.5,189.4
Round3,Q1,1305,652.5,EMIRATES,0.656,1825.8,172.5,61.1,22.2,1920,1080,0.065,1856.3,183.6
Round3,Q1,1317,658.5,EMIRATES,0.9067,600.6,541.7,114.4,38.0,1920,1080,0.21,657.8,560.7
Round3,Q1,1317,658.5,CYBERCX,0.8722,1178.6,648.2,177.4,77.7,1920,1080,0.664,1267.3,687.0
Round3,Q1,1317,658.5,CYBERCX,0.8468,220.4,652.8,171.7,76.4,1920,1080,0.633,306.3,691.0
Round3,Q1,1317,658.5,EMIRATES,0.833,768.0,347.3,57.1,34.0,1920,1080,0.094,796.5,364.3
Round3,Q1,1317,658.5,EMIRATES,0.8113,1436.9,495.5,72.1,21.7,1920,1080,0.075,1472.9,506.3
Round3,Q1,1317,658.5,EMIRATES,0.7974,1710.5,297.1,73.7,21.6,1920,1080,0.077,1747.3,307.9
Round3,Q1,1318,659.0,EMIRATES,0.9009,650.1,512.2,116.5,37.9,1920,1080,0.213,708.3,531.1
Round3,Q1,1318,659.0,EMIRATES,0.8909,954.7,447.9,107.3,32.1,1920,1080,0.166,1008.3,463.9
Round3,Q1,1318,659.0,CYBERCX,0.8821,247.1,618.0,190.4,79.2,1920,1080,0.727,342.3,657.6
Round3,Q1,1318,659.0,CYBERCX,0.8658,1227.7,614.2,170.0,80.0,1920,1080,0.656,1312.7,654.2
Round3,Q1,1318,659.0,EMIRATES,0.8252,1479.6,461.4,72.7,21.0,1920,1080,0.074,1516.0,471.9
Round3,Q1,1318,659.0,CYBERCX,0.8134,877.2,632.3,70.0,55.1,1920,1080,0.186,912.2,659.8
Round3,Q1,1318,659.0,CYBERCX,0.4773,1106.6,245.6,157.8,80.7,1920,1080,0.614,1185.4,286.0
Round3,Q1,1319,659.5,EMIRATES,0.9073,537.4,472.3,114.5,38.1,1920,1080,0.21,594.6,491.4
Round3,Q1,1319,659.5,EMIRATES,0.8912,968.8,475.7,111.4,37.6,1920,1080,0.202,1024.5,494.5
Round3,Q1,1319,659.5,CYBERCX,0.8802,136.3,578.1,193.9,79.2,1920,1080,0.741,233.2,617.7
Round3,Q1,1319,659.5,CYBERCX,0.8379,1176.0,591.8,107.3,59.2,1920,1080,0.306,1229.6,621.4
Round3,Q1,1319,659.5,EMIRATES,0.8373,1649.0,222.5,73.0,22.7,1920,1080,0.08,1685.4,233.8
Round3,Q1,1319,659.5,EMIRATES,0.8314,704.1,271.7,56.7,36.7,1920,1080,0.1,732.4,290.0
Round3,Q1,1319,659.5,EMIRATES,0.83,1376.4,441.1,69.3,19.7,1920,1080,0.066,1411.1,451.0
Round3,Q1,1320,660.0,EMIRATES,0.9092,543.6,480.6,114.7,40.2,1920,1080,0.222,601.0,500.7
Round3,Q1,1320,660.0,EMIRATES,0.8924,992.7,453.9,112.4,40.2,1920,1080,0.218,1048.9,474.0
Round3,Q1,1320,660.0,CYBERCX,0.872,134.9,582.0,191.3,77.8,1920,1080,0.718,230.5,621.0
Round3,Q1,1320,660.0,EMIRATES,0.8496,1644.9,228.0,75.1,23.5,1920,1080,0.085,1682.4,239.7
Round3,Q1,1320,660.0,EMIRATES,0.8461,702.9,277.2,57.0,36.0,1920,1080,0.099,731.4,295.2
Round3,Q1,1320,660.0,EMIRATES,0.8194,1387.4,452.8,73.3,19.9,1920,1080,0.07,1424.0,462.8
Round3,Q1,1320,660.0,CYBERCX,0.8136,1285.2,371.9,54.8,58.9,1920,1080,0.156,1312.6,401.3
Round3,Q1,1320,660.0,CYBERCX,0.7778,1203.0,601.0,96.8,48.3,1920,1080,0.226,1251.4,625.2
Round3,Q1,1321,660.5,EMIRATES,0.9069,541.3,491.2,113.9,38.6,1920,1080,0.212,598.3,510.5
Round3,Q1,1321,660.5,EMIRATES,0.9032,995.5,487.2,113.9,44.8,1920,1080,0.246,1052.5,509.6
Round3,Q1,1321,660.5,CYBERCX,0.8632,135.2,582.4,186.6,79.0,1920,1080,0.711,228.5,621.9
Round3,Q1,1321,660.5,EMIRATES,0.8561,1641.8,225.6,74.6,23.3,1920,1080,0.084,1679.1,237.3
Round3,Q1,1321,660.5,EMIRATES,0.8538,703.2,276.7,57.8,36.4,1920,1080,0.101,732.1,294.9
Round3,Q1,1321,660.5,CYBERCX,0.8068,1200.3,601.0,98.0,48.9,1920,1080,0.231,1249.3,625.5
Round3,Q1,1322,661.0,EMIRATES,0.9065,535.4,496.2,114.8,38.2,1920,1080,0.211,592.8,515.3
Round3,Q1,1322,661.0,CYBERCX,0.8552,133.6,582.6,182.0,78.0,1920,1080,0.685,224.6,621.6
Round3,Q1,1322,661.0,EMIRATES,0.8447,696.7,276.5,57.3,35.9,1920,1080,0.099,725.3,294.5
Round3,Q1,1322,661.0,EMIRATES,0.8284,1635.2,223.5,73.8,22.3,1920,1080,0.079,1672.0,234.6
Round3,Q1,1322,661.0,EMIRATES,0.8236,1394.6,457.8,70.0,19.6,1920,1080,0.066,1429.6,467.6
Round3,Q1,1322,661.0,CYBERCX,0.8007,1277.3,371.9,55.2,58.6,1920,1080,0.156,1304.9,401.2
Round3,Q1,1322,661.0,CYBERCX,0.7173,1211.7,598.1,54.8,49.9,1920,1080,0.132,1239.1,623.1
Round3,Q1,1323,661.5,EMIRATES,0.9031,929.2,499.5,115.7,42.7,1920,1080,0.239,987.0,520.9
Round3,Q1,1323,661.5,EMIRATES,0.8418,618.9,275.8,57.7,38.4,1920,1080,0.107,647.7,295.0
Round3,Q1,1323,661.5,EMIRATES,0.8357,1301.9,463.8,72.2,18.9,1920,1080,0.066,1338.0,473.3
Round3,Q1,1323,661.5,EMIRATES,0.8351,1557.4,226.3,72.8,21.8,1920,1080,0.076,1593.8,237.1
Round3,Q1,1323,661.5,EMIRATES,0.8038,528.2,499.2,43.7,36.3,1920,1080,0.076,550.1,517.4
Round3,Q1,1323,661.5,CYBERCX,0.7074,1199.5,374.1,52.8,57.8,1920,1080,0.147,1225.9,403.0
Round3,Q1,1324,662.0,EMIRATES,0.906,426.4,497.6,117.0,38.8,1920,1080,0.219,484.9,517.0
Round3,Q1,1324,662.0,EMIRATES,0.893,883.9,493.0,62.8,36.3,1920,1080,0.11,915.3,511.1
Round3,Q1,1324,662.0,EMIRATES,0.8463,1528.6,227.5,75.3,23.0,1920,1080,0.084,1566.3,239.0
Round3,Q1,1324,662.0,EMIRATES,0.8437,591.3,278.2,56.4,36.8,1920,1080,0.1,619.5,296.6
Round3,Q1,1324,662.0,CYBERCX,0.8137,1052.1,599.3,111.3,57.6,1920,1080,0.309,1107.7,628.1
Round3,Q1,1324,662.0,EMIRATES,0.8105,1257.5,480.8,69.8,18.1,1920,1080,0.061,1292.4,489.9
Round3,Q1,1324,662.0,CYBERCX,0.7308,130.5,607.6,79.5,49.1,1920,1080,0.188,170.2,632.1
Round3,Q1,1325,662.5,EMIRATES,0.8991,465.7,499.8,118.7,40.4,1920,1080,0.231,525.0,519.9
Round3,Q1,1325,662.5,EMIRATES,0.8871,915.7,500.2,79.9,38.2,1920,1080,0.147,955.7,519.3
Round3,Q1,1325,662.5,EMIRATES,0.846,631.6,281.0,59.2,36.5,1920,1080,0.104,661.2,299.3
Round3,Q1,1325,662.5,EMIRATES,0.8141,1570.8,228.9,73.3,25.0,1920,1080,0.089,1607.5,241.5
Round3,Q1,1325,662.5,EMIRATES,0.8096,1301.5,489.2,72.1,18.3,1920,1080,0.064,1337.6,498.3
Round3,Q1,1325,662.5,CYBERCX,0.8,1110.6,601.4,102.4,56.4,1920,1080,0.278,1161.8,629.6
Round3,Q1,1325,662.5,CYBERCX,0.7957,130.2,601.3,123.5,64.2,1920,1080,0.382,192.0,633.4
Round3,Q1,1326,663.0,EMIRATES,0.9104,484.4,496.1,119.1,40.1,1920,1080,0.23,543.9,516.2
Round3,Q1,1326,663.0,EMIRATES,0.8638,958.6,499.5,81.8,38.6,1920,1080,0.152,999.5,518.8
Round3,Q1,1326,663.0,EMIRATES,0.8456,650.3,277.1,59.1,37.9,1920,1080,0.108,679.8,296.0
Round3,Q1,1326,663.0,CYBERCX,0.8441,131.7,596.2,139.7,66.7,1920,1080,0.45,201.5,629.6
Round3,Q1,1326,663.0,CYBERCX,0.8432,1117.6,596.7,118.9,59.9,1920,1080,0.343,1177.1,626.6
Round3,Q1,1326,663.0,EMIRATES,0.8422,1588.3,226.0,74.0,23.1,1920,1080,0.083,1625.3,237.5
Round3,Q1,1326,663.0,EMIRATES,0.8125,1320.2,496.9,72.7,18.6,1920,1080,0.065,1356.5,506.2
Round3,Q1,1326,663.0,CYBERCX,0.5894,1229.5,374.5,73.7,57.5,1920,1080,0.205,1266.4,403.3
Round3,Q1,1327,663.5,EMIRATES,0.9059,480.3,496.1,119.0,40.1,1920,1080,0.23,539.8,516.2
Round3,Q1,1327,663.5,CYBERCX,0.8465,1114.6,598.0,113.5,58.4,1920,1080,0.32,1171.3,627.2
Round3,Q1,1327,663.5,EMIRATES,0.8423,647.1,277.9,59.1,37.8,1920,1080,0.108,676.6,296.8
Round3,Q1,1327,663.5,CYBERCX,0.8408,131.3,596.2,138.3,67.2,1920,1080,0.448,200.5,629.8
Round3,Q1,1327,663.5,EMIRATES,0.84,974.4,504.5,64.5,37.7,1920,1080,0.117,1006.7,523.4
Round3,Q1,1327,663.5,EMIRATES,0.8388,1586.1,227.0,74.5,23.8,1920,1080,0.085,1623.3,238.9
Round3,Q1,1327,663.5,EMIRATES,0.7807,1309.2,505.0,73.5,18.0,1920,1080,0.064,1346.0,514.0
Round3,Q1,1327,663.5,CYBERCX,0.7087,1645.1,591.1,65.6,64.4,1920,1080,0.204,1677.8,623.3
Round3,Q1,1327,663.5,CYBERCX,0.6284,1226.3,375.5,59.1,55.2,1920,1080,0.158,1255.9,403.1
Round3,Q1,1328,664.0,EMIRATES,0.9091,473.3,496.8,119.3,39.8,1920,1080,0.229,533.0,516.7
Round3,Q1,1328,664.0,EMIRATES,0.8438,641.3,281.1,58.3,36.8,1920,1080,0.103,670.5,299.5
Round3,Q1,1328,664.0,CYBERCX,0.8431,1104.5,599.7,118.8,59.8,1920,1080,0.342,1163.9,629.5
Round3,Q1,1328,664.0,CYBERCX,0.8274,131.5,599.6,128.9,65.8,1920,1080,0.409,195.9,632.5
Round3,Q1,1328,664.0,CYBERCX,0.8219,1643.0,600.0,68.0,58.4,1920,1080,0.192,1677.0,629.2
Round3,Q1,1328,664.0,EMIRATES,0.8174,1579.3,228.6,74.9,24.6,1920,1080,0.089,1616.8,241.0
Round3,Q1,1328,664.0,EMIRATES,0.792,1306.3,511.5,71.3,16.8,1920,1080,0.058,1342.0,519.8
Round3,Q1,1328,664.0,CYBERCX,0.7357,1220.4,377.9,62.6,56.5,1920,1080,0.171,1251.7,406.2
Round3,Q1,1329,664.5,EMIRATES,0.9036,462.5,497.9,120.0,40.0,1920,1080,0.231,522.4,517.8
Round3,Q1,1329,664.5,EMIRATES,0.8572,630.6,281.1,59.3,36.1,1920,1080,0.103,660.3,299.2
Round3,Q1,1329,664.5,CYBERCX,0.8421,1095.5,597.7,117.4,62.2,1920,1080,0.352,1154.2,628.8
Round3,Q1,1329,664.5,EMIRATES,0.8398,1572.0,231.0,74.2,25.0,1920,1080,0.089,1609.1,243.5
Round3,Q1,1329,664.5,EMIRATES,0.8044,1293.6,512.2,73.0,16.3,1920,1080,0.057,1330.0,520.3
Round3,Q1,1329,664.5,CYBERCX,0.7762,130.8,598.8,120.3,65.5,1920,1080,0.38,191.0,631.6
Round3,Q1,1329,664.5,CYBERCX,0.7742,1636.4,598.9,60.7,60.7,1920,1080,0.178,1666.7,629.3
Round3,Q1,1329,664.5,CYBERCX,0.4165,1209.1,376.8,65.6,57.1,1920,1080,0.181,1241.9,405.3
Round3,Q1,1330,665.0,EMIRATES,0.907,463.2,496.3,119.1,39.9,1920,1080,0.229,522.7,516.3
Round3,Q1,1330,665.0,EMIRATES,0.8593,632.0,278.4,58.9,38.0,1920,1080,0.108,661.4,297.4
Round3,Q1,1330,665.0,CYBERCX,0.8438,1091.3,597.2,126.9,60.2,1920,1080,0.369,1154.7,627.3
Round3,Q1,1330,665.0,EMIRATES,0.8263,1571.1,227.5,75.6,26.4,1920,1080,0.096,1608.9,240.7
Round3,Q1,1330,665.0,CYBERCX,0.7973,130.8,599.2,120.8,63.6,1920,1080,0.371,191.2,631.1
Round3,Q1,1330,665.0,CYBERCX,0.7823,1635.8,597.1,68.6,60.3,1920,1080,0.199,1670.1,627.2
Round3,Q1,1330,665.0,EMIRATES,0.7681,1302.3,513.5,72.6,16.4,1920,1080,0.057,1338.6,521.7
Round3,Q1,1330,665.0,CYBERCX,0.3681,1208.7,374.5,70.3,59.8,1920,1080,0.203,1243.9,404.4
Round3,Q1,1331,665.5,EMIRATES,0.8974,458.7,496.4,120.8,42.2,1920,1080,0.246,519.1,517.5
Round3,Q1,1331,665.5,CYBERCX,0.8191,1090.2,597.9,125.3,65.0,1920,1080,0.393,1152.8,630.4
Round3,Q1,1331,665.5,EMIRATES,0.804,621.1,284.0,61.5,40.3,1920,1080,0.119,651.8,304.1
Round3,Q1,1331,665.5,EMIRATES,0.737,1561.2,224.9,81.2,32.5,1920,1080,0.128,1601.8,241.2
Round3,Q1,1331,665.5,EMIRATES,0.7361,1298.3,514.0,75.1,21.6,1920,1080,0.078,1335.9,524.8
Round3,Q1,1331,665.5,CYBERCX,0.363,1629.2,596.5,80.1,66.0,1920,1080,0.255,1669.2,629.5
Round3,Q1,1332,666.0,EMIRATES,0.9002,453.4,490.1,116.0,38.1,1920,1080,0.213,511.4,509.2
Round3,Q1,1332,666.0,EMIRATES,0.8826,893.2,506.3,104.4,33.1,1920,1080,0.167,945.4,522.9
Round3,Q1,1332,666.0,EMIRATES,0.8523,635.8,277.0,55.0,43.0,1920,1080,0.114,663.4,298.5
Round3,Q1,1332,666.0,EMIRATES,0.833,1562.7,221.4,73.7,24.0,1920,1080,0.085,1599.5,233.4
Round3,Q1,1332,666.0,CYBERCX,0.8322,1092.2,591.1,114.6,57.1,1920,1080,0.315,1149.5,619.6
Round3,Q1,1332,666.0,EMIRATES,0.8053,1297.9,510.3,71.2,16.0,1920,1080,0.055,1333.5,518.3
Round3,Q1,1332,666.0,CYBERCX,0.7928,1631.0,592.2,66.6,56.9,1920,1080,0.183,1664.3,620.6
Round3,Q1,1332,666.0,CYBERCX,0.7463,128.3,595.3,110.4,59.5,1920,1080,0.317,183.5,625.1
Round3,Q1,1332,666.0,CYBERCX,0.4238,1202.0,368.3,74.4,56.3,1920,1080,0.202,1239.2,396.5
Round3,Q1,1332,666.0,CYBERCX,0.3797,963.6,204.9,104.2,90.1,1920,1080,0.453,1015.7,250.0
Round3,Q1,1333,666.5,EMIRATES,0.9075,421.6,521.5,124.2,41.8,1920,1080,0.25,483.8,542.4
Round3,Q1,1333,666.5,EMIRATES,0.8972,911.9,580.1,99.0,34.9,1920,1080,0.167,961.5,597.6
Round3,Q1,1333,666.5,EMIRATES,0.8415,1618.4,231.3,79.4,25.9,1920,1080,0.099,1658.1,244.3
Round3,Q1,1333,666.5,EMIRATES,0.8385,614.4,296.0,57.0,47.4,1920,1080,0.13,642.9,319.7
Round3,Q1,1333,666.5,CYBERCX,0.8282,1116.1,633.1,116.9,59.3,1920,1080,0.334,1174.5,662.7
Round3,Q1,1333,666.5,EMIRATES,0.8031,1331.0,545.0,75.7,17.4,1920,1080,0.063,1368.9,553.7
Round3,Q1,1333,666.5,CYBERCX,0.8027,64.3,634.0,123.2,63.3,1920,1080,0.376,126.0,665.6
Round3,Q1,1333,666.5,CYBERCX,0.7853,1689.7,633.5,70.0,59.5,1920,1080,0.201,1724.7,663.2
Round3,Q1,1333,666.5,CYBERCX,0.649,1228.5,392.4,80.7,66.0,1920,1080,0.257,1268.8,425.4
Round3,Q1,1334,667.0,EMIRATES,0.9107,363.0,563.7,133.2,42.6,1920,1080,0.274,429.6,585.0
Round3,Q1,1334,667.0,EMIRATES,0.7937,682.5,195.8,30.8,11.4,1920,1080,0.017,697.9,201.5
Round3,Q1,1334,667.0,EMIRATES,0.6936,1648.9,252.4,84.3,28.4,1920,1080,0.115,1691.1,266.6
Round3,Q1,1334,667.0,EMIRATES,0.6216,1336.5,589.8,82.3,17.7,1920,1080,0.07,1377.6,598.6
Round3,Q1,1335,667.5,EMIRATES,0.8889,589.6,191.0,32.9,11.6,1920,1080,0.018,606.1,196.7
Round3,Q1,1335,667.5,EMIRATES,0.8735,697.4,494.9,41.4,12.0,1920,1080,0.024,718.1,500.9
Round3,Q1,1335,667.5,EMIRATES,0.816,1097.7,390.0,36.0,10.5,1920,1080,0.018,1115.6,395.2
Round3,Q1,1336,668.0,EMIRATES,0.8826,1031.6,353.5,37.2,13.2,1920,1080,0.024,1050.2,360.1
Round3,Q1,1336,668.0,EMIRATES,0.8744,414.9,505.7,47.5,12.9,1920,1080,0.029,438.7,512.2
Round3,Q1,1336,668.0,EMIRATES,0.8219,421.2,220.1,33.2,13.0,1920,1080,0.021,437.8,226.6
Round3,Q1,1337,668.5,EMIRATES,0.8917,343.7,543.2,45.7,14.0,1920,1080,0.031,366.5,550.2
Round3,Q1,1337,668.5,EMIRATES,0.8682,1058.0,400.6,40.4,17.6,1920,1080,0.034,1078.2,409.4
Round3,Q1,1337,668.5,EMIRATES,0.7981,310.5,312.5,32.1,16.7,1920,1080,0.026,326.6,320.8
Round3,Q1,1338,669.0,EMIRATES,0.8655,465.6,553.4,55.7,16.3,1920,1080,0.044,493.4,561.6
Round3,Q1,1338,669.0,EMIRATES,0.8462,853.6,458.8,34.7,16.1,1920,1080,0.027,871.0,466.8
Round3,Q1,1339,669.5,EMIRATES,0.8671,1143.8,556.3,53.4,14.8,1920,1080,0.038,1170.5,563.7
Round3,Q1,1340,670.0,EMIRATES,0.8761,1640.2,449.0,46.7,16.0,1920,1080,0.036,1663.6,457.0
Round3,Q1,1340,670.0,EMIRATES,0.684,1511.3,341.2,44.9,13.8,1920,1080,0.03,1533.8,348.1
Round3,Q1,1341,670.5,EMIRATES,0.8501,66.2,464.9,67.3,21.2,1920,1080,0.069,99.9,475.5
Round3,Q1,1341,670.5,EMIRATES,0.4368,165.9,663.1,44.5,20.3,1920,1080,0.044,188.2,673.2
Round3,Q1,1342,671.0,EMIRATES,0.8065,1067.4,417.5,55.0,12.9,1920,1080,0.034,1094.9,424.0
Round3,Q1,1343,671.5,EMIRATES,0.5534,1511.6,660.1,41.3,17.0,1920,1080,0.034,1532.3,668.6
Round3,Q1,1343,671.5,EMIRATES,0.5081,1539.3,361.2,33.2,10.8,1920,1080,0.017,1555.8,366.6
Round3,Q1,1344,672.0,EMIRATES,0.8699,1538.9,711.3,47.9,15.1,1920,1080,0.035,1562.8,718.9
Round3,Q1,1344,672.0,EMIRATES,0.5161,1568.5,381.2,30.8,9.9,1920,1080,0.015,1583.9,386.2
Round3,Q1,1345,672.5,EMIRATES,0.9037,1486.6,702.1,50.8,21.3,1920,1080,0.052,1512.0,712.8
Round3,Q1,1345,672.5,EMIRATES,0.887,1482.8,357.3,45.9,15.2,1920,1080,0.034,1505.8,364.9
Round3,Q1,1346,673.0,EMIRATES,0.8881,1146.4,810.3,40.5,26.2,1920,1080,0.051,1166.6,823.4
Round3,Q1,1346,673.0,EMIRATES,0.853,1266.5,408.4,45.6,18.1,1920,1080,0.04,1289.3,417.4
Round3,Q1,1347,673.5,EMIRATES,0.8904,955.2,826.3,32.9,20.1,1920,1080,0.032,971.7,836.3
Round3,Q1,1347,673.5,EMIRATES,0.8868,1157.9,452.9,47.3,13.9,1920,1080,0.032,1181.6,459.8
Round3,Q1,1348,674.0,EMIRATES,0.899,1165.7,813.8,40.3,16.6,1920,1080,0.032,1185.8,822.1
Round3,Q1,1348,674.0,EMIRATES,0.8594,1245.6,443.9,34.0,17.5,1920,1080,0.029,1262.6,452.7
Round3,Q1,1349,674.5,EMIRATES,0.8942,1345.0,798.3,46.5,17.1,1920,1080,0.038,1368.3,806.8
Round3,Q1,1349,674.5,EMIRATES,0.3113,1230.4,421.1,40.3,19.2,1920,1080,0.037,1250.6,430.7
Round3,Q1,1350,675.0,EMIRATES,0.894,1341.1,700.9,43.6,18.2,1920,1080,0.038,1362.9,710.0
Round3,Q1,1351,675.5,EMIRATES,0.8769,1005.4,656.9,52.1,20.4,1920,1080,0.051,1031.5,667.0
Round3,Q1,1351,675.5,EMIRATES,0.7718,738.5,349.1,43.0,24.9,1920,1080,0.052,760.0,361.5
Round3,Q1,1352,676.0,EMIRATES,0.8856,860.0,490.5,43.0,13.9,1920,1080,0.029,881.5,497.4
Round3,Q1,1352,676.0,EMIRATES,0.6331,274.5,264.2,45.0,14.2,1920,1080,0.031,297.0,271.3
Round3,Q1,1352,676.0,EMIRATES,0.4448,439.6,867.9,63.1,38.4,1920,1080,0.117,471.2,887.0
Round3,Q1,1353,676.5,EMIRATES,0.8897,777.2,482.0,32.9,18.3,1920,1080,0.029,793.6,491.2
Round3,Q1,1353,676.5,EMIRATES,0.7584,1381.2,445.3,43.8,18.0,1920,1080,0.038,1403.1,454.3
Round3,Q1,1354,677.0,EMIRATES,0.7481,913.4,526.8,33.7,18.2,1920,1080,0.03,930.2,535.9
Round3,Q1,1355,677.5,EMIRATES,0.8789,1378.7,597.5,50.2,19.9,1920,1080,0.048,1403.8,607.5
Round3,Q1,1355,677.5,EMIRATES,0.8767,636.5,469.9,47.1,16.8,1920,1080,0.038,660.0,478.3
Round3,Q1,1356,678.0,EMIRATES,0.8811,1577.1,550.2,43.5,18.6,1920,1080,0.039,1598.8,559.5
Round3,Q1,1357,678.5,EMIRATES,0.8953,1372.0,557.7,34.8,16.8,1920,1080,0.028,1389.4,566.1
Round3,Q1,1358,679.0,EMIRATES,0.7549,1237.0,518.2,29.7,16.1,1920,1080,0.023,1251.9,526.2
Round3,Q1,1359,679.5,EMIRATES,0.875,1710.6,433.9,60.7,15.7,1920,1080,0.046,1740.9,441.8
Round3,Q1,1359,679.5,EMIRATES,0.873,1064.3,498.6,25.6,14.6,1920,1080,0.018,1077.1,505.9
Round3,Q1,1361,680.5,EMIRATES,0.8833,237.5,417.5,52.6,14.7,1920,1080,0.037,263.8,424.9
Round3,Q1,1363,681.5,EMIRATES,0.8643,379.8,682.0,29.0,16.4,1920,1080,0.023,394.3,690.2
Round3,Q1,1364,682.0,EMIRATES,0.9049,355.7,667.0,31.4,17.5,1920,1080,0.027,371.4,675.7
Round3,Q1,1365,682.5,EMIRATES,0.5379,356.9,665.0,19.4,22.6,1920,1080,0.021,366.6,676.3
Round3,Q1,1367,683.5,EMIRATES,0.8536,1884.0,659.5,36.0,12.7,1920,1080,0.022,1902.0,665.9
Round3,Q1,1368,684.0,EMIRATES,0.8942,1525.3,591.2,41.4,16.8,1920,1080,0.034,1546.0,599.6
Round3,Q1,1368,684.0,EMIRATES,0.8025,1275.8,431.1,43.5,17.2,1920,1080,0.036,1297.6,439.7
Round3,Q1,1371,685.5,EMIRATES,0.9112,916.4,559.1,46.7,21.4,1920,1080,0.048,939.7,569.7
Round3,Q1,1372,686.0,EMIRATES,0.8468,756.4,553.2,26.5,27.6,1920,1080,0.035,769.6,567.0
Round3,Q1,1376,688.0,EMIRATES,0.8716,159.0,147.2,41.0,17.5,1920,1080,0.035,179.5,155.9
Round3,Q1,1377,688.5,EMIRATES,0.8079,489.7,281.8,48.7,27.8,1920,1080,0.065,514.0,295.7
Round3,Q1,1377,688.5,EMIRATES,0.5687,398.5,440.9,57.1,19.9,1920,1080,0.055,427.0,450.9
Round3,Q1,1378,689.0,EMIRATES,0.8767,1260.5,565.7,53.7,16.1,1920,1080,0.042,1287.3,573.8
Round3,Q1,1379,689.5,EMIRATES,0.8843,921.0,326.9,42.2,14.7,1920,1080,0.03,942.1,334.2
Round3,Q1,1380,690.0,EMIRATES,0.8911,752.7,314.3,41.7,14.1,1920,1080,0.028,773.5,321.4
Round3,Q1,1380,690.0,EMIRATES,0.7703,840.4,429.4,40.9,15.4,1920,1080,0.03,860.8,437.1
Round3,Q1,1381,690.5,EMIRATES,0.8909,794.6,334.1,44.0,15.4,1920,1080,0.033,816.6,341.8
Round3,Q1,1381,690.5,EMIRATES,0.5258,863.8,374.1,35.3,24.9,1920,1080,0.042,881.4,386.5
Round3,Q1,1382,691.0,EMIRATES,0.8937,1064.6,336.6,35.5,14.6,1920,1080,0.025,1082.4,343.9
Round3,Q1,1382,691.0,EMIRATES,0.8894,142.2,242.6,32.4,15.6,1920,1080,0.024,158.4,250.4
Round3,Q1,1382,691.0,EMIRATES,0.3694,1493.1,436.0,24.3,14.0,1920,1080,0.016,1505.2,443.0
Round3,Q1,1383,691.5,EMIRATES,0.901,341.5,358.2,39.0,15.0,1920,1080,0.028,361.0,365.7
Round3,Q1,1383,691.5,EMIRATES,0.7476,175.6,721.1,34.6,19.1,1920,1080,0.032,192.9,730.7
Round3,Q1,1383,691.5,EMIRATES,0.3224,1159.4,375.9,26.2,13.6,1920,1080,0.017,1172.5,382.7
Round3,Q1,1384,692.0,EMIRATES,0.4852,405.0,440.8,31.5,10.1,1920,1080,0.015,420.7,445.9
Round3,Q1,1385,692.5,EMIRATES,0.9046,1395.9,321.7,37.5,13.0,1920,1080,0.023,1414.6,328.1
Round3,Q1,1385,692.5,EMIRATES,0.8941,980.9,323.3,44.0,13.8,1920,1080,0.029,1002.9,330.2
Round3,Q1,1385,692.5,EMIRATES,0.8688,1366.6,709.0,35.9,16.2,1920,1080,0.028,1384.6,717.2
Round3,Q1,1385,692.5,EMIRATES,0.7855,836.3,422.1,43.2,13.1,1920,1080,0.027,857.9,428.6
Round3,Q1,1386,693.0,EMIRATES,0.8927,1468.1,749.3,50.1,16.8,1920,1080,0.041,1493.2,757.8
Round3,Q1,1386,693.0,EMIRATES,0.8865,601.5,415.5,52.1,18.7,1920,1080,0.047,627.6,424.9
Round3,Q1,1386,693.0,EMIRATES,0.8361,473.2,346.8,50.5,17.2,1920,1080,0.042,498.5,355.4
Round3,Q1,1386,693.0,EMIRATES,0.7616,1308.2,449.0,29.1,15.2,1920,1080,0.021,1322.7,456.6
Round3,Q1,1386,693.0,EMIRATES,0.6094,1061.8,259.1,29.1,18.1,1920,1080,0.025,1076.3,268.1
Round3,Q1,1387,693.5,EMIRATES,0.8938,1682.1,777.7,60.7,18.3,1920,1080,0.054,1712.4,786.9
Round3,Q1,1387,693.5,EMIRATES,0.8807,440.6,490.8,56.6,17.0,1920,1080,0.046,468.9,499.3
Round3,Q1,1387,693.5,EMIRATES,0.586,1168.4,418.7,45.1,12.0,1920,1080,0.026,1190.9,424.7
Round3,Q1,1387,693.5,EMIRATES,0.4735,392.1,568.8,33.9,15.3,1920,1080,0.025,409.0,576.4
Round3,Q1,1387,693.5,EMIRATES,0.4726,1006.2,294.5,20.6,15.9,1920,1080,0.016,1016.5,302.4
Round3,Q1,1388,694.0,EMIRATES,0.8894,966.5,217.9,37.1,15.7,1920,1080,0.028,985.0,225.7
Round3,Q1,1388,694.0,EMIRATES,0.8857,1868.2,761.7,51.7,22.9,1920,1080,0.057,1894.1,773.1
Round3,Q1,1388,694.0,EMIRATES,0.8305,344.1,528.8,52.3,17.2,1920,1080,0.043,370.3,537.4
Round3,Q1,1388,694.0,EMIRATES,0.7909,0.0,365.5,20.1,31.4,1920,1080,0.03,10.1,381.2
Round3,Q1,1388,694.0,EMIRATES,0.5597,1414.6,678.2,54.0,41.1,1920,1080,0.107,1441.6,698.7
Round3,Q1,1389,694.5,EMIRATES,0.9035,753.7,223.5,42.2,16.0,1920,1080,0.032,774.8,231.5
Round3,Q1,1389,694.5,EMIRATES,0.8857,1813.2,768.4,63.6,21.7,1920,1080,0.067,1845.0,779.3
Round3,Q1,1389,694.5,EMIRATES,0.8644,5.2,458.2,56.8,19.2,1920,1080,0.053,33.6,467.8
Round3,Q1,1394,697.0,EMIRATES,0.7556,1457.6,598.9,24.7,56.3,1920,1080,0.067,1469.9,627.1
Round3,Q1,1394,697.0,EMIRATES,0.5845,1673.7,625.6,24.6,54.2,1920,1080,0.064,1686.0,652.7
Round3,Q1,1394,697.0,EMIRATES,0.558,1670.2,683.4,23.4,80.7,1920,1080,0.091,1681.9,723.8
Round3,Q1,1394,697.0,EMIRATES,0.3024,1456.9,658.3,21.5,72.4,1920,1080,0.075,1467.6,694.5
Round3,Q1,1395,697.5,EMIRATES,0.8074,1109.2,567.1,19.1,56.3,1920,1080,0.052,1118.8,595.2
Round3,Q1,1395,697.5,EMIRATES,0.788,1316.4,590.7,19.2,56.5,1920,1080,0.052,1326.0,619.0
Round3,Q1,1395,697.5,EMIRATES,0.7852,1544.5,619.6,21.0,55.8,1920,1080,0.057,1555.0,647.5
Round3,Q1,1395,697.5,EMIRATES,0.7524,1794.8,721.8,19.2,78.4,1920,1080,0.073,1804.4,761.0
Round3,Q1,1395,697.5,EMIRATES,0.7472,1313.7,652.9,19.6,74.7,1920,1080,0.071,1323.5,690.2
Round3,Q1,1395,697.5,EMIRATES,0.7465,1541.7,684.7,19.6,76.3,1920,1080,0.072,1551.5,722.8
Round3,Q1,1395,697.5,EMIRATES,0.7164,1798.6,651.0,20.0,60.0,1920,1080,0.058,1808.6,681.0
Round3,Q1,1395,697.5,EMIRATES,0.5708,1108.0,628.0,16.8,67.8,1920,1080,0.055,1116.4,661.9
Round3,Q1,1396,698.0,EMIRATES,0.8054,1327.0,662.1,17.4,80.6,1920,1080,0.068,1335.7,702.4
Round3,Q1,1396,698.0,EMIRATES,0.801,1081.2,557.4,17.3,62.4,1920,1080,0.052,1089.9,588.6
Round3,Q1,1396,698.0,EMIRATES,0.7973,851.9,531.2,18.3,61.4,1920,1080,0.054,861.0,561.9
Round3,Q1,1396,698.0,EMIRATES,0.7883,1600.3,699.4,16.7,83.8,1920,1080,0.068,1608.7,741.3
Round3,Q1,1396,698.0,EMIRATES,0.7871,1604.0,622.0,15.8,67.3,1920,1080,0.051,1611.8,655.6
Round3,Q1,1396,698.0,EMIRATES,0.7809,1329.7,587.9,18.0,63.3,1920,1080,0.055,1338.7,619.5
Round3,Q1,1396,698.0,EMIRATES,0.77,1079.1,628.5,16.9,76.9,1920,1080,0.063,1087.6,667.0
Round3,Q1,1397,698.5,EMIRATES,0.8083,677.4,478.7,18.1,71.0,1920,1080,0.062,686.4,514.2
Round3,Q1,1397,698.5,EMIRATES,0.8078,938.7,508.4,18.7,72.7,1920,1080,0.066,948.0,544.7
Round3,Q1,1397,698.5,EMIRATES,0.8037,1217.7,624.2,18.9,93.2,1920,1080,0.085,1227.1,670.8
Round3,Q1,1397,698.5,EMIRATES,0.7931,1525.6,665.6,17.9,95.9,1920,1080,0.083,1534.6,713.6
Round3,Q1,1397,698.5,EMIRATES,0.793,936.7,589.5,18.7,87.4,1920,1080,0.079,946.1,633.2
Round3,Q1,1397,698.5,EMIRATES,0.7762,1528.9,579.2,17.0,75.6,1920,1080,0.062,1537.4,617.0
Round3,Q1,1397,698.5,EMIRATES,0.7733,1221.2,543.2,18.0,69.1,1920,1080,0.06,1230.2,577.7
Round3,Q1,1397,698.5,EMIRATES,0.7625,675.9,557.6,17.7,83.1,1920,1080,0.071,684.8,599.2
Round3,Q1,1398,699.0,EMIRATES,0.8066,860.2,472.7,18.1,76.8,1920,1080,0.067,869.2,511.1
Round3,Q1,1398,699.0,EMIRATES,0.806,1486.5,640.4,18.4,102.3,1920,1080,0.091,1495.7,691.6
Round3,Q1,1398,699.0,EMIRATES,0.8032,1161.9,510.8,18.7,72.5,1920,1080,0.066,1171.2,547.1
Round3,Q1,1398,699.0,EMIRATES,0.7952,1159.2,597.1,18.5,96.8,1920,1080,0.086,1168.4,645.5
Round3,Q1,1398,699.0,EMIRATES,0.792,580.7,440.5,16.5,75.7,1920,1080,0.06,588.9,478.4
Round3,Q1,1398,699.0,EMIRATES,0.7867,858.9,559.3,17.9,92.7,1920,1080,0.08,867.9,605.6
Round3,Q1,1398,699.0,EMIRATES,0.7828,578.9,523.1,17.1,91.4,1920,1080,0.075,587.4,568.8
Round3,Q1,1398,699.0,EMIRATES,0.7556,1490.6,548.6,17.8,69.1,1920,1080,0.059,1499.5,583.2
Round3,Q1,1399,699.5,EMIRATES,0.81,782.7,437.3,19.1,78.7,1920,1080,0.073,792.3,476.7
Round3,Q1,1399,699.5,EMIRATES,0.8087,1422.0,610.4,19.4,102.2,1920,1080,0.095,1431.6,661.5
Round3,Q1,1399,699.5,EMIRATES,0.8053,1088.3,566.3,19.4,97.9,1920,1080,0.092,1098.1,615.3
Round3,Q1,1399,699.5,EMIRATES,0.7949,495.1,405.0,17.2,77.9,1920,1080,0.065,503.7,443.9
Round3,Q1,1399,699.5,EMIRATES,0.7872,1091.4,475.1,19.4,75.3,1920,1080,0.07,1101.1,512.7
Round3,Q1,1399,699.5,EMIRATES,0.785,780.8,524.0,19.7,96.4,1920,1080,0.091,790.7,572.2
Round3,Q1,1399,699.5,EMIRATES,0.7835,493.1,488.6,18.5,93.2,1920,1080,0.083,502.3,535.2
Round3,Q1,1399,699.5,EMIRATES,0.781,1425.8,514.1,18.6,82.8,1920,1080,0.074,1435.1,555.5
Round3,Q1,1400,700.0,EMIRATES,0.8176,1038.6,451.5,17.0,63.6,1920,1080,0.052,1047.0,483.2
Round3,Q1,1400,700.0,EMIRATES,0.8137,736.1,413.4,18.3,79.2,1920,1080,0.07,745.3,453.0
Round3,Q1,1400,700.0,EMIRATES,0.8059,453.8,382.7,16.8,74.4,1920,1080,0.06,462.3,419.9
Round3,Q1,1400,700.0,EMIRATES,0.8001,734.8,498.8,18.3,94.1,1920,1080,0.083,743.9,545.8
Round3,Q1,1400,700.0,EMIRATES,0.8001,452.6,462.4,18.5,93.5,1920,1080,0.083,461.8,509.2
Round3,Q1,1400,700.0,EMIRATES,0.7878,1359.8,583.2,18.5,98.8,1920,1080,0.088,1369.0,632.7
Round3,Q1,1400,700.0,EMIRATES,0.7871,1364.0,489.7,17.7,74.8,1920,1080,0.064,1372.8,527.2
Round3,Q1,1401,700.5,EMIRATES,0.8093,1037.3,439.1,16.9,71.2,1920,1080,0.058,1045.8,474.7
Round3,Q1,1401,700.5,EMIRATES,0.7999,1351.1,475.4,16.8,76.0,1920,1080,0.062,1359.5,513.4
Round3,Q1,1401,700.5,EMIRATES,0.7999,475.0,371.6,16.0,72.4,1920,1080,0.056,483.0,407.8
Round3,Q1,1401,700.5,EMIRATES,0.7963,1034.4,522.8,18.1,92.7,1920,1080,0.081,1043.5,569.2
Round3,Q1,1401,700.5,EMIRATES,0.7895,746.7,400.8,17.3,76.7,1920,1080,0.064,755.3,439.2
Round3,Q1,1401,700.5,EMIRATES,0.7885,1347.6,566.7,17.8,92.9,1920,1080,0.08,1356.5,613.1
Round3,Q1,1401,700.5,EMIRATES,0.7795,745.5,487.7,17.2,87.8,1920,1080,0.073,754.2,531.6
Round3,Q1,1401,700.5,EMIRATES,0.7778,473.3,450.8,17.1,89.1,1920,1080,0.073,481.8,495.3
Round3,Q1,1402,701.0,EMIRATES,0.7853,880.6,529.1,91.0,75.3,1920,1080,0.331,926.1,566.7
Round3,Q1,1403,701.5,EMIRATES,0.8819,296.3,571.9,142.8,50.5,1920,1080,0.348,367.7,597.2
Round3,Q1,1407,703.5,EMIRATES,0.834,590.0,348.6,89.7,429.6,1920,1080,1.858,634.9,563.5
Round3,Q1,1407,703.5,EMIRATES,0.7601,580.5,5.9,86.2,208.2,1920,1080,0.866,623.6,110.0
Round3,Q1,1408,704.0,EMIRATES,0.816,1209.4,348.4,92.9,434.5,1920,1080,1.946,1255.8,565.7
Round3,Q1,1408,704.0,EMIRATES,0.7456,1204.9,6.4,86.6,207.2,1920,1080,0.865,1248.2,110.0
Round3,Q1,1417,708.5,JAMESON,0.6668,1091.0,325.3,38.9,11.9,1920,1080,0.022,1110.4,331.3
Round3,Q1,1417,708.5,JAMESON,0.6482,1089.1,405.0,40.2,14.4,1920,1080,0.028,1109.2,412.2
Round3,Q1,1417,708.5,JAMESON,0.629,854.5,195.0,31.3,9.6,1920,1080,0.015,870.1,199.8
Round3,Q1,1417,708.5,JAMESON,0.6194,1344.8,401.8,60.0,14.1,1920,1080,0.041,1374.8,408.9
Round3,Q1,1417,708.5,JAMESON,0.6014,890.7,410.5,35.2,14.2,1920,1080,0.024,908.3,417.6
Round3,Q1,1417,708.5,JAMESON,0.5774,1412.4,201.6,30.5,9.0,1920,1080,0.013,1427.6,206.1
Round3,Q1,1417,708.5,JAMESON,0.5539,610.1,184.4,58.3,11.6,1920,1080,0.033,639.2,190.2
Round3,Q1,1417,708.5,JAMESON,0.502,1142.5,403.9,41.1,14.5,1920,1080,0.029,1163.0,411.2
Round3,Q1,1417,708.5,JAMESON,0.4923,1613.8,198.0,32.4,9.6,1920,1080,0.015,1630.0,202.8
Round3,Q1,1417,708.5,JAMESON,0.4778,1833.7,191.4,33.8,9.3,1920,1080,0.015,1850.6,196.1
Round3,Q1,1417,708.5,JAMESON,0.4234,1008.4,325.7,39.3,11.4,1920,1080,0.022,1028.0,331.4
Round3,Q1,1417,708.5,JAMESON,0.4115,1344.6,324.0,42.7,11.3,1920,1080,0.023,1365.9,329.6
Round3,Q1,1417,708.5,JAMESON,0.4034,1483.8,323.3,36.5,10.9,1920,1080,0.019,1502.1,328.8
Round3,Q1,1417,708.5,JAMESON,0.3899,672.2,188.0,29.1,10.1,1920,1080,0.014,686.8,193.0
Round3,Q1,1417,708.5,JAMESON,0.3757,483.2,178.1,32.6,10.7,1920,1080,0.017,499.5,183.4
Round3,Q1,1417,708.5,JAMESON,0.3474,1264.3,324.9,36.3,11.2,1920,1080,0.02,1282.4,330.5
Round3,Q1,1417,708.5,JAMESON,0.3388,689.3,326.8,34.6,12.6,1920,1080,0.021,706.6,333.2
Round3,Q1,1418,709.0,JAMESON,0.3218,1020.9,421.2,38.7,14.5,1920,1080,0.027,1040.2,428.4
Round3,Q1,1420,710.0,JAMESON,0.5455,1887.3,195.2,32.5,10.9,1920,1080,0.017,1903.6,200.6
Round3,Q1,1421,710.5,JAMESON,0.4977,1506.6,173.9,47.1,12.3,1920,1080,0.028,1530.2,180.1
Round3,Q1,1421,710.5,JAMESON,0.3786,0.0,70.4,14.5,20.9,1920,1080,0.015,7.2,80.9
Round3,Q1,1422,711.0,JAMESON,0.5017,0.4,0.6,36.5,10.8,1920,1080,0.019,18.7,6.0
Round3,Q1,1422,711.0,JAMESON,0.3112,786.0,77.8,94.4,16.7,1920,1080,0.076,833.2,86.2
Round3,Q1,1423,711.5,EMIRATES,0.8818,987.8,521.3,56.9,16.8,1920,1080,0.046,1016.3,529.7
Round3,Q1,1424,712.0,EMIRATES,0.8975,614.3,424.6,49.7,26.7,1920,1080,0.064,639.1,437.9
Round3,Q1,1425,712.5,EMIRATES,0.8557,617.6,435.6,29.9,9.4,1920,1080,0.013,632.5,440.3
Round3,Q1,1427,713.5,EMIRATES,0.7529,565.4,198.8,22.8,11.9,1920,1080,0.013,576.8,204.7
Round3,Q1,1428,714.0,EMIRATES,0.3693,1005.5,446.9,18.0,16.9,1920,1080,0.015,1014.5,455.4
Round3,Q1,1429,714.5,EMIRATES,0.8307,663.4,419.7,26.7,21.5,1920,1080,0.028,676.8,430.4
Round3,Q1,1430,715.0,EMIRATES,0.8629,952.6,419.6,35.5,11.8,1920,1080,0.02,970.4,425.5
Round3,Q1,1432,716.0,EMIRATES,0.7535,1126.6,437.9,30.1,9.0,1920,1080,0.013,1141.6,442.4
Round3,Q1,1434,717.0,EMIRATES,0.8133,56.6,16.1,31.8,11.4,1920,1080,0.017,72.6,21.8
Round3,Q1,1435,717.5,EMIRATES,0.5211,778.1,333.0,9.0,38.3,1920,1080,0.017,782.6,352.1
Round3,Q1,1435,717.5,EMIRATES,0.4989,893.8,345.6,10.3,42.6,1920,1080,0.021,899.0,366.9
Round3,Q1,1435,717.5,EMIRATES,0.4749,1018.9,330.9,10.4,75.4,1920,1080,0.038,1024.0,368.6
Round3,Q1,1435,717.5,EMIRATES,0.3955,1153.3,380.5,9.9,44.1,1920,1080,0.021,1158.3,402.6
Round3,Q1,1436,718.0,EMIRATES,0.4884,985.0,390.8,10.2,46.0,1920,1080,0.023,990.1,413.8
Round3,Q1,1436,718.0,EMIRATES,0.4729,857.2,375.7,9.4,42.0,1920,1080,0.019,861.9,396.7
Round3,Q1,1436,718.0,EMIRATES,0.3539,738.0,363.5,9.7,38.2,1920,1080,0.018,742.8,382.5
Round3,Q1,1436,718.0,EMIRATES,0.3534,1122.0,410.0,10.6,46.7,1920,1080,0.024,1127.3,433.4
Round3,Q1,1437,718.5,EMIRATES,0.5554,1106.7,440.5,10.2,49.8,1920,1080,0.024,1111.8,465.5
Round3,Q1,1437,718.5,EMIRATES,0.4805,710.0,396.4,9.1,39.3,1920,1080,0.017,714.6,416.0
Round3,Q1,1437,718.5,EMIRATES,0.4657,833.0,407.9,9.7,42.8,1920,1080,0.02,837.8,429.4
Round3,Q1,1437,718.5,EMIRATES,0.4601,965.1,423.9,9.0,45.3,1920,1080,0.02,969.6,446.5
Round3,Q1,1437,718.5,EMIRATES,0.3241,965.6,386.4,9.7,34.2,1920,1080,0.016,970.5,403.5
Round3,Q1,1438,719.0,EMIRATES,0.6758,974.8,436.8,10.1,48.0,1920,1080,0.023,979.9,460.8
Round3,Q1,1438,719.0,EMIRATES,0.6066,1124.9,457.7,10.1,48.7,1920,1080,0.024,1129.9,482.0
Round3,Q1,1438,719.0,EMIRATES,0.5553,705.4,408.0,8.9,39.6,1920,1080,0.017,709.8,427.8
Round3,Q1,1438,719.0,EMIRATES,0.4922,835.2,419.3,10.8,45.2,1920,1080,0.024,840.6,441.9
Round3,Q1,1438,719.0,EMIRATES,0.4358,976.0,396.8,9.5,37.2,1920,1080,0.017,980.8,415.4
Round3,Q1,1438,719.0,EMIRATES,0.3445,835.5,380.8,10.5,35.0,1920,1080,0.018,840.8,398.3
Round3,Q1,1439,719.5,EMIRATES,0.4844,899.5,1061.9,77.7,18.1,1920,1080,0.068,938.3,1070.9
Round3,Q1,1440,720.0,EMIRATES,0.8986,1207.7,844.9,55.4,25.9,1920,1080,0.069,1235.4,857.8
Round3,Q1,1441,720.5,EMIRATES,0.8756,1021.2,636.2,59.2,24.7,1920,1080,0.07,1050.8,648.5
Round3,Q1,1442,721.0,EMIRATES,0.8927,619.3,490.9,60.1,18.1,1920,1080,0.052,649.3,499.9
Round3,Q1,1443,721.5,EMIRATES,0.8911,1051.5,298.9,43.6,15.0,1920,1080,0.032,1073.3,306.4
Round3,Q1,1443,721.5,EMIRATES,0.8697,206.3,384.2,62.4,20.8,1920,1080,0.063,237.5,394.6
Round3,Q1,1444,722.0,EMIRATES,0.6793,1245.5,539.0,10.2,52.9,1920,1080,0.026,1250.6,565.5
Round3,Q1,1444,722.0,EMIRATES,0.6618,931.3,497.9,10.7,48.9,1920,1080,0.025,936.7,522.3
Round3,Q1,1444,722.0,EMIRATES,0.6443,1082.1,516.9,10.8,50.9,1920,1080,0.027,1087.6,542.4
Round3,Q1,1444,722.0,EMIRATES,0.5627,1083.7,472.9,10.2,40.4,1920,1080,0.02,1088.9,493.0
Round3,Q1,1444,722.0,EMIRATES,0.3711,931.9,455.1,10.3,37.8,1920,1080,0.019,937.1,474.0
Round3,Q1,1445,722.5,EMIRATES,0.7272,1241.5,547.4,10.2,52.0,1920,1080,0.025,1246.6,573.4
Round3,Q1,1445,722.5,EMIRATES,0.6758,792.2,490.8,10.8,46.4,1920,1080,0.024,797.6,514.0
Round3,Q1,1445,722.5,EMIRATES,0.6508,930.0,506.2,11.2,49.4,1920,1080,0.027,935.6,530.9
Round3,Q1,1445,722.5,EMIRATES,0.6296,1079.5,526.1,11.0,50.8,1920,1080,0.027,1085.0,551.5
Round3,Q1,1445,722.5,EMIRATES,0.3917,1081.1,482.5,10.5,39.3,1920,1080,0.02,1086.4,502.2
Round3,Q1,1445,722.5,EMIRATES,0.386,931.3,466.7,10.8,34.9,1920,1080,0.018,936.7,484.2
Round3,Q1,1445,722.5,EMIRATES,0.3387,792.9,448.8,10.5,39.3,1920,1080,0.02,798.1,468.4
Round3,Q1,1446,723.0,EMIRATES,0.7106,1239.0,555.2,10.2,52.5,1920,1080,0.026,1244.2,581.5
Round3,Q1,1446,723.0,EMIRATES,0.6905,933.1,516.2,10.4,48.5,1920,1080,0.024,938.3,540.4
Round3,Q1,1446,723.0,EMIRATES,0.676,1079.8,536.6,10.8,49.0,1920,1080,0.025,1085.1,561.2
Round3,Q1,1446,723.0,EMIRATES,0.3786,795.0,490.7,11.6,55.1,1920,1080,0.031,800.8,518.3
Round3,Q1,1446,723.0,EMIRATES,0.3504,933.8,476.5,10.3,35.2,1920,1080,0.017,938.9,494.1
Round3,Q1,1447,723.5,EMIRATES,0.7439,1239.8,559.3,10.0,51.9,1920,1080,0.025,1244.8,585.3
Round3,Q1,1447,723.5,EMIRATES,0.6425,937.4,518.0,10.8,51.0,1920,1080,0.026,942.8,543.5
Round3,Q1,1447,723.5,EMIRATES,0.611,1082.4,541.3,10.8,47.4,1920,1080,0.025,1087.9,565.0
Round3,Q1,1447,723.5,EMIRATES,0.4803,1083.7,498.5,10.8,40.2,1920,1080,0.021,1089.0,518.6
Round3,Q1,1457,728.5,EMIRATES,0.8044,1718.9,317.1,123.2,42.5,1920,1080,0.253,1780.5,338.4
Round3,Q1,1458,729.0,EMIRATES,0.7992,1680.0,248.7,87.6,51.5,1920,1080,0.218,1723.8,274.4
Round3,Q1,1458,729.0,EMIRATES,0.7976,983.8,325.9,118.0,40.2,1920,1080,0.229,1042.8,346.0
Round3,Q1,1459,729.5,EMIRATES,0.84,464.2,339.5,118.1,39.3,1920,1080,0.224,523.2,359.2
Round3,Q1,1459,729.5,EMIRATES,0.8203,1161.4,263.9,82.4,48.8,1920,1080,0.194,1202.6,288.3
Round3,Q1,1461,730.5,EMIRATES,0.8748,899.4,589.9,50.0,18.2,1920,1080,0.044,924.4,599.1
Round3,Q1,1462,731.0,EMIRATES,0.8825,1723.2,950.5,58.9,22.1,1920,1080,0.063,1752.7,961.5
Round3,Q1,1462,731.0,EMIRATES,0.4713,1700.1,626.4,18.0,123.8,1920,1080,0.107,1709.1,688.3
Round3,Q1,1462,731.0,EMIRATES,0.3151,1522.2,621.2,17.4,71.6,1920,1080,0.06,1530.9,657.0
Round3,Q1,1463,731.5,EMIRATES,0.7709,1696.8,672.0,14.5,75.6,1920,1080,0.053,1704.1,709.8
Round3,Q1,1463,731.5,EMIRATES,0.752,1010.2,567.2,43.0,14.7,1920,1080,0.031,1031.7,574.6
Round3,Q1,1463,731.5,EMIRATES,0.6784,1498.5,668.0,13.4,69.0,1920,1080,0.045,1505.2,702.5
Round3,Q1,1463,731.5,EMIRATES,0.6712,1327.8,608.3,13.7,58.8,1920,1080,0.039,1334.7,637.7
Round3,Q1,1463,731.5,EMIRATES,0.6544,1326.2,667.1,12.1,61.9,1920,1080,0.036,1332.3,698.1
Round3,Q1,1463,731.5,EMIRATES,0.4034,1698.2,608.0,14.8,61.6,1920,1080,0.044,1705.6,638.8
Round3,Q1,1463,731.5,EMIRATES,0.3955,1500.2,606.4,13.8,57.4,1920,1080,0.038,1507.1,635.1
Round3,Q1,1464,732.0,EMIRATES,0.8376,890.0,526.3,51.6,36.3,1920,1080,0.09,915.8,544.5
Round3,Q1,1465,732.5,JAMESON,0.3696,0.0,300.6,98.5,47.7,1920,1080,0.227,49.3,324.5
Round3,Q1,1466,733.0,EMIRATES,0.3004,272.9,255.4,32.5,16.1,1920,1080,0.025,289.2,263.5
Round3,Q1,1467,733.5,EMIRATES,0.8449,462.0,519.4,31.7,15.2,1920,1080,0.023,477.9,527.0
Round3,Q1,1468,734.0,JAMESON,0.4327,432.9,108.6,323.0,70.0,1920,1080,1.091,594.4,143.6
Round3,Q1,1469,734.5,EMIRATES,0.7528,504.8,453.2,36.2,21.4,1920,1080,0.037,522.8,463.9
Round3,Q1,1472,736.0,EMIRATES,0.8086,902.5,445.0,16.6,88.1,1920,1080,0.071,910.8,489.1
Round3,Q1,1472,736.0,EMIRATES,0.8047,1452.3,366.8,17.0,62.2,1920,1080,0.051,1460.8,397.9
Round3,Q1,1472,736.0,EMIRATES,0.7686,677.9,442.4,15.3,86.7,1920,1080,0.064,685.6,485.8
Round3,Q1,1472,736.0,EMIRATES,0.7487,1157.3,450.5,17.3,93.5,1920,1080,0.078,1166.0,497.2
Round3,Q1,1472,736.0,EMIRATES,0.6891,1447.1,457.8,18.8,81.8,1920,1080,0.074,1456.5,498.7
Round3,Q1,1472,736.0,EMIRATES,0.6541,680.3,367.9,16.0,68.7,1920,1080,0.053,688.3,402.3
Round3,Q1,1472,736.0,EMIRATES,0.6282,905.4,365.4,16.5,73.8,1920,1080,0.059,913.6,402.3
Round3,Q1,1472,736.0,EMIRATES,0.6203,1159.3,366.1,17.9,78.1,1920,1080,0.067,1168.2,405.1
Round3,Q1,1474,737.0,EMIRATES,0.5606,136.5,409.7,42.0,190.6,1920,1080,0.386,157.5,505.0
Round3,Q1,1475,737.5,EMIRATES,0.8485,266.4,447.5,29.5,11.5,1920,1080,0.016,281.2,453.2
Round3,Q1,1477,738.5,EMIRATES,0.832,470.0,604.4,53.2,14.6,1920,1080,0.037,496.6,611.7
Round3,Q1,1477,738.5,EMIRATES,0.8107,86.6,622.0,31.7,169.1,1920,1080,0.259,102.5,706.5
Round3,Q1,1477,738.5,EMIRATES,0.7381,89.2,477.9,32.5,137.7,1920,1080,0.216,105.5,546.7
Round3,Q1,1478,739.0,EMIRATES,0.8286,291.7,610.7,32.4,183.4,1920,1080,0.287,307.9,702.4
Round3,Q1,1478,739.0,EMIRATES,0.8242,708.5,588.0,49.4,17.2,1920,1080,0.041,733.2,596.6
Round3,Q1,1478,739.0,EMIRATES,0.6631,298.9,460.7,27.2,98.1,1920,1080,0.129,312.5,509.8
Round3,Q1,1479,739.5,EMIRATES,0.86,807.6,535.6,58.2,21.4,1920,1080,0.06,836.8,546.3
Round3,Q1,1479,739.5,EMIRATES,0.7772,373.2,597.3,42.4,234.6,1920,1080,0.48,394.4,714.6
Round3,Q1,1479,739.5,EMIRATES,0.7177,378.7,390.2,46.7,199.5,1920,1080,0.449,402.1,490.0
Round3,Q1,1480,740.0,EMIRATES,0.8913,1042.9,534.1,73.1,20.9,1920,1080,0.074,1079.4,544.5
Round3,Q1,1480,740.0,EMIRATES,0.6925,702.7,716.7,56.9,171.4,1920,1080,0.47,731.1,802.4
Round3,Q1,1480,740.0,EMIRATES,0.6901,706.8,308.0,62.9,262.7,1920,1080,0.797,738.2,439.4
Round3,Q1,1480,740.0,EMIRATES,0.3317,705.2,584.9,62.2,104.8,1920,1080,0.315,736.3,637.3
Round3,Q1,1481,740.5,EMIRATES,0.7138,1012.7,270.4,48.9,206.1,1920,1080,0.487,1037.2,373.4
Round3,Q1,1481,740.5,EMIRATES,0.6997,0.6,562.5,35.1,337.9,1920,1080,0.572,18.2,731.5
Round3,Q1,1481,740.5,EMIRATES,0.6948,1078.7,506.3,82.3,23.5,1920,1080,0.093,1119.9,518.0
Round3,Q1,1482,741.0,EMIRATES,0.8287,766.9,506.4,77.9,27.1,1920,1080,0.102,805.9,519.9
Round3,Q1,1482,741.0,EMIRATES,0.3546,948.4,282.0,53.3,209.1,1920,1080,0.537,975.1,386.6
Round3,Q1,1483,741.5,EMIRATES,0.7856,541.5,304.4,77.0,46.9,1920,1080,0.174,580.0,327.9
Round3,Q1,1484,742.0,EMIRATES,0.8447,300.2,282.7,127.2,42.1,1920,1080,0.259,363.8,303.7
Round3,Q1,1485,742.5,EMIRATES,0.792,1378.9,211.6,81.7,47.1,1920,1080,0.186,1419.8,235.1
Round3,Q1,1486,743.0,EMIRATES,0.8567,1344.8,263.5,125.6,43.2,1920,1080,0.262,1407.6,285.2
Round3,Q1,1489,744.5,EMIRATES,0.4332,957.8,578.3,11.3,52.3,1920,1080,0.029,963.5,604.5
Round3,Q1,1490,745.0,EMIRATES,0.3932,953.9,585.6,11.6,53.6,1920,1080,0.03,959.7,612.4
Round3,Q1,1490,745.0,EMIRATES,0.3588,1276.2,636.0,10.4,50.6,1920,1080,0.025,1281.4,661.3
Round3,Q1,1490,745.0,EMIRATES,0.3585,1108.8,604.3,11.1,57.7,1920,1080,0.031,1114.3,633.1
Round3,Q1,1491,745.5,EMIRATES,0.4718,1281.3,647.0,10.1,52.7,1920,1080,0.026,1286.4,673.3
Round3,Q1,1491,745.5,EMIRATES,0.4312,951.3,599.2,10.5,53.8,1920,1080,0.027,956.6,626.1
Round3,Q1,1491,745.5,EMIRATES,0.423,1109.5,622.0,11.1,53.6,1920,1080,0.029,1115.0,648.8
Round3,Q1,1492,746.0,EMIRATES,0.6429,1123.1,671.6,11.7,57.7,1920,1080,0.033,1128.9,700.4
Round3,Q1,1492,746.0,EMIRATES,0.5319,955.5,654.5,10.6,50.7,1920,1080,0.026,960.8,679.8
Round3,Q1,1493,746.5,EMIRATES,0.5845,1390.4,778.0,13.7,69.5,1920,1080,0.046,1397.3,812.8
Round3,Q1,1493,746.5,EMIRATES,0.3927,983.6,725.6,12.2,61.6,1920,1080,0.036,989.7,756.4
Round3,Q1,1493,746.5,EMIRATES,0.3722,1178.4,759.7,13.4,56.1,1920,1080,0.036,1185.1,787.7
Round3,Q1,1493,746.5,EMIRATES,0.3135,983.7,669.0,14.1,48.7,1920,1080,0.033,990.7,693.4
Round3,Q1,1494,747.0,EMIRATES,0.7789,1021.7,791.4,13.9,72.2,1920,1080,0.048,1028.7,827.5
Round3,Q1,1494,747.0,EMIRATES,0.7723,1251.3,821.9,15.4,75.4,1920,1080,0.056,1259.1,859.6
Round3,Q1,1494,747.0,EMIRATES,0.7546,1503.9,785.5,17.2,64.8,1920,1080,0.054,1512.4,817.9
Round3,Q1,1494,747.0,EMIRATES,0.7436,1503.0,858.0,15.7,79.2,1920,1080,0.06,1510.9,897.5
Round3,Q1,1494,747.0,EMIRATES,0.7145,1251.8,754.1,17.1,66.2,1920,1080,0.055,1260.3,787.2
Round3,Q1,1494,747.0,EMIRATES,0.6065,1023.2,725.9,14.4,56.5,1920,1080,0.039,1030.4,754.2
Round3,Q1,1494,747.0,EMIRATES,0.5334,810.1,761.6,12.9,72.7,1920,1080,0.045,816.6,798.0
Round3,Q1,1494,747.0,EMIRATES,0.3812,811.2,702.9,13.6,53.9,1920,1080,0.035,818.0,729.8
Round3,Q1,1495,747.5,EMIRATES,0.8006,1066.9,816.3,16.4,84.9,1920,1080,0.067,1075.1,858.8
Round3,Q1,1495,747.5,EMIRATES,0.7993,1629.9,898.1,18.5,89.5,1920,1080,0.08,1639.2,942.8
Round3,Q1,1495,747.5,EMIRATES,0.7864,1334.6,853.1,19.4,87.6,1920,1080,0.082,1344.4,896.9
Round3,Q1,1495,747.5,EMIRATES,0.7689,1335.8,775.5,18.3,72.4,1920,1080,0.064,1344.9,811.7
Round3,Q1,1495,747.5,EMIRATES,0.7684,1068.8,741.1,16.2,65.5,1920,1080,0.051,1076.9,773.8
Round3,Q1,1495,747.5,EMIRATES,0.7598,1630.5,812.0,20.3,78.4,1920,1080,0.077,1640.6,851.2
Round3,Q1,1495,747.5,EMIRATES,0.7548,822.4,787.4,13.3,81.2,1920,1080,0.052,829.0,828.0
Round3,Q1,1495,747.5,EMIRATES,0.5596,822.3,713.1,16.1,67.1,1920,1080,0.052,830.4,746.7
Round3,Q1,1496,748.0,EMIRATES,0.8214,1471.6,847.2,22.4,106.0,1920,1080,0.115,1482.8,900.2
Round3,Q1,1496,748.0,EMIRATES,0.8038,1147.6,803.9,19.8,99.8,1920,1080,0.095,1157.5,853.9
Round3,Q1,1496,748.0,EMIRATES,0.788,1472.4,752.7,23.0,88.9,1920,1080,0.099,1483.9,797.2
Round3,Q1,1496,748.0,EMIRATES,0.7849,1832.1,899.0,22.6,112.2,1920,1080,0.122,1843.5,955.1
Round3,Q1,1496,748.0,EMIRATES,0.7797,1148.8,712.3,20.2,80.0,1920,1080,0.078,1158.9,752.3
Round3,Q1,1496,748.0,EMIRATES,0.7552,853.6,679.1,18.3,77.0,1920,1080,0.068,862.8,717.6
Round3,Q1,1496,748.0,EMIRATES,0.7379,851.2,762.8,18.7,102.1,1920,1080,0.092,860.6,813.8
Round3,Q1,1496,748.0,EMIRATES,0.7143,1833.3,796.3,25.1,92.8,1920,1080,0.112,1845.8,842.6
Round3,Q1,1497,748.5,EMIRATES,0.7984,1603.4,782.9,25.1,122.2,1920,1080,0.148,1616.0,844.0
Round3,Q1,1497,748.5,EMIRATES,0.7965,886.3,687.9,19.8,112.6,1920,1080,0.107,896.2,744.1
Round3,Q1,1497,748.5,EMIRATES,0.7944,1227.5,730.7,22.4,117.1,1920,1080,0.126,1238.7,789.3
Round3,Q1,1497,748.5,EMIRATES,0.7452,1229.0,628.5,23.3,82.1,1920,1080,0.092,1240.6,669.5
Round3,Q1,1497,748.5,EMIRATES,0.7427,1604.6,675.4,26.8,101.9,1920,1080,0.132,1618.0,726.4
Round3,Q1,1497,748.5,EMIRATES,0.7401,888.1,590.3,20.0,89.9,1920,1080,0.087,898.1,635.2
Round3,Q1,1498,749.0,EMIRATES,0.813,1716.0,736.5,27.1,132.7,1920,1080,0.173,1729.5,802.8
Round3,Q1,1498,749.0,EMIRATES,0.8032,1291.2,674.5,24.6,132.3,1920,1080,0.157,1303.5,740.6
Round3,Q1,1498,749.0,EMIRATES,0.7963,906.0,625.2,23.4,126.0,1920,1080,0.142,917.7,688.2
Round3,Q1,1498,749.0,EMIRATES,0.758,1293.4,557.4,24.5,74.8,1920,1080,0.088,1305.6,594.7
Round3,Q1,1498,749.0,EMIRATES,0.758,1718.7,609.4,27.6,115.2,1920,1080,0.153,1732.5,667.0
Round3,Q1,1498,749.0,EMIRATES,0.7528,908.4,513.4,21.5,102.9,1920,1080,0.107,919.1,564.9
Round3,Q1,1499,749.5,EMIRATES,0.8196,1322.9,653.7,26.6,141.1,1920,1080,0.181,1336.2,724.2
Round3,Q1,1499,749.5,EMIRATES,0.8185,1780.5,719.7,28.1,146.4,1920,1080,0.198,1794.5,792.9
Round3,Q1,1499,749.5,EMIRATES,0.8018,1784.7,584.8,26.9,117.2,1920,1080,0.152,1798.2,643.4
Round3,Q1,1499,749.5,EMIRATES,0.7893,904.3,603.0,28.5,136.4,1920,1080,0.187,918.5,671.2
Round3,Q1,1499,749.5,EMIRATES,0.7412,1325.8,527.9,25.1,112.8,1920,1080,0.137,1338.4,584.3
Round3,Q1,1499,749.5,EMIRATES,0.6791,912.3,483.4,22.8,75.1,1920,1080,0.083,923.7,521.0
Round3,Q1,1531,765.5,EMIRATES,0.9133,941.9,464.1,43.4,17.4,1920,1080,0.036,963.6,472.8
Round3,Q1,1532,766.0,EMIRATES,0.8921,412.1,988.7,58.6,22.5,1920,1080,0.064,441.4,1000.0
Round3,Q1,1532,766.0,EMIRATES,0.8831,956.3,505.2,43.4,19.2,1920,1080,0.04,978.0,514.8
Round3,Q1,1533,766.5,EMIRATES,0.8938,285.4,872.0,54.7,15.8,1920,1080,0.042,312.7,879.9
Round3,Q1,1534,767.0,EMIRATES,0.8815,900.2,331.2,40.0,12.2,1920,1080,0.024,920.2,337.3
Round3,Q1,1534,767.0,EMIRATES,0.8788,67.7,842.5,58.9,16.7,1920,1080,0.048,97.2,850.9
Round3,Q1,1535,767.5,EMIRATES,0.8704,1035.6,356.8,32.5,13.0,1920,1080,0.02,1051.8,363.3
Round3,Q1,1536,768.0,EMIRATES,0.8816,1130.5,386.9,43.8,16.1,1920,1080,0.034,1152.4,394.9
Round3,Q1,1538,769.0,EMIRATES,0.8909,1380.6,352.5,49.1,16.0,1920,1080,0.038,1405.1,360.5
Round3,Q1,1553,776.5,EMIRATES,0.8884,121.3,867.6,46.1,20.3,1920,1080,0.045,144.3,877.8
Round3,Q1,1553,776.5,EMIRATES,0.8828,391.3,324.2,26.0,13.0,1920,1080,0.016,404.3,330.7
Round3,Q1,1553,776.5,EMIRATES,0.4053,958.4,515.8,38.6,15.2,1920,1080,0.028,977.7,523.4
Round3,Q1,1554,777.0,EMIRATES,0.9069,271.0,714.4,41.9,22.4,1920,1080,0.045,292.0,725.6
Round3,Q1,1555,777.5,EMIRATES,0.8921,639.1,598.5,52.1,20.3,1920,1080,0.051,665.2,608.6
Round3,Q1,1556,778.0,EMIRATES,0.881,824.9,402.1,69.2,35.0,1920,1080,0.117,859.5,419.6
Round3,Q1,1556,778.0,EMIRATES,0.4691,1545.7,90.4,106.2,622.6,1920,1080,3.19,1598.8,401.7
Round3,Q1,1557,778.5,EMIRATES,0.8851,1465.7,417.8,131.6,34.3,1920,1080,0.218,1531.5,434.9
Round3,Q1,1563,781.5,EMIRATES,0.9125,1685.9,571.6,60.6,21.2,1920,1080,0.062,1716.2,582.2
Round3,Q1,1564,782.0,EMIRATES,0.7004,264.8,785.2,76.3,36.4,1920,1080,0.134,302.9,803.4
Round3,Q1,1591,795.5,EMIRATES,0.8806,1568.3,434.0,45.2,14.5,1920,1080,0.032,1590.9,441.2
Round3,Q1,1592,796.0,EMIRATES,0.8736,1439.7,451.5,37.2,13.8,1920,1080,0.025,1458.3,458.4
Round3,Q1,1592,796.0,EMIRATES,0.8474,1090.8,521.6,39.8,14.9,1920,1080,0.029,1110.7,529.1
Round3,Q1,1593,796.5,EMIRATES,0.7966,1284.9,473.7,37.5,14.0,1920,1080,0.025,1303.7,480.7
Round3,Q1,1593,796.5,EMIRATES,0.4496,533.1,1032.0,69.8,30.5,1920,1080,0.103,568.0,1047.3
Round3,Q1,1593,796.5,EMIRATES,0.3251,1533.7,80.7,32.9,15.3,1920,1080,0.024,1550.1,88.4
Round3,Q1,1594,797.0,EMIRATES,0.852,1775.4,551.8,48.2,17.8,1920,1080,0.041,1799.5,560.7
Round3,Q1,1594,797.0,EMIRATES,0.8339,425.5,967.6,72.4,31.6,1920,1080,0.11,461.7,983.4
Round3,Q1,1595,797.5,EMIRATES,0.8799,1571.6,478.9,52.2,17.4,1920,1080,0.044,1597.7,487.6
Round3,Q1,1595,797.5,EMIRATES,0.8512,337.7,925.8,80.5,39.4,1920,1080,0.153,377.9,945.5
Round3,Q1,1596,798.0,EMIRATES,0.8876,1458.1,400.8,54.9,20.8,1920,1080,0.055,1485.6,411.2
Round3,Q1,1596,798.0,EMIRATES,0.8735,944.2,338.3,31.2,14.2,1920,1080,0.021,959.8,345.4
Round3,Q1,1596,798.0,EMIRATES,0.3652,374.0,789.5,83.6,38.8,1920,1080,0.156,415.8,808.9
Round3,Q1,1597,798.5,EMIRATES,0.8879,1408.7,341.9,56.8,22.2,1920,1080,0.061,1437.1,353.0
Round3,Q1,1597,798.5,EMIRATES,0.8809,983.4,315.3,55.2,18.8,1920,1080,0.05,1010.9,324.7
Round3,Q1,1597,798.5,EMIRATES,0.6501,432.9,750.7,89.1,43.2,1920,1080,0.186,477.5,772.3
Round3,Q1,1598,799.0,EMIRATES,0.9097,954.7,463.4,110.1,44.0,1920,1080,0.234,1009.8,485.4
Round3,Q1,1599,799.5,EMIRATES,0.9047,909.6,441.7,126.3,46.1,1920,1080,0.281,972.7,464.8
Round3,Q1,1600,800.0,EMIRATES,0.8826,984.2,567.8,116.6,47.1,1920,1080,0.265,1042.5,591.3
Round3,Q1,1602,801.0,EMIRATES,0.7072,1133.8,509.2,112.8,47.9,1920,1080,0.261,1190.2,533.1
Round3,Q1,1603,801.5,EMIRATES,0.8914,986.2,561.2,150.9,58.0,1920,1080,0.422,1061.6,590.2
Round3,Q1,1604,802.0,EMIRATES,0.8882,996.4,522.4,150.6,54.5,1920,1080,0.396,1071.7,549.6
Round3,Q1,1606,803.0,EMIRATES,0.913,971.9,641.2,152.4,54.2,1920,1080,0.398,1048.1,668.3
Round3,Q1,1607,803.5,EMIRATES,0.8895,951.5,557.1,165.4,60.9,1920,1080,0.486,1034.2,587.6
Round3,Q1,1608,804.0,EMIRATES,0.8983,975.9,501.6,137.5,48.3,1920,1080,0.32,1044.7,525.7
Round3,Q1,1609,804.5,EMIRATES,0.8873,843.3,521.1,155.6,62.6,1920,1080,0.47,921.0,552.4
Round3,Q1,1610,805.0,EMIRATES,0.8947,883.7,504.8,151.2,52.3,1920,1080,0.382,959.3,531.0
Round3,Q1,1611,805.5,EMIRATES,0.9051,987.6,433.5,141.2,48.2,1920,1080,0.328,1058.2,457.6
Round3,Q1,1612,806.0,EMIRATES,0.8902,1009.5,551.3,157.0,57.9,1920,1080,0.438,1088.0,580.2
Round3,Q1,1613,806.5,EMIRATES,0.8878,1030.6,550.1,163.7,64.8,1920,1080,0.512,1112.5,582.5
Round3,Q1,1614,807.0,EMIRATES,0.9082,1064.8,459.8,141.0,49.8,1920,1080,0.339,1135.3,484.7
Round3,Q1,1615,807.5,EMIRATES,0.8931,957.2,581.0,162.8,61.2,1920,1080,0.481,1038.6,611.6
Round3,Q1,1616,808.0,EMIRATES,0.8912,982.2,571.9,163.1,62.3,1920,1080,0.49,1063.7,603.1
Round3,Q1,1618,809.0,EMIRATES,0.7965,531.3,538.5,47.9,215.3,1920,1080,0.497,555.2,646.2
Round3,Q1,1618,809.0,EMIRATES,0.7824,1434.6,531.0,50.0,214.5,1920,1080,0.517,1459.6,638.3
Round3,Q1,1618,809.0,EMIRATES,0.7306,1430.1,339.6,51.3,181.3,1920,1080,0.448,1455.7,430.3
Round3,Q1,1618,809.0,EMIRATES,0.6859,526.0,355.1,51.6,170.4,1920,1080,0.424,551.8,440.3
Round3,Q1,1618,809.0,EMIRATES,0.6012,1821.5,448.2,51.2,14.5,1920,1080,0.036,1847.2,455.5
Round3,Q1,1619,809.5,EMIRATES,0.8179,1638.4,481.2,44.9,215.4,1920,1080,0.466,1660.8,588.9
Round3,Q1,1619,809.5,EMIRATES,0.8153,731.3,489.6,45.1,214.2,1920,1080,0.465,753.8,596.6
Round3,Q1,1619,809.5,EMIRATES,0.7468,726.7,307.8,46.9,171.6,1920,1080,0.388,750.1,393.6
Round3,Q1,1619,809.5,EMIRATES,0.7207,1634.8,292.4,47.0,180.3,1920,1080,0.408,1658.3,382.5
Round3,Q1,1620,810.0,EMIRATES,0.7933,905.7,435.3,43.7,214.3,1920,1080,0.452,927.5,542.4
Round3,Q1,1620,810.0,EMIRATES,0.7876,1818.2,425.1,45.7,226.5,1920,1080,0.499,1841.0,538.3
Round3,Q1,1620,810.0,EMIRATES,0.6947,1815.2,237.8,45.5,178.9,1920,1080,0.392,1838.0,327.2
Round3,Q1,1620,810.0,EMIRATES,0.5931,903.7,253.3,44.0,172.0,1920,1080,0.365,925.7,339.3
Round3,Q1,1621,810.5,EMIRATES,0.8259,1080.6,380.8,68.6,22.2,1920,1080,0.074,1114.9,391.9
Round3,Q1,1621,810.5,EMIRATES,0.667,1413.8,378.4,32.9,11.9,1920,1080,0.019,1430.3,384.3
Round3,Q1,1621,810.5,EMIRATES,0.3735,1073.7,227.9,42.9,132.1,1920,1080,0.273,1095.1,294.0
Round3,Q1,1622,811.0,EMIRATES,0.7886,1257.6,523.5,39.4,203.5,1920,1080,0.387,1277.3,625.3
Round3,Q1,1622,811.0,EMIRATES,0.7376,1254.0,350.4,45.1,167.7,1920,1080,0.365,1276.6,434.2
Round3,Q1,1623,811.5,EMIRATES,0.805,1289.1,776.3,34.9,178.6,1920,1080,0.301,1306.6,865.6
Round3,Q1,1623,811.5,EMIRATES,0.4687,1290.8,623.8,32.2,147.3,1920,1080,0.229,1306.9,697.4
Round3,Q1,1625,812.5,EMIRATES,0.6245,1260.7,856.2,32.4,114.4,1920,1080,0.179,1276.9,913.4
Round3,Q1,1625,812.5,EMIRATES,0.4687,1259.5,700.5,32.9,147.0,1920,1080,0.233,1275.9,774.0
Round3,Q1,1626,813.0,EMIRATES,0.8233,1261.7,753.9,38.1,193.5,1920,1080,0.356,1280.7,850.6
Round3,Q1,1626,813.0,EMIRATES,0.3319,1260.8,588.3,37.0,158.5,1920,1080,0.283,1279.3,667.5
Round3,Q1,1627,813.5,EMIRATES,0.7417,1234.8,345.3,44.3,192.0,1920,1080,0.411,1257.0,441.3
Round3,Q1,1628,814.0,EMIRATES,0.7632,1448.8,253.4,40.1,18.3,1920,1080,0.035,1468.9,262.6
Round3,Q1,1628,814.0,EMIRATES,0.7069,1138.7,94.5,54.9,147.4,1920,1080,0.39,1166.2,168.2
Round3,Q1,1629,814.5,EMIRATES,0.868,1215.3,500.1,30.7,10.0,1920,1080,0.015,1230.6,505.2
Round3,Q1,1629,814.5,EMIRATES,0.8324,934.4,367.3,23.4,10.9,1920,1080,0.012,946.0,372.8
Round3,Q1,1629,814.5,EMIRATES,0.4086,967.1,14.2,58.9,118.0,1920,1080,0.335,996.6,73.2
Round3,Q1,1630,815.0,EMIRATES,0.8974,1148.0,467.0,33.9,13.7,1920,1080,0.022,1164.9,473.8
Round3,Q1,1630,815.0,EMIRATES,0.8511,1241.0,253.0,25.7,12.8,1920,1080,0.016,1253.8,259.4
Round3,Q1,1630,815.0,EMIRATES,0.8173,1078.1,324.7,30.2,11.5,1920,1080,0.017,1093.2,330.5
Round3,Q1,1631,815.5,EMIRATES,0.9045,1314.2,332.9,33.5,11.2,1920,1080,0.018,1331.0,338.5
Round3,Q1,1631,815.5,EMIRATES,0.8917,1040.9,368.8,33.4,12.3,1920,1080,0.02,1057.5,374.9
Round3,Q1,1631,815.5,EMIRATES,0.7582,1046.2,447.8,47.7,19.2,1920,1080,0.044,1070.0,457.3
Round3,Q1,1632,816.0,EMIRATES,0.891,1384.5,365.7,36.0,14.5,1920,1080,0.025,1402.5,373.0
Round3,Q1,1632,816.0,EMIRATES,0.8753,576.3,426.8,35.0,17.5,1920,1080,0.03,593.8,435.5
Round3,Q1,1632,816.0,EMIRATES,0.4499,855.3,451.9,52.8,27.7,1920,1080,0.071,881.7,465.8
Round3,Q1,1633,816.5,EMIRATES,0.8966,865.3,415.5,34.9,16.1,1920,1080,0.027,882.8,423.5
Round3,Q1,1634,817.0,EMIRATES,0.8672,1553.2,513.7,52.6,13.0,1920,1080,0.033,1579.5,520.2
Round3,Q1,1634,817.0,EMIRATES,0.3704,1213.4,505.7,37.9,15.3,1920,1080,0.028,1232.4,513.3
Round3,Q1,1635,817.5,EMIRATES,0.4188,1099.2,443.8,52.7,12.5,1920,1080,0.032,1125.6,450.1
Round3,Q1,1637,818.5,EMIRATES,0.785,1885.2,598.1,34.7,24.5,1920,1080,0.041,1902.6,610.3
Round3,Q1,1637,818.5,EMIRATES,0.4355,1100.6,437.9,39.5,16.5,1920,1080,0.031,1120.4,446.2
Round3,Q1,1638,819.0,EMIRATES,0.8714,1107.4,332.0,44.2,23.4,1920,1080,0.05,1129.4,343.7
Round3,Q1,1638,819.0,EMIRATES,0.8612,1692.8,689.5,56.9,16.5,1920,1080,0.045,1721.2,697.8
Round3,Q1,1638,819.0,EMIRATES,0.8497,1505.8,524.6,39.0,13.9,1920,1080,0.026,1525.3,531.6
Round3,Q1,1639,819.5,EMIRATES,0.8366,920.1,695.7,46.3,14.9,1920,1080,0.033,943.3,703.1
Round3,Q1,1639,819.5,EMIRATES,0.8288,1264.1,486.3,33.8,15.9,1920,1080,0.026,1281.0,494.3
Round3,Q1,1640,820.0,EMIRATES,0.8894,1400.2,345.5,36.4,14.3,1920,1080,0.025,1418.4,352.7
Round3,Q1,1642,821.0,ACCESS_COVERS,0.3207,523.7,170.7,198.6,55.0,1920,1080,0.526,623.0,198.2
Round3,Q1,1652,826.0,BOWENS,0.9119,1232.8,3.9,142.1,30.4,1920,1080,0.208,1303.9,19.1
Round3,Q1,1652,826.0,BOWENS,0.9069,475.2,8.2,144.1,30.9,1920,1080,0.215,547.3,23.6
Round3,Q1,1652,826.0,BOWENS,0.9067,210.2,5.9,151.0,32.3,1920,1080,0.235,285.7,22.1
Round3,Q1,1652,826.0,BOWENS,0.9055,956.1,221.1,141.1,34.9,1920,1080,0.237,1026.6,238.5
Round3,Q1,1652,826.0,BOWENS,0.9029,701.6,224.5,143.9,34.9,1920,1080,0.242,773.5,242.0
Round3,Q1,1652,826.0,BOWENS,0.9004,1487.6,1.0,145.4,28.4,1920,1080,0.199,1560.3,15.2
Round3,Q1,1652,826.0,BOWENS,0.8993,72.8,227.6,156.3,36.4,1920,1080,0.274,151.0,245.8
Round3,Q1,1652,826.0,BOWENS,0.8946,1559.1,215.5,147.8,34.7,1920,1080,0.248,1633.0,232.8
Round3,Q1,1652,826.0,BOWENS,0.8944,731.3,8.6,140.5,30.5,1920,1080,0.207,801.6,23.8
Round3,Q1,1652,826.0,BOWENS,0.8922,983.0,7.1,140.3,29.9,1920,1080,0.203,1053.2,22.1
Round3,Q1,1652,826.0,BOWENS,0.8914,1252.7,218.5,142.6,35.0,1920,1080,0.241,1324.0,236.0
Round3,Q1,1652,826.0,BOWENS,0.891,395.1,226.8,146.6,35.8,1920,1080,0.253,468.4,244.7
Round3,Q1,1652,826.0,BOWENS,0.8891,0.3,2.6,86.0,31.5,1920,1080,0.131,43.3,18.4
Round3,Q1,1652,826.0,BOWENS,0.8548,1828.4,211.2,91.6,35.9,1920,1080,0.159,1874.2,229.2
Round3,Q1,1652,826.0,BOWENS,0.8302,1852.3,0.3,65.7,20.0,1920,1080,0.063,1885.2,10.3
Round3,Q1,1653,826.5,BOWENS,0.9093,994.8,15.2,144.9,30.1,1920,1080,0.211,1067.3,30.3
Round3,Q1,1653,826.5,BOWENS,0.9064,745.9,232.3,99.5,34.9,1920,1080,0.167,795.7,249.8
Round3,Q1,1653,826.5,BOWENS,0.9035,438.3,235.9,148.4,35.6,1920,1080,0.255,512.5,253.7
Round3,Q1,1653,826.5,BOWENS,0.9024,1247.2,12.2,146.9,30.2,1920,1080,0.214,1320.7,27.3
Round3,Q1,1653,826.5,BOWENS,0.9009,484.0,16.1,150.5,31.4,1920,1080,0.228,559.2,31.8
Round3,Q1,1653,826.5,BOWENS,0.9006,218.3,14.2,154.3,31.8,1920,1080,0.237,295.5,30.1
Round3,Q1,1653,826.5,BOWENS,0.9001,740.7,16.0,147.8,31.1,1920,1080,0.222,814.5,31.5
Round3,Q1,1653,826.5,BOWENS,0.8959,1001.0,230.4,145.4,35.3,1920,1080,0.248,1073.7,248.1
Round3,Q1,1653,826.5,BOWENS,0.895,0.0,9.6,100.8,32.3,1920,1080,0.157,50.4,25.8
Round3,Q1,1653,826.5,BOWENS,0.8896,1298.3,228.8,149.5,35.3,1920,1080,0.255,1373.0,246.4
Round3,Q1,1653,826.5,BOWENS,0.8882,116.5,236.5,157.6,37.7,1920,1080,0.287,195.3,255.4
Round3,Q1,1653,826.5,BOWENS,0.8805,1612.0,225.6,102.4,35.5,1920,1080,0.175,1663.2,243.4
Round3,Q1,1653,826.5,BOWENS,0.8721,1505.4,8.0,78.1,29.7,1920,1080,0.112,1544.5,22.9
Round3,Q1,1653,826.5,BOWENS,0.8494,1873.1,1.1,46.9,28.8,1920,1080,0.065,1896.5,15.5
Round3,Q1,1653,826.5,BOWENS,0.8466,1884.9,224.0,34.9,33.7,1920,1080,0.057,1902.4,240.9
Round3,Q1,1653,826.5,BOWENS,0.7538,1665.7,6.0,89.2,29.5,1920,1080,0.127,1710.2,20.8
Round3,Q1,1654,827.0,BOWENS,0.9146,1712.8,234.8,159.1,36.6,1920,1080,0.281,1792.4,253.0
Round3,Q1,1654,827.0,BOWENS,0.9084,804.6,20.5,149.0,31.1,1920,1080,0.224,879.1,36.0
Round3,Q1,1654,827.0,BOWENS,0.9065,1416.2,16.1,152.7,30.7,1920,1080,0.226,1492.5,31.4
Round3,Q1,1654,827.0,BOWENS,0.9065,1682.5,10.1,159.6,31.3,1920,1080,0.241,1762.2,25.8
Round3,Q1,1654,827.0,BOWENS,0.9061,546.0,19.6,152.1,31.5,1920,1080,0.231,622.1,35.3
Round3,Q1,1654,827.0,BOWENS,0.9048,243.7,243.1,160.5,37.0,1920,1080,0.287,324.0,261.6
Round3,Q1,1654,827.0,BOWENS,0.9034,276.0,17.4,158.5,32.4,1920,1080,0.247,355.2,33.6
Round3,Q1,1654,827.0,BOWENS,0.9033,518.0,241.4,150.3,35.5,1920,1080,0.258,593.2,259.2
Round3,Q1,1654,827.0,BOWENS,0.9026,827.9,241.1,149.4,35.0,1920,1080,0.253,902.6,258.6
Round3,Q1,1654,827.0,BOWENS,0.9021,1133.0,238.7,147.8,35.2,1920,1080,0.251,1206.9,256.3
Round3,Q1,1654,827.0,BOWENS,0.8964,0.0,11.7,159.9,33.5,1920,1080,0.258,79.9,28.4
Round3,Q1,1654,827.0,BOWENS,0.8954,1061.5,19.9,152.3,30.3,1920,1080,0.223,1137.7,35.0
Round3,Q1,1654,827.0,BOWENS,0.8871,1394.0,236.8,154.8,36.6,1920,1080,0.273,1471.4,255.1
Round3,Q1,1654,827.0,BOWENS,0.882,1.3,245.3,74.3,36.6,1920,1080,0.131,38.5,263.6
Round3,Q1,1655,827.5,BOWENS,0.9253,6.5,8.5,165.8,33.3,1920,1080,0.266,89.4,25.1
Round3,Q1,1655,827.5,BOWENS,0.9133,1692.3,10.8,160.8,31.7,1920,1080,0.246,1772.7,26.6
Round3,Q1,1655,827.5,BOWENS,0.9075,268.2,239.1,158.3,36.3,1920,1080,0.277,347.4,257.3
Round3,Q1,1655,827.5,BOWENS,0.9052,1426.4,16.3,153.6,30.8,1920,1080,0.228,1503.2,31.7
Round3,Q1,1655,827.5,BOWENS,0.9043,1463.3,237.6,152.9,35.5,1920,1080,0.262,1539.8,255.3
Round3,Q1,1655,827.5,BOWENS,0.9042,289.3,14.8,158.4,31.9,1920,1080,0.244,368.5,30.8
Round3,Q1,1655,827.5,BOWENS,0.904,587.2,239.7,152.1,36.1,1920,1080,0.265,663.3,257.7
Round3,Q1,1655,827.5,BOWENS,0.9011,895.5,238.9,151.1,35.5,1920,1080,0.259,971.1,256.6
Round3,Q1,1655,827.5,BOWENS,0.8999,1168.0,18.5,152.1,30.2,1920,1080,0.222,1244.1,33.6
Round3,Q1,1655,827.5,BOWENS,0.8984,815.8,19.5,151.2,30.2,1920,1080,0.22,891.4,34.6
Round3,Q1,1655,827.5,BOWENS,0.8983,556.2,17.7,153.9,31.4,1920,1080,0.233,633.2,33.5
Round3,Q1,1655,827.5,BOWENS,0.8947,1786.9,235.6,133.1,36.4,1920,1080,0.234,1853.4,253.8
Round3,Q1,1655,827.5,BOWENS,0.8865,0.0,238.9,150.6,38.2,1920,1080,0.277,75.3,258.0
Round3,Q1,1655,827.5,BOWENS,0.8839,1152.4,237.8,152.4,36.6,1920,1080,0.269,1228.6,256.1
Round3,Q1,1656,828.0,BOWENS,0.9136,1250.6,46.1,156.5,30.3,1920,1080,0.229,1328.9,61.3
Round3,Q1,1656,828.0,BOWENS,0.913,748.8,45.1,153.7,30.4,1920,1080,0.225,825.7,60.3
Round3,Q1,1656,828.0,BOWENS,0.9125,999.5,46.1,152.6,30.3,1920,1080,0.223,1075.8,61.2
Round3,Q1,1656,828.0,BOWENS,0.912,1601.3,262.6,166.2,35.6,1920,1080,0.286,1684.4,280.4
Round3,Q1,1656,828.0,BOWENS,0.9089,1039.1,262.1,154.8,34.7,1920,1080,0.259,1116.5,279.4
Round3,Q1,1656,828.0,BOWENS,0.9085,1339.4,262.3,159.3,35.0,1920,1080,0.269,1419.1,279.8
Round3,Q1,1656,828.0,BOWENS,0.9076,161.9,260.0,164.9,35.4,1920,1080,0.281,244.3,277.7
Round3,Q1,1656,828.0,BOWENS,0.906,479.9,260.9,152.6,34.3,1920,1080,0.252,556.2,278.0
Round3,Q1,1656,828.0,BOWENS,0.9028,123.9,35.4,163.2,32.3,1920,1080,0.254,205.5,51.6
Round3,Q1,1656,828.0,BOWENS,0.8983,1507.6,44.2,161.6,31.2,1920,1080,0.243,1588.4,59.8
Round3,Q1,1656,828.0,BOWENS,0.8959,393.5,41.8,161.8,29.9,1920,1080,0.233,474.4,56.7
Round3,Q1,1656,828.0,BOWENS,0.8945,740.8,261.5,153.2,34.4,1920,1080,0.254,817.3,278.7
Round3,Q1,1656,828.0,BOWENS,0.8897,1773.6,41.3,145.6,30.1,1920,1080,0.211,1846.4,56.3
Round3,Q1,1656,828.0,BOWENS,0.5204,0.0,32.2,13.8,29.2,1920,1080,0.019,6.9,46.8
Round3,Q1,1657,828.5,BOWENS,0.9192,1731.4,282.7,160.3,35.2,1920,1080,0.272,1811.6,300.3
Round3,Q1,1657,828.5,BOWENS,0.9114,869.2,278.5,150.7,33.4,1920,1080,0.243,944.5,295.2
Round3,Q1,1657,828.5,BOWENS,0.9106,263.7,56.5,158.6,31.0,1920,1080,0.237,343.0,72.0
Round3,Q1,1657,828.5,BOWENS,0.9068,1419.5,281.1,159.9,35.0,1920,1080,0.27,1499.4,298.6
Round3,Q1,1657,828.5,BOWENS,0.9062,1525.1,67.7,158.7,30.7,1920,1080,0.235,1604.4,83.1
Round3,Q1,1657,828.5,BOWENS,0.9061,1023.7,67.1,150.5,29.8,1920,1080,0.216,1098.9,82.0
Round3,Q1,1657,828.5,BOWENS,0.9049,773.9,65.4,150.8,30.0,1920,1080,0.218,849.3,80.4
Round3,Q1,1657,828.5,BOWENS,0.9045,523.6,61.6,151.4,30.7,1920,1080,0.224,599.3,76.9
Round3,Q1,1657,828.5,BOWENS,0.9033,1272.8,68.3,150.4,29.8,1920,1080,0.217,1348.0,83.3
Round3,Q1,1657,828.5,BOWENS,0.9009,258.3,274.2,162.7,35.5,1920,1080,0.279,339.7,292.0
Round3,Q1,1657,828.5,BOWENS,0.8991,569.9,276.5,153.7,34.8,1920,1080,0.258,646.8,293.9
Round3,Q1,1657,828.5,BOWENS,0.8952,1793.6,64.8,124.0,30.8,1920,1080,0.184,1855.6,80.2
Round3,Q1,1657,828.5,BOWENS,0.8949,0.0,271.2,141.8,37.0,1920,1080,0.253,70.9,289.7
Round3,Q1,1657,828.5,BOWENS,0.8937,1110.0,279.7,164.1,34.4,1920,1080,0.272,1192.1,296.9
Round3,Q1,1657,828.5,BOWENS,0.8699,0.0,48.6,53.8,30.3,1920,1080,0.079,26.9,63.8
Round3,Q1,1658,829.0,BOWENS,0.9181,344.4,70.1,155.3,31.3,1920,1080,0.235,422.1,85.7
Round3,Q1,1658,829.0,BOWENS,0.9161,1310.2,296.5,151.8,34.2,1920,1080,0.25,1386.1,313.6
Round3,Q1,1658,829.0,BOWENS,0.9142,1622.9,83.5,156.6,31.2,1920,1080,0.235,1701.2,99.1
Round3,Q1,1658,829.0,BOWENS,0.913,1107.8,82.4,147.9,30.4,1920,1080,0.217,1181.8,97.5
Round3,Q1,1658,829.0,BOWENS,0.9113,857.2,79.6,148.3,30.2,1920,1080,0.216,931.4,94.7
Round3,Q1,1658,829.0,BOWENS,0.9113,1363.5,83.4,152.0,30.8,1920,1080,0.225,1439.5,98.8
Round3,Q1,1658,829.0,BOWENS,0.9105,133.9,285.8,162.0,35.6,1920,1080,0.278,214.9,303.6
Round3,Q1,1658,829.0,BOWENS,0.9048,1571.3,298.8,156.9,36.4,1920,1080,0.276,1649.8,317.0
Round3,Q1,1658,829.0,BOWENS,0.9042,1009.9,293.7,153.0,35.0,1920,1080,0.258,1086.4,311.2
Round3,Q1,1658,829.0,BOWENS,0.9042,605.7,75.6,152.7,31.2,1920,1080,0.23,682.0,91.2
Round3,Q1,1658,829.0,BOWENS,0.9012,74.7,62.5,163.6,32.4,1920,1080,0.256,156.5,78.8
Round3,Q1,1658,829.0,BOWENS,0.8975,451.7,288.4,154.1,35.2,1920,1080,0.262,528.7,306.1
Round3,Q1,1658,829.0,BOWENS,0.8795,708.2,291.4,154.9,34.5,1920,1080,0.258,785.7,308.7
Round3,Q1,1658,829.0,BOWENS,0.8063,1894.8,83.1,25.0,29.2,1920,1080,0.035,1907.3,97.7
Round3,Q1,1658,829.0,BOWENS,0.6224,1904.7,302.4,15.3,36.9,1920,1080,0.027,1912.4,320.9
Round3,Q1,1659,829.5,BOWENS,0.9212,826.9,44.9,152.4,33.0,1920,1080,0.242,903.1,61.4
Round3,Q1,1659,829.5,BOWENS,0.91,1047.3,270.9,151.1,36.3,1920,1080,0.264,1122.8,289.1
Round3,Q1,1659,829.5,BOWENS,0.9068,1093.1,48.2,152.3,33.2,1920,1080,0.244,1169.2,64.8
Round3,Q1,1659,829.5,BOWENS,0.9049,124.8,259.5,164.6,37.4,1920,1080,0.297,207.1,278.2
Round3,Q1,1659,829.5,BOWENS,0.9048,1314.0,273.5,156.3,38.2,1920,1080,0.288,1392.2,292.5
Round3,Q1,1659,829.5,BOWENS,0.9034,411.4,263.6,157.9,36.6,1920,1080,0.279,490.3,281.9
Round3,Q1,1659,829.5,BOWENS,0.9022,1650.8,278.7,160.2,39.2,1920,1080,0.303,1730.9,298.3
Round3,Q1,1659,829.5,BOWENS,0.9004,1359.0,51.0,157.6,32.9,1920,1080,0.25,1437.8,67.4
Round3,Q1,1659,829.5,BOWENS,0.8991,1632.0,50.9,162.5,33.8,1920,1080,0.265,1713.2,67.8
Round3,Q1,1659,829.5,BOWENS,0.899,729.3,266.6,157.4,37.7,1920,1080,0.286,808.0,285.4
Round3,Q1,1659,829.5,BOWENS,0.8977,286.9,33.0,161.0,34.6,1920,1080,0.269,367.4,50.3
Round3,Q1,1659,829.5,BOWENS,0.8946,0.2,22.7,167.2,35.9,1920,1080,0.29,83.7,40.7
Round3,Q1,1659,829.5,BOWENS,0.8929,560.0,40.7,156.3,32.0,1920,1080,0.241,638.1,56.7
Round3,Q1,1660,830.0,EMIRATES,0.8583,882.9,422.7,33.2,20.8,1920,1080,0.033,899.5,433.1
Round3,Q1,1660,830.0,EMIRATES,0.5508,1023.0,482.9,26.8,26.2,1920,1080,0.034,1036.4,496.0
Round3,Q1,1661,830.5,EMIRATES,0.8917,752.1,450.4,43.9,16.5,1920,1080,0.035,774.1,458.6
Round3,Q1,1661,830.5,EMIRATES,0.8678,1258.3,421.8,43.1,15.0,1920,1080,0.031,1279.9,429.3
Round3,Q1,1661,830.5,EMIRATES,0.7013,792.5,24.3,38.2,13.1,1920,1080,0.024,811.7,30.8
Round3,Q1,1662,831.0,EMIRATES,0.8335,1731.7,414.7,54.7,16.7,1920,1080,0.044,1759.0,423.1
Round3,Q1,1664,832.0,EMIRATES,0.8509,532.6,329.1,58.7,21.0,1920,1080,0.059,561.9,339.5
Round3,Q1,1665,832.5,EMIRATES,0.816,836.1,379.4,23.1,14.8,1920,1080,0.016,847.6,386.8
Round3,Q1,1666,833.0,EMIRATES,0.5986,866.9,351.9,21.7,13.0,1920,1080,0.014,877.8,358.4
Round3,Q1,1668,834.0,BOWENS,0.9156,156.3,70.3,161.0,32.1,1920,1080,0.249,236.8,86.4
Round3,Q1,1668,834.0,BOWENS,0.9064,1043.1,293.2,152.2,34.9,1920,1080,0.256,1119.1,310.7
Round3,Q1,1668,834.0,BOWENS,0.9032,1027.3,78.0,150.6,30.2,1920,1080,0.219,1102.6,93.1
Round3,Q1,1668,834.0,BOWENS,0.9027,165.5,292.6,165.4,36.9,1920,1080,0.295,248.2,311.1
Round3,Q1,1668,834.0,BOWENS,0.8987,1803.1,71.0,116.9,31.5,1920,1080,0.178,1861.6,86.8
Round3,Q1,1669,834.5,BOWENS,0.9098,661.6,141.0,149.9,30.2,1920,1080,0.219,736.5,156.1
Round3,Q1,1669,834.5,BOWENS,0.9096,666.6,353.4,155.1,35.4,1920,1080,0.265,744.1,371.1
Round3,Q1,1669,834.5,BOWENS,0.9082,1518.0,350.7,157.5,34.4,1920,1080,0.261,1596.7,367.9
Round3,Q1,1669,834.5,BOWENS,0.9051,1503.2,136.6,156.4,30.0,1920,1080,0.226,1581.4,151.6
Round3,Q1,1669,834.5,BOWENS,0.8557,0.0,136.3,29.3,31.2,1920,1080,0.044,14.6,151.9
Round3,Q1,1670,835.0,BOWENS,0.9197,440.5,183.2,151.5,29.4,1920,1080,0.215,516.3,197.9
Round3,Q1,1670,835.0,BOWENS,0.9107,1187.9,178.0,149.0,29.2,1920,1080,0.21,1262.4,192.6
Round3,Q1,1670,835.0,BOWENS,0.9017,1189.7,387.4,153.0,34.1,1920,1080,0.252,1266.1,404.4
Round3,Q1,1670,835.0,BOWENS,0.8949,344.6,397.6,154.2,34.6,1920,1080,0.257,421.7,414.9
Round3,Q1,1671,835.5,BOWENS,0.9165,3.5,177.6,160.4,32.3,1920,1080,0.25,83.7,193.7
Round3,Q1,1671,835.5,BOWENS,0.9086,1565.2,381.5,156.0,34.6,1920,1080,0.26,1643.2,398.8
Round3,Q1,1671,835.5,BOWENS,0.9062,1561.9,164.2,155.3,30.4,1920,1080,0.227,1639.5,179.4
Round3,Q1,1671,835.5,BOWENS,0.9041,800.9,175.7,146.3,29.8,1920,1080,0.21,874.0,190.6
Round3,Q1,1671,835.5,BOWENS,0.9013,700.4,392.3,152.0,34.2,1920,1080,0.251,776.4,409.4
Round3,Q1,1672,836.0,BOWENS,0.9113,166.0,138.8,165.3,35.8,1920,1080,0.286,248.7,156.7
Round3,Q1,1672,836.0,BOWENS,0.9058,1021.0,133.7,156.8,32.9,1920,1080,0.248,1099.3,150.2
Round3,Q1,1672,836.0,BOWENS,0.8954,911.8,371.9,165.3,37.3,1920,1080,0.297,994.4,390.6
Round3,Q1,1672,836.0,BOWENS,0.8825,0.2,386.4,81.2,41.4,1920,1080,0.162,40.9,407.1
Round3,Q1,1672,836.0,BOWENS,0.8565,1874.3,114.0,45.6,34.8,1920,1080,0.077,1897.0,131.4
Round3,Q1,1672,836.0,BOWENS,0.854,1876.9,357.4,43.1,38.7,1920,1080,0.08,1898.4,376.7
Round3,Q1,1674,837.0,EMIRATES,0.8662,1114.6,498.1,100.6,55.0,1920,1080,0.267,1164.9,525.5
Round3,Q1,1674,837.0,BOWENS,0.3881,0.0,795.6,658.5,284.4,1920,1080,9.032,329.3,937.8
Round3,Q1,1675,837.5,EMIRATES,0.8241,1249.1,461.3,83.0,48.9,1920,1080,0.196,1290.6,485.8
Round3,Q1,1676,838.0,BOWENS,0.8921,321.4,139.9,161.9,32.4,1920,1080,0.253,402.3,156.1
Round3,Q1,1676,838.0,BOWENS,0.8911,1103.0,126.0,150.8,31.0,1920,1080,0.226,1178.4,141.5
Round3,Q1,1676,838.0,BOWENS,0.8784,7.4,386.8,156.1,39.2,1920,1080,0.295,85.4,406.4
Round3,Q1,1676,838.0,BOWENS,0.8727,1784.8,329.4,124.5,37.0,1920,1080,0.222,1847.0,347.9
Round3,Q1,1676,838.0,BOWENS,0.8049,890.9,348.4,161.3,35.1,1920,1080,0.273,971.5,365.9
Round3,Q1,1676,838.0,BOWENS,0.7961,1893.7,101.9,26.3,32.8,1920,1080,0.042,1906.8,118.3
Round3,Q1,1677,838.5,BOWENS,0.9125,228.7,402.5,147.2,38.6,1920,1080,0.274,302.3,421.8
Round3,Q1,1677,838.5,BOWENS,0.907,538.2,155.7,153.1,33.0,1920,1080,0.244,614.8,172.2
Round3,Q1,1677,838.5,BOWENS,0.8981,1103.7,363.6,166.1,36.3,1920,1080,0.291,1186.7,381.7
Round3,Q1,1677,838.5,BOWENS,0.8951,1321.1,137.7,155.0,32.0,1920,1080,0.24,1398.6,153.7
Round3,Q1,1678,839.0,BOWENS,0.9166,1566.2,116.0,166.8,34.2,1920,1080,0.275,1649.7,133.1
Round3,Q1,1678,839.0,BOWENS,0.9141,727.5,139.0,160.1,35.2,1920,1080,0.272,807.6,156.6
Round3,Q1,1678,839.0,BOWENS,0.9073,403.7,399.7,149.1,41.6,1920,1080,0.299,478.2,420.5
Round3,Q1,1678,839.0,BOWENS,0.8865,1329.3,359.3,172.9,38.9,1920,1080,0.324,1415.8,378.7
Round3,Q1,1678,839.0,BOWENS,0.7657,0.0,154.1,21.7,38.0,1920,1080,0.04,10.8,173.1
Round3,Q1,1679,839.5,EMIRATES,0.8781,696.6,445.1,50.5,24.6,1920,1080,0.06,721.8,457.4
Round3,Q1,1680,840.0,EMIRATES,0.8585,595.9,443.5,36.3,16.5,1920,1080,0.029,614.0,451.8
Round3,Q1,1681,840.5,BOWENS,0.9044,1657.7,53.9,187.3,38.9,1920,1080,0.352,1751.3,73.4
Round3,Q1,1681,840.5,BOWENS,0.8965,276.6,385.9,191.2,46.1,1920,1080,0.425,372.2,409.0
Round3,Q1,1681,840.5,BOWENS,0.8935,663.1,81.6,185.9,39.8,1920,1080,0.357,756.0,101.5
Round3,Q1,1681,840.5,BOWENS,0.8802,1376.0,339.5,209.8,44.9,1920,1080,0.454,1480.9,361.9
Round3,Q1,1682,841.0,BOWENS,0.8996,1487.3,54.7,190.8,39.5,1920,1080,0.364,1582.6,74.4
Round3,Q1,1682,841.0,BOWENS,0.8983,1224.7,344.7,173.4,45.4,1920,1080,0.38,1311.3,367.5
Round3,Q1,1682,841.0,BOWENS,0.8876,469.4,77.8,193.4,41.3,1920,1080,0.385,566.1,98.5
Round3,Q1,1682,841.0,BOWENS,0.8741,66.6,392.0,199.4,47.1,1920,1080,0.452,166.2,415.5
Round3,Q1,1683,841.5,BOWENS,0.8973,1378.7,72.9,186.7,39.5,1920,1080,0.356,1472.0,92.7
Round3,Q1,1683,841.5,BOWENS,0.8834,381.5,93.1,188.9,40.3,1920,1080,0.367,476.0,113.2
Round3,Q1,1683,841.5,BOWENS,0.8826,1128.4,356.5,169.4,44.8,1920,1080,0.366,1213.1,378.8
Round3,Q1,1683,841.5,BOWENS,0.8253,0.0,399.2,177.9,50.6,1920,1080,0.434,89.0,424.5
Round3,Q1,1684,842.0,BOWENS,0.9085,226.1,112.9,186.3,39.7,1920,1080,0.356,319.2,132.7
Round3,Q1,1684,842.0,BOWENS,0.8978,1197.0,97.5,179.6,37.4,1920,1080,0.324,1286.8,116.2
Round3,Q1,1684,842.0,BOWENS,0.8756,957.9,371.1,181.9,42.8,1920,1080,0.375,1048.9,392.5
Round3,Q1,1684,842.0,BOWENS,0.7855,0.0,405.2,26.2,47.1,1920,1080,0.06,13.1,428.8
Round3,Q1,1685,842.5,BOWENS,0.9058,1048.2,114.0,171.3,37.1,1920,1080,0.307,1133.9,132.6
Round3,Q1,1685,842.5,BOWENS,0.8979,94.6,126.5,186.3,38.8,1920,1080,0.349,187.8,145.9
Round3,Q1,1685,842.5,BOWENS,0.8738,821.2,378.7,174.9,42.6,1920,1080,0.359,908.7,400.0
Round3,Q1,1685,842.5,BOWENS,0.8021,1887.9,361.3,32.1,41.8,1920,1080,0.065,1904.0,382.2
Round3,Q1,1686,843.0,BOWENS,0.9062,1742.3,102.5,177.7,36.0,1920,1080,0.308,1831.2,120.4
Round3,Q1,1686,843.0,BOWENS,0.9056,1639.1,366.2,180.9,41.6,1920,1080,0.363,1729.6,387.0
Round3,Q1,1686,843.0,BOWENS,0.9019,826.0,123.6,173.5,37.1,1920,1080,0.31,912.7,142.2
Round3,Q1,1686,843.0,BOWENS,0.8734,0.1,130.7,58.9,37.4,1920,1080,0.106,29.5,149.4
Round3,Q1,1686,843.0,BOWENS,0.8667,605.0,381.5,175.2,42.1,1920,1080,0.356,692.6,402.6
Round3,Q1,1687,843.5,BOWENS,0.9063,1326.5,392.8,178.1,40.5,1920,1080,0.348,1415.5,413.1
Round3,Q1,1687,843.5,BOWENS,0.9039,517.6,148.4,177.0,36.3,1920,1080,0.31,606.0,166.5
Round3,Q1,1687,843.5,BOWENS,0.8853,1422.3,134.3,178.5,35.7,1920,1080,0.307,1511.5,152.1
Round3,Q1,1687,843.5,BOWENS,0.8663,292.9,407.3,184.8,42.7,1920,1080,0.381,385.3,428.6
Round3,Q1,1688,844.0,BOWENS,0.919,957.6,412.4,175.8,41.1,1920,1080,0.348,1045.5,432.9
Round3,Q1,1688,844.0,BOWENS,0.9035,122.0,161.3,183.7,36.3,1920,1080,0.322,213.8,179.5
Round3,Q1,1688,844.0,BOWENS,0.9026,1047.8,155.2,171.4,35.1,1920,1080,0.29,1133.5,172.8
Round3,Q1,1688,844.0,BOWENS,0.8554,0.0,426.7,79.8,42.3,1920,1080,0.163,39.9,447.9
Round3,Q1,1689,844.5,BOWENS,0.9011,788.4,130.4,177.8,37.7,1920,1080,0.323,877.3,149.3
Round3,Q1,1689,844.5,BOWENS,0.9002,1756.0,115.7,164.0,37.7,1920,1080,0.299,1838.0,134.6
Round3,Q1,1689,844.5,BOWENS,0.8984,697.2,402.6,181.7,42.8,1920,1080,0.375,788.1,424.0
Round3,Q1,1689,844.5,BOWENS,0.8266,1797.7,390.3,122.3,45.2,1920,1080,0.266,1858.9,412.9
Round3,Q1,1690,845.0,BOWENS,0.897,631.0,79.6,196.0,41.4,1920,1080,0.392,729.0,100.3
Round3,Q1,1690,845.0,BOWENS,0.8945,534.5,382.0,201.0,47.7,1920,1080,0.462,635.0,405.8
Round3,Q1,1690,845.0,BOWENS,0.874,1698.9,65.9,204.0,40.7,1920,1080,0.401,1800.9,86.3
Round3,Q1,1690,845.0,BOWENS,0.8196,1741.1,368.1,178.9,49.9,1920,1080,0.431,1830.5,393.0
Round3,Q1,1691,845.5,EMIRATES,0.9019,1309.6,572.4,61.5,20.1,1920,1080,0.06,1340.3,582.5
Round3,Q1,1691,845.5,EMIRATES,0.8896,226.0,392.1,60.0,20.7,1920,1080,0.06,256.0,402.4
Round3,Q1,1692,846.0,EMIRATES,0.8765,950.0,425.5,60.7,25.0,1920,1080,0.073,980.3,438.0
Round3,Q1,1693,846.5,EMIRATES,0.8968,1289.6,357.0,38.7,16.7,1920,1080,0.031,1309.0,365.4
Round3,Q1,1694,847.0,EMIRATES,0.8862,1432.1,369.3,35.3,14.0,1920,1080,0.024,1449.7,376.4
Round3,Q1,1694,847.0,BOWENS,0.5099,0.0,130.6,303.2,236.5,1920,1080,3.457,151.6,248.8
Round3,Q1,1695,847.5,BOWENS,0.8942,767.0,75.1,185.9,39.4,1920,1080,0.353,859.9,94.8
Round3,Q1,1695,847.5,BOWENS,0.8841,688.9,365.1,191.6,45.4,1920,1080,0.419,784.7,387.7
Round3,Q1,1695,847.5,BOWENS,0.8554,1799.8,58.6,118.3,39.8,1920,1080,0.227,1859.0,78.5
Round3,Q1,1695,847.5,BOWENS,0.8533,1857.7,353.1,62.3,46.9,1920,1080,0.141,1888.9,376.6
Round3,Q1,1696,848.0,BOWENS,0.8973,696.7,365.7,193.6,43.6,1920,1080,0.407,793.5,387.5
Round3,Q1,1696,848.0,BOWENS,0.8914,769.7,81.7,183.4,38.8,1920,1080,0.343,861.4,101.2
Round3,Q1,1696,848.0,BOWENS,0.8899,1777.5,66.7,142.4,38.7,1920,1080,0.266,1848.7,86.1
Round3,Q1,1696,848.0,BOWENS,0.8705,1837.1,353.5,82.7,45.1,1920,1080,0.18,1878.4,376.0
Round3,Q1,1697,848.5,BOWENS,0.9002,714.1,346.0,180.0,43.8,1920,1080,0.38,804.1,367.9
Round3,Q1,1697,848.5,BOWENS,0.9,785.3,68.9,178.0,38.1,1920,1080,0.327,874.3,88.0
Round3,Q1,1697,848.5,BOWENS,0.8964,1771.2,54.0,147.1,37.6,1920,1080,0.267,1844.8,72.8
Round3,Q1,1697,848.5,BOWENS,0.8754,1829.5,333.7,88.7,45.8,1920,1080,0.196,1873.9,356.6
Round3,Q1,1698,849.0,BOWENS,0.8932,779.0,62.1,175.3,37.5,1920,1080,0.317,866.7,80.9
Round3,Q1,1698,849.0,BOWENS,0.8896,712.4,332.8,177.5,42.8,1920,1080,0.366,801.1,354.1
Round3,Q1,1698,849.0,BOWENS,0.8872,1806.4,321.1,112.5,44.2,1920,1080,0.24,1862.7,343.2
Round3,Q1,1698,849.0,BOWENS,0.8737,1744.4,46.4,174.9,37.8,1920,1080,0.319,1831.8,65.3
Round3,Q1,1699,849.5,BOWENS,0.9134,1763.7,318.3,156.3,42.0,1920,1080,0.317,1841.9,339.3
Round3,Q1,1699,849.5,BOWENS,0.9017,690.4,328.7,175.9,42.0,1920,1080,0.357,778.4,349.8
Round3,Q1,1699,849.5,BOWENS,0.8836,752.8,61.4,175.1,37.3,1920,1080,0.315,840.3,80.0
Round3,Q1,1699,849.5,BOWENS,0.8779,1699.5,47.5,186.5,37.3,1920,1080,0.336,1792.8,66.2
Round3,Q1,1700,850.0,BOWENS,0.8974,667.4,325.7,173.8,41.1,1920,1080,0.344,754.3,346.2
Round3,Q1,1700,850.0,BOWENS,0.8949,1722.7,315.2,166.8,42.9,1920,1080,0.345,1806.1,336.7
Round3,Q1,1700,850.0,BOWENS,0.889,724.1,61.8,172.8,36.6,1920,1080,0.305,810.5,80.0
Round3,Q1,1700,850.0,BOWENS,0.8757,1656.6,49.6,184.4,36.7,1920,1080,0.326,1748.7,68.0
Round3,Q1,1701,850.5,BOWENS,0.9115,701.8,57.8,168.7,36.3,1920,1080,0.295,786.2,75.9
Round3,Q1,1701,850.5,BOWENS,0.8933,642.6,318.6,175.4,41.8,1920,1080,0.354,730.3,339.5
Round3,Q1,1701,850.5,BOWENS,0.8919,1626.5,45.7,170.0,36.7,1920,1080,0.301,1711.5,64.0
Round3,Q1,1701,850.5,BOWENS,0.88,1693.1,309.2,178.5,42.4,1920,1080,0.365,1782.4,330.4
Round3,Q1,1702,851.0,BOWENS,0.8985,669.0,307.6,168.6,40.6,1920,1080,0.33,753.3,327.9
Round3,Q1,1702,851.0,BOWENS,0.894,721.1,51.4,168.4,35.2,1920,1080,0.286,805.3,69.0
Round3,Q1,1702,851.0,BOWENS,0.8934,1698.4,298.5,176.3,41.2,1920,1080,0.35,1786.6,319.1
Round3,Q1,1702,851.0,BOWENS,0.8729,1631.7,39.6,146.7,35.0,1920,1080,0.248,1705.1,57.1
Round3,Q1,1702,851.0,BOWENS,0.7164,1892.4,36.5,27.4,32.3,1920,1080,0.043,1906.1,52.6
Round3,Q1,1703,851.5,BOWENS,0.9057,765.2,45.6,164.0,35.7,1920,1080,0.283,847.2,63.4
Round3,Q1,1703,851.5,BOWENS,0.9048,714.7,297.1,167.2,39.7,1920,1080,0.32,798.3,317.0
Round3,Q1,1703,851.5,BOWENS,0.8902,1658.4,33.3,131.2,34.8,1920,1080,0.22,1724.0,50.7
Round3,Q1,1703,851.5,BOWENS,0.8647,1725.5,287.9,178.9,40.8,1920,1080,0.352,1814.9,308.3
Round3,Q1,1703,851.5,BOWENS,0.6924,1900.4,30.5,19.5,31.9,1920,1080,0.03,1910.2,46.5
Round3,Q1,1703,851.5,BOWENS,0.4151,0.0,42.0,10.4,34.7,1920,1080,0.017,5.2,59.4
Round3,Q1,1704,852.0,BOWENS,0.9013,840.8,40.8,160.5,34.6,1920,1080,0.268,921.0,58.1
Round3,Q1,1704,852.0,BOWENS,0.9012,793.3,286.5,162.6,39.0,1920,1080,0.306,874.6,306.0
Round3,Q1,1704,852.0,BOWENS,0.8836,0.0,37.1,111.2,36.6,1920,1080,0.196,55.6,55.4
Round3,Q1,1704,852.0,BOWENS,0.8818,1716.9,27.1,117.6,34.5,1920,1080,0.196,1775.7,44.3
Round3,Q1,1704,852.0,BOWENS,0.8219,1787.4,276.0,131.4,40.9,1920,1080,0.259,1853.1,296.5
Round3,Q1,1706,853.0,BOWENS,0.9152,1216.1,270.9,153.9,38.1,1920,1080,0.283,1293.0,290.0
Round3,Q1,1706,853.0,BOWENS,0.9063,365.0,39.3,155.4,33.0,1920,1080,0.247,442.8,55.8
Round3,Q1,1706,853.0,BOWENS,0.8998,1205.8,34.4,153.0,32.2,1920,1080,0.237,1282.4,50.5
Round3,Q1,1706,853.0,BOWENS,0.8989,928.5,37.8,153.2,32.2,1920,1080,0.238,1005.1,53.9
Round3,Q1,1706,853.0,BOWENS,0.8979,888.6,273.9,149.9,36.9,1920,1080,0.267,963.5,292.4
Round3,Q1,1706,853.0,BOWENS,0.8977,1484.7,29.8,158.1,32.4,1920,1080,0.247,1563.8,46.0
Round3,Q1,1706,853.0,BOWENS,0.8961,650.0,38.9,152.3,33.2,1920,1080,0.244,726.1,55.5
Round3,Q1,1706,853.0,BOWENS,0.8948,64.8,35.1,166.6,35.4,1920,1080,0.284,148.1,52.8
Round3,Q1,1706,853.0,BOWENS,0.8911,605.3,278.6,154.3,37.6,1920,1080,0.28,682.4,297.4
Round3,Q1,1706,853.0,BOWENS,0.8879,1550.0,267.6,165.0,38.2,1920,1080,0.304,1632.5,286.7
Round3,Q1,1706,853.0,BOWENS,0.8822,258.6,281.1,165.9,38.1,1920,1080,0.305,341.5,300.2
Round3,Q1,1706,853.0,BOWENS,0.8728,0.0,281.6,70.2,39.7,1920,1080,0.134,35.1,301.4
Round3,Q1,1706,853.0,BOWENS,0.8376,1778.8,22.0,61.8,32.9,1920,1080,0.098,1809.7,38.4
Round3,Q1,1706,853.0,BOWENS,0.8107,1849.4,264.9,70.5,37.6,1920,1080,0.128,1884.6,283.7
Round3,Q1,1707,853.5,BOWENS,0.9135,898.5,45.7,151.5,33.0,1920,1080,0.241,974.2,62.2
Round3,Q1,1707,853.5,BOWENS,0.9111,47.4,43.2,167.4,35.6,1920,1080,0.287,131.1,61.0
Round3,Q1,1707,853.5,BOWENS,0.907,1169.5,43.4,152.8,32.9,1920,1080,0.243,1245.9,59.9
Round3,Q1,1707,853.5,BOWENS,0.9064,342.9,47.2,156.2,33.8,1920,1080,0.255,421.0,64.1
Round3,Q1,1707,853.5,BOWENS,0.9037,1444.0,39.2,156.8,32.7,1920,1080,0.247,1522.4,55.6
Round3,Q1,1707,853.5,BOWENS,0.9008,581.5,282.8,155.5,37.7,1920,1080,0.283,659.2,301.7
Round3,Q1,1707,853.5,BOWENS,0.8955,860.0,277.8,152.8,38.1,1920,1080,0.281,936.4,296.8
Round3,Q1,1707,853.5,BOWENS,0.8939,1181.3,276.3,153.2,36.6,1920,1080,0.271,1257.9,294.6
Round3,Q1,1707,853.5,BOWENS,0.8938,624.1,47.5,151.6,33.3,1920,1080,0.244,699.8,64.1
Round3,Q1,1707,853.5,BOWENS,0.8787,1509.6,272.1,163.1,39.4,1920,1080,0.31,1591.2,291.8
Round3,Q1,1707,853.5,BOWENS,0.8744,240.4,284.6,164.0,38.8,1920,1080,0.307,322.4,304.0
Round3,Q1,1707,853.5,BOWENS,0.8739,1798.5,269.8,121.5,38.0,1920,1080,0.223,1859.2,288.9
Round3,Q1,1707,853.5,BOWENS,0.8559,0.0,284.8,54.6,40.5,1920,1080,0.107,27.3,305.1
Round3,Q1,1707,853.5,BOWENS,0.8156,1878.2,30.0,41.8,31.4,1920,1080,0.063,1899.1,45.7
Round3,Q1,1707,853.5,BOWENS,0.6025,1732.2,33.5,48.2,32.0,1920,1080,0.074,1756.3,49.5
Round3,Q1,1708,854.0,BOWENS,0.921,304.4,55.7,154.6,33.1,1920,1080,0.247,381.7,72.3
Round3,Q1,1708,854.0,BOWENS,0.9151,581.7,56.5,152.8,32.8,1920,1080,0.242,658.2,72.9
Round3,Q1,1708,854.0,BOWENS,0.9142,1132.0,281.1,153.1,36.6,1920,1080,0.271,1208.6,299.4
Round3,Q1,1708,854.0,BOWENS,0.9085,853.0,55.8,148.3,32.1,1920,1080,0.23,927.1,71.8
Round3,Q1,1708,854.0,BOWENS,0.9073,817.1,283.7,149.1,37.2,1920,1080,0.267,891.7,302.3
Round3,Q1,1708,854.0,BOWENS,0.9002,1118.7,53.5,149.0,32.5,1920,1080,0.233,1193.2,69.8
Round3,Q1,1708,854.0,BOWENS,0.8962,10.7,51.0,167.9,36.2,1920,1080,0.293,94.7,69.1
Round3,Q1,1708,854.0,BOWENS,0.8955,209.7,289.7,160.4,39.1,1920,1080,0.302,289.9,309.2
Round3,Q1,1708,854.0,BOWENS,0.8939,542.3,288.0,152.1,37.2,1920,1080,0.273,618.3,306.6
Round3,Q1,1708,854.0,BOWENS,0.8935,1387.9,49.9,152.3,32.0,1920,1080,0.235,1464.0,65.9
Round3,Q1,1708,854.0,BOWENS,0.8815,1454.0,278.2,159.2,38.3,1920,1080,0.294,1533.6,297.3
Round3,Q1,1708,854.0,BOWENS,0.8743,1739.6,276.0,148.3,36.8,1920,1080,0.263,1813.7,294.4
Round3,Q1,1708,854.0,BOWENS,0.8607,1797.6,41.2,119.9,31.7,1920,1080,0.183,1857.6,57.0
Round3,Q1,1708,854.0,BOWENS,0.7145,0.0,290.3,21.8,39.3,1920,1080,0.041,10.9,309.9
Round3,Q1,1709,854.5,BOWENS,0.9113,1357.8,56.1,149.1,32.2,1920,1080,0.231,1432.3,72.2
Round3,Q1,1709,854.5,BOWENS,0.9101,1.4,57.3,161.0,35.1,1920,1080,0.273,81.9,74.9
Round3,Q1,1709,854.5,BOWENS,0.9096,563.0,62.8,147.8,32.1,1920,1080,0.229,636.9,78.9
Round3,Q1,1709,854.5,BOWENS,0.9047,1109.1,284.3,147.6,37.0,1920,1080,0.264,1182.9,302.8
Round3,Q1,1709,854.5,BOWENS,0.9023,830.8,62.2,145.9,31.4,1920,1080,0.221,903.8,77.9
Round3,Q1,1709,854.5,BOWENS,0.9014,1094.4,59.4,144.9,32.0,1920,1080,0.223,1166.9,75.4
Round3,Q1,1709,854.5,BOWENS,0.9012,1743.7,48.3,146.8,32.2,1920,1080,0.228,1817.2,64.4
Round3,Q1,1709,854.5,BOWENS,0.899,798.4,286.4,145.8,36.9,1920,1080,0.259,871.3,304.8
Round3,Q1,1709,854.5,BOWENS,0.8968,526.5,290.3,153.1,37.4,1920,1080,0.276,603.0,309.0
Round3,Q1,1709,854.5,BOWENS,0.895,290.0,62.2,152.4,32.2,1920,1080,0.236,366.2,78.3
Round3,Q1,1709,854.5,BOWENS,0.8907,1704.8,278.7,156.1,37.9,1920,1080,0.286,1782.8,297.6
Round3,Q1,1709,854.5,BOWENS,0.8892,191.6,293.5,162.6,36.6,1920,1080,0.287,272.9,311.8
Round3,Q1,1709,854.5,BOWENS,0.8727,1436.3,281.5,144.3,36.5,1920,1080,0.254,1508.4,299.8
Round3,Q1,1709,854.5,BOWENS,0.3191,0.0,293.0,11.7,40.2,1920,1080,0.023,5.9,313.1
Round3,Q1,1710,855.0,BOWENS,0.9097,197.2,294.1,156.9,36.8,1920,1080,0.278,275.6,312.4
Round3,Q1,1710,855.0,BOWENS,0.907,522.7,291.2,151.7,36.6,1920,1080,0.268,598.5,309.5
Round3,Q1,1710,855.0,BOWENS,0.9053,1098.4,285.5,145.5,36.2,1920,1080,0.254,1171.1,303.6
Round3,Q1,1710,855.0,BOWENS,0.9038,1080.7,63.2,144.2,31.7,1920,1080,0.221,1152.8,79.1
Round3,Q1,1710,855.0,BOWENS,0.8978,1683.2,279.7,155.9,37.4,1920,1080,0.281,1761.2,298.4
Round3,Q1,1710,855.0,BOWENS,0.8972,2.8,62.1,159.7,33.3,1920,1080,0.257,82.7,78.7
Round3,Q1,1710,855.0,BOWENS,0.8943,790.9,287.6,146.4,35.6,1920,1080,0.251,864.1,305.4
Round3,Q1,1710,855.0,BOWENS,0.894,821.3,65.5,145.3,31.2,1920,1080,0.219,893.9,81.1
Round3,Q1,1710,855.0,BOWENS,0.894,557.0,66.2,148.7,31.5,1920,1080,0.226,631.3,81.9
Round3,Q1,1710,855.0,BOWENS,0.8919,287.8,65.6,151.0,31.6,1920,1080,0.23,363.3,81.4
Round3,Q1,1710,855.0,BOWENS,0.8919,1340.9,60.4,148.6,31.6,1920,1080,0.226,1415.2,76.2
Round3,Q1,1710,855.0,BOWENS,0.8908,1710.3,53.1,154.5,31.8,1920,1080,0.237,1787.6,69.0
Round3,Q1,1710,855.0,BOWENS,0.7621,1372.8,282.1,192.1,36.4,1920,1080,0.337,1468.8,300.3
Round3,Q1,1710,855.0,BOWENS,0.5918,0.0,293.9,15.4,39.7,1920,1080,0.029,7.7,313.7
Round3,Q1,1711,855.5,BOWENS,0.9091,1073.3,63.1,138.7,31.3,1920,1080,0.21,1142.6,78.8
Round3,Q1,1711,855.5,BOWENS,0.9069,8.3,61.8,160.2,33.1,1920,1080,0.256,88.4,78.3
Round3,Q1,1711,855.5,BOWENS,0.9048,789.5,283.5,142.4,34.8,1920,1080,0.239,860.7,300.9
Round3,Q1,1711,855.5,BOWENS,0.9021,818.0,65.5,142.8,30.2,1920,1080,0.208,889.4,80.6
Round3,Q1,1711,855.5,BOWENS,0.8995,1092.6,281.8,142.7,35.5,1920,1080,0.244,1164.0,299.5
Round3,Q1,1711,855.5,BOWENS,0.8973,525.5,286.9,150.1,35.8,1920,1080,0.259,600.6,304.8
Round3,Q1,1711,855.5,BOWENS,0.8946,1668.5,277.0,152.9,36.0,1920,1080,0.265,1745.0,295.0
Round3,Q1,1711,855.5,BOWENS,0.8935,1692.0,53.2,151.9,31.0,1920,1080,0.227,1767.9,68.7
Round3,Q1,1711,855.5,BOWENS,0.8928,1329.2,60.5,147.0,30.5,1920,1080,0.216,1402.7,75.7
Round3,Q1,1711,855.5,BOWENS,0.8905,291.6,65.3,149.0,31.0,1920,1080,0.223,366.1,80.8
Round3,Q1,1711,855.5,BOWENS,0.8899,203.5,289.9,154.2,36.7,1920,1080,0.273,280.6,308.3
Round3,Q1,1711,855.5,BOWENS,0.8879,557.7,65.9,145.2,31.4,1920,1080,0.22,630.3,81.6
Round3,Q1,1711,855.5,BOWENS,0.8593,1378.4,278.7,169.0,35.1,1920,1080,0.286,1462.9,296.3
Round3,Q1,1711,855.5,BOWENS,0.7831,0.0,290.4,25.2,36.8,1920,1080,0.045,12.6,308.8
Round3,Q1,1725,862.5,EMIRATES,0.5425,1891.8,267.1,13.9,78.7,1920,1080,0.053,1898.8,306.4
Round3,Q1,1726,863.0,EMIRATES,0.4104,1779.6,291.4,10.7,51.8,1920,1080,0.027,1785.0,317.3
Round3,Q1,1727,863.5,EMIRATES,0.6385,1849.5,289.8,11.8,78.5,1920,1080,0.045,1855.4,329.1
Round3,Q1,1727,863.5,EMIRATES,0.387,1721.8,278.0,11.4,72.6,1920,1080,0.04,1727.5,314.3
Round3,Q1,1728,864.0,EMIRATES,0.7119,1784.2,297.9,11.6,76.0,1920,1080,0.042,1790.0,335.9
Round3,Q1,1728,864.0,EMIRATES,0.4528,1663.5,285.1,11.0,71.4,1920,1080,0.038,1669.0,320.8
Round3,Q1,1729,864.5,EMIRATES,0.6379,1732.8,310.4,11.1,74.9,1920,1080,0.04,1738.3,347.9
Round3,Q1,1729,864.5,EMIRATES,0.5523,1864.1,325.1,10.8,77.7,1920,1080,0.041,1869.5,364.0
Round3,Q1,1729,864.5,EMIRATES,0.4699,1613.6,302.1,11.0,64.7,1920,1080,0.034,1619.1,334.5
Round3,Q1,1730,865.0,EMIRATES,0.5759,1725.7,321.6,10.6,73.0,1920,1080,0.037,1731.0,358.1
Round3,Q1,1730,865.0,EMIRATES,0.5523,1856.0,337.6,10.5,74.7,1920,1080,0.038,1861.3,374.9
Round3,Q1,1731,865.5,EMIRATES,0.7045,1764.3,331.2,10.9,73.0,1920,1080,0.038,1769.7,367.7
Round3,Q1,1731,865.5,EMIRATES,0.6111,1897.1,344.2,11.0,77.7,1920,1080,0.041,1902.6,383.0
Round3,Q1,1731,865.5,EMIRATES,0.3727,1646.2,350.1,9.2,36.2,1920,1080,0.016,1650.8,368.2
Round3,Q1,1732,866.0,EMIRATES,0.5701,1778.5,329.6,10.6,74.2,1920,1080,0.038,1783.8,366.7
Round3,Q1,1732,866.0,EMIRATES,0.3611,1909.9,373.7,9.6,49.0,1920,1080,0.023,1914.7,398.2
Round3,Q1,1733,866.5,EMIRATES,0.651,1776.8,328.7,10.3,73.4,1920,1080,0.036,1782.0,365.4
Round3,Q1,1733,866.5,EMIRATES,0.398,1909.1,373.6,10.3,47.7,1920,1080,0.024,1914.3,397.4
Round3,Q1,1733,866.5,EMIRATES,0.3169,1656.8,344.2,9.0,40.5,1920,1080,0.018,1661.3,364.5
Round3,Q1,1734,867.0,EMIRATES,0.5669,1787.5,329.3,10.6,73.7,1920,1080,0.038,1792.8,366.1
Round3,Q1,1735,867.5,EMIRATES,0.62,1825.0,350.2,12.8,74.3,1920,1080,0.046,1831.3,387.3
Round3,Q1,1735,867.5,EMIRATES,0.57,1697.3,332.9,12.7,72.5,1920,1080,0.045,1703.7,369.2
Round3,Q1,1735,867.5,EMIRATES,0.3898,1583.3,320.3,12.8,67.6,1920,1080,0.042,1589.8,354.1
Round3,Q1,1736,868.0,EMIRATES,0.6483,1571.6,381.1,14.5,71.2,1920,1080,0.05,1578.8,416.7
Round3,Q1,1736,868.0,EMIRATES,0.5264,1454.9,367.9,14.3,65.9,1920,1080,0.045,1462.0,400.9
Round3,Q1,1736,868.0,EMIRATES,0.3019,1701.3,397.5,15.6,74.2,1920,1080,0.056,1709.2,434.6
Round3,Q1,1737,868.5,EMIRATES,0.5444,1370.5,400.2,12.1,68.8,1920,1080,0.04,1376.5,434.6
Round3,Q1,1737,868.5,EMIRATES,0.4247,1496.2,417.1,12.3,71.0,1920,1080,0.042,1502.3,452.6
Round3,Q1,1738,869.0,EMIRATES,0.5735,1217.7,401.4,12.5,72.9,1920,1080,0.044,1224.0,437.8
Round3,Q1,1738,869.0,EMIRATES,0.4354,1348.9,417.4,13.0,75.4,1920,1080,0.047,1355.4,455.0
Round3,Q1,1738,869.0,EMIRATES,0.3266,1097.8,386.4,12.8,70.0,1920,1080,0.043,1104.2,421.4
Round3,Q1,1739,869.5,EMIRATES,0.5892,1089.4,395.6,11.0,78.3,1920,1080,0.041,1094.9,434.8
Round3,Q1,1739,869.5,EMIRATES,0.5565,963.6,381.0,12.6,74.4,1920,1080,0.045,969.9,418.1
Round3,Q1,1739,869.5,EMIRATES,0.3188,1225.6,412.8,11.1,80.3,1920,1080,0.043,1231.1,453.0
Round3,Q1,1740,870.0,EMIRATES,0.4318,1041.0,417.9,9.6,54.2,1920,1080,0.025,1045.7,445.0
Round3,Q1,1740,870.0,EMIRATES,0.4296,912.9,393.0,9.9,60.9,1920,1080,0.029,917.9,423.4
Round3,Q1,1740,870.0,EMIRATES,0.315,1179.9,410.0,10.1,82.4,1920,1080,0.04,1184.9,451.2
Round3,Q1,1741,870.5,EMIRATES,0.4967,932.5,395.1,10.0,60.5,1920,1080,0.029,937.5,425.4
Round3,Q1,1741,870.5,EMIRATES,0.472,1060.4,407.9,9.8,65.4,1920,1080,0.031,1065.3,440.6
Round3,Q1,1742,871.0,EMIRATES,0.63,993.7,381.7,11.0,75.9,1920,1080,0.04,999.1,419.6
Round3,Q1,1742,871.0,EMIRATES,0.4065,1120.8,397.3,10.2,78.9,1920,1080,0.039,1125.9,436.8
Round3,Q1,1742,871.0,EMIRATES,0.3737,877.1,368.3,10.5,69.1,1920,1080,0.035,882.3,402.9
Round3,Q1,1743,871.5,EMIRATES,0.5665,1037.9,380.9,11.2,74.8,1920,1080,0.041,1043.5,418.3
Round3,Q1,1743,871.5,EMIRATES,0.3725,1162.8,395.2,10.3,78.6,1920,1080,0.039,1168.0,434.5
Round3,Q1,1744,872.0,EMIRATES,0.5424,1065.2,381.0,10.3,73.0,1920,1080,0.036,1070.3,417.5
Round3,Q1,1745,872.5,EMIRATES,0.6046,1068.6,379.3,10.3,73.0,1920,1080,0.036,1073.8,415.8
Round3,Q1,1745,872.5,EMIRATES,0.3776,1189.9,406.5,8.7,61.3,1920,1080,0.026,1194.3,437.2
Round3,Q1,1746,873.0,EMIRATES,0.4665,1176.3,396.1,9.3,69.8,1920,1080,0.031,1180.9,431.0
Round3,Q1,1746,873.0,EMIRATES,0.4467,1057.1,378.6,10.4,72.6,1920,1080,0.036,1062.3,414.9
Round3,Q1,1746,873.0,EMIRATES,0.3605,1305.6,414.9,9.6,70.2,1920,1080,0.032,1310.4,450.0
Round3,Q1,1747,873.5,EMIRATES,0.5137,1025.5,389.1,10.7,70.2,1920,1080,0.036,1030.9,424.3
Round3,Q1,1748,874.0,EMIRATES,0.669,950.3,404.8,11.5,71.0,1920,1080,0.04,956.1,440.3
Round3,Q1,1748,874.0,EMIRATES,0.3247,1073.6,420.9,10.6,74.1,1920,1080,0.038,1078.9,457.9
Round3,Q1,1749,874.5,EMIRATES,0.6302,858.9,420.3,12.6,80.0,1920,1080,0.049,865.2,460.3
Round3,Q1,1749,874.5,EMIRATES,0.4278,991.7,435.8,11.8,81.6,1920,1080,0.046,997.6,476.6
Round3,Q1,1750,875.0,EMIRATES,0.7033,777.3,438.1,12.3,84.5,1920,1080,0.05,783.4,480.3
Round3,Q1,1750,875.0,EMIRATES,0.4694,919.1,489.5,11.0,53.1,1920,1080,0.028,924.6,516.0
Round3,Q1,1751,875.5,EMIRATES,0.5011,748.5,444.2,11.9,88.1,1920,1080,0.051,754.5,488.3
Round3,Q1,1751,875.5,EMIRATES,0.4173,894.1,500.5,10.6,51.1,1920,1080,0.026,899.4,526.0
Round3,Q1,1752,876.0,EMIRATES,0.6411,758.4,448.0,11.5,91.3,1920,1080,0.051,764.1,493.6
Round3,Q1,1752,876.0,EMIRATES,0.5602,907.6,507.6,10.5,51.2,1920,1080,0.026,912.8,533.2
Round3,Q1,1752,876.0,EMIRATES,0.4039,1066.4,483.9,11.8,96.1,1920,1080,0.055,1072.3,531.9
Round3,Q1,1808,904.0,EMIRATES,0.3033,859.7,488.6,10.4,47.5,1920,1080,0.024,865.0,512.4
Round3,Q1,1811,905.5,EMIRATES,0.3894,862.4,501.7,9.9,50.8,1920,1080,0.024,867.4,527.1
Round3,Q1,1812,906.0,EMIRATES,0.3938,864.0,476.5,11.0,82.0,1920,1080,0.043,869.5,517.5
Round3,Q1,1812,906.0,EMIRATES,0.3538,732.6,495.4,10.2,44.9,1920,1080,0.022,737.7,517.8
Round3,Q1,1813,906.5,EMIRATES,0.537,867.7,520.8,9.4,41.0,1920,1080,0.018,872.4,541.2
Round3,Q1,1813,906.5,EMIRATES,0.3195,734.6,462.0,8.7,31.0,1920,1080,0.013,739.0,477.5
Round3,Q1,1814,907.0,EMIRATES,0.339,734.6,501.7,10.0,47.2,1920,1080,0.023,739.6,525.3
Round3,Q1,1815,907.5,EMIRATES,0.5404,873.5,501.3,11.0,70.2,1920,1080,0.037,879.0,536.4
Round3,Q1,1815,907.5,EMIRATES,0.4617,736.8,507.1,10.2,47.2,1920,1080,0.023,741.9,530.7
Round3,Q1,1816,908.0,EMIRATES,0.6837,740.7,512.6,9.6,46.1,1920,1080,0.021,745.5,535.7
Round3,Q1,1816,908.0,EMIRATES,0.5154,1028.3,549.1,9.9,49.0,1920,1080,0.023,1033.2,573.6
Round3,Q1,1816,908.0,EMIRATES,0.411,1029.6,507.7,9.1,34.2,1920,1080,0.015,1034.1,524.8
Round3,Q1,1816,908.0,EMIRATES,0.3233,740.9,473.7,9.8,33.5,1920,1080,0.016,745.8,490.5
Round3,Q1,1817,908.5,EMIRATES,0.568,879.1,530.2,11.2,53.6,1920,1080,0.029,884.7,557.0
Round3,Q1,1817,908.5,EMIRATES,0.476,738.0,517.9,10.8,47.5,1920,1080,0.025,743.4,541.6
Round3,Q1,1817,908.5,EMIRATES,0.3141,739.5,478.8,10.6,32.5,1920,1080,0.017,744.8,495.0
Round3,Q1,1818,909.0,EMIRATES,0.6017,880.5,552.0,10.3,44.2,1920,1080,0.022,885.7,574.1
Round3,Q1,1818,909.0,EMIRATES,0.5415,737.7,529.9,10.4,48.6,1920,1080,0.024,742.9,554.2
Round3,Q1,1819,909.5,EMIRATES,0.3535,914.0,599.3,11.8,61.0,1920,1080,0.035,919.9,629.8
Round3,Q1,1820,910.0,EMIRATES,0.3796,846.6,655.0,11.6,36.3,1920,1080,0.02,852.4,673.2
Round3,Q1,1820,910.0,EMIRATES,0.3214,1169.3,734.9,12.1,62.7,1920,1080,0.036,1175.3,766.2
Round3,Q1,1821,910.5,EMIRATES,0.768,1097.0,776.6,13.0,58.0,1920,1080,0.036,1103.5,805.6
Round3,Q1,1821,910.5,EMIRATES,0.7204,923.5,752.3,12.3,56.6,1920,1080,0.033,929.6,780.6
Round3,Q1,1821,910.5,EMIRATES,0.6837,763.8,687.2,11.8,43.0,1920,1080,0.024,769.7,708.7
Round3,Q1,1821,910.5,EMIRATES,0.6698,924.7,704.3,12.7,40.4,1920,1080,0.025,931.1,724.5
Round3,Q1,1821,910.5,EMIRATES,0.665,764.3,735.3,10.1,53.7,1920,1080,0.026,769.4,762.1
Round3,Q1,1821,910.5,EMIRATES,0.6105,1284.0,796.8,13.2,64.4,1920,1080,0.041,1290.6,829.0
Round3,Q1,1821,910.5,EMIRATES,0.4041,1286.4,748.3,13.0,44.2,1920,1080,0.028,1292.9,770.4
Round3,Q1,1822,911.0,EMIRATES,0.789,1004.0,778.0,12.8,61.0,1920,1080,0.038,1010.3,808.5
Round3,Q1,1822,911.0,EMIRATES,0.7866,1203.7,801.9,14.7,65.1,1920,1080,0.046,1211.1,834.4
Round3,Q1,1822,911.0,EMIRATES,0.7804,1424.2,767.9,15.7,51.9,1920,1080,0.039,1432.0,793.9
Round3,Q1,1822,911.0,EMIRATES,0.7722,1004.7,717.9,13.2,50.5,1920,1080,0.032,1011.4,743.1
Round3,Q1,1822,911.0,EMIRATES,0.7108,1421.9,831.2,15.9,69.9,1920,1080,0.054,1429.8,866.2
Round3,Q1,1822,911.0,EMIRATES,0.6659,820.0,696.8,12.2,46.4,1920,1080,0.027,826.1,720.0
Round3,Q1,1822,911.0,EMIRATES,0.5538,1204.9,742.8,15.1,57.1,1920,1080,0.042,1212.5,771.3
Round3,Q1,1822,911.0,EMIRATES,0.3102,818.5,748.0,12.8,65.8,1920,1080,0.041,824.9,780.9
Round3,Q1,1823,911.5,EMIRATES,0.8011,1313.1,794.6,16.9,76.0,1920,1080,0.062,1321.6,832.6
Round3,Q1,1823,911.5,EMIRATES,0.7925,1081.5,763.5,15.2,72.0,1920,1080,0.053,1089.1,799.4
Round3,Q1,1823,911.5,EMIRATES,0.7843,1083.7,697.8,14.5,55.9,1920,1080,0.039,1091.0,725.7
Round3,Q1,1823,911.5,EMIRATES,0.77,870.3,673.7,13.5,57.3,1920,1080,0.037,877.1,702.3
Round3,Q1,1823,911.5,EMIRATES,0.765,868.3,735.9,14.8,70.5,1920,1080,0.05,875.7,771.2
Round3,Q1,1823,911.5,EMIRATES,0.7548,1568.1,828.4,17.2,82.2,1920,1080,0.068,1576.7,869.5
Round3,Q1,1823,911.5,EMIRATES,0.7315,1571.1,754.9,17.1,59.1,1920,1080,0.049,1579.6,784.5
Round3,Q1,1823,911.5,EMIRATES,0.696,1313.9,725.7,18.1,66.4,1920,1080,0.058,1323.0,758.9
Round3,Q1,1824,912.0,EMIRATES,0.7934,1469.4,728.8,19.8,88.7,1920,1080,0.085,1479.3,773.2
Round3,Q1,1824,912.0,EMIRATES,0.7828,1195.4,611.6,17.2,64.7,1920,1080,0.054,1204.0,643.9
Round3,Q1,1824,912.0,EMIRATES,0.7801,1193.1,692.5,18.0,83.7,1920,1080,0.073,1202.1,734.4
Round3,Q1,1824,912.0,EMIRATES,0.7754,940.8,656.1,16.8,85.8,1920,1080,0.07,949.3,699.0
Round3,Q1,1824,912.0,EMIRATES,0.7695,943.3,584.4,15.3,66.0,1920,1080,0.049,951.0,617.4
Round3,Q1,1824,912.0,EMIRATES,0.7168,1779.5,683.0,20.7,75.0,1920,1080,0.075,1789.8,720.6
Round3,Q1,1824,912.0,EMIRATES,0.6693,1471.1,646.0,20.3,81.9,1920,1080,0.08,1481.2,687.0
Round3,Q1,1825,912.5,EMIRATES,0.881,794.3,815.5,50.2,15.7,1920,1080,0.038,819.4,823.3
Round3,Q1,1825,912.5,EMIRATES,0.8771,544.6,642.5,28.6,19.6,1920,1080,0.027,558.9,652.3
Round3,Q1,1825,912.5,EMIRATES,0.8617,1865.9,760.8,45.9,13.6,1920,1080,0.03,1888.8,767.7
Round3,Q1,1825,912.5,EMIRATES,0.8347,1334.1,374.8,58.2,313.5,1920,1080,0.88,1363.2,531.6
Round3,Q1,1825,912.5,EMIRATES,0.7397,1335.8,87.0,61.7,267.0,1920,1080,0.794,1366.6,220.5
Round3,Q1,1826,913.0,EMIRATES,0.8398,1806.1,497.0,76.3,318.9,1920,1080,1.174,1844.2,656.4
Round3,Q1,1826,913.0,EMIRATES,0.7965,1636.9,744.4,52.9,12.1,1920,1080,0.031,1663.4,750.4
Round3,Q1,1826,913.0,EMIRATES,0.7487,887.7,386.4,66.1,309.9,1920,1080,0.988,920.8,541.3
Round3,Q1,1826,913.0,EMIRATES,0.7431,1812.2,190.7,79.7,285.2,1920,1080,1.096,1852.1,333.3
Round3,Q1,1826,913.0,EMIRATES,0.6306,889.2,106.9,73.9,271.7,1920,1080,0.968,926.1,242.7
Round3,Q1,1827,913.5,EMIRATES,0.8562,1830.9,952.6,55.2,18.6,1920,1080,0.049,1858.5,961.9
Round3,Q1,1827,913.5,EMIRATES,0.8544,1825.4,738.9,57.5,19.3,1920,1080,0.054,1854.2,748.6
Round3,Q1,1827,913.5,EMIRATES,0.8102,306.4,338.2,57.4,293.1,1920,1080,0.811,335.1,484.8
Round3,Q1,1827,913.5,EMIRATES,0.7811,1118.7,585.5,48.4,16.6,1920,1080,0.039,1142.9,593.8
Round3,Q1,1827,913.5,EMIRATES,0.7403,1188.1,154.4,64.4,266.6,1920,1080,0.828,1220.3,287.7
Round3,Q1,1827,913.5,EMIRATES,0.7267,305.5,72.7,60.3,255.7,1920,1080,0.743,335.6,200.5
Round3,Q1,1827,913.5,EMIRATES,0.3843,1188.8,436.3,60.5,257.9,1920,1080,0.753,1219.1,565.2
Round3,Q1,1828,914.0,EMIRATES,0.8721,1379.2,924.9,44.4,25.4,1920,1080,0.054,1401.4,937.6
Round3,Q1,1828,914.0,EMIRATES,0.8561,1245.4,668.6,37.0,15.3,1920,1080,0.027,1263.9,676.2
Round3,Q1,1828,914.0,EMIRATES,0.8376,800.2,409.0,54.8,296.8,1920,1080,0.785,827.6,557.4
Round3,Q1,1828,914.0,EMIRATES,0.8276,1731.1,518.2,56.6,309.9,1920,1080,0.846,1759.4,673.1
Round3,Q1,1828,914.0,EMIRATES,0.7514,800.3,142.1,51.9,252.1,1920,1080,0.632,826.3,268.2
Round3,Q1,1828,914.0,EMIRATES,0.7504,671.0,554.5,46.8,16.3,1920,1080,0.037,694.4,562.7
Round3,Q1,1828,914.0,EMIRATES,0.6819,1733.1,237.6,55.1,263.5,1920,1080,0.7,1760.7,369.3
Round3,Q1,1829,914.5,EMIRATES,0.8462,727.5,414.3,54.8,308.4,1920,1080,0.816,754.9,568.5
Round3,Q1,1829,914.5,EMIRATES,0.8203,1713.5,527.8,52.1,329.0,1920,1080,0.826,1739.5,692.3
Round3,Q1,1829,914.5,EMIRATES,0.7216,724.8,126.5,50.1,271.0,1920,1080,0.655,749.8,262.0
Round3,Q1,1829,914.5,EMIRATES,0.3085,982.2,687.9,26.0,14.6,1920,1080,0.018,995.2,695.2
Round3,Q1,1830,915.0,EMIRATES,0.8347,656.5,408.3,57.1,332.8,1920,1080,0.917,685.1,574.7
Round3,Q1,1830,915.0,EMIRATES,0.7962,1708.1,531.9,58.4,349.6,1920,1080,0.984,1737.3,706.7
Round3,Q1,1830,915.0,EMIRATES,0.7636,655.8,103.3,49.5,294.0,1920,1080,0.701,680.5,250.3
Round3,Q1,1830,915.0,EMIRATES,0.4971,1711.0,215.8,51.2,296.0,1920,1080,0.731,1736.6,363.8
Round3,Q1,1840,920.0,EMIRATES,0.552,1135.3,718.9,20.6,7.2,1920,1080,0.007,1145.6,722.5
Round3,Q1,1871,935.5,EMIRATES,0.8895,965.7,566.7,32.7,12.5,1920,1080,0.02,982.1,573.0
Round3,Q1,1871,935.5,EMIRATES,0.6902,279.4,86.8,23.9,10.9,1920,1080,0.013,291.3,92.3
Round3,Q1,1872,936.0,EMIRATES,0.8511,1080.8,542.3,31.3,9.8,1920,1080,0.015,1096.5,547.2
Round3,Q1,1872,936.0,EMIRATES,0.8178,940.8,475.2,41.6,12.4,1920,1080,0.025,961.6,481.4
Round3,Q1,1873,936.5,EMIRATES,0.8862,1280.9,433.1,39.8,11.7,1920,1080,0.022,1300.8,438.9
Round3,Q1,1873,936.5,EMIRATES,0.8502,547.3,184.9,26.1,11.3,1920,1080,0.014,560.4,190.5
Round3,Q1,1874,937.0,EMIRATES,0.8978,1341.9,388.0,40.4,13.2,1920,1080,0.026,1362.1,394.6
Round3,Q1,1874,937.0,EMIRATES,0.6789,1160.1,307.2,27.9,23.6,1920,1080,0.032,1174.0,318.9
Round3,Q1,1875,937.5,EMIRATES,0.8934,1201.0,451.3,44.3,19.7,1920,1080,0.042,1223.1,461.1
Round3,Q1,1875,937.5,EMIRATES,0.8358,918.4,313.0,23.5,11.9,1920,1080,0.013,930.2,318.9
Round3,Q1,1875,937.5,EMIRATES,0.8087,1294.5,294.8,21.8,18.9,1920,1080,0.02,1305.4,304.2
Round3,Q1,1875,937.5,EMIRATES,0.7236,1293.9,526.8,29.2,17.1,1920,1080,0.024,1308.5,535.4
Round3,Q1,1876,938.0,EMIRATES,0.8907,1227.3,660.5,38.6,16.2,1920,1080,0.03,1246.6,668.6
Round3,Q1,1876,938.0,EMIRATES,0.8843,1172.3,420.6,47.4,21.9,1920,1080,0.05,1196.0,431.6
Round3,Q1,1876,938.0,EMIRATES,0.8748,723.6,464.8,51.7,15.2,1920,1080,0.038,749.4,472.3
Round3,Q1,1876,938.0,EMIRATES,0.8624,554.5,44.9,32.6,11.1,1920,1080,0.017,570.8,50.4
Round3,Q1,1877,938.5,EMIRATES,0.8874,895.0,820.9,47.7,18.4,1920,1080,0.042,918.9,830.1
Round3,Q1,1877,938.5,EMIRATES,0.8848,0.0,497.6,40.8,17.8,1920,1080,0.035,20.4,506.5
Round3,Q1,1877,938.5,EMIRATES,0.8691,1393.7,297.2,28.2,13.3,1920,1080,0.018,1407.8,303.8
Round3,Q1,1877,938.5,EMIRATES,0.6324,233.2,127.1,40.7,13.9,1920,1080,0.027,253.6,134.0
Round3,Q1,1878,939.0,EMIRATES,0.8765,301.4,1025.6,61.0,15.7,1920,1080,0.046,331.9,1033.4
Round3,Q1,1879,939.5,EMIRATES,0.8712,340.7,791.2,38.8,26.6,1920,1080,0.05,360.0,804.5
Round3,Q1,1879,939.5,EMIRATES,0.3119,1287.4,351.4,16.8,24.3,1920,1080,0.02,1295.8,363.5
Round3,Q1,1880,940.0,EMIRATES,0.8816,214.0,739.6,27.0,21.9,1920,1080,0.028,227.4,750.5
Round3,Q1,1880,940.0,EMIRATES,0.8707,1491.5,370.3,29.6,17.2,1920,1080,0.024,1506.3,378.9
Round3,Q1,1881,940.5,EMIRATES,0.8864,1592.4,374.9,41.0,13.3,1920,1080,0.026,1612.9,381.5
Round3,Q1,1882,941.0,EMIRATES,0.894,1664.4,390.6,33.5,12.5,1920,1080,0.02,1681.2,396.9
Round3,Q1,1882,941.0,EMIRATES,0.8736,234.1,643.7,31.3,13.1,1920,1080,0.02,249.8,650.3
Round3,Q1,1883,941.5,EMIRATES,0.8986,1779.7,390.2,32.8,18.2,1920,1080,0.029,1796.1,399.3
Round3,Q1,1883,941.5,EMIRATES,0.608,404.7,573.6,22.9,17.0,1920,1080,0.019,416.2,582.1
Round3,Q1,1884,942.0,EMIRATES,0.9063,578.7,439.8,40.2,15.3,1920,1080,0.03,598.9,447.4
Round3,Q1,1885,942.5,EMIRATES,0.8801,478.0,363.2,55.5,17.9,1920,1080,0.048,505.8,372.1
Round3,Q1,1886,943.0,EMIRATES,0.8817,56.0,233.8,60.8,16.5,1920,1080,0.048,86.4,242.0
Round3,Q1,1886,943.0,EMIRATES,0.7312,1283.0,346.3,30.6,19.9,1920,1080,0.029,1298.3,356.2
Round3,Q1,1887,943.5,EMIRATES,0.8955,1037.4,268.0,44.8,19.1,1920,1080,0.041,1059.8,277.6
Round3,Q1,1888,944.0,EMIRATES,0.6116,860.4,210.2,34.9,12.5,1920,1080,0.021,877.8,216.4
Round3,Q1,1889,944.5,EMIRATES,0.8964,757.4,190.1,36.4,13.0,1920,1080,0.023,775.7,196.6
Round3,Q1,1890,945.0,EMIRATES,0.8931,704.6,166.8,37.6,11.9,1920,1080,0.022,723.4,172.7
Round3,Q1,1891,945.5,EMIRATES,0.8907,723.3,147.6,37.4,12.7,1920,1080,0.023,742.0,153.9
Round3,Q1,1892,946.0,EMIRATES,0.8642,797.6,161.9,32.4,11.5,1920,1080,0.018,813.8,167.6
Round3,Q1,1893,946.5,EMIRATES,0.4238,945.0,128.4,17.1,12.9,1920,1080,0.011,953.6,134.9
Round3,Q1,1899,949.5,EMIRATES,0.3389,1162.0,329.7,9.6,59.0,1920,1080,0.027,1166.8,359.1
Round3,Q1,1903,951.5,EMIRATES,0.3595,1215.8,340.4,8.9,51.5,1920,1080,0.022,1220.3,366.1
Round3,Q1,1908,954.0,EMIRATES,0.3631,1371.3,452.6,9.4,45.8,1920,1080,0.021,1376.1,475.5
Round3,Q1,1909,954.5,EMIRATES,0.3769,1358.0,497.9,8.5,41.9,1920,1080,0.017,1362.2,518.8
Round3,Q1,1911,955.5,EMIRATES,0.5804,1116.1,496.3,11.3,62.1,1920,1080,0.034,1121.7,527.3
Round3,Q1,1911,955.5,EMIRATES,0.5395,1260.7,529.1,10.9,50.5,1920,1080,0.027,1266.1,554.4
Round3,Q1,1911,955.5,EMIRATES,0.3928,1117.2,473.0,11.4,61.8,1920,1080,0.034,1122.8,503.9
Round3,Q1,1912,956.0,EMIRATES,0.7161,1007.1,486.8,13.0,56.2,1920,1080,0.035,1013.6,514.9
Round3,Q1,1912,956.0,EMIRATES,0.572,851.7,422.2,13.9,44.3,1920,1080,0.03,858.7,444.4
Round3,Q1,1912,956.0,EMIRATES,0.527,1008.6,440.2,13.1,40.5,1920,1080,0.026,1015.2,460.5
Round3,Q1,1912,956.0,EMIRATES,0.4683,1177.9,461.6,12.8,45.0,1920,1080,0.028,1184.3,484.1
Round3,Q1,1912,956.0,EMIRATES,0.4635,1362.4,483.2,11.7,45.1,1920,1080,0.025,1368.2,505.7
Round3,Q1,1912,956.0,EMIRATES,0.3088,851.5,468.1,13.1,53.2,1920,1080,0.033,858.0,494.6
Round3,Q1,1913,956.5,EMIRATES,0.89,618.3,1045.8,56.4,18.7,1920,1080,0.051,646.5,1055.2
Round3,Q1,1913,956.5,EMIRATES,0.8884,967.4,758.6,51.7,21.7,1920,1080,0.054,993.3,769.5
Round3,Q1,1913,956.5,EMIRATES,0.8823,808.3,437.2,38.0,15.1,1920,1080,0.028,827.3,444.7
Round3,Q1,1913,956.5,EMIRATES,0.8657,327.3,85.4,61.8,337.8,1920,1080,1.006,358.2,254.3
Round3,Q1,1913,956.5,EMIRATES,0.8525,1464.8,491.5,45.0,16.6,1920,1080,0.036,1487.3,499.8
Round3,Q1,1913,956.5,EMIRATES,0.629,1408.3,213.7,53.5,234.0,1920,1080,0.604,1435.0,330.7
Round3,Q1,1913,956.5,EMIRATES,0.5735,1410.5,1.9,58.6,190.7,1920,1080,0.539,1439.8,97.3
Round3,Q1,1913,956.5,EMIRATES,0.459,333.1,2.8,48.0,65.7,1920,1080,0.152,357.2,35.6
Round3,Q1,1914,957.0,EMIRATES,0.9028,908.3,880.5,44.3,25.8,1920,1080,0.055,930.5,893.4
Round3,Q1,1914,957.0,EMIRATES,0.8311,101.8,275.8,62.0,333.3,1920,1080,0.997,132.8,442.4
Round3,Q1,1914,957.0,EMIRATES,0.8088,1252.8,627.3,38.6,15.8,1920,1080,0.029,1272.1,635.2
Round3,Q1,1914,957.0,EMIRATES,0.7531,1187.8,87.5,57.0,196.6,1920,1080,0.541,1216.3,185.8
Round3,Q1,1914,957.0,EMIRATES,0.6458,103.1,0.8,64.4,258.1,1920,1080,0.802,135.3,129.9
Round3,Q1,1914,957.0,EMIRATES,0.5354,1184.3,400.9,52.0,244.1,1920,1080,0.612,1210.2,523.0
Round3,Q1,1915,957.5,EMIRATES,0.8174,871.6,190.7,59.5,354.0,1920,1080,1.017,901.4,367.7
Round3,Q1,1915,957.5,EMIRATES,0.8152,935.8,939.7,44.4,26.9,1920,1080,0.058,958.0,953.2
Round3,Q1,1915,957.5,EMIRATES,0.5855,872.1,2.3,68.2,169.3,1920,1080,0.557,906.2,86.9
Round3,Q1,1915,957.5,EMIRATES,0.5548,994.5,620.1,36.0,22.5,1920,1080,0.039,1012.5,631.4
Round3,Q1,1916,958.0,EMIRATES,0.8748,1036.3,368.0,35.5,23.5,1920,1080,0.04,1054.0,379.8
Round3,Q1,1916,958.0,EMIRATES,0.8205,1261.6,420.4,30.8,15.8,1920,1080,0.024,1277.0,428.3
Round3,Q1,1916,958.0,EMIRATES,0.7881,429.1,110.0,70.3,389.5,1920,1080,1.321,464.3,304.7
Round3,Q1,1916,958.0,EMIRATES,0.3387,314.0,487.9,55.2,19.4,1920,1080,0.052,341.6,497.6
Round3,Q1,1917,958.5,EMIRATES,0.8884,1126.1,359.6,51.0,18.8,1920,1080,0.046,1151.7,369.0
Round3,Q1,1917,958.5,EMIRATES,0.8839,827.5,441.7,46.1,17.0,1920,1080,0.038,850.6,450.1
Round3,Q1,1937,968.5,CYBERCX,0.8422,666.9,404.0,38.9,16.2,1920,1080,0.03,686.4,412.1
Round3,Q1,1937,968.5,CYBERCX,0.836,906.8,402.1,36.3,15.2,1920,1080,0.027,925.0,409.7
Round3,Q1,1937,968.5,CYBERCX,0.8283,711.6,403.6,37.1,15.4,1920,1080,0.028,730.1,411.3
Round3,Q1,1937,968.5,CYBERCX,0.8147,865.6,402.7,36.3,14.9,1920,1080,0.026,883.8,410.2
Round3,Q1,1937,968.5,CYBERCX,0.8013,623.4,403.6,37.2,17.0,1920,1080,0.031,642.0,412.1
Round3,Q1,1937,968.5,CYBERCX,0.7664,949.3,402.1,35.7,14.6,1920,1080,0.025,967.2,409.4
Round3,Q1,1938,969.0,CYBERCX,0.85,930.2,387.3,40.3,16.4,1920,1080,0.032,950.3,395.5
Round3,Q1,1938,969.0,CYBERCX,0.8466,977.8,387.6,40.7,15.7,1920,1080,0.031,998.2,395.4
Round3,Q1,1938,969.0,CYBERCX,0.8392,883.3,387.8,40.3,16.5,1920,1080,0.032,903.4,396.0
Round3,Q1,1938,969.0,CYBERCX,0.8381,657.8,389.2,43.6,18.2,1920,1080,0.038,679.6,398.3
Round3,Q1,1938,969.0,CYBERCX,0.8373,607.4,388.7,42.8,19.3,1920,1080,0.04,628.8,398.4
Round3,Q1,1938,969.0,CYBERCX,0.8131,708.6,389.0,41.3,17.4,1920,1080,0.035,729.2,397.7
Round3,Q1,1939,969.5,CYBERCX,0.8661,653.1,367.3,48.1,20.1,1920,1080,0.047,677.2,377.4
Round3,Q1,1939,969.5,CYBERCX,0.8523,597.5,366.7,46.9,21.3,1920,1080,0.048,620.9,377.3
Round3,Q1,1939,969.5,CYBERCX,0.8503,906.0,365.3,45.4,18.2,1920,1080,0.04,928.7,374.4
Round3,Q1,1939,969.5,CYBERCX,0.8443,709.7,366.7,46.3,19.8,1920,1080,0.044,732.9,376.6
Round3,Q1,1939,969.5,CYBERCX,0.8383,958.9,365.2,45.0,17.9,1920,1080,0.039,981.4,374.2
Round3,Q1,1939,969.5,CYBERCX,0.8336,1011.9,364.6,46.0,18.0,1920,1080,0.04,1034.9,373.6
Round3,Q1,1940,970.0,EMIRATES,0.8825,1768.5,619.4,41.4,33.3,1920,1080,0.066,1789.2,636.0
Round3,Q1,1940,970.0,EMIRATES,0.8811,991.5,409.1,37.3,34.7,1920,1080,0.062,1010.2,426.5
Round3,Q1,1941,970.5,EMIRATES,0.8845,1649.3,681.4,43.1,26.7,1920,1080,0.055,1670.8,694.7
Round3,Q1,1942,971.0,EMIRATES,0.8974,1507.8,522.9,48.2,17.6,1920,1080,0.041,1531.9,531.7
Round3,Q1,1942,971.0,EMIRATES,0.8312,971.1,370.0,21.4,11.1,1920,1080,0.011,981.8,375.6
Round3,Q1,1942,971.0,EMIRATES,0.356,213.6,425.9,23.1,17.4,1920,1080,0.019,225.2,434.6
Round3,Q1,1943,971.5,EMIRATES,0.8989,1528.4,419.7,44.7,14.7,1920,1080,0.032,1550.7,427.0
Round3,Q1,1943,971.5,EMIRATES,0.8586,1173.9,236.2,33.9,11.8,1920,1080,0.019,1190.8,242.0
Round3,Q1,1944,972.0,EMIRATES,0.8973,1521.0,350.8,44.9,16.4,1920,1080,0.035,1543.5,359.0
Round3,Q1,1944,972.0,EMIRATES,0.8879,1103.7,175.0,39.1,14.3,1920,1080,0.027,1123.3,182.1
Round3,Q1,1944,972.0,EMIRATES,0.8722,966.0,252.4,40.9,17.5,1920,1080,0.034,986.4,261.1
Round3,Q1,1945,972.5,EMIRATES,0.9086,1532.5,248.9,45.4,17.1,1920,1080,0.038,1555.2,257.5
Round3,Q1,1945,972.5,EMIRATES,0.8039,1082.3,99.7,21.8,13.9,1920,1080,0.015,1093.2,106.7
Round3,Q1,1945,972.5,EMIRATES,0.5809,973.5,266.6,22.3,13.7,1920,1080,0.015,984.7,273.4
Round3,Q1,1946,973.0,EMIRATES,0.8997,1566.9,161.1,41.2,21.3,1920,1080,0.042,1587.5,171.8
Round3,Q1,1946,973.0,EMIRATES,0.7108,939.3,257.2,18.4,12.2,1920,1080,0.011,948.5,263.3
Round3,Q1,1947,973.5,EMIRATES,0.9096,1553.3,67.3,36.5,16.8,1920,1080,0.03,1571.6,75.7
Round3,Q1,1947,973.5,EMIRATES,0.9002,895.0,223.9,37.4,12.9,1920,1080,0.023,913.7,230.4
Round3,Q1,1948,974.0,EMIRATES,0.8947,945.2,209.3,38.0,12.6,1920,1080,0.023,964.2,215.5
Round3,Q1,1949,974.5,EMIRATES,0.4143,1331.4,172.0,10.9,75.2,1920,1080,0.04,1336.9,209.6
Round3,Q1,1950,975.0,CRUSADER_CARAVANS,0.8226,360.5,22.3,41.6,18.6,1920,1080,0.037,381.3,31.6
Round3,Q1,1950,975.0,CRUSADER_CARAVANS,0.8194,591.8,31.0,39.5,18.4,1920,1080,0.035,611.5,40.2
Round3,Q1,1950,975.0,CRUSADER_CARAVANS,0.8159,816.4,39.6,39.1,17.8,1920,1080,0.033,835.9,48.5
Round3,Q1,1950,975.0,CRUSADER_CARAVANS,0.8079,556.2,160.0,43.9,20.2,1920,1080,0.043,578.2,170.1
Round3,Q1,1950,975.0,CRUSADER_CARAVANS,0.8057,0.3,5.4,106.7,22.4,1920,1080,0.115,53.7,16.6
Round3,Q1,1950,975.0,CRUSADER_CARAVANS,0.7959,638.2,34.2,171.6,21.8,1920,1080,0.18,724.0,45.1
Round3,Q1,1950,975.0,CRUSADER_CARAVANS,0.788,60.1,145.3,227.6,22.3,1920,1080,0.245,173.9,156.5
Round3,Q1,1950,975.0,CRUSADER_CARAVANS,0.7844,1073.3,49.2,170.7,23.7,1920,1080,0.195,1158.7,61.0
Round3,Q1,1950,975.0,CRUSADER_CARAVANS,0.7843,113.5,11.4,42.9,18.7,1920,1080,0.039,135.0,20.7
Round3,Q1,1950,975.0,CRUSADER_CARAVANS,0.7773,859.6,41.2,171.6,24.0,1920,1080,0.199,945.4,53.2
Round3,Q1,1950,975.0,CRUSADER_CARAVANS,0.7689,405.9,24.4,181.9,23.2,1920,1080,0.203,496.9,36.0
Round3,Q1,1950,975.0,CRUSADER_CARAVANS,0.7657,1717.5,263.1,42.7,27.0,1920,1080,0.056,1738.8,276.6
Round3,Q1,1950,975.0,CRUSADER_CARAVANS,0.7648,161.3,14.3,192.2,24.2,1920,1080,0.224,257.4,26.4
Round3,Q1,1950,975.0,CRUSADER_CARAVANS,0.7498,1502.7,69.4,177.4,25.8,1920,1080,0.221,1591.4,82.3
Round3,Q1,1950,975.0,CRUSADER_CARAVANS,0.745,1033.6,47.4,38.6,18.5,1920,1080,0.034,1052.8,56.6
Round3,Q1,1950,975.0,CRUSADER_CARAVANS,0.7371,1071.5,192.9,183.4,31.6,1920,1080,0.28,1163.2,208.7
Round3,Q1,1950,975.0,CRUSADER_CARAVANS,0.7329,3.4,141.4,52.3,21.0,1920,1080,0.053,29.6,151.9
Round3,Q1,1950,975.0,CRUSADER_CARAVANS,0.7327,1291.2,59.1,169.2,24.9,1920,1080,0.203,1375.8,71.6
Round3,Q1,1950,975.0,CRUSADER_CARAVANS,0.7256,348.7,153.3,201.1,25.1,1920,1080,0.244,449.3,165.8
Round3,Q1,1950,975.0,CRUSADER_CARAVANS,0.7181,1770.4,83.1,149.6,29.3,1920,1080,0.211,1845.2,97.8
Round3,Q1,1950,975.0,CRUSADER_CARAVANS,0.7168,295.9,151.1,46.0,20.4,1920,1080,0.045,318.8,161.3
Round3,Q1,1950,975.0,CRUSADER_CARAVANS,0.7161,603.2,163.1,190.1,24.8,1920,1080,0.227,698.3,175.5
Round3,Q1,1950,975.0,CRUSADER_CARAVANS,0.697,1465.4,66.6,38.3,19.9,1920,1080,0.037,1484.5,76.6
Round3,Q1,1950,975.0,CRUSADER_CARAVANS,0.6948,1523.3,240.0,188.4,42.8,1920,1080,0.389,1617.5,261.4
Round3,Q1,1950,975.0,CRUSADER_CARAVANS,0.6706,847.3,176.8,169.9,26.8,1920,1080,0.219,932.2,190.2
Round3,Q1,1950,975.0,CRUSADER_CARAVANS,0.6277,798.7,173.2,44.6,20.6,1920,1080,0.044,821.0,183.5
Round3,Q1,1950,975.0,CRUSADER_CARAVANS,0.6062,1031.9,189.7,40.1,20.9,1920,1080,0.04,1051.9,200.1
Round3,Q1,1950,975.0,CRUSADER_CARAVANS,0.5814,1299.5,213.2,181.6,36.8,1920,1080,0.322,1390.3,231.6
Round3,Q1,1950,975.0,CRUSADER_CARAVANS,0.5463,1768.4,272.6,151.2,47.2,1920,1080,0.345,1844.0,296.2
Round3,Q1,1950,975.0,CRUSADER_CARAVANS,0.4193,1250.4,56.9,40.5,18.6,1920,1080,0.036,1270.6,66.2
Round3,Q1,1951,975.5,CRUSADER_CARAVANS,0.8293,631.6,57.7,37.0,17.4,1920,1080,0.031,650.1,66.4
Round3,Q1,1951,975.5,CRUSADER_CARAVANS,0.8265,846.7,65.3,37.5,17.3,1920,1080,0.031,865.4,74.0
Round3,Q1,1951,975.5,CRUSADER_CARAVANS,0.8074,673.9,59.4,164.8,22.0,1920,1080,0.175,756.3,70.4
Round3,Q1,1951,975.5,CRUSADER_CARAVANS,0.8027,1095.1,74.6,161.2,22.7,1920,1080,0.177,1175.7,86.0
Round3,Q1,1951,975.5,CRUSADER_CARAVANS,0.7978,127.3,168.9,214.8,21.1,1920,1080,0.218,234.7,179.5
Round3,Q1,1951,975.5,CRUSADER_CARAVANS,0.796,410.1,49.9,40.3,18.1,1920,1080,0.035,430.3,59.0
Round3,Q1,1951,975.5,CRUSADER_CARAVANS,0.7913,1304.4,83.8,161.9,24.3,1920,1080,0.19,1385.3,95.9
Round3,Q1,1951,975.5,CRUSADER_CARAVANS,0.7913,455.6,52.4,172.1,21.3,1920,1080,0.177,541.6,63.1
Round3,Q1,1951,975.5,CRUSADER_CARAVANS,0.7891,72.5,164.9,48.2,20.8,1920,1080,0.048,96.6,175.3
Round3,Q1,1951,975.5,CRUSADER_CARAVANS,0.7868,889.8,66.8,162.0,22.6,1920,1080,0.176,970.8,78.1
Round3,Q1,1951,975.5,CRUSADER_CARAVANS,0.7842,1.7,32.7,169.7,24.3,1920,1080,0.198,86.5,44.8
Round3,Q1,1951,975.5,CRUSADER_CARAVANS,0.7778,224.5,44.4,178.8,21.6,1920,1080,0.187,313.9,55.2
Round3,Q1,1951,975.5,CRUSADER_CARAVANS,0.7736,594.9,181.7,42.7,18.6,1920,1080,0.038,616.3,191.0
Round3,Q1,1951,975.5,CRUSADER_CARAVANS,0.7733,1503.4,93.8,175.0,26.0,1920,1080,0.219,1590.9,106.8
Round3,Q1,1951,975.5,CRUSADER_CARAVANS,0.7722,349.6,173.7,42.0,19.2,1920,1080,0.039,370.6,183.3
Round3,Q1,1951,975.5,CRUSADER_CARAVANS,0.7624,1093.3,213.4,176.5,29.3,1920,1080,0.25,1181.6,228.0
Round3,Q1,1951,975.5,CRUSADER_CARAVANS,0.7607,176.9,41.4,40.7,17.9,1920,1080,0.035,197.2,50.4
Round3,Q1,1951,975.5,CRUSADER_CARAVANS,0.7395,1769.4,107.7,150.6,28.9,1920,1080,0.21,1844.7,122.2
Round3,Q1,1951,975.5,CRUSADER_CARAVANS,0.7273,1713.4,280.7,40.7,26.1,1920,1080,0.051,1733.8,293.7
Round3,Q1,1951,975.5,CRUSADER_CARAVANS,0.7269,398.6,175.9,192.4,22.3,1920,1080,0.207,494.8,187.0
Round3,Q1,1951,975.5,CRUSADER_CARAVANS,0.7268,641.4,183.5,185.1,26.1,1920,1080,0.233,733.9,196.5
Round3,Q1,1951,975.5,CRUSADER_CARAVANS,0.7046,1471.3,91.4,36.2,19.1,1920,1080,0.033,1489.4,101.0
Round3,Q1,1951,975.5,CRUSADER_CARAVANS,0.7036,1055.3,72.5,37.0,18.1,1920,1080,0.032,1073.8,81.5
Round3,Q1,1951,975.5,CRUSADER_CARAVANS,0.699,1525.1,257.4,183.1,42.8,1920,1080,0.378,1616.7,278.8
Round3,Q1,1951,975.5,CRUSADER_CARAVANS,0.6905,0.1,162.3,68.1,22.2,1920,1080,0.073,34.2,173.4
Round3,Q1,1951,975.5,CRUSADER_CARAVANS,0.6162,1758.8,287.8,160.5,51.7,1920,1080,0.4,1839.0,313.7
Round3,Q1,1951,975.5,CRUSADER_CARAVANS,0.6,1053.6,209.2,36.9,19.1,1920,1080,0.034,1072.0,218.8
Round3,Q1,1951,975.5,CRUSADER_CARAVANS,0.589,1312.5,231.3,161.6,36.2,1920,1080,0.282,1393.4,249.4
Round3,Q1,1951,975.5,CRUSADER_CARAVANS,0.5649,874.1,195.4,161.4,27.6,1920,1080,0.214,954.8,209.2
Round3,Q1,1951,975.5,CRUSADER_CARAVANS,0.4375,1737.4,105.5,33.4,22.1,1920,1080,0.036,1754.1,116.5
Round3,Q1,1951,975.5,CRUSADER_CARAVANS,0.3503,828.8,193.8,43.8,20.5,1920,1080,0.043,850.7,204.0
Round3,Q1,1951,975.5,CRUSADER_CARAVANS,0.3194,1263.9,81.7,35.5,18.2,1920,1080,0.031,1281.7,90.8
Round3,Q1,1952,976.0,CRUSADER_CARAVANS,0.8194,704.5,87.5,157.9,21.2,1920,1080,0.161,783.4,98.1
Round3,Q1,1952,976.0,CRUSADER_CARAVANS,0.8083,497.0,82.7,162.1,19.5,1920,1080,0.152,578.1,92.4
Round3,Q1,1952,976.0,CRUSADER_CARAVANS,0.8077,1107.5,102.1,154.6,22.1,1920,1080,0.165,1184.8,113.1
Round3,Q1,1952,976.0,CRUSADER_CARAVANS,0.8063,869.0,93.0,36.3,17.2,1920,1080,0.03,887.2,101.6
Round3,Q1,1952,976.0,CRUSADER_CARAVANS,0.7931,627.9,205.2,40.6,17.7,1920,1080,0.035,648.2,214.1
Round3,Q1,1952,976.0,CRUSADER_CARAVANS,0.7844,273.4,74.9,172.7,20.2,1920,1080,0.169,359.8,85.0
Round3,Q1,1952,976.0,CRUSADER_CARAVANS,0.7828,908.1,94.8,157.4,21.1,1920,1080,0.16,986.8,105.4
Round3,Q1,1952,976.0,CRUSADER_CARAVANS,0.7775,232.0,72.3,38.9,17.6,1920,1080,0.033,251.5,81.1
Round3,Q1,1952,976.0,CRUSADER_CARAVANS,0.7759,453.4,79.9,36.6,17.3,1920,1080,0.031,471.7,88.5
Round3,Q1,1952,976.0,CRUSADER_CARAVANS,0.7745,44.3,66.2,183.1,22.0,1920,1080,0.194,135.8,77.2
Round3,Q1,1952,976.0,CRUSADER_CARAVANS,0.7743,1068.3,100.1,35.6,17.8,1920,1080,0.031,1086.1,109.0
Round3,Q1,1952,976.0,CRUSADER_CARAVANS,0.7742,183.4,193.8,203.2,20.2,1920,1080,0.198,285.0,203.9
Round3,Q1,1952,976.0,CRUSADER_CARAVANS,0.7717,1303.4,110.6,159.5,23.9,1920,1080,0.184,1383.1,122.5
Round3,Q1,1952,976.0,CRUSADER_CARAVANS,0.7682,133.0,191.6,45.3,18.7,1920,1080,0.041,155.6,201.0
Round3,Q1,1952,976.0,CRUSADER_CARAVANS,0.7679,662.5,86.8,36.1,16.1,1920,1080,0.028,680.5,94.9
Round3,Q1,1952,976.0,CRUSADER_CARAVANS,0.7614,0.0,189.0,128.6,19.5,1920,1080,0.121,64.3,198.8
Round3,Q1,1952,976.0,CRUSADER_CARAVANS,0.7522,1700.1,301.2,40.1,23.5,1920,1080,0.045,1720.1,313.0
Round3,Q1,1952,976.0,CRUSADER_CARAVANS,0.7468,1498.8,120.9,168.4,25.3,1920,1080,0.206,1583.0,133.6
Round3,Q1,1952,976.0,CRUSADER_CARAVANS,0.7468,1746.1,135.3,170.7,28.4,1920,1080,0.234,1831.5,149.5
Round3,Q1,1952,976.0,CRUSADER_CARAVANS,0.7464,393.6,197.9,41.5,18.4,1920,1080,0.037,414.4,207.1
Round3,Q1,1952,976.0,CRUSADER_CARAVANS,0.7325,443.1,199.2,181.6,22.5,1920,1080,0.197,533.9,210.5
Round3,Q1,1952,976.0,CRUSADER_CARAVANS,0.7271,0.0,60.5,38.6,20.3,1920,1080,0.038,19.3,70.7
Round3,Q1,1952,976.0,CRUSADER_CARAVANS,0.6866,851.7,217.2,40.7,18.7,1920,1080,0.037,872.1,226.5
Round3,Q1,1952,976.0,CRUSADER_CARAVANS,0.686,672.2,206.5,176.5,23.7,1920,1080,0.201,760.5,218.4
Round3,Q1,1952,976.0,CRUSADER_CARAVANS,0.6807,1103.9,234.9,171.1,27.8,1920,1080,0.229,1189.4,248.8
Round3,Q1,1952,976.0,CRUSADER_CARAVANS,0.5841,1519.2,278.7,175.3,38.2,1920,1080,0.323,1606.8,297.8
Round3,Q1,1952,976.0,CRUSADER_CARAVANS,0.5807,1747.9,308.1,171.4,49.1,1920,1080,0.406,1833.6,332.6
Round3,Q1,1952,976.0,CRUSADER_CARAVANS,0.5654,1313.8,251.5,155.5,35.2,1920,1080,0.264,1391.6,269.1
Round3,Q1,1952,976.0,CRUSADER_CARAVANS,0.531,894.4,218.3,157.2,24.5,1920,1080,0.186,973.0,230.6
Round3,Q1,1952,976.0,CRUSADER_CARAVANS,0.4781,1467.3,119.0,35.2,18.0,1920,1080,0.031,1485.0,128.0
Round3,Q1,1952,976.0,CRUSADER_CARAVANS,0.4378,1067.0,230.3,35.1,20.2,1920,1080,0.034,1084.6,240.4
Round3,Q1,1952,976.0,CRUSADER_CARAVANS,0.3809,1269.3,108.9,34.0,17.2,1920,1080,0.028,1286.3,117.5
Round3,Q1,1952,976.0,CRUSADER_CARAVANS,0.3533,1724.0,132.8,31.3,21.0,1920,1080,0.032,1739.7,143.3
Round3,Q1,1953,976.5,CRUSADER_CARAVANS,0.8201,1112.4,127.6,148.8,20.6,1920,1080,0.148,1186.8,137.9
Round3,Q1,1953,976.5,CRUSADER_CARAVANS,0.8105,723.8,113.7,153.6,19.9,1920,1080,0.147,800.6,123.6
Round3,Q1,1953,976.5,CRUSADER_CARAVANS,0.806,1302.2,135.6,152.4,23.1,1920,1080,0.17,1378.4,147.1
Round3,Q1,1953,976.5,CRUSADER_CARAVANS,0.8044,1724.4,160.1,161.3,27.3,1920,1080,0.212,1805.0,173.7
Round3,Q1,1953,976.5,CRUSADER_CARAVANS,0.8003,53.2,91.7,40.7,17.6,1920,1080,0.035,73.5,100.6
Round3,Q1,1953,976.5,CRUSADER_CARAVANS,0.7943,686.2,112.6,34.4,16.0,1920,1080,0.027,703.4,120.6
Round3,Q1,1953,976.5,CRUSADER_CARAVANS,0.7935,1490.6,145.6,158.3,24.5,1920,1080,0.187,1569.7,157.9
Round3,Q1,1953,976.5,CRUSADER_CARAVANS,0.7913,97.9,94.9,173.2,20.6,1920,1080,0.172,184.6,105.1
Round3,Q1,1953,976.5,CRUSADER_CARAVANS,0.7905,920.8,120.4,151.1,20.3,1920,1080,0.148,996.3,130.6
Round3,Q1,1953,976.5,CRUSADER_CARAVANS,0.7881,0.0,211.3,176.7,20.1,1920,1080,0.172,88.4,221.4
Round3,Q1,1953,976.5,CRUSADER_CARAVANS,0.7868,317.0,102.4,162.7,19.0,1920,1080,0.149,398.4,111.9
Round3,Q1,1953,976.5,CRUSADER_CARAVANS,0.7811,181.1,214.1,43.2,17.9,1920,1080,0.037,202.7,223.1
Round3,Q1,1953,976.5,CRUSADER_CARAVANS,0.78,653.5,225.8,37.3,16.9,1920,1080,0.03,672.2,234.3
Round3,Q1,1953,976.5,CRUSADER_CARAVANS,0.7795,275.8,100.6,37.0,16.5,1920,1080,0.029,294.4,108.9
Round3,Q1,1953,976.5,CRUSADER_CARAVANS,0.7774,525.9,108.9,157.2,18.8,1920,1080,0.143,604.5,118.3
Round3,Q1,1953,976.5,CRUSADER_CARAVANS,0.7733,486.3,107.0,35.7,16.4,1920,1080,0.028,504.2,115.2
Round3,Q1,1953,976.5,CRUSADER_CARAVANS,0.7703,1679.6,317.8,38.7,22.8,1920,1080,0.043,1699.0,329.2
Round3,Q1,1953,976.5,CRUSADER_CARAVANS,0.7623,227.6,214.9,194.1,19.8,1920,1080,0.185,324.7,224.7
Round3,Q1,1953,976.5,CRUSADER_CARAVANS,0.7523,0.0,88.7,46.6,19.9,1920,1080,0.045,23.3,98.6
Round3,Q1,1953,976.5,CRUSADER_CARAVANS,0.7463,1106.2,253.4,166.8,26.9,1920,1080,0.217,1189.6,266.9
Round3,Q1,1953,976.5,CRUSADER_CARAVANS,0.7433,883.9,118.7,34.0,16.2,1920,1080,0.027,900.9,126.8
Round3,Q1,1953,976.5,CRUSADER_CARAVANS,0.7367,694.9,226.9,168.2,22.5,1920,1080,0.182,779.0,238.1
Round3,Q1,1953,976.5,CRUSADER_CARAVANS,0.7354,1075.6,125.5,33.4,16.9,1920,1080,0.027,1092.3,133.9
Round3,Q1,1953,976.5,CRUSADER_CARAVANS,0.7305,428.0,219.2,39.9,16.8,1920,1080,0.032,448.0,227.6
Round3,Q1,1953,976.5,CRUSADER_CARAVANS,0.7136,909.2,238.1,151.2,24.4,1920,1080,0.178,984.8,250.3
Round3,Q1,1953,976.5,CRUSADER_CARAVANS,0.7006,1728.0,324.3,156.5,45.1,1920,1080,0.34,1806.3,346.9
Round3,Q1,1953,976.5,CRUSADER_CARAVANS,0.6958,1888.0,170.2,31.9,21.6,1920,1080,0.033,1904.0,181.0
Round3,Q1,1953,976.5,CRUSADER_CARAVANS,0.6741,473.9,220.0,177.2,20.4,1920,1080,0.175,562.5,230.3
Round3,Q1,1953,976.5,CRUSADER_CARAVANS,0.6678,1312.3,271.5,151.4,33.5,1920,1080,0.245,1388.0,288.3
Round3,Q1,1953,976.5,CRUSADER_CARAVANS,0.625,1888.1,353.2,31.8,23.7,1920,1080,0.036,1904.0,365.0
Round3,Q1,1953,976.5,CRUSADER_CARAVANS,0.5904,1458.0,143.4,33.7,18.1,1920,1080,0.029,1474.9,152.5
Round3,Q1,1953,976.5,CRUSADER_CARAVANS,0.5429,1266.5,134.0,32.5,16.9,1920,1080,0.027,1282.8,142.4
Round3,Q1,1953,976.5,CRUSADER_CARAVANS,0.5385,867.0,236.3,38.6,18.2,1920,1080,0.034,886.3,245.4
Round3,Q1,1953,976.5,CRUSADER_CARAVANS,0.4964,1507.0,295.4,168.4,37.5,1920,1080,0.305,1591.2,314.1
Round3,Q1,1953,976.5,CRUSADER_CARAVANS,0.4063,1704.1,157.6,29.1,20.1,1920,1080,0.028,1718.6,167.6
Round3,Q1,1953,976.5,CRUSADER_CARAVANS,0.318,1078.6,249.9,27.7,18.8,1920,1080,0.025,1092.5,259.3
Round3,Q1,1954,977.0,CRUSADER_CARAVANS,0.8322,23.7,231.8,195.8,19.5,1920,1080,0.184,121.6,241.6
Round3,Q1,1954,977.0,CRUSADER_CARAVANS,0.8213,745.2,136.2,145.6,20.5,1920,1080,0.144,818.0,146.4
Round3,Q1,1954,977.0,CRUSADER_CARAVANS,0.8014,1708.9,182.2,151.7,26.9,1920,1080,0.196,1784.7,195.6
Round3,Q1,1954,977.0,CRUSADER_CARAVANS,0.8007,1116.1,149.4,143.3,21.4,1920,1080,0.148,1187.7,160.1
Round3,Q1,1954,977.0,CRUSADER_CARAVANS,0.7949,1662.7,333.2,38.1,23.5,1920,1080,0.043,1681.7,345.0
Round3,Q1,1954,977.0,CRUSADER_CARAVANS,0.7883,553.6,132.3,150.9,18.7,1920,1080,0.136,629.0,141.7
Round3,Q1,1954,977.0,CRUSADER_CARAVANS,0.788,0.0,114.1,96.3,20.7,1920,1080,0.096,48.2,124.5
Round3,Q1,1954,977.0,CRUSADER_CARAVANS,0.7839,146.4,121.6,163.3,19.2,1920,1080,0.151,228.1,131.2
Round3,Q1,1954,977.0,CRUSADER_CARAVANS,0.7782,706.7,136.0,33.1,15.4,1920,1080,0.025,723.3,143.7
Round3,Q1,1954,977.0,CRUSADER_CARAVANS,0.7772,932.6,142.8,144.7,20.3,1920,1080,0.142,1005.0,153.0
Round3,Q1,1954,977.0,CRUSADER_CARAVANS,0.7764,514.8,130.9,33.8,15.7,1920,1080,0.026,531.7,138.8
Round3,Q1,1954,977.0,CRUSADER_CARAVANS,0.7764,1479.4,167.9,153.1,24.4,1920,1080,0.18,1556.0,180.1
Round3,Q1,1954,977.0,CRUSADER_CARAVANS,0.7755,1294.9,158.1,150.6,22.7,1920,1080,0.165,1370.2,169.4
Round3,Q1,1954,977.0,CRUSADER_CARAVANS,0.7745,352.1,127.0,156.3,18.9,1920,1080,0.143,430.3,136.5
Round3,Q1,1954,977.0,CRUSADER_CARAVANS,0.7704,896.3,141.7,33.6,15.5,1920,1080,0.025,913.1,149.4
Round3,Q1,1954,977.0,CRUSADER_CARAVANS,0.7669,880.0,254.3,37.1,17.2,1920,1080,0.031,898.6,263.0
Round3,Q1,1954,977.0,CRUSADER_CARAVANS,0.7509,314.6,125.7,35.2,15.8,1920,1080,0.027,332.2,133.6
Round3,Q1,1954,977.0,CRUSADER_CARAVANS,0.7239,103.8,118.6,38.0,16.7,1920,1080,0.031,122.9,126.9
Round3,Q1,1954,977.0,CRUSADER_CARAVANS,0.7088,1080.4,147.5,34.0,17.0,1920,1080,0.028,1097.4,156.0
Round3,Q1,1954,977.0,CRUSADER_CARAVANS,0.6946,1707.6,340.8,150.1,41.2,1920,1080,0.298,1782.7,361.4
Round3,Q1,1954,977.0,CRUSADER_CARAVANS,0.6917,920.7,256.1,140.5,23.6,1920,1080,0.16,990.9,267.9
Round3,Q1,1954,977.0,CRUSADER_CARAVANS,0.688,1093.7,269.7,172.7,27.7,1920,1080,0.23,1180.0,283.5
Round3,Q1,1954,977.0,CRUSADER_CARAVANS,0.679,1861.9,366.4,58.1,36.3,1920,1080,0.102,1891.0,384.6
Round3,Q1,1954,977.0,CRUSADER_CARAVANS,0.667,1307.7,287.7,154.3,32.1,1920,1080,0.239,1384.9,303.7
Round3,Q1,1954,977.0,CRUSADER_CARAVANS,0.6632,253.6,235.5,198.2,18.9,1920,1080,0.181,352.7,245.0
Round3,Q1,1954,977.0,CRUSADER_CARAVANS,0.659,0.0,230.7,19.6,19.5,1920,1080,0.018,9.8,240.4
Round3,Q1,1954,977.0,CRUSADER_CARAVANS,0.629,502.1,239.8,167.4,19.0,1920,1080,0.154,585.8,249.3
Round3,Q1,1954,977.0,CRUSADER_CARAVANS,0.6282,698.1,245.9,178.5,21.2,1920,1080,0.183,787.3,256.5
Round3,Q1,1954,977.0,CRUSADER_CARAVANS,0.6018,1862.6,192.5,57.4,26.8,1920,1080,0.074,1891.3,205.9
Round3,Q1,1954,977.0,CRUSADER_CARAVANS,0.5891,457.5,238.7,38.7,16.9,1920,1080,0.032,476.9,247.1
Round3,Q1,1954,977.0,CRUSADER_CARAVANS,0.501,1449.2,166.0,33.1,16.8,1920,1080,0.027,1465.8,174.4
Round3,Q1,1954,977.0,CRUSADER_CARAVANS,0.4727,1470.4,309.8,186.8,40.7,1920,1080,0.366,1563.8,330.1
Round3,Q1,1954,977.0,CRUSADER_CARAVANS,0.4558,1266.1,156.3,30.1,16.9,1920,1080,0.024,1281.1,164.8
Round3,Q1,1955,977.5,CRUSADER_CARAVANS,0.8143,46.9,246.4,188.9,18.9,1920,1080,0.172,141.4,255.9
Round3,Q1,1955,977.5,CRUSADER_CARAVANS,0.8116,1108.4,165.3,141.6,20.6,1920,1080,0.14,1179.2,175.6
Round3,Q1,1955,977.5,CRUSADER_CARAVANS,0.8104,1686.6,197.5,144.9,27.1,1920,1080,0.189,1759.1,211.1
Round3,Q1,1955,977.5,CRUSADER_CARAVANS,0.8088,560.9,148.6,147.5,17.8,1920,1080,0.127,634.7,157.5
Round3,Q1,1955,977.5,CRUSADER_CARAVANS,0.8031,0.6,130.6,116.8,21.8,1920,1080,0.123,59.0,141.5
Round3,Q1,1955,977.5,CRUSADER_CARAVANS,0.8025,1457.7,182.6,155.3,25.1,1920,1080,0.188,1535.3,195.1
Round3,Q1,1955,977.5,CRUSADER_CARAVANS,0.8003,747.4,152.9,142.2,18.9,1920,1080,0.129,818.5,162.3
Round3,Q1,1955,977.5,CRUSADER_CARAVANS,0.7875,714.8,258.3,160.7,21.9,1920,1080,0.17,795.2,269.3
Round3,Q1,1955,977.5,CRUSADER_CARAVANS,0.7868,364.7,143.8,155.9,18.1,1920,1080,0.136,442.7,152.9
Round3,Q1,1955,977.5,CRUSADER_CARAVANS,0.783,930.5,158.6,142.1,19.8,1920,1080,0.136,1001.6,168.5
Round3,Q1,1955,977.5,CRUSADER_CARAVANS,0.7699,168.6,138.6,157.6,19.0,1920,1080,0.144,247.4,148.1
Round3,Q1,1955,977.5,CRUSADER_CARAVANS,0.7652,1103.5,281.9,156.9,27.2,1920,1080,0.206,1181.9,295.5
Round3,Q1,1955,977.5,CRUSADER_CARAVANS,0.7642,124.3,136.8,37.8,15.8,1920,1080,0.029,143.2,144.7
Round3,Q1,1955,977.5,CRUSADER_CARAVANS,0.7626,880.2,267.2,33.9,17.3,1920,1080,0.028,897.2,275.9
Round3,Q1,1955,977.5,CRUSADER_CARAVANS,0.7509,1288.2,173.5,141.2,22.2,1920,1080,0.151,1358.8,184.6
Round3,Q1,1955,977.5,CRUSADER_CARAVANS,0.7367,1.0,244.9,43.5,19.2,1920,1080,0.04,22.8,254.5
Round3,Q1,1955,977.5,CRUSADER_CARAVANS,0.7332,467.9,251.4,37.0,16.6,1920,1080,0.03,486.4,259.7
Round3,Q1,1955,977.5,CRUSADER_CARAVANS,0.7332,918.7,268.8,141.0,24.0,1920,1080,0.163,989.2,280.7
Round3,Q1,1955,977.5,CRUSADER_CARAVANS,0.7313,1641.6,343.7,36.5,24.1,1920,1080,0.043,1659.9,355.8
Round3,Q1,1955,977.5,CRUSADER_CARAVANS,0.7297,508.6,253.5,166.4,18.0,1920,1080,0.144,591.8,262.5
Round3,Q1,1955,977.5,CRUSADER_CARAVANS,0.7243,679.7,256.9,34.0,17.3,1920,1080,0.028,696.7,265.6
Round3,Q1,1955,977.5,CRUSADER_CARAVANS,0.7241,710.4,151.8,32.3,15.3,1920,1080,0.024,726.5,159.4
Round3,Q1,1955,977.5,CRUSADER_CARAVANS,0.7115,1837.3,209.6,82.7,26.7,1920,1080,0.107,1878.6,222.9
Round3,Q1,1955,977.5,CRUSADER_CARAVANS,0.6888,1296.2,299.5,137.3,32.0,1920,1080,0.212,1364.9,315.5
Round3,Q1,1955,977.5,CRUSADER_CARAVANS,0.6684,895.8,157.4,33.1,15.4,1920,1080,0.025,912.4,165.1
Round3,Q1,1955,977.5,CRUSADER_CARAVANS,0.6642,1839.8,377.9,80.2,49.1,1920,1080,0.19,1879.9,402.4
Round3,Q1,1955,977.5,CRUSADER_CARAVANS,0.6463,329.8,143.1,33.0,14.9,1920,1080,0.024,346.3,150.6
Round3,Q1,1955,977.5,CRUSADER_CARAVANS,0.6376,241.3,247.8,38.2,18.0,1920,1080,0.033,260.4,256.8
Round3,Q1,1955,977.5,CRUSADER_CARAVANS,0.6192,1684.1,350.6,147.7,41.3,1920,1080,0.294,1758.0,371.3
Round3,Q1,1955,977.5,CRUSADER_CARAVANS,0.6029,1452.2,320.3,185.7,39.2,1920,1080,0.351,1545.0,339.9
Round3,Q1,1955,977.5,CRUSADER_CARAVANS,0.5994,1075.9,163.4,31.4,16.4,1920,1080,0.025,1091.6,171.5
Round3,Q1,1955,977.5,CRUSADER_CARAVANS,0.5963,523.4,147.1,34.1,15.4,1920,1080,0.025,540.4,154.8
Round3,Q1,1955,977.5,CRUSADER_CARAVANS,0.5887,278.4,248.1,187.8,19.2,1920,1080,0.174,372.2,257.7
Round3,Q1,1955,977.5,CRUSADER_CARAVANS,0.432,1434.2,181.2,30.9,16.9,1920,1080,0.025,1449.7,189.6
Round3,Q1,1955,977.5,CRUSADER_CARAVANS,0.3746,1255.4,171.6,33.1,16.5,1920,1080,0.026,1271.9,179.9
Round3,Q1,1956,978.0,CRUSADER_CARAVANS,0.8236,1662.4,210.4,137.6,26.3,1920,1080,0.174,1731.2,223.6
Round3,Q1,1956,978.0,CRUSADER_CARAVANS,0.8117,559.9,161.7,144.9,18.3,1920,1080,0.128,632.4,170.8
Round3,Q1,1956,978.0,CRUSADER_CARAVANS,0.8097,0.2,146.7,126.6,19.9,1920,1080,0.122,63.5,156.7
Round3,Q1,1956,978.0,CRUSADER_CARAVANS,0.8081,56.9,258.4,185.3,18.7,1920,1080,0.167,149.6,267.7
Round3,Q1,1956,978.0,CRUSADER_CARAVANS,0.8056,743.9,165.7,138.3,19.0,1920,1080,0.127,813.1,175.2
Round3,Q1,1956,978.0,CRUSADER_CARAVANS,0.7973,175.6,153.0,156.6,18.3,1920,1080,0.138,253.9,162.1
Round3,Q1,1956,978.0,CRUSADER_CARAVANS,0.7964,922.8,171.2,138.3,19.3,1920,1080,0.129,991.9,180.9
Round3,Q1,1956,978.0,CRUSADER_CARAVANS,0.7909,288.4,260.0,162.9,19.5,1920,1080,0.153,369.9,269.8
Round3,Q1,1956,978.0,CRUSADER_CARAVANS,0.7858,1449.4,196.0,137.4,23.9,1920,1080,0.158,1518.1,208.0
Round3,Q1,1956,978.0,CRUSADER_CARAVANS,0.7774,371.1,157.7,148.7,17.9,1920,1080,0.129,445.4,166.7
Round3,Q1,1956,978.0,CRUSADER_CARAVANS,0.7668,1097.3,177.9,140.4,20.6,1920,1080,0.14,1167.5,188.2
Round3,Q1,1956,978.0,CRUSADER_CARAVANS,0.7587,712.3,268.3,151.3,22.8,1920,1080,0.166,788.0,279.7
Round3,Q1,1956,978.0,CRUSADER_CARAVANS,0.7564,708.2,165.1,31.2,15.0,1920,1080,0.023,723.8,172.6
Round3,Q1,1956,978.0,CRUSADER_CARAVANS,0.7482,247.3,259.9,38.7,17.4,1920,1080,0.033,266.6,268.6
Round3,Q1,1956,978.0,CRUSADER_CARAVANS,0.7387,1270.4,186.3,140.0,21.4,1920,1080,0.145,1340.4,197.0
Round3,Q1,1956,978.0,CRUSADER_CARAVANS,0.727,135.7,151.3,36.3,15.9,1920,1080,0.028,153.9,159.3
Round3,Q1,1956,978.0,CRUSADER_CARAVANS,0.7219,1094.8,291.3,139.3,28.6,1920,1080,0.192,1164.5,305.6
Round3,Q1,1956,978.0,CRUSADER_CARAVANS,0.7078,525.4,161.3,32.3,14.5,1920,1080,0.023,541.6,168.6
Round3,Q1,1956,978.0,CRUSADER_CARAVANS,0.7005,1808.6,386.2,109.2,49.8,1920,1080,0.262,1863.1,411.1
Round3,Q1,1956,978.0,CRUSADER_CARAVANS,0.6615,334.6,157.0,32.8,14.9,1920,1080,0.024,351.0,164.4
Round3,Q1,1956,978.0,CRUSADER_CARAVANS,0.6501,678.1,268.3,32.9,16.6,1920,1080,0.026,694.6,276.6
Round3,Q1,1956,978.0,CRUSADER_CARAVANS,0.6499,887.9,170.4,33.0,15.2,1920,1080,0.024,904.4,178.0
Round3,Q1,1956,978.0,CRUSADER_CARAVANS,0.6339,1808.1,222.0,111.9,29.5,1920,1080,0.159,1864.1,236.7
Round3,Q1,1956,978.0,CRUSADER_CARAVANS,0.628,1450.7,330.0,144.4,37.3,1920,1080,0.259,1522.9,348.7
Round3,Q1,1956,978.0,CRUSADER_CARAVANS,0.6208,1066.6,7.9,81.7,11.9,1920,1080,0.047,1107.5,13.9
Round3,Q1,1956,978.0,CRUSADER_CARAVANS,0.608,971.6,7.2,78.4,11.7,1920,1080,0.044,1010.8,13.0
Round3,Q1,1956,978.0,CRUSADER_CARAVANS,0.603,1164.9,8.7,78.2,11.6,1920,1080,0.044,1204.1,14.5
Round3,Q1,1956,978.0,CRUSADER_CARAVANS,0.6014,1657.7,5.6,93.2,13.5,1920,1080,0.061,1704.3,12.3
Round3,Q1,1956,978.0,CRUSADER_CARAVANS,0.6007,1280.3,308.8,128.8,30.9,1920,1080,0.192,1344.7,324.3
Round3,Q1,1956,978.0,CRUSADER_CARAVANS,0.5968,1064.9,176.6,31.4,15.6,1920,1080,0.024,1080.6,184.4
Round3,Q1,1956,978.0,CRUSADER_CARAVANS,0.5916,1457.7,8.4,84.7,12.2,1920,1080,0.05,1500.1,14.5
Round3,Q1,1956,978.0,CRUSADER_CARAVANS,0.5724,910.3,278.9,140.8,22.9,1920,1080,0.155,980.8,290.3
Round3,Q1,1956,978.0,CRUSADER_CARAVANS,0.5694,1414.3,193.9,32.9,17.1,1920,1080,0.027,1430.8,202.4
Round3,Q1,1956,978.0,CRUSADER_CARAVANS,0.5689,1766.4,2.8,85.1,14.3,1920,1080,0.059,1808.9,9.9
Round3,Q1,1956,978.0,CRUSADER_CARAVANS,0.5679,872.6,5.9,80.6,11.5,1920,1080,0.045,912.9,11.6
Round3,Q1,1956,978.0,CRUSADER_CARAVANS,0.5494,509.6,264.0,162.5,19.1,1920,1080,0.149,590.8,273.5
Round3,Q1,1956,978.0,CRUSADER_CARAVANS,0.5367,1261.0,8.8,80.7,12.0,1920,1080,0.047,1301.3,14.8
Round3,Q1,1956,978.0,CRUSADER_CARAVANS,0.53,1360.2,8.7,77.9,12.2,1920,1080,0.046,1399.2,14.8
Round3,Q1,1956,978.0,CRUSADER_CARAVANS,0.5186,1241.0,184.7,29.1,15.7,1920,1080,0.022,1255.5,192.5
Round3,Q1,1956,978.0,CRUSADER_CARAVANS,0.5171,1559.0,7.3,81.1,12.9,1920,1080,0.05,1599.5,13.7
Round3,Q1,1956,978.0,CRUSADER_CARAVANS,0.4716,1857.1,1.6,62.5,13.2,1920,1080,0.04,1888.3,8.2
Round3,Q1,1956,978.0,CRUSADER_CARAVANS,0.4003,1661.9,360.8,138.1,41.1,1920,1080,0.274,1730.9,381.4
Round3,Q1,1956,978.0,CRUSADER_CARAVANS,0.3677,6.9,257.4,50.3,17.2,1920,1080,0.042,32.0,266.0
Round3,Q1,1957,978.5,CRUSADER_CARAVANS,0.8249,739.4,172.4,138.8,18.7,1920,1080,0.125,808.8,181.7
Round3,Q1,1957,978.5,CRUSADER_CARAVANS,0.8217,1640.5,216.7,143.4,26.4,1920,1080,0.182,1712.2,229.9
Round3,Q1,1957,978.5,CRUSADER_CARAVANS,0.8007,559.5,169.0,142.6,17.9,1920,1080,0.123,630.8,177.9
Round3,Q1,1957,978.5,CRUSADER_CARAVANS,0.7991,373.2,164.8,146.9,18.2,1920,1080,0.129,446.7,173.8
Round3,Q1,1957,978.5,CRUSADER_CARAVANS,0.7904,180.6,160.9,152.2,17.9,1920,1080,0.131,256.7,169.9
Round3,Q1,1957,978.5,CRUSADER_CARAVANS,0.7892,1090.9,184.3,134.6,20.9,1920,1080,0.136,1158.2,194.8
Round3,Q1,1957,978.5,CRUSADER_CARAVANS,0.778,0.1,154.5,135.9,19.5,1920,1080,0.128,68.0,164.2
Round3,Q1,1957,978.5,CRUSADER_CARAVANS,0.7683,708.7,274.0,158.9,23.3,1920,1080,0.179,788.2,285.6
Round3,Q1,1957,978.5,CRUSADER_CARAVANS,0.7598,917.4,178.9,136.1,18.8,1920,1080,0.124,985.5,188.4
Round3,Q1,1957,978.5,CRUSADER_CARAVANS,0.7592,1085.6,296.2,145.6,29.5,1920,1080,0.207,1158.4,311.0
Round3,Q1,1957,978.5,CRUSADER_CARAVANS,0.7591,290.7,265.7,171.0,19.4,1920,1080,0.16,376.2,275.5
Round3,Q1,1957,978.5,CRUSADER_CARAVANS,0.7422,142.0,159.3,35.8,15.3,1920,1080,0.026,159.9,167.0
Round3,Q1,1957,978.5,CRUSADER_CARAVANS,0.7388,1251.9,192.8,145.6,21.4,1920,1080,0.15,1324.6,203.5
Round3,Q1,1957,978.5,CRUSADER_CARAVANS,0.7382,337.4,164.1,32.8,14.9,1920,1080,0.024,353.8,171.6
Round3,Q1,1957,978.5,CRUSADER_CARAVANS,0.7376,1429.8,201.8,141.9,24.7,1920,1080,0.169,1500.8,214.2
Round3,Q1,1957,978.5,CRUSADER_CARAVANS,0.7185,70.4,264.2,176.6,18.5,1920,1080,0.157,158.7,273.5
Round3,Q1,1957,978.5,CRUSADER_CARAVANS,0.7133,1441.2,335.0,154.0,37.2,1920,1080,0.277,1518.3,353.6
Round3,Q1,1957,978.5,CRUSADER_CARAVANS,0.6966,1788.5,229.0,131.5,29.4,1920,1080,0.186,1854.3,243.7
Round3,Q1,1957,978.5,CRUSADER_CARAVANS,0.6544,1057.0,183.3,31.4,15.7,1920,1080,0.024,1072.7,191.1
Round3,Q1,1957,978.5,CRUSADER_CARAVANS,0.6457,525.0,167.9,32.9,14.8,1920,1080,0.024,541.4,175.3
Round3,Q1,1957,978.5,CRUSADER_CARAVANS,0.6238,469.4,268.0,36.8,17.5,1920,1080,0.031,487.8,276.8
Round3,Q1,1957,978.5,CRUSADER_CARAVANS,0.6117,1791.9,391.1,128.1,57.9,1920,1080,0.358,1855.9,420.1
Round3,Q1,1957,978.5,CRUSADER_CARAVANS,0.6093,884.1,177.4,31.3,15.1,1920,1080,0.023,899.7,184.9
Round3,Q1,1957,978.5,CRUSADER_CARAVANS,0.6013,705.1,172.2,31.5,14.5,1920,1080,0.022,720.8,179.5
Round3,Q1,1957,978.5,CRUSADER_CARAVANS,0.5775,1241.4,311.1,160.2,33.2,1920,1080,0.257,1321.6,327.7
Round3,Q1,1957,978.5,CRUSADER_CARAVANS,0.5712,518.1,269.8,152.4,18.6,1920,1080,0.137,594.3,279.1
Round3,Q1,1957,978.5,CRUSADER_CARAVANS,0.559,867.6,282.5,34.1,17.4,1920,1080,0.029,884.7,291.3
Round3,Q1,1957,978.5,CRUSADER_CARAVANS,0.5587,1444.1,17.9,83.1,12.5,1920,1080,0.05,1485.6,24.2
Round3,Q1,1957,978.5,CRUSADER_CARAVANS,0.5511,673.9,272.5,34.2,17.2,1920,1080,0.028,691.0,281.1
Round3,Q1,1957,978.5,CRUSADER_CARAVANS,0.5457,251.6,266.1,37.1,16.8,1920,1080,0.03,270.2,274.5
Round3,Q1,1957,978.5,CRUSADER_CARAVANS,0.5416,19.6,263.4,42.5,17.8,1920,1080,0.036,40.9,272.3
Round3,Q1,1957,978.5,CRUSADER_CARAVANS,0.538,1849.7,10.0,69.8,14.8,1920,1080,0.05,1884.7,17.4
Round3,Q1,1957,978.5,CRUSADER_CARAVANS,0.4979,370.7,4.6,89.8,12.4,1920,1080,0.054,415.6,10.8
Round3,Q1,1957,978.5,CRUSADER_CARAVANS,0.4959,1058.6,17.4,83.0,11.5,1920,1080,0.046,1100.2,23.1
Round3,Q1,1957,978.5,CRUSADER_CARAVANS,0.4853,0.0,261.6,16.1,20.9,1920,1080,0.016,8.1,272.1
Round3,Q1,1957,978.5,CRUSADER_CARAVANS,0.4744,272.2,2.2,86.1,12.1,1920,1080,0.05,315.2,8.2
Round3,Q1,1957,978.5,CRUSADER_CARAVANS,0.4694,1546.1,17.1,77.5,12.4,1920,1080,0.047,1584.9,23.4
Round3,Q1,1957,978.5,CRUSADER_CARAVANS,0.4428,1157.8,17.9,76.7,11.5,1920,1080,0.042,1196.2,23.7
Round3,Q1,1957,978.5,CRUSADER_CARAVANS,0.44,1748.2,13.7,84.3,12.6,1920,1080,0.051,1790.3,20.0
Round3,Q1,1957,978.5,CRUSADER_CARAVANS,0.4349,1641.5,15.6,93.7,12.9,1920,1080,0.058,1688.4,22.0
Round3,Q1,1957,978.5,CRUSADER_CARAVANS,0.4309,1350.7,18.3,74.5,12.3,1920,1080,0.044,1388.0,24.5
Round3,Q1,1957,978.5,CRUSADER_CARAVANS,0.419,967.2,15.7,75.9,12.0,1920,1080,0.044,1005.2,21.7
Round3,Q1,1957,978.5,CRUSADER_CARAVANS,0.3869,1402.4,200.6,31.8,16.3,1920,1080,0.025,1418.3,208.8
Round3,Q1,1957,978.5,CRUSADER_CARAVANS,0.3474,1253.2,18.5,78.5,11.9,1920,1080,0.045,1292.5,24.5
Round3,Q1,1957,978.5,CRUSADER_CARAVANS,0.3372,899.9,283.9,147.9,23.4,1920,1080,0.167,973.9,295.6
Round3,Q1,1958,979.0,CRUSADER_CARAVANS,0.8231,1624.7,222.0,134.1,26.5,1920,1080,0.171,1691.8,235.2
Round3,Q1,1958,979.0,CRUSADER_CARAVANS,0.7992,364.5,170.6,145.4,18.1,1920,1080,0.127,437.2,179.6
Round3,Q1,1958,979.0,CRUSADER_CARAVANS,0.7979,903.1,184.0,136.8,19.6,1920,1080,0.13,971.5,193.8
Round3,Q1,1958,979.0,CRUSADER_CARAVANS,0.7946,699.0,278.7,154.6,22.9,1920,1080,0.171,776.3,290.2
Round3,Q1,1958,979.0,CRUSADER_CARAVANS,0.7928,1410.1,208.1,139.8,23.6,1920,1080,0.159,1480.0,219.8
Round3,Q1,1958,979.0,CRUSADER_CARAVANS,0.7927,1074.9,189.8,136.1,20.7,1920,1080,0.136,1143.0,200.2
Round3,Q1,1958,979.0,CRUSADER_CARAVANS,0.7848,284.9,270.9,168.2,19.4,1920,1080,0.157,369.0,280.6
Round3,Q1,1958,979.0,CRUSADER_CARAVANS,0.7836,0.4,161.4,128.4,19.4,1920,1080,0.12,64.6,171.1
Round3,Q1,1958,979.0,CRUSADER_CARAVANS,0.7752,552.5,174.9,138.6,17.6,1920,1080,0.117,621.7,183.7
Round3,Q1,1958,979.0,CRUSADER_CARAVANS,0.7722,174.3,167.0,154.4,17.7,1920,1080,0.132,251.5,175.9
Round3,Q1,1958,979.0,CRUSADER_CARAVANS,0.7676,727.6,178.7,139.4,18.7,1920,1080,0.126,797.3,188.1
Round3,Q1,1958,979.0,CRUSADER_CARAVANS,0.7628,1072.6,300.7,144.2,28.4,1920,1080,0.197,1144.7,314.9
Round3,Q1,1958,979.0,CRUSADER_CARAVANS,0.7612,1247.8,198.6,132.3,21.7,1920,1080,0.138,1313.9,209.4
Round3,Q1,1958,979.0,CRUSADER_CARAVANS,0.7349,1768.8,234.3,151.2,30.6,1920,1080,0.223,1844.4,249.6
Round3,Q1,1958,979.0,CRUSADER_CARAVANS,0.7321,136.2,165.5,35.3,15.6,1920,1080,0.027,153.8,173.3
Round3,Q1,1958,979.0,CRUSADER_CARAVANS,0.7246,15.5,269.3,41.4,18.2,1920,1080,0.036,36.2,278.4
Round3,Q1,1958,979.0,CRUSADER_CARAVANS,0.7077,1244.9,315.6,124.1,31.8,1920,1080,0.19,1306.9,331.5
Round3,Q1,1958,979.0,CRUSADER_CARAVANS,0.6968,515.8,174.2,32.1,14.5,1920,1080,0.023,531.9,181.5
Round3,Q1,1958,979.0,CRUSADER_CARAVANS,0.6909,867.3,287.7,133.5,24.1,1920,1080,0.155,934.0,299.8
Round3,Q1,1958,979.0,CRUSADER_CARAVANS,0.6906,1416.7,338.3,160.9,37.7,1920,1080,0.293,1497.2,357.2
Round3,Q1,1958,979.0,CRUSADER_CARAVANS,0.6775,695.3,178.3,29.9,14.2,1920,1080,0.02,710.3,185.4
Round3,Q1,1958,979.0,CRUSADER_CARAVANS,0.6432,1824.6,18.8,94.2,15.6,1920,1080,0.071,1871.6,26.6
Round3,Q1,1958,979.0,CRUSADER_CARAVANS,0.6335,1773.5,396.4,146.0,56.0,1920,1080,0.394,1846.5,424.4
Round3,Q1,1958,979.0,CRUSADER_CARAVANS,0.6295,1621.1,24.5,88.6,13.0,1920,1080,0.056,1665.4,31.0
Round3,Q1,1958,979.0,CRUSADER_CARAVANS,0.6245,1725.7,22.5,82.2,12.7,1920,1080,0.05,1766.8,28.9
Round3,Q1,1958,979.0,CRUSADER_CARAVANS,0.6243,330.1,170.1,32.8,15.0,1920,1080,0.024,346.5,177.6
Round3,Q1,1958,979.0,CRUSADER_CARAVANS,0.6211,1426.1,26.2,80.8,12.4,1920,1080,0.048,1466.5,32.4
Round3,Q1,1958,979.0,CRUSADER_CARAVANS,0.6048,1144.0,25.6,74.7,12.0,1920,1080,0.043,1181.3,31.6
Round3,Q1,1958,979.0,CRUSADER_CARAVANS,0.6018,1527.0,25.6,77.6,12.6,1920,1080,0.047,1565.8,31.9
Round3,Q1,1958,979.0,CRUSADER_CARAVANS,0.5782,460.4,273.3,36.9,17.2,1920,1080,0.031,478.9,281.9
Round3,Q1,1958,979.0,CRUSADER_CARAVANS,0.5666,1233.5,26.0,81.1,12.2,1920,1080,0.048,1274.1,32.1
Round3,Q1,1958,979.0,CRUSADER_CARAVANS,0.5632,1215.0,196.8,30.2,15.8,1920,1080,0.023,1230.0,204.7
Round3,Q1,1958,979.0,CRUSADER_CARAVANS,0.5518,1331.4,26.3,76.9,12.3,1920,1080,0.046,1369.8,32.4
Round3,Q1,1958,979.0,CRUSADER_CARAVANS,0.5506,61.5,269.5,163.0,18.2,1920,1080,0.143,142.9,278.6
Round3,Q1,1958,979.0,CRUSADER_CARAVANS,0.4983,1043.3,188.9,30.6,15.7,1920,1080,0.023,1058.5,196.7
Round3,Q1,1958,979.0,CRUSADER_CARAVANS,0.498,1048.6,25.0,78.2,11.8,1920,1080,0.045,1087.7,30.9
Round3,Q1,1958,979.0,CRUSADER_CARAVANS,0.49,154.5,4.7,91.3,13.0,1920,1080,0.057,200.1,11.2
Round3,Q1,1958,979.0,CRUSADER_CARAVANS,0.4834,871.0,183.2,31.7,14.8,1920,1080,0.023,886.9,190.6
Round3,Q1,1958,979.0,CRUSADER_CARAVANS,0.459,0.0,268.3,11.7,18.1,1920,1080,0.01,5.9,277.3
Round3,Q1,1958,979.0,CRUSADER_CARAVANS,0.4139,1384.8,206.3,30.3,16.3,1920,1080,0.024,1399.9,214.5
Round3,Q1,1958,979.0,CRUSADER_CARAVANS,0.3538,369.7,13.2,81.9,11.0,1920,1080,0.044,410.7,18.7
Round3,Q1,1958,979.0,CRUSADER_CARAVANS,0.3451,859.0,22.9,80.1,11.2,1920,1080,0.043,899.1,28.6
Round3,Q1,1958,979.0,CRUSADER_CARAVANS,0.3334,500.7,273.8,103.0,19.0,1920,1080,0.095,552.2,283.3
Round3,Q1,1958,979.0,CRUSADER_CARAVANS,0.3229,856.3,287.2,31.2,17.7,1920,1080,0.027,871.9,296.0
Round3,Q1,1958,979.0,CRUSADER_CARAVANS,0.3087,470.8,15.3,82.7,11.6,1920,1080,0.046,512.2,21.1
Round3,Q1,1959,979.5,CRUSADER_CARAVANS,0.8277,1603.9,236.4,136.0,26.8,1920,1080,0.176,1671.9,249.8
Round3,Q1,1959,979.5,CRUSADER_CARAVANS,0.8031,346.0,185.0,146.5,18.4,1920,1080,0.13,419.3,194.2
Round3,Q1,1959,979.5,CRUSADER_CARAVANS,0.7969,531.4,189.0,143.3,18.4,1920,1080,0.127,603.0,198.2
Round3,Q1,1959,979.5,CRUSADER_CARAVANS,0.7915,39.7,283.4,179.3,19.9,1920,1080,0.172,129.3,293.4
Round3,Q1,1959,979.5,CRUSADER_CARAVANS,0.7912,1054.3,314.8,143.5,29.2,1920,1080,0.202,1126.0,329.4
Round3,Q1,1959,979.5,CRUSADER_CARAVANS,0.7907,684.6,293.2,149.2,22.5,1920,1080,0.162,759.2,304.5
Round3,Q1,1959,979.5,CRUSADER_CARAVANS,0.7896,264.0,284.9,168.4,20.1,1920,1080,0.163,348.2,294.9
Round3,Q1,1959,979.5,CRUSADER_CARAVANS,0.7811,1742.2,248.4,157.2,30.9,1920,1080,0.234,1820.9,263.9
Round3,Q1,1959,979.5,CRUSADER_CARAVANS,0.7766,0.0,175.6,108.2,19.4,1920,1080,0.101,54.1,185.3
Round3,Q1,1959,979.5,CRUSADER_CARAVANS,0.7735,1224.1,212.5,137.1,21.7,1920,1080,0.143,1292.7,223.3
Round3,Q1,1959,979.5,CRUSADER_CARAVANS,0.7643,709.2,193.0,139.0,18.5,1920,1080,0.124,778.7,202.3
Round3,Q1,1959,979.5,CRUSADER_CARAVANS,0.7609,1054.3,204.2,137.1,21.0,1920,1080,0.139,1122.8,214.7
Round3,Q1,1959,979.5,CRUSADER_CARAVANS,0.7548,887.9,198.4,135.1,19.1,1920,1080,0.125,955.5,208.0
Round3,Q1,1959,979.5,CRUSADER_CARAVANS,0.754,155.5,181.4,152.7,18.0,1920,1080,0.133,231.9,190.4
Round3,Q1,1959,979.5,CRUSADER_CARAVANS,0.7475,223.6,284.7,38.2,17.9,1920,1080,0.033,242.7,293.6
Round3,Q1,1959,979.5,CRUSADER_CARAVANS,0.7313,1229.3,330.4,139.3,32.5,1920,1080,0.218,1298.9,346.6
Round3,Q1,1959,979.5,CRUSADER_CARAVANS,0.7262,1398.3,222.8,132.4,23.3,1920,1080,0.149,1464.5,234.4
Round3,Q1,1959,979.5,CRUSADER_CARAVANS,0.7236,1562.5,374.3,176.7,49.5,1920,1080,0.422,1650.8,399.1
Round3,Q1,1959,979.5,CRUSADER_CARAVANS,0.7195,839.7,301.4,174.7,26.6,1920,1080,0.224,927.0,314.7
Round3,Q1,1959,979.5,CRUSADER_CARAVANS,0.7164,1744.1,407.3,172.7,58.5,1920,1080,0.487,1830.5,436.5
Round3,Q1,1959,979.5,CRUSADER_CARAVANS,0.6769,1384.3,350.7,173.0,37.9,1920,1080,0.316,1470.8,369.6
Round3,Q1,1959,979.5,CRUSADER_CARAVANS,0.6738,115.7,180.0,35.2,15.0,1920,1080,0.025,133.2,187.5
Round3,Q1,1959,979.5,CRUSADER_CARAVANS,0.6683,482.1,288.5,158.6,20.6,1920,1080,0.158,561.4,298.8
Round3,Q1,1959,979.5,CRUSADER_CARAVANS,0.6596,1407.4,40.2,84.7,13.9,1920,1080,0.057,1449.7,47.1
Round3,Q1,1959,979.5,CRUSADER_CARAVANS,0.6531,310.6,185.0,32.6,14.2,1920,1080,0.022,326.9,192.1
Round3,Q1,1959,979.5,CRUSADER_CARAVANS,0.6232,1028.5,38.9,82.2,12.5,1920,1080,0.05,1069.6,45.2
Round3,Q1,1959,979.5,CRUSADER_CARAVANS,0.6179,497.4,188.4,32.2,15.0,1920,1080,0.023,513.5,195.9
Round3,Q1,1959,979.5,CRUSADER_CARAVANS,0.6091,1314.3,40.4,77.1,12.9,1920,1080,0.048,1352.8,46.9
Round3,Q1,1959,979.5,CRUSADER_CARAVANS,0.5964,1125.6,39.7,76.1,12.7,1920,1080,0.047,1163.7,46.0
Round3,Q1,1959,979.5,CRUSADER_CARAVANS,0.5944,1804.5,35.5,91.6,14.4,1920,1080,0.063,1850.3,42.7
Round3,Q1,1959,979.5,CRUSADER_CARAVANS,0.5883,1216.6,40.2,83.7,12.8,1920,1080,0.052,1258.5,46.6
Round3,Q1,1959,979.5,CRUSADER_CARAVANS,0.5777,0.0,281.5,35.7,20.8,1920,1080,0.036,17.8,291.9
Round3,Q1,1959,979.5,CRUSADER_CARAVANS,0.5729,852.9,197.5,31.7,14.7,1920,1080,0.023,868.7,204.8
Round3,Q1,1959,979.5,CRUSADER_CARAVANS,0.5458,675.6,192.5,31.0,14.4,1920,1080,0.022,691.1,199.7
Round3,Q1,1959,979.5,CRUSADER_CARAVANS,0.5291,1602.3,39.3,84.4,13.0,1920,1080,0.053,1644.5,45.8
Round3,Q1,1959,979.5,CRUSADER_CARAVANS,0.5181,1905.8,261.8,14.0,20.9,1920,1080,0.014,1912.8,272.2
Round3,Q1,1959,979.5,CRUSADER_CARAVANS,0.5156,349.9,26.8,84.2,12.0,1920,1080,0.049,391.9,32.8
Round3,Q1,1959,979.5,CRUSADER_CARAVANS,0.5135,1702.7,38.1,83.8,12.9,1920,1080,0.052,1744.6,44.6
Round3,Q1,1959,979.5,CRUSADER_CARAVANS,0.5011,644.2,291.8,34.4,16.9,1920,1080,0.028,661.4,300.3
Round3,Q1,1959,979.5,CRUSADER_CARAVANS,0.4854,1505.7,39.9,83.4,13.5,1920,1080,0.054,1547.4,46.6
Round3,Q1,1959,979.5,CRUSADER_CARAVANS,0.4478,1025.1,203.5,29.6,15.2,1920,1080,0.022,1039.9,211.1
Round3,Q1,1959,979.5,CRUSADER_CARAVANS,0.4281,933.0,38.6,80.0,11.8,1920,1080,0.046,973.1,44.5
Round3,Q1,1959,979.5,CRUSADER_CARAVANS,0.4125,440.7,287.2,38.0,17.6,1920,1080,0.032,459.8,296.0
Round3,Q1,1959,979.5,CRUSADER_CARAVANS,0.4036,842.5,37.7,77.1,11.4,1920,1080,0.042,881.1,43.4
Round3,Q1,1959,979.5,CRUSADER_CARAVANS,0.3965,448.5,29.9,85.0,12.1,1920,1080,0.05,491.0,35.9
Round3,Q1,1959,979.5,CRUSADER_CARAVANS,0.3581,1365.2,220.1,30.6,16.9,1920,1080,0.025,1380.5,228.6
Round3,Q1,1959,979.5,CRUSADER_CARAVANS,0.3573,1196.4,211.1,30.7,15.3,1920,1080,0.023,1211.7,218.8
Round3,Q1,1960,980.0,CRUSADER_CARAVANS,0.814,1602.2,253.0,140.9,26.7,1920,1080,0.182,1672.7,266.4
Round3,Q1,1960,980.0,CRUSADER_CARAVANS,0.8118,692.4,209.2,139.9,19.2,1920,1080,0.129,762.4,218.7
Round3,Q1,1960,980.0,CRUSADER_CARAVANS,0.807,1045.6,220.3,137.3,20.9,1920,1080,0.139,1114.2,230.8
Round3,Q1,1960,980.0,CRUSADER_CARAVANS,0.7884,1044.0,333.4,147.8,29.1,1920,1080,0.207,1117.9,347.9
Round3,Q1,1960,980.0,CRUSADER_CARAVANS,0.7878,125.4,197.3,155.2,17.7,1920,1080,0.133,203.0,206.2
Round3,Q1,1960,980.0,CRUSADER_CARAVANS,0.7846,1752.3,265.8,151.7,30.6,1920,1080,0.223,1828.1,281.1
Round3,Q1,1960,980.0,CRUSADER_CARAVANS,0.7757,871.7,214.8,138.8,19.0,1920,1080,0.127,941.1,224.3
Round3,Q1,1960,980.0,CRUSADER_CARAVANS,0.7755,1393.2,238.7,135.7,24.3,1920,1080,0.159,1461.0,250.8
Round3,Q1,1960,980.0,CRUSADER_CARAVANS,0.773,1223.9,229.1,132.6,22.4,1920,1080,0.143,1290.2,240.3
Round3,Q1,1960,980.0,CRUSADER_CARAVANS,0.7702,321.4,201.1,148.6,17.9,1920,1080,0.128,395.7,210.0
Round3,Q1,1960,980.0,CRUSADER_CARAVANS,0.7685,510.0,205.3,144.0,18.0,1920,1080,0.125,582.1,214.3
Round3,Q1,1960,980.0,CRUSADER_CARAVANS,0.7666,2.1,301.8,188.6,19.5,1920,1080,0.177,96.3,311.5
Round3,Q1,1960,980.0,CRUSADER_CARAVANS,0.7387,662.6,311.2,155.7,22.8,1920,1080,0.171,740.4,322.5
Round3,Q1,1960,980.0,CRUSADER_CARAVANS,0.7317,0.2,191.5,75.7,19.1,1920,1080,0.07,38.1,201.0
Round3,Q1,1960,980.0,CRUSADER_CARAVANS,0.718,236.0,302.6,174.1,20.6,1920,1080,0.173,323.0,312.9
Round3,Q1,1960,980.0,CRUSADER_CARAVANS,0.7178,1563.7,394.9,177.2,48.0,1920,1080,0.41,1652.3,418.9
Round3,Q1,1960,980.0,CRUSADER_CARAVANS,0.7167,1809.2,48.6,88.5,15.8,1920,1080,0.067,1853.5,56.4
Round3,Q1,1960,980.0,CRUSADER_CARAVANS,0.7128,459.4,306.1,162.3,21.0,1920,1080,0.164,540.6,316.6
Round3,Q1,1960,980.0,CRUSADER_CARAVANS,0.7024,325.9,39.5,85.8,12.9,1920,1080,0.053,368.8,46.0
Round3,Q1,1960,980.0,CRUSADER_CARAVANS,0.6981,1115.1,53.6,78.3,13.4,1920,1080,0.051,1154.3,60.3
Round3,Q1,1960,980.0,CRUSADER_CARAVANS,0.6972,1219.1,348.6,143.4,34.2,1920,1080,0.236,1290.8,365.7
Round3,Q1,1960,980.0,CRUSADER_CARAVANS,0.6778,83.4,195.3,35.2,15.6,1920,1080,0.026,100.9,203.1
Round3,Q1,1960,980.0,CRUSADER_CARAVANS,0.6707,1746.3,426.3,172.1,61.5,1920,1080,0.51,1832.3,457.1
Round3,Q1,1960,980.0,CRUSADER_CARAVANS,0.6697,475.7,204.3,32.9,15.4,1920,1080,0.025,492.1,212.1
Round3,Q1,1960,980.0,CRUSADER_CARAVANS,0.6463,838.8,213.6,31.3,15.2,1920,1080,0.023,854.4,221.2
Round3,Q1,1960,980.0,CRUSADER_CARAVANS,0.6441,1211.7,54.5,81.2,13.1,1920,1080,0.051,1252.3,61.0
Round3,Q1,1960,980.0,CRUSADER_CARAVANS,0.6424,1188.8,227.3,30.3,16.0,1920,1080,0.023,1204.0,235.3
Round3,Q1,1960,980.0,CRUSADER_CARAVANS,0.6377,428.3,43.2,86.1,13.1,1920,1080,0.054,471.3,49.7
Round3,Q1,1960,980.0,CRUSADER_CARAVANS,0.6314,1402.9,54.6,86.0,13.7,1920,1080,0.057,1445.9,61.4
Round3,Q1,1960,980.0,CRUSADER_CARAVANS,0.6297,832.8,320.2,176.2,25.9,1920,1080,0.22,920.9,333.2
Round3,Q1,1960,980.0,CRUSADER_CARAVANS,0.6284,1018.2,53.5,80.8,12.2,1920,1080,0.048,1058.6,59.6
Round3,Q1,1960,980.0,CRUSADER_CARAVANS,0.6281,284.2,200.4,33.4,14.9,1920,1080,0.024,300.9,207.9
Round3,Q1,1960,980.0,CRUSADER_CARAVANS,0.6252,658.2,208.5,31.2,14.7,1920,1080,0.022,673.7,215.8
Round3,Q1,1960,980.0,CRUSADER_CARAVANS,0.6232,1394.0,370.7,161.2,38.2,1920,1080,0.297,1474.6,389.8
Round3,Q1,1960,980.0,CRUSADER_CARAVANS,0.6191,193.3,302.8,40.0,17.7,1920,1080,0.034,213.3,311.7
Round3,Q1,1960,980.0,CRUSADER_CARAVANS,0.6057,1013.1,219.4,30.9,15.6,1920,1080,0.023,1028.5,227.1
Round3,Q1,1960,980.0,CRUSADER_CARAVANS,0.6036,827.8,50.8,77.9,12.1,1920,1080,0.046,866.7,56.9
Round3,Q1,1960,980.0,CRUSADER_CARAVANS,0.5888,624.0,309.6,34.6,17.7,1920,1080,0.03,641.4,318.4
Round3,Q1,1960,980.0,CRUSADER_CARAVANS,0.5843,1503.4,53.9,80.8,13.7,1920,1080,0.053,1543.8,60.8
Round3,Q1,1960,980.0,CRUSADER_CARAVANS,0.5829,1601.1,53.3,85.3,13.5,1920,1080,0.055,1643.7,60.0
Round3,Q1,1960,980.0,CRUSADER_CARAVANS,0.581,1308.1,54.0,79.1,14.1,1920,1080,0.054,1347.6,61.0
Round3,Q1,1960,980.0,CRUSADER_CARAVANS,0.5754,417.3,305.8,39.0,17.7,1920,1080,0.033,436.8,314.7
Round3,Q1,1960,980.0,CRUSADER_CARAVANS,0.5684,922.5,51.7,79.1,12.6,1920,1080,0.048,962.0,58.0
Round3,Q1,1960,980.0,CRUSADER_CARAVANS,0.5602,106.8,30.9,91.9,14.2,1920,1080,0.063,152.8,38.0
Round3,Q1,1960,980.0,CRUSADER_CARAVANS,0.4645,216.2,36.5,92.6,13.0,1920,1080,0.058,262.5,43.0
Round3,Q1,1960,980.0,CRUSADER_CARAVANS,0.4359,1359.8,237.3,30.8,16.0,1920,1080,0.024,1375.2,245.3
Round3,Q1,1960,980.0,CRUSADER_CARAVANS,0.3963,0.2,23.0,87.1,16.7,1920,1080,0.07,43.7,31.4
Round3,Q1,1960,980.0,CRUSADER_CARAVANS,0.3496,1899.5,47.1,20.2,14.2,1920,1080,0.014,1909.6,54.2
Round3,Q1,1961,980.5,CRUSADER_CARAVANS,0.8027,1630.2,267.0,143.7,27.5,1920,1080,0.19,1702.1,280.8
Round3,Q1,1961,980.5,CRUSADER_CARAVANS,0.8027,296.9,213.0,153.7,18.7,1920,1080,0.139,373.8,222.4
Round3,Q1,1961,980.5,CRUSADER_CARAVANS,0.8013,0.1,316.7,160.2,20.8,1920,1080,0.161,80.2,327.0
Round3,Q1,1961,980.5,CRUSADER_CARAVANS,0.7979,91.6,208.2,164.1,19.3,1920,1080,0.152,173.6,217.8
Round3,Q1,1961,980.5,CRUSADER_CARAVANS,0.7938,1050.0,233.8,142.5,21.0,1920,1080,0.144,1121.2,244.3
Round3,Q1,1961,980.5,CRUSADER_CARAVANS,0.7917,211.2,319.1,175.9,20.0,1920,1080,0.17,299.2,329.1
Round3,Q1,1961,980.5,CRUSADER_CARAVANS,0.7848,1231.7,242.5,141.0,22.0,1920,1080,0.15,1302.2,253.5
Round3,Q1,1961,980.5,CRUSADER_CARAVANS,0.779,654.6,327.5,159.4,24.2,1920,1080,0.186,734.4,339.6
Round3,Q1,1961,980.5,CRUSADER_CARAVANS,0.7772,494.6,217.8,148.1,18.3,1920,1080,0.131,568.7,226.9
Round3,Q1,1961,980.5,CRUSADER_CARAVANS,0.7735,685.1,221.9,145.5,19.1,1920,1080,0.134,757.9,231.5
Round3,Q1,1961,980.5,CRUSADER_CARAVANS,0.7649,870.1,227.9,143.5,19.6,1920,1080,0.136,941.8,237.7
Round3,Q1,1961,980.5,CRUSADER_CARAVANS,0.75,395.9,321.9,41.3,17.9,1920,1080,0.036,416.5,330.9
Round3,Q1,1961,980.5,CRUSADER_CARAVANS,0.7447,1124.6,60.7,80.9,13.0,1920,1080,0.051,1165.0,67.2
Round3,Q1,1961,980.5,CRUSADER_CARAVANS,0.7436,259.0,212.4,34.4,15.1,1920,1080,0.025,276.2,220.0
Round3,Q1,1961,980.5,CRUSADER_CARAVANS,0.7363,1047.9,350.5,152.7,30.5,1920,1080,0.224,1124.2,365.7
Round3,Q1,1961,980.5,CRUSADER_CARAVANS,0.7351,1407.8,252.4,141.3,24.5,1920,1080,0.167,1478.4,264.7
Round3,Q1,1961,980.5,CRUSADER_CARAVANS,0.7235,48.2,206.8,37.9,15.8,1920,1080,0.029,67.2,214.7
Round3,Q1,1961,980.5,CRUSADER_CARAVANS,0.7216,1023.9,60.3,83.5,12.6,1920,1080,0.051,1065.6,66.6
Round3,Q1,1961,980.5,CRUSADER_CARAVANS,0.7199,1221.3,60.9,84.9,13.7,1920,1080,0.056,1263.8,67.7
Round3,Q1,1961,980.5,CRUSADER_CARAVANS,0.7192,924.9,59.0,81.7,12.6,1920,1080,0.05,965.7,65.3
Round3,Q1,1961,980.5,CRUSADER_CARAVANS,0.7112,440.2,322.4,167.4,21.5,1920,1080,0.173,523.9,333.1
Round3,Q1,1961,980.5,CRUSADER_CARAVANS,0.7092,1215.5,366.0,164.0,35.0,1920,1080,0.277,1297.5,383.5
Round3,Q1,1961,980.5,CRUSADER_CARAVANS,0.7092,1781.8,279.1,138.2,32.1,1920,1080,0.214,1850.9,295.2
Round3,Q1,1961,980.5,CRUSADER_CARAVANS,0.7073,1587.2,412.9,187.4,50.0,1920,1080,0.451,1680.9,437.9
Round3,Q1,1961,980.5,CRUSADER_CARAVANS,0.7064,648.1,221.1,32.2,15.3,1920,1080,0.024,664.2,228.7
Round3,Q1,1961,980.5,CRUSADER_CARAVANS,0.6966,1419.8,60.9,88.1,13.6,1920,1080,0.058,1463.8,67.7
Round3,Q1,1961,980.5,CRUSADER_CARAVANS,0.694,1781.0,447.8,138.7,58.6,1920,1080,0.392,1850.4,477.1
Round3,Q1,1961,980.5,CRUSADER_CARAVANS,0.686,457.3,216.6,34.7,15.9,1920,1080,0.027,474.7,224.6
Round3,Q1,1961,980.5,CRUSADER_CARAVANS,0.6857,163.8,318.5,41.3,18.4,1920,1080,0.037,184.5,327.7
Round3,Q1,1961,980.5,CRUSADER_CARAVANS,0.6856,1322.9,60.9,81.4,13.7,1920,1080,0.054,1363.6,67.8
Round3,Q1,1961,980.5,CRUSADER_CARAVANS,0.6673,302.1,45.4,91.0,13.2,1920,1080,0.058,347.6,52.0
Round3,Q1,1961,980.5,CRUSADER_CARAVANS,0.6657,413.6,49.5,84.5,12.4,1920,1080,0.051,455.8,55.7
Round3,Q1,1961,980.5,CRUSADER_CARAVANS,0.664,612.5,326.4,37.2,17.6,1920,1080,0.031,631.1,335.2
Round3,Q1,1961,980.5,CRUSADER_CARAVANS,0.6596,850.7,337.8,163.0,25.8,1920,1080,0.203,932.2,350.7
Round3,Q1,1961,980.5,CRUSADER_CARAVANS,0.6589,1526.9,60.2,84.3,13.9,1920,1080,0.057,1569.1,67.1
Round3,Q1,1961,980.5,CRUSADER_CARAVANS,0.6566,835.4,226.5,33.1,15.5,1920,1080,0.025,851.9,234.3
Round3,Q1,1961,980.5,CRUSADER_CARAVANS,0.6421,0.1,203.6,40.9,19.5,1920,1080,0.038,20.6,213.3
Round3,Q1,1961,980.5,CRUSADER_CARAVANS,0.6412,1412.7,389.1,164.6,39.2,1920,1080,0.311,1495.0,408.7
Round3,Q1,1961,980.5,CRUSADER_CARAVANS,0.6398,189.6,41.1,95.7,14.0,1920,1080,0.065,237.4,48.1
Round3,Q1,1961,980.5,CRUSADER_CARAVANS,0.6294,1016.5,232.7,32.2,16.4,1920,1080,0.025,1032.6,240.9
Round3,Q1,1961,980.5,CRUSADER_CARAVANS,0.6269,825.7,57.9,81.8,12.2,1920,1080,0.048,866.6,64.0
Round3,Q1,1961,980.5,CRUSADER_CARAVANS,0.5738,1843.8,52.8,75.9,16.6,1920,1080,0.061,1881.8,61.1
Round3,Q1,1961,980.5,CRUSADER_CARAVANS,0.571,1627.8,59.8,91.6,13.1,1920,1080,0.058,1673.6,66.3
Round3,Q1,1961,980.5,CRUSADER_CARAVANS,0.5585,74.2,36.2,96.1,13.5,1920,1080,0.063,122.3,42.9
Round3,Q1,1961,980.5,CRUSADER_CARAVANS,0.4975,1739.5,56.7,86.3,13.8,1920,1080,0.057,1782.6,63.6
Round3,Q1,1961,980.5,CRUSADER_CARAVANS,0.4951,1198.4,240.0,31.9,17.1,1920,1080,0.026,1214.4,248.6
Round3,Q1,1961,980.5,CRUSADER_CARAVANS,0.4731,0.0,29.5,54.9,15.7,1920,1080,0.041,27.4,37.4
Round3,Q1,1961,980.5,CRUSADER_CARAVANS,0.4628,818.5,336.7,34.6,17.2,1920,1080,0.029,835.8,345.3
Round3,Q1,1961,980.5,CRUSADER_CARAVANS,0.3941,1376.8,250.9,32.6,16.5,1920,1080,0.026,1393.1,259.1
Round3,Q1,1961,980.5,CRUSADER_CARAVANS,0.3411,1389.3,384.9,33.9,23.3,1920,1080,0.038,1406.2,396.6
Round3,Q1,1962,981.0,CRUSADER_CARAVANS,0.8264,1692.9,280.1,152.1,28.5,1920,1080,0.209,1769.0,294.4
Round3,Q1,1962,981.0,CRUSADER_CARAVANS,0.8036,689.6,233.4,152.3,20.0,1920,1080,0.147,765.8,243.4
Round3,Q1,1962,981.0,CRUSADER_CARAVANS,0.8022,1.5,332.2,134.0,22.1,1920,1080,0.143,68.5,343.2
Round3,Q1,1962,981.0,CRUSADER_CARAVANS,0.7878,1078.9,246.6,147.7,21.6,1920,1080,0.154,1152.7,257.4
Round3,Q1,1962,981.0,CRUSADER_CARAVANS,0.7857,1643.9,434.2,202.8,53.9,1920,1080,0.527,1745.3,461.2
Round3,Q1,1962,981.0,CRUSADER_CARAVANS,0.785,490.7,228.9,159.8,19.1,1920,1080,0.147,570.5,238.5
Round3,Q1,1962,981.0,CRUSADER_CARAVANS,0.7806,284.1,224.1,162.2,19.1,1920,1080,0.149,365.2,233.6
Round3,Q1,1962,981.0,CRUSADER_CARAVANS,0.778,1456.0,265.5,150.3,25.1,1920,1080,0.182,1531.1,278.0
Round3,Q1,1962,981.0,CRUSADER_CARAVANS,0.7722,1267.4,254.7,149.2,23.9,1920,1080,0.172,1342.0,266.7
Round3,Q1,1962,981.0,CRUSADER_CARAVANS,0.7719,887.1,239.6,150.2,20.6,1920,1080,0.149,962.2,249.9
Round3,Q1,1962,981.0,CRUSADER_CARAVANS,0.7705,64.4,218.4,172.3,19.8,1920,1080,0.164,150.5,228.3
Round3,Q1,1962,981.0,CRUSADER_CARAVANS,0.7662,188.5,334.5,189.8,21.9,1920,1080,0.2,283.4,345.4
Round3,Q1,1962,981.0,CRUSADER_CARAVANS,0.7609,452.8,228.0,34.9,16.1,1920,1080,0.027,470.3,236.1
Round3,Q1,1962,981.0,CRUSADER_CARAVANS,0.7604,659.9,345.1,167.1,24.3,1920,1080,0.196,743.4,357.2
Round3,Q1,1962,981.0,CRUSADER_CARAVANS,0.756,241.9,222.8,36.7,16.1,1920,1080,0.029,260.2,230.9
Round3,Q1,1962,981.0,CRUSADER_CARAVANS,0.7513,615.9,343.0,38.8,18.8,1920,1080,0.035,635.3,352.4
Round3,Q1,1962,981.0,CRUSADER_CARAVANS,0.7512,652.5,232.7,34.3,15.5,1920,1080,0.026,669.6,240.5
Round3,Q1,1962,981.0,CRUSADER_CARAVANS,0.7439,1073.3,368.8,160.5,30.9,1920,1080,0.239,1153.5,384.3
Round3,Q1,1962,981.0,CRUSADER_CARAVANS,0.7433,849.3,237.9,34.9,16.6,1920,1080,0.028,866.7,246.2
Round3,Q1,1962,981.0,CRUSADER_CARAVANS,0.7373,1047.0,62.3,89.9,13.7,1920,1080,0.059,1091.9,69.2
Round3,Q1,1962,981.0,CRUSADER_CARAVANS,0.736,946.0,61.5,84.0,13.7,1920,1080,0.055,988.0,68.3
Round3,Q1,1962,981.0,CRUSADER_CARAVANS,0.7295,1153.8,63.0,86.2,13.7,1920,1080,0.057,1196.9,69.9
Round3,Q1,1962,981.0,CRUSADER_CARAVANS,0.7241,1471.6,62.8,91.7,14.4,1920,1080,0.064,1517.5,70.0
Round3,Q1,1962,981.0,CRUSADER_CARAVANS,0.707,434.1,338.7,178.5,21.7,1920,1080,0.187,523.3,349.5
Round3,Q1,1962,981.0,CRUSADER_CARAVANS,0.7057,141.4,334.3,43.2,19.5,1920,1080,0.041,163.0,344.0
Round3,Q1,1962,981.0,CRUSADER_CARAVANS,0.7015,1259.2,63.1,89.5,14.0,1920,1080,0.06,1304.0,70.1
Round3,Q1,1962,981.0,CRUSADER_CARAVANS,0.6977,1581.0,61.7,89.7,14.0,1920,1080,0.061,1625.9,68.7
Round3,Q1,1962,981.0,CRUSADER_CARAVANS,0.6867,870.2,354.9,164.2,27.6,1920,1080,0.219,952.3,368.7
Round3,Q1,1962,981.0,CRUSADER_CARAVANS,0.6863,385.7,336.8,44.9,19.9,1920,1080,0.043,408.2,346.7
Round3,Q1,1962,981.0,CRUSADER_CARAVANS,0.6819,1232.4,252.8,34.8,17.5,1920,1080,0.029,1249.8,261.5
Round3,Q1,1962,981.0,CRUSADER_CARAVANS,0.6699,1040.8,245.3,34.0,16.8,1920,1080,0.028,1057.8,253.7
Round3,Q1,1962,981.0,CRUSADER_CARAVANS,0.6698,402.4,51.0,94.3,13.6,1920,1080,0.062,449.5,57.8
Round3,Q1,1962,981.0,CRUSADER_CARAVANS,0.6678,1464.1,410.7,171.5,39.0,1920,1080,0.323,1549.8,430.2
Round3,Q1,1962,981.0,CRUSADER_CARAVANS,0.6678,1256.3,385.8,167.7,37.0,1920,1080,0.299,1340.1,404.3
Round3,Q1,1962,981.0,CRUSADER_CARAVANS,0.6664,1365.1,62.9,85.6,14.4,1920,1080,0.059,1407.9,70.1
Round3,Q1,1962,981.0,CRUSADER_CARAVANS,0.6633,838.4,60.9,88.7,13.0,1920,1080,0.056,882.8,67.4
Round3,Q1,1962,981.0,CRUSADER_CARAVANS,0.6586,19.1,215.6,39.2,17.3,1920,1080,0.033,38.7,224.2
Round3,Q1,1962,981.0,CRUSADER_CARAVANS,0.6516,290.8,47.1,95.5,13.7,1920,1080,0.063,338.5,54.0
Round3,Q1,1962,981.0,CRUSADER_CARAVANS,0.6201,1851.6,292.2,68.4,27.7,1920,1080,0.091,1885.7,306.0
Round3,Q1,1962,981.0,CRUSADER_CARAVANS,0.6059,49.2,35.7,100.5,15.2,1920,1080,0.074,99.5,43.3
Round3,Q1,1962,981.0,CRUSADER_CARAVANS,0.6055,173.7,41.9,96.6,14.7,1920,1080,0.069,222.0,49.3
Round3,Q1,1962,981.0,CRUSADER_CARAVANS,0.5714,1853.3,470.6,66.7,45.8,1920,1080,0.147,1886.6,493.4
Round3,Q1,1962,981.0,CRUSADER_CARAVANS,0.5081,1690.5,60.2,98.6,13.9,1920,1080,0.066,1739.8,67.1
Round3,Q1,1962,981.0,CRUSADER_CARAVANS,0.5072,1422.4,263.5,33.8,17.4,1920,1080,0.028,1439.3,272.2
Round3,Q1,1962,981.0,CRUSADER_CARAVANS,0.4729,832.4,353.9,36.0,18.5,1920,1080,0.032,850.4,363.2
Round3,Q1,1962,981.0,CRUSADER_CARAVANS,0.4578,0.0,29.6,26.2,16.0,1920,1080,0.02,13.1,37.6
Round3,Q1,1962,981.0,CRUSADER_CARAVANS,0.406,1810.4,56.4,91.6,14.6,1920,1080,0.064,1856.1,63.7
Round3,Q1,1962,981.0,CRUSADER_CARAVANS,0.3725,0.0,213.2,11.7,19.3,1920,1080,0.011,5.9,222.9
Round3,Q1,1962,981.0,CRUSADER_CARAVANS,0.3671,1040.4,366.2,32.9,20.2,1920,1080,0.032,1056.9,376.3
Round3,Q1,1962,981.0,CRUSADER_CARAVANS,0.3467,1903.3,55.4,16.5,14.8,1920,1080,0.012,1911.6,62.8
Round3,Q1,1963,981.5,CRUSADER_CARAVANS,0.7907,1719.9,312.9,162.5,28.8,1920,1080,0.225,1801.2,327.3
Round3,Q1,1963,981.5,CRUSADER_CARAVANS,0.7884,196.6,251.3,38.6,17.1,1920,1080,0.032,215.9,259.9
Round3,Q1,1963,981.5,CRUSADER_CARAVANS,0.7875,418.4,257.0,38.1,17.5,1920,1080,0.032,437.4,265.8
Round3,Q1,1963,981.5,CRUSADER_CARAVANS,0.7817,458.9,258.0,166.9,20.3,1920,1080,0.164,542.4,268.1
Round3,Q1,1963,981.5,CRUSADER_CARAVANS,0.7792,1273.7,285.5,156.2,24.8,1920,1080,0.187,1351.8,297.9
Round3,Q1,1963,981.5,CRUSADER_CARAVANS,0.7787,88.1,368.3,47.0,20.6,1920,1080,0.047,111.6,378.6
Round3,Q1,1963,981.5,CRUSADER_CARAVANS,0.7738,669.1,262.7,159.8,21.5,1920,1080,0.166,749.0,273.5
Round3,Q1,1963,981.5,CRUSADER_CARAVANS,0.7693,139.6,368.8,199.9,23.0,1920,1080,0.222,239.5,380.3
Round3,Q1,1963,981.5,CRUSADER_CARAVANS,0.769,1075.3,277.1,152.6,22.4,1920,1080,0.165,1151.6,288.3
Round3,Q1,1963,981.5,CRUSADER_CARAVANS,0.7682,1.2,245.4,190.8,21.7,1920,1080,0.2,96.6,256.2
Round3,Q1,1963,981.5,CRUSADER_CARAVANS,0.7666,629.0,262.1,36.5,16.9,1920,1080,0.03,647.2,270.6
Round3,Q1,1963,981.5,CRUSADER_CARAVANS,0.7603,241.1,252.2,169.6,21.2,1920,1080,0.173,325.9,262.8
Round3,Q1,1963,981.5,CRUSADER_CARAVANS,0.7588,590.5,377.4,39.5,19.4,1920,1080,0.037,610.3,387.1
Round3,Q1,1963,981.5,CRUSADER_CARAVANS,0.756,1603.6,83.2,93.7,15.3,1920,1080,0.069,1650.5,90.8
Round3,Q1,1963,981.5,CRUSADER_CARAVANS,0.7514,835.4,268.3,36.5,17.2,1920,1080,0.03,853.6,276.9
Round3,Q1,1963,981.5,CRUSADER_CARAVANS,0.7492,633.1,379.4,179.7,24.9,1920,1080,0.216,722.9,391.9
Round3,Q1,1963,981.5,CRUSADER_CARAVANS,0.7466,1474.2,296.8,156.8,26.8,1920,1080,0.203,1552.6,310.2
Round3,Q1,1963,981.5,CRUSADER_CARAVANS,0.7447,1156.0,85.7,89.1,13.8,1920,1080,0.059,1200.5,92.6
Round3,Q1,1963,981.5,CRUSADER_CARAVANS,0.744,1069.2,404.4,171.5,32.2,1920,1080,0.267,1154.9,420.5
Round3,Q1,1963,981.5,CRUSADER_CARAVANS,0.7417,1236.0,283.5,35.6,18.1,1920,1080,0.031,1253.8,292.5
Round3,Q1,1963,981.5,CRUSADER_CARAVANS,0.7385,1377.7,85.3,89.0,14.6,1920,1080,0.063,1422.2,92.6
Round3,Q1,1963,981.5,CRUSADER_CARAVANS,0.7354,878.8,270.3,153.7,20.6,1920,1080,0.153,955.6,280.6
Round3,Q1,1963,981.5,CRUSADER_CARAVANS,0.733,1263.0,85.8,95.6,14.2,1920,1080,0.065,1310.8,92.9
Round3,Q1,1963,981.5,CRUSADER_CARAVANS,0.733,1484.2,84.6,99.8,14.8,1920,1080,0.071,1534.1,92.0
Round3,Q1,1963,981.5,CRUSADER_CARAVANS,0.726,1045.1,85.2,91.6,13.5,1920,1080,0.06,1090.9,92.0
Round3,Q1,1963,981.5,CRUSADER_CARAVANS,0.7222,0.0,366.5,82.7,22.7,1920,1080,0.09,41.4,377.9
Round3,Q1,1963,981.5,CRUSADER_CARAVANS,0.7203,347.6,371.6,48.2,20.5,1920,1080,0.048,371.7,381.9
Round3,Q1,1963,981.5,CRUSADER_CARAVANS,0.714,937.3,83.9,88.1,13.9,1920,1080,0.059,981.4,90.9
Round3,Q1,1963,981.5,CRUSADER_CARAVANS,0.7093,400.1,373.5,183.8,22.9,1920,1080,0.203,492.1,384.9
Round3,Q1,1963,981.5,CRUSADER_CARAVANS,0.6915,1719.9,80.6,101.7,15.4,1920,1080,0.076,1770.8,88.4
Round3,Q1,1963,981.5,CRUSADER_CARAVANS,0.6866,1840.7,77.7,79.1,16.4,1920,1080,0.063,1880.2,85.9
Round3,Q1,1963,981.5,CRUSADER_CARAVANS,0.6775,1679.5,473.4,200.6,55.9,1920,1080,0.541,1779.8,501.3
Round3,Q1,1963,981.5,CRUSADER_CARAVANS,0.6733,1884.1,509.4,35.9,35.0,1920,1080,0.061,1902.0,526.9
Round3,Q1,1963,981.5,CRUSADER_CARAVANS,0.6679,1884.9,323.6,34.9,22.7,1920,1080,0.038,1902.3,334.9
Round3,Q1,1963,981.5,CRUSADER_CARAVANS,0.6509,826.9,83.5,89.1,12.5,1920,1080,0.054,871.4,89.7
Round3,Q1,1963,981.5,CRUSADER_CARAVANS,0.6432,860.2,390.4,169.9,28.7,1920,1080,0.236,945.1,404.7
Round3,Q1,1963,981.5,CRUSADER_CARAVANS,0.6314,1433.9,294.0,36.2,18.8,1920,1080,0.033,1452.0,303.4
Round3,Q1,1963,981.5,CRUSADER_CARAVANS,0.6146,1276.5,421.4,164.3,39.0,1920,1080,0.309,1358.6,440.9
Round3,Q1,1963,981.5,CRUSADER_CARAVANS,0.6111,1035.5,275.4,35.9,17.8,1920,1080,0.031,1053.4,284.3
Round3,Q1,1963,981.5,CRUSADER_CARAVANS,0.5928,250.2,67.7,97.6,14.1,1920,1080,0.066,298.9,74.7
Round3,Q1,1963,981.5,CRUSADER_CARAVANS,0.557,369.7,72.6,96.5,13.3,1920,1080,0.062,417.9,79.3
Round3,Q1,1963,981.5,CRUSADER_CARAVANS,0.5569,1457.4,445.1,199.9,44.6,1920,1080,0.43,1557.4,467.4
Round3,Q1,1963,981.5,CRUSADER_CARAVANS,0.5488,1636.7,307.0,28.1,19.7,1920,1080,0.027,1650.7,316.8
Round3,Q1,1963,981.5,CRUSADER_CARAVANS,0.4513,817.6,388.6,36.8,19.6,1920,1080,0.035,836.0,398.3
Round3,Q1,1963,981.5,CRUSADER_CARAVANS,0.4307,0.7,54.5,98.8,16.4,1920,1080,0.078,50.2,62.7
Round3,Q1,1963,981.5,CRUSADER_CARAVANS,0.312,1448.3,441.3,37.5,27.1,1920,1080,0.049,1467.1,454.9
Round3,Q1,1964,982.0,CRUSADER_CARAVANS,0.8229,171.0,293.6,40.9,17.7,1920,1080,0.035,191.4,302.5
Round3,Q1,1964,982.0,CRUSADER_CARAVANS,0.8204,628.2,305.0,37.7,17.4,1920,1080,0.032,647.0,313.7
Round3,Q1,1964,982.0,CRUSADER_CARAVANS,0.7949,845.4,310.9,37.9,18.1,1920,1080,0.033,864.4,319.9
Round3,Q1,1964,982.0,CRUSADER_CARAVANS,0.7886,56.1,417.0,48.0,21.7,1920,1080,0.05,80.1,427.9
Round3,Q1,1964,982.0,CRUSADER_CARAVANS,0.7875,586.0,426.2,43.1,21.2,1920,1080,0.044,607.5,436.8
Round3,Q1,1964,982.0,CRUSADER_CARAVANS,0.7858,1520.8,341.5,165.5,26.7,1920,1080,0.213,1603.6,354.9
Round3,Q1,1964,982.0,CRUSADER_CARAVANS,0.7852,220.6,295.1,178.5,21.0,1920,1080,0.181,309.9,305.6
Round3,Q1,1964,982.0,CRUSADER_CARAVANS,0.7814,449.3,301.0,174.4,20.9,1920,1080,0.175,536.5,311.5
Round3,Q1,1964,982.0,CRUSADER_CARAVANS,0.7807,331.2,420.3,48.7,21.7,1920,1080,0.051,355.5,431.1
Round3,Q1,1964,982.0,CRUSADER_CARAVANS,0.7774,672.2,306.7,164.1,20.9,1920,1080,0.165,754.3,317.1
Round3,Q1,1964,982.0,CRUSADER_CARAVANS,0.7667,632.0,428.4,189.8,26.8,1920,1080,0.245,726.9,441.8
Round3,Q1,1964,982.0,CRUSADER_CARAVANS,0.765,112.7,417.7,210.9,23.9,1920,1080,0.243,218.2,429.6
Round3,Q1,1964,982.0,CRUSADER_CARAVANS,0.7582,1096.0,320.1,164.7,23.6,1920,1080,0.188,1178.3,331.9
Round3,Q1,1964,982.0,CRUSADER_CARAVANS,0.7556,1299.9,119.8,95.5,14.3,1920,1080,0.066,1347.7,127.0
Round3,Q1,1964,982.0,CRUSADER_CARAVANS,0.7537,1.9,289.0,163.4,21.4,1920,1080,0.169,83.6,299.7
Round3,Q1,1964,982.0,CRUSADER_CARAVANS,0.7537,1534.4,117.8,101.0,15.2,1920,1080,0.074,1584.9,125.4
Round3,Q1,1964,982.0,CRUSADER_CARAVANS,0.7527,1268.3,327.6,37.8,18.4,1920,1080,0.034,1287.2,336.8
Round3,Q1,1964,982.0,CRUSADER_CARAVANS,0.7498,1308.2,330.0,166.5,24.1,1920,1080,0.194,1391.4,342.0
Round3,Q1,1964,982.0,CRUSADER_CARAVANS,0.7476,887.4,313.0,164.1,21.9,1920,1080,0.173,969.5,324.0
Round3,Q1,1964,982.0,CRUSADER_CARAVANS,0.7441,1785.0,357.7,134.7,30.4,1920,1080,0.198,1852.4,372.9
Round3,Q1,1964,982.0,CRUSADER_CARAVANS,0.7439,385.3,422.2,194.8,23.4,1920,1080,0.22,482.7,433.9
Round3,Q1,1964,982.0,CRUSADER_CARAVANS,0.7421,1184.0,119.8,92.6,13.9,1920,1080,0.062,1230.3,126.7
Round3,Q1,1964,982.0,CRUSADER_CARAVANS,0.7407,1066.8,119.2,97.4,14.4,1920,1080,0.067,1115.5,126.4
Round3,Q1,1964,982.0,CRUSADER_CARAVANS,0.7398,407.3,299.7,39.0,17.8,1920,1080,0.033,426.8,308.6
Round3,Q1,1964,982.0,CRUSADER_CARAVANS,0.7352,227.6,100.6,106.2,15.6,1920,1080,0.08,280.7,108.4
Round3,Q1,1964,982.0,CRUSADER_CARAVANS,0.7308,0.0,87.0,71.4,18.1,1920,1080,0.062,35.7,96.0
Round3,Q1,1964,982.0,CRUSADER_CARAVANS,0.7247,952.2,117.3,95.4,14.6,1920,1080,0.067,999.9,124.6
Round3,Q1,1964,982.0,CRUSADER_CARAVANS,0.7224,95.5,94.1,112.0,18.2,1920,1080,0.098,151.5,103.2
Round3,Q1,1964,982.0,CRUSADER_CARAVANS,0.7205,1780.8,113.1,106.2,16.5,1920,1080,0.084,1834.0,121.3
Round3,Q1,1964,982.0,CRUSADER_CARAVANS,0.7155,867.2,439.9,181.3,29.6,1920,1080,0.259,957.8,454.7
Round3,Q1,1964,982.0,CRUSADER_CARAVANS,0.6977,0.0,414.7,50.9,25.2,1920,1080,0.062,25.5,427.3
Round3,Q1,1964,982.0,CRUSADER_CARAVANS,0.691,1416.3,118.9,95.6,14.9,1920,1080,0.069,1464.0,126.4
Round3,Q1,1964,982.0,CRUSADER_CARAVANS,0.6905,1477.1,338.5,37.6,18.7,1920,1080,0.034,1495.9,347.8
Round3,Q1,1964,982.0,CRUSADER_CARAVANS,0.6905,836.0,116.7,96.6,13.6,1920,1080,0.063,884.2,123.5
Round3,Q1,1964,982.0,CRUSADER_CARAVANS,0.6778,1656.3,116.0,100.7,14.7,1920,1080,0.071,1706.6,123.4
Round3,Q1,1964,982.0,CRUSADER_CARAVANS,0.6754,1056.4,318.1,37.0,18.9,1920,1080,0.034,1074.9,327.6
Round3,Q1,1964,982.0,CRUSADER_CARAVANS,0.6747,1091.5,455.0,178.9,33.8,1920,1080,0.292,1180.9,471.9
Round3,Q1,1964,982.0,CRUSADER_CARAVANS,0.6566,357.5,106.1,101.0,14.4,1920,1080,0.07,408.0,113.3
Round3,Q1,1964,982.0,CRUSADER_CARAVANS,0.6485,826.5,438.1,38.6,20.7,1920,1080,0.039,845.8,448.4
Round3,Q1,1964,982.0,CRUSADER_CARAVANS,0.6165,1281.0,471.9,204.7,39.3,1920,1080,0.388,1383.4,491.6
Round3,Q1,1964,982.0,CRUSADER_CARAVANS,0.6038,1527.5,500.1,188.6,45.2,1920,1080,0.411,1621.8,522.7
Round3,Q1,1964,982.0,CRUSADER_CARAVANS,0.5923,1727.3,527.3,192.5,60.8,1920,1080,0.564,1823.6,557.6
Round3,Q1,1964,982.0,CRUSADER_CARAVANS,0.4766,466.1,108.8,48.2,14.0,1920,1080,0.033,490.1,115.8
Round3,Q1,1964,982.0,CRUSADER_CARAVANS,0.4266,1693.0,351.8,32.8,20.1,1920,1080,0.032,1709.4,361.9
Round3,Q1,1964,982.0,CRUSADER_CARAVANS,0.4138,1274.9,470.5,38.8,22.5,1920,1080,0.042,1294.4,481.7
Round3,Q1,1964,982.0,CRUSADER_CARAVANS,0.3511,1888.0,111.4,29.3,15.6,1920,1080,0.022,1902.6,119.2
Round3,Q1,1965,982.5,CRUSADER_CARAVANS,0.8507,407.3,321.1,41.8,18.4,1920,1080,0.037,428.2,330.3
Round3,Q1,1965,982.5,CRUSADER_CARAVANS,0.8101,0.5,309.9,144.6,22.6,1920,1080,0.157,72.8,321.2
Round3,Q1,1965,982.5,CRUSADER_CARAVANS,0.804,152.0,315.2,44.7,17.9,1920,1080,0.039,174.4,324.2
Round3,Q1,1965,982.5,CRUSADER_CARAVANS,0.8039,645.9,327.2,40.3,18.0,1920,1080,0.035,666.0,336.2
Round3,Q1,1965,982.5,CRUSADER_CARAVANS,0.7933,880.1,333.3,40.4,19.7,1920,1080,0.038,900.3,343.2
Round3,Q1,1965,982.5,CRUSADER_CARAVANS,0.7855,1152.4,343.9,177.7,24.0,1920,1080,0.206,1241.3,355.9
Round3,Q1,1965,982.5,CRUSADER_CARAVANS,0.7847,24.9,447.8,53.2,22.8,1920,1080,0.059,51.5,459.2
Round3,Q1,1965,982.5,CRUSADER_CARAVANS,0.7841,201.7,316.4,195.1,21.4,1920,1080,0.201,299.2,327.1
Round3,Q1,1965,982.5,CRUSADER_CARAVANS,0.7825,452.9,322.5,188.4,21.1,1920,1080,0.192,547.1,333.1
Round3,Q1,1965,982.5,CRUSADER_CARAVANS,0.7698,925.9,336.0,177.2,22.7,1920,1080,0.194,1014.5,347.3
Round3,Q1,1965,982.5,CRUSADER_CARAVANS,0.7693,1337.8,351.2,41.7,19.4,1920,1080,0.039,1358.6,360.9
Round3,Q1,1965,982.5,CRUSADER_CARAVANS,0.7686,996.3,125.5,102.8,14.5,1920,1080,0.072,1047.7,132.8
Round3,Q1,1965,982.5,CRUSADER_CARAVANS,0.7678,1614.7,366.5,186.4,27.2,1920,1080,0.244,1707.9,380.0
Round3,Q1,1965,982.5,CRUSADER_CARAVANS,0.7669,85.3,448.6,228.3,24.6,1920,1080,0.271,199.5,460.9
Round3,Q1,1965,982.5,CRUSADER_CARAVANS,0.765,1382.4,354.6,178.6,24.5,1920,1080,0.211,1471.7,366.9
Round3,Q1,1965,982.5,CRUSADER_CARAVANS,0.7633,650.2,459.4,203.7,27.8,1920,1080,0.273,752.0,473.3
Round3,Q1,1965,982.5,CRUSADER_CARAVANS,0.7591,693.7,328.0,178.4,23.1,1920,1080,0.199,783.0,339.6
Round3,Q1,1965,982.5,CRUSADER_CARAVANS,0.7547,1108.2,341.4,39.7,19.5,1920,1080,0.037,1128.0,351.1
Round3,Q1,1965,982.5,CRUSADER_CARAVANS,0.7536,381.5,452.8,212.2,25.6,1920,1080,0.262,487.6,465.6
Round3,Q1,1965,982.5,CRUSADER_CARAVANS,0.7364,1150.3,489.5,191.2,35.5,1920,1080,0.327,1245.9,507.3
Round3,Q1,1965,982.5,CRUSADER_CARAVANS,0.7286,1765.2,120.2,113.5,16.5,1920,1080,0.09,1821.9,128.5
Round3,Q1,1965,982.5,CRUSADER_CARAVANS,0.7286,600.1,457.8,46.0,21.9,1920,1080,0.049,623.1,468.7
Round3,Q1,1965,982.5,CRUSADER_CARAVANS,0.7256,218.8,107.1,110.3,16.3,1920,1080,0.087,273.9,115.3
Round3,Q1,1965,982.5,CRUSADER_CARAVANS,0.7228,1566.9,362.7,42.0,19.9,1920,1080,0.04,1588.0,372.6
Round3,Q1,1965,982.5,CRUSADER_CARAVANS,0.721,1120.9,126.0,106.8,14.6,1920,1080,0.075,1174.3,133.3
Round3,Q1,1965,982.5,CRUSADER_CARAVANS,0.7086,906.5,473.0,193.8,31.7,1920,1080,0.296,1003.4,488.8
Round3,Q1,1965,982.5,CRUSADER_CARAVANS,0.7011,356.0,112.1,107.4,15.9,1920,1080,0.082,409.7,120.1
Round3,Q1,1965,982.5,CRUSADER_CARAVANS,0.6964,0.0,93.9,47.0,17.9,1920,1080,0.041,23.5,102.9
Round3,Q1,1965,982.5,CRUSADER_CARAVANS,0.6812,1629.7,123.3,112.4,15.2,1920,1080,0.082,1686.0,130.9
Round3,Q1,1965,982.5,CRUSADER_CARAVANS,0.6779,71.2,99.7,122.2,18.1,1920,1080,0.107,132.3,108.8
Round3,Q1,1965,982.5,CRUSADER_CARAVANS,0.6765,872.5,123.7,102.7,14.8,1920,1080,0.074,923.8,131.1
Round3,Q1,1965,982.5,CRUSADER_CARAVANS,0.6658,1373.6,125.9,106.0,15.0,1920,1080,0.077,1426.6,133.4
Round3,Q1,1965,982.5,CRUSADER_CARAVANS,0.6562,859.7,470.6,41.4,21.5,1920,1080,0.043,880.5,481.3
Round3,Q1,1965,982.5,CRUSADER_CARAVANS,0.6556,1807.4,377.1,38.6,21.8,1920,1080,0.041,1826.7,388.0
Round3,Q1,1965,982.5,CRUSADER_CARAVANS,0.6524,327.4,450.8,48.5,23.4,1920,1080,0.055,351.6,462.6
Round3,Q1,1965,982.5,CRUSADER_CARAVANS,0.6392,1503.2,124.6,103.5,15.3,1920,1080,0.076,1555.0,132.3
Round3,Q1,1965,982.5,CRUSADER_CARAVANS,0.5873,1248.5,127.2,100.6,13.6,1920,1080,0.066,1298.8,134.0
Round3,Q1,1965,982.5,CRUSADER_CARAVANS,0.556,0.0,447.0,19.3,24.6,1920,1080,0.023,9.6,459.3
Round3,Q1,1965,982.5,CRUSADER_CARAVANS,0.5548,1630.1,538.7,199.8,48.8,1920,1080,0.47,1730.0,563.2
Round3,Q1,1965,982.5,CRUSADER_CARAVANS,0.5297,1381.1,509.9,205.5,43.1,1920,1080,0.427,1483.9,531.4
Round3,Q1,1965,982.5,CRUSADER_CARAVANS,0.5131,1844.6,567.6,75.4,41.2,1920,1080,0.15,1882.3,588.2
Round3,Q1,1965,982.5,CRUSADER_CARAVANS,0.4655,1880.7,118.4,39.3,16.7,1920,1080,0.032,1900.4,126.7
Round3,Q1,1965,982.5,CRUSADER_CARAVANS,0.4584,464.3,116.3,24.7,12.1,1920,1080,0.014,476.7,122.3
Round3,Q1,1965,982.5,CRUSADER_CARAVANS,0.4552,1346.3,505.9,41.2,24.7,1920,1080,0.049,1366.9,518.2
Round3,Q1,1965,982.5,CRUSADER_CARAVANS,0.4459,485.2,115.8,39.8,13.8,1920,1080,0.027,505.1,122.7
Round3,Q1,1965,982.5,CRUSADER_CARAVANS,0.3075,194.3,106.0,23.9,12.1,1920,1080,0.014,206.2,112.0
Round3,Q1,1966,983.0,CRUSADER_CARAVANS,0.8336,647.0,305.3,47.0,21.5,1920,1080,0.049,670.5,316.0
Round3,Q1,1966,983.0,CRUSADER_CARAVANS,0.8333,371.1,297.7,48.4,21.3,1920,1080,0.05,395.3,308.4
Round3,Q1,1966,983.0,CRUSADER_CARAVANS,0.8248,918.0,312.9,47.1,22.3,1920,1080,0.051,941.5,324.1
Round3,Q1,1966,983.0,CRUSADER_CARAVANS,0.8187,1450.0,332.7,48.1,22.3,1920,1080,0.052,1474.0,343.8
Round3,Q1,1966,983.0,CRUSADER_CARAVANS,0.8111,1720.2,345.5,50.1,22.8,1920,1080,0.055,1745.3,356.9
Round3,Q1,1966,983.0,CRUSADER_CARAVANS,0.8026,73.6,289.7,51.7,20.8,1920,1080,0.052,99.5,300.1
Round3,Q1,1966,983.0,CRUSADER_CARAVANS,0.8005,426.9,299.9,214.3,25.0,1920,1080,0.258,534.1,312.4
Round3,Q1,1966,983.0,CRUSADER_CARAVANS,0.7909,131.2,291.6,227.3,25.0,1920,1080,0.274,244.8,304.1
Round3,Q1,1966,983.0,CRUSADER_CARAVANS,0.7897,894.3,470.9,47.1,25.2,1920,1080,0.057,917.9,483.5
Round3,Q1,1966,983.0,CRUSADER_CARAVANS,0.7822,698.9,307.4,210.5,24.9,1920,1080,0.253,804.1,319.9
Round3,Q1,1966,983.0,CRUSADER_CARAVANS,0.7737,1500.1,335.7,214.5,28.4,1920,1080,0.294,1607.4,349.9
Round3,Q1,1966,983.0,CRUSADER_CARAVANS,0.7737,340.3,451.2,247.1,28.3,1920,1080,0.337,463.8,465.3
Round3,Q1,1966,983.0,CRUSADER_CARAVANS,0.7712,1181.4,321.9,47.4,22.1,1920,1080,0.051,1205.1,333.0
Round3,Q1,1966,983.0,CRUSADER_CARAVANS,0.7681,972.1,315.7,204.7,25.7,1920,1080,0.254,1074.4,328.5
Round3,Q1,1966,983.0,CRUSADER_CARAVANS,0.7564,1235.5,325.0,205.1,27.1,1920,1080,0.269,1338.1,338.6
Round3,Q1,1966,983.0,CRUSADER_CARAVANS,0.7262,274.9,447.5,58.0,26.6,1920,1080,0.074,303.8,460.8
Round3,Q1,1966,983.0,CRUSADER_CARAVANS,0.7198,944.4,473.6,227.5,35.3,1920,1080,0.388,1058.1,491.3
Round3,Q1,1966,983.0,CRUSADER_CARAVANS,0.7179,0.0,286.4,67.2,24.5,1920,1080,0.079,33.6,298.7
Round3,Q1,1966,983.0,CRUSADER_CARAVANS,0.7174,909.3,70.2,120.0,17.9,1920,1080,0.103,969.3,79.1
Round3,Q1,1966,983.0,CRUSADER_CARAVANS,0.7156,653.6,459.2,233.8,31.5,1920,1080,0.355,770.5,475.0
Round3,Q1,1966,983.0,CRUSADER_CARAVANS,0.7007,1235.2,493.8,217.4,39.5,1920,1080,0.414,1343.9,513.5
Round3,Q1,1966,983.0,CRUSADER_CARAVANS,0.6979,0.0,444.2,261.6,28.8,1920,1080,0.363,130.8,458.6
Round3,Q1,1966,983.0,CRUSADER_CARAVANS,0.6876,1458.8,512.1,50.7,28.7,1920,1080,0.07,1484.2,526.5
Round3,Q1,1966,983.0,CRUSADER_CARAVANS,0.6716,313.2,56.3,126.0,17.9,1920,1080,0.109,376.2,65.3
Round3,Q1,1966,983.0,CRUSADER_CARAVANS,0.6714,1779.4,349.0,140.5,29.8,1920,1080,0.202,1849.6,363.9
Round3,Q1,1966,983.0,CRUSADER_CARAVANS,0.6646,154.0,47.4,126.6,21.4,1920,1080,0.13,217.3,58.1
Round3,Q1,1966,983.0,CRUSADER_CARAVANS,0.6644,1054.7,71.4,119.8,17.7,1920,1080,0.102,1114.6,80.2
Round3,Q1,1966,983.0,CRUSADER_CARAVANS,0.6484,1494.5,70.3,122.8,17.1,1920,1080,0.101,1555.9,78.9
Round3,Q1,1966,983.0,CRUSADER_CARAVANS,0.6232,1199.2,72.1,123.6,17.2,1920,1080,0.102,1260.9,80.7
Round3,Q1,1966,983.0,CRUSADER_CARAVANS,0.6221,1346.5,71.8,119.2,17.4,1920,1080,0.1,1406.1,80.5
Round3,Q1,1966,983.0,CRUSADER_CARAVANS,0.5962,592.9,456.2,53.2,25.6,1920,1080,0.066,619.5,469.0
Round3,Q1,1966,983.0,CRUSADER_CARAVANS,0.5664,1800.3,63.1,119.1,18.2,1920,1080,0.105,1859.8,72.2
Round3,Q1,1966,983.0,CRUSADER_CARAVANS,0.5454,3.1,39.4,119.7,21.8,1920,1080,0.126,62.9,50.3
Round3,Q1,1966,983.0,CRUSADER_CARAVANS,0.5384,1647.3,67.4,122.1,16.8,1920,1080,0.099,1708.4,75.8
Round3,Q1,1966,983.0,CRUSADER_CARAVANS,0.4672,1174.0,73.3,26.1,15.1,1920,1080,0.019,1187.1,80.8
Round3,Q1,1966,983.0,CRUSADER_CARAVANS,0.4425,1029.2,72.9,26.0,14.8,1920,1080,0.019,1042.2,80.3
Round3,Q1,1966,983.0,CRUSADER_CARAVANS,0.4349,1821.8,552.9,97.7,49.8,1920,1080,0.235,1870.6,577.8
Round3,Q1,1966,983.0,CRUSADER_CARAVANS,0.3886,1529.7,519.1,207.5,45.2,1920,1080,0.453,1633.4,541.8
Round3,Q1,1966,983.0,CRUSADER_CARAVANS,0.3577,1772.8,66.9,27.3,15.1,1920,1080,0.02,1786.4,74.5
Round3,Q1,1966,983.0,CRUSADER_CARAVANS,0.3419,884.7,71.0,25.1,14.7,1920,1080,0.018,897.2,78.3
Round3,Q1,1966,983.0,CRUSADER_CARAVANS,0.3017,123.7,47.4,27.2,14.6,1920,1080,0.019,137.3,54.7
Round3,Q1,1966,983.0,CRUSADER_CARAVANS,0.3004,1619.0,70.5,26.5,14.3,1920,1080,0.018,1632.2,77.6
Round3,Q1,1967,983.5,CRUSADER_CARAVANS,0.8666,294.4,233.6,58.8,25.9,1920,1080,0.073,323.8,246.6
Round3,Q1,1967,983.5,CRUSADER_CARAVANS,0.8639,951.8,253.9,56.3,25.8,1920,1080,0.07,980.0,266.8
Round3,Q1,1967,983.5,CRUSADER_CARAVANS,0.8612,626.6,244.0,55.7,25.2,1920,1080,0.068,654.4,256.6
Round3,Q1,1967,983.5,CRUSADER_CARAVANS,0.8549,1593.1,275.6,59.5,26.6,1920,1080,0.076,1622.9,288.9
Round3,Q1,1967,983.5,CRUSADER_CARAVANS,0.8484,922.5,442.4,56.2,30.6,1920,1080,0.083,950.5,457.6
Round3,Q1,1967,983.5,CRUSADER_CARAVANS,0.8371,689.8,246.9,251.6,29.1,1920,1080,0.353,815.6,261.4
Round3,Q1,1967,983.5,CRUSADER_CARAVANS,0.833,1.0,224.6,279.5,30.0,1920,1080,0.405,140.7,239.7
Round3,Q1,1967,983.5,CRUSADER_CARAVANS,0.8237,1268.9,264.2,55.8,26.1,1920,1080,0.07,1296.8,277.2
Round3,Q1,1967,983.5,CRUSADER_CARAVANS,0.8215,1013.3,257.1,250.2,30.8,1920,1080,0.371,1138.4,272.5
Round3,Q1,1967,983.5,CRUSADER_CARAVANS,0.8196,1659.3,281.2,260.7,31.8,1920,1080,0.399,1789.6,297.1
Round3,Q1,1967,983.5,CRUSADER_CARAVANS,0.8178,357.8,236.8,262.7,29.9,1920,1080,0.379,489.1,251.8
Round3,Q1,1967,983.5,CRUSADER_CARAVANS,0.7987,1328.9,265.8,254.0,33.1,1920,1080,0.405,1455.9,282.4
Round3,Q1,1967,983.5,CRUSADER_CARAVANS,0.78,1603.6,491.5,61.3,34.9,1920,1080,0.103,1634.3,509.0
Round3,Q1,1967,983.5,CRUSADER_CARAVANS,0.7743,561.8,424.7,64.6,31.3,1920,1080,0.097,594.1,440.4
Round3,Q1,1967,983.5,CRUSADER_CARAVANS,0.7738,259.5,417.1,288.4,34.7,1920,1080,0.483,403.7,434.4
Round3,Q1,1967,983.5,CRUSADER_CARAVANS,0.7526,984.6,447.2,270.7,40.8,1920,1080,0.533,1120.0,467.6
Round3,Q1,1967,983.5,CRUSADER_CARAVANS,0.6831,1323.6,473.1,275.6,43.1,1920,1080,0.573,1461.4,494.7
Round3,Q1,1967,983.5,CRUSADER_CARAVANS,0.6527,0.0,411.5,163.7,31.8,1920,1080,0.251,81.9,427.5
Round3,Q1,1967,983.5,CRUSADER_CARAVANS,0.5858,1681.7,499.2,238.3,56.5,1920,1080,0.649,1800.9,527.4
Round3,Q1,1967,983.5,CRUSADER_CARAVANS,0.5839,634.0,431.1,282.7,33.1,1920,1080,0.451,775.3,447.6
Round3,Q1,1967,983.5,CRUSADER_CARAVANS,0.5296,173.1,415.2,75.8,30.4,1920,1080,0.111,211.0,430.4
Round3,Q1,1968,984.0,EMIRATES,0.8805,772.1,517.7,40.5,17.4,1920,1080,0.034,792.3,526.4
Round3,Q1,1968,984.0,EMIRATES,0.8784,1345.9,323.6,31.1,14.2,1920,1080,0.021,1361.5,330.7
Round3,Q1,1968,984.0,EMIRATES,0.8442,765.9,734.6,43.0,17.6,1920,1080,0.036,787.4,743.4
Round3,Q1,1969,984.5,EMIRATES,0.8644,831.1,366.5,44.2,27.9,1920,1080,0.06,853.2,380.4
Round3,Q1,1969,984.5,EMIRATES,0.8538,1436.7,342.4,39.7,16.5,1920,1080,0.032,1456.6,350.6
Round3,Q1,1969,984.5,EMIRATES,0.8421,900.8,733.3,39.9,21.5,1920,1080,0.041,920.7,744.0
Round3,Q1,1969,984.5,EMIRATES,0.3591,1254.1,519.0,20.4,18.9,1920,1080,0.019,1264.3,528.4
Round3,Q1,1970,985.0,EMIRATES,0.8833,1560.7,509.1,31.5,13.2,1920,1080,0.02,1576.4,515.7
Round3,Q1,1970,985.0,EMIRATES,0.8818,785.2,685.1,55.0,18.5,1920,1080,0.049,812.6,694.3
Round3,Q1,1970,985.0,EMIRATES,0.8781,0.0,754.9,23.3,16.9,1920,1080,0.019,11.7,763.3
Round3,Q1,1970,985.0,EMIRATES,0.8117,334.8,518.0,52.0,20.8,1920,1080,0.052,360.7,528.5
Round3,Q1,1971,985.5,EMIRATES,0.8862,1574.2,349.1,41.6,14.6,1920,1080,0.029,1595.0,356.4
Round3,Q1,1971,985.5,EMIRATES,0.8514,436.9,516.7,54.4,27.7,1920,1080,0.073,464.1,530.6
Round3,Q1,1971,985.5,EMIRATES,0.7887,877.8,393.4,44.0,47.5,1920,1080,0.101,899.9,417.1
Round3,Q1,1972,986.0,EMIRATES,0.908,276.7,390.3,40.4,21.2,1920,1080,0.041,296.9,400.9
Round3,Q1,1972,986.0,EMIRATES,0.8954,759.7,383.0,52.2,18.3,1920,1080,0.046,785.8,392.2
Round3,Q1,1972,986.0,EMIRATES,0.8921,1655.8,237.2,44.8,16.1,1920,1080,0.035,1678.3,245.2
Round3,Q1,1972,986.0,EMIRATES,0.8804,915.1,325.0,42.8,15.7,1920,1080,0.032,936.5,332.8
Round3,Q1,1973,986.5,EMIRATES,0.8889,388.6,367.6,42.2,15.6,1920,1080,0.032,409.7,375.3
Round3,Q1,1973,986.5,EMIRATES,0.8857,1086.9,373.4,48.3,22.4,1920,1080,0.052,1111.1,384.6
Round3,Q1,1973,986.5,EMIRATES,0.85,725.7,282.5,48.8,24.9,1920,1080,0.059,750.2,294.9
Round3,Q1,1974,987.0,EMIRATES,0.8988,1783.0,511.4,58.5,20.9,1920,1080,0.059,1812.3,521.8
Round3,Q1,1974,987.0,EMIRATES,0.8426,0.0,407.9,21.6,13.2,1920,1080,0.014,10.8,414.5
Round3,Q1,1974,987.0,EMIRATES,0.3376,724.1,454.1,27.0,26.8,1920,1080,0.035,737.5,467.5
Round3,Q1,1975,987.5,EMIRATES,0.8987,1444.7,414.4,50.2,18.2,1920,1080,0.044,1469.8,423.5
Round3,Q1,1975,987.5,EMIRATES,0.8878,159.6,1002.9,61.1,26.3,1920,1080,0.078,190.1,1016.0
Round3,Q1,1975,987.5,EMIRATES,0.82,353.4,318.1,39.6,17.9,1920,1080,0.034,373.2,327.1
Round3,Q1,1975,987.5,EMIRATES,0.7628,1200.0,366.8,37.9,16.2,1920,1080,0.03,1219.0,374.9
Round3,Q1,1975,987.5,EMIRATES,0.3194,3.1,306.9,29.5,22.7,1920,1080,0.032,17.8,318.3
Round3,Q1,1976,988.0,EMIRATES,0.8886,1862.9,329.7,41.7,17.2,1920,1080,0.035,1883.8,338.4
Round3,Q1,1976,988.0,EMIRATES,0.8878,58.8,853.2,58.5,20.8,1920,1080,0.059,88.1,863.7
Round3,Q1,1976,988.0,EMIRATES,0.8457,121.1,256.3,39.1,15.4,1920,1080,0.029,140.6,264.0
Round3,Q1,1976,988.0,EMIRATES,0.4642,1016.6,319.7,32.1,14.2,1920,1080,0.022,1032.6,326.8
Round3,Q1,1977,988.5,EMIRATES,0.8951,1648.8,342.5,39.0,14.2,1920,1080,0.027,1668.3,349.6
Round3,Q1,1977,988.5,EMIRATES,0.8791,1198.4,396.6,32.8,16.6,1920,1080,0.026,1214.8,404.9
Round3,Q1,1978,989.0,EMIRATES,0.898,1483.2,326.5,36.8,13.2,1920,1080,0.023,1501.6,333.1
Round3,Q1,1978,989.0,EMIRATES,0.4647,1060.8,348.7,17.3,8.8,1920,1080,0.007,1069.4,353.2
Round3,Q1,1979,989.5,EMIRATES,0.8625,759.1,348.8,43.9,14.7,1920,1080,0.031,781.0,356.2
Round3,Q1,1979,989.5,EMIRATES,0.8414,1708.6,75.1,45.3,13.5,1920,1080,0.029,1731.3,81.8
Round3,Q1,1979,989.5,EMIRATES,0.7885,1591.0,420.7,37.3,14.2,1920,1080,0.026,1609.7,427.8
Round3,Q1,1980,990.0,EMIRATES,0.8801,1120.4,445.9,47.8,13.7,1920,1080,0.032,1144.3,452.7
Round3,Q1,1980,990.0,EMIRATES,0.8798,1365.2,51.0,37.1,14.0,1920,1080,0.025,1383.7,58.0
Round3,Q1,1980,990.0,EMIRATES,0.535,232.5,291.6,29.3,16.0,1920,1080,0.023,247.2,299.6
Round3,Q1,1981,990.5,EMIRATES,0.8967,1046.4,595.5,38.6,15.3,1920,1080,0.028,1065.6,603.1
Round3,Q1,1981,990.5,EMIRATES,0.89,1331.8,18.2,38.1,14.2,1920,1080,0.026,1350.9,25.3
Round3,Q1,1981,990.5,EMIRATES,0.885,927.9,401.2,28.8,14.4,1920,1080,0.02,942.3,408.4
Round3,Q1,1981,990.5,EMIRATES,0.7901,14.4,315.4,26.7,16.8,1920,1080,0.022,27.8,323.7
Round3,Q1,1982,991.0,CRUSADER_CARAVANS,0.8745,447.6,123.8,58.2,26.4,1920,1080,0.074,476.7,137.0
Round3,Q1,1982,991.0,CRUSADER_CARAVANS,0.874,88.3,109.4,62.9,27.4,1920,1080,0.083,119.7,123.1
Round3,Q1,1982,991.0,CRUSADER_CARAVANS,0.8586,789.6,136.4,58.6,26.3,1920,1080,0.074,818.9,149.6
Round3,Q1,1982,991.0,CRUSADER_CARAVANS,0.8506,1451.4,158.8,59.9,27.6,1920,1080,0.08,1481.3,172.6
Round3,Q1,1982,991.0,CRUSADER_CARAVANS,0.8445,1119.1,147.5,56.1,26.3,1920,1080,0.071,1147.2,160.7
Round3,Q1,1982,991.0,CRUSADER_CARAVANS,0.8413,1109.0,355.5,60.2,30.4,1920,1080,0.088,1139.1,370.7
Round3,Q1,1982,991.0,CRUSADER_CARAVANS,0.8387,761.5,334.0,56.4,28.0,1920,1080,0.076,789.7,348.0
Round3,Q1,1982,991.0,CRUSADER_CARAVANS,0.834,511.7,127.4,266.8,30.7,1920,1080,0.395,645.1,142.8
Round3,Q1,1982,991.0,CRUSADER_CARAVANS,0.8275,159.1,114.1,277.8,31.1,1920,1080,0.417,298.0,129.6
Round3,Q1,1982,991.0,CRUSADER_CARAVANS,0.8259,851.2,139.4,262.3,32.0,1920,1080,0.404,982.3,155.4
Round3,Q1,1982,991.0,CRUSADER_CARAVANS,0.8155,1181.2,150.7,262.7,31.6,1920,1080,0.401,1312.5,166.5
Round3,Q1,1982,991.0,CRUSADER_CARAVANS,0.815,1458.7,382.7,61.1,32.3,1920,1080,0.095,1489.3,398.9
Round3,Q1,1982,991.0,CRUSADER_CARAVANS,0.8004,1518.0,162.8,270.8,33.4,1920,1080,0.436,1653.4,179.5
Round3,Q1,1982,991.0,CRUSADER_CARAVANS,0.7975,1792.1,171.5,59.6,27.9,1920,1080,0.08,1821.9,185.5
Round3,Q1,1982,991.0,CRUSADER_CARAVANS,0.7924,450.2,320.7,292.0,33.9,1920,1080,0.477,596.2,337.6
Round3,Q1,1982,991.0,CRUSADER_CARAVANS,0.7584,375.5,315.0,63.4,29.5,1920,1080,0.09,407.2,329.7
Round3,Q1,1982,991.0,CRUSADER_CARAVANS,0.7425,1811.3,417.3,63.7,34.5,1920,1080,0.106,1843.2,434.6
Round3,Q1,1982,991.0,CRUSADER_CARAVANS,0.7357,0.0,102.2,74.8,31.9,1920,1080,0.115,37.4,118.2
Round3,Q1,1982,991.0,CRUSADER_CARAVANS,0.7318,1191.0,364.2,263.6,45.2,1920,1080,0.575,1322.8,386.8
Round3,Q1,1982,991.0,CRUSADER_CARAVANS,0.6689,825.8,340.3,277.5,37.1,1920,1080,0.496,964.6,358.8
Round3,Q1,1982,991.0,CRUSADER_CARAVANS,0.5463,1855.2,171.7,64.7,31.3,1920,1080,0.098,1887.5,187.4
Round3,Q1,1982,991.0,CRUSADER_CARAVANS,0.4754,46.7,307.8,314.4,31.1,1920,1080,0.471,203.9,323.3
Round3,Q1,1982,991.0,CRUSADER_CARAVANS,0.3715,0.0,307.1,25.7,24.2,1920,1080,0.03,12.9,319.2
Round3,Q1,1983,991.5,CRUSADER_CARAVANS,0.8635,399.1,154.8,51.1,22.8,1920,1080,0.056,424.6,166.2
Round3,Q1,1983,991.5,CRUSADER_CARAVANS,0.8535,85.3,141.8,55.4,23.9,1920,1080,0.064,113.0,153.8
Round3,Q1,1983,991.5,CRUSADER_CARAVANS,0.8357,697.0,165.7,50.6,22.4,1920,1080,0.055,722.3,177.0
Round3,Q1,1983,991.5,CRUSADER_CARAVANS,0.8192,974.1,353.4,51.7,27.6,1920,1080,0.069,1000.0,367.2
Round3,Q1,1983,991.5,CRUSADER_CARAVANS,0.8191,672.9,335.4,49.8,24.9,1920,1080,0.06,697.8,347.9
Round3,Q1,1983,991.5,CRUSADER_CARAVANS,0.8167,1265.2,186.4,50.4,23.7,1920,1080,0.058,1290.4,198.3
Round3,Q1,1983,991.5,CRUSADER_CARAVANS,0.8147,982.5,176.2,48.1,22.7,1920,1080,0.053,1006.6,187.5
Round3,Q1,1983,991.5,CRUSADER_CARAVANS,0.8147,455.7,157.5,230.3,26.6,1920,1080,0.295,570.9,170.8
Round3,Q1,1983,991.5,CRUSADER_CARAVANS,0.8122,146.2,145.7,247.0,27.4,1920,1080,0.327,269.7,159.4
Round3,Q1,1983,991.5,CRUSADER_CARAVANS,0.8065,749.8,168.6,228.2,26.9,1920,1080,0.296,863.9,182.1
Round3,Q1,1983,991.5,CRUSADER_CARAVANS,0.7848,1321.8,190.1,220.7,29.5,1920,1080,0.314,1432.1,204.8
Round3,Q1,1983,991.5,CRUSADER_CARAVANS,0.7816,0.0,137.3,73.5,26.7,1920,1080,0.095,36.7,150.7
Round3,Q1,1983,991.5,CRUSADER_CARAVANS,0.7762,1036.8,178.0,221.4,28.7,1920,1080,0.307,1147.5,192.4
Round3,Q1,1983,991.5,CRUSADER_CARAVANS,0.7745,1599.3,202.8,236.6,30.4,1920,1080,0.347,1717.6,218.0
Round3,Q1,1983,991.5,CRUSADER_CARAVANS,0.7638,400.2,324.1,260.0,29.2,1920,1080,0.367,530.2,338.7
Round3,Q1,1983,991.5,CRUSADER_CARAVANS,0.7337,1568.0,407.4,49.2,29.7,1920,1080,0.07,1592.6,422.2
Round3,Q1,1983,991.5,CRUSADER_CARAVANS,0.7039,729.3,341.5,240.0,31.5,1920,1080,0.364,849.4,357.2
Round3,Q1,1983,991.5,CRUSADER_CARAVANS,0.6807,1548.8,199.6,50.2,23.8,1920,1080,0.058,1573.9,211.5
Round3,Q1,1983,991.5,CRUSADER_CARAVANS,0.6421,1040.3,361.6,227.7,35.5,1920,1080,0.39,1154.1,379.4
Round3,Q1,1983,991.5,CRUSADER_CARAVANS,0.6106,1842.7,211.8,68.3,27.1,1920,1080,0.089,1876.8,225.4
Round3,Q1,1983,991.5,CRUSADER_CARAVANS,0.5448,0.0,314.8,30.1,19.9,1920,1080,0.029,15.0,324.7
Round3,Q1,1983,991.5,CRUSADER_CARAVANS,0.4435,45.6,313.0,278.7,27.1,1920,1080,0.364,184.9,326.6
Round3,Q1,1983,991.5,CRUSADER_CARAVANS,0.4269,337.0,321.6,55.1,23.9,1920,1080,0.063,364.6,333.5
Round3,Q1,1983,991.5,CRUSADER_CARAVANS,0.3725,1327.7,385.3,238.2,43.4,1920,1080,0.499,1446.8,407.0
Round3,Q1,1984,992.0,CRUSADER_CARAVANS,0.8577,68.0,124.4,52.1,22.2,1920,1080,0.056,94.1,135.5
Round3,Q1,1984,992.0,CRUSADER_CARAVANS,0.8379,640.6,146.9,48.0,21.6,1920,1080,0.05,664.6,157.7
Round3,Q1,1984,992.0,CRUSADER_CARAVANS,0.8281,1168.5,167.0,46.5,22.3,1920,1080,0.05,1191.7,178.1
Round3,Q1,1984,992.0,CRUSADER_CARAVANS,0.8263,361.6,136.8,49.8,21.7,1920,1080,0.052,386.4,147.6
Round3,Q1,1984,992.0,CRUSADER_CARAVANS,0.822,1215.8,171.1,205.5,27.0,1920,1080,0.267,1318.5,184.6
Round3,Q1,1984,992.0,CRUSADER_CARAVANS,0.8192,900.2,321.9,46.9,25.5,1920,1080,0.058,923.7,334.6
Round3,Q1,1984,992.0,CRUSADER_CARAVANS,0.8028,690.7,151.0,211.9,24.3,1920,1080,0.249,796.7,163.2
Round3,Q1,1984,992.0,CRUSADER_CARAVANS,0.8022,954.9,159.2,205.7,26.9,1920,1080,0.267,1057.8,172.7
Round3,Q1,1984,992.0,CRUSADER_CARAVANS,0.789,906.9,157.3,44.7,21.3,1920,1080,0.046,929.2,167.9
Round3,Q1,1984,992.0,CRUSADER_CARAVANS,0.7885,1426.8,179.2,45.8,23.1,1920,1080,0.051,1449.7,190.7
Round3,Q1,1984,992.0,CRUSADER_CARAVANS,0.7882,417.4,139.3,216.0,26.9,1920,1080,0.28,525.4,152.7
Round3,Q1,1984,992.0,CRUSADER_CARAVANS,0.7878,126.0,128.3,229.5,26.5,1920,1080,0.294,240.7,141.6
Round3,Q1,1984,992.0,CRUSADER_CARAVANS,0.7824,1692.7,191.6,101.5,27.8,1920,1080,0.136,1743.5,205.5
Round3,Q1,1984,992.0,CRUSADER_CARAVANS,0.7824,1478.0,182.4,207.7,29.9,1920,1080,0.299,1581.9,197.4
Round3,Q1,1984,992.0,CRUSADER_CARAVANS,0.7774,360.9,293.6,248.4,28.8,1920,1080,0.344,485.1,308.0
Round3,Q1,1984,992.0,CRUSADER_CARAVANS,0.7553,618.4,304.4,47.7,23.5,1920,1080,0.054,642.3,316.1
Round3,Q1,1984,992.0,CRUSADER_CARAVANS,0.7482,667.9,309.4,225.3,31.4,1920,1080,0.341,780.6,325.1
Round3,Q1,1984,992.0,CRUSADER_CARAVANS,0.7449,1177.8,343.9,45.9,25.8,1920,1080,0.057,1200.7,356.8
Round3,Q1,1984,992.0,CRUSADER_CARAVANS,0.7272,0.0,118.7,56.0,25.8,1920,1080,0.07,28.0,131.6
Round3,Q1,1984,992.0,CRUSADER_CARAVANS,0.7,1860.3,199.8,59.3,28.4,1920,1080,0.081,1889.9,213.9
Round3,Q1,1984,992.0,CRUSADER_CARAVANS,0.6238,1227.2,349.3,215.9,38.3,1920,1080,0.399,1335.2,368.5
Round3,Q1,1984,992.0,CRUSADER_CARAVANS,0.5701,29.2,283.2,266.6,26.5,1920,1080,0.341,162.5,296.4
Round3,Q1,1984,992.0,CRUSADER_CARAVANS,0.5672,1446.3,369.3,45.1,29.4,1920,1080,0.064,1468.9,384.0
Round3,Q1,1984,992.0,CRUSADER_CARAVANS,0.5403,1506.1,377.9,219.5,53.6,1920,1080,0.568,1615.8,404.7
Round3,Q1,1984,992.0,CRUSADER_CARAVANS,0.5398,1784.0,415.8,135.6,37.4,1920,1080,0.244,1851.7,434.5
Round3,Q1,1984,992.0,CRUSADER_CARAVANS,0.4843,0.0,282.4,17.2,22.2,1920,1080,0.018,8.6,293.5
Round3,Q1,1984,992.0,CRUSADER_CARAVANS,0.4837,304.8,291.4,52.0,23.6,1920,1080,0.059,330.8,303.2
Round3,Q1,1984,992.0,CRUSADER_CARAVANS,0.4766,956.5,326.5,213.3,35.3,1920,1080,0.364,1063.1,344.2
Round3,Q1,1985,992.5,CRUSADER_CARAVANS,0.8287,1760.0,161.0,153.4,31.2,1920,1080,0.231,1836.7,176.6
Round3,Q1,1985,992.5,CRUSADER_CARAVANS,0.8217,331.8,98.6,46.6,20.4,1920,1080,0.046,355.1,108.8
Round3,Q1,1985,992.5,CRUSADER_CARAVANS,0.8192,600.4,108.6,45.1,21.1,1920,1080,0.046,622.9,119.2
Round3,Q1,1985,992.5,CRUSADER_CARAVANS,0.8188,1105.3,129.3,43.5,21.3,1920,1080,0.045,1127.1,139.9
Round3,Q1,1985,992.5,CRUSADER_CARAVANS,0.8174,849.1,277.1,45.2,24.1,1920,1080,0.052,871.7,289.1
Round3,Q1,1985,992.5,CRUSADER_CARAVANS,0.808,383.2,101.2,209.0,24.9,1920,1080,0.251,487.7,113.6
Round3,Q1,1985,992.5,CRUSADER_CARAVANS,0.8022,1601.6,152.6,97.8,26.8,1920,1080,0.127,1650.5,166.0
Round3,Q1,1985,992.5,CRUSADER_CARAVANS,0.7979,47.4,85.5,50.0,21.4,1920,1080,0.052,72.4,96.3
Round3,Q1,1985,992.5,CRUSADER_CARAVANS,0.7952,103.6,89.4,223.4,27.6,1920,1080,0.297,215.3,103.2
Round3,Q1,1985,992.5,CRUSADER_CARAVANS,0.7933,652.5,111.7,196.7,25.3,1920,1080,0.24,750.9,124.3
Round3,Q1,1985,992.5,CRUSADER_CARAVANS,0.7853,1400.1,143.8,193.1,29.2,1920,1080,0.272,1496.7,158.4
Round3,Q1,1985,992.5,CRUSADER_CARAVANS,0.7791,903.0,121.3,195.4,26.9,1920,1080,0.254,1000.7,134.7
Round3,Q1,1985,992.5,CRUSADER_CARAVANS,0.7785,1113.7,298.5,43.9,24.7,1920,1080,0.052,1135.6,310.9
Round3,Q1,1985,992.5,CRUSADER_CARAVANS,0.7685,854.3,118.6,43.7,21.4,1920,1080,0.045,876.2,129.2
Round3,Q1,1985,992.5,CRUSADER_CARAVANS,0.7636,580.5,260.7,44.5,22.2,1920,1080,0.048,602.8,271.8
Round3,Q1,1985,992.5,CRUSADER_CARAVANS,0.7587,1155.8,132.4,190.6,27.5,1920,1080,0.253,1251.1,146.1
Round3,Q1,1985,992.5,CRUSADER_CARAVANS,0.7434,332.7,248.8,237.7,28.7,1920,1080,0.329,451.6,263.2
Round3,Q1,1985,992.5,CRUSADER_CARAVANS,0.6906,629.8,265.5,217.0,29.2,1920,1080,0.306,738.3,280.1
Round3,Q1,1985,992.5,CRUSADER_CARAVANS,0.6743,8.3,239.3,261.1,27.6,1920,1080,0.347,138.8,253.1
Round3,Q1,1985,992.5,CRUSADER_CARAVANS,0.6639,1420.4,329.3,213.4,47.6,1920,1080,0.49,1527.1,353.1
Round3,Q1,1985,992.5,CRUSADER_CARAVANS,0.6593,0.0,81.2,37.0,24.4,1920,1080,0.044,18.5,93.4
Round3,Q1,1985,992.5,CRUSADER_CARAVANS,0.6513,1685.1,365.2,221.9,50.8,1920,1080,0.544,1796.1,390.6
Round3,Q1,1985,992.5,CRUSADER_CARAVANS,0.6477,1161.3,301.2,204.4,38.4,1920,1080,0.378,1263.5,320.4
Round3,Q1,1985,992.5,CRUSADER_CARAVANS,0.6468,1351.2,140.9,42.9,22.2,1920,1080,0.046,1372.6,152.0
Round3,Q1,1985,992.5,CRUSADER_CARAVANS,0.5765,907.9,282.1,201.3,32.5,1920,1080,0.315,1008.6,298.4
Round3,Q1,1985,992.5,CRUSADER_CARAVANS,0.4924,1368.8,320.8,38.8,31.0,1920,1080,0.058,1388.2,336.3
Round3,Q1,1985,992.5,CRUSADER_CARAVANS,0.3541,279.2,247.0,49.6,23.0,1920,1080,0.055,303.9,258.5
Round3,Q1,1986,993.0,CRUSADER_CARAVANS,0.8326,1647.1,97.5,134.0,31.3,1920,1080,0.202,1714.1,113.1
Round3,Q1,1986,993.0,CRUSADER_CARAVANS,0.8021,275.4,180.7,230.4,30.0,1920,1080,0.334,390.6,195.7
Round3,Q1,1986,993.0,CRUSADER_CARAVANS,0.8002,776.5,208.9,43.6,23.9,1920,1080,0.05,798.3,220.9
Round3,Q1,1986,993.0,CRUSADER_CARAVANS,0.774,1320.7,259.8,198.3,44.5,1920,1080,0.426,1419.9,282.0
Round3,Q1,1986,993.0,CRUSADER_CARAVANS,0.7513,1068.4,70.0,183.3,27.2,1920,1080,0.241,1160.0,83.6
Round3,Q1,1986,993.0,CRUSADER_CARAVANS,0.7499,1493.0,90.2,95.7,26.6,1920,1080,0.123,1540.9,103.5
Round3,Q1,1986,993.0,CRUSADER_CARAVANS,0.7453,583.6,49.2,192.9,26.2,1920,1080,0.244,680.0,62.3
Round3,Q1,1986,993.0,CRUSADER_CARAVANS,0.7408,0.8,170.1,214.1,28.3,1920,1080,0.292,107.8,184.2
Round3,Q1,1986,993.0,CRUSADER_CARAVANS,0.7324,18.8,24.1,249.9,28.2,1920,1080,0.34,143.8,38.2
Round3,Q1,1986,993.0,CRUSADER_CARAVANS,0.7307,1304.9,80.2,181.3,29.4,1920,1080,0.257,1395.5,94.9
Round3,Q1,1986,993.0,CRUSADER_CARAVANS,0.7272,1787.4,106.3,132.6,34.1,1920,1080,0.218,1853.6,123.3
Round3,Q1,1986,993.0,CRUSADER_CARAVANS,0.7226,275.0,35.2,44.2,20.3,1920,1080,0.043,297.0,45.4
Round3,Q1,1986,993.0,CRUSADER_CARAVANS,0.7222,1021.6,66.8,42.1,20.8,1920,1080,0.042,1042.6,77.2
Round3,Q1,1986,993.0,CRUSADER_CARAVANS,0.7177,535.2,45.5,44.5,21.2,1920,1080,0.046,557.4,56.1
Round3,Q1,1986,993.0,CRUSADER_CARAVANS,0.7029,828.0,59.2,185.0,27.0,1920,1080,0.241,920.6,72.6
Round3,Q1,1986,993.0,CRUSADER_CARAVANS,0.7012,323.9,38.3,201.9,26.0,1920,1080,0.253,424.8,51.3
Round3,Q1,1986,993.0,CRUSADER_CARAVANS,0.6854,832.5,212.2,193.2,35.5,1920,1080,0.331,929.1,230.0
Round3,Q1,1986,993.0,CRUSADER_CARAVANS,0.6691,1824.2,329.9,95.8,51.8,1920,1080,0.239,1872.1,355.8
Round3,Q1,1986,993.0,CRUSADER_CARAVANS,0.6208,1531.8,282.6,239.3,59.3,1920,1080,0.685,1651.5,312.3
Round3,Q1,1986,993.0,CRUSADER_CARAVANS,0.6012,781.7,56.8,41.5,20.2,1920,1080,0.04,802.5,66.9
Round3,Q1,1986,993.0,CRUSADER_CARAVANS,0.6002,0.1,17.7,42.6,23.9,1920,1080,0.049,21.4,29.7
Round3,Q1,1986,993.0,CRUSADER_CARAVANS,0.5821,518.6,194.2,255.9,32.8,1920,1080,0.404,646.6,210.5
Round3,Q1,1986,993.0,CRUSADER_CARAVANS,0.4279,1069.6,232.8,196.5,36.0,1920,1080,0.341,1167.9,250.8
Round3,Q1,1986,993.0,CRUSADER_CARAVANS,0.4025,1257.5,78.8,38.1,20.1,1920,1080,0.037,1276.6,88.9
Round3,Q1,1986,993.0,CRUSADER_CARAVANS,0.3774,223.4,179.1,48.2,23.2,1920,1080,0.054,247.5,190.7
Round3,Q1,1987,993.5,CRUSADER_CARAVANS,0.8136,188.5,137.9,237.5,31.4,1920,1080,0.36,307.2,153.6
Round3,Q1,1987,993.5,CRUSADER_CARAVANS,0.8125,1563.2,56.6,126.6,31.6,1920,1080,0.193,1626.5,72.4
Round3,Q1,1987,993.5,CRUSADER_CARAVANS,0.8053,1237.8,218.4,193.7,44.1,1920,1080,0.412,1334.6,240.4
Round3,Q1,1987,993.5,CRUSADER_CARAVANS,0.7817,697.1,167.8,43.3,23.7,1920,1080,0.049,718.7,179.7
Round3,Q1,1987,993.5,CRUSADER_CARAVANS,0.7792,1695.5,66.8,222.2,36.2,1920,1080,0.388,1806.6,84.9
Round3,Q1,1987,993.5,CRUSADER_CARAVANS,0.7655,751.0,18.1,183.2,25.1,1920,1080,0.221,842.6,30.6
Round3,Q1,1987,993.5,CRUSADER_CARAVANS,0.7607,498.6,7.6,199.2,24.6,1920,1080,0.236,598.2,19.9
Round3,Q1,1987,993.5,CRUSADER_CARAVANS,0.7562,700.2,15.0,41.9,19.8,1920,1080,0.04,721.2,24.9
Round3,Q1,1987,993.5,CRUSADER_CARAVANS,0.7494,1687.4,278.6,43.6,31.7,1920,1080,0.067,1709.1,294.5
Round3,Q1,1987,993.5,CRUSADER_CARAVANS,0.7331,226.3,0.1,218.5,19.7,1920,1080,0.207,335.6,9.9
Round3,Q1,1987,993.5,CRUSADER_CARAVANS,0.7251,1736.7,285.6,183.2,70.3,1920,1080,0.621,1828.3,320.8
Round3,Q1,1987,993.5,CRUSADER_CARAVANS,0.7129,940.8,25.6,42.4,20.4,1920,1080,0.042,961.9,35.8
Round3,Q1,1987,993.5,CRUSADER_CARAVANS,0.7044,1408.1,49.5,95.1,26.6,1920,1080,0.122,1455.7,62.8
Round3,Q1,1987,993.5,CRUSADER_CARAVANS,0.7021,759.9,172.9,184.9,33.7,1920,1080,0.301,852.3,189.8
Round3,Q1,1987,993.5,CRUSADER_CARAVANS,0.6909,990.1,29.9,180.4,25.0,1920,1080,0.218,1080.3,42.4
Round3,Q1,1987,993.5,CRUSADER_CARAVANS,0.6833,452.5,4.4,43.9,19.4,1920,1080,0.041,474.5,14.1
Round3,Q1,1987,993.5,CRUSADER_CARAVANS,0.6639,1220.3,40.1,183.1,28.5,1920,1080,0.252,1311.8,54.3
Round3,Q1,1987,993.5,CRUSADER_CARAVANS,0.6517,1442.7,242.2,240.7,55.6,1920,1080,0.645,1563.1,270.0
Round3,Q1,1987,993.5,CRUSADER_CARAVANS,0.6339,0.2,127.5,129.4,28.3,1920,1080,0.176,64.9,141.6
Round3,Q1,1987,993.5,CRUSADER_CARAVANS,0.6083,485.3,154.9,207.9,28.8,1920,1080,0.289,589.3,169.3
Round3,Q1,1987,993.5,CRUSADER_CARAVANS,0.5784,989.8,192.9,194.9,33.7,1920,1080,0.317,1087.2,209.8
Round3,Q1,1987,993.5,CRUSADER_CARAVANS,0.5683,431.5,149.4,46.7,23.7,1920,1080,0.053,454.8,161.2
Round3,Q1,1987,993.5,CRUSADER_CARAVANS,0.3777,1176.9,38.3,38.4,20.3,1920,1080,0.038,1196.1,48.5
Round3,Q1,1987,993.5,CRUSADER_CARAVANS,0.3155,949.8,186.8,42.1,25.0,1920,1080,0.051,970.9,199.3
Round3,Q1,1988,994.0,CRUSADER_CARAVANS,0.8235,1489.1,21.3,128.0,31.4,1920,1080,0.193,1553.1,36.9
Round3,Q1,1988,994.0,CRUSADER_CARAVANS,0.8021,89.0,99.9,244.8,33.8,1920,1080,0.399,211.4,116.8
Round3,Q1,1988,994.0,CRUSADER_CARAVANS,0.7703,1333.7,13.1,96.7,27.1,1920,1080,0.126,1382.0,26.6
Round3,Q1,1988,994.0,CRUSADER_CARAVANS,0.7662,1665.7,252.9,185.3,63.1,1920,1080,0.564,1758.3,284.4
Round3,Q1,1988,994.0,CRUSADER_CARAVANS,0.7595,1164.7,183.7,190.8,43.9,1920,1080,0.404,1260.1,205.6
Round3,Q1,1988,994.0,CRUSADER_CARAVANS,0.7514,1141.2,3.9,186.7,28.7,1920,1080,0.258,1234.6,18.2
Round3,Q1,1988,994.0,CRUSADER_CARAVANS,0.7341,357.0,115.6,264.6,35.9,1920,1080,0.458,489.3,133.5
Round3,Q1,1988,994.0,CRUSADER_CARAVANS,0.7273,874.6,154.4,229.6,40.8,1920,1080,0.452,989.4,174.8
Round3,Q1,1988,994.0,CRUSADER_CARAVANS,0.7169,902.8,0.0,193.9,18.1,1920,1080,0.169,999.8,9.0
Round3,Q1,1988,994.0,CRUSADER_CARAVANS,0.6793,679.9,137.6,187.1,34.6,1920,1080,0.313,773.4,154.9
Round3,Q1,1988,994.0,CRUSADER_CARAVANS,0.6497,1622.6,32.0,214.7,36.1,1920,1080,0.374,1730.0,50.0
Round3,Q1,1988,994.0,CRUSADER_CARAVANS,0.6144,1844.6,44.8,75.4,33.7,1920,1080,0.123,1882.3,61.6
Round3,Q1,1988,994.0,CRUSADER_CARAVANS,0.5969,1373.0,209.3,232.7,58.0,1920,1080,0.651,1489.4,238.3
Round3,Q1,1988,994.0,CRUSADER_CARAVANS,0.5516,1100.4,1.7,39.0,19.8,1920,1080,0.037,1119.9,11.7
Round3,Q1,1988,994.0,CRUSADER_CARAVANS,0.5334,1857.5,291.2,62.5,50.2,1920,1080,0.151,1888.8,316.3
Round3,Q1,1988,994.0,CRUSADER_CARAVANS,0.5247,0.0,91.2,35.7,28.7,1920,1080,0.049,17.8,105.6
Round3,Q1,1988,994.0,CRUSADER_CARAVANS,0.3631,338.8,112.4,50.0,24.8,1920,1080,0.06,363.9,124.8
Round3,Q1,1989,994.5,EMIRATES,0.5268,854.2,438.6,17.7,11.9,1920,1080,0.01,863.0,444.5
Round3,Q1,1990,995.0,EMIRATES,0.8947,954.2,514.8,42.8,16.8,1920,1080,0.035,975.6,523.2
Round3,Q1,1993,996.5,EMIRATES,0.8943,1138.4,598.6,45.2,12.8,1920,1080,0.028,1161.1,605.0
Round3,Q1,1994,997.0,EMIRATES,0.8911,790.9,534.8,49.1,13.4,1920,1080,0.032,815.4,541.5
Round3,Q1,1995,997.5,EMIRATES,0.8881,260.0,477.7,59.7,16.1,1920,1080,0.046,289.9,485.7
Round3,Q1,1998,999.0,EMIRATES,0.8585,471.7,299.9,31.0,18.1,1920,1080,0.027,487.2,308.9
Round3,Q1,1999,999.5,EMIRATES,0.8833,565.9,295.4,29.8,15.9,1920,1080,0.023,580.8,303.4
Round3,Q1,2000,1000.0,EMIRATES,0.8819,687.7,286.7,26.9,18.1,1920,1080,0.024,701.2,295.8
Round3,Q1,2002,1001.0,EMIRATES,0.8967,1305.2,429.2,39.9,12.0,1920,1080,0.023,1325.1,435.2
Round3,Q1,2002,1001.0,EMIRATES,0.491,576.0,196.1,23.4,12.0,1920,1080,0.014,587.8,202.1
Round3,Q1,2003,1001.5,EMIRATES,0.8856,1349.0,400.2,41.1,12.9,1920,1080,0.026,1369.5,406.6
Round3,Q1,2004,1002.0,EMIRATES,0.8689,1273.5,273.0,24.3,20.4,1920,1080,0.024,1285.6,283.2
Round3,Q1,2004,1002.0,EMIRATES,0.7612,1290.7,420.0,30.5,14.1,1920,1080,0.021,1305.9,427.0
Round3,Q1,2004,1002.0,EMIRATES,0.6795,877.4,284.4,25.7,10.1,1920,1080,0.013,890.3,289.5
Round3,Q1,2005,1002.5,EMIRATES,0.9073,1295.7,622.0,36.5,15.3,1920,1080,0.027,1313.9,629.7
Round3,Q1,2005,1002.5,EMIRATES,0.8956,1352.6,286.8,31.6,17.5,1920,1080,0.027,1368.4,295.6
Round3,Q1,2005,1002.5,EMIRATES,0.8762,1006.3,359.3,42.2,21.0,1920,1080,0.043,1027.4,369.8
Round3,Q1,2005,1002.5,EMIRATES,0.8753,616.0,37.4,30.8,10.8,1920,1080,0.016,631.4,42.8
Round3,Q1,2006,1003.0,EMIRATES,0.8945,576.3,452.6,49.2,17.1,1920,1080,0.041,600.9,461.1
Round3,Q1,2006,1003.0,EMIRATES,0.8941,1185.9,721.4,41.6,19.4,1920,1080,0.039,1206.7,731.1
Round3,Q1,2006,1003.0,EMIRATES,0.8692,507.9,54.9,35.1,11.7,1920,1080,0.02,525.5,60.7
Round3,Q1,2006,1003.0,EMIRATES,0.8497,1247.3,478.5,44.5,31.3,1920,1080,0.067,1269.5,494.1
Round3,Q1,2007,1003.5,EMIRATES,0.8905,893.9,821.7,49.5,19.1,1920,1080,0.046,918.7,831.2
Round3,Q1,2007,1003.5,EMIRATES,0.8866,0.0,498.9,40.8,17.3,1920,1080,0.034,20.4,507.5
Round3,Q1,2007,1003.5,EMIRATES,0.8851,1393.2,298.0,28.0,12.8,1920,1080,0.017,1407.2,304.4
Round3,Q1,2007,1003.5,EMIRATES,0.679,231.6,128.2,42.2,13.3,1920,1080,0.027,252.7,134.9
Round3,Q1,2008,1004.0,EMIRATES,0.8691,447.4,1016.9,60.9,15.5,1920,1080,0.045,477.8,1024.7
Round3,Q1,2009,1004.5,EMIRATES,0.8852,98.0,1050.9,57.3,16.2,1920,1080,0.045,126.7,1059.0
Round3,Q1,2009,1004.5,EMIRATES,0.4706,511.5,813.8,36.8,27.6,1920,1080,0.049,529.9,827.6
Round3,Q1,2009,1004.5,EMIRATES,0.4565,1255.5,362.6,24.8,16.7,1920,1080,0.02,1267.9,371.0
Round3,Q1,2010,1005.0,EMIRATES,0.8756,300.2,784.2,33.3,24.1,1920,1080,0.039,316.8,796.3
Round3,Q1,2011,1005.5,EMIRATES,0.8935,1472.8,368.4,30.2,17.2,1920,1080,0.025,1487.9,377.0
Round3,Q1,2011,1005.5,EMIRATES,0.8781,218.7,744.5,28.1,21.2,1920,1080,0.029,232.7,755.1
Round3,Q1,2012,1006.0,EMIRATES,0.893,1560.2,369.3,37.8,15.4,1920,1080,0.028,1579.1,377.0
Round3,Q1,2012,1006.0,EMIRATES,0.8038,196.0,731.2,26.7,20.4,1920,1080,0.026,209.3,741.4
Round3,Q1,2013,1006.5,EMIRATES,0.8914,1627.0,374.1,37.9,11.5,1920,1080,0.021,1646.0,379.8
Round3,Q1,2014,1007.0,EMIRATES,0.8984,1678.2,387.7,33.6,12.5,1920,1080,0.02,1695.0,393.9
Round3,Q1,2014,1007.0,EMIRATES,0.8839,251.8,625.8,28.9,13.3,1920,1080,0.018,266.2,632.5
Round3,Q1,2015,1007.5,EMIRATES,0.9035,1770.0,391.7,32.8,16.1,1920,1080,0.025,1786.4,399.7
Round3,Q1,2015,1007.5,EMIRATES,0.7546,385.4,582.0,23.4,17.1,1920,1080,0.019,397.1,590.6
Round3,Q1,2016,1008.0,EMIRATES,0.9039,542.2,466.4,42.2,16.0,1920,1080,0.033,563.3,474.4
Round3,Q1,2017,1008.5,EMIRATES,0.8935,587.0,386.4,33.3,16.9,1920,1080,0.027,603.6,394.8
Round3,Q1,2018,1009.0,EMIRATES,0.8701,350.8,337.4,57.3,19.1,1920,1080,0.053,379.5,347.0
Round3,Q1,2018,1009.0,EMIRATES,0.7102,807.6,656.5,22.6,9.5,1920,1080,0.01,818.9,661.2
Round3,Q1,2019,1009.5,EMIRATES,0.8987,445.1,535.6,36.1,11.6,1920,1080,0.02,463.1,541.5
Round3,Q1,2020,1010.0,EMIRATES,0.8944,530.4,588.5,32.7,11.8,1920,1080,0.019,546.7,594.4
Round3,Q1,2020,1010.0,EMIRATES,0.6519,1205.3,95.3,24.2,9.7,1920,1080,0.011,1217.4,100.2
Round3,Q1,2021,1010.5,EMIRATES,0.8926,612.7,627.7,34.4,11.4,1920,1080,0.019,629.9,633.4
Round3,Q1,2021,1010.5,EMIRATES,0.4511,1356.7,128.5,20.9,9.5,1920,1080,0.01,1367.2,133.3
Round3,Q1,2022,1011.0,EMIRATES,0.8745,719.8,670.1,31.1,9.4,1920,1080,0.014,735.4,674.8
Round3,Q1,2023,1011.5,EMIRATES,0.8762,956.4,649.4,28.7,11.6,1920,1080,0.016,970.8,655.2
Round3,Q1,2023,1011.5,EMIRATES,0.3858,1766.4,354.0,19.3,9.8,1920,1080,0.009,1776.1,358.9
Round3,Q1,2024,1012.0,EMIRATES,0.8616,1251.0,638.9,24.9,12.6,1920,1080,0.015,1263.4,645.2
Round3,Q1,2024,1012.0,EMIRATES,0.5681,1663.1,225.1,21.6,9.7,1920,1080,0.01,1673.9,230.0
Round3,Q1,2025,1012.5,EMIRATES,0.8873,1537.1,631.7,30.8,13.0,1920,1080,0.019,1552.5,638.2
Round3,Q1,2026,1013.0,EMIRATES,0.873,1874.0,642.8,32.6,12.1,1920,1080,0.019,1890.3,648.8
Round3,Q1,2030,1015.0,EMIRATES,0.4245,1874.4,309.5,29.8,17.7,1920,1080,0.026,1889.3,318.3
Round3,Q1,2032,1016.0,EMIRATES,0.8059,1191.2,632.9,33.5,13.6,1920,1080,0.022,1207.9,639.7
Round3,Q1,2033,1016.5,EMIRATES,0.8955,882.2,525.4,35.1,14.1,1920,1080,0.024,899.8,532.4
Round3,Q1,2033,1016.5,EMIRATES,0.7359,1804.5,604.8,42.9,14.6,1920,1080,0.03,1825.9,612.1
Round3,Q1,2033,1016.5,EMIRATES,0.6476,1126.4,317.0,29.8,14.7,1920,1080,0.021,1141.3,324.4
Round3,Q1,2033,1016.5,EMIRATES,0.5905,1357.0,97.7,32.5,13.2,1920,1080,0.021,1373.2,104.3
Round3,Q1,2034,1017.0,EMIRATES,0.8887,1197.6,258.1,33.5,16.1,1920,1080,0.026,1214.3,266.2
Round3,Q1,2034,1017.0,EMIRATES,0.8875,1670.5,523.8,44.8,21.3,1920,1080,0.046,1692.9,534.5
Round3,Q1,2034,1017.0,EMIRATES,0.8504,903.9,485.5,23.7,11.2,1920,1080,0.013,915.7,491.2
Round3,Q1,2034,1017.0,EMIRATES,0.8467,1303.1,403.2,37.8,12.6,1920,1080,0.023,1322.0,409.5
Round3,Q1,2035,1017.5,EMIRATES,0.8841,1164.4,118.9,32.5,12.8,1920,1080,0.02,1180.7,125.3
Round3,Q1,2035,1017.5,EMIRATES,0.8503,1210.9,398.5,35.2,12.2,1920,1080,0.021,1228.5,404.6
Round3,Q1,2036,1018.0,EMIRATES,0.8889,1142.2,316.6,30.0,12.4,1920,1080,0.018,1157.3,322.8
Round3,Q1,2036,1018.0,EMIRATES,0.8726,1242.5,13.8,30.3,12.4,1920,1080,0.018,1257.7,20.0
Round3,Q1,2037,1018.5,EMIRATES,0.8963,1057.6,244.4,35.4,11.8,1920,1080,0.02,1075.3,250.2
Round3,Q1,2037,1018.5,EMIRATES,0.8629,1043.2,506.8,39.2,12.2,1920,1080,0.023,1062.9,512.9
Round3,Q1,2037,1018.5,EMIRATES,0.8532,1164.6,433.2,33.9,14.1,1920,1080,0.023,1181.5,440.3
Round3,Q1,2038,1019.0,EMIRATES,0.893,1044.4,240.5,36.2,13.5,1920,1080,0.024,1062.5,247.2
Round3,Q1,2039,1019.5,EMIRATES,0.8956,1091.3,273.4,36.8,12.7,1920,1080,0.023,1109.7,279.8
Round3,Q1,2040,1020.0,EMIRATES,0.9057,1085.9,282.8,37.5,13.6,1920,1080,0.025,1104.7,289.6
Round3,Q1,2041,1020.5,EMIRATES,0.5411,297.4,25.1,144.6,61.3,1920,1080,0.428,369.7,55.7
Round3,Q1,2047,1023.5,EMIRATES,0.7469,374.6,580.1,142.9,120.8,1920,1080,0.832,446.1,640.5
Round3,Q1,2051,1025.5,EMIRATES,0.8762,1648.8,551.7,215.8,68.3,1920,1080,0.711,1756.7,585.8
Round3,Q1,2052,1026.0,EMIRATES,0.8647,1604.4,568.9,231.5,68.6,1920,1080,0.766,1720.1,603.2
Round3,Q1,2053,1026.5,EMIRATES,0.8645,1552.9,578.7,239.1,70.1,1920,1080,0.808,1672.4,613.7
Round3,Q1,2053,1026.5,EMIRATES,0.8636,117.9,488.0,123.0,62.3,1920,1080,0.37,179.4,519.2
Round3,Q1,2054,1027.0,EMIRATES,0.847,1501.7,492.0,204.8,63.1,1920,1080,0.623,1604.1,523.6
Round3,Q1,2054,1027.0,EMIRATES,0.8391,67.8,485.6,89.0,61.8,1920,1080,0.265,112.3,516.5
Round3,Q1,2055,1027.5,EMIRATES,0.8995,1168.0,400.6,68.2,32.5,1920,1080,0.107,1202.0,416.9
Round3,Q1,2055,1027.5,EMIRATES,0.3949,667.7,583.7,75.3,54.8,1920,1080,0.199,705.3,611.1
Round3,Q1,2056,1028.0,EMIRATES,0.8826,1037.9,387.3,48.9,44.7,1920,1080,0.105,1062.4,409.6
Round3,Q1,2057,1028.5,EMIRATES,0.8703,937.1,453.7,49.5,40.4,1920,1080,0.096,961.9,473.9
Round3,Q1,2058,1029.0,EMIRATES,0.6171,1019.6,196.2,25.1,13.1,1920,1080,0.016,1032.1,202.7
Round3,Q1,2059,1029.5,EMIRATES,0.88,1047.9,392.1,33.9,12.7,1920,1080,0.021,1064.8,398.5
Round3,Q1,2059,1029.5,EMIRATES,0.877,1624.0,612.0,34.0,17.8,1920,1080,0.029,1641.0,620.9
Round3,Q1,2060,1030.0,EMIRATES,0.7036,1590.0,353.1,45.7,13.7,1920,1080,0.03,1612.9,359.9
Round3,Q1,2061,1030.5,EMIRATES,0.8736,1836.1,304.7,24.3,17.1,1920,1080,0.02,1848.2,313.2
Round3,Q1,2061,1030.5,EMIRATES,0.8536,997.1,420.3,32.4,17.1,1920,1080,0.027,1013.3,428.8
Round3,Q1,2062,1031.0,EMIRATES,0.8917,898.3,312.9,35.7,12.8,1920,1080,0.022,916.2,319.3
Round3,Q1,2063,1031.5,EMIRATES,0.5521,784.6,336.4,22.3,14.3,1920,1080,0.015,795.8,343.6
Round3,Q1,2064,1032.0,EMIRATES,0.5151,1031.2,393.2,39.1,12.3,1920,1080,0.023,1050.8,399.3
Round3,Q1,2065,1032.5,EMIRATES,0.4809,1450.9,377.4,28.2,19.6,1920,1080,0.027,1465.0,387.2
Round3,Q1,2067,1033.5,EMIRATES,0.8923,1541.2,443.9,45.6,12.7,1920,1080,0.028,1564.0,450.3
Round3,Q1,2067,1033.5,EMIRATES,0.8818,445.7,512.0,41.2,17.1,1920,1080,0.034,466.3,520.5
Round3,Q1,2068,1034.0,EMIRATES,0.8829,1300.2,497.5,41.0,17.5,1920,1080,0.035,1320.7,506.2
Round3,Q1,2068,1034.0,EMIRATES,0.878,0.0,663.2,38.4,24.5,1920,1080,0.045,19.2,675.5
Round3,Q1,2068,1034.0,EMIRATES,0.7143,741.4,128.5,25.7,18.4,1920,1080,0.023,754.3,137.7
Round3,Q1,2069,1034.5,EMIRATES,0.8663,1009.1,586.1,46.6,23.6,1920,1080,0.053,1032.4,597.9
Round3,Q1,2070,1035.0,EMIRATES,0.8282,1152.7,503.0,47.4,18.0,1920,1080,0.041,1176.4,512.0
Round3,Q1,2071,1035.5,EMIRATES,0.9011,1040.5,620.2,39.6,15.5,1920,1080,0.03,1060.3,628.0
Round3,Q1,2071,1035.5,EMIRATES,0.8782,1734.1,506.2,50.0,13.1,1920,1080,0.032,1759.2,512.8
Round3,Q1,2072,1036.0,EMIRATES,0.8998,1672.5,417.4,50.7,15.6,1920,1080,0.038,1697.9,425.2
Round3,Q1,2072,1036.0,EMIRATES,0.8843,1041.4,689.2,49.2,14.8,1920,1080,0.035,1066.0,696.6
Round3,Q1,2073,1036.5,EMIRATES,0.8734,789.8,766.7,56.1,17.2,1920,1080,0.047,817.8,775.3
Round3,Q1,2073,1036.5,EMIRATES,0.8542,1182.2,417.8,50.9,12.9,1920,1080,0.032,1207.6,424.2
Round3,Q1,2074,1037.0,EMIRATES,0.8894,1341.5,321.1,47.7,16.3,1920,1080,0.037,1365.4,329.2
Round3,Q1,2074,1037.0,EMIRATES,0.877,435.0,854.4,53.7,15.7,1920,1080,0.041,461.9,862.3
Round3,Q1,2074,1037.0,EMIRATES,0.3163,639.5,467.9,26.2,11.5,1920,1080,0.015,652.6,473.6
Round3,Q1,2080,1040.0,EMIRATES,0.9003,1218.4,387.2,41.2,20.2,1920,1080,0.04,1239.0,397.3
Round3,Q1,2080,1040.0,EMIRATES,0.8754,310.7,430.1,69.3,19.2,1920,1080,0.064,345.4,439.7
Round3,Q1,2081,1040.5,EMIRATES,0.893,1467.2,363.1,50.2,20.1,1920,1080,0.049,1492.3,373.1
Round3,Q1,2081,1040.5,EMIRATES,0.8656,1150.7,422.8,68.9,19.7,1920,1080,0.066,1185.1,432.7
Round3,Q1,2088,1044.0,EMIRATES,0.7957,1258.3,344.9,265.9,88.8,1920,1080,1.139,1391.3,389.3
Round3,Q1,2092,1046.0,EMIRATES,0.3844,836.0,619.3,10.4,47.2,1920,1080,0.024,841.2,643.0
Round3,Q1,2093,1046.5,EMIRATES,0.3628,823.7,619.8,10.4,47.7,1920,1080,0.024,828.9,643.7
Round3,Q1,2094,1047.0,EMIRATES,0.3484,825.2,616.7,9.6,50.1,1920,1080,0.023,830.0,641.8
Round3,Q1,2095,1047.5,EMIRATES,0.4026,836.2,615.2,10.0,49.0,1920,1080,0.024,841.2,639.7
Round3,Q1,2099,1049.5,EMIRATES,0.3848,860.9,603.7,10.1,50.4,1920,1080,0.025,866.0,628.9
Round3,Q1,2108,1054.0,EMIRATES,0.3155,459.3,585.7,9.5,43.5,1920,1080,0.02,464.0,607.4
Round3,Q1,2109,1054.5,EMIRATES,0.3294,456.6,584.6,9.8,45.4,1920,1080,0.021,461.5,607.3
Round3,Q1,2116,1058.0,EMIRATES,0.8667,0.6,206.9,303.1,120.8,1920,1080,1.765,152.1,267.3
Round3,Q1,2117,1058.5,EMIRATES,0.8654,416.8,205.0,311.6,131.0,1920,1080,1.968,572.6,270.5
Round3,Q1,2118,1059.0,EMIRATES,0.8729,774.6,247.4,310.1,123.2,1920,1080,1.843,929.7,309.0
Round3,Q1,2119,1059.5,EMIRATES,0.8274,904.2,230.3,352.5,119.6,1920,1080,2.034,1080.5,290.2
Round3,Q1,2121,1060.5,EMIRATES,0.8564,529.5,259.4,325.8,132.6,1920,1080,2.083,692.4,325.7
Round3,Q1,2122,1061.0,EMIRATES,0.373,318.2,223.2,181.8,167.8,1920,1080,1.471,409.1,307.2
Round3,Q1,2135,1067.5,EMIRATES,0.3599,598.3,588.2,9.5,48.4,1920,1080,0.022,603.0,612.4
Round3,Q1,2148,1074.0,EMIRATES,0.472,939.6,742.1,10.9,57.5,1920,1080,0.03,945.1,770.8
Round3,Q1,2149,1074.5,EMIRATES,0.4834,951.3,886.1,11.6,66.8,1920,1080,0.037,957.1,919.5
Round3,Q1,2150,1075.0,EMIRATES,0.5879,297.3,1043.1,13.9,35.4,1920,1080,0.024,304.2,1060.9
Round3,Q1,2150,1075.0,EMIRATES,0.3977,549.8,1028.0,13.0,48.9,1920,1080,0.031,556.3,1052.4
Round3,Q1,2150,1075.0,EMIRATES,0.3221,988.5,1035.4,12.6,42.7,1920,1080,0.026,994.8,1056.7
Round3,Q1,2154,1077.0,EMIRATES,0.8387,1426.5,669.0,58.1,317.2,1920,1080,0.889,1455.6,827.6
Round3,Q1,2154,1077.0,EMIRATES,0.7875,501.8,562.6,54.5,296.7,1920,1080,0.78,529.1,710.9
Round3,Q1,2154,1077.0,EMIRATES,0.7228,499.6,289.7,53.0,251.8,1920,1080,0.644,526.1,415.6
Round3,Q1,2154,1077.0,EMIRATES,0.6862,1426.1,395.7,58.6,260.3,1920,1080,0.735,1455.4,525.8
Round3,Q1,2155,1077.5,EMIRATES,0.8037,482.9,502.0,59.2,310.9,1920,1080,0.887,512.5,657.4
Round3,Q1,2155,1077.5,EMIRATES,0.7625,482.9,218.9,59.0,270.7,1920,1080,0.77,512.4,354.3
Round3,Q1,2155,1077.5,EMIRATES,0.6995,1475.5,325.2,55.9,274.8,1920,1080,0.741,1503.5,462.6
Round3,Q1,2156,1078.0,EMIRATES,0.832,275.3,328.2,64.4,346.8,1920,1080,1.077,307.5,501.6
Round3,Q1,2156,1078.0,EMIRATES,0.8064,1371.7,455.9,60.3,356.6,1920,1080,1.037,1401.9,634.2
Round3,Q1,2156,1078.0,EMIRATES,0.7489,274.7,11.3,54.3,300.5,1920,1080,0.787,301.9,161.6
Round3,Q1,2156,1078.0,EMIRATES,0.6098,1376.1,125.5,52.9,311.9,1920,1080,0.797,1402.5,281.5
Round3,Q1,2156,1078.0,EMIRATES,0.3428,888.6,398.6,25.9,16.4,1920,1080,0.021,901.5,406.8
Round3,Q1,2157,1078.5,EMIRATES,0.8635,884.8,460.0,38.4,15.7,1920,1080,0.029,904.0,467.9
Round3,Q1,2157,1078.5,EMIRATES,0.8319,1371.1,448.9,64.8,390.8,1920,1080,1.221,1403.5,644.3
Round3,Q1,2157,1078.5,EMIRATES,0.672,174.9,1.9,60.4,282.2,1920,1080,0.823,205.2,143.0
Round3,Q1,2157,1078.5,EMIRATES,0.5421,1372.2,90.3,60.5,338.6,1920,1080,0.988,1402.4,259.6
Round3,Q1,2158,1079.0,EMIRATES,0.8926,990.4,813.6,47.8,17.3,1920,1080,0.04,1014.3,822.3
Round3,Q1,2158,1079.0,EMIRATES,0.8907,341.4,735.2,49.2,24.2,1920,1080,0.057,366.0,747.3
Round3,Q1,2158,1079.0,EMIRATES,0.8409,1324.4,442.0,73.7,429.3,1920,1080,1.526,1361.3,656.7
Round3,Q1,2158,1079.0,EMIRATES,0.8356,717.2,342.0,42.1,21.2,1920,1080,0.043,738.3,352.6
Round3,Q1,2158,1079.0,EMIRATES,0.7203,3.7,454.2,82.2,250.9,1920,1080,0.995,44.8,579.7
Round3,Q1,2158,1079.0,EMIRATES,0.7041,6.2,0.0,73.6,267.4,1920,1080,0.95,43.0,133.7
Round3,Q1,2158,1079.0,EMIRATES,0.659,1329.7,36.8,64.8,381.1,1920,1080,1.192,1362.1,227.4
Round3,Q1,2158,1079.0,EMIRATES,0.5758,708.5,503.9,34.8,16.7,1920,1080,0.028,725.9,512.2
Round3,Q1,2158,1079.0,EMIRATES,0.5237,581.6,1037.8,53.1,27.4,1920,1080,0.07,608.1,1051.5
Round3,Q1,2165,1082.5,EMIRATES,0.332,984.8,332.2,95.0,74.3,1920,1080,0.34,1032.3,369.4
Round3,Q1,2168,1084.0,EMIRATES,0.6796,1705.9,177.7,74.7,26.0,1920,1080,0.094,1743.3,190.7
Round3,Q1,2168,1084.0,EMIRATES,0.6114,1446.7,400.6,78.6,31.6,1920,1080,0.12,1486.0,416.4
Round3,Q1,2168,1084.0,EMIRATES,0.4544,1583.2,317.0,56.2,26.8,1920,1080,0.073,1611.3,330.4
Round3,Q1,2169,1084.5,EMIRATES,0.8955,1822.7,295.2,81.7,30.9,1920,1080,0.122,1863.6,310.7
Round3,Q1,2169,1084.5,EMIRATES,0.8196,1571.1,786.7,28.7,137.1,1920,1080,0.19,1585.4,855.2
Round3,Q1,2170,1085.0,EMIRATES,0.8089,1703.9,784.7,27.4,138.6,1920,1080,0.183,1717.6,854.0
Round3,Q1,2170,1085.0,EMIRATES,0.4008,931.3,333.9,54.5,28.7,1920,1080,0.076,958.6,348.2
Round3,Q1,2170,1085.0,EMIRATES,0.3807,1514.9,402.1,39.5,26.4,1920,1080,0.05,1534.6,415.3
Round3,Q1,2170,1085.0,EMIRATES,0.3284,271.7,6.0,44.2,20.2,1920,1080,0.043,293.8,16.1
Round3,Q1,2170,1085.0,EMIRATES,0.3237,1167.9,293.9,31.6,24.1,1920,1080,0.037,1183.8,305.9
Round3,Q1,2171,1085.5,EMIRATES,0.4676,1797.9,778.4,26.8,115.0,1920,1080,0.149,1811.3,835.9
Round3,Q1,2172,1086.0,EMIRATES,0.783,1857.6,770.6,27.7,136.2,1920,1080,0.182,1871.4,838.7
Round3,Q1,2173,1086.5,EMIRATES,0.8011,1547.7,761.1,23.3,97.1,1920,1080,0.109,1559.4,809.6
Round3,Q1,2174,1087.0,EMIRATES,0.8146,1585.0,760.8,21.2,98.0,1920,1080,0.1,1595.6,809.8
Round3,Q1,2175,1087.5,EMIRATES,0.8054,1615.5,759.5,21.2,100.1,1920,1080,0.102,1626.1,809.6
Round3,Q1,2176,1088.0,EMIRATES,0.8166,1689.3,760.1,20.4,99.8,1920,1080,0.098,1699.5,810.0
Round3,Q1,2177,1088.5,EMIRATES,0.7977,1750.0,760.0,19.3,96.5,1920,1080,0.09,1759.7,808.3
Round3,Q1,2178,1089.0,EMIRATES,0.6176,1792.1,759.8,18.1,65.0,1920,1080,0.057,1801.1,792.3
Round3,Q1,2179,1089.5,EMIRATES,0.8904,1308.6,350.4,34.2,15.1,1920,1080,0.025,1325.7,357.9
Round3,Q1,2179,1089.5,EMIRATES,0.8459,804.8,739.6,39.1,17.6,1920,1080,0.033,824.4,748.4
Round3,Q1,2179,1089.5,EMIRATES,0.8198,1374.2,50.9,56.6,292.0,1920,1080,0.797,1402.5,196.9
Round3,Q1,2180,1090.0,EMIRATES,0.8326,1410.0,3.9,65.2,329.7,1920,1080,1.036,1442.6,168.7
Round3,Q1,2180,1090.0,EMIRATES,0.8217,318.1,750.7,37.6,17.1,1920,1080,0.031,336.9,759.3
Round3,Q1,2192,1096.0,ACCESS_COVERS,0.8145,756.7,352.1,66.2,15.6,1920,1080,0.05,789.8,359.9
Round3,Q1,2192,1096.0,ACCESS_COVERS,0.8025,356.5,438.1,90.4,17.0,1920,1080,0.074,401.7,446.6
Round3,Q1,2192,1096.0,ACCESS_COVERS,0.7937,1430.2,354.8,92.6,22.8,1920,1080,0.102,1476.5,366.2
Round3,Q1,2192,1096.0,ACCESS_COVERS,0.7861,843.0,461.8,92.4,23.1,1920,1080,0.103,889.2,473.3
Round3,Q1,2192,1096.0,ACCESS_COVERS,0.7826,988.7,353.1,76.5,17.2,1920,1080,0.064,1027.0,361.8
Round3,Q1,2192,1096.0,ACCESS_COVERS,0.7734,1698.9,355.0,108.3,29.4,1920,1080,0.153,1753.0,369.7
Round3,Q1,2192,1096.0,ACCESS_COVERS,0.7569,1524.7,126.8,69.7,21.3,1920,1080,0.072,1559.6,137.5
Round3,Q1,2192,1096.0,ACCESS_COVERS,0.7564,545.0,351.3,73.6,16.1,1920,1080,0.057,581.8,359.3
Round3,Q1,2192,1096.0,ACCESS_COVERS,0.7423,1736.9,83.4,83.1,28.4,1920,1080,0.114,1778.5,97.6
Round3,Q1,2192,1096.0,ACCESS_COVERS,0.7323,1104.3,484.8,99.6,29.8,1920,1080,0.143,1154.1,499.7
Round3,Q1,2192,1096.0,ACCESS_COVERS,0.7303,1169.9,177.0,56.3,14.0,1920,1080,0.038,1198.0,184.0
Round3,Q1,2192,1096.0,ACCESS_COVERS,0.6991,338.4,350.8,72.4,14.0,1920,1080,0.049,374.6,357.8
Round3,Q1,2192,1096.0,ACCESS_COVERS,0.6939,1336.2,154.8,65.5,18.7,1920,1080,0.059,1369.0,164.2
Round3,Q1,2192,1096.0,ACCESS_COVERS,0.6881,609.9,447.5,92.7,19.9,1920,1080,0.089,656.2,457.4
Round3,Q1,2192,1096.0,ACCESS_COVERS,0.6643,1204.5,353.8,78.0,20.0,1920,1080,0.075,1243.5,363.8
Round3,Q1,2192,1096.0,ACCESS_COVERS,0.5541,850.6,202.8,56.1,12.4,1920,1080,0.034,878.6,209.1
Round3,Q1,2192,1096.0,ACCESS_COVERS,0.4924,1398.6,522.0,125.1,43.8,1920,1080,0.264,1461.2,543.9
Round3,Q1,2192,1096.0,ACCESS_COVERS,0.3965,1739.2,596.5,104.8,73.9,1920,1080,0.373,1791.6,633.5
Round3,Q1,2192,1096.0,ACCESS_COVERS,0.3839,1008.1,192.0,54.8,13.2,1920,1080,0.035,1035.5,198.6
Round3,Q1,2193,1096.5,ACCESS_COVERS,0.8222,1439.1,355.4,104.0,23.1,1920,1080,0.116,1491.1,367.0
Round3,Q1,2193,1096.5,ACCESS_COVERS,0.817,1195.1,354.3,91.7,19.8,1920,1080,0.087,1241.0,364.2
Round3,Q1,2193,1096.5,ACCESS_COVERS,0.8158,1718.5,355.3,127.4,29.0,1920,1080,0.178,1782.2,369.8
Round3,Q1,2193,1096.5,ACCESS_COVERS,0.803,296.5,442.0,99.1,18.9,1920,1080,0.09,346.1,451.4
Round3,Q1,2193,1096.5,ACCESS_COVERS,0.8011,815.2,467.9,102.1,24.5,1920,1080,0.121,866.3,480.1
Round3,Q1,2193,1096.5,ACCESS_COVERS,0.7938,713.9,352.3,82.2,16.4,1920,1080,0.065,755.0,360.5
Round3,Q1,2193,1096.5,ACCESS_COVERS,0.7937,269.8,350.7,86.8,14.4,1920,1080,0.06,313.2,357.8
Round3,Q1,2193,1096.5,ACCESS_COVERS,0.7897,493.6,351.7,85.2,15.8,1920,1080,0.065,536.2,359.6
Round3,Q1,2193,1096.5,ACCESS_COVERS,0.7853,965.4,353.5,90.9,18.0,1920,1080,0.079,1010.8,362.5
Round3,Q1,2193,1096.5,ACCESS_COVERS,0.7706,1090.0,491.5,113.7,32.3,1920,1080,0.177,1146.8,507.6
Round3,Q1,2193,1096.5,ACCESS_COVERS,0.7695,1161.3,165.0,65.6,15.8,1920,1080,0.05,1194.1,172.9
Round3,Q1,2193,1096.5,ACCESS_COVERS,0.7482,1536.8,110.9,82.3,24.9,1920,1080,0.099,1578.0,123.4
Round3,Q1,2193,1096.5,ACCESS_COVERS,0.7287,822.3,192.7,64.2,13.8,1920,1080,0.043,854.4,199.5
Round3,Q1,2193,1096.5,ACCESS_COVERS,0.7086,1763.3,65.7,101.0,30.5,1920,1080,0.148,1813.8,80.9
Round3,Q1,2193,1096.5,ACCESS_COVERS,0.7028,1760.5,609.4,125.3,88.2,1920,1080,0.533,1823.1,653.5
Round3,Q1,2193,1096.5,ACCESS_COVERS,0.6837,1404.1,531.1,137.0,47.3,1920,1080,0.312,1472.6,554.7
Round3,Q1,2193,1096.5,ACCESS_COVERS,0.6438,1338.5,142.6,74.1,19.3,1920,1080,0.069,1375.6,152.2
Round3,Q1,2193,1096.5,ACCESS_COVERS,0.5939,557.0,452.5,92.0,20.8,1920,1080,0.092,603.0,462.9
Round3,Q1,2193,1096.5,ACCESS_COVERS,0.5492,986.1,181.6,66.6,14.9,1920,1080,0.048,1019.4,189.0
Round3,Q1,2193,1096.5,ACCESS_COVERS,0.4176,331.8,212.7,65.2,11.3,1920,1080,0.035,364.4,218.3
Round3,Q1,2194,1097.0,ACCESS_COVERS,0.83,1788.1,620.7,130.4,94.2,1920,1080,0.592,1853.3,667.8
Round3,Q1,2194,1097.0,ACCESS_COVERS,0.8173,1745.2,356.0,132.8,30.7,1920,1080,0.197,1811.6,371.3
Round3,Q1,2194,1097.0,ACCESS_COVERS,0.8075,1095.7,497.8,115.0,32.9,1920,1080,0.182,1153.2,514.3
Round3,Q1,2194,1097.0,ACCESS_COVERS,0.8043,1202.5,356.2,93.7,20.6,1920,1080,0.093,1249.4,366.5
Round3,Q1,2194,1097.0,ACCESS_COVERS,0.8022,965.7,355.7,92.5,18.3,1920,1080,0.082,1012.0,364.8
Round3,Q1,2194,1097.0,ACCESS_COVERS,0.8018,1453.8,356.1,109.9,25.6,1920,1080,0.135,1508.8,368.8
Round3,Q1,2194,1097.0,ACCESS_COVERS,0.7988,705.1,353.9,86.7,17.0,1920,1080,0.071,748.4,362.4
Round3,Q1,2194,1097.0,ACCESS_COVERS,0.7891,270.4,447.4,104.3,18.9,1920,1080,0.095,322.6,456.9
Round3,Q1,2194,1097.0,ACCESS_COVERS,0.7829,477.9,353.4,87.6,15.7,1920,1080,0.066,521.7,361.2
Round3,Q1,2194,1097.0,ACCESS_COVERS,0.78,248.6,351.5,86.5,15.5,1920,1080,0.064,291.8,359.2
Round3,Q1,2194,1097.0,ACCESS_COVERS,0.7778,1166.9,161.2,68.3,15.7,1920,1080,0.052,1201.0,169.1
Round3,Q1,2194,1097.0,ACCESS_COVERS,0.7637,809.9,474.9,103.8,24.8,1920,1080,0.124,861.8,487.3
Round3,Q1,2194,1097.0,ACCESS_COVERS,0.7569,1556.9,105.1,84.2,23.9,1920,1080,0.097,1599.0,117.0
Round3,Q1,2194,1097.0,ACCESS_COVERS,0.7554,818.6,190.0,65.0,13.3,1920,1080,0.042,851.2,196.6
Round3,Q1,2194,1097.0,ACCESS_COVERS,0.7511,1351.8,137.4,75.8,19.9,1920,1080,0.073,1389.7,147.4
Round3,Q1,2194,1097.0,ACCESS_COVERS,0.7034,541.4,457.7,100.5,22.0,1920,1080,0.107,591.6,468.7
Round3,Q1,2194,1097.0,ACCESS_COVERS,0.6743,1793.4,54.9,102.9,34.0,1920,1080,0.169,1844.9,71.9
Round3,Q1,2194,1097.0,ACCESS_COVERS,0.6312,656.8,198.5,58.5,13.7,1920,1080,0.039,686.1,205.3
Round3,Q1,2194,1097.0,ACCESS_COVERS,0.6116,988.6,178.4,67.3,14.6,1920,1080,0.047,1022.2,185.7
Round3,Q1,2194,1097.0,ACCESS_COVERS,0.5231,307.9,209.7,68.9,12.1,1920,1080,0.04,342.4,215.8
Round3,Q1,2194,1097.0,ACCESS_COVERS,0.5025,1419.4,539.1,140.0,45.2,1920,1080,0.305,1489.4,561.7
Round3,Q1,2194,1097.0,ACCESS_COVERS,0.4905,480.1,205.5,67.4,13.3,1920,1080,0.043,513.8,212.1
Round3,Q1,2195,1097.5,ACCESS_COVERS,0.8232,1464.9,359.7,110.0,25.4,1920,1080,0.135,1519.9,372.4
Round3,Q1,2195,1097.5,ACCESS_COVERS,0.8126,798.7,480.9,108.3,26.0,1920,1080,0.136,852.9,493.9
Round3,Q1,2195,1097.5,ACCESS_COVERS,0.809,1766.7,359.2,134.3,31.4,1920,1080,0.203,1833.9,374.9
Round3,Q1,2195,1097.5,ACCESS_COVERS,0.8089,1205.2,359.9,95.3,20.5,1920,1080,0.094,1252.9,370.2
Round3,Q1,2195,1097.5,ACCESS_COVERS,0.8042,457.0,356.5,89.7,17.3,1920,1080,0.075,501.9,365.1
Round3,Q1,2195,1097.5,ACCESS_COVERS,0.8039,692.1,357.1,87.8,18.1,1920,1080,0.077,736.0,366.2
Round3,Q1,2195,1097.5,ACCESS_COVERS,0.8011,252.4,453.8,96.6,19.8,1920,1080,0.092,300.7,463.7
Round3,Q1,2195,1097.5,ACCESS_COVERS,0.7995,959.6,359.1,95.1,18.6,1920,1080,0.085,1007.1,368.4
Round3,Q1,2195,1097.5,ACCESS_COVERS,0.7801,1813.8,631.5,105.0,91.3,1920,1080,0.463,1866.3,677.2
Round3,Q1,2195,1097.5,ACCESS_COVERS,0.7766,1167.0,158.3,71.3,17.3,1920,1080,0.059,1202.6,167.0
Round3,Q1,2195,1097.5,ACCESS_COVERS,0.7496,984.6,176.3,69.2,14.8,1920,1080,0.049,1019.2,183.7
Round3,Q1,2195,1097.5,ACCESS_COVERS,0.7354,1358.8,133.7,78.0,21.1,1920,1080,0.079,1397.8,144.2
Round3,Q1,2195,1097.5,ACCESS_COVERS,0.7314,806.4,188.2,69.3,13.9,1920,1080,0.047,841.0,195.2
Round3,Q1,2195,1097.5,ACCESS_COVERS,0.7111,1097.8,505.2,113.9,34.4,1920,1080,0.189,1154.7,522.4
Round3,Q1,2195,1097.5,ACCESS_COVERS,0.7083,1571.5,101.0,85.4,25.1,1920,1080,0.103,1614.2,113.5
Round3,Q1,2195,1097.5,ACCESS_COVERS,0.6974,249.5,355.0,59.2,16.1,1920,1080,0.046,279.1,363.0
Round3,Q1,2195,1097.5,ACCESS_COVERS,0.6694,1813.8,49.3,104.6,34.3,1920,1080,0.173,1866.1,66.4
Round3,Q1,2195,1097.5,ACCESS_COVERS,0.6137,460.9,204.1,68.9,13.0,1920,1080,0.043,495.3,210.6
Round3,Q1,2195,1097.5,ACCESS_COVERS,0.6044,282.1,208.2,70.5,12.2,1920,1080,0.041,317.3,214.3
Round3,Q1,2195,1097.5,ACCESS_COVERS,0.6043,523.1,464.3,102.4,22.0,1920,1080,0.109,574.3,475.3
Round3,Q1,2195,1097.5,ACCESS_COVERS,0.5871,642.3,197.2,59.3,13.4,1920,1080,0.038,672.0,203.9
Round3,Q1,2196,1098.0,ACCESS_COVERS,0.8205,1207.9,368.6,97.6,21.4,1920,1080,0.101,1256.7,379.3
Round3,Q1,2196,1098.0,ACCESS_COVERS,0.82,954.3,367.7,95.7,19.8,1920,1080,0.091,1002.2,377.6
Round3,Q1,2196,1098.0,ACCESS_COVERS,0.8191,1788.0,368.3,132.0,33.0,1920,1080,0.21,1854.0,384.8
Round3,Q1,2196,1098.0,ACCESS_COVERS,0.8073,1476.3,368.9,113.5,26.6,1920,1080,0.146,1533.1,382.2
Round3,Q1,2196,1098.0,ACCESS_COVERS,0.8053,786.3,494.3,111.9,26.0,1920,1080,0.14,842.2,507.3
Round3,Q1,2196,1098.0,ACCESS_COVERS,0.7972,1831.1,645.8,88.8,76.8,1920,1080,0.329,1875.5,684.2
Round3,Q1,2196,1098.0,ACCESS_COVERS,0.7899,433.3,365.6,92.5,16.7,1920,1080,0.074,479.5,373.9
Round3,Q1,2196,1098.0,ACCESS_COVERS,0.7888,677.1,366.8,90.3,16.9,1920,1080,0.074,722.2,375.3
Round3,Q1,2196,1098.0,ACCESS_COVERS,0.7837,217.5,466.3,101.9,19.4,1920,1080,0.096,268.4,476.0
Round3,Q1,2196,1098.0,ACCESS_COVERS,0.779,1167.7,160.8,72.7,16.9,1920,1080,0.059,1204.0,169.3
Round3,Q1,2196,1098.0,ACCESS_COVERS,0.7697,1368.3,134.8,77.4,20.9,1920,1080,0.078,1407.0,145.2
Round3,Q1,2196,1098.0,ACCESS_COVERS,0.7655,1094.1,519.1,120.5,35.2,1920,1080,0.205,1154.3,536.7
Round3,Q1,2196,1098.0,ACCESS_COVERS,0.7654,1839.0,49.9,81.0,32.2,1920,1080,0.126,1879.5,66.0
Round3,Q1,2196,1098.0,ACCESS_COVERS,0.7605,797.0,191.4,69.6,13.8,1920,1080,0.046,831.8,198.3
Round3,Q1,2196,1098.0,ACCESS_COVERS,0.7506,1585.7,100.2,89.2,26.0,1920,1080,0.112,1630.3,113.1
Round3,Q1,2196,1098.0,ACCESS_COVERS,0.7437,980.9,178.8,68.9,15.2,1920,1080,0.051,1015.3,186.4
Round3,Q1,2196,1098.0,ACCESS_COVERS,0.6969,250.7,210.6,72.7,12.8,1920,1080,0.045,287.0,217.0
Round3,Q1,2196,1098.0,ACCESS_COVERS,0.6614,628.4,200.3,57.8,13.6,1920,1080,0.038,657.3,207.1
Round3,Q1,2196,1098.0,ACCESS_COVERS,0.6581,499.9,476.9,97.1,22.1,1920,1080,0.104,548.5,488.0
Round3,Q1,2196,1098.0,ACCESS_COVERS,0.5023,210.7,363.9,66.2,15.7,1920,1080,0.05,243.9,371.8
Round3,Q1,2196,1098.0,ACCESS_COVERS,0.4969,436.1,207.4,70.2,12.6,1920,1080,0.043,471.1,213.7
Round3,Q1,2197,1098.5,ACCESS_COVERS,0.824,1464.4,377.2,123.0,26.7,1920,1080,0.158,1525.9,390.5
Round3,Q1,2197,1098.5,ACCESS_COVERS,0.8116,1189.9,376.6,102.7,22.7,1920,1080,0.112,1241.2,388.0
Round3,Q1,2197,1098.5,ACCESS_COVERS,0.8064,641.4,374.2,95.8,17.8,1920,1080,0.082,689.3,383.1
Round3,Q1,2197,1098.5,ACCESS_COVERS,0.7972,1787.5,376.2,132.5,32.9,1920,1080,0.21,1853.8,392.6
Round3,Q1,2197,1098.5,ACCESS_COVERS,0.7841,758.0,505.9,115.8,27.3,1920,1080,0.153,815.9,519.5
Round3,Q1,2197,1098.5,ACCESS_COVERS,0.7795,1150.2,161.8,76.2,17.7,1920,1080,0.065,1188.3,170.7
Round3,Q1,2197,1098.5,ACCESS_COVERS,0.7763,1079.8,533.2,117.8,34.2,1920,1080,0.194,1138.8,550.3
Round3,Q1,2197,1098.5,ACCESS_COVERS,0.7755,1837.2,662.7,82.8,83.5,1920,1080,0.333,1878.6,704.5
Round3,Q1,2197,1098.5,ACCESS_COVERS,0.7689,765.5,192.9,74.4,15.0,1920,1080,0.054,802.7,200.5
Round3,Q1,2197,1098.5,ACCESS_COVERS,0.7654,387.9,373.0,99.7,17.3,1920,1080,0.083,437.8,381.6
Round3,Q1,2197,1098.5,ACCESS_COVERS,0.7574,929.4,375.2,100.9,20.4,1920,1080,0.099,979.8,385.4
Round3,Q1,2197,1098.5,ACCESS_COVERS,0.7534,156.5,477.0,116.5,20.9,1920,1080,0.117,214.7,487.4
Round3,Q1,2197,1098.5,ACCESS_COVERS,0.7533,123.0,371.0,105.8,16.7,1920,1080,0.085,175.9,379.4
Round3,Q1,2197,1098.5,ACCESS_COVERS,0.7355,1839.6,48.9,80.4,32.3,1920,1080,0.125,1879.8,65.0
Round3,Q1,2197,1098.5,ACCESS_COVERS,0.7205,1352.7,135.2,85.8,22.6,1920,1080,0.094,1395.6,146.5
Round3,Q1,2197,1098.5,ACCESS_COVERS,0.7103,1579.7,100.3,93.9,26.3,1920,1080,0.119,1626.7,113.4
Round3,Q1,2197,1098.5,ACCESS_COVERS,0.6968,953.5,179.5,76.4,17.4,1920,1080,0.064,991.7,188.2
Round3,Q1,2197,1098.5,ACCESS_COVERS,0.6672,198.1,212.3,78.3,13.3,1920,1080,0.05,237.2,218.9
Round3,Q1,2197,1098.5,ACCESS_COVERS,0.6395,1.5,213.0,75.2,12.3,1920,1080,0.044,39.1,219.2
Round3,Q1,2197,1098.5,ACCESS_COVERS,0.6271,459.3,488.7,118.1,21.9,1920,1080,0.125,518.4,499.6
Round3,Q1,2197,1098.5,ACCESS_COVERS,0.5869,593.8,202.7,59.6,13.2,1920,1080,0.038,623.6,209.3
Round3,Q1,2197,1098.5,ACCESS_COVERS,0.5846,390.8,208.8,76.6,14.1,1920,1080,0.052,429.1,215.9
Round3,Q1,2198,1099.0,ACCESS_COVERS,0.8013,787.5,527.5,121.5,29.4,1920,1080,0.172,848.2,542.2
Round3,Q1,2198,1099.0,ACCESS_COVERS,0.7965,1528.1,393.9,126.7,28.1,1920,1080,0.172,1591.5,408.0
Round3,Q1,2198,1099.0,ACCESS_COVERS,0.7815,1236.4,393.5,111.4,24.1,1920,1080,0.13,1292.1,405.6
Round3,Q1,2198,1099.0,ACCESS_COVERS,0.7795,667.7,391.9,100.7,19.4,1920,1080,0.094,718.1,401.7
Round3,Q1,2198,1099.0,ACCESS_COVERS,0.7778,963.1,392.5,109.5,22.3,1920,1080,0.118,1017.9,403.7
Round3,Q1,2198,1099.0,ACCESS_COVERS,0.7735,407.0,390.5,101.9,18.2,1920,1080,0.089,458.0,399.6
Round3,Q1,2198,1099.0,ACCESS_COVERS,0.7678,135.4,388.3,106.8,17.4,1920,1080,0.09,188.8,397.0
Round3,Q1,2198,1099.0,ACCESS_COVERS,0.7528,1645.6,103.0,99.7,29.4,1920,1080,0.141,1695.5,117.7
Round3,Q1,2198,1099.0,ACCESS_COVERS,0.7353,1119.6,555.9,126.7,36.9,1920,1080,0.226,1183.0,574.3
Round3,Q1,2198,1099.0,ACCESS_COVERS,0.7281,1868.8,392.1,50.8,37.2,1920,1080,0.091,1894.2,410.8
Round3,Q1,2198,1099.0,ACCESS_COVERS,0.7228,1406.5,143.1,91.3,23.0,1920,1080,0.101,1452.2,154.6
Round3,Q1,2198,1099.0,ACCESS_COVERS,0.6983,1192.2,171.3,85.1,19.1,1920,1080,0.079,1234.8,180.8
Round3,Q1,2198,1099.0,ACCESS_COVERS,0.6774,176.2,498.6,111.3,21.2,1920,1080,0.114,231.8,509.2
Round3,Q1,2198,1099.0,ACCESS_COVERS,0.6699,989.7,191.2,82.5,16.7,1920,1080,0.066,1030.9,199.5
Round3,Q1,2198,1099.0,ACCESS_COVERS,0.6379,795.9,203.9,79.0,15.9,1920,1080,0.06,835.4,211.9
Round3,Q1,2198,1099.0,ACCESS_COVERS,0.5452,480.2,509.6,116.6,23.6,1920,1080,0.133,538.5,521.4
Round3,Q1,2198,1099.0,ACCESS_COVERS,0.4756,409.3,221.4,80.6,14.1,1920,1080,0.055,449.6,228.4
Round3,Q1,2198,1099.0,ACCESS_COVERS,0.4426,1487.0,602.1,162.3,56.0,1920,1080,0.438,1568.2,630.1
Round3,Q1,2198,1099.0,ACCESS_COVERS,0.3884,4.5,226.2,83.0,12.8,1920,1080,0.051,46.1,232.6
Round3,Q1,2198,1099.0,ACCESS_COVERS,0.3594,619.2,214.5,62.5,13.5,1920,1080,0.041,650.5,221.2
Round3,Q1,2199,1099.5,ACCESS_COVERS,0.7983,1753.0,413.8,148.0,30.1,1920,1080,0.215,1827.0,428.8
Round3,Q1,2199,1099.5,ACCESS_COVERS,0.7919,969.2,553.5,127.1,30.1,1920,1080,0.185,1032.8,568.5
Round3,Q1,2199,1099.5,ACCESS_COVERS,0.789,1707.8,635.8,190.0,62.1,1920,1080,0.569,1802.8,666.9
Round3,Q1,2199,1099.5,ACCESS_COVERS,0.7744,1439.4,414.2,120.3,25.0,1920,1080,0.145,1499.6,426.7
Round3,Q1,2199,1099.5,ACCESS_COVERS,0.7522,579.7,412.2,106.1,18.6,1920,1080,0.095,632.7,421.5
Round3,Q1,2199,1099.5,ACCESS_COVERS,0.7298,356.1,522.6,106.4,21.4,1920,1080,0.11,409.3,533.3
Round3,Q1,2199,1099.5,ACCESS_COVERS,0.7288,844.1,413.3,107.2,18.9,1920,1080,0.098,897.7,422.7
Round3,Q1,2199,1099.5,ACCESS_COVERS,0.7261,1153.4,414.1,113.0,22.4,1920,1080,0.122,1210.0,425.3
Round3,Q1,2199,1099.5,ACCESS_COVERS,0.7109,1326.6,584.2,128.5,41.2,1920,1080,0.255,1390.8,604.8
Round3,Q1,2199,1099.5,ACCESS_COVERS,0.6744,23.7,408.4,113.2,17.3,1920,1080,0.094,80.3,417.0
Round3,Q1,2199,1099.5,ACCESS_COVERS,0.6616,309.0,410.8,110.9,17.6,1920,1080,0.094,364.5,419.6
Round3,Q1,2199,1099.5,ACCESS_COVERS,0.5441,1882.7,112.9,37.3,24.6,1920,1080,0.044,1901.4,125.2
Round3,Q1,2199,1099.5,ACCESS_COVERS,0.4991,6.3,511.6,139.1,21.6,1920,1080,0.145,75.9,522.4
Round3,Q1,2199,1099.5,ACCESS_COVERS,0.4292,1623.6,148.3,104.2,26.7,1920,1080,0.134,1675.6,161.7
Round3,Q1,2199,1099.5,ACCESS_COVERS,0.3111,1393.1,181.8,94.5,19.5,1920,1080,0.089,1440.3,191.6
Round3,Q1,2200,1100.0,ACCESS_COVERS,0.8024,1707.1,436.9,135.6,25.9,1920,1080,0.169,1774.9,449.8
Round3,Q1,2200,1100.0,ACCESS_COVERS,0.7812,1200.7,584.2,132.2,31.0,1920,1080,0.198,1266.8,599.7
Round3,Q1,2200,1100.0,ACCESS_COVERS,0.7473,795.5,436.0,107.3,19.0,1920,1080,0.098,849.2,445.4
Round3,Q1,2200,1100.0,ACCESS_COVERS,0.7421,1395.1,437.1,121.7,23.4,1920,1080,0.138,1456.0,448.8
Round3,Q1,2200,1100.0,ACCESS_COVERS,0.7419,561.4,548.8,112.8,23.0,1920,1080,0.125,617.8,560.3
Round3,Q1,2200,1100.0,ACCESS_COVERS,0.7203,241.7,433.8,110.2,17.3,1920,1080,0.092,296.8,442.4
Round3,Q1,2200,1100.0,ACCESS_COVERS,0.712,1069.7,436.5,109.9,19.9,1920,1080,0.105,1124.7,446.5
Round3,Q1,2200,1100.0,ACCESS_COVERS,0.7035,1584.4,617.5,135.7,44.1,1920,1080,0.289,1652.2,639.6
Round3,Q1,2200,1100.0,ACCESS_COVERS,0.6679,221.7,538.8,134.3,20.8,1920,1080,0.135,288.8,549.2
Round3,Q1,2200,1100.0,ACCESS_COVERS,0.6248,522.9,435.5,108.1,17.3,1920,1080,0.09,577.0,444.1
Round3,Q1,2200,1100.0,ACCESS_COVERS,0.6064,1659.4,188.2,98.7,21.6,1920,1080,0.103,1708.8,199.0
Round3,Q1,2200,1100.0,ACCESS_COVERS,0.437,868.5,562.5,126.2,27.0,1920,1080,0.164,931.6,576.0
Round3,Q1,2200,1100.0,ACCESS_COVERS,0.3883,1207.7,233.7,90.0,17.0,1920,1080,0.074,1252.7,242.2
Round3,Q1,2201,1100.5,ACCESS_COVERS,0.7806,1387.5,592.8,152.5,34.7,1920,1080,0.255,1463.7,610.1
Round3,Q1,2201,1100.5,ACCESS_COVERS,0.7774,381.8,434.0,113.5,17.8,1920,1080,0.097,438.6,442.9
Round3,Q1,2201,1100.5,ACCESS_COVERS,0.7721,715.4,555.6,116.3,23.5,1920,1080,0.132,773.5,567.4
Round3,Q1,2201,1100.5,ACCESS_COVERS,0.7677,962.5,435.6,111.5,20.4,1920,1080,0.11,1018.3,445.8
Round3,Q1,2201,1100.5,ACCESS_COVERS,0.7627,70.8,432.1,123.0,17.1,1920,1080,0.102,132.3,440.6
Round3,Q1,2201,1100.5,ACCESS_COVERS,0.7408,1609.1,435.5,137.7,25.6,1920,1080,0.17,1678.0,448.3
Round3,Q1,2201,1100.5,ACCESS_COVERS,0.7357,1827.7,632.5,92.3,45.8,1920,1080,0.204,1873.9,655.4
Round3,Q1,2201,1100.5,ACCESS_COVERS,0.7179,358.8,543.9,143.0,22.0,1920,1080,0.152,430.3,554.9
Round3,Q1,2201,1100.5,ACCESS_COVERS,0.7048,1050.2,570.6,120.8,27.7,1920,1080,0.161,1110.6,584.5
Round3,Q1,2201,1100.5,ACCESS_COVERS,0.6931,674.3,435.4,113.2,18.2,1920,1080,0.099,730.9,444.4
Round3,Q1,2201,1100.5,ACCESS_COVERS,0.6926,1406.0,216.6,97.4,19.1,1920,1080,0.09,1454.7,226.2
Round3,Q1,2201,1100.5,ACCESS_COVERS,0.6464,1646.1,194.9,101.1,20.7,1920,1080,0.101,1696.6,205.2
Round3,Q1,2201,1100.5,ACCESS_COVERS,0.6199,1253.8,435.9,118.6,20.9,1920,1080,0.12,1313.1,446.4
Round3,Q1,2201,1100.5,ACCESS_COVERS,0.4553,549.6,262.3,82.8,13.5,1920,1080,0.054,590.9,269.1
Round3,Q1,2201,1100.5,ACCESS_COVERS,0.4415,0.0,539.2,120.8,19.7,1920,1080,0.115,60.4,549.1
Round3,Q1,2202,1101.0,ACCESS_COVERS,0.7502,1846.0,416.3,74.0,24.5,1920,1080,0.088,1883.0,428.6
Round3,Q1,2202,1101.0,ACCESS_COVERS,0.721,1110.2,418.7,110.8,19.0,1920,1080,0.101,1165.6,428.2
Round3,Q1,2202,1101.0,ACCESS_COVERS,0.7103,485.4,416.3,105.6,18.2,1920,1080,0.093,538.2,425.4
Round3,Q1,2202,1101.0,ACCESS_COVERS,0.6821,154.5,413.9,114.2,18.2,1920,1080,0.1,211.6,423.0
Round3,Q1,2202,1101.0,ACCESS_COVERS,0.6599,1438.0,417.8,114.2,20.4,1920,1080,0.112,1495.1,428.0
Round3,Q1,2202,1101.0,ACCESS_COVERS,0.6343,834.3,548.6,121.8,22.6,1920,1080,0.133,895.2,559.9
Round3,Q1,2202,1101.0,ACCESS_COVERS,0.5737,1203.4,566.1,123.4,25.5,1920,1080,0.152,1265.1,578.9
Round3,Q1,2202,1101.0,ACCESS_COVERS,0.4544,799.0,418.1,108.8,17.6,1920,1080,0.092,853.4,426.9
Round3,Q1,2202,1101.0,ACCESS_COVERS,0.4239,1883.2,150.2,36.8,18.1,1920,1080,0.032,1901.6,159.3
Round3,Q1,2202,1101.0,ACCESS_COVERS,0.384,1598.2,592.0,141.2,32.6,1920,1080,0.222,1668.8,608.3
Round3,Q1,2202,1101.0,ACCESS_COVERS,0.3072,1606.0,173.0,97.3,21.3,1920,1080,0.1,1654.7,183.7
Round3,Q1,2203,1101.5,EMIRATES,0.8746,134.5,840.3,67.7,19.2,1920,1080,0.063,168.3,849.9
Round3,Q1,2205,1102.5,EMIRATES,0.6803,945.1,311.8,31.9,18.1,1920,1080,0.028,961.1,320.9
Round3,Q1,2206,1103.0,EMIRATES,0.8881,1632.2,291.7,44.4,20.0,1920,1080,0.043,1654.4,301.7
Round3,Q1,2206,1103.0,EMIRATES,0.8808,830.5,196.5,47.9,23.0,1920,1080,0.053,854.5,208.0
Round3,Q1,2206,1103.0,EMIRATES,0.7753,85.0,179.9,16.1,16.5,1920,1080,0.013,93.0,188.2
Round3,Q1,2207,1103.5,EMIRATES,0.904,1556.4,353.4,44.5,21.1,1920,1080,0.045,1578.7,364.0
Round3,Q1,2207,1103.5,EMIRATES,0.8854,908.6,225.9,51.8,19.3,1920,1080,0.048,934.5,235.6
Round3,Q1,2208,1104.0,EMIRATES,0.8998,1684.1,383.8,49.7,18.2,1920,1080,0.044,1708.9,392.8
Round3,Q1,2208,1104.0,EMIRATES,0.8914,937.4,243.9,51.0,16.9,1920,1080,0.041,962.9,252.3
Round3,Q1,2209,1104.5,EMIRATES,0.8925,978.1,289.7,47.0,14.1,1920,1080,0.032,1001.5,296.7
Round3,Q1,2209,1104.5,EMIRATES,0.6663,1153.7,289.4,33.9,16.3,1920,1080,0.027,1170.6,297.5
Round3,Q1,2210,1105.0,EMIRATES,0.9061,966.2,270.6,37.0,17.1,1920,1080,0.031,984.7,279.1
Round3,Q1,2210,1105.0,EMIRATES,0.8547,1632.3,277.2,36.9,17.6,1920,1080,0.031,1650.7,286.0
Round3,Q1,2211,1105.5,EMIRATES,0.896,856.0,273.1,40.5,14.6,1920,1080,0.029,876.2,280.5
Round3,Q1,2212,1106.0,EMIRATES,0.8814,1830.2,560.8,89.7,72.5,1920,1080,0.314,1875.1,597.1
Round3,Q1,2213,1106.5,EMIRATES,0.8737,1712.2,87.4,200.1,72.4,1920,1080,0.698,1812.2,123.6
Round3,Q1,2214,1107.0,EMIRATES,0.7099,218.2,218.4,91.9,37.7,1920,1080,0.167,264.1,237.2
Round3,Q1,2215,1107.5,EMIRATES,0.4138,665.1,8.5,98.2,53.8,1920,1080,0.255,714.2,35.4
Round3,Q1,2216,1108.0,EMIRATES,0.8587,0.0,365.8,190.3,73.4,1920,1080,0.674,95.2,402.5
Round3,Q1,2216,1108.0,EMIRATES,0.7188,1443.7,97.8,96.0,49.6,1920,1080,0.229,1491.7,122.6
Round3,Q1,2217,1108.5,EMIRATES,0.8785,299.6,515.5,193.9,67.2,1920,1080,0.629,396.5,549.1
Round3,Q1,2221,1110.5,ACCESS_COVERS,0.342,1885.0,73.7,35.0,29.5,1920,1080,0.05,1902.5,88.4
Round3,Q1,2222,1111.0,ACCESS_COVERS,0.8467,1509.2,297.6,305.5,35.2,1920,1080,0.518,1661.9,315.1
Round3,Q1,2222,1111.0,ACCESS_COVERS,0.8317,1220.1,87.1,228.1,28.9,1920,1080,0.317,1334.2,101.5
Round3,Q1,2222,1111.0,ACCESS_COVERS,0.808,4.3,67.8,206.0,29.8,1920,1080,0.296,107.3,82.7
Round3,Q1,2222,1111.0,ACCESS_COVERS,0.7802,605.6,81.3,230.5,30.1,1920,1080,0.334,720.9,96.3
Round3,Q1,2222,1111.0,ACCESS_COVERS,0.7788,0.0,286.1,233.0,35.7,1920,1080,0.401,116.5,304.0
Round3,Q1,2222,1111.0,ACCESS_COVERS,0.7498,758.8,291.7,263.1,34.5,1920,1080,0.438,890.3,308.9
Round3,Q1,2222,1111.0,ACCESS_COVERS,0.5952,1854.4,83.0,65.6,32.6,1920,1080,0.103,1887.2,99.3
Round3,Q1,2223,1111.5,ACCESS_COVERS,0.8506,0.5,81.6,177.6,29.4,1920,1080,0.252,89.3,96.3
Round3,Q1,2223,1111.5,ACCESS_COVERS,0.8359,1777.3,99.5,142.4,30.5,1920,1080,0.209,1848.5,114.7
Round3,Q1,2223,1111.5,ACCESS_COVERS,0.835,1160.9,101.3,224.0,29.4,1920,1080,0.318,1272.9,116.0
Round3,Q1,2223,1111.5,ACCESS_COVERS,0.8153,567.3,95.1,225.0,29.3,1920,1080,0.318,679.8,109.8
Round3,Q1,2223,1111.5,ACCESS_COVERS,0.8116,1446.2,306.4,294.1,34.3,1920,1080,0.487,1593.3,323.6
Round3,Q1,2223,1111.5,ACCESS_COVERS,0.8058,692.3,300.6,280.8,34.0,1920,1080,0.46,832.6,317.5
Round3,Q1,2223,1111.5,ACCESS_COVERS,0.7791,0.0,295.4,200.5,34.4,1920,1080,0.333,100.3,312.6
Round3,Q1,2224,1112.0,ACCESS_COVERS,0.8365,1705.2,116.0,214.8,28.4,1920,1080,0.294,1812.6,130.2
Round3,Q1,2224,1112.0,ACCESS_COVERS,0.8279,1108.2,115.6,219.0,29.0,1920,1080,0.306,1217.7,130.1
Round3,Q1,2224,1112.0,ACCESS_COVERS,0.8245,531.6,110.0,221.7,28.5,1920,1080,0.304,642.4,124.2
Round3,Q1,2224,1112.0,ACCESS_COVERS,0.8147,1389.4,316.0,279.4,33.4,1920,1080,0.45,1529.1,332.7
Round3,Q1,2224,1112.0,ACCESS_COVERS,0.8102,0.0,96.2,154.2,28.5,1920,1080,0.212,77.1,110.5
Round3,Q1,2224,1112.0,ACCESS_COVERS,0.7782,0.0,303.9,172.5,34.2,1920,1080,0.285,86.3,321.0
Round3,Q1,2224,1112.0,ACCESS_COVERS,0.7645,654.4,308.9,275.6,34.9,1920,1080,0.464,792.2,326.3
Round3,Q1,2225,1112.5,ACCESS_COVERS,0.842,1348.7,325.7,267.0,31.5,1920,1080,0.406,1482.2,341.4
Round3,Q1,2225,1112.5,ACCESS_COVERS,0.839,1651.7,130.2,227.7,28.4,1920,1080,0.312,1765.5,144.4
Round3,Q1,2225,1112.5,ACCESS_COVERS,0.8314,1075.2,128.9,211.3,28.0,1920,1080,0.286,1180.8,142.9
Round3,Q1,2225,1112.5,ACCESS_COVERS,0.8246,507.3,122.7,215.8,27.7,1920,1080,0.289,615.3,136.6
Round3,Q1,2225,1112.5,ACCESS_COVERS,0.8009,626.4,318.2,268.9,32.7,1920,1080,0.423,760.8,334.5
Round3,Q1,2225,1112.5,ACCESS_COVERS,0.7839,0.2,109.4,131.9,27.7,1920,1080,0.176,66.2,123.3
Round3,Q1,2225,1112.5,ACCESS_COVERS,0.761,0.1,313.4,150.9,32.9,1920,1080,0.24,75.6,329.9
Round3,Q1,2226,1113.0,ACCESS_COVERS,0.8433,1040.3,136.4,212.9,27.0,1920,1080,0.277,1146.7,149.9
Round3,Q1,2226,1113.0,ACCESS_COVERS,0.8393,1616.2,138.4,225.8,28.4,1920,1080,0.309,1729.2,152.6
Round3,Q1,2226,1113.0,ACCESS_COVERS,0.8225,476.1,129.0,214.0,27.8,1920,1080,0.287,583.1,142.9
Round3,Q1,2226,1113.0,ACCESS_COVERS,0.807,593.7,325.0,267.1,32.7,1920,1080,0.421,727.3,341.4
Round3,Q1,2226,1113.0,ACCESS_COVERS,0.7978,1310.5,331.5,272.1,31.7,1920,1080,0.416,1446.5,347.3
Round3,Q1,2226,1113.0,ACCESS_COVERS,0.7854,0.1,320.3,117.7,32.2,1920,1080,0.183,59.0,336.4
Round3,Q1,2226,1113.0,ACCESS_COVERS,0.7212,0.4,116.6,98.4,27.6,1920,1080,0.131,49.6,130.4
Round3,Q1,2227,1113.5,ACCESS_COVERS,0.8211,1012.4,140.6,214.2,27.8,1920,1080,0.287,1119.5,154.5
Round3,Q1,2227,1113.5,ACCESS_COVERS,0.8186,446.1,133.5,216.2,28.0,1920,1080,0.292,554.2,147.5
Round3,Q1,2227,1113.5,ACCESS_COVERS,0.8116,563.0,328.7,271.0,33.6,1920,1080,0.439,698.5,345.5
Round3,Q1,2227,1113.5,ACCESS_COVERS,0.8049,1585.3,143.5,225.4,27.5,1920,1080,0.298,1698.0,157.2
Round3,Q1,2227,1113.5,ACCESS_COVERS,0.7658,1281.6,335.9,274.0,32.1,1920,1080,0.424,1418.6,351.9
Round3,Q1,2227,1113.5,ACCESS_COVERS,0.7215,1.0,323.7,86.2,35.3,1920,1080,0.147,44.1,341.3
Round3,Q1,2227,1113.5,ACCESS_COVERS,0.706,0.5,120.7,68.4,29.0,1920,1080,0.096,34.7,135.2
Round3,Q1,2228,1114.0,ACCESS_COVERS,0.8327,1560.6,147.5,223.8,28.5,1920,1080,0.307,1672.5,161.8
Round3,Q1,2228,1114.0,ACCESS_COVERS,0.8299,421.8,137.0,218.4,28.6,1920,1080,0.301,531.0,151.3
Round3,Q1,2228,1114.0,ACCESS_COVERS,0.8087,990.2,145.4,213.4,27.1,1920,1080,0.279,1096.9,158.9
Round3,Q1,2228,1114.0,ACCESS_COVERS,0.786,537.6,331.9,275.0,33.4,1920,1080,0.442,675.1,348.6
Round3,Q1,2228,1114.0,ACCESS_COVERS,0.7777,1256.7,339.7,278.4,31.6,1920,1080,0.424,1395.9,355.5
Round3,Q1,2228,1114.0,ACCESS_COVERS,0.7353,0.0,124.1,43.0,27.5,1920,1080,0.057,21.5,137.9
Round3,Q1,2228,1114.0,ACCESS_COVERS,0.7246,0.1,329.3,62.0,31.9,1920,1080,0.095,31.1,345.3
Round3,Q1,2229,1114.5,ACCESS_COVERS,0.8274,1549.2,151.4,223.9,28.1,1920,1080,0.304,1661.1,165.5
Round3,Q1,2229,1114.5,ACCESS_COVERS,0.8242,984.6,148.5,211.0,26.6,1920,1080,0.271,1090.1,161.7
Round3,Q1,2229,1114.5,ACCESS_COVERS,0.808,417.7,140.4,217.2,27.5,1920,1080,0.289,526.3,154.2
Round3,Q1,2229,1114.5,ACCESS_COVERS,0.7798,1247.9,341.9,270.8,31.4,1920,1080,0.41,1383.3,357.6
Round3,Q1,2229,1114.5,ACCESS_COVERS,0.7427,0.1,128.0,44.1,28.4,1920,1080,0.06,22.2,142.2
Round3,Q1,2229,1114.5,ACCESS_COVERS,0.7414,536.2,335.3,270.0,31.2,1920,1080,0.406,671.2,350.9
Round3,Q1,2229,1114.5,ACCESS_COVERS,0.7354,0.1,330.9,61.1,33.0,1920,1080,0.097,30.7,347.4
Round3,Q1,2230,1115.0,ACCESS_COVERS,0.8272,449.0,146.5,214.9,27.3,1920,1080,0.283,556.4,160.2
Round3,Q1,2230,1115.0,ACCESS_COVERS,0.825,1566.4,156.5,218.8,28.1,1920,1080,0.296,1675.7,170.5
Round3,Q1,2230,1115.0,ACCESS_COVERS,0.8249,1008.8,153.6,205.8,27.4,1920,1080,0.272,1111.7,167.3
Round3,Q1,2230,1115.0,ACCESS_COVERS,0.7942,1267.6,343.5,266.8,32.9,1920,1080,0.424,1401.0,360.0
Round3,Q1,2230,1115.0,ACCESS_COVERS,0.7604,0.1,135.0,81.0,26.8,1920,1080,0.105,40.6,148.4
Round3,Q1,2230,1115.0,ACCESS_COVERS,0.7581,563.1,337.9,265.5,30.9,1920,1080,0.395,695.8,353.3
Round3,Q1,2230,1115.0,ACCESS_COVERS,0.6767,0.0,333.1,98.3,34.5,1920,1080,0.164,49.2,350.4
Round3,Q1,2231,1115.5,ACCESS_COVERS,0.8298,1573.4,159.4,222.6,27.5,1920,1080,0.295,1684.7,173.2
Round3,Q1,2231,1115.5,ACCESS_COVERS,0.8237,472.5,149.6,207.6,27.3,1920,1080,0.273,576.3,163.3
Round3,Q1,2231,1115.5,ACCESS_COVERS,0.8228,1023.6,156.8,202.9,26.6,1920,1080,0.26,1125.0,170.1
Round3,Q1,2231,1115.5,ACCESS_COVERS,0.8131,1280.7,345.2,258.9,32.0,1920,1080,0.4,1410.2,361.2
Round3,Q1,2231,1115.5,ACCESS_COVERS,0.7846,0.2,137.9,108.0,26.2,1920,1080,0.136,54.2,151.0
Round3,Q1,2231,1115.5,ACCESS_COVERS,0.7743,583.8,338.2,259.6,32.5,1920,1080,0.407,713.6,354.5
Round3,Q1,2231,1115.5,ACCESS_COVERS,0.6756,1.0,335.5,121.7,31.5,1920,1080,0.185,61.9,351.2
Round3,Q1,2232,1116.0,ACCESS_COVERS,0.7892,1288.8,341.0,218.5,30.8,1920,1080,0.325,1398.0,356.4
Round3,Q1,2232,1116.0,ACCESS_COVERS,0.7838,1024.2,155.4,174.5,24.2,1920,1080,0.203,1111.5,167.5
Round3,Q1,2232,1116.0,ACCESS_COVERS,0.7787,484.4,148.6,174.2,23.7,1920,1080,0.199,571.5,160.4
Round3,Q1,2232,1116.0,ACCESS_COVERS,0.7407,1574.4,158.4,180.3,24.8,1920,1080,0.216,1664.5,170.8
Round3,Q1,2232,1116.0,ACCESS_COVERS,0.7218,0.5,136.5,92.7,23.8,1920,1080,0.106,46.9,148.4
Round3,Q1,2232,1116.0,ACCESS_COVERS,0.6405,0.2,329.3,108.1,32.2,1920,1080,0.168,54.2,345.4
Round3,Q1,2232,1116.0,ACCESS_COVERS,0.5964,602.3,333.8,218.1,27.2,1920,1080,0.286,711.4,347.4
Round3,Q1,2237,1118.5,ACCESS_COVERS,0.8414,1332.0,291.0,172.2,27.7,1920,1080,0.23,1418.1,304.8
Round3,Q1,2237,1118.5,ACCESS_COVERS,0.8143,19.4,434.7,228.7,30.2,1920,1080,0.333,133.8,449.8
Round3,Q1,2237,1118.5,ACCESS_COVERS,0.8052,1344.3,480.3,185.7,38.1,1920,1080,0.341,1437.1,499.4
Round3,Q1,2237,1118.5,ACCESS_COVERS,0.7931,827.0,277.2,166.9,26.1,1920,1080,0.21,910.4,290.2
Round3,Q1,2237,1118.5,ACCESS_COVERS,0.7825,298.7,264.3,178.7,24.5,1920,1080,0.211,388.1,276.6
Round3,Q1,2237,1118.5,ACCESS_COVERS,0.7144,1864.9,307.4,55.1,27.0,1920,1080,0.072,1892.5,320.9
Round3,Q1,2237,1118.5,ACCESS_COVERS,0.6977,1109.4,4.2,126.6,18.3,1920,1080,0.112,1172.7,13.3
Round3,Q1,2237,1118.5,ACCESS_COVERS,0.6689,718.8,448.4,197.1,31.3,1920,1080,0.298,817.3,464.0
Round3,Q1,2237,1118.5,ACCESS_COVERS,0.6373,1479.9,2.4,130.9,18.2,1920,1080,0.115,1545.4,11.6
Round3,Q1,2238,1119.0,ACCESS_COVERS,0.8349,1645.8,292.7,202.6,31.3,1920,1080,0.306,1747.1,308.4
Round3,Q1,2238,1119.0,ACCESS_COVERS,0.8278,5.7,240.9,215.0,28.2,1920,1080,0.292,113.2,255.0
Round3,Q1,2238,1119.0,ACCESS_COVERS,0.8271,571.8,257.8,202.8,27.8,1920,1080,0.272,673.2,271.7
Round3,Q1,2238,1119.0,ACCESS_COVERS,0.8178,1108.5,274.2,196.5,27.9,1920,1080,0.265,1206.7,288.2
Round3,Q1,2238,1119.0,ACCESS_COVERS,0.7957,1112.0,470.8,229.7,36.6,1920,1080,0.406,1226.9,489.1
Round3,Q1,2238,1119.0,ACCESS_COVERS,0.7911,439.4,438.5,255.4,32.4,1920,1080,0.399,567.1,454.7
Round3,Q1,2238,1119.0,ACCESS_COVERS,0.6911,1748.8,521.2,171.2,46.8,1920,1080,0.386,1834.4,544.6
Round3,Q1,2238,1119.0,EMIRATES,0.6385,1871.2,543.1,12.5,57.9,1920,1080,0.035,1877.5,572.0
Round3,Q1,2238,1119.0,EMIRATES,0.6025,1874.3,492.0,13.4,48.4,1920,1080,0.031,1881.0,516.2
Round3,Q1,2238,1119.0,EMIRATES,0.4395,1699.6,472.3,13.7,39.0,1920,1080,0.026,1706.5,491.8
Round3,Q1,2238,1119.0,EMIRATES,0.3243,1697.9,519.2,11.6,54.2,1920,1080,0.03,1703.7,546.2
Round3,Q1,2239,1119.5,EMIRATES,0.877,791.0,240.9,44.5,15.8,1920,1080,0.034,813.3,248.8
Round3,Q1,2239,1119.5,EMIRATES,0.8694,1242.2,811.6,58.0,15.3,1920,1080,0.043,1271.3,819.3
Round3,Q1,2239,1119.5,EMIRATES,0.8433,948.8,466.8,31.4,21.0,1920,1080,0.032,964.5,477.3
Round3,Q1,2239,1119.5,EMIRATES,0.7896,852.8,399.3,33.6,14.7,1920,1080,0.024,869.6,406.7
Round3,Q1,2239,1119.5,EMIRATES,0.7833,1170.3,395.1,32.6,16.8,1920,1080,0.026,1186.6,403.5
Round3,Q1,2240,1120.0,EMIRATES,0.902,1739.7,967.1,54.1,16.6,1920,1080,0.043,1766.7,975.4
Round3,Q1,2240,1120.0,EMIRATES,0.8674,49.8,762.7,32.3,14.1,1920,1080,0.022,65.9,769.7
Round3,Q1,2240,1120.0,EMIRATES,0.8419,1115.8,439.6,26.5,20.3,1920,1080,0.026,1129.0,449.7
Round3,Q1,2240,1120.0,EMIRATES,0.8298,1400.6,773.8,31.1,15.8,1920,1080,0.024,1416.1,781.7
Round3,Q1,2240,1120.0,EMIRATES,0.4346,1079.5,483.7,22.8,12.7,1920,1080,0.014,1090.9,490.0
Round3,Q1,2241,1120.5,EMIRATES,0.7907,883.2,573.0,33.8,25.0,1920,1080,0.041,900.1,585.5
Round3,Q1,2241,1120.5,EMIRATES,0.7332,1301.5,459.9,44.4,20.8,1920,1080,0.045,1323.7,470.3
Round3,Q1,2241,1120.5,EMIRATES,0.7153,1509.7,636.5,40.3,21.5,1920,1080,0.042,1529.8,647.3
Round3,Q1,2241,1120.5,EMIRATES,0.4355,1201.1,417.1,39.3,16.5,1920,1080,0.031,1220.7,425.3
Round3,Q1,2242,1121.0,EMIRATES,0.8921,1664.4,241.1,35.8,14.3,1920,1080,0.025,1682.2,248.2
Round3,Q1,2242,1121.0,EMIRATES,0.8813,269.1,410.9,49.5,21.2,1920,1080,0.051,293.9,421.5
Round3,Q1,2242,1121.0,EMIRATES,0.8648,483.8,295.1,42.6,15.6,1920,1080,0.032,505.1,302.9
Round3,Q1,2242,1121.0,EMIRATES,0.8209,356.2,307.8,29.6,14.5,1920,1080,0.021,371.0,315.0
Round3,Q1,2242,1121.0,EMIRATES,0.8153,773.1,284.3,43.9,11.9,1920,1080,0.025,795.0,290.3
Round3,Q1,2242,1121.0,EMIRATES,0.7621,1521.8,304.2,24.2,14.5,1920,1080,0.017,1533.9,311.5
Round3,Q1,2242,1121.0,EMIRATES,0.4962,908.5,320.8,22.0,21.3,1920,1080,0.023,919.5,331.5
Round3,Q1,2243,1121.5,EMIRATES,0.8576,855.2,565.6,43.1,16.6,1920,1080,0.035,876.8,573.9
Round3,Q1,2243,1121.5,EMIRATES,0.7356,1405.8,566.7,50.6,25.8,1920,1080,0.063,1431.1,579.7
Round3,Q1,2243,1121.5,EMIRATES,0.7173,1764.9,521.7,30.1,18.9,1920,1080,0.027,1780.0,531.1
Round3,Q1,2243,1121.5,EMIRATES,0.5659,567.6,593.7,43.1,19.1,1920,1080,0.04,589.2,603.2
Round3,Q1,2244,1122.0,EMIRATES,0.894,1636.7,624.4,49.3,15.1,1920,1080,0.036,1661.4,631.9
Round3,Q1,2244,1122.0,EMIRATES,0.8908,1090.4,692.7,54.6,18.1,1920,1080,0.048,1117.7,701.7
Round3,Q1,2244,1122.0,EMIRATES,0.8839,410.6,668.0,55.6,16.3,1920,1080,0.044,438.4,676.2
Round3,Q1,2244,1122.0,EMIRATES,0.8824,235.2,736.5,53.6,19.5,1920,1080,0.05,262.1,746.2
Round3,Q1,2244,1122.0,EMIRATES,0.8821,450.1,840.4,58.4,16.9,1920,1080,0.048,479.3,848.8
Round3,Q1,2244,1122.0,EMIRATES,0.8802,652.0,625.7,44.0,15.3,1920,1080,0.032,674.0,633.4
Round3,Q1,2244,1122.0,EMIRATES,0.5315,612.1,473.0,30.3,13.7,1920,1080,0.02,627.2,479.8
Round3,Q1,2244,1122.0,EMIRATES,0.4349,1078.6,535.4,45.5,10.6,1920,1080,0.023,1101.4,540.8
Round3,Q1,2244,1122.0,EMIRATES,0.3471,1060.3,599.7,75.5,19.9,1920,1080,0.072,1098.1,609.7
Round3,Q1,2245,1122.5,EMIRATES,0.8754,681.6,686.8,52.6,18.0,1920,1080,0.046,707.9,695.9
Round3,Q1,2245,1122.5,EMIRATES,0.8753,1441.4,620.7,52.3,14.0,1920,1080,0.035,1467.6,627.7
Round3,Q1,2245,1122.5,EMIRATES,0.8589,0.2,868.1,60.0,17.7,1920,1080,0.051,30.2,876.9
Round3,Q1,2245,1122.5,EMIRATES,0.8328,102.0,562.7,56.1,17.6,1920,1080,0.048,130.0,571.5
Round3,Q1,2245,1122.5,EMIRATES,0.7629,0.1,662.9,20.4,17.4,1920,1080,0.017,10.3,671.6
Round3,Q1,2245,1122.5,EMIRATES,0.7587,578.2,463.8,49.0,12.9,1920,1080,0.03,602.7,470.2
Round3,Q1,2245,1122.5,EMIRATES,0.6363,1909.9,889.5,10.0,21.7,1920,1080,0.01,1915.0,900.3
Round3,Q1,2245,1122.5,ACCESS_COVERS,0.3503,627.9,6.8,614.3,169.3,1920,1080,5.014,935.1,91.4
Round3,Q1,2246,1123.0,EMIRATES,0.8917,332.6,547.4,41.3,15.4,1920,1080,0.031,353.3,555.1
Round3,Q1,2246,1123.0,EMIRATES,0.8817,1318.6,444.9,55.6,16.4,1920,1080,0.044,1346.4,453.1
Round3,Q1,2246,1123.0,EMIRATES,0.7099,682.9,404.7,32.6,27.3,1920,1080,0.043,699.1,418.3
Round3,Q1,2247,1123.5,EMIRATES,0.8997,1639.0,346.1,49.0,16.6,1920,1080,0.039,1663.5,354.4
Round3,Q1,2247,1123.5,EMIRATES,0.8819,896.0,382.9,38.1,21.7,1920,1080,0.04,915.1,393.8
Round3,Q1,2247,1123.5,EMIRATES,0.8631,607.7,457.2,50.7,14.2,1920,1080,0.035,633.1,464.2
Round3,Q1,2248,1124.0,EMIRATES,0.8642,980.2,358.9,36.1,16.6,1920,1080,0.029,998.3,367.3
Round3,Q1,2248,1124.0,EMIRATES,0.7859,9.1,278.7,24.4,21.6,1920,1080,0.025,21.3,289.5
Round3,Q1,2249,1124.5,EMIRATES,0.849,892.1,445.9,34.2,15.1,1920,1080,0.025,909.2,453.5
Round3,Q1,2250,1125.0,EMIRATES,0.8836,588.3,790.2,50.2,16.9,1920,1080,0.041,613.4,798.6
Round3,Q1,2251,1125.5,EMIRATES,0.8643,13.3,379.6,42.3,18.9,1920,1080,0.039,34.5,389.0
Round3,Q1,2251,1125.5,EMIRATES,0.5279,874.5,463.3,52.8,28.1,1920,1080,0.071,900.9,477.4
Round3,Q1,2252,1126.0,EMIRATES,0.8912,1090.6,339.1,41.0,25.8,1920,1080,0.051,1111.1,352.1
Round3,Q1,2252,1126.0,EMIRATES,0.8871,54.7,121.3,46.7,15.7,1920,1080,0.035,78.1,129.1
Round3,Q1,2253,1126.5,EMIRATES,0.878,1009.7,424.6,40.8,17.0,1920,1080,0.034,1030.1,433.2
Round3,Q1,2254,1127.0,EMIRATES,0.5957,1880.4,210.0,12.3,54.7,1920,1080,0.032,1886.5,237.3
Round3,Q1,2254,1127.0,EMIRATES,0.3767,1883.8,168.1,13.6,42.7,1920,1080,0.028,1890.6,189.5
Round3,Q1,2258,1129.0,EMIRATES,0.3966,0.6,221.5,160.7,27.0,1920,1080,0.209,80.9,235.0
Round3,Q1,2260,1130.0,EMIRATES,0.9133,1091.4,366.7,40.3,18.5,1920,1080,0.036,1111.6,376.0
Round3,Q1,2261,1130.5,EMIRATES,0.8937,1177.9,333.7,25.0,15.0,1920,1080,0.018,1190.4,341.2
Round3,Q1,2262,1131.0,EMIRATES,0.8136,1326.1,378.1,26.4,12.2,1920,1080,0.016,1339.3,384.2
Round3,Q1,2264,1132.0,ACCESS_COVERS,0.3706,1771.2,197.6,148.5,26.7,1920,1080,0.191,1845.4,211.0
Round3,Q1,2271,1135.5,EMIRATES,0.8842,983.5,262.8,42.5,14.8,1920,1080,0.03,1004.7,270.2
Round3,Q1,2272,1136.0,EMIRATES,0.3134,0.0,304.5,21.0,29.3,1920,1080,0.03,10.5,319.1
Round3,Q1,2278,1139.0,EMIRATES,0.904,699.5,270.5,51.1,21.9,1920,1080,0.054,725.0,281.5
Round3,Q1,2278,1139.0,EMIRATES,0.8842,1850.8,568.5,63.6,17.4,1920,1080,0.053,1882.6,577.2
Round3,Q1,2279,1139.5,EMIRATES,0.8931,1006.9,452.9,65.2,20.1,1920,1080,0.063,1039.5,462.9
Round3,Q1,2280,1140.0,EMIRATES,0.882,250.6,335.3,72.7,22.0,1920,1080,0.077,287.0,346.3
Round3,Q1,2281,1140.5,EMIRATES,0.882,175.7,327.5,62.6,27.5,1920,1080,0.083,207.1,341.2
Round3,Q1,2285,1142.5,EMIRATES,0.7356,1646.8,750.9,62.7,18.3,1920,1080,0.055,1678.2,760.1
Round3,Q1,2285,1142.5,EMIRATES,0.589,1372.5,453.3,54.8,15.3,1920,1080,0.041,1399.9,460.9
Round3,Q1,2286,1143.0,EMIRATES,0.8415,434.2,580.7,51.0,13.7,1920,1080,0.034,459.7,587.6
Round3,Q1,2286,1143.0,EMIRATES,0.5558,389.4,830.7,62.0,18.7,1920,1080,0.056,420.4,840.1
Round3,Q1,2289,1144.5,EMIRATES,0.8906,51.6,449.8,46.5,31.9,1920,1080,0.072,74.9,465.8
Round3,Q1,2290,1145.0,EMIRATES,0.9066,394.6,403.2,35.0,20.2,1920,1080,0.034,412.1,413.3
Round3,Q1,2291,1145.5,EMIRATES,0.908,675.2,402.5,40.0,20.4,1920,1080,0.039,695.2,412.7
Round3,Q1,2297,1148.5,EMIRATES,0.8877,1560.3,347.0,69.2,22.9,1920,1080,0.076,1594.9,358.5
Round3,Q1,2298,1149.0,EMIRATES,0.9113,1750.8,284.2,63.2,23.3,1920,1080,0.071,1782.3,295.9
Round3,Q1,2299,1149.5,EMIRATES,0.9025,1760.0,280.7,73.7,24.1,1920,1080,0.086,1796.8,292.7
Round3,Q1,2300,1150.0,EMIRATES,0.8469,872.8,356.4,117.2,26.9,1920,1080,0.152,931.4,369.8
Round3,Q1,2300,1150.0,EMIRATES,0.361,1692.4,774.4,83.0,29.7,1920,1080,0.119,1733.9,789.2
Round3,Q1,2301,1150.5,EMIRATES,0.8019,615.9,509.3,52.4,24.8,1920,1080,0.063,642.2,521.7
Round3,Q1,2302,1151.0,EMIRATES,0.8139,1499.3,322.5,70.4,24.5,1920,1080,0.083,1534.5,334.8
Round3,Q1,2302,1151.0,EMIRATES,0.591,448.0,591.3,31.8,24.9,1920,1080,0.038,463.9,603.7
Round3,Q1,2303,1151.5,ACCESS_COVERS,0.6046,1874.0,107.0,46.0,31.3,1920,1080,0.07,1897.0,122.6
Round3,Q1,2307,1153.5,EMIRATES,0.4405,1902.5,300.8,17.5,36.7,1920,1080,0.031,1911.2,319.2
Round3,Q1,2309,1154.5,EMIRATES,0.5167,558.8,70.2,115.6,28.3,1920,1080,0.158,616.6,84.4
Round3,Q1,2309,1154.5,EMIRATES,0.4245,1068.2,75.1,122.3,28.9,1920,1080,0.171,1129.4,89.6
Round3,Q1,2309,1154.5,EMIRATES,0.3371,1183.7,269.6,131.8,35.6,1920,1080,0.226,1249.6,287.4
Round3,Q1,2310,1155.0,EMIRATES,0.8886,1232.1,380.6,42.2,15.9,1920,1080,0.032,1253.1,388.5
Round3,Q1,2312,1156.0,EMIRATES,0.3944,888.8,346.8,26.6,10.6,1920,1080,0.014,902.1,352.1
Round3,Q1,2313,1156.5,EMIRATES,0.8943,1150.1,794.5,45.4,20.1,1920,1080,0.044,1172.8,804.6
Round3,Q1,2314,1157.0,EMIRATES,0.8906,702.5,557.7,50.5,17.9,1920,1080,0.044,727.8,566.7
Round3,Q1,2315,1157.5,EMIRATES,0.892,805.4,530.5,50.0,14.2,1920,1080,0.034,830.4,537.6
Round3,Q1,2315,1157.5,EMIRATES,0.8705,1686.5,103.4,31.3,14.4,1920,1080,0.022,1702.2,110.6
Round3,Q1,2315,1157.5,EMIRATES,0.7976,1839.8,426.8,40.6,11.3,1920,1080,0.022,1860.1,432.4
Round3,Q1,2316,1158.0,EMIRATES,0.7858,978.2,546.6,32.6,13.3,1920,1080,0.021,994.5,553.3
Round3,Q1,2317,1158.5,EMIRATES,0.7923,740.5,530.2,56.6,15.8,1920,1080,0.043,768.8,538.1
Round3,Q1,2317,1158.5,EMIRATES,0.3341,1294.4,402.6,19.6,19.8,1920,1080,0.019,1304.2,412.5
Round3,Q1,2318,1159.0,EMIRATES,0.8541,1284.0,353.7,21.4,11.7,1920,1080,0.012,1294.6,359.6
Round3,Q1,2318,1159.0,EMIRATES,0.3599,1261.8,500.9,26.8,12.1,1920,1080,0.016,1275.2,506.9
Round3,Q1,2319,1159.5,EMIRATES,0.6324,1088.4,255.4,21.4,14.7,1920,1080,0.015,1099.1,262.8
Round3,Q1,2320,1160.0,EMIRATES,0.7918,797.9,224.2,40.1,13.3,1920,1080,0.026,818.0,230.9
Round3,Q1,2321,1160.5,EMIRATES,0.8526,620.4,33.1,31.7,18.9,1920,1080,0.029,636.3,42.5
Round3,Q1,2321,1160.5,EMIRATES,0.7298,49.3,287.8,66.5,18.0,1920,1080,0.058,82.6,296.8
Round3,Q1,2327,1163.5,EMIRATES,0.5559,1737.3,427.1,12.6,58.2,1920,1080,0.035,1743.6,456.2
Round3,Q1,2327,1163.5,EMIRATES,0.4871,1569.7,409.4,12.5,51.6,1920,1080,0.031,1575.9,435.2
Round3,Q1,2327,1163.5,EMIRATES,0.3679,1571.8,363.2,14.4,46.0,1920,1080,0.032,1579.0,386.2
Round3,Q1,2329,1164.5,EMIRATES,0.8925,921.5,405.8,41.1,22.2,1920,1080,0.044,942.0,416.9
Round3,Q1,2329,1164.5,EMIRATES,0.5983,1089.8,581.4,37.4,19.5,1920,1080,0.035,1108.5,591.2
Round3,Q1,2330,1165.0,EMIRATES,0.8165,335.4,751.6,64.0,16.4,1920,1080,0.051,367.4,759.8
Round3,Q1,2330,1165.0,EMIRATES,0.32,1811.7,419.2,52.5,14.0,1920,1080,0.035,1837.9,426.2
Round3,Q1,2331,1165.5,EMIRATES,0.8721,1076.1,805.3,55.4,20.7,1920,1080,0.055,1103.7,815.6
Round3,Q1,2332,1166.0,EMIRATES,0.8656,1633.3,715.2,54.2,25.9,1920,1080,0.068,1660.4,728.2
Round3,Q1,2333,1166.5,EMIRATES,0.8807,868.3,365.1,20.4,21.8,1920,1080,0.021,878.5,376.0
Round3,Q1,2333,1166.5,EMIRATES,0.8149,1322.0,35.1,49.8,14.2,1920,1080,0.034,1346.9,42.2
Round3,Q1,2334,1167.0,EMIRATES,0.8662,1841.5,691.3,54.1,17.1,1920,1080,0.045,1868.5,699.8
Round3,Q1,2334,1167.0,EMIRATES,0.8518,735.9,89.6,45.7,18.1,1920,1080,0.04,758.7,98.6
Round3,Q1,2335,1167.5,EMIRATES,0.8882,1413.5,438.8,48.5,16.2,1920,1080,0.038,1437.7,446.9
Round3,Q1,2335,1167.5,EMIRATES,0.8695,1684.7,766.3,27.6,18.2,1920,1080,0.024,1698.5,775.4
Round3,Q1,2335,1167.5,EMIRATES,0.8574,373.1,122.4,30.6,13.5,1920,1080,0.02,388.4,129.1
Round3,Q1,2336,1168.0,EMIRATES,0.8484,1244.6,302.5,31.7,14.5,1920,1080,0.022,1260.5,309.8
Round3,Q1,2337,1168.5,EMIRATES,0.7873,1209.9,93.4,28.8,16.5,1920,1080,0.023,1224.3,101.6
Round3,Q1,2338,1169.0,EMIRATES,0.8803,1307.6,125.3,37.1,16.8,1920,1080,0.03,1326.1,133.7
Round3,Q1,2338,1169.0,EMIRATES,0.8613,1395.5,74.7,32.6,13.6,1920,1080,0.021,1411.7,81.5
Round3,Q1,2341,1170.5,EMIRATES,0.7925,1215.1,275.6,32.8,14.5,1920,1080,0.023,1231.4,282.9
Round3,Q1,2345,1172.5,EMIRATES,0.9013,200.8,644.8,30.2,22.7,1920,1080,0.033,215.9,656.1
Round3,Q1,2346,1173.0,EMIRATES,0.8781,335.8,244.7,79.3,21.4,1920,1080,0.082,375.5,255.4
Round3,Q1,2347,1173.5,EMIRATES,0.9001,584.9,236.0,49.4,15.5,1920,1080,0.037,609.6,243.7
Round3,Q1,2349,1174.5,EMIRATES,0.5879,748.6,396.8,13.9,80.1,1920,1080,0.054,755.5,436.8
Round3,Q1,2349,1174.5,EMIRATES,0.4367,1057.7,477.5,11.5,51.0,1920,1080,0.028,1063.5,503.0
Round3,Q1,2349,1174.5,EMIRATES,0.312,1058.7,431.7,12.2,54.3,1920,1080,0.032,1064.8,458.8
Round3,Q1,2350,1175.0,EMIRATES,0.6656,640.3,384.5,12.6,49.1,1920,1080,0.03,646.6,409.1
Round3,Q1,2350,1175.0,EMIRATES,0.5824,964.8,421.1,11.2,50.9,1920,1080,0.028,970.4,446.6
Round3,Q1,2350,1175.0,EMIRATES,0.4923,963.8,471.8,10.4,48.8,1920,1080,0.025,969.0,496.2
Round3,Q1,2350,1175.0,EMIRATES,0.4572,796.5,446.7,11.0,50.6,1920,1080,0.027,802.0,472.0
Round3,Q1,2350,1175.0,EMIRATES,0.4441,492.9,366.3,12.2,45.8,1920,1080,0.027,499.0,389.2
Round3,Q1,2350,1175.0,EMIRATES,0.3947,640.6,432.9,11.2,42.1,1920,1080,0.023,646.2,453.9
Round3,Q1,2350,1175.0,EMIRATES,0.3753,494.5,415.1,9.8,41.9,1920,1080,0.02,499.5,436.1
Round3,Q1,2351,1175.5,EMIRATES,0.6215,923.3,403.5,11.6,51.1,1920,1080,0.029,929.1,429.0
Round3,Q1,2351,1175.5,EMIRATES,0.5862,587.5,366.0,11.5,53.4,1920,1080,0.03,593.2,392.7
Round3,Q1,2351,1175.5,EMIRATES,0.5364,588.2,420.5,10.3,41.7,1920,1080,0.021,593.3,441.4
Round3,Q1,2351,1175.5,EMIRATES,0.4531,922.5,456.5,10.8,51.9,1920,1080,0.027,927.9,482.5
Round3,Q1,2351,1175.5,EMIRATES,0.4029,435.1,396.3,9.6,47.3,1920,1080,0.022,439.9,419.9
Round3,Q1,2351,1175.5,EMIRATES,0.3807,749.9,434.5,10.9,50.5,1920,1080,0.027,755.4,459.7
Round3,Q1,2352,1176.0,EMIRATES,0.6821,925.0,386.2,11.2,52.8,1920,1080,0.028,930.6,412.6
Round3,Q1,2352,1176.0,EMIRATES,0.643,576.5,347.1,11.4,53.7,1920,1080,0.03,582.2,374.0
Round3,Q1,2352,1176.0,EMIRATES,0.6247,577.0,400.3,10.4,46.9,1920,1080,0.023,582.2,423.7
Round3,Q1,2352,1176.0,EMIRATES,0.5728,923.6,442.3,11.2,53.2,1920,1080,0.029,929.2,468.9
Round3,Q1,2352,1176.0,EMIRATES,0.5005,744.8,422.1,10.1,48.6,1920,1080,0.024,749.8,446.3
Round3,Q1,2352,1176.0,EMIRATES,0.4874,744.7,366.5,11.5,54.1,1920,1080,0.03,750.4,393.6
Round3,Q1,2352,1176.0,EMIRATES,0.4031,415.6,328.1,12.1,60.2,1920,1080,0.035,421.7,358.2
Round3,Q1,2353,1176.5,EMIRATES,0.7489,945.6,429.1,11.6,53.3,1920,1080,0.03,951.4,455.7
Round3,Q1,2353,1176.5,EMIRATES,0.7374,947.2,371.4,11.8,56.4,1920,1080,0.032,953.1,399.6
Round3,Q1,2353,1176.5,EMIRATES,0.7084,761.6,407.3,10.7,49.8,1920,1080,0.026,767.0,432.2
Round3,Q1,2353,1176.5,EMIRATES,0.6907,589.2,387.8,10.5,46.5,1920,1080,0.024,594.4,411.0
Round3,Q1,2353,1176.5,EMIRATES,0.6732,588.7,330.2,11.8,57.5,1920,1080,0.033,594.6,358.9
Round3,Q1,2353,1176.5,EMIRATES,0.6107,762.3,350.7,11.8,51.6,1920,1080,0.029,768.2,376.5
Round3,Q1,2353,1176.5,EMIRATES,0.5604,425.4,369.6,10.1,42.3,1920,1080,0.021,430.5,390.8
Round3,Q1,2353,1176.5,EMIRATES,0.4775,423.3,311.7,11.9,57.1,1920,1080,0.033,429.3,340.2
Round3,Q1,2354,1177.0,EMIRATES,0.8766,531.2,677.3,166.9,74.7,1920,1080,0.602,614.7,714.7
Round3,Q1,2356,1178.0,EMIRATES,0.9103,169.4,496.6,170.0,60.9,1920,1080,0.5,254.4,527.0
Round3,Q1,2357,1178.5,EMIRATES,0.8557,286.6,435.9,148.9,83.0,1920,1080,0.596,361.1,477.4
Round3,Q1,2357,1178.5,EMIRATES,0.8419,118.3,523.0,111.2,54.7,1920,1080,0.293,173.9,550.3
Round3,Q1,2358,1179.0,EMIRATES,0.8567,163.4,486.0,218.2,58.9,1920,1080,0.62,272.5,515.5
Round3,Q1,2359,1179.5,EMIRATES,0.7657,606.9,450.0,257.4,77.8,1920,1080,0.965,735.6,488.9
Round3,Q1,2361,1180.5,EMIRATES,0.477,1672.3,236.5,78.1,30.2,1920,1080,0.114,1711.3,251.6
Round3,Q1,2361,1180.5,EMIRATES,0.4767,915.2,187.6,79.4,24.7,1920,1080,0.094,954.9,199.9
Round3,Q1,2362,1181.0,EMIRATES,0.8765,1682.9,245.1,75.0,29.4,1920,1080,0.106,1720.4,259.8
Round3,Q1,2362,1181.0,EMIRATES,0.8681,1573.1,236.4,79.2,28.6,1920,1080,0.109,1612.7,250.6
Round3,Q1,2362,1181.0,EMIRATES,0.8608,1465.1,228.0,75.4,28.3,1920,1080,0.103,1502.8,242.2
Round3,Q1,2362,1181.0,EMIRATES,0.8239,707.2,341.4,90.6,30.4,1920,1080,0.133,752.5,356.6
Round3,Q1,2362,1181.0,EMIRATES,0.8183,949.9,198.4,75.0,23.8,1920,1080,0.086,987.4,210.3
Round3,Q1,2362,1181.0,EMIRATES,0.7928,705.4,186.7,83.9,23.7,1920,1080,0.096,747.4,198.5
Round3,Q1,2362,1181.0,EMIRATES,0.6502,1065.4,205.4,73.3,23.4,1920,1080,0.083,1102.1,217.0
Round3,Q1,2362,1181.0,EMIRATES,0.4637,1791.5,254.0,80.7,30.1,1920,1080,0.117,1831.8,269.1
Round3,Q1,2362,1181.0,EMIRATES,0.3811,1179.4,211.5,78.8,24.0,1920,1080,0.091,1218.8,223.5
Round3,Q1,2362,1181.0,EMIRATES,0.3588,443.9,323.4,93.7,28.3,1920,1080,0.128,490.7,337.6
Round3,Q1,2363,1181.5,EMIRATES,0.857,1471.2,233.7,74.7,27.2,1920,1080,0.098,1508.6,247.3
Round3,Q1,2363,1181.5,EMIRATES,0.841,1685.6,249.8,73.5,29.2,1920,1080,0.104,1722.3,264.4
Round3,Q1,2363,1181.5,EMIRATES,0.6174,730.2,343.5,87.5,30.2,1920,1080,0.128,774.0,358.7
Round3,Q1,2363,1181.5,EMIRATES,0.5396,728.5,192.7,82.1,24.1,1920,1080,0.095,769.5,204.7
Round3,Q1,2363,1181.5,EMIRATES,0.3504,1579.8,242.3,72.7,27.0,1920,1080,0.095,1616.2,255.8
Round3,Q1,2364,1182.0,EMIRATES,0.8361,1477.1,237.9,71.9,26.8,1920,1080,0.093,1513.1,251.3
Round3,Q1,2364,1182.0,EMIRATES,0.792,1687.6,253.7,71.3,28.6,1920,1080,0.098,1723.2,268.0
Round3,Q1,2364,1182.0,EMIRATES,0.7741,749.9,346.3,86.3,29.4,1920,1080,0.122,793.0,361.0
Round3,Q1,2364,1182.0,EMIRATES,0.6447,750.6,198.0,78.3,23.4,1920,1080,0.088,789.8,209.7
Round3,Q1,2364,1182.0,EMIRATES,0.5595,981.3,209.3,73.2,22.4,1920,1080,0.079,1017.9,220.4
Round3,Q1,2365,1182.5,EMIRATES,0.8043,1483.9,235.3,71.6,26.0,1920,1080,0.09,1519.7,248.3
Round3,Q1,2365,1182.5,EMIRATES,0.7964,991.0,206.8,74.4,22.8,1920,1080,0.082,1028.2,218.2
Round3,Q1,2365,1182.5,EMIRATES,0.7798,761.4,196.1,79.1,22.7,1920,1080,0.087,801.0,207.5
Round3,Q1,2365,1182.5,EMIRATES,0.762,760.8,342.7,87.2,28.8,1920,1080,0.121,804.4,357.1
Round3,Q1,2365,1182.5,EMIRATES,0.7521,1692.8,250.6,70.6,28.5,1920,1080,0.097,1728.1,264.9
Round3,Q1,2365,1182.5,EMIRATES,0.7042,874.1,200.8,77.3,22.8,1920,1080,0.085,912.7,212.2
Round3,Q1,2365,1182.5,EMIRATES,0.6862,1587.3,243.1,73.7,26.7,1920,1080,0.095,1624.1,256.5
Round3,Q1,2365,1182.5,EMIRATES,0.6672,1103.0,213.3,70.2,22.1,1920,1080,0.075,1138.1,224.3
Round3,Q1,2365,1182.5,EMIRATES,0.6015,526.3,186.5,84.3,22.5,1920,1080,0.092,568.4,197.7
Round3,Q1,2365,1182.5,EMIRATES,0.5173,1232.9,390.7,76.9,32.0,1920,1080,0.119,1271.4,406.7
Round3,Q1,2365,1182.5,EMIRATES,0.4826,1209.6,219.3,75.7,22.6,1920,1080,0.082,1247.5,230.6
Round3,Q1,2366,1183.0,EMIRATES,0.7842,770.1,333.5,86.9,28.9,1920,1080,0.121,813.6,348.0
Round3,Q1,2366,1183.0,EMIRATES,0.7682,1493.8,225.9,69.4,26.0,1920,1080,0.087,1528.5,238.9
Round3,Q1,2366,1183.0,EMIRATES,0.7111,1002.5,197.8,70.5,22.1,1920,1080,0.075,1037.8,208.9
Round3,Q1,2366,1183.0,EMIRATES,0.6763,770.5,186.4,79.9,23.0,1920,1080,0.089,810.4,197.9
Round3,Q1,2366,1183.0,EMIRATES,0.6741,884.3,191.2,75.0,22.8,1920,1080,0.083,921.8,202.6
Round3,Q1,2366,1183.0,EMIRATES,0.3901,1702.5,241.4,72.8,28.7,1920,1080,0.101,1738.9,255.7
Round3,Q1,2367,1183.5,EMIRATES,0.7724,999.8,189.2,70.0,21.7,1920,1080,0.073,1034.8,200.1
Round3,Q1,2367,1183.5,EMIRATES,0.4903,1699.7,233.1,70.4,27.4,1920,1080,0.093,1734.9,246.8
Round3,Q1,2367,1183.5,EMIRATES,0.4425,763.9,323.1,87.3,30.2,1920,1080,0.127,807.5,338.2
Round3,Q1,2367,1183.5,EMIRATES,0.3207,1370.1,393.9,9.4,46.4,1920,1080,0.021,1374.8,417.2
Round3,Q1,2368,1184.0,EMIRATES,0.6412,1227.6,370.7,9.7,44.4,1920,1080,0.021,1232.5,392.9
Round3,Q1,2368,1184.0,EMIRATES,0.572,1361.9,391.4,9.2,44.5,1920,1080,0.02,1366.5,413.7
Round3,Q1,2368,1184.0,EMIRATES,0.4488,989.9,343.0,9.8,40.0,1920,1080,0.019,994.8,363.0
Round3,Q1,2369,1184.5,EMIRATES,0.6002,1221.0,367.2,9.4,43.9,1920,1080,0.02,1225.7,389.2
Round3,Q1,2369,1184.5,EMIRATES,0.513,1355.8,385.3,9.3,45.7,1920,1080,0.021,1360.5,408.1
Round3,Q1,2369,1184.5,EMIRATES,0.4985,1358.8,347.9,8.5,33.1,1920,1080,0.014,1363.0,364.5
Round3,Q1,2369,1184.5,EMIRATES,0.4376,983.6,339.4,8.2,38.5,1920,1080,0.015,987.6,358.7
Round3,Q1,2369,1184.5,EMIRATES,0.3061,984.6,304.4,8.5,30.1,1920,1080,0.012,988.9,319.5
Round3,Q1,2370,1185.0,EMIRATES,0.5449,980.2,330.9,9.9,39.5,1920,1080,0.019,985.1,350.7
Round3,Q1,2370,1185.0,EMIRATES,0.4828,1353.4,378.5,9.5,45.2,1920,1080,0.021,1358.2,401.1
Round3,Q1,2370,1185.0,EMIRATES,0.449,1218.0,358.4,10.5,45.5,1920,1080,0.023,1223.2,381.1
Round3,Q1,2370,1185.0,EMIRATES,0.4439,1357.3,339.2,8.2,33.1,1920,1080,0.013,1361.4,355.8
Round3,Q1,2370,1185.0,EMIRATES,0.3639,981.3,296.1,8.9,31.0,1920,1080,0.013,985.7,311.6
Round3,Q1,2370,1185.0,EMIRATES,0.3104,1096.0,309.9,9.2,30.4,1920,1080,0.014,1100.6,325.1
Round3,Q1,2371,1185.5,EMIRATES,0.5166,1219.3,351.3,10.7,44.1,1920,1080,0.023,1224.7,373.3
Round3,Q1,2371,1185.5,EMIRATES,0.5158,1357.7,331.7,8.5,35.7,1920,1080,0.015,1361.9,349.6
Round3,Q1,2371,1185.5,EMIRATES,0.465,980.3,323.7,9.7,39.2,1920,1080,0.018,985.2,343.3
Round3,Q1,2371,1185.5,EMIRATES,0.3438,1354.5,370.8,9.2,45.4,1920,1080,0.02,1359.1,393.5
Round3,Q1,2372,1186.0,EMIRATES,0.5869,1221.0,343.8,9.6,44.3,1920,1080,0.02,1225.8,365.9
Round3,Q1,2372,1186.0,EMIRATES,0.3975,1359.6,323.7,8.9,33.9,1920,1080,0.015,1364.1,340.6
Round3,Q1,2372,1186.0,EMIRATES,0.3891,1357.3,361.0,9.3,46.7,1920,1080,0.021,1361.9,384.4
Round3,Q1,2373,1186.5,EMIRATES,0.4835,1223.5,334.8,8.8,44.3,1920,1080,0.019,1227.9,357.0
Round3,Q1,2373,1186.5,EMIRATES,0.4254,986.0,305.3,8.5,40.4,1920,1080,0.017,990.3,325.4
Round3,Q1,2373,1186.5,EMIRATES,0.3845,1360.1,314.7,9.3,33.4,1920,1080,0.015,1364.8,331.4
Round3,Q1,2373,1186.5,EMIRATES,0.3314,1100.0,319.6,10.1,43.7,1920,1080,0.021,1105.0,341.4
Round3,Q1,2373,1186.5,EMIRATES,0.3301,1100.6,285.9,9.4,30.6,1920,1080,0.014,1105.4,301.2
Round3,Q1,2374,1187.0,EMIRATES,0.5552,1227.0,330.0,8.9,42.2,1920,1080,0.018,1231.4,351.0
Round3,Q1,2374,1187.0,EMIRATES,0.3501,1106.9,281.2,8.5,30.0,1920,1080,0.012,1111.2,296.2
Round3,Q1,2374,1187.0,EMIRATES,0.3038,1361.9,309.9,9.4,31.6,1920,1080,0.014,1366.6,325.8
Round3,Q1,2375,1187.5,EMIRATES,0.5654,1232.4,324.7,9.1,43.4,1920,1080,0.019,1236.9,346.4
Round3,Q1,2375,1187.5,EMIRATES,0.4288,1365.3,306.9,8.7,32.0,1920,1080,0.014,1369.7,322.9
Round3,Q1,2375,1187.5,EMIRATES,0.4251,1361.9,345.5,9.3,42.1,1920,1080,0.019,1366.6,366.5
Round3,Q1,2376,1188.0,EMIRATES,0.447,1240.5,318.3,9.0,41.4,1920,1080,0.018,1245.0,339.0
Round3,Q1,2377,1188.5,EMIRATES,0.6432,1251.1,309.3,8.9,40.3,1920,1080,0.017,1255.6,329.4
Round3,Q1,2377,1188.5,EMIRATES,0.3513,1135.5,294.4,7.9,39.0,1920,1080,0.015,1139.4,313.9
Round3,Q1,2378,1189.0,EMIRATES,0.3134,1272.0,298.3,8.7,40.7,1920,1080,0.017,1276.3,318.7
Round3,Q1,2380,1190.0,EMIRATES,0.3409,1337.9,274.6,9.0,39.3,1920,1080,0.017,1342.4,294.2
Round3,Q1,2382,1191.0,EMIRATES,0.3679,1275.9,288.6,10.0,41.0,1920,1080,0.02,1280.9,309.1
Round3,Q1,2382,1191.0,EMIRATES,0.3444,1172.0,252.5,10.3,62.3,1920,1080,0.031,1177.1,283.7
Round3,Q1,2383,1191.5,EMIRATES,0.3152,1241.9,287.2,8.4,36.5,1920,1080,0.015,1246.1,305.5
Round3,Q1,2387,1193.5,EMIRATES,0.8874,592.3,735.9,43.5,21.2,1920,1080,0.044,614.1,746.4
Round3,Q1,2387,1193.5,EMIRATES,0.8837,1261.7,521.0,30.8,11.3,1920,1080,0.017,1277.1,526.6
Round3,Q1,2387,1193.5,EMIRATES,0.8823,729.8,219.2,31.8,10.9,1920,1080,0.017,745.7,224.6
Round3,Q1,2387,1193.5,EMIRATES,0.4251,773.8,138.8,28.4,14.1,1920,1080,0.019,788.0,145.9
Round3,Q1,2388,1194.0,EMIRATES,0.9042,678.3,308.6,32.6,10.7,1920,1080,0.017,694.6,314.0
Round3,Q1,2388,1194.0,EMIRATES,0.8905,688.7,626.1,44.1,24.3,1920,1080,0.052,710.7,638.2
Round3,Q1,2388,1194.0,EMIRATES,0.8838,675.9,150.5,29.9,13.9,1920,1080,0.02,690.8,157.4
Round3,Q1,2389,1194.5,EMIRATES,0.894,809.4,399.5,45.3,18.2,1920,1080,0.04,832.0,408.6
Round3,Q1,2389,1194.5,EMIRATES,0.8732,882.0,340.1,28.3,12.2,1920,1080,0.017,896.1,346.2
Round3,Q1,2389,1194.5,EMIRATES,0.8688,581.3,281.9,32.1,14.7,1920,1080,0.023,597.4,289.3
Round3,Q1,2390,1195.0,EMIRATES,0.8883,444.8,357.9,36.9,12.9,1920,1080,0.023,463.2,364.3
Round3,Q1,2390,1195.0,EMIRATES,0.8779,1079.0,304.3,40.4,14.9,1920,1080,0.029,1099.3,311.8
Round3,Q1,2390,1195.0,EMIRATES,0.8568,743.8,375.6,33.0,14.0,1920,1080,0.022,760.3,382.6
Round3,Q1,2391,1195.5,EMIRATES,0.8872,606.7,158.9,31.1,12.3,1920,1080,0.018,622.2,165.1
Round3,Q1,2391,1195.5,EMIRATES,0.7309,1669.7,256.0,42.7,18.2,1920,1080,0.037,1691.1,265.1
Round3,Q1,2392,1196.0,EMIRATES,0.8839,697.7,114.1,29.5,12.0,1920,1080,0.017,712.4,120.1
Round3,Q1,2393,1196.5,EMIRATES,0.8701,703.1,426.5,41.7,16.1,1920,1080,0.032,723.9,434.6
Round3,Q1,2400,1200.0,EMIRATES,0.4828,542.8,220.0,36.4,33.0,1920,1080,0.058,561.0,236.5
Round3,Q1,2401,1200.5,EMIRATES,0.8624,787.6,326.6,43.7,38.2,1920,1080,0.081,809.4,345.8
Round3,Q1,2402,1201.0,EMIRATES,0.7731,854.4,265.7,22.7,36.6,1920,1080,0.04,865.8,284.0
Round3,Q1,2403,1201.5,EMIRATES,0.6455,846.8,258.3,21.7,34.6,1920,1080,0.036,857.6,275.7
Round3,Q1,2404,1202.0,EMIRATES,0.9129,231.9,614.7,120.2,40.6,1920,1080,0.235,292.0,635.0
Round3,Q1,2404,1202.0,EMIRATES,0.8416,1150.9,625.9,50.8,55.8,1920,1080,0.137,1176.3,653.7
Round3,Q1,2405,1202.5,EMIRATES,0.9084,1099.5,619.2,80.1,45.4,1920,1080,0.175,1139.6,642.0
Round3,Q1,2405,1202.5,EMIRATES,0.8988,198.0,577.0,60.9,44.9,1920,1080,0.132,228.4,599.5
Round3,Q1,2406,1203.0,EMIRATES,0.905,49.3,555.3,73.5,47.5,1920,1080,0.168,86.0,579.1
Round3,Q1,2406,1203.0,EMIRATES,0.8958,1034.5,599.2,89.2,52.6,1920,1080,0.226,1079.1,625.5
Round3,Q1,2407,1203.5,EMIRATES,0.9014,972.1,602.1,82.7,43.2,1920,1080,0.172,1013.5,623.7
Round3,Q1,2407,1203.5,EMIRATES,0.8984,1.1,549.9,88.3,41.0,1920,1080,0.174,45.2,570.3
Round3,Q1,2408,1204.0,EMIRATES,0.9086,29.9,532.5,93.0,42.7,1920,1080,0.192,76.4,553.9
Round3,Q1,2408,1204.0,EMIRATES,0.9039,1029.9,582.0,82.2,42.9,1920,1080,0.17,1071.0,603.5
Round3,Q1,2408,1204.0,EMIRATES,0.308,1514.6,1014.6,98.3,42.7,1920,1080,0.203,1563.8,1036.0
Round3,Q1,2409,1204.5,EMIRATES,0.9023,1105.3,573.6,69.6,47.0,1920,1080,0.158,1140.0,597.1
Round3,Q1,2409,1204.5,EMIRATES,0.9007,69.8,514.3,101.0,43.8,1920,1080,0.213,120.3,536.2
Round3,Q1,2410,1205.0,EMIRATES,0.9036,7.1,530.9,90.2,41.7,1920,1080,0.182,52.2,551.8
Round3,Q1,2410,1205.0,EMIRATES,0.895,1116.7,575.4,71.8,51.9,1920,1080,0.18,1152.7,601.3
Round3,Q1,2411,1205.5,EMIRATES,0.8982,1098.8,561.4,72.9,50.1,1920,1080,0.176,1135.2,586.5
Round3,Q1,2412,1206.0,EMIRATES,0.9034,1049.2,568.4,72.9,49.1,1920,1080,0.173,1085.7,593.0
Round3,Q1,2413,1206.5,EMIRATES,0.9002,1032.9,558.6,73.6,48.2,1920,1080,0.171,1069.7,582.7
Round3,Q1,2421,1210.5,EMIRATES,0.9032,1615.2,333.6,36.9,16.8,1920,1080,0.03,1633.7,342.0
Round3,Q1,2424,1212.0,EMIRATES,0.8936,917.8,431.9,33.2,19.4,1920,1080,0.031,934.4,441.6
Round3,Q1,2424,1212.0,EMIRATES,0.8818,1119.6,380.3,32.9,12.6,1920,1080,0.02,1136.0,386.7
Round3,Q1,2424,1212.0,EMIRATES,0.8637,1385.6,719.3,36.9,27.0,1920,1080,0.048,1404.0,732.8
Round3,Q1,2425,1212.5,EMIRATES,0.9017,621.9,553.0,41.4,15.3,1920,1080,0.031,642.6,560.7
Round3,Q1,2425,1212.5,EMIRATES,0.8828,1585.0,611.9,48.7,15.2,1920,1080,0.036,1609.4,619.5
Round3,Q1,2426,1213.0,EMIRATES,0.9003,1254.0,320.8,38.9,20.3,1920,1080,0.038,1273.5,330.9
Round3,Q1,2426,1213.0,EMIRATES,0.893,1766.6,455.4,48.3,15.6,1920,1080,0.036,1790.7,463.2
Round3,Q1,2426,1213.0,EMIRATES,0.8681,832.7,405.9,40.4,13.8,1920,1080,0.027,852.8,412.8
Round3,Q1,2427,1213.5,EMIRATES,0.8926,935.6,341.6,35.2,14.0,1920,1080,0.024,953.2,348.6
Round3,Q1,2428,1214.0,EMIRATES,0.3724,954.2,488.4,34.5,15.8,1920,1080,0.026,971.5,496.3
Round3,Q1,2429,1214.5,EMIRATES,0.3395,1080.7,356.3,36.5,33.7,1920,1080,0.059,1099.0,373.1
Round3,Q1,2436,1218.0,EMIRATES,0.8459,879.6,511.1,47.6,14.4,1920,1080,0.033,903.4,518.3
Round3,Q1,2437,1218.5,EMIRATES,0.8807,1010.5,449.4,40.6,15.1,1920,1080,0.03,1030.7,456.9
Round3,Q1,2438,1219.0,EMIRATES,0.8953,979.6,392.6,36.4,13.7,1920,1080,0.024,997.8,399.5
Round3,Q1,2439,1219.5,EMIRATES,0.9052,856.5,369.2,42.9,14.8,1920,1080,0.031,878.0,376.6
Round3,Q1,2440,1220.0,EMIRATES,0.9002,872.5,455.6,45.4,17.2,1920,1080,0.038,895.2,464.2
Round3,Q1,2441,1220.5,EMIRATES,0.8971,874.9,458.0,42.8,19.1,1920,1080,0.039,896.3,467.5
Round3,Q1,2451,1225.5,EMIRATES,0.8818,250.7,690.4,57.4,20.9,1920,1080,0.058,279.4,700.9
Round3,Q1,2451,1225.5,EMIRATES,0.6767,989.5,395.2,37.7,23.3,1920,1080,0.042,1008.3,406.9
Round3,Q1,2452,1226.0,EMIRATES,0.7194,983.2,513.9,48.4,22.0,1920,1080,0.051,1007.4,524.9
Round3,Q1,2453,1226.5,EMIRATES,0.8333,1351.5,377.2,46.7,11.2,1920,1080,0.025,1374.9,382.8
Round3,Q1,2455,1227.5,EMIRATES,0.8551,534.7,481.9,36.5,18.1,1920,1080,0.032,552.9,491.0
Round3,Q1,2455,1227.5,EMIRATES,0.8395,1104.4,296.2,34.4,28.2,1920,1080,0.047,1121.6,310.3
Round3,Q1,2456,1228.0,EMIRATES,0.8273,1272.9,327.2,32.3,19.1,1920,1080,0.03,1289.1,336.8
Round3,Q1,2456,1228.0,EMIRATES,0.8169,546.9,106.9,26.5,13.6,1920,1080,0.017,560.1,113.6
Round3,Q1,2456,1228.0,EMIRATES,0.6182,953.7,648.2,47.8,15.7,1920,1080,0.036,977.6,656.0
Round3,Q1,2474,1237.0,EMIRATES,0.4959,1066.6,130.7,24.5,24.9,1920,1080,0.029,1078.8,143.1
Round3,Q1,2476,1238.0,EMIRATES,0.9109,922.1,284.5,138.3,45.2,1920,1080,0.301,991.2,307.1
Round3,Q1,2476,1238.0,EMIRATES,0.897,784.5,621.3,105.1,39.8,1920,1080,0.202,837.1,641.2
Round3,Q1,2477,1238.5,EMIRATES,0.8166,877.6,477.0,64.5,41.8,1920,1080,0.13,909.9,497.9
Round3,Q1,2478,1239.0,EMIRATES,0.8822,1039.1,649.4,112.4,62.4,1920,1080,0.338,1095.3,680.6
Round3,Q1,2479,1239.5,EMIRATES,0.8713,1139.0,545.4,90.9,66.2,1920,1080,0.29,1184.4,578.5
Round3,Q1,2480,1240.0,EMIRATES,0.9066,1037.7,503.4,78.5,42.6,1920,1080,0.161,1076.9,524.7
Round3,Q1,2480,1240.0,EMIRATES,0.897,47.6,499.0,107.8,42.2,1920,1080,0.219,101.5,520.1
Round3,Q1,2481,1240.5,EMIRATES,0.9044,521.2,509.7,131.7,41.1,1920,1080,0.261,587.0,530.2
Round3,Q1,2481,1240.5,EMIRATES,0.8954,944.6,419.3,107.1,37.6,1920,1080,0.194,998.2,438.2
Round3,Q1,2482,1241.0,EMIRATES,0.8913,980.2,482.7,53.9,42.0,1920,1080,0.109,1007.1,503.7
Round3,Q1,2483,1241.5,EMIRATES,0.8958,1255.5,520.9,74.0,57.9,1920,1080,0.207,1292.5,549.8
Round3,Q1,2484,1242.0,EMIRATES,0.9048,1219.7,439.9,121.5,43.0,1920,1080,0.252,1280.4,461.4
Round3,Q1,2484,1242.0,EMIRATES,0.879,393.7,426.9,91.4,47.1,1920,1080,0.208,439.4,450.5
Round3,Q1,2485,1242.5,EMIRATES,0.8786,1573.8,444.5,158.6,60.9,1920,1080,0.466,1653.1,474.9
Round3,Q1,2486,1243.0,EMIRATES,0.8665,1306.4,474.3,188.3,80.7,1920,1080,0.732,1400.6,514.7
Round3,Q1,2487,1243.5,EMIRATES,0.835,1231.4,449.4,59.9,56.8,1920,1080,0.164,1261.3,477.8
Round3,Q1,2488,1244.0,EMIRATES,0.8755,1220.2,371.9,114.7,53.6,1920,1080,0.297,1277.6,398.7
Round3,Q1,2488,1244.0,EMIRATES,0.8264,398.8,601.3,100.2,72.3,1920,1080,0.35,448.9,637.5
Round3,Q1,2489,1244.5,EMIRATES,0.898,1323.0,332.5,152.3,53.0,1920,1080,0.389,1399.1,359.0
Round3,Q1,2490,1245.0,EMIRATES,0.8999,1495.1,711.0,141.4,45.6,1920,1080,0.311,1565.8,733.8
Round3,Q1,2490,1245.0,EMIRATES,0.8988,1006.7,373.3,177.2,49.1,1920,1080,0.42,1095.3,397.8
Round3,Q1,2492,1246.0,EMIRATES,0.8862,1457.9,533.8,68.0,44.2,1920,1080,0.145,1492.0,555.9
Round3,Q1,2493,1246.5,EMIRATES,0.8504,1317.6,531.5,65.2,44.2,1920,1080,0.139,1350.2,553.6
Round3,Q1,2494,1247.0,EMIRATES,0.8483,1073.3,510.7,73.3,43.3,1920,1080,0.153,1110.0,532.4
Round3,Q1,2495,1247.5,EMIRATES,0.8821,1116.4,524.6,73.2,43.9,1920,1080,0.155,1153.1,546.5
Round3,Q1,2496,1248.0,EMIRATES,0.8987,1217.1,773.6,152.9,55.1,1920,1080,0.407,1293.6,801.2
Round3,Q1,2497,1248.5,EMIRATES,0.9078,1075.3,515.3,124.3,46.3,1920,1080,0.277,1137.4,538.4
Round3,Q1,2498,1249.0,EMIRATES,0.8991,965.7,546.4,111.9,56.1,1920,1080,0.303,1021.6,574.4
Round3,Q1,2499,1249.5,EMIRATES,0.8824,1300.0,516.3,120.5,65.0,1920,1080,0.378,1360.2,548.8
Round3,Q1,2499,1249.5,EMIRATES,0.7796,905.0,496.7,51.4,83.9,1920,1080,0.208,930.7,538.6
Round3,Q1,2500,1250.0,EMIRATES,0.9033,668.2,532.2,166.4,63.0,1920,1080,0.505,751.4,563.7
Round3,Q1,2501,1250.5,EMIRATES,0.899,809.3,542.1,110.1,62.9,1920,1080,0.334,864.4,573.5
Round3,Q1,2501,1250.5,EMIRATES,0.8294,1393.9,599.8,94.1,62.1,1920,1080,0.282,1441.0,630.8
Round3,Q1,2501,1250.5,EMIRATES,0.73,0.0,498.3,31.6,62.1,1920,1080,0.095,15.8,529.4
Round3,Q1,2502,1251.0,EMIRATES,0.909,750.0,549.9,170.5,50.8,1920,1080,0.418,835.3,575.4
Round3,Q1,2502,1251.0,EMIRATES,0.698,1359.8,594.3,82.6,60.3,1920,1080,0.24,1401.1,624.4
Round3,Q1,2503,1251.5,EMIRATES,0.9019,954.0,543.1,176.8,57.1,1920,1080,0.487,1042.4,571.6
Round3,Q1,2503,1251.5,EMIRATES,0.8669,1685.9,597.2,83.7,60.7,1920,1080,0.245,1727.7,627.6
Round3,Q1,2504,1252.0,EMIRATES,0.9126,1027.6,571.7,137.3,55.6,1920,1080,0.368,1096.3,599.5
Round3,Q1,2506,1253.0,EMIRATES,0.8754,1722.4,627.6,109.4,58.2,1920,1080,0.307,1777.1,656.8
Round3,Q1,2506,1253.0,EMIRATES,0.8743,999.4,535.4,113.9,57.6,1920,1080,0.316,1056.4,564.2
Round3,Q1,2507,1253.5,EMIRATES,0.8968,1706.5,642.0,117.6,60.1,1920,1080,0.341,1765.3,672.1
Round3,Q1,2507,1253.5,EMIRATES,0.8763,1073.1,515.8,104.9,44.7,1920,1080,0.226,1125.6,538.2
Round3,Q1,2508,1254.0,EMIRATES,0.8979,1587.2,640.8,136.9,54.9,1920,1080,0.363,1655.7,668.2
Round3,Q1,2508,1254.0,EMIRATES,0.8851,1187.2,529.9,89.1,47.6,1920,1080,0.204,1231.7,553.7
Round3,Q1,2509,1254.5,EMIRATES,0.9021,1331.9,643.1,141.5,58.9,1920,1080,0.402,1402.6,672.5
Round3,Q1,2509,1254.5,EMIRATES,0.8939,967.8,542.7,79.9,53.1,1920,1080,0.205,1007.7,569.2
Round3,Q1,2510,1255.0,EMIRATES,0.886,1362.9,649.0,131.9,61.1,1920,1080,0.389,1428.8,679.6
Round3,Q1,2511,1255.5,EMIRATES,0.8885,1476.6,649.4,126.5,61.7,1920,1080,0.376,1539.9,680.3
Round3,Q1,2511,1255.5,EMIRATES,0.7807,1039.5,524.7,59.6,36.8,1920,1080,0.106,1069.3,543.1
Round3,Q1,2512,1256.0,EMIRATES,0.9016,1411.6,654.3,146.2,60.0,1920,1080,0.423,1484.6,684.4
Round3,Q1,2512,1256.0,EMIRATES,0.8719,954.7,522.0,143.5,52.4,1920,1080,0.363,1026.4,548.2
Round3,Q1,2513,1256.5,EMIRATES,0.9054,1339.7,642.0,141.3,59.0,1920,1080,0.402,1410.3,671.5
Round3,Q1,2513,1256.5,EMIRATES,0.9024,999.9,625.8,105.1,52.4,1920,1080,0.265,1052.4,652.0
Round3,Q1,2514,1257.0,EMIRATES,0.8991,1251.7,639.7,130.5,57.2,1920,1080,0.36,1317.0,668.3
Round3,Q1,2515,1257.5,EMIRATES,0.9017,1139.3,557.7,142.5,61.1,1920,1080,0.42,1210.6,588.2
Round3,Q1,2516,1258.0,EMIRATES,0.9057,1091.0,510.7,171.8,54.6,1920,1080,0.452,1176.9,538.0
Round3,Q1,2517,1258.5,EMIRATES,0.9014,1085.8,451.4,179.9,57.1,1920,1080,0.495,1175.8,479.9
Round3,Q1,2518,1259.0,EMIRATES,0.8971,954.4,600.5,190.4,62.7,1920,1080,0.576,1049.6,631.8
Round3,Q1,2519,1259.5,EMIRATES,0.8896,884.6,655.9,194.6,60.5,1920,1080,0.568,981.9,686.2
Round3,Q1,2519,1259.5,EMIRATES,0.8755,957.4,561.3,66.2,49.6,1920,1080,0.158,990.5,586.2
Round3,Q1,2520,1260.0,EMIRATES,0.9086,877.8,676.7,188.7,57.7,1920,1080,0.525,972.1,705.5
Round3,Q1,2520,1260.0,EMIRATES,0.8736,1001.9,587.1,60.1,53.0,1920,1080,0.154,1032.0,613.6
Round3,Q1,2521,1260.5,EMIRATES,0.8981,788.1,668.7,195.2,56.4,1920,1080,0.531,885.7,696.9
Round3,Q1,2521,1260.5,EMIRATES,0.3878,985.2,593.6,34.7,46.2,1920,1080,0.077,1002.6,616.7
Round3,Q1,2522,1261.0,EMIRATES,0.9118,761.9,678.3,188.7,58.0,1920,1080,0.528,856.3,707.3
Round3,Q1,2523,1261.5,EMIRATES,0.9083,727.2,670.8,175.5,55.1,1920,1080,0.466,814.9,698.3
Round3,Q1,2523,1261.5,EMIRATES,0.5226,966.7,560.9,43.6,54.1,1920,1080,0.114,988.5,587.9
Round3,Q1,2524,1262.0,EMIRATES,0.8992,737.6,671.4,164.2,56.9,1920,1080,0.451,819.7,699.9
Round3,Q1,2524,1262.0,EMIRATES,0.8448,953.3,577.3,62.7,55.5,1920,1080,0.168,984.7,605.0
Round3,Q1,2525,1262.5,EMIRATES,0.9071,753.7,675.6,144.7,59.9,1920,1080,0.418,826.0,705.6
Round3,Q1,2525,1262.5,EMIRATES,0.8619,948.8,576.5,62.9,55.8,1920,1080,0.169,980.3,604.4
Round3,Q1,2526,1263.0,EMIRATES,0.906,748.5,677.7,141.0,59.1,1920,1080,0.402,819.0,707.2
Round3,Q1,2526,1263.0,EMIRATES,0.837,939.2,579.2,61.1,54.0,1920,1080,0.159,969.8,606.2
Round3,Q1,2527,1263.5,EMIRATES,0.908,766.0,678.4,155.0,57.5,1920,1080,0.43,843.4,707.1
Round3,Q1,2527,1263.5,EMIRATES,0.8562,939.9,594.4,55.7,59.0,1920,1080,0.159,967.8,623.9
Round3,Q1,2528,1264.0,EMIRATES,0.8969,776.3,673.5,159.3,56.8,1920,1080,0.437,855.9,701.9
Round3,Q1,2529,1264.5,EMIRATES,0.9038,1209.6,656.6,155.4,57.4,1920,1080,0.43,1287.3,685.3
Round3,Q1,2529,1264.5,EMIRATES,0.9001,295.0,531.3,197.9,56.5,1920,1080,0.54,394.0,559.6
Round3,Q1,2529,1264.5,EMIRATES,0.7462,1027.3,571.3,64.4,47.0,1920,1080,0.146,1059.5,594.7
Round3,Q1,2530,1265.0,EMIRATES,0.9153,374.6,557.7,187.1,59.4,1920,1080,0.536,468.2,587.4
Round3,Q1,2530,1265.0,EMIRATES,0.9089,955.1,548.5,169.8,51.5,1920,1080,0.422,1040.0,574.2
Round3,Q1,2530,1265.0,EMIRATES,0.8176,714.7,685.0,59.3,49.8,1920,1080,0.142,744.3,709.9
Round3,Q1,2530,1265.0,EMIRATES,0.7961,1551.9,653.4,80.0,59.5,1920,1080,0.229,1591.9,683.1
Round3,Q1,2531,1265.5,EMIRATES,0.9131,969.2,564.0,169.7,48.6,1920,1080,0.397,1054.1,588.3
Round3,Q1,2532,1266.0,EMIRATES,0.7321,462.8,532.6,79.4,57.5,1920,1080,0.22,502.5,561.4
Round3,Q1,2534,1267.0,EMIRATES,0.8786,939.1,544.4,83.0,70.2,1920,1080,0.281,980.6,579.5
Round3,Q1,2535,1267.5,EMIRATES,0.9064,847.0,537.7,159.2,52.2,1920,1080,0.401,926.6,563.8
Round3,Q1,2536,1268.0,EMIRATES,0.9131,846.0,538.5,146.7,57.6,1920,1080,0.407,919.3,567.3
Round3,Q1,2537,1268.5,EMIRATES,0.892,786.9,539.3,94.1,63.0,1920,1080,0.286,834.0,570.8
Round3,Q1,2538,1269.0,EMIRATES,0.8865,722.5,535.9,52.1,54.0,1920,1080,0.136,748.5,562.9
Round3,Q1,2539,1269.5,EMIRATES,0.8764,871.7,579.2,58.5,61.7,1920,1080,0.174,900.9,610.0
Round3,Q1,2539,1269.5,EMIRATES,0.7989,74.9,680.4,62.5,46.4,1920,1080,0.14,106.1,703.6
Round3,Q1,2539,1269.5,EMIRATES,0.5539,666.9,629.9,81.6,60.1,1920,1080,0.236,707.7,659.9
Round3,Q1,2540,1270.0,EMIRATES,0.8902,1299.0,628.7,99.4,58.5,1920,1080,0.28,1348.7,658.0
Round3,Q1,2542,1271.0,EMIRATES,0.8939,876.1,640.0,123.3,61.4,1920,1080,0.365,937.8,670.7
Round3,Q1,2543,1271.5,EMIRATES,0.8972,919.1,529.0,101.4,45.4,1920,1080,0.222,969.8,551.7
Round3,Q1,2543,1271.5,EMIRATES,0.8812,690.4,658.2,168.9,59.7,1920,1080,0.486,774.9,688.1
Round3,Q1,2544,1272.0,EMIRATES,0.889,671.6,671.3,174.3,59.3,1920,1080,0.499,758.7,701.0
Round3,Q1,2544,1272.0,EMIRATES,0.8881,942.0,561.2,103.2,48.6,1920,1080,0.242,993.6,585.5
Round3,Q1,2545,1272.5,EMIRATES,0.8855,660.1,673.2,172.9,55.2,1920,1080,0.461,746.5,700.8
Round3,Q1,2545,1272.5,EMIRATES,0.8784,938.9,546.0,84.4,49.3,1920,1080,0.201,981.1,570.6
Round3,Q1,2546,1273.0,EMIRATES,0.8983,608.9,682.9,172.1,52.8,1920,1080,0.438,694.9,709.3
Round3,Q1,2546,1273.0,EMIRATES,0.8861,936.5,565.9,90.0,48.4,1920,1080,0.21,981.5,590.1
Round3,Q1,2547,1273.5,EMIRATES,0.9004,597.9,674.5,174.7,56.1,1920,1080,0.472,685.3,702.5
Round3,Q1,2547,1273.5,EMIRATES,0.8755,926.2,579.5,83.8,52.0,1920,1080,0.21,968.1,605.6
Round3,Q1,2548,1274.0,EMIRATES,0.9009,616.1,683.4,162.2,55.2,1920,1080,0.431,697.2,711.0
Round3,Q1,2548,1274.0,EMIRATES,0.8639,823.9,578.8,49.2,48.0,1920,1080,0.114,848.5,602.8
Round3,Q1,2549,1274.5,EMIRATES,0.8826,999.2,547.0,48.3,15.6,1920,1080,0.036,1023.4,554.7
Round3,Q1,2550,1275.0,EMIRATES,0.874,802.9,547.9,53.6,20.9,1920,1080,0.054,829.7,558.3
Round3,Q1,2551,1275.5,EMIRATES,0.3414,0.0,816.1,12.3,20.5,1920,1080,0.012,6.2,826.3
Round3,Q1,2553,1276.5,EMIRATES,0.8985,0.0,754.4,29.3,24.4,1920,1080,0.035,14.7,766.6
Round3,Q1,2554,1277.0,EMIRATES,0.7121,599.8,621.3,41.2,21.6,1920,1080,0.043,620.4,632.1
Round3,Q1,2555,1277.5,EMIRATES,0.8598,1184.5,415.1,45.5,15.3,1920,1080,0.034,1207.3,422.7
Round3,Q1,2557,1278.5,EMIRATES,0.7649,522.2,433.7,16.8,9.6,1920,1080,0.008,530.6,438.5
Round3,Q1,2558,1279.0,EMIRATES,0.8675,632.3,558.6,47.0,15.7,1920,1080,0.036,655.8,566.4
Round3,Q1,2558,1279.0,EMIRATES,0.8164,1129.7,274.3,23.9,29.4,1920,1080,0.034,1141.7,289.0
Round3,Q1,2561,1280.5,EMIRATES,0.8985,362.5,1055.4,59.7,19.0,1920,1080,0.055,392.3,1064.9
Round3,Q1,2563,1281.5,EMIRATES,0.8441,1316.4,556.0,59.7,15.4,1920,1080,0.044,1346.3,563.7
Round3,Q1,2564,1282.0,EMIRATES,0.8892,1268.1,379.4,33.4,15.6,1920,1080,0.025,1284.8,387.2
Round3,Q1,2568,1284.0,EMIRATES,0.9015,893.8,324.8,46.5,22.3,1920,1080,0.05,917.0,336.0
Round3,Q1,2569,1284.5,EMIRATES,0.8961,892.3,351.7,56.0,16.2,1920,1080,0.044,920.3,359.8
Round3,Q1,2570,1285.0,EMIRATES,0.8886,923.3,336.0,43.5,14.0,1920,1080,0.029,945.0,343.0
Round3,Q1,2571,1285.5,EMIRATES,0.8808,929.8,296.6,51.0,13.2,1920,1080,0.032,955.3,303.2
Round3,Q1,2572,1286.0,EMIRATES,0.8978,950.8,246.9,54.1,14.0,1920,1080,0.036,977.8,253.9
Round3,Q1,2573,1286.5,EMIRATES,0.897,993.4,275.5,47.6,16.9,1920,1080,0.039,1017.2,283.9
Round3,Q1,2574,1287.0,EMIRATES,0.8945,1177.9,594.0,48.4,16.7,1920,1080,0.039,1202.1,602.3
Round3,Q1,2577,1288.5,EMIRATES,0.7313,1075.2,102.4,28.0,25.9,1920,1080,0.035,1089.2,115.3
Round3,Q1,2578,1289.0,EMIRATES,0.6951,1091.4,592.9,52.4,58.9,1920,1080,0.149,1117.6,622.4
Round3,Q1,2579,1289.5,EMIRATES,0.3317,1068.5,637.8,50.5,45.6,1920,1080,0.111,1093.7,660.6
Round3,Q1,2580,1290.0,EMIRATES,0.8964,1028.3,763.2,146.0,50.3,1920,1080,0.354,1101.3,788.3
Round3,Q1,2581,1290.5,EMIRATES,0.8734,1427.9,779.1,185.3,56.6,1920,1080,0.506,1520.6,807.4
Round3,Q1,2582,1291.0,EMIRATES,0.8829,1665.1,593.1,196.0,59.1,1920,1080,0.558,1763.1,622.6
Round3,Q1,2582,1291.0,EMIRATES,0.5814,1404.3,852.3,32.7,45.0,1920,1080,0.071,1420.7,874.8
Round3,Q1,2583,1291.5,EMIRATES,0.8769,1777.3,589.2,142.7,58.9,1920,1080,0.405,1848.6,618.6
Round3,Q1,2583,1291.5,EMIRATES,0.8569,1468.1,734.4,100.8,45.6,1920,1080,0.222,1518.5,757.1
Round3,Q1,2584,1292.0,EMIRATES,0.859,1762.2,812.0,157.8,56.1,1920,1080,0.427,1841.1,840.0
Round3,Q1,2584,1292.0,EMIRATES,0.7841,1380.7,485.2,50.8,71.5,1920,1080,0.175,1406.1,521.0
Round3,Q1,2585,1292.5,EMIRATES,0.8789,1664.4,783.8,216.1,60.1,1920,1080,0.626,1772.5,813.8
Round3,Q1,2586,1293.0,EMIRATES,0.8942,1523.4,568.3,194.1,58.2,1920,1080,0.545,1620.4,597.4
Round3,Q1,2586,1293.0,EMIRATES,0.8362,752.7,671.2,112.7,88.2,1920,1080,0.479,809.1,715.3
Round3,Q1,2587,1293.5,EMIRATES,0.8579,1439.7,667.9,200.3,62.6,1920,1080,0.605,1539.9,699.2
Round3,Q1,2587,1293.5,EMIRATES,0.5813,853.7,644.2,104.8,62.0,1920,1080,0.313,906.2,675.2
Round3,Q1,2592,1296.0,EMIRATES,0.8353,777.4,375.7,42.6,13.4,1920,1080,0.028,798.7,382.4
Round3,Q1,2592,1296.0,EMIRATES,0.6405,1432.5,462.9,24.1,14.8,1920,1080,0.017,1444.6,470.3
Round3,Q1,2592,1296.0,EMIRATES,0.3556,1665.9,432.6,26.0,10.7,1920,1080,0.013,1678.9,438.0
Round3,Q1,2593,1296.5,EMIRATES,0.8854,1632.6,472.8,34.2,14.6,1920,1080,0.024,1649.7,480.1
Round3,Q1,2593,1296.5,EMIRATES,0.6501,1326.6,456.2,33.2,8.5,1920,1080,0.014,1343.2,460.4
Round3,Q1,2594,1297.0,EMIRATES,0.8897,1665.5,485.4,52.6,27.5,1920,1080,0.07,1691.7,499.1
Round3,Q1,2594,1297.0,EMIRATES,0.8817,1082.7,419.4,54.8,14.2,1920,1080,0.038,1110.1,426.5
Round3,Q1,2595,1297.5,EMIRATES,0.8889,1761.2,495.6,57.5,17.6,1920,1080,0.049,1790.0,504.5
Round3,Q1,2595,1297.5,EMIRATES,0.8838,875.4,445.5,56.3,15.9,1920,1080,0.043,903.6,453.4
Round3,Q1,2596,1298.0,EMIRATES,0.8893,1069.3,522.7,57.5,17.1,1920,1080,0.047,1098.0,531.3
Round3,Q1,2597,1298.5,EMIRATES,0.9064,1227.2,463.2,36.6,21.1,1920,1080,0.037,1245.5,473.7
Round3,Q1,2597,1298.5,EMIRATES,0.819,527.2,432.5,49.6,19.5,1920,1080,0.047,551.9,442.2
Round3,Q1,2598,1299.0,EMIRATES,0.7988,795.9,477.3,60.9,20.2,1920,1080,0.059,826.3,487.4
Round3,Q1,2599,1299.5,EMIRATES,0.8959,272.4,405.8,52.3,17.4,1920,1080,0.044,298.6,414.5
Round3,Q1,2599,1299.5,EMIRATES,0.8858,1435.1,323.1,40.5,12.8,1920,1080,0.025,1455.3,329.5
Round3,Q1,2600,1300.0,EMIRATES,0.8947,223.6,350.7,47.2,15.6,1920,1080,0.035,247.2,358.4
Round3,Q1,2600,1300.0,EMIRATES,0.8864,1353.1,317.8,40.1,12.8,1920,1080,0.025,1373.2,324.2
Round3,Q1,2601,1300.5,EMIRATES,0.8351,1495.7,435.6,49.2,11.7,1920,1080,0.028,1520.3,441.4
Round3,Q1,2601,1300.5,EMIRATES,0.7522,1303.1,333.4,33.0,17.0,1920,1080,0.027,1319.6,341.9
Round3,Q1,2602,1301.0,EMIRATES,0.8907,610.1,392.8,52.1,18.7,1920,1080,0.047,636.1,402.2
Round3,Q1,2602,1301.0,EMIRATES,0.8101,1603.0,414.1,59.1,15.2,1920,1080,0.043,1632.6,421.7
Round3,Q1,2603,1301.5,EMIRATES,0.6689,978.9,381.5,36.9,23.2,1920,1080,0.041,997.3,393.1
Round3,Q1,2604,1302.0,EMIRATES,0.8693,1154.7,350.7,34.7,17.8,1920,1080,0.03,1172.1,359.6
Round3,Q1,2604,1302.0,EMIRATES,0.7244,860.5,459.4,41.2,15.9,1920,1080,0.032,881.1,467.4
Round3,Q1,2605,1302.5,EMIRATES,0.7548,581.3,689.3,75.3,16.4,1920,1080,0.06,619.0,697.5
Round3,Q1,2605,1302.5,EMIRATES,0.6153,1650.6,458.3,63.4,17.1,1920,1080,0.052,1682.3,466.8
Round3,Q1,2606,1303.0,EMIRATES,0.8812,944.1,608.7,48.2,13.7,1920,1080,0.032,968.1,615.5
Round3,Q1,2606,1303.0,EMIRATES,0.8565,1694.5,424.1,33.1,14.8,1920,1080,0.024,1711.1,431.5
Round3,Q1,2607,1303.5,EMIRATES,0.8905,1664.7,397.8,33.3,16.0,1920,1080,0.026,1681.4,405.8
Round3,Q1,2608,1304.0,EMIRATES,0.8937,1505.8,328.7,39.7,14.6,1920,1080,0.028,1525.6,336.0
Round3,Q1,2608,1304.0,EMIRATES,0.8793,1136.7,507.8,33.5,14.7,1920,1080,0.024,1153.5,515.2
Round3,Q1,2609,1304.5,EMIRATES,0.8909,1090.2,437.3,37.5,14.6,1920,1080,0.026,1108.9,444.6
Round3,Q1,2609,1304.5,EMIRATES,0.8813,1227.6,279.6,35.8,14.3,1920,1080,0.025,1245.5,286.7
Round3,Q1,2610,1305.0,EMIRATES,0.8933,969.2,328.3,44.0,15.1,1920,1080,0.032,991.2,335.9
Round3,Q1,2611,1305.5,EMIRATES,0.8963,722.6,302.9,41.0,15.1,1920,1080,0.03,743.1,310.4
Round3,Q1,2613,1306.5,EMIRATES,0.4261,529.3,461.8,19.2,11.8,1920,1080,0.011,538.9,467.7
Round3,Q1,2614,1307.0,EMIRATES,0.8237,671.6,560.9,23.3,14.5,1920,1080,0.016,683.3,568.2
Round3,Q1,2614,1307.0,EMIRATES,0.7535,1854.0,404.7,53.2,12.8,1920,1080,0.033,1880.6,411.1
Round3,Q1,2615,1307.5,EMIRATES,0.8789,1464.9,470.3,29.7,18.0,1920,1080,0.026,1479.8,479.3
Round3,Q1,2615,1307.5,EMIRATES,0.4445,872.6,641.6,21.7,15.9,1920,1080,0.017,883.4,649.6
Round3,Q1,2616,1308.0,CYBERCX,0.8933,574.2,256.0,124.2,35.4,1920,1080,0.212,636.3,273.7
Round3,Q1,2616,1308.0,CYBERCX,0.8922,89.7,254.6,135.5,37.0,1920,1080,0.242,157.4,273.1
Round3,Q1,2616,1308.0,CYBERCX,0.8877,256.0,255.1,129.0,37.2,1920,1080,0.232,320.5,273.7
Round3,Q1,2616,1308.0,CYBERCX,0.8854,1506.0,63.6,99.5,29.4,1920,1080,0.141,1555.7,78.3
Round3,Q1,2616,1308.0,CYBERCX,0.8836,1262.4,65.1,98.5,28.7,1920,1080,0.136,1311.6,79.4
Round3,Q1,2616,1308.0,CYBERCX,0.8827,1334.8,257.4,122.1,35.1,1920,1080,0.207,1395.9,274.9
Round3,Q1,2616,1308.0,CYBERCX,0.8825,1029.5,255.8,118.6,36.3,1920,1080,0.208,1088.8,274.0
Round3,Q1,2616,1308.0,CYBERCX,0.8804,1382.7,64.3,99.9,29.2,1920,1080,0.141,1432.7,78.9
Round3,Q1,2616,1308.0,CYBERCX,0.8802,584.1,63.0,99.3,29.2,1920,1080,0.14,633.8,77.6
Round3,Q1,2616,1308.0,CYBERCX,0.88,1629.4,62.4,102.7,29.0,1920,1080,0.144,1680.8,76.9
Round3,Q1,2616,1308.0,CYBERCX,0.8798,1650.3,257.7,123.2,35.4,1920,1080,0.21,1711.9,275.4
Round3,Q1,2616,1308.0,CYBERCX,0.8768,879.4,256.6,120.8,35.0,1920,1080,0.204,939.8,274.1
Round3,Q1,2616,1308.0,CYBERCX,0.8764,788.1,64.8,95.9,28.2,1920,1080,0.131,836.1,78.9
Round3,Q1,2616,1308.0,CYBERCX,0.8744,338.9,60.1,99.4,29.1,1920,1080,0.14,388.6,74.7
Round3,Q1,2616,1308.0,CYBERCX,0.8727,906.6,65.9,96.6,27.8,1920,1080,0.129,954.9,79.8
Round3,Q1,2616,1308.0,CYBERCX,0.8723,1024.5,65.3,97.1,28.9,1920,1080,0.135,1073.0,79.7
Round3,Q1,2616,1308.0,CYBERCX,0.8718,1179.0,257.6,122.2,35.6,1920,1080,0.21,1240.1,275.3
Round3,Q1,2616,1308.0,CYBERCX,0.8718,212.2,57.6,104.7,30.0,1920,1080,0.152,264.6,72.6
Round3,Q1,2616,1308.0,CYBERCX,0.8685,79.4,54.4,108.9,30.4,1920,1080,0.16,133.9,69.6
Round3,Q1,2616,1308.0,CYBERCX,0.8675,415.8,256.3,125.9,35.4,1920,1080,0.215,478.8,274.0
Round3,Q1,2616,1308.0,CYBERCX,0.8623,1809.3,256.8,110.7,36.2,1920,1080,0.194,1864.6,274.9
Round3,Q1,2616,1308.0,CYBERCX,0.8579,733.0,255.9,114.3,35.2,1920,1080,0.194,790.2,273.5
Round3,Q1,2616,1308.0,CYBERCX,0.8567,1487.7,257.0,124.6,36.2,1920,1080,0.217,1549.9,275.1
Round3,Q1,2616,1308.0,CYBERCX,0.8377,459.4,62.3,102.7,28.6,1920,1080,0.141,510.7,76.6
Round3,Q1,2616,1308.0,CYBERCX,0.8307,0.2,255.7,56.0,34.2,1920,1080,0.092,28.2,272.8
Round3,Q1,2616,1308.0,CYBERCX,0.8265,1143.0,65.5,96.9,29.1,1920,1080,0.136,1191.5,80.1
Round3,Q1,2616,1308.0,CYBERCX,0.8187,1757.0,60.4,101.4,29.0,1920,1080,0.142,1807.7,74.9
Round3,Q1,2616,1308.0,CYBERCX,0.8078,0.0,52.3,55.3,29.1,1920,1080,0.078,27.7,66.9
Round3,Q1,2616,1308.0,CYBERCX,0.797,1887.9,57.3,31.9,31.9,1920,1080,0.049,1903.9,73.3
Round3,Q1,2617,1308.5,CYBERCX,0.8843,0.0,291.8,135.5,39.3,1920,1080,0.257,67.8,311.5
Round3,Q1,2617,1308.5,CYBERCX,0.8795,1645.2,297.3,136.6,38.2,1920,1080,0.251,1713.5,316.3
Round3,Q1,2617,1308.5,CYBERCX,0.879,702.9,91.9,104.1,29.7,1920,1080,0.149,754.9,106.8
Round3,Q1,2617,1308.5,CYBERCX,0.8769,1206.0,93.5,104.6,30.4,1920,1080,0.153,1258.3,108.8
Round3,Q1,2617,1308.5,CYBERCX,0.8755,1482.9,297.4,129.3,36.8,1920,1080,0.23,1547.5,315.8
Round3,Q1,2617,1308.5,CYBERCX,0.8743,833.2,294.9,129.0,37.6,1920,1080,0.234,897.7,313.7
Round3,Q1,2617,1308.5,CYBERCX,0.8725,509.3,293.8,133.0,38.3,1920,1080,0.245,575.8,313.0
Round3,Q1,2617,1308.5,CYBERCX,0.8723,168.7,293.6,139.6,38.8,1920,1080,0.261,238.5,313.0
Round3,Q1,2617,1308.5,CYBERCX,0.8718,220.0,84.9,111.8,32.0,1920,1080,0.173,275.9,100.9
Round3,Q1,2617,1308.5,CYBERCX,0.8709,85.8,82.2,109.9,31.7,1920,1080,0.168,140.7,98.0
Round3,Q1,2617,1308.5,CYBERCX,0.8704,991.6,295.2,130.9,38.6,1920,1080,0.243,1057.0,314.5
Round3,Q1,2617,1308.5,CYBERCX,0.8691,955.8,93.4,101.6,29.2,1920,1080,0.143,1006.6,108.0
Round3,Q1,2617,1308.5,CYBERCX,0.8685,583.2,89.9,97.0,30.5,1920,1080,0.142,631.7,105.1
Round3,Q1,2617,1308.5,CYBERCX,0.8676,1461.3,93.0,106.5,29.9,1920,1080,0.153,1514.5,107.9
Round3,Q1,2617,1308.5,CYBERCX,0.8673,1592.1,92.2,107.4,30.5,1920,1080,0.158,1645.9,107.4
Round3,Q1,2617,1308.5,CYBERCX,0.8666,670.5,294.7,133.1,36.7,1920,1080,0.236,737.1,313.1
Round3,Q1,2617,1308.5,CYBERCX,0.8666,1816.8,297.4,103.2,38.3,1920,1080,0.191,1868.4,316.6
Round3,Q1,2617,1308.5,CYBERCX,0.865,829.6,92.6,102.8,29.8,1920,1080,0.148,881.0,107.5
Round3,Q1,2617,1308.5,CYBERCX,0.864,1155.5,296.6,127.9,36.1,1920,1080,0.223,1219.5,314.6
Round3,Q1,2617,1308.5,CYBERCX,0.8639,1332.8,93.0,104.8,30.8,1920,1080,0.156,1385.2,108.5
Round3,Q1,2617,1308.5,CYBERCX,0.8637,1314.2,296.0,128.9,38.2,1920,1080,0.238,1378.7,315.1
Round3,Q1,2617,1308.5,CYBERCX,0.8589,1723.5,90.5,113.8,30.5,1920,1080,0.168,1780.4,105.7
Round3,Q1,2617,1308.5,CYBERCX,0.8535,344.9,294.4,133.0,37.1,1920,1080,0.238,411.4,312.9
Round3,Q1,2617,1308.5,CYBERCX,0.848,356.0,88.1,108.1,30.4,1920,1080,0.159,410.1,103.3
Round3,Q1,2617,1308.5,CYBERCX,0.8471,1078.2,94.0,105.8,29.0,1920,1080,0.148,1131.1,108.6
Round3,Q1,2617,1308.5,CYBERCX,0.8299,0.2,78.6,59.6,32.4,1920,1080,0.093,30.0,94.8
Round3,Q1,2617,1308.5,CYBERCX,0.824,1863.5,88.3,56.4,32.3,1920,1080,0.088,1891.7,104.5
Round3,Q1,2618,1309.0,CYBERCX,0.8839,1654.9,321.6,144.8,40.4,1920,1080,0.282,1727.3,341.8
Round3,Q1,2618,1309.0,CYBERCX,0.8823,1480.2,321.3,137.0,39.6,1920,1080,0.262,1548.7,341.1
Round3,Q1,2618,1309.0,CYBERCX,0.8816,275.1,315.1,141.6,40.9,1920,1080,0.279,346.0,335.6
Round3,Q1,2618,1309.0,CYBERCX,0.8792,623.6,102.3,109.0,32.6,1920,1080,0.171,678.1,118.6
Round3,Q1,2618,1309.0,CYBERCX,0.8782,1839.5,321.7,80.5,40.7,1920,1080,0.158,1879.7,342.0
Round3,Q1,2618,1309.0,CYBERCX,0.8763,626.1,317.6,136.3,38.9,1920,1080,0.256,694.3,337.0
Round3,Q1,2618,1309.0,CYBERCX,0.8758,968.0,319.0,133.3,39.0,1920,1080,0.251,1034.6,338.5
Round3,Q1,2618,1309.0,CYBERCX,0.8742,487.2,101.1,110.7,32.3,1920,1080,0.173,542.5,117.3
Round3,Q1,2618,1309.0,CYBERCX,0.8732,1849.0,102.8,71.0,32.9,1920,1080,0.113,1884.5,119.3
Round3,Q1,2618,1309.0,CYBERCX,0.873,796.3,317.8,136.6,40.2,1920,1080,0.265,864.6,337.9
Round3,Q1,2618,1309.0,CYBERCX,0.8725,452.6,316.0,140.2,40.6,1920,1080,0.274,522.7,336.3
Round3,Q1,2618,1309.0,CYBERCX,0.8723,1157.2,106.6,106.9,31.7,1920,1080,0.163,1210.7,122.4
Round3,Q1,2618,1309.0,CYBERCX,0.8703,1310.2,319.7,133.0,39.5,1920,1080,0.254,1376.7,339.5
Round3,Q1,2618,1309.0,CYBERCX,0.8689,1290.9,106.7,107.3,31.4,1920,1080,0.163,1344.5,122.4
Round3,Q1,2618,1309.0,CYBERCX,0.868,1703.5,104.3,114.2,33.1,1920,1080,0.182,1760.6,120.8
Round3,Q1,2618,1309.0,CYBERCX,0.8678,1136.4,319.6,135.4,39.4,1920,1080,0.257,1204.1,339.3
Round3,Q1,2618,1309.0,CYBERCX,0.8669,1022.9,106.5,108.9,31.4,1920,1080,0.165,1077.3,122.2
Round3,Q1,2618,1309.0,CYBERCX,0.8643,757.2,104.1,108.0,31.4,1920,1080,0.163,811.2,119.8
Round3,Q1,2618,1309.0,CYBERCX,0.8623,1425.8,105.9,109.8,33.4,1920,1080,0.177,1480.7,122.6
Round3,Q1,2618,1309.0,CYBERCX,0.8551,1562.3,105.4,112.0,32.2,1920,1080,0.174,1618.3,121.5
Round3,Q1,2618,1309.0,CYBERCX,0.8547,91.1,315.1,148.3,41.5,1920,1080,0.297,165.2,335.9
Round3,Q1,2618,1309.0,CYBERCX,0.8507,889.8,105.5,106.3,30.7,1920,1080,0.157,943.0,120.8
Round3,Q1,2618,1309.0,CYBERCX,0.8472,372.6,99.9,89.0,31.3,1920,1080,0.134,417.1,115.6
Round3,Q1,2618,1309.0,CYBERCX,0.8227,0.0,313.6,49.9,41.5,1920,1080,0.1,25.0,334.3
Round3,Q1,2618,1309.0,CYBERCX,0.8213,0.2,90.2,78.3,34.1,1920,1080,0.129,39.4,107.2
Round3,Q1,2618,1309.0,CYBERCX,0.8023,106.2,94.5,115.1,32.2,1920,1080,0.179,163.8,110.6
Round3,Q1,2619,1309.5,CYBERCX,0.8951,496.1,316.3,142.2,41.9,1920,1080,0.288,567.1,337.2
Round3,Q1,2619,1309.5,CYBERCX,0.8878,1596.2,321.1,148.8,41.9,1920,1080,0.301,1670.6,342.0
Round3,Q1,2619,1309.5,CYBERCX,0.8871,1410.2,321.5,142.8,40.4,1920,1080,0.278,1481.6,341.7
Round3,Q1,2619,1309.5,CYBERCX,0.8809,492.8,86.1,117.6,33.7,1920,1080,0.191,551.6,102.9
Round3,Q1,2619,1309.5,CYBERCX,0.8805,678.9,316.8,143.3,42.0,1920,1080,0.29,750.5,337.8
Round3,Q1,2619,1309.5,CYBERCX,0.8767,344.8,83.5,118.6,34.3,1920,1080,0.196,404.1,100.6
Round3,Q1,2619,1309.5,CYBERCX,0.875,637.7,87.4,116.5,34.9,1920,1080,0.196,695.9,104.8
Round3,Q1,2619,1309.5,CYBERCX,0.8735,863.9,318.8,140.7,40.2,1920,1080,0.273,934.3,338.8
Round3,Q1,2619,1309.5,CYBERCX,0.8719,1210.6,91.0,114.0,34.4,1920,1080,0.189,1267.5,108.2
Round3,Q1,2619,1309.5,CYBERCX,0.8704,1066.8,91.2,114.3,33.5,1920,1080,0.185,1124.0,108.0
Round3,Q1,2619,1309.5,CYBERCX,0.8704,781.5,89.4,112.8,33.0,1920,1080,0.18,837.9,105.9
Round3,Q1,2619,1309.5,CYBERCX,0.8686,1789.9,322.5,130.1,41.4,1920,1080,0.26,1854.9,343.2
Round3,Q1,2619,1309.5,CYBERCX,0.8665,1354.3,91.8,114.2,32.7,1920,1080,0.18,1411.4,108.2
Round3,Q1,2619,1309.5,CYBERCX,0.8653,1800.9,88.1,118.4,34.1,1920,1080,0.195,1860.1,105.2
Round3,Q1,2619,1309.5,CYBERCX,0.864,306.7,315.5,148.9,43.2,1920,1080,0.31,381.1,337.1
Round3,Q1,2619,1309.5,CYBERCX,0.8635,1500.4,90.9,114.4,33.3,1920,1080,0.184,1557.6,107.5
Round3,Q1,2619,1309.5,CYBERCX,0.8554,922.8,90.6,115.5,33.4,1920,1080,0.186,980.6,107.3
Round3,Q1,2619,1309.5,CYBERCX,0.8542,1225.3,319.2,144.3,42.4,1920,1080,0.295,1297.5,340.5
Round3,Q1,2619,1309.5,CYBERCX,0.8528,0.0,313.0,68.0,42.9,1920,1080,0.141,34.0,334.4
Round3,Q1,2619,1309.5,CYBERCX,0.8483,1648.9,90.4,118.8,34.1,1920,1080,0.195,1708.3,107.5
Round3,Q1,2619,1309.5,CYBERCX,0.8377,111.0,314.9,154.3,41.1,1920,1080,0.306,188.2,335.4
Round3,Q1,2619,1309.5,CYBERCX,0.8294,233.0,82.3,82.3,32.4,1920,1080,0.129,274.2,98.5
Round3,Q1,2619,1309.5,CYBERCX,0.8283,1044.9,320.7,135.4,37.7,1920,1080,0.246,1112.6,339.5
Round3,Q1,2619,1309.5,CYBERCX,0.8036,0.2,74.7,54.3,35.2,1920,1080,0.092,27.4,92.3
Round3,Q1,2620,1310.0,EMIRATES,0.9106,981.3,549.0,44.7,19.0,1920,1080,0.041,1003.6,558.5
Round3,Q1,2621,1310.5,EMIRATES,0.9091,896.2,464.0,45.6,17.4,1920,1080,0.038,919.0,472.7
Round3,Q1,2622,1311.0,EMIRATES,0.8995,934.3,418.9,52.3,17.2,1920,1080,0.043,960.5,427.5
Round3,Q1,2622,1311.0,EMIRATES,0.8843,153.5,1016.3,64.5,27.7,1920,1080,0.086,185.8,1030.2
Round3,Q1,2623,1311.5,EMIRATES,0.8821,946.8,406.7,51.6,22.1,1920,1080,0.055,972.6,417.7
Round3,Q1,2624,1312.0,EMIRATES,0.764,1343.2,961.3,44.9,22.8,1920,1080,0.049,1365.7,972.7
Round3,Q1,2624,1312.0,EMIRATES,0.7598,970.5,395.3,48.3,14.0,1920,1080,0.033,994.6,402.3
Round3,Q1,2625,1312.5,EMIRATES,0.867,859.2,936.9,69.8,19.3,1920,1080,0.065,894.1,946.6
Round3,Q1,2625,1312.5,EMIRATES,0.3907,169.9,384.8,70.5,17.8,1920,1080,0.06,205.1,393.7
Round3,Q1,2626,1313.0,EMIRATES,0.8947,862.0,880.7,53.1,24.3,1920,1080,0.062,888.6,892.8
Round3,Q1,2627,1313.5,EMIRATES,0.9081,23.3,319.9,37.7,20.3,1920,1080,0.037,42.2,330.1
Round3,Q1,2627,1313.5,EMIRATES,0.8909,1152.7,900.0,36.6,23.0,1920,1080,0.041,1171.0,911.5
Round3,Q1,2628,1314.0,EMIRATES,0.8798,88.6,363.7,23.1,17.5,1920,1080,0.02,100.2,372.5
Round3,Q1,2628,1314.0,EMIRATES,0.8769,1234.1,843.2,24.7,22.5,1920,1080,0.027,1246.5,854.5
Round3,Q1,2628,1314.0,EMIRATES,0.7803,1888.4,360.4,31.5,13.3,1920,1080,0.02,1904.1,367.1
Round3,Q1,2629,1314.5,CYBERCX,0.8986,694.7,392.8,176.7,50.8,1920,1080,0.433,783.0,418.2
Round3,Q1,2629,1314.5,CYBERCX,0.8915,1693.1,132.7,147.3,41.7,1920,1080,0.296,1766.7,153.6
Round3,Q1,2629,1314.5,CYBERCX,0.8879,1510.9,132.3,145.5,42.3,1920,1080,0.297,1583.6,153.5
Round3,Q1,2629,1314.5,CYBERCX,0.8877,286.7,111.8,146.9,40.6,1920,1080,0.287,360.1,132.1
Round3,Q1,2629,1314.5,CYBERCX,0.8863,1334.5,130.7,141.6,41.4,1920,1080,0.283,1405.3,151.4
Round3,Q1,2629,1314.5,CYBERCX,0.884,10.1,384.7,186.3,50.1,1920,1080,0.45,103.2,409.8
Round3,Q1,2629,1314.5,CYBERCX,0.8839,1160.2,128.4,140.9,42.1,1920,1080,0.286,1230.6,149.4
Round3,Q1,2629,1314.5,CYBERCX,0.8804,244.0,387.2,181.6,50.3,1920,1080,0.44,334.8,412.4
Round3,Q1,2629,1314.5,CYBERCX,0.8794,641.9,119.6,139.5,42.4,1920,1080,0.285,711.6,140.8
Round3,Q1,2629,1314.5,CYBERCX,0.8791,915.3,396.0,174.0,51.1,1920,1080,0.429,1002.3,421.6
Round3,Q1,2629,1314.5,CYBERCX,0.8781,813.8,124.3,140.9,40.6,1920,1080,0.276,884.3,144.6
Round3,Q1,2629,1314.5,CYBERCX,0.8765,1370.4,405.5,172.6,50.5,1920,1080,0.421,1456.7,430.8
Round3,Q1,2629,1314.5,CYBERCX,0.8757,101.2,105.7,152.2,41.2,1920,1080,0.303,177.3,126.3
Round3,Q1,2629,1314.5,CYBERCX,0.8748,466.8,115.2,142.1,41.3,1920,1080,0.283,537.9,135.9
Round3,Q1,2629,1314.5,CYBERCX,0.8748,987.2,127.0,141.0,41.1,1920,1080,0.279,1057.6,147.6
Round3,Q1,2629,1314.5,CYBERCX,0.8697,469.5,390.7,179.2,48.5,1920,1080,0.419,559.1,414.9
Round3,Q1,2629,1314.5,CYBERCX,0.8676,1820.0,417.2,100.0,52.9,1920,1080,0.255,1870.0,443.7
Round3,Q1,2629,1314.5,CYBERCX,0.8646,1590.3,412.9,178.5,50.4,1920,1080,0.434,1679.5,438.1
Round3,Q1,2629,1314.5,CYBERCX,0.8637,1134.9,401.5,186.3,47.9,1920,1080,0.43,1228.1,425.4
Round3,Q1,2629,1314.5,CYBERCX,0.7723,0.0,102.8,67.5,39.7,1920,1080,0.129,33.8,122.7
Round3,Q1,2629,1314.5,CYBERCX,0.3985,1878.6,138.8,41.4,36.7,1920,1080,0.073,1899.3,157.1
Round3,Q1,2630,1315.0,CYBERCX,0.8968,1100.2,116.2,149.6,43.7,1920,1080,0.315,1175.0,138.0
Round3,Q1,2630,1315.0,CYBERCX,0.8939,417.4,391.4,187.9,51.9,1920,1080,0.47,511.3,417.3
Round3,Q1,2630,1315.0,CYBERCX,0.893,549.5,104.6,147.4,43.9,1920,1080,0.312,623.2,126.6
Round3,Q1,2630,1315.0,CYBERCX,0.8924,1287.4,118.7,148.6,43.8,1920,1080,0.314,1361.7,140.7
Round3,Q1,2630,1315.0,CYBERCX,0.8907,918.1,111.7,145.9,45.6,1920,1080,0.321,991.1,134.5
Round3,Q1,2630,1315.0,CYBERCX,0.89,363.4,98.9,151.4,46.3,1920,1080,0.338,439.1,122.0
Round3,Q1,2630,1315.0,CYBERCX,0.8884,1601.5,417.0,189.6,56.4,1920,1080,0.516,1696.3,445.2
Round3,Q1,2630,1315.0,CYBERCX,0.8882,1473.4,119.7,147.5,45.2,1920,1080,0.322,1547.1,142.3
Round3,Q1,2630,1315.0,CYBERCX,0.882,656.6,393.6,181.0,55.1,1920,1080,0.48,747.0,421.1
Round3,Q1,2630,1315.0,CYBERCX,0.8803,735.0,109.4,145.4,44.8,1920,1080,0.314,807.7,131.7
Round3,Q1,2630,1315.0,CYBERCX,0.8797,172.2,92.7,153.3,44.7,1920,1080,0.33,248.9,115.1
Round3,Q1,2630,1315.0,CYBERCX,0.8787,1662.8,122.2,154.0,44.9,1920,1080,0.334,1739.8,144.6
Round3,Q1,2630,1315.0,CYBERCX,0.8786,887.4,399.2,182.5,52.2,1920,1080,0.459,978.7,425.3
Round3,Q1,2630,1315.0,CYBERCX,0.8753,1850.3,424.7,69.6,57.0,1920,1080,0.191,1885.1,453.2
Round3,Q1,2630,1315.0,CYBERCX,0.8718,1137.0,405.0,153.4,52.2,1920,1080,0.386,1213.7,431.0
Round3,Q1,2630,1315.0,CYBERCX,0.8712,175.7,387.4,190.6,53.1,1920,1080,0.488,271.0,413.9
Round3,Q1,2630,1315.0,CYBERCX,0.8677,0.0,86.9,131.6,44.9,1920,1080,0.285,65.8,109.4
Round3,Q1,2630,1315.0,CYBERCX,0.8636,1860.8,123.3,59.1,45.9,1920,1080,0.131,1890.4,146.3
Round3,Q1,2630,1315.0,CYBERCX,0.8581,0.0,386.1,123.2,51.5,1920,1080,0.306,61.6,411.8
Round3,Q1,2630,1315.0,CYBERCX,0.7641,1366.1,409.7,166.7,54.9,1920,1080,0.441,1449.4,437.1
Round3,Q1,2631,1315.5,CYBERCX,0.895,553.9,98.7,149.3,44.4,1920,1080,0.319,628.6,120.9
Round3,Q1,2631,1315.5,CYBERCX,0.8946,926.9,106.3,148.2,44.1,1920,1080,0.315,1001.0,128.4
Round3,Q1,2631,1315.5,CYBERCX,0.8911,1488.8,113.9,156.4,46.0,1920,1080,0.347,1567.0,136.9
Round3,Q1,2631,1315.5,CYBERCX,0.8894,1114.1,110.5,149.2,43.1,1920,1080,0.31,1188.8,132.0
Round3,Q1,2631,1315.5,CYBERCX,0.889,362.6,93.5,149.2,45.4,1920,1080,0.327,437.2,116.2
Round3,Q1,2631,1315.5,CYBERCX,0.887,471.0,388.8,184.7,53.3,1920,1080,0.474,563.3,415.4
Round3,Q1,2631,1315.5,CYBERCX,0.8811,1192.9,405.0,160.9,54.3,1920,1080,0.422,1273.4,432.2
Round3,Q1,2631,1315.5,CYBERCX,0.8807,1302.7,112.3,148.2,44.4,1920,1080,0.317,1376.8,134.5
Round3,Q1,2631,1315.5,CYBERCX,0.8793,222.0,387.4,194.8,52.1,1920,1080,0.489,319.4,413.5
Round3,Q1,2631,1315.5,CYBERCX,0.8788,708.8,394.5,181.6,53.6,1920,1080,0.47,799.6,421.4
Round3,Q1,2631,1315.5,CYBERCX,0.8776,1668.9,420.7,188.3,57.7,1920,1080,0.524,1763.1,449.5
Round3,Q1,2631,1315.5,CYBERCX,0.8769,171.3,86.5,151.2,46.8,1920,1080,0.341,246.9,109.9
Round3,Q1,2631,1315.5,CYBERCX,0.8723,1424.4,414.4,193.7,54.4,1920,1080,0.508,1521.2,441.6
Round3,Q1,2631,1315.5,CYBERCX,0.8707,959.3,399.6,182.0,52.6,1920,1080,0.462,1050.3,425.9
Round3,Q1,2631,1315.5,CYBERCX,0.8693,741.1,102.3,148.8,45.0,1920,1080,0.323,815.5,124.8
Round3,Q1,2631,1315.5,CYBERCX,0.8686,0.2,78.7,125.0,46.3,1920,1080,0.279,62.7,101.9
Round3,Q1,2631,1315.5,CYBERCX,0.8645,0.0,379.2,165.8,56.3,1920,1080,0.45,82.9,407.3
Round3,Q1,2631,1315.5,CYBERCX,0.8477,1683.7,116.8,161.6,43.6,1920,1080,0.34,1764.5,138.6
Round3,Q1,2631,1315.5,CYBERCX,0.7715,1882.6,118.7,37.4,46.3,1920,1080,0.084,1901.3,141.9
Round3,Q1,2632,1316.0,CYBERCX,0.8975,1400.8,438.0,162.2,51.3,1920,1080,0.401,1481.9,463.6
Round3,Q1,2632,1316.0,CYBERCX,0.8975,1749.5,182.1,141.3,40.6,1920,1080,0.277,1820.1,202.4
Round3,Q1,2632,1316.0,CYBERCX,0.8936,1088.5,171.9,130.9,38.6,1920,1080,0.243,1154.0,191.2
Round3,Q1,2632,1316.0,CYBERCX,0.892,98.5,146.7,134.0,40.9,1920,1080,0.264,165.5,167.2
Round3,Q1,2632,1316.0,CYBERCX,0.8905,993.4,424.2,156.3,48.3,1920,1080,0.364,1071.6,448.3
Round3,Q1,2632,1316.0,CYBERCX,0.8896,1580.8,179.2,136.0,40.7,1920,1080,0.267,1648.9,199.5
Round3,Q1,2632,1316.0,CYBERCX,0.8868,145.0,408.3,168.7,47.1,1920,1080,0.383,229.4,431.8
Round3,Q1,2632,1316.0,CYBERCX,0.8861,570.8,415.5,162.4,45.8,1920,1080,0.359,652.1,438.5
Round3,Q1,2632,1316.0,CYBERCX,0.8855,1607.6,446.9,165.8,52.9,1920,1080,0.423,1690.5,473.3
Round3,Q1,2632,1316.0,CYBERCX,0.8851,437.8,157.9,130.2,38.5,1920,1080,0.242,502.9,177.2
Round3,Q1,2632,1316.0,CYBERCX,0.8848,269.2,152.7,132.8,39.9,1920,1080,0.256,335.6,172.7
Round3,Q1,2632,1316.0,CYBERCX,0.8845,363.4,410.2,152.8,47.6,1920,1080,0.351,439.8,434.0
Round3,Q1,2632,1316.0,CYBERCX,0.881,926.4,169.0,130.4,39.3,1920,1080,0.247,991.6,188.7
Round3,Q1,2632,1316.0,CYBERCX,0.8803,1249.9,174.7,132.6,40.2,1920,1080,0.257,1316.2,194.8
Round3,Q1,2632,1316.0,CYBERCX,0.88,764.4,165.7,130.0,38.5,1920,1080,0.242,829.4,185.0
Round3,Q1,2632,1316.0,CYBERCX,0.8772,1193.0,430.3,163.1,50.3,1920,1080,0.396,1274.5,455.4
Round3,Q1,2632,1316.0,CYBERCX,0.8712,787.7,419.2,160.5,45.6,1920,1080,0.353,868.0,442.0
Round3,Q1,2632,1316.0,CYBERCX,0.8655,1414.2,177.4,131.9,39.0,1920,1080,0.248,1480.2,196.8
Round3,Q1,2632,1316.0,CYBERCX,0.8629,602.1,161.6,128.3,38.6,1920,1080,0.239,666.3,180.9
Round3,Q1,2632,1316.0,CYBERCX,0.8625,0.0,404.3,93.2,47.0,1920,1080,0.211,46.6,427.8
Round3,Q1,2632,1316.0,CYBERCX,0.8589,1812.8,460.8,107.2,50.7,1920,1080,0.262,1866.4,486.2
Round3,Q1,2632,1316.0,CYBERCX,0.8354,0.0,142.2,58.4,38.6,1920,1080,0.109,29.2,161.5
Round3,Q1,2632,1316.0,CYBERCX,0.4844,1907.7,184.9,12.1,38.0,1920,1080,0.022,1913.8,203.9
Round3,Q1,2634,1317.0,EMIRATES,0.6891,1394.5,512.5,267.9,65.8,1920,1080,0.85,1528.5,545.4
Round3,Q1,2635,1317.5,CYBERCX,0.873,1141.6,494.5,129.5,43.1,1920,1080,0.269,1206.4,516.1
Round3,Q1,2635,1317.5,CYBERCX,0.8697,647.2,468.4,138.4,39.8,1920,1080,0.265,716.4,488.2
Round3,Q1,2635,1317.5,CYBERCX,0.8673,1453.7,516.4,138.5,46.1,1920,1080,0.308,1522.9,539.5
Round3,Q1,2635,1317.5,CYBERCX,0.8634,798.6,258.2,111.1,34.4,1920,1080,0.184,854.1,275.4
Round3,Q1,2635,1317.5,CYBERCX,0.8632,390.5,246.7,114.6,33.9,1920,1080,0.187,447.8,263.6
Round3,Q1,2635,1317.5,CYBERCX,0.8623,663.9,254.8,113.4,33.9,1920,1080,0.185,720.6,271.7
Round3,Q1,2635,1317.5,CYBERCX,0.8619,1196.6,270.3,111.1,35.4,1920,1080,0.19,1252.2,288.0
Round3,Q1,2635,1317.5,CYBERCX,0.8617,979.3,485.9,132.3,42.3,1920,1080,0.27,1045.4,507.1
Round3,Q1,2635,1317.5,CYBERCX,0.8591,527.5,250.7,115.5,33.9,1920,1080,0.189,585.3,267.7
Round3,Q1,2635,1317.5,CYBERCX,0.846,1327.9,274.1,115.7,37.1,1920,1080,0.207,1385.7,292.7
Round3,Q1,2635,1317.5,CYBERCX,0.845,1462.5,277.9,116.2,38.0,1920,1080,0.213,1520.6,296.9
Round3,Q1,2635,1317.5,CYBERCX,0.8443,1064.2,266.4,111.8,35.1,1920,1080,0.189,1120.1,283.9
Round3,Q1,2635,1317.5,CYBERCX,0.8423,1734.1,287.9,122.0,36.7,1920,1080,0.216,1795.1,306.3
Round3,Q1,2635,1317.5,CYBERCX,0.8349,108.6,453.5,160.8,39.7,1920,1080,0.308,189.0,473.4
Round3,Q1,2635,1317.5,CYBERCX,0.8306,307.7,458.0,133.6,39.0,1920,1080,0.251,374.4,477.5
Round3,Q1,2635,1317.5,CYBERCX,0.8271,1623.6,532.3,126.5,43.9,1920,1080,0.268,1686.9,554.3
Round3,Q1,2635,1317.5,CYBERCX,0.823,1600.3,284.0,114.2,36.4,1920,1080,0.201,1657.5,302.2
Round3,Q1,2635,1317.5,CYBERCX,0.8207,103.6,238.1,122.3,34.1,1920,1080,0.201,164.8,255.1
Round3,Q1,2635,1317.5,CYBERCX,0.8187,929.1,262.9,114.5,35.0,1920,1080,0.193,986.4,280.4
Round3,Q1,2635,1317.5,CYBERCX,0.8121,816.0,476.6,137.8,39.8,1920,1080,0.265,884.9,496.5
Round3,Q1,2635,1317.5,CYBERCX,0.8094,0.0,452.7,73.4,38.0,1920,1080,0.134,36.7,471.7
Round3,Q1,2635,1317.5,CYBERCX,0.8,251.4,243.1,116.8,33.9,1920,1080,0.191,309.8,260.1
Round3,Q1,2635,1317.5,CYBERCX,0.7666,1298.4,505.3,119.0,42.9,1920,1080,0.246,1357.9,526.7
Round3,Q1,2635,1317.5,CYBERCX,0.7362,0.2,235.3,80.1,32.9,1920,1080,0.127,40.2,251.8
Round3,Q1,2635,1317.5,CYBERCX,0.7143,483.5,463.5,133.8,39.7,1920,1080,0.256,550.4,483.3
Round3,Q1,2635,1317.5,CYBERCX,0.6843,1779.1,544.1,133.0,48.4,1920,1080,0.31,1845.6,568.3
Round3,Q1,2635,1317.5,EMIRATES,0.3545,1875.1,504.0,24.7,55.6,1920,1080,0.066,1887.5,531.8
Round3,Q1,2635,1317.5,CYBERCX,0.3521,1880.6,292.3,39.4,39.3,1920,1080,0.075,1900.3,311.9
Round3,Q1,2636,1318.0,CYBERCX,0.8723,610.0,482.8,130.6,42.6,1920,1080,0.268,675.3,504.1
Round3,Q1,2636,1318.0,CYBERCX,0.87,256.8,465.2,146.1,42.0,1920,1080,0.296,329.9,486.2
Round3,Q1,2636,1318.0,CYBERCX,0.8666,777.3,490.1,133.2,45.7,1920,1080,0.294,843.9,512.9
Round3,Q1,2636,1318.0,CYBERCX,0.8616,1785.4,300.9,119.9,37.8,1920,1080,0.219,1845.3,319.8
Round3,Q1,2636,1318.0,CYBERCX,0.8606,1373.2,282.3,112.5,37.1,1920,1080,0.201,1429.4,300.9
Round3,Q1,2636,1318.0,CYBERCX,0.8578,697.5,257.3,116.0,35.9,1920,1080,0.201,755.5,275.3
Round3,Q1,2636,1318.0,CYBERCX,0.857,420.8,248.1,116.0,34.6,1920,1080,0.194,478.8,265.4
Round3,Q1,2636,1318.0,CYBERCX,0.8547,1581.4,554.7,136.1,52.8,1920,1080,0.346,1649.4,581.1
Round3,Q1,2636,1318.0,CYBERCX,0.8541,1105.0,271.4,113.9,37.7,1920,1080,0.207,1161.9,290.3
Round3,Q1,2636,1318.0,CYBERCX,0.8536,968.3,267.1,115.3,37.1,1920,1080,0.206,1026.0,285.6
Round3,Q1,2636,1318.0,CYBERCX,0.8495,273.9,242.7,121.5,36.5,1920,1080,0.214,334.6,261.0
Round3,Q1,2636,1318.0,CYBERCX,0.8473,0.0,232.1,100.4,35.4,1920,1080,0.171,50.2,249.8
Round3,Q1,2636,1318.0,CYBERCX,0.8472,835.2,262.7,112.2,35.8,1920,1080,0.194,891.2,280.6
Round3,Q1,2636,1318.0,CYBERCX,0.8432,125.9,237.8,125.9,35.9,1920,1080,0.218,188.9,255.8
Round3,Q1,2636,1318.0,CYBERCX,0.8428,1646.2,294.4,113.5,38.1,1920,1080,0.208,1703.0,313.4
Round3,Q1,2636,1318.0,CYBERCX,0.8375,1107.4,515.0,123.1,44.2,1920,1080,0.263,1169.0,537.1
Round3,Q1,2636,1318.0,CYBERCX,0.8347,434.9,471.8,146.2,43.9,1920,1080,0.31,508.0,493.7
Round3,Q1,2636,1318.0,CYBERCX,0.8124,938.1,501.6,133.2,43.3,1920,1080,0.278,1004.7,523.3
Round3,Q1,2636,1318.0,CYBERCX,0.8065,1238.6,278.6,110.7,35.5,1920,1080,0.189,1293.9,296.3
Round3,Q1,2636,1318.0,CYBERCX,0.8031,1261.4,525.7,122.9,45.7,1920,1080,0.271,1322.8,548.6
Round3,Q1,2636,1318.0,CYBERCX,0.8016,1515.6,289.5,109.7,35.5,1920,1080,0.188,1570.5,307.3
Round3,Q1,2636,1318.0,CYBERCX,0.7795,0.0,455.7,31.1,40.9,1920,1080,0.061,15.5,476.1
Round3,Q1,2636,1318.0,CYBERCX,0.7664,558.6,253.4,112.5,35.5,1920,1080,0.193,614.8,271.1
Round3,Q1,2636,1318.0,CYBERCX,0.7597,1745.3,573.7,125.7,53.9,1920,1080,0.327,1808.2,600.7
Round3,Q1,2636,1318.0,CYBERCX,0.6633,79.8,461.5,144.0,38.0,1920,1080,0.264,151.8,480.5
Round3,Q1,2636,1318.0,EMIRATES,0.6275,1522.7,500.5,20.5,56.2,1920,1080,0.056,1533.0,528.6
Round3,Q1,2636,1318.0,CYBERCX,0.6071,1417.6,539.3,117.5,48.8,1920,1080,0.276,1476.3,563.7
Round3,Q1,2636,1318.0,EMIRATES,0.525,1721.1,523.3,21.8,54.8,1920,1080,0.058,1732.0,550.7
Round3,Q1,2636,1318.0,EMIRATES,0.4127,1521.5,558.8,18.3,62.1,1920,1080,0.055,1530.7,589.8
Round3,Q1,2637,1318.5,CYBERCX,0.8742,547.5,220.4,118.4,39.4,1920,1080,0.225,606.7,240.2
Round3,Q1,2637,1318.5,CYBERCX,0.8729,1552.3,264.3,120.5,42.0,1920,1080,0.244,1612.6,285.3
Round3,Q1,2637,1318.5,CYBERCX,0.8717,838.0,231.6,117.5,40.5,1920,1080,0.229,896.8,251.9
Round3,Q1,2637,1318.5,CYBERCX,0.8713,484.1,465.1,144.6,49.0,1920,1080,0.342,556.4,489.6
Round3,Q1,2637,1318.5,CYBERCX,0.8703,84.4,201.3,127.5,39.3,1920,1080,0.242,148.2,220.9
Round3,Q1,2637,1318.5,CYBERCX,0.8687,658.4,476.8,135.4,49.0,1920,1080,0.32,726.1,501.2
Round3,Q1,2637,1318.5,CYBERCX,0.8674,691.7,226.2,120.2,40.5,1920,1080,0.235,751.8,246.4
Round3,Q1,2637,1318.5,CYBERCX,0.8673,102.8,445.2,157.5,47.6,1920,1080,0.362,181.5,469.0
Round3,Q1,2637,1318.5,CYBERCX,0.8667,240.6,207.5,127.6,41.2,1920,1080,0.254,304.5,228.1
Round3,Q1,2637,1318.5,CYBERCX,0.8563,1409.2,256.8,111.7,42.2,1920,1080,0.227,1465.0,277.9
Round3,Q1,2637,1318.5,CYBERCX,0.8552,1851.1,593.1,68.9,59.4,1920,1080,0.197,1885.6,622.8
Round3,Q1,2637,1318.5,CYBERCX,0.8551,981.6,237.4,116.0,41.6,1920,1080,0.233,1039.6,258.3
Round3,Q1,2637,1318.5,CYBERCX,0.8516,1006.3,502.2,127.6,49.4,1920,1080,0.304,1070.1,526.9
Round3,Q1,2637,1318.5,CYBERCX,0.845,1342.1,531.4,135.5,54.4,1920,1080,0.355,1409.9,558.6
Round3,Q1,2637,1318.5,CYBERCX,0.8398,1121.1,244.5,119.1,39.6,1920,1080,0.227,1180.7,264.3
Round3,Q1,2637,1318.5,CYBERCX,0.8368,300.2,458.7,141.6,44.9,1920,1080,0.306,371.0,481.2
Round3,Q1,2637,1318.5,CYBERCX,0.8251,1267.8,251.8,116.1,38.1,1920,1080,0.214,1325.8,270.9
Round3,Q1,2637,1318.5,CYBERCX,0.82,1700.3,271.0,117.1,42.1,1920,1080,0.238,1758.8,292.0
Round3,Q1,2637,1318.5,CYBERCX,0.8094,392.2,214.3,129.1,39.8,1920,1080,0.247,456.7,234.2
Round3,Q1,2637,1318.5,CYBERCX,0.7993,1844.4,277.9,75.6,44.9,1920,1080,0.164,1882.2,300.3
Round3,Q1,2637,1318.5,CYBERCX,0.7832,0.1,439.8,63.0,45.0,1920,1080,0.137,31.6,462.3
Round3,Q1,2637,1318.5,CYBERCX,0.7642,0.0,196.6,55.8,39.1,1920,1080,0.105,27.9,216.1
Round3,Q1,2637,1318.5,EMIRATES,0.7284,1726.3,591.4,17.2,74.9,1920,1080,0.062,1734.9,628.9
Round3,Q1,2637,1318.5,CYBERCX,0.7141,832.7,489.5,136.4,47.9,1920,1080,0.315,900.9,513.5
Round3,Q1,2637,1318.5,CYBERCX,0.6911,1515.9,550.3,123.4,56.6,1920,1080,0.337,1577.6,578.6
Round3,Q1,2637,1318.5,EMIRATES,0.6394,1729.1,528.2,18.5,60.3,1920,1080,0.054,1738.4,558.3
Round3,Q1,2637,1318.5,EMIRATES,0.6231,1294.6,475.5,17.7,57.6,1920,1080,0.049,1303.4,504.3
Round3,Q1,2637,1318.5,EMIRATES,0.619,1500.3,500.1,18.2,61.2,1920,1080,0.054,1509.4,530.7
Round3,Q1,2637,1318.5,EMIRATES,0.6012,1498.2,564.8,16.7,67.3,1920,1080,0.054,1506.6,598.5
Round3,Q1,2637,1318.5,EMIRATES,0.5042,1293.3,538.2,17.1,64.9,1920,1080,0.053,1301.9,570.7
Round3,Q1,2638,1319.0,CYBERCX,0.8883,275.2,145.3,134.3,44.6,1920,1080,0.289,342.4,167.6
Round3,Q1,2638,1319.0,CYBERCX,0.8813,1258.3,190.4,123.7,45.7,1920,1080,0.273,1320.2,213.3
Round3,Q1,2638,1319.0,CYBERCX,0.8797,442.6,153.8,134.9,43.1,1920,1080,0.281,510.0,175.4
Round3,Q1,2638,1319.0,CYBERCX,0.8792,776.5,167.5,125.5,45.2,1920,1080,0.274,839.2,190.1
Round3,Q1,2638,1319.0,CYBERCX,0.879,1417.2,198.2,128.5,45.6,1920,1080,0.282,1481.4,220.9
Round3,Q1,2638,1319.0,CYBERCX,0.8739,407.1,438.3,151.5,54.8,1920,1080,0.401,482.9,465.8
Round3,Q1,2638,1319.0,CYBERCX,0.8729,202.8,425.4,161.0,53.9,1920,1080,0.418,283.3,452.3
Round3,Q1,2638,1319.0,CYBERCX,0.8641,96.5,136.9,142.6,44.7,1920,1080,0.307,167.8,159.2
Round3,Q1,2638,1319.0,CYBERCX,0.8636,612.1,160.5,132.1,45.3,1920,1080,0.288,678.2,183.1
Round3,Q1,2638,1319.0,CYBERCX,0.8636,935.2,175.4,127.4,46.2,1920,1080,0.284,998.9,198.5
Round3,Q1,2638,1319.0,CYBERCX,0.8625,1099.0,184.0,125.5,43.2,1920,1080,0.261,1161.7,205.6
Round3,Q1,2638,1319.0,CYBERCX,0.8621,1582.2,206.1,125.5,46.3,1920,1080,0.28,1644.9,229.2
Round3,Q1,2638,1319.0,CYBERCX,0.8605,1184.0,498.3,145.9,58.7,1920,1080,0.413,1256.9,527.7
Round3,Q1,2638,1319.0,CYBERCX,0.8605,1741.9,214.4,130.1,47.4,1920,1080,0.297,1806.9,238.1
Round3,Q1,2638,1319.0,CYBERCX,0.8579,802.8,466.2,146.9,55.9,1920,1080,0.396,876.3,494.1
Round3,Q1,2638,1319.0,CYBERCX,0.8477,1747.4,566.8,152.7,64.1,1920,1080,0.472,1823.8,598.9
Round3,Q1,2638,1319.0,CYBERCX,0.8273,0.0,413.1,145.1,53.8,1920,1080,0.376,72.6,440.0
Round3,Q1,2638,1319.0,CYBERCX,0.8263,604.5,452.9,149.5,53.2,1920,1080,0.384,679.3,479.5
Round3,Q1,2638,1319.0,CYBERCX,0.7721,0.1,130.2,59.2,43.0,1920,1080,0.123,29.6,151.7
Round3,Q1,2638,1319.0,EMIRATES,0.7541,1625.9,568.4,17.0,81.3,1920,1080,0.067,1634.4,609.1
Round3,Q1,2638,1319.0,EMIRATES,0.7441,1372.7,536.5,15.4,75.0,1920,1080,0.056,1380.4,574.0
Round3,Q1,2638,1319.0,EMIRATES,0.7242,1143.4,506.9,14.9,72.5,1920,1080,0.052,1150.8,543.1
Round3,Q1,2638,1319.0,EMIRATES,0.7175,1144.8,437.2,15.4,64.1,1920,1080,0.048,1152.5,469.2
Round3,Q1,2638,1319.0,EMIRATES,0.6747,1628.4,494.8,16.5,66.8,1920,1080,0.053,1636.7,528.2
Round3,Q1,2638,1319.0,CYBERCX,0.6693,1556.7,541.7,144.2,63.0,1920,1080,0.438,1628.8,573.2
Round3,Q1,2638,1319.0,EMIRATES,0.6637,1374.7,464.3,16.5,66.1,1920,1080,0.053,1383.0,497.4
Round3,Q1,2638,1319.0,CYBERCX,0.4849,1905.9,223.5,14.1,44.6,1920,1080,0.03,1912.9,245.8
Round3,Q1,2638,1319.0,CYBERCX,0.4211,1393.4,523.4,114.5,55.4,1920,1080,0.306,1450.6,551.1
Round3,Q1,2639,1319.5,CYBERCX,0.888,749.2,152.5,130.0,46.6,1920,1080,0.292,814.2,175.8
Round3,Q1,2639,1319.5,CYBERCX,0.8833,1258.8,176.4,129.5,47.4,1920,1080,0.296,1323.6,200.1
Round3,Q1,2639,1319.5,CYBERCX,0.8803,1770.6,201.0,136.4,50.7,1920,1080,0.334,1838.8,226.4
Round3,Q1,2639,1319.5,CYBERCX,0.8776,26.1,118.3,147.3,46.0,1920,1080,0.327,99.7,141.3
Round3,Q1,2639,1319.5,CYBERCX,0.8775,1427.2,184.9,135.3,47.9,1920,1080,0.313,1494.9,208.9
Round3,Q1,2639,1319.5,CYBERCX,0.8754,1600.8,192.8,132.4,48.8,1920,1080,0.312,1667.0,217.2
Round3,Q1,2639,1319.5,CYBERCX,0.8701,395.3,136.8,138.6,46.0,1920,1080,0.308,464.7,159.8
Round3,Q1,2639,1319.5,CYBERCX,0.8685,355.0,437.7,158.4,55.5,1920,1080,0.424,434.2,465.5
Round3,Q1,2639,1319.5,CYBERCX,0.8663,916.6,160.0,135.2,47.6,1920,1080,0.31,984.2,183.7
Round3,Q1,2639,1319.5,CYBERCX,0.8661,772.4,468.3,157.4,56.5,1920,1080,0.429,851.1,496.5
Round3,Q1,2639,1319.5,CYBERCX,0.8642,216.0,129.0,141.1,44.5,1920,1080,0.303,286.6,151.2
Round3,Q1,2639,1319.5,CYBERCX,0.858,574.2,144.8,137.4,47.1,1920,1080,0.312,642.9,168.4
Round3,Q1,2639,1319.5,CYBERCX,0.8448,1570.3,547.1,156.3,65.1,1920,1080,0.491,1648.5,579.7
Round3,Q1,2639,1319.5,CYBERCX,0.8337,1775.7,575.0,143.8,65.1,1920,1080,0.452,1847.6,607.5
Round3,Q1,2639,1319.5,CYBERCX,0.8266,138.0,424.4,167.6,55.4,1920,1080,0.448,221.8,452.1
Round3,Q1,2639,1319.5,CYBERCX,0.8196,1089.5,169.2,131.7,44.5,1920,1080,0.283,1155.3,191.4
Round3,Q1,2639,1319.5,CYBERCX,0.8187,0.0,418.8,70.1,49.7,1920,1080,0.168,35.1,443.7
Round3,Q1,2639,1319.5,CYBERCX,0.8024,569.5,452.6,146.8,54.6,1920,1080,0.387,642.9,479.9
Round3,Q1,2639,1319.5,CYBERCX,0.7974,1175.5,503.6,160.8,59.5,1920,1080,0.462,1255.8,533.4
Round3,Q1,2639,1319.5,EMIRATES,0.7509,1393.1,541.6,16.3,81.6,1920,1080,0.064,1401.3,582.4
Round3,Q1,2639,1319.5,EMIRATES,0.7378,1151.4,439.5,15.6,65.5,1920,1080,0.049,1159.2,472.3
Round3,Q1,2639,1319.5,EMIRATES,0.7365,1661.2,579.2,18.2,84.6,1920,1080,0.074,1670.3,621.4
Round3,Q1,2639,1319.5,EMIRATES,0.7336,1150.1,512.8,15.6,75.8,1920,1080,0.057,1157.9,550.7
Round3,Q1,2639,1319.5,EMIRATES,0.723,1664.3,499.4,17.0,70.8,1920,1080,0.058,1672.8,534.8
Round3,Q1,2639,1319.5,EMIRATES,0.6646,1395.5,466.1,16.7,66.7,1920,1080,0.054,1403.9,499.5
Round3,Q1,2639,1319.5,CYBERCX,0.4279,973.1,483.6,145.5,62.8,1920,1080,0.441,1045.8,515.0
Round3,Q1,2639,1319.5,CYBERCX,0.3646,1407.1,533.5,114.3,51.3,1920,1080,0.283,1464.2,559.1
Round3,Q1,2640,1320.0,EMIRATES,0.6814,667.4,849.8,130.0,67.9,1920,1080,0.426,732.4,883.8
Round3,Q1,2640,1320.0,CYBERCX,0.5992,0.0,0.0,489.1,537.0,1920,1080,12.665,244.5,268.5
Round3,Q1,2640,1320.0,CYBERCX,0.4003,317.0,0.0,619.0,582.4,1920,1080,17.384,626.5,291.2
Round3,Q1,2641,1320.5,EMIRATES,0.5782,761.4,813.2,138.2,53.4,1920,1080,0.356,830.5,839.9
Round3,Q1,2641,1320.5,CYBERCX,0.3001,164.7,69.4,471.0,451.3,1920,1080,10.251,400.2,295.1
Round3,Q1,2642,1321.0,CYBERCX,0.6786,1546.2,0.0,373.8,623.9,1920,1080,11.246,1733.1,311.9
Round3,Q1,2642,1321.0,EMIRATES,0.6782,727.3,873.8,118.3,47.4,1920,1080,0.271,786.5,897.5
Round3,Q1,2643,1321.5,CYBERCX,0.6471,1369.4,3.9,467.2,676.2,1920,1080,15.235,1603.0,342.0
Round3,Q1,2643,1321.5,EMIRATES,0.5838,763.4,902.5,119.4,53.9,1920,1080,0.311,823.1,929.4
Round3,Q1,2644,1322.0,CYBERCX,0.7087,1633.9,17.9,286.1,687.3,1920,1080,9.482,1777.0,361.6
Round3,Q1,2644,1322.0,CYBERCX,0.4115,0.0,0.0,574.8,658.6,1920,1080,18.257,287.4,329.3
Round3,Q1,2645,1322.5,CYBERCX,0.3506,0.0,89.8,652.8,664.1,1920,1080,20.908,326.4,421.8
Round3,Q1,2646,1323.0,CYBERCX,0.4835,1456.8,147.6,463.2,655.4,1920,1080,14.641,1688.4,475.3
Round3,Q1,2646,1323.0,CYBERCX,0.4215,243.5,66.1,522.6,597.9,1920,1080,15.068,504.8,365.0
Round3,Q1,2646,1323.0,CYBERCX,0.3949,0.0,0.0,654.4,609.8,1920,1080,19.243,327.2,304.9
Round3,Q1,2646,1323.0,CYBERCX,0.3326,1155.3,142.0,669.6,647.3,1920,1080,20.901,1490.1,465.6
Round3,Q1,2647,1323.5,CYBERCX,0.5027,161.4,0.0,456.4,660.2,1920,1080,14.53,389.6,330.1
Round3,Q1,2647,1323.5,CYBERCX,0.3436,1217.5,23.8,702.5,685.3,1920,1080,23.218,1568.7,366.5
Round3,Q1,2648,1324.0,CYBERCX,0.425,1342.1,53.1,549.0,621.5,1920,1080,16.455,1616.6,363.9
Round3,Q1,2649,1324.5,CYBERCX,0.8321,741.8,312.1,29.1,12.0,1920,1080,0.017,756.3,318.1
Round3,Q1,2649,1324.5,CYBERCX,0.8265,1395.7,367.8,38.8,19.5,1920,1080,0.036,1415.2,377.5
Round3,Q1,2649,1324.5,CYBERCX,0.8122,874.9,317.3,30.7,12.5,1920,1080,0.018,890.3,323.5
Round3,Q1,2649,1324.5,CYBERCX,0.8113,1440.6,373.8,39.4,21.6,1920,1080,0.041,1460.3,384.6
Round3,Q1,2649,1324.5,CYBERCX,0.8062,708.3,310.8,29.6,12.1,1920,1080,0.017,723.1,316.8
Round3,Q1,2649,1324.5,CYBERCX,0.8054,943.5,320.7,29.4,12.9,1920,1080,0.018,958.2,327.2
Round3,Q1,2649,1324.5,CYBERCX,0.7908,1487.5,382.0,41.1,22.7,1920,1080,0.045,1508.1,393.4
Round3,Q1,2649,1324.5,CYBERCX,0.7866,841.8,316.7,29.0,11.5,1920,1080,0.016,856.3,322.5
Round3,Q1,2649,1324.5,CYBERCX,0.7835,909.3,318.6,29.6,12.7,1920,1080,0.018,924.1,324.9
Round3,Q1,2649,1324.5,CYBERCX,0.7772,320.0,312.4,35.4,12.2,1920,1080,0.021,337.7,318.5
Round3,Q1,2649,1324.5,CYBERCX,0.767,529.1,308.8,31.4,12.2,1920,1080,0.018,544.8,314.9
Round3,Q1,2649,1324.5,CYBERCX,0.7622,277.0,313.3,37.2,12.6,1920,1080,0.023,295.6,319.6
Round3,Q1,2649,1324.5,CYBERCX,0.7553,1119.0,333.5,32.8,15.1,1920,1080,0.024,1135.5,341.1
Round3,Q1,2649,1324.5,CYBERCX,0.7368,774.9,313.5,26.4,11.5,1920,1080,0.015,788.1,319.2
Round3,Q1,2649,1324.5,CYBERCX,0.7363,1533.7,391.5,46.9,25.1,1920,1080,0.057,1557.2,404.1
Round3,Q1,2649,1324.5,CYBERCX,0.7311,807.5,315.1,30.2,11.1,1920,1080,0.016,822.6,320.7
Round3,Q1,2649,1324.5,CYBERCX,0.7303,638.3,309.9,32.4,11.0,1920,1080,0.017,654.5,315.4
Round3,Q1,2649,1324.5,CYBERCX,0.7257,1232.5,345.4,34.3,16.7,1920,1080,0.028,1249.7,353.8
Round3,Q1,2649,1324.5,CYBERCX,0.7255,1156.7,337.6,31.5,14.7,1920,1080,0.022,1172.5,345.0
Round3,Q1,2649,1324.5,CYBERCX,0.7237,96.2,319.1,43.2,13.5,1920,1080,0.028,117.8,325.8
Round3,Q1,2649,1324.5,CYBERCX,0.7223,361.7,310.9,36.6,12.9,1920,1080,0.023,380.0,317.3
Round3,Q1,2649,1324.5,CYBERCX,0.7182,1731.5,447.4,45.0,33.0,1920,1080,0.072,1754.0,463.9
Round3,Q1,2649,1324.5,CYBERCX,0.7144,1311.1,355.4,36.0,18.1,1920,1080,0.031,1329.1,364.5
Round3,Q1,2649,1324.5,CYBERCX,0.7095,1413.1,265.4,30.4,14.6,1920,1080,0.021,1428.3,272.6
Round3,Q1,2649,1324.5,CYBERCX,0.6989,488.1,309.7,35.9,11.3,1920,1080,0.02,506.0,315.3
Round3,Q1,2649,1324.5,CYBERCX,0.6975,233.7,315.0,37.4,11.8,1920,1080,0.021,252.3,320.9
Round3,Q1,2649,1324.5,CYBERCX,0.6797,1449.1,266.2,30.1,15.2,1920,1080,0.022,1464.1,273.8
Round3,Q1,2649,1324.5,CYBERCX,0.6754,1862.4,276.9,45.9,25.6,1920,1080,0.057,1885.3,289.7
Round3,Q1,2649,1324.5,CYBERCX,0.6727,1518.8,268.6,32.6,16.5,1920,1080,0.026,1535.1,276.9
Round3,Q1,2649,1324.5,CYBERCX,0.6706,1380.4,264.8,27.5,13.6,1920,1080,0.018,1394.1,271.6
Round3,Q1,2649,1324.5,CYBERCX,0.6634,675.2,310.1,29.6,11.5,1920,1080,0.016,690.0,315.8
Round3,Q1,2649,1324.5,CYBERCX,0.6564,1353.8,361.7,35.9,17.4,1920,1080,0.03,1371.8,370.4
Round3,Q1,2649,1324.5,CYBERCX,0.6406,1347.7,263.7,27.6,14.5,1920,1080,0.019,1361.5,270.9
Round3,Q1,2649,1324.5,CYBERCX,0.6315,603.0,309.2,30.7,11.3,1920,1080,0.017,618.4,314.9
Round3,Q1,2649,1324.5,CYBERCX,0.6311,1676.3,273.7,36.4,18.7,1920,1080,0.033,1694.5,283.1
Round3,Q1,2649,1324.5,CYBERCX,0.6222,1483.7,266.8,29.9,15.7,1920,1080,0.023,1498.6,274.7
Round3,Q1,2649,1324.5,CYBERCX,0.6145,1589.9,404.9,43.0,23.4,1920,1080,0.048,1611.4,416.5
Round3,Q1,2649,1324.5,CYBERCX,0.6136,1314.4,262.9,28.0,13.3,1920,1080,0.018,1328.3,269.6
Round3,Q1,2649,1324.5,CYBERCX,0.6133,1558.0,269.1,31.9,17.2,1920,1080,0.026,1573.9,277.7
Round3,Q1,2649,1324.5,CYBERCX,0.5995,144.2,317.7,38.1,12.1,1920,1080,0.022,163.3,323.7
Round3,Q1,2649,1324.5,CYBERCX,0.5958,1048.0,327.9,31.2,13.4,1920,1080,0.02,1063.6,334.6
Round3,Q1,2649,1324.5,CYBERCX,0.5947,977.3,323.1,30.5,12.7,1920,1080,0.019,992.5,329.5
Round3,Q1,2649,1324.5,CYBERCX,0.5945,1594.3,269.8,32.6,18.3,1920,1080,0.029,1610.6,278.9
Round3,Q1,2649,1324.5,CYBERCX,0.58,1282.5,262.4,26.5,12.7,1920,1080,0.016,1295.7,268.8
Round3,Q1,2649,1324.5,CYBERCX,0.5799,1250.4,261.4,27.4,12.3,1920,1080,0.016,1264.1,267.5
Round3,Q1,2649,1324.5,CYBERCX,0.5714,1219.0,261.1,26.4,11.7,1920,1080,0.015,1232.1,267.0
Round3,Q1,2649,1324.5,CYBERCX,0.5599,565.3,309.0,32.4,11.8,1920,1080,0.018,581.5,314.9
Round3,Q1,2649,1324.5,CYBERCX,0.5426,1633.3,271.7,35.0,18.7,1920,1080,0.032,1650.8,281.0
Round3,Q1,2649,1324.5,CYBERCX,0.5244,1762.2,275.0,41.9,21.4,1920,1080,0.043,1783.2,285.8
Round3,Q1,2649,1324.5,CYBERCX,0.5188,188.7,316.7,36.5,11.9,1920,1080,0.021,206.9,322.7
Round3,Q1,2649,1324.5,CYBERCX,0.4843,1136.0,259.3,27.5,12.5,1920,1080,0.017,1149.8,265.6
Round3,Q1,2649,1324.5,CYBERCX,0.4825,1718.0,273.9,36.6,20.0,1920,1080,0.035,1736.2,283.9
Round3,Q1,2649,1324.5,CYBERCX,0.4808,48.2,320.5,40.3,13.1,1920,1080,0.026,68.4,327.0
Round3,Q1,2649,1324.5,CYBERCX,0.413,1084.4,330.5,29.2,13.8,1920,1080,0.019,1099.0,337.4
Round3,Q1,2649,1324.5,CYBERCX,0.3902,404.7,310.7,35.5,12.3,1920,1080,0.021,422.4,316.8
Round3,Q1,2649,1324.5,CYBERCX,0.3885,1187.3,259.8,25.8,12.3,1920,1080,0.015,1200.2,266.0
Round3,Q1,2649,1324.5,CYBERCX,0.3872,1812.4,276.0,43.2,23.3,1920,1080,0.048,1834.0,287.6
Round3,Q1,2649,1324.5,CYBERCX,0.341,0.5,322.2,37.9,12.7,1920,1080,0.023,19.4,328.6
Round3,Q1,2650,1325.0,CYBERCX,0.838,1289.7,358.4,36.5,18.2,1920,1080,0.032,1307.9,367.5
Round3,Q1,2650,1325.0,CYBERCX,0.8275,1464.5,384.4,41.3,23.8,1920,1080,0.047,1485.1,396.3
Round3,Q1,2650,1325.0,CYBERCX,0.8251,297.6,318.1,35.7,12.1,1920,1080,0.021,315.5,324.1
Round3,Q1,2650,1325.0,CYBERCX,0.806,853.5,321.1,31.8,13.0,1920,1080,0.02,869.4,327.6
Round3,Q1,2650,1325.0,CYBERCX,0.8048,922.2,324.9,30.4,13.1,1920,1080,0.019,937.5,331.4
Round3,Q1,2650,1325.0,CYBERCX,0.8033,1417.6,377.2,39.8,21.6,1920,1080,0.041,1437.5,388.0
Round3,Q1,2650,1325.0,CYBERCX,0.8025,581.1,314.0,30.9,11.4,1920,1080,0.017,596.5,319.7
Round3,Q1,2650,1325.0,CYBERCX,0.8017,1099.1,337.4,32.1,14.9,1920,1080,0.023,1115.1,344.9
Round3,Q1,2650,1325.0,CYBERCX,0.8008,1210.6,348.9,35.3,16.5,1920,1080,0.028,1228.3,357.1
Round3,Q1,2650,1325.0,CYBERCX,0.7932,754.3,317.8,29.6,12.3,1920,1080,0.018,769.1,324.0
Round3,Q1,2650,1325.0,CYBERCX,0.7815,721.4,316.6,29.2,11.9,1920,1080,0.017,736.0,322.5
Round3,Q1,2650,1325.0,CYBERCX,0.7814,507.2,314.0,31.8,11.6,1920,1080,0.018,523.1,319.8
Round3,Q1,2650,1325.0,CYBERCX,0.7809,253.9,318.9,37.1,12.0,1920,1080,0.021,272.5,324.9
Round3,Q1,2650,1325.0,CYBERCX,0.7795,1496.6,272.5,31.5,15.8,1920,1080,0.024,1512.4,280.3
Round3,Q1,2650,1325.0,CYBERCX,0.7737,1373.6,370.8,38.8,18.9,1920,1080,0.035,1393.0,380.3
Round3,Q1,2650,1325.0,CYBERCX,0.7723,1651.6,276.3,36.5,19.3,1920,1080,0.034,1669.8,286.0
Round3,Q1,2650,1325.0,CYBERCX,0.7676,1887.7,281.7,32.2,27.9,1920,1080,0.043,1903.8,295.7
Round3,Q1,2650,1325.0,CYBERCX,0.7675,687.7,315.5,30.2,11.7,1920,1080,0.017,702.7,321.4
Round3,Q1,2650,1325.0,CYBERCX,0.7664,1510.9,394.4,45.6,23.9,1920,1080,0.053,1533.8,406.3
Round3,Q1,2650,1325.0,CYBERCX,0.7624,655.0,314.9,28.6,11.3,1920,1080,0.016,669.3,320.5
Round3,Q1,2650,1325.0,CYBERCX,0.7622,888.5,322.9,30.7,13.0,1920,1080,0.019,903.8,329.4
Round3,Q1,2650,1325.0,CYBERCX,0.7582,1706.2,448.1,45.9,33.4,1920,1080,0.074,1729.1,464.9
Round3,Q1,2650,1325.0,CYBERCX,0.7509,1534.3,273.3,32.0,16.6,1920,1080,0.026,1550.3,281.6
Round3,Q1,2650,1325.0,CYBERCX,0.7508,1426.7,270.1,30.5,15.2,1920,1080,0.022,1442.0,277.7
Round3,Q1,2650,1325.0,CYBERCX,0.7502,1735.8,279.4,41.4,20.8,1920,1080,0.042,1756.5,289.8
Round3,Q1,2650,1325.0,CYBERCX,0.7437,821.2,320.2,29.6,12.4,1920,1080,0.018,836.0,326.4
Round3,Q1,2650,1325.0,CYBERCX,0.7375,1326.1,267.1,28.1,14.4,1920,1080,0.019,1340.2,274.3
Round3,Q1,2650,1325.0,CYBERCX,0.729,340.0,316.6,36.3,12.2,1920,1080,0.021,358.2,322.7
Round3,Q1,2650,1325.0,CYBERCX,0.7242,1292.6,266.5,28.4,13.8,1920,1080,0.019,1306.8,273.4
Round3,Q1,2650,1325.0,CYBERCX,0.7239,1461.7,270.1,29.8,16.6,1920,1080,0.024,1476.6,278.4
Round3,Q1,2650,1325.0,CYBERCX,0.7204,119.4,322.9,38.1,12.2,1920,1080,0.022,138.5,328.9
Round3,Q1,2650,1325.0,CYBERCX,0.7201,1359.0,267.9,28.1,14.6,1920,1080,0.02,1373.1,275.1
Round3,Q1,2650,1325.0,CYBERCX,0.7126,1608.4,275.3,36.4,18.6,1920,1080,0.033,1626.6,284.6
Round3,Q1,2650,1325.0,CYBERCX,0.7028,70.9,324.0,41.2,13.2,1920,1080,0.026,91.6,330.6
Round3,Q1,2650,1325.0,CYBERCX,0.6903,1693.2,277.2,36.1,20.8,1920,1080,0.036,1711.2,287.6
Round3,Q1,2650,1325.0,CYBERCX,0.6818,1114.7,263.2,28.6,12.3,1920,1080,0.017,1129.0,269.3
Round3,Q1,2650,1325.0,CYBERCX,0.6815,1261.2,265.9,26.7,13.0,1920,1080,0.017,1274.6,272.4
Round3,Q1,2650,1325.0,CYBERCX,0.6747,1834.6,280.6,43.1,24.6,1920,1080,0.051,1856.1,292.9
Round3,Q1,2650,1325.0,CYBERCX,0.6645,382.0,315.9,33.5,11.8,1920,1080,0.019,398.8,321.8
Round3,Q1,2650,1325.0,CYBERCX,0.6632,165.1,321.2,37.5,12.2,1920,1080,0.022,183.9,327.4
Round3,Q1,2650,1325.0,CYBERCX,0.6329,543.8,314.2,30.6,11.6,1920,1080,0.017,559.1,320.0
Round3,Q1,2650,1325.0,CYBERCX,0.6025,787.7,319.1,28.3,12.0,1920,1080,0.016,801.9,325.1
Round3,Q1,2650,1325.0,CYBERCX,0.5801,1331.7,363.6,34.3,18.2,1920,1080,0.03,1348.9,372.7
Round3,Q1,2650,1325.0,CYBERCX,0.5645,465.6,314.1,36.4,12.1,1920,1080,0.021,483.8,320.1
Round3,Q1,2650,1325.0,CYBERCX,0.5623,210.0,320.0,35.2,11.6,1920,1080,0.02,227.6,325.8
Round3,Q1,2650,1325.0,CYBERCX,0.5599,1198.3,264.6,26.9,12.3,1920,1080,0.016,1211.7,270.8
Round3,Q1,2650,1325.0,CYBERCX,0.5573,957.6,327.3,29.4,13.1,1920,1080,0.019,972.3,333.8
Round3,Q1,2650,1325.0,CYBERCX,0.5187,1063.2,334.0,29.1,14.4,1920,1080,0.02,1077.8,341.2
Round3,Q1,2650,1325.0,CYBERCX,0.5031,1166.2,264.1,27.5,12.8,1920,1080,0.017,1179.9,270.5
Round3,Q1,2650,1325.0,CYBERCX,0.4865,1564.1,404.2,42.2,24.9,1920,1080,0.051,1585.2,416.6
Round3,Q1,2650,1325.0,CYBERCX,0.4246,1085.0,263.3,24.7,11.0,1920,1080,0.013,1097.3,268.9
Round3,Q1,2650,1325.0,CYBERCX,0.4197,1391.4,269.0,28.9,15.1,1920,1080,0.021,1405.8,276.5
Round3,Q1,2650,1325.0,CYBERCX,0.3587,1814.8,76.8,36.3,18.3,1920,1080,0.032,1832.9,86.0
Round3,Q1,2650,1325.0,CYBERCX,0.351,1786.0,280.3,40.4,22.5,1920,1080,0.044,1806.3,291.6
Round3,Q1,2650,1325.0,CYBERCX,0.3505,617.5,314.6,29.5,11.1,1920,1080,0.016,632.2,320.1
Round3,Q1,2650,1325.0,CYBERCX,0.3501,1229.8,265.3,26.0,13.0,1920,1080,0.016,1242.8,271.7
Round3,Q1,2650,1325.0,CYBERCX,0.346,1774.6,85.6,34.2,16.8,1920,1080,0.028,1791.7,94.0
Round3,Q1,2650,1325.0,CYBERCX,0.3265,1026.7,331.8,31.1,13.9,1920,1080,0.021,1042.3,338.7
Round3,Q1,2650,1325.0,CYBERCX,0.3179,1904.0,61.2,16.0,17.1,1920,1080,0.013,1912.0,69.8
Round3,Q1,2651,1325.5,CYBERCX,0.8277,489.4,324.1,31.9,11.6,1920,1080,0.018,505.3,329.9
Round3,Q1,2651,1325.5,CYBERCX,0.8246,1446.7,393.2,42.1,22.2,1920,1080,0.045,1467.7,404.4
Round3,Q1,2651,1325.5,CYBERCX,0.82,872.8,331.7,28.8,12.8,1920,1080,0.018,887.2,338.1
Round3,Q1,2651,1325.5,CYBERCX,0.8171,906.7,333.3,29.4,13.2,1920,1080,0.019,921.4,339.9
Round3,Q1,2651,1325.5,CYBERCX,0.8154,704.0,326.6,29.3,11.1,1920,1080,0.016,718.7,332.2
Round3,Q1,2651,1325.5,CYBERCX,0.8131,1272.6,367.6,36.6,18.1,1920,1080,0.032,1290.9,376.6
Round3,Q1,2651,1325.5,CYBERCX,0.8072,276.8,327.1,37.5,11.8,1920,1080,0.021,295.5,333.0
Round3,Q1,2651,1325.5,CYBERCX,0.8065,564.1,324.5,30.3,10.9,1920,1080,0.016,579.3,329.9
Round3,Q1,2651,1325.5,CYBERCX,0.806,1401.0,385.4,38.8,20.6,1920,1080,0.039,1420.4,395.7
Round3,Q1,2651,1325.5,CYBERCX,0.8003,838.2,330.7,30.2,12.6,1920,1080,0.018,853.3,337.0
Round3,Q1,2651,1325.5,CYBERCX,0.8,526.5,324.3,31.8,11.6,1920,1080,0.018,542.4,330.1
Round3,Q1,2651,1325.5,CYBERCX,0.7987,1866.1,290.5,51.1,25.4,1920,1080,0.063,1891.6,303.2
Round3,Q1,2651,1325.5,CYBERCX,0.7985,320.2,326.1,35.4,11.9,1920,1080,0.02,337.9,332.1
Round3,Q1,2651,1325.5,CYBERCX,0.779,1674.9,286.8,35.7,19.1,1920,1080,0.033,1692.7,296.3
Round3,Q1,2651,1325.5,CYBERCX,0.7733,670.5,325.2,29.2,11.7,1920,1080,0.016,685.1,331.1
Round3,Q1,2651,1325.5,CYBERCX,0.7708,189.4,329.6,37.0,12.1,1920,1080,0.022,207.9,335.6
Round3,Q1,2651,1325.5,CYBERCX,0.7649,95.3,331.8,41.5,12.8,1920,1080,0.026,116.0,338.2
Round3,Q1,2651,1325.5,CYBERCX,0.7631,804.3,329.8,29.9,12.1,1920,1080,0.017,819.2,335.9
Round3,Q1,2651,1325.5,CYBERCX,0.7625,1356.6,379.4,38.3,18.7,1920,1080,0.034,1375.7,388.7
Round3,Q1,2651,1325.5,CYBERCX,0.7613,1717.5,287.3,40.3,21.0,1920,1080,0.041,1737.6,297.8
Round3,Q1,2651,1325.5,CYBERCX,0.7567,1315.1,372.6,35.2,18.2,1920,1080,0.031,1332.7,381.7
Round3,Q1,2651,1325.5,CYBERCX,0.756,1194.9,357.7,33.7,16.1,1920,1080,0.026,1211.7,365.8
Round3,Q1,2651,1325.5,CYBERCX,0.7539,1546.4,412.3,46.4,26.8,1920,1080,0.06,1569.6,425.8
Round3,Q1,2651,1325.5,CYBERCX,0.7529,1082.5,346.3,32.2,14.6,1920,1080,0.023,1098.6,353.6
Round3,Q1,2651,1325.5,CYBERCX,0.7469,1632.9,285.5,36.4,19.4,1920,1080,0.034,1651.1,295.2
Round3,Q1,2651,1325.5,CYBERCX,0.7438,1213.5,274.8,27.6,12.1,1920,1080,0.016,1227.3,280.9
Round3,Q1,2651,1325.5,CYBERCX,0.7429,1309.3,276.8,29.2,13.8,1920,1080,0.019,1323.9,283.7
Round3,Q1,2651,1325.5,CYBERCX,0.7385,770.6,328.7,30.2,11.5,1920,1080,0.017,785.7,334.5
Round3,Q1,2651,1325.5,CYBERCX,0.7315,1688.9,453.4,44.2,34.9,1920,1080,0.074,1711.0,470.9
Round3,Q1,2651,1325.5,CYBERCX,0.7285,1516.9,282.4,32.7,15.9,1920,1080,0.025,1533.3,290.4
Round3,Q1,2651,1325.5,CYBERCX,0.7282,1765.6,288.7,43.6,22.3,1920,1080,0.047,1787.4,299.8
Round3,Q1,2651,1325.5,CYBERCX,0.7263,1479.4,281.0,31.5,15.4,1920,1080,0.023,1495.2,288.7
Round3,Q1,2651,1325.5,CYBERCX,0.7258,1375.3,277.8,29.7,14.8,1920,1080,0.021,1390.2,285.2
Round3,Q1,2651,1325.5,CYBERCX,0.7155,1182.1,273.9,26.2,11.8,1920,1080,0.015,1195.1,279.8
Round3,Q1,2651,1325.5,CYBERCX,0.7131,1119.5,350.1,31.5,14.2,1920,1080,0.022,1135.3,357.2
Round3,Q1,2651,1325.5,CYBERCX,0.7118,1554.5,282.5,31.3,17.8,1920,1080,0.027,1570.1,291.4
Round3,Q1,2651,1325.5,CYBERCX,0.7101,363.2,325.9,34.2,11.6,1920,1080,0.019,380.3,331.7
Round3,Q1,2651,1325.5,CYBERCX,0.7077,941.5,336.2,28.6,13.2,1920,1080,0.018,955.8,342.8
Round3,Q1,2651,1325.5,CYBERCX,0.7042,599.8,324.3,31.1,11.3,1920,1080,0.017,615.4,330.0
Round3,Q1,2651,1325.5,CYBERCX,0.6924,144.0,330.6,35.2,12.0,1920,1080,0.02,161.6,336.6
Round3,Q1,2651,1325.5,CYBERCX,0.6868,48.7,333.4,40.0,12.9,1920,1080,0.025,68.7,339.8
Round3,Q1,2651,1325.5,CYBERCX,0.6835,737.2,327.2,29.3,11.5,1920,1080,0.016,751.9,333.0
Round3,Q1,2651,1325.5,CYBERCX,0.6803,233.3,328.1,37.7,11.9,1920,1080,0.022,252.1,334.1
Round3,Q1,2651,1325.5,CYBERCX,0.6668,1410.0,278.9,30.1,15.2,1920,1080,0.022,1425.1,286.4
Round3,Q1,2651,1325.5,CYBERCX,0.6612,1342.2,277.0,28.1,13.8,1920,1080,0.019,1356.3,283.9
Round3,Q1,2651,1325.5,CYBERCX,0.6575,1445.0,279.6,29.2,14.9,1920,1080,0.021,1459.6,287.1
Round3,Q1,2651,1325.5,CYBERCX,0.6392,1498.6,404.3,38.9,21.7,1920,1080,0.041,1518.0,415.2
Round3,Q1,2651,1325.5,CYBERCX,0.6366,1276.3,275.6,28.0,13.3,1920,1080,0.018,1290.3,282.2
Round3,Q1,2651,1325.5,CYBERCX,0.6292,1591.5,284.0,34.8,18.3,1920,1080,0.031,1608.9,293.2
Round3,Q1,2651,1325.5,CYBERCX,0.6049,1150.5,273.1,25.9,12.6,1920,1080,0.016,1163.5,279.4
Round3,Q1,2651,1325.5,CYBERCX,0.5881,1245.2,275.0,26.5,12.8,1920,1080,0.016,1258.4,281.4
Round3,Q1,2651,1325.5,CYBERCX,0.5833,1815.0,289.6,41.8,23.2,1920,1080,0.047,1835.9,301.2
Round3,Q1,2651,1325.5,CYBERCX,0.5664,1047.2,343.2,31.5,14.3,1920,1080,0.022,1062.9,350.4
Round3,Q1,2651,1325.5,CYBERCX,0.5622,1009.8,341.0,33.2,13.8,1920,1080,0.022,1026.4,347.9
Round3,Q1,2651,1325.5,CYBERCX,0.5404,1098.7,271.5,29.7,13.4,1920,1080,0.019,1113.6,278.2
Round3,Q1,2651,1325.5,CYBERCX,0.4986,1738.3,472.4,37.2,37.8,1920,1080,0.068,1756.9,491.3
Round3,Q1,2651,1325.5,CYBERCX,0.4624,637.1,324.9,29.4,11.1,1920,1080,0.016,651.8,330.4
Round3,Q1,2651,1325.5,CYBERCX,0.3966,1039.7,272.0,24.9,11.4,1920,1080,0.014,1052.2,277.8
Round3,Q1,2651,1325.5,CYBERCX,0.3497,1069.4,272.1,25.0,11.6,1920,1080,0.014,1081.9,277.9
Round3,Q1,2651,1325.5,CYBERCX,0.3496,1881.2,69.6,37.7,18.3,1920,1080,0.033,1900.1,78.7
Round3,Q1,2651,1325.5,CYBERCX,0.3465,446.4,324.2,36.9,11.8,1920,1080,0.021,464.8,330.1
Round3,Q1,2651,1325.5,CYBERCX,0.3103,1008.4,271.7,27.0,11.8,1920,1080,0.015,1021.8,277.6
Round3,Q1,2652,1326.0,CYBERCX,0.8526,545.9,337.9,33.0,11.8,1920,1080,0.019,562.4,343.8
Round3,Q1,2652,1326.0,CYBERCX,0.8481,1265.5,380.4,36.2,18.2,1920,1080,0.032,1283.6,389.5
Round3,Q1,2652,1326.0,CYBERCX,0.8444,825.1,344.5,29.5,12.6,1920,1080,0.018,839.9,350.8
Round3,Q1,2652,1326.0,CYBERCX,0.844,298.4,339.7,35.4,12.0,1920,1080,0.021,316.1,345.7
Round3,Q1,2652,1326.0,CYBERCX,0.8381,164.1,342.5,38.1,12.2,1920,1080,0.022,183.2,348.6
Round3,Q1,2652,1326.0,CYBERCX,0.8367,655.1,339.2,29.2,10.8,1920,1080,0.015,669.7,344.6
Round3,Q1,2652,1326.0,CYBERCX,0.8316,470.7,337.5,32.5,12.0,1920,1080,0.019,486.9,343.5
Round3,Q1,2652,1326.0,CYBERCX,0.8315,689.1,339.9,28.7,11.0,1920,1080,0.015,703.5,345.4
Round3,Q1,2652,1326.0,CYBERCX,0.8298,859.4,345.9,29.8,12.5,1920,1080,0.018,874.2,352.2
Round3,Q1,2652,1326.0,CYBERCX,0.8284,1439.5,406.1,43.1,22.5,1920,1080,0.047,1461.0,417.3
Round3,Q1,2652,1326.0,CYBERCX,0.8274,1393.8,398.4,39.0,20.8,1920,1080,0.039,1413.3,408.8
Round3,Q1,2652,1326.0,CYBERCX,0.8232,584.0,337.8,31.6,11.7,1920,1080,0.018,599.8,343.7
Round3,Q1,2652,1326.0,CYBERCX,0.8215,508.3,337.6,29.6,11.7,1920,1080,0.017,523.1,343.4
Round3,Q1,2652,1326.0,CYBERCX,0.816,1307.2,385.6,36.0,18.9,1920,1080,0.033,1325.2,395.1
Round3,Q1,2652,1326.0,CYBERCX,0.8119,210.0,341.5,35.7,11.9,1920,1080,0.02,227.8,347.5
Round3,Q1,2652,1326.0,CYBERCX,0.8106,254.5,340.4,37.4,12.1,1920,1080,0.022,273.2,346.4
Round3,Q1,2652,1326.0,CYBERCX,0.8049,1539.8,425.7,47.6,26.4,1920,1080,0.06,1563.6,438.9
Round3,Q1,2652,1326.0,CYBERCX,0.8016,893.7,348.0,29.9,12.4,1920,1080,0.018,908.7,354.2
Round3,Q1,2652,1326.0,CYBERCX,0.7986,722.3,340.9,30.2,11.7,1920,1080,0.017,737.4,346.7
Round3,Q1,2652,1326.0,CYBERCX,0.7928,1511.3,294.6,33.3,16.1,1920,1080,0.026,1527.9,302.6
Round3,Q1,2652,1326.0,CYBERCX,0.78,341.8,340.0,34.8,10.7,1920,1080,0.018,359.2,345.4
Round3,Q1,2652,1326.0,CYBERCX,0.7785,1072.3,360.0,32.2,14.6,1920,1080,0.023,1088.4,367.3
Round3,Q1,2652,1326.0,CYBERCX,0.7776,1628.1,297.5,37.7,18.6,1920,1080,0.034,1646.9,306.8
Round3,Q1,2652,1326.0,CYBERCX,0.7772,1184.9,370.9,34.5,16.5,1920,1080,0.027,1202.1,379.1
Round3,Q1,2652,1326.0,CYBERCX,0.7761,1473.7,293.0,31.5,16.1,1920,1080,0.025,1489.5,301.1
Round3,Q1,2652,1326.0,CYBERCX,0.7759,1761.6,300.3,43.3,22.3,1920,1080,0.046,1783.2,311.4
Round3,Q1,2652,1326.0,CYBERCX,0.7742,1863.3,302.5,49.7,24.9,1920,1080,0.06,1888.1,314.9
Round3,Q1,2652,1326.0,CYBERCX,0.7721,1549.1,295.0,31.9,16.8,1920,1080,0.026,1565.0,303.4
Round3,Q1,2652,1326.0,CYBERCX,0.7678,1109.6,363.6,31.8,14.6,1920,1080,0.022,1125.5,370.9
Round3,Q1,2652,1326.0,CYBERCX,0.7672,68.8,345.3,41.0,12.9,1920,1080,0.026,89.3,351.7
Round3,Q1,2652,1326.0,CYBERCX,0.7667,1368.2,290.6,29.8,14.3,1920,1080,0.02,1383.1,297.7
Round3,Q1,2652,1326.0,CYBERCX,0.7655,1713.5,299.3,40.0,21.1,1920,1080,0.041,1733.5,309.8
Round3,Q1,2652,1326.0,CYBERCX,0.7498,928.6,350.5,30.2,12.6,1920,1080,0.018,943.7,356.8
Round3,Q1,2652,1326.0,CYBERCX,0.7425,756.9,341.9,29.6,12.2,1920,1080,0.017,771.7,348.0
Round3,Q1,2652,1326.0,CYBERCX,0.7422,621.3,338.7,29.1,10.8,1920,1080,0.015,635.8,344.1
Round3,Q1,2652,1326.0,CYBERCX,0.741,1671.2,298.3,34.8,19.4,1920,1080,0.033,1688.6,308.0
Round3,Q1,2652,1326.0,CYBERCX,0.7363,19.2,346.8,42.1,12.7,1920,1080,0.026,40.2,353.2
Round3,Q1,2652,1326.0,CYBERCX,0.7339,1686.6,466.8,42.7,34.5,1920,1080,0.071,1707.9,484.0
Round3,Q1,2652,1326.0,CYBERCX,0.729,1438.4,291.8,30.1,15.2,1920,1080,0.022,1453.5,299.4
Round3,Q1,2652,1326.0,CYBERCX,0.728,1335.3,289.8,27.9,13.4,1920,1080,0.018,1349.3,296.5
Round3,Q1,2652,1326.0,CYBERCX,0.7207,1268.4,288.3,28.4,13.6,1920,1080,0.019,1282.6,295.1
Round3,Q1,2652,1326.0,CYBERCX,0.7153,1302.1,288.9,28.1,13.6,1920,1080,0.018,1316.2,295.7
Round3,Q1,2652,1326.0,CYBERCX,0.703,1173.0,287.4,26.3,11.4,1920,1080,0.014,1186.1,293.1
Round3,Q1,2652,1326.0,CYBERCX,0.7004,1205.2,287.7,27.0,12.0,1920,1080,0.016,1218.7,293.7
Round3,Q1,2652,1326.0,CYBERCX,0.6639,1089.5,285.4,28.0,12.3,1920,1080,0.017,1103.5,291.6
Round3,Q1,2652,1326.0,CYBERCX,0.6609,1490.5,416.3,41.3,23.8,1920,1080,0.047,1511.1,428.2
Round3,Q1,2652,1326.0,CYBERCX,0.6409,1142.0,286.5,26.0,11.9,1920,1080,0.015,1155.0,292.5
Round3,Q1,2652,1326.0,CYBERCX,0.6052,1403.5,291.5,29.3,14.4,1920,1080,0.02,1418.2,298.7
Round3,Q1,2652,1326.0,CYBERCX,0.6037,790.0,343.4,29.5,12.1,1920,1080,0.017,804.8,349.4
Round3,Q1,2652,1326.0,CYBERCX,0.6005,116.7,344.1,38.4,12.1,1920,1080,0.022,135.9,350.1
Round3,Q1,2652,1326.0,CYBERCX,0.5643,1034.5,356.8,33.7,14.5,1920,1080,0.024,1051.4,364.0
Round3,Q1,2652,1326.0,CYBERCX,0.4842,1790.3,98.0,35.2,17.2,1920,1080,0.029,1807.9,106.5
Round3,Q1,2652,1326.0,CYBERCX,0.4812,1586.8,296.3,32.4,18.0,1920,1080,0.028,1603.0,305.3
Round3,Q1,2652,1326.0,CYBERCX,0.4722,999.5,354.5,29.9,13.4,1920,1080,0.019,1014.5,361.2
Round3,Q1,2652,1326.0,CYBERCX,0.4436,1833.2,89.1,37.0,18.5,1920,1080,0.033,1851.7,98.4
Round3,Q1,2652,1326.0,CYBERCX,0.4318,1029.2,286.1,25.0,10.7,1920,1080,0.013,1041.7,291.4
Round3,Q1,2652,1326.0,CYBERCX,0.3755,1236.7,287.6,25.9,12.9,1920,1080,0.016,1249.6,294.1
Round3,Q1,2652,1326.0,CYBERCX,0.362,1348.6,392.3,38.2,19.3,1920,1080,0.035,1367.7,401.9
Round3,Q1,2652,1326.0,CYBERCX,0.3263,939.8,284.9,24.2,10.5,1920,1080,0.012,951.9,290.2
Round3,Q1,2652,1326.0,CYBERCX,0.3244,701.5,284.5,24.8,11.0,1920,1080,0.013,713.9,290.0
Round3,Q1,2652,1326.0,CYBERCX,0.3149,522.1,286.5,25.0,9.6,1920,1080,0.012,534.7,291.3
Round3,Q1,2652,1326.0,CYBERCX,0.3108,1751.3,105.0,32.8,17.8,1920,1080,0.028,1767.7,113.9
Round3,Q1,2652,1326.0,CYBERCX,0.3038,1715.6,113.0,31.5,16.8,1920,1080,0.025,1731.4,121.3
Round3,Q1,2653,1326.5,CYBERCX,0.8431,323.5,348.5,36.7,12.0,1920,1080,0.021,341.8,354.5
Round3,Q1,2653,1326.5,CYBERCX,0.839,532.9,347.3,33.2,11.7,1920,1080,0.019,549.4,353.1
Round3,Q1,2653,1326.5,CYBERCX,0.8302,1540.1,434.7,49.0,26.6,1920,1080,0.063,1564.6,448.0
Round3,Q1,2653,1326.5,CYBERCX,0.8241,1765.8,307.3,45.3,23.1,1920,1080,0.05,1788.4,318.9
Round3,Q1,2653,1326.5,CYBERCX,0.8206,886.1,356.7,30.4,13.7,1920,1080,0.02,901.3,363.5
Round3,Q1,2653,1326.5,CYBERCX,0.8183,1392.5,409.4,39.3,19.5,1920,1080,0.037,1412.2,419.2
Round3,Q1,2653,1326.5,CYBERCX,0.8154,494.1,347.1,33.5,12.1,1920,1080,0.02,510.8,353.2
Round3,Q1,2653,1326.5,CYBERCX,0.815,142.5,351.6,39.8,12.9,1920,1080,0.025,162.4,358.0
Round3,Q1,2653,1326.5,CYBERCX,0.8146,189.5,351.2,38.7,11.8,1920,1080,0.022,208.8,357.1
Round3,Q1,2653,1326.5,CYBERCX,0.8113,850.8,355.4,30.4,13.0,1920,1080,0.019,866.0,361.8
Round3,Q1,2653,1326.5,CYBERCX,0.8093,1817.9,308.9,43.1,23.0,1920,1080,0.048,1839.4,320.4
Round3,Q1,2653,1326.5,CYBERCX,0.8085,279.7,349.2,36.2,12.4,1920,1080,0.022,297.7,355.4
Round3,Q1,2653,1326.5,CYBERCX,0.8074,1104.4,373.0,32.7,14.9,1920,1080,0.024,1120.7,380.5
Round3,Q1,2653,1326.5,CYBERCX,0.8066,1346.4,401.4,40.0,19.9,1920,1080,0.038,1366.5,411.3
Round3,Q1,2653,1326.5,CYBERCX,0.804,1304.7,395.8,36.5,18.0,1920,1080,0.032,1323.0,404.8
Round3,Q1,2653,1326.5,CYBERCX,0.8018,922.1,359.4,29.9,13.4,1920,1080,0.019,937.0,366.1
Round3,Q1,2653,1326.5,CYBERCX,0.8016,1438.6,415.6,43.9,23.0,1920,1080,0.049,1460.5,427.1
Round3,Q1,2653,1326.5,CYBERCX,0.801,44.4,354.5,41.8,12.8,1920,1080,0.026,65.3,360.9
Round3,Q1,2653,1326.5,CYBERCX,0.7995,1674.8,306.3,35.4,19.1,1920,1080,0.033,1692.5,315.8
Round3,Q1,2653,1326.5,CYBERCX,0.7982,781.1,353.3,30.9,12.0,1920,1080,0.018,796.6,359.3
Round3,Q1,2653,1326.5,CYBERCX,0.798,1717.5,306.9,40.6,21.7,1920,1080,0.042,1737.8,317.7
Round3,Q1,2653,1326.5,CYBERCX,0.7944,678.7,349.4,29.1,11.6,1920,1080,0.016,693.3,355.1
Round3,Q1,2653,1326.5,CYBERCX,0.7937,1367.3,299.5,29.5,14.4,1920,1080,0.021,1382.1,306.7
Round3,Q1,2653,1326.5,CYBERCX,0.7912,1473.8,302.0,32.6,15.3,1920,1080,0.024,1490.1,309.6
Round3,Q1,2653,1326.5,CYBERCX,0.7841,1181.2,381.0,34.4,16.0,1920,1080,0.026,1198.4,389.0
Round3,Q1,2653,1326.5,CYBERCX,0.7837,1869.0,308.6,50.4,27.2,1920,1080,0.066,1894.2,322.2
Round3,Q1,2653,1326.5,CYBERCX,0.78,1402.7,300.2,31.6,14.8,1920,1080,0.023,1418.5,307.6
Round3,Q1,2653,1326.5,CYBERCX,0.7716,1512.0,303.0,33.9,15.5,1920,1080,0.025,1529.0,310.8
Round3,Q1,2653,1326.5,CYBERCX,0.7698,234.6,349.6,37.6,12.1,1920,1080,0.022,253.4,355.6
Round3,Q1,2653,1326.5,CYBERCX,0.7656,1588.9,305.0,35.1,17.4,1920,1080,0.029,1606.4,313.7
Round3,Q1,2653,1326.5,CYBERCX,0.7623,609.6,347.8,28.6,11.8,1920,1080,0.016,623.9,353.8
Round3,Q1,2653,1326.5,CYBERCX,0.762,712.1,350.5,30.0,12.0,1920,1080,0.017,727.1,356.5
Round3,Q1,2653,1326.5,CYBERCX,0.7585,94.4,353.4,41.3,12.2,1920,1080,0.024,115.0,359.5
Round3,Q1,2653,1326.5,CYBERCX,0.7583,1262.8,389.8,35.4,18.5,1920,1080,0.032,1280.5,399.0
Round3,Q1,2653,1326.5,CYBERCX,0.7539,815.8,354.3,30.4,12.2,1920,1080,0.018,831.0,360.5
Round3,Q1,2653,1326.5,CYBERCX,0.7524,0.0,355.3,35.9,13.1,1920,1080,0.023,18.0,361.8
Round3,Q1,2653,1326.5,CYBERCX,0.7446,1631.3,305.8,37.2,18.3,1920,1080,0.033,1649.9,314.9
Round3,Q1,2653,1326.5,CYBERCX,0.7439,1334.5,299.0,27.8,13.1,1920,1080,0.018,1348.4,305.6
Round3,Q1,2653,1326.5,CYBERCX,0.7419,1438.9,301.2,29.7,15.0,1920,1080,0.021,1453.7,308.7
Round3,Q1,2653,1326.5,CYBERCX,0.7367,1489.9,424.0,42.2,24.5,1920,1080,0.05,1511.0,436.3
Round3,Q1,2653,1326.5,CYBERCX,0.7351,571.2,347.2,31.5,11.9,1920,1080,0.018,587.0,353.1
Round3,Q1,2653,1326.5,CYBERCX,0.7319,1688.7,475.1,45.3,34.3,1920,1080,0.075,1711.4,492.3
Round3,Q1,2653,1326.5,CYBERCX,0.7319,1300.5,297.9,28.8,13.9,1920,1080,0.019,1314.9,304.8
Round3,Q1,2653,1326.5,CYBERCX,0.7318,1201.5,296.3,27.8,12.2,1920,1080,0.016,1215.4,302.4
Round3,Q1,2653,1326.5,CYBERCX,0.7284,1066.5,369.8,33.1,14.2,1920,1080,0.023,1083.1,376.9
Round3,Q1,2653,1326.5,CYBERCX,0.7274,1551.0,303.5,31.9,16.0,1920,1080,0.025,1566.9,311.5
Round3,Q1,2653,1326.5,CYBERCX,0.7188,746.5,352.1,31.3,11.8,1920,1080,0.018,762.2,358.0
Round3,Q1,2653,1326.5,CYBERCX,0.7065,1053.9,294.1,25.6,12.0,1920,1080,0.015,1066.7,300.1
Round3,Q1,2653,1326.5,CYBERCX,0.6881,1169.6,295.7,26.6,12.0,1920,1080,0.015,1182.9,301.7
Round3,Q1,2653,1326.5,CYBERCX,0.6763,455.6,347.3,33.7,11.3,1920,1080,0.018,472.5,353.0
Round3,Q1,2653,1326.5,CYBERCX,0.6688,1265.8,296.9,28.5,13.3,1920,1080,0.018,1280.0,303.6
Round3,Q1,2653,1326.5,CYBERCX,0.6676,1084.8,293.9,27.4,11.7,1920,1080,0.015,1098.5,299.8
Round3,Q1,2653,1326.5,CYBERCX,0.6625,1023.9,293.5,25.5,11.9,1920,1080,0.015,1036.6,299.4
Round3,Q1,2653,1326.5,CYBERCX,0.6551,1234.2,296.4,27.1,13.2,1920,1080,0.017,1247.8,303.0
Round3,Q1,2653,1326.5,CYBERCX,0.6525,643.5,348.5,30.4,11.6,1920,1080,0.017,658.7,354.2
Round3,Q1,2653,1326.5,CYBERCX,0.5831,871.6,293.3,25.0,10.0,1920,1080,0.012,884.1,298.3
Round3,Q1,2653,1326.5,CYBERCX,0.5801,1741.5,494.2,34.3,38.4,1920,1080,0.064,1758.6,513.3
Round3,Q1,2653,1326.5,CYBERCX,0.5749,1796.0,103.3,35.4,17.6,1920,1080,0.03,1813.7,112.1
Round3,Q1,2653,1326.5,CYBERCX,0.566,1884.8,84.1,34.7,18.7,1920,1080,0.031,1902.2,93.5
Round3,Q1,2653,1326.5,CYBERCX,0.5476,901.1,293.7,25.8,10.0,1920,1080,0.012,914.0,298.7
Round3,Q1,2653,1326.5,CYBERCX,0.5461,1139.9,294.4,24.2,12.4,1920,1080,0.014,1152.0,300.6
Round3,Q1,2653,1326.5,CYBERCX,0.5163,992.9,364.5,31.7,13.5,1920,1080,0.021,1008.7,371.3
Round3,Q1,2653,1326.5,CYBERCX,0.4651,1030.4,365.9,30.7,14.4,1920,1080,0.021,1045.7,373.2
Round3,Q1,2653,1326.5,CYBERCX,0.4527,990.5,292.8,27.4,12.1,1920,1080,0.016,1004.2,298.9
Round3,Q1,2653,1326.5,CYBERCX,0.4484,412.8,347.3,36.6,12.2,1920,1080,0.022,431.1,353.4
Round3,Q1,2653,1326.5,CYBERCX,0.4361,1839.5,94.8,37.5,18.8,1920,1080,0.034,1858.2,104.2
Round3,Q1,2653,1326.5,CYBERCX,0.4088,842.4,292.8,24.8,10.9,1920,1080,0.013,854.8,298.2
Round3,Q1,2653,1326.5,CYBERCX,0.393,780.9,293.5,25.6,10.3,1920,1080,0.013,793.7,298.7
Round3,Q1,2653,1326.5,CYBERCX,0.3912,691.0,293.8,25.4,10.3,1920,1080,0.013,703.7,298.9
Round3,Q1,2653,1326.5,CYBERCX,0.3621,751.1,293.7,25.0,10.0,1920,1080,0.012,763.6,298.7
Round3,Q1,2653,1326.5,CYBERCX,0.3564,931.6,293.8,26.2,10.6,1920,1080,0.013,944.7,299.0
Round3,Q1,2653,1326.5,CYBERCX,0.3534,661.1,294.4,26.1,11.7,1920,1080,0.015,674.1,300.2
Round3,Q1,2653,1326.5,CYBERCX,0.3495,721.0,293.7,25.0,10.8,1920,1080,0.013,733.5,299.2
Round3,Q1,2653,1326.5,CYBERCX,0.3453,1755.8,111.1,33.6,17.8,1920,1080,0.029,1772.6,120.0
Round3,Q1,2654,1327.0,CYBERCX,0.8561,309.0,355.6,36.0,11.8,1920,1080,0.021,327.0,361.6
Round3,Q1,2654,1327.0,CYBERCX,0.8474,1441.5,423.0,44.3,22.8,1920,1080,0.049,1463.7,434.4
Round3,Q1,2654,1327.0,CYBERCX,0.8398,171.0,357.9,39.4,12.3,1920,1080,0.023,190.7,364.1
Round3,Q1,2654,1327.0,CYBERCX,0.8296,775.1,360.9,30.4,12.2,1920,1080,0.018,790.3,366.9
Round3,Q1,2654,1327.0,CYBERCX,0.8288,1305.9,402.7,37.5,19.4,1920,1080,0.035,1324.6,412.4
Round3,Q1,2654,1327.0,CYBERCX,0.8185,73.0,359.6,41.2,13.4,1920,1080,0.027,93.6,366.3
Round3,Q1,2654,1327.0,CYBERCX,0.8174,21.4,361.0,43.4,13.2,1920,1080,0.028,43.1,367.6
Round3,Q1,2654,1327.0,CYBERCX,0.8138,522.5,354.1,32.8,12.0,1920,1080,0.019,538.9,360.1
Round3,Q1,2654,1327.0,CYBERCX,0.8102,263.7,356.1,38.2,12.3,1920,1080,0.023,282.8,362.3
Round3,Q1,2654,1327.0,CYBERCX,0.8094,123.2,358.7,40.4,12.6,1920,1080,0.025,143.4,365.0
Round3,Q1,2654,1327.0,CYBERCX,0.8086,1828.9,314.2,43.7,23.8,1920,1080,0.05,1850.7,326.1
Round3,Q1,2654,1327.0,CYBERCX,0.8043,845.4,363.2,30.9,12.8,1920,1080,0.019,860.8,369.6
Round3,Q1,2654,1327.0,CYBERCX,0.8043,1544.9,441.9,49.1,26.8,1920,1080,0.063,1569.4,455.3
Round3,Q1,2654,1327.0,CYBERCX,0.8029,1775.7,312.4,46.0,23.4,1920,1080,0.052,1798.7,324.1
Round3,Q1,2654,1327.0,CYBERCX,0.7949,880.2,364.9,31.8,12.9,1920,1080,0.02,896.1,371.4
Round3,Q1,2654,1327.0,CYBERCX,0.792,1726.2,312.5,41.5,21.5,1920,1080,0.043,1747.0,323.2
Round3,Q1,2654,1327.0,CYBERCX,0.7914,1348.5,408.8,40.1,19.8,1920,1080,0.038,1368.5,418.7
Round3,Q1,2654,1327.0,CYBERCX,0.7902,916.8,366.7,31.5,13.6,1920,1080,0.021,932.6,373.6
Round3,Q1,2654,1327.0,CYBERCX,0.7861,218.0,356.8,37.9,12.4,1920,1080,0.023,237.0,363.0
Round3,Q1,2654,1327.0,CYBERCX,0.7824,1103.3,380.1,32.1,15.4,1920,1080,0.024,1119.3,387.8
Round3,Q1,2654,1327.0,CYBERCX,0.7797,1516.9,308.2,34.8,17.1,1920,1080,0.029,1534.3,316.8
Round3,Q1,2654,1327.0,CYBERCX,0.7788,1478.4,307.4,32.5,16.3,1920,1080,0.026,1494.7,315.5
Round3,Q1,2654,1327.0,CYBERCX,0.774,705.2,357.1,30.4,12.6,1920,1080,0.019,720.5,363.4
Round3,Q1,2654,1327.0,CYBERCX,0.7734,1682.8,311.6,36.7,20.1,1920,1080,0.036,1701.1,321.6
Round3,Q1,2654,1327.0,CYBERCX,0.7713,1557.4,309.4,32.2,16.9,1920,1080,0.026,1573.5,317.8
Round3,Q1,2654,1327.0,CYBERCX,0.7706,670.0,356.4,30.4,11.9,1920,1080,0.017,685.3,362.3
Round3,Q1,2654,1327.0,CYBERCX,0.77,1595.6,310.5,35.7,17.8,1920,1080,0.031,1613.4,319.4
Round3,Q1,2654,1327.0,CYBERCX,0.7662,1301.7,304.2,29.9,13.7,1920,1080,0.02,1316.7,311.1
Round3,Q1,2654,1327.0,CYBERCX,0.7658,483.2,353.8,33.7,12.0,1920,1080,0.02,500.1,359.8
Round3,Q1,2654,1327.0,CYBERCX,0.7602,560.8,354.6,32.4,11.7,1920,1080,0.018,577.0,360.4
Round3,Q1,2654,1327.0,CYBERCX,0.7548,1063.6,377.3,33.8,14.2,1920,1080,0.023,1080.4,384.3
Round3,Q1,2654,1327.0,CYBERCX,0.7524,600.3,355.1,31.0,12.2,1920,1080,0.018,615.8,361.2
Round3,Q1,2654,1327.0,CYBERCX,0.7468,1369.8,305.6,30.2,14.6,1920,1080,0.021,1384.9,312.9
Round3,Q1,2654,1327.0,CYBERCX,0.7273,1201.4,302.2,28.9,12.7,1920,1080,0.018,1215.9,308.6
Round3,Q1,2654,1327.0,CYBERCX,0.717,1394.3,415.2,40.9,22.1,1920,1080,0.044,1414.8,426.2
Round3,Q1,2654,1327.0,CYBERCX,0.7056,810.0,361.8,29.5,12.3,1920,1080,0.017,824.7,368.0
Round3,Q1,2654,1327.0,CYBERCX,0.6992,1336.5,305.3,29.0,13.3,1920,1080,0.019,1351.0,312.0
Round3,Q1,2654,1327.0,CYBERCX,0.6952,1695.1,483.6,47.0,34.5,1920,1080,0.078,1718.7,500.8
Round3,Q1,2654,1327.0,CYBERCX,0.6714,1881.5,314.0,37.8,27.1,1920,1080,0.049,1900.4,327.5
Round3,Q1,2654,1327.0,CYBERCX,0.6693,1235.1,302.9,28.4,12.8,1920,1080,0.018,1249.3,309.3
Round3,Q1,2654,1327.0,CYBERCX,0.6669,1262.8,397.6,36.8,17.4,1920,1080,0.031,1281.2,406.3
Round3,Q1,2654,1327.0,CYBERCX,0.6654,443.6,353.8,32.3,12.0,1920,1080,0.019,459.8,359.8
Round3,Q1,2654,1327.0,CYBERCX,0.6643,744.6,299.9,25.7,10.3,1920,1080,0.013,757.5,305.1
Round3,Q1,2654,1327.0,CYBERCX,0.6503,1405.7,306.3,32.6,15.2,1920,1080,0.024,1422.0,313.9
Round3,Q1,2654,1327.0,CYBERCX,0.648,867.9,299.5,24.4,10.9,1920,1080,0.013,880.1,305.0
Round3,Q1,2654,1327.0,CYBERCX,0.6393,1751.1,499.5,38.2,42.2,1920,1080,0.078,1770.2,520.6
Round3,Q1,2654,1327.0,CYBERCX,0.6316,1766.6,114.5,34.2,17.2,1920,1080,0.028,1783.7,123.2
Round3,Q1,2654,1327.0,CYBERCX,0.6286,714.0,299.7,25.4,10.9,1920,1080,0.013,726.7,305.1
Round3,Q1,2654,1327.0,CYBERCX,0.6266,1898.4,88.0,21.6,19.5,1920,1080,0.02,1909.2,97.7
Round3,Q1,2654,1327.0,CYBERCX,0.6251,897.3,300.1,25.3,10.3,1920,1080,0.013,909.9,305.3
Round3,Q1,2654,1327.0,CYBERCX,0.6012,683.7,299.9,26.1,10.3,1920,1080,0.013,696.8,305.1
Round3,Q1,2654,1327.0,CYBERCX,0.5902,1638.4,311.3,37.3,18.2,1920,1080,0.033,1657.1,320.4
Round3,Q1,2654,1327.0,CYBERCX,0.5773,1807.2,106.1,36.2,17.6,1920,1080,0.031,1825.3,114.9
Round3,Q1,2654,1327.0,CYBERCX,0.5695,1180.7,387.8,33.9,16.5,1920,1080,0.027,1197.6,396.0
Round3,Q1,2654,1327.0,CYBERCX,0.5666,1657.3,134.8,31.2,15.0,1920,1080,0.023,1672.9,142.3
Round3,Q1,2654,1327.0,CYBERCX,0.5456,1168.9,302.1,27.3,11.7,1920,1080,0.015,1182.6,308.0
Round3,Q1,2654,1327.0,CYBERCX,0.5415,1443.0,306.9,29.5,15.8,1920,1080,0.022,1457.7,314.8
Round3,Q1,2654,1327.0,CYBERCX,0.5379,835.9,299.5,25.7,11.2,1920,1080,0.014,848.8,305.1
Round3,Q1,2654,1327.0,CYBERCX,0.5334,1051.7,301.0,25.9,11.3,1920,1080,0.014,1064.6,306.6
Round3,Q1,2654,1327.0,CYBERCX,0.518,1851.3,96.9,38.8,19.0,1920,1080,0.036,1870.7,106.4
Round3,Q1,2654,1327.0,CYBERCX,0.514,1493.0,431.3,43.5,24.3,1920,1080,0.051,1514.7,443.5
Round3,Q1,2654,1327.0,CYBERCX,0.4859,591.6,301.0,25.5,10.0,1920,1080,0.012,604.4,306.0
Round3,Q1,2654,1327.0,CYBERCX,0.4826,635.4,355.6,28.7,11.8,1920,1080,0.016,649.7,361.5
Round3,Q1,2654,1327.0,CYBERCX,0.4819,653.1,300.5,25.7,11.3,1920,1080,0.014,666.0,306.1
Round3,Q1,2654,1327.0,CYBERCX,0.4743,1693.5,127.8,32.2,17.2,1920,1080,0.027,1709.7,136.4
Round3,Q1,2654,1327.0,CYBERCX,0.4686,399.4,353.9,37.7,12.4,1920,1080,0.023,418.2,360.1
Round3,Q1,2654,1327.0,CYBERCX,0.4369,1267.6,303.6,26.4,13.0,1920,1080,0.017,1280.8,310.1
Round3,Q1,2654,1327.0,CYBERCX,0.4302,1021.4,301.0,25.9,10.6,1920,1080,0.013,1034.3,306.3
Round3,Q1,2654,1327.0,CYBERCX,0.4298,928.2,299.9,24.4,11.0,1920,1080,0.013,940.4,305.4
Round3,Q1,2654,1327.0,CYBERCX,0.4186,1624.2,140.4,26.9,14.4,1920,1080,0.019,1637.6,147.6
Round3,Q1,2654,1327.0,CYBERCX,0.3729,1591.6,144.9,27.4,14.5,1920,1080,0.019,1605.3,152.1
Round3,Q1,2654,1327.0,CYBERCX,0.3513,744.2,359.2,26.1,12.4,1920,1080,0.016,757.2,365.4
Round3,Q1,2654,1327.0,CYBERCX,0.3445,953.9,369.4,23.5,12.7,1920,1080,0.014,965.6,375.7
Round3,Q1,2655,1327.5,CYBERCX,0.8416,294.3,360.0,36.9,11.9,1920,1080,0.021,312.7,366.0
Round3,Q1,2655,1327.5,CYBERCX,0.8369,511.2,359.4,33.6,11.7,1920,1080,0.019,528.0,365.3
Round3,Q1,2655,1327.5,CYBERCX,0.8358,875.5,369.4,31.6,13.2,1920,1080,0.02,891.3,376.0
Round3,Q1,2655,1327.5,CYBERCX,0.8354,1783.0,316.7,47.5,23.0,1920,1080,0.053,1806.8,328.2
Round3,Q1,2655,1327.5,CYBERCX,0.8319,1305.3,407.8,38.2,19.0,1920,1080,0.035,1324.4,417.3
Round3,Q1,2655,1327.5,CYBERCX,0.8315,201.6,361.4,38.8,12.2,1920,1080,0.023,221.1,367.5
Round3,Q1,2655,1327.5,CYBERCX,0.8314,1547.5,447.3,49.2,26.0,1920,1080,0.062,1572.1,460.2
Round3,Q1,2655,1327.5,CYBERCX,0.8265,153.0,362.0,40.5,12.1,1920,1080,0.024,173.3,368.1
Round3,Q1,2655,1327.5,CYBERCX,0.8206,1100.8,385.1,32.9,15.4,1920,1080,0.024,1117.2,392.8
Round3,Q1,2655,1327.5,CYBERCX,0.8199,1520.8,312.1,35.4,16.6,1920,1080,0.028,1538.5,320.4
Round3,Q1,2655,1327.5,CYBERCX,0.8144,431.3,358.9,34.9,11.9,1920,1080,0.02,448.8,364.8
Round3,Q1,2655,1327.5,CYBERCX,0.8115,1443.1,428.1,45.6,22.7,1920,1080,0.05,1465.9,439.5
Round3,Q1,2655,1327.5,CYBERCX,0.8082,1396.6,420.6,40.1,20.6,1920,1080,0.04,1416.6,430.9
Round3,Q1,2655,1327.5,CYBERCX,0.8078,104.2,362.8,40.6,13.0,1920,1080,0.025,124.5,369.3
Round3,Q1,2655,1327.5,CYBERCX,0.8072,804.0,366.6,31.6,12.6,1920,1080,0.019,819.8,372.9
Round3,Q1,2655,1327.5,CYBERCX,0.807,550.3,359.2,33.7,12.3,1920,1080,0.02,567.1,365.3
Round3,Q1,2655,1327.5,CYBERCX,0.8069,1348.9,413.7,41.3,20.5,1920,1080,0.041,1369.6,423.9
Round3,Q1,2655,1327.5,CYBERCX,0.8048,912.3,371.8,31.4,13.6,1920,1080,0.021,928.0,378.6
Round3,Q1,2655,1327.5,CYBERCX,0.8016,1733.6,316.1,41.2,20.4,1920,1080,0.04,1754.2,326.3
Round3,Q1,2655,1327.5,CYBERCX,0.8008,1600.3,314.1,36.1,17.7,1920,1080,0.031,1618.4,322.9
Round3,Q1,2655,1327.5,CYBERCX,0.7959,470.9,359.3,34.5,11.3,1920,1080,0.019,488.2,364.9
Round3,Q1,2655,1327.5,CYBERCX,0.7908,52.3,363.0,42.8,14.3,1920,1080,0.03,73.7,370.1
Round3,Q1,2655,1327.5,CYBERCX,0.7905,768.0,365.3,31.8,12.4,1920,1080,0.019,783.9,371.5
Round3,Q1,2655,1327.5,CYBERCX,0.7873,1689.6,314.9,36.9,20.2,1920,1080,0.036,1708.0,325.0
Round3,Q1,2655,1327.5,CYBERCX,0.7803,697.3,362.2,30.6,12.2,1920,1080,0.018,712.6,368.3
Round3,Q1,2655,1327.5,CYBERCX,0.7801,247.6,361.0,40.2,12.5,1920,1080,0.024,267.7,367.2
Round3,Q1,2655,1327.5,CYBERCX,0.7793,1179.6,392.2,34.9,17.3,1920,1080,0.029,1197.1,400.8
Round3,Q1,2655,1327.5,CYBERCX,0.7746,1407.9,309.7,32.7,15.5,1920,1080,0.024,1424.3,317.4
Round3,Q1,2655,1327.5,CYBERCX,0.7737,1561.4,313.2,32.8,17.0,1920,1080,0.027,1577.8,321.7
Round3,Q1,2655,1327.5,CYBERCX,0.7728,1643.4,315.1,39.2,18.6,1920,1080,0.035,1663.0,324.4
Round3,Q1,2655,1327.5,CYBERCX,0.7676,1338.2,308.6,28.8,13.5,1920,1080,0.019,1352.6,315.3
Round3,Q1,2655,1327.5,CYBERCX,0.7595,1372.0,308.7,30.0,14.8,1920,1080,0.021,1386.9,316.1
Round3,Q1,2655,1327.5,CYBERCX,0.7543,1445.9,310.8,30.2,15.7,1920,1080,0.023,1461.0,318.6
Round3,Q1,2655,1327.5,CYBERCX,0.7517,1481.4,311.2,33.0,16.7,1920,1080,0.027,1497.9,319.6
Round3,Q1,2655,1327.5,CYBERCX,0.7478,839.7,367.6,32.2,12.8,1920,1080,0.02,855.7,374.1
Round3,Q1,2655,1327.5,CYBERCX,0.7377,1891.7,316.5,28.1,29.5,1920,1080,0.04,1905.8,331.3
Round3,Q1,2655,1327.5,CYBERCX,0.7283,1200.5,305.9,29.9,13.3,1920,1080,0.019,1215.4,312.5
Round3,Q1,2655,1327.5,CYBERCX,0.723,1837.5,316.8,45.3,24.8,1920,1080,0.054,1860.2,329.2
Round3,Q1,2655,1327.5,CYBERCX,0.7183,589.5,359.4,33.5,12.6,1920,1080,0.02,606.2,365.7
Round3,Q1,2655,1327.5,CYBERCX,0.7146,662.0,361.6,31.4,11.7,1920,1080,0.018,677.7,367.4
Round3,Q1,2655,1327.5,CYBERCX,0.7146,627.2,360.4,29.8,11.7,1920,1080,0.017,642.0,366.2
Round3,Q1,2655,1327.5,CYBERCX,0.7054,1235.4,306.9,28.0,13.5,1920,1080,0.018,1249.4,313.6
Round3,Q1,2655,1327.5,CYBERCX,0.7051,1302.2,307.1,30.8,14.7,1920,1080,0.022,1317.6,314.4
Round3,Q1,2655,1327.5,CYBERCX,0.702,1495.3,436.3,43.3,24.9,1920,1080,0.052,1517.0,448.7
Round3,Q1,2655,1327.5,CYBERCX,0.6856,0.6,364.6,42.7,14.0,1920,1080,0.029,22.0,371.6
Round3,Q1,2655,1327.5,CYBERCX,0.6706,1268.4,306.9,27.4,13.4,1920,1080,0.018,1282.2,313.6
Round3,Q1,2655,1327.5,CYBERCX,0.6506,1062.4,382.0,32.3,15.1,1920,1080,0.023,1078.5,389.5
Round3,Q1,2655,1327.5,CYBERCX,0.6413,892.5,304.3,25.8,10.7,1920,1080,0.013,905.4,309.6
Round3,Q1,2655,1327.5,CYBERCX,0.6283,1049.3,305.3,26.1,10.8,1920,1080,0.014,1062.3,310.7
Round3,Q1,2655,1327.5,CYBERCX,0.622,1703.4,489.1,45.8,32.4,1920,1080,0.071,1726.2,505.3
Round3,Q1,2655,1327.5,CYBERCX,0.6193,924.0,304.4,26.9,11.0,1920,1080,0.014,937.4,309.9
Round3,Q1,2655,1327.5,CYBERCX,0.6084,1860.7,96.3,41.1,20.4,1920,1080,0.04,1881.2,106.5
Round3,Q1,2655,1327.5,CYBERCX,0.5857,1168.4,305.5,27.7,12.4,1920,1080,0.017,1182.2,311.7
Round3,Q1,2655,1327.5,CYBERCX,0.5747,738.1,304.3,26.0,10.2,1920,1080,0.013,751.0,309.4
Round3,Q1,2655,1327.5,CYBERCX,0.5597,1080.9,305.6,27.9,11.2,1920,1080,0.015,1094.8,311.2
Round3,Q1,2655,1327.5,CYBERCX,0.5236,861.8,303.6,25.3,11.1,1920,1080,0.013,874.4,309.2
Round3,Q1,2655,1327.5,CYBERCX,0.5234,949.2,373.8,29.1,13.6,1920,1080,0.019,963.7,380.6
Round3,Q1,2655,1327.5,CYBERCX,0.5207,732.6,363.9,31.1,12.4,1920,1080,0.019,748.1,370.1
Round3,Q1,2655,1327.5,CYBERCX,0.5183,1018.3,305.1,26.0,11.0,1920,1080,0.014,1031.3,310.6
Round3,Q1,2655,1327.5,CYBERCX,0.4893,1738.0,122.8,32.4,16.6,1920,1080,0.026,1754.3,131.1
Round3,Q1,2655,1327.5,CYBERCX,0.4856,385.7,358.2,38.9,12.9,1920,1080,0.024,405.1,364.7
Round3,Q1,2655,1327.5,CYBERCX,0.4825,706.0,303.9,27.2,11.0,1920,1080,0.014,719.6,309.4
Round3,Q1,2655,1327.5,CYBERCX,0.4642,768.7,303.9,25.9,10.6,1920,1080,0.013,781.7,309.2
Round3,Q1,2655,1327.5,CYBERCX,0.4591,1816.3,107.0,37.0,18.7,1920,1080,0.033,1834.8,116.3
Round3,Q1,2655,1327.5,CYBERCX,0.4309,1909.0,92.4,10.6,17.5,1920,1080,0.009,1914.4,101.2
Round3,Q1,2655,1327.5,CYBERCX,0.4304,1262.5,401.8,36.3,19.0,1920,1080,0.033,1280.7,411.3
Round3,Q1,2655,1327.5,CYBERCX,0.4117,830.4,303.6,27.3,11.3,1920,1080,0.015,844.1,309.3
Round3,Q1,2655,1327.5,CYBERCX,0.407,1701.1,129.4,32.1,16.6,1920,1080,0.026,1717.2,137.7
Round3,Q1,2655,1327.5,CYBERCX,0.3872,1775.8,114.7,34.3,18.9,1920,1080,0.031,1792.9,124.2
Round3,Q1,2655,1327.5,CYBERCX,0.3859,988.7,377.4,30.0,12.9,1920,1080,0.019,1003.7,383.9
Round3,Q1,2655,1327.5,CYBERCX,0.3843,338.7,359.2,24.4,12.1,1920,1080,0.014,350.9,365.3
Round3,Q1,2655,1327.5,CYBERCX,0.3673,582.4,304.5,26.1,10.6,1920,1080,0.013,595.5,309.8
Round3,Q1,2655,1327.5,CYBERCX,0.3495,987.8,304.7,25.0,10.9,1920,1080,0.013,1000.3,310.1
Round3,Q1,2655,1327.5,CYBERCX,0.339,1758.2,504.4,42.1,41.0,1920,1080,0.083,1779.3,524.9
Round3,Q1,2655,1327.5,CYBERCX,0.3255,1629.8,141.6,29.4,14.5,1920,1080,0.021,1644.5,148.8
Round3,Q1,2656,1328.0,CYBERCX,0.8535,420.5,359.6,35.0,12.3,1920,1080,0.021,438.0,365.7
Round3,Q1,2656,1328.0,CYBERCX,0.8369,502.2,359.7,32.8,12.4,1920,1080,0.02,518.6,365.9
Round3,Q1,2656,1328.0,CYBERCX,0.8343,1348.8,414.5,41.3,20.2,1920,1080,0.04,1369.4,424.6
Round3,Q1,2656,1328.0,CYBERCX,0.8322,1646.6,315.3,39.9,18.2,1920,1080,0.035,1666.6,324.4
Round3,Q1,2656,1328.0,CYBERCX,0.8306,1787.6,316.4,48.4,23.3,1920,1080,0.055,1811.8,328.1
Round3,Q1,2656,1328.0,CYBERCX,0.8262,797.7,367.7,32.2,12.6,1920,1080,0.02,813.8,374.0
Round3,Q1,2656,1328.0,CYBERCX,0.8256,1396.2,421.4,41.4,20.7,1920,1080,0.041,1416.9,431.7
Round3,Q1,2656,1328.0,CYBERCX,0.8229,1548.4,448.2,50.1,25.9,1920,1080,0.062,1573.5,461.1
Round3,Q1,2656,1328.0,CYBERCX,0.8218,1603.7,313.9,36.0,17.1,1920,1080,0.03,1621.7,322.5
Round3,Q1,2656,1328.0,CYBERCX,0.8188,1177.4,393.2,35.8,17.6,1920,1080,0.03,1195.3,402.0
Round3,Q1,2656,1328.0,CYBERCX,0.8149,34.5,364.4,45.1,13.6,1920,1080,0.029,57.0,371.2
Round3,Q1,2656,1328.0,CYBERCX,0.8129,1097.8,385.7,33.2,15.8,1920,1080,0.025,1114.5,393.6
Round3,Q1,2656,1328.0,CYBERCX,0.8125,1304.8,408.5,38.9,19.7,1920,1080,0.037,1324.2,418.3
Round3,Q1,2656,1328.0,CYBERCX,0.8123,137.6,362.9,40.8,12.8,1920,1080,0.025,158.0,369.3
Round3,Q1,2656,1328.0,CYBERCX,0.8022,870.7,370.1,31.2,13.8,1920,1080,0.021,886.3,377.0
Round3,Q1,2656,1328.0,CYBERCX,0.8016,907.5,372.9,32.0,13.1,1920,1080,0.02,923.4,379.4
Round3,Q1,2656,1328.0,CYBERCX,0.7966,1564.0,312.8,33.2,17.4,1920,1080,0.028,1580.6,321.5
Round3,Q1,2656,1328.0,CYBERCX,0.7945,540.8,360.3,33.7,12.3,1920,1080,0.02,557.7,366.5
Round3,Q1,2656,1328.0,CYBERCX,0.7918,1737.8,315.6,41.6,21.5,1920,1080,0.043,1758.6,326.3
Round3,Q1,2656,1328.0,CYBERCX,0.7913,1844.5,316.5,45.5,25.1,1920,1080,0.055,1867.3,329.1
Round3,Q1,2656,1328.0,CYBERCX,0.7835,1522.6,312.3,36.2,16.7,1920,1080,0.029,1540.7,320.7
Round3,Q1,2656,1328.0,CYBERCX,0.779,1408.7,310.1,32.4,15.1,1920,1080,0.024,1424.9,317.7
Round3,Q1,2656,1328.0,CYBERCX,0.7721,762.1,366.6,30.6,11.8,1920,1080,0.017,777.4,372.4
Round3,Q1,2656,1328.0,CYBERCX,0.771,1372.5,309.0,30.5,14.8,1920,1080,0.022,1387.7,316.4
Round3,Q1,2656,1328.0,CYBERCX,0.7702,186.1,362.2,40.0,12.2,1920,1080,0.024,206.1,368.3
Round3,Q1,2656,1328.0,CYBERCX,0.7702,654.4,361.8,29.8,12.6,1920,1080,0.018,669.3,368.1
Round3,Q1,2656,1328.0,CYBERCX,0.764,279.3,361.0,39.5,12.6,1920,1080,0.024,299.1,367.3
Round3,Q1,2656,1328.0,CYBERCX,0.7547,690.5,363.3,30.5,12.5,1920,1080,0.018,705.7,369.5
Round3,Q1,2656,1328.0,CYBERCX,0.7514,1199.4,306.4,29.8,13.0,1920,1080,0.019,1214.4,312.9
Round3,Q1,2656,1328.0,CYBERCX,0.7494,1338.4,308.8,29.2,14.0,1920,1080,0.02,1353.0,315.8
Round3,Q1,2656,1328.0,CYBERCX,0.7457,1267.7,307.2,28.1,13.9,1920,1080,0.019,1281.8,314.1
Round3,Q1,2656,1328.0,CYBERCX,0.742,1447.5,310.7,30.7,16.2,1920,1080,0.024,1462.8,318.8
Round3,Q1,2656,1328.0,CYBERCX,0.7406,725.4,364.8,31.6,12.3,1920,1080,0.019,741.2,371.0
Round3,Q1,2656,1328.0,CYBERCX,0.7297,1443.8,427.9,43.8,22.6,1920,1080,0.048,1465.7,439.2
Round3,Q1,2656,1328.0,CYBERCX,0.7235,1898.4,316.0,21.6,26.6,1920,1080,0.028,1909.2,329.3
Round3,Q1,2656,1328.0,CYBERCX,0.721,1234.5,306.9,28.5,13.5,1920,1080,0.019,1248.8,313.6
Round3,Q1,2656,1328.0,CYBERCX,0.7166,461.8,359.5,31.6,12.2,1920,1080,0.019,477.6,365.6
Round3,Q1,2656,1328.0,CYBERCX,0.712,620.2,361.3,29.2,11.9,1920,1080,0.017,634.8,367.2
Round3,Q1,2656,1328.0,CYBERCX,0.7118,88.6,363.4,39.5,12.9,1920,1080,0.025,108.3,369.8
Round3,Q1,2656,1328.0,CYBERCX,0.6958,1496.2,436.5,44.3,25.5,1920,1080,0.055,1518.4,449.3
Round3,Q1,2656,1328.0,CYBERCX,0.6774,888.1,304.7,26.9,10.6,1920,1080,0.014,901.5,310.0
Round3,Q1,2656,1328.0,CYBERCX,0.6729,1078.3,305.7,27.9,12.0,1920,1080,0.016,1092.2,311.7
Round3,Q1,2656,1328.0,CYBERCX,0.6502,579.4,360.7,39.1,12.7,1920,1080,0.024,598.9,367.1
Round3,Q1,2656,1328.0,CYBERCX,0.6432,1046.4,304.9,27.1,11.9,1920,1080,0.015,1060.0,310.8
Round3,Q1,2656,1328.0,CYBERCX,0.6078,1058.3,382.8,33.1,15.4,1920,1080,0.025,1074.8,390.5
Round3,Q1,2656,1328.0,CYBERCX,0.5955,1693.5,315.5,36.8,19.0,1920,1080,0.034,1711.9,325.0
Round3,Q1,2656,1328.0,CYBERCX,0.5925,1761.7,505.9,42.6,39.9,1920,1080,0.082,1783.0,525.8
Round3,Q1,2656,1328.0,CYBERCX,0.5903,944.5,374.8,32.5,13.5,1920,1080,0.021,960.8,381.6
Round3,Q1,2656,1328.0,CYBERCX,0.5896,834.8,368.3,29.9,13.0,1920,1080,0.019,849.8,374.8
Round3,Q1,2656,1328.0,CYBERCX,0.5662,1302.0,307.7,30.2,14.1,1920,1080,0.021,1317.1,314.8
Round3,Q1,2656,1328.0,CYBERCX,0.558,730.6,303.8,28.2,11.2,1920,1080,0.015,744.7,309.4
Round3,Q1,2656,1328.0,CYBERCX,0.5574,857.1,304.0,25.8,10.8,1920,1080,0.013,870.0,309.5
Round3,Q1,2656,1328.0,CYBERCX,0.5363,1868.0,93.5,43.0,19.8,1920,1080,0.041,1889.5,103.4
Round3,Q1,2656,1328.0,CYBERCX,0.5354,919.9,305.0,26.8,10.4,1920,1080,0.013,933.3,310.2
Round3,Q1,2656,1328.0,CYBERCX,0.5346,1166.1,306.0,28.4,12.4,1920,1080,0.017,1180.3,312.2
Round3,Q1,2656,1328.0,CYBERCX,0.5341,1483.9,310.8,31.1,16.8,1920,1080,0.025,1499.5,319.1
Round3,Q1,2656,1328.0,CYBERCX,0.5263,699.4,304.2,26.6,10.7,1920,1080,0.014,712.7,309.6
Round3,Q1,2656,1328.0,CYBERCX,0.52,1014.8,304.9,26.5,11.1,1920,1080,0.014,1028.1,310.5
Round3,Q1,2656,1328.0,CYBERCX,0.4924,763.0,303.9,26.4,11.2,1920,1080,0.014,776.1,309.4
Round3,Q1,2656,1328.0,CYBERCX,0.4923,1705.1,126.7,33.8,17.6,1920,1080,0.029,1722.0,135.5
Round3,Q1,2656,1328.0,CYBERCX,0.4782,1261.8,403.4,35.7,18.2,1920,1080,0.031,1279.7,412.5
Round3,Q1,2656,1328.0,CYBERCX,0.4758,573.9,304.8,26.5,10.7,1920,1080,0.014,587.2,310.1
Round3,Q1,2656,1328.0,CYBERCX,0.4561,233.8,361.4,35.3,12.1,1920,1080,0.021,251.4,367.5
Round3,Q1,2656,1328.0,CYBERCX,0.4336,1668.5,134.0,31.8,15.5,1920,1080,0.024,1684.3,141.7
Round3,Q1,2656,1328.0,CYBERCX,0.432,1823.6,103.2,37.2,19.3,1920,1080,0.035,1842.2,112.9
Round3,Q1,2656,1328.0,CYBERCX,0.4108,1743.2,120.1,32.9,16.8,1920,1080,0.027,1759.7,128.5
Round3,Q1,2656,1328.0,CYBERCX,0.3573,372.9,359.4,38.0,12.7,1920,1080,0.023,391.9,365.8
Round3,Q1,2656,1328.0,CYBERCX,0.3521,325.7,361.0,27.8,11.8,1920,1080,0.016,339.6,366.9
Round3,Q1,2656,1328.0,CYBERCX,0.3498,542.2,304.9,27.4,11.0,1920,1080,0.014,555.9,310.4
Round3,Q1,2656,1328.0,CYBERCX,0.3314,1706.1,486.9,45.0,34.9,1920,1080,0.076,1728.6,504.4
Round3,Q1,2656,1328.0,CYBERCX,0.3092,1608.3,459.4,44.6,23.8,1920,1080,0.051,1630.6,471.3
Round3,Q1,2656,1328.0,CYBERCX,0.3056,159.3,308.8,33.3,11.2,1920,1080,0.018,176.0,314.4
Round3,Q1,2657,1328.5,CYBERCX,0.8565,1394.3,420.7,40.7,20.7,1920,1080,0.041,1414.7,431.0
Round3,Q1,2657,1328.5,CYBERCX,0.8489,451.7,359.5,33.7,12.0,1920,1080,0.02,468.6,365.5
Round3,Q1,2657,1328.5,CYBERCX,0.8406,791.4,366.8,32.1,12.8,1920,1080,0.02,807.4,373.2
Round3,Q1,2657,1328.5,CYBERCX,0.84,1301.7,408.2,39.0,18.9,1920,1080,0.036,1321.3,417.6
Round3,Q1,2657,1328.5,CYBERCX,0.8383,409.3,359.0,36.9,12.5,1920,1080,0.022,427.8,365.3
Round3,Q1,2657,1328.5,CYBERCX,0.8358,172.7,361.6,40.5,12.4,1920,1080,0.024,192.9,367.7
Round3,Q1,2657,1328.5,CYBERCX,0.8355,1547.0,447.1,49.5,26.0,1920,1080,0.062,1571.8,460.1
Round3,Q1,2657,1328.5,CYBERCX,0.8333,221.4,360.9,38.8,12.7,1920,1080,0.024,240.8,367.3
Round3,Q1,2657,1328.5,CYBERCX,0.8329,1441.8,428.0,45.6,23.1,1920,1080,0.051,1464.6,439.5
Round3,Q1,2657,1328.5,CYBERCX,0.8184,647.2,361.7,31.1,12.3,1920,1080,0.018,662.8,367.8
Round3,Q1,2657,1328.5,CYBERCX,0.8167,1346.2,413.5,41.0,20.7,1920,1080,0.041,1366.7,423.9
Round3,Q1,2657,1328.5,CYBERCX,0.8077,1604.0,312.2,35.8,17.9,1920,1080,0.031,1621.9,321.1
Round3,Q1,2657,1328.5,CYBERCX,0.8073,1646.9,313.7,40.3,19.0,1920,1080,0.037,1667.0,323.2
Round3,Q1,2657,1328.5,CYBERCX,0.8063,1788.6,314.9,48.3,23.1,1920,1080,0.054,1812.8,326.4
Round3,Q1,2657,1328.5,CYBERCX,0.8061,828.7,367.7,31.8,13.5,1920,1080,0.021,844.6,374.5
Round3,Q1,2657,1328.5,CYBERCX,0.804,755.3,365.4,31.0,12.3,1920,1080,0.018,770.8,371.5
Round3,Q1,2657,1328.5,CYBERCX,0.8026,681.7,362.5,32.7,12.4,1920,1080,0.02,698.0,368.7
Round3,Q1,2657,1328.5,CYBERCX,0.8017,122.3,362.1,42.0,12.7,1920,1080,0.026,143.3,368.4
Round3,Q1,2657,1328.5,CYBERCX,0.8017,901.3,371.8,33.1,14.0,1920,1080,0.022,917.8,378.8
Round3,Q1,2657,1328.5,CYBERCX,0.7919,1407.4,308.4,32.8,15.5,1920,1080,0.024,1423.8,316.2
Round3,Q1,2657,1328.5,CYBERCX,0.7882,1173.4,392.4,36.7,17.5,1920,1080,0.031,1191.7,401.1
Round3,Q1,2657,1328.5,CYBERCX,0.7732,1521.5,311.3,36.1,16.9,1920,1080,0.029,1539.5,319.8
Round3,Q1,2657,1328.5,CYBERCX,0.7668,1446.1,309.3,30.9,16.1,1920,1080,0.024,1461.6,317.4
Round3,Q1,2657,1328.5,CYBERCX,0.7614,1371.1,308.1,31.0,14.5,1920,1080,0.022,1386.6,315.4
Round3,Q1,2657,1328.5,CYBERCX,0.7594,1482.7,310.3,33.0,16.4,1920,1080,0.026,1499.2,318.5
Round3,Q1,2657,1328.5,CYBERCX,0.7587,532.0,359.7,33.7,12.1,1920,1080,0.02,548.8,365.7
Round3,Q1,2657,1328.5,CYBERCX,0.7572,266.3,360.4,40.5,12.4,1920,1080,0.024,286.5,366.6
Round3,Q1,2657,1328.5,CYBERCX,0.7564,1093.4,385.5,33.8,15.1,1920,1080,0.025,1110.3,393.1
Round3,Q1,2657,1328.5,CYBERCX,0.7559,864.7,370.0,32.2,13.2,1920,1080,0.021,880.8,376.6
Round3,Q1,2657,1328.5,CYBERCX,0.7529,1694.7,313.6,37.9,20.3,1920,1080,0.037,1713.6,323.7
Round3,Q1,2657,1328.5,CYBERCX,0.7503,1845.8,315.1,44.8,24.7,1920,1080,0.053,1868.2,327.5
Round3,Q1,2657,1328.5,CYBERCX,0.7492,1564.1,311.7,33.4,17.7,1920,1080,0.029,1580.8,320.6
Round3,Q1,2657,1328.5,CYBERCX,0.7441,718.6,363.9,32.6,13.0,1920,1080,0.02,734.9,370.4
Round3,Q1,2657,1328.5,CYBERCX,0.733,1264.9,306.1,29.4,14.2,1920,1080,0.02,1279.6,313.2
Round3,Q1,2657,1328.5,CYBERCX,0.7167,1739.0,313.9,41.5,21.8,1920,1080,0.044,1759.8,324.7
Round3,Q1,2657,1328.5,CYBERCX,0.7056,1899.8,315.1,20.2,27.5,1920,1080,0.027,1909.9,328.9
Round3,Q1,2657,1328.5,CYBERCX,0.6958,1197.8,305.8,28.6,12.4,1920,1080,0.017,1212.1,312.0
Round3,Q1,2657,1328.5,CYBERCX,0.684,1231.5,305.7,28.6,13.4,1920,1080,0.018,1245.8,312.4
Round3,Q1,2657,1328.5,CYBERCX,0.6834,1042.8,303.9,27.5,12.0,1920,1080,0.016,1056.5,309.9
Round3,Q1,2657,1328.5,CYBERCX,0.6817,1299.9,306.6,30.6,14.5,1920,1080,0.021,1315.2,313.8
Round3,Q1,2657,1328.5,CYBERCX,0.6804,72.2,363.0,42.3,12.7,1920,1080,0.026,93.4,369.4
Round3,Q1,2657,1328.5,CYBERCX,0.6747,939.3,374.1,32.9,14.2,1920,1080,0.022,955.7,381.2
Round3,Q1,2657,1328.5,CYBERCX,0.6663,1336.1,307.2,30.1,14.8,1920,1080,0.022,1351.1,314.6
Round3,Q1,2657,1328.5,CYBERCX,0.6655,610.3,361.1,32.0,11.9,1920,1080,0.018,626.2,367.1
Round3,Q1,2657,1328.5,CYBERCX,0.6373,1494.9,437.5,43.2,24.1,1920,1080,0.05,1516.5,449.6
Round3,Q1,2657,1328.5,CYBERCX,0.6244,1010.3,304.2,28.0,11.5,1920,1080,0.015,1024.3,309.9
Round3,Q1,2657,1328.5,CYBERCX,0.6244,1706.6,485.4,46.8,36.7,1920,1080,0.083,1730.0,503.7
Round3,Q1,2657,1328.5,CYBERCX,0.6221,882.8,303.5,27.3,10.9,1920,1080,0.014,896.5,309.0
Round3,Q1,2657,1328.5,CYBERCX,0.6062,315.1,360.4,31.6,12.2,1920,1080,0.019,330.9,366.4
Round3,Q1,2657,1328.5,CYBERCX,0.6032,915.0,303.6,26.6,10.9,1920,1080,0.014,928.3,309.0
Round3,Q1,2657,1328.5,CYBERCX,0.5845,1784.0,110.8,34.8,17.0,1920,1080,0.029,1801.3,119.4
Round3,Q1,2657,1328.5,CYBERCX,0.5841,1075.1,304.6,26.9,11.4,1920,1080,0.015,1088.6,310.3
Round3,Q1,2657,1328.5,CYBERCX,0.5794,493.0,359.4,33.5,12.0,1920,1080,0.019,509.7,365.4
Round3,Q1,2657,1328.5,CYBERCX,0.5708,17.9,364.3,46.9,12.9,1920,1080,0.029,41.4,370.7
Round3,Q1,2657,1328.5,CYBERCX,0.5429,1162.3,304.5,29.6,13.2,1920,1080,0.019,1177.0,311.2
Round3,Q1,2657,1328.5,CYBERCX,0.5428,362.1,358.7,38.4,12.9,1920,1080,0.024,381.3,365.2
Round3,Q1,2657,1328.5,CYBERCX,0.5222,566.3,303.6,26.9,10.8,1920,1080,0.014,579.7,309.0
Round3,Q1,2657,1328.5,CYBERCX,0.45,571.5,360.2,41.1,12.5,1920,1080,0.025,592.1,366.4
Round3,Q1,2657,1328.5,CYBERCX,0.448,851.8,302.9,26.3,11.2,1920,1080,0.014,865.0,308.5
Round3,Q1,2657,1328.5,CYBERCX,0.4453,1870.2,90.9,44.3,21.1,1920,1080,0.045,1892.3,101.4
Round3,Q1,2657,1328.5,CYBERCX,0.4189,756.9,302.9,26.4,11.2,1920,1080,0.014,770.1,308.5
Round3,Q1,2657,1328.5,CYBERCX,0.4174,693.2,303.4,26.1,10.4,1920,1080,0.013,706.2,308.6
Round3,Q1,2657,1328.5,CYBERCX,0.411,1825.8,100.3,37.8,19.7,1920,1080,0.036,1844.7,110.1
Round3,Q1,2657,1328.5,CYBERCX,0.4032,1707.1,124.3,33.8,18.2,1920,1080,0.03,1724.0,133.4
Round3,Q1,2657,1328.5,CYBERCX,0.3911,1215.8,397.0,32.7,17.9,1920,1080,0.028,1232.2,406.0
Round3,Q1,2657,1328.5,CYBERCX,0.3829,1763.0,508.3,43.7,35.7,1920,1080,0.075,1784.8,526.2
Round3,Q1,2657,1328.5,CYBERCX,0.3704,724.3,303.1,28.1,11.2,1920,1080,0.015,738.4,308.7
Round3,Q1,2657,1328.5,CYBERCX,0.3432,1746.5,117.9,31.4,17.8,1920,1080,0.027,1762.2,126.8
Round3,Q1,2657,1328.5,CYBERCX,0.3331,1137.1,390.5,30.7,14.5,1920,1080,0.022,1152.5,397.8
Round3,Q1,2657,1328.5,CYBERCX,0.3074,946.5,303.4,26.1,11.5,1920,1080,0.014,959.5,309.1
Round3,Q1,2658,1329.0,CYBERCX,0.8481,448.3,358.8,33.7,12.2,1920,1080,0.02,465.1,364.9
Round3,Q1,2658,1329.0,CYBERCX,0.8442,168.2,361.2,40.7,12.7,1920,1080,0.025,188.5,367.5
Round3,Q1,2658,1329.0,CYBERCX,0.8436,1438.3,427.0,43.6,23.1,1920,1080,0.048,1460.1,438.5
Round3,Q1,2658,1329.0,CYBERCX,0.8427,1298.2,407.4,39.1,19.4,1920,1080,0.037,1317.8,417.1
Round3,Q1,2658,1329.0,CYBERCX,0.8388,217.0,360.7,40.0,12.6,1920,1080,0.024,237.0,367.0
Round3,Q1,2658,1329.0,CYBERCX,0.8361,1390.8,420.3,40.8,20.4,1920,1080,0.04,1411.2,430.5
Round3,Q1,2658,1329.0,CYBERCX,0.8357,1170.2,392.8,36.3,16.8,1920,1080,0.029,1188.3,401.2
Round3,Q1,2658,1329.0,CYBERCX,0.8315,405.2,359.0,37.5,12.3,1920,1080,0.022,423.9,365.1
Round3,Q1,2658,1329.0,CYBERCX,0.8243,1543.5,446.3,49.6,25.8,1920,1080,0.062,1568.3,459.2
Round3,Q1,2658,1329.0,CYBERCX,0.8231,898.6,371.6,32.4,13.8,1920,1080,0.022,914.8,378.5
Round3,Q1,2658,1329.0,CYBERCX,0.8172,1343.6,413.4,39.3,19.8,1920,1080,0.038,1363.3,423.4
Round3,Q1,2658,1329.0,CYBERCX,0.8102,643.9,361.4,31.4,12.5,1920,1080,0.019,659.6,367.7
Round3,Q1,2658,1329.0,CYBERCX,0.8088,825.1,367.7,31.4,13.2,1920,1080,0.02,840.7,374.3
Round3,Q1,2658,1329.0,CYBERCX,0.8078,529.1,359.7,32.5,11.8,1920,1080,0.019,545.3,365.6
Round3,Q1,2658,1329.0,CYBERCX,0.8046,1842.2,315.0,45.3,24.7,1920,1080,0.054,1864.8,327.3
Round3,Q1,2658,1329.0,CYBERCX,0.8021,1785.4,314.8,48.3,22.7,1920,1080,0.053,1809.5,326.2
Round3,Q1,2658,1329.0,CYBERCX,0.7993,1643.9,312.9,40.1,19.2,1920,1080,0.037,1663.9,322.5
Round3,Q1,2658,1329.0,CYBERCX,0.7978,1600.8,312.3,35.9,17.9,1920,1080,0.031,1618.7,321.3
Round3,Q1,2658,1329.0,CYBERCX,0.7976,1404.8,308.4,33.4,15.3,1920,1080,0.025,1421.5,316.1
Round3,Q1,2658,1329.0,CYBERCX,0.7932,1089.9,385.2,33.8,15.5,1920,1080,0.025,1106.8,392.9
Round3,Q1,2658,1329.0,CYBERCX,0.7924,118.0,361.8,41.5,12.6,1920,1080,0.025,138.7,368.1
Round3,Q1,2658,1329.0,CYBERCX,0.7919,751.7,365.3,32.4,12.8,1920,1080,0.02,767.9,371.7
Round3,Q1,2658,1329.0,CYBERCX,0.7854,1480.1,309.9,32.8,16.4,1920,1080,0.026,1496.5,318.1
Round3,Q1,2658,1329.0,CYBERCX,0.7796,1691.7,313.8,37.8,20.1,1920,1080,0.037,1710.6,323.8
Round3,Q1,2658,1329.0,CYBERCX,0.7784,788.9,366.9,31.3,12.1,1920,1080,0.018,804.6,372.9
Round3,Q1,2658,1329.0,CYBERCX,0.7672,1561.6,311.3,33.8,17.6,1920,1080,0.029,1578.4,320.1
Round3,Q1,2658,1329.0,CYBERCX,0.7645,606.5,360.6,32.4,12.3,1920,1080,0.019,622.7,366.8
Round3,Q1,2658,1329.0,CYBERCX,0.7585,1443.8,308.8,30.8,15.9,1920,1080,0.024,1459.2,316.7
Round3,Q1,2658,1329.0,CYBERCX,0.757,1297.8,306.2,30.7,14.2,1920,1080,0.021,1313.1,313.3
Round3,Q1,2658,1329.0,CYBERCX,0.7531,1896.5,315.3,23.4,27.8,1920,1080,0.031,1908.2,329.2
Round3,Q1,2658,1329.0,CYBERCX,0.7473,12.3,363.8,43.1,13.3,1920,1080,0.028,33.9,370.4
Round3,Q1,2658,1329.0,CYBERCX,0.7436,1368.9,308.1,30.6,14.0,1920,1080,0.021,1384.2,315.1
Round3,Q1,2658,1329.0,CYBERCX,0.7366,1262.5,305.8,29.4,14.3,1920,1080,0.02,1277.2,312.9
Round3,Q1,2658,1329.0,CYBERCX,0.7344,1194.7,305.1,29.3,12.7,1920,1080,0.018,1209.3,311.5
Round3,Q1,2658,1329.0,CYBERCX,0.7326,1040.6,304.1,26.4,11.4,1920,1080,0.014,1053.8,309.8
Round3,Q1,2658,1329.0,CYBERCX,0.7194,936.7,373.6,33.4,14.1,1920,1080,0.023,953.4,380.7
Round3,Q1,2658,1329.0,CYBERCX,0.7171,1229.1,305.6,28.4,13.6,1920,1080,0.019,1243.2,312.4
Round3,Q1,2658,1329.0,CYBERCX,0.7082,567.6,359.8,34.5,12.6,1920,1080,0.021,584.9,366.1
Round3,Q1,2658,1329.0,CYBERCX,0.7014,264.4,360.7,36.7,12.0,1920,1080,0.021,282.7,366.7
Round3,Q1,2658,1329.0,CYBERCX,0.6833,1212.3,396.4,34.9,16.7,1920,1080,0.028,1229.7,404.7
Round3,Q1,2658,1329.0,CYBERCX,0.6805,67.1,363.0,43.0,13.0,1920,1080,0.027,88.5,369.5
Round3,Q1,2658,1329.0,CYBERCX,0.6688,1072.6,304.4,26.8,11.2,1920,1080,0.014,1086.0,310.0
Round3,Q1,2658,1329.0,CYBERCX,0.6601,1519.2,310.6,35.3,17.2,1920,1080,0.029,1536.8,319.2
Round3,Q1,2658,1329.0,CYBERCX,0.6517,861.2,368.9,31.3,13.5,1920,1080,0.02,876.8,375.7
Round3,Q1,2658,1329.0,CYBERCX,0.6495,679.8,362.7,29.3,12.1,1920,1080,0.017,694.4,368.8
Round3,Q1,2658,1329.0,CYBERCX,0.6075,911.8,303.4,27.3,10.7,1920,1080,0.014,925.5,308.7
Round3,Q1,2658,1329.0,CYBERCX,0.5932,716.1,364.0,31.2,12.9,1920,1080,0.019,731.7,370.4
Round3,Q1,2658,1329.0,CYBERCX,0.5843,488.6,359.2,33.9,12.1,1920,1080,0.02,505.6,365.2
Round3,Q1,2658,1329.0,CYBERCX,0.5759,1868.9,91.3,41.8,19.4,1920,1080,0.039,1889.8,101.0
Round3,Q1,2658,1329.0,CYBERCX,0.5678,1781.6,110.6,34.9,17.7,1920,1080,0.03,1799.1,119.5
Round3,Q1,2658,1329.0,CYBERCX,0.5563,1334.2,307.0,27.9,14.8,1920,1080,0.02,1348.2,314.4
Round3,Q1,2658,1329.0,CYBERCX,0.543,1490.3,434.9,42.1,23.7,1920,1080,0.048,1511.4,446.7
Round3,Q1,2658,1329.0,CYBERCX,0.5402,311.0,360.6,34.2,11.3,1920,1080,0.019,328.2,366.2
Round3,Q1,2658,1329.0,CYBERCX,0.5338,1007.9,304.1,27.7,11.3,1920,1080,0.015,1021.8,309.7
Round3,Q1,2658,1329.0,CYBERCX,0.526,880.0,302.9,26.6,11.1,1920,1080,0.014,893.3,308.5
Round3,Q1,2658,1329.0,CYBERCX,0.5249,1703.1,484.4,45.8,33.4,1920,1080,0.074,1726.0,501.1
Round3,Q1,2658,1329.0,CYBERCX,0.5144,721.9,302.5,26.8,10.8,1920,1080,0.014,735.3,307.9
Round3,Q1,2658,1329.0,CYBERCX,0.4838,1105.2,304.0,21.8,11.9,1920,1080,0.013,1116.1,310.0
Round3,Q1,2658,1329.0,CYBERCX,0.4786,754.2,302.7,25.8,11.0,1920,1080,0.014,767.1,308.2
Round3,Q1,2658,1329.0,CYBERCX,0.4662,1011.3,378.5,34.2,15.2,1920,1080,0.025,1028.3,386.1
Round3,Q1,2658,1329.0,CYBERCX,0.4625,359.7,358.8,37.3,12.6,1920,1080,0.023,378.3,365.1
Round3,Q1,2658,1329.0,CYBERCX,0.4587,1130.1,389.5,34.3,15.3,1920,1080,0.025,1147.3,397.2
Round3,Q1,2658,1329.0,CYBERCX,0.457,849.6,302.4,25.4,11.6,1920,1080,0.014,862.3,308.2
Round3,Q1,2658,1329.0,CYBERCX,0.4383,562.8,303.5,28.4,10.6,1920,1080,0.015,577.0,308.9
Round3,Q1,2658,1329.0,CYBERCX,0.4124,690.2,302.9,26.4,10.4,1920,1080,0.013,703.4,308.1
Round3,Q1,2658,1329.0,CYBERCX,0.4073,1736.5,314.0,40.6,20.4,1920,1080,0.04,1756.8,324.3
Round3,Q1,2658,1329.0,CYBERCX,0.3667,1704.8,124.9,33.6,17.4,1920,1080,0.028,1721.6,133.6
Round3,Q1,2658,1329.0,CYBERCX,0.3341,1743.4,118.1,32.7,16.7,1920,1080,0.026,1759.8,126.5
Round3,Q1,2658,1329.0,CYBERCX,0.3269,466.0,304.7,27.2,10.8,1920,1080,0.014,479.6,310.1
Round3,Q1,2658,1329.0,CYBERCX,0.3205,1161.2,304.6,26.6,12.1,1920,1080,0.015,1174.5,310.7
Round3,Q1,2658,1329.0,CYBERCX,0.3109,103.4,307.8,34.8,12.6,1920,1080,0.021,120.8,314.2
Round3,Q1,2659,1329.5,CYBERCX,0.8578,446.9,358.9,34.3,12.3,1920,1080,0.02,464.1,365.1
Round3,Q1,2659,1329.5,CYBERCX,0.8474,166.0,361.2,40.9,12.6,1920,1080,0.025,186.5,367.5
Round3,Q1,2659,1329.5,CYBERCX,0.8453,1436.3,426.6,44.3,23.1,1920,1080,0.049,1458.5,438.1
Round3,Q1,2659,1329.5,CYBERCX,0.835,215.5,360.8,39.4,12.7,1920,1080,0.024,235.2,367.2
Round3,Q1,2659,1329.5,CYBERCX,0.8333,1341.8,413.3,40.4,19.4,1920,1080,0.038,1362.0,423.0
Round3,Q1,2659,1329.5,CYBERCX,0.8317,1169.3,392.0,35.9,17.3,1920,1080,0.03,1187.2,400.7
Round3,Q1,2659,1329.5,CYBERCX,0.8257,1389.2,419.6,41.1,20.7,1920,1080,0.041,1409.8,429.9
Round3,Q1,2659,1329.5,CYBERCX,0.8256,824.3,367.8,31.8,13.0,1920,1080,0.02,840.2,374.2
Round3,Q1,2659,1329.5,CYBERCX,0.8222,1518.6,311.1,35.6,16.8,1920,1080,0.029,1536.4,319.5
Round3,Q1,2659,1329.5,CYBERCX,0.8157,642.7,361.0,31.8,12.8,1920,1080,0.02,658.6,367.4
Round3,Q1,2659,1329.5,CYBERCX,0.8123,1542.4,447.7,46.9,23.4,1920,1080,0.053,1565.9,459.4
Round3,Q1,2659,1329.5,CYBERCX,0.8079,1296.7,408.6,39.1,17.3,1920,1080,0.033,1316.3,417.3
Round3,Q1,2659,1329.5,CYBERCX,0.8053,1403.9,307.9,33.3,15.7,1920,1080,0.025,1420.6,315.7
Round3,Q1,2659,1329.5,CYBERCX,0.8023,861.1,369.5,30.9,13.0,1920,1080,0.019,876.6,376.0
Round3,Q1,2659,1329.5,CYBERCX,0.8004,787.9,366.8,31.3,12.1,1920,1080,0.018,803.5,372.9
Round3,Q1,2659,1329.5,CYBERCX,0.7996,10.4,363.8,44.9,13.8,1920,1080,0.03,32.8,370.7
Round3,Q1,2659,1329.5,CYBERCX,0.7988,116.3,361.8,41.9,12.4,1920,1080,0.025,137.2,368.0
Round3,Q1,2659,1329.5,CYBERCX,0.7983,679.4,362.1,30.6,12.8,1920,1080,0.019,694.7,368.5
Round3,Q1,2659,1329.5,CYBERCX,0.7967,751.0,365.4,31.9,12.5,1920,1080,0.019,767.0,371.7
Round3,Q1,2659,1329.5,CYBERCX,0.7947,1088.7,385.0,33.9,15.4,1920,1080,0.025,1105.7,392.7
Round3,Q1,2659,1329.5,CYBERCX,0.7942,404.2,358.9,36.6,12.6,1920,1080,0.022,422.6,365.2
Round3,Q1,2659,1329.5,CYBERCX,0.7928,1642.7,312.5,39.7,19.6,1920,1080,0.037,1662.6,322.3
Round3,Q1,2659,1329.5,CYBERCX,0.7911,897.0,372.1,33.2,12.8,1920,1080,0.021,913.5,378.5
Round3,Q1,2659,1329.5,CYBERCX,0.787,1599.7,312.2,36.3,18.0,1920,1080,0.032,1617.9,321.2
Round3,Q1,2659,1329.5,CYBERCX,0.7854,566.5,360.1,36.2,12.4,1920,1080,0.022,584.7,366.3
Round3,Q1,2659,1329.5,CYBERCX,0.7826,1193.9,305.5,29.2,12.2,1920,1080,0.017,1208.5,311.6
Round3,Q1,2659,1329.5,CYBERCX,0.7756,1479.7,309.4,32.4,16.7,1920,1080,0.026,1495.9,317.8
Round3,Q1,2659,1329.5,CYBERCX,0.7696,1840.3,315.2,45.9,24.0,1920,1080,0.053,1863.2,327.3
Round3,Q1,2659,1329.5,CYBERCX,0.7665,1735.3,313.6,40.4,21.2,1920,1080,0.041,1755.5,324.2
Round3,Q1,2659,1329.5,CYBERCX,0.7631,527.0,360.0,32.4,11.5,1920,1080,0.018,543.2,365.8
Round3,Q1,2659,1329.5,CYBERCX,0.7628,1690.1,314.1,38.4,19.8,1920,1080,0.037,1709.3,324.0
Round3,Q1,2659,1329.5,CYBERCX,0.7608,486.5,359.4,35.8,12.2,1920,1080,0.021,504.4,365.5
Round3,Q1,2659,1329.5,CYBERCX,0.7606,1368.0,307.7,30.4,14.6,1920,1080,0.021,1383.2,315.0
Round3,Q1,2659,1329.5,CYBERCX,0.7588,1784.2,314.6,46.5,23.2,1920,1080,0.052,1807.5,326.2
Round3,Q1,2659,1329.5,CYBERCX,0.7543,261.5,360.4,39.2,12.4,1920,1080,0.023,281.1,366.6
Round3,Q1,2659,1329.5,CYBERCX,0.7538,1297.0,306.3,30.7,14.2,1920,1080,0.021,1312.3,313.4
Round3,Q1,2659,1329.5,CYBERCX,0.7501,1443.2,308.7,31.3,16.2,1920,1080,0.024,1458.8,316.7
Round3,Q1,2659,1329.5,CYBERCX,0.7495,1560.1,311.9,34.5,16.9,1920,1080,0.028,1577.4,320.3
Round3,Q1,2659,1329.5,CYBERCX,0.7457,1895.8,314.9,24.1,27.8,1920,1080,0.032,1907.9,328.8
Round3,Q1,2659,1329.5,CYBERCX,0.7451,1210.8,396.5,37.4,17.3,1920,1080,0.031,1229.4,405.1
Round3,Q1,2659,1329.5,CYBERCX,0.7451,1228.5,305.7,28.6,13.2,1920,1080,0.018,1242.8,312.3
Round3,Q1,2659,1329.5,CYBERCX,0.7391,1262.0,306.0,29.2,14.0,1920,1080,0.02,1276.6,313.0
Round3,Q1,2659,1329.5,CYBERCX,0.7308,935.1,373.9,33.2,13.8,1920,1080,0.022,951.7,380.8
Round3,Q1,2659,1329.5,CYBERCX,0.7299,1040.0,304.3,26.3,10.8,1920,1080,0.014,1053.2,309.7
Round3,Q1,2659,1329.5,CYBERCX,0.7239,1333.3,307.3,29.5,14.4,1920,1080,0.021,1348.0,314.5
Round3,Q1,2659,1329.5,CYBERCX,0.7203,1488.8,434.6,47.7,24.5,1920,1080,0.056,1512.7,446.8
Round3,Q1,2659,1329.5,CYBERCX,0.6835,1160.0,305.0,28.2,12.6,1920,1080,0.017,1174.1,311.3
Round3,Q1,2659,1329.5,CYBERCX,0.6823,1702.5,484.5,44.4,33.3,1920,1080,0.071,1724.7,501.1
Round3,Q1,2659,1329.5,CYBERCX,0.6725,1756.0,500.7,46.9,40.1,1920,1080,0.091,1779.5,520.8
Round3,Q1,2659,1329.5,CYBERCX,0.668,606.8,360.8,31.3,11.8,1920,1080,0.018,622.5,366.6
Round3,Q1,2659,1329.5,CYBERCX,0.6586,1104.8,304.2,24.5,11.6,1920,1080,0.014,1117.0,310.0
Round3,Q1,2659,1329.5,CYBERCX,0.6559,1071.8,304.5,27.3,11.0,1920,1080,0.015,1085.5,310.0
Round3,Q1,2659,1329.5,CYBERCX,0.6527,62.7,362.8,45.2,13.2,1920,1080,0.029,85.3,369.4
Round3,Q1,2659,1329.5,CYBERCX,0.6219,1822.3,101.4,37.3,19.0,1920,1080,0.034,1841.0,111.0
Round3,Q1,2659,1329.5,CYBERCX,0.5854,1050.9,381.3,32.0,15.3,1920,1080,0.024,1066.9,389.0
Round3,Q1,2659,1329.5,CYBERCX,0.5803,714.6,363.5,31.4,13.2,1920,1080,0.02,730.3,370.1
Round3,Q1,2659,1329.5,CYBERCX,0.5679,1781.2,111.0,34.8,17.6,1920,1080,0.03,1798.6,119.8
Round3,Q1,2659,1329.5,CYBERCX,0.5418,1129.2,389.4,34.2,15.4,1920,1080,0.025,1146.3,397.1
Round3,Q1,2659,1329.5,CYBERCX,0.541,721.7,302.8,26.5,10.8,1920,1080,0.014,735.0,308.2
Round3,Q1,2659,1329.5,CYBERCX,0.5285,879.0,302.9,27.7,11.6,1920,1080,0.015,892.9,308.7
Round3,Q1,2659,1329.5,CYBERCX,0.5279,911.3,303.6,27.4,10.7,1920,1080,0.014,925.0,308.9
Round3,Q1,2659,1329.5,CYBERCX,0.517,753.7,303.0,25.6,10.4,1920,1080,0.013,766.5,308.2
Round3,Q1,2659,1329.5,CYBERCX,0.5169,1010.6,378.9,33.6,14.8,1920,1080,0.024,1027.4,386.3
Round3,Q1,2659,1329.5,CYBERCX,0.5135,1006.4,304.1,28.2,11.4,1920,1080,0.015,1020.5,309.8
Round3,Q1,2659,1329.5,CYBERCX,0.4874,1704.6,124.9,32.8,17.2,1920,1080,0.027,1721.1,133.5
Round3,Q1,2659,1329.5,CYBERCX,0.4615,562.7,303.8,27.6,10.4,1920,1080,0.014,576.5,309.0
Round3,Q1,2659,1329.5,CYBERCX,0.457,498.2,304.6,26.9,9.8,1920,1080,0.013,511.6,309.4
Round3,Q1,2659,1329.5,CYBERCX,0.457,431.4,304.3,28.9,11.1,1920,1080,0.015,445.8,309.9
Round3,Q1,2659,1329.5,CYBERCX,0.4543,1253.1,401.6,37.4,18.3,1920,1080,0.033,1271.8,410.8
Round3,Q1,2659,1329.5,CYBERCX,0.4269,465.8,304.5,26.6,10.3,1920,1080,0.013,479.1,309.7
Round3,Q1,2659,1329.5,CYBERCX,0.426,308.2,360.7,37.3,11.1,1920,1080,0.02,326.9,366.2
Round3,Q1,2659,1329.5,CYBERCX,0.3854,689.2,302.9,27.2,10.6,1920,1080,0.014,702.8,308.1
Round3,Q1,2659,1329.5,CYBERCX,0.3795,594.9,303.7,25.5,10.0,1920,1080,0.012,607.6,308.7
Round3,Q1,2659,1329.5,CYBERCX,0.3752,1600.5,456.5,44.0,26.2,1920,1080,0.056,1622.5,469.6
Round3,Q1,2659,1329.5,CYBERCX,0.3742,848.6,302.6,25.8,11.0,1920,1080,0.014,861.5,308.1
Round3,Q1,2659,1329.5,CYBERCX,0.3707,1743.5,118.4,32.3,17.0,1920,1080,0.026,1759.6,126.9
Round3,Q1,2659,1329.5,CYBERCX,0.3671,181.0,307.2,30.8,11.3,1920,1080,0.017,196.3,312.9
Round3,Q1,2659,1329.5,CYBERCX,0.3611,1633.0,137.4,29.8,15.9,1920,1080,0.023,1647.9,145.3
Round3,Q1,2659,1329.5,CYBERCX,0.3382,1534.5,151.8,28.2,14.1,1920,1080,0.019,1548.6,158.9
Round3,Q1,2659,1329.5,CYBERCX,0.3299,255.9,306.5,31.2,12.4,1920,1080,0.019,271.5,312.7
Round3,Q1,2659,1329.5,CYBERCX,0.3281,626.6,303.7,26.9,10.4,1920,1080,0.014,640.0,308.9
Round3,Q1,2660,1330.0,CYBERCX,0.8526,1437.2,426.0,44.1,22.6,1920,1080,0.048,1459.2,437.3
Round3,Q1,2660,1330.0,CYBERCX,0.8516,448.8,358.7,33.9,12.3,1920,1080,0.02,465.7,364.8
Round3,Q1,2660,1330.0,CYBERCX,0.8409,167.9,361.0,40.7,12.9,1920,1080,0.025,188.2,367.4
Round3,Q1,2660,1330.0,CYBERCX,0.839,216.5,360.8,39.8,12.7,1920,1080,0.024,236.4,367.1
Round3,Q1,2660,1330.0,CYBERCX,0.8366,1520.1,311.0,35.3,16.9,1920,1080,0.029,1537.8,319.4
Round3,Q1,2660,1330.0,CYBERCX,0.8326,644.5,361.0,31.6,12.8,1920,1080,0.019,660.3,367.3
Round3,Q1,2660,1330.0,CYBERCX,0.8306,1389.2,418.7,41.4,21.0,1920,1080,0.042,1409.8,429.2
Round3,Q1,2660,1330.0,CYBERCX,0.8275,12.0,363.6,45.5,14.1,1920,1080,0.031,34.7,370.7
Round3,Q1,2660,1330.0,CYBERCX,0.82,1602.3,312.0,34.9,18.1,1920,1080,0.03,1619.7,321.0
Round3,Q1,2660,1330.0,CYBERCX,0.8165,1736.9,314.3,40.0,20.5,1920,1080,0.04,1756.9,324.6
Round3,Q1,2660,1330.0,CYBERCX,0.8163,1343.1,412.9,39.1,19.2,1920,1080,0.036,1362.6,422.5
Round3,Q1,2660,1330.0,CYBERCX,0.8106,789.8,366.5,31.1,12.8,1920,1080,0.019,805.3,372.8
Round3,Q1,2660,1330.0,CYBERCX,0.8105,861.8,369.2,32.2,13.1,1920,1080,0.02,877.9,375.7
Round3,Q1,2660,1330.0,CYBERCX,0.8069,1644.6,312.9,39.0,19.0,1920,1080,0.036,1664.1,322.4
Round3,Q1,2660,1330.0,CYBERCX,0.8027,116.6,362.0,42.3,12.6,1920,1080,0.026,137.8,368.2
Round3,Q1,2660,1330.0,CYBERCX,0.8015,751.7,364.8,33.3,13.0,1920,1080,0.021,768.4,371.3
Round3,Q1,2660,1330.0,CYBERCX,0.7998,1170.5,391.9,36.0,17.1,1920,1080,0.03,1188.5,400.5
Round3,Q1,2660,1330.0,CYBERCX,0.7993,1841.7,315.0,45.8,24.2,1920,1080,0.053,1864.6,327.1
Round3,Q1,2660,1330.0,CYBERCX,0.7991,1488.6,434.3,45.0,23.9,1920,1080,0.052,1511.2,446.2
Round3,Q1,2660,1330.0,CYBERCX,0.798,825.6,367.4,32.0,12.9,1920,1080,0.02,841.6,373.8
Round3,Q1,2660,1330.0,CYBERCX,0.7958,1481.4,309.5,32.0,16.5,1920,1080,0.026,1497.4,317.8
Round3,Q1,2660,1330.0,CYBERCX,0.7938,1212.0,396.4,36.1,17.0,1920,1080,0.03,1230.1,404.9
Round3,Q1,2660,1330.0,CYBERCX,0.7933,681.1,362.1,30.8,12.6,1920,1080,0.019,696.5,368.4
Round3,Q1,2660,1330.0,CYBERCX,0.7876,1405.5,308.4,32.7,15.2,1920,1080,0.024,1421.8,315.9
Round3,Q1,2660,1330.0,CYBERCX,0.7816,1691.4,313.7,38.8,20.0,1920,1080,0.037,1710.8,323.7
Round3,Q1,2660,1330.0,CYBERCX,0.7783,1444.7,308.9,31.6,15.9,1920,1080,0.024,1460.5,316.8
Round3,Q1,2660,1330.0,CYBERCX,0.7745,1756.3,500.4,48.2,37.6,1920,1080,0.087,1780.4,519.2
Round3,Q1,2660,1330.0,CYBERCX,0.774,608.9,360.5,30.6,12.4,1920,1080,0.018,624.2,366.7
Round3,Q1,2660,1330.0,CYBERCX,0.7687,528.6,359.3,32.7,12.2,1920,1080,0.019,545.0,365.4
Round3,Q1,2660,1330.0,CYBERCX,0.7677,404.2,359.0,38.5,12.1,1920,1080,0.022,423.4,365.1
Round3,Q1,2660,1330.0,CYBERCX,0.7527,1897.6,316.0,22.3,25.8,1920,1080,0.028,1908.7,328.9
Round3,Q1,2660,1330.0,CYBERCX,0.745,263.6,360.0,38.7,12.3,1920,1080,0.023,282.9,366.1
Round3,Q1,2660,1330.0,CYBERCX,0.7402,936.6,373.5,32.7,13.9,1920,1080,0.022,952.9,380.4
Round3,Q1,2660,1330.0,CYBERCX,0.7306,568.4,359.6,35.1,12.6,1920,1080,0.021,585.9,365.9
Round3,Q1,2660,1330.0,CYBERCX,0.7254,1106.5,304.5,27.9,11.8,1920,1080,0.016,1120.4,310.4
Round3,Q1,2660,1330.0,CYBERCX,0.7231,899.2,371.0,30.6,13.7,1920,1080,0.02,914.5,377.8
Round3,Q1,2660,1330.0,CYBERCX,0.7209,1785.4,314.9,46.6,22.4,1920,1080,0.05,1808.7,326.1
Round3,Q1,2660,1330.0,CYBERCX,0.716,1298.3,306.7,30.8,13.8,1920,1080,0.02,1313.7,313.6
Round3,Q1,2660,1330.0,CYBERCX,0.7148,1230.3,305.7,28.6,13.4,1920,1080,0.018,1244.6,312.4
Round3,Q1,2660,1330.0,CYBERCX,0.7069,1335.3,307.4,29.4,14.2,1920,1080,0.02,1350.0,314.5
Round3,Q1,2660,1330.0,CYBERCX,0.7023,487.8,359.1,36.0,12.1,1920,1080,0.021,505.8,365.2
Round3,Q1,2660,1330.0,CYBERCX,0.698,1073.3,304.7,28.1,10.9,1920,1080,0.015,1087.4,310.1
Round3,Q1,2660,1330.0,CYBERCX,0.6954,1041.7,304.4,26.5,10.6,1920,1080,0.014,1054.9,309.7
Round3,Q1,2660,1330.0,CYBERCX,0.6925,1562.1,310.5,33.6,18.2,1920,1080,0.03,1578.9,319.6
Round3,Q1,2660,1330.0,CYBERCX,0.6877,1128.9,388.6,35.4,16.1,1920,1080,0.027,1146.7,396.7
Round3,Q1,2660,1330.0,CYBERCX,0.6766,1263.9,306.1,29.6,13.4,1920,1080,0.019,1278.7,312.8
Round3,Q1,2660,1330.0,CYBERCX,0.6765,1161.5,304.7,28.8,12.9,1920,1080,0.018,1175.9,311.2
Round3,Q1,2660,1330.0,CYBERCX,0.6549,1825.3,101.4,37.1,19.4,1920,1080,0.035,1843.9,111.1
Round3,Q1,2660,1330.0,CYBERCX,0.6519,1297.3,407.1,39.2,19.1,1920,1080,0.036,1316.9,416.6
Round3,Q1,2660,1330.0,CYBERCX,0.6186,716.3,363.6,28.1,12.4,1920,1080,0.017,730.4,369.8
Round3,Q1,2660,1330.0,CYBERCX,0.6161,1599.1,455.2,48.0,26.9,1920,1080,0.062,1623.1,468.7
Round3,Q1,2660,1330.0,CYBERCX,0.6129,1707.1,125.4,32.9,17.0,1920,1080,0.027,1723.5,133.9
Round3,Q1,2660,1330.0,CYBERCX,0.6128,1783.9,111.4,35.0,17.3,1920,1080,0.029,1801.4,120.0
Round3,Q1,2660,1330.0,CYBERCX,0.5971,1051.2,380.7,32.6,15.4,1920,1080,0.024,1067.5,388.4
Round3,Q1,2660,1330.0,CYBERCX,0.5775,880.9,303.1,27.6,11.1,1920,1080,0.015,894.7,308.6
Round3,Q1,2660,1330.0,CYBERCX,0.5755,1746.7,119.2,31.2,16.6,1920,1080,0.025,1762.3,127.5
Round3,Q1,2660,1330.0,CYBERCX,0.5683,913.2,303.6,26.9,10.9,1920,1080,0.014,926.6,309.0
Round3,Q1,2660,1330.0,CYBERCX,0.5607,65.8,363.2,42.5,13.6,1920,1080,0.028,87.1,370.0
Round3,Q1,2660,1330.0,CYBERCX,0.5539,1012.5,378.5,33.1,14.9,1920,1080,0.024,1029.1,386.0
Round3,Q1,2660,1330.0,CYBERCX,0.551,1089.7,383.7,30.1,16.5,1920,1080,0.024,1104.7,392.0
Round3,Q1,2660,1330.0,CYBERCX,0.4899,1369.5,307.8,29.5,14.6,1920,1080,0.021,1384.2,315.1
Round3,Q1,2660,1330.0,CYBERCX,0.4725,1705.3,483.9,41.1,30.9,1920,1080,0.061,1725.8,499.3
Round3,Q1,2660,1330.0,CYBERCX,0.4653,104.6,307.6,33.7,12.4,1920,1080,0.02,121.5,313.8
Round3,Q1,2660,1330.0,CYBERCX,0.454,1543.4,444.0,46.9,26.1,1920,1080,0.059,1566.8,457.1
Round3,Q1,2660,1330.0,CYBERCX,0.4445,723.7,302.9,26.6,10.4,1920,1080,0.013,737.0,308.1
Round3,Q1,2660,1330.0,CYBERCX,0.4303,755.4,303.3,26.8,10.5,1920,1080,0.014,768.8,308.5
Round3,Q1,2660,1330.0,CYBERCX,0.4065,1569.6,147.5,30.4,13.8,1920,1080,0.02,1584.8,154.4
Round3,Q1,2660,1330.0,CYBERCX,0.3831,1195.7,305.6,27.6,12.5,1920,1080,0.017,1209.5,311.9
Round3,Q1,2660,1330.0,CYBERCX,0.354,850.0,302.7,25.3,11.1,1920,1080,0.014,862.7,308.2
Round3,Q1,2660,1330.0,CYBERCX,0.3498,499.9,304.6,27.2,10.3,1920,1080,0.014,513.6,309.7
Round3,Q1,2660,1330.0,CYBERCX,0.3304,1008.9,304.1,26.7,10.7,1920,1080,0.014,1022.2,309.4
Round3,Q1,2660,1330.0,CYBERCX,0.3154,596.3,303.5,26.3,10.4,1920,1080,0.013,609.5,308.7
Round3,Q1,2660,1330.0,CYBERCX,0.3122,309.7,360.3,33.7,11.2,1920,1080,0.018,326.6,365.9
Round3,Q1,2660,1330.0,CYBERCX,0.3094,1537.2,152.1,27.2,13.4,1920,1080,0.018,1550.8,158.7
Round3,Q1,2660,1330.0,CYBERCX,0.3045,144.6,307.4,32.7,12.0,1920,1080,0.019,160.9,313.4
Round3,Q1,2660,1330.0,CYBERCX,0.3016,1635.4,137.4,29.1,15.9,1920,1080,0.022,1649.9,145.4
Round3,Q1,2661,1330.5,CYBERCX,0.8528,1435.6,425.3,42.7,22.5,1920,1080,0.046,1457.0,436.6
Round3,Q1,2661,1330.5,CYBERCX,0.8506,448.2,358.4,34.3,12.7,1920,1080,0.021,465.3,364.8
Round3,Q1,2661,1330.5,CYBERCX,0.8361,1388.1,418.2,41.4,20.9,1920,1080,0.042,1408.7,428.7
Round3,Q1,2661,1330.5,CYBERCX,0.833,1295.9,406.2,39.8,19.1,1920,1080,0.037,1315.8,415.7
Round3,Q1,2661,1330.5,CYBERCX,0.8324,898.7,370.6,32.1,13.8,1920,1080,0.021,914.8,377.5
Round3,Q1,2661,1330.5,CYBERCX,0.8225,167.6,360.7,41.1,12.7,1920,1080,0.025,188.1,367.1
Round3,Q1,2661,1330.5,CYBERCX,0.8203,216.1,360.5,39.6,12.9,1920,1080,0.025,235.9,367.0
Round3,Q1,2661,1330.5,CYBERCX,0.8162,11.5,363.5,45.5,13.9,1920,1080,0.03,34.3,370.4
Round3,Q1,2661,1330.5,CYBERCX,0.8146,1519.3,310.4,34.8,17.4,1920,1080,0.029,1536.7,319.1
Round3,Q1,2661,1330.5,CYBERCX,0.8144,1783.6,314.8,46.7,22.6,1920,1080,0.051,1806.9,326.1
Round3,Q1,2661,1330.5,CYBERCX,0.8126,1089.1,384.2,35.2,15.8,1920,1080,0.027,1106.7,392.1
Round3,Q1,2661,1330.5,CYBERCX,0.8126,1486.6,433.2,45.1,24.3,1920,1080,0.053,1509.1,445.4
Round3,Q1,2661,1330.5,CYBERCX,0.8113,1169.8,391.8,35.9,16.6,1920,1080,0.029,1187.7,400.1
Round3,Q1,2661,1330.5,CYBERCX,0.8099,644.5,360.9,32.1,12.5,1920,1080,0.019,660.5,367.2
Round3,Q1,2661,1330.5,CYBERCX,0.805,1210.6,395.7,37.0,17.4,1920,1080,0.031,1229.1,404.5
Round3,Q1,2661,1330.5,CYBERCX,0.7904,861.9,368.6,31.7,13.3,1920,1080,0.02,877.8,375.2
Round3,Q1,2661,1330.5,CYBERCX,0.7878,1735.4,313.9,40.2,21.0,1920,1080,0.041,1755.5,324.3
Round3,Q1,2661,1330.5,CYBERCX,0.7861,681.0,361.9,30.7,12.5,1920,1080,0.019,696.3,368.2
Round3,Q1,2661,1330.5,CYBERCX,0.7825,528.8,359.0,33.9,12.3,1920,1080,0.02,545.7,365.2
Round3,Q1,2661,1330.5,CYBERCX,0.7791,825.4,367.4,31.8,12.8,1920,1080,0.02,841.3,373.8
Round3,Q1,2661,1330.5,CYBERCX,0.7728,789.2,366.3,31.4,12.4,1920,1080,0.019,804.8,372.5
Round3,Q1,2661,1330.5,CYBERCX,0.7725,1643.2,312.7,38.5,19.1,1920,1080,0.036,1662.5,322.2
Round3,Q1,2661,1330.5,CYBERCX,0.7694,1341.7,412.5,38.7,18.4,1920,1080,0.034,1361.0,421.7
Round3,Q1,2661,1330.5,CYBERCX,0.7678,1404.9,308.2,32.1,15.6,1920,1080,0.024,1421.0,315.9
Round3,Q1,2661,1330.5,CYBERCX,0.7655,66.2,363.0,42.4,13.5,1920,1080,0.028,87.4,369.8
Round3,Q1,2661,1330.5,CYBERCX,0.765,567.7,359.3,35.6,12.4,1920,1080,0.021,585.5,365.5
Round3,Q1,2661,1330.5,CYBERCX,0.7648,1690.0,313.4,39.3,20.3,1920,1080,0.038,1709.6,323.6
Round3,Q1,2661,1330.5,CYBERCX,0.7592,1894.3,315.3,25.6,26.0,1920,1080,0.032,1907.1,328.3
Round3,Q1,2661,1330.5,CYBERCX,0.7587,1601.1,312.0,35.0,17.9,1920,1080,0.03,1618.6,321.0
Round3,Q1,2661,1330.5,CYBERCX,0.7536,1561.0,311.6,34.9,17.4,1920,1080,0.029,1578.4,320.3
Round3,Q1,2661,1330.5,CYBERCX,0.7517,1481.1,309.0,31.7,16.7,1920,1080,0.025,1497.0,317.3
Round3,Q1,2661,1330.5,CYBERCX,0.7477,1536.3,443.7,50.6,25.8,1920,1080,0.063,1561.6,456.6
Round3,Q1,2661,1330.5,CYBERCX,0.7377,1443.9,308.7,31.8,15.9,1920,1080,0.024,1459.9,316.6
Round3,Q1,2661,1330.5,CYBERCX,0.7331,1597.0,455.4,48.5,26.2,1920,1080,0.061,1621.3,468.5
Round3,Q1,2661,1330.5,CYBERCX,0.7314,1369.8,308.2,29.5,14.0,1920,1080,0.02,1384.5,315.2
Round3,Q1,2661,1330.5,CYBERCX,0.7249,609.0,360.6,30.6,11.8,1920,1080,0.017,624.3,366.5
Round3,Q1,2661,1330.5,CYBERCX,0.7239,1754.1,498.2,49.3,39.1,1920,1080,0.093,1778.7,517.7
Round3,Q1,2661,1330.5,CYBERCX,0.7235,1195.4,305.5,28.8,12.2,1920,1080,0.017,1209.8,311.6
Round3,Q1,2661,1330.5,CYBERCX,0.7195,1106.3,304.2,28.4,11.7,1920,1080,0.016,1120.5,310.1
Round3,Q1,2661,1330.5,CYBERCX,0.7152,752.2,364.7,32.7,12.8,1920,1080,0.02,768.6,371.1
Round3,Q1,2661,1330.5,CYBERCX,0.7121,936.6,373.3,31.8,13.8,1920,1080,0.021,952.5,380.2
Round3,Q1,2661,1330.5,CYBERCX,0.7008,115.9,362.2,43.4,12.3,1920,1080,0.026,137.6,368.4
Round3,Q1,2661,1330.5,CYBERCX,0.698,1334.4,307.1,29.6,14.8,1920,1080,0.021,1349.2,314.5
Round3,Q1,2661,1330.5,CYBERCX,0.6942,309.6,360.0,36.9,11.5,1920,1080,0.02,328.1,365.8
Round3,Q1,2661,1330.5,CYBERCX,0.6941,1839.1,313.9,46.8,25.8,1920,1080,0.058,1862.5,326.8
Round3,Q1,2661,1330.5,CYBERCX,0.6914,1011.2,378.5,36.3,14.7,1920,1080,0.026,1029.4,385.8
Round3,Q1,2661,1330.5,CYBERCX,0.6869,1297.7,306.4,30.6,14.3,1920,1080,0.021,1313.0,313.6
Round3,Q1,2661,1330.5,CYBERCX,0.6838,402.9,358.4,39.3,12.4,1920,1080,0.023,422.5,364.6
Round3,Q1,2661,1330.5,CYBERCX,0.6775,488.2,358.5,35.2,12.6,1920,1080,0.021,505.8,364.8
Round3,Q1,2661,1330.5,CYBERCX,0.6755,263.3,360.0,38.9,12.2,1920,1080,0.023,282.7,366.1
Round3,Q1,2661,1330.5,CYBERCX,0.6636,1229.1,305.5,29.1,13.4,1920,1080,0.019,1243.7,312.2
Round3,Q1,2661,1330.5,CYBERCX,0.6625,1073.6,304.7,27.7,11.0,1920,1080,0.015,1087.5,310.1
Round3,Q1,2661,1330.5,CYBERCX,0.6508,716.4,363.3,28.7,12.6,1920,1080,0.017,730.7,369.6
Round3,Q1,2661,1330.5,CYBERCX,0.6425,1161.6,304.7,28.6,12.8,1920,1080,0.018,1175.9,311.1
Round3,Q1,2661,1330.5,CYBERCX,0.6392,1263.7,306.2,29.4,13.2,1920,1080,0.019,1278.4,312.8
Round3,Q1,2661,1330.5,CYBERCX,0.5604,1824.4,102.0,37.0,19.6,1920,1080,0.035,1842.9,111.8
Round3,Q1,2661,1330.5,CYBERCX,0.5592,1129.7,388.7,34.1,15.3,1920,1080,0.025,1146.8,396.3
Round3,Q1,2661,1330.5,CYBERCX,0.5579,912.6,303.3,27.4,11.0,1920,1080,0.015,926.3,308.8
Round3,Q1,2661,1330.5,CYBERCX,0.5559,1869.5,93.0,40.8,19.5,1920,1080,0.038,1889.9,102.7
Round3,Q1,2661,1330.5,CYBERCX,0.5296,1051.0,380.5,31.7,15.3,1920,1080,0.023,1066.9,388.2
Round3,Q1,2661,1330.5,CYBERCX,0.4911,880.9,303.1,27.4,10.9,1920,1080,0.014,894.6,308.6
Round3,Q1,2661,1330.5,CYBERCX,0.4775,1041.0,304.3,27.0,10.9,1920,1080,0.014,1054.5,309.7
Round3,Q1,2661,1330.5,CYBERCX,0.4647,755.2,303.1,27.0,10.7,1920,1080,0.014,768.7,308.5
Round3,Q1,2661,1330.5,CYBERCX,0.4351,596.4,303.6,27.3,10.7,1920,1080,0.014,610.0,308.9
Round3,Q1,2661,1330.5,CYBERCX,0.4321,850.1,302.6,26.1,11.1,1920,1080,0.014,863.2,308.1
Round3,Q1,2661,1330.5,CYBERCX,0.4262,1783.5,111.7,35.0,18.5,1920,1080,0.031,1801.0,120.9
Round3,Q1,2661,1330.5,CYBERCX,0.4078,1746.0,119.4,31.5,17.1,1920,1080,0.026,1761.7,128.0
Round3,Q1,2661,1330.5,CYBERCX,0.4066,1705.8,126.2,33.7,17.0,1920,1080,0.028,1722.6,134.7
Round3,Q1,2661,1330.5,CYBERCX,0.3843,945.8,302.8,26.3,11.9,1920,1080,0.015,958.9,308.7
Round3,Q1,2661,1330.5,CYBERCX,0.3739,105.7,307.6,33.4,12.0,1920,1080,0.019,122.4,313.6
Round3,Q1,2661,1330.5,CYBERCX,0.3665,500.6,304.6,26.9,9.8,1920,1080,0.013,514.0,309.5
Round3,Q1,2661,1330.5,CYBERCX,0.3619,786.8,302.7,25.6,11.0,1920,1080,0.014,799.6,308.3
Round3,Q1,2661,1330.5,CYBERCX,0.3418,468.1,304.5,27.4,10.5,1920,1080,0.014,481.8,309.7
Round3,Q1,2661,1330.5,CYBERCX,0.3236,1669.2,132.9,30.8,15.0,1920,1080,0.022,1684.6,140.4
Round3,Q1,2661,1330.5,CYBERCX,0.3222,1635.2,137.7,29.4,15.8,1920,1080,0.022,1649.9,145.6
Round3,Q1,2661,1330.5,CYBERCX,0.3033,433.6,304.3,29.0,11.2,1920,1080,0.016,448.1,309.9
Round3,Q1,2662,1331.0,CYBERCX,0.8549,526.5,358.9,33.2,12.4,1920,1080,0.02,543.1,365.0
Round3,Q1,2662,1331.0,CYBERCX,0.848,1431.1,424.7,43.2,22.3,1920,1080,0.047,1452.7,435.9
Round3,Q1,2662,1331.0,CYBERCX,0.8476,1292.2,405.7,40.2,18.8,1920,1080,0.036,1312.3,415.1
Round3,Q1,2662,1331.0,CYBERCX,0.8424,1482.7,432.7,44.5,24.6,1920,1080,0.053,1504.9,445.0
Round3,Q1,2662,1331.0,CYBERCX,0.84,446.6,358.2,34.4,12.4,1920,1080,0.021,463.8,364.4
Round3,Q1,2662,1331.0,CYBERCX,0.837,1207.9,395.3,36.9,17.5,1920,1080,0.031,1226.4,404.0
Round3,Q1,2662,1331.0,CYBERCX,0.836,822.3,367.1,32.9,13.3,1920,1080,0.021,838.8,373.8
Round3,Q1,2662,1331.0,CYBERCX,0.8314,896.9,370.8,31.8,13.1,1920,1080,0.02,912.8,377.4
Round3,Q1,2662,1331.0,CYBERCX,0.8312,1383.3,417.6,42.5,20.6,1920,1080,0.042,1404.6,427.9
Round3,Q1,2662,1331.0,CYBERCX,0.8265,9.7,363.7,45.4,13.8,1920,1080,0.03,32.4,370.6
Round3,Q1,2662,1331.0,CYBERCX,0.8231,1639.2,313.1,39.0,18.5,1920,1080,0.035,1658.7,322.3
Round3,Q1,2662,1331.0,CYBERCX,0.8218,63.3,362.7,42.8,13.7,1920,1080,0.028,84.7,369.6
Round3,Q1,2662,1331.0,CYBERCX,0.8209,642.8,360.7,31.8,12.5,1920,1080,0.019,658.7,366.9
Round3,Q1,2662,1331.0,CYBERCX,0.8156,1557.3,311.6,34.8,17.0,1920,1080,0.029,1574.7,320.1
Round3,Q1,2662,1331.0,CYBERCX,0.8134,1086.8,384.0,33.8,15.2,1920,1080,0.025,1103.7,391.6
Round3,Q1,2662,1331.0,CYBERCX,0.8124,678.9,362.3,31.0,12.0,1920,1080,0.018,694.4,368.3
Round3,Q1,2662,1331.0,CYBERCX,0.8121,860.5,368.7,31.2,13.2,1920,1080,0.02,876.1,375.3
Round3,Q1,2662,1331.0,CYBERCX,0.8085,213.8,360.8,39.8,12.3,1920,1080,0.024,233.7,366.9
Round3,Q1,2662,1331.0,CYBERCX,0.8047,1165.9,391.3,37.2,16.8,1920,1080,0.03,1184.5,399.8
Round3,Q1,2662,1331.0,CYBERCX,0.7979,165.3,361.1,40.2,12.2,1920,1080,0.024,185.4,367.3
Round3,Q1,2662,1331.0,CYBERCX,0.7968,1515.8,310.1,34.7,17.2,1920,1080,0.029,1533.1,318.7
Round3,Q1,2662,1331.0,CYBERCX,0.7965,1685.8,314.0,40.4,19.3,1920,1080,0.038,1706.0,323.7
Round3,Q1,2662,1331.0,CYBERCX,0.7943,1779.1,314.8,45.1,22.2,1920,1080,0.048,1801.7,325.9
Round3,Q1,2662,1331.0,CYBERCX,0.7872,1731.5,314.0,40.0,20.6,1920,1080,0.04,1751.5,324.4
Round3,Q1,2662,1331.0,CYBERCX,0.7864,787.1,366.2,30.4,12.5,1920,1080,0.018,802.4,372.5
Round3,Q1,2662,1331.0,CYBERCX,0.7863,486.6,358.7,34.7,12.3,1920,1080,0.021,504.0,364.9
Round3,Q1,2662,1331.0,CYBERCX,0.7742,1534.7,442.6,48.0,25.3,1920,1080,0.058,1558.7,455.2
Round3,Q1,2662,1331.0,CYBERCX,0.7716,1366.5,307.8,30.5,14.4,1920,1080,0.021,1381.7,315.0
Round3,Q1,2662,1331.0,CYBERCX,0.7702,1103.6,304.2,29.9,12.0,1920,1080,0.017,1118.5,310.2
Round3,Q1,2662,1331.0,CYBERCX,0.7687,1477.8,309.2,32.4,16.3,1920,1080,0.025,1494.1,317.3
Round3,Q1,2662,1331.0,CYBERCX,0.7603,1749.3,496.9,50.1,37.2,1920,1080,0.09,1774.3,515.5
Round3,Q1,2662,1331.0,CYBERCX,0.7552,1440.4,309.1,32.8,15.4,1920,1080,0.024,1456.8,316.8
Round3,Q1,2662,1331.0,CYBERCX,0.7549,1889.9,315.4,29.8,26.7,1920,1080,0.038,1904.8,328.7
Round3,Q1,2662,1331.0,CYBERCX,0.7521,1295.0,306.5,30.7,13.8,1920,1080,0.02,1310.4,313.4
Round3,Q1,2662,1331.0,CYBERCX,0.7489,565.0,359.3,33.3,12.3,1920,1080,0.02,581.7,365.5
Round3,Q1,2662,1331.0,CYBERCX,0.7468,1331.4,306.9,30.3,15.0,1920,1080,0.022,1346.6,314.4
Round3,Q1,2662,1331.0,CYBERCX,0.7434,261.2,360.0,38.5,12.4,1920,1080,0.023,280.4,366.2
Round3,Q1,2662,1331.0,CYBERCX,0.7404,714.6,363.2,31.1,12.1,1920,1080,0.018,730.2,369.3
Round3,Q1,2662,1331.0,CYBERCX,0.7278,1192.8,305.5,29.1,12.2,1920,1080,0.017,1207.3,311.6
Round3,Q1,2662,1331.0,CYBERCX,0.7259,1159.2,304.5,28.5,12.9,1920,1080,0.018,1173.5,310.9
Round3,Q1,2662,1331.0,CYBERCX,0.7255,1071.6,304.7,27.0,11.1,1920,1080,0.014,1085.1,310.3
Round3,Q1,2662,1331.0,CYBERCX,0.688,933.9,372.6,31.1,14.0,1920,1080,0.021,949.5,379.5
Round3,Q1,2662,1331.0,CYBERCX,0.6765,308.2,359.9,35.2,11.7,1920,1080,0.02,325.8,365.7
Round3,Q1,2662,1331.0,CYBERCX,0.664,1261.2,306.1,29.0,13.3,1920,1080,0.019,1275.8,312.7
Round3,Q1,2662,1331.0,CYBERCX,0.6532,1048.3,380.0,31.3,15.6,1920,1080,0.024,1064.0,387.8
Round3,Q1,2662,1331.0,CYBERCX,0.6496,114.9,362.4,41.4,12.4,1920,1080,0.025,135.6,368.6
Round3,Q1,2662,1331.0,CYBERCX,0.6331,607.0,360.1,31.1,12.3,1920,1080,0.018,622.6,366.2
Round3,Q1,2662,1331.0,CYBERCX,0.6203,1597.0,311.5,34.4,18.4,1920,1080,0.031,1614.3,320.7
Round3,Q1,2662,1331.0,CYBERCX,0.608,1402.4,308.0,31.2,15.6,1920,1080,0.023,1418.0,315.8
Round3,Q1,2662,1331.0,CYBERCX,0.6054,1008.7,378.2,37.2,14.7,1920,1080,0.026,1027.3,385.6
Round3,Q1,2662,1331.0,CYBERCX,0.5867,1834.0,314.3,45.9,24.8,1920,1080,0.055,1856.9,326.7
Round3,Q1,2662,1331.0,CYBERCX,0.586,1779.3,112.2,34.1,19.0,1920,1080,0.031,1796.4,121.7
Round3,Q1,2662,1331.0,CYBERCX,0.5585,1741.7,120.7,32.6,16.0,1920,1080,0.025,1758.0,128.7
Round3,Q1,2662,1331.0,CYBERCX,0.5323,1820.1,103.5,37.1,19.0,1920,1080,0.034,1838.6,113.0
Round3,Q1,2662,1331.0,CYBERCX,0.5239,911.1,303.4,27.5,10.8,1920,1080,0.014,924.8,308.8
Round3,Q1,2662,1331.0,CYBERCX,0.5208,1227.4,305.4,27.6,12.9,1920,1080,0.017,1241.2,311.8
Round3,Q1,2662,1331.0,CYBERCX,0.5203,1591.8,452.4,45.9,25.9,1920,1080,0.057,1614.8,465.3
Round3,Q1,2662,1331.0,CYBERCX,0.5083,1864.6,94.5,39.6,18.9,1920,1080,0.036,1884.4,103.9
Round3,Q1,2662,1331.0,CYBERCX,0.5048,848.9,302.5,25.8,11.3,1920,1080,0.014,861.8,308.2
Round3,Q1,2662,1331.0,CYBERCX,0.4847,750.8,364.3,29.5,13.0,1920,1080,0.018,765.5,370.8
Round3,Q1,2662,1331.0,CYBERCX,0.4817,943.6,303.0,26.4,11.3,1920,1080,0.014,956.8,308.7
Round3,Q1,2662,1331.0,CYBERCX,0.4575,1338.6,411.0,37.5,18.7,1920,1080,0.034,1357.3,420.4
Round3,Q1,2662,1331.0,CYBERCX,0.4551,1007.1,304.0,27.8,11.5,1920,1080,0.015,1021.0,309.7
Round3,Q1,2662,1331.0,CYBERCX,0.4528,754.0,302.9,26.5,11.3,1920,1080,0.014,767.2,308.5
Round3,Q1,2662,1331.0,CYBERCX,0.4319,1040.7,304.4,24.2,10.4,1920,1080,0.012,1052.8,309.6
Round3,Q1,2662,1331.0,CYBERCX,0.4305,879.4,302.6,25.0,11.7,1920,1080,0.014,891.9,308.4
Round3,Q1,2662,1331.0,CYBERCX,0.4017,690.3,302.7,26.8,10.9,1920,1080,0.014,703.7,308.1
Round3,Q1,2662,1331.0,CYBERCX,0.3903,1804.3,519.7,39.8,41.5,1920,1080,0.08,1824.2,540.5
Round3,Q1,2662,1331.0,CYBERCX,0.3773,1632.4,139.1,29.1,15.5,1920,1080,0.022,1647.0,146.8
Round3,Q1,2662,1331.0,CYBERCX,0.3724,1666.2,133.7,31.3,14.8,1920,1080,0.022,1681.9,141.1
Round3,Q1,2662,1331.0,CYBERCX,0.3717,595.6,304.0,26.2,10.0,1920,1080,0.013,608.7,309.0
Round3,Q1,2662,1331.0,CYBERCX,0.3702,400.4,358.4,40.2,12.9,1920,1080,0.025,420.5,364.9
Round3,Q1,2662,1331.0,CYBERCX,0.3621,785.3,302.6,26.0,11.6,1920,1080,0.014,798.3,308.4
Round3,Q1,2662,1331.0,CYBERCX,0.3616,466.6,304.8,27.9,10.6,1920,1080,0.014,480.5,310.1
Round3,Q1,2662,1331.0,CYBERCX,0.3245,182.9,307.3,31.7,11.1,1920,1080,0.017,198.8,312.9
Round3,Q1,2663,1331.5,CYBERCX,0.8458,1289.7,405.5,39.4,18.2,1920,1080,0.035,1309.4,414.6
Round3,Q1,2663,1331.5,CYBERCX,0.8455,1477.8,431.7,46.1,23.9,1920,1080,0.053,1500.9,443.6
Round3,Q1,2663,1331.5,CYBERCX,0.8434,111.1,362.4,41.6,12.2,1920,1080,0.024,132.0,368.5
Round3,Q1,2663,1331.5,CYBERCX,0.8428,562.5,359.6,34.6,12.2,1920,1080,0.02,579.8,365.7
Round3,Q1,2663,1331.5,CYBERCX,0.8408,524.1,359.1,33.8,12.1,1920,1080,0.02,541.0,365.1
Round3,Q1,2663,1331.5,CYBERCX,0.8395,443.3,358.4,34.9,11.9,1920,1080,0.02,460.7,364.3
Round3,Q1,2663,1331.5,CYBERCX,0.829,819.8,367.2,33.2,12.9,1920,1080,0.021,836.4,373.6
Round3,Q1,2663,1331.5,CYBERCX,0.8237,1428.7,423.9,41.5,22.7,1920,1080,0.045,1449.4,435.2
Round3,Q1,2663,1331.5,CYBERCX,0.8236,1829.4,315.0,48.4,24.1,1920,1080,0.056,1853.7,327.1
Round3,Q1,2663,1331.5,CYBERCX,0.8229,1205.2,395.0,36.2,17.1,1920,1080,0.03,1223.3,403.5
Round3,Q1,2663,1331.5,CYBERCX,0.8226,1554.6,311.6,34.6,17.1,1920,1080,0.029,1572.0,320.2
Round3,Q1,2663,1331.5,CYBERCX,0.8223,1335.0,410.8,38.8,19.6,1920,1080,0.037,1354.4,420.6
Round3,Q1,2663,1331.5,CYBERCX,0.8189,1380.9,418.1,41.0,19.5,1920,1080,0.039,1401.4,427.8
Round3,Q1,2663,1331.5,CYBERCX,0.8179,1163.0,391.1,37.4,16.3,1920,1080,0.029,1181.7,399.2
Round3,Q1,2663,1331.5,CYBERCX,0.8177,1475.4,309.2,31.9,16.2,1920,1080,0.025,1491.4,317.3
Round3,Q1,2663,1331.5,CYBERCX,0.8165,858.2,368.1,31.1,13.3,1920,1080,0.02,873.7,374.8
Round3,Q1,2663,1331.5,CYBERCX,0.8041,1745.2,496.4,50.3,36.4,1920,1080,0.088,1770.3,514.6
Round3,Q1,2663,1331.5,CYBERCX,0.7971,1084.0,382.9,34.3,15.8,1920,1080,0.026,1101.2,390.8
Round3,Q1,2663,1331.5,CYBERCX,0.7954,6.5,363.6,44.7,13.6,1920,1080,0.029,28.9,370.4
Round3,Q1,2663,1331.5,CYBERCX,0.7951,1587.3,452.0,50.3,28.2,1920,1080,0.068,1612.4,466.1
Round3,Q1,2663,1331.5,CYBERCX,0.7931,60.1,362.6,42.2,13.7,1920,1080,0.028,81.2,369.5
Round3,Q1,2663,1331.5,CYBERCX,0.7918,1682.5,313.7,39.7,19.7,1920,1080,0.038,1702.3,323.6
Round3,Q1,2663,1331.5,CYBERCX,0.7893,1513.3,310.4,34.1,17.0,1920,1080,0.028,1530.3,318.9
Round3,Q1,2663,1331.5,CYBERCX,0.7854,639.8,360.5,31.5,12.4,1920,1080,0.019,655.6,366.7
Round3,Q1,2663,1331.5,CYBERCX,0.7844,305.1,360.0,36.1,11.5,1920,1080,0.02,323.1,365.8
Round3,Q1,2663,1331.5,CYBERCX,0.7837,1775.4,314.6,45.1,22.2,1920,1080,0.048,1798.0,325.7
Round3,Q1,2663,1331.5,CYBERCX,0.779,894.3,370.2,31.6,13.2,1920,1080,0.02,910.1,376.8
Round3,Q1,2663,1331.5,CYBERCX,0.7787,1728.3,313.5,39.4,21.3,1920,1080,0.041,1748.0,324.2
Round3,Q1,2663,1331.5,CYBERCX,0.7746,1101.6,304.1,29.3,12.1,1920,1080,0.017,1116.3,310.1
Round3,Q1,2663,1331.5,CYBERCX,0.7733,1594.8,312.0,35.2,17.5,1920,1080,0.03,1612.4,320.7
Round3,Q1,2663,1331.5,CYBERCX,0.7653,1635.8,312.6,38.8,18.3,1920,1080,0.034,1655.1,321.8
Round3,Q1,2663,1331.5,CYBERCX,0.7629,1399.8,308.0,31.7,15.3,1920,1080,0.023,1415.6,315.7
Round3,Q1,2663,1331.5,CYBERCX,0.7618,209.7,360.7,40.4,12.4,1920,1080,0.024,229.9,366.9
Round3,Q1,2663,1331.5,CYBERCX,0.7612,931.3,373.3,32.1,13.0,1920,1080,0.02,947.4,379.8
Round3,Q1,2663,1331.5,CYBERCX,0.7594,675.8,361.9,30.9,12.1,1920,1080,0.018,691.3,367.9
Round3,Q1,2663,1331.5,CYBERCX,0.7588,1365.2,307.6,29.0,14.3,1920,1080,0.02,1379.7,314.7
Round3,Q1,2663,1331.5,CYBERCX,0.7587,711.5,363.0,31.7,12.3,1920,1080,0.019,727.4,369.2
Round3,Q1,2663,1331.5,CYBERCX,0.7542,1437.5,309.2,32.6,15.0,1920,1080,0.024,1453.8,316.6
Round3,Q1,2663,1331.5,CYBERCX,0.7495,1329.2,307.1,30.7,14.7,1920,1080,0.022,1344.6,314.4
Round3,Q1,2663,1331.5,CYBERCX,0.7434,1224.8,305.6,29.5,12.9,1920,1080,0.018,1239.6,312.0
Round3,Q1,2663,1331.5,CYBERCX,0.7407,160.8,361.5,41.6,12.0,1920,1080,0.024,181.6,367.5
Round3,Q1,2663,1331.5,CYBERCX,0.7383,1157.9,304.8,27.9,12.5,1920,1080,0.017,1171.8,311.0
Round3,Q1,2663,1331.5,CYBERCX,0.7312,747.8,364.2,31.4,12.7,1920,1080,0.019,763.5,370.6
Round3,Q1,2663,1331.5,CYBERCX,0.7236,1293.2,306.5,30.0,13.3,1920,1080,0.019,1308.3,313.1
Round3,Q1,2663,1331.5,CYBERCX,0.721,1190.3,305.6,29.3,12.3,1920,1080,0.017,1205.0,311.7
Round3,Q1,2663,1331.5,CYBERCX,0.7143,1861.0,95.1,40.0,18.5,1920,1080,0.036,1881.0,104.4
Round3,Q1,2663,1331.5,CYBERCX,0.7022,483.3,359.1,33.0,11.9,1920,1080,0.019,499.8,365.1
Round3,Q1,2663,1331.5,CYBERCX,0.6934,782.9,366.1,32.7,12.3,1920,1080,0.019,799.2,372.2
Round3,Q1,2663,1331.5,CYBERCX,0.6787,1258.6,305.7,28.9,14.0,1920,1080,0.02,1273.0,312.7
Round3,Q1,2663,1331.5,CYBERCX,0.6612,1533.5,442.8,44.4,24.3,1920,1080,0.052,1555.8,455.0
Round3,Q1,2663,1331.5,CYBERCX,0.6567,1068.9,304.1,27.3,11.3,1920,1080,0.015,1082.5,309.8
Round3,Q1,2663,1331.5,CYBERCX,0.6318,1038.3,304.4,25.8,10.8,1920,1080,0.013,1051.2,309.8
Round3,Q1,2663,1331.5,CYBERCX,0.604,908.8,303.6,27.4,10.5,1920,1080,0.014,922.5,308.8
Round3,Q1,2663,1331.5,CYBERCX,0.6034,941.8,302.9,26.9,11.4,1920,1080,0.015,955.2,308.6
Round3,Q1,2663,1331.5,CYBERCX,0.6015,497.3,304.5,26.9,10.1,1920,1080,0.013,510.8,309.5
Round3,Q1,2663,1331.5,CYBERCX,0.6009,1885.8,314.5,33.9,27.1,1920,1080,0.044,1902.7,328.1
Round3,Q1,2663,1331.5,CYBERCX,0.5965,1045.0,379.7,33.7,15.6,1920,1080,0.025,1061.9,387.5
Round3,Q1,2663,1331.5,CYBERCX,0.5942,1776.9,113.2,33.9,18.3,1920,1080,0.03,1793.9,122.4
Round3,Q1,2663,1331.5,CYBERCX,0.5867,1004.3,303.5,27.8,11.9,1920,1080,0.016,1018.2,309.4
Round3,Q1,2663,1331.5,CYBERCX,0.5821,877.1,302.9,26.9,11.6,1920,1080,0.015,890.5,308.7
Round3,Q1,2663,1331.5,CYBERCX,0.5681,1005.3,377.7,36.1,14.5,1920,1080,0.025,1023.4,385.0
Round3,Q1,2663,1331.5,CYBERCX,0.5646,258.0,360.0,38.5,12.0,1920,1080,0.022,277.3,366.1
Round3,Q1,2663,1331.5,CYBERCX,0.5643,1700.3,127.7,32.8,15.6,1920,1080,0.025,1716.7,135.5
Round3,Q1,2663,1331.5,CYBERCX,0.5614,846.6,303.0,26.1,11.1,1920,1080,0.014,859.7,308.6
Round3,Q1,2663,1331.5,CYBERCX,0.5477,592.8,303.6,27.3,10.3,1920,1080,0.013,606.5,308.8
Round3,Q1,2663,1331.5,CYBERCX,0.5454,783.6,302.7,26.0,11.1,1920,1080,0.014,796.6,308.3
Round3,Q1,2663,1331.5,CYBERCX,0.535,1801.7,516.8,38.0,41.3,1920,1080,0.076,1820.7,537.4
Round3,Q1,2663,1331.5,CYBERCX,0.5229,1817.5,104.3,36.0,18.5,1920,1080,0.032,1835.6,113.5
Round3,Q1,2663,1331.5,CYBERCX,0.51,1738.3,120.3,33.6,17.7,1920,1080,0.029,1755.1,129.1
Round3,Q1,2663,1331.5,CYBERCX,0.4965,464.6,304.5,27.3,10.0,1920,1080,0.013,478.2,309.5
Round3,Q1,2663,1331.5,CYBERCX,0.4778,603.2,359.8,31.9,12.4,1920,1080,0.019,619.2,366.0
Round3,Q1,2663,1331.5,CYBERCX,0.4753,688.5,302.6,25.9,10.9,1920,1080,0.014,701.4,308.0
Round3,Q1,2663,1331.5,CYBERCX,0.4697,1909.9,90.5,9.8,17.1,1920,1080,0.008,1914.8,99.0
Round3,Q1,2663,1331.5,CYBERCX,0.4346,751.1,303.0,27.3,10.9,1920,1080,0.014,764.7,308.4
Round3,Q1,2663,1331.5,CYBERCX,0.4293,529.0,304.4,27.1,9.7,1920,1080,0.013,542.5,309.2
Round3,Q1,2663,1331.5,CYBERCX,0.3817,719.6,303.0,26.8,10.7,1920,1080,0.014,733.0,308.3
Round3,Q1,2663,1331.5,CYBERCX,0.3788,561.3,304.2,26.7,9.7,1920,1080,0.013,574.6,309.1
Round3,Q1,2663,1331.5,CYBERCX,0.3754,1664.1,133.8,30.3,14.7,1920,1080,0.022,1679.2,141.2
Round3,Q1,2663,1331.5,CYBERCX,0.3392,1630.5,139.6,29.1,14.6,1920,1080,0.02,1645.0,146.9
Round3,Q1,2663,1331.5,CYBERCX,0.3272,398.0,358.8,39.2,11.9,1920,1080,0.022,417.6,364.8
Round3,Q1,2663,1331.5,CYBERCX,0.3178,657.1,303.4,26.3,11.3,1920,1080,0.014,670.2,309.0
Round3,Q1,2664,1332.0,CYBERCX,0.8523,522.6,359.1,34.9,12.6,1920,1080,0.021,540.1,365.4
Round3,Q1,2664,1332.0,CYBERCX,0.8479,109.3,362.1,42.7,12.9,1920,1080,0.027,130.7,368.5
Round3,Q1,2664,1332.0,CYBERCX,0.8456,1289.6,404.8,38.3,18.9,1920,1080,0.035,1308.8,414.2
Round3,Q1,2664,1332.0,CYBERCX,0.8395,1476.1,431.6,47.2,23.2,1920,1080,0.053,1499.6,443.2
Round3,Q1,2664,1332.0,CYBERCX,0.8313,1427.5,423.8,41.0,22.4,1920,1080,0.044,1448.0,435.0
Round3,Q1,2664,1332.0,CYBERCX,0.8287,1334.3,410.1,38.7,19.9,1920,1080,0.037,1353.7,420.1
Round3,Q1,2664,1332.0,CYBERCX,0.8267,1204.4,394.8,36.3,17.1,1920,1080,0.03,1222.6,403.3
Round3,Q1,2664,1332.0,CYBERCX,0.8254,58.6,363.1,42.5,13.5,1920,1080,0.028,79.9,369.9
Round3,Q1,2664,1332.0,CYBERCX,0.8139,893.9,370.2,31.6,13.7,1920,1080,0.021,909.7,377.0
Round3,Q1,2664,1332.0,CYBERCX,0.8135,160.1,361.6,38.4,12.4,1920,1080,0.023,179.3,367.8
Round3,Q1,2664,1332.0,CYBERCX,0.813,442.5,358.7,34.9,11.7,1920,1080,0.02,459.9,364.5
Round3,Q1,2664,1332.0,CYBERCX,0.8119,1553.8,311.5,35.3,17.1,1920,1080,0.029,1571.4,320.1
Round3,Q1,2664,1332.0,CYBERCX,0.809,482.5,358.9,31.6,12.2,1920,1080,0.019,498.3,365.0
Round3,Q1,2664,1332.0,CYBERCX,0.8088,563.7,359.5,32.9,12.4,1920,1080,0.02,580.2,365.7
Round3,Q1,2664,1332.0,CYBERCX,0.8071,819.5,367.3,32.7,12.9,1920,1080,0.02,835.9,373.8
Round3,Q1,2664,1332.0,CYBERCX,0.8066,931.3,373.1,31.7,13.2,1920,1080,0.02,947.2,379.7
Round3,Q1,2664,1332.0,CYBERCX,0.8065,1584.8,451.0,52.1,27.9,1920,1080,0.07,1610.9,465.0
Round3,Q1,2664,1332.0,CYBERCX,0.8064,209.0,360.5,40.0,12.8,1920,1080,0.025,229.1,366.9
Round3,Q1,2664,1332.0,CYBERCX,0.8055,857.0,368.2,31.9,13.5,1920,1080,0.021,873.0,374.9
Round3,Q1,2664,1332.0,CYBERCX,0.8047,1828.1,315.0,48.3,24.2,1920,1080,0.056,1852.2,327.1
Round3,Q1,2664,1332.0,CYBERCX,0.7977,675.1,361.6,31.5,12.5,1920,1080,0.019,690.9,367.8
Round3,Q1,2664,1332.0,CYBERCX,0.7878,1474.9,309.4,32.6,16.1,1920,1080,0.025,1491.2,317.5
Round3,Q1,2664,1332.0,CYBERCX,0.7862,711.0,362.8,31.7,12.5,1920,1080,0.019,726.9,369.0
Round3,Q1,2664,1332.0,CYBERCX,0.7838,303.7,359.9,37.0,11.8,1920,1080,0.021,322.2,365.8
Round3,Q1,2664,1332.0,CYBERCX,0.7827,1594.2,312.1,35.0,17.3,1920,1080,0.029,1611.7,320.7
Round3,Q1,2664,1332.0,CYBERCX,0.777,1512.9,310.3,34.4,17.1,1920,1080,0.028,1530.1,318.9
Round3,Q1,2664,1332.0,CYBERCX,0.7704,1774.1,314.5,44.9,22.5,1920,1080,0.049,1796.6,325.8
Round3,Q1,2664,1332.0,CYBERCX,0.7582,257.1,360.1,36.9,12.3,1920,1080,0.022,275.5,366.3
Round3,Q1,2664,1332.0,CYBERCX,0.7568,640.0,360.6,30.7,12.5,1920,1080,0.018,655.4,366.8
Round3,Q1,2664,1332.0,CYBERCX,0.7566,1681.4,313.5,40.0,19.9,1920,1080,0.038,1701.4,323.5
Round3,Q1,2664,1332.0,CYBERCX,0.7548,1399.7,308.2,31.7,15.2,1920,1080,0.023,1415.5,315.8
Round3,Q1,2664,1332.0,CYBERCX,0.754,1364.6,307.8,29.5,14.4,1920,1080,0.021,1379.3,315.0
Round3,Q1,2664,1332.0,CYBERCX,0.7513,1101.6,303.8,29.3,12.5,1920,1080,0.018,1116.3,310.1
Round3,Q1,2664,1332.0,CYBERCX,0.7468,1224.9,305.7,29.7,12.9,1920,1080,0.018,1239.7,312.1
Round3,Q1,2664,1332.0,CYBERCX,0.7432,1727.9,313.9,38.7,20.7,1920,1080,0.039,1747.3,324.2
Round3,Q1,2664,1332.0,CYBERCX,0.7421,747.9,364.3,31.2,12.2,1920,1080,0.018,763.5,370.4
Round3,Q1,2664,1332.0,CYBERCX,0.7399,1532.1,441.5,44.0,24.8,1920,1080,0.053,1554.1,453.9
Round3,Q1,2664,1332.0,CYBERCX,0.731,1329.1,307.3,30.6,14.7,1920,1080,0.022,1344.4,314.6
Round3,Q1,2664,1332.0,CYBERCX,0.7261,603.5,359.9,31.4,12.7,1920,1080,0.019,619.2,366.3
Round3,Q1,2664,1332.0,CYBERCX,0.7245,1190.2,305.7,29.0,12.3,1920,1080,0.017,1204.7,311.8
Round3,Q1,2664,1332.0,CYBERCX,0.7195,1158.3,305.0,27.1,12.1,1920,1080,0.016,1171.9,311.0
Round3,Q1,2664,1332.0,CYBERCX,0.7139,1083.6,383.1,33.5,15.1,1920,1080,0.024,1100.3,390.6
Round3,Q1,2664,1332.0,CYBERCX,0.7138,1746.6,494.7,46.2,36.8,1920,1080,0.082,1769.8,513.1
Round3,Q1,2664,1332.0,CYBERCX,0.7049,1162.4,391.1,35.7,16.1,1920,1080,0.028,1180.2,399.1
Round3,Q1,2664,1332.0,CYBERCX,0.6998,1293.5,306.4,29.1,13.4,1920,1080,0.019,1308.1,313.1
Round3,Q1,2664,1332.0,CYBERCX,0.6903,783.3,365.8,30.9,12.5,1920,1080,0.019,798.7,372.1
Round3,Q1,2664,1332.0,CYBERCX,0.6871,1861.0,95.8,39.6,18.6,1920,1080,0.035,1880.7,105.1
Round3,Q1,2664,1332.0,CYBERCX,0.671,4.1,364.1,46.2,13.3,1920,1080,0.03,27.2,370.8
Round3,Q1,2664,1332.0,CYBERCX,0.62,1045.2,379.9,33.8,15.0,1920,1080,0.024,1062.1,387.4
Round3,Q1,2664,1332.0,CYBERCX,0.6167,1379.4,416.1,39.7,20.6,1920,1080,0.039,1399.3,426.4
Round3,Q1,2664,1332.0,CYBERCX,0.6118,1884.4,315.0,35.6,25.0,1920,1080,0.043,1902.2,327.6
Round3,Q1,2664,1332.0,CYBERCX,0.6031,1817.1,104.8,36.5,19.1,1920,1080,0.034,1835.3,114.4
Round3,Q1,2664,1332.0,CYBERCX,0.5971,1800.9,514.6,39.3,42.7,1920,1080,0.081,1820.5,536.0
Round3,Q1,2664,1332.0,CYBERCX,0.5951,1038.4,304.6,25.8,11.3,1920,1080,0.014,1051.3,310.2
Round3,Q1,2664,1332.0,CYBERCX,0.5777,1777.5,113.5,33.4,18.4,1920,1080,0.03,1794.2,122.7
Round3,Q1,2664,1332.0,CYBERCX,0.5768,941.6,303.1,27.3,11.4,1920,1080,0.015,955.2,308.8
Round3,Q1,2664,1332.0,CYBERCX,0.5754,877.2,302.4,26.5,11.9,1920,1080,0.015,890.5,308.4
Round3,Q1,2664,1332.0,CYBERCX,0.5605,1437.4,308.9,31.3,15.1,1920,1080,0.023,1453.0,316.5
Round3,Q1,2664,1332.0,CYBERCX,0.5481,1005.6,377.5,34.4,14.2,1920,1080,0.024,1022.8,384.7
Round3,Q1,2664,1332.0,CYBERCX,0.5314,719.5,302.9,27.3,10.8,1920,1080,0.014,733.1,308.3
Round3,Q1,2664,1332.0,CYBERCX,0.5241,846.9,302.6,26.1,11.1,1920,1080,0.014,860.0,308.2
Round3,Q1,2664,1332.0,CYBERCX,0.518,1004.1,303.6,27.7,11.9,1920,1080,0.016,1018.0,309.6
Round3,Q1,2664,1332.0,CYBERCX,0.5102,1259.4,305.8,27.8,13.9,1920,1080,0.019,1273.3,312.8
Round3,Q1,2664,1332.0,CYBERCX,0.4837,1635.3,312.1,37.0,18.6,1920,1080,0.033,1653.8,321.4
Round3,Q1,2664,1332.0,CYBERCX,0.4787,1069.1,303.9,25.7,11.6,1920,1080,0.014,1081.9,309.7
Round3,Q1,2664,1332.0,CYBERCX,0.4754,497.2,304.2,27.2,10.3,1920,1080,0.014,510.8,309.4
Round3,Q1,2664,1332.0,CYBERCX,0.47,1700.5,127.9,32.3,16.1,1920,1080,0.025,1716.6,135.9
Round3,Q1,2664,1332.0,CYBERCX,0.4471,783.7,302.7,25.6,11.0,1920,1080,0.014,796.5,308.2
Round3,Q1,2664,1332.0,CYBERCX,0.4439,464.3,304.5,27.6,10.4,1920,1080,0.014,478.1,309.7
Round3,Q1,2664,1332.0,CYBERCX,0.4417,560.0,303.8,28.4,10.3,1920,1080,0.014,574.2,308.9
Round3,Q1,2664,1332.0,CYBERCX,0.4378,688.4,302.8,26.0,10.7,1920,1080,0.013,701.4,308.2
Round3,Q1,2664,1332.0,CYBERCX,0.4193,1909.7,90.7,10.0,17.4,1920,1080,0.008,1914.7,99.4
Round3,Q1,2664,1332.0,CYBERCX,0.3612,909.2,303.4,24.9,10.7,1920,1080,0.013,921.6,308.7
Round3,Q1,2664,1332.0,CYBERCX,0.3551,1630.7,140.2,28.9,14.4,1920,1080,0.02,1645.1,147.4
Round3,Q1,2664,1332.0,CYBERCX,0.3269,752.4,303.2,25.4,10.3,1920,1080,0.013,765.0,308.3
Round3,Q1,2665,1332.5,CYBERCX,0.8539,145.0,362.5,41.4,13.2,1920,1080,0.026,165.7,369.1
Round3,Q1,2665,1332.5,CYBERCX,0.8493,94.4,362.9,42.4,13.8,1920,1080,0.028,115.6,369.8
Round3,Q1,2665,1332.5,CYBERCX,0.8491,469.0,359.7,34.5,12.6,1920,1080,0.021,486.2,366.0
Round3,Q1,2665,1332.5,CYBERCX,0.8435,509.6,360.2,34.4,12.4,1920,1080,0.021,526.9,366.4
Round3,Q1,2665,1332.5,CYBERCX,0.8362,1461.4,431.1,47.2,24.3,1920,1080,0.055,1485.0,443.2
Round3,Q1,2665,1332.5,CYBERCX,0.8355,1569.2,451.5,51.6,27.1,1920,1080,0.068,1595.0,465.1
Round3,Q1,2665,1332.5,CYBERCX,0.8284,288.7,360.8,38.3,12.6,1920,1080,0.023,307.9,367.1
Round3,Q1,2665,1332.5,CYBERCX,0.8268,1149.3,391.3,36.0,17.0,1920,1080,0.03,1167.3,399.8
Round3,Q1,2665,1332.5,CYBERCX,0.8194,1412.6,425.4,41.5,20.3,1920,1080,0.041,1433.4,435.5
Round3,Q1,2665,1332.5,CYBERCX,0.8192,42.2,364.1,45.9,14.0,1920,1080,0.031,65.2,371.1
Round3,Q1,2665,1332.5,CYBERCX,0.8151,843.5,368.9,32.6,14.0,1920,1080,0.022,859.8,375.9
Round3,Q1,2665,1332.5,CYBERCX,0.8139,918.5,373.7,31.9,13.9,1920,1080,0.021,934.5,380.6
Round3,Q1,2665,1332.5,CYBERCX,0.8125,1320.6,410.9,37.9,19.2,1920,1080,0.035,1339.5,420.5
Round3,Q1,2665,1332.5,CYBERCX,0.8121,880.7,371.2,31.6,13.5,1920,1080,0.021,896.5,377.9
Round3,Q1,2665,1332.5,CYBERCX,0.8094,1190.8,396.6,36.1,16.0,1920,1080,0.028,1208.9,404.6
Round3,Q1,2665,1332.5,CYBERCX,0.8062,662.5,362.4,31.6,13.1,1920,1080,0.02,678.3,369.0
Round3,Q1,2665,1332.5,CYBERCX,0.8061,1364.2,416.6,42.3,21.3,1920,1080,0.043,1385.4,427.3
Round3,Q1,2665,1332.5,CYBERCX,0.8014,241.6,361.3,37.8,12.3,1920,1080,0.022,260.5,367.5
Round3,Q1,2665,1332.5,CYBERCX,0.8002,1580.9,313.0,33.5,17.3,1920,1080,0.028,1597.7,321.7
Round3,Q1,2665,1332.5,CYBERCX,0.7984,1810.3,315.2,49.4,24.6,1920,1080,0.059,1835.0,327.5
Round3,Q1,2665,1332.5,CYBERCX,0.7919,1712.0,315.2,38.7,20.4,1920,1080,0.038,1731.4,325.3
Round3,Q1,2665,1332.5,CYBERCX,0.7891,1866.7,316.1,48.8,25.8,1920,1080,0.061,1891.1,329.0
Round3,Q1,2665,1332.5,CYBERCX,0.7865,771.0,367.3,31.5,12.3,1920,1080,0.019,786.8,373.4
Round3,Q1,2665,1332.5,CYBERCX,0.7828,1276.0,404.5,37.8,19.7,1920,1080,0.036,1294.8,414.3
Round3,Q1,2665,1332.5,CYBERCX,0.7815,427.2,360.0,36.0,11.7,1920,1080,0.02,445.1,365.9
Round3,Q1,2665,1332.5,CYBERCX,0.7758,1498.3,311.5,35.1,17.0,1920,1080,0.029,1515.8,320.0
Round3,Q1,2665,1332.5,CYBERCX,0.7731,1538.7,311.9,36.9,17.6,1920,1080,0.031,1557.1,320.7
Round3,Q1,2665,1332.5,CYBERCX,0.7728,698.3,363.5,32.5,13.4,1920,1080,0.021,714.5,370.2
Round3,Q1,2665,1332.5,CYBERCX,0.7727,626.7,361.2,31.2,12.8,1920,1080,0.019,642.3,367.6
Round3,Q1,2665,1332.5,CYBERCX,0.77,1665.2,314.6,40.0,19.5,1920,1080,0.038,1685.2,324.3
Round3,Q1,2665,1332.5,CYBERCX,0.7687,1758.5,315.9,43.0,21.6,1920,1080,0.045,1779.9,326.8
Round3,Q1,2665,1332.5,CYBERCX,0.7686,1461.5,311.1,31.4,15.6,1920,1080,0.024,1477.2,318.9
Round3,Q1,2665,1332.5,CYBERCX,0.7622,1423.5,310.2,33.1,15.2,1920,1080,0.024,1440.0,317.8
Round3,Q1,2665,1332.5,CYBERCX,0.7596,549.5,360.7,33.8,12.2,1920,1080,0.02,566.4,366.8
Round3,Q1,2665,1332.5,CYBERCX,0.7488,590.1,360.8,31.9,12.8,1920,1080,0.02,606.1,367.2
Round3,Q1,2665,1332.5,CYBERCX,0.7479,1351.2,309.0,29.1,13.4,1920,1080,0.019,1365.8,315.7
Round3,Q1,2665,1332.5,CYBERCX,0.7469,1515.6,440.8,45.4,24.7,1920,1080,0.054,1538.3,453.2
Round3,Q1,2665,1332.5,CYBERCX,0.7426,1386.4,309.6,30.8,14.5,1920,1080,0.022,1401.8,316.9
Round3,Q1,2665,1332.5,CYBERCX,0.7413,807.2,368.1,31.9,12.7,1920,1080,0.019,823.1,374.4
Round3,Q1,2665,1332.5,CYBERCX,0.7381,194.2,361.7,40.5,12.5,1920,1080,0.024,214.5,367.9
Round3,Q1,2665,1332.5,CYBERCX,0.7376,1620.7,313.5,37.4,19.1,1920,1080,0.034,1639.4,323.0
Round3,Q1,2665,1332.5,CYBERCX,0.7347,1070.1,383.9,34.9,15.7,1920,1080,0.026,1087.6,391.7
Round3,Q1,2665,1332.5,CYBERCX,0.7276,0.0,365.7,32.7,13.2,1920,1080,0.021,16.3,372.3
Round3,Q1,2665,1332.5,CYBERCX,0.7256,1211.4,306.3,30.1,13.4,1920,1080,0.02,1226.5,313.0
Round3,Q1,2665,1332.5,CYBERCX,0.7181,1315.5,308.2,31.1,14.3,1920,1080,0.022,1331.0,315.4
Round3,Q1,2665,1332.5,CYBERCX,0.6977,1891.1,90.7,28.8,17.2,1920,1080,0.024,1905.5,99.3
Round3,Q1,2665,1332.5,CYBERCX,0.6654,1246.5,306.8,28.1,13.8,1920,1080,0.019,1260.5,313.7
Round3,Q1,2665,1332.5,CYBERCX,0.6486,994.2,378.6,31.0,13.5,1920,1080,0.02,1009.7,385.4
Round3,Q1,2665,1332.5,CYBERCX,0.6239,1087.9,305.5,29.9,11.6,1920,1080,0.017,1102.9,311.3
Round3,Q1,2665,1332.5,CYBERCX,0.6171,1843.9,99.5,38.4,18.9,1920,1080,0.035,1863.1,108.9
Round3,Q1,2665,1332.5,CYBERCX,0.6156,1177.8,305.9,28.4,13.1,1920,1080,0.018,1192.0,312.4
Round3,Q1,2665,1332.5,CYBERCX,0.6083,1056.5,305.7,26.6,11.0,1920,1080,0.014,1069.8,311.1
Round3,Q1,2665,1332.5,CYBERCX,0.6037,1279.1,307.2,29.6,14.3,1920,1080,0.02,1293.9,314.3
Round3,Q1,2665,1332.5,CYBERCX,0.5931,834.5,303.8,26.0,10.7,1920,1080,0.013,847.5,309.2
Round3,Q1,2665,1332.5,CYBERCX,0.589,865.4,303.6,26.0,11.4,1920,1080,0.014,878.4,309.3
Round3,Q1,2665,1332.5,CYBERCX,0.5819,1727.6,492.7,48.6,37.7,1920,1080,0.088,1751.9,511.6
Round3,Q1,2665,1332.5,CYBERCX,0.5811,739.7,304.4,25.3,10.4,1920,1080,0.013,752.4,309.6
Round3,Q1,2665,1332.5,CYBERCX,0.5548,770.6,303.8,26.4,11.2,1920,1080,0.014,783.8,309.4
Round3,Q1,2665,1332.5,CYBERCX,0.5443,706.8,304.3,26.8,11.3,1920,1080,0.015,720.2,309.9
Round3,Q1,2665,1332.5,CYBERCX,0.5272,1025.7,305.3,25.9,11.5,1920,1080,0.014,1038.7,311.1
Round3,Q1,2665,1332.5,CYBERCX,0.5234,990.8,304.2,29.1,12.2,1920,1080,0.017,1005.3,310.3
Round3,Q1,2665,1332.5,CYBERCX,0.5143,676.1,304.0,26.0,11.1,1920,1080,0.014,689.1,309.6
Round3,Q1,2665,1332.5,CYBERCX,0.5112,896.7,304.4,26.7,10.7,1920,1080,0.014,910.0,309.7
Round3,Q1,2665,1332.5,CYBERCX,0.4787,484.7,305.2,26.5,10.5,1920,1080,0.013,498.0,310.4
Round3,Q1,2665,1332.5,CYBERCX,0.4694,929.0,304.4,27.3,10.9,1920,1080,0.014,942.6,309.8
Round3,Q1,2665,1332.5,CYBERCX,0.4682,734.8,365.5,31.3,12.4,1920,1080,0.019,750.5,371.7
Round3,Q1,2665,1332.5,CYBERCX,0.4623,1800.6,108.6,36.0,17.3,1920,1080,0.03,1818.6,117.3
Round3,Q1,2665,1332.5,CYBERCX,0.457,1784.8,511.0,36.3,43.0,1920,1080,0.075,1802.9,532.6
Round3,Q1,2665,1332.5,CYBERCX,0.4539,1723.1,123.9,33.8,17.3,1920,1080,0.028,1740.0,132.6
Round3,Q1,2665,1332.5,CYBERCX,0.4478,1147.3,305.3,24.5,13.0,1920,1080,0.015,1159.6,311.8
Round3,Q1,2665,1332.5,CYBERCX,0.4205,417.6,305.6,28.2,10.9,1920,1080,0.015,431.8,311.0
Round3,Q1,2665,1332.5,CYBERCX,0.4139,450.5,305.3,29.1,10.5,1920,1080,0.015,465.0,310.6
Round3,Q1,2665,1332.5,CYBERCX,0.4002,382.8,359.5,38.9,12.7,1920,1080,0.024,402.2,365.8
Round3,Q1,2665,1332.5,CYBERCX,0.3757,1032.5,380.5,31.9,15.2,1920,1080,0.023,1048.4,388.2
Round3,Q1,2665,1332.5,CYBERCX,0.3474,383.6,305.7,28.9,11.6,1920,1080,0.016,398.0,311.5
Round3,Q1,2665,1332.5,CYBERCX,0.3289,644.1,304.5,27.2,11.8,1920,1080,0.015,657.7,310.4
Round3,Q1,2665,1332.5,CYBERCX,0.3216,165.3,308.3,31.9,10.8,1920,1080,0.017,181.3,313.7
Round3,Q1,2693,1346.5,EMIRATES,0.869,1177.7,623.8,59.6,17.1,1920,1080,0.049,1207.5,632.4
Round3,Q1,2694,1347.0,EMIRATES,0.8903,864.2,617.9,44.6,13.0,1920,1080,0.028,886.5,624.4
Round3,Q1,2694,1347.0,EMIRATES,0.8624,1869.4,466.5,26.2,11.7,1920,1080,0.015,1882.5,472.4
Round3,Q1,2695,1347.5,EMIRATES,0.8803,1727.4,646.2,47.6,12.8,1920,1080,0.029,1751.2,652.6
Round3,Q1,2695,1347.5,EMIRATES,0.8774,706.1,688.6,44.0,15.6,1920,1080,0.033,728.1,696.4
Round3,Q1,2695,1347.5,EMIRATES,0.5837,1096.9,545.6,38.4,15.5,1920,1080,0.029,1116.1,553.4
Round3,Q1,2696,1348.0,EMIRATES,0.88,1842.8,561.5,35.3,11.9,1920,1080,0.02,1860.5,567.4
Round3,Q1,2696,1348.0,EMIRATES,0.8717,1548.8,589.2,42.1,12.9,1920,1080,0.026,1569.8,595.7
Round3,Q1,2696,1348.0,EMIRATES,0.869,591.3,593.3,43.2,12.5,1920,1080,0.026,612.9,599.6
Round3,Q1,2696,1348.0,EMIRATES,0.8455,826.3,507.8,22.6,21.0,1920,1080,0.023,837.6,518.3
Round3,Q1,2696,1348.0,EMIRATES,0.724,1492.7,510.8,41.3,13.9,1920,1080,0.028,1513.3,517.8
Round3,Q1,2697,1348.5,EMIRATES,0.8955,419.3,562.2,45.5,17.6,1920,1080,0.039,442.1,570.9
Round3,Q1,2697,1348.5,EMIRATES,0.8894,793.5,476.5,42.5,15.1,1920,1080,0.031,814.7,484.1
Round3,Q1,2697,1348.5,EMIRATES,0.881,1507.0,509.2,38.8,14.4,1920,1080,0.027,1526.3,516.4
Round3,Q1,2697,1348.5,EMIRATES,0.8546,1323.7,507.4,37.5,13.4,1920,1080,0.024,1342.5,514.1
Round3,Q1,2698,1349.0,EMIRATES,0.896,861.0,437.7,44.1,15.5,1920,1080,0.033,883.1,445.5
Round3,Q1,2698,1349.0,EMIRATES,0.8798,384.0,517.3,44.6,13.5,1920,1080,0.029,406.3,524.0
Round3,Q1,2698,1349.0,EMIRATES,0.8308,1189.4,495.8,39.1,15.7,1920,1080,0.03,1208.9,503.7
Round3,Q1,2698,1349.0,EMIRATES,0.8106,1238.9,506.7,31.3,16.3,1920,1080,0.025,1254.5,514.8
Round3,Q1,2699,1349.5,EMIRATES,0.8915,1117.2,439.2,32.1,14.9,1920,1080,0.023,1133.3,446.7
Round3,Q1,2699,1349.5,EMIRATES,0.8722,323.5,431.8,45.5,16.4,1920,1080,0.036,346.3,440.0
Round3,Q1,2699,1349.5,EMIRATES,0.7928,1044.2,364.4,37.2,14.8,1920,1080,0.027,1062.8,371.8
Round3,Q1,2699,1349.5,EMIRATES,0.519,1545.0,1058.2,69.5,21.3,1920,1080,0.071,1579.7,1068.8
Round3,Q1,2700,1350.0,EMIRATES,0.7156,549.7,412.3,56.4,13.6,1920,1080,0.037,577.8,419.1
Round3,Q1,2701,1350.5,EMIRATES,0.8464,848.6,421.1,29.3,23.4,1920,1080,0.033,863.2,432.8
Round3,Q1,2701,1350.5,EMIRATES,0.6434,1623.8,434.2,24.0,14.2,1920,1080,0.016,1635.8,441.3
Round3,Q1,2702,1351.0,EMIRATES,0.3166,1484.3,459.9,27.4,16.1,1920,1080,0.021,1498.0,467.9
Round3,Q1,2703,1351.5,EMIRATES,0.8129,922.8,489.6,61.8,17.9,1920,1080,0.053,953.7,498.6
Round3,Q1,2704,1352.0,EMIRATES,0.791,1228.8,494.3,33.8,13.1,1920,1080,0.021,1245.8,500.9
Round3,Q1,2706,1353.0,EMIRATES,0.846,1470.6,459.6,38.8,14.0,1920,1080,0.026,1490.0,466.6
Round3,Q1,2706,1353.0,EMIRATES,0.8457,1596.9,354.2,35.1,15.2,1920,1080,0.026,1614.5,361.9
Round3,Q1,2706,1353.0,EMIRATES,0.4884,1161.3,874.3,63.4,35.5,1920,1080,0.109,1193.0,892.0
Round3,Q1,2707,1353.5,EMIRATES,0.8984,1649.8,281.7,37.1,14.2,1920,1080,0.025,1668.4,288.8
Round3,Q1,2707,1353.5,EMIRATES,0.3451,1110.1,429.0,30.8,13.4,1920,1080,0.02,1125.5,435.7
Round3,Q1,2708,1354.0,EMIRATES,0.8434,1558.0,227.5,50.0,17.6,1920,1080,0.042,1583.0,236.3
Round3,Q1,2708,1354.0,EMIRATES,0.5446,331.4,343.8,75.5,20.1,1920,1080,0.073,369.1,353.8
Round3,Q1,2709,1354.5,EMIRATES,0.891,1270.1,275.9,37.0,13.4,1920,1080,0.024,1288.6,282.7
Round3,Q1,2709,1354.5,EMIRATES,0.8649,1142.5,549.9,51.4,14.1,1920,1080,0.035,1168.2,557.0
Round3,Q1,2709,1354.5,EMIRATES,0.4192,1057.6,359.7,48.8,17.6,1920,1080,0.041,1081.9,368.5
Round3,Q1,2710,1355.0,EMIRATES,0.9065,821.4,354.3,39.6,19.3,1920,1080,0.037,841.2,363.9
Round3,Q1,2710,1355.0,EMIRATES,0.8786,1477.9,221.7,44.5,15.3,1920,1080,0.033,1500.2,229.3
Round3,Q1,2711,1355.5,EMIRATES,0.6287,968.3,267.6,25.6,20.0,1920,1080,0.025,981.1,277.6
Round3,Q1,2712,1356.0,EMIRATES,0.6193,1186.4,380.8,26.7,21.0,1920,1080,0.027,1199.8,391.3
Round3,Q1,2713,1356.5,EMIRATES,0.8875,1265.9,434.0,38.4,21.0,1920,1080,0.039,1285.1,444.5
Round3,Q1,2714,1357.0,EMIRATES,0.9077,1279.0,452.5,39.6,18.1,1920,1080,0.035,1298.8,461.5
Round3,Q1,2719,1359.5,EMIRATES,0.8925,608.6,388.9,34.7,14.9,1920,1080,0.025,625.9,396.3
Round3,Q1,2720,1360.0,EMIRATES,0.8887,952.3,19.7,35.3,13.5,1920,1080,0.023,970.0,26.4
Round3,Q1,2720,1360.0,EMIRATES,0.829,745.7,327.9,35.1,13.5,1920,1080,0.023,763.3,334.6
Round3,Q1,2721,1360.5,EMIRATES,0.7067,794.0,321.4,21.6,13.6,1920,1080,0.014,804.8,328.2
Round3,Q1,2726,1363.0,EMIRATES,0.5516,940.5,475.3,44.1,27.1,1920,1080,0.058,962.6,488.8
Round3,Q1,2727,1363.5,EMIRATES,0.8424,955.4,435.5,24.2,14.5,1920,1080,0.017,967.5,442.8
Round3,Q1,2728,1364.0,EMIRATES,0.7046,991.4,388.9,19.6,12.6,1920,1080,0.012,1001.2,395.2
Round3,Q1,2729,1364.5,EMIRATES,0.8814,151.8,241.3,71.7,22.4,1920,1080,0.077,187.7,252.5
Round3,Q1,2729,1364.5,EMIRATES,0.7424,1341.1,346.9,61.6,28.4,1920,1080,0.084,1371.9,361.1
Round3,Q1,2730,1365.0,EMIRATES,0.7876,1896.3,153.4,23.4,23.1,1920,1080,0.026,1908.0,165.0
Round3,Q1,2731,1365.5,EMIRATES,0.8792,1875.8,82.3,44.2,20.9,1920,1080,0.044,1897.9,92.7
Round3,Q1,2733,1366.5,EMIRATES,0.8734,1226.3,276.9,88.2,22.3,1920,1080,0.095,1270.4,288.1
Round3,Q1,2734,1367.0,EMIRATES,0.8767,1252.5,304.9,83.8,28.2,1920,1080,0.114,1294.4,319.1
Round3,Q1,2737,1368.5,EMIRATES,0.849,474.5,434.3,122.5,55.5,1920,1080,0.328,535.7,462.1
Round3,Q1,2738,1369.0,EMIRATES,0.8781,757.9,497.0,103.8,33.5,1920,1080,0.168,809.8,513.7
Round3,Q1,2738,1369.0,EMIRATES,0.8586,1807.8,519.0,109.4,33.7,1920,1080,0.178,1862.6,535.9
Round3,Q1,2739,1369.5,EMIRATES,0.8969,850.4,280.2,133.3,43.6,1920,1080,0.28,917.1,302.0
Round3,Q1,2739,1369.5,EMIRATES,0.5024,1083.0,423.4,66.9,40.0,1920,1080,0.129,1116.4,443.4
Round3,Q1,2740,1370.0,EMIRATES,0.8478,1217.7,499.8,226.0,56.7,1920,1080,0.618,1330.6,528.2
Round3,Q1,2741,1370.5,EMIRATES,0.8772,1152.0,424.7,196.8,62.3,1920,1080,0.591,1250.4,455.8
Round3,Q1,2742,1371.0,EMIRATES,0.8892,1009.1,542.2,156.9,79.5,1920,1080,0.602,1087.5,582.0
Round3,Q1,2742,1371.0,EMIRATES,0.6499,695.0,1037.9,145.3,42.1,1920,1080,0.295,767.7,1059.0
Round3,Q1,2743,1371.5,EMIRATES,0.4227,814.1,344.8,87.6,86.9,1920,1080,0.367,857.9,388.3
Round3,Q1,2744,1372.0,EMIRATES,0.8026,939.6,642.0,33.8,11.1,1920,1080,0.018,956.5,647.5
Round3,Q1,2744,1372.0,EMIRATES,0.329,927.1,917.4,38.8,16.8,1920,1080,0.031,946.4,925.7
Round3,Q1,2745,1372.5,EMIRATES,0.8922,1360.9,797.5,46.8,15.4,1920,1080,0.035,1384.3,805.1
Round3,Q1,2745,1372.5,EMIRATES,0.886,968.0,572.7,31.2,11.3,1920,1080,0.017,983.6,578.4
Round3,Q1,2746,1373.0,EMIRATES,0.8722,1793.9,760.7,49.9,18.2,1920,1080,0.044,1818.8,769.8
Round3,Q1,2746,1373.0,EMIRATES,0.7781,997.6,512.0,37.0,13.8,1920,1080,0.025,1016.1,518.9
Round3,Q1,2747,1373.5,EMIRATES,0.8905,990.4,444.9,33.0,11.9,1920,1080,0.019,1006.9,450.8
Round3,Q1,2748,1374.0,EMIRATES,0.8922,959.5,436.4,40.5,14.1,1920,1080,0.027,979.7,443.4
Round3,Q1,2749,1374.5,EMIRATES,0.8919,922.5,415.3,47.9,20.7,1920,1080,0.048,946.5,425.6
Round3,Q1,2750,1375.0,EMIRATES,0.8755,888.8,373.8,38.5,18.7,1920,1080,0.035,908.1,383.2
Round3,Q1,2751,1375.5,EMIRATES,0.871,847.5,384.2,62.5,24.5,1920,1080,0.074,878.7,396.4
Round3,Q1,2752,1376.0,EMIRATES,0.8674,855.4,395.0,58.6,25.5,1920,1080,0.072,884.7,407.8
Round3,Q1,2752,1376.0,EMIRATES,0.773,1340.8,324.8,69.5,30.1,1920,1080,0.101,1375.6,339.8
Round3,Q1,2754,1377.0,EMIRATES,0.8938,654.1,256.1,109.7,34.0,1920,1080,0.18,709.0,273.1
Round3,Q1,2755,1377.5,EMIRATES,0.903,955.0,467.1,101.7,32.1,1920,1080,0.157,1005.8,483.2
Round3,Q1,2755,1377.5,EMIRATES,0.8823,292.3,198.4,116.9,43.0,1920,1080,0.242,350.7,219.9
Round3,Q1,2756,1378.0,EMIRATES,0.9059,995.1,464.9,121.6,35.1,1920,1080,0.206,1055.9,482.4
Round3,Q1,2756,1378.0,EMIRATES,0.8277,0.0,157.7,49.3,38.4,1920,1080,0.091,24.6,176.9
Round3,Q1,2757,1378.5,EMIRATES,0.9089,996.8,484.2,127.5,38.0,1920,1080,0.234,1060.5,503.2
Round3,Q1,2758,1379.0,EMIRATES,0.8963,874.2,460.7,106.2,44.8,1920,1080,0.23,927.3,483.1
Round3,Q1,2758,1379.0,EMIRATES,0.8574,1370.8,337.6,81.3,61.4,1920,1080,0.241,1411.4,368.2
Round3,Q1,2759,1379.5,EMIRATES,0.8995,785.0,462.8,90.8,47.0,1920,1080,0.206,830.4,486.3
Round3,Q1,2759,1379.5,EMIRATES,0.8336,1849.9,295.6,69.9,56.5,1920,1080,0.191,1884.9,323.8
Round3,Q1,2760,1380.0,EMIRATES,0.8891,893.0,542.1,78.1,50.3,1920,1080,0.189,932.0,567.3
Round3,Q1,2761,1380.5,EMIRATES,0.8138,1096.6,650.6,62.0,61.5,1920,1080,0.184,1127.6,681.3
Round3,Q1,2762,1381.0,EMIRATES,0.8265,1031.3,616.2,82.9,82.7,1920,1080,0.331,1072.7,657.6
Round3,Q1,2763,1381.5,EMIRATES,0.8594,911.8,546.4,105.6,71.0,1920,1080,0.362,964.5,581.9
Round3,Q1,2764,1382.0,EMIRATES,0.8752,719.6,628.9,85.1,52.4,1920,1080,0.215,762.1,655.1
Round3,Q1,2765,1382.5,EMIRATES,0.7983,603.8,564.6,26.6,66.3,1920,1080,0.085,617.1,597.7
Round3,Q1,2766,1383.0,EMIRATES,0.7894,740.5,594.7,50.1,68.3,1920,1080,0.165,765.5,628.9
Round3,Q1,2767,1383.5,EMIRATES,0.8846,783.0,432.6,98.2,64.1,1920,1080,0.303,832.1,464.6
Round3,Q1,2768,1384.0,EMIRATES,0.882,802.6,416.6,64.4,53.8,1920,1080,0.167,834.8,443.5
Round3,Q1,2770,1385.0,EMIRATES,0.3351,833.7,525.0,23.3,60.2,1920,1080,0.068,845.3,555.1
Round3,Q1,2771,1385.5,EMIRATES,0.864,788.8,510.3,67.5,63.8,1920,1080,0.208,822.5,542.2
Round3,Q1,2772,1386.0,EMIRATES,0.8498,750.2,413.7,43.7,52.0,1920,1080,0.11,772.0,439.7
Round3,Q1,2773,1386.5,EMIRATES,0.8687,564.6,368.3,75.7,57.4,1920,1080,0.21,602.4,397.0
Round3,Q1,2774,1387.0,EMIRATES,0.8332,751.9,363.6,54.8,70.7,1920,1080,0.187,779.4,398.9
Round3,Q1,2775,1387.5,EMIRATES,0.6284,844.8,503.4,26.6,80.1,1920,1080,0.103,858.1,543.4
Round3,Q1,2776,1388.0,EMIRATES,0.7195,800.4,435.9,25.7,63.4,1920,1080,0.079,813.3,467.6
Round3,Q1,2777,1388.5,EMIRATES,0.8843,618.3,399.8,93.5,45.1,1920,1080,0.203,665.0,422.3
Round3,Q1,2778,1389.0,EMIRATES,0.8817,773.0,298.4,92.9,60.1,1920,1080,0.269,819.4,328.5
Round3,Q1,2779,1389.5,EMIRATES,0.8085,814.3,425.6,55.6,77.7,1920,1080,0.208,842.1,464.5
Round3,Q1,2781,1390.5,EMIRATES,0.8942,756.5,383.1,118.7,44.8,1920,1080,0.256,815.8,405.5
Round3,Q1,2782,1391.0,EMIRATES,0.8822,863.7,319.9,124.2,61.3,1920,1080,0.368,925.8,350.6
Round3,Q1,2783,1391.5,EMIRATES,0.8792,1011.0,365.5,91.9,82.9,1920,1080,0.367,1056.9,407.0
Round3,Q1,2784,1392.0,EMIRATES,0.8804,886.9,292.4,76.4,74.0,1920,1080,0.273,925.1,329.4
Round3,Q1,2785,1392.5,EMIRATES,0.8895,756.1,403.4,129.2,43.1,1920,1080,0.269,820.7,424.9
Round3,Q1,2786,1393.0,EMIRATES,0.8986,800.8,290.6,135.0,45.7,1920,1080,0.298,868.3,313.5
Round3,Q1,2787,1393.5,EMIRATES,0.874,860.1,285.9,119.0,80.6,1920,1080,0.463,919.6,326.2
Round3,Q1,2788,1394.0,EMIRATES,0.8889,922.1,338.1,78.5,65.7,1920,1080,0.249,961.3,371.0
Round3,Q1,2789,1394.5,EMIRATES,0.8838,702.1,336.1,107.9,45.2,1920,1080,0.235,756.1,358.7
Round3,Q1,2790,1395.0,EMIRATES,0.8927,698.9,279.1,104.2,39.1,1920,1080,0.196,751.0,298.6
Round3,Q1,2791,1395.5,EMIRATES,0.8903,633.9,285.9,89.3,51.1,1920,1080,0.22,678.5,311.4
Round3,Q1,2792,1396.0,EMIRATES,0.8966,640.3,268.0,73.2,32.9,1920,1080,0.116,676.9,284.5
Round3,Q1,2793,1396.5,EMIRATES,0.8947,677.7,347.5,93.6,30.9,1920,1080,0.139,724.5,362.9
Round3,Q1,2794,1397.0,EMIRATES,0.8678,671.8,311.0,62.7,32.8,1920,1080,0.099,703.2,327.4
Round3,Q1,2795,1397.5,EMIRATES,0.8569,681.5,313.6,69.8,31.6,1920,1080,0.106,716.4,329.4
Round3,Q1,2795,1397.5,EMIRATES,0.6757,1884.4,984.3,35.6,33.4,1920,1080,0.057,1902.2,1001.0
Round3,Q1,2796,1398.0,EMIRATES,0.8971,716.6,321.0,80.1,42.9,1920,1080,0.166,756.6,342.4
Round3,Q1,2797,1398.5,EMIRATES,0.8973,731.4,342.9,91.2,38.1,1920,1080,0.168,777.0,362.0
Round3,Q1,2798,1399.0,EMIRATES,0.9032,815.8,321.8,125.2,45.6,1920,1080,0.275,878.3,344.6
Round3,Q1,2799,1399.5,EMIRATES,0.8914,824.3,303.8,148.5,43.2,1920,1080,0.309,898.5,325.4
Round3,Q1,2801,1400.5,EMIRATES,0.8546,1110.5,511.0,50.7,44.1,1920,1080,0.108,1135.9,533.0
Round3,Q1,2803,1401.5,EMIRATES,0.5666,1717.9,710.9,49.1,55.0,1920,1080,0.13,1742.4,738.4
Round3,Q1,2804,1402.0,EMIRATES,0.7333,1834.9,735.8,65.2,65.8,1920,1080,0.207,1867.5,768.7
Round3,Q1,2805,1402.5,EMIRATES,0.8751,799.4,615.5,143.9,62.0,1920,1080,0.43,871.3,646.5
Round3,Q1,2806,1403.0,EMIRATES,0.8652,1104.5,496.4,209.1,93.1,1920,1080,0.939,1209.0,543.0
Round3,Q1,2807,1403.5,EMIRATES,0.8804,978.8,506.6,208.4,90.7,1920,1080,0.912,1083.1,551.9
Round3,Q1,2808,1404.0,EMIRATES,0.9062,888.6,640.9,176.3,59.1,1920,1080,0.502,976.8,670.4
Round3,Q1,2808,1404.0,EMIRATES,0.7549,1837.1,897.8,45.4,67.7,1920,1080,0.148,1859.8,931.7
Round3,Q1,2809,1404.5,EMIRATES,0.8576,1842.3,876.8,73.2,61.5,1920,1080,0.217,1879.0,907.6
Round3,Q1,2809,1404.5,EMIRATES,0.8208,826.9,580.6,116.2,97.8,1920,1080,0.548,885.0,629.4
Round3,Q1,2809,1404.5,EMIRATES,0.5241,1867.9,508.6,52.1,56.5,1920,1080,0.142,1893.9,536.9
Round3,Q1,2813,1406.5,EMIRATES,0.8012,247.0,330.2,63.9,19.7,1920,1080,0.061,279.0,340.0
Round3,Q1,2814,1407.0,EMIRATES,0.4529,863.6,98.2,27.7,12.5,1920,1080,0.017,877.4,104.5
Round3,Q1,2815,1407.5,EMIRATES,0.6254,232.0,116.2,29.4,10.0,1920,1080,0.014,246.7,121.2
Round3,Q1,2816,1408.0,EMIRATES,0.8933,1084.6,339.0,42.2,16.3,1920,1080,0.033,1105.7,347.2
Round3,Q1,2817,1408.5,EMIRATES,0.8983,953.9,315.7,45.1,19.6,1920,1080,0.043,976.4,325.5
Round3,Q1,2818,1409.0,EMIRATES,0.8288,1244.3,297.4,24.0,19.1,1920,1080,0.022,1256.3,307.0
Round3,Q1,2819,1409.5,EMIRATES,0.8887,1259.6,317.2,39.1,19.8,1920,1080,0.037,1279.2,327.1
Round3,Q1,2819,1409.5,EMIRATES,0.8252,301.9,144.1,82.5,23.5,1920,1080,0.093,343.1,155.8
Round3,Q1,2820,1410.0,EMIRATES,0.5993,983.8,233.9,90.6,21.9,1920,1080,0.096,1029.1,244.9
Round3,Q1,2822,1411.0,EMIRATES,0.887,523.0,452.4,57.8,22.3,1920,1080,0.062,551.9,463.5
Round3,Q1,2823,1411.5,EMIRATES,0.8849,717.2,348.8,53.5,23.2,1920,1080,0.06,743.9,360.4
Round3,Q1,2825,1412.5,EMIRATES,0.8649,915.2,426.6,56.8,27.2,1920,1080,0.075,943.6,440.2
Round3,Q1,2826,1413.0,EMIRATES,0.882,1107.6,375.6,50.5,15.8,1920,1080,0.039,1132.8,383.5
Round3,Q1,2828,1414.0,EMIRATES,0.8901,1612.8,283.6,52.7,17.5,1920,1080,0.045,1639.2,292.3
Round3,Q1,2829,1414.5,EMIRATES,0.8926,1588.5,318.3,51.5,17.7,1920,1080,0.044,1614.3,327.1
Round3,Q1,2830,1415.0,EMIRATES,0.882,1413.6,295.0,44.4,19.7,1920,1080,0.042,1435.8,304.8
Round3,Q1,2831,1415.5,EMIRATES,0.9048,1145.5,165.4,61.4,22.2,1920,1080,0.066,1176.2,176.5
Round3,Q1,2832,1416.0,EMIRATES,0.8849,1205.8,176.5,56.1,16.3,1920,1080,0.044,1233.9,184.7
Round3,Q1,2832,1416.0,EMIRATES,0.7589,1708.8,429.5,31.0,14.9,1920,1080,0.022,1724.3,437.0
Round3,Q1,2833,1416.5,EMIRATES,0.8911,1515.6,547.2,55.0,18.1,1920,1080,0.048,1543.1,556.2
Round3,Q1,2834,1417.0,EMIRATES,0.8966,1410.6,578.3,71.2,43.0,1920,1080,0.148,1446.2,599.9
Round3,Q1,2835,1417.5,EMIRATES,0.8826,917.6,323.2,98.8,49.6,1920,1080,0.236,967.0,348.0
Round3,Q1,2836,1418.0,EMIRATES,0.886,1045.9,318.1,121.1,50.0,1920,1080,0.292,1106.5,343.1
Round3,Q1,2837,1418.5,EMIRATES,0.8975,1117.9,450.1,146.5,59.9,1920,1080,0.423,1191.1,480.1
Round3,Q1,2837,1418.5,EMIRATES,0.47,1583.5,536.3,174.2,55.1,1920,1080,0.463,1670.6,563.8
Round3,Q1,2838,1419.0,EMIRATES,0.8973,916.8,222.2,156.1,59.0,1920,1080,0.444,994.8,251.7
Round3,Q1,2838,1419.0,EMIRATES,0.861,299.8,645.7,220.9,54.5,1920,1080,0.581,410.2,673.0
Round3,Q1,2839,1419.5,EMIRATES,0.8884,1051.5,422.5,147.8,48.9,1920,1080,0.349,1125.4,447.0
Round3,Q1,2840,1420.0,EMIRATES,0.8856,971.0,406.2,121.8,55.1,1920,1080,0.324,1031.9,433.8
Round3,Q1,2841,1420.5,EMIRATES,0.4719,1231.8,924.7,18.4,6.7,1920,1080,0.006,1241.0,928.1
Round3,Q1,2842,1421.0,EMIRATES,0.5753,1148.4,907.1,20.9,7.5,1920,1080,0.008,1158.9,910.9
Round3,Q1,2843,1421.5,EMIRATES,0.4112,1160.2,909.7,20.4,7.5,1920,1080,0.007,1170.4,913.4
Round3,Q1,2844,1422.0,EMIRATES,0.7541,1171.7,913.4,16.3,7.2,1920,1080,0.006,1179.9,917.0
Round3,Q1,2845,1422.5,EMIRATES,0.6708,1167.7,916.4,15.4,8.1,1920,1080,0.006,1175.4,920.4
Round3,Q1,2846,1423.0,EMIRATES,0.8071,1142.5,926.9,20.1,9.8,1920,1080,0.01,1152.6,931.8
Round3,Q1,2847,1423.5,EMIRATES,0.69,1145.3,941.9,21.8,8.6,1920,1080,0.009,1156.2,946.2
Round3,Q1,2850,1425.0,EMIRATES,0.3496,994.6,480.6,17.4,10.0,1920,1080,0.008,1003.3,485.6
Round3,Q1,2851,1425.5,EMIRATES,0.3867,1269.6,676.5,17.1,11.2,1920,1080,0.009,1278.1,682.1
Round3,Q1,2852,1426.0,EMIRATES,0.8664,912.6,455.6,31.2,13.7,1920,1080,0.021,928.2,462.4
Round3,Q1,2852,1426.0,EMIRATES,0.8492,1167.6,611.5,34.3,16.2,1920,1080,0.027,1184.8,619.6
Round3,Q1,2852,1426.0,EMIRATES,0.5699,1386.0,399.5,17.1,18.2,1920,1080,0.015,1394.6,408.6
Round3,Q1,2853,1426.5,EMIRATES,0.8905,776.6,319.2,36.5,14.1,1920,1080,0.025,794.9,326.2
Round3,Q1,2854,1427.0,EMIRATES,0.8894,923.1,292.3,40.8,15.0,1920,1080,0.03,943.5,299.8
Round3,Q1,2855,1427.5,EMIRATES,0.8939,1463.4,370.5,42.5,14.8,1920,1080,0.03,1484.6,377.9
Round3,Q1,2855,1427.5,EMIRATES,0.8477,301.0,337.4,34.1,12.9,1920,1080,0.021,318.0,343.9
Round3,Q1,2856,1428.0,EMIRATES,0.8723,1414.0,373.8,44.2,17.6,1920,1080,0.038,1436.1,382.6
Round3,Q1,2862,1431.0,EMIRATES,0.8408,181.1,527.3,37.2,12.3,1920,1080,0.022,199.7,533.4
Round3,Q1,2863,1431.5,EMIRATES,0.7998,296.0,490.7,25.5,10.7,1920,1080,0.013,308.7,496.1
Round3,Q1,2865,1432.5,EMIRATES,0.506,1888.4,276.1,31.2,21.1,1920,1080,0.032,1904.0,286.7
Round3,Q1,2866,1433.0,EMIRATES,0.8825,675.8,394.1,32.9,14.3,1920,1080,0.023,692.2,401.2
Round3,Q1,2867,1433.5,EMIRATES,0.5029,816.5,383.0,14.8,19.5,1920,1080,0.014,823.9,392.7
Round3,Q1,2871,1435.5,EMIRATES,0.8891,956.7,34.8,33.3,12.6,1920,1080,0.02,973.4,41.1
Round3,Q1,2872,1436.0,EMIRATES,0.7466,719.7,340.5,26.0,13.6,1920,1080,0.017,732.7,347.3
Round3,Q1,2873,1436.5,EMIRATES,0.5411,850.1,278.9,32.3,12.2,1920,1080,0.019,866.3,285.0
Round3,Q1,2874,1437.0,EMIRATES,0.8527,784.6,308.2,20.8,21.5,1920,1080,0.022,795.0,318.9
Round3,Q1,2875,1437.5,EMIRATES,0.6628,12.9,494.8,27.6,13.9,1920,1080,0.019,26.7,501.7
Round3,Q1,2876,1438.0,EMIRATES,0.8396,422.5,440.3,60.7,21.1,1920,1080,0.062,452.8,450.8
Round3,Q1,2876,1438.0,EMIRATES,0.7123,1062.1,365.4,36.6,10.9,1920,1080,0.019,1080.4,370.9
Round3,Q1,2877,1438.5,EMIRATES,0.8795,893.1,426.8,55.0,14.4,1920,1080,0.038,920.6,434.0
Round3,Q1,2878,1439.0,EMIRATES,0.6396,1022.8,223.5,53.8,18.0,1920,1080,0.047,1049.7,232.5
Round3,Q1,2878,1439.0,EMIRATES,0.569,1820.3,336.5,35.2,17.7,1920,1080,0.03,1837.9,345.4
Round3,Q1,2878,1439.0,EMIRATES,0.5351,1180.0,399.1,32.4,8.5,1920,1080,0.013,1196.2,403.3
Round3,Q1,2879,1439.5,EMIRATES,0.8413,1478.0,171.9,38.3,13.3,1920,1080,0.025,1497.2,178.5
Round3,Q1,2879,1439.5,EMIRATES,0.4481,1321.2,283.3,24.4,14.0,1920,1080,0.016,1333.3,290.3
Round3,Q1,2880,1440.0,EMIRATES,0.866,859.1,378.3,54.0,25.2,1920,1080,0.066,886.1,390.9
Round3,Q1,2881,1440.5,EMIRATES,0.5787,962.7,437.5,22.8,17.3,1920,1080,0.019,974.1,446.1
Round3,Q1,2882,1441.0,EMIRATES,0.5926,1022.7,320.4,20.4,20.9,1920,1080,0.021,1032.9,330.8
Round3,Q1,2883,1441.5,EMIRATES,0.8689,1209.3,287.5,29.5,18.5,1920,1080,0.026,1224.0,296.7
Round3,Q1,2883,1441.5,EMIRATES,0.8497,984.0,384.4,38.6,9.9,1920,1080,0.018,1003.3,389.4
Round3,Q1,2883,1441.5,EMIRATES,0.7238,279.1,248.9,59.7,19.0,1920,1080,0.055,308.9,258.3
Round3,Q1,2884,1442.0,EMIRATES,0.8515,1294.2,415.7,30.9,14.9,1920,1080,0.022,1309.7,423.1
Round3,Q1,2884,1442.0,EMIRATES,0.8332,925.4,554.1,32.3,17.2,1920,1080,0.027,941.6,562.7
Round3,Q1,2884,1442.0,EMIRATES,0.3229,825.5,452.3,41.4,19.6,1920,1080,0.039,846.2,462.1
Round3,Q1,2885,1442.5,EMIRATES,0.8977,1218.7,452.6,53.8,20.2,1920,1080,0.052,1245.6,462.7
Round3,Q1,2885,1442.5,EMIRATES,0.8973,1359.5,419.9,35.7,14.5,1920,1080,0.025,1377.4,427.1
Round3,Q1,2885,1442.5,EMIRATES,0.8516,721.3,558.2,27.0,19.7,1920,1080,0.026,734.8,568.0
Round3,Q1,2886,1443.0,EMIRATES,0.8887,1702.8,356.4,38.1,20.9,1920,1080,0.038,1721.9,366.9
Round3,Q1,2886,1443.0,EMIRATES,0.8537,595.9,557.3,24.6,21.7,1920,1080,0.026,608.2,568.1
Round3,Q1,2886,1443.0,EMIRATES,0.8096,1103.1,360.8,21.2,15.4,1920,1080,0.016,1113.7,368.5
Round3,Q1,2887,1443.5,EMIRATES,0.8786,1170.7,394.4,30.9,17.6,1920,1080,0.026,1186.2,403.2
Round3,Q1,2894,1447.0,EMIRATES,0.8454,1251.6,288.7,29.6,12.8,1920,1080,0.018,1266.4,295.1
Round3,Q1,2895,1447.5,EMIRATES,0.8925,1340.3,305.5,49.0,21.4,1920,1080,0.051,1364.8,316.2
Round3,Q1,2895,1447.5,EMIRATES,0.7958,946.0,756.6,66.4,17.8,1920,1080,0.057,979.2,765.5
Round3,Q1,2896,1448.0,EMIRATES,0.8964,316.6,814.2,53.9,18.4,1920,1080,0.048,343.5,823.4
Round3,Q1,2896,1448.0,EMIRATES,0.8476,1177.4,244.4,24.2,17.5,1920,1080,0.02,1189.5,253.1
Round3,Q1,2906,1453.0,EMIRATES,0.8774,1301.3,204.4,67.7,21.7,1920,1080,0.071,1335.1,215.3
Round3,Q1,2907,1453.5,EMIRATES,0.893,1413.1,212.1,37.1,25.1,1920,1080,0.045,1431.6,224.7
Round3,Q1,2908,1454.0,EMIRATES,0.7658,1726.8,234.3,40.7,19.0,1920,1080,0.037,1747.1,243.8
Round3,Q1,2910,1455.0,EMIRATES,0.4454,1854.0,0.0,65.7,24.8,1920,1080,0.079,1886.8,12.4
Round3,Q1,2940,1470.0,EMIRATES,0.8625,1119.5,866.3,51.3,15.0,1920,1080,0.037,1145.2,873.8
Round3,Q1,2941,1470.5,EMIRATES,0.8897,1309.1,805.2,49.7,15.1,1920,1080,0.036,1334.0,812.7
Round3,Q1,2942,1471.0,EMIRATES,0.9012,1463.6,752.7,50.6,17.6,1920,1080,0.043,1488.9,761.5
Round3,Q1,2949,1474.5,EMIRATES,0.886,638.7,247.3,42.8,18.8,1920,1080,0.039,660.1,256.7
Round3,Q1,2949,1474.5,EMIRATES,0.8809,1423.4,579.5,72.3,23.4,1920,1080,0.082,1459.5,591.2
Round3,Q1,2950,1475.0,EMIRATES,0.8523,1533.0,377.8,57.4,21.8,1920,1080,0.06,1561.7,388.7
Round3,Q1,2953,1476.5,EMIRATES,0.7182,1435.5,399.7,57.9,14.8,1920,1080,0.041,1464.5,407.1
Round3,Q1,2954,1477.0,EMIRATES,0.5013,534.2,310.3,54.3,19.3,1920,1080,0.051,561.3,319.9
Round3,Q1,2957,1478.5,EMIRATES,0.6584,1773.0,393.8,11.3,48.8,1920,1080,0.027,1778.6,418.2
Round3,Q1,2958,1479.0,EMIRATES,0.3616,1866.3,411.7,14.6,52.2,1920,1080,0.037,1873.6,437.8
Round3,Q1,2959,1479.5,EMIRATES,0.8962,1175.1,793.3,52.0,26.7,1920,1080,0.067,1201.1,806.7
Round3,Q1,2960,1480.0,EMIRATES,0.8992,1239.0,724.5,73.2,27.0,1920,1080,0.095,1275.7,738.0
Round3,Q1,2960,1480.0,EMIRATES,0.8937,280.0,808.3,77.4,21.3,1920,1080,0.079,318.7,818.9
Round3,Q1,2961,1480.5,EMIRATES,0.8868,1390.2,682.2,75.2,36.7,1920,1080,0.133,1427.8,700.5
Round3,Q1,2961,1480.5,EMIRATES,0.883,478.1,682.3,76.3,25.4,1920,1080,0.093,516.2,695.0
Round3,Q1,2962,1481.0,EMIRATES,0.9022,695.7,598.6,61.5,32.3,1920,1080,0.096,726.5,614.7
Round3,Q1,2962,1481.0,EMIRATES,0.9019,1572.3,675.2,65.4,27.0,1920,1080,0.085,1605.0,688.7
Round3,Q1,2963,1481.5,EMIRATES,0.8943,1059.5,525.4,66.7,32.9,1920,1080,0.106,1092.8,541.9
Round3,Q1,2963,1481.5,EMIRATES,0.8861,1814.5,662.0,56.1,29.5,1920,1080,0.08,1842.6,676.7
Round3,Q1,2964,1482.0,EMIRATES,0.6432,1900.4,333.7,13.1,45.6,1920,1080,0.029,1907.0,356.5
Round3,Q1,2964,1482.0,EMIRATES,0.4998,1896.4,385.1,12.8,50.9,1920,1080,0.032,1902.9,410.5
Round3,Q1,2965,1482.5,EMIRATES,0.7132,1816.0,344.1,12.0,43.1,1920,1080,0.025,1822.0,365.7
Round3,Q1,2965,1482.5,EMIRATES,0.5945,1812.9,392.6,11.9,52.3,1920,1080,0.03,1818.9,418.7
Round3,Q1,2966,1483.0,EMIRATES,0.7124,1740.0,404.3,12.2,49.9,1920,1080,0.029,1746.1,429.3
Round3,Q1,2966,1483.0,EMIRATES,0.6519,1901.7,425.4,12.1,51.2,1920,1080,0.03,1907.8,451.0
Round3,Q1,2966,1483.0,EMIRATES,0.635,1743.6,358.2,11.2,41.2,1920,1080,0.022,1749.2,378.8
Round3,Q1,2966,1483.0,EMIRATES,0.3754,1907.1,376.0,12.3,42.8,1920,1080,0.025,1913.2,397.4
Round3,Q1,2967,1483.5,EMIRATES,0.6888,1828.7,436.8,11.7,50.1,1920,1080,0.028,1834.5,461.8
Round3,Q1,2967,1483.5,EMIRATES,0.6487,1674.3,418.8,11.8,46.5,1920,1080,0.026,1680.2,442.1
Round3,Q1,2967,1483.5,EMIRATES,0.4903,1831.4,391.4,12.5,39.2,1920,1080,0.024,1837.7,411.0
Round3,Q1,2967,1483.5,EMIRATES,0.3646,1676.5,373.3,11.4,40.4,1920,1080,0.022,1682.2,393.5
Round3,Q1,2968,1484.0,EMIRATES,0.7547,1750.3,448.0,10.7,48.7,1920,1080,0.025,1755.7,472.4
Round3,Q1,2968,1484.0,EMIRATES,0.5463,1604.4,432.6,10.2,44.0,1920,1080,0.022,1609.5,454.6
Round3,Q1,2968,1484.0,EMIRATES,0.5428,1606.0,387.6,11.0,38.5,1920,1080,0.02,1611.5,406.9
Round3,Q1,2968,1484.0,EMIRATES,0.5266,1752.9,404.4,12.3,37.5,1920,1080,0.022,1759.1,423.1
Round3,Q1,2969,1484.5,EMIRATES,0.6582,1844.2,475.3,10.8,48.1,1920,1080,0.025,1849.6,499.3
Round3,Q1,2969,1484.5,EMIRATES,0.6431,1688.1,453.0,10.5,47.6,1920,1080,0.024,1693.4,476.8
Round3,Q1,2969,1484.5,EMIRATES,0.547,1690.5,411.6,11.2,37.3,1920,1080,0.02,1696.2,430.3
Round3,Q1,2969,1484.5,EMIRATES,0.542,1548.9,435.8,9.7,43.7,1920,1080,0.021,1553.7,457.7
Round3,Q1,2969,1484.5,EMIRATES,0.4221,1550.6,393.1,10.7,37.7,1920,1080,0.019,1556.0,412.0
Round3,Q1,2969,1484.5,EMIRATES,0.368,1846.9,429.0,12.5,42.6,1920,1080,0.026,1853.1,450.3
Round3,Q1,2970,1485.0,EMIRATES,0.8388,1015.1,414.5,289.3,83.8,1920,1080,1.17,1159.8,456.4
Round3,Q1,2972,1486.0,EMIRATES,0.87,152.6,251.6,182.5,51.7,1920,1080,0.455,243.8,277.5
Round3,Q1,2972,1486.0,EMIRATES,0.4919,1163.6,600.2,218.0,77.3,1920,1080,0.813,1272.6,638.9
Round3,Q1,2973,1486.5,EMIRATES,0.674,639.9,317.3,28.8,51.7,1920,1080,0.072,654.3,343.1
Round3,Q1,2974,1487.0,EMIRATES,0.8811,605.6,342.0,67.2,83.5,1920,1080,0.27,639.2,383.8
Round3,Q1,2975,1487.5,EMIRATES,0.8714,513.5,388.0,55.6,73.5,1920,1080,0.197,541.3,424.7
Round3,Q1,2976,1488.0,EMIRATES,0.8645,272.1,471.3,124.1,89.6,1920,1080,0.536,334.2,516.1
Round3,Q1,2978,1489.0,EMIRATES,0.886,561.2,193.7,131.2,55.7,1920,1080,0.353,626.8,221.6
Round3,Q1,2978,1489.0,EMIRATES,0.8766,0.7,479.9,243.4,81.6,1920,1080,0.957,122.4,520.7
Round3,Q1,2979,1489.5,EMIRATES,0.8879,639.4,509.4,256.6,91.8,1920,1080,1.136,767.7,555.3
Round3,Q1,2979,1489.5,EMIRATES,0.8663,950.9,210.7,115.7,51.2,1920,1080,0.285,1008.7,236.3
Round3,Q1,2980,1490.0,EMIRATES,0.8411,1182.4,511.2,128.0,70.0,1920,1080,0.432,1246.3,546.2
Round3,Q1,2980,1490.0,EMIRATES,0.8266,1548.2,212.9,152.8,47.6,1920,1080,0.351,1624.6,236.7
Round3,Q1,2993,1496.5,EMIRATES,0.4746,0.0,456.4,25.1,43.3,1920,1080,0.053,12.6,478.1
Round3,Q1,2994,1497.0,EMIRATES,0.8688,527.5,430.6,101.9,37.9,1920,1080,0.186,578.5,449.6
Round3,Q1,2996,1498.0,EMIRATES,0.8749,1522.0,430.1,99.6,37.7,1920,1080,0.181,1571.8,449.0
Round3,Q1,2997,1498.5,EMIRATES,0.8621,1853.9,429.0,65.9,37.6,1920,1080,0.12,1886.8,447.8
Round3,Q1,3005,1502.5,EMIRATES,0.8923,1835.5,423.0,84.5,38.5,1920,1080,0.157,1877.7,442.3
Round3,Q1,3006,1503.0,EMIRATES,0.8869,1731.6,424.7,118.1,39.2,1920,1080,0.223,1790.7,444.3
Round3,Q1,3007,1503.5,EMIRATES,0.8917,1637.0,395.4,127.0,39.7,1920,1080,0.243,1700.5,415.2
Round3,Q1,3008,1504.0,EMIRATES,0.8892,1554.4,360.6,119.3,38.6,1920,1080,0.222,1614.0,379.8
Round3,Q1,3009,1504.5,EMIRATES,0.8868,1528.0,405.3,121.7,44.6,1920,1080,0.262,1588.9,427.6
Round3,Q1,3010,1505.0,EMIRATES,0.7479,699.0,825.8,135.4,70.1,1920,1080,0.458,766.7,860.8
Round3,Q1,3011,1505.5,EMIRATES,0.8198,705.4,812.5,122.7,87.2,1920,1080,0.516,766.8,856.0
Round3,Q1,3012,1506.0,EMIRATES,0.8557,1569.2,820.6,89.2,39.9,1920,1080,0.171,1613.8,840.5
Round3,Q1,3013,1506.5,EMIRATES,0.8371,1610.9,804.1,92.0,46.0,1920,1080,0.204,1656.9,827.1
Round3,Q1,3014,1507.0,EMIRATES,0.8369,1576.5,813.3,97.4,44.0,1920,1080,0.207,1625.2,835.4
Round3,Q1,3022,1511.0,EMIRATES,0.6853,562.3,581.4,25.3,109.1,1920,1080,0.133,575.0,636.0
Round3,Q1,3022,1511.0,EMIRATES,0.5506,562.6,487.0,22.7,88.0,1920,1080,0.096,573.9,531.0
Round3,Q1,3022,1511.0,EMIRATES,0.3153,76.1,486.2,22.5,89.1,1920,1080,0.097,87.3,530.8
Round3,Q1,3023,1511.5,EMIRATES,0.7876,623.5,600.3,21.1,104.4,1920,1080,0.106,634.0,652.6
Round3,Q1,3023,1511.5,EMIRATES,0.669,156.5,509.1,21.8,87.3,1920,1080,0.092,167.4,552.8
Round3,Q1,3023,1511.5,EMIRATES,0.6319,1077.3,511.4,19.8,87.1,1920,1080,0.083,1087.2,554.9
Round3,Q1,3023,1511.5,EMIRATES,0.5645,623.0,510.0,21.2,86.2,1920,1080,0.088,633.6,553.2
Round3,Q1,3024,1512.0,EMIRATES,0.798,1120.8,622.3,18.3,101.0,1920,1080,0.089,1130.0,672.8
Round3,Q1,3024,1512.0,EMIRATES,0.7803,686.3,624.3,19.2,95.5,1920,1080,0.088,695.9,672.1
Round3,Q1,3024,1512.0,EMIRATES,0.7268,686.1,536.2,19.4,83.2,1920,1080,0.078,695.8,577.8
Round3,Q1,3024,1512.0,EMIRATES,0.6762,1120.3,538.9,18.9,80.5,1920,1080,0.073,1129.8,579.1
Round3,Q1,3024,1512.0,EMIRATES,0.6745,240.7,535.5,20.7,82.5,1920,1080,0.082,251.1,576.8
Round3,Q1,3025,1512.5,EMIRATES,0.8073,1158.1,644.0,19.0,94.8,1920,1080,0.087,1167.6,691.4
Round3,Q1,3025,1512.5,EMIRATES,0.7905,740.1,642.2,20.4,96.0,1920,1080,0.095,750.3,690.2
Round3,Q1,3025,1512.5,EMIRATES,0.7197,740.7,559.8,19.9,80.0,1920,1080,0.077,750.6,599.8
Round3,Q1,3025,1512.5,EMIRATES,0.6541,1158.3,562.1,18.2,78.1,1920,1080,0.068,1167.4,601.1
Round3,Q1,3025,1512.5,EMIRATES,0.6467,315.3,558.0,19.4,80.5,1920,1080,0.075,325.0,598.3
Round3,Q1,3026,1513.0,EMIRATES,0.8098,796.2,660.1,18.1,92.9,1920,1080,0.081,805.3,706.5
Round3,Q1,3026,1513.0,EMIRATES,0.7868,1195.3,663.3,18.3,91.2,1920,1080,0.081,1204.5,708.9
Round3,Q1,3026,1513.0,EMIRATES,0.7035,389.5,581.0,17.9,77.1,1920,1080,0.066,398.4,619.6
Round3,Q1,3026,1513.0,EMIRATES,0.5545,795.7,583.1,17.9,72.6,1920,1080,0.063,804.7,619.4
Round3,Q1,3026,1513.0,EMIRATES,0.4761,1195.3,582.7,17.7,75.6,1920,1080,0.065,1204.2,620.5
Round3,Q1,3027,1513.5,EMIRATES,0.7928,839.0,672.1,18.1,88.9,1920,1080,0.078,848.1,716.5
Round3,Q1,3027,1513.5,EMIRATES,0.7894,1224.3,675.4,16.4,86.8,1920,1080,0.069,1232.5,718.8
Round3,Q1,3027,1513.5,EMIRATES,0.7685,52.5,675.5,17.2,87.6,1920,1080,0.073,61.1,719.2
Round3,Q1,3027,1513.5,EMIRATES,0.68,1224.2,599.4,17.1,71.6,1920,1080,0.059,1232.8,635.2
Round3,Q1,3027,1513.5,EMIRATES,0.5917,447.5,596.8,18.5,72.9,1920,1080,0.065,456.8,633.3
Round3,Q1,3027,1513.5,EMIRATES,0.4085,448.7,673.7,18.4,91.7,1920,1080,0.082,457.9,719.6
Round3,Q1,3027,1513.5,EMIRATES,0.3023,838.9,595.7,17.8,73.0,1920,1080,0.063,847.8,632.2
Round3,Q1,3028,1514.0,EMIRATES,0.7975,883.0,678.4,17.6,83.1,1920,1080,0.07,891.7,719.9
Round3,Q1,3028,1514.0,EMIRATES,0.7905,508.5,678.5,17.2,83.9,1920,1080,0.07,517.1,720.5
Round3,Q1,3028,1514.0,EMIRATES,0.7854,128.9,677.5,17.0,86.8,1920,1080,0.071,137.4,720.9
Round3,Q1,3028,1514.0,EMIRATES,0.7582,1253.5,679.2,16.1,86.1,1920,1080,0.067,1261.5,722.2
Round3,Q1,3028,1514.0,EMIRATES,0.7431,883.1,603.8,17.7,71.1,1920,1080,0.061,891.9,639.4
Round3,Q1,3028,1514.0,EMIRATES,0.7317,508.4,604.0,16.6,68.4,1920,1080,0.055,516.7,638.2
Round3,Q1,3028,1514.0,EMIRATES,0.5665,1254.2,606.8,15.8,69.5,1920,1080,0.053,1262.1,641.5
Round3,Q1,3028,1514.0,EMIRATES,0.4676,128.0,605.9,17.6,70.7,1920,1080,0.06,136.8,641.2
Round3,Q1,3029,1514.5,EMIRATES,0.79,1283.4,680.1,17.9,84.2,1920,1080,0.073,1292.4,722.2
Round3,Q1,3029,1514.5,EMIRATES,0.7898,550.3,678.4,18.4,84.7,1920,1080,0.075,559.5,720.7
Round3,Q1,3029,1514.5,EMIRATES,0.7589,919.4,680.0,17.6,82.5,1920,1080,0.07,928.2,721.3
Round3,Q1,3029,1514.5,EMIRATES,0.7576,177.8,680.8,16.7,83.5,1920,1080,0.067,186.1,722.6
Round3,Q1,3029,1514.5,EMIRATES,0.7489,1284.8,609.1,15.8,66.7,1920,1080,0.051,1292.7,642.5
Round3,Q1,3029,1514.5,EMIRATES,0.7142,919.4,607.0,16.8,69.8,1920,1080,0.056,927.8,641.9
Round3,Q1,3029,1514.5,EMIRATES,0.5244,177.0,608.1,17.0,69.6,1920,1080,0.057,185.5,642.9
Round3,Q1,3030,1515.0,EMIRATES,0.7939,953.4,682.4,16.8,79.9,1920,1080,0.065,961.8,722.4
Round3,Q1,3030,1515.0,EMIRATES,0.7823,584.1,682.3,17.1,81.3,1920,1080,0.067,592.7,723.0
Round3,Q1,3030,1515.0,EMIRATES,0.7807,1317.5,683.4,16.7,84.0,1920,1080,0.068,1325.8,725.5
Round3,Q1,3030,1515.0,EMIRATES,0.7636,213.7,683.4,17.1,82.7,1920,1080,0.068,222.3,724.7
Round3,Q1,3030,1515.0,EMIRATES,0.7563,584.5,608.4,16.9,71.2,1920,1080,0.058,593.0,644.0
Round3,Q1,3030,1515.0,EMIRATES,0.515,953.2,608.9,16.5,68.4,1920,1080,0.054,961.4,643.1
Round3,Q1,3031,1515.5,EMIRATES,0.7863,1339.0,685.9,15.7,82.0,1920,1080,0.062,1346.9,726.9
Round3,Q1,3031,1515.5,EMIRATES,0.7821,235.2,684.8,16.4,83.5,1920,1080,0.066,243.4,726.5
Round3,Q1,3031,1515.5,EMIRATES,0.7769,973.8,684.7,17.1,82.5,1920,1080,0.068,982.4,726.0
Round3,Q1,3031,1515.5,EMIRATES,0.7748,605.4,684.5,17.0,82.7,1920,1080,0.068,614.0,725.8
Round3,Q1,3031,1515.5,EMIRATES,0.7183,973.7,611.6,16.6,68.8,1920,1080,0.055,982.0,646.0
Round3,Q1,3031,1515.5,EMIRATES,0.6676,575.6,953.6,22.0,8.0,1920,1080,0.009,586.6,957.6
Round3,Q1,3031,1515.5,EMIRATES,0.5691,605.8,608.9,16.2,71.3,1920,1080,0.056,613.8,644.5
Round3,Q1,3031,1515.5,EMIRATES,0.5539,1339.2,612.8,16.2,68.0,1920,1080,0.053,1347.2,646.8
Round3,Q1,3031,1515.5,EMIRATES,0.4289,234.6,610.2,16.5,70.2,1920,1080,0.056,242.9,645.3
Round3,Q1,3032,1516.0,EMIRATES,0.7905,988.9,689.2,16.0,82.8,1920,1080,0.064,996.9,730.6
Round3,Q1,3032,1516.0,EMIRATES,0.7843,249.9,687.9,16.7,84.0,1920,1080,0.068,258.3,729.9
Round3,Q1,3032,1516.0,EMIRATES,0.7739,620.3,688.1,17.4,82.7,1920,1080,0.069,629.0,729.4
Round3,Q1,3032,1516.0,EMIRATES,0.7095,1353.6,689.8,15.5,83.3,1920,1080,0.062,1361.4,731.4
Round3,Q1,3032,1516.0,EMIRATES,0.5391,576.9,950.7,21.7,8.1,1920,1080,0.008,587.7,954.7
Round3,Q1,3032,1516.0,EMIRATES,0.5211,619.8,615.1,16.2,68.2,1920,1080,0.053,628.0,649.2
Round3,Q1,3032,1516.0,EMIRATES,0.4536,988.3,617.3,16.1,68.7,1920,1080,0.053,996.4,651.6
Round3,Q1,3032,1516.0,EMIRATES,0.405,1354.2,618.2,15.7,68.4,1920,1080,0.052,1362.0,652.4
Round3,Q1,3032,1516.0,EMIRATES,0.3455,249.6,616.7,16.4,68.7,1920,1080,0.054,257.8,651.1
Round3,Q1,3033,1516.5,EMIRATES,0.7729,1359.3,701.5,16.7,85.1,1920,1080,0.069,1367.7,744.1
Round3,Q1,3033,1516.5,EMIRATES,0.7718,611.4,698.8,17.8,84.2,1920,1080,0.072,620.3,740.9
Round3,Q1,3033,1516.5,EMIRATES,0.726,234.4,699.9,16.5,86.1,1920,1080,0.069,242.6,743.0
Round3,Q1,3033,1516.5,EMIRATES,0.6942,611.8,624.2,16.3,71.5,1920,1080,0.056,619.9,660.0
Round3,Q1,3033,1516.5,EMIRATES,0.5436,1359.9,628.5,16.1,67.7,1920,1080,0.052,1367.9,662.4
Round3,Q1,3033,1516.5,EMIRATES,0.4884,986.9,627.9,17.3,66.2,1920,1080,0.055,995.5,660.9
Round3,Q1,3033,1516.5,EMIRATES,0.4842,987.6,699.3,16.2,85.2,1920,1080,0.067,995.7,741.9
Round3,Q1,3034,1517.0,EMIRATES,0.7745,1369.5,727.3,17.7,87.7,1920,1080,0.075,1378.4,771.2
Round3,Q1,3034,1517.0,EMIRATES,0.7615,599.7,724.3,18.5,87.6,1920,1080,0.078,608.9,768.1
Round3,Q1,3034,1517.0,EMIRATES,0.6844,1370.2,653.0,16.6,69.0,1920,1080,0.055,1378.5,687.5
Round3,Q1,3034,1517.0,EMIRATES,0.5935,985.5,651.6,18.6,71.9,1920,1080,0.064,994.8,687.6
Round3,Q1,3034,1517.0,EMIRATES,0.5574,599.4,651.1,18.3,74.4,1920,1080,0.066,608.5,688.3
Round3,Q1,3034,1517.0,EMIRATES,0.4513,211.0,651.4,17.6,70.2,1920,1080,0.059,219.7,686.5
Round3,Q1,3035,1517.5,EMIRATES,0.6903,1218.2,886.4,21.4,80.1,1920,1080,0.083,1228.9,926.5
Round3,Q1,3035,1517.5,EMIRATES,0.4918,40.8,889.2,23.3,176.9,1920,1080,0.199,52.5,977.6
Round3,Q1,3036,1518.0,EMIRATES,0.6494,335.1,1044.7,20.2,34.5,1920,1080,0.034,345.2,1061.9
Round3,Q1,3036,1518.0,EMIRATES,0.4323,741.0,1041.3,21.0,37.1,1920,1080,0.038,751.5,1059.9
Round3,Q1,3036,1518.0,EMIRATES,0.3459,1141.8,1043.2,17.6,36.3,1920,1080,0.031,1150.6,1061.4
Round3,Q1,3039,1519.5,EMIRATES,0.7125,115.1,923.7,28.3,106.0,1920,1080,0.144,129.2,976.7
Round3,Q1,3039,1519.5,EMIRATES,0.4182,1162.0,922.8,21.0,44.4,1920,1080,0.045,1172.6,945.0
Round3,Q1,3040,1520.0,EMIRATES,0.7521,1180.9,828.6,23.1,125.9,1920,1080,0.14,1192.4,891.6
Round3,Q1,3040,1520.0,EMIRATES,0.6636,608.4,821.3,25.2,136.9,1920,1080,0.166,621.0,889.8
Round3,Q1,3040,1520.0,EMIRATES,0.5774,1179.4,712.9,25.2,109.0,1920,1080,0.132,1192.1,767.3
Round3,Q1,3040,1520.0,EMIRATES,0.544,18.0,709.8,30.5,113.8,1920,1080,0.167,33.2,766.7
Round3,Q1,3040,1520.0,EMIRATES,0.4113,606.9,709.8,28.1,108.3,1920,1080,0.147,620.9,763.9
Round3,Q1,3041,1520.5,EMIRATES,0.8083,1102.0,520.9,52.0,332.4,1920,1080,0.834,1128.0,687.1
Round3,Q1,3041,1520.5,EMIRATES,0.7206,1105.1,222.9,50.7,271.5,1920,1080,0.664,1130.5,358.6
Round3,Q1,3041,1520.5,EMIRATES,0.6941,40.1,395.3,52.0,339.6,1920,1080,0.852,66.1,565.1
Round3,Q1,3041,1520.5,EMIRATES,0.5947,39.4,106.4,48.3,277.8,1920,1080,0.647,63.5,245.3
Round3,Q1,3042,1521.0,EMIRATES,0.8267,1019.5,516.6,47.7,310.2,1920,1080,0.713,1043.4,671.7
Round3,Q1,3042,1521.0,EMIRATES,0.8154,11.2,405.4,52.0,307.5,1920,1080,0.771,37.2,559.2
Round3,Q1,3042,1521.0,EMIRATES,0.7146,11.8,124.4,45.5,260.1,1920,1080,0.571,34.6,254.4
Round3,Q1,3042,1521.0,EMIRATES,0.6911,1021.4,229.8,44.8,262.1,1920,1080,0.567,1043.8,360.9
Round3,Q1,3076,1538.0,EMIRATES,0.7046,1142.9,567.6,18.9,19.2,1920,1080,0.017,1152.4,577.2
Round3,Q1,3078,1539.0,EMIRATES,0.8944,1183.1,578.8,41.9,25.5,1920,1080,0.051,1204.0,591.6
Round3,Q1,3079,1539.5,EMIRATES,0.8892,1652.2,199.9,39.0,17.8,1920,1080,0.033,1671.7,208.8
Round3,Q1,3080,1540.0,EMIRATES,0.8645,1054.9,300.3,40.5,20.0,1920,1080,0.039,1075.1,310.3
Round3,Q1,3081,1540.5,EMIRATES,0.8257,1086.8,444.9,40.6,20.2,1920,1080,0.04,1107.1,455.0
Round3,Q1,3084,1542.0,EMIRATES,0.88,447.6,335.8,37.4,18.2,1920,1080,0.033,466.4,344.8
Round3,Q1,3085,1542.5,EMIRATES,0.8514,690.8,383.4,49.9,12.4,1920,1080,0.03,715.8,389.6
Round3,Q1,3086,1543.0,EMIRATES,0.8928,867.9,363.9,47.7,15.6,1920,1080,0.036,891.8,371.7
Round3,Q1,3087,1543.5,EMIRATES,0.8731,947.8,370.0,26.7,30.1,1920,1080,0.039,961.2,385.1
Round3,Q1,3088,1544.0,EMIRATES,0.886,909.9,307.8,37.0,14.2,1920,1080,0.025,928.4,314.9
Round3,Q1,3088,1544.0,EMIRATES,0.8571,1731.3,998.2,83.0,30.6,1920,1080,0.123,1772.8,1013.5
Round3,Q1,3100,1550.0,EMIRATES,0.5073,840.8,465.8,45.3,38.1,1920,1080,0.083,863.5,484.9
Round3,Q1,3109,1554.5,EMIRATES,0.8991,1020.9,654.9,37.6,15.5,1920,1080,0.028,1039.7,662.7
Round3,Q1,3109,1554.5,EMIRATES,0.8597,355.1,784.3,43.4,14.1,1920,1080,0.029,376.8,791.3
Round3,Q1,3109,1554.5,EMIRATES,0.765,849.7,430.9,23.2,11.6,1920,1080,0.013,861.3,436.7
Round3,Q1,3110,1555.0,EMIRATES,0.8905,744.5,464.1,51.7,18.8,1920,1080,0.047,770.3,473.5
Round3,Q1,3110,1555.0,EMIRATES,0.8521,1535.2,324.0,35.8,18.9,1920,1080,0.033,1553.1,333.5
Round3,Q1,3111,1555.5,EMIRATES,0.8755,1246.1,357.5,55.3,30.4,1920,1080,0.081,1273.7,372.7
Round3,Q1,3111,1555.5,EMIRATES,0.8748,1012.4,279.2,57.4,22.0,1920,1080,0.061,1041.1,290.2
Round3,Q1,3111,1555.5,EMIRATES,0.8569,1372.3,219.9,51.6,22.5,1920,1080,0.056,1398.1,231.2
Round3,Q1,3112,1556.0,EMIRATES,0.8867,1220.3,93.4,55.6,20.9,1920,1080,0.056,1248.2,103.8
Round3,Q1,3113,1556.5,EMIRATES,0.88,1035.4,91.6,57.3,28.3,1920,1080,0.078,1064.0,105.8
Round3,Q1,3121,1560.5,EMIRATES,0.8235,893.5,475.7,42.3,55.9,1920,1080,0.114,914.6,503.6
Round3,Q1,3123,1561.5,EMIRATES,0.8752,938.3,556.2,128.8,55.5,1920,1080,0.345,1002.7,583.9
Round3,Q1,3123,1561.5,EMIRATES,0.8394,1564.2,683.7,84.3,41.6,1920,1080,0.169,1606.3,704.4
Round3,Q1,3124,1562.0,EMIRATES,0.894,908.2,483.1,101.3,48.6,1920,1080,0.237,958.9,507.4
Round3,Q1,3124,1562.0,EMIRATES,0.8822,42.4,350.9,163.4,45.5,1920,1080,0.358,124.1,373.6
Round3,Q1,3125,1562.5,EMIRATES,0.8749,1019.7,417.7,114.8,85.9,1920,1080,0.476,1077.1,460.6
Round3,Q1,3125,1562.5,EMIRATES,0.4597,965.0,517.3,33.7,41.4,1920,1080,0.067,981.8,538.0
Round3,Q1,3126,1563.0,EMIRATES,0.901,925.2,520.4,127.0,49.9,1920,1080,0.305,988.7,545.3
Round3,Q1,3126,1563.0,EMIRATES,0.6973,209.2,423.6,74.0,54.3,1920,1080,0.194,246.3,450.7
Round3,Q1,3127,1563.5,EMIRATES,0.8956,892.5,480.2,107.1,50.0,1920,1080,0.258,946.1,505.2
Round3,Q1,3128,1564.0,EMIRATES,0.8697,1186.6,2.9,278.3,80.9,1920,1080,1.086,1325.8,43.4
Round3,Q1,3129,1564.5,EMIRATES,0.8915,923.8,489.5,88.0,51.4,1920,1080,0.218,967.8,515.1
Round3,Q1,3129,1564.5,EMIRATES,0.8414,263.4,1.4,264.6,69.7,1920,1080,0.89,395.7,36.3
Round3,Q1,3130,1565.0,EMIRATES,0.9127,1029.4,535.7,129.0,46.6,1920,1080,0.29,1094.0,559.0
Round3,Q1,3148,1574.0,EMIRATES,0.7382,520.2,680.8,27.0,9.2,1920,1080,0.012,533.7,685.4
Round3,Q1,3149,1574.5,EMIRATES,0.884,645.0,606.9,34.2,11.5,1920,1080,0.019,662.1,612.6
Round3,Q1,3150,1575.0,EMIRATES,0.8987,774.5,571.7,29.9,13.9,1920,1080,0.02,789.5,578.6
Round3,Q1,3151,1575.5,EMIRATES,0.7534,783.0,558.0,28.8,11.0,1920,1080,0.015,797.4,563.5
Round3,Q1,3151,1575.5,EMIRATES,0.6271,1269.3,354.9,26.0,9.5,1920,1080,0.012,1282.3,359.7
Round3,Q1,3153,1576.5,EMIRATES,0.8603,1598.9,701.0,47.2,17.1,1920,1080,0.039,1622.5,709.6
Round3,Q1,3154,1577.0,EMIRATES,0.8548,1652.0,668.3,48.7,17.0,1920,1080,0.04,1676.3,676.8
Round3,Q1,3155,1577.5,EMIRATES,0.8878,1661.5,694.0,49.9,14.4,1920,1080,0.035,1686.5,701.2
Round3,Q1,3156,1578.0,EMIRATES,0.8912,1579.2,666.6,55.5,20.3,1920,1080,0.055,1607.0,676.7
Round3,Q1,3156,1578.0,EMIRATES,0.8577,1193.1,418.3,58.8,17.7,1920,1080,0.05,1222.5,427.1
Round3,Q1,3157,1578.5,EMIRATES,0.8837,1426.3,412.8,67.1,27.8,1920,1080,0.09,1459.8,426.7
Round3,Q1,3158,1579.0,EMIRATES,0.8893,1168.5,177.4,73.2,25.5,1920,1080,0.09,1205.1,190.2
Round3,Q1,3158,1579.0,EMIRATES,0.8703,1849.2,13.1,70.7,41.6,1920,1080,0.142,1884.6,33.9
Round3,Q1,3159,1579.5,EMIRATES,0.8952,973.2,95.4,77.3,26.9,1920,1080,0.1,1011.9,108.8
Round3,Q1,3175,1587.5,EMIRATES,0.8447,911.3,794.2,32.4,11.1,1920,1080,0.017,927.5,799.8
Round3,Q1,3176,1588.0,EMIRATES,0.8931,931.4,798.6,32.3,11.5,1920,1080,0.018,947.5,804.3
Round3,Q1,3176,1588.0,EMIRATES,0.7211,1288.0,633.2,23.8,8.8,1920,1080,0.01,1299.8,637.6
Round3,Q1,3176,1588.0,EMIRATES,0.3789,213.2,642.5,19.8,7.3,1920,1080,0.007,223.1,646.1
Round3,Q1,3177,1588.5,EMIRATES,0.8875,948.5,799.2,30.8,11.1,1920,1080,0.017,963.9,804.8
Round3,Q1,3177,1588.5,EMIRATES,0.5029,224.5,641.2,21.4,7.0,1920,1080,0.007,235.2,644.8
Round3,Q1,3177,1588.5,EMIRATES,0.36,1274.7,633.6,23.8,8.4,1920,1080,0.01,1286.6,637.8
Round3,Q1,3178,1589.0,EMIRATES,0.8773,932.5,802.2,30.7,11.2,1920,1080,0.017,947.8,807.8
Round3,Q1,3178,1589.0,EMIRATES,0.6255,1275.2,639.4,22.6,7.5,1920,1080,0.008,1286.5,643.2
Round3,Q1,3178,1589.0,EMIRATES,0.5253,263.4,643.7,21.7,7.9,1920,1080,0.008,274.3,647.7
Round3,Q1,3179,1589.5,EMIRATES,0.4472,935.3,810.3,19.9,9.9,1920,1080,0.009,945.3,815.2
Round3,Q1,3179,1589.5,EMIRATES,0.3289,1282.1,649.3,20.8,7.1,1920,1080,0.007,1292.5,652.8
Round3,Q1,3180,1590.0,EMIRATES,0.3325,338.5,664.8,20.6,7.5,1920,1080,0.007,348.8,668.5
Round3,Q1,3181,1590.5,EMIRATES,0.3341,1297.6,663.8,20.4,7.0,1920,1080,0.007,1307.8,667.3
Round3,Q1,3185,1592.5,EMIRATES,0.5264,693.9,843.8,22.4,8.3,1920,1080,0.009,705.1,848.0
Round3,Q1,3186,1593.0,EMIRATES,0.72,686.7,844.2,21.5,7.7,1920,1080,0.008,697.5,848.1
Round3,Q1,3188,1594.0,EMIRATES,0.3015,721.8,840.9,22.1,7.6,1920,1080,0.008,732.8,844.7
Round3,Q1,3189,1594.5,EMIRATES,0.4014,735.8,853.4,22.8,7.2,1920,1080,0.008,747.2,857.0
Round3,Q1,3190,1595.0,EMIRATES,0.5198,758.2,869.8,21.8,7.2,1920,1080,0.008,769.1,873.3
Round3,Q1,3191,1595.5,EMIRATES,0.4453,791.8,874.2,21.5,7.9,1920,1080,0.008,802.5,878.1
Round3,Q1,3192,1596.0,EMIRATES,0.593,819.7,887.9,21.4,6.8,1920,1080,0.007,830.4,891.4
Round3,Q1,3197,1598.5,EMIRATES,0.7668,650.4,481.2,26.1,58.7,1920,1080,0.074,663.4,510.5
Round3,Q1,3200,1600.0,EMIRATES,0.4839,0.1,685.2,28.0,78.3,1920,1080,0.106,14.1,724.3
Round3,Q1,3201,1600.5,EMIRATES,0.8781,623.2,681.9,174.8,92.3,1920,1080,0.778,710.6,728.0
Round3,Q1,3202,1601.0,EMIRATES,0.8971,892.3,691.3,234.9,106.3,1920,1080,1.205,1009.8,744.5
Round3,Q1,3203,1601.5,EMIRATES,0.8915,805.2,584.2,263.7,120.2,1920,1080,1.529,937.1,644.3
Round3,Q1,3208,1604.0,EMIRATES,0.8807,98.9,591.1,212.8,59.7,1920,1080,0.613,205.4,621.0
Round3,Q1,3208,1604.0,EMIRATES,0.8581,1642.3,753.9,227.7,73.5,1920,1080,0.807,1756.2,790.7
Round3,Q1,3209,1604.5,EMIRATES,0.9003,415.0,589.7,200.5,61.0,1920,1080,0.589,515.2,620.2
Round3,Q1,3209,1604.5,EMIRATES,0.8932,921.5,581.3,152.2,66.6,1920,1080,0.489,997.6,614.6
Round3,Q1,3209,1604.5,EMIRATES,0.8674,1385.3,644.5,229.4,69.4,1920,1080,0.767,1500.0,679.2
Round3,Q1,3210,1605.0,EMIRATES,0.9075,340.2,557.6,200.3,63.2,1920,1080,0.611,440.3,589.2
Round3,Q1,3210,1605.0,EMIRATES,0.8807,1121.0,597.5,215.0,67.1,1920,1080,0.696,1228.5,631.1
Round3,Q1,3210,1605.0,EMIRATES,0.8725,824.4,616.1,99.3,52.2,1920,1080,0.25,874.1,642.2
Round3,Q1,3211,1605.5,EMIRATES,0.8871,833.2,665.4,105.7,80.3,1920,1080,0.409,886.0,705.5
Round3,Q1,3211,1605.5,EMIRATES,0.8794,1432.2,526.5,207.2,62.6,1920,1080,0.626,1535.8,557.8
Round3,Q1,3211,1605.5,EMIRATES,0.878,381.5,546.5,217.8,61.4,1920,1080,0.645,490.4,577.2
Round3,Q1,3212,1606.0,EMIRATES,0.8966,1030.4,568.5,158.8,64.8,1920,1080,0.496,1109.8,600.9
Round3,Q1,3212,1606.0,EMIRATES,0.8536,1387.7,475.9,210.2,81.1,1920,1080,0.822,1492.8,516.5
Round3,Q1,3213,1606.5,EMIRATES,0.891,1252.8,580.4,83.3,50.2,1920,1080,0.202,1294.4,605.5
Round3,Q1,3213,1606.5,EMIRATES,0.8807,1820.6,406.7,98.1,49.2,1920,1080,0.233,1869.7,431.3
Round3,Q1,3214,1607.0,EMIRATES,0.8739,1342.4,301.8,161.6,86.5,1920,1080,0.674,1423.2,345.0
Round3,Q1,3214,1607.0,EMIRATES,0.8177,1379.5,416.4,74.1,54.3,1920,1080,0.194,1416.5,443.5
Round3,Q1,3215,1607.5,EMIRATES,0.9008,1248.9,423.6,164.8,57.1,1920,1080,0.454,1331.3,452.2
Round3,Q1,3215,1607.5,EMIRATES,0.8895,1659.2,270.6,140.7,67.9,1920,1080,0.461,1729.5,304.6
Round3,Q1,3215,1607.5,EMIRATES,0.8724,72.4,387.5,191.6,104.9,1920,1080,0.969,168.2,440.0
Round3,Q1,3215,1607.5,EMIRATES,0.4267,322.0,475.9,81.4,51.5,1920,1080,0.202,362.7,501.7
Round3,Q1,3216,1608.0,EMIRATES,0.9055,1635.3,302.6,168.9,63.4,1920,1080,0.516,1719.8,334.3
Round3,Q1,3216,1608.0,EMIRATES,0.8948,1046.2,473.0,173.7,63.7,1920,1080,0.534,1133.0,504.8
Round3,Q1,3217,1608.5,EMIRATES,0.8836,1181.7,286.1,184.6,65.6,1920,1080,0.584,1274.0,318.9
Round3,Q1,3217,1608.5,EMIRATES,0.8833,816.6,455.4,96.3,79.6,1920,1080,0.37,864.8,495.2
Round3,Q1,3217,1608.5,EMIRATES,0.8768,307.1,440.0,94.9,51.9,1920,1080,0.238,354.5,465.9
Round3,Q1,3217,1608.5,EMIRATES,0.8629,1618.3,381.2,165.0,61.9,1920,1080,0.492,1700.8,412.1
Round3,Q1,3218,1609.0,EMIRATES,0.8864,1584.7,341.8,141.9,76.9,1920,1080,0.527,1655.7,380.2
Round3,Q1,3218,1609.0,EMIRATES,0.8712,503.5,247.8,193.6,56.3,1920,1080,0.526,600.3,276.0
Round3,Q1,3218,1609.0,EMIRATES,0.856,194.7,367.9,70.7,54.4,1920,1080,0.186,230.1,395.2
Round3,Q1,3219,1609.5,EMIRATES,0.8857,199.8,354.2,97.8,58.9,1920,1080,0.278,248.7,383.6
Round3,Q1,3219,1609.5,EMIRATES,0.8803,1615.5,312.2,117.7,57.3,1920,1080,0.325,1674.3,340.9
Round3,Q1,3219,1609.5,EMIRATES,0.8126,0.1,242.5,46.3,56.7,1920,1080,0.127,23.2,270.8
Round3,Q1,3219,1609.5,EMIRATES,0.709,717.1,414.8,64.8,69.4,1920,1080,0.217,749.5,449.5
Round3,Q1,3220,1610.0,EMIRATES,0.9062,980.0,359.5,94.7,29.1,1920,1080,0.133,1027.3,374.0
Round3,Q1,3220,1610.0,EMIRATES,0.8985,1448.6,361.1,83.6,33.9,1920,1080,0.137,1490.4,378.1
Round3,Q1,3220,1610.0,EMIRATES,0.8936,479.1,396.1,99.0,33.2,1920,1080,0.159,528.6,412.7
Round3,Q1,3221,1610.5,EMIRATES,0.8952,651.7,376.1,98.4,32.6,1920,1080,0.155,701.0,392.4
Round3,Q1,3221,1610.5,EMIRATES,0.8832,654.7,165.1,108.7,37.7,1920,1080,0.198,709.1,184.0
Round3,Q1,3221,1610.5,EMIRATES,0.6138,1029.0,388.1,36.6,30.1,1920,1080,0.053,1047.3,403.1
Round3,Q1,3222,1611.0,EMIRATES,0.9039,1268.3,411.2,105.6,37.0,1920,1080,0.189,1321.1,429.7
Round3,Q1,3222,1611.0,EMIRATES,0.8946,675.3,408.1,91.1,37.6,1920,1080,0.165,720.8,426.8
Round3,Q1,3222,1611.0,EMIRATES,0.891,303.1,181.6,120.9,32.0,1920,1080,0.186,363.5,197.6
Round3,Q1,3222,1611.0,EMIRATES,0.8279,986.4,411.9,38.1,53.4,1920,1080,0.098,1005.5,438.6
Round3,Q1,3223,1611.5,EMIRATES,0.9027,813.2,351.8,107.2,38.2,1920,1080,0.198,866.8,370.9
Round3,Q1,3223,1611.5,EMIRATES,0.8998,131.4,121.5,91.7,37.2,1920,1080,0.164,177.3,140.1
Round3,Q1,3223,1611.5,EMIRATES,0.8964,1233.2,400.1,81.1,41.6,1920,1080,0.163,1273.7,420.9
Round3,Q1,3224,1612.0,EMIRATES,0.9119,105.3,103.0,98.5,33.9,1920,1080,0.161,154.6,120.0
Round3,Q1,3224,1612.0,EMIRATES,0.9003,1588.1,428.3,91.7,38.7,1920,1080,0.171,1633.9,447.6
Round3,Q1,3224,1612.0,EMIRATES,0.8755,879.0,359.2,94.4,41.0,1920,1080,0.187,926.2,379.7
Round3,Q1,3224,1612.0,EMIRATES,0.8672,1247.5,362.3,76.8,40.1,1920,1080,0.148,1285.9,382.3
Round3,Q1,3224,1612.0,EMIRATES,0.8555,1843.3,449.7,76.7,41.3,1920,1080,0.153,1881.6,470.4
Round3,Q1,3225,1612.5,EMIRATES,0.9049,1457.6,462.5,103.8,38.5,1920,1080,0.193,1509.5,481.7
Round3,Q1,3225,1612.5,EMIRATES,0.9043,942.2,410.8,81.4,34.1,1920,1080,0.134,982.9,427.9
Round3,Q1,3225,1612.5,EMIRATES,0.796,0.0,108.6,46.9,39.8,1920,1080,0.09,23.4,128.4
Round3,Q1,3226,1613.0,EMIRATES,0.906,1309.9,483.9,58.1,42.4,1920,1080,0.119,1338.9,505.1
Round3,Q1,3226,1613.0,EMIRATES,0.9045,944.3,414.3,96.6,31.2,1920,1080,0.145,992.6,429.9
Round3,Q1,3227,1613.5,EMIRATES,0.9082,1402.8,383.0,96.5,38.7,1920,1080,0.18,1451.0,402.3
Round3,Q1,3227,1613.5,EMIRATES,0.9049,948.1,471.7,98.1,32.3,1920,1080,0.153,997.1,487.8
Round3,Q1,3227,1613.5,EMIRATES,0.8756,1316.9,438.6,67.3,44.9,1920,1080,0.146,1350.5,461.1
Round3,Q1,3228,1614.0,EMIRATES,0.9077,1493.9,366.7,95.6,38.0,1920,1080,0.175,1541.7,385.7
Round3,Q1,3228,1614.0,EMIRATES,0.9025,1229.2,416.2,108.2,37.7,1920,1080,0.197,1283.3,435.0
Round3,Q1,3228,1614.0,EMIRATES,0.8799,976.5,448.3,78.8,31.1,1920,1080,0.118,1015.8,463.8
Round3,Q1,3229,1614.5,EMIRATES,0.8997,1039.4,394.0,127.2,43.5,1920,1080,0.267,1103.0,415.8
Round3,Q1,3229,1614.5,EMIRATES,0.8957,1392.7,348.3,102.9,46.5,1920,1080,0.231,1444.2,371.6
Round3,Q1,3230,1615.0,EMIRATES,0.9123,972.4,399.9,121.4,37.3,1920,1080,0.218,1033.1,418.5
Round3,Q1,3230,1615.0,EMIRATES,0.8902,1252.6,351.5,113.4,57.1,1920,1080,0.312,1309.3,380.0
Round3,Q1,3231,1615.5,EMIRATES,0.8974,1202.2,357.7,129.2,45.8,1920,1080,0.286,1266.8,380.6
Round3,Q1,3231,1615.5,EMIRATES,0.8942,961.2,379.5,118.1,39.0,1920,1080,0.222,1020.3,399.0
Round3,Q1,3231,1615.5,EMIRATES,0.6834,554.5,1038.9,41.2,22.8,1920,1080,0.045,575.1,1050.3
Round3,Q1,3231,1615.5,EMIRATES,0.5669,1801.8,524.5,33.3,40.4,1920,1080,0.065,1818.4,544.7
Round3,Q1,3232,1616.0,EMIRATES,0.8971,1757.2,521.0,72.8,29.5,1920,1080,0.104,1793.6,535.7
Round3,Q1,3232,1616.0,EMIRATES,0.893,944.6,381.5,111.3,37.2,1920,1080,0.2,1000.2,400.2
Round3,Q1,3232,1616.0,EMIRATES,0.8027,510.2,1032.2,50.5,21.6,1920,1080,0.053,535.5,1043.0
Round3,Q1,3233,1616.5,EMIRATES,0.9048,981.0,385.8,109.8,36.5,1920,1080,0.193,1035.9,404.0
Round3,Q1,3233,1616.5,EMIRATES,0.8885,1752.7,509.1,73.6,30.5,1920,1080,0.108,1789.5,524.3
Round3,Q1,3233,1616.5,EMIRATES,0.8557,431.6,1009.3,57.6,22.6,1920,1080,0.063,460.4,1020.7
Round3,Q1,3234,1617.0,EMIRATES,0.8969,1036.7,377.3,64.7,38.5,1920,1080,0.12,1069.1,396.5
Round3,Q1,3234,1617.0,EMIRATES,0.8914,1723.1,499.1,66.4,35.0,1920,1080,0.112,1756.3,516.6
Round3,Q1,3234,1617.0,EMIRATES,0.8629,403.0,1007.1,59.7,24.2,1920,1080,0.07,432.8,1019.2
Round3,Q1,3234,1617.0,EMIRATES,0.8111,1116.3,421.6,34.3,33.9,1920,1080,0.056,1133.4,438.6
Round3,Q1,3235,1617.5,EMIRATES,0.9011,1389.8,329.5,118.7,42.5,1920,1080,0.243,1449.2,350.7
Round3,Q1,3235,1617.5,EMIRATES,0.876,1096.9,417.8,37.1,35.6,1920,1080,0.064,1115.5,435.6
Round3,Q1,3235,1617.5,EMIRATES,0.8732,1036.8,373.3,51.7,39.9,1920,1080,0.099,1062.7,393.2
Round3,Q1,3235,1617.5,EMIRATES,0.862,365.3,1009.4,59.3,23.7,1920,1080,0.068,394.9,1021.3
Round3,Q1,3236,1618.0,EMIRATES,0.9106,1309.0,340.7,123.7,39.6,1920,1080,0.236,1370.9,360.5
Round3,Q1,3236,1618.0,EMIRATES,0.9079,983.5,374.3,91.0,36.1,1920,1080,0.158,1028.9,392.4
Round3,Q1,3236,1618.0,EMIRATES,0.8553,335.7,1017.0,59.5,23.1,1920,1080,0.066,365.5,1028.5
Round3,Q1,3237,1618.5,EMIRATES,0.9037,967.3,366.8,91.7,36.1,1920,1080,0.16,1013.2,384.9
Round3,Q1,3237,1618.5,EMIRATES,0.8805,1519.4,794.7,98.8,34.4,1920,1080,0.164,1568.8,811.9
Round3,Q1,3237,1618.5,EMIRATES,0.8551,345.9,1016.9,60.4,25.2,1920,1080,0.073,376.0,1029.5
Round3,Q1,3238,1619.0,EMIRATES,0.8968,945.9,455.8,75.7,43.7,1920,1080,0.159,983.7,477.6
Round3,Q1,3238,1619.0,EMIRATES,0.8947,811.1,362.5,92.8,50.1,1920,1080,0.224,857.5,387.5
Round3,Q1,3238,1619.0,EMIRATES,0.8642,341.1,1019.0,62.8,25.2,1920,1080,0.076,372.5,1031.6
Round3,Q1,3238,1619.0,EMIRATES,0.8503,1366.3,410.6,41.9,30.5,1920,1080,0.062,1387.3,425.8
Round3,Q1,3238,1619.0,EMIRATES,0.6691,642.6,797.7,112.0,35.1,1920,1080,0.19,698.6,815.2
Round3,Q1,3239,1619.5,EMIRATES,0.9002,1350.4,418.5,50.5,31.6,1920,1080,0.077,1375.7,434.3
Round3,Q1,3239,1619.5,EMIRATES,0.895,826.7,418.0,105.7,45.8,1920,1080,0.233,879.6,440.8
Round3,Q1,3239,1619.5,EMIRATES,0.8863,693.0,369.2,72.0,49.2,1920,1080,0.171,729.0,393.8
Round3,Q1,3239,1619.5,EMIRATES,0.8604,351.4,1024.1,61.7,22.8,1920,1080,0.068,382.3,1035.5
Round3,Q1,3240,1620.0,EMIRATES,0.9014,886.2,428.4,108.2,37.5,1920,1080,0.196,940.3,447.2
Round3,Q1,3240,1620.0,EMIRATES,0.8183,1399.2,425.1,34.7,43.3,1920,1080,0.072,1416.5,446.7
Round3,Q1,3240,1620.0,EMIRATES,0.4813,418.0,480.5,26.3,34.0,1920,1080,0.043,431.2,497.5
Round3,Q1,3241,1620.5,EMIRATES,0.9076,910.3,425.6,108.4,35.7,1920,1080,0.187,964.5,443.5
Round3,Q1,3241,1620.5,EMIRATES,0.9008,244.6,478.6,70.5,33.6,1920,1080,0.114,279.8,495.4
Round3,Q1,3241,1620.5,EMIRATES,0.8682,461.3,1001.4,62.6,21.5,1920,1080,0.065,492.6,1012.2
Round3,Q1,3241,1620.5,EMIRATES,0.8456,1439.2,433.2,39.6,46.4,1920,1080,0.089,1459.0,456.3
Round3,Q1,3242,1621.0,EMIRATES,0.9127,1574.1,441.5,65.1,42.1,1920,1080,0.132,1606.7,462.6
Round3,Q1,3242,1621.0,EMIRATES,0.9031,889.5,412.9,116.3,37.1,1920,1080,0.208,947.7,431.5
Round3,Q1,3242,1621.0,EMIRATES,0.7391,52.5,484.3,38.8,46.1,1920,1080,0.086,71.8,507.4
Round3,Q1,3243,1621.5,EMIRATES,0.9009,1782.1,439.8,57.5,40.3,1920,1080,0.112,1810.8,459.9
Round3,Q1,3243,1621.5,EMIRATES,0.868,896.2,396.9,114.7,61.9,1920,1080,0.342,953.5,427.9
Round3,Q1,3244,1622.0,EMIRATES,0.9061,1028.0,419.6,112.5,36.9,1920,1080,0.2,1084.2,438.0
Round3,Q1,3244,1622.0,EMIRATES,0.8804,1854.6,440.4,38.5,39.0,1920,1080,0.073,1873.9,459.9
Round3,Q1,3245,1622.5,EMIRATES,0.9133,980.4,422.0,114.1,39.8,1920,1080,0.219,1037.5,441.9
Round3,Q1,3245,1622.5,EMIRATES,0.8476,1875.0,350.9,44.8,40.6,1920,1080,0.088,1897.4,371.1
Round3,Q1,3246,1623.0,EMIRATES,0.9048,844.4,402.8,104.9,37.5,1920,1080,0.189,896.9,421.5
Round3,Q1,3246,1623.0,EMIRATES,0.8979,1730.7,337.5,139.5,46.7,1920,1080,0.314,1800.5,360.9
Round3,Q1,3247,1623.5,EMIRATES,0.8994,833.9,426.7,93.7,41.0,1920,1080,0.185,880.8,447.2
Round3,Q1,3248,1624.0,EMIRATES,0.9016,960.7,430.2,120.6,43.9,1920,1080,0.255,1021.0,452.2
Round3,Q1,3249,1624.5,EMIRATES,0.9033,997.9,443.3,68.9,37.3,1920,1080,0.124,1032.3,461.9
Round3,Q1,3249,1624.5,EMIRATES,0.6627,1757.5,147.8,45.4,37.5,1920,1080,0.082,1780.2,166.5
Round3,Q1,3250,1625.0,EMIRATES,0.914,1013.2,437.1,76.5,38.3,1920,1080,0.141,1051.5,456.3
Round3,Q1,3250,1625.0,EMIRATES,0.8814,1274.4,163.7,51.4,36.6,1920,1080,0.091,1300.1,182.0
Round3,Q1,3251,1625.5,EMIRATES,0.9095,961.6,414.4,107.7,37.0,1920,1080,0.192,1015.4,432.9
Round3,Q1,3252,1626.0,EMIRATES,0.8956,812.2,398.2,108.4,46.0,1920,1080,0.24,866.4,421.1
Round3,Q1,3253,1626.5,EMIRATES,0.8905,942.1,619.6,114.8,43.4,1920,1080,0.24,999.4,641.3
Round3,Q1,3253,1626.5,EMIRATES,0.8894,109.7,54.6,98.5,40.7,1920,1080,0.193,158.9,75.0
Round3,Q1,3253,1626.5,EMIRATES,0.8734,854.8,423.1,62.0,37.0,1920,1080,0.111,885.8,441.6
Round3,Q1,3254,1627.0,EMIRATES,0.9088,938.3,407.1,118.4,39.8,1920,1080,0.227,997.5,427.0
Round3,Q1,3254,1627.0,EMIRATES,0.7831,1874.3,659.5,45.7,54.9,1920,1080,0.121,1897.2,687.0
Round3,Q1,3255,1627.5,EMIRATES,0.9073,830.0,386.1,70.0,35.3,1920,1080,0.119,865.0,403.8
Round3,Q1,3257,1628.5,EMIRATES,0.893,856.1,246.6,108.5,48.1,1920,1080,0.252,910.3,270.7
Round3,Q1,3258,1629.0,EMIRATES,0.9068,839.9,255.7,120.9,40.4,1920,1080,0.235,900.3,275.9
Round3,Q1,3259,1629.5,EMIRATES,0.8845,914.2,236.4,97.8,38.5,1920,1080,0.182,963.2,255.7
Round3,Q1,3259,1629.5,EMIRATES,0.7078,0.0,0.0,31.0,21.3,1920,1080,0.032,15.5,10.7
Round3,Q1,3260,1630.0,EMIRATES,0.9005,892.2,221.3,115.7,38.0,1920,1080,0.212,950.0,240.3
Round3,Q1,3260,1630.0,EMIRATES,0.6986,138.2,0.0,126.7,18.8,1920,1080,0.115,201.6,9.4
Round3,Q1,3261,1630.5,EMIRATES,0.9036,409.5,2.7,141.9,40.8,1920,1080,0.279,480.4,23.1
Round3,Q1,3261,1630.5,EMIRATES,0.8963,966.2,231.8,108.1,38.6,1920,1080,0.202,1020.3,251.2
Round3,Q1,3261,1630.5,EMIRATES,0.4735,0.1,24.5,19.8,50.1,1920,1080,0.048,10.0,49.5
Round3,Q1,3262,1631.0,EMIRATES,0.8996,753.2,3.0,131.6,38.9,1920,1080,0.247,819.0,22.5
Round3,Q1,3262,1631.0,EMIRATES,0.8989,108.6,57.3,147.8,44.2,1920,1080,0.315,182.5,79.4
Round3,Q1,3262,1631.0,EMIRATES,0.8955,926.4,248.1,114.9,42.4,1920,1080,0.235,983.8,269.3
Round3,Q1,3263,1631.5,EMIRATES,0.9024,320.2,94.5,146.9,43.7,1920,1080,0.31,393.7,116.3
Round3,Q1,3263,1631.5,EMIRATES,0.8974,944.4,34.8,146.0,43.6,1920,1080,0.307,1017.4,56.6
Round3,Q1,3263,1631.5,EMIRATES,0.8818,1028.1,306.7,132.8,38.9,1920,1080,0.249,1094.5,326.1
Round3,Q1,3263,1631.5,EMIRATES,0.3454,1698.3,872.4,138.4,79.6,1920,1080,0.532,1767.5,912.2
Round3,Q1,3264,1632.0,EMIRATES,0.9077,1189.0,303.2,128.7,37.5,1920,1080,0.232,1253.4,321.9
Round3,Q1,3264,1632.0,EMIRATES,0.9032,581.2,76.0,118.7,42.7,1920,1080,0.244,640.5,97.3
Round3,Q1,3264,1632.0,EMIRATES,0.8958,1257.2,31.2,108.7,41.8,1920,1080,0.219,1311.5,52.1
Round3,Q1,3265,1632.5,EMIRATES,0.9043,1077.2,303.6,137.7,34.9,1920,1080,0.232,1146.1,321.0
Round3,Q1,3265,1632.5,EMIRATES,0.8989,1016.1,50.1,100.3,41.6,1920,1080,0.201,1066.2,70.9
Round3,Q1,3265,1632.5,EMIRATES,0.7083,388.5,81.8,60.5,39.5,1920,1080,0.115,418.8,101.5
Round3,Q1,3266,1633.0,EMIRATES,0.8992,1066.7,311.5,138.8,42.3,1920,1080,0.283,1136.1,332.6
Round3,Q1,3267,1633.5,EMIRATES,0.9106,922.6,327.2,136.2,36.0,1920,1080,0.237,990.7,345.2
Round3,Q1,3268,1634.0,EMIRATES,0.9024,795.9,309.6,139.0,49.5,1920,1080,0.332,865.4,334.4
Round3,Q1,3269,1634.5,EMIRATES,0.9022,783.0,326.5,125.9,38.2,1920,1080,0.232,846.0,345.6
Round3,Q1,3269,1634.5,JAMESON,0.5066,1381.2,4.8,538.8,260.8,1920,1080,6.778,1650.6,135.2
Round3,Q1,3270,1635.0,EMIRATES,0.8884,833.8,312.2,96.4,57.6,1920,1080,0.268,882.0,341.0
Round3,Q1,3270,1635.0,JAMESON,0.4945,1238.3,1.1,655.7,284.1,1920,1080,8.985,1566.1,143.2
Round3,Q1,3270,1635.0,EMIRATES,0.3372,1887.3,423.0,32.7,26.5,1920,1080,0.042,1903.6,436.2
Round3,Q1,3272,1636.0,EMIRATES,0.8873,1192.1,397.3,51.6,28.1,1920,1080,0.07,1217.9,411.3
Round3,Q1,3275,1637.5,EMIRATES,0.8164,1196.7,251.6,57.8,41.3,1920,1080,0.115,1225.6,272.2
Round3,Q1,3276,1638.0,EMIRATES,0.895,1225.8,294.2,66.7,18.0,1920,1080,0.058,1259.2,303.2
Round3,Q1,3277,1638.5,EMIRATES,0.8859,1231.8,289.9,44.2,21.4,1920,1080,0.046,1253.9,300.6
Round3,Q1,3278,1639.0,EMIRATES,0.7955,1167.6,271.9,51.6,17.0,1920,1080,0.042,1193.4,280.4
Round3,Q1,3279,1639.5,EMIRATES,0.8963,1107.8,378.3,73.8,24.2,1920,1080,0.086,1144.7,390.4
Round3,Q1,3280,1640.0,EMIRATES,0.8822,1144.5,436.4,99.9,46.6,1920,1080,0.224,1194.5,459.6
Round3,Q1,3281,1640.5,EMIRATES,0.8894,1254.4,483.9,118.4,46.8,1920,1080,0.267,1313.6,507.2
Round3,Q1,3282,1641.0,EMIRATES,0.8995,1093.6,700.6,102.5,45.6,1920,1080,0.225,1144.9,723.4
Round3,Q1,3283,1641.5,EMIRATES,0.9031,1033.7,702.0,99.8,46.9,1920,1080,0.226,1083.6,725.5
Round3,Q1,3284,1642.0,EMIRATES,0.8978,993.6,628.0,96.3,48.7,1920,1080,0.226,1041.8,652.4
Round3,Q1,3285,1642.5,EMIRATES,0.8855,976.9,630.0,59.8,55.4,1920,1080,0.16,1006.8,657.7
Round3,Q1,3286,1643.0,EMIRATES,0.8453,1741.7,459.6,178.3,91.4,1920,1080,0.786,1830.8,505.3
Round3,Q1,3287,1643.5,EMIRATES,0.8785,1017.0,464.0,294.6,138.5,1920,1080,1.968,1164.2,533.2
Round3,Q1,3288,1644.0,EMIRATES,0.6923,1226.9,571.9,39.8,48.2,1920,1080,0.092,1246.8,596.0
Round3,Q1,3290,1645.0,EMIRATES,0.8383,999.9,618.5,40.0,48.6,1920,1080,0.094,1019.9,642.8
Round3,Q1,3291,1645.5,EMIRATES,0.8706,997.3,662.7,56.8,42.4,1920,1080,0.116,1025.7,683.9
Round3,Q1,3303,1651.5,EMIRATES,0.5218,1039.0,588.8,18.6,6.9,1920,1080,0.006,1048.3,592.2
Round3,Q1,3305,1652.5,EMIRATES,0.5535,202.7,545.5,20.5,7.6,1920,1080,0.008,213.0,549.3
Round3,Q1,3305,1652.5,EMIRATES,0.5042,940.0,749.8,24.8,8.7,1920,1080,0.01,952.4,754.1
Round3,Q1,3305,1652.5,JAMESON,0.4736,1682.1,2.0,141.3,28.9,1920,1080,0.197,1752.7,16.4
Round3,Q1,3306,1653.0,EMIRATES,0.7086,848.1,732.4,25.6,8.0,1920,1080,0.01,860.8,736.4
Round3,Q1,3306,1653.0,EMIRATES,0.495,1742.5,570.0,16.3,10.2,1920,1080,0.008,1750.6,575.1
Round3,Q1,3307,1653.5,EMIRATES,0.7425,1025.2,422.0,29.9,13.7,1920,1080,0.02,1040.2,428.8
Round3,Q1,3308,1654.0,EMIRATES,0.9,534.2,453.0,36.7,17.0,1920,1080,0.03,552.5,461.5
Round3,Q1,3308,1654.0,EMIRATES,0.8858,1188.9,355.1,39.5,14.8,1920,1080,0.028,1208.6,362.5
Round3,Q1,3308,1654.0,EMIRATES,0.6703,1605.0,409.6,20.8,11.5,1920,1080,0.012,1615.5,415.3
Round3,Q1,3309,1654.5,EMIRATES,0.8849,1195.1,445.1,40.4,24.9,1920,1080,0.049,1215.3,457.6
Round3,Q1,3309,1654.5,EMIRATES,0.8772,221.8,420.2,50.7,14.0,1920,1080,0.034,247.1,427.2
Round3,Q1,3309,1654.5,EMIRATES,0.7967,1500.9,482.0,42.8,10.5,1920,1080,0.022,1522.3,487.3
Round3,Q1,3310,1655.0,EMIRATES,0.8788,1188.2,348.5,45.7,14.1,1920,1080,0.031,1211.1,355.6
Round3,Q1,3310,1655.0,EMIRATES,0.8779,1412.2,553.3,48.4,13.4,1920,1080,0.031,1436.4,560.0
Round3,Q1,3310,1655.0,EMIRATES,0.8553,1240.9,557.0,54.9,18.2,1920,1080,0.048,1268.3,566.1
Round3,Q1,3311,1655.5,EMIRATES,0.9004,1435.5,570.2,58.5,20.6,1920,1080,0.058,1464.7,580.5
Round3,Q1,3311,1655.5,EMIRATES,0.8935,1114.0,321.6,45.1,22.8,1920,1080,0.05,1136.6,333.0
Round3,Q1,3311,1655.5,EMIRATES,0.8408,1342.5,556.3,53.4,13.8,1920,1080,0.036,1369.2,563.2
Round3,Q1,3312,1656.0,EMIRATES,0.8992,1383.3,581.1,50.0,18.6,1920,1080,0.045,1408.3,590.4
Round3,Q1,3312,1656.0,EMIRATES,0.8891,1723.7,686.6,55.0,27.1,1920,1080,0.072,1751.2,700.1
Round3,Q1,3312,1656.0,EMIRATES,0.8566,1189.2,369.8,32.2,18.7,1920,1080,0.029,1205.3,379.2
Round3,Q1,3321,1660.5,CRUSADER_CARAVANS,0.8781,1306.7,103.4,90.0,35.5,1920,1080,0.154,1351.7,121.2
Round3,Q1,3321,1660.5,CRUSADER_CARAVANS,0.8697,286.6,111.9,95.6,37.1,1920,1080,0.171,334.3,130.5
Round3,Q1,3321,1660.5,CRUSADER_CARAVANS,0.8543,1823.6,92.4,91.6,35.7,1920,1080,0.158,1869.4,110.2
Round3,Q1,3321,1660.5,CRUSADER_CARAVANS,0.8517,801.0,110.1,87.6,34.8,1920,1080,0.147,844.7,127.6
Round3,Q1,3321,1660.5,CRUSADER_CARAVANS,0.8492,1264.9,392.6,97.2,38.1,1920,1080,0.179,1313.5,411.6
Round3,Q1,3321,1660.5,CRUSADER_CARAVANS,0.8331,1404.3,96.8,410.3,39.5,1920,1080,0.782,1609.5,116.6
Round3,Q1,3321,1660.5,CRUSADER_CARAVANS,0.8325,694.5,400.1,102.8,42.0,1920,1080,0.208,745.9,421.1
Round3,Q1,3321,1660.5,CRUSADER_CARAVANS,0.8265,393.0,111.3,398.9,37.3,1920,1080,0.717,592.5,129.9
Round3,Q1,3321,1660.5,CRUSADER_CARAVANS,0.8227,895.1,105.1,396.7,39.2,1920,1080,0.75,1093.4,124.7
Round3,Q1,3321,1660.5,CRUSADER_CARAVANS,0.8035,0.5,111.1,271.1,38.1,1920,1080,0.499,136.0,130.1
Round3,Q1,3321,1660.5,CRUSADER_CARAVANS,0.792,99.9,406.7,108.8,41.9,1920,1080,0.22,154.3,427.6
Round3,Q1,3321,1660.5,CRUSADER_CARAVANS,0.7787,1374.7,388.8,462.3,41.7,1920,1080,0.93,1605.9,409.6
Round3,Q1,3321,1660.5,CRUSADER_CARAVANS,0.768,803.9,396.1,456.5,40.1,1920,1080,0.883,1032.2,416.2
Round3,Q1,3321,1660.5,CRUSADER_CARAVANS,0.5609,226.8,404.9,452.8,39.0,1920,1080,0.852,453.2,424.4
Round3,Q1,3321,1660.5,CRUSADER_CARAVANS,0.5213,1853.8,389.1,66.2,38.4,1920,1080,0.123,1886.9,408.3
Round3,Q1,3322,1661.0,CRUSADER_CARAVANS,0.8768,1125.4,153.3,79.2,32.5,1920,1080,0.124,1165.0,169.5
Round3,Q1,3322,1661.0,CRUSADER_CARAVANS,0.8737,183.3,162.0,85.8,34.6,1920,1080,0.143,226.2,179.3
Round3,Q1,3322,1661.0,CRUSADER_CARAVANS,0.8667,1595.1,143.9,82.7,32.9,1920,1080,0.131,1636.5,160.3
Round3,Q1,3322,1661.0,CRUSADER_CARAVANS,0.8634,666.4,158.9,80.2,32.8,1920,1080,0.127,706.5,175.3
Round3,Q1,3322,1661.0,CRUSADER_CARAVANS,0.8511,754.3,155.7,360.5,35.2,1920,1080,0.612,934.6,173.3
Round3,Q1,3322,1661.0,CRUSADER_CARAVANS,0.8459,1025.7,418.1,90.9,38.5,1920,1080,0.169,1071.1,437.4
Round3,Q1,3322,1661.0,CRUSADER_CARAVANS,0.8454,1211.7,147.5,367.2,36.5,1920,1080,0.646,1395.3,165.8
Round3,Q1,3322,1661.0,CRUSADER_CARAVANS,0.844,1550.5,410.3,91.7,38.0,1920,1080,0.168,1596.3,429.3
Round3,Q1,3322,1661.0,CRUSADER_CARAVANS,0.843,273.5,159.5,381.7,36.6,1920,1080,0.673,464.3,177.8
Round3,Q1,3322,1661.0,CRUSADER_CARAVANS,0.815,496.8,427.2,93.5,36.1,1920,1080,0.163,543.6,445.3
Round3,Q1,3322,1661.0,CRUSADER_CARAVANS,0.8013,0.5,160.9,173.0,36.3,1920,1080,0.303,87.0,179.1
Round3,Q1,3322,1661.0,CRUSADER_CARAVANS,0.7986,1685.0,138.9,234.2,35.1,1920,1080,0.396,1802.1,156.5
Round3,Q1,3322,1661.0,CRUSADER_CARAVANS,0.7891,1126.1,413.8,412.8,38.6,1920,1080,0.768,1332.4,433.1
Round3,Q1,3322,1661.0,CRUSADER_CARAVANS,0.7758,1651.8,408.9,268.2,37.8,1920,1080,0.489,1785.9,427.8
Round3,Q1,3322,1661.0,CRUSADER_CARAVANS,0.7509,605.4,421.6,415.1,38.8,1920,1080,0.776,813.0,440.9
Round3,Q1,3322,1661.0,CRUSADER_CARAVANS,0.7138,44.8,429.1,445.7,39.4,1920,1080,0.846,267.6,448.8
Round3,Q1,3322,1661.0,CRUSADER_CARAVANS,0.4992,0.0,444.8,39.8,29.6,1920,1080,0.057,19.9,459.7
Round3,Q1,3323,1661.5,CRUSADER_CARAVANS,0.8717,112.4,214.1,84.7,32.5,1920,1080,0.133,154.8,230.4
Round3,Q1,3323,1661.5,CRUSADER_CARAVANS,0.8697,1005.4,204.4,77.1,30.4,1920,1080,0.113,1043.9,219.6
Round3,Q1,3323,1661.5,CRUSADER_CARAVANS,0.8642,569.0,211.4,77.3,30.2,1920,1080,0.112,607.6,226.4
Round3,Q1,3323,1661.5,CRUSADER_CARAVANS,0.8611,1436.3,196.4,77.7,30.1,1920,1080,0.113,1475.1,211.4
Round3,Q1,3323,1661.5,CRUSADER_CARAVANS,0.8582,650.1,206.8,346.2,33.3,1920,1080,0.556,823.2,223.5
Round3,Q1,3323,1661.5,CRUSADER_CARAVANS,0.8315,205.4,212.1,358.0,33.5,1920,1080,0.578,384.4,228.8
Round3,Q1,3323,1661.5,CRUSADER_CARAVANS,0.8273,1089.5,199.8,340.3,32.9,1920,1080,0.54,1259.6,216.3
Round3,Q1,3323,1661.5,CRUSADER_CARAVANS,0.8204,1517.5,189.7,363.2,33.7,1920,1080,0.591,1699.2,206.6
Round3,Q1,3323,1661.5,CRUSADER_CARAVANS,0.7982,1339.6,446.0,88.6,35.0,1920,1080,0.15,1383.9,463.5
Round3,Q1,3323,1661.5,CRUSADER_CARAVANS,0.7924,0.0,214.3,97.7,34.0,1920,1080,0.16,48.9,231.3
Round3,Q1,3323,1661.5,CRUSADER_CARAVANS,0.7734,850.3,453.4,83.5,33.1,1920,1080,0.133,892.0,469.9
Round3,Q1,3323,1661.5,CRUSADER_CARAVANS,0.742,1433.5,441.2,407.6,37.5,1920,1080,0.737,1637.3,460.0
Round3,Q1,3323,1661.5,CRUSADER_CARAVANS,0.74,1846.4,439.6,73.6,32.8,1920,1080,0.116,1883.2,456.0
Round3,Q1,3323,1661.5,CRUSADER_CARAVANS,0.7195,942.7,450.0,393.5,33.5,1920,1080,0.636,1139.4,466.8
Round3,Q1,3323,1661.5,CRUSADER_CARAVANS,0.7003,1890.9,183.9,29.1,33.0,1920,1080,0.046,1905.4,200.5
Round3,Q1,3323,1661.5,CRUSADER_CARAVANS,0.6819,446.8,455.9,396.9,36.2,1920,1080,0.693,645.3,474.0
Round3,Q1,3324,1662.0,CRUSADER_CARAVANS,0.8705,1452.7,226.4,76.7,29.9,1920,1080,0.111,1491.1,241.3
Round3,Q1,3324,1662.0,CRUSADER_CARAVANS,0.8701,185.9,250.1,79.8,31.0,1920,1080,0.119,225.8,265.6
Round3,Q1,3324,1662.0,CRUSADER_CARAVANS,0.8608,1037.1,236.3,71.4,28.4,1920,1080,0.098,1072.8,250.5
Round3,Q1,3324,1662.0,CRUSADER_CARAVANS,0.8592,621.0,243.4,78.2,30.2,1920,1080,0.114,660.1,258.6
Round3,Q1,3324,1662.0,CRUSADER_CARAVANS,0.8396,1111.5,230.8,331.7,30.9,1920,1080,0.494,1277.4,246.2
Round3,Q1,3324,1662.0,CRUSADER_CARAVANS,0.8287,1535.0,219.8,342.8,32.4,1920,1080,0.535,1706.4,236.0
Round3,Q1,3324,1662.0,CRUSADER_CARAVANS,0.828,703.9,238.6,328.3,32.4,1920,1080,0.514,868.1,254.8
Round3,Q1,3324,1662.0,CRUSADER_CARAVANS,0.8236,270.7,245.8,342.2,33.0,1920,1080,0.545,441.8,262.3
Round3,Q1,3324,1662.0,CRUSADER_CARAVANS,0.7975,0.3,249.5,179.9,34.8,1920,1080,0.302,90.3,266.9
Round3,Q1,3324,1662.0,CRUSADER_CARAVANS,0.7763,1884.0,214.7,35.8,30.1,1920,1080,0.052,1901.9,229.8
Round3,Q1,3324,1662.0,CRUSADER_CARAVANS,0.7527,1387.3,463.4,391.9,31.2,1920,1080,0.589,1583.3,479.0
Round3,Q1,3324,1662.0,CRUSADER_CARAVANS,0.6028,914.8,468.6,382.1,32.1,1920,1080,0.591,1105.8,484.6
Round3,Q1,3324,1662.0,CRUSADER_CARAVANS,0.4462,1785.1,459.2,86.5,30.7,1920,1080,0.128,1828.4,474.5
Round3,Q1,3325,1662.5,CRUSADER_CARAVANS,0.8752,107.9,249.6,82.6,34.2,1920,1080,0.136,149.2,266.7
Round3,Q1,3325,1662.5,CRUSADER_CARAVANS,0.8663,1421.9,221.4,75.9,30.4,1920,1080,0.111,1459.9,236.6
Round3,Q1,3325,1662.5,CRUSADER_CARAVANS,0.8634,992.1,232.4,78.4,30.9,1920,1080,0.117,1031.3,247.9
Round3,Q1,3325,1662.5,CRUSADER_CARAVANS,0.8626,557.6,241.7,76.4,31.1,1920,1080,0.115,595.8,257.3
Round3,Q1,3325,1662.5,CRUSADER_CARAVANS,0.8537,197.4,243.7,351.7,36.5,1920,1080,0.619,373.2,261.9
Round3,Q1,3325,1662.5,CRUSADER_CARAVANS,0.8436,1076.6,225.1,339.5,34.7,1920,1080,0.568,1246.4,242.4
Round3,Q1,3325,1662.5,CRUSADER_CARAVANS,0.839,709.6,488.0,84.1,35.2,1920,1080,0.143,751.7,505.6
Round3,Q1,3325,1662.5,CRUSADER_CARAVANS,0.8264,1500.6,213.9,359.2,35.4,1920,1080,0.614,1680.2,231.6
Round3,Q1,3325,1662.5,CRUSADER_CARAVANS,0.8241,639.1,236.0,340.3,33.8,1920,1080,0.555,809.2,252.9
Round3,Q1,3325,1662.5,CRUSADER_CARAVANS,0.8215,1699.0,459.7,87.5,36.4,1920,1080,0.154,1742.7,478.0
Round3,Q1,3325,1662.5,CRUSADER_CARAVANS,0.7753,1871.7,208.1,48.3,31.0,1920,1080,0.072,1895.8,223.6
Round3,Q1,3325,1662.5,CRUSADER_CARAVANS,0.7587,218.4,515.1,82.1,34.9,1920,1080,0.138,259.5,532.6
Round3,Q1,3325,1662.5,CRUSADER_CARAVANS,0.7144,0.1,251.0,92.5,37.3,1920,1080,0.166,46.3,269.7
Round3,Q1,3325,1662.5,CRUSADER_CARAVANS,0.6661,1292.8,464.5,402.0,33.3,1920,1080,0.646,1493.8,481.2
Round3,Q1,3325,1662.5,CRUSADER_CARAVANS,0.6254,310.2,493.8,389.9,41.1,1920,1080,0.772,505.2,514.3
Round3,Q1,3325,1662.5,CRUSADER_CARAVANS,0.5764,1792.1,454.0,127.9,40.6,1920,1080,0.25,1856.0,474.3
Round3,Q1,3325,1662.5,CRUSADER_CARAVANS,0.5594,1.4,523.5,204.0,48.1,1920,1080,0.473,103.4,547.5
Round3,Q1,3326,1663.0,CRUSADER_CARAVANS,0.8771,1736.3,173.7,88.7,35.4,1920,1080,0.152,1780.6,191.4
Round3,Q1,3326,1663.0,CRUSADER_CARAVANS,0.8732,265.4,211.5,85.1,37.5,1920,1080,0.154,308.0,230.3
Round3,Q1,3326,1663.0,CRUSADER_CARAVANS,0.8724,1243.7,189.2,84.9,35.0,1920,1080,0.144,1286.2,206.7
Round3,Q1,3326,1663.0,CRUSADER_CARAVANS,0.872,757.8,200.9,81.3,36.0,1920,1080,0.141,798.4,218.9
Round3,Q1,3326,1663.0,CRUSADER_CARAVANS,0.8596,848.3,193.2,374.2,39.8,1920,1080,0.718,1035.4,213.1
Round3,Q1,3326,1663.0,CRUSADER_CARAVANS,0.8413,921.9,477.6,89.1,39.3,1920,1080,0.169,966.5,497.3
Round3,Q1,3326,1663.0,CRUSADER_CARAVANS,0.8335,360.4,203.7,383.4,41.8,1920,1080,0.773,552.2,224.6
Round3,Q1,3326,1663.0,CRUSADER_CARAVANS,0.8295,1334.6,179.3,387.3,41.0,1920,1080,0.765,1528.2,199.8
Round3,Q1,3326,1663.0,CRUSADER_CARAVANS,0.8146,0.0,214.7,240.2,42.1,1920,1080,0.488,120.1,235.7
Round3,Q1,3326,1663.0,CRUSADER_CARAVANS,0.7551,384.4,507.8,84.2,37.0,1920,1080,0.15,426.4,526.3
Round3,Q1,3326,1663.0,CRUSADER_CARAVANS,0.684,1831.0,167.5,88.8,36.7,1920,1080,0.157,1875.4,185.8
Round3,Q1,3326,1663.0,CRUSADER_CARAVANS,0.6725,1584.8,451.4,335.1,39.7,1920,1080,0.642,1752.3,471.3
Round3,Q1,3326,1663.0,CRUSADER_CARAVANS,0.6053,472.8,480.8,437.2,53.2,1920,1080,1.122,691.4,507.4
Round3,Q1,3326,1663.0,CRUSADER_CARAVANS,0.3904,0.7,519.5,235.0,59.8,1920,1080,0.677,118.3,549.4
Round3,Q1,3326,1663.0,CRUSADER_CARAVANS,0.3165,1108.9,463.5,223.5,43.9,1920,1080,0.474,1220.6,485.5
Round3,Q1,3327,1663.5,CRUSADER_CARAVANS,0.875,304.9,185.5,91.3,40.6,1920,1080,0.179,350.5,205.8
Round3,Q1,3327,1663.5,CRUSADER_CARAVANS,0.874,1368.1,158.6,93.2,39.1,1920,1080,0.176,1414.7,178.2
Round3,Q1,3327,1663.5,CRUSADER_CARAVANS,0.8735,837.6,174.1,87.3,37.7,1920,1080,0.159,881.3,193.0
Round3,Q1,3327,1663.5,CRUSADER_CARAVANS,0.8396,934.7,165.9,407.4,41.6,1920,1080,0.817,1138.4,186.6
Round3,Q1,3327,1663.5,CRUSADER_CARAVANS,0.8297,0.5,189.1,278.4,44.7,1920,1080,0.601,139.7,211.5
Round3,Q1,3327,1663.5,CRUSADER_CARAVANS,0.8266,1471.8,146.9,420.8,44.7,1920,1080,0.907,1682.2,169.3
Round3,Q1,3327,1663.5,CRUSADER_CARAVANS,0.8038,408.1,177.0,410.5,43.5,1920,1080,0.861,613.3,198.8
Round3,Q1,3327,1663.5,CRUSADER_CARAVANS,0.741,1203.4,458.6,385.1,47.2,1920,1080,0.877,1396.0,482.3
Round3,Q1,3327,1663.5,CRUSADER_CARAVANS,0.6645,430.4,505.4,66.8,42.6,1920,1080,0.137,463.8,526.7
Round3,Q1,3327,1663.5,CRUSADER_CARAVANS,0.5997,1014.4,475.7,96.2,41.2,1920,1080,0.191,1062.5,496.3
Round3,Q1,3327,1663.5,CRUSADER_CARAVANS,0.4552,0.0,515.9,387.3,68.7,1920,1080,1.284,193.7,550.3
Round3,Q1,3327,1663.5,CRUSADER_CARAVANS,0.4235,647.6,479.3,353.7,50.0,1920,1080,0.853,824.5,504.2
Round3,Q1,3327,1663.5,CRUSADER_CARAVANS,0.3116,1608.4,453.1,59.2,44.1,1920,1080,0.126,1638.0,475.2
Round3,Q1,3328,1664.0,CRUSADER_CARAVANS,0.8748,1486.6,137.4,97.5,40.2,1920,1080,0.189,1535.3,157.5
Round3,Q1,3328,1664.0,CRUSADER_CARAVANS,0.8726,370.3,167.4,96.6,42.6,1920,1080,0.199,418.6,188.7
Round3,Q1,3328,1664.0,CRUSADER_CARAVANS,0.8684,927.1,153.9,92.8,41.1,1920,1080,0.184,973.5,174.4
Round3,Q1,3328,1664.0,CRUSADER_CARAVANS,0.8528,1029.2,144.3,428.6,44.9,1920,1080,0.927,1243.5,166.7
Round3,Q1,3328,1664.0,CRUSADER_CARAVANS,0.844,0.0,172.1,345.5,45.5,1920,1080,0.758,172.7,194.9
Round3,Q1,3328,1664.0,CRUSADER_CARAVANS,0.8435,1595.2,126.6,324.8,45.0,1920,1080,0.706,1757.6,149.1
Round3,Q1,3328,1664.0,CRUSADER_CARAVANS,0.8169,479.7,159.2,432.1,46.1,1920,1080,0.96,695.7,182.2
Round3,Q1,3328,1664.0,CRUSADER_CARAVANS,0.7641,1111.5,469.6,100.5,45.3,1920,1080,0.219,1161.7,492.3
Round3,Q1,3328,1664.0,CRUSADER_CARAVANS,0.7445,1739.8,446.4,123.4,48.3,1920,1080,0.288,1801.5,470.6
Round3,Q1,3328,1664.0,CRUSADER_CARAVANS,0.7256,1280.9,451.6,444.1,52.9,1920,1080,1.132,1503.0,478.0
Round3,Q1,3328,1664.0,CRUSADER_CARAVANS,0.7003,37.9,517.8,385.6,66.4,1920,1080,1.234,230.7,551.0
Round3,Q1,3328,1664.0,CRUSADER_CARAVANS,0.5637,1880.2,441.2,39.7,45.5,1920,1080,0.087,1900.1,463.9
Round3,Q1,3328,1664.0,CRUSADER_CARAVANS,0.3305,0.1,538.5,33.6,33.3,1920,1080,0.054,16.9,555.1
Round3,Q1,3329,1664.5,CRUSADER_CARAVANS,0.8822,471.4,173.1,93.9,40.7,1920,1080,0.185,518.4,193.5
Round3,Q1,3329,1664.5,CRUSADER_CARAVANS,0.8807,1016.4,159.0,92.5,40.1,1920,1080,0.179,1062.6,179.0
Round3,Q1,3329,1664.5,CRUSADER_CARAVANS,0.8618,1568.2,141.0,97.2,39.8,1920,1080,0.186,1616.8,160.8
Round3,Q1,3329,1664.5,CRUSADER_CARAVANS,0.8565,1819.5,446.3,73.6,47.4,1920,1080,0.168,1856.3,469.9
Round3,Q1,3329,1664.5,CRUSADER_CARAVANS,0.8342,575.0,164.7,424.7,44.8,1920,1080,0.917,787.4,187.0
Round3,Q1,3329,1664.5,CRUSADER_CARAVANS,0.8262,1117.8,148.1,419.8,45.2,1920,1080,0.915,1327.7,170.7
Round3,Q1,3329,1664.5,CRUSADER_CARAVANS,0.8053,0.0,178.1,447.6,47.6,1920,1080,1.027,223.8,201.9
Round3,Q1,3329,1664.5,CRUSADER_CARAVANS,0.7888,1677.6,134.0,240.3,41.7,1920,1080,0.484,1797.7,154.9
Round3,Q1,3329,1664.5,CRUSADER_CARAVANS,0.7629,153.2,517.5,367.7,63.2,1920,1080,1.121,337.1,549.1
Round3,Q1,3329,1664.5,CRUSADER_CARAVANS,0.7081,1363.5,452.1,441.2,52.4,1920,1080,1.115,1584.1,478.3
Round3,Q1,3329,1664.5,CRUSADER_CARAVANS,0.6288,704.8,474.0,477.0,59.7,1920,1080,1.372,943.3,503.8
Round3,Q1,3330,1665.0,CRUSADER_CARAVANS,0.8794,1100.2,171.7,86.2,38.8,1920,1080,0.161,1143.3,191.1
Round3,Q1,3330,1665.0,CRUSADER_CARAVANS,0.8693,1633.5,153.7,92.9,37.9,1920,1080,0.17,1680.0,172.6
Round3,Q1,3330,1665.0,CRUSADER_CARAVANS,0.8671,580.3,186.6,90.1,39.4,1920,1080,0.171,625.4,206.3
Round3,Q1,3330,1665.0,CRUSADER_CARAVANS,0.861,34.8,201.4,94.6,41.6,1920,1080,0.19,82.0,222.2
Round3,Q1,3330,1665.0,CRUSADER_CARAVANS,0.8597,134.7,544.1,94.1,47.2,1920,1080,0.214,181.7,567.7
Round3,Q1,3330,1665.0,CRUSADER_CARAVANS,0.8428,142.4,193.3,413.1,44.5,1920,1080,0.887,348.9,215.6
Round3,Q1,3330,1665.0,CRUSADER_CARAVANS,0.8271,1201.4,161.5,403.9,42.9,1920,1080,0.835,1403.4,182.9
Round3,Q1,3330,1665.0,CRUSADER_CARAVANS,0.8133,679.9,176.7,400.0,44.9,1920,1080,0.865,879.9,199.1
Round3,Q1,3330,1665.0,CRUSADER_CARAVANS,0.7966,0.1,550.2,122.3,55.1,1920,1080,0.325,61.2,577.8
Round3,Q1,3330,1665.0,CRUSADER_CARAVANS,0.7964,1738.2,147.5,181.8,40.5,1920,1080,0.356,1829.1,167.7
Round3,Q1,3330,1665.0,CRUSADER_CARAVANS,0.7105,785.4,475.0,462.9,57.6,1920,1080,1.286,1016.9,503.8
Round3,Q1,3330,1665.0,CRUSADER_CARAVANS,0.5628,1876.4,447.7,43.5,44.9,1920,1080,0.094,1898.2,470.1
Round3,Q1,3330,1665.0,CRUSADER_CARAVANS,0.5559,1469.5,455.3,389.7,47.2,1920,1080,0.886,1664.4,478.9
Round3,Q1,3330,1665.0,CRUSADER_CARAVANS,0.527,286.0,514.3,360.0,62.2,1920,1080,1.079,466.0,545.4
Round3,Q1,3331,1665.5,CRUSADER_CARAVANS,0.8794,1649.0,151.9,88.1,37.4,1920,1080,0.159,1693.0,170.6
Round3,Q1,3331,1665.5,CRUSADER_CARAVANS,0.8716,644.7,184.6,85.1,38.6,1920,1080,0.158,687.3,203.9
Round3,Q1,3331,1665.5,CRUSADER_CARAVANS,0.8712,128.7,199.2,90.2,39.6,1920,1080,0.172,173.8,219.0
Round3,Q1,3331,1665.5,CRUSADER_CARAVANS,0.8709,1140.6,169.8,80.3,37.1,1920,1080,0.143,1180.8,188.4
Round3,Q1,3331,1665.5,CRUSADER_CARAVANS,0.8597,227.8,191.6,391.6,42.6,1920,1080,0.805,423.7,212.9
Round3,Q1,3331,1665.5,CRUSADER_CARAVANS,0.8576,741.7,175.1,381.2,42.1,1920,1080,0.773,932.3,196.1
Round3,Q1,3331,1665.5,CRUSADER_CARAVANS,0.8572,221.7,524.7,90.8,44.6,1920,1080,0.195,267.1,547.0
Round3,Q1,3331,1665.5,CRUSADER_CARAVANS,0.8445,1302.5,453.4,91.8,41.5,1920,1080,0.184,1348.4,474.1
Round3,Q1,3331,1665.5,CRUSADER_CARAVANS,0.8398,1233.2,158.8,393.0,41.9,1920,1080,0.794,1429.7,179.7
Round3,Q1,3331,1665.5,CRUSADER_CARAVANS,0.8336,759.0,484.8,74.9,40.0,1920,1080,0.144,796.5,504.7
Round3,Q1,3331,1665.5,CRUSADER_CARAVANS,0.7976,0.0,202.5,114.1,42.4,1920,1080,0.234,57.1,223.7
Round3,Q1,3331,1665.5,CRUSADER_CARAVANS,0.7815,1751.6,145.9,168.4,38.4,1920,1080,0.312,1835.8,165.2
Round3,Q1,3331,1665.5,CRUSADER_CARAVANS,0.7388,0.2,533.1,208.9,58.3,1920,1080,0.587,104.7,562.2
Round3,Q1,3331,1665.5,CRUSADER_CARAVANS,0.7126,1484.2,438.3,378.4,46.9,1920,1080,0.856,1673.4,461.7
Round3,Q1,3331,1665.5,CRUSADER_CARAVANS,0.6917,842.9,459.2,430.2,55.0,1920,1080,1.14,1058.0,486.7
Round3,Q1,3331,1665.5,CRUSADER_CARAVANS,0.5049,1880.8,433.4,39.0,42.1,1920,1080,0.079,1900.3,454.4
Round3,Q1,3331,1665.5,CRUSADER_CARAVANS,0.4044,323.6,494.2,391.4,63.2,1920,1080,1.192,519.3,525.7
Round3,Q1,3332,1666.0,CRUSADER_CARAVANS,0.8798,221.7,198.0,82.9,36.7,1920,1080,0.147,263.2,216.4
Round3,Q1,3332,1666.0,CRUSADER_CARAVANS,0.8773,1643.1,151.5,84.7,35.4,1920,1080,0.145,1685.5,169.2
Round3,Q1,3332,1666.0,CRUSADER_CARAVANS,0.8736,702.0,183.1,78.7,35.2,1920,1080,0.134,741.4,200.7
Round3,Q1,3332,1666.0,CRUSADER_CARAVANS,0.8716,807.1,463.4,77.0,39.6,1920,1080,0.147,845.6,483.2
Round3,Q1,3332,1666.0,CRUSADER_CARAVANS,0.8634,792.2,173.7,357.5,40.2,1920,1080,0.693,971.0,193.8
Round3,Q1,3332,1666.0,CRUSADER_CARAVANS,0.8633,1167.0,168.9,75.4,34.1,1920,1080,0.124,1204.7,186.0
Round3,Q1,3332,1666.0,CRUSADER_CARAVANS,0.8609,307.2,502.0,83.4,41.9,1920,1080,0.168,348.8,522.9
Round3,Q1,3332,1666.0,CRUSADER_CARAVANS,0.8547,313.8,189.2,369.6,40.8,1920,1080,0.727,498.6,209.6
Round3,Q1,3332,1666.0,CRUSADER_CARAVANS,0.8448,1252.4,157.8,369.4,40.6,1920,1080,0.723,1437.1,178.1
Round3,Q1,3332,1666.0,CRUSADER_CARAVANS,0.8306,1859.1,414.7,60.9,40.8,1920,1080,0.12,1889.6,435.0
Round3,Q1,3332,1666.0,CRUSADER_CARAVANS,0.8235,0.7,200.5,206.2,42.4,1920,1080,0.422,103.8,221.7
Round3,Q1,3332,1666.0,CRUSADER_CARAVANS,0.8052,1737.8,145.6,182.2,36.7,1920,1080,0.322,1828.9,163.9
Round3,Q1,3332,1666.0,CRUSADER_CARAVANS,0.7554,1497.6,420.1,343.8,44.3,1920,1080,0.735,1669.5,442.2
Round3,Q1,3332,1666.0,CRUSADER_CARAVANS,0.7443,1.6,511.5,289.4,64.0,1920,1080,0.893,146.3,543.5
Round3,Q1,3332,1666.0,CRUSADER_CARAVANS,0.5658,1322.1,435.7,81.6,38.1,1920,1080,0.15,1362.9,454.8
Round3,Q1,3332,1666.0,CRUSADER_CARAVANS,0.4491,991.2,437.2,314.2,49.1,1920,1080,0.743,1148.4,461.7
Round3,Q1,3333,1666.5,CRUSADER_CARAVANS,0.8764,741.3,173.2,74.2,34.1,1920,1080,0.122,778.4,190.2
Round3,Q1,3333,1666.5,CRUSADER_CARAVANS,0.871,1322.9,412.1,85.5,37.9,1920,1080,0.156,1365.6,431.0
Round3,Q1,3333,1666.5,CRUSADER_CARAVANS,0.8699,367.9,475.1,79.9,39.7,1920,1080,0.153,407.8,494.9
Round3,Q1,3333,1666.5,CRUSADER_CARAVANS,0.8689,373.5,178.1,348.6,40.1,1920,1080,0.674,547.8,198.1
Round3,Q1,3333,1666.5,CRUSADER_CARAVANS,0.8682,1180.5,159.5,71.6,32.5,1920,1080,0.112,1216.3,175.8
Round3,Q1,3333,1666.5,CRUSADER_CARAVANS,0.8674,287.3,187.4,78.4,35.7,1920,1080,0.135,326.5,205.3
Round3,Q1,3333,1666.5,CRUSADER_CARAVANS,0.8659,1633.8,143.1,80.2,33.4,1920,1080,0.129,1674.0,159.8
Round3,Q1,3333,1666.5,CRUSADER_CARAVANS,0.8586,840.0,439.9,74.6,36.9,1920,1080,0.133,877.4,458.3
Round3,Q1,3333,1666.5,CRUSADER_CARAVANS,0.8505,0.0,192.5,271.3,40.5,1920,1080,0.53,135.6,212.8
Round3,Q1,3333,1666.5,CRUSADER_CARAVANS,0.8504,1260.7,149.7,357.7,38.5,1920,1080,0.665,1439.6,169.0
Round3,Q1,3333,1666.5,CRUSADER_CARAVANS,0.8409,826.6,164.4,340.7,39.0,1920,1080,0.641,996.9,184.0
Round3,Q1,3333,1666.5,CRUSADER_CARAVANS,0.8249,1838.8,392.2,81.2,39.9,1920,1080,0.156,1879.4,412.1
Round3,Q1,3333,1666.5,CRUSADER_CARAVANS,0.8118,1726.0,136.5,193.3,35.1,1920,1080,0.327,1822.6,154.1
Round3,Q1,3333,1666.5,CRUSADER_CARAVANS,0.7198,1500.3,398.9,318.8,42.1,1920,1080,0.648,1659.7,420.0
Round3,Q1,3333,1666.5,CRUSADER_CARAVANS,0.7053,0.0,486.2,356.6,66.7,1920,1080,1.146,178.3,519.5
Round3,Q1,3333,1666.5,CRUSADER_CARAVANS,0.5961,914.7,414.5,396.4,55.7,1920,1080,1.065,1112.9,442.4
Round3,Q1,3334,1667.0,CRUSADER_CARAVANS,0.8805,342.3,174.2,75.0,34.5,1920,1080,0.125,379.8,191.4
Round3,Q1,3334,1667.0,CRUSADER_CARAVANS,0.872,1627.1,131.3,77.0,31.8,1920,1080,0.118,1665.6,147.2
Round3,Q1,3334,1667.0,CRUSADER_CARAVANS,0.8702,418.7,448.9,74.2,37.7,1920,1080,0.135,455.8,467.7
Round3,Q1,3334,1667.0,CRUSADER_CARAVANS,0.8695,1328.4,388.1,79.2,36.6,1920,1080,0.14,1368.0,406.4
Round3,Q1,3334,1667.0,CRUSADER_CARAVANS,0.8694,773.7,160.4,70.9,31.8,1920,1080,0.109,809.2,176.3
Round3,Q1,3334,1667.0,CRUSADER_CARAVANS,0.8688,867.6,414.8,71.7,36.2,1920,1080,0.125,903.4,432.9
Round3,Q1,3334,1667.0,CRUSADER_CARAVANS,0.8685,1194.4,146.8,68.8,31.3,1920,1080,0.104,1228.8,162.5
Round3,Q1,3334,1667.0,CRUSADER_CARAVANS,0.8656,1818.9,368.8,84.7,38.2,1920,1080,0.156,1861.2,387.9
Round3,Q1,3334,1667.0,CRUSADER_CARAVANS,0.8443,424.4,165.0,332.0,38.3,1920,1080,0.613,590.4,184.2
Round3,Q1,3334,1667.0,CRUSADER_CARAVANS,0.8435,852.8,151.1,328.8,36.9,1920,1080,0.586,1017.2,169.6
Round3,Q1,3334,1667.0,CRUSADER_CARAVANS,0.843,0.0,178.5,331.4,40.0,1920,1080,0.639,165.7,198.5
Round3,Q1,3334,1667.0,CRUSADER_CARAVANS,0.8357,1268.9,136.4,341.6,37.5,1920,1080,0.618,1439.7,155.1
Round3,Q1,3334,1667.0,CRUSADER_CARAVANS,0.819,1712.3,124.0,202.0,34.8,1920,1080,0.339,1813.3,141.4
Round3,Q1,3334,1667.0,CRUSADER_CARAVANS,0.7961,45.2,460.0,366.5,61.6,1920,1080,1.088,228.4,490.7
Round3,Q1,3334,1667.0,CRUSADER_CARAVANS,0.7372,0.0,491.2,38.2,40.2,1920,1080,0.074,19.1,511.3
Round3,Q1,3334,1667.0,CRUSADER_CARAVANS,0.7178,1504.5,375.4,292.6,40.5,1920,1080,0.572,1650.7,395.7
Round3,Q1,3334,1667.0,CRUSADER_CARAVANS,0.366,552.1,423.9,293.3,54.8,1920,1080,0.775,698.7,451.3
Round3,Q1,3335,1667.5,CRUSADER_CARAVANS,0.8724,389.5,183.8,71.5,32.5,1920,1080,0.112,425.3,200.1
Round3,Q1,3335,1667.5,CRUSADER_CARAVANS,0.8724,806.1,169.7,69.3,31.9,1920,1080,0.107,840.8,185.7
Round3,Q1,3335,1667.5,CRUSADER_CARAVANS,0.8716,1210.8,156.8,69.0,30.8,1920,1080,0.102,1245.3,172.1
Round3,Q1,3335,1667.5,CRUSADER_CARAVANS,0.8689,1630.4,141.9,75.5,31.2,1920,1080,0.114,1668.1,157.5
Round3,Q1,3335,1667.5,CRUSADER_CARAVANS,0.8665,1342.3,391.5,75.8,34.6,1920,1080,0.126,1380.2,408.8
Round3,Q1,3335,1667.5,CRUSADER_CARAVANS,0.8664,462.4,449.3,71.5,37.7,1920,1080,0.13,498.2,468.2
Round3,Q1,3335,1667.5,CRUSADER_CARAVANS,0.8654,895.5,416.6,69.9,35.1,1920,1080,0.118,930.5,434.2
Round3,Q1,3335,1667.5,CRUSADER_CARAVANS,0.852,1816.8,372.0,83.9,37.1,1920,1080,0.15,1858.7,390.5
Round3,Q1,3335,1667.5,CRUSADER_CARAVANS,0.847,47.0,189.3,331.9,38.1,1920,1080,0.611,212.9,208.3
Round3,Q1,3335,1667.5,CRUSADER_CARAVANS,0.8463,468.5,174.8,320.0,37.3,1920,1080,0.575,628.5,193.5
Round3,Q1,3335,1667.5,CRUSADER_CARAVANS,0.8431,1286.0,148.4,334.3,35.7,1920,1080,0.575,1453.1,166.3
Round3,Q1,3335,1667.5,CRUSADER_CARAVANS,0.8387,883.7,160.7,317.2,36.4,1920,1080,0.557,1042.2,178.9
Round3,Q1,3335,1667.5,CRUSADER_CARAVANS,0.8099,104.8,459.9,352.2,60.4,1920,1080,1.026,280.9,490.1
Round3,Q1,3335,1667.5,CRUSADER_CARAVANS,0.8049,21.4,490.1,75.6,40.4,1920,1080,0.147,59.2,510.4
Round3,Q1,3335,1667.5,CRUSADER_CARAVANS,0.7957,1713.7,134.6,205.5,33.7,1920,1080,0.334,1816.5,151.5
Round3,Q1,3335,1667.5,CRUSADER_CARAVANS,0.5375,1441.4,378.7,356.4,41.7,1920,1080,0.717,1619.6,399.6
Round3,Q1,3335,1667.5,CRUSADER_CARAVANS,0.4312,968.7,395.0,365.1,49.8,1920,1080,0.877,1151.3,419.9
Round3,Q1,3335,1667.5,CRUSADER_CARAVANS,0.4263,1.4,199.7,37.7,31.6,1920,1080,0.057,20.2,215.6
Round3,Q1,3335,1667.5,CRUSADER_CARAVANS,0.3122,607.2,424.9,270.8,51.4,1920,1080,0.671,742.6,450.6
Round3,Q1,3336,1668.0,CRUSADER_CARAVANS,0.8764,1226.0,176.1,67.3,30.1,1920,1080,0.098,1259.6,191.2
Round3,Q1,3336,1668.0,CRUSADER_CARAVANS,0.8754,834.9,189.3,67.0,30.8,1920,1080,0.1,868.4,204.7
Round3,Q1,3336,1668.0,CRUSADER_CARAVANS,0.864,1632.2,162.2,73.8,30.3,1920,1080,0.108,1669.1,177.4
Round3,Q1,3336,1668.0,CRUSADER_CARAVANS,0.8623,435.0,203.7,68.6,31.6,1920,1080,0.104,469.3,219.5
Round3,Q1,3336,1668.0,CRUSADER_CARAVANS,0.8597,921.6,427.9,67.6,33.9,1920,1080,0.111,955.4,444.8
Round3,Q1,3336,1668.0,CRUSADER_CARAVANS,0.854,909.6,180.4,305.6,35.5,1920,1080,0.523,1062.4,198.2
Round3,Q1,3336,1668.0,CRUSADER_CARAVANS,0.8464,1352.3,402.5,71.6,34.3,1920,1080,0.118,1388.1,419.7
Round3,Q1,3336,1668.0,CRUSADER_CARAVANS,0.8449,510.3,194.9,306.4,35.8,1920,1080,0.528,663.5,212.8
Round3,Q1,3336,1668.0,CRUSADER_CARAVANS,0.8324,1300.6,168.0,319.0,34.5,1920,1080,0.531,1460.1,185.2
Round3,Q1,3336,1668.0,CRUSADER_CARAVANS,0.8322,107.1,207.4,319.6,38.4,1920,1080,0.592,266.9,226.6
Round3,Q1,3336,1668.0,CRUSADER_CARAVANS,0.8047,26.1,216.9,73.6,33.9,1920,1080,0.12,62.9,233.8
Round3,Q1,3336,1668.0,CRUSADER_CARAVANS,0.7932,1713.3,154.0,206.2,34.4,1920,1080,0.342,1816.4,171.2
Round3,Q1,3336,1668.0,CRUSADER_CARAVANS,0.7752,1812.7,385.3,79.9,35.7,1920,1080,0.137,1852.7,403.2
Round3,Q1,3336,1668.0,CRUSADER_CARAVANS,0.75,158.5,466.9,336.3,60.2,1920,1080,0.977,326.6,497.0
Round3,Q1,3336,1668.0,CRUSADER_CARAVANS,0.7233,0.0,505.8,67.0,45.6,1920,1080,0.147,33.5,528.6
Round3,Q1,3336,1668.0,CRUSADER_CARAVANS,0.6734,1523.1,391.2,263.5,37.7,1920,1080,0.479,1654.8,410.1
Round3,Q1,3336,1668.0,CRUSADER_CARAVANS,0.558,90.9,501.7,63.5,35.6,1920,1080,0.109,122.6,519.5
Round3,Q1,3336,1668.0,CRUSADER_CARAVANS,0.409,504.4,459.0,68.0,37.2,1920,1080,0.122,538.4,477.6
Round3,Q1,3337,1668.5,CRUSADER_CARAVANS,0.8743,1625.2,177.7,71.1,29.4,1920,1080,0.101,1660.7,192.4
Round3,Q1,3337,1668.5,CRUSADER_CARAVANS,0.874,932.2,436.8,66.4,33.2,1920,1080,0.106,965.4,453.4
Round3,Q1,3337,1668.5,CRUSADER_CARAVANS,0.8685,848.6,204.5,65.8,29.6,1920,1080,0.094,881.5,219.3
Round3,Q1,3337,1668.5,CRUSADER_CARAVANS,0.8684,458.8,217.9,67.1,31.1,1920,1080,0.101,492.3,233.5
Round3,Q1,3337,1668.5,CRUSADER_CARAVANS,0.8648,1229.9,191.4,66.7,29.6,1920,1080,0.095,1263.3,206.2
Round3,Q1,3337,1668.5,CRUSADER_CARAVANS,0.8587,525.7,467.1,69.0,35.4,1920,1080,0.118,560.2,484.8
Round3,Q1,3337,1668.5,CRUSADER_CARAVANS,0.8456,920.9,196.1,298.2,33.9,1920,1080,0.488,1069.9,213.1
Round3,Q1,3337,1668.5,CRUSADER_CARAVANS,0.8449,1355.2,412.5,69.3,32.8,1920,1080,0.109,1389.9,428.9
Round3,Q1,3337,1668.5,CRUSADER_CARAVANS,0.8431,1303.3,182.1,309.8,34.7,1920,1080,0.519,1458.2,199.4
Round3,Q1,3337,1668.5,CRUSADER_CARAVANS,0.8423,140.0,223.4,308.2,36.5,1920,1080,0.542,294.1,241.6
Round3,Q1,3337,1668.5,CRUSADER_CARAVANS,0.838,1704.4,170.6,215.6,32.4,1920,1080,0.337,1812.2,186.8
Round3,Q1,3337,1668.5,CRUSADER_CARAVANS,0.8193,533.0,207.9,298.0,36.6,1920,1080,0.526,682.0,226.2
Round3,Q1,3337,1668.5,CRUSADER_CARAVANS,0.8062,1799.2,395.6,80.0,34.4,1920,1080,0.133,1839.2,412.8
Round3,Q1,3337,1668.5,CRUSADER_CARAVANS,0.8038,61.4,231.4,71.5,32.9,1920,1080,0.114,97.2,247.9
Round3,Q1,3337,1668.5,CRUSADER_CARAVANS,0.7681,192.5,475.4,311.1,58.2,1920,1080,0.874,348.0,504.5
Round3,Q1,3337,1668.5,CRUSADER_CARAVANS,0.5793,0.0,233.9,44.3,34.2,1920,1080,0.073,22.2,251.0
Round3,Q1,3337,1668.5,CRUSADER_CARAVANS,0.5562,0.1,513.3,103.8,43.1,1920,1080,0.216,52.0,534.9
Round3,Q1,3337,1668.5,CRUSADER_CARAVANS,0.3812,117.5,506.8,67.8,36.3,1920,1080,0.119,151.4,525.0
Round3,Q1,3337,1668.5,CRUSADER_CARAVANS,0.326,1898.3,388.9,21.7,39.0,1920,1080,0.041,1909.2,408.4
Round3,Q1,3338,1669.0,CRUSADER_CARAVANS,0.8724,536.0,471.4,67.5,34.4,1920,1080,0.112,569.8,488.6
Round3,Q1,3338,1669.0,CRUSADER_CARAVANS,0.8708,850.6,214.9,64.6,28.9,1920,1080,0.09,882.9,229.4
Round3,Q1,3338,1669.0,CRUSADER_CARAVANS,0.8691,470.9,228.0,65.7,30.4,1920,1080,0.096,503.7,243.2
Round3,Q1,3338,1669.0,CRUSADER_CARAVANS,0.8681,1607.9,188.8,70.6,28.7,1920,1080,0.098,1643.2,203.2
Round3,Q1,3338,1669.0,CRUSADER_CARAVANS,0.8679,1223.1,202.3,64.2,28.4,1920,1080,0.088,1255.2,216.5
Round3,Q1,3338,1669.0,CRUSADER_CARAVANS,0.847,544.2,219.6,289.2,33.8,1920,1080,0.472,688.9,236.5
Round3,Q1,3338,1669.0,CRUSADER_CARAVANS,0.8441,921.1,206.3,291.2,33.5,1920,1080,0.471,1066.7,223.0
Round3,Q1,3338,1669.0,CRUSADER_CARAVANS,0.8403,1295.6,195.2,298.7,31.7,1920,1080,0.457,1444.9,211.1
Round3,Q1,3338,1669.0,CRUSADER_CARAVANS,0.8357,84.1,241.4,62.3,32.9,1920,1080,0.099,115.2,257.8
Round3,Q1,3338,1669.0,CRUSADER_CARAVANS,0.8296,1685.7,182.1,234.3,31.1,1920,1080,0.351,1802.8,197.6
Round3,Q1,3338,1669.0,CRUSADER_CARAVANS,0.8212,161.0,232.6,300.9,36.5,1920,1080,0.53,311.4,250.9
Round3,Q1,3338,1669.0,CRUSADER_CARAVANS,0.7894,210.2,479.9,324.0,55.5,1920,1080,0.868,372.2,507.7
Round3,Q1,3338,1669.0,CRUSADER_CARAVANS,0.7797,1342.4,416.3,70.4,33.5,1920,1080,0.114,1377.6,433.1
Round3,Q1,3338,1669.0,CRUSADER_CARAVANS,0.7485,0.1,244.7,67.9,41.2,1920,1080,0.135,34.0,265.3
Round3,Q1,3338,1669.0,CRUSADER_CARAVANS,0.4848,1873.0,395.1,47.0,37.6,1920,1080,0.085,1896.5,413.9
Round3,Q1,3338,1669.0,CRUSADER_CARAVANS,0.4057,0.0,514.2,153.0,55.2,1920,1080,0.407,76.5,541.8
Round3,Q1,3339,1669.5,CRUSADER_CARAVANS,0.8697,84.4,250.4,62.9,31.3,1920,1080,0.095,115.9,266.1
Round3,Q1,3339,1669.5,CRUSADER_CARAVANS,0.8692,463.0,236.9,64.5,28.7,1920,1080,0.089,495.3,251.2
Round3,Q1,3339,1669.5,CRUSADER_CARAVANS,0.8684,835.3,223.8,63.2,27.9,1920,1080,0.085,866.9,237.8
Round3,Q1,3339,1669.5,CRUSADER_CARAVANS,0.8681,1199.6,211.2,62.8,28.7,1920,1080,0.087,1231.0,225.5
Round3,Q1,3339,1669.5,CRUSADER_CARAVANS,0.8679,1576.9,198.8,66.4,27.9,1920,1080,0.089,1610.0,212.8
Round3,Q1,3339,1669.5,CRUSADER_CARAVANS,0.8604,526.8,476.0,66.5,33.0,1920,1080,0.106,560.0,492.5
Round3,Q1,3339,1669.5,CRUSADER_CARAVANS,0.854,158.4,242.3,292.8,34.7,1920,1080,0.49,304.8,259.7
Round3,Q1,3339,1669.5,CRUSADER_CARAVANS,0.8341,1267.6,204.6,294.7,31.0,1920,1080,0.441,1415.0,220.1
Round3,Q1,3339,1669.5,CRUSADER_CARAVANS,0.8337,904.8,215.8,284.8,33.0,1920,1080,0.454,1047.2,232.3
Round3,Q1,3339,1669.5,CRUSADER_CARAVANS,0.8307,1649.2,189.9,270.4,32.8,1920,1080,0.428,1784.4,206.4
Round3,Q1,3339,1669.5,CRUSADER_CARAVANS,0.8302,917.5,445.4,60.9,30.8,1920,1080,0.09,947.9,460.8
Round3,Q1,3339,1669.5,CRUSADER_CARAVANS,0.8283,532.8,228.4,287.4,33.4,1920,1080,0.463,676.5,245.1
Round3,Q1,3339,1669.5,CRUSADER_CARAVANS,0.7695,1742.0,407.3,73.8,31.0,1920,1080,0.11,1778.9,422.8
Round3,Q1,3339,1669.5,CRUSADER_CARAVANS,0.712,1315.0,421.9,70.1,31.1,1920,1080,0.105,1350.0,437.5
Round3,Q1,3339,1669.5,CRUSADER_CARAVANS,0.7061,0.0,252.7,69.6,46.4,1920,1080,0.156,34.8,275.9
Round3,Q1,3339,1669.5,CRUSADER_CARAVANS,0.6402,205.9,482.5,307.0,59.5,1920,1080,0.881,359.4,512.3
Round3,Q1,3339,1669.5,CRUSADER_CARAVANS,0.4579,0.0,522.1,123.5,44.6,1920,1080,0.266,61.8,544.5
Round3,Q1,3339,1669.5,CRUSADER_CARAVANS,0.4272,1481.2,412.3,238.5,34.4,1920,1080,0.395,1600.4,429.4
Round3,Q1,3340,1670.0,CRUSADER_CARAVANS,0.8798,1513.7,207.0,63.3,26.7,1920,1080,0.082,1545.4,220.4
Round3,Q1,3340,1670.0,CRUSADER_CARAVANS,0.8755,425.6,242.6,63.4,28.9,1920,1080,0.088,457.4,257.0
Round3,Q1,3340,1670.0,CRUSADER_CARAVANS,0.8739,1145.5,218.7,61.3,26.7,1920,1080,0.079,1176.1,232.0
Round3,Q1,3340,1670.0,CRUSADER_CARAVANS,0.8697,789.9,230.0,63.3,27.8,1920,1080,0.085,821.6,243.9
Round3,Q1,3340,1670.0,CRUSADER_CARAVANS,0.8695,52.6,255.6,62.6,30.9,1920,1080,0.093,83.9,271.1
Round3,Q1,3340,1670.0,CRUSADER_CARAVANS,0.8489,489.4,477.2,63.9,32.1,1920,1080,0.099,521.3,493.3
Round3,Q1,3340,1670.0,CRUSADER_CARAVANS,0.8439,857.4,222.4,279.8,31.5,1920,1080,0.425,997.3,238.2
Round3,Q1,3340,1670.0,CRUSADER_CARAVANS,0.8333,125.3,247.2,291.8,35.6,1920,1080,0.501,271.2,265.0
Round3,Q1,3340,1670.0,CRUSADER_CARAVANS,0.8328,1258.5,423.5,68.4,30.8,1920,1080,0.101,1292.7,438.9
Round3,Q1,3340,1670.0,CRUSADER_CARAVANS,0.8321,1584.5,197.8,299.9,32.8,1920,1080,0.474,1734.5,214.2
Round3,Q1,3340,1670.0,CRUSADER_CARAVANS,0.8313,1214.8,210.8,283.6,31.5,1920,1080,0.431,1356.6,226.6
Round3,Q1,3340,1670.0,CRUSADER_CARAVANS,0.8204,496.2,234.0,278.4,33.3,1920,1080,0.446,635.4,250.6
Round3,Q1,3340,1670.0,CRUSADER_CARAVANS,0.8136,870.1,447.0,60.7,30.7,1920,1080,0.09,900.5,462.4
Round3,Q1,3340,1670.0,CRUSADER_CARAVANS,0.7569,1672.2,409.6,72.3,31.5,1920,1080,0.11,1708.3,425.3
Round3,Q1,3340,1670.0,CRUSADER_CARAVANS,0.7489,1894.6,192.4,25.3,28.9,1920,1080,0.035,1907.2,206.9
Round3,Q1,3340,1670.0,CRUSADER_CARAVANS,0.6538,0.1,257.9,38.0,31.5,1920,1080,0.058,19.1,273.7
Round3,Q1,3340,1670.0,CRUSADER_CARAVANS,0.5384,176.9,494.7,213.2,41.2,1920,1080,0.424,283.4,515.3
Round3,Q1,3340,1670.0,CRUSADER_CARAVANS,0.3973,1413.4,414.2,229.1,34.1,1920,1080,0.377,1528.0,431.2
Round3,Q1,3341,1670.5,CRUSADER_CARAVANS,0.8789,739.9,230.3,61.4,27.5,1920,1080,0.081,770.6,244.1
Round3,Q1,3341,1670.5,CRUSADER_CARAVANS,0.8757,376.2,242.2,62.9,28.6,1920,1080,0.087,407.7,256.5
Round3,Q1,3341,1670.5,CRUSADER_CARAVANS,0.8757,1453.9,207.8,62.4,26.7,1920,1080,0.08,1485.1,221.2
Round3,Q1,3341,1670.5,CRUSADER_CARAVANS,0.8709,1091.2,219.1,61.4,26.1,1920,1080,0.077,1121.9,232.2
Round3,Q1,3341,1670.5,CRUSADER_CARAVANS,0.866,1826.8,194.4,65.8,27.7,1920,1080,0.088,1859.7,208.2
Round3,Q1,3341,1670.5,CRUSADER_CARAVANS,0.8602,3.4,254.6,64.0,31.1,1920,1080,0.096,35.3,270.1
Round3,Q1,3341,1670.5,CRUSADER_CARAVANS,0.844,807.0,222.5,272.3,31.5,1920,1080,0.414,943.1,238.2
Round3,Q1,3341,1670.5,CRUSADER_CARAVANS,0.8353,75.1,246.9,290.9,34.8,1920,1080,0.488,220.6,264.3
Round3,Q1,3341,1670.5,CRUSADER_CARAVANS,0.8302,1523.1,199.2,294.2,32.2,1920,1080,0.457,1670.2,215.3
Round3,Q1,3341,1670.5,CRUSADER_CARAVANS,0.8293,1158.7,212.3,280.8,30.7,1920,1080,0.416,1299.1,227.6
Round3,Q1,3341,1670.5,CRUSADER_CARAVANS,0.8211,445.0,234.1,279.0,32.8,1920,1080,0.441,584.5,250.5
Round3,Q1,3341,1670.5,CRUSADER_CARAVANS,0.7953,1609.0,407.9,69.8,30.3,1920,1080,0.102,1643.9,423.0
Round3,Q1,3341,1670.5,CRUSADER_CARAVANS,0.7639,819.0,444.9,60.5,29.7,1920,1080,0.087,849.2,459.7
Round3,Q1,3341,1670.5,CRUSADER_CARAVANS,0.6801,125.3,482.8,270.0,53.0,1920,1080,0.69,260.3,509.3
Round3,Q1,3341,1670.5,CRUSADER_CARAVANS,0.6095,1898.1,192.2,21.9,26.6,1920,1080,0.028,1909.0,205.5
Round3,Q1,3341,1670.5,CRUSADER_CARAVANS,0.4896,1369.4,413.6,213.8,32.2,1920,1080,0.332,1476.3,429.7
Round3,Q1,3341,1670.5,CRUSADER_CARAVANS,0.4176,1204.5,422.4,51.2,29.2,1920,1080,0.072,1230.1,437.0
Round3,Q1,3341,1670.5,CRUSADER_CARAVANS,0.3412,0.1,517.1,40.7,39.8,1920,1080,0.078,20.4,537.0
Round3,Q1,3342,1671.0,EMIRATES,0.8843,1829.8,967.4,73.7,25.2,1920,1080,0.09,1866.6,980.0
Round3,Q1,3342,1671.0,CRUSADER_CARAVANS,0.7766,1588.5,289.0,330.7,231.5,1920,1080,3.692,1753.8,404.8
Round3,Q1,3343,1671.5,EMIRATES,0.8955,1406.5,940.6,67.1,24.0,1920,1080,0.078,1440.0,952.5
Round3,Q1,3343,1671.5,CRUSADER_CARAVANS,0.85,1382.9,246.1,537.1,243.6,1920,1080,6.31,1651.4,367.9
Round3,Q1,3345,1672.5,CRUSADER_CARAVANS,0.7563,1237.3,250.3,573.1,244.1,1920,1080,6.745,1523.9,372.3
Round3,Q1,3346,1673.0,EMIRATES,0.8864,175.0,1016.8,76.5,22.2,1920,1080,0.082,213.3,1027.9
Round3,Q1,3346,1673.0,CRUSADER_CARAVANS,0.7442,1061.8,255.8,639.3,254.4,1920,1080,7.845,1381.4,383.0
Round3,Q1,3347,1673.5,CRUSADER_CARAVANS,0.8798,1084.2,158.9,60.7,27.3,1920,1080,0.08,1114.6,172.5
Round3,Q1,3347,1673.5,CRUSADER_CARAVANS,0.8692,1448.7,148.2,61.9,27.6,1920,1080,0.083,1479.7,162.0
Round3,Q1,3347,1673.5,CRUSADER_CARAVANS,0.8662,343.7,176.0,65.4,28.7,1920,1080,0.091,376.5,190.4
Round3,Q1,3347,1673.5,CRUSADER_CARAVANS,0.8654,715.2,167.7,62.5,27.4,1920,1080,0.082,746.4,181.4
Round3,Q1,3347,1673.5,CRUSADER_CARAVANS,0.8539,1834.4,134.9,67.5,27.7,1920,1080,0.09,1868.1,148.7
Round3,Q1,3347,1673.5,CRUSADER_CARAVANS,0.8481,785.0,162.3,285.6,30.1,1920,1080,0.415,927.7,177.3
Round3,Q1,3347,1673.5,CRUSADER_CARAVANS,0.8471,18.1,433.1,73.9,33.4,1920,1080,0.119,55.0,449.8
Round3,Q1,3347,1673.5,CRUSADER_CARAVANS,0.8447,830.9,378.5,69.5,29.9,1920,1080,0.1,865.7,393.5
Round3,Q1,3347,1673.5,CRUSADER_CARAVANS,0.8423,1152.1,152.8,286.1,30.9,1920,1080,0.426,1295.1,168.3
Round3,Q1,3347,1673.5,CRUSADER_CARAVANS,0.8325,416.3,170.2,291.4,31.8,1920,1080,0.447,562.0,186.1
Round3,Q1,3347,1673.5,CRUSADER_CARAVANS,0.8308,21.6,178.4,308.5,33.2,1920,1080,0.494,175.9,195.0
Round3,Q1,3347,1673.5,CRUSADER_CARAVANS,0.8284,1666.6,350.0,73.5,31.9,1920,1080,0.113,1703.4,365.9
Round3,Q1,3347,1673.5,CRUSADER_CARAVANS,0.8009,1517.0,141.0,303.5,31.5,1920,1080,0.461,1668.8,156.7
Round3,Q1,3347,1673.5,CRUSADER_CARAVANS,0.6087,0.0,185.5,15.9,29.6,1920,1080,0.023,7.9,200.3
Round3,Q1,3347,1673.5,CRUSADER_CARAVANS,0.4404,1908.1,133.3,11.9,23.9,1920,1080,0.014,1914.0,145.3
Round3,Q1,3347,1673.5,CRUSADER_CARAVANS,0.4116,1746.0,348.3,173.6,30.5,1920,1080,0.255,1832.8,363.6
Round3,Q1,3347,1673.5,CRUSADER_CARAVANS,0.3633,906.6,367.6,321.4,37.1,1920,1080,0.574,1067.3,386.1
Round3,Q1,3347,1673.5,CRUSADER_CARAVANS,0.3226,96.8,408.6,315.5,51.4,1920,1080,0.782,254.6,434.3
Round3,Q1,3348,1674.0,CRUSADER_CARAVANS,0.8743,986.6,147.0,62.4,28.2,1920,1080,0.085,1017.8,161.1
Round3,Q1,3348,1674.0,CRUSADER_CARAVANS,0.8719,1365.2,136.8,64.0,27.8,1920,1080,0.086,1397.2,150.7
Round3,Q1,3348,1674.0,CRUSADER_CARAVANS,0.8698,600.2,155.1,65.9,29.2,1920,1080,0.093,633.1,169.7
Round3,Q1,3348,1674.0,CRUSADER_CARAVANS,0.8693,206.9,162.5,70.6,30.0,1920,1080,0.102,242.2,177.5
Round3,Q1,3348,1674.0,CRUSADER_CARAVANS,0.8668,1761.2,123.1,68.6,28.9,1920,1080,0.096,1795.5,137.6
Round3,Q1,3348,1674.0,CRUSADER_CARAVANS,0.8474,721.6,374.6,73.5,32.2,1920,1080,0.114,758.3,390.7
Round3,Q1,3348,1674.0,CRUSADER_CARAVANS,0.8444,1589.0,347.2,77.1,31.8,1920,1080,0.118,1627.5,363.1
Round3,Q1,3348,1674.0,CRUSADER_CARAVANS,0.8425,285.2,157.5,306.5,33.0,1920,1080,0.487,438.5,174.0
Round3,Q1,3348,1674.0,CRUSADER_CARAVANS,0.8405,673.8,150.1,301.6,31.6,1920,1080,0.459,824.6,165.9
Round3,Q1,3348,1674.0,CRUSADER_CARAVANS,0.8398,1436.5,129.2,310.4,32.4,1920,1080,0.485,1591.7,145.4
Round3,Q1,3348,1674.0,CRUSADER_CARAVANS,0.8301,1056.1,140.6,298.9,31.5,1920,1080,0.454,1205.5,156.3
Round3,Q1,3348,1674.0,CRUSADER_CARAVANS,0.7769,0.0,164.4,191.0,33.1,1920,1080,0.305,95.5,180.9
Round3,Q1,3348,1674.0,CRUSADER_CARAVANS,0.7696,1674.1,343.9,245.9,31.6,1920,1080,0.374,1797.1,359.7
Round3,Q1,3348,1674.0,CRUSADER_CARAVANS,0.7032,1837.9,117.7,81.7,31.4,1920,1080,0.123,1878.8,133.4
Round3,Q1,3348,1674.0,CRUSADER_CARAVANS,0.5936,799.0,363.5,326.0,38.7,1920,1080,0.609,962.0,382.9
Round3,Q1,3348,1674.0,CRUSADER_CARAVANS,0.5846,0.4,405.1,287.8,56.4,1920,1080,0.783,144.4,433.3
Round3,Q1,3348,1674.0,CRUSADER_CARAVANS,0.3717,373.0,378.3,337.5,50.0,1920,1080,0.813,541.7,403.3
Round3,Q1,3349,1674.5,CRUSADER_CARAVANS,0.8684,69.8,151.6,74.3,31.7,1920,1080,0.114,107.0,167.5
Round3,Q1,3349,1674.5,CRUSADER_CARAVANS,0.8679,1275.7,128.3,66.9,29.3,1920,1080,0.095,1309.2,142.9
Round3,Q1,3349,1674.5,CRUSADER_CARAVANS,0.8644,886.3,138.2,65.2,29.3,1920,1080,0.092,918.9,152.8
Round3,Q1,3349,1674.5,CRUSADER_CARAVANS,0.8627,1681.4,115.7,69.9,29.3,1920,1080,0.099,1716.4,130.4
Round3,Q1,3349,1674.5,CRUSADER_CARAVANS,0.8566,484.5,145.3,68.9,30.0,1920,1080,0.1,519.0,160.3
Round3,Q1,3349,1674.5,CRUSADER_CARAVANS,0.8441,150.7,147.1,326.7,33.9,1920,1080,0.533,314.1,164.1
Round3,Q1,3349,1674.5,CRUSADER_CARAVANS,0.836,958.4,132.6,308.2,31.7,1920,1080,0.472,1112.5,148.4
Round3,Q1,3349,1674.5,CRUSADER_CARAVANS,0.8296,559.9,141.0,311.0,32.0,1920,1080,0.48,715.5,157.0
Round3,Q1,3349,1674.5,CRUSADER_CARAVANS,0.8295,1349.2,121.7,316.3,32.7,1920,1080,0.499,1507.4,138.0
Round3,Q1,3349,1674.5,CRUSADER_CARAVANS,0.8269,1505.8,345.4,76.9,32.6,1920,1080,0.121,1544.2,361.7
Round3,Q1,3349,1674.5,CRUSADER_CARAVANS,0.7728,1591.3,341.4,328.7,33.5,1920,1080,0.531,1755.6,358.2
Round3,Q1,3349,1674.5,CRUSADER_CARAVANS,0.7664,1760.2,109.4,159.8,31.9,1920,1080,0.246,1840.1,125.3
Round3,Q1,3349,1674.5,CRUSADER_CARAVANS,0.7235,0.0,407.2,147.1,39.8,1920,1080,0.283,73.5,427.1
Round3,Q1,3349,1674.5,CRUSADER_CARAVANS,0.7086,0.0,152.6,53.9,33.2,1920,1080,0.086,27.0,169.2
Round3,Q1,3349,1674.5,CRUSADER_CARAVANS,0.6111,690.3,361.3,346.7,42.5,1920,1080,0.711,863.6,382.5
Round3,Q1,3349,1674.5,CRUSADER_CARAVANS,0.4714,246.8,379.6,364.4,48.7,1920,1080,0.855,429.0,403.9
Round3,Q1,3350,1675.0,CRUSADER_CARAVANS,0.8732,765.1,131.9,64.9,29.7,1920,1080,0.093,797.5,146.7
Round3,Q1,3350,1675.0,CRUSADER_CARAVANS,0.8682,1567.8,111.6,70.4,29.1,1920,1080,0.099,1602.9,126.1
Round3,Q1,3350,1675.0,CRUSADER_CARAVANS,0.8659,350.2,137.4,71.1,30.7,1920,1080,0.105,385.7,152.7
Round3,Q1,3350,1675.0,CRUSADER_CARAVANS,0.8629,1161.2,122.1,66.8,30.6,1920,1080,0.099,1194.6,137.4
Round3,Q1,3350,1675.0,CRUSADER_CARAVANS,0.8513,429.7,133.9,322.1,32.8,1920,1080,0.509,590.8,150.3
Round3,Q1,3350,1675.0,CRUSADER_CARAVANS,0.8501,1392.7,343.6,77.4,33.0,1920,1080,0.123,1431.4,360.1
Round3,Q1,3350,1675.0,CRUSADER_CARAVANS,0.8489,838.3,126.8,312.3,32.1,1920,1080,0.483,994.5,142.8
Round3,Q1,3350,1675.0,CRUSADER_CARAVANS,0.8347,1645.8,103.0,269.9,34.3,1920,1080,0.446,1780.7,120.1
Round3,Q1,3350,1675.0,CRUSADER_CARAVANS,0.8233,1235.5,115.9,315.4,32.8,1920,1080,0.499,1393.2,132.3
Round3,Q1,3350,1675.0,CRUSADER_CARAVANS,0.815,3.9,139.5,337.8,33.3,1920,1080,0.542,172.8,156.2
Round3,Q1,3350,1675.0,CRUSADER_CARAVANS,0.7948,1474.3,337.8,374.7,35.0,1920,1080,0.632,1661.7,355.3
Round3,Q1,3350,1675.0,CRUSADER_CARAVANS,0.7407,482.8,371.4,76.9,33.3,1920,1080,0.123,521.3,388.0
Round3,Q1,3350,1675.0,CRUSADER_CARAVANS,0.4136,1865.5,336.6,54.5,32.3,1920,1080,0.085,1892.8,352.7
Round3,Q1,3350,1675.0,CRUSADER_CARAVANS,0.3447,574.5,359.4,343.5,43.6,1920,1080,0.723,746.3,381.3
Round3,Q1,3351,1675.5,CRUSADER_CARAVANS,0.8716,677.4,128.1,63.9,29.6,1920,1080,0.091,709.4,142.9
Round3,Q1,3351,1675.5,CRUSADER_CARAVANS,0.8689,1071.1,120.3,66.2,29.4,1920,1080,0.094,1104.2,135.0
Round3,Q1,3351,1675.5,CRUSADER_CARAVANS,0.8643,1469.6,110.2,68.7,29.1,1920,1080,0.096,1503.9,124.7
Round3,Q1,3351,1675.5,CRUSADER_CARAVANS,0.8625,263.3,133.4,70.3,30.8,1920,1080,0.104,298.4,148.8
Round3,Q1,3351,1675.5,CRUSADER_CARAVANS,0.8521,396.4,368.0,76.6,32.5,1920,1080,0.12,434.7,384.2
Round3,Q1,3351,1675.5,CRUSADER_CARAVANS,0.8468,1546.6,101.8,324.1,33.6,1920,1080,0.526,1708.6,118.6
Round3,Q1,3351,1675.5,CRUSADER_CARAVANS,0.8399,749.0,124.2,315.4,31.3,1920,1080,0.477,906.7,139.9
Round3,Q1,3351,1675.5,CRUSADER_CARAVANS,0.8367,339.9,129.7,323.7,33.1,1920,1080,0.517,501.8,146.2
Round3,Q1,3351,1675.5,CRUSADER_CARAVANS,0.8346,1298.3,338.3,76.9,32.4,1920,1080,0.12,1336.7,354.6
Round3,Q1,3351,1675.5,CRUSADER_CARAVANS,0.8334,1881.8,95.9,38.0,29.7,1920,1080,0.054,1900.8,110.8
Round3,Q1,3351,1675.5,CRUSADER_CARAVANS,0.8319,0.0,134.2,253.9,33.5,1920,1080,0.41,126.9,150.9
Round3,Q1,3351,1675.5,CRUSADER_CARAVANS,0.8293,1145.4,113.6,311.3,32.9,1920,1080,0.494,1301.0,130.1
Round3,Q1,3351,1675.5,CRUSADER_CARAVANS,0.7689,1378.4,333.5,367.0,34.9,1920,1080,0.618,1561.9,350.9
Round3,Q1,3351,1675.5,CRUSADER_CARAVANS,0.5276,477.2,353.9,355.2,44.2,1920,1080,0.758,654.8,376.1
Round3,Q1,3351,1675.5,CRUSADER_CARAVANS,0.4516,0.0,396.7,12.0,26.2,1920,1080,0.015,6.0,409.8
Round3,Q1,3351,1675.5,CRUSADER_CARAVANS,0.404,1847.8,325.9,72.0,36.9,1920,1080,0.128,1883.8,344.4
Round3,Q1,3351,1675.5,CRUSADER_CARAVANS,0.3516,1761.4,332.1,78.7,31.8,1920,1080,0.121,1800.8,348.0
Round3,Q1,3352,1676.0,CRUSADER_CARAVANS,0.877,634.7,119.5,65.0,30.1,1920,1080,0.094,667.2,134.5
Round3,Q1,3352,1676.0,CRUSADER_CARAVANS,0.8728,1811.7,89.5,68.8,28.9,1920,1080,0.096,1846.1,103.9
Round3,Q1,3352,1676.0,CRUSADER_CARAVANS,0.8712,1020.9,112.4,64.2,28.8,1920,1080,0.089,1053.0,126.8
Round3,Q1,3352,1676.0,CRUSADER_CARAVANS,0.8701,1412.2,102.9,65.2,28.4,1920,1080,0.089,1444.7,117.1
Round3,Q1,3352,1676.0,CRUSADER_CARAVANS,0.8633,225.8,123.6,68.8,30.7,1920,1080,0.102,260.2,139.0
Round3,Q1,3352,1676.0,CRUSADER_CARAVANS,0.8447,1244.5,326.2,72.8,31.4,1920,1080,0.11,1280.9,341.8
Round3,Q1,3352,1676.0,CRUSADER_CARAVANS,0.841,303.2,121.1,315.2,32.5,1920,1080,0.493,460.8,137.3
Round3,Q1,3352,1676.0,CRUSADER_CARAVANS,0.8408,0.1,124.8,213.5,32.7,1920,1080,0.337,106.8,141.2
Round3,Q1,3352,1676.0,CRUSADER_CARAVANS,0.8321,1484.2,94.2,314.7,34.0,1920,1080,0.516,1641.5,111.2
Round3,Q1,3352,1676.0,CRUSADER_CARAVANS,0.825,1091.6,106.3,305.5,32.1,1920,1080,0.472,1244.3,122.4
Round3,Q1,3352,1676.0,CRUSADER_CARAVANS,0.8233,706.3,115.1,306.3,32.1,1920,1080,0.474,859.5,131.2
Round3,Q1,3352,1676.0,CRUSADER_CARAVANS,0.7727,1323.7,321.6,359.5,33.2,1920,1080,0.576,1503.5,338.3
Round3,Q1,3352,1676.0,CRUSADER_CARAVANS,0.7208,359.0,353.8,73.7,32.5,1920,1080,0.116,395.9,370.0
Round3,Q1,3352,1676.0,CRUSADER_CARAVANS,0.6848,1780.8,314.6,138.9,33.5,1920,1080,0.225,1850.2,331.3
Round3,Q1,3352,1676.0,CRUSADER_CARAVANS,0.6095,1886.9,84.7,33.1,30.4,1920,1080,0.048,1903.5,99.9
Round3,Q1,3352,1676.0,CRUSADER_CARAVANS,0.4632,1696.5,319.5,73.6,31.2,1920,1080,0.111,1733.3,335.1
Round3,Q1,3352,1676.0,CRUSADER_CARAVANS,0.3457,433.3,342.9,352.4,37.6,1920,1080,0.639,609.5,361.7
Round3,Q1,3353,1676.5,CRUSADER_CARAVANS,0.8764,1405.9,91.9,64.1,29.0,1920,1080,0.089,1437.9,106.4
Round3,Q1,3353,1676.5,CRUSADER_CARAVANS,0.8756,643.4,109.2,63.1,28.9,1920,1080,0.088,674.9,123.7
Round3,Q1,3353,1676.5,CRUSADER_CARAVANS,0.8708,1023.2,102.2,62.1,28.2,1920,1080,0.084,1054.3,116.3
Round3,Q1,3353,1676.5,CRUSADER_CARAVANS,0.8675,1799.2,79.2,68.3,28.9,1920,1080,0.095,1833.3,93.6
Round3,Q1,3353,1676.5,CRUSADER_CARAVANS,0.8672,241.4,113.6,68.0,30.0,1920,1080,0.098,275.4,128.6
Round3,Q1,3353,1676.5,CRUSADER_CARAVANS,0.8457,1242.2,312.5,72.1,31.0,1920,1080,0.108,1278.2,328.0
Round3,Q1,3353,1676.5,CRUSADER_CARAVANS,0.8364,712.5,104.7,298.8,31.9,1920,1080,0.46,861.9,120.7
Round3,Q1,3353,1676.5,CRUSADER_CARAVANS,0.8362,316.2,110.5,311.7,32.6,1920,1080,0.491,472.0,126.8
Round3,Q1,3353,1676.5,CRUSADER_CARAVANS,0.8347,0.3,114.5,231.7,32.0,1920,1080,0.357,116.1,130.5
Round3,Q1,3353,1676.5,CRUSADER_CARAVANS,0.8341,371.5,340.5,73.1,31.1,1920,1080,0.11,408.1,356.1
Round3,Q1,3353,1676.5,CRUSADER_CARAVANS,0.8329,1478.3,84.8,312.2,31.9,1920,1080,0.48,1634.4,100.8
Round3,Q1,3353,1676.5,CRUSADER_CARAVANS,0.8274,1092.5,96.1,297.7,32.2,1920,1080,0.462,1241.3,112.2
Round3,Q1,3353,1676.5,CRUSADER_CARAVANS,0.7687,1319.3,308.1,347.5,32.7,1920,1080,0.547,1493.1,324.5
Round3,Q1,3353,1676.5,CRUSADER_CARAVANS,0.6642,1874.1,73.8,45.9,29.4,1920,1080,0.065,1897.1,88.6
Round3,Q1,3353,1676.5,CRUSADER_CARAVANS,0.5809,1769.6,301.1,149.5,32.8,1920,1080,0.237,1844.3,317.5
Round3,Q1,3353,1676.5,CRUSADER_CARAVANS,0.569,0.0,342.8,358.2,57.9,1920,1080,1.001,179.1,371.8
Round3,Q1,3353,1676.5,CRUSADER_CARAVANS,0.3083,1687.4,306.0,71.0,28.9,1920,1080,0.099,1722.9,320.5
Round3,Q1,3354,1677.0,CRUSADER_CARAVANS,0.8733,1029.2,92.8,61.4,28.0,1920,1080,0.083,1059.9,106.8
Round3,Q1,3354,1677.0,CRUSADER_CARAVANS,0.8686,262.2,104.5,65.8,29.4,1920,1080,0.093,295.2,119.2
Round3,Q1,3354,1677.0,CRUSADER_CARAVANS,0.8686,1792.6,70.2,66.0,28.0,1920,1080,0.089,1825.5,84.2
Round3,Q1,3354,1677.0,CRUSADER_CARAVANS,0.8677,655.5,99.9,63.0,28.1,1920,1080,0.085,687.0,114.0
Round3,Q1,3354,1677.0,CRUSADER_CARAVANS,0.8675,1406.3,83.0,63.3,28.1,1920,1080,0.086,1438.0,97.0
Round3,Q1,3354,1677.0,CRUSADER_CARAVANS,0.8462,389.6,327.4,71.2,31.1,1920,1080,0.107,425.2,342.9
Round3,Q1,3354,1677.0,CRUSADER_CARAVANS,0.8379,337.2,101.6,303.7,31.2,1920,1080,0.456,489.1,117.2
Round3,Q1,3354,1677.0,CRUSADER_CARAVANS,0.8307,1096.9,87.9,294.0,29.8,1920,1080,0.422,1243.9,102.8
Round3,Q1,3354,1677.0,CRUSADER_CARAVANS,0.8273,0.0,104.5,250.7,33.0,1920,1080,0.4,125.4,121.0
Round3,Q1,3354,1677.0,CRUSADER_CARAVANS,0.8269,1478.7,76.2,305.8,31.3,1920,1080,0.462,1631.7,91.8
Round3,Q1,3354,1677.0,CRUSADER_CARAVANS,0.824,722.7,95.9,297.1,30.9,1920,1080,0.442,871.3,111.3
Round3,Q1,3354,1677.0,CRUSADER_CARAVANS,0.7089,1321.6,296.8,340.1,30.8,1920,1080,0.505,1491.7,312.1
Round3,Q1,3354,1677.0,CRUSADER_CARAVANS,0.6528,1866.2,64.7,53.6,30.1,1920,1080,0.078,1893.0,79.8
Round3,Q1,3354,1677.0,CRUSADER_CARAVANS,0.6287,1252.4,299.1,60.9,30.7,1920,1080,0.09,1282.8,314.5
Round3,Q1,3354,1677.0,CRUSADER_CARAVANS,0.5451,634.2,315.0,165.0,34.2,1920,1080,0.272,716.8,332.1
Round3,Q1,3354,1677.0,CRUSADER_CARAVANS,0.5405,1760.3,289.0,159.0,33.1,1920,1080,0.254,1839.8,305.5
Round3,Q1,3354,1677.0,CRUSADER_CARAVANS,0.4878,24.0,328.9,353.2,54.9,1920,1080,0.935,200.7,356.3
Round3,Q1,3355,1677.5,CRUSADER_CARAVANS,0.8766,1036.9,87.8,60.9,27.6,1920,1080,0.081,1067.4,101.6
Round3,Q1,3355,1677.5,CRUSADER_CARAVANS,0.8721,1409.1,77.9,63.1,28.1,1920,1080,0.085,1440.6,92.0
Round3,Q1,3355,1677.5,CRUSADER_CARAVANS,0.8707,281.4,99.1,63.8,29.2,1920,1080,0.09,313.3,113.7
Round3,Q1,3355,1677.5,CRUSADER_CARAVANS,0.8695,668.2,95.4,61.6,27.6,1920,1080,0.082,699.0,109.2
Round3,Q1,3355,1677.5,CRUSADER_CARAVANS,0.8647,1791.0,65.3,65.5,28.0,1920,1080,0.088,1823.8,79.3
Round3,Q1,3355,1677.5,CRUSADER_CARAVANS,0.8569,404.5,319.5,71.1,30.8,1920,1080,0.105,440.1,334.9
Round3,Q1,3355,1677.5,CRUSADER_CARAVANS,0.839,735.3,90.2,292.3,30.8,1920,1080,0.434,881.5,105.6
Round3,Q1,3355,1677.5,CRUSADER_CARAVANS,0.8277,1480.3,70.0,297.8,32.7,1920,1080,0.469,1629.2,86.3
Round3,Q1,3355,1677.5,CRUSADER_CARAVANS,0.8225,1104.0,82.2,287.1,30.6,1920,1080,0.424,1247.5,97.5
Round3,Q1,3355,1677.5,CRUSADER_CARAVANS,0.8203,354.0,96.1,300.0,31.6,1920,1080,0.457,504.0,111.9
Round3,Q1,3355,1677.5,CRUSADER_CARAVANS,0.819,0.0,99.2,268.2,33.0,1920,1080,0.427,134.1,115.7
Round3,Q1,3355,1677.5,CRUSADER_CARAVANS,0.6379,1863.1,58.4,56.9,31.5,1920,1080,0.086,1891.5,74.1
Round3,Q1,3355,1677.5,CRUSADER_CARAVANS,0.4951,1758.2,279.2,161.8,33.0,1920,1080,0.258,1839.1,295.7
Round3,Q1,3355,1677.5,CRUSADER_CARAVANS,0.4673,482.9,312.3,148.3,34.8,1920,1080,0.249,557.0,329.7
Round3,Q1,3355,1677.5,CRUSADER_CARAVANS,0.4333,50.5,324.3,343.4,43.9,1920,1080,0.727,222.2,346.2
Round3,Q1,3355,1677.5,CRUSADER_CARAVANS,0.3853,0.0,347.2,38.5,28.5,1920,1080,0.053,19.3,361.4
Round3,Q1,3355,1677.5,CRUSADER_CARAVANS,0.3276,1320.9,284.8,343.5,37.3,1920,1080,0.618,1492.7,303.4
Round3,Q1,3356,1678.0,CRUSADER_CARAVANS,0.8714,1416.3,80.3,62.1,27.3,1920,1080,0.082,1447.3,94.0
Round3,Q1,3356,1678.0,CRUSADER_CARAVANS,0.8712,305.0,101.8,63.8,28.7,1920,1080,0.088,336.9,116.2
Round3,Q1,3356,1678.0,CRUSADER_CARAVANS,0.8704,685.7,97.4,62.1,27.8,1920,1080,0.083,716.7,111.3
Round3,Q1,3356,1678.0,CRUSADER_CARAVANS,0.87,1048.5,90.2,60.3,27.3,1920,1080,0.079,1078.6,103.9
Round3,Q1,3356,1678.0,CRUSADER_CARAVANS,0.8659,426.4,319.1,69.5,29.8,1920,1080,0.1,461.2,334.0
Round3,Q1,3356,1678.0,CRUSADER_CARAVANS,0.8636,1792.4,67.6,65.4,27.3,1920,1080,0.086,1825.2,81.3
Round3,Q1,3356,1678.0,CRUSADER_CARAVANS,0.8418,377.3,98.2,292.1,31.2,1920,1080,0.44,523.3,113.9
Round3,Q1,3356,1678.0,CRUSADER_CARAVANS,0.823,0.0,102.5,293.6,31.8,1920,1080,0.45,146.8,118.4
Round3,Q1,3356,1678.0,CRUSADER_CARAVANS,0.8193,755.6,92.7,282.1,30.4,1920,1080,0.414,896.6,107.9
Round3,Q1,3356,1678.0,CRUSADER_CARAVANS,0.8165,1484.8,72.8,296.6,31.7,1920,1080,0.454,1633.1,88.7
Round3,Q1,3356,1678.0,CRUSADER_CARAVANS,0.8146,1114.2,84.5,287.1,29.9,1920,1080,0.413,1257.8,99.4
Round3,Q1,3356,1678.0,CRUSADER_CARAVANS,0.7599,1330.9,284.9,335.8,35.4,1920,1080,0.573,1498.8,302.6
Round3,Q1,3356,1678.0,CRUSADER_CARAVANS,0.7326,1256.6,291.5,65.8,30.2,1920,1080,0.096,1289.5,306.6
Round3,Q1,3356,1678.0,CRUSADER_CARAVANS,0.6499,1864.0,61.1,56.0,30.4,1920,1080,0.082,1892.0,76.3
Round3,Q1,3356,1678.0,CRUSADER_CARAVANS,0.4936,1758.3,278.7,161.7,33.0,1920,1080,0.257,1839.2,295.2
Round3,Q1,3357,1678.5,CRUSADER_CARAVANS,0.8732,701.4,102.1,61.0,27.0,1920,1080,0.08,732.0,115.6
Round3,Q1,3357,1678.5,CRUSADER_CARAVANS,0.8727,326.8,106.8,62.4,28.1,1920,1080,0.085,358.0,120.8
Round3,Q1,3357,1678.5,CRUSADER_CARAVANS,0.8724,1421.8,85.7,61.0,26.6,1920,1080,0.078,1452.3,99.0
Round3,Q1,3357,1678.5,CRUSADER_CARAVANS,0.8682,20.9,343.5,72.8,34.1,1920,1080,0.12,57.3,360.6
Round3,Q1,3357,1678.5,CRUSADER_CARAVANS,0.8661,1793.1,72.6,64.6,27.4,1920,1080,0.086,1825.4,86.3
Round3,Q1,3357,1678.5,CRUSADER_CARAVANS,0.8647,1059.4,94.8,59.2,26.9,1920,1080,0.077,1089.0,108.2
Round3,Q1,3357,1678.5,CRUSADER_CARAVANS,0.8566,445.9,320.7,67.9,29.6,1920,1080,0.097,479.8,335.5
Round3,Q1,3357,1678.5,CRUSADER_CARAVANS,0.8558,397.9,103.0,291.5,30.8,1920,1080,0.433,543.6,118.4
Round3,Q1,3357,1678.5,CRUSADER_CARAVANS,0.8458,769.0,97.2,281.0,30.2,1920,1080,0.41,909.5,112.3
Round3,Q1,3357,1678.5,CRUSADER_CARAVANS,0.8433,1125.3,89.4,282.6,28.8,1920,1080,0.392,1266.6,103.8
Round3,Q1,3357,1678.5,CRUSADER_CARAVANS,0.835,1490.2,77.7,292.7,30.9,1920,1080,0.436,1636.5,93.2
Round3,Q1,3357,1678.5,CRUSADER_CARAVANS,0.8147,5.3,106.9,309.5,32.1,1920,1080,0.48,160.1,123.0
Round3,Q1,3357,1678.5,CRUSADER_CARAVANS,0.7596,1342.5,287.3,325.4,34.0,1920,1080,0.533,1505.2,304.3
Round3,Q1,3357,1678.5,CRUSADER_CARAVANS,0.6898,1864.7,66.2,55.0,30.2,1920,1080,0.08,1892.2,81.3
Round3,Q1,3357,1678.5,CRUSADER_CARAVANS,0.6708,1264.5,293.5,64.2,29.2,1920,1080,0.091,1296.6,308.1
Round3,Q1,3357,1678.5,CRUSADER_CARAVANS,0.6156,849.9,303.6,49.9,32.7,1920,1080,0.079,874.9,319.9
Round3,Q1,3357,1678.5,CRUSADER_CARAVANS,0.5196,1757.6,278.2,162.4,36.9,1920,1080,0.289,1838.8,296.6
Round3,Q1,3357,1678.5,CRUSADER_CARAVANS,0.4332,1678.6,284.6,72.6,31.7,1920,1080,0.111,1714.9,300.5
Round3,Q1,3357,1678.5,CRUSADER_CARAVANS,0.4123,526.8,307.2,310.8,43.1,1920,1080,0.646,682.2,328.7
Round3,Q1,3358,1679.0,CRUSADER_CARAVANS,0.8726,1413.2,89.9,59.9,26.3,1920,1080,0.076,1443.2,103.0
Round3,Q1,3358,1679.0,CRUSADER_CARAVANS,0.8699,704.4,106.2,59.8,26.8,1920,1080,0.077,734.3,119.5
Round3,Q1,3358,1679.0,CRUSADER_CARAVANS,0.8679,336.3,111.1,63.1,28.1,1920,1080,0.085,367.9,125.1
Round3,Q1,3358,1679.0,CRUSADER_CARAVANS,0.8637,1057.2,99.1,59.3,26.6,1920,1080,0.076,1086.8,112.4
Round3,Q1,3358,1679.0,CRUSADER_CARAVANS,0.8604,1777.5,78.2,63.8,26.3,1920,1080,0.081,1809.4,91.3
Round3,Q1,3358,1679.0,CRUSADER_CARAVANS,0.8583,35.9,344.7,72.8,32.8,1920,1080,0.115,72.3,361.1
Round3,Q1,3358,1679.0,CRUSADER_CARAVANS,0.8364,1479.7,82.6,288.9,30.2,1920,1080,0.421,1624.2,97.7
Round3,Q1,3358,1679.0,CRUSADER_CARAVANS,0.8322,771.1,102.0,277.7,29.0,1920,1080,0.388,909.9,116.5
Round3,Q1,3358,1679.0,CRUSADER_CARAVANS,0.8301,23.5,111.6,304.0,32.0,1920,1080,0.469,175.5,127.5
Round3,Q1,3358,1679.0,CRUSADER_CARAVANS,0.8279,404.9,107.7,287.1,30.1,1920,1080,0.417,548.4,122.8
Round3,Q1,3358,1679.0,CRUSADER_CARAVANS,0.8248,850.4,305.1,49.0,30.1,1920,1080,0.071,874.8,320.2
Round3,Q1,3358,1679.0,CRUSADER_CARAVANS,0.8016,1122.8,93.4,275.5,29.3,1920,1080,0.389,1260.6,108.1
Round3,Q1,3358,1679.0,CRUSADER_CARAVANS,0.7716,1741.4,282.6,175.9,33.5,1920,1080,0.284,1829.4,299.4
Round3,Q1,3358,1679.0,CRUSADER_CARAVANS,0.7383,1346.9,288.8,305.3,32.4,1920,1080,0.477,1499.5,305.0
Round3,Q1,3358,1679.0,CRUSADER_CARAVANS,0.7222,1848.9,71.3,71.1,29.5,1920,1080,0.101,1884.4,86.0
Round3,Q1,3358,1679.0,CRUSADER_CARAVANS,0.6871,119.1,324.5,323.4,46.9,1920,1080,0.732,280.8,348.0
Round3,Q1,3358,1679.0,CRUSADER_CARAVANS,0.5947,925.0,295.6,334.5,37.8,1920,1080,0.61,1092.2,314.5
Round3,Q1,3358,1679.0,CRUSADER_CARAVANS,0.5936,0.1,115.6,15.5,29.1,1920,1080,0.022,7.8,130.1
Round3,Q1,3358,1679.0,CRUSADER_CARAVANS,0.4398,451.5,320.6,68.5,29.5,1920,1080,0.097,485.8,335.3
Round3,Q1,3358,1679.0,CRUSADER_CARAVANS,0.3937,1663.4,285.4,72.6,31.6,1920,1080,0.111,1699.7,301.2
Round3,Q1,3358,1679.0,CRUSADER_CARAVANS,0.38,1255.8,293.9,67.1,29.0,1920,1080,0.094,1289.3,308.4
Round3,Q1,3358,1679.0,CRUSADER_CARAVANS,0.3782,0.0,345.4,25.8,37.1,1920,1080,0.046,12.9,363.9
Round3,Q1,3359,1679.5,CRUSADER_CARAVANS,0.8815,304.5,115.9,61.1,27.8,1920,1080,0.082,335.0,129.8
Round3,Q1,3359,1679.5,CRUSADER_CARAVANS,0.8747,668.3,111.6,59.4,26.7,1920,1080,0.077,698.0,124.9
Round3,Q1,3359,1679.5,CRUSADER_CARAVANS,0.8702,1364.1,96.9,59.9,26.3,1920,1080,0.076,1394.1,110.1
Round3,Q1,3359,1679.5,CRUSADER_CARAVANS,0.8674,1719.6,85.0,61.8,26.5,1920,1080,0.079,1750.4,98.3
Round3,Q1,3359,1679.5,CRUSADER_CARAVANS,0.8668,417.4,321.4,66.5,31.6,1920,1080,0.101,450.6,337.2
Round3,Q1,3359,1679.5,CRUSADER_CARAVANS,0.8642,1014.9,105.0,57.9,26.3,1920,1080,0.073,1043.9,118.2
Round3,Q1,3359,1679.5,CRUSADER_CARAVANS,0.8629,1210.4,295.9,64.8,29.9,1920,1080,0.094,1242.8,310.8
Round3,Q1,3359,1679.5,CRUSADER_CARAVANS,0.8524,5.8,344.9,73.5,33.6,1920,1080,0.119,42.5,361.8
Round3,Q1,3359,1679.5,CRUSADER_CARAVANS,0.8416,1078.5,100.1,273.0,29.1,1920,1080,0.383,1215.0,114.7
Round3,Q1,3359,1679.5,CRUSADER_CARAVANS,0.8414,372.4,113.7,283.4,29.3,1920,1080,0.401,514.1,128.4
Round3,Q1,3359,1679.5,CRUSADER_CARAVANS,0.8363,1430.2,89.6,280.3,30.1,1920,1080,0.406,1570.3,104.6
Round3,Q1,3359,1679.5,CRUSADER_CARAVANS,0.834,734.1,107.3,273.8,29.4,1920,1080,0.389,871.0,122.0
Round3,Q1,3359,1679.5,CRUSADER_CARAVANS,0.8121,810.8,307.5,54.0,30.7,1920,1080,0.08,837.8,322.8
Round3,Q1,3359,1679.5,CRUSADER_CARAVANS,0.8017,86.9,325.8,321.7,47.4,1920,1080,0.736,247.7,349.5
Round3,Q1,3359,1679.5,CRUSADER_CARAVANS,0.7918,0.0,116.9,293.1,30.1,1920,1080,0.426,146.5,132.0
Round3,Q1,3359,1679.5,CRUSADER_CARAVANS,0.7803,1790.3,78.7,129.7,28.9,1920,1080,0.181,1855.1,93.2
Round3,Q1,3359,1679.5,CRUSADER_CARAVANS,0.7592,887.2,299.0,317.8,35.7,1920,1080,0.547,1046.1,316.9
Round3,Q1,3359,1679.5,CRUSADER_CARAVANS,0.7054,1690.2,284.3,229.8,34.6,1920,1080,0.383,1805.1,301.6
Round3,Q1,3359,1679.5,CRUSADER_CARAVANS,0.6945,1337.8,291.6,261.5,31.8,1920,1080,0.401,1468.5,307.6
Round3,Q1,3359,1679.5,CRUSADER_CARAVANS,0.394,521.1,311.0,279.4,37.2,1920,1080,0.501,660.9,329.6
Round3,Q1,3360,1680.0,CRUSADER_CARAVANS,0.873,1290.9,103.8,57.3,25.3,1920,1080,0.07,1319.5,116.4
Round3,Q1,3360,1680.0,CRUSADER_CARAVANS,0.8702,949.1,111.2,57.3,25.6,1920,1080,0.071,977.7,124.0
Round3,Q1,3360,1680.0,CRUSADER_CARAVANS,0.8672,247.9,120.8,62.3,27.6,1920,1080,0.083,279.0,134.6
Round3,Q1,3360,1680.0,CRUSADER_CARAVANS,0.866,1635.5,93.5,60.1,25.7,1920,1080,0.074,1665.5,106.3
Round3,Q1,3360,1680.0,CRUSADER_CARAVANS,0.8607,359.8,323.9,66.9,30.7,1920,1080,0.099,393.2,339.2
Round3,Q1,3360,1680.0,CRUSADER_CARAVANS,0.854,607.8,117.3,59.3,25.5,1920,1080,0.073,637.5,130.1
Round3,Q1,3360,1680.0,CRUSADER_CARAVANS,0.8468,1139.9,298.7,64.8,30.2,1920,1080,0.094,1172.3,313.8
Round3,Q1,3360,1680.0,CRUSADER_CARAVANS,0.8455,672.5,114.1,268.9,28.4,1920,1080,0.368,806.9,128.2
Round3,Q1,3360,1680.0,CRUSADER_CARAVANS,0.8261,1353.3,97.4,272.5,29.4,1920,1080,0.386,1489.5,112.1
Round3,Q1,3360,1680.0,CRUSADER_CARAVANS,0.8232,1011.0,106.5,266.7,28.6,1920,1080,0.367,1144.3,120.8
Round3,Q1,3360,1680.0,CRUSADER_CARAVANS,0.8197,748.9,309.3,56.9,31.3,1920,1080,0.086,777.3,324.9
Round3,Q1,3360,1680.0,CRUSADER_CARAVANS,0.8167,0.0,120.8,236.1,30.7,1920,1080,0.349,118.1,136.1
Round3,Q1,3360,1680.0,CRUSADER_CARAVANS,0.8148,1700.9,87.2,219.1,27.6,1920,1080,0.292,1810.5,101.0
Round3,Q1,3360,1680.0,CRUSADER_CARAVANS,0.8045,316.2,118.2,278.9,29.1,1920,1080,0.392,455.6,132.8
Round3,Q1,3360,1680.0,CRUSADER_CARAVANS,0.7962,1223.5,294.7,292.5,31.3,1920,1080,0.441,1369.7,310.3
Round3,Q1,3360,1680.0,CRUSADER_CARAVANS,0.7916,34.2,328.7,318.6,43.8,1920,1080,0.673,193.5,350.6
Round3,Q1,3360,1680.0,CRUSADER_CARAVANS,0.7792,1603.3,286.3,316.7,34.6,1920,1080,0.529,1761.6,303.7
Round3,Q1,3360,1680.0,CRUSADER_CARAVANS,0.7375,824.3,301.8,309.1,34.3,1920,1080,0.512,978.8,318.9
Round3,Q1,3360,1680.0,CRUSADER_CARAVANS,0.6727,0.0,349.0,20.2,31.5,1920,1080,0.031,10.1,364.7
Round3,Q1,3360,1680.0,CRUSADER_CARAVANS,0.6327,1529.7,292.0,68.8,29.5,1920,1080,0.098,1564.1,306.7
Round3,Q1,3360,1680.0,CRUSADER_CARAVANS,0.4993,431.7,314.0,310.3,39.4,1920,1080,0.59,586.9,333.7
Round3,Q1,3361,1680.5,CRUSADER_CARAVANS,0.8779,199.6,124.1,60.5,27.0,1920,1080,0.079,229.8,137.6
Round3,Q1,3361,1680.5,CRUSADER_CARAVANS,0.8688,555.4,121.2,59.1,25.7,1920,1080,0.073,584.9,134.1
Round3,Q1,3361,1680.5,CRUSADER_CARAVANS,0.8643,1562.3,99.5,59.0,25.8,1920,1080,0.073,1591.8,112.4
Round3,Q1,3361,1680.5,CRUSADER_CARAVANS,0.8582,310.9,324.3,66.5,30.8,1920,1080,0.099,344.1,339.7
Round3,Q1,3361,1680.5,CRUSADER_CARAVANS,0.8581,892.3,116.1,55.2,25.0,1920,1080,0.067,919.9,128.6
Round3,Q1,3361,1680.5,CRUSADER_CARAVANS,0.8544,1225.6,108.8,57.8,25.4,1920,1080,0.071,1254.5,121.5
Round3,Q1,3361,1680.5,CRUSADER_CARAVANS,0.8392,1288.3,102.6,267.2,28.8,1920,1080,0.371,1421.9,117.0
Round3,Q1,3361,1680.5,CRUSADER_CARAVANS,0.8384,1855.3,285.2,64.7,31.4,1920,1080,0.098,1887.6,300.9
Round3,Q1,3361,1680.5,CRUSADER_CARAVANS,0.834,1628.1,91.5,280.9,29.3,1920,1080,0.396,1768.5,106.1
Round3,Q1,3361,1680.5,CRUSADER_CARAVANS,0.8326,952.1,111.7,262.7,27.9,1920,1080,0.353,1083.5,125.7
Round3,Q1,3361,1680.5,CRUSADER_CARAVANS,0.8301,266.7,121.8,277.2,29.0,1920,1080,0.387,405.3,136.3
Round3,Q1,3361,1680.5,CRUSADER_CARAVANS,0.8298,622.3,118.1,262.4,27.5,1920,1080,0.348,753.5,131.9
Round3,Q1,3361,1680.5,CRUSADER_CARAVANS,0.8298,695.2,310.7,60.3,30.3,1920,1080,0.088,725.4,325.9
Round3,Q1,3361,1680.5,CRUSADER_CARAVANS,0.8285,1079.3,300.4,64.3,29.0,1920,1080,0.09,1111.4,314.9
Round3,Q1,3361,1680.5,CRUSADER_CARAVANS,0.8001,0.9,124.9,186.0,29.4,1920,1080,0.264,93.9,139.6
Round3,Q1,3361,1680.5,CRUSADER_CARAVANS,0.7965,1533.6,288.9,311.1,32.9,1920,1080,0.494,1689.2,305.4
Round3,Q1,3361,1680.5,CRUSADER_CARAVANS,0.7649,0.0,330.4,303.5,42.5,1920,1080,0.622,151.7,351.6
Round3,Q1,3361,1680.5,CRUSADER_CARAVANS,0.7637,766.2,302.8,307.2,33.7,1920,1080,0.499,919.8,319.7
Round3,Q1,3361,1680.5,CRUSADER_CARAVANS,0.7591,1155.5,295.1,292.8,31.8,1920,1080,0.449,1301.9,311.0
Round3,Q1,3361,1680.5,CRUSADER_CARAVANS,0.6947,384.9,316.2,302.3,36.2,1920,1080,0.528,536.0,334.3
Round3,Q1,3361,1680.5,CRUSADER_CARAVANS,0.5134,1459.7,293.4,66.6,29.1,1920,1080,0.093,1493.0,307.9
Round3,Q1,3362,1681.0,CRUSADER_CARAVANS,0.8711,158.4,128.2,60.2,27.1,1920,1080,0.079,188.5,141.8
Round3,Q1,3362,1681.0,CRUSADER_CARAVANS,0.866,511.5,126.2,57.4,25.2,1920,1080,0.07,540.2,138.8
Round3,Q1,3362,1681.0,CRUSADER_CARAVANS,0.8638,269.1,326.0,65.1,30.3,1920,1080,0.095,301.6,341.2
Round3,Q1,3362,1681.0,CRUSADER_CARAVANS,0.8608,1171.1,114.9,56.2,24.8,1920,1080,0.067,1199.2,127.3
Round3,Q1,3362,1681.0,CRUSADER_CARAVANS,0.85,1498.6,107.1,56.7,24.3,1920,1080,0.066,1527.0,119.3
Round3,Q1,3362,1681.0,CRUSADER_CARAVANS,0.8397,903.3,117.1,256.5,27.4,1920,1080,0.339,1031.6,130.8
Round3,Q1,3362,1681.0,CRUSADER_CARAVANS,0.8395,575.2,122.9,260.6,27.5,1920,1080,0.346,705.5,136.7
Round3,Q1,3362,1681.0,CRUSADER_CARAVANS,0.8381,842.0,121.2,56.3,25.0,1920,1080,0.068,870.1,133.8
Round3,Q1,3362,1681.0,CRUSADER_CARAVANS,0.8256,1027.9,302.1,60.8,28.6,1920,1080,0.084,1058.3,316.4
Round3,Q1,3362,1681.0,CRUSADER_CARAVANS,0.8226,649.0,312.7,64.0,29.7,1920,1080,0.092,681.0,327.5
Round3,Q1,3362,1681.0,CRUSADER_CARAVANS,0.8205,1.3,128.0,146.3,30.3,1920,1080,0.214,74.4,143.1
Round3,Q1,3362,1681.0,CRUSADER_CARAVANS,0.8203,224.4,126.6,275.1,28.6,1920,1080,0.379,361.9,140.9
Round3,Q1,3362,1681.0,CRUSADER_CARAVANS,0.8199,1783.9,289.4,68.1,29.2,1920,1080,0.096,1818.0,304.0
Round3,Q1,3362,1681.0,CRUSADER_CARAVANS,0.8192,1561.7,99.6,275.5,28.6,1920,1080,0.38,1699.5,113.9
Round3,Q1,3362,1681.0,CRUSADER_CARAVANS,0.8149,1230.1,110.0,261.4,27.6,1920,1080,0.348,1360.8,123.8
Round3,Q1,3362,1681.0,CRUSADER_CARAVANS,0.8111,1846.8,94.9,62.8,25.1,1920,1080,0.076,1878.2,107.5
Round3,Q1,3362,1681.0,CRUSADER_CARAVANS,0.7841,1470.0,291.9,303.5,32.0,1920,1080,0.469,1621.8,307.9
Round3,Q1,3362,1681.0,CRUSADER_CARAVANS,0.774,0.1,331.4,260.8,40.8,1920,1080,0.514,130.5,351.8
Round3,Q1,3362,1681.0,CRUSADER_CARAVANS,0.7507,723.1,304.8,296.5,32.6,1920,1080,0.466,871.3,321.1
Round3,Q1,3362,1681.0,CRUSADER_CARAVANS,0.7368,1096.1,297.5,291.5,31.1,1920,1080,0.437,1241.9,313.0
Round3,Q1,3362,1681.0,CRUSADER_CARAVANS,0.6804,341.7,317.7,299.3,35.3,1920,1080,0.509,491.3,335.3
Round3,Q1,3362,1681.0,CRUSADER_CARAVANS,0.6566,1859.4,283.4,60.2,33.6,1920,1080,0.098,1889.5,300.2
Round3,Q1,3362,1681.0,CRUSADER_CARAVANS,0.6391,1399.5,295.6,64.1,28.9,1920,1080,0.089,1431.5,310.1
Round3,Q1,3363,1681.5,CRUSADER_CARAVANS,0.8682,814.6,124.0,54.4,24.9,1920,1080,0.065,841.8,136.5
Round3,Q1,3363,1681.5,CRUSADER_CARAVANS,0.864,1798.7,99.2,60.3,25.2,1920,1080,0.073,1828.9,111.8
Round3,Q1,3363,1681.5,CRUSADER_CARAVANS,0.8586,138.1,131.1,59.6,26.4,1920,1080,0.076,167.9,144.3
Round3,Q1,3363,1681.5,CRUSADER_CARAVANS,0.8578,248.8,326.2,65.2,29.8,1920,1080,0.094,281.4,341.1
Round3,Q1,3363,1681.5,CRUSADER_CARAVANS,0.8565,488.4,128.9,56.1,25.2,1920,1080,0.068,516.5,141.4
Round3,Q1,3363,1681.5,CRUSADER_CARAVANS,0.8514,1458.8,110.5,55.5,23.7,1920,1080,0.063,1486.6,122.4
Round3,Q1,3363,1681.5,CRUSADER_CARAVANS,0.8505,1137.3,117.7,55.3,24.8,1920,1080,0.066,1164.9,130.1
Round3,Q1,3363,1681.5,CRUSADER_CARAVANS,0.8466,996.1,302.6,62.3,28.2,1920,1080,0.085,1027.2,316.7
Round3,Q1,3363,1681.5,CRUSADER_CARAVANS,0.832,623.9,313.3,64.1,28.9,1920,1080,0.089,655.9,327.7
Round3,Q1,3363,1681.5,CRUSADER_CARAVANS,0.8312,1196.5,113.5,254.9,27.1,1920,1080,0.333,1324.0,127.0
Round3,Q1,3363,1681.5,CRUSADER_CARAVANS,0.8306,205.0,128.6,270.9,28.6,1920,1080,0.374,340.5,142.9
Round3,Q1,3363,1681.5,CRUSADER_CARAVANS,0.8272,550.9,125.7,258.3,27.2,1920,1080,0.339,680.1,139.3
Round3,Q1,3363,1681.5,CRUSADER_CARAVANS,0.8213,1737.6,289.9,66.6,29.0,1920,1080,0.093,1770.9,304.4
Round3,Q1,3363,1681.5,CRUSADER_CARAVANS,0.8186,874.3,120.1,250.6,26.6,1920,1080,0.321,999.6,133.4
Round3,Q1,3363,1681.5,CRUSADER_CARAVANS,0.8128,0.1,130.8,126.7,28.6,1920,1080,0.175,63.5,145.1
Round3,Q1,3363,1681.5,CRUSADER_CARAVANS,0.8078,1518.8,103.1,266.9,27.9,1920,1080,0.359,1652.3,117.0
Round3,Q1,3363,1681.5,CRUSADER_CARAVANS,0.8064,1430.8,292.9,293.6,30.8,1920,1080,0.436,1577.6,308.3
Round3,Q1,3363,1681.5,CRUSADER_CARAVANS,0.7911,0.0,331.7,238.7,38.8,1920,1080,0.447,119.3,351.1
Round3,Q1,3363,1681.5,CRUSADER_CARAVANS,0.7401,1063.6,297.9,286.9,30.7,1920,1080,0.425,1207.1,313.3
Round3,Q1,3363,1681.5,CRUSADER_CARAVANS,0.7353,1810.9,284.7,109.0,32.1,1920,1080,0.169,1865.4,300.8
Round3,Q1,3363,1681.5,CRUSADER_CARAVANS,0.7318,698.1,305.6,287.3,31.7,1920,1080,0.44,841.7,321.5
Round3,Q1,3363,1681.5,CRUSADER_CARAVANS,0.7274,1863.9,93.9,55.9,27.6,1920,1080,0.074,1891.8,107.7
Round3,Q1,3363,1681.5,CRUSADER_CARAVANS,0.7112,322.0,317.9,293.9,34.1,1920,1080,0.484,469.0,335.0
Round3,Q1,3363,1681.5,CRUSADER_CARAVANS,0.5794,1361.7,296.4,61.5,27.9,1920,1080,0.083,1392.4,310.3
Round3,Q1,3364,1682.0,CRUSADER_CARAVANS,0.8663,1779.9,100.6,59.1,24.7,1920,1080,0.071,1809.5,113.0
Round3,Q1,3364,1682.0,CRUSADER_CARAVANS,0.8659,496.6,129.2,55.1,25.0,1920,1080,0.067,524.2,141.7
Round3,Q1,3364,1682.0,CRUSADER_CARAVANS,0.8604,1447.2,111.2,55.3,23.9,1920,1080,0.064,1474.9,123.2
Round3,Q1,3364,1682.0,CRUSADER_CARAVANS,0.8602,816.5,125.0,53.4,24.0,1920,1080,0.062,843.2,137.0
Round3,Q1,3364,1682.0,CRUSADER_CARAVANS,0.8459,154.0,131.9,58.8,25.8,1920,1080,0.073,183.4,144.8
Round3,Q1,3364,1682.0,CRUSADER_CARAVANS,0.8432,1133.0,118.5,53.8,24.5,1920,1080,0.064,1159.9,130.8
Round3,Q1,3364,1682.0,CRUSADER_CARAVANS,0.8429,261.7,322.9,62.1,29.1,1920,1080,0.087,292.8,337.5
Round3,Q1,3364,1682.0,CRUSADER_CARAVANS,0.8391,628.9,308.9,62.0,29.0,1920,1080,0.087,659.9,323.5
Round3,Q1,3364,1682.0,CRUSADER_CARAVANS,0.832,1191.2,114.2,249.6,26.3,1920,1080,0.317,1315.9,127.4
Round3,Q1,3364,1682.0,CRUSADER_CARAVANS,0.8267,1508.0,104.2,259.1,27.3,1920,1080,0.342,1637.5,117.9
Round3,Q1,3364,1682.0,CRUSADER_CARAVANS,0.8228,993.6,299.8,60.2,27.6,1920,1080,0.08,1023.7,313.6
Round3,Q1,3364,1682.0,CRUSADER_CARAVANS,0.8143,874.5,120.6,247.0,26.2,1920,1080,0.312,998.0,133.7
Round3,Q1,3364,1682.0,CRUSADER_CARAVANS,0.8112,1.0,131.7,144.0,28.2,1920,1080,0.196,73.1,145.8
Round3,Q1,3364,1682.0,CRUSADER_CARAVANS,0.8078,556.7,126.2,255.2,26.8,1920,1080,0.33,684.3,139.6
Round3,Q1,3364,1682.0,CRUSADER_CARAVANS,0.8062,218.4,129.2,268.9,28.6,1920,1080,0.371,352.9,143.4
Round3,Q1,3364,1682.0,CRUSADER_CARAVANS,0.7754,0.4,326.6,253.2,40.6,1920,1080,0.496,127.0,346.9
Round3,Q1,3364,1682.0,CRUSADER_CARAVANS,0.7748,1718.9,287.0,65.6,29.1,1920,1080,0.092,1751.7,301.6
Round3,Q1,3364,1682.0,CRUSADER_CARAVANS,0.7727,1844.4,95.5,75.6,26.4,1920,1080,0.096,1882.2,108.7
Round3,Q1,3364,1682.0,CRUSADER_CARAVANS,0.7536,1059.0,294.7,280.3,30.7,1920,1080,0.415,1199.1,310.0
Round3,Q1,3364,1682.0,CRUSADER_CARAVANS,0.7492,1419.2,288.8,293.3,31.4,1920,1080,0.445,1565.9,304.5
Round3,Q1,3364,1682.0,CRUSADER_CARAVANS,0.7258,332.5,314.7,286.4,34.0,1920,1080,0.469,475.7,331.7
Round3,Q1,3364,1682.0,CRUSADER_CARAVANS,0.7224,1789.2,282.5,130.1,30.3,1920,1080,0.19,1854.3,297.6
Round3,Q1,3364,1682.0,CRUSADER_CARAVANS,0.6854,1351.5,293.4,62.6,27.8,1920,1080,0.084,1382.8,307.3
Round3,Q1,3364,1682.0,CRUSADER_CARAVANS,0.6518,701.6,302.2,280.7,32.8,1920,1080,0.443,842.0,318.6
Round3,Q1,3365,1682.5,CRUSADER_CARAVANS,0.8698,504.7,135.6,54.7,24.7,1920,1080,0.065,532.1,148.0
Round3,Q1,3365,1682.5,CRUSADER_CARAVANS,0.8605,1131.1,125.3,52.9,23.9,1920,1080,0.061,1157.5,137.2
Round3,Q1,3365,1682.5,CRUSADER_CARAVANS,0.8598,169.8,138.6,56.8,24.9,1920,1080,0.068,198.2,151.1
Round3,Q1,3365,1682.5,CRUSADER_CARAVANS,0.8596,274.7,325.8,62.6,28.5,1920,1080,0.086,306.1,340.1
Round3,Q1,3365,1682.5,CRUSADER_CARAVANS,0.8589,1440.6,118.1,53.1,23.2,1920,1080,0.059,1467.1,129.7
Round3,Q1,3365,1682.5,CRUSADER_CARAVANS,0.8563,1766.7,107.4,57.3,24.1,1920,1080,0.067,1795.3,119.5
Round3,Q1,3365,1682.5,CRUSADER_CARAVANS,0.8502,819.8,131.2,52.9,23.8,1920,1080,0.061,846.2,143.1
Round3,Q1,3365,1682.5,CRUSADER_CARAVANS,0.8468,635.7,313.9,60.4,27.0,1920,1080,0.079,665.9,327.4
Round3,Q1,3365,1682.5,CRUSADER_CARAVANS,0.846,994.3,303.0,58.7,26.8,1920,1080,0.076,1023.6,316.4
Round3,Q1,3365,1682.5,CRUSADER_CARAVANS,0.8289,1706.5,291.1,64.9,27.5,1920,1080,0.086,1738.9,304.9
Round3,Q1,3365,1682.5,CRUSADER_CARAVANS,0.8273,232.2,136.4,260.6,26.8,1920,1080,0.337,362.5,149.8
Round3,Q1,3365,1682.5,CRUSADER_CARAVANS,0.8231,566.1,132.8,247.7,26.1,1920,1080,0.312,690.0,145.8
Round3,Q1,3365,1682.5,CRUSADER_CARAVANS,0.8209,878.8,126.6,242.5,26.6,1920,1080,0.312,1000.1,139.9
Round3,Q1,3365,1682.5,CRUSADER_CARAVANS,0.8154,1188.8,120.0,244.9,26.4,1920,1080,0.312,1311.3,133.2
Round3,Q1,3365,1682.5,CRUSADER_CARAVANS,0.8139,1498.6,111.8,256.2,26.7,1920,1080,0.33,1626.7,125.1
Round3,Q1,3365,1682.5,CRUSADER_CARAVANS,0.7972,0.0,138.7,160.2,28.6,1920,1080,0.221,80.1,153.0
Round3,Q1,3365,1682.5,CRUSADER_CARAVANS,0.7865,1419.5,293.4,278.2,29.6,1920,1080,0.397,1558.7,308.2
Round3,Q1,3365,1682.5,CRUSADER_CARAVANS,0.784,1058.5,297.2,276.5,30.8,1920,1080,0.41,1196.7,312.6
Round3,Q1,3365,1682.5,CRUSADER_CARAVANS,0.7807,1830.1,102.0,89.9,27.1,1920,1080,0.118,1875.0,115.5
Round3,Q1,3365,1682.5,CRUSADER_CARAVANS,0.7514,1780.9,285.4,139.1,32.0,1920,1080,0.215,1850.5,301.4
Round3,Q1,3365,1682.5,CRUSADER_CARAVANS,0.7349,712.0,305.9,272.5,31.0,1920,1080,0.407,848.2,321.4
Round3,Q1,3365,1682.5,CRUSADER_CARAVANS,0.7025,0.0,330.2,266.5,43.4,1920,1080,0.558,133.3,351.9
Round3,Q1,3365,1682.5,CRUSADER_CARAVANS,0.6364,1345.8,296.9,57.4,27.4,1920,1080,0.076,1374.5,310.6
Round3,Q1,3365,1682.5,CRUSADER_CARAVANS,0.6233,345.9,317.4,280.4,34.2,1920,1080,0.463,486.2,334.6
Round3,Q1,3366,1683.0,CRUSADER_CARAVANS,0.8772,1768.9,136.8,57.7,24.1,1920,1080,0.067,1797.7,148.9
Round3,Q1,3366,1683.0,CRUSADER_CARAVANS,0.8699,185.5,167.1,56.6,25.5,1920,1080,0.069,213.8,179.8
Round3,Q1,3366,1683.0,CRUSADER_CARAVANS,0.8649,517.2,164.6,54.5,23.7,1920,1080,0.062,544.4,176.5
Round3,Q1,3366,1683.0,CRUSADER_CARAVANS,0.8602,828.5,159.5,53.4,23.8,1920,1080,0.061,855.2,171.4
Round3,Q1,3366,1683.0,CRUSADER_CARAVANS,0.8527,287.8,352.9,61.3,28.7,1920,1080,0.085,318.4,367.3
Round3,Q1,3366,1683.0,CRUSADER_CARAVANS,0.8468,645.9,339.8,59.5,27.4,1920,1080,0.079,675.6,353.5
Round3,Q1,3366,1683.0,CRUSADER_CARAVANS,0.8465,1137.9,153.5,52.9,23.6,1920,1080,0.06,1164.3,165.3
Round3,Q1,3366,1683.0,CRUSADER_CARAVANS,0.8446,1444.8,146.8,53.2,22.8,1920,1080,0.058,1471.4,158.2
Round3,Q1,3366,1683.0,CRUSADER_CARAVANS,0.8408,1504.0,140.3,253.4,26.6,1920,1080,0.325,1630.7,153.7
Round3,Q1,3366,1683.0,CRUSADER_CARAVANS,0.8383,1001.3,329.9,58.7,27.1,1920,1080,0.077,1030.7,343.5
Round3,Q1,3366,1683.0,CRUSADER_CARAVANS,0.8382,248.0,164.9,257.8,27.6,1920,1080,0.343,376.9,178.7
Round3,Q1,3366,1683.0,CRUSADER_CARAVANS,0.8369,1195.0,149.0,242.9,26.1,1920,1080,0.306,1316.4,162.1
Round3,Q1,3366,1683.0,CRUSADER_CARAVANS,0.8362,1709.0,318.9,64.5,27.9,1920,1080,0.087,1741.2,332.8
Round3,Q1,3366,1683.0,CRUSADER_CARAVANS,0.8309,576.5,161.8,245.8,25.8,1920,1080,0.305,699.4,174.6
Round3,Q1,3366,1683.0,CRUSADER_CARAVANS,0.8271,886.9,155.3,239.1,26.2,1920,1080,0.302,1006.5,168.4
Round3,Q1,3366,1683.0,CRUSADER_CARAVANS,0.8148,0.0,167.8,174.7,27.9,1920,1080,0.235,87.4,181.8
Round3,Q1,3366,1683.0,CRUSADER_CARAVANS,0.7976,1419.5,320.5,279.3,29.9,1920,1080,0.402,1559.2,335.4
Round3,Q1,3366,1683.0,CRUSADER_CARAVANS,0.779,1351.2,324.3,52.8,26.2,1920,1080,0.067,1377.6,337.4
Round3,Q1,3366,1683.0,CRUSADER_CARAVANS,0.7617,1064.8,324.1,277.2,32.2,1920,1080,0.43,1203.4,340.2
Round3,Q1,3366,1683.0,CRUSADER_CARAVANS,0.755,1831.5,132.6,88.2,25.4,1920,1080,0.108,1875.6,145.3
Round3,Q1,3366,1683.0,CRUSADER_CARAVANS,0.7431,1781.1,314.1,138.9,30.2,1920,1080,0.203,1850.5,329.2
Round3,Q1,3366,1683.0,CRUSADER_CARAVANS,0.7101,356.6,344.6,281.1,33.7,1920,1080,0.456,497.2,361.4
Round3,Q1,3366,1683.0,CRUSADER_CARAVANS,0.6824,728.0,332.2,266.5,31.0,1920,1080,0.398,861.3,347.7
Round3,Q1,3366,1683.0,CRUSADER_CARAVANS,0.6479,3.1,358.3,277.6,40.0,1920,1080,0.535,141.9,378.3
Round3,Q1,3367,1683.5,CRUSADER_CARAVANS,0.8683,1770.5,162.1,58.9,23.9,1920,1080,0.068,1799.9,174.0
Round3,Q1,3367,1683.5,CRUSADER_CARAVANS,0.8602,811.5,183.8,53.7,24.0,1920,1080,0.062,838.3,195.7
Round3,Q1,3367,1683.5,CRUSADER_CARAVANS,0.8598,1439.9,171.4,54.3,23.2,1920,1080,0.061,1467.1,183.0
Round3,Q1,3367,1683.5,CRUSADER_CARAVANS,0.8593,151.3,191.9,59.0,25.2,1920,1080,0.072,180.8,204.5
Round3,Q1,3367,1683.5,CRUSADER_CARAVANS,0.857,492.7,188.7,55.6,24.4,1920,1080,0.065,520.5,200.9
Round3,Q1,3367,1683.5,CRUSADER_CARAVANS,0.8531,255.7,381.1,63.1,29.5,1920,1080,0.09,287.3,395.8
Round3,Q1,3367,1683.5,CRUSADER_CARAVANS,0.8531,623.9,367.9,61.5,27.8,1920,1080,0.082,654.6,381.8
Round3,Q1,3367,1683.5,CRUSADER_CARAVANS,0.8497,1127.2,178.2,52.9,23.9,1920,1080,0.061,1153.6,190.1
Round3,Q1,3367,1683.5,CRUSADER_CARAVANS,0.8348,216.2,189.2,264.0,27.8,1920,1080,0.354,348.3,203.1
Round3,Q1,3367,1683.5,CRUSADER_CARAVANS,0.8319,986.6,356.8,61.2,28.5,1920,1080,0.084,1017.2,371.0
Round3,Q1,3367,1683.5,CRUSADER_CARAVANS,0.8305,1500.2,164.9,256.9,27.4,1920,1080,0.339,1628.7,178.6
Round3,Q1,3367,1683.5,CRUSADER_CARAVANS,0.8261,553.7,185.7,250.6,26.2,1920,1080,0.317,679.0,198.8
Round3,Q1,3367,1683.5,CRUSADER_CARAVANS,0.8249,1709.3,346.4,65.2,28.7,1920,1080,0.09,1741.9,360.8
Round3,Q1,3367,1683.5,CRUSADER_CARAVANS,0.8212,0.2,192.5,141.2,27.7,1920,1080,0.189,70.8,206.3
Round3,Q1,3367,1683.5,CRUSADER_CARAVANS,0.8106,1186.2,173.3,247.3,26.7,1920,1080,0.319,1309.8,186.6
Round3,Q1,3367,1683.5,CRUSADER_CARAVANS,0.8046,869.1,179.5,246.0,26.7,1920,1080,0.317,992.1,192.8
Round3,Q1,3367,1683.5,CRUSADER_CARAVANS,0.7836,1416.7,349.0,285.4,29.5,1920,1080,0.406,1559.4,363.7
Round3,Q1,3367,1683.5,CRUSADER_CARAVANS,0.7551,1834.4,158.0,85.3,25.6,1920,1080,0.105,1877.0,170.8
Round3,Q1,3367,1683.5,CRUSADER_CARAVANS,0.7441,1343.8,351.3,58.2,27.1,1920,1080,0.076,1372.9,364.9
Round3,Q1,3367,1683.5,CRUSADER_CARAVANS,0.7101,0.0,386.8,252.3,41.5,1920,1080,0.504,126.2,407.6
Round3,Q1,3367,1683.5,CRUSADER_CARAVANS,0.6845,1782.9,342.8,137.1,29.9,1920,1080,0.198,1851.5,357.8
Round3,Q1,3367,1683.5,CRUSADER_CARAVANS,0.6801,703.7,360.3,276.9,32.2,1920,1080,0.431,842.1,376.4
Round3,Q1,3367,1683.5,CRUSADER_CARAVANS,0.5002,1052.9,351.8,281.4,32.3,1920,1080,0.439,1193.5,367.9
Round3,Q1,3367,1683.5,CRUSADER_CARAVANS,0.454,325.6,371.9,290.4,35.6,1920,1080,0.499,470.8,389.7
Round3,Q1,3368,1684.0,CRUSADER_CARAVANS,0.8723,1426.0,186.6,56.6,23.9,1920,1080,0.065,1454.3,198.5
Round3,Q1,3368,1684.0,CRUSADER_CARAVANS,0.8675,757.2,199.1,56.7,24.6,1920,1080,0.067,785.5,211.4
Round3,Q1,3368,1684.0,CRUSADER_CARAVANS,0.8658,1776.1,176.7,61.6,25.3,1920,1080,0.075,1806.9,189.3
Round3,Q1,3368,1684.0,CRUSADER_CARAVANS,0.8654,47.8,206.7,63.8,27.0,1920,1080,0.083,79.7,220.1
Round3,Q1,3368,1684.0,CRUSADER_CARAVANS,0.8583,416.0,203.9,59.5,25.4,1920,1080,0.073,445.7,216.6
Round3,Q1,3368,1684.0,CRUSADER_CARAVANS,0.8581,160.9,409.8,68.2,30.0,1920,1080,0.099,195.1,424.8
Round3,Q1,3368,1684.0,CRUSADER_CARAVANS,0.858,1092.5,193.4,56.9,24.1,1920,1080,0.066,1120.9,205.4
Round3,Q1,3368,1684.0,CRUSADER_CARAVANS,0.8474,945.0,383.5,63.1,29.4,1920,1080,0.09,976.6,398.2
Round3,Q1,3368,1684.0,CRUSADER_CARAVANS,0.8451,1712.1,372.5,66.2,29.7,1920,1080,0.095,1745.2,387.3
Round3,Q1,3368,1684.0,CRUSADER_CARAVANS,0.8396,1154.6,188.2,263.1,28.3,1920,1080,0.359,1286.1,202.4
Round3,Q1,3368,1684.0,CRUSADER_CARAVANS,0.8324,116.6,203.6,286.1,29.2,1920,1080,0.403,259.7,218.2
Round3,Q1,3368,1684.0,CRUSADER_CARAVANS,0.828,819.1,194.6,259.9,27.8,1920,1080,0.349,949.0,208.5
Round3,Q1,3368,1684.0,CRUSADER_CARAVANS,0.8263,1488.9,180.6,274.1,27.2,1920,1080,0.36,1625.9,194.2
Round3,Q1,3368,1684.0,CRUSADER_CARAVANS,0.8229,481.7,199.9,269.1,28.2,1920,1080,0.366,616.3,214.0
Round3,Q1,3368,1684.0,CRUSADER_CARAVANS,0.7749,1786.7,367.3,132.7,33.4,1920,1080,0.214,1853.1,384.0
Round3,Q1,3368,1684.0,CRUSADER_CARAVANS,0.7559,1842.9,172.1,76.8,27.5,1920,1080,0.102,1881.3,185.8
Round3,Q1,3368,1684.0,CRUSADER_CARAVANS,0.7382,1404.6,374.1,296.1,32.0,1920,1080,0.457,1552.6,390.1
Round3,Q1,3368,1684.0,CRUSADER_CARAVANS,0.7314,0.6,413.5,150.7,37.7,1920,1080,0.274,76.0,432.4
Round3,Q1,3368,1684.0,CRUSADER_CARAVANS,0.7102,236.6,398.7,308.8,36.4,1920,1080,0.542,391.0,416.9
Round3,Q1,3368,1684.0,CRUSADER_CARAVANS,0.6202,656.6,387.0,279.2,33.2,1920,1080,0.446,796.1,403.5
Round3,Q1,3368,1684.0,CRUSADER_CARAVANS,0.5728,0.1,205.5,39.7,29.3,1920,1080,0.056,19.9,220.1
Round3,Q1,3368,1684.0,CRUSADER_CARAVANS,0.4514,1013.8,378.6,298.5,31.4,1920,1080,0.452,1163.1,394.3
Round3,Q1,3369,1684.5,CRUSADER_CARAVANS,0.8751,702.6,194.1,61.2,26.9,1920,1080,0.08,733.2,207.6
Round3,Q1,3369,1684.5,CRUSADER_CARAVANS,0.8718,330.4,199.4,64.7,27.5,1920,1080,0.086,362.7,213.2
Round3,Q1,3369,1684.5,CRUSADER_CARAVANS,0.8696,1425.5,181.1,61.1,26.1,1920,1080,0.077,1456.1,194.2
Round3,Q1,3369,1684.5,CRUSADER_CARAVANS,0.864,1804.8,170.4,66.3,27.2,1920,1080,0.087,1837.9,184.0
Round3,Q1,3369,1684.5,CRUSADER_CARAVANS,0.8603,904.6,393.9,67.6,31.4,1920,1080,0.102,938.4,409.6
Round3,Q1,3369,1684.5,CRUSADER_CARAVANS,0.8597,1066.6,188.5,60.6,26.3,1920,1080,0.077,1096.8,201.6
Round3,Q1,3369,1684.5,CRUSADER_CARAVANS,0.846,1735.0,381.5,72.7,33.2,1920,1080,0.116,1771.4,398.1
Round3,Q1,3369,1684.5,CRUSADER_CARAVANS,0.8453,48.1,422.4,75.0,33.6,1920,1080,0.122,85.6,439.2
Round3,Q1,3369,1684.5,CRUSADER_CARAVANS,0.8444,402.7,196.2,292.0,29.1,1920,1080,0.41,548.7,210.8
Round3,Q1,3369,1684.5,CRUSADER_CARAVANS,0.8364,483.6,406.8,70.3,31.0,1920,1080,0.105,518.7,422.3
Round3,Q1,3369,1684.5,CRUSADER_CARAVANS,0.8291,1132.7,183.2,283.0,29.9,1920,1080,0.408,1274.2,198.1
Round3,Q1,3369,1684.5,CRUSADER_CARAVANS,0.8269,1493.2,174.4,296.7,29.9,1920,1080,0.428,1641.5,189.4
Round3,Q1,3369,1684.5,CRUSADER_CARAVANS,0.8118,1.2,198.7,314.2,31.7,1920,1080,0.48,158.3,214.6
Round3,Q1,3369,1684.5,CRUSADER_CARAVANS,0.8039,769.9,190.0,281.8,29.1,1920,1080,0.396,910.8,204.5
Round3,Q1,3369,1684.5,CRUSADER_CARAVANS,0.7538,130.9,411.5,344.8,40.1,1920,1080,0.666,303.3,431.6
Round3,Q1,3369,1684.5,CRUSADER_CARAVANS,0.71,1391.8,383.1,335.0,35.7,1920,1080,0.578,1559.3,401.0
Round3,Q1,3369,1684.5,CRUSADER_CARAVANS,0.6779,1816.8,376.2,103.2,36.1,1920,1080,0.18,1868.4,394.3
Round3,Q1,3369,1684.5,CRUSADER_CARAVANS,0.6373,1877.6,167.0,42.2,28.9,1920,1080,0.059,1898.8,181.4
Round3,Q1,3369,1684.5,CRUSADER_CARAVANS,0.587,983.2,388.8,321.4,35.2,1920,1080,0.545,1143.9,406.4
Round3,Q1,3369,1684.5,CRUSADER_CARAVANS,0.5864,1316.5,389.7,69.3,28.8,1920,1080,0.096,1351.2,404.1
Round3,Q1,3369,1684.5,CRUSADER_CARAVANS,0.565,0.1,423.7,40.9,37.6,1920,1080,0.074,20.6,442.5
Round3,Q1,3370,1685.0,CRUSADER_CARAVANS,0.873,1480.6,158.9,67.0,28.9,1920,1080,0.093,1514.1,173.4
Round3,Q1,3370,1685.0,CRUSADER_CARAVANS,0.8696,687.8,173.9,66.4,29.6,1920,1080,0.095,721.0,188.7
Round3,Q1,3370,1685.0,CRUSADER_CARAVANS,0.8686,280.3,178.8,70.6,31.0,1920,1080,0.106,315.6,194.4
Round3,Q1,3370,1685.0,CRUSADER_CARAVANS,0.865,1086.5,167.4,66.7,29.7,1920,1080,0.096,1119.8,182.2
Round3,Q1,3370,1685.0,CRUSADER_CARAVANS,0.849,0.0,178.7,258.9,33.3,1920,1080,0.416,129.5,195.3
Round3,Q1,3370,1685.0,CRUSADER_CARAVANS,0.847,449.5,406.5,75.1,34.2,1920,1080,0.124,487.1,423.6
Round3,Q1,3370,1685.0,CRUSADER_CARAVANS,0.8337,762.8,169.3,307.9,31.9,1920,1080,0.474,916.8,185.3
Round3,Q1,3370,1685.0,CRUSADER_CARAVANS,0.8336,359.3,175.5,321.4,33.1,1920,1080,0.512,520.0,192.0
Round3,Q1,3370,1685.0,CRUSADER_CARAVANS,0.8329,1159.6,160.9,312.3,33.3,1920,1080,0.502,1315.8,177.6
Round3,Q1,3370,1685.0,CRUSADER_CARAVANS,0.8244,1557.5,151.0,326.5,32.9,1920,1080,0.518,1720.8,167.5
Round3,Q1,3370,1685.0,CRUSADER_CARAVANS,0.7565,995.2,388.0,347.3,36.6,1920,1080,0.613,1168.8,406.3
Round3,Q1,3370,1685.0,CRUSADER_CARAVANS,0.6494,1450.6,383.5,391.7,34.2,1920,1080,0.646,1646.5,400.6
Round3,Q1,3370,1685.0,CRUSADER_CARAVANS,0.6047,1899.8,145.9,20.1,30.3,1920,1080,0.029,1909.8,161.1
Round3,Q1,3370,1685.0,CRUSADER_CARAVANS,0.4056,63.4,414.3,377.4,41.0,1920,1080,0.747,252.1,434.8
Round3,Q1,3371,1685.5,CRUSADER_CARAVANS,0.8787,707.4,155.7,69.2,31.2,1920,1080,0.104,742.0,171.3
Round3,Q1,3371,1685.5,CRUSADER_CARAVANS,0.8784,276.3,160.8,73.1,32.4,1920,1080,0.114,312.8,177.0
Round3,Q1,3371,1685.5,CRUSADER_CARAVANS,0.8728,1547.3,138.5,71.9,30.5,1920,1080,0.106,1583.3,153.7
Round3,Q1,3371,1685.5,CRUSADER_CARAVANS,0.8649,1128.4,148.6,69.4,31.5,1920,1080,0.105,1163.1,164.3
Round3,Q1,3371,1685.5,CRUSADER_CARAVANS,0.8517,359.3,157.2,336.4,35.0,1920,1080,0.567,527.5,174.7
Round3,Q1,3371,1685.5,CRUSADER_CARAVANS,0.8361,786.4,151.0,326.2,34.3,1920,1080,0.539,949.5,168.2
Round3,Q1,3371,1685.5,CRUSADER_CARAVANS,0.8351,452.4,402.0,80.9,35.5,1920,1080,0.138,492.8,419.8
Round3,Q1,3371,1685.5,CRUSADER_CARAVANS,0.8338,1627.8,131.0,292.2,33.7,1920,1080,0.475,1773.9,147.8
Round3,Q1,3371,1685.5,CRUSADER_CARAVANS,0.8325,1205.8,141.9,330.6,35.3,1920,1080,0.563,1371.1,159.5
Round3,Q1,3371,1685.5,CRUSADER_CARAVANS,0.7906,0.0,161.7,258.9,33.6,1920,1080,0.419,129.5,178.5
Round3,Q1,3371,1685.5,CRUSADER_CARAVANS,0.72,1510.7,375.8,394.2,38.0,1920,1080,0.723,1707.8,394.8
Round3,Q1,3371,1685.5,CRUSADER_CARAVANS,0.6613,941.6,391.1,78.0,31.4,1920,1080,0.118,980.6,406.7
Round3,Q1,3371,1685.5,CRUSADER_CARAVANS,0.5442,1071.0,383.8,330.9,37.7,1920,1080,0.601,1236.4,402.6
Round3,Q1,3371,1685.5,CRUSADER_CARAVANS,0.5438,0.0,423.9,32.7,32.3,1920,1080,0.051,16.3,440.1
Round3,Q1,3371,1685.5,CRUSADER_CARAVANS,0.3307,38.6,407.1,399.9,44.4,1920,1080,0.857,238.6,429.3
Round3,Q1,3371,1685.5,CRUSADER_CARAVANS,0.3041,1417.5,381.2,63.9,33.7,1920,1080,0.104,1449.5,398.0
Round3,Q1,3372,1686.0,CRUSADER_CARAVANS,0.8756,1537.4,125.9,74.4,31.8,1920,1080,0.114,1574.6,141.8
Round3,Q1,3372,1686.0,CRUSADER_CARAVANS,0.8664,660.2,143.4,73.5,32.3,1920,1080,0.114,697.0,159.5
Round3,Q1,3372,1686.0,CRUSADER_CARAVANS,0.8631,206.9,147.4,78.7,33.8,1920,1080,0.128,246.3,164.4
Round3,Q1,3372,1686.0,CRUSADER_CARAVANS,0.8513,1100.7,136.6,73.0,31.9,1920,1080,0.112,1137.2,152.5
Round3,Q1,3372,1686.0,CRUSADER_CARAVANS,0.8463,1182.1,129.3,345.5,35.7,1920,1080,0.594,1354.9,147.1
Round3,Q1,3372,1686.0,CRUSADER_CARAVANS,0.839,293.8,144.8,351.9,34.4,1920,1080,0.584,469.8,162.0
Round3,Q1,3372,1686.0,CRUSADER_CARAVANS,0.8354,393.1,400.6,83.4,37.4,1920,1080,0.15,434.8,419.3
Round3,Q1,3372,1686.0,CRUSADER_CARAVANS,0.8277,1619.7,117.6,298.9,36.3,1920,1080,0.523,1769.1,135.7
Round3,Q1,3372,1686.0,CRUSADER_CARAVANS,0.8191,742.4,138.9,340.3,33.8,1920,1080,0.555,912.5,155.8
Round3,Q1,3372,1686.0,CRUSADER_CARAVANS,0.8102,905.3,387.6,75.6,35.1,1920,1080,0.128,943.1,405.1
Round3,Q1,3372,1686.0,CRUSADER_CARAVANS,0.8074,1.0,147.4,185.6,36.0,1920,1080,0.322,93.8,165.4
Round3,Q1,3372,1686.0,CRUSADER_CARAVANS,0.7256,989.6,381.4,391.0,39.7,1920,1080,0.748,1185.2,401.3
Round3,Q1,3372,1686.0,CRUSADER_CARAVANS,0.7081,1399.8,379.4,83.5,35.2,1920,1080,0.142,1441.5,397.0
Round3,Q1,3372,1686.0,CRUSADER_CARAVANS,0.7075,1534.0,373.0,370.5,39.4,1920,1080,0.703,1719.2,392.7
Round3,Q1,3372,1686.0,CRUSADER_CARAVANS,0.6769,0.0,409.7,374.1,41.9,1920,1080,0.756,187.0,430.7
Round3,Q1,3373,1686.5,CRUSADER_CARAVANS,0.8746,586.8,139.1,75.2,33.1,1920,1080,0.12,624.4,155.7
Round3,Q1,3373,1686.5,CRUSADER_CARAVANS,0.8679,122.7,141.7,79.5,34.4,1920,1080,0.132,162.5,158.9
Round3,Q1,3373,1686.5,CRUSADER_CARAVANS,0.8631,1117.6,126.1,344.8,35.5,1920,1080,0.591,1290.0,143.9
Round3,Q1,3373,1686.5,CRUSADER_CARAVANS,0.8608,1474.8,122.5,74.8,31.9,1920,1080,0.115,1512.2,138.5
Round3,Q1,3373,1686.5,CRUSADER_CARAVANS,0.8604,1034.5,132.1,73.5,32.4,1920,1080,0.115,1071.3,148.3
Round3,Q1,3373,1686.5,CRUSADER_CARAVANS,0.8565,668.7,133.6,349.2,36.2,1920,1080,0.61,843.3,151.7
Round3,Q1,3373,1686.5,CRUSADER_CARAVANS,0.8347,211.9,140.0,364.2,35.7,1920,1080,0.628,394.0,157.9
Round3,Q1,3373,1686.5,CRUSADER_CARAVANS,0.8321,1337.8,378.0,82.4,36.3,1920,1080,0.144,1379.0,396.1
Round3,Q1,3373,1686.5,CRUSADER_CARAVANS,0.8246,1557.7,113.9,362.3,36.4,1920,1080,0.635,1738.8,132.0
Round3,Q1,3373,1686.5,CRUSADER_CARAVANS,0.8064,315.0,399.4,85.4,37.0,1920,1080,0.152,357.7,417.9
Round3,Q1,3373,1686.5,CRUSADER_CARAVANS,0.7771,1852.7,370.4,67.3,36.2,1920,1080,0.117,1886.4,388.5
Round3,Q1,3373,1686.5,CRUSADER_CARAVANS,0.7625,1.0,407.9,299.8,40.8,1920,1080,0.59,150.9,428.3
Round3,Q1,3373,1686.5,CRUSADER_CARAVANS,0.7583,0.0,141.6,101.5,38.0,1920,1080,0.186,50.8,160.6
Round3,Q1,3373,1686.5,CRUSADER_CARAVANS,0.7242,835.0,385.5,74.0,36.9,1920,1080,0.132,872.0,404.0
Round3,Q1,3373,1686.5,CRUSADER_CARAVANS,0.6875,923.9,380.7,398.1,38.1,1920,1080,0.731,1122.9,399.7
Round3,Q1,3373,1686.5,CRUSADER_CARAVANS,0.5846,1475.8,371.9,361.6,40.1,1920,1080,0.699,1656.6,391.9
Round3,Q1,3374,1687.0,CRUSADER_CARAVANS,0.8782,1395.1,128.7,72.9,32.1,1920,1080,0.113,1431.6,144.8
Round3,Q1,3374,1687.0,CRUSADER_CARAVANS,0.873,1851.5,115.5,68.5,32.3,1920,1080,0.107,1885.8,131.6
Round3,Q1,3374,1687.0,CRUSADER_CARAVANS,0.8692,960.7,137.8,73.9,31.8,1920,1080,0.113,997.6,153.7
Round3,Q1,3374,1687.0,CRUSADER_CARAVANS,0.8606,1041.2,131.3,343.2,35.9,1920,1080,0.594,1212.8,149.3
Round3,Q1,3374,1687.0,CRUSADER_CARAVANS,0.8586,517.9,143.4,74.5,32.6,1920,1080,0.117,555.2,159.8
Round3,Q1,3374,1687.0,CRUSADER_CARAVANS,0.8573,54.3,146.0,80.4,33.2,1920,1080,0.129,94.5,162.6
Round3,Q1,3374,1687.0,CRUSADER_CARAVANS,0.8425,1477.3,121.1,354.2,35.2,1920,1080,0.602,1654.4,138.7
Round3,Q1,3374,1687.0,CRUSADER_CARAVANS,0.8416,1764.9,372.9,88.2,37.3,1920,1080,0.158,1809.0,391.5
Round3,Q1,3374,1687.0,CRUSADER_CARAVANS,0.8409,143.5,144.0,359.9,34.3,1920,1080,0.595,323.5,161.1
Round3,Q1,3374,1687.0,CRUSADER_CARAVANS,0.8361,1260.1,380.9,81.4,35.0,1920,1080,0.138,1300.8,398.4
Round3,Q1,3374,1687.0,CRUSADER_CARAVANS,0.8291,602.2,139.3,341.4,34.6,1920,1080,0.57,772.8,156.6
Round3,Q1,3374,1687.0,CRUSADER_CARAVANS,0.7867,246.3,402.0,84.3,36.5,1920,1080,0.149,288.5,420.3
Round3,Q1,3374,1687.0,CRUSADER_CARAVANS,0.7259,851.5,383.4,392.1,36.8,1920,1080,0.696,1047.5,401.8
Round3,Q1,3374,1687.0,CRUSADER_CARAVANS,0.7076,763.4,388.8,76.9,35.4,1920,1080,0.131,801.9,406.5
Round3,Q1,3374,1687.0,CRUSADER_CARAVANS,0.5248,2.9,408.4,229.4,41.7,1920,1080,0.462,117.5,429.2
Round3,Q1,3374,1687.0,CRUSADER_CARAVANS,0.5112,0.0,143.6,32.6,37.1,1920,1080,0.058,16.3,162.2
Round3,Q1,3374,1687.0,CRUSADER_CARAVANS,0.4525,1367.7,374.1,385.3,39.1,1920,1080,0.726,1560.4,393.6
Round3,Q1,3374,1687.0,CRUSADER_CARAVANS,0.3056,1860.8,372.1,59.2,37.3,1920,1080,0.106,1890.4,390.7
Round3,Q1,3375,1687.5,CRUSADER_CARAVANS,0.8759,899.9,152.2,71.2,31.5,1920,1080,0.108,935.5,168.0
Round3,Q1,3375,1687.5,CRUSADER_CARAVANS,0.8681,1321.9,145.1,71.7,30.6,1920,1080,0.106,1357.7,160.4
Round3,Q1,3375,1687.5,CRUSADER_CARAVANS,0.8667,96.4,157.6,355.5,35.4,1920,1080,0.606,274.1,175.3
Round3,Q1,3375,1687.5,CRUSADER_CARAVANS,0.8659,7.7,159.8,79.1,33.7,1920,1080,0.129,47.3,176.7
Round3,Q1,3375,1687.5,CRUSADER_CARAVANS,0.8645,1762.7,133.5,75.4,30.5,1920,1080,0.111,1800.4,148.7
Round3,Q1,3375,1687.5,CRUSADER_CARAVANS,0.8615,464.5,157.7,73.0,31.7,1920,1080,0.112,501.0,173.6
Round3,Q1,3375,1687.5,CRUSADER_CARAVANS,0.8483,198.0,411.2,84.4,36.4,1920,1080,0.148,240.2,429.4
Round3,Q1,3375,1687.5,CRUSADER_CARAVANS,0.8457,980.5,147.2,330.8,34.4,1920,1080,0.548,1145.9,164.4
Round3,Q1,3375,1687.5,CRUSADER_CARAVANS,0.8438,1402.9,137.1,341.1,34.7,1920,1080,0.572,1573.4,154.5
Round3,Q1,3375,1687.5,CRUSADER_CARAVANS,0.8433,548.4,153.8,332.5,34.3,1920,1080,0.549,714.6,170.9
Round3,Q1,3375,1687.5,CRUSADER_CARAVANS,0.8293,1679.6,382.4,83.3,35.9,1920,1080,0.144,1721.2,400.4
Round3,Q1,3375,1687.5,CRUSADER_CARAVANS,0.8046,1191.0,389.9,78.6,34.6,1920,1080,0.131,1230.2,407.2
Round3,Q1,3375,1687.5,CRUSADER_CARAVANS,0.7755,793.5,393.0,376.2,35.6,1920,1080,0.645,981.6,410.8
Round3,Q1,3375,1687.5,CRUSADER_CARAVANS,0.7687,707.6,397.3,76.1,35.3,1920,1080,0.13,745.7,415.0
Round3,Q1,3375,1687.5,CRUSADER_CARAVANS,0.7016,1847.6,127.7,72.2,34.6,1920,1080,0.12,1883.7,144.9
Round3,Q1,3375,1687.5,CRUSADER_CARAVANS,0.6064,1292.1,384.0,381.6,40.7,1920,1080,0.749,1482.9,404.4
Round3,Q1,3375,1687.5,CRUSADER_CARAVANS,0.4966,1771.7,378.5,148.3,36.3,1920,1080,0.26,1845.9,396.7
Round3,Q1,3375,1687.5,CRUSADER_CARAVANS,0.3392,0.0,416.8,180.8,41.1,1920,1080,0.359,90.4,437.4
Round3,Q1,3376,1688.0,CRUSADER_CARAVANS,0.8815,422.3,175.6,71.4,31.2,1920,1080,0.108,458.0,191.2
Round3,Q1,3376,1688.0,CRUSADER_CARAVANS,0.8746,1260.2,163.6,70.2,30.1,1920,1080,0.102,1295.3,178.7
Round3,Q1,3376,1688.0,CRUSADER_CARAVANS,0.8738,1687.5,153.5,73.9,30.9,1920,1080,0.11,1724.5,169.0
Round3,Q1,3376,1688.0,CRUSADER_CARAVANS,0.8608,848.0,170.8,70.2,30.4,1920,1080,0.103,883.1,186.0
Round3,Q1,3376,1688.0,CRUSADER_CARAVANS,0.8585,160.0,424.0,82.7,36.0,1920,1080,0.144,201.4,442.0
Round3,Q1,3376,1688.0,CRUSADER_CARAVANS,0.8556,1338.3,157.0,332.5,34.1,1920,1080,0.547,1504.5,174.0
Round3,Q1,3376,1688.0,CRUSADER_CARAVANS,0.849,61.0,175.6,349.0,34.4,1920,1080,0.578,235.5,192.7
Round3,Q1,3376,1688.0,CRUSADER_CARAVANS,0.841,1608.7,395.6,80.1,35.0,1920,1080,0.135,1648.7,413.1
Round3,Q1,3376,1688.0,CRUSADER_CARAVANS,0.8355,503.7,172.9,328.0,32.6,1920,1080,0.515,667.7,189.2
Round3,Q1,3376,1688.0,CRUSADER_CARAVANS,0.8284,926.2,165.8,321.5,34.2,1920,1080,0.531,1087.0,183.0
Round3,Q1,3376,1688.0,CRUSADER_CARAVANS,0.8141,0.0,179.8,50.1,31.0,1920,1080,0.075,25.0,195.3
Round3,Q1,3376,1688.0,CRUSADER_CARAVANS,0.7902,1771.8,147.8,148.2,33.0,1920,1080,0.236,1845.9,164.3
Round3,Q1,3376,1688.0,CRUSADER_CARAVANS,0.7755,743.4,405.5,374.6,35.6,1920,1080,0.643,930.7,423.3
Round3,Q1,3376,1688.0,CRUSADER_CARAVANS,0.7377,1133.6,402.8,74.7,33.5,1920,1080,0.121,1170.9,419.6
Round3,Q1,3376,1688.0,CRUSADER_CARAVANS,0.5912,659.6,409.1,78.7,34.9,1920,1080,0.133,699.0,426.5
Round3,Q1,3376,1688.0,CRUSADER_CARAVANS,0.3984,0.0,428.4,148.6,39.4,1920,1080,0.282,74.3,448.2
Round3,Q1,3376,1688.0,CRUSADER_CARAVANS,0.307,250.6,414.9,398.9,40.9,1920,1080,0.787,450.1,435.4
Round3,Q1,3376,1688.0,CRUSADER_CARAVANS,0.305,1729.4,389.8,189.6,38.1,1920,1080,0.348,1824.2,408.9
Round3,Q1,3377,1688.5,CRUSADER_CARAVANS,0.872,402.4,198.6,70.0,30.0,1920,1080,0.101,437.4,213.6
Round3,Q1,3377,1688.5,CRUSADER_CARAVANS,0.8702,1640.4,177.5,70.5,29.9,1920,1080,0.101,1675.7,192.5
Round3,Q1,3377,1688.5,CRUSADER_CARAVANS,0.8679,1223.4,187.0,68.3,29.5,1920,1080,0.097,1257.6,201.8
Round3,Q1,3377,1688.5,CRUSADER_CARAVANS,0.8598,820.8,193.5,68.3,30.0,1920,1080,0.099,855.0,208.4
Round3,Q1,3377,1688.5,CRUSADER_CARAVANS,0.84,1299.1,180.5,324.2,32.7,1920,1080,0.511,1461.1,196.8
Round3,Q1,3377,1688.5,CRUSADER_CARAVANS,0.8351,1562.5,416.3,77.9,32.4,1920,1080,0.122,1601.5,432.5
Round3,Q1,3377,1688.5,CRUSADER_CARAVANS,0.8324,896.7,188.4,315.0,33.3,1920,1080,0.506,1054.2,205.1
Round3,Q1,3377,1688.5,CRUSADER_CARAVANS,0.8299,481.7,193.9,323.1,33.6,1920,1080,0.524,643.3,210.7
Round3,Q1,3377,1688.5,CRUSADER_CARAVANS,0.8242,1720.1,171.8,198.6,32.2,1920,1080,0.308,1819.4,187.8
Round3,Q1,3377,1688.5,CRUSADER_CARAVANS,0.8221,1099.1,421.5,74.8,32.6,1920,1080,0.118,1136.5,437.8
Round3,Q1,3377,1688.5,CRUSADER_CARAVANS,0.8199,144.2,442.8,79.1,34.2,1920,1080,0.13,183.8,459.9
Round3,Q1,3377,1688.5,CRUSADER_CARAVANS,0.8183,47.6,198.6,345.8,33.2,1920,1080,0.554,220.6,215.2
Round3,Q1,3377,1688.5,CRUSADER_CARAVANS,0.7735,0.0,202.1,36.0,30.7,1920,1080,0.053,18.0,217.4
Round3,Q1,3377,1688.5,CRUSADER_CARAVANS,0.7612,723.5,421.8,365.9,36.9,1920,1080,0.65,906.4,440.3
Round3,Q1,3377,1688.5,CRUSADER_CARAVANS,0.6971,634.1,427.5,77.2,33.8,1920,1080,0.126,672.7,444.3
Round3,Q1,3377,1688.5,CRUSADER_CARAVANS,0.6179,1647.6,410.4,272.4,37.9,1920,1080,0.498,1783.8,429.4
Round3,Q1,3378,1689.0,CRUSADER_CARAVANS,0.871,1533.9,210.5,70.9,28.2,1920,1080,0.096,1569.4,224.6
Round3,Q1,3378,1689.0,CRUSADER_CARAVANS,0.8709,328.7,227.4,70.4,30.7,1920,1080,0.104,363.9,242.7
Round3,Q1,3378,1689.0,CRUSADER_CARAVANS,0.8672,739.3,224.1,66.9,28.2,1920,1080,0.091,772.8,238.2
Round3,Q1,3378,1689.0,CRUSADER_CARAVANS,0.8614,1132.8,217.4,67.0,28.9,1920,1080,0.093,1166.3,231.8
Round3,Q1,3378,1689.0,CRUSADER_CARAVANS,0.8495,1010.3,444.9,75.5,32.2,1920,1080,0.117,1048.1,461.0
Round3,Q1,3378,1689.0,CRUSADER_CARAVANS,0.8495,1458.4,441.0,78.0,31.3,1920,1080,0.118,1497.4,456.7
Round3,Q1,3378,1689.0,CRUSADER_CARAVANS,0.8423,70.9,466.4,81.1,34.1,1920,1080,0.133,111.4,483.4
Round3,Q1,3378,1689.0,CRUSADER_CARAVANS,0.8375,814.8,219.3,308.0,31.5,1920,1080,0.468,968.8,235.0
Round3,Q1,3378,1689.0,CRUSADER_CARAVANS,0.8359,406.5,223.8,318.8,32.8,1920,1080,0.504,565.9,240.1
Round3,Q1,3378,1689.0,CRUSADER_CARAVANS,0.8258,1610.0,202.9,309.7,32.7,1920,1080,0.489,1764.8,219.3
Round3,Q1,3378,1689.0,CRUSADER_CARAVANS,0.8203,1207.1,212.1,312.8,32.1,1920,1080,0.484,1363.5,228.1
Round3,Q1,3378,1689.0,CRUSADER_CARAVANS,0.796,0.1,227.5,316.6,33.0,1920,1080,0.503,158.4,244.0
Round3,Q1,3378,1689.0,CRUSADER_CARAVANS,0.7576,1539.5,432.9,380.5,38.2,1920,1080,0.701,1729.8,452.1
Round3,Q1,3378,1689.0,CRUSADER_CARAVANS,0.7427,638.0,446.7,360.7,34.9,1920,1080,0.608,818.3,464.2
Round3,Q1,3378,1689.0,CRUSADER_CARAVANS,0.7028,554.5,452.4,75.5,31.4,1920,1080,0.114,592.2,468.1
Round3,Q1,3378,1689.0,CRUSADER_CARAVANS,0.4599,0.1,470.4,58.1,36.0,1920,1080,0.101,29.2,488.4
Round3,Q1,3378,1689.0,CRUSADER_CARAVANS,0.399,1110.6,441.1,340.1,34.9,1920,1080,0.572,1280.6,458.6
Round3,Q1,3379,1689.5,CRUSADER_CARAVANS,0.87,879.6,250.5,65.8,27.1,1920,1080,0.086,912.5,264.0
Round3,Q1,3379,1689.5,CRUSADER_CARAVANS,0.8695,1268.8,245.0,68.0,26.5,1920,1080,0.087,1302.8,258.2
Round3,Q1,3379,1689.5,CRUSADER_CARAVANS,0.8674,68.8,256.9,75.3,29.1,1920,1080,0.106,106.4,271.4
Round3,Q1,3379,1689.5,CRUSADER_CARAVANS,0.8674,488.0,254.4,70.2,27.9,1920,1080,0.095,523.1,268.4
Round3,Q1,3379,1689.5,CRUSADER_CARAVANS,0.8655,1663.2,238.0,69.4,26.7,1920,1080,0.089,1697.9,251.3
Round3,Q1,3379,1689.5,CRUSADER_CARAVANS,0.8474,1196.7,466.8,77.3,32.0,1920,1080,0.119,1235.4,482.8
Round3,Q1,3379,1689.5,CRUSADER_CARAVANS,0.8438,759.7,472.6,75.8,31.4,1920,1080,0.115,797.6,488.3
Round3,Q1,3379,1689.5,CRUSADER_CARAVANS,0.8398,1646.3,460.7,81.0,33.3,1920,1080,0.13,1686.8,477.4
Round3,Q1,3379,1689.5,CRUSADER_CARAVANS,0.8316,152.6,254.5,326.2,31.4,1920,1080,0.494,315.7,270.2
Round3,Q1,3379,1689.5,CRUSADER_CARAVANS,0.8296,1343.0,239.9,311.2,30.3,1920,1080,0.455,1498.6,255.0
Round3,Q1,3379,1689.5,CRUSADER_CARAVANS,0.8284,952.7,246.3,304.3,29.0,1920,1080,0.426,1104.8,260.8
Round3,Q1,3379,1689.5,CRUSADER_CARAVANS,0.8135,564.6,250.4,306.9,30.6,1920,1080,0.453,718.0,265.7
Round3,Q1,3379,1689.5,CRUSADER_CARAVANS,0.7968,1739.4,233.7,178.9,29.4,1920,1080,0.253,1828.8,248.4
Round3,Q1,3379,1689.5,CRUSADER_CARAVANS,0.7684,0.0,256.9,60.7,31.2,1920,1080,0.091,30.3,272.5
Round3,Q1,3379,1689.5,CRUSADER_CARAVANS,0.7478,385.0,475.6,368.3,32.7,1920,1080,0.582,569.2,492.0
Round3,Q1,3379,1689.5,CRUSADER_CARAVANS,0.7309,1274.4,462.4,367.0,32.8,1920,1080,0.58,1457.9,478.8
Round3,Q1,3379,1689.5,CRUSADER_CARAVANS,0.7169,1731.1,462.7,188.8,30.3,1920,1080,0.276,1825.5,477.9
Round3,Q1,3379,1689.5,CRUSADER_CARAVANS,0.6949,304.2,479.9,76.4,31.6,1920,1080,0.116,342.4,495.7
Round3,Q1,3382,1691.0,EMIRATES,0.8821,1731.4,934.9,51.4,22.3,1920,1080,0.055,1757.1,946.0
Round3,Q1,3383,1691.5,EMIRATES,0.8907,1729.3,935.6,36.9,19.0,1920,1080,0.034,1747.8,945.1
Round3,Q1,3383,1691.5,EMIRATES,0.856,1886.5,649.1,33.5,20.5,1920,1080,0.033,1903.2,659.4
Round3,Q1,3383,1691.5,EMIRATES,0.79,1316.4,316.5,39.1,12.1,1920,1080,0.023,1335.9,322.5
Round3,Q1,3384,1692.0,EMIRATES,0.8889,1633.8,936.2,51.2,18.4,1920,1080,0.045,1659.4,945.4
Round3,Q1,3384,1692.0,EMIRATES,0.8496,1194.5,405.5,40.7,13.2,1920,1080,0.026,1214.9,412.1
Round3,Q1,3384,1692.0,EMIRATES,0.7932,1603.4,672.1,40.9,16.8,1920,1080,0.033,1623.8,680.5
Round3,Q1,3385,1692.5,EMIRATES,0.8102,844.0,717.7,50.7,18.7,1920,1080,0.046,869.4,727.0
Round3,Q1,3386,1693.0,EMIRATES,0.8724,187.6,1038.7,75.9,20.1,1920,1080,0.073,225.5,1048.7
Round3,Q1,3386,1693.0,EMIRATES,0.7366,0.0,706.9,19.4,21.0,1920,1080,0.02,9.7,717.4
Round3,Q1,3392,1696.0,EMIRATES,0.8852,201.5,468.4,41.9,16.2,1920,1080,0.033,222.4,476.5
Round3,Q1,3393,1696.5,EMIRATES,0.8847,0.0,323.3,43.8,15.2,1920,1080,0.032,21.9,330.9
Round3,Q1,3393,1696.5,EMIRATES,0.8514,786.4,410.7,46.2,17.7,1920,1080,0.04,809.5,419.6
Round3,Q1,3393,1696.5,EMIRATES,0.8245,209.6,781.1,36.9,19.9,1920,1080,0.035,228.0,791.1
Round3,Q1,3405,1702.5,EMIRATES,0.4796,552.3,933.8,37.5,19.1,1920,1080,0.035,571.1,943.3
Round3,Q1,3416,1708.0,EMIRATES,0.8945,1256.6,304.0,55.1,25.8,1920,1080,0.069,1284.1,316.9
Round3,Q1,3423,1711.5,EMIRATES,0.6594,1518.9,116.4,53.2,19.1,1920,1080,0.049,1545.5,126.0
Round3,Q1,3423,1711.5,EMIRATES,0.5965,1106.3,413.5,37.9,28.0,1920,1080,0.051,1125.2,427.5
Round3,Q1,3424,1712.0,EMIRATES,0.8798,555.4,395.6,38.3,15.5,1920,1080,0.029,574.6,403.3
Round3,Q1,3424,1712.0,EMIRATES,0.8633,1105.4,351.1,42.6,17.6,1920,1080,0.036,1126.8,359.9
Round3,Q1,3424,1712.0,EMIRATES,0.4674,959.6,564.6,26.9,16.4,1920,1080,0.021,973.0,572.8
Round3,Q1,3424,1712.0,EMIRATES,0.3823,1753.3,624.3,22.2,20.1,1920,1080,0.022,1764.4,634.4
Round3,Q1,3426,1713.0,EMIRATES,0.8911,1193.7,539.5,48.0,23.7,1920,1080,0.055,1217.8,551.3
Round3,Q1,3426,1713.0,EMIRATES,0.8878,753.1,125.4,38.1,14.6,1920,1080,0.027,772.1,132.7
Round3,Q1,3426,1713.0,EMIRATES,0.8751,758.4,228.6,55.4,19.3,1920,1080,0.052,786.1,238.3
Round3,Q1,3426,1713.0,EMIRATES,0.3271,1096.2,101.7,44.2,15.4,1920,1080,0.033,1118.3,109.4
Round3,Q1,3427,1713.5,EMIRATES,0.8905,1128.6,272.4,57.4,20.0,1920,1080,0.055,1157.3,282.4
Round3,Q1,3427,1713.5,EMIRATES,0.8275,1083.7,179.3,41.8,15.2,1920,1080,0.031,1104.5,186.9
Round3,Q1,3428,1714.0,EMIRATES,0.832,1537.6,289.2,35.0,16.2,1920,1080,0.027,1555.0,297.3
Round3,Q1,3429,1714.5,EMIRATES,0.8295,1757.4,322.0,32.8,10.7,1920,1080,0.017,1773.9,327.3
Round3,Q1,3440,1720.0,EMIRATES,0.3652,284.6,450.2,56.3,17.4,1920,1080,0.047,312.7,458.8
Round3,Q1,3452,1726.0,EMIRATES,0.8836,688.7,437.9,30.6,21.4,1920,1080,0.032,704.0,448.6
Round3,Q1,3452,1726.0,EMIRATES,0.8792,525.8,1059.2,48.8,16.0,1920,1080,0.038,550.2,1067.2
Round3,Q1,3453,1726.5,EMIRATES,0.8882,964.9,378.1,37.3,16.9,1920,1080,0.03,983.6,386.5
Round3,Q1,3454,1727.0,EMIRATES,0.8831,1089.2,872.1,50.4,25.6,1920,1080,0.062,1114.4,884.9
Round3,Q1,3454,1727.0,EMIRATES,0.8539,758.5,464.1,42.4,15.4,1920,1080,0.031,779.7,471.8
Round3,Q1,3455,1727.5,EMIRATES,0.8749,1013.5,627.5,26.5,22.5,1920,1080,0.029,1026.8,638.7
Round3,Q1,3455,1727.5,EMIRATES,0.684,1644.7,286.9,53.0,16.6,1920,1080,0.042,1671.2,295.2
Round3,Q1,3456,1728.0,EMIRATES,0.7214,1117.5,495.2,17.5,13.7,1920,1080,0.012,1126.2,502.1
Round3,Q1,3457,1728.5,EMIRATES,0.8929,1222.0,457.1,32.5,10.6,1920,1080,0.017,1238.2,462.4
Round3,Q1,3458,1729.0,EMIRATES,0.8661,1204.9,472.8,37.6,19.7,1920,1080,0.036,1223.7,482.6
Round3,Q1,3458,1729.0,EMIRATES,0.7854,767.0,199.2,24.9,14.3,1920,1080,0.017,779.4,206.3
Round3,Q1,3459,1729.5,EMIRATES,0.8967,1495.9,596.2,44.9,15.9,1920,1080,0.034,1518.4,604.2
Round3,Q1,3460,1730.0,EMIRATES,0.882,1819.0,500.5,32.2,27.5,1920,1080,0.043,1835.1,514.3
Round3,Q1,3460,1730.0,EMIRATES,0.8398,1076.8,408.0,33.8,13.8,1920,1080,0.023,1093.7,414.9
Round3,Q1,3461,1730.5,EMIRATES,0.7259,1613.9,414.6,30.4,18.1,1920,1080,0.027,1629.1,423.7
Round3,Q1,3462,1731.0,EMIRATES,0.8786,1420.1,392.1,45.5,13.3,1920,1080,0.029,1442.9,398.8
Round3,Q1,3462,1731.0,EMIRATES,0.8008,736.6,522.6,37.2,35.0,1920,1080,0.063,755.2,540.1
Round3,Q1,3463,1731.5,EMIRATES,0.906,710.2,547.4,47.2,18.6,1920,1080,0.042,733.8,556.7
Round3,Q1,3463,1731.5,EMIRATES,0.905,1320.1,355.5,38.6,18.6,1920,1080,0.035,1339.4,364.8
Round3,Q1,3463,1731.5,EMIRATES,0.8828,287.1,967.9,44.0,25.7,1920,1080,0.054,309.0,980.8
Round3,Q1,3470,1735.0,EMIRATES,0.5026,1169.7,460.4,33.7,25.8,1920,1080,0.042,1186.6,473.3
Round3,Q1,3470,1735.0,EMIRATES,0.4139,1496.5,714.4,102.2,42.5,1920,1080,0.209,1547.6,735.6
Round3,Q1,3471,1735.5,EMIRATES,0.8933,1142.6,356.0,67.0,27.1,1920,1080,0.088,1176.1,369.6
Round3,Q1,3471,1735.5,EMIRATES,0.8733,13.1,614.7,94.9,30.5,1920,1080,0.14,60.5,630.0
Round3,Q1,3472,1736.0,EMIRATES,0.891,1210.6,302.5,48.9,24.6,1920,1080,0.058,1235.1,314.7
Round3,Q1,3473,1736.5,EMIRATES,0.7481,1299.2,302.5,27.2,26.0,1920,1080,0.034,1312.8,315.5
Round3,Q1,3474,1737.0,EMIRATES,0.7893,1306.6,347.9,31.1,24.7,1920,1080,0.037,1322.2,360.3
Round3,Q1,3475,1737.5,EMIRATES,0.9035,1300.1,329.1,47.1,20.9,1920,1080,0.047,1323.7,339.5
Round3,Q1,3476,1738.0,EMIRATES,0.8971,1245.4,301.2,47.0,20.0,1920,1080,0.045,1268.9,311.2
Round3,Q1,3476,1738.0,EMIRATES,0.8548,0.2,648.5,62.5,23.5,1920,1080,0.071,31.5,660.3
Round3,Q1,3494,1747.0,EMIRATES,0.888,1108.1,335.5,88.0,32.9,1920,1080,0.139,1152.1,352.0
Round3,Q1,3494,1747.0,EMIRATES,0.8753,4.1,147.6,165.8,50.0,1920,1080,0.4,87.0,172.6
Round3,Q1,3504,1752.0,EMIRATES,0.8876,773.8,335.7,38.2,14.9,1920,1080,0.027,792.9,343.1
Round3,Q1,3504,1752.0,EMIRATES,0.8581,1281.9,402.0,48.3,21.7,1920,1080,0.051,1306.0,412.9
Round3,Q1,3505,1752.5,EMIRATES,0.8919,1556.3,394.8,42.8,12.8,1920,1080,0.026,1577.8,401.2
Round3,Q1,3505,1752.5,EMIRATES,0.7138,744.3,345.3,27.0,13.7,1920,1080,0.018,757.8,352.2
Round3,Q1,3506,1753.0,EMIRATES,0.8552,0.0,632.2,57.9,16.5,1920,1080,0.046,29.0,640.5
Round3,Q1,3506,1753.0,EMIRATES,0.8449,929.4,298.8,42.1,13.9,1920,1080,0.028,950.4,305.8
Round3,Q1,3511,1755.5,EMIRATES,0.8977,1072.2,341.0,32.3,22.0,1920,1080,0.034,1088.4,352.0
Round3,Q1,3511,1755.5,EMIRATES,0.876,999.9,469.3,39.8,14.0,1920,1080,0.027,1019.8,476.3
Round3,Q1,3512,1756.0,EMIRATES,0.8725,835.6,735.8,45.3,17.6,1920,1080,0.038,858.3,744.5
Round3,Q1,3514,1757.0,EMIRATES,0.6863,914.5,399.0,21.5,11.1,1920,1080,0.012,925.2,404.6
Round3,Q1,3515,1757.5,EMIRATES,0.8777,1053.8,430.3,52.7,18.2,1920,1080,0.046,1080.2,439.4
Round3,Q1,3520,1760.0,EMIRATES,0.6485,327.0,189.1,19.4,11.2,1920,1080,0.01,336.7,194.7
Round3,Q1,3522,1761.0,EMIRATES,0.6834,1674.1,847.8,91.3,57.2,1920,1080,0.252,1719.8,876.4
Round3,Q1,3523,1761.5,EMIRATES,0.8879,1824.5,431.8,61.3,28.9,1920,1080,0.085,1855.1,446.3
Round3,Q1,3523,1761.5,EMIRATES,0.8658,1686.3,562.1,49.1,20.5,1920,1080,0.048,1710.9,572.4
Round3,Q1,3524,1762.0,EMIRATES,0.8921,1611.0,343.6,48.6,18.9,1920,1080,0.044,1635.3,353.0
Round3,Q1,3524,1762.0,EMIRATES,0.7845,1108.9,278.8,27.0,10.8,1920,1080,0.014,1122.4,284.2
Round3,Q1,3525,1762.5,EMIRATES,0.9013,1460.3,392.6,54.3,25.4,1920,1080,0.066,1487.4,405.3
Round3,Q1,3525,1762.5,EMIRATES,0.7758,733.2,626.3,77.3,54.1,1920,1080,0.202,771.8,653.4
Round3,Q1,3527,1763.5,EMIRATES,0.8839,1018.4,433.6,61.3,39.3,1920,1080,0.116,1049.1,453.3
Round3,Q1,3528,1764.0,EMIRATES,0.8813,910.5,529.9,81.6,47.1,1920,1080,0.185,951.3,553.4
Round3,Q1,3529,1764.5,EMIRATES,0.8763,943.7,664.3,99.0,65.6,1920,1080,0.313,993.2,697.1
Round3,Q1,3530,1765.0,EMIRATES,0.87,992.2,774.6,131.5,74.2,1920,1080,0.471,1058.0,811.7
Round3,Q1,3546,1773.0,EMIRATES,0.8707,1111.5,365.0,30.4,12.4,1920,1080,0.018,1126.7,371.2
Round3,Q1,3546,1773.0,EMIRATES,0.8593,1161.5,647.4,42.3,12.1,1920,1080,0.025,1182.7,653.5
Round3,Q1,3547,1773.5,EMIRATES,0.8855,1484.2,629.3,42.1,12.7,1920,1080,0.026,1505.2,635.6
Round3,Q1,3547,1773.5,EMIRATES,0.8636,354.7,315.7,28.0,15.8,1920,1080,0.021,368.7,323.6
Round3,Q1,3547,1773.5,EMIRATES,0.8052,1069.8,382.9,30.0,10.2,1920,1080,0.015,1084.8,388.0
Round3,Q1,3548,1774.0,EMIRATES,0.8864,641.5,319.6,36.4,12.9,1920,1080,0.023,659.7,326.1
Round3,Q1,3548,1774.0,EMIRATES,0.8272,1734.7,515.2,31.6,15.6,1920,1080,0.024,1750.5,523.1
Round3,Q1,3549,1774.5,EMIRATES,0.5666,606.7,259.9,29.7,17.9,1920,1080,0.026,621.5,268.8
Round3,Q1,3550,1775.0,EMIRATES,0.902,474.5,204.3,37.6,14.1,1920,1080,0.026,493.4,211.4
Round3,Q1,3551,1775.5,EMIRATES,0.8964,452.0,140.4,37.1,13.6,1920,1080,0.024,470.6,147.2
Round3,Q1,3551,1775.5,EMIRATES,0.8949,882.1,850.2,61.5,18.3,1920,1080,0.054,912.8,859.3
Round3,Q1,3551,1775.5,EMIRATES,0.8215,1099.0,207.3,33.6,14.3,1920,1080,0.023,1115.8,214.5
Round3,Q1,3552,1776.0,EMIRATES,0.8958,511.5,207.4,39.1,14.1,1920,1080,0.027,531.0,214.5
Round3,Q1,3552,1776.0,EMIRATES,0.8872,1141.2,697.1,55.5,17.0,1920,1080,0.045,1169.0,705.6
Round3,Q1,3552,1776.0,EMIRATES,0.8802,1253.7,268.8,39.4,16.8,1920,1080,0.032,1273.4,277.2
Round3,Q1,3552,1776.0,EMIRATES,0.4838,0.0,410.9,20.4,16.9,1920,1080,0.017,10.2,419.3
Round3,Q1,3553,1776.5,EMIRATES,0.8889,682.5,291.1,37.8,14.4,1920,1080,0.026,701.4,298.3
Round3,Q1,3553,1776.5,EMIRATES,0.8868,1203.2,591.1,48.1,16.7,1920,1080,0.039,1227.2,599.4
Round3,Q1,3553,1776.5,EMIRATES,0.4516,1602.1,296.3,43.0,15.2,1920,1080,0.031,1623.6,303.9
Round3,Q1,3554,1777.0,EMIRATES,0.8848,1085.4,646.8,36.0,22.0,1920,1080,0.038,1103.4,657.8
Round3,Q1,3554,1777.0,EMIRATES,0.8607,657.4,285.6,29.3,23.1,1920,1080,0.033,672.0,297.1
Round3,Q1,3555,1777.5,EMIRATES,0.8668,912.9,642.6,31.4,18.8,1920,1080,0.028,928.5,652.0
Round3,Q1,3555,1777.5,EMIRATES,0.8653,1148.4,337.7,42.4,12.9,1920,1080,0.026,1169.6,344.2
Round3,Q1,3555,1777.5,EMIRATES,0.7717,8.5,299.4,30.4,13.9,1920,1080,0.02,23.7,306.4
Round3,Q1,3555,1777.5,EMIRATES,0.505,776.9,371.9,34.0,12.2,1920,1080,0.02,793.9,377.9
Round3,Q1,3556,1778.0,EMIRATES,0.893,697.6,643.8,38.7,15.7,1920,1080,0.029,716.9,651.7
Round3,Q1,3556,1778.0,EMIRATES,0.8651,150.3,424.8,44.2,14.9,1920,1080,0.032,172.4,432.3
Round3,Q1,3557,1778.5,EMIRATES,0.8703,770.5,579.2,50.7,12.7,1920,1080,0.031,795.8,585.5
Round3,Q1,3558,1779.0,EMIRATES,0.8492,923.0,456.6,31.4,12.8,1920,1080,0.019,938.7,463.0
Round3,Q1,3559,1779.5,EMIRATES,0.8671,1518.8,523.0,54.3,14.4,1920,1080,0.038,1545.9,530.2
Round3,Q1,3559,1779.5,EMIRATES,0.8605,933.0,453.0,38.0,11.7,1920,1080,0.021,952.0,458.9
Round3,Q1,3559,1779.5,EMIRATES,0.8555,1412.3,103.9,27.6,13.0,1920,1080,0.017,1426.1,110.4
Round3,Q1,3559,1779.5,EMIRATES,0.4917,431.1,135.1,30.2,13.4,1920,1080,0.02,446.2,141.8
Round3,Q1,3560,1780.0,EMIRATES,0.5526,273.7,513.1,47.2,17.6,1920,1080,0.04,297.3,521.9
Round3,Q1,3561,1780.5,EMIRATES,0.5065,208.2,528.8,34.1,20.4,1920,1080,0.034,225.3,539.0
Round3,Q1,3562,1781.0,EMIRATES,0.47,190.7,478.7,25.6,12.4,1920,1080,0.015,203.5,484.9
Round3,Q1,3576,1788.0,EMIRATES,0.3238,1565.4,326.8,10.1,57.2,1920,1080,0.028,1570.4,355.4
Round3,Q1,3577,1788.5,EMIRATES,0.8965,494.5,748.8,45.3,15.3,1920,1080,0.033,517.1,756.5
Round3,Q1,3577,1788.5,EMIRATES,0.853,1150.0,362.5,34.7,12.7,1920,1080,0.021,1167.4,368.9
Round3,Q1,3578,1789.0,EMIRATES,0.9028,376.5,621.0,42.6,16.3,1920,1080,0.033,397.8,629.2
Round3,Q1,3578,1789.0,EMIRATES,0.846,958.5,411.7,27.7,11.5,1920,1080,0.015,972.4,417.5
Round3,Q1,3579,1789.5,EMIRATES,0.8993,397.2,509.2,42.7,13.9,1920,1080,0.029,418.5,516.2
Round3,Q1,3580,1790.0,EMIRATES,0.8884,316.8,361.7,42.9,15.4,1920,1080,0.032,338.2,369.4
Round3,Q1,3580,1790.0,EMIRATES,0.8857,153.4,110.0,41.9,14.3,1920,1080,0.029,174.4,117.1
Round3,Q1,3581,1790.5,EMIRATES,0.9024,260.5,237.9,46.7,15.7,1920,1080,0.035,283.8,245.7
Round3,Q1,3584,1792.0,EMIRATES,0.3424,1382.5,357.2,9.3,51.0,1920,1080,0.023,1387.1,382.7
Round3,Q1,3585,1792.5,EMIRATES,0.3423,1475.3,361.6,9.1,59.6,1920,1080,0.026,1479.9,391.4
Round3,Q1,3587,1793.5,EMIRATES,0.3225,1312.2,358.5,9.3,50.9,1920,1080,0.023,1316.8,384.0
Round3,Q1,3587,1793.5,EMIRATES,0.3181,1417.5,364.7,9.6,60.4,1920,1080,0.028,1422.3,394.9
Round3,Q1,3588,1794.0,EMIRATES,0.4153,1380.5,368.6,9.8,64.2,1920,1080,0.03,1385.4,400.7
Round3,Q1,3589,1794.5,EMIRATES,0.4778,1335.1,379.4,10.0,66.7,1920,1080,0.032,1340.1,412.7
Round3,Q1,3589,1794.5,EMIRATES,0.3564,1228.6,369.0,8.8,61.6,1920,1080,0.026,1233.0,399.8
Round3,Q1,3590,1795.0,EMIRATES,0.3729,1159.2,412.6,10.8,65.6,1920,1080,0.034,1164.6,445.4
Round3,Q1,3591,1795.5,EMIRATES,0.5102,1096.0,457.7,10.4,49.6,1920,1080,0.025,1101.2,482.6
Round3,Q1,3591,1795.5,EMIRATES,0.3372,1221.2,448.4,10.8,76.4,1920,1080,0.04,1226.6,486.6
Round3,Q1,3592,1796.0,EMIRATES,0.8973,990.1,513.9,46.8,14.2,1920,1080,0.032,1013.5,520.9
Round3,Q1,3592,1796.0,EMIRATES,0.8312,779.4,4.3,50.5,291.6,1920,1080,0.71,804.7,150.1
Round3,Q1,3593,1796.5,EMIRATES,0.8962,1039.8,451.8,44.2,14.9,1920,1080,0.032,1061.9,459.3
Round3,Q1,3593,1796.5,EMIRATES,0.8305,918.9,10.9,51.5,311.5,1920,1080,0.774,944.6,166.6
Round3,Q1,3594,1797.0,EMIRATES,0.8216,24.1,92.2,61.4,337.0,1920,1080,0.998,54.8,260.7
Round3,Q1,3594,1797.0,EMIRATES,0.6851,1104.8,4.0,57.6,196.0,1920,1080,0.545,1133.6,102.0
Round3,Q1,3594,1797.0,EMIRATES,0.6515,1109.5,211.9,52.0,349.3,1920,1080,0.876,1135.5,386.5
Round3,Q1,3594,1797.0,EMIRATES,0.5939,25.2,1.5,51.1,74.0,1920,1080,0.182,50.8,38.5
Round3,Q1,3595,1797.5,EMIRATES,0.8639,1220.3,569.1,40.1,25.4,1920,1080,0.049,1240.3,581.8
Round3,Q1,3595,1797.5,EMIRATES,0.8421,918.7,538.1,39.4,16.8,1920,1080,0.032,938.4,546.5
Round3,Q1,3595,1797.5,EMIRATES,0.8096,81.5,57.8,56.4,345.1,1920,1080,0.938,109.7,230.4
Round3,Q1,3595,1797.5,EMIRATES,0.7929,1207.3,186.8,52.8,300.6,1920,1080,0.765,1233.7,337.2
Round3,Q1,3595,1797.5,EMIRATES,0.6769,1209.3,1.6,50.8,166.1,1920,1080,0.407,1234.7,84.6
Round3,Q1,3595,1797.5,EMIRATES,0.5202,84.6,1.7,44.9,35.8,1920,1080,0.078,107.1,19.6
Round3,Q1,3596,1798.0,EMIRATES,0.7669,289.7,3.6,71.5,219.5,1920,1080,0.757,325.5,113.3
Round3,Q1,3596,1798.0,EMIRATES,0.7375,832.8,429.5,49.5,14.5,1920,1080,0.035,857.5,436.8
Round3,Q1,3596,1798.0,EMIRATES,0.6763,1469.6,12.5,60.5,219.3,1920,1080,0.64,1499.8,122.2
Round3,Q1,3597,1798.5,EMIRATES,0.8768,37.4,673.9,67.1,18.3,1920,1080,0.059,71.0,683.0
Round3,Q1,3597,1798.5,EMIRATES,0.8613,613.0,5.8,72.6,326.3,1920,1080,1.142,649.3,168.9
Round3,Q1,3597,1798.5,EMIRATES,0.8081,1068.4,448.8,57.9,14.3,1920,1080,0.04,1097.4,456.0
Round3,Q1,3597,1798.5,EMIRATES,0.8007,1887.5,388.0,32.5,20.4,1920,1080,0.032,1903.7,398.3
Round3,Q1,3597,1798.5,EMIRATES,0.5484,1830.5,91.2,66.6,336.9,1920,1080,1.081,1863.8,259.7
Round3,Q1,3598,1799.0,EMIRATES,0.8969,1293.9,525.3,49.6,15.4,1920,1080,0.037,1318.7,533.1
Round3,Q1,3598,1799.0,EMIRATES,0.89,570.2,751.8,57.9,17.1,1920,1080,0.048,599.2,760.3
Round3,Q1,3598,1799.0,EMIRATES,0.8821,235.4,519.2,56.2,17.7,1920,1080,0.048,263.5,528.1
Round3,Q1,3598,1799.0,EMIRATES,0.8736,1684.3,477.2,44.9,12.8,1920,1080,0.028,1706.7,483.6
Round3,Q1,3598,1799.0,EMIRATES,0.7764,0.7,42.0,65.3,326.7,1920,1080,1.028,33.4,205.4
Round3,Q1,3598,1799.0,EMIRATES,0.7474,1013.2,161.0,64.2,338.3,1920,1080,1.047,1045.3,330.1
Round3,Q1,3598,1799.0,EMIRATES,0.7193,1016.2,4.0,62.2,141.5,1920,1080,0.424,1047.3,74.7
Round3,Q1,3599,1799.5,EMIRATES,0.8997,1456.7,610.6,47.2,18.4,1920,1080,0.042,1480.3,619.8
Round3,Q1,3599,1799.5,EMIRATES,0.8884,1784.8,536.8,47.9,14.8,1920,1080,0.034,1808.8,544.2
Round3,Q1,3599,1799.5,EMIRATES,0.8802,775.1,807.4,52.4,18.7,1920,1080,0.047,801.3,816.7
Round3,Q1,3599,1799.5,EMIRATES,0.8801,476.5,570.4,50.7,15.3,1920,1080,0.038,501.8,578.1
Round3,Q1,3599,1799.5,EMIRATES,0.8324,1263.2,264.4,64.1,333.0,1920,1080,1.029,1295.2,430.9
Round3,Q1,3599,1799.5,EMIRATES,0.8253,268.8,154.7,59.8,315.0,1920,1080,0.908,298.7,312.2
Round3,Q1,3599,1799.5,EMIRATES,0.6965,1263.8,3.0,59.7,235.0,1920,1080,0.677,1293.7,120.5
Round3,Q1,3599,1799.5,EMIRATES,0.6534,266.9,2.1,55.1,131.9,1920,1080,0.351,294.5,68.1
Round3,Q1,3600,1800.0,EMIRATES,0.9053,604.8,703.6,49.1,17.2,1920,1080,0.041,629.3,712.2
Round3,Q1,3600,1800.0,EMIRATES,0.8771,1582.8,805.0,50.5,18.4,1920,1080,0.045,1608.0,814.2
Round3,Q1,3600,1800.0,EMIRATES,0.8561,1897.5,740.1,22.4,20.7,1920,1080,0.022,1908.7,750.4
Round3,Q1,3600,1800.0,EMIRATES,0.831,394.1,325.2,58.7,343.1,1920,1080,0.972,423.4,496.8
Round3,Q1,3600,1800.0,EMIRATES,0.8123,1469.2,451.7,63.2,357.7,1920,1080,1.09,1500.8,630.5
Round3,Q1,3600,1800.0,EMIRATES,0.7107,1471.0,126.3,62.0,312.1,1920,1080,0.933,1502.0,282.3
Round3,Q1,3600,1800.0,EMIRATES,0.6576,389.2,12.1,56.6,294.1,1920,1080,0.803,417.6,159.2
Round3,Q1,3601,1800.5,EMIRATES,0.9079,1879.6,858.6,36.9,22.0,1920,1080,0.039,1898.0,869.6
Round3,Q1,3601,1800.5,EMIRATES,0.9014,564.7,791.6,51.5,22.7,1920,1080,0.056,590.4,802.9
Round3,Q1,3601,1800.5,EMIRATES,0.8896,1582.2,922.9,46.9,22.1,1920,1080,0.05,1605.7,933.9
Round3,Q1,3601,1800.5,EMIRATES,0.8409,348.4,403.3,68.2,385.9,1920,1080,1.269,382.5,596.3
Round3,Q1,3601,1800.5,EMIRATES,0.7899,1552.6,543.0,65.4,325.3,1920,1080,1.026,1585.3,705.6
Round3,Q1,3601,1800.5,EMIRATES,0.7298,345.9,47.2,61.3,340.8,1920,1080,1.008,376.5,217.6
Round3,Q1,3601,1800.5,EMIRATES,0.6319,1555.0,176.3,58.3,352.3,1920,1080,0.99,1584.2,352.4
Round3,Q1,3602,1801.0,EMIRATES,0.8967,1526.0,971.5,40.0,20.3,1920,1080,0.039,1546.0,981.6
Round3,Q1,3602,1801.0,EMIRATES,0.8962,560.0,825.8,40.3,30.5,1920,1080,0.059,580.2,841.1
Round3,Q1,3602,1801.0,EMIRATES,0.871,1825.1,900.4,29.2,21.2,1920,1080,0.03,1839.7,911.0
Round3,Q1,3602,1801.0,EMIRATES,0.8194,275.3,396.0,73.1,433.6,1920,1080,1.528,311.8,612.8
Round3,Q1,3602,1801.0,EMIRATES,0.8065,1646.6,564.2,74.0,436.4,1920,1080,1.557,1683.6,782.4
Round3,Q1,3602,1801.0,EMIRATES,0.7137,1645.5,140.2,71.3,268.4,1920,1080,0.923,1681.1,274.4
Round3,Q1,3602,1801.0,EMIRATES,0.6793,276.3,9.4,60.8,368.6,1920,1080,1.082,306.7,193.8
Round3,Q1,3603,1801.5,EMIRATES,0.9059,1581.1,1016.0,64.3,23.7,1920,1080,0.073,1613.3,1027.9
Round3,Q1,3603,1801.5,EMIRATES,0.7581,316.0,383.5,82.3,485.6,1920,1080,1.928,357.1,626.3
Round3,Q1,3603,1801.5,EMIRATES,0.6772,312.8,0.0,69.9,357.1,1920,1080,1.204,347.8,178.6
Round3,Q1,3603,1801.5,EMIRATES,0.6721,1856.7,79.4,63.3,304.5,1920,1080,0.929,1888.3,231.6
Round3,Q1,3603,1801.5,EMIRATES,0.5851,1859.8,562.0,60.2,428.4,1920,1080,1.243,1889.9,776.2
Round3,Q1,3603,1801.5,EMIRATES,0.3509,783.6,892.5,26.2,22.8,1920,1080,0.029,796.7,903.9
Round3,Q1,3604,1802.0,EMIRATES,0.396,1483.2,995.4,43.6,51.7,1920,1080,0.109,1505.0,1021.3
Round3,Q1,3610,1805.0,EMIRATES,0.4345,51.7,365.0,208.9,705.3,1920,1080,7.105,156.1,717.6
Round3,Q1,3611,1805.5,EMIRATES,0.503,0.7,11.7,135.4,371.2,1920,1080,2.423,68.4,197.3
Round3,Q1,3611,1805.5,EMIRATES,0.3426,0.5,532.1,141.7,546.4,1920,1080,3.733,71.3,805.3
Round3,Q1,3612,1806.0,EMIRATES,0.499,154.6,338.3,83.3,51.2,1920,1080,0.206,196.2,363.9
Round3,Q1,3612,1806.0,EMIRATES,0.4229,0.4,535.1,140.0,544.9,1920,1080,3.679,70.4,807.6
Round3,Q1,3612,1806.0,EMIRATES,0.3677,0.0,0.7,136.0,312.1,1920,1080,2.047,68.0,156.7
Round3,Q1,3613,1806.5,EMIRATES,0.4089,0.0,0.4,147.0,336.2,1920,1080,2.383,73.5,168.5
Round3,Q1,3613,1806.5,EMIRATES,0.4084,0.0,411.2,150.9,668.8,1920,1080,4.868,75.5,745.6
Round3,Q1,3614,1807.0,EMIRATES,0.4889,0.0,8.7,134.7,345.6,1920,1080,2.246,67.4,181.5
Round3,Q1,3614,1807.0,EMIRATES,0.4214,0.0,539.0,138.8,534.0,1920,1080,3.576,69.4,806.0
Round3,Q1,3615,1807.5,EMIRATES,0.4923,1422.6,296.1,90.3,75.1,1920,1080,0.327,1467.7,333.7
Round3,Q1,3616,1808.0,EMIRATES,0.438,226.1,617.1,48.2,35.0,1920,1080,0.081,250.3,634.6
Round3,Q1,3617,1808.5,EMIRATES,0.5908,294.5,651.3,62.8,35.0,1920,1080,0.106,325.9,668.8
Round3,Q1,3617,1808.5,EMIRATES,0.4577,54.1,655.6,137.3,117.8,1920,1080,0.781,122.8,714.5
Round3,Q1,3618,1809.0,EMIRATES,0.5325,274.0,644.1,70.6,39.7,1920,1080,0.135,309.2,664.0
Round3,Q1,3619,1809.5,EMIRATES,0.4424,195.2,635.5,66.9,33.7,1920,1080,0.109,228.6,652.4
Round3,Q1,3620,1810.0,EMIRATES,0.4559,1460.0,335.9,81.6,48.7,1920,1080,0.192,1500.8,360.2
Round3,Q1,3621,1810.5,EMIRATES,0.4624,1331.6,316.0,83.2,45.3,1920,1080,0.182,1373.2,338.7
Round3,Q1,3621,1810.5,EMIRATES,0.3443,0.1,586.5,48.3,77.6,1920,1080,0.181,24.2,625.3
Round3,Q1,3622,1811.0,EMIRATES,0.5464,1126.4,321.7,80.1,46.4,1920,1080,0.179,1166.4,344.9
Round3,Q1,3624,1812.0,EMIRATES,0.8862,1653.4,384.8,177.7,54.8,1920,1080,0.47,1742.3,412.2
Round3,Q1,3625,1812.5,EMIRATES,0.8941,1111.3,428.1,171.4,53.1,1920,1080,0.439,1197.0,454.7
Round3,Q1,3626,1813.0,EMIRATES,0.907,688.7,391.2,168.2,55.7,1920,1080,0.451,772.8,419.0
Round3,Q1,3626,1813.0,EMIRATES,0.3851,1518.7,1037.1,57.3,42.9,1920,1080,0.119,1547.4,1058.5
Round3,Q1,3627,1813.5,EMIRATES,0.9103,321.0,430.2,163.2,54.9,1920,1080,0.432,402.6,457.6
Round3,Q1,3630,1815.0,EMIRATES,0.8663,1340.8,672.5,187.5,62.0,1920,1080,0.56,1434.6,703.5
Round3,Q1,3638,1819.0,EMIRATES,0.8749,1294.8,486.6,148.6,63.4,1920,1080,0.454,1369.1,518.2
Round3,Q1,3639,1819.5,EMIRATES,0.852,775.3,461.1,198.0,62.4,1920,1080,0.596,874.2,492.3
Round3,Q1,3640,1820.0,EMIRATES,0.8704,332.4,381.3,183.3,70.4,1920,1080,0.622,424.1,416.5
Round3,Q1,3640,1820.0,EMIRATES,0.5662,1618.3,254.9,92.6,73.1,1920,1080,0.327,1664.6,291.5
Round3,Q1,3641,1820.5,EMIRATES,0.8006,1064.8,50.2,176.9,77.9,1920,1080,0.664,1153.2,89.1
Round3,Q1,3642,1821.0,EMIRATES,0.7114,237.3,5.4,186.7,100.3,1920,1080,0.903,330.7,55.6
Round3,Q1,3662,1831.0,EMIRATES,0.8347,927.0,387.9,164.2,100.2,1920,1080,0.793,1009.1,438.0
Round3,Q1,3662,1831.0,EMIRATES,0.4662,1.1,0.0,114.1,447.0,1920,1080,2.459,58.1,223.5
Round3,Q1,3662,1831.0,EMIRATES,0.4252,0.0,563.6,121.6,516.4,1920,1080,3.027,60.8,821.8
Round3,Q1,3663,1831.5,EMIRATES,0.6508,275.4,0.9,215.4,208.5,1920,1080,2.167,383.1,105.2
Round3,Q1,3664,1832.0,EMIRATES,0.4459,714.6,1.1,202.7,202.6,1920,1080,1.981,816.0,102.5
Round3,Q1,3666,1833.0,EMIRATES,0.6676,1423.4,2.0,208.9,196.4,1920,1080,1.979,1527.8,100.3
Round3,Q1,3666,1833.0,EMIRATES,0.3111,1505.5,740.0,137.1,338.0,1920,1080,2.234,1574.1,909.0
Round3,Q1,3667,1833.5,EMIRATES,0.514,1673.4,0.0,210.1,432.6,1920,1080,4.383,1778.5,216.3
Round3,Q1,3674,1837.0,EMIRATES,0.5148,1736.2,532.2,38.9,13.6,1920,1080,0.025,1755.7,539.0
Round3,Q1,3675,1837.5,EMIRATES,0.8673,1743.4,374.6,37.8,14.8,1920,1080,0.027,1762.3,382.0
Round3,Q1,3676,1838.0,EMIRATES,0.4793,327.3,273.8,32.0,11.3,1920,1080,0.017,343.3,279.5
Round3,Q1,3677,1838.5,EMIRATES,0.8817,305.5,196.2,36.8,12.7,1920,1080,0.023,323.9,202.6
Round3,Q1,3678,1839.0,EMIRATES,0.8869,1061.1,272.2,61.5,29.6,1920,1080,0.088,1091.8,287.0
Round3,Q1,3678,1839.0,EMIRATES,0.7826,722.1,127.8,43.1,13.4,1920,1080,0.028,743.6,134.5
Round3,Q1,3678,1839.0,EMIRATES,0.4797,836.6,140.0,30.8,19.0,1920,1080,0.028,852.0,149.5
Round3,Q1,3679,1839.5,EMIRATES,0.8707,1057.2,352.7,52.8,26.9,1920,1080,0.069,1083.6,366.2
Round3,Q1,3680,1840.0,EMIRATES,0.901,1041.9,439.1,56.5,24.2,1920,1080,0.066,1070.2,451.2
Round3,Q1,3686,1843.0,EMIRATES,0.9078,41.8,621.2,45.0,22.3,1920,1080,0.048,64.2,632.3
Round3,Q1,3687,1843.5,EMIRATES,0.6811,859.3,557.7,81.7,29.2,1920,1080,0.115,900.1,572.3
Round3,Q1,3689,1844.5,EMIRATES,0.8713,755.0,619.3,65.1,17.0,1920,1080,0.053,787.5,627.7
Round3,Q1,3689,1844.5,EMIRATES,0.6144,1581.6,628.0,30.9,10.5,1920,1080,0.016,1597.0,633.3
Round3,Q1,3690,1845.0,EMIRATES,0.8962,173.7,635.3,104.6,32.9,1920,1080,0.166,226.0,651.8
Round3,Q1,3690,1845.0,EMIRATES,0.8356,1819.7,624.6,95.3,44.5,1920,1080,0.204,1867.4,646.8
Round3,Q1,3692,1846.0,EMIRATES,0.8794,1388.7,600.9,51.9,19.8,1920,1080,0.049,1414.7,610.8
Round3,Q1,3692,1846.0,EMIRATES,0.4528,595.7,586.0,21.0,20.0,1920,1080,0.02,606.2,596.1
Round3,Q1,3693,1846.5,EMIRATES,0.8777,1006.6,435.2,48.5,18.5,1920,1080,0.043,1030.8,444.4
Round3,Q1,3693,1846.5,EMIRATES,0.8462,754.6,517.3,44.8,24.9,1920,1080,0.054,777.0,529.7
Round3,Q1,3694,1847.0,EMIRATES,0.8244,1884.8,372.5,35.0,17.9,1920,1080,0.03,1902.3,381.4
Round3,Q1,3695,1847.5,EMIRATES,0.3681,1031.9,48.0,45.8,24.7,1920,1080,0.055,1054.8,60.4
Round3,Q1,3696,1848.0,EMIRATES,0.3507,930.9,809.0,38.7,23.9,1920,1080,0.045,950.3,821.0
Round3,Q1,3697,1848.5,EMIRATES,0.7142,676.7,802.7,67.9,41.2,1920,1080,0.135,710.7,823.3
Round3,Q1,3708,1854.0,EMIRATES,0.5432,1163.4,829.7,20.1,7.2,1920,1080,0.007,1173.5,833.3
Round3,Q1,3709,1854.5,EMIRATES,0.63,1179.2,838.3,19.5,7.1,1920,1080,0.007,1189.0,841.8
Round3,Q1,3710,1855.0,EMIRATES,0.379,1204.3,849.6,21.7,8.4,1920,1080,0.009,1215.1,853.8
Round3,Q1,3711,1855.5,EMIRATES,0.6667,1233.3,914.7,23.1,8.5,1920,1080,0.009,1244.8,918.9
Round3,Q1,3712,1856.0,ACCESS_COVERS,0.7494,2.3,1.7,192.4,43.5,1920,1080,0.404,98.5,23.4
Round3,Q1,3713,1856.5,EMIRATES,0.7728,117.7,514.7,16.6,8.6,1920,1080,0.007,125.9,519.1
Round3,Q1,3713,1856.5,EMIRATES,0.7674,923.7,707.1,25.3,9.4,1920,1080,0.011,936.4,711.8
Round3,Q1,3716,1858.0,EMIRATES,0.8647,874.0,336.4,37.3,11.5,1920,1080,0.021,892.7,342.2
Round3,Q1,3718,1859.0,EMIRATES,0.8786,658.2,406.6,40.0,13.2,1920,1080,0.025,678.2,413.2
Round3,Q1,3718,1859.0,EMIRATES,0.8585,1832.8,411.9,46.8,16.4,1920,1080,0.037,1856.2,420.1
Round3,Q1,3719,1859.5,EMIRATES,0.8811,927.0,282.1,35.6,16.1,1920,1080,0.028,944.8,290.1
Round3,Q1,3720,1860.0,EMIRATES,0.8732,1835.3,109.2,40.7,13.1,1920,1080,0.026,1855.7,115.8
Round3,Q1,3720,1860.0,EMIRATES,0.8374,314.3,241.9,39.2,14.2,1920,1080,0.027,333.9,249.0
Round3,Q1,3721,1860.5,EMIRATES,0.8906,324.3,169.1,33.6,13.7,1920,1080,0.022,341.1,176.0
Round3,Q1,3722,1861.0,EMIRATES,0.8874,461.8,162.3,29.8,12.8,1920,1080,0.018,476.6,168.6
Round3,Q1,3725,1862.5,CRUSADER_CARAVANS,0.7361,1602.1,98.1,213.9,21.4,1920,1080,0.22,1709.1,108.7
Round3,Q1,3725,1862.5,CRUSADER_CARAVANS,0.7221,414.9,82.4,209.6,22.1,1920,1080,0.223,519.7,93.4
Round3,Q1,3725,1862.5,CRUSADER_CARAVANS,0.6777,822.4,89.9,192.6,21.4,1920,1080,0.199,918.6,100.6
Round3,Q1,3725,1862.5,CRUSADER_CARAVANS,0.6666,2.8,69.2,215.7,25.6,1920,1080,0.266,110.7,82.0
Round3,Q1,3725,1862.5,CRUSADER_CARAVANS,0.5741,516.5,223.5,242.4,25.2,1920,1080,0.295,637.7,236.1
Round3,Q1,3725,1862.5,CRUSADER_CARAVANS,0.5463,1204.1,94.1,198.7,23.3,1920,1080,0.223,1303.4,105.7
Round3,Q1,3725,1862.5,CRUSADER_CARAVANS,0.4022,965.0,228.9,249.2,24.2,1920,1080,0.291,1089.6,241.0
Round3,Q1,3726,1863.0,CRUSADER_CARAVANS,0.6722,22.6,286.4,248.8,25.0,1920,1080,0.3,147.0,298.9
Round3,Q1,3726,1863.0,CRUSADER_CARAVANS,0.6583,1075.1,174.3,182.0,21.6,1920,1080,0.189,1166.1,185.1
Round3,Q1,3726,1863.0,CRUSADER_CARAVANS,0.6326,314.9,158.2,207.4,20.2,1920,1080,0.202,418.6,168.3
Round3,Q1,3726,1863.0,CRUSADER_CARAVANS,0.5803,1448.5,182.3,188.5,23.2,1920,1080,0.211,1542.7,193.9
Round3,Q1,3726,1863.0,CRUSADER_CARAVANS,0.5781,1786.4,348.5,131.9,34.6,1920,1080,0.22,1852.4,365.8
Round3,Q1,3726,1863.0,CRUSADER_CARAVANS,0.5412,489.6,292.3,231.1,23.7,1920,1080,0.264,605.2,304.1
Round3,Q1,3726,1863.0,CRUSADER_CARAVANS,0.508,1355.3,318.9,220.7,30.6,1920,1080,0.325,1465.6,334.2
Round3,Q1,3726,1863.0,CRUSADER_CARAVANS,0.4146,1836.4,191.5,83.3,24.5,1920,1080,0.099,1878.1,203.8
Round3,Q1,3726,1863.0,CRUSADER_CARAVANS,0.3938,0.0,145.8,127.4,22.9,1920,1080,0.141,63.7,157.3
Round3,Q1,3728,1864.0,EMIRATES,0.4436,1487.5,439.8,10.0,43.7,1920,1080,0.021,1492.6,461.7
Round3,Q1,3728,1864.0,EMIRATES,0.3863,1761.5,480.4,9.3,43.0,1920,1080,0.019,1766.2,501.9
Round3,Q1,3728,1864.0,EMIRATES,0.3283,1619.4,422.4,10.4,33.3,1920,1080,0.017,1624.6,439.0
Round3,Q1,3729,1864.5,EMIRATES,0.4636,1517.3,413.8,12.0,50.9,1920,1080,0.029,1523.3,439.2
Round3,Q1,3730,1865.0,EMIRATES,0.8872,973.2,405.9,39.0,14.3,1920,1080,0.027,992.7,413.0
Round3,Q1,3730,1865.0,EMIRATES,0.8842,217.6,854.8,55.0,15.9,1920,1080,0.042,245.1,862.7
Round3,Q1,3731,1865.5,EMIRATES,0.8893,842.3,363.9,32.4,12.5,1920,1080,0.02,858.4,370.2
Round3,Q1,3731,1865.5,EMIRATES,0.8847,578.5,827.4,42.7,22.1,1920,1080,0.045,599.8,838.4
Round3,Q1,3731,1865.5,EMIRATES,0.8587,1028.8,441.8,36.4,14.8,1920,1080,0.026,1047.0,449.1
Round3,Q1,3733,1866.5,EMIRATES,0.4984,1095.1,154.9,21.9,63.2,1920,1080,0.067,1106.1,186.5
Round3,Q1,3733,1866.5,EMIRATES,0.4479,1325.0,181.5,23.0,59.6,1920,1080,0.066,1336.5,211.3
Round3,Q1,3733,1866.5,EMIRATES,0.3687,882.4,128.3,21.2,130.6,1920,1080,0.133,893.0,193.6
Round3,Q1,3734,1867.0,EMIRATES,0.7376,889.9,215.9,19.2,115.0,1920,1080,0.107,899.5,273.4
Round3,Q1,3734,1867.0,EMIRATES,0.6111,1294.6,264.2,18.6,53.6,1920,1080,0.048,1303.9,291.0
Round3,Q1,3734,1867.0,EMIRATES,0.6023,713.6,195.5,14.6,48.7,1920,1080,0.034,720.9,219.8
Round3,Q1,3734,1867.0,EMIRATES,0.5741,1085.9,239.4,17.6,48.8,1920,1080,0.041,1094.7,263.8
Round3,Q1,3734,1867.0,EMIRATES,0.5123,713.3,250.0,13.4,58.2,1920,1080,0.038,720.0,279.0
Round3,Q1,3734,1867.0,EMIRATES,0.4295,1291.9,323.8,17.3,67.0,1920,1080,0.056,1300.5,357.3
Round3,Q1,3735,1867.5,EMIRATES,0.5484,609.8,299.8,12.7,52.9,1920,1080,0.032,616.2,326.2
Round3,Q1,3735,1867.5,EMIRATES,0.5075,1131.8,364.3,13.8,60.8,1920,1080,0.04,1138.7,394.8
Round3,Q1,3735,1867.5,EMIRATES,0.4334,609.8,250.0,13.5,46.7,1920,1080,0.03,616.5,273.3
Round3,Q1,3735,1867.5,EMIRATES,0.4252,947.5,290.3,14.0,45.7,1920,1080,0.031,954.5,313.1
Round3,Q1,3735,1867.5,EMIRATES,0.4145,945.7,335.8,13.0,63.3,1920,1080,0.04,952.2,367.5
Round3,Q1,3735,1867.5,EMIRATES,0.4011,1133.1,314.0,15.5,46.1,1920,1080,0.034,1140.8,337.1
Round3,Q1,3735,1867.5,EMIRATES,0.3421,771.8,320.5,12.8,54.5,1920,1080,0.034,778.3,347.8
Round3,Q1,3735,1867.5,EMIRATES,0.3202,771.6,270.7,14.6,43.9,1920,1080,0.031,778.9,292.6
Round3,Q1,3736,1868.0,EMIRATES,0.7203,1064.8,393.9,11.8,59.4,1920,1080,0.034,1070.7,423.6
Round3,Q1,3736,1868.0,EMIRATES,0.6306,885.1,372.3,11.5,54.8,1920,1080,0.03,890.8,399.7
Round3,Q1,3736,1868.0,EMIRATES,0.6249,885.5,322.8,12.5,42.4,1920,1080,0.026,891.8,344.0
Round3,Q1,3736,1868.0,EMIRATES,0.6203,1066.5,344.1,12.2,45.8,1920,1080,0.027,1072.6,366.9
Round3,Q1,3736,1868.0,EMIRATES,0.5346,558.1,330.0,12.1,52.7,1920,1080,0.031,564.1,356.4
Round3,Q1,3736,1868.0,EMIRATES,0.51,716.9,349.8,11.3,54.1,1920,1080,0.03,722.6,376.8
Round3,Q1,3736,1868.0,EMIRATES,0.4332,717.3,303.5,11.6,41.3,1920,1080,0.023,723.1,324.2
Round3,Q1,3737,1868.5,EMIRATES,0.8977,746.3,306.7,60.0,23.3,1920,1080,0.067,776.3,318.3
Round3,Q1,3738,1869.0,EMIRATES,0.8992,1374.0,174.8,34.5,12.4,1920,1080,0.021,1391.3,181.0
Round3,Q1,3739,1869.5,EMIRATES,0.6306,992.6,170.8,35.2,19.2,1920,1080,0.033,1010.2,180.4
Round3,Q1,3741,1870.5,EMIRATES,0.8669,196.5,466.6,70.0,26.2,1920,1080,0.089,231.5,479.8
Round3,Q1,3742,1871.0,EMIRATES,0.8829,41.0,503.6,76.5,23.1,1920,1080,0.085,79.3,515.1
Round3,Q1,3743,1871.5,EMIRATES,0.7419,1266.7,326.6,21.6,124.7,1920,1080,0.13,1277.5,389.0
Round3,Q1,3744,1872.0,EMIRATES,0.679,1567.5,281.6,29.8,152.2,1920,1080,0.219,1582.4,357.7
Round3,Q1,3745,1872.5,EMIRATES,0.6919,0.1,336.7,10.7,22.1,1920,1080,0.011,5.4,347.7
Round3,Q1,3746,1873.0,EMIRATES,0.8933,223.8,316.5,86.8,23.6,1920,1080,0.099,267.2,328.2
Round3,Q1,3747,1873.5,EMIRATES,0.8862,522.0,318.9,99.0,25.0,1920,1080,0.12,571.5,331.4
Round3,Q1,3748,1874.0,EMIRATES,0.8914,0.0,344.0,64.2,29.8,1920,1080,0.092,32.1,358.9
Round3,Q1,3748,1874.0,EMIRATES,0.8545,916.1,323.2,49.9,28.2,1920,1080,0.068,941.0,337.3
Round3,Q1,3749,1874.5,EMIRATES,0.8921,350.4,342.4,126.7,41.6,1920,1080,0.254,413.8,363.1
Round3,Q1,3749,1874.5,EMIRATES,0.8837,1334.6,285.5,131.3,38.0,1920,1080,0.241,1400.2,304.5
Round3,Q1,3751,1875.5,EMIRATES,0.6206,1366.0,108.7,46.2,15.4,1920,1080,0.034,1389.2,116.4
Round3,Q1,3752,1876.0,EMIRATES,0.8446,866.5,210.8,61.8,21.8,1920,1080,0.065,897.4,221.7
Round3,Q1,3753,1876.5,EMIRATES,0.8792,865.4,186.6,51.2,16.7,1920,1080,0.041,891.0,194.9
Round3,Q1,3753,1876.5,EMIRATES,0.8666,1638.7,233.4,69.4,22.1,1920,1080,0.074,1673.4,244.4
Round3,Q1,3754,1877.0,EMIRATES,0.8921,1510.8,188.4,67.4,19.8,1920,1080,0.064,1544.5,198.3
Round3,Q1,3755,1877.5,EMIRATES,0.899,992.2,516.3,87.6,49.6,1920,1080,0.209,1036.0,541.1
Round3,Q1,3756,1878.0,EMIRATES,0.9049,1108.0,373.9,145.0,45.5,1920,1080,0.318,1180.5,396.6
Round3,Q1,3757,1878.5,EMIRATES,0.8867,1109.1,340.6,147.1,44.4,1920,1080,0.315,1182.7,362.8
Round3,Q1,3758,1879.0,EMIRATES,0.8704,1445.0,946.5,189.8,51.9,1920,1080,0.475,1539.9,972.4
Round3,Q1,3758,1879.0,EMIRATES,0.8567,1056.8,423.4,69.7,46.9,1920,1080,0.158,1091.7,446.9
Round3,Q1,3759,1879.5,EMIRATES,0.8703,1052.4,564.6,91.1,49.3,1920,1080,0.217,1097.9,589.3
Round3,Q1,3759,1879.5,EMIRATES,0.8569,1654.3,925.2,175.4,58.4,1920,1080,0.494,1742.0,954.4
Round3,Q1,3759,1879.5,EMIRATES,0.8378,1755.8,577.1,163.7,56.7,1920,1080,0.447,1837.6,605.4
Round3,Q1,3760,1880.0,EMIRATES,0.8814,1228.3,791.5,162.6,51.8,1920,1080,0.406,1309.6,817.4
Round3,Q1,3760,1880.0,EMIRATES,0.8752,720.1,542.9,172.5,42.8,1920,1080,0.356,806.4,564.3
Round3,Q1,3760,1880.0,EMIRATES,0.6736,1825.2,319.7,94.7,43.2,1920,1080,0.197,1872.6,341.3
Round3,Q1,3761,1880.5,EMIRATES,0.8395,968.6,723.3,163.1,48.2,1920,1080,0.379,1050.2,747.4
Round3,Q1,3761,1880.5,EMIRATES,0.7724,784.5,473.8,44.7,37.4,1920,1080,0.081,806.9,492.5
Round3,Q1,3761,1880.5,EMIRATES,0.3958,605.6,286.7,115.0,39.4,1920,1080,0.219,663.1,306.4
Round3,Q1,3762,1881.0,EMIRATES,0.8919,853.8,640.9,138.8,57.0,1920,1080,0.382,923.1,669.4
Round3,Q1,3763,1881.5,EMIRATES,0.8917,686.0,668.7,126.7,50.8,1920,1080,0.31,749.4,694.1
Round3,Q1,3764,1882.0,EMIRATES,0.3844,1057.9,407.5,10.9,72.5,1920,1080,0.038,1063.3,443.7
Round3,Q1,3764,1882.0,EMIRATES,0.317,1179.0,455.4,9.6,41.9,1920,1080,0.019,1183.8,476.3
Round3,Q1,3765,1882.5,EMIRATES,0.3852,1061.3,411.0,10.5,72.2,1920,1080,0.036,1066.6,447.1
Round3,Q1,3766,1883.0,EMIRATES,0.4505,1063.1,412.9,10.9,72.8,1920,1080,0.038,1068.6,449.3
Round3,Q1,3766,1883.0,EMIRATES,0.3679,1183.9,433.2,10.1,67.8,1920,1080,0.033,1189.0,467.1
Round3,Q1,3767,1883.5,EMIRATES,0.3023,1184.4,455.6,9.7,50.6,1920,1080,0.024,1189.2,480.9
Round3,Q1,3769,1884.5,EMIRATES,0.3172,1184.9,449.5,9.3,65.8,1920,1080,0.029,1189.5,482.4
Round3,Q1,3770,1885.0,EMIRATES,0.4424,1064.9,428.2,9.6,73.8,1920,1080,0.034,1069.7,465.1
Round3,Q1,3770,1885.0,EMIRATES,0.4007,1185.7,446.6,9.4,74.0,1920,1080,0.034,1190.4,483.6
Round3,Q1,3771,1885.5,EMIRATES,0.5304,949.3,420.3,11.2,71.3,1920,1080,0.039,954.9,456.0
Round3,Q1,3771,1885.5,EMIRATES,0.3817,1062.4,434.4,11.6,72.8,1920,1080,0.041,1068.2,470.8
Round3,Q1,3771,1885.5,EMIRATES,0.3021,1185.0,478.7,9.6,46.1,1920,1080,0.021,1189.8,501.7
Round3,Q1,3772,1886.0,EMIRATES,0.8982,739.7,232.6,35.8,14.7,1920,1080,0.025,757.6,240.0
Round3,Q1,3772,1886.0,EMIRATES,0.8908,1094.0,373.8,42.3,14.4,1920,1080,0.029,1115.1,381.0
Round3,Q1,3773,1886.5,EMIRATES,0.8798,494.9,231.1,40.7,14.4,1920,1080,0.028,515.3,238.3
Round3,Q1,3773,1886.5,EMIRATES,0.5781,1791.1,914.5,32.6,19.6,1920,1080,0.031,1807.4,924.3
Round3,Q1,3774,1887.0,EMIRATES,0.8706,125.9,174.5,42.8,20.5,1920,1080,0.042,147.3,184.8
Round3,Q1,3774,1887.0,EMIRATES,0.6064,817.8,391.2,34.4,33.3,1920,1080,0.055,835.0,407.8
Round3,Q1,3775,1887.5,EMIRATES,0.8718,0.1,114.8,33.6,21.1,1920,1080,0.034,16.9,125.4
Round3,Q1,3775,1887.5,EMIRATES,0.8596,682.3,460.2,65.9,30.8,1920,1080,0.098,715.2,475.6
Round3,Q1,3776,1888.0,EMIRATES,0.8824,553.6,499.3,69.5,26.9,1920,1080,0.09,588.4,512.7
Round3,Q1,3777,1888.5,EMIRATES,0.8915,652.4,454.9,70.8,27.3,1920,1080,0.093,687.8,468.6
Round3,Q1,3778,1889.0,EMIRATES,0.8811,851.1,634.6,70.9,26.9,1920,1080,0.092,886.6,648.0
Round3,Q1,3778,1889.0,EMIRATES,0.8435,166.7,828.6,91.4,69.7,1920,1080,0.307,212.4,863.4
Round3,Q1,3778,1889.0,EMIRATES,0.8428,1676.1,935.2,76.6,29.2,1920,1080,0.108,1714.4,949.8
Round3,Q1,3778,1889.0,EMIRATES,0.7964,437.9,891.3,53.6,30.0,1920,1080,0.077,464.7,906.3
Round3,Q1,3779,1889.5,EMIRATES,0.8901,206.9,732.2,27.2,14.4,1920,1080,0.019,220.5,739.4
Round3,Q1,3779,1889.5,EMIRATES,0.8734,1024.5,477.8,31.1,11.4,1920,1080,0.017,1040.1,483.5
Round3,Q1,3779,1889.5,EMIRATES,0.7301,873.6,459.5,27.9,8.3,1920,1080,0.011,887.6,463.7
Round3,Q1,3779,1889.5,EMIRATES,0.333,609.6,281.7,11.2,10.6,1920,1080,0.006,615.2,287.0
Round3,Q1,3780,1890.0,EMIRATES,0.8912,380.4,463.5,39.5,14.2,1920,1080,0.027,400.2,470.6
Round3,Q1,3780,1890.0,EMIRATES,0.7917,303.6,694.2,28.4,19.6,1920,1080,0.027,317.8,704.0
Round3,Q1,3780,1890.0,EMIRATES,0.7762,913.4,365.6,18.6,13.9,1920,1080,0.012,922.7,372.6
Round3,Q1,3780,1890.0,EMIRATES,0.669,1103.5,472.3,29.2,13.0,1920,1080,0.018,1118.1,478.8
Round3,Q1,3780,1890.0,EMIRATES,0.3856,657.2,261.0,17.0,11.3,1920,1080,0.009,665.6,266.6
Round3,Q1,3780,1890.0,EMIRATES,0.3536,705.1,395.6,28.1,14.0,1920,1080,0.019,719.1,402.6
Round3,Q1,3781,1890.5,EMIRATES,0.9018,1063.6,318.8,33.0,13.8,1920,1080,0.022,1080.1,325.7
Round3,Q1,3781,1890.5,EMIRATES,0.88,214.6,373.8,36.1,17.0,1920,1080,0.03,232.6,382.3
Round3,Q1,3781,1890.5,EMIRATES,0.854,794.7,252.2,29.9,14.7,1920,1080,0.021,809.7,259.5
Round3,Q1,3781,1890.5,EMIRATES,0.7784,466.3,628.0,34.2,17.7,1920,1080,0.029,483.5,636.8
Round3,Q1,3781,1890.5,EMIRATES,0.5092,620.1,337.5,20.9,12.3,1920,1080,0.012,630.5,343.7
Round3,Q1,3782,1891.0,EMIRATES,0.8867,683.4,639.1,47.6,16.3,1920,1080,0.037,707.2,647.3
Round3,Q1,3782,1891.0,EMIRATES,0.86,115.3,73.4,34.5,12.1,1920,1080,0.02,132.6,79.5
Round3,Q1,3782,1891.0,EMIRATES,0.8214,738.2,400.4,34.1,13.5,1920,1080,0.022,755.2,407.1
Round3,Q1,3782,1891.0,EMIRATES,0.7635,929.9,308.0,37.5,13.7,1920,1080,0.025,948.7,314.9
Round3,Q1,3783,1891.5,EMIRATES,0.8883,740.2,707.2,48.4,15.6,1920,1080,0.036,764.3,715.0
Round3,Q1,3783,1891.5,EMIRATES,0.8828,251.5,123.9,31.1,13.3,1920,1080,0.02,267.0,130.6
Round3,Q1,3783,1891.5,EMIRATES,0.7933,1081.6,308.7,35.7,15.0,1920,1080,0.026,1099.5,316.2
Round3,Q1,3784,1892.0,EMIRATES,0.9039,678.3,712.1,43.6,22.8,1920,1080,0.048,700.1,723.5
Round3,Q1,3784,1892.0,EMIRATES,0.8941,1200.6,299.5,35.1,13.8,1920,1080,0.023,1218.2,306.5
Round3,Q1,3784,1892.0,EMIRATES,0.8891,873.2,360.9,36.3,16.2,1920,1080,0.028,891.3,369.0
Round3,Q1,3784,1892.0,EMIRATES,0.8796,234.1,88.6,32.2,14.6,1920,1080,0.023,250.2,95.9
Round3,Q1,3785,1892.5,EMIRATES,0.9063,649.8,678.1,52.8,23.6,1920,1080,0.06,676.2,689.9
Round3,Q1,3785,1892.5,EMIRATES,0.8847,1322.6,273.8,38.6,15.8,1920,1080,0.029,1341.9,281.7
Round3,Q1,3785,1892.5,EMIRATES,0.8836,813.2,290.4,34.1,17.6,1920,1080,0.029,830.3,299.2
Round3,Q1,3786,1893.0,EMIRATES,0.8897,679.4,576.0,58.2,17.9,1920,1080,0.05,708.5,585.0
Round3,Q1,3786,1893.0,EMIRATES,0.88,1464.1,294.2,47.5,18.8,1920,1080,0.043,1487.9,303.6
Round3,Q1,3786,1893.0,EMIRATES,0.866,771.4,167.7,44.2,19.0,1920,1080,0.04,793.5,177.2
Round3,Q1,3787,1893.5,EMIRATES,0.9083,843.0,534.7,51.7,19.0,1920,1080,0.047,868.8,544.2
Round3,Q1,3788,1894.0,EMIRATES,0.9002,687.8,365.3,47.8,16.8,1920,1080,0.039,711.7,373.7
Round3,Q1,3788,1894.0,EMIRATES,0.8816,791.0,575.5,46.9,22.1,1920,1080,0.05,814.4,586.6
Round3,Q1,3788,1894.0,EMIRATES,0.8722,737.2,28.5,25.5,13.3,1920,1080,0.016,750.0,35.1
Round3,Q1,3788,1894.0,EMIRATES,0.7593,1783.6,303.2,25.2,14.2,1920,1080,0.017,1796.2,310.3
Round3,Q1,3788,1894.0,EMIRATES,0.6175,1697.3,707.9,39.2,24.4,1920,1080,0.046,1716.9,720.1
Round3,Q1,3789,1894.5,EMIRATES,0.9002,733.6,344.9,45.9,15.2,1920,1080,0.034,756.5,352.5
Round3,Q1,3789,1894.5,EMIRATES,0.7699,1703.1,702.5,37.1,25.9,1920,1080,0.046,1721.7,715.4
Round3,Q1,3790,1895.0,EMIRATES,0.8915,699.3,324.7,40.5,18.1,1920,1080,0.035,719.6,333.8
Round3,Q1,3790,1895.0,EMIRATES,0.8897,1100.6,287.0,25.9,14.7,1920,1080,0.018,1113.5,294.4
Round3,Q1,3790,1895.0,EMIRATES,0.8867,499.6,638.9,44.9,20.7,1920,1080,0.045,522.1,649.3
Round3,Q1,3790,1895.0,EMIRATES,0.7639,1799.1,416.5,23.7,13.9,1920,1080,0.016,1810.9,423.4
Round3,Q1,3791,1895.5,EMIRATES,0.8924,958.4,236.1,43.9,18.1,1920,1080,0.038,980.3,245.2
Round3,Q1,3791,1895.5,EMIRATES,0.8716,111.1,630.0,53.1,22.4,1920,1080,0.057,137.7,641.2
Round3,Q1,3791,1895.5,EMIRATES,0.8625,1896.3,274.0,23.7,18.0,1920,1080,0.021,1908.1,283.0
Round3,Q1,3791,1895.5,EMIRATES,0.4872,1264.3,414.0,29.1,23.6,1920,1080,0.033,1278.9,425.8
Round3,Q1,3792,1896.0,EMIRATES,0.8815,714.0,136.2,49.6,22.2,1920,1080,0.053,738.8,147.3
Round3,Q1,3792,1896.0,EMIRATES,0.8591,1899.0,248.1,20.9,19.3,1920,1080,0.019,1909.4,257.7
Round3,Q1,3793,1896.5,EMIRATES,0.9018,639.5,18.6,46.3,21.5,1920,1080,0.048,662.7,29.4
Round3,Q1,3793,1896.5,EMIRATES,0.8908,1457.8,23.0,69.8,21.4,1920,1080,0.072,1492.7,33.7
Round3,Q1,3793,1896.5,EMIRATES,0.717,1210.5,321.0,68.1,42.0,1920,1080,0.138,1244.5,342.1
Round3,Q1,3794,1897.0,EMIRATES,0.3481,1457.6,0.0,81.4,12.0,1920,1080,0.047,1498.3,6.0
Round3,Q1,3795,1897.5,EMIRATES,0.9051,1209.0,422.8,80.6,25.3,1920,1080,0.099,1249.3,435.5
Round3,Q1,3795,1897.5,EMIRATES,0.8964,1213.5,2.0,63.5,23.8,1920,1080,0.073,1245.2,13.9
Round3,Q1,3795,1897.5,EMIRATES,0.876,1455.6,44.7,91.1,29.5,1920,1080,0.129,1501.2,59.4
Round3,Q1,3796,1898.0,EMIRATES,0.7859,1501.1,719.2,89.3,76.3,1920,1080,0.329,1545.8,757.4
Round3,Q1,3799,1899.5,EMIRATES,0.8415,723.2,85.4,75.7,31.3,1920,1080,0.114,761.0,101.0
Round3,Q1,3799,1899.5,EMIRATES,0.7125,1895.6,71.7,24.4,40.3,1920,1080,0.047,1907.8,91.8
Round3,Q1,3800,1900.0,EMIRATES,0.8417,591.5,113.0,67.2,30.3,1920,1080,0.098,625.1,128.1
Round3,Q1,3800,1900.0,EMIRATES,0.3382,1735.1,115.0,79.6,36.6,1920,1080,0.14,1774.9,133.3
Round3,Q1,3801,1900.5,EMIRATES,0.8724,1778.1,293.9,141.9,48.9,1920,1080,0.334,1849.1,318.4
Round3,Q1,3801,1900.5,EMIRATES,0.8542,1832.8,597.7,87.2,80.5,1920,1080,0.339,1876.4,637.9
Round3,Q1,3802,1901.0,EMIRATES,0.8691,1657.4,594.4,228.8,84.2,1920,1080,0.929,1771.8,636.5
Round3,Q1,3802,1901.0,EMIRATES,0.8644,1769.8,319.8,135.6,48.8,1920,1080,0.319,1837.6,344.2
Round3,Q1,3803,1901.5,EMIRATES,0.8889,1487.2,588.6,275.7,81.9,1920,1080,1.089,1625.1,629.6
Round3,Q1,3803,1901.5,EMIRATES,0.8019,1849.0,273.1,70.6,58.3,1920,1080,0.199,1884.4,302.3
Round3,Q1,3804,1902.0,EMIRATES,0.9131,995.7,311.4,145.7,42.6,1920,1080,0.299,1068.5,332.7
Round3,Q1,3805,1902.5,EMIRATES,0.8998,958.0,319.3,141.9,40.4,1920,1080,0.276,1029.0,339.5
Round3,Q1,3805,1902.5,EMIRATES,0.6244,908.5,0.2,97.3,23.2,1920,1080,0.109,957.2,11.9
Round3,Q1,3806,1903.0,EMIRATES,0.9002,1022.2,321.8,136.3,49.0,1920,1080,0.322,1090.3,346.3
Round3,Q1,3806,1903.0,EMIRATES,0.8407,1211.8,1.7,97.9,38.8,1920,1080,0.183,1260.8,21.0
Round3,Q1,3807,1903.5,EMIRATES,0.9024,1082.5,331.5,141.4,41.4,1920,1080,0.282,1153.3,352.2
Round3,Q1,3807,1903.5,EMIRATES,0.8747,1375.3,10.0,97.8,48.2,1920,1080,0.227,1424.2,34.1
Round3,Q1,3808,1904.0,EMIRATES,0.9063,868.4,320.6,147.7,42.9,1920,1080,0.305,942.3,342.0
Round3,Q1,3808,1904.0,EMIRATES,0.8824,155.3,448.2,75.3,42.0,1920,1080,0.152,193.0,469.2
Round3,Q1,3808,1904.0,EMIRATES,0.8601,1406.4,10.4,98.8,48.9,1920,1080,0.233,1455.8,34.8
Round3,Q1,3809,1904.5,EMIRATES,0.89,909.3,331.1,146.8,44.4,1920,1080,0.315,982.7,353.3
Round3,Q1,3809,1904.5,EMIRATES,0.8705,1466.8,20.2,97.7,45.8,1920,1080,0.216,1515.7,43.1
Round3,Q1,3810,1905.0,EMIRATES,0.9034,740.7,323.7,125.4,40.6,1920,1080,0.245,803.4,344.0
Round3,Q1,3810,1905.0,EMIRATES,0.8984,1076.2,429.7,89.9,38.3,1920,1080,0.166,1121.2,448.9
Round3,Q1,3810,1905.0,EMIRATES,0.8824,1407.9,30.9,95.3,47.2,1920,1080,0.217,1455.5,54.5
Round3,Q1,3811,1905.5,EMIRATES,0.8701,1460.9,36.4,92.7,45.1,1920,1080,0.202,1507.3,58.9
Round3,Q1,3811,1905.5,EMIRATES,0.6846,1622.4,425.9,60.3,37.2,1920,1080,0.108,1652.5,444.5
Round3,Q1,3812,1906.0,EMIRATES,0.912,966.0,402.4,93.9,37.5,1920,1080,0.17,1012.9,421.2
Round3,Q1,3813,1906.5,EMIRATES,0.907,1041.5,408.6,89.2,35.9,1920,1080,0.154,1086.1,426.5
Round3,Q1,3814,1907.0,EMIRATES,0.8973,1041.1,390.5,93.3,38.7,1920,1080,0.174,1087.7,409.9
Round3,Q1,3815,1907.5,EMIRATES,0.9016,939.5,375.6,99.0,40.7,1920,1080,0.194,989.0,395.9
Round3,Q1,3816,1908.0,EMIRATES,0.8899,896.2,388.4,92.2,52.5,1920,1080,0.233,942.3,414.7
Round3,Q1,3817,1908.5,EMIRATES,0.9083,911.7,402.4,112.1,35.5,1920,1080,0.192,967.8,420.2
Round3,Q1,3818,1909.0,EMIRATES,0.8999,871.1,426.7,119.9,36.7,1920,1080,0.212,931.1,445.0
Round3,Q1,3819,1909.5,EMIRATES,0.9028,979.2,408.2,126.6,40.6,1920,1080,0.248,1042.5,428.4
Round3,Q1,3820,1910.0,EMIRATES,0.9035,1024.9,416.6,120.7,36.0,1920,1080,0.21,1085.3,434.6
Round3,Q1,3821,1910.5,EMIRATES,0.9038,976.5,397.9,122.8,36.3,1920,1080,0.215,1037.9,416.1
Round3,Q1,3822,1911.0,EMIRATES,0.8956,956.1,403.3,123.4,38.7,1920,1080,0.23,1017.8,422.6
Round3,Q1,3823,1911.5,EMIRATES,0.8852,892.7,537.5,122.8,39.5,1920,1080,0.234,954.0,557.3
Round3,Q1,3824,1912.0,EMIRATES,0.8779,775.7,441.1,101.0,40.0,1920,1080,0.195,826.2,461.1
Round3,Q1,3825,1912.5,EMIRATES,0.8893,1080.5,324.2,79.5,32.4,1920,1080,0.124,1120.3,340.4
Round3,Q1,3826,1913.0,EMIRATES,0.8601,1037.9,340.8,79.9,38.7,1920,1080,0.149,1077.8,360.2
Round3,Q1,3827,1913.5,EMIRATES,0.4809,1633.4,186.4,14.2,84.0,1920,1080,0.057,1640.5,228.4
Round3,Q1,3827,1913.5,EMIRATES,0.3458,1773.6,202.1,12.7,85.7,1920,1080,0.052,1780.0,245.0
Round3,Q1,3828,1914.0,EMIRATES,0.4065,1702.2,234.0,13.5,78.5,1920,1080,0.051,1709.0,273.3
Round3,Q1,3829,1914.5,EMIRATES,0.5042,1786.1,274.3,13.6,72.8,1920,1080,0.048,1792.9,310.7
Round3,Q1,3833,1916.5,EMIRATES,0.9014,1283.7,560.6,29.8,13.0,1920,1080,0.019,1298.6,567.1
Round3,Q1,3833,1916.5,EMIRATES,0.8872,971.5,532.2,32.4,12.5,1920,1080,0.02,987.7,538.4
Round3,Q1,3833,1916.5,EMIRATES,0.4732,1691.4,243.0,25.7,11.8,1920,1080,0.015,1704.2,249.0
Round3,Q1,3834,1917.0,EMIRATES,0.8688,794.1,519.7,27.6,12.0,1920,1080,0.016,807.9,525.7
Round3,Q1,3834,1917.0,EMIRATES,0.8637,1312.5,612.8,25.4,14.0,1920,1080,0.017,1325.2,619.8
Round3,Q1,3834,1917.0,EMIRATES,0.8487,1505.5,316.0,26.1,13.1,1920,1080,0.016,1518.6,322.6
Round3,Q1,3834,1917.0,EMIRATES,0.8064,1130.2,401.8,28.5,11.4,1920,1080,0.016,1144.4,407.5
Round3,Q1,3835,1917.5,EMIRATES,0.8538,196.8,397.5,28.2,12.8,1920,1080,0.017,211.0,403.9
Round3,Q1,3835,1917.5,EMIRATES,0.6403,1432.6,303.4,19.7,10.1,1920,1080,0.01,1442.4,308.4
Round3,Q1,3835,1917.5,EMIRATES,0.5713,722.8,590.0,21.6,10.8,1920,1080,0.011,733.6,595.5
Round3,Q1,3836,1918.0,EMIRATES,0.803,145.7,218.2,32.1,10.9,1920,1080,0.017,161.8,223.7
Round3,Q1,3837,1918.5,EMIRATES,0.8941,284.5,92.3,34.2,12.6,1920,1080,0.021,301.6,98.6
Round3,Q1,3838,1919.0,EMIRATES,0.8771,1122.3,550.7,36.1,27.1,1920,1080,0.047,1140.4,564.3
Round3,Q1,3838,1919.0,EMIRATES,0.8754,120.1,52.3,38.1,13.2,1920,1080,0.024,139.1,58.9
Round3,Q1,3843,1921.5,EMIRATES,0.8998,1786.9,174.0,40.0,17.0,1920,1080,0.033,1806.8,182.5
Round3,Q1,3843,1921.5,EMIRATES,0.8871,1114.7,32.6,36.3,14.4,1920,1080,0.025,1132.9,39.8
Round3,Q1,3844,1922.0,EMIRATES,0.9105,1857.9,162.8,42.0,14.4,1920,1080,0.029,1878.9,170.0
Round3,Q1,3844,1922.0,EMIRATES,0.8987,354.4,687.0,45.3,18.0,1920,1080,0.039,377.1,696.0
Round3,Q1,3844,1922.0,EMIRATES,0.8872,1053.1,120.9,35.6,13.8,1920,1080,0.024,1070.9,127.8
Round3,Q1,3845,1922.5,EMIRATES,0.9075,286.8,750.0,46.8,23.9,1920,1080,0.054,310.2,761.9
Round3,Q1,3845,1922.5,EMIRATES,0.8887,1083.4,235.6,35.7,13.2,1920,1080,0.023,1101.3,242.2
Round3,Q1,3845,1922.5,EMIRATES,0.8843,1877.0,217.8,41.4,19.6,1920,1080,0.039,1897.8,227.6
Round3,Q1,3846,1923.0,EMIRATES,0.9057,350.2,731.3,44.3,20.6,1920,1080,0.044,372.3,741.7
Round3,Q1,3846,1923.0,EMIRATES,0.8335,1888.0,218.8,29.2,27.2,1920,1080,0.038,1902.6,232.4
Round3,Q1,3847,1923.5,EMIRATES,0.891,438.7,855.3,49.6,20.2,1920,1080,0.048,463.5,865.3
Round3,Q1,3847,1923.5,EMIRATES,0.8426,1867.1,411.1,32.7,20.2,1920,1080,0.032,1883.4,421.2
Round3,Q1,3848,1924.0,EMIRATES,0.9028,530.9,988.2,46.4,34.8,1920,1080,0.078,554.2,1005.7
Round3,Q1,3848,1924.0,EMIRATES,0.8823,1872.0,623.7,46.5,20.5,1920,1080,0.046,1895.2,633.9
Round3,Q1,3849,1924.5,EMIRATES,0.9093,630.6,990.5,50.2,26.6,1920,1080,0.064,655.7,1003.7
Round3,Q1,3849,1924.5,EMIRATES,0.896,1870.8,718.0,45.6,16.1,1920,1080,0.035,1893.6,726.1
Round3,Q1,3859,1929.5,EMIRATES,0.8917,615.4,465.6,115.8,50.2,1920,1080,0.28,673.3,490.7
Round3,Q1,3861,1930.5,EMIRATES,0.8798,1825.0,409.9,94.7,51.8,1920,1080,0.236,1872.3,435.8
Round3,Q1,3861,1930.5,EMIRATES,0.8442,0.0,567.4,41.8,48.3,1920,1080,0.097,20.9,591.6
Round3,Q1,3863,1931.5,EMIRATES,0.9059,189.0,628.5,186.9,61.7,1920,1080,0.556,282.4,659.4
Round3,Q1,3864,1932.0,EMIRATES,0.8927,0.0,598.9,183.3,59.9,1920,1080,0.53,91.7,628.9
Round3,Q1,3865,1932.5,EMIRATES,0.8018,928.9,106.5,94.9,53.6,1920,1080,0.246,976.3,133.3
Round3,Q1,3866,1933.0,EMIRATES,0.7236,987.2,241.2,87.0,69.8,1920,1080,0.293,1030.7,276.1
Round3,Q1,3877,1938.5,EMIRATES,0.5135,1368.5,47.3,141.7,47.9,1920,1080,0.328,1439.3,71.3
Round3,Q1,3878,1939.0,EMIRATES,0.8992,1384.2,27.1,116.7,46.7,1920,1080,0.263,1442.6,50.5
Round3,Q1,3879,1939.5,EMIRATES,0.841,1400.7,70.8,63.2,39.0,1920,1080,0.119,1432.3,90.4
Round3,Q1,3880,1940.0,EMIRATES,0.9032,1235.1,255.8,144.0,41.4,1920,1080,0.287,1307.1,276.5
Round3,Q1,3881,1940.5,EMIRATES,0.9056,1328.7,248.7,69.9,26.3,1920,1080,0.089,1363.7,261.8
Round3,Q1,3882,1941.0,EMIRATES,0.8841,1257.1,315.2,84.7,22.2,1920,1080,0.091,1299.4,326.4
Round3,Q1,3883,1941.5,EMIRATES,0.8934,1274.9,248.1,83.2,21.1,1920,1080,0.085,1316.5,258.7
Round3,Q1,3883,1941.5,EMIRATES,0.8336,1683.5,671.4,50.1,26.3,1920,1080,0.063,1708.5,684.6
