match,quarter,frame_index,timestamp_sec,partner,confidence,box_x,box_y,box_w,box_h,frame_w,frame_h,coverage_pct,center_x,center_y
Round1,Q2,26,13.0,EMIRATES,0.3009,27.4,814.9,64.9,21.8,1920,1080,0.068,59.8,825.8
Round1,Q2,28,14.0,EMIRATES,0.4549,441.3,842.3,78.2,18.5,1920,1080,0.07,480.5,851.5
Round1,Q2,31,15.5,EMIRATES,0.8983,1586.7,385.0,98.1,36.6,1920,1080,0.173,1635.7,403.3
Round1,Q2,31,15.5,ACCESS_COVERS,0.7663,499.0,184.0,395.2,374.2,1920,1080,7.132,696.6,371.0
Round1,Q2,31,15.5,EMIRATES,0.5567,1115.7,550.3,43.6,32.6,1920,1080,0.068,1137.5,566.6
Round1,Q2,32,16.0,EMIRATES,0.8896,1593.0,382.9,97.7,36.2,1920,1080,0.171,1641.8,401.0
Round1,Q2,32,16.0,ACCESS_COVERS,0.7715,514.1,179.2,380.9,374.7,1920,1080,6.883,704.6,366.5
Round1,Q2,33,16.5,EMIRATES,0.896,1598.8,379.4,95.8,35.1,1920,1080,0.162,1646.7,396.9
Round1,Q2,33,16.5,ACCESS_COVERS,0.778,514.0,188.8,386.3,367.1,1920,1080,6.838,707.2,372.3
Round1,Q2,33,16.5,EMIRATES,0.3687,924.7,561.2,29.8,37.0,1920,1080,0.053,939.7,579.7
Round1,Q2,34,17.0,EMIRATES,0.8777,1597.0,373.1,94.2,33.2,1920,1080,0.151,1644.1,389.7
Round1,Q2,34,17.0,ACCESS_COVERS,0.7716,515.4,188.2,386.3,369.7,1920,1080,6.888,708.6,373.1
Round1,Q2,34,17.0,EMIRATES,0.3782,924.6,557.7,29.1,37.4,1920,1080,0.052,939.1,576.4
Round1,Q2,34,17.0,EMIRATES,0.3422,1170.3,581.6,25.5,33.9,1920,1080,0.042,1183.0,598.5
Round1,Q2,35,17.5,EMIRATES,0.885,1598.4,372.9,96.1,33.9,1920,1080,0.157,1646.4,389.8
Round1,Q2,35,17.5,ACCESS_COVERS,0.7645,513.4,187.2,383.5,372.4,1920,1080,6.887,705.1,373.4
Round1,Q2,35,17.5,EMIRATES,0.4649,1754.5,178.5,28.7,16.1,1920,1080,0.022,1768.9,186.6
Round1,Q2,35,17.5,EMIRATES,0.3656,923.3,557.7,31.8,36.8,1920,1080,0.056,939.2,576.1
Round1,Q2,36,18.0,EMIRATES,0.8962,1612.8,378.2,96.5,38.4,1920,1080,0.179,1661.0,397.4
Round1,Q2,36,18.0,ACCESS_COVERS,0.7836,479.6,206.3,432.7,375.8,1920,1080,7.842,696.0,394.2
Round1,Q2,37,18.5,EMIRATES,0.904,1601.2,378.2,96.0,37.1,1920,1080,0.172,1649.2,396.7
Round1,Q2,37,18.5,ACCESS_COVERS,0.8351,583.6,298.9,338.6,359.5,1920,1080,5.87,752.9,478.7
Round1,Q2,38,19.0,EMIRATES,0.9006,1602.0,375.6,96.2,37.3,1920,1080,0.173,1650.1,394.2
Round1,Q2,38,19.0,ACCESS_COVERS,0.7164,552.2,413.5,336.3,349.2,1920,1080,5.664,720.3,588.1
Round1,Q2,39,19.5,EMIRATES,0.8957,1612.9,374.7,88.3,39.3,1920,1080,0.167,1657.0,394.3
Round1,Q2,39,19.5,ACCESS_COVERS,0.8449,574.5,350.2,335.2,337.8,1920,1080,5.46,742.1,519.1
Round1,Q2,39,19.5,ACCESS_COVERS,0.4118,516.2,329.8,319.3,245.8,1920,1080,3.785,675.9,452.7
Round1,Q2,40,20.0,EMIRATES,0.9021,1609.4,375.9,89.1,38.2,1920,1080,0.164,1653.9,395.0
Round1,Q2,40,20.0,ACCESS_COVERS,0.7552,498.8,179.8,444.0,366.0,1920,1080,7.838,720.8,362.9
Round1,Q2,41,20.5,EMIRATES,0.8921,1617.3,378.9,85.2,37.4,1920,1080,0.154,1659.9,397.6
Round1,Q2,41,20.5,ACCESS_COVERS,0.7761,526.0,160.3,438.3,378.4,1920,1080,7.999,745.1,349.5
Round1,Q2,41,20.5,EMIRATES,0.4288,1056.7,528.7,52.6,36.0,1920,1080,0.091,1083.0,546.7
Round1,Q2,42,21.0,EMIRATES,0.8955,1624.9,378.0,88.6,37.6,1920,1080,0.161,1669.3,396.8
Round1,Q2,42,21.0,ACCESS_COVERS,0.785,504.5,178.6,436.3,361.6,1920,1080,7.608,722.7,359.4
Round1,Q2,43,21.5,EMIRATES,0.8943,1639.4,377.3,85.9,38.4,1920,1080,0.159,1682.4,396.5
Round1,Q2,43,21.5,ACCESS_COVERS,0.8184,459.3,236.9,410.0,320.6,1920,1080,6.339,664.3,397.2
Round1,Q2,44,22.0,EMIRATES,0.9026,1649.5,374.0,90.7,36.0,1920,1080,0.158,1694.8,392.0
Round1,Q2,44,22.0,EMIRATES,0.8815,880.5,533.6,37.1,35.4,1920,1080,0.063,899.0,551.3
Round1,Q2,44,22.0,ACCESS_COVERS,0.7809,463.9,458.5,294.0,209.1,1920,1080,2.964,610.9,563.0
Round1,Q2,45,22.5,EMIRATES,0.8922,1664.8,369.7,90.8,35.5,1920,1080,0.156,1710.2,387.5
Round1,Q2,45,22.5,EMIRATES,0.8838,890.4,528.1,52.3,39.6,1920,1080,0.1,916.5,547.9
Round1,Q2,46,23.0,EMIRATES,0.8964,894.3,523.6,71.7,42.8,1920,1080,0.148,930.2,545.0
Round1,Q2,46,23.0,EMIRATES,0.8941,1670.7,360.1,90.7,34.6,1920,1080,0.152,1716.1,377.4
Round1,Q2,46,23.0,EMIRATES,0.3379,1411.9,260.7,40.1,19.4,1920,1080,0.037,1431.9,270.3
Round1,Q2,47,23.5,EMIRATES,0.9008,1687.6,350.5,92.5,35.2,1920,1080,0.157,1733.9,368.2
Round1,Q2,47,23.5,EMIRATES,0.8647,898.7,514.8,46.5,39.2,1920,1080,0.088,922.0,534.4
Round1,Q2,47,23.5,EMIRATES,0.5172,1897.3,325.5,22.7,20.3,1920,1080,0.022,1908.6,335.7
Round1,Q2,48,24.0,EMIRATES,0.9033,1743.5,352.7,90.2,35.5,1920,1080,0.154,1788.6,370.5
Round1,Q2,48,24.0,EMIRATES,0.7627,938.4,514.1,33.4,34.5,1920,1080,0.055,955.1,531.3
Round1,Q2,48,24.0,EMIRATES,0.451,1883.8,337.2,36.2,18.4,1920,1080,0.032,1901.9,346.4
Round1,Q2,49,24.5,EMIRATES,0.8937,1762.6,355.9,94.8,35.7,1920,1080,0.163,1810.0,373.7
Round1,Q2,49,24.5,EMIRATES,0.8849,982.6,520.7,40.2,35.7,1920,1080,0.069,1002.7,538.6
Round1,Q2,49,24.5,EMIRATES,0.8382,1158.4,510.1,71.2,32.7,1920,1080,0.112,1194.0,526.5
Round1,Q2,50,25.0,EMIRATES,0.8616,1253.3,796.3,210.1,95.6,1920,1080,0.969,1358.4,844.1
Round1,Q2,51,25.5,EMIRATES,0.8478,1267.2,791.5,184.1,90.4,1920,1080,0.803,1359.2,836.7
Round1,Q2,54,27.0,EMIRATES,0.7944,398.0,537.9,110.3,141.7,1920,1080,0.754,453.1,608.7
Round1,Q2,55,27.5,EMIRATES,0.8281,1793.2,471.4,126.8,118.6,1920,1080,0.725,1856.6,530.7
Round1,Q2,56,28.0,EMIRATES,0.7189,1745.3,480.6,166.2,100.9,1920,1080,0.808,1828.4,531.0
Round1,Q2,57,28.5,EMIRATES,0.8152,1236.9,747.7,88.1,80.6,1920,1080,0.343,1281.0,788.0
Round1,Q2,58,29.0,EMIRATES,0.8672,1065.6,749.0,136.4,79.4,1920,1080,0.522,1133.8,788.7
Round1,Q2,58,29.0,EMIRATES,0.4736,1403.0,364.5,133.6,65.5,1920,1080,0.422,1469.8,397.3
Round1,Q2,59,29.5,EMIRATES,0.8635,1036.9,744.8,143.8,79.2,1920,1080,0.549,1108.8,784.4
Round1,Q2,60,30.0,EMIRATES,0.8607,1045.2,746.8,171.5,77.2,1920,1080,0.638,1130.9,785.4
Round1,Q2,60,30.0,EMIRATES,0.7533,457.1,697.0,65.5,88.9,1920,1080,0.281,489.8,741.5
Round1,Q2,60,30.0,EMIRATES,0.6828,1783.7,787.6,106.2,92.7,1920,1080,0.475,1836.8,833.9
Round1,Q2,61,30.5,EMIRATES,0.813,458.9,691.8,66.0,84.7,1920,1080,0.269,491.9,734.2
Round1,Q2,62,31.0,EMIRATES,0.7866,1017.3,759.2,113.7,73.3,1920,1080,0.402,1074.1,795.8
Round1,Q2,63,31.5,EMIRATES,0.6052,1639.3,175.8,85.0,77.8,1920,1080,0.319,1681.8,214.7
Round1,Q2,63,31.5,EMIRATES,0.5848,596.2,41.9,106.3,64.2,1920,1080,0.329,649.4,74.0
Round1,Q2,64,32.0,EMIRATES,0.4762,938.9,733.7,141.8,63.7,1920,1080,0.435,1009.8,765.5
Round1,Q2,65,32.5,EMIRATES,0.8623,943.1,744.4,163.6,75.9,1920,1080,0.599,1024.9,782.4
Round1,Q2,65,32.5,EMIRATES,0.8314,1154.7,688.8,107.3,72.3,1920,1080,0.374,1208.3,725.0
Round1,Q2,66,33.0,EMIRATES,0.8836,1123.3,672.8,119.6,75.6,1920,1080,0.436,1183.2,710.6
Round1,Q2,66,33.0,EMIRATES,0.8762,942.5,739.6,149.1,73.6,1920,1080,0.529,1017.1,776.4
Round1,Q2,67,33.5,EMIRATES,0.8763,1000.8,738.2,156.7,84.2,1920,1080,0.636,1079.1,780.3
Round1,Q2,67,33.5,EMIRATES,0.8641,1168.8,622.2,109.1,76.3,1920,1080,0.402,1223.3,660.3
Round1,Q2,67,33.5,EMIRATES,0.8057,17.1,260.3,215.3,159.0,1920,1080,1.65,124.8,339.8
Round1,Q2,68,34.0,EMIRATES,0.8734,1456.0,353.3,215.8,189.0,1920,1080,1.967,1563.9,447.8
Round1,Q2,68,34.0,EMIRATES,0.8732,430.0,719.4,210.0,95.6,1920,1080,0.968,534.9,767.2
Round1,Q2,68,34.0,EMIRATES,0.8488,958.9,633.6,148.6,96.1,1920,1080,0.689,1033.2,681.7
Round1,Q2,68,34.0,EMIRATES,0.4368,406.5,17.8,169.6,83.6,1920,1080,0.684,491.3,59.6
Round1,Q2,68,34.0,EMIRATES,0.4191,0.2,787.0,35.5,94.0,1920,1080,0.161,18.0,834.0
Round1,Q2,69,34.5,EMIRATES,0.8971,284.6,322.3,277.7,91.1,1920,1080,1.22,423.4,367.9
Round1,Q2,69,34.5,EMIRATES,0.8859,787.5,829.4,146.0,51.9,1920,1080,0.366,860.4,855.3
Round1,Q2,69,34.5,EMIRATES,0.8815,1128.8,382.4,178.0,80.3,1920,1080,0.69,1217.8,422.6
Round1,Q2,69,34.5,EMIRATES,0.8648,1566.4,17.0,289.0,158.5,1920,1080,2.208,1710.9,96.2
Round1,Q2,69,34.5,EMIRATES,0.6959,1351.2,0.0,143.2,55.1,1920,1080,0.38,1422.8,27.5
Round1,Q2,70,35.0,EMIRATES,0.8942,615.2,529.0,150.6,52.9,1920,1080,0.385,690.5,555.5
Round1,Q2,70,35.0,EMIRATES,0.8899,1267.6,100.2,271.4,85.9,1920,1080,1.124,1403.3,143.1
Round1,Q2,71,35.5,EMIRATES,0.8824,1148.7,315.2,259.3,78.5,1920,1080,0.982,1278.3,354.5
Round1,Q2,71,35.5,EMIRATES,0.8775,645.5,667.9,150.6,56.2,1920,1080,0.408,720.8,696.0
Round1,Q2,72,36.0,EMIRATES,0.865,707.4,570.3,148.5,60.6,1920,1080,0.434,781.7,600.6
Round1,Q2,73,36.5,EMIRATES,0.8928,242.2,427.5,258.0,75.5,1920,1080,0.939,371.2,465.3
Round1,Q2,73,36.5,EMIRATES,0.883,735.3,727.1,130.1,48.3,1920,1080,0.303,800.3,751.3
Round1,Q2,101,50.5,ACCESS_COVERS,0.522,1452.6,90.6,90.8,20.0,1920,1080,0.088,1498.0,100.6
Round1,Q2,102,51.0,ACCESS_COVERS,0.8078,1555.3,99.7,90.5,19.9,1920,1080,0.087,1600.5,109.7
Round1,Q2,102,51.0,CYBERCX,0.7377,1466.7,94.6,77.4,21.3,1920,1080,0.079,1505.3,105.3
Round1,Q2,103,51.5,CYBERCX,0.6915,1449.1,143.0,67.8,19.7,1920,1080,0.064,1483.0,152.8
Round1,Q2,103,51.5,ACCESS_COVERS,0.6796,1527.1,148.7,77.8,17.9,1920,1080,0.067,1565.9,157.6
Round1,Q2,104,52.0,ACCESS_COVERS,0.7285,1510.7,209.0,64.6,14.2,1920,1080,0.044,1542.9,216.2
Round1,Q2,104,52.0,CYBERCX,0.5608,1441.4,206.1,58.7,15.7,1920,1080,0.044,1470.7,213.9
Round1,Q2,105,52.5,ACCESS_COVERS,0.6955,1532.5,221.6,63.0,13.8,1920,1080,0.042,1563.9,228.6
Round1,Q2,105,52.5,CYBERCX,0.635,1469.5,221.4,53.1,13.1,1920,1080,0.033,1496.0,227.9
Round1,Q2,114,57.0,ACCESS_COVERS,0.8007,1060.1,0.4,82.0,14.5,1920,1080,0.057,1101.1,7.7
Round1,Q2,114,57.0,CYBERCX,0.7331,982.2,0.8,67.7,13.1,1920,1080,0.043,1016.0,7.3
Round1,Q2,115,57.5,ACCESS_COVERS,0.7887,1038.3,31.6,75.1,16.2,1920,1080,0.059,1075.9,39.7
Round1,Q2,115,57.5,CYBERCX,0.7185,959.1,31.4,68.1,15.5,1920,1080,0.051,993.1,39.1
Round1,Q2,116,58.0,ACCESS_COVERS,0.7798,1011.7,62.3,72.6,15.4,1920,1080,0.054,1048.1,70.0
Round1,Q2,116,58.0,CYBERCX,0.6905,937.9,61.8,64.9,15.1,1920,1080,0.047,970.4,69.4
Round1,Q2,117,58.5,CYBERCX,0.6666,921.0,83.0,59.3,14.0,1920,1080,0.04,950.6,90.0
Round1,Q2,117,58.5,ACCESS_COVERS,0.5534,989.9,83.9,68.1,14.3,1920,1080,0.047,1023.9,91.1
Round1,Q2,118,59.0,ACCESS_COVERS,0.749,966.6,108.9,65.2,13.3,1920,1080,0.042,999.2,115.5
Round1,Q2,118,59.0,CYBERCX,0.6148,900.4,108.2,56.9,13.0,1920,1080,0.036,928.9,114.8
Round1,Q2,119,59.5,ACCESS_COVERS,0.7737,944.2,130.9,59.9,11.9,1920,1080,0.035,974.2,136.8
Round1,Q2,119,59.5,CYBERCX,0.6877,881.5,129.9,54.3,12.6,1920,1080,0.033,908.6,136.1
Round1,Q2,120,60.0,ACCESS_COVERS,0.8084,922.7,153.0,56.8,11.2,1920,1080,0.031,951.1,158.6
Round1,Q2,120,60.0,CYBERCX,0.6977,862.5,151.6,52.2,11.9,1920,1080,0.03,888.6,157.6
Round1,Q2,121,60.5,ACCESS_COVERS,0.7912,902.5,169.5,56.2,11.5,1920,1080,0.031,930.6,175.3
Round1,Q2,121,60.5,CYBERCX,0.6738,844.7,168.5,51.3,12.5,1920,1080,0.031,870.3,174.8
Round1,Q2,122,61.0,ACCESS_COVERS,0.7832,884.7,185.6,53.1,10.7,1920,1080,0.027,911.2,190.9
Round1,Q2,122,61.0,CYBERCX,0.6789,826.6,184.5,50.3,10.6,1920,1080,0.026,851.7,189.8
Round1,Q2,123,61.5,ACCESS_COVERS,0.8201,867.8,194.5,51.6,11.1,1920,1080,0.028,893.6,200.0
Round1,Q2,123,61.5,CYBERCX,0.7047,813.3,193.4,47.3,11.3,1920,1080,0.026,837.0,199.1
Round1,Q2,124,62.0,ACCESS_COVERS,0.7951,852.4,202.2,50.1,10.3,1920,1080,0.025,877.5,207.4
Round1,Q2,124,62.0,CYBERCX,0.7154,798.4,201.3,47.0,10.1,1920,1080,0.023,821.9,206.3
Round1,Q2,125,62.5,ACCESS_COVERS,0.7971,837.2,208.1,50.1,10.0,1920,1080,0.024,862.2,213.1
Round1,Q2,125,62.5,CYBERCX,0.6653,784.8,208.1,46.0,9.8,1920,1080,0.022,807.8,213.0
Round1,Q2,126,63.0,ACCESS_COVERS,0.7946,821.9,215.3,48.9,10.1,1920,1080,0.024,846.3,220.3
Round1,Q2,126,63.0,CYBERCX,0.7119,768.6,213.3,46.0,10.9,1920,1080,0.024,791.6,218.8
Round1,Q2,127,63.5,ACCESS_COVERS,0.7548,807.7,222.0,49.1,10.5,1920,1080,0.025,832.2,227.2
Round1,Q2,127,63.5,CYBERCX,0.6853,756.1,221.6,45.1,9.9,1920,1080,0.022,778.6,226.6
Round1,Q2,128,64.0,ACCESS_COVERS,0.7586,794.8,229.5,48.7,10.0,1920,1080,0.023,819.1,234.5
Round1,Q2,128,64.0,CYBERCX,0.6503,744.2,229.1,44.1,9.8,1920,1080,0.021,766.2,234.0
Round1,Q2,129,64.5,ACCESS_COVERS,0.7893,784.1,235.4,48.5,10.6,1920,1080,0.025,808.4,240.7
Round1,Q2,129,64.5,CYBERCX,0.4864,736.4,234.8,40.7,11.2,1920,1080,0.022,756.7,240.4
Round1,Q2,130,65.0,ACCESS_COVERS,0.7428,773.6,241.3,47.6,9.7,1920,1080,0.022,797.4,246.2
Round1,Q2,130,65.0,CYBERCX,0.575,726.1,240.8,42.0,9.5,1920,1080,0.019,747.1,245.6
Round1,Q2,131,65.5,ACCESS_COVERS,0.6507,767.9,246.0,44.7,10.3,1920,1080,0.022,790.3,251.2
Round1,Q2,131,65.5,CYBERCX,0.6381,718.6,245.9,43.6,9.8,1920,1080,0.021,740.4,250.8
Round1,Q2,132,66.0,ACCESS_COVERS,0.7752,760.4,252.1,45.5,9.1,1920,1080,0.02,783.2,256.6
Round1,Q2,132,66.0,CYBERCX,0.6285,713.3,251.5,40.8,9.4,1920,1080,0.018,733.7,256.2
Round1,Q2,142,71.0,EMIRATES,0.8805,770.5,936.7,161.7,46.8,1920,1080,0.365,851.4,960.1
Round1,Q2,143,71.5,EMIRATES,0.8816,1417.2,943.2,152.9,56.2,1920,1080,0.414,1493.6,971.2
Round1,Q2,144,72.0,EMIRATES,0.8874,338.8,269.8,97.8,46.0,1920,1080,0.217,387.7,292.8
Round1,Q2,144,72.0,EMIRATES,0.5483,1014.2,505.6,38.3,61.1,1920,1080,0.113,1033.3,536.1
Round1,Q2,145,72.5,EMIRATES,0.8802,538.5,257.4,89.9,45.0,1920,1080,0.195,583.5,279.9
Round1,Q2,146,73.0,EMIRATES,0.8838,623.9,251.6,89.5,43.1,1920,1080,0.186,668.7,273.2
Round1,Q2,146,73.0,EMIRATES,0.8458,1169.1,582.1,46.9,48.5,1920,1080,0.11,1192.5,606.3
Round1,Q2,147,73.5,EMIRATES,0.8868,1141.6,506.1,99.1,50.5,1920,1080,0.241,1191.2,531.3
Round1,Q2,147,73.5,EMIRATES,0.8754,588.2,239.4,102.5,47.8,1920,1080,0.236,639.5,263.3
Round1,Q2,148,74.0,EMIRATES,0.9016,464.9,235.4,125.1,44.1,1920,1080,0.266,527.4,257.4
Round1,Q2,148,74.0,EMIRATES,0.8739,924.8,505.0,101.4,58.0,1920,1080,0.283,975.5,534.0
Round1,Q2,148,74.0,EMIRATES,0.709,1671.4,322.9,78.4,42.3,1920,1080,0.16,1710.6,344.0
Round1,Q2,149,74.5,EMIRATES,0.8995,757.4,489.2,126.0,49.9,1920,1080,0.303,820.4,514.1
Round1,Q2,149,74.5,EMIRATES,0.8832,606.7,216.8,88.8,44.9,1920,1080,0.192,651.1,239.2
Round1,Q2,149,74.5,EMIRATES,0.8374,1323.7,466.3,45.9,61.4,1920,1080,0.136,1346.7,497.0
Round1,Q2,150,75.0,EMIRATES,0.9073,868.9,220.3,142.5,48.3,1920,1080,0.332,940.2,244.4
Round1,Q2,150,75.0,EMIRATES,0.892,1249.9,475.6,59.5,49.3,1920,1080,0.141,1279.7,500.2
Round1,Q2,150,75.0,EMIRATES,0.8777,815.9,483.9,121.4,58.1,1920,1080,0.34,876.6,513.0
Round1,Q2,151,75.5,EMIRATES,0.8897,762.4,467.1,139.7,54.0,1920,1080,0.364,832.2,494.1
Round1,Q2,151,75.5,EMIRATES,0.7557,1384.3,393.2,59.4,44.5,1920,1080,0.127,1414.1,415.4
Round1,Q2,152,76.0,EMIRATES,0.9118,1609.4,285.3,150.6,43.3,1920,1080,0.315,1684.7,306.9
Round1,Q2,152,76.0,EMIRATES,0.8947,1219.7,447.5,109.1,39.7,1920,1080,0.209,1274.3,467.3
Round1,Q2,152,76.0,EMIRATES,0.8902,739.2,465.4,137.7,44.3,1920,1080,0.294,808.1,487.6
Round1,Q2,153,76.5,EMIRATES,0.9037,691.2,530.9,128.9,37.7,1920,1080,0.234,755.7,549.7
Round1,Q2,153,76.5,EMIRATES,0.8968,1141.0,526.6,114.5,38.9,1920,1080,0.215,1198.3,546.1
Round1,Q2,154,77.0,EMIRATES,0.8967,1061.9,576.3,121.8,35.2,1920,1080,0.207,1122.8,593.9
Round1,Q2,154,77.0,EMIRATES,0.8943,646.9,522.8,136.8,39.1,1920,1080,0.258,715.3,542.4
Round1,Q2,155,77.5,EMIRATES,0.8887,631.9,498.7,104.1,48.7,1920,1080,0.244,683.9,523.1
Round1,Q2,155,77.5,EMIRATES,0.8778,1190.1,600.6,119.6,54.5,1920,1080,0.315,1249.9,627.9
Round1,Q2,156,78.0,EMIRATES,0.8871,1418.9,664.4,116.1,33.4,1920,1080,0.187,1476.9,681.1
Round1,Q2,156,78.0,EMIRATES,0.8868,679.2,477.7,50.9,43.1,1920,1080,0.106,704.7,499.3
Round1,Q2,157,78.5,EMIRATES,0.8877,761.0,474.2,96.3,43.7,1920,1080,0.203,809.2,496.0
Round1,Q2,157,78.5,EMIRATES,0.8622,1837.9,683.3,82.1,46.5,1920,1080,0.184,1878.9,706.6
Round1,Q2,158,79.0,EMIRATES,0.8869,798.5,480.6,114.5,54.3,1920,1080,0.3,855.7,507.8
Round1,Q2,159,79.5,EMIRATES,0.8861,922.8,445.8,128.2,52.5,1920,1080,0.325,986.9,472.0
Round1,Q2,174,87.0,EMIRATES,0.836,540.1,598.6,31.5,32.6,1920,1080,0.049,555.9,614.9
Round1,Q2,177,88.5,EMIRATES,0.4478,601.0,328.1,22.3,18.3,1920,1080,0.02,612.1,337.2
Round1,Q2,178,89.0,EMIRATES,0.8906,1057.9,425.5,45.7,18.1,1920,1080,0.04,1080.7,434.6
Round1,Q2,178,89.0,EMIRATES,0.8681,1857.9,527.1,48.9,17.9,1920,1080,0.042,1882.4,536.0
Round1,Q2,178,89.0,EMIRATES,0.8333,690.4,312.5,27.5,15.9,1920,1080,0.021,704.1,320.4
Round1,Q2,179,89.5,EMIRATES,0.8648,1686.3,457.4,57.4,17.9,1920,1080,0.05,1715.0,466.4
Round1,Q2,179,89.5,EMIRATES,0.7804,518.8,498.0,42.1,15.8,1920,1080,0.032,539.9,505.9
Round1,Q2,179,89.5,EMIRATES,0.7104,795.0,420.3,42.8,35.1,1920,1080,0.072,816.4,437.8
Round1,Q2,180,90.0,EMIRATES,0.871,516.6,479.5,58.2,21.6,1920,1080,0.061,545.7,490.3
Round1,Q2,180,90.0,EMIRATES,0.8583,0.2,549.4,49.4,21.6,1920,1080,0.051,24.9,560.2
Round1,Q2,180,90.0,EMIRATES,0.8564,616.9,795.4,50.5,39.6,1920,1080,0.097,642.1,815.2
Round1,Q2,180,90.0,EMIRATES,0.6439,1348.4,459.0,58.4,17.9,1920,1080,0.05,1377.6,467.9
Round1,Q2,181,90.5,EMIRATES,0.8898,621.5,799.7,57.3,21.9,1920,1080,0.061,650.2,810.7
Round1,Q2,181,90.5,EMIRATES,0.8594,425.3,339.6,58.7,18.9,1920,1080,0.053,454.7,349.0
Round1,Q2,182,91.0,EMIRATES,0.8574,523.3,398.5,67.7,16.9,1920,1080,0.055,557.2,407.0
Round1,Q2,182,91.0,EMIRATES,0.8438,835.5,779.5,71.6,22.1,1920,1080,0.076,871.3,790.5
Round1,Q2,185,92.5,EMIRATES,0.7842,206.1,771.7,68.4,14.5,1920,1080,0.048,240.3,778.9
Round1,Q2,186,93.0,ACCESS_COVERS,0.7131,1844.6,141.9,75.3,27.4,1920,1080,0.099,1882.2,155.5
Round1,Q2,194,97.0,EMIRATES,0.8742,794.4,490.4,42.8,14.6,1920,1080,0.03,815.8,497.8
Round1,Q2,194,97.0,EMIRATES,0.6109,1463.5,567.3,46.3,15.5,1920,1080,0.035,1486.6,575.0
Round1,Q2,195,97.5,EMIRATES,0.8781,1211.7,304.0,64.7,23.8,1920,1080,0.074,1244.1,315.9
Round1,Q2,195,97.5,EMIRATES,0.8644,751.1,353.3,62.4,20.9,1920,1080,0.063,782.3,363.8
Round1,Q2,195,97.5,EMIRATES,0.6275,1105.4,501.9,55.5,15.5,1920,1080,0.041,1133.1,509.6
Round1,Q2,196,98.0,EMIRATES,0.895,887.5,425.1,57.1,21.1,1920,1080,0.058,916.1,435.6
Round1,Q2,196,98.0,EMIRATES,0.8155,1771.6,265.4,61.8,26.7,1920,1080,0.08,1802.5,278.8
Round1,Q2,196,98.0,EMIRATES,0.4934,957.6,262.6,52.7,25.9,1920,1080,0.066,984.0,275.5
Round1,Q2,197,98.5,EMIRATES,0.8343,814.2,518.5,75.2,31.5,1920,1080,0.114,851.8,534.2
Round1,Q2,197,98.5,EMIRATES,0.8246,211.8,693.6,84.7,29.3,1920,1080,0.12,254.1,708.3
Round1,Q2,205,102.5,EMIRATES,0.8754,1568.5,468.7,63.7,21.8,1920,1080,0.067,1600.3,479.6
Round1,Q2,205,102.5,EMIRATES,0.8735,179.7,797.1,73.2,26.6,1920,1080,0.094,216.3,810.4
Round1,Q2,205,102.5,EMIRATES,0.363,1042.5,388.5,24.2,42.8,1920,1080,0.05,1054.6,409.9
Round1,Q2,206,103.0,EMIRATES,0.8943,595.5,700.9,56.3,25.4,1920,1080,0.069,623.7,713.5
Round1,Q2,206,103.0,EMIRATES,0.8836,1742.4,416.8,65.7,22.0,1920,1080,0.07,1775.2,427.8
Round1,Q2,207,103.5,EMIRATES,0.9002,280.0,178.4,41.3,23.8,1920,1080,0.047,300.6,190.3
Round1,Q2,207,103.5,EMIRATES,0.8823,1724.9,281.9,68.1,18.8,1920,1080,0.062,1759.0,291.3
Round1,Q2,207,103.5,EMIRATES,0.8722,560.2,651.3,70.9,27.4,1920,1080,0.094,595.6,665.0
Round1,Q2,207,103.5,EMIRATES,0.308,802.3,230.1,36.0,15.0,1920,1080,0.026,820.3,237.6
Round1,Q2,208,104.0,EMIRATES,0.8854,1681.5,392.0,57.6,18.8,1920,1080,0.052,1710.2,401.4
Round1,Q2,208,104.0,EMIRATES,0.8564,587.1,647.8,77.2,31.3,1920,1080,0.117,625.7,663.5
Round1,Q2,209,104.5,EMIRATES,0.8758,929.4,137.1,49.3,26.8,1920,1080,0.064,954.1,150.4
Round1,Q2,209,104.5,EMIRATES,0.8166,914.7,501.2,68.7,19.2,1920,1080,0.064,949.0,510.8
Round1,Q2,209,104.5,EMIRATES,0.4616,1037.7,320.8,41.3,20.0,1920,1080,0.04,1058.3,330.8
Round1,Q2,210,105.0,EMIRATES,0.8743,1092.7,124.9,51.5,19.6,1920,1080,0.049,1118.5,134.7
Round1,Q2,210,105.0,EMIRATES,0.4199,1197.1,287.3,25.2,18.9,1920,1080,0.023,1209.7,296.8
Round1,Q2,210,105.0,EMIRATES,0.3262,982.7,367.9,66.6,29.1,1920,1080,0.094,1016.0,382.4
Round1,Q2,211,105.5,EMIRATES,0.8855,778.4,284.3,75.8,21.1,1920,1080,0.077,816.3,294.8
Round1,Q2,228,114.0,EMIRATES,0.8131,1159.4,270.1,55.4,24.1,1920,1080,0.065,1187.2,282.2
Round1,Q2,229,114.5,EMIRATES,0.872,1282.4,236.8,55.1,45.0,1920,1080,0.119,1310.0,259.3
Round1,Q2,229,114.5,EMIRATES,0.7947,1264.3,427.3,47.8,18.5,1920,1080,0.043,1288.2,436.5
Round1,Q2,230,115.0,EMIRATES,0.8391,568.6,632.9,51.9,20.6,1920,1080,0.052,594.6,643.2
Round1,Q2,231,115.5,EMIRATES,0.8485,1011.0,825.8,74.6,27.8,1920,1080,0.1,1048.3,839.7
Round1,Q2,232,116.0,EMIRATES,0.8665,1467.4,898.7,76.3,25.5,1920,1080,0.094,1505.5,911.4
Round1,Q2,232,116.0,EMIRATES,0.5576,868.7,293.4,55.8,14.4,1920,1080,0.039,896.6,300.6
Round1,Q2,233,116.5,EMIRATES,0.8352,1387.9,790.2,34.2,42.1,1920,1080,0.069,1404.9,811.2
Round1,Q2,234,117.0,EMIRATES,0.8688,1389.8,749.7,32.7,22.6,1920,1080,0.036,1406.2,761.0
Round1,Q2,235,117.5,EMIRATES,0.8727,1254.6,827.9,66.0,21.7,1920,1080,0.069,1287.7,838.7
Round1,Q2,236,118.0,EMIRATES,0.8613,582.0,911.6,78.0,21.0,1920,1080,0.079,621.0,922.1
Round1,Q2,236,118.0,EMIRATES,0.5718,891.2,240.1,21.7,15.6,1920,1080,0.016,902.1,247.9
Round1,Q2,237,118.5,EMIRATES,0.8573,215.9,1060.1,64.3,18.9,1920,1080,0.059,248.0,1069.5
Round1,Q2,239,119.5,EMIRATES,0.8691,963.3,319.1,39.7,27.7,1920,1080,0.053,983.2,332.9
Round1,Q2,241,120.5,EMIRATES,0.4315,1619.6,374.9,32.4,23.1,1920,1080,0.036,1635.8,386.5
Round1,Q2,242,121.0,EMIRATES,0.8641,1697.9,824.0,61.8,23.5,1920,1080,0.07,1728.8,835.8
Round1,Q2,242,121.0,EMIRATES,0.8499,1747.5,347.0,47.4,22.9,1920,1080,0.052,1771.2,358.4
Round1,Q2,243,121.5,EMIRATES,0.8808,1396.2,812.9,58.7,19.7,1920,1080,0.056,1425.5,822.7
Round1,Q2,244,122.0,EMIRATES,0.8614,928.1,835.5,66.6,21.7,1920,1080,0.07,961.4,846.3
Round1,Q2,245,122.5,EMIRATES,0.8255,356.4,838.4,71.7,21.6,1920,1080,0.074,392.3,849.2
Round1,Q2,247,123.5,EMIRATES,0.8886,1454.0,368.4,55.7,21.7,1920,1080,0.058,1481.9,379.3
Round1,Q2,248,124.0,ACCESS_COVERS,0.7841,1534.6,206.9,250.5,57.5,1920,1080,0.694,1659.8,235.6
Round1,Q2,249,124.5,ACCESS_COVERS,0.7653,1526.7,212.9,239.2,54.0,1920,1080,0.623,1646.3,239.9
Round1,Q2,250,125.0,ACCESS_COVERS,0.7755,1514.9,222.6,239.1,53.1,1920,1080,0.612,1634.5,249.1
Round1,Q2,251,125.5,ACCESS_COVERS,0.7777,1506.0,230.8,229.6,54.1,1920,1080,0.599,1620.8,257.9
Round1,Q2,252,126.0,ACCESS_COVERS,0.7459,1511.2,235.6,222.9,48.4,1920,1080,0.52,1622.6,259.8
Round1,Q2,253,126.5,ACCESS_COVERS,0.7919,1514.9,237.5,217.7,52.3,1920,1080,0.549,1623.7,263.7
Round1,Q2,254,127.0,ACCESS_COVERS,0.7791,1519.4,245.9,211.8,48.6,1920,1080,0.496,1625.3,270.2
Round1,Q2,255,127.5,ACCESS_COVERS,0.8052,1505.0,251.3,207.7,49.7,1920,1080,0.498,1608.9,276.2
Round1,Q2,256,128.0,ACCESS_COVERS,0.8098,1497.6,258.8,193.0,46.8,1920,1080,0.436,1594.1,282.2
Round1,Q2,257,128.5,ACCESS_COVERS,0.7981,1486.0,261.5,198.5,47.2,1920,1080,0.452,1585.3,285.1
Round1,Q2,258,129.0,ACCESS_COVERS,0.8112,1483.9,268.5,197.2,45.9,1920,1080,0.436,1582.5,291.4
Round1,Q2,259,129.5,ACCESS_COVERS,0.8082,1484.7,273.2,195.5,45.2,1920,1080,0.426,1582.4,295.8
Round1,Q2,263,131.5,EMIRATES,0.8979,1573.8,411.6,93.1,37.6,1920,1080,0.169,1620.3,430.4
Round1,Q2,264,132.0,EMIRATES,0.9042,1285.4,332.5,76.2,42.0,1920,1080,0.154,1323.5,353.6
Round1,Q2,265,132.5,EMIRATES,0.8957,1324.7,381.6,74.2,26.2,1920,1080,0.094,1361.8,394.7
Round1,Q2,266,133.0,EMIRATES,0.4342,1289.3,393.7,21.5,25.2,1920,1080,0.026,1300.0,406.3
Round1,Q2,267,133.5,EMIRATES,0.8958,1266.4,357.3,62.5,23.3,1920,1080,0.07,1297.7,368.9
Round1,Q2,268,134.0,EMIRATES,0.885,847.0,319.9,50.6,16.8,1920,1080,0.041,872.3,328.3
Round1,Q2,269,134.5,EMIRATES,0.8975,1066.4,415.4,56.6,19.9,1920,1080,0.054,1094.8,425.3
Round1,Q2,269,134.5,EMIRATES,0.8852,1375.7,180.1,35.2,15.2,1920,1080,0.026,1393.3,187.7
Round1,Q2,269,134.5,EMIRATES,0.8679,1830.2,58.5,33.0,16.5,1920,1080,0.026,1846.8,66.8
Round1,Q2,270,135.0,EMIRATES,0.8871,1164.3,412.7,43.6,23.2,1920,1080,0.049,1186.1,424.3
Round1,Q2,270,135.0,EMIRATES,0.8841,1292.6,197.3,40.0,16.8,1920,1080,0.032,1312.6,205.7
Round1,Q2,271,135.5,EMIRATES,0.816,1727.7,278.2,46.4,17.5,1920,1080,0.039,1750.9,286.9
Round1,Q2,272,136.0,EMIRATES,0.8303,1527.7,361.7,52.4,18.7,1920,1080,0.047,1553.9,371.0
Round1,Q2,272,136.0,EMIRATES,0.6931,64.6,580.5,34.6,16.3,1920,1080,0.027,81.9,588.6
Round1,Q2,273,136.5,EMIRATES,0.89,324.8,598.4,41.2,28.8,1920,1080,0.057,345.4,612.8
Round1,Q2,273,136.5,EMIRATES,0.8835,926.7,457.1,42.1,15.8,1920,1080,0.032,947.7,465.0
Round1,Q2,273,136.5,EMIRATES,0.7907,1143.4,339.3,35.9,22.8,1920,1080,0.04,1161.4,350.7
Round1,Q2,274,137.0,EMIRATES,0.8221,516.9,168.7,51.6,17.9,1920,1080,0.045,542.7,177.6
Round1,Q2,274,137.0,EMIRATES,0.5427,263.5,479.4,23.2,21.4,1920,1080,0.024,275.1,490.1
Round1,Q2,275,137.5,EMIRATES,0.8602,0.0,280.9,47.7,24.7,1920,1080,0.057,23.8,293.2
Round1,Q2,275,137.5,EMIRATES,0.6331,507.3,236.5,35.3,20.6,1920,1080,0.035,525.0,246.8
Round1,Q2,275,137.5,EMIRATES,0.5326,1129.8,465.6,27.9,19.2,1920,1080,0.026,1143.8,475.2
Round1,Q2,277,138.5,EMIRATES,0.8361,1111.2,327.6,41.8,19.0,1920,1080,0.038,1132.1,337.1
Round1,Q2,279,139.5,EMIRATES,0.8829,686.8,381.0,26.6,17.0,1920,1080,0.022,700.1,389.5
Round1,Q2,280,140.0,EMIRATES,0.6339,1770.9,701.1,53.5,15.3,1920,1080,0.04,1797.6,708.7
Round1,Q2,281,140.5,EMIRATES,0.8353,1400.8,644.7,57.4,17.1,1920,1080,0.047,1429.5,653.3
Round1,Q2,281,140.5,EMIRATES,0.743,126.5,11.0,52.1,21.9,1920,1080,0.055,152.5,22.0
Round1,Q2,281,140.5,EMIRATES,0.5044,1099.0,356.0,26.4,11.6,1920,1080,0.015,1112.2,361.9
Round1,Q2,282,141.0,EMIRATES,0.6484,328.6,695.4,87.0,20.0,1920,1080,0.084,372.2,705.4
Round1,Q2,283,141.5,ACCESS_COVERS,0.8184,301.4,52.1,164.0,38.1,1920,1080,0.301,383.3,71.2
Round1,Q2,284,142.0,ACCESS_COVERS,0.8265,5.0,65.5,167.3,39.8,1920,1080,0.321,88.6,85.4
Round1,Q2,287,143.5,EMIRATES,0.7581,621.3,285.8,27.3,21.8,1920,1080,0.029,635.0,296.7
Round1,Q2,288,144.0,EMIRATES,0.7102,495.4,232.8,24.5,9.9,1920,1080,0.012,507.7,237.8
Round1,Q2,289,144.5,EMIRATES,0.8755,249.9,358.9,54.3,14.7,1920,1080,0.038,277.0,366.2
Round1,Q2,290,145.0,EMIRATES,0.8547,1169.0,410.0,59.5,25.6,1920,1080,0.073,1198.7,422.8
Round1,Q2,290,145.0,EMIRATES,0.8505,196.1,337.7,55.1,27.7,1920,1080,0.073,223.7,351.5
Round1,Q2,290,145.0,EMIRATES,0.8468,520.6,429.1,65.6,26.4,1920,1080,0.084,553.4,442.3
Round1,Q2,291,145.5,EMIRATES,0.8782,1144.9,407.8,55.1,30.8,1920,1080,0.082,1172.4,423.2
Round1,Q2,291,145.5,EMIRATES,0.8597,979.6,491.3,76.8,24.5,1920,1080,0.091,1017.9,503.5
Round1,Q2,291,145.5,EMIRATES,0.8533,832.6,321.2,56.1,22.4,1920,1080,0.061,860.7,332.4
Round1,Q2,292,146.0,EMIRATES,0.8877,1057.4,361.4,38.3,22.7,1920,1080,0.042,1076.5,372.7
Round1,Q2,292,146.0,EMIRATES,0.8347,351.8,443.9,84.5,21.4,1920,1080,0.087,394.0,454.5
Round1,Q2,292,146.0,EMIRATES,0.8285,773.9,607.1,62.7,25.2,1920,1080,0.076,805.3,619.7
Round1,Q2,293,146.5,EMIRATES,0.8804,35.5,728.8,70.7,23.5,1920,1080,0.08,70.8,740.5
Round1,Q2,296,148.0,EMIRATES,0.6118,1820.5,743.8,29.9,131.6,1920,1080,0.19,1835.5,809.6
Round1,Q2,296,148.0,EMIRATES,0.5958,1622.4,715.6,25.3,91.1,1920,1080,0.111,1635.0,761.1
Round1,Q2,296,148.0,EMIRATES,0.5816,1444.7,688.8,22.9,105.6,1920,1080,0.117,1456.2,741.6
Round1,Q2,297,148.5,EMIRATES,0.6833,1455.7,792.7,21.1,93.2,1920,1080,0.095,1466.2,839.3
Round1,Q2,297,148.5,EMIRATES,0.6004,1626.8,818.3,20.5,61.1,1920,1080,0.06,1637.1,848.8
Round1,Q2,297,148.5,EMIRATES,0.5236,1302.3,769.2,18.4,84.7,1920,1080,0.075,1311.5,811.6
Round1,Q2,297,148.5,EMIRATES,0.3875,1162.1,746.8,16.8,95.6,1920,1080,0.077,1170.5,794.6
Round1,Q2,298,149.0,EMIRATES,0.562,1143.5,746.8,16.4,94.9,1920,1080,0.075,1151.6,794.2
Round1,Q2,298,149.0,ACCESS_COVERS,0.5341,1420.0,208.0,96.5,22.6,1920,1080,0.105,1468.2,219.3
Round1,Q2,298,149.0,EMIRATES,0.4686,1005.6,725.7,15.6,93.4,1920,1080,0.07,1013.4,772.4
Round1,Q2,298,149.0,EMIRATES,0.3629,1295.5,769.3,16.1,77.6,1920,1080,0.06,1303.5,808.1
Round1,Q2,298,149.0,EMIRATES,0.3241,1461.7,793.7,14.8,56.5,1920,1080,0.04,1469.1,822.0
Round1,Q2,299,149.5,ACCESS_COVERS,0.7613,1332.8,123.5,103.6,26.4,1920,1080,0.132,1384.6,136.6
Round1,Q2,299,149.5,EMIRATES,0.386,1378.0,763.5,14.5,60.1,1920,1080,0.042,1385.3,793.5
Round1,Q2,300,150.0,EMIRATES,0.3961,769.0,679.9,13.1,56.8,1920,1080,0.036,775.6,708.3
Round1,Q2,301,150.5,EMIRATES,0.7451,1087.1,675.3,14.7,67.3,1920,1080,0.048,1094.5,708.9
Round1,Q2,301,150.5,EMIRATES,0.7076,1316.2,636.5,13.8,68.0,1920,1080,0.045,1323.1,670.5
Round1,Q2,301,150.5,EMIRATES,0.704,681.2,613.9,14.3,62.2,1920,1080,0.043,688.3,645.0
Round1,Q2,301,150.5,EMIRATES,0.6352,1085.3,604.7,14.7,66.8,1920,1080,0.047,1092.7,638.1
Round1,Q2,301,150.5,EMIRATES,0.6016,1316.9,710.2,14.5,70.4,1920,1080,0.049,1324.1,745.3
Round1,Q2,301,150.5,EMIRATES,0.5916,874.7,576.3,14.8,65.6,1920,1080,0.047,882.1,609.1
Round1,Q2,302,151.0,EMIRATES,0.7905,1329.3,580.5,16.4,79.5,1920,1080,0.063,1337.5,620.3
Round1,Q2,302,151.0,EMIRATES,0.7869,1329.5,667.2,16.7,82.1,1920,1080,0.066,1337.9,708.2
Round1,Q2,302,151.0,EMIRATES,0.7708,577.2,555.3,16.3,71.7,1920,1080,0.056,585.4,591.1
Round1,Q2,302,151.0,EMIRATES,0.7471,1057.3,544.5,16.1,77.6,1920,1080,0.06,1065.3,583.3
Round1,Q2,302,151.0,EMIRATES,0.7337,806.7,510.4,17.1,75.0,1920,1080,0.062,815.2,547.9
Round1,Q2,302,151.0,EMIRATES,0.7033,575.4,476.6,15.3,72.7,1920,1080,0.053,583.0,512.9
Round1,Q2,302,151.0,EMIRATES,0.6737,1058.4,627.6,16.5,78.2,1920,1080,0.062,1066.7,666.6
Round1,Q2,303,151.5,EMIRATES,0.8127,1373.9,637.2,19.1,92.1,1920,1080,0.085,1383.4,683.3
Round1,Q2,303,151.5,EMIRATES,0.804,1063.0,591.6,19.3,87.4,1920,1080,0.081,1072.6,635.3
Round1,Q2,303,151.5,EMIRATES,0.8012,777.2,549.4,17.4,85.5,1920,1080,0.072,785.9,592.1
Round1,Q2,303,151.5,EMIRATES,0.7998,511.2,504.9,18.2,86.7,1920,1080,0.076,520.4,548.3
Round1,Q2,303,151.5,EMIRATES,0.7925,1371.8,535.1,20.1,92.1,1920,1080,0.089,1381.9,581.2
Round1,Q2,303,151.5,EMIRATES,0.7923,775.3,455.3,18.3,85.3,1920,1080,0.075,784.5,498.0
Round1,Q2,303,151.5,EMIRATES,0.7825,1061.1,494.9,19.3,87.6,1920,1080,0.082,1070.7,538.6
Round1,Q2,303,151.5,EMIRATES,0.777,508.8,417.3,16.6,81.1,1920,1080,0.065,517.1,457.8
Round1,Q2,304,152.0,EMIRATES,0.8633,806.9,751.2,50.5,18.1,1920,1080,0.044,832.1,760.3
Round1,Q2,305,152.5,EMIRATES,0.5775,779.2,772.1,32.9,22.5,1920,1080,0.036,795.6,783.4
Round1,Q2,306,153.0,EMIRATES,0.3709,70.2,836.0,38.1,15.7,1920,1080,0.029,89.2,843.8
Round1,Q2,307,153.5,EMIRATES,0.721,499.2,805.0,34.5,16.6,1920,1080,0.028,516.4,813.3
Round1,Q2,308,154.0,EMIRATES,0.6619,865.6,682.7,37.4,16.2,1920,1080,0.029,884.3,690.8
Round1,Q2,309,154.5,EMIRATES,0.834,976.6,499.1,45.9,32.7,1920,1080,0.072,999.5,515.4
Round1,Q2,309,154.5,EMIRATES,0.6596,913.9,543.5,33.0,25.9,1920,1080,0.041,930.4,556.5
Round1,Q2,310,155.0,EMIRATES,0.8923,1040.5,480.1,98.5,42.2,1920,1080,0.201,1089.8,501.2
Round1,Q2,310,155.0,EMIRATES,0.8842,783.3,480.2,104.1,37.2,1920,1080,0.187,835.3,498.8
Round1,Q2,311,155.5,EMIRATES,0.8731,914.2,428.5,59.7,46.5,1920,1080,0.134,944.0,451.8
Round1,Q2,311,155.5,EMIRATES,0.8669,723.0,500.1,100.0,37.6,1920,1080,0.181,773.0,518.9
Round1,Q2,312,156.0,EMIRATES,0.8866,831.0,524.2,101.8,39.5,1920,1080,0.194,881.9,543.9
Round1,Q2,312,156.0,EMIRATES,0.8858,941.8,380.0,86.5,39.0,1920,1080,0.163,985.1,399.5
Round1,Q2,313,156.5,EMIRATES,0.7339,865.6,4.0,77.4,197.6,1920,1080,0.738,904.3,102.8
Round1,Q2,314,157.0,EMIRATES,0.7507,722.4,5.5,83.7,184.2,1920,1080,0.743,764.2,97.6
Round1,Q2,314,157.0,EMIRATES,0.6705,720.5,261.7,92.5,517.1,1920,1080,2.306,766.7,520.3
Round1,Q2,315,157.5,EMIRATES,0.7554,653.3,1.5,82.3,162.3,1920,1080,0.645,694.5,82.7
Round1,Q2,315,157.5,EMIRATES,0.6766,654.5,252.9,89.8,524.4,1920,1080,2.271,699.4,515.1
Round1,Q2,316,158.0,EMIRATES,0.7586,532.3,4.6,79.8,142.3,1920,1080,0.548,572.2,75.7
Round1,Q2,316,158.0,EMIRATES,0.5552,520.2,237.9,101.4,546.6,1920,1080,2.673,570.9,511.2
Round1,Q2,317,158.5,EMIRATES,0.6405,466.2,2.7,76.1,131.2,1920,1080,0.482,504.2,68.3
Round1,Q2,317,158.5,EMIRATES,0.4812,464.9,222.9,90.5,259.6,1920,1080,1.133,510.2,352.7
Round1,Q2,318,159.0,EMIRATES,0.6631,396.8,6.3,88.0,107.9,1920,1080,0.458,440.7,60.3
Round1,Q2,318,159.0,EMIRATES,0.5212,392.4,185.5,103.9,636.6,1920,1080,3.19,444.3,503.8
Round1,Q2,319,159.5,EMIRATES,0.5483,378.6,192.1,94.5,626.2,1920,1080,2.853,425.8,505.2
Round1,Q2,319,159.5,EMIRATES,0.4258,383.4,3.4,76.0,86.1,1920,1080,0.315,421.4,46.4
Round1,Q2,320,160.0,EMIRATES,0.5371,330.2,146.8,106.0,660.1,1920,1080,3.376,383.2,476.8
Round1,Q2,320,160.0,EMIRATES,0.3969,337.8,2.8,86.7,77.1,1920,1080,0.323,381.2,41.4
Round1,Q2,321,160.5,EMIRATES,0.6149,268.0,2.5,84.5,66.4,1920,1080,0.271,310.3,35.7
Round1,Q2,321,160.5,EMIRATES,0.5671,261.0,167.0,107.0,663.7,1920,1080,3.424,314.5,498.9
Round1,Q2,322,161.0,EMIRATES,0.5584,200.7,191.8,103.0,612.8,1920,1080,3.044,252.2,498.2
Round1,Q2,322,161.0,EMIRATES,0.4541,205.4,3.3,82.0,66.9,1920,1080,0.265,246.4,36.7
Round1,Q2,323,161.5,EMIRATES,0.5698,172.4,192.2,105.8,600.5,1920,1080,3.064,225.3,492.4
Round1,Q2,323,161.5,EMIRATES,0.5277,179.7,2.6,83.3,66.9,1920,1080,0.269,221.3,36.0
Round1,Q2,324,162.0,EMIRATES,0.6207,139.4,1.3,82.1,62.8,1920,1080,0.249,180.5,32.6
Round1,Q2,324,162.0,EMIRATES,0.588,140.4,185.2,98.6,631.9,1920,1080,3.003,189.7,501.2
Round1,Q2,328,164.0,EMIRATES,0.8593,1599.7,557.6,30.8,17.9,1920,1080,0.027,1615.1,566.6
Round1,Q2,329,164.5,EMIRATES,0.8619,1598.4,555.6,30.0,18.5,1920,1080,0.027,1613.4,564.9
Round1,Q2,330,165.0,EMIRATES,0.8674,1596.4,554.3,30.1,19.1,1920,1080,0.028,1611.5,563.8
Round1,Q2,331,165.5,EMIRATES,0.8699,1596.2,554.3,30.3,19.0,1920,1080,0.028,1611.3,563.8
Round1,Q2,332,166.0,EMIRATES,0.8821,1596.6,554.9,30.6,18.8,1920,1080,0.028,1611.9,564.3
Round1,Q2,333,166.5,EMIRATES,0.8804,1596.9,555.0,30.3,18.8,1920,1080,0.027,1612.0,564.4
Round1,Q2,334,167.0,EMIRATES,0.8813,1596.6,554.9,30.5,18.8,1920,1080,0.028,1611.9,564.3
Round1,Q2,335,167.5,EMIRATES,0.8814,1596.7,554.9,30.4,18.8,1920,1080,0.028,1611.9,564.3
Round1,Q2,336,168.0,EMIRATES,0.8869,1599.5,557.4,31.1,18.0,1920,1080,0.027,1615.1,566.4
Round1,Q2,337,168.5,EMIRATES,0.8833,1599.0,556.6,30.6,18.4,1920,1080,0.027,1614.3,565.8
Round1,Q2,338,169.0,EMIRATES,0.8832,1596.7,555.0,30.5,18.6,1920,1080,0.027,1611.9,564.3
Round1,Q2,339,169.5,EMIRATES,0.877,1595.9,551.1,29.8,19.9,1920,1080,0.029,1610.8,561.1
Round1,Q2,340,170.0,EMIRATES,0.8862,1596.5,554.2,30.2,18.8,1920,1080,0.027,1611.7,563.6
Round1,Q2,341,170.5,EMIRATES,0.8821,1598.9,556.3,30.6,18.4,1920,1080,0.027,1614.2,565.5
Round1,Q2,342,171.0,EMIRATES,0.8837,1599.0,556.6,30.5,18.3,1920,1080,0.027,1614.2,565.8
Round1,Q2,343,171.5,EMIRATES,0.8817,1596.6,555.0,30.5,18.7,1920,1080,0.028,1611.9,564.3
Round1,Q2,344,172.0,EMIRATES,0.8793,1596.0,551.1,29.6,19.8,1920,1080,0.028,1610.8,561.0
Round1,Q2,345,172.5,EMIRATES,0.8888,1596.1,553.5,30.2,19.0,1920,1080,0.028,1611.2,563.0
Round1,Q2,346,173.0,EMIRATES,0.8766,1597.9,555.0,30.8,19.1,1920,1080,0.028,1613.3,564.6
Round1,Q2,347,173.5,EMIRATES,0.8838,1599.0,556.4,30.6,18.4,1920,1080,0.027,1614.3,565.6
Round1,Q2,348,174.0,EMIRATES,0.8831,1646.3,578.3,32.7,19.5,1920,1080,0.031,1662.6,588.1
Round1,Q2,351,175.5,CYBERCX,0.8337,948.8,867.2,375.3,122.9,1920,1080,2.224,1136.4,928.6
Round1,Q2,352,176.0,CYBERCX,0.8691,943.1,861.4,386.1,128.7,1920,1080,2.396,1136.1,925.7
Round1,Q2,353,176.5,CYBERCX,0.8611,942.5,862.2,385.4,126.6,1920,1080,2.352,1135.1,925.5
Round1,Q2,354,177.0,CYBERCX,0.8634,940.6,861.3,386.1,128.3,1920,1080,2.389,1133.6,925.4
Round1,Q2,355,177.5,CYBERCX,0.8642,941.0,862.7,386.1,127.7,1920,1080,2.377,1134.0,926.5
Round1,Q2,356,178.0,CYBERCX,0.8494,941.0,863.1,388.6,125.0,1920,1080,2.343,1135.3,925.6
Round1,Q2,357,178.5,CYBERCX,0.8389,942.6,863.4,383.4,123.6,1920,1080,2.285,1134.3,925.2
Round1,Q2,358,179.0,CYBERCX,0.6025,1430.3,431.4,65.0,15.9,1920,1080,0.05,1462.8,439.3
Round1,Q2,358,179.0,CYBERCX,0.5677,1440.6,355.6,55.8,15.5,1920,1080,0.042,1468.5,363.4
Round1,Q2,358,179.0,CYBERCX,0.5098,477.6,355.4,51.7,15.1,1920,1080,0.038,503.5,363.0
Round1,Q2,359,179.5,CYBERCX,0.5778,363.8,458.1,104.9,20.0,1920,1080,0.101,416.3,468.1
Round1,Q2,359,179.5,CYBERCX,0.5511,1562.5,452.9,112.7,19.6,1920,1080,0.107,1618.8,462.7
Round1,Q2,359,179.5,CYBERCX,0.4661,1426.7,461.9,103.3,19.5,1920,1080,0.097,1478.4,471.6
Round1,Q2,359,179.5,CYBERCX,0.4612,1185.5,473.8,91.2,16.4,1920,1080,0.072,1231.1,482.0
Round1,Q2,359,179.5,CYBERCX,0.3748,1302.4,467.5,97.2,20.0,1920,1080,0.094,1351.0,477.5
Round1,Q2,365,182.5,EMIRATES,0.8831,1196.2,1037.2,87.1,42.8,1920,1080,0.18,1239.8,1058.6
Round1,Q2,365,182.5,EMIRATES,0.8726,927.9,571.3,139.4,48.8,1920,1080,0.328,997.5,595.7
Round1,Q2,366,183.0,EMIRATES,0.9007,1037.4,991.2,96.0,52.5,1920,1080,0.243,1085.4,1017.5
Round1,Q2,366,183.0,EMIRATES,0.8783,923.3,537.6,139.4,49.4,1920,1080,0.332,993.1,562.3
Round1,Q2,367,183.5,EMIRATES,0.8798,968.4,950.7,69.4,68.3,1920,1080,0.229,1003.1,984.9
Round1,Q2,367,183.5,EMIRATES,0.8453,1066.3,531.2,130.9,56.2,1920,1080,0.355,1131.8,559.3
Round1,Q2,369,184.5,EMIRATES,0.8726,1043.0,475.1,143.1,52.1,1920,1080,0.36,1114.6,501.1
Round1,Q2,369,184.5,EMIRATES,0.322,893.2,722.3,78.9,51.5,1920,1080,0.196,932.6,748.0
Round1,Q2,370,185.0,EMIRATES,0.8808,1114.5,444.7,140.5,51.8,1920,1080,0.351,1184.7,470.6
Round1,Q2,370,185.0,EMIRATES,0.8787,722.2,607.9,124.8,51.1,1920,1080,0.308,784.6,633.5
Round1,Q2,371,185.5,EMIRATES,0.9066,1178.1,406.9,157.5,46.0,1920,1080,0.349,1256.9,429.9
Round1,Q2,371,185.5,EMIRATES,0.8929,670.8,551.3,135.0,55.3,1920,1080,0.36,738.3,578.9
Round1,Q2,372,186.0,EMIRATES,0.91,1040.0,501.6,151.6,44.9,1920,1080,0.328,1115.8,524.0
Round1,Q2,372,186.0,EMIRATES,0.8916,451.1,508.8,150.9,57.6,1920,1080,0.419,526.5,537.6
Round1,Q2,373,186.5,EMIRATES,0.8988,1106.4,463.5,152.7,52.1,1920,1080,0.383,1182.8,489.6
Round1,Q2,373,186.5,EMIRATES,0.8722,459.0,454.6,118.3,62.4,1920,1080,0.356,518.2,485.8
Round1,Q2,374,187.0,EMIRATES,0.8996,1145.0,432.8,154.7,51.1,1920,1080,0.381,1222.3,458.3
Round1,Q2,374,187.0,EMIRATES,0.8949,254.2,488.2,66.1,54.1,1920,1080,0.173,287.2,515.2
Round1,Q2,375,187.5,EMIRATES,0.9007,1120.0,450.7,134.1,50.9,1920,1080,0.329,1187.0,476.2
Round1,Q2,375,187.5,EMIRATES,0.8813,96.4,491.8,110.5,75.9,1920,1080,0.404,151.7,529.8
Round1,Q2,376,188.0,EMIRATES,0.8727,0.0,505.9,69.6,65.4,1920,1080,0.219,34.8,538.6
Round1,Q2,378,189.0,EMIRATES,0.88,1689.6,314.6,46.1,15.3,1920,1080,0.034,1712.7,322.3
Round1,Q2,378,189.0,EMIRATES,0.8451,1222.4,400.7,47.3,17.6,1920,1080,0.04,1246.1,409.5
Round1,Q2,378,189.0,EMIRATES,0.8381,339.6,461.8,44.4,18.0,1920,1080,0.039,361.7,470.8
Round1,Q2,379,189.5,EMIRATES,0.8694,1466.4,329.5,47.2,22.2,1920,1080,0.051,1490.0,340.6
Round1,Q2,379,189.5,EMIRATES,0.8312,175.1,567.9,41.5,15.8,1920,1080,0.032,195.8,575.8
Round1,Q2,380,190.0,EMIRATES,0.8736,960.6,449.8,40.0,25.4,1920,1080,0.049,980.6,462.4
Round1,Q2,380,190.0,EMIRATES,0.8477,382.5,552.7,25.7,31.9,1920,1080,0.04,395.4,568.7
Round1,Q2,380,190.0,EMIRATES,0.355,1074.7,303.5,34.9,20.6,1920,1080,0.035,1092.2,313.7
Round1,Q2,381,190.5,EMIRATES,0.8652,413.8,209.7,51.7,18.6,1920,1080,0.046,439.6,218.9
Round1,Q2,381,190.5,EMIRATES,0.3742,595.6,196.2,41.6,16.7,1920,1080,0.034,616.4,204.6
Round1,Q2,387,193.5,EMIRATES,0.8678,1674.0,678.8,55.9,17.9,1920,1080,0.048,1702.0,687.8
Round1,Q2,387,193.5,EMIRATES,0.8252,857.0,336.0,33.8,15.8,1920,1080,0.026,873.9,343.9
Round1,Q2,388,194.0,EMIRATES,0.8634,1229.9,651.8,50.0,17.4,1920,1080,0.042,1254.9,660.5
Round1,Q2,388,194.0,EMIRATES,0.3461,0.0,9.7,39.9,13.8,1920,1080,0.027,19.9,16.6
Round1,Q2,390,195.0,EMIRATES,0.8836,1234.9,368.7,43.8,19.8,1920,1080,0.042,1256.8,378.6
Round1,Q2,395,197.5,EMIRATES,0.6689,381.9,242.6,40.3,11.3,1920,1080,0.022,402.1,248.3
Round1,Q2,396,198.0,EMIRATES,0.8866,310.2,339.6,44.5,16.7,1920,1080,0.036,332.5,347.9
Round1,Q2,396,198.0,EMIRATES,0.3054,1195.0,386.7,51.5,21.9,1920,1080,0.054,1220.7,397.7
Round1,Q2,397,198.5,EMIRATES,0.8937,587.6,485.4,67.0,19.6,1920,1080,0.063,621.1,495.1
Round1,Q2,397,198.5,EMIRATES,0.8651,1165.8,435.1,56.1,18.4,1920,1080,0.05,1193.8,444.3
Round1,Q2,397,198.5,EMIRATES,0.8571,311.2,362.0,56.7,19.1,1920,1080,0.052,339.6,371.6
Round1,Q2,398,199.0,EMIRATES,0.891,1093.2,527.8,63.5,19.0,1920,1080,0.058,1124.9,537.3
Round1,Q2,398,199.0,EMIRATES,0.8824,1053.6,403.4,74.0,21.1,1920,1080,0.075,1090.6,413.9
Round1,Q2,398,199.0,EMIRATES,0.7139,1049.4,329.7,24.4,23.0,1920,1080,0.027,1061.6,341.3
Round1,Q2,399,199.5,EMIRATES,0.8831,1009.2,396.2,43.9,19.7,1920,1080,0.042,1031.1,406.1
Round1,Q2,399,199.5,EMIRATES,0.7923,57.8,477.8,89.1,22.6,1920,1080,0.097,102.3,489.1
Round1,Q2,399,199.5,EMIRATES,0.7779,600.6,666.9,58.8,27.3,1920,1080,0.077,630.0,680.5
Round1,Q2,410,205.0,EMIRATES,0.8789,1263.3,361.6,54.6,22.2,1920,1080,0.058,1290.6,372.6
Round1,Q2,411,205.5,EMIRATES,0.8993,1311.6,334.4,64.8,19.8,1920,1080,0.062,1344.0,344.3
Round1,Q2,412,206.0,EMIRATES,0.8968,1716.8,262.7,60.6,23.1,1920,1080,0.068,1747.1,274.3
Round1,Q2,412,206.0,EMIRATES,0.7832,1039.6,184.0,37.6,19.1,1920,1080,0.035,1058.4,193.5
Round1,Q2,413,206.5,EMIRATES,0.895,1044.5,335.4,49.2,17.6,1920,1080,0.042,1069.1,344.2
Round1,Q2,414,207.0,EMIRATES,0.6492,1272.1,447.5,21.2,109.0,1920,1080,0.111,1282.7,502.0
Round1,Q2,414,207.0,EMIRATES,0.5428,889.3,475.7,19.1,111.9,1920,1080,0.103,898.9,531.7
Round1,Q2,414,207.0,EMIRATES,0.5202,1270.8,333.6,22.0,99.7,1920,1080,0.106,1281.8,383.5
Round1,Q2,414,207.0,EMIRATES,0.4843,1629.1,304.9,30.6,228.4,1920,1080,0.337,1644.4,419.1
Round1,Q2,415,207.5,JAMESON,0.7295,1407.1,36.2,156.9,33.0,1920,1080,0.249,1485.6,52.6
Round1,Q2,415,207.5,JAMESON,0.7094,1227.1,36.2,152.9,30.2,1920,1080,0.223,1303.6,51.3
Round1,Q2,415,207.5,JAMESON,0.6586,1585.4,36.2,160.0,36.2,1920,1080,0.28,1665.4,54.3
Round1,Q2,416,208.0,JAMESON,0.7979,1435.6,588.5,149.8,30.0,1920,1080,0.217,1510.5,603.5
Round1,Q2,416,208.0,JAMESON,0.7867,1250.9,583.5,150.0,30.2,1920,1080,0.219,1325.9,598.6
Round1,Q2,416,208.0,JAMESON,0.7753,1612.3,591.5,153.5,31.4,1920,1080,0.233,1689.0,607.2
Round1,Q2,417,208.5,JAMESON,0.8036,1639.4,603.7,161.9,30.5,1920,1080,0.238,1720.4,618.9
Round1,Q2,417,208.5,JAMESON,0.7869,1460.9,600.3,153.3,29.7,1920,1080,0.22,1537.6,615.2
Round1,Q2,417,208.5,JAMESON,0.7868,1262.9,595.1,160.2,31.0,1920,1080,0.24,1343.0,610.6
Round1,Q2,418,209.0,JAMESON,0.7924,1756.7,600.0,154.6,35.7,1920,1080,0.266,1834.0,617.8
Round1,Q2,418,209.0,JAMESON,0.7239,1282.6,590.3,188.2,36.3,1920,1080,0.329,1376.7,608.4
Round1,Q2,418,209.0,JAMESON,0.4289,1519.3,594.6,200.8,36.5,1920,1080,0.354,1619.7,612.9
Round1,Q2,419,209.5,JAMESON,0.7678,1258.1,408.3,163.4,39.4,1920,1080,0.31,1339.8,428.0
Round1,Q2,419,209.5,JAMESON,0.5022,1792.6,416.2,127.4,40.0,1920,1080,0.245,1856.3,436.2
Round1,Q2,419,209.5,JAMESON,0.4517,1519.8,411.4,179.3,41.5,1920,1080,0.359,1609.5,432.2
Round1,Q2,422,211.0,EMIRATES,0.7193,502.6,679.0,54.1,324.8,1920,1080,0.847,529.6,841.5
Round1,Q2,422,211.0,EMIRATES,0.5842,506.1,337.7,51.8,327.3,1920,1080,0.817,531.9,501.3
Round1,Q2,422,211.0,EMIRATES,0.3173,1583.0,273.7,47.8,309.8,1920,1080,0.714,1606.9,428.6
Round1,Q2,423,211.5,EMIRATES,0.7726,329.9,400.9,52.2,334.3,1920,1080,0.841,356.0,568.0
Round1,Q2,423,211.5,EMIRATES,0.7247,1482.0,313.4,51.5,321.6,1920,1080,0.798,1507.8,474.2
Round1,Q2,423,211.5,EMIRATES,0.7036,1484.1,0.0,51.3,276.4,1920,1080,0.684,1509.7,138.2
Round1,Q2,423,211.5,EMIRATES,0.6301,324.0,18.2,60.0,357.4,1920,1080,1.034,354.0,196.9
Round1,Q2,424,212.0,EMIRATES,0.7487,249.8,390.0,59.5,380.8,1920,1080,1.092,279.5,580.4
Round1,Q2,424,212.0,EMIRATES,0.728,1525.5,302.0,57.1,353.4,1920,1080,0.973,1554.1,478.7
Round1,Q2,424,212.0,EMIRATES,0.6763,245.4,0.0,66.2,365.1,1920,1080,1.165,278.5,182.6
Round1,Q2,424,212.0,EMIRATES,0.6674,1525.6,1.3,62.3,265.6,1920,1080,0.798,1556.8,134.1
Round1,Q2,425,212.5,EMIRATES,0.5825,1021.6,451.8,48.9,48.7,1920,1080,0.115,1046.1,476.2
Round1,Q2,427,213.5,EMIRATES,0.6573,972.9,570.7,86.5,70.2,1920,1080,0.293,1016.1,605.8
Round1,Q2,428,214.0,EMIRATES,0.8837,1055.4,726.3,148.4,72.6,1920,1080,0.52,1129.6,762.6
Round1,Q2,428,214.0,EMIRATES,0.8641,260.8,680.0,128.3,66.3,1920,1080,0.41,324.9,713.1
Round1,Q2,429,214.5,EMIRATES,0.8954,1035.6,758.9,168.8,54.2,1920,1080,0.441,1120.0,786.0
Round1,Q2,429,214.5,EMIRATES,0.8704,319.4,696.8,125.2,64.5,1920,1080,0.39,382.0,729.0
Round1,Q2,429,214.5,EMIRATES,0.7363,619.8,839.8,201.6,82.1,1920,1080,0.798,720.6,880.8
Round1,Q2,430,215.0,EMIRATES,0.8835,1743.4,826.6,176.6,59.3,1920,1080,0.505,1831.7,856.2
Round1,Q2,430,215.0,EMIRATES,0.8736,267.3,675.8,123.8,66.4,1920,1080,0.396,329.2,709.0
Round1,Q2,430,215.0,EMIRATES,0.838,773.5,857.3,212.3,84.0,1920,1080,0.86,879.7,899.3
Round1,Q2,430,215.0,EMIRATES,0.4844,1023.2,794.6,120.5,52.2,1920,1080,0.303,1083.5,820.8
Round1,Q2,431,215.5,EMIRATES,0.8891,1670.7,754.7,184.2,59.5,1920,1080,0.528,1762.7,784.5
Round1,Q2,431,215.5,EMIRATES,0.8733,280.1,636.3,125.2,65.2,1920,1080,0.394,342.7,668.9
Round1,Q2,431,215.5,EMIRATES,0.872,905.1,730.2,131.9,51.3,1920,1080,0.326,971.0,755.9
Round1,Q2,431,215.5,EMIRATES,0.8209,942.2,825.6,209.2,82.4,1920,1080,0.831,1046.8,866.8
Round1,Q2,432,216.0,EMIRATES,0.8858,1661.8,759.1,183.7,58.1,1920,1080,0.514,1753.6,788.2
Round1,Q2,432,216.0,EMIRATES,0.8704,912.1,731.2,131.8,59.2,1920,1080,0.376,978.0,760.8
Round1,Q2,432,216.0,EMIRATES,0.8686,368.8,608.6,124.2,66.4,1920,1080,0.398,430.9,641.9
Round1,Q2,432,216.0,EMIRATES,0.8239,1190.3,799.0,211.8,82.1,1920,1080,0.838,1296.2,840.0
Round1,Q2,433,216.5,EMIRATES,0.8824,617.1,574.5,122.8,69.5,1920,1080,0.411,678.5,609.3
Round1,Q2,433,216.5,EMIRATES,0.8301,1640.6,777.3,201.3,80.7,1920,1080,0.784,1741.3,817.7
Round1,Q2,434,217.0,EMIRATES,0.8659,1111.8,793.0,92.0,91.2,1920,1080,0.405,1157.8,838.7
Round1,Q2,435,217.5,EMIRATES,0.8598,1180.8,821.1,107.1,91.1,1920,1080,0.47,1234.4,866.6
Round1,Q2,436,218.0,EMIRATES,0.8584,1175.3,832.2,112.5,90.3,1920,1080,0.49,1231.5,877.3
Round1,Q2,437,218.5,EMIRATES,0.8543,1156.0,836.0,113.4,86.5,1920,1080,0.473,1212.7,879.3
Round1,Q2,437,218.5,EMIRATES,0.7648,1881.0,729.5,39.0,51.2,1920,1080,0.096,1900.5,755.1
Round1,Q2,440,220.0,EMIRATES,0.8916,1071.5,421.2,38.4,28.0,1920,1080,0.052,1090.6,435.2
Round1,Q2,441,220.5,EMIRATES,0.8587,1063.9,462.0,36.1,44.8,1920,1080,0.078,1081.9,484.4
Round1,Q2,442,221.0,EMIRATES,0.8908,1040.9,478.4,48.6,41.0,1920,1080,0.096,1065.2,498.9
Round1,Q2,443,221.5,EMIRATES,0.4736,1144.4,468.7,28.9,43.4,1920,1080,0.06,1158.8,490.4
Round1,Q2,444,222.0,EMIRATES,0.8558,1264.8,351.6,103.3,74.8,1920,1080,0.373,1316.5,389.0
Round1,Q2,445,222.5,EMIRATES,0.8816,1342.7,386.4,83.7,60.6,1920,1080,0.244,1384.6,416.7
Round1,Q2,446,223.0,EMIRATES,0.8856,1221.3,474.1,44.2,42.4,1920,1080,0.09,1243.4,495.4
Round1,Q2,447,223.5,EMIRATES,0.6491,1193.4,469.8,35.4,53.2,1920,1080,0.091,1211.1,496.4
Round1,Q2,449,224.5,EMIRATES,0.7969,1279.6,618.9,47.6,43.8,1920,1080,0.101,1303.4,640.8
Round1,Q2,449,224.5,EMIRATES,0.3046,1370.2,424.5,56.7,29.3,1920,1080,0.08,1398.6,439.1
Round1,Q2,455,227.5,EMIRATES,0.8536,1345.7,591.2,94.4,56.1,1920,1080,0.256,1392.9,619.3
Round1,Q2,456,228.0,ACCESS_COVERS,0.6647,1513.0,257.4,68.1,17.4,1920,1080,0.057,1547.1,266.1
Round1,Q2,457,228.5,ACCESS_COVERS,0.6065,1529.5,247.4,72.6,19.5,1920,1080,0.068,1565.8,257.2
Round1,Q2,458,229.0,ACCESS_COVERS,0.4565,1542.1,238.9,78.2,18.3,1920,1080,0.069,1581.2,248.1
Round1,Q2,459,229.5,ACCESS_COVERS,0.5465,1563.1,227.7,80.2,19.2,1920,1080,0.074,1603.2,237.3
Round1,Q2,461,230.5,ACCESS_COVERS,0.627,1613.9,198.9,87.1,21.5,1920,1080,0.09,1657.5,209.7
Round1,Q2,462,231.0,ACCESS_COVERS,0.769,1659.7,176.1,90.8,22.0,1920,1080,0.096,1705.1,187.1
Round1,Q2,463,231.5,ACCESS_COVERS,0.7964,1732.1,136.9,101.5,25.2,1920,1080,0.123,1782.9,149.5
Round1,Q2,464,232.0,EMIRATES,0.8734,779.0,326.9,48.2,28.4,1920,1080,0.066,803.1,341.0
Round1,Q2,465,232.5,EMIRATES,0.3227,252.3,673.0,34.9,20.2,1920,1080,0.034,269.7,683.0
Round1,Q2,466,233.0,EMIRATES,0.8815,869.7,218.2,52.4,22.9,1920,1080,0.058,895.9,229.6
Round1,Q2,466,233.0,EMIRATES,0.7006,301.4,356.2,30.9,15.8,1920,1080,0.024,316.9,364.1
Round1,Q2,466,233.0,EMIRATES,0.3967,547.1,140.2,25.3,17.8,1920,1080,0.022,559.7,149.1
Round1,Q2,467,233.5,EMIRATES,0.8707,396.0,394.3,47.0,21.4,1920,1080,0.048,419.5,405.0
Round1,Q2,467,233.5,EMIRATES,0.8629,32.9,553.1,48.7,25.4,1920,1080,0.06,57.2,565.7
Round1,Q2,467,233.5,EMIRATES,0.6143,677.4,404.5,48.3,15.9,1920,1080,0.037,701.6,412.5
Round1,Q2,467,233.5,EMIRATES,0.5864,1341.5,490.4,43.1,11.8,1920,1080,0.024,1363.0,496.2
Round1,Q2,468,234.0,EMIRATES,0.8733,685.1,409.7,51.1,16.9,1920,1080,0.042,710.7,418.2
Round1,Q2,468,234.0,EMIRATES,0.8538,952.9,433.8,59.4,18.2,1920,1080,0.052,982.6,442.9
Round1,Q2,468,234.0,EMIRATES,0.8239,435.0,431.7,56.9,24.3,1920,1080,0.067,463.4,443.8
Round1,Q2,469,234.5,EMIRATES,0.8933,951.0,431.7,50.6,21.2,1920,1080,0.052,976.3,442.3
Round1,Q2,469,234.5,EMIRATES,0.8704,767.8,603.4,47.3,26.8,1920,1080,0.061,791.4,616.8
Round1,Q2,470,235.0,EMIRATES,0.8791,760.8,669.8,54.1,17.1,1920,1080,0.045,787.9,678.4
Round1,Q2,470,235.0,EMIRATES,0.8708,1010.8,468.3,49.2,19.9,1920,1080,0.047,1035.4,478.3
Round1,Q2,470,235.0,EMIRATES,0.8656,704.5,404.2,48.9,31.6,1920,1080,0.074,728.9,420.0
Round1,Q2,471,235.5,EMIRATES,0.8715,640.2,645.7,60.7,19.0,1920,1080,0.056,670.6,655.2
Round1,Q2,471,235.5,EMIRATES,0.8649,1150.3,436.1,48.4,18.0,1920,1080,0.042,1174.5,445.1
Round1,Q2,472,236.0,EMIRATES,0.8904,334.0,596.1,57.8,16.3,1920,1080,0.046,362.9,604.2
Round1,Q2,472,236.0,EMIRATES,0.8656,1057.3,354.0,57.5,17.2,1920,1080,0.048,1086.1,362.6
Round1,Q2,473,236.5,EMIRATES,0.8938,1223.0,341.2,55.0,16.1,1920,1080,0.043,1250.5,349.2
Round1,Q2,473,236.5,EMIRATES,0.8841,524.8,566.6,54.2,18.3,1920,1080,0.048,551.9,575.8
Round1,Q2,473,236.5,EMIRATES,0.8164,802.8,323.5,36.3,17.4,1920,1080,0.03,820.9,332.2
Round1,Q2,474,237.0,EMIRATES,0.8951,1235.4,406.3,55.7,16.8,1920,1080,0.045,1263.2,414.7
Round1,Q2,474,237.0,EMIRATES,0.8783,582.2,648.2,44.9,20.1,1920,1080,0.044,604.7,658.3
Round1,Q2,475,237.5,EMIRATES,0.879,1104.1,354.8,66.1,19.2,1920,1080,0.061,1137.1,364.4
Round1,Q2,475,237.5,EMIRATES,0.8559,534.4,618.2,36.8,22.9,1920,1080,0.041,552.9,629.7
Round1,Q2,475,237.5,EMIRATES,0.4257,548.3,314.9,42.1,18.5,1920,1080,0.038,569.3,324.2
Round1,Q2,476,238.0,EMIRATES,0.8588,514.2,676.6,50.2,17.9,1920,1080,0.043,539.3,685.5
Round1,Q2,476,238.0,EMIRATES,0.8412,271.2,303.4,26.5,22.1,1920,1080,0.028,284.4,314.4
Round1,Q2,476,238.0,EMIRATES,0.6965,851.8,414.0,24.0,36.7,1920,1080,0.042,863.8,432.3
Round1,Q2,477,238.5,EMIRATES,0.8575,714.9,724.9,54.2,26.5,1920,1080,0.069,742.1,738.1
Round1,Q2,477,238.5,EMIRATES,0.6919,685.9,374.6,49.5,20.0,1920,1080,0.048,710.6,384.6
Round1,Q2,478,239.0,EMIRATES,0.8672,840.5,229.9,36.0,26.4,1920,1080,0.046,858.5,243.1
Round1,Q2,478,239.0,EMIRATES,0.6879,960.7,570.3,52.7,29.3,1920,1080,0.074,987.0,584.9
Round1,Q2,479,239.5,EMIRATES,0.8625,872.6,320.6,35.5,36.0,1920,1080,0.062,890.4,338.6
Round1,Q2,482,241.0,EMIRATES,0.3987,1843.3,405.8,14.4,61.3,1920,1080,0.043,1850.5,436.5
Round1,Q2,483,241.5,EMIRATES,0.7253,1891.4,434.9,13.0,65.9,1920,1080,0.041,1897.9,467.8
Round1,Q2,483,241.5,EMIRATES,0.6783,1726.8,416.1,11.0,53.5,1920,1080,0.028,1732.3,442.9
Round1,Q2,483,241.5,EMIRATES,0.4689,1728.0,364.7,10.2,39.8,1920,1080,0.02,1733.1,384.7
Round1,Q2,483,241.5,EMIRATES,0.319,1894.0,390.8,12.8,30.8,1920,1080,0.019,1900.4,406.1
Round1,Q2,484,242.0,EMIRATES,0.7023,1752.8,426.6,13.1,57.5,1920,1080,0.036,1759.4,455.3
Round1,Q2,484,242.0,EMIRATES,0.678,1754.5,366.5,11.7,46.6,1920,1080,0.026,1760.3,389.8
Round1,Q2,485,242.5,EMIRATES,0.7426,1842.4,442.8,14.7,63.0,1920,1080,0.045,1849.8,474.4
Round1,Q2,485,242.5,EMIRATES,0.7369,1843.4,375.5,13.2,50.5,1920,1080,0.032,1850.0,400.8
Round1,Q2,486,243.0,EMIRATES,0.8831,297.9,751.1,65.3,29.6,1920,1080,0.093,330.5,765.9
Round1,Q2,487,243.5,EMIRATES,0.8806,486.4,509.5,57.5,18.3,1920,1080,0.051,515.2,518.7
Round1,Q2,487,243.5,EMIRATES,0.827,784.6,666.4,88.4,28.2,1920,1080,0.12,828.9,680.5
Round1,Q2,489,244.5,EMIRATES,0.8855,502.5,311.8,39.7,20.2,1920,1080,0.039,522.3,321.9
Round1,Q2,490,245.0,EMIRATES,0.8872,1830.5,312.4,57.6,24.3,1920,1080,0.067,1859.3,324.6
Round1,Q2,490,245.0,EMIRATES,0.4716,35.3,434.4,45.2,17.6,1920,1080,0.038,57.9,443.2
Round1,Q2,491,245.5,EMIRATES,0.8868,1510.3,350.5,55.9,27.5,1920,1080,0.074,1538.3,364.2
Round1,Q2,491,245.5,EMIRATES,0.8705,67.3,334.4,56.7,14.0,1920,1080,0.038,95.7,341.5
Round1,Q2,492,246.0,EMIRATES,0.8901,333.8,432.4,58.1,19.6,1920,1080,0.055,362.8,442.2
Round1,Q2,492,246.0,EMIRATES,0.8881,1244.6,511.6,44.2,31.9,1920,1080,0.068,1266.7,527.6
Round1,Q2,496,248.0,ACCESS_COVERS,0.8107,62.2,336.2,158.6,36.4,1920,1080,0.278,141.5,354.4
Round1,Q2,497,248.5,ACCESS_COVERS,0.8073,25.4,322.0,168.3,40.1,1920,1080,0.325,109.5,342.0
Round1,Q2,498,249.0,ACCESS_COVERS,0.7972,0.0,312.2,160.5,44.3,1920,1080,0.343,80.2,334.3
Round1,Q2,499,249.5,ACCESS_COVERS,0.7476,0.0,317.0,137.6,39.6,1920,1080,0.263,68.8,336.8
Round1,Q2,500,250.0,EMIRATES,0.8916,1046.9,381.8,101.7,46.1,1920,1080,0.226,1097.7,404.8
Round1,Q2,501,250.5,EMIRATES,0.905,1088.8,475.1,105.9,44.8,1920,1080,0.229,1141.8,497.5
Round1,Q2,502,251.0,EMIRATES,0.904,975.9,477.6,115.3,47.4,1920,1080,0.264,1033.5,501.3
Round1,Q2,503,251.5,EMIRATES,0.9021,1052.2,443.5,111.5,42.7,1920,1080,0.23,1107.9,464.9
Round1,Q2,504,252.0,EMIRATES,0.7221,413.1,147.2,15.9,81.8,1920,1080,0.063,421.0,188.1
Round1,Q2,504,252.0,EMIRATES,0.7217,679.7,124.8,16.0,83.3,1920,1080,0.064,687.7,166.4
Round1,Q2,504,252.0,EMIRATES,0.6436,117.1,164.4,14.5,87.1,1920,1080,0.061,124.3,208.0
Round1,Q2,504,252.0,EMIRATES,0.6111,924.7,109.0,13.1,76.4,1920,1080,0.048,931.3,147.2
Round1,Q2,504,252.0,EMIRATES,0.5048,543.7,618.1,39.2,20.8,1920,1080,0.039,563.3,628.5
Round1,Q2,504,252.0,EMIRATES,0.4172,680.8,50.3,13.0,71.7,1920,1080,0.045,687.3,86.1
Round1,Q2,504,252.0,EMIRATES,0.33,1787.1,386.9,34.3,16.9,1920,1080,0.028,1804.3,395.3
Round1,Q2,505,252.5,EMIRATES,0.7214,653.4,145.3,15.8,77.2,1920,1080,0.059,661.3,183.9
Round1,Q2,505,252.5,EMIRATES,0.6878,394.0,160.1,15.4,82.6,1920,1080,0.061,401.7,201.5
Round1,Q2,505,252.5,EMIRATES,0.6681,892.0,127.0,13.9,72.9,1920,1080,0.049,899.0,163.4
Round1,Q2,505,252.5,EMIRATES,0.618,892.1,51.4,14.3,68.3,1920,1080,0.047,899.3,85.5
Round1,Q2,505,252.5,EMIRATES,0.6025,106.1,176.2,14.5,87.4,1920,1080,0.061,113.3,219.9
Round1,Q2,505,252.5,EMIRATES,0.4864,1188.4,672.0,22.6,6.8,1920,1080,0.007,1199.7,675.4
Round1,Q2,505,252.5,EMIRATES,0.4331,394.2,79.0,13.4,72.2,1920,1080,0.046,400.9,115.0
Round1,Q2,505,252.5,EMIRATES,0.3466,103.1,89.4,12.2,78.2,1920,1080,0.046,109.2,128.5
Round1,Q2,505,252.5,EMIRATES,0.3196,655.1,65.3,12.3,72.7,1920,1080,0.043,661.2,101.7
Round1,Q2,506,253.0,EMIRATES,0.7721,858.2,144.9,13.9,71.2,1920,1080,0.048,865.2,180.4
Round1,Q2,506,253.0,EMIRATES,0.7063,93.8,197.9,15.4,80.5,1920,1080,0.06,101.5,238.2
Round1,Q2,506,253.0,EMIRATES,0.7027,376.9,178.6,15.1,77.8,1920,1080,0.057,384.4,217.5
Round1,Q2,506,253.0,EMIRATES,0.6624,858.0,69.9,13.6,66.5,1920,1080,0.044,864.8,103.2
Round1,Q2,506,253.0,EMIRATES,0.5004,92.0,108.5,13.7,79.0,1920,1080,0.052,98.8,148.0
Round1,Q2,506,253.0,EMIRATES,0.4175,626.7,160.5,14.2,76.7,1920,1080,0.052,633.8,198.8
Round1,Q2,506,253.0,EMIRATES,0.3833,628.4,84.5,13.7,66.6,1920,1080,0.044,635.2,117.7
Round1,Q2,506,253.0,EMIRATES,0.3123,375.5,99.6,14.6,65.0,1920,1080,0.046,382.8,132.0
Round1,Q2,507,253.5,EMIRATES,0.7584,378.9,194.7,15.3,76.7,1920,1080,0.057,386.6,233.0
Round1,Q2,507,253.5,EMIRATES,0.7102,846.3,164.5,14.0,67.7,1920,1080,0.046,853.3,198.4
Round1,Q2,507,253.5,EMIRATES,0.6813,106.2,213.6,14.5,81.8,1920,1080,0.057,113.4,254.5
Round1,Q2,507,253.5,EMIRATES,0.6377,622.5,177.7,14.2,75.2,1920,1080,0.052,629.6,215.3
Round1,Q2,507,253.5,EMIRATES,0.6347,621.8,105.3,13.3,66.0,1920,1080,0.042,628.5,138.3
Round1,Q2,507,253.5,EMIRATES,0.6225,845.9,92.5,12.6,64.5,1920,1080,0.039,852.2,124.7
Round1,Q2,507,253.5,EMIRATES,0.603,104.6,130.8,12.4,74.7,1920,1080,0.045,110.8,168.1
Round1,Q2,507,253.5,EMIRATES,0.5901,379.8,120.2,11.7,65.6,1920,1080,0.037,385.7,153.0
Round1,Q2,507,253.5,EMIRATES,0.4062,528.8,622.4,33.5,21.7,1920,1080,0.035,545.6,633.2
Round1,Q2,508,254.0,EMIRATES,0.7268,835.4,179.5,14.2,67.8,1920,1080,0.046,842.5,213.4
Round1,Q2,508,254.0,EMIRATES,0.7234,113.4,224.0,16.3,82.6,1920,1080,0.065,121.6,265.3
Round1,Q2,508,254.0,EMIRATES,0.6849,617.6,196.2,14.1,71.0,1920,1080,0.048,624.6,231.7
Round1,Q2,508,254.0,EMIRATES,0.6138,379.0,137.3,13.0,61.3,1920,1080,0.039,385.6,167.9
Round1,Q2,508,254.0,EMIRATES,0.6104,380.5,208.1,13.6,76.8,1920,1080,0.05,387.3,246.5
Round1,Q2,508,254.0,EMIRATES,0.5807,111.7,146.8,12.5,66.5,1920,1080,0.04,118.0,180.1
Round1,Q2,508,254.0,EMIRATES,0.5722,619.3,122.9,12.6,64.0,1920,1080,0.039,625.6,154.9
Round1,Q2,508,254.0,EMIRATES,0.3621,836.6,111.2,11.3,61.5,1920,1080,0.034,842.3,142.0
Round1,Q2,509,254.5,EMIRATES,0.6828,363.7,213.7,13.6,74.3,1920,1080,0.049,370.5,250.9
Round1,Q2,509,254.5,EMIRATES,0.6772,819.7,180.2,13.4,68.8,1920,1080,0.044,826.4,214.5
Round1,Q2,509,254.5,EMIRATES,0.6364,362.8,139.5,13.1,65.2,1920,1080,0.041,369.4,172.2
Round1,Q2,509,254.5,EMIRATES,0.6004,97.5,226.4,15.2,83.0,1920,1080,0.061,105.1,267.9
Round1,Q2,509,254.5,EMIRATES,0.5346,93.2,148.9,13.7,65.8,1920,1080,0.043,100.0,181.8
Round1,Q2,509,254.5,EMIRATES,0.5085,820.1,113.2,12.3,60.7,1920,1080,0.036,826.2,143.5
Round1,Q2,509,254.5,EMIRATES,0.4292,602.4,196.9,14.1,73.3,1920,1080,0.05,609.5,233.6
Round1,Q2,510,255.0,EMIRATES,0.7304,784.0,183.0,13.6,68.6,1920,1080,0.045,790.9,217.3
Round1,Q2,510,255.0,EMIRATES,0.7155,317.9,216.6,14.3,75.1,1920,1080,0.052,325.1,254.2
Round1,Q2,510,255.0,EMIRATES,0.6412,561.3,197.7,14.3,76.1,1920,1080,0.053,568.5,235.7
Round1,Q2,510,255.0,EMIRATES,0.6156,43.3,231.2,14.9,81.8,1920,1080,0.059,50.8,272.1
Round1,Q2,510,255.0,EMIRATES,0.5278,560.6,125.7,14.5,65.9,1920,1080,0.046,567.8,158.6
Round1,Q2,510,255.0,EMIRATES,0.4869,318.6,139.4,11.9,69.8,1920,1080,0.04,324.5,174.3
Round1,Q2,510,255.0,EMIRATES,0.3346,42.4,150.2,13.0,71.0,1920,1080,0.045,48.9,185.7
Round1,Q2,510,255.0,EMIRATES,0.3107,782.4,113.7,13.9,61.5,1920,1080,0.041,789.3,144.5
Round1,Q2,511,255.5,EMIRATES,0.6922,734.5,185.6,12.6,72.7,1920,1080,0.044,740.8,222.0
Round1,Q2,511,255.5,EMIRATES,0.6669,254.3,146.4,14.0,65.4,1920,1080,0.044,261.3,179.1
Round1,Q2,511,255.5,EMIRATES,0.5901,506.1,206.9,15.2,74.6,1920,1080,0.055,513.7,244.2
Round1,Q2,511,255.5,EMIRATES,0.5623,733.8,117.8,12.8,63.7,1920,1080,0.039,740.3,149.6
Round1,Q2,511,255.5,EMIRATES,0.5358,255.6,220.0,15.7,83.3,1920,1080,0.063,263.5,261.6
Round1,Q2,511,255.5,EMIRATES,0.5319,504.7,130.1,14.6,66.9,1920,1080,0.047,512.0,163.6
Round1,Q2,512,256.0,EMIRATES,0.7139,158.0,152.0,15.2,69.4,1920,1080,0.051,165.6,186.7
Round1,Q2,512,256.0,EMIRATES,0.7005,418.5,210.9,14.9,79.3,1920,1080,0.057,425.9,250.6
Round1,Q2,512,256.0,EMIRATES,0.6746,652.3,196.4,14.8,72.2,1920,1080,0.051,659.7,232.5
Round1,Q2,512,256.0,EMIRATES,0.6314,159.8,227.9,16.1,83.1,1920,1080,0.065,167.9,269.4
Round1,Q2,512,256.0,EMIRATES,0.6125,652.2,123.7,14.2,66.7,1920,1080,0.046,659.3,157.0
Round1,Q2,512,256.0,EMIRATES,0.5915,417.4,137.8,14.6,67.3,1920,1080,0.047,424.7,171.5
Round1,Q2,513,256.5,EMIRATES,0.5323,237.8,326.6,18.4,64.7,1920,1080,0.057,247.0,359.0
Round1,Q2,513,256.5,EMIRATES,0.4005,700.9,296.3,19.2,69.0,1920,1080,0.064,710.5,330.8
Round1,Q2,513,256.5,EMIRATES,0.3251,480.5,311.5,18.9,64.6,1920,1080,0.059,490.0,343.8
Round1,Q2,514,257.0,EMIRATES,0.6382,923.5,518.6,16.5,64.1,1920,1080,0.051,931.7,550.6
Round1,Q2,514,257.0,EMIRATES,0.4751,923.4,587.5,17.6,66.0,1920,1080,0.056,932.1,620.5
Round1,Q2,514,257.0,EMIRATES,0.3889,473.3,546.3,18.0,150.1,1920,1080,0.13,482.3,621.3
Round1,Q2,515,257.5,EMIRATES,0.5,1044.5,719.4,17.5,82.7,1920,1080,0.07,1053.3,760.7
Round1,Q2,515,257.5,EMIRATES,0.4758,213.0,693.8,25.5,192.2,1920,1080,0.236,225.8,789.9
Round1,Q2,515,257.5,EMIRATES,0.379,1045.7,639.4,16.2,76.3,1920,1080,0.06,1053.8,677.5
Round1,Q2,516,258.0,EMIRATES,0.7241,1183.3,757.5,18.0,95.7,1920,1080,0.083,1192.3,805.3
Round1,Q2,516,258.0,EMIRATES,0.6561,879.4,784.7,19.6,99.8,1920,1080,0.094,889.2,834.6
Round1,Q2,516,258.0,EMIRATES,0.5106,184.9,732.7,26.6,223.2,1920,1080,0.287,198.2,844.3
Round1,Q2,517,258.5,EMIRATES,0.5767,1286.0,670.9,21.9,114.6,1920,1080,0.121,1296.9,728.1
Round1,Q2,517,258.5,EMIRATES,0.5006,916.8,703.6,22.1,116.8,1920,1080,0.124,927.9,762.0
Round1,Q2,517,258.5,EMIRATES,0.4853,69.1,623.2,32.5,281.9,1920,1080,0.442,85.4,764.2
Round1,Q2,517,258.5,EMIRATES,0.4222,921.5,584.7,18.3,104.5,1920,1080,0.092,930.6,637.0
Round1,Q2,517,258.5,EMIRATES,0.3596,1285.7,558.5,23.8,105.6,1920,1080,0.121,1297.5,611.3
Round1,Q2,517,258.5,EMIRATES,0.3572,516.2,599.4,28.0,265.0,1920,1080,0.358,530.2,731.9
Round1,Q2,518,259.0,EMIRATES,0.8644,1150.8,593.3,50.1,29.4,1920,1080,0.071,1175.8,608.0
Round1,Q2,519,259.5,EMIRATES,0.8778,128.1,446.1,43.3,16.0,1920,1080,0.033,149.7,454.1
Round1,Q2,519,259.5,EMIRATES,0.8447,273.4,865.6,65.9,25.2,1920,1080,0.08,306.4,878.2
Round1,Q2,520,260.0,EMIRATES,0.8678,715.0,635.1,53.4,22.7,1920,1080,0.058,741.7,646.4
Round1,Q2,521,260.5,EMIRATES,0.8686,1148.0,749.0,61.1,25.8,1920,1080,0.076,1178.6,761.9
Round1,Q2,521,260.5,EMIRATES,0.8024,805.8,401.9,32.3,13.1,1920,1080,0.02,821.9,408.5
Round1,Q2,522,261.0,EMIRATES,0.8629,1086.5,398.4,49.6,19.9,1920,1080,0.048,1111.3,408.3
Round1,Q2,522,261.0,EMIRATES,0.8569,892.5,427.8,56.2,26.4,1920,1080,0.072,920.6,441.0
Round1,Q2,522,261.0,EMIRATES,0.8144,1588.1,794.6,63.1,20.5,1920,1080,0.062,1619.6,804.8
Round1,Q2,523,261.5,EMIRATES,0.8606,1540.9,848.2,61.9,22.4,1920,1080,0.067,1571.9,859.4
Round1,Q2,523,261.5,EMIRATES,0.8158,240.6,546.0,74.0,22.2,1920,1080,0.079,277.6,557.1
Round1,Q2,523,261.5,EMIRATES,0.7589,1832.8,380.0,85.0,369.5,1920,1080,1.515,1875.3,564.7
Round1,Q2,523,261.5,EMIRATES,0.7548,1842.1,0.0,76.6,339.3,1920,1080,1.254,1880.4,169.6
Round1,Q2,524,262.0,EMIRATES,0.8459,1364.6,682.3,65.3,18.9,1920,1080,0.06,1397.2,691.8
Round1,Q2,524,262.0,EMIRATES,0.7044,1121.9,254.1,96.7,369.4,1920,1080,1.722,1170.2,438.8
Round1,Q2,524,262.0,EMIRATES,0.6979,1131.0,2.1,90.0,210.0,1920,1080,0.912,1176.0,107.1
Round1,Q2,525,262.5,EMIRATES,0.8531,990.1,529.0,60.3,25.7,1920,1080,0.075,1020.3,541.9
Round1,Q2,525,262.5,EMIRATES,0.7878,487.7,156.2,74.2,369.5,1920,1080,1.322,524.8,341.0
Round1,Q2,525,262.5,EMIRATES,0.746,1705.2,349.9,67.6,392.1,1920,1080,1.279,1739.0,546.0
Round1,Q2,525,262.5,EMIRATES,0.727,480.6,3.6,67.6,94.8,1920,1080,0.309,514.3,51.0
Round1,Q2,525,262.5,EMIRATES,0.7208,1697.3,0.2,77.7,310.8,1920,1080,1.165,1736.2,155.6
Round1,Q2,526,263.0,EMIRATES,0.8555,1090.6,534.3,56.1,16.3,1920,1080,0.044,1118.7,542.4
Round1,Q2,526,263.0,EMIRATES,0.806,516.9,225.8,71.4,374.0,1920,1080,1.287,552.6,412.8
Round1,Q2,526,263.0,EMIRATES,0.762,1735.5,6.8,65.5,376.0,1920,1080,1.188,1768.2,194.8
Round1,Q2,526,263.0,EMIRATES,0.7548,1737.1,424.4,63.7,393.9,1920,1080,1.209,1768.9,621.4
Round1,Q2,526,263.0,EMIRATES,0.7498,513.2,1.4,63.5,176.3,1920,1080,0.54,544.9,89.6
Round1,Q2,527,263.5,EMIRATES,0.8141,1130.6,556.0,58.6,23.6,1920,1080,0.067,1160.0,567.8
Round1,Q2,527,263.5,EMIRATES,0.8005,411.0,312.7,80.1,379.7,1920,1080,1.468,451.1,502.6
Round1,Q2,527,263.5,EMIRATES,0.7669,1642.1,520.0,78.1,393.8,1920,1080,1.483,1681.1,716.8
Round1,Q2,527,263.5,EMIRATES,0.7667,411.4,1.2,72.0,267.6,1920,1080,0.929,447.4,135.1
Round1,Q2,527,263.5,EMIRATES,0.7437,1644.0,82.9,78.4,392.9,1920,1080,1.486,1683.2,279.4
Round1,Q2,528,264.0,EMIRATES,0.8532,1453.7,71.8,41.3,27.7,1920,1080,0.055,1474.4,85.7
Round1,Q2,528,264.0,EMIRATES,0.825,1064.1,555.5,57.1,17.5,1920,1080,0.048,1092.6,564.3
Round1,Q2,528,264.0,EMIRATES,0.7784,1511.3,107.6,71.5,395.0,1920,1080,1.363,1547.1,305.2
Round1,Q2,528,264.0,EMIRATES,0.7731,251.0,0.2,63.2,288.9,1920,1080,0.88,282.5,144.7
Round1,Q2,528,264.0,EMIRATES,0.7557,1517.3,541.6,67.7,405.5,1920,1080,1.324,1551.2,744.3
Round1,Q2,529,264.5,EMIRATES,0.885,955.5,510.7,45.5,22.7,1920,1080,0.05,978.3,522.1
Round1,Q2,529,264.5,EMIRATES,0.8463,1347.3,63.2,43.7,26.3,1920,1080,0.055,1369.1,76.3
Round1,Q2,529,264.5,EMIRATES,0.8049,125.4,331.1,74.9,392.2,1920,1080,1.416,162.8,527.2
Round1,Q2,529,264.5,EMIRATES,0.7876,1405.9,94.6,72.9,410.2,1920,1080,1.443,1442.3,299.7
Round1,Q2,529,264.5,EMIRATES,0.7693,1413.6,542.5,67.0,414.7,1920,1080,1.339,1447.1,749.9
Round1,Q2,529,264.5,EMIRATES,0.7519,120.0,0.6,64.9,284.5,1920,1080,0.89,152.5,142.8
Round1,Q2,530,265.0,EMIRATES,0.7743,0.0,318.4,80.5,401.1,1920,1080,1.557,40.3,519.0
Round1,Q2,530,265.0,EMIRATES,0.7543,1291.6,82.3,82.0,413.2,1920,1080,1.633,1332.6,288.9
Round1,Q2,530,265.0,EMIRATES,0.7236,1289.8,535.8,82.3,406.4,1920,1080,1.612,1330.9,738.9
Round1,Q2,530,265.0,EMIRATES,0.6902,0.0,0.8,69.7,266.3,1920,1080,0.895,34.9,134.0
Round1,Q2,531,265.5,EMIRATES,0.8845,529.7,511.1,54.8,18.4,1920,1080,0.049,557.1,520.3
Round1,Q2,531,265.5,EMIRATES,0.7857,1001.5,509.1,71.3,407.0,1920,1080,1.399,1037.1,712.6
Round1,Q2,531,265.5,EMIRATES,0.7539,996.7,57.7,76.5,399.2,1920,1080,1.473,1035.0,257.4
Round1,Q2,532,266.0,EMIRATES,0.8841,306.2,435.7,44.4,18.1,1920,1080,0.039,328.4,444.7
Round1,Q2,532,266.0,EMIRATES,0.7286,834.8,4.7,75.5,364.4,1920,1080,1.326,872.5,186.9
Round1,Q2,533,266.5,EMIRATES,0.7252,452.3,3.4,94.8,211.4,1920,1080,0.967,499.7,109.1
Round1,Q2,533,266.5,EMIRATES,0.6777,462.9,260.1,77.0,329.5,1920,1080,1.224,501.4,424.9
Round1,Q2,533,266.5,EMIRATES,0.6386,1861.8,423.8,58.2,474.0,1920,1080,1.331,1890.9,660.9
Round1,Q2,533,266.5,EMIRATES,0.5517,1865.2,0.0,54.5,424.5,1920,1080,1.117,1892.5,212.3
Round1,Q2,534,267.0,EMIRATES,0.7212,218.4,2.0,70.3,121.8,1920,1080,0.413,253.6,62.9
Round1,Q2,534,267.0,EMIRATES,0.7172,1626.2,392.6,77.7,427.7,1920,1080,1.603,1665.1,606.5
Round1,Q2,534,267.0,EMIRATES,0.6821,1627.0,4.5,76.9,328.5,1920,1080,1.218,1665.4,168.8
Round1,Q2,535,267.5,EMIRATES,0.7822,163.6,134.6,69.6,409.0,1920,1080,1.373,198.4,339.1
Round1,Q2,535,267.5,EMIRATES,0.7653,1564.1,344.5,77.5,430.2,1920,1080,1.607,1602.9,559.6
Round1,Q2,535,267.5,EMIRATES,0.7551,1563.5,3.5,77.0,285.9,1920,1080,1.062,1602.1,146.5
Round1,Q2,535,267.5,EMIRATES,0.3273,165.8,0.7,59.1,72.9,1920,1080,0.208,195.4,37.1
Round1,Q2,536,268.0,EMIRATES,0.7917,1432.6,281.3,71.5,420.1,1920,1080,1.449,1468.4,491.3
Round1,Q2,536,268.0,EMIRATES,0.7828,25.5,64.9,69.7,418.1,1920,1080,1.406,60.3,274.0
Round1,Q2,536,268.0,EMIRATES,0.7172,1432.0,3.1,71.7,228.9,1920,1080,0.792,1467.9,117.5
Round1,Q2,539,269.5,ACCESS_COVERS,0.3947,1045.5,97.6,37.4,8.3,1920,1080,0.015,1064.2,101.8
Round1,Q2,540,270.0,ACCESS_COVERS,0.6408,1211.7,108.1,41.7,7.6,1920,1080,0.015,1232.5,111.9
Round1,Q2,540,270.0,CYBERCX,0.3921,1169.3,107.2,38.0,8.1,1920,1080,0.015,1188.3,111.3
Round1,Q2,541,270.5,CYBERCX,0.5509,1245.2,115.0,36.9,8.6,1920,1080,0.015,1263.6,119.3
Round1,Q2,541,270.5,ACCESS_COVERS,0.3221,1288.2,115.7,40.9,8.0,1920,1080,0.016,1308.7,119.7
Round1,Q2,542,271.0,CYBERCX,0.5922,1218.2,136.2,37.4,8.3,1920,1080,0.015,1236.9,140.3
Round1,Q2,542,271.0,ACCESS_COVERS,0.5807,1259.4,136.7,43.8,8.2,1920,1080,0.017,1281.4,140.8
Round1,Q2,543,271.5,ACCESS_COVERS,0.6568,1288.9,153.1,42.4,8.9,1920,1080,0.018,1310.2,157.6
Round1,Q2,543,271.5,CYBERCX,0.4261,1244.1,152.5,39.5,9.5,1920,1080,0.018,1263.9,157.2
Round1,Q2,544,272.0,CYBERCX,0.3619,1307.9,172.0,39.2,8.3,1920,1080,0.016,1327.5,176.1
Round1,Q2,545,272.5,ACCESS_COVERS,0.3954,1403.1,181.0,44.7,8.9,1920,1080,0.019,1425.4,185.4
Round1,Q2,546,273.0,ACCESS_COVERS,0.568,1486.8,160.2,49.9,9.5,1920,1080,0.023,1511.7,164.9
Round1,Q2,546,273.0,CYBERCX,0.5303,1435.2,160.4,45.3,9.4,1920,1080,0.02,1457.8,165.1
Round1,Q2,547,273.5,ACCESS_COVERS,0.6367,1578.8,131.3,54.8,10.7,1920,1080,0.028,1606.2,136.7
Round1,Q2,547,273.5,CYBERCX,0.5059,1521.1,132.1,49.9,11.2,1920,1080,0.027,1546.0,137.7
Round1,Q2,549,274.5,EMIRATES,0.8383,1857.3,495.1,60.5,21.2,1920,1080,0.062,1887.5,505.7
Round1,Q2,550,275.0,EMIRATES,0.8316,1149.0,428.2,48.8,22.4,1920,1080,0.053,1173.3,439.4
Round1,Q2,553,276.5,EMIRATES,0.475,873.0,316.0,20.3,110.1,1920,1080,0.108,883.2,371.0
Round1,Q2,554,277.0,EMIRATES,0.4559,165.3,247.8,31.6,11.3,1920,1080,0.017,181.1,253.4
Round1,Q2,554,277.0,EMIRATES,0.4065,603.6,235.3,20.6,109.1,1920,1080,0.109,614.0,289.8
Round1,Q2,555,277.5,EMIRATES,0.5055,244.9,196.7,25.9,124.7,1920,1080,0.156,257.9,259.0
Round1,Q2,556,278.0,EMIRATES,0.671,247.7,152.6,15.7,69.0,1920,1080,0.052,255.5,187.1
Round1,Q2,556,278.0,EMIRATES,0.6169,249.6,226.3,16.1,72.8,1920,1080,0.057,257.7,262.7
Round1,Q2,558,279.0,EMIRATES,0.6536,429.7,181.9,53.9,24.0,1920,1080,0.062,456.7,194.0
Round1,Q2,559,279.5,EMIRATES,0.8758,773.7,292.3,58.7,21.7,1920,1080,0.061,803.0,303.2
Round1,Q2,559,279.5,EMIRATES,0.6216,634.1,295.4,16.6,69.0,1920,1080,0.055,642.4,329.9
Round1,Q2,559,279.5,EMIRATES,0.5817,382.2,361.7,17.1,68.4,1920,1080,0.056,390.7,395.9
Round1,Q2,559,279.5,EMIRATES,0.5141,630.8,366.7,17.5,74.9,1920,1080,0.063,639.5,404.2
Round1,Q2,559,279.5,EMIRATES,0.3749,383.1,292.2,16.7,52.1,1920,1080,0.042,391.4,318.2
Round1,Q2,560,280.0,EMIRATES,0.5823,558.2,368.1,15.4,62.9,1920,1080,0.047,565.9,399.5
Round1,Q2,560,280.0,EMIRATES,0.3286,786.4,376.9,14.4,64.6,1920,1080,0.045,793.6,409.2
Round1,Q2,561,280.5,EMIRATES,0.4479,355.4,305.8,22.4,122.2,1920,1080,0.132,366.6,366.9
Round1,Q2,562,281.0,EMIRATES,0.7382,536.9,279.3,15.4,66.8,1920,1080,0.049,544.5,312.7
Round1,Q2,562,281.0,EMIRATES,0.7343,289.0,279.0,17.4,63.6,1920,1080,0.053,297.6,310.8
Round1,Q2,562,281.0,EMIRATES,0.7274,534.9,350.7,16.0,69.5,1920,1080,0.054,542.9,385.4
Round1,Q2,562,281.0,EMIRATES,0.6904,288.7,344.3,16.5,68.1,1920,1080,0.054,296.9,378.4
Round1,Q2,581,290.5,EMIRATES,0.8999,805.6,395.7,112.2,42.8,1920,1080,0.231,861.7,417.1
Round1,Q2,582,291.0,EMIRATES,0.8983,923.5,431.8,93.6,42.6,1920,1080,0.192,970.2,453.1
Round1,Q2,583,291.5,EMIRATES,0.8832,924.3,442.9,108.0,46.5,1920,1080,0.242,978.3,466.1
Round1,Q2,584,292.0,JAMESON,0.8892,832.0,221.2,73.0,22.7,1920,1080,0.08,868.5,232.6
Round1,Q2,584,292.0,JAMESON,0.8851,691.1,221.4,73.1,21.9,1920,1080,0.077,727.6,232.4
Round1,Q2,584,292.0,JAMESON,0.8731,1769.3,211.7,77.2,23.3,1920,1080,0.087,1807.9,223.3
Round1,Q2,584,292.0,JAMESON,0.8699,548.1,220.8,73.6,21.5,1920,1080,0.076,584.9,231.5
Round1,Q2,584,292.0,JAMESON,0.8691,972.4,221.2,72.6,22.4,1920,1080,0.079,1008.7,232.4
Round1,Q2,584,292.0,JAMESON,0.8589,1394.6,218.4,71.8,22.0,1920,1080,0.076,1430.5,229.4
Round1,Q2,584,292.0,JAMESON,0.8578,1539.2,215.9,72.7,22.9,1920,1080,0.08,1575.5,227.4
Round1,Q2,584,292.0,JAMESON,0.8437,211.8,420.6,83.4,25.1,1920,1080,0.101,253.5,433.2
Round1,Q2,584,292.0,JAMESON,0.8387,1111.7,221.2,68.1,21.1,1920,1080,0.069,1145.8,231.7
Round1,Q2,584,292.0,JAMESON,0.8348,1253.2,220.3,71.1,21.3,1920,1080,0.073,1288.8,230.9
Round1,Q2,584,292.0,JAMESON,0.8321,847.7,420.2,77.3,24.3,1920,1080,0.091,886.3,432.4
Round1,Q2,584,292.0,JAMESON,0.8241,1766.3,431.9,79.6,25.9,1920,1080,0.099,1806.2,444.8
Round1,Q2,584,292.0,JAMESON,0.8202,692.2,420.0,79.0,24.5,1920,1080,0.093,731.7,432.2
Round1,Q2,584,292.0,JAMESON,0.8174,37.9,419.8,88.1,25.9,1920,1080,0.11,82.0,432.8
Round1,Q2,584,292.0,JAMESON,0.8113,537.5,420.5,78.4,23.8,1920,1080,0.09,576.7,432.4
Round1,Q2,584,292.0,ACCESS_COVERS,0.722,1137.3,24.0,86.3,17.8,1920,1080,0.074,1180.4,32.9
Round1,Q2,584,292.0,JAMESON,0.5063,1454.9,426.2,73.9,24.1,1920,1080,0.086,1491.9,438.3
Round1,Q2,584,292.0,JAMESON,0.3359,1608.9,428.2,66.2,24.6,1920,1080,0.078,1642.0,440.5
Round1,Q2,585,292.5,JAMESON,0.8616,1719.0,219.3,76.7,23.3,1920,1080,0.086,1757.3,230.9
Round1,Q2,585,292.5,JAMESON,0.8613,1494.0,223.0,74.6,22.8,1920,1080,0.082,1531.3,234.4
Round1,Q2,585,292.5,JAMESON,0.8531,801.6,227.3,71.7,22.6,1920,1080,0.078,837.4,238.6
Round1,Q2,585,292.5,JAMESON,0.8476,662.4,422.9,79.7,25.3,1920,1080,0.097,702.2,435.5
Round1,Q2,585,292.5,JAMESON,0.8391,940.2,227.4,71.3,22.3,1920,1080,0.077,975.8,238.5
Round1,Q2,585,292.5,JAMESON,0.8387,520.9,226.4,74.1,22.6,1920,1080,0.081,557.9,237.7
Round1,Q2,585,292.5,JAMESON,0.8369,662.2,227.1,73.5,22.7,1920,1080,0.08,698.9,238.4
Round1,Q2,585,292.5,JAMESON,0.8357,1717.2,434.8,77.6,26.0,1920,1080,0.097,1756.0,447.8
Round1,Q2,585,292.5,JAMESON,0.8298,1352.8,225.3,72.7,22.0,1920,1080,0.077,1389.2,236.3
Round1,Q2,585,292.5,JAMESON,0.8274,1867.2,215.6,52.8,23.8,1920,1080,0.061,1893.6,227.5
Round1,Q2,585,292.5,JAMESON,0.8165,15.2,422.9,88.3,26.4,1920,1080,0.112,59.3,436.1
Round1,Q2,585,292.5,JAMESON,0.8113,816.6,423.1,75.8,24.5,1920,1080,0.09,854.6,435.4
Round1,Q2,585,292.5,JAMESON,0.8092,511.0,423.1,76.6,24.0,1920,1080,0.089,549.3,435.1
Round1,Q2,585,292.5,JAMESON,0.8031,1871.1,438.7,48.9,27.6,1920,1080,0.065,1895.5,452.5
Round1,Q2,585,292.5,JAMESON,0.7996,189.7,423.8,82.4,25.1,1920,1080,0.1,231.0,436.4
Round1,Q2,585,292.5,JAMESON,0.7662,1077.3,226.9,66.4,22.4,1920,1080,0.072,1110.5,238.1
Round1,Q2,585,292.5,JAMESON,0.7582,1214.9,226.5,71.9,21.9,1920,1080,0.076,1250.8,237.4
Round1,Q2,585,292.5,JAMESON,0.6816,966.3,423.9,74.1,25.7,1920,1080,0.092,1003.3,436.7
Round1,Q2,585,292.5,ACCESS_COVERS,0.3934,1101.7,34.9,84.9,17.7,1920,1080,0.072,1144.1,43.7
Round1,Q2,585,292.5,JAMESON,0.3674,1121.7,425.7,69.7,24.6,1920,1080,0.083,1156.5,438.0
Round1,Q2,585,292.5,JAMESON,0.3665,1411.4,429.0,69.9,24.9,1920,1080,0.084,1446.3,441.4
Round1,Q2,586,293.0,JAMESON,0.8683,1681.4,234.5,73.7,23.3,1920,1080,0.083,1718.3,246.1
Round1,Q2,586,293.0,JAMESON,0.864,633.4,241.7,71.0,21.8,1920,1080,0.074,668.9,252.6
Round1,Q2,586,293.0,JAMESON,0.8632,1825.3,231.5,78.7,23.7,1920,1080,0.09,1864.7,243.3
Round1,Q2,586,293.0,JAMESON,0.8616,772.2,242.0,70.4,21.7,1920,1080,0.074,807.4,252.9
Round1,Q2,586,293.0,JAMESON,0.8573,492.5,240.8,73.2,22.3,1920,1080,0.079,529.1,251.9
Round1,Q2,586,293.0,JAMESON,0.8508,634.5,436.2,78.5,25.3,1920,1080,0.096,673.7,448.9
Round1,Q2,586,293.0,JAMESON,0.8494,181.3,0.0,66.9,14.1,1920,1080,0.045,214.7,7.0
Round1,Q2,586,293.0,JAMESON,0.8481,909.5,241.5,70.4,22.4,1920,1080,0.076,944.7,252.7
Round1,Q2,586,293.0,JAMESON,0.8403,0.0,436.6,74.4,25.5,1920,1080,0.091,37.2,449.3
Round1,Q2,586,293.0,JAMESON,0.8368,1319.4,239.5,71.7,22.8,1920,1080,0.079,1355.2,250.9
Round1,Q2,586,293.0,JAMESON,0.8354,160.0,437.5,82.5,24.7,1920,1080,0.098,201.3,449.8
Round1,Q2,586,293.0,JAMESON,0.8263,1459.0,238.2,71.5,22.5,1920,1080,0.078,1494.8,249.4
Round1,Q2,586,293.0,JAMESON,0.8255,786.2,436.6,75.9,24.2,1920,1080,0.089,824.2,448.7
Round1,Q2,586,293.0,JAMESON,0.819,1831.2,452.5,79.6,25.3,1920,1080,0.097,1871.0,465.2
Round1,Q2,586,293.0,JAMESON,0.8046,481.3,436.7,77.7,24.6,1920,1080,0.092,520.2,449.0
Round1,Q2,586,293.0,JAMESON,0.7936,1182.5,240.8,70.9,21.9,1920,1080,0.075,1218.0,251.7
Round1,Q2,586,293.0,JAMESON,0.7735,1046.5,241.5,64.5,21.7,1920,1080,0.068,1078.7,252.4
Round1,Q2,586,293.0,JAMESON,0.7562,1679.2,448.1,77.7,26.0,1920,1080,0.097,1718.1,461.1
Round1,Q2,586,293.0,JAMESON,0.7205,935.6,437.8,74.6,23.8,1920,1080,0.086,972.9,449.7
Round1,Q2,586,293.0,ACCESS_COVERS,0.6767,1070.3,49.7,83.6,18.2,1920,1080,0.073,1112.1,58.7
Round1,Q2,587,293.5,JAMESON,0.8774,1468.5,234.1,76.0,23.4,1920,1080,0.086,1506.5,245.9
Round1,Q2,587,293.5,JAMESON,0.8716,736.8,238.5,74.9,23.1,1920,1080,0.083,774.2,250.1
Round1,Q2,587,293.5,JAMESON,0.8669,882.7,238.2,75.6,23.0,1920,1080,0.084,920.5,249.7
Round1,Q2,587,293.5,JAMESON,0.8532,437.0,236.6,78.2,23.4,1920,1080,0.088,476.1,248.3
Round1,Q2,587,293.5,JAMESON,0.853,587.7,237.0,77.4,24.1,1920,1080,0.09,626.4,249.1
Round1,Q2,587,293.5,JAMESON,0.85,1705.4,230.6,79.0,24.6,1920,1080,0.094,1744.9,242.9
Round1,Q2,587,293.5,JAMESON,0.8455,1860.8,227.1,59.2,24.5,1920,1080,0.07,1890.4,239.3
Round1,Q2,587,293.5,JAMESON,0.8402,1319.7,236.5,75.3,22.8,1920,1080,0.083,1357.4,247.9
Round1,Q2,587,293.5,JAMESON,0.8393,752.3,446.0,80.5,24.9,1920,1080,0.097,792.5,458.5
Round1,Q2,587,293.5,JAMESON,0.8225,588.9,445.5,85.2,25.8,1920,1080,0.106,631.5,458.4
Round1,Q2,587,293.5,JAMESON,0.8224,79.2,446.5,89.8,25.6,1920,1080,0.111,124.1,459.3
Round1,Q2,587,293.5,JAMESON,0.8211,1703.4,458.2,81.0,26.1,1920,1080,0.102,1743.9,471.3
Round1,Q2,587,293.5,JAMESON,0.8141,1027.4,237.9,69.2,23.0,1920,1080,0.077,1062.0,249.4
Round1,Q2,587,293.5,JAMESON,0.8103,426.0,445.6,83.1,25.0,1920,1080,0.1,467.6,458.1
Round1,Q2,587,293.5,JAMESON,0.809,1174.5,237.2,74.5,22.8,1920,1080,0.082,1211.7,248.6
Round1,Q2,587,293.5,JAMESON,0.8042,1866.0,462.0,54.0,28.4,1920,1080,0.074,1893.0,476.2
Round1,Q2,587,293.5,JAMESON,0.7679,911.4,446.8,78.8,25.0,1920,1080,0.095,950.7,459.3
Round1,Q2,587,293.5,ACCESS_COVERS,0.6315,1053.8,35.0,89.4,18.5,1920,1080,0.08,1098.6,44.3
Round1,Q2,587,293.5,JAMESON,0.3378,1383.7,452.3,73.1,24.8,1920,1080,0.088,1420.3,464.7
Round1,Q2,588,294.0,JAMESON,0.8979,1710.6,207.1,84.4,25.3,1920,1080,0.103,1752.8,219.7
Round1,Q2,588,294.0,JAMESON,0.8835,317.7,212.2,85.4,24.4,1920,1080,0.101,360.4,224.4
Round1,Q2,588,294.0,JAMESON,0.8786,485.1,213.5,84.4,24.8,1920,1080,0.101,527.3,225.9
Round1,Q2,588,294.0,JAMESON,0.8731,1452.7,211.0,80.3,24.8,1920,1080,0.096,1492.9,223.4
Round1,Q2,588,294.0,JAMESON,0.8726,1289.2,213.0,81.4,24.4,1920,1080,0.096,1329.9,225.2
Round1,Q2,588,294.0,JAMESON,0.871,649.8,214.7,81.4,24.3,1920,1080,0.096,690.5,226.8
Round1,Q2,588,294.0,JAMESON,0.869,811.1,214.9,80.5,24.2,1920,1080,0.094,851.4,227.0
Round1,Q2,588,294.0,JAMESON,0.8404,486.1,441.7,92.9,27.9,1920,1080,0.125,532.5,455.6
Round1,Q2,588,294.0,JAMESON,0.8404,970.6,214.6,73.3,23.9,1920,1080,0.084,1007.3,226.5
Round1,Q2,588,294.0,JAMESON,0.8368,840.4,443.5,88.9,27.1,1920,1080,0.116,884.8,457.0
Round1,Q2,588,294.0,JAMESON,0.8357,303.9,442.1,94.0,27.4,1920,1080,0.124,350.9,455.7
Round1,Q2,588,294.0,JAMESON,0.8327,1130.5,213.9,79.8,24.3,1920,1080,0.093,1170.4,226.1
Round1,Q2,588,294.0,JAMESON,0.8263,1707.2,455.3,90.3,28.9,1920,1080,0.126,1752.4,469.8
Round1,Q2,588,294.0,JAMESON,0.8106,665.9,442.0,89.1,27.3,1920,1080,0.117,710.4,455.7
Round1,Q2,588,294.0,JAMESON,0.7825,1880.0,202.8,39.9,26.6,1920,1080,0.051,1900.0,216.1
Round1,Q2,588,294.0,JAMESON,0.6416,1884.9,458.6,35.1,32.7,1920,1080,0.055,1902.4,474.9
Round1,Q2,589,294.5,JAMESON,0.8986,204.0,196.4,91.4,25.6,1920,1080,0.113,249.7,209.2
Round1,Q2,589,294.5,JAMESON,0.8917,1414.7,197.1,85.3,26.0,1920,1080,0.107,1457.3,210.2
Round1,Q2,589,294.5,JAMESON,0.8882,1687.5,193.2,89.5,26.1,1920,1080,0.113,1732.3,206.3
Round1,Q2,589,294.5,JAMESON,0.8826,559.9,200.0,87.5,25.4,1920,1080,0.107,603.6,212.7
Round1,Q2,589,294.5,JAMESON,0.8805,384.3,198.3,90.3,25.8,1920,1080,0.113,429.5,211.2
Round1,Q2,589,294.5,JAMESON,0.8737,1242.0,199.0,85.9,25.7,1920,1080,0.106,1285.0,211.9
Round1,Q2,589,294.5,JAMESON,0.873,733.2,200.6,86.2,25.2,1920,1080,0.105,776.3,213.2
Round1,Q2,589,294.5,JAMESON,0.8566,1683.5,456.7,94.3,30.1,1920,1080,0.137,1730.7,471.7
Round1,Q2,589,294.5,JAMESON,0.8561,1073.5,200.1,84.9,25.2,1920,1080,0.103,1116.0,212.7
Round1,Q2,589,294.5,JAMESON,0.8482,189.2,442.3,100.7,29.0,1920,1080,0.141,239.5,456.8
Round1,Q2,589,294.5,JAMESON,0.8456,385.3,441.7,99.9,29.6,1920,1080,0.142,435.2,456.5
Round1,Q2,589,294.5,JAMESON,0.8415,766.8,443.9,93.6,28.5,1920,1080,0.129,813.6,458.1
Round1,Q2,589,294.5,JAMESON,0.8366,1865.9,189.0,54.0,27.5,1920,1080,0.072,1892.9,202.8
Round1,Q2,589,294.5,JAMESON,0.829,578.4,442.4,96.1,28.5,1920,1080,0.132,626.4,456.7
Round1,Q2,589,294.5,JAMESON,0.8226,903.8,200.8,78.1,25.0,1920,1080,0.094,942.8,213.3
Round1,Q2,589,294.5,JAMESON,0.7414,1872.6,460.4,47.4,31.9,1920,1080,0.073,1896.3,476.3
Round1,Q2,589,294.5,JAMESON,0.6096,1315.1,449.3,87.0,28.8,1920,1080,0.121,1358.6,463.7
Round1,Q2,589,294.5,JAMESON,0.5188,1499.1,452.8,74.6,29.5,1920,1080,0.106,1536.4,467.5
Round1,Q2,590,295.0,JAMESON,0.9019,657.1,195.7,86.7,25.5,1920,1080,0.107,700.5,208.4
Round1,Q2,590,295.0,JAMESON,0.8996,479.7,194.8,88.0,25.6,1920,1080,0.109,523.8,207.6
Round1,Q2,590,295.0,JAMESON,0.8945,1811.2,185.1,92.6,27.9,1920,1080,0.125,1857.5,199.0
Round1,Q2,590,295.0,JAMESON,0.8945,1177.3,194.8,87.7,26.0,1920,1080,0.11,1221.2,207.9
Round1,Q2,590,295.0,JAMESON,0.8915,295.9,192.9,92.2,25.6,1920,1080,0.114,342.0,205.7
Round1,Q2,590,295.0,JAMESON,0.8817,1354.0,193.4,85.5,25.7,1920,1080,0.106,1396.7,206.3
Round1,Q2,590,295.0,JAMESON,0.8815,1630.1,189.1,89.7,26.9,1920,1080,0.116,1675.0,202.5
Round1,Q2,590,295.0,JAMESON,0.8813,1006.3,195.9,85.1,24.8,1920,1080,0.102,1048.9,208.3
Round1,Q2,590,295.0,JAMESON,0.8655,108.1,189.8,94.8,26.5,1920,1080,0.121,155.5,203.1
Round1,Q2,590,295.0,JAMESON,0.8531,691.1,444.7,95.4,28.8,1920,1080,0.133,738.8,459.1
Round1,Q2,590,295.0,JAMESON,0.8526,297.9,442.8,103.1,30.1,1920,1080,0.15,349.5,457.8
Round1,Q2,590,295.0,JAMESON,0.8524,831.7,195.9,80.8,25.5,1920,1080,0.099,872.1,208.7
Round1,Q2,590,295.0,JAMESON,0.8515,1816.3,462.8,100.1,31.8,1920,1080,0.153,1866.4,478.6
Round1,Q2,590,295.0,JAMESON,0.8514,497.3,443.3,98.3,29.0,1920,1080,0.137,546.4,457.8
Round1,Q2,590,295.0,JAMESON,0.836,1627.1,457.8,96.4,30.8,1920,1080,0.143,1675.3,473.2
Round1,Q2,590,295.0,JAMESON,0.8284,89.8,442.9,108.2,29.8,1920,1080,0.155,143.9,457.8
Round1,Q2,590,295.0,JAMESON,0.5581,1252.9,450.8,86.5,29.4,1920,1080,0.122,1296.1,465.5
Round1,Q2,590,295.0,JAMESON,0.4128,1439.6,453.4,77.9,30.0,1920,1080,0.113,1478.5,468.4
Round1,Q2,590,295.0,EMIRATES,0.3497,1309.9,403.2,12.2,47.7,1920,1080,0.028,1316.0,427.0
Round1,Q2,590,295.0,JAMESON,0.3149,0.0,186.4,11.7,25.9,1920,1080,0.015,5.9,199.4
Round1,Q2,590,295.0,EMIRATES,0.3054,1526.6,404.8,11.8,45.9,1920,1080,0.026,1532.5,427.8
Round1,Q2,591,295.5,JAMESON,0.9036,1734.7,182.3,93.8,27.5,1920,1080,0.124,1781.5,196.0
Round1,Q2,591,295.5,JAMESON,0.9012,2.4,182.3,97.2,27.3,1920,1080,0.128,51.0,196.0
Round1,Q2,591,295.5,JAMESON,0.8902,1554.3,185.3,90.6,27.7,1920,1080,0.121,1599.6,199.2
Round1,Q2,591,295.5,JAMESON,0.8864,385.2,188.5,92.0,26.2,1920,1080,0.116,431.1,201.6
Round1,Q2,591,295.5,JAMESON,0.8806,196.8,186.1,95.2,26.7,1920,1080,0.123,244.4,199.5
Round1,Q2,591,295.5,JAMESON,0.874,567.5,189.8,90.2,26.4,1920,1080,0.115,612.6,203.1
Round1,Q2,591,295.5,JAMESON,0.8722,1274.8,188.9,87.8,26.2,1920,1080,0.111,1318.7,202.0
Round1,Q2,591,295.5,JAMESON,0.8695,1097.0,190.2,89.3,26.5,1920,1080,0.114,1141.7,203.4
Round1,Q2,591,295.5,JAMESON,0.8591,1551.2,457.0,95.5,31.0,1920,1080,0.143,1598.9,472.6
Round1,Q2,591,295.5,JAMESON,0.8579,602.4,443.8,98.8,29.3,1920,1080,0.139,651.8,458.5
Round1,Q2,591,295.5,JAMESON,0.8577,923.3,190.6,89.0,26.2,1920,1080,0.113,967.8,203.7
Round1,Q2,591,295.5,JAMESON,0.8561,405.2,442.7,101.0,29.4,1920,1080,0.143,455.7,457.4
Round1,Q2,591,295.5,JAMESON,0.8512,199.1,441.7,106.2,30.6,1920,1080,0.157,252.2,457.0
Round1,Q2,591,295.5,JAMESON,0.851,1740.2,461.7,100.3,31.9,1920,1080,0.154,1790.4,477.6
Round1,Q2,591,295.5,JAMESON,0.8365,745.8,190.6,82.7,26.0,1920,1080,0.104,787.2,203.6
Round1,Q2,591,295.5,JAMESON,0.6588,0.0,442.3,92.9,30.2,1920,1080,0.136,46.5,457.5
Round1,Q2,591,295.5,JAMESON,0.6414,1174.0,449.0,90.2,30.3,1920,1080,0.132,1219.2,464.2
Round1,Q2,591,295.5,JAMESON,0.3948,1363.3,453.1,75.7,29.4,1920,1080,0.107,1401.2,467.8
Round1,Q2,591,295.5,EMIRATES,0.3648,1231.7,401.7,13.0,47.7,1920,1080,0.03,1238.2,425.5
Round1,Q2,592,296.0,JAMESON,0.9001,1642.0,181.8,91.5,27.6,1920,1080,0.122,1687.7,195.6
Round1,Q2,592,296.0,JAMESON,0.8972,96.9,182.4,96.5,26.7,1920,1080,0.124,145.1,195.7
Round1,Q2,592,296.0,JAMESON,0.8928,289.0,185.5,92.9,26.5,1920,1080,0.119,335.4,198.7
Round1,Q2,592,296.0,JAMESON,0.8876,1462.2,184.9,89.8,27.1,1920,1080,0.118,1507.1,198.5
Round1,Q2,592,296.0,JAMESON,0.8758,1008.5,188.7,88.2,26.3,1920,1080,0.112,1052.6,201.9
Round1,Q2,592,296.0,JAMESON,0.873,474.2,187.3,92.1,26.2,1920,1080,0.117,520.3,200.5
Round1,Q2,592,296.0,JAMESON,0.8713,1186.2,187.5,87.1,26.1,1920,1080,0.11,1229.8,200.6
Round1,Q2,592,296.0,JAMESON,0.8651,1828.4,177.8,90.6,28.0,1920,1080,0.122,1873.6,191.8
Round1,Q2,592,296.0,JAMESON,0.8575,833.3,188.8,87.7,25.6,1920,1080,0.108,877.1,201.6
Round1,Q2,592,296.0,JAMESON,0.8534,1648.9,461.0,97.2,32.0,1920,1080,0.15,1697.4,476.9
Round1,Q2,592,296.0,JAMESON,0.852,309.3,441.1,103.1,30.2,1920,1080,0.15,360.8,456.2
Round1,Q2,592,296.0,JAMESON,0.845,654.7,188.3,81.3,26.0,1920,1080,0.102,695.3,201.3
Round1,Q2,592,296.0,JAMESON,0.844,100.8,440.5,107.5,30.8,1920,1080,0.16,154.5,455.9
Round1,Q2,592,296.0,JAMESON,0.8433,510.3,442.5,99.8,29.9,1920,1080,0.144,560.2,457.5
Round1,Q2,592,296.0,JAMESON,0.8425,1459.9,455.7,96.0,31.1,1920,1080,0.144,1507.9,471.3
Round1,Q2,592,296.0,JAMESON,0.8322,1839.0,466.7,81.0,32.2,1920,1080,0.126,1879.5,482.8
Round1,Q2,592,296.0,JAMESON,0.5619,1085.0,448.5,88.3,29.5,1920,1080,0.126,1129.2,463.3
Round1,Q2,592,296.0,JAMESON,0.4019,1273.4,452.1,77.6,29.5,1920,1080,0.11,1312.2,466.8
Round1,Q2,593,296.5,JAMESON,0.8958,1723.1,183.7,91.5,28.1,1920,1080,0.124,1768.9,197.7
Round1,Q2,593,296.5,JAMESON,0.8897,18.7,184.6,97.5,26.7,1920,1080,0.125,67.4,198.0
Round1,Q2,593,296.5,JAMESON,0.8875,1542.6,187.5,90.0,26.7,1920,1080,0.116,1587.6,200.9
Round1,Q2,593,296.5,JAMESON,0.8797,925.4,193.1,85.9,25.7,1920,1080,0.107,968.4,205.9
Round1,Q2,593,296.5,JAMESON,0.8796,1369.2,190.1,87.4,26.7,1920,1080,0.113,1412.9,203.4
Round1,Q2,593,296.5,JAMESON,0.878,211.4,188.2,92.3,26.1,1920,1080,0.116,257.5,201.3
Round1,Q2,593,296.5,JAMESON,0.8738,396.8,190.4,90.1,26.2,1920,1080,0.114,441.9,203.5
Round1,Q2,593,296.5,JAMESON,0.8693,1099.2,192.2,84.6,26.0,1920,1080,0.106,1141.5,205.1
Round1,Q2,593,296.5,JAMESON,0.865,752.0,192.5,87.3,25.7,1920,1080,0.108,795.7,205.4
Round1,Q2,593,296.5,JAMESON,0.8554,233.7,440.6,101.4,30.1,1920,1080,0.147,284.4,455.6
Round1,Q2,593,296.5,JAMESON,0.8545,1367.5,455.2,93.3,30.6,1920,1080,0.137,1414.2,470.5
Round1,Q2,593,296.5,JAMESON,0.8538,1550.2,460.5,95.4,31.3,1920,1080,0.144,1597.9,476.2
Round1,Q2,593,296.5,JAMESON,0.8533,1734.8,466.2,94.8,31.7,1920,1080,0.145,1782.2,482.1
Round1,Q2,593,296.5,JAMESON,0.8528,23.0,440.1,108.8,30.8,1920,1080,0.162,77.4,455.5
Round1,Q2,593,296.5,JAMESON,0.8458,576.5,191.7,80.8,25.2,1920,1080,0.098,616.9,204.3
Round1,Q2,593,296.5,JAMESON,0.8333,432.6,442.1,99.8,30.0,1920,1080,0.145,482.5,457.1
Round1,Q2,593,296.5,JAMESON,0.6485,1000.8,447.6,88.7,30.8,1920,1080,0.132,1045.2,463.0
Round1,Q2,593,296.5,JAMESON,0.6222,1185.5,452.2,67.9,27.5,1920,1080,0.09,1219.5,465.9
Round1,Q2,593,296.5,JAMESON,0.3926,1904.0,181.7,15.9,28.4,1920,1080,0.022,1912.0,195.9
Round1,Q2,593,296.5,EMIRATES,0.3449,1057.7,401.0,12.4,45.6,1920,1080,0.027,1063.9,423.8
Round1,Q2,594,297.0,JAMESON,0.8993,0.4,196.6,92.0,26.1,1920,1080,0.116,46.4,209.6
Round1,Q2,594,297.0,JAMESON,0.8952,1636.6,197.7,86.6,27.5,1920,1080,0.115,1679.9,211.4
Round1,Q2,594,297.0,JAMESON,0.8928,1807.3,195.0,90.6,27.2,1920,1080,0.119,1852.6,208.6
Round1,Q2,594,297.0,JAMESON,0.8798,1039.9,205.0,82.7,25.4,1920,1080,0.101,1081.2,217.7
Round1,Q2,594,297.0,JAMESON,0.8793,184.5,199.9,89.8,25.9,1920,1080,0.112,229.4,212.8
Round1,Q2,594,297.0,JAMESON,0.8786,1464.3,200.5,87.2,26.9,1920,1080,0.113,1508.0,213.9
Round1,Q2,594,297.0,JAMESON,0.8779,1298.5,203.1,85.2,25.9,1920,1080,0.106,1341.1,216.0
Round1,Q2,594,297.0,JAMESON,0.8682,872.5,205.3,85.2,25.4,1920,1080,0.104,915.1,218.0
Round1,Q2,594,297.0,JAMESON,0.8668,362.7,201.6,87.6,26.0,1920,1080,0.11,406.5,214.6
Round1,Q2,594,297.0,JAMESON,0.8538,1647.7,467.9,89.9,30.7,1920,1080,0.133,1692.6,483.3
Round1,Q2,594,297.0,JAMESON,0.8474,1298.2,457.6,89.1,29.3,1920,1080,0.126,1342.8,472.2
Round1,Q2,594,297.0,JAMESON,0.8439,536.5,203.3,79.1,25.4,1920,1080,0.097,576.1,216.0
Round1,Q2,594,297.0,JAMESON,0.8365,1473.1,462.3,90.2,29.6,1920,1080,0.129,1518.2,477.1
Round1,Q2,594,297.0,JAMESON,0.8357,399.1,445.5,94.3,28.2,1920,1080,0.128,446.2,459.6
Round1,Q2,594,297.0,JAMESON,0.8351,706.6,204.7,84.4,25.1,1920,1080,0.102,748.9,217.2
Round1,Q2,594,297.0,JAMESON,0.834,204.9,443.5,99.3,28.8,1920,1080,0.138,254.5,457.9
Round1,Q2,594,297.0,JAMESON,0.8308,1825.1,473.6,93.8,33.1,1920,1080,0.149,1872.0,490.1
Round1,Q2,594,297.0,JAMESON,0.7877,4.7,442.7,102.3,29.3,1920,1080,0.145,55.9,457.3
Round1,Q2,594,297.0,JAMESON,0.5488,946.8,451.4,81.6,27.0,1920,1080,0.106,987.6,464.9
Round1,Q2,594,297.0,JAMESON,0.5098,1123.5,453.6,65.3,28.5,1920,1080,0.09,1156.2,467.8
Round1,Q2,595,297.5,JAMESON,0.8993,8.4,208.8,91.4,25.5,1920,1080,0.112,54.1,221.5
Round1,Q2,595,297.5,JAMESON,0.8903,1762.1,207.5,87.6,27.0,1920,1080,0.114,1805.9,221.0
Round1,Q2,595,297.5,JAMESON,0.8852,1431.2,212.7,83.7,26.0,1920,1080,0.105,1473.1,225.7
Round1,Q2,595,297.5,JAMESON,0.8846,1597.3,210.3,83.5,26.6,1920,1080,0.107,1639.0,223.6
Round1,Q2,595,297.5,JAMESON,0.8767,189.7,211.9,88.2,25.1,1920,1080,0.107,233.8,224.4
Round1,Q2,595,297.5,JAMESON,0.8765,363.1,213.5,85.8,25.3,1920,1080,0.105,406.0,226.2
Round1,Q2,595,297.5,JAMESON,0.8704,1271.3,214.7,81.8,26.2,1920,1080,0.103,1312.1,227.8
Round1,Q2,595,297.5,JAMESON,0.8589,1021.8,216.6,78.6,24.6,1920,1080,0.093,1061.1,228.9
Round1,Q2,595,297.5,JAMESON,0.8567,859.0,216.6,81.2,25.1,1920,1080,0.098,899.6,229.1
Round1,Q2,595,297.5,JAMESON,0.8482,697.4,216.1,81.4,24.8,1920,1080,0.098,738.1,228.5
Round1,Q2,595,297.5,JAMESON,0.8452,399.5,449.3,91.6,27.9,1920,1080,0.123,445.3,463.3
Round1,Q2,595,297.5,JAMESON,0.838,532.4,214.8,75.5,25.7,1920,1080,0.094,570.2,227.7
Round1,Q2,595,297.5,JAMESON,0.8371,1779.2,477.0,91.8,32.4,1920,1080,0.144,1825.1,493.2
Round1,Q2,595,297.5,JAMESON,0.8354,210.3,448.3,97.2,28.2,1920,1080,0.132,258.9,462.4
Round1,Q2,595,297.5,JAMESON,0.823,1439.6,466.4,88.1,29.3,1920,1080,0.125,1483.7,481.0
Round1,Q2,595,297.5,JAMESON,0.7987,1271.0,462.0,87.6,27.8,1920,1080,0.118,1314.8,475.9
Round1,Q2,595,297.5,JAMESON,0.7343,1609.0,471.3,85.4,30.0,1920,1080,0.124,1651.8,486.3
Round1,Q2,595,297.5,JAMESON,0.705,12.7,448.0,103.7,29.3,1920,1080,0.147,64.6,462.7
Round1,Q2,595,297.5,JAMESON,0.5035,930.7,455.5,85.4,28.4,1920,1080,0.117,973.4,469.7
Round1,Q2,595,297.5,JAMESON,0.428,1103.1,458.2,63.3,28.0,1920,1080,0.085,1134.8,472.1
Round1,Q2,596,298.0,JAMESON,0.8909,1453.3,216.8,83.2,25.7,1920,1080,0.103,1494.9,229.6
Round1,Q2,596,298.0,JAMESON,0.8874,390.7,218.2,85.7,25.0,1920,1080,0.103,433.6,230.7
Round1,Q2,596,298.0,JAMESON,0.8861,218.5,216.0,88.3,25.2,1920,1080,0.107,262.6,228.6
Round1,Q2,596,298.0,JAMESON,0.8829,1294.4,218.8,80.6,25.0,1920,1080,0.097,1334.7,231.3
Round1,Q2,596,298.0,JAMESON,0.8822,1782.8,210.8,88.2,26.9,1920,1080,0.114,1826.9,224.2
Round1,Q2,596,298.0,JAMESON,0.8797,1617.7,213.3,83.9,26.9,1920,1080,0.109,1659.6,226.8
Round1,Q2,596,298.0,JAMESON,0.8761,1044.1,220.1,79.6,24.9,1920,1080,0.096,1083.9,232.5
Round1,Q2,596,298.0,JAMESON,0.874,881.9,220.7,81.4,24.6,1920,1080,0.097,922.6,233.0
Round1,Q2,596,298.0,JAMESON,0.8699,40.8,212.8,89.8,25.8,1920,1080,0.112,85.7,225.7
Round1,Q2,596,298.0,JAMESON,0.8531,240.7,451.1,94.4,27.6,1920,1080,0.125,287.8,464.9
Round1,Q2,596,298.0,JAMESON,0.832,721.2,220.2,82.2,24.8,1920,1080,0.098,762.3,232.6
Round1,Q2,596,298.0,JAMESON,0.8291,426.3,452.2,91.8,27.8,1920,1080,0.123,472.2,466.0
Round1,Q2,596,298.0,JAMESON,0.8289,1462.9,469.6,85.5,28.9,1920,1080,0.119,1505.7,484.0
Round1,Q2,596,298.0,JAMESON,0.8253,557.6,219.2,77.0,25.4,1920,1080,0.094,596.1,231.9
Round1,Q2,596,298.0,JAMESON,0.8179,1800.6,479.8,92.1,32.9,1920,1080,0.146,1846.7,496.3
Round1,Q2,596,298.0,JAMESON,0.7876,1294.4,464.5,85.6,28.7,1920,1080,0.118,1337.2,478.8
Round1,Q2,596,298.0,JAMESON,0.6722,45.1,451.3,96.3,27.9,1920,1080,0.13,93.2,465.2
Round1,Q2,596,298.0,JAMESON,0.3611,0.0,210.7,17.1,26.1,1920,1080,0.022,8.6,223.7
Round1,Q2,596,298.0,JAMESON,0.3371,0.0,450.6,17.8,30.0,1920,1080,0.026,8.9,465.6
Round1,Q2,597,298.5,JAMESON,0.9016,280.6,219.4,85.7,25.2,1920,1080,0.104,323.5,232.0
Round1,Q2,597,298.5,JAMESON,0.8982,1351.8,220.5,80.9,25.0,1920,1080,0.097,1392.2,232.9
Round1,Q2,597,298.5,JAMESON,0.8902,1511.9,218.2,83.2,25.9,1920,1080,0.104,1553.5,231.1
Round1,Q2,597,298.5,JAMESON,0.8827,450.0,221.1,85.4,25.0,1920,1080,0.103,492.7,233.6
Round1,Q2,597,298.5,JAMESON,0.8759,102.8,216.8,90.6,25.2,1920,1080,0.11,148.1,229.4
Round1,Q2,597,298.5,JAMESON,0.8706,1678.4,214.8,84.2,26.8,1920,1080,0.109,1720.5,228.2
Round1,Q2,597,298.5,JAMESON,0.8663,1100.8,222.2,78.7,24.3,1920,1080,0.092,1140.2,234.4
Round1,Q2,597,298.5,JAMESON,0.8595,1845.3,212.4,74.6,25.9,1920,1080,0.093,1882.7,225.3
Round1,Q2,597,298.5,JAMESON,0.8563,938.8,222.8,82.0,24.8,1920,1080,0.098,979.8,235.2
Round1,Q2,597,298.5,JAMESON,0.8456,1520.5,471.4,86.9,29.4,1920,1080,0.123,1564.0,486.1
Round1,Q2,597,298.5,JAMESON,0.8381,300.9,452.9,93.2,28.5,1920,1080,0.128,347.5,467.2
Round1,Q2,597,298.5,JAMESON,0.8332,778.2,222.7,82.3,24.6,1920,1080,0.097,819.4,234.9
Round1,Q2,597,298.5,JAMESON,0.8216,484.4,454.0,92.5,28.4,1920,1080,0.127,530.6,468.2
Round1,Q2,597,298.5,JAMESON,0.8159,1351.3,466.5,86.9,28.8,1920,1080,0.121,1394.7,480.9
Round1,Q2,597,298.5,JAMESON,0.8152,615.3,222.0,78.5,25.0,1920,1080,0.094,654.5,234.5
Round1,Q2,597,298.5,JAMESON,0.7355,107.9,452.9,98.5,29.1,1920,1080,0.138,157.2,467.4
Round1,Q2,597,298.5,JAMESON,0.726,1864.1,481.5,55.8,32.5,1920,1080,0.088,1892.0,497.8
Round1,Q2,597,298.5,JAMESON,0.5067,0.1,213.0,13.2,27.9,1920,1080,0.018,6.7,227.0
Round1,Q2,598,299.0,JAMESON,0.9033,1592.3,219.0,83.5,25.7,1920,1080,0.104,1634.0,231.9
Round1,Q2,598,299.0,JAMESON,0.9023,188.1,219.9,87.4,24.9,1920,1080,0.105,231.7,232.4
Round1,Q2,598,299.0,JAMESON,0.8909,1429.5,221.2,82.2,25.4,1920,1080,0.101,1470.6,233.9
Round1,Q2,598,299.0,JAMESON,0.8878,6.9,216.5,92.3,25.6,1920,1080,0.114,53.0,229.3
Round1,Q2,598,299.0,JAMESON,0.8832,1761.0,215.4,85.2,26.6,1920,1080,0.109,1803.5,228.7
Round1,Q2,598,299.0,JAMESON,0.8802,360.8,222.3,86.1,24.8,1920,1080,0.103,403.8,234.8
Round1,Q2,598,299.0,JAMESON,0.8685,1015.2,224.4,81.4,24.7,1920,1080,0.097,1055.9,236.7
Round1,Q2,598,299.0,JAMESON,0.8579,529.2,223.5,84.5,24.6,1920,1080,0.1,571.5,235.8
Round1,Q2,598,299.0,JAMESON,0.8573,1176.8,223.3,80.5,25.0,1920,1080,0.097,1217.1,235.8
Round1,Q2,598,299.0,JAMESON,0.8468,1.1,454.5,94.8,28.8,1920,1080,0.132,48.5,468.9
Round1,Q2,598,299.0,JAMESON,0.8371,1599.5,473.0,88.4,29.1,1920,1080,0.124,1643.7,487.5
Round1,Q2,598,299.0,JAMESON,0.8311,563.5,456.0,89.8,27.2,1920,1080,0.118,608.4,469.6
Round1,Q2,598,299.0,JAMESON,0.8254,692.5,224.5,76.7,24.0,1920,1080,0.089,730.9,236.5
Round1,Q2,598,299.0,JAMESON,0.8201,381.4,454.9,92.6,27.5,1920,1080,0.123,427.7,468.7
Round1,Q2,598,299.0,JAMESON,0.8157,855.5,224.5,81.0,24.1,1920,1080,0.094,896.0,236.6
Round1,Q2,598,299.0,JAMESON,0.81,1428.8,468.5,87.0,28.3,1920,1080,0.119,1472.3,482.7
Round1,Q2,598,299.0,JAMESON,0.8032,191.8,454.8,95.9,28.9,1920,1080,0.133,239.7,469.2
Round1,Q2,598,299.0,JAMESON,0.5455,1784.5,477.7,76.5,30.8,1920,1080,0.114,1822.7,493.1
Round1,Q2,598,299.0,JAMESON,0.4765,1086.1,461.6,84.3,28.1,1920,1080,0.114,1128.2,475.7
Round1,Q2,598,299.0,ACCESS_COVERS,0.3726,717.1,1.0,100.5,17.8,1920,1080,0.086,767.3,9.9
Round1,Q2,598,299.0,JAMESON,0.3016,1258.2,464.3,68.0,27.4,1920,1080,0.09,1292.2,478.0
Round1,Q2,599,299.5,JAMESON,0.9026,78.1,220.3,89.5,25.0,1920,1080,0.108,122.8,232.8
Round1,Q2,599,299.5,JAMESON,0.8932,1656.0,219.4,85.8,25.9,1920,1080,0.107,1698.9,232.4
Round1,Q2,599,299.5,JAMESON,0.889,1492.1,222.0,84.0,25.7,1920,1080,0.104,1534.1,234.8
Round1,Q2,599,299.5,JAMESON,0.878,1826.8,215.2,87.5,26.8,1920,1080,0.113,1870.6,228.6
Round1,Q2,599,299.5,JAMESON,0.8728,425.1,224.5,85.0,25.2,1920,1080,0.103,467.6,237.1
Round1,Q2,599,299.5,JAMESON,0.8695,591.9,225.6,83.1,24.6,1920,1080,0.099,633.5,237.9
Round1,Q2,599,299.5,JAMESON,0.8662,253.1,222.6,88.2,25.2,1920,1080,0.107,297.2,235.2
Round1,Q2,599,299.5,JAMESON,0.8543,1238.3,224.7,80.9,24.5,1920,1080,0.096,1278.8,237.0
Round1,Q2,599,299.5,JAMESON,0.8503,1076.3,226.1,81.5,24.5,1920,1080,0.096,1117.1,238.4
Round1,Q2,599,299.5,JAMESON,0.8385,1664.0,474.5,90.0,28.8,1920,1080,0.125,1709.0,488.9
Round1,Q2,599,299.5,JAMESON,0.8365,625.3,457.7,90.0,27.1,1920,1080,0.118,670.3,471.3
Round1,Q2,599,299.5,JAMESON,0.8361,65.9,456.7,97.3,27.9,1920,1080,0.131,114.5,470.6
Round1,Q2,599,299.5,JAMESON,0.829,444.7,456.7,92.1,27.5,1920,1080,0.122,490.8,470.5
Round1,Q2,599,299.5,JAMESON,0.8273,915.8,226.4,82.9,23.9,1920,1080,0.096,957.3,238.4
Round1,Q2,599,299.5,JAMESON,0.8241,258.5,456.8,94.5,27.5,1920,1080,0.125,305.7,470.6
Round1,Q2,599,299.5,JAMESON,0.8128,1491.0,470.2,87.9,28.5,1920,1080,0.121,1535.0,484.5
Round1,Q2,599,299.5,JAMESON,0.8047,755.4,226.2,74.4,24.1,1920,1080,0.086,792.6,238.3
Round1,Q2,599,299.5,JAMESON,0.7776,1842.4,479.3,77.5,32.6,1920,1080,0.122,1881.2,495.6
Round1,Q2,599,299.5,ACCESS_COVERS,0.5962,779.5,1.0,99.9,19.1,1920,1080,0.092,829.5,10.5
Round1,Q2,599,299.5,JAMESON,0.5777,1147.3,463.7,84.5,28.2,1920,1080,0.115,1189.5,477.8
Round1,Q2,600,300.0,JAMESON,0.8871,1727.3,220.5,87.9,26.4,1920,1080,0.112,1771.3,233.8
Round1,Q2,600,300.0,JAMESON,0.872,495.5,227.6,83.8,25.1,1920,1080,0.101,537.3,240.2
Round1,Q2,600,300.0,JAMESON,0.8711,1562.2,223.4,84.6,25.6,1920,1080,0.104,1604.5,236.1
Round1,Q2,600,300.0,JAMESON,0.8701,151.4,223.8,89.4,25.3,1920,1080,0.109,196.1,236.4
Round1,Q2,600,300.0,JAMESON,0.8587,325.4,225.9,86.6,25.2,1920,1080,0.105,368.7,238.5
Round1,Q2,600,300.0,JAMESON,0.8566,660.3,228.6,83.3,24.8,1920,1080,0.1,701.9,241.0
Round1,Q2,600,300.0,JAMESON,0.8468,140.5,458.9,95.4,27.7,1920,1080,0.127,188.2,472.8
Round1,Q2,600,300.0,JAMESON,0.8435,1306.1,226.7,81.5,24.7,1920,1080,0.097,1346.9,239.1
Round1,Q2,600,300.0,JAMESON,0.8355,1735.7,476.9,91.1,29.8,1920,1080,0.131,1781.2,491.8
Round1,Q2,600,300.0,JAMESON,0.8324,514.0,459.1,90.3,26.9,1920,1080,0.117,559.2,472.5
Round1,Q2,600,300.0,JAMESON,0.8324,1144.3,227.9,81.4,25.0,1920,1080,0.098,1185.0,240.4
Round1,Q2,600,300.0,JAMESON,0.8311,983.7,228.7,82.7,24.3,1920,1080,0.097,1025.1,240.9
Round1,Q2,600,300.0,JAMESON,0.8293,330.4,458.7,92.8,27.8,1920,1080,0.125,376.8,472.6
Round1,Q2,600,300.0,JAMESON,0.8251,823.6,228.5,76.5,24.7,1920,1080,0.091,861.8,240.8
Round1,Q2,600,300.0,JAMESON,0.8095,1559.7,472.1,89.9,28.9,1920,1080,0.125,1604.7,486.6
Round1,Q2,600,300.0,JAMESON,0.8006,693.9,460.1,88.8,27.4,1920,1080,0.117,738.3,473.8
Round1,Q2,600,300.0,JAMESON,0.777,0.3,458.3,38.6,28.7,1920,1080,0.053,19.6,472.6
Round1,Q2,600,300.0,JAMESON,0.5606,1900.9,217.1,19.0,28.4,1920,1080,0.026,1910.4,231.2
Round1,Q2,600,300.0,ACCESS_COVERS,0.5112,848.3,2.5,100.1,21.0,1920,1080,0.102,898.3,13.0
Round1,Q2,601,300.5,JAMESON,0.8919,1791.4,221.4,88.4,26.8,1920,1080,0.114,1835.6,234.8
Round1,Q2,601,300.5,JAMESON,0.8825,555.9,230.7,83.8,24.6,1920,1080,0.1,597.8,243.0
Round1,Q2,601,300.5,JAMESON,0.8733,720.7,231.0,82.5,25.1,1920,1080,0.1,761.9,243.6
Round1,Q2,601,300.5,JAMESON,0.8691,217.6,227.5,86.3,24.8,1920,1080,0.103,260.8,239.9
Round1,Q2,601,300.5,JAMESON,0.8666,387.7,229.2,88.2,25.0,1920,1080,0.106,431.8,241.7
Round1,Q2,601,300.5,JAMESON,0.8632,202.6,460.8,96.2,28.3,1920,1080,0.132,250.7,475.0
Round1,Q2,601,300.5,JAMESON,0.8629,1625.6,225.0,83.3,25.0,1920,1080,0.101,1667.2,237.5
Round1,Q2,601,300.5,JAMESON,0.8565,1044.1,230.8,81.3,24.5,1920,1080,0.096,1084.7,243.1
Round1,Q2,601,300.5,JAMESON,0.8559,1203.1,230.4,82.9,24.4,1920,1080,0.098,1244.6,242.6
Round1,Q2,601,300.5,JAMESON,0.832,882.5,231.5,73.8,24.1,1920,1080,0.086,919.4,243.5
Round1,Q2,601,300.5,JAMESON,0.8307,1366.7,228.6,81.4,24.7,1920,1080,0.097,1407.4,241.0
Round1,Q2,601,300.5,JAMESON,0.8227,574.5,461.4,90.7,27.0,1920,1080,0.118,619.9,474.9
Round1,Q2,601,300.5,JAMESON,0.8126,391.1,461.0,95.9,28.2,1920,1080,0.131,439.1,475.1
Round1,Q2,601,300.5,JAMESON,0.8122,1800.3,479.4,91.6,30.3,1920,1080,0.134,1846.1,494.5
Round1,Q2,601,300.5,JAMESON,0.8117,752.7,462.0,90.2,28.2,1920,1080,0.123,797.8,476.1
Round1,Q2,601,300.5,JAMESON,0.7818,1621.9,474.7,89.8,28.7,1920,1080,0.124,1666.8,489.0
Round1,Q2,601,300.5,ACCESS_COVERS,0.6579,909.0,5.4,98.1,20.4,1920,1080,0.097,958.0,15.7
Round1,Q2,601,300.5,JAMESON,0.5271,6.8,461.8,100.3,29.6,1920,1080,0.143,57.0,476.6
Round1,Q2,602,301.0,JAMESON,0.9041,270.4,232.5,85.5,24.9,1920,1080,0.102,313.1,244.9
Round1,Q2,602,301.0,JAMESON,0.8884,438.4,233.8,87.3,25.7,1920,1080,0.108,482.0,246.7
Round1,Q2,602,301.0,JAMESON,0.8812,607.0,234.8,83.0,25.0,1920,1080,0.1,648.5,247.3
Round1,Q2,602,301.0,JAMESON,0.876,1416.8,231.9,81.0,25.0,1920,1080,0.097,1457.3,244.4
Round1,Q2,602,301.0,JAMESON,0.8625,768.6,235.2,85.1,24.9,1920,1080,0.102,811.2,247.7
Round1,Q2,602,301.0,JAMESON,0.8623,1252.3,233.7,82.9,25.4,1920,1080,0.101,1293.7,246.4
Round1,Q2,602,301.0,JAMESON,0.8621,1845.8,224.6,74.1,26.1,1920,1080,0.093,1882.8,237.7
Round1,Q2,602,301.0,JAMESON,0.8577,1677.1,228.1,84.7,25.8,1920,1080,0.105,1719.4,241.0
Round1,Q2,602,301.0,JAMESON,0.8383,1092.4,235.0,81.7,24.1,1920,1080,0.095,1133.2,247.1
Round1,Q2,602,301.0,JAMESON,0.8342,931.2,235.6,76.4,24.1,1920,1080,0.089,969.4,247.6
Round1,Q2,602,301.0,JAMESON,0.8262,257.5,465.0,93.8,28.1,1920,1080,0.127,304.4,479.1
Round1,Q2,602,301.0,JAMESON,0.8144,803.4,465.9,88.0,27.5,1920,1080,0.117,847.4,479.6
Round1,Q2,602,301.0,JAMESON,0.8091,1853.4,483.1,66.6,30.9,1920,1080,0.099,1886.7,498.6
Round1,Q2,602,301.0,JAMESON,0.8046,624.2,464.8,90.4,27.2,1920,1080,0.118,669.4,478.4
Round1,Q2,602,301.0,JAMESON,0.7972,442.9,464.1,92.1,29.0,1920,1080,0.129,488.9,478.6
Round1,Q2,602,301.0,JAMESON,0.7674,1674.1,478.6,88.9,28.8,1920,1080,0.123,1718.6,493.0
Round1,Q2,602,301.0,ACCESS_COVERS,0.6964,958.2,10.4,98.5,19.2,1920,1080,0.091,1007.5,20.0
Round1,Q2,603,301.5,JAMESON,0.8948,1708.5,232.7,86.8,26.4,1920,1080,0.11,1751.9,245.9
Round1,Q2,603,301.5,JAMESON,0.8772,637.0,240.6,85.1,24.4,1920,1080,0.1,679.5,252.8
Round1,Q2,603,301.5,JAMESON,0.8711,801.7,240.1,83.2,24.9,1920,1080,0.1,843.3,252.6
Round1,Q2,603,301.5,JAMESON,0.8682,301.4,237.7,88.5,25.5,1920,1080,0.109,345.6,250.5
Round1,Q2,603,301.5,JAMESON,0.8653,471.9,239.1,85.3,25.3,1920,1080,0.104,514.5,251.8
Round1,Q2,603,301.5,JAMESON,0.8609,1447.6,236.9,83.6,25.3,1920,1080,0.102,1489.4,249.5
Round1,Q2,603,301.5,JAMESON,0.8513,1123.4,239.6,83.9,25.4,1920,1080,0.103,1165.4,252.3
Round1,Q2,603,301.5,JAMESON,0.8496,1283.4,238.7,84.7,25.3,1920,1080,0.103,1325.7,251.3
Round1,Q2,603,301.5,JAMESON,0.8492,289.0,470.5,95.3,27.8,1920,1080,0.128,336.6,484.4
Round1,Q2,603,301.5,JAMESON,0.8233,1707.9,483.8,90.8,28.9,1920,1080,0.127,1753.3,498.3
Round1,Q2,603,301.5,JAMESON,0.8197,656.8,470.9,89.6,26.4,1920,1080,0.114,701.6,484.1
Round1,Q2,603,301.5,JAMESON,0.8101,832.3,471.2,89.2,27.4,1920,1080,0.118,876.8,484.9
Round1,Q2,603,301.5,JAMESON,0.8023,960.3,240.4,78.5,24.6,1920,1080,0.093,999.6,252.7
Round1,Q2,603,301.5,JAMESON,0.7956,474.5,470.5,93.3,28.0,1920,1080,0.126,521.2,484.5
Round1,Q2,603,301.5,JAMESON,0.7929,1880.7,229.4,39.2,27.6,1920,1080,0.052,1900.3,243.2
Round1,Q2,603,301.5,JAMESON,0.7616,1885.1,488.4,34.9,31.5,1920,1080,0.053,1902.6,504.2
Round1,Q2,603,301.5,ACCESS_COVERS,0.4812,991.5,14.4,96.2,20.2,1920,1080,0.094,1039.7,24.5
Round1,Q2,603,301.5,JAMESON,0.44,95.4,470.8,99.2,28.8,1920,1080,0.138,145.0,485.2
Round1,Q2,603,301.5,JAMESON,0.3701,1179.8,474.2,79.7,34.3,1920,1080,0.132,1219.7,491.3
Round1,Q2,603,301.5,JAMESON,0.3613,1531.1,479.7,67.4,29.3,1920,1080,0.095,1564.8,494.3
Round1,Q2,604,302.0,JAMESON,0.8732,826.4,255.7,83.6,25.5,1920,1080,0.103,868.1,268.5
Round1,Q2,604,302.0,JAMESON,0.8706,498.5,254.8,85.8,25.1,1920,1080,0.104,541.4,267.4
Round1,Q2,604,302.0,JAMESON,0.8697,662.8,255.7,84.2,25.5,1920,1080,0.103,704.9,268.5
Round1,Q2,604,302.0,JAMESON,0.8547,1734.8,247.5,88.6,26.3,1920,1080,0.112,1779.1,260.7
Round1,Q2,604,302.0,JAMESON,0.8394,317.3,485.5,93.0,27.9,1920,1080,0.125,363.8,499.4
Round1,Q2,604,302.0,JAMESON,0.8391,330.4,253.7,86.8,25.2,1920,1080,0.106,373.7,266.3
Round1,Q2,604,302.0,JAMESON,0.8326,1308.5,253.6,85.2,25.8,1920,1080,0.106,1351.1,266.5
Round1,Q2,604,302.0,JAMESON,0.8217,1149.6,255.2,81.1,24.2,1920,1080,0.095,1190.1,267.3
Round1,Q2,604,302.0,JAMESON,0.8114,498.4,484.8,94.4,28.5,1920,1080,0.13,545.7,499.0
Round1,Q2,604,302.0,JAMESON,0.8093,986.8,255.6,76.7,25.0,1920,1080,0.093,1025.2,268.1
Round1,Q2,604,302.0,JAMESON,0.8089,857.4,485.8,89.0,27.7,1920,1080,0.119,901.9,499.7
Round1,Q2,604,302.0,JAMESON,0.7975,680.7,485.6,90.4,26.8,1920,1080,0.117,725.9,499.0
Round1,Q2,604,302.0,JAMESON,0.7778,1734.1,499.7,90.8,27.8,1920,1080,0.122,1779.5,513.6
Round1,Q2,604,302.0,JAMESON,0.7777,1473.7,251.8,84.0,25.7,1920,1080,0.104,1515.7,264.7
Round1,Q2,604,302.0,ACCESS_COVERS,0.7274,1016.7,30.3,96.4,20.1,1920,1080,0.093,1064.9,40.3
Round1,Q2,605,302.5,JAMESON,0.8801,323.1,268.4,87.3,25.6,1920,1080,0.108,366.8,281.2
Round1,Q2,605,302.5,JAMESON,0.8622,494.0,269.2,86.8,25.9,1920,1080,0.108,537.4,282.2
Round1,Q2,605,302.5,JAMESON,0.8551,659.8,270.3,86.7,25.3,1920,1080,0.106,703.1,282.9
Round1,Q2,605,302.5,JAMESON,0.8465,1750.1,261.9,89.4,27.0,1920,1080,0.116,1794.8,275.4
Round1,Q2,605,302.5,JAMESON,0.8414,1317.0,268.1,83.6,25.3,1920,1080,0.102,1358.8,280.7
Round1,Q2,605,302.5,JAMESON,0.8361,826.9,270.1,85.0,25.3,1920,1080,0.104,869.4,282.8
Round1,Q2,605,302.5,JAMESON,0.8044,1485.7,266.4,81.7,25.5,1920,1080,0.101,1526.5,279.2
Round1,Q2,605,302.5,JAMESON,0.7867,990.5,269.9,76.6,25.2,1920,1080,0.093,1028.8,282.5
Round1,Q2,605,302.5,JAMESON,0.7866,1153.2,269.1,85.6,25.3,1920,1080,0.105,1196.0,281.7
Round1,Q2,605,302.5,JAMESON,0.7689,310.5,502.9,93.4,28.6,1920,1080,0.129,357.2,517.2
Round1,Q2,605,302.5,JAMESON,0.7687,679.5,502.5,92.1,28.2,1920,1080,0.125,725.6,516.5
Round1,Q2,605,302.5,JAMESON,0.7597,494.4,502.0,95.7,29.5,1920,1080,0.136,542.3,516.8
Round1,Q2,605,302.5,JAMESON,0.7336,1748.8,517.9,91.7,28.5,1920,1080,0.126,1794.6,532.2
Round1,Q2,605,302.5,JAMESON,0.7153,857.4,504.0,91.1,27.5,1920,1080,0.121,903.0,517.7
Round1,Q2,605,302.5,ACCESS_COVERS,0.3975,1018.6,42.4,98.6,19.6,1920,1080,0.093,1067.9,52.2
Round1,Q2,605,302.5,EMIRATES,0.3316,1651.9,466.6,11.6,46.3,1920,1080,0.026,1657.7,489.7
Round1,Q2,606,303.0,JAMESON,0.8947,633.7,279.8,87.7,25.7,1920,1080,0.109,677.5,292.7
Round1,Q2,606,303.0,JAMESON,0.8919,460.5,279.3,90.0,25.8,1920,1080,0.112,505.5,292.2
Round1,Q2,606,303.0,JAMESON,0.8621,803.9,280.1,87.1,25.7,1920,1080,0.108,847.4,293.0
Round1,Q2,606,303.0,JAMESON,0.8543,1756.5,271.8,90.9,27.1,1920,1080,0.119,1801.9,285.3
Round1,Q2,606,303.0,JAMESON,0.8526,283.5,277.7,91.1,26.2,1920,1080,0.115,329.0,290.8
Round1,Q2,606,303.0,JAMESON,0.8219,1142.3,279.0,85.6,26.0,1920,1080,0.107,1185.1,292.0
Round1,Q2,606,303.0,JAMESON,0.8138,1308.8,278.0,87.0,26.1,1920,1080,0.11,1352.3,291.0
Round1,Q2,606,303.0,JAMESON,0.8077,460.3,520.1,98.5,29.4,1920,1080,0.14,509.6,534.9
Round1,Q2,606,303.0,JAMESON,0.799,972.8,279.6,80.2,25.9,1920,1080,0.1,1012.9,292.5
Round1,Q2,606,303.0,JAMESON,0.7905,267.7,520.7,98.3,29.0,1920,1080,0.137,316.9,535.1
Round1,Q2,606,303.0,JAMESON,0.7718,835.7,520.9,93.4,28.3,1920,1080,0.127,882.3,535.1
Round1,Q2,606,303.0,JAMESON,0.7534,1484.2,276.3,83.1,26.2,1920,1080,0.105,1525.8,289.4
Round1,Q2,606,303.0,JAMESON,0.7435,1755.1,535.3,95.3,29.6,1920,1080,0.136,1802.8,550.1
Round1,Q2,606,303.0,JAMESON,0.6477,656.5,519.8,89.9,28.5,1920,1080,0.124,701.5,534.0
Round1,Q2,606,303.0,ACCESS_COVERS,0.6305,1002.4,44.6,101.9,21.4,1920,1080,0.105,1053.3,55.3
Round1,Q2,606,303.0,JAMESON,0.4525,64.8,521.7,103.4,30.2,1920,1080,0.15,116.5,536.8
Round1,Q2,607,303.5,JAMESON,0.8777,103.3,291.8,98.5,25.5,1920,1080,0.121,152.5,304.6
Round1,Q2,607,303.5,JAMESON,0.8605,294.3,293.1,97.5,26.3,1920,1080,0.123,343.1,306.2
Round1,Q2,607,303.5,JAMESON,0.8508,476.7,294.5,96.5,26.3,1920,1080,0.122,524.9,307.7
Round1,Q2,607,303.5,JAMESON,0.8484,1828.1,287.1,91.1,27.5,1920,1080,0.121,1873.6,300.8
Round1,Q2,607,303.5,JAMESON,0.8431,1363.8,292.7,89.9,26.3,1920,1080,0.114,1408.8,305.8
Round1,Q2,607,303.5,JAMESON,0.8421,1644.5,289.5,94.9,27.3,1920,1080,0.125,1691.9,303.2
Round1,Q2,607,303.5,JAMESON,0.8411,658.2,295.5,94.3,25.5,1920,1080,0.116,705.4,308.2
Round1,Q2,607,303.5,JAMESON,0.831,1185.2,294.2,90.9,26.5,1920,1080,0.116,1230.6,307.4
Round1,Q2,607,303.5,JAMESON,0.7966,1011.6,295.1,90.7,25.7,1920,1080,0.113,1056.9,308.0
Round1,Q2,607,303.5,JAMESON,0.7918,691.7,546.6,99.9,29.1,1920,1080,0.14,741.7,561.2
Round1,Q2,607,303.5,JAMESON,0.7698,293.1,545.9,109.3,30.8,1920,1080,0.162,347.7,561.3
Round1,Q2,607,303.5,JAMESON,0.7608,834.8,295.5,91.0,25.1,1920,1080,0.11,880.3,308.1
Round1,Q2,607,303.5,JAMESON,0.7436,1642.4,562.0,98.4,29.2,1920,1080,0.139,1691.6,576.6
Round1,Q2,607,303.5,JAMESON,0.7239,84.4,547.6,110.0,29.7,1920,1080,0.158,139.4,562.5
Round1,Q2,607,303.5,ACCESS_COVERS,0.6454,866.4,48.8,107.1,23.6,1920,1080,0.122,919.9,60.7
Round1,Q2,607,303.5,EMIRATES,0.5419,1319.9,505.6,14.5,47.4,1920,1080,0.033,1327.2,529.3
Round1,Q2,607,303.5,JAMESON,0.4211,0.0,289.3,16.2,26.8,1920,1080,0.021,8.1,302.7
Round1,Q2,607,303.5,EMIRATES,0.4,1540.2,505.9,14.2,50.1,1920,1080,0.034,1547.3,530.9
Round1,Q2,607,303.5,EMIRATES,0.3284,907.2,499.4,14.5,47.4,1920,1080,0.033,914.4,523.1
Round1,Q2,608,304.0,JAMESON,0.8775,969.7,302.4,95.3,26.0,1920,1080,0.12,1017.3,315.4
Round1,Q2,608,304.0,JAMESON,0.8767,402.4,300.4,99.4,27.0,1920,1080,0.13,452.1,313.9
Round1,Q2,608,304.0,JAMESON,0.8689,202.1,299.3,103.5,26.9,1920,1080,0.134,253.8,312.8
Round1,Q2,608,304.0,JAMESON,0.8617,1639.1,296.0,98.1,28.1,1920,1080,0.133,1688.2,310.1
Round1,Q2,608,304.0,JAMESON,0.8602,1450.5,298.9,97.3,27.4,1920,1080,0.128,1499.1,312.6
Round1,Q2,608,304.0,JAMESON,0.8601,2.2,296.4,101.6,27.4,1920,1080,0.134,52.9,310.2
Round1,Q2,608,304.0,JAMESON,0.8598,1157.2,301.7,94.9,25.7,1920,1080,0.118,1204.7,314.5
Round1,Q2,608,304.0,JAMESON,0.8568,784.8,302.2,95.5,25.9,1920,1080,0.119,832.6,315.1
Round1,Q2,608,304.0,JAMESON,0.849,1835.3,292.9,84.7,29.2,1920,1080,0.119,1877.6,307.5
Round1,Q2,608,304.0,JAMESON,0.8302,4.1,570.8,110.6,32.1,1920,1080,0.171,59.4,586.9
Round1,Q2,608,304.0,JAMESON,0.8282,594.3,301.7,96.0,26.0,1920,1080,0.12,642.3,314.7
Round1,Q2,608,304.0,JAMESON,0.8081,438.0,570.7,108.4,31.0,1920,1080,0.162,492.2,586.2
Round1,Q2,608,304.0,JAMESON,0.7985,221.6,570.2,113.7,31.4,1920,1080,0.172,278.5,585.9
Round1,Q2,608,304.0,JAMESON,0.78,1850.8,597.5,69.1,34.3,1920,1080,0.114,1885.4,614.7
Round1,Q2,608,304.0,JAMESON,0.7489,1448.4,584.4,102.3,31.1,1920,1080,0.153,1499.5,599.9
Round1,Q2,608,304.0,EMIRATES,0.5926,670.8,517.9,16.4,51.4,1920,1080,0.041,679.0,543.6
Round1,Q2,608,304.0,EMIRATES,0.4896,1110.8,525.7,16.4,49.8,1920,1080,0.039,1118.9,550.6
Round1,Q2,608,304.0,ACCESS_COVERS,0.4829,624.1,36.6,117.4,25.5,1920,1080,0.144,682.8,49.3
Round1,Q2,608,304.0,EMIRATES,0.4741,1340.9,526.4,16.6,51.6,1920,1080,0.041,1349.2,552.2
Round1,Q2,608,304.0,JAMESON,0.4281,1049.2,576.3,92.4,32.8,1920,1080,0.146,1095.4,592.6
Round1,Q2,608,304.0,EMIRATES,0.3459,888.1,521.4,16.0,48.6,1920,1080,0.037,896.1,545.7
Round1,Q2,609,304.5,JAMESON,0.8735,1439.2,273.1,102.8,30.1,1920,1080,0.149,1490.6,288.2
Round1,Q2,609,304.5,JAMESON,0.8732,1239.5,275.0,100.3,29.2,1920,1080,0.141,1289.6,289.6
Round1,Q2,609,304.5,JAMESON,0.873,720.3,276.4,101.6,28.7,1920,1080,0.14,771.1,290.7
Round1,Q2,609,304.5,JAMESON,0.8697,1647.0,269.7,102.8,31.6,1920,1080,0.157,1698.4,285.5
Round1,Q2,609,304.5,JAMESON,0.8653,924.4,276.5,100.4,28.2,1920,1080,0.136,974.6,290.6
Round1,Q2,609,304.5,JAMESON,0.8531,85.4,271.6,112.1,29.2,1920,1080,0.158,141.5,286.2
Round1,Q2,609,304.5,JAMESON,0.8523,516.1,275.0,103.5,29.1,1920,1080,0.145,567.8,289.6
Round1,Q2,609,304.5,JAMESON,0.8331,1236.2,583.4,109.7,34.0,1920,1080,0.18,1291.0,600.4
Round1,Q2,609,304.5,JAMESON,0.8284,1853.6,267.1,66.4,31.5,1920,1080,0.101,1886.8,282.8
Round1,Q2,609,304.5,JAMESON,0.823,302.4,274.0,107.9,28.3,1920,1080,0.147,356.4,288.2
Round1,Q2,609,304.5,JAMESON,0.8063,1661.1,597.4,108.5,35.9,1920,1080,0.188,1715.3,615.3
Round1,Q2,609,304.5,JAMESON,0.6861,150.0,569.7,98.9,33.7,1920,1080,0.161,199.5,586.6
Round1,Q2,609,304.5,JAMESON,0.6303,1874.7,604.3,45.3,38.7,1920,1080,0.085,1897.3,623.7
Round1,Q2,609,304.5,EMIRATES,0.597,873.1,518.7,18.3,55.3,1920,1080,0.049,882.3,546.3
Round1,Q2,609,304.5,JAMESON,0.5815,807.1,575.0,108.1,33.7,1920,1080,0.176,861.2,591.8
Round1,Q2,609,304.5,EMIRATES,0.4104,1121.3,519.8,18.4,60.4,1920,1080,0.054,1130.5,550.0
Round1,Q2,609,304.5,EMIRATES,0.3763,389.0,512.3,19.5,55.6,1920,1080,0.052,398.7,540.1
Round1,Q2,609,304.5,JAMESON,0.3538,1472.7,589.7,85.2,34.7,1920,1080,0.143,1515.3,607.0
Round1,Q2,610,305.0,JAMESON,0.8747,1211.3,219.4,112.8,34.4,1920,1080,0.187,1267.7,236.6
Round1,Q2,610,305.0,JAMESON,0.866,1668.5,214.6,114.1,35.5,1920,1080,0.196,1725.6,232.3
Round1,Q2,610,305.0,JAMESON,0.8614,1440.4,216.4,111.4,35.4,1920,1080,0.19,1496.1,234.1
Round1,Q2,610,305.0,JAMESON,0.8513,396.5,219.1,119.5,33.1,1920,1080,0.191,456.2,235.7
Round1,Q2,610,305.0,JAMESON,0.8489,988.7,220.2,112.5,34.8,1920,1080,0.189,1045.0,237.6
Round1,Q2,610,305.0,JAMESON,0.8435,632.1,220.3,114.2,33.0,1920,1080,0.182,689.2,236.8
Round1,Q2,610,305.0,JAMESON,0.8411,159.7,216.2,121.3,32.9,1920,1080,0.193,220.3,232.6
Round1,Q2,610,305.0,JAMESON,0.8232,1458.5,582.4,115.3,38.7,1920,1080,0.215,1516.1,601.7
Round1,Q2,610,305.0,JAMESON,0.8154,1694.2,590.6,122.2,41.6,1920,1080,0.245,1755.4,611.4
Round1,Q2,610,305.0,JAMESON,0.8086,1243.1,573.2,99.4,38.4,1920,1080,0.184,1292.7,592.4
Round1,Q2,610,305.0,JAMESON,0.758,994.4,568.2,113.1,37.3,1920,1080,0.204,1051.0,586.9
Round1,Q2,610,305.0,JAMESON,0.5852,499.0,559.8,116.0,37.4,1920,1080,0.209,557.0,578.6
Round1,Q2,610,305.0,JAMESON,0.5839,747.8,563.5,106.6,34.4,1920,1080,0.177,801.1,580.7
Round1,Q2,610,305.0,EMIRATES,0.448,574.1,496.1,19.6,60.6,1920,1080,0.057,583.9,526.4
Round1,Q2,610,305.0,JAMESON,0.4476,1903.6,213.9,16.4,38.6,1920,1080,0.031,1911.8,233.2
Round1,Q2,610,305.0,EMIRATES,0.443,857.6,497.5,18.8,62.3,1920,1080,0.056,867.0,528.7
Round1,Q2,610,305.0,EMIRATES,0.4217,5.0,487.3,24.8,62.6,1920,1080,0.075,17.4,518.6
Round1,Q2,610,305.0,JAMESON,0.4192,1802.1,210.9,89.2,36.2,1920,1080,0.156,1846.7,229.0
Round1,Q2,611,305.5,EMIRATES,0.8838,798.2,592.6,53.5,19.7,1920,1080,0.051,824.9,602.5
Round1,Q2,612,306.0,EMIRATES,0.8529,779.2,766.5,64.7,19.7,1920,1080,0.062,811.6,776.4
Round1,Q2,613,306.5,EMIRATES,0.8639,6.5,590.7,62.1,19.5,1920,1080,0.058,37.5,600.4
Round1,Q2,614,307.0,EMIRATES,0.8656,272.6,720.9,58.0,29.0,1920,1080,0.081,301.6,735.4
Round1,Q2,614,307.0,EMIRATES,0.8609,210.8,547.6,54.6,22.2,1920,1080,0.058,238.1,558.7
Round1,Q2,614,307.0,EMIRATES,0.8493,887.5,947.5,70.4,22.8,1920,1080,0.077,922.7,958.9
Round1,Q2,615,307.5,EMIRATES,0.8557,524.4,681.7,55.9,16.3,1920,1080,0.044,552.4,689.8
Round1,Q2,615,307.5,EMIRATES,0.8412,1382.1,523.5,37.6,19.7,1920,1080,0.036,1400.8,533.4
Round1,Q2,615,307.5,EMIRATES,0.8098,1349.6,888.5,62.5,24.8,1920,1080,0.075,1380.9,901.0
Round1,Q2,616,308.0,EMIRATES,0.5098,1622.4,541.2,57.9,31.1,1920,1080,0.087,1651.4,556.7
Round1,Q2,617,308.5,EMIRATES,0.8955,1511.8,143.3,34.8,15.1,1920,1080,0.025,1529.2,150.9
Round1,Q2,617,308.5,EMIRATES,0.876,146.7,412.1,42.2,15.4,1920,1080,0.031,167.8,419.8
Round1,Q2,617,308.5,EMIRATES,0.8654,1488.0,625.2,54.1,22.9,1920,1080,0.06,1515.1,636.7
Round1,Q2,618,309.0,EMIRATES,0.3563,1760.7,476.6,30.1,21.8,1920,1080,0.032,1775.7,487.5
Round1,Q2,619,309.5,EMIRATES,0.7305,1484.0,281.6,31.3,17.5,1920,1080,0.026,1499.6,290.3
Round1,Q2,620,310.0,EMIRATES,0.7896,1554.1,298.9,28.4,15.6,1920,1080,0.021,1568.3,306.7
Round1,Q2,621,310.5,EMIRATES,0.81,1000.6,487.4,55.8,20.4,1920,1080,0.055,1028.5,497.6
Round1,Q2,622,311.0,EMIRATES,0.8628,264.9,151.8,50.4,15.5,1920,1080,0.038,290.1,159.6
Round1,Q2,623,311.5,EMIRATES,0.8882,196.0,379.8,60.6,19.7,1920,1080,0.057,226.3,389.6
Round1,Q2,623,311.5,EMIRATES,0.8329,1109.5,400.9,42.2,38.4,1920,1080,0.078,1130.7,420.1
Round1,Q2,624,312.0,EMIRATES,0.5899,1156.2,792.1,37.3,26.9,1920,1080,0.048,1174.9,805.6
Round1,Q2,624,312.0,EMIRATES,0.4218,612.3,88.2,35.7,16.1,1920,1080,0.028,630.2,96.2
Round1,Q2,625,312.5,EMIRATES,0.8617,60.1,116.7,53.9,18.6,1920,1080,0.048,87.0,126.0
Round1,Q2,626,313.0,JAMESON,0.8552,1462.4,68.2,88.4,34.3,1920,1080,0.146,1506.6,85.3
Round1,Q2,626,313.0,JAMESON,0.8455,784.1,52.7,89.8,33.4,1920,1080,0.145,829.0,69.4
Round1,Q2,626,313.0,JAMESON,0.8379,611.4,49.1,87.8,32.8,1920,1080,0.139,655.3,65.5
Round1,Q2,626,313.0,JAMESON,0.8325,953.7,57.5,87.6,32.3,1920,1080,0.136,997.5,73.7
Round1,Q2,626,313.0,JAMESON,0.8256,1127.7,61.2,84.5,32.4,1920,1080,0.132,1169.9,77.4
Round1,Q2,626,313.0,JAMESON,0.8248,1808.3,77.8,92.2,36.8,1920,1080,0.164,1854.4,96.2
Round1,Q2,626,313.0,JAMESON,0.8145,1630.2,74.1,93.1,34.2,1920,1080,0.154,1676.8,91.2
Round1,Q2,626,313.0,JAMESON,0.8038,1295.7,64.2,84.0,32.9,1920,1080,0.133,1337.7,80.6
Round1,Q2,626,313.0,JAMESON,0.8004,321.3,355.8,97.2,34.6,1920,1080,0.162,369.9,373.1
Round1,Q2,626,313.0,JAMESON,0.773,510.1,363.5,96.2,36.0,1920,1080,0.167,558.2,381.5
Round1,Q2,626,313.0,JAMESON,0.7128,690.2,374.7,93.9,35.1,1920,1080,0.159,737.2,392.2
Round1,Q2,626,313.0,JAMESON,0.652,1671.1,495.6,84.1,41.5,1920,1080,0.168,1713.2,516.4
Round1,Q2,626,313.0,JAMESON,0.5195,0.0,342.4,21.2,34.0,1920,1080,0.035,10.6,359.4
Round1,Q2,626,313.0,JAMESON,0.4692,1816.7,528.7,86.9,45.1,1920,1080,0.189,1860.1,551.2
Round1,Q2,626,313.0,JAMESON,0.4549,866.1,388.1,90.0,37.8,1920,1080,0.164,911.2,407.0
Round1,Q2,626,313.0,JAMESON,0.3667,1038.0,401.3,83.0,43.1,1920,1080,0.173,1079.5,422.9
Round1,Q2,626,313.0,JAMESON,0.3021,1362.5,441.2,86.2,40.8,1920,1080,0.17,1405.6,461.7
Round1,Q2,627,313.5,JAMESON,0.8598,1459.2,277.4,78.1,28.9,1920,1080,0.109,1498.2,291.9
Round1,Q2,627,313.5,JAMESON,0.8589,560.3,254.1,78.0,26.7,1920,1080,0.101,599.3,267.5
Round1,Q2,627,313.5,JAMESON,0.8534,1313.1,271.1,75.7,28.7,1920,1080,0.105,1350.9,285.4
Round1,Q2,627,313.5,JAMESON,0.8467,1164.6,266.9,74.3,27.6,1920,1080,0.099,1201.8,280.7
Round1,Q2,627,313.5,JAMESON,0.8467,714.1,256.7,78.2,27.4,1920,1080,0.103,753.2,270.4
Round1,Q2,627,313.5,JAMESON,0.8323,864.3,259.7,76.1,27.5,1920,1080,0.101,902.4,273.4
Round1,Q2,627,313.5,JAMESON,0.8252,1612.3,281.8,78.3,31.1,1920,1080,0.118,1651.4,297.3
Round1,Q2,627,313.5,JAMESON,0.8046,1017.3,263.2,75.1,27.4,1920,1080,0.099,1054.8,276.8
Round1,Q2,627,313.5,JAMESON,0.7542,1852.0,293.4,68.0,31.8,1920,1080,0.104,1886.0,309.2
Round1,Q2,627,313.5,JAMESON,0.7459,298.1,525.9,87.6,29.9,1920,1080,0.126,341.9,540.9
Round1,Q2,627,313.5,JAMESON,0.7285,468.5,531.3,85.3,30.7,1920,1080,0.127,511.1,546.7
Round1,Q2,627,313.5,JAMESON,0.6867,630.6,539.3,82.3,30.8,1920,1080,0.122,671.8,554.7
Round1,Q2,627,313.5,JAMESON,0.6747,0.0,516.3,29.6,30.5,1920,1080,0.043,14.8,531.5
Round1,Q2,627,313.5,JAMESON,0.5877,1628.1,674.8,73.4,40.9,1920,1080,0.145,1664.8,695.2
Round1,Q2,627,313.5,JAMESON,0.5397,1501.5,644.1,72.7,39.3,1920,1080,0.138,1537.8,663.7
Round1,Q2,627,313.5,JAMESON,0.4019,788.0,550.2,77.3,32.6,1920,1080,0.121,826.6,566.5
Round1,Q2,627,313.5,EMIRATES,0.3795,1012.7,578.8,12.7,63.0,1920,1080,0.038,1019.0,610.3
Round1,Q2,627,313.5,JAMESON,0.3258,1748.9,711.5,68.6,40.4,1920,1080,0.134,1783.1,731.7
Round1,Q2,628,314.0,JAMESON,0.8612,1264.9,365.4,75.6,27.6,1920,1080,0.1,1302.7,379.2
Round1,Q2,628,314.0,JAMESON,0.8567,656.7,351.4,78.2,25.7,1920,1080,0.097,695.8,364.2
Round1,Q2,628,314.0,JAMESON,0.8496,808.5,353.7,78.1,26.8,1920,1080,0.101,847.5,367.1
Round1,Q2,628,314.0,JAMESON,0.8496,210.4,48.3,72.6,24.0,1920,1080,0.084,246.7,60.3
Round1,Q2,628,314.0,JAMESON,0.8493,69.0,46.2,73.1,23.5,1920,1080,0.083,105.5,57.9
Round1,Q2,628,314.0,JAMESON,0.8477,1567.1,377.7,76.6,28.9,1920,1080,0.107,1605.4,392.1
Round1,Q2,628,314.0,JAMESON,0.8476,1412.3,371.5,78.8,28.5,1920,1080,0.108,1451.7,385.8
Round1,Q2,628,314.0,JAMESON,0.8441,1806.8,389.3,82.3,31.0,1920,1080,0.123,1847.9,404.8
Round1,Q2,628,314.0,JAMESON,0.8395,497.9,348.5,79.6,26.0,1920,1080,0.1,537.7,361.5
Round1,Q2,628,314.0,JAMESON,0.8332,1113.3,361.4,74.8,26.6,1920,1080,0.096,1150.7,374.7
Round1,Q2,628,314.0,JAMESON,0.8094,963.0,356.8,77.3,26.4,1920,1080,0.099,1001.7,370.0
Round1,Q2,628,314.0,JAMESON,0.7324,228.1,625.9,87.7,29.3,1920,1080,0.124,272.0,640.6
Round1,Q2,628,314.0,JAMESON,0.7288,403.2,630.7,86.1,29.9,1920,1080,0.124,446.3,645.7
Round1,Q2,628,314.0,ACCESS_COVERS,0.7205,1231.4,99.0,93.5,22.6,1920,1080,0.102,1278.2,110.3
Round1,Q2,628,314.0,JAMESON,0.5553,569.4,638.6,85.0,30.3,1920,1080,0.124,612.0,653.7
Round1,Q2,628,314.0,JAMESON,0.4087,730.8,647.9,81.4,34.7,1920,1080,0.136,771.5,665.2
Round1,Q2,628,314.0,EMIRATES,0.3332,960.2,674.2,11.9,66.8,1920,1080,0.038,966.2,707.6
Round1,Q2,629,314.5,JAMESON,0.874,1570.3,397.7,80.3,29.7,1920,1080,0.115,1610.5,412.5
Round1,Q2,629,314.5,JAMESON,0.8591,1249.9,385.0,78.9,27.5,1920,1080,0.105,1289.3,398.7
Round1,Q2,629,314.5,JAMESON,0.8534,125.3,47.3,77.4,25.0,1920,1080,0.093,164.0,59.8
Round1,Q2,629,314.5,JAMESON,0.8494,433.7,366.9,84.7,26.6,1920,1080,0.109,476.1,380.2
Round1,Q2,629,314.5,JAMESON,0.8489,1406.1,390.7,82.7,29.2,1920,1080,0.116,1447.5,405.3
Round1,Q2,629,314.5,JAMESON,0.8472,765.8,373.0,81.4,26.3,1920,1080,0.103,806.5,386.2
Round1,Q2,629,314.5,JAMESON,0.8449,1825.3,409.7,86.1,32.2,1920,1080,0.134,1868.4,425.8
Round1,Q2,629,314.5,JAMESON,0.8435,603.0,369.2,84.0,26.6,1920,1080,0.108,645.0,382.5
Round1,Q2,629,314.5,JAMESON,0.843,1088.6,379.3,79.5,28.0,1920,1080,0.107,1128.4,393.3
Round1,Q2,629,314.5,JAMESON,0.8233,928.5,375.7,81.8,27.6,1920,1080,0.109,969.4,389.5
Round1,Q2,629,314.5,JAMESON,0.8101,0.0,43.4,50.3,25.5,1920,1080,0.062,25.2,56.2
Round1,Q2,629,314.5,JAMESON,0.7863,330.9,666.4,93.0,32.3,1920,1080,0.145,377.4,682.5
Round1,Q2,629,314.5,ACCESS_COVERS,0.7559,1212.0,102.6,99.8,23.3,1920,1080,0.112,1261.9,114.3
Round1,Q2,629,314.5,JAMESON,0.7063,0.0,658.7,44.9,30.3,1920,1080,0.066,22.5,673.9
Round1,Q2,629,314.5,JAMESON,0.6849,510.0,674.8,88.3,30.7,1920,1080,0.131,554.1,690.2
Round1,Q2,629,314.5,JAMESON,0.6676,141.9,662.1,94.9,30.3,1920,1080,0.138,189.3,677.3
Round1,Q2,629,314.5,JAMESON,0.6229,1595.0,817.4,75.5,44.4,1920,1080,0.161,1632.8,839.6
Round1,Q2,629,314.5,EMIRATES,0.3727,927.0,721.0,12.4,60.6,1920,1080,0.036,933.2,751.3
Round1,Q2,629,314.5,EMIRATES,0.3187,779.1,703.4,11.5,53.2,1920,1080,0.03,784.9,730.0
Round1,Q2,630,315.0,JAMESON,0.8695,1636.0,354.0,94.5,34.6,1920,1080,0.158,1683.3,371.3
Round1,Q2,630,315.0,JAMESON,0.8684,529.8,323.1,96.6,30.4,1920,1080,0.141,578.1,338.3
Round1,Q2,630,315.0,JAMESON,0.8542,336.2,320.1,97.7,29.7,1920,1080,0.14,385.0,335.0
Round1,Q2,630,315.0,JAMESON,0.8512,1449.4,347.7,92.8,32.1,1920,1080,0.144,1495.8,363.8
Round1,Q2,630,315.0,JAMESON,0.8435,1268.7,340.4,91.8,31.1,1920,1080,0.138,1314.6,356.0
Round1,Q2,630,315.0,JAMESON,0.8373,719.3,327.2,89.9,29.7,1920,1080,0.129,764.3,342.0
Round1,Q2,630,315.0,JAMESON,0.8345,1091.1,334.6,85.0,31.9,1920,1080,0.131,1133.6,350.5
Round1,Q2,630,315.0,JAMESON,0.8296,905.4,330.2,91.7,31.3,1920,1080,0.138,951.3,345.8
Round1,Q2,630,315.0,JAMESON,0.8033,1.4,658.3,107.3,33.8,1920,1080,0.175,55.0,675.3
Round1,Q2,630,315.0,ACCESS_COVERS,0.7813,1229.3,19.1,112.4,26.0,1920,1080,0.141,1285.5,32.1
Round1,Q2,630,315.0,JAMESON,0.7466,423.0,672.0,102.9,34.3,1920,1080,0.17,474.4,689.1
Round1,Q2,630,315.0,JAMESON,0.7188,221.0,662.9,104.0,35.4,1920,1080,0.177,273.0,680.5
Round1,Q2,630,315.0,JAMESON,0.5458,1508.8,797.8,84.3,42.3,1920,1080,0.172,1551.0,818.9
Round1,Q2,630,315.0,EMIRATES,0.531,902.6,732.5,12.9,59.6,1920,1080,0.037,909.1,762.3
Round1,Q2,630,315.0,JAMESON,0.5159,1665.2,835.4,89.7,47.1,1920,1080,0.204,1710.1,858.9
Round1,Q2,630,315.0,EMIRATES,0.4204,732.4,709.5,13.3,56.4,1920,1080,0.036,739.0,737.7
Round1,Q2,630,315.0,EMIRATES,0.3673,733.2,653.3,11.6,50.1,1920,1080,0.028,739.0,678.3
Round1,Q2,630,315.0,JAMESON,0.3173,814.5,697.5,87.7,35.6,1920,1080,0.15,858.4,715.2
Round1,Q2,631,315.5,JAMESON,0.8369,195.6,193.8,117.2,37.6,1920,1080,0.213,254.2,212.7
Round1,Q2,631,315.5,JAMESON,0.8309,1325.3,220.7,109.8,39.3,1920,1080,0.208,1380.2,240.3
Round1,Q2,631,315.5,JAMESON,0.8255,431.0,198.8,115.2,38.1,1920,1080,0.211,488.6,217.8
Round1,Q2,631,315.5,JAMESON,0.8253,1771.9,235.6,112.9,41.0,1920,1080,0.223,1828.4,256.0
Round1,Q2,631,315.5,JAMESON,0.8219,885.7,209.1,107.9,38.7,1920,1080,0.201,939.6,228.4
Round1,Q2,631,315.5,JAMESON,0.8042,658.5,204.9,111.3,37.7,1920,1080,0.203,714.1,223.7
Round1,Q2,631,315.5,JAMESON,0.7904,1544.0,228.6,113.7,40.0,1920,1080,0.219,1600.9,248.6
Round1,Q2,631,315.5,JAMESON,0.753,1104.8,214.9,107.5,38.2,1920,1080,0.198,1158.6,233.9
Round1,Q2,631,315.5,JAMESON,0.7145,302.1,621.1,124.6,41.7,1920,1080,0.251,364.4,641.9
Round1,Q2,631,315.5,JAMESON,0.6577,49.6,610.7,130.3,42.2,1920,1080,0.265,114.8,631.8
Round1,Q2,631,315.5,EMIRATES,0.6495,676.4,666.5,16.4,68.6,1920,1080,0.054,684.6,700.8
Round1,Q2,631,315.5,EMIRATES,0.644,1343.5,768.3,14.9,73.3,1920,1080,0.053,1350.9,805.0
Round1,Q2,631,315.5,EMIRATES,0.5967,1103.4,733.9,15.1,67.9,1920,1080,0.049,1110.9,767.9
Round1,Q2,631,315.5,EMIRATES,0.5837,677.3,599.9,13.8,58.6,1920,1080,0.039,684.3,629.2
Round1,Q2,631,315.5,EMIRATES,0.5459,1343.5,690.3,15.3,72.4,1920,1080,0.054,1351.1,726.5
Round1,Q2,631,315.5,JAMESON,0.5241,1615.7,773.3,101.2,48.4,1920,1080,0.236,1666.3,797.5
Round1,Q2,631,315.5,EMIRATES,0.5022,882.7,698.1,15.1,69.1,1920,1080,0.05,890.2,732.7
Round1,Q2,631,315.5,JAMESON,0.4497,1807.8,820.4,103.9,57.6,1920,1080,0.288,1859.7,849.2
Round1,Q2,631,315.5,EMIRATES,0.3622,881.2,628.1,16.0,35.6,1920,1080,0.027,889.2,645.9
Round1,Q2,631,315.5,JAMESON,0.3383,1208.0,702.9,104.7,47.5,1920,1080,0.24,1260.3,726.7
Round1,Q2,631,315.5,JAMESON,0.3334,993.1,676.7,108.7,42.6,1920,1080,0.223,1047.4,698.0
Round1,Q2,632,316.0,JAMESON,0.8078,36.6,11.7,143.1,44.9,1920,1080,0.31,108.2,34.2
Round1,Q2,632,316.0,JAMESON,0.7902,322.9,19.6,135.2,45.2,1920,1080,0.295,390.6,42.2
Round1,Q2,632,316.0,JAMESON,0.7795,1387.0,47.2,128.9,45.8,1920,1080,0.285,1451.5,70.1
Round1,Q2,632,316.0,JAMESON,0.7612,596.6,28.7,128.9,43.9,1920,1080,0.273,661.1,50.6
Round1,Q2,632,316.0,JAMESON,0.7394,1647.9,55.3,135.4,46.7,1920,1080,0.305,1715.6,78.6
Round1,Q2,632,316.0,JAMESON,0.7367,174.0,521.8,144.9,49.5,1920,1080,0.346,246.4,546.5
Round1,Q2,632,316.0,JAMESON,0.7276,864.1,34.6,130.1,45.5,1920,1080,0.285,929.1,57.3
Round1,Q2,632,316.0,EMIRATES,0.7234,861.1,613.9,17.1,78.8,1920,1080,0.065,869.6,653.3
Round1,Q2,632,316.0,EMIRATES,0.7193,1121.7,655.0,18.5,81.2,1920,1080,0.072,1130.9,695.6
Round1,Q2,632,316.0,EMIRATES,0.7155,620.1,575.0,16.2,78.2,1920,1080,0.061,628.1,614.1
Round1,Q2,632,316.0,EMIRATES,0.7077,1406.6,697.1,18.2,86.3,1920,1080,0.076,1415.7,740.2
Round1,Q2,632,316.0,JAMESON,0.6866,1125.4,41.3,126.2,46.1,1920,1080,0.281,1188.5,64.4
Round1,Q2,632,316.0,EMIRATES,0.6532,1406.2,605.7,17.5,82.1,1920,1080,0.069,1415.0,646.8
Round1,Q2,632,316.0,JAMESON,0.6478,1729.3,703.1,116.7,53.4,1920,1080,0.3,1787.6,729.8
Round1,Q2,632,316.0,JAMESON,0.5555,460.7,540.1,136.6,48.2,1920,1080,0.318,528.9,564.2
Round1,Q2,632,316.0,EMIRATES,0.4669,860.8,530.8,16.7,41.6,1920,1080,0.033,869.1,551.5
Round1,Q2,632,316.0,EMIRATES,0.4466,617.6,495.7,16.4,72.6,1920,1080,0.058,625.8,532.0
Round1,Q2,632,316.0,JAMESON,0.3609,1245.7,619.3,120.7,52.5,1920,1080,0.306,1306.1,645.6
Round1,Q2,632,316.0,JAMESON,0.3568,992.9,589.5,130.9,51.5,1920,1080,0.325,1058.4,615.2
Round1,Q2,632,316.0,EMIRATES,0.3295,1121.1,576.5,17.5,72.1,1920,1080,0.061,1129.9,612.6
Round1,Q2,632,316.0,JAMESON,0.3077,734.2,563.3,123.6,48.2,1920,1080,0.288,796.0,587.4
Round1,Q2,633,316.5,EMIRATES,0.7638,1466.9,647.9,19.3,96.2,1920,1080,0.09,1476.6,696.0
Round1,Q2,633,316.5,EMIRATES,0.7594,566.6,510.6,18.8,87.2,1920,1080,0.079,576.0,554.2
Round1,Q2,633,316.5,EMIRATES,0.7594,565.2,417.6,16.4,84.2,1920,1080,0.067,573.4,459.7
Round1,Q2,633,316.5,EMIRATES,0.7525,1141.0,600.4,20.8,90.6,1920,1080,0.091,1151.4,645.7
Round1,Q2,633,316.5,EMIRATES,0.7325,1467.0,541.8,19.2,95.1,1920,1080,0.088,1476.6,589.3
Round1,Q2,633,316.5,EMIRATES,0.7311,843.2,553.3,19.0,91.5,1920,1080,0.084,852.7,599.0
Round1,Q2,633,316.5,JAMESON,0.6946,52.5,447.9,168.0,53.6,1920,1080,0.435,136.5,474.7
Round1,Q2,633,316.5,EMIRATES,0.6753,1140.9,498.6,19.7,94.5,1920,1080,0.09,1150.8,545.9
Round1,Q2,633,316.5,EMIRATES,0.6664,842.4,460.2,17.6,85.8,1920,1080,0.073,851.2,503.1
Round1,Q2,633,316.5,JAMESON,0.5643,1281.8,559.9,141.1,59.7,1920,1080,0.406,1352.4,589.7
Round1,Q2,633,316.5,JAMESON,0.527,384.1,468.7,153.7,55.0,1920,1080,0.408,461.0,496.3
Round1,Q2,633,316.5,JAMESON,0.4593,994.2,523.3,146.6,58.7,1920,1080,0.415,1067.5,552.7
Round1,Q2,633,316.5,JAMESON,0.4575,1839.9,654.7,80.1,61.3,1920,1080,0.237,1880.0,685.4
Round1,Q2,633,316.5,JAMESON,0.403,697.1,493.4,147.8,54.1,1920,1080,0.386,771.0,520.5
Round1,Q2,634,317.0,EMIRATES,0.7777,1503.4,632.6,21.9,104.6,1920,1080,0.11,1514.4,684.9
Round1,Q2,634,317.0,EMIRATES,0.7776,533.0,487.1,20.0,92.1,1920,1080,0.089,543.0,533.2
Round1,Q2,634,317.0,EMIRATES,0.766,831.5,530.8,21.6,99.4,1920,1080,0.104,842.3,580.5
Round1,Q2,634,317.0,EMIRATES,0.7476,1152.1,581.3,23.4,98.6,1920,1080,0.111,1163.8,630.6
Round1,Q2,634,317.0,EMIRATES,0.7324,530.4,385.6,19.5,91.9,1920,1080,0.087,540.1,431.5
Round1,Q2,634,317.0,EMIRATES,0.7171,1503.8,518.9,20.6,102.5,1920,1080,0.102,1514.1,570.1
Round1,Q2,634,317.0,JAMESON,0.7097,0.0,413.6,162.0,62.0,1920,1080,0.485,81.0,444.6
Round1,Q2,634,317.0,EMIRATES,0.7047,1152.2,472.6,20.9,99.9,1920,1080,0.1,1162.7,522.5
Round1,Q2,634,317.0,EMIRATES,0.6787,830.9,428.9,18.5,93.5,1920,1080,0.083,840.2,475.6
Round1,Q2,634,317.0,JAMESON,0.5675,1305.9,538.7,149.3,62.5,1920,1080,0.45,1380.5,570.0
Round1,Q2,634,317.0,JAMESON,0.5135,994.7,499.6,155.9,58.7,1920,1080,0.441,1072.7,529.0
Round1,Q2,634,317.0,JAMESON,0.4617,674.2,466.1,160.3,60.0,1920,1080,0.464,754.3,496.0
Round1,Q2,634,317.0,JAMESON,0.3903,336.2,439.1,158.9,60.0,1920,1080,0.46,415.6,469.1
Round1,Q2,635,317.5,EMIRATES,0.8891,1039.0,645.6,123.9,51.9,1920,1080,0.31,1101.0,671.6
Round1,Q2,635,317.5,EMIRATES,0.8067,56.4,680.8,153.8,60.3,1920,1080,0.447,133.3,711.0
Round1,Q2,636,318.0,EMIRATES,0.9024,1090.2,462.4,118.3,47.1,1920,1080,0.269,1149.4,486.0
Round1,Q2,637,318.5,EMIRATES,0.8216,987.5,495.7,56.1,52.8,1920,1080,0.143,1015.5,522.1
Round1,Q2,638,319.0,EMIRATES,0.8818,571.8,292.4,145.4,54.7,1920,1080,0.384,644.5,319.8
Round1,Q2,639,319.5,EMIRATES,0.8858,804.3,395.9,152.3,55.8,1920,1080,0.41,880.4,423.8
Round1,Q2,640,320.0,EMIRATES,0.8807,924.0,326.0,127.7,54.0,1920,1080,0.333,987.8,353.0
Round1,Q2,641,320.5,EMIRATES,0.8942,832.1,388.6,133.6,51.5,1920,1080,0.332,898.9,414.3
Round1,Q2,642,321.0,EMIRATES,0.8862,715.5,291.4,149.4,53.8,1920,1080,0.387,790.2,318.3
Round1,Q2,643,321.5,EMIRATES,0.8703,774.6,311.8,129.8,57.7,1920,1080,0.361,839.5,340.6
Round1,Q2,644,322.0,EMIRATES,0.8841,667.6,407.8,152.5,55.4,1920,1080,0.407,743.9,435.5
Round1,Q2,645,322.5,EMIRATES,0.8604,998.7,333.5,83.7,67.7,1920,1080,0.273,1040.6,367.4
Round1,Q2,646,323.0,EMIRATES,0.7414,1199.2,504.4,44.9,51.5,1920,1080,0.111,1221.6,530.1
Round1,Q2,652,326.0,ACCESS_COVERS,0.675,331.3,171.8,38.6,7.9,1920,1080,0.015,350.6,175.7
Round1,Q2,652,326.0,CYBERCX,0.4686,289.6,170.4,36.9,8.0,1920,1080,0.014,308.1,174.4
Round1,Q2,653,326.5,ACCESS_COVERS,0.5682,307.1,169.4,39.6,8.1,1920,1080,0.015,326.9,173.5
Round1,Q2,653,326.5,CYBERCX,0.5302,264.0,168.5,37.7,8.0,1920,1080,0.015,282.9,172.5
Round1,Q2,654,327.0,ACCESS_COVERS,0.7458,290.6,166.9,41.6,8.2,1920,1080,0.016,311.4,171.0
Round1,Q2,654,327.0,CYBERCX,0.4391,247.8,166.1,37.6,8.5,1920,1080,0.015,266.6,170.3
Round1,Q2,655,327.5,ACCESS_COVERS,0.7274,278.0,165.0,42.3,7.9,1920,1080,0.016,299.2,169.0
Round1,Q2,655,327.5,CYBERCX,0.4807,236.0,164.1,37.8,8.6,1920,1080,0.016,254.9,168.4
Round1,Q2,656,328.0,ACCESS_COVERS,0.5896,296.0,163.9,39.7,8.2,1920,1080,0.016,315.8,168.0
Round1,Q2,656,328.0,CYBERCX,0.5428,251.1,162.0,37.4,9.0,1920,1080,0.016,269.8,166.5
Round1,Q2,657,328.5,ACCESS_COVERS,0.6891,306.5,162.0,40.8,8.4,1920,1080,0.016,326.9,166.2
Round1,Q2,657,328.5,CYBERCX,0.5916,262.1,161.6,37.7,7.7,1920,1080,0.014,281.0,165.4
Round1,Q2,658,329.0,ACCESS_COVERS,0.6979,296.4,160.6,40.6,7.4,1920,1080,0.015,316.7,164.4
Round1,Q2,658,329.0,CYBERCX,0.5954,251.6,159.9,38.0,7.9,1920,1080,0.014,270.6,163.8
Round1,Q2,659,329.5,ACCESS_COVERS,0.7055,277.5,158.6,41.0,8.5,1920,1080,0.017,298.0,162.8
Round1,Q2,659,329.5,CYBERCX,0.6283,235.0,157.9,38.2,8.3,1920,1080,0.015,254.1,162.1
Round1,Q2,660,330.0,ACCESS_COVERS,0.7639,258.7,157.2,41.2,8.0,1920,1080,0.016,279.3,161.2
Round1,Q2,660,330.0,CYBERCX,0.675,213.1,156.4,40.0,8.2,1920,1080,0.016,233.1,160.5
Round1,Q2,661,330.5,ACCESS_COVERS,0.7881,237.0,155.2,43.1,8.0,1920,1080,0.017,258.6,159.2
Round1,Q2,661,330.5,CYBERCX,0.6517,191.8,153.8,39.6,8.3,1920,1080,0.016,211.6,158.0
Round1,Q2,662,331.0,ACCESS_COVERS,0.765,260.7,154.1,42.7,8.2,1920,1080,0.017,282.1,158.2
Round1,Q2,662,331.0,CYBERCX,0.5344,214.8,152.7,40.0,9.3,1920,1080,0.018,234.8,157.3
Round1,Q2,663,331.5,ACCESS_COVERS,0.6487,359.0,158.6,40.9,8.4,1920,1080,0.017,379.4,162.8
Round1,Q2,664,332.0,ACCESS_COVERS,0.613,464.9,164.8,41.7,9.2,1920,1080,0.018,485.7,169.4
Round1,Q2,665,332.5,ACCESS_COVERS,0.7124,427.3,162.0,41.2,8.5,1920,1080,0.017,447.9,166.2
Round1,Q2,665,332.5,CYBERCX,0.5775,382.4,161.7,38.3,7.6,1920,1080,0.014,401.5,165.5
Round1,Q2,667,333.5,ACCESS_COVERS,0.6401,140.9,152.7,48.3,9.3,1920,1080,0.022,165.0,157.4
Round1,Q2,674,337.0,EMIRATES,0.8977,578.0,571.4,33.5,23.6,1920,1080,0.038,594.7,583.2
Round1,Q2,674,337.0,EMIRATES,0.8854,466.5,615.7,43.5,16.1,1920,1080,0.034,488.3,623.7
Round1,Q2,674,337.0,EMIRATES,0.8661,1070.0,473.2,38.5,15.0,1920,1080,0.028,1089.2,480.7
Round1,Q2,675,337.5,EMIRATES,0.7689,1105.7,484.5,31.7,17.7,1920,1080,0.027,1121.6,493.4
Round1,Q2,677,338.5,EMIRATES,0.8841,656.3,317.8,55.6,21.0,1920,1080,0.056,684.1,328.3
Round1,Q2,678,339.0,EMIRATES,0.8813,58.9,292.8,48.0,19.4,1920,1080,0.045,82.8,302.5
Round1,Q2,678,339.0,EMIRATES,0.7058,1873.5,181.5,46.3,23.0,1920,1080,0.051,1896.6,193.0
Round1,Q2,679,339.5,EMIRATES,0.8729,1391.1,168.6,47.3,24.8,1920,1080,0.057,1414.8,181.0
Round1,Q2,679,339.5,EMIRATES,0.8269,1302.4,617.5,44.4,36.7,1920,1080,0.078,1324.6,635.8
Round1,Q2,679,339.5,EMIRATES,0.8156,1648.3,564.0,52.8,24.8,1920,1080,0.063,1674.7,576.4
Round1,Q2,680,340.0,EMIRATES,0.8123,1129.8,135.7,31.6,21.0,1920,1080,0.032,1145.6,146.2
Round1,Q2,681,340.5,EMIRATES,0.7567,1087.1,80.5,22.7,17.1,1920,1080,0.019,1098.5,89.1
Round1,Q2,683,341.5,ACCESS_COVERS,0.8094,1195.6,140.4,141.9,34.2,1920,1080,0.234,1266.6,157.5
Round1,Q2,684,342.0,ACCESS_COVERS,0.8012,1019.7,155.9,131.8,31.9,1920,1080,0.203,1085.6,171.8
Round1,Q2,685,342.5,ACCESS_COVERS,0.7954,768.4,171.3,132.2,30.8,1920,1080,0.196,834.5,186.7
Round1,Q2,686,343.0,ACCESS_COVERS,0.7899,524.2,193.2,128.8,30.7,1920,1080,0.191,588.6,208.5
Round1,Q2,687,343.5,ACCESS_COVERS,0.7935,400.9,209.4,133.6,32.5,1920,1080,0.209,467.7,225.6
Round1,Q2,688,344.0,ACCESS_COVERS,0.8166,341.7,211.5,142.7,33.6,1920,1080,0.231,413.0,228.3
Round1,Q2,689,344.5,ACCESS_COVERS,0.8006,282.5,201.1,150.6,36.0,1920,1080,0.261,357.8,219.1
Round1,Q2,690,345.0,ACCESS_COVERS,0.8256,251.8,212.1,148.3,34.2,1920,1080,0.245,326.0,229.2
Round1,Q2,691,345.5,ACCESS_COVERS,0.8063,276.2,229.5,138.1,33.9,1920,1080,0.226,345.3,246.5
Round1,Q2,692,346.0,ACCESS_COVERS,0.7923,326.5,243.8,134.0,31.7,1920,1080,0.205,393.5,259.7
Round1,Q2,693,346.5,ACCESS_COVERS,0.8161,407.8,256.5,128.5,31.8,1920,1080,0.197,472.0,272.4
Round1,Q2,694,347.0,ACCESS_COVERS,0.7979,469.3,268.4,119.6,30.1,1920,1080,0.173,529.1,283.4
Round1,Q2,695,347.5,ACCESS_COVERS,0.7943,499.4,276.0,116.8,28.3,1920,1080,0.16,557.8,290.1
Round1,Q2,696,348.0,ACCESS_COVERS,0.7775,510.4,282.5,113.5,28.4,1920,1080,0.155,567.1,296.7
Round1,Q2,697,348.5,ACCESS_COVERS,0.7832,487.0,279.0,112.4,26.8,1920,1080,0.145,543.2,292.3
Round1,Q2,698,349.0,ACCESS_COVERS,0.7114,413.9,264.7,120.8,29.6,1920,1080,0.172,474.3,279.5
Round1,Q2,699,349.5,ACCESS_COVERS,0.799,343.2,254.9,123.0,29.8,1920,1080,0.177,404.7,269.8
Round1,Q2,700,350.0,EMIRATES,0.8921,1002.5,350.7,139.7,39.5,1920,1080,0.266,1072.4,370.5
Round1,Q2,700,350.0,EMIRATES,0.8871,1299.5,356.0,142.4,40.8,1920,1080,0.28,1370.7,376.4
Round1,Q2,700,350.0,EMIRATES,0.8844,857.4,349.1,140.1,38.9,1920,1080,0.263,927.4,368.6
Round1,Q2,700,350.0,EMIRATES,0.882,296.4,19.2,136.1,34.6,1920,1080,0.227,364.5,36.6
Round1,Q2,700,350.0,EMIRATES,0.8795,708.5,346.5,140.3,38.8,1920,1080,0.262,778.6,365.9
Round1,Q2,700,350.0,EMIRATES,0.8788,2.4,14.2,144.2,35.2,1920,1080,0.245,74.5,31.8
Round1,Q2,700,350.0,EMIRATES,0.8785,438.1,20.7,133.8,33.7,1920,1080,0.218,505.0,37.6
Round1,Q2,700,350.0,EMIRATES,0.8697,1151.4,353.7,138.1,38.4,1920,1080,0.256,1220.5,372.9
Round1,Q2,700,350.0,EMIRATES,0.8679,1450.7,359.7,144.0,41.2,1920,1080,0.286,1522.7,380.3
Round1,Q2,700,350.0,EMIRATES,0.8652,1541.3,22.1,136.3,34.4,1920,1080,0.226,1609.4,39.3
Round1,Q2,700,350.0,EMIRATES,0.8623,151.8,17.0,137.5,35.0,1920,1080,0.232,220.6,34.5
Round1,Q2,700,350.0,EMIRATES,0.8565,1399.2,23.1,133.8,34.5,1920,1080,0.223,1466.2,40.4
Round1,Q2,700,350.0,EMIRATES,0.8564,1683.4,21.2,138.3,34.5,1920,1080,0.23,1752.5,38.5
Round1,Q2,700,350.0,EMIRATES,0.8561,854.2,24.7,130.0,33.1,1920,1080,0.207,919.2,41.3
Round1,Q2,700,350.0,EMIRATES,0.8509,1609.4,364.3,141.0,41.1,1920,1080,0.28,1680.0,384.8
Round1,Q2,700,350.0,EMIRATES,0.8494,1761.1,368.5,154.7,43.6,1920,1080,0.325,1838.4,390.4
Round1,Q2,700,350.0,EMIRATES,0.8493,1261.6,24.6,132.1,33.3,1920,1080,0.212,1327.7,41.3
Round1,Q2,700,350.0,EMIRATES,0.8467,578.9,22.5,130.6,33.2,1920,1080,0.209,644.2,39.1
Round1,Q2,700,350.0,EMIRATES,0.8327,989.9,24.9,127.3,33.3,1920,1080,0.204,1053.6,41.5
Round1,Q2,700,350.0,ACCESS_COVERS,0.7963,236.5,245.8,133.3,32.7,1920,1080,0.21,303.2,262.1
Round1,Q2,700,350.0,EMIRATES,0.7808,1125.5,24.5,128.9,33.5,1920,1080,0.208,1190.0,41.2
Round1,Q2,700,350.0,EMIRATES,0.758,0.0,343.3,73.9,40.0,1920,1080,0.142,36.9,363.3
Round1,Q2,700,350.0,EMIRATES,0.7267,717.9,23.6,131.2,33.9,1920,1080,0.214,783.5,40.6
Round1,Q2,700,350.0,EMIRATES,0.6423,1829.5,19.5,90.5,34.6,1920,1080,0.151,1874.7,36.8
Round1,Q2,700,350.0,EMIRATES,0.6135,79.0,344.1,157.2,39.6,1920,1080,0.3,157.6,363.9
Round1,Q2,701,350.5,EMIRATES,0.9,1177.8,357.7,142.5,40.7,1920,1080,0.28,1249.0,378.0
Round1,Q2,701,350.5,EMIRATES,0.8923,459.4,26.8,133.9,34.4,1920,1080,0.222,526.3,44.0
Round1,Q2,701,350.5,EMIRATES,0.8849,592.9,348.9,140.0,40.4,1920,1080,0.272,662.9,369.0
Round1,Q2,701,350.5,EMIRATES,0.8839,741.2,351.2,139.7,39.2,1920,1080,0.264,811.0,370.7
Round1,Q2,701,350.5,EMIRATES,0.8835,1033.3,355.3,138.5,40.8,1920,1080,0.272,1102.5,375.7
Round1,Q2,701,350.5,EMIRATES,0.8827,886.3,353.2,138.0,38.5,1920,1080,0.256,955.4,372.5
Round1,Q2,701,350.5,EMIRATES,0.8815,177.0,22.2,138.0,36.0,1920,1080,0.24,246.0,40.2
Round1,Q2,701,350.5,EMIRATES,0.88,600.3,28.4,130.7,34.7,1920,1080,0.219,665.7,45.7
Round1,Q2,701,350.5,EMIRATES,0.8783,735.9,29.3,129.8,34.3,1920,1080,0.215,800.8,46.5
Round1,Q2,701,350.5,EMIRATES,0.8773,1328.7,361.6,139.0,41.1,1920,1080,0.276,1398.2,382.2
Round1,Q2,701,350.5,EMIRATES,0.8741,1275.9,30.1,131.4,34.7,1920,1080,0.22,1341.6,47.5
Round1,Q2,701,350.5,EMIRATES,0.8734,1141.6,30.3,127.3,34.7,1920,1080,0.213,1205.2,47.7
Round1,Q2,701,350.5,EMIRATES,0.8701,1781.8,375.1,137.2,43.9,1920,1080,0.291,1850.3,397.0
Round1,Q2,701,350.5,EMIRATES,0.8656,871.4,30.3,129.0,33.5,1920,1080,0.208,935.9,47.1
Round1,Q2,701,350.5,EMIRATES,0.8614,1414.4,29.7,133.3,35.0,1920,1080,0.225,1481.0,47.2
Round1,Q2,701,350.5,EMIRATES,0.8602,1005.6,30.0,130.1,34.1,1920,1080,0.214,1070.7,47.1
Round1,Q2,701,350.5,EMIRATES,0.8511,444.4,347.9,137.1,38.7,1920,1080,0.256,513.0,367.2
Round1,Q2,701,350.5,EMIRATES,0.8511,320.4,24.2,134.4,35.5,1920,1080,0.23,387.6,42.0
Round1,Q2,701,350.5,EMIRATES,0.851,1483.3,366.5,139.4,41.4,1920,1080,0.278,1553.0,387.2
Round1,Q2,701,350.5,EMIRATES,0.8476,28.7,19.6,142.4,36.4,1920,1080,0.25,99.9,37.8
Round1,Q2,701,350.5,EMIRATES,0.8433,1694.3,28.0,111.0,34.7,1920,1080,0.186,1749.8,45.4
Round1,Q2,701,350.5,EMIRATES,0.8282,1553.7,29.2,133.6,34.9,1920,1080,0.225,1620.5,46.7
Round1,Q2,701,350.5,ACCESS_COVERS,0.7956,120.9,248.4,134.2,32.0,1920,1080,0.207,188.0,264.4
Round1,Q2,701,350.5,EMIRATES,0.7703,1628.7,369.1,147.7,43.9,1920,1080,0.313,1702.5,391.0
Round1,Q2,701,350.5,EMIRATES,0.6773,127.8,347.0,152.8,39.3,1920,1080,0.29,204.2,366.7
Round1,Q2,701,350.5,EMIRATES,0.5575,0.0,17.9,26.6,34.6,1920,1080,0.044,13.3,35.2
Round1,Q2,701,350.5,EMIRATES,0.5278,0.1,347.0,120.3,40.0,1920,1080,0.232,60.3,367.0
Round1,Q2,701,350.5,EMIRATES,0.3929,291.5,348.0,144.3,38.2,1920,1080,0.266,363.6,367.1
Round1,Q2,702,351.0,EMIRATES,0.8801,717.5,362.2,136.7,37.7,1920,1080,0.248,785.9,381.0
Round1,Q2,702,351.0,EMIRATES,0.8785,427.7,358.3,143.0,38.6,1920,1080,0.266,499.2,377.6
Round1,Q2,702,351.0,EMIRATES,0.8728,161.0,42.8,134.8,34.5,1920,1080,0.224,228.4,60.1
Round1,Q2,702,351.0,EMIRATES,0.8721,17.3,40.8,139.7,33.7,1920,1080,0.227,87.2,57.6
Round1,Q2,702,351.0,EMIRATES,0.8707,1719.4,387.7,145.6,45.6,1920,1080,0.32,1792.2,410.5
Round1,Q2,702,351.0,EMIRATES,0.8637,858.6,364.0,132.7,38.3,1920,1080,0.245,924.9,383.1
Round1,Q2,702,351.0,EMIRATES,0.8626,1000.2,366.4,132.1,37.0,1920,1080,0.236,1066.3,384.9
Round1,Q2,702,351.0,EMIRATES,0.8549,299.3,45.5,127.9,33.0,1920,1080,0.204,363.2,62.0
Round1,Q2,702,351.0,EMIRATES,0.8505,1566.5,381.5,142.4,41.7,1920,1080,0.286,1637.7,402.3
Round1,Q2,702,351.0,EMIRATES,0.8423,961.4,51.4,124.6,32.9,1920,1080,0.198,1023.7,67.8
Round1,Q2,702,351.0,EMIRATES,0.8421,1221.1,51.4,126.7,33.2,1920,1080,0.203,1284.4,68.0
Round1,Q2,702,351.0,EMIRATES,0.8414,576.9,360.5,134.9,36.9,1920,1080,0.24,644.3,379.0
Round1,Q2,702,351.0,EMIRATES,0.8303,435.9,47.4,128.8,32.9,1920,1080,0.205,500.3,63.8
Round1,Q2,702,351.0,EMIRATES,0.8303,130.1,356.8,145.8,38.6,1920,1080,0.272,203.0,376.2
Round1,Q2,702,351.0,EMIRATES,0.83,282.7,357.3,138.8,37.6,1920,1080,0.252,352.0,376.2
Round1,Q2,702,351.0,EMIRATES,0.8131,1354.0,52.0,127.8,33.0,1920,1080,0.203,1418.0,68.5
Round1,Q2,702,351.0,EMIRATES,0.8009,1090.5,52.1,125.4,32.3,1920,1080,0.195,1153.2,68.2
Round1,Q2,702,351.0,EMIRATES,0.738,1485.5,51.8,103.8,32.9,1920,1080,0.165,1537.4,68.3
Round1,Q2,702,351.0,EMIRATES,0.7317,1142.3,369.0,132.4,40.9,1920,1080,0.261,1208.5,389.4
Round1,Q2,702,351.0,EMIRATES,0.7275,1868.2,395.6,51.8,44.8,1920,1080,0.112,1894.1,418.0
Round1,Q2,702,351.0,EMIRATES,0.7157,1425.0,377.2,139.9,39.7,1920,1080,0.268,1494.9,397.0
Round1,Q2,702,351.0,ACCESS_COVERS,0.6468,0.1,260.8,94.7,33.6,1920,1080,0.153,47.4,277.6
Round1,Q2,702,351.0,EMIRATES,0.5673,702.0,50.3,125.0,32.3,1920,1080,0.195,764.5,66.5
Round1,Q2,702,351.0,EMIRATES,0.5412,0.5,356.5,121.8,41.0,1920,1080,0.241,61.4,377.0
Round1,Q2,702,351.0,EMIRATES,0.5319,832.2,50.7,124.8,32.1,1920,1080,0.193,894.6,66.8
Round1,Q2,702,351.0,EMIRATES,0.4757,570.1,48.7,126.9,32.9,1920,1080,0.201,633.5,65.1
Round1,Q2,702,351.0,EMIRATES,0.4221,1291.3,374.0,132.0,39.9,1920,1080,0.254,1357.3,393.9
Round1,Q2,703,351.5,EMIRATES,0.8743,664.4,68.4,121.8,32.7,1920,1080,0.192,725.3,84.7
Round1,Q2,703,351.5,EMIRATES,0.868,790.2,69.5,123.5,32.0,1920,1080,0.191,851.9,85.5
Round1,Q2,703,351.5,EMIRATES,0.8638,537.0,67.2,126.6,32.2,1920,1080,0.197,600.3,83.3
Round1,Q2,703,351.5,EMIRATES,0.8637,0.9,58.2,135.7,33.7,1920,1080,0.221,68.7,75.1
Round1,Q2,703,351.5,EMIRATES,0.8627,1253.3,387.4,132.9,39.2,1920,1080,0.251,1319.7,407.0
Round1,Q2,703,351.5,EMIRATES,0.8528,1389.8,392.3,138.8,43.5,1920,1080,0.291,1459.1,414.1
Round1,Q2,703,351.5,EMIRATES,0.8527,409.4,66.3,124.9,31.7,1920,1080,0.191,471.9,82.2
Round1,Q2,703,351.5,EMIRATES,0.8515,707.0,373.3,129.4,37.9,1920,1080,0.236,771.7,392.3
Round1,Q2,703,351.5,EMIRATES,0.8511,918.3,70.5,122.2,32.1,1920,1080,0.189,979.4,86.5
Round1,Q2,703,351.5,EMIRATES,0.8492,278.2,64.0,126.7,32.7,1920,1080,0.2,341.5,80.3
Round1,Q2,703,351.5,EMIRATES,0.8461,1528.9,400.3,141.5,42.8,1920,1080,0.292,1599.7,421.7
Round1,Q2,703,351.5,EMIRATES,0.8432,429.5,369.7,136.3,37.0,1920,1080,0.243,497.6,388.2
Round1,Q2,703,351.5,EMIRATES,0.8335,288.3,368.2,136.3,36.6,1920,1080,0.241,356.5,386.5
Round1,Q2,703,351.5,EMIRATES,0.8201,843.6,375.9,133.6,38.7,1920,1080,0.249,910.4,395.3
Round1,Q2,703,351.5,EMIRATES,0.8166,569.2,371.1,135.8,38.2,1920,1080,0.25,637.1,390.2
Round1,Q2,703,351.5,EMIRATES,0.7966,143.3,61.6,130.5,33.1,1920,1080,0.208,208.6,78.2
Round1,Q2,703,351.5,EMIRATES,0.7897,1044.1,71.5,124.4,31.7,1920,1080,0.19,1106.3,87.3
Round1,Q2,703,351.5,EMIRATES,0.7644,1169.9,71.8,98.3,31.8,1920,1080,0.151,1219.0,87.7
Round1,Q2,703,351.5,EMIRATES,0.7191,1818.6,413.5,101.4,44.1,1920,1080,0.216,1869.3,435.6
Round1,Q2,703,351.5,EMIRATES,0.6639,0.1,366.5,137.1,37.0,1920,1080,0.244,68.7,385.0
Round1,Q2,703,351.5,EMIRATES,0.506,988.1,380.1,124.6,37.1,1920,1080,0.223,1050.4,398.7
Round1,Q2,703,351.5,EMIRATES,0.4158,1117.8,382.8,133.3,40.4,1920,1080,0.26,1184.5,403.0
Round1,Q2,703,351.5,EMIRATES,0.3982,1674.4,406.7,140.4,43.3,1920,1080,0.293,1744.6,428.4
Round1,Q2,704,352.0,EMIRATES,0.8929,1181.6,379.6,136.2,43.8,1920,1080,0.288,1249.7,401.5
Round1,Q2,704,352.0,EMIRATES,0.891,1037.7,374.5,138.4,40.8,1920,1080,0.273,1106.9,395.0
Round1,Q2,704,352.0,EMIRATES,0.8887,156.3,357.2,146.6,39.4,1920,1080,0.278,229.6,376.9
Round1,Q2,704,352.0,EMIRATES,0.878,309.0,358.5,142.2,39.7,1920,1080,0.272,380.1,378.4
Round1,Q2,704,352.0,EMIRATES,0.8772,1622.1,400.2,143.3,46.1,1920,1080,0.318,1693.8,423.2
Round1,Q2,704,352.0,EMIRATES,0.8751,1771.5,409.6,146.4,47.4,1920,1080,0.335,1844.7,433.3
Round1,Q2,704,352.0,EMIRATES,0.8728,0.1,354.8,152.0,40.6,1920,1080,0.298,76.1,375.1
Round1,Q2,704,352.0,EMIRATES,0.8718,1324.8,387.7,139.5,44.1,1920,1080,0.297,1394.5,409.8
Round1,Q2,704,352.0,EMIRATES,0.8695,607.0,362.9,134.0,40.7,1920,1080,0.263,674.0,383.2
Round1,Q2,704,352.0,EMIRATES,0.8643,458.8,361.1,141.2,39.1,1920,1080,0.266,529.4,380.6
Round1,Q2,704,352.0,EMIRATES,0.8531,757.1,367.5,131.7,39.3,1920,1080,0.25,823.0,387.1
Round1,Q2,704,352.0,EMIRATES,0.8321,813.8,41.5,128.4,34.5,1920,1080,0.214,878.0,58.8
Round1,Q2,704,352.0,EMIRATES,0.8291,680.7,39.9,128.0,34.6,1920,1080,0.214,744.7,57.2
Round1,Q2,704,352.0,EMIRATES,0.8166,545.6,38.7,129.0,34.1,1920,1080,0.212,610.0,55.7
Round1,Q2,704,352.0,EMIRATES,0.7859,895.3,369.1,136.3,42.3,1920,1080,0.278,963.4,390.2
Round1,Q2,704,352.0,EMIRATES,0.7686,947.1,42.7,101.5,34.0,1920,1080,0.166,997.8,59.6
Round1,Q2,704,352.0,EMIRATES,0.6461,269.5,33.7,133.3,35.1,1920,1080,0.226,336.2,51.3
Round1,Q2,704,352.0,EMIRATES,0.6352,128.2,31.3,134.1,34.7,1920,1080,0.224,195.2,48.7
Round1,Q2,704,352.0,EMIRATES,0.5745,410.5,36.6,130.9,34.4,1920,1080,0.217,475.9,53.8
Round1,Q2,704,352.0,EMIRATES,0.4653,1473.9,392.8,141.5,44.8,1920,1080,0.306,1544.7,415.2
Round1,Q2,704,352.0,EMIRATES,0.3875,0.5,27.7,121.0,36.7,1920,1080,0.214,61.0,46.0
Round1,Q2,705,352.5,EMIRATES,0.9088,3.1,319.2,161.1,43.7,1920,1080,0.339,83.7,341.0
Round1,Q2,705,352.5,EMIRATES,0.9004,1118.1,344.8,144.8,45.4,1920,1080,0.317,1190.5,367.5
Round1,Q2,705,352.5,EMIRATES,0.8886,173.9,321.3,154.3,44.5,1920,1080,0.331,251.0,343.6
Round1,Q2,705,352.5,EMIRATES,0.8883,336.9,324.0,150.5,42.9,1920,1080,0.312,412.2,345.4
Round1,Q2,705,352.5,EMIRATES,0.8865,1589.3,366.3,147.5,48.4,1920,1080,0.345,1663.1,390.5
Round1,Q2,705,352.5,EMIRATES,0.8778,962.7,339.1,145.7,44.7,1920,1080,0.314,1035.6,361.5
Round1,Q2,705,352.5,EMIRATES,0.8669,1746.5,375.8,162.1,49.4,1920,1080,0.386,1827.5,400.5
Round1,Q2,705,352.5,EMIRATES,0.8647,498.9,326.9,145.4,43.2,1920,1080,0.303,571.6,348.5
Round1,Q2,705,352.5,EMIRATES,0.8631,660.3,331.7,139.8,42.4,1920,1080,0.286,730.2,352.9
Round1,Q2,705,352.5,EMIRATES,0.8052,1270.9,353.2,140.9,44.8,1920,1080,0.304,1341.3,375.6
Round1,Q2,705,352.5,EMIRATES,0.7768,809.8,334.3,144.2,44.2,1920,1080,0.307,881.9,356.4
Round1,Q2,705,352.5,EMIRATES,0.3755,1436.4,361.2,144.7,44.9,1920,1080,0.314,1508.7,383.7
Round1,Q2,706,353.0,EMIRATES,0.9001,1007.2,285.8,47.5,18.9,1920,1080,0.043,1030.9,295.3
Round1,Q2,707,353.5,EMIRATES,0.8796,975.3,341.1,28.0,23.0,1920,1080,0.031,989.3,352.6
Round1,Q2,708,354.0,EMIRATES,0.6434,1087.2,329.9,20.2,19.3,1920,1080,0.019,1097.3,339.5
Round1,Q2,709,354.5,EMIRATES,0.429,1238.0,368.6,22.1,27.3,1920,1080,0.029,1249.1,382.2
Round1,Q2,710,355.0,EMIRATES,0.5476,1305.8,495.5,21.4,23.4,1920,1080,0.024,1316.5,507.2
Round1,Q2,711,355.5,EMIRATES,0.8804,1253.6,260.2,46.3,16.9,1920,1080,0.038,1276.8,268.6
Round1,Q2,712,356.0,EMIRATES,0.8908,1654.8,295.3,60.0,19.3,1920,1080,0.056,1684.8,305.0
Round1,Q2,712,356.0,EMIRATES,0.8574,1287.5,579.4,31.8,26.5,1920,1080,0.041,1303.4,592.7
Round1,Q2,712,356.0,EMIRATES,0.8513,883.6,267.2,26.3,22.0,1920,1080,0.028,896.8,278.2
Round1,Q2,713,356.5,EMIRATES,0.7544,1906.0,362.5,14.0,18.5,1920,1080,0.012,1913.0,371.7
Round1,Q2,713,356.5,EMIRATES,0.404,903.6,317.0,18.4,19.2,1920,1080,0.017,912.7,326.6
Round1,Q2,714,357.0,EMIRATES,0.8796,857.6,332.3,34.3,27.9,1920,1080,0.046,874.8,346.2
Round1,Q2,715,357.5,EMIRATES,0.8826,496.4,331.9,165.2,52.3,1920,1080,0.416,579.0,358.1
Round1,Q2,715,357.5,EMIRATES,0.8757,667.1,325.2,160.8,51.6,1920,1080,0.4,747.5,351.0
Round1,Q2,715,357.5,EMIRATES,0.8746,329.3,339.9,160.5,51.4,1920,1080,0.398,409.6,365.6
Round1,Q2,715,357.5,EMIRATES,0.8088,1014.8,314.2,158.9,48.4,1920,1080,0.371,1094.3,338.4
Round1,Q2,715,357.5,EMIRATES,0.7518,1363.0,304.4,167.6,48.2,1920,1080,0.39,1446.8,328.5
Round1,Q2,715,357.5,EMIRATES,0.6509,843.9,319.7,164.3,49.1,1920,1080,0.389,926.1,344.2
Round1,Q2,715,357.5,EMIRATES,0.4727,0.1,368.1,13.5,80.7,1920,1080,0.053,6.9,408.4
Round1,Q2,715,357.5,EMIRATES,0.4204,248.8,350.1,18.8,73.3,1920,1080,0.067,258.2,386.8
Round1,Q2,716,358.0,EMIRATES,0.8456,1073.7,377.2,136.6,42.3,1920,1080,0.279,1142.1,398.4
Round1,Q2,716,358.0,EMIRATES,0.8441,931.1,53.9,132.7,37.1,1920,1080,0.237,997.5,72.5
Round1,Q2,716,358.0,EMIRATES,0.8358,631.5,393.2,140.2,43.6,1920,1080,0.295,701.6,415.0
Round1,Q2,716,358.0,EMIRATES,0.8277,490.6,400.0,133.3,43.9,1920,1080,0.282,557.2,422.0
Round1,Q2,716,358.0,EMIRATES,0.8237,655.9,54.2,132.2,37.8,1920,1080,0.241,722.0,73.0
Round1,Q2,716,358.0,EMIRATES,0.8207,1207.8,51.7,131.9,36.7,1920,1080,0.234,1273.8,70.0
Round1,Q2,716,358.0,EMIRATES,0.8093,795.7,54.1,128.3,37.9,1920,1080,0.234,859.8,73.0
Round1,Q2,716,358.0,EMIRATES,0.7709,1071.0,53.4,128.2,37.1,1920,1080,0.229,1135.1,71.9
Round1,Q2,716,358.0,EMIRATES,0.7627,779.0,387.7,135.8,42.5,1920,1080,0.278,846.9,409.0
Round1,Q2,716,358.0,EMIRATES,0.7619,515.0,54.0,134.2,38.3,1920,1080,0.248,582.1,73.2
Round1,Q2,716,358.0,EMIRATES,0.756,1346.7,49.6,137.3,36.9,1920,1080,0.244,1415.4,68.0
Round1,Q2,716,358.0,EMIRATES,0.755,222.7,50.2,142.9,41.1,1920,1080,0.283,294.2,70.8
Round1,Q2,716,358.0,EMIRATES,0.64,376.1,52.7,134.5,39.3,1920,1080,0.255,443.3,72.4
Round1,Q2,716,358.0,EMIRATES,0.5033,1371.9,368.3,142.6,42.2,1920,1080,0.29,1443.2,389.4
Round1,Q2,716,358.0,EMIRATES,0.4673,1605.9,41.4,139.6,36.6,1920,1080,0.247,1675.7,59.7
Round1,Q2,716,358.0,EMIRATES,0.3739,424.9,410.0,14.7,62.3,1920,1080,0.044,432.3,441.2
Round1,Q2,717,358.5,EMIRATES,0.8837,616.8,133.8,119.1,34.3,1920,1080,0.197,676.3,151.0
Round1,Q2,717,358.5,EMIRATES,0.8811,719.7,435.0,126.1,38.7,1920,1080,0.236,782.7,454.4
Round1,Q2,717,358.5,EMIRATES,0.8727,1355.9,128.5,126.4,33.9,1920,1080,0.207,1419.1,145.4
Round1,Q2,717,358.5,EMIRATES,0.866,741.6,134.0,116.8,33.9,1920,1080,0.191,800.0,151.0
Round1,Q2,717,358.5,EMIRATES,0.8555,1233.0,129.9,118.2,33.6,1920,1080,0.191,1292.1,146.7
Round1,Q2,717,358.5,EMIRATES,0.8517,1852.2,115.0,67.7,34.3,1920,1080,0.112,1886.1,132.2
Round1,Q2,717,358.5,EMIRATES,0.85,986.0,132.2,118.8,34.4,1920,1080,0.197,1045.4,149.4
Round1,Q2,717,358.5,EMIRATES,0.8475,595.8,440.8,118.0,39.4,1920,1080,0.224,654.8,460.4
Round1,Q2,717,358.5,EMIRATES,0.8434,494.9,133.4,118.5,34.7,1920,1080,0.198,554.2,150.7
Round1,Q2,717,358.5,EMIRATES,0.8414,1589.3,122.8,126.6,33.2,1920,1080,0.203,1652.6,139.4
Round1,Q2,717,358.5,EMIRATES,0.8351,1111.4,131.6,117.1,33.9,1920,1080,0.192,1169.9,148.6
Round1,Q2,717,358.5,EMIRATES,0.8249,362.7,131.6,126.7,36.6,1920,1080,0.224,426.0,149.9
Round1,Q2,717,358.5,EMIRATES,0.7884,1381.7,414.2,127.2,36.1,1920,1080,0.222,1445.3,432.2
Round1,Q2,717,358.5,EMIRATES,0.7879,1720.3,120.0,124.9,31.8,1920,1080,0.192,1782.8,135.9
Round1,Q2,717,358.5,EMIRATES,0.7876,865.6,132.9,115.9,34.5,1920,1080,0.193,923.5,150.2
Round1,Q2,717,358.5,EMIRATES,0.7738,110.4,128.9,123.3,36.3,1920,1080,0.216,172.1,147.1
Round1,Q2,717,358.5,EMIRATES,0.7079,0.1,125.6,104.8,38.7,1920,1080,0.196,52.5,145.0
Round1,Q2,717,358.5,EMIRATES,0.7042,852.1,429.9,120.3,38.1,1920,1080,0.221,912.3,449.0
Round1,Q2,717,358.5,EMIRATES,0.7042,79.9,472.1,121.0,41.6,1920,1080,0.243,140.4,492.9
Round1,Q2,717,358.5,EMIRATES,0.6807,0.3,475.3,76.6,47.4,1920,1080,0.175,38.6,499.0
Round1,Q2,717,358.5,EMIRATES,0.6575,983.6,425.0,124.5,37.4,1920,1080,0.225,1045.8,443.7
Round1,Q2,717,358.5,EMIRATES,0.6481,239.1,130.1,112.7,36.3,1920,1080,0.197,295.5,148.3
Round1,Q2,718,359.0,EMIRATES,0.7799,111.6,200.9,120.0,33.8,1920,1080,0.195,171.6,217.8
Round1,Q2,718,359.0,EMIRATES,0.7783,780.0,477.4,111.6,34.3,1920,1080,0.184,835.8,494.6
Round1,Q2,718,359.0,EMIRATES,0.7521,206.9,510.5,103.8,36.8,1920,1080,0.184,258.8,528.9
Round1,Q2,718,359.0,EMIRATES,0.7315,0.0,198.5,105.4,35.1,1920,1080,0.178,52.7,216.1
Round1,Q2,718,359.0,EMIRATES,0.7163,1380.4,458.4,117.0,33.5,1920,1080,0.189,1438.9,475.1
Round1,Q2,718,359.0,EMIRATES,0.6204,578.3,204.6,105.8,31.7,1920,1080,0.161,631.1,220.5
Round1,Q2,718,359.0,EMIRATES,0.484,1134.7,202.8,104.6,30.2,1920,1080,0.152,1186.9,217.9
Round1,Q2,718,359.0,EMIRATES,0.4803,1805.9,191.0,114.0,29.2,1920,1080,0.16,1862.9,205.6
Round1,Q2,718,359.0,EMIRATES,0.3645,234.6,203.5,112.8,32.0,1920,1080,0.174,291.0,219.5
Round1,Q2,718,359.0,EMIRATES,0.3582,1356.3,200.0,114.6,30.5,1920,1080,0.169,1413.6,215.3
Round1,Q2,718,359.0,EMIRATES,0.3337,88.0,517.4,111.2,39.6,1920,1080,0.212,143.5,537.1
Round1,Q2,718,359.0,EMIRATES,0.3085,667.6,482.6,108.2,35.6,1920,1080,0.186,721.7,500.4
Round1,Q2,719,359.5,JAMESON,0.7882,386.2,4.9,89.2,18.7,1920,1080,0.08,430.8,14.2
Round1,Q2,719,359.5,EMIRATES,0.7881,817.8,505.3,106.5,32.6,1920,1080,0.167,871.1,521.5
Round1,Q2,719,359.5,JAMESON,0.7656,592.5,12.6,86.8,20.1,1920,1080,0.084,635.9,22.7
Round1,Q2,719,359.5,JAMESON,0.7461,489.3,7.9,89.6,20.0,1920,1080,0.087,534.1,17.9
Round1,Q2,719,359.5,EMIRATES,0.4827,714.6,510.1,97.2,32.9,1920,1080,0.154,763.2,526.6
Round1,Q2,719,359.5,EMIRATES,0.4054,284.7,536.2,98.0,35.2,1920,1080,0.166,333.7,553.8
Round1,Q2,719,359.5,EMIRATES,0.3525,87.9,248.2,106.9,31.9,1920,1080,0.164,141.3,264.1
Round1,Q2,719,359.5,EMIRATES,0.3503,928.3,500.5,105.2,32.5,1920,1080,0.165,980.9,516.7
Round1,Q2,720,360.0,JAMESON,0.7767,634.3,62.0,83.2,17.8,1920,1080,0.072,675.9,70.9
Round1,Q2,720,360.0,JAMESON,0.7702,438.7,54.2,87.9,18.3,1920,1080,0.077,482.6,63.3
Round1,Q2,720,360.0,JAMESON,0.7573,538.4,58.7,85.6,18.0,1920,1080,0.074,581.2,67.7
Round1,Q2,720,360.0,EMIRATES,0.5226,243.7,559.0,104.1,35.1,1920,1080,0.176,295.8,576.6
Round1,Q2,720,360.0,EMIRATES,0.5082,842.9,523.9,109.4,30.4,1920,1080,0.16,897.6,539.0
Round1,Q2,720,360.0,EMIRATES,0.3705,46.7,578.5,105.1,36.3,1920,1080,0.184,99.2,596.6
Round1,Q2,720,360.0,EMIRATES,0.3186,1313.3,0.3,108.3,23.2,1920,1080,0.121,1367.5,11.9
Round1,Q2,721,360.5,EMIRATES,0.9016,676.2,293.0,100.3,26.0,1920,1080,0.126,726.3,306.0
Round1,Q2,721,360.5,EMIRATES,0.9008,864.7,291.6,102.4,26.6,1920,1080,0.131,915.8,304.9
Round1,Q2,721,360.5,EMIRATES,0.8968,1051.8,290.6,102.0,26.1,1920,1080,0.128,1102.8,303.7
Round1,Q2,721,360.5,EMIRATES,0.8943,289.3,291.4,108.1,29.1,1920,1080,0.151,343.4,306.0
Round1,Q2,721,360.5,EMIRATES,0.8927,88.9,290.6,109.9,30.7,1920,1080,0.163,143.8,305.9
Round1,Q2,721,360.5,EMIRATES,0.8918,1714.6,280.9,110.8,26.9,1920,1080,0.144,1769.9,294.3
Round1,Q2,721,360.5,EMIRATES,0.8866,822.3,9.1,102.8,26.9,1920,1080,0.133,873.7,22.5
Round1,Q2,721,360.5,EMIRATES,0.8866,1798.5,6.4,112.5,24.8,1920,1080,0.134,1854.7,18.8
Round1,Q2,721,360.5,EMIRATES,0.8834,847.0,522.0,106.5,30.9,1920,1080,0.159,900.3,537.4
Round1,Q2,721,360.5,EMIRATES,0.883,1297.7,16.4,105.5,25.0,1920,1080,0.127,1350.4,28.9
Round1,Q2,721,360.5,EMIRATES,0.8796,486.6,293.1,99.0,27.3,1920,1080,0.13,536.0,306.8
Round1,Q2,721,360.5,EMIRATES,0.8789,1044.8,515.0,111.7,30.0,1920,1080,0.161,1100.7,530.0
Round1,Q2,721,360.5,EMIRATES,0.8759,1518.4,284.6,102.2,26.2,1920,1080,0.129,1569.5,297.7
Round1,Q2,721,360.5,EMIRATES,0.8749,1240.8,288.8,101.5,27.1,1920,1080,0.132,1291.6,302.3
Round1,Q2,721,360.5,EMIRATES,0.8629,1676.0,501.1,118.7,30.2,1920,1080,0.173,1735.3,516.2
Round1,Q2,721,360.5,EMIRATES,0.8599,81.5,574.1,100.0,35.6,1920,1080,0.172,131.5,591.9
Round1,Q2,721,360.5,EMIRATES,0.859,269.5,556.8,102.5,33.7,1920,1080,0.167,320.7,573.7
Round1,Q2,721,360.5,EMIRATES,0.8586,636.3,2.9,97.1,25.7,1920,1080,0.12,684.9,15.7
Round1,Q2,721,360.5,EMIRATES,0.8461,1597.1,12.9,104.4,24.7,1920,1080,0.124,1649.4,25.2
Round1,Q2,721,360.5,EMIRATES,0.845,1459.0,504.7,111.7,29.2,1920,1080,0.157,1514.9,519.3
Round1,Q2,721,360.5,EMIRATES,0.8444,1492.4,15.0,103.3,24.4,1920,1080,0.121,1544.1,27.2
Round1,Q2,721,360.5,EMIRATES,0.819,1111.9,15.4,98.1,25.2,1920,1080,0.119,1161.0,28.0
Round1,Q2,721,360.5,EMIRATES,0.8162,534.9,0.1,102.4,24.7,1920,1080,0.122,586.0,12.5
Round1,Q2,721,360.5,EMIRATES,0.8124,1010.7,14.0,100.0,25.5,1920,1080,0.123,1060.7,26.8
Round1,Q2,721,360.5,EMIRATES,0.781,652.8,532.3,103.0,30.9,1920,1080,0.154,704.3,547.7
Round1,Q2,721,360.5,JAMESON,0.7753,459.6,71.0,82.9,17.9,1920,1080,0.071,501.0,79.9
Round1,Q2,721,360.5,JAMESON,0.7544,560.2,74.9,77.4,17.6,1920,1080,0.066,598.9,83.7
Round1,Q2,721,360.5,JAMESON,0.7159,649.7,77.7,78.7,18.0,1920,1080,0.069,689.1,86.7
Round1,Q2,721,360.5,EMIRATES,0.6282,1901.2,497.9,18.6,30.3,1920,1080,0.027,1910.5,513.0
Round1,Q2,721,360.5,EMIRATES,0.435,350.9,0.0,95.5,15.1,1920,1080,0.069,398.7,7.5
Round1,Q2,721,360.5,EMIRATES,0.3706,456.6,543.4,103.6,32.0,1920,1080,0.16,508.4,559.3
Round1,Q2,722,361.0,EMIRATES,0.8963,1049.1,295.2,99.2,26.3,1920,1080,0.126,1098.7,308.4
Round1,Q2,722,361.0,EMIRATES,0.8934,105.4,295.6,106.4,30.0,1920,1080,0.154,158.6,310.5
Round1,Q2,722,361.0,EMIRATES,0.8916,1779.0,17.5,107.7,24.5,1920,1080,0.127,1832.9,29.7
Round1,Q2,722,361.0,EMIRATES,0.8915,301.4,296.8,106.6,28.3,1920,1080,0.146,354.7,310.9
Round1,Q2,722,361.0,EMIRATES,0.8896,864.1,296.6,100.9,26.2,1920,1080,0.128,914.5,309.7
Round1,Q2,722,361.0,EMIRATES,0.8863,824.6,19.7,100.3,25.9,1920,1080,0.125,874.7,32.6
Round1,Q2,722,361.0,EMIRATES,0.8828,847.9,522.4,104.7,30.3,1920,1080,0.153,900.3,537.5
Round1,Q2,722,361.0,EMIRATES,0.8808,1042.5,514.6,109.1,30.2,1920,1080,0.159,1097.0,529.7
Round1,Q2,722,361.0,EMIRATES,0.8771,494.1,297.1,99.3,27.6,1920,1080,0.132,543.7,310.9
Round1,Q2,722,361.0,EMIRATES,0.8762,1698.8,286.6,107.6,25.7,1920,1080,0.133,1752.6,299.5
Round1,Q2,722,361.0,EMIRATES,0.875,680.9,297.1,97.5,26.6,1920,1080,0.125,729.7,310.5
Round1,Q2,722,361.0,EMIRATES,0.8738,1290.2,26.8,102.8,25.2,1920,1080,0.125,1341.6,39.4
Round1,Q2,722,361.0,EMIRATES,0.8737,1235.8,294.4,98.2,24.7,1920,1080,0.117,1284.8,306.7
Round1,Q2,722,361.0,EMIRATES,0.8665,281.4,556.5,100.3,33.2,1920,1080,0.16,331.6,573.1
Round1,Q2,722,361.0,EMIRATES,0.8654,1506.9,289.7,100.7,25.8,1920,1080,0.125,1557.3,302.7
Round1,Q2,722,361.0,EMIRATES,0.8494,97.6,573.6,98.0,35.1,1920,1080,0.166,146.6,591.1
Round1,Q2,722,361.0,EMIRATES,0.8493,1662.4,501.5,116.3,29.7,1920,1080,0.167,1720.5,516.3
Round1,Q2,722,361.0,EMIRATES,0.8487,1584.3,23.4,100.3,24.2,1920,1080,0.117,1634.4,35.5
Round1,Q2,722,361.0,EMIRATES,0.8428,1108.1,25.3,95.9,25.4,1920,1080,0.118,1156.1,38.0
Round1,Q2,722,361.0,EMIRATES,0.8379,641.4,12.0,95.6,27.6,1920,1080,0.127,689.3,25.8
Round1,Q2,722,361.0,EMIRATES,0.8373,1448.4,504.8,111.3,29.3,1920,1080,0.157,1504.1,519.5
Round1,Q2,722,361.0,EMIRATES,0.8117,361.5,0.2,90.6,25.1,1920,1080,0.11,406.8,12.7
Round1,Q2,722,361.0,EMIRATES,0.809,657.6,532.0,102.2,30.4,1920,1080,0.15,708.6,547.2
Round1,Q2,722,361.0,EMIRATES,0.7997,1481.9,25.6,98.6,23.5,1920,1080,0.112,1531.2,37.4
Round1,Q2,722,361.0,EMIRATES,0.7912,541.5,7.5,98.3,27.5,1920,1080,0.13,590.7,21.2
Round1,Q2,722,361.0,EMIRATES,0.7829,1882.6,498.6,37.4,30.0,1920,1080,0.054,1901.2,513.6
Round1,Q2,722,361.0,JAMESON,0.7647,472.5,80.1,78.5,17.5,1920,1080,0.066,511.7,88.8
Round1,Q2,722,361.0,EMIRATES,0.7639,1009.1,24.0,97.4,25.6,1920,1080,0.12,1057.8,36.8
Round1,Q2,722,361.0,JAMESON,0.7505,565.1,83.5,77.6,17.1,1920,1080,0.064,603.9,92.0
Round1,Q2,722,361.0,EMIRATES,0.7285,1243.8,509.5,108.1,30.7,1920,1080,0.16,1297.8,524.8
Round1,Q2,722,361.0,JAMESON,0.7272,654.6,87.6,75.7,16.8,1920,1080,0.061,692.4,96.0
Round1,Q2,722,361.0,EMIRATES,0.7135,1900.7,282.7,19.2,25.3,1920,1080,0.023,1910.3,295.3
Round1,Q2,722,361.0,EMIRATES,0.5067,466.2,542.2,109.5,32.9,1920,1080,0.174,520.9,558.7
Round1,Q2,722,361.0,EMIRATES,0.4726,0.0,294.4,10.4,28.1,1920,1080,0.014,5.2,308.4
Round1,Q2,722,361.0,EMIRATES,0.337,0.0,586.4,11.4,37.0,1920,1080,0.02,5.7,604.8
Round1,Q2,723,361.5,EMIRATES,0.8969,859.1,293.5,100.1,25.8,1920,1080,0.125,909.1,306.4
Round1,Q2,723,361.5,EMIRATES,0.8931,103.9,293.0,105.4,29.2,1920,1080,0.148,156.6,307.6
Round1,Q2,723,361.5,EMIRATES,0.893,297.9,293.8,106.5,27.6,1920,1080,0.142,351.1,307.6
Round1,Q2,723,361.5,EMIRATES,0.8929,1767.6,16.0,108.5,24.5,1920,1080,0.128,1821.8,28.2
Round1,Q2,723,361.5,EMIRATES,0.8926,1688.8,283.4,106.1,26.0,1920,1080,0.133,1741.9,296.4
Round1,Q2,723,361.5,EMIRATES,0.8903,1042.4,292.8,99.4,24.7,1920,1080,0.118,1092.1,305.2
Round1,Q2,723,361.5,EMIRATES,0.8872,818.6,17.7,99.7,26.0,1920,1080,0.125,868.4,30.7
Round1,Q2,723,361.5,EMIRATES,0.885,676.1,294.9,97.4,26.2,1920,1080,0.123,724.7,308.0
Round1,Q2,723,361.5,EMIRATES,0.883,1227.5,290.7,98.5,25.7,1920,1080,0.122,1276.8,303.6
Round1,Q2,723,361.5,EMIRATES,0.8817,1034.4,510.6,109.7,30.1,1920,1080,0.159,1089.3,525.7
Round1,Q2,723,361.5,EMIRATES,0.8812,491.3,294.9,94.6,26.4,1920,1080,0.12,538.6,308.1
Round1,Q2,723,361.5,EMIRATES,0.8775,842.4,518.1,104.0,29.9,1920,1080,0.15,894.4,533.0
Round1,Q2,723,361.5,EMIRATES,0.8749,636.9,10.2,95.0,27.4,1920,1080,0.125,684.4,23.9
Round1,Q2,723,361.5,EMIRATES,0.8689,1282.8,24.8,101.9,25.3,1920,1080,0.124,1333.7,37.4
Round1,Q2,723,361.5,EMIRATES,0.8681,1498.0,287.0,99.0,24.7,1920,1080,0.118,1547.5,299.3
Round1,Q2,723,361.5,EMIRATES,0.8666,537.9,5.7,97.2,27.3,1920,1080,0.128,586.5,19.4
Round1,Q2,723,361.5,EMIRATES,0.8638,1574.9,21.5,99.4,24.6,1920,1080,0.118,1624.5,33.8
Round1,Q2,723,361.5,EMIRATES,0.8587,94.6,568.5,97.5,35.4,1920,1080,0.167,143.4,586.2
Round1,Q2,723,361.5,EMIRATES,0.8571,1102.3,23.6,94.4,25.5,1920,1080,0.116,1149.5,36.3
Round1,Q2,723,361.5,EMIRATES,0.8535,279.2,552.6,99.7,32.5,1920,1080,0.156,329.1,568.9
Round1,Q2,723,361.5,EMIRATES,0.8525,1438.8,500.2,111.4,29.8,1920,1080,0.16,1494.5,515.1
Round1,Q2,723,361.5,EMIRATES,0.8459,1473.7,23.9,97.9,23.3,1920,1080,0.11,1522.6,35.6
Round1,Q2,723,361.5,EMIRATES,0.8387,358.5,0.4,90.3,22.8,1920,1080,0.1,403.7,11.8
Round1,Q2,723,361.5,EMIRATES,0.8366,1652.3,498.1,114.8,29.0,1920,1080,0.161,1709.8,512.6
Round1,Q2,723,361.5,EMIRATES,0.8231,1871.0,494.2,49.0,30.8,1920,1080,0.073,1895.5,509.6
Round1,Q2,723,361.5,EMIRATES,0.821,1003.7,22.0,95.6,25.0,1920,1080,0.116,1051.5,34.5
Round1,Q2,723,361.5,EMIRATES,0.8093,1237.0,505.2,108.0,29.7,1920,1080,0.155,1291.0,520.0
Round1,Q2,723,361.5,EMIRATES,0.7795,1888.9,279.3,30.5,24.8,1920,1080,0.036,1904.1,291.7
Round1,Q2,723,361.5,JAMESON,0.7545,559.2,81.2,79.0,17.7,1920,1080,0.068,598.7,90.0
Round1,Q2,723,361.5,JAMESON,0.7537,649.2,84.9,74.6,16.6,1920,1080,0.06,686.5,93.1
Round1,Q2,723,361.5,JAMESON,0.7393,465.8,77.9,81.0,17.1,1920,1080,0.067,506.3,86.4
Round1,Q2,723,361.5,EMIRATES,0.732,653.6,528.3,100.7,29.9,1920,1080,0.145,703.9,543.2
Round1,Q2,723,361.5,EMIRATES,0.3663,0.0,582.6,10.6,34.4,1920,1080,0.018,5.3,599.8
Round1,Q2,723,361.5,EMIRATES,0.3456,462.2,538.5,111.5,32.8,1920,1080,0.176,518.0,554.8
Round1,Q2,724,362.0,EMIRATES,0.8945,916.7,484.1,104.9,44.1,1920,1080,0.223,969.2,506.1
Round1,Q2,725,362.5,EMIRATES,0.9025,860.5,446.3,128.1,44.2,1920,1080,0.273,924.5,468.4
Round1,Q2,726,363.0,EMIRATES,0.9128,967.4,449.6,130.8,44.8,1920,1080,0.283,1032.8,472.0
Round1,Q2,727,363.5,EMIRATES,0.9128,1037.8,417.4,113.1,42.3,1920,1080,0.23,1094.4,438.6
Round1,Q2,728,364.0,EMIRATES,0.9084,1052.0,424.8,115.4,46.3,1920,1080,0.258,1109.7,447.9
Round1,Q2,729,364.5,EMIRATES,0.9111,905.6,426.9,112.2,43.5,1920,1080,0.236,961.7,448.7
Round1,Q2,729,364.5,EMIRATES,0.7569,1340.7,0.0,110.8,21.9,1920,1080,0.117,1396.2,10.9
Round1,Q2,730,365.0,EMIRATES,0.891,831.2,445.7,110.1,47.6,1920,1080,0.253,886.3,469.6
Round1,Q2,730,365.0,EMIRATES,0.8793,748.7,43.5,111.5,46.0,1920,1080,0.247,804.4,66.5
Round1,Q2,731,365.5,EMIRATES,0.9017,824.0,461.8,106.7,42.0,1920,1080,0.216,877.3,482.8
Round1,Q2,731,365.5,EMIRATES,0.8836,160.7,63.7,107.8,50.8,1920,1080,0.264,214.6,89.1
Round1,Q2,732,366.0,EMIRATES,0.9071,798.8,426.3,112.8,43.9,1920,1080,0.239,855.2,448.3
Round1,Q2,733,366.5,EMIRATES,0.9036,755.7,445.5,109.5,42.9,1920,1080,0.227,810.5,467.0
Round1,Q2,734,367.0,EMIRATES,0.8994,800.8,436.3,111.2,43.2,1920,1080,0.232,856.4,457.9
Round1,Q2,735,367.5,EMIRATES,0.9124,810.4,431.4,109.6,43.6,1920,1080,0.23,865.2,453.2
Round1,Q2,736,368.0,EMIRATES,0.9144,827.4,454.7,117.6,44.1,1920,1080,0.25,886.2,476.7
Round1,Q2,737,368.5,EMIRATES,0.901,803.3,501.1,114.8,42.7,1920,1080,0.236,860.7,522.5
Round1,Q2,737,368.5,EMIRATES,0.8807,245.8,445.2,132.5,50.7,1920,1080,0.324,312.1,470.5
Round1,Q2,738,369.0,EMIRATES,0.8774,814.2,562.4,100.3,37.2,1920,1080,0.18,864.3,581.0
Round1,Q2,739,369.5,EMIRATES,0.8773,831.1,425.2,91.4,39.6,1920,1080,0.175,876.8,445.0
Round1,Q2,740,370.0,EMIRATES,0.9044,895.5,410.9,102.8,42.5,1920,1080,0.211,946.9,432.1
Round1,Q2,741,370.5,EMIRATES,0.894,872.2,461.0,118.5,42.2,1920,1080,0.241,931.5,482.1
Round1,Q2,742,371.0,EMIRATES,0.8966,1567.8,867.5,31.6,12.2,1920,1080,0.019,1583.6,873.6
Round1,Q2,742,371.0,EMIRATES,0.882,907.2,538.5,106.6,37.3,1920,1080,0.192,960.5,557.2
Round1,Q2,743,371.5,EMIRATES,0.8959,1547.8,816.2,31.9,11.8,1920,1080,0.018,1563.7,822.1
Round1,Q2,743,371.5,EMIRATES,0.8875,943.8,457.6,101.3,44.2,1920,1080,0.216,994.4,479.8
Round1,Q2,744,372.0,EMIRATES,0.9014,876.1,516.0,109.0,42.4,1920,1080,0.223,930.6,537.2
Round1,Q2,745,372.5,EMIRATES,0.8925,872.5,480.8,110.1,46.3,1920,1080,0.246,927.5,504.0
Round1,Q2,746,373.0,EMIRATES,0.8919,800.6,496.1,112.6,47.8,1920,1080,0.26,856.9,520.0
Round1,Q2,747,373.5,EMIRATES,0.8948,838.1,495.8,108.1,47.2,1920,1080,0.246,892.1,519.4
Round1,Q2,748,374.0,EMIRATES,0.9067,876.3,473.8,113.8,46.5,1920,1080,0.255,933.2,497.0
Round1,Q2,749,374.5,EMIRATES,0.8935,928.4,496.0,110.6,46.3,1920,1080,0.247,983.7,519.2
Round1,Q2,750,375.0,EMIRATES,0.8888,1059.3,281.3,101.6,26.3,1920,1080,0.129,1110.1,294.4
Round1,Q2,750,375.0,EMIRATES,0.8842,1247.4,280.0,102.3,25.0,1920,1080,0.123,1298.6,292.5
Round1,Q2,750,375.0,EMIRATES,0.879,96.0,281.1,108.2,29.0,1920,1080,0.151,150.1,295.6
Round1,Q2,750,375.0,EMIRATES,0.8737,1723.2,271.3,109.5,26.4,1920,1080,0.139,1777.9,284.5
Round1,Q2,750,375.0,EMIRATES,0.8661,1305.2,6.4,105.5,24.6,1920,1080,0.125,1358.0,18.7
Round1,Q2,750,375.0,EMIRATES,0.8618,296.9,282.4,107.5,27.8,1920,1080,0.144,350.7,296.3
Round1,Q2,750,375.0,EMIRATES,0.8603,828.8,0.0,103.5,25.7,1920,1080,0.128,880.6,12.8
Round1,Q2,750,375.0,EMIRATES,0.8543,492.5,283.5,102.0,26.6,1920,1080,0.131,543.5,296.8
Round1,Q2,750,375.0,EMIRATES,0.8501,683.0,283.6,100.4,25.3,1920,1080,0.123,733.2,296.3
Round1,Q2,750,375.0,EMIRATES,0.841,971.9,531.3,107.6,36.2,1920,1080,0.188,1025.7,549.4
Round1,Q2,750,375.0,EMIRATES,0.8299,1524.4,274.5,105.0,27.0,1920,1080,0.137,1576.9,288.0
Round1,Q2,750,375.0,EMIRATES,0.8279,872.5,282.5,100.6,26.0,1920,1080,0.126,922.8,295.5
Round1,Q2,750,375.0,EMIRATES,0.8277,275.6,547.1,102.2,34.2,1920,1080,0.169,326.7,564.2
Round1,Q2,750,375.0,EMIRATES,0.8195,87.2,563.9,100.8,35.8,1920,1080,0.174,137.6,581.8
Round1,Q2,750,375.0,EMIRATES,0.7988,1605.7,2.3,103.0,24.0,1920,1080,0.119,1657.2,14.3
Round1,Q2,750,375.0,EMIRATES,0.7873,1501.4,4.7,101.0,23.6,1920,1080,0.115,1551.9,16.4
Round1,Q2,750,375.0,EMIRATES,0.7675,1684.6,491.1,119.3,30.2,1920,1080,0.174,1744.3,506.2
Round1,Q2,750,375.0,EMIRATES,0.7512,1806.4,0.0,111.3,20.6,1920,1080,0.111,1862.1,10.3
Round1,Q2,750,375.0,JAMESON,0.7464,466.9,60.4,82.2,18.3,1920,1080,0.073,508.0,69.6
Round1,Q2,750,375.0,JAMESON,0.737,657.7,68.4,76.6,17.3,1920,1080,0.064,696.0,77.1
Round1,Q2,750,375.0,JAMESON,0.7162,564.3,64.8,77.2,17.0,1920,1080,0.063,602.9,73.3
Round1,Q2,750,375.0,EMIRATES,0.6969,1119.4,5.4,98.5,25.0,1920,1080,0.119,1168.7,17.9
Round1,Q2,750,375.0,EMIRATES,0.6083,1018.3,4.1,100.1,24.3,1920,1080,0.117,1068.4,16.3
Round1,Q2,750,375.0,EMIRATES,0.4198,657.8,522.8,106.6,30.2,1920,1080,0.155,711.1,537.9
Round1,Q2,750,375.0,JAMESON,0.3125,43.3,34.4,77.3,20.9,1920,1080,0.078,82.0,44.8
Round1,Q2,751,375.5,EMIRATES,0.8944,297.1,276.7,109.3,29.3,1920,1080,0.154,351.8,291.3
Round1,Q2,751,375.5,EMIRATES,0.8919,1076.6,275.3,104.4,27.4,1920,1080,0.138,1128.8,289.0
Round1,Q2,751,375.5,EMIRATES,0.8903,91.7,275.0,110.4,31.0,1920,1080,0.165,146.9,290.5
Round1,Q2,751,375.5,EMIRATES,0.8901,884.8,276.9,104.3,27.2,1920,1080,0.137,937.0,290.5
Round1,Q2,751,375.5,EMIRATES,0.8884,1556.6,269.3,105.7,26.3,1920,1080,0.134,1609.4,282.4
Round1,Q2,751,375.5,EMIRATES,0.8871,1759.2,264.8,112.2,27.2,1920,1080,0.147,1815.3,278.5
Round1,Q2,751,375.5,EMIRATES,0.8868,692.1,277.7,102.3,27.3,1920,1080,0.135,743.3,291.4
Round1,Q2,751,375.5,EMIRATES,0.8851,497.5,277.6,103.8,28.4,1920,1080,0.142,549.4,291.8
Round1,Q2,751,375.5,EMIRATES,0.8825,866.2,512.6,108.7,31.1,1920,1080,0.163,920.6,528.1
Round1,Q2,751,375.5,EMIRATES,0.8815,1271.1,274.0,103.8,26.7,1920,1080,0.134,1323.0,287.4
Round1,Q2,751,375.5,EMIRATES,0.8745,1069.6,505.2,114.2,30.4,1920,1080,0.168,1126.7,520.4
Round1,Q2,751,375.5,EMIRATES,0.8619,1331.5,0.0,108.2,19.6,1920,1080,0.102,1385.6,9.8
Round1,Q2,751,375.5,EMIRATES,0.8589,276.5,547.6,103.7,34.6,1920,1080,0.173,328.4,564.9
Round1,Q2,751,375.5,EMIRATES,0.8513,82.7,564.5,103.7,37.1,1920,1080,0.185,134.5,583.1
Round1,Q2,751,375.5,EMIRATES,0.8417,1719.5,492.1,121.2,29.7,1920,1080,0.174,1780.1,506.9
Round1,Q2,751,375.5,JAMESON,0.7792,473.5,49.9,82.0,18.6,1920,1080,0.074,514.6,59.2
Round1,Q2,751,375.5,JAMESON,0.7719,663.9,57.6,79.5,17.9,1920,1080,0.069,703.6,66.5
Round1,Q2,751,375.5,EMIRATES,0.7507,1495.2,494.2,114.7,30.1,1920,1080,0.166,1552.6,509.2
Round1,Q2,751,375.5,JAMESON,0.7194,569.7,54.3,80.2,16.9,1920,1080,0.065,609.8,62.7
Round1,Q2,751,375.5,EMIRATES,0.7151,666.5,522.8,105.1,32.3,1920,1080,0.164,719.0,539.0
Round1,Q2,751,375.5,EMIRATES,0.5002,1280.6,499.6,95.5,29.9,1920,1080,0.138,1328.3,514.5
Round1,Q2,751,375.5,EMIRATES,0.4272,843.9,0.0,103.8,13.7,1920,1080,0.069,895.8,6.9
Round1,Q2,752,376.0,EMIRATES,0.8945,82.6,273.1,115.1,32.6,1920,1080,0.181,140.2,289.4
Round1,Q2,752,376.0,EMIRATES,0.8942,1093.0,273.4,107.4,28.0,1920,1080,0.145,1146.7,287.4
Round1,Q2,752,376.0,EMIRATES,0.8941,293.8,275.3,112.3,29.8,1920,1080,0.161,350.0,290.2
Round1,Q2,752,376.0,EMIRATES,0.8918,1585.5,266.7,109.5,27.3,1920,1080,0.144,1640.3,280.4
Round1,Q2,752,376.0,EMIRATES,0.8895,699.0,276.2,104.4,28.0,1920,1080,0.141,751.2,290.2
Round1,Q2,752,376.0,EMIRATES,0.8887,895.2,275.1,107.6,28.5,1920,1080,0.148,949.0,289.3
Round1,Q2,752,376.0,EMIRATES,0.8877,500.8,275.8,105.0,29.1,1920,1080,0.147,553.3,290.4
Round1,Q2,752,376.0,EMIRATES,0.8849,1294.1,272.3,105.1,27.5,1920,1080,0.139,1346.6,286.0
Round1,Q2,752,376.0,EMIRATES,0.8837,1086.2,509.3,115.5,32.3,1920,1080,0.18,1144.0,525.5
Round1,Q2,752,376.0,EMIRATES,0.8821,1796.2,263.2,115.6,26.9,1920,1080,0.15,1854.0,276.7
Round1,Q2,752,376.0,EMIRATES,0.8812,877.1,517.8,111.7,31.3,1920,1080,0.169,933.0,533.4
Round1,Q2,752,376.0,EMIRATES,0.8489,1756.4,495.2,124.8,32.0,1920,1080,0.193,1818.8,511.2
Round1,Q2,752,376.0,EMIRATES,0.8433,272.4,553.6,107.2,34.4,1920,1080,0.178,326.0,570.9
Round1,Q2,752,376.0,EMIRATES,0.8396,75.2,570.7,104.7,37.3,1920,1080,0.189,127.6,589.4
Round1,Q2,752,376.0,EMIRATES,0.8031,1522.6,498.6,119.8,30.3,1920,1080,0.175,1582.4,513.7
Round1,Q2,752,376.0,EMIRATES,0.7971,1302.7,503.2,111.5,31.9,1920,1080,0.172,1358.5,519.2
Round1,Q2,752,376.0,JAMESON,0.7732,474.9,43.0,84.2,18.2,1920,1080,0.074,517.0,52.1
Round1,Q2,752,376.0,JAMESON,0.7547,669.3,50.3,84.4,19.1,1920,1080,0.078,711.5,59.9
Round1,Q2,752,376.0,JAMESON,0.7546,576.0,47.3,79.8,18.0,1920,1080,0.069,615.9,56.3
Round1,Q2,752,376.0,EMIRATES,0.72,673.8,526.8,105.2,32.6,1920,1080,0.165,726.4,543.1
Round1,Q2,753,376.5,EMIRATES,0.8995,1109.2,276.5,110.2,28.7,1920,1080,0.153,1164.3,290.8
Round1,Q2,753,376.5,EMIRATES,0.8955,76.7,277.0,116.0,31.8,1920,1080,0.178,134.7,292.9
Round1,Q2,753,376.5,EMIRATES,0.8908,291.8,278.8,115.1,30.1,1920,1080,0.167,349.4,293.8
Round1,Q2,753,376.5,EMIRATES,0.8907,907.5,278.7,109.8,28.4,1920,1080,0.15,962.4,292.8
Round1,Q2,753,376.5,EMIRATES,0.8882,502.8,279.5,104.9,29.1,1920,1080,0.147,555.2,294.0
Round1,Q2,753,376.5,EMIRATES,0.8873,1615.7,269.4,113.0,28.3,1920,1080,0.154,1672.2,283.5
Round1,Q2,753,376.5,EMIRATES,0.8873,1832.1,265.1,87.9,27.7,1920,1080,0.117,1876.1,278.9
Round1,Q2,753,376.5,EMIRATES,0.8867,1314.3,274.7,109.0,28.7,1920,1080,0.151,1368.8,289.1
Round1,Q2,753,376.5,EMIRATES,0.8851,706.2,279.3,106.9,28.2,1920,1080,0.145,759.6,293.3
Round1,Q2,753,376.5,EMIRATES,0.881,889.6,525.7,113.6,32.8,1920,1080,0.18,946.4,542.0
Round1,Q2,753,376.5,EMIRATES,0.8778,1103.1,517.9,118.7,32.8,1920,1080,0.188,1162.5,534.3
Round1,Q2,753,376.5,EMIRATES,0.867,1551.2,506.8,122.4,32.3,1920,1080,0.191,1612.5,522.9
Round1,Q2,753,376.5,EMIRATES,0.8628,270.7,562.6,107.8,36.8,1920,1080,0.191,324.6,580.9
Round1,Q2,753,376.5,EMIRATES,0.8623,67.5,580.9,108.9,38.3,1920,1080,0.201,121.9,600.1
Round1,Q2,753,376.5,EMIRATES,0.8377,1790.7,503.8,124.8,31.8,1920,1080,0.191,1853.1,519.7
Round1,Q2,753,376.5,EMIRATES,0.8011,681.1,536.3,106.0,33.8,1920,1080,0.173,734.1,553.2
Round1,Q2,753,376.5,JAMESON,0.7762,677.9,48.6,83.6,18.9,1920,1080,0.076,719.6,58.1
Round1,Q2,753,376.5,EMIRATES,0.7695,1324.3,511.5,116.2,33.4,1920,1080,0.187,1382.4,528.2
Round1,Q2,753,376.5,JAMESON,0.7661,578.9,45.2,83.9,18.6,1920,1080,0.075,620.8,54.5
Round1,Q2,753,376.5,JAMESON,0.7584,477.1,40.7,82.2,19.0,1920,1080,0.075,518.2,50.2
Round1,Q2,753,376.5,EMIRATES,0.685,484.4,547.9,102.7,36.3,1920,1080,0.18,535.8,566.1
Round1,Q2,754,377.0,EMIRATES,0.8988,924.9,279.4,112.2,28.9,1920,1080,0.157,981.0,293.8
Round1,Q2,754,377.0,EMIRATES,0.8963,1131.1,278.0,113.4,29.2,1920,1080,0.16,1187.8,292.6
Round1,Q2,754,377.0,EMIRATES,0.8949,73.2,278.0,117.8,33.2,1920,1080,0.189,132.1,294.6
Round1,Q2,754,377.0,EMIRATES,0.8934,904.3,533.4,116.9,33.4,1920,1080,0.188,962.7,550.1
Round1,Q2,754,377.0,EMIRATES,0.8923,1342.5,276.1,111.1,28.8,1920,1080,0.154,1398.1,290.4
Round1,Q2,754,377.0,EMIRATES,0.8914,293.3,279.1,117.0,31.9,1920,1080,0.18,351.8,295.0
Round1,Q2,754,377.0,EMIRATES,0.8894,509.1,281.2,106.7,29.3,1920,1080,0.151,562.5,295.8
Round1,Q2,754,377.0,EMIRATES,0.8889,1652.5,270.2,114.7,28.9,1920,1080,0.16,1709.8,284.7
Round1,Q2,754,377.0,EMIRATES,0.8878,1123.1,524.7,122.3,33.4,1920,1080,0.197,1184.3,541.4
Round1,Q2,754,377.0,EMIRATES,0.8862,718.0,281.2,108.7,28.4,1920,1080,0.149,772.3,295.4
Round1,Q2,754,377.0,EMIRATES,0.8753,1585.7,513.0,125.1,33.9,1920,1080,0.204,1648.2,530.0
Round1,Q2,754,377.0,EMIRATES,0.8673,62.3,588.9,111.3,39.3,1920,1080,0.211,117.9,608.5
Round1,Q2,754,377.0,EMIRATES,0.8638,271.8,570.7,108.7,37.5,1920,1080,0.197,326.2,589.5
Round1,Q2,754,377.0,EMIRATES,0.8381,1874.2,265.9,45.8,28.3,1920,1080,0.062,1897.1,280.0
Round1,Q2,754,377.0,EMIRATES,0.8358,1830.5,510.8,89.4,32.1,1920,1080,0.139,1875.3,526.9
Round1,Q2,754,377.0,EMIRATES,0.7994,1351.9,518.2,115.8,34.2,1920,1080,0.191,1409.8,535.4
Round1,Q2,754,377.0,JAMESON,0.7979,689.0,44.0,84.5,19.2,1920,1080,0.078,731.3,53.6
Round1,Q2,754,377.0,JAMESON,0.7769,482.3,36.1,90.1,19.4,1920,1080,0.084,527.3,45.8
Round1,Q2,754,377.0,JAMESON,0.7391,589.2,40.2,83.6,18.3,1920,1080,0.074,631.0,49.4
Round1,Q2,754,377.0,EMIRATES,0.7377,690.4,543.8,106.9,33.1,1920,1080,0.171,743.9,560.4
Round1,Q2,754,377.0,EMIRATES,0.4993,488.5,555.8,104.8,35.6,1920,1080,0.18,540.9,573.6
Round1,Q2,755,377.5,EMIRATES,0.8996,62.7,277.6,120.5,33.9,1920,1080,0.197,122.9,294.6
Round1,Q2,755,377.5,EMIRATES,0.8972,1145.5,277.8,115.4,29.5,1920,1080,0.165,1203.2,292.5
Round1,Q2,755,377.5,EMIRATES,0.8954,288.6,279.4,119.1,31.7,1920,1080,0.182,348.1,295.3
Round1,Q2,755,377.5,EMIRATES,0.8928,1138.4,530.5,124.5,34.6,1920,1080,0.208,1200.7,547.8
Round1,Q2,755,377.5,EMIRATES,0.8919,1361.0,275.7,115.5,29.8,1920,1080,0.166,1418.7,290.6
Round1,Q2,755,377.5,EMIRATES,0.8916,934.3,279.2,114.3,29.5,1920,1080,0.163,991.4,294.0
Round1,Q2,755,377.5,EMIRATES,0.8906,509.4,281.1,106.2,29.7,1920,1080,0.152,562.5,296.0
Round1,Q2,755,377.5,EMIRATES,0.8873,723.4,281.0,110.4,29.1,1920,1080,0.155,778.6,295.6
Round1,Q2,755,377.5,EMIRATES,0.8851,1680.3,269.9,118.6,29.1,1920,1080,0.166,1739.6,284.4
Round1,Q2,755,377.5,EMIRATES,0.8827,913.6,539.3,119.7,34.0,1920,1080,0.196,973.5,556.3
Round1,Q2,755,377.5,EMIRATES,0.8672,1612.5,518.9,127.9,34.6,1920,1080,0.213,1676.4,536.2
Round1,Q2,755,377.5,EMIRATES,0.863,53.7,596.7,111.6,40.2,1920,1080,0.217,109.4,616.9
Round1,Q2,755,377.5,EMIRATES,0.8541,265.6,577.6,113.8,38.0,1920,1080,0.209,322.5,596.7
Round1,Q2,755,377.5,EMIRATES,0.8426,1372.5,524.0,125.4,33.9,1920,1080,0.205,1435.2,541.0
Round1,Q2,755,377.5,JAMESON,0.7702,482.2,30.3,92.4,19.7,1920,1080,0.088,528.4,40.1
Round1,Q2,755,377.5,JAMESON,0.7484,589.0,34.5,88.8,18.8,1920,1080,0.08,633.4,43.8
Round1,Q2,755,377.5,JAMESON,0.7381,691.7,38.0,88.0,19.3,1920,1080,0.082,735.7,47.6
Round1,Q2,755,377.5,EMIRATES,0.6882,695.9,550.3,110.2,36.0,1920,1080,0.192,751.0,568.3
Round1,Q2,755,377.5,EMIRATES,0.5484,1907.3,264.6,12.7,26.5,1920,1080,0.016,1913.6,277.8
Round1,Q2,755,377.5,EMIRATES,0.4501,489.1,561.8,108.2,38.0,1920,1080,0.198,543.2,580.8
Round1,Q2,756,378.0,EMIRATES,0.9017,277.5,280.5,121.6,32.8,1920,1080,0.192,338.3,296.9
Round1,Q2,756,378.0,EMIRATES,0.8987,45.9,278.9,124.4,34.3,1920,1080,0.206,108.0,296.1
Round1,Q2,756,378.0,EMIRATES,0.8984,1157.5,279.0,118.0,30.0,1920,1080,0.171,1216.5,294.0
Round1,Q2,756,378.0,EMIRATES,0.8983,939.3,281.0,117.5,29.9,1920,1080,0.169,998.0,295.9
Round1,Q2,756,378.0,EMIRATES,0.8904,503.6,281.7,111.8,31.5,1920,1080,0.17,559.6,297.5
Round1,Q2,756,378.0,EMIRATES,0.8876,1379.3,276.7,116.2,29.8,1920,1080,0.167,1437.4,291.6
Round1,Q2,756,378.0,EMIRATES,0.8835,918.7,547.4,122.9,34.8,1920,1080,0.206,980.1,564.8
Round1,Q2,756,378.0,EMIRATES,0.8835,1152.1,538.3,125.0,34.3,1920,1080,0.207,1214.6,555.5
Round1,Q2,756,378.0,EMIRATES,0.8828,1706.0,269.9,122.6,30.7,1920,1080,0.181,1767.3,285.3
Round1,Q2,756,378.0,EMIRATES,0.8772,723.9,282.0,113.2,30.3,1920,1080,0.166,780.5,297.1
Round1,Q2,756,378.0,EMIRATES,0.8696,254.3,586.1,115.5,39.5,1920,1080,0.22,312.1,605.9
Round1,Q2,756,378.0,EMIRATES,0.8644,35.7,605.8,114.5,42.5,1920,1080,0.234,93.0,627.0
Round1,Q2,756,378.0,EMIRATES,0.8362,1635.7,527.1,131.9,33.1,1920,1080,0.21,1701.7,543.6
Round1,Q2,756,378.0,EMIRATES,0.7934,1891.1,523.5,28.7,35.1,1920,1080,0.049,1905.4,541.0
Round1,Q2,756,378.0,EMIRATES,0.7862,1389.4,531.7,114.2,34.8,1920,1080,0.191,1446.4,549.1
Round1,Q2,756,378.0,JAMESON,0.7795,693.8,33.0,86.9,19.5,1920,1080,0.082,737.3,42.8
Round1,Q2,756,378.0,JAMESON,0.7688,476.3,24.5,93.3,20.3,1920,1080,0.091,522.9,34.6
Round1,Q2,756,378.0,JAMESON,0.7406,591.0,29.5,84.4,19.3,1920,1080,0.078,633.2,39.1
Round1,Q2,756,378.0,EMIRATES,0.7135,694.1,557.6,119.6,35.6,1920,1080,0.205,753.9,575.4
Round1,Q2,756,378.0,EMIRATES,0.5163,480.2,570.4,113.9,37.7,1920,1080,0.207,537.1,589.2
Round1,Q2,757,378.5,EMIRATES,0.8975,52.2,301.3,127.8,36.5,1920,1080,0.225,116.1,319.6
Round1,Q2,757,378.5,EMIRATES,0.8961,1191.1,300.3,120.5,32.1,1920,1080,0.186,1251.4,316.3
Round1,Q2,757,378.5,EMIRATES,0.895,967.4,302.5,121.4,31.6,1920,1080,0.185,1028.1,318.3
Round1,Q2,757,378.5,EMIRATES,0.8938,1182.9,566.9,131.3,37.1,1920,1080,0.235,1248.5,585.5
Round1,Q2,757,378.5,EMIRATES,0.8923,1419.0,297.9,121.7,32.0,1920,1080,0.188,1479.9,313.9
Round1,Q2,757,378.5,EMIRATES,0.8907,289.4,302.9,124.6,34.2,1920,1080,0.206,351.7,320.0
Round1,Q2,757,378.5,EMIRATES,0.886,521.0,303.8,115.8,32.8,1920,1080,0.183,578.9,320.2
Round1,Q2,757,378.5,EMIRATES,0.8807,745.9,304.0,116.8,31.5,1920,1080,0.177,804.3,319.7
Round1,Q2,757,378.5,EMIRATES,0.8801,1757.0,291.6,126.8,32.1,1920,1080,0.196,1820.4,307.7
Round1,Q2,757,378.5,EMIRATES,0.8671,1684.3,555.9,139.7,36.1,1920,1080,0.243,1754.2,573.9
Round1,Q2,757,378.5,EMIRATES,0.8625,945.9,576.4,126.7,36.8,1920,1080,0.225,1009.3,594.8
Round1,Q2,757,378.5,EMIRATES,0.8337,40.2,637.0,118.3,42.7,1920,1080,0.244,99.3,658.4
Round1,Q2,757,378.5,EMIRATES,0.8012,1430.6,559.7,117.1,38.2,1920,1080,0.216,1489.2,578.8
Round1,Q2,757,378.5,EMIRATES,0.774,264.9,616.3,118.9,41.6,1920,1080,0.239,324.4,637.2
Round1,Q2,757,378.5,JAMESON,0.7626,713.2,48.8,92.6,20.7,1920,1080,0.092,759.5,59.2
Round1,Q2,757,378.5,JAMESON,0.762,493.5,40.9,89.1,20.5,1920,1080,0.088,538.1,51.2
Round1,Q2,757,378.5,JAMESON,0.7572,606.6,45.1,92.6,20.4,1920,1080,0.091,652.9,55.3
Round1,Q2,757,378.5,EMIRATES,0.5381,715.2,587.9,118.4,36.1,1920,1080,0.206,774.4,606.0
Round1,Q2,758,379.0,EMIRATES,0.8897,856.6,385.0,138.1,39.7,1920,1080,0.265,925.7,404.9
Round1,Q2,758,379.0,EMIRATES,0.882,29.8,386.5,151.5,43.5,1920,1080,0.318,105.5,408.3
Round1,Q2,758,379.0,EMIRATES,0.88,312.3,386.9,148.3,41.3,1920,1080,0.295,386.5,407.6
Round1,Q2,758,379.0,EMIRATES,0.8791,1123.2,383.4,144.3,38.8,1920,1080,0.27,1195.3,402.7
Round1,Q2,758,379.0,EMIRATES,0.8621,1675.1,377.5,152.6,40.1,1920,1080,0.295,1751.4,397.5
Round1,Q2,758,379.0,EMIRATES,0.8425,1385.8,703.8,163.8,48.6,1920,1080,0.384,1467.7,728.1
Round1,Q2,758,379.0,EMIRATES,0.8283,1098.6,714.3,152.1,47.8,1920,1080,0.35,1174.6,738.2
Round1,Q2,758,379.0,JAMESON,0.7673,557.8,73.9,110.5,24.3,1920,1080,0.13,613.0,86.1
Round1,Q2,758,379.0,JAMESON,0.7343,688.8,77.6,115.6,24.2,1920,1080,0.135,746.6,89.7
Round1,Q2,758,379.0,JAMESON,0.7313,817.6,80.6,114.1,25.9,1920,1080,0.142,874.6,93.6
Round1,Q2,758,379.0,EMIRATES,0.4357,275.7,764.9,146.2,49.4,1920,1080,0.349,348.8,789.7
Round1,Q2,759,379.5,JAMESON,0.7942,657.1,78.4,154.8,33.1,1920,1080,0.247,734.5,95.0
Round1,Q2,759,379.5,JAMESON,0.7823,1020.6,88.2,153.2,34.1,1920,1080,0.252,1097.2,105.3
Round1,Q2,759,379.5,JAMESON,0.7806,839.9,84.1,157.6,32.9,1920,1080,0.25,918.7,100.5
Round1,Q2,763,381.5,EMIRATES,0.3573,1510.3,516.6,58.2,180.6,1920,1080,0.507,1539.4,606.9
Round1,Q2,764,382.0,EMIRATES,0.7384,1500.7,588.9,67.2,388.6,1920,1080,1.26,1534.3,783.3
Round1,Q2,764,382.0,EMIRATES,0.7372,87.0,247.1,72.7,422.2,1920,1080,1.479,123.4,458.2
Round1,Q2,764,382.0,EMIRATES,0.7248,1499.1,186.6,67.7,384.5,1920,1080,1.255,1532.9,378.9
Round1,Q2,764,382.0,EMIRATES,0.6473,98.2,687.5,57.2,303.2,1920,1080,0.836,126.8,839.1
Round1,Q2,765,382.5,EMIRATES,0.8692,950.9,393.7,73.2,55.9,1920,1080,0.197,987.5,421.7
Round1,Q2,766,383.0,EMIRATES,0.7909,1036.5,491.0,27.6,59.2,1920,1080,0.079,1050.3,520.6
Round1,Q2,767,383.5,EMIRATES,0.8724,1049.4,586.9,57.0,49.3,1920,1080,0.136,1078.0,611.5
Round1,Q2,769,384.5,EMIRATES,0.8498,882.2,535.0,48.4,59.4,1920,1080,0.139,906.4,564.6
Round1,Q2,770,385.0,EMIRATES,0.8801,858.3,484.5,89.9,58.4,1920,1080,0.253,903.2,513.7
Round1,Q2,771,385.5,EMIRATES,0.8986,685.0,586.5,107.7,49.2,1920,1080,0.255,738.9,611.1
Round1,Q2,772,386.0,EMIRATES,0.9077,798.4,522.4,108.9,50.7,1920,1080,0.266,852.9,547.7
Round1,Q2,773,386.5,EMIRATES,0.8304,463.7,102.0,118.8,57.0,1920,1080,0.327,523.1,130.5
Round1,Q2,775,387.5,ACCESS_COVERS,0.41,721.2,156.5,36.1,7.1,1920,1080,0.012,739.2,160.0
Round1,Q2,777,388.5,ACCESS_COVERS,0.638,174.1,142.4,42.1,8.0,1920,1080,0.016,195.1,146.4
Round1,Q2,778,389.0,ACCESS_COVERS,0.7842,65.1,138.0,46.8,9.2,1920,1080,0.021,88.5,142.6
Round1,Q2,792,396.0,EMIRATES,0.886,579.8,647.1,55.6,40.3,1920,1080,0.108,607.6,667.3
Round1,Q2,792,396.0,EMIRATES,0.8381,148.0,671.3,62.9,29.5,1920,1080,0.089,179.4,686.0
Round1,Q2,792,396.0,EMIRATES,0.8362,1001.6,380.1,35.9,27.4,1920,1080,0.047,1019.5,393.7
Round1,Q2,793,396.5,EMIRATES,0.8576,190.9,556.6,63.4,19.7,1920,1080,0.06,222.6,566.5
Round1,Q2,793,396.5,EMIRATES,0.476,683.4,551.7,63.6,21.2,1920,1080,0.065,715.2,562.3
Round1,Q2,794,397.0,EMIRATES,0.8989,593.0,465.4,46.0,15.8,1920,1080,0.035,616.1,473.3
Round1,Q2,795,397.5,EMIRATES,0.8754,581.2,350.1,53.1,18.6,1920,1080,0.048,607.7,359.4
Round1,Q2,795,397.5,EMIRATES,0.7271,1031.5,430.4,46.1,11.5,1920,1080,0.026,1054.6,436.2
Round1,Q2,796,398.0,EMIRATES,0.8234,1125.5,365.1,56.0,16.8,1920,1080,0.045,1153.5,373.6
Round1,Q2,797,398.5,EMIRATES,0.8899,1819.3,354.9,57.7,18.9,1920,1080,0.053,1848.1,364.4
Round1,Q2,797,398.5,EMIRATES,0.7648,750.9,330.0,42.7,18.3,1920,1080,0.038,772.2,339.1
Round1,Q2,798,399.0,EMIRATES,0.858,1390.4,258.1,65.4,27.3,1920,1080,0.086,1423.1,271.8
Round1,Q2,798,399.0,EMIRATES,0.8323,185.8,228.9,72.4,18.1,1920,1080,0.063,222.0,238.0
Round1,Q2,799,399.5,EMIRATES,0.8915,1164.9,287.2,56.7,20.2,1920,1080,0.055,1193.3,297.4
Round1,Q2,800,400.0,EMIRATES,0.8906,1439.8,287.8,53.7,20.6,1920,1080,0.053,1466.7,298.1
Round1,Q2,801,400.5,EMIRATES,0.8654,1732.0,360.9,59.5,19.1,1920,1080,0.055,1761.8,370.5
Round1,Q2,802,401.0,EMIRATES,0.836,612.1,252.1,53.5,21.7,1920,1080,0.056,638.8,263.0
Round1,Q2,802,401.0,EMIRATES,0.7629,1445.1,297.3,60.7,20.9,1920,1080,0.061,1475.4,307.7
Round1,Q2,803,401.5,EMIRATES,0.8679,1490.4,266.5,52.4,24.2,1920,1080,0.061,1516.6,278.6
Round1,Q2,803,401.5,EMIRATES,0.7665,707.8,318.4,32.6,25.0,1920,1080,0.039,724.1,330.9
Round1,Q2,805,402.5,EMIRATES,0.8182,433.4,320.0,45.5,17.4,1920,1080,0.038,456.1,328.7
Round1,Q2,805,402.5,EMIRATES,0.4997,1336.4,291.7,31.0,17.3,1920,1080,0.026,1351.9,300.4
Round1,Q2,806,403.0,EMIRATES,0.8837,256.4,300.8,53.4,20.3,1920,1080,0.052,283.1,311.0
Round1,Q2,830,415.0,EMIRATES,0.8716,1772.6,152.5,67.6,22.1,1920,1080,0.072,1806.4,163.6
Round1,Q2,830,415.0,EMIRATES,0.8172,1205.8,275.2,64.0,21.0,1920,1080,0.065,1237.9,285.7
Round1,Q2,831,415.5,EMIRATES,0.8712,1190.2,258.5,67.0,26.2,1920,1080,0.085,1223.7,271.6
Round1,Q2,832,416.0,EMIRATES,0.8686,1494.2,342.9,59.1,27.9,1920,1080,0.079,1523.7,356.8
Round1,Q2,833,416.5,EMIRATES,0.8621,1758.1,368.8,61.7,21.0,1920,1080,0.063,1789.0,379.3
Round1,Q2,834,417.0,EMIRATES,0.8554,652.5,289.2,55.8,22.8,1920,1080,0.061,680.4,300.6
Round1,Q2,835,417.5,EMIRATES,0.8929,1474.4,284.3,58.5,21.3,1920,1080,0.06,1503.6,294.9
Round1,Q2,835,417.5,EMIRATES,0.8516,689.5,300.4,52.0,19.3,1920,1080,0.048,715.5,310.1
Round1,Q2,838,419.0,EMIRATES,0.7391,1133.3,279.9,35.6,16.0,1920,1080,0.027,1151.1,287.8
Round1,Q2,839,419.5,EMIRATES,0.8867,909.3,414.1,48.2,20.7,1920,1080,0.048,933.4,424.5
Round1,Q2,839,419.5,EMIRATES,0.8104,1332.2,411.4,42.3,19.3,1920,1080,0.039,1353.4,421.0
Round1,Q2,840,420.0,EMIRATES,0.8778,778.0,468.9,52.3,17.8,1920,1080,0.045,804.1,477.7
Round1,Q2,840,420.0,EMIRATES,0.6274,1436.9,512.1,25.9,18.1,1920,1080,0.023,1449.9,521.1
Round1,Q2,841,420.5,EMIRATES,0.8764,902.3,373.3,54.2,16.4,1920,1080,0.043,929.4,381.5
Round1,Q2,841,420.5,EMIRATES,0.7971,1821.4,455.8,36.6,15.7,1920,1080,0.028,1839.7,463.6
Round1,Q2,842,421.0,EMIRATES,0.8667,1888.4,522.6,31.5,16.2,1920,1080,0.025,1904.2,530.7
Round1,Q2,842,421.0,EMIRATES,0.8592,902.0,363.7,50.7,18.3,1920,1080,0.045,927.3,372.9
Round1,Q2,842,421.0,EMIRATES,0.5782,0.1,413.7,11.1,25.8,1920,1080,0.014,5.6,426.6
Round1,Q2,843,421.5,EMIRATES,0.8031,631.6,271.2,62.1,17.2,1920,1080,0.051,662.6,279.8
Round1,Q2,843,421.5,EMIRATES,0.7914,1370.7,509.3,71.9,19.5,1920,1080,0.068,1406.7,519.0
Round1,Q2,844,422.0,EMIRATES,0.887,385.0,259.3,40.9,28.0,1920,1080,0.055,405.5,273.4
Round1,Q2,844,422.0,EMIRATES,0.8417,792.8,521.8,64.3,18.5,1920,1080,0.057,825.0,531.1
Round1,Q2,845,422.5,EMIRATES,0.875,398.7,273.7,58.4,17.2,1920,1080,0.048,427.9,282.3
Round1,Q2,845,422.5,EMIRATES,0.6912,433.6,537.5,52.6,14.0,1920,1080,0.035,459.9,544.5
Round1,Q2,845,422.5,EMIRATES,0.658,1454.9,472.1,33.4,17.7,1920,1080,0.028,1471.6,480.9
Round1,Q2,846,423.0,EMIRATES,0.8448,1063.2,541.3,37.6,16.8,1920,1080,0.031,1082.0,549.7
Round1,Q2,846,423.0,EMIRATES,0.7228,1807.0,726.1,53.0,17.7,1920,1080,0.045,1833.5,734.9
Round1,Q2,846,423.0,EMIRATES,0.5609,403.0,464.7,39.8,18.4,1920,1080,0.035,422.9,473.9
Round1,Q2,847,423.5,EMIRATES,0.8708,928.8,19.0,50.1,19.5,1920,1080,0.047,953.8,28.8
Round1,Q2,848,424.0,EMIRATES,0.8912,867.5,426.4,51.9,20.2,1920,1080,0.05,893.5,436.5
Round1,Q2,848,424.0,EMIRATES,0.8896,490.3,210.3,50.3,20.4,1920,1080,0.049,515.5,220.4
Round1,Q2,848,424.0,EMIRATES,0.8865,1081.1,336.5,57.5,19.5,1920,1080,0.054,1109.9,346.2
Round1,Q2,849,424.5,EMIRATES,0.876,875.6,157.8,54.0,17.7,1920,1080,0.046,902.6,166.6
Round1,Q2,849,424.5,EMIRATES,0.6849,1690.7,273.8,63.3,21.7,1920,1080,0.066,1722.3,284.7
Round1,Q2,849,424.5,EMIRATES,0.3543,1118.5,346.7,21.7,12.6,1920,1080,0.013,1129.3,353.1
Round1,Q2,850,425.0,EMIRATES,0.8778,911.0,117.2,48.3,17.6,1920,1080,0.041,935.1,126.0
Round1,Q2,850,425.0,EMIRATES,0.8118,395.3,388.5,51.2,20.2,1920,1080,0.05,420.9,398.6
Round1,Q2,850,425.0,EMIRATES,0.6842,1900.0,312.4,19.8,17.3,1920,1080,0.017,1909.9,321.1
Round1,Q2,851,425.5,EMIRATES,0.8722,876.7,180.4,54.8,20.0,1920,1080,0.053,904.1,190.4
Round1,Q2,851,425.5,EMIRATES,0.834,1816.1,419.6,50.3,20.1,1920,1080,0.049,1841.3,429.6
Round1,Q2,851,425.5,EMIRATES,0.7809,618.8,407.5,56.6,21.2,1920,1080,0.058,647.1,418.1
Round1,Q2,851,425.5,EMIRATES,0.6775,860.8,344.8,56.8,39.1,1920,1080,0.107,889.2,364.4
Round1,Q2,852,426.0,EMIRATES,0.8658,822.0,237.3,43.8,20.6,1920,1080,0.044,843.9,247.6
Round1,Q2,852,426.0,EMIRATES,0.7046,373.2,447.5,34.9,20.0,1920,1080,0.034,390.7,457.5
Round1,Q2,852,426.0,EMIRATES,0.615,1337.6,478.6,39.4,19.7,1920,1080,0.037,1357.3,488.5
Round1,Q2,853,426.5,EMIRATES,0.8728,935.1,209.4,43.1,16.4,1920,1080,0.034,956.7,217.6
Round1,Q2,854,427.0,EMIRATES,0.8845,771.8,386.8,55.7,38.6,1920,1080,0.104,799.7,406.1
Round1,Q2,854,427.0,EMIRATES,0.6949,976.7,383.1,21.9,21.3,1920,1080,0.023,987.7,393.8
Round1,Q2,860,430.0,EMIRATES,0.8814,810.4,223.3,42.5,23.4,1920,1080,0.048,831.7,234.9
Round1,Q2,861,430.5,EMIRATES,0.793,241.4,470.9,62.5,23.8,1920,1080,0.072,272.7,482.8
Round1,Q2,862,431.0,EMIRATES,0.842,1123.0,659.4,56.0,17.2,1920,1080,0.047,1151.0,668.0
Round1,Q2,862,431.0,EMIRATES,0.7829,11.1,576.7,50.8,16.2,1920,1080,0.04,36.5,584.8
Round1,Q2,863,431.5,EMIRATES,0.8553,88.2,606.5,47.3,12.8,1920,1080,0.029,111.9,612.9
Round1,Q2,863,431.5,EMIRATES,0.8376,918.9,703.7,53.9,16.5,1920,1080,0.043,945.8,711.9
Round1,Q2,864,432.0,EMIRATES,0.8644,69.8,603.6,45.6,17.5,1920,1080,0.039,92.6,612.3
Round1,Q2,864,432.0,EMIRATES,0.7617,1679.6,707.2,57.5,18.5,1920,1080,0.051,1708.3,716.4
Round1,Q2,865,432.5,EMIRATES,0.8735,184.4,716.2,48.2,25.5,1920,1080,0.059,208.6,728.9
Round1,Q2,865,432.5,EMIRATES,0.8664,1855.0,636.8,59.2,16.2,1920,1080,0.046,1884.6,644.9
Round1,Q2,865,432.5,EMIRATES,0.8652,418.5,545.2,49.8,15.9,1920,1080,0.038,443.3,553.2
Round1,Q2,866,433.0,EMIRATES,0.5492,596.0,405.7,50.0,15.3,1920,1080,0.037,621.0,413.4
Round1,Q2,867,433.5,EMIRATES,0.8774,1749.9,448.2,62.7,34.8,1920,1080,0.105,1781.2,465.6
Round1,Q2,867,433.5,EMIRATES,0.8544,697.2,297.7,54.4,15.2,1920,1080,0.04,724.4,305.2
Round1,Q2,868,434.0,EMIRATES,0.8808,1268.1,447.8,66.9,25.5,1920,1080,0.082,1301.6,460.6
Round1,Q2,868,434.0,EMIRATES,0.6371,862.3,277.5,50.3,18.2,1920,1080,0.044,887.5,286.6
Round1,Q2,869,434.5,EMIRATES,0.8818,1462.3,345.1,67.3,19.9,1920,1080,0.065,1496.0,355.0
Round1,Q2,869,434.5,EMIRATES,0.8798,537.6,417.5,63.9,20.8,1920,1080,0.064,569.6,427.9
Round1,Q2,869,434.5,EMIRATES,0.8737,849.6,242.8,41.7,20.8,1920,1080,0.042,870.4,253.2
Round1,Q2,870,435.0,EMIRATES,0.8901,967.3,366.4,61.6,23.4,1920,1080,0.07,998.1,378.1
Round1,Q2,870,435.0,EMIRATES,0.7634,764.8,274.0,23.7,14.4,1920,1080,0.017,776.7,281.2
Round1,Q2,871,435.5,EMIRATES,0.8856,505.3,320.6,63.0,18.5,1920,1080,0.056,536.8,329.9
Round1,Q2,872,436.0,EMIRATES,0.8716,655.8,315.6,59.2,25.0,1920,1080,0.072,685.4,328.2
Round1,Q2,873,436.5,EMIRATES,0.8877,614.6,344.4,48.3,27.4,1920,1080,0.064,638.7,358.1
Round1,Q2,874,437.0,EMIRATES,0.8794,1782.7,412.8,55.2,16.8,1920,1080,0.045,1810.3,421.2
Round1,Q2,875,437.5,EMIRATES,0.4558,1762.0,347.2,49.6,16.6,1920,1080,0.04,1786.8,355.4
Round1,Q2,876,438.0,EMIRATES,0.761,951.6,396.7,45.7,17.0,1920,1080,0.037,974.5,405.2
Round1,Q2,876,438.0,EMIRATES,0.4279,1633.0,277.0,55.2,17.0,1920,1080,0.045,1660.6,285.5
Round1,Q2,877,438.5,EMIRATES,0.8736,1290.1,306.7,38.9,17.5,1920,1080,0.033,1309.6,315.5
Round1,Q2,877,438.5,EMIRATES,0.7526,784.1,362.2,60.9,24.8,1920,1080,0.073,814.5,374.6
Round1,Q2,879,439.5,EMIRATES,0.8864,22.3,381.0,42.7,16.5,1920,1080,0.034,43.7,389.3
Round1,Q2,880,440.0,EMIRATES,0.893,0.0,332.4,39.0,22.0,1920,1080,0.041,19.5,343.4
Round1,Q2,880,440.0,EMIRATES,0.8274,786.9,469.0,53.4,20.7,1920,1080,0.053,813.7,479.4
Round1,Q2,880,440.0,EMIRATES,0.6636,1155.4,308.0,37.8,17.9,1920,1080,0.033,1174.3,316.9
Round1,Q2,881,440.5,EMIRATES,0.8963,816.5,428.3,54.4,20.2,1920,1080,0.053,843.6,438.4
Round1,Q2,881,440.5,EMIRATES,0.853,0.1,308.5,21.6,20.0,1920,1080,0.021,10.9,318.5
Round1,Q2,882,441.0,EMIRATES,0.8895,32.5,304.1,54.5,22.4,1920,1080,0.059,59.7,315.3
Round1,Q2,882,441.0,EMIRATES,0.8565,758.2,438.4,53.2,17.8,1920,1080,0.046,784.8,447.3
Round1,Q2,883,441.5,EMIRATES,0.8843,142.2,292.9,38.9,19.6,1920,1080,0.037,161.7,302.7
Round1,Q2,885,442.5,EMIRATES,0.3449,706.6,306.4,22.0,18.4,1920,1080,0.02,717.6,315.6
Round1,Q2,886,443.0,EMIRATES,0.8677,570.3,344.8,39.1,21.1,1920,1080,0.04,589.9,355.3
Round1,Q2,887,443.5,EMIRATES,0.8701,456.8,388.4,48.9,16.9,1920,1080,0.04,481.2,396.9
Round1,Q2,887,443.5,EMIRATES,0.867,932.6,341.4,43.7,18.2,1920,1080,0.038,954.4,350.5
Round1,Q2,887,443.5,EMIRATES,0.3282,1068.1,321.1,20.0,14.5,1920,1080,0.014,1078.2,328.4
Round1,Q2,888,444.0,EMIRATES,0.879,313.5,406.3,49.4,18.7,1920,1080,0.045,338.3,415.7
Round1,Q2,888,444.0,EMIRATES,0.8681,1106.0,333.4,27.7,17.2,1920,1080,0.023,1119.9,342.0
Round1,Q2,888,444.0,EMIRATES,0.8563,964.7,344.9,34.5,26.1,1920,1080,0.043,982.0,357.9
Round1,Q2,889,444.5,EMIRATES,0.8614,136.3,425.6,55.2,17.6,1920,1080,0.047,163.9,434.4
Round1,Q2,889,444.5,EMIRATES,0.8412,1137.9,345.4,45.3,16.0,1920,1080,0.035,1160.5,353.3
Round1,Q2,889,444.5,EMIRATES,0.8257,1674.9,868.4,61.9,20.8,1920,1080,0.062,1705.9,878.8
Round1,Q2,889,444.5,EMIRATES,0.8248,620.0,387.1,36.6,16.5,1920,1080,0.029,638.3,395.4
Round1,Q2,890,445.0,EMIRATES,0.8596,1041.4,379.1,42.5,16.1,1920,1080,0.033,1062.7,387.2
Round1,Q2,890,445.0,EMIRATES,0.8518,1403.2,856.9,65.7,21.6,1920,1080,0.068,1436.0,867.7
Round1,Q2,890,445.0,EMIRATES,0.8388,559.9,413.1,43.2,17.5,1920,1080,0.036,581.5,421.8
Round1,Q2,891,445.5,EMIRATES,0.8601,1132.2,799.4,64.8,21.2,1920,1080,0.066,1164.6,810.0
Round1,Q2,891,445.5,EMIRATES,0.8533,353.1,431.9,36.3,19.1,1920,1080,0.033,371.3,441.5
Round1,Q2,891,445.5,EMIRATES,0.8386,950.9,414.6,53.8,17.0,1920,1080,0.044,977.8,423.1
Round1,Q2,892,446.0,EMIRATES,0.8483,783.6,437.1,46.3,17.4,1920,1080,0.039,806.7,445.8
Round1,Q2,892,446.0,EMIRATES,0.7934,121.3,449.3,36.4,17.1,1920,1080,0.03,139.5,457.8
Round1,Q2,892,446.0,EMIRATES,0.7226,857.9,772.6,58.2,20.6,1920,1080,0.058,887.0,782.9
Round1,Q2,893,446.5,EMIRATES,0.8706,690.7,434.0,55.1,16.7,1920,1080,0.044,718.2,442.4
Round1,Q2,893,446.5,EMIRATES,0.7897,651.0,727.1,62.9,21.4,1920,1080,0.065,682.4,737.7
Round1,Q2,895,447.5,ACCESS_COVERS,0.623,662.3,470.6,75.5,12.8,1920,1080,0.046,700.0,477.0
Round1,Q2,896,448.0,ACCESS_COVERS,0.4012,626.8,466.0,78.5,13.0,1920,1080,0.049,666.1,472.5
Round1,Q2,898,449.0,ACCESS_COVERS,0.3944,1527.4,274.4,40.2,7.6,1920,1080,0.015,1547.5,278.2
Round1,Q2,904,452.0,EMIRATES,0.8907,1402.6,317.9,43.4,13.3,1920,1080,0.028,1424.3,324.5
Round1,Q2,904,452.0,EMIRATES,0.8732,129.2,297.3,51.1,15.3,1920,1080,0.038,154.7,304.9
Round1,Q2,905,452.5,EMIRATES,0.8855,1160.9,366.4,44.7,14.2,1920,1080,0.031,1183.3,373.5
Round1,Q2,906,453.0,EMIRATES,0.8521,905.4,470.0,44.6,18.1,1920,1080,0.039,927.7,479.1
Round1,Q2,907,453.5,EMIRATES,0.8523,1114.3,516.6,52.9,20.0,1920,1080,0.051,1140.7,526.6
Round1,Q2,907,453.5,EMIRATES,0.7993,770.3,392.1,55.6,16.2,1920,1080,0.044,798.1,400.2
Round1,Q2,907,453.5,EMIRATES,0.7738,881.2,313.3,47.2,29.1,1920,1080,0.066,904.8,327.9
Round1,Q2,908,454.0,EMIRATES,0.7642,1325.0,558.7,45.5,23.6,1920,1080,0.052,1347.8,570.6
Round1,Q2,908,454.0,EMIRATES,0.6675,470.6,394.0,60.9,18.0,1920,1080,0.053,501.1,403.0
Round1,Q2,909,454.5,EMIRATES,0.7967,560.7,503.1,47.5,21.6,1920,1080,0.049,584.4,513.9
Round1,Q2,910,455.0,EMIRATES,0.8761,675.2,525.1,51.6,16.7,1920,1080,0.042,701.0,533.4
Round1,Q2,911,455.5,EMIRATES,0.8922,733.0,514.9,45.4,17.3,1920,1080,0.038,755.7,523.5
Round1,Q2,912,456.0,EMIRATES,0.8836,904.3,484.7,37.6,16.3,1920,1080,0.03,923.1,492.8
Round1,Q2,912,456.0,EMIRATES,0.8705,521.2,274.3,54.8,17.6,1920,1080,0.046,548.7,283.1
Round1,Q2,913,456.5,EMIRATES,0.8675,845.5,495.4,38.3,15.8,1920,1080,0.029,864.6,503.3
Round1,Q2,913,456.5,EMIRATES,0.8284,951.7,262.3,63.1,17.9,1920,1080,0.054,983.3,271.2
Round1,Q2,914,457.0,EMIRATES,0.8928,538.9,476.1,40.4,22.0,1920,1080,0.043,559.1,487.1
Round1,Q2,914,457.0,EMIRATES,0.8577,1144.9,253.5,55.5,21.2,1920,1080,0.057,1172.7,264.1
Round1,Q2,915,457.5,EMIRATES,0.8969,606.2,488.7,49.5,21.9,1920,1080,0.052,630.9,499.6
Round1,Q2,915,457.5,EMIRATES,0.829,1395.1,245.5,56.0,26.4,1920,1080,0.071,1423.1,258.7
Round1,Q2,916,458.0,EMIRATES,0.8791,777.2,492.8,59.0,19.7,1920,1080,0.056,806.7,502.7
Round1,Q2,916,458.0,EMIRATES,0.8637,1442.3,147.1,52.5,25.3,1920,1080,0.064,1468.6,159.8
Round1,Q2,925,462.5,EMIRATES,0.3845,391.2,472.0,236.3,165.7,1920,1080,1.889,509.3,554.9
Round1,Q2,926,463.0,EMIRATES,0.8871,959.5,429.9,95.0,58.5,1920,1080,0.268,1007.0,459.1
Round1,Q2,927,463.5,EMIRATES,0.8898,925.4,438.4,72.3,61.4,1920,1080,0.214,961.6,469.1
Round1,Q2,928,464.0,EMIRATES,0.886,904.3,508.6,117.0,61.2,1920,1080,0.345,962.7,539.2
Round1,Q2,929,464.5,EMIRATES,0.8981,997.5,429.5,135.9,49.6,1920,1080,0.325,1065.5,454.3
Round1,Q2,930,465.0,EMIRATES,0.9023,1014.4,493.1,140.6,52.2,1920,1080,0.354,1084.7,519.2
Round1,Q2,931,465.5,EMIRATES,0.8596,883.1,517.2,145.5,55.3,1920,1080,0.388,955.8,544.9
Round1,Q2,932,466.0,EMIRATES,0.8573,610.1,574.8,85.6,50.0,1920,1080,0.206,652.9,599.8
Round1,Q2,935,467.5,ACCESS_COVERS,0.7718,1592.3,346.3,145.9,33.8,1920,1080,0.238,1665.2,363.2
Round1,Q2,936,468.0,ACCESS_COVERS,0.8128,1268.4,348.2,134.4,31.2,1920,1080,0.203,1335.6,363.9
Round1,Q2,937,468.5,ACCESS_COVERS,0.7959,1012.5,333.7,141.7,31.6,1920,1080,0.216,1083.4,349.5
Round1,Q2,938,469.0,ACCESS_COVERS,0.7672,860.0,313.0,139.9,33.6,1920,1080,0.227,930.0,329.9
Round1,Q2,939,469.5,ACCESS_COVERS,0.8235,732.9,271.6,151.5,37.0,1920,1080,0.271,808.7,290.1
Round1,Q2,940,470.0,ACCESS_COVERS,0.8195,563.6,219.5,159.1,39.5,1920,1080,0.303,643.1,239.3
Round1,Q2,941,470.5,ACCESS_COVERS,0.8207,464.6,185.0,166.8,40.4,1920,1080,0.325,548.0,205.2
Round1,Q2,942,471.0,EMIRATES,0.8651,698.4,492.8,63.1,17.4,1920,1080,0.053,729.9,501.5
Round1,Q2,943,471.5,EMIRATES,0.8539,1388.8,538.9,63.7,15.3,1920,1080,0.047,1420.6,546.5
Round1,Q2,943,471.5,EMIRATES,0.5702,1848.2,124.7,71.6,21.8,1920,1080,0.075,1884.0,135.6
Round1,Q2,943,471.5,EMIRATES,0.515,1243.9,399.9,49.8,16.9,1920,1080,0.041,1268.8,408.3
Round1,Q2,944,472.0,EMIRATES,0.8484,1730.7,589.7,64.4,16.3,1920,1080,0.051,1762.9,597.8
Round1,Q2,944,472.0,EMIRATES,0.8458,751.3,506.5,60.2,21.2,1920,1080,0.062,781.4,517.1
Round1,Q2,945,472.5,EMIRATES,0.8662,1582.5,494.1,64.4,17.5,1920,1080,0.054,1614.7,502.8
Round1,Q2,946,473.0,EMIRATES,0.8882,56.1,99.9,41.1,16.4,1920,1080,0.032,76.7,108.1
Round1,Q2,946,473.0,EMIRATES,0.8453,1442.2,436.0,37.5,30.7,1920,1080,0.055,1460.9,451.3
Round1,Q2,948,474.0,EMIRATES,0.396,1203.7,13.7,60.0,17.4,1920,1080,0.05,1233.6,22.4
Round1,Q2,949,474.5,EMIRATES,0.3449,471.9,413.1,55.0,15.8,1920,1080,0.042,499.4,421.0
Round1,Q2,949,474.5,EMIRATES,0.3294,1770.9,58.9,53.6,24.2,1920,1080,0.063,1797.7,71.0
Round1,Q2,950,475.0,ACCESS_COVERS,0.7067,1747.4,200.8,164.1,34.2,1920,1080,0.27,1829.4,217.9
Round1,Q2,956,478.0,EMIRATES,0.8805,445.9,549.0,55.4,27.3,1920,1080,0.073,473.6,562.7
Round1,Q2,957,478.5,EMIRATES,0.8839,220.5,546.3,54.7,23.3,1920,1080,0.061,247.8,558.0
Round1,Q2,957,478.5,EMIRATES,0.8509,307.1,550.8,52.7,20.6,1920,1080,0.052,333.4,561.1
Round1,Q2,958,479.0,EMIRATES,0.8773,427.2,561.3,59.8,23.3,1920,1080,0.067,457.1,572.9
Round1,Q2,958,479.0,EMIRATES,0.8562,289.9,535.0,54.2,17.0,1920,1080,0.044,317.0,543.5
Round1,Q2,958,479.0,EMIRATES,0.8554,765.6,383.0,39.6,16.8,1920,1080,0.032,785.4,391.4
Round1,Q2,959,479.5,EMIRATES,0.894,353.4,655.4,55.0,16.7,1920,1080,0.044,380.9,663.7
Round1,Q2,959,479.5,EMIRATES,0.8752,191.2,574.2,51.7,15.8,1920,1080,0.039,217.1,582.1
Round1,Q2,959,479.5,EMIRATES,0.862,842.5,474.5,46.4,18.7,1920,1080,0.042,865.8,483.8
Round1,Q2,960,480.0,EMIRATES,0.854,921.3,430.1,50.8,16.8,1920,1080,0.041,946.7,438.5
Round1,Q2,960,480.0,EMIRATES,0.845,0.0,480.7,28.4,17.4,1920,1080,0.024,14.2,489.4
Round1,Q2,960,480.0,EMIRATES,0.8446,283.5,636.8,60.1,19.6,1920,1080,0.057,313.6,646.5
Round1,Q2,961,480.5,EMIRATES,0.8902,275.8,330.3,39.0,16.2,1920,1080,0.03,295.3,338.4
Round1,Q2,961,480.5,EMIRATES,0.8328,888.2,490.4,53.2,18.1,1920,1080,0.046,914.8,499.5
Round1,Q2,961,480.5,EMIRATES,0.8249,180.9,684.3,60.0,22.2,1920,1080,0.064,210.9,695.4
Round1,Q2,963,481.5,EMIRATES,0.8762,1363.7,322.6,45.7,16.2,1920,1080,0.036,1386.5,330.7
Round1,Q2,963,481.5,EMIRATES,0.8574,996.8,240.6,56.8,17.5,1920,1080,0.048,1025.2,249.4
Round1,Q2,964,482.0,EMIRATES,0.8931,846.1,82.0,54.7,19.2,1920,1080,0.051,873.5,91.6
Round1,Q2,964,482.0,EMIRATES,0.8894,1027.6,184.8,50.3,15.0,1920,1080,0.036,1052.7,192.3
Round1,Q2,965,482.5,EMIRATES,0.888,641.4,113.9,53.4,17.2,1920,1080,0.044,668.2,122.5
Round1,Q2,965,482.5,EMIRATES,0.8459,893.4,247.8,40.9,27.9,1920,1080,0.055,913.9,261.8
Round1,Q2,966,483.0,EMIRATES,0.8658,416.7,170.9,53.0,22.5,1920,1080,0.058,443.2,182.2
Round1,Q2,967,483.5,EMIRATES,0.5575,199.2,226.2,54.5,26.2,1920,1080,0.069,226.4,239.3
Round1,Q2,967,483.5,EMIRATES,0.5546,745.6,428.8,65.6,16.4,1920,1080,0.052,778.5,437.0
Round1,Q2,968,484.0,EMIRATES,0.8573,102.3,482.1,64.2,24.2,1920,1080,0.075,134.4,494.2
Round1,Q2,968,484.0,EMIRATES,0.6739,811.8,452.5,57.6,42.2,1920,1080,0.117,840.6,473.6
Round1,Q2,969,484.5,EMIRATES,0.814,741.5,640.6,82.0,22.0,1920,1080,0.087,782.5,651.6
Round1,Q2,969,484.5,EMIRATES,0.7191,425.1,431.4,79.0,17.2,1920,1080,0.066,464.6,440.0
Round1,Q2,970,485.0,EMIRATES,0.8283,1532.8,944.4,75.0,21.0,1920,1080,0.076,1570.3,954.8
Round1,Q2,970,485.0,EMIRATES,0.7998,925.1,605.8,52.9,20.1,1920,1080,0.051,951.5,615.9
Round1,Q2,970,485.0,EMIRATES,0.7429,1768.8,885.9,38.9,27.8,1920,1080,0.052,1788.3,899.8
Round1,Q2,970,485.0,EMIRATES,0.3765,1519.8,1061.1,101.3,18.4,1920,1080,0.09,1570.4,1070.3
Round1,Q2,971,485.5,EMIRATES,0.8699,0.1,948.6,43.0,21.8,1920,1080,0.045,21.6,959.5
Round1,Q2,971,485.5,EMIRATES,0.7866,1177.4,511.0,48.6,20.8,1920,1080,0.049,1201.7,521.4
Round1,Q2,981,490.5,EMIRATES,0.8733,1199.9,729.9,49.1,20.2,1920,1080,0.048,1224.5,740.0
Round1,Q2,982,491.0,EMIRATES,0.7708,738.9,638.0,47.3,25.0,1920,1080,0.057,762.5,650.5
Round1,Q2,982,491.0,EMIRATES,0.6886,1242.4,493.6,48.3,23.3,1920,1080,0.054,1266.5,505.3
Round1,Q2,983,491.5,EMIRATES,0.8441,187.3,401.1,58.3,18.3,1920,1080,0.052,216.4,410.2
Round1,Q2,985,492.5,EMIRATES,0.6461,239.4,314.5,52.8,21.8,1920,1080,0.056,265.8,325.4
Round1,Q2,1028,514.0,EMIRATES,0.8385,1792.4,711.8,127.6,58.1,1920,1080,0.358,1856.2,740.9
Round1,Q2,1029,514.5,EMIRATES,0.8896,1488.8,791.0,148.2,48.0,1920,1080,0.343,1562.9,815.0
Round1,Q2,1030,515.0,EMIRATES,0.8947,1573.9,849.0,150.7,58.3,1920,1080,0.424,1649.3,878.1
Round1,Q2,1031,515.5,EMIRATES,0.875,1778.1,957.4,141.0,32.4,1920,1080,0.221,1848.7,973.6
Round1,Q2,1033,516.5,EMIRATES,0.776,41.3,380.0,68.5,17.3,1920,1080,0.057,75.6,388.7
Round1,Q2,1034,517.0,EMIRATES,0.8661,1336.0,904.1,71.6,23.4,1920,1080,0.081,1371.7,915.8
Round1,Q2,1034,517.0,EMIRATES,0.7985,853.6,590.9,42.2,18.8,1920,1080,0.038,874.7,600.3
Round1,Q2,1034,517.0,EMIRATES,0.4895,1603.7,913.3,33.3,30.7,1920,1080,0.049,1620.3,928.7
Round1,Q2,1035,517.5,EMIRATES,0.863,1098.6,528.6,44.7,16.6,1920,1080,0.036,1121.0,536.9
Round1,Q2,1036,518.0,ACCESS_COVERS,0.4978,1430.5,115.2,71.1,14.1,1920,1080,0.048,1466.0,122.2
Round1,Q2,1037,518.5,ACCESS_COVERS,0.727,1429.4,131.9,66.0,12.6,1920,1080,0.04,1462.4,138.2
Round1,Q2,1038,519.0,ACCESS_COVERS,0.7335,1399.3,135.1,62.5,12.7,1920,1080,0.038,1430.5,141.5
Round1,Q2,1039,519.5,ACCESS_COVERS,0.4621,1364.3,144.3,61.9,11.9,1920,1080,0.035,1395.2,150.2
Round1,Q2,1040,520.0,ACCESS_COVERS,0.6968,1327.8,157.1,59.7,10.9,1920,1080,0.031,1357.7,162.5
Round1,Q2,1041,520.5,ACCESS_COVERS,0.7289,1295.6,161.5,57.0,10.7,1920,1080,0.03,1324.1,166.9
Round1,Q2,1042,521.0,ACCESS_COVERS,0.7155,1265.9,164.3,56.8,10.2,1920,1080,0.028,1294.3,169.5
Round1,Q2,1043,521.5,ACCESS_COVERS,0.6665,1245.0,167.4,54.7,10.7,1920,1080,0.028,1272.3,172.8
Round1,Q2,1044,522.0,ACCESS_COVERS,0.7618,1238.8,159.8,54.4,11.3,1920,1080,0.03,1265.9,165.5
Round1,Q2,1045,522.5,ACCESS_COVERS,0.7506,1237.7,133.4,54.9,10.8,1920,1080,0.029,1265.1,138.8
Round1,Q2,1046,523.0,ACCESS_COVERS,0.7277,1257.4,91.8,54.0,10.7,1920,1080,0.028,1284.4,97.1
Round1,Q2,1047,523.5,ACCESS_COVERS,0.593,1244.4,55.0,55.1,11.1,1920,1080,0.029,1272.0,60.5
Round1,Q2,1048,524.0,ACCESS_COVERS,0.6202,1200.8,38.8,51.1,10.6,1920,1080,0.026,1226.4,44.2
Round1,Q2,1048,524.0,JAMESON,0.3898,1549.0,32.1,38.9,10.0,1920,1080,0.019,1568.5,37.1
Round1,Q2,1049,524.5,ACCESS_COVERS,0.5884,1185.8,48.8,51.7,9.7,1920,1080,0.024,1211.7,53.6
Round1,Q2,1050,525.0,ACCESS_COVERS,0.6998,1191.4,58.7,47.6,9.3,1920,1080,0.021,1215.2,63.4
Round1,Q2,1052,526.0,JAMESON,0.7397,1819.1,108.9,50.5,10.5,1920,1080,0.025,1844.3,114.1
Round1,Q2,1052,526.0,JAMESON,0.716,1766.3,111.7,45.3,10.3,1920,1080,0.023,1788.9,116.8
Round1,Q2,1052,526.0,JAMESON,0.3835,1876.2,105.9,42.3,11.3,1920,1080,0.023,1897.3,111.5
Round1,Q2,1053,526.5,JAMESON,0.5398,1585.6,92.1,37.7,10.1,1920,1080,0.018,1604.5,97.2
Round1,Q2,1053,526.5,JAMESON,0.496,1632.3,90.8,39.7,9.8,1920,1080,0.019,1652.2,95.7
Round1,Q2,1053,526.5,JAMESON,0.3858,1677.7,88.9,39.5,9.9,1920,1080,0.019,1697.5,93.9
Round1,Q2,1054,527.0,ACCESS_COVERS,0.5602,0.0,248.9,58.3,13.4,1920,1080,0.038,29.1,255.7
Round1,Q2,1055,527.5,JAMESON,0.3591,1312.8,87.1,29.6,7.2,1920,1080,0.01,1327.6,90.7
Round1,Q2,1056,528.0,JAMESON,0.4937,1351.1,88.1,27.7,7.4,1920,1080,0.01,1365.0,91.8
Round1,Q2,1057,528.5,EMIRATES,0.5088,1363.8,710.7,66.6,17.9,1920,1080,0.057,1397.1,719.6
Round1,Q2,1060,530.0,EMIRATES,0.3031,1354.5,961.9,21.9,9.4,1920,1080,0.01,1365.5,966.6
Round1,Q2,1061,530.5,EMIRATES,0.6182,770.3,967.7,16.6,11.7,1920,1080,0.009,778.6,973.5
Round1,Q2,1062,531.0,EMIRATES,0.4845,1407.3,890.1,23.9,8.5,1920,1080,0.01,1419.3,894.3
Round1,Q2,1063,531.5,EMIRATES,0.847,1110.8,649.4,37.3,15.9,1920,1080,0.029,1129.4,657.3
Round1,Q2,1063,531.5,EMIRATES,0.7751,96.4,632.3,21.9,17.8,1920,1080,0.019,107.3,641.2
Round1,Q2,1064,532.0,EMIRATES,0.8735,596.1,530.5,34.7,19.2,1920,1080,0.032,613.4,540.1
Round1,Q2,1064,532.0,EMIRATES,0.8678,1172.8,533.6,56.6,12.6,1920,1080,0.034,1201.1,539.9
Round1,Q2,1064,532.0,EMIRATES,0.8583,209.9,387.6,32.5,19.7,1920,1080,0.031,226.2,397.5
Round1,Q2,1065,532.5,EMIRATES,0.9047,1663.0,377.9,69.1,21.7,1920,1080,0.072,1697.6,388.8
Round1,Q2,1070,535.0,EMIRATES,0.5469,192.8,979.0,29.8,8.2,1920,1080,0.012,207.7,983.2
Round1,Q2,1072,536.0,EMIRATES,0.8999,56.1,391.4,42.8,14.6,1920,1080,0.03,77.5,398.7
Round1,Q2,1073,536.5,EMIRATES,0.8717,24.1,428.9,54.1,18.9,1920,1080,0.049,51.2,438.4
Round1,Q2,1076,538.0,EMIRATES,0.889,758.2,280.6,68.9,28.0,1920,1080,0.093,792.7,294.6
Round1,Q2,1076,538.0,EMIRATES,0.8175,451.2,221.9,69.0,37.7,1920,1080,0.125,485.7,240.7
Round1,Q2,1086,543.0,EMIRATES,0.8864,257.1,584.7,147.6,70.8,1920,1080,0.504,330.9,620.1
Round1,Q2,1100,550.0,ACCESS_COVERS,0.7683,1622.9,190.8,84.8,20.7,1920,1080,0.085,1665.3,201.2
Round1,Q2,1101,550.5,ACCESS_COVERS,0.8026,1709.7,141.1,97.2,24.7,1920,1080,0.116,1758.4,153.4
Round1,Q2,1102,551.0,ACCESS_COVERS,0.7991,1767.7,94.6,105.4,26.0,1920,1080,0.132,1820.4,107.7
Round1,Q2,1103,551.5,ACCESS_COVERS,0.783,1860.6,66.7,59.3,28.8,1920,1080,0.082,1890.3,81.1
Round1,Q2,1108,554.0,EMIRATES,0.8568,868.6,605.6,44.1,16.8,1920,1080,0.036,890.7,614.0
Round1,Q2,1108,554.0,EMIRATES,0.8191,1059.9,448.0,37.6,14.3,1920,1080,0.026,1078.7,455.1
Round1,Q2,1109,554.5,EMIRATES,0.8739,1019.3,411.3,38.6,16.2,1920,1080,0.03,1038.6,419.3
Round1,Q2,1109,554.5,EMIRATES,0.8632,830.6,515.5,53.5,17.9,1920,1080,0.046,857.3,524.4
Round1,Q2,1110,555.0,EMIRATES,0.837,811.8,378.1,60.4,22.2,1920,1080,0.065,842.0,389.2
Round1,Q2,1110,555.0,EMIRATES,0.7098,1450.4,419.2,67.6,19.1,1920,1080,0.062,1484.2,428.7
Round1,Q2,1111,555.5,EMIRATES,0.8514,986.6,363.2,52.0,16.4,1920,1080,0.041,1012.6,371.4
Round1,Q2,1112,556.0,EMIRATES,0.8165,1098.7,374.6,28.9,15.8,1920,1080,0.022,1113.2,382.5
Round1,Q2,1113,556.5,EMIRATES,0.8354,900.1,400.5,45.3,21.7,1920,1080,0.047,922.7,411.3
Round1,Q2,1121,560.5,ACCESS_COVERS,0.806,1666.2,245.4,167.0,39.1,1920,1080,0.315,1749.7,265.0
Round1,Q2,1123,561.5,EMIRATES,0.8413,957.1,348.3,46.8,29.3,1920,1080,0.066,980.5,363.0
Round1,Q2,1124,562.0,EMIRATES,0.8612,1123.9,384.8,46.7,20.5,1920,1080,0.046,1147.3,395.0
Round1,Q2,1125,562.5,EMIRATES,0.8765,1203.2,342.5,40.1,14.9,1920,1080,0.029,1223.2,349.9
Round1,Q2,1131,565.5,EMIRATES,0.8726,1311.6,515.4,73.2,27.1,1920,1080,0.096,1348.1,529.0
Round1,Q2,1132,566.0,EMIRATES,0.8615,943.4,457.5,56.1,18.3,1920,1080,0.049,971.4,466.6
Round1,Q2,1132,566.0,EMIRATES,0.8234,708.8,612.4,79.8,23.9,1920,1080,0.092,748.7,624.4
Round1,Q2,1133,566.5,EMIRATES,0.8527,943.9,549.5,62.8,24.1,1920,1080,0.073,975.3,561.5
Round1,Q2,1133,566.5,EMIRATES,0.8331,292.3,791.0,69.7,27.0,1920,1080,0.091,327.1,804.5
Round1,Q2,1134,567.0,ACCESS_COVERS,0.8173,1252.6,279.8,185.7,43.5,1920,1080,0.39,1345.5,301.6
Round1,Q2,1135,567.5,ACCESS_COVERS,0.8152,1499.8,292.9,186.7,46.0,1920,1080,0.414,1593.1,315.9
Round1,Q2,1136,568.0,ACCESS_COVERS,0.7503,1760.9,278.2,159.1,44.0,1920,1080,0.338,1840.4,300.2
Round1,Q2,1161,580.5,ACCESS_COVERS,0.5614,1651.6,122.0,124.4,27.5,1920,1080,0.165,1713.8,135.8
Round1,Q2,1162,581.0,ACCESS_COVERS,0.7825,1540.9,80.7,117.5,28.3,1920,1080,0.16,1599.7,94.8
Round1,Q2,1163,581.5,ACCESS_COVERS,0.7978,1508.3,52.6,108.6,28.5,1920,1080,0.149,1562.6,66.8
Round1,Q2,1164,582.0,ACCESS_COVERS,0.7719,1490.4,50.7,109.0,27.3,1920,1080,0.143,1544.9,64.3
Round1,Q2,1165,582.5,ACCESS_COVERS,0.7854,1448.1,53.1,98.7,26.1,1920,1080,0.124,1497.5,66.1
Round1,Q2,1166,583.0,ACCESS_COVERS,0.7255,1361.5,52.0,96.4,24.9,1920,1080,0.116,1409.7,64.4
Round1,Q2,1167,583.5,ACCESS_COVERS,0.7544,1281.5,46.5,89.5,23.7,1920,1080,0.102,1326.3,58.3
Round1,Q2,1168,584.0,ACCESS_COVERS,0.7067,1260.3,46.8,84.9,22.2,1920,1080,0.091,1302.8,57.9
Round1,Q2,1169,584.5,ACCESS_COVERS,0.7366,1248.0,35.7,81.3,22.0,1920,1080,0.086,1288.6,46.7
Round1,Q2,1170,585.0,ACCESS_COVERS,0.7535,1228.1,22.2,79.5,21.6,1920,1080,0.083,1267.8,33.0
Round1,Q2,1171,585.5,ACCESS_COVERS,0.6375,1172.8,8.8,76.9,19.0,1920,1080,0.071,1211.2,18.3
Round1,Q2,1172,586.0,ACCESS_COVERS,0.576,1054.3,14.4,84.3,19.7,1920,1080,0.08,1096.4,24.3
Round1,Q2,1173,586.5,ACCESS_COVERS,0.573,929.1,34.3,77.1,20.4,1920,1080,0.076,967.6,44.5
Round1,Q2,1175,587.5,ACCESS_COVERS,0.3217,643.7,88.5,70.1,16.5,1920,1080,0.056,678.8,96.8
Round1,Q2,1178,589.0,EMIRATES,0.4901,1705.2,214.3,8.6,57.4,1920,1080,0.024,1709.4,243.0
Round1,Q2,1178,589.0,ACCESS_COVERS,0.462,231.8,120.5,60.7,15.5,1920,1080,0.045,262.2,128.2
Round1,Q2,1179,589.5,ACCESS_COVERS,0.6059,218.1,118.2,60.0,15.1,1920,1080,0.044,248.1,125.7
Round1,Q2,1179,589.5,EMIRATES,0.4116,1824.0,235.2,9.9,54.4,1920,1080,0.026,1829.0,262.4
Round1,Q2,1179,589.5,EMIRATES,0.3806,1724.8,215.7,9.2,55.6,1920,1080,0.025,1729.4,243.5
Round1,Q2,1180,590.0,ACCESS_COVERS,0.6555,194.6,113.5,59.5,15.9,1920,1080,0.046,224.4,121.5
Round1,Q2,1180,590.0,EMIRATES,0.3616,1760.1,214.8,8.6,58.6,1920,1080,0.024,1764.4,244.1
Round1,Q2,1181,590.5,ACCESS_COVERS,0.7075,146.9,112.6,66.5,16.9,1920,1080,0.054,180.2,121.0
Round1,Q2,1181,590.5,EMIRATES,0.4964,1816.8,216.7,10.9,67.3,1920,1080,0.035,1822.2,250.4
Round1,Q2,1182,591.0,ACCESS_COVERS,0.768,60.1,107.6,74.8,19.9,1920,1080,0.072,97.6,117.5
Round1,Q2,1182,591.0,EMIRATES,0.4778,1904.7,225.9,12.7,70.5,1920,1080,0.043,1911.1,261.1
Round1,Q2,1183,591.5,ACCESS_COVERS,0.6009,0.0,87.3,37.4,24.6,1920,1080,0.044,18.7,99.6
Round1,Q2,1186,593.0,EMIRATES,0.8546,936.9,429.3,47.0,28.4,1920,1080,0.064,960.4,443.5
Round1,Q2,1187,593.5,EMIRATES,0.8839,1109.1,365.0,50.9,18.4,1920,1080,0.045,1134.6,374.2
Round1,Q2,1195,597.5,EMIRATES,0.6535,1853.6,277.7,16.2,89.0,1920,1080,0.07,1861.8,322.2
Round1,Q2,1196,598.0,EMIRATES,0.6967,1689.2,270.4,13.0,86.7,1920,1080,0.054,1695.7,313.8
Round1,Q2,1196,598.0,EMIRATES,0.4082,1837.2,287.8,13.7,93.9,1920,1080,0.062,1844.0,334.8
Round1,Q2,1197,598.5,EMIRATES,0.7,1607.1,272.3,12.5,72.8,1920,1080,0.044,1613.4,308.7
Round1,Q2,1197,598.5,EMIRATES,0.4816,1755.6,308.8,11.9,59.8,1920,1080,0.034,1761.5,338.7
Round1,Q2,1197,598.5,EMIRATES,0.3504,1475.7,232.2,9.5,36.6,1920,1080,0.017,1480.4,250.5
Round1,Q2,1198,599.0,EMIRATES,0.7157,1543.1,263.5,12.1,73.3,1920,1080,0.043,1549.2,300.2
Round1,Q2,1198,599.0,EMIRATES,0.5951,1856.7,307.5,12.0,80.5,1920,1080,0.047,1862.7,347.8
Round1,Q2,1198,599.0,EMIRATES,0.5658,1690.9,287.2,12.5,73.7,1920,1080,0.044,1697.1,324.0
Round1,Q2,1199,599.5,EMIRATES,0.6795,1487.2,271.9,12.0,72.8,1920,1080,0.042,1493.2,308.3
Round1,Q2,1199,599.5,EMIRATES,0.4446,1787.7,320.5,11.7,73.7,1920,1080,0.041,1793.5,357.4
Round1,Q2,1199,599.5,EMIRATES,0.4199,1360.2,234.6,9.6,34.0,1920,1080,0.016,1365.0,251.6
Round1,Q2,1199,599.5,EMIRATES,0.4061,1629.7,307.7,11.3,60.6,1920,1080,0.033,1635.3,338.0
Round1,Q2,1200,600.0,EMIRATES,0.6434,1435.0,290.2,11.3,62.5,1920,1080,0.034,1440.6,321.4
Round1,Q2,1200,600.0,EMIRATES,0.5011,1723.1,328.6,11.5,72.2,1920,1080,0.04,1728.8,364.7
Round1,Q2,1200,600.0,EMIRATES,0.4355,1312.8,247.5,9.5,32.3,1920,1080,0.015,1317.6,263.7
Round1,Q2,1200,600.0,EMIRATES,0.3591,1571.2,306.4,11.4,68.6,1920,1080,0.038,1576.9,340.7
Round1,Q2,1201,600.5,EMIRATES,0.6627,1382.4,282.5,12.4,82.0,1920,1080,0.049,1388.6,323.5
Round1,Q2,1201,600.5,EMIRATES,0.5332,1660.0,338.0,10.4,70.1,1920,1080,0.035,1665.2,373.1
Round1,Q2,1201,600.5,EMIRATES,0.4075,1514.1,318.8,11.9,65.5,1920,1080,0.038,1520.1,351.6
Round1,Q2,1201,600.5,EMIRATES,0.3363,1265.2,259.8,9.5,31.7,1920,1080,0.015,1270.0,275.7
Round1,Q2,1202,601.0,EMIRATES,0.4402,1464.0,327.3,11.1,66.0,1920,1080,0.035,1469.6,360.3
Round1,Q2,1202,601.0,EMIRATES,0.4154,1604.2,349.2,10.3,66.6,1920,1080,0.033,1609.4,382.5
Round1,Q2,1202,601.0,EMIRATES,0.4135,1337.9,313.4,10.9,57.8,1920,1080,0.03,1343.4,342.3
Round1,Q2,1203,601.5,EMIRATES,0.5275,1305.7,303.1,10.8,72.3,1920,1080,0.038,1311.1,339.2
Round1,Q2,1203,601.5,EMIRATES,0.392,1565.6,353.2,9.8,64.6,1920,1080,0.031,1570.6,385.5
Round1,Q2,1204,602.0,EMIRATES,0.4812,1281.4,325.7,10.2,53.3,1920,1080,0.026,1286.6,352.3
Round1,Q2,1204,602.0,EMIRATES,0.3631,1533.0,356.2,9.6,63.9,1920,1080,0.03,1537.8,388.1
Round1,Q2,1204,602.0,EMIRATES,0.3102,1401.4,344.9,9.6,54.2,1920,1080,0.025,1406.2,372.0
Round1,Q2,1205,602.5,EMIRATES,0.7507,943.5,463.6,84.8,24.2,1920,1080,0.099,985.9,475.7
Round1,Q2,1206,603.0,EMIRATES,0.7441,234.5,288.7,93.4,24.9,1920,1080,0.112,281.2,301.1
Round1,Q2,1206,603.0,EMIRATES,0.4369,1390.5,382.4,36.8,18.9,1920,1080,0.034,1408.9,391.9
Round1,Q2,1207,603.5,EMIRATES,0.5727,900.7,360.8,27.9,20.7,1920,1080,0.028,914.7,371.2
Round1,Q2,1208,604.0,EMIRATES,0.4881,1399.8,351.9,10.5,66.1,1920,1080,0.034,1405.1,384.9
Round1,Q2,1208,604.0,EMIRATES,0.3753,1142.3,305.1,10.9,72.2,1920,1080,0.038,1147.7,341.2
Round1,Q2,1209,604.5,EMIRATES,0.5968,1104.1,308.3,10.9,67.0,1920,1080,0.035,1109.5,341.8
Round1,Q2,1209,604.5,EMIRATES,0.4336,1231.8,333.3,9.8,61.8,1920,1080,0.029,1236.7,364.2
Round1,Q2,1209,604.5,EMIRATES,0.424,1370.4,347.5,10.6,69.9,1920,1080,0.036,1375.7,382.5
Round1,Q2,1210,605.0,EMIRATES,0.5374,1068.7,301.0,11.0,72.2,1920,1080,0.038,1074.2,337.1
Round1,Q2,1210,605.0,EMIRATES,0.5148,1345.4,344.8,10.8,72.5,1920,1080,0.038,1350.7,381.0
Round1,Q2,1210,605.0,EMIRATES,0.3525,1201.3,338.2,11.1,55.6,1920,1080,0.03,1206.8,366.1
Round1,Q2,1211,605.5,EMIRATES,0.5736,1330.7,338.5,11.1,74.2,1920,1080,0.04,1336.3,375.6
Round1,Q2,1211,605.5,EMIRATES,0.512,1045.9,299.4,11.4,67.7,1920,1080,0.037,1051.6,333.2
Round1,Q2,1211,605.5,EMIRATES,0.3047,1182.0,342.8,11.3,46.2,1920,1080,0.025,1187.6,365.9
Round1,Q2,1212,606.0,EMIRATES,0.6796,1330.6,333.0,10.8,76.0,1920,1080,0.039,1336.0,371.0
Round1,Q2,1212,606.0,EMIRATES,0.5404,1037.8,294.8,10.8,67.7,1920,1080,0.035,1043.1,328.7
Round1,Q2,1212,606.0,EMIRATES,0.3519,1177.7,324.6,11.3,59.7,1920,1080,0.033,1183.3,354.5
Round1,Q2,1213,606.5,EMIRATES,0.5589,1034.7,280.3,11.8,75.3,1920,1080,0.043,1040.6,317.9
Round1,Q2,1213,606.5,EMIRATES,0.4969,1336.6,327.7,10.6,76.1,1920,1080,0.039,1341.9,365.7
Round1,Q2,1213,606.5,EMIRATES,0.4782,1178.9,302.8,11.8,75.5,1920,1080,0.043,1184.7,340.5
Round1,Q2,1213,606.5,EMIRATES,0.3289,902.3,240.7,8.8,35.3,1920,1080,0.015,906.7,258.3
Round1,Q2,1214,607.0,EMIRATES,0.6255,1035.7,275.8,11.8,74.1,1920,1080,0.042,1041.6,312.8
Round1,Q2,1214,607.0,EMIRATES,0.3659,898.8,232.0,10.0,39.6,1920,1080,0.019,903.8,251.8
Round1,Q2,1214,607.0,EMIRATES,0.3613,1183.7,326.0,11.4,47.5,1920,1080,0.026,1189.4,349.7
Round1,Q2,1214,607.0,EMIRATES,0.3315,1344.9,330.8,11.5,68.8,1920,1080,0.038,1350.7,365.2
Round1,Q2,1215,607.5,EMIRATES,0.6147,1035.3,274.6,12.0,74.1,1920,1080,0.043,1041.2,311.7
Round1,Q2,1215,607.5,EMIRATES,0.3462,1184.8,320.6,11.4,51.8,1920,1080,0.028,1190.5,346.5
Round1,Q2,1215,607.5,EMIRATES,0.3152,896.6,230.7,9.7,42.1,1920,1080,0.02,901.5,251.7
Round1,Q2,1216,608.0,EMIRATES,0.6474,1034.7,276.5,12.1,73.2,1920,1080,0.043,1040.8,313.1
Round1,Q2,1216,608.0,EMIRATES,0.3911,897.1,232.0,9.6,39.6,1920,1080,0.018,901.9,251.9
Round1,Q2,1216,608.0,EMIRATES,0.3582,1183.4,300.1,12.3,73.7,1920,1080,0.044,1189.5,336.9
Round1,Q2,1217,608.5,EMIRATES,0.5873,1342.0,352.3,11.0,50.0,1920,1080,0.026,1347.5,377.3
Round1,Q2,1217,608.5,EMIRATES,0.471,1034.6,288.0,11.5,65.3,1920,1080,0.036,1040.3,320.7
Round1,Q2,1218,609.0,EMIRATES,0.519,1335.8,330.4,10.4,77.7,1920,1080,0.039,1341.0,369.2
Round1,Q2,1218,609.0,EMIRATES,0.5019,1034.0,290.9,11.5,69.9,1920,1080,0.039,1039.8,325.9
Round1,Q2,1218,609.0,EMIRATES,0.3609,1177.8,322.5,11.8,60.3,1920,1080,0.034,1183.7,352.7
Round1,Q2,1219,609.5,EMIRATES,0.5723,1330.1,337.6,11.3,78.0,1920,1080,0.043,1335.8,376.6
Round1,Q2,1219,609.5,EMIRATES,0.4707,1034.6,299.3,11.3,68.0,1920,1080,0.037,1040.2,333.3
Round1,Q2,1219,609.5,EMIRATES,0.3376,1176.3,344.5,11.3,45.4,1920,1080,0.025,1182.0,367.1
Round1,Q2,1220,610.0,EMIRATES,0.5359,1035.5,305.2,11.9,72.3,1920,1080,0.041,1041.4,341.3
Round1,Q2,1220,610.0,EMIRATES,0.4319,1327.0,351.9,11.1,72.9,1920,1080,0.039,1332.5,388.3
Round1,Q2,1220,610.0,EMIRATES,0.3852,1174.6,324.4,11.9,75.2,1920,1080,0.043,1180.5,362.0
Round1,Q2,1221,610.5,EMIRATES,0.5152,1321.6,361.5,10.8,73.9,1920,1080,0.038,1327.0,398.5
Round1,Q2,1221,610.5,EMIRATES,0.4645,1035.7,321.5,11.3,67.6,1920,1080,0.037,1041.3,355.3
Round1,Q2,1221,610.5,EMIRATES,0.3101,909.9,280.9,9.5,35.3,1920,1080,0.016,914.6,298.5
Round1,Q2,1222,611.0,EMIRATES,0.4908,1033.1,332.2,11.2,67.9,1920,1080,0.037,1038.7,366.1
Round1,Q2,1222,611.0,EMIRATES,0.4139,1166.9,355.6,11.3,64.4,1920,1080,0.035,1172.6,387.9
Round1,Q2,1222,611.0,EMIRATES,0.3546,1313.5,375.9,10.1,68.7,1920,1080,0.033,1318.6,410.2
Round1,Q2,1223,611.5,EMIRATES,0.432,1157.8,363.4,10.9,62.7,1920,1080,0.033,1163.3,394.7
Round1,Q2,1223,611.5,EMIRATES,0.3651,1025.4,347.5,11.1,59.9,1920,1080,0.032,1030.9,377.5
Round1,Q2,1224,612.0,EMIRATES,0.3132,1289.7,384.0,9.8,70.7,1920,1080,0.033,1294.6,419.3
Round1,Q2,1224,612.0,EMIRATES,0.3047,1148.6,368.1,11.1,64.2,1920,1080,0.034,1154.1,400.2
Round1,Q2,1225,612.5,EMIRATES,0.3492,1283.7,389.2,10.6,71.0,1920,1080,0.036,1289.0,424.7
Round1,Q2,1226,613.0,EMIRATES,0.3009,1277.9,393.2,10.4,68.2,1920,1080,0.034,1283.1,427.3
Round1,Q2,1227,613.5,EMIRATES,0.8687,611.0,319.2,84.1,78.2,1920,1080,0.317,653.0,358.3
Round1,Q2,1228,614.0,EMIRATES,0.8363,896.2,458.4,50.1,57.5,1920,1080,0.139,921.3,487.1
Round1,Q2,1229,614.5,EMIRATES,0.9,955.7,516.1,94.9,45.8,1920,1080,0.21,1003.2,539.0
Round1,Q2,1230,615.0,EMIRATES,0.8989,822.9,531.0,140.4,45.9,1920,1080,0.311,893.1,553.9
Round1,Q2,1231,615.5,EMIRATES,0.8102,1755.4,395.2,43.0,16.6,1920,1080,0.034,1776.9,403.4
Round1,Q2,1231,615.5,EMIRATES,0.775,141.1,408.8,38.3,12.5,1920,1080,0.023,160.2,415.1
Round1,Q2,1232,616.0,EMIRATES,0.7514,20.9,415.7,25.3,11.0,1920,1080,0.013,33.6,421.2
Round1,Q2,1233,616.5,EMIRATES,0.7185,1615.4,405.3,32.5,14.8,1920,1080,0.023,1631.7,412.7
Round1,Q2,1234,617.0,EMIRATES,0.8505,1447.4,397.7,43.0,16.1,1920,1080,0.033,1468.9,405.7
Round1,Q2,1235,617.5,EMIRATES,0.8361,1310.7,375.2,56.1,18.5,1920,1080,0.05,1338.8,384.4
Round1,Q2,1236,618.0,EMIRATES,0.8603,1130.7,363.6,55.3,17.6,1920,1080,0.047,1158.3,372.4
Round1,Q2,1237,618.5,EMIRATES,0.8966,1076.1,355.1,54.7,19.5,1920,1080,0.051,1103.5,364.8
Round1,Q2,1238,619.0,EMIRATES,0.8918,848.2,482.0,85.2,47.8,1920,1080,0.196,890.7,505.9
Round1,Q2,1239,619.5,EMIRATES,0.8786,764.0,550.6,60.5,38.2,1920,1080,0.112,794.2,569.8
Round1,Q2,1240,620.0,EMIRATES,0.7155,616.5,310.6,65.1,46.2,1920,1080,0.145,649.0,333.7
Round1,Q2,1240,620.0,EMIRATES,0.6856,703.1,501.4,62.9,35.3,1920,1080,0.107,734.6,519.1
Round1,Q2,1241,620.5,EMIRATES,0.7746,633.1,301.2,62.3,44.3,1920,1080,0.133,664.3,323.3
Round1,Q2,1242,621.0,EMIRATES,0.781,674.6,268.1,65.7,40.7,1920,1080,0.129,707.4,288.5
Round1,Q2,1243,621.5,EMIRATES,0.8277,182.9,0.5,76.5,306.1,1920,1080,1.13,221.2,153.6
Round1,Q2,1243,621.5,EMIRATES,0.6407,1477.7,2.1,54.2,70.7,1920,1080,0.185,1504.8,37.5
Round1,Q2,1244,622.0,EMIRATES,0.8921,747.2,262.8,52.6,17.2,1920,1080,0.044,773.5,271.4
Round1,Q2,1244,622.0,EMIRATES,0.8919,1074.2,346.0,46.3,16.6,1920,1080,0.037,1097.4,354.3
Round1,Q2,1244,622.0,EMIRATES,0.8795,717.7,552.5,42.2,31.3,1920,1080,0.064,738.8,568.1
Round1,Q2,1244,622.0,EMIRATES,0.8083,136.7,0.9,69.9,312.5,1920,1080,1.054,171.7,157.2
Round1,Q2,1244,622.0,EMIRATES,0.6922,1247.5,333.1,56.9,22.9,1920,1080,0.063,1276.0,344.6
Round1,Q2,1244,622.0,EMIRATES,0.6865,1411.6,1.8,52.4,86.7,1920,1080,0.219,1437.8,45.2
Round1,Q2,1244,622.0,EMIRATES,0.6722,1408.1,352.4,59.7,180.3,1920,1080,0.52,1438.0,442.6
Round1,Q2,1245,622.5,EMIRATES,0.8932,883.1,542.1,47.2,22.1,1920,1080,0.05,906.7,553.1
Round1,Q2,1245,622.5,EMIRATES,0.8898,681.4,239.3,42.2,18.8,1920,1080,0.038,702.5,248.6
Round1,Q2,1245,622.5,EMIRATES,0.8723,984.2,338.3,44.0,18.4,1920,1080,0.039,1006.1,347.4
Round1,Q2,1245,622.5,EMIRATES,0.7733,1367.4,151.3,62.2,394.0,1920,1080,1.183,1398.5,348.3
Round1,Q2,1245,622.5,EMIRATES,0.7668,117.9,1.1,70.3,311.5,1920,1080,1.056,153.1,156.8
Round1,Q2,1245,622.5,EMIRATES,0.7092,1374.7,2.1,51.5,96.0,1920,1080,0.239,1400.4,50.1
Round1,Q2,1245,622.5,EMIRATES,0.3488,1901.1,458.2,18.6,48.7,1920,1080,0.044,1910.4,482.6
Round1,Q2,1246,623.0,EMIRATES,0.8932,671.9,235.0,44.3,18.2,1920,1080,0.039,694.1,244.1
Round1,Q2,1246,623.0,EMIRATES,0.8746,1063.5,516.2,61.3,22.6,1920,1080,0.067,1094.2,527.5
Round1,Q2,1246,623.0,EMIRATES,0.8686,928.6,323.4,38.8,20.8,1920,1080,0.039,948.0,333.8
Round1,Q2,1246,623.0,EMIRATES,0.8155,132.7,0.7,70.5,325.6,1920,1080,1.108,168.0,163.5
Round1,Q2,1246,623.0,EMIRATES,0.7799,1370.0,151.9,63.4,392.6,1920,1080,1.2,1401.7,348.2
Round1,Q2,1246,623.0,EMIRATES,0.7578,1378.0,2.0,50.9,99.2,1920,1080,0.244,1403.5,51.6
Round1,Q2,1247,623.5,EMIRATES,0.8981,1051.3,498.6,61.7,20.1,1920,1080,0.06,1082.2,508.7
Round1,Q2,1247,623.5,EMIRATES,0.8725,645.5,336.4,31.5,15.8,1920,1080,0.024,661.3,344.3
Round1,Q2,1247,623.5,EMIRATES,0.8237,158.0,0.1,70.2,327.1,1920,1080,1.108,193.1,163.7
Round1,Q2,1247,623.5,EMIRATES,0.8155,937.8,313.9,24.4,19.3,1920,1080,0.023,950.0,323.6
Round1,Q2,1247,623.5,EMIRATES,0.7431,1395.3,4.0,52.0,99.6,1920,1080,0.25,1421.3,53.8
Round1,Q2,1247,623.5,EMIRATES,0.6505,1391.6,158.2,58.9,379.5,1920,1080,1.078,1421.1,348.0
Round1,Q2,1247,623.5,EMIRATES,0.4208,609.8,187.8,22.8,26.8,1920,1080,0.03,621.2,201.2
Round1,Q2,1248,624.0,EMIRATES,0.8825,607.0,365.8,50.5,23.1,1920,1080,0.056,632.3,377.3
Round1,Q2,1248,624.0,EMIRATES,0.8814,992.2,479.7,46.8,18.4,1920,1080,0.042,1015.6,488.9
Round1,Q2,1248,624.0,EMIRATES,0.8269,182.1,0.5,70.0,333.5,1920,1080,1.127,217.2,167.3
Round1,Q2,1248,624.0,EMIRATES,0.7446,1410.9,4.2,52.4,109.6,1920,1080,0.277,1437.1,59.0
Round1,Q2,1248,624.0,EMIRATES,0.6,1395.1,157.7,72.1,401.9,1920,1080,1.398,1431.2,358.7
Round1,Q2,1249,624.5,EMIRATES,0.8627,908.9,471.5,55.0,21.8,1920,1080,0.058,936.3,482.4
Round1,Q2,1249,624.5,EMIRATES,0.8231,232.2,0.2,71.1,334.2,1920,1080,1.146,267.7,167.3
Round1,Q2,1249,624.5,EMIRATES,0.8182,37.6,292.1,40.7,19.6,1920,1080,0.039,58.0,302.0
Round1,Q2,1249,624.5,EMIRATES,0.8044,1453.5,164.3,66.7,388.0,1920,1080,1.248,1486.9,358.3
Round1,Q2,1249,624.5,EMIRATES,0.7878,992.1,316.0,38.7,19.3,1920,1080,0.036,1011.5,325.6
Round1,Q2,1249,624.5,EMIRATES,0.7557,1459.7,2.8,55.3,113.8,1920,1080,0.303,1487.3,59.7
Round1,Q2,1250,625.0,EMIRATES,0.9001,137.0,284.0,46.3,15.1,1920,1080,0.034,160.2,291.5
Round1,Q2,1250,625.0,EMIRATES,0.8947,996.1,461.9,49.7,19.9,1920,1080,0.048,1021.0,471.8
Round1,Q2,1250,625.0,EMIRATES,0.8547,984.0,296.1,44.7,18.3,1920,1080,0.039,1006.4,305.3
Round1,Q2,1250,625.0,EMIRATES,0.793,262.2,0.0,67.9,328.6,1920,1080,1.077,296.1,164.3
Round1,Q2,1250,625.0,EMIRATES,0.6845,1489.4,1.9,53.0,112.6,1920,1080,0.288,1515.9,58.2
Round1,Q2,1250,625.0,EMIRATES,0.433,1490.7,371.1,51.6,175.2,1920,1080,0.436,1516.5,458.7
Round1,Q2,1250,625.0,EMIRATES,0.4081,1482.8,174.6,64.3,148.6,1920,1080,0.461,1515.0,248.9
Round1,Q2,1251,625.5,EMIRATES,0.8746,74.1,285.4,35.1,17.8,1920,1080,0.03,91.6,294.2
Round1,Q2,1251,625.5,EMIRATES,0.8677,1011.6,457.4,59.9,18.9,1920,1080,0.055,1041.6,466.8
Round1,Q2,1251,625.5,EMIRATES,0.8392,901.9,397.9,41.0,23.7,1920,1080,0.047,922.4,409.8
Round1,Q2,1251,625.5,EMIRATES,0.8115,223.2,0.4,70.1,331.7,1920,1080,1.121,258.3,166.2
Round1,Q2,1251,625.5,EMIRATES,0.7573,1441.7,160.0,65.0,389.9,1920,1080,1.223,1474.2,355.0
Round1,Q2,1251,625.5,EMIRATES,0.7009,1449.6,5.8,54.6,108.6,1920,1080,0.286,1476.9,60.1
Round1,Q2,1252,626.0,EMIRATES,0.881,874.8,417.9,48.9,19.2,1920,1080,0.045,899.2,427.5
Round1,Q2,1252,626.0,EMIRATES,0.8733,736.0,399.7,55.7,21.8,1920,1080,0.058,763.8,410.6
Round1,Q2,1252,626.0,EMIRATES,0.837,1499.9,332.6,45.0,20.0,1920,1080,0.043,1522.4,342.6
Round1,Q2,1252,626.0,EMIRATES,0.7938,69.2,4.4,74.1,331.1,1920,1080,1.182,106.2,169.9
Round1,Q2,1252,626.0,EMIRATES,0.7912,1264.7,171.8,69.1,377.6,1920,1080,1.258,1299.3,360.6
Round1,Q2,1252,626.0,EMIRATES,0.7498,1267.9,3.6,66.0,120.4,1920,1080,0.384,1300.9,63.8
Round1,Q2,1253,626.5,EMIRATES,0.8585,501.8,288.2,52.4,17.9,1920,1080,0.045,528.0,297.2
Round1,Q2,1253,626.5,EMIRATES,0.808,1029.2,5.2,60.3,129.3,1920,1080,0.376,1059.4,69.8
Round1,Q2,1253,626.5,EMIRATES,0.8005,1024.2,178.4,68.1,370.1,1920,1080,1.215,1058.2,363.5
Round1,Q2,1253,626.5,EMIRATES,0.7951,1470.4,448.8,48.2,21.7,1920,1080,0.05,1494.4,459.6
Round1,Q2,1256,628.0,EMIRATES,0.837,778.0,729.2,72.8,51.3,1920,1080,0.18,814.4,754.9
Round1,Q2,1258,629.0,ACCESS_COVERS,0.8301,1153.6,3.8,77.9,18.6,1920,1080,0.07,1192.6,13.1
Round1,Q2,1259,629.5,ACCESS_COVERS,0.8177,1166.9,47.2,82.7,18.6,1920,1080,0.074,1208.3,56.5
Round1,Q2,1260,630.0,ACCESS_COVERS,0.8083,1207.7,60.7,90.1,20.3,1920,1080,0.088,1252.8,70.9
Round1,Q2,1261,630.5,ACCESS_COVERS,0.8392,1266.8,41.1,99.2,23.2,1920,1080,0.111,1316.4,52.8
Round1,Q2,1261,630.5,EMIRATES,0.4538,1314.1,668.8,12.7,56.1,1920,1080,0.034,1320.4,696.9
Round1,Q2,1262,631.0,EMIRATES,0.7173,1411.1,688.7,14.1,61.7,1920,1080,0.042,1418.1,719.5
Round1,Q2,1262,631.0,EMIRATES,0.6935,1207.6,661.6,14.0,59.5,1920,1080,0.04,1214.6,691.3
Round1,Q2,1262,631.0,EMIRATES,0.6875,1411.3,755.2,14.7,62.6,1920,1080,0.044,1418.6,786.5
Round1,Q2,1262,631.0,EMIRATES,0.6499,1024.0,694.8,13.4,58.4,1920,1080,0.038,1030.7,724.0
Round1,Q2,1262,631.0,EMIRATES,0.4099,1208.5,724.4,14.5,59.3,1920,1080,0.042,1215.8,754.1
Round1,Q2,1263,631.5,EMIRATES,0.8856,255.7,715.1,54.7,19.2,1920,1080,0.051,283.1,724.7
Round1,Q2,1263,631.5,EMIRATES,0.7535,936.1,0.0,61.8,198.0,1920,1080,0.59,967.1,99.0
Round1,Q2,1264,632.0,EMIRATES,0.8996,335.0,739.9,54.7,18.6,1920,1080,0.049,362.3,749.2
Round1,Q2,1264,632.0,EMIRATES,0.7674,885.6,4.6,65.7,238.9,1920,1080,0.757,918.5,124.0
Round1,Q2,1264,632.0,EMIRATES,0.3076,1306.1,460.9,41.9,17.1,1920,1080,0.034,1327.1,469.4
Round1,Q2,1265,632.5,EMIRATES,0.8972,334.4,778.0,44.5,17.4,1920,1080,0.037,356.6,786.7
Round1,Q2,1265,632.5,EMIRATES,0.7803,644.1,3.9,76.6,265.8,1920,1080,0.982,682.4,136.8
Round1,Q2,1265,632.5,EMIRATES,0.7545,1838.5,503.9,75.6,384.6,1920,1080,1.403,1876.3,696.2
Round1,Q2,1265,632.5,EMIRATES,0.7399,1845.8,84.1,73.7,382.7,1920,1080,1.361,1882.7,275.5
Round1,Q2,1266,633.0,EMIRATES,0.7331,1166.2,5.8,74.3,372.0,1920,1080,1.332,1203.4,191.7
Round1,Q2,1266,633.0,EMIRATES,0.6855,0.0,2.5,58.7,172.4,1920,1080,0.488,29.3,88.7
Round1,Q2,1266,633.0,EMIRATES,0.6601,0.0,217.3,63.4,314.7,1920,1080,0.962,31.7,374.7
Round1,Q2,1266,633.0,EMIRATES,0.3637,1162.3,574.5,68.1,206.7,1920,1080,0.679,1196.4,677.9
Round1,Q2,1267,633.5,EMIRATES,0.8604,93.1,270.1,50.3,20.4,1920,1080,0.049,118.3,280.3
Round1,Q2,1267,633.5,EMIRATES,0.7891,991.6,2.5,56.9,307.2,1920,1080,0.842,1020.0,156.1
Round1,Q2,1267,633.5,EMIRATES,0.7667,990.8,353.1,60.3,373.7,1920,1080,1.087,1021.0,539.9
Round1,Q2,1268,634.0,EMIRATES,0.8342,66.0,314.8,38.9,20.1,1920,1080,0.038,85.4,324.9
Round1,Q2,1268,634.0,EMIRATES,0.7744,1146.1,0.0,72.6,334.7,1920,1080,1.172,1182.4,167.4
Round1,Q2,1268,634.0,EMIRATES,0.7512,1147.4,373.8,76.3,387.6,1920,1080,1.426,1185.6,567.6
Round1,Q2,1269,634.5,EMIRATES,0.77,238.3,5.9,77.4,113.0,1920,1080,0.422,277.0,62.4
Round1,Q2,1269,634.5,EMIRATES,0.767,0.0,499.2,20.8,25.0,1920,1080,0.025,10.4,511.7
Round1,Q2,1269,634.5,EMIRATES,0.7501,1567.5,1.9,85.0,336.3,1920,1080,1.378,1609.9,170.0
Round1,Q2,1269,634.5,EMIRATES,0.7446,1571.8,387.5,89.8,426.8,1920,1080,1.848,1616.6,600.9
Round1,Q2,1269,634.5,EMIRATES,0.6977,259.1,161.0,73.7,411.2,1920,1080,1.461,296.0,366.6
Round1,Q2,1270,635.0,EMIRATES,0.8897,658.3,405.5,161.6,63.0,1920,1080,0.491,739.1,437.0
Round1,Q2,1271,635.5,EMIRATES,0.8794,681.5,409.8,179.1,82.7,1920,1080,0.714,771.1,451.1
Round1,Q2,1272,636.0,EMIRATES,0.8986,651.9,427.3,191.2,59.5,1920,1080,0.549,747.5,457.1
Round1,Q2,1273,636.5,EMIRATES,0.8806,704.8,458.8,193.1,77.8,1920,1080,0.725,801.4,497.7
Round1,Q2,1274,637.0,EMIRATES,0.8863,756.8,444.6,201.3,61.0,1920,1080,0.592,857.4,475.1
Round1,Q2,1275,637.5,EMIRATES,0.8508,800.3,86.2,100.0,51.2,1920,1080,0.247,850.3,111.9
Round1,Q2,1276,638.0,EMIRATES,0.7672,1155.0,72.4,108.4,39.9,1920,1080,0.209,1209.2,92.4
Round1,Q2,1280,640.0,ACCESS_COVERS,0.7787,510.7,59.7,40.7,8.2,1920,1080,0.016,531.0,63.8
Round1,Q2,1280,640.0,CYBERCX,0.4683,469.0,59.0,35.7,8.2,1920,1080,0.014,486.9,63.1
Round1,Q2,1281,640.5,ACCESS_COVERS,0.785,508.6,60.2,40.0,8.4,1920,1080,0.016,528.6,64.4
Round1,Q2,1281,640.5,CYBERCX,0.6442,466.7,59.3,35.8,8.3,1920,1080,0.014,484.6,63.4
Round1,Q2,1282,641.0,ACCESS_COVERS,0.7918,488.8,62.5,39.6,8.2,1920,1080,0.016,508.6,66.6
Round1,Q2,1282,641.0,CYBERCX,0.6188,445.8,62.1,36.8,8.1,1920,1080,0.014,464.2,66.2
Round1,Q2,1283,641.5,ACCESS_COVERS,0.694,432.3,66.0,42.4,9.2,1920,1080,0.019,453.5,70.6
Round1,Q2,1283,641.5,CYBERCX,0.4022,388.3,65.7,38.1,8.4,1920,1080,0.016,407.4,69.9
Round1,Q2,1284,642.0,ACCESS_COVERS,0.6426,342.7,72.6,42.0,8.8,1920,1080,0.018,363.7,77.0
Round1,Q2,1284,642.0,CYBERCX,0.4663,294.5,71.1,41.9,8.9,1920,1080,0.018,315.5,75.6
Round1,Q2,1285,642.5,ACCESS_COVERS,0.7043,248.2,76.1,46.5,9.0,1920,1080,0.02,271.4,80.6
Round1,Q2,1286,643.0,ACCESS_COVERS,0.7718,137.0,81.9,50.0,9.3,1920,1080,0.022,162.0,86.6
Round1,Q2,1286,643.0,CYBERCX,0.4842,85.0,79.1,45.2,10.9,1920,1080,0.024,107.6,84.6
Round1,Q2,1293,646.5,EMIRATES,0.8264,1359.6,826.8,66.1,21.6,1920,1080,0.069,1392.6,837.5
Round1,Q2,1293,646.5,EMIRATES,0.725,885.0,509.8,30.5,29.8,1920,1080,0.044,900.3,524.7
Round1,Q2,1294,647.0,EMIRATES,0.8613,940.4,479.6,28.1,22.6,1920,1080,0.031,954.5,490.9
Round1,Q2,1294,647.0,EMIRATES,0.8342,485.6,497.5,69.3,19.5,1920,1080,0.065,520.2,507.2
Round1,Q2,1295,647.5,EMIRATES,0.8645,1177.2,485.5,56.0,18.2,1920,1080,0.049,1205.2,494.5
Round1,Q2,1295,647.5,EMIRATES,0.8381,78.9,533.4,63.0,19.1,1920,1080,0.058,110.4,543.0
Round1,Q2,1296,648.0,EMIRATES,0.852,1657.1,382.2,77.8,19.0,1920,1080,0.071,1696.0,391.6
Round1,Q2,1297,648.5,EMIRATES,0.8657,1.5,412.1,69.4,19.0,1920,1080,0.064,36.2,421.6
Round1,Q2,1298,649.0,EMIRATES,0.8814,988.3,341.1,65.7,25.2,1920,1080,0.08,1021.1,353.7
Round1,Q2,1299,649.5,EMIRATES,0.8659,927.4,194.5,44.3,23.3,1920,1080,0.05,949.6,206.2
Round1,Q2,1299,649.5,EMIRATES,0.7804,1287.8,388.2,51.1,20.7,1920,1080,0.051,1313.3,398.6
Round1,Q2,1300,650.0,EMIRATES,0.6947,765.7,136.8,44.0,17.1,1920,1080,0.036,787.7,145.4
Round1,Q2,1300,650.0,EMIRATES,0.6745,1219.3,425.8,59.1,19.3,1920,1080,0.055,1248.8,435.5
Round1,Q2,1301,650.5,EMIRATES,0.8383,367.1,176.3,60.1,21.0,1920,1080,0.061,397.2,186.8
Round1,Q2,1302,651.0,ACCESS_COVERS,0.8096,862.0,199.5,215.0,52.4,1920,1080,0.543,969.6,225.7
Round1,Q2,1303,651.5,ACCESS_COVERS,0.8175,748.0,209.7,199.5,48.7,1920,1080,0.468,847.7,234.1
Round1,Q2,1304,652.0,ACCESS_COVERS,0.8049,648.3,211.3,190.2,47.0,1920,1080,0.431,743.4,234.8
Round1,Q2,1305,652.5,ACCESS_COVERS,0.7995,579.0,211.1,184.6,45.2,1920,1080,0.402,671.3,233.7
Round1,Q2,1306,653.0,ACCESS_COVERS,0.7854,587.7,216.1,173.8,44.1,1920,1080,0.37,674.7,238.2
Round1,Q2,1307,653.5,EMIRATES,0.8338,490.8,509.5,75.2,18.6,1920,1080,0.067,528.4,518.8
Round1,Q2,1308,654.0,EMIRATES,0.8632,43.4,469.2,66.2,22.6,1920,1080,0.072,76.5,480.5
Round1,Q2,1308,654.0,EMIRATES,0.8556,332.5,566.5,53.0,16.7,1920,1080,0.043,359.0,574.8
Round1,Q2,1310,655.0,ACCESS_COVERS,0.8015,640.7,269.6,151.3,37.1,1920,1080,0.271,716.4,288.2
Round1,Q2,1311,655.5,ACCESS_COVERS,0.8222,591.2,276.8,146.2,35.8,1920,1080,0.253,664.3,294.7
Round1,Q2,1312,656.0,ACCESS_COVERS,0.7667,513.2,282.6,139.1,35.3,1920,1080,0.237,582.7,300.3
Round1,Q2,1313,656.5,ACCESS_COVERS,0.7637,384.3,285.3,141.2,33.4,1920,1080,0.227,454.9,302.0
Round1,Q2,1314,657.0,ACCESS_COVERS,0.77,190.0,281.0,144.0,32.9,1920,1080,0.229,262.0,297.5
Round1,Q2,1315,657.5,ACCESS_COVERS,0.7441,0.0,273.7,138.5,31.9,1920,1080,0.213,69.3,289.7
Round1,Q2,1322,661.0,EMIRATES,0.6805,1494.0,599.4,16.3,53.7,1920,1080,0.042,1502.2,626.3
Round1,Q2,1322,661.0,EMIRATES,0.5346,1686.5,629.4,15.6,56.5,1920,1080,0.043,1694.3,657.7
Round1,Q2,1322,661.0,EMIRATES,0.4224,1493.6,538.7,17.0,58.4,1920,1080,0.048,1502.1,568.0
Round1,Q2,1323,661.5,EMIRATES,0.7761,1343.0,608.7,16.3,66.7,1920,1080,0.053,1351.2,642.1
Round1,Q2,1323,661.5,EMIRATES,0.7298,1341.4,534.1,17.7,68.1,1920,1080,0.058,1350.2,568.2
Round1,Q2,1323,661.5,EMIRATES,0.7068,1581.7,643.6,15.6,71.6,1920,1080,0.054,1589.5,679.4
Round1,Q2,1323,661.5,EMIRATES,0.5612,1580.5,566.1,15.2,72.5,1920,1080,0.053,1588.1,602.3
Round1,Q2,1323,661.5,EMIRATES,0.4618,1125.6,503.6,17.2,68.3,1920,1080,0.057,1134.2,537.8
Round1,Q2,1323,661.5,EMIRATES,0.4319,928.0,533.2,17.0,70.7,1920,1080,0.058,936.4,568.6
Round1,Q2,1323,661.5,EMIRATES,0.3154,927.5,473.7,17.3,52.9,1920,1080,0.044,936.1,500.2
Round1,Q2,1324,662.0,EMIRATES,0.789,909.5,579.8,20.0,87.3,1920,1080,0.084,919.5,623.5
Round1,Q2,1324,662.0,EMIRATES,0.7827,1191.8,526.8,20.1,86.2,1920,1080,0.083,1201.9,569.8
Round1,Q2,1324,662.0,EMIRATES,0.7774,1192.3,622.7,21.3,89.5,1920,1080,0.092,1203.0,667.4
Round1,Q2,1324,662.0,EMIRATES,0.7711,909.6,486.5,19.2,87.4,1920,1080,0.081,919.2,530.2
Round1,Q2,1324,662.0,EMIRATES,0.7554,1503.8,669.7,19.9,92.3,1920,1080,0.089,1513.8,715.8
Round1,Q2,1324,662.0,EMIRATES,0.7427,1503.4,569.1,18.5,91.2,1920,1080,0.081,1512.7,614.7
Round1,Q2,1324,662.0,EMIRATES,0.7389,646.0,447.6,19.6,78.6,1920,1080,0.074,655.8,486.9
Round1,Q2,1324,662.0,EMIRATES,0.7177,646.7,533.8,20.8,89.4,1920,1080,0.09,657.1,578.6
Round1,Q2,1325,662.5,EMIRATES,0.8068,726.9,475.2,23.0,102.7,1920,1080,0.114,738.4,526.6
Round1,Q2,1325,662.5,EMIRATES,0.7966,728.0,587.5,24.2,102.6,1920,1080,0.12,740.1,638.8
Round1,Q2,1325,662.5,EMIRATES,0.776,410.5,535.8,22.4,100.8,1920,1080,0.109,421.7,586.2
Round1,Q2,1325,662.5,EMIRATES,0.7685,1066.5,521.5,22.1,99.7,1920,1080,0.106,1077.5,571.3
Round1,Q2,1325,662.5,EMIRATES,0.7655,408.2,427.5,22.9,100.2,1920,1080,0.111,419.6,477.6
Round1,Q2,1325,662.5,EMIRATES,0.759,1066.0,634.8,25.0,109.3,1920,1080,0.132,1078.4,689.5
Round1,Q2,1325,662.5,EMIRATES,0.7567,1437.7,570.0,21.4,109.0,1920,1080,0.112,1448.4,624.5
Round1,Q2,1325,662.5,EMIRATES,0.7464,1437.4,691.4,24.1,108.4,1920,1080,0.126,1449.4,745.6
Round1,Q2,1326,663.0,EMIRATES,0.8373,1640.4,738.6,207.3,77.3,1920,1080,0.772,1744.1,777.2
Round1,Q2,1327,663.5,EMIRATES,0.8643,892.5,448.7,130.1,65.2,1920,1080,0.409,957.6,481.3
Round1,Q2,1327,663.5,EMIRATES,0.7063,1369.9,0.0,147.7,19.7,1920,1080,0.14,1443.8,9.9
Round1,Q2,1328,664.0,EMIRATES,0.824,1473.2,697.0,181.5,52.6,1920,1080,0.461,1564.0,723.3
Round1,Q2,1328,664.0,EMIRATES,0.7969,1083.0,260.8,129.8,52.5,1920,1080,0.328,1147.9,287.0
Round1,Q2,1329,664.5,EMIRATES,0.9051,1024.7,370.0,137.0,42.0,1920,1080,0.278,1093.2,391.0
Round1,Q2,1329,664.5,EMIRATES,0.888,950.3,708.3,152.0,50.0,1920,1080,0.366,1026.3,733.3
Round1,Q2,1329,664.5,EMIRATES,0.8012,755.8,518.6,134.5,73.7,1920,1080,0.478,823.1,555.5
Round1,Q2,1330,665.0,EMIRATES,0.3793,1542.1,462.6,204.0,527.6,1920,1080,5.189,1644.1,726.4
Round1,Q2,1332,666.0,EMIRATES,0.9068,887.7,244.7,172.0,55.4,1920,1080,0.46,973.6,272.4
Round1,Q2,1332,666.0,EMIRATES,0.5555,0.0,329.5,25.2,82.1,1920,1080,0.1,12.6,370.5
Round1,Q2,1333,666.5,EMIRATES,0.8786,951.0,299.3,115.2,63.1,1920,1080,0.35,1008.5,330.9
Round1,Q2,1333,666.5,EMIRATES,0.8088,421.1,311.7,88.7,86.7,1920,1080,0.371,465.4,355.1
Round1,Q2,1334,667.0,EMIRATES,0.8907,1123.4,403.6,132.9,56.7,1920,1080,0.363,1189.8,432.0
Round1,Q2,1334,667.0,EMIRATES,0.8083,582.2,403.2,118.7,71.8,1920,1080,0.411,641.6,439.0
Round1,Q2,1335,667.5,EMIRATES,0.9064,356.3,951.2,68.7,31.3,1920,1080,0.104,390.7,966.9
Round1,Q2,1335,667.5,EMIRATES,0.8776,987.7,376.0,194.6,57.6,1920,1080,0.54,1085.0,404.8
Round1,Q2,1336,668.0,EMIRATES,0.9012,356.3,951.1,68.6,31.5,1920,1080,0.104,390.6,966.8
Round1,Q2,1337,668.5,EMIRATES,0.8922,356.3,951.1,68.9,31.3,1920,1080,0.104,390.7,966.8
Round1,Q2,1338,669.0,EMIRATES,0.8966,356.1,951.1,69.1,31.6,1920,1080,0.105,390.6,966.9
Round1,Q2,1339,669.5,EMIRATES,0.888,356.2,951.4,68.7,30.9,1920,1080,0.103,390.6,966.9
Round1,Q2,1339,669.5,EMIRATES,0.759,0.4,618.5,81.6,343.4,1920,1080,1.352,41.2,790.2
Round1,Q2,1339,669.5,EMIRATES,0.7565,1786.9,586.8,87.9,321.6,1920,1080,1.363,1830.9,747.6
Round1,Q2,1339,669.5,EMIRATES,0.6597,689.1,1061.1,203.1,18.5,1920,1080,0.182,790.7,1070.4
Round1,Q2,1340,670.0,EMIRATES,0.8924,356.4,951.3,68.4,31.2,1920,1080,0.103,390.6,967.0
Round1,Q2,1340,670.0,EMIRATES,0.7913,1595.7,619.9,62.8,270.5,1920,1080,0.819,1627.1,755.1
Round1,Q2,1340,670.0,EMIRATES,0.7094,191.1,629.0,60.4,256.9,1920,1080,0.749,221.3,757.4
Round1,Q2,1341,670.5,EMIRATES,0.8538,357.3,952.1,67.1,29.4,1920,1080,0.095,390.9,966.8
Round1,Q2,1341,670.5,EMIRATES,0.783,1487.2,678.3,54.3,223.3,1920,1080,0.585,1514.4,789.9
Round1,Q2,1342,671.0,EMIRATES,0.906,356.1,950.9,68.8,31.9,1920,1080,0.106,390.5,966.8
Round1,Q2,1342,671.0,EMIRATES,0.8718,1013.9,749.2,86.6,48.7,1920,1080,0.203,1057.2,773.5
Round1,Q2,1342,671.0,EMIRATES,0.857,150.3,585.6,124.7,62.0,1920,1080,0.373,212.6,616.6
Round1,Q2,1342,671.0,EMIRATES,0.8051,1098.9,374.9,107.3,56.0,1920,1080,0.29,1152.6,402.9
Round1,Q2,1342,671.0,EMIRATES,0.536,1754.7,663.5,54.3,65.6,1920,1080,0.172,1781.8,696.3
Round1,Q2,1343,671.5,EMIRATES,0.8672,772.6,856.2,160.5,48.9,1920,1080,0.379,852.8,880.7
Round1,Q2,1343,671.5,EMIRATES,0.8164,900.0,395.5,79.2,54.0,1920,1080,0.206,939.6,422.5
Round1,Q2,1344,672.0,EMIRATES,0.9041,878.8,398.5,159.5,49.0,1920,1080,0.377,958.5,423.0
Round1,Q2,1344,672.0,EMIRATES,0.5292,833.0,942.0,46.2,45.6,1920,1080,0.102,856.2,964.8
Round1,Q2,1345,672.5,EMIRATES,0.9043,1040.2,386.9,153.2,49.7,1920,1080,0.367,1116.8,411.7
Round1,Q2,1346,673.0,EMIRATES,0.8831,908.9,412.7,110.6,52.2,1920,1080,0.279,964.2,438.8
Round1,Q2,1347,673.5,EMIRATES,0.8907,801.0,376.4,104.6,49.7,1920,1080,0.251,853.3,401.3
Round1,Q2,1348,674.0,EMIRATES,0.8923,749.5,351.0,142.7,55.4,1920,1080,0.381,820.9,378.7
Round1,Q2,1349,674.5,EMIRATES,0.87,881.2,626.3,132.0,46.6,1920,1080,0.297,947.2,649.6
Round1,Q2,1349,674.5,EMIRATES,0.8485,773.0,349.7,77.6,54.4,1920,1080,0.204,811.8,376.9
Round1,Q2,1350,675.0,EMIRATES,0.9021,799.4,396.2,159.9,54.0,1920,1080,0.416,879.3,423.2
Round1,Q2,1350,675.0,EMIRATES,0.8745,1559.8,81.6,123.7,45.9,1920,1080,0.274,1621.7,104.5
Round1,Q2,1350,675.0,EMIRATES,0.8721,150.4,741.3,151.5,73.2,1920,1080,0.535,226.1,777.9
Round1,Q2,1350,675.0,EMIRATES,0.4553,310.8,0.0,233.1,18.2,1920,1080,0.205,427.3,9.1
Round1,Q2,1351,675.5,EMIRATES,0.8815,797.3,382.3,178.9,65.7,1920,1080,0.567,886.8,415.2
Round1,Q2,1351,675.5,EMIRATES,0.8534,1649.2,348.5,167.2,64.1,1920,1080,0.517,1732.8,380.6
Round1,Q2,1352,676.0,EMIRATES,0.8805,579.2,461.8,124.2,55.5,1920,1080,0.332,641.3,489.5
Round1,Q2,1352,676.0,EMIRATES,0.8803,928.3,501.7,94.8,58.9,1920,1080,0.269,975.7,531.2
Round1,Q2,1353,676.5,EMIRATES,0.7426,693.4,569.7,49.3,44.8,1920,1080,0.106,718.1,592.1
Round1,Q2,1353,676.5,EMIRATES,0.6884,242.7,0.4,222.6,41.6,1920,1080,0.447,354.0,21.2
Round1,Q2,1353,676.5,EMIRATES,0.3581,600.6,1059.3,169.7,20.7,1920,1080,0.17,685.4,1069.6
Round1,Q2,1354,677.0,EMIRATES,0.7853,29.2,369.3,33.8,45.9,1920,1080,0.075,46.1,392.3
Round1,Q2,1355,677.5,EMIRATES,0.883,1538.3,441.1,71.5,49.9,1920,1080,0.172,1574.1,466.1
Round1,Q2,1355,677.5,EMIRATES,0.8635,922.9,490.4,75.4,44.0,1920,1080,0.16,960.6,512.4
Round1,Q2,1355,677.5,EMIRATES,0.7133,201.2,308.3,44.7,60.1,1920,1080,0.129,223.5,338.4
Round1,Q2,1356,678.0,EMIRATES,0.8683,1787.5,448.9,60.6,67.3,1920,1080,0.197,1817.8,482.5
Round1,Q2,1356,678.0,EMIRATES,0.4502,294.2,288.8,23.8,41.8,1920,1080,0.048,306.1,309.7
Round1,Q2,1357,678.5,EMIRATES,0.8688,296.0,266.4,51.8,48.8,1920,1080,0.122,321.9,290.8
Round1,Q2,1357,678.5,EMIRATES,0.8658,1078.9,488.4,59.2,54.1,1920,1080,0.155,1108.6,515.5
Round1,Q2,1357,678.5,EMIRATES,0.7296,1836.4,430.3,39.6,49.4,1920,1080,0.094,1856.2,455.0
Round1,Q2,1358,679.0,EMIRATES,0.9009,266.0,245.2,100.7,47.7,1920,1080,0.231,316.3,269.1
Round1,Q2,1358,679.0,EMIRATES,0.8089,1713.4,439.4,53.2,76.6,1920,1080,0.197,1740.0,477.7
Round1,Q2,1359,679.5,EMIRATES,0.8906,364.8,264.9,125.9,48.6,1920,1080,0.295,427.7,289.2
Round1,Q2,1359,679.5,EMIRATES,0.8689,1000.5,500.6,92.3,53.6,1920,1080,0.239,1046.7,527.4
Round1,Q2,1360,680.0,EMIRATES,0.8774,600.7,249.1,145.3,57.2,1920,1080,0.401,673.3,277.7
Round1,Q2,1360,680.0,EMIRATES,0.7898,1104.7,485.8,44.3,49.7,1920,1080,0.106,1126.9,510.7
Round1,Q2,1361,680.5,EMIRATES,0.8878,571.2,363.1,85.5,51.8,1920,1080,0.213,614.0,389.0
Round1,Q2,1361,680.5,EMIRATES,0.8798,1081.2,494.3,80.8,55.5,1920,1080,0.216,1121.6,522.0
Round1,Q2,1361,680.5,EMIRATES,0.8386,1510.0,326.8,53.5,46.7,1920,1080,0.121,1536.8,350.2
Round1,Q2,1366,683.0,EMIRATES,0.4597,1440.6,425.8,83.0,15.2,1920,1080,0.061,1482.1,433.4
Round1,Q2,1367,683.5,EMIRATES,0.8733,19.1,386.5,89.8,21.4,1920,1080,0.093,64.0,397.2
Round1,Q2,1368,684.0,EMIRATES,0.8994,1356.5,893.6,48.4,13.6,1920,1080,0.032,1380.7,900.5
Round1,Q2,1368,684.0,EMIRATES,0.863,944.6,835.0,33.2,12.3,1920,1080,0.02,961.3,841.2
Round1,Q2,1368,684.0,EMIRATES,0.8032,1138.4,560.3,23.8,10.4,1920,1080,0.012,1150.3,565.5
Round1,Q2,1369,684.5,EMIRATES,0.8821,1461.5,911.9,58.5,21.4,1920,1080,0.06,1490.7,922.6
Round1,Q2,1369,684.5,EMIRATES,0.7517,1042.0,507.9,28.5,14.5,1920,1080,0.02,1056.2,515.1
Round1,Q2,1369,684.5,EMIRATES,0.6089,1724.0,822.0,47.9,18.0,1920,1080,0.042,1748.0,831.0
Round1,Q2,1370,685.0,EMIRATES,0.8022,1899.1,717.5,20.8,23.0,1920,1080,0.023,1909.5,729.0
Round1,Q2,1371,685.5,EMIRATES,0.8759,78.8,716.2,39.2,12.1,1920,1080,0.023,98.4,722.3
Round1,Q2,1371,685.5,EMIRATES,0.8735,1708.0,656.3,39.5,13.9,1920,1080,0.026,1727.8,663.2
Round1,Q2,1372,686.0,EMIRATES,0.8761,1328.5,700.1,35.9,12.6,1920,1080,0.022,1346.5,706.4
Round1,Q2,1372,686.0,EMIRATES,0.5992,1760.9,293.7,21.2,8.0,1920,1080,0.008,1771.5,297.7
Round1,Q2,1373,686.5,EMIRATES,0.8957,1103.6,566.3,50.0,19.6,1920,1080,0.047,1128.6,576.1
Round1,Q2,1373,686.5,EMIRATES,0.7065,1826.4,3.4,31.6,10.1,1920,1080,0.015,1842.2,8.4
Round1,Q2,1373,686.5,EMIRATES,0.6547,1263.3,335.0,29.4,11.0,1920,1080,0.016,1278.0,340.5
Round1,Q2,1374,687.0,EMIRATES,0.8941,1180.7,648.5,82.5,26.2,1920,1080,0.104,1222.0,661.6
Round1,Q2,1374,687.0,EMIRATES,0.8904,1056.3,225.5,71.0,33.1,1920,1080,0.113,1091.8,242.1
Round1,Q2,1376,688.0,JAMESON,0.7675,55.7,181.9,189.6,41.7,1920,1080,0.381,150.6,202.8
Round1,Q2,1376,688.0,JAMESON,0.7456,271.5,189.5,186.4,39.4,1920,1080,0.354,364.7,209.2
Round1,Q2,1376,688.0,JAMESON,0.7447,475.1,196.5,184.0,42.1,1920,1080,0.374,567.2,217.6
Round1,Q2,1379,689.5,EMIRATES,0.7475,1377.5,746.2,56.8,306.4,1920,1080,0.839,1405.9,899.4
Round1,Q2,1379,689.5,EMIRATES,0.7229,1366.4,374.1,65.8,347.4,1920,1080,1.103,1399.3,547.8
Round1,Q2,1379,689.5,EMIRATES,0.6957,137.5,450.4,63.5,363.5,1920,1080,1.113,169.2,632.1
Round1,Q2,1379,689.5,EMIRATES,0.5724,146.7,852.6,59.4,223.2,1920,1080,0.639,176.4,964.2
Round1,Q2,1379,689.5,EMIRATES,0.3337,961.1,793.2,49.5,20.2,1920,1080,0.048,985.8,803.3
Round1,Q2,1380,690.0,EMIRATES,0.8714,1688.1,329.3,52.8,19.8,1920,1080,0.05,1714.5,339.2
Round1,Q2,1380,690.0,EMIRATES,0.7327,387.7,0.0,70.3,350.0,1920,1080,1.187,422.8,175.0
Round1,Q2,1380,690.0,EMIRATES,0.6662,391.9,392.7,66.6,435.6,1920,1080,1.4,425.2,610.5
Round1,Q2,1381,690.5,EMIRATES,0.6294,263.1,423.7,82.9,496.0,1920,1080,1.983,304.6,671.7
Round1,Q2,1381,690.5,EMIRATES,0.5794,255.7,3.8,84.6,359.5,1920,1080,1.467,298.0,183.5
Round1,Q2,1382,691.0,EMIRATES,0.8825,1014.3,451.1,46.0,21.1,1920,1080,0.047,1037.3,461.6
Round1,Q2,1382,691.0,EMIRATES,0.8617,596.0,426.4,50.3,16.6,1920,1080,0.04,621.1,434.8
Round1,Q2,1382,691.0,EMIRATES,0.65,1027.2,636.9,47.8,22.9,1920,1080,0.053,1051.1,648.4
Round1,Q2,1382,691.0,EMIRATES,0.6209,867.5,531.9,38.8,34.7,1920,1080,0.065,886.9,549.2
Round1,Q2,1383,691.5,EMIRATES,0.8536,1255.7,489.2,49.3,44.0,1920,1080,0.105,1280.4,511.2
Round1,Q2,1383,691.5,EMIRATES,0.5401,572.0,320.7,46.8,24.3,1920,1080,0.055,595.4,332.9
Round1,Q2,1384,692.0,EMIRATES,0.7741,606.5,356.1,46.5,49.2,1920,1080,0.11,629.7,380.7
Round1,Q2,1386,693.0,EMIRATES,0.8122,901.0,916.4,44.0,16.6,1920,1080,0.035,923.0,924.7
Round1,Q2,1386,693.0,EMIRATES,0.3728,85.4,380.9,35.4,11.0,1920,1080,0.019,103.1,386.4
Round1,Q2,1387,693.5,EMIRATES,0.8217,17.9,552.9,128.7,34.9,1920,1080,0.217,82.2,570.4
Round1,Q2,1388,694.0,EMIRATES,0.8397,785.0,243.1,74.6,32.2,1920,1080,0.116,822.3,259.2
Round1,Q2,1389,694.5,EMIRATES,0.8766,900.3,276.4,64.9,22.1,1920,1080,0.069,932.7,287.4
Round1,Q2,1392,696.0,EMIRATES,0.7129,987.9,365.6,90.4,63.9,1920,1080,0.279,1033.1,397.6
Round1,Q2,1393,696.5,EMIRATES,0.8964,1043.9,526.6,131.4,42.4,1920,1080,0.269,1109.6,547.8
Round1,Q2,1394,697.0,EMIRATES,0.8805,855.4,545.1,135.9,48.2,1920,1080,0.315,923.3,569.2
Round1,Q2,1394,697.0,EMIRATES,0.868,224.0,879.8,186.1,80.5,1920,1080,0.723,317.0,920.0
Round1,Q2,1395,697.5,EMIRATES,0.8904,1066.7,284.5,115.3,44.4,1920,1080,0.247,1124.3,306.7
Round1,Q2,1395,697.5,EMIRATES,0.8585,872.5,648.3,141.7,85.4,1920,1080,0.584,943.4,691.0
Round1,Q2,1396,698.0,EMIRATES,0.8688,1316.8,782.5,179.7,82.6,1920,1080,0.716,1406.7,823.8
Round1,Q2,1396,698.0,EMIRATES,0.7092,891.0,611.0,45.4,52.8,1920,1080,0.115,913.7,637.4
Round1,Q2,1397,698.5,EMIRATES,0.8658,1742.5,701.4,177.5,65.4,1920,1080,0.56,1831.3,734.1
Round1,Q2,1398,699.0,EMIRATES,0.8743,882.7,458.7,134.4,66.4,1920,1080,0.43,949.9,491.9
Round1,Q2,1398,699.0,EMIRATES,0.8198,1347.9,0.0,147.6,26.1,1920,1080,0.186,1421.7,13.0
Round1,Q2,1399,699.5,EMIRATES,0.8959,1203.4,124.3,152.8,45.8,1920,1080,0.338,1279.8,147.2
Round1,Q2,1399,699.5,EMIRATES,0.8844,675.7,613.0,112.4,65.9,1920,1080,0.357,731.9,646.0
Round1,Q2,1399,699.5,EMIRATES,0.8724,1797.0,741.9,123.0,55.9,1920,1080,0.332,1858.5,769.8
Round1,Q2,1400,700.0,EMIRATES,0.8858,1182.2,752.7,168.7,49.4,1920,1080,0.402,1266.5,777.4
Round1,Q2,1401,700.5,EMIRATES,0.8907,880.1,746.3,154.5,53.5,1920,1080,0.399,957.4,773.0
Round1,Q2,1401,700.5,EMIRATES,0.8874,1035.9,432.1,143.1,52.3,1920,1080,0.361,1107.5,458.2
Round1,Q2,1401,700.5,EMIRATES,0.8588,691.8,547.7,117.9,70.1,1920,1080,0.398,750.8,582.7
Round1,Q2,1402,701.0,EMIRATES,0.9035,1107.1,580.4,131.3,39.1,1920,1080,0.248,1172.7,599.9
Round1,Q2,1402,701.0,EMIRATES,0.891,662.9,675.5,163.5,50.0,1920,1080,0.394,744.7,700.5
Round1,Q2,1402,701.0,EMIRATES,0.8818,445.9,548.3,139.6,74.8,1920,1080,0.503,515.7,585.7
Round1,Q2,1403,701.5,EMIRATES,0.8678,757.1,553.4,165.3,64.8,1920,1080,0.517,839.8,585.8
Round1,Q2,1404,702.0,EMIRATES,0.8823,751.9,474.4,173.2,57.2,1920,1080,0.477,838.5,503.0
Round1,Q2,1405,702.5,EMIRATES,0.9088,872.9,425.2,184.6,48.9,1920,1080,0.435,965.2,449.7
Round1,Q2,1406,703.0,EMIRATES,0.8668,753.7,407.0,196.2,55.5,1920,1080,0.525,851.8,434.8
Round1,Q2,1408,704.0,EMIRATES,0.8839,1468.4,418.7,53.2,18.7,1920,1080,0.048,1495.0,428.0
Round1,Q2,1408,704.0,EMIRATES,0.8811,956.7,386.1,51.0,16.2,1920,1080,0.04,982.2,394.2
Round1,Q2,1409,704.5,EMIRATES,0.9047,1255.5,380.4,35.8,18.5,1920,1080,0.032,1273.4,389.6
Round1,Q2,1409,704.5,EMIRATES,0.8974,918.4,382.1,47.1,14.7,1920,1080,0.033,942.0,389.4
Round1,Q2,1409,704.5,EMIRATES,0.8962,1519.0,416.8,46.9,16.2,1920,1080,0.037,1542.5,424.9
Round1,Q2,1410,705.0,EMIRATES,0.8943,1512.6,415.2,41.7,14.7,1920,1080,0.03,1533.4,422.6
Round1,Q2,1410,705.0,EMIRATES,0.8881,911.3,377.7,40.1,12.7,1920,1080,0.025,931.4,384.1
Round1,Q2,1410,705.0,EMIRATES,0.6561,1123.2,376.8,19.0,13.8,1920,1080,0.013,1132.7,383.7
Round1,Q2,1411,705.5,EMIRATES,0.8935,1468.7,416.4,34.1,12.2,1920,1080,0.02,1485.7,422.5
Round1,Q2,1411,705.5,EMIRATES,0.8787,889.1,375.4,34.5,12.1,1920,1080,0.02,906.3,381.5
Round1,Q2,1411,705.5,EMIRATES,0.624,140.9,382.1,25.8,13.2,1920,1080,0.016,153.8,388.7
Round1,Q2,1412,706.0,EMIRATES,0.852,1417.8,418.1,28.0,10.5,1920,1080,0.014,1431.8,423.4
Round1,Q2,1412,706.0,EMIRATES,0.4381,1495.7,3.5,24.1,9.6,1920,1080,0.011,1507.8,8.3
Round1,Q2,1413,706.5,EMIRATES,0.836,1357.6,421.1,22.8,9.4,1920,1080,0.01,1369.0,425.8
Round1,Q2,1414,707.0,EMIRATES,0.8584,1192.0,956.1,33.3,12.0,1920,1080,0.019,1208.7,962.1
Round1,Q2,1414,707.0,EMIRATES,0.7785,1217.2,1.4,21.2,56.1,1920,1080,0.057,1227.8,29.4
Round1,Q2,1414,707.0,EMIRATES,0.7679,1568.2,909.7,26.8,12.1,1920,1080,0.016,1581.6,915.8
Round1,Q2,1414,707.0,EMIRATES,0.733,718.3,0.8,17.7,59.8,1920,1080,0.051,727.1,30.7
Round1,Q2,1414,707.0,EMIRATES,0.6979,1728.2,2.1,24.1,48.9,1920,1080,0.057,1740.2,26.6
Round1,Q2,1414,707.0,EMIRATES,0.4321,66.0,926.5,22.4,14.8,1920,1080,0.016,77.2,933.9
Round1,Q2,1415,707.5,EMIRATES,0.7942,1575.6,11.1,21.4,86.4,1920,1080,0.089,1586.3,54.3
Round1,Q2,1415,707.5,EMIRATES,0.7567,713.6,12.5,18.5,87.6,1920,1080,0.078,722.8,56.3
Round1,Q2,1415,707.5,EMIRATES,0.7548,1128.8,890.6,28.2,12.0,1920,1080,0.016,1142.9,896.6
Round1,Q2,1415,707.5,EMIRATES,0.7362,1141.7,16.4,19.0,84.5,1920,1080,0.078,1151.2,58.6
Round1,Q2,1416,708.0,EMIRATES,0.7838,1071.0,62.0,18.4,69.7,1920,1080,0.062,1080.2,96.8
Round1,Q2,1416,708.0,EMIRATES,0.7697,702.8,61.6,14.9,73.6,1920,1080,0.053,710.3,98.4
Round1,Q2,1416,708.0,EMIRATES,0.7687,1827.6,50.6,20.1,74.0,1920,1080,0.072,1837.6,87.6
Round1,Q2,1416,708.0,EMIRATES,0.7503,1443.9,57.2,17.0,74.5,1920,1080,0.061,1452.4,94.5
Round1,Q2,1416,708.0,EMIRATES,0.6216,1070.7,1.9,17.2,53.9,1920,1080,0.045,1079.4,28.8
Round1,Q2,1416,708.0,EMIRATES,0.5967,701.1,2.4,14.7,53.1,1920,1080,0.038,708.5,29.0
Round1,Q2,1416,708.0,EMIRATES,0.5317,1445.3,2.5,16.7,47.8,1920,1080,0.039,1453.7,26.4
Round1,Q2,1416,708.0,EMIRATES,0.3441,1830.4,1.6,19.3,41.3,1920,1080,0.038,1840.1,22.3
Round1,Q2,1417,708.5,EMIRATES,0.7813,1343.5,88.3,16.9,64.2,1920,1080,0.052,1352.0,120.4
Round1,Q2,1417,708.5,EMIRATES,0.769,1015.0,20.1,15.4,65.1,1920,1080,0.048,1022.7,52.7
Round1,Q2,1417,708.5,EMIRATES,0.766,1681.3,81.6,16.5,67.5,1920,1080,0.054,1689.6,115.4
Round1,Q2,1417,708.5,EMIRATES,0.7473,688.7,90.2,14.8,64.4,1920,1080,0.046,696.1,122.4
Round1,Q2,1417,708.5,EMIRATES,0.73,1345.1,15.4,16.6,66.0,1920,1080,0.053,1353.5,48.4
Round1,Q2,1417,708.5,EMIRATES,0.7121,1682.7,9.0,18.4,68.0,1920,1080,0.06,1691.9,43.0
Round1,Q2,1417,708.5,EMIRATES,0.6424,687.9,16.7,14.3,68.1,1920,1080,0.047,695.1,50.8
Round1,Q2,1417,708.5,EMIRATES,0.4195,1281.9,701.7,24.8,10.3,1920,1080,0.012,1294.3,706.8
Round1,Q2,1417,708.5,EMIRATES,0.3335,1015.7,92.2,14.8,56.9,1920,1080,0.041,1023.1,120.7
Round1,Q2,1418,709.0,EMIRATES,0.7702,1548.1,109.4,15.6,58.9,1920,1080,0.044,1555.9,138.8
Round1,Q2,1418,709.0,EMIRATES,0.7386,1254.1,114.9,13.6,57.4,1920,1080,0.038,1260.9,143.6
Round1,Q2,1418,709.0,EMIRATES,0.7018,681.2,117.4,12.6,56.5,1920,1080,0.034,687.5,145.7
Round1,Q2,1418,709.0,EMIRATES,0.6832,1255.8,52.5,14.2,58.4,1920,1080,0.04,1262.9,81.7
Round1,Q2,1418,709.0,EMIRATES,0.6644,966.8,117.3,13.6,55.5,1920,1080,0.036,973.6,145.0
Round1,Q2,1418,709.0,EMIRATES,0.5971,679.8,53.9,12.8,58.4,1920,1080,0.036,686.2,83.1
Round1,Q2,1418,709.0,EMIRATES,0.5238,1550.2,45.7,14.7,60.4,1920,1080,0.043,1557.6,75.9
Round1,Q2,1418,709.0,EMIRATES,0.4387,967.3,54.5,13.0,57.5,1920,1080,0.036,973.8,83.3
Round1,Q2,1419,709.5,EMIRATES,0.7075,1190.6,133.2,13.3,52.6,1920,1080,0.034,1197.2,159.5
Round1,Q2,1419,709.5,EMIRATES,0.6732,681.1,136.9,11.5,50.4,1920,1080,0.028,686.8,162.1
Round1,Q2,1419,709.5,EMIRATES,0.6194,1448.5,131.1,14.0,50.0,1920,1080,0.034,1455.5,156.1
Round1,Q2,1419,709.5,EMIRATES,0.5779,935.9,134.6,11.8,51.1,1920,1080,0.029,941.8,160.2
Round1,Q2,1419,709.5,EMIRATES,0.5668,934.9,80.9,11.7,50.0,1920,1080,0.028,940.7,106.0
Round1,Q2,1419,709.5,EMIRATES,0.5003,1191.2,79.1,12.7,51.9,1920,1080,0.032,1197.6,105.0
Round1,Q2,1419,709.5,EMIRATES,0.4557,679.6,79.6,11.6,52.6,1920,1080,0.029,685.4,105.9
Round1,Q2,1419,709.5,EMIRATES,0.4233,1450.6,75.6,13.2,54.5,1920,1080,0.035,1457.2,102.8
Round1,Q2,1419,709.5,EMIRATES,0.389,347.0,730.3,45.7,27.1,1920,1080,0.06,369.8,743.9
Round1,Q2,1420,710.0,EMIRATES,0.5071,1370.3,98.5,11.4,46.0,1920,1080,0.025,1376.0,121.5
Round1,Q2,1420,710.0,EMIRATES,0.3016,690.5,153.1,11.6,44.3,1920,1080,0.025,696.3,175.2
Round1,Q2,1421,710.5,EMIRATES,0.4354,1313.7,122.8,11.1,46.0,1920,1080,0.025,1319.2,145.8
Round1,Q2,1421,710.5,EMIRATES,0.3421,905.6,126.3,10.2,47.1,1920,1080,0.023,910.7,149.9
Round1,Q2,1422,711.0,EMIRATES,0.3287,1269.5,152.6,9.6,44.0,1920,1080,0.02,1274.3,174.6
Round1,Q2,1426,713.0,JAMESON,0.7962,1650.2,25.3,64.4,14.1,1920,1080,0.044,1682.4,32.3
Round1,Q2,1426,713.0,JAMESON,0.7833,1575.1,28.8,64.5,14.1,1920,1080,0.044,1607.3,35.8
Round1,Q2,1426,713.0,ACCESS_COVERS,0.7751,539.4,42.5,63.2,12.7,1920,1080,0.039,571.0,48.9
Round1,Q2,1426,713.0,JAMESON,0.7656,1503.2,31.6,63.4,15.8,1920,1080,0.048,1534.9,39.5
Round1,Q2,1427,713.5,JAMESON,0.7947,1531.9,72.2,59.5,12.9,1920,1080,0.037,1561.7,78.7
Round1,Q2,1427,713.5,JAMESON,0.7903,1601.2,69.3,59.0,12.8,1920,1080,0.036,1630.7,75.7
Round1,Q2,1427,713.5,JAMESON,0.7743,1465.0,74.6,58.2,13.5,1920,1080,0.038,1494.1,81.4
Round1,Q2,1427,713.5,ACCESS_COVERS,0.7649,566.1,83.7,58.7,12.1,1920,1080,0.034,595.5,89.8
Round1,Q2,1428,714.0,JAMESON,0.792,1571.6,98.8,56.8,12.7,1920,1080,0.035,1600.0,105.1
Round1,Q2,1428,714.0,JAMESON,0.7836,1444.2,103.6,54.9,13.0,1920,1080,0.034,1471.6,110.1
Round1,Q2,1428,714.0,ACCESS_COVERS,0.7774,581.6,112.2,58.3,11.5,1920,1080,0.032,610.7,117.9
Round1,Q2,1428,714.0,JAMESON,0.7616,1506.2,101.8,56.7,11.8,1920,1080,0.032,1534.6,107.7
Round1,Q2,1429,714.5,ACCESS_COVERS,0.8084,595.0,129.5,56.2,11.0,1920,1080,0.03,623.0,135.0
Round1,Q2,1429,714.5,JAMESON,0.7958,1494.7,119.5,56.0,11.7,1920,1080,0.032,1522.7,125.3
Round1,Q2,1429,714.5,JAMESON,0.7837,1434.1,121.3,53.0,11.8,1920,1080,0.03,1460.6,127.2
Round1,Q2,1429,714.5,JAMESON,0.7756,1560.0,117.1,54.6,11.3,1920,1080,0.03,1587.3,122.7
Round1,Q2,1430,715.0,JAMESON,0.7864,1490.3,133.6,52.3,11.4,1920,1080,0.029,1516.5,139.3
Round1,Q2,1430,715.0,JAMESON,0.7851,1429.0,135.3,53.0,11.8,1920,1080,0.03,1455.5,141.2
Round1,Q2,1430,715.0,JAMESON,0.7611,1550.2,131.3,55.5,11.7,1920,1080,0.031,1577.9,137.1
Round1,Q2,1430,715.0,ACCESS_COVERS,0.7278,615.0,143.6,52.8,10.3,1920,1080,0.026,641.4,148.8
Round1,Q2,1431,715.5,JAMESON,0.8018,1492.9,140.9,54.6,11.4,1920,1080,0.03,1520.2,146.6
Round1,Q2,1431,715.5,ACCESS_COVERS,0.7914,632.3,150.0,52.0,11.0,1920,1080,0.028,658.3,155.5
Round1,Q2,1431,715.5,JAMESON,0.7868,1433.9,143.0,52.8,10.9,1920,1080,0.028,1460.3,148.4
Round1,Q2,1431,715.5,JAMESON,0.7488,1553.9,139.4,53.1,10.9,1920,1080,0.028,1580.5,144.8
Round1,Q2,1432,716.0,ACCESS_COVERS,0.7842,643.8,151.8,51.8,10.3,1920,1080,0.026,669.7,156.9
Round1,Q2,1432,716.0,JAMESON,0.7789,1444.9,143.8,51.1,11.3,1920,1080,0.028,1470.4,149.4
Round1,Q2,1432,716.0,JAMESON,0.7784,1504.5,142.0,53.0,11.3,1920,1080,0.029,1531.0,147.6
Round1,Q2,1432,716.0,JAMESON,0.7736,1566.1,139.9,52.0,11.1,1920,1080,0.028,1592.0,145.5
Round1,Q2,1433,716.5,JAMESON,0.7921,1509.4,142.6,53.2,10.7,1920,1080,0.028,1536.0,148.0
Round1,Q2,1433,716.5,ACCESS_COVERS,0.7865,649.1,152.7,52.1,9.8,1920,1080,0.025,675.2,157.5
Round1,Q2,1433,716.5,JAMESON,0.7833,1451.7,144.6,50.4,11.0,1920,1080,0.027,1476.9,150.1
Round1,Q2,1433,716.5,JAMESON,0.7686,1570.4,140.5,54.0,10.9,1920,1080,0.028,1597.4,146.0
Round1,Q2,1434,717.0,JAMESON,0.7898,1456.7,144.9,51.9,10.7,1920,1080,0.027,1482.7,150.2
Round1,Q2,1434,717.0,JAMESON,0.7712,1515.8,142.5,52.7,11.1,1920,1080,0.028,1542.1,148.1
Round1,Q2,1434,717.0,ACCESS_COVERS,0.759,654.2,152.8,52.7,9.8,1920,1080,0.025,680.6,157.7
Round1,Q2,1434,717.0,JAMESON,0.7566,1576.8,141.0,54.1,10.7,1920,1080,0.028,1603.8,146.3
Round1,Q2,1435,717.5,JAMESON,0.7923,1521.3,142.3,53.9,11.1,1920,1080,0.029,1548.2,147.8
Round1,Q2,1435,717.5,ACCESS_COVERS,0.7808,661.4,152.6,52.3,10.1,1920,1080,0.025,687.6,157.6
Round1,Q2,1435,717.5,JAMESON,0.7688,1462.3,144.3,51.3,11.1,1920,1080,0.027,1487.9,149.8
Round1,Q2,1435,717.5,JAMESON,0.7646,1583.7,140.1,53.9,10.8,1920,1080,0.028,1610.7,145.6
Round1,Q2,1436,718.0,ACCESS_COVERS,0.8144,664.3,152.4,51.9,10.1,1920,1080,0.025,690.2,157.4
Round1,Q2,1436,718.0,JAMESON,0.7753,1588.0,140.3,51.8,10.6,1920,1080,0.026,1613.9,145.6
Round1,Q2,1436,718.0,JAMESON,0.7744,1465.8,144.2,52.6,10.9,1920,1080,0.028,1492.1,149.7
Round1,Q2,1436,718.0,JAMESON,0.759,1525.5,142.0,54.0,11.4,1920,1080,0.03,1552.5,147.7
Round1,Q2,1437,718.5,JAMESON,0.791,1525.6,141.1,55.3,11.4,1920,1080,0.03,1553.3,146.7
Round1,Q2,1437,718.5,JAMESON,0.7719,1467.3,143.4,52.1,10.9,1920,1080,0.027,1493.4,148.8
Round1,Q2,1437,718.5,ACCESS_COVERS,0.7624,665.2,151.6,52.8,10.4,1920,1080,0.027,691.6,156.8
Round1,Q2,1437,718.5,JAMESON,0.7574,1589.3,139.5,50.9,10.7,1920,1080,0.026,1614.8,144.9
Round1,Q2,1438,719.0,JAMESON,0.7882,1528.9,140.5,54.2,10.9,1920,1080,0.029,1556.0,146.0
Round1,Q2,1438,719.0,JAMESON,0.7775,1590.5,137.8,53.1,11.0,1920,1080,0.028,1617.0,143.3
Round1,Q2,1438,719.0,JAMESON,0.7716,1470.1,142.3,51.4,11.3,1920,1080,0.028,1495.8,147.9
Round1,Q2,1438,719.0,ACCESS_COVERS,0.7106,667.3,150.0,52.1,10.9,1920,1080,0.028,693.4,155.5
Round1,Q2,1439,719.5,JAMESON,0.7813,1529.8,137.0,55.8,11.9,1920,1080,0.032,1557.7,142.9
Round1,Q2,1439,719.5,JAMESON,0.7721,1470.1,139.8,53.3,11.6,1920,1080,0.03,1496.8,145.6
Round1,Q2,1439,719.5,JAMESON,0.7616,1592.8,135.4,51.2,11.4,1920,1080,0.028,1618.4,141.1
Round1,Q2,1439,719.5,ACCESS_COVERS,0.6385,669.6,148.1,50.2,10.5,1920,1080,0.025,694.7,153.3
Round1,Q2,1440,720.0,EMIRATES,0.7395,1166.0,372.1,22.3,9.5,1920,1080,0.01,1177.2,376.8
Round1,Q2,1440,720.0,EMIRATES,0.3801,452.6,585.2,22.3,9.3,1920,1080,0.01,463.7,589.9
Round1,Q2,1441,720.5,EMIRATES,0.8326,1184.5,388.3,24.1,9.4,1920,1080,0.011,1196.6,393.0
Round1,Q2,1442,721.0,EMIRATES,0.8645,470.3,579.3,23.4,10.2,1920,1080,0.011,482.0,584.4
Round1,Q2,1443,721.5,EMIRATES,0.8874,595.5,532.4,37.3,14.7,1920,1080,0.026,614.1,539.8
Round1,Q2,1443,721.5,EMIRATES,0.8643,819.9,344.2,36.7,16.1,1920,1080,0.029,838.3,352.3
Round1,Q2,1444,722.0,EMIRATES,0.8763,827.0,311.9,52.5,23.9,1920,1080,0.061,853.2,323.8
Round1,Q2,1444,722.0,EMIRATES,0.8732,470.3,381.4,47.6,18.4,1920,1080,0.042,494.0,390.6
Round1,Q2,1445,722.5,EMIRATES,0.5079,404.6,534.9,36.0,23.1,1920,1080,0.04,422.6,546.5
Round1,Q2,1446,723.0,EMIRATES,0.8438,591.2,471.6,42.9,20.6,1920,1080,0.043,612.6,481.9
Round1,Q2,1446,723.0,EMIRATES,0.7259,676.5,561.2,42.0,14.8,1920,1080,0.03,697.4,568.6
Round1,Q2,1447,723.5,EMIRATES,0.8962,1454.3,413.9,58.5,21.3,1920,1080,0.06,1483.6,424.5
Round1,Q2,1447,723.5,EMIRATES,0.8822,787.4,486.0,56.5,19.5,1920,1080,0.053,815.7,495.8
Round1,Q2,1448,724.0,EMIRATES,0.8895,1836.3,595.2,50.2,19.0,1920,1080,0.046,1861.4,604.7
Round1,Q2,1448,724.0,EMIRATES,0.6906,1097.7,586.7,54.2,21.1,1920,1080,0.055,1124.8,597.2
Round1,Q2,1449,724.5,EMIRATES,0.8533,1522.4,662.4,58.4,37.3,1920,1080,0.105,1551.6,681.1
Round1,Q2,1460,730.0,EMIRATES,0.8747,1111.9,427.2,55.1,18.8,1920,1080,0.05,1139.5,436.6
Round1,Q2,1461,730.5,EMIRATES,0.8883,1062.9,341.9,54.4,19.6,1920,1080,0.051,1090.1,351.7
Round1,Q2,1462,731.0,EMIRATES,0.87,1088.5,431.9,51.1,19.5,1920,1080,0.048,1114.0,441.7
Round1,Q2,1463,731.5,EMIRATES,0.8908,1109.7,344.0,47.9,20.8,1920,1080,0.048,1133.6,354.4
Round1,Q2,1464,732.0,EMIRATES,0.8773,1116.3,311.3,37.8,22.2,1920,1080,0.04,1135.2,322.4
Round1,Q2,1468,734.0,JAMESON,0.7742,1335.0,50.2,39.3,9.1,1920,1080,0.017,1354.6,54.8
Round1,Q2,1468,734.0,JAMESON,0.6897,1379.9,50.1,35.1,8.9,1920,1080,0.015,1397.4,54.6
Round1,Q2,1468,734.0,JAMESON,0.6738,1292.1,51.3,37.1,9.0,1920,1080,0.016,1310.6,55.8
Round1,Q2,1468,734.0,ACCESS_COVERS,0.5745,700.2,54.0,39.1,9.3,1920,1080,0.017,719.7,58.6
Round1,Q2,1469,734.5,JAMESON,0.7527,1337.4,105.9,38.6,9.3,1920,1080,0.017,1356.8,110.5
Round1,Q2,1469,734.5,JAMESON,0.7378,1297.7,106.6,33.7,9.0,1920,1080,0.015,1314.6,111.1
Round1,Q2,1469,734.5,JAMESON,0.7051,1382.1,105.5,33.2,8.7,1920,1080,0.014,1398.7,109.8
Round1,Q2,1470,735.0,JAMESON,0.751,1313.9,84.1,35.7,8.1,1920,1080,0.014,1331.7,88.2
Round1,Q2,1470,735.0,JAMESON,0.7462,1402.9,82.7,34.8,7.8,1920,1080,0.013,1420.3,86.6
Round1,Q2,1470,735.0,JAMESON,0.7356,1355.9,82.5,42.1,9.3,1920,1080,0.019,1376.9,87.2
Round1,Q2,1471,735.5,JAMESON,0.7808,1391.4,58.9,43.8,10.0,1920,1080,0.021,1413.3,63.8
Round1,Q2,1471,735.5,JAMESON,0.779,1344.9,60.2,41.0,9.6,1920,1080,0.019,1365.4,65.0
Round1,Q2,1471,735.5,JAMESON,0.7278,1441.2,57.4,41.7,9.6,1920,1080,0.019,1462.1,62.2
Round1,Q2,1472,736.0,JAMESON,0.7157,1374.1,56.9,41.5,10.2,1920,1080,0.02,1394.8,62.0
Round1,Q2,1472,736.0,JAMESON,0.7151,1424.0,55.3,45.8,10.8,1920,1080,0.024,1446.9,60.7
Round1,Q2,1472,736.0,JAMESON,0.7065,1475.9,54.0,45.5,10.8,1920,1080,0.024,1498.6,59.4
Round1,Q2,1472,736.0,ACCESS_COVERS,0.6449,674.3,64.4,46.0,9.1,1920,1080,0.02,697.3,69.0
Round1,Q2,1473,736.5,JAMESON,0.7763,1498.7,51.4,45.6,10.7,1920,1080,0.024,1521.5,56.8
Round1,Q2,1473,736.5,JAMESON,0.7541,1443.5,53.8,47.1,10.9,1920,1080,0.025,1467.0,59.3
Round1,Q2,1473,736.5,JAMESON,0.7082,1390.4,55.1,45.1,11.0,1920,1080,0.024,1412.9,60.5
Round1,Q2,1473,736.5,ACCESS_COVERS,0.6314,659.8,62.5,49.4,9.1,1920,1080,0.022,684.5,67.0
Round1,Q2,1474,737.0,JAMESON,0.7996,1411.4,49.1,49.4,10.3,1920,1080,0.024,1436.2,54.3
Round1,Q2,1474,737.0,JAMESON,0.7799,1468.2,47.1,50.9,11.1,1920,1080,0.027,1493.6,52.7
Round1,Q2,1474,737.0,ACCESS_COVERS,0.7521,651.6,56.9,50.5,10.2,1920,1080,0.025,676.9,62.0
Round1,Q2,1474,737.0,JAMESON,0.7447,1525.2,45.1,48.6,10.3,1920,1080,0.024,1549.5,50.2
Round1,Q2,1475,737.5,JAMESON,0.7917,1493.4,41.8,53.1,11.6,1920,1080,0.03,1519.9,47.6
Round1,Q2,1475,737.5,JAMESON,0.7829,1553.2,39.5,52.6,11.6,1920,1080,0.029,1579.5,45.3
Round1,Q2,1475,737.5,JAMESON,0.7806,1435.2,43.7,49.2,12.0,1920,1080,0.029,1459.8,49.7
Round1,Q2,1475,737.5,ACCESS_COVERS,0.7388,644.3,52.8,52.7,10.8,1920,1080,0.028,670.7,58.3
Round1,Q2,1476,738.0,ACCESS_COVERS,0.7801,657.8,45.7,55.4,11.3,1920,1080,0.03,685.5,51.3
Round1,Q2,1476,738.0,JAMESON,0.7701,1609.4,29.9,55.2,12.1,1920,1080,0.032,1637.0,36.0
Round1,Q2,1476,738.0,JAMESON,0.7589,1483.2,35.8,55.0,12.0,1920,1080,0.032,1510.6,41.8
Round1,Q2,1476,738.0,JAMESON,0.7498,1545.3,33.4,56.7,12.0,1920,1080,0.033,1573.6,39.4
Round1,Q2,1477,738.5,JAMESON,0.8131,1597.9,25.6,57.2,12.4,1920,1080,0.034,1626.5,31.8
Round1,Q2,1477,738.5,JAMESON,0.7922,1663.8,22.6,59.0,12.2,1920,1080,0.035,1693.3,28.7
Round1,Q2,1477,738.5,JAMESON,0.7724,1531.3,28.1,58.7,13.0,1920,1080,0.037,1560.7,34.6
Round1,Q2,1477,738.5,ACCESS_COVERS,0.7334,672.2,41.4,56.7,11.2,1920,1080,0.031,700.5,47.0
Round1,Q2,1478,739.0,JAMESON,0.7947,1604.5,23.7,61.5,13.2,1920,1080,0.039,1635.2,30.3
Round1,Q2,1478,739.0,JAMESON,0.7874,1674.1,20.7,59.7,12.0,1920,1080,0.034,1703.9,26.7
Round1,Q2,1478,739.0,JAMESON,0.7839,1536.7,26.5,59.2,13.4,1920,1080,0.038,1566.3,33.2
Round1,Q2,1478,739.0,ACCESS_COVERS,0.7508,636.4,39.1,59.5,12.6,1920,1080,0.036,666.1,45.4
Round1,Q2,1479,739.5,JAMESON,0.7927,1612.2,13.4,63.5,12.8,1920,1080,0.039,1643.9,19.8
Round1,Q2,1479,739.5,JAMESON,0.792,1540.3,15.8,61.2,13.9,1920,1080,0.041,1570.9,22.7
Round1,Q2,1479,739.5,ACCESS_COVERS,0.7837,599.8,29.1,61.7,12.5,1920,1080,0.037,630.6,35.3
Round1,Q2,1479,739.5,JAMESON,0.756,1684.6,9.1,64.1,13.0,1920,1080,0.04,1716.6,15.6
Round1,Q2,1480,740.0,JAMESON,0.8165,1552.6,2.6,65.8,13.4,1920,1080,0.042,1585.5,9.3
Round1,Q2,1480,740.0,ACCESS_COVERS,0.7922,561.7,15.1,63.6,13.4,1920,1080,0.041,593.6,21.8
Round1,Q2,1480,740.0,JAMESON,0.7654,1630.7,1.2,62.0,11.7,1920,1080,0.035,1661.7,7.0
Round1,Q2,1481,740.5,ACCESS_COVERS,0.5811,521.2,2.2,71.0,11.9,1920,1080,0.041,556.7,8.2
Round1,Q2,1490,745.0,ACCESS_COVERS,0.5935,936.8,197.9,255.8,28.0,1920,1080,0.345,1064.7,211.9
Round1,Q2,1492,746.0,EMIRATES,0.8303,429.0,271.0,31.5,17.1,1920,1080,0.026,444.7,279.5
Round1,Q2,1493,746.5,EMIRATES,0.5712,364.6,352.9,27.6,12.6,1920,1080,0.017,378.4,359.2
Round1,Q2,1494,747.0,EMIRATES,0.754,205.3,353.3,18.9,12.2,1920,1080,0.011,214.8,359.4
Round1,Q2,1495,747.5,EMIRATES,0.8312,294.1,391.2,34.3,14.8,1920,1080,0.025,311.2,398.6
Round1,Q2,1495,747.5,EMIRATES,0.5951,109.1,656.2,33.9,15.5,1920,1080,0.025,126.1,664.0
Round1,Q2,1496,748.0,EMIRATES,0.8804,502.3,421.8,34.5,12.8,1920,1080,0.021,519.6,428.2
Round1,Q2,1496,748.0,EMIRATES,0.7902,631.1,696.1,40.8,19.2,1920,1080,0.038,651.5,705.7
Round1,Q2,1497,748.5,EMIRATES,0.8795,658.1,409.6,44.5,17.2,1920,1080,0.037,680.4,418.1
Round1,Q2,1497,748.5,EMIRATES,0.775,1254.2,725.8,44.4,23.3,1920,1080,0.05,1276.4,737.4
Round1,Q2,1498,749.0,EMIRATES,0.8854,777.2,373.7,60.3,21.9,1920,1080,0.064,807.4,384.7
Round1,Q2,1499,749.5,EMIRATES,0.8914,806.2,366.9,72.9,39.0,1920,1080,0.137,842.6,386.4
Round1,Q2,1500,750.0,EMIRATES,0.8805,962.4,409.3,97.8,38.0,1920,1080,0.179,1011.4,428.3
Round1,Q2,1501,750.5,EMIRATES,0.8809,1009.8,458.7,92.0,47.8,1920,1080,0.212,1055.8,482.6
Round1,Q2,1502,751.0,EMIRATES,0.9014,960.8,437.7,92.5,36.6,1920,1080,0.163,1007.0,456.0
Round1,Q2,1503,751.5,EMIRATES,0.9017,1013.4,432.2,89.3,38.0,1920,1080,0.164,1058.0,451.2
Round1,Q2,1504,752.0,EMIRATES,0.8824,1105.7,535.0,101.8,39.3,1920,1080,0.193,1156.6,554.6
Round1,Q2,1505,752.5,EMIRATES,0.8911,1103.6,543.6,113.4,40.4,1920,1080,0.221,1160.3,563.8
Round1,Q2,1506,753.0,EMIRATES,0.7679,1040.3,469.4,13.1,56.9,1920,1080,0.036,1046.9,497.9
Round1,Q2,1506,753.0,EMIRATES,0.7402,1327.8,406.5,12.0,54.5,1920,1080,0.032,1333.8,433.8
Round1,Q2,1506,753.0,EMIRATES,0.6702,1327.0,465.9,13.0,58.1,1920,1080,0.036,1333.5,495.0
Round1,Q2,1506,753.0,EMIRATES,0.643,470.3,409.4,12.1,55.5,1920,1080,0.032,476.3,437.1
Round1,Q2,1506,753.0,EMIRATES,0.6274,756.0,409.8,12.7,54.5,1920,1080,0.033,762.4,437.1
Round1,Q2,1506,753.0,EMIRATES,0.6033,756.6,470.2,12.7,53.7,1920,1080,0.033,763.0,497.0
Round1,Q2,1506,753.0,EMIRATES,0.4883,470.8,470.0,13.2,58.8,1920,1080,0.037,477.4,499.4
Round1,Q2,1507,753.5,EMIRATES,0.7614,1319.5,407.1,12.4,54.9,1920,1080,0.033,1325.7,434.5
Round1,Q2,1507,753.5,EMIRATES,0.688,1318.9,467.1,12.6,57.2,1920,1080,0.035,1325.2,495.6
Round1,Q2,1507,753.5,EMIRATES,0.6832,749.1,470.7,12.9,56.0,1920,1080,0.035,755.5,498.6
Round1,Q2,1507,753.5,EMIRATES,0.6807,462.5,469.5,12.9,58.2,1920,1080,0.036,469.0,498.6
Round1,Q2,1507,753.5,EMIRATES,0.5929,462.0,410.0,12.2,55.6,1920,1080,0.033,468.1,437.8
Round1,Q2,1507,753.5,EMIRATES,0.5227,749.0,410.1,12.2,54.2,1920,1080,0.032,755.2,437.2
Round1,Q2,1508,754.0,EMIRATES,0.7406,1267.2,407.9,13.2,54.7,1920,1080,0.035,1273.8,435.2
Round1,Q2,1508,754.0,EMIRATES,0.731,1266.1,466.9,13.7,58.7,1920,1080,0.039,1272.9,496.2
Round1,Q2,1508,754.0,EMIRATES,0.6383,696.5,411.2,13.5,55.8,1920,1080,0.036,703.3,439.1
Round1,Q2,1508,754.0,EMIRATES,0.6073,697.9,471.6,14.2,56.6,1920,1080,0.039,705.0,499.9
Round1,Q2,1508,754.0,EMIRATES,0.5587,409.6,410.6,13.1,57.7,1920,1080,0.036,416.2,439.4
Round1,Q2,1508,754.0,EMIRATES,0.5184,410.0,471.2,14.1,58.6,1920,1080,0.04,417.1,500.5
Round1,Q2,1508,754.0,EMIRATES,0.4115,981.7,410.1,13.9,58.0,1920,1080,0.039,988.6,439.2
Round1,Q2,1509,754.5,EMIRATES,0.7252,615.4,479.4,15.5,55.7,1920,1080,0.042,623.1,507.3
Round1,Q2,1509,754.5,EMIRATES,0.7023,329.1,479.5,14.3,57.0,1920,1080,0.039,336.3,508.0
Round1,Q2,1509,754.5,EMIRATES,0.669,328.9,418.3,13.5,57.8,1920,1080,0.038,335.7,447.1
Round1,Q2,1509,754.5,EMIRATES,0.6566,1180.8,475.4,13.4,57.0,1920,1080,0.037,1187.4,503.9
Round1,Q2,1509,754.5,EMIRATES,0.5418,1180.8,415.6,13.6,55.9,1920,1080,0.037,1187.7,443.5
Round1,Q2,1509,754.5,EMIRATES,0.3509,898.8,417.2,14.0,57.8,1920,1080,0.039,905.8,446.1
Round1,Q2,1510,755.0,EMIRATES,0.7198,1059.6,495.0,16.0,55.3,1920,1080,0.043,1067.6,522.6
Round1,Q2,1510,755.0,EMIRATES,0.6088,222.5,496.2,15.2,57.6,1920,1080,0.042,230.1,525.0
Round1,Q2,1510,755.0,EMIRATES,0.5761,1061.6,437.5,14.3,53.6,1920,1080,0.037,1068.8,464.3
Round1,Q2,1510,755.0,EMIRATES,0.5376,784.3,438.1,15.9,57.2,1920,1080,0.044,792.3,466.7
Round1,Q2,1510,755.0,EMIRATES,0.472,506.3,498.1,14.4,55.8,1920,1080,0.039,513.4,526.0
Round1,Q2,1510,755.0,EMIRATES,0.4599,221.1,439.1,14.1,54.2,1920,1080,0.037,228.2,466.2
Round1,Q2,1510,755.0,EMIRATES,0.3414,784.2,496.4,14.0,58.0,1920,1080,0.039,791.2,525.4
Round1,Q2,1511,755.5,EMIRATES,0.5875,36.1,446.8,18.3,59.0,1920,1080,0.052,45.3,476.3
Round1,Q2,1511,755.5,EMIRATES,0.5163,36.9,508.2,16.8,53.2,1920,1080,0.043,45.3,534.8
Round1,Q2,1511,755.5,EMIRATES,0.4399,588.2,455.9,18.8,102.3,1920,1080,0.093,597.6,507.1
Round1,Q2,1511,755.5,EMIRATES,0.3851,856.5,445.1,17.2,57.8,1920,1080,0.048,865.1,474.1
Round1,Q2,1512,756.0,EMIRATES,0.3978,267.8,466.9,20.0,84.5,1920,1080,0.081,277.8,509.1
Round1,Q2,1512,756.0,EMIRATES,0.3215,5.7,468.3,18.5,53.6,1920,1080,0.048,14.9,495.1
Round1,Q2,1513,756.5,JAMESON,0.7821,1082.9,36.6,103.4,22.2,1920,1080,0.111,1134.6,47.7
Round1,Q2,1513,756.5,JAMESON,0.7777,968.6,37.0,100.6,24.5,1920,1080,0.119,1018.9,49.3
Round1,Q2,1513,756.5,JAMESON,0.7736,855.0,38.8,99.3,24.6,1920,1080,0.118,904.7,51.1
Round1,Q2,1513,756.5,EMIRATES,0.5256,292.7,504.5,17.3,89.3,1920,1080,0.074,301.3,549.1
Round1,Q2,1514,757.0,JAMESON,0.7792,723.2,126.8,86.1,19.2,1920,1080,0.08,766.2,136.5
Round1,Q2,1514,757.0,JAMESON,0.7725,823.1,126.4,89.2,18.5,1920,1080,0.08,867.7,135.7
Round1,Q2,1514,757.0,JAMESON,0.7651,620.5,127.7,86.9,19.7,1920,1080,0.083,663.9,137.5
Round1,Q2,1515,757.5,JAMESON,0.7973,498.0,185.3,79.5,16.9,1920,1080,0.065,537.7,193.8
Round1,Q2,1515,757.5,JAMESON,0.7972,590.4,184.7,78.7,17.7,1920,1080,0.067,629.7,193.6
Round1,Q2,1515,757.5,JAMESON,0.7694,680.6,185.3,80.2,16.8,1920,1080,0.065,720.7,193.7
Round1,Q2,1516,758.0,EMIRATES,0.8808,1191.6,431.1,61.9,21.9,1920,1080,0.065,1222.5,442.1
Round1,Q2,1517,758.5,EMIRATES,0.5149,1146.8,362.2,59.2,20.7,1920,1080,0.059,1176.4,372.5
Round1,Q2,1518,759.0,EMIRATES,0.8894,920.6,262.6,55.8,30.6,1920,1080,0.083,948.5,277.9
Round1,Q2,1519,759.5,ACCESS_COVERS,0.5055,399.3,114.5,49.4,14.2,1920,1080,0.034,424.0,121.7
Round1,Q2,1520,760.0,ACCESS_COVERS,0.4813,352.8,121.1,57.9,13.4,1920,1080,0.037,381.7,127.8
Round1,Q2,1521,760.5,ACCESS_COVERS,0.4445,314.5,119.9,62.1,14.4,1920,1080,0.043,345.5,127.1
Round1,Q2,1522,761.0,ACCESS_COVERS,0.4168,271.7,114.0,54.5,15.0,1920,1080,0.039,298.9,121.5
Round1,Q2,1523,761.5,ACCESS_COVERS,0.5279,235.3,115.5,59.5,15.1,1920,1080,0.043,265.0,123.1
Round1,Q2,1524,762.0,ACCESS_COVERS,0.6768,118.4,109.6,72.4,15.5,1920,1080,0.054,154.6,117.3
Round1,Q2,1525,762.5,ACCESS_COVERS,0.589,2.4,93.8,72.7,16.0,1920,1080,0.056,38.8,101.8
Round1,Q2,1526,763.0,ACCESS_COVERS,0.4106,51.2,121.4,185.5,21.2,1920,1080,0.19,144.0,132.0
Round1,Q2,1528,764.0,ACCESS_COVERS,0.312,3.7,98.9,198.4,21.1,1920,1080,0.202,102.9,109.4
Round1,Q2,1529,764.5,ACCESS_COVERS,0.5564,7.9,97.1,223.2,23.7,1920,1080,0.255,119.4,108.9
Round1,Q2,1529,764.5,ACCESS_COVERS,0.5256,1731.1,195.9,149.3,53.5,1920,1080,0.385,1805.7,222.6
Round1,Q2,1529,764.5,ACCESS_COVERS,0.437,415.7,101.2,177.8,21.7,1920,1080,0.186,504.6,112.1
Round1,Q2,1531,765.5,ACCESS_COVERS,0.5779,0.0,65.6,36.8,16.0,1920,1080,0.028,18.4,73.6
Round1,Q2,1531,765.5,EMIRATES,0.3072,1680.6,200.0,9.0,49.2,1920,1080,0.021,1685.1,224.7
Round1,Q2,1532,766.0,ACCESS_COVERS,0.5897,408.2,120.1,131.2,23.3,1920,1080,0.147,473.8,131.7
Round1,Q2,1532,766.0,ACCESS_COVERS,0.4377,237.8,119.3,166.7,23.3,1920,1080,0.187,321.2,131.0
Round1,Q2,1532,766.0,ACCESS_COVERS,0.4148,25.8,73.8,75.0,16.3,1920,1080,0.059,63.3,81.9
Round1,Q2,1533,766.5,ACCESS_COVERS,0.5427,284.5,123.4,125.8,23.3,1920,1080,0.142,347.4,135.1
Round1,Q2,1533,766.5,ACCESS_COVERS,0.4103,76.4,78.9,69.2,16.6,1920,1080,0.055,111.0,87.2
Round1,Q2,1534,767.0,ACCESS_COVERS,0.6549,112.9,89.1,60.7,15.7,1920,1080,0.046,143.2,97.0
Round1,Q2,1534,767.0,EMIRATES,0.3768,1731.6,213.1,9.0,51.6,1920,1080,0.022,1736.1,238.9
Round1,Q2,1535,767.5,EMIRATES,0.3314,1717.1,216.0,8.4,53.5,1920,1080,0.022,1721.3,242.8
Round1,Q2,1536,768.0,CYBERCX,0.8689,1720.5,21.7,54.6,19.0,1920,1080,0.05,1747.8,31.2
Round1,Q2,1536,768.0,CYBERCX,0.8627,1224.4,167.2,58.5,20.6,1920,1080,0.058,1253.6,177.5
Round1,Q2,1536,768.0,CYBERCX,0.8601,338.6,143.0,62.9,19.0,1920,1080,0.058,370.0,152.5
Round1,Q2,1536,768.0,CYBERCX,0.857,493.4,143.7,60.6,18.4,1920,1080,0.054,523.7,152.9
Round1,Q2,1536,768.0,CYBERCX,0.8541,416.7,143.0,61.8,18.8,1920,1080,0.056,447.6,152.4
Round1,Q2,1536,768.0,CYBERCX,0.8499,1078.9,158.8,58.9,19.3,1920,1080,0.055,1108.4,168.4
Round1,Q2,1536,768.0,CYBERCX,0.8472,643.9,144.4,59.6,18.7,1920,1080,0.054,673.7,153.8
Round1,Q2,1536,768.0,CYBERCX,0.8465,109.8,2.2,58.1,17.1,1920,1080,0.048,138.9,10.7
Round1,Q2,1536,768.0,CYBERCX,0.8461,1787.0,23.7,56.9,19.9,1920,1080,0.055,1815.4,33.6
Round1,Q2,1536,768.0,CYBERCX,0.8458,1325.0,11.9,53.5,16.7,1920,1080,0.043,1351.8,20.3
Round1,Q2,1536,768.0,CYBERCX,0.8387,1652.0,19.7,56.2,18.2,1920,1080,0.049,1680.1,28.9
Round1,Q2,1536,768.0,CYBERCX,0.8384,259.8,143.5,63.6,19.0,1920,1080,0.058,291.6,153.0
Round1,Q2,1536,768.0,CYBERCX,0.838,35.9,1.3,59.5,17.5,1920,1080,0.05,65.6,10.1
Round1,Q2,1536,768.0,CYBERCX,0.8357,87.7,144.2,71.6,20.2,1920,1080,0.07,123.5,154.3
Round1,Q2,1536,768.0,CYBERCX,0.8339,862.9,148.4,58.9,19.6,1920,1080,0.056,892.3,158.2
Round1,Q2,1536,768.0,CYBERCX,0.8313,387.0,3.9,53.9,17.0,1920,1080,0.044,413.9,12.4
Round1,Q2,1536,768.0,CYBERCX,0.8298,1367.1,178.0,56.1,21.6,1920,1080,0.058,1395.1,188.8
Round1,Q2,1536,768.0,CYBERCX,0.8291,1840.8,248.6,50.0,27.8,1920,1080,0.067,1865.9,262.5
Round1,Q2,1536,768.0,CYBERCX,0.8216,319.7,4.2,54.7,16.5,1920,1080,0.044,347.1,12.5
Round1,Q2,1536,768.0,CYBERCX,0.8163,1151.1,162.9,58.6,19.4,1920,1080,0.055,1180.4,172.6
Round1,Q2,1536,768.0,CYBERCX,0.8143,1294.8,172.3,59.2,21.6,1920,1080,0.062,1324.5,183.1
Round1,Q2,1536,768.0,CYBERCX,0.8079,251.8,3.3,55.2,17.4,1920,1080,0.046,279.4,12.0
Round1,Q2,1536,768.0,CYBERCX,0.8063,1391.1,13.0,51.4,16.9,1920,1080,0.042,1416.8,21.5
Round1,Q2,1536,768.0,CYBERCX,0.8055,772.4,5.2,51.9,16.9,1920,1080,0.042,798.3,13.6
Round1,Q2,1536,768.0,CYBERCX,0.803,1454.5,14.8,53.1,17.4,1920,1080,0.044,1481.0,23.5
Round1,Q2,1536,768.0,CYBERCX,0.7978,453.2,4.6,52.7,16.5,1920,1080,0.042,479.5,12.9
Round1,Q2,1536,768.0,CYBERCX,0.7977,1261.7,10.6,51.5,16.6,1920,1080,0.041,1287.5,18.9
Round1,Q2,1536,768.0,CYBERCX,0.7971,582.4,5.3,51.9,16.3,1920,1080,0.041,608.3,13.5
Round1,Q2,1536,768.0,CYBERCX,0.7964,646.4,5.5,51.9,15.9,1920,1080,0.04,672.4,13.5
Round1,Q2,1536,768.0,CYBERCX,0.7909,569.0,143.8,60.0,18.2,1920,1080,0.053,599.0,152.9
Round1,Q2,1536,768.0,CYBERCX,0.7876,709.7,4.8,51.0,17.1,1920,1080,0.042,735.3,13.4
Round1,Q2,1536,768.0,CYBERCX,0.7853,1775.5,234.8,54.8,27.6,1920,1080,0.073,1802.9,248.6
Round1,Q2,1536,768.0,CYBERCX,0.7833,934.7,152.0,58.6,19.1,1920,1080,0.054,964.0,161.5
Round1,Q2,1536,768.0,CYBERCX,0.7816,1006.6,155.4,59.0,19.2,1920,1080,0.055,1036.1,165.0
Round1,Q2,1536,768.0,CYBERCX,0.7794,718.4,145.9,58.1,18.2,1920,1080,0.051,747.4,155.0
Round1,Q2,1536,768.0,CYBERCX,0.7749,1585.9,17.1,55.0,18.8,1920,1080,0.05,1613.5,26.5
Round1,Q2,1536,768.0,CYBERCX,0.76,175.7,144.0,65.2,19.9,1920,1080,0.062,208.3,153.9
Round1,Q2,1536,768.0,CYBERCX,0.7418,1900.8,261.5,19.2,30.6,1920,1080,0.028,1910.4,276.8
Round1,Q2,1536,768.0,CYBERCX,0.7216,1856.9,26.0,59.8,20.5,1920,1080,0.059,1886.8,36.3
Round1,Q2,1536,768.0,CYBERCX,0.6993,518.0,4.7,52.0,16.2,1920,1080,0.041,544.0,12.8
Round1,Q2,1536,768.0,CYBERCX,0.6846,1644.2,211.0,53.4,25.4,1920,1080,0.065,1670.9,223.7
Round1,Q2,1536,768.0,CYBERCX,0.6524,181.1,2.2,54.8,17.0,1920,1080,0.045,208.5,10.7
Round1,Q2,1536,768.0,CYBERCX,0.6309,1520.7,16.7,53.8,16.9,1920,1080,0.044,1547.6,25.1
Round1,Q2,1536,768.0,CYBERCX,0.6228,0.0,0.0,21.0,18.3,1920,1080,0.019,10.5,9.1
Round1,Q2,1536,768.0,CYBERCX,0.6197,790.7,146.4,59.1,19.8,1920,1080,0.056,820.2,156.3
Round1,Q2,1536,768.0,CYBERCX,0.5834,1441.7,184.6,51.9,23.5,1920,1080,0.059,1467.7,196.3
Round1,Q2,1536,768.0,CYBERCX,0.5631,1711.1,221.1,53.3,25.4,1920,1080,0.065,1737.8,233.8
Round1,Q2,1536,768.0,CYBERCX,0.5478,1577.4,200.0,53.0,24.2,1920,1080,0.062,1603.9,212.2
Round1,Q2,1536,768.0,CYBERCX,0.4669,0.6,143.9,68.1,20.0,1920,1080,0.066,34.7,153.9
Round1,Q2,1536,768.0,CYBERCX,0.4366,1507.9,189.4,53.2,26.8,1920,1080,0.069,1534.5,202.8
Round1,Q2,1537,768.5,CYBERCX,0.8615,1069.4,160.0,58.7,19.7,1920,1080,0.056,1098.7,169.8
Round1,Q2,1537,768.5,CYBERCX,0.8599,485.9,145.1,61.3,18.8,1920,1080,0.056,516.5,154.5
Round1,Q2,1537,768.5,CYBERCX,0.8582,332.5,144.8,62.8,19.5,1920,1080,0.059,363.9,154.5
Round1,Q2,1537,768.5,CYBERCX,0.8545,410.4,144.9,61.5,19.0,1920,1080,0.056,441.1,154.4
Round1,Q2,1537,768.5,CYBERCX,0.85,1637.5,23.1,55.7,18.0,1920,1080,0.048,1665.4,32.1
Round1,Q2,1537,768.5,CYBERCX,0.8486,82.3,146.8,71.7,20.2,1920,1080,0.07,118.1,156.9
Round1,Q2,1537,768.5,CYBERCX,0.8443,1841.0,29.0,58.4,20.1,1920,1080,0.057,1870.2,39.1
Round1,Q2,1537,768.5,CYBERCX,0.8438,1772.2,27.0,56.8,20.0,1920,1080,0.055,1800.6,37.1
Round1,Q2,1537,768.5,CYBERCX,0.8432,1705.6,24.9,55.5,18.3,1920,1080,0.049,1733.4,34.1
Round1,Q2,1537,768.5,CYBERCX,0.8422,854.4,150.6,57.4,19.3,1920,1080,0.053,883.1,160.2
Round1,Q2,1537,768.5,CYBERCX,0.8416,1213.7,169.2,57.2,19.2,1920,1080,0.053,1242.3,178.9
Round1,Q2,1537,768.5,CYBERCX,0.8364,1283.9,173.6,58.2,21.1,1920,1080,0.059,1312.9,184.2
Round1,Q2,1537,768.5,CYBERCX,0.8364,925.0,153.6,57.5,18.5,1920,1080,0.051,953.8,162.8
Round1,Q2,1537,768.5,CYBERCX,0.8355,562.5,145.7,59.3,18.7,1920,1080,0.053,592.2,155.0
Round1,Q2,1537,768.5,CYBERCX,0.8311,253.5,145.5,64.3,19.1,1920,1080,0.059,285.7,155.0
Round1,Q2,1537,768.5,CYBERCX,0.829,1141.1,164.3,58.0,19.7,1920,1080,0.055,1170.1,174.1
Round1,Q2,1537,768.5,CYBERCX,0.8275,314.9,7.6,55.6,16.2,1920,1080,0.044,342.7,15.7
Round1,Q2,1537,768.5,CYBERCX,0.8256,1314.0,14.7,53.6,16.8,1920,1080,0.044,1340.8,23.2
Round1,Q2,1537,768.5,CYBERCX,0.824,1443.2,17.5,52.7,17.4,1920,1080,0.044,1469.5,26.2
Round1,Q2,1537,768.5,CYBERCX,0.8191,703.0,8.1,51.0,16.2,1920,1080,0.04,728.5,16.2
Round1,Q2,1537,768.5,CYBERCX,0.8177,639.9,8.2,51.5,15.5,1920,1080,0.039,665.7,15.9
Round1,Q2,1537,768.5,CYBERCX,0.8169,636.7,146.5,58.7,17.8,1920,1080,0.05,666.0,155.4
Round1,Q2,1537,768.5,CYBERCX,0.8133,381.9,7.2,53.8,16.6,1920,1080,0.043,408.8,15.5
Round1,Q2,1537,768.5,CYBERCX,0.813,447.1,7.4,53.4,16.2,1920,1080,0.042,473.8,15.5
Round1,Q2,1537,768.5,CYBERCX,0.8029,512.2,7.2,52.8,16.2,1920,1080,0.041,538.6,15.3
Round1,Q2,1537,768.5,CYBERCX,0.8023,1379.3,15.9,52.0,17.8,1920,1080,0.045,1405.4,24.8
Round1,Q2,1537,768.5,CYBERCX,0.8003,1825.5,248.5,51.1,27.6,1920,1080,0.068,1851.0,262.3
Round1,Q2,1537,768.5,CYBERCX,0.7993,1630.9,212.1,53.6,25.1,1920,1080,0.065,1657.8,224.7
Round1,Q2,1537,768.5,CYBERCX,0.7963,1885.3,262.7,34.5,31.1,1920,1080,0.052,1902.5,278.3
Round1,Q2,1537,768.5,CYBERCX,0.792,177.6,4.9,55.6,18.2,1920,1080,0.049,205.4,14.0
Round1,Q2,1537,768.5,CYBERCX,0.7886,31.6,4.1,61.1,18.0,1920,1080,0.053,62.2,13.1
Round1,Q2,1537,768.5,CYBERCX,0.7861,105.6,5.3,59.3,17.9,1920,1080,0.051,135.3,14.3
Round1,Q2,1537,768.5,CYBERCX,0.7856,1356.4,179.7,54.7,20.7,1920,1080,0.055,1383.7,190.0
Round1,Q2,1537,768.5,CYBERCX,0.7824,765.4,8.5,51.6,16.2,1920,1080,0.04,791.2,16.6
Round1,Q2,1537,768.5,CYBERCX,0.7786,710.3,147.1,57.6,17.9,1920,1080,0.05,739.0,156.1
Round1,Q2,1537,768.5,CYBERCX,0.7719,576.8,7.8,51.4,16.0,1920,1080,0.04,602.5,15.7
Round1,Q2,1537,768.5,CYBERCX,0.7638,1765.1,235.3,50.1,27.3,1920,1080,0.066,1790.1,249.0
Round1,Q2,1537,768.5,CYBERCX,0.7614,170.6,146.2,63.9,19.4,1920,1080,0.06,202.5,155.9
Round1,Q2,1537,768.5,CYBERCX,0.7439,1573.5,20.5,51.5,17.9,1920,1080,0.045,1599.3,29.5
Round1,Q2,1537,768.5,CYBERCX,0.7433,1508.0,18.9,53.4,17.1,1920,1080,0.044,1534.7,27.5
Round1,Q2,1537,768.5,CYBERCX,0.7398,1250.8,13.1,52.3,16.6,1920,1080,0.042,1277.0,21.3
Round1,Q2,1537,768.5,CYBERCX,0.7285,996.5,156.7,56.7,18.9,1920,1080,0.052,1024.9,166.2
Round1,Q2,1537,768.5,CYBERCX,0.6587,1428.1,185.5,53.0,23.5,1920,1080,0.06,1454.6,197.2
Round1,Q2,1537,768.5,CYBERCX,0.628,783.0,148.1,55.8,19.2,1920,1080,0.052,810.9,157.7
Round1,Q2,1537,768.5,CYBERCX,0.603,247.5,6.6,55.7,16.9,1920,1080,0.045,275.4,15.0
Round1,Q2,1537,768.5,CYBERCX,0.6016,0.0,146.7,64.2,20.1,1920,1080,0.062,32.1,156.8
Round1,Q2,1537,768.5,CYBERCX,0.5267,1495.8,192.5,52.5,23.7,1920,1080,0.06,1522.1,204.4
Round1,Q2,1537,768.5,CYBERCX,0.5102,0.1,3.2,16.5,17.0,1920,1080,0.014,8.3,11.7
Round1,Q2,1537,768.5,CYBERCX,0.4715,1911.7,30.7,8.2,20.2,1920,1080,0.008,1915.8,40.8
Round1,Q2,1537,768.5,CYBERCX,0.4236,1563.4,202.6,49.1,21.5,1920,1080,0.051,1588.0,213.3
Round1,Q2,1537,768.5,CYBERCX,0.4043,1702.1,223.9,47.2,22.4,1920,1080,0.051,1725.7,235.1
Round1,Q2,1538,769.0,CYBERCX,0.8587,820.9,143.4,60.9,20.5,1920,1080,0.06,851.3,153.7
Round1,Q2,1538,769.0,CYBERCX,0.854,268.3,137.0,67.6,20.8,1920,1080,0.068,302.0,147.4
Round1,Q2,1538,769.0,CYBERCX,0.852,431.4,137.2,66.1,20.2,1920,1080,0.064,464.4,147.3
Round1,Q2,1538,769.0,CYBERCX,0.8487,1046.5,153.0,60.0,20.5,1920,1080,0.059,1076.5,163.2
Round1,Q2,1538,769.0,CYBERCX,0.8484,1271.1,167.1,60.0,21.7,1920,1080,0.063,1301.1,178.0
Round1,Q2,1538,769.0,CYBERCX,0.8469,512.6,137.5,63.8,20.3,1920,1080,0.063,544.5,147.7
Round1,Q2,1538,769.0,CYBERCX,0.8458,351.9,136.6,65.9,20.8,1920,1080,0.066,384.9,147.0
Round1,Q2,1538,769.0,CYBERCX,0.8422,1370.9,1.5,55.1,17.9,1920,1080,0.047,1398.4,10.4
Round1,Q2,1538,769.0,CYBERCX,0.8421,1714.1,9.2,56.8,19.8,1920,1080,0.054,1742.5,19.2
Round1,Q2,1538,769.0,CYBERCX,0.8409,1198.2,161.9,59.5,21.2,1920,1080,0.061,1227.9,172.5
Round1,Q2,1538,769.0,CYBERCX,0.8352,895.1,146.6,61.0,19.8,1920,1080,0.058,925.6,156.5
Round1,Q2,1538,769.0,CYBERCX,0.8328,1121.0,156.9,60.8,20.7,1920,1080,0.061,1151.4,167.3
Round1,Q2,1538,769.0,CYBERCX,0.8273,1783.8,11.3,58.5,20.7,1920,1080,0.058,1813.1,21.6
Round1,Q2,1538,769.0,CYBERCX,0.8259,1304.1,0.7,54.9,17.1,1920,1080,0.045,1331.6,9.2
Round1,Q2,1538,769.0,CYBERCX,0.8128,1438.2,3.1,54.6,18.1,1920,1080,0.048,1465.5,12.2
Round1,Q2,1538,769.0,CYBERCX,0.8127,590.0,138.6,63.5,20.6,1920,1080,0.063,621.8,148.9
Round1,Q2,1538,769.0,CYBERCX,0.8094,1643.4,7.8,56.7,19.0,1920,1080,0.052,1671.8,17.3
Round1,Q2,1538,769.0,CYBERCX,0.8053,1856.3,13.3,61.8,21.6,1920,1080,0.065,1887.2,24.1
Round1,Q2,1538,769.0,CYBERCX,0.7932,0.3,136.9,75.9,22.4,1920,1080,0.082,38.2,148.1
Round1,Q2,1538,769.0,CYBERCX,0.7922,93.4,137.3,74.9,22.4,1920,1080,0.081,130.8,148.5
Round1,Q2,1538,769.0,CYBERCX,0.7887,183.9,137.3,68.2,20.9,1920,1080,0.069,218.0,147.7
Round1,Q2,1538,769.0,CYBERCX,0.7852,1634.0,206.1,57.0,26.0,1920,1080,0.072,1662.5,219.1
Round1,Q2,1538,769.0,CYBERCX,0.7843,1840.5,242.8,54.3,29.7,1920,1080,0.078,1867.7,257.7
Round1,Q2,1538,769.0,CYBERCX,0.7822,969.7,149.5,63.5,21.2,1920,1080,0.065,1001.4,160.1
Round1,Q2,1538,769.0,CYBERCX,0.779,669.6,139.3,60.7,19.5,1920,1080,0.057,699.9,149.0
Round1,Q2,1538,769.0,CYBERCX,0.7709,1505.6,4.0,56.4,19.1,1920,1080,0.052,1533.8,13.5
Round1,Q2,1538,769.0,CYBERCX,0.7603,1345.5,172.4,58.9,22.7,1920,1080,0.064,1375.0,183.8
Round1,Q2,1538,769.0,CYBERCX,0.7474,745.2,140.2,64.1,21.4,1920,1080,0.066,777.3,150.9
Round1,Q2,1538,769.0,CYBERCX,0.6289,1905.1,254.6,14.9,31.8,1920,1080,0.023,1912.5,270.6
Round1,Q2,1538,769.0,CYBERCX,0.5998,1417.9,180.2,60.2,23.4,1920,1080,0.068,1448.1,191.9
Round1,Q2,1538,769.0,CYBERCX,0.5934,1492.9,186.4,57.9,25.2,1920,1080,0.07,1521.9,199.0
Round1,Q2,1538,769.0,CYBERCX,0.5847,1779.2,231.8,48.5,25.6,1920,1080,0.06,1803.5,244.6
Round1,Q2,1538,769.0,CYBERCX,0.5214,1574.6,5.3,55.0,19.1,1920,1080,0.051,1602.1,14.9
Round1,Q2,1538,769.0,CYBERCX,0.483,1565.3,195.8,51.7,23.8,1920,1080,0.059,1591.2,207.7
Round1,Q2,1539,769.5,CYBERCX,0.8725,418.7,116.3,70.6,23.2,1920,1080,0.079,454.1,127.9
Round1,Q2,1539,769.5,CYBERCX,0.8712,243.8,114.5,73.5,22.8,1920,1080,0.081,280.6,125.9
Round1,Q2,1539,769.5,CYBERCX,0.8682,503.1,117.7,69.5,22.5,1920,1080,0.075,537.9,129.0
Round1,Q2,1539,769.5,CYBERCX,0.8643,331.9,115.5,72.3,22.6,1920,1080,0.079,368.0,126.8
Round1,Q2,1539,769.5,CYBERCX,0.8635,1069.7,137.5,65.1,22.5,1920,1080,0.071,1102.3,148.7
Round1,Q2,1539,769.5,CYBERCX,0.8603,1228.1,147.7,64.9,22.9,1920,1080,0.072,1260.6,159.2
Round1,Q2,1539,769.5,CYBERCX,0.8592,1152.0,141.9,62.3,22.3,1920,1080,0.067,1183.1,153.1
Round1,Q2,1539,769.5,CYBERCX,0.8587,1307.5,153.2,62.7,23.2,1920,1080,0.07,1338.8,164.8
Round1,Q2,1539,769.5,CYBERCX,0.8585,830.3,125.7,65.0,22.0,1920,1080,0.069,862.8,136.7
Round1,Q2,1539,769.5,CYBERCX,0.8497,751.3,122.7,64.4,21.9,1920,1080,0.068,783.5,133.7
Round1,Q2,1539,769.5,CYBERCX,0.8444,59.6,114.2,77.3,22.6,1920,1080,0.084,98.2,125.5
Round1,Q2,1539,769.5,CYBERCX,0.8397,154.2,114.8,73.4,21.8,1920,1080,0.077,190.9,125.7
Round1,Q2,1539,769.5,CYBERCX,0.8277,908.8,129.2,72.0,22.2,1920,1080,0.077,944.8,140.3
Round1,Q2,1539,769.5,CYBERCX,0.8276,1829.8,224.2,57.7,30.9,1920,1080,0.086,1858.6,239.7
Round1,Q2,1539,769.5,CYBERCX,0.8066,991.5,133.2,64.1,21.5,1920,1080,0.066,1023.5,144.0
Round1,Q2,1539,769.5,CYBERCX,0.8047,1614.2,187.0,57.9,27.3,1920,1080,0.076,1643.1,200.6
Round1,Q2,1539,769.5,CYBERCX,0.7748,1898.4,237.4,21.6,33.7,1920,1080,0.035,1909.2,254.2
Round1,Q2,1539,769.5,CYBERCX,0.7421,587.5,119.5,66.1,20.3,1920,1080,0.065,620.6,129.7
Round1,Q2,1539,769.5,CYBERCX,0.6897,1462.5,167.0,62.6,25.1,1920,1080,0.076,1493.8,179.5
Round1,Q2,1539,769.5,CYBERCX,0.6897,668.4,120.3,73.7,22.3,1920,1080,0.079,705.3,131.5
Round1,Q2,1539,769.5,CYBERCX,0.6258,1385.0,160.7,61.9,23.8,1920,1080,0.071,1415.9,172.5
Round1,Q2,1539,769.5,CYBERCX,0.5743,1688.8,197.6,57.3,28.7,1920,1080,0.079,1717.5,211.9
Round1,Q2,1539,769.5,CYBERCX,0.472,0.0,115.7,46.9,21.5,1920,1080,0.049,23.5,126.4
Round1,Q2,1539,769.5,CYBERCX,0.3947,1766.8,212.8,49.5,26.3,1920,1080,0.063,1791.5,225.9
Round1,Q2,1540,770.0,CYBERCX,0.8686,304.2,96.3,76.6,24.1,1920,1080,0.089,342.5,108.4
Round1,Q2,1540,770.0,CYBERCX,0.864,396.1,97.6,75.3,24.3,1920,1080,0.088,433.8,109.7
Round1,Q2,1540,770.0,CYBERCX,0.8621,1172.2,129.0,67.4,23.8,1920,1080,0.077,1205.9,140.9
Round1,Q2,1540,770.0,CYBERCX,0.8615,112.0,93.7,80.2,23.8,1920,1080,0.092,152.1,105.6
Round1,Q2,1540,770.0,CYBERCX,0.8597,1003.9,119.0,68.4,23.3,1920,1080,0.077,1038.2,130.7
Round1,Q2,1540,770.0,CYBERCX,0.8586,210.0,95.0,77.0,23.9,1920,1080,0.089,248.5,107.0
Round1,Q2,1540,770.0,CYBERCX,0.8538,1255.6,134.5,66.1,24.6,1920,1080,0.078,1288.7,146.8
Round1,Q2,1540,770.0,CYBERCX,0.8526,663.9,103.7,67.5,22.9,1920,1080,0.074,697.7,115.1
Round1,Q2,1540,770.0,CYBERCX,0.8485,748.8,106.7,68.0,23.3,1920,1080,0.076,782.8,118.3
Round1,Q2,1540,770.0,CYBERCX,0.8414,1089.8,123.1,67.1,23.3,1920,1080,0.075,1123.4,134.8
Round1,Q2,1540,770.0,CYBERCX,0.8398,832.0,110.6,68.4,23.0,1920,1080,0.076,866.2,122.1
Round1,Q2,1540,770.0,CYBERCX,0.8239,1807.1,207.2,60.9,31.7,1920,1080,0.093,1837.6,223.0
Round1,Q2,1540,770.0,CYBERCX,0.8214,486.9,99.6,71.9,22.9,1920,1080,0.079,522.9,111.0
Round1,Q2,1540,770.0,CYBERCX,0.821,1880.7,222.5,39.3,34.3,1920,1080,0.065,1900.3,239.6
Round1,Q2,1540,770.0,CYBERCX,0.8123,1579.9,168.2,60.4,29.2,1920,1080,0.085,1610.1,182.8
Round1,Q2,1540,770.0,CYBERCX,0.8093,920.7,114.3,65.9,22.5,1920,1080,0.072,953.6,125.6
Round1,Q2,1540,770.0,CYBERCX,0.7974,574.9,101.0,71.1,23.8,1920,1080,0.082,610.4,112.9
Round1,Q2,1540,770.0,CYBERCX,0.784,10.4,91.3,81.6,25.1,1920,1080,0.099,51.2,103.8
Round1,Q2,1540,770.0,CYBERCX,0.7411,1336.6,141.6,65.6,24.6,1920,1080,0.078,1369.4,153.9
Round1,Q2,1540,770.0,CYBERCX,0.6878,1419.4,148.7,63.4,26.9,1920,1080,0.082,1451.1,162.2
Round1,Q2,1540,770.0,CYBERCX,0.6055,1656.1,176.4,63.5,32.7,1920,1080,0.1,1687.8,192.7
Round1,Q2,1540,770.0,CYBERCX,0.5445,1497.9,158.3,65.4,27.4,1920,1080,0.087,1530.6,172.1
Round1,Q2,1541,770.5,CYBERCX,0.8668,1119.5,116.8,69.9,24.3,1920,1080,0.082,1154.5,129.0
Round1,Q2,1541,770.5,CYBERCX,0.865,764.8,97.8,72.8,24.0,1920,1080,0.084,801.2,109.8
Round1,Q2,1541,770.5,CYBERCX,0.8641,102.4,79.8,84.0,25.5,1920,1080,0.103,144.4,92.5
Round1,Q2,1541,770.5,CYBERCX,0.8602,676.3,94.0,71.0,23.4,1920,1080,0.08,711.9,105.7
Round1,Q2,1541,770.5,CYBERCX,0.8597,304.2,84.0,78.3,24.1,1920,1080,0.091,343.4,96.1
Round1,Q2,1541,770.5,CYBERCX,0.8551,205.5,81.9,81.7,25.0,1920,1080,0.098,246.3,94.4
Round1,Q2,1541,770.5,CYBERCX,0.85,1206.9,122.1,69.4,25.5,1920,1080,0.085,1241.5,134.9
Round1,Q2,1541,770.5,CYBERCX,0.8465,587.2,90.3,71.9,24.3,1920,1080,0.084,623.1,102.5
Round1,Q2,1541,770.5,CYBERCX,0.846,1033.0,110.8,70.8,23.9,1920,1080,0.082,1068.4,122.7
Round1,Q2,1541,770.5,CYBERCX,0.8446,943.9,106.0,71.5,23.8,1920,1080,0.082,979.6,117.9
Round1,Q2,1541,770.5,CYBERCX,0.8418,855.9,101.8,70.2,22.8,1920,1080,0.077,891.1,113.2
Round1,Q2,1541,770.5,CYBERCX,0.8418,1856.3,211.5,61.6,34.7,1920,1080,0.103,1887.1,228.8
Round1,Q2,1541,770.5,CYBERCX,0.828,400.4,86.0,75.9,24.1,1920,1080,0.088,438.4,98.1
Round1,Q2,1541,770.5,CYBERCX,0.8142,1780.8,196.6,63.1,31.6,1920,1080,0.096,1812.3,212.4
Round1,Q2,1541,770.5,CYBERCX,0.8142,0.8,77.9,82.6,25.1,1920,1080,0.1,42.1,90.4
Round1,Q2,1541,770.5,CYBERCX,0.769,494.3,88.0,74.6,24.4,1920,1080,0.088,531.6,100.2
Round1,Q2,1541,770.5,CYBERCX,0.7307,1292.2,129.2,69.2,24.9,1920,1080,0.083,1326.8,141.7
Round1,Q2,1541,770.5,CYBERCX,0.7155,1622.4,164.7,66.1,33.1,1920,1080,0.106,1655.5,181.2
Round1,Q2,1541,770.5,CYBERCX,0.7037,1544.8,155.4,62.0,30.3,1920,1080,0.091,1575.8,170.5
Round1,Q2,1541,770.5,CYBERCX,0.6615,1459.5,145.3,66.1,28.6,1920,1080,0.091,1492.5,159.6
Round1,Q2,1541,770.5,CYBERCX,0.6223,1378.7,137.3,56.7,25.4,1920,1080,0.069,1407.0,150.0
Round1,Q2,1542,771.0,CYBERCX,0.8713,194.4,66.2,83.5,26.3,1920,1080,0.106,236.2,79.3
Round1,Q2,1542,771.0,CYBERCX,0.8695,87.2,63.9,86.3,25.5,1920,1080,0.106,130.4,76.6
Round1,Q2,1542,771.0,CYBERCX,0.8555,1058.3,101.4,72.3,25.6,1920,1080,0.089,1094.4,114.2
Round1,Q2,1542,771.0,CYBERCX,0.855,1822.9,198.2,63.9,35.6,1920,1080,0.11,1854.8,216.0
Round1,Q2,1542,771.0,CYBERCX,0.8518,591.2,77.2,75.6,24.9,1920,1080,0.091,629.0,89.7
Round1,Q2,1542,771.0,CYBERCX,0.851,684.4,81.4,77.2,25.7,1920,1080,0.096,723.0,94.3
Round1,Q2,1542,771.0,CYBERCX,0.848,873.3,90.1,74.4,25.6,1920,1080,0.092,910.5,102.9
Round1,Q2,1542,771.0,CYBERCX,0.8469,965.8,95.2,74.5,25.1,1920,1080,0.09,1003.1,107.8
Round1,Q2,1542,771.0,CYBERCX,0.8439,297.9,68.2,80.1,26.0,1920,1080,0.1,338.0,81.2
Round1,Q2,1542,771.0,CYBERCX,0.8408,1147.5,107.4,73.6,25.8,1920,1080,0.092,1184.3,120.3
Round1,Q2,1542,771.0,CYBERCX,0.8402,0.1,61.7,64.3,25.5,1920,1080,0.079,32.3,74.5
Round1,Q2,1542,771.0,CYBERCX,0.8353,497.5,74.6,76.3,24.6,1920,1080,0.09,535.6,86.9
Round1,Q2,1542,771.0,CYBERCX,0.829,782.2,86.4,72.6,23.9,1920,1080,0.084,818.5,98.4
Round1,Q2,1542,771.0,CYBERCX,0.7936,1744.3,180.8,65.6,35.0,1920,1080,0.111,1777.1,198.4
Round1,Q2,1542,771.0,CYBERCX,0.7735,1325.3,122.2,67.2,28.1,1920,1080,0.091,1358.9,136.2
Round1,Q2,1542,771.0,CYBERCX,0.7734,1581.5,152.0,69.7,32.0,1920,1080,0.107,1616.3,168.0
Round1,Q2,1542,771.0,CYBERCX,0.7674,1237.5,114.9,69.8,25.6,1920,1080,0.086,1272.4,127.7
Round1,Q2,1542,771.0,CYBERCX,0.7612,1900.2,213.7,19.8,38.1,1920,1080,0.036,1910.1,232.8
Round1,Q2,1542,771.0,CYBERCX,0.73,398.0,70.6,76.2,25.5,1920,1080,0.094,436.1,83.4
Round1,Q2,1542,771.0,CYBERCX,0.7026,1500.9,140.2,63.9,32.6,1920,1080,0.1,1532.9,156.5
Round1,Q2,1542,771.0,CYBERCX,0.6417,1412.0,130.4,68.9,30.3,1920,1080,0.101,1446.5,145.6
Round1,Q2,1543,771.5,CYBERCX,0.8682,6.0,66.7,88.0,26.2,1920,1080,0.111,50.0,79.8
Round1,Q2,1543,771.5,CYBERCX,0.8619,521.6,81.3,76.5,24.8,1920,1080,0.092,559.9,93.7
Round1,Q2,1543,771.5,CYBERCX,0.8617,992.3,104.2,73.0,25.5,1920,1080,0.09,1028.8,116.9
Round1,Q2,1543,771.5,CYBERCX,0.8612,114.7,69.6,86.2,25.7,1920,1080,0.107,157.8,82.4
Round1,Q2,1543,771.5,CYBERCX,0.8574,1082.0,110.3,73.5,26.0,1920,1080,0.092,1118.8,123.3
Round1,Q2,1543,771.5,CYBERCX,0.8571,805.8,93.7,75.2,25.7,1920,1080,0.093,843.4,106.6
Round1,Q2,1543,771.5,CYBERCX,0.8504,616.0,85.7,78.4,25.1,1920,1080,0.095,655.2,98.3
Round1,Q2,1543,771.5,CYBERCX,0.8441,221.7,72.1,86.8,25.6,1920,1080,0.107,265.1,84.8
Round1,Q2,1543,771.5,CYBERCX,0.8427,1676.8,184.2,67.1,32.4,1920,1080,0.105,1710.3,200.4
Round1,Q2,1543,771.5,CYBERCX,0.8346,1757.1,202.1,61.0,33.5,1920,1080,0.098,1787.6,218.8
Round1,Q2,1543,771.5,CYBERCX,0.8308,1830.5,218.2,61.3,38.4,1920,1080,0.114,1861.2,237.4
Round1,Q2,1543,771.5,CYBERCX,0.8187,713.2,90.1,73.8,24.4,1920,1080,0.087,750.1,102.3
Round1,Q2,1543,771.5,CYBERCX,0.8175,900.2,99.0,72.5,24.5,1920,1080,0.086,936.5,111.3
Round1,Q2,1543,771.5,CYBERCX,0.8157,1172.0,116.9,68.4,26.6,1920,1080,0.088,1206.2,130.2
Round1,Q2,1543,771.5,CYBERCX,0.8156,325.2,74.7,82.3,25.9,1920,1080,0.103,366.3,87.6
Round1,Q2,1543,771.5,CYBERCX,0.8122,1260.5,124.6,69.9,28.6,1920,1080,0.096,1295.4,138.9
Round1,Q2,1543,771.5,CYBERCX,0.7367,1514.2,154.9,69.9,31.3,1920,1080,0.106,1549.2,170.6
Round1,Q2,1543,771.5,CYBERCX,0.7079,1437.7,139.2,62.9,35.0,1920,1080,0.106,1469.2,156.7
Round1,Q2,1543,771.5,CYBERCX,0.7073,1901.3,236.2,18.7,39.8,1920,1080,0.036,1910.6,256.1
Round1,Q2,1543,771.5,CYBERCX,0.6623,429.7,79.4,73.0,22.9,1920,1080,0.081,466.2,90.8
Round1,Q2,1543,771.5,CYBERCX,0.4579,1347.8,134.9,66.0,27.2,1920,1080,0.086,1380.8,148.5
Round1,Q2,1544,772.0,CYBERCX,0.8651,769.8,101.9,74.1,24.6,1920,1080,0.088,806.8,114.2
Round1,Q2,1544,772.0,CYBERCX,0.8635,483.2,89.6,76.1,24.2,1920,1080,0.089,521.3,101.7
Round1,Q2,1544,772.0,CYBERCX,0.8608,74.5,78.7,85.7,24.6,1920,1080,0.102,117.4,91.0
Round1,Q2,1544,772.0,CYBERCX,0.8602,956.9,112.5,69.7,24.7,1920,1080,0.083,991.7,124.8
Round1,Q2,1544,772.0,CYBERCX,0.8595,578.8,93.8,76.7,24.3,1920,1080,0.09,617.2,106.0
Round1,Q2,1544,772.0,CYBERCX,0.8489,183.2,80.7,79.9,24.4,1920,1080,0.094,223.1,92.9
Round1,Q2,1544,772.0,CYBERCX,0.8484,1636.4,190.1,65.6,33.4,1920,1080,0.106,1669.2,206.8
Round1,Q2,1544,772.0,CYBERCX,0.8454,1044.7,117.9,73.8,26.0,1920,1080,0.093,1081.6,130.9
Round1,Q2,1544,772.0,CYBERCX,0.8406,287.7,83.7,79.1,23.7,1920,1080,0.09,327.2,95.5
Round1,Q2,1544,772.0,CYBERCX,0.8336,1859.0,245.9,59.0,38.0,1920,1080,0.108,1888.5,264.9
Round1,Q2,1544,772.0,CYBERCX,0.8335,1223.5,132.5,67.4,27.1,1920,1080,0.088,1257.2,146.0
Round1,Q2,1544,772.0,CYBERCX,0.8215,861.8,106.4,72.9,24.6,1920,1080,0.086,898.2,118.7
Round1,Q2,1544,772.0,CYBERCX,0.8214,1789.0,223.4,60.2,38.7,1920,1080,0.112,1819.1,242.8
Round1,Q2,1544,772.0,CYBERCX,0.818,1135.7,124.6,66.4,26.4,1920,1080,0.084,1168.9,137.8
Round1,Q2,1544,772.0,CYBERCX,0.8155,0.0,76.2,51.3,24.9,1920,1080,0.062,25.6,88.7
Round1,Q2,1544,772.0,CYBERCX,0.7957,1715.4,205.4,61.6,36.8,1920,1080,0.11,1746.3,223.8
Round1,Q2,1544,772.0,CYBERCX,0.7904,676.2,98.0,73.8,23.5,1920,1080,0.084,713.1,109.7
Round1,Q2,1544,772.0,CYBERCX,0.7594,388.7,86.1,75.4,24.9,1920,1080,0.091,426.4,98.5
Round1,Q2,1544,772.0,CYBERCX,0.7402,1395.2,149.1,65.4,32.9,1920,1080,0.104,1427.9,165.6
Round1,Q2,1544,772.0,CYBERCX,0.7332,1475.6,162.2,62.6,30.0,1920,1080,0.091,1506.9,177.2
Round1,Q2,1544,772.0,CYBERCX,0.6228,1310.5,140.0,64.1,29.3,1920,1080,0.091,1342.5,154.7
Round1,Q2,1544,772.0,CYBERCX,0.5452,1558.2,174.5,57.1,26.5,1920,1080,0.073,1586.7,187.8
Round1,Q2,1545,772.5,CYBERCX,0.8822,79.7,88.9,83.4,25.2,1920,1080,0.101,121.4,101.5
Round1,Q2,1545,772.5,CYBERCX,0.8709,186.1,91.3,80.2,24.4,1920,1080,0.095,226.2,103.5
Round1,Q2,1545,772.5,CYBERCX,0.8667,766.3,111.3,73.3,24.2,1920,1080,0.086,803.0,123.4
Round1,Q2,1545,772.5,CYBERCX,0.8626,858.2,116.2,73.0,24.2,1920,1080,0.085,894.7,128.3
Round1,Q2,1545,772.5,CYBERCX,0.8556,290.8,93.5,75.6,23.9,1920,1080,0.087,328.6,105.4
Round1,Q2,1545,772.5,CYBERCX,0.8541,578.3,104.3,74.9,22.9,1920,1080,0.083,615.8,115.8
Round1,Q2,1545,772.5,CYBERCX,0.8524,1039.3,127.3,72.0,24.5,1920,1080,0.085,1075.3,139.6
Round1,Q2,1545,772.5,CYBERCX,0.8389,1128.1,133.6,68.1,26.2,1920,1080,0.086,1162.1,146.7
Round1,Q2,1545,772.5,CYBERCX,0.8372,484.9,99.8,74.7,23.5,1920,1080,0.084,522.2,111.5
Round1,Q2,1545,772.5,CYBERCX,0.8352,1624.9,197.7,65.9,32.5,1920,1080,0.103,1657.8,214.0
Round1,Q2,1545,772.5,CYBERCX,0.8321,955.6,120.7,65.3,25.5,1920,1080,0.08,988.3,133.5
Round1,Q2,1545,772.5,CYBERCX,0.8256,0.3,87.7,56.9,25.6,1920,1080,0.07,28.7,100.5
Round1,Q2,1545,772.5,CYBERCX,0.8203,1702.8,212.3,59.4,37.1,1920,1080,0.106,1732.5,230.8
Round1,Q2,1545,772.5,CYBERCX,0.8158,1216.2,141.0,66.8,26.2,1920,1080,0.085,1249.7,154.1
Round1,Q2,1545,772.5,CYBERCX,0.8074,1845.3,252.2,56.4,37.2,1920,1080,0.101,1873.4,270.7
Round1,Q2,1545,772.5,CYBERCX,0.7972,673.3,108.1,73.8,22.5,1920,1080,0.08,710.2,119.4
Round1,Q2,1545,772.5,CYBERCX,0.7955,1465.9,170.7,62.6,30.6,1920,1080,0.092,1497.2,185.9
Round1,Q2,1545,772.5,CYBERCX,0.7934,1776.1,234.0,58.8,33.4,1920,1080,0.095,1805.5,250.7
Round1,Q2,1545,772.5,CYBERCX,0.7515,391.5,96.1,74.0,24.3,1920,1080,0.087,428.5,108.2
Round1,Q2,1545,772.5,CYBERCX,0.7004,1383.6,156.8,66.0,31.9,1920,1080,0.101,1416.6,172.8
Round1,Q2,1545,772.5,CYBERCX,0.648,1548.6,183.7,63.1,27.5,1920,1080,0.084,1580.2,197.4
Round1,Q2,1545,772.5,CYBERCX,0.6111,1302.3,149.7,63.6,28.0,1920,1080,0.086,1334.1,163.7
Round1,Q2,1545,772.5,CYBERCX,0.3807,1912.0,278.2,8.0,29.8,1920,1080,0.011,1916.0,293.1
Round1,Q2,1546,773.0,CYBERCX,0.8671,99.1,98.2,82.9,24.8,1920,1080,0.099,140.6,110.5
Round1,Q2,1546,773.0,CYBERCX,0.8656,202.9,100.6,80.2,24.3,1920,1080,0.094,243.0,112.7
Round1,Q2,1546,773.0,CYBERCX,0.8618,1043.1,135.2,71.3,24.7,1920,1080,0.085,1078.7,147.5
Round1,Q2,1546,773.0,CYBERCX,0.861,865.5,124.7,71.3,23.5,1920,1080,0.081,901.1,136.5
Round1,Q2,1546,773.0,CYBERCX,0.8489,774.6,120.0,72.6,23.9,1920,1080,0.084,810.9,131.9
Round1,Q2,1546,773.0,CYBERCX,0.8447,307.1,103.1,73.3,22.9,1920,1080,0.081,343.8,114.5
Round1,Q2,1546,773.0,CYBERCX,0.8443,589.7,112.4,73.0,23.5,1920,1080,0.083,626.2,124.2
Round1,Q2,1546,773.0,CYBERCX,0.839,1700.3,219.8,58.9,34.9,1920,1080,0.099,1729.8,237.3
Round1,Q2,1546,773.0,CYBERCX,0.8263,1131.3,141.6,67.8,25.1,1920,1080,0.082,1165.1,154.2
Round1,Q2,1546,773.0,CYBERCX,0.8135,1624.9,204.8,62.5,31.8,1920,1080,0.096,1656.1,220.6
Round1,Q2,1546,773.0,CYBERCX,0.811,0.2,96.8,77.5,24.3,1920,1080,0.091,38.9,108.9
Round1,Q2,1546,773.0,CYBERCX,0.8092,1218.8,148.6,65.9,26.4,1920,1080,0.084,1251.7,161.8
Round1,Q2,1546,773.0,CYBERCX,0.8042,1843.0,259.2,54.7,34.8,1920,1080,0.092,1870.4,276.6
Round1,Q2,1546,773.0,CYBERCX,0.7974,1466.0,177.7,62.9,29.8,1920,1080,0.09,1497.4,192.6
Round1,Q2,1546,773.0,CYBERCX,0.7924,496.9,107.9,72.5,23.2,1920,1080,0.081,533.2,119.5
Round1,Q2,1546,773.0,CYBERCX,0.7851,402.1,105.4,75.4,23.2,1920,1080,0.084,439.8,117.0
Round1,Q2,1546,773.0,CYBERCX,0.7744,682.4,115.8,73.0,23.6,1920,1080,0.083,718.9,127.6
Round1,Q2,1546,773.0,CYBERCX,0.7682,956.3,129.1,68.3,23.9,1920,1080,0.079,990.4,141.1
Round1,Q2,1546,773.0,CYBERCX,0.7404,1771.8,236.1,60.6,38.2,1920,1080,0.112,1802.1,255.3
Round1,Q2,1546,773.0,CYBERCX,0.7212,1308.7,154.0,61.6,30.7,1920,1080,0.091,1339.5,169.4
Round1,Q2,1546,773.0,CYBERCX,0.6681,1547.5,189.8,58.2,29.3,1920,1080,0.082,1576.6,204.5
Round1,Q2,1546,773.0,CYBERCX,0.6093,1909.4,275.0,10.6,35.5,1920,1080,0.018,1914.7,292.8
Round1,Q2,1546,773.0,CYBERCX,0.5557,1386.3,162.6,63.2,32.2,1920,1080,0.098,1417.9,178.7
Round1,Q2,1547,773.5,CYBERCX,0.8684,791.4,123.6,72.2,24.6,1920,1080,0.086,827.5,135.9
Round1,Q2,1547,773.5,CYBERCX,0.867,16.9,102.1,86.5,24.0,1920,1080,0.1,60.1,114.1
Round1,Q2,1547,773.5,CYBERCX,0.8641,881.2,128.6,71.9,24.1,1920,1080,0.084,917.1,140.7
Round1,Q2,1547,773.5,CYBERCX,0.858,226.9,104.9,79.5,24.7,1920,1080,0.095,266.6,117.3
Round1,Q2,1547,773.5,CYBERCX,0.8485,516.7,112.5,73.5,23.8,1920,1080,0.084,553.5,124.4
Round1,Q2,1547,773.5,CYBERCX,0.8396,1058.9,139.4,69.4,24.2,1920,1080,0.081,1093.6,151.5
Round1,Q2,1547,773.5,CYBERCX,0.8384,125.9,103.8,80.5,23.5,1920,1080,0.091,166.2,115.5
Round1,Q2,1547,773.5,CYBERCX,0.8363,1713.4,222.0,58.4,35.5,1920,1080,0.1,1742.6,239.7
Round1,Q2,1547,773.5,CYBERCX,0.8328,699.7,120.3,73.2,24.0,1920,1080,0.085,736.3,132.3
Round1,Q2,1547,773.5,CYBERCX,0.8288,1783.7,239.7,61.8,36.1,1920,1080,0.108,1814.6,257.7
Round1,Q2,1547,773.5,CYBERCX,0.8247,1145.9,145.6,66.7,25.4,1920,1080,0.082,1179.2,158.4
Round1,Q2,1547,773.5,CYBERCX,0.8226,607.9,117.1,73.1,22.4,1920,1080,0.079,644.5,128.4
Round1,Q2,1547,773.5,CYBERCX,0.8209,1637.6,207.7,61.9,31.3,1920,1080,0.093,1668.6,223.3
Round1,Q2,1547,773.5,CYBERCX,0.8109,971.2,133.1,70.0,24.9,1920,1080,0.084,1006.2,145.5
Round1,Q2,1547,773.5,CYBERCX,0.7588,1856.5,263.2,54.9,34.2,1920,1080,0.091,1883.9,280.3
Round1,Q2,1547,773.5,CYBERCX,0.7495,1478.9,180.4,64.2,31.4,1920,1080,0.097,1511.0,196.1
Round1,Q2,1547,773.5,CYBERCX,0.7485,426.0,110.0,72.3,22.7,1920,1080,0.079,462.2,121.4
Round1,Q2,1547,773.5,CYBERCX,0.748,335.6,107.6,67.2,23.4,1920,1080,0.076,369.2,119.3
Round1,Q2,1547,773.5,CYBERCX,0.6995,1236.9,153.9,61.8,24.6,1920,1080,0.073,1267.8,166.2
Round1,Q2,1547,773.5,CYBERCX,0.67,1317.0,157.7,64.3,30.9,1920,1080,0.096,1349.2,173.1
Round1,Q2,1547,773.5,CYBERCX,0.6494,1398.3,169.1,66.6,29.0,1920,1080,0.093,1431.6,183.6
Round1,Q2,1547,773.5,CYBERCX,0.6006,1559.4,193.6,59.2,28.8,1920,1080,0.082,1589.0,208.0
Round1,Q2,1548,774.0,CYBERCX,0.8634,51.3,107.3,84.8,24.5,1920,1080,0.1,93.7,119.6
Round1,Q2,1548,774.0,CYBERCX,0.8556,815.4,128.4,71.1,23.3,1920,1080,0.08,850.9,140.1
Round1,Q2,1548,774.0,CYBERCX,0.8528,1805.6,244.2,62.1,35.8,1920,1080,0.107,1836.6,262.1
Round1,Q2,1548,774.0,CYBERCX,0.8525,256.3,111.1,79.2,23.2,1920,1080,0.089,295.9,122.7
Round1,Q2,1548,774.0,CYBERCX,0.8517,543.7,117.3,72.5,24.0,1920,1080,0.084,579.9,129.3
Round1,Q2,1548,774.0,CYBERCX,0.8481,904.8,133.2,72.0,24.1,1920,1080,0.084,940.8,145.2
Round1,Q2,1548,774.0,CYBERCX,0.8411,724.8,125.6,73.2,22.7,1920,1080,0.08,761.4,137.0
Round1,Q2,1548,774.0,CYBERCX,0.833,1735.2,226.3,59.6,34.6,1920,1080,0.099,1765.0,243.6
Round1,Q2,1548,774.0,CYBERCX,0.8329,156.8,109.4,79.9,23.3,1920,1080,0.09,196.7,121.0
Round1,Q2,1548,774.0,CYBERCX,0.8326,1167.7,149.6,67.5,25.5,1920,1080,0.083,1201.5,162.4
Round1,Q2,1548,774.0,CYBERCX,0.8311,994.1,138.2,69.6,23.4,1920,1080,0.079,1028.9,149.9
Round1,Q2,1548,774.0,CYBERCX,0.8275,355.8,112.2,74.6,23.3,1920,1080,0.084,393.1,123.8
Round1,Q2,1548,774.0,CYBERCX,0.8171,1658.1,209.8,61.9,33.2,1920,1080,0.099,1689.1,226.4
Round1,Q2,1548,774.0,CYBERCX,0.8086,1080.9,143.6,68.6,23.8,1920,1080,0.079,1115.2,155.5
Round1,Q2,1548,774.0,CYBERCX,0.7898,634.7,121.4,71.0,22.3,1920,1080,0.076,670.2,132.5
Round1,Q2,1548,774.0,CYBERCX,0.7886,0.0,105.2,29.8,23.4,1920,1080,0.034,15.0,116.9
Round1,Q2,1548,774.0,CYBERCX,0.7845,1259.7,156.8,60.1,26.3,1920,1080,0.076,1289.7,169.9
Round1,Q2,1548,774.0,CYBERCX,0.7449,1581.5,196.1,63.1,29.8,1920,1080,0.091,1613.0,211.0
Round1,Q2,1548,774.0,CYBERCX,0.743,1878.2,263.2,41.3,35.2,1920,1080,0.07,1898.9,280.8
Round1,Q2,1548,774.0,CYBERCX,0.7169,1336.3,161.0,65.5,32.0,1920,1080,0.101,1369.0,177.1
Round1,Q2,1548,774.0,CYBERCX,0.6887,450.4,114.7,76.4,24.3,1920,1080,0.09,488.6,126.9
Round1,Q2,1548,774.0,CYBERCX,0.6684,1420.2,173.0,65.6,28.1,1920,1080,0.089,1453.0,187.0
Round1,Q2,1548,774.0,CYBERCX,0.5954,1500.5,184.9,63.8,29.3,1920,1080,0.09,1532.3,199.5
Round1,Q2,1549,774.5,CYBERCX,0.87,923.4,137.9,70.6,23.3,1920,1080,0.079,958.7,149.5
Round1,Q2,1549,774.5,CYBERCX,0.8598,78.0,112.6,83.0,23.6,1920,1080,0.094,119.5,124.4
Round1,Q2,1549,774.5,CYBERCX,0.855,1098.9,148.2,69.9,24.1,1920,1080,0.081,1133.8,160.2
Round1,Q2,1549,774.5,CYBERCX,0.8546,565.0,121.8,71.5,23.6,1920,1080,0.081,600.7,133.6
Round1,Q2,1549,774.5,CYBERCX,0.8524,1824.2,247.3,62.5,34.5,1920,1080,0.104,1855.5,264.5
Round1,Q2,1549,774.5,CYBERCX,0.8524,655.5,125.9,70.2,22.1,1920,1080,0.075,690.5,137.0
Round1,Q2,1549,774.5,CYBERCX,0.8517,182.7,113.9,78.9,23.6,1920,1080,0.09,222.2,125.7
Round1,Q2,1549,774.5,CYBERCX,0.8496,834.9,132.8,70.9,23.2,1920,1080,0.079,870.3,144.3
Round1,Q2,1549,774.5,CYBERCX,0.8426,0.2,110.7,56.3,24.4,1920,1080,0.066,28.3,122.9
Round1,Q2,1549,774.5,CYBERCX,0.8361,282.3,116.3,75.8,22.0,1920,1080,0.08,320.2,127.3
Round1,Q2,1549,774.5,CYBERCX,0.8281,1752.9,229.8,60.7,33.7,1920,1080,0.099,1783.2,246.7
Round1,Q2,1549,774.5,CYBERCX,0.8265,1011.9,141.9,68.0,23.0,1920,1080,0.075,1045.9,153.4
Round1,Q2,1549,774.5,CYBERCX,0.8186,1517.5,189.2,63.2,29.7,1920,1080,0.09,1549.1,204.1
Round1,Q2,1549,774.5,CYBERCX,0.8146,1186.5,154.6,67.0,24.0,1920,1080,0.078,1220.0,166.6
Round1,Q2,1549,774.5,CYBERCX,0.8129,379.3,117.1,74.0,22.8,1920,1080,0.081,416.3,128.5
Round1,Q2,1549,774.5,CYBERCX,0.786,1679.9,214.0,58.1,32.3,1920,1080,0.091,1708.9,230.2
Round1,Q2,1549,774.5,CYBERCX,0.7665,743.9,129.8,68.4,22.0,1920,1080,0.073,778.1,140.8
Round1,Q2,1549,774.5,CYBERCX,0.7468,1896.9,264.0,23.1,37.6,1920,1080,0.042,1908.4,282.8
Round1,Q2,1549,774.5,CYBERCX,0.7362,1271.3,161.1,67.2,26.4,1920,1080,0.086,1304.9,174.3
Round1,Q2,1549,774.5,CYBERCX,0.722,473.6,118.9,73.2,24.0,1920,1080,0.085,510.3,130.9
Round1,Q2,1549,774.5,CYBERCX,0.7101,1354.9,166.5,64.2,30.0,1920,1080,0.093,1387.0,181.6
Round1,Q2,1549,774.5,CYBERCX,0.6143,1440.2,178.0,46.5,26.7,1920,1080,0.06,1463.4,191.4
Round1,Q2,1549,774.5,CYBERCX,0.5258,1601.7,198.2,56.3,32.2,1920,1080,0.087,1629.9,214.3
Round1,Q2,1550,775.0,CYBERCX,0.8647,586.3,127.3,71.6,23.6,1920,1080,0.082,622.1,139.1
Round1,Q2,1550,775.0,CYBERCX,0.8643,941.4,142.4,71.0,24.0,1920,1080,0.082,976.9,154.4
Round1,Q2,1550,775.0,CYBERCX,0.8642,207.6,119.4,78.2,24.3,1920,1080,0.092,246.7,131.5
Round1,Q2,1550,775.0,CYBERCX,0.8625,854.0,138.2,70.1,23.1,1920,1080,0.078,889.1,149.7
Round1,Q2,1550,775.0,CYBERCX,0.8621,1.5,115.7,82.6,24.9,1920,1080,0.099,42.8,128.2
Round1,Q2,1550,775.0,CYBERCX,0.8578,104.2,117.8,82.5,24.3,1920,1080,0.097,145.5,130.0
Round1,Q2,1550,775.0,CYBERCX,0.8563,1116.8,153.2,68.8,24.0,1920,1080,0.08,1151.2,165.1
Round1,Q2,1550,775.0,CYBERCX,0.8514,675.3,130.6,70.4,22.5,1920,1080,0.076,710.5,141.8
Round1,Q2,1550,775.0,CYBERCX,0.839,1030.2,147.4,70.1,23.2,1920,1080,0.078,1065.3,159.0
Round1,Q2,1550,775.0,CYBERCX,0.8364,304.7,121.0,77.5,23.7,1920,1080,0.089,343.5,132.8
Round1,Q2,1550,775.0,CYBERCX,0.8332,1842.6,251.9,62.8,35.3,1920,1080,0.107,1874.1,269.5
Round1,Q2,1550,775.0,CYBERCX,0.8275,400.9,123.2,74.8,22.2,1920,1080,0.08,438.3,134.3
Round1,Q2,1550,775.0,CYBERCX,0.8214,1769.8,233.8,61.7,34.7,1920,1080,0.103,1800.7,251.2
Round1,Q2,1550,775.0,CYBERCX,0.8209,1202.8,159.4,67.6,24.7,1920,1080,0.081,1236.6,171.8
Round1,Q2,1550,775.0,CYBERCX,0.8156,1534.7,194.3,63.9,28.9,1920,1080,0.089,1566.6,208.7
Round1,Q2,1550,775.0,CYBERCX,0.7801,1371.6,173.1,66.3,28.5,1920,1080,0.091,1404.8,187.4
Round1,Q2,1550,775.0,CYBERCX,0.7755,494.4,124.3,76.4,24.1,1920,1080,0.089,532.6,136.3
Round1,Q2,1550,775.0,CYBERCX,0.7694,763.7,135.1,75.0,22.7,1920,1080,0.082,801.2,146.4
Round1,Q2,1550,775.0,CYBERCX,0.7464,1286.8,166.4,67.4,25.7,1920,1080,0.084,1320.5,179.3
Round1,Q2,1550,775.0,CYBERCX,0.7118,1455.9,183.4,56.7,26.9,1920,1080,0.074,1484.2,196.9
Round1,Q2,1550,775.0,CYBERCX,0.6558,1701.0,220.2,53.2,29.7,1920,1080,0.076,1727.6,235.0
Round1,Q2,1551,775.5,CYBERCX,0.8779,19.1,124.9,83.4,23.9,1920,1080,0.096,60.9,136.8
Round1,Q2,1551,775.5,CYBERCX,0.8717,124.6,126.3,80.4,24.0,1920,1080,0.093,164.8,138.3
Round1,Q2,1551,775.5,CYBERCX,0.8674,225.8,127.6,78.7,23.3,1920,1080,0.088,265.2,139.3
Round1,Q2,1551,775.5,CYBERCX,0.8663,323.9,129.0,76.2,23.4,1920,1080,0.086,362.0,140.7
Round1,Q2,1551,775.5,CYBERCX,0.8645,961.4,151.0,69.8,23.4,1920,1080,0.079,996.3,162.7
Round1,Q2,1551,775.5,CYBERCX,0.8596,694.3,139.1,71.0,21.9,1920,1080,0.075,729.8,150.0
Round1,Q2,1551,775.5,CYBERCX,0.8587,1137.5,160.9,68.1,24.3,1920,1080,0.08,1171.6,173.0
Round1,Q2,1551,775.5,CYBERCX,0.8518,605.2,135.2,70.3,23.2,1920,1080,0.079,640.4,146.8
Round1,Q2,1551,775.5,CYBERCX,0.8465,1049.6,155.1,69.9,23.4,1920,1080,0.079,1084.5,166.8
Round1,Q2,1551,775.5,CYBERCX,0.8404,1871.4,259.4,48.6,35.8,1920,1080,0.084,1895.7,277.3
Round1,Q2,1551,775.5,CYBERCX,0.84,1223.1,166.8,68.4,25.2,1920,1080,0.083,1257.3,179.4
Round1,Q2,1551,775.5,CYBERCX,0.8342,1797.3,243.1,62.1,32.8,1920,1080,0.098,1828.3,259.4
Round1,Q2,1551,775.5,CYBERCX,0.8337,782.4,142.6,73.6,22.6,1920,1080,0.08,819.2,153.9
Round1,Q2,1551,775.5,CYBERCX,0.8312,873.9,146.6,69.8,22.3,1920,1080,0.075,908.8,157.8
Round1,Q2,1551,775.5,CYBERCX,0.8229,1559.2,202.4,64.1,29.4,1920,1080,0.091,1591.2,217.0
Round1,Q2,1551,775.5,CYBERCX,0.7694,512.8,132.9,73.4,22.5,1920,1080,0.08,549.5,144.1
Round1,Q2,1551,775.5,CYBERCX,0.7652,419.8,131.1,73.0,22.2,1920,1080,0.078,456.3,142.2
Round1,Q2,1551,775.5,CYBERCX,0.7457,1393.1,182.0,67.3,27.2,1920,1080,0.088,1426.7,195.6
Round1,Q2,1551,775.5,CYBERCX,0.7002,1476.8,190.8,65.2,28.8,1920,1080,0.09,1509.4,205.2
Round1,Q2,1551,775.5,CYBERCX,0.6574,1641.0,210.5,63.3,33.7,1920,1080,0.103,1672.6,227.4
Round1,Q2,1551,775.5,CYBERCX,0.6572,1309.5,174.8,67.3,26.1,1920,1080,0.085,1343.2,187.9
Round1,Q2,1552,776.0,CYBERCX,0.8621,79.2,140.1,87.6,25.7,1920,1080,0.109,123.0,153.0
Round1,Q2,1552,776.0,CYBERCX,0.8601,188.4,141.5,85.6,25.9,1920,1080,0.107,231.2,154.4
Round1,Q2,1552,776.0,CYBERCX,0.8584,598.1,151.4,72.1,23.1,1920,1080,0.08,634.1,163.0
Round1,Q2,1552,776.0,CYBERCX,0.8583,784.5,159.0,75.9,24.2,1920,1080,0.088,822.4,171.1
Round1,Q2,1552,776.0,CYBERCX,0.8564,1069.9,172.3,76.2,25.2,1920,1080,0.093,1108.0,184.9
Round1,Q2,1552,776.0,CYBERCX,0.8533,976.1,167.2,75.4,25.0,1920,1080,0.091,1013.8,179.6
Round1,Q2,1552,776.0,CYBERCX,0.851,294.3,143.8,82.4,25.4,1920,1080,0.101,335.5,156.5
Round1,Q2,1552,776.0,CYBERCX,0.8493,1256.8,184.6,73.8,26.9,1920,1080,0.096,1293.7,198.1
Round1,Q2,1552,776.0,CYBERCX,0.8443,692.0,154.1,73.9,23.7,1920,1080,0.085,728.9,165.9
Round1,Q2,1552,776.0,CYBERCX,0.8362,1166.3,177.0,72.4,27.1,1920,1080,0.094,1202.5,190.6
Round1,Q2,1552,776.0,CYBERCX,0.8167,1876.9,263.7,43.1,36.0,1920,1080,0.075,1898.4,281.7
Round1,Q2,1552,776.0,CYBERCX,0.8127,0.0,139.8,56.4,24.7,1920,1080,0.067,28.2,152.2
Round1,Q2,1552,776.0,CYBERCX,0.809,883.4,162.5,72.7,23.2,1920,1080,0.081,919.7,174.1
Round1,Q2,1552,776.0,CYBERCX,0.8048,496.7,148.0,78.5,24.5,1920,1080,0.093,535.9,160.2
Round1,Q2,1552,776.0,CYBERCX,0.7921,398.0,146.0,76.8,23.8,1920,1080,0.088,436.4,157.9
Round1,Q2,1552,776.0,CYBERCX,0.7732,1620.1,221.1,67.8,32.3,1920,1080,0.105,1653.9,237.2
Round1,Q2,1552,776.0,CYBERCX,0.721,1439.0,200.1,70.1,28.8,1920,1080,0.097,1474.0,214.5
Round1,Q2,1552,776.0,CYBERCX,0.7067,1347.6,191.9,72.7,27.8,1920,1080,0.097,1384.0,205.8
Round1,Q2,1552,776.0,CYBERCX,0.5968,1705.0,229.7,72.3,38.2,1920,1080,0.133,1741.1,248.8
Round1,Q2,1552,776.0,CYBERCX,0.5966,1528.2,209.6,74.7,31.0,1920,1080,0.111,1565.6,225.1
Round1,Q2,1553,776.5,CYBERCX,0.8727,1134.8,207.3,84.0,27.8,1920,1080,0.113,1176.8,221.2
Round1,Q2,1553,776.5,CYBERCX,0.8713,724.9,187.4,81.0,26.4,1920,1080,0.103,765.4,200.6
Round1,Q2,1553,776.5,CYBERCX,0.8693,184.0,173.6,91.0,27.0,1920,1080,0.119,229.5,187.1
Round1,Q2,1553,776.5,CYBERCX,0.8645,297.3,175.6,87.9,26.7,1920,1080,0.113,341.2,188.9
Round1,Q2,1553,776.5,CYBERCX,0.863,66.3,172.5,92.2,26.4,1920,1080,0.118,112.4,185.7
Round1,Q2,1553,776.5,CYBERCX,0.8547,1337.0,220.2,84.3,29.9,1920,1080,0.122,1379.2,235.2
Round1,Q2,1553,776.5,CYBERCX,0.8534,826.4,191.4,83.2,28.3,1920,1080,0.113,868.1,205.6
Round1,Q2,1553,776.5,CYBERCX,0.8498,930.7,196.3,82.0,26.1,1920,1080,0.103,971.8,209.4
Round1,Q2,1553,776.5,CYBERCX,0.8478,1031.7,201.0,83.9,28.2,1920,1080,0.114,1073.7,215.2
Round1,Q2,1553,776.5,CYBERCX,0.8474,619.7,183.4,84.3,26.7,1920,1080,0.109,661.8,196.7
Round1,Q2,1553,776.5,CYBERCX,0.8338,408.2,177.4,84.0,26.6,1920,1080,0.108,450.1,190.7
Round1,Q2,1553,776.5,CYBERCX,0.8312,1235.8,212.8,82.9,28.8,1920,1080,0.115,1277.3,227.2
Round1,Q2,1553,776.5,CYBERCX,0.798,0.1,170.0,41.1,27.5,1920,1080,0.055,20.6,183.8
Round1,Q2,1553,776.5,CYBERCX,0.7544,516.9,180.3,81.4,26.0,1920,1080,0.102,557.6,193.3
Round1,Q2,1553,776.5,CYBERCX,0.7406,1436.9,227.7,81.8,30.5,1920,1080,0.12,1477.8,242.9
Round1,Q2,1553,776.5,CYBERCX,0.676,1537.7,237.4,78.5,31.0,1920,1080,0.117,1577.0,252.9
Round1,Q2,1553,776.5,CYBERCX,0.5744,1741.8,258.7,73.7,35.5,1920,1080,0.126,1778.6,276.5
Round1,Q2,1553,776.5,CYBERCX,0.544,1635.9,247.1,83.6,33.8,1920,1080,0.136,1677.7,264.0
Round1,Q2,1554,777.0,CYBERCX,0.8679,202.1,186.5,100.3,29.1,1920,1080,0.141,252.2,201.1
Round1,Q2,1554,777.0,CYBERCX,0.866,329.5,189.0,96.4,28.3,1920,1080,0.131,377.8,203.1
Round1,Q2,1554,777.0,CYBERCX,0.8603,1273.1,224.2,95.5,31.0,1920,1080,0.143,1320.8,239.7
Round1,Q2,1554,777.0,CYBERCX,0.8559,71.4,183.9,102.3,29.4,1920,1080,0.145,122.5,198.6
Round1,Q2,1554,777.0,CYBERCX,0.8557,1390.5,230.8,93.4,32.2,1920,1080,0.145,1437.2,246.9
Round1,Q2,1554,777.0,CYBERCX,0.8555,1156.3,217.4,94.9,31.5,1920,1080,0.144,1203.8,233.2
Round1,Q2,1554,777.0,CYBERCX,0.8526,923.4,207.6,94.5,29.7,1920,1080,0.135,970.7,222.4
Round1,Q2,1554,777.0,CYBERCX,0.8508,1041.8,212.6,92.4,29.0,1920,1080,0.129,1087.9,227.1
Round1,Q2,1554,777.0,CYBERCX,0.8491,1508.0,238.9,96.2,33.4,1920,1080,0.155,1556.1,255.6
Round1,Q2,1554,777.0,CYBERCX,0.8447,809.1,201.1,91.0,29.5,1920,1080,0.13,854.6,215.9
Round1,Q2,1554,777.0,CYBERCX,0.8404,453.8,190.6,92.5,29.0,1920,1080,0.129,500.1,205.0
Round1,Q2,1554,777.0,CYBERCX,0.8111,1858.7,269.4,61.2,37.7,1920,1080,0.111,1889.3,288.2
Round1,Q2,1554,777.0,CYBERCX,0.81,696.2,197.4,88.4,29.3,1920,1080,0.125,740.4,212.1
Round1,Q2,1554,777.0,CYBERCX,0.8079,1622.5,247.4,95.7,33.3,1920,1080,0.154,1670.3,264.1
Round1,Q2,1554,777.0,CYBERCX,0.7807,1740.1,257.5,95.1,36.2,1920,1080,0.166,1787.6,275.6
Round1,Q2,1554,777.0,CYBERCX,0.6799,0.0,181.8,42.1,28.7,1920,1080,0.058,21.1,196.2
Round1,Q2,1554,777.0,CYBERCX,0.5797,573.8,194.1,90.6,28.2,1920,1080,0.123,619.1,208.2
Round1,Q2,1555,777.5,CYBERCX,0.8736,1554.7,213.8,112.6,38.6,1920,1080,0.209,1611.0,233.1
Round1,Q2,1555,777.5,CYBERCX,0.8686,870.6,180.2,104.5,34.2,1920,1080,0.172,922.8,197.3
Round1,Q2,1555,777.5,CYBERCX,0.8668,1278.0,198.5,111.2,37.5,1920,1080,0.201,1333.6,217.2
Round1,Q2,1555,777.5,CYBERCX,0.8625,162.5,162.5,115.2,32.9,1920,1080,0.183,220.1,179.0
Round1,Q2,1555,777.5,CYBERCX,0.8623,1693.2,222.7,116.5,39.7,1920,1080,0.223,1751.5,242.5
Round1,Q2,1555,777.5,CYBERCX,0.8578,1837.0,233.5,83.0,40.0,1920,1080,0.16,1878.5,253.5
Round1,Q2,1555,777.5,CYBERCX,0.8576,1003.6,186.5,110.3,35.2,1920,1080,0.187,1058.7,204.1
Round1,Q2,1555,777.5,CYBERCX,0.8566,311.2,165.4,112.5,31.9,1920,1080,0.173,367.5,181.4
Round1,Q2,1555,777.5,CYBERCX,0.8539,1416.0,207.1,113.7,36.3,1920,1080,0.199,1472.8,225.2
Round1,Q2,1555,777.5,CYBERCX,0.8356,6.6,159.7,121.4,32.2,1920,1080,0.189,67.3,175.8
Round1,Q2,1555,777.5,CYBERCX,0.8335,595.6,171.9,108.5,31.6,1920,1080,0.165,649.9,187.7
Round1,Q2,1555,777.5,CYBERCX,0.833,455.9,168.7,111.6,32.2,1920,1080,0.173,511.7,184.7
Round1,Q2,1555,777.5,CYBERCX,0.8281,1142.0,192.9,107.9,35.7,1920,1080,0.186,1195.9,210.8
Round1,Q2,1555,777.5,CYBERCX,0.7368,740.3,176.3,100.8,33.4,1920,1080,0.162,790.6,193.0
Round1,Q2,1556,778.0,EMIRATES,0.8628,720.9,921.6,71.0,22.5,1920,1080,0.077,756.5,932.9
Round1,Q2,1556,778.0,EMIRATES,0.7291,1342.5,1.5,37.4,14.8,1920,1080,0.027,1361.2,8.9
Round1,Q2,1557,778.5,EMIRATES,0.8925,699.6,693.8,60.6,21.5,1920,1080,0.063,729.9,704.6
Round1,Q2,1558,779.0,EMIRATES,0.8407,353.7,589.8,45.8,17.2,1920,1080,0.038,376.6,598.4
Round1,Q2,1559,779.5,EMIRATES,0.4801,805.7,0.0,121.0,44.4,1920,1080,0.259,866.2,22.2
Round1,Q2,1560,780.0,EMIRATES,0.8768,447.7,210.8,59.5,21.1,1920,1080,0.061,477.5,221.4
Round1,Q2,1560,780.0,EMIRATES,0.7863,1898.0,311.3,21.7,30.5,1920,1080,0.032,1908.9,326.5
Round1,Q2,1561,780.5,EMIRATES,0.8617,1895.8,295.5,24.2,22.2,1920,1080,0.026,1907.9,306.6
Round1,Q2,1561,780.5,EMIRATES,0.6801,673.4,296.7,36.1,18.7,1920,1080,0.033,691.5,306.0
Round1,Q2,1562,781.0,CYBERCX,0.8855,931.9,73.1,129.1,39.1,1920,1080,0.243,996.4,92.7
Round1,Q2,1562,781.0,CYBERCX,0.884,1584.4,87.0,131.5,40.9,1920,1080,0.259,1650.2,107.5
Round1,Q2,1562,781.0,CYBERCX,0.8822,1092.1,76.3,128.4,40.3,1920,1080,0.25,1156.3,96.5
Round1,Q2,1562,781.0,CYBERCX,0.8781,439.4,64.7,136.3,38.5,1920,1080,0.253,507.6,84.0
Round1,Q2,1562,781.0,CYBERCX,0.8703,767.9,69.8,132.5,39.3,1920,1080,0.251,834.2,89.5
Round1,Q2,1562,781.0,CYBERCX,0.8703,1751.6,92.1,134.8,42.6,1920,1080,0.277,1819.0,113.4
Round1,Q2,1562,781.0,CYBERCX,0.8676,605.0,67.0,133.6,39.6,1920,1080,0.255,671.8,86.8
Round1,Q2,1562,781.0,CYBERCX,0.8652,1254.0,79.8,128.9,37.9,1920,1080,0.236,1318.5,98.8
Round1,Q2,1562,781.0,CYBERCX,0.8562,272.0,61.8,136.1,39.2,1920,1080,0.257,340.0,81.4
Round1,Q2,1562,781.0,CYBERCX,0.8533,1417.0,82.8,137.4,42.2,1920,1080,0.279,1485.7,103.8
Round1,Q2,1562,781.0,CYBERCX,0.8465,91.1,59.2,142.5,40.3,1920,1080,0.277,162.4,79.4
Round1,Q2,1562,781.0,CYBERCX,0.6854,0.0,61.3,55.4,34.4,1920,1080,0.092,27.7,78.6
Round1,Q2,1563,781.5,CYBERCX,0.8824,825.0,75.1,122.7,36.3,1920,1080,0.215,886.4,93.2
Round1,Q2,1563,781.5,CYBERCX,0.8758,976.1,77.4,120.6,36.6,1920,1080,0.213,1036.5,95.7
Round1,Q2,1563,781.5,CYBERCX,0.8719,1277.7,82.6,123.5,36.7,1920,1080,0.218,1339.5,101.0
Round1,Q2,1563,781.5,CYBERCX,0.8675,190.8,67.2,138.2,37.6,1920,1080,0.25,259.8,86.0
Round1,Q2,1563,781.5,CYBERCX,0.8667,1748.5,92.0,126.6,38.5,1920,1080,0.235,1811.8,111.3
Round1,Q2,1563,781.5,CYBERCX,0.8633,1127.1,80.6,122.3,36.8,1920,1080,0.217,1188.3,99.0
Round1,Q2,1563,781.5,CYBERCX,0.8546,673.6,73.6,122.6,35.3,1920,1080,0.209,734.9,91.3
Round1,Q2,1563,781.5,CYBERCX,0.853,1585.5,88.5,129.4,39.4,1920,1080,0.246,1650.2,108.3
Round1,Q2,1563,781.5,CYBERCX,0.8508,520.1,71.7,125.1,34.6,1920,1080,0.209,582.7,89.0
Round1,Q2,1563,781.5,CYBERCX,0.8498,358.2,69.7,135.3,37.0,1920,1080,0.242,425.9,88.2
Round1,Q2,1563,781.5,CYBERCX,0.8482,26.1,63.3,135.1,36.3,1920,1080,0.236,93.6,81.5
Round1,Q2,1563,781.5,CYBERCX,0.8348,1431.1,86.3,124.7,36.0,1920,1080,0.216,1493.4,104.3
Round1,Q2,1564,782.0,CYBERCX,0.8772,1183.0,91.9,111.1,33.4,1920,1080,0.179,1238.5,108.7
Round1,Q2,1564,782.0,CYBERCX,0.8746,31.6,79.2,126.5,34.3,1920,1080,0.209,94.8,96.3
Round1,Q2,1564,782.0,CYBERCX,0.8719,1044.5,90.0,112.8,33.1,1920,1080,0.18,1100.9,106.6
Round1,Q2,1564,782.0,CYBERCX,0.8699,905.6,88.1,110.4,32.7,1920,1080,0.174,960.8,104.5
Round1,Q2,1564,782.0,CYBERCX,0.8697,1322.2,93.1,114.2,34.8,1920,1080,0.192,1379.3,110.5
Round1,Q2,1564,782.0,CYBERCX,0.8696,767.0,86.9,114.1,32.6,1920,1080,0.18,824.1,103.2
Round1,Q2,1564,782.0,CYBERCX,0.8651,1463.7,95.6,114.8,34.0,1920,1080,0.188,1521.1,112.6
Round1,Q2,1564,782.0,CYBERCX,0.8579,476.5,83.3,121.7,35.2,1920,1080,0.207,537.4,100.9
Round1,Q2,1564,782.0,CYBERCX,0.8577,184.7,80.6,119.7,33.6,1920,1080,0.194,244.6,97.4
Round1,Q2,1564,782.0,CYBERCX,0.8546,1607.6,98.5,115.0,33.6,1920,1080,0.186,1665.1,115.3
Round1,Q2,1564,782.0,CYBERCX,0.8517,623.1,85.4,118.6,33.6,1920,1080,0.192,682.4,102.2
Round1,Q2,1564,782.0,CYBERCX,0.8418,333.5,81.7,114.9,35.4,1920,1080,0.196,390.9,99.4
Round1,Q2,1564,782.0,CYBERCX,0.82,1754.2,100.6,118.5,36.4,1920,1080,0.208,1813.5,118.8
Round1,Q2,1565,782.5,EMIRATES,0.867,832.3,124.5,53.8,17.2,1920,1080,0.045,859.2,133.0
Round1,Q2,1565,782.5,EMIRATES,0.8082,881.2,392.4,60.4,22.8,1920,1080,0.067,911.4,403.8
Round1,Q2,1566,783.0,EMIRATES,0.8729,1062.2,339.5,54.4,21.6,1920,1080,0.057,1089.4,350.3
Round1,Q2,1566,783.0,EMIRATES,0.8331,384.7,295.7,62.4,20.7,1920,1080,0.062,415.9,306.1
Round1,Q2,1567,783.5,EMIRATES,0.8889,1057.3,386.7,49.0,17.4,1920,1080,0.041,1081.8,395.5
Round1,Q2,1567,783.5,EMIRATES,0.8745,68.3,425.1,38.4,20.3,1920,1080,0.038,87.5,435.2
Round1,Q2,1569,784.5,EMIRATES,0.8726,1048.4,346.8,37.0,46.3,1920,1080,0.083,1066.9,370.0
Round1,Q2,1570,785.0,EMIRATES,0.8824,995.3,289.9,48.5,21.5,1920,1080,0.05,1019.6,300.6
Round1,Q2,1571,785.5,EMIRATES,0.8674,1037.1,328.0,40.4,22.3,1920,1080,0.043,1057.3,339.1
Round1,Q2,1571,785.5,EMIRATES,0.8461,942.9,303.4,53.7,21.1,1920,1080,0.055,969.7,314.0
Round1,Q2,1572,786.0,EMIRATES,0.8912,843.2,349.1,58.4,19.9,1920,1080,0.056,872.4,359.0
Round1,Q2,1573,786.5,EMIRATES,0.8837,833.3,385.2,55.2,20.4,1920,1080,0.054,860.9,395.4
Round1,Q2,1574,787.0,EMIRATES,0.8761,601.0,388.2,39.0,25.4,1920,1080,0.048,620.5,400.9
Round1,Q2,1574,787.0,EMIRATES,0.8275,1750.6,557.8,29.6,28.3,1920,1080,0.04,1765.4,572.0
Round1,Q2,1575,787.5,EMIRATES,0.8613,1658.1,571.3,147.1,52.2,1920,1080,0.37,1731.6,597.4
Round1,Q2,1575,787.5,EMIRATES,0.846,1145.7,587.1,120.9,72.6,1920,1080,0.423,1206.2,623.4
Round1,Q2,1576,788.0,EMIRATES,0.8782,999.8,525.8,99.4,60.0,1920,1080,0.287,1049.5,555.8
Round1,Q2,1576,788.0,EMIRATES,0.8479,1640.2,680.4,170.6,55.5,1920,1080,0.457,1725.5,708.2
Round1,Q2,1577,788.5,EMIRATES,0.876,1001.3,483.5,122.4,60.6,1920,1080,0.358,1062.5,513.9
Round1,Q2,1577,788.5,EMIRATES,0.8091,1550.9,664.5,174.5,67.9,1920,1080,0.572,1638.2,698.5
Round1,Q2,1577,788.5,EMIRATES,0.7278,1331.1,342.2,83.5,48.7,1920,1080,0.196,1372.8,366.5
Round1,Q2,1578,789.0,EMIRATES,0.9031,1044.8,524.1,145.4,51.5,1920,1080,0.361,1117.5,549.8
Round1,Q2,1578,789.0,EMIRATES,0.8973,1603.6,654.9,167.2,52.6,1920,1080,0.424,1687.2,681.2
Round1,Q2,1579,789.5,EMIRATES,0.876,1019.5,561.7,95.7,75.2,1920,1080,0.347,1067.4,599.3
Round1,Q2,1579,789.5,EMIRATES,0.8497,1788.7,860.3,130.0,79.6,1920,1080,0.499,1853.7,900.1
Round1,Q2,1580,790.0,EMIRATES,0.8757,332.2,873.6,164.0,56.5,1920,1080,0.447,414.2,901.8
Round1,Q2,1580,790.0,EMIRATES,0.8377,0.0,306.5,36.2,45.6,1920,1080,0.08,18.1,329.2
Round1,Q2,1581,790.5,EMIRATES,0.8898,682.1,906.4,156.0,67.0,1920,1080,0.504,760.1,939.9
Round1,Q2,1581,790.5,EMIRATES,0.8805,0.0,406.5,77.8,46.3,1920,1080,0.174,38.9,429.7
Round1,Q2,1582,791.0,EMIRATES,0.8706,142.6,558.7,105.2,64.2,1920,1080,0.326,195.2,590.8
Round1,Q2,1583,791.5,EMIRATES,0.9037,86.5,353.7,137.6,50.9,1920,1080,0.338,155.4,379.2
Round1,Q2,1583,791.5,EMIRATES,0.5833,442.9,666.9,42.7,70.3,1920,1080,0.145,464.2,702.1
Round1,Q2,1584,792.0,EMIRATES,0.9013,270.3,403.9,132.2,45.3,1920,1080,0.289,336.4,426.5
Round1,Q2,1585,792.5,EMIRATES,0.9044,505.2,506.9,142.8,50.7,1920,1080,0.349,576.6,532.3
Round1,Q2,1585,792.5,EMIRATES,0.8797,1161.7,879.0,131.1,55.2,1920,1080,0.349,1227.3,906.6
Round1,Q2,1586,793.0,CYBERCX,0.879,1087.7,40.1,102.3,30.5,1920,1080,0.15,1138.9,55.4
Round1,Q2,1586,793.0,CYBERCX,0.87,1486.0,44.4,107.0,32.5,1920,1080,0.168,1539.6,60.7
Round1,Q2,1586,793.0,CYBERCX,0.8696,1351.2,43.0,105.3,30.9,1920,1080,0.157,1403.8,58.4
Round1,Q2,1586,793.0,CYBERCX,0.8665,1218.6,41.0,104.0,31.2,1920,1080,0.157,1270.6,56.6
Round1,Q2,1586,793.0,CYBERCX,0.8635,279.6,32.5,110.4,31.1,1920,1080,0.166,334.7,48.1
Round1,Q2,1586,793.0,CYBERCX,0.8555,417.8,33.3,107.4,31.5,1920,1080,0.163,471.5,49.0
Round1,Q2,1586,793.0,CYBERCX,0.8551,1621.2,45.9,112.1,33.3,1920,1080,0.18,1677.3,62.5
Round1,Q2,1586,793.0,CYBERCX,0.8391,137.0,31.3,111.7,30.5,1920,1080,0.164,192.9,46.5
Round1,Q2,1586,793.0,CYBERCX,0.837,685.2,37.4,109.7,31.1,1920,1080,0.165,740.1,52.9
Round1,Q2,1586,793.0,CYBERCX,0.8345,552.5,35.0,104.1,30.5,1920,1080,0.153,604.6,50.2
Round1,Q2,1586,793.0,CYBERCX,0.8336,956.6,38.8,103.1,30.2,1920,1080,0.15,1008.1,53.9
Round1,Q2,1586,793.0,CYBERCX,0.8304,823.7,38.4,103.4,30.0,1920,1080,0.15,875.4,53.4
Round1,Q2,1586,793.0,CYBERCX,0.83,1764.2,47.7,110.8,32.0,1920,1080,0.171,1819.6,63.7
Round1,Q2,1586,793.0,CYBERCX,0.8201,1.3,28.9,105.8,32.2,1920,1080,0.164,54.2,45.0
Round1,Q2,1586,793.0,CYBERCX,0.3964,1907.4,50.5,12.5,35.5,1920,1080,0.021,1913.7,68.2
Round1,Q2,1587,793.5,CYBERCX,0.8728,1223.0,27.9,106.6,31.6,1920,1080,0.162,1276.3,43.7
Round1,Q2,1587,793.5,CYBERCX,0.866,259.1,18.9,110.8,31.2,1920,1080,0.167,314.5,34.5
Round1,Q2,1587,793.5,CYBERCX,0.8641,1358.0,29.6,107.9,31.4,1920,1080,0.164,1412.0,45.4
Round1,Q2,1587,793.5,CYBERCX,0.8607,1497.8,31.3,108.9,32.5,1920,1080,0.171,1552.2,47.5
Round1,Q2,1587,793.5,CYBERCX,0.8572,674.2,22.8,110.4,32.3,1920,1080,0.172,729.4,39.0
Round1,Q2,1587,793.5,CYBERCX,0.8528,1636.4,33.0,114.2,33.4,1920,1080,0.184,1693.5,49.6
Round1,Q2,1587,793.5,CYBERCX,0.8476,0.6,15.2,77.9,34.5,1920,1080,0.13,39.6,32.4
Round1,Q2,1587,793.5,CYBERCX,0.8462,1088.9,27.2,103.3,30.3,1920,1080,0.151,1140.6,42.4
Round1,Q2,1587,793.5,CYBERCX,0.843,399.3,20.3,110.9,30.6,1920,1080,0.164,454.8,35.6
Round1,Q2,1587,793.5,CYBERCX,0.8409,539.3,21.1,105.5,31.5,1920,1080,0.16,592.1,36.9
Round1,Q2,1587,793.5,CYBERCX,0.8392,110.9,16.0,115.7,32.1,1920,1080,0.179,168.7,32.0
Round1,Q2,1587,793.5,CYBERCX,0.8286,954.3,26.4,103.5,29.3,1920,1080,0.146,1006.1,41.0
Round1,Q2,1587,793.5,CYBERCX,0.8267,816.7,24.8,107.7,30.5,1920,1080,0.158,870.5,40.1
Round1,Q2,1587,793.5,CYBERCX,0.7976,1781.8,34.2,114.8,32.5,1920,1080,0.18,1839.1,50.5
Round1,Q2,1588,794.0,CYBERCX,0.8607,231.3,0.4,115.8,30.9,1920,1080,0.173,289.2,15.9
Round1,Q2,1588,794.0,CYBERCX,0.8605,1228.6,8.3,110.7,32.6,1920,1080,0.174,1284.0,24.6
Round1,Q2,1588,794.0,CYBERCX,0.8564,1369.0,9.8,112.0,33.8,1920,1080,0.183,1425.0,26.7
Round1,Q2,1588,794.0,CYBERCX,0.856,950.7,6.5,109.2,31.2,1920,1080,0.164,1005.3,22.1
Round1,Q2,1588,794.0,CYBERCX,0.8554,662.9,3.3,116.0,33.0,1920,1080,0.185,720.9,19.8
Round1,Q2,1588,794.0,CYBERCX,0.8525,1657.7,12.1,118.0,34.5,1920,1080,0.197,1716.7,29.4
Round1,Q2,1588,794.0,CYBERCX,0.8518,1512.9,10.9,113.0,34.6,1920,1080,0.189,1569.4,28.2
Round1,Q2,1588,794.0,CYBERCX,0.8493,377.9,1.2,113.0,31.1,1920,1080,0.17,434.4,16.7
Round1,Q2,1588,794.0,CYBERCX,0.8488,1089.3,7.8,108.9,31.8,1920,1080,0.167,1143.7,23.6
Round1,Q2,1588,794.0,CYBERCX,0.8475,808.2,5.2,108.6,32.1,1920,1080,0.168,862.6,21.3
Round1,Q2,1588,794.0,CYBERCX,0.842,78.3,0.0,119.7,28.5,1920,1080,0.165,138.2,14.3
Round1,Q2,1588,794.0,CYBERCX,0.8296,522.4,1.7,108.8,32.0,1920,1080,0.168,576.8,17.7
Round1,Q2,1588,794.0,CYBERCX,0.7626,1809.3,14.2,108.3,33.2,1920,1080,0.174,1863.4,30.8
Round1,Q2,1588,794.0,CYBERCX,0.6974,0.2,0.0,43.0,28.2,1920,1080,0.059,21.7,14.1
Round1,Q2,1589,794.5,CYBERCX,0.8589,1675.2,0.0,120.4,32.4,1920,1080,0.188,1735.4,16.2
Round1,Q2,1589,794.5,CYBERCX,0.8574,1525.1,0.0,118.1,30.8,1920,1080,0.175,1584.1,15.4
Round1,Q2,1589,794.5,CYBERCX,0.851,1379.0,0.0,114.1,27.8,1920,1080,0.153,1436.1,13.9
Round1,Q2,1589,794.5,CYBERCX,0.842,1234.9,0.0,113.6,25.7,1920,1080,0.141,1291.7,12.8
Round1,Q2,1589,794.5,CYBERCX,0.8413,1091.6,0.0,113.3,24.7,1920,1080,0.135,1148.3,12.3
Round1,Q2,1589,794.5,CYBERCX,0.8354,1830.1,0.0,89.9,32.5,1920,1080,0.141,1875.1,16.3
Round1,Q2,1589,794.5,CYBERCX,0.809,804.0,0.0,111.6,22.2,1920,1080,0.12,859.8,11.1
Round1,Q2,1589,794.5,CYBERCX,0.8073,946.3,0.0,116.0,23.5,1920,1080,0.131,1004.3,11.7
Round1,Q2,1589,794.5,CYBERCX,0.8063,362.8,0.0,117.7,18.2,1920,1080,0.103,421.6,9.1
Round1,Q2,1589,794.5,CYBERCX,0.7958,654.1,0.0,118.6,21.2,1920,1080,0.121,713.4,10.6
Round1,Q2,1589,794.5,CYBERCX,0.7414,212.6,0.0,119.4,15.5,1920,1080,0.089,272.2,7.8
Round1,Q2,1589,794.5,CYBERCX,0.6652,511.1,0.0,110.4,18.7,1920,1080,0.099,566.3,9.3
Round1,Q2,1589,794.5,CYBERCX,0.6362,54.3,0.0,124.1,13.7,1920,1080,0.082,116.3,6.9
Round1,Q2,1589,794.5,CYBERCX,0.3278,0.0,0.0,17.0,13.6,1920,1080,0.011,8.5,6.8
Round1,Q2,1592,796.0,EMIRATES,0.8459,710.8,413.5,27.4,15.1,1920,1080,0.02,724.5,421.1
Round1,Q2,1596,798.0,EMIRATES,0.7705,700.9,573.6,80.6,21.8,1920,1080,0.085,741.2,584.5
Round1,Q2,1596,798.0,EMIRATES,0.3009,341.3,52.2,69.7,18.7,1920,1080,0.063,376.1,61.5
Round1,Q2,1597,798.5,EMIRATES,0.8802,1113.1,347.3,50.8,33.1,1920,1080,0.081,1138.6,363.9
Round1,Q2,1597,798.5,EMIRATES,0.871,434.8,42.9,61.9,19.3,1920,1080,0.058,465.8,52.6
Round1,Q2,1598,799.0,JAMESON,0.4465,0.1,76.0,14.0,28.0,1920,1080,0.019,7.1,90.0
Round1,Q2,1599,799.5,JAMESON,0.4834,121.5,124.4,44.4,22.7,1920,1080,0.048,143.7,135.7
Round1,Q2,1599,799.5,JAMESON,0.3486,194.9,124.8,42.6,20.9,1920,1080,0.043,216.2,135.2
Round1,Q2,1602,801.0,JAMESON,0.498,111.1,115.8,50.9,25.3,1920,1080,0.062,136.6,128.5
Round1,Q2,1602,801.0,JAMESON,0.4649,29.5,113.2,52.1,26.2,1920,1080,0.066,55.5,126.2
Round1,Q2,1603,801.5,EMIRATES,0.4761,1788.5,196.0,17.3,70.9,1920,1080,0.059,1797.2,231.4
Round1,Q2,1604,802.0,EMIRATES,0.5724,1851.0,226.2,17.0,89.7,1920,1080,0.074,1859.6,271.0
Round1,Q2,1604,802.0,EMIRATES,0.3722,1377.9,183.9,14.4,49.6,1920,1080,0.034,1385.1,208.6
Round1,Q2,1605,802.5,EMIRATES,0.6496,1487.8,212.4,15.5,79.9,1920,1080,0.06,1495.6,252.3
Round1,Q2,1605,802.5,EMIRATES,0.47,1665.5,230.9,15.2,90.1,1920,1080,0.066,1673.1,275.9
Round1,Q2,1605,802.5,JAMESON,0.4633,523.5,129.5,48.4,31.8,1920,1080,0.074,547.7,145.3
Round1,Q2,1605,802.5,JAMESON,0.4277,259.4,117.7,63.8,33.1,1920,1080,0.102,291.3,134.3
Round1,Q2,1605,802.5,EMIRATES,0.3612,1181.9,186.5,13.3,52.5,1920,1080,0.034,1188.6,212.8
Round1,Q2,1606,803.0,EMIRATES,0.6363,1523.2,253.7,13.9,58.8,1920,1080,0.039,1530.2,283.2
Round1,Q2,1606,803.0,JAMESON,0.6362,307.6,113.3,58.4,33.4,1920,1080,0.094,336.8,130.0
Round1,Q2,1606,803.0,EMIRATES,0.5688,1173.5,180.8,14.3,74.8,1920,1080,0.052,1180.7,218.1
Round1,Q2,1606,803.0,EMIRATES,0.5249,1020.8,174.1,12.9,54.0,1920,1080,0.034,1027.3,201.1
Round1,Q2,1606,803.0,EMIRATES,0.5017,1339.6,183.1,15.5,99.3,1920,1080,0.074,1347.3,232.8
Round1,Q2,1606,803.0,JAMESON,0.3465,123.5,105.0,53.3,33.2,1920,1080,0.085,150.2,121.6
Round1,Q2,1608,804.0,EMIRATES,0.7526,629.2,257.8,26.7,26.3,1920,1080,0.034,642.6,271.0
Round1,Q2,1609,804.5,EMIRATES,0.7805,0.3,517.4,60.0,23.2,1920,1080,0.067,30.3,529.0
Round1,Q2,1610,805.0,EMIRATES,0.8649,1449.2,247.6,50.8,24.4,1920,1080,0.06,1474.6,259.8
Round1,Q2,1610,805.0,EMIRATES,0.8401,585.5,464.4,61.1,14.6,1920,1080,0.043,616.0,471.7
Round1,Q2,1611,805.5,EMIRATES,0.8738,81.0,792.2,65.4,24.0,1920,1080,0.076,113.7,804.2
Round1,Q2,1611,805.5,EMIRATES,0.8407,722.7,425.8,54.1,17.1,1920,1080,0.045,749.7,434.4
Round1,Q2,1612,806.0,EMIRATES,0.8794,270.2,696.2,63.4,20.8,1920,1080,0.064,301.9,706.6
Round1,Q2,1612,806.0,EMIRATES,0.8174,783.7,347.1,42.9,13.8,1920,1080,0.029,805.1,354.0
Round1,Q2,1613,806.5,EMIRATES,0.9049,471.8,631.4,56.2,21.7,1920,1080,0.059,499.9,642.3
Round1,Q2,1613,806.5,EMIRATES,0.8662,859.6,362.9,44.6,25.3,1920,1080,0.054,881.9,375.5
Round1,Q2,1614,807.0,EMIRATES,0.8779,910.6,367.4,56.6,18.4,1920,1080,0.05,938.9,376.7
Round1,Q2,1614,807.0,EMIRATES,0.8672,730.1,588.1,65.6,24.5,1920,1080,0.078,762.9,600.4
Round1,Q2,1615,807.5,EMIRATES,0.8874,564.5,537.5,37.5,23.6,1920,1080,0.043,583.3,549.3
Round1,Q2,1615,807.5,EMIRATES,0.877,838.6,380.8,55.4,16.1,1920,1080,0.043,866.3,388.8
Round1,Q2,1615,807.5,EMIRATES,0.8731,886.6,518.7,61.5,29.7,1920,1080,0.088,917.3,533.5
Round1,Q2,1616,808.0,EMIRATES,0.8766,1287.3,485.5,62.0,17.5,1920,1080,0.052,1318.3,494.2
Round1,Q2,1617,808.5,EMIRATES,0.8881,1651.8,521.7,59.0,25.5,1920,1080,0.073,1681.3,534.4
Round1,Q2,1618,809.0,EMIRATES,0.8786,1027.2,442.4,55.5,19.4,1920,1080,0.052,1055.0,452.1
Round1,Q2,1618,809.0,EMIRATES,0.8721,1844.4,645.3,62.9,18.0,1920,1080,0.055,1875.8,654.3
Round1,Q2,1618,809.0,EMIRATES,0.8551,580.5,325.4,41.9,16.6,1920,1080,0.033,601.4,333.7
Round1,Q2,1619,809.5,EMIRATES,0.8848,998.4,407.7,57.7,22.4,1920,1080,0.062,1027.3,418.9
Round1,Q2,1621,810.5,EMIRATES,0.798,982.2,343.9,36.5,14.4,1920,1080,0.025,1000.4,351.1
Round1,Q2,1622,811.0,EMIRATES,0.859,1058.3,379.8,57.2,15.0,1920,1080,0.041,1086.9,387.3
Round1,Q2,1623,811.5,EMIRATES,0.6944,1277.3,143.4,11.5,54.1,1920,1080,0.03,1283.1,170.5
Round1,Q2,1623,811.5,EMIRATES,0.6648,1439.8,166.5,12.6,60.4,1920,1080,0.037,1446.1,196.7
Round1,Q2,1623,811.5,EMIRATES,0.6273,1818.5,188.6,14.6,97.5,1920,1080,0.069,1825.8,237.4
Round1,Q2,1623,811.5,EMIRATES,0.6258,1618.4,187.1,14.6,68.3,1920,1080,0.048,1625.6,221.3
Round1,Q2,1623,811.5,JAMESON,0.3516,0.1,48.1,14.1,36.1,1920,1080,0.025,7.1,66.2
Round1,Q2,1624,812.0,EMIRATES,0.6348,1666.2,272.9,17.8,85.2,1920,1080,0.073,1675.1,315.5
Round1,Q2,1624,812.0,EMIRATES,0.5,1483.5,248.2,17.8,81.8,1920,1080,0.07,1492.4,289.1
Round1,Q2,1624,812.0,EMIRATES,0.4061,1168.8,224.1,13.8,52.4,1920,1080,0.035,1175.7,250.3
Round1,Q2,1625,812.5,EMIRATES,0.6155,1528.2,432.8,14.6,79.3,1920,1080,0.056,1535.5,472.4
Round1,Q2,1625,812.5,EMIRATES,0.4234,1216.8,395.9,12.1,64.6,1920,1080,0.038,1222.8,428.2
Round1,Q2,1625,812.5,EMIRATES,0.3591,1079.9,383.3,11.4,53.6,1920,1080,0.029,1085.6,410.1
Round1,Q2,1625,812.5,EMIRATES,0.3397,1364.8,410.1,14.1,75.6,1920,1080,0.051,1371.8,447.9
Round1,Q2,1626,813.0,EMIRATES,0.6036,1314.6,524.3,11.8,74.2,1920,1080,0.042,1320.5,561.4
Round1,Q2,1626,813.0,EMIRATES,0.5823,1475.1,545.1,12.4,80.5,1920,1080,0.048,1481.2,585.3
Round1,Q2,1626,813.0,EMIRATES,0.5008,1167.4,512.8,11.3,59.5,1920,1080,0.032,1173.1,542.5
Round1,Q2,1627,813.5,EMIRATES,0.6652,1511.9,598.1,13.1,56.8,1920,1080,0.036,1518.5,626.5
Round1,Q2,1627,813.5,EMIRATES,0.6114,1326.5,570.6,12.9,53.5,1920,1080,0.033,1333.0,597.4
Round1,Q2,1627,813.5,EMIRATES,0.606,1157.8,537.9,11.8,59.1,1920,1080,0.034,1163.8,567.5
Round1,Q2,1627,813.5,EMIRATES,0.5934,1002.8,513.2,11.5,56.6,1920,1080,0.031,1008.6,541.4
Round1,Q2,1628,814.0,EMIRATES,0.8036,1593.2,623.7,15.0,70.3,1920,1080,0.051,1600.7,658.8
Round1,Q2,1628,814.0,EMIRATES,0.735,1360.4,589.5,14.4,64.7,1920,1080,0.045,1367.6,621.9
Round1,Q2,1628,814.0,EMIRATES,0.7236,954.5,522.0,13.3,63.3,1920,1080,0.04,961.1,553.7
Round1,Q2,1628,814.0,EMIRATES,0.7073,1148.2,554.6,14.5,66.8,1920,1080,0.047,1155.5,588.1
Round1,Q2,1628,814.0,EMIRATES,0.6436,954.3,458.3,12.5,53.9,1920,1080,0.033,960.6,485.3
Round1,Q2,1628,814.0,EMIRATES,0.3743,1147.6,487.4,14.5,62.9,1920,1080,0.044,1154.8,518.8
Round1,Q2,1629,814.5,JAMESON,0.7973,310.7,0.5,66.4,23.2,1920,1080,0.074,343.9,12.1
Round1,Q2,1629,814.5,JAMESON,0.7944,430.4,0.8,66.6,26.9,1920,1080,0.086,463.7,14.2
Round1,Q2,1629,814.5,EMIRATES,0.7894,1670.9,655.3,18.5,84.4,1920,1080,0.075,1680.2,697.5
Round1,Q2,1629,814.5,EMIRATES,0.7712,896.7,455.1,15.2,69.2,1920,1080,0.051,904.3,489.8
Round1,Q2,1629,814.5,EMIRATES,0.7628,897.1,533.3,16.8,75.9,1920,1080,0.062,905.5,571.2
Round1,Q2,1629,814.5,EMIRATES,0.7488,1387.9,613.6,17.8,78.9,1920,1080,0.068,1396.8,653.1
Round1,Q2,1629,814.5,EMIRATES,0.7475,1132.2,573.1,16.5,76.8,1920,1080,0.061,1140.5,611.5
Round1,Q2,1629,814.5,EMIRATES,0.6696,1131.5,491.2,15.4,75.7,1920,1080,0.056,1139.2,529.0
Round1,Q2,1629,814.5,EMIRATES,0.6579,1671.4,564.2,16.6,82.2,1920,1080,0.066,1679.8,605.3
Round1,Q2,1629,814.5,JAMESON,0.6573,189.1,0.2,71.5,21.0,1920,1080,0.072,224.9,10.7
Round1,Q2,1629,814.5,JAMESON,0.5917,887.8,1.3,71.7,38.7,1920,1080,0.134,923.6,20.6
Round1,Q2,1629,814.5,JAMESON,0.4345,779.6,0.1,68.2,36.5,1920,1080,0.12,813.7,18.4
Round1,Q2,1629,814.5,EMIRATES,0.3543,1387.2,527.0,17.2,78.8,1920,1080,0.065,1395.7,566.4
Round1,Q2,1630,815.0,EMIRATES,0.8089,1752.6,678.7,20.9,99.1,1920,1080,0.1,1763.1,728.2
Round1,Q2,1630,815.0,EMIRATES,0.8014,833.2,535.4,18.5,87.3,1920,1080,0.078,842.4,579.0
Round1,Q2,1630,815.0,EMIRATES,0.79,832.2,440.5,17.0,77.9,1920,1080,0.064,840.7,479.5
Round1,Q2,1630,815.0,EMIRATES,0.7886,1113.0,579.8,18.2,92.0,1920,1080,0.081,1122.1,625.7
Round1,Q2,1630,815.0,EMIRATES,0.7801,1416.0,627.1,20.5,95.3,1920,1080,0.094,1426.3,674.8
Round1,Q2,1630,815.0,EMIRATES,0.743,1111.6,481.5,18.1,90.7,1920,1080,0.079,1120.7,526.9
Round1,Q2,1630,815.0,EMIRATES,0.7114,1752.9,569.0,19.8,97.5,1920,1080,0.093,1762.8,617.7
Round1,Q2,1630,815.0,EMIRATES,0.7092,1415.3,525.1,19.7,93.3,1920,1080,0.089,1425.2,571.8
Round1,Q2,1631,815.5,EMIRATES,0.8102,749.7,532.3,20.9,99.5,1920,1080,0.1,760.1,582.1
Round1,Q2,1631,815.5,EMIRATES,0.7988,1413.0,636.5,23.8,104.9,1920,1080,0.12,1424.9,689.0
Round1,Q2,1631,815.5,EMIRATES,0.7885,1797.1,693.9,24.1,113.2,1920,1080,0.131,1809.1,750.5
Round1,Q2,1631,815.5,EMIRATES,0.7799,1066.3,471.5,21.1,104.0,1920,1080,0.106,1076.8,523.5
Round1,Q2,1631,815.5,EMIRATES,0.778,1066.7,584.5,23.7,104.4,1920,1080,0.119,1078.6,636.7
Round1,Q2,1631,815.5,EMIRATES,0.7776,748.4,423.5,19.8,96.3,1920,1080,0.092,758.3,471.7
Round1,Q2,1631,815.5,EMIRATES,0.7749,1413.1,520.0,22.2,107.2,1920,1080,0.115,1424.2,573.6
Round1,Q2,1631,815.5,EMIRATES,0.7356,1797.9,572.3,21.8,108.8,1920,1080,0.115,1808.8,626.7
Round1,Q2,1632,816.0,EMIRATES,0.815,1363.8,641.2,27.1,120.0,1920,1080,0.157,1377.4,701.2
Round1,Q2,1632,816.0,EMIRATES,0.8106,1791.0,703.4,26.8,128.7,1920,1080,0.166,1804.4,767.8
Round1,Q2,1632,816.0,EMIRATES,0.8077,977.8,455.2,23.8,115.6,1920,1080,0.133,989.7,513.1
Round1,Q2,1632,816.0,EMIRATES,0.8033,978.5,582.8,25.2,114.8,1920,1080,0.14,991.1,640.2
Round1,Q2,1632,816.0,EMIRATES,0.7907,621.9,523.2,24.1,116.0,1920,1080,0.135,634.0,581.2
Round1,Q2,1632,816.0,EMIRATES,0.782,620.8,404.0,22.6,108.1,1920,1080,0.118,632.1,458.0
Round1,Q2,1632,816.0,EMIRATES,0.7706,1363.9,510.2,24.3,119.0,1920,1080,0.14,1376.0,569.7
Round1,Q2,1632,816.0,EMIRATES,0.7638,1791.4,567.1,23.8,122.6,1920,1080,0.141,1803.3,628.4
Round1,Q2,1633,816.5,EMIRATES,0.7755,1021.0,438.1,42.0,53.7,1920,1080,0.109,1042.0,465.0
Round1,Q2,1634,817.0,EMIRATES,0.6037,1075.1,531.8,38.5,49.8,1920,1080,0.092,1094.3,556.7
Round1,Q2,1635,817.5,EMIRATES,0.8957,1177.1,504.9,83.2,46.3,1920,1080,0.186,1218.7,528.1
Round1,Q2,1636,818.0,EMIRATES,0.8137,1080.0,529.6,41.6,53.4,1920,1080,0.107,1100.8,556.3
Round1,Q2,1637,818.5,EMIRATES,0.4565,1196.0,510.3,26.4,47.3,1920,1080,0.06,1209.2,534.0
Round1,Q2,1639,819.5,EMIRATES,0.7714,1115.7,327.5,77.1,51.6,1920,1080,0.192,1154.3,353.2
Round1,Q2,1640,820.0,EMIRATES,0.4493,1753.6,660.5,159.4,36.3,1920,1080,0.279,1833.3,678.7
Round1,Q2,1641,820.5,EMIRATES,0.3415,1754.5,661.5,156.0,34.7,1920,1080,0.261,1832.5,678.9
Round1,Q2,1646,823.0,EMIRATES,0.4091,1675.6,667.1,140.1,30.4,1920,1080,0.206,1745.6,682.3
Round1,Q2,1647,823.5,EMIRATES,0.634,310.9,734.8,143.2,33.3,1920,1080,0.23,382.5,751.4
Round1,Q2,1647,823.5,EMIRATES,0.3669,1633.2,694.8,145.4,34.1,1920,1080,0.239,1705.9,711.8
Round1,Q2,1648,824.0,EMIRATES,0.4879,257.1,759.6,136.8,32.3,1920,1080,0.213,325.5,775.8
Round1,Q2,1649,824.5,EMIRATES,0.652,217.0,761.3,137.3,32.0,1920,1080,0.212,285.6,777.3
Round1,Q2,1656,828.0,ACCESS_COVERS,0.6052,575.1,164.3,36.8,7.6,1920,1080,0.013,593.5,168.1
Round1,Q2,1657,828.5,ACCESS_COVERS,0.527,693.3,170.4,37.0,7.6,1920,1080,0.014,711.8,174.2
Round1,Q2,1658,829.0,ACCESS_COVERS,0.6482,797.0,179.9,38.4,7.9,1920,1080,0.015,816.2,183.8
Round1,Q2,1659,829.5,ACCESS_COVERS,0.433,870.5,198.0,36.4,8.3,1920,1080,0.015,888.7,202.2
Round1,Q2,1659,829.5,CYBERCX,0.409,831.0,197.9,33.7,7.6,1920,1080,0.012,847.9,201.7
Round1,Q2,1660,830.0,CYBERCX,0.7106,861.1,218.6,35.9,8.1,1920,1080,0.014,879.1,222.7
Round1,Q2,1660,830.0,ACCESS_COVERS,0.5946,900.3,218.9,37.2,8.1,1920,1080,0.014,918.9,223.0
Round1,Q2,1661,830.5,ACCESS_COVERS,0.6526,899.4,234.7,38.4,8.2,1920,1080,0.015,918.6,238.8
Round1,Q2,1661,830.5,CYBERCX,0.6056,859.7,234.0,34.4,8.2,1920,1080,0.014,876.9,238.1
Round1,Q2,1662,831.0,ACCESS_COVERS,0.6419,893.6,240.6,40.4,8.7,1920,1080,0.017,913.8,245.0
Round1,Q2,1662,831.0,CYBERCX,0.5104,851.5,240.5,36.3,8.4,1920,1080,0.015,869.6,244.7
Round1,Q2,1663,831.5,ACCESS_COVERS,0.767,883.4,231.9,40.8,7.9,1920,1080,0.016,903.8,235.9
Round1,Q2,1663,831.5,CYBERCX,0.6254,838.2,231.6,38.4,8.2,1920,1080,0.015,857.4,235.7
Round1,Q2,1664,832.0,EMIRATES,0.9011,1187.6,538.2,52.6,23.2,1920,1080,0.059,1213.9,549.8
Round1,Q2,1664,832.0,EMIRATES,0.8826,1739.8,716.6,72.2,20.9,1920,1080,0.073,1775.9,727.1
Round1,Q2,1665,832.5,EMIRATES,0.8844,1106.6,568.4,57.7,23.1,1920,1080,0.064,1135.5,579.9
Round1,Q2,1665,832.5,EMIRATES,0.8787,1121.6,735.6,65.3,20.7,1920,1080,0.065,1154.3,746.0
Round1,Q2,1666,833.0,EMIRATES,0.8814,525.7,620.7,68.6,23.0,1920,1080,0.076,560.0,632.2
Round1,Q2,1666,833.0,EMIRATES,0.8499,1412.5,550.4,32.8,33.0,1920,1080,0.052,1428.9,566.9
Round1,Q2,1666,833.0,EMIRATES,0.4071,462.4,157.1,60.6,29.1,1920,1080,0.085,492.7,171.6
Round1,Q2,1666,833.0,EMIRATES,0.3607,1132.0,600.0,50.5,27.7,1920,1080,0.068,1157.3,613.8
Round1,Q2,1667,833.5,EMIRATES,0.3151,98.9,37.7,48.5,26.2,1920,1080,0.061,123.1,50.9
Round1,Q2,1668,834.0,EMIRATES,0.889,573.5,32.3,37.0,22.3,1920,1080,0.04,592.0,43.4
Round1,Q2,1670,835.0,EMIRATES,0.8194,513.8,276.0,29.3,23.3,1920,1080,0.033,528.4,287.6
Round1,Q2,1671,835.5,EMIRATES,0.8999,711.5,293.9,37.9,23.5,1920,1080,0.043,730.4,305.6
Round1,Q2,1671,835.5,EMIRATES,0.6952,1224.3,305.9,43.2,13.4,1920,1080,0.028,1245.9,312.6
Round1,Q2,1672,836.0,EMIRATES,0.8827,438.5,386.1,45.2,15.0,1920,1080,0.033,461.2,393.6
Round1,Q2,1673,836.5,EMIRATES,0.8868,275.6,347.3,51.1,15.6,1920,1080,0.038,301.1,355.1
Round1,Q2,1674,837.0,EMIRATES,0.8931,1415.1,73.6,41.7,15.3,1920,1080,0.031,1435.9,81.2
Round1,Q2,1674,837.0,EMIRATES,0.7825,735.1,298.9,41.1,17.6,1920,1080,0.035,755.6,307.7
Round1,Q2,1675,837.5,EMIRATES,0.8823,1375.8,92.5,40.3,15.7,1920,1080,0.03,1395.9,100.4
Round1,Q2,1675,837.5,EMIRATES,0.8737,1065.4,296.6,33.6,33.5,1920,1080,0.054,1082.2,313.4
Round1,Q2,1676,838.0,EMIRATES,0.8862,1751.9,266.8,54.4,20.6,1920,1080,0.054,1779.1,277.1
Round1,Q2,1676,838.0,EMIRATES,0.7597,983.9,250.6,24.4,13.1,1920,1080,0.015,996.1,257.1
Round1,Q2,1680,840.0,ACCESS_COVERS,0.3208,17.0,5.3,318.8,32.2,1920,1080,0.494,176.4,21.4
Round1,Q2,1681,840.5,ACCESS_COVERS,0.3483,1099.1,23.8,278.3,33.5,1920,1080,0.449,1238.3,40.5
Round1,Q2,1684,842.0,ACCESS_COVERS,0.7631,1796.4,10.1,106.9,23.0,1920,1080,0.119,1849.9,21.6
Round1,Q2,1685,842.5,ACCESS_COVERS,0.7589,1820.4,26.4,96.0,24.6,1920,1080,0.114,1868.4,38.8
Round1,Q2,1694,847.0,CRUSADER_CARAVANS,0.464,231.2,330.7,45.5,21.1,1920,1080,0.046,254.0,341.3
Round1,Q2,1694,847.0,CRUSADER_CARAVANS,0.3775,0.4,365.0,50.8,24.4,1920,1080,0.06,25.7,377.2
Round1,Q2,1694,847.0,CRUSADER_CARAVANS,0.3168,54.9,354.8,44.8,23.7,1920,1080,0.051,77.3,366.7
Round1,Q2,1695,847.5,CRUSADER_CARAVANS,0.787,26.0,367.2,59.2,28.7,1920,1080,0.082,55.6,381.5
Round1,Q2,1695,847.5,CRUSADER_CARAVANS,0.7456,0.0,379.9,26.9,27.9,1920,1080,0.036,13.4,393.9
Round1,Q2,1695,847.5,CRUSADER_CARAVANS,0.7319,193.9,333.2,56.8,26.0,1920,1080,0.071,222.3,346.2
Round1,Q2,1695,847.5,CRUSADER_CARAVANS,0.6623,419.3,303.0,41.5,21.6,1920,1080,0.043,440.0,313.8
Round1,Q2,1695,847.5,CRUSADER_CARAVANS,0.6227,474.9,292.7,61.0,24.2,1920,1080,0.071,505.4,304.8
Round1,Q2,1695,847.5,CRUSADER_CARAVANS,0.6172,84.3,357.6,40.2,26.4,1920,1080,0.051,104.4,370.8
Round1,Q2,1695,847.5,CRUSADER_CARAVANS,0.6094,145.5,344.0,48.1,26.5,1920,1080,0.061,169.5,357.3
Round1,Q2,1695,847.5,CRUSADER_CARAVANS,0.5859,319.0,314.6,40.9,23.3,1920,1080,0.046,339.4,326.2
Round1,Q2,1695,847.5,CRUSADER_CARAVANS,0.5533,248.7,326.8,40.5,24.4,1920,1080,0.048,268.9,339.0
Round1,Q2,1695,847.5,CRUSADER_CARAVANS,0.5422,360.3,309.6,57.5,22.6,1920,1080,0.063,389.0,320.9
Round1,Q2,1695,847.5,CRUSADER_CARAVANS,0.4396,294.0,322.6,24.9,22.9,1920,1080,0.027,306.5,334.0
Round1,Q2,1695,847.5,CRUSADER_CARAVANS,0.4387,35.1,114.7,100.5,20.4,1920,1080,0.099,85.4,124.9
Round1,Q2,1695,847.5,CRUSADER_CARAVANS,0.3052,536.8,284.7,99.7,23.0,1920,1080,0.111,586.6,296.2
Round1,Q2,1696,848.0,CRUSADER_CARAVANS,0.8188,39.8,369.7,55.4,34.4,1920,1080,0.092,67.5,386.9
Round1,Q2,1696,848.0,CRUSADER_CARAVANS,0.7812,191.3,334.6,35.6,25.0,1920,1080,0.043,209.1,347.1
Round1,Q2,1696,848.0,CRUSADER_CARAVANS,0.7723,359.3,297.6,53.0,25.5,1920,1080,0.065,385.8,310.4
Round1,Q2,1696,848.0,CRUSADER_CARAVANS,0.7599,95.4,358.5,37.9,27.6,1920,1080,0.05,114.3,372.4
Round1,Q2,1696,848.0,CRUSADER_CARAVANS,0.7573,155.5,342.4,37.9,27.2,1920,1080,0.05,174.4,356.0
Round1,Q2,1696,848.0,CRUSADER_CARAVANS,0.7568,588.4,265.1,42.2,22.4,1920,1080,0.046,609.5,276.3
Round1,Q2,1696,848.0,CRUSADER_CARAVANS,0.7481,3.6,388.1,37.9,31.9,1920,1080,0.058,22.5,404.1
Round1,Q2,1696,848.0,CRUSADER_CARAVANS,0.7409,413.0,289.1,43.0,24.3,1920,1080,0.05,434.5,301.3
Round1,Q2,1696,848.0,CRUSADER_CARAVANS,0.7354,769.2,245.7,43.4,21.8,1920,1080,0.046,790.9,256.6
Round1,Q2,1696,848.0,CRUSADER_CARAVANS,0.7202,657.2,255.8,51.0,23.9,1920,1080,0.059,682.7,267.7
Round1,Q2,1696,848.0,CRUSADER_CARAVANS,0.6951,298.1,306.9,58.8,28.3,1920,1080,0.08,327.4,321.0
Round1,Q2,1696,848.0,CRUSADER_CARAVANS,0.6717,817.5,239.3,72.3,23.4,1920,1080,0.082,853.6,251.0
Round1,Q2,1696,848.0,CRUSADER_CARAVANS,0.6553,887.2,233.9,91.5,23.0,1920,1080,0.101,932.9,245.4
Round1,Q2,1696,848.0,CRUSADER_CARAVANS,0.6304,225.3,322.8,56.3,29.3,1920,1080,0.08,253.4,337.5
Round1,Q2,1696,848.0,CRUSADER_CARAVANS,0.5488,484.8,276.2,47.8,25.9,1920,1080,0.06,508.7,289.2
Round1,Q2,1696,848.0,CRUSADER_CARAVANS,0.5331,709.5,250.7,59.3,22.3,1920,1080,0.064,739.1,261.8
Round1,Q2,1696,848.0,CRUSADER_CARAVANS,0.3412,947.1,231.3,53.0,23.0,1920,1080,0.059,973.6,242.8
Round1,Q2,1696,848.0,CRUSADER_CARAVANS,0.325,495.7,273.0,88.3,25.3,1920,1080,0.108,539.8,285.7
Round1,Q2,1697,848.5,CRUSADER_CARAVANS,0.8312,144.5,338.4,58.5,36.7,1920,1080,0.104,173.8,356.8
Round1,Q2,1697,848.5,CRUSADER_CARAVANS,0.8006,476.6,259.3,69.0,32.0,1920,1080,0.106,511.1,275.3
Round1,Q2,1697,848.5,CRUSADER_CARAVANS,0.792,260.3,310.4,42.8,31.1,1920,1080,0.064,281.7,326.0
Round1,Q2,1697,848.5,CRUSADER_CARAVANS,0.7864,110.0,358.3,36.2,33.0,1920,1080,0.058,128.1,374.8
Round1,Q2,1697,848.5,CRUSADER_CARAVANS,0.7802,303.0,295.1,59.9,32.9,1920,1080,0.095,332.9,311.5
Round1,Q2,1697,848.5,CRUSADER_CARAVANS,0.7141,319.7,18.8,103.7,22.5,1920,1080,0.112,371.5,30.0
Round1,Q2,1697,848.5,CRUSADER_CARAVANS,0.7098,417.0,273.3,58.1,32.6,1920,1080,0.091,446.0,289.6
Round1,Q2,1697,848.5,CRUSADER_CARAVANS,0.7066,202.8,327.5,38.8,29.7,1920,1080,0.056,222.2,342.3
Round1,Q2,1697,848.5,CRUSADER_CARAVANS,0.6963,60.8,382.1,34.3,34.7,1920,1080,0.057,78.0,399.4
Round1,Q2,1697,848.5,CRUSADER_CARAVANS,0.6925,719.7,230.5,43.1,23.9,1920,1080,0.05,741.3,242.4
Round1,Q2,1697,848.5,CRUSADER_CARAVANS,0.6249,788.6,220.3,54.3,26.1,1920,1080,0.068,815.8,233.4
Round1,Q2,1697,848.5,CRUSADER_CARAVANS,0.6221,594.3,242.4,60.2,28.8,1920,1080,0.083,624.4,256.8
Round1,Q2,1697,848.5,CRUSADER_CARAVANS,0.6142,494.6,13.0,90.4,20.9,1920,1080,0.091,539.7,23.5
Round1,Q2,1697,848.5,CRUSADER_CARAVANS,0.5956,533.6,254.1,44.4,28.9,1920,1080,0.062,555.8,268.6
Round1,Q2,1697,848.5,CRUSADER_CARAVANS,0.5484,653.0,236.8,65.6,26.2,1920,1080,0.083,685.8,249.9
Round1,Q2,1697,848.5,CRUSADER_CARAVANS,0.5398,842.5,212.3,115.0,28.4,1920,1080,0.158,900.0,226.5
Round1,Q2,1697,848.5,CRUSADER_CARAVANS,0.4093,22.1,392.4,39.2,36.3,1920,1080,0.069,41.7,410.6
Round1,Q2,1697,848.5,CRUSADER_CARAVANS,0.3568,436.0,15.4,56.7,20.7,1920,1080,0.057,464.3,25.8
Round1,Q2,1697,848.5,CRUSADER_CARAVANS,0.3563,833.7,3.4,100.0,18.3,1920,1080,0.088,883.7,12.5
Round1,Q2,1697,848.5,CRUSADER_CARAVANS,0.3332,0.0,413.6,21.4,43.2,1920,1080,0.045,10.7,435.2
Round1,Q2,1697,848.5,CRUSADER_CARAVANS,0.3065,362.4,286.5,40.6,29.0,1920,1080,0.057,382.7,301.0
Round1,Q2,1698,849.0,CRUSADER_CARAVANS,0.8163,272.1,297.3,54.5,36.4,1920,1080,0.096,299.3,315.5
Round1,Q2,1698,849.0,CRUSADER_CARAVANS,0.8091,111.5,348.3,51.8,41.6,1920,1080,0.104,137.4,369.0
Round1,Q2,1698,849.0,CRUSADER_CARAVANS,0.7952,437.1,259.2,69.1,33.8,1920,1080,0.113,471.6,276.1
Round1,Q2,1698,849.0,CRUSADER_CARAVANS,0.7872,506.0,243.4,105.8,33.6,1920,1080,0.171,558.9,260.1
Round1,Q2,1698,849.0,CRUSADER_CARAVANS,0.7865,163.3,322.0,61.5,43.5,1920,1080,0.129,194.1,343.8
Round1,Q2,1698,849.0,CRUSADER_CARAVANS,0.759,629.9,228.6,63.8,29.2,1920,1080,0.09,661.8,243.2
Round1,Q2,1698,849.0,CRUSADER_CARAVANS,0.6944,326.3,275.6,97.5,41.9,1920,1080,0.197,375.0,296.6
Round1,Q2,1698,849.0,CRUSADER_CARAVANS,0.6565,66.1,371.8,43.4,42.7,1920,1080,0.089,87.8,393.2
Round1,Q2,1698,849.0,CRUSADER_CARAVANS,0.5914,171.4,0.8,100.0,20.2,1920,1080,0.097,221.5,10.9
Round1,Q2,1698,849.0,CRUSADER_CARAVANS,0.5597,221.8,316.2,38.0,32.6,1920,1080,0.06,240.8,332.5
Round1,Q2,1698,849.0,CRUSADER_CARAVANS,0.5528,694.8,216.9,113.0,31.3,1920,1080,0.171,751.2,232.5
Round1,Q2,1698,849.0,CRUSADER_CARAVANS,0.5413,26.1,391.1,31.0,39.4,1920,1080,0.059,41.6,410.8
Round1,Q2,1698,849.0,CRUSADER_CARAVANS,0.499,0.8,402.9,29.1,49.0,1920,1080,0.069,15.4,427.4
Round1,Q2,1699,849.5,CRUSADER_CARAVANS,0.7939,89.7,382.4,32.6,34.4,1920,1080,0.054,106.0,399.6
Round1,Q2,1699,849.5,CRUSADER_CARAVANS,0.7886,39.7,394.2,51.4,46.6,1920,1080,0.115,65.4,417.5
Round1,Q2,1699,849.5,CRUSADER_CARAVANS,0.7529,175.3,332.7,89.5,44.1,1920,1080,0.19,220.0,354.7
Round1,Q2,1699,849.5,CRUSADER_CARAVANS,0.7475,124.7,359.9,51.2,38.9,1920,1080,0.096,150.3,379.3
Round1,Q2,1699,849.5,CRUSADER_CARAVANS,0.5947,515.0,255.2,105.1,34.1,1920,1080,0.173,567.5,272.2
Round1,Q2,1699,849.5,CRUSADER_CARAVANS,0.589,307.8,7.5,155.9,21.3,1920,1080,0.16,385.8,18.1
Round1,Q2,1699,849.5,CRUSADER_CARAVANS,0.4785,337.4,292.8,73.5,36.1,1920,1080,0.128,374.2,310.8
Round1,Q2,1699,849.5,CRUSADER_CARAVANS,0.4486,445.0,269.9,72.4,33.9,1920,1080,0.118,481.2,286.8
Round1,Q2,1699,849.5,CRUSADER_CARAVANS,0.3837,299.3,307.2,38.0,33.1,1920,1080,0.061,318.4,323.8
Round1,Q2,1699,849.5,CRUSADER_CARAVANS,0.3416,537.8,2.4,102.3,17.6,1920,1080,0.087,589.0,11.2
Round1,Q2,1700,850.0,CRUSADER_CARAVANS,0.811,197.9,350.1,55.5,36.8,1920,1080,0.098,225.7,368.5
Round1,Q2,1700,850.0,CRUSADER_CARAVANS,0.7972,151.8,371.5,46.8,36.2,1920,1080,0.082,175.3,389.7
Round1,Q2,1700,850.0,CRUSADER_CARAVANS,0.7336,315.9,322.4,38.4,30.4,1920,1080,0.056,335.1,337.6
Round1,Q2,1700,850.0,CRUSADER_CARAVANS,0.5806,46.2,433.8,27.3,32.9,1920,1080,0.043,59.8,450.2
Round1,Q2,1700,850.0,CRUSADER_CARAVANS,0.5559,254.2,338.7,39.0,30.5,1920,1080,0.057,273.7,353.9
Round1,Q2,1700,850.0,CRUSADER_CARAVANS,0.5069,65.5,401.6,49.4,52.6,1920,1080,0.125,90.2,427.9
Round1,Q2,1700,850.0,CRUSADER_CARAVANS,0.4403,0.0,451.8,39.2,53.7,1920,1080,0.102,19.6,478.7
Round1,Q2,1700,850.0,CRUSADER_CARAVANS,0.3482,354.1,308.6,56.2,32.1,1920,1080,0.087,382.2,324.6
Round1,Q2,1700,850.0,CRUSADER_CARAVANS,0.3248,99.4,394.0,47.2,41.4,1920,1080,0.094,123.0,414.7
Round1,Q2,1700,850.0,CRUSADER_CARAVANS,0.3073,458.8,284.7,67.6,30.3,1920,1080,0.099,492.5,299.9
Round1,Q2,1701,850.5,CRUSADER_CARAVANS,0.7493,328.1,329.3,35.7,28.2,1920,1080,0.049,346.0,343.4
Round1,Q2,1701,850.5,CRUSADER_CARAVANS,0.6255,125.4,402.0,33.6,39.0,1920,1080,0.063,142.2,421.5
Round1,Q2,1701,850.5,CRUSADER_CARAVANS,0.6192,14.1,459.9,41.8,46.0,1920,1080,0.093,35.0,482.9
Round1,Q2,1701,850.5,CRUSADER_CARAVANS,0.5721,80.8,408.4,51.0,51.4,1920,1080,0.126,106.3,434.1
Round1,Q2,1701,850.5,CRUSADER_CARAVANS,0.5348,61.6,441.1,26.9,31.9,1920,1080,0.041,75.1,457.1
Round1,Q2,1701,850.5,CRUSADER_CARAVANS,0.4572,162.9,382.4,38.1,33.1,1920,1080,0.061,181.9,399.0
Round1,Q2,1702,851.0,CRUSADER_CARAVANS,0.7362,101.4,408.9,70.1,51.0,1920,1080,0.172,136.5,434.4
Round1,Q2,1702,851.0,CRUSADER_CARAVANS,0.6654,336.4,337.1,36.4,29.5,1920,1080,0.052,354.6,351.8
Round1,Q2,1702,851.0,CRUSADER_CARAVANS,0.6306,77.4,444.7,26.2,32.5,1920,1080,0.041,90.5,460.9
Round1,Q2,1702,851.0,CRUSADER_CARAVANS,0.5541,174.2,386.2,41.0,37.2,1920,1080,0.073,194.6,404.8
Round1,Q2,1702,851.0,CRUSADER_CARAVANS,0.5077,264.5,353.9,54.6,32.7,1920,1080,0.086,291.7,370.2
Round1,Q2,1703,851.5,CRUSADER_CARAVANS,0.7184,144.6,414.5,37.4,37.3,1920,1080,0.067,163.3,433.2
Round1,Q2,1703,851.5,CRUSADER_CARAVANS,0.5865,82.0,448.3,36.5,38.3,1920,1080,0.067,100.3,467.4
Round1,Q2,1703,851.5,CRUSADER_CARAVANS,0.5643,106.1,424.9,40.1,47.4,1920,1080,0.092,126.1,448.6
Round1,Q2,1703,851.5,CRUSADER_CARAVANS,0.5202,378.0,330.0,57.4,31.4,1920,1080,0.087,406.7,345.7
Round1,Q2,1703,851.5,CRUSADER_CARAVANS,0.4343,336.5,344.7,41.7,29.2,1920,1080,0.059,357.3,359.3
Round1,Q2,1703,851.5,CRUSADER_CARAVANS,0.4054,183.6,398.1,36.3,30.5,1920,1080,0.053,201.7,413.3
Round1,Q2,1703,851.5,CRUSADER_CARAVANS,0.38,39.8,472.7,39.5,41.4,1920,1080,0.079,59.5,493.4
Round1,Q2,1704,852.0,CRUSADER_CARAVANS,0.7847,328.7,351.1,46.6,29.8,1920,1080,0.067,352.0,366.0
Round1,Q2,1704,852.0,CRUSADER_CARAVANS,0.7262,132.2,418.7,50.8,43.9,1920,1080,0.108,157.6,440.6
Round1,Q2,1704,852.0,CRUSADER_CARAVANS,0.7104,376.1,337.2,54.6,30.7,1920,1080,0.081,403.4,352.6
Round1,Q2,1704,852.0,CRUSADER_CARAVANS,0.6574,87.2,454.0,30.5,35.6,1920,1080,0.052,102.5,471.8
Round1,Q2,1704,852.0,CRUSADER_CARAVANS,0.6447,184.6,402.0,34.3,31.7,1920,1080,0.052,201.7,417.8
Round1,Q2,1704,852.0,CRUSADER_CARAVANS,0.6223,115.5,422.9,38.4,48.4,1920,1080,0.09,134.7,447.1
Round1,Q2,1704,852.0,CRUSADER_CARAVANS,0.5305,431.4,324.4,61.1,30.5,1920,1080,0.09,461.9,339.7
Round1,Q2,1704,852.0,CRUSADER_CARAVANS,0.4868,501.1,310.0,54.3,29.3,1920,1080,0.077,528.3,324.6
Round1,Q2,1704,852.0,CRUSADER_CARAVANS,0.4357,214.6,390.4,41.8,33.7,1920,1080,0.068,235.5,407.2
Round1,Q2,1704,852.0,CRUSADER_CARAVANS,0.3755,254.8,369.4,66.1,34.3,1920,1080,0.109,287.8,386.5
Round1,Q2,1705,852.5,CRUSADER_CARAVANS,0.7933,142.1,425.2,34.3,34.8,1920,1080,0.058,159.3,442.6
Round1,Q2,1705,852.5,CRUSADER_CARAVANS,0.7585,179.2,406.8,37.6,31.1,1920,1080,0.056,198.0,422.4
Round1,Q2,1705,852.5,CRUSADER_CARAVANS,0.4815,80.3,449.7,40.5,46.6,1920,1080,0.091,100.6,473.0
Round1,Q2,1705,852.5,CRUSADER_CARAVANS,0.3912,97.5,438.4,44.9,42.6,1920,1080,0.092,119.9,459.7
Round1,Q2,1706,853.0,CRUSADER_CARAVANS,0.7174,302.0,364.3,51.5,29.7,1920,1080,0.074,327.7,379.1
Round1,Q2,1706,853.0,CRUSADER_CARAVANS,0.6729,69.5,465.4,32.4,36.0,1920,1080,0.056,85.7,483.4
Round1,Q2,1706,853.0,CRUSADER_CARAVANS,0.6681,167.5,415.9,34.9,29.2,1920,1080,0.049,185.0,430.5
Round1,Q2,1706,853.0,CRUSADER_CARAVANS,0.5028,99.7,432.3,64.1,44.8,1920,1080,0.138,131.7,454.7
Round1,Q2,1706,853.0,CRUSADER_CARAVANS,0.469,36.3,486.1,32.0,37.6,1920,1080,0.058,52.3,504.9
Round1,Q2,1706,853.0,CRUSADER_CARAVANS,0.4145,243.2,381.3,57.0,31.8,1920,1080,0.088,271.7,397.2
Round1,Q2,1707,853.5,CRUSADER_CARAVANS,0.7358,58.9,471.3,32.5,36.9,1920,1080,0.058,75.2,489.7
Round1,Q2,1707,853.5,CRUSADER_CARAVANS,0.7208,291.6,371.7,47.8,29.4,1920,1080,0.068,315.5,386.4
Round1,Q2,1707,853.5,CRUSADER_CARAVANS,0.7088,89.3,440.6,57.1,45.3,1920,1080,0.125,117.8,463.3
Round1,Q2,1707,853.5,CRUSADER_CARAVANS,0.6813,339.9,357.2,50.8,29.6,1920,1080,0.073,365.3,372.0
Round1,Q2,1707,853.5,CRUSADER_CARAVANS,0.6778,156.8,420.2,36.3,29.9,1920,1080,0.052,175.0,435.1
Round1,Q2,1707,853.5,CRUSADER_CARAVANS,0.6691,121.2,437.9,34.4,37.1,1920,1080,0.062,138.4,456.5
Round1,Q2,1707,853.5,CRUSADER_CARAVANS,0.6085,589.2,307.9,61.7,26.5,1920,1080,0.079,620.0,321.2
Round1,Q2,1707,853.5,CRUSADER_CARAVANS,0.3222,188.1,406.7,36.3,30.1,1920,1080,0.053,206.2,421.7
Round1,Q2,1708,854.0,CRUSADER_CARAVANS,0.7017,69.0,458.6,38.5,37.1,1920,1080,0.069,88.2,477.1
Round1,Q2,1708,854.0,CRUSADER_CARAVANS,0.6409,109.1,442.1,33.4,31.9,1920,1080,0.051,125.7,458.0
Round1,Q2,1708,854.0,CRUSADER_CARAVANS,0.551,287.1,378.2,34.1,26.6,1920,1080,0.044,304.2,391.5
Round1,Q2,1708,854.0,CRUSADER_CARAVANS,0.3721,46.7,465.6,54.6,46.7,1920,1080,0.123,74.0,489.0
Round1,Q2,1708,854.0,CRUSADER_CARAVANS,0.3024,320.5,366.6,46.8,27.8,1920,1080,0.063,343.9,380.5
Round1,Q2,1709,854.5,CRUSADER_CARAVANS,0.6168,95.0,446.8,31.7,31.5,1920,1080,0.048,110.8,462.5
Round1,Q2,1709,854.5,CRUSADER_CARAVANS,0.4223,52.6,462.1,42.1,37.3,1920,1080,0.076,73.7,480.8
Round1,Q2,1709,854.5,CRUSADER_CARAVANS,0.3716,304.5,369.2,49.2,28.8,1920,1080,0.068,329.1,383.6
Round1,Q2,1710,855.0,CRUSADER_CARAVANS,0.4837,41.8,463.2,33.1,34.8,1920,1080,0.056,58.4,480.6
Round1,Q2,1710,855.0,CRUSADER_CARAVANS,0.4836,10.1,475.3,36.3,46.1,1920,1080,0.081,28.2,498.3
Round1,Q2,1710,855.0,CRUSADER_CARAVANS,0.4494,74.4,449.9,31.9,31.3,1920,1080,0.048,90.4,465.6
Round1,Q2,1711,855.5,CRUSADER_CARAVANS,0.6246,26.4,461.5,33.8,38.3,1920,1080,0.062,43.3,480.6
Round1,Q2,1712,856.0,CRUSADER_CARAVANS,0.5781,26.3,462.2,33.1,39.0,1920,1080,0.062,42.8,481.7
Round1,Q2,1712,856.0,CRUSADER_CARAVANS,0.3828,267.8,372.4,46.3,27.0,1920,1080,0.06,290.9,385.9
Round1,Q2,1712,856.0,CRUSADER_CARAVANS,0.3804,1.9,479.8,29.6,41.1,1920,1080,0.059,16.7,500.3
Round1,Q2,1713,856.5,CRUSADER_CARAVANS,0.5196,26.8,453.3,59.8,46.8,1920,1080,0.135,56.7,476.6
Round1,Q2,1713,856.5,CRUSADER_CARAVANS,0.3721,267.1,372.5,48.4,27.4,1920,1080,0.064,291.4,386.2
Round1,Q2,1713,856.5,CRUSADER_CARAVANS,0.3216,231.4,385.7,35.5,26.7,1920,1080,0.046,249.2,399.0
Round1,Q2,1714,857.0,CRUSADER_CARAVANS,0.4381,25.8,456.4,45.7,44.6,1920,1080,0.098,48.7,478.7
Round1,Q2,1717,858.5,EMIRATES,0.8181,522.0,37.0,257.7,64.0,1920,1080,0.795,650.8,69.0
Round1,Q2,1718,859.0,EMIRATES,0.8294,1687.6,82.7,206.2,47.7,1920,1080,0.475,1790.8,106.5
Round1,Q2,1719,859.5,CRUSADER_CARAVANS,0.7143,537.8,89.1,93.7,19.3,1920,1080,0.087,584.7,98.8
Round1,Q2,1719,859.5,CRUSADER_CARAVANS,0.7046,36.5,408.5,65.7,40.9,1920,1080,0.13,69.4,429.0
Round1,Q2,1719,859.5,CRUSADER_CARAVANS,0.6777,264.9,348.8,50.8,31.1,1920,1080,0.076,290.3,364.3
Round1,Q2,1719,859.5,CRUSADER_CARAVANS,0.6736,147.3,374.6,71.7,36.2,1920,1080,0.125,183.2,392.7
Round1,Q2,1719,859.5,CRUSADER_CARAVANS,0.6018,392.4,323.5,65.8,29.1,1920,1080,0.093,425.4,338.1
Round1,Q2,1719,859.5,CRUSADER_CARAVANS,0.5839,651.0,287.0,91.9,25.9,1920,1080,0.115,696.9,300.0
Round1,Q2,1719,859.5,CRUSADER_CARAVANS,0.4721,512.7,304.1,92.6,27.5,1920,1080,0.123,559.0,317.9
Round1,Q2,1720,860.0,CRUSADER_CARAVANS,0.3597,27.8,434.0,33.1,33.6,1920,1080,0.054,44.4,450.8
Round1,Q2,1720,860.0,CRUSADER_CARAVANS,0.3034,0.0,437.5,42.4,43.1,1920,1080,0.088,21.2,459.0
Round1,Q2,1721,860.5,CRUSADER_CARAVANS,0.3917,37.2,446.6,85.1,39.3,1920,1080,0.161,79.8,466.2
Round1,Q2,1722,861.0,CRUSADER_CARAVANS,0.3327,263.9,413.5,109.9,39.2,1920,1080,0.208,318.9,433.1
Round1,Q2,1724,862.0,EMIRATES,0.876,1881.3,671.0,38.7,16.8,1920,1080,0.031,1900.6,679.4
Round1,Q2,1724,862.0,EMIRATES,0.8732,693.3,455.8,42.3,15.0,1920,1080,0.031,714.4,463.3
Round1,Q2,1724,862.0,EMIRATES,0.8695,922.2,443.2,31.6,15.1,1920,1080,0.023,938.0,450.8
Round1,Q2,1724,862.0,EMIRATES,0.8413,545.0,749.2,54.8,17.7,1920,1080,0.047,572.4,758.0
Round1,Q2,1725,862.5,EMIRATES,0.8254,950.1,824.2,57.6,25.9,1920,1080,0.072,978.9,837.2
Round1,Q2,1725,862.5,EMIRATES,0.7675,842.4,465.4,29.4,14.0,1920,1080,0.02,857.1,472.4
Round1,Q2,1725,862.5,EMIRATES,0.7498,969.3,563.7,35.8,13.9,1920,1080,0.024,987.2,570.7
Round1,Q2,1726,863.0,EMIRATES,0.8775,1099.4,793.6,48.0,28.1,1920,1080,0.065,1123.4,807.6
Round1,Q2,1726,863.0,EMIRATES,0.8139,0.0,584.5,22.4,30.2,1920,1080,0.033,11.2,599.6
Round1,Q2,1726,863.0,EMIRATES,0.4953,1910.2,707.4,9.8,22.1,1920,1080,0.01,1915.1,718.4
Round1,Q2,1727,863.5,EMIRATES,0.4605,1558.5,741.5,49.4,19.0,1920,1080,0.045,1583.2,751.0
Round1,Q2,1728,864.0,EMIRATES,0.8733,1430.4,400.0,50.6,20.7,1920,1080,0.051,1455.7,410.4
Round1,Q2,1729,864.5,EMIRATES,0.71,852.4,518.8,71.6,18.4,1920,1080,0.063,888.2,528.0
Round1,Q2,1730,865.0,EMIRATES,0.8918,910.9,217.0,46.1,17.0,1920,1080,0.038,933.9,225.6
Round1,Q2,1730,865.0,EMIRATES,0.8724,355.9,484.5,58.1,18.1,1920,1080,0.051,384.9,493.6
Round1,Q2,1731,865.5,EMIRATES,0.8914,1507.1,934.2,41.6,19.4,1920,1080,0.039,1527.9,943.9
Round1,Q2,1731,865.5,EMIRATES,0.8871,1129.1,182.7,51.3,18.6,1920,1080,0.046,1154.8,192.0
Round1,Q2,1731,865.5,EMIRATES,0.8741,333.0,514.5,55.3,15.7,1920,1080,0.042,360.6,522.4
Round1,Q2,1732,866.0,EMIRATES,0.8958,1179.2,90.9,50.7,20.3,1920,1080,0.05,1204.5,101.1
Round1,Q2,1732,866.0,EMIRATES,0.7817,1290.7,838.3,54.5,22.7,1920,1080,0.06,1317.9,849.6
Round1,Q2,1732,866.0,EMIRATES,0.7278,311.0,462.6,44.9,25.0,1920,1080,0.054,333.4,475.2
Round1,Q2,1733,866.5,EMIRATES,0.8915,1037.6,13.3,48.8,26.5,1920,1080,0.062,1062.0,26.6
Round1,Q2,1733,866.5,EMIRATES,0.8906,1792.6,143.1,48.8,18.0,1920,1080,0.042,1816.9,152.1
Round1,Q2,1733,866.5,EMIRATES,0.874,981.0,469.4,42.3,17.4,1920,1080,0.035,1002.1,478.0
Round1,Q2,1733,866.5,EMIRATES,0.8617,968.2,755.4,62.5,20.7,1920,1080,0.062,999.4,765.8
Round1,Q2,1733,866.5,EMIRATES,0.6794,203.5,346.3,23.1,10.9,1920,1080,0.012,215.1,351.7
Round1,Q2,1734,867.0,EMIRATES,0.8747,757.2,14.3,53.0,17.9,1920,1080,0.046,783.7,23.3
Round1,Q2,1734,867.0,EMIRATES,0.8735,527.5,699.5,67.0,22.7,1920,1080,0.074,561.0,710.8
Round1,Q2,1734,867.0,EMIRATES,0.8051,1356.8,269.8,51.8,20.4,1920,1080,0.051,1382.7,280.0
Round1,Q2,1735,867.5,EMIRATES,0.8857,1561.4,333.1,51.5,21.5,1920,1080,0.053,1587.1,343.8
Round1,Q2,1735,867.5,EMIRATES,0.8843,816.2,30.9,43.4,16.3,1920,1080,0.034,837.9,39.0
Round1,Q2,1735,867.5,EMIRATES,0.8838,401.6,678.0,61.8,18.8,1920,1080,0.056,432.5,687.4
Round1,Q2,1741,870.5,EMIRATES,0.7988,1155.0,264.2,139.1,102.3,1920,1080,0.686,1224.5,315.3
Round1,Q2,1742,871.0,EMIRATES,0.8647,890.2,316.6,135.7,43.2,1920,1080,0.283,958.1,338.2
Round1,Q2,1743,871.5,EMIRATES,0.7911,619.2,257.5,52.2,30.7,1920,1080,0.077,645.3,272.8
Round1,Q2,1744,872.0,EMIRATES,0.7974,1850.0,215.6,47.6,27.9,1920,1080,0.064,1873.8,229.5
Round1,Q2,1745,872.5,EMIRATES,0.8939,1607.8,259.3,75.0,26.4,1920,1080,0.095,1645.3,272.5
Round1,Q2,1746,873.0,EMIRATES,0.8996,1524.6,271.4,71.0,24.4,1920,1080,0.083,1560.1,283.6
Round1,Q2,1746,873.0,EMIRATES,0.8464,0.0,857.9,41.4,35.1,1920,1080,0.07,20.7,875.4
Round1,Q2,1747,873.5,EMIRATES,0.8653,112.1,833.0,99.3,32.9,1920,1080,0.158,161.8,849.5
Round1,Q2,1747,873.5,EMIRATES,0.7267,553.3,443.2,62.0,22.4,1920,1080,0.067,584.3,454.4
Round1,Q2,1749,874.5,EMIRATES,0.8737,348.1,407.4,161.4,77.5,1920,1080,0.603,428.8,446.1
Round1,Q2,1750,875.0,EMIRATES,0.8924,352.6,437.4,152.2,47.0,1920,1080,0.345,428.7,460.9
Round1,Q2,1751,875.5,EMIRATES,0.8819,590.3,412.4,66.7,57.0,1920,1080,0.183,623.6,440.9
Round1,Q2,1751,875.5,EMIRATES,0.3269,880.5,265.1,56.4,41.4,1920,1080,0.113,908.8,285.8
Round1,Q2,1752,876.0,EMIRATES,0.895,698.5,371.2,81.4,42.6,1920,1080,0.167,739.2,392.5
Round1,Q2,1752,876.0,EMIRATES,0.8797,1458.0,272.2,114.8,36.9,1920,1080,0.204,1515.4,290.7
Round1,Q2,1753,876.5,EMIRATES,0.8849,1735.4,179.5,125.0,50.8,1920,1080,0.306,1797.9,204.9
Round1,Q2,1753,876.5,EMIRATES,0.5235,703.8,132.6,67.8,48.5,1920,1080,0.159,737.7,156.8
Round1,Q2,1754,877.0,EMIRATES,0.8834,1182.6,339.0,49.9,17.2,1920,1080,0.041,1207.5,347.6
Round1,Q2,1754,877.0,EMIRATES,0.8819,667.5,314.9,35.0,20.2,1920,1080,0.034,685.0,325.0
Round1,Q2,1755,877.5,EMIRATES,0.8726,701.5,318.7,21.8,20.7,1920,1080,0.022,712.4,329.0
Round1,Q2,1756,878.0,EMIRATES,0.8943,900.2,295.6,51.5,17.7,1920,1080,0.044,925.9,304.4
Round1,Q2,1756,878.0,EMIRATES,0.8802,1041.5,352.3,50.5,18.0,1920,1080,0.044,1066.7,361.4
Round1,Q2,1757,878.5,EMIRATES,0.873,1004.7,328.6,50.8,21.6,1920,1080,0.053,1030.1,339.4
Round1,Q2,1758,879.0,EMIRATES,0.8752,1071.2,329.7,46.4,20.0,1920,1080,0.045,1094.4,339.7
Round1,Q2,1759,879.5,EMIRATES,0.871,609.2,305.0,30.6,18.6,1920,1080,0.027,624.5,314.3
Round1,Q2,1759,879.5,EMIRATES,0.8647,1218.0,306.0,22.2,18.3,1920,1080,0.02,1229.2,315.2
Round1,Q2,1760,880.0,CRUSADER_CARAVANS,0.5664,98.3,704.4,109.2,67.5,1920,1080,0.355,152.9,738.1
Round1,Q2,1760,880.0,CRUSADER_CARAVANS,0.5435,0.0,765.3,63.1,65.9,1920,1080,0.2,31.5,798.2
Round1,Q2,1760,880.0,CRUSADER_CARAVANS,0.4051,253.1,657.2,116.3,59.5,1920,1080,0.334,311.2,686.9
Round1,Q2,1761,880.5,CRUSADER_CARAVANS,0.3285,0.3,766.9,63.4,63.8,1920,1080,0.195,32.1,798.8
Round1,Q2,1761,880.5,CYBERCX,0.3183,100.5,702.3,108.9,76.8,1920,1080,0.404,155.0,740.7
Round1,Q2,1762,881.0,CRUSADER_CARAVANS,0.5352,4.3,761.4,63.2,64.2,1920,1080,0.196,35.9,793.5
Round1,Q2,1763,881.5,CRUSADER_CARAVANS,0.427,0.1,769.0,60.8,63.9,1920,1080,0.187,30.5,800.9
Round1,Q2,1763,881.5,CRUSADER_CARAVANS,0.3974,248.3,662.9,111.7,59.5,1920,1080,0.321,304.2,692.7
Round1,Q2,1765,882.5,CRUSADER_CARAVANS,0.3035,71.1,705.6,105.4,65.2,1920,1080,0.332,123.8,738.2
Round1,Q2,1766,883.0,CRUSADER_CARAVANS,0.3319,63.5,704.4,101.0,65.0,1920,1080,0.317,114.0,736.9
Round1,Q2,1767,883.5,CRUSADER_CARAVANS,0.554,63.9,704.3,103.8,63.2,1920,1080,0.316,115.9,735.9
Round1,Q2,1767,883.5,CRUSADER_CARAVANS,0.5122,369.4,624.1,104.9,44.7,1920,1080,0.226,421.8,646.5
Round1,Q2,1767,883.5,CRUSADER_CARAVANS,0.3879,216.2,655.6,105.6,52.1,1920,1080,0.265,269.0,681.7
Round1,Q2,1773,886.5,EMIRATES,0.6226,0.0,905.2,15.0,33.6,1920,1080,0.024,7.5,922.0
Round1,Q2,1776,888.0,EMIRATES,0.3365,0.0,964.3,36.0,39.9,1920,1080,0.069,18.0,984.3
Round1,Q2,1778,889.0,CRUSADER_CARAVANS,0.6581,135.5,0.0,713.6,290.0,1920,1080,9.981,492.3,145.0
Round1,Q2,1782,891.0,CRUSADER_CARAVANS,0.8398,617.2,257.6,55.0,28.3,1920,1080,0.075,644.7,271.7
Round1,Q2,1782,891.0,CRUSADER_CARAVANS,0.8305,931.8,245.3,55.2,28.5,1920,1080,0.076,959.4,259.5
Round1,Q2,1782,891.0,CRUSADER_CARAVANS,0.8293,304.1,270.9,54.8,30.2,1920,1080,0.08,331.5,286.0
Round1,Q2,1782,891.0,CRUSADER_CARAVANS,0.8228,5.3,734.0,92.9,63.0,1920,1080,0.282,51.7,765.5
Round1,Q2,1782,891.0,CRUSADER_CARAVANS,0.8178,1565.2,227.6,58.8,28.1,1920,1080,0.08,1594.6,241.6
Round1,Q2,1782,891.0,CRUSADER_CARAVANS,0.8085,212.8,688.7,45.1,35.2,1920,1080,0.077,235.4,706.3
Round1,Q2,1782,891.0,CRUSADER_CARAVANS,0.8052,946.6,100.7,43.0,24.9,1920,1080,0.052,968.1,113.1
Round1,Q2,1782,891.0,CRUSADER_CARAVANS,0.8034,1111.3,238.9,125.6,29.6,1920,1080,0.179,1174.2,253.7
Round1,Q2,1782,891.0,CRUSADER_CARAVANS,0.7978,1243.5,236.9,55.3,26.6,1920,1080,0.071,1271.2,250.2
Round1,Q2,1782,891.0,CRUSADER_CARAVANS,0.7972,1565.2,88.1,101.5,27.3,1920,1080,0.134,1615.9,101.7
Round1,Q2,1782,891.0,CRUSADER_CARAVANS,0.7912,230.9,110.2,42.8,26.7,1920,1080,0.055,252.3,123.5
Round1,Q2,1782,891.0,CRUSADER_CARAVANS,0.7641,1181.5,98.0,43.2,23.3,1920,1080,0.049,1203.1,109.7
Round1,Q2,1782,891.0,CRUSADER_CARAVANS,0.7624,1422.3,92.6,44.5,24.1,1920,1080,0.052,1444.5,104.6
Round1,Q2,1782,891.0,CRUSADER_CARAVANS,0.7602,1669.2,87.4,44.4,23.7,1920,1080,0.051,1691.4,99.3
Round1,Q2,1782,891.0,CRUSADER_CARAVANS,0.7562,991.7,242.0,118.5,29.1,1920,1080,0.166,1051.0,256.6
Round1,Q2,1782,891.0,CRUSADER_CARAVANS,0.7472,1318.8,93.9,98.9,26.9,1920,1080,0.128,1368.3,107.3
Round1,Q2,1782,891.0,CRUSADER_CARAVANS,0.7457,98.5,698.1,111.3,61.7,1920,1080,0.331,154.1,728.9
Round1,Q2,1782,891.0,CRUSADER_CARAVANS,0.7406,711.2,103.9,41.2,26.4,1920,1080,0.052,731.8,117.1
Round1,Q2,1782,891.0,CRUSADER_CARAVANS,0.7311,25.2,108.1,205.0,31.8,1920,1080,0.315,127.7,124.1
Round1,Q2,1782,891.0,CRUSADER_CARAVANS,0.7295,260.7,661.0,84.5,49.3,1920,1080,0.201,303.0,685.7
Round1,Q2,1782,891.0,CRUSADER_CARAVANS,0.7251,844.7,100.9,97.0,28.2,1920,1080,0.132,893.1,115.0
Round1,Q2,1782,891.0,CRUSADER_CARAVANS,0.7139,473.6,107.5,43.8,25.5,1920,1080,0.054,495.5,120.3
Round1,Q2,1782,891.0,CRUSADER_CARAVANS,0.7037,1226.0,94.8,95.8,26.6,1920,1080,0.123,1273.8,108.1
Round1,Q2,1782,891.0,CRUSADER_CARAVANS,0.6882,276.1,104.6,195.3,33.1,1920,1080,0.312,373.7,121.2
Round1,Q2,1782,891.0,CRUSADER_CARAVANS,0.6702,754.1,101.9,93.3,28.1,1920,1080,0.127,800.8,115.9
Round1,Q2,1782,891.0,CRUSADER_CARAVANS,0.6579,95.6,274.1,198.4,37.1,1920,1080,0.355,194.8,292.6
Round1,Q2,1782,891.0,CRUSADER_CARAVANS,0.6508,1468.8,90.7,97.0,25.4,1920,1080,0.119,1517.3,103.4
Round1,Q2,1782,891.0,CRUSADER_CARAVANS,0.6473,1630.0,222.5,265.5,29.8,1920,1080,0.382,1762.7,237.4
Round1,Q2,1782,891.0,CRUSADER_CARAVANS,0.6459,1304.0,230.5,254.7,30.7,1920,1080,0.377,1431.4,245.8
Round1,Q2,1782,891.0,CRUSADER_CARAVANS,0.6387,1825.3,498.3,94.7,33.0,1920,1080,0.151,1872.7,514.8
Round1,Q2,1782,891.0,CRUSADER_CARAVANS,0.6263,1265.0,521.6,131.0,38.6,1920,1080,0.244,1330.5,540.9
Round1,Q2,1782,891.0,CRUSADER_CARAVANS,0.6121,773.2,578.6,48.5,29.9,1920,1080,0.07,797.4,593.5
Round1,Q2,1782,891.0,CRUSADER_CARAVANS,0.6118,1405.9,518.1,59.0,32.0,1920,1080,0.091,1435.4,534.1
Round1,Q2,1782,891.0,CRUSADER_CARAVANS,0.5973,1716.9,78.1,203.1,32.5,1920,1080,0.319,1818.4,94.3
Round1,Q2,1782,891.0,CRUSADER_CARAVANS,0.5955,517.3,104.2,195.4,29.4,1920,1080,0.277,615.0,118.9
Round1,Q2,1782,891.0,CRUSADER_CARAVANS,0.5859,0.1,112.3,23.8,28.5,1920,1080,0.033,12.0,126.6
Round1,Q2,1782,891.0,CRUSADER_CARAVANS,0.5596,1904.3,218.5,15.7,26.2,1920,1080,0.02,1912.2,231.6
Round1,Q2,1782,891.0,CRUSADER_CARAVANS,0.5462,1139.7,531.4,126.5,38.1,1920,1080,0.233,1203.0,550.5
Round1,Q2,1782,891.0,CRUSADER_CARAVANS,0.5162,364.9,261.7,248.8,37.4,1920,1080,0.449,489.2,280.4
Round1,Q2,1782,891.0,CRUSADER_CARAVANS,0.493,991.8,98.2,193.7,27.5,1920,1080,0.257,1088.6,112.0
Round1,Q2,1782,891.0,CRUSADER_CARAVANS,0.4798,678.4,249.6,241.5,33.3,1920,1080,0.388,799.2,266.3
Round1,Q2,1782,891.0,CRUSADER_CARAVANS,0.3909,1469.7,511.4,119.3,35.6,1920,1080,0.205,1529.3,529.3
Round1,Q2,1782,891.0,CRUSADER_CARAVANS,0.3864,643.1,585.2,120.5,45.6,1920,1080,0.265,703.4,608.1
Round1,Q2,1782,891.0,CRUSADER_CARAVANS,0.371,1579.1,505.6,168.7,35.5,1920,1080,0.289,1663.5,523.3
Round1,Q2,1782,891.0,CRUSADER_CARAVANS,0.3187,0.0,283.5,30.8,37.0,1920,1080,0.055,15.4,302.1
Round1,Q2,1782,891.0,CRUSADER_CARAVANS,0.3185,1755.8,504.3,62.6,30.6,1920,1080,0.092,1787.1,519.6
Round1,Q2,1782,891.0,CRUSADER_CARAVANS,0.3022,942.9,548.5,130.7,39.4,1920,1080,0.249,1008.3,568.2
Round1,Q2,1783,891.5,CRUSADER_CARAVANS,0.829,272.6,266.8,58.4,31.2,1920,1080,0.088,301.8,282.4
Round1,Q2,1783,891.5,CRUSADER_CARAVANS,0.8045,1585.3,222.2,59.5,28.2,1920,1080,0.081,1615.1,236.3
Round1,Q2,1783,891.5,CRUSADER_CARAVANS,0.7946,1330.1,82.4,101.8,28.0,1920,1080,0.137,1381.0,96.4
Round1,Q2,1783,891.5,CRUSADER_CARAVANS,0.7839,599.3,253.5,57.3,29.0,1920,1080,0.08,628.0,268.0
Round1,Q2,1783,891.5,CRUSADER_CARAVANS,0.7604,925.6,240.9,58.0,29.0,1920,1080,0.081,954.6,255.4
Round1,Q2,1783,891.5,CRUSADER_CARAVANS,0.7599,699.3,93.9,40.3,26.0,1920,1080,0.05,719.5,106.9
Round1,Q2,1783,891.5,CRUSADER_CARAVANS,0.7594,226.6,667.9,112.5,56.4,1920,1080,0.306,282.9,696.1
Round1,Q2,1783,891.5,CRUSADER_CARAVANS,0.759,178.5,703.4,47.9,35.8,1920,1080,0.083,202.5,721.3
Round1,Q2,1783,891.5,CRUSADER_CARAVANS,0.7559,835.9,90.3,102.2,29.5,1920,1080,0.145,887.0,105.0
Round1,Q2,1783,891.5,CRUSADER_CARAVANS,0.7543,1233.1,83.8,98.8,27.0,1920,1080,0.129,1282.5,97.3
Round1,Q2,1783,891.5,CRUSADER_CARAVANS,0.742,1249.8,231.4,56.6,28.0,1920,1080,0.076,1278.1,245.4
Round1,Q2,1783,891.5,CRUSADER_CARAVANS,0.7353,941.8,90.3,44.9,25.4,1920,1080,0.055,964.2,103.0
Round1,Q2,1783,891.5,CRUSADER_CARAVANS,0.7318,198.7,99.1,43.8,27.6,1920,1080,0.058,220.6,112.9
Round1,Q2,1783,891.5,CRUSADER_CARAVANS,0.7255,451.3,97.5,44.8,25.9,1920,1080,0.056,473.7,110.5
Round1,Q2,1783,891.5,CRUSADER_CARAVANS,0.712,1186.8,86.8,43.2,25.1,1920,1080,0.052,1208.4,99.3
Round1,Q2,1783,891.5,CRUSADER_CARAVANS,0.701,1693.0,75.4,47.6,25.0,1920,1080,0.057,1716.8,87.9
Round1,Q2,1783,891.5,CRUSADER_CARAVANS,0.6969,1436.4,81.8,46.3,24.7,1920,1080,0.055,1459.5,94.1
Round1,Q2,1783,891.5,CRUSADER_CARAVANS,0.6905,58.9,268.9,203.8,40.8,1920,1080,0.401,160.8,289.2
Round1,Q2,1783,891.5,CRUSADER_CARAVANS,0.6855,1083.6,86.6,100.4,28.3,1920,1080,0.137,1133.8,100.8
Round1,Q2,1783,891.5,CRUSADER_CARAVANS,0.6795,0.5,96.7,196.7,34.4,1920,1080,0.326,98.8,113.9
Round1,Q2,1783,891.5,CRUSADER_CARAVANS,0.6616,743.5,91.3,94.4,28.7,1920,1080,0.131,790.7,105.6
Round1,Q2,1783,891.5,CRUSADER_CARAVANS,0.6373,58.6,710.1,120.8,66.6,1920,1080,0.388,119.0,743.4
Round1,Q2,1783,891.5,CRUSADER_CARAVANS,0.636,245.2,95.1,205.2,32.9,1920,1080,0.325,347.8,111.6
Round1,Q2,1783,891.5,CRUSADER_CARAVANS,0.6234,989.0,231.9,257.4,35.2,1920,1080,0.437,1117.7,249.5
Round1,Q2,1783,891.5,CRUSADER_CARAVANS,0.5923,0.0,745.5,58.3,65.5,1920,1080,0.184,29.2,778.2
Round1,Q2,1783,891.5,CRUSADER_CARAVANS,0.5865,1743.3,71.5,109.4,28.3,1920,1080,0.149,1798.0,85.7
Round1,Q2,1783,891.5,CRUSADER_CARAVANS,0.5705,337.8,646.5,99.8,50.6,1920,1080,0.244,387.7,671.8
Round1,Q2,1783,891.5,CRUSADER_CARAVANS,0.5687,335.6,257.2,258.3,37.6,1920,1080,0.468,464.7,276.0
Round1,Q2,1783,891.5,CRUSADER_CARAVANS,0.5657,1312.7,224.6,261.6,31.8,1920,1080,0.402,1443.5,240.6
Round1,Q2,1783,891.5,CRUSADER_CARAVANS,0.5641,1141.4,527.8,273.2,51.0,1920,1080,0.671,1278.0,553.3
Round1,Q2,1783,891.5,CRUSADER_CARAVANS,0.5223,495.3,93.3,201.7,30.7,1920,1080,0.299,596.2,108.7
Round1,Q2,1783,891.5,CRUSADER_CARAVANS,0.517,761.6,586.0,50.2,32.6,1920,1080,0.079,786.8,602.3
Round1,Q2,1783,891.5,CRUSADER_CARAVANS,0.4876,626.7,593.5,128.7,47.3,1920,1080,0.293,691.0,617.2
Round1,Q2,1783,891.5,CRUSADER_CARAVANS,0.4845,1854.2,501.8,65.4,36.3,1920,1080,0.115,1886.9,519.9
Round1,Q2,1783,891.5,CRUSADER_CARAVANS,0.479,1653.4,215.8,266.6,31.1,1920,1080,0.399,1786.7,231.4
Round1,Q2,1783,891.5,CRUSADER_CARAVANS,0.4761,1848.3,67.9,71.7,30.4,1920,1080,0.105,1884.1,83.1
Round1,Q2,1783,891.5,CRUSADER_CARAVANS,0.4494,988.5,87.7,116.7,28.5,1920,1080,0.161,1046.9,101.9
Round1,Q2,1783,891.5,CRUSADER_CARAVANS,0.4471,663.2,244.0,248.9,35.2,1920,1080,0.422,787.7,261.6
Round1,Q2,1783,891.5,CRUSADER_CARAVANS,0.4449,817.3,568.2,121.2,45.4,1920,1080,0.265,877.9,590.9
Round1,Q2,1783,891.5,CRUSADER_CARAVANS,0.412,514.9,612.6,111.2,48.9,1920,1080,0.262,570.4,637.1
Round1,Q2,1783,891.5,CRUSADER_CARAVANS,0.3982,1417.9,523.9,61.4,32.1,1920,1080,0.095,1448.6,540.0
Round1,Q2,1783,891.5,CRUSADER_CARAVANS,0.3233,1486.7,77.2,206.0,28.5,1920,1080,0.284,1589.8,91.5
Round1,Q2,1783,891.5,CRUSADER_CARAVANS,0.3135,1486.5,510.9,296.9,41.8,1920,1080,0.598,1634.9,531.7
Round1,Q2,1784,892.0,CRUSADER_CARAVANS,0.7877,1287.3,259.0,60.4,28.5,1920,1080,0.083,1317.5,273.3
Round1,Q2,1784,892.0,CRUSADER_CARAVANS,0.77,0.0,114.3,159.2,37.6,1920,1080,0.289,79.6,133.1
Round1,Q2,1784,892.0,CRUSADER_CARAVANS,0.7251,590.0,281.6,61.0,31.1,1920,1080,0.091,620.5,297.1
Round1,Q2,1784,892.0,CRUSADER_CARAVANS,0.721,957.5,107.3,47.6,27.1,1920,1080,0.062,981.3,120.8
Round1,Q2,1784,892.0,CRUSADER_CARAVANS,0.7101,1352.4,248.2,285.7,37.2,1920,1080,0.513,1495.3,266.8
Round1,Q2,1784,892.0,CRUSADER_CARAVANS,0.6848,939.7,268.3,60.2,31.3,1920,1080,0.091,969.8,283.9
Round1,Q2,1784,892.0,CRUSADER_CARAVANS,0.6838,1649.2,247.7,64.9,29.9,1920,1080,0.094,1681.7,262.6
Round1,Q2,1784,892.0,CRUSADER_CARAVANS,0.656,431.9,114.5,48.1,29.5,1920,1080,0.068,455.9,129.2
Round1,Q2,1784,892.0,CRUSADER_CARAVANS,0.652,1720.9,238.2,199.1,37.1,1920,1080,0.356,1820.4,256.8
Round1,Q2,1784,892.0,CRUSADER_CARAVANS,0.6504,1766.6,91.0,50.1,26.2,1920,1080,0.063,1791.7,104.2
Round1,Q2,1784,892.0,CRUSADER_CARAVANS,0.6475,1269.7,98.0,217.5,32.1,1920,1080,0.336,1378.4,114.0
Round1,Q2,1784,892.0,CRUSADER_CARAVANS,0.6387,1863.0,557.1,57.0,32.7,1920,1080,0.09,1891.5,573.4
Round1,Q2,1784,892.0,CRUSADER_CARAVANS,0.6304,6.2,298.9,223.4,45.7,1920,1080,0.492,117.9,321.8
Round1,Q2,1784,892.0,CRUSADER_CARAVANS,0.6295,211.1,113.5,218.9,34.9,1920,1080,0.368,320.5,131.0
Round1,Q2,1784,892.0,CRUSADER_CARAVANS,0.6082,308.0,279.8,276.2,49.6,1920,1080,0.661,446.1,304.6
Round1,Q2,1784,892.0,CRUSADER_CARAVANS,0.6069,1823.3,85.7,96.7,31.0,1920,1080,0.145,1871.7,101.2
Round1,Q2,1784,892.0,CRUSADER_CARAVANS,0.6042,1488.8,97.6,49.7,26.2,1920,1080,0.063,1513.6,110.7
Round1,Q2,1784,892.0,CRUSADER_CARAVANS,0.6009,1008.6,103.1,209.6,31.7,1920,1080,0.32,1113.4,118.9
Round1,Q2,1784,892.0,CRUSADER_CARAVANS,0.6006,655.9,270.0,272.0,39.7,1920,1080,0.521,791.9,289.9
Round1,Q2,1784,892.0,CRUSADER_CARAVANS,0.5989,1008.7,258.1,271.5,40.7,1920,1080,0.534,1144.4,278.5
Round1,Q2,1784,892.0,CRUSADER_CARAVANS,0.5843,1220.3,103.5,46.7,26.7,1920,1080,0.06,1243.6,116.8
Round1,Q2,1784,892.0,CRUSADER_CARAVANS,0.5808,159.7,117.3,47.4,29.2,1920,1080,0.067,183.4,131.9
Round1,Q2,1784,892.0,CRUSADER_CARAVANS,0.567,1539.7,558.3,322.1,46.7,1920,1080,0.725,1700.7,581.6
Round1,Q2,1784,892.0,CRUSADER_CARAVANS,0.5591,745.7,105.9,210.2,33.5,1920,1080,0.339,850.9,122.6
Round1,Q2,1784,892.0,CRUSADER_CARAVANS,0.5471,2.0,773.9,133.8,76.4,1920,1080,0.493,68.9,812.1
Round1,Q2,1784,892.0,CRUSADER_CARAVANS,0.543,697.0,111.4,44.5,28.6,1920,1080,0.061,719.3,125.7
Round1,Q2,1784,892.0,CRUSADER_CARAVANS,0.5227,238.5,296.8,64.4,34.1,1920,1080,0.106,270.7,313.9
Round1,Q2,1784,892.0,CRUSADER_CARAVANS,0.4932,1542.1,90.9,224.0,32.8,1920,1080,0.354,1654.2,107.3
Round1,Q2,1784,892.0,CRUSADER_CARAVANS,0.4534,1165.3,576.6,300.6,58.3,1920,1080,0.846,1315.6,605.8
Round1,Q2,1784,892.0,CRUSADER_CARAVANS,0.4408,135.6,766.7,51.1,38.3,1920,1080,0.094,161.1,785.9
Round1,Q2,1784,892.0,CRUSADER_CARAVANS,0.4256,436.3,694.0,54.9,35.9,1920,1080,0.095,463.7,711.9
Round1,Q2,1784,892.0,CRUSADER_CARAVANS,0.3616,482.4,109.9,214.3,33.5,1920,1080,0.346,589.5,126.7
Round1,Q2,1785,892.5,CRUSADER_CARAVANS,0.8424,171.4,262.8,71.2,38.3,1920,1080,0.132,207.0,281.9
Round1,Q2,1785,892.5,CRUSADER_CARAVANS,0.8296,580.5,245.5,69.8,35.6,1920,1080,0.12,615.4,263.2
Round1,Q2,1785,892.5,CRUSADER_CARAVANS,0.8207,1821.6,204.7,78.6,34.1,1920,1080,0.129,1860.9,221.8
Round1,Q2,1785,892.5,CRUSADER_CARAVANS,0.813,1393.6,217.9,72.4,34.1,1920,1080,0.119,1429.8,235.0
Round1,Q2,1785,892.5,CRUSADER_CARAVANS,0.8096,397.6,50.8,55.5,33.5,1920,1080,0.09,425.4,67.5
Round1,Q2,1785,892.5,CRUSADER_CARAVANS,0.8037,987.3,229.7,71.1,34.7,1920,1080,0.119,1022.9,247.1
Round1,Q2,1785,892.5,CRUSADER_CARAVANS,0.7898,0.0,265.7,156.6,46.5,1920,1080,0.351,78.3,289.0
Round1,Q2,1785,892.5,CRUSADER_CARAVANS,0.7822,49.3,812.8,59.1,43.6,1920,1080,0.124,78.9,834.6
Round1,Q2,1785,892.5,CRUSADER_CARAVANS,0.778,1009.9,42.6,55.5,31.1,1920,1080,0.083,1037.7,58.2
Round1,Q2,1785,892.5,CRUSADER_CARAVANS,0.7779,80.0,52.9,54.4,33.7,1920,1080,0.089,107.3,69.8
Round1,Q2,1785,892.5,CRUSADER_CARAVANS,0.7757,247.5,250.0,325.6,46.9,1920,1080,0.736,410.3,273.4
Round1,Q2,1785,892.5,CRUSADER_CARAVANS,0.7714,1471.0,207.0,338.1,42.1,1920,1080,0.687,1640.0,228.1
Round1,Q2,1785,892.5,CRUSADER_CARAVANS,0.7526,705.5,47.1,53.4,33.2,1920,1080,0.086,732.2,63.7
Round1,Q2,1785,892.5,CRUSADER_CARAVANS,0.7359,1064.3,217.9,324.4,45.6,1920,1080,0.713,1226.5,240.7
Round1,Q2,1785,892.5,CRUSADER_CARAVANS,0.7256,657.0,233.0,314.4,45.8,1920,1080,0.694,814.2,255.8
Round1,Q2,1785,892.5,CRUSADER_CARAVANS,0.7218,112.1,767.3,143.6,70.9,1920,1080,0.491,183.9,802.8
Round1,Q2,1785,892.5,CRUSADER_CARAVANS,0.7062,1317.6,36.8,54.9,31.0,1920,1080,0.082,1345.0,52.3
Round1,Q2,1785,892.5,CRUSADER_CARAVANS,0.6803,138.0,49.9,256.1,39.4,1920,1080,0.486,266.0,69.6
Round1,Q2,1785,892.5,CRUSADER_CARAVANS,0.6696,0.0,48.6,76.8,43.3,1920,1080,0.16,38.5,70.2
Round1,Q2,1785,892.5,CRUSADER_CARAVANS,0.5521,1069.7,37.0,248.2,37.0,1920,1080,0.443,1193.8,55.5
Round1,Q2,1785,892.5,CRUSADER_CARAVANS,0.5464,1695.7,22.9,224.3,36.0,1920,1080,0.389,1807.8,40.9
Round1,Q2,1785,892.5,CRUSADER_CARAVANS,0.5412,1251.3,589.4,352.3,63.4,1920,1080,1.077,1427.4,621.1
Round1,Q2,1785,892.5,CRUSADER_CARAVANS,0.5407,1633.1,29.6,58.7,30.3,1920,1080,0.086,1662.5,44.8
Round1,Q2,1785,892.5,CRUSADER_CARAVANS,0.5157,1374.5,30.9,256.0,36.0,1920,1080,0.445,1502.5,48.9
Round1,Q2,1785,892.5,CRUSADER_CARAVANS,0.511,1903.3,203.7,16.7,30.5,1920,1080,0.025,1911.7,219.0
Round1,Q2,1785,892.5,CRUSADER_CARAVANS,0.5086,1181.3,618.9,72.1,39.9,1920,1080,0.139,1217.3,638.8
Round1,Q2,1785,892.5,CRUSADER_CARAVANS,0.5042,0.0,822.6,40.6,61.4,1920,1080,0.12,20.3,853.3
Round1,Q2,1785,892.5,CRUSADER_CARAVANS,0.4531,762.4,41.8,244.5,39.1,1920,1080,0.46,884.7,61.3
Round1,Q2,1785,892.5,CRUSADER_CARAVANS,0.4443,1607.7,587.4,79.9,39.9,1920,1080,0.154,1647.6,607.3
Round1,Q2,1785,892.5,CRUSADER_CARAVANS,0.3712,1696.2,576.7,192.3,45.5,1920,1080,0.422,1792.3,599.5
Round1,Q2,1785,892.5,CRUSADER_CARAVANS,0.3324,402.4,724.6,66.5,46.0,1920,1080,0.148,435.6,747.6
Round1,Q2,1785,892.5,CRUSADER_CARAVANS,0.3083,454.7,47.3,247.2,37.2,1920,1080,0.444,578.4,65.9
Round1,Q2,1786,893.0,CRUSADER_CARAVANS,0.8592,1050.5,112.2,87.4,43.6,1920,1080,0.184,1094.2,133.9
Round1,Q2,1786,893.0,CRUSADER_CARAVANS,0.8561,535.7,130.6,85.8,44.8,1920,1080,0.185,578.6,153.0
Round1,Q2,1786,893.0,CRUSADER_CARAVANS,0.8461,15.3,150.7,89.6,47.7,1920,1080,0.206,60.1,174.5
Round1,Q2,1786,893.0,CRUSADER_CARAVANS,0.8319,1567.0,94.6,91.6,43.1,1920,1080,0.19,1612.8,116.2
Round1,Q2,1786,893.0,CRUSADER_CARAVANS,0.8259,1842.5,566.1,77.5,46.1,1920,1080,0.172,1881.3,589.2
Round1,Q2,1786,893.0,CRUSADER_CARAVANS,0.8162,114.9,134.4,409.3,59.1,1920,1080,1.166,319.6,164.0
Round1,Q2,1786,893.0,CRUSADER_CARAVANS,0.71,630.0,118.5,400.6,52.2,1920,1080,1.009,830.3,144.6
Round1,Q2,1786,893.0,CRUSADER_CARAVANS,0.6885,1386.2,575.8,448.1,65.7,1920,1080,1.419,1610.3,608.6
Round1,Q2,1786,893.0,CRUSADER_CARAVANS,0.6749,1293.0,604.2,92.0,48.2,1920,1080,0.214,1338.9,628.3
Round1,Q2,1786,893.0,CRUSADER_CARAVANS,0.6581,1147.1,98.5,412.7,51.4,1920,1080,1.023,1353.5,124.2
Round1,Q2,1786,893.0,CRUSADER_CARAVANS,0.6524,0.0,760.6,243.7,122.9,1920,1080,1.444,121.8,822.0
Round1,Q2,1786,893.0,CRUSADER_CARAVANS,0.5666,1667.7,83.3,252.3,48.7,1920,1080,0.592,1793.8,107.7
Round1,Q2,1786,893.0,CRUSADER_CARAVANS,0.3321,438.2,669.3,346.0,107.0,1920,1080,1.786,611.2,722.8
Round1,Q2,1787,893.5,CRUSADER_CARAVANS,0.8379,1429.5,561.3,111.3,57.0,1920,1080,0.306,1485.1,589.8
Round1,Q2,1787,893.5,CRUSADER_CARAVANS,0.8136,1554.3,532.2,365.7,74.3,1920,1080,1.31,1737.2,569.4
Round1,Q2,1787,893.5,CRUSADER_CARAVANS,0.7864,0.0,0.0,488.8,43.8,1920,1080,1.033,244.4,21.9
Round1,Q2,1787,893.5,CRUSADER_CARAVANS,0.6915,495.2,0.0,96.7,27.1,1920,1080,0.126,543.6,13.5
Round1,Q2,1787,893.5,CRUSADER_CARAVANS,0.4471,0.3,745.6,157.1,104.3,1920,1080,0.79,78.8,797.8
Round1,Q2,1788,894.0,EMIRATES,0.8809,1595.2,313.4,82.5,29.9,1920,1080,0.119,1636.4,328.3
Round1,Q2,1789,894.5,EMIRATES,0.8798,1513.7,331.5,90.7,32.3,1920,1080,0.141,1559.1,347.7
Round1,Q2,1790,895.0,EMIRATES,0.8809,1564.2,337.6,75.8,22.1,1920,1080,0.081,1602.1,348.6
Round1,Q2,1794,897.0,EMIRATES,0.8098,1398.1,665.4,178.8,64.9,1920,1080,0.56,1487.4,697.8
Round1,Q2,1794,897.0,CRUSADER_CARAVANS,0.5754,809.8,0.0,703.7,206.9,1920,1080,7.022,1161.6,103.5
Round1,Q2,1794,897.0,CRUSADER_CARAVANS,0.4801,1059.7,0.0,692.0,232.9,1920,1080,7.773,1405.7,116.5
Round1,Q2,1795,897.5,EMIRATES,0.8339,748.5,626.1,178.3,61.0,1920,1080,0.524,837.7,656.5
Round1,Q2,1796,898.0,EMIRATES,0.8864,1711.3,736.3,191.2,58.2,1920,1080,0.537,1807.0,765.4
Round1,Q2,1796,898.0,CRUSADER_CARAVANS,0.3891,1284.9,0.2,635.1,184.1,1920,1080,5.639,1602.4,92.2
Round1,Q2,1797,898.5,EMIRATES,0.8622,414.7,670.6,191.1,80.6,1920,1080,0.742,510.2,710.9
Round1,Q2,1799,899.5,EMIRATES,0.8656,1505.6,413.4,65.7,26.9,1920,1080,0.085,1538.4,426.8
Round1,Q2,1799,899.5,EMIRATES,0.8196,211.9,429.6,79.2,37.3,1920,1080,0.142,251.5,448.3
Round1,Q2,1800,900.0,EMIRATES,0.8694,427.1,347.9,76.6,39.7,1920,1080,0.147,465.4,367.7
Round1,Q2,1800,900.0,EMIRATES,0.3107,950.4,313.0,38.0,42.6,1920,1080,0.078,969.4,334.3
Round1,Q2,1801,900.5,EMIRATES,0.8777,759.9,322.5,58.3,40.3,1920,1080,0.113,789.0,342.6
Round1,Q2,1801,900.5,EMIRATES,0.8703,473.0,438.7,77.7,27.6,1920,1080,0.103,511.9,452.5
Round1,Q2,1802,901.0,EMIRATES,0.8839,1716.7,369.3,69.3,23.0,1920,1080,0.077,1751.3,380.8
Round1,Q2,1802,901.0,EMIRATES,0.8814,325.6,429.8,63.4,22.2,1920,1080,0.068,357.3,441.0
Round1,Q2,1802,901.0,EMIRATES,0.8629,1122.8,341.4,58.0,23.1,1920,1080,0.065,1151.8,352.9
Round1,Q2,1802,901.0,EMIRATES,0.8297,1014.2,397.0,70.0,22.9,1920,1080,0.077,1049.2,408.4
Round1,Q2,1803,901.5,EMIRATES,0.886,1056.3,418.0,76.2,31.2,1920,1080,0.115,1094.4,433.7
Round1,Q2,1803,901.5,EMIRATES,0.881,271.0,435.2,67.6,19.2,1920,1080,0.063,304.8,444.8
Round1,Q2,1803,901.5,EMIRATES,0.6665,1264.9,339.9,49.2,21.7,1920,1080,0.051,1289.5,350.8
Round1,Q2,1804,902.0,EMIRATES,0.8756,1217.5,417.1,39.7,18.7,1920,1080,0.036,1237.4,426.5
Round1,Q2,1804,902.0,EMIRATES,0.8236,1631.2,409.0,61.4,18.7,1920,1080,0.056,1661.9,418.4
Round1,Q2,1804,902.0,EMIRATES,0.8054,311.6,414.5,53.5,17.3,1920,1080,0.045,338.3,423.1
Round1,Q2,1804,902.0,EMIRATES,0.7052,1366.8,325.0,50.7,19.4,1920,1080,0.047,1392.2,334.7
Round1,Q2,1805,902.5,EMIRATES,0.8804,1489.8,322.6,53.0,20.0,1920,1080,0.051,1516.3,332.6
Round1,Q2,1805,902.5,EMIRATES,0.8522,1313.2,419.5,40.1,17.8,1920,1080,0.034,1333.3,428.4
Round1,Q2,1805,902.5,EMIRATES,0.7561,1602.6,409.5,53.4,16.6,1920,1080,0.043,1629.3,417.8
Round1,Q2,1805,902.5,EMIRATES,0.7489,273.3,408.5,48.4,17.1,1920,1080,0.04,297.5,417.0
Round1,Q2,1805,902.5,EMIRATES,0.7397,1718.3,326.8,57.7,18.6,1920,1080,0.052,1747.2,336.2
Round1,Q2,1806,903.0,EMIRATES,0.8915,1310.6,440.5,40.8,17.3,1920,1080,0.034,1331.0,449.1
Round1,Q2,1806,903.0,EMIRATES,0.8093,1518.4,449.3,52.1,16.5,1920,1080,0.041,1544.4,457.5
Round1,Q2,1806,903.0,EMIRATES,0.8039,1062.3,342.5,39.2,18.0,1920,1080,0.034,1081.9,351.5
Round1,Q2,1806,903.0,EMIRATES,0.7947,174.4,427.2,50.9,18.5,1920,1080,0.045,199.8,436.4
Round1,Q2,1807,903.5,EMIRATES,0.901,734.9,414.1,82.5,43.6,1920,1080,0.174,776.1,435.9
Round1,Q2,1807,903.5,EMIRATES,0.8982,1064.2,389.6,141.9,45.3,1920,1080,0.31,1135.1,412.2
Round1,Q2,1807,903.5,EMIRATES,0.8969,801.3,506.8,137.6,47.3,1920,1080,0.314,870.1,530.5
Round1,Q2,1807,903.5,EMIRATES,0.8921,1292.2,463.6,145.4,55.5,1920,1080,0.389,1364.9,491.3
Round1,Q2,1807,903.5,EMIRATES,0.4849,770.9,0.0,105.5,12.8,1920,1080,0.065,823.7,6.4
Round1,Q2,1808,904.0,EMIRATES,0.8875,1274.7,519.7,146.6,45.9,1920,1080,0.324,1348.0,542.6
Round1,Q2,1808,904.0,EMIRATES,0.8732,1088.2,188.8,120.7,56.8,1920,1080,0.33,1148.6,217.2
Round1,Q2,1808,904.0,EMIRATES,0.867,713.0,566.6,146.8,47.4,1920,1080,0.336,786.3,590.3
Round1,Q2,1808,904.0,EMIRATES,0.8543,1192.0,427.7,95.2,50.4,1920,1080,0.232,1239.7,452.9
Round1,Q2,1808,904.0,EMIRATES,0.4438,936.7,534.0,75.6,33.2,1920,1080,0.121,974.5,550.6
Round1,Q2,1809,904.5,EMIRATES,0.8966,880.1,505.7,72.4,44.2,1920,1080,0.154,916.3,527.8
Round1,Q2,1809,904.5,EMIRATES,0.8938,1223.4,475.7,140.5,47.6,1920,1080,0.322,1293.6,499.5
Round1,Q2,1809,904.5,EMIRATES,0.8916,589.9,494.9,138.2,53.3,1920,1080,0.355,659.0,521.5
Round1,Q2,1809,904.5,EMIRATES,0.8833,1152.1,371.7,110.9,65.5,1920,1080,0.35,1207.5,404.5
Round1,Q2,1810,905.0,EMIRATES,0.8937,1130.5,416.6,133.2,53.7,1920,1080,0.345,1197.1,443.4
Round1,Q2,1810,905.0,EMIRATES,0.888,401.0,434.0,128.8,64.3,1920,1080,0.399,465.4,466.1
Round1,Q2,1811,905.5,EMIRATES,0.8898,1029.4,440.6,80.7,48.4,1920,1080,0.188,1069.8,464.8
Round1,Q2,1811,905.5,EMIRATES,0.8889,1250.7,374.5,87.9,50.2,1920,1080,0.213,1294.6,399.6
Round1,Q2,1811,905.5,EMIRATES,0.8781,347.6,401.2,115.9,71.1,1920,1080,0.397,405.6,436.8
Round1,Q2,1812,906.0,EMIRATES,0.8925,569.0,420.1,95.7,80.6,1920,1080,0.372,616.9,460.4
Round1,Q2,1812,906.0,EMIRATES,0.8774,1039.5,459.4,95.4,54.2,1920,1080,0.249,1087.2,486.5
Round1,Q2,1812,906.0,EMIRATES,0.8686,1600.6,351.5,78.7,75.6,1920,1080,0.287,1639.9,389.2
Round1,Q2,1813,906.5,EMIRATES,0.8912,578.8,485.8,60.6,41.0,1920,1080,0.12,609.1,506.3
Round1,Q2,1813,906.5,EMIRATES,0.8868,1052.2,494.5,98.8,40.9,1920,1080,0.195,1101.6,514.9
Round1,Q2,1813,906.5,EMIRATES,0.8315,759.0,417.4,66.9,67.3,1920,1080,0.217,792.4,451.1
Round1,Q2,1814,907.0,EMIRATES,0.854,569.3,482.9,40.1,57.9,1920,1080,0.112,589.3,511.8
Round1,Q2,1824,912.0,EMIRATES,0.6532,1053.6,478.6,39.1,15.4,1920,1080,0.029,1073.2,486.4
Round1,Q2,1825,912.5,EMIRATES,0.8748,1463.4,647.2,48.2,14.4,1920,1080,0.034,1487.5,654.5
Round1,Q2,1825,912.5,EMIRATES,0.8698,525.4,730.0,52.1,16.9,1920,1080,0.043,551.5,738.5
Round1,Q2,1826,913.0,EMIRATES,0.8822,1390.2,440.6,42.6,18.5,1920,1080,0.038,1411.5,449.9
Round1,Q2,1826,913.0,EMIRATES,0.8552,588.2,463.2,50.7,17.6,1920,1080,0.043,613.5,471.9
Round1,Q2,1827,913.5,EMIRATES,0.8889,1620.5,288.0,54.0,16.2,1920,1080,0.042,1647.5,296.1
Round1,Q2,1827,913.5,EMIRATES,0.8822,389.1,246.5,43.7,25.6,1920,1080,0.054,411.0,259.3
Round1,Q2,1827,913.5,EMIRATES,0.8398,1247.0,279.3,62.0,13.7,1920,1080,0.041,1278.0,286.1
Round1,Q2,1828,914.0,EMIRATES,0.9002,63.1,289.0,69.2,19.3,1920,1080,0.064,97.7,298.6
Round1,Q2,1828,914.0,EMIRATES,0.8678,1874.7,236.7,45.3,20.5,1920,1080,0.045,1897.4,246.9
Round1,Q2,1829,914.5,EMIRATES,0.9036,88.8,248.9,75.9,20.2,1920,1080,0.074,126.7,259.0
Round1,Q2,1829,914.5,EMIRATES,0.9017,1487.8,307.2,65.7,20.4,1920,1080,0.065,1520.7,317.4
Round1,Q2,1829,914.5,EMIRATES,0.8549,1134.3,312.4,66.6,25.7,1920,1080,0.083,1167.6,325.2
Round1,Q2,1830,915.0,EMIRATES,0.9004,130.0,295.0,74.6,22.8,1920,1080,0.082,167.3,306.4
Round1,Q2,1830,915.0,EMIRATES,0.8783,1555.1,288.3,68.0,22.2,1920,1080,0.073,1589.1,299.4
Round1,Q2,1830,915.0,EMIRATES,0.8715,1827.9,327.5,67.8,22.2,1920,1080,0.073,1861.8,338.6
Round1,Q2,1831,915.5,EMIRATES,0.8692,604.6,347.7,58.0,26.4,1920,1080,0.074,633.6,360.9
Round1,Q2,1832,916.0,EMIRATES,0.9027,927.8,303.6,60.0,30.1,1920,1080,0.087,957.8,318.7
Round1,Q2,1833,916.5,EMIRATES,0.8942,1081.9,236.7,70.6,23.2,1920,1080,0.079,1117.2,248.3
Round1,Q2,1834,917.0,EMIRATES,0.9006,1366.1,232.5,85.7,26.6,1920,1080,0.11,1408.9,245.9
Round1,Q2,1835,917.5,EMIRATES,0.8987,1686.5,202.5,97.9,27.9,1920,1080,0.132,1735.5,216.4
Round1,Q2,1836,918.0,EMIRATES,0.8953,1701.1,125.7,101.0,25.5,1920,1080,0.124,1751.6,138.5
Round1,Q2,1837,918.5,EMIRATES,0.6665,121.6,251.0,42.9,27.5,1920,1080,0.057,143.1,264.7
Round1,Q2,1839,919.5,EMIRATES,0.834,1889.7,232.1,30.3,32.3,1920,1080,0.047,1904.8,248.3
Round1,Q2,1840,920.0,EMIRATES,0.8834,1833.7,300.2,86.3,34.2,1920,1080,0.142,1876.8,317.3
Round1,Q2,1841,920.5,EMIRATES,0.8677,125.2,634.8,70.6,21.8,1920,1080,0.074,160.5,645.7
Round1,Q2,1841,920.5,EMIRATES,0.8581,42.3,611.2,44.0,14.7,1920,1080,0.031,64.3,618.6
Round1,Q2,1842,921.0,EMIRATES,0.8665,12.8,459.3,39.5,14.9,1920,1080,0.028,32.6,466.8
Round1,Q2,1843,921.5,EMIRATES,0.8791,657.0,428.6,53.1,20.7,1920,1080,0.053,683.5,438.9
Round1,Q2,1843,921.5,EMIRATES,0.8573,874.9,387.0,39.3,17.2,1920,1080,0.033,894.5,395.5
Round1,Q2,1845,922.5,EMIRATES,0.8979,754.1,225.9,79.5,27.5,1920,1080,0.106,793.8,239.7
Round1,Q2,1846,923.0,EMIRATES,0.8956,524.4,279.3,85.2,30.4,1920,1080,0.125,567.0,294.5
Round1,Q2,1847,923.5,EMIRATES,0.8918,364.1,297.9,90.5,38.1,1920,1080,0.166,409.3,317.0
Round1,Q2,1848,924.0,EMIRATES,0.8823,54.0,281.5,96.2,59.1,1920,1080,0.274,102.1,311.1
Round1,Q2,1850,925.0,EMIRATES,0.8808,1362.5,206.7,126.0,47.8,1920,1080,0.29,1425.4,230.6
Round1,Q2,1850,925.0,EMIRATES,0.8708,1813.5,247.8,81.4,55.9,1920,1080,0.22,1854.2,275.8
Round1,Q2,1850,925.0,EMIRATES,0.7324,690.3,257.8,69.6,88.7,1920,1080,0.298,725.1,302.1
Round1,Q2,1851,925.5,EMIRATES,0.8652,1057.7,234.3,143.8,27.1,1920,1080,0.188,1129.5,247.9
Round1,Q2,1851,925.5,EMIRATES,0.8452,1874.5,223.5,45.4,37.3,1920,1080,0.082,1897.2,242.1
Round1,Q2,1852,926.0,EMIRATES,0.7928,1884.4,206.9,35.6,31.9,1920,1080,0.055,1902.2,222.9
Round1,Q2,1852,926.0,EMIRATES,0.6129,946.0,295.2,156.3,26.7,1920,1080,0.201,1024.2,308.5
Round1,Q2,1853,926.5,EMIRATES,0.8659,1850.2,189.9,69.8,31.7,1920,1080,0.107,1885.1,205.8
Round1,Q2,1853,926.5,EMIRATES,0.5834,842.9,339.0,156.9,29.2,1920,1080,0.221,921.4,353.5
Round1,Q2,1854,927.0,EMIRATES,0.8846,1769.5,168.8,98.7,31.8,1920,1080,0.151,1818.8,184.7
Round1,Q2,1855,927.5,EMIRATES,0.8931,1671.8,147.6,93.2,30.7,1920,1080,0.138,1718.4,163.0
Round1,Q2,1856,928.0,EMIRATES,0.896,1565.4,127.0,88.9,33.1,1920,1080,0.142,1609.9,143.5
Round1,Q2,1857,928.5,EMIRATES,0.8886,1456.2,93.3,86.7,43.9,1920,1080,0.184,1499.6,115.3
Round1,Q2,1858,929.0,EMIRATES,0.7606,1264.8,555.3,67.2,59.1,1920,1080,0.191,1298.3,584.9
Round1,Q2,1859,929.5,EMIRATES,0.5975,1282.2,248.3,49.6,83.7,1920,1080,0.2,1307.0,290.1
Round1,Q2,1861,930.5,EMIRATES,0.766,1094.9,14.9,70.7,91.0,1920,1080,0.31,1130.2,60.4
Round1,Q2,1862,931.0,EMIRATES,0.6311,1258.9,245.7,125.8,129.7,1920,1080,0.787,1321.8,310.5
Round1,Q2,1873,936.5,EMIRATES,0.8532,837.9,263.6,39.3,33.9,1920,1080,0.064,857.6,280.6
Round1,Q2,1874,937.0,EMIRATES,0.8732,905.8,254.8,55.3,31.1,1920,1080,0.083,933.4,270.4
Round1,Q2,1876,938.0,EMIRATES,0.8804,1093.5,297.3,67.4,44.7,1920,1080,0.145,1127.2,319.7
Round1,Q2,1877,938.5,EMIRATES,0.914,1129.1,282.5,66.2,34.8,1920,1080,0.111,1162.2,299.9
Round1,Q2,1878,939.0,EMIRATES,0.8954,1165.4,273.4,83.5,31.0,1920,1080,0.125,1207.1,288.9
Round1,Q2,1879,939.5,EMIRATES,0.9006,1158.9,293.3,91.9,33.4,1920,1080,0.148,1204.8,310.0
Round1,Q2,1880,940.0,EMIRATES,0.8918,1174.3,323.6,111.3,41.1,1920,1080,0.221,1230.0,344.1
Round1,Q2,1881,940.5,EMIRATES,0.889,1235.9,318.5,119.2,39.5,1920,1080,0.227,1295.5,338.2
Round1,Q2,1897,948.5,EMIRATES,0.826,842.3,408.0,37.3,22.1,1920,1080,0.04,861.0,419.1
Round1,Q2,1897,948.5,EMIRATES,0.8214,1301.4,760.3,41.6,16.2,1920,1080,0.033,1322.1,768.4
Round1,Q2,1898,949.0,EMIRATES,0.8233,983.3,768.4,44.5,17.0,1920,1080,0.037,1005.6,776.9
Round1,Q2,1899,949.5,EMIRATES,0.8663,954.8,556.7,42.4,13.4,1920,1080,0.027,976.0,563.4
Round1,Q2,1900,950.0,EMIRATES,0.8931,707.0,460.6,51.4,18.9,1920,1080,0.047,732.8,470.0
Round1,Q2,1900,950.0,EMIRATES,0.8668,250.2,524.6,35.4,20.5,1920,1080,0.035,267.9,534.8
Round1,Q2,1901,950.5,EMIRATES,0.8645,212.7,475.9,65.9,20.8,1920,1080,0.066,245.7,486.3
Round1,Q2,1901,950.5,EMIRATES,0.8622,671.4,417.8,55.4,22.9,1920,1080,0.061,699.1,429.3
Round1,Q2,1902,951.0,EMIRATES,0.8868,645.8,450.4,55.4,34.0,1920,1080,0.091,673.5,467.4
Round1,Q2,1902,951.0,EMIRATES,0.8784,412.0,213.3,47.0,18.4,1920,1080,0.042,435.5,222.5
Round1,Q2,1902,951.0,EMIRATES,0.5474,1224.2,335.6,35.2,11.4,1920,1080,0.019,1241.8,341.3
Round1,Q2,1903,951.5,EMIRATES,0.8652,467.7,482.5,61.3,21.3,1920,1080,0.063,498.3,493.1
Round1,Q2,1903,951.5,EMIRATES,0.854,1010.8,337.0,53.8,15.2,1920,1080,0.039,1037.7,344.5
Round1,Q2,1904,952.0,EMIRATES,0.8919,455.5,441.0,58.9,22.7,1920,1080,0.065,485.0,452.4
Round1,Q2,1904,952.0,EMIRATES,0.8774,1036.2,293.9,57.2,20.3,1920,1080,0.056,1064.8,304.1
Round1,Q2,1904,952.0,EMIRATES,0.4622,0.1,274.5,16.7,12.6,1920,1080,0.01,8.5,280.7
Round1,Q2,1905,952.5,EMIRATES,0.8584,963.6,427.0,62.3,20.6,1920,1080,0.062,994.8,437.3
Round1,Q2,1905,952.5,EMIRATES,0.8307,371.8,610.0,61.6,25.2,1920,1080,0.075,402.6,622.6
Round1,Q2,1905,952.5,EMIRATES,0.8012,158.0,396.9,57.3,18.9,1920,1080,0.052,186.6,406.3
Round1,Q2,1906,953.0,EMIRATES,0.8588,418.2,458.7,54.5,19.2,1920,1080,0.05,445.4,468.3
Round1,Q2,1906,953.0,EMIRATES,0.7888,121.2,721.1,71.7,25.7,1920,1080,0.089,157.0,733.9
Round1,Q2,1906,953.0,EMIRATES,0.7748,857.5,509.0,66.4,20.9,1920,1080,0.067,890.7,519.4
Round1,Q2,1914,957.0,EMIRATES,0.8342,909.8,334.4,35.0,19.9,1920,1080,0.034,927.3,344.3
Round1,Q2,1915,957.5,EMIRATES,0.836,910.7,486.0,33.6,17.2,1920,1080,0.028,927.5,494.6
Round1,Q2,1915,957.5,EMIRATES,0.582,1120.0,852.8,79.3,33.4,1920,1080,0.128,1159.6,869.5
Round1,Q2,1916,958.0,EMIRATES,0.7319,942.2,291.6,57.7,20.5,1920,1080,0.057,971.0,301.9
Round1,Q2,1917,958.5,EMIRATES,0.7584,1819.6,871.6,95.7,28.2,1920,1080,0.13,1867.4,885.7
Round1,Q2,1918,959.0,EMIRATES,0.8972,316.6,557.5,71.5,22.7,1920,1080,0.078,352.4,568.8
Round1,Q2,1918,959.0,EMIRATES,0.8471,74.4,478.7,66.9,27.5,1920,1080,0.089,107.8,492.4
Round1,Q2,1919,959.5,EMIRATES,0.8717,762.3,612.8,76.5,20.1,1920,1080,0.074,800.5,622.9
Round1,Q2,1920,960.0,EMIRATES,0.8729,1359.8,627.4,72.4,27.4,1920,1080,0.096,1396.0,641.1
Round1,Q2,1921,960.5,EMIRATES,0.7474,1870.4,678.4,48.2,42.3,1920,1080,0.098,1894.5,699.6
Round1,Q2,1928,964.0,EMIRATES,0.815,1558.4,333.1,50.6,16.6,1920,1080,0.04,1583.7,341.4
Round1,Q2,1929,964.5,EMIRATES,0.8752,1179.4,257.9,43.6,18.3,1920,1080,0.039,1201.2,267.1
Round1,Q2,1929,964.5,EMIRATES,0.6907,0.0,392.3,29.6,18.0,1920,1080,0.026,14.8,401.2
Round1,Q2,1930,965.0,EMIRATES,0.643,1132.6,326.6,31.4,13.2,1920,1080,0.02,1148.3,333.2
Round1,Q2,1931,965.5,EMIRATES,0.8543,1041.6,356.2,38.1,15.9,1920,1080,0.029,1060.6,364.2
Round1,Q2,1932,966.0,EMIRATES,0.8546,780.7,457.2,37.7,22.0,1920,1080,0.04,799.6,468.2
Round1,Q2,1932,966.0,EMIRATES,0.3517,1092.2,370.9,31.2,24.6,1920,1080,0.037,1107.8,383.2
Round1,Q2,1934,967.0,EMIRATES,0.8558,1048.6,130.9,51.4,20.0,1920,1080,0.05,1074.3,140.9
Round1,Q2,1934,967.0,EMIRATES,0.6169,1123.5,375.9,26.5,18.6,1920,1080,0.024,1136.8,385.2
Round1,Q2,1935,967.5,EMIRATES,0.8864,767.0,105.3,37.3,15.0,1920,1080,0.027,785.7,112.8
Round1,Q2,1935,967.5,EMIRATES,0.8688,840.5,377.5,32.2,16.2,1920,1080,0.025,856.6,385.6
Round1,Q2,1935,967.5,EMIRATES,0.8367,1031.1,378.5,31.4,16.0,1920,1080,0.024,1046.8,386.6
Round1,Q2,1935,967.5,EMIRATES,0.6845,1257.6,466.9,26.8,39.4,1920,1080,0.051,1271.1,486.6
Round1,Q2,1936,968.0,EMIRATES,0.8833,874.9,91.2,30.4,14.1,1920,1080,0.021,890.1,98.3
Round1,Q2,1936,968.0,EMIRATES,0.8765,1162.2,344.1,48.2,15.2,1920,1080,0.035,1186.3,351.7
Round1,Q2,1936,968.0,EMIRATES,0.8045,1129.3,441.1,47.6,23.1,1920,1080,0.053,1153.1,452.7
Round1,Q2,1937,968.5,EMIRATES,0.8694,878.1,110.0,43.0,15.0,1920,1080,0.031,899.6,117.5
Round1,Q2,1937,968.5,EMIRATES,0.8682,1090.2,376.5,50.8,16.0,1920,1080,0.039,1115.6,384.6
Round1,Q2,1937,968.5,EMIRATES,0.483,1228.4,456.3,43.2,17.2,1920,1080,0.036,1250.0,464.9
Round1,Q2,1938,969.0,EMIRATES,0.8996,749.5,128.2,44.6,15.9,1920,1080,0.034,771.8,136.2
Round1,Q2,1938,969.0,EMIRATES,0.8795,847.4,395.1,53.3,16.4,1920,1080,0.042,874.1,403.3
Round1,Q2,1938,969.0,EMIRATES,0.8562,1762.1,339.6,35.9,14.6,1920,1080,0.025,1780.0,346.9
Round1,Q2,1939,969.5,EMIRATES,0.8996,585.0,140.8,47.7,17.9,1920,1080,0.041,608.9,149.8
Round1,Q2,1939,969.5,EMIRATES,0.8671,613.9,389.0,45.9,16.9,1920,1080,0.037,636.8,397.4
Round1,Q2,1946,973.0,EMIRATES,0.8842,702.1,107.6,92.0,37.4,1920,1080,0.166,748.0,126.4
Round1,Q2,1947,973.5,JAMESON,0.6878,1642.3,185.1,35.1,8.6,1920,1080,0.015,1659.8,189.4
Round1,Q2,1947,973.5,JAMESON,0.4424,1602.9,185.7,33.6,8.1,1920,1080,0.013,1619.7,189.7
Round1,Q2,1947,973.5,JAMESON,0.3599,1564.9,185.9,32.4,7.6,1920,1080,0.012,1581.1,189.7
Round1,Q2,1948,974.0,JAMESON,0.7473,1710.7,157.8,42.1,9.6,1920,1080,0.02,1731.8,162.6
Round1,Q2,1948,974.0,JAMESON,0.7424,1671.1,158.8,34.3,8.4,1920,1080,0.014,1688.2,163.0
Round1,Q2,1948,974.0,JAMESON,0.7268,1759.7,156.6,38.9,9.1,1920,1080,0.017,1779.2,161.2
Round1,Q2,1948,974.0,ACCESS_COVERS,0.392,121.4,344.8,90.3,12.3,1920,1080,0.054,166.5,350.9
Round1,Q2,1949,974.5,JAMESON,0.7041,1794.5,129.8,41.7,9.4,1920,1080,0.019,1815.4,134.5
Round1,Q2,1949,974.5,JAMESON,0.6529,1844.5,127.4,45.5,10.6,1920,1080,0.023,1867.3,132.7
Round1,Q2,1949,974.5,JAMESON,0.5164,1899.1,124.9,20.7,11.1,1920,1080,0.011,1909.5,130.5
Round1,Q2,1950,975.0,ACCESS_COVERS,0.3229,1220.4,112.0,45.1,9.1,1920,1080,0.02,1242.9,116.6
Round1,Q2,1951,975.5,ACCESS_COVERS,0.7122,1296.7,78.0,48.7,10.1,1920,1080,0.024,1321.1,83.0
Round1,Q2,1952,976.0,ACCESS_COVERS,0.7413,1397.5,27.3,56.9,11.7,1920,1080,0.032,1425.9,33.2
Round1,Q2,1961,980.5,EMIRATES,0.8228,421.4,424.0,28.8,15.3,1920,1080,0.021,435.8,431.6
Round1,Q2,1961,980.5,EMIRATES,0.7881,533.5,541.9,43.8,16.0,1920,1080,0.034,555.4,549.9
Round1,Q2,1962,981.0,EMIRATES,0.8985,1011.4,426.2,43.5,20.7,1920,1080,0.043,1033.2,436.5
Round1,Q2,1963,981.5,EMIRATES,0.886,988.4,392.7,52.4,15.9,1920,1080,0.04,1014.6,400.6
Round1,Q2,1963,981.5,EMIRATES,0.8623,459.7,352.8,44.7,15.8,1920,1080,0.034,482.0,360.7
Round1,Q2,1963,981.5,EMIRATES,0.7741,921.8,353.9,24.8,11.5,1920,1080,0.014,934.2,359.6
Round1,Q2,1964,982.0,EMIRATES,0.7535,502.5,399.2,36.3,16.6,1920,1080,0.029,520.7,407.5
Round1,Q2,1964,982.0,EMIRATES,0.6947,963.4,386.8,52.9,12.2,1920,1080,0.031,989.8,392.9
Round1,Q2,1965,982.5,EMIRATES,0.8555,454.1,386.6,30.6,17.7,1920,1080,0.026,469.4,395.5
Round1,Q2,1965,982.5,EMIRATES,0.4941,1021.5,392.6,41.9,11.2,1920,1080,0.023,1042.5,398.2
Round1,Q2,1966,983.0,EMIRATES,0.8602,322.2,389.9,38.7,25.3,1920,1080,0.047,341.5,402.5
Round1,Q2,1966,983.0,EMIRATES,0.8339,1180.5,379.5,49.7,16.8,1920,1080,0.04,1205.3,387.9
Round1,Q2,1966,983.0,EMIRATES,0.8038,1082.3,378.0,51.8,12.6,1920,1080,0.031,1108.2,384.3
Round1,Q2,1967,983.5,EMIRATES,0.8421,1026.8,336.7,49.8,19.6,1920,1080,0.047,1051.7,346.5
Round1,Q2,1968,984.0,EMIRATES,0.8848,532.3,303.2,41.0,15.7,1920,1080,0.031,552.9,311.1
Round1,Q2,1968,984.0,EMIRATES,0.8805,966.5,343.3,44.6,30.0,1920,1080,0.065,988.8,358.3
Round1,Q2,1968,984.0,EMIRATES,0.6339,266.7,364.1,21.9,17.6,1920,1080,0.019,277.6,372.9
Round1,Q2,1969,984.5,EMIRATES,0.873,703.0,365.9,41.0,16.4,1920,1080,0.032,723.5,374.1
Round1,Q2,1969,984.5,EMIRATES,0.8178,1049.7,369.6,49.3,24.3,1920,1080,0.058,1074.3,381.7
Round1,Q2,1969,984.5,EMIRATES,0.708,303.4,370.1,23.9,12.1,1920,1080,0.014,315.4,376.2
Round1,Q2,1970,985.0,EMIRATES,0.8793,701.0,382.5,39.5,18.8,1920,1080,0.036,720.8,391.9
Round1,Q2,1970,985.0,EMIRATES,0.8621,1066.4,345.3,53.1,26.2,1920,1080,0.067,1093.0,358.4
Round1,Q2,1970,985.0,EMIRATES,0.8566,156.2,415.9,35.5,15.7,1920,1080,0.027,174.0,423.7
Round1,Q2,1970,985.0,EMIRATES,0.7883,1903.4,785.6,16.6,20.4,1920,1080,0.016,1911.7,795.8
Round1,Q2,1971,985.5,EMIRATES,0.89,1819.3,781.3,57.7,24.4,1920,1080,0.068,1848.2,793.5
Round1,Q2,1971,985.5,EMIRATES,0.8852,1169.5,333.8,52.8,18.4,1920,1080,0.047,1196.0,343.0
Round1,Q2,1971,985.5,EMIRATES,0.8697,136.1,400.9,34.2,26.0,1920,1080,0.043,153.2,413.8
Round1,Q2,1972,986.0,EMIRATES,0.8934,1637.8,761.3,63.2,22.4,1920,1080,0.068,1669.4,772.5
Round1,Q2,1972,986.0,EMIRATES,0.8922,77.7,332.6,43.9,21.7,1920,1080,0.046,99.7,343.4
Round1,Q2,1972,986.0,EMIRATES,0.8275,245.6,563.4,52.6,15.8,1920,1080,0.04,272.0,571.3
Round1,Q2,1972,986.0,EMIRATES,0.698,1184.5,349.8,34.2,19.2,1920,1080,0.032,1201.6,359.3
Round1,Q2,1973,986.5,EMIRATES,0.8826,1382.9,743.7,60.4,20.8,1920,1080,0.061,1413.1,754.2
Round1,Q2,1973,986.5,EMIRATES,0.7464,0.0,534.0,24.2,16.1,1920,1080,0.019,12.1,542.0
Round1,Q2,1974,987.0,EMIRATES,0.8345,953.9,767.9,66.0,26.2,1920,1080,0.083,986.8,781.0
Round1,Q2,1975,987.5,EMIRATES,0.866,602.1,710.5,51.0,22.9,1920,1080,0.056,627.6,722.0
Round1,Q2,1975,987.5,EMIRATES,0.8549,1404.9,350.3,53.2,19.1,1920,1080,0.049,1431.5,359.9
Round1,Q2,1976,988.0,EMIRATES,0.4809,546.7,370.6,28.0,17.2,1920,1080,0.023,560.7,379.2
Round1,Q2,1977,988.5,EMIRATES,0.9008,210.5,545.2,57.4,22.6,1920,1080,0.063,239.2,556.5
Round1,Q2,1977,988.5,EMIRATES,0.8798,799.9,443.2,43.7,19.4,1920,1080,0.041,821.8,452.8
Round1,Q2,1984,992.0,EMIRATES,0.6459,582.8,462.0,30.2,16.6,1920,1080,0.024,597.9,470.3
Round1,Q2,1985,992.5,EMIRATES,0.7879,849.9,506.6,30.8,10.5,1920,1080,0.016,865.3,511.8
Round1,Q2,1986,993.0,EMIRATES,0.6123,398.4,519.2,24.2,9.6,1920,1080,0.011,410.5,524.0
Round1,Q2,2004,1002.0,EMIRATES,0.6581,305.1,661.8,31.0,8.5,1920,1080,0.013,320.6,666.0
Round1,Q2,2004,1002.0,EMIRATES,0.6132,264.2,689.2,21.2,9.1,1920,1080,0.009,274.8,693.8
Round1,Q2,2008,1004.0,EMIRATES,0.4649,297.5,657.4,32.8,10.2,1920,1080,0.016,313.9,662.5
Round1,Q2,2009,1004.5,EMIRATES,0.4351,371.4,660.8,32.4,8.0,1920,1080,0.012,387.6,664.8
Round1,Q2,2011,1005.5,EMIRATES,0.8177,541.2,879.9,42.4,12.9,1920,1080,0.026,562.4,886.3
Round1,Q2,2012,1006.0,EMIRATES,0.8271,218.3,655.0,25.4,11.0,1920,1080,0.013,231.0,660.5
Round1,Q2,2012,1006.0,EMIRATES,0.6677,330.6,863.3,41.9,11.3,1920,1080,0.023,351.6,869.0
Round1,Q2,2013,1006.5,EMIRATES,0.6504,68.8,850.9,37.0,12.0,1920,1080,0.021,87.3,856.9
Round1,Q2,2018,1009.0,EMIRATES,0.7714,397.0,734.1,29.3,9.3,1920,1080,0.013,411.6,738.7
Round1,Q2,2018,1009.0,EMIRATES,0.7241,71.9,798.0,31.9,10.7,1920,1080,0.016,87.8,803.3
Round1,Q2,2019,1009.5,EMIRATES,0.8617,359.6,728.4,30.2,10.1,1920,1080,0.015,374.7,733.4
Round1,Q2,2020,1010.0,EMIRATES,0.8864,235.9,742.1,34.5,13.3,1920,1080,0.022,253.1,748.8
Round1,Q2,2021,1010.5,EMIRATES,0.4556,290.5,1059.0,173.8,20.0,1920,1080,0.168,377.4,1069.0
Round1,Q2,2027,1013.5,EMIRATES,0.4162,31.6,23.5,165.5,95.5,1920,1080,0.762,114.4,71.2
Round1,Q2,2032,1016.0,CYBERCX,0.7334,284.3,49.2,96.4,23.7,1920,1080,0.11,332.5,61.1
Round1,Q2,2032,1016.0,ACCESS_COVERS,0.4327,391.8,49.4,100.1,23.7,1920,1080,0.114,441.8,61.3
Round1,Q2,2033,1016.5,CYBERCX,0.7566,282.8,51.7,90.8,20.1,1920,1080,0.088,328.2,61.7
Round1,Q2,2033,1016.5,ACCESS_COVERS,0.7485,390.8,52.9,97.1,20.5,1920,1080,0.096,439.3,63.1
Round1,Q2,2034,1017.0,ACCESS_COVERS,0.7699,390.8,57.0,96.1,20.1,1920,1080,0.093,438.9,67.0
Round1,Q2,2034,1017.0,CYBERCX,0.7499,278.6,56.4,96.4,20.5,1920,1080,0.095,326.8,66.6
Round1,Q2,2035,1017.5,CYBERCX,0.7596,278.8,57.7,95.9,20.1,1920,1080,0.093,326.8,67.8
Round1,Q2,2035,1017.5,ACCESS_COVERS,0.735,389.5,58.0,98.0,20.4,1920,1080,0.096,438.5,68.2
Round1,Q2,2036,1018.0,ACCESS_COVERS,0.7649,386.7,57.1,98.3,21.9,1920,1080,0.104,435.8,68.1
Round1,Q2,2036,1018.0,CYBERCX,0.7606,273.3,57.1,95.3,20.8,1920,1080,0.095,321.0,67.5
Round1,Q2,2037,1018.5,CYBERCX,0.7527,266.6,53.9,99.3,21.9,1920,1080,0.105,316.3,64.9
Round1,Q2,2037,1018.5,ACCESS_COVERS,0.7123,380.3,54.9,103.2,21.8,1920,1080,0.109,431.9,65.8
Round1,Q2,2038,1019.0,ACCESS_COVERS,0.7897,371.7,53.3,101.8,21.5,1920,1080,0.105,422.6,64.0
Round1,Q2,2038,1019.0,CYBERCX,0.7341,258.0,52.0,97.1,20.5,1920,1080,0.096,306.5,62.2
Round1,Q2,2039,1019.5,ACCESS_COVERS,0.8078,364.4,50.7,102.9,21.2,1920,1080,0.105,415.8,61.3
Round1,Q2,2039,1019.5,CYBERCX,0.7837,247.0,49.5,98.8,20.6,1920,1080,0.098,296.4,59.8
Round1,Q2,2040,1020.0,ACCESS_COVERS,0.784,354.2,46.6,102.4,21.3,1920,1080,0.105,405.4,57.2
Round1,Q2,2040,1020.0,CYBERCX,0.7685,233.3,45.3,104.1,20.8,1920,1080,0.105,285.3,55.8
Round1,Q2,2041,1020.5,ACCESS_COVERS,0.7807,344.7,46.1,106.0,21.2,1920,1080,0.109,397.7,56.7
Round1,Q2,2041,1020.5,CYBERCX,0.7769,222.8,45.2,100.5,20.4,1920,1080,0.099,273.0,55.4
Round1,Q2,2042,1021.0,ACCESS_COVERS,0.7979,333.7,41.8,107.7,22.2,1920,1080,0.115,387.5,52.9
Round1,Q2,2042,1021.0,CYBERCX,0.7692,209.3,40.3,108.1,21.5,1920,1080,0.112,263.4,51.1
Round1,Q2,2043,1021.5,CYBERCX,0.7842,194.4,38.3,109.5,21.6,1920,1080,0.114,249.1,49.1
Round1,Q2,2043,1021.5,ACCESS_COVERS,0.7659,320.9,39.0,111.2,22.2,1920,1080,0.119,376.5,50.1
Round1,Q2,2044,1022.0,ACCESS_COVERS,0.7987,300.7,103.5,117.2,25.6,1920,1080,0.145,359.3,116.3
Round1,Q2,2044,1022.0,CYBERCX,0.758,167.3,103.0,117.9,25.9,1920,1080,0.147,226.3,116.0
Round1,Q2,2045,1022.5,ACCESS_COVERS,0.8259,124.4,128.9,154.7,31.2,1920,1080,0.233,201.7,144.5
Round1,Q2,2045,1022.5,CYBERCX,0.7019,0.0,129.5,101.6,29.9,1920,1080,0.146,50.8,144.5
Round1,Q2,2054,1027.0,EMIRATES,0.3019,0.0,660.3,18.4,45.0,1920,1080,0.04,9.2,682.8
Round1,Q2,2055,1027.5,EMIRATES,0.8344,881.3,577.0,283.1,76.0,1920,1080,1.037,1022.8,615.0
Round1,Q2,2064,1032.0,JAMESON,0.6505,1397.7,116.8,30.3,7.8,1920,1080,0.011,1412.9,120.7
Round1,Q2,2064,1032.0,JAMESON,0.633,1473.8,115.3,32.9,8.7,1920,1080,0.014,1490.3,119.7
Round1,Q2,2064,1032.0,JAMESON,0.5413,1434.0,115.9,34.9,8.3,1920,1080,0.014,1451.5,120.1
Round1,Q2,2064,1032.0,ACCESS_COVERS,0.5278,0.0,292.4,51.4,13.2,1920,1080,0.033,25.7,299.0
Round1,Q2,2065,1032.5,JAMESON,0.7277,1494.3,121.9,30.3,7.4,1920,1080,0.011,1509.5,125.6
Round1,Q2,2065,1032.5,JAMESON,0.7011,1530.1,120.9,35.8,8.7,1920,1080,0.015,1548.0,125.2
Round1,Q2,2065,1032.5,JAMESON,0.6742,1571.1,119.8,33.4,7.7,1920,1080,0.012,1587.8,123.6
Round1,Q2,2065,1032.5,ACCESS_COVERS,0.6251,35.8,298.1,82.2,12.7,1920,1080,0.05,76.9,304.5
Round1,Q2,2066,1033.0,JAMESON,0.7505,1592.4,112.6,35.5,8.4,1920,1080,0.014,1610.1,116.8
Round1,Q2,2066,1033.0,JAMESON,0.7429,1511.3,115.0,33.6,8.1,1920,1080,0.013,1528.1,119.1
Round1,Q2,2066,1033.0,JAMESON,0.7001,1551.0,113.9,37.2,8.7,1920,1080,0.016,1569.6,118.2
Round1,Q2,2067,1033.5,JAMESON,0.7967,1606.2,110.9,34.6,8.1,1920,1080,0.014,1623.5,115.0
Round1,Q2,2067,1033.5,JAMESON,0.7437,1563.1,112.0,38.6,8.3,1920,1080,0.016,1582.4,116.2
Round1,Q2,2067,1033.5,JAMESON,0.7401,1525.9,113.6,31.3,7.2,1920,1080,0.011,1541.5,117.2
Round1,Q2,2068,1034.0,JAMESON,0.7164,1577.8,125.6,37.5,8.8,1920,1080,0.016,1596.5,130.0
Round1,Q2,2068,1034.0,JAMESON,0.6524,1538.6,125.8,34.8,9.1,1920,1080,0.015,1556.0,130.4
Round1,Q2,2068,1034.0,JAMESON,0.6257,1498.6,126.0,33.7,8.3,1920,1080,0.014,1515.5,130.2
Round1,Q2,2068,1034.0,ACCESS_COVERS,0.3003,29.4,304.7,92.1,13.3,1920,1080,0.059,75.4,311.4
Round1,Q2,2069,1034.5,JAMESON,0.7894,1529.7,134.5,35.5,8.0,1920,1080,0.014,1547.5,138.5
Round1,Q2,2069,1034.5,JAMESON,0.7401,1451.2,136.7,33.4,7.6,1920,1080,0.012,1467.9,140.5
Round1,Q2,2069,1034.5,JAMESON,0.7357,1490.4,135.7,34.8,8.1,1920,1080,0.014,1507.8,139.7
Round1,Q2,2069,1034.5,ACCESS_COVERS,0.5641,0.0,314.5,72.6,13.8,1920,1080,0.048,36.3,321.4
Round1,Q2,2070,1035.0,JAMESON,0.7324,1442.8,148.5,37.6,8.7,1920,1080,0.016,1461.6,152.8
Round1,Q2,2070,1035.0,JAMESON,0.721,1486.2,148.5,34.9,8.7,1920,1080,0.015,1503.6,152.9
Round1,Q2,2070,1035.0,JAMESON,0.6999,1407.4,149.1,30.2,7.9,1920,1080,0.011,1422.5,153.1
Round1,Q2,2071,1035.5,JAMESON,0.7642,1453.9,159.5,34.0,8.3,1920,1080,0.014,1471.0,163.7
Round1,Q2,2071,1035.5,JAMESON,0.7446,1413.6,160.8,36.0,8.0,1920,1080,0.014,1431.6,164.8
Round1,Q2,2071,1035.5,JAMESON,0.7359,1376.3,161.4,31.9,7.1,1920,1080,0.011,1392.2,165.0
Round1,Q2,2072,1036.0,JAMESON,0.7689,1432.5,158.5,34.4,8.0,1920,1080,0.013,1449.7,162.5
Round1,Q2,2072,1036.0,JAMESON,0.753,1351.4,159.6,34.2,7.7,1920,1080,0.013,1368.5,163.5
Round1,Q2,2072,1036.0,JAMESON,0.745,1388.9,158.9,39.4,8.2,1920,1080,0.016,1408.6,163.0
Round1,Q2,2072,1036.0,ACCESS_COVERS,0.3865,795.0,162.6,37.5,7.4,1920,1080,0.013,813.7,166.3
Round1,Q2,2073,1036.5,JAMESON,0.7877,1302.5,155.0,33.9,8.0,1920,1080,0.013,1319.5,159.0
Round1,Q2,2073,1036.5,JAMESON,0.7855,1342.5,154.7,37.4,8.2,1920,1080,0.015,1361.2,158.8
Round1,Q2,2073,1036.5,JAMESON,0.6051,1384.1,154.2,34.5,8.0,1920,1080,0.013,1401.4,158.2
Round1,Q2,2074,1037.0,JAMESON,0.7938,1254.9,153.5,36.0,8.8,1920,1080,0.015,1272.9,157.9
Round1,Q2,2074,1037.0,JAMESON,0.7692,1295.9,153.0,37.0,9.1,1920,1080,0.016,1314.5,157.6
Round1,Q2,2074,1037.0,JAMESON,0.7379,1338.0,152.5,35.9,9.5,1920,1080,0.016,1356.0,157.3
Round1,Q2,2075,1037.5,JAMESON,0.8151,1252.9,157.3,36.4,8.2,1920,1080,0.014,1271.1,161.4
Round1,Q2,2075,1037.5,JAMESON,0.8028,1294.6,156.1,39.1,8.3,1920,1080,0.016,1314.2,160.2
Round1,Q2,2075,1037.5,JAMESON,0.7873,1338.5,154.9,35.9,8.5,1920,1080,0.015,1356.4,159.2
Round1,Q2,2075,1037.5,ACCESS_COVERS,0.3755,657.7,161.1,37.0,7.3,1920,1080,0.013,676.2,164.8
Round1,Q2,2076,1038.0,JAMESON,0.658,1263.2,151.5,39.1,10.5,1920,1080,0.02,1282.8,156.8
Round1,Q2,2076,1038.0,JAMESON,0.6499,1306.2,151.5,36.6,10.6,1920,1080,0.019,1324.5,156.7
Round1,Q2,2076,1038.0,JAMESON,0.5864,1351.1,151.8,36.2,10.3,1920,1080,0.018,1369.2,156.9
Round1,Q2,2076,1038.0,ACCESS_COVERS,0.5103,653.1,157.0,40.7,7.4,1920,1080,0.015,673.4,160.7
Round1,Q2,2077,1038.5,JAMESON,0.8088,1356.3,146.8,41.2,9.7,1920,1080,0.019,1376.9,151.6
Round1,Q2,2077,1038.5,JAMESON,0.7832,1268.7,148.9,36.6,8.9,1920,1080,0.016,1287.1,153.4
Round1,Q2,2077,1038.5,JAMESON,0.7825,1312.0,148.2,38.3,9.1,1920,1080,0.017,1331.2,152.7
Round1,Q2,2077,1038.5,ACCESS_COVERS,0.6168,648.4,153.1,41.2,8.9,1920,1080,0.018,669.0,157.5
Round1,Q2,2078,1039.0,JAMESON,0.7864,1315.5,141.7,41.1,9.5,1920,1080,0.019,1336.1,146.4
Round1,Q2,2078,1039.0,JAMESON,0.7689,1272.4,142.3,37.3,9.1,1920,1080,0.016,1291.0,146.9
Round1,Q2,2078,1039.0,JAMESON,0.762,1362.8,140.8,38.3,9.5,1920,1080,0.017,1382.0,145.5
Round1,Q2,2078,1039.0,ACCESS_COVERS,0.5596,641.4,146.8,39.6,8.0,1920,1080,0.015,661.1,150.8
Round1,Q2,2079,1039.5,JAMESON,0.7243,1244.6,139.6,40.6,9.3,1920,1080,0.018,1264.9,144.2
Round1,Q2,2079,1039.5,JAMESON,0.7195,1291.2,139.1,41.6,9.1,1920,1080,0.018,1312.0,143.6
Round1,Q2,2079,1039.5,JAMESON,0.7001,1339.1,138.0,37.7,9.6,1920,1080,0.017,1358.0,142.8
Round1,Q2,2079,1039.5,ACCESS_COVERS,0.6493,611.0,143.8,43.1,8.1,1920,1080,0.017,632.5,147.8
Round1,Q2,2080,1040.0,JAMESON,0.6782,1149.2,151.0,41.3,11.0,1920,1080,0.022,1169.9,156.5
Round1,Q2,2080,1040.0,JAMESON,0.6735,1107.1,151.5,37.2,10.5,1920,1080,0.019,1125.7,156.7
Round1,Q2,2080,1040.0,JAMESON,0.6696,1195.4,150.0,37.8,10.1,1920,1080,0.018,1214.3,155.0
Round1,Q2,2080,1040.0,ACCESS_COVERS,0.4222,482.3,154.1,43.7,8.0,1920,1080,0.017,504.1,158.1
Round1,Q2,2081,1040.5,JAMESON,0.7602,1024.7,184.1,37.7,9.4,1920,1080,0.017,1043.5,188.8
Round1,Q2,2081,1040.5,JAMESON,0.7449,982.7,184.7,38.5,9.3,1920,1080,0.017,1001.9,189.3
Round1,Q2,2081,1040.5,JAMESON,0.7367,944.5,185.5,33.5,8.2,1920,1080,0.013,961.3,189.6
Round1,Q2,2082,1041.0,JAMESON,0.7491,774.6,208.6,32.9,7.6,1920,1080,0.012,791.1,212.4
Round1,Q2,2082,1041.0,JAMESON,0.5593,812.4,208.0,36.9,8.4,1920,1080,0.015,830.8,212.2
Round1,Q2,2082,1041.0,JAMESON,0.3377,852.9,207.7,33.8,8.9,1920,1080,0.014,869.7,212.2
Round1,Q2,2083,1041.5,JAMESON,0.7595,681.1,226.2,33.5,8.0,1920,1080,0.013,697.9,230.2
Round1,Q2,2083,1041.5,JAMESON,0.7565,640.6,225.9,34.9,8.3,1920,1080,0.014,658.1,230.0
Round1,Q2,2083,1041.5,JAMESON,0.7412,601.3,226.5,34.1,8.6,1920,1080,0.014,618.4,230.8
Round1,Q2,2083,1041.5,ACCESS_COVERS,0.3093,0.3,222.0,41.4,10.2,1920,1080,0.02,21.0,227.1
Round1,Q2,2084,1042.0,JAMESON,0.7553,478.3,225.0,33.8,9.2,1920,1080,0.015,495.2,229.6
Round1,Q2,2084,1042.0,JAMESON,0.7123,559.8,224.6,34.4,9.4,1920,1080,0.016,577.0,229.3
Round1,Q2,2084,1042.0,JAMESON,0.7061,518.2,224.3,35.8,9.8,1920,1080,0.017,536.1,229.1
Round1,Q2,2085,1042.5,JAMESON,0.7377,457.2,213.6,35.5,8.6,1920,1080,0.015,475.0,217.9
Round1,Q2,2085,1042.5,JAMESON,0.7351,413.3,213.8,38.1,8.3,1920,1080,0.015,432.4,218.0
Round1,Q2,2085,1042.5,JAMESON,0.7338,371.1,214.2,36.3,8.5,1920,1080,0.015,389.3,218.4
Round1,Q2,2086,1043.0,JAMESON,0.7277,269.1,198.0,38.7,9.6,1920,1080,0.018,288.5,202.8
Round1,Q2,2086,1043.0,JAMESON,0.7132,362.0,198.0,37.1,9.3,1920,1080,0.017,380.6,202.6
Round1,Q2,2086,1043.0,JAMESON,0.7061,314.7,198.0,39.7,9.8,1920,1080,0.019,334.6,202.9
Round1,Q2,2087,1043.5,JAMESON,0.8098,206.5,181.9,41.3,9.2,1920,1080,0.018,227.2,186.5
Round1,Q2,2087,1043.5,JAMESON,0.7977,253.5,182.1,43.5,9.1,1920,1080,0.019,275.3,186.7
Round1,Q2,2087,1043.5,JAMESON,0.6705,303.6,182.3,37.9,9.0,1920,1080,0.017,322.6,186.9
Round1,Q2,2088,1044.0,JAMESON,0.7221,159.6,163.0,43.3,9.7,1920,1080,0.02,181.2,167.9
Round1,Q2,2088,1044.0,JAMESON,0.7129,209.0,163.4,44.6,9.7,1920,1080,0.021,231.3,168.2
Round1,Q2,2088,1044.0,JAMESON,0.6919,260.4,164.0,42.7,10.0,1920,1080,0.021,281.8,169.0
Round1,Q2,2089,1044.5,JAMESON,0.7827,153.5,152.0,49.1,10.1,1920,1080,0.024,178.1,157.1
Round1,Q2,2089,1044.5,JAMESON,0.7133,209.7,152.2,40.5,10.4,1920,1080,0.02,230.0,157.4
Round1,Q2,2089,1044.5,JAMESON,0.6859,101.4,151.3,43.4,10.7,1920,1080,0.022,123.1,156.6
Round1,Q2,2090,1045.0,JAMESON,0.7912,75.9,155.3,50.0,10.7,1920,1080,0.026,100.9,160.6
Round1,Q2,2090,1045.0,JAMESON,0.7862,133.8,157.0,45.8,9.6,1920,1080,0.021,156.7,161.8
Round1,Q2,2090,1045.0,JAMESON,0.6087,20.9,154.1,45.3,10.7,1920,1080,0.023,43.6,159.5
Round1,Q2,2091,1045.5,JAMESON,0.7919,11.9,161.5,50.9,10.8,1920,1080,0.027,37.3,166.9
Round1,Q2,2091,1045.5,JAMESON,0.634,73.1,163.5,48.1,10.5,1920,1080,0.024,97.1,168.8
Round1,Q2,2092,1046.0,JAMESON,0.7842,40.4,169.1,50.1,9.7,1920,1080,0.024,65.4,173.9
Round1,Q2,2092,1046.0,JAMESON,0.6704,0.0,168.2,30.5,9.9,1920,1080,0.015,15.2,173.1
Round1,Q2,2093,1046.5,JAMESON,0.7351,34.2,172.0,54.4,11.5,1920,1080,0.03,61.4,177.7
Round1,Q2,2093,1046.5,JAMESON,0.7321,0.0,171.6,24.2,10.5,1920,1080,0.012,12.1,176.9
Round1,Q2,2094,1047.0,JAMESON,0.7756,35.2,158.8,57.8,12.3,1920,1080,0.034,64.1,164.9
Round1,Q2,2094,1047.0,JAMESON,0.6883,0.0,158.4,27.7,10.4,1920,1080,0.014,13.9,163.7
Round1,Q2,2095,1047.5,JAMESON,0.7909,14.4,144.2,59.8,12.6,1920,1080,0.036,44.3,150.5
Round1,Q2,2096,1048.0,EMIRATES,0.3126,1004.2,445.9,25.3,14.8,1920,1080,0.018,1016.8,453.3
Round1,Q2,2097,1048.5,EMIRATES,0.8724,1090.0,154.2,47.3,18.2,1920,1080,0.041,1113.6,163.3
Round1,Q2,2098,1049.0,EMIRATES,0.8258,482.5,469.0,54.7,40.4,1920,1080,0.107,509.9,489.3
Round1,Q2,2099,1049.5,EMIRATES,0.8416,119.7,730.5,55.4,25.4,1920,1080,0.068,147.3,743.2
Round1,Q2,2099,1049.5,EMIRATES,0.8268,1544.1,743.4,67.3,33.6,1920,1080,0.109,1577.8,760.2
Round1,Q2,2100,1050.0,EMIRATES,0.8561,488.6,940.9,72.8,29.0,1920,1080,0.102,525.0,955.4
Round1,Q2,2101,1050.5,EMIRATES,0.8901,940.4,868.6,62.0,24.4,1920,1080,0.073,971.4,880.8
Round1,Q2,2102,1051.0,EMIRATES,0.8762,1054.7,693.2,56.1,34.3,1920,1080,0.093,1082.7,710.4
Round1,Q2,2102,1051.0,EMIRATES,0.8628,1369.8,406.9,50.1,18.0,1920,1080,0.043,1394.8,415.9
Round1,Q2,2113,1056.5,EMIRATES,0.3536,1293.1,22.3,10.8,57.4,1920,1080,0.03,1298.5,51.0
Round1,Q2,2113,1056.5,EMIRATES,0.3246,1386.8,36.2,11.3,58.3,1920,1080,0.032,1392.4,65.3
Round1,Q2,2113,1056.5,EMIRATES,0.3038,1490.0,51.8,9.9,64.3,1920,1080,0.031,1494.9,83.9
Round1,Q2,2114,1057.0,EMIRATES,0.352,1202.7,10.6,11.2,63.2,1920,1080,0.034,1208.3,42.2
Round1,Q2,2115,1057.5,EMIRATES,0.3662,1115.6,27.6,10.7,64.0,1920,1080,0.033,1120.9,59.6
Round1,Q2,2116,1058.0,EMIRATES,0.3311,1046.5,63.4,10.8,59.1,1920,1080,0.031,1051.9,93.0
Round1,Q2,2121,1060.5,EMIRATES,0.3563,1156.9,144.9,9.5,59.9,1920,1080,0.028,1161.7,174.8
Round1,Q2,2122,1061.0,EMIRATES,0.3041,1185.4,154.9,8.9,56.7,1920,1080,0.024,1189.8,183.2
Round1,Q2,2125,1062.5,EMIRATES,0.3407,1169.7,150.1,9.3,55.0,1920,1080,0.025,1174.4,177.6
Round1,Q2,2127,1063.5,EMIRATES,0.3248,1217.2,155.5,8.5,51.2,1920,1080,0.021,1221.5,181.1
Round1,Q2,2128,1064.0,EMIRATES,0.346,1328.4,168.4,9.6,54.6,1920,1080,0.025,1333.2,195.7
Round1,Q2,2130,1065.0,EMIRATES,0.3475,1248.6,151.7,9.8,54.6,1920,1080,0.026,1253.4,179.0
Round1,Q2,2131,1065.5,EMIRATES,0.3564,1227.1,139.2,9.2,58.6,1920,1080,0.026,1231.7,168.5
Round1,Q2,2131,1065.5,EMIRATES,0.3166,1318.7,153.6,9.0,58.9,1920,1080,0.026,1323.2,183.1
Round1,Q2,2132,1066.0,EMIRATES,0.4038,1334.0,143.8,9.4,61.4,1920,1080,0.028,1338.7,174.5
Round1,Q2,2135,1067.5,EMIRATES,0.3666,1460.8,145.2,9.9,58.6,1920,1080,0.028,1465.7,174.5
Round1,Q2,2135,1067.5,EMIRATES,0.3517,1670.5,174.8,10.7,64.9,1920,1080,0.033,1675.9,207.3
Round1,Q2,2139,1069.5,ACCESS_COVERS,0.3318,0.0,38.5,32.2,23.9,1920,1080,0.037,16.1,50.4
Round1,Q2,2140,1070.0,ACCESS_COVERS,0.554,0.1,51.2,39.4,17.1,1920,1080,0.033,19.8,59.8
Round1,Q2,2141,1070.5,ACCESS_COVERS,0.6606,0.0,63.6,58.5,18.8,1920,1080,0.053,29.2,72.9
Round1,Q2,2142,1071.0,ACCESS_COVERS,0.6323,0.2,73.8,70.4,16.4,1920,1080,0.056,35.4,82.0
Round1,Q2,2143,1071.5,ACCESS_COVERS,0.6153,0.0,84.1,60.1,18.1,1920,1080,0.053,30.1,93.2
Round1,Q2,2158,1079.0,EMIRATES,0.3976,1436.0,361.1,11.9,80.5,1920,1080,0.046,1442.0,401.4
Round1,Q2,2159,1079.5,EMIRATES,0.431,1547.2,374.2,13.7,93.3,1920,1080,0.062,1554.0,420.9
Round1,Q2,2159,1079.5,EMIRATES,0.3339,1394.0,397.3,12.5,44.3,1920,1080,0.027,1400.3,419.5
Round1,Q2,2160,1080.0,EMIRATES,0.868,988.2,315.9,47.2,17.3,1920,1080,0.039,1011.8,324.6
Round1,Q2,2160,1080.0,EMIRATES,0.8436,338.0,595.5,47.3,24.6,1920,1080,0.056,361.7,607.8
Round1,Q2,2162,1081.0,EMIRATES,0.8938,1872.5,296.0,33.2,16.5,1920,1080,0.026,1889.1,304.2
Round1,Q2,2162,1081.0,EMIRATES,0.8463,0.0,474.0,37.9,20.7,1920,1080,0.038,18.9,484.3
Round1,Q2,2162,1081.0,EMIRATES,0.7181,1096.0,788.3,52.4,26.0,1920,1080,0.066,1122.2,801.4
Round1,Q2,2162,1081.0,EMIRATES,0.6387,854.3,438.9,34.1,26.6,1920,1080,0.044,871.3,452.2
Round1,Q2,2163,1081.5,EMIRATES,0.8827,1153.5,473.6,61.1,22.5,1920,1080,0.066,1184.1,484.9
Round1,Q2,2163,1081.5,EMIRATES,0.8708,314.2,195.1,47.2,18.3,1920,1080,0.042,337.8,204.3
Round1,Q2,2163,1081.5,EMIRATES,0.8618,1079.4,169.4,48.8,24.5,1920,1080,0.058,1103.8,181.7
Round1,Q2,2163,1081.5,EMIRATES,0.819,896.8,744.3,64.4,26.9,1920,1080,0.083,929.0,757.8
Round1,Q2,2164,1082.0,EMIRATES,0.8805,829.0,486.0,61.2,17.9,1920,1080,0.053,859.6,494.9
Round1,Q2,2164,1082.0,EMIRATES,0.8769,795.5,236.6,45.8,18.9,1920,1080,0.042,818.4,246.1
Round1,Q2,2164,1082.0,EMIRATES,0.8723,365.9,722.9,68.8,23.7,1920,1080,0.079,400.3,734.8
Round1,Q2,2164,1082.0,EMIRATES,0.7728,520.2,291.6,63.1,20.5,1920,1080,0.062,551.7,301.9
Round1,Q2,2165,1082.5,EMIRATES,0.8924,126.1,418.6,42.0,18.1,1920,1080,0.037,147.1,427.6
Round1,Q2,2165,1082.5,EMIRATES,0.8857,208.2,820.3,62.4,26.0,1920,1080,0.078,239.5,833.3
Round1,Q2,2165,1082.5,EMIRATES,0.8718,926.2,615.0,60.8,16.9,1920,1080,0.049,956.5,623.5
Round1,Q2,2165,1082.5,EMIRATES,0.8567,1495.5,316.7,47.1,21.5,1920,1080,0.049,1519.1,327.5
Round1,Q2,2165,1082.5,EMIRATES,0.8513,259.7,410.6,57.1,17.9,1920,1080,0.049,288.3,419.6
Round1,Q2,2165,1082.5,EMIRATES,0.4728,887.8,393.9,33.4,21.1,1920,1080,0.034,904.5,404.4
Round1,Q2,2166,1083.0,EMIRATES,0.8955,234.3,319.0,30.6,22.7,1920,1080,0.033,249.6,330.3
Round1,Q2,2166,1083.0,EMIRATES,0.8732,980.6,546.3,59.2,17.5,1920,1080,0.05,1010.2,555.0
Round1,Q2,2166,1083.0,EMIRATES,0.8715,1009.2,337.5,51.0,17.8,1920,1080,0.044,1034.7,346.4
Round1,Q2,2167,1083.5,EMIRATES,0.8926,964.6,529.3,58.1,16.8,1920,1080,0.047,993.7,537.7
Round1,Q2,2167,1083.5,EMIRATES,0.6702,877.6,322.5,44.1,14.7,1920,1080,0.031,899.6,329.9
Round1,Q2,2168,1084.0,EMIRATES,0.8993,1036.7,503.4,60.7,18.6,1920,1080,0.054,1067.0,512.7
Round1,Q2,2168,1084.0,EMIRATES,0.8248,669.1,229.7,28.1,23.6,1920,1080,0.032,683.1,241.5
Round1,Q2,2169,1084.5,EMIRATES,0.9005,1053.7,510.1,57.4,22.6,1920,1080,0.062,1082.4,521.4
Round1,Q2,2169,1084.5,EMIRATES,0.875,754.6,256.9,37.5,15.1,1920,1080,0.027,773.4,264.4
Round1,Q2,2170,1085.0,EMIRATES,0.8898,775.2,274.9,42.6,15.3,1920,1080,0.031,796.4,282.5
Round1,Q2,2170,1085.0,EMIRATES,0.8879,1034.7,524.8,56.2,21.7,1920,1080,0.059,1062.8,535.6
Round1,Q2,2171,1085.5,EMIRATES,0.9065,1003.5,500.0,56.2,19.8,1920,1080,0.054,1031.6,509.9
Round1,Q2,2172,1086.0,EMIRATES,0.8922,731.6,185.4,46.5,16.5,1920,1080,0.037,754.9,193.6
Round1,Q2,2172,1086.0,EMIRATES,0.888,945.6,468.4,59.4,19.4,1920,1080,0.055,975.3,478.1
Round1,Q2,2173,1086.5,CYBERCX,0.614,202.9,254.9,186.9,74.9,1920,1080,0.675,296.3,292.4
Round1,Q2,2173,1086.5,EMIRATES,0.3233,967.5,280.9,46.6,32.7,1920,1080,0.074,990.8,297.2
Round1,Q2,2174,1087.0,EMIRATES,0.5635,939.4,291.8,51.4,29.1,1920,1080,0.072,965.1,306.4
Round1,Q2,2174,1087.0,CYBERCX,0.4413,216.3,253.2,188.4,77.3,1920,1080,0.702,310.5,291.9
Round1,Q2,2175,1087.5,EMIRATES,0.6548,942.6,318.7,64.2,29.6,1920,1080,0.092,974.7,333.5
Round1,Q2,2175,1087.5,CYBERCX,0.6077,244.3,252.9,181.5,77.3,1920,1080,0.677,335.1,291.6
Round1,Q2,2175,1087.5,CYBERCX,0.4161,0.0,259.1,32.0,86.4,1920,1080,0.133,16.0,302.4
Round1,Q2,2176,1088.0,EMIRATES,0.7801,920.6,382.5,66.0,24.5,1920,1080,0.078,953.6,394.7
Round1,Q2,2176,1088.0,CYBERCX,0.7315,0.1,283.9,73.5,77.6,1920,1080,0.275,36.8,322.7
Round1,Q2,2176,1088.0,CYBERCX,0.5231,285.6,252.1,186.6,76.7,1920,1080,0.69,378.9,290.5
Round1,Q2,2177,1088.5,EMIRATES,0.7811,877.4,389.1,64.6,23.6,1920,1080,0.074,909.7,400.9
Round1,Q2,2177,1088.5,CYBERCX,0.699,0.3,281.2,122.6,81.6,1920,1080,0.483,61.6,322.0
Round1,Q2,2177,1088.5,CYBERCX,0.6117,325.8,252.5,186.0,73.7,1920,1080,0.661,418.8,289.3
Round1,Q2,2178,1089.0,EMIRATES,0.662,958.1,378.8,63.6,22.7,1920,1080,0.07,989.9,390.2
Round1,Q2,2178,1089.0,CYBERCX,0.4861,61.5,294.1,133.9,69.8,1920,1080,0.451,128.4,329.0
Round1,Q2,2178,1089.0,CYBERCX,0.4666,395.5,250.2,181.0,75.2,1920,1080,0.657,486.0,287.8
Round1,Q2,2179,1089.5,EMIRATES,0.7389,1025.0,376.1,63.5,23.4,1920,1080,0.072,1056.8,387.8
Round1,Q2,2179,1089.5,CYBERCX,0.6853,105.7,294.3,127.9,69.0,1920,1080,0.426,169.6,328.8
Round1,Q2,2179,1089.5,CYBERCX,0.3434,431.9,249.6,176.7,76.3,1920,1080,0.65,520.3,287.7
Round1,Q2,2179,1089.5,CYBERCX,0.3249,864.0,311.6,72.0,57.4,1920,1080,0.199,900.0,340.3
Round1,Q2,2180,1090.0,EMIRATES,0.7848,985.5,385.8,62.5,23.6,1920,1080,0.071,1016.7,397.6
Round1,Q2,2180,1090.0,CYBERCX,0.769,97.5,292.2,131.8,69.9,1920,1080,0.444,163.4,327.1
Round1,Q2,2181,1090.5,EMIRATES,0.7814,954.9,395.5,62.6,23.1,1920,1080,0.07,986.2,407.1
Round1,Q2,2181,1090.5,CYBERCX,0.6981,422.0,244.0,186.7,74.5,1920,1080,0.671,515.4,281.3
Round1,Q2,2181,1090.5,CYBERCX,0.6309,82.0,285.6,135.2,65.5,1920,1080,0.427,149.6,318.4
Round1,Q2,2182,1091.0,EMIRATES,0.793,950.2,396.0,66.3,25.4,1920,1080,0.081,983.3,408.7
Round1,Q2,2182,1091.0,CYBERCX,0.685,66.7,280.6,129.1,66.7,1920,1080,0.415,131.2,313.9
Round1,Q2,2182,1091.0,CYBERCX,0.618,414.0,238.6,170.1,78.2,1920,1080,0.641,499.1,277.7
Round1,Q2,2182,1091.0,CYBERCX,0.3816,848.8,309.4,82.4,53.1,1920,1080,0.211,890.0,336.0
Round1,Q2,2183,1091.5,ACCESS_COVERS,0.7366,818.7,46.4,50.7,11.1,1920,1080,0.027,844.1,52.0
Round1,Q2,2183,1091.5,CYBERCX,0.6482,765.2,45.5,47.2,10.9,1920,1080,0.025,788.8,51.0
Round1,Q2,2184,1092.0,ACCESS_COVERS,0.8065,818.8,45.9,51.4,10.8,1920,1080,0.027,844.5,51.3
Round1,Q2,2184,1092.0,CYBERCX,0.7098,766.6,45.1,46.2,11.4,1920,1080,0.025,789.7,50.7
Round1,Q2,2185,1092.5,ACCESS_COVERS,0.7794,819.4,43.5,50.8,11.2,1920,1080,0.027,844.8,49.1
Round1,Q2,2185,1092.5,CYBERCX,0.6616,765.1,42.2,47.9,11.9,1920,1080,0.027,789.0,48.2
Round1,Q2,2186,1093.0,ACCESS_COVERS,0.8094,820.7,39.6,52.0,11.5,1920,1080,0.029,846.7,45.3
Round1,Q2,2186,1093.0,CYBERCX,0.6322,766.6,38.5,47.7,11.7,1920,1080,0.027,790.4,44.4
Round1,Q2,2187,1093.5,ACCESS_COVERS,0.812,823.2,36.6,51.9,11.1,1920,1080,0.028,849.2,42.2
Round1,Q2,2187,1093.5,CYBERCX,0.6899,768.9,36.1,47.8,11.0,1920,1080,0.025,792.9,41.6
Round1,Q2,2188,1094.0,ACCESS_COVERS,0.795,827.8,34.4,52.3,10.9,1920,1080,0.027,854.0,39.9
Round1,Q2,2188,1094.0,CYBERCX,0.7001,772.2,33.7,48.3,11.0,1920,1080,0.026,796.3,39.2
Round1,Q2,2189,1094.5,ACCESS_COVERS,0.8046,833.3,32.4,52.0,10.5,1920,1080,0.026,859.3,37.6
Round1,Q2,2189,1094.5,CYBERCX,0.6846,777.2,30.6,48.8,11.8,1920,1080,0.028,801.6,36.5
Round1,Q2,2190,1095.0,ACCESS_COVERS,0.8105,842.1,29.5,53.3,10.9,1920,1080,0.028,868.7,34.9
Round1,Q2,2190,1095.0,CYBERCX,0.6823,784.0,28.5,51.2,11.3,1920,1080,0.028,809.6,34.2
Round1,Q2,2191,1095.5,EMIRATES,0.8919,125.9,648.0,34.2,23.6,1920,1080,0.039,142.9,659.7
Round1,Q2,2191,1095.5,EMIRATES,0.8896,810.7,585.8,46.4,22.6,1920,1080,0.051,833.9,597.1
Round1,Q2,2191,1095.5,EMIRATES,0.8825,1275.5,858.8,54.7,22.5,1920,1080,0.059,1302.8,870.0
Round1,Q2,2192,1096.0,EMIRATES,0.8966,173.4,604.1,41.4,24.6,1920,1080,0.049,194.1,616.4
Round1,Q2,2192,1096.0,EMIRATES,0.8777,1287.3,879.4,47.2,16.4,1920,1080,0.037,1310.9,887.6
Round1,Q2,2192,1096.0,EMIRATES,0.8575,340.2,717.2,56.2,17.9,1920,1080,0.048,368.3,726.2
Round1,Q2,2192,1096.0,EMIRATES,0.8048,947.6,589.6,55.6,24.2,1920,1080,0.065,975.4,601.7
Round1,Q2,2193,1096.5,EMIRATES,0.8888,77.5,380.5,42.1,24.3,1920,1080,0.049,98.5,392.6
Round1,Q2,2194,1097.0,EMIRATES,0.873,513.8,328.1,44.1,16.0,1920,1080,0.034,535.8,336.1
Round1,Q2,2194,1097.0,EMIRATES,0.7443,447.3,635.5,57.4,15.5,1920,1080,0.043,476.0,643.2
Round1,Q2,2195,1097.5,EMIRATES,0.8663,408.5,473.6,58.3,16.6,1920,1080,0.047,437.7,481.9
Round1,Q2,2195,1097.5,EMIRATES,0.3418,181.5,275.9,48.5,17.5,1920,1080,0.041,205.8,284.6
Round1,Q2,2196,1098.0,EMIRATES,0.8923,491.7,364.6,52.7,25.7,1920,1080,0.065,518.1,377.4
Round1,Q2,2196,1098.0,EMIRATES,0.878,1794.3,188.6,53.5,17.1,1920,1080,0.044,1821.1,197.1
Round1,Q2,2196,1098.0,EMIRATES,0.8776,648.7,227.8,40.8,16.8,1920,1080,0.033,669.1,236.2
Round1,Q2,2196,1098.0,EMIRATES,0.8768,248.2,673.1,61.4,17.5,1920,1080,0.052,278.9,681.9
Round1,Q2,2196,1098.0,EMIRATES,0.645,1151.7,485.9,43.9,20.8,1920,1080,0.044,1173.7,496.3
Round1,Q2,2197,1098.5,EMIRATES,0.8917,235.3,689.4,54.9,23.7,1920,1080,0.063,262.8,701.3
Round1,Q2,2197,1098.5,EMIRATES,0.8897,1838.9,218.4,50.2,15.1,1920,1080,0.037,1864.0,225.9
Round1,Q2,2197,1098.5,EMIRATES,0.8874,499.5,284.8,38.0,17.1,1920,1080,0.031,518.5,293.3
Round1,Q2,2197,1098.5,EMIRATES,0.8751,1480.1,123.6,47.5,15.6,1920,1080,0.036,1503.8,131.4
Round1,Q2,2197,1098.5,EMIRATES,0.8736,42.6,378.3,39.0,23.9,1920,1080,0.045,62.1,390.3
Round1,Q2,2198,1099.0,EMIRATES,0.8989,629.5,321.6,32.9,19.9,1920,1080,0.032,646.0,331.5
Round1,Q2,2198,1099.0,EMIRATES,0.8634,463.6,658.7,60.7,18.0,1920,1080,0.053,493.9,667.7
Round1,Q2,2198,1099.0,EMIRATES,0.8462,1537.4,182.8,46.2,18.2,1920,1080,0.04,1560.5,191.9
Round1,Q2,2199,1099.5,EMIRATES,0.882,1364.1,231.0,45.4,15.6,1920,1080,0.034,1386.7,238.8
Round1,Q2,2199,1099.5,EMIRATES,0.8725,560.7,643.7,56.6,19.6,1920,1080,0.053,589.0,653.4
Round1,Q2,2199,1099.5,EMIRATES,0.7331,1908.4,231.8,11.6,14.6,1920,1080,0.008,1914.2,239.1
Round1,Q2,2200,1100.0,EMIRATES,0.8985,673.9,621.6,57.5,22.4,1920,1080,0.062,702.6,632.8
Round1,Q2,2200,1100.0,EMIRATES,0.897,1109.3,234.3,49.0,15.9,1920,1080,0.037,1133.8,242.2
Round1,Q2,2200,1100.0,EMIRATES,0.8812,1771.2,230.0,30.6,19.1,1920,1080,0.028,1786.6,239.5
Round1,Q2,2201,1100.5,EMIRATES,0.899,716.2,584.4,53.4,22.6,1920,1080,0.058,742.8,595.7
Round1,Q2,2201,1100.5,EMIRATES,0.8856,1630.7,235.4,46.0,15.4,1920,1080,0.034,1653.7,243.1
Round1,Q2,2201,1100.5,EMIRATES,0.8486,352.9,323.4,32.4,16.1,1920,1080,0.025,369.1,331.4
Round1,Q2,2201,1100.5,EMIRATES,0.3313,878.0,287.7,25.7,14.6,1920,1080,0.018,890.8,295.0
Round1,Q2,2202,1101.0,EMIRATES,0.9062,777.8,570.7,42.9,24.8,1920,1080,0.051,799.2,583.1
Round1,Q2,2202,1101.0,EMIRATES,0.893,226.8,366.7,53.1,16.8,1920,1080,0.043,253.4,375.1
Round1,Q2,2202,1101.0,EMIRATES,0.8877,1466.6,250.3,43.9,19.2,1920,1080,0.041,1488.5,259.8
Round1,Q2,2202,1101.0,EMIRATES,0.8816,662.2,317.6,38.5,16.5,1920,1080,0.031,681.4,325.9
Round1,Q2,2203,1101.5,EMIRATES,0.8766,472.9,335.2,32.6,16.4,1920,1080,0.026,489.2,343.4
Round1,Q2,2203,1101.5,EMIRATES,0.8465,820.7,0.1,46.4,9.6,1920,1080,0.021,843.9,4.9
Round1,Q2,2203,1101.5,EMIRATES,0.5032,743.1,573.5,31.0,32.7,1920,1080,0.049,758.6,589.8
Round1,Q2,2204,1102.0,EMIRATES,0.8914,624.3,30.9,43.3,17.1,1920,1080,0.036,646.0,39.5
Round1,Q2,2204,1102.0,EMIRATES,0.8727,661.0,616.8,58.7,22.2,1920,1080,0.063,690.3,627.9
Round1,Q2,2204,1102.0,EMIRATES,0.8555,308.5,364.1,48.6,15.6,1920,1080,0.037,332.8,371.9
Round1,Q2,2204,1102.0,EMIRATES,0.6407,937.3,299.9,33.9,16.2,1920,1080,0.026,954.3,308.0
Round1,Q2,2205,1102.5,EMIRATES,0.6736,1643.9,270.1,11.5,53.4,1920,1080,0.03,1649.7,296.8
Round1,Q2,2205,1102.5,EMIRATES,0.4842,1803.5,270.8,12.6,81.6,1920,1080,0.049,1809.8,311.6
Round1,Q2,2206,1103.0,EMIRATES,0.6345,1649.2,276.8,11.5,52.3,1920,1080,0.029,1655.0,302.9
Round1,Q2,2206,1103.0,EMIRATES,0.4865,1801.3,252.8,13.4,103.2,1920,1080,0.067,1808.0,304.4
Round1,Q2,2207,1103.5,EMIRATES,0.6336,1652.3,280.6,10.5,49.9,1920,1080,0.025,1657.5,305.5
Round1,Q2,2207,1103.5,EMIRATES,0.5392,1801.1,259.3,10.9,48.3,1920,1080,0.025,1806.6,283.4
Round1,Q2,2207,1103.5,EMIRATES,0.4185,1799.0,309.8,11.5,46.3,1920,1080,0.026,1804.8,333.0
Round1,Q2,2207,1103.5,EMIRATES,0.3965,1653.1,236.5,10.2,41.0,1920,1080,0.02,1658.2,257.0
Round1,Q2,2208,1104.0,EMIRATES,0.4795,1793.5,308.3,11.3,50.2,1920,1080,0.027,1799.2,333.5
Round1,Q2,2208,1104.0,EMIRATES,0.4057,1653.2,286.0,9.5,48.0,1920,1080,0.022,1658.0,310.0
Round1,Q2,2208,1104.0,EMIRATES,0.3597,1654.4,244.2,9.4,40.7,1920,1080,0.019,1659.2,264.5
Round1,Q2,2219,1109.5,ACCESS_COVERS,0.7527,0.0,220.2,108.9,34.2,1920,1080,0.18,54.5,237.3
Round1,Q2,2220,1110.0,ACCESS_COVERS,0.7905,188.1,227.6,152.4,36.7,1920,1080,0.269,264.3,245.9
Round1,Q2,2221,1110.5,ACCESS_COVERS,0.8056,349.2,224.6,164.2,39.3,1920,1080,0.311,431.3,244.3
Round1,Q2,2222,1111.0,ACCESS_COVERS,0.8308,507.4,207.5,171.9,43.4,1920,1080,0.36,593.3,229.3
Round1,Q2,2223,1111.5,ACCESS_COVERS,0.8016,682.3,195.4,179.0,45.4,1920,1080,0.392,771.7,218.1
Round1,Q2,2224,1112.0,ACCESS_COVERS,0.8163,887.7,205.7,182.6,43.9,1920,1080,0.387,979.0,227.7
Round1,Q2,2225,1112.5,ACCESS_COVERS,0.7784,1059.7,213.0,181.0,44.9,1920,1080,0.392,1150.3,235.5
Round1,Q2,2226,1113.0,ACCESS_COVERS,0.7181,1160.8,223.3,181.5,43.2,1920,1080,0.378,1251.6,244.9
Round1,Q2,2227,1113.5,ACCESS_COVERS,0.7813,1216.2,235.1,167.9,40.2,1920,1080,0.326,1300.1,255.2
Round1,Q2,2228,1114.0,ACCESS_COVERS,0.7845,1235.6,247.4,163.0,38.8,1920,1080,0.305,1317.1,266.8
Round1,Q2,2229,1114.5,ACCESS_COVERS,0.7865,1243.8,256.7,165.2,39.5,1920,1080,0.315,1326.3,276.5
Round1,Q2,2230,1115.0,ACCESS_COVERS,0.7925,1246.9,264.9,152.5,36.3,1920,1080,0.267,1323.1,283.0
Round1,Q2,2231,1115.5,ACCESS_COVERS,0.7771,1223.8,272.1,152.3,35.0,1920,1080,0.257,1300.0,289.6
Round1,Q2,2237,1118.5,EMIRATES,0.3444,619.0,313.0,207.1,78.9,1920,1080,0.788,722.5,352.4
Round1,Q2,2238,1119.0,EMIRATES,0.8122,1533.0,282.3,222.3,75.0,1920,1080,0.805,1644.2,319.9
Round1,Q2,2240,1120.0,ACCESS_COVERS,0.7937,858.3,262.3,155.5,36.4,1920,1080,0.273,936.0,280.5
Round1,Q2,2241,1120.5,ACCESS_COVERS,0.7928,835.1,260.3,154.7,36.2,1920,1080,0.27,912.4,278.4
Round1,Q2,2242,1121.0,ACCESS_COVERS,0.7723,837.4,262.6,150.1,35.5,1920,1080,0.257,912.5,280.3
Round1,Q2,2243,1121.5,ACCESS_COVERS,0.8039,916.3,270.3,146.9,34.8,1920,1080,0.247,989.7,287.7
Round1,Q2,2244,1122.0,ACCESS_COVERS,0.7792,1102.9,284.7,160.9,33.1,1920,1080,0.257,1183.4,301.2
Round1,Q2,2245,1122.5,ACCESS_COVERS,0.6925,1414.9,305.7,146.8,33.6,1920,1080,0.238,1488.3,322.5
Round1,Q2,2246,1123.0,ACCESS_COVERS,0.7658,1812.7,305.4,107.2,33.9,1920,1080,0.175,1866.3,322.3
Round1,Q2,2249,1124.5,EMIRATES,0.8989,645.3,343.2,36.9,19.3,1920,1080,0.034,663.8,352.9
Round1,Q2,2250,1125.0,EMIRATES,0.3106,1329.6,440.7,82.5,24.2,1920,1080,0.096,1370.9,452.8
Round1,Q2,2252,1126.0,EMIRATES,0.8179,1440.8,702.4,65.4,26.6,1920,1080,0.084,1473.5,715.7
Round1,Q2,2252,1126.0,EMIRATES,0.7312,1210.4,575.7,61.4,22.2,1920,1080,0.066,1241.0,586.8
Round1,Q2,2253,1126.5,EMIRATES,0.8663,1360.6,514.2,63.2,22.0,1920,1080,0.067,1392.3,525.2
Round1,Q2,2253,1126.5,EMIRATES,0.6989,990.6,445.1,38.9,16.5,1920,1080,0.031,1010.0,453.3
Round1,Q2,2254,1127.0,EMIRATES,0.8726,503.4,467.7,49.2,18.7,1920,1080,0.044,528.0,477.1
Round1,Q2,2254,1127.0,EMIRATES,0.8677,943.5,544.7,65.9,19.9,1920,1080,0.063,976.4,554.7
Round1,Q2,2254,1127.0,EMIRATES,0.4525,1210.8,579.3,58.6,20.9,1920,1080,0.059,1240.1,589.7
Round1,Q2,2255,1127.5,EMIRATES,0.8888,1031.2,458.7,65.9,21.4,1920,1080,0.068,1064.2,469.4
Round1,Q2,2255,1127.5,EMIRATES,0.7514,877.0,524.6,65.3,20.8,1920,1080,0.066,909.6,535.0
Round1,Q2,2255,1127.5,EMIRATES,0.6275,287.1,452.3,51.1,21.8,1920,1080,0.054,312.6,463.2
Round1,Q2,2255,1127.5,EMIRATES,0.4601,1607.4,516.0,76.7,21.7,1920,1080,0.08,1645.8,526.8
Round1,Q2,2256,1128.0,EMIRATES,0.8854,692.8,475.0,64.9,28.9,1920,1080,0.091,725.2,489.5
Round1,Q2,2256,1128.0,EMIRATES,0.8819,997.8,406.9,59.6,18.0,1920,1080,0.052,1027.6,415.9
Round1,Q2,2257,1128.5,EMIRATES,0.8621,912.6,508.2,51.6,20.4,1920,1080,0.051,938.4,518.4
Round1,Q2,2257,1128.5,EMIRATES,0.8518,1350.3,454.3,64.4,24.8,1920,1080,0.077,1382.5,466.7
Round1,Q2,2257,1128.5,EMIRATES,0.8493,414.1,519.1,63.4,17.3,1920,1080,0.053,445.9,527.7
Round1,Q2,2257,1128.5,EMIRATES,0.3996,642.5,5.4,28.2,10.7,1920,1080,0.015,656.7,10.8
Round1,Q2,2282,1141.0,EMIRATES,0.9057,890.5,408.3,131.6,46.5,1920,1080,0.295,956.4,431.6
Round1,Q2,2283,1141.5,EMIRATES,0.8969,999.9,446.2,122.4,44.0,1920,1080,0.26,1061.1,468.2
Round1,Q2,2284,1142.0,EMIRATES,0.8831,994.7,490.0,105.9,50.8,1920,1080,0.259,1047.6,515.3
Round1,Q2,2285,1142.5,EMIRATES,0.8971,978.1,463.7,114.4,51.0,1920,1080,0.282,1035.3,489.3
Round1,Q2,2286,1143.0,EMIRATES,0.8877,1085.5,444.6,93.5,45.9,1920,1080,0.207,1132.2,467.6
Round1,Q2,2287,1143.5,ACCESS_COVERS,0.5388,1568.1,253.4,49.5,8.9,1920,1080,0.021,1592.9,257.8
Round1,Q2,2288,1144.0,ACCESS_COVERS,0.6633,1590.4,264.3,47.7,8.7,1920,1080,0.02,1614.2,268.6
Round1,Q2,2289,1144.5,ACCESS_COVERS,0.6444,1618.9,280.4,48.6,9.1,1920,1080,0.021,1643.2,284.9
Round1,Q2,2290,1145.0,ACCESS_COVERS,0.537,1641.3,302.4,45.4,8.2,1920,1080,0.018,1664.0,306.5
Round1,Q2,2291,1145.5,ACCESS_COVERS,0.5856,1654.0,310.9,45.5,8.3,1920,1080,0.018,1676.7,315.1
Round1,Q2,2292,1146.0,ACCESS_COVERS,0.6057,1674.4,311.2,46.5,8.0,1920,1080,0.018,1697.7,315.2
Round1,Q2,2293,1146.5,ACCESS_COVERS,0.4446,1677.8,308.8,46.6,8.3,1920,1080,0.019,1701.1,313.0
Round1,Q2,2294,1147.0,ACCESS_COVERS,0.6567,1678.9,306.7,44.8,8.1,1920,1080,0.018,1701.3,310.8
Round1,Q2,2295,1147.5,ACCESS_COVERS,0.5544,1677.0,306.6,45.4,8.0,1920,1080,0.017,1699.7,310.6
Round1,Q2,2296,1148.0,ACCESS_COVERS,0.5535,1662.5,309.9,46.5,8.2,1920,1080,0.018,1685.7,314.0
Round1,Q2,2297,1148.5,ACCESS_COVERS,0.5162,1646.5,314.5,44.5,8.2,1920,1080,0.018,1668.7,318.6
Round1,Q2,2298,1149.0,ACCESS_COVERS,0.6948,1632.3,317.5,44.9,8.2,1920,1080,0.018,1654.7,321.6
Round1,Q2,2299,1149.5,ACCESS_COVERS,0.4944,1620.4,318.0,44.6,9.5,1920,1080,0.02,1642.7,322.7
Round1,Q2,2300,1150.0,ACCESS_COVERS,0.6344,1607.8,318.0,45.0,9.3,1920,1080,0.02,1630.2,322.6
Round1,Q2,2301,1150.5,EMIRATES,0.8952,1101.8,454.7,119.6,43.5,1920,1080,0.251,1161.6,476.4
Round1,Q2,2302,1151.0,EMIRATES,0.8983,1076.5,372.5,105.2,41.0,1920,1080,0.208,1129.1,393.1
Round1,Q2,2303,1151.5,EMIRATES,0.8939,959.9,470.0,111.2,48.8,1920,1080,0.262,1015.5,494.4
Round1,Q2,2304,1152.0,EMIRATES,0.9006,891.9,479.0,123.6,40.8,1920,1080,0.243,953.7,499.4
Round1,Q2,2305,1152.5,EMIRATES,0.9054,1021.9,441.0,124.2,40.7,1920,1080,0.244,1084.0,461.3
Round1,Q2,2306,1153.0,EMIRATES,0.8948,947.8,450.7,131.8,41.8,1920,1080,0.266,1013.7,471.6
Round1,Q2,2307,1153.5,EMIRATES,0.8756,933.5,543.6,120.2,41.7,1920,1080,0.242,993.6,564.4
Round1,Q2,2314,1157.0,ACCESS_COVERS,0.7914,1546.4,299.9,143.0,33.5,1920,1080,0.231,1617.8,316.6
Round1,Q2,2315,1157.5,ACCESS_COVERS,0.8145,1270.9,292.1,139.5,31.9,1920,1080,0.214,1340.7,308.0
Round1,Q2,2316,1158.0,ACCESS_COVERS,0.81,1105.6,278.0,151.0,36.3,1920,1080,0.265,1181.1,296.2
Round1,Q2,2317,1158.5,ACCESS_COVERS,0.8035,998.0,253.5,167.4,40.9,1920,1080,0.33,1081.7,273.9
Round1,Q2,2318,1159.0,ACCESS_COVERS,0.7931,921.9,234.5,179.5,45.6,1920,1080,0.395,1011.7,257.3
Round1,Q2,2319,1159.5,ACCESS_COVERS,0.8178,914.3,225.8,197.5,48.3,1920,1080,0.46,1013.0,249.9
Round1,Q2,2320,1160.0,ACCESS_COVERS,0.8134,964.6,234.3,209.1,51.8,1920,1080,0.523,1069.1,260.2
Round1,Q2,2321,1160.5,ACCESS_COVERS,0.8046,1055.8,240.2,225.6,56.4,1920,1080,0.613,1168.7,268.4
Round1,Q2,2322,1161.0,ACCESS_COVERS,0.807,1145.3,245.8,245.2,59.4,1920,1080,0.703,1267.9,275.5
Round1,Q2,2323,1161.5,ACCESS_COVERS,0.8142,1227.3,235.1,242.6,60.0,1920,1080,0.702,1348.6,265.1
Round1,Q2,2324,1162.0,ACCESS_COVERS,0.8343,1297.7,221.4,257.4,66.6,1920,1080,0.827,1426.4,254.7
Round1,Q2,2325,1162.5,ACCESS_COVERS,0.824,1308.2,207.6,251.7,61.2,1920,1080,0.742,1434.0,238.2
Round1,Q2,2326,1163.0,ACCESS_COVERS,0.7937,1279.8,190.7,238.7,58.5,1920,1080,0.673,1399.1,220.0
Round1,Q2,2327,1163.5,EMIRATES,0.8651,1101.3,576.8,106.4,84.8,1920,1080,0.435,1154.5,619.2
Round1,Q2,2328,1164.0,EMIRATES,0.8951,1161.8,588.0,126.6,55.8,1920,1080,0.34,1225.0,615.9
Round1,Q2,2328,1164.0,EMIRATES,0.8841,1243.6,94.1,152.3,69.2,1920,1080,0.509,1319.7,128.7
Round1,Q2,2329,1164.5,EMIRATES,0.8774,1483.1,105.9,177.3,66.7,1920,1080,0.57,1571.7,139.3
Round1,Q2,2329,1164.5,EMIRATES,0.8664,1144.4,553.4,118.7,73.4,1920,1080,0.421,1203.8,590.1
Round1,Q2,2330,1165.0,EMIRATES,0.8887,1424.5,590.2,105.4,58.0,1920,1080,0.295,1477.2,619.2
Round1,Q2,2331,1165.5,EMIRATES,0.8541,1178.8,531.1,123.2,90.0,1920,1080,0.535,1240.4,576.1
Round1,Q2,2332,1166.0,EMIRATES,0.8758,968.9,527.2,164.6,66.7,1920,1080,0.53,1051.2,560.5
Round1,Q2,2333,1166.5,EMIRATES,0.851,1008.7,580.7,157.4,77.8,1920,1080,0.591,1087.4,619.6
Round1,Q2,2334,1167.0,EMIRATES,0.897,1073.1,568.4,143.5,58.2,1920,1080,0.403,1144.8,597.5
Round1,Q2,2335,1167.5,EMIRATES,0.6317,273.5,664.4,112.3,33.8,1920,1080,0.183,329.7,681.3
Round1,Q2,2335,1167.5,EMIRATES,0.4464,1567.3,624.7,141.4,31.8,1920,1080,0.217,1638.0,640.7
Round1,Q2,2336,1168.0,EMIRATES,0.7164,273.1,664.8,111.6,34.0,1920,1080,0.183,329.0,681.8
Round1,Q2,2336,1168.0,EMIRATES,0.4488,1568.0,625.0,139.9,31.4,1920,1080,0.212,1637.9,640.7
Round1,Q2,2337,1168.5,EMIRATES,0.5186,272.5,664.7,111.8,33.4,1920,1080,0.18,328.4,681.4
Round1,Q2,2338,1169.0,EMIRATES,0.374,271.9,665.2,113.7,33.0,1920,1080,0.181,328.7,681.7
Round1,Q2,2339,1169.5,EMIRATES,0.5455,271.5,664.3,112.8,33.7,1920,1080,0.183,327.9,681.1
Round1,Q2,2340,1170.0,EMIRATES,0.7572,270.9,664.7,114.2,33.6,1920,1080,0.185,328.0,681.5
Round1,Q2,2341,1170.5,EMIRATES,0.6728,272.3,664.1,112.4,34.2,1920,1080,0.185,328.5,681.2
Round1,Q2,2342,1171.0,EMIRATES,0.7228,272.1,664.9,111.2,33.3,1920,1080,0.178,327.7,681.6
Round1,Q2,2343,1171.5,EMIRATES,0.6781,272.3,664.6,110.9,33.5,1920,1080,0.179,327.8,681.3
Round1,Q2,2344,1172.0,EMIRATES,0.7098,272.6,665.7,111.5,32.6,1920,1080,0.176,328.3,682.0
Round1,Q2,2345,1172.5,EMIRATES,0.6213,274.4,665.0,108.6,32.8,1920,1080,0.172,328.8,681.4
Round1,Q2,2348,1174.0,ACCESS_COVERS,0.7838,1190.3,360.4,124.0,29.2,1920,1080,0.174,1252.3,375.0
Round1,Q2,2349,1174.5,ACCESS_COVERS,0.7601,1185.3,370.3,124.3,29.8,1920,1080,0.179,1247.4,385.2
Round1,Q2,2350,1175.0,ACCESS_COVERS,0.7624,1182.2,376.6,121.1,29.9,1920,1080,0.174,1242.8,391.5
Round1,Q2,2351,1175.5,ACCESS_COVERS,0.7609,1181.4,382.8,119.9,28.1,1920,1080,0.162,1241.4,396.9
Round1,Q2,2352,1176.0,ACCESS_COVERS,0.7484,1182.4,394.6,118.9,26.3,1920,1080,0.151,1241.9,407.7
Round1,Q2,2353,1176.5,ACCESS_COVERS,0.7049,1180.8,410.8,118.3,27.1,1920,1080,0.155,1239.9,424.4
Round1,Q2,2354,1177.0,ACCESS_COVERS,0.7866,1181.7,449.7,117.6,29.0,1920,1080,0.164,1240.5,464.2
Round1,Q2,2355,1177.5,ACCESS_COVERS,0.7553,1192.4,465.1,120.2,28.2,1920,1080,0.163,1252.5,479.1
Round1,Q2,2356,1178.0,ACCESS_COVERS,0.789,1216.2,459.5,127.5,32.0,1920,1080,0.197,1279.9,475.5
Round1,Q2,2357,1178.5,EMIRATES,0.8699,850.4,381.0,51.4,18.9,1920,1080,0.047,876.1,390.5
Round1,Q2,2358,1179.0,EMIRATES,0.8907,815.5,451.5,49.1,17.8,1920,1080,0.042,840.0,460.4
Round1,Q2,2359,1179.5,EMIRATES,0.7863,933.3,499.2,46.7,29.3,1920,1080,0.066,956.6,513.8
Round1,Q2,2360,1180.0,EMIRATES,0.8468,870.0,509.6,63.4,15.2,1920,1080,0.046,901.6,517.3
Round1,Q2,2361,1180.5,EMIRATES,0.8305,1171.2,421.5,33.4,21.5,1920,1080,0.035,1187.9,432.3
Round1,Q2,2362,1181.0,EMIRATES,0.8686,1223.0,328.7,45.2,20.5,1920,1080,0.045,1245.6,339.0
Round1,Q2,2362,1181.0,EMIRATES,0.4834,1390.8,375.2,38.2,16.3,1920,1080,0.03,1409.9,383.3
Round1,Q2,2363,1181.5,EMIRATES,0.8808,1433.2,262.3,45.1,15.7,1920,1080,0.034,1455.8,270.2
Round1,Q2,2363,1181.5,EMIRATES,0.8652,1112.6,308.4,37.7,32.3,1920,1080,0.059,1131.4,324.6
Round1,Q2,2364,1182.0,EMIRATES,0.7619,1378.8,263.6,49.6,21.1,1920,1080,0.051,1403.6,274.2
Round1,Q2,2364,1182.0,EMIRATES,0.6664,988.3,266.7,28.6,16.2,1920,1080,0.022,1002.6,274.8
Round1,Q2,2365,1182.5,EMIRATES,0.8865,1182.5,244.2,54.0,20.0,1920,1080,0.052,1209.5,254.2
Round1,Q2,2365,1182.5,EMIRATES,0.839,1889.8,26.5,30.0,23.7,1920,1080,0.034,1904.8,38.3
Round1,Q2,2366,1183.0,EMIRATES,0.8661,953.8,109.0,54.0,19.9,1920,1080,0.052,980.8,119.0
Round1,Q2,2367,1183.5,EMIRATES,0.8883,1841.0,52.3,54.9,18.7,1920,1080,0.05,1868.5,61.6
Round1,Q2,2367,1183.5,EMIRATES,0.8702,873.4,310.2,52.0,20.2,1920,1080,0.051,899.4,320.3
Round1,Q2,2367,1183.5,EMIRATES,0.7377,652.4,333.2,43.4,23.9,1920,1080,0.05,674.0,345.2
Round1,Q2,2367,1183.5,EMIRATES,0.3314,954.5,512.6,39.4,56.8,1920,1080,0.108,974.2,541.0
Round1,Q2,2368,1184.0,EMIRATES,0.9027,1106.7,504.4,63.2,20.6,1920,1080,0.063,1138.3,514.7
Round1,Q2,2368,1184.0,EMIRATES,0.8653,1768.5,178.4,57.3,19.8,1920,1080,0.055,1797.2,188.3
Round1,Q2,2368,1184.0,EMIRATES,0.8337,338.8,337.7,51.9,19.1,1920,1080,0.048,364.7,347.3
Round1,Q2,2369,1184.5,EMIRATES,0.8781,1676.8,342.0,41.5,18.4,1920,1080,0.037,1697.5,351.2
Round1,Q2,2369,1184.5,EMIRATES,0.877,1004.4,616.7,60.1,21.6,1920,1080,0.063,1034.5,627.5
Round1,Q2,2369,1184.5,EMIRATES,0.7826,981.4,299.9,26.3,11.9,1920,1080,0.015,994.5,305.9
Round1,Q2,2369,1184.5,EMIRATES,0.7395,142.1,469.2,39.1,19.2,1920,1080,0.036,161.6,478.7
Round1,Q2,2370,1185.0,EMIRATES,0.8692,1803.5,559.2,75.6,19.1,1920,1080,0.07,1841.3,568.8
Round1,Q2,2370,1185.0,EMIRATES,0.8426,5.3,636.1,56.0,18.7,1920,1080,0.05,33.3,645.4
Round1,Q2,2370,1185.0,EMIRATES,0.5321,1301.4,507.2,63.9,18.9,1920,1080,0.058,1333.4,516.7
Round1,Q2,2371,1185.5,EMIRATES,0.8781,1258.5,538.0,42.5,26.9,1920,1080,0.055,1279.7,551.4
Round1,Q2,2371,1185.5,EMIRATES,0.8612,37.1,651.2,36.6,16.3,1920,1080,0.029,55.4,659.3
Round1,Q2,2371,1185.5,EMIRATES,0.8386,1708.6,523.7,66.3,15.1,1920,1080,0.048,1741.7,531.2
Round1,Q2,2371,1185.5,EMIRATES,0.8132,488.4,551.1,33.0,12.3,1920,1080,0.02,504.9,557.2
Round1,Q2,2372,1186.0,EMIRATES,0.8761,1447.8,465.6,36.4,29.1,1920,1080,0.051,1466.0,480.1
Round1,Q2,2372,1186.0,EMIRATES,0.8696,786.7,337.3,35.2,21.0,1920,1080,0.036,804.3,347.8
Round1,Q2,2372,1186.0,EMIRATES,0.8532,120.4,478.4,25.1,14.5,1920,1080,0.018,133.0,485.7
Round1,Q2,2375,1187.5,ACCESS_COVERS,0.7996,1837.0,231.0,83.0,42.8,1920,1080,0.171,1878.5,252.4
Round1,Q2,2376,1188.0,ACCESS_COVERS,0.7929,1729.2,211.7,184.7,44.5,1920,1080,0.396,1821.5,233.9
Round1,Q2,2377,1188.5,EMIRATES,0.7906,679.7,300.4,56.4,24.2,1920,1080,0.066,707.9,312.5
Round1,Q2,2378,1189.0,EMIRATES,0.885,978.7,233.5,67.8,26.4,1920,1080,0.086,1012.5,246.7
Round1,Q2,2379,1189.5,EMIRATES,0.8873,948.1,268.3,68.9,24.9,1920,1080,0.083,982.6,280.7
Round1,Q2,2380,1190.0,EMIRATES,0.8894,871.9,244.6,61.0,21.1,1920,1080,0.062,902.5,255.2
Round1,Q2,2381,1190.5,EMIRATES,0.9005,692.1,221.6,59.0,21.2,1920,1080,0.06,721.6,232.2
Round1,Q2,2383,1191.5,EMIRATES,0.8969,312.1,186.6,53.5,23.0,1920,1080,0.059,338.8,198.2
Round1,Q2,2391,1195.5,EMIRATES,0.8136,832.5,113.8,74.9,51.1,1920,1080,0.185,870.0,139.3
Round1,Q2,2391,1195.5,EMIRATES,0.6218,114.6,220.5,56.4,53.2,1920,1080,0.145,142.7,247.1
Round1,Q2,2392,1196.0,EMIRATES,0.8645,789.1,150.1,94.4,50.4,1920,1080,0.23,836.4,175.4
Round1,Q2,2394,1197.0,EMIRATES,0.8383,0.0,50.2,152.2,53.0,1920,1080,0.389,76.1,76.7
Round1,Q2,2394,1197.0,EMIRATES,0.7726,1650.5,664.9,201.7,66.4,1920,1080,0.646,1751.4,698.1
Round1,Q2,2396,1198.0,ACCESS_COVERS,0.7865,1683.8,292.8,164.5,37.9,1920,1080,0.301,1766.1,311.8
Round1,Q2,2397,1198.5,ACCESS_COVERS,0.8121,1670.8,299.2,162.0,38.3,1920,1080,0.299,1751.8,318.3
Round1,Q2,2398,1199.0,ACCESS_COVERS,0.8141,1659.2,308.0,162.8,38.4,1920,1080,0.302,1740.6,327.2
Round1,Q2,2399,1199.5,ACCESS_COVERS,0.7929,1651.7,318.8,157.6,37.4,1920,1080,0.284,1730.5,337.5
Round1,Q2,2400,1200.0,ACCESS_COVERS,0.8172,1643.4,334.6,155.7,36.3,1920,1080,0.273,1721.2,352.7
Round1,Q2,2401,1200.5,ACCESS_COVERS,0.8063,1634.5,345.4,154.1,33.2,1920,1080,0.246,1711.6,362.0
Round1,Q2,2402,1201.0,EMIRATES,0.8676,817.3,411.8,50.4,23.9,1920,1080,0.058,842.5,423.8
Round1,Q2,2402,1201.0,EMIRATES,0.3792,93.1,637.2,26.1,15.9,1920,1080,0.02,106.1,645.2
Round1,Q2,2403,1201.5,EMIRATES,0.8653,735.4,439.1,48.9,26.5,1920,1080,0.062,759.8,452.3
Round1,Q2,2403,1201.5,EMIRATES,0.7433,1324.0,492.7,36.4,19.5,1920,1080,0.034,1342.2,502.5
Round1,Q2,2404,1202.0,EMIRATES,0.8641,491.7,296.2,43.7,30.6,1920,1080,0.065,513.6,311.5
Round1,Q2,2405,1202.5,EMIRATES,0.8606,1314.0,538.9,47.6,17.4,1920,1080,0.04,1337.9,547.6
Round1,Q2,2405,1202.5,EMIRATES,0.8417,1610.5,304.0,43.0,21.7,1920,1080,0.045,1631.9,314.8
Round1,Q2,2406,1203.0,EMIRATES,0.8276,631.9,543.5,59.7,12.4,1920,1080,0.036,661.8,549.7
Round1,Q2,2406,1203.0,EMIRATES,0.8202,1207.4,275.3,57.4,17.4,1920,1080,0.048,1236.1,284.0
Round1,Q2,2407,1203.5,EMIRATES,0.882,1662.7,272.0,53.6,17.0,1920,1080,0.044,1689.5,280.6
Round1,Q2,2407,1203.5,EMIRATES,0.8327,182.5,447.2,41.0,16.5,1920,1080,0.033,203.0,455.4
Round1,Q2,2407,1203.5,EMIRATES,0.8206,945.6,461.3,65.2,18.2,1920,1080,0.057,978.2,470.5
Round1,Q2,2408,1204.0,EMIRATES,0.8242,1101.3,92.8,66.9,26.5,1920,1080,0.085,1134.7,106.1
Round1,Q2,2408,1204.0,EMIRATES,0.7328,659.4,442.8,63.1,27.8,1920,1080,0.085,690.9,456.7
Round1,Q2,2409,1204.5,EMIRATES,0.8564,1256.8,114.9,56.2,16.2,1920,1080,0.044,1285.0,123.1
Round1,Q2,2410,1205.0,EMIRATES,0.8944,365.4,218.8,46.9,18.5,1920,1080,0.042,388.8,228.1
Round1,Q2,2410,1205.0,EMIRATES,0.8828,1757.4,144.1,54.3,16.6,1920,1080,0.043,1784.6,152.4
Round1,Q2,2410,1205.0,EMIRATES,0.841,1193.7,427.9,48.2,18.5,1920,1080,0.043,1217.8,437.1
Round1,Q2,2410,1205.0,EMIRATES,0.8404,1699.9,0.7,50.2,14.9,1920,1080,0.036,1725.0,8.2
Round1,Q2,2411,1205.5,EMIRATES,0.8836,332.1,53.5,56.3,18.1,1920,1080,0.049,360.2,62.5
Round1,Q2,2411,1205.5,EMIRATES,0.84,1450.4,259.6,53.9,26.6,1920,1080,0.069,1477.4,272.9
Round1,Q2,2412,1206.0,EMIRATES,0.8871,676.2,100.2,58.3,20.2,1920,1080,0.057,705.3,110.3
Round1,Q2,2412,1206.0,EMIRATES,0.8757,1856.9,262.6,52.3,19.4,1920,1080,0.049,1883.1,272.2
Round1,Q2,2413,1206.5,EMIRATES,0.8868,661.6,184.7,54.5,18.8,1920,1080,0.049,688.9,194.2
Round1,Q2,2413,1206.5,EMIRATES,0.8863,1830.0,355.1,43.2,17.0,1920,1080,0.035,1851.5,363.6
Round1,Q2,2414,1207.0,EMIRATES,0.806,451.1,315.9,45.6,33.4,1920,1080,0.073,473.9,332.5
Round1,Q2,2414,1207.0,EMIRATES,0.5862,1134.1,507.0,34.8,38.6,1920,1080,0.065,1151.5,526.3
Round1,Q2,2415,1207.5,EMIRATES,0.8921,461.8,283.5,42.7,21.0,1920,1080,0.043,483.1,294.0
Round1,Q2,2415,1207.5,EMIRATES,0.8155,1401.3,500.1,82.2,22.3,1920,1080,0.088,1442.4,511.2
Round1,Q2,2415,1207.5,EMIRATES,0.7756,918.7,304.1,42.1,16.4,1920,1080,0.033,939.8,312.3
Round1,Q2,2416,1208.0,EMIRATES,0.8754,1286.6,351.7,49.1,18.3,1920,1080,0.043,1311.1,360.8
Round1,Q2,2416,1208.0,EMIRATES,0.8607,990.6,440.2,49.7,31.0,1920,1080,0.074,1015.4,455.7
Round1,Q2,2417,1208.5,EMIRATES,0.8377,1059.7,370.3,45.9,23.2,1920,1080,0.051,1082.6,381.9
Round1,Q2,2418,1209.0,ACCESS_COVERS,0.765,1753.0,172.7,156.4,33.4,1920,1080,0.252,1831.2,189.4
Round1,Q2,2419,1209.5,ACCESS_COVERS,0.7783,1326.6,178.0,133.2,28.8,1920,1080,0.185,1393.2,192.4
Round1,Q2,2420,1210.0,ACCESS_COVERS,0.8065,971.7,154.4,125.9,29.7,1920,1080,0.18,1034.7,169.2
Round1,Q2,2421,1210.5,ACCESS_COVERS,0.7872,717.5,127.9,126.5,29.5,1920,1080,0.18,780.8,142.6
Round1,Q2,2422,1211.0,ACCESS_COVERS,0.808,538.7,98.9,130.0,31.2,1920,1080,0.195,603.7,114.5
Round1,Q2,2423,1211.5,EMIRATES,0.7835,1089.0,199.7,36.3,16.1,1920,1080,0.028,1107.1,207.7
Round1,Q2,2426,1213.0,EMIRATES,0.8856,1813.7,293.5,50.0,16.2,1920,1080,0.039,1838.7,301.6
Round1,Q2,2426,1213.0,EMIRATES,0.8692,1776.6,54.3,52.7,19.3,1920,1080,0.049,1803.0,63.9
Round1,Q2,2429,1214.5,EMIRATES,0.828,459.5,442.6,56.1,15.4,1920,1080,0.042,487.6,450.3
Round1,Q2,2430,1215.0,EMIRATES,0.8352,1786.7,594.6,36.3,27.3,1920,1080,0.048,1804.9,608.3
Round1,Q2,2430,1215.0,EMIRATES,0.7956,289.4,185.9,71.5,27.6,1920,1080,0.095,325.1,199.7
Round1,Q2,2431,1215.5,ACCESS_COVERS,0.6961,1504.6,45.7,137.6,26.7,1920,1080,0.177,1573.4,59.0
Round1,Q2,2432,1216.0,ACCESS_COVERS,0.6694,1841.1,49.3,78.9,28.6,1920,1080,0.109,1880.6,63.6
Round1,Q2,2448,1224.0,EMIRATES,0.4172,1398.6,455.6,61.1,24.4,1920,1080,0.072,1429.2,467.8
Round1,Q2,2460,1230.0,CRUSADER_CARAVANS,0.5102,0.0,261.8,40.8,39.4,1920,1080,0.077,20.4,281.5
Round1,Q2,2462,1231.0,CRUSADER_CARAVANS,0.6329,8.5,218.3,57.0,36.5,1920,1080,0.1,37.0,236.6
Round1,Q2,2462,1231.0,CRUSADER_CARAVANS,0.6238,242.7,174.8,79.8,36.7,1920,1080,0.141,282.6,193.1
Round1,Q2,2462,1231.0,CRUSADER_CARAVANS,0.6096,1069.2,96.4,83.6,27.6,1920,1080,0.111,1111.0,110.2
Round1,Q2,2463,1231.5,CRUSADER_CARAVANS,0.5831,0.0,254.9,25.2,37.8,1920,1080,0.046,12.6,273.8
Round1,Q2,2463,1231.5,CRUSADER_CARAVANS,0.3151,23.9,244.8,68.1,36.6,1920,1080,0.12,58.0,263.2
Round1,Q2,2465,1232.5,CRUSADER_CARAVANS,0.7679,9.4,479.3,80.9,46.3,1920,1080,0.18,49.8,502.4
Round1,Q2,2465,1232.5,CRUSADER_CARAVANS,0.7449,81.1,461.4,68.6,40.8,1920,1080,0.135,115.3,481.8
Round1,Q2,2465,1232.5,CRUSADER_CARAVANS,0.3009,0.2,496.0,10.5,40.6,1920,1080,0.021,5.4,516.3
Round1,Q2,2466,1233.0,CRUSADER_CARAVANS,0.5886,33.5,594.2,66.9,53.7,1920,1080,0.173,67.0,621.1
Round1,Q2,2466,1233.0,CRUSADER_CARAVANS,0.4793,246.8,517.7,71.6,40.8,1920,1080,0.141,282.6,538.1
Round1,Q2,2466,1233.0,CRUSADER_CARAVANS,0.3856,172.2,537.0,78.0,48.0,1920,1080,0.181,211.2,561.0
Round1,Q2,2466,1233.0,CRUSADER_CARAVANS,0.3208,0.0,620.0,33.6,57.3,1920,1080,0.093,16.8,648.6
Round1,Q2,2470,1235.0,EMIRATES,0.7622,1658.2,453.6,37.5,28.1,1920,1080,0.051,1677.0,467.7
Round1,Q2,2471,1235.5,EMIRATES,0.8761,1345.8,471.7,62.3,21.7,1920,1080,0.065,1376.9,482.6
Round1,Q2,2471,1235.5,EMIRATES,0.6617,215.6,547.5,51.2,250.0,1920,1080,0.618,241.3,672.5
Round1,Q2,2472,1236.0,EMIRATES,0.8771,1119.0,450.9,55.2,22.0,1920,1080,0.058,1146.6,461.9
Round1,Q2,2473,1236.5,EMIRATES,0.8539,946.9,462.2,58.7,18.8,1920,1080,0.053,976.2,471.6
Round1,Q2,2474,1237.0,EMIRATES,0.8608,795.2,477.9,53.2,18.1,1920,1080,0.047,821.8,487.0
Round1,Q2,2474,1237.0,EMIRATES,0.6853,210.3,553.5,41.8,232.5,1920,1080,0.468,231.2,669.8
Round1,Q2,2475,1237.5,EMIRATES,0.8873,593.7,475.7,54.8,18.3,1920,1080,0.048,621.1,484.8
Round1,Q2,2475,1237.5,EMIRATES,0.4928,26.8,554.3,67.6,242.3,1920,1080,0.79,60.6,675.4
Round1,Q2,2476,1238.0,EMIRATES,0.8938,565.7,458.7,49.6,20.5,1920,1080,0.049,590.5,469.0
Round1,Q2,2477,1238.5,EMIRATES,0.8811,513.8,446.7,53.0,20.3,1920,1080,0.052,540.3,456.8
Round1,Q2,2479,1239.5,EMIRATES,0.8903,824.3,438.6,56.7,21.9,1920,1080,0.06,852.6,449.5
Round1,Q2,2480,1240.0,EMIRATES,0.806,943.4,400.5,32.0,22.0,1920,1080,0.034,959.4,411.5
Round1,Q2,2481,1240.5,EMIRATES,0.6939,975.0,386.3,30.0,20.6,1920,1080,0.03,990.0,396.7
Round1,Q2,2481,1240.5,EMIRATES,0.5684,298.0,340.7,82.6,253.6,1920,1080,1.01,339.4,467.5
Round1,Q2,2482,1241.0,EMIRATES,0.8874,990.9,388.0,39.8,22.9,1920,1080,0.044,1010.8,399.4
Round1,Q2,2483,1241.5,JAMESON,0.6773,209.9,221.8,32.3,7.6,1920,1080,0.012,226.0,225.6
Round1,Q2,2483,1241.5,JAMESON,0.6701,171.9,221.9,31.6,8.3,1920,1080,0.013,187.7,226.1
Round1,Q2,2483,1241.5,JAMESON,0.3913,136.4,222.0,28.0,8.3,1920,1080,0.011,150.4,226.1
Round1,Q2,2484,1242.0,JAMESON,0.772,220.9,208.5,32.1,7.8,1920,1080,0.012,237.0,212.4
Round1,Q2,2484,1242.0,JAMESON,0.7623,182.6,208.5,33.7,7.8,1920,1080,0.013,199.5,212.4
Round1,Q2,2484,1242.0,JAMESON,0.7428,145.5,208.7,31.1,8.0,1920,1080,0.012,161.0,212.7
Round1,Q2,2485,1242.5,JAMESON,0.7439,197.7,193.2,33.1,7.4,1920,1080,0.012,214.3,196.9
Round1,Q2,2485,1242.5,JAMESON,0.5941,237.1,192.4,32.9,7.9,1920,1080,0.012,253.5,196.3
Round1,Q2,2485,1242.5,JAMESON,0.4846,158.8,193.5,31.7,7.7,1920,1080,0.012,174.7,197.3
Round1,Q2,2486,1243.0,JAMESON,0.5934,212.6,174.0,35.9,9.6,1920,1080,0.017,230.6,178.8
Round1,Q2,2486,1243.0,JAMESON,0.5833,254.4,174.0,32.2,8.6,1920,1080,0.013,270.5,178.3
Round1,Q2,2486,1243.0,JAMESON,0.5646,172.8,176.1,35.6,9.9,1920,1080,0.017,190.6,181.1
Round1,Q2,2487,1243.5,JAMESON,0.7629,270.3,160.7,33.8,8.8,1920,1080,0.014,287.2,165.1
Round1,Q2,2487,1243.5,JAMESON,0.6215,188.3,160.7,35.1,8.3,1920,1080,0.014,205.8,164.9
Round1,Q2,2487,1243.5,JAMESON,0.6139,230.9,160.4,33.3,8.4,1920,1080,0.014,247.6,164.6
Round1,Q2,2488,1244.0,JAMESON,0.777,293.6,143.2,34.4,7.9,1920,1080,0.013,310.8,147.1
Round1,Q2,2488,1244.0,JAMESON,0.7766,208.7,144.9,34.9,7.7,1920,1080,0.013,226.2,148.7
Round1,Q2,2488,1244.0,JAMESON,0.7082,249.9,143.9,38.4,8.4,1920,1080,0.016,269.1,148.1
Round1,Q2,2489,1244.5,JAMESON,0.7288,314.6,130.3,36.9,8.2,1920,1080,0.015,333.0,134.3
Round1,Q2,2489,1244.5,JAMESON,0.7215,269.3,130.2,37.7,8.5,1920,1080,0.015,288.2,134.5
Round1,Q2,2489,1244.5,JAMESON,0.6975,228.3,129.7,36.0,8.6,1920,1080,0.015,246.3,134.0
Round1,Q2,2490,1245.0,JAMESON,0.7477,292.5,113.9,41.0,9.8,1920,1080,0.019,313.0,118.8
Round1,Q2,2490,1245.0,JAMESON,0.7254,248.9,113.9,37.1,8.8,1920,1080,0.016,267.5,118.3
Round1,Q2,2490,1245.0,JAMESON,0.7247,338.2,113.9,35.8,9.4,1920,1080,0.016,356.1,118.6
Round1,Q2,2491,1245.5,JAMESON,0.653,309.9,103.4,41.3,10.6,1920,1080,0.021,330.6,108.7
Round1,Q2,2491,1245.5,JAMESON,0.6282,265.7,103.3,39.1,10.7,1920,1080,0.02,285.3,108.6
Round1,Q2,2491,1245.5,JAMESON,0.6087,356.5,104.1,36.8,9.9,1920,1080,0.018,374.9,109.1
Round1,Q2,2492,1246.0,JAMESON,0.6962,272.0,92.7,37.8,9.3,1920,1080,0.017,290.9,97.4
Round1,Q2,2492,1246.0,JAMESON,0.597,315.9,93.1,40.3,9.3,1920,1080,0.018,336.0,97.7
Round1,Q2,2492,1246.0,JAMESON,0.5183,362.6,92.7,38.7,9.5,1920,1080,0.018,381.9,97.5
Round1,Q2,2493,1246.5,JAMESON,0.762,261.4,85.4,38.9,8.9,1920,1080,0.017,280.8,89.8
Round1,Q2,2493,1246.5,JAMESON,0.7433,305.5,85.7,44.1,9.3,1920,1080,0.02,327.5,90.4
Round1,Q2,2493,1246.5,JAMESON,0.7198,355.0,85.4,39.3,9.2,1920,1080,0.017,374.7,90.0
Round1,Q2,2494,1247.0,JAMESON,0.7236,276.0,79.6,44.0,10.4,1920,1080,0.022,298.0,84.8
Round1,Q2,2494,1247.0,JAMESON,0.6378,325.4,80.2,40.3,9.8,1920,1080,0.019,345.6,85.1
Round1,Q2,2494,1247.0,JAMESON,0.614,228.1,79.2,41.9,10.8,1920,1080,0.022,249.1,84.6
Round1,Q2,2495,1247.5,JAMESON,0.7424,177.6,79.8,43.0,10.3,1920,1080,0.021,199.1,84.9
Round1,Q2,2495,1247.5,JAMESON,0.7103,225.7,80.2,45.9,9.9,1920,1080,0.022,248.7,85.2
Round1,Q2,2495,1247.5,JAMESON,0.6731,278.0,80.3,40.2,9.7,1920,1080,0.019,298.1,85.2
Round1,Q2,2496,1248.0,JAMESON,0.685,162.1,89.8,47.3,10.4,1920,1080,0.024,185.8,95.0
Round1,Q2,2496,1248.0,JAMESON,0.6838,111.1,88.3,44.6,11.0,1920,1080,0.024,133.4,93.8
Round1,Q2,2496,1248.0,JAMESON,0.6267,216.3,90.5,43.4,10.0,1920,1080,0.021,238.0,95.5
Round1,Q2,2497,1248.5,JAMESON,0.7549,75.5,108.7,50.2,10.7,1920,1080,0.026,100.6,114.1
Round1,Q2,2497,1248.5,JAMESON,0.7267,21.6,106.6,47.3,11.2,1920,1080,0.026,45.3,112.2
Round1,Q2,2497,1248.5,JAMESON,0.7246,132.1,109.2,47.4,10.7,1920,1080,0.024,155.8,114.6
Round1,Q2,2498,1249.0,JAMESON,0.61,2.2,125.3,49.5,10.7,1920,1080,0.025,26.9,130.6
Round1,Q2,2504,1252.0,EMIRATES,0.8719,414.7,398.4,45.7,17.7,1920,1080,0.039,437.6,407.3
Round1,Q2,2504,1252.0,EMIRATES,0.8173,1226.1,612.6,24.7,26.7,1920,1080,0.032,1238.4,625.9
Round1,Q2,2504,1252.0,EMIRATES,0.792,952.1,458.9,56.4,26.2,1920,1080,0.071,980.2,472.0
Round1,Q2,2505,1252.5,EMIRATES,0.8741,566.6,309.5,43.4,15.5,1920,1080,0.032,588.3,317.2
Round1,Q2,2505,1252.5,EMIRATES,0.8231,1465.2,414.9,47.0,19.7,1920,1080,0.045,1488.7,424.8
Round1,Q2,2506,1253.0,EMIRATES,0.834,834.3,254.5,44.8,20.5,1920,1080,0.044,856.7,264.7
Round1,Q2,2507,1253.5,EMIRATES,0.8799,1160.8,47.5,57.8,25.1,1920,1080,0.07,1189.7,60.0
Round1,Q2,2508,1254.0,EMIRATES,0.8623,1554.6,127.3,53.2,24.5,1920,1080,0.063,1581.2,139.5
Round1,Q2,2509,1254.5,EMIRATES,0.8219,1558.2,876.2,80.2,45.7,1920,1080,0.177,1598.3,899.1
Round1,Q2,2520,1260.0,CYBERCX,0.8653,1612.5,774.2,117.1,182.3,1920,1080,1.03,1671.0,865.4
Round1,Q2,2520,1260.0,CYBERCX,0.8078,1467.0,537.2,66.9,113.6,1920,1080,0.367,1500.5,594.1
Round1,Q2,2520,1260.0,CYBERCX,0.7628,1383.7,425.8,63.7,73.6,1920,1080,0.226,1415.5,462.6
Round1,Q2,2520,1260.0,CYBERCX,0.6393,1293.5,276.6,133.4,48.9,1920,1080,0.315,1360.2,301.1
Round1,Q2,2521,1260.5,CYBERCX,0.8553,1617.9,775.2,118.8,185.7,1920,1080,1.064,1677.3,868.1
Round1,Q2,2521,1260.5,CYBERCX,0.827,1471.1,537.9,71.1,113.6,1920,1080,0.39,1506.7,594.8
Round1,Q2,2521,1260.5,CYBERCX,0.7189,1300.6,281.1,135.6,45.8,1920,1080,0.3,1368.4,304.1
Round1,Q2,2521,1260.5,CYBERCX,0.7118,1390.7,426.5,64.4,71.5,1920,1080,0.222,1422.8,462.2
Round1,Q2,2522,1261.0,CYBERCX,0.8571,1634.3,773.7,116.6,185.5,1920,1080,1.043,1692.6,866.4
Round1,Q2,2522,1261.0,CYBERCX,0.823,1485.9,537.7,68.0,114.0,1920,1080,0.374,1519.9,594.8
Round1,Q2,2522,1261.0,CYBERCX,0.7839,1406.2,426.2,62.4,73.0,1920,1080,0.22,1437.4,462.8
Round1,Q2,2522,1261.0,CYBERCX,0.6497,1314.7,279.5,129.7,47.2,1920,1080,0.295,1379.6,303.1
Round1,Q2,2523,1261.5,CYBERCX,0.8457,1671.8,785.9,117.6,187.0,1920,1080,1.061,1730.6,879.4
Round1,Q2,2523,1261.5,CYBERCX,0.805,1523.2,543.6,64.7,115.3,1920,1080,0.36,1555.6,601.2
Round1,Q2,2523,1261.5,CYBERCX,0.7939,1443.1,429.7,62.5,77.1,1920,1080,0.232,1474.4,468.2
Round1,Q2,2523,1261.5,CYBERCX,0.6451,1352.0,285.9,135.2,45.0,1920,1080,0.293,1419.5,308.4
Round1,Q2,2524,1262.0,CYBERCX,0.8607,1742.7,823.2,119.7,170.4,1920,1080,0.984,1802.6,908.5
Round1,Q2,2524,1262.0,CYBERCX,0.7981,1591.5,576.9,69.3,118.5,1920,1080,0.396,1626.2,636.2
Round1,Q2,2524,1262.0,CYBERCX,0.7144,1510.4,462.0,65.2,74.6,1920,1080,0.235,1543.0,499.3
Round1,Q2,2524,1262.0,CYBERCX,0.6869,1419.0,312.1,137.7,46.1,1920,1080,0.306,1487.8,335.1
Round1,Q2,2525,1262.5,CYBERCX,0.8298,1812.6,848.9,107.4,218.5,1920,1080,1.132,1866.3,958.2
Round1,Q2,2525,1262.5,CYBERCX,0.8016,1660.8,607.7,67.0,110.5,1920,1080,0.357,1694.3,662.9
Round1,Q2,2525,1262.5,CYBERCX,0.7649,1577.4,484.2,62.5,74.9,1920,1080,0.226,1608.6,521.7
Round1,Q2,2525,1262.5,CYBERCX,0.6574,1486.4,333.3,138.1,48.1,1920,1080,0.32,1555.5,357.4
Round1,Q2,2526,1263.0,CYBERCX,0.8096,1764.1,625.3,72.0,119.0,1920,1080,0.413,1800.1,684.8
Round1,Q2,2526,1263.0,CYBERCX,0.7556,1675.6,501.3,68.2,71.6,1920,1080,0.236,1709.7,537.1
Round1,Q2,2526,1263.0,CYBERCX,0.6858,1581.4,345.7,146.8,49.9,1920,1080,0.353,1654.8,370.6
Round1,Q2,2527,1263.5,CYBERCX,0.783,1778.8,511.9,74.5,77.1,1920,1080,0.277,1816.0,550.4
Round1,Q2,2527,1263.5,CYBERCX,0.7438,1679.2,350.9,155.5,47.5,1920,1080,0.356,1756.9,374.6
Round1,Q2,2527,1263.5,CYBERCX,0.5534,1876.6,646.5,43.3,116.0,1920,1080,0.242,1898.3,704.5
Round1,Q2,2527,1263.5,CYBERCX,0.3129,1902.3,793.8,17.7,46.9,1920,1080,0.04,1911.1,817.2
Round1,Q2,2528,1264.0,CYBERCX,0.7182,1814.6,515.9,67.6,73.4,1920,1080,0.239,1848.4,552.6
Round1,Q2,2528,1264.0,CYBERCX,0.3673,1712.2,341.6,159.5,50.8,1920,1080,0.391,1791.9,367.0
Round1,Q2,2529,1264.5,CYBERCX,0.7575,1791.8,510.6,83.2,90.1,1920,1080,0.361,1833.4,555.6
Round1,Q2,2529,1264.5,CYBERCX,0.5448,1689.6,333.3,163.0,51.2,1920,1080,0.402,1771.1,358.9
Round1,Q2,2529,1264.5,CYBERCX,0.3077,1900.0,660.6,20.0,77.5,1920,1080,0.075,1910.0,699.3
Round1,Q2,2530,1265.0,CYBERCX,0.7029,1755.2,500.6,75.7,90.4,1920,1080,0.33,1793.0,545.8
Round1,Q2,2530,1265.0,CYBERCX,0.6957,1862.4,648.9,57.3,132.6,1920,1080,0.366,1891.0,715.2
Round1,Q2,2530,1265.0,CYBERCX,0.4738,1899.9,813.0,20.1,43.2,1920,1080,0.042,1909.9,834.6
Round1,Q2,2530,1265.0,CYBERCX,0.4372,1650.4,337.2,35.3,40.1,1920,1080,0.068,1668.1,357.3
Round1,Q2,2530,1265.0,CYBERCX,0.3736,1767.7,330.2,47.7,41.2,1920,1080,0.095,1791.5,350.8
Round1,Q2,2531,1265.5,CYBERCX,0.8308,1796.5,643.6,81.4,127.1,1920,1080,0.499,1837.2,707.1
Round1,Q2,2531,1265.5,CYBERCX,0.6094,1577.1,309.6,169.9,59.0,1920,1080,0.483,1662.0,339.1
Round1,Q2,2531,1265.5,CYBERCX,0.5937,1690.5,498.0,84.9,95.9,1920,1080,0.393,1733.0,545.9
Round1,Q2,2532,1266.0,JAMESON,0.7122,1591.8,119.1,39.0,8.9,1920,1080,0.017,1611.3,123.6
Round1,Q2,2532,1266.0,JAMESON,0.5614,1549.4,120.5,36.8,8.7,1920,1080,0.015,1567.8,124.9
Round1,Q2,2532,1266.0,JAMESON,0.3802,1634.5,118.8,32.6,8.6,1920,1080,0.013,1650.8,123.0
Round1,Q2,2533,1266.5,JAMESON,0.7669,1568.9,108.7,37.7,8.4,1920,1080,0.015,1587.8,112.9
Round1,Q2,2533,1266.5,JAMESON,0.7511,1610.1,106.8,41.4,9.5,1920,1080,0.019,1630.8,111.6
Round1,Q2,2533,1266.5,JAMESON,0.6429,1655.0,105.2,37.9,9.2,1920,1080,0.017,1673.9,109.8
Round1,Q2,2534,1267.0,JAMESON,0.7261,1587.1,94.7,41.0,9.4,1920,1080,0.018,1607.5,99.3
Round1,Q2,2534,1267.0,JAMESON,0.6994,1632.4,92.9,42.5,9.5,1920,1080,0.02,1653.6,97.7
Round1,Q2,2534,1267.0,JAMESON,0.6783,1679.5,89.9,40.4,10.4,1920,1080,0.02,1699.7,95.1
Round1,Q2,2535,1267.5,JAMESON,0.7793,1653.4,80.2,41.2,9.9,1920,1080,0.02,1673.9,85.1
Round1,Q2,2535,1267.5,JAMESON,0.7616,1607.9,81.8,38.9,9.5,1920,1080,0.018,1627.4,86.6
Round1,Q2,2535,1267.5,JAMESON,0.7253,1700.9,77.7,41.2,9.3,1920,1080,0.019,1721.5,82.4
Round1,Q2,2536,1268.0,JAMESON,0.7746,1744.9,71.7,43.1,10.7,1920,1080,0.022,1766.5,77.0
Round1,Q2,2536,1268.0,JAMESON,0.7027,1693.3,74.6,45.5,10.9,1920,1080,0.024,1716.0,80.1
Round1,Q2,2536,1268.0,JAMESON,0.6539,1644.0,77.3,44.1,10.4,1920,1080,0.022,1666.1,82.5
Round1,Q2,2537,1268.5,JAMESON,0.7529,1776.0,83.6,49.2,10.9,1920,1080,0.026,1800.6,89.0
Round1,Q2,2537,1268.5,JAMESON,0.7111,1723.9,86.1,44.1,10.8,1920,1080,0.023,1745.9,91.5
Round1,Q2,2537,1268.5,JAMESON,0.6888,1832.0,80.1,47.7,11.0,1920,1080,0.025,1855.8,85.6
Round1,Q2,2537,1268.5,ACCESS_COVERS,0.4316,1006.4,108.0,48.3,9.5,1920,1080,0.022,1030.5,112.8
Round1,Q2,2538,1269.0,JAMESON,0.7807,1877.5,74.0,42.5,12.7,1920,1080,0.026,1898.7,80.3
Round1,Q2,2538,1269.0,ACCESS_COVERS,0.7497,1041.1,104.5,49.3,9.8,1920,1080,0.023,1065.8,109.4
Round1,Q2,2538,1269.0,JAMESON,0.6116,1820.3,76.9,51.2,11.9,1920,1080,0.029,1846.0,82.8
Round1,Q2,2539,1269.5,ACCESS_COVERS,0.639,1055.8,59.4,56.1,11.6,1920,1080,0.031,1083.8,65.2
Round1,Q2,2540,1270.0,EMIRATES,0.8796,1177.3,939.1,63.5,22.0,1920,1080,0.067,1209.0,950.1
Round1,Q2,2541,1270.5,EMIRATES,0.8709,1561.0,926.2,65.1,21.1,1920,1080,0.066,1593.6,936.7
Round1,Q2,2543,1271.5,EMIRATES,0.8052,932.5,256.0,44.0,18.2,1920,1080,0.039,954.5,265.0
Round1,Q2,2544,1272.0,EMIRATES,0.8286,1194.8,170.3,45.8,21.1,1920,1080,0.047,1217.7,180.9
Round1,Q2,2545,1272.5,EMIRATES,0.7765,800.9,0.0,39.0,10.0,1920,1080,0.019,820.4,5.0
Round1,Q2,2545,1272.5,EMIRATES,0.7051,1590.1,602.3,39.2,16.6,1920,1080,0.031,1609.7,610.6
Round1,Q2,2550,1275.0,EMIRATES,0.6661,991.1,546.9,51.3,19.3,1920,1080,0.048,1016.7,556.5
Round1,Q2,2551,1275.5,EMIRATES,0.8709,959.4,196.4,46.2,18.9,1920,1080,0.042,982.5,205.9
Round1,Q2,2551,1275.5,EMIRATES,0.8626,929.1,405.7,52.3,14.1,1920,1080,0.036,955.2,412.7
Round1,Q2,2551,1275.5,EMIRATES,0.8611,1209.5,400.7,59.9,17.7,1920,1080,0.051,1239.4,409.6
Round1,Q2,2551,1275.5,EMIRATES,0.8599,887.2,240.6,48.4,18.5,1920,1080,0.043,911.4,249.9
Round1,Q2,2552,1276.0,EMIRATES,0.8814,1390.1,241.1,42.1,20.3,1920,1080,0.041,1411.2,251.2
Round1,Q2,2552,1276.0,EMIRATES,0.8494,1653.7,351.5,51.0,15.8,1920,1080,0.039,1679.2,359.4
Round1,Q2,2554,1277.0,EMIRATES,0.6305,1091.3,294.5,25.7,16.6,1920,1080,0.021,1104.2,302.8
Round1,Q2,2555,1277.5,EMIRATES,0.8888,1175.1,382.5,37.8,18.0,1920,1080,0.033,1194.0,391.5
Round1,Q2,2557,1278.5,EMIRATES,0.8754,561.5,796.8,129.3,64.6,1920,1080,0.403,626.2,829.1
Round1,Q2,2557,1278.5,EMIRATES,0.8748,1309.4,95.0,104.4,49.5,1920,1080,0.249,1361.6,119.7
Round1,Q2,2558,1279.0,EMIRATES,0.8876,769.4,881.4,173.2,61.0,1920,1080,0.51,856.0,911.9
Round1,Q2,2563,1281.5,EMIRATES,0.8708,902.4,506.4,58.0,48.0,1920,1080,0.134,931.4,530.4
Round1,Q2,2564,1282.0,EMIRATES,0.9067,819.3,563.4,157.3,52.5,1920,1080,0.399,897.9,589.7
Round1,Q2,2565,1282.5,EMIRATES,0.8928,807.3,668.4,140.3,57.5,1920,1080,0.389,877.5,697.2
Round1,Q2,2567,1283.5,CRUSADER_CARAVANS,0.3372,0.3,70.7,47.2,26.6,1920,1080,0.06,23.9,83.9
Round1,Q2,2574,1287.0,ACCESS_COVERS,0.4636,1641.6,0.2,56.3,8.4,1920,1080,0.023,1669.7,4.4
Round1,Q2,2575,1287.5,ACCESS_COVERS,0.5621,1574.6,13.1,54.7,11.2,1920,1080,0.029,1602.0,18.7
Round1,Q2,2576,1288.0,ACCESS_COVERS,0.6037,1506.9,13.0,61.7,12.4,1920,1080,0.037,1537.7,19.2
Round1,Q2,2591,1295.5,EMIRATES,0.7353,687.7,525.7,48.0,12.9,1920,1080,0.03,711.7,532.2
Round1,Q2,2592,1296.0,EMIRATES,0.853,735.1,526.7,55.6,28.0,1920,1080,0.075,762.9,540.7
Round1,Q2,2593,1296.5,EMIRATES,0.8321,743.4,575.0,59.5,24.3,1920,1080,0.07,773.1,587.2
Round1,Q2,2596,1298.0,EMIRATES,0.7138,1833.9,851.4,85.7,122.8,1920,1080,0.508,1876.8,912.8
Round1,Q2,2596,1298.0,EMIRATES,0.6517,1569.9,645.3,71.3,41.0,1920,1080,0.141,1605.6,665.7
Round1,Q2,2599,1299.5,EMIRATES,0.7884,877.3,523.4,30.3,69.7,1920,1080,0.102,892.5,558.3
Round1,Q2,2608,1304.0,EMIRATES,0.401,1123.9,239.6,10.7,60.6,1920,1080,0.031,1129.3,269.9
Round1,Q2,2609,1304.5,EMIRATES,0.3519,901.7,202.7,11.8,75.3,1920,1080,0.043,907.6,240.4
Round1,Q2,2609,1304.5,EMIRATES,0.3345,1332.2,249.8,12.7,58.1,1920,1080,0.036,1338.5,278.8
Round1,Q2,2610,1305.0,EMIRATES,0.4346,1307.6,274.9,14.9,77.1,1920,1080,0.055,1315.0,313.4
Round1,Q2,2610,1305.0,EMIRATES,0.4124,1004.6,201.1,12.1,34.9,1920,1080,0.02,1010.7,218.5
Round1,Q2,2610,1305.0,EMIRATES,0.3928,1150.2,252.5,12.7,73.1,1920,1080,0.045,1156.5,289.0
Round1,Q2,2611,1305.5,EMIRATES,0.7722,1336.3,349.1,49.8,21.2,1920,1080,0.051,1361.2,359.7
Round1,Q2,2612,1306.0,EMIRATES,0.6856,777.3,760.2,38.5,16.9,1920,1080,0.031,796.5,768.6
Round1,Q2,2613,1306.5,EMIRATES,0.7048,1020.9,508.1,67.1,17.5,1920,1080,0.057,1054.4,516.9
Round1,Q2,2614,1307.0,EMIRATES,0.7181,1814.0,103.8,17.3,50.4,1920,1080,0.042,1822.7,129.0
Round1,Q2,2614,1307.0,EMIRATES,0.5992,1812.2,172.7,17.4,73.8,1920,1080,0.062,1820.9,209.6
Round1,Q2,2619,1309.5,EMIRATES,0.8844,1554.1,369.1,43.6,18.6,1920,1080,0.039,1575.9,378.4
Round1,Q2,2619,1309.5,EMIRATES,0.4779,122.3,282.7,31.0,16.4,1920,1080,0.025,137.8,290.9
Round1,Q2,2620,1310.0,EMIRATES,0.5624,1106.6,373.5,37.2,15.1,1920,1080,0.027,1125.2,381.0
Round1,Q2,2621,1310.5,EMIRATES,0.8478,1073.4,403.9,58.0,26.1,1920,1080,0.073,1102.4,417.0
Round1,Q2,2621,1310.5,EMIRATES,0.3567,1480.9,317.2,26.9,11.8,1920,1080,0.015,1494.3,323.1
Round1,Q2,2622,1311.0,EMIRATES,0.6224,1526.1,413.2,61.3,17.1,1920,1080,0.051,1556.7,421.7
Round1,Q2,2623,1311.5,EMIRATES,0.8803,934.9,399.5,31.6,30.9,1920,1080,0.047,950.7,414.9
Round1,Q2,2623,1311.5,EMIRATES,0.8694,1748.2,402.2,52.5,16.7,1920,1080,0.042,1774.5,410.6
Round1,Q2,2623,1311.5,EMIRATES,0.8619,1711.3,166.9,59.1,23.7,1920,1080,0.068,1740.9,178.8
Round1,Q2,2624,1312.0,EMIRATES,0.8944,939.3,316.8,37.9,26.7,1920,1080,0.049,958.3,330.2
Round1,Q2,2624,1312.0,EMIRATES,0.8881,1319.5,401.9,40.2,21.3,1920,1080,0.041,1339.6,412.5
Round1,Q2,2624,1312.0,EMIRATES,0.853,1290.5,102.8,52.2,18.3,1920,1080,0.046,1316.6,112.0
Round1,Q2,2628,1314.0,EMIRATES,0.4506,1564.9,308.8,18.6,103.8,1920,1080,0.093,1574.2,360.7
Round1,Q2,2629,1314.5,EMIRATES,0.8956,771.4,371.7,39.5,22.3,1920,1080,0.042,791.2,382.8
Round1,Q2,2631,1315.5,EMIRATES,0.8306,584.7,619.7,31.3,12.1,1920,1080,0.018,600.4,625.8
Round1,Q2,2631,1315.5,EMIRATES,0.8227,1431.3,9.0,68.7,320.3,1920,1080,1.061,1465.7,169.1
Round1,Q2,2631,1315.5,EMIRATES,0.7577,340.2,2.5,71.7,146.0,1920,1080,0.505,376.0,75.5
Round1,Q2,2632,1316.0,EMIRATES,0.8557,641.8,624.1,40.3,12.8,1920,1080,0.025,661.9,630.5
Round1,Q2,2632,1316.0,EMIRATES,0.8112,1147.5,12.5,66.4,332.8,1920,1080,1.065,1180.7,178.9
Round1,Q2,2632,1316.0,EMIRATES,0.7311,0.0,2.0,64.3,159.4,1920,1080,0.494,32.1,81.7
Round1,Q2,2633,1316.5,EMIRATES,0.5304,721.1,0.9,55.4,80.2,1920,1080,0.214,748.8,41.0
Round1,Q2,2635,1317.5,EMIRATES,0.8045,181.3,0.8,43.7,105.9,1920,1080,0.223,203.1,53.8
Round1,Q2,2635,1317.5,EMIRATES,0.6404,951.6,518.2,41.7,11.8,1920,1080,0.024,972.5,524.0
Round1,Q2,2636,1318.0,EMIRATES,0.7588,212.8,1.0,51.3,223.0,1920,1080,0.552,238.5,112.5
Round1,Q2,2637,1318.5,EMIRATES,0.7681,429.7,4.9,75.8,311.0,1920,1080,1.136,467.6,160.4
Round1,Q2,2638,1319.0,EMIRATES,0.5218,721.8,188.5,25.3,50.7,1920,1080,0.062,734.4,213.9
Round1,Q2,2638,1319.0,EMIRATES,0.3001,951.6,255.0,25.3,128.1,1920,1080,0.156,964.2,319.0
Round1,Q2,2639,1319.5,EMIRATES,0.6646,1087.8,235.2,19.8,49.7,1920,1080,0.047,1097.7,260.0
Round1,Q2,2639,1319.5,EMIRATES,0.5095,1089.0,298.7,19.5,84.0,1920,1080,0.079,1098.7,340.7
Round1,Q2,2639,1319.5,EMIRATES,0.458,1555.9,300.1,24.4,165.5,1920,1080,0.194,1568.0,382.8
Round1,Q2,2639,1319.5,EMIRATES,0.3711,1312.0,293.9,22.2,131.1,1920,1080,0.14,1323.1,359.5
Round1,Q2,2640,1320.0,EMIRATES,0.7292,1372.5,257.2,18.6,55.6,1920,1080,0.05,1381.8,285.0
Round1,Q2,2640,1320.0,EMIRATES,0.7121,1372.1,332.6,19.9,80.3,1920,1080,0.077,1382.0,372.8
Round1,Q2,2640,1320.0,EMIRATES,0.675,1875.6,418.3,23.2,81.8,1920,1080,0.092,1887.2,459.2
Round1,Q2,2640,1320.0,EMIRATES,0.4834,1610.2,362.7,21.9,92.0,1920,1080,0.097,1621.2,408.7
Round1,Q2,2640,1320.0,EMIRATES,0.4006,1611.6,291.0,22.0,42.1,1920,1080,0.045,1622.6,312.0
Round1,Q2,2641,1320.5,EMIRATES,0.8077,1614.2,348.4,20.3,79.4,1920,1080,0.078,1624.3,388.2
Round1,Q2,2641,1320.5,EMIRATES,0.7705,1614.7,263.2,19.3,64.3,1920,1080,0.06,1624.4,295.4
Round1,Q2,2641,1320.5,EMIRATES,0.5244,1873.4,378.6,21.2,95.0,1920,1080,0.097,1883.9,426.1
Round1,Q2,2642,1321.0,EMIRATES,0.8038,1811.9,353.2,18.5,83.8,1920,1080,0.075,1821.1,395.1
Round1,Q2,2642,1321.0,EMIRATES,0.737,1811.8,265.5,18.1,77.5,1920,1080,0.068,1820.9,304.2
Round1,Q2,2654,1327.0,ACCESS_COVERS,0.7126,0.0,140.0,55.2,34.7,1920,1080,0.092,27.6,157.4
Round1,Q2,2655,1327.5,ACCESS_COVERS,0.8092,5.0,153.2,158.7,36.7,1920,1080,0.281,84.3,171.6
Round1,Q2,2656,1328.0,ACCESS_COVERS,0.815,26.3,141.2,176.5,42.7,1920,1080,0.363,114.6,162.5
Round1,Q2,2657,1328.5,ACCESS_COVERS,0.8044,40.3,131.2,182.0,45.0,1920,1080,0.395,131.3,153.8
Round1,Q2,2658,1329.0,ACCESS_COVERS,0.7987,97.4,138.0,186.4,44.8,1920,1080,0.403,190.6,160.4
Round1,Q2,2659,1329.5,ACCESS_COVERS,0.8077,207.1,161.5,175.6,42.9,1920,1080,0.363,294.9,182.9
Round1,Q2,2660,1330.0,ACCESS_COVERS,0.8006,308.3,186.6,163.4,40.3,1920,1080,0.318,390.1,206.7
Round1,Q2,2661,1330.5,ACCESS_COVERS,0.7988,349.6,205.3,158.6,37.3,1920,1080,0.286,428.8,224.0
Round1,Q2,2662,1331.0,ACCESS_COVERS,0.8068,382.0,223.4,149.2,34.5,1920,1080,0.248,456.6,240.7
Round1,Q2,2663,1331.5,ACCESS_COVERS,0.7874,398.0,236.1,147.3,34.5,1920,1080,0.245,471.6,253.4
Round1,Q2,2664,1332.0,ACCESS_COVERS,0.7933,433.4,249.0,133.7,31.7,1920,1080,0.205,500.3,264.8
Round1,Q2,2667,1333.5,EMIRATES,0.8253,1326.7,938.0,190.2,51.1,1920,1080,0.468,1421.8,963.6
Round1,Q2,2672,1336.0,ACCESS_COVERS,0.7724,814.9,275.4,131.1,30.6,1920,1080,0.193,880.4,290.7
Round1,Q2,2673,1336.5,ACCESS_COVERS,0.7483,1146.8,280.5,137.8,30.8,1920,1080,0.204,1215.7,295.9
Round1,Q2,2674,1337.0,ACCESS_COVERS,0.7651,1479.7,277.6,135.7,31.5,1920,1080,0.206,1547.6,293.4
Round1,Q2,2675,1337.5,ACCESS_COVERS,0.7961,1750.7,268.6,162.3,35.5,1920,1080,0.278,1831.8,286.4
Round1,Q2,2676,1338.0,EMIRATES,0.8829,298.1,639.8,53.6,20.4,1920,1080,0.053,324.9,650.0
Round1,Q2,2676,1338.0,EMIRATES,0.8714,583.3,493.3,27.6,14.6,1920,1080,0.019,597.1,500.6
Round1,Q2,2677,1338.5,EMIRATES,0.8852,33.2,628.8,33.3,21.0,1920,1080,0.034,49.8,639.3
Round1,Q2,2678,1339.0,EMIRATES,0.8057,1375.7,706.1,82.7,25.0,1920,1080,0.1,1417.0,718.6
Round1,Q2,2679,1339.5,EMIRATES,0.8808,900.6,558.1,63.1,20.4,1920,1080,0.062,932.2,568.3
Round1,Q2,2679,1339.5,EMIRATES,0.7233,482.5,389.8,46.0,17.7,1920,1080,0.039,505.4,398.7
Round1,Q2,2680,1340.0,EMIRATES,0.864,591.8,453.4,61.6,23.0,1920,1080,0.068,622.6,464.9
Round1,Q2,2680,1340.0,EMIRATES,0.8591,872.1,626.0,64.7,23.1,1920,1080,0.072,904.5,637.6
Round1,Q2,2681,1340.5,EMIRATES,0.8726,652.3,706.1,45.3,17.5,1920,1080,0.038,674.9,714.8
Round1,Q2,2681,1340.5,EMIRATES,0.8676,312.0,528.7,50.6,14.9,1920,1080,0.036,337.3,536.1
Round1,Q2,2681,1340.5,EMIRATES,0.8379,745.8,334.5,32.6,19.9,1920,1080,0.031,762.1,344.5
Round1,Q2,2681,1340.5,EMIRATES,0.6354,1496.6,306.9,35.8,17.5,1920,1080,0.03,1514.5,315.7
Round1,Q2,2682,1341.0,EMIRATES,0.8808,893.3,716.9,55.0,19.1,1920,1080,0.051,920.8,726.5
Round1,Q2,2682,1341.0,EMIRATES,0.8679,335.6,487.9,53.2,17.6,1920,1080,0.045,362.1,496.6
Round1,Q2,2682,1341.0,EMIRATES,0.5014,1530.8,309.5,35.4,17.4,1920,1080,0.03,1548.5,318.2
Round1,Q2,2683,1341.5,EMIRATES,0.865,550.5,339.6,46.7,16.5,1920,1080,0.037,573.8,347.9
Round1,Q2,2683,1341.5,EMIRATES,0.8619,265.2,471.3,60.0,18.0,1920,1080,0.052,295.2,480.3
Round1,Q2,2683,1341.5,EMIRATES,0.8484,1107.3,696.0,68.1,21.6,1920,1080,0.071,1141.3,706.8
Round1,Q2,2683,1341.5,EMIRATES,0.8138,1583.3,374.6,58.8,22.2,1920,1080,0.063,1612.7,385.7
Round1,Q2,2684,1342.0,EMIRATES,0.8746,695.6,458.5,60.9,20.7,1920,1080,0.061,726.1,468.8
Round1,Q2,2684,1342.0,EMIRATES,0.7773,1841.4,734.4,56.6,23.0,1920,1080,0.063,1869.7,745.9
Round1,Q2,2685,1342.5,EMIRATES,0.8986,844.8,453.1,56.7,17.2,1920,1080,0.047,873.1,461.7
Round1,Q2,2686,1343.0,EMIRATES,0.8949,938.1,369.0,53.9,20.3,1920,1080,0.053,965.1,379.1
Round1,Q2,2687,1343.5,EMIRATES,0.8804,1049.9,349.5,56.1,19.4,1920,1080,0.053,1077.9,359.2
Round1,Q2,2687,1343.5,EMIRATES,0.8585,669.7,214.6,37.1,20.6,1920,1080,0.037,688.2,224.9
Round1,Q2,2688,1344.0,EMIRATES,0.8724,910.6,255.2,39.6,18.5,1920,1080,0.035,930.4,264.5
Round1,Q2,2688,1344.0,EMIRATES,0.3323,1153.5,424.1,56.1,29.6,1920,1080,0.08,1181.6,438.9
Round1,Q2,2689,1344.5,EMIRATES,0.8727,989.4,266.3,40.9,19.5,1920,1080,0.039,1009.8,276.0
Round1,Q2,2689,1344.5,EMIRATES,0.8525,1171.1,482.7,54.4,14.0,1920,1080,0.037,1198.3,489.7
Round1,Q2,2690,1345.0,EMIRATES,0.8786,1021.0,280.5,36.4,18.4,1920,1080,0.032,1039.2,289.7
Round1,Q2,2690,1345.0,EMIRATES,0.8255,1150.1,452.3,53.8,15.3,1920,1080,0.04,1177.0,459.9
Round1,Q2,2690,1345.0,EMIRATES,0.8128,1903.6,377.5,16.4,20.1,1920,1080,0.016,1911.8,387.6
Round1,Q2,2691,1345.5,EMIRATES,0.8857,1748.5,345.7,53.6,21.9,1920,1080,0.057,1775.3,356.7
Round1,Q2,2691,1345.5,EMIRATES,0.6781,1156.3,447.7,56.7,18.6,1920,1080,0.051,1184.7,457.0
Round1,Q2,2691,1345.5,EMIRATES,0.6167,1127.4,300.8,39.7,23.1,1920,1080,0.044,1147.3,312.3
Round1,Q2,2692,1346.0,EMIRATES,0.8919,1736.6,512.7,59.4,20.4,1920,1080,0.058,1766.3,522.9
Round1,Q2,2692,1346.0,EMIRATES,0.8781,1565.8,329.5,54.4,18.8,1920,1080,0.049,1593.0,338.9
Round1,Q2,2692,1346.0,EMIRATES,0.8708,1013.3,438.6,52.1,20.6,1920,1080,0.052,1039.4,448.8
Round1,Q2,2693,1346.5,EMIRATES,0.8854,1432.3,300.5,56.9,19.5,1920,1080,0.053,1460.7,310.2
Round1,Q2,2693,1346.5,EMIRATES,0.882,1537.7,490.9,57.8,23.2,1920,1080,0.065,1566.7,502.5
Round1,Q2,2693,1346.5,EMIRATES,0.6372,928.7,377.6,53.3,21.1,1920,1080,0.054,955.4,388.1
Round1,Q2,2694,1347.0,EMIRATES,0.8934,1385.8,467.4,60.9,19.9,1920,1080,0.058,1416.2,477.4
Round1,Q2,2694,1347.0,EMIRATES,0.8774,1336.5,292.5,52.2,17.8,1920,1080,0.045,1362.6,301.4
Round1,Q2,2694,1347.0,EMIRATES,0.8083,859.3,342.6,34.4,21.7,1920,1080,0.036,876.5,353.4
Round1,Q2,2694,1347.0,EMIRATES,0.7902,1209.8,365.6,53.0,33.3,1920,1080,0.085,1236.3,382.3
Round1,Q2,2699,1349.5,EMIRATES,0.8706,1313.8,308.2,124.3,60.2,1920,1080,0.361,1376.0,338.3
Round1,Q2,2700,1350.0,EMIRATES,0.8831,1173.2,309.1,80.0,44.2,1920,1080,0.171,1213.3,331.2
Round1,Q2,2701,1350.5,EMIRATES,0.8624,1085.9,323.1,75.8,58.6,1920,1080,0.214,1123.8,352.3
Round1,Q2,2702,1351.0,EMIRATES,0.8694,966.7,364.5,85.7,60.6,1920,1080,0.251,1009.6,394.8
Round1,Q2,2704,1352.0,EMIRATES,0.8733,1145.4,449.7,57.3,43.4,1920,1080,0.12,1174.0,471.4
Round1,Q2,2705,1352.5,EMIRATES,0.8934,996.5,515.4,136.8,47.4,1920,1080,0.313,1064.9,539.2
Round1,Q2,2706,1353.0,EMIRATES,0.8826,981.7,539.7,126.4,54.0,1920,1080,0.329,1044.9,566.6
Round1,Q2,2707,1353.5,EMIRATES,0.8166,987.0,508.1,42.5,61.5,1920,1080,0.126,1008.2,538.9
Round1,Q2,2708,1354.0,EMIRATES,0.8927,811.0,450.4,47.6,23.3,1920,1080,0.054,834.8,462.0
Round1,Q2,2710,1355.0,EMIRATES,0.3091,1667.5,525.8,58.6,16.7,1920,1080,0.047,1696.9,534.1
Round1,Q2,2711,1355.5,EMIRATES,0.8009,380.4,386.2,32.7,18.0,1920,1080,0.028,396.8,395.2
Round1,Q2,2713,1356.5,EMIRATES,0.6759,1337.9,438.8,74.7,28.2,1920,1080,0.102,1375.2,453.0
Round1,Q2,2714,1357.0,EMIRATES,0.5161,442.5,413.9,34.2,17.5,1920,1080,0.029,459.6,422.7
Round1,Q2,2716,1358.0,ACCESS_COVERS,0.8147,735.5,224.0,180.8,45.6,1920,1080,0.397,825.9,246.8
Round1,Q2,2717,1358.5,ACCESS_COVERS,0.8295,526.8,226.6,176.5,45.1,1920,1080,0.384,615.1,249.1
Round1,Q2,2718,1359.0,ACCESS_COVERS,0.7925,408.5,232.2,175.4,41.1,1920,1080,0.347,496.2,252.7
Round1,Q2,2719,1359.5,ACCESS_COVERS,0.8155,398.7,244.3,170.9,41.7,1920,1080,0.343,484.2,265.1
Round1,Q2,2720,1360.0,ACCESS_COVERS,0.8244,321.6,255.2,164.2,39.8,1920,1080,0.315,403.8,275.1
Round1,Q2,2721,1360.5,ACCESS_COVERS,0.8138,210.4,260.3,159.9,38.1,1920,1080,0.294,290.3,279.4
Round1,Q2,2722,1361.0,ACCESS_COVERS,0.8167,76.9,258.4,152.7,35.3,1920,1080,0.26,153.2,276.0
Round1,Q2,2723,1361.5,ACCESS_COVERS,0.6923,0.0,269.3,55.0,33.5,1920,1080,0.089,27.5,286.1
Round1,Q2,2724,1362.0,EMIRATES,0.9001,1755.5,139.1,67.9,22.4,1920,1080,0.073,1789.5,150.3
Round1,Q2,2724,1362.0,EMIRATES,0.892,1337.4,232.7,71.4,24.9,1920,1080,0.086,1373.1,245.1
Round1,Q2,2725,1362.5,EMIRATES,0.823,767.1,279.9,47.6,57.7,1920,1080,0.133,790.9,308.8
Round1,Q2,2726,1363.0,EMIRATES,0.8731,1333.7,374.9,47.4,30.4,1920,1080,0.069,1357.4,390.1
Round1,Q2,2730,1365.0,EMIRATES,0.7991,1833.7,523.2,13.3,57.8,1920,1080,0.037,1840.4,552.1
Round1,Q2,2730,1365.0,EMIRATES,0.7002,1834.4,462.2,11.8,52.6,1920,1080,0.03,1840.3,488.5
Round1,Q2,2731,1365.5,EMIRATES,0.7736,1794.7,526.7,13.2,59.1,1920,1080,0.038,1801.3,556.3
Round1,Q2,2731,1365.5,EMIRATES,0.542,1796.6,466.1,11.9,43.0,1920,1080,0.025,1802.5,487.6
Round1,Q2,2732,1366.0,EMIRATES,0.7877,1696.8,526.5,14.1,59.1,1920,1080,0.04,1703.9,556.0
Round1,Q2,2732,1366.0,EMIRATES,0.7703,1697.7,465.2,13.4,51.4,1920,1080,0.033,1704.4,490.9
Round1,Q2,2732,1366.0,EMIRATES,0.7346,1888.4,561.2,14.8,59.7,1920,1080,0.043,1895.8,591.0
Round1,Q2,2733,1366.5,EMIRATES,0.7719,1837.1,554.1,14.1,65.4,1920,1080,0.044,1844.1,586.8
Round1,Q2,2733,1366.5,EMIRATES,0.7463,1641.8,521.5,13.1,62.3,1920,1080,0.039,1648.4,552.6
Round1,Q2,2733,1366.5,EMIRATES,0.6433,1642.2,460.1,11.9,52.2,1920,1080,0.03,1648.2,486.2
Round1,Q2,2733,1366.5,EMIRATES,0.5754,1838.0,489.5,13.4,51.2,1920,1080,0.033,1844.7,515.1
Round1,Q2,2734,1367.0,EMIRATES,0.843,878.9,287.2,65.3,21.3,1920,1080,0.067,911.5,297.9
Round1,Q2,2735,1367.5,EMIRATES,0.8508,399.2,159.1,25.5,25.4,1920,1080,0.031,411.9,171.8
Round1,Q2,2736,1368.0,EMIRATES,0.6946,1653.0,573.5,19.0,70.1,1920,1080,0.064,1662.4,608.5
Round1,Q2,2736,1368.0,EMIRATES,0.4319,1654.7,515.7,18.7,50.7,1920,1080,0.046,1664.1,541.1
Round1,Q2,2736,1368.0,EMIRATES,0.3268,1850.5,555.8,23.7,124.1,1920,1080,0.142,1862.4,617.9
Round1,Q2,2737,1368.5,EMIRATES,0.5691,1534.5,603.0,19.8,91.1,1920,1080,0.087,1544.4,648.5
Round1,Q2,2737,1368.5,EMIRATES,0.4736,1356.9,598.4,17.8,62.5,1920,1080,0.054,1365.9,629.7
Round1,Q2,2738,1369.0,EMIRATES,0.7117,1423.6,594.5,18.8,65.5,1920,1080,0.059,1433.0,627.3
Round1,Q2,2738,1369.0,EMIRATES,0.6484,1045.3,597.3,17.2,60.3,1920,1080,0.05,1053.9,627.5
Round1,Q2,2738,1369.0,EMIRATES,0.5817,1424.8,662.8,17.5,61.0,1920,1080,0.051,1433.6,693.3
Round1,Q2,2738,1369.0,EMIRATES,0.4843,1644.1,696.0,17.0,65.2,1920,1080,0.053,1652.6,728.6
Round1,Q2,2739,1369.5,EMIRATES,0.7156,1444.2,614.9,16.5,69.1,1920,1080,0.055,1452.4,649.4
Round1,Q2,2739,1369.5,EMIRATES,0.5668,993.4,549.5,19.5,100.6,1920,1080,0.094,1003.1,599.8
Round1,Q2,2739,1369.5,EMIRATES,0.5389,795.6,588.1,17.4,61.4,1920,1080,0.052,804.3,618.8
Round1,Q2,2739,1369.5,EMIRATES,0.4872,1444.1,689.3,16.1,71.1,1920,1080,0.055,1452.2,724.9
Round1,Q2,2739,1369.5,EMIRATES,0.4196,795.9,520.6,18.3,51.6,1920,1080,0.045,805.0,546.4
Round1,Q2,2739,1369.5,EMIRATES,0.3827,1209.0,614.1,17.9,110.5,1920,1080,0.095,1218.0,669.4
Round1,Q2,2740,1370.0,EMIRATES,0.7662,1351.9,692.3,18.8,88.3,1920,1080,0.08,1361.3,736.5
Round1,Q2,2740,1370.0,EMIRATES,0.7634,1351.9,597.2,17.7,86.8,1920,1080,0.074,1360.7,640.6
Round1,Q2,2740,1370.0,EMIRATES,0.7379,790.9,522.1,19.6,83.8,1920,1080,0.079,800.7,564.0
Round1,Q2,2740,1370.0,EMIRATES,0.7337,792.4,608.6,19.1,82.1,1920,1080,0.076,802.0,649.7
Round1,Q2,2740,1370.0,EMIRATES,0.7251,540.9,486.1,20.8,62.7,1920,1080,0.063,551.2,517.5
Round1,Q2,2740,1370.0,EMIRATES,0.687,541.8,565.5,20.5,84.0,1920,1080,0.083,552.0,607.5
Round1,Q2,2740,1370.0,EMIRATES,0.634,1059.5,559.1,18.8,83.4,1920,1080,0.076,1068.9,600.8
Round1,Q2,2740,1370.0,EMIRATES,0.5869,1059.7,649.4,19.8,84.5,1920,1080,0.081,1069.6,691.7
Round1,Q2,2741,1370.5,EMIRATES,0.7962,639.0,592.6,22.6,104.2,1920,1080,0.114,650.3,644.7
Round1,Q2,2741,1370.5,EMIRATES,0.7911,984.1,643.5,24.9,107.3,1920,1080,0.129,996.5,697.2
Round1,Q2,2741,1370.5,EMIRATES,0.7789,636.4,478.3,23.6,107.7,1920,1080,0.123,648.2,532.1
Round1,Q2,2741,1370.5,EMIRATES,0.7777,1359.3,573.2,22.3,114.1,1920,1080,0.123,1370.4,630.3
Round1,Q2,2741,1370.5,EMIRATES,0.7657,1360.2,698.5,24.1,110.1,1920,1080,0.128,1372.3,753.6
Round1,Q2,2741,1370.5,EMIRATES,0.761,313.1,541.9,24.4,102.5,1920,1080,0.121,325.3,593.2
Round1,Q2,2741,1370.5,EMIRATES,0.7464,982.8,527.3,23.6,104.1,1920,1080,0.118,994.6,579.3
Round1,Q2,2741,1370.5,EMIRATES,0.7276,311.4,432.3,22.7,97.2,1920,1080,0.107,322.7,480.9
Round1,Q2,2742,1371.0,EMIRATES,0.8585,1006.2,532.0,97.8,43.1,1920,1080,0.203,1055.1,553.5
Round1,Q2,2743,1371.5,EMIRATES,0.8589,1001.5,537.4,91.2,50.4,1920,1080,0.222,1047.1,562.6
Round1,Q2,2744,1372.0,EMIRATES,0.88,617.0,544.9,115.8,47.1,1920,1080,0.263,674.9,568.5
Round1,Q2,2744,1372.0,EMIRATES,0.822,1035.0,571.0,67.7,65.4,1920,1080,0.213,1068.9,603.7
Round1,Q2,2745,1372.5,EMIRATES,0.9028,560.1,529.5,79.6,40.4,1920,1080,0.155,599.9,549.6
Round1,Q2,2745,1372.5,EMIRATES,0.8618,996.1,578.2,67.6,55.2,1920,1080,0.18,1029.9,605.8
Round1,Q2,2745,1372.5,EMIRATES,0.7942,1327.5,528.3,111.0,59.1,1920,1080,0.316,1383.0,557.8
Round1,Q2,2746,1373.0,EMIRATES,0.8286,1046.2,446.8,61.1,72.7,1920,1080,0.214,1076.7,483.1
Round1,Q2,2746,1373.0,EMIRATES,0.8273,441.3,398.6,59.4,44.6,1920,1080,0.128,471.1,420.9
Round1,Q2,2747,1373.5,EMIRATES,0.4184,1393.0,11.1,143.8,396.9,1920,1080,2.753,1465.0,209.5
Round1,Q2,2747,1373.5,EMIRATES,0.3535,1409.4,268.2,191.9,705.5,1920,1080,6.529,1505.3,621.0
Round1,Q2,2749,1374.5,EMIRATES,0.6546,276.0,815.1,28.1,8.1,1920,1080,0.011,290.0,819.2
Round1,Q2,2750,1375.0,EMIRATES,0.8016,285.2,821.9,29.5,7.9,1920,1080,0.011,300.0,825.8
Round1,Q2,2751,1375.5,EMIRATES,0.569,323.3,807.9,29.3,9.1,1920,1080,0.013,337.9,812.5
Round1,Q2,2752,1376.0,EMIRATES,0.8979,362.5,959.0,75.3,30.4,1920,1080,0.11,400.1,974.2
Round1,Q2,2754,1377.0,EMIRATES,0.9051,362.5,959.1,75.7,30.6,1920,1080,0.112,400.3,974.4
Round1,Q2,2754,1377.0,EMIRATES,0.626,423.7,738.9,28.9,9.5,1920,1080,0.013,438.2,743.6
Round1,Q2,2755,1377.5,EMIRATES,0.8993,362.6,959.8,75.6,29.7,1920,1080,0.108,400.5,974.6
Round1,Q2,2756,1378.0,EMIRATES,0.9016,362.3,959.2,76.3,30.5,1920,1080,0.112,400.5,974.4
Round1,Q2,2757,1378.5,EMIRATES,0.8997,362.7,959.6,75.6,29.9,1920,1080,0.109,400.5,974.5
Round1,Q2,2758,1379.0,EMIRATES,0.9018,362.9,959.6,75.2,29.8,1920,1080,0.108,400.5,974.5
Round1,Q2,2759,1379.5,EMIRATES,0.9009,362.7,959.5,75.7,30.1,1920,1080,0.11,400.5,974.5
Round1,Q2,2762,1381.0,EMIRATES,0.8849,166.4,711.6,128.9,57.5,1920,1080,0.358,230.8,740.3
Round1,Q2,2762,1381.0,EMIRATES,0.8086,1467.4,646.3,71.1,50.0,1920,1080,0.171,1503.0,671.3
Round1,Q2,2762,1381.0,EMIRATES,0.3992,814.1,588.1,43.7,64.0,1920,1080,0.135,835.9,620.1
Round1,Q2,2763,1381.5,EMIRATES,0.8942,1048.3,514.8,62.3,46.8,1920,1080,0.141,1079.4,538.2
Round1,Q2,2763,1381.5,EMIRATES,0.8894,740.7,512.2,64.1,43.7,1920,1080,0.135,772.7,534.1
Round1,Q2,2763,1381.5,EMIRATES,0.8402,0.0,575.0,81.1,56.1,1920,1080,0.219,40.5,603.0
Round1,Q2,2764,1382.0,EMIRATES,0.8833,1079.3,528.8,95.0,53.4,1920,1080,0.244,1126.7,555.5
Round1,Q2,2764,1382.0,EMIRATES,0.8403,876.1,592.0,119.0,56.4,1920,1080,0.324,935.6,620.2
Round1,Q2,2764,1382.0,EMIRATES,0.7991,345.7,490.6,198.1,62.9,1920,1080,0.601,444.7,522.0
Round1,Q2,2765,1382.5,EMIRATES,0.8931,1122.4,583.5,159.2,51.7,1920,1080,0.397,1202.0,609.4
Round1,Q2,2765,1382.5,EMIRATES,0.8744,777.0,412.4,148.9,66.2,1920,1080,0.476,851.4,445.5
Round1,Q2,2765,1382.5,EMIRATES,0.8654,1220.9,488.7,69.5,45.8,1920,1080,0.153,1255.6,511.6
Round1,Q2,2765,1382.5,EMIRATES,0.7949,1516.0,606.3,71.3,67.6,1920,1080,0.233,1551.7,640.1
Round1,Q2,2766,1383.0,EMIRATES,0.898,777.5,566.3,73.7,50.3,1920,1080,0.179,814.3,591.4
Round1,Q2,2766,1383.0,EMIRATES,0.7504,1591.6,532.5,202.0,54.1,1920,1080,0.527,1692.6,559.6
Round1,Q2,2767,1383.5,EMIRATES,0.8578,1523.9,520.3,120.7,68.0,1920,1080,0.396,1584.3,554.3
Round1,Q2,2767,1383.5,EMIRATES,0.7743,930.4,523.7,43.8,73.4,1920,1080,0.155,952.3,560.4
Round1,Q2,2767,1383.5,EMIRATES,0.7728,1814.8,563.5,85.9,55.3,1920,1080,0.229,1857.7,591.1
Round1,Q2,2770,1385.0,EMIRATES,0.4139,1883.2,889.6,36.8,20.2,1920,1080,0.036,1901.6,899.7
Round1,Q2,2771,1385.5,EMIRATES,0.8875,1323.7,820.4,65.4,23.3,1920,1080,0.073,1356.3,832.0
Round1,Q2,2771,1385.5,EMIRATES,0.8195,926.9,368.5,44.0,25.2,1920,1080,0.053,949.0,381.1
Round1,Q2,2771,1385.5,EMIRATES,0.4074,639.0,227.5,48.9,20.2,1920,1080,0.048,663.5,237.7
Round1,Q2,2772,1386.0,EMIRATES,0.9086,1363.8,945.4,42.4,24.6,1920,1080,0.05,1385.0,957.7
Round1,Q2,2772,1386.0,EMIRATES,0.8335,1104.3,293.2,39.1,20.6,1920,1080,0.039,1123.8,303.5
Round1,Q2,2773,1386.5,EMIRATES,0.6714,1446.6,963.7,35.1,19.5,1920,1080,0.033,1464.2,973.4
Round1,Q2,2774,1387.0,EMIRATES,0.8915,593.8,488.2,49.3,19.8,1920,1080,0.047,618.4,498.1
Round1,Q2,2774,1387.0,EMIRATES,0.7453,1243.4,303.6,47.9,23.4,1920,1080,0.054,1267.3,315.3
Round1,Q2,2775,1387.5,EMIRATES,0.8939,1455.7,982.0,50.6,22.3,1920,1080,0.054,1481.0,993.2
Round1,Q2,2775,1387.5,EMIRATES,0.8761,880.1,497.2,52.3,17.2,1920,1080,0.043,906.3,505.7
Round1,Q2,2776,1388.0,EMIRATES,0.8878,1315.2,930.0,46.6,24.4,1920,1080,0.055,1338.5,942.2
Round1,Q2,2776,1388.0,EMIRATES,0.8766,1069.3,429.0,58.6,23.4,1920,1080,0.066,1098.6,440.7
Round1,Q2,2776,1388.0,EMIRATES,0.3146,599.4,273.4,49.3,19.8,1920,1080,0.047,624.0,283.4
Round1,Q2,2777,1388.5,EMIRATES,0.8962,1156.9,922.5,47.3,22.9,1920,1080,0.052,1180.5,934.0
Round1,Q2,2777,1388.5,EMIRATES,0.8847,1058.0,396.4,55.2,21.5,1920,1080,0.057,1085.6,407.1
Round1,Q2,2778,1389.0,EMIRATES,0.891,944.6,947.2,56.0,27.5,1920,1080,0.074,972.6,960.9
Round1,Q2,2778,1389.0,EMIRATES,0.3597,1051.4,382.9,29.9,18.0,1920,1080,0.026,1066.3,391.9
Round1,Q2,2779,1389.5,EMIRATES,0.5915,895.8,630.4,24.7,19.5,1920,1080,0.023,908.2,640.2
Round1,Q2,2780,1390.0,EMIRATES,0.856,810.6,393.9,54.4,32.1,1920,1080,0.084,837.8,409.9
Round1,Q2,2781,1390.5,EMIRATES,0.891,1022.0,382.5,66.8,23.2,1920,1080,0.075,1055.4,394.1
Round1,Q2,2790,1395.0,ACCESS_COVERS,0.6914,30.5,236.2,55.2,10.2,1920,1080,0.027,58.1,241.4
Round1,Q2,2791,1395.5,ACCESS_COVERS,0.6184,271.3,246.0,45.1,8.7,1920,1080,0.019,293.9,250.4
Round1,Q2,2792,1396.0,ACCESS_COVERS,0.6233,376.6,240.4,43.5,9.0,1920,1080,0.019,398.4,244.9
Round1,Q2,2792,1396.0,CYBERCX,0.5161,330.9,239.5,39.9,8.7,1920,1080,0.017,350.9,243.9
Round1,Q2,2793,1396.5,ACCESS_COVERS,0.7404,435.9,228.3,40.8,9.0,1920,1080,0.018,456.3,232.8
Round1,Q2,2793,1396.5,CYBERCX,0.4373,390.9,227.8,39.0,8.5,1920,1080,0.016,410.4,232.1
Round1,Q2,2794,1397.0,ACCESS_COVERS,0.409,490.2,166.3,42.2,8.7,1920,1080,0.018,511.3,170.6
Round1,Q2,2795,1397.5,EMIRATES,0.8889,1730.2,848.0,90.3,23.3,1920,1080,0.101,1775.4,859.7
Round1,Q2,2795,1397.5,EMIRATES,0.8878,376.6,527.9,74.3,21.8,1920,1080,0.078,413.7,538.7
Round1,Q2,2795,1397.5,EMIRATES,0.8628,822.5,312.3,41.2,17.3,1920,1080,0.034,843.1,321.0
Round1,Q2,2796,1398.0,EMIRATES,0.8916,699.5,558.3,55.6,22.3,1920,1080,0.06,727.3,569.4
Round1,Q2,2796,1398.0,EMIRATES,0.8675,892.7,745.5,56.3,19.1,1920,1080,0.052,920.8,755.1
Round1,Q2,2797,1398.5,EMIRATES,0.7609,686.3,1.1,43.0,196.6,1920,1080,0.408,707.8,99.4
Round1,Q2,2797,1398.5,EMIRATES,0.6865,0.0,20.0,39.4,232.1,1920,1080,0.441,19.7,136.1
Round1,Q2,2798,1399.0,EMIRATES,0.6686,1148.9,353.7,30.3,22.9,1920,1080,0.033,1164.1,365.2
Round1,Q2,2800,1400.0,EMIRATES,0.8756,1426.2,963.5,94.4,33.3,1920,1080,0.152,1473.4,980.1
Round1,Q2,2801,1400.5,EMIRATES,0.8728,1192.6,742.6,82.4,23.9,1920,1080,0.095,1233.8,754.5
Round1,Q2,2802,1401.0,EMIRATES,0.9017,316.7,308.4,46.3,16.2,1920,1080,0.036,339.8,316.5
Round1,Q2,2802,1401.0,EMIRATES,0.8498,758.3,409.6,28.0,17.7,1920,1080,0.024,772.3,418.5
Round1,Q2,2803,1401.5,EMIRATES,0.8786,1782.7,723.1,83.0,29.0,1920,1080,0.116,1824.2,737.6
Round1,Q2,2804,1402.0,EMIRATES,0.892,1492.3,252.0,86.9,24.4,1920,1080,0.102,1535.7,264.2
Round1,Q2,2804,1402.0,EMIRATES,0.8789,954.0,688.6,90.2,27.7,1920,1080,0.121,999.1,702.5
Round1,Q2,2805,1402.5,EMIRATES,0.8944,382.8,633.6,44.0,20.2,1920,1080,0.043,404.8,643.7
Round1,Q2,2805,1402.5,EMIRATES,0.8881,324.4,867.7,48.3,15.7,1920,1080,0.037,348.5,875.6
Round1,Q2,2805,1402.5,EMIRATES,0.5393,885.9,144.2,43.3,219.7,1920,1080,0.459,907.6,254.0
Round1,Q2,2805,1402.5,EMIRATES,0.4848,1611.3,0.0,57.1,306.9,1920,1080,0.845,1639.8,153.5
Round1,Q2,2806,1403.0,EMIRATES,0.6308,1092.4,868.4,17.6,96.6,1920,1080,0.082,1101.2,916.7
Round1,Q2,2806,1403.0,EMIRATES,0.5474,783.4,897.3,18.5,91.9,1920,1080,0.082,792.7,943.2
Round1,Q2,2806,1403.0,EMIRATES,0.5025,443.8,928.4,19.9,96.2,1920,1080,0.092,453.8,976.4
Round1,Q2,2806,1403.0,EMIRATES,0.358,1379.9,849.5,17.9,88.6,1920,1080,0.077,1388.8,893.8
Round1,Q2,2806,1403.0,EMIRATES,0.3257,1094.7,773.0,15.6,84.6,1920,1080,0.064,1102.5,815.3
Round1,Q2,2806,1403.0,EMIRATES,0.3069,1379.0,754.1,16.1,85.1,1920,1080,0.066,1387.0,796.6
Round1,Q2,2807,1403.5,JAMESON,0.6877,749.1,201.8,172.8,39.4,1920,1080,0.328,835.6,221.5
Round1,Q2,2807,1403.5,JAMESON,0.6839,1222.9,211.5,196.9,39.4,1920,1080,0.374,1321.4,231.2
Round1,Q2,2807,1403.5,JAMESON,0.6428,993.7,208.5,192.5,38.6,1920,1080,0.359,1089.9,227.8
Round1,Q2,2813,1406.5,EMIRATES,0.7065,421.4,14.7,94.9,348.2,1920,1080,1.594,468.9,188.8
Round1,Q2,2813,1406.5,EMIRATES,0.5545,409.2,389.5,111.1,538.2,1920,1080,2.885,464.8,658.5
Round1,Q2,2814,1407.0,EMIRATES,0.4298,590.6,37.9,83.2,472.8,1920,1080,1.897,632.3,274.3
Round1,Q2,2815,1407.5,EMIRATES,0.534,572.6,136.0,93.0,506.7,1920,1080,2.273,619.1,389.3
Round1,Q2,2816,1408.0,EMIRATES,0.4731,565.9,168.2,97.4,514.6,1920,1080,2.418,614.6,425.4
Round1,Q2,2817,1408.5,EMIRATES,0.7193,526.7,1.2,82.4,356.1,1920,1080,1.415,567.8,179.2
Round1,Q2,2820,1410.0,EMIRATES,0.8912,0.0,237.1,65.1,23.5,1920,1080,0.074,32.5,248.9
Round1,Q2,2820,1410.0,EMIRATES,0.8862,68.4,374.4,72.3,31.5,1920,1080,0.11,104.5,390.1
Round1,Q2,2821,1410.5,EMIRATES,0.892,161.8,314.7,73.6,29.3,1920,1080,0.104,198.6,329.4
Round1,Q2,2821,1410.5,EMIRATES,0.8917,91.8,182.0,68.4,25.1,1920,1080,0.083,126.0,194.5
Round1,Q2,2823,1411.5,EMIRATES,0.8874,940.2,348.5,167.6,67.5,1920,1080,0.545,1023.9,382.2
Round1,Q2,2823,1411.5,EMIRATES,0.8641,0.0,281.6,51.2,52.2,1920,1080,0.129,25.6,307.7
Round1,Q2,2824,1412.0,EMIRATES,0.8797,946.6,304.5,163.7,50.1,1920,1080,0.396,1028.5,329.5
Round1,Q2,2825,1412.5,EMIRATES,0.8962,1016.1,358.1,166.8,46.3,1920,1080,0.373,1099.5,381.2
Round1,Q2,2826,1413.0,EMIRATES,0.8981,976.3,313.6,166.5,47.2,1920,1080,0.379,1059.5,337.2
Round1,Q2,2827,1413.5,EMIRATES,0.8801,984.5,380.0,173.4,53.5,1920,1080,0.448,1071.2,406.8
Round1,Q2,2828,1414.0,EMIRATES,0.8864,1041.8,293.4,160.0,48.6,1920,1080,0.375,1121.8,317.7
Round1,Q2,2829,1414.5,EMIRATES,0.8849,996.4,322.0,173.2,51.0,1920,1080,0.426,1083.0,347.5
Round1,Q2,2830,1415.0,EMIRATES,0.8827,966.5,324.1,161.1,50.3,1920,1080,0.391,1047.0,349.2
Round1,Q2,2831,1415.5,EMIRATES,0.8783,895.9,352.6,149.7,52.8,1920,1080,0.381,970.8,378.9
Round1,Q2,2832,1416.0,EMIRATES,0.8857,786.6,361.2,154.6,51.7,1920,1080,0.385,864.0,387.1
Round1,Q2,2833,1416.5,EMIRATES,0.8924,803.4,365.1,160.1,50.8,1920,1080,0.393,883.4,390.5
Round1,Q2,2834,1417.0,EMIRATES,0.8883,747.6,303.4,164.7,51.2,1920,1080,0.406,830.0,329.0
Round1,Q2,2835,1417.5,EMIRATES,0.8918,820.7,334.2,170.1,53.2,1920,1080,0.437,905.8,360.9
Round1,Q2,2836,1418.0,EMIRATES,0.8882,834.4,329.8,161.4,48.2,1920,1080,0.375,915.1,353.9
Round1,Q2,2837,1418.5,EMIRATES,0.9099,951.0,250.2,156.8,47.8,1920,1080,0.361,1029.4,274.1
Round1,Q2,2838,1419.0,EMIRATES,0.9002,1026.6,327.3,156.9,47.4,1920,1080,0.359,1105.1,351.0
Round1,Q2,2839,1419.5,EMIRATES,0.8752,1067.3,307.5,115.1,68.5,1920,1080,0.38,1124.9,341.7
Round1,Q2,2840,1420.0,EMIRATES,0.8817,843.8,492.0,114.7,50.1,1920,1080,0.277,901.1,517.1
Round1,Q2,2841,1420.5,EMIRATES,0.9083,956.9,467.2,142.1,47.9,1920,1080,0.328,1028.0,491.1
Round1,Q2,2842,1421.0,EMIRATES,0.8325,818.5,387.3,127.0,83.0,1920,1080,0.509,882.0,428.8
Round1,Q2,2843,1421.5,EMIRATES,0.8731,821.9,415.7,124.7,69.8,1920,1080,0.419,884.2,450.6
Round1,Q2,2844,1422.0,EMIRATES,0.8959,782.5,480.7,104.0,54.4,1920,1080,0.273,834.5,507.9
Round1,Q2,2845,1422.5,EMIRATES,0.833,729.6,527.8,44.5,60.4,1920,1080,0.13,751.8,558.0
Round1,Q2,2846,1423.0,EMIRATES,0.6761,950.7,347.6,65.7,82.7,1920,1080,0.262,983.5,388.9
Round1,Q2,2847,1423.5,EMIRATES,0.6255,684.6,371.2,72.6,82.2,1920,1080,0.288,720.9,412.3
Round1,Q2,2848,1424.0,EMIRATES,0.8178,745.6,475.7,99.8,65.4,1920,1080,0.315,795.5,508.4
Round1,Q2,2848,1424.0,ACCESS_COVERS,0.5446,1525.4,225.1,74.2,17.8,1920,1080,0.064,1562.5,234.0
Round1,Q2,2849,1424.5,ACCESS_COVERS,0.4615,1540.3,214.2,80.2,20.0,1920,1080,0.077,1580.4,224.2
Round1,Q2,2850,1425.0,ACCESS_COVERS,0.3114,1556.2,201.9,87.5,19.8,1920,1080,0.084,1600.0,211.8
Round1,Q2,2851,1425.5,ACCESS_COVERS,0.7333,1705.2,39.7,213.8,23.5,1920,1080,0.243,1812.2,51.5
Round1,Q2,2851,1425.5,ACCESS_COVERS,0.6758,293.4,249.9,407.2,25.5,1920,1080,0.5,497.0,262.6
Round1,Q2,2851,1425.5,ACCESS_COVERS,0.6241,1348.5,248.2,335.6,25.9,1920,1080,0.419,1516.3,261.1
Round1,Q2,2851,1425.5,ACCESS_COVERS,0.6231,815.2,47.7,265.1,22.1,1920,1080,0.282,947.8,58.7
Round1,Q2,2851,1425.5,ACCESS_COVERS,0.5896,1252.2,45.5,272.8,21.8,1920,1080,0.287,1388.6,56.4
Round1,Q2,2851,1425.5,ACCESS_COVERS,0.5866,831.6,247.8,321.9,23.7,1920,1080,0.367,992.5,259.6
Round1,Q2,2851,1425.5,ACCESS_COVERS,0.5568,365.4,47.7,274.2,22.4,1920,1080,0.297,502.4,58.9
Round1,Q2,2851,1425.5,ACCESS_COVERS,0.4936,0.0,42.9,167.5,24.6,1920,1080,0.198,83.7,55.2
Round1,Q2,2852,1426.0,ACCESS_COVERS,0.7445,1246.5,20.8,301.3,22.3,1920,1080,0.325,1397.1,31.9
Round1,Q2,2852,1426.0,ACCESS_COVERS,0.732,1720.7,14.0,196.7,24.6,1920,1080,0.233,1819.1,26.3
Round1,Q2,2852,1426.0,ACCESS_COVERS,0.7225,242.4,236.2,351.0,26.2,1920,1080,0.444,417.9,249.3
Round1,Q2,2852,1426.0,ACCESS_COVERS,0.7223,1338.3,232.6,360.2,27.4,1920,1080,0.475,1518.4,246.3
Round1,Q2,2852,1426.0,ACCESS_COVERS,0.715,801.1,232.1,339.1,26.2,1920,1080,0.428,970.7,245.2
Round1,Q2,2852,1426.0,ACCESS_COVERS,0.7039,0.1,17.9,117.4,23.1,1920,1080,0.131,58.8,29.4
Round1,Q2,2852,1426.0,ACCESS_COVERS,0.6805,302.7,22.3,304.7,24.5,1920,1080,0.361,455.0,34.6
Round1,Q2,2852,1426.0,ACCESS_COVERS,0.5989,780.5,23.7,295.6,22.5,1920,1080,0.321,928.3,34.9
Round1,Q2,2852,1426.0,ACCESS_COVERS,0.4758,1102.3,22.9,132.2,21.7,1920,1080,0.138,1168.4,33.7
Round1,Q2,2852,1426.0,ACCESS_COVERS,0.3913,641.8,25.2,132.2,20.8,1920,1080,0.133,707.9,35.6
Round1,Q2,2853,1426.5,ACCESS_COVERS,0.7469,801.0,212.4,342.6,27.0,1920,1080,0.446,972.3,225.9
Round1,Q2,2853,1426.5,ACCESS_COVERS,0.7388,175.8,217.9,393.4,27.3,1920,1080,0.518,372.5,231.5
Round1,Q2,2853,1426.5,ACCESS_COVERS,0.7207,1352.2,212.6,398.5,28.6,1920,1080,0.549,1551.4,226.8
Round1,Q2,2853,1426.5,ACCESS_COVERS,0.4579,779.8,0.0,303.3,15.2,1920,1080,0.223,931.4,7.6
Round1,Q2,2853,1426.5,ACCESS_COVERS,0.449,277.6,0.0,311.4,14.2,1920,1080,0.214,433.3,7.1
Round1,Q2,2853,1426.5,ACCESS_COVERS,0.3231,1789.5,217.7,130.5,26.4,1920,1080,0.166,1854.8,230.9
Round1,Q2,2854,1427.0,ACCESS_COVERS,0.7529,87.5,184.1,429.7,32.0,1920,1080,0.663,302.3,200.1
Round1,Q2,2854,1427.0,ACCESS_COVERS,0.7435,1385.1,180.7,436.8,33.1,1920,1080,0.698,1603.4,197.3
Round1,Q2,2854,1427.0,ACCESS_COVERS,0.7265,775.3,182.0,377.0,30.3,1920,1080,0.55,963.8,197.1
Round1,Q2,2855,1427.5,EMIRATES,0.8485,870.0,388.5,54.3,35.8,1920,1080,0.094,897.2,406.5
Round1,Q2,2856,1428.0,EMIRATES,0.7383,1125.5,448.8,41.2,43.2,1920,1080,0.086,1146.1,470.4
Round1,Q2,2857,1428.5,EMIRATES,0.8476,654.0,310.0,48.8,22.4,1920,1080,0.053,678.4,321.2
Round1,Q2,2859,1429.5,EMIRATES,0.5772,90.6,808.9,81.6,48.4,1920,1080,0.19,131.3,833.1
Round1,Q2,2863,1431.5,EMIRATES,0.7925,666.2,544.1,58.2,37.0,1920,1080,0.104,695.3,562.6
Round1,Q2,2864,1432.0,EMIRATES,0.7251,658.5,366.9,69.0,15.4,1920,1080,0.051,692.9,374.6
Round1,Q2,2865,1432.5,EMIRATES,0.7575,616.6,344.4,70.2,18.3,1920,1080,0.062,651.7,353.6
Round1,Q2,2866,1433.0,EMIRATES,0.8779,1036.3,658.4,63.5,43.2,1920,1080,0.132,1068.1,679.9
Round1,Q2,2866,1433.0,EMIRATES,0.8246,831.2,297.8,30.4,25.7,1920,1080,0.038,846.4,310.6
Round1,Q2,2867,1433.5,EMIRATES,0.7765,1008.0,302.3,31.8,50.4,1920,1080,0.077,1024.0,327.5
Round1,Q2,2870,1435.0,EMIRATES,0.8882,1154.2,279.8,57.8,22.2,1920,1080,0.062,1183.1,290.9
Round1,Q2,2871,1435.5,EMIRATES,0.8058,980.8,419.0,61.7,16.9,1920,1080,0.05,1011.6,427.4
Round1,Q2,2873,1436.5,EMIRATES,0.7595,938.4,455.5,39.6,48.5,1920,1080,0.093,958.3,479.8
Round1,Q2,2874,1437.0,EMIRATES,0.8762,1845.5,268.4,39.9,16.9,1920,1080,0.032,1865.4,276.8
Round1,Q2,2874,1437.0,EMIRATES,0.6928,898.2,513.3,26.9,34.2,1920,1080,0.044,911.6,530.4
Round1,Q2,2875,1437.5,EMIRATES,0.7046,1006.0,526.1,37.2,38.8,1920,1080,0.07,1024.6,545.5
Round1,Q2,2876,1438.0,EMIRATES,0.8731,1748.4,300.9,52.8,22.6,1920,1080,0.058,1774.8,312.2
Round1,Q2,2876,1438.0,EMIRATES,0.8569,814.0,499.7,32.8,16.6,1920,1080,0.026,830.4,508.0
Round1,Q2,2877,1438.5,EMIRATES,0.8876,1612.2,280.5,46.9,18.7,1920,1080,0.042,1635.7,289.9
Round1,Q2,2878,1439.0,EMIRATES,0.8735,1451.5,262.8,49.9,25.4,1920,1080,0.061,1476.4,275.5
Round1,Q2,2879,1439.5,EMIRATES,0.8092,821.6,553.0,53.6,20.4,1920,1080,0.053,848.4,563.2
Round1,Q2,2879,1439.5,EMIRATES,0.5843,1433.6,246.0,27.1,22.1,1920,1080,0.029,1447.2,257.1
Round1,Q2,2880,1440.0,EMIRATES,0.868,1371.9,305.1,26.0,20.4,1920,1080,0.025,1384.9,315.3
Round1,Q2,2881,1440.5,EMIRATES,0.8771,1479.4,243.3,45.3,25.3,1920,1080,0.055,1502.0,255.9
Round1,Q2,2881,1440.5,EMIRATES,0.4433,839.6,531.7,24.3,21.7,1920,1080,0.025,851.8,542.5
Round1,Q2,2881,1440.5,EMIRATES,0.4362,256.1,958.0,76.6,32.0,1920,1080,0.118,294.4,973.9
Round1,Q2,2882,1441.0,EMIRATES,0.8863,1671.7,244.5,39.1,24.7,1920,1080,0.047,1691.3,256.9
Round1,Q2,2882,1441.0,EMIRATES,0.877,1382.2,262.5,49.2,26.1,1920,1080,0.062,1406.8,275.5
Round1,Q2,2882,1441.0,EMIRATES,0.7722,824.3,492.0,24.6,18.6,1920,1080,0.022,836.6,501.3
Round1,Q2,2889,1444.5,EMIRATES,0.3674,520.7,577.7,15.5,6.8,1920,1080,0.005,528.5,581.2
Round1,Q2,2892,1446.0,EMIRATES,0.8404,154.2,878.1,126.7,34.4,1920,1080,0.21,217.6,895.3
Round1,Q2,2892,1446.0,CYBERCX,0.7852,0.0,429.9,155.6,109.1,1920,1080,0.819,77.8,484.5
Round1,Q2,2892,1446.0,EMIRATES,0.7589,238.3,585.6,84.9,29.0,1920,1080,0.119,280.8,600.0
Round1,Q2,2893,1446.5,EMIRATES,0.8646,134.4,891.8,135.4,36.7,1920,1080,0.24,202.1,910.2
Round1,Q2,2893,1446.5,EMIRATES,0.7803,229.8,592.3,84.4,31.2,1920,1080,0.127,272.0,607.9
Round1,Q2,2893,1446.5,EMIRATES,0.3798,897.5,446.3,76.7,28.8,1920,1080,0.107,935.8,460.7
Round1,Q2,2894,1447.0,EMIRATES,0.8608,107.9,882.0,142.8,38.4,1920,1080,0.264,179.3,901.1
Round1,Q2,2894,1447.0,EMIRATES,0.7629,213.9,581.1,88.4,28.8,1920,1080,0.123,258.1,595.6
Round1,Q2,2895,1447.5,EMIRATES,0.8903,91.0,903.4,141.6,41.5,1920,1080,0.284,161.8,924.1
Round1,Q2,2895,1447.5,EMIRATES,0.8082,206.6,595.0,88.9,29.8,1920,1080,0.128,251.1,609.9
Round1,Q2,2895,1447.5,EMIRATES,0.7231,1610.3,533.8,71.7,48.6,1920,1080,0.168,1646.1,558.1
Round1,Q2,2895,1447.5,EMIRATES,0.4875,879.4,443.3,83.5,31.5,1920,1080,0.127,921.1,459.0
Round1,Q2,2896,1448.0,EMIRATES,0.873,87.6,907.8,144.5,41.2,1920,1080,0.287,159.8,928.4
Round1,Q2,2896,1448.0,EMIRATES,0.8015,193.9,594.9,87.8,29.9,1920,1080,0.127,237.8,609.8
Round1,Q2,2896,1448.0,EMIRATES,0.3988,875.7,439.0,83.0,32.9,1920,1080,0.132,917.2,455.5
Round1,Q2,2897,1448.5,EMIRATES,0.8682,74.8,927.8,144.9,40.0,1920,1080,0.28,147.3,947.8
Round1,Q2,2897,1448.5,EMIRATES,0.8157,181.9,607.3,90.7,30.2,1920,1080,0.132,227.2,622.3
Round1,Q2,2897,1448.5,EMIRATES,0.6851,880.6,450.4,82.5,31.0,1920,1080,0.123,921.8,465.9
Round1,Q2,2897,1448.5,EMIRATES,0.4644,1628.5,540.7,74.7,54.0,1920,1080,0.194,1665.9,567.7
Round1,Q2,2898,1449.0,EMIRATES,0.8515,52.0,938.9,145.9,39.8,1920,1080,0.28,125.0,958.8
Round1,Q2,2898,1449.0,EMIRATES,0.8149,165.7,610.0,91.6,29.7,1920,1080,0.131,211.5,624.9
Round1,Q2,2898,1449.0,EMIRATES,0.5329,876.7,449.8,87.2,32.1,1920,1080,0.135,920.3,465.8
Round1,Q2,2898,1449.0,EMIRATES,0.3974,1638.2,545.9,73.5,51.0,1920,1080,0.181,1674.9,571.3
Round1,Q2,2899,1449.5,EMIRATES,0.7838,152.8,638.6,98.2,36.0,1920,1080,0.17,201.9,656.6
Round1,Q2,2899,1449.5,EMIRATES,0.448,1643.2,576.8,79.4,56.2,1920,1080,0.215,1682.8,604.9
Round1,Q2,2900,1450.0,EMIRATES,0.8851,1676.5,657.2,40.7,13.0,1920,1080,0.025,1696.8,663.7
Round1,Q2,2900,1450.0,EMIRATES,0.8615,1892.2,453.5,27.6,14.5,1920,1080,0.019,1906.0,460.7
Round1,Q2,2900,1450.0,EMIRATES,0.3834,488.6,707.2,24.7,21.2,1920,1080,0.025,500.9,717.8
Round1,Q2,2901,1450.5,EMIRATES,0.8765,1852.2,497.5,34.8,18.4,1920,1080,0.031,1869.6,506.7
Round1,Q2,2901,1450.5,EMIRATES,0.8596,456.4,716.5,27.2,14.2,1920,1080,0.019,470.0,723.6
Round1,Q2,2901,1450.5,EMIRATES,0.8029,1698.5,658.8,46.2,12.3,1920,1080,0.027,1721.6,664.9
Round1,Q2,2902,1451.0,EMIRATES,0.8662,1759.4,512.4,47.3,16.9,1920,1080,0.039,1783.0,520.9
Round1,Q2,2902,1451.0,EMIRATES,0.787,610.8,628.7,35.4,18.2,1920,1080,0.031,628.5,637.8
Round1,Q2,2902,1451.0,EMIRATES,0.3766,1452.8,588.1,39.9,26.2,1920,1080,0.051,1472.8,601.2
Round1,Q2,2903,1451.5,EMIRATES,0.8781,912.2,475.2,37.0,38.1,1920,1080,0.068,930.7,494.2
Round1,Q2,2903,1451.5,EMIRATES,0.7415,1714.0,390.7,56.1,25.4,1920,1080,0.069,1742.1,403.4
Round1,Q2,2903,1451.5,EMIRATES,0.7329,1106.6,378.7,37.9,21.3,1920,1080,0.039,1125.5,389.4
Round1,Q2,2904,1452.0,EMIRATES,0.6656,1794.4,311.5,51.0,17.8,1920,1080,0.044,1820.0,320.4
Round1,Q2,2905,1452.5,EMIRATES,0.8723,156.8,815.6,66.7,22.9,1920,1080,0.074,190.1,827.1
Round1,Q2,2905,1452.5,EMIRATES,0.7665,424.5,195.0,50.3,20.4,1920,1080,0.049,449.7,205.1
Round1,Q2,2906,1453.0,EMIRATES,0.8731,294.6,841.3,67.8,19.1,1920,1080,0.063,328.5,850.8
Round1,Q2,2906,1453.0,EMIRATES,0.8618,1249.1,167.5,52.2,21.0,1920,1080,0.053,1275.2,178.0
Round1,Q2,2906,1453.0,EMIRATES,0.6849,1906.3,113.9,13.7,17.8,1920,1080,0.012,1913.1,122.8
Round1,Q2,2907,1453.5,EMIRATES,0.8914,889.9,304.3,55.9,34.0,1920,1080,0.092,917.9,321.3
Round1,Q2,2907,1453.5,EMIRATES,0.8646,1803.9,137.7,42.6,18.9,1920,1080,0.039,1825.2,147.1
Round1,Q2,2907,1453.5,EMIRATES,0.8605,322.2,910.6,73.0,19.2,1920,1080,0.068,358.7,920.2
Round1,Q2,2908,1454.0,EMIRATES,0.8289,960.2,304.7,64.7,18.8,1920,1080,0.059,992.5,314.1
Round1,Q2,2909,1454.5,EMIRATES,0.8284,989.6,183.4,60.1,14.7,1920,1080,0.043,1019.7,190.7
Round1,Q2,2909,1454.5,EMIRATES,0.6235,1023.2,317.8,42.7,19.0,1920,1080,0.039,1044.6,327.3
Round1,Q2,2910,1455.0,EMIRATES,0.8948,1150.5,372.8,44.9,23.3,1920,1080,0.05,1173.0,384.4
Round1,Q2,2910,1455.0,EMIRATES,0.8278,1336.2,396.0,43.7,21.3,1920,1080,0.045,1358.1,406.6
Round1,Q2,2911,1455.5,EMIRATES,0.6888,263.3,419.4,69.1,21.7,1920,1080,0.072,297.9,430.2
Round1,Q2,2912,1456.0,EMIRATES,0.6901,661.7,299.4,24.2,12.7,1920,1080,0.015,673.8,305.8
Round1,Q2,2919,1459.5,EMIRATES,0.7949,1872.8,150.8,17.2,81.3,1920,1080,0.067,1881.4,191.5
Round1,Q2,2919,1459.5,EMIRATES,0.7706,1875.1,64.8,15.9,78.9,1920,1080,0.06,1883.0,104.2
Round1,Q2,2920,1460.0,EMIRATES,0.9007,363.1,334.1,36.6,24.7,1920,1080,0.044,381.4,346.5
Round1,Q2,2920,1460.0,EMIRATES,0.8869,1428.7,165.7,46.6,16.3,1920,1080,0.037,1452.0,173.8
Round1,Q2,2921,1460.5,EMIRATES,0.8971,317.2,355.0,36.8,22.7,1920,1080,0.04,335.6,366.4
Round1,Q2,2921,1460.5,EMIRATES,0.4587,1561.3,308.0,38.2,16.2,1920,1080,0.03,1580.4,316.1
Round1,Q2,2922,1461.0,EMIRATES,0.8761,0.0,397.1,42.8,20.6,1920,1080,0.042,21.4,407.4
Round1,Q2,2923,1461.5,ACCESS_COVERS,0.7821,481.4,10.2,57.8,12.2,1920,1080,0.034,510.3,16.3
Round1,Q2,2923,1461.5,CYBERCX,0.7213,418.4,7.9,56.3,11.9,1920,1080,0.032,446.5,13.9
Round1,Q2,2938,1469.0,EMIRATES,0.8702,511.7,521.0,85.3,34.1,1920,1080,0.14,554.3,538.1
Round1,Q2,2939,1469.5,EMIRATES,0.8731,897.6,384.3,75.2,50.1,1920,1080,0.182,935.2,409.3
Round1,Q2,2940,1470.0,EMIRATES,0.856,1586.7,832.3,79.8,26.2,1920,1080,0.101,1626.5,845.4
Round1,Q2,2940,1470.0,EMIRATES,0.7438,899.2,354.0,31.7,33.6,1920,1080,0.051,915.0,370.8
Round1,Q2,2941,1470.5,EMIRATES,0.671,416.9,869.4,125.0,33.9,1920,1080,0.204,479.4,886.3
Round1,Q2,2942,1471.0,ACCESS_COVERS,0.7555,739.0,239.4,166.4,39.1,1920,1080,0.314,822.2,258.9
Round1,Q2,2943,1471.5,ACCESS_COVERS,0.8009,759.9,252.3,161.4,39.6,1920,1080,0.308,840.6,272.1
Round1,Q2,2944,1472.0,ACCESS_COVERS,0.7674,779.4,262.8,156.4,36.5,1920,1080,0.276,857.6,281.1
Round1,Q2,2945,1472.5,ACCESS_COVERS,0.8161,793.9,269.1,151.4,35.9,1920,1080,0.262,869.6,287.1
Round1,Q2,2946,1473.0,ACCESS_COVERS,0.7878,819.0,275.6,147.0,35.2,1920,1080,0.25,892.4,293.2
Round1,Q2,2947,1473.5,ACCESS_COVERS,0.8027,847.7,282.0,145.0,34.2,1920,1080,0.239,920.2,299.1
Round1,Q2,2948,1474.0,ACCESS_COVERS,0.7954,912.6,279.1,146.5,34.1,1920,1080,0.241,985.9,296.2
Round1,Q2,2949,1474.5,ACCESS_COVERS,0.8273,964.8,268.8,153.2,35.8,1920,1080,0.265,1041.4,286.8
Round1,Q2,2950,1475.0,ACCESS_COVERS,0.8223,1024.8,254.1,162.5,39.2,1920,1080,0.307,1106.1,273.7
Round1,Q2,2951,1475.5,ACCESS_COVERS,0.8054,1101.9,238.1,167.7,39.9,1920,1080,0.322,1185.7,258.1
Round1,Q2,2952,1476.0,ACCESS_COVERS,0.7966,1194.3,216.2,180.7,44.6,1920,1080,0.388,1284.7,238.4
Round1,Q2,2953,1476.5,ACCESS_COVERS,0.7855,1258.8,213.6,181.4,44.4,1920,1080,0.388,1349.5,235.8
Round1,Q2,2954,1477.0,ACCESS_COVERS,0.7663,1308.9,224.2,177.5,41.9,1920,1080,0.358,1397.7,245.2
Round1,Q2,2955,1477.5,CRUSADER_CARAVANS,0.4548,62.5,332.3,715.4,369.3,1920,1080,12.741,420.2,516.9
Round1,Q2,2955,1477.5,CRUSADER_CARAVANS,0.3011,1238.2,566.8,681.8,335.9,1920,1080,11.045,1579.1,734.8
Round1,Q2,2956,1478.0,CRUSADER_CARAVANS,0.3332,0.0,505.4,677.3,341.0,1920,1080,11.139,338.6,676.0
Round1,Q2,2958,1479.0,CRUSADER_CARAVANS,0.5427,0.0,459.8,657.0,286.6,1920,1080,9.08,328.5,603.1
Round1,Q2,2958,1479.0,CRUSADER_CARAVANS,0.4849,0.0,310.9,681.2,274.8,1920,1080,9.028,340.6,448.3
Round1,Q2,2963,1481.5,ACCESS_COVERS,0.7551,1243.0,275.5,133.5,32.5,1920,1080,0.209,1309.8,291.8
Round1,Q2,2964,1482.0,ACCESS_COVERS,0.8099,1176.5,282.2,130.8,30.1,1920,1080,0.19,1241.9,297.3
Round1,Q2,2965,1482.5,ACCESS_COVERS,0.8079,1104.3,285.3,124.4,29.2,1920,1080,0.175,1166.5,300.0
Round1,Q2,2966,1483.0,ACCESS_COVERS,0.7842,1051.1,282.8,121.5,28.6,1920,1080,0.168,1111.8,297.1
Round1,Q2,2967,1483.5,ACCESS_COVERS,0.7803,1011.7,274.7,121.5,28.8,1920,1080,0.169,1072.5,289.1
Round1,Q2,2968,1484.0,ACCESS_COVERS,0.7524,967.0,264.2,129.7,29.5,1920,1080,0.185,1031.9,278.9
Round1,Q2,2969,1484.5,ACCESS_COVERS,0.8038,926.9,252.7,130.3,30.5,1920,1080,0.192,992.1,268.0
Round1,Q2,2970,1485.0,ACCESS_COVERS,0.7871,882.1,242.4,136.2,31.8,1920,1080,0.209,950.2,258.3
Round1,Q2,2971,1485.5,ACCESS_COVERS,0.7876,840.7,239.9,138.6,31.0,1920,1080,0.207,910.0,255.4
Round1,Q2,2972,1486.0,ACCESS_COVERS,0.7498,805.7,241.3,130.7,31.2,1920,1080,0.196,871.1,256.9
Round1,Q2,2982,1491.0,ACCESS_COVERS,0.7425,745.5,256.4,111.7,26.6,1920,1080,0.143,801.3,269.7
Round1,Q2,2983,1491.5,ACCESS_COVERS,0.6265,783.2,263.9,110.3,26.3,1920,1080,0.14,838.3,277.1
Round1,Q2,2984,1492.0,ACCESS_COVERS,0.656,955.8,299.2,120.4,27.1,1920,1080,0.157,1016.0,312.7
Round1,Q2,2985,1492.5,ACCESS_COVERS,0.6192,1303.8,327.2,148.3,28.5,1920,1080,0.204,1377.9,341.4
Round1,Q2,2986,1493.0,ACCESS_COVERS,0.6715,1764.2,374.1,155.1,29.1,1920,1080,0.218,1841.8,388.7
Round1,Q2,2989,1494.5,EMIRATES,0.8783,839.1,947.1,66.0,21.7,1920,1080,0.069,872.1,957.9
Round1,Q2,2989,1494.5,EMIRATES,0.8771,951.6,516.4,40.4,21.7,1920,1080,0.042,971.8,527.2
Round1,Q2,2990,1495.0,EMIRATES,0.8856,433.1,944.2,61.3,31.5,1920,1080,0.093,463.8,959.9
Round1,Q2,2990,1495.0,EMIRATES,0.8796,1189.9,462.8,34.1,27.2,1920,1080,0.045,1207.0,476.4
Round1,Q2,2990,1495.0,EMIRATES,0.7528,1117.1,551.4,35.3,15.7,1920,1080,0.027,1134.8,559.2
Round1,Q2,2991,1495.5,EMIRATES,0.4812,529.2,417.5,69.4,27.5,1920,1080,0.092,563.9,431.2
Round1,Q2,2992,1496.0,EMIRATES,0.8974,797.7,409.1,44.9,18.0,1920,1080,0.039,820.1,418.0
Round1,Q2,2992,1496.0,EMIRATES,0.8906,1488.2,509.9,48.0,15.6,1920,1080,0.036,1512.2,517.7
Round1,Q2,2992,1496.0,EMIRATES,0.8183,1.9,437.6,45.1,19.3,1920,1080,0.042,24.4,447.3
Round1,Q2,2993,1496.5,EMIRATES,0.8868,969.3,439.2,44.9,18.9,1920,1080,0.041,991.8,448.6
Round1,Q2,2993,1496.5,EMIRATES,0.8743,1610.3,158.5,47.7,15.5,1920,1080,0.036,1634.1,166.2
Round1,Q2,2993,1496.5,EMIRATES,0.87,1443.0,571.0,45.6,17.1,1920,1080,0.038,1465.9,579.5
Round1,Q2,2994,1497.0,EMIRATES,0.8801,1185.5,469.3,51.1,16.7,1920,1080,0.041,1211.0,477.7
Round1,Q2,2994,1497.0,EMIRATES,0.8741,1239.8,175.9,38.7,14.6,1920,1080,0.027,1259.2,183.3
Round1,Q2,2994,1497.0,EMIRATES,0.8095,1535.1,577.2,30.2,23.0,1920,1080,0.034,1550.2,588.7
Round1,Q2,2995,1497.5,EMIRATES,0.6493,1587.5,232.2,49.2,25.9,1920,1080,0.061,1612.1,245.2
Round1,Q2,2996,1498.0,EMIRATES,0.8456,1180.3,137.2,42.8,18.8,1920,1080,0.039,1201.7,146.5
Round1,Q2,2996,1498.0,EMIRATES,0.8365,725.0,521.2,58.2,16.4,1920,1080,0.046,754.1,529.4
Round1,Q2,2997,1498.5,EMIRATES,0.8699,1160.5,253.7,40.8,16.0,1920,1080,0.032,1180.9,261.7
Round1,Q2,2997,1498.5,EMIRATES,0.8638,952.6,555.6,53.0,23.2,1920,1080,0.059,979.1,567.2
Round1,Q2,2997,1498.5,EMIRATES,0.5987,146.6,567.9,56.0,14.6,1920,1080,0.039,174.6,575.2
Round1,Q2,3023,1511.5,EMIRATES,0.7853,1094.1,341.1,46.9,19.1,1920,1080,0.043,1117.5,350.6
Round1,Q2,3024,1512.0,EMIRATES,0.4154,1119.2,335.5,44.2,15.7,1920,1080,0.034,1141.3,343.4
Round1,Q2,3025,1512.5,EMIRATES,0.3842,917.0,336.6,39.9,17.7,1920,1080,0.034,937.0,345.5
Round1,Q2,3029,1514.5,EMIRATES,0.8834,0.0,338.5,97.7,33.5,1920,1080,0.158,48.9,355.2
Round1,Q2,3030,1515.0,EMIRATES,0.8849,316.4,308.8,94.8,36.5,1920,1080,0.167,363.8,327.0
Round1,Q2,3031,1515.5,EMIRATES,0.9046,515.0,234.6,94.6,35.8,1920,1080,0.163,562.3,252.5
Round1,Q2,3032,1516.0,EMIRATES,0.9025,728.0,193.2,89.1,38.5,1920,1080,0.166,772.6,212.5
Round1,Q2,3033,1516.5,EMIRATES,0.9065,597.7,199.6,91.9,35.7,1920,1080,0.158,643.6,217.4
Round1,Q2,3033,1516.5,EMIRATES,0.8971,169.2,143.5,111.3,37.8,1920,1080,0.203,224.9,162.4
Round1,Q2,3034,1517.0,EMIRATES,0.8982,373.3,337.3,52.3,17.2,1920,1080,0.043,399.5,345.9
Round1,Q2,3035,1517.5,EMIRATES,0.878,376.9,353.0,51.6,19.8,1920,1080,0.049,402.7,362.9
Round1,Q2,3035,1517.5,EMIRATES,0.8725,945.1,290.1,44.3,24.7,1920,1080,0.053,967.2,302.4
Round1,Q2,3036,1518.0,EMIRATES,0.9025,448.2,393.3,50.8,19.3,1920,1080,0.047,473.6,402.9
Round1,Q2,3036,1518.0,EMIRATES,0.8656,1132.3,312.7,38.2,20.0,1920,1080,0.037,1151.4,322.7
Round1,Q2,3037,1518.5,EMIRATES,0.8815,579.2,435.3,51.5,20.3,1920,1080,0.05,604.9,445.5
Round1,Q2,3037,1518.5,EMIRATES,0.8411,1389.5,346.7,45.6,20.7,1920,1080,0.046,1412.3,357.1
Round1,Q2,3038,1519.0,EMIRATES,0.8761,771.0,481.3,54.2,21.2,1920,1080,0.056,798.1,491.9
Round1,Q2,3039,1519.5,EMIRATES,0.8937,922.3,509.9,54.3,21.8,1920,1080,0.057,949.4,520.8
Round1,Q2,3040,1520.0,EMIRATES,0.8984,1051.3,570.3,57.8,21.8,1920,1080,0.061,1080.2,581.2
Round1,Q2,3041,1520.5,EMIRATES,0.8902,1106.8,627.7,60.1,22.6,1920,1080,0.066,1136.9,639.1
Round1,Q2,3042,1521.0,EMIRATES,0.8883,1175.2,703.4,64.2,23.4,1920,1080,0.072,1207.3,715.1
Round1,Q2,3043,1521.5,EMIRATES,0.8948,1151.6,776.2,64.7,23.3,1920,1080,0.073,1183.9,787.8
Round1,Q2,3044,1522.0,EMIRATES,0.8747,1083.8,864.1,78.6,25.8,1920,1080,0.098,1123.1,877.0
Round1,Q2,3045,1522.5,EMIRATES,0.8754,965.3,952.4,85.6,29.4,1920,1080,0.121,1008.1,967.1
Round1,Q2,3062,1531.0,EMIRATES,0.3293,1117.8,482.2,17.8,17.3,1920,1080,0.015,1126.7,490.8
Round1,Q2,3067,1533.5,EMIRATES,0.4439,1117.9,482.5,17.5,16.6,1920,1080,0.014,1126.7,490.8
Round1,Q2,3078,1539.0,CYBERCX,0.8565,943.5,864.7,386.6,126.5,1920,1080,2.358,1136.8,927.9
Round1,Q2,3079,1539.5,CYBERCX,0.8484,947.1,866.9,383.6,121.2,1920,1080,2.242,1138.9,927.5
Round1,Q2,3080,1540.0,CYBERCX,0.8554,942.0,860.8,384.6,131.6,1920,1080,2.441,1134.3,926.6
Round1,Q2,3081,1540.5,CYBERCX,0.8529,941.7,861.5,385.4,130.5,1920,1080,2.425,1134.4,926.7
Round1,Q2,3082,1541.0,CYBERCX,0.8539,942.5,862.5,385.2,129.6,1920,1080,2.407,1135.1,927.3
Round1,Q2,3083,1541.5,CYBERCX,0.8453,942.9,865.6,387.4,121.4,1920,1080,2.269,1136.7,926.3
Round1,Q2,3085,1542.5,CYBERCX,0.3638,1455.0,378.6,87.4,19.1,1920,1080,0.08,1498.7,388.1
Round1,Q2,3086,1543.0,CYBERCX,0.6076,1466.4,476.2,107.1,21.4,1920,1080,0.111,1520.0,486.9
Round1,Q2,3088,1544.0,EMIRATES,0.825,613.9,579.6,194.7,107.4,1920,1080,1.008,711.3,633.3
Round1,Q2,3089,1544.5,EMIRATES,0.8667,625.9,562.4,206.2,108.9,1920,1080,1.083,729.0,616.9
Round1,Q2,3090,1545.0,EMIRATES,0.8195,1255.5,568.0,233.3,99.9,1920,1080,1.124,1372.1,617.9
Round1,Q2,3091,1545.5,EMIRATES,0.6674,1858.6,530.0,61.4,111.2,1920,1080,0.329,1889.3,585.6
Round1,Q2,3098,1549.0,JAMESON,0.5722,1222.2,142.9,27.5,7.2,1920,1080,0.01,1236.0,146.5
Round1,Q2,3098,1549.0,JAMESON,0.5678,1254.6,141.8,30.8,7.1,1920,1080,0.011,1270.0,145.4
Round1,Q2,3098,1549.0,JAMESON,0.4226,1291.9,141.9,30.6,7.4,1920,1080,0.011,1307.2,145.6
Round1,Q2,3099,1549.5,JAMESON,0.6922,1306.5,146.8,30.2,7.4,1920,1080,0.011,1321.6,150.5
Round1,Q2,3099,1549.5,JAMESON,0.6754,1268.7,147.1,33.6,6.7,1920,1080,0.011,1285.5,150.5
Round1,Q2,3099,1549.5,JAMESON,0.6367,1233.8,146.6,31.3,7.4,1920,1080,0.011,1249.5,150.3
Round1,Q2,3100,1550.0,JAMESON,0.6458,1255.6,147.4,32.6,7.2,1920,1080,0.011,1271.9,151.0
Round1,Q2,3100,1550.0,JAMESON,0.5462,1292.1,147.4,35.2,7.9,1920,1080,0.013,1309.7,151.3
Round1,Q2,3100,1550.0,JAMESON,0.5023,1331.5,147.1,29.6,8.3,1920,1080,0.012,1346.3,151.3
Round1,Q2,3101,1550.5,JAMESON,0.6787,1283.5,145.8,32.1,7.7,1920,1080,0.012,1299.6,149.7
Round1,Q2,3101,1550.5,JAMESON,0.6183,1321.4,145.8,34.0,7.7,1920,1080,0.013,1338.4,149.6
Round1,Q2,3101,1550.5,JAMESON,0.5755,1360.1,145.1,29.9,7.5,1920,1080,0.011,1375.1,148.9
Round1,Q2,3102,1551.0,JAMESON,0.669,1396.7,147.5,32.3,8.4,1920,1080,0.013,1412.9,151.7
Round1,Q2,3102,1551.0,JAMESON,0.6237,1318.8,148.3,33.8,7.9,1920,1080,0.013,1335.8,152.3
Round1,Q2,3102,1551.0,JAMESON,0.6063,1358.5,147.9,34.0,7.5,1920,1080,0.012,1375.5,151.7
Round1,Q2,3103,1551.5,JAMESON,0.737,1385.0,154.3,36.4,8.2,1920,1080,0.014,1403.2,158.3
Round1,Q2,3103,1551.5,JAMESON,0.7243,1426.2,153.7,33.4,8.4,1920,1080,0.014,1442.9,157.9
Round1,Q2,3103,1551.5,JAMESON,0.6947,1347.8,154.1,32.2,8.6,1920,1080,0.013,1363.9,158.4
Round1,Q2,3104,1552.0,JAMESON,0.7306,1439.6,159.6,37.0,8.7,1920,1080,0.016,1458.2,163.9
Round1,Q2,3104,1552.0,JAMESON,0.725,1397.5,160.0,38.4,8.7,1920,1080,0.016,1416.7,164.4
Round1,Q2,3104,1552.0,JAMESON,0.6745,1359.4,160.8,31.9,7.9,1920,1080,0.012,1375.3,164.8
Round1,Q2,3105,1552.5,JAMESON,0.7451,1438.6,159.3,35.3,8.3,1920,1080,0.014,1456.2,163.4
Round1,Q2,3105,1552.5,JAMESON,0.7372,1396.4,160.2,37.5,8.7,1920,1080,0.016,1415.2,164.6
Round1,Q2,3105,1552.5,JAMESON,0.6862,1356.9,161.0,33.5,8.3,1920,1080,0.013,1373.7,165.1
Round1,Q2,3106,1553.0,JAMESON,0.7787,1434.8,158.3,36.9,8.4,1920,1080,0.015,1453.3,162.5
Round1,Q2,3106,1553.0,JAMESON,0.7566,1350.0,159.3,37.1,8.4,1920,1080,0.015,1368.5,163.5
Round1,Q2,3106,1553.0,JAMESON,0.743,1390.9,159.1,39.3,8.7,1920,1080,0.017,1410.6,163.5
Round1,Q2,3107,1553.5,JAMESON,0.7215,1384.6,153.9,38.3,8.5,1920,1080,0.016,1403.8,158.1
Round1,Q2,3107,1553.5,JAMESON,0.7115,1343.4,153.3,35.9,9.3,1920,1080,0.016,1361.3,157.9
Round1,Q2,3107,1553.5,JAMESON,0.6566,1428.3,152.6,36.6,9.5,1920,1080,0.017,1446.6,157.3
Round1,Q2,3108,1554.0,JAMESON,0.7265,1359.4,148.7,40.3,9.5,1920,1080,0.018,1379.6,153.4
Round1,Q2,3108,1554.0,JAMESON,0.7233,1404.8,147.6,38.0,9.5,1920,1080,0.017,1423.8,152.3
Round1,Q2,3108,1554.0,JAMESON,0.6902,1316.4,149.2,36.9,9.2,1920,1080,0.016,1334.8,153.8
Round1,Q2,3109,1554.5,JAMESON,0.7454,1376.0,143.0,38.6,8.9,1920,1080,0.017,1395.3,147.4
Round1,Q2,3109,1554.5,JAMESON,0.7043,1287.5,144.8,37.4,9.0,1920,1080,0.016,1306.2,149.3
Round1,Q2,3109,1554.5,JAMESON,0.6227,1328.8,143.8,41.7,10.0,1920,1080,0.02,1349.6,148.8
Round1,Q2,3110,1555.0,JAMESON,0.7198,1239.9,137.9,40.0,8.8,1920,1080,0.017,1259.9,142.2
Round1,Q2,3110,1555.0,JAMESON,0.7181,1285.3,136.3,42.3,10.0,1920,1080,0.02,1306.4,141.3
Round1,Q2,3110,1555.0,JAMESON,0.717,1331.7,136.2,38.1,9.4,1920,1080,0.017,1350.8,140.9
Round1,Q2,3111,1555.5,JAMESON,0.7378,1169.8,133.2,40.1,8.6,1920,1080,0.017,1189.8,137.5
Round1,Q2,3111,1555.5,JAMESON,0.7292,1214.2,132.7,40.8,9.1,1920,1080,0.018,1234.6,137.2
Round1,Q2,3111,1555.5,JAMESON,0.669,1261.0,130.9,37.0,8.7,1920,1080,0.015,1279.5,135.3
Round1,Q2,3112,1556.0,JAMESON,0.703,1121.7,125.8,43.4,9.9,1920,1080,0.021,1143.4,130.7
Round1,Q2,3112,1556.0,JAMESON,0.6659,1077.4,126.0,37.4,9.5,1920,1080,0.017,1096.1,130.7
Round1,Q2,3112,1556.0,JAMESON,0.6656,1169.1,125.5,38.9,9.0,1920,1080,0.017,1188.5,130.0
Round1,Q2,3113,1556.5,JAMESON,0.7486,1025.5,120.9,43.0,9.7,1920,1080,0.02,1047.0,125.8
Round1,Q2,3113,1556.5,JAMESON,0.7229,979.4,121.5,40.7,9.5,1920,1080,0.019,999.7,126.2
Round1,Q2,3113,1556.5,JAMESON,0.7043,1073.3,120.7,39.9,9.4,1920,1080,0.018,1093.3,125.4
Round1,Q2,3114,1557.0,JAMESON,0.7252,905.5,121.2,45.5,10.4,1920,1080,0.023,928.2,126.4
Round1,Q2,3114,1557.0,JAMESON,0.683,859.5,122.0,40.5,9.6,1920,1080,0.019,879.7,126.8
Round1,Q2,3114,1557.0,JAMESON,0.67,955.4,121.3,39.3,9.5,1920,1080,0.018,975.1,126.0
Round1,Q2,3115,1557.5,JAMESON,0.7215,770.0,125.0,42.6,9.9,1920,1080,0.02,791.3,130.0
Round1,Q2,3115,1557.5,JAMESON,0.7037,722.3,125.5,40.5,9.8,1920,1080,0.019,742.5,130.4
Round1,Q2,3115,1557.5,JAMESON,0.687,819.6,124.7,39.8,9.5,1920,1080,0.018,839.4,129.4
Round1,Q2,3116,1558.0,JAMESON,0.7479,626.5,129.9,45.5,10.9,1920,1080,0.024,649.2,135.4
Round1,Q2,3116,1558.0,JAMESON,0.7387,577.9,130.4,42.7,10.7,1920,1080,0.022,599.2,135.7
Round1,Q2,3116,1558.0,JAMESON,0.736,678.6,130.1,42.1,10.3,1920,1080,0.021,699.6,135.2
Round1,Q2,3117,1558.5,JAMESON,0.7518,555.6,134.7,44.3,10.6,1920,1080,0.023,577.7,140.0
Round1,Q2,3117,1558.5,JAMESON,0.744,454.4,134.3,43.6,10.2,1920,1080,0.022,476.3,139.4
Round1,Q2,3117,1558.5,JAMESON,0.7375,505.2,134.7,43.9,10.3,1920,1080,0.022,527.2,139.8
Round1,Q2,3118,1559.0,JAMESON,0.784,385.8,142.3,49.3,11.3,1920,1080,0.027,410.4,148.0
Round1,Q2,3118,1559.0,JAMESON,0.7717,441.3,143.2,47.3,10.6,1920,1080,0.024,464.9,148.5
Round1,Q2,3118,1559.0,JAMESON,0.7553,332.9,142.5,46.8,11.2,1920,1080,0.025,356.3,148.1
Round1,Q2,3119,1559.5,JAMESON,0.7655,251.0,157.1,48.0,10.0,1920,1080,0.023,275.0,162.1
Round1,Q2,3119,1559.5,JAMESON,0.7449,363.4,158.4,45.2,10.2,1920,1080,0.022,386.0,163.5
Round1,Q2,3119,1559.5,JAMESON,0.7436,306.5,158.1,48.8,10.4,1920,1080,0.025,330.9,163.3
Round1,Q2,3120,1560.0,JAMESON,0.7684,146.8,159.5,51.8,11.4,1920,1080,0.029,172.7,165.2
Round1,Q2,3120,1560.0,JAMESON,0.768,206.5,160.9,52.6,10.8,1920,1080,0.027,232.8,166.3
Round1,Q2,3120,1560.0,JAMESON,0.7607,267.8,161.4,48.0,10.7,1920,1080,0.025,291.8,166.8
Round1,Q2,3121,1560.5,JAMESON,0.7758,65.4,120.3,60.0,13.6,1920,1080,0.039,95.4,127.1
Round1,Q2,3121,1560.5,JAMESON,0.7694,0.7,118.6,54.6,13.3,1920,1080,0.035,28.0,125.2
Round1,Q2,3121,1560.5,JAMESON,0.756,132.2,121.2,55.9,12.9,1920,1080,0.035,160.1,127.6
Round1,Q2,3128,1564.0,JAMESON,0.7604,18.6,76.9,71.7,14.9,1920,1080,0.051,54.4,84.3
Round1,Q2,3129,1564.5,JAMESON,0.7876,5.7,101.4,73.2,15.2,1920,1080,0.054,42.3,108.9
Round1,Q2,3129,1564.5,JAMESON,0.742,89.3,103.7,69.4,14.6,1920,1080,0.049,124.0,111.0
Round1,Q2,3130,1565.0,JAMESON,0.7948,0.0,125.1,57.3,13.5,1920,1080,0.037,28.7,131.8
Round1,Q2,3130,1565.0,JAMESON,0.7762,68.0,127.0,69.4,13.9,1920,1080,0.046,102.7,133.9
Round1,Q2,3130,1565.0,JAMESON,0.7384,148.3,128.5,65.4,13.4,1920,1080,0.042,181.0,135.2
Round1,Q2,3131,1565.5,JAMESON,0.7759,14.1,142.3,69.3,14.1,1920,1080,0.047,48.7,149.4
Round1,Q2,3131,1565.5,JAMESON,0.7572,92.6,144.6,66.9,13.1,1920,1080,0.042,126.1,151.2
Round1,Q2,3131,1565.5,JAMESON,0.7446,168.6,145.8,66.3,13.7,1920,1080,0.044,201.7,152.6
Round1,Q2,3132,1566.0,JAMESON,0.7859,142.2,161.9,63.5,12.9,1920,1080,0.039,173.9,168.3
Round1,Q2,3132,1566.0,JAMESON,0.7692,69.3,160.7,63.2,12.8,1920,1080,0.039,100.9,167.1
Round1,Q2,3132,1566.0,JAMESON,0.7643,216.4,163.7,59.7,11.9,1920,1080,0.034,246.2,169.6
Round1,Q2,3133,1566.5,JAMESON,0.7539,158.1,174.6,62.8,12.3,1920,1080,0.037,189.5,180.8
Round1,Q2,3133,1566.5,JAMESON,0.7504,230.5,175.9,61.2,12.1,1920,1080,0.036,261.1,181.9
Round1,Q2,3133,1566.5,JAMESON,0.7217,86.5,172.6,62.6,13.0,1920,1080,0.039,117.8,179.1
Round1,Q2,3134,1567.0,JAMESON,0.7725,158.0,188.8,60.3,12.3,1920,1080,0.036,188.1,194.9
Round1,Q2,3134,1567.0,JAMESON,0.7658,87.7,187.3,61.2,13.0,1920,1080,0.038,118.4,193.7
Round1,Q2,3134,1567.0,JAMESON,0.7378,226.4,189.5,60.3,11.8,1920,1080,0.034,256.5,195.4
Round1,Q2,3135,1567.5,JAMESON,0.7612,78.0,198.3,60.1,12.9,1920,1080,0.037,108.0,204.8
Round1,Q2,3135,1567.5,JAMESON,0.7557,148.4,199.0,60.2,12.6,1920,1080,0.037,178.5,205.3
Round1,Q2,3135,1567.5,JAMESON,0.7492,217.2,200.5,57.7,12.2,1920,1080,0.034,246.1,206.6
Round1,Q2,3136,1568.0,JAMESON,0.7737,32.3,208.4,59.7,12.3,1920,1080,0.035,62.2,214.6
Round1,Q2,3136,1568.0,JAMESON,0.7561,173.8,211.2,57.7,11.8,1920,1080,0.033,202.6,217.0
Round1,Q2,3136,1568.0,JAMESON,0.7557,102.6,209.6,61.5,12.4,1920,1080,0.037,133.4,215.8
Round1,Q2,3137,1568.5,JAMESON,0.7569,31.3,214.1,61.1,11.9,1920,1080,0.035,61.8,220.0
Round1,Q2,3137,1568.5,JAMESON,0.7423,104.1,214.9,60.8,12.2,1920,1080,0.036,134.5,221.0
Round1,Q2,3137,1568.5,JAMESON,0.7326,0.0,213.6,22.8,13.0,1920,1080,0.014,11.4,220.1
Round1,Q2,3138,1569.0,JAMESON,0.6266,0.2,217.9,41.0,11.2,1920,1080,0.022,20.7,223.4
Round1,Q2,3142,1571.0,EMIRATES,0.8888,978.3,470.3,117.5,46.6,1920,1080,0.264,1037.1,493.6
Round1,Q2,3143,1571.5,EMIRATES,0.8915,941.7,481.6,130.2,45.9,1920,1080,0.288,1006.8,504.6
Round1,Q2,3144,1572.0,EMIRATES,0.8934,1045.7,465.0,136.3,46.9,1920,1080,0.308,1113.8,488.4
Round1,Q2,3145,1572.5,EMIRATES,0.8938,1123.2,434.4,131.9,47.2,1920,1080,0.3,1189.1,458.0
Round1,Q2,3146,1573.0,JAMESON,0.8093,1231.3,39.3,52.4,12.1,1920,1080,0.03,1257.5,45.3
Round1,Q2,3146,1573.0,JAMESON,0.7766,1120.3,43.5,50.8,11.9,1920,1080,0.029,1145.7,49.5
Round1,Q2,3146,1573.0,JAMESON,0.7762,1176.5,41.2,49.7,11.6,1920,1080,0.028,1201.3,47.0
Round1,Q2,3146,1573.0,ACCESS_COVERS,0.5434,293.6,47.4,61.1,12.8,1920,1080,0.038,324.1,53.8
Round1,Q2,3147,1573.5,JAMESON,0.8097,1232.2,40.5,51.6,12.6,1920,1080,0.031,1258.0,46.8
Round1,Q2,3147,1573.5,JAMESON,0.7734,1176.1,42.8,50.0,12.1,1920,1080,0.029,1201.1,48.9
Round1,Q2,3147,1573.5,JAMESON,0.7733,1120.9,45.0,49.8,11.9,1920,1080,0.029,1145.8,50.9
Round1,Q2,3148,1574.0,JAMESON,0.788,1231.6,41.7,51.6,12.1,1920,1080,0.03,1257.4,47.7
Round1,Q2,3148,1574.0,JAMESON,0.7718,1176.2,44.0,48.2,11.7,1920,1080,0.027,1200.3,49.9
Round1,Q2,3148,1574.0,JAMESON,0.7612,1121.7,46.1,47.8,11.5,1920,1080,0.026,1145.6,51.8
Round1,Q2,3149,1574.5,JAMESON,0.7825,1230.0,42.7,52.0,12.1,1920,1080,0.03,1256.1,48.7
Round1,Q2,3149,1574.5,JAMESON,0.764,1175.8,44.9,48.1,11.8,1920,1080,0.027,1199.9,50.8
Round1,Q2,3149,1574.5,JAMESON,0.7546,1119.8,46.6,49.7,11.6,1920,1080,0.028,1144.6,52.4
Round1,Q2,3149,1574.5,ACCESS_COVERS,0.4626,291.3,50.5,64.0,12.8,1920,1080,0.039,323.3,56.9
Round1,Q2,3150,1575.0,JAMESON,0.7861,1227.3,44.1,47.4,12.1,1920,1080,0.028,1251.0,50.1
Round1,Q2,3150,1575.0,JAMESON,0.7745,1168.9,46.7,51.2,11.2,1920,1080,0.028,1194.5,52.3
Round1,Q2,3150,1575.0,JAMESON,0.7725,1113.6,48.5,47.7,12.0,1920,1080,0.028,1137.5,54.5
Round1,Q2,3151,1575.5,JAMESON,0.7931,1170.0,48.7,50.9,12.0,1920,1080,0.029,1195.4,54.8
Round1,Q2,3151,1575.5,JAMESON,0.7678,1229.0,46.3,47.4,11.6,1920,1080,0.027,1252.7,52.1
Round1,Q2,3151,1575.5,JAMESON,0.7631,1113.6,50.2,50.0,12.5,1920,1080,0.03,1138.6,56.4
Round1,Q2,3151,1575.5,ACCESS_COVERS,0.7604,287.9,53.9,58.9,12.3,1920,1080,0.035,317.4,60.0
Round1,Q2,3152,1576.0,JAMESON,0.8089,1237.6,50.2,47.3,12.6,1920,1080,0.029,1261.3,56.5
Round1,Q2,3152,1576.0,JAMESON,0.7696,1180.8,52.3,49.9,12.1,1920,1080,0.029,1205.7,58.3
Round1,Q2,3152,1576.0,JAMESON,0.7629,1124.2,54.8,48.5,11.6,1920,1080,0.027,1148.5,60.7
Round1,Q2,3152,1576.0,ACCESS_COVERS,0.5422,298.7,59.0,60.8,11.9,1920,1080,0.035,329.1,65.0
Round1,Q2,3153,1576.5,JAMESON,0.7961,1244.0,54.2,50.2,12.3,1920,1080,0.03,1269.1,60.3
Round1,Q2,3153,1576.5,JAMESON,0.7604,1187.8,56.0,49.5,12.0,1920,1080,0.029,1212.6,62.0
Round1,Q2,3153,1576.5,JAMESON,0.759,1133.8,58.5,48.3,11.4,1920,1080,0.027,1157.9,64.2
Round1,Q2,3153,1576.5,ACCESS_COVERS,0.6729,307.3,62.7,60.1,12.2,1920,1080,0.035,337.4,68.8
Round1,Q2,3154,1577.0,JAMESON,0.8071,1265.6,57.5,51.0,11.9,1920,1080,0.029,1291.1,63.4
Round1,Q2,3154,1577.0,JAMESON,0.7948,1152.3,61.7,46.8,11.6,1920,1080,0.026,1175.8,67.5
Round1,Q2,3154,1577.0,JAMESON,0.784,1207.8,59.6,50.7,11.9,1920,1080,0.029,1233.1,65.6
Round1,Q2,3154,1577.0,ACCESS_COVERS,0.6954,321.5,66.7,59.8,11.7,1920,1080,0.034,351.4,72.5
Round1,Q2,3155,1577.5,JAMESON,0.7861,1300.6,52.6,50.8,12.8,1920,1080,0.031,1326.0,59.0
Round1,Q2,3155,1577.5,JAMESON,0.7797,1241.6,55.6,51.7,11.8,1920,1080,0.029,1267.4,61.5
Round1,Q2,3155,1577.5,JAMESON,0.7736,1183.2,57.7,50.5,11.8,1920,1080,0.029,1208.5,63.6
Round1,Q2,3155,1577.5,ACCESS_COVERS,0.4628,327.9,62.8,62.4,13.2,1920,1080,0.04,359.1,69.4
Round1,Q2,3156,1578.0,JAMESON,0.7957,1270.1,61.7,53.7,12.5,1920,1080,0.032,1297.0,68.0
Round1,Q2,3156,1578.0,JAMESON,0.7868,1333.8,59.3,54.6,12.2,1920,1080,0.032,1361.1,65.4
Round1,Q2,3156,1578.0,JAMESON,0.7506,1208.5,63.3,54.1,13.5,1920,1080,0.035,1235.6,70.0
Round1,Q2,3157,1578.5,JAMESON,0.7874,1401.5,84.9,57.8,13.3,1920,1080,0.037,1430.4,91.5
Round1,Q2,3157,1578.5,JAMESON,0.7663,1337.7,87.6,56.8,13.5,1920,1080,0.037,1366.2,94.3
Round1,Q2,3157,1578.5,JAMESON,0.7623,1272.3,90.0,56.6,13.7,1920,1080,0.037,1300.6,96.8
Round1,Q2,3157,1578.5,ACCESS_COVERS,0.5384,346.6,99.6,67.7,13.2,1920,1080,0.043,380.4,106.1
Round1,Q2,3158,1579.0,JAMESON,0.8003,1438.0,101.6,59.5,14.5,1920,1080,0.042,1467.7,108.9
Round1,Q2,3158,1579.0,JAMESON,0.7815,1579.3,94.7,62.8,14.2,1920,1080,0.043,1610.7,101.8
Round1,Q2,3158,1579.0,JAMESON,0.7444,1507.7,97.6,62.3,14.2,1920,1080,0.043,1538.8,104.8
Round1,Q2,3159,1579.5,JAMESON,0.7955,1792.5,67.6,68.4,16.3,1920,1080,0.054,1826.7,75.7
Round1,Q2,3159,1579.5,JAMESON,0.757,1630.7,78.1,65.8,16.5,1920,1080,0.052,1663.6,86.4
Round1,Q2,3159,1579.5,JAMESON,0.7222,1708.9,74.0,70.5,14.6,1920,1080,0.05,1744.1,81.3
Round1,Q2,3159,1579.5,ACCESS_COVERS,0.6899,559.3,102.5,72.9,15.4,1920,1080,0.054,595.7,110.1
Round1,Q2,3160,1580.0,ACCESS_COVERS,0.7443,662.8,57.9,82.2,18.5,1920,1080,0.073,703.9,67.2
Round1,Q2,3160,1580.0,JAMESON,0.7434,1882.0,18.8,38.0,20.8,1920,1080,0.038,1901.0,29.2
Round1,Q2,3161,1580.5,EMIRATES,0.4447,1316.5,380.4,12.3,41.3,1920,1080,0.025,1322.7,401.1
Round1,Q2,3161,1580.5,EMIRATES,0.4347,1129.2,378.1,12.8,41.0,1920,1080,0.025,1135.6,398.6
Round1,Q2,3161,1580.5,EMIRATES,0.4187,950.0,374.9,11.0,42.0,1920,1080,0.022,955.5,396.0
Round1,Q2,3162,1581.0,EMIRATES,0.3726,1038.7,475.5,16.7,17.8,1920,1080,0.014,1047.1,484.4
Round1,Q2,3163,1581.5,EMIRATES,0.8906,203.4,627.3,45.6,21.2,1920,1080,0.047,226.2,637.9
Round1,Q2,3164,1582.0,EMIRATES,0.8683,19.1,868.5,68.5,17.4,1920,1080,0.058,53.4,877.2
Round1,Q2,3164,1582.0,EMIRATES,0.833,1103.2,253.9,36.5,20.2,1920,1080,0.036,1121.5,264.0
Round1,Q2,3165,1582.5,EMIRATES,0.38,432.4,677.0,53.7,40.4,1920,1080,0.105,459.3,697.2
Round1,Q2,3166,1583.0,EMIRATES,0.8815,1146.9,455.2,50.5,21.3,1920,1080,0.052,1172.2,465.8
Round1,Q2,3166,1583.0,EMIRATES,0.8552,852.2,602.9,54.0,30.7,1920,1080,0.08,879.2,618.3
Round1,Q2,3166,1583.0,EMIRATES,0.8146,871.1,367.3,36.8,45.8,1920,1080,0.081,889.5,390.2
Round1,Q2,3167,1583.5,EMIRATES,0.867,1302.3,552.9,67.3,26.2,1920,1080,0.085,1335.9,566.0
Round1,Q2,3167,1583.5,EMIRATES,0.734,1167.9,469.7,25.7,18.4,1920,1080,0.023,1180.7,478.9
Round1,Q2,3168,1584.0,EMIRATES,0.8951,1179.7,431.1,52.8,17.9,1920,1080,0.046,1206.1,440.1
Round1,Q2,3169,1584.5,EMIRATES,0.5745,1251.5,277.5,38.3,20.5,1920,1080,0.038,1270.6,287.8
Round1,Q2,3171,1585.5,EMIRATES,0.8511,1298.8,340.6,39.3,24.9,1920,1080,0.047,1318.4,353.1
Round1,Q2,3171,1585.5,EMIRATES,0.7906,9.4,93.6,35.4,18.9,1920,1080,0.032,27.1,103.0
Round1,Q2,3172,1586.0,EMIRATES,0.8632,119.4,16.7,51.7,20.8,1920,1080,0.052,145.3,27.1
Round1,Q2,3172,1586.0,EMIRATES,0.8126,1353.2,73.5,29.3,16.2,1920,1080,0.023,1367.8,81.6
Round1,Q2,3172,1586.0,EMIRATES,0.8003,542.3,837.2,66.9,19.2,1920,1080,0.062,575.7,846.8
Round1,Q2,3173,1586.5,EMIRATES,0.871,376.2,49.1,43.7,16.5,1920,1080,0.035,398.0,57.3
Round1,Q2,3173,1586.5,EMIRATES,0.8693,797.9,810.6,58.0,16.7,1920,1080,0.047,826.9,819.0
Round1,Q2,3173,1586.5,EMIRATES,0.6166,1663.9,549.5,47.3,15.9,1920,1080,0.036,1687.6,557.4
Round1,Q2,3174,1587.0,EMIRATES,0.4062,948.9,148.0,62.3,18.3,1920,1080,0.055,980.1,157.2
Round1,Q2,3175,1587.5,EMIRATES,0.7862,697.6,249.9,59.6,19.8,1920,1080,0.057,727.4,259.8
Round1,Q2,3175,1587.5,EMIRATES,0.6942,180.6,111.6,69.3,19.5,1920,1080,0.065,215.2,121.4
Round1,Q2,3176,1588.0,EMIRATES,0.8374,1162.6,794.9,65.6,34.8,1920,1080,0.11,1195.5,812.3
Round1,Q2,3196,1598.0,ACCESS_COVERS,0.5923,552.7,14.9,80.4,19.8,1920,1080,0.077,592.9,24.7
Round1,Q2,3197,1598.5,ACCESS_COVERS,0.5056,499.0,9.4,82.6,20.2,1920,1080,0.08,540.3,19.5
Round1,Q2,3198,1599.0,ACCESS_COVERS,0.5159,453.3,18.0,77.6,20.0,1920,1080,0.075,492.1,28.0
Round1,Q2,3199,1599.5,ACCESS_COVERS,0.6916,387.9,27.6,83.9,19.8,1920,1080,0.08,429.9,37.4
Round1,Q2,3201,1600.5,ACCESS_COVERS,0.6098,216.4,2.1,84.8,17.7,1920,1080,0.072,258.8,10.9
Round1,Q2,3208,1604.0,EMIRATES,0.5487,1753.1,9.8,12.3,66.7,1920,1080,0.04,1759.2,43.1
Round1,Q2,3227,1613.5,EMIRATES,0.4995,1039.2,338.8,44.4,35.6,1920,1080,0.076,1061.4,356.6
Round1,Q2,3228,1614.0,EMIRATES,0.885,1722.1,540.9,58.6,18.0,1920,1080,0.051,1751.4,549.9
Round1,Q2,3229,1614.5,EMIRATES,0.855,1050.9,955.0,65.1,23.0,1920,1080,0.072,1083.4,966.5
Round1,Q2,3230,1615.0,EMIRATES,0.8767,1552.2,426.4,46.5,25.3,1920,1080,0.057,1575.5,439.1
Round1,Q2,3230,1615.0,EMIRATES,0.8493,474.0,854.6,75.0,24.3,1920,1080,0.088,511.5,866.8
Round1,Q2,3232,1616.0,EMIRATES,0.8649,459.3,592.3,56.6,18.1,1920,1080,0.049,487.6,601.3
Round1,Q2,3232,1616.0,EMIRATES,0.8481,227.6,607.9,59.9,16.3,1920,1080,0.047,257.5,616.1
Round1,Q2,3233,1616.5,EMIRATES,0.8548,303.3,487.5,60.8,16.4,1920,1080,0.048,333.7,495.8
Round1,Q2,3234,1617.0,EMIRATES,0.8565,18.9,513.7,64.2,16.2,1920,1080,0.05,51.0,521.8
Round1,Q2,3234,1617.0,EMIRATES,0.8018,1367.1,35.9,42.1,21.2,1920,1080,0.043,1388.1,46.5
Round1,Q2,3234,1617.0,EMIRATES,0.4554,1751.2,971.8,72.8,17.0,1920,1080,0.06,1787.6,980.3
Round1,Q2,3235,1617.5,EMIRATES,0.7831,842.4,297.0,29.8,17.7,1920,1080,0.025,857.3,305.9
Round1,Q2,3237,1618.5,EMIRATES,0.6756,677.4,405.4,23.4,19.5,1920,1080,0.022,689.1,415.1
Round1,Q2,3247,1623.5,ACCESS_COVERS,0.3522,311.7,2.7,218.8,32.7,1920,1080,0.345,421.1,19.0
Round1,Q2,3255,1627.5,EMIRATES,0.8823,1208.3,942.2,65.9,26.4,1920,1080,0.084,1241.2,955.5
Round1,Q2,3256,1628.0,EMIRATES,0.8312,690.5,809.1,84.4,25.8,1920,1080,0.105,732.6,822.0
Round1,Q2,3257,1628.5,EMIRATES,0.8285,945.9,315.1,27.5,17.1,1920,1080,0.023,959.7,323.6
Round1,Q2,3259,1629.5,ACCESS_COVERS,0.3148,0.0,70.1,143.2,33.1,1920,1080,0.229,71.6,86.7
Round1,Q2,3263,1631.5,ACCESS_COVERS,0.5841,515.4,12.5,200.7,32.5,1920,1080,0.315,615.8,28.8
Round1,Q2,3263,1631.5,ACCESS_COVERS,0.4734,1178.5,5.3,197.6,27.4,1920,1080,0.261,1277.3,19.0
Round1,Q2,3263,1631.5,ACCESS_COVERS,0.4579,960.2,8.6,187.7,30.8,1920,1080,0.279,1054.1,24.0
Round1,Q2,3263,1631.5,ACCESS_COVERS,0.3199,1407.8,2.5,193.2,26.3,1920,1080,0.245,1504.4,15.7
Round1,Q2,3270,1635.0,EMIRATES,0.8974,1035.5,477.2,40.7,22.3,1920,1080,0.044,1055.9,488.3
Round1,Q2,3270,1635.0,EMIRATES,0.851,1198.1,645.8,59.6,16.9,1920,1080,0.049,1228.0,654.3
Round1,Q2,3271,1635.5,EMIRATES,0.8822,1859.1,964.8,50.4,23.5,1920,1080,0.057,1884.3,976.5
Round1,Q2,3271,1635.5,EMIRATES,0.8724,1638.6,494.1,41.5,20.5,1920,1080,0.041,1659.4,504.3
Round1,Q2,3272,1636.0,EMIRATES,0.8972,925.1,358.1,37.2,15.6,1920,1080,0.028,943.7,365.9
Round1,Q2,3272,1636.0,EMIRATES,0.8472,1869.9,921.3,34.2,34.9,1920,1080,0.057,1886.9,938.7
Round1,Q2,3273,1636.5,EMIRATES,0.3463,915.2,353.9,20.1,18.2,1920,1080,0.018,925.3,363.0
Round1,Q2,3274,1637.0,EMIRATES,0.8913,888.9,392.0,36.3,21.6,1920,1080,0.038,907.1,402.8
Round1,Q2,3275,1637.5,EMIRATES,0.8823,1019.0,352.1,51.9,20.3,1920,1080,0.051,1044.9,362.3
Round1,Q2,3278,1639.0,EMIRATES,0.4117,1825.4,821.5,11.9,51.7,1920,1080,0.03,1831.4,847.3
Round1,Q2,3278,1639.0,EMIRATES,0.3762,1824.7,757.5,12.2,57.8,1920,1080,0.034,1830.8,786.4
Round1,Q2,3279,1639.5,CRUSADER_CARAVANS,0.7589,2.4,358.1,51.9,47.6,1920,1080,0.119,28.3,381.9
Round1,Q2,3279,1639.5,CRUSADER_CARAVANS,0.589,54.9,339.6,53.8,39.5,1920,1080,0.102,81.8,359.3
Round1,Q2,3279,1639.5,EMIRATES,0.4311,1492.6,766.8,22.8,7.5,1920,1080,0.008,1504.0,770.5
Round1,Q2,3280,1640.0,CRUSADER_CARAVANS,0.7152,29.2,375.1,60.2,49.4,1920,1080,0.143,59.3,399.8
Round1,Q2,3280,1640.0,CRUSADER_CARAVANS,0.6923,0.0,405.9,22.7,41.7,1920,1080,0.046,11.4,426.7
Round1,Q2,3280,1640.0,CRUSADER_CARAVANS,0.684,126.4,342.7,48.3,38.6,1920,1080,0.09,150.6,362.0
Round1,Q2,3280,1640.0,CRUSADER_CARAVANS,0.6735,83.4,362.2,42.0,31.9,1920,1080,0.065,104.4,378.1
Round1,Q2,3280,1640.0,EMIRATES,0.4152,1439.0,807.4,26.9,13.5,1920,1080,0.017,1452.5,814.1
Round1,Q2,3281,1640.5,EMIRATES,0.5156,1403.6,830.7,26.0,19.8,1920,1080,0.025,1416.6,840.5
Round1,Q2,3283,1641.5,CRUSADER_CARAVANS,0.5612,0.0,409.7,34.4,39.2,1920,1080,0.065,17.2,429.3
Round1,Q2,3289,1644.5,ACCESS_COVERS,0.3219,1106.2,204.7,58.0,13.9,1920,1080,0.039,1135.2,211.6
Round1,Q2,3290,1645.0,ACCESS_COVERS,0.6969,966.5,182.6,49.2,11.5,1920,1080,0.027,991.1,188.3
Round1,Q2,3291,1645.5,ACCESS_COVERS,0.7129,940.0,166.7,51.0,11.8,1920,1080,0.029,965.5,172.6
Round1,Q2,3292,1646.0,ACCESS_COVERS,0.6063,917.6,158.2,50.6,12.3,1920,1080,0.03,942.9,164.3
Round1,Q2,3293,1646.5,ACCESS_COVERS,0.6548,912.8,172.1,49.7,11.9,1920,1080,0.029,937.6,178.1
Round1,Q2,3294,1647.0,ACCESS_COVERS,0.4415,895.9,190.8,47.1,12.2,1920,1080,0.028,919.4,196.9
Round1,Q2,3295,1647.5,ACCESS_COVERS,0.7432,837.8,196.8,55.2,12.5,1920,1080,0.033,865.4,203.0
Round1,Q2,3296,1648.0,ACCESS_COVERS,0.6574,747.3,190.9,54.1,12.3,1920,1080,0.032,774.4,197.0
Round1,Q2,3298,1649.0,ACCESS_COVERS,0.5981,566.5,220.1,61.8,14.5,1920,1080,0.043,597.4,227.3
Round1,Q2,3299,1649.5,ACCESS_COVERS,0.6697,460.8,236.1,62.7,14.6,1920,1080,0.044,492.2,243.4
Round1,Q2,3300,1650.0,ACCESS_COVERS,0.6575,340.4,231.7,78.7,17.1,1920,1080,0.065,379.7,240.3
Round1,Q2,3303,1651.5,EMIRATES,0.7454,504.4,562.6,29.2,15.2,1920,1080,0.021,519.0,570.3
Round1,Q2,3305,1652.5,EMIRATES,0.8687,995.0,350.9,54.8,22.3,1920,1080,0.059,1022.4,362.0
Round1,Q2,3305,1652.5,EMIRATES,0.8618,273.3,537.2,31.4,15.6,1920,1080,0.024,289.0,545.0
Round1,Q2,3306,1653.0,EMIRATES,0.8462,551.5,447.6,49.8,15.3,1920,1080,0.037,576.4,455.3
Round1,Q2,3307,1653.5,EMIRATES,0.8673,116.4,399.0,63.2,20.0,1920,1080,0.061,148.0,409.0
Round1,Q2,3308,1654.0,EMIRATES,0.8599,44.9,241.9,51.6,38.7,1920,1080,0.096,70.7,261.3
Round1,Q2,3309,1654.5,EMIRATES,0.8932,873.8,322.2,42.6,16.0,1920,1080,0.033,895.1,330.2
Round1,Q2,3310,1655.0,ACCESS_COVERS,0.5935,0.6,103.9,189.5,36.1,1920,1080,0.33,95.3,121.9
Round1,Q2,3310,1655.0,ACCESS_COVERS,0.5928,264.3,107.5,229.8,37.3,1920,1080,0.413,379.2,126.2
Round1,Q2,3310,1655.0,ACCESS_COVERS,0.334,1436.5,147.4,412.5,40.3,1920,1080,0.802,1642.8,167.5
Round1,Q2,3312,1656.0,ACCESS_COVERS,0.6703,364.0,56.6,98.1,22.4,1920,1080,0.106,413.1,67.8
Round1,Q2,3313,1656.5,ACCESS_COVERS,0.75,92.4,116.0,239.4,32.5,1920,1080,0.375,212.1,132.3
Round1,Q2,3313,1656.5,ACCESS_COVERS,0.6965,852.2,123.0,194.1,33.6,1920,1080,0.314,949.3,139.8
Round1,Q2,3313,1656.5,ACCESS_COVERS,0.6735,619.9,122.0,197.1,31.3,1920,1080,0.298,718.4,137.6
Round1,Q2,3313,1656.5,ACCESS_COVERS,0.6374,1095.3,126.8,196.2,35.4,1920,1080,0.335,1193.4,144.5
Round1,Q2,3313,1656.5,ACCESS_COVERS,0.5033,506.3,46.9,101.7,24.4,1920,1080,0.12,557.2,59.1
Round1,Q2,3313,1656.5,ACCESS_COVERS,0.4789,361.7,120.5,205.2,30.1,1920,1080,0.298,464.3,135.5
Round1,Q2,3313,1656.5,ACCESS_COVERS,0.4079,0.0,112.9,50.2,35.0,1920,1080,0.085,25.1,130.4
Round1,Q2,3313,1656.5,ACCESS_COVERS,0.3656,1343.4,132.7,192.6,31.1,1920,1080,0.289,1439.7,148.3
Round1,Q2,3314,1657.0,ACCESS_COVERS,0.6415,604.8,24.1,98.2,24.3,1920,1080,0.115,653.8,36.3
Round1,Q2,3314,1657.0,ACCESS_COVERS,0.6356,0.1,93.9,137.5,32.1,1920,1080,0.213,68.8,110.0
Round1,Q2,3314,1657.0,ACCESS_COVERS,0.574,1215.3,107.5,202.0,32.0,1920,1080,0.312,1316.3,123.5
Round1,Q2,3314,1657.0,ACCESS_COVERS,0.4192,183.1,96.7,236.7,30.4,1920,1080,0.348,301.4,111.9
Round1,Q2,3314,1657.0,ACCESS_COVERS,0.4136,959.3,102.1,202.1,34.4,1920,1080,0.335,1060.3,119.3
Round1,Q2,3314,1657.0,ACCESS_COVERS,0.3377,718.8,100.5,203.6,32.4,1920,1080,0.318,820.6,116.7
Round1,Q2,3314,1657.0,ACCESS_COVERS,0.3075,456.4,98.7,206.7,31.3,1920,1080,0.312,559.7,114.4
Round1,Q2,3315,1657.5,ACCESS_COVERS,0.7613,108.0,83.1,252.5,35.8,1920,1080,0.436,234.2,101.0
Round1,Q2,3315,1657.5,ACCESS_COVERS,0.7108,672.6,89.5,214.3,36.0,1920,1080,0.372,779.7,107.5
Round1,Q2,3315,1657.5,ACCESS_COVERS,0.6805,1188.5,96.9,216.9,34.1,1920,1080,0.357,1296.9,114.0
Round1,Q2,3315,1657.5,ACCESS_COVERS,0.6614,924.6,91.6,211.8,36.8,1920,1080,0.376,1030.5,110.0
Round1,Q2,3315,1657.5,ACCESS_COVERS,0.5441,1461.0,101.0,212.3,35.5,1920,1080,0.364,1567.1,118.8
Round1,Q2,3315,1657.5,ACCESS_COVERS,0.495,0.0,78.6,57.6,37.5,1920,1080,0.104,28.8,97.3
Round1,Q2,3315,1657.5,CYBERCX,0.4309,392.8,87.4,220.1,35.4,1920,1080,0.376,502.9,105.2
Round1,Q2,3316,1658.0,ACCESS_COVERS,0.7261,1068.7,92.8,222.8,38.2,1920,1080,0.411,1180.1,111.9
Round1,Q2,3316,1658.0,ACCESS_COVERS,0.6405,527.4,86.1,222.4,36.1,1920,1080,0.387,638.7,104.1
Round1,Q2,3316,1658.0,ACCESS_COVERS,0.6348,792.4,88.5,220.5,38.3,1920,1080,0.407,902.6,107.6
Round1,Q2,3316,1658.0,ACCESS_COVERS,0.6158,0.0,79.1,192.3,35.8,1920,1080,0.332,96.2,97.0
Round1,Q2,3316,1658.0,CYBERCX,0.6088,1346.1,98.9,223.0,37.0,1920,1080,0.398,1457.7,117.4
Round1,Q2,3316,1658.0,ACCESS_COVERS,0.5719,383.8,2.9,128.0,24.8,1920,1080,0.153,447.8,15.3
Round1,Q2,3316,1658.0,ACCESS_COVERS,0.4606,230.7,82.2,234.8,38.3,1920,1080,0.434,348.0,101.3
Round1,Q2,3317,1658.5,ACCESS_COVERS,0.7834,876.5,111.7,222.5,37.9,1920,1080,0.407,987.7,130.7
Round1,Q2,3317,1658.5,ACCESS_COVERS,0.7429,331.7,102.6,226.8,38.4,1920,1080,0.42,445.1,121.8
Round1,Q2,3317,1658.5,ACCESS_COVERS,0.7372,601.3,105.5,222.6,38.6,1920,1080,0.414,712.6,124.8
Round1,Q2,3317,1658.5,ACCESS_COVERS,0.7207,22.8,99.7,243.3,37.5,1920,1080,0.44,144.4,118.4
Round1,Q2,3317,1658.5,ACCESS_COVERS,0.5638,187.0,16.6,122.0,27.8,1920,1080,0.163,248.0,30.5
Round1,Q2,3317,1658.5,ACCESS_COVERS,0.3619,1149.5,116.2,221.3,38.2,1920,1080,0.408,1260.1,135.2
Round1,Q2,3318,1659.0,ACCESS_COVERS,0.667,371.2,140.0,216.7,36.9,1920,1080,0.385,479.6,158.4
Round1,Q2,3318,1659.0,ACCESS_COVERS,0.6283,0.0,51.8,89.3,31.0,1920,1080,0.134,44.7,67.3
Round1,Q2,3320,1660.0,ACCESS_COVERS,0.4841,2.3,209.8,193.3,31.2,1920,1080,0.291,98.9,225.4
Round1,Q2,3322,1661.0,EMIRATES,0.5651,1898.5,345.9,13.4,84.4,1920,1080,0.055,1905.2,388.1
Round1,Q2,3322,1661.0,EMIRATES,0.5638,1739.1,332.3,14.3,69.9,1920,1080,0.048,1746.2,367.3
Round1,Q2,3323,1661.5,EMIRATES,0.8141,1000.8,341.0,30.2,39.1,1920,1080,0.057,1015.9,360.5
Round1,Q2,3324,1662.0,EMIRATES,0.5695,965.8,323.0,29.5,46.4,1920,1080,0.066,980.5,346.2
Round1,Q2,3325,1662.5,EMIRATES,0.4062,1605.6,430.3,15.2,87.8,1920,1080,0.064,1613.2,474.2
Round1,Q2,3325,1662.5,EMIRATES,0.3366,1311.4,402.4,14.6,67.7,1920,1080,0.048,1318.7,436.2
Round1,Q2,3325,1662.5,EMIRATES,0.3205,1450.6,420.6,14.4,71.1,1920,1080,0.049,1457.8,456.2
Round1,Q2,3326,1663.0,EMIRATES,0.5247,1438.8,516.6,11.8,45.2,1920,1080,0.026,1444.7,539.2
Round1,Q2,3327,1663.5,EMIRATES,0.4893,1340.8,549.8,10.9,49.1,1920,1080,0.026,1346.3,574.4
Round1,Q2,3327,1663.5,EMIRATES,0.4821,1173.5,525.9,12.3,46.8,1920,1080,0.028,1179.6,549.3
Round1,Q2,3327,1663.5,EMIRATES,0.3705,1019.7,450.1,12.1,44.6,1920,1080,0.026,1025.8,472.3
Round1,Q2,3327,1663.5,EMIRATES,0.3409,1020.0,497.3,12.1,50.7,1920,1080,0.03,1026.1,522.7
Round1,Q2,3328,1664.0,EMIRATES,0.6408,918.8,474.9,13.6,57.4,1920,1080,0.038,925.6,503.6
Round1,Q2,3328,1664.0,EMIRATES,0.6102,1305.3,592.7,12.9,60.3,1920,1080,0.038,1311.7,622.9
Round1,Q2,3328,1664.0,EMIRATES,0.4694,1105.5,559.7,13.5,61.6,1920,1080,0.04,1112.2,590.5
Round1,Q2,3328,1664.0,EMIRATES,0.4255,1304.7,525.9,12.3,57.6,1920,1080,0.034,1310.8,554.7
Round1,Q2,3328,1664.0,EMIRATES,0.3335,749.8,507.3,13.3,54.5,1920,1080,0.035,756.5,534.5
Round1,Q2,3329,1664.5,EMIRATES,0.7845,818.0,577.8,16.4,71.9,1920,1080,0.057,826.2,613.8
Round1,Q2,3329,1664.5,EMIRATES,0.7823,816.8,498.8,16.1,74.9,1920,1080,0.058,824.9,536.2
Round1,Q2,3329,1664.5,EMIRATES,0.7704,1319.5,651.0,16.0,78.7,1920,1080,0.061,1327.5,690.3
Round1,Q2,3329,1664.5,EMIRATES,0.7541,1318.5,564.0,15.7,78.4,1920,1080,0.059,1326.4,603.2
Round1,Q2,3329,1664.5,EMIRATES,0.7276,594.6,541.9,17.0,70.1,1920,1080,0.057,603.1,576.9
Round1,Q2,3329,1664.5,EMIRATES,0.6262,1058.8,611.3,17.2,76.1,1920,1080,0.063,1067.4,649.3
Round1,Q2,3329,1664.5,EMIRATES,0.5634,1055.1,531.0,17.9,73.0,1920,1080,0.063,1064.0,567.5
Round1,Q2,3329,1664.5,EMIRATES,0.399,592.5,464.8,17.9,65.6,1920,1080,0.057,601.4,497.6
Round1,Q2,3330,1665.0,EMIRATES,0.7176,1213.5,363.4,77.4,71.4,1920,1080,0.266,1252.2,399.1
Round1,Q2,3332,1666.0,EMIRATES,0.8579,791.5,504.9,128.9,64.5,1920,1080,0.401,856.0,537.2
Round1,Q2,3333,1666.5,EMIRATES,0.5331,1482.9,0.0,115.1,473.5,1920,1080,2.629,1540.4,236.8
Round1,Q2,3333,1666.5,EMIRATES,0.3577,1489.7,218.1,160.3,712.6,1920,1080,5.51,1569.9,574.4
Round1,Q2,3337,1668.5,EMIRATES,0.8005,1649.9,570.9,28.2,121.9,1920,1080,0.166,1664.0,631.9
Round1,Q2,3337,1668.5,EMIRATES,0.7932,524.1,429.5,25.1,116.4,1920,1080,0.141,536.6,487.7
Round1,Q2,3337,1668.5,EMIRATES,0.7818,526.0,559.7,25.0,109.3,1920,1080,0.132,538.5,614.3
Round1,Q2,3337,1668.5,EMIRATES,0.7747,1077.3,563.5,26.8,115.1,1920,1080,0.149,1090.7,621.1
Round1,Q2,3337,1668.5,EMIRATES,0.7664,1076.7,438.3,27.4,114.4,1920,1080,0.151,1090.4,495.5
Round1,Q2,3337,1668.5,EMIRATES,0.7653,1651.9,440.4,25.3,116.3,1920,1080,0.142,1664.5,498.6
Round1,Q2,3338,1669.0,EMIRATES,0.8976,356.5,932.6,65.3,28.0,1920,1080,0.088,389.2,946.6
Round1,Q2,3338,1669.0,EMIRATES,0.8265,1152.9,548.7,26.8,121.6,1920,1080,0.157,1166.3,609.5
Round1,Q2,3338,1669.0,EMIRATES,0.8076,23.2,403.6,25.8,118.8,1920,1080,0.148,36.1,463.0
Round1,Q2,3338,1669.0,EMIRATES,0.8046,1153.0,421.8,26.0,117.1,1920,1080,0.147,1166.0,480.3
Round1,Q2,3338,1669.0,EMIRATES,0.8028,24.5,533.2,26.6,118.9,1920,1080,0.153,37.8,592.7
Round1,Q2,3338,1669.0,EMIRATES,0.7982,587.1,544.4,30.2,118.2,1920,1080,0.172,602.3,603.5
Round1,Q2,3338,1669.0,EMIRATES,0.7978,1742.1,425.8,28.3,123.1,1920,1080,0.168,1756.2,487.4
Round1,Q2,3338,1669.0,EMIRATES,0.7961,586.9,415.9,26.4,116.7,1920,1080,0.149,600.1,474.2
Round1,Q2,3338,1669.0,EMIRATES,0.7879,1742.3,558.5,27.1,122.5,1920,1080,0.16,1755.9,619.8
Round1,Q2,3339,1669.5,EMIRATES,0.9051,356.6,932.2,65.7,28.6,1920,1080,0.09,389.5,946.5
Round1,Q2,3339,1669.5,EMIRATES,0.8076,1217.7,401.9,27.7,121.5,1920,1080,0.162,1231.6,462.6
Round1,Q2,3339,1669.5,EMIRATES,0.8057,1822.0,540.4,26.8,126.0,1920,1080,0.163,1835.4,603.4
Round1,Q2,3339,1669.5,EMIRATES,0.7824,1822.5,404.1,26.8,126.3,1920,1080,0.163,1835.9,467.2
Round1,Q2,3339,1669.5,EMIRATES,0.7824,641.6,394.5,26.6,118.8,1920,1080,0.153,654.9,453.9
Round1,Q2,3339,1669.5,EMIRATES,0.7729,69.5,382.4,26.7,120.7,1920,1080,0.155,82.9,442.7
Round1,Q2,3339,1669.5,EMIRATES,0.7718,73.5,514.3,23.3,118.9,1920,1080,0.134,85.1,573.7
Round1,Q2,3339,1669.5,EMIRATES,0.7688,644.3,525.5,23.1,117.3,1920,1080,0.131,655.8,584.2
Round1,Q2,3340,1670.0,EMIRATES,0.9066,356.4,932.1,65.7,28.8,1920,1080,0.091,389.3,946.5
Round1,Q2,3340,1670.0,EMIRATES,0.9028,900.4,456.5,134.0,46.8,1920,1080,0.303,967.5,479.9
Round1,Q2,3341,1670.5,EMIRATES,0.9089,356.2,932.1,65.3,28.9,1920,1080,0.091,388.9,946.5
Round1,Q2,3341,1670.5,EMIRATES,0.9037,1003.1,446.5,109.4,46.8,1920,1080,0.247,1057.8,469.9
Round1,Q2,3342,1671.0,EMIRATES,0.9079,356.2,932.0,65.1,28.9,1920,1080,0.091,388.8,946.4
Round1,Q2,3342,1671.0,EMIRATES,0.8697,1039.8,463.8,71.7,58.3,1920,1080,0.202,1075.6,492.9
Round1,Q2,3343,1671.5,EMIRATES,0.9046,356.2,932.1,65.4,28.7,1920,1080,0.09,388.9,946.4
Round1,Q2,3343,1671.5,EMIRATES,0.8498,1012.4,556.0,47.0,52.5,1920,1080,0.119,1035.9,582.2
Round1,Q2,3344,1672.0,EMIRATES,0.908,356.2,932.0,65.3,28.8,1920,1080,0.091,388.9,946.4
Round1,Q2,3344,1672.0,EMIRATES,0.8903,926.4,542.8,133.6,51.8,1920,1080,0.334,993.3,568.7
Round1,Q2,3345,1672.5,EMIRATES,0.9084,356.3,932.0,65.1,28.8,1920,1080,0.091,388.8,946.4
Round1,Q2,3345,1672.5,EMIRATES,0.8614,958.3,480.3,35.6,12.2,1920,1080,0.021,976.1,486.4
Round1,Q2,3345,1672.5,EMIRATES,0.8146,97.5,453.4,49.7,16.3,1920,1080,0.039,122.4,461.5
Round1,Q2,3346,1673.0,EMIRATES,0.8662,971.7,454.6,43.7,13.2,1920,1080,0.028,993.5,461.2
Round1,Q2,3346,1673.0,EMIRATES,0.8156,652.8,471.8,38.1,13.3,1920,1080,0.024,671.9,478.4
Round1,Q2,3347,1673.5,EMIRATES,0.8565,830.0,448.0,58.2,17.6,1920,1080,0.049,859.1,456.8
Round1,Q2,3348,1674.0,EMIRATES,0.8721,674.5,480.6,46.7,19.1,1920,1080,0.043,697.8,490.1
Round1,Q2,3349,1674.5,EMIRATES,0.8757,785.6,493.0,73.5,21.3,1920,1080,0.075,822.3,503.6
Round1,Q2,3350,1675.0,EMIRATES,0.8965,785.9,496.4,100.7,27.8,1920,1080,0.135,836.2,510.3
Round1,Q2,3351,1675.5,EMIRATES,0.8705,695.1,507.8,100.3,33.8,1920,1080,0.164,745.2,524.7
Round1,Q2,3352,1676.0,EMIRATES,0.8602,789.6,494.8,143.2,69.1,1920,1080,0.477,861.2,529.4
Round1,Q2,3353,1676.5,EMIRATES,0.8621,78.2,480.1,228.3,62.3,1920,1080,0.686,192.4,511.3
Round1,Q2,3354,1677.0,EMIRATES,0.8479,305.0,475.0,124.4,48.9,1920,1080,0.293,367.1,499.5
Round1,Q2,3354,1677.0,EMIRATES,0.3496,1785.0,311.2,24.6,67.7,1920,1080,0.08,1797.3,345.1
Round1,Q2,3355,1677.5,EMIRATES,0.8655,160.3,471.9,128.1,49.6,1920,1080,0.307,224.3,496.8
Round1,Q2,3355,1677.5,EMIRATES,0.7242,1173.4,629.4,76.8,38.1,1920,1080,0.141,1211.7,648.4
Round1,Q2,3355,1677.5,EMIRATES,0.521,1411.9,309.8,24.5,70.6,1920,1080,0.084,1424.2,345.1
Round1,Q2,3356,1678.0,EMIRATES,0.8961,1071.3,490.1,153.2,42.5,1920,1080,0.314,1147.9,511.4
Round1,Q2,3356,1678.0,EMIRATES,0.6891,388.3,554.3,46.4,67.8,1920,1080,0.152,411.5,588.2
Round1,Q2,3356,1678.0,EMIRATES,0.4116,1623.5,310.4,32.0,76.7,1920,1080,0.118,1639.5,348.7
Round1,Q2,3357,1678.5,EMIRATES,0.8859,300.1,639.4,129.3,49.1,1920,1080,0.306,364.7,663.9
Round1,Q2,3357,1678.5,EMIRATES,0.8794,1051.6,494.0,121.2,36.1,1920,1080,0.211,1112.2,512.1
Round1,Q2,3357,1678.5,EMIRATES,0.6847,1281.6,551.0,70.8,37.0,1920,1080,0.126,1317.0,569.6
Round1,Q2,3358,1679.0,EMIRATES,0.8152,986.7,497.1,98.7,25.3,1920,1080,0.121,1036.1,509.7
Round1,Q2,3358,1679.0,EMIRATES,0.7637,1267.7,613.4,50.6,26.1,1920,1080,0.064,1293.0,626.5
Round1,Q2,3358,1679.0,EMIRATES,0.7006,1598.2,522.4,49.2,13.8,1920,1080,0.033,1622.7,529.3
Round1,Q2,3359,1679.5,EMIRATES,0.8671,435.4,544.7,147.4,48.5,1920,1080,0.345,509.1,569.0
Round1,Q2,3359,1679.5,EMIRATES,0.8016,1002.3,503.1,78.7,30.0,1920,1080,0.114,1041.6,518.1
Round1,Q2,3360,1680.0,EMIRATES,0.8779,470.2,546.4,137.6,40.2,1920,1080,0.266,539.0,566.5
Round1,Q2,3360,1680.0,EMIRATES,0.8645,762.4,506.2,62.2,19.9,1920,1080,0.06,793.4,516.2
Round1,Q2,3360,1680.0,EMIRATES,0.4442,993.6,590.9,41.4,11.9,1920,1080,0.024,1014.3,596.9
Round1,Q2,3361,1680.5,EMIRATES,0.8794,645.7,542.8,118.0,34.7,1920,1080,0.197,704.7,560.2
Round1,Q2,3361,1680.5,EMIRATES,0.8635,954.5,577.4,37.9,12.5,1920,1080,0.023,973.5,583.6
Round1,Q2,3361,1680.5,EMIRATES,0.3562,748.6,523.5,46.7,20.6,1920,1080,0.046,772.0,533.7
Round1,Q2,3362,1681.0,EMIRATES,0.8825,736.8,548.6,100.7,39.3,1920,1080,0.191,787.2,568.2
Round1,Q2,3362,1681.0,EMIRATES,0.8623,947.8,583.6,42.1,14.5,1920,1080,0.029,968.8,590.9
Round1,Q2,3362,1681.0,JAMESON,0.5169,609.6,162.6,66.0,14.3,1920,1080,0.046,642.6,169.7
Round1,Q2,3362,1681.0,JAMESON,0.4111,689.4,166.6,72.7,14.5,1920,1080,0.051,725.7,173.8
Round1,Q2,3362,1681.0,JAMESON,0.3233,520.2,157.6,74.6,16.6,1920,1080,0.06,557.5,165.9
Round1,Q2,3362,1681.0,EMIRATES,0.3085,825.4,528.1,52.7,18.1,1920,1080,0.046,851.8,537.2
Round1,Q2,3363,1681.5,EMIRATES,0.8977,806.9,544.4,93.1,28.9,1920,1080,0.13,853.4,558.9
Round1,Q2,3371,1685.5,EMIRATES,0.8594,972.2,358.3,50.1,23.7,1920,1080,0.057,997.3,370.1
Round1,Q2,3371,1685.5,EMIRATES,0.7655,248.0,524.8,31.6,17.3,1920,1080,0.026,263.8,533.4
Round1,Q2,3372,1686.0,EMIRATES,0.8661,386.5,493.2,40.6,18.3,1920,1080,0.036,406.8,502.4
Round1,Q2,3372,1686.0,EMIRATES,0.6594,1082.8,348.0,38.3,14.6,1920,1080,0.027,1101.9,355.3
Round1,Q2,3373,1686.5,EMIRATES,0.8417,457.6,416.6,47.9,14.3,1920,1080,0.033,481.5,423.7
Round1,Q2,3374,1687.0,EMIRATES,0.8835,0.0,287.4,32.4,23.3,1920,1080,0.036,16.2,299.1
Round1,Q2,3375,1687.5,EMIRATES,0.8597,144.5,140.2,31.3,33.4,1920,1080,0.05,160.2,156.9
Round1,Q2,3375,1687.5,EMIRATES,0.5233,819.0,313.4,34.5,20.8,1920,1080,0.035,836.3,323.8
Round1,Q2,3376,1688.0,EMIRATES,0.8844,949.8,281.9,47.1,23.6,1920,1080,0.054,973.3,293.7
Round1,Q2,3377,1688.5,EMIRATES,0.8935,732.1,155.6,40.4,15.6,1920,1080,0.03,752.3,163.3
Round1,Q2,3377,1688.5,EMIRATES,0.8334,960.1,300.6,31.9,14.6,1920,1080,0.022,976.1,307.9
Round1,Q2,3379,1689.5,EMIRATES,0.8467,1280.1,596.6,50.6,25.0,1920,1080,0.061,1305.4,609.1
Round1,Q2,3380,1690.0,EMIRATES,0.8941,1422.9,381.3,49.2,22.6,1920,1080,0.054,1447.5,392.6
Round1,Q2,3381,1690.5,EMIRATES,0.8694,1198.2,398.7,55.7,24.2,1920,1080,0.065,1226.0,410.8
Round1,Q2,3382,1691.0,EMIRATES,0.8716,1058.0,329.1,27.0,37.4,1920,1080,0.049,1071.5,347.8
Round1,Q2,3383,1691.5,CYBERCX,0.5804,796.3,315.1,35.4,7.7,1920,1080,0.013,814.0,318.9
Round1,Q2,3383,1691.5,ACCESS_COVERS,0.4435,836.3,315.2,34.7,7.7,1920,1080,0.013,853.6,319.0
Round1,Q2,3384,1692.0,ACCESS_COVERS,0.5997,827.6,313.6,36.7,7.9,1920,1080,0.014,845.9,317.6
Round1,Q2,3384,1692.0,CYBERCX,0.5275,790.5,313.7,33.7,7.7,1920,1080,0.013,807.4,317.5
Round1,Q2,3385,1692.5,ACCESS_COVERS,0.5277,821.2,312.1,37.1,7.9,1920,1080,0.014,839.8,316.0
Round1,Q2,3386,1693.0,ACCESS_COVERS,0.7343,811.0,309.1,36.5,7.4,1920,1080,0.013,829.3,312.8
Round1,Q2,3386,1693.0,CYBERCX,0.5711,771.2,308.0,34.2,8.1,1920,1080,0.013,788.3,312.0
Round1,Q2,3387,1693.5,ACCESS_COVERS,0.6795,808.7,305.9,38.0,7.6,1920,1080,0.014,827.7,309.7
Round1,Q2,3387,1693.5,CYBERCX,0.5835,769.1,305.7,34.0,7.5,1920,1080,0.012,786.1,309.4
Round1,Q2,3388,1694.0,ACCESS_COVERS,0.7048,805.2,302.5,38.6,7.4,1920,1080,0.014,824.6,306.2
Round1,Q2,3388,1694.0,CYBERCX,0.5843,765.3,302.3,35.7,7.6,1920,1080,0.013,783.2,306.1
Round1,Q2,3389,1694.5,ACCESS_COVERS,0.6879,802.4,299.0,38.1,7.5,1920,1080,0.014,821.4,302.8
Round1,Q2,3389,1694.5,CYBERCX,0.5206,762.1,298.3,36.5,8.1,1920,1080,0.014,780.3,302.3
Round1,Q2,3390,1695.0,CYBERCX,0.557,719.0,281.6,36.2,7.4,1920,1080,0.013,737.1,285.3
Round1,Q2,3390,1695.0,ACCESS_COVERS,0.4973,760.2,282.0,40.2,7.7,1920,1080,0.015,780.3,285.8
Round1,Q2,3391,1695.5,ACCESS_COVERS,0.4683,741.1,233.1,39.3,8.1,1920,1080,0.015,760.7,237.2
Round1,Q2,3391,1695.5,CYBERCX,0.3002,698.6,232.0,36.6,8.4,1920,1080,0.015,716.9,236.3
Round1,Q2,3392,1696.0,ACCESS_COVERS,0.3299,739.4,232.8,40.0,8.4,1920,1080,0.016,759.4,237.0
Round1,Q2,3393,1696.5,CYBERCX,0.5921,689.4,228.4,38.4,8.6,1920,1080,0.016,708.6,232.7
Round1,Q2,3393,1696.5,ACCESS_COVERS,0.4683,731.8,229.2,41.1,8.3,1920,1080,0.016,752.4,233.4
Round1,Q2,3398,1699.0,EMIRATES,0.8932,1023.9,598.2,88.2,23.7,1920,1080,0.101,1068.0,610.0
Round1,Q2,3399,1699.5,EMIRATES,0.8938,693.1,743.3,80.8,27.4,1920,1080,0.107,733.5,757.0
Round1,Q2,3400,1700.0,EMIRATES,0.9008,217.3,758.8,77.7,38.0,1920,1080,0.142,256.1,777.8
Round1,Q2,3400,1700.0,EMIRATES,0.8385,438.2,438.9,70.1,20.4,1920,1080,0.069,473.3,449.1
Round1,Q2,3400,1700.0,EMIRATES,0.7306,937.1,359.5,44.9,27.0,1920,1080,0.059,959.6,373.0
Round1,Q2,3401,1700.5,EMIRATES,0.8519,194.2,480.2,67.4,26.9,1920,1080,0.087,227.9,493.7
Round1,Q2,3401,1700.5,EMIRATES,0.7082,105.2,475.7,30.4,21.3,1920,1080,0.031,120.4,486.3
Round1,Q2,3403,1701.5,EMIRATES,0.8956,1792.8,488.1,54.0,17.3,1920,1080,0.045,1819.8,496.8
Round1,Q2,3404,1702.0,EMIRATES,0.8877,1487.6,433.4,53.7,17.6,1920,1080,0.046,1514.5,442.2
Round1,Q2,3406,1703.0,EMIRATES,0.7974,1901.6,490.5,18.3,23.8,1920,1080,0.021,1910.8,502.4
Round1,Q2,3406,1703.0,EMIRATES,0.6712,787.1,368.3,20.9,17.4,1920,1080,0.018,797.5,377.0
Round1,Q2,3408,1704.0,EMIRATES,0.802,1410.3,245.6,52.6,18.6,1920,1080,0.047,1436.6,254.9
Round1,Q2,3409,1704.5,EMIRATES,0.8942,1459.3,235.9,70.1,19.3,1920,1080,0.065,1494.3,245.5
Round1,Q2,3409,1704.5,EMIRATES,0.8839,358.1,384.2,67.8,22.1,1920,1080,0.072,392.0,395.2
Round1,Q2,3410,1705.0,EMIRATES,0.8608,1423.9,386.9,42.4,13.4,1920,1080,0.027,1445.2,393.6
Round1,Q2,3411,1705.5,EMIRATES,0.7375,47.1,483.6,32.1,11.3,1920,1080,0.017,63.1,489.2
Round1,Q2,3411,1705.5,EMIRATES,0.3845,1406.7,422.9,21.2,11.0,1920,1080,0.011,1417.4,428.4
Round1,Q2,3412,1706.0,EMIRATES,0.5934,331.9,807.5,25.4,11.3,1920,1080,0.014,344.6,813.1
Round1,Q2,3413,1706.5,EMIRATES,0.8535,654.2,771.4,27.8,13.6,1920,1080,0.018,668.0,778.2
Round1,Q2,3414,1707.0,EMIRATES,0.8747,831.7,814.1,29.4,13.5,1920,1080,0.019,846.4,820.8
Round1,Q2,3414,1707.0,EMIRATES,0.3537,1406.7,379.5,24.9,9.1,1920,1080,0.011,1419.2,384.0
Round1,Q2,3415,1707.5,EMIRATES,0.7094,1032.7,818.4,23.5,15.0,1920,1080,0.017,1044.4,825.9
Round1,Q2,3415,1707.5,EMIRATES,0.547,1482.0,385.1,21.6,11.7,1920,1080,0.012,1492.7,390.9
Round1,Q2,3416,1708.0,EMIRATES,0.8615,1380.1,937.1,32.8,13.3,1920,1080,0.021,1396.5,943.7
Round1,Q2,3422,1711.0,EMIRATES,0.8052,104.2,610.6,32.3,139.5,1920,1080,0.217,120.3,680.4
Round1,Q2,3422,1711.0,EMIRATES,0.7923,818.7,606.0,30.5,141.5,1920,1080,0.208,833.9,676.7
Round1,Q2,3422,1711.0,EMIRATES,0.7798,1539.1,601.7,30.6,145.4,1920,1080,0.215,1554.4,674.4
Round1,Q2,3422,1711.0,EMIRATES,0.7693,103.6,762.8,34.2,146.1,1920,1080,0.241,120.7,835.9
Round1,Q2,3422,1711.0,EMIRATES,0.7648,1538.2,756.5,34.3,147.4,1920,1080,0.244,1555.3,830.2
Round1,Q2,3422,1711.0,EMIRATES,0.6773,817.8,757.8,29.9,69.9,1920,1080,0.101,832.7,792.7
Round1,Q2,3423,1711.5,EMIRATES,0.813,102.2,608.5,31.3,138.0,1920,1080,0.208,117.8,677.5
Round1,Q2,3423,1711.5,EMIRATES,0.8015,99.4,758.3,33.1,143.2,1920,1080,0.228,116.0,829.9
Round1,Q2,3423,1711.5,EMIRATES,0.7882,1496.6,751.8,29.0,142.9,1920,1080,0.2,1511.1,823.2
Round1,Q2,3423,1711.5,EMIRATES,0.7824,1495.5,602.1,30.5,140.8,1920,1080,0.207,1510.8,672.4
Round1,Q2,3423,1711.5,EMIRATES,0.7699,795.7,604.4,30.1,136.3,1920,1080,0.198,810.7,672.6
Round1,Q2,3424,1712.0,EMIRATES,0.807,102.2,607.1,31.0,132.9,1920,1080,0.199,117.7,673.6
Round1,Q2,3424,1712.0,EMIRATES,0.7893,100.8,750.3,32.5,134.9,1920,1080,0.211,117.1,817.8
Round1,Q2,3424,1712.0,EMIRATES,0.7695,771.1,603.7,27.6,111.6,1920,1080,0.148,784.9,659.5
Round1,Q2,3424,1712.0,EMIRATES,0.7593,1442.5,743.7,31.1,137.7,1920,1080,0.207,1458.1,812.6
Round1,Q2,3424,1712.0,EMIRATES,0.7489,1443.5,599.1,29.9,134.3,1920,1080,0.194,1458.5,666.2
Round1,Q2,3425,1712.5,EMIRATES,0.8076,85.1,606.5,29.5,132.6,1920,1080,0.189,99.9,672.8
Round1,Q2,3425,1712.5,EMIRATES,0.79,745.9,602.0,28.1,125.7,1920,1080,0.17,760.0,664.9
Round1,Q2,3425,1712.5,EMIRATES,0.7848,1410.4,740.7,30.5,131.9,1920,1080,0.194,1425.7,806.7
Round1,Q2,3425,1712.5,EMIRATES,0.7698,1411.2,597.8,28.5,131.9,1920,1080,0.181,1425.4,663.8
Round1,Q2,3425,1712.5,EMIRATES,0.7662,83.2,748.2,31.8,134.2,1920,1080,0.206,99.1,815.3
Round1,Q2,3426,1713.0,EMIRATES,0.8107,55.4,605.8,29.9,133.1,1920,1080,0.192,70.4,672.4
Round1,Q2,3426,1713.0,EMIRATES,0.7675,1381.0,740.1,29.5,137.2,1920,1080,0.195,1395.7,808.8
Round1,Q2,3426,1713.0,EMIRATES,0.7556,1383.1,597.7,26.8,129.9,1920,1080,0.168,1396.5,662.7
Round1,Q2,3426,1713.0,EMIRATES,0.7498,53.3,747.0,32.4,135.3,1920,1080,0.211,69.4,814.6
Round1,Q2,3426,1713.0,EMIRATES,0.6031,717.4,602.4,27.5,95.3,1920,1080,0.126,731.1,650.1
Round1,Q2,3427,1713.5,EMIRATES,0.7823,1353.8,596.5,28.5,130.8,1920,1080,0.18,1368.0,661.8
Round1,Q2,3427,1713.5,EMIRATES,0.7815,21.8,747.4,29.5,134.2,1920,1080,0.191,36.6,814.5
Round1,Q2,3427,1713.5,EMIRATES,0.7799,21.9,605.5,31.8,132.3,1920,1080,0.203,37.7,671.7
Round1,Q2,3427,1713.5,EMIRATES,0.778,1352.0,738.2,32.2,135.8,1920,1080,0.211,1368.1,806.1
Round1,Q2,3427,1713.5,EMIRATES,0.6744,687.8,601.5,28.8,86.1,1920,1080,0.12,702.2,644.5
Round1,Q2,3428,1714.0,EMIRATES,0.7813,1334.7,596.0,28.5,132.0,1920,1080,0.182,1349.0,662.0
Round1,Q2,3428,1714.0,EMIRATES,0.7757,1331.6,739.3,32.8,136.1,1920,1080,0.215,1348.0,807.3
Round1,Q2,3428,1714.0,EMIRATES,0.7266,655.6,599.1,28.8,89.6,1920,1080,0.124,670.0,643.9
Round1,Q2,3429,1714.5,EMIRATES,0.7937,1315.0,744.9,31.6,143.5,1920,1080,0.219,1330.8,816.7
Round1,Q2,3429,1714.5,EMIRATES,0.7599,1317.0,595.8,30.5,139.3,1920,1080,0.205,1332.3,665.4
Round1,Q2,3429,1714.5,EMIRATES,0.7079,619.2,601.5,29.7,98.0,1920,1080,0.14,634.0,650.5
Round1,Q2,3430,1715.0,EMIRATES,0.7951,1306.3,746.2,31.5,147.1,1920,1080,0.223,1322.0,819.8
Round1,Q2,3430,1715.0,EMIRATES,0.7922,1307.4,596.4,30.3,138.8,1920,1080,0.203,1322.6,665.8
Round1,Q2,3430,1715.0,EMIRATES,0.7747,597.6,600.7,30.0,99.7,1920,1080,0.144,612.6,650.5
Round1,Q2,3431,1715.5,EMIRATES,0.7701,1301.0,595.5,29.8,143.2,1920,1080,0.206,1315.9,667.1
Round1,Q2,3431,1715.5,EMIRATES,0.7442,1297.9,748.3,34.9,148.6,1920,1080,0.25,1315.4,822.6
Round1,Q2,3431,1715.5,EMIRATES,0.7378,582.3,601.2,29.4,98.3,1920,1080,0.139,597.0,650.4
Round1,Q2,3432,1716.0,EMIRATES,0.7634,1291.4,749.6,29.7,144.5,1920,1080,0.207,1306.2,821.8
Round1,Q2,3432,1716.0,EMIRATES,0.7595,1291.6,593.5,31.3,145.6,1920,1080,0.22,1307.3,666.3
Round1,Q2,3432,1716.0,EMIRATES,0.7094,564.4,598.3,29.9,99.8,1920,1080,0.144,579.4,648.1
Round1,Q2,3433,1716.5,EMIRATES,0.7718,1285.0,592.0,31.2,145.5,1920,1080,0.219,1300.5,664.7
Round1,Q2,3433,1716.5,EMIRATES,0.7701,1283.2,749.5,32.1,149.0,1920,1080,0.231,1299.2,824.0
Round1,Q2,3433,1716.5,EMIRATES,0.7292,547.6,595.8,29.7,101.8,1920,1080,0.146,562.4,646.6
Round1,Q2,3434,1717.0,EMIRATES,0.7643,1276.5,590.7,31.6,147.7,1920,1080,0.225,1292.3,664.6
Round1,Q2,3434,1717.0,EMIRATES,0.7591,1274.1,749.1,33.6,150.5,1920,1080,0.244,1290.9,824.3
Round1,Q2,3434,1717.0,EMIRATES,0.726,528.9,595.6,30.2,107.0,1920,1080,0.156,544.0,649.1
Round1,Q2,3435,1717.5,EMIRATES,0.7434,1262.3,582.3,33.2,151.8,1920,1080,0.243,1278.9,658.2
Round1,Q2,3435,1717.5,EMIRATES,0.7286,1259.7,746.3,34.5,153.6,1920,1080,0.256,1276.9,823.2
Round1,Q2,3435,1717.5,EMIRATES,0.7134,492.7,586.3,31.1,107.9,1920,1080,0.162,508.2,640.3
Round1,Q2,3436,1718.0,EMIRATES,0.7974,438.6,572.5,34.0,154.3,1920,1080,0.253,455.6,649.7
Round1,Q2,3436,1718.0,EMIRATES,0.7837,1245.3,567.6,34.2,156.7,1920,1080,0.258,1262.4,646.0
Round1,Q2,3436,1718.0,EMIRATES,0.561,1244.3,740.5,33.8,152.4,1920,1080,0.248,1261.2,816.7
Round1,Q2,3437,1718.5,EMIRATES,0.784,408.2,564.0,35.5,160.4,1920,1080,0.275,426.0,644.2
Round1,Q2,3437,1718.5,EMIRATES,0.7629,406.7,736.1,36.2,175.0,1920,1080,0.305,424.8,823.6
Round1,Q2,3437,1718.5,EMIRATES,0.7551,1238.1,557.5,33.7,162.1,1920,1080,0.263,1254.9,638.5
Round1,Q2,3438,1719.0,EMIRATES,0.794,380.9,550.7,36.9,167.6,1920,1080,0.298,399.3,634.5
Round1,Q2,3438,1719.0,EMIRATES,0.7934,1225.2,726.4,36.9,170.6,1920,1080,0.304,1243.7,811.7
Round1,Q2,3438,1719.0,EMIRATES,0.7809,1228.3,545.3,35.6,168.3,1920,1080,0.289,1246.1,629.5
Round1,Q2,3438,1719.0,EMIRATES,0.7806,380.0,729.9,37.9,173.2,1920,1080,0.317,399.0,816.5
Round1,Q2,3439,1719.5,EMIRATES,0.7938,352.1,541.6,37.1,166.8,1920,1080,0.299,370.6,625.0
Round1,Q2,3439,1719.5,EMIRATES,0.7936,352.0,722.7,37.5,176.1,1920,1080,0.319,370.8,810.8
Round1,Q2,3439,1719.5,EMIRATES,0.7809,1215.8,717.8,37.4,175.6,1920,1080,0.316,1234.4,805.6
Round1,Q2,3439,1719.5,EMIRATES,0.7587,1217.2,535.2,35.9,169.6,1920,1080,0.293,1235.1,619.9
Round1,Q2,3440,1720.0,EMIRATES,0.7912,322.9,527.9,37.1,170.2,1920,1080,0.305,341.5,613.0
Round1,Q2,3440,1720.0,EMIRATES,0.787,1205.6,711.7,37.7,174.8,1920,1080,0.318,1224.4,799.1
Round1,Q2,3440,1720.0,EMIRATES,0.7819,1206.6,521.2,35.6,173.9,1920,1080,0.298,1224.4,608.1
Round1,Q2,3440,1720.0,EMIRATES,0.7747,322.4,716.2,37.7,173.4,1920,1080,0.315,341.2,802.9
Round1,Q2,3441,1720.5,EMIRATES,0.8191,291.3,706.1,39.5,181.7,1920,1080,0.346,311.0,797.0
Round1,Q2,3441,1720.5,EMIRATES,0.7935,293.2,513.7,38.6,179.7,1920,1080,0.334,312.5,603.5
Round1,Q2,3441,1720.5,EMIRATES,0.7824,1196.6,510.7,36.8,176.4,1920,1080,0.313,1215.0,598.9
Round1,Q2,3441,1720.5,EMIRATES,0.7777,1194.6,699.8,38.4,186.4,1920,1080,0.345,1213.8,793.0
Round1,Q2,3442,1721.0,EMIRATES,0.79,1184.0,691.7,39.3,187.0,1920,1080,0.354,1203.6,785.2
Round1,Q2,3442,1721.0,EMIRATES,0.7825,258.8,699.3,40.0,185.5,1920,1080,0.358,278.9,792.0
Round1,Q2,3442,1721.0,EMIRATES,0.778,259.7,504.5,40.5,179.5,1920,1080,0.35,279.9,594.3
Round1,Q2,3442,1721.0,EMIRATES,0.7423,1186.4,496.3,37.8,176.7,1920,1080,0.322,1205.3,584.6
Round1,Q2,3442,1721.0,EMIRATES,0.7156,773.2,728.9,42.8,13.5,1920,1080,0.028,794.6,735.7
Round1,Q2,3444,1722.0,EMIRATES,0.6876,588.7,632.3,28.6,9.7,1920,1080,0.013,603.0,637.1
Round1,Q2,3445,1722.5,EMIRATES,0.7297,602.4,665.2,30.0,9.5,1920,1080,0.014,617.4,669.9
Round1,Q2,3446,1723.0,EMIRATES,0.7205,454.5,555.4,22.4,9.3,1920,1080,0.01,465.7,560.0
Round1,Q2,3447,1723.5,EMIRATES,0.8183,687.8,765.8,34.5,11.9,1920,1080,0.02,705.0,771.7
Round1,Q2,3447,1723.5,EMIRATES,0.6891,702.4,280.6,22.6,13.7,1920,1080,0.015,713.7,287.5
Round1,Q2,3448,1724.0,EMIRATES,0.8633,745.2,784.7,40.6,13.5,1920,1080,0.026,765.5,791.5
Round1,Q2,3449,1724.5,EMIRATES,0.8702,808.6,825.8,51.4,23.9,1920,1080,0.059,834.3,837.7
Round1,Q2,3449,1724.5,EMIRATES,0.6038,907.9,373.4,31.2,24.7,1920,1080,0.037,923.5,385.7
Round1,Q2,3450,1725.0,EMIRATES,0.8475,1123.1,583.3,63.7,33.9,1920,1080,0.104,1154.9,600.2
Round1,Q2,3451,1725.5,EMIRATES,0.8811,915.3,282.5,65.0,24.0,1920,1080,0.075,947.8,294.5
Round1,Q2,3451,1725.5,EMIRATES,0.8503,1271.9,471.8,65.7,21.8,1920,1080,0.069,1304.8,482.7
Round1,Q2,3452,1726.0,EMIRATES,0.8628,1291.7,433.8,84.9,24.5,1920,1080,0.1,1334.1,446.0
Round1,Q2,3453,1726.5,EMIRATES,0.7971,388.5,378.6,53.7,19.9,1920,1080,0.052,415.4,388.6
Round1,Q2,3454,1727.0,EMIRATES,0.7763,893.2,390.3,36.5,23.9,1920,1080,0.042,911.5,402.3
Round1,Q2,3455,1727.5,EMIRATES,0.8685,915.8,345.0,57.1,34.2,1920,1080,0.094,944.3,362.1
Round1,Q2,3456,1728.0,EMIRATES,0.8328,301.0,706.2,51.5,46.2,1920,1080,0.115,326.8,729.3
Round1,Q2,3457,1728.5,EMIRATES,0.8818,245.0,730.1,62.6,32.6,1920,1080,0.098,276.3,746.5
Round1,Q2,3458,1729.0,ACCESS_COVERS,0.8064,1659.6,31.6,152.2,35.6,1920,1080,0.262,1735.7,49.5
Round1,Q2,3459,1729.5,ACCESS_COVERS,0.821,1441.5,47.8,150.2,36.3,1920,1080,0.263,1516.5,65.9
Round1,Q2,3460,1730.0,ACCESS_COVERS,0.8319,1266.9,58.5,159.0,40.3,1920,1080,0.309,1346.4,78.7
Round1,Q2,3461,1730.5,ACCESS_COVERS,0.8222,1089.8,64.3,160.3,38.3,1920,1080,0.296,1170.0,83.4
Round1,Q2,3462,1731.0,ACCESS_COVERS,0.7066,752.6,89.2,164.5,42.8,1920,1080,0.339,834.9,110.5
Round1,Q2,3462,1731.0,ACCESS_COVERS,0.4439,1854.4,231.9,65.4,50.0,1920,1080,0.158,1887.1,256.9
Round1,Q2,3463,1731.5,ACCESS_COVERS,0.7789,301.9,154.8,168.6,42.3,1920,1080,0.344,386.2,176.0
Round1,Q2,3468,1734.0,EMIRATES,0.8579,1083.8,392.3,56.7,21.6,1920,1080,0.059,1112.2,403.1
Round1,Q2,3469,1734.5,EMIRATES,0.8841,764.0,334.7,56.8,18.5,1920,1080,0.051,792.4,344.0
Round1,Q2,3470,1735.0,EMIRATES,0.7351,1216.6,300.0,46.5,16.4,1920,1080,0.037,1239.8,308.1
Round1,Q2,3471,1735.5,EMIRATES,0.8445,476.1,265.8,74.0,25.6,1920,1080,0.091,513.1,278.7
Round1,Q2,3471,1735.5,EMIRATES,0.8213,1418.3,575.9,58.8,22.9,1920,1080,0.065,1447.7,587.3
Round1,Q2,3472,1736.0,EMIRATES,0.7969,1244.2,651.6,34.4,17.9,1920,1080,0.03,1261.4,660.5
Round1,Q2,3472,1736.0,EMIRATES,0.641,274.7,772.5,80.7,22.9,1920,1080,0.089,315.1,783.9
Round1,Q2,3485,1742.5,EMIRATES,0.6866,1148.6,561.3,42.3,28.0,1920,1080,0.057,1169.8,575.3
Round1,Q2,3486,1743.0,EMIRATES,0.8755,1294.2,413.9,50.0,16.1,1920,1080,0.039,1319.2,422.0
Round1,Q2,3487,1743.5,EMIRATES,0.8672,959.1,419.1,59.9,21.8,1920,1080,0.063,989.0,430.0
Round1,Q2,3487,1743.5,EMIRATES,0.861,1253.8,646.7,70.0,22.6,1920,1080,0.076,1288.8,658.1
Round1,Q2,3487,1743.5,EMIRATES,0.7718,1259.3,479.5,50.6,19.3,1920,1080,0.047,1284.6,489.1
Round1,Q2,3488,1744.0,EMIRATES,0.8798,1124.3,595.2,56.9,18.7,1920,1080,0.051,1152.7,604.5
Round1,Q2,3489,1744.5,EMIRATES,0.8823,1086.9,550.2,60.5,31.6,1920,1080,0.092,1117.2,566.0
Round1,Q2,3489,1744.5,EMIRATES,0.5609,1329.9,480.3,28.2,20.5,1920,1080,0.028,1344.0,490.6
Round1,Q2,3490,1745.0,EMIRATES,0.8715,1218.1,371.0,36.4,26.8,1920,1080,0.047,1236.2,384.4
Round1,Q2,3491,1745.5,ACCESS_COVERS,0.8325,225.0,130.7,200.7,49.5,1920,1080,0.479,325.4,155.4
Round1,Q2,3492,1746.0,ACCESS_COVERS,0.7006,0.0,143.7,144.4,46.4,1920,1080,0.323,72.2,167.0
Round1,Q2,3498,1749.0,EMIRATES,0.6385,1352.9,532.2,23.5,67.3,1920,1080,0.076,1364.6,565.9
Round1,Q2,3498,1749.0,EMIRATES,0.3112,1742.0,540.4,28.1,125.5,1920,1080,0.17,1756.1,603.1
Round1,Q2,3499,1749.5,EMIRATES,0.7403,1409.1,540.9,18.3,68.2,1920,1080,0.06,1418.3,575.1
Round1,Q2,3499,1749.5,EMIRATES,0.7277,1005.8,537.7,16.9,72.4,1920,1080,0.059,1014.2,573.9
Round1,Q2,3499,1749.5,EMIRATES,0.6921,1198.4,574.4,17.3,68.3,1920,1080,0.057,1207.1,608.5
Round1,Q2,3499,1749.5,EMIRATES,0.6865,1642.4,649.1,17.2,68.8,1920,1080,0.057,1651.0,683.5
Round1,Q2,3499,1749.5,EMIRATES,0.6638,1408.8,612.9,18.1,66.8,1920,1080,0.058,1417.9,646.3
Round1,Q2,3499,1749.5,EMIRATES,0.6161,1006.3,480.8,16.6,47.3,1920,1080,0.038,1014.6,504.5
Round1,Q2,3499,1749.5,EMIRATES,0.5763,1642.9,573.4,18.3,71.3,1920,1080,0.063,1652.0,609.1
Round1,Q2,3499,1749.5,EMIRATES,0.3779,1198.2,510.7,18.4,54.0,1920,1080,0.048,1207.3,537.7
Round1,Q2,3500,1750.0,EMIRATES,0.7738,817.2,552.7,16.4,73.8,1920,1080,0.059,825.4,589.6
Round1,Q2,3500,1750.0,EMIRATES,0.7672,1524.4,665.4,17.0,76.6,1920,1080,0.063,1532.8,703.7
Round1,Q2,3500,1750.0,EMIRATES,0.7587,1265.9,547.0,17.4,75.5,1920,1080,0.063,1274.6,584.7
Round1,Q2,3500,1750.0,EMIRATES,0.7539,1032.5,588.4,16.9,72.4,1920,1080,0.059,1040.9,624.6
Round1,Q2,3500,1750.0,EMIRATES,0.7507,816.4,482.3,16.5,60.5,1920,1080,0.048,824.6,512.5
Round1,Q2,3500,1750.0,EMIRATES,0.744,1525.0,582.4,15.9,75.3,1920,1080,0.058,1533.0,620.1
Round1,Q2,3500,1750.0,EMIRATES,0.727,1031.2,513.6,18.0,68.9,1920,1080,0.06,1040.2,548.0
Round1,Q2,3500,1750.0,EMIRATES,0.6806,1266.6,627.6,17.7,71.1,1920,1080,0.061,1275.5,663.1
Round1,Q2,3501,1750.5,EMIRATES,0.7982,895.0,605.6,19.6,86.5,1920,1080,0.082,904.8,648.9
Round1,Q2,3501,1750.5,EMIRATES,0.7961,632.1,563.3,19.6,83.6,1920,1080,0.079,641.9,605.1
Round1,Q2,3501,1750.5,EMIRATES,0.7792,1177.2,554.9,19.6,87.5,1920,1080,0.083,1187.0,598.6
Round1,Q2,3501,1750.5,EMIRATES,0.7789,894.1,512.5,19.7,84.8,1920,1080,0.081,904.0,554.9
Round1,Q2,3501,1750.5,EMIRATES,0.7543,1488.6,694.9,19.6,91.9,1920,1080,0.087,1498.4,740.8
Round1,Q2,3501,1750.5,EMIRATES,0.7503,1488.9,595.2,18.1,89.4,1920,1080,0.078,1497.9,639.9
Round1,Q2,3501,1750.5,EMIRATES,0.7299,631.3,475.5,18.4,71.4,1920,1080,0.064,640.5,511.3
Round1,Q2,3501,1750.5,EMIRATES,0.7126,1178.0,650.3,20.8,86.4,1920,1080,0.087,1188.4,693.5
Round1,Q2,3502,1751.0,EMIRATES,0.7904,1173.5,551.9,20.5,94.4,1920,1080,0.093,1183.8,599.1
Round1,Q2,3502,1751.0,EMIRATES,0.7818,577.8,466.2,16.8,83.9,1920,1080,0.068,586.2,508.2
Round1,Q2,3502,1751.0,EMIRATES,0.7799,865.5,608.3,20.0,92.5,1920,1080,0.089,875.5,654.6
Round1,Q2,3502,1751.0,EMIRATES,0.778,578.9,563.4,18.8,90.4,1920,1080,0.082,588.3,608.6
Round1,Q2,3502,1751.0,EMIRATES,0.7677,864.7,508.5,19.0,89.5,1920,1080,0.082,874.3,553.3
Round1,Q2,3502,1751.0,EMIRATES,0.762,1513.2,704.7,21.3,101.2,1920,1080,0.104,1523.8,755.3
Round1,Q2,3502,1751.0,EMIRATES,0.7565,1174.1,654.6,22.5,96.4,1920,1080,0.105,1185.3,702.8
Round1,Q2,3502,1751.0,EMIRATES,0.7533,1513.4,595.1,19.6,98.0,1920,1080,0.093,1523.2,644.1
Round1,Q2,3503,1751.5,EMIRATES,0.9089,871.3,321.9,146.8,48.1,1920,1080,0.341,944.7,346.0
Round1,Q2,3504,1752.0,EMIRATES,0.8842,925.5,384.6,147.8,52.4,1920,1080,0.373,999.4,410.7
Round1,Q2,3505,1752.5,EMIRATES,0.7703,865.6,368.4,40.0,49.9,1920,1080,0.096,885.6,393.4
Round1,Q2,3506,1753.0,EMIRATES,0.8901,854.3,498.8,126.8,51.7,1920,1080,0.316,917.7,524.7
Round1,Q2,3507,1753.5,CYBERCX,0.8942,666.1,307.4,233.3,106.1,1920,1080,1.194,782.8,360.5
Round1,Q2,3507,1753.5,CYBERCX,0.8377,186.0,246.4,327.5,107.1,1920,1080,1.692,349.7,299.9
Round1,Q2,3507,1753.5,EMIRATES,0.7471,952.4,444.3,63.9,34.4,1920,1080,0.106,984.4,461.4
Round1,Q2,3507,1753.5,CYBERCX,0.5688,636.5,719.9,99.9,128.4,1920,1080,0.618,686.5,784.0
Round1,Q2,3508,1754.0,CYBERCX,0.8919,665.7,307.5,235.1,105.6,1920,1080,1.197,783.3,360.3
Round1,Q2,3508,1754.0,CYBERCX,0.8216,185.7,246.2,327.7,108.7,1920,1080,1.719,349.6,300.5
Round1,Q2,3508,1754.0,EMIRATES,0.7337,954.7,443.9,63.4,34.7,1920,1080,0.106,986.4,461.3
Round1,Q2,3508,1754.0,CYBERCX,0.6201,632.2,718.8,105.0,129.4,1920,1080,0.655,684.7,783.5
Round1,Q2,3509,1754.5,CYBERCX,0.8919,665.8,307.7,236.6,105.7,1920,1080,1.206,784.1,360.5
Round1,Q2,3509,1754.5,CYBERCX,0.8342,186.1,246.6,328.2,109.1,1920,1080,1.727,350.2,301.1
Round1,Q2,3509,1754.5,EMIRATES,0.7661,955.4,439.1,64.7,35.5,1920,1080,0.111,987.8,456.8
Round1,Q2,3509,1754.5,CYBERCX,0.6697,636.0,717.2,100.0,130.7,1920,1080,0.631,686.0,782.6
Round1,Q2,3509,1754.5,CYBERCX,0.4012,716.1,658.8,71.8,81.1,1920,1080,0.281,752.0,699.3
Round1,Q2,3510,1755.0,CYBERCX,0.884,666.3,306.9,206.4,106.1,1920,1080,1.056,769.5,359.9
Round1,Q2,3510,1755.0,CYBERCX,0.8215,185.8,246.3,328.2,109.0,1920,1080,1.725,349.9,300.8
Round1,Q2,3510,1755.0,EMIRATES,0.7447,962.1,437.4,62.9,36.3,1920,1080,0.11,993.6,455.6
Round1,Q2,3510,1755.0,CYBERCX,0.4868,638.6,717.3,98.6,134.3,1920,1080,0.639,687.9,784.4
Round1,Q2,3511,1755.5,CYBERCX,0.8868,665.7,307.3,247.8,106.4,1920,1080,1.271,789.6,360.5
Round1,Q2,3511,1755.5,CYBERCX,0.8279,186.2,246.5,325.8,108.2,1920,1080,1.701,349.1,300.7
Round1,Q2,3511,1755.5,EMIRATES,0.7387,965.9,444.3,61.1,35.9,1920,1080,0.106,996.4,462.2
Round1,Q2,3511,1755.5,CYBERCX,0.6589,636.8,718.5,100.2,132.1,1920,1080,0.638,686.9,784.5
Round1,Q2,3512,1756.0,CYBERCX,0.8866,665.5,307.6,246.6,106.4,1920,1080,1.265,788.9,360.8
Round1,Q2,3512,1756.0,CYBERCX,0.8182,185.9,246.4,327.1,107.4,1920,1080,1.694,349.5,300.1
Round1,Q2,3512,1756.0,EMIRATES,0.7582,962.5,450.6,61.9,33.6,1920,1080,0.1,993.4,467.4
Round1,Q2,3512,1756.0,CYBERCX,0.5727,637.3,717.1,98.5,133.4,1920,1080,0.634,686.6,783.9
Round1,Q2,3513,1756.5,CYBERCX,0.8899,665.8,307.5,241.5,106.1,1920,1080,1.236,786.5,360.5
Round1,Q2,3513,1756.5,CYBERCX,0.8376,186.0,246.7,329.0,108.5,1920,1080,1.722,350.5,301.0
Round1,Q2,3513,1756.5,EMIRATES,0.7594,957.1,449.0,60.9,34.8,1920,1080,0.102,987.5,466.4
Round1,Q2,3513,1756.5,CYBERCX,0.4688,639.1,718.0,97.8,131.5,1920,1080,0.62,688.0,783.7
Round1,Q2,3514,1757.0,EMIRATES,0.8654,869.6,501.9,157.3,56.8,1920,1080,0.431,948.2,530.3
Round1,Q2,3515,1757.5,EMIRATES,0.8775,980.1,553.5,150.7,68.0,1920,1080,0.494,1055.4,587.5
Round1,Q2,3516,1758.0,EMIRATES,0.8922,994.9,576.7,164.0,62.2,1920,1080,0.492,1076.9,607.8
Round1,Q2,3517,1758.5,EMIRATES,0.8875,971.5,732.2,146.3,53.0,1920,1080,0.374,1044.6,758.7
Round1,Q2,3518,1759.0,EMIRATES,0.8417,963.9,554.3,120.6,42.2,1920,1080,0.245,1024.2,575.4
Round1,Q2,3519,1759.5,EMIRATES,0.8059,1742.5,66.3,114.3,45.6,1920,1080,0.251,1799.7,89.1
Round1,Q2,3524,1762.0,EMIRATES,0.8162,1057.9,1.0,83.3,42.0,1920,1080,0.169,1099.5,22.0
Round1,Q2,3525,1762.5,EMIRATES,0.8547,1290.2,66.9,76.6,44.8,1920,1080,0.166,1328.6,89.3
Round1,Q2,3525,1762.5,EMIRATES,0.7148,1626.2,3.7,93.9,42.0,1920,1080,0.19,1673.1,24.7
Round1,Q2,3526,1763.0,EMIRATES,0.5735,990.0,22.3,82.7,48.4,1920,1080,0.193,1031.3,46.5
Round1,Q2,3528,1764.0,EMIRATES,0.6875,82.0,84.4,68.8,43.9,1920,1080,0.146,116.4,106.3
Round1,Q2,3528,1764.0,EMIRATES,0.3291,391.3,45.4,87.9,46.7,1920,1080,0.198,435.3,68.8
Round1,Q2,3529,1764.5,ACCESS_COVERS,0.4602,506.6,150.0,36.7,7.6,1920,1080,0.013,525.0,153.8
Round1,Q2,3530,1765.0,ACCESS_COVERS,0.613,554.7,149.9,34.3,7.3,1920,1080,0.012,571.8,153.6
Round1,Q2,3530,1765.0,CYBERCX,0.5298,518.2,149.6,32.9,7.0,1920,1080,0.011,534.7,153.1
Round1,Q2,3531,1765.5,ACCESS_COVERS,0.6225,582.2,150.0,36.6,7.3,1920,1080,0.013,600.5,153.6
Round1,Q2,3531,1765.5,CYBERCX,0.5783,544.8,149.9,33.7,7.3,1920,1080,0.012,561.7,153.6
Round1,Q2,3532,1766.0,CYBERCX,0.5157,576.0,150.0,33.1,9.3,1920,1080,0.015,592.6,154.6
Round1,Q2,3532,1766.0,ACCESS_COVERS,0.4292,612.2,150.0,34.9,9.5,1920,1080,0.016,629.6,154.7
Round1,Q2,3533,1766.5,ACCESS_COVERS,0.6312,645.5,154.4,34.4,7.6,1920,1080,0.013,662.7,158.2
Round1,Q2,3533,1766.5,CYBERCX,0.4925,608.2,154.3,32.8,7.7,1920,1080,0.012,624.6,158.2
Round1,Q2,3534,1767.0,ACCESS_COVERS,0.7181,654.6,156.6,34.9,7.2,1920,1080,0.012,672.1,160.2
Round1,Q2,3534,1767.0,CYBERCX,0.6143,618.5,156.7,31.2,6.8,1920,1080,0.01,634.1,160.1
Round1,Q2,3535,1767.5,ACCESS_COVERS,0.7101,644.5,157.0,34.0,7.0,1920,1080,0.011,661.5,160.5
Round1,Q2,3535,1767.5,CYBERCX,0.3387,608.2,157.2,32.3,7.2,1920,1080,0.011,624.3,160.8
Round1,Q2,3536,1768.0,ACCESS_COVERS,0.3215,619.0,152.8,35.4,9.2,1920,1080,0.016,636.7,157.4
Round1,Q2,3537,1768.5,ACCESS_COVERS,0.6236,517.7,145.0,38.6,7.5,1920,1080,0.014,537.0,148.8
Round1,Q2,3537,1768.5,CYBERCX,0.4934,478.8,144.8,34.8,7.2,1920,1080,0.012,496.2,148.4
Round1,Q2,3538,1769.0,ACCESS_COVERS,0.4137,296.7,138.0,40.1,8.3,1920,1080,0.016,316.8,142.2
Round1,Q2,3539,1769.5,ACCESS_COVERS,0.3602,46.8,121.5,46.7,9.7,1920,1080,0.022,70.2,126.3
Round1,Q2,3585,1792.5,EMIRATES,0.8791,995.6,450.7,56.7,22.1,1920,1080,0.06,1023.9,461.8
Round1,Q2,3585,1792.5,EMIRATES,0.8752,1278.3,949.1,43.1,28.6,1920,1080,0.059,1299.9,963.4
Round1,Q2,3586,1793.0,EMIRATES,0.8515,1405.0,854.6,35.7,30.4,1920,1080,0.052,1422.8,869.8
Round1,Q2,3586,1793.0,EMIRATES,0.7181,952.5,350.6,31.6,33.2,1920,1080,0.051,968.3,367.2
Round1,Q2,3590,1795.0,EMIRATES,0.4696,1790.8,512.5,21.2,73.3,1920,1080,0.075,1801.4,549.2
Round1,Q2,3590,1795.0,EMIRATES,0.4337,1402.8,456.8,18.2,51.2,1920,1080,0.045,1411.9,482.4
Round1,Q2,3590,1795.0,EMIRATES,0.422,1788.9,582.3,18.6,60.6,1920,1080,0.054,1798.2,612.6
Round1,Q2,3590,1795.0,EMIRATES,0.3402,1586.5,483.9,18.5,57.4,1920,1080,0.051,1595.8,512.6
Round1,Q2,3590,1795.0,EMIRATES,0.3296,1403.4,511.2,17.1,62.3,1920,1080,0.051,1412.0,542.4
Round1,Q2,3591,1795.5,EMIRATES,0.7479,1598.8,581.3,17.7,69.0,1920,1080,0.059,1607.7,615.8
Round1,Q2,3591,1795.5,EMIRATES,0.7433,1849.4,620.2,16.8,72.4,1920,1080,0.059,1857.8,656.4
Round1,Q2,3591,1795.5,EMIRATES,0.7432,1375.5,474.0,15.7,67.5,1920,1080,0.051,1383.4,507.7
Round1,Q2,3591,1795.5,EMIRATES,0.7227,1375.2,543.8,16.9,68.7,1920,1080,0.056,1383.6,578.1
Round1,Q2,3591,1795.5,EMIRATES,0.7215,1849.3,541.0,16.4,73.0,1920,1080,0.058,1857.6,577.4
Round1,Q2,3591,1795.5,EMIRATES,0.7211,1172.4,442.9,16.1,59.7,1920,1080,0.046,1180.4,472.7
Round1,Q2,3591,1795.5,EMIRATES,0.7013,1171.9,508.7,17.1,66.6,1920,1080,0.055,1180.4,542.0
Round1,Q2,3591,1795.5,EMIRATES,0.685,1599.9,505.7,16.9,70.8,1920,1080,0.058,1608.4,541.1
Round1,Q2,3592,1796.0,EMIRATES,0.7975,1782.4,630.4,18.8,88.7,1920,1080,0.08,1791.8,674.7
Round1,Q2,3592,1796.0,EMIRATES,0.7922,966.7,499.8,19.6,81.9,1920,1080,0.077,976.5,540.8
Round1,Q2,3592,1796.0,EMIRATES,0.7882,1782.4,533.8,18.0,89.7,1920,1080,0.078,1791.4,578.7
Round1,Q2,3592,1796.0,EMIRATES,0.7875,1482.0,584.9,20.2,83.9,1920,1080,0.082,1492.1,626.9
Round1,Q2,3592,1796.0,EMIRATES,0.7783,1212.9,455.0,18.5,81.4,1920,1080,0.073,1222.2,495.7
Round1,Q2,3592,1796.0,EMIRATES,0.77,1482.1,493.6,19.5,84.1,1920,1080,0.079,1491.9,535.6
Round1,Q2,3592,1796.0,EMIRATES,0.7552,1213.0,543.2,19.9,79.4,1920,1080,0.076,1223.0,582.9
Round1,Q2,3592,1796.0,EMIRATES,0.716,966.7,417.8,19.2,74.8,1920,1080,0.069,976.3,455.2
Round1,Q2,3593,1796.5,EMIRATES,0.8453,101.7,157.7,65.5,298.2,1920,1080,0.941,134.5,306.8
Round1,Q2,3593,1796.5,EMIRATES,0.8254,1058.9,326.4,60.9,299.0,1920,1080,0.878,1089.4,475.9
Round1,Q2,3593,1796.5,EMIRATES,0.7765,1057.7,2.8,63.6,287.3,1920,1080,0.881,1089.5,146.4
Round1,Q2,3593,1796.5,EMIRATES,0.7261,96.0,3.4,62.9,122.4,1920,1080,0.371,127.4,64.6
Round1,Q2,3594,1797.0,EMIRATES,0.8046,540.3,3.4,69.2,262.1,1920,1080,0.875,574.9,134.5
Round1,Q2,3594,1797.0,EMIRATES,0.7929,540.3,312.7,72.5,387.4,1920,1080,1.354,576.5,506.4
Round1,Q2,3594,1797.0,EMIRATES,0.463,1885.3,482.7,34.7,420.6,1920,1080,0.704,1902.7,693.0
Round1,Q2,3594,1797.0,EMIRATES,0.4258,1887.2,69.7,32.8,431.6,1920,1080,0.682,1903.6,285.5
Round1,Q2,3595,1797.5,EMIRATES,0.796,385.4,86.6,58.1,339.7,1920,1080,0.951,414.4,256.4
Round1,Q2,3595,1797.5,EMIRATES,0.7816,389.3,471.3,57.4,341.0,1920,1080,0.944,418.1,641.8
Round1,Q2,3595,1797.5,EMIRATES,0.7602,1563.3,253.0,62.4,357.8,1920,1080,1.077,1594.5,431.9
Round1,Q2,3595,1797.5,EMIRATES,0.7205,1565.9,648.3,63.4,322.4,1920,1080,0.986,1597.7,809.5
Round1,Q2,3595,1797.5,EMIRATES,0.6615,317.6,59.0,32.1,21.8,1920,1080,0.034,333.6,69.9
Round1,Q2,3595,1797.5,EMIRATES,0.3312,1025.5,80.9,28.3,17.4,1920,1080,0.024,1039.7,89.6
Round1,Q2,3596,1798.0,EMIRATES,0.8909,754.7,482.6,108.9,46.0,1920,1080,0.242,809.2,505.6
Round1,Q2,3597,1798.5,EMIRATES,0.5078,939.5,497.0,42.7,54.8,1920,1080,0.113,960.8,524.4
Round1,Q2,3598,1799.0,EMIRATES,0.8614,958.1,490.3,59.8,61.0,1920,1080,0.176,988.0,520.8
Round1,Q2,3599,1799.5,EMIRATES,0.8939,1011.2,419.2,108.9,44.2,1920,1080,0.232,1065.6,441.3
Round1,Q2,3600,1800.0,EMIRATES,0.8943,849.2,512.1,134.9,54.7,1920,1080,0.356,916.7,539.4
Round1,Q2,3601,1800.5,EMIRATES,0.8914,985.1,489.3,136.6,57.4,1920,1080,0.378,1053.4,518.0
Round1,Q2,3602,1801.0,EMIRATES,0.8908,1033.8,439.3,127.3,56.8,1920,1080,0.349,1097.4,467.7
Round1,Q2,3603,1801.5,EMIRATES,0.908,961.7,413.7,141.4,51.7,1920,1080,0.353,1032.4,439.6
Round1,Q2,3604,1802.0,EMIRATES,0.4325,1563.4,644.8,161.2,37.5,1920,1080,0.291,1644.0,663.5
Round1,Q2,3605,1802.5,EMIRATES,0.3892,1564.8,645.5,158.7,36.5,1920,1080,0.279,1644.2,663.8
Round1,Q2,3607,1803.5,EMIRATES,0.3736,1566.0,645.7,156.0,36.4,1920,1080,0.274,1644.0,663.9
Round1,Q2,3608,1804.0,EMIRATES,0.4134,1564.1,645.1,158.9,37.4,1920,1080,0.287,1643.5,663.8
Round1,Q2,3609,1804.5,EMIRATES,0.4583,1563.2,645.2,161.2,37.4,1920,1080,0.291,1643.8,663.9
Round1,Q2,3611,1805.5,EMIRATES,0.4516,1565.7,645.5,157.2,36.8,1920,1080,0.279,1644.3,663.9
Round1,Q2,3612,1806.0,EMIRATES,0.4428,1564.5,645.2,160.7,37.1,1920,1080,0.287,1644.8,663.7
Round1,Q2,3614,1807.0,ACCESS_COVERS,0.4952,1112.1,42.0,39.1,8.8,1920,1080,0.017,1131.6,46.4
Round1,Q2,3617,1808.5,ACCESS_COVERS,0.5429,1485.8,70.0,43.2,9.4,1920,1080,0.02,1507.4,74.7
Round1,Q2,3617,1808.5,CYBERCX,0.3042,1439.4,70.9,41.2,9.0,1920,1080,0.018,1460.0,75.4
Round1,Q2,3618,1809.0,ACCESS_COVERS,0.6292,1533.8,81.8,45.7,9.2,1920,1080,0.02,1556.6,86.4
Round1,Q2,3620,1810.0,ACCESS_COVERS,0.3299,1616.9,79.5,49.4,10.5,1920,1080,0.025,1641.6,84.8
Round1,Q2,3621,1810.5,ACCESS_COVERS,0.4566,1650.1,67.2,51.2,10.8,1920,1080,0.027,1675.8,72.7
Round1,Q2,3621,1810.5,CYBERCX,0.3667,1598.2,67.9,44.1,10.3,1920,1080,0.022,1620.2,73.0
Round1,Q2,3622,1811.0,CYBERCX,0.3738,1616.5,53.9,49.8,10.6,1920,1080,0.025,1641.5,59.2
Round1,Q2,3623,1811.5,ACCESS_COVERS,0.7989,1695.4,39.5,54.2,11.1,1920,1080,0.029,1722.5,45.0
Round1,Q2,3623,1811.5,CYBERCX,0.5415,1636.1,41.6,52.5,10.9,1920,1080,0.028,1662.3,47.1
Round1,Q2,3624,1812.0,ACCESS_COVERS,0.7918,1719.7,24.8,56.9,11.3,1920,1080,0.031,1748.1,30.4
Round1,Q2,3624,1812.0,CYBERCX,0.6943,1658.2,27.3,53.5,11.2,1920,1080,0.029,1684.9,32.9
Round1,Q2,3625,1812.5,ACCESS_COVERS,0.7896,1741.7,10.0,59.4,11.6,1920,1080,0.033,1771.4,15.9
Round1,Q2,3625,1812.5,CYBERCX,0.7084,1679.9,11.7,55.0,11.3,1920,1080,0.03,1707.4,17.3
Round1,Q2,3634,1817.0,ACCESS_COVERS,0.6945,61.0,88.4,62.2,15.0,1920,1080,0.045,92.1,95.9
Round1,Q2,3634,1817.0,EMIRATES,0.4059,1406.8,171.9,8.2,44.0,1920,1080,0.017,1410.8,193.9
Round1,Q2,3635,1817.5,ACCESS_COVERS,0.5309,163.1,82.9,60.9,14.3,1920,1080,0.042,193.6,90.1
Round1,Q2,3636,1818.0,ACCESS_COVERS,0.6462,260.2,65.0,58.3,14.2,1920,1080,0.04,289.3,72.1
Round1,Q2,3637,1818.5,ACCESS_COVERS,0.6824,351.9,39.7,62.8,15.0,1920,1080,0.045,383.3,47.3
Round1,Q2,3638,1819.0,ACCESS_COVERS,0.5854,473.6,25.8,64.6,14.4,1920,1080,0.045,505.9,33.1
Round1,Q2,3639,1819.5,ACCESS_COVERS,0.4204,571.8,20.1,67.8,13.9,1920,1080,0.046,605.7,27.1
Round1,Q2,3640,1820.0,ACCESS_COVERS,0.5664,684.9,25.3,47.9,12.1,1920,1080,0.028,708.8,31.4
Round1,Q2,3641,1820.5,ACCESS_COVERS,0.6697,757.1,31.0,53.6,12.9,1920,1080,0.033,783.9,37.5
Round1,Q2,3657,1828.5,ACCESS_COVERS,0.8009,871.3,3.5,84.9,19.7,1920,1080,0.081,913.7,13.3
Round1,Q2,3657,1828.5,CYBERCX,0.7491,792.1,2.4,66.8,17.6,1920,1080,0.057,825.5,11.2
Round1,Q2,3661,1830.5,EMIRATES,0.8672,1470.4,911.3,58.3,17.5,1920,1080,0.049,1499.6,920.1
Round1,Q2,3661,1830.5,EMIRATES,0.3099,1068.7,464.4,32.1,24.2,1920,1080,0.037,1084.7,476.5
Round1,Q2,3662,1831.0,EMIRATES,0.8887,1290.7,818.3,48.6,15.0,1920,1080,0.035,1315.0,825.8
Round1,Q2,3662,1831.0,EMIRATES,0.3305,1390.3,600.6,40.7,34.0,1920,1080,0.067,1410.6,617.6
Round1,Q2,3663,1831.5,EMIRATES,0.8603,1165.0,570.3,39.7,32.2,1920,1080,0.062,1184.9,586.4
Round1,Q2,3663,1831.5,EMIRATES,0.7164,1255.4,541.3,43.8,17.4,1920,1080,0.037,1277.3,550.0
Round1,Q2,3665,1832.5,EMIRATES,0.8603,975.2,341.6,58.1,16.5,1920,1080,0.046,1004.3,349.9
Round1,Q2,3666,1833.0,CRUSADER_CARAVANS,0.6221,0.4,55.4,60.7,45.0,1920,1080,0.132,30.8,78.0
Round1,Q2,3674,1837.0,EMIRATES,0.843,711.1,849.3,76.6,46.3,1920,1080,0.171,749.4,872.5
Round1,Q2,3675,1837.5,EMIRATES,0.8581,1303.9,309.7,53.6,25.2,1920,1080,0.065,1330.8,322.3
Round1,Q2,3676,1838.0,EMIRATES,0.8737,1193.5,279.2,47.9,19.5,1920,1080,0.045,1217.5,288.9
Round1,Q2,3677,1838.5,EMIRATES,0.8869,1120.4,259.0,39.8,22.6,1920,1080,0.043,1140.3,270.3
Round1,Q2,3677,1838.5,EMIRATES,0.8267,1664.7,715.1,71.8,33.3,1920,1080,0.115,1700.6,731.8
Round1,Q2,3678,1839.0,EMIRATES,0.8405,991.4,642.7,84.2,27.0,1920,1080,0.11,1033.6,656.2
Round1,Q2,3690,1845.0,EMIRATES,0.4011,718.9,424.0,26.0,17.0,1920,1080,0.021,731.9,432.5
Round1,Q2,3691,1845.5,EMIRATES,0.8205,1563.6,820.1,56.0,22.8,1920,1080,0.061,1591.5,831.5
Round1,Q2,3692,1846.0,EMIRATES,0.8714,945.4,492.8,31.0,17.9,1920,1080,0.027,960.9,501.7
Round1,Q2,3692,1846.0,EMIRATES,0.8663,1227.2,363.4,66.2,20.8,1920,1080,0.066,1260.4,373.7
Round1,Q2,3693,1846.5,EMIRATES,0.877,745.6,315.0,62.1,22.4,1920,1080,0.067,776.7,326.2
Round1,Q2,3694,1847.0,EMIRATES,0.8744,156.1,236.9,65.3,20.5,1920,1080,0.064,188.7,247.1
Round1,Q2,3705,1852.5,ACCESS_COVERS,0.7734,1001.5,0.4,109.1,19.0,1920,1080,0.1,1056.1,9.9
Round1,Q2,3705,1852.5,CYBERCX,0.7612,883.6,0.4,105.0,21.5,1920,1080,0.109,936.1,11.2
Round1,Q2,3706,1853.0,CYBERCX,0.746,860.8,64.3,92.9,20.7,1920,1080,0.093,907.3,74.6
Round1,Q2,3706,1853.0,ACCESS_COVERS,0.7074,969.1,61.0,99.2,22.5,1920,1080,0.108,1018.7,72.3
Round1,Q2,3707,1853.5,CYBERCX,0.7452,850.9,94.2,90.6,19.5,1920,1080,0.085,896.2,103.9
Round1,Q2,3707,1853.5,ACCESS_COVERS,0.6467,956.6,92.3,95.2,19.6,1920,1080,0.09,1004.2,102.2
Round1,Q2,3708,1854.0,CYBERCX,0.7577,855.5,96.2,89.5,19.6,1920,1080,0.084,900.3,105.9
Round1,Q2,3708,1854.0,ACCESS_COVERS,0.7181,960.5,94.9,93.0,18.8,1920,1080,0.084,1007.0,104.3
Round1,Q2,3722,1861.0,EMIRATES,0.7299,400.6,770.3,25.2,8.0,1920,1080,0.01,413.2,774.3
Round1,Q2,3723,1861.5,EMIRATES,0.7022,510.9,787.7,23.9,8.2,1920,1080,0.009,522.9,791.8
Round1,Q2,3724,1862.0,EMIRATES,0.3128,585.9,743.3,21.1,8.1,1920,1080,0.008,596.5,747.4
Round1,Q2,3725,1862.5,EMIRATES,0.4022,589.9,683.0,27.4,9.7,1920,1080,0.013,603.6,687.8
Round1,Q2,3726,1863.0,EMIRATES,0.8904,641.6,635.3,33.6,13.2,1920,1080,0.021,658.4,641.9
Round1,Q2,3727,1863.5,EMIRATES,0.8586,573.9,605.1,46.0,15.2,1920,1080,0.034,596.9,612.6
Round1,Q2,3728,1864.0,EMIRATES,0.887,544.2,898.8,49.9,17.4,1920,1080,0.042,569.2,907.5
Round1,Q2,3758,1879.0,EMIRATES,0.5092,1806.3,910.9,25.5,10.0,1920,1080,0.012,1819.1,915.9
Round1,Q2,3762,1881.0,ACCESS_COVERS,0.5557,1028.2,5.4,56.8,10.8,1920,1080,0.03,1056.6,10.8
Round1,Q2,3763,1881.5,JAMESON,0.6843,1692.0,68.3,46.5,13.3,1920,1080,0.03,1715.2,75.0
Round1,Q2,3763,1881.5,JAMESON,0.6512,1746.4,65.7,55.6,12.8,1920,1080,0.034,1774.2,72.1
Round1,Q2,3763,1881.5,JAMESON,0.5547,1808.3,61.7,51.3,14.3,1920,1080,0.035,1833.9,68.9
Round1,Q2,3764,1882.0,JAMESON,0.6384,1522.8,189.4,38.9,11.9,1920,1080,0.022,1542.2,195.4
Round1,Q2,3764,1882.0,JAMESON,0.6158,1567.6,188.6,43.4,10.7,1920,1080,0.022,1589.3,194.0
Round1,Q2,3765,1882.5,JAMESON,0.7182,1453.9,291.1,37.6,9.2,1920,1080,0.017,1472.7,295.7
Round1,Q2,3765,1882.5,JAMESON,0.6793,1415.5,291.9,33.2,9.6,1920,1080,0.015,1432.1,296.7
Round1,Q2,3765,1882.5,JAMESON,0.6542,1498.7,290.6,33.4,9.6,1920,1080,0.015,1515.4,295.4
Round1,Q2,3766,1883.0,JAMESON,0.7172,1358.2,370.3,32.9,8.0,1920,1080,0.013,1374.6,374.3
Round1,Q2,3766,1883.0,JAMESON,0.6785,1396.5,369.6,31.3,8.5,1920,1080,0.013,1412.1,373.8
Round1,Q2,3766,1883.0,JAMESON,0.6233,1325.5,371.2,26.9,7.8,1920,1080,0.01,1339.0,375.2
Round1,Q2,3767,1883.5,ACCESS_COVERS,0.4908,0.3,503.6,71.1,12.2,1920,1080,0.042,35.8,509.7
Round1,Q2,3767,1883.5,JAMESON,0.3807,1252.0,351.8,26.4,6.2,1920,1080,0.008,1265.2,354.9
