match,quarter,frame_index,timestamp_sec,partner,confidence,box_x,box_y,box_w,box_h,frame_w,frame_h,coverage_pct,center_x,center_y
Round3,Q2,0,0.0,EMIRATES,0.8747,1046.6,882.4,189.5,96.6,1920,1080,0.883,1141.3,930.7
Round3,Q2,1,1.0,EMIRATES,0.8949,1237.4,311.6,57.9,23.0,1920,1080,0.064,1266.3,323.1
Round3,Q2,8,8.0,EMIRATES,0.8147,789.4,600.2,50.2,13.5,1920,1080,0.033,814.5,606.9
Round3,Q2,9,9.0,EMIRATES,0.8484,783.5,609.7,51.0,13.5,1920,1080,0.033,809.0,616.5
Round3,Q2,10,10.0,EMIRATES,0.8578,774.0,625.8,53.7,14.6,1920,1080,0.038,800.8,633.1
Round3,Q2,11,11.0,EMIRATES,0.8756,762.0,648.5,57.0,14.9,1920,1080,0.041,790.5,655.9
Round3,Q2,12,12.0,EMIRATES,0.8719,746.1,679.5,58.7,16.0,1920,1080,0.045,775.5,687.5
Round3,Q2,13,13.0,EMIRATES,0.8165,734.5,712.1,54.4,13.4,1920,1080,0.035,761.6,718.8
Round3,Q2,13,13.0,EMIRATES,0.6695,896.6,712.2,66.0,12.9,1920,1080,0.041,929.6,718.7
Round3,Q2,14,14.0,EMIRATES,0.8137,717.8,735.8,57.9,15.1,1920,1080,0.042,746.8,743.4
Round3,Q2,14,14.0,EMIRATES,0.6274,890.5,735.8,69.6,13.7,1920,1080,0.046,925.3,742.6
Round3,Q2,15,15.0,EMIRATES,0.8227,697.5,757.1,61.6,15.8,1920,1080,0.047,728.2,765.0
Round3,Q2,15,15.0,EMIRATES,0.6157,881.6,757.3,72.2,14.2,1920,1080,0.049,917.8,764.4
Round3,Q2,16,16.0,EMIRATES,0.8424,681.0,778.4,64.6,16.7,1920,1080,0.052,713.3,786.8
Round3,Q2,16,16.0,EMIRATES,0.6768,877.0,778.5,76.9,15.2,1920,1080,0.056,915.4,786.1
Round3,Q2,17,17.0,EMIRATES,0.8298,659.8,802.9,69.6,17.1,1920,1080,0.057,694.6,811.5
Round3,Q2,17,17.0,EMIRATES,0.6052,868.4,802.7,85.3,16.7,1920,1080,0.069,911.1,811.0
Round3,Q2,18,18.0,EMIRATES,0.8545,638.1,839.4,75.8,18.2,1920,1080,0.067,676.0,848.5
Round3,Q2,18,18.0,EMIRATES,0.4409,861.6,838.9,89.4,16.2,1920,1080,0.07,906.3,847.0
Round3,Q2,19,19.0,EMIRATES,0.8622,618.0,873.7,77.5,19.2,1920,1080,0.072,656.7,883.3
Round3,Q2,19,19.0,EMIRATES,0.4109,853.3,872.9,94.1,17.8,1920,1080,0.081,900.3,881.8
Round3,Q2,20,20.0,EMIRATES,0.8969,1000.0,405.3,102.9,34.9,1920,1080,0.173,1051.4,422.7
Round3,Q2,20,20.0,EMIRATES,0.8438,1826.2,571.1,65.4,27.6,1920,1080,0.087,1858.9,584.9
Round3,Q2,20,20.0,EMIRATES,0.4955,625.4,423.3,68.1,29.4,1920,1080,0.097,659.4,438.0
Round3,Q2,21,21.0,EMIRATES,0.9209,1008.9,415.2,99.6,30.0,1920,1080,0.144,1058.7,430.2
Round3,Q2,21,21.0,EMIRATES,0.8841,651.7,432.7,64.6,41.9,1920,1080,0.131,684.0,453.7
Round3,Q2,21,21.0,EMIRATES,0.6662,1816.9,563.9,66.7,22.5,1920,1080,0.072,1850.2,575.1
Round3,Q2,21,21.0,ACCESS_COVERS,0.5452,1837.8,148.6,82.2,212.8,1920,1080,0.844,1878.9,255.0
Round3,Q2,21,21.0,EMIRATES,0.4814,563.5,527.4,33.1,32.9,1920,1080,0.053,580.1,543.8
Round3,Q2,22,22.0,EMIRATES,0.8915,1146.1,446.5,91.5,27.3,1920,1080,0.12,1191.8,460.2
Round3,Q2,22,22.0,EMIRATES,0.8753,838.1,463.1,61.6,29.5,1920,1080,0.088,868.9,477.8
Round3,Q2,22,22.0,ACCESS_COVERS,0.5543,1448.1,1.9,315.7,218.5,1920,1080,3.327,1605.9,111.2
Round3,Q2,23,23.0,EMIRATES,0.8995,1440.5,455.3,82.2,23.9,1920,1080,0.095,1481.6,467.2
Round3,Q2,23,23.0,ACCESS_COVERS,0.8452,1694.5,24.6,225.5,220.5,1920,1080,2.398,1807.3,134.9
Round3,Q2,23,23.0,EMIRATES,0.7464,55.4,562.5,41.5,15.1,1920,1080,0.03,76.2,570.1
Round3,Q2,23,23.0,EMIRATES,0.7038,28.4,886.5,42.0,15.5,1920,1080,0.031,49.4,894.3
Round3,Q2,32,32.0,EMIRATES,0.8717,725.9,499.8,42.7,12.4,1920,1080,0.026,747.2,506.1
Round3,Q2,33,33.0,EMIRATES,0.8631,1231.1,487.9,27.9,13.9,1920,1080,0.019,1245.1,494.8
Round3,Q2,33,33.0,EMIRATES,0.8547,441.0,330.8,38.9,14.6,1920,1080,0.027,460.4,338.1
Round3,Q2,34,34.0,EMIRATES,0.3907,1121.2,428.5,26.9,14.1,1920,1080,0.018,1134.7,435.5
Round3,Q2,35,35.0,EMIRATES,0.6263,1156.6,666.4,52.0,25.0,1920,1080,0.063,1182.6,678.9
Round3,Q2,37,37.0,EMIRATES,0.6399,829.0,360.3,43.1,38.7,1920,1080,0.08,850.5,379.6
Round3,Q2,39,39.0,EMIRATES,0.8621,1014.3,432.9,74.6,26.3,1920,1080,0.095,1051.6,446.0
Round3,Q2,41,41.0,EMIRATES,0.8643,696.4,450.9,41.8,28.9,1920,1080,0.058,717.2,465.4
Round3,Q2,42,42.0,EMIRATES,0.8282,858.7,475.8,53.6,52.0,1920,1080,0.134,885.5,501.7
Round3,Q2,52,52.0,EMIRATES,0.3967,703.4,702.4,35.6,13.1,1920,1080,0.022,721.2,708.9
Round3,Q2,53,53.0,EMIRATES,0.7682,726.2,679.4,38.7,12.6,1920,1080,0.024,745.6,685.7
Round3,Q2,65,65.0,EMIRATES,0.8464,1851.7,410.6,68.1,74.7,1920,1080,0.246,1885.8,447.9
Round3,Q2,65,65.0,EMIRATES,0.8087,1204.9,551.2,41.6,61.3,1920,1080,0.123,1225.7,581.9
Round3,Q2,66,66.0,EMIRATES,0.8862,1713.2,421.9,166.6,86.3,1920,1080,0.694,1796.5,465.0
Round3,Q2,67,67.0,EMIRATES,0.8827,1412.1,480.2,178.0,86.0,1920,1080,0.738,1501.1,523.2
Round3,Q2,68,68.0,EMIRATES,0.9214,411.2,340.8,119.5,36.7,1920,1080,0.211,470.9,359.2
Round3,Q2,68,68.0,EMIRATES,0.8358,1056.1,263.4,60.9,44.3,1920,1080,0.13,1086.5,285.5
Round3,Q2,68,68.0,EMIRATES,0.6556,1539.6,382.8,81.9,18.7,1920,1080,0.074,1580.6,392.2
Round3,Q2,68,68.0,EMIRATES,0.5279,425.5,83.0,51.0,56.5,1920,1080,0.139,451.0,111.3
Round3,Q2,69,69.0,EMIRATES,0.9064,418.0,340.0,74.5,55.6,1920,1080,0.2,455.2,367.8
Round3,Q2,69,69.0,EMIRATES,0.8733,1701.5,306.5,143.4,38.1,1920,1080,0.263,1773.2,325.5
Round3,Q2,69,69.0,EMIRATES,0.8722,825.7,59.3,59.3,66.0,1920,1080,0.189,855.3,92.3
Round3,Q2,73,73.0,EMIRATES,0.5696,1008.5,556.6,26.9,59.0,1920,1080,0.077,1022.0,586.1
Round3,Q2,74,74.0,CYBERCX,0.6736,1881.1,572.7,38.9,47.7,1920,1080,0.089,1900.5,596.6
Round3,Q2,74,74.0,CYBERCX,0.6232,0.2,392.6,18.0,59.1,1920,1080,0.051,9.2,422.2
Round3,Q2,74,74.0,CYBERCX,0.5881,0.0,268.7,71.4,67.7,1920,1080,0.233,35.7,302.6
Round3,Q2,74,74.0,CYBERCX,0.5108,0.0,389.8,70.2,65.1,1920,1080,0.22,35.1,422.3
Round3,Q2,75,75.0,CYBERCX,0.6356,0.3,263.9,67.6,64.9,1920,1080,0.211,34.1,296.3
Round3,Q2,75,75.0,CYBERCX,0.5119,0.0,378.7,30.6,65.6,1920,1080,0.097,15.3,411.5
Round3,Q2,75,75.0,CYBERCX,0.476,1878.6,570.9,41.4,40.5,1920,1080,0.081,1899.3,591.2
Round3,Q2,75,75.0,CYBERCX,0.464,0.0,376.4,71.2,71.3,1920,1080,0.245,35.6,412.1
Round3,Q2,75,75.0,CYBERCX,0.3142,0.0,379.1,15.5,64.0,1920,1080,0.048,7.8,411.1
Round3,Q2,76,76.0,CYBERCX,0.486,0.0,371.7,71.0,67.1,1920,1080,0.23,35.5,405.2
Round3,Q2,76,76.0,CYBERCX,0.4765,1878.8,555.3,41.1,51.5,1920,1080,0.102,1899.3,581.0
Round3,Q2,76,76.0,CYBERCX,0.3964,0.0,374.3,16.9,62.7,1920,1080,0.051,8.5,405.6
Round3,Q2,77,77.0,CYBERCX,0.6295,1877.0,532.1,43.0,44.2,1920,1080,0.092,1898.5,554.2
Round3,Q2,78,78.0,CYBERCX,0.7827,1862.8,995.7,56.6,61.5,1920,1080,0.168,1891.2,1026.5
Round3,Q2,78,78.0,CYBERCX,0.5931,1878.0,472.8,42.0,46.2,1920,1080,0.094,1899.0,495.9
Round3,Q2,79,79.0,EMIRATES,0.9131,1363.4,573.5,152.7,47.2,1920,1080,0.348,1439.7,597.1
Round3,Q2,80,80.0,EMIRATES,0.9149,1268.4,589.3,152.6,47.1,1920,1080,0.347,1344.7,612.9
Round3,Q2,81,81.0,EMIRATES,0.89,1021.9,738.5,127.3,41.0,1920,1080,0.252,1085.5,759.0
Round3,Q2,82,82.0,EMIRATES,0.8886,1015.6,719.2,126.5,39.0,1920,1080,0.238,1078.8,738.6
Round3,Q2,83,83.0,EMIRATES,0.8005,1123.2,742.5,116.9,40.8,1920,1080,0.23,1181.7,762.8
Round3,Q2,84,84.0,EMIRATES,0.8811,1008.7,775.7,118.4,36.7,1920,1080,0.21,1067.9,794.0
Round3,Q2,85,85.0,EMIRATES,0.8716,1009.7,771.4,123.4,42.7,1920,1080,0.254,1071.3,792.7
Round3,Q2,86,86.0,EMIRATES,0.8563,1123.1,620.0,41.5,47.6,1920,1080,0.095,1143.9,643.8
Round3,Q2,87,87.0,EMIRATES,0.9188,878.5,607.6,104.5,46.2,1920,1080,0.232,930.7,630.7
Round3,Q2,88,88.0,EMIRATES,0.9152,720.4,634.4,144.3,50.7,1920,1080,0.353,792.5,659.7
Round3,Q2,89,89.0,EMIRATES,0.9282,834.4,641.9,143.0,45.7,1920,1080,0.315,905.9,664.8
Round3,Q2,90,90.0,EMIRATES,0.8824,645.8,766.4,116.8,36.3,1920,1080,0.204,704.3,784.6
Round3,Q2,91,91.0,EMIRATES,0.8742,695.1,622.2,120.6,37.4,1920,1080,0.218,755.4,640.9
Round3,Q2,92,92.0,EMIRATES,0.8821,757.4,586.4,115.8,43.1,1920,1080,0.241,815.3,608.0
Round3,Q2,93,93.0,EMIRATES,0.8157,684.3,662.7,136.9,43.5,1920,1080,0.287,752.8,684.4
Round3,Q2,94,94.0,EMIRATES,0.888,767.8,641.1,124.5,38.7,1920,1080,0.233,830.0,660.4
Round3,Q2,95,95.0,EMIRATES,0.8918,747.5,631.4,133.3,38.8,1920,1080,0.25,814.2,650.8
Round3,Q2,96,96.0,EMIRATES,0.8978,741.9,635.9,130.1,41.0,1920,1080,0.257,807.0,656.4
Round3,Q2,97,97.0,EMIRATES,0.9026,747.7,617.7,132.6,41.5,1920,1080,0.265,814.0,638.5
Round3,Q2,98,98.0,EMIRATES,0.8839,779.5,662.3,134.2,42.7,1920,1080,0.276,846.5,683.6
Round3,Q2,99,99.0,EMIRATES,0.8935,692.5,552.1,142.6,60.6,1920,1080,0.417,763.8,582.4
Round3,Q2,100,100.0,EMIRATES,0.8926,735.8,535.8,153.5,61.1,1920,1080,0.453,812.6,566.3
Round3,Q2,101,101.0,EMIRATES,0.9171,849.2,650.1,120.5,46.7,1920,1080,0.272,909.5,673.5
Round3,Q2,105,105.0,EMIRATES,0.8786,353.1,554.5,34.4,12.3,1920,1080,0.02,370.3,560.7
Round3,Q2,105,105.0,EMIRATES,0.7723,906.6,458.4,42.7,14.5,1920,1080,0.03,927.9,465.6
Round3,Q2,105,105.0,EMIRATES,0.3725,1075.5,512.6,33.4,10.9,1920,1080,0.018,1092.2,518.1
Round3,Q2,106,106.0,EMIRATES,0.8612,1460.0,362.6,39.5,14.4,1920,1080,0.027,1479.8,369.8
Round3,Q2,106,106.0,EMIRATES,0.8464,811.9,409.0,40.1,19.5,1920,1080,0.038,832.0,418.7
Round3,Q2,106,106.0,EMIRATES,0.8454,1284.3,461.2,44.2,14.1,1920,1080,0.03,1306.4,468.3
Round3,Q2,107,107.0,EMIRATES,0.7861,1375.1,372.4,45.0,20.6,1920,1080,0.045,1397.6,382.7
Round3,Q2,107,107.0,EMIRATES,0.7834,965.6,410.8,75.3,22.2,1920,1080,0.081,1003.2,421.9
Round3,Q2,108,108.0,EMIRATES,0.876,1121.1,419.8,39.6,15.2,1920,1080,0.029,1140.9,427.4
Round3,Q2,108,108.0,EMIRATES,0.8457,792.7,452.8,43.1,13.8,1920,1080,0.029,814.2,459.7
Round3,Q2,108,108.0,EMIRATES,0.3657,649.0,131.8,37.1,12.8,1920,1080,0.023,667.5,138.2
Round3,Q2,109,109.0,EMIRATES,0.8803,1113.2,415.2,47.4,16.6,1920,1080,0.038,1136.9,423.5
Round3,Q2,109,109.0,EMIRATES,0.785,805.8,286.9,36.9,11.9,1920,1080,0.021,824.3,292.8
Round3,Q2,109,109.0,EMIRATES,0.7487,0.0,344.5,16.0,15.4,1920,1080,0.012,8.0,352.2
Round3,Q2,109,109.0,EMIRATES,0.5404,1891.7,347.2,28.3,17.1,1920,1080,0.023,1905.9,355.8
Round3,Q2,109,109.0,EMIRATES,0.5376,477.3,1062.7,67.1,16.5,1920,1080,0.053,510.9,1071.0
Round3,Q2,110,110.0,EMIRATES,0.877,1785.8,394.4,43.4,13.7,1920,1080,0.029,1807.5,401.2
Round3,Q2,111,111.0,EMIRATES,0.8765,594.9,288.7,37.7,14.8,1920,1080,0.027,613.7,296.1
Round3,Q2,111,111.0,EMIRATES,0.8689,733.1,316.3,36.6,12.5,1920,1080,0.022,751.4,322.5
Round3,Q2,112,112.0,EMIRATES,0.8881,943.7,346.1,37.8,18.3,1920,1080,0.033,962.5,355.2
Round3,Q2,112,112.0,EMIRATES,0.8734,1028.5,410.8,30.3,19.2,1920,1080,0.028,1043.7,420.4
Round3,Q2,114,114.0,EMIRATES,0.8582,1680.9,578.6,45.8,12.3,1920,1080,0.027,1703.8,584.7
Round3,Q2,118,118.0,EMIRATES,0.572,195.7,490.3,23.6,25.2,1920,1080,0.029,207.5,502.9
Round3,Q2,119,119.0,EMIRATES,0.8657,1174.0,423.0,32.8,13.2,1920,1080,0.021,1190.4,429.6
Round3,Q2,119,119.0,EMIRATES,0.8078,1453.3,1.3,36.7,9.3,1920,1080,0.016,1471.6,5.9
Round3,Q2,119,119.0,EMIRATES,0.5973,322.2,479.4,27.5,15.1,1920,1080,0.02,335.9,487.0
Round3,Q2,120,120.0,EMIRATES,0.89,1119.5,442.2,51.5,13.5,1920,1080,0.034,1145.3,448.9
Round3,Q2,120,120.0,EMIRATES,0.8462,772.1,27.5,42.6,15.3,1920,1080,0.032,793.4,35.1
Round3,Q2,120,120.0,EMIRATES,0.7648,50.0,427.8,24.9,14.3,1920,1080,0.017,62.5,435.0
Round3,Q2,120,120.0,EMIRATES,0.725,1870.1,488.5,28.9,11.5,1920,1080,0.016,1884.6,494.2
Round3,Q2,121,121.0,EMIRATES,0.8703,1487.7,346.0,42.4,17.5,1920,1080,0.036,1508.9,354.8
Round3,Q2,121,121.0,EMIRATES,0.8388,0.0,47.6,26.9,16.3,1920,1080,0.021,13.5,55.8
Round3,Q2,121,121.0,EMIRATES,0.816,1014.4,426.4,45.0,11.9,1920,1080,0.026,1036.9,432.4
Round3,Q2,121,121.0,EMIRATES,0.7986,78.1,971.0,62.4,19.6,1920,1080,0.059,109.3,980.8
Round3,Q2,122,122.0,EMIRATES,0.8925,1249.0,349.3,40.2,16.0,1920,1080,0.031,1269.2,357.3
Round3,Q2,122,122.0,EMIRATES,0.6149,1069.9,391.7,46.1,12.4,1920,1080,0.028,1093.0,397.9
Round3,Q2,123,123.0,EMIRATES,0.8986,1458.4,348.0,36.0,15.7,1920,1080,0.027,1476.4,355.9
Round3,Q2,123,123.0,EMIRATES,0.3134,994.6,382.9,31.0,9.2,1920,1080,0.014,1010.1,387.5
Round3,Q2,125,125.0,EMIRATES,0.8873,609.1,279.3,43.9,14.2,1920,1080,0.03,631.0,286.4
Round3,Q2,126,126.0,EMIRATES,0.902,976.2,361.1,38.4,18.7,1920,1080,0.035,995.5,370.5
Round3,Q2,126,126.0,EMIRATES,0.8915,766.4,357.0,40.6,13.3,1920,1080,0.026,786.7,363.6
Round3,Q2,126,126.0,EMIRATES,0.8743,1771.9,269.5,45.3,14.9,1920,1080,0.033,1794.5,276.9
Round3,Q2,126,126.0,EMIRATES,0.8494,507.1,310.0,32.0,20.6,1920,1080,0.032,523.1,320.3
Round3,Q2,126,126.0,EMIRATES,0.6473,1904.7,452.8,15.3,14.5,1920,1080,0.011,1912.4,460.0
Round3,Q2,127,127.0,EMIRATES,0.8972,902.0,552.6,174.1,59.5,1920,1080,0.5,989.0,582.4
Round3,Q2,127,127.0,EMIRATES,0.877,1309.2,421.3,204.0,75.0,1920,1080,0.738,1411.2,458.8
Round3,Q2,127,127.0,EMIRATES,0.4078,0.0,518.5,31.0,38.3,1920,1080,0.057,15.5,537.7
Round3,Q2,128,128.0,EMIRATES,0.9091,938.8,548.3,131.2,52.3,1920,1080,0.331,1004.4,574.5
Round3,Q2,128,128.0,EMIRATES,0.8907,1290.7,428.2,159.7,50.7,1920,1080,0.391,1370.5,453.6
Round3,Q2,128,128.0,EMIRATES,0.8597,0.0,136.9,166.7,70.9,1920,1080,0.57,83.3,172.3
Round3,Q2,129,129.0,EMIRATES,0.4446,429.7,794.2,25.1,8.7,1920,1080,0.011,442.3,798.5
Round3,Q2,130,130.0,EMIRATES,0.6053,391.0,798.0,22.8,8.9,1920,1080,0.01,402.4,802.4
Round3,Q2,133,133.0,EMIRATES,0.8577,1393.4,423.8,57.5,23.9,1920,1080,0.066,1422.1,435.8
Round3,Q2,134,134.0,EMIRATES,0.489,1192.5,611.8,29.7,16.5,1920,1080,0.024,1207.4,620.0
Round3,Q2,134,134.0,EMIRATES,0.4264,1550.4,497.5,36.9,21.1,1920,1080,0.038,1568.8,508.0
Round3,Q2,137,137.0,EMIRATES,0.8726,553.8,744.1,63.2,20.1,1920,1080,0.061,585.4,754.1
Round3,Q2,137,137.0,EMIRATES,0.8004,870.2,438.1,46.3,12.8,1920,1080,0.029,893.3,444.5
Round3,Q2,137,137.0,EMIRATES,0.5916,539.2,211.9,21.8,13.2,1920,1080,0.014,550.1,218.5
Round3,Q2,138,138.0,EMIRATES,0.8919,1213.7,361.1,33.3,20.8,1920,1080,0.033,1230.4,371.5
Round3,Q2,139,139.0,EMIRATES,0.6097,1107.7,383.5,19.6,18.5,1920,1080,0.018,1117.5,392.8
Round3,Q2,140,140.0,EMIRATES,0.7687,999.9,390.4,25.4,18.1,1920,1080,0.022,1012.6,399.4
Round3,Q2,145,145.0,EMIRATES,0.8883,1105.5,439.4,41.2,14.1,1920,1080,0.028,1126.1,446.4
Round3,Q2,146,146.0,EMIRATES,0.8487,929.5,318.7,49.1,23.8,1920,1080,0.056,954.0,330.6
Round3,Q2,147,147.0,EMIRATES,0.8374,881.2,448.6,59.5,15.3,1920,1080,0.044,911.0,456.3
Round3,Q2,147,147.0,EMIRATES,0.8136,333.3,746.7,40.2,23.5,1920,1080,0.046,353.4,758.5
Round3,Q2,147,147.0,EMIRATES,0.7062,270.2,986.6,38.1,21.8,1920,1080,0.04,289.3,997.5
Round3,Q2,148,148.0,EMIRATES,0.8827,947.4,755.9,40.2,17.1,1920,1080,0.033,967.5,764.4
Round3,Q2,148,148.0,EMIRATES,0.8713,824.5,385.0,32.0,21.1,1920,1080,0.032,840.5,395.5
Round3,Q2,148,148.0,EMIRATES,0.8629,219.5,937.4,55.0,19.4,1920,1080,0.051,247.0,947.0
Round3,Q2,149,149.0,EMIRATES,0.8643,271.3,753.9,41.5,19.3,1920,1080,0.039,292.0,763.6
Round3,Q2,149,149.0,EMIRATES,0.8552,1484.8,652.1,46.6,15.8,1920,1080,0.036,1508.1,660.0
Round3,Q2,149,149.0,EMIRATES,0.6385,631.4,364.4,24.1,21.4,1920,1080,0.025,643.5,375.1
Round3,Q2,150,150.0,EMIRATES,0.8807,976.0,699.1,40.2,17.3,1920,1080,0.033,996.1,707.8
Round3,Q2,150,150.0,EMIRATES,0.8722,899.7,270.3,41.1,15.3,1920,1080,0.03,920.3,278.0
Round3,Q2,151,151.0,EMIRATES,0.887,1052.8,705.1,52.5,20.1,1920,1080,0.051,1079.0,715.1
Round3,Q2,154,154.0,EMIRATES,0.9012,902.5,286.2,38.2,12.2,1920,1080,0.023,921.6,292.3
Round3,Q2,154,154.0,EMIRATES,0.8865,333.6,784.6,50.6,21.6,1920,1080,0.053,358.9,795.4
Round3,Q2,156,156.0,EMIRATES,0.7412,1697.8,490.9,16.2,76.6,1920,1080,0.06,1705.9,529.2
Round3,Q2,156,156.0,EMIRATES,0.7009,1468.5,393.7,16.3,57.9,1920,1080,0.045,1476.6,422.6
Round3,Q2,156,156.0,EMIRATES,0.6556,1465.8,459.2,15.5,75.6,1920,1080,0.056,1473.6,497.0
Round3,Q2,156,156.0,EMIRATES,0.5358,1701.1,418.3,16.7,65.3,1920,1080,0.053,1709.4,450.9
Round3,Q2,157,157.0,EMIRATES,0.8958,1685.0,416.7,47.4,14.9,1920,1080,0.034,1708.7,424.1
Round3,Q2,157,157.0,EMIRATES,0.8657,587.7,843.3,38.2,31.0,1920,1080,0.057,606.8,858.8
Round3,Q2,158,158.0,EMIRATES,0.889,1028.5,870.8,50.7,28.6,1920,1080,0.07,1053.8,885.1
Round3,Q2,158,158.0,EMIRATES,0.8683,1529.9,483.2,46.9,20.3,1920,1080,0.046,1553.3,493.3
Round3,Q2,158,158.0,EMIRATES,0.5258,1825.0,1009.3,54.9,33.4,1920,1080,0.088,1852.5,1026.0
Round3,Q2,180,180.0,BOWENS,0.3195,0.4,543.3,88.1,25.9,1920,1080,0.11,44.5,556.2
Round3,Q2,184,184.0,EMIRATES,0.3211,1038.2,904.6,49.4,19.4,1920,1080,0.046,1062.9,914.4
Round3,Q2,185,185.0,EMIRATES,0.8891,1309.4,347.4,30.2,12.3,1920,1080,0.018,1324.6,353.6
Round3,Q2,185,185.0,EMIRATES,0.5292,1477.0,232.2,45.0,21.4,1920,1080,0.046,1499.5,242.9
Round3,Q2,185,185.0,EMIRATES,0.4121,74.4,524.2,46.0,21.2,1920,1080,0.047,97.4,534.8
Round3,Q2,186,186.0,EMIRATES,0.8973,1083.6,428.3,36.0,17.9,1920,1080,0.031,1101.6,437.2
Round3,Q2,186,186.0,EMIRATES,0.8616,1388.5,204.8,43.8,22.3,1920,1080,0.047,1410.4,215.9
Round3,Q2,186,186.0,EMIRATES,0.6247,96.2,1056.3,103.2,23.6,1920,1080,0.118,147.8,1068.1
Round3,Q2,187,187.0,EMIRATES,0.9021,987.0,404.6,139.8,47.7,1920,1080,0.322,1056.9,428.5
Round3,Q2,188,188.0,EMIRATES,0.786,987.9,516.1,70.0,47.2,1920,1080,0.159,1022.9,539.7
Round3,Q2,197,197.0,EMIRATES,0.854,1248.8,768.2,65.0,27.8,1920,1080,0.087,1281.3,782.0
Round3,Q2,197,197.0,EMIRATES,0.8236,1015.6,450.6,43.0,19.4,1920,1080,0.04,1037.1,460.2
Round3,Q2,198,198.0,EMIRATES,0.8592,827.9,407.6,58.4,15.8,1920,1080,0.045,857.1,415.5
Round3,Q2,200,200.0,EMIRATES,0.8024,1801.0,470.5,52.0,14.4,1920,1080,0.036,1827.0,477.7
Round3,Q2,200,200.0,EMIRATES,0.7828,885.5,539.4,74.4,20.1,1920,1080,0.072,922.7,549.5
Round3,Q2,201,201.0,EMIRATES,0.8918,1617.0,405.9,40.1,15.0,1920,1080,0.029,1637.1,413.4
Round3,Q2,202,202.0,EMIRATES,0.8914,1131.1,363.5,44.4,12.9,1920,1080,0.028,1153.2,370.0
Round3,Q2,204,204.0,EMIRATES,0.7839,1741.2,556.6,13.6,61.3,1920,1080,0.04,1748.0,587.3
Round3,Q2,204,204.0,EMIRATES,0.7802,1744.2,498.7,12.9,52.1,1920,1080,0.032,1750.6,524.7
Round3,Q2,205,205.0,EMIRATES,0.7602,1843.4,524.7,14.0,61.6,1920,1080,0.042,1850.4,555.5
Round3,Q2,205,205.0,EMIRATES,0.716,1845.3,470.6,13.7,49.1,1920,1080,0.032,1852.1,495.2
Round3,Q2,206,206.0,EMIRATES,0.8828,811.5,366.5,50.4,23.9,1920,1080,0.058,836.7,378.4
Round3,Q2,207,207.0,EMIRATES,0.8625,1023.2,490.8,57.9,19.7,1920,1080,0.055,1052.2,500.7
Round3,Q2,207,207.0,EMIRATES,0.8176,550.8,398.1,56.6,13.9,1920,1080,0.038,579.1,405.1
Round3,Q2,208,208.0,EMIRATES,0.8906,1229.0,382.2,48.5,14.3,1920,1080,0.034,1253.2,389.4
Round3,Q2,209,209.0,EMIRATES,0.8732,1204.0,337.4,46.4,17.7,1920,1080,0.04,1227.2,346.3
Round3,Q2,210,210.0,EMIRATES,0.8501,506.4,241.0,47.5,16.1,1920,1080,0.037,530.2,249.1
Round3,Q2,210,210.0,EMIRATES,0.8273,950.6,361.0,58.9,17.4,1920,1080,0.05,980.1,369.7
Round3,Q2,211,211.0,EMIRATES,0.8703,668.8,352.2,44.2,19.1,1920,1080,0.041,690.9,361.7
Round3,Q2,211,211.0,EMIRATES,0.5384,344.3,317.9,19.9,13.2,1920,1080,0.013,354.3,324.5
Round3,Q2,213,213.0,EMIRATES,0.8487,830.6,375.4,43.1,13.4,1920,1080,0.028,852.2,382.1
Round3,Q2,213,213.0,EMIRATES,0.5311,925.6,424.1,45.5,11.4,1920,1080,0.025,948.4,429.8
Round3,Q2,214,214.0,EMIRATES,0.3502,1050.6,524.7,40.4,29.4,1920,1080,0.057,1070.8,539.4
Round3,Q2,215,215.0,EMIRATES,0.8787,356.7,325.6,39.0,16.1,1920,1080,0.03,376.2,333.6
Round3,Q2,216,216.0,EMIRATES,0.872,219.1,306.1,47.0,16.4,1920,1080,0.037,242.6,314.3
Round3,Q2,216,216.0,EMIRATES,0.8298,837.9,338.9,50.6,17.2,1920,1080,0.042,863.2,347.6
Round3,Q2,218,218.0,EMIRATES,0.3135,2.3,120.4,158.0,41.0,1920,1080,0.313,81.3,140.9
Round3,Q2,219,219.0,EMIRATES,0.8645,1493.8,749.3,43.5,20.6,1920,1080,0.043,1515.6,759.6
Round3,Q2,219,219.0,EMIRATES,0.6162,818.2,455.3,42.8,32.9,1920,1080,0.068,839.6,471.7
Round3,Q2,219,219.0,EMIRATES,0.5067,750.7,67.1,31.9,16.4,1920,1080,0.025,766.6,75.3
Round3,Q2,220,220.0,EMIRATES,0.6814,1574.9,491.1,42.1,21.6,1920,1080,0.044,1595.9,501.9
Round3,Q2,221,221.0,EMIRATES,0.8937,1562.2,329.5,146.1,37.5,1920,1080,0.264,1635.3,348.2
Round3,Q2,221,221.0,EMIRATES,0.891,1283.7,324.3,147.4,36.5,1920,1080,0.259,1357.4,342.5
Round3,Q2,221,221.0,EMIRATES,0.8851,1012.8,318.6,145.7,37.5,1920,1080,0.264,1085.7,337.4
Round3,Q2,221,221.0,EMIRATES,0.8759,1040.6,545.9,152.2,43.7,1920,1080,0.321,1116.7,567.7
Round3,Q2,221,221.0,EMIRATES,0.8753,184.5,301.4,154.4,37.3,1920,1080,0.278,261.7,320.1
Round3,Q2,221,221.0,EMIRATES,0.8736,742.7,313.9,143.8,36.2,1920,1080,0.251,814.6,332.0
Round3,Q2,221,221.0,EMIRATES,0.8728,415.4,532.9,167.3,45.1,1920,1080,0.363,499.1,555.4
Round3,Q2,221,221.0,EMIRATES,0.8714,469.1,308.1,146.8,36.4,1920,1080,0.258,542.4,326.3
Round3,Q2,221,221.0,EMIRATES,0.8712,1345.3,556.0,163.8,45.0,1920,1080,0.356,1427.2,578.5
Round3,Q2,221,221.0,EMIRATES,0.8576,724.8,537.7,175.6,42.4,1920,1080,0.359,812.6,558.9
Round3,Q2,221,221.0,EMIRATES,0.8556,90.3,530.3,173.6,45.8,1920,1080,0.383,177.1,553.1
Round3,Q2,221,221.0,EMIRATES,0.8446,0.0,296.2,49.2,36.1,1920,1080,0.086,24.6,314.3
Round3,Q2,221,221.0,EMIRATES,0.8335,1845.3,334.8,74.7,37.9,1920,1080,0.137,1882.7,353.7
Round3,Q2,221,221.0,EMIRATES,0.3543,1658.0,571.1,156.4,48.0,1920,1080,0.362,1736.2,595.1
Round3,Q2,222,222.0,EMIRATES,0.8856,787.3,522.0,159.4,42.1,1920,1080,0.324,867.0,543.1
Round3,Q2,222,222.0,EMIRATES,0.8832,1092.4,525.6,163.5,43.4,1920,1080,0.342,1174.1,547.3
Round3,Q2,222,222.0,EMIRATES,0.882,1420.8,306.1,146.4,35.0,1920,1080,0.247,1494.0,323.6
Round3,Q2,222,222.0,EMIRATES,0.8743,1700.5,308.1,156.3,36.3,1920,1080,0.274,1778.7,326.2
Round3,Q2,222,222.0,EMIRATES,0.8705,1145.9,302.4,147.8,35.3,1920,1080,0.252,1219.8,320.0
Round3,Q2,222,222.0,EMIRATES,0.863,38.9,285.0,160.1,37.8,1920,1080,0.292,119.0,303.9
Round3,Q2,222,222.0,EMIRATES,0.8582,876.9,298.3,146.1,36.4,1920,1080,0.256,949.9,316.5
Round3,Q2,222,222.0,EMIRATES,0.8544,476.9,519.4,155.1,43.7,1920,1080,0.327,554.5,541.2
Round3,Q2,222,222.0,EMIRATES,0.8433,155.1,518.8,174.5,44.1,1920,1080,0.371,242.4,540.8
Round3,Q2,222,222.0,EMIRATES,0.8398,1729.3,540.1,152.0,47.1,1920,1080,0.345,1805.3,563.6
Round3,Q2,222,222.0,EMIRATES,0.8373,1400.5,533.2,177.9,44.4,1920,1080,0.381,1489.5,555.4
Round3,Q2,222,222.0,EMIRATES,0.8367,609.0,294.7,143.9,36.2,1920,1080,0.251,681.0,312.8
Round3,Q2,222,222.0,EMIRATES,0.8261,331.2,290.5,151.1,37.0,1920,1080,0.269,406.7,308.9
Round3,Q2,223,223.0,EMIRATES,0.8522,900.7,696.7,51.0,14.0,1920,1080,0.034,926.2,703.7
Round3,Q2,224,224.0,EMIRATES,0.8885,927.0,490.2,33.9,12.7,1920,1080,0.021,944.0,496.5
Round3,Q2,224,224.0,EMIRATES,0.8878,382.9,579.5,45.5,12.1,1920,1080,0.027,405.7,585.6
Round3,Q2,224,224.0,EMIRATES,0.7534,1372.1,428.6,42.9,11.0,1920,1080,0.023,1393.6,434.1
Round3,Q2,225,225.0,EMIRATES,0.8928,253.4,411.5,46.8,12.9,1920,1080,0.029,276.8,418.0
Round3,Q2,225,225.0,EMIRATES,0.3871,1212.8,278.9,26.3,14.3,1920,1080,0.018,1226.0,286.0
Round3,Q2,226,226.0,EMIRATES,0.8087,1582.9,262.5,36.9,13.1,1920,1080,0.023,1601.3,269.0
Round3,Q2,227,227.0,EMIRATES,0.8835,1542.7,251.1,51.9,15.9,1920,1080,0.04,1568.6,259.0
Round3,Q2,228,228.0,EMIRATES,0.867,1134.1,520.3,57.2,25.5,1920,1080,0.07,1162.6,533.1
Round3,Q2,228,228.0,EMIRATES,0.7971,99.6,320.0,59.7,18.3,1920,1080,0.053,129.4,329.2
Round3,Q2,229,229.0,EMIRATES,0.8492,862.1,489.8,62.3,21.3,1920,1080,0.064,893.3,500.4
Round3,Q2,230,230.0,EMIRATES,0.8436,842.5,428.0,40.1,38.6,1920,1080,0.075,862.5,447.3
Round3,Q2,231,231.0,EMIRATES,0.8566,1048.2,422.9,53.5,16.8,1920,1080,0.043,1075.0,431.3
Round3,Q2,231,231.0,EMIRATES,0.8528,1829.2,147.0,45.3,18.4,1920,1080,0.04,1851.9,156.2
Round3,Q2,232,232.0,EMIRATES,0.8827,1536.8,786.1,46.2,18.7,1920,1080,0.042,1559.9,795.5
Round3,Q2,232,232.0,EMIRATES,0.8403,1667.4,228.8,41.7,15.7,1920,1080,0.032,1688.3,236.6
Round3,Q2,233,233.0,EMIRATES,0.8398,1171.9,424.2,46.9,15.2,1920,1080,0.034,1195.4,431.9
Round3,Q2,233,233.0,EMIRATES,0.7864,635.0,845.1,46.0,29.8,1920,1080,0.066,658.0,860.0
Round3,Q2,234,234.0,EMIRATES,0.7816,618.4,458.3,54.8,16.3,1920,1080,0.043,645.8,466.5
Round3,Q2,234,234.0,EMIRATES,0.6326,316.0,264.3,55.0,17.0,1920,1080,0.045,343.6,272.8
Round3,Q2,238,238.0,EMIRATES,0.8909,1572.1,136.4,166.3,39.7,1920,1080,0.319,1655.3,156.3
Round3,Q2,238,238.0,EMIRATES,0.8899,1272.0,136.5,160.1,39.5,1920,1080,0.305,1352.0,156.3
Round3,Q2,238,238.0,EMIRATES,0.8879,1462.2,386.4,179.7,48.4,1920,1080,0.42,1552.0,410.6
Round3,Q2,238,238.0,EMIRATES,0.8851,103.2,376.3,188.4,49.8,1920,1080,0.452,197.5,401.2
Round3,Q2,238,238.0,EMIRATES,0.8829,977.0,134.9,159.5,40.0,1920,1080,0.308,1056.8,154.9
Round3,Q2,238,238.0,EMIRATES,0.882,1125.5,384.0,174.2,49.3,1920,1080,0.414,1212.7,408.7
Round3,Q2,238,238.0,EMIRATES,0.881,680.3,132.1,161.6,40.2,1920,1080,0.313,761.1,152.2
Round3,Q2,238,238.0,EMIRATES,0.8805,384.5,128.3,159.5,37.2,1920,1080,0.286,464.2,147.0
Round3,Q2,238,238.0,EMIRATES,0.8802,1813.3,390.5,106.6,48.2,1920,1080,0.248,1866.6,414.6
Round3,Q2,238,238.0,EMIRATES,0.8798,450.4,377.3,185.0,51.8,1920,1080,0.462,542.9,403.2
Round3,Q2,238,238.0,EMIRATES,0.8696,788.3,380.2,182.6,49.8,1920,1080,0.438,879.6,405.1
Round3,Q2,238,238.0,EMIRATES,0.865,68.5,120.6,169.9,40.4,1920,1080,0.331,153.4,140.8
Round3,Q2,238,238.0,EMIRATES,0.5155,1889.2,136.1,30.8,36.4,1920,1080,0.054,1904.6,154.3
Round3,Q2,239,239.0,EMIRATES,0.8956,1043.5,383.4,176.2,48.1,1920,1080,0.409,1131.6,407.4
Round3,Q2,239,239.0,EMIRATES,0.8892,1188.9,136.8,158.1,39.7,1920,1080,0.303,1267.9,156.6
Round3,Q2,239,239.0,EMIRATES,0.889,1379.0,386.5,178.1,48.1,1920,1080,0.413,1468.1,410.6
Round3,Q2,239,239.0,EMIRATES,0.8878,11.3,375.4,193.2,50.6,1920,1080,0.471,107.9,400.7
Round3,Q2,239,239.0,EMIRATES,0.8876,1724.0,390.2,186.2,47.9,1920,1080,0.43,1817.1,414.1
Round3,Q2,239,239.0,EMIRATES,0.8845,1488.7,137.7,162.6,39.6,1920,1080,0.311,1570.0,157.5
Round3,Q2,239,239.0,EMIRATES,0.8844,894.8,135.3,157.5,39.6,1920,1080,0.301,973.6,155.1
Round3,Q2,239,239.0,EMIRATES,0.8826,597.2,131.7,162.6,39.2,1920,1080,0.308,678.5,151.3
Round3,Q2,239,239.0,EMIRATES,0.8809,368.4,377.6,183.0,51.1,1920,1080,0.451,459.9,403.1
Round3,Q2,239,239.0,EMIRATES,0.8809,0.0,118.6,151.0,40.0,1920,1080,0.291,75.5,138.6
Round3,Q2,239,239.0,EMIRATES,0.8674,295.6,126.8,163.1,38.3,1920,1080,0.301,377.2,145.9
Round3,Q2,239,239.0,EMIRATES,0.834,1797.5,137.4,122.5,38.3,1920,1080,0.226,1858.8,156.6
Round3,Q2,239,239.0,EMIRATES,0.7842,705.4,382.2,181.2,48.5,1920,1080,0.423,796.0,406.5
Round3,Q2,240,240.0,EMIRATES,0.8963,1393.8,392.2,172.4,47.6,1920,1080,0.396,1480.0,416.0
Round3,Q2,240,240.0,EMIRATES,0.8932,631.7,144.0,154.7,38.1,1920,1080,0.284,709.1,163.0
Round3,Q2,240,240.0,EMIRATES,0.8883,341.1,139.1,154.4,37.5,1920,1080,0.279,418.2,157.9
Round3,Q2,240,240.0,EMIRATES,0.8854,1064.7,389.4,172.6,47.1,1920,1080,0.392,1151.0,412.9
Round3,Q2,240,240.0,EMIRATES,0.883,407.4,383.1,179.2,49.3,1920,1080,0.426,496.9,407.8
Round3,Q2,240,240.0,EMIRATES,0.8824,1207.2,148.8,151.9,38.4,1920,1080,0.281,1283.1,168.0
Round3,Q2,240,240.0,EMIRATES,0.8789,919.9,146.7,154.1,39.5,1920,1080,0.293,996.9,166.4
Round3,Q2,240,240.0,EMIRATES,0.8781,1496.5,149.5,159.7,38.3,1920,1080,0.295,1576.4,168.6
Round3,Q2,240,240.0,EMIRATES,0.8768,63.8,381.9,185.6,48.1,1920,1080,0.43,156.6,406.0
Round3,Q2,240,240.0,EMIRATES,0.8768,1728.8,395.2,183.2,46.9,1920,1080,0.415,1820.4,418.6
Round3,Q2,240,240.0,EMIRATES,0.8762,30.0,131.8,167.2,39.9,1920,1080,0.322,113.6,151.7
Round3,Q2,240,240.0,EMIRATES,0.8698,737.8,387.2,176.8,48.1,1920,1080,0.41,826.2,411.2
Round3,Q2,240,240.0,EMIRATES,0.836,1798.7,149.1,121.3,37.3,1920,1080,0.218,1859.3,167.7
Round3,Q2,241,241.0,EMIRATES,0.8967,1304.8,157.0,152.3,37.7,1920,1080,0.277,1381.0,175.9
Round3,Q2,241,241.0,EMIRATES,0.8893,1166.6,391.9,169.1,46.6,1920,1080,0.38,1251.1,415.2
Round3,Q2,241,241.0,EMIRATES,0.8887,1591.4,156.6,159.4,38.8,1920,1080,0.298,1671.1,176.0
Round3,Q2,241,241.0,EMIRATES,0.8875,1489.0,394.9,172.7,46.5,1920,1080,0.387,1575.3,418.2
Round3,Q2,241,241.0,EMIRATES,0.887,1024.4,155.8,153.1,39.5,1920,1080,0.291,1101.0,175.5
Round3,Q2,241,241.0,EMIRATES,0.8864,744.9,153.4,152.4,36.5,1920,1080,0.268,821.1,171.7
Round3,Q2,241,241.0,EMIRATES,0.8862,1821.7,398.0,97.9,45.0,1920,1080,0.212,1870.7,420.5
Round3,Q2,241,241.0,EMIRATES,0.8801,847.8,390.2,174.0,46.6,1920,1080,0.391,934.8,413.4
Round3,Q2,241,241.0,EMIRATES,0.8773,168.1,143.8,161.6,37.7,1920,1080,0.294,248.9,162.7
Round3,Q2,241,241.0,EMIRATES,0.8734,201.5,385.9,175.7,46.0,1920,1080,0.389,289.4,408.8
Round3,Q2,241,241.0,EMIRATES,0.8725,464.0,150.0,151.6,36.6,1920,1080,0.267,539.8,168.3
Round3,Q2,241,241.0,EMIRATES,0.8678,528.2,388.2,172.8,47.1,1920,1080,0.392,614.6,411.8
Round3,Q2,241,241.0,EMIRATES,0.6999,0.0,137.9,27.4,37.0,1920,1080,0.049,13.7,156.4
Round3,Q2,241,241.0,EMIRATES,0.6527,1890.2,155.3,29.7,36.5,1920,1080,0.052,1905.0,173.5
Round3,Q2,242,242.0,EMIRATES,0.9009,505.0,134.8,147.7,36.2,1920,1080,0.258,578.9,152.9
Round3,Q2,242,242.0,EMIRATES,0.896,779.6,138.5,148.0,36.7,1920,1080,0.262,853.6,156.9
Round3,Q2,242,242.0,EMIRATES,0.8882,1607.7,140.8,153.2,36.2,1920,1080,0.268,1684.3,159.0
Round3,Q2,242,242.0,EMIRATES,0.8855,1052.0,140.1,150.2,37.7,1920,1080,0.273,1127.1,158.9
Round3,Q2,242,242.0,EMIRATES,0.8855,1189.5,371.4,165.1,44.3,1920,1080,0.353,1272.0,393.5
Round3,Q2,242,242.0,EMIRATES,0.8827,249.6,365.1,171.8,46.0,1920,1080,0.381,335.4,388.1
Round3,Q2,242,242.0,EMIRATES,0.8817,1827.6,376.3,92.4,44.3,1920,1080,0.197,1873.8,398.5
Round3,Q2,242,242.0,EMIRATES,0.88,571.7,366.4,166.3,46.7,1920,1080,0.374,654.8,389.8
Round3,Q2,242,242.0,EMIRATES,0.8781,1327.6,141.5,147.4,36.3,1920,1080,0.258,1401.3,159.6
Round3,Q2,242,242.0,EMIRATES,0.874,1505.2,373.9,168.1,45.7,1920,1080,0.371,1589.2,396.7
Round3,Q2,242,242.0,EMIRATES,0.8728,222.2,129.6,154.4,37.2,1920,1080,0.277,299.3,148.2
Round3,Q2,242,242.0,EMIRATES,0.8608,879.1,369.1,168.8,44.1,1920,1080,0.359,963.5,391.2
Round3,Q2,242,242.0,EMIRATES,0.7671,0.0,124.4,84.8,36.3,1920,1080,0.148,42.4,142.6
Round3,Q2,242,242.0,EMIRATES,0.6432,0.0,364.9,92.7,45.9,1920,1080,0.205,46.3,387.8
Round3,Q2,242,242.0,EMIRATES,0.6154,1895.4,139.9,24.6,34.7,1920,1080,0.041,1907.7,157.3
Round3,Q2,243,243.0,EMIRATES,0.9029,616.2,150.5,143.5,35.0,1920,1080,0.243,688.0,168.0
Round3,Q2,243,243.0,EMIRATES,0.8877,343.4,146.3,148.7,36.3,1920,1080,0.26,417.8,164.5
Round3,Q2,243,243.0,EMIRATES,0.8867,1282.7,380.3,162.8,43.3,1920,1080,0.34,1364.1,402.0
Round3,Q2,243,243.0,EMIRATES,0.8855,1149.1,155.0,146.0,37.2,1920,1080,0.262,1222.1,173.6
Round3,Q2,243,243.0,EMIRATES,0.8818,45.5,375.3,174.1,45.4,1920,1080,0.381,132.6,398.0
Round3,Q2,243,243.0,EMIRATES,0.8815,1693.5,154.2,155.3,35.7,1920,1080,0.268,1771.2,172.1
Round3,Q2,243,243.0,EMIRATES,0.8812,1417.1,155.5,146.5,35.7,1920,1080,0.252,1490.3,173.3
Round3,Q2,243,243.0,EMIRATES,0.8783,58.4,140.7,152.2,37.7,1920,1080,0.277,134.6,159.6
Round3,Q2,243,243.0,EMIRATES,0.8754,882.6,153.5,143.7,35.5,1920,1080,0.246,954.4,171.3
Round3,Q2,243,243.0,EMIRATES,0.8691,678.8,376.0,163.6,45.9,1920,1080,0.362,760.6,398.9
Round3,Q2,243,243.0,EMIRATES,0.8673,1592.0,382.1,168.3,46.4,1920,1080,0.377,1676.1,405.3
Round3,Q2,243,243.0,EMIRATES,0.8577,978.4,377.8,165.6,45.2,1920,1080,0.361,1061.1,400.4
Round3,Q2,243,243.0,EMIRATES,0.8527,371.2,373.9,156.7,44.8,1920,1080,0.338,449.6,396.3
Round3,Q2,244,244.0,EMIRATES,0.8962,471.8,182.2,149.5,36.4,1920,1080,0.263,546.6,200.4
Round3,Q2,244,244.0,EMIRATES,0.895,748.6,185.5,144.9,35.9,1920,1080,0.251,821.0,203.4
Round3,Q2,244,244.0,EMIRATES,0.8894,1019.1,187.0,145.8,36.7,1920,1080,0.258,1092.0,205.4
Round3,Q2,244,244.0,EMIRATES,0.88,1293.3,187.6,149.2,37.8,1920,1080,0.272,1367.9,206.5
Round3,Q2,244,244.0,EMIRATES,0.879,1570.9,187.7,152.6,37.7,1920,1080,0.277,1647.2,206.5
Round3,Q2,244,244.0,EMIRATES,0.8762,172.5,414.5,175.2,45.9,1920,1080,0.387,260.1,437.5
Round3,Q2,244,244.0,EMIRATES,0.8674,187.9,177.9,151.2,36.9,1920,1080,0.269,263.5,196.4
Round3,Q2,244,244.0,EMIRATES,0.8666,809.8,415.1,166.6,46.4,1920,1080,0.373,893.1,438.3
Round3,Q2,244,244.0,EMIRATES,0.8633,1430.9,419.0,170.8,48.0,1920,1080,0.395,1516.3,443.0
Round3,Q2,244,244.0,EMIRATES,0.8572,1116.7,416.9,168.3,46.0,1920,1080,0.374,1200.8,439.9
Round3,Q2,244,244.0,EMIRATES,0.8565,1755.2,421.7,164.8,47.1,1920,1080,0.374,1837.6,445.3
Round3,Q2,244,244.0,EMIRATES,0.8412,498.9,413.2,166.0,47.1,1920,1080,0.377,581.9,436.7
Round3,Q2,244,244.0,EMIRATES,0.8379,1861.5,186.2,58.4,37.3,1920,1080,0.105,1890.7,204.9
Round3,Q2,244,244.0,EMIRATES,0.3545,0.2,417.2,15.8,42.4,1920,1080,0.032,8.1,438.5
Round3,Q2,245,245.0,EMIRATES,0.8846,1335.0,315.7,154.1,35.4,1920,1080,0.263,1412.0,333.3
Round3,Q2,245,245.0,EMIRATES,0.8761,83.5,557.9,187.3,49.1,1920,1080,0.443,177.1,582.4
Round3,Q2,245,245.0,EMIRATES,0.8709,1397.2,554.5,177.7,49.3,1920,1080,0.423,1486.0,579.2
Round3,Q2,245,245.0,EMIRATES,0.8679,1623.4,314.5,161.1,37.2,1920,1080,0.289,1704.0,333.1
Round3,Q2,245,245.0,EMIRATES,0.8669,374.5,313.7,157.1,37.4,1920,1080,0.283,453.0,332.3
Round3,Q2,245,245.0,EMIRATES,0.863,751.5,553.3,174.0,47.3,1920,1080,0.397,838.4,577.0
Round3,Q2,245,245.0,EMIRATES,0.8608,1076.3,551.9,170.4,49.4,1920,1080,0.406,1161.5,576.6
Round3,Q2,245,245.0,EMIRATES,0.8474,72.5,311.2,164.8,39.8,1920,1080,0.316,154.8,331.1
Round3,Q2,245,245.0,EMIRATES,0.838,1051.6,314.8,152.7,36.8,1920,1080,0.271,1127.9,333.2
Round3,Q2,245,245.0,EMIRATES,0.4254,771.9,314.1,148.4,36.4,1920,1080,0.26,846.1,332.3
Round3,Q2,246,246.0,EMIRATES,0.8889,325.9,566.8,188.6,49.4,1920,1080,0.449,420.2,591.5
Round3,Q2,246,246.0,EMIRATES,0.8702,1681.4,306.9,168.5,36.7,1920,1080,0.298,1765.7,325.3
Round3,Q2,246,246.0,EMIRATES,0.87,1352.6,561.7,185.0,48.7,1920,1080,0.434,1445.1,586.0
Round3,Q2,246,246.0,EMIRATES,0.8685,1705.5,561.2,193.1,51.9,1920,1080,0.483,1802.0,587.2
Round3,Q2,246,246.0,EMIRATES,0.8682,41.8,313.1,170.1,38.9,1920,1080,0.319,126.9,332.6
Round3,Q2,246,246.0,EMIRATES,0.8625,358.6,312.5,163.8,38.1,1920,1080,0.301,440.5,331.5
Round3,Q2,246,246.0,EMIRATES,0.8613,673.4,564.0,182.8,48.9,1920,1080,0.431,764.7,588.5
Round3,Q2,246,246.0,EMIRATES,0.8569,0.0,575.6,155.9,49.9,1920,1080,0.375,78.0,600.6
Round3,Q2,246,246.0,EMIRATES,0.8529,666.4,312.0,161.2,37.8,1920,1080,0.294,747.1,330.9
Round3,Q2,246,246.0,EMIRATES,0.838,965.4,311.5,159.0,37.6,1920,1080,0.288,1044.9,330.3
Round3,Q2,246,246.0,EMIRATES,0.6046,1377.9,309.6,159.3,37.3,1920,1080,0.286,1457.5,328.2
Round3,Q2,246,246.0,EMIRATES,0.5188,1009.1,561.2,188.2,49.4,1920,1080,0.448,1103.2,585.9
Round3,Q2,248,248.0,EMIRATES,0.8963,664.8,384.4,44.3,15.1,1920,1080,0.032,686.9,391.9
Round3,Q2,248,248.0,EMIRATES,0.8808,943.5,377.9,40.6,14.5,1920,1080,0.028,963.7,385.2
Round3,Q2,248,248.0,EMIRATES,0.8778,501.3,457.5,40.6,13.8,1920,1080,0.027,521.6,464.4
Round3,Q2,248,248.0,EMIRATES,0.4244,1875.7,383.0,38.9,13.0,1920,1080,0.024,1895.1,389.5
Round3,Q2,249,249.0,EMIRATES,0.8793,435.2,883.3,38.3,15.5,1920,1080,0.029,454.3,891.0
Round3,Q2,250,250.0,EMIRATES,0.8826,155.5,610.7,49.5,21.0,1920,1080,0.05,180.2,621.2
Round3,Q2,250,250.0,EMIRATES,0.877,792.6,393.0,38.4,15.4,1920,1080,0.028,811.8,400.7
Round3,Q2,250,250.0,EMIRATES,0.8711,540.2,974.2,54.3,18.9,1920,1080,0.049,567.4,983.6
Round3,Q2,250,250.0,EMIRATES,0.8674,550.5,469.4,46.3,16.5,1920,1080,0.037,573.6,477.6
Round3,Q2,251,251.0,EMIRATES,0.8791,407.6,748.9,49.3,23.3,1920,1080,0.055,432.2,760.5
Round3,Q2,251,251.0,EMIRATES,0.8388,294.1,281.9,51.6,25.8,1920,1080,0.064,319.9,294.8
Round3,Q2,251,251.0,EMIRATES,0.8045,235.0,453.1,28.8,18.7,1920,1080,0.026,249.4,462.5
Round3,Q2,252,252.0,EMIRATES,0.8741,919.9,937.5,55.9,25.3,1920,1080,0.068,947.8,950.1
Round3,Q2,252,252.0,EMIRATES,0.7667,885.2,257.0,22.9,24.6,1920,1080,0.027,896.7,269.2
Round3,Q2,253,253.0,EMIRATES,0.9006,877.2,276.1,43.5,26.8,1920,1080,0.056,898.9,289.4
Round3,Q2,256,256.0,EMIRATES,0.8605,1023.2,717.4,45.9,24.0,1920,1080,0.053,1046.1,729.4
Round3,Q2,257,257.0,EMIRATES,0.8551,934.8,285.8,48.6,20.7,1920,1080,0.049,959.1,296.2
Round3,Q2,258,258.0,EMIRATES,0.7621,734.7,322.0,42.5,15.7,1920,1080,0.032,755.9,329.9
Round3,Q2,261,261.0,EMIRATES,0.7954,1001.6,259.2,27.8,18.3,1920,1080,0.025,1015.4,268.4
Round3,Q2,261,261.0,CYBERCX,0.7071,1874.8,234.7,45.2,76.1,1920,1080,0.166,1897.4,272.7
Round3,Q2,261,261.0,CYBERCX,0.5213,1889.7,329.4,30.3,43.6,1920,1080,0.064,1904.9,351.2
Round3,Q2,261,261.0,EMIRATES,0.5136,748.7,604.0,23.5,13.4,1920,1080,0.015,760.5,610.7
Round3,Q2,262,262.0,CYBERCX,0.7358,1890.3,330.1,29.7,43.4,1920,1080,0.062,1905.1,351.8
Round3,Q2,262,262.0,EMIRATES,0.6822,727.5,621.6,33.6,13.3,1920,1080,0.022,744.3,628.2
Round3,Q2,262,262.0,CYBERCX,0.679,1875.6,232.4,44.4,79.3,1920,1080,0.17,1897.8,272.0
Round3,Q2,263,263.0,CYBERCX,0.8534,1841.4,330.1,78.5,42.6,1920,1080,0.161,1880.7,351.3
Round3,Q2,263,263.0,EMIRATES,0.8247,1017.3,205.3,69.0,21.3,1920,1080,0.071,1051.8,215.9
Round3,Q2,263,263.0,CYBERCX,0.7806,1826.6,234.2,93.1,70.8,1920,1080,0.318,1873.1,269.5
Round3,Q2,263,263.0,EMIRATES,0.6961,737.1,617.3,30.2,12.3,1920,1080,0.018,752.2,623.4
Round3,Q2,263,263.0,CYBERCX,0.5819,1854.7,810.5,42.5,33.9,1920,1080,0.069,1876.0,827.4
Round3,Q2,263,263.0,EMIRATES,0.4831,1410.4,18.9,52.5,32.8,1920,1080,0.083,1436.6,35.3
Round3,Q2,264,264.0,CYBERCX,0.8976,1552.5,230.8,240.9,71.1,1920,1080,0.827,1673.0,266.4
Round3,Q2,264,264.0,EMIRATES,0.8637,880.0,203.8,71.2,21.2,1920,1080,0.073,915.6,214.4
Round3,Q2,264,264.0,CYBERCX,0.862,1701.8,663.7,123.5,43.0,1920,1080,0.256,1763.6,685.2
Round3,Q2,264,264.0,CYBERCX,0.8566,1731.5,801.4,151.0,43.0,1920,1080,0.313,1807.0,822.9
Round3,Q2,264,264.0,CYBERCX,0.8531,1568.5,327.9,145.3,41.5,1920,1080,0.291,1641.2,348.6
Round3,Q2,264,264.0,EMIRATES,0.797,1140.4,9.4,49.2,31.1,1920,1080,0.074,1165.0,24.9
Round3,Q2,264,264.0,CYBERCX,0.6468,1580.7,806.8,44.3,34.8,1920,1080,0.074,1602.9,824.2
Round3,Q2,264,264.0,CYBERCX,0.4149,1766.4,446.7,50.7,36.3,1920,1080,0.089,1791.7,464.8
Round3,Q2,264,264.0,EMIRATES,0.3132,486.5,600.1,24.0,10.8,1920,1080,0.012,498.5,605.5
Round3,Q2,265,265.0,CYBERCX,0.9008,1359.2,235.8,240.3,72.2,1920,1080,0.836,1479.4,271.9
Round3,Q2,265,265.0,CYBERCX,0.8572,1376.4,333.4,145.4,40.1,1920,1080,0.281,1449.1,353.4
Round3,Q2,265,265.0,CYBERCX,0.8507,1538.6,806.3,152.5,42.3,1920,1080,0.311,1614.8,827.4
Round3,Q2,265,265.0,CYBERCX,0.8331,1507.8,670.1,131.7,40.7,1920,1080,0.258,1573.7,690.5
Round3,Q2,265,265.0,EMIRATES,0.8141,884.0,195.9,69.7,20.5,1920,1080,0.069,918.9,206.1
Round3,Q2,265,265.0,CYBERCX,0.728,1825.2,802.4,94.3,46.4,1920,1080,0.211,1872.4,825.6
Round3,Q2,265,265.0,CYBERCX,0.7097,1847.3,676.1,61.4,34.7,1920,1080,0.103,1878.0,693.5
Round3,Q2,265,265.0,CYBERCX,0.6978,1764.1,666.5,50.4,43.8,1920,1080,0.107,1789.3,688.4
Round3,Q2,265,265.0,EMIRATES,0.685,363.7,596.6,34.7,12.2,1920,1080,0.02,381.1,602.8
Round3,Q2,265,265.0,CYBERCX,0.6572,1851.4,457.3,53.3,29.9,1920,1080,0.077,1878.1,472.3
Round3,Q2,265,265.0,EMIRATES,0.4144,935.7,26.7,67.8,27.3,1920,1080,0.089,969.6,40.4
Round3,Q2,265,265.0,EMIRATES,0.3629,273.4,621.3,30.2,15.3,1920,1080,0.022,288.5,629.0
Round3,Q2,266,266.0,EMIRATES,0.9029,1043.7,390.4,38.4,21.0,1920,1080,0.039,1062.9,400.9
Round3,Q2,267,267.0,EMIRATES,0.4677,1125.8,403.2,21.3,15.3,1920,1080,0.016,1136.5,410.9
Round3,Q2,277,277.0,JAMESON,0.8738,727.0,121.4,36.1,10.6,1920,1080,0.018,745.1,126.7
Round3,Q2,277,277.0,JAMESON,0.8633,1512.2,3.2,33.8,9.4,1920,1080,0.015,1529.1,7.9
Round3,Q2,277,277.0,JAMESON,0.8627,1371.5,121.1,36.2,11.4,1920,1080,0.02,1389.6,126.7
Round3,Q2,277,277.0,JAMESON,0.8624,65.4,143.6,40.5,12.6,1920,1080,0.025,85.7,149.9
Round3,Q2,277,277.0,JAMESON,0.8568,313.7,4.9,33.1,10.1,1920,1080,0.016,330.3,9.9
Round3,Q2,277,277.0,JAMESON,0.8557,54.6,3.8,37.6,11.0,1920,1080,0.02,73.4,9.4
Round3,Q2,277,277.0,JAMESON,0.8555,658.4,123.4,35.3,10.4,1920,1080,0.018,676.0,128.6
Round3,Q2,277,277.0,JAMESON,0.8533,775.5,2.8,30.0,8.3,1920,1080,0.012,790.5,7.0
Round3,Q2,277,277.0,JAMESON,0.8523,795.9,120.2,35.0,10.8,1920,1080,0.018,813.4,125.6
Round3,Q2,277,277.0,JAMESON,0.852,930.8,118.2,35.9,11.0,1920,1080,0.019,948.7,123.7
Round3,Q2,277,277.0,JAMESON,0.852,1005.9,195.6,40.4,12.5,1920,1080,0.024,1026.1,201.8
Round3,Q2,277,277.0,JAMESON,0.8515,625.2,3.0,32.5,9.1,1920,1080,0.014,641.4,7.5
Round3,Q2,277,277.0,JAMESON,0.8505,1068.1,2.4,31.1,8.8,1920,1080,0.013,1083.6,6.7
Round3,Q2,277,277.0,JAMESON,0.8505,1803.2,132.3,39.6,12.5,1920,1080,0.024,1823.0,138.5
Round3,Q2,277,277.0,JAMESON,0.8504,1669.4,3.9,34.3,9.7,1920,1080,0.016,1686.6,8.7
Round3,Q2,277,277.0,JAMESON,0.8503,1589.4,3.4,34.5,9.6,1920,1080,0.016,1606.7,8.2
Round3,Q2,277,277.0,JAMESON,0.8499,1880.6,135.2,38.7,11.6,1920,1080,0.022,1900.0,141.0
Round3,Q2,277,277.0,JAMESON,0.8497,472.0,3.9,32.6,9.6,1920,1080,0.015,488.2,8.7
Round3,Q2,277,277.0,JAMESON,0.8493,375.1,131.4,37.0,12.0,1920,1080,0.021,393.6,137.4
Round3,Q2,277,277.0,JAMESON,0.8491,1440.0,122.7,36.6,10.8,1920,1080,0.019,1458.3,128.1
Round3,Q2,277,277.0,JAMESON,0.849,230.7,5.2,34.0,10.2,1920,1080,0.017,247.7,10.3
Round3,Q2,277,277.0,JAMESON,0.8487,1510.0,123.9,37.3,11.2,1920,1080,0.02,1528.6,129.5
Round3,Q2,277,277.0,JAMESON,0.847,1797.3,214.0,47.5,14.4,1920,1080,0.033,1821.1,221.1
Round3,Q2,277,277.0,JAMESON,0.8463,588.5,124.5,37.0,11.5,1920,1080,0.02,607.0,130.2
Round3,Q2,277,277.0,JAMESON,0.8463,393.5,4.3,32.4,9.6,1920,1080,0.015,409.7,9.1
Round3,Q2,277,277.0,JAMESON,0.8451,930.1,195.8,40.3,12.8,1920,1080,0.025,950.2,202.2
Round3,Q2,277,277.0,JAMESON,0.8444,1083.0,195.2,40.0,12.9,1920,1080,0.025,1103.0,201.6
Round3,Q2,277,277.0,JAMESON,0.8438,700.5,2.7,31.1,8.9,1920,1080,0.013,716.0,7.2
Round3,Q2,277,277.0,JAMESON,0.8424,291.8,217.4,40.8,13.8,1920,1080,0.027,312.2,224.3
Round3,Q2,277,277.0,JAMESON,0.8424,1749.8,3.9,35.1,10.2,1920,1080,0.017,1767.4,8.9
Round3,Q2,277,277.0,JAMESON,0.8413,121.9,229.1,42.5,14.0,1920,1080,0.029,143.2,236.0
Round3,Q2,277,277.0,JAMESON,0.8408,1302.2,119.9,37.4,11.1,1920,1080,0.02,1320.9,125.5
Round3,Q2,277,277.0,JAMESON,0.8372,1654.3,127.4,36.5,12.0,1920,1080,0.021,1672.5,133.4
Round3,Q2,277,277.0,JAMESON,0.837,300.3,134.5,38.8,11.6,1920,1080,0.022,319.7,140.3
Round3,Q2,277,277.0,JAMESON,0.8364,776.0,198.8,36.9,12.5,1920,1080,0.022,794.4,205.1
Round3,Q2,277,277.0,JAMESON,0.8361,1166.7,118.3,36.5,11.1,1920,1080,0.019,1184.9,123.8
Round3,Q2,277,277.0,JAMESON,0.836,1834.1,3.5,34.9,10.0,1920,1080,0.017,1851.6,8.5
Round3,Q2,277,277.0,JAMESON,0.8339,32.6,236.8,42.6,14.7,1920,1080,0.03,53.9,244.2
Round3,Q2,277,277.0,JAMESON,0.8325,1313.1,198.4,40.8,13.1,1920,1080,0.026,1333.5,205.0
Round3,Q2,277,277.0,JAMESON,0.8321,1234.0,118.7,36.1,11.2,1920,1080,0.019,1252.1,124.3
Round3,Q2,277,277.0,JAMESON,0.8316,1362.1,3.0,32.3,8.8,1920,1080,0.014,1378.2,7.4
Round3,Q2,277,277.0,JAMESON,0.8287,548.3,3.1,33.2,9.7,1920,1080,0.015,564.9,7.9
Round3,Q2,277,277.0,JAMESON,0.8285,862.5,118.8,37.2,10.8,1920,1080,0.019,881.1,124.2
Round3,Q2,277,277.0,JAMESON,0.8275,1551.3,204.7,41.2,13.9,1920,1080,0.028,1571.9,211.7
Round3,Q2,277,277.0,JAMESON,0.826,698.1,200.6,41.8,13.0,1920,1080,0.026,719.0,207.1
Round3,Q2,277,277.0,JAMESON,0.8232,446.5,129.3,38.4,11.4,1920,1080,0.021,465.7,135.0
Round3,Q2,277,277.0,JAMESON,0.822,1580.2,125.2,38.5,12.0,1920,1080,0.022,1599.5,131.2
Round3,Q2,277,277.0,JAMESON,0.8216,145.3,140.2,41.9,12.7,1920,1080,0.026,166.3,146.5
Round3,Q2,277,277.0,JAMESON,0.8215,998.0,117.7,37.3,11.2,1920,1080,0.02,1016.6,123.3
Round3,Q2,277,277.0,JAMESON,0.8207,1437.6,2.9,30.8,9.0,1920,1080,0.013,1453.0,7.4
Round3,Q2,277,277.0,JAMESON,0.8204,145.6,4.5,34.6,10.9,1920,1080,0.018,162.9,9.9
Round3,Q2,277,277.0,JAMESON,0.819,1065.7,117.8,36.4,11.2,1920,1080,0.02,1083.9,123.4
Round3,Q2,277,277.0,JAMESON,0.8189,1393.1,200.1,39.3,13.4,1920,1080,0.025,1412.7,206.8
Round3,Q2,277,277.0,JAMESON,0.818,852.8,196.8,40.8,13.0,1920,1080,0.026,873.2,203.3
Round3,Q2,277,277.0,JAMESON,0.8162,922.6,2.4,29.9,7.9,1920,1080,0.011,937.5,6.4
Round3,Q2,277,277.0,JAMESON,0.8153,225.1,137.0,38.4,12.7,1920,1080,0.023,244.3,143.3
Round3,Q2,277,277.0,JAMESON,0.8144,1214.3,2.6,31.4,9.0,1920,1080,0.014,1230.0,7.1
Round3,Q2,277,277.0,JAMESON,0.8125,1288.0,2.7,31.6,8.6,1920,1080,0.013,1303.8,7.0
Round3,Q2,277,277.0,JAMESON,0.8108,541.5,205.3,40.5,13.0,1920,1080,0.025,561.7,211.8
Round3,Q2,277,277.0,JAMESON,0.8107,1726.7,129.8,41.3,11.6,1920,1080,0.023,1747.3,135.6
Round3,Q2,277,277.0,JAMESON,0.8107,1714.7,210.8,43.0,14.1,1920,1080,0.029,1736.2,217.9
Round3,Q2,277,277.0,JAMESON,0.8106,1236.6,197.0,39.5,12.9,1920,1080,0.025,1256.3,203.4
Round3,Q2,277,277.0,JAMESON,0.8106,995.1,2.3,29.7,8.1,1920,1080,0.012,1009.9,6.4
Round3,Q2,277,277.0,JAMESON,0.81,1887.6,219.3,32.1,12.6,1920,1080,0.02,1903.6,225.6
Round3,Q2,277,277.0,JAMESON,0.809,377.1,212.2,44.0,13.8,1920,1080,0.029,399.1,219.1
Round3,Q2,277,277.0,JAMESON,0.8059,1630.4,207.8,44.4,13.7,1920,1080,0.029,1652.6,214.7
Round3,Q2,277,277.0,JAMESON,0.8058,620.3,202.5,40.2,13.8,1920,1080,0.027,640.4,209.4
Round3,Q2,277,277.0,JAMESON,0.8057,519.3,126.4,35.5,11.8,1920,1080,0.02,537.0,132.3
Round3,Q2,277,277.0,JAMESON,0.8019,1157.6,195.7,44.0,13.8,1920,1080,0.029,1179.6,202.6
Round3,Q2,277,277.0,JAMESON,0.7889,460.9,208.4,40.5,13.3,1920,1080,0.026,481.1,215.0
Round3,Q2,277,277.0,JAMESON,0.7869,849.2,2.5,30.0,8.5,1920,1080,0.012,864.2,6.7
Round3,Q2,277,277.0,JAMESON,0.765,0.0,146.1,24.3,12.8,1920,1080,0.015,12.2,152.5
Round3,Q2,277,277.0,JAMESON,0.7615,1140.5,2.6,32.0,9.0,1920,1080,0.014,1156.5,7.1
Round3,Q2,277,277.0,JAMESON,0.7437,206.1,222.7,47.2,14.7,1920,1080,0.034,229.7,230.0
Round3,Q2,277,277.0,JAMESON,0.6496,1470.8,201.9,41.2,13.2,1920,1080,0.026,1491.4,208.5
Round3,Q2,277,277.0,JAMESON,0.4787,275.6,4.9,31.7,10.4,1920,1080,0.016,291.4,10.1
Round3,Q2,278,278.0,JAMESON,0.8685,1602.5,192.7,39.3,13.8,1920,1080,0.026,1622.1,199.6
Round3,Q2,278,278.0,JAMESON,0.8639,1604.1,120.7,34.2,11.0,1920,1080,0.018,1621.2,126.2
Round3,Q2,278,278.0,JAMESON,0.8613,1409.6,111.6,34.4,11.3,1920,1080,0.019,1426.8,117.3
Round3,Q2,278,278.0,JAMESON,0.8609,1670.8,123.9,36.5,10.9,1920,1080,0.019,1689.1,129.4
Round3,Q2,278,278.0,JAMESON,0.858,1484.6,3.9,29.6,9.0,1920,1080,0.013,1499.4,8.4
Round3,Q2,278,278.0,JAMESON,0.8563,626.2,111.3,32.5,10.2,1920,1080,0.016,642.4,116.4
Round3,Q2,278,278.0,JAMESON,0.8533,378.7,195.0,38.2,12.9,1920,1080,0.024,397.8,201.4
Round3,Q2,278,278.0,JAMESON,0.8514,690.9,109.4,32.1,10.4,1920,1080,0.016,706.9,114.6
Round3,Q2,278,278.0,JAMESON,0.8493,1098.5,176.5,36.4,12.8,1920,1080,0.022,1116.7,182.9
Round3,Q2,278,278.0,JAMESON,0.8484,158.4,132.5,36.1,12.0,1920,1080,0.021,176.4,138.5
Round3,Q2,278,278.0,JAMESON,0.848,1219.6,107.1,32.9,10.2,1920,1080,0.016,1236.0,112.2
Round3,Q2,278,278.0,JAMESON,0.8479,388.0,5.3,29.7,9.0,1920,1080,0.013,402.9,9.8
Round3,Q2,278,278.0,JAMESON,0.8474,1240.5,179.6,35.4,12.0,1920,1080,0.021,1258.2,185.6
Round3,Q2,278,278.0,JAMESON,0.8469,673.4,182.0,36.3,12.0,1920,1080,0.021,691.5,188.0
Round3,Q2,278,278.0,JAMESON,0.8461,1382.7,183.4,37.8,12.6,1920,1080,0.023,1401.6,189.7
Round3,Q2,278,278.0,JAMESON,0.845,162.6,9.9,31.3,9.2,1920,1080,0.014,178.2,14.4
Round3,Q2,278,278.0,JAMESON,0.8447,1879.6,134.9,36.8,11.4,1920,1080,0.02,1898.0,140.6
Round3,Q2,278,278.0,JAMESON,0.8441,366.1,122.1,34.6,10.7,1920,1080,0.018,383.4,127.5
Round3,Q2,278,278.0,JAMESON,0.8437,531.2,3.1,28.6,8.7,1920,1080,0.012,545.5,7.5
Round3,Q2,278,278.0,JAMESON,0.8432,1807.6,130.0,37.7,11.8,1920,1080,0.021,1826.4,135.9
Round3,Q2,278,278.0,JAMESON,0.8407,600.6,2.3,28.1,8.0,1920,1080,0.011,614.6,6.3
Round3,Q2,278,278.0,JAMESON,0.8388,1158.6,106.2,32.6,9.8,1920,1080,0.015,1174.9,111.2
Round3,Q2,278,278.0,JAMESON,0.8382,957.4,176.0,35.5,12.3,1920,1080,0.021,975.2,182.2
Round3,Q2,278,278.0,JAMESON,0.8381,298.3,125.1,34.2,11.0,1920,1080,0.018,315.4,130.6
Round3,Q2,278,278.0,JAMESON,0.8381,455.8,190.7,37.0,13.0,1920,1080,0.023,474.3,197.2
Round3,Q2,278,278.0,JAMESON,0.8377,744.3,179.5,37.0,12.3,1920,1080,0.022,762.8,185.7
Round3,Q2,278,278.0,JAMESON,0.8373,459.4,4.1,29.5,8.9,1920,1080,0.013,474.1,8.5
Round3,Q2,278,278.0,JAMESON,0.8358,85.2,136.4,38.1,12.4,1920,1080,0.023,104.2,142.6
Round3,Q2,278,278.0,JAMESON,0.8351,498.0,116.0,33.7,10.2,1920,1080,0.017,514.8,121.1
Round3,Q2,278,278.0,JAMESON,0.8345,1346.0,110.2,32.4,10.7,1920,1080,0.017,1362.3,115.5
Round3,Q2,278,278.0,JAMESON,0.8345,1556.1,5.0,30.6,9.3,1920,1080,0.014,1571.4,9.6
Round3,Q2,278,278.0,JAMESON,0.8343,670.4,1.8,27.8,7.5,1920,1080,0.01,684.3,5.5
Round3,Q2,278,278.0,JAMESON,0.8336,1676.9,197.8,39.5,13.4,1920,1080,0.025,1696.6,204.5
Round3,Q2,278,278.0,JAMESON,0.8335,753.4,107.7,33.0,10.0,1920,1080,0.016,769.9,112.8
Round3,Q2,278,278.0,JAMESON,0.8317,816.6,177.3,36.6,12.6,1920,1080,0.022,834.9,183.6
Round3,Q2,278,278.0,JAMESON,0.8288,1538.9,117.2,34.0,10.5,1920,1080,0.017,1555.9,122.5
Round3,Q2,278,278.0,JAMESON,0.8274,1415.5,3.0,29.1,8.1,1920,1080,0.011,1430.1,7.0
Round3,Q2,278,278.0,JAMESON,0.8271,9.9,141.0,37.8,12.0,1920,1080,0.022,28.8,147.1
Round3,Q2,278,278.0,JAMESON,0.8261,1026.9,176.5,37.6,12.5,1920,1080,0.023,1045.7,182.7
Round3,Q2,278,278.0,JAMESON,0.8251,878.3,105.3,31.9,10.2,1920,1080,0.016,894.2,110.4
Round3,Q2,278,278.0,JAMESON,0.823,63.4,219.6,40.9,13.7,1920,1080,0.027,83.9,226.4
Round3,Q2,278,278.0,JAMESON,0.8211,601.6,184.5,37.2,12.5,1920,1080,0.022,620.2,190.8
Round3,Q2,278,278.0,JAMESON,0.821,229.3,129.1,34.9,10.7,1920,1080,0.018,246.7,134.4
Round3,Q2,278,278.0,JAMESON,0.8204,1455.3,185.9,38.6,13.2,1920,1080,0.025,1474.7,192.5
Round3,Q2,278,278.0,JAMESON,0.8202,1283.3,108.5,33.0,10.7,1920,1080,0.017,1299.7,113.9
Round3,Q2,278,278.0,JAMESON,0.82,941.8,105.5,31.7,9.8,1920,1080,0.015,957.7,110.4
Round3,Q2,278,278.0,JAMESON,0.8186,240.5,9.1,29.7,9.0,1920,1080,0.013,255.4,13.7
Round3,Q2,278,278.0,JAMESON,0.8162,1169.1,177.6,37.2,12.7,1920,1080,0.023,1187.7,183.9
Round3,Q2,278,278.0,JAMESON,0.8143,222.4,205.9,38.7,13.1,1920,1080,0.025,241.7,212.5
Round3,Q2,278,278.0,JAMESON,0.8134,1738.8,126.3,36.0,11.9,1920,1080,0.021,1756.8,132.3
Round3,Q2,278,278.0,JAMESON,0.8131,562.8,113.5,32.4,10.1,1920,1080,0.016,579.0,118.6
Round3,Q2,278,278.0,JAMESON,0.8119,816.0,106.4,32.2,10.3,1920,1080,0.016,832.1,111.6
Round3,Q2,278,278.0,JAMESON,0.8109,887.1,177.1,35.4,11.9,1920,1080,0.02,904.8,183.0
Round3,Q2,278,278.0,JAMESON,0.81,1033.9,105.1,31.1,10.2,1920,1080,0.015,1049.5,110.3
Round3,Q2,278,278.0,JAMESON,0.8099,1095.7,105.4,32.4,10.1,1920,1080,0.016,1111.9,110.4
Round3,Q2,278,278.0,JAMESON,0.8095,303.9,199.4,38.2,13.0,1920,1080,0.024,323.1,205.9
Round3,Q2,278,278.0,JAMESON,0.8094,1758.3,202.7,39.6,14.3,1920,1080,0.027,1778.1,209.8
Round3,Q2,278,278.0,JAMESON,0.8079,1210.4,1.1,28.4,7.5,1920,1080,0.01,1224.6,4.8
Round3,Q2,278,278.0,JAMESON,0.8076,1700.9,8.8,30.6,9.2,1920,1080,0.014,1716.1,13.4
Round3,Q2,278,278.0,JAMESON,0.8075,83.4,10.5,32.1,9.4,1920,1080,0.015,99.5,15.3
Round3,Q2,278,278.0,JAMESON,0.8054,1528.2,189.5,38.7,13.2,1920,1080,0.025,1547.5,196.1
Round3,Q2,278,278.0,JAMESON,0.8035,1008.6,0.2,28.2,7.7,1920,1080,0.01,1022.7,4.0
Round3,Q2,278,278.0,JAMESON,0.802,1776.8,9.9,29.9,8.8,1920,1080,0.013,1791.7,14.3
Round3,Q2,278,278.0,JAMESON,0.8008,432.7,118.7,33.5,10.8,1920,1080,0.017,449.4,124.1
Round3,Q2,278,278.0,JAMESON,0.8004,0.2,10.8,31.9,10.5,1920,1080,0.016,16.2,16.1
Round3,Q2,278,278.0,JAMESON,0.7985,1472.8,114.6,34.1,11.4,1920,1080,0.019,1489.9,120.3
Round3,Q2,278,278.0,JAMESON,0.7949,1346.9,2.4,29.0,7.8,1920,1080,0.011,1361.4,6.3
Round3,Q2,278,278.0,JAMESON,0.7929,1075.8,0.6,27.7,7.3,1920,1080,0.01,1089.7,4.3
Round3,Q2,278,278.0,JAMESON,0.7912,737.7,1.2,29.1,7.8,1920,1080,0.011,752.3,5.1
Round3,Q2,278,278.0,JAMESON,0.7762,940.8,0.5,28.2,7.5,1920,1080,0.01,954.9,4.3
Round3,Q2,278,278.0,JAMESON,0.7731,806.5,0.5,27.9,7.4,1920,1080,0.01,820.5,4.1
Round3,Q2,278,278.0,JAMESON,0.7452,1627.9,6.0,30.2,9.7,1920,1080,0.014,1642.9,10.8
Round3,Q2,278,278.0,JAMESON,0.741,874.0,0.3,28.0,6.9,1920,1080,0.009,887.9,3.7
Round3,Q2,278,278.0,JAMESON,0.7247,315.0,6.0,29.4,10.0,1920,1080,0.014,329.7,11.0
Round3,Q2,278,278.0,JAMESON,0.6877,1142.1,0.2,28.7,7.4,1920,1080,0.01,1156.5,3.9
Round3,Q2,278,278.0,JAMESON,0.6844,528.6,187.9,35.1,12.8,1920,1080,0.022,546.2,194.3
Round3,Q2,278,278.0,JAMESON,0.6735,0.0,227.0,19.0,14.2,1920,1080,0.013,9.5,234.1
Round3,Q2,278,278.0,JAMESON,0.6253,1278.6,1.4,27.5,7.1,1920,1080,0.009,1292.4,5.0
Round3,Q2,278,278.0,JAMESON,0.5813,144.1,212.3,38.0,14.4,1920,1080,0.026,163.1,219.5
Round3,Q2,278,278.0,JAMESON,0.5499,205.3,10.0,28.2,9.0,1920,1080,0.012,219.4,14.5
Round3,Q2,278,278.0,JAMESON,0.4756,1313.3,181.2,35.3,12.5,1920,1080,0.021,1330.9,187.5
Round3,Q2,278,278.0,JAMESON,0.3919,46.2,11.2,27.6,9.4,1920,1080,0.013,60.0,15.9
Round3,Q2,278,278.0,JAMESON,0.357,1742.1,9.8,27.2,8.4,1920,1080,0.011,1755.7,14.0
Round3,Q2,279,279.0,JAMESON,0.8595,1545.2,179.1,39.2,13.4,1920,1080,0.025,1564.8,185.8
Round3,Q2,279,279.0,JAMESON,0.8543,1804.6,122.8,37.0,11.4,1920,1080,0.02,1823.1,128.5
Round3,Q2,279,279.0,JAMESON,0.8528,703.2,95.6,33.7,10.3,1920,1080,0.017,720.0,100.8
Round3,Q2,279,279.0,JAMESON,0.8519,979.2,92.7,33.4,10.2,1920,1080,0.016,995.9,97.8
Round3,Q2,279,279.0,JAMESON,0.8501,1332.2,169.0,36.9,12.5,1920,1080,0.022,1350.6,175.2
Round3,Q2,279,279.0,JAMESON,0.8489,1602.4,110.4,35.7,11.7,1920,1080,0.02,1620.2,116.2
Round3,Q2,279,279.0,JAMESON,0.8485,451.3,104.5,34.7,10.2,1920,1080,0.017,468.7,109.6
Round3,Q2,279,279.0,JAMESON,0.8439,1402.8,171.7,37.8,12.6,1920,1080,0.023,1421.7,178.0
Round3,Q2,279,279.0,JAMESON,0.8434,344.8,182.6,38.0,12.1,1920,1080,0.022,363.8,188.7
Round3,Q2,279,279.0,JAMESON,0.843,1261.0,166.4,37.7,12.6,1920,1080,0.023,1279.9,172.7
Round3,Q2,279,279.0,JAMESON,0.8428,114.3,122.3,38.8,11.3,1920,1080,0.021,133.7,127.9
Round3,Q2,279,279.0,JAMESON,0.8424,1735.2,118.2,37.5,11.4,1920,1080,0.021,1753.9,123.9
Round3,Q2,279,279.0,JAMESON,0.8421,320.8,110.5,35.6,11.1,1920,1080,0.019,338.6,116.1
Round3,Q2,279,279.0,JAMESON,0.8405,386.9,107.0,35.2,10.4,1920,1080,0.018,404.5,112.2
Round3,Q2,279,279.0,JAMESON,0.8394,563.0,171.7,36.5,11.8,1920,1080,0.021,581.3,177.6
Round3,Q2,279,279.0,JAMESON,0.8381,642.0,97.4,33.9,10.4,1920,1080,0.017,658.9,102.6
Round3,Q2,279,279.0,JAMESON,0.8371,1473.8,174.9,38.4,13.0,1920,1080,0.024,1493.0,181.4
Round3,Q2,279,279.0,JAMESON,0.837,1411.1,101.4,34.6,10.7,1920,1080,0.018,1428.4,106.8
Round3,Q2,279,279.0,JAMESON,0.8366,1348.3,99.5,32.9,10.5,1920,1080,0.017,1364.7,104.8
Round3,Q2,279,279.0,JAMESON,0.8362,191.8,192.6,40.3,12.8,1920,1080,0.025,212.0,199.0
Round3,Q2,279,279.0,JAMESON,0.8361,1122.7,164.0,36.3,12.1,1920,1080,0.021,1140.8,170.1
Round3,Q2,279,279.0,JAMESON,0.8343,1286.5,97.3,33.8,10.8,1920,1080,0.018,1303.4,102.7
Round3,Q2,279,279.0,JAMESON,0.8337,268.6,187.3,38.8,12.4,1920,1080,0.023,288.1,193.4
Round3,Q2,279,279.0,JAMESON,0.8337,578.6,99.7,33.4,9.8,1920,1080,0.016,595.2,104.6
Round3,Q2,279,279.0,JAMESON,0.8327,1473.8,104.3,34.8,10.7,1920,1080,0.018,1491.2,109.7
Round3,Q2,279,279.0,JAMESON,0.8293,1538.1,107.6,35.5,10.8,1920,1080,0.018,1555.9,113.0
Round3,Q2,279,279.0,JAMESON,0.8292,765.0,94.5,33.9,10.2,1920,1080,0.017,782.0,99.6
Round3,Q2,279,279.0,JAMESON,0.8282,515.2,101.4,34.6,10.3,1920,1080,0.017,532.5,106.5
Round3,Q2,279,279.0,JAMESON,0.8282,705.0,166.1,37.2,11.7,1920,1080,0.021,723.6,171.9
Round3,Q2,279,279.0,JAMESON,0.8274,109.7,199.3,39.7,13.6,1920,1080,0.026,129.5,206.1
Round3,Q2,279,279.0,JAMESON,0.8266,844.0,163.4,36.9,11.7,1920,1080,0.021,862.5,169.2
Round3,Q2,279,279.0,JAMESON,0.8242,774.3,164.9,36.7,11.7,1920,1080,0.021,792.7,170.7
Round3,Q2,279,279.0,JAMESON,0.8234,913.5,162.7,38.1,11.6,1920,1080,0.021,932.6,168.6
Round3,Q2,279,279.0,JAMESON,0.8214,919.8,92.9,32.6,9.9,1920,1080,0.016,936.1,97.9
Round3,Q2,279,279.0,JAMESON,0.8209,184.9,117.8,37.7,11.1,1920,1080,0.02,203.7,123.3
Round3,Q2,279,279.0,JAMESON,0.8198,491.4,174.7,37.8,12.1,1920,1080,0.022,510.3,180.7
Round3,Q2,279,279.0,JAMESON,0.8183,254.2,113.7,36.3,11.3,1920,1080,0.02,272.3,119.4
Round3,Q2,279,279.0,JAMESON,0.8169,1162.9,94.6,33.9,10.3,1920,1080,0.017,1179.9,99.8
Round3,Q2,279,279.0,JAMESON,0.8167,1872.8,127.0,39.3,11.8,1920,1080,0.022,1892.4,132.9
Round3,Q2,279,279.0,JAMESON,0.8165,1052.1,163.3,37.3,11.9,1920,1080,0.021,1070.7,169.3
Round3,Q2,279,279.0,JAMESON,0.815,1040.8,93.2,33.9,10.0,1920,1080,0.016,1057.8,98.2
Round3,Q2,279,279.0,JAMESON,0.8141,1847.2,203.1,42.2,14.9,1920,1080,0.03,1868.3,210.6
Round3,Q2,279,279.0,JAMESON,0.8131,983.3,162.3,36.6,12.4,1920,1080,0.022,1001.6,168.5
Round3,Q2,279,279.0,JAMESON,0.8106,42.3,125.7,39.2,12.0,1920,1080,0.023,61.9,131.7
Round3,Q2,279,279.0,JAMESON,0.8104,124.6,1.7,31.4,8.6,1920,1080,0.013,140.4,6.0
Round3,Q2,279,279.0,JAMESON,0.8069,418.1,178.6,37.1,12.3,1920,1080,0.022,436.7,184.8
Round3,Q2,279,279.0,JAMESON,0.8068,1101.6,94.0,34.1,10.1,1920,1080,0.017,1118.6,99.0
Round3,Q2,279,279.0,JAMESON,0.8034,1224.5,96.1,33.3,10.4,1920,1080,0.017,1241.1,101.3
Round3,Q2,279,279.0,JAMESON,0.8029,827.0,93.7,33.5,10.4,1920,1080,0.017,843.7,98.9
Round3,Q2,279,279.0,JAMESON,0.7979,1770.6,196.0,41.7,14.4,1920,1080,0.029,1791.4,203.3
Round3,Q2,279,279.0,JAMESON,0.7943,1622.6,184.4,39.5,13.3,1920,1080,0.025,1642.4,191.1
Round3,Q2,279,279.0,JAMESON,0.7924,44.8,2.5,33.1,9.5,1920,1080,0.015,61.4,7.3
Round3,Q2,279,279.0,JAMESON,0.7836,1668.9,113.7,36.3,11.9,1920,1080,0.021,1687.1,119.6
Round3,Q2,279,279.0,JAMESON,0.7829,634.6,168.5,33.4,11.6,1920,1080,0.019,651.3,174.3
Round3,Q2,279,279.0,JAMESON,0.7693,201.4,1.1,29.8,7.2,1920,1080,0.01,216.3,4.7
Round3,Q2,279,279.0,JAMESON,0.7396,276.8,0.1,28.2,6.8,1920,1080,0.009,290.9,3.5
Round3,Q2,279,279.0,JAMESON,0.6247,29.8,206.8,41.7,13.2,1920,1080,0.027,50.6,213.4
Round3,Q2,279,279.0,JAMESON,0.6188,0.0,210.3,22.2,13.3,1920,1080,0.014,11.1,216.9
Round3,Q2,279,279.0,JAMESON,0.4634,0.1,129.3,8.1,12.3,1920,1080,0.005,4.1,135.5
Round3,Q2,279,279.0,JAMESON,0.4404,1193.3,164.8,35.1,12.5,1920,1080,0.021,1210.9,171.0
Round3,Q2,279,279.0,JAMESON,0.3698,1694.5,190.1,42.1,14.0,1920,1080,0.028,1715.5,197.1
Round3,Q2,280,280.0,JAMESON,0.8601,1663.2,154.5,40.7,14.1,1920,1080,0.028,1683.6,161.5
Round3,Q2,280,280.0,JAMESON,0.8584,601.6,132.4,36.7,12.4,1920,1080,0.022,620.0,138.6
Round3,Q2,280,280.0,JAMESON,0.8584,66.1,86.5,38.4,11.3,1920,1080,0.021,85.3,92.1
Round3,Q2,280,280.0,JAMESON,0.8538,1122.2,57.4,33.8,10.5,1920,1080,0.017,1139.1,62.7
Round3,Q2,280,280.0,JAMESON,0.8508,1308.9,62.4,33.3,10.9,1920,1080,0.017,1325.6,67.8
Round3,Q2,280,280.0,JAMESON,0.8495,275.2,75.0,35.9,10.9,1920,1080,0.019,293.2,80.5
Round3,Q2,280,280.0,JAMESON,0.8493,1562.7,73.8,35.8,11.8,1920,1080,0.02,1580.6,79.7
Round3,Q2,280,280.0,JAMESON,0.8479,155.7,157.3,40.1,12.6,1920,1080,0.024,175.8,163.7
Round3,Q2,280,280.0,JAMESON,0.8469,1300.1,132.4,37.8,13.0,1920,1080,0.024,1319.0,138.9
Round3,Q2,280,280.0,JAMESON,0.8466,535.4,63.5,34.3,10.2,1920,1080,0.017,552.5,68.6
Round3,Q2,280,280.0,JAMESON,0.8424,1433.9,67.5,35.8,11.0,1920,1080,0.019,1451.8,73.0
Round3,Q2,280,280.0,JAMESON,0.8419,1371.4,135.1,38.2,13.1,1920,1080,0.024,1390.5,141.6
Round3,Q2,280,280.0,JAMESON,0.8394,1229.6,129.6,38.7,12.8,1920,1080,0.024,1248.9,136.0
Round3,Q2,280,280.0,JAMESON,0.8378,529.4,135.4,36.6,11.1,1920,1080,0.02,547.7,141.0
Round3,Q2,280,280.0,JAMESON,0.8375,1762.3,86.3,36.2,12.6,1920,1080,0.022,1780.4,92.6
Round3,Q2,280,280.0,JAMESON,0.8363,742.4,128.5,35.9,11.6,1920,1080,0.02,760.4,134.3
Round3,Q2,280,280.0,JAMESON,0.8361,881.5,126.3,37.0,12.2,1920,1080,0.022,900.0,132.4
Round3,Q2,280,280.0,JAMESON,0.836,1183.4,58.0,34.8,11.4,1920,1080,0.019,1200.8,63.7
Round3,Q2,280,280.0,JAMESON,0.8358,1160.0,128.2,37.2,12.7,1920,1080,0.023,1178.6,134.5
Round3,Q2,280,280.0,JAMESON,0.8353,1831.4,91.4,37.5,12.1,1920,1080,0.022,1850.1,97.5
Round3,Q2,280,280.0,JAMESON,0.8343,457.3,139.3,38.2,12.1,1920,1080,0.022,476.4,145.3
Round3,Q2,280,280.0,JAMESON,0.8341,137.6,82.3,37.8,11.2,1920,1080,0.02,156.5,87.9
Round3,Q2,280,280.0,JAMESON,0.8328,598.8,61.1,34.0,11.0,1920,1080,0.018,615.8,66.5
Round3,Q2,280,280.0,JAMESON,0.8327,811.1,127.2,38.6,11.9,1920,1080,0.022,830.4,133.1
Round3,Q2,280,280.0,JAMESON,0.8321,0.0,90.2,31.1,11.4,1920,1080,0.017,15.5,95.9
Round3,Q2,280,280.0,JAMESON,0.832,1370.3,64.7,35.2,11.5,1920,1080,0.02,1387.9,70.4
Round3,Q2,280,280.0,JAMESON,0.8317,342.2,71.6,34.9,10.6,1920,1080,0.018,359.6,76.9
Round3,Q2,280,280.0,JAMESON,0.8307,233.7,151.6,39.2,13.0,1920,1080,0.025,253.3,158.1
Round3,Q2,280,280.0,JAMESON,0.8302,1627.3,77.8,36.4,11.3,1920,1080,0.02,1645.5,83.4
Round3,Q2,280,280.0,JAMESON,0.8299,724.2,58.2,33.7,10.3,1920,1080,0.017,741.0,63.4
Round3,Q2,280,280.0,JAMESON,0.8298,671.7,130.6,36.3,11.6,1920,1080,0.02,689.9,136.4
Round3,Q2,280,280.0,JAMESON,0.8277,999.2,56.0,33.9,10.4,1920,1080,0.017,1016.1,61.2
Round3,Q2,280,280.0,JAMESON,0.8273,1886.0,178.9,33.4,15.0,1920,1080,0.024,1902.7,186.4
Round3,Q2,280,280.0,JAMESON,0.8258,1695.3,81.9,37.3,11.5,1920,1080,0.021,1714.0,87.7
Round3,Q2,280,280.0,JAMESON,0.8257,1060.9,56.7,33.5,10.3,1920,1080,0.017,1077.6,61.8
Round3,Q2,280,280.0,JAMESON,0.8254,1497.4,70.1,36.3,11.9,1920,1080,0.021,1515.6,76.0
Round3,Q2,280,280.0,JAMESON,0.8202,384.1,143.4,39.6,12.4,1920,1080,0.024,403.9,149.6
Round3,Q2,280,280.0,JAMESON,0.8189,1441.3,138.8,39.4,13.5,1920,1080,0.026,1461.1,145.5
Round3,Q2,280,280.0,JAMESON,0.8187,1245.8,60.5,33.5,11.1,1920,1080,0.018,1262.5,66.0
Round3,Q2,280,280.0,JAMESON,0.8186,1021.3,126.3,36.4,12.2,1920,1080,0.021,1039.5,132.4
Round3,Q2,280,280.0,JAMESON,0.8161,77.1,163.1,39.4,13.3,1920,1080,0.025,96.8,169.8
Round3,Q2,280,280.0,JAMESON,0.8146,407.3,68.6,34.4,10.4,1920,1080,0.017,424.5,73.8
Round3,Q2,280,280.0,JAMESON,0.8144,950.9,125.9,37.8,12.0,1920,1080,0.022,969.7,131.9
Round3,Q2,280,280.0,JAMESON,0.8097,661.0,59.8,32.9,10.0,1920,1080,0.016,677.5,64.8
Round3,Q2,280,280.0,JAMESON,0.8069,471.4,65.5,34.7,10.5,1920,1080,0.018,488.8,70.8
Round3,Q2,280,280.0,JAMESON,0.8063,877.3,55.9,32.9,10.2,1920,1080,0.016,893.8,61.0
Round3,Q2,280,280.0,JAMESON,0.805,1810.3,171.2,41.9,14.1,1920,1080,0.029,1831.3,178.3
Round3,Q2,280,280.0,JAMESON,0.7953,207.8,77.9,35.8,11.6,1920,1080,0.02,225.7,83.7
Round3,Q2,280,280.0,JAMESON,0.7881,817.1,56.8,31.6,10.0,1920,1080,0.015,832.9,61.8
Round3,Q2,280,280.0,JAMESON,0.7782,938.1,55.6,33.1,10.4,1920,1080,0.017,954.6,60.8
Round3,Q2,280,280.0,JAMESON,0.7477,0.0,169.6,31.1,14.7,1920,1080,0.022,15.6,177.0
Round3,Q2,280,280.0,JAMESON,0.7455,1737.0,161.2,41.7,15.6,1920,1080,0.031,1757.9,169.0
Round3,Q2,280,280.0,JAMESON,0.7228,309.6,147.6,36.0,12.0,1920,1080,0.021,327.6,153.6
Round3,Q2,280,280.0,JAMESON,0.698,1092.7,126.8,34.4,13.2,1920,1080,0.022,1109.9,133.4
Round3,Q2,280,280.0,JAMESON,0.6886,1516.6,143.4,40.7,14.5,1920,1080,0.028,1536.9,150.6
Round3,Q2,280,280.0,JAMESON,0.6642,1902.6,96.1,17.4,11.8,1920,1080,0.01,1911.3,102.0
Round3,Q2,280,280.0,JAMESON,0.3948,1589.2,148.8,40.5,13.5,1920,1080,0.026,1609.5,155.6
Round3,Q2,281,281.0,JAMESON,0.8606,652.0,108.5,36.9,12.0,1920,1080,0.021,670.4,114.5
Round3,Q2,281,281.0,JAMESON,0.858,1211.7,108.7,36.2,12.7,1920,1080,0.022,1229.9,115.1
Round3,Q2,281,281.0,JAMESON,0.8563,1801.0,70.7,37.2,12.6,1920,1080,0.023,1819.6,77.0
Round3,Q2,281,281.0,JAMESON,0.8517,310.7,49.9,35.0,11.0,1920,1080,0.018,328.2,55.4
Round3,Q2,281,281.0,JAMESON,0.8482,362.6,121.5,39.3,12.4,1920,1080,0.024,382.2,127.7
Round3,Q2,281,281.0,JAMESON,0.8475,1470.7,49.3,35.7,11.6,1920,1080,0.02,1488.6,55.1
Round3,Q2,281,281.0,JAMESON,0.8474,1600.8,56.6,35.7,11.4,1920,1080,0.02,1618.6,62.3
Round3,Q2,281,281.0,JAMESON,0.8461,1281.1,110.9,37.8,13.0,1920,1080,0.024,1300.1,117.5
Round3,Q2,281,281.0,JAMESON,0.8439,568.8,39.5,34.2,10.5,1920,1080,0.017,585.8,44.8
Round3,Q2,281,281.0,JAMESON,0.8437,31.8,64.3,38.7,11.9,1920,1080,0.022,51.1,70.2
Round3,Q2,281,281.0,JAMESON,0.8437,1713.4,144.1,42.0,14.2,1920,1080,0.029,1734.4,151.2
Round3,Q2,281,281.0,JAMESON,0.8432,1666.9,60.5,35.6,12.7,1920,1080,0.022,1684.7,66.9
Round3,Q2,281,281.0,JAMESON,0.8406,792.7,105.4,36.4,12.3,1920,1080,0.022,810.9,111.5
Round3,Q2,281,281.0,JAMESON,0.8392,1534.9,52.7,35.3,11.2,1920,1080,0.019,1552.5,58.3
Round3,Q2,281,281.0,JAMESON,0.8375,786.2,34.8,34.3,10.6,1920,1080,0.018,803.4,40.1
Round3,Q2,281,281.0,JAMESON,0.8374,721.7,106.3,38.5,12.5,1920,1080,0.023,740.9,112.5
Round3,Q2,281,281.0,JAMESON,0.8369,244.1,53.2,35.4,10.9,1920,1080,0.019,261.8,58.6
Round3,Q2,281,281.0,JAMESON,0.8368,103.9,60.3,38.1,12.0,1920,1080,0.022,122.9,66.3
Round3,Q2,281,281.0,JAMESON,0.8359,862.0,104.9,36.0,12.4,1920,1080,0.021,880.1,111.0
Round3,Q2,281,281.0,JAMESON,0.8352,1140.6,106.5,38.4,13.1,1920,1080,0.024,1159.8,113.0
Round3,Q2,281,281.0,JAMESON,0.8351,1406.1,45.9,34.9,11.4,1920,1080,0.019,1423.6,51.6
Round3,Q2,281,281.0,JAMESON,0.8331,133.2,135.9,40.3,13.0,1920,1080,0.025,153.4,142.4
Round3,Q2,281,281.0,JAMESON,0.8329,1218.1,38.9,34.9,11.0,1920,1080,0.018,1235.5,44.4
Round3,Q2,281,281.0,JAMESON,0.8326,1734.0,65.6,36.3,12.0,1920,1080,0.021,1752.2,71.6
Round3,Q2,281,281.0,JAMESON,0.8302,173.9,56.8,37.4,11.2,1920,1080,0.02,192.5,62.3
Round3,Q2,281,281.0,JAMESON,0.8288,1156.5,37.2,32.4,10.7,1920,1080,0.017,1172.7,42.5
Round3,Q2,281,281.0,JAMESON,0.8287,580.2,111.3,36.8,11.9,1920,1080,0.021,598.6,117.3
Round3,Q2,281,281.0,JAMESON,0.8285,51.4,141.3,41.6,13.5,1920,1080,0.027,72.2,148.0
Round3,Q2,281,281.0,JAMESON,0.828,1351.4,114.2,38.1,13.3,1920,1080,0.024,1370.4,120.9
Round3,Q2,281,281.0,JAMESON,0.8274,932.7,104.9,36.0,12.1,1920,1080,0.021,950.7,111.0
Round3,Q2,281,281.0,JAMESON,0.823,1280.0,40.8,34.3,11.5,1920,1080,0.019,1297.2,46.6
Round3,Q2,281,281.0,JAMESON,0.8229,440.9,44.4,34.9,10.1,1920,1080,0.017,458.4,49.4
Round3,Q2,281,281.0,JAMESON,0.822,1094.9,35.7,32.4,10.6,1920,1080,0.017,1111.1,41.1
Round3,Q2,281,281.0,JAMESON,0.8192,725.3,35.1,32.9,11.2,1920,1080,0.018,741.7,40.7
Round3,Q2,281,281.0,JAMESON,0.8185,288.3,125.7,38.8,12.7,1920,1080,0.024,307.7,132.1
Round3,Q2,281,281.0,JAMESON,0.8157,1570.9,128.7,40.0,13.8,1920,1080,0.027,1590.9,135.6
Round3,Q2,281,281.0,JAMESON,0.8137,1787.2,152.1,38.4,15.0,1920,1080,0.028,1806.4,159.6
Round3,Q2,281,281.0,JAMESON,0.8136,376.3,47.2,35.2,10.5,1920,1080,0.018,393.9,52.4
Round3,Q2,281,281.0,JAMESON,0.8095,909.8,34.4,34.8,10.5,1920,1080,0.018,927.2,39.7
Round3,Q2,281,281.0,JAMESON,0.8083,970.7,34.4,33.6,10.4,1920,1080,0.017,987.5,39.6
Round3,Q2,281,281.0,JAMESON,0.8083,848.3,34.3,33.8,10.3,1920,1080,0.017,865.2,39.5
Round3,Q2,281,281.0,JAMESON,0.8047,505.3,41.8,33.1,10.2,1920,1080,0.016,521.9,46.9
Round3,Q2,281,281.0,JAMESON,0.8007,212.1,131.0,38.3,13.0,1920,1080,0.024,231.2,137.5
Round3,Q2,281,281.0,JAMESON,0.7969,1342.8,43.3,34.3,11.1,1920,1080,0.018,1360.0,48.8
Round3,Q2,281,281.0,JAMESON,0.7957,1870.4,75.8,38.8,12.8,1920,1080,0.024,1889.8,82.2
Round3,Q2,281,281.0,JAMESON,0.7948,631.2,37.8,34.9,10.6,1920,1080,0.018,648.6,43.1
Round3,Q2,281,281.0,JAMESON,0.7899,1031.8,34.9,34.2,10.7,1920,1080,0.018,1049.0,40.2
Round3,Q2,281,281.0,JAMESON,0.786,1070.0,105.5,38.7,12.7,1920,1080,0.024,1089.3,111.8
Round3,Q2,281,281.0,JAMESON,0.7819,436.2,117.4,37.7,11.9,1920,1080,0.022,455.1,123.3
Round3,Q2,281,281.0,JAMESON,0.7776,1857.9,161.0,40.8,16.6,1920,1080,0.033,1878.3,169.3
Round3,Q2,281,281.0,JAMESON,0.7589,1643.6,135.8,40.9,14.9,1920,1080,0.029,1664.1,143.2
Round3,Q2,281,281.0,JAMESON,0.6484,508.3,114.1,34.4,12.1,1920,1080,0.02,525.5,120.2
Round3,Q2,281,281.0,JAMESON,0.6052,0.0,147.0,10.7,13.0,1920,1080,0.007,5.3,153.5
Round3,Q2,281,281.0,JAMESON,0.5755,1002.7,104.8,35.7,12.0,1920,1080,0.021,1020.6,110.8
Round3,Q2,281,281.0,JAMESON,0.5672,1426.4,118.3,40.7,14.0,1920,1080,0.027,1446.7,125.3
Round3,Q2,281,281.0,JAMESON,0.4291,0.0,66.0,23.7,12.0,1920,1080,0.014,11.8,72.0
Round3,Q2,282,282.0,JAMESON,0.8589,258.0,38.6,35.4,10.8,1920,1080,0.018,275.7,44.0
Round3,Q2,282,282.0,JAMESON,0.8523,376.6,106.7,38.8,12.7,1920,1080,0.024,396.0,113.0
Round3,Q2,282,282.0,JAMESON,0.8515,1224.8,94.3,38.6,13.3,1920,1080,0.025,1244.1,100.9
Round3,Q2,282,282.0,JAMESON,0.848,522.0,98.9,39.1,12.4,1920,1080,0.023,541.6,105.2
Round3,Q2,282,282.0,JAMESON,0.8461,1817.8,56.7,38.1,12.8,1920,1080,0.023,1836.8,63.1
Round3,Q2,282,282.0,JAMESON,0.8407,1681.4,46.9,37.3,12.3,1920,1080,0.022,1700.0,53.1
Round3,Q2,282,282.0,JAMESON,0.839,1295.0,26.6,34.0,11.4,1920,1080,0.019,1312.0,32.3
Round3,Q2,282,282.0,JAMESON,0.8387,519.0,27.0,33.5,10.2,1920,1080,0.016,535.7,32.1
Round3,Q2,282,282.0,JAMESON,0.8354,1750.5,51.8,36.8,12.2,1920,1080,0.022,1768.8,57.9
Round3,Q2,282,282.0,JAMESON,0.8335,1170.4,22.7,33.8,10.6,1920,1080,0.017,1187.3,28.0
Round3,Q2,282,282.0,JAMESON,0.8334,1484.8,34.4,36.5,12.0,1920,1080,0.021,1503.1,40.5
Round3,Q2,282,282.0,JAMESON,0.832,1296.3,96.7,37.3,13.0,1920,1080,0.023,1315.0,103.2
Round3,Q2,282,282.0,JAMESON,0.8319,583.0,24.8,33.2,10.5,1920,1080,0.017,599.6,30.0
Round3,Q2,282,282.0,JAMESON,0.8316,1550.4,38.6,34.8,11.4,1920,1080,0.019,1567.8,44.3
Round3,Q2,282,282.0,JAMESON,0.8315,47.4,49.8,37.6,11.6,1920,1080,0.021,66.2,55.6
Round3,Q2,282,282.0,JAMESON,0.8308,66.4,126.7,41.8,13.4,1920,1080,0.027,87.3,133.4
Round3,Q2,282,282.0,JAMESON,0.8266,148.2,121.3,40.6,12.8,1920,1080,0.025,168.5,127.7
Round3,Q2,282,282.0,JAMESON,0.8265,946.0,89.9,36.3,12.4,1920,1080,0.022,964.2,96.1
Round3,Q2,282,282.0,JAMESON,0.826,1108.5,21.1,34.0,10.5,1920,1080,0.017,1125.4,26.3
Round3,Q2,282,282.0,JAMESON,0.8259,1421.2,31.6,35.2,11.6,1920,1080,0.02,1438.8,37.4
Round3,Q2,282,282.0,JAMESON,0.8245,302.7,111.6,38.9,12.2,1920,1080,0.023,322.1,117.7
Round3,Q2,282,282.0,JAMESON,0.8228,1233.2,24.6,32.4,10.3,1920,1080,0.016,1249.4,29.8
Round3,Q2,282,282.0,JAMESON,0.8204,806.8,90.7,36.5,12.5,1920,1080,0.022,825.0,97.0
Round3,Q2,282,282.0,JAMESON,0.8203,455.3,29.6,33.9,10.0,1920,1080,0.016,472.3,34.6
Round3,Q2,282,282.0,JAMESON,0.8176,0.0,131.8,28.7,14.5,1920,1080,0.02,14.4,139.1
Round3,Q2,282,282.0,JAMESON,0.8171,739.6,21.0,32.5,10.3,1920,1080,0.016,755.9,26.2
Round3,Q2,282,282.0,JAMESON,0.8171,800.1,20.1,33.9,10.3,1920,1080,0.017,817.1,25.2
Round3,Q2,282,282.0,JAMESON,0.814,389.9,32.2,35.7,10.6,1920,1080,0.018,407.8,37.5
Round3,Q2,282,282.0,JAMESON,0.8133,1358.1,29.1,34.2,10.6,1920,1080,0.018,1375.2,34.4
Round3,Q2,282,282.0,JAMESON,0.8123,324.5,34.9,35.0,10.6,1920,1080,0.018,342.0,40.2
Round3,Q2,282,282.0,JAMESON,0.8121,1803.2,138.6,40.6,16.1,1920,1080,0.031,1823.5,146.6
Round3,Q2,282,282.0,JAMESON,0.81,449.9,102.3,37.2,12.0,1920,1080,0.022,468.5,108.3
Round3,Q2,282,282.0,JAMESON,0.8093,1875.6,148.2,41.2,16.0,1920,1080,0.032,1896.2,156.2
Round3,Q2,282,282.0,JAMESON,0.8085,594.9,97.0,36.4,11.8,1920,1080,0.021,613.1,103.0
Round3,Q2,282,282.0,JAMESON,0.8072,665.2,93.6,37.7,12.2,1920,1080,0.022,684.0,99.7
Round3,Q2,282,282.0,JAMESON,0.807,1366.4,100.1,38.9,13.6,1920,1080,0.025,1385.9,106.9
Round3,Q2,282,282.0,JAMESON,0.8052,119.3,45.7,37.3,11.6,1920,1080,0.021,138.0,51.5
Round3,Q2,282,282.0,JAMESON,0.805,875.9,90.4,36.9,12.0,1920,1080,0.021,894.4,96.4
Round3,Q2,282,282.0,JAMESON,0.8019,1046.5,20.3,33.6,10.4,1920,1080,0.017,1063.3,25.5
Round3,Q2,282,282.0,JAMESON,0.8016,189.3,42.2,36.3,11.5,1920,1080,0.02,207.5,47.9
Round3,Q2,282,282.0,JAMESON,0.799,923.2,19.8,33.9,10.4,1920,1080,0.017,940.2,24.9
Round3,Q2,282,282.0,JAMESON,0.7944,1889.1,61.8,30.9,13.8,1920,1080,0.021,1904.6,68.7
Round3,Q2,282,282.0,JAMESON,0.794,735.5,92.3,39.1,12.1,1920,1080,0.023,755.0,98.3
Round3,Q2,282,282.0,JAMESON,0.7909,1616.3,42.4,35.8,11.7,1920,1080,0.02,1634.2,48.3
Round3,Q2,282,282.0,JAMESON,0.7874,1084.6,91.3,38.1,12.5,1920,1080,0.023,1103.7,97.5
Round3,Q2,282,282.0,JAMESON,0.7862,645.3,23.2,34.7,10.4,1920,1080,0.018,662.7,28.4
Round3,Q2,282,282.0,JAMESON,0.7839,1730.4,130.6,41.1,14.8,1920,1080,0.029,1751.0,138.0
Round3,Q2,282,282.0,JAMESON,0.78,861.8,19.7,33.6,10.5,1920,1080,0.017,878.6,24.9
Round3,Q2,282,282.0,JAMESON,0.7769,984.8,19.7,32.7,10.7,1920,1080,0.017,1001.2,25.0
Round3,Q2,282,282.0,JAMESON,0.7764,1155.1,92.3,38.2,13.1,1920,1080,0.024,1174.2,98.9
Round3,Q2,282,282.0,JAMESON,0.7724,1658.9,122.5,41.4,14.3,1920,1080,0.029,1679.6,129.6
Round3,Q2,282,282.0,JAMESON,0.7671,1585.9,115.1,39.1,14.1,1920,1080,0.027,1605.4,122.1
Round3,Q2,282,282.0,JAMESON,0.7519,225.8,116.0,39.5,13.5,1920,1080,0.026,245.6,122.8
Round3,Q2,282,282.0,JAMESON,0.7038,0.0,52.1,11.0,13.0,1920,1080,0.007,5.5,58.6
Round3,Q2,282,282.0,JAMESON,0.6872,1441.6,104.6,40.2,13.1,1920,1080,0.025,1461.7,111.1
Round3,Q2,282,282.0,JAMESON,0.5779,1512.9,109.3,39.5,13.7,1920,1080,0.026,1532.7,116.1
Round3,Q2,282,282.0,JAMESON,0.4356,1016.6,89.7,36.8,13.7,1920,1080,0.024,1035.0,96.6
Round3,Q2,283,283.0,JAMESON,0.8636,1038.8,100.0,37.3,11.9,1920,1080,0.021,1057.5,106.0
Round3,Q2,283,283.0,JAMESON,0.8551,1390.2,109.0,37.2,13.2,1920,1080,0.024,1408.8,115.6
Round3,Q2,283,283.0,JAMESON,0.8493,84.8,59.1,37.7,11.2,1920,1080,0.02,103.7,64.8
Round3,Q2,283,283.0,JAMESON,0.8464,1782.7,61.1,39.1,12.9,1920,1080,0.024,1802.3,67.5
Round3,Q2,283,283.0,JAMESON,0.8456,293.4,47.2,35.0,11.1,1920,1080,0.019,310.9,52.7
Round3,Q2,283,283.0,JAMESON,0.8443,968.6,99.7,37.2,11.9,1920,1080,0.021,987.2,105.7
Round3,Q2,283,283.0,JAMESON,0.8442,173.4,129.7,40.3,13.3,1920,1080,0.026,193.5,136.3
Round3,Q2,283,283.0,JAMESON,0.8429,1648.4,52.0,36.7,11.8,1920,1080,0.021,1666.8,57.9
Round3,Q2,283,283.0,JAMESON,0.8427,1318.6,106.1,38.0,13.5,1920,1080,0.025,1337.6,112.9
Round3,Q2,283,283.0,JAMESON,0.8408,1683.5,129.8,41.3,13.7,1920,1080,0.027,1704.2,136.6
Round3,Q2,283,283.0,JAMESON,0.8408,546.8,108.4,37.0,12.3,1920,1080,0.022,565.3,114.5
Round3,Q2,283,283.0,JAMESON,0.8398,1582.6,47.7,35.9,12.0,1920,1080,0.021,1600.5,53.7
Round3,Q2,283,283.0,JAMESON,0.837,899.8,99.6,36.6,12.2,1920,1080,0.022,918.1,105.7
Round3,Q2,283,283.0,JAMESON,0.8347,1389.1,38.4,35.1,12.0,1920,1080,0.02,1406.6,44.4
Round3,Q2,283,283.0,JAMESON,0.8338,424.2,40.7,35.0,11.0,1920,1080,0.019,441.6,46.2
Round3,Q2,283,283.0,JAMESON,0.8337,1517.3,44.5,35.0,11.4,1920,1080,0.019,1534.8,50.2
Round3,Q2,283,283.0,JAMESON,0.8305,224.9,51.3,36.8,11.2,1920,1080,0.02,243.3,56.9
Round3,Q2,283,283.0,JAMESON,0.8299,9.8,63.6,38.9,11.5,1920,1080,0.022,29.3,69.3
Round3,Q2,283,283.0,JAMESON,0.8295,6.4,143.0,43.0,14.0,1920,1080,0.029,27.9,150.0
Round3,Q2,283,283.0,JAMESON,0.829,678.3,32.0,33.9,10.4,1920,1080,0.017,695.3,37.2
Round3,Q2,283,283.0,JAMESON,0.8282,618.3,105.1,38.1,12.3,1920,1080,0.023,637.3,111.3
Round3,Q2,283,283.0,JAMESON,0.826,1715.8,56.4,36.0,11.4,1920,1080,0.02,1733.8,62.1
Round3,Q2,283,283.0,JAMESON,0.8236,1853.7,66.1,37.5,12.0,1920,1080,0.022,1872.4,72.1
Round3,Q2,283,283.0,JAMESON,0.8236,155.8,54.9,37.1,11.4,1920,1080,0.02,174.3,60.6
Round3,Q2,283,283.0,JAMESON,0.823,955.9,28.9,33.4,10.4,1920,1080,0.017,972.6,34.1
Round3,Q2,283,283.0,JAMESON,0.8228,402.0,116.3,37.7,11.7,1920,1080,0.021,420.8,122.2
Round3,Q2,283,283.0,JAMESON,0.8224,829.2,100.2,38.2,11.9,1920,1080,0.022,848.3,106.2
Round3,Q2,283,283.0,JAMESON,0.8205,1460.4,113.4,38.6,13.1,1920,1080,0.024,1479.7,119.9
Round3,Q2,283,283.0,JAMESON,0.8202,759.0,101.3,37.5,12.1,1920,1080,0.022,777.8,107.4
Round3,Q2,283,283.0,JAMESON,0.8183,894.1,28.6,34.4,10.7,1920,1080,0.018,911.3,33.9
Round3,Q2,283,283.0,JAMESON,0.817,1832.3,146.8,41.6,13.7,1920,1080,0.027,1853.1,153.6
Round3,Q2,283,283.0,JAMESON,0.8168,1264.3,33.8,34.8,10.9,1920,1080,0.018,1281.7,39.2
Round3,Q2,283,283.0,JAMESON,0.8159,833.9,28.9,32.6,10.8,1920,1080,0.017,850.2,34.3
Round3,Q2,283,283.0,JAMESON,0.8151,472.8,112.3,39.7,12.2,1920,1080,0.023,492.7,118.4
Round3,Q2,283,283.0,JAMESON,0.8135,252.1,124.9,38.6,12.6,1920,1080,0.023,271.5,131.2
Round3,Q2,283,283.0,JAMESON,0.8123,615.5,33.9,33.6,10.5,1920,1080,0.017,632.3,39.1
Round3,Q2,283,283.0,JAMESON,0.8104,1327.4,35.9,33.7,11.0,1920,1080,0.018,1344.2,41.4
Round3,Q2,283,283.0,JAMESON,0.8099,359.6,44.8,34.2,10.2,1920,1080,0.017,376.7,49.9
Round3,Q2,283,283.0,JAMESON,0.8077,488.6,38.5,34.9,10.6,1920,1080,0.018,506.1,43.8
Round3,Q2,283,283.0,JAMESON,0.8051,1177.6,102.3,37.8,12.3,1920,1080,0.022,1196.5,108.5
Round3,Q2,283,283.0,JAMESON,0.8029,1202.6,32.2,33.5,10.7,1920,1080,0.017,1219.3,37.6
Round3,Q2,283,283.0,JAMESON,0.8001,1248.2,103.6,38.8,13.4,1920,1080,0.025,1267.6,110.3
Round3,Q2,283,283.0,JAMESON,0.7993,1016.7,29.1,33.7,10.7,1920,1080,0.017,1033.6,34.4
Round3,Q2,283,283.0,JAMESON,0.7991,1079.0,29.9,33.2,10.4,1920,1080,0.017,1095.5,35.1
Round3,Q2,283,283.0,JAMESON,0.7988,1453.2,41.6,34.6,11.1,1920,1080,0.018,1470.5,47.2
Round3,Q2,283,283.0,JAMESON,0.7917,552.6,36.1,33.3,10.4,1920,1080,0.017,569.3,41.3
Round3,Q2,283,283.0,JAMESON,0.7916,95.6,135.7,43.6,13.7,1920,1080,0.029,117.4,142.6
Round3,Q2,283,283.0,JAMESON,0.7649,1140.2,30.4,34.7,11.6,1920,1080,0.019,1157.6,36.2
Round3,Q2,283,283.0,JAMESON,0.7616,1758.2,136.7,42.0,16.2,1920,1080,0.033,1779.2,144.8
Round3,Q2,283,283.0,JAMESON,0.7368,326.3,120.5,39.2,12.4,1920,1080,0.023,345.9,126.7
Round3,Q2,283,283.0,JAMESON,0.7281,1108.9,100.3,37.8,12.1,1920,1080,0.022,1127.8,106.4
Round3,Q2,283,283.0,JAMESON,0.6676,740.7,30.0,34.8,11.3,1920,1080,0.019,758.1,35.6
Round3,Q2,283,283.0,JAMESON,0.574,1908.9,152.1,11.1,16.1,1920,1080,0.009,1914.5,160.2
Round3,Q2,283,283.0,JAMESON,0.4564,1537.8,117.8,40.3,13.8,1920,1080,0.027,1558.0,124.7
Round3,Q2,284,284.0,JAMESON,0.8646,606.1,145.0,40.0,12.2,1920,1080,0.023,626.0,151.1
Round3,Q2,284,284.0,JAMESON,0.8584,1590.6,156.4,40.9,13.3,1920,1080,0.026,1611.1,163.1
Round3,Q2,284,284.0,JAMESON,0.8575,1376.9,144.9,37.7,12.7,1920,1080,0.023,1395.7,151.3
Round3,Q2,284,284.0,JAMESON,0.856,536.2,148.9,37.9,11.1,1920,1080,0.02,555.1,154.4
Round3,Q2,284,284.0,JAMESON,0.8507,90.9,98.8,39.7,11.7,1920,1080,0.022,110.7,104.6
Round3,Q2,284,284.0,JAMESON,0.8462,559.3,74.9,34.2,10.5,1920,1080,0.017,576.4,80.1
Round3,Q2,284,284.0,JAMESON,0.8456,390.7,155.1,37.9,12.3,1920,1080,0.022,409.6,161.3
Round3,Q2,284,284.0,JAMESON,0.8436,1306.1,142.3,38.1,12.9,1920,1080,0.024,1325.1,148.8
Round3,Q2,284,284.0,JAMESON,0.8436,315.1,160.2,39.0,12.1,1920,1080,0.023,334.6,166.3
Round3,Q2,284,284.0,JAMESON,0.8415,1855.7,99.9,39.1,11.7,1920,1080,0.022,1875.3,105.7
Round3,Q2,284,284.0,JAMESON,0.84,1518.7,151.5,39.6,13.4,1920,1080,0.026,1538.5,158.2
Round3,Q2,284,284.0,JAMESON,0.8355,1331.4,72.4,34.4,11.3,1920,1080,0.019,1348.7,78.1
Round3,Q2,284,284.0,JAMESON,0.835,1393.2,75.2,33.6,10.7,1920,1080,0.017,1410.0,80.5
Round3,Q2,284,284.0,JAMESON,0.832,1166.8,139.0,37.3,12.4,1920,1080,0.022,1185.5,145.2
Round3,Q2,284,284.0,JAMESON,0.8311,1456.8,77.3,35.8,11.0,1920,1080,0.019,1474.7,82.8
Round3,Q2,284,284.0,JAMESON,0.8311,1649.3,86.9,37.9,12.1,1920,1080,0.022,1668.2,93.0
Round3,Q2,284,284.0,JAMESON,0.8296,1025.9,137.0,38.1,12.0,1920,1080,0.022,1044.9,143.1
Round3,Q2,284,284.0,JAMESON,0.8247,1784.4,95.0,37.8,12.0,1920,1080,0.022,1803.3,101.1
Round3,Q2,284,284.0,JAMESON,0.8246,496.0,77.5,34.6,10.4,1920,1080,0.017,513.2,82.7
Round3,Q2,284,284.0,JAMESON,0.8245,1519.2,80.5,36.2,11.0,1920,1080,0.019,1537.4,86.0
Round3,Q2,284,284.0,JAMESON,0.8237,162.4,94.9,38.5,11.3,1920,1080,0.021,181.7,100.5
Round3,Q2,284,284.0,JAMESON,0.8235,1207.0,69.5,35.0,10.6,1920,1080,0.018,1224.5,74.8
Round3,Q2,284,284.0,JAMESON,0.8234,747.6,139.8,38.7,12.1,1920,1080,0.023,766.9,145.8
Round3,Q2,284,284.0,JAMESON,0.8234,683.9,70.5,35.5,10.2,1920,1080,0.017,701.7,75.6
Round3,Q2,284,284.0,JAMESON,0.8219,1144.2,68.2,35.8,10.6,1920,1080,0.018,1162.1,73.5
Round3,Q2,284,284.0,JAMESON,0.8213,1584.6,83.6,36.0,11.4,1920,1080,0.02,1602.6,89.3
Round3,Q2,284,284.0,JAMESON,0.8196,0.3,186.2,40.5,14.3,1920,1080,0.028,20.5,193.4
Round3,Q2,284,284.0,JAMESON,0.8193,957.9,137.0,37.7,11.8,1920,1080,0.022,976.7,143.0
Round3,Q2,284,284.0,JAMESON,0.8186,678.4,142.2,35.8,11.0,1920,1080,0.019,696.4,147.7
Round3,Q2,284,284.0,JAMESON,0.8184,1447.1,148.3,39.5,13.1,1920,1080,0.025,1466.9,154.8
Round3,Q2,284,284.0,JAMESON,0.8184,1267.6,70.8,35.4,10.9,1920,1080,0.019,1285.3,76.3
Round3,Q2,284,284.0,JAMESON,0.8181,18.4,103.1,39.7,11.9,1920,1080,0.023,38.2,109.0
Round3,Q2,284,284.0,JAMESON,0.8174,158.9,172.5,39.4,13.0,1920,1080,0.025,178.6,178.9
Round3,Q2,284,284.0,JAMESON,0.8168,462.3,151.8,37.9,12.5,1920,1080,0.023,481.3,158.0
Round3,Q2,284,284.0,JAMESON,0.8162,1820.5,173.9,41.5,14.0,1920,1080,0.028,1841.3,180.8
Round3,Q2,284,284.0,JAMESON,0.8131,431.5,80.4,34.9,10.6,1920,1080,0.018,449.0,85.7
Round3,Q2,284,284.0,JAMESON,0.8117,746.9,69.2,33.6,10.0,1920,1080,0.016,763.7,74.2
Round3,Q2,284,284.0,JAMESON,0.8084,622.6,72.5,34.5,10.7,1920,1080,0.018,639.8,77.8
Round3,Q2,284,284.0,JAMESON,0.8073,1095.9,138.1,37.1,11.6,1920,1080,0.021,1114.4,143.9
Round3,Q2,284,284.0,JAMESON,0.8051,299.7,87.2,37.0,11.2,1920,1080,0.02,318.2,92.8
Round3,Q2,284,284.0,JAMESON,0.799,1716.4,91.0,38.4,11.8,1920,1080,0.022,1735.6,96.9
Round3,Q2,284,284.0,JAMESON,0.7986,366.3,83.6,35.8,10.7,1920,1080,0.019,384.2,89.0
Round3,Q2,284,284.0,JAMESON,0.795,886.9,137.2,37.8,12.2,1920,1080,0.022,905.9,143.3
Round3,Q2,284,284.0,JAMESON,0.7883,808.3,67.5,33.8,10.5,1920,1080,0.017,825.2,72.8
Round3,Q2,284,284.0,JAMESON,0.7859,240.2,165.3,41.2,13.0,1920,1080,0.026,260.8,171.8
Round3,Q2,284,284.0,JAMESON,0.7809,818.6,138.6,36.3,11.8,1920,1080,0.021,836.7,144.5
Round3,Q2,284,284.0,JAMESON,0.775,1084.2,67.7,34.7,10.4,1920,1080,0.017,1101.5,72.9
Round3,Q2,284,284.0,JAMESON,0.7684,232.3,90.5,36.6,11.3,1920,1080,0.02,250.7,96.2
Round3,Q2,284,284.0,JAMESON,0.7678,1021.9,66.4,35.0,11.1,1920,1080,0.019,1039.4,71.9
Round3,Q2,284,284.0,JAMESON,0.7503,1670.2,161.7,40.2,14.4,1920,1080,0.028,1690.3,169.0
Round3,Q2,284,284.0,JAMESON,0.7282,869.3,66.8,35.9,10.7,1920,1080,0.019,887.2,72.2
Round3,Q2,284,284.0,JAMESON,0.7208,80.1,179.7,41.5,13.1,1920,1080,0.026,100.8,186.2
Round3,Q2,284,284.0,JAMESON,0.7182,962.1,66.0,33.8,11.3,1920,1080,0.018,979.0,71.6
Round3,Q2,284,284.0,JAMESON,0.5542,1235.9,140.2,38.2,13.3,1920,1080,0.024,1255.0,146.8
Round3,Q2,284,284.0,JAMESON,0.5357,1898.7,181.3,21.1,13.6,1920,1080,0.014,1909.2,188.1
Round3,Q2,284,284.0,JAMESON,0.4873,1742.1,167.8,43.6,14.3,1920,1080,0.03,1763.9,175.0
Round3,Q2,285,285.0,JAMESON,0.8541,1066.1,206.4,37.2,11.7,1920,1080,0.021,1084.7,212.3
Round3,Q2,285,285.0,JAMESON,0.8537,1574.3,218.1,41.7,13.3,1920,1080,0.027,1595.1,224.8
Round3,Q2,285,285.0,JAMESON,0.8534,558.2,217.4,40.7,12.5,1920,1080,0.024,578.5,223.7
Round3,Q2,285,285.0,JAMESON,0.8491,932.0,134.6,34.8,10.5,1920,1080,0.018,949.4,139.8
Round3,Q2,285,285.0,JAMESON,0.8478,59.4,170.0,38.1,11.8,1920,1080,0.022,78.5,176.0
Round3,Q2,285,285.0,JAMESON,0.8475,1670.8,147.9,37.8,11.1,1920,1080,0.02,1689.7,153.4
Round3,Q2,285,285.0,JAMESON,0.8471,1603.1,144.4,37.7,11.6,1920,1080,0.021,1622.0,150.2
Round3,Q2,285,285.0,JAMESON,0.8467,1806.5,229.3,42.5,13.5,1920,1080,0.028,1827.7,236.1
Round3,Q2,285,285.0,JAMESON,0.8437,480.6,147.0,36.2,11.0,1920,1080,0.019,498.7,152.5
Round3,Q2,285,285.0,JAMESON,0.8404,805.2,136.7,35.0,10.3,1920,1080,0.017,822.8,141.8
Round3,Q2,285,285.0,JAMESON,0.8387,994.1,205.9,38.6,12.4,1920,1080,0.023,1013.4,212.1
Round3,Q2,285,285.0,JAMESON,0.8378,677.7,139.7,35.0,10.6,1920,1080,0.018,695.1,145.0
Round3,Q2,285,285.0,JAMESON,0.8369,276.6,156.4,37.0,12.3,1920,1080,0.022,295.0,162.6
Round3,Q2,285,285.0,JAMESON,0.8363,1467.9,28.6,31.6,9.3,1920,1080,0.014,1483.7,33.2
Round3,Q2,285,285.0,JAMESON,0.8348,1809.0,153.3,39.9,11.5,1920,1080,0.022,1828.9,159.1
Round3,Q2,285,285.0,JAMESON,0.8329,1209.3,207.3,38.9,12.4,1920,1080,0.023,1228.7,213.5
Round3,Q2,285,285.0,JAMESON,0.8327,994.6,134.0,35.7,10.7,1920,1080,0.018,1012.4,139.3
Round3,Q2,285,285.0,JAMESON,0.8322,206.1,161.0,37.2,11.4,1920,1080,0.02,224.7,166.7
Round3,Q2,285,285.0,JAMESON,0.831,413.7,149.9,37.0,11.0,1920,1080,0.02,432.2,155.4
Round3,Q2,285,285.0,JAMESON,0.8306,1278.9,135.6,36.4,10.9,1920,1080,0.019,1297.1,141.1
Round3,Q2,285,285.0,JAMESON,0.8298,1058.3,134.0,35.3,10.3,1920,1080,0.018,1076.0,139.2
Round3,Q2,285,285.0,JAMESON,0.8293,1880.1,156.7,38.9,11.3,1920,1080,0.021,1899.6,162.3
Round3,Q2,285,285.0,JAMESON,0.8292,175.3,245.6,38.2,13.6,1920,1080,0.025,194.4,252.4
Round3,Q2,285,285.0,JAMESON,0.8286,868.9,135.6,35.5,10.3,1920,1080,0.018,886.7,140.8
Round3,Q2,285,285.0,JAMESON,0.8284,547.0,144.2,36.3,11.4,1920,1080,0.02,565.1,149.9
Round3,Q2,285,285.0,JAMESON,0.8262,1428.1,212.7,37.5,12.5,1920,1080,0.023,1446.9,218.9
Round3,Q2,285,285.0,JAMESON,0.8252,134.1,165.5,38.9,11.3,1920,1080,0.021,153.5,171.1
Round3,Q2,285,285.0,JAMESON,0.8237,641.7,28.0,31.1,9.1,1920,1080,0.014,657.3,32.5
Round3,Q2,285,285.0,JAMESON,0.8232,850.7,208.3,38.7,11.8,1920,1080,0.022,870.1,214.2
Round3,Q2,285,285.0,JAMESON,0.8226,1342.3,137.2,36.7,10.5,1920,1080,0.019,1360.6,142.4
Round3,Q2,285,285.0,JAMESON,0.8226,353.4,33.0,32.1,9.4,1920,1080,0.015,369.5,37.7
Round3,Q2,285,285.0,JAMESON,0.8215,919.0,25.7,29.3,8.7,1920,1080,0.012,933.7,30.0
Round3,Q2,285,285.0,JAMESON,0.819,711.8,27.1,31.7,9.4,1920,1080,0.014,727.6,31.8
Round3,Q2,285,285.0,JAMESON,0.8188,346.1,153.1,37.0,11.3,1920,1080,0.02,364.6,158.7
Round3,Q2,285,285.0,JAMESON,0.8187,96.2,254.7,41.7,14.1,1920,1080,0.028,117.1,261.8
Round3,Q2,285,285.0,JAMESON,0.8162,1353.3,210.5,38.9,12.4,1920,1080,0.023,1372.7,216.7
Round3,Q2,285,285.0,JAMESON,0.8156,1215.7,134.8,35.8,11.0,1920,1080,0.019,1233.6,140.3
Round3,Q2,285,285.0,JAMESON,0.8137,253.6,238.3,39.5,12.6,1920,1080,0.024,273.3,244.6
Round3,Q2,285,285.0,JAMESON,0.8126,1536.3,142.3,38.3,11.1,1920,1080,0.02,1555.5,147.8
Round3,Q2,285,285.0,JAMESON,0.812,1471.3,140.5,36.5,10.3,1920,1080,0.018,1489.6,145.7
Round3,Q2,285,285.0,JAMESON,0.8105,0.0,173.9,23.4,13.5,1920,1080,0.015,11.7,180.6
Round3,Q2,285,285.0,JAMESON,0.8102,1397.8,28.1,30.7,9.0,1920,1080,0.013,1413.2,32.6
Round3,Q2,285,285.0,JAMESON,0.8094,1539.3,29.9,31.6,9.0,1920,1080,0.014,1555.1,34.4
Round3,Q2,285,285.0,JAMESON,0.8092,612.5,141.8,35.8,10.7,1920,1080,0.019,630.4,147.1
Round3,Q2,285,285.0,JAMESON,0.8087,1328.1,27.1,31.8,9.3,1920,1080,0.014,1344.0,31.7
Round3,Q2,285,285.0,JAMESON,0.8079,1650.3,221.5,41.8,13.3,1920,1080,0.027,1671.2,228.1
Round3,Q2,285,285.0,JAMESON,0.8056,1837.6,33.8,34.0,9.8,1920,1080,0.016,1854.5,38.7
Round3,Q2,285,285.0,JAMESON,0.8055,405.7,226.2,38.9,12.7,1920,1080,0.024,425.1,232.6
Round3,Q2,285,285.0,JAMESON,0.805,633.9,214.5,38.7,12.1,1920,1080,0.023,653.2,220.6
Round3,Q2,285,285.0,JAMESON,0.8047,500.1,29.9,31.0,9.3,1920,1080,0.014,515.6,34.6
Round3,Q2,285,285.0,JAMESON,0.8025,199.9,35.1,34.0,10.4,1920,1080,0.017,216.9,40.3
Round3,Q2,285,285.0,JAMESON,0.7994,1886.7,234.7,33.0,12.9,1920,1080,0.021,1903.2,241.2
Round3,Q2,285,285.0,JAMESON,0.7992,1120.8,134.2,37.1,10.6,1920,1080,0.019,1139.3,139.5
Round3,Q2,285,285.0,JAMESON,0.7986,1727.7,225.3,42.2,13.1,1920,1080,0.027,1748.8,231.9
Round3,Q2,285,285.0,JAMESON,0.798,571.5,29.0,31.5,9.2,1920,1080,0.014,587.3,33.6
Round3,Q2,285,285.0,JAMESON,0.7972,741.2,138.1,35.8,10.5,1920,1080,0.018,759.1,143.3
Round3,Q2,285,285.0,JAMESON,0.7943,1282.0,208.3,38.5,12.5,1920,1080,0.023,1301.2,214.6
Round3,Q2,285,285.0,JAMESON,0.7935,1760.1,32.9,33.3,9.9,1920,1080,0.016,1776.8,37.9
Round3,Q2,285,285.0,JAMESON,0.793,850.5,26.1,30.3,8.5,1920,1080,0.012,865.7,30.4
Round3,Q2,285,285.0,JAMESON,0.7912,1055.3,25.6,29.6,8.8,1920,1080,0.013,1070.1,30.0
Round3,Q2,285,285.0,JAMESON,0.7885,487.1,220.9,40.0,12.6,1920,1080,0.024,507.1,227.2
Round3,Q2,285,285.0,JAMESON,0.784,780.4,26.4,31.2,8.9,1920,1080,0.013,796.0,30.9
Round3,Q2,285,285.0,JAMESON,0.7814,1259.6,26.8,31.5,9.6,1920,1080,0.015,1275.4,31.6
Round3,Q2,285,285.0,JAMESON,0.7793,779.6,210.1,38.5,12.0,1920,1080,0.022,798.8,216.1
Round3,Q2,285,285.0,JAMESON,0.7763,921.7,206.5,38.7,11.8,1920,1080,0.022,941.1,212.4
Round3,Q2,285,285.0,JAMESON,0.7714,1739.0,150.0,38.5,11.4,1920,1080,0.021,1758.2,155.6
Round3,Q2,285,285.0,JAMESON,0.7643,1122.9,25.8,31.5,9.6,1920,1080,0.015,1138.6,30.6
Round3,Q2,285,285.0,JAMESON,0.7623,1406.0,138.3,37.5,11.0,1920,1080,0.02,1424.7,143.8
Round3,Q2,285,285.0,JAMESON,0.7531,987.4,25.4,30.4,8.8,1920,1080,0.013,1002.6,29.8
Round3,Q2,285,285.0,JAMESON,0.7477,706.1,212.0,37.9,12.7,1920,1080,0.023,725.0,218.4
Round3,Q2,285,285.0,JAMESON,0.7476,120.3,36.4,33.7,10.7,1920,1080,0.017,137.1,41.8
Round3,Q2,285,285.0,JAMESON,0.7457,1684.7,32.3,34.1,9.8,1920,1080,0.016,1701.8,37.1
Round3,Q2,285,285.0,JAMESON,0.7446,1610.5,30.0,33.2,10.1,1920,1080,0.016,1627.1,35.1
Round3,Q2,285,285.0,JAMESON,0.7397,1191.8,26.3,30.9,9.2,1920,1080,0.014,1207.3,31.0
Round3,Q2,285,285.0,JAMESON,0.7366,278.1,33.7,32.9,10.2,1920,1080,0.016,294.6,38.8
Round3,Q2,285,285.0,JAMESON,0.7342,330.4,232.4,37.6,12.6,1920,1080,0.023,349.2,238.6
Round3,Q2,285,285.0,JAMESON,0.728,36.3,37.2,36.0,10.9,1920,1080,0.019,54.3,42.6
Round3,Q2,285,285.0,JAMESON,0.6086,0.0,266.9,12.4,17.0,1920,1080,0.01,6.2,275.5
Round3,Q2,285,285.0,JAMESON,0.5957,428.3,31.5,30.9,10.5,1920,1080,0.016,443.8,36.7
Round3,Q2,285,285.0,JAMESON,0.4862,21.4,263.8,39.5,14.8,1920,1080,0.028,41.2,271.2
Round3,Q2,285,285.0,JAMESON,0.388,1137.2,206.3,36.8,12.5,1920,1080,0.022,1155.6,212.6
Round3,Q2,285,285.0,JAMESON,0.3595,0.0,36.9,22.3,11.0,1920,1080,0.012,11.2,42.4
Round3,Q2,285,285.0,JAMESON,0.3242,1501.7,215.3,39.0,12.1,1920,1080,0.023,1521.2,221.3
Round3,Q2,286,286.0,JAMESON,0.8676,3.5,156.4,43.8,13.4,1920,1080,0.028,25.4,163.1
Round3,Q2,286,286.0,JAMESON,0.8669,1514.3,203.8,41.7,13.6,1920,1080,0.027,1535.1,210.6
Round3,Q2,286,286.0,JAMESON,0.8662,796.4,124.1,34.8,10.5,1920,1080,0.018,813.8,129.4
Round3,Q2,286,286.0,JAMESON,0.8657,862.4,122.8,35.0,10.8,1920,1080,0.018,879.9,128.2
Round3,Q2,286,286.0,JAMESON,0.8618,149.9,13.8,33.5,10.3,1920,1080,0.017,166.6,18.9
Round3,Q2,286,286.0,JAMESON,0.8584,1427.2,124.0,35.8,11.1,1920,1080,0.019,1445.0,129.5
Round3,Q2,286,286.0,JAMESON,0.8565,593.7,129.1,36.1,11.2,1920,1080,0.019,611.8,134.8
Round3,Q2,286,286.0,JAMESON,0.8561,1837.6,216.0,45.3,14.8,1920,1080,0.032,1860.3,223.5
Round3,Q2,286,286.0,JAMESON,0.8546,1293.4,121.3,35.1,11.9,1920,1080,0.02,1310.9,127.2
Round3,Q2,286,286.0,JAMESON,0.8542,928.9,121.4,36.0,11.0,1920,1080,0.019,946.9,126.9
Round3,Q2,286,286.0,JAMESON,0.853,995.5,120.7,35.1,11.5,1920,1080,0.019,1013.0,126.4
Round3,Q2,286,286.0,JAMESON,0.8529,236.6,144.1,38.2,12.4,1920,1080,0.023,255.7,150.3
Round3,Q2,286,286.0,JAMESON,0.8459,455.3,134.7,35.8,11.1,1920,1080,0.019,473.1,140.3
Round3,Q2,286,286.0,JAMESON,0.8458,1777.0,133.5,39.5,12.4,1920,1080,0.024,1796.7,139.7
Round3,Q2,286,286.0,JAMESON,0.8457,122.6,241.2,43.2,14.4,1920,1080,0.03,144.2,248.4
Round3,Q2,286,286.0,JAMESON,0.8434,1359.0,122.8,37.1,11.5,1920,1080,0.021,1377.6,128.5
Round3,Q2,286,286.0,JAMESON,0.8414,1638.9,9.8,32.0,9.2,1920,1080,0.014,1654.9,14.4
Round3,Q2,286,286.0,JAMESON,0.8406,1704.6,130.4,39.2,12.6,1920,1080,0.024,1724.2,136.7
Round3,Q2,286,286.0,JAMESON,0.8396,834.0,199.2,39.0,12.8,1920,1080,0.024,853.5,205.6
Round3,Q2,286,286.0,JAMESON,0.8395,204.5,232.3,39.7,14.0,1920,1080,0.027,224.3,239.3
Round3,Q2,286,286.0,JAMESON,0.8393,621.2,9.3,29.6,8.9,1920,1080,0.013,636.0,13.7
Round3,Q2,286,286.0,JAMESON,0.839,544.9,10.3,31.4,9.0,1920,1080,0.014,560.6,14.8
Round3,Q2,286,286.0,JAMESON,0.839,311.9,140.6,37.1,11.7,1920,1080,0.021,330.4,146.5
Round3,Q2,286,286.0,JAMESON,0.8389,1193.3,120.8,36.3,11.3,1920,1080,0.02,1211.5,126.4
Round3,Q2,286,286.0,JAMESON,0.836,1564.2,127.3,36.6,11.3,1920,1080,0.02,1582.4,132.9
Round3,Q2,286,286.0,JAMESON,0.8357,1058.7,196.0,41.1,13.1,1920,1080,0.026,1079.3,202.5
Round3,Q2,286,286.0,JAMESON,0.8355,1207.1,196.3,41.7,13.5,1920,1080,0.027,1228.0,203.1
Round3,Q2,286,286.0,JAMESON,0.8349,524.4,131.5,36.9,11.7,1920,1080,0.021,542.9,137.3
Round3,Q2,286,286.0,JAMESON,0.8348,604.8,205.5,40.5,13.0,1920,1080,0.025,625.1,212.0
Round3,Q2,286,286.0,JAMESON,0.8334,1127.6,120.5,34.8,11.2,1920,1080,0.019,1145.0,126.1
Round3,Q2,286,286.0,JAMESON,0.8331,1494.0,125.3,38.0,11.9,1920,1080,0.022,1513.0,131.2
Round3,Q2,286,286.0,JAMESON,0.8323,1879.3,9.7,35.4,9.9,1920,1080,0.017,1897.0,14.7
Round3,Q2,286,286.0,JAMESON,0.8318,393.1,11.9,31.3,9.5,1920,1080,0.014,408.7,16.6
Round3,Q2,286,286.0,JAMESON,0.8318,161.4,147.9,40.3,12.4,1920,1080,0.024,181.6,154.1
Round3,Q2,286,286.0,JAMESON,0.8306,1061.1,120.5,35.9,11.4,1920,1080,0.02,1079.1,126.2
Round3,Q2,286,286.0,JAMESON,0.8301,729.0,125.2,36.2,11.3,1920,1080,0.02,747.1,130.9
Round3,Q2,286,286.0,JAMESON,0.8288,232.3,13.0,33.4,10.7,1920,1080,0.017,249.0,18.3
Round3,Q2,286,286.0,JAMESON,0.8273,1133.8,196.1,40.2,13.5,1920,1080,0.026,1153.9,202.8
Round3,Q2,286,286.0,JAMESON,0.8265,61.1,13.1,36.6,11.2,1920,1080,0.02,79.4,18.7
Round3,Q2,286,286.0,JAMESON,0.8256,908.9,197.5,40.2,13.0,1920,1080,0.025,929.0,204.0
Round3,Q2,286,286.0,JAMESON,0.8241,286.7,224.9,40.9,14.0,1920,1080,0.028,307.1,231.9
Round3,Q2,286,286.0,JAMESON,0.824,1437.1,200.9,40.5,13.3,1920,1080,0.026,1457.4,207.5
Round3,Q2,286,286.0,JAMESON,0.8235,1752.7,212.1,46.5,14.7,1920,1080,0.033,1775.9,219.5
Round3,Q2,286,286.0,JAMESON,0.8227,383.3,136.5,37.4,12.9,1920,1080,0.023,402.0,142.9
Round3,Q2,286,286.0,JAMESON,0.8218,1716.1,10.3,32.8,9.0,1920,1080,0.014,1732.5,14.8
Round3,Q2,286,286.0,JAMESON,0.8216,1672.2,208.9,42.5,14.4,1920,1080,0.03,1693.5,216.1
Round3,Q2,286,286.0,JAMESON,0.8213,1360.5,198.9,40.6,13.8,1920,1080,0.027,1380.8,205.8
Round3,Q2,286,286.0,JAMESON,0.8175,683.0,202.6,39.6,13.4,1920,1080,0.026,702.8,209.3
Round3,Q2,286,286.0,JAMESON,0.817,1852.7,135.6,40.6,12.3,1920,1080,0.024,1873.0,141.8
Round3,Q2,286,286.0,JAMESON,0.8146,1797.1,10.2,32.6,9.3,1920,1080,0.015,1813.5,14.9
Round3,Q2,286,286.0,JAMESON,0.8129,1488.4,9.1,29.8,9.0,1920,1080,0.013,1503.3,13.6
Round3,Q2,286,286.0,JAMESON,0.8118,661.6,126.6,36.0,11.9,1920,1080,0.021,679.6,132.5
Round3,Q2,286,286.0,JAMESON,0.8112,1284.3,198.0,39.9,12.7,1920,1080,0.025,1304.3,204.4
Round3,Q2,286,286.0,JAMESON,0.8088,84.9,152.3,39.5,12.8,1920,1080,0.024,104.6,158.7
Round3,Q2,286,286.0,JAMESON,0.8052,469.8,11.1,31.4,9.3,1920,1080,0.014,485.4,15.7
Round3,Q2,286,286.0,JAMESON,0.8051,984.8,196.3,39.0,13.0,1920,1080,0.024,1004.3,202.8
Round3,Q2,286,286.0,JAMESON,0.7988,314.9,12.4,30.9,9.6,1920,1080,0.014,330.3,17.2
Round3,Q2,286,286.0,JAMESON,0.7957,444.9,213.6,41.1,13.8,1920,1080,0.027,465.4,220.5
Round3,Q2,286,286.0,JAMESON,0.7954,694.1,8.7,29.5,9.3,1920,1080,0.013,708.8,13.4
Round3,Q2,286,286.0,JAMESON,0.7953,1414.2,8.7,29.5,9.3,1920,1080,0.013,1429.0,13.4
Round3,Q2,286,286.0,JAMESON,0.7949,1562.6,9.4,30.1,9.0,1920,1080,0.013,1577.7,13.9
Round3,Q2,286,286.0,JAMESON,0.7912,1632.7,128.9,40.4,11.9,1920,1080,0.023,1652.9,134.9
Round3,Q2,286,286.0,JAMESON,0.7857,983.4,6.0,28.1,9.3,1920,1080,0.013,997.4,10.6
Round3,Q2,286,286.0,JAMESON,0.7797,757.4,200.8,40.9,13.2,1920,1080,0.026,777.9,207.4
Round3,Q2,286,286.0,JAMESON,0.7772,530.0,208.2,42.0,14.3,1920,1080,0.029,551.0,215.3
Round3,Q2,286,286.0,JAMESON,0.7501,1125.4,6.0,29.8,9.5,1920,1080,0.014,1140.3,10.7
Round3,Q2,286,286.0,JAMESON,0.7446,366.3,219.2,38.3,13.4,1920,1080,0.025,385.4,225.9
Round3,Q2,286,286.0,JAMESON,0.736,1054.0,6.0,29.9,9.5,1920,1080,0.014,1069.0,10.7
Round3,Q2,286,286.0,JAMESON,0.7198,1341.6,8.3,28.9,9.7,1920,1080,0.013,1356.0,13.2
Round3,Q2,286,286.0,JAMESON,0.6965,839.6,6.0,28.5,9.7,1920,1080,0.013,853.8,10.8
Round3,Q2,286,286.0,JAMESON,0.681,911.7,6.0,28.4,9.6,1920,1080,0.013,925.9,10.8
Round3,Q2,286,286.0,JAMESON,0.6799,767.5,8.3,28.8,9.8,1920,1080,0.014,781.9,13.1
Round3,Q2,286,286.0,JAMESON,0.6468,1268.7,7.5,31.2,10.5,1920,1080,0.016,1284.3,12.8
Round3,Q2,286,286.0,JAMESON,0.6413,1593.9,206.1,40.7,13.4,1920,1080,0.026,1614.3,212.8
Round3,Q2,286,286.0,JAMESON,0.5761,0.0,12.0,9.2,12.5,1920,1080,0.006,4.6,18.2
Round3,Q2,286,286.0,JAMESON,0.5102,43.3,250.1,42.0,15.3,1920,1080,0.031,64.3,257.7
Round3,Q2,286,286.0,JAMESON,0.5083,1196.7,6.0,30.6,10.5,1920,1080,0.016,1212.0,11.3
Round3,Q2,287,287.0,JAMESON,0.8612,1494.1,2.9,32.7,9.3,1920,1080,0.015,1510.4,7.6
Round3,Q2,287,287.0,JAMESON,0.8586,1775.3,212.4,46.1,15.4,1920,1080,0.034,1798.3,220.1
Round3,Q2,287,287.0,JAMESON,0.858,1815.1,3.2,35.3,9.8,1920,1080,0.017,1832.8,8.1
Round3,Q2,287,287.0,JAMESON,0.8554,708.7,123.0,38.9,11.6,1920,1080,0.022,728.1,128.8
Round3,Q2,287,287.0,JAMESON,0.8553,447.3,4.2,33.3,9.8,1920,1080,0.016,463.9,9.1
Round3,Q2,287,287.0,JAMESON,0.8547,677.6,3.0,32.1,9.2,1920,1080,0.014,693.7,7.6
Round3,Q2,287,287.0,JAMESON,0.8541,845.6,119.8,40.2,12.2,1920,1080,0.024,865.7,126.0
Round3,Q2,287,287.0,JAMESON,0.8536,286.3,5.0,33.9,10.6,1920,1080,0.017,303.2,10.3
Round3,Q2,287,287.0,JAMESON,0.8515,1729.9,3.4,35.0,9.9,1920,1080,0.017,1747.4,8.4
Round3,Q2,287,287.0,JAMESON,0.8511,601.7,3.1,33.4,9.6,1920,1080,0.015,618.4,7.9
Round3,Q2,287,287.0,JAMESON,0.8499,1649.8,3.3,34.6,9.7,1920,1080,0.016,1667.1,8.1
Round3,Q2,287,287.0,JAMESON,0.8495,640.2,124.1,37.9,11.7,1920,1080,0.021,659.2,129.9
Round3,Q2,287,287.0,JAMESON,0.8494,89.0,235.2,41.7,15.7,1920,1080,0.032,109.8,243.1
Round3,Q2,287,287.0,JAMESON,0.8485,1343.6,2.6,31.4,8.8,1920,1080,0.013,1359.3,7.1
Round3,Q2,287,287.0,JAMESON,0.8485,1447.3,201.4,43.7,14.5,1920,1080,0.031,1469.2,208.7
Round3,Q2,287,287.0,JAMESON,0.8455,1287.8,119.3,38.0,12.2,1920,1080,0.022,1306.9,125.4
Round3,Q2,287,287.0,JAMESON,0.8453,1050.7,118.4,37.6,11.4,1920,1080,0.021,1069.5,124.1
Round3,Q2,287,287.0,JAMESON,0.8453,593.3,205.1,41.2,13.6,1920,1080,0.027,613.9,211.8
Round3,Q2,287,287.0,JAMESON,0.8452,353.6,133.9,39.4,12.0,1920,1080,0.023,373.3,139.9
Round3,Q2,287,287.0,JAMESON,0.8451,40.9,146.7,42.7,12.7,1920,1080,0.026,62.2,153.1
Round3,Q2,287,287.0,JAMESON,0.8448,112.7,4.5,37.8,11.6,1920,1080,0.021,131.6,10.3
Round3,Q2,287,287.0,JAMESON,0.8439,499.1,128.6,37.9,11.9,1920,1080,0.022,518.0,134.6
Round3,Q2,287,287.0,JAMESON,0.8437,367.0,5.0,33.3,9.8,1920,1080,0.016,383.7,10.0
Round3,Q2,287,287.0,JAMESON,0.8431,342.9,216.1,44.4,14.6,1920,1080,0.031,365.0,223.4
Round3,Q2,287,287.0,JAMESON,0.8429,1790.9,130.9,40.4,12.6,1920,1080,0.024,1811.1,137.2
Round3,Q2,287,287.0,JAMESON,0.8428,120.7,142.8,43.1,13.1,1920,1080,0.027,142.3,149.4
Round3,Q2,287,287.0,JAMESON,0.8413,750.0,201.0,41.2,13.1,1920,1080,0.026,770.6,207.5
Round3,Q2,287,287.0,JAMESON,0.8403,22.4,3.8,38.7,11.3,1920,1080,0.021,41.7,9.4
Round3,Q2,287,287.0,JAMESON,0.8399,1607.7,206.4,44.8,14.6,1920,1080,0.032,1630.1,213.7
Round3,Q2,287,287.0,JAMESON,0.8397,1865.3,133.1,43.5,13.1,1920,1080,0.027,1887.0,139.6
Round3,Q2,287,287.0,JAMESON,0.8385,1425.7,121.9,40.7,12.3,1920,1080,0.024,1446.1,128.0
Round3,Q2,287,287.0,JAMESON,0.8381,1133.8,196.0,42.4,13.7,1920,1080,0.028,1155.0,202.9
Round3,Q2,287,287.0,JAMESON,0.8381,0.2,243.9,45.4,15.8,1920,1080,0.035,22.9,251.8
Round3,Q2,287,287.0,JAMESON,0.838,202.4,139.4,39.4,12.4,1920,1080,0.024,222.1,145.6
Round3,Q2,287,287.0,JAMESON,0.8379,980.1,196.2,44.2,14.0,1920,1080,0.03,1002.2,203.1
Round3,Q2,287,287.0,JAMESON,0.8366,1495.9,123.5,39.1,11.6,1920,1080,0.022,1515.4,129.3
Round3,Q2,287,287.0,JAMESON,0.8362,982.2,118.7,38.3,11.6,1920,1080,0.021,1001.3,124.4
Round3,Q2,287,287.0,JAMESON,0.8361,425.1,130.9,42.3,12.3,1920,1080,0.025,446.3,137.1
Round3,Q2,287,287.0,JAMESON,0.836,1712.9,128.6,43.7,12.9,1920,1080,0.027,1734.8,135.0
Round3,Q2,287,287.0,JAMESON,0.8359,914.6,119.0,37.7,11.2,1920,1080,0.02,933.4,124.6
Round3,Q2,287,287.0,JAMESON,0.8352,524.3,3.8,32.8,9.7,1920,1080,0.015,540.7,8.7
Round3,Q2,287,287.0,JAMESON,0.8352,173.9,227.9,46.3,14.9,1920,1080,0.033,197.1,235.4
Round3,Q2,287,287.0,JAMESON,0.835,1220.0,118.3,37.9,12.6,1920,1080,0.023,1239.0,124.6
Round3,Q2,287,287.0,JAMESON,0.8338,1641.2,125.9,38.5,13.0,1920,1080,0.024,1660.4,132.5
Round3,Q2,287,287.0,JAMESON,0.8329,569.2,126.2,38.5,12.2,1920,1080,0.023,588.4,132.3
Round3,Q2,287,287.0,JAMESON,0.8325,1417.7,2.7,32.8,9.2,1920,1080,0.015,1434.1,7.3
Round3,Q2,287,287.0,JAMESON,0.8315,778.1,121.0,37.7,11.7,1920,1080,0.021,797.0,126.8
Round3,Q2,287,287.0,JAMESON,0.827,753.2,2.7,31.5,8.7,1920,1080,0.013,768.9,7.1
Round3,Q2,287,287.0,JAMESON,0.8254,900.4,2.3,32.9,8.6,1920,1080,0.014,916.8,6.6
Round3,Q2,287,287.0,JAMESON,0.825,1357.8,120.4,37.7,12.5,1920,1080,0.023,1376.7,126.6
Round3,Q2,287,287.0,JAMESON,0.8248,1571.1,3.2,33.4,9.5,1920,1080,0.015,1587.8,7.9
Round3,Q2,287,287.0,JAMESON,0.8238,277.4,136.0,41.7,13.4,1920,1080,0.027,298.2,142.7
Round3,Q2,287,287.0,JAMESON,0.822,670.4,202.1,44.6,14.5,1920,1080,0.031,692.7,209.4
Round3,Q2,287,287.0,JAMESON,0.821,827.5,198.5,41.1,13.9,1920,1080,0.027,848.0,205.4
Round3,Q2,287,287.0,JAMESON,0.8202,904.8,196.9,40.3,13.3,1920,1080,0.026,924.9,203.6
Round3,Q2,287,287.0,JAMESON,0.8198,202.2,5.2,34.6,10.5,1920,1080,0.018,219.5,10.5
Round3,Q2,287,287.0,JAMESON,0.8195,1863.9,215.8,45.7,15.6,1920,1080,0.034,1886.8,223.6
Round3,Q2,287,287.0,JAMESON,0.8191,510.8,207.5,43.9,14.4,1920,1080,0.031,532.7,214.7
Round3,Q2,287,287.0,JAMESON,0.819,1120.9,2.3,32.6,9.4,1920,1080,0.015,1137.2,7.1
Round3,Q2,287,287.0,JAMESON,0.8185,1289.5,198.1,42.4,14.2,1920,1080,0.029,1310.8,205.1
Round3,Q2,287,287.0,JAMESON,0.8174,1058.8,196.1,40.4,14.0,1920,1080,0.027,1079.0,203.1
Round3,Q2,287,287.0,JAMESON,0.8166,434.2,211.2,40.5,14.3,1920,1080,0.028,454.4,218.3
Round3,Q2,287,287.0,JAMESON,0.8164,1368.4,199.7,42.4,14.3,1920,1080,0.029,1389.6,206.9
Round3,Q2,287,287.0,JAMESON,0.8142,1690.8,209.1,46.2,15.6,1920,1080,0.035,1713.9,216.8
Round3,Q2,287,287.0,JAMESON,0.8136,1566.5,124.7,41.2,12.6,1920,1080,0.025,1587.1,131.0
Round3,Q2,287,287.0,JAMESON,0.8122,827.9,2.5,29.7,8.6,1920,1080,0.012,842.8,6.8
Round3,Q2,287,287.0,JAMESON,0.8009,1268.6,2.7,31.0,9.3,1920,1080,0.014,1284.1,7.3
Round3,Q2,287,287.0,JAMESON,0.7998,1117.7,118.2,40.5,12.0,1920,1080,0.023,1137.9,124.2
Round3,Q2,287,287.0,JAMESON,0.7953,1194.4,2.2,35.1,9.6,1920,1080,0.016,1212.0,7.0
Round3,Q2,287,287.0,JAMESON,0.7876,1049.1,2.5,30.3,8.0,1920,1080,0.012,1064.3,6.5
Round3,Q2,287,287.0,JAMESON,0.7813,261.8,221.5,38.8,15.0,1920,1080,0.028,281.2,229.0
Round3,Q2,287,287.0,JAMESON,0.7784,974.3,2.3,32.4,8.2,1920,1080,0.013,990.5,6.4
Round3,Q2,287,287.0,JAMESON,0.7491,1528.9,203.7,40.4,14.6,1920,1080,0.028,1549.0,211.0
Round3,Q2,287,287.0,JAMESON,0.6063,1211.3,196.8,43.4,13.6,1920,1080,0.028,1233.0,203.6
Round3,Q2,287,287.0,JAMESON,0.4838,0.0,148.9,10.3,13.7,1920,1080,0.007,5.2,155.7
Round3,Q2,287,287.0,JAMESON,0.4593,1902.7,2.1,17.3,10.2,1920,1080,0.009,1911.3,7.2
Round3,Q2,288,288.0,JAMESON,0.8686,937.6,201.5,45.8,14.6,1920,1080,0.032,960.6,208.9
Round3,Q2,288,288.0,JAMESON,0.8657,869.7,122.3,39.0,11.3,1920,1080,0.021,889.2,128.0
Round3,Q2,288,288.0,JAMESON,0.8635,1672.9,212.1,48.9,16.1,1920,1080,0.038,1697.4,220.2
Round3,Q2,288,288.0,JAMESON,0.8589,1761.3,215.4,48.1,15.5,1920,1080,0.036,1785.4,223.2
Round3,Q2,288,288.0,JAMESON,0.8553,1097.4,201.5,44.8,14.6,1920,1080,0.031,1119.8,208.8
Round3,Q2,288,288.0,JAMESON,0.8551,858.6,203.0,43.5,13.9,1920,1080,0.029,880.3,209.9
Round3,Q2,288,288.0,JAMESON,0.8515,435.0,131.3,40.8,12.4,1920,1080,0.024,455.4,137.5
Round3,Q2,288,288.0,JAMESON,0.8513,1256.4,121.9,39.7,12.2,1920,1080,0.023,1276.3,128.0
Round3,Q2,288,288.0,JAMESON,0.8496,279.7,136.2,43.3,12.7,1920,1080,0.027,301.4,142.5
Round3,Q2,288,288.0,JAMESON,0.8495,940.0,121.4,38.3,11.7,1920,1080,0.022,959.2,127.3
Round3,Q2,288,288.0,JAMESON,0.8488,1399.0,123.6,41.0,12.4,1920,1080,0.024,1419.5,129.7
Round3,Q2,288,288.0,JAMESON,0.8472,778.5,205.0,43.6,13.8,1920,1080,0.029,800.3,211.9
Round3,Q2,288,288.0,JAMESON,0.846,358.3,133.7,41.0,12.5,1920,1080,0.025,378.8,140.0
Round3,Q2,288,288.0,JAMESON,0.844,447.2,214.1,46.9,14.7,1920,1080,0.033,470.6,221.4
Round3,Q2,288,288.0,JAMESON,0.8424,1339.5,204.4,43.9,14.3,1920,1080,0.03,1361.4,211.6
Round3,Q2,288,288.0,JAMESON,0.8424,797.7,123.2,39.8,11.8,1920,1080,0.023,817.6,129.0
Round3,Q2,288,288.0,JAMESON,0.8404,0.0,241.7,42.0,15.6,1920,1080,0.032,21.0,249.5
Round3,Q2,288,288.0,JAMESON,0.8404,697.4,207.0,43.8,13.5,1920,1080,0.028,719.3,213.8
Round3,Q2,288,288.0,JAMESON,0.8403,1259.5,203.0,42.5,14.3,1920,1080,0.029,1280.8,210.1
Round3,Q2,288,288.0,JAMESON,0.8401,200.3,138.2,42.4,13.5,1920,1080,0.028,221.5,145.0
Round3,Q2,288,288.0,JAMESON,0.8401,509.0,129.1,39.7,12.1,1920,1080,0.023,528.9,135.2
Round3,Q2,288,288.0,JAMESON,0.84,1080.8,120.6,39.7,12.5,1920,1080,0.024,1100.6,126.9
Round3,Q2,288,288.0,JAMESON,0.8397,1018.3,201.7,43.9,14.4,1920,1080,0.031,1040.2,208.9
Round3,Q2,288,288.0,JAMESON,0.8393,1620.8,127.1,42.9,12.9,1920,1080,0.027,1642.3,133.5
Round3,Q2,288,288.0,JAMESON,0.8378,1187.5,121.0,38.0,12.4,1920,1080,0.023,1206.5,127.2
Round3,Q2,288,288.0,JAMESON,0.8369,1697.1,129.2,43.4,13.2,1920,1080,0.028,1718.8,135.8
Round3,Q2,288,288.0,JAMESON,0.8368,1327.8,122.6,39.9,12.0,1920,1080,0.023,1347.8,128.6
Round3,Q2,288,288.0,JAMESON,0.8353,726.7,124.2,40.1,11.7,1920,1080,0.023,746.7,130.1
Round3,Q2,288,288.0,JAMESON,0.8342,30.0,144.2,46.4,13.3,1920,1080,0.03,53.3,150.8
Round3,Q2,288,288.0,JAMESON,0.8336,1178.0,201.8,45.2,15.1,1920,1080,0.033,1200.6,209.4
Round3,Q2,288,288.0,JAMESON,0.8318,654.4,125.4,39.6,12.4,1920,1080,0.024,674.2,131.6
Round3,Q2,288,288.0,JAMESON,0.8315,117.3,140.8,44.6,13.7,1920,1080,0.03,139.6,147.6
Round3,Q2,288,288.0,JAMESON,0.8306,1855.5,133.0,45.9,13.2,1920,1080,0.029,1878.4,139.6
Round3,Q2,288,288.0,JAMESON,0.8302,270.3,222.5,46.5,15.8,1920,1080,0.035,293.5,230.4
Round3,Q2,288,288.0,JAMESON,0.83,582.6,127.1,40.2,12.4,1920,1080,0.024,602.7,133.3
Round3,Q2,288,288.0,JAMESON,0.8298,1545.5,125.9,40.7,12.7,1920,1080,0.025,1565.9,132.2
Round3,Q2,288,288.0,JAMESON,0.8297,1010.5,121.2,38.6,11.7,1920,1080,0.022,1029.8,127.1
Round3,Q2,288,288.0,JAMESON,0.8287,1588.0,210.4,47.0,14.9,1920,1080,0.034,1611.4,217.9
Round3,Q2,288,288.0,JAMESON,0.8277,1776.4,130.9,42.3,12.7,1920,1080,0.026,1797.5,137.2
Round3,Q2,288,288.0,JAMESON,0.826,89.0,233.4,49.5,16.5,1920,1080,0.039,113.7,241.6
Round3,Q2,288,288.0,JAMESON,0.8242,1421.8,206.3,44.0,14.0,1920,1080,0.03,1443.8,213.3
Round3,Q2,288,288.0,JAMESON,0.8237,614.2,208.6,44.2,14.6,1920,1080,0.031,636.3,215.9
Round3,Q2,288,288.0,JAMESON,0.8194,366.4,218.1,41.4,13.8,1920,1080,0.027,387.1,224.9
Round3,Q2,288,288.0,JAMESON,0.8185,532.9,210.6,45.6,15.2,1920,1080,0.033,555.7,218.2
Round3,Q2,288,288.0,JAMESON,0.816,1548.6,0.6,35.2,9.1,1920,1080,0.015,1566.2,5.2
Round3,Q2,288,288.0,JAMESON,0.8157,699.9,1.1,33.1,8.5,1920,1080,0.014,716.4,5.3
Round3,Q2,288,288.0,JAMESON,0.8145,541.2,1.2,36.5,9.1,1920,1080,0.016,559.4,5.7
Round3,Q2,288,288.0,JAMESON,0.8136,206.8,1.4,37.2,10.1,1920,1080,0.018,225.4,6.4
Round3,Q2,288,288.0,JAMESON,0.8107,930.1,0.6,33.2,8.4,1920,1080,0.014,946.7,4.8
Round3,Q2,288,288.0,JAMESON,0.8103,1471.5,124.6,42.5,12.4,1920,1080,0.025,1492.7,130.8
Round3,Q2,288,288.0,JAMESON,0.8036,379.1,1.7,35.1,9.6,1920,1080,0.016,396.6,6.5
Round3,Q2,288,288.0,JAMESON,0.8004,1313.1,0.6,34.0,8.5,1920,1080,0.014,1330.1,4.9
Round3,Q2,288,288.0,JAMESON,0.799,778.0,0.6,31.8,8.7,1920,1080,0.013,793.9,4.9
Round3,Q2,288,288.0,JAMESON,0.7969,1083.0,0.6,32.8,9.0,1920,1080,0.014,1099.4,5.1
Round3,Q2,288,288.0,JAMESON,0.7965,293.9,1.7,35.8,9.9,1920,1080,0.017,311.8,6.6
Round3,Q2,288,288.0,JAMESON,0.7964,1852.7,218.8,49.7,15.8,1920,1080,0.038,1877.5,226.7
Round3,Q2,288,288.0,JAMESON,0.7881,622.1,1.1,32.6,9.2,1920,1080,0.014,638.4,5.7
Round3,Q2,288,288.0,JAMESON,0.7862,461.2,1.8,34.1,9.2,1920,1080,0.015,478.3,6.3
Round3,Q2,288,288.0,JAMESON,0.786,1390.7,0.3,34.4,9.4,1920,1080,0.016,1407.9,5.0
Round3,Q2,288,288.0,JAMESON,0.7737,1469.9,0.5,34.7,8.9,1920,1080,0.015,1487.2,5.0
Round3,Q2,288,288.0,JAMESON,0.7725,853.6,0.6,34.8,8.6,1920,1080,0.014,871.0,4.9
Round3,Q2,288,288.0,JAMESON,0.7687,1159.1,0.7,36.3,9.1,1920,1080,0.016,1177.2,5.2
Round3,Q2,288,288.0,JAMESON,0.7684,1235.6,0.4,33.5,9.0,1920,1080,0.015,1252.3,4.9
Round3,Q2,288,288.0,JAMESON,0.7684,1631.4,0.2,35.9,9.0,1920,1080,0.016,1649.4,4.7
Round3,Q2,288,288.0,JAMESON,0.7633,1715.0,0.2,36.1,9.4,1920,1080,0.016,1733.1,4.9
Round3,Q2,288,288.0,JAMESON,0.7535,1007.3,0.5,32.5,8.2,1920,1080,0.013,1023.6,4.6
Round3,Q2,288,288.0,JAMESON,0.751,1801.2,0.0,37.4,8.6,1920,1080,0.015,1820.0,4.3
Round3,Q2,288,288.0,JAMESON,0.7497,115.8,0.4,38.0,9.7,1920,1080,0.018,134.8,5.3
Round3,Q2,288,288.0,JAMESON,0.7182,182.8,228.4,44.3,14.2,1920,1080,0.03,205.0,235.5
Round3,Q2,288,288.0,JAMESON,0.5799,1506.1,207.4,44.5,15.2,1920,1080,0.033,1528.3,215.0
Round3,Q2,288,288.0,JAMESON,0.4852,21.5,0.3,38.8,8.5,1920,1080,0.016,40.9,4.5
Round3,Q2,288,288.0,JAMESON,0.3587,1897.1,0.0,22.6,7.0,1920,1080,0.008,1908.3,3.5
Round3,Q2,289,289.0,JAMESON,0.8662,1408.6,202.7,44.7,14.3,1920,1080,0.031,1431.0,209.8
Round3,Q2,289,289.0,JAMESON,0.8629,1853.6,213.5,51.0,16.3,1920,1080,0.04,1879.0,221.6
Round3,Q2,289,289.0,JAMESON,0.8586,743.7,202.1,44.4,14.3,1920,1080,0.031,765.9,209.2
Round3,Q2,289,289.0,JAMESON,0.857,1323.2,200.7,46.2,15.0,1920,1080,0.033,1346.3,208.2
Round3,Q2,289,289.0,JAMESON,0.8536,1614.3,120.5,43.0,13.1,1920,1080,0.027,1635.8,127.0
Round3,Q2,289,289.0,JAMESON,0.8536,616.1,120.2,39.2,12.0,1920,1080,0.023,635.7,126.2
Round3,Q2,289,289.0,JAMESON,0.8533,462.8,123.6,41.5,12.7,1920,1080,0.025,483.6,129.9
Round3,Q2,289,289.0,JAMESON,0.8523,1760.8,211.0,49.2,16.0,1920,1080,0.038,1785.4,219.0
Round3,Q2,289,289.0,JAMESON,0.8497,137.3,132.0,45.4,13.6,1920,1080,0.03,160.0,138.8
Round3,Q2,289,289.0,JAMESON,0.8465,660.6,204.7,43.3,13.6,1920,1080,0.028,682.3,211.5
Round3,Q2,289,289.0,JAMESON,0.845,1693.6,122.1,42.5,13.5,1920,1080,0.028,1714.9,128.9
Round3,Q2,289,289.0,JAMESON,0.8445,1535.8,119.1,42.6,13.0,1920,1080,0.027,1557.1,125.6
Round3,Q2,289,289.0,JAMESON,0.844,1581.1,206.3,46.8,15.3,1920,1080,0.035,1604.5,214.0
Round3,Q2,289,289.0,JAMESON,0.8438,305.5,127.0,41.8,13.5,1920,1080,0.027,326.4,133.8
Round3,Q2,289,289.0,JAMESON,0.8438,1857.7,124.4,45.7,14.2,1920,1080,0.031,1880.5,131.4
Round3,Q2,289,289.0,JAMESON,0.8416,384.2,125.1,42.5,13.1,1920,1080,0.027,405.4,131.7
Round3,Q2,289,289.0,JAMESON,0.8392,50.0,133.6,46.6,13.9,1920,1080,0.031,73.3,140.6
Round3,Q2,289,289.0,JAMESON,0.839,836.6,116.2,41.4,12.1,1920,1080,0.024,857.4,122.2
Round3,Q2,289,289.0,JAMESON,0.8389,1384.9,117.1,42.0,12.9,1920,1080,0.026,1406.0,123.6
Round3,Q2,289,289.0,JAMESON,0.8386,690.2,118.3,39.8,12.0,1920,1080,0.023,710.2,124.4
Round3,Q2,289,289.0,JAMESON,0.8385,910.5,115.7,39.8,12.2,1920,1080,0.023,930.4,121.8
Round3,Q2,289,289.0,JAMESON,0.8377,982.7,115.0,40.1,12.2,1920,1080,0.024,1002.7,121.1
Round3,Q2,289,289.0,JAMESON,0.8367,313.8,215.3,43.6,14.5,1920,1080,0.03,335.5,222.5
Round3,Q2,289,289.0,JAMESON,0.8342,992.2,198.9,44.4,14.1,1920,1080,0.03,1014.5,205.9
Round3,Q2,289,289.0,JAMESON,0.8333,909.8,198.8,45.9,14.8,1920,1080,0.033,932.8,206.2
Round3,Q2,289,289.0,JAMESON,0.833,1774.8,123.6,44.7,13.2,1920,1080,0.028,1797.1,130.2
Round3,Q2,289,289.0,JAMESON,0.8318,1074.4,198.4,44.2,14.1,1920,1080,0.03,1096.5,205.5
Round3,Q2,289,289.0,JAMESON,0.8309,764.0,117.4,39.8,12.0,1920,1080,0.023,783.9,123.4
Round3,Q2,289,289.0,JAMESON,0.8294,1056.0,115.1,40.7,12.7,1920,1080,0.025,1076.3,121.4
Round3,Q2,289,289.0,JAMESON,0.8292,22.5,230.7,50.4,15.9,1920,1080,0.039,47.7,238.7
Round3,Q2,289,289.0,JAMESON,0.8288,222.4,129.7,44.8,13.3,1920,1080,0.029,244.8,136.4
Round3,Q2,289,289.0,JAMESON,0.8288,1166.4,115.2,39.0,12.4,1920,1080,0.023,1185.9,121.4
Round3,Q2,289,289.0,JAMESON,0.8271,827.7,199.7,43.5,14.4,1920,1080,0.03,849.5,206.9
Round3,Q2,289,289.0,JAMESON,0.8261,1668.7,208.2,49.4,16.3,1920,1080,0.039,1693.4,216.3
Round3,Q2,289,289.0,JAMESON,0.8257,399.3,211.0,48.5,15.9,1920,1080,0.037,423.6,219.0
Round3,Q2,289,289.0,JAMESON,0.8245,540.1,121.7,41.1,12.5,1920,1080,0.025,560.6,128.0
Round3,Q2,289,289.0,JAMESON,0.8209,214.3,219.5,47.4,16.2,1920,1080,0.037,238.1,227.6
Round3,Q2,289,289.0,JAMESON,0.8197,1157.2,199.2,44.9,14.4,1920,1080,0.031,1179.6,206.4
Round3,Q2,289,289.0,JAMESON,0.8166,1238.0,115.8,40.3,12.2,1920,1080,0.024,1258.2,121.9
Round3,Q2,289,289.0,JAMESON,0.8073,1459.2,117.5,43.9,13.5,1920,1080,0.029,1481.1,124.3
Round3,Q2,289,289.0,JAMESON,0.8065,488.4,208.2,45.7,14.5,1920,1080,0.032,511.2,215.5
Round3,Q2,289,289.0,JAMESON,0.8021,1311.7,115.8,39.8,12.8,1920,1080,0.025,1331.6,122.2
Round3,Q2,289,289.0,JAMESON,0.7981,574.4,206.3,46.1,15.4,1920,1080,0.034,597.4,214.0
Round3,Q2,289,289.0,JAMESON,0.6714,120.5,225.4,47.1,15.7,1920,1080,0.036,144.1,233.2
Round3,Q2,289,289.0,JAMESON,0.592,1494.4,204.4,43.8,13.8,1920,1080,0.029,1516.3,211.3
Round3,Q2,289,289.0,JAMESON,0.5667,0.0,135.3,10.4,15.4,1920,1080,0.008,5.2,143.0
Round3,Q2,289,289.0,JAMESON,0.328,1240.5,200.1,45.4,13.8,1920,1080,0.03,1263.3,207.0
Round3,Q2,290,290.0,JAMESON,0.8658,1845.8,200.8,52.2,16.5,1920,1080,0.042,1871.9,209.0
Round3,Q2,290,290.0,JAMESON,0.8627,791.9,189.0,46.7,14.9,1920,1080,0.033,815.2,196.5
Round3,Q2,290,290.0,JAMESON,0.8625,1390.1,190.8,45.5,14.9,1920,1080,0.033,1412.9,198.3
Round3,Q2,290,290.0,JAMESON,0.8566,1679.7,107.2,45.9,13.9,1920,1080,0.031,1702.7,114.2
Round3,Q2,290,290.0,JAMESON,0.856,707.6,191.4,46.4,15.2,1920,1080,0.034,730.8,199.0
Round3,Q2,290,290.0,JAMESON,0.8535,620.5,194.1,46.6,14.1,1920,1080,0.032,643.8,201.1
Round3,Q2,290,290.0,JAMESON,0.8519,1749.0,198.5,52.8,16.4,1920,1080,0.042,1775.4,206.7
Round3,Q2,290,290.0,JAMESON,0.8511,1217.6,188.1,45.4,14.9,1920,1080,0.033,1240.3,195.6
Round3,Q2,290,290.0,JAMESON,0.851,351.2,200.6,48.7,15.2,1920,1080,0.036,375.6,208.2
Round3,Q2,290,290.0,JAMESON,0.8482,251.4,112.7,44.8,14.2,1920,1080,0.031,273.8,119.8
Round3,Q2,290,290.0,JAMESON,0.8467,1300.8,189.2,48.6,15.2,1920,1080,0.036,1325.1,196.8
Round3,Q2,290,290.0,JAMESON,0.8464,1764.1,108.2,46.0,14.0,1920,1080,0.031,1787.1,115.2
Round3,Q2,290,290.0,JAMESON,0.8452,876.0,187.8,47.9,15.3,1920,1080,0.035,900.0,195.5
Round3,Q2,290,290.0,JAMESON,0.8447,1046.1,187.3,46.9,14.7,1920,1080,0.033,1069.5,194.6
Round3,Q2,290,290.0,JAMESON,0.8411,495.9,107.6,43.2,13.3,1920,1080,0.028,517.4,114.3
Round3,Q2,290,290.0,JAMESON,0.8384,726.8,104.2,41.9,12.2,1920,1080,0.025,747.8,110.3
Round3,Q2,290,290.0,JAMESON,0.8382,878.1,102.1,41.1,12.5,1920,1080,0.025,898.6,108.4
Round3,Q2,290,290.0,JAMESON,0.8376,334.6,111.5,44.0,13.2,1920,1080,0.028,356.6,118.1
Round3,Q2,290,290.0,JAMESON,0.8362,574.2,106.7,42.5,12.3,1920,1080,0.025,595.4,112.9
Round3,Q2,290,290.0,JAMESON,0.8343,1214.0,101.8,42.0,12.8,1920,1080,0.026,1235.0,108.2
Round3,Q2,290,290.0,JAMESON,0.8336,803.2,103.0,40.2,12.3,1920,1080,0.024,823.3,109.1
Round3,Q2,290,290.0,JAMESON,0.832,1519.8,104.7,45.4,13.5,1920,1080,0.03,1542.5,111.5
Round3,Q2,290,290.0,JAMESON,0.8311,1600.7,105.5,42.6,13.9,1920,1080,0.029,1622.1,112.5
Round3,Q2,290,290.0,JAMESON,0.8306,1364.4,102.6,43.5,13.8,1920,1080,0.029,1386.1,109.5
Round3,Q2,290,290.0,JAMESON,0.8299,415.9,109.6,43.7,13.2,1920,1080,0.028,437.7,116.2
Round3,Q2,290,290.0,JAMESON,0.8297,651.1,105.1,41.5,12.1,1920,1080,0.024,671.8,111.1
Round3,Q2,290,290.0,JAMESON,0.8286,76.1,116.5,47.1,14.4,1920,1080,0.033,99.7,123.7
Round3,Q2,290,290.0,JAMESON,0.8283,1140.6,100.9,40.2,13.1,1920,1080,0.025,1160.7,107.4
Round3,Q2,290,290.0,JAMESON,0.8276,1564.8,194.4,49.2,15.7,1920,1080,0.037,1589.4,202.3
Round3,Q2,290,290.0,JAMESON,0.8263,961.9,188.1,45.4,14.6,1920,1080,0.032,984.6,195.4
Round3,Q2,290,290.0,JAMESON,0.8261,1442.1,104.2,42.3,12.5,1920,1080,0.026,1463.2,110.5
Round3,Q2,290,290.0,JAMESON,0.8261,531.6,195.5,48.9,15.6,1920,1080,0.037,556.1,203.3
Round3,Q2,290,290.0,JAMESON,0.8251,1655.9,195.8,50.9,16.7,1920,1080,0.041,1681.4,204.1
Round3,Q2,290,290.0,JAMESON,0.8241,1849.9,109.4,48.5,14.4,1920,1080,0.034,1874.1,116.7
Round3,Q2,290,290.0,JAMESON,0.8238,1289.8,102.6,40.3,12.3,1920,1080,0.024,1309.9,108.7
Round3,Q2,290,290.0,JAMESON,0.8236,443.3,197.7,46.9,15.1,1920,1080,0.034,466.8,205.2
Round3,Q2,290,290.0,JAMESON,0.823,1131.5,187.8,47.0,15.1,1920,1080,0.034,1155.0,195.3
Round3,Q2,290,290.0,JAMESON,0.8228,1028.1,101.2,41.0,13.0,1920,1080,0.026,1048.6,107.7
Round3,Q2,290,290.0,JAMESON,0.8216,165.1,114.8,46.5,14.2,1920,1080,0.032,188.4,121.9
Round3,Q2,290,290.0,JAMESON,0.8129,953.1,101.3,40.0,12.4,1920,1080,0.024,973.1,107.6
Round3,Q2,290,290.0,JAMESON,0.8098,156.3,209.0,50.1,15.9,1920,1080,0.038,181.4,216.9
Round3,Q2,290,290.0,JAMESON,0.806,259.4,204.3,48.3,15.2,1920,1080,0.035,283.6,211.9
Round3,Q2,290,290.0,JAMESON,0.7996,0.0,118.1,30.1,13.8,1920,1080,0.02,15.0,125.0
Round3,Q2,290,290.0,JAMESON,0.7179,58.2,214.1,36.3,15.5,1920,1080,0.027,76.4,221.9
Round3,Q2,290,290.0,JAMESON,0.6762,1476.3,192.1,46.4,14.9,1920,1080,0.033,1499.5,199.5
Round3,Q2,290,290.0,JAMESON,0.5764,0.0,218.3,10.8,16.6,1920,1080,0.009,5.4,226.6
Round3,Q2,291,291.0,JAMESON,0.8698,913.0,202.2,45.2,14.0,1920,1080,0.03,935.6,209.2
Round3,Q2,291,291.0,JAMESON,0.8675,1764.4,213.8,49.0,15.6,1920,1080,0.037,1788.9,221.6
Round3,Q2,291,291.0,JAMESON,0.8623,1243.6,202.3,44.5,14.6,1920,1080,0.031,1265.8,209.6
Round3,Q2,291,291.0,JAMESON,0.8591,995.6,202.0,44.5,14.0,1920,1080,0.03,1017.9,209.0
Round3,Q2,291,291.0,JAMESON,0.8521,618.6,123.5,39.9,11.3,1920,1080,0.022,638.5,129.1
Round3,Q2,291,291.0,JAMESON,0.8458,831.0,203.5,43.2,13.9,1920,1080,0.029,852.6,210.4
Round3,Q2,291,291.0,JAMESON,0.8446,1076.2,201.4,47.0,14.5,1920,1080,0.033,1099.7,208.6
Round3,Q2,291,291.0,JAMESON,0.8405,1241.6,118.3,39.8,12.0,1920,1080,0.023,1261.5,124.3
Round3,Q2,291,291.0,JAMESON,0.8401,1618.7,123.4,42.2,12.2,1920,1080,0.025,1639.8,129.5
Round3,Q2,291,291.0,JAMESON,0.8397,306.4,130.4,44.2,13.0,1920,1080,0.028,328.5,136.9
Round3,Q2,291,291.0,JAMESON,0.8387,1160.3,201.6,45.7,14.7,1920,1080,0.032,1183.1,208.9
Round3,Q2,291,291.0,JAMESON,0.8381,1387.5,119.6,43.1,13.2,1920,1080,0.027,1409.1,126.2
Round3,Q2,291,291.0,JAMESON,0.8363,1674.2,211.3,47.5,15.1,1920,1080,0.035,1697.9,218.8
Round3,Q2,291,291.0,JAMESON,0.8355,1465.2,120.7,40.3,12.6,1920,1080,0.024,1485.4,127.0
Round3,Q2,291,291.0,JAMESON,0.8354,1697.2,124.5,43.4,13.3,1920,1080,0.028,1718.9,131.1
Round3,Q2,291,291.0,JAMESON,0.8318,1412.7,205.4,45.3,14.2,1920,1080,0.031,1435.4,212.5
Round3,Q2,291,291.0,JAMESON,0.8309,141.8,135.0,43.7,12.9,1920,1080,0.027,163.6,141.4
Round3,Q2,291,291.0,JAMESON,0.8287,492.4,211.7,45.5,14.6,1920,1080,0.032,515.1,219.0
Round3,Q2,291,291.0,JAMESON,0.8277,1314.1,118.7,41.0,12.7,1920,1080,0.025,1334.6,125.0
Round3,Q2,291,291.0,JAMESON,0.8273,388.2,128.0,41.9,12.7,1920,1080,0.026,409.1,134.3
Round3,Q2,291,291.0,JAMESON,0.8272,692.2,121.4,40.5,12.0,1920,1080,0.023,712.5,127.4
Round3,Q2,291,291.0,JAMESON,0.8265,1540.1,121.8,42.7,12.7,1920,1080,0.026,1561.4,128.2
Round3,Q2,291,291.0,JAMESON,0.8262,403.3,215.1,45.9,14.3,1920,1080,0.032,426.2,222.2
Round3,Q2,291,291.0,JAMESON,0.823,767.6,120.2,39.4,12.1,1920,1080,0.023,787.3,126.3
Round3,Q2,291,291.0,JAMESON,0.8229,217.0,223.4,47.5,15.3,1920,1080,0.035,240.8,231.1
Round3,Q2,291,291.0,JAMESON,0.8223,1584.1,209.0,46.6,15.2,1920,1080,0.034,1607.4,216.6
Round3,Q2,291,291.0,JAMESON,0.8202,542.2,124.4,42.1,12.3,1920,1080,0.025,563.3,130.5
Round3,Q2,291,291.0,JAMESON,0.8174,1862.8,127.2,44.9,13.3,1920,1080,0.029,1885.3,133.8
Round3,Q2,291,291.0,JAMESON,0.8146,1168.8,117.7,39.5,12.5,1920,1080,0.024,1188.6,123.9
Round3,Q2,291,291.0,JAMESON,0.8141,1060.0,118.1,40.4,11.8,1920,1080,0.023,1080.2,123.9
Round3,Q2,291,291.0,JAMESON,0.8116,226.0,132.9,43.6,12.6,1920,1080,0.027,247.8,139.2
Round3,Q2,291,291.0,JAMESON,0.8116,1860.0,216.4,49.8,15.5,1920,1080,0.037,1884.9,224.2
Round3,Q2,291,291.0,JAMESON,0.8105,1780.0,125.6,42.7,13.0,1920,1080,0.027,1801.4,132.1
Round3,Q2,291,291.0,JAMESON,0.8096,914.0,118.5,40.0,11.7,1920,1080,0.022,934.0,124.4
Round3,Q2,291,291.0,JAMESON,0.8081,25.1,234.4,51.4,15.7,1920,1080,0.039,50.8,242.2
Round3,Q2,291,291.0,JAMESON,0.807,841.3,119.3,39.2,11.7,1920,1080,0.022,860.9,125.1
Round3,Q2,291,291.0,JAMESON,0.8068,465.8,126.2,41.3,12.5,1920,1080,0.025,486.4,132.4
Round3,Q2,291,291.0,JAMESON,0.8043,663.0,208.0,45.4,13.9,1920,1080,0.03,685.6,214.9
Round3,Q2,291,291.0,JAMESON,0.8037,746.2,205.9,44.9,13.6,1920,1080,0.029,768.6,212.6
Round3,Q2,291,291.0,JAMESON,0.802,52.8,136.4,46.3,14.3,1920,1080,0.032,76.0,143.6
Round3,Q2,291,291.0,JAMESON,0.7903,987.2,118.2,39.4,11.7,1920,1080,0.022,1006.9,124.0
Round3,Q2,291,291.0,JAMESON,0.7875,314.6,219.1,44.7,13.8,1920,1080,0.03,336.9,226.0
Round3,Q2,291,291.0,JAMESON,0.7711,577.2,209.4,45.3,15.0,1920,1080,0.033,599.9,216.9
Round3,Q2,291,291.0,JAMESON,0.7549,124.5,229.2,47.4,15.1,1920,1080,0.035,148.2,236.8
Round3,Q2,291,291.0,JAMESON,0.5611,1326.9,204.1,45.1,14.3,1920,1080,0.031,1349.5,211.3
Round3,Q2,291,291.0,JAMESON,0.548,0.0,138.7,9.9,14.5,1920,1080,0.007,4.9,146.0
Round3,Q2,291,291.0,JAMESON,0.5435,1500.7,206.4,44.1,15.3,1920,1080,0.033,1522.8,214.1
Round3,Q2,292,292.0,JAMESON,0.8662,546.7,217.0,42.0,12.8,1920,1080,0.026,567.7,223.4
Round3,Q2,292,292.0,JAMESON,0.8573,636.9,300.3,44.5,14.4,1920,1080,0.031,659.1,307.5
Round3,Q2,292,292.0,JAMESON,0.8554,222.8,226.8,43.5,13.3,1920,1080,0.028,244.6,233.4
Round3,Q2,292,292.0,JAMESON,0.8554,1666.8,298.6,47.5,15.0,1920,1080,0.034,1690.6,306.1
Round3,Q2,292,292.0,JAMESON,0.8552,469.6,219.6,41.6,12.1,1920,1080,0.024,490.5,225.6
Round3,Q2,292,292.0,JAMESON,0.8526,138.1,230.0,44.5,12.8,1920,1080,0.028,160.3,236.4
Round3,Q2,292,292.0,JAMESON,0.8523,1075.1,208.4,39.8,11.2,1920,1080,0.021,1095.0,213.9
Round3,Q2,292,292.0,JAMESON,0.8511,1722.5,75.4,37.3,10.8,1920,1080,0.019,1741.1,80.8
Round3,Q2,292,292.0,JAMESON,0.8492,1147.6,207.9,40.0,11.7,1920,1080,0.022,1167.6,213.8
Round3,Q2,292,292.0,JAMESON,0.849,1297.9,208.0,40.8,11.4,1920,1080,0.022,1318.3,213.7
Round3,Q2,292,292.0,JAMESON,0.8483,724.3,298.1,44.2,14.0,1920,1080,0.03,746.4,305.0
Round3,Q2,292,292.0,JAMESON,0.8471,701.1,213.4,39.9,12.1,1920,1080,0.023,721.1,219.4
Round3,Q2,292,292.0,JAMESON,0.8419,456.6,307.6,45.0,15.1,1920,1080,0.033,479.0,315.1
Round3,Q2,292,292.0,JAMESON,0.8419,625.2,215.0,41.4,12.7,1920,1080,0.025,645.9,221.4
Round3,Q2,292,292.0,JAMESON,0.8411,894.1,295.2,44.3,14.2,1920,1080,0.03,916.2,302.3
Round3,Q2,292,292.0,JAMESON,0.8406,777.2,211.9,39.7,11.8,1920,1080,0.023,797.1,217.8
Round3,Q2,292,292.0,JAMESON,0.8406,1576.9,297.2,46.7,14.2,1920,1080,0.032,1600.3,304.4
Round3,Q2,292,292.0,JAMESON,0.8388,1634.8,76.7,37.1,10.5,1920,1080,0.019,1653.4,82.0
Round3,Q2,292,292.0,JAMESON,0.8387,1488.3,295.1,45.5,14.5,1920,1080,0.032,1511.1,302.4
Round3,Q2,292,292.0,JAMESON,0.838,1410.5,208.2,42.0,12.0,1920,1080,0.024,1431.5,214.2
Round3,Q2,292,292.0,JAMESON,0.8365,89.7,333.0,49.2,15.9,1920,1080,0.038,114.3,341.0
Round3,Q2,292,292.0,JAMESON,0.836,737.7,80.5,34.6,10.1,1920,1080,0.017,755.0,85.5
Round3,Q2,292,292.0,JAMESON,0.8352,48.4,233.0,45.7,14.1,1920,1080,0.031,71.2,240.0
Round3,Q2,292,292.0,JAMESON,0.8347,818.8,80.3,34.0,10.0,1920,1080,0.016,835.8,85.3
Round3,Q2,292,292.0,JAMESON,0.834,1812.4,74.1,40.0,10.7,1920,1080,0.021,1832.4,79.5
Round3,Q2,292,292.0,JAMESON,0.8337,1314.1,292.8,46.3,14.5,1920,1080,0.032,1337.2,300.1
Round3,Q2,292,292.0,JAMESON,0.8332,1806.5,212.0,45.1,12.6,1920,1080,0.027,1829.0,218.2
Round3,Q2,292,292.0,JAMESON,0.8327,1642.5,210.2,43.6,12.3,1920,1080,0.026,1664.3,216.4
Round3,Q2,292,292.0,JAMESON,0.8309,400.2,81.1,37.3,11.3,1920,1080,0.02,418.9,86.8
Round3,Q2,292,292.0,JAMESON,0.8305,1062.1,292.3,44.1,14.1,1920,1080,0.03,1084.1,299.3
Round3,Q2,292,292.0,JAMESON,0.8301,1854.1,303.1,50.5,15.1,1920,1080,0.037,1879.4,310.6
Round3,Q2,292,292.0,JAMESON,0.8299,185.1,325.0,44.1,15.6,1920,1080,0.033,207.2,332.8
Round3,Q2,292,292.0,JAMESON,0.8297,925.8,209.4,40.7,11.7,1920,1080,0.023,946.1,215.3
Round3,Q2,292,292.0,JAMESON,0.8283,1000.4,209.0,39.8,11.6,1920,1080,0.022,1020.3,214.8
Round3,Q2,292,292.0,JAMESON,0.8279,1222.8,207.6,41.2,11.8,1920,1080,0.023,1243.4,213.5
Round3,Q2,292,292.0,JAMESON,0.8269,1145.4,292.4,45.0,14.0,1920,1080,0.03,1167.9,299.4
Round3,Q2,292,292.0,JAMESON,0.8268,276.9,317.6,46.5,15.3,1920,1080,0.034,300.1,325.3
Round3,Q2,292,292.0,JAMESON,0.8264,572.4,81.0,33.9,10.4,1920,1080,0.017,589.4,86.2
Round3,Q2,292,292.0,JAMESON,0.825,23.7,77.0,42.7,11.8,1920,1080,0.024,45.0,82.9
Round3,Q2,292,292.0,JAMESON,0.8241,219.8,80.1,38.6,11.5,1920,1080,0.021,239.0,85.9
Round3,Q2,292,292.0,JAMESON,0.8229,1564.2,209.4,42.6,12.0,1920,1080,0.025,1585.5,215.4
Round3,Q2,292,292.0,JAMESON,0.8228,307.9,223.5,43.0,13.8,1920,1080,0.029,329.4,230.4
Round3,Q2,292,292.0,JAMESON,0.8224,978.6,293.7,43.8,14.2,1920,1080,0.03,1000.5,300.8
Round3,Q2,292,292.0,JAMESON,0.8216,850.9,210.6,39.8,11.8,1920,1080,0.023,870.8,216.5
Round3,Q2,292,292.0,JAMESON,0.8205,1722.9,210.7,45.6,12.8,1920,1080,0.028,1745.7,217.1
Round3,Q2,292,292.0,JAMESON,0.8203,807.5,295.8,45.1,15.0,1920,1080,0.033,830.0,303.3
Round3,Q2,292,292.0,JAMESON,0.8195,1548.8,77.6,37.8,10.5,1920,1080,0.019,1567.7,82.8
Round3,Q2,292,292.0,JAMESON,0.818,655.8,80.6,34.7,10.6,1920,1080,0.018,673.2,85.9
Round3,Q2,292,292.0,JAMESON,0.8159,1485.8,208.7,43.3,12.5,1920,1080,0.026,1507.4,214.9
Round3,Q2,292,292.0,JAMESON,0.8158,125.5,78.9,38.9,11.5,1920,1080,0.022,145.0,84.7
Round3,Q2,292,292.0,JAMESON,0.8155,1230.6,292.9,44.4,13.8,1920,1080,0.03,1252.8,299.8
Round3,Q2,292,292.0,JAMESON,0.8113,388.3,221.0,42.4,13.4,1920,1080,0.027,409.5,227.7
Round3,Q2,292,292.0,JAMESON,0.809,1300.7,79.2,36.7,11.1,1920,1080,0.02,1319.0,84.7
Round3,Q2,292,292.0,JAMESON,0.8082,1401.4,293.7,47.2,14.5,1920,1080,0.033,1425.0,300.9
Round3,Q2,292,292.0,JAMESON,0.8067,552.6,303.2,43.2,14.6,1920,1080,0.03,574.2,310.5
Round3,Q2,292,292.0,JAMESON,0.806,1060.1,79.2,35.0,10.8,1920,1080,0.018,1077.6,84.6
Round3,Q2,292,292.0,JAMESON,0.7981,487.4,81.2,35.4,10.6,1920,1080,0.018,505.0,86.5
Round3,Q2,292,292.0,JAMESON,0.7974,980.8,79.7,33.8,10.3,1920,1080,0.017,997.7,84.9
Round3,Q2,292,292.0,JAMESON,0.7945,1893.8,212.5,26.2,12.9,1920,1080,0.016,1906.9,218.9
Round3,Q2,292,292.0,JAMESON,0.7927,312.0,80.9,36.6,10.7,1920,1080,0.019,330.3,86.2
Round3,Q2,292,292.0,JAMESON,0.7868,899.9,80.1,33.2,10.0,1920,1080,0.016,916.5,85.1
Round3,Q2,292,292.0,JAMESON,0.7656,1763.6,300.0,45.3,14.8,1920,1080,0.032,1786.2,307.4
Round3,Q2,292,292.0,JAMESON,0.7648,0.8,341.2,46.6,16.4,1920,1080,0.037,24.1,349.4
Round3,Q2,292,292.0,JAMESON,0.6988,1465.0,78.0,36.2,10.9,1920,1080,0.019,1483.1,83.5
Round3,Q2,292,292.0,JAMESON,0.6988,1140.5,79.3,34.3,10.7,1920,1080,0.018,1157.7,84.7
Round3,Q2,292,292.0,JAMESON,0.6314,369.9,313.3,38.0,13.8,1920,1080,0.025,388.9,320.2
Round3,Q2,292,292.0,JAMESON,0.614,1382.2,78.0,37.8,11.2,1920,1080,0.02,1401.1,83.6
Round3,Q2,292,292.0,JAMESON,0.5528,1220.3,78.0,34.0,10.6,1920,1080,0.017,1237.3,83.3
Round3,Q2,292,292.0,JAMESON,0.4576,1907.1,72.3,12.9,10.9,1920,1080,0.007,1913.5,77.8
Round3,Q2,292,292.0,JAMESON,0.4258,0.0,236.4,7.9,15.3,1920,1080,0.006,4.0,244.1
Round3,Q2,293,293.0,JAMESON,0.8824,746.1,308.5,52.6,17.3,1920,1080,0.044,772.4,317.1
Round3,Q2,293,293.0,JAMESON,0.8699,248.9,214.2,51.3,16.2,1920,1080,0.04,274.6,222.3
Round3,Q2,293,293.0,JAMESON,0.8598,200.7,332.7,53.6,18.9,1920,1080,0.049,227.5,342.2
Round3,Q2,293,293.0,JAMESON,0.8586,640.4,206.7,46.9,15.0,1920,1080,0.034,663.9,214.2
Round3,Q2,293,293.0,JAMESON,0.8582,824.7,203.4,47.0,14.8,1920,1080,0.034,848.2,210.9
Round3,Q2,293,293.0,JAMESON,0.8569,349.8,212.0,50.4,16.2,1920,1080,0.039,375.0,220.1
Round3,Q2,293,293.0,JAMESON,0.8564,1279.0,197.4,48.4,13.7,1920,1080,0.032,1303.2,204.3
Round3,Q2,293,293.0,JAMESON,0.8563,850.4,306.3,53.5,17.3,1920,1080,0.045,877.1,314.9
Round3,Q2,293,293.0,JAMESON,0.855,733.2,204.8,46.7,15.2,1920,1080,0.034,756.5,212.4
Round3,Q2,293,293.0,JAMESON,0.8536,915.9,201.9,48.2,14.6,1920,1080,0.034,940.0,209.2
Round3,Q2,293,293.0,JAMESON,0.8521,130.8,33.2,47.8,14.1,1920,1080,0.033,154.7,40.3
Round3,Q2,293,293.0,JAMESON,0.85,36.0,219.6,54.1,16.1,1920,1080,0.042,63.1,227.6
Round3,Q2,293,293.0,JAMESON,0.8494,1167.1,41.0,40.8,11.1,1920,1080,0.022,1187.5,46.6
Round3,Q2,293,293.0,JAMESON,0.8491,1158.6,302.9,54.2,17.2,1920,1080,0.045,1185.7,311.4
Round3,Q2,293,293.0,JAMESON,0.8482,530.1,315.7,52.0,17.4,1920,1080,0.044,556.1,324.3
Round3,Q2,293,293.0,JAMESON,0.8482,1007.1,201.3,46.3,13.8,1920,1080,0.031,1030.3,208.2
Round3,Q2,293,293.0,JAMESON,0.8476,1097.7,199.4,46.0,14.0,1920,1080,0.031,1120.7,206.4
Round3,Q2,293,293.0,JAMESON,0.8458,544.6,208.2,50.2,16.1,1920,1080,0.039,569.7,216.2
Round3,Q2,293,293.0,JAMESON,0.8457,639.1,310.8,56.0,18.2,1920,1080,0.049,667.1,319.9
Round3,Q2,293,293.0,JAMESON,0.8442,1472.7,301.9,54.4,16.5,1920,1080,0.043,1499.9,310.1
Round3,Q2,293,293.0,JAMESON,0.8423,1263.8,39.4,42.1,12.1,1920,1080,0.025,1284.8,45.4
Round3,Q2,293,293.0,JAMESON,0.8413,1578.8,301.3,57.6,17.3,1920,1080,0.048,1607.6,309.9
Round3,Q2,293,293.0,JAMESON,0.8401,1056.8,304.0,53.3,17.3,1920,1080,0.044,1083.5,312.7
Round3,Q2,293,293.0,JAMESON,0.8386,1782.5,28.1,45.8,11.7,1920,1080,0.026,1805.4,34.0
Round3,Q2,293,293.0,JAMESON,0.838,1366.3,301.4,54.3,16.8,1920,1080,0.044,1393.5,309.8
Round3,Q2,293,293.0,JAMESON,0.8379,1464.2,195.7,49.3,14.2,1920,1080,0.034,1488.9,202.8
Round3,Q2,293,293.0,JAMESON,0.8379,1559.2,195.9,50.8,13.9,1920,1080,0.034,1584.6,202.8
Round3,Q2,293,293.0,JAMESON,0.8368,1805.3,302.6,58.6,17.2,1920,1080,0.049,1834.6,311.2
Round3,Q2,293,293.0,JAMESON,0.8367,1187.8,198.7,46.4,13.9,1920,1080,0.031,1211.0,205.7
Round3,Q2,293,293.0,JAMESON,0.8365,1262.8,301.4,52.8,16.5,1920,1080,0.042,1289.2,309.7
Round3,Q2,293,293.0,JAMESON,0.8365,313.0,325.5,54.6,18.4,1920,1080,0.049,340.3,334.7
Round3,Q2,293,293.0,JAMESON,0.8355,244.9,36.6,46.1,13.8,1920,1080,0.031,267.9,43.5
Round3,Q2,293,293.0,JAMESON,0.8353,449.5,210.4,48.3,15.5,1920,1080,0.036,473.7,218.2
Round3,Q2,293,293.0,JAMESON,0.8346,1691.1,302.0,58.5,17.5,1920,1080,0.049,1720.4,310.8
Round3,Q2,293,293.0,JAMESON,0.8337,1705.5,193.8,50.5,14.4,1920,1080,0.035,1730.7,200.9
Round3,Q2,293,293.0,JAMESON,0.8313,1464.0,36.2,42.8,12.2,1920,1080,0.025,1485.4,42.3
Round3,Q2,293,293.0,JAMESON,0.831,357.3,39.1,44.9,13.2,1920,1080,0.029,379.7,45.7
Round3,Q2,293,293.0,JAMESON,0.8309,1371.1,197.0,48.0,13.8,1920,1080,0.032,1395.1,203.9
Round3,Q2,293,293.0,JAMESON,0.8297,1364.5,38.3,40.9,11.6,1920,1080,0.023,1384.9,44.1
Round3,Q2,293,293.0,JAMESON,0.8296,569.1,42.2,41.7,12.3,1920,1080,0.025,590.0,48.4
Round3,Q2,293,293.0,JAMESON,0.8295,1806.3,192.7,52.8,14.9,1920,1080,0.038,1832.7,200.1
Round3,Q2,293,293.0,JAMESON,0.8287,463.0,40.6,44.1,13.3,1920,1080,0.028,485.1,47.3
Round3,Q2,293,293.0,JAMESON,0.828,1067.2,41.8,40.9,11.5,1920,1080,0.023,1087.7,47.5
Round3,Q2,293,293.0,JAMESON,0.828,6.7,28.7,50.6,14.5,1920,1080,0.035,32.0,35.9
Round3,Q2,293,293.0,JAMESON,0.8274,1568.3,34.5,43.8,12.1,1920,1080,0.026,1590.2,40.5
Round3,Q2,293,293.0,JAMESON,0.8268,144.3,217.0,54.4,16.2,1920,1080,0.043,171.5,225.1
Round3,Q2,293,293.0,JAMESON,0.8249,671.0,42.2,40.2,12.2,1920,1080,0.024,691.1,48.3
Round3,Q2,293,293.0,JAMESON,0.8238,771.7,42.4,41.1,12.1,1920,1080,0.024,792.3,48.4
Round3,Q2,293,293.0,JAMESON,0.8204,86.2,341.3,57.6,19.5,1920,1080,0.054,115.0,351.0
Round3,Q2,293,293.0,JAMESON,0.8203,869.4,42.1,41.5,12.1,1920,1080,0.024,890.1,48.1
Round3,Q2,293,293.0,JAMESON,0.8152,1672.5,31.8,44.7,12.2,1920,1080,0.026,1694.9,37.9
Round3,Q2,293,293.0,JAMESON,0.8108,969.3,42.1,40.6,12.0,1920,1080,0.023,989.6,48.1
Round3,Q2,293,293.0,JAMESON,0.7919,952.9,305.3,53.3,16.9,1920,1080,0.043,979.6,313.8
Round3,Q2,293,293.0,JAMESON,0.7533,422.1,320.5,50.6,18.3,1920,1080,0.045,447.4,329.6
Round3,Q2,293,293.0,JAMESON,0.6875,1895.1,22.5,24.8,12.7,1920,1080,0.015,1907.5,28.8
Round3,Q2,293,293.0,JAMESON,0.3901,0.0,348.0,31.2,19.6,1920,1080,0.03,15.6,357.8
Round3,Q2,294,294.0,JAMESON,0.888,1679.1,284.0,62.5,19.5,1920,1080,0.059,1710.4,293.8
Round3,Q2,294,294.0,JAMESON,0.8825,1560.3,285.2,58.8,18.4,1920,1080,0.052,1589.7,294.4
Round3,Q2,294,294.0,JAMESON,0.8765,1442.6,284.7,59.6,19.2,1920,1080,0.055,1472.4,294.3
Round3,Q2,294,294.0,JAMESON,0.8729,1052.2,176.4,48.9,15.1,1920,1080,0.036,1076.7,183.9
Round3,Q2,294,294.0,JAMESON,0.8705,347.6,0.0,46.8,12.6,1920,1080,0.029,371.0,6.3
Round3,Q2,294,294.0,JAMESON,0.8682,1333.7,0.4,43.4,11.3,1920,1080,0.024,1355.4,6.1
Round3,Q2,294,294.0,JAMESON,0.8656,337.8,187.5,56.3,16.9,1920,1080,0.046,365.9,196.0
Round3,Q2,294,294.0,JAMESON,0.8634,228.4,189.8,55.3,17.1,1920,1080,0.045,256.0,198.3
Round3,Q2,294,294.0,JAMESON,0.863,1118.8,2.8,43.0,12.0,1920,1080,0.025,1140.2,8.8
Round3,Q2,294,294.0,JAMESON,0.86,577.2,3.2,45.0,12.5,1920,1080,0.027,599.7,9.4
Round3,Q2,294,294.0,JAMESON,0.8588,115.1,191.7,58.1,17.2,1920,1080,0.048,144.2,200.2
Round3,Q2,294,294.0,JAMESON,0.8584,768.1,293.0,55.7,18.7,1920,1080,0.05,796.0,302.3
Round3,Q2,294,294.0,JAMESON,0.8558,953.1,177.7,50.3,15.1,1920,1080,0.037,978.2,185.2
Round3,Q2,294,294.0,JAMESON,0.8553,0.0,193.6,53.9,18.0,1920,1080,0.047,26.9,202.5
Round3,Q2,294,294.0,JAMESON,0.854,1819.5,164.9,57.4,16.5,1920,1080,0.046,1848.2,173.1
Round3,Q2,294,294.0,JAMESON,0.8512,1149.9,174.8,49.9,15.3,1920,1080,0.037,1174.9,182.4
Round3,Q2,294,294.0,JAMESON,0.851,797.4,3.7,45.0,12.8,1920,1080,0.028,819.9,10.1
Round3,Q2,294,294.0,JAMESON,0.8485,1449.3,171.4,52.0,15.1,1920,1080,0.038,1475.3,178.9
Round3,Q2,294,294.0,JAMESON,0.8478,854.6,179.0,49.1,16.1,1920,1080,0.038,879.1,187.1
Round3,Q2,294,294.0,JAMESON,0.8477,1226.7,1.5,43.6,11.9,1920,1080,0.025,1248.5,7.4
Round3,Q2,294,294.0,JAMESON,0.847,174.5,317.5,59.1,20.5,1920,1080,0.059,204.1,327.8
Round3,Q2,294,294.0,JAMESON,0.8462,1012.0,3.3,43.7,12.5,1920,1080,0.026,1033.8,9.5
Round3,Q2,294,294.0,JAMESON,0.8462,1330.0,285.1,58.2,18.9,1920,1080,0.053,1359.1,294.5
Round3,Q2,294,294.0,JAMESON,0.8459,658.7,296.1,54.6,18.8,1920,1080,0.05,685.9,305.6
Round3,Q2,294,294.0,JAMESON,0.8458,1216.3,286.6,57.3,19.2,1920,1080,0.053,1244.9,296.2
Round3,Q2,294,294.0,JAMESON,0.8446,50.0,326.5,62.5,21.0,1920,1080,0.063,81.3,337.0
Round3,Q2,294,294.0,JAMESON,0.8446,550.9,184.7,53.1,16.1,1920,1080,0.041,577.5,192.8
Round3,Q2,294,294.0,JAMESON,0.8444,299.0,310.5,59.1,19.5,1920,1080,0.056,328.6,320.3
Round3,Q2,294,294.0,JAMESON,0.8433,754.5,180.7,50.4,16.2,1920,1080,0.039,779.7,188.8
Round3,Q2,294,294.0,JAMESON,0.8425,1348.0,172.0,51.9,15.4,1920,1080,0.038,1373.9,179.7
Round3,Q2,294,294.0,JAMESON,0.842,653.4,182.9,51.1,15.9,1920,1080,0.039,678.9,190.8
Round3,Q2,294,294.0,JAMESON,0.8401,1105.8,289.2,54.3,17.7,1920,1080,0.046,1133.0,298.1
Round3,Q2,294,294.0,JAMESON,0.8399,882.0,290.9,56.7,18.9,1920,1080,0.052,910.4,300.3
Round3,Q2,294,294.0,JAMESON,0.8391,1657.7,168.1,54.8,16.0,1920,1080,0.042,1685.1,176.0
Round3,Q2,294,294.0,JAMESON,0.8375,461.8,1.5,47.2,13.2,1920,1080,0.03,485.4,8.1
Round3,Q2,294,294.0,JAMESON,0.8368,687.4,3.5,44.1,12.5,1920,1080,0.027,709.4,9.7
Round3,Q2,294,294.0,JAMESON,0.8365,533.9,300.5,56.0,19.0,1920,1080,0.051,561.9,310.0
Round3,Q2,294,294.0,JAMESON,0.8312,446.2,186.4,52.7,16.1,1920,1080,0.041,472.5,194.4
Round3,Q2,294,294.0,JAMESON,0.824,1802.9,283.3,64.8,20.6,1920,1080,0.064,1835.3,293.6
Round3,Q2,294,294.0,JAMESON,0.8237,904.0,3.2,43.9,13.0,1920,1080,0.028,925.9,9.7
Round3,Q2,294,294.0,JAMESON,0.8207,1248.7,173.4,50.5,15.2,1920,1080,0.037,1273.9,181.0
Round3,Q2,294,294.0,JAMESON,0.8198,418.2,305.2,53.6,19.5,1920,1080,0.05,445.0,315.0
Round3,Q2,294,294.0,JAMESON,0.8197,993.0,289.9,56.7,18.4,1920,1080,0.05,1021.4,299.1
Round3,Q2,294,294.0,JAMESON,0.8193,226.4,0.0,47.1,10.4,1920,1080,0.024,250.0,5.2
Round3,Q2,294,294.0,JAMESON,0.7998,1552.0,169.6,53.4,15.7,1920,1080,0.041,1578.7,177.5
Round3,Q2,294,294.0,JAMESON,0.7101,1444.7,0.0,43.8,10.2,1920,1080,0.021,1466.6,5.1
Round3,Q2,295,295.0,JAMESON,0.8838,660.9,282.9,60.5,19.8,1920,1080,0.058,691.1,292.8
Round3,Q2,295,295.0,JAMESON,0.8738,646.2,165.7,53.0,16.7,1920,1080,0.043,672.7,174.1
Round3,Q2,295,295.0,JAMESON,0.8735,750.1,164.8,51.4,16.0,1920,1080,0.04,775.8,172.8
Round3,Q2,295,295.0,JAMESON,0.869,1575.8,153.9,56.2,16.5,1920,1080,0.045,1603.9,162.1
Round3,Q2,295,295.0,JAMESON,0.862,1853.6,272.5,64.8,19.7,1920,1080,0.062,1885.9,282.3
Round3,Q2,295,295.0,JAMESON,0.8593,540.7,167.0,53.1,17.6,1920,1080,0.045,567.3,175.8
Round3,Q2,295,295.0,JAMESON,0.8593,1854.7,148.3,59.7,17.1,1920,1080,0.049,1884.5,156.8
Round3,Q2,295,295.0,JAMESON,0.8583,1598.2,272.7,63.1,19.8,1920,1080,0.06,1629.8,282.6
Round3,Q2,295,295.0,JAMESON,0.857,543.0,285.7,60.7,19.8,1920,1080,0.058,573.3,295.6
Round3,Q2,295,295.0,JAMESON,0.8559,1261.9,157.8,51.0,15.2,1920,1080,0.037,1287.4,165.4
Round3,Q2,295,295.0,JAMESON,0.8538,1242.9,274.1,58.1,19.0,1920,1080,0.053,1271.9,283.6
Round3,Q2,295,295.0,JAMESON,0.8516,955.0,161.9,50.9,15.6,1920,1080,0.038,980.5,169.6
Round3,Q2,295,295.0,JAMESON,0.8505,432.0,169.0,56.3,16.5,1920,1080,0.045,460.1,177.2
Round3,Q2,295,295.0,JAMESON,0.85,780.2,280.6,59.3,19.0,1920,1080,0.054,809.8,290.2
Round3,Q2,295,295.0,JAMESON,0.8498,31.0,307.6,61.2,20.7,1920,1080,0.061,61.6,318.0
Round3,Q2,295,295.0,JAMESON,0.8469,1126.3,276.4,58.9,19.0,1920,1080,0.054,1155.8,285.9
Round3,Q2,295,295.0,JAMESON,0.846,853.3,162.6,51.1,16.1,1920,1080,0.04,878.9,170.7
Round3,Q2,295,295.0,JAMESON,0.8451,1158.2,159.3,52.6,15.4,1920,1080,0.039,1184.6,167.0
Round3,Q2,295,295.0,JAMESON,0.8446,86.0,172.6,59.7,17.6,1920,1080,0.051,115.9,181.4
Round3,Q2,295,295.0,JAMESON,0.8441,203.6,171.1,61.0,18.2,1920,1080,0.054,234.2,180.2
Round3,Q2,295,295.0,JAMESON,0.8426,1057.3,159.9,51.5,15.9,1920,1080,0.039,1083.0,167.9
Round3,Q2,295,295.0,JAMESON,0.8421,320.8,170.7,56.0,16.9,1920,1080,0.046,348.9,179.2
Round3,Q2,295,295.0,JAMESON,0.8418,1741.4,150.5,57.3,16.6,1920,1080,0.046,1770.1,158.8
Round3,Q2,295,295.0,JAMESON,0.8418,1357.8,273.8,61.6,19.6,1920,1080,0.058,1388.6,283.6
Round3,Q2,295,295.0,JAMESON,0.8397,414.7,290.6,59.5,19.5,1920,1080,0.056,444.5,300.3
Round3,Q2,295,295.0,JAMESON,0.8396,1478.2,273.8,59.5,18.9,1920,1080,0.054,1508.0,283.2
Round3,Q2,295,295.0,JAMESON,0.8388,1364.3,156.4,53.5,16.2,1920,1080,0.042,1391.0,164.5
Round3,Q2,295,295.0,JAMESON,0.8358,162.3,300.1,64.7,20.4,1920,1080,0.064,194.6,310.3
Round3,Q2,295,295.0,JAMESON,0.8358,1469.6,154.9,53.7,15.8,1920,1080,0.041,1496.4,162.8
Round3,Q2,295,295.0,JAMESON,0.8272,1722.8,272.2,66.4,21.0,1920,1080,0.067,1756.0,282.7
Round3,Q2,295,295.0,JAMESON,0.8253,894.4,279.2,60.0,20.0,1920,1080,0.058,924.4,289.2
Round3,Q2,295,295.0,JAMESON,0.8208,1011.4,277.7,63.1,19.7,1920,1080,0.06,1043.0,287.6
Round3,Q2,295,295.0,JAMESON,0.7859,0.0,172.8,24.3,17.9,1920,1080,0.021,12.1,181.8
Round3,Q2,295,295.0,JAMESON,0.7778,291.3,295.0,61.1,20.5,1920,1080,0.06,321.9,305.2
Round3,Q2,296,296.0,JAMESON,0.8889,924.0,285.4,58.8,18.2,1920,1080,0.052,953.4,294.5
Round3,Q2,296,296.0,JAMESON,0.8794,1497.5,279.8,63.2,19.8,1920,1080,0.06,1529.1,289.7
Round3,Q2,296,296.0,JAMESON,0.8776,1037.1,283.2,60.4,18.9,1920,1080,0.055,1067.3,292.7
Round3,Q2,296,296.0,JAMESON,0.875,456.2,175.1,56.1,16.9,1920,1080,0.046,484.2,183.6
Round3,Q2,296,296.0,JAMESON,0.8723,1269.5,165.9,53.4,15.7,1920,1080,0.041,1296.2,173.8
Round3,Q2,296,296.0,JAMESON,0.8679,1379.8,280.9,59.6,18.7,1920,1080,0.054,1409.6,290.2
Round3,Q2,296,296.0,JAMESON,0.8653,1151.0,281.1,58.5,19.1,1920,1080,0.054,1180.2,290.6
Round3,Q2,296,296.0,JAMESON,0.8635,346.9,176.8,57.3,16.5,1920,1080,0.046,375.5,185.1
Round3,Q2,296,296.0,JAMESON,0.8627,77.4,307.1,66.6,20.5,1920,1080,0.066,110.7,317.4
Round3,Q2,296,296.0,JAMESON,0.8612,1370.6,164.6,53.2,15.5,1920,1080,0.04,1397.2,172.4
Round3,Q2,296,296.0,JAMESON,0.8602,1264.3,280.9,61.2,19.4,1920,1080,0.057,1294.9,290.5
Round3,Q2,296,296.0,JAMESON,0.858,235.9,178.2,58.0,16.9,1920,1080,0.047,264.9,186.7
Round3,Q2,296,296.0,JAMESON,0.8561,560.9,173.7,55.1,17.2,1920,1080,0.046,588.4,182.3
Round3,Q2,296,296.0,JAMESON,0.8525,1069.0,167.7,52.7,15.6,1920,1080,0.04,1095.3,175.5
Round3,Q2,296,296.0,JAMESON,0.8524,1168.7,166.8,51.6,14.8,1920,1080,0.037,1194.5,174.2
Round3,Q2,296,296.0,JAMESON,0.8523,1616.5,279.6,64.8,21.0,1920,1080,0.066,1648.9,290.1
Round3,Q2,296,296.0,JAMESON,0.8517,1741.4,280.0,64.7,19.8,1920,1080,0.062,1773.7,289.8
Round3,Q2,296,296.0,JAMESON,0.8511,1474.8,163.4,55.9,16.1,1920,1080,0.043,1502.8,171.5
Round3,Q2,296,296.0,JAMESON,0.8504,0.0,179.3,60.9,18.2,1920,1080,0.054,30.5,188.5
Round3,Q2,296,296.0,JAMESON,0.8495,695.4,287.9,59.3,18.8,1920,1080,0.054,725.0,297.3
Round3,Q2,296,296.0,JAMESON,0.8487,1740.7,159.8,58.3,16.7,1920,1080,0.047,1769.9,168.2
Round3,Q2,296,296.0,JAMESON,0.8479,458.6,292.8,62.0,19.7,1920,1080,0.059,489.7,302.7
Round3,Q2,296,296.0,JAMESON,0.847,868.7,171.2,52.2,14.8,1920,1080,0.037,894.8,178.6
Round3,Q2,296,296.0,JAMESON,0.8466,118.7,178.2,60.7,18.4,1920,1080,0.054,149.1,187.4
Round3,Q2,296,296.0,JAMESON,0.8462,577.7,290.7,61.0,18.4,1920,1080,0.054,608.2,299.9
Round3,Q2,296,296.0,JAMESON,0.8417,1853.9,158.7,59.0,15.8,1920,1080,0.045,1883.4,166.6
Round3,Q2,296,296.0,JAMESON,0.8351,968.6,169.1,51.6,15.1,1920,1080,0.038,994.5,176.7
Round3,Q2,296,296.0,JAMESON,0.8347,665.6,172.9,53.9,16.3,1920,1080,0.042,692.6,181.0
Round3,Q2,296,296.0,JAMESON,0.834,810.2,285.6,61.5,19.2,1920,1080,0.057,841.0,295.2
Round3,Q2,296,296.0,JAMESON,0.8332,331.6,297.8,60.8,19.7,1920,1080,0.058,362.0,307.7
Round3,Q2,296,296.0,JAMESON,0.8325,767.3,171.6,52.1,15.5,1920,1080,0.039,793.3,179.3
Round3,Q2,296,296.0,JAMESON,0.8306,1868.0,280.2,52.0,20.0,1920,1080,0.05,1894.0,290.1
Round3,Q2,296,296.0,JAMESON,0.8235,1633.5,161.2,54.8,16.6,1920,1080,0.044,1660.9,169.5
Round3,Q2,296,296.0,JAMESON,0.739,205.8,302.8,61.7,20.0,1920,1080,0.06,236.6,312.8
Round3,Q2,297,297.0,JAMESON,0.8852,1427.3,309.0,60.1,18.1,1920,1080,0.053,1457.3,318.1
Round3,Q2,297,297.0,JAMESON,0.8811,515.9,318.5,58.3,19.0,1920,1080,0.053,545.1,328.0
Round3,Q2,297,297.0,JAMESON,0.8789,1198.1,309.4,59.1,18.3,1920,1080,0.052,1227.6,318.5
Round3,Q2,297,297.0,JAMESON,0.8757,56.5,9.8,49.0,14.3,1920,1080,0.034,81.1,17.0
Round3,Q2,297,297.0,JAMESON,0.8713,1312.1,309.7,56.8,17.5,1920,1080,0.048,1340.5,318.4
Round3,Q2,297,297.0,JAMESON,0.871,603.2,202.5,51.9,15.9,1920,1080,0.04,629.2,210.5
Round3,Q2,297,297.0,JAMESON,0.8692,702.9,201.4,52.7,15.2,1920,1080,0.039,729.3,209.0
Round3,Q2,297,297.0,JAMESON,0.8636,1663.7,309.4,62.5,18.8,1920,1080,0.057,1694.9,318.8
Round3,Q2,297,297.0,JAMESON,0.8629,1770.3,190.6,58.1,16.1,1920,1080,0.045,1799.3,198.7
Round3,Q2,297,297.0,JAMESON,0.8604,540.2,22.8,45.2,13.3,1920,1080,0.029,562.8,29.5
Round3,Q2,297,297.0,JAMESON,0.8599,804.5,200.2,51.7,15.5,1920,1080,0.039,830.4,207.9
Round3,Q2,297,297.0,JAMESON,0.857,1003.6,197.7,51.7,15.7,1920,1080,0.039,1029.4,205.5
Round3,Q2,297,297.0,JAMESON,0.8547,1101.1,196.5,52.4,15.3,1920,1080,0.039,1127.3,204.1
Round3,Q2,297,297.0,JAMESON,0.8541,283.0,207.3,56.6,15.6,1920,1080,0.043,311.3,215.0
Round3,Q2,297,297.0,JAMESON,0.8514,1084.6,309.7,58.3,18.6,1920,1080,0.052,1113.8,319.0
Round3,Q2,297,297.0,JAMESON,0.8496,393.0,205.2,55.3,16.7,1920,1080,0.045,420.6,213.5
Round3,Q2,297,297.0,JAMESON,0.8478,633.0,316.2,57.8,19.2,1920,1080,0.053,661.9,325.8
Round3,Q2,297,297.0,JAMESON,0.8474,651.5,23.4,44.2,13.4,1920,1080,0.029,673.6,30.1
Round3,Q2,297,297.0,JAMESON,0.8471,1404.3,195.2,52.3,14.9,1920,1080,0.038,1430.5,202.6
Round3,Q2,297,297.0,JAMESON,0.8456,425.6,20.9,46.4,13.8,1920,1080,0.031,448.8,27.8
Round3,Q2,297,297.0,JAMESON,0.8455,1878.3,3.8,41.7,14.2,1920,1080,0.029,1899.2,10.9
Round3,Q2,297,297.0,JAMESON,0.8453,1786.3,309.6,64.3,19.4,1920,1080,0.06,1818.5,319.3
Round3,Q2,297,297.0,JAMESON,0.8437,1754.8,10.3,47.1,13.1,1920,1080,0.03,1778.4,16.9
Round3,Q2,297,297.0,JAMESON,0.8424,1541.2,308.9,63.4,19.3,1920,1080,0.059,1573.0,318.5
Round3,Q2,297,297.0,JAMESON,0.8424,1084.6,23.9,43.4,12.5,1920,1080,0.026,1106.3,30.1
Round3,Q2,297,297.0,JAMESON,0.841,1662.7,191.6,55.6,16.2,1920,1080,0.043,1690.5,199.7
Round3,Q2,297,297.0,JAMESON,0.8403,869.1,25.1,43.6,12.3,1920,1080,0.026,890.9,31.3
Round3,Q2,297,297.0,JAMESON,0.8402,861.2,313.9,57.1,18.0,1920,1080,0.049,889.7,322.9
Round3,Q2,297,297.0,JAMESON,0.8397,903.9,198.6,51.7,15.3,1920,1080,0.038,929.7,206.2
Round3,Q2,297,297.0,JAMESON,0.8395,1201.9,196.0,51.2,15.2,1920,1080,0.038,1227.5,203.6
Round3,Q2,297,297.0,JAMESON,0.8394,1884.2,189.3,35.8,15.9,1920,1080,0.027,1902.1,197.3
Round3,Q2,297,297.0,JAMESON,0.838,170.3,207.5,58.5,16.9,1920,1080,0.048,199.6,215.9
Round3,Q2,297,297.0,JAMESON,0.8378,402.5,322.0,54.1,18.7,1920,1080,0.049,429.5,331.4
Round3,Q2,297,297.0,JAMESON,0.8374,51.5,208.2,60.1,17.3,1920,1080,0.05,81.5,216.8
Round3,Q2,297,297.0,JAMESON,0.8373,497.3,204.0,55.1,16.4,1920,1080,0.044,524.9,212.2
Round3,Q2,297,297.0,JAMESON,0.8372,1301.5,195.2,52.1,15.0,1920,1080,0.038,1327.6,202.7
Round3,Q2,297,297.0,JAMESON,0.8365,760.7,24.9,43.8,12.6,1920,1080,0.027,782.6,31.2
Round3,Q2,297,297.0,JAMESON,0.8363,307.5,18.4,47.2,14.6,1920,1080,0.033,331.1,25.7
Round3,Q2,297,297.0,JAMESON,0.831,8.7,336.5,66.8,20.0,1920,1080,0.064,42.1,346.5
Round3,Q2,297,297.0,JAMESON,0.8304,185.3,14.9,48.5,14.4,1920,1080,0.034,209.6,22.1
Round3,Q2,297,297.0,JAMESON,0.8301,977.4,24.7,44.5,12.8,1920,1080,0.027,999.7,31.1
Round3,Q2,297,297.0,JAMESON,0.828,1192.5,23.2,44.5,12.8,1920,1080,0.027,1214.8,29.6
Round3,Q2,297,297.0,JAMESON,0.8272,267.8,327.0,60.9,19.0,1920,1080,0.056,298.2,336.5
Round3,Q2,297,297.0,JAMESON,0.821,1410.6,20.7,45.3,12.8,1920,1080,0.028,1433.3,27.1
Round3,Q2,297,297.0,JAMESON,0.818,1636.5,15.3,44.1,12.3,1920,1080,0.026,1658.5,21.4
Round3,Q2,297,297.0,JAMESON,0.8175,1300.6,21.9,44.4,12.8,1920,1080,0.027,1322.8,28.3
Round3,Q2,297,297.0,JAMESON,0.8131,1557.3,193.0,53.6,16.3,1920,1080,0.042,1584.1,201.1
Round3,Q2,297,297.0,JAMESON,0.8098,1522.1,18.0,45.3,13.0,1920,1080,0.028,1544.7,24.5
Round3,Q2,297,297.0,JAMESON,0.7817,974.6,311.1,57.0,18.4,1920,1080,0.051,1003.1,320.2
Round3,Q2,297,297.0,JAMESON,0.7699,140.9,332.0,53.9,19.5,1920,1080,0.051,167.8,341.8
Round3,Q2,297,297.0,JAMESON,0.7584,746.2,315.1,60.0,18.0,1920,1080,0.052,776.2,324.1
Round3,Q2,298,298.0,JAMESON,0.8823,1193.7,224.7,52.7,16.2,1920,1080,0.041,1220.0,232.9
Round3,Q2,298,298.0,JAMESON,0.877,233.8,235.4,58.5,17.4,1920,1080,0.049,263.0,244.1
Round3,Q2,298,298.0,JAMESON,0.876,1308.4,342.8,59.3,19.3,1920,1080,0.055,1338.1,352.5
Round3,Q2,298,298.0,JAMESON,0.8757,1072.8,343.4,59.8,19.4,1920,1080,0.056,1102.7,353.1
Round3,Q2,298,298.0,JAMESON,0.8739,478.0,353.0,60.2,19.7,1920,1080,0.057,508.1,362.8
Round3,Q2,298,298.0,JAMESON,0.8721,1675.2,342.7,62.4,19.7,1920,1080,0.059,1706.4,352.6
Round3,Q2,298,298.0,JAMESON,0.8708,1090.1,225.8,52.5,15.7,1920,1080,0.04,1116.3,233.6
Round3,Q2,298,298.0,JAMESON,0.8679,1427.7,342.1,61.6,19.5,1920,1080,0.058,1458.5,351.9
Round3,Q2,298,298.0,JAMESON,0.8676,734.5,46.7,45.2,13.1,1920,1080,0.029,757.0,53.2
Round3,Q2,298,298.0,JAMESON,0.8666,129.1,34.5,50.5,15.2,1920,1080,0.037,154.3,42.1
Round3,Q2,298,298.0,JAMESON,0.8662,847.8,46.3,44.9,13.4,1920,1080,0.029,870.2,53.0
Round3,Q2,298,298.0,JAMESON,0.8652,986.6,226.7,53.9,16.5,1920,1080,0.043,1013.5,234.9
Round3,Q2,298,298.0,JAMESON,0.865,960.1,46.3,44.6,13.4,1920,1080,0.029,982.4,53.0
Round3,Q2,298,298.0,JAMESON,0.8648,114.5,236.5,59.1,17.9,1920,1080,0.051,144.0,245.5
Round3,Q2,298,298.0,JAMESON,0.8633,357.3,356.6,59.1,19.3,1920,1080,0.055,386.8,366.3
Round3,Q2,298,298.0,JAMESON,0.8613,1189.9,342.9,60.4,19.4,1920,1080,0.057,1220.1,352.6
Round3,Q2,298,298.0,JAMESON,0.8601,619.8,44.9,47.1,14.3,1920,1080,0.032,643.4,52.1
Round3,Q2,298,298.0,JAMESON,0.86,1297.9,224.2,53.1,15.6,1920,1080,0.04,1324.4,232.0
Round3,Q2,298,298.0,JAMESON,0.8597,348.6,234.2,56.9,17.0,1920,1080,0.047,377.0,242.8
Round3,Q2,298,298.0,JAMESON,0.8594,1804.2,343.4,67.0,20.4,1920,1080,0.066,1837.7,353.6
Round3,Q2,298,298.0,JAMESON,0.8551,0.0,237.7,50.8,17.4,1920,1080,0.043,25.4,246.4
Round3,Q2,298,298.0,JAMESON,0.8529,884.1,228.1,51.7,15.3,1920,1080,0.038,909.9,235.8
Round3,Q2,298,298.0,JAMESON,0.8521,1402.9,223.0,54.5,16.2,1920,1080,0.043,1430.2,231.1
Round3,Q2,298,298.0,JAMESON,0.8507,460.3,233.0,54.3,16.9,1920,1080,0.044,487.5,241.4
Round3,Q2,298,298.0,JAMESON,0.85,839.6,347.8,58.9,18.7,1920,1080,0.053,869.0,357.1
Round3,Q2,298,298.0,JAMESON,0.8487,1787.7,219.9,58.6,16.3,1920,1080,0.046,1817.0,228.1
Round3,Q2,298,298.0,JAMESON,0.8481,1673.3,220.4,57.7,17.1,1920,1080,0.048,1702.2,229.0
Round3,Q2,298,298.0,JAMESON,0.8481,674.9,231.1,54.6,16.3,1920,1080,0.043,702.2,239.2
Round3,Q2,298,298.0,JAMESON,0.8476,780.1,229.8,53.1,15.8,1920,1080,0.041,806.6,237.7
Round3,Q2,298,298.0,JAMESON,0.8455,1645.2,35.9,47.3,13.9,1920,1080,0.032,1668.8,42.8
Round3,Q2,298,298.0,JAMESON,0.8454,382.6,42.0,47.7,14.5,1920,1080,0.033,406.4,49.3
Round3,Q2,298,298.0,JAMESON,0.8452,503.5,43.7,46.4,14.5,1920,1080,0.032,526.6,50.9
Round3,Q2,298,298.0,JAMESON,0.844,954.9,345.6,61.5,19.1,1920,1080,0.057,985.6,355.2
Round3,Q2,298,298.0,JAMESON,0.8428,1070.1,46.5,46.7,12.9,1920,1080,0.029,1093.4,53.0
Round3,Q2,298,298.0,JAMESON,0.8427,258.9,39.4,48.9,14.5,1920,1080,0.034,283.3,46.6
Round3,Q2,298,298.0,JAMESON,0.8408,569.4,231.8,53.4,16.9,1920,1080,0.044,596.1,240.3
Round3,Q2,298,298.0,JAMESON,0.8404,1548.9,342.2,62.1,20.3,1920,1080,0.061,1580.0,352.3
Round3,Q2,298,298.0,JAMESON,0.8376,1525.5,40.0,48.1,13.5,1920,1080,0.031,1549.6,46.7
Round3,Q2,298,298.0,JAMESON,0.8368,1183.9,45.2,45.4,13.6,1920,1080,0.03,1206.6,51.9
Round3,Q2,298,298.0,JAMESON,0.8366,601.4,351.3,60.3,18.5,1920,1080,0.054,631.5,360.5
Round3,Q2,298,298.0,JAMESON,0.836,1409.7,42.6,45.2,13.2,1920,1080,0.029,1432.4,49.2
Round3,Q2,298,298.0,JAMESON,0.8354,1295.6,44.1,46.0,13.4,1920,1080,0.03,1318.6,50.8
Round3,Q2,298,298.0,JAMESON,0.8322,1768.3,31.6,48.5,13.6,1920,1080,0.032,1792.5,38.4
Round3,Q2,298,298.0,JAMESON,0.8307,1563.8,221.5,55.4,16.8,1920,1080,0.045,1591.5,229.9
Round3,Q2,298,298.0,JAMESON,0.8281,216.7,361.2,62.5,19.9,1920,1080,0.06,247.9,371.2
Round3,Q2,298,298.0,JAMESON,0.7955,719.9,349.0,59.8,19.0,1920,1080,0.055,749.9,358.5
Round3,Q2,298,298.0,JAMESON,0.7876,0.0,28.5,45.3,15.8,1920,1080,0.034,22.7,36.3
Round3,Q2,298,298.0,JAMESON,0.7765,82.0,366.5,56.3,20.8,1920,1080,0.056,110.2,376.8
Round3,Q2,298,298.0,JAMESON,0.7179,1904.9,218.4,15.1,17.3,1920,1080,0.013,1912.4,227.0
Round3,Q2,298,298.0,JAMESON,0.6961,1897.5,26.4,22.2,13.6,1920,1080,0.015,1908.6,33.2
Round3,Q2,298,298.0,JAMESON,0.5492,0.0,370.2,10.2,21.4,1920,1080,0.011,5.1,380.9
Round3,Q2,299,299.0,JAMESON,0.8817,401.1,283.1,61.2,18.8,1920,1080,0.056,431.7,292.5
Round3,Q2,299,299.0,JAMESON,0.8726,1616.5,271.0,61.6,18.2,1920,1080,0.054,1647.3,280.1
Round3,Q2,299,299.0,JAMESON,0.8698,1439.6,273.1,59.9,17.4,1920,1080,0.05,1469.6,281.8
Round3,Q2,299,299.0,JAMESON,0.8682,278.3,284.5,62.8,19.2,1920,1080,0.058,309.7,294.1
Round3,Q2,299,299.0,JAMESON,0.8681,1465.7,403.3,68.7,21.5,1920,1080,0.071,1500.0,414.0
Round3,Q2,299,299.0,JAMESON,0.8662,556.5,412.0,66.3,21.8,1920,1080,0.07,589.7,423.0
Round3,Q2,299,299.0,JAMESON,0.8655,129.2,424.1,68.8,22.0,1920,1080,0.073,163.6,435.1
Round3,Q2,299,299.0,JAMESON,0.8633,1335.4,404.1,65.4,20.7,1920,1080,0.065,1368.1,414.5
Round3,Q2,299,299.0,JAMESON,0.8621,947.4,406.2,64.8,21.3,1920,1080,0.067,979.8,416.9
Round3,Q2,299,299.0,JAMESON,0.8592,1323.5,273.5,57.7,17.4,1920,1080,0.048,1352.4,282.2
Round3,Q2,299,299.0,JAMESON,0.8591,521.4,282.4,59.4,18.2,1920,1080,0.052,551.1,291.4
Round3,Q2,299,299.0,JAMESON,0.8583,420.3,414.4,66.5,22.4,1920,1080,0.072,453.5,425.6
Round3,Q2,299,299.0,JAMESON,0.8552,982.1,276.7,57.6,17.4,1920,1080,0.048,1010.9,285.4
Round3,Q2,299,299.0,JAMESON,0.853,755.1,279.9,57.0,17.0,1920,1080,0.047,783.5,288.4
Round3,Q2,299,299.0,JAMESON,0.8527,1204.6,404.1,67.0,21.3,1920,1080,0.069,1238.1,414.7
Round3,Q2,299,299.0,JAMESON,0.8521,1574.8,71.7,50.6,14.3,1920,1080,0.035,1600.1,78.8
Round3,Q2,299,299.0,JAMESON,0.8509,178.1,70.0,55.1,15.7,1920,1080,0.042,205.6,77.9
Round3,Q2,299,299.0,JAMESON,0.8499,1321.4,76.6,48.7,14.3,1920,1080,0.034,1345.8,83.8
Round3,Q2,299,299.0,JAMESON,0.8492,31.2,64.5,58.0,16.6,1920,1080,0.047,60.3,72.8
Round3,Q2,299,299.0,JAMESON,0.8476,1738.5,269.1,64.6,19.0,1920,1080,0.059,1770.8,278.6
Round3,Q2,299,299.0,JAMESON,0.8468,317.0,74.1,52.9,15.2,1920,1080,0.039,343.4,81.7
Round3,Q2,299,299.0,JAMESON,0.8468,705.0,79.0,49.1,15.0,1920,1080,0.036,729.5,86.6
Round3,Q2,299,299.0,JAMESON,0.846,1741.1,404.0,71.0,21.8,1920,1080,0.075,1776.6,414.9
Round3,Q2,299,299.0,JAMESON,0.8453,1074.0,79.1,50.3,14.4,1920,1080,0.035,1099.1,86.2
Round3,Q2,299,299.0,JAMESON,0.8448,818.9,409.2,65.1,20.3,1920,1080,0.064,851.5,419.4
Round3,Q2,299,299.0,JAMESON,0.8442,869.3,278.5,56.2,16.6,1920,1080,0.045,897.4,286.8
Round3,Q2,299,299.0,JAMESON,0.8421,1445.8,75.1,50.8,14.8,1920,1080,0.036,1471.2,82.4
Round3,Q2,299,299.0,JAMESON,0.8418,450.3,76.4,50.4,15.0,1920,1080,0.036,475.5,83.9
Round3,Q2,299,299.0,JAMESON,0.841,285.0,417.7,66.6,22.4,1920,1080,0.072,318.3,428.9
Round3,Q2,299,299.0,JAMESON,0.8407,638.3,280.4,59.7,17.9,1920,1080,0.052,668.2,289.4
Round3,Q2,299,299.0,JAMESON,0.8405,1209.2,274.4,57.6,17.8,1920,1080,0.049,1238.0,283.3
Round3,Q2,299,299.0,JAMESON,0.8395,829.1,79.7,49.4,14.5,1920,1080,0.035,853.8,87.0
Round3,Q2,299,299.0,JAMESON,0.8375,148.8,285.9,65.5,18.6,1920,1080,0.059,181.5,295.3
Round3,Q2,299,299.0,JAMESON,0.8372,1094.8,275.5,57.5,17.8,1920,1080,0.049,1123.6,284.4
Round3,Q2,299,299.0,JAMESON,0.8355,1197.9,78.3,47.6,14.7,1920,1080,0.034,1221.7,85.7
Round3,Q2,299,299.0,JAMESON,0.8349,952.7,79.6,48.6,14.5,1920,1080,0.034,977.0,86.8
Round3,Q2,299,299.0,JAMESON,0.8287,1866.3,268.5,53.7,17.8,1920,1080,0.046,1893.1,277.4
Round3,Q2,299,299.0,JAMESON,0.8276,578.8,78.1,50.0,14.7,1920,1080,0.036,603.8,85.5
Round3,Q2,299,299.0,JAMESON,0.8216,1706.3,67.6,52.9,14.5,1920,1080,0.037,1732.8,74.8
Round3,Q2,299,299.0,JAMESON,0.8194,12.8,286.7,69.4,19.2,1920,1080,0.064,47.5,296.3
Round3,Q2,299,299.0,JAMESON,0.8142,1844.0,62.3,53.2,14.6,1920,1080,0.038,1870.6,69.6
Round3,Q2,299,299.0,JAMESON,0.812,1601.9,403.1,70.3,22.2,1920,1080,0.075,1637.0,414.2
Round3,Q2,299,299.0,JAMESON,0.8072,689.0,410.4,65.0,21.4,1920,1080,0.067,721.5,421.1
Round3,Q2,299,299.0,JAMESON,0.7962,1885.2,404.7,34.8,21.9,1920,1080,0.037,1902.6,415.7
Round3,Q2,299,299.0,JAMESON,0.6868,1076.6,404.7,64.9,20.2,1920,1080,0.063,1109.1,414.8
Round3,Q2,300,300.0,JAMESON,0.8878,904.1,315.0,70.2,20.3,1920,1080,0.069,939.3,325.2
Round3,Q2,300,300.0,JAMESON,0.8773,759.8,316.0,71.2,20.1,1920,1080,0.069,795.4,326.1
Round3,Q2,300,300.0,JAMESON,0.8744,865.3,67.2,59.0,17.3,1920,1080,0.049,894.8,75.8
Round3,Q2,300,300.0,JAMESON,0.8722,616.1,317.5,71.8,20.8,1920,1080,0.072,652.1,327.9
Round3,Q2,300,300.0,JAMESON,0.8721,1022.0,474.7,79.6,24.5,1920,1080,0.094,1061.8,487.0
Round3,Q2,300,300.0,JAMESON,0.8688,1512.7,472.4,83.0,25.2,1920,1080,0.101,1554.2,485.0
Round3,Q2,300,300.0,JAMESON,0.8662,696.8,480.6,80.3,24.5,1920,1080,0.095,737.0,492.8
Round3,Q2,300,300.0,JAMESON,0.8638,1183.6,473.9,80.5,24.6,1920,1080,0.095,1223.9,486.1
Round3,Q2,300,300.0,JAMESON,0.8634,1019.2,66.9,58.8,16.9,1920,1080,0.048,1048.6,75.4
Round3,Q2,300,300.0,JAMESON,0.863,184.8,488.8,85.1,25.4,1920,1080,0.104,227.4,501.5
Round3,Q2,300,300.0,JAMESON,0.8598,1647.3,56.8,61.3,17.2,1920,1080,0.051,1678.0,65.4
Round3,Q2,300,300.0,JAMESON,0.8592,361.6,484.9,83.9,25.1,1920,1080,0.102,403.6,497.4
Round3,Q2,300,300.0,JAMESON,0.859,468.0,318.5,74.0,21.3,1920,1080,0.076,505.1,329.1
Round3,Q2,300,300.0,JAMESON,0.8585,43.8,52.4,69.5,18.7,1920,1080,0.063,78.6,61.7
Round3,Q2,300,300.0,JAMESON,0.8581,1346.0,473.1,81.3,25.0,1920,1080,0.098,1386.7,485.6
Round3,Q2,300,300.0,JAMESON,0.858,1044.8,313.5,70.7,20.2,1920,1080,0.069,1080.2,323.6
Round3,Q2,300,300.0,JAMESON,0.8576,1486.3,61.4,60.0,17.3,1920,1080,0.05,1516.3,70.0
Round3,Q2,300,300.0,JAMESON,0.8559,860.8,477.4,79.4,25.1,1920,1080,0.096,900.6,490.0
Round3,Q2,300,300.0,JAMESON,0.8559,1477.9,309.5,72.2,20.6,1920,1080,0.072,1514.0,319.8
Round3,Q2,300,300.0,JAMESON,0.8553,709.2,66.8,60.0,17.0,1920,1080,0.049,739.2,75.2
Round3,Q2,300,300.0,JAMESON,0.8547,1700.2,306.6,75.6,21.5,1920,1080,0.078,1738.0,317.3
Round3,Q2,300,300.0,JAMESON,0.8497,1330.9,310.2,72.0,20.9,1920,1080,0.073,1366.9,320.6
Round3,Q2,300,300.0,JAMESON,0.8484,1856.9,304.7,63.1,21.3,1920,1080,0.065,1888.5,315.4
Round3,Q2,300,300.0,JAMESON,0.8476,1862.0,473.0,58.0,25.8,1920,1080,0.072,1891.0,485.9
Round3,Q2,300,300.0,JAMESON,0.847,1327.9,64.7,59.1,16.1,1920,1080,0.046,1357.5,72.8
Round3,Q2,300,300.0,JAMESON,0.845,222.5,58.3,65.3,17.9,1920,1080,0.056,255.2,67.3
Round3,Q2,300,300.0,JAMESON,0.8445,0.1,321.9,76.1,21.5,1920,1080,0.079,38.1,332.6
Round3,Q2,300,300.0,JAMESON,0.8445,1188.3,311.7,71.4,20.8,1920,1080,0.072,1224.0,322.1
Round3,Q2,300,300.0,JAMESON,0.8438,389.0,62.7,63.2,17.3,1920,1080,0.053,420.6,71.3
Round3,Q2,300,300.0,JAMESON,0.8425,5.4,493.8,82.7,25.0,1920,1080,0.1,46.7,506.3
Round3,Q2,300,300.0,JAMESON,0.8393,552.5,65.3,60.7,17.7,1920,1080,0.052,582.9,74.2
Round3,Q2,300,300.0,JAMESON,0.8375,1173.2,66.4,58.4,16.9,1920,1080,0.048,1202.5,74.9
Round3,Q2,300,300.0,JAMESON,0.8329,158.5,321.4,81.0,20.8,1920,1080,0.081,199.0,331.8
Round3,Q2,300,300.0,JAMESON,0.8309,1815.4,51.5,62.9,16.5,1920,1080,0.05,1846.8,59.7
Round3,Q2,300,300.0,JAMESON,0.8235,317.9,320.1,73.9,21.2,1920,1080,0.075,354.9,330.7
Round3,Q2,300,300.0,JAMESON,0.8133,1682.7,472.8,86.5,25.7,1920,1080,0.107,1725.9,485.6
Round3,Q2,300,300.0,JAMESON,0.7394,530.3,482.5,72.0,24.7,1920,1080,0.086,566.3,494.9
Round3,Q2,301,301.0,JAMESON,0.9003,1385.7,447.5,110.0,32.7,1920,1080,0.174,1440.7,463.8
Round3,Q2,301,301.0,JAMESON,0.8969,1365.0,227.0,94.3,27.5,1920,1080,0.125,1412.2,240.7
Round3,Q2,301,301.0,JAMESON,0.895,1563.6,224.7,99.1,27.2,1920,1080,0.13,1613.1,238.3
Round3,Q2,301,301.0,JAMESON,0.8919,586.1,233.9,96.4,27.1,1920,1080,0.126,634.2,247.5
Round3,Q2,301,301.0,JAMESON,0.8914,1610.3,446.6,116.2,32.9,1920,1080,0.184,1668.4,463.1
Round3,Q2,301,301.0,JAMESON,0.8871,387.5,235.3,97.7,27.6,1920,1080,0.13,436.3,249.2
Round3,Q2,301,301.0,JAMESON,0.8856,501.2,457.3,110.0,33.3,1920,1080,0.177,556.3,474.0
Round3,Q2,301,301.0,JAMESON,0.8808,784.0,232.5,93.3,27.3,1920,1080,0.123,830.6,246.2
Round3,Q2,301,301.0,JAMESON,0.8802,180.9,235.4,100.9,26.9,1920,1080,0.131,231.3,248.9
Round3,Q2,301,301.0,JAMESON,0.8779,976.6,231.6,92.7,26.1,1920,1080,0.117,1023.0,244.7
Round3,Q2,301,301.0,JAMESON,0.8633,27.0,463.1,120.1,33.9,1920,1080,0.196,87.0,480.0
Round3,Q2,301,301.0,JAMESON,0.8581,1170.3,229.0,95.7,27.4,1920,1080,0.127,1218.2,242.7
Round3,Q2,301,301.0,JAMESON,0.8563,725.4,453.9,109.7,32.6,1920,1080,0.173,780.2,470.2
Round3,Q2,301,301.0,JAMESON,0.8563,1846.7,446.1,73.3,34.1,1920,1080,0.12,1883.3,463.2
Round3,Q2,301,301.0,JAMESON,0.8438,946.4,450.3,106.6,32.4,1920,1080,0.167,999.7,466.5
Round3,Q2,301,301.0,JAMESON,0.8422,1869.6,218.1,50.4,30.0,1920,1080,0.073,1894.8,233.0
Round3,Q2,301,301.0,JAMESON,0.7904,0.0,234.8,69.3,27.4,1920,1080,0.091,34.6,248.5
Round3,Q2,301,301.0,JAMESON,0.6966,1165.3,448.0,107.5,32.1,1920,1080,0.167,1219.1,464.1
Round3,Q2,301,301.0,JAMESON,0.669,270.6,460.5,97.8,33.5,1920,1080,0.158,319.5,477.3
Round3,Q2,302,302.0,JAMESON,0.6394,183.3,29.4,553.9,225.8,1920,1080,6.032,460.3,142.3
Round3,Q2,302,302.0,JAMESON,0.363,3.0,26.7,439.7,254.5,1920,1080,5.398,222.8,154.0
Round3,Q2,302,302.0,JAMESON,0.3092,1358.9,20.8,561.1,244.4,1920,1080,6.612,1639.4,143.0
Round3,Q2,303,303.0,JAMESON,0.8887,1352.2,394.2,121.1,34.9,1920,1080,0.204,1412.7,411.7
Round3,Q2,303,303.0,JAMESON,0.8863,1304.2,158.0,103.7,27.9,1920,1080,0.14,1356.0,172.0
Round3,Q2,303,303.0,JAMESON,0.885,18.2,159.8,117.0,29.5,1920,1080,0.166,76.7,174.6
Round3,Q2,303,303.0,JAMESON,0.8789,678.5,161.9,105.3,28.0,1920,1080,0.142,731.2,175.9
Round3,Q2,303,303.0,JAMESON,0.8786,402.7,402.3,124.2,33.9,1920,1080,0.203,464.8,419.2
Round3,Q2,303,303.0,JAMESON,0.878,1619.9,153.7,109.1,28.9,1920,1080,0.152,1674.5,168.1
Round3,Q2,303,303.0,JAMESON,0.8771,249.3,161.2,110.0,28.9,1920,1080,0.153,304.3,175.6
Round3,Q2,303,303.0,JAMESON,0.8759,885.4,161.1,104.4,27.7,1920,1080,0.14,937.7,174.9
Round3,Q2,303,303.0,JAMESON,0.8747,881.1,396.8,117.1,34.2,1920,1080,0.193,939.6,413.9
Round3,Q2,303,303.0,JAMESON,0.8746,466.6,161.9,105.2,29.1,1920,1080,0.148,519.2,176.5
Round3,Q2,303,303.0,JAMESON,0.8671,646.6,398.7,117.0,33.8,1920,1080,0.191,705.1,415.6
Round3,Q2,303,303.0,JAMESON,0.8662,1093.2,160.0,106.0,27.6,1920,1080,0.141,1146.2,173.9
Round3,Q2,303,303.0,JAMESON,0.8646,1117.2,396.2,115.9,34.0,1920,1080,0.19,1175.2,413.2
Round3,Q2,303,303.0,JAMESON,0.8511,155.9,405.6,124.9,35.4,1920,1080,0.213,218.3,423.3
Round3,Q2,303,303.0,JAMESON,0.8459,1840.5,149.5,79.5,29.3,1920,1080,0.112,1880.3,164.2
Round3,Q2,303,303.0,JAMESON,0.84,1593.6,393.7,127.9,35.0,1920,1080,0.216,1657.6,411.2
Round3,Q2,303,303.0,JAMESON,0.3153,0.0,405.8,19.1,33.6,1920,1080,0.031,9.5,422.6
Round3,Q2,304,304.0,JAMESON,0.9073,1435.2,409.9,124.4,36.6,1920,1080,0.22,1497.4,428.2
Round3,Q2,304,304.0,JAMESON,0.8959,1425.1,164.0,108.4,29.4,1920,1080,0.154,1479.3,178.7
Round3,Q2,304,304.0,JAMESON,0.892,1208.9,165.1,107.6,29.7,1920,1080,0.154,1262.7,179.9
Round3,Q2,304,304.0,JAMESON,0.8885,222.7,164.4,113.6,30.2,1920,1080,0.165,279.5,179.5
Round3,Q2,304,304.0,JAMESON,0.8876,939.1,410.7,125.1,36.1,1920,1080,0.218,1001.7,428.8
Round3,Q2,304,304.0,JAMESON,0.8875,885.8,166.7,108.7,29.0,1920,1080,0.152,940.2,181.2
Round3,Q2,304,304.0,JAMESON,0.8842,1648.7,160.9,114.1,29.1,1920,1080,0.16,1705.7,175.5
Round3,Q2,304,304.0,JAMESON,0.8841,669.4,165.8,108.6,30.0,1920,1080,0.157,723.6,180.7
Round3,Q2,304,304.0,JAMESON,0.8813,445.4,413.6,125.2,35.5,1920,1080,0.215,508.0,431.4
Round3,Q2,304,304.0,JAMESON,0.8735,447.9,165.6,110.4,29.2,1920,1080,0.156,503.1,180.2
Round3,Q2,304,304.0,JAMESON,0.8705,1687.3,410.0,129.6,37.2,1920,1080,0.233,1752.1,428.6
Round3,Q2,304,304.0,JAMESON,0.87,695.7,413.3,124.7,34.4,1920,1080,0.207,758.0,430.6
Round3,Q2,304,304.0,JAMESON,0.8624,0.0,161.9,102.1,30.7,1920,1080,0.151,51.0,177.2
Round3,Q2,304,304.0,JAMESON,0.8538,189.5,415.3,129.4,36.3,1920,1080,0.226,254.2,433.5
Round3,Q2,304,304.0,JAMESON,0.7658,1877.7,156.6,42.3,32.8,1920,1080,0.067,1898.8,173.0
Round3,Q2,304,304.0,JAMESON,0.7303,0.0,417.0,51.6,37.4,1920,1080,0.093,25.8,435.7
Round3,Q2,304,304.0,JAMESON,0.6864,1186.4,410.4,130.8,34.4,1920,1080,0.217,1251.8,427.6
Round3,Q2,305,305.0,JAMESON,0.9022,916.5,128.8,120.1,32.0,1920,1080,0.185,976.5,144.7
Round3,Q2,305,305.0,JAMESON,0.8999,1522.0,123.7,118.8,33.6,1920,1080,0.193,1581.4,140.6
Round3,Q2,305,305.0,JAMESON,0.8924,1277.3,126.6,118.1,32.3,1920,1080,0.184,1336.3,142.7
Round3,Q2,305,305.0,JAMESON,0.8794,1770.4,119.7,128.4,32.9,1920,1080,0.204,1834.6,136.1
Round3,Q2,305,305.0,JAMESON,0.8776,430.8,128.4,120.6,31.9,1920,1080,0.185,491.1,144.3
Round3,Q2,305,305.0,JAMESON,0.8622,671.0,128.5,123.1,32.6,1920,1080,0.193,732.5,144.7
Round3,Q2,305,305.0,JAMESON,0.8258,1250.1,401.5,146.6,39.4,1920,1080,0.279,1323.4,421.2
Round3,Q2,305,305.0,JAMESON,0.8175,1531.0,401.3,141.7,39.9,1920,1080,0.273,1601.9,421.3
Round3,Q2,305,305.0,JAMESON,0.7891,707.0,403.2,134.8,39.7,1920,1080,0.258,774.4,423.0
Round3,Q2,305,305.0,JAMESON,0.7814,140.4,404.7,147.1,42.1,1920,1080,0.298,214.0,425.7
Round3,Q2,305,305.0,JAMESON,0.749,176.1,125.9,125.3,32.6,1920,1080,0.197,238.8,142.2
Round3,Q2,305,305.0,JAMESON,0.6743,1811.7,401.3,108.3,41.4,1920,1080,0.216,1865.8,422.0
Round3,Q2,305,305.0,EMIRATES,0.3868,285.9,1045.8,18.9,8.4,1920,1080,0.008,295.4,1050.0
Round3,Q2,306,306.0,EMIRATES,0.8526,897.5,429.9,59.0,45.0,1920,1080,0.128,927.0,452.4
Round3,Q2,307,307.0,EMIRATES,0.8971,955.1,292.4,84.3,28.1,1920,1080,0.114,997.2,306.5
Round3,Q2,308,308.0,EMIRATES,0.8927,1006.8,303.0,87.9,26.4,1920,1080,0.112,1050.7,316.2
Round3,Q2,309,309.0,EMIRATES,0.886,936.5,281.0,74.4,27.4,1920,1080,0.098,973.6,294.7
Round3,Q2,310,310.0,EMIRATES,0.8906,967.0,309.5,90.2,29.8,1920,1080,0.13,1012.1,324.4
Round3,Q2,311,311.0,EMIRATES,0.9005,999.6,370.2,92.5,33.7,1920,1080,0.15,1045.9,387.0
Round3,Q2,312,312.0,EMIRATES,0.8795,809.8,299.6,90.8,33.7,1920,1080,0.147,855.2,316.4
Round3,Q2,313,313.0,EMIRATES,0.8792,830.1,372.7,88.3,33.6,1920,1080,0.143,874.3,389.6
Round3,Q2,317,317.0,EMIRATES,0.8981,995.2,359.2,53.3,20.0,1920,1080,0.051,1021.8,369.3
Round3,Q2,318,318.0,EMIRATES,0.8989,1053.8,354.5,48.3,16.8,1920,1080,0.039,1078.0,363.0
Round3,Q2,327,327.0,EMIRATES,0.8805,1306.1,1037.5,60.3,18.5,1920,1080,0.054,1336.2,1046.8
Round3,Q2,328,328.0,EMIRATES,0.9005,1222.9,206.3,35.3,11.6,1920,1080,0.02,1240.6,212.1
Round3,Q2,328,328.0,EMIRATES,0.8698,746.6,552.9,41.4,16.5,1920,1080,0.033,767.3,561.2
Round3,Q2,328,328.0,EMIRATES,0.8526,663.1,663.8,48.1,15.1,1920,1080,0.035,687.2,671.4
Round3,Q2,328,328.0,EMIRATES,0.4527,1897.5,55.3,22.5,155.1,1920,1080,0.168,1908.8,132.9
Round3,Q2,329,329.0,EMIRATES,0.9049,288.8,550.7,35.6,15.2,1920,1080,0.026,306.6,558.3
Round3,Q2,329,329.0,EMIRATES,0.8876,925.4,98.1,40.3,13.8,1920,1080,0.027,945.5,105.1
Round3,Q2,329,329.0,EMIRATES,0.5807,970.8,501.4,37.5,19.6,1920,1080,0.035,989.5,511.2
Round3,Q2,330,330.0,EMIRATES,0.8439,2.3,122.8,45.2,15.0,1920,1080,0.033,24.9,130.3
Round3,Q2,330,330.0,EMIRATES,0.3981,1184.0,2.3,52.2,68.8,1920,1080,0.173,1210.1,36.7
Round3,Q2,331,331.0,EMIRATES,0.368,710.0,229.6,22.5,13.1,1920,1080,0.014,721.2,236.1
Round3,Q2,332,332.0,EMIRATES,0.7924,795.5,374.2,42.3,16.6,1920,1080,0.034,816.6,382.5
Round3,Q2,333,333.0,EMIRATES,0.8673,186.0,203.2,45.0,14.8,1920,1080,0.032,208.5,210.6
Round3,Q2,333,333.0,EMIRATES,0.7458,1260.6,401.3,32.4,17.1,1920,1080,0.027,1276.8,409.9
Round3,Q2,334,334.0,EMIRATES,0.7169,1701.3,435.4,13.2,58.8,1920,1080,0.037,1707.8,464.8
Round3,Q2,334,334.0,EMIRATES,0.6257,1350.7,388.3,13.6,55.7,1920,1080,0.037,1357.5,416.2
Round3,Q2,334,334.0,EMIRATES,0.3906,1704.9,384.8,14.4,46.9,1920,1080,0.032,1712.1,408.3
Round3,Q2,334,334.0,EMIRATES,0.3825,1518.1,409.8,12.9,59.3,1920,1080,0.037,1524.6,439.4
Round3,Q2,334,334.0,EMIRATES,0.3078,1518.1,363.6,14.9,107.2,1920,1080,0.077,1525.5,417.2
Round3,Q2,335,335.0,EMIRATES,0.8768,1319.2,466.5,48.2,20.1,1920,1080,0.047,1343.2,476.5
Round3,Q2,335,335.0,EMIRATES,0.8762,1763.2,859.9,63.8,22.0,1920,1080,0.068,1795.1,870.9
Round3,Q2,336,336.0,EMIRATES,0.7735,1857.5,323.2,50.3,17.7,1920,1080,0.043,1882.7,332.0
Round3,Q2,337,337.0,EMIRATES,0.7247,913.4,437.4,37.6,10.3,1920,1080,0.019,932.2,442.6
Round3,Q2,340,340.0,EMIRATES,0.87,833.3,366.5,45.7,18.8,1920,1080,0.041,856.2,375.9
Round3,Q2,343,343.0,EMIRATES,0.8781,891.1,450.5,38.5,18.0,1920,1080,0.033,910.3,459.5
Round3,Q2,343,343.0,EMIRATES,0.8754,111.6,832.6,58.4,17.8,1920,1080,0.05,140.7,841.5
Round3,Q2,344,344.0,EMIRATES,0.9144,1146.5,464.5,34.9,15.0,1920,1080,0.025,1163.9,472.0
Round3,Q2,344,344.0,EMIRATES,0.7848,310.9,787.0,24.6,20.5,1920,1080,0.024,323.2,797.2
Round3,Q2,344,344.0,EMIRATES,0.6695,793.0,277.6,18.5,21.6,1920,1080,0.019,802.3,288.4
Round3,Q2,346,346.0,EMIRATES,0.8898,1114.3,412.2,134.1,51.5,1920,1080,0.333,1181.3,438.0
Round3,Q2,347,347.0,EMIRATES,0.8935,967.0,433.6,168.1,50.2,1920,1080,0.407,1051.1,458.7
Round3,Q2,348,348.0,EMIRATES,0.9045,1114.1,390.8,136.3,50.0,1920,1080,0.328,1182.2,415.8
Round3,Q2,349,349.0,EMIRATES,0.7601,244.4,39.0,78.0,46.7,1920,1080,0.175,283.4,62.3
Round3,Q2,349,349.0,CYBERCX,0.3863,2.6,258.9,115.1,87.9,1920,1080,0.488,60.2,302.9
Round3,Q2,350,350.0,EMIRATES,0.7282,247.1,51.5,79.3,48.1,1920,1080,0.184,286.7,75.5
Round3,Q2,350,350.0,CYBERCX,0.5566,3.0,261.3,116.5,86.4,1920,1080,0.485,61.2,304.5
Round3,Q2,351,351.0,EMIRATES,0.7618,196.0,64.3,79.0,49.1,1920,1080,0.187,235.5,88.8
Round3,Q2,351,351.0,CYBERCX,0.6246,0.0,267.8,52.8,81.9,1920,1080,0.208,26.4,308.8
Round3,Q2,352,352.0,EMIRATES,0.8796,1101.7,340.8,80.6,26.3,1920,1080,0.102,1142.0,353.9
Round3,Q2,353,353.0,EMIRATES,0.8924,948.3,390.8,64.6,22.3,1920,1080,0.07,980.5,402.0
Round3,Q2,353,353.0,EMIRATES,0.6492,1076.8,385.4,40.0,14.9,1920,1080,0.029,1096.8,392.8
Round3,Q2,354,354.0,EMIRATES,0.6096,942.2,346.6,39.9,26.0,1920,1080,0.05,962.1,359.6
Round3,Q2,354,354.0,EMIRATES,0.3274,1054.9,325.1,33.7,14.6,1920,1080,0.024,1071.7,332.3
Round3,Q2,355,355.0,EMIRATES,0.8703,897.2,275.6,54.5,22.9,1920,1080,0.06,924.4,287.0
Round3,Q2,355,355.0,EMIRATES,0.813,441.3,913.3,61.6,23.0,1920,1080,0.068,472.1,924.8
Round3,Q2,356,356.0,EMIRATES,0.864,917.7,238.4,54.6,19.2,1920,1080,0.051,945.0,248.0
Round3,Q2,357,357.0,EMIRATES,0.8862,966.3,227.5,55.5,20.5,1920,1080,0.055,994.1,237.8
Round3,Q2,357,357.0,EMIRATES,0.3387,1076.0,163.5,32.5,17.6,1920,1080,0.028,1092.2,172.3
Round3,Q2,357,357.0,EMIRATES,0.3117,0.1,1007.4,13.4,68.9,1920,1080,0.044,6.8,1041.9
Round3,Q2,358,358.0,EMIRATES,0.875,1020.5,236.8,54.8,25.9,1920,1080,0.068,1047.9,249.7
Round3,Q2,359,359.0,EMIRATES,0.8766,1074.9,265.8,60.4,18.5,1920,1080,0.054,1105.1,275.0
Round3,Q2,360,360.0,EMIRATES,0.9021,1077.7,284.4,60.1,18.6,1920,1080,0.054,1107.7,293.7
Round3,Q2,361,361.0,EMIRATES,0.884,1061.7,294.4,58.2,20.2,1920,1080,0.057,1090.8,304.5
Round3,Q2,362,362.0,EMIRATES,0.8896,1014.6,294.2,42.8,25.2,1920,1080,0.052,1036.1,306.8
Round3,Q2,362,362.0,EMIRATES,0.4485,1228.3,760.7,40.5,17.4,1920,1080,0.034,1248.6,769.4
Round3,Q2,363,363.0,EMIRATES,0.8422,1062.3,298.4,30.0,18.8,1920,1080,0.027,1077.3,307.8
Round3,Q2,363,363.0,EMIRATES,0.3367,1384.0,935.4,48.9,18.6,1920,1080,0.044,1408.5,944.7
Round3,Q2,364,364.0,EMIRATES,0.8796,1064.2,300.7,32.8,19.6,1920,1080,0.031,1080.6,310.5
Round3,Q2,365,365.0,EMIRATES,0.7872,487.5,795.5,63.1,27.7,1920,1080,0.084,519.1,809.4
Round3,Q2,366,366.0,EMIRATES,0.9071,1694.6,932.6,37.4,16.2,1920,1080,0.029,1713.3,940.7
Round3,Q2,366,366.0,EMIRATES,0.8887,906.4,192.3,70.8,25.4,1920,1080,0.087,941.8,205.0
Round3,Q2,366,366.0,EMIRATES,0.7098,532.8,890.9,51.0,28.8,1920,1080,0.071,558.4,905.3
Round3,Q2,367,367.0,EMIRATES,0.9022,1705.2,938.3,40.7,17.4,1920,1080,0.034,1725.6,947.0
Round3,Q2,367,367.0,EMIRATES,0.8597,889.1,153.6,63.3,24.3,1920,1080,0.074,920.7,165.7
Round3,Q2,368,368.0,EMIRATES,0.9005,965.3,762.8,143.0,58.2,1920,1080,0.402,1036.8,791.9
Round3,Q2,369,369.0,EMIRATES,0.887,937.1,651.1,132.8,64.8,1920,1080,0.415,1003.5,683.5
Round3,Q2,370,370.0,EMIRATES,0.7011,1902.3,743.8,17.1,76.2,1920,1080,0.063,1910.8,781.9
Round3,Q2,370,370.0,EMIRATES,0.6346,1233.4,732.9,14.2,73.6,1920,1080,0.05,1240.5,769.7
Round3,Q2,370,370.0,EMIRATES,0.4066,1902.0,672.1,17.3,70.0,1920,1080,0.058,1910.6,707.1
Round3,Q2,370,370.0,EMIRATES,0.3874,907.8,668.8,15.9,60.9,1920,1080,0.047,915.7,699.2
Round3,Q2,371,371.0,EMIRATES,0.7994,1896.3,749.5,20.7,80.4,1920,1080,0.08,1906.6,789.7
Round3,Q2,371,371.0,EMIRATES,0.7461,869.8,740.6,17.9,76.9,1920,1080,0.066,878.7,779.1
Round3,Q2,371,371.0,EMIRATES,0.7451,1204.4,743.4,15.9,75.2,1920,1080,0.058,1212.4,781.0
Round3,Q2,371,371.0,EMIRATES,0.7442,1895.5,679.2,17.5,68.3,1920,1080,0.058,1904.3,713.3
Round3,Q2,372,372.0,EMIRATES,0.7608,1874.9,756.4,16.1,83.0,1920,1080,0.064,1883.0,797.9
Round3,Q2,372,372.0,EMIRATES,0.7412,814.7,749.7,17.4,79.4,1920,1080,0.067,823.4,789.5
Round3,Q2,372,372.0,EMIRATES,0.7165,1514.6,751.7,18.2,81.2,1920,1080,0.071,1523.7,792.3
Round3,Q2,372,372.0,EMIRATES,0.6822,1162.0,747.3,17.2,83.1,1920,1080,0.069,1170.6,788.9
Round3,Q2,372,372.0,EMIRATES,0.6174,1874.9,686.4,15.8,67.1,1920,1080,0.051,1882.8,719.9
Round3,Q2,372,372.0,EMIRATES,0.5744,1514.5,682.9,16.2,66.9,1920,1080,0.052,1522.6,716.4
Round3,Q2,372,372.0,EMIRATES,0.4886,812.6,680.5,16.8,65.5,1920,1080,0.053,821.0,713.2
Round3,Q2,372,372.0,EMIRATES,0.4024,1160.9,679.7,15.4,63.7,1920,1080,0.047,1168.6,711.6
Round3,Q2,373,373.0,EMIRATES,0.464,1058.0,820.0,21.7,91.4,1920,1080,0.096,1068.9,865.7
Round3,Q2,373,373.0,EMIRATES,0.4197,1829.4,752.3,17.9,79.9,1920,1080,0.069,1838.4,792.2
Round3,Q2,373,373.0,EMIRATES,0.4126,1058.5,747.9,20.7,75.9,1920,1080,0.076,1068.9,785.9
Round3,Q2,374,374.0,EMIRATES,0.8212,357.3,1038.1,30.9,41.9,1920,1080,0.062,372.8,1059.1
Round3,Q2,374,374.0,EMIRATES,0.7274,1453.6,1037.0,26.4,41.9,1920,1080,0.053,1466.8,1057.9
Round3,Q2,375,375.0,EMIRATES,0.8819,1038.6,788.0,229.3,109.0,1920,1080,1.205,1153.3,842.5
Round3,Q2,377,377.0,EMIRATES,0.8267,1592.0,715.3,180.7,33.7,1920,1080,0.293,1682.4,732.1
Round3,Q2,377,377.0,EMIRATES,0.6832,994.0,610.3,74.3,57.0,1920,1080,0.204,1031.2,638.8
Round3,Q2,378,378.0,EMIRATES,0.7745,132.1,170.6,70.6,51.8,1920,1080,0.176,167.5,196.5
Round3,Q2,379,379.0,EMIRATES,0.81,55.6,169.3,70.9,49.6,1920,1080,0.17,91.1,194.1
Round3,Q2,380,380.0,EMIRATES,0.7832,63.8,170.7,76.1,48.4,1920,1080,0.177,101.9,194.9
Round3,Q2,381,381.0,EMIRATES,0.8151,317.2,1049.1,69.0,29.0,1920,1080,0.096,351.7,1063.6
Round3,Q2,381,381.0,CYBERCX,0.5707,139.2,974.6,132.2,54.7,1920,1080,0.349,205.3,1002.0
Round3,Q2,381,381.0,EMIRATES,0.3786,1208.4,333.5,78.3,27.6,1920,1080,0.104,1247.6,347.3
Round3,Q2,385,385.0,EMIRATES,0.4922,1769.8,776.4,66.0,236.3,1920,1080,0.752,1802.8,894.6
Round3,Q2,385,385.0,CYBERCX,0.4556,1509.5,396.3,179.9,70.0,1920,1080,0.607,1599.5,431.3
Round3,Q2,386,386.0,EMIRATES,0.6344,1743.8,780.8,65.5,299.2,1920,1080,0.945,1776.6,930.4
Round3,Q2,387,387.0,EMIRATES,0.4297,1744.2,766.9,64.4,313.1,1920,1080,0.973,1776.4,923.5
Round3,Q2,388,388.0,EMIRATES,0.5636,1743.5,770.1,60.7,309.9,1920,1080,0.907,1773.8,925.0
Round3,Q2,388,388.0,EMIRATES,0.3915,139.2,727.1,74.4,254.0,1920,1080,0.911,176.4,854.1
Round3,Q2,389,389.0,EMIRATES,0.6536,1741.7,769.7,65.5,308.6,1920,1080,0.974,1774.5,924.0
Round3,Q2,389,389.0,EMIRATES,0.5617,136.6,745.4,70.0,330.8,1920,1080,1.117,171.6,910.9
Round3,Q2,390,390.0,EMIRATES,0.7231,1738.5,778.2,64.4,301.8,1920,1080,0.937,1770.7,929.1
Round3,Q2,390,390.0,EMIRATES,0.5484,134.4,747.6,66.5,252.2,1920,1080,0.809,167.6,873.7
Round3,Q2,399,399.0,CYBERCX,0.9049,1519.0,103.4,143.1,131.0,1920,1080,0.904,1590.6,168.9
Round3,Q2,399,399.0,CYBERCX,0.805,1793.2,220.6,126.8,199.7,1920,1080,1.221,1856.6,320.5
Round3,Q2,400,400.0,CYBERCX,0.9168,1611.5,123.6,142.8,129.4,1920,1080,0.891,1682.9,188.3
Round3,Q2,400,400.0,CYBERCX,0.5747,1895.9,250.2,23.9,127.4,1920,1080,0.147,1907.8,314.0
Round3,Q2,400,400.0,EMIRATES,0.3259,1439.8,335.3,34.5,41.8,1920,1080,0.07,1457.0,356.2
Round3,Q2,401,401.0,EMIRATES,0.8956,76.2,156.6,102.9,33.1,1920,1080,0.164,127.7,173.1
Round3,Q2,401,401.0,CYBERCX,0.7111,1862.8,242.1,57.1,147.6,1920,1080,0.407,1891.3,315.9
Round3,Q2,401,401.0,EMIRATES,0.5111,1412.5,333.8,34.7,40.3,1920,1080,0.068,1429.8,354.0
Round3,Q2,401,401.0,CYBERCX,0.3904,1848.7,236.2,71.3,259.3,1920,1080,0.892,1884.3,365.8
Round3,Q2,402,402.0,EMIRATES,0.904,86.8,263.5,146.0,45.5,1920,1080,0.321,159.8,286.3
Round3,Q2,402,402.0,CYBERCX,0.8567,1597.5,157.5,91.7,94.4,1920,1080,0.417,1643.3,204.7
Round3,Q2,402,402.0,CYBERCX,0.8014,1822.2,238.5,97.8,165.4,1920,1080,0.78,1871.1,321.3
Round3,Q2,403,403.0,EMIRATES,0.9018,483.2,391.9,92.1,32.3,1920,1080,0.143,529.2,408.0
Round3,Q2,403,403.0,EMIRATES,0.8909,820.8,367.1,95.2,38.3,1920,1080,0.176,868.4,386.2
Round3,Q2,403,403.0,EMIRATES,0.8899,1144.9,375.2,64.5,24.7,1920,1080,0.077,1177.2,387.6
Round3,Q2,404,404.0,EMIRATES,0.8972,776.5,389.3,45.9,20.9,1920,1080,0.046,799.4,399.8
Round3,Q2,404,404.0,EMIRATES,0.8946,231.9,434.9,53.9,24.5,1920,1080,0.064,258.9,447.2
Round3,Q2,404,404.0,EMIRATES,0.8849,426.9,406.6,73.4,23.9,1920,1080,0.084,463.6,418.5
Round3,Q2,404,404.0,EMIRATES,0.878,613.8,423.5,55.7,19.5,1920,1080,0.053,641.7,433.3
Round3,Q2,404,404.0,EMIRATES,0.8757,957.3,382.5,77.7,26.4,1920,1080,0.099,996.2,395.8
Round3,Q2,404,404.0,EMIRATES,0.5924,1327.5,513.7,66.7,32.7,1920,1080,0.105,1360.9,530.0
Round3,Q2,405,405.0,EMIRATES,0.8966,701.1,379.4,47.0,21.8,1920,1080,0.049,724.6,390.3
Round3,Q2,405,405.0,EMIRATES,0.8937,522.4,390.1,76.2,24.1,1920,1080,0.088,560.6,402.1
Round3,Q2,405,405.0,EMIRATES,0.8811,1034.4,363.2,83.4,24.7,1920,1080,0.1,1076.1,375.6
Round3,Q2,405,405.0,EMIRATES,0.874,426.6,433.3,52.8,19.6,1920,1080,0.05,453.0,443.1
Round3,Q2,406,406.0,EMIRATES,0.891,674.4,369.9,61.1,19.4,1920,1080,0.057,705.0,379.6
Round3,Q2,406,406.0,EMIRATES,0.8901,578.7,383.9,70.0,21.2,1920,1080,0.072,613.7,394.5
Round3,Q2,406,406.0,EMIRATES,0.8661,906.6,361.4,62.8,26.2,1920,1080,0.079,938.0,374.5
Round3,Q2,407,407.0,EMIRATES,0.9015,700.2,382.2,51.1,18.3,1920,1080,0.045,725.8,391.3
Round3,Q2,407,407.0,EMIRATES,0.8888,600.8,394.8,64.7,20.1,1920,1080,0.063,633.1,404.9
Round3,Q2,407,407.0,EMIRATES,0.8399,842.9,367.3,70.4,30.3,1920,1080,0.103,878.1,382.5
Round3,Q2,407,407.0,EMIRATES,0.6139,414.0,412.6,28.5,21.0,1920,1080,0.029,428.2,423.1
Round3,Q2,408,408.0,EMIRATES,0.8995,415.0,405.4,55.2,23.3,1920,1080,0.062,442.6,417.0
Round3,Q2,408,408.0,EMIRATES,0.8902,606.4,382.7,57.3,18.5,1920,1080,0.051,635.0,392.0
Round3,Q2,408,408.0,EMIRATES,0.8847,835.1,360.8,65.3,29.4,1920,1080,0.092,867.7,375.5
Round3,Q2,408,408.0,EMIRATES,0.8794,731.1,376.1,54.9,17.1,1920,1080,0.045,758.6,384.6
Round3,Q2,409,409.0,EMIRATES,0.8986,465.3,403.8,58.6,18.8,1920,1080,0.053,494.5,413.3
Round3,Q2,409,409.0,EMIRATES,0.8884,769.7,390.4,52.7,16.7,1920,1080,0.042,796.1,398.8
Round3,Q2,409,409.0,EMIRATES,0.8798,892.4,366.7,48.4,22.7,1920,1080,0.053,916.6,378.1
Round3,Q2,409,409.0,EMIRATES,0.8741,612.7,381.8,57.8,22.9,1920,1080,0.064,641.6,393.2
Round3,Q2,410,410.0,EMIRATES,0.8846,1057.6,393.0,56.3,16.9,1920,1080,0.046,1085.7,401.5
Round3,Q2,410,410.0,EMIRATES,0.3939,282.4,395.9,38.4,18.5,1920,1080,0.034,301.6,405.2
Round3,Q2,411,411.0,EMIRATES,0.909,480.8,405.3,44.7,18.0,1920,1080,0.039,503.1,414.3
Round3,Q2,411,411.0,EMIRATES,0.905,238.7,369.5,45.4,27.4,1920,1080,0.06,261.4,383.2
Round3,Q2,411,411.0,EMIRATES,0.8804,1367.1,370.7,56.6,17.1,1920,1080,0.047,1395.4,379.2
Round3,Q2,411,411.0,EMIRATES,0.877,704.0,365.1,58.6,16.7,1920,1080,0.047,733.3,373.4
Round3,Q2,413,413.0,EMIRATES,0.675,1510.3,3.6,87.2,260.6,1920,1080,1.096,1554.0,133.9
Round3,Q2,414,414.0,EMIRATES,0.8585,443.8,525.6,73.2,24.5,1920,1080,0.087,480.4,537.9
Round3,Q2,414,414.0,EMIRATES,0.8204,196.8,3.7,72.9,234.7,1920,1080,0.825,233.2,121.0
Round3,Q2,414,414.0,EMIRATES,0.7583,1682.9,3.5,71.5,260.5,1920,1080,0.898,1718.6,133.7
Round3,Q2,417,417.0,EMIRATES,0.8607,463.0,335.2,68.1,26.2,1920,1080,0.086,497.1,348.3
Round3,Q2,417,417.0,EMIRATES,0.4018,1587.0,84.0,62.3,17.6,1920,1080,0.053,1618.1,92.8
Round3,Q2,419,419.0,EMIRATES,0.8782,810.9,807.3,127.8,38.5,1920,1080,0.237,874.8,826.6
Round3,Q2,419,419.0,EMIRATES,0.8628,1520.0,307.4,94.2,32.4,1920,1080,0.147,1567.1,323.6
Round3,Q2,419,419.0,EMIRATES,0.6992,1799.4,725.5,117.9,58.0,1920,1080,0.33,1858.3,754.5
Round3,Q2,420,420.0,EMIRATES,0.6233,1616.1,250.0,77.0,29.8,1920,1080,0.111,1654.6,264.9
Round3,Q2,420,420.0,EMIRATES,0.5083,1151.3,648.0,118.5,43.6,1920,1080,0.249,1210.5,669.8
Round3,Q2,421,421.0,EMIRATES,0.8468,1850.9,307.6,63.9,22.2,1920,1080,0.068,1882.9,318.7
Round3,Q2,422,422.0,EMIRATES,0.8865,894.7,282.5,56.3,24.6,1920,1080,0.067,922.9,294.8
Round3,Q2,423,423.0,EMIRATES,0.7506,990.2,560.4,55.7,36.8,1920,1080,0.099,1018.0,578.8
Round3,Q2,424,424.0,EMIRATES,0.8957,1004.3,800.1,203.4,64.7,1920,1080,0.634,1105.9,832.5
Round3,Q2,425,425.0,EMIRATES,0.91,959.7,677.7,216.4,68.1,1920,1080,0.711,1067.9,711.8
Round3,Q2,431,431.0,EMIRATES,0.8571,1828.4,589.0,29.4,9.1,1920,1080,0.013,1843.1,593.6
Round3,Q2,431,431.0,EMIRATES,0.4421,194.0,585.1,15.5,8.9,1920,1080,0.007,201.8,589.6
Round3,Q2,431,431.0,EMIRATES,0.3182,927.3,391.6,19.1,10.4,1920,1080,0.01,936.8,396.8
Round3,Q2,432,432.0,EMIRATES,0.8848,1050.1,431.1,43.8,18.3,1920,1080,0.039,1072.0,440.2
Round3,Q2,432,432.0,EMIRATES,0.8512,415.7,605.1,32.5,12.0,1920,1080,0.019,432.0,611.1
Round3,Q2,433,433.0,EMIRATES,0.853,1361.2,351.7,49.9,18.1,1920,1080,0.044,1386.1,360.7
Round3,Q2,433,433.0,EMIRATES,0.8419,375.2,467.5,53.7,15.6,1920,1080,0.04,402.1,475.3
Round3,Q2,434,434.0,EMIRATES,0.8452,1431.7,351.8,47.8,12.1,1920,1080,0.028,1455.6,357.9
Round3,Q2,434,434.0,EMIRATES,0.8374,453.6,388.5,49.8,19.2,1920,1080,0.046,478.5,398.1
Round3,Q2,435,435.0,EMIRATES,0.8885,287.5,511.8,53.3,20.8,1920,1080,0.053,314.2,522.2
Round3,Q2,435,435.0,EMIRATES,0.8843,1767.8,629.1,49.1,21.1,1920,1080,0.05,1792.4,639.6
Round3,Q2,435,435.0,EMIRATES,0.8642,1133.0,484.0,51.9,17.2,1920,1080,0.043,1159.0,492.6
Round3,Q2,435,435.0,EMIRATES,0.8083,1419.0,736.9,49.2,13.3,1920,1080,0.032,1443.6,743.6
Round3,Q2,436,436.0,EMIRATES,0.8839,1220.8,628.0,52.9,18.0,1920,1080,0.046,1247.3,637.0
Round3,Q2,436,436.0,EMIRATES,0.8768,430.1,483.9,51.1,15.6,1920,1080,0.038,455.6,491.7
Round3,Q2,436,436.0,EMIRATES,0.8733,972.2,769.1,42.5,28.7,1920,1080,0.059,993.4,783.5
Round3,Q2,437,437.0,EMIRATES,0.8911,320.7,490.4,29.0,17.5,1920,1080,0.024,335.2,499.1
Round3,Q2,437,437.0,EMIRATES,0.8872,718.7,429.3,40.1,13.4,1920,1080,0.026,738.8,436.0
Round3,Q2,437,437.0,EMIRATES,0.8765,808.5,807.8,35.9,16.5,1920,1080,0.029,826.5,816.1
Round3,Q2,437,437.0,EMIRATES,0.8645,1524.4,627.0,34.5,27.3,1920,1080,0.045,1541.7,640.7
Round3,Q2,450,450.0,EMIRATES,0.8711,333.0,335.7,25.5,18.8,1920,1080,0.023,345.7,345.1
Round3,Q2,460,460.0,EMIRATES,0.8562,271.4,431.1,109.3,34.2,1920,1080,0.18,326.0,448.2
Round3,Q2,473,473.0,EMIRATES,0.8603,1394.5,610.4,53.1,21.6,1920,1080,0.055,1421.1,621.2
Round3,Q2,473,473.0,EMIRATES,0.3257,1397.0,483.6,66.2,28.6,1920,1080,0.091,1430.1,497.9
Round3,Q2,474,474.0,EMIRATES,0.8476,851.4,352.3,61.5,15.8,1920,1080,0.047,882.2,360.3
Round3,Q2,475,475.0,EMIRATES,0.4423,1582.8,372.0,47.4,16.0,1920,1080,0.037,1606.5,380.0
Round3,Q2,475,475.0,EMIRATES,0.3187,626.2,458.9,16.7,13.9,1920,1080,0.011,634.5,465.9
Round3,Q2,476,476.0,EMIRATES,0.8927,600.7,406.6,36.4,12.7,1920,1080,0.022,618.9,412.9
Round3,Q2,485,485.0,CRUSADER_CARAVANS,0.8196,707.7,264.1,44.4,24.3,1920,1080,0.052,729.9,276.3
Round3,Q2,485,485.0,CRUSADER_CARAVANS,0.8145,1573.6,232.6,50.7,23.1,1920,1080,0.056,1599.0,244.2
Round3,Q2,485,485.0,CRUSADER_CARAVANS,0.8112,646.5,110.9,44.8,21.8,1920,1080,0.047,668.8,121.8
Round3,Q2,485,485.0,CRUSADER_CARAVANS,0.8071,1205.5,93.0,203.0,22.8,1920,1080,0.223,1307.1,104.4
Round3,Q2,485,485.0,CRUSADER_CARAVANS,0.804,1332.7,235.3,238.3,23.9,1920,1080,0.274,1451.8,247.2
Round3,Q2,485,485.0,CRUSADER_CARAVANS,0.8008,434.7,113.3,203.9,24.5,1920,1080,0.241,536.6,125.5
Round3,Q2,485,485.0,CRUSADER_CARAVANS,0.7994,155.4,309.0,48.4,26.6,1920,1080,0.062,179.6,322.3
Round3,Q2,485,485.0,CRUSADER_CARAVANS,0.7956,1678.7,81.5,46.9,19.8,1920,1080,0.045,1702.1,91.5
Round3,Q2,485,485.0,CRUSADER_CARAVANS,0.7897,1461.6,84.3,207.3,23.7,1920,1080,0.237,1565.2,96.2
Round3,Q2,485,485.0,CRUSADER_CARAVANS,0.7756,1628.8,229.2,250.4,24.2,1920,1080,0.292,1754.0,241.3
Round3,Q2,485,485.0,CRUSADER_CARAVANS,0.7742,900.7,104.9,43.7,19.9,1920,1080,0.042,922.5,114.9
Round3,Q2,485,485.0,CRUSADER_CARAVANS,0.7702,696.2,106.2,200.9,23.1,1920,1080,0.224,796.7,117.8
Round3,Q2,485,485.0,CRUSADER_CARAVANS,0.7672,948.5,99.5,198.4,22.8,1920,1080,0.218,1047.8,110.9
Round3,Q2,485,485.0,CRUSADER_CARAVANS,0.7591,987.7,250.3,48.0,21.9,1920,1080,0.051,1011.7,261.3
Round3,Q2,485,485.0,CRUSADER_CARAVANS,0.7584,1412.2,91.1,44.6,19.4,1920,1080,0.042,1434.5,100.8
Round3,Q2,485,485.0,CRUSADER_CARAVANS,0.7546,1731.9,74.3,188.1,23.4,1920,1080,0.212,1825.9,86.0
Round3,Q2,485,485.0,CRUSADER_CARAVANS,0.7514,759.5,253.5,223.1,27.5,1920,1080,0.295,871.1,267.3
Round3,Q2,485,485.0,CRUSADER_CARAVANS,0.7491,113.2,125.7,48.6,22.7,1920,1080,0.053,137.6,137.0
Round3,Q2,485,485.0,CRUSADER_CARAVANS,0.729,165.1,120.5,212.8,25.6,1920,1080,0.263,271.5,133.3
Round3,Q2,485,485.0,CRUSADER_CARAVANS,0.7239,383.2,118.6,46.2,21.2,1920,1080,0.047,406.3,129.1
Round3,Q2,485,485.0,CRUSADER_CARAVANS,0.7237,205.2,290.3,225.0,35.7,1920,1080,0.388,317.7,308.1
Round3,Q2,485,485.0,CRUSADER_CARAVANS,0.7234,0.0,126.4,100.8,26.2,1920,1080,0.127,50.4,139.5
Round3,Q2,485,485.0,CRUSADER_CARAVANS,0.7071,1282.1,239.5,46.6,21.9,1920,1080,0.049,1305.4,250.5
Round3,Q2,485,485.0,CRUSADER_CARAVANS,0.673,483.0,273.2,215.5,27.0,1920,1080,0.28,590.7,286.7
Round3,Q2,485,485.0,CRUSADER_CARAVANS,0.6565,1157.6,97.9,43.7,20.0,1920,1080,0.042,1179.5,107.8
Round3,Q2,485,485.0,CRUSADER_CARAVANS,0.613,1886.0,225.6,34.0,24.4,1920,1080,0.04,1903.0,237.8
Round3,Q2,485,485.0,CRUSADER_CARAVANS,0.4666,1042.5,245.0,219.6,23.2,1920,1080,0.245,1152.3,256.6
Round3,Q2,485,485.0,CRUSADER_CARAVANS,0.4225,0.0,318.4,150.8,33.7,1920,1080,0.245,75.4,335.2
Round3,Q2,486,486.0,CRUSADER_CARAVANS,0.8356,1442.7,91.2,198.6,22.7,1920,1080,0.218,1542.0,102.6
Round3,Q2,486,486.0,CRUSADER_CARAVANS,0.8049,1320.3,236.4,226.8,22.9,1920,1080,0.251,1433.7,247.9
Round3,Q2,486,486.0,CRUSADER_CARAVANS,0.7942,984.8,251.4,46.8,20.3,1920,1080,0.046,1008.2,261.6
Round3,Q2,486,486.0,CRUSADER_CARAVANS,0.79,1197.5,98.5,194.7,22.3,1920,1080,0.21,1294.9,109.7
Round3,Q2,486,486.0,CRUSADER_CARAVANS,0.7876,946.0,106.0,196.4,21.7,1920,1080,0.206,1044.2,116.8
Round3,Q2,486,486.0,CRUSADER_CARAVANS,0.7843,1600.9,230.0,243.8,24.0,1920,1080,0.282,1722.8,242.0
Round3,Q2,486,486.0,CRUSADER_CARAVANS,0.7824,195.6,125.7,202.4,25.1,1920,1080,0.245,296.8,138.2
Round3,Q2,486,486.0,CRUSADER_CARAVANS,0.7755,1701.8,81.4,216.3,23.5,1920,1080,0.245,1810.0,93.1
Round3,Q2,486,486.0,CRUSADER_CARAVANS,0.7687,706.0,111.7,192.3,22.6,1920,1080,0.21,802.1,123.1
Round3,Q2,486,486.0,CRUSADER_CARAVANS,0.7637,656.4,116.6,43.5,20.1,1920,1080,0.042,678.2,126.7
Round3,Q2,486,486.0,CRUSADER_CARAVANS,0.7569,1549.9,235.1,47.6,20.7,1920,1080,0.048,1573.7,245.5
Round3,Q2,486,486.0,CRUSADER_CARAVANS,0.7497,1395.0,96.8,41.7,18.8,1920,1080,0.038,1415.9,106.2
Round3,Q2,486,486.0,CRUSADER_CARAVANS,0.7476,902.0,109.9,41.7,19.1,1920,1080,0.038,922.8,119.5
Round3,Q2,486,486.0,CRUSADER_CARAVANS,0.7444,715.3,264.6,43.7,22.3,1920,1080,0.047,737.2,275.8
Round3,Q2,486,486.0,CRUSADER_CARAVANS,0.7381,1651.5,88.6,44.5,19.3,1920,1080,0.041,1673.8,98.2
Round3,Q2,486,486.0,CRUSADER_CARAVANS,0.724,762.7,254.8,219.7,25.7,1920,1080,0.272,872.6,267.6
Round3,Q2,486,486.0,CRUSADER_CARAVANS,0.723,185.1,308.0,47.3,25.6,1920,1080,0.058,208.8,320.8
Round3,Q2,486,486.0,CRUSADER_CARAVANS,0.7088,232.6,288.9,216.1,33.5,1920,1080,0.349,340.6,305.6
Round3,Q2,486,486.0,CRUSADER_CARAVANS,0.7079,143.2,132.0,47.2,20.8,1920,1080,0.047,166.8,142.4
Round3,Q2,486,486.0,CRUSADER_CARAVANS,0.6967,1849.4,228.0,53.2,22.1,1920,1080,0.057,1876.0,239.1
Round3,Q2,486,486.0,CRUSADER_CARAVANS,0.6929,1148.8,103.7,43.5,19.3,1920,1080,0.04,1170.5,113.4
Round3,Q2,486,486.0,CRUSADER_CARAVANS,0.6911,403.6,123.2,44.1,22.0,1920,1080,0.047,425.7,134.2
Round3,Q2,486,486.0,CRUSADER_CARAVANS,0.69,0.3,132.1,133.7,26.4,1920,1080,0.17,67.2,145.3
Round3,Q2,486,486.0,CRUSADER_CARAVANS,0.6899,448.2,119.0,199.1,23.4,1920,1080,0.225,547.8,130.7
Round3,Q2,486,486.0,CRUSADER_CARAVANS,0.6387,1040.0,244.6,215.2,22.1,1920,1080,0.229,1147.6,255.6
Round3,Q2,486,486.0,CRUSADER_CARAVANS,0.5459,501.0,270.8,209.2,28.7,1920,1080,0.29,605.6,285.2
Round3,Q2,486,486.0,CRUSADER_CARAVANS,0.4786,1264.1,241.2,49.6,20.5,1920,1080,0.049,1289.0,251.4
Round3,Q2,486,486.0,CRUSADER_CARAVANS,0.3323,0.0,316.6,179.4,35.8,1920,1080,0.31,89.7,334.5
Round3,Q2,487,487.0,CRUSADER_CARAVANS,0.8382,1636.4,163.6,211.2,23.3,1920,1080,0.238,1742.0,175.2
Round3,Q2,487,487.0,CRUSADER_CARAVANS,0.7994,0.0,209.7,73.7,27.0,1920,1080,0.096,36.9,223.2
Round3,Q2,487,487.0,CRUSADER_CARAVANS,0.7982,1140.3,177.0,192.1,22.4,1920,1080,0.208,1236.3,188.2
Round3,Q2,487,487.0,CRUSADER_CARAVANS,0.7922,1851.9,159.8,45.9,20.2,1920,1080,0.045,1874.9,170.0
Round3,Q2,487,487.0,CRUSADER_CARAVANS,0.7879,1588.7,168.9,43.9,19.2,1920,1080,0.041,1610.7,178.4
Round3,Q2,487,487.0,CRUSADER_CARAVANS,0.7828,657.6,342.8,44.9,21.9,1920,1080,0.047,680.1,353.7
Round3,Q2,487,487.0,CRUSADER_CARAVANS,0.7772,891.7,182.6,191.6,22.9,1920,1080,0.211,987.5,194.1
Round3,Q2,487,487.0,CRUSADER_CARAVANS,0.7734,120.5,384.9,49.5,26.9,1920,1080,0.064,145.3,398.4
Round3,Q2,487,487.0,CRUSADER_CARAVANS,0.7675,133.3,202.8,208.9,25.9,1920,1080,0.261,237.7,215.8
Round3,Q2,487,487.0,CRUSADER_CARAVANS,0.7674,1380.0,170.1,198.1,24.4,1920,1080,0.233,1479.1,182.3
Round3,Q2,487,487.0,CRUSADER_CARAVANS,0.7648,1090.7,181.2,44.4,20.0,1920,1080,0.043,1113.0,191.2
Round3,Q2,487,487.0,CRUSADER_CARAVANS,0.7613,393.7,194.9,197.4,24.9,1920,1080,0.237,492.4,207.4
Round3,Q2,487,487.0,CRUSADER_CARAVANS,0.7608,1335.9,175.4,43.5,19.7,1920,1080,0.041,1357.7,185.3
Round3,Q2,487,487.0,CRUSADER_CARAVANS,0.7565,76.7,208.8,53.4,23.1,1920,1080,0.06,103.4,220.4
Round3,Q2,487,487.0,CRUSADER_CARAVANS,0.7517,647.9,189.4,193.6,22.1,1920,1080,0.206,744.7,200.4
Round3,Q2,487,487.0,CRUSADER_CARAVANS,0.7493,705.3,332.3,217.1,23.7,1920,1080,0.248,813.9,344.1
Round3,Q2,487,487.0,CRUSADER_CARAVANS,0.7461,1259.0,313.3,227.2,22.8,1920,1080,0.25,1372.6,324.7
Round3,Q2,487,487.0,CRUSADER_CARAVANS,0.7386,345.0,201.0,44.6,21.5,1920,1080,0.046,367.3,211.7
Round3,Q2,487,487.0,CRUSADER_CARAVANS,0.7196,1783.9,308.1,52.6,22.4,1920,1080,0.057,1810.2,319.3
Round3,Q2,487,487.0,CRUSADER_CARAVANS,0.7086,1840.0,306.8,79.8,22.1,1920,1080,0.085,1879.9,317.8
Round3,Q2,487,487.0,CRUSADER_CARAVANS,0.6716,599.4,193.6,45.0,20.7,1920,1080,0.045,621.9,204.0
Round3,Q2,487,487.0,CRUSADER_CARAVANS,0.6492,170.1,367.9,221.3,35.2,1920,1080,0.375,280.7,385.4
Round3,Q2,487,487.0,CRUSADER_CARAVANS,0.6378,845.9,187.9,43.2,19.8,1920,1080,0.041,867.5,197.8
Round3,Q2,487,487.0,CRUSADER_CARAVANS,0.4283,1902.6,158.9,17.4,20.3,1920,1080,0.017,1911.3,169.0
Round3,Q2,487,487.0,CRUSADER_CARAVANS,0.3532,1513.1,309.1,263.2,23.7,1920,1080,0.301,1644.7,321.0
Round3,Q2,487,487.0,CRUSADER_CARAVANS,0.3439,0.7,390.8,115.6,32.6,1920,1080,0.182,58.4,407.1
Round3,Q2,488,488.0,CRUSADER_CARAVANS,0.8392,949.6,229.9,232.4,26.6,1920,1080,0.298,1065.8,243.2
Round3,Q2,488,488.0,CRUSADER_CARAVANS,0.8365,1817.1,211.8,56.0,23.8,1920,1080,0.064,1845.1,223.8
Round3,Q2,488,488.0,CRUSADER_CARAVANS,0.832,1246.0,223.1,241.8,26.0,1920,1080,0.303,1366.9,236.2
Round3,Q2,488,488.0,CRUSADER_CARAVANS,0.8274,1498.9,220.6,53.1,23.1,1920,1080,0.059,1525.5,232.2
Round3,Q2,488,488.0,CRUSADER_CARAVANS,0.825,638.1,237.7,238.5,24.5,1920,1080,0.282,757.3,250.0
Round3,Q2,488,488.0,CRUSADER_CARAVANS,0.8229,402.1,420.6,278.1,30.3,1920,1080,0.407,541.1,435.8
Round3,Q2,488,488.0,CRUSADER_CARAVANS,0.8195,324.0,242.7,251.4,25.4,1920,1080,0.308,449.7,255.5
Round3,Q2,488,488.0,CRUSADER_CARAVANS,0.8171,0.0,460.7,46.7,29.3,1920,1080,0.066,23.3,475.4
Round3,Q2,488,488.0,CRUSADER_CARAVANS,0.8118,1559.7,215.1,249.8,26.6,1920,1080,0.32,1684.6,228.4
Round3,Q2,488,488.0,CRUSADER_CARAVANS,0.806,684.9,415.8,56.9,26.2,1920,1080,0.072,713.3,428.9
Round3,Q2,488,488.0,CRUSADER_CARAVANS,0.8032,887.7,234.7,54.8,23.4,1920,1080,0.062,915.1,246.4
Round3,Q2,488,488.0,CRUSADER_CARAVANS,0.798,0.0,249.9,252.7,25.8,1920,1080,0.315,126.4,262.8
Round3,Q2,488,488.0,CRUSADER_CARAVANS,0.7874,1379.8,396.5,56.0,25.7,1920,1080,0.069,1407.8,409.3
Round3,Q2,488,488.0,CRUSADER_CARAVANS,0.7783,1191.3,228.6,50.8,22.4,1920,1080,0.055,1216.7,239.7
Round3,Q2,488,488.0,CRUSADER_CARAVANS,0.7711,259.8,247.5,60.4,24.4,1920,1080,0.071,290.0,259.6
Round3,Q2,488,488.0,CRUSADER_CARAVANS,0.7628,1115.5,398.5,258.4,27.5,1920,1080,0.343,1244.7,412.3
Round3,Q2,488,488.0,CRUSADER_CARAVANS,0.7287,579.5,241.1,52.6,23.2,1920,1080,0.059,605.8,252.7
Round3,Q2,488,488.0,CRUSADER_CARAVANS,0.7045,1441.5,392.4,283.6,28.7,1920,1080,0.392,1583.3,406.7
Round3,Q2,488,488.0,CRUSADER_CARAVANS,0.6898,1879.9,209.1,40.1,25.5,1920,1080,0.049,1900.0,221.9
Round3,Q2,488,488.0,CRUSADER_CARAVANS,0.4499,750.0,408.7,200.4,27.2,1920,1080,0.263,850.3,422.3
Round3,Q2,488,488.0,CRUSADER_CARAVANS,0.4382,56.3,441.6,286.5,39.1,1920,1080,0.541,199.5,461.2
Round3,Q2,488,488.0,CRUSADER_CARAVANS,0.388,59.9,448.2,123.6,33.5,1920,1080,0.2,121.7,465.0
Round3,Q2,489,489.0,CRUSADER_CARAVANS,0.8639,172.8,170.6,322.9,31.0,1920,1080,0.483,334.2,186.1
Round3,Q2,489,489.0,CRUSADER_CARAVANS,0.8628,511.9,168.6,72.4,30.4,1920,1080,0.106,548.1,183.8
Round3,Q2,489,489.0,CRUSADER_CARAVANS,0.8541,983.2,157.9,311.2,32.2,1920,1080,0.483,1138.8,174.0
Round3,Q2,489,489.0,CRUSADER_CARAVANS,0.8412,589.7,165.0,312.0,31.9,1920,1080,0.479,745.7,180.9
Round3,Q2,489,489.0,CRUSADER_CARAVANS,0.8378,1706.1,144.4,71.1,29.0,1920,1080,0.1,1741.7,158.9
Round3,Q2,489,489.0,CRUSADER_CARAVANS,0.8338,1306.2,155.3,67.0,29.3,1920,1080,0.095,1339.8,169.9
Round3,Q2,489,489.0,CRUSADER_CARAVANS,0.8314,1240.7,375.8,355.3,36.2,1920,1080,0.62,1418.4,393.9
Round3,Q2,489,489.0,CRUSADER_CARAVANS,0.8299,1379.8,149.1,316.9,33.2,1920,1080,0.507,1538.2,165.7
Round3,Q2,489,489.0,CRUSADER_CARAVANS,0.7978,909.7,163.4,68.3,29.0,1920,1080,0.095,943.8,177.9
Round3,Q2,489,489.0,CRUSADER_CARAVANS,0.7966,1694.3,370.5,225.3,36.1,1920,1080,0.392,1806.9,388.6
Round3,Q2,489,489.0,CRUSADER_CARAVANS,0.7708,695.0,390.5,88.5,34.8,1920,1080,0.149,739.3,407.9
Round3,Q2,489,489.0,CRUSADER_CARAVANS,0.7689,0.0,171.0,78.6,34.8,1920,1080,0.132,39.3,188.4
Round3,Q2,489,489.0,CRUSADER_CARAVANS,0.7444,1606.9,373.8,76.2,34.7,1920,1080,0.127,1645.1,391.1
Round3,Q2,489,489.0,CRUSADER_CARAVANS,0.7343,318.8,395.6,364.5,36.8,1920,1080,0.646,501.0,414.0
Round3,Q2,489,489.0,CRUSADER_CARAVANS,0.7151,88.7,173.1,76.5,30.7,1920,1080,0.113,126.9,188.5
Round3,Q2,489,489.0,CRUSADER_CARAVANS,0.6395,1785.9,139.4,134.1,31.3,1920,1080,0.202,1853.0,155.1
Round3,Q2,489,489.0,CRUSADER_CARAVANS,0.3773,789.5,383.7,372.1,37.1,1920,1080,0.666,975.6,402.3
Round3,Q2,489,489.0,CRUSADER_CARAVANS,0.3625,1154.3,382.8,72.5,29.7,1920,1080,0.104,1190.5,397.7
Round3,Q2,490,490.0,CRUSADER_CARAVANS,0.8818,1384.9,360.8,375.1,39.1,1920,1080,0.707,1572.4,380.4
Round3,Q2,490,490.0,CRUSADER_CARAVANS,0.8809,234.9,147.1,338.1,32.9,1920,1080,0.536,404.0,163.5
Round3,Q2,490,490.0,CRUSADER_CARAVANS,0.8582,1820.1,121.1,76.3,29.3,1920,1080,0.108,1858.3,135.7
Round3,Q2,490,490.0,CRUSADER_CARAVANS,0.8511,1067.9,136.2,322.4,31.1,1920,1080,0.483,1229.1,151.7
Round3,Q2,490,490.0,CRUSADER_CARAVANS,0.8424,1471.4,125.5,335.5,33.9,1920,1080,0.548,1639.2,142.5
Round3,Q2,490,490.0,CRUSADER_CARAVANS,0.8352,659.1,142.6,317.0,30.1,1920,1080,0.461,817.6,157.7
Round3,Q2,490,490.0,CRUSADER_CARAVANS,0.8335,151.7,147.5,78.7,31.9,1920,1080,0.121,191.0,163.5
Round3,Q2,490,490.0,CRUSADER_CARAVANS,0.8327,580.5,146.0,70.2,29.1,1920,1080,0.098,615.6,160.5
Round3,Q2,490,490.0,CRUSADER_CARAVANS,0.828,1768.3,358.7,82.2,35.1,1920,1080,0.139,1809.4,376.2
Round3,Q2,490,490.0,CRUSADER_CARAVANS,0.8278,455.0,375.3,371.3,36.1,1920,1080,0.646,640.6,393.3
Round3,Q2,490,490.0,CRUSADER_CARAVANS,0.8233,991.7,140.5,69.9,29.6,1920,1080,0.1,1026.7,155.3
Round3,Q2,490,490.0,CRUSADER_CARAVANS,0.823,1395.4,132.7,71.6,29.3,1920,1080,0.101,1431.2,147.4
Round3,Q2,490,490.0,CRUSADER_CARAVANS,0.7878,1296.8,365.9,80.2,35.3,1920,1080,0.137,1337.0,383.5
Round3,Q2,490,490.0,CRUSADER_CARAVANS,0.7757,6.9,389.2,297.2,37.5,1920,1080,0.537,155.5,408.0
Round3,Q2,490,490.0,CRUSADER_CARAVANS,0.7714,923.0,368.7,364.5,36.9,1920,1080,0.649,1105.3,387.2
Round3,Q2,490,490.0,CRUSADER_CARAVANS,0.7425,0.0,146.9,133.3,34.7,1920,1080,0.223,66.7,164.2
Round3,Q2,490,490.0,CRUSADER_CARAVANS,0.6438,835.6,372.3,78.3,34.5,1920,1080,0.13,874.7,389.6
Round3,Q2,490,490.0,CRUSADER_CARAVANS,0.5689,1859.7,354.7,60.3,41.6,1920,1080,0.121,1889.8,375.5
Round3,Q2,490,490.0,CRUSADER_CARAVANS,0.5441,352.0,382.5,96.6,39.0,1920,1080,0.182,400.3,402.0
Round3,Q2,490,490.0,CRUSADER_CARAVANS,0.4073,1902.7,118.1,17.3,30.7,1920,1080,0.026,1911.3,133.5
Round3,Q2,491,491.0,CRUSADER_CARAVANS,0.9022,222.0,384.1,357.8,37.3,1920,1080,0.644,400.9,402.7
Round3,Q2,491,491.0,CRUSADER_CARAVANS,0.8816,4.0,166.3,328.7,30.8,1920,1080,0.488,168.4,181.7
Round3,Q2,491,491.0,CRUSADER_CARAVANS,0.8693,1532.8,365.8,363.0,37.1,1920,1080,0.65,1714.3,384.4
Round3,Q2,491,491.0,CRUSADER_CARAVANS,0.8651,1567.7,146.5,315.5,29.7,1920,1080,0.452,1725.4,161.3
Round3,Q2,491,491.0,CRUSADER_CARAVANS,0.8554,1104.1,373.0,336.4,34.1,1920,1080,0.553,1272.3,390.0
Round3,Q2,491,491.0,CRUSADER_CARAVANS,0.8538,807.5,161.8,298.8,30.0,1920,1080,0.432,956.9,176.8
Round3,Q2,491,491.0,CRUSADER_CARAVANS,0.8506,415.7,165.1,303.0,31.3,1920,1080,0.458,567.2,180.8
Round3,Q2,491,491.0,CRUSADER_CARAVANS,0.8457,1177.5,154.7,304.9,31.4,1920,1080,0.461,1330.0,170.4
Round3,Q2,491,491.0,CRUSADER_CARAVANS,0.8046,0.1,392.7,103.2,40.7,1920,1080,0.202,51.7,413.0
Round3,Q2,491,491.0,CRUSADER_CARAVANS,0.8039,735.3,164.5,63.0,28.0,1920,1080,0.085,766.8,178.5
Round3,Q2,491,491.0,CRUSADER_CARAVANS,0.8022,341.0,166.7,68.1,29.3,1920,1080,0.096,375.0,181.4
Round3,Q2,491,491.0,CRUSADER_CARAVANS,0.7956,1494.7,152.0,65.6,28.0,1920,1080,0.089,1527.4,166.0
Round3,Q2,491,491.0,CRUSADER_CARAVANS,0.7933,585.6,381.2,75.1,33.4,1920,1080,0.121,623.2,397.9
Round3,Q2,491,491.0,CRUSADER_CARAVANS,0.7928,1110.8,159.4,64.9,27.7,1920,1080,0.087,1143.3,173.3
Round3,Q2,491,491.0,CRUSADER_CARAVANS,0.7772,122.1,391.2,71.6,34.8,1920,1080,0.12,157.9,408.6
Round3,Q2,491,491.0,CRUSADER_CARAVANS,0.7733,1448.8,369.7,74.8,32.8,1920,1080,0.118,1486.2,386.1
Round3,Q2,491,491.0,CRUSADER_CARAVANS,0.7583,674.7,378.3,342.9,34.7,1920,1080,0.574,846.2,395.7
Round3,Q2,491,491.0,CRUSADER_CARAVANS,0.7476,1019.5,375.7,73.5,33.6,1920,1080,0.119,1056.3,392.5
Round3,Q2,491,491.0,CRUSADER_CARAVANS,0.6428,1894.1,140.9,25.9,31.1,1920,1080,0.039,1907.0,156.4
Round3,Q2,491,491.0,CRUSADER_CARAVANS,0.3789,1902.6,364.5,17.3,36.6,1920,1080,0.031,1911.3,382.8
Round3,Q2,492,492.0,CRUSADER_CARAVANS,0.8544,1365.0,185.7,280.6,28.3,1920,1080,0.383,1505.3,199.8
Round3,Q2,492,492.0,CRUSADER_CARAVANS,0.8507,668.6,195.7,273.1,26.8,1920,1080,0.353,805.2,209.1
Round3,Q2,492,492.0,CRUSADER_CARAVANS,0.8453,114.9,401.7,341.7,33.7,1920,1080,0.555,285.7,418.5
Round3,Q2,492,492.0,CRUSADER_CARAVANS,0.8355,1013.4,191.3,271.7,27.9,1920,1080,0.366,1149.3,205.3
Round3,Q2,492,492.0,CRUSADER_CARAVANS,0.8313,303.0,198.1,286.2,30.2,1920,1080,0.416,446.1,213.2
Round3,Q2,492,492.0,CRUSADER_CARAVANS,0.8312,939.0,390.2,313.9,33.7,1920,1080,0.51,1096.0,407.0
Round3,Q2,492,492.0,CRUSADER_CARAVANS,0.819,1655.1,183.5,62.2,25.5,1920,1080,0.077,1686.2,196.2
Round3,Q2,492,492.0,CRUSADER_CARAVANS,0.8125,24.9,408.4,74.6,33.3,1920,1080,0.12,62.2,425.0
Round3,Q2,492,492.0,CRUSADER_CARAVANS,0.8119,602.0,197.8,59.6,26.1,1920,1080,0.075,631.8,210.9
Round3,Q2,492,492.0,CRUSADER_CARAVANS,0.8116,1354.3,385.0,300.9,33.7,1920,1080,0.489,1504.8,401.8
Round3,Q2,492,492.0,CRUSADER_CARAVANS,0.8026,0.7,199.2,221.6,29.3,1920,1080,0.314,111.5,213.9
Round3,Q2,492,492.0,CRUSADER_CARAVANS,0.7805,539.6,395.7,322.8,33.4,1920,1080,0.52,701.0,412.4
Round3,Q2,492,492.0,CRUSADER_CARAVANS,0.7791,951.0,194.7,57.6,24.8,1920,1080,0.069,979.8,207.1
Round3,Q2,492,492.0,CRUSADER_CARAVANS,0.7737,1724.1,178.8,195.9,28.1,1920,1080,0.265,1822.0,192.8
Round3,Q2,492,492.0,CRUSADER_CARAVANS,0.766,465.2,398.3,68.6,31.4,1920,1080,0.104,499.4,414.0
Round3,Q2,492,492.0,CRUSADER_CARAVANS,0.7563,1301.0,189.3,58.4,26.1,1920,1080,0.074,1330.2,202.4
Round3,Q2,492,492.0,CRUSADER_CARAVANS,0.7509,234.7,199.4,62.0,27.0,1920,1080,0.081,265.7,212.9
Round3,Q2,492,492.0,CRUSADER_CARAVANS,0.7134,1665.2,384.9,70.7,30.9,1920,1080,0.105,1700.6,400.4
Round3,Q2,492,492.0,CRUSADER_CARAVANS,0.5278,1260.0,387.5,67.4,30.9,1920,1080,0.101,1293.7,402.9
Round3,Q2,492,492.0,CRUSADER_CARAVANS,0.4523,1743.0,382.5,176.8,32.1,1920,1080,0.274,1831.4,398.5
Round3,Q2,492,492.0,CRUSADER_CARAVANS,0.4109,867.2,394.8,66.5,29.9,1920,1080,0.096,900.4,409.8
Round3,Q2,493,493.0,CRUSADER_CARAVANS,0.8683,1277.7,187.0,258.8,25.9,1920,1080,0.323,1407.1,200.0
Round3,Q2,493,493.0,CRUSADER_CARAVANS,0.8643,108.6,387.9,320.1,32.5,1920,1080,0.502,268.7,404.2
Round3,Q2,493,493.0,CRUSADER_CARAVANS,0.8553,628.3,194.7,258.4,25.9,1920,1080,0.323,757.5,207.6
Round3,Q2,493,493.0,CRUSADER_CARAVANS,0.8442,286.4,196.8,268.9,26.8,1920,1080,0.348,420.8,210.3
Round3,Q2,493,493.0,CRUSADER_CARAVANS,0.8404,885.2,377.0,292.2,30.1,1920,1080,0.424,1031.3,392.1
Round3,Q2,493,493.0,CRUSADER_CARAVANS,0.8163,892.8,194.0,53.7,23.7,1920,1080,0.061,919.6,205.8
Round3,Q2,493,493.0,CRUSADER_CARAVANS,0.8156,1609.2,179.6,276.1,28.4,1920,1080,0.379,1747.2,193.8
Round3,Q2,493,493.0,CRUSADER_CARAVANS,0.8152,220.6,198.4,59.0,25.4,1920,1080,0.072,250.0,211.1
Round3,Q2,493,493.0,CRUSADER_CARAVANS,0.8141,1546.3,185.1,56.8,23.8,1920,1080,0.065,1574.7,197.0
Round3,Q2,493,493.0,CRUSADER_CARAVANS,0.8075,567.4,197.0,54.9,24.9,1920,1080,0.066,594.9,209.4
Round3,Q2,493,493.0,CRUSADER_CARAVANS,0.805,953.4,191.0,252.2,27.4,1920,1080,0.333,1079.5,204.6
Round3,Q2,493,493.0,CRUSADER_CARAVANS,0.8038,1627.6,369.2,292.4,32.2,1920,1080,0.454,1773.8,385.3
Round3,Q2,493,493.0,CRUSADER_CARAVANS,0.7904,2.4,197.7,208.2,27.5,1920,1080,0.276,106.5,211.4
Round3,Q2,493,493.0,CRUSADER_CARAVANS,0.7878,1181.2,375.5,59.8,26.8,1920,1080,0.077,1211.1,388.9
Round3,Q2,493,493.0,CRUSADER_CARAVANS,0.7816,1251.3,371.6,294.8,31.8,1920,1080,0.452,1398.7,387.5
Round3,Q2,493,493.0,CRUSADER_CARAVANS,0.7747,22.3,394.0,75.3,31.0,1920,1080,0.112,59.9,409.5
Round3,Q2,493,493.0,CRUSADER_CARAVANS,0.7627,814.9,380.1,62.1,29.0,1920,1080,0.087,845.9,394.6
Round3,Q2,493,493.0,CRUSADER_CARAVANS,0.7431,1555.8,371.8,63.1,29.1,1920,1080,0.088,1587.4,386.3
Round3,Q2,493,493.0,CRUSADER_CARAVANS,0.73,1220.0,190.0,53.7,24.3,1920,1080,0.063,1246.9,202.2
Round3,Q2,493,493.0,CRUSADER_CARAVANS,0.5123,519.3,382.5,228.1,30.5,1920,1080,0.335,633.4,397.7
Round3,Q2,493,493.0,CRUSADER_CARAVANS,0.4389,1900.4,175.7,19.6,28.1,1920,1080,0.027,1910.2,189.7
Round3,Q2,494,494.0,CRUSADER_CARAVANS,0.8487,858.2,187.1,241.1,25.2,1920,1080,0.293,978.7,199.7
Round3,Q2,494,494.0,CRUSADER_CARAVANS,0.842,1166.3,182.8,243.7,26.7,1920,1080,0.314,1288.2,196.1
Round3,Q2,494,494.0,CRUSADER_CARAVANS,0.8318,549.0,190.4,243.8,25.9,1920,1080,0.305,670.9,203.3
Round3,Q2,494,494.0,CRUSADER_CARAVANS,0.8203,61.7,372.2,298.2,31.4,1920,1080,0.452,210.8,387.9
Round3,Q2,494,494.0,CRUSADER_CARAVANS,0.8094,1109.7,186.2,51.6,22.8,1920,1080,0.057,1135.5,197.6
Round3,Q2,494,494.0,CRUSADER_CARAVANS,0.8048,1416.8,181.8,52.3,23.1,1920,1080,0.058,1442.9,193.3
Round3,Q2,494,494.0,CRUSADER_CARAVANS,0.8027,217.4,191.3,260.2,26.7,1920,1080,0.335,347.6,204.7
Round3,Q2,494,494.0,CRUSADER_CARAVANS,0.7863,1475.0,178.2,253.8,25.6,1920,1080,0.313,1601.8,191.0
Round3,Q2,494,494.0,CRUSADER_CARAVANS,0.7723,490.7,191.9,52.5,23.6,1920,1080,0.06,516.9,203.7
Round3,Q2,494,494.0,CRUSADER_CARAVANS,0.7445,157.0,191.8,57.4,25.6,1920,1080,0.071,185.7,204.6
Round3,Q2,494,494.0,CRUSADER_CARAVANS,0.7419,1074.1,360.4,59.4,27.7,1920,1080,0.079,1103.8,374.2
Round3,Q2,494,494.0,CRUSADER_CARAVANS,0.7374,800.3,189.8,52.4,22.2,1920,1080,0.056,826.5,200.9
Round3,Q2,494,494.0,CRUSADER_CARAVANS,0.7262,3.7,190.8,143.8,28.5,1920,1080,0.198,75.6,205.0
Round3,Q2,494,494.0,CRUSADER_CARAVANS,0.7171,777.0,362.7,290.2,27.4,1920,1080,0.383,922.1,376.4
Round3,Q2,494,494.0,CRUSADER_CARAVANS,0.7141,1741.6,175.8,57.6,23.0,1920,1080,0.064,1770.4,187.3
Round3,Q2,494,494.0,CRUSADER_CARAVANS,0.7124,1138.2,359.3,275.2,27.6,1920,1080,0.366,1275.8,373.1
Round3,Q2,494,494.0,CRUSADER_CARAVANS,0.7015,438.5,369.6,276.1,25.8,1920,1080,0.343,576.5,382.5
Round3,Q2,494,494.0,CRUSADER_CARAVANS,0.5565,364.6,369.9,66.1,28.2,1920,1080,0.09,397.6,384.0
Round3,Q2,494,494.0,CRUSADER_CARAVANS,0.4582,1884.1,170.6,35.9,28.7,1920,1080,0.05,1902.0,185.0
Round3,Q2,494,494.0,CRUSADER_CARAVANS,0.4308,1437.4,355.1,345.1,30.4,1920,1080,0.507,1609.9,370.3
Round3,Q2,494,494.0,CRUSADER_CARAVANS,0.3345,1858.6,354.9,61.2,29.4,1920,1080,0.087,1889.2,369.6
Round3,Q2,495,495.0,EMIRATES,0.8775,892.6,213.8,52.8,26.9,1920,1080,0.069,919.0,227.3
Round3,Q2,497,497.0,CRUSADER_CARAVANS,0.8536,896.6,291.2,365.8,38.0,1920,1080,0.67,1079.5,310.2
Round3,Q2,497,497.0,CRUSADER_CARAVANS,0.8509,1333.3,52.3,335.9,32.4,1920,1080,0.525,1501.2,68.5
Round3,Q2,497,497.0,CRUSADER_CARAVANS,0.842,515.6,61.2,327.7,31.1,1920,1080,0.491,679.4,76.7
Round3,Q2,497,497.0,CRUSADER_CARAVANS,0.842,88.2,59.8,345.1,32.3,1920,1080,0.537,260.8,75.9
Round3,Q2,497,497.0,CRUSADER_CARAVANS,0.839,335.8,300.0,86.2,34.5,1920,1080,0.143,378.9,317.3
Round3,Q2,497,497.0,CRUSADER_CARAVANS,0.8373,932.6,59.1,321.4,30.7,1920,1080,0.476,1093.3,74.5
Round3,Q2,497,497.0,CRUSADER_CARAVANS,0.8333,1685.7,49.4,73.4,29.1,1920,1080,0.103,1722.4,63.9
Round3,Q2,497,497.0,CRUSADER_CARAVANS,0.8331,450.1,298.6,348.7,34.7,1920,1080,0.583,624.4,315.9
Round3,Q2,497,497.0,CRUSADER_CARAVANS,0.8272,1268.8,290.2,79.7,35.0,1920,1080,0.135,1308.7,307.8
Round3,Q2,497,497.0,CRUSADER_CARAVANS,0.8208,858.8,61.2,69.0,29.4,1920,1080,0.098,893.3,75.9
Round3,Q2,497,497.0,CRUSADER_CARAVANS,0.798,0.0,302.7,324.7,33.2,1920,1080,0.519,162.4,319.3
Round3,Q2,497,497.0,CRUSADER_CARAVANS,0.7951,441.4,62.5,70.1,28.8,1920,1080,0.097,476.5,76.9
Round3,Q2,497,497.0,CRUSADER_CARAVANS,0.7799,3.1,56.9,78.3,32.1,1920,1080,0.121,42.3,72.9
Round3,Q2,497,497.0,CRUSADER_CARAVANS,0.7769,806.4,294.1,82.3,34.4,1920,1080,0.136,847.6,311.3
Round3,Q2,497,497.0,CRUSADER_CARAVANS,0.7517,1262.5,57.2,68.4,29.0,1920,1080,0.096,1296.7,71.7
Round3,Q2,497,497.0,CRUSADER_CARAVANS,0.7458,1359.5,287.4,378.5,36.9,1920,1080,0.673,1548.8,305.9
Round3,Q2,497,497.0,CRUSADER_CARAVANS,0.7097,1837.9,285.2,82.1,36.5,1920,1080,0.144,1878.9,303.4
Round3,Q2,497,497.0,CRUSADER_CARAVANS,0.7069,1744.7,287.1,80.8,32.7,1920,1080,0.128,1785.2,303.5
Round3,Q2,498,498.0,CRUSADER_CARAVANS,0.8855,331.3,22.2,359.4,34.5,1920,1080,0.598,511.0,39.5
Round3,Q2,498,498.0,CRUSADER_CARAVANS,0.8666,785.7,22.6,348.6,32.1,1920,1080,0.54,960.0,38.7
Round3,Q2,498,498.0,CRUSADER_CARAVANS,0.8601,1219.1,17.8,356.6,33.5,1920,1080,0.577,1397.4,34.6
Round3,Q2,498,498.0,CRUSADER_CARAVANS,0.8503,214.5,279.1,425.5,38.4,1920,1080,0.787,427.2,298.3
Round3,Q2,498,498.0,CRUSADER_CARAVANS,0.8416,1594.1,14.5,74.8,31.0,1920,1080,0.112,1631.5,29.9
Round3,Q2,498,498.0,CRUSADER_CARAVANS,0.8264,246.7,22.4,77.0,32.0,1920,1080,0.119,285.2,38.4
Round3,Q2,498,498.0,CRUSADER_CARAVANS,0.825,0.0,18.7,231.3,36.5,1920,1080,0.407,115.6,36.9
Round3,Q2,498,498.0,CRUSADER_CARAVANS,0.8236,1141.4,21.8,72.2,30.8,1920,1080,0.107,1177.5,37.2
Round3,Q2,498,498.0,CRUSADER_CARAVANS,0.817,705.4,23.7,73.3,31.7,1920,1080,0.112,742.1,39.5
Round3,Q2,498,498.0,CRUSADER_CARAVANS,0.8123,742.6,275.3,391.2,37.5,1920,1080,0.707,938.2,294.1
Round3,Q2,498,498.0,CRUSADER_CARAVANS,0.7655,654.4,276.7,83.2,35.6,1920,1080,0.143,696.0,294.5
Round3,Q2,498,498.0,CRUSADER_CARAVANS,0.7633,135.6,282.7,89.8,36.5,1920,1080,0.158,180.5,300.9
Round3,Q2,498,498.0,CRUSADER_CARAVANS,0.7386,1244.5,271.6,410.6,37.3,1920,1080,0.739,1449.8,290.2
Round3,Q2,498,498.0,CRUSADER_CARAVANS,0.7168,1151.9,275.1,82.2,33.2,1920,1080,0.132,1193.0,291.7
Round3,Q2,498,498.0,CRUSADER_CARAVANS,0.4958,1822.4,6.3,97.6,35.2,1920,1080,0.165,1871.2,23.9
Round3,Q2,498,498.0,CRUSADER_CARAVANS,0.439,1658.2,269.0,85.3,35.4,1920,1080,0.146,1700.9,286.7
Round3,Q2,498,498.0,CRUSADER_CARAVANS,0.4001,1759.4,268.6,160.6,36.1,1920,1080,0.279,1839.7,286.6
Round3,Q2,499,499.0,CRUSADER_CARAVANS,0.8807,1005.6,263.2,347.7,31.7,1920,1080,0.531,1179.5,279.0
Round3,Q2,499,499.0,CRUSADER_CARAVANS,0.841,265.5,48.4,316.8,29.1,1920,1080,0.444,423.9,62.9
Round3,Q2,499,499.0,CRUSADER_CARAVANS,0.8334,658.6,47.6,302.1,28.8,1920,1080,0.42,809.6,62.0
Round3,Q2,499,499.0,CRUSADER_CARAVANS,0.8326,926.3,265.1,75.4,32.4,1920,1080,0.118,964.0,281.2
Round3,Q2,499,499.0,CRUSADER_CARAVANS,0.8316,1422.6,37.0,315.7,29.7,1920,1080,0.452,1580.4,51.8
Round3,Q2,499,499.0,CRUSADER_CARAVANS,0.8289,115.8,274.4,359.5,31.8,1920,1080,0.551,295.6,290.3
Round3,Q2,499,499.0,CRUSADER_CARAVANS,0.8244,1045.2,44.0,301.6,29.2,1920,1080,0.425,1196.1,58.6
Round3,Q2,499,499.0,CRUSADER_CARAVANS,0.8203,573.5,269.0,348.9,32.2,1920,1080,0.543,748.0,285.1
Round3,Q2,499,499.0,CRUSADER_CARAVANS,0.8111,1753.0,32.6,69.0,27.0,1920,1080,0.09,1787.5,46.1
Round3,Q2,499,499.0,CRUSADER_CARAVANS,0.7907,0.5,45.1,176.1,32.0,1920,1080,0.272,88.6,61.1
Round3,Q2,499,499.0,CRUSADER_CARAVANS,0.7871,973.7,46.3,66.0,28.1,1920,1080,0.089,1006.7,60.4
Round3,Q2,499,499.0,CRUSADER_CARAVANS,0.7803,1806.8,256.9,76.7,30.6,1920,1080,0.113,1845.2,272.2
Round3,Q2,499,499.0,CRUSADER_CARAVANS,0.7774,493.4,272.3,74.3,30.4,1920,1080,0.109,530.5,287.5
Round3,Q2,499,499.0,CRUSADER_CARAVANS,0.7734,1357.7,261.1,75.6,32.2,1920,1080,0.118,1395.5,277.2
Round3,Q2,499,499.0,CRUSADER_CARAVANS,0.7395,1434.3,259.3,358.3,32.6,1920,1080,0.563,1613.5,275.6
Round3,Q2,499,499.0,CRUSADER_CARAVANS,0.7362,1351.9,41.7,65.5,27.8,1920,1080,0.088,1384.7,55.6
Round3,Q2,499,499.0,CRUSADER_CARAVANS,0.7276,188.9,47.6,71.4,28.6,1920,1080,0.098,224.6,61.9
Round3,Q2,499,499.0,CRUSADER_CARAVANS,0.7259,587.1,49.5,66.4,27.5,1920,1080,0.088,620.3,63.3
Round3,Q2,499,499.0,CRUSADER_CARAVANS,0.5983,20.7,273.7,90.7,33.7,1920,1080,0.147,66.0,290.6
Round3,Q2,500,500.0,CRUSADER_CARAVANS,0.8278,421.7,67.3,297.8,24.9,1920,1080,0.358,570.6,79.8
Round3,Q2,500,500.0,CRUSADER_CARAVANS,0.8193,1002.9,231.4,270.5,25.8,1920,1080,0.337,1138.1,244.3
Round3,Q2,500,500.0,CRUSADER_CARAVANS,0.8135,1676.5,43.8,243.5,26.0,1920,1080,0.305,1798.3,56.8
Round3,Q2,500,500.0,CRUSADER_CARAVANS,0.8125,160.0,68.3,255.8,25.8,1920,1080,0.318,287.9,81.1
Round3,Q2,500,500.0,CRUSADER_CARAVANS,0.8091,1377.8,53.2,235.1,24.1,1920,1080,0.273,1495.3,65.3
Round3,Q2,500,500.0,CRUSADER_CARAVANS,0.8025,665.9,237.6,267.5,23.9,1920,1080,0.309,799.7,249.6
Round3,Q2,500,500.0,CRUSADER_CARAVANS,0.8008,1275.3,228.2,58.7,25.9,1920,1080,0.073,1304.6,241.1
Round3,Q2,500,500.0,CRUSADER_CARAVANS,0.7914,1618.5,50.0,52.6,23.7,1920,1080,0.06,1644.8,61.9
Round3,Q2,500,500.0,CRUSADER_CARAVANS,0.7865,1335.3,225.0,275.4,26.6,1920,1080,0.353,1473.0,238.3
Round3,Q2,500,500.0,CRUSADER_CARAVANS,0.769,789.8,64.1,224.7,24.7,1920,1080,0.268,902.2,76.5
Round3,Q2,500,500.0,CRUSADER_CARAVANS,0.7543,604.1,238.3,60.0,25.5,1920,1080,0.074,634.1,251.0
Round3,Q2,500,500.0,CRUSADER_CARAVANS,0.7533,1074.6,59.3,234.6,24.3,1920,1080,0.275,1191.9,71.4
Round3,Q2,500,500.0,CRUSADER_CARAVANS,0.7484,1683.4,221.1,236.6,25.1,1920,1080,0.286,1801.7,233.6
Round3,Q2,500,500.0,CRUSADER_CARAVANS,0.7084,1617.3,222.1,63.1,27.7,1920,1080,0.084,1648.8,236.0
Round3,Q2,500,500.0,CRUSADER_CARAVANS,0.701,0.2,66.6,85.7,24.3,1920,1080,0.1,43.0,78.8
Round3,Q2,500,500.0,CRUSADER_CARAVANS,0.6823,1019.9,64.1,51.2,21.7,1920,1080,0.054,1045.5,75.0
Round3,Q2,500,500.0,CRUSADER_CARAVANS,0.6707,726.1,67.4,51.0,21.9,1920,1080,0.054,751.7,78.4
Round3,Q2,500,500.0,CRUSADER_CARAVANS,0.67,943.2,234.0,57.8,25.4,1920,1080,0.071,972.2,246.7
Round3,Q2,500,500.0,CRUSADER_CARAVANS,0.6404,303.7,240.8,300.3,27.6,1920,1080,0.4,453.9,254.6
Round3,Q2,500,500.0,CRUSADER_CARAVANS,0.6047,95.3,67.9,56.7,23.8,1920,1080,0.065,123.7,79.8
Round3,Q2,500,500.0,CRUSADER_CARAVANS,0.5507,1317.4,58.1,51.4,21.4,1920,1080,0.053,1343.1,68.9
Round3,Q2,500,500.0,CRUSADER_CARAVANS,0.5466,0.2,254.5,57.7,24.0,1920,1080,0.067,29.1,266.5
Round3,Q2,500,500.0,CRUSADER_CARAVANS,0.4944,419.2,68.6,53.7,22.8,1920,1080,0.059,446.1,80.0
Round3,Q2,501,501.0,CRUSADER_CARAVANS,0.8076,754.6,203.4,208.4,19.7,1920,1080,0.199,858.8,213.3
Round3,Q2,501,501.0,CRUSADER_CARAVANS,0.8022,609.7,72.0,184.1,20.1,1920,1080,0.179,701.7,82.1
Round3,Q2,501,501.0,CRUSADER_CARAVANS,0.7974,151.2,220.2,49.0,22.2,1920,1080,0.053,175.7,231.3
Round3,Q2,501,501.0,CRUSADER_CARAVANS,0.7807,1016.7,198.6,207.3,20.6,1920,1080,0.206,1120.3,209.0
Round3,Q2,501,501.0,CRUSADER_CARAVANS,0.7787,843.8,69.1,182.6,19.6,1920,1080,0.173,935.1,78.9
Round3,Q2,501,501.0,CRUSADER_CARAVANS,0.7701,1270.2,195.5,215.6,20.0,1920,1080,0.208,1378.1,205.5
Round3,Q2,501,501.0,CRUSADER_CARAVANS,0.7668,368.0,74.6,196.8,19.9,1920,1080,0.189,466.5,84.5
Round3,Q2,501,501.0,CRUSADER_CARAVANS,0.7616,199.4,216.1,230.1,21.4,1920,1080,0.237,314.4,226.8
Round3,Q2,501,501.0,CRUSADER_CARAVANS,0.7612,322.9,75.2,43.6,19.7,1920,1080,0.041,344.7,85.1
Round3,Q2,501,501.0,CRUSADER_CARAVANS,0.7602,1052.8,65.7,200.9,20.0,1920,1080,0.194,1153.3,75.8
Round3,Q2,501,501.0,CRUSADER_CARAVANS,0.7599,108.6,74.2,205.0,23.0,1920,1080,0.227,211.1,85.7
Round3,Q2,501,501.0,CRUSADER_CARAVANS,0.7563,481.2,206.9,222.5,22.8,1920,1080,0.244,592.5,218.3
Round3,Q2,501,501.0,CRUSADER_CARAVANS,0.7511,1490.0,192.3,47.2,22.3,1920,1080,0.051,1513.6,203.5
Round3,Q2,501,501.0,CRUSADER_CARAVANS,0.7362,58.4,74.3,45.3,20.8,1920,1080,0.045,81.1,84.7
Round3,Q2,501,501.0,CRUSADER_CARAVANS,0.7269,0.0,72.4,51.2,24.2,1920,1080,0.06,25.6,84.5
Round3,Q2,501,501.0,CRUSADER_CARAVANS,0.7048,705.9,205.2,46.1,19.7,1920,1080,0.044,729.0,215.1
Round3,Q2,501,501.0,CRUSADER_CARAVANS,0.6993,1301.2,62.8,187.3,18.0,1920,1080,0.163,1394.9,71.8
Round3,Q2,501,501.0,CRUSADER_CARAVANS,0.6972,1531.8,193.2,233.6,19.4,1920,1080,0.218,1648.6,202.9
Round3,Q2,501,501.0,CRUSADER_CARAVANS,0.6909,1767.1,192.0,49.4,19.0,1920,1080,0.045,1791.8,201.5
Round3,Q2,501,501.0,CRUSADER_CARAVANS,0.6896,1502.3,56.5,229.7,19.5,1920,1080,0.216,1617.1,66.2
Round3,Q2,501,501.0,CRUSADER_CARAVANS,0.675,1823.1,191.4,96.6,17.8,1920,1080,0.083,1871.4,200.3
Round3,Q2,501,501.0,CRUSADER_CARAVANS,0.6278,803.1,71.6,38.8,17.5,1920,1080,0.033,822.5,80.4
Round3,Q2,501,501.0,CRUSADER_CARAVANS,0.6105,1259.6,65.1,40.9,17.6,1920,1080,0.035,1280.1,73.9
Round3,Q2,501,501.0,CRUSADER_CARAVANS,0.6066,1225.5,197.0,46.1,20.5,1920,1080,0.046,1248.5,207.3
Round3,Q2,501,501.0,CRUSADER_CARAVANS,0.5918,566.5,73.7,40.4,18.0,1920,1080,0.035,586.7,82.7
Round3,Q2,501,501.0,CRUSADER_CARAVANS,0.5011,968.2,199.3,44.6,21.8,1920,1080,0.047,990.5,210.2
Round3,Q2,501,501.0,CRUSADER_CARAVANS,0.4718,1030.7,68.6,38.8,17.6,1920,1080,0.033,1050.1,77.4
Round3,Q2,501,501.0,CRUSADER_CARAVANS,0.4688,1738.7,55.0,45.1,17.0,1920,1080,0.037,1761.2,63.5
Round3,Q2,501,501.0,CRUSADER_CARAVANS,0.4274,13.5,224.5,133.0,21.3,1920,1080,0.136,80.1,235.2
Round3,Q2,501,501.0,CRUSADER_CARAVANS,0.3055,1492.6,60.8,41.0,16.5,1920,1080,0.033,1513.1,69.0
Round3,Q2,502,502.0,CRUSADER_CARAVANS,0.801,15.2,115.3,234.1,19.5,1920,1080,0.22,132.2,125.1
Round3,Q2,502,502.0,CRUSADER_CARAVANS,0.7787,466.6,113.3,206.8,17.6,1920,1080,0.175,570.0,122.1
Round3,Q2,502,502.0,CRUSADER_CARAVANS,0.7691,422.0,231.9,191.7,17.6,1920,1080,0.163,517.9,240.7
Round3,Q2,502,502.0,CRUSADER_CARAVANS,0.7617,253.1,115.6,210.4,18.7,1920,1080,0.189,358.3,124.9
Round3,Q2,502,502.0,CRUSADER_CARAVANS,0.7578,887.0,224.4,179.9,18.1,1920,1080,0.157,976.9,233.5
Round3,Q2,502,502.0,CRUSADER_CARAVANS,0.7535,662.6,227.7,183.1,18.2,1920,1080,0.16,754.2,236.8
Round3,Q2,502,502.0,CRUSADER_CARAVANS,0.7486,872.0,110.8,196.8,16.5,1920,1080,0.157,970.4,119.0
Round3,Q2,502,502.0,CRUSADER_CARAVANS,0.7348,677.4,111.2,191.9,18.0,1920,1080,0.166,773.4,120.2
Round3,Q2,502,502.0,CRUSADER_CARAVANS,0.7343,1565.5,224.0,198.0,19.2,1920,1080,0.184,1664.6,233.6
Round3,Q2,502,502.0,CRUSADER_CARAVANS,0.731,1525.7,105.5,203.4,17.2,1920,1080,0.169,1627.4,114.1
Round3,Q2,502,502.0,CRUSADER_CARAVANS,0.7191,174.7,237.0,208.7,19.3,1920,1080,0.194,279.1,246.6
Round3,Q2,502,502.0,CRUSADER_CARAVANS,0.6998,1084.3,110.0,179.0,15.2,1920,1080,0.131,1173.8,117.6
Round3,Q2,502,502.0,CRUSADER_CARAVANS,0.6757,847.4,226.3,38.1,18.5,1920,1080,0.034,866.4,235.5
Round3,Q2,502,502.0,CRUSADER_CARAVANS,0.6404,1070.2,223.6,39.9,18.3,1920,1080,0.035,1090.2,232.8
Round3,Q2,502,502.0,CRUSADER_CARAVANS,0.5699,1760.9,104.6,156.5,14.2,1920,1080,0.108,1839.1,111.7
Round3,Q2,502,502.0,CRUSADER_CARAVANS,0.5521,1108.2,225.1,177.8,16.6,1920,1080,0.142,1197.2,233.4
Round3,Q2,502,502.0,CRUSADER_CARAVANS,0.5021,1525.2,223.9,39.3,17.2,1920,1080,0.033,1544.9,232.5
Round3,Q2,502,502.0,CRUSADER_CARAVANS,0.4925,1734.4,105.6,38.6,14.5,1920,1080,0.027,1753.7,112.8
Round3,Q2,502,502.0,CRUSADER_CARAVANS,0.4658,1767.8,224.9,41.4,16.6,1920,1080,0.033,1788.5,233.3
Round3,Q2,502,502.0,CRUSADER_CARAVANS,0.4355,385.0,233.7,39.7,17.2,1920,1080,0.033,404.9,242.3
Round3,Q2,502,502.0,CRUSADER_CARAVANS,0.4206,1069.1,111.2,34.5,14.3,1920,1080,0.024,1086.3,118.4
Round3,Q2,502,502.0,CRUSADER_CARAVANS,0.4084,1385.6,107.0,131.1,16.7,1920,1080,0.106,1451.2,115.3
Round3,Q2,502,502.0,CRUSADER_CARAVANS,0.3232,1334.7,222.2,192.0,18.7,1920,1080,0.173,1430.7,231.6
Round3,Q2,503,503.0,CRUSADER_CARAVANS,0.7952,137.6,249.5,184.1,19.2,1920,1080,0.171,229.6,259.1
Round3,Q2,503,503.0,CRUSADER_CARAVANS,0.7937,571.0,243.1,166.7,17.4,1920,1080,0.14,654.3,251.9
Round3,Q2,503,503.0,CRUSADER_CARAVANS,0.7856,1496.4,139.7,187.6,15.8,1920,1080,0.143,1590.2,147.6
Round3,Q2,503,503.0,CRUSADER_CARAVANS,0.7788,1688.4,140.7,199.4,16.3,1920,1080,0.157,1788.1,148.8
Round3,Q2,503,503.0,CRUSADER_CARAVANS,0.7654,1.0,140.8,166.8,19.2,1920,1080,0.154,84.4,150.4
Round3,Q2,503,503.0,CRUSADER_CARAVANS,0.7556,1316.0,139.0,181.0,16.3,1920,1080,0.142,1406.4,147.1
Round3,Q2,503,503.0,CRUSADER_CARAVANS,0.736,373.4,140.1,182.7,16.8,1920,1080,0.148,464.8,148.5
Round3,Q2,503,503.0,CRUSADER_CARAVANS,0.7358,559.8,139.6,178.6,15.0,1920,1080,0.129,649.1,147.1
Round3,Q2,503,503.0,CRUSADER_CARAVANS,0.7269,191.1,141.9,177.1,16.5,1920,1080,0.141,279.7,150.2
Round3,Q2,503,503.0,CRUSADER_CARAVANS,0.7081,334.7,246.7,202.7,18.9,1920,1080,0.185,436.0,256.1
Round3,Q2,503,503.0,CRUSADER_CARAVANS,0.6969,741.0,138.2,174.5,15.3,1920,1080,0.129,828.2,145.9
Round3,Q2,503,503.0,CRUSADER_CARAVANS,0.6968,1138.9,138.5,173.1,15.2,1920,1080,0.127,1225.4,146.1
Round3,Q2,503,503.0,CRUSADER_CARAVANS,0.6251,1150.0,239.6,199.7,18.9,1920,1080,0.182,1249.8,249.1
Round3,Q2,503,503.0,CRUSADER_CARAVANS,0.576,1559.8,244.8,212.9,18.0,1920,1080,0.185,1666.3,253.7
Round3,Q2,503,503.0,CRUSADER_CARAVANS,0.5709,1890.0,140.9,29.9,15.5,1920,1080,0.022,1905.0,148.7
Round3,Q2,503,503.0,CRUSADER_CARAVANS,0.5507,0.0,254.1,93.5,19.7,1920,1080,0.089,46.8,263.9
Round3,Q2,503,503.0,CRUSADER_CARAVANS,0.5294,741.4,240.7,202.1,17.6,1920,1080,0.171,842.4,249.5
Round3,Q2,503,503.0,CRUSADER_CARAVANS,0.4793,93.9,252.9,42.5,17.4,1920,1080,0.036,115.1,261.6
Round3,Q2,503,503.0,CRUSADER_CARAVANS,0.3755,538.3,244.7,35.0,15.9,1920,1080,0.027,555.8,252.7
Round3,Q2,503,503.0,CRUSADER_CARAVANS,0.3413,372.3,142.1,32.3,14.3,1920,1080,0.022,388.5,149.3
Round3,Q2,503,503.0,CRUSADER_CARAVANS,0.3308,739.6,140.1,30.7,13.3,1920,1080,0.02,754.9,146.7
Round3,Q2,503,503.0,CRUSADER_CARAVANS,0.3269,174.2,143.3,35.4,14.4,1920,1080,0.025,191.9,150.5
Round3,Q2,504,504.0,CRUSADER_CARAVANS,0.7184,1707.8,199.9,179.4,18.2,1920,1080,0.158,1797.5,209.0
Round3,Q2,504,504.0,CRUSADER_CARAVANS,0.7165,207.4,188.9,170.7,13.1,1920,1080,0.108,292.7,195.4
Round3,Q2,504,504.0,CRUSADER_CARAVANS,0.7087,1067.5,188.3,144.6,14.3,1920,1080,0.1,1139.8,195.4
Round3,Q2,504,504.0,CRUSADER_CARAVANS,0.6709,389.7,279.7,142.5,15.5,1920,1080,0.107,460.9,287.5
Round3,Q2,504,504.0,CRUSADER_CARAVANS,0.6647,1661.2,293.1,192.3,24.5,1920,1080,0.228,1757.4,305.3
Round3,Q2,504,504.0,CRUSADER_CARAVANS,0.6623,754.6,275.8,175.7,16.2,1920,1080,0.137,842.5,283.9
Round3,Q2,504,504.0,CRUSADER_CARAVANS,0.6375,1471.1,285.8,189.3,22.6,1920,1080,0.206,1565.8,297.1
Round3,Q2,504,504.0,CRUSADER_CARAVANS,0.6372,901.2,187.3,155.9,13.9,1920,1080,0.105,979.1,194.3
Round3,Q2,504,504.0,CRUSADER_CARAVANS,0.6216,5.7,288.2,194.1,15.3,1920,1080,0.143,102.8,295.9
Round3,Q2,504,504.0,CRUSADER_CARAVANS,0.6155,19.3,188.6,184.4,15.4,1920,1080,0.137,111.5,196.3
Round3,Q2,504,504.0,CRUSADER_CARAVANS,0.615,385.0,186.9,156.7,13.6,1920,1080,0.103,463.3,193.7
Round3,Q2,504,504.0,CRUSADER_CARAVANS,0.6089,1216.0,190.5,154.5,15.3,1920,1080,0.114,1293.3,198.1
Round3,Q2,504,504.0,CRUSADER_CARAVANS,0.6067,744.5,186.8,155.6,12.5,1920,1080,0.094,822.2,193.0
Round3,Q2,504,504.0,CRUSADER_CARAVANS,0.5386,1113.7,279.0,164.7,17.6,1920,1080,0.14,1196.1,287.8
Round3,Q2,504,504.0,CRUSADER_CARAVANS,0.5237,1272.1,282.8,194.6,16.4,1920,1080,0.154,1369.4,291.0
Round3,Q2,504,504.0,CRUSADER_CARAVANS,0.5034,0.2,190.6,17.8,14.2,1920,1080,0.012,9.2,197.7
Round3,Q2,504,504.0,CRUSADER_CARAVANS,0.5,1860.9,303.2,59.0,26.9,1920,1080,0.077,1890.4,316.7
Round3,Q2,504,504.0,CRUSADER_CARAVANS,0.4645,546.2,186.9,69.4,13.5,1920,1080,0.045,580.9,193.6
Round3,Q2,504,504.0,CRUSADER_CARAVANS,0.4638,10.8,284.3,376.8,18.3,1920,1080,0.332,199.2,293.5
Round3,Q2,504,504.0,CRUSADER_CARAVANS,0.4438,1893.4,204.2,26.5,16.5,1920,1080,0.021,1906.7,212.4
Round3,Q2,504,504.0,CRUSADER_CARAVANS,0.4095,1373.6,194.8,169.0,15.3,1920,1080,0.125,1458.1,202.5
Round3,Q2,504,504.0,CRUSADER_CARAVANS,0.4031,645.1,186.7,96.2,12.6,1920,1080,0.058,693.3,193.0
Round3,Q2,505,505.0,CRUSADER_CARAVANS,0.7453,1125.5,290.6,175.4,22.8,1920,1080,0.193,1213.2,302.0
Round3,Q2,505,505.0,CRUSADER_CARAVANS,0.736,1322.9,208.3,159.5,18.3,1920,1080,0.141,1402.7,217.4
Round3,Q2,505,505.0,CRUSADER_CARAVANS,0.7309,1483.5,214.6,160.1,19.3,1920,1080,0.149,1563.6,224.3
Round3,Q2,505,505.0,CRUSADER_CARAVANS,0.7251,947.2,286.3,174.4,19.4,1920,1080,0.163,1034.4,296.0
Round3,Q2,505,505.0,CRUSADER_CARAVANS,0.7206,1165.2,203.7,154.7,16.2,1920,1080,0.121,1242.5,211.8
Round3,Q2,505,505.0,CRUSADER_CARAVANS,0.7086,1822.0,230.5,97.4,20.6,1920,1080,0.097,1870.7,240.8
Round3,Q2,505,505.0,CRUSADER_CARAVANS,0.7,771.8,284.9,172.8,16.5,1920,1080,0.138,858.2,293.2
Round3,Q2,505,505.0,CRUSADER_CARAVANS,0.6834,1647.3,220.9,166.4,21.9,1920,1080,0.176,1730.5,231.9
Round3,Q2,505,505.0,CRUSADER_CARAVANS,0.6808,229.4,285.7,175.3,15.6,1920,1080,0.132,317.0,293.5
Round3,Q2,505,505.0,CRUSADER_CARAVANS,0.6755,1646.9,325.9,176.8,38.3,1920,1080,0.326,1735.3,345.0
Round3,Q2,505,505.0,CRUSADER_CARAVANS,0.6708,592.9,284.0,175.3,15.7,1920,1080,0.132,680.5,291.8
Round3,Q2,505,505.0,CRUSADER_CARAVANS,0.6667,405.3,284.0,182.4,16.6,1920,1080,0.146,496.6,292.3
Round3,Q2,505,505.0,CRUSADER_CARAVANS,0.6495,1480.1,313.1,162.8,28.0,1920,1080,0.22,1561.6,327.1
Round3,Q2,505,505.0,CRUSADER_CARAVANS,0.6364,199.6,193.7,170.6,14.8,1920,1080,0.122,284.9,201.1
Round3,Q2,505,505.0,CRUSADER_CARAVANS,0.6331,552.7,195.0,140.7,13.2,1920,1080,0.09,623.1,201.7
Round3,Q2,505,505.0,CRUSADER_CARAVANS,0.6132,366.4,194.7,169.0,13.2,1920,1080,0.108,451.0,201.4
Round3,Q2,505,505.0,CRUSADER_CARAVANS,0.6073,0.0,287.6,214.2,17.8,1920,1080,0.184,107.1,296.4
Round3,Q2,505,505.0,CRUSADER_CARAVANS,0.6021,1007.6,199.9,155.1,16.3,1920,1080,0.122,1085.2,208.1
Round3,Q2,505,505.0,CRUSADER_CARAVANS,0.5206,1302.7,300.8,176.3,27.0,1920,1080,0.229,1390.9,314.2
Round3,Q2,505,505.0,CRUSADER_CARAVANS,0.4769,846.5,198.1,160.2,14.0,1920,1080,0.108,926.6,205.1
Round3,Q2,505,505.0,CRUSADER_CARAVANS,0.4658,215.8,287.6,32.7,14.5,1920,1080,0.023,232.1,294.9
Round3,Q2,505,505.0,CRUSADER_CARAVANS,0.4652,691.3,196.0,160.4,14.5,1920,1080,0.112,771.5,203.3
Round3,Q2,505,505.0,CRUSADER_CARAVANS,0.3827,0.0,191.5,58.3,15.7,1920,1080,0.044,29.1,199.4
Round3,Q2,506,506.0,EMIRATES,0.8996,849.3,336.4,44.6,14.8,1920,1080,0.032,871.6,343.8
Round3,Q2,507,507.0,EMIRATES,0.8647,969.1,195.4,48.5,19.0,1920,1080,0.044,993.4,204.9
Round3,Q2,508,508.0,CRUSADER_CARAVANS,0.8028,627.0,223.1,193.1,30.4,1920,1080,0.284,723.6,238.3
Round3,Q2,508,508.0,CRUSADER_CARAVANS,0.7982,419.3,211.3,203.8,27.9,1920,1080,0.275,521.2,225.2
Round3,Q2,508,508.0,CRUSADER_CARAVANS,0.7971,824.0,237.1,184.7,33.7,1920,1080,0.3,916.3,254.0
Round3,Q2,508,508.0,CRUSADER_CARAVANS,0.7923,233.5,92.5,198.3,22.0,1920,1080,0.211,332.6,103.5
Round3,Q2,508,508.0,CRUSADER_CARAVANS,0.7887,1380.5,147.9,156.8,32.3,1920,1080,0.244,1458.9,164.1
Round3,Q2,508,508.0,CRUSADER_CARAVANS,0.7799,1542.7,163.3,152.4,33.7,1920,1080,0.248,1618.9,180.2
Round3,Q2,508,508.0,CRUSADER_CARAVANS,0.7768,0.5,194.5,184.9,26.6,1920,1080,0.238,93.0,207.8
Round3,Q2,508,508.0,CRUSADER_CARAVANS,0.7749,1378.4,302.6,173.1,58.9,1920,1080,0.492,1465.0,332.1
Round3,Q2,508,508.0,CRUSADER_CARAVANS,0.7685,1556.6,342.6,171.2,72.2,1920,1080,0.597,1642.2,378.7
Round3,Q2,508,508.0,CRUSADER_CARAVANS,0.7627,188.1,203.0,227.1,23.8,1920,1080,0.261,301.6,214.9
Round3,Q2,508,508.0,CRUSADER_CARAVANS,0.7612,1698.7,180.5,148.7,39.4,1920,1080,0.282,1773.0,200.2
Round3,Q2,508,508.0,CRUSADER_CARAVANS,0.7544,437.2,98.6,188.5,23.2,1920,1080,0.211,531.5,110.2
Round3,Q2,508,508.0,CRUSADER_CARAVANS,0.7508,811.7,114.5,177.7,23.4,1920,1080,0.201,900.5,126.2
Round3,Q2,508,508.0,CRUSADER_CARAVANS,0.7493,996.2,122.1,169.8,25.7,1920,1080,0.21,1081.1,134.9
Round3,Q2,508,508.0,CRUSADER_CARAVANS,0.7421,627.9,105.5,181.3,23.9,1920,1080,0.209,718.5,117.5
Round3,Q2,508,508.0,CRUSADER_CARAVANS,0.7411,1195.1,276.4,181.7,46.8,1920,1080,0.41,1285.9,299.8
Round3,Q2,508,508.0,CRUSADER_CARAVANS,0.7253,14.0,83.3,215.4,25.0,1920,1080,0.26,121.7,95.8
Round3,Q2,508,508.0,CRUSADER_CARAVANS,0.7244,1020.1,254.7,169.3,40.9,1920,1080,0.334,1104.8,275.2
Round3,Q2,508,508.0,CRUSADER_CARAVANS,0.6771,1850.6,200.5,69.3,38.7,1920,1080,0.129,1885.3,219.9
Round3,Q2,508,508.0,CRUSADER_CARAVANS,0.617,1299.7,141.5,78.2,24.5,1920,1080,0.093,1338.8,153.8
Round3,Q2,508,508.0,CRUSADER_CARAVANS,0.5974,1171.3,134.2,86.8,21.7,1920,1080,0.091,1214.7,145.0
Round3,Q2,509,509.0,CRUSADER_CARAVANS,0.8408,1591.6,118.4,169.2,31.6,1920,1080,0.258,1676.2,134.2
Round3,Q2,509,509.0,CRUSADER_CARAVANS,0.7874,995.5,85.3,182.4,24.2,1920,1080,0.212,1086.7,97.4
Round3,Q2,509,509.0,CRUSADER_CARAVANS,0.7863,610.2,70.2,191.2,22.3,1920,1080,0.206,705.8,81.4
Round3,Q2,509,509.0,CRUSADER_CARAVANS,0.7738,408.3,63.7,198.3,21.8,1920,1080,0.208,507.5,74.6
Round3,Q2,509,509.0,CRUSADER_CARAVANS,0.7734,805.6,75.9,185.4,23.7,1920,1080,0.212,898.4,87.8
Round3,Q2,509,509.0,CRUSADER_CARAVANS,0.7709,1585.2,282.3,187.7,59.2,1920,1080,0.536,1679.1,311.9
Round3,Q2,509,509.0,CRUSADER_CARAVANS,0.7629,800.4,195.1,199.7,33.0,1920,1080,0.318,900.3,211.7
Round3,Q2,509,509.0,CRUSADER_CARAVANS,0.7568,164.6,170.6,196.3,23.6,1920,1080,0.224,262.8,182.4
Round3,Q2,509,509.0,CRUSADER_CARAVANS,0.7504,365.5,175.8,220.5,24.6,1920,1080,0.262,475.8,188.1
Round3,Q2,509,509.0,CRUSADER_CARAVANS,0.747,197.9,55.5,206.7,24.0,1920,1080,0.24,301.2,67.5
Round3,Q2,509,509.0,CRUSADER_CARAVANS,0.7358,1037.0,215.3,157.4,30.9,1920,1080,0.235,1115.7,230.7
Round3,Q2,509,509.0,CRUSADER_CARAVANS,0.7255,1504.7,112.6,82.4,24.4,1920,1080,0.097,1545.9,124.8
Round3,Q2,509,509.0,CRUSADER_CARAVANS,0.7027,626.9,186.3,170.3,26.7,1920,1080,0.219,712.0,199.7
Round3,Q2,509,509.0,CRUSADER_CARAVANS,0.6965,1765.1,132.5,154.9,38.0,1920,1080,0.284,1842.6,151.5
Round3,Q2,509,509.0,CRUSADER_CARAVANS,0.6833,1804.9,328.7,115.1,62.1,1920,1080,0.345,1862.5,359.7
Round3,Q2,509,509.0,CRUSADER_CARAVANS,0.6644,1208.3,231.7,175.8,40.5,1920,1080,0.344,1296.1,252.0
Round3,Q2,509,509.0,CRUSADER_CARAVANS,0.6635,1182.9,94.6,178.6,25.0,1920,1080,0.216,1272.2,107.2
Round3,Q2,509,509.0,CRUSADER_CARAVANS,0.6552,589.2,184.5,43.4,18.3,1920,1080,0.038,610.9,193.6
Round3,Q2,509,509.0,CRUSADER_CARAVANS,0.6474,6.4,49.1,186.4,24.1,1920,1080,0.216,99.6,61.1
Round3,Q2,509,509.0,CRUSADER_CARAVANS,0.6337,118.9,170.3,43.2,17.8,1920,1080,0.037,140.5,179.3
Round3,Q2,509,509.0,CRUSADER_CARAVANS,0.6172,0.2,165.0,110.7,21.9,1920,1080,0.117,55.5,176.0
Round3,Q2,509,509.0,CRUSADER_CARAVANS,0.5951,1366.0,104.3,95.5,23.3,1920,1080,0.107,1413.7,116.0
Round3,Q2,509,509.0,CRUSADER_CARAVANS,0.5262,1774.9,322.0,34.9,29.4,1920,1080,0.05,1792.3,336.7
Round3,Q2,509,509.0,CRUSADER_CARAVANS,0.4502,1389.1,256.0,193.4,46.9,1920,1080,0.437,1485.8,279.4
Round3,Q2,509,509.0,CRUSADER_CARAVANS,0.3001,803.7,77.1,33.3,16.2,1920,1080,0.026,820.3,85.1
Round3,Q2,510,510.0,CRUSADER_CARAVANS,0.805,1616.2,91.3,162.7,30.2,1920,1080,0.237,1697.6,106.4
Round3,Q2,510,510.0,CRUSADER_CARAVANS,0.7654,689.1,44.6,178.5,20.6,1920,1080,0.178,778.3,54.9
Round3,Q2,510,510.0,CRUSADER_CARAVANS,0.7413,0.8,20.4,91.0,20.3,1920,1080,0.089,46.3,30.6
Round3,Q2,510,510.0,CRUSADER_CARAVANS,0.736,1795.0,289.7,124.8,56.4,1920,1080,0.34,1857.4,317.9
Round3,Q2,510,510.0,CRUSADER_CARAVANS,0.7209,1227.3,66.7,170.5,24.9,1920,1080,0.205,1312.5,79.1
Round3,Q2,510,510.0,CRUSADER_CARAVANS,0.7139,1612.6,248.4,175.6,54.1,1920,1080,0.458,1700.4,275.4
Round3,Q2,510,510.0,CRUSADER_CARAVANS,0.7058,125.2,27.0,173.1,21.0,1920,1080,0.176,211.7,37.5
Round3,Q2,510,510.0,CRUSADER_CARAVANS,0.704,709.9,154.9,157.1,22.8,1920,1080,0.173,788.4,166.3
Round3,Q2,510,510.0,CRUSADER_CARAVANS,0.7029,873.5,49.7,172.2,22.8,1920,1080,0.19,959.6,61.1
Round3,Q2,510,510.0,CRUSADER_CARAVANS,0.6952,1782.9,104.5,136.4,33.6,1920,1080,0.221,1851.1,121.3
Round3,Q2,510,510.0,CRUSADER_CARAVANS,0.6876,272.2,141.0,181.4,21.2,1920,1080,0.185,362.9,151.5
Round3,Q2,510,510.0,CRUSADER_CARAVANS,0.6857,483.3,146.2,178.9,21.2,1920,1080,0.183,572.7,156.8
Round3,Q2,510,510.0,CRUSADER_CARAVANS,0.6841,1049.8,58.0,173.8,24.1,1920,1080,0.202,1136.7,70.1
Round3,Q2,510,510.0,CRUSADER_CARAVANS,0.6824,340.0,34.1,154.6,19.4,1920,1080,0.144,417.3,43.8
Round3,Q2,510,510.0,CRUSADER_CARAVANS,0.6757,526.9,39.0,155.3,19.7,1920,1080,0.148,604.5,48.9
Round3,Q2,510,510.0,CRUSADER_CARAVANS,0.6551,1403.1,77.7,95.4,20.8,1920,1080,0.096,1450.8,88.1
Round3,Q2,510,510.0,CRUSADER_CARAVANS,0.6482,15.6,135.5,209.0,21.5,1920,1080,0.217,120.1,146.2
Round3,Q2,510,510.0,CRUSADER_CARAVANS,0.5492,866.6,163.8,188.3,29.4,1920,1080,0.267,960.8,178.5
Round3,Q2,510,510.0,CRUSADER_CARAVANS,0.5441,96.7,26.2,35.5,15.0,1920,1080,0.026,114.5,33.7
Round3,Q2,510,510.0,CRUSADER_CARAVANS,0.5177,232.0,141.0,39.3,16.8,1920,1080,0.032,251.6,149.4
Round3,Q2,510,510.0,CRUSADER_CARAVANS,0.5172,1539.8,83.7,72.4,24.9,1920,1080,0.087,1576.0,96.2
Round3,Q2,510,510.0,CRUSADER_CARAVANS,0.503,1089.8,182.1,154.2,30.4,1920,1080,0.226,1166.9,197.3
Round3,Q2,510,510.0,CRUSADER_CARAVANS,0.495,668.3,152.6,35.9,17.6,1920,1080,0.03,686.3,161.3
Round3,Q2,510,510.0,CRUSADER_CARAVANS,0.4549,304.3,33.1,35.6,16.1,1920,1080,0.028,322.1,41.1
Round3,Q2,510,510.0,CRUSADER_CARAVANS,0.4248,1056.0,178.3,32.0,19.3,1920,1080,0.03,1072.0,188.0
Round3,Q2,510,510.0,CRUSADER_CARAVANS,0.3965,456.6,145.3,31.7,17.0,1920,1080,0.026,472.5,153.9
Round3,Q2,510,510.0,CRUSADER_CARAVANS,0.3734,1422.5,221.5,186.1,44.7,1920,1080,0.402,1515.6,243.8
Round3,Q2,510,510.0,CRUSADER_CARAVANS,0.348,1789.9,286.7,31.0,26.1,1920,1080,0.039,1805.4,299.8
Round3,Q2,510,510.0,CRUSADER_CARAVANS,0.3272,1299.3,202.4,117.8,34.0,1920,1080,0.193,1358.2,219.4
Round3,Q2,510,510.0,CRUSADER_CARAVANS,0.3012,1049.9,57.6,31.3,16.4,1920,1080,0.025,1065.6,65.9
Round3,Q2,512,512.0,CRUSADER_CARAVANS,0.7874,9.6,218.9,181.2,16.8,1920,1080,0.147,100.2,227.3
Round3,Q2,512,512.0,CRUSADER_CARAVANS,0.7617,1666.4,359.4,135.3,54.8,1920,1080,0.357,1734.1,386.8
Round3,Q2,512,512.0,CRUSADER_CARAVANS,0.7609,0.0,109.8,67.4,20.1,1920,1080,0.065,33.7,119.9
Round3,Q2,512,512.0,CRUSADER_CARAVANS,0.7592,479.6,124.8,141.2,18.0,1920,1080,0.123,550.2,133.8
Round3,Q2,512,512.0,CRUSADER_CARAVANS,0.757,230.8,221.6,174.4,17.3,1920,1080,0.145,318.0,230.3
Round3,Q2,512,512.0,CRUSADER_CARAVANS,0.7532,965.5,140.9,160.6,22.2,1920,1080,0.172,1045.8,152.0
Round3,Q2,512,512.0,CRUSADER_CARAVANS,0.7509,1635.1,186.2,144.1,33.4,1920,1080,0.232,1707.2,202.9
Round3,Q2,512,512.0,CRUSADER_CARAVANS,0.7443,645.5,231.2,141.8,22.2,1920,1080,0.152,716.4,242.3
Round3,Q2,512,512.0,CRUSADER_CARAVANS,0.733,76.0,115.8,186.0,18.8,1920,1080,0.168,168.9,125.2
Round3,Q2,512,512.0,CRUSADER_CARAVANS,0.7305,448.0,224.8,156.4,17.4,1920,1080,0.131,526.2,233.5
Round3,Q2,512,512.0,CRUSADER_CARAVANS,0.7302,293.9,120.7,152.2,18.1,1920,1080,0.133,370.0,129.8
Round3,Q2,512,512.0,CRUSADER_CARAVANS,0.7061,1484.3,172.5,145.3,30.2,1920,1080,0.212,1556.9,187.6
Round3,Q2,512,512.0,CRUSADER_CARAVANS,0.7015,821.3,241.1,146.9,24.7,1920,1080,0.175,894.7,253.4
Round3,Q2,512,512.0,CRUSADER_CARAVANS,0.6993,1291.1,159.0,90.7,21.6,1920,1080,0.095,1336.4,169.8
Round3,Q2,512,512.0,CRUSADER_CARAVANS,0.6959,1781.3,204.1,138.7,39.9,1920,1080,0.267,1850.6,224.0
Round3,Q2,512,512.0,CRUSADER_CARAVANS,0.6848,631.0,128.5,163.2,19.7,1920,1080,0.155,712.6,138.4
Round3,Q2,512,512.0,CRUSADER_CARAVANS,0.6522,1134.9,149.1,149.9,23.4,1920,1080,0.169,1209.8,160.8
Round3,Q2,512,512.0,CRUSADER_CARAVANS,0.6457,1510.2,320.0,130.6,47.4,1920,1080,0.299,1575.5,343.7
Round3,Q2,512,512.0,CRUSADER_CARAVANS,0.641,197.8,219.5,36.1,16.5,1920,1080,0.029,215.9,227.8
Round3,Q2,512,512.0,CRUSADER_CARAVANS,0.6367,606.3,229.6,34.2,15.4,1920,1080,0.025,623.4,237.3
Round3,Q2,512,512.0,CRUSADER_CARAVANS,0.6277,795.5,134.3,165.2,21.4,1920,1080,0.17,878.1,145.0
Round3,Q2,512,512.0,CRUSADER_CARAVANS,0.6033,1805.7,398.5,113.7,67.5,1920,1080,0.37,1862.5,432.3
Round3,Q2,512,512.0,CRUSADER_CARAVANS,0.5672,1421.3,167.0,60.3,22.8,1920,1080,0.066,1451.5,178.4
Round3,Q2,512,512.0,CRUSADER_CARAVANS,0.5102,792.1,238.8,30.6,16.8,1920,1080,0.025,807.4,247.2
Round3,Q2,512,512.0,CRUSADER_CARAVANS,0.5077,1001.6,254.7,140.8,29.1,1920,1080,0.198,1072.0,269.3
Round3,Q2,512,512.0,CRUSADER_CARAVANS,0.4888,267.2,119.9,32.7,15.1,1920,1080,0.024,283.5,127.5
Round3,Q2,512,512.0,CRUSADER_CARAVANS,0.4589,1181.7,274.2,121.0,30.5,1920,1080,0.178,1242.2,289.4
Round3,Q2,512,512.0,CRUSADER_CARAVANS,0.4538,1309.5,290.7,171.2,43.9,1920,1080,0.363,1395.1,312.7
Round3,Q2,512,512.0,CRUSADER_CARAVANS,0.4255,450.0,125.3,29.6,13.3,1920,1080,0.019,464.8,131.9
Round3,Q2,512,512.0,CRUSADER_CARAVANS,0.4128,626.4,129.1,30.8,15.1,1920,1080,0.022,641.8,136.7
Round3,Q2,512,512.0,CRUSADER_CARAVANS,0.3658,408.8,223.4,34.5,16.2,1920,1080,0.027,426.1,231.5
Round3,Q2,512,512.0,CRUSADER_CARAVANS,0.3284,1306.9,290.7,31.7,20.6,1920,1080,0.032,1322.8,301.0
Round3,Q2,512,512.0,CRUSADER_CARAVANS,0.3101,1127.6,149.4,27.9,14.7,1920,1080,0.02,1141.5,156.7
Round3,Q2,513,513.0,CRUSADER_CARAVANS,0.8222,1725.9,212.2,148.1,35.7,1920,1080,0.255,1800.0,230.0
Round3,Q2,513,513.0,CRUSADER_CARAVANS,0.8063,1570.5,193.8,151.8,35.2,1920,1080,0.258,1646.4,211.4
Round3,Q2,513,513.0,CRUSADER_CARAVANS,0.7613,304.5,236.0,165.2,19.5,1920,1080,0.155,387.2,245.8
Round3,Q2,513,513.0,CRUSADER_CARAVANS,0.7556,495.9,132.8,180.7,21.7,1920,1080,0.189,586.3,143.6
Round3,Q2,513,513.0,CRUSADER_CARAVANS,0.7551,1421.3,337.4,159.1,44.3,1920,1080,0.34,1500.9,359.5
Round3,Q2,513,513.0,CRUSADER_CARAVANS,0.755,859.2,145.9,173.3,23.7,1920,1080,0.198,945.8,157.8
Round3,Q2,513,513.0,CRUSADER_CARAVANS,0.7545,60.2,230.3,192.7,19.2,1920,1080,0.179,156.6,239.9
Round3,Q2,513,513.0,CRUSADER_CARAVANS,0.7541,0.2,115.3,87.8,19.9,1920,1080,0.084,44.1,125.3
Round3,Q2,513,513.0,CRUSADER_CARAVANS,0.7487,305.7,126.8,184.4,20.8,1920,1080,0.185,397.9,137.2
Round3,Q2,513,513.0,CRUSADER_CARAVANS,0.7449,711.3,254.6,151.2,25.4,1920,1080,0.185,786.9,267.3
Round3,Q2,513,513.0,CRUSADER_CARAVANS,0.7403,679.5,139.9,175.6,20.9,1920,1080,0.177,767.3,150.4
Round3,Q2,513,513.0,CRUSADER_CARAVANS,0.7164,1609.9,372.6,140.9,57.0,1920,1080,0.387,1680.3,401.1
Round3,Q2,513,513.0,CRUSADER_CARAVANS,0.7104,1414.3,181.0,151.4,29.0,1920,1080,0.212,1490.0,195.5
Round3,Q2,513,513.0,CRUSADER_CARAVANS,0.7062,503.9,242.9,170.6,22.9,1920,1080,0.188,589.2,254.4
Round3,Q2,513,513.0,CRUSADER_CARAVANS,0.6988,1207.2,166.0,101.8,22.4,1920,1080,0.11,1258.1,177.2
Round3,Q2,513,513.0,CRUSADER_CARAVANS,0.6857,1033.1,156.4,169.6,24.0,1920,1080,0.196,1117.9,168.4
Round3,Q2,513,513.0,CRUSADER_CARAVANS,0.6754,14.1,229.0,43.6,17.7,1920,1080,0.037,35.9,237.9
Round3,Q2,513,513.0,CRUSADER_CARAVANS,0.653,94.0,119.7,203.4,22.2,1920,1080,0.218,195.6,130.9
Round3,Q2,513,513.0,CRUSADER_CARAVANS,0.5768,1230.5,303.8,173.0,42.2,1920,1080,0.352,1317.0,324.9
Round3,Q2,513,513.0,CRUSADER_CARAVANS,0.57,1876.7,231.8,43.3,34.4,1920,1080,0.072,1898.4,248.9
Round3,Q2,513,513.0,CRUSADER_CARAVANS,0.5012,255.7,233.7,38.4,16.7,1920,1080,0.031,274.9,242.1
Round3,Q2,513,513.0,CRUSADER_CARAVANS,0.4808,675.5,250.5,33.4,18.2,1920,1080,0.029,692.2,259.6
Round3,Q2,513,513.0,CRUSADER_CARAVANS,0.4536,865.7,265.4,32.5,18.5,1920,1080,0.029,881.9,274.6
Round3,Q2,513,513.0,CRUSADER_CARAVANS,0.4523,473.8,241.1,36.1,16.7,1920,1080,0.029,491.9,249.4
Round3,Q2,513,513.0,CRUSADER_CARAVANS,0.4381,1347.6,174.3,63.0,22.5,1920,1080,0.068,1379.1,185.6
Round3,Q2,513,513.0,CRUSADER_CARAVANS,0.4115,891.1,267.2,158.0,30.5,1920,1080,0.232,970.1,282.4
Round3,Q2,513,513.0,CRUSADER_CARAVANS,0.3259,1226.6,303.6,34.3,23.8,1920,1080,0.039,1243.7,315.5
Round3,Q2,513,513.0,CRUSADER_CARAVANS,0.3236,0.0,228.6,11.1,17.4,1920,1080,0.009,5.5,237.3
Round3,Q2,513,513.0,CRUSADER_CARAVANS,0.3102,300.0,126.0,33.7,16.8,1920,1080,0.027,316.9,134.4
Round3,Q2,514,514.0,CRUSADER_CARAVANS,0.806,1639.4,207.9,174.6,35.3,1920,1080,0.297,1726.7,225.5
Round3,Q2,514,514.0,CRUSADER_CARAVANS,0.7998,1464.7,193.0,171.4,32.7,1920,1080,0.27,1550.4,209.3
Round3,Q2,514,514.0,CRUSADER_CARAVANS,0.7876,657.1,147.9,192.0,24.1,1920,1080,0.223,753.1,159.9
Round3,Q2,514,514.0,CRUSADER_CARAVANS,0.7709,43.7,124.3,183.8,24.7,1920,1080,0.219,135.6,136.7
Round3,Q2,514,514.0,CRUSADER_CARAVANS,0.767,1666.8,406.8,179.9,61.7,1920,1080,0.535,1756.7,437.7
Round3,Q2,514,514.0,CRUSADER_CARAVANS,0.7637,471.4,261.9,176.8,24.8,1920,1080,0.211,559.8,274.2
Round3,Q2,514,514.0,CRUSADER_CARAVANS,0.762,231.1,253.4,188.8,22.7,1920,1080,0.207,325.5,264.8
Round3,Q2,514,514.0,CRUSADER_CARAVANS,0.7606,452.2,141.6,199.1,22.8,1920,1080,0.219,551.8,153.0
Round3,Q2,514,514.0,CRUSADER_CARAVANS,0.7308,274.1,134.6,170.2,22.4,1920,1080,0.184,359.2,145.8
Round3,Q2,514,514.0,CRUSADER_CARAVANS,0.7293,689.8,275.0,166.4,28.2,1920,1080,0.227,773.0,289.1
Round3,Q2,514,514.0,CRUSADER_CARAVANS,0.7283,1494.2,366.3,160.2,50.4,1920,1080,0.39,1574.4,391.5
Round3,Q2,514,514.0,CRUSADER_CARAVANS,0.7228,854.9,156.3,187.8,26.2,1920,1080,0.237,948.8,169.4
Round3,Q2,514,514.0,CRUSADER_CARAVANS,0.7154,1816.2,226.7,103.7,35.5,1920,1080,0.178,1868.1,244.5
Round3,Q2,514,514.0,CRUSADER_CARAVANS,0.7015,1079.2,168.2,154.4,24.0,1920,1080,0.179,1156.4,180.2
Round3,Q2,514,514.0,CRUSADER_CARAVANS,0.6973,0.7,246.0,175.7,22.5,1920,1080,0.191,88.6,257.2
Round3,Q2,514,514.0,CRUSADER_CARAVANS,0.6891,650.7,270.7,37.0,20.7,1920,1080,0.037,669.1,281.1
Round3,Q2,514,514.0,CRUSADER_CARAVANS,0.6867,896.6,288.8,162.7,32.7,1920,1080,0.256,978.0,305.1
Round3,Q2,514,514.0,CRUSADER_CARAVANS,0.6783,0.6,122.8,41.3,18.8,1920,1080,0.037,21.3,132.2
Round3,Q2,514,514.0,CRUSADER_CARAVANS,0.6098,1261.0,334.0,197.6,42.3,1920,1080,0.403,1359.8,355.2
Round3,Q2,514,514.0,CRUSADER_CARAVANS,0.5882,1239.1,177.2,111.4,24.9,1920,1080,0.134,1294.8,189.6
Round3,Q2,514,514.0,CRUSADER_CARAVANS,0.5328,1396.9,186.3,66.4,25.1,1920,1080,0.08,1430.1,198.8
Round3,Q2,514,514.0,CRUSADER_CARAVANS,0.5262,232.8,133.3,37.3,17.2,1920,1080,0.031,251.4,141.9
Round3,Q2,514,514.0,CRUSADER_CARAVANS,0.5164,183.5,252.3,41.5,17.8,1920,1080,0.036,204.3,261.2
Round3,Q2,514,514.0,CRUSADER_CARAVANS,0.5162,1461.0,359.2,34.9,26.0,1920,1080,0.044,1478.5,372.2
Round3,Q2,514,514.0,CRUSADER_CARAVANS,0.4856,1076.0,307.0,178.3,39.5,1920,1080,0.34,1165.2,326.8
Round3,Q2,514,514.0,CRUSADER_CARAVANS,0.4302,862.0,287.7,34.1,18.7,1920,1080,0.031,879.1,297.0
Round3,Q2,514,514.0,CRUSADER_CARAVANS,0.4226,853.7,156.9,33.8,16.8,1920,1080,0.027,870.6,165.3
Round3,Q2,514,514.0,CRUSADER_CARAVANS,0.3924,1258.5,329.9,34.7,25.2,1920,1080,0.042,1275.8,342.5
Round3,Q2,514,514.0,CRUSADER_CARAVANS,0.3767,426.7,260.4,40.0,18.0,1920,1080,0.035,446.8,269.4
Round3,Q2,514,514.0,CRUSADER_CARAVANS,0.3616,450.9,141.4,35.9,17.4,1920,1080,0.03,468.8,150.1
Round3,Q2,514,514.0,CRUSADER_CARAVANS,0.3345,655.4,148.8,34.0,16.9,1920,1080,0.028,672.4,157.3
Round3,Q2,514,514.0,CRUSADER_CARAVANS,0.3278,1856.6,454.7,63.4,56.0,1920,1080,0.171,1888.3,482.7
Round3,Q2,514,514.0,CRUSADER_CARAVANS,0.3151,1063.5,304.6,30.4,23.0,1920,1080,0.034,1078.7,316.1
Round3,Q2,514,514.0,CRUSADER_CARAVANS,0.3077,1046.5,166.7,32.5,17.0,1920,1080,0.027,1062.8,175.1
Round3,Q2,518,518.0,EMIRATES,0.8658,360.6,269.1,45.8,19.6,1920,1080,0.043,383.5,278.9
Round3,Q2,531,531.0,EMIRATES,0.5036,1909.2,102.5,10.8,15.5,1920,1080,0.008,1914.6,110.3
Round3,Q2,532,532.0,EMIRATES,0.8956,1850.6,128.4,26.0,19.1,1920,1080,0.024,1863.6,137.9
Round3,Q2,549,549.0,EMIRATES,0.7418,626.2,82.0,31.2,21.5,1920,1080,0.032,641.8,92.7
Round3,Q2,549,549.0,EMIRATES,0.6613,928.6,428.6,27.9,18.2,1920,1080,0.025,942.5,437.7
Round3,Q2,549,549.0,EMIRATES,0.6472,561.9,597.1,40.0,16.6,1920,1080,0.032,581.9,605.4
Round3,Q2,550,550.0,EMIRATES,0.8729,1367.1,531.3,50.4,14.1,1920,1080,0.034,1392.3,538.4
Round3,Q2,550,550.0,EMIRATES,0.8543,1402.6,133.3,35.8,14.7,1920,1080,0.025,1420.5,140.7
Round3,Q2,550,550.0,EMIRATES,0.4932,543.8,339.1,44.5,17.2,1920,1080,0.037,566.1,347.7
Round3,Q2,551,551.0,EMIRATES,0.9071,1373.6,552.3,36.7,14.6,1920,1080,0.026,1392.0,559.6
Round3,Q2,551,551.0,EMIRATES,0.782,1136.7,449.0,21.9,14.1,1920,1080,0.015,1147.7,456.1
Round3,Q2,551,551.0,EMIRATES,0.5092,1218.9,398.0,13.5,12.5,1920,1080,0.008,1225.7,404.3
Round3,Q2,551,551.0,EMIRATES,0.4006,792.0,359.3,33.1,14.9,1920,1080,0.024,808.6,366.7
Round3,Q2,552,552.0,EMIRATES,0.8163,1213.2,266.1,30.3,17.9,1920,1080,0.026,1228.3,275.1
Round3,Q2,552,552.0,EMIRATES,0.7596,1153.7,460.6,40.7,11.6,1920,1080,0.023,1174.1,466.4
Round3,Q2,553,553.0,EMIRATES,0.8872,529.1,250.6,46.1,16.8,1920,1080,0.037,552.2,259.0
Round3,Q2,553,553.0,EMIRATES,0.8771,1280.1,435.9,34.8,20.8,1920,1080,0.035,1297.5,446.3
Round3,Q2,553,553.0,EMIRATES,0.8206,1218.3,79.4,48.4,14.3,1920,1080,0.033,1242.5,86.5
Round3,Q2,554,554.0,EMIRATES,0.8879,1670.4,87.7,40.7,16.1,1920,1080,0.032,1690.8,95.8
Round3,Q2,554,554.0,EMIRATES,0.8776,781.3,457.1,50.1,13.6,1920,1080,0.033,806.4,463.9
Round3,Q2,554,554.0,EMIRATES,0.6291,1563.8,351.1,24.7,14.6,1920,1080,0.017,1576.1,358.4
Round3,Q2,555,555.0,EMIRATES,0.8819,1484.5,141.2,40.3,17.5,1920,1080,0.034,1504.6,149.9
Round3,Q2,555,555.0,EMIRATES,0.8761,978.1,210.7,42.7,15.2,1920,1080,0.031,999.4,218.3
Round3,Q2,555,555.0,EMIRATES,0.8532,846.4,408.8,32.3,18.5,1920,1080,0.029,862.6,418.0
Round3,Q2,555,555.0,EMIRATES,0.7968,1336.6,380.3,29.0,22.2,1920,1080,0.031,1351.1,391.4
Round3,Q2,556,556.0,EMIRATES,0.9067,429.7,176.3,43.6,18.0,1920,1080,0.038,451.5,185.3
Round3,Q2,556,556.0,EMIRATES,0.884,1087.9,182.5,36.9,15.7,1920,1080,0.028,1106.4,190.4
Round3,Q2,556,556.0,EMIRATES,0.8818,985.8,100.3,39.9,17.1,1920,1080,0.033,1005.8,108.9
Round3,Q2,556,556.0,EMIRATES,0.4413,800.7,367.1,26.4,19.5,1920,1080,0.025,813.9,376.9
Round3,Q2,557,557.0,EMIRATES,0.8848,972.3,33.5,37.1,16.7,1920,1080,0.03,990.8,41.9
Round3,Q2,557,557.0,EMIRATES,0.6525,1324.7,126.7,29.8,18.9,1920,1080,0.027,1339.6,136.2
Round3,Q2,557,557.0,EMIRATES,0.3135,962.9,510.2,20.7,35.6,1920,1080,0.036,973.2,528.0
Round3,Q2,558,558.0,EMIRATES,0.8958,507.1,134.2,43.7,14.6,1920,1080,0.031,529.0,141.5
Round3,Q2,558,558.0,EMIRATES,0.8881,1102.8,75.6,39.6,14.9,1920,1080,0.028,1122.6,83.0
Round3,Q2,558,558.0,EMIRATES,0.8875,1398.4,170.6,50.0,17.2,1920,1080,0.042,1423.4,179.3
Round3,Q2,558,558.0,EMIRATES,0.8503,973.3,492.3,30.4,22.4,1920,1080,0.033,988.5,503.5
Round3,Q2,559,559.0,EMIRATES,0.8925,346.8,174.5,44.9,23.9,1920,1080,0.052,369.3,186.5
Round3,Q2,559,559.0,EMIRATES,0.8869,1427.9,106.6,51.2,18.2,1920,1080,0.045,1453.5,115.7
Round3,Q2,559,559.0,EMIRATES,0.8337,847.8,315.8,43.4,17.9,1920,1080,0.037,869.5,324.8
Round3,Q2,559,559.0,EMIRATES,0.7858,844.9,543.5,32.2,35.9,1920,1080,0.056,860.9,561.4
Round3,Q2,559,559.0,EMIRATES,0.7681,1065.6,103.0,26.4,17.3,1920,1080,0.022,1078.8,111.7
Round3,Q2,560,560.0,EMIRATES,0.8871,282.3,228.4,52.3,16.1,1920,1080,0.041,308.5,236.5
Round3,Q2,560,560.0,EMIRATES,0.8853,1192.8,52.2,50.1,24.8,1920,1080,0.06,1217.9,64.7
Round3,Q2,560,560.0,EMIRATES,0.8629,578.2,417.3,52.0,19.8,1920,1080,0.05,604.2,427.2
Round3,Q2,560,560.0,EMIRATES,0.76,1469.8,51.6,61.4,13.7,1920,1080,0.04,1500.5,58.4
Round3,Q2,560,560.0,EMIRATES,0.4846,1112.1,265.1,27.4,18.4,1920,1080,0.024,1125.8,274.3
Round3,Q2,561,561.0,EMIRATES,0.9028,277.6,296.9,51.2,17.5,1920,1080,0.043,303.2,305.6
Round3,Q2,561,561.0,EMIRATES,0.8948,298.4,385.2,51.0,24.1,1920,1080,0.059,323.9,397.2
Round3,Q2,561,561.0,EMIRATES,0.8683,773.3,471.3,25.1,38.3,1920,1080,0.046,785.9,490.5
Round3,Q2,561,561.0,EMIRATES,0.6392,1732.3,294.1,43.9,21.5,1920,1080,0.046,1754.3,304.8
Round3,Q2,562,562.0,EMIRATES,0.8892,543.8,382.2,54.2,16.9,1920,1080,0.044,570.9,390.7
Round3,Q2,562,562.0,EMIRATES,0.8862,212.2,423.3,37.1,17.8,1920,1080,0.032,230.7,432.2
Round3,Q2,562,562.0,EMIRATES,0.7855,822.5,287.7,29.7,18.5,1920,1080,0.026,837.4,296.9
Round3,Q2,563,563.0,EMIRATES,0.8455,1437.2,421.8,58.9,18.1,1920,1080,0.051,1466.7,430.8
Round3,Q2,563,563.0,EMIRATES,0.8108,364.4,612.1,49.2,20.4,1920,1080,0.048,389.0,622.3
Round3,Q2,564,564.0,EMIRATES,0.8431,889.5,417.1,31.5,10.7,1920,1080,0.016,905.3,422.5
Round3,Q2,564,564.0,EMIRATES,0.7761,474.7,398.7,29.6,10.4,1920,1080,0.015,489.5,403.9
Round3,Q2,564,564.0,EMIRATES,0.679,1494.1,501.9,26.9,10.8,1920,1080,0.014,1507.6,507.3
Round3,Q2,564,564.0,EMIRATES,0.5313,301.4,201.2,26.2,8.9,1920,1080,0.011,314.5,205.6
Round3,Q2,565,565.0,EMIRATES,0.4305,767.6,301.5,44.4,24.7,1920,1080,0.053,789.8,313.8
Round3,Q2,567,567.0,EMIRATES,0.5955,1645.7,865.4,31.0,10.3,1920,1080,0.015,1661.1,870.6
Round3,Q2,568,568.0,EMIRATES,0.8936,976.1,557.4,83.6,26.9,1920,1080,0.108,1017.9,570.8
Round3,Q2,568,568.0,EMIRATES,0.7423,1686.0,863.2,30.8,9.7,1920,1080,0.014,1701.4,868.0
Round3,Q2,568,568.0,EMIRATES,0.6642,224.2,265.8,29.9,26.2,1920,1080,0.038,239.1,278.9
Round3,Q2,569,569.0,EMIRATES,0.8912,1178.8,364.5,66.1,20.3,1920,1080,0.065,1211.9,374.7
Round3,Q2,569,569.0,EMIRATES,0.7577,1678.4,851.7,31.1,10.8,1920,1080,0.016,1694.0,857.1
Round3,Q2,569,569.0,EMIRATES,0.3976,660.3,550.1,45.0,19.4,1920,1080,0.042,682.8,559.8
Round3,Q2,570,570.0,EMIRATES,0.6056,1670.2,857.1,28.9,10.2,1920,1080,0.014,1684.6,862.2
Round3,Q2,570,570.0,EMIRATES,0.3563,1116.9,112.9,99.8,61.2,1920,1080,0.294,1166.8,143.4
Round3,Q2,570,570.0,EMIRATES,0.3158,1115.6,108.6,160.6,139.0,1920,1080,1.076,1195.9,178.0
Round3,Q2,571,571.0,EMIRATES,0.9044,1031.7,462.4,82.9,27.8,1920,1080,0.111,1073.2,476.3
Round3,Q2,571,571.0,EMIRATES,0.6356,847.3,72.3,164.6,47.6,1920,1080,0.377,929.6,96.1
Round3,Q2,577,577.0,EMIRATES,0.883,1489.7,228.6,42.4,17.6,1920,1080,0.036,1510.9,237.5
Round3,Q2,578,578.0,EMIRATES,0.8533,1744.5,241.9,29.1,23.7,1920,1080,0.033,1759.1,253.7
Round3,Q2,578,578.0,EMIRATES,0.3751,47.0,900.6,25.0,24.1,1920,1080,0.029,59.5,912.6
Round3,Q2,582,582.0,EMIRATES,0.8874,987.5,270.9,56.3,32.7,1920,1080,0.089,1015.6,287.2
Round3,Q2,582,582.0,EMIRATES,0.3907,801.4,192.1,88.1,30.0,1920,1080,0.127,845.5,207.1
Round3,Q2,583,583.0,EMIRATES,0.8779,887.1,350.9,49.9,39.1,1920,1080,0.094,912.1,370.4
Round3,Q2,584,584.0,EMIRATES,0.8908,834.0,345.3,99.2,30.9,1920,1080,0.148,883.6,360.7
Round3,Q2,601,601.0,EMIRATES,0.7915,1111.2,340.7,44.4,11.8,1920,1080,0.025,1133.4,346.7
Round3,Q2,601,601.0,EMIRATES,0.6323,290.2,507.1,50.0,12.8,1920,1080,0.031,315.2,513.6
Round3,Q2,602,602.0,EMIRATES,0.8913,373.6,449.4,42.5,17.5,1920,1080,0.036,394.8,458.1
Round3,Q2,602,602.0,EMIRATES,0.885,1226.1,177.9,31.8,12.7,1920,1080,0.019,1242.1,184.3
Round3,Q2,603,603.0,EMIRATES,0.8936,491.6,337.7,39.2,26.1,1920,1080,0.049,511.2,350.7
Round3,Q2,604,604.0,EMIRATES,0.8837,174.4,400.5,36.2,16.8,1920,1080,0.029,192.5,408.9
Round3,Q2,605,605.0,CYBERCX,0.8946,812.2,252.2,130.1,41.0,1920,1080,0.258,877.2,272.7
Round3,Q2,605,605.0,CYBERCX,0.8908,655.2,239.7,127.7,42.9,1920,1080,0.265,719.1,261.1
Round3,Q2,605,605.0,CYBERCX,0.8902,318.9,225.8,135.9,41.1,1920,1080,0.269,386.9,246.4
Round3,Q2,605,605.0,CYBERCX,0.8872,1432.1,294.2,117.4,45.8,1920,1080,0.259,1490.8,317.1
Round3,Q2,605,605.0,CYBERCX,0.8858,1402.3,51.4,105.7,35.4,1920,1080,0.18,1455.2,69.1
Round3,Q2,605,605.0,CYBERCX,0.8841,1015.9,39.1,104.5,33.6,1920,1080,0.169,1068.2,55.9
Round3,Q2,605,605.0,CYBERCX,0.8833,355.5,13.8,111.9,34.1,1920,1080,0.184,411.4,30.8
Round3,Q2,605,605.0,CYBERCX,0.8826,145.8,218.0,133.2,41.9,1920,1080,0.269,212.4,238.9
Round3,Q2,605,605.0,CYBERCX,0.8818,1273.8,280.9,127.2,45.1,1920,1080,0.277,1337.3,303.4
Round3,Q2,605,605.0,CYBERCX,0.8813,490.8,232.4,129.5,40.7,1920,1080,0.254,555.5,252.7
Round3,Q2,605,605.0,CYBERCX,0.8788,757.0,30.1,107.1,33.6,1920,1080,0.174,810.5,46.9
Round3,Q2,605,605.0,CYBERCX,0.8778,1743.0,321.2,118.9,47.7,1920,1080,0.273,1802.4,345.1
Round3,Q2,605,605.0,CYBERCX,0.8722,627.7,25.0,105.0,33.2,1920,1080,0.168,680.2,41.5
Round3,Q2,605,605.0,CYBERCX,0.8683,72.6,0.9,117.9,33.9,1920,1080,0.193,131.6,17.9
Round3,Q2,605,605.0,CYBERCX,0.868,1670.6,60.0,102.6,34.6,1920,1080,0.171,1721.9,77.3
Round3,Q2,605,605.0,CYBERCX,0.865,973.2,259.7,120.3,44.1,1920,1080,0.256,1033.4,281.7
Round3,Q2,605,605.0,CYBERCX,0.8589,889.1,34.3,104.2,33.8,1920,1080,0.17,941.3,51.2
Round3,Q2,605,605.0,CYBERCX,0.8583,1534.1,56.3,106.1,33.1,1920,1080,0.169,1587.1,72.9
Round3,Q2,605,605.0,CYBERCX,0.8581,1275.5,46.7,103.7,34.7,1920,1080,0.174,1327.4,64.1
Round3,Q2,605,605.0,CYBERCX,0.8525,218.2,7.5,111.7,33.9,1920,1080,0.183,274.1,24.4
Round3,Q2,605,605.0,CYBERCX,0.8433,493.3,19.6,107.9,33.0,1920,1080,0.172,547.3,36.1
Round3,Q2,605,605.0,CYBERCX,0.8377,1122.3,271.6,118.1,42.5,1920,1080,0.242,1181.3,292.9
Round3,Q2,605,605.0,CYBERCX,0.815,1580.3,308.6,129.0,44.9,1920,1080,0.279,1644.8,331.0
Round3,Q2,605,605.0,CYBERCX,0.7945,1144.3,42.9,104.3,36.9,1920,1080,0.186,1196.4,61.4
Round3,Q2,605,605.0,CYBERCX,0.7704,0.0,212.9,106.4,39.7,1920,1080,0.203,53.2,232.7
Round3,Q2,605,605.0,CYBERCX,0.7662,0.0,0.0,42.8,27.7,1920,1080,0.057,21.4,13.8
Round3,Q2,605,605.0,CYBERCX,0.7551,1799.9,65.0,107.9,33.8,1920,1080,0.176,1853.9,81.9
Round3,Q2,605,605.0,CYBERCX,0.7139,1892.3,336.5,27.7,51.6,1920,1080,0.069,1906.2,362.3
Round3,Q2,605,605.0,EMIRATES,0.3608,1821.8,284.4,14.8,51.1,1920,1080,0.036,1829.2,310.0
Round3,Q2,606,606.0,CYBERCX,0.8977,732.1,270.6,135.9,44.4,1920,1080,0.291,800.1,292.8
Round3,Q2,606,606.0,CYBERCX,0.892,203.3,249.6,137.0,41.1,1920,1080,0.272,271.8,270.2
Round3,Q2,606,606.0,CYBERCX,0.892,1665.4,74.8,115.2,36.6,1920,1080,0.203,1723.0,93.1
Round3,Q2,606,606.0,CYBERCX,0.8835,1252.2,63.4,113.3,37.1,1920,1080,0.203,1308.9,82.0
Round3,Q2,606,606.0,CYBERCX,0.8797,1119.0,59.3,106.9,35.2,1920,1080,0.182,1172.4,77.0
Round3,Q2,606,606.0,CYBERCX,0.8796,981.7,54.7,111.0,35.6,1920,1080,0.191,1037.2,72.5
Round3,Q2,606,606.0,CYBERCX,0.8772,844.3,50.5,111.1,35.9,1920,1080,0.192,899.9,68.5
Round3,Q2,606,606.0,CYBERCX,0.8748,1385.9,313.1,135.4,47.4,1920,1080,0.309,1453.6,336.8
Round3,Q2,606,606.0,CYBERCX,0.8747,901.5,281.7,131.5,44.5,1920,1080,0.282,967.2,303.9
Round3,Q2,606,606.0,CYBERCX,0.8746,283.6,29.5,114.9,35.4,1920,1080,0.196,341.0,47.3
Round3,Q2,606,606.0,CYBERCX,0.8731,9.2,241.9,150.9,44.4,1920,1080,0.323,84.6,264.1
Round3,Q2,606,606.0,CYBERCX,0.8727,1713.5,338.5,137.2,49.5,1920,1080,0.327,1782.1,363.2
Round3,Q2,606,606.0,CYBERCX,0.8707,382.4,255.5,139.8,41.9,1920,1080,0.282,452.3,276.4
Round3,Q2,606,606.0,CYBERCX,0.8698,426.4,34.8,115.2,35.6,1920,1080,0.198,484.0,52.6
Round3,Q2,606,606.0,CYBERCX,0.8689,1554.6,325.7,124.3,47.9,1920,1080,0.287,1616.7,349.6
Round3,Q2,606,606.0,CYBERCX,0.8623,559.3,263.7,137.9,42.5,1920,1080,0.283,628.3,285.0
Round3,Q2,606,606.0,CYBERCX,0.8608,1068.1,290.1,124.7,44.7,1920,1080,0.269,1130.5,312.4
Round3,Q2,606,606.0,CYBERCX,0.8606,133.1,23.3,119.9,35.4,1920,1080,0.205,193.1,41.1
Round3,Q2,606,606.0,CYBERCX,0.8561,568.6,41.1,112.0,34.0,1920,1080,0.184,624.6,58.1
Round3,Q2,606,606.0,CYBERCX,0.8545,1527.1,70.8,111.5,36.7,1920,1080,0.197,1582.8,89.2
Round3,Q2,606,606.0,CYBERCX,0.8497,1813.3,78.6,106.7,37.0,1920,1080,0.191,1866.6,97.1
Round3,Q2,606,606.0,CYBERCX,0.8305,1391.0,66.9,110.6,36.4,1920,1080,0.194,1446.3,85.1
Round3,Q2,606,606.0,CYBERCX,0.8244,708.3,46.5,110.2,34.3,1920,1080,0.182,763.4,63.6
Round3,Q2,606,606.0,CYBERCX,0.8132,0.0,18.0,102.9,33.4,1920,1080,0.166,51.4,34.8
Round3,Q2,606,606.0,CYBERCX,0.8032,1227.1,301.1,123.9,43.5,1920,1080,0.26,1289.0,322.9
Round3,Q2,606,606.0,CYBERCX,0.7839,1889.6,352.0,30.4,49.1,1920,1080,0.072,1904.8,376.6
Round3,Q2,607,607.0,CYBERCX,0.8884,1345.8,114.5,102.5,32.7,1920,1080,0.162,1397.0,130.9
Round3,Q2,607,607.0,CYBERCX,0.8853,308.9,289.6,126.2,38.7,1920,1080,0.235,372.0,308.9
Round3,Q2,607,607.0,CYBERCX,0.8845,570.9,92.6,105.0,32.2,1920,1080,0.163,623.4,108.7
Round3,Q2,607,607.0,CYBERCX,0.8841,1216.2,111.4,104.3,32.3,1920,1080,0.163,1268.3,127.5
Round3,Q2,607,607.0,CYBERCX,0.8815,1738.1,123.2,108.8,35.8,1920,1080,0.188,1792.5,141.1
Round3,Q2,607,607.0,CYBERCX,0.8808,830.0,100.1,103.5,33.6,1920,1080,0.168,881.8,116.9
Round3,Q2,607,607.0,CYBERCX,0.8799,1472.2,116.9,105.0,34.1,1920,1080,0.173,1524.7,133.9
Round3,Q2,607,607.0,CYBERCX,0.8794,814.5,306.2,126.9,39.0,1920,1080,0.239,878.0,325.6
Round3,Q2,607,607.0,CYBERCX,0.8751,974.1,312.8,132.3,41.1,1920,1080,0.262,1040.3,333.3
Round3,Q2,607,607.0,CYBERCX,0.8735,1132.7,323.4,120.1,41.0,1920,1080,0.237,1192.8,343.9
Round3,Q2,607,607.0,CYBERCX,0.8728,960.8,104.5,102.1,32.2,1920,1080,0.158,1011.8,120.6
Round3,Q2,607,607.0,CYBERCX,0.8704,1593.8,351.6,127.7,43.7,1920,1080,0.269,1657.7,373.5
Round3,Q2,607,607.0,CYBERCX,0.8697,165.2,78.3,112.0,34.2,1920,1080,0.185,221.2,95.4
Round3,Q2,607,607.0,CYBERCX,0.868,700.2,96.9,104.5,31.9,1920,1080,0.161,752.5,112.8
Round3,Q2,607,607.0,CYBERCX,0.8666,303.3,83.6,107.3,32.3,1920,1080,0.167,357.0,99.7
Round3,Q2,607,607.0,CYBERCX,0.8663,22.0,71.7,115.4,33.4,1920,1080,0.186,79.7,88.4
Round3,Q2,607,607.0,CYBERCX,0.8659,494.5,294.5,122.9,39.0,1920,1080,0.231,555.9,314.0
Round3,Q2,607,607.0,CYBERCX,0.8654,1758.9,364.1,123.1,44.7,1920,1080,0.266,1820.5,386.5
Round3,Q2,607,607.0,CYBERCX,0.8625,658.8,299.5,119.9,40.7,1920,1080,0.235,718.7,319.9
Round3,Q2,607,607.0,CYBERCX,0.859,1605.9,120.4,107.4,34.3,1920,1080,0.178,1659.6,137.5
Round3,Q2,607,607.0,CYBERCX,0.8582,437.1,89.3,108.2,31.5,1920,1080,0.165,491.2,105.1
Round3,Q2,607,607.0,CYBERCX,0.8462,133.0,285.7,140.4,40.5,1920,1080,0.274,203.2,305.9
Round3,Q2,607,607.0,CYBERCX,0.845,1441.0,340.8,115.5,43.1,1920,1080,0.24,1498.8,362.4
Round3,Q2,607,607.0,CYBERCX,0.832,1086.3,108.0,103.6,32.9,1920,1080,0.164,1138.1,124.4
Round3,Q2,607,607.0,CYBERCX,0.8255,0.0,278.7,95.7,42.0,1920,1080,0.194,47.9,299.7
Round3,Q2,607,607.0,CYBERCX,0.8136,1875.4,125.4,44.4,36.8,1920,1080,0.079,1897.7,143.8
Round3,Q2,607,607.0,CYBERCX,0.7962,1294.0,329.8,116.9,43.2,1920,1080,0.244,1352.4,351.4
Round3,Q2,608,608.0,CYBERCX,0.8864,367.2,337.8,129.6,37.2,1920,1080,0.233,432.0,356.4
Round3,Q2,608,608.0,CYBERCX,0.8852,1183.6,160.3,105.0,30.9,1920,1080,0.157,1236.1,175.8
Round3,Q2,608,608.0,CYBERCX,0.8821,1163.8,356.4,124.3,39.1,1920,1080,0.234,1225.9,375.9
Round3,Q2,608,608.0,CYBERCX,0.8821,1061.1,158.2,103.2,29.8,1920,1080,0.148,1112.7,173.0
Round3,Q2,608,608.0,CYBERCX,0.8813,178.0,134.6,110.6,31.9,1920,1080,0.17,233.3,150.6
Round3,Q2,608,608.0,CYBERCX,0.8803,1785.1,389.2,126.2,44.3,1920,1080,0.27,1848.2,411.4
Round3,Q2,608,608.0,CYBERCX,0.8789,1318.4,363.1,125.8,39.9,1920,1080,0.242,1381.3,383.0
Round3,Q2,608,608.0,CYBERCX,0.8772,1435.5,164.5,104.3,31.6,1920,1080,0.159,1487.7,180.3
Round3,Q2,608,608.0,CYBERCX,0.8753,814.0,152.6,102.8,30.1,1920,1080,0.149,865.4,167.7
Round3,Q2,608,608.0,CYBERCX,0.8745,438.2,143.3,105.5,31.5,1920,1080,0.16,491.0,159.1
Round3,Q2,608,608.0,CYBERCX,0.8717,1693.4,169.3,107.3,31.3,1920,1080,0.162,1747.0,184.9
Round3,Q2,608,608.0,CYBERCX,0.8688,1630.0,379.5,126.7,43.5,1920,1080,0.266,1693.4,401.2
Round3,Q2,608,608.0,CYBERCX,0.8682,567.3,146.9,102.1,30.3,1920,1080,0.149,618.3,162.0
Round3,Q2,608,608.0,CYBERCX,0.8674,690.8,149.0,102.4,31.6,1920,1080,0.156,742.0,164.8
Round3,Q2,608,608.0,CYBERCX,0.8667,1311.0,162.4,102.4,31.5,1920,1080,0.155,1362.2,178.1
Round3,Q2,608,608.0,CYBERCX,0.8651,42.9,130.0,111.4,32.0,1920,1080,0.172,98.6,146.0
Round3,Q2,608,608.0,CYBERCX,0.8607,532.3,340.7,123.4,37.7,1920,1080,0.224,594.0,359.5
Round3,Q2,608,608.0,CYBERCX,0.8602,28.8,331.9,137.1,37.2,1920,1080,0.246,97.4,350.5
Round3,Q2,608,608.0,CYBERCX,0.8557,199.6,334.3,131.4,39.1,1920,1080,0.248,265.3,353.8
Round3,Q2,608,608.0,CYBERCX,0.8525,310.8,139.1,106.0,32.1,1920,1080,0.164,363.8,155.2
Round3,Q2,608,608.0,CYBERCX,0.8241,938.9,155.7,102.4,29.9,1920,1080,0.148,990.1,170.7
Round3,Q2,608,608.0,CYBERCX,0.8192,1006.9,351.7,124.2,38.0,1920,1080,0.227,1069.0,370.7
Round3,Q2,608,608.0,CYBERCX,0.8002,854.6,347.3,122.6,37.2,1920,1080,0.22,915.9,365.9
Round3,Q2,608,608.0,CYBERCX,0.7936,1823.7,171.1,96.3,31.4,1920,1080,0.146,1871.8,186.8
Round3,Q2,608,608.0,CYBERCX,0.7929,1476.2,373.1,117.6,37.8,1920,1080,0.215,1535.0,392.1
Round3,Q2,608,608.0,CYBERCX,0.6744,686.2,345.0,132.9,35.9,1920,1080,0.23,752.6,363.0
Round3,Q2,608,608.0,CYBERCX,0.6217,1564.3,167.9,106.3,29.8,1920,1080,0.153,1617.5,182.8
Round3,Q2,608,608.0,CYBERCX,0.49,0.0,128.3,14.8,29.1,1920,1080,0.021,7.4,142.9
Round3,Q2,609,609.0,CYBERCX,0.8968,269.9,314.1,139.5,40.0,1920,1080,0.269,339.7,334.1
Round3,Q2,609,609.0,CYBERCX,0.8946,1799.1,124.1,115.8,34.1,1920,1080,0.19,1857.0,141.1
Round3,Q2,609,609.0,CYBERCX,0.8916,294.4,99.3,111.6,33.7,1920,1080,0.182,350.2,116.2
Round3,Q2,609,609.0,CYBERCX,0.8869,86.6,310.8,143.8,40.5,1920,1080,0.28,158.4,331.0
Round3,Q2,609,609.0,CYBERCX,0.8838,1140.5,328.1,132.0,41.6,1920,1080,0.265,1206.5,348.9
Round3,Q2,609,609.0,CYBERCX,0.8834,1514.7,122.4,113.5,33.2,1920,1080,0.182,1571.5,139.1
Round3,Q2,609,609.0,CYBERCX,0.8831,619.3,319.6,136.9,38.1,1920,1080,0.252,687.8,338.6
Round3,Q2,609,609.0,CYBERCX,0.8814,1376.4,120.9,110.8,32.1,1920,1080,0.172,1431.7,137.0
Round3,Q2,609,609.0,CYBERCX,0.881,4.6,89.7,116.7,32.9,1920,1080,0.185,62.9,106.1
Round3,Q2,609,609.0,CYBERCX,0.8809,447.6,316.6,135.3,39.4,1920,1080,0.257,515.2,336.3
Round3,Q2,609,609.0,CYBERCX,0.8806,704.5,110.6,108.8,32.2,1920,1080,0.169,759.0,126.7
Round3,Q2,609,609.0,CYBERCX,0.8795,974.0,115.9,105.0,31.8,1920,1080,0.161,1026.5,131.8
Round3,Q2,609,609.0,CYBERCX,0.8782,959.4,325.0,139.0,39.3,1920,1080,0.264,1028.9,344.6
Round3,Q2,609,609.0,CYBERCX,0.8782,791.3,321.9,132.5,39.4,1920,1080,0.251,857.5,341.6
Round3,Q2,609,609.0,CYBERCX,0.8781,1655.7,123.5,115.8,33.5,1920,1080,0.187,1713.6,140.3
Round3,Q2,609,609.0,CYBERCX,0.878,1479.5,337.7,138.9,43.5,1920,1080,0.291,1548.9,359.4
Round3,Q2,609,609.0,CYBERCX,0.873,151.1,93.5,113.4,34.3,1920,1080,0.188,207.8,110.7
Round3,Q2,609,609.0,CYBERCX,0.8713,839.7,113.2,108.3,32.8,1920,1080,0.171,893.8,129.5
Round3,Q2,609,609.0,CYBERCX,0.8698,571.5,107.0,108.0,32.1,1920,1080,0.167,625.5,123.1
Round3,Q2,609,609.0,CYBERCX,0.8697,1307.5,332.7,131.6,42.6,1920,1080,0.27,1373.3,354.0
Round3,Q2,609,609.0,CYBERCX,0.8696,433.7,102.4,110.3,33.4,1920,1080,0.177,488.8,119.1
Round3,Q2,609,609.0,CYBERCX,0.8666,1241.9,119.9,107.9,31.8,1920,1080,0.166,1295.8,135.8
Round3,Q2,609,609.0,CYBERCX,0.8638,1106.3,117.1,108.0,32.5,1920,1080,0.169,1160.3,133.3
Round3,Q2,609,609.0,CYBERCX,0.8496,1654.3,344.0,142.2,42.6,1920,1080,0.292,1725.3,365.3
Round3,Q2,609,609.0,CYBERCX,0.8405,1838.2,353.2,81.8,45.6,1920,1080,0.18,1879.1,376.0
Round3,Q2,609,609.0,CYBERCX,0.7546,0.0,310.2,44.6,37.4,1920,1080,0.08,22.3,328.9
Round3,Q2,610,610.0,CYBERCX,0.8996,920.4,75.3,111.8,34.7,1920,1080,0.187,976.3,92.6
Round3,Q2,610,610.0,CYBERCX,0.8946,823.3,292.5,139.9,41.1,1920,1080,0.278,893.3,313.0
Round3,Q2,610,610.0,CYBERCX,0.8897,358.4,63.1,115.5,33.7,1920,1080,0.188,416.2,79.9
Round3,Q2,610,610.0,CYBERCX,0.8876,284.7,285.1,142.1,40.8,1920,1080,0.28,355.7,305.5
Round3,Q2,610,610.0,CYBERCX,0.8844,1776.8,80.8,120.9,34.9,1920,1080,0.204,1837.2,98.2
Round3,Q2,610,610.0,CYBERCX,0.8821,1002.1,294.7,136.4,41.1,1920,1080,0.271,1070.3,315.2
Round3,Q2,610,610.0,CYBERCX,0.8786,1628.3,81.4,116.9,33.9,1920,1080,0.191,1686.7,98.4
Round3,Q2,610,610.0,CYBERCX,0.8778,1059.3,78.3,113.1,32.5,1920,1080,0.177,1115.9,94.5
Round3,Q2,610,610.0,CYBERCX,0.877,648.1,290.4,137.1,41.1,1920,1080,0.271,716.7,310.9
Round3,Q2,610,610.0,CYBERCX,0.8745,1482.1,81.0,116.9,34.0,1920,1080,0.192,1540.6,98.0
Round3,Q2,610,610.0,CYBERCX,0.8734,60.9,53.3,119.9,35.1,1920,1080,0.203,120.9,70.8
Round3,Q2,610,610.0,CYBERCX,0.8733,92.6,282.0,151.6,40.5,1920,1080,0.296,168.4,302.3
Round3,Q2,610,610.0,CYBERCX,0.8732,467.2,287.5,144.5,40.8,1920,1080,0.285,539.4,307.9
Round3,Q2,610,610.0,CYBERCX,0.8716,1199.8,78.3,109.6,33.9,1920,1080,0.179,1254.6,95.3
Round3,Q2,610,610.0,CYBERCX,0.8716,1176.8,297.4,143.3,40.8,1920,1080,0.282,1248.5,317.8
Round3,Q2,610,610.0,CYBERCX,0.8649,644.7,69.6,111.3,33.2,1920,1080,0.178,700.3,86.2
Round3,Q2,610,610.0,CYBERCX,0.863,1339.6,80.1,112.8,33.7,1920,1080,0.183,1396.0,97.0
Round3,Q2,610,610.0,CYBERCX,0.8586,213.7,58.4,115.6,34.2,1920,1080,0.19,271.5,75.4
Round3,Q2,610,610.0,CYBERCX,0.8559,784.8,72.3,107.7,34.2,1920,1080,0.178,838.7,89.4
Round3,Q2,610,610.0,CYBERCX,0.8551,1732.2,308.8,143.2,44.1,1920,1080,0.304,1803.8,330.8
Round3,Q2,610,610.0,CYBERCX,0.8535,501.2,66.2,113.4,34.9,1920,1080,0.191,557.9,83.6
Round3,Q2,610,610.0,CYBERCX,0.7322,1542.8,305.0,127.0,40.9,1920,1080,0.25,1606.3,325.4
Round3,Q2,610,610.0,CYBERCX,0.7274,0.0,279.9,48.4,39.2,1920,1080,0.091,24.2,299.5
Round3,Q2,610,610.0,CYBERCX,0.6875,0.1,47.1,26.4,36.8,1920,1080,0.047,13.3,65.5
Round3,Q2,610,610.0,CYBERCX,0.6529,1368.3,301.3,138.4,40.9,1920,1080,0.273,1437.5,321.7
Round3,Q2,611,611.0,CYBERCX,0.8967,1552.4,291.7,127.0,39.4,1920,1080,0.242,1615.9,311.4
Round3,Q2,611,611.0,CYBERCX,0.8965,691.6,277.5,129.7,37.7,1920,1080,0.236,756.4,296.4
Round3,Q2,611,611.0,CYBERCX,0.8957,346.3,273.7,133.1,37.1,1920,1080,0.238,412.9,292.2
Round3,Q2,611,611.0,CYBERCX,0.889,519.9,275.2,132.1,38.4,1920,1080,0.244,586.0,294.4
Round3,Q2,611,611.0,CYBERCX,0.882,1497.4,76.6,108.2,31.3,1920,1080,0.163,1551.5,92.3
Round3,Q2,611,611.0,CYBERCX,0.8808,859.7,280.1,131.5,39.1,1920,1080,0.248,925.5,299.6
Round3,Q2,611,611.0,CYBERCX,0.8807,1778.6,76.4,116.2,32.5,1920,1080,0.182,1836.7,92.7
Round3,Q2,611,611.0,CYBERCX,0.8805,1725.2,296.1,142.0,41.0,1920,1080,0.281,1796.2,316.6
Round3,Q2,611,611.0,CYBERCX,0.8797,1636.7,76.9,110.9,31.6,1920,1080,0.169,1692.1,92.7
Round3,Q2,611,611.0,CYBERCX,0.8792,827.8,68.6,103.0,32.3,1920,1080,0.16,879.3,84.7
Round3,Q2,611,611.0,CYBERCX,0.8746,1091.7,73.9,104.3,29.9,1920,1080,0.15,1143.8,88.9
Round3,Q2,611,611.0,CYBERCX,0.8696,557.8,64.4,106.0,30.4,1920,1080,0.155,610.8,79.6
Round3,Q2,611,611.0,CYBERCX,0.8663,1028.5,281.4,131.9,38.2,1920,1080,0.243,1094.5,300.5
Round3,Q2,611,611.0,CYBERCX,0.8663,693.8,66.3,104.1,31.7,1920,1080,0.159,745.8,82.1
Round3,Q2,611,611.0,CYBERCX,0.8645,1359.8,75.7,107.1,31.3,1920,1080,0.161,1413.3,91.3
Round3,Q2,611,611.0,CYBERCX,0.8624,283.9,56.7,108.1,31.6,1920,1080,0.165,338.0,72.5
Round3,Q2,611,611.0,CYBERCX,0.8555,1197.2,285.1,130.4,37.1,1920,1080,0.233,1262.4,303.6
Round3,Q2,611,611.0,CYBERCX,0.855,957.9,71.9,106.2,30.4,1920,1080,0.155,1011.0,87.1
Round3,Q2,611,611.0,CYBERCX,0.8509,423.3,61.0,105.7,30.4,1920,1080,0.155,476.1,76.2
Round3,Q2,611,611.0,CYBERCX,0.8477,1225.5,74.8,104.5,31.7,1920,1080,0.16,1277.7,90.6
Round3,Q2,611,611.0,CYBERCX,0.8466,139.5,51.4,112.6,32.9,1920,1080,0.179,195.8,67.9
Round3,Q2,611,611.0,CYBERCX,0.8391,0.0,46.3,106.7,33.0,1920,1080,0.17,53.4,62.8
Round3,Q2,611,611.0,CYBERCX,0.8339,1375.6,287.6,134.6,39.2,1920,1080,0.254,1442.9,307.2
Round3,Q2,611,611.0,CYBERCX,0.7731,165.4,270.4,139.3,39.7,1920,1080,0.267,235.1,290.2
Round3,Q2,611,611.0,CYBERCX,0.7319,0.0,265.7,109.1,41.2,1920,1080,0.217,54.5,286.3
Round3,Q2,612,612.0,CYBERCX,0.8903,268.6,279.8,129.9,36.8,1920,1080,0.231,333.5,298.2
Round3,Q2,612,612.0,CYBERCX,0.8899,1082.2,291.7,123.6,35.2,1920,1080,0.21,1144.0,309.3
Round3,Q2,612,612.0,CYBERCX,0.8899,762.4,287.4,124.8,35.0,1920,1080,0.211,824.8,304.9
Round3,Q2,612,612.0,CYBERCX,0.8898,1577.0,302.5,132.6,38.6,1920,1080,0.247,1643.3,321.8
Round3,Q2,612,612.0,CYBERCX,0.8874,1114.0,92.0,99.1,30.8,1920,1080,0.147,1163.6,107.5
Round3,Q2,612,612.0,CYBERCX,0.8836,94.2,277.0,133.8,37.8,1920,1080,0.244,161.2,295.9
Round3,Q2,612,612.0,CYBERCX,0.8829,434.9,282.4,128.3,36.3,1920,1080,0.224,499.1,300.5
Round3,Q2,612,612.0,CYBERCX,0.8803,922.4,288.4,124.9,37.6,1920,1080,0.227,984.8,307.2
Round3,Q2,612,612.0,CYBERCX,0.8801,1499.7,95.9,104.7,31.0,1920,1080,0.157,1552.0,111.4
Round3,Q2,612,612.0,CYBERCX,0.8787,1252.0,295.1,125.5,36.3,1920,1080,0.22,1314.8,313.3
Round3,Q2,612,612.0,CYBERCX,0.877,348.9,77.1,103.2,30.5,1920,1080,0.152,400.5,92.3
Round3,Q2,612,612.0,CYBERCX,0.874,1416.4,298.1,123.1,37.2,1920,1080,0.221,1478.0,316.7
Round3,Q2,612,612.0,CYBERCX,0.8722,479.0,80.6,101.7,30.7,1920,1080,0.15,529.8,95.9
Round3,Q2,612,612.0,CYBERCX,0.8679,1369.2,95.7,103.2,29.5,1920,1080,0.147,1420.8,110.5
Round3,Q2,612,612.0,CYBERCX,0.8671,737.1,86.2,97.7,29.6,1920,1080,0.139,785.9,101.0
Round3,Q2,612,612.0,CYBERCX,0.867,1746.9,307.6,134.8,38.9,1920,1080,0.253,1814.4,327.1
Round3,Q2,612,612.0,CYBERCX,0.8645,988.2,91.4,99.1,29.1,1920,1080,0.139,1037.7,105.9
Round3,Q2,612,612.0,CYBERCX,0.8635,599.2,284.3,127.1,36.3,1920,1080,0.223,662.8,302.4
Round3,Q2,612,612.0,CYBERCX,0.8614,1632.4,96.8,106.0,30.5,1920,1080,0.156,1685.3,112.1
Round3,Q2,612,612.0,CYBERCX,0.8594,862.1,88.9,99.1,29.8,1920,1080,0.143,911.6,103.8
Round3,Q2,612,612.0,CYBERCX,0.8589,1241.6,93.6,101.5,31.0,1920,1080,0.152,1292.3,109.1
Round3,Q2,612,612.0,CYBERCX,0.8546,74.6,67.9,109.7,31.5,1920,1080,0.167,129.5,83.7
Round3,Q2,612,612.0,CYBERCX,0.8525,1769.3,96.9,111.2,30.5,1920,1080,0.163,1824.9,112.2
Round3,Q2,612,612.0,CYBERCX,0.8515,213.4,73.8,105.3,29.7,1920,1080,0.151,266.0,88.7
Round3,Q2,612,612.0,CYBERCX,0.8419,607.6,84.0,102.2,29.6,1920,1080,0.146,658.7,98.8
Round3,Q2,612,612.0,CYBERCX,0.7815,0.1,275.6,49.8,36.2,1920,1080,0.087,25.0,293.7
Round3,Q2,612,612.0,CYBERCX,0.7289,0.0,65.2,44.4,30.1,1920,1080,0.064,22.2,80.3
Round3,Q2,612,612.0,CYBERCX,0.4166,1907.7,94.5,12.3,35.1,1920,1080,0.021,1913.8,112.0
Round3,Q2,613,613.0,CYBERCX,0.8984,1761.4,278.1,130.5,36.8,1920,1080,0.232,1826.7,296.5
Round3,Q2,613,613.0,CYBERCX,0.8814,521.5,256.4,119.8,34.4,1920,1080,0.199,581.4,273.5
Round3,Q2,613,613.0,CYBERCX,0.881,364.6,255.6,124.8,35.0,1920,1080,0.211,427.0,273.1
Round3,Q2,613,613.0,CYBERCX,0.8792,1788.8,78.1,105.0,29.8,1920,1080,0.151,1841.3,93.1
Round3,Q2,613,613.0,CYBERCX,0.8788,1047.2,74.4,94.6,28.7,1920,1080,0.131,1094.4,88.8
Round3,Q2,613,613.0,CYBERCX,0.8786,1533.5,77.8,99.1,30.5,1920,1080,0.146,1583.1,93.0
Round3,Q2,613,613.0,CYBERCX,0.8776,567.5,66.0,97.0,29.3,1920,1080,0.137,616.0,80.6
Round3,Q2,613,613.0,CYBERCX,0.8763,1658.4,78.3,102.3,30.3,1920,1080,0.15,1709.5,93.4
Round3,Q2,613,613.0,CYBERCX,0.8762,675.6,258.4,117.2,33.0,1920,1080,0.186,734.2,274.9
Round3,Q2,613,613.0,CYBERCX,0.8757,56.9,51.2,108.1,29.9,1920,1080,0.156,111.0,66.1
Round3,Q2,613,613.0,CYBERCX,0.8755,1452.6,270.0,112.7,35.2,1920,1080,0.191,1508.9,287.6
Round3,Q2,613,613.0,CYBERCX,0.8734,319.2,60.1,101.6,29.0,1920,1080,0.142,370.0,74.6
Round3,Q2,613,613.0,CYBERCX,0.8733,34.8,249.5,130.5,35.3,1920,1080,0.222,100.1,267.2
Round3,Q2,613,613.0,CYBERCX,0.8733,926.4,72.7,96.2,29.3,1920,1080,0.136,974.5,87.3
Round3,Q2,613,613.0,CYBERCX,0.8722,1607.1,274.2,117.0,36.0,1920,1080,0.203,1665.7,292.2
Round3,Q2,613,613.0,CYBERCX,0.8695,444.1,62.6,98.1,29.3,1920,1080,0.139,493.2,77.3
Round3,Q2,613,613.0,CYBERCX,0.8693,1167.4,76.3,93.6,28.3,1920,1080,0.128,1214.2,90.5
Round3,Q2,613,613.0,CYBERCX,0.866,1286.4,76.4,96.0,28.8,1920,1080,0.133,1334.4,90.8
Round3,Q2,613,613.0,CYBERCX,0.8637,827.2,260.7,115.9,32.3,1920,1080,0.181,885.2,276.9
Round3,Q2,613,613.0,CYBERCX,0.8627,190.3,55.2,103.1,30.8,1920,1080,0.153,241.9,70.6
Round3,Q2,613,613.0,CYBERCX,0.8626,1129.8,264.3,119.8,35.6,1920,1080,0.206,1189.7,282.1
Round3,Q2,613,613.0,CYBERCX,0.8605,1407.3,77.9,99.4,29.1,1920,1080,0.14,1457.0,92.5
Round3,Q2,613,613.0,CYBERCX,0.8583,687.4,68.5,96.7,29.4,1920,1080,0.137,735.8,83.2
Round3,Q2,613,613.0,CYBERCX,0.8549,979.1,262.2,118.4,33.1,1920,1080,0.189,1038.3,278.8
Round3,Q2,613,613.0,CYBERCX,0.8522,1281.6,266.2,120.8,35.2,1920,1080,0.205,1342.0,283.9
Round3,Q2,613,613.0,CYBERCX,0.833,808.5,71.0,94.0,28.0,1920,1080,0.127,855.4,85.0
Round3,Q2,613,613.0,CYBERCX,0.8244,200.4,250.4,130.6,39.4,1920,1080,0.248,265.7,270.1
Round3,Q2,613,613.0,CYBERCX,0.7514,0.1,47.1,30.3,29.6,1920,1080,0.043,15.2,62.0
Round3,Q2,614,614.0,EMIRATES,0.8761,521.4,794.6,56.1,26.0,1920,1080,0.07,549.5,807.6
Round3,Q2,615,615.0,EMIRATES,0.8575,243.3,552.7,49.1,19.8,1920,1080,0.047,267.9,562.5
Round3,Q2,615,615.0,EMIRATES,0.853,1321.5,66.4,42.4,15.0,1920,1080,0.031,1342.7,73.9
Round3,Q2,620,620.0,CYBERCX,0.8785,859.0,181.6,86.7,25.3,1920,1080,0.106,902.4,194.2
Round3,Q2,620,620.0,CYBERCX,0.8784,967.3,183.3,85.6,24.5,1920,1080,0.101,1010.1,195.6
Round3,Q2,620,620.0,CYBERCX,0.877,1517.3,195.6,89.0,26.5,1920,1080,0.114,1561.8,208.8
Round3,Q2,620,620.0,CYBERCX,0.8733,752.2,180.2,87.0,24.9,1920,1080,0.104,795.7,192.6
Round3,Q2,620,620.0,CYBERCX,0.8713,1405.2,191.8,88.0,26.9,1920,1080,0.114,1449.2,205.3
Round3,Q2,620,620.0,CYBERCX,0.8653,307.6,174.9,90.5,26.3,1920,1080,0.115,352.8,188.0
Round3,Q2,620,620.0,CYBERCX,0.8644,188.4,174.1,96.0,25.6,1920,1080,0.119,236.4,186.9
Round3,Q2,620,620.0,CYBERCX,0.8578,1539.6,54.5,72.2,22.0,1920,1080,0.077,1575.7,65.6
Round3,Q2,620,620.0,CYBERCX,0.8569,1628.5,199.2,93.0,28.0,1920,1080,0.126,1675.0,213.3
Round3,Q2,620,620.0,CYBERCX,0.8566,1631.0,55.1,73.5,21.9,1920,1080,0.078,1667.7,66.0
Round3,Q2,620,620.0,CYBERCX,0.8533,67.2,171.7,95.6,26.3,1920,1080,0.121,115.0,184.8
Round3,Q2,620,620.0,CYBERCX,0.8506,1722.8,54.9,75.7,23.1,1920,1080,0.084,1760.6,66.5
Round3,Q2,620,620.0,CYBERCX,0.8504,1104.7,50.3,69.2,20.8,1920,1080,0.069,1139.3,60.6
Round3,Q2,620,620.0,CYBERCX,0.8496,418.5,37.8,72.2,20.4,1920,1080,0.071,454.6,48.0
Round3,Q2,620,620.0,CYBERCX,0.8467,1075.3,185.0,84.6,24.9,1920,1080,0.102,1117.5,197.4
Round3,Q2,620,620.0,CYBERCX,0.8443,1859.8,209.3,60.2,29.0,1920,1080,0.084,1889.9,223.8
Round3,Q2,620,620.0,CYBERCX,0.8438,850.2,45.8,69.9,22.0,1920,1080,0.074,885.1,56.8
Round3,Q2,620,620.0,CYBERCX,0.8435,1275.3,52.1,70.0,21.3,1920,1080,0.072,1310.2,62.8
Round3,Q2,620,620.0,CYBERCX,0.8405,237.1,31.9,73.9,21.8,1920,1080,0.078,274.1,42.8
Round3,Q2,620,620.0,CYBERCX,0.8386,644.7,179.4,84.7,24.6,1920,1080,0.101,687.0,191.7
Round3,Q2,620,620.0,CYBERCX,0.8379,141.5,28.8,76.2,22.2,1920,1080,0.082,179.6,39.9
Round3,Q2,620,620.0,CYBERCX,0.8364,329.1,35.2,73.1,20.9,1920,1080,0.074,365.6,45.6
Round3,Q2,620,620.0,CYBERCX,0.8364,1298.7,188.3,84.8,26.9,1920,1080,0.11,1341.2,201.8
Round3,Q2,620,620.0,CYBERCX,0.8361,1189.1,51.1,69.8,21.0,1920,1080,0.071,1224.0,61.6
Round3,Q2,620,620.0,CYBERCX,0.836,680.6,43.3,69.0,19.9,1920,1080,0.066,715.1,53.3
Round3,Q2,620,620.0,CYBERCX,0.8351,1449.8,54.1,72.0,21.6,1920,1080,0.075,1485.8,64.9
Round3,Q2,620,620.0,CYBERCX,0.8345,766.7,44.1,68.3,22.0,1920,1080,0.072,800.9,55.1
Round3,Q2,620,620.0,CYBERCX,0.8345,534.4,177.8,87.1,24.9,1920,1080,0.105,577.9,190.2
Round3,Q2,620,620.0,CYBERCX,0.8315,1745.5,205.9,84.6,27.1,1920,1080,0.111,1787.9,219.5
Round3,Q2,620,620.0,CYBERCX,0.8257,0.0,169.2,40.4,26.7,1920,1080,0.052,20.2,182.5
Round3,Q2,620,620.0,CYBERCX,0.8245,1019.8,49.6,68.0,20.4,1920,1080,0.067,1053.8,59.8
Round3,Q2,620,620.0,CYBERCX,0.8232,1818.0,54.7,79.2,23.1,1920,1080,0.088,1857.6,66.2
Round3,Q2,620,620.0,CYBERCX,0.8128,596.7,41.6,67.9,20.7,1920,1080,0.068,630.7,51.9
Round3,Q2,620,620.0,CYBERCX,0.8058,507.2,39.5,69.3,21.3,1920,1080,0.071,541.9,50.2
Round3,Q2,620,620.0,CYBERCX,0.7804,42.7,24.8,79.4,22.7,1920,1080,0.087,82.5,36.1
Round3,Q2,620,620.0,CYBERCX,0.7799,1362.8,53.6,69.9,20.5,1920,1080,0.069,1397.8,63.8
Round3,Q2,620,620.0,CYBERCX,0.7792,935.4,47.7,68.1,21.2,1920,1080,0.07,969.5,58.3
Round3,Q2,620,620.0,CYBERCX,0.7672,1182.5,187.0,95.7,25.5,1920,1080,0.118,1230.3,199.7
Round3,Q2,620,620.0,CYBERCX,0.7667,422.2,175.7,88.7,26.5,1920,1080,0.113,466.5,188.9
Round3,Q2,620,620.0,CYBERCX,0.6923,0.0,22.0,23.3,21.5,1920,1080,0.024,11.7,32.7
Round3,Q2,621,621.0,CYBERCX,0.864,1433.9,160.4,85.8,25.7,1920,1080,0.106,1476.8,173.3
Round3,Q2,621,621.0,CYBERCX,0.863,272.3,141.0,88.7,24.9,1920,1080,0.106,316.7,153.4
Round3,Q2,621,621.0,CYBERCX,0.8589,1540.4,164.6,86.7,27.2,1920,1080,0.114,1583.7,178.2
Round3,Q2,621,621.0,CYBERCX,0.8579,702.4,146.4,84.1,24.0,1920,1080,0.097,744.4,158.4
Round3,Q2,621,621.0,CYBERCX,0.8573,598.9,145.3,83.5,24.3,1920,1080,0.098,640.6,157.4
Round3,Q2,621,621.0,CYBERCX,0.8556,1720.8,27.6,75.3,22.6,1920,1080,0.082,1758.5,38.9
Round3,Q2,621,621.0,CYBERCX,0.8554,1650.5,170.7,83.1,25.8,1920,1080,0.103,1692.0,183.6
Round3,Q2,621,621.0,CYBERCX,0.8546,156.9,139.5,91.4,25.9,1920,1080,0.114,202.6,152.4
Round3,Q2,621,621.0,CYBERCX,0.8543,909.4,148.9,83.6,24.5,1920,1080,0.099,951.2,161.2
Round3,Q2,621,621.0,CYBERCX,0.8527,1545.0,26.9,71.0,21.5,1920,1080,0.073,1580.5,37.6
Round3,Q2,621,621.0,CYBERCX,0.8514,1631.7,27.3,72.5,22.2,1920,1080,0.078,1668.0,38.4
Round3,Q2,621,621.0,CYBERCX,0.8507,807.1,147.9,81.1,23.7,1920,1080,0.092,847.7,159.7
Round3,Q2,621,621.0,CYBERCX,0.8507,39.8,136.8,92.8,25.8,1920,1080,0.115,86.2,149.7
Round3,Q2,621,621.0,CYBERCX,0.8453,1867.0,180.4,53.0,26.7,1920,1080,0.068,1893.5,193.8
Round3,Q2,621,621.0,CYBERCX,0.8423,1459.2,26.3,69.4,21.0,1920,1080,0.07,1493.9,36.8
Round3,Q2,621,621.0,CYBERCX,0.8423,719.2,15.7,65.8,20.5,1920,1080,0.065,752.0,26.0
Round3,Q2,621,621.0,CYBERCX,0.841,1208.5,23.2,66.5,20.9,1920,1080,0.067,1241.8,33.7
Round3,Q2,621,621.0,CYBERCX,0.8359,1126.9,22.1,66.2,20.9,1920,1080,0.067,1160.0,32.5
Round3,Q2,621,621.0,CYBERCX,0.8354,636.7,14.4,66.1,19.6,1920,1080,0.063,669.8,24.2
Round3,Q2,621,621.0,CYBERCX,0.8347,1044.5,21.1,66.6,21.0,1920,1080,0.067,1077.8,31.6
Round3,Q2,621,621.0,CYBERCX,0.8329,206.3,2.9,72.0,20.9,1920,1080,0.072,242.3,13.3
Round3,Q2,621,621.0,CYBERCX,0.8328,1014.2,150.5,81.2,24.8,1920,1080,0.097,1054.8,162.9
Round3,Q2,621,621.0,CYBERCX,0.8303,296.9,4.8,70.0,21.3,1920,1080,0.072,331.9,15.5
Round3,Q2,621,621.0,CYBERCX,0.8281,1292.2,25.0,67.5,20.5,1920,1080,0.067,1326.0,35.2
Round3,Q2,621,621.0,CYBERCX,0.8242,882.2,18.6,65.0,21.4,1920,1080,0.067,914.6,29.3
Round3,Q2,621,621.0,CYBERCX,0.8209,469.5,10.9,68.1,20.4,1920,1080,0.067,503.6,21.1
Round3,Q2,621,621.0,CYBERCX,0.82,1329.0,157.7,83.0,25.4,1920,1080,0.102,1370.5,170.4
Round3,Q2,621,621.0,CYBERCX,0.8161,801.8,17.0,65.8,20.1,1920,1080,0.064,834.7,27.0
Round3,Q2,621,621.0,CYBERCX,0.8133,384.3,8.6,68.4,19.6,1920,1080,0.065,418.4,18.4
Round3,Q2,621,621.0,CYBERCX,0.8047,1753.7,174.9,92.5,28.1,1920,1080,0.125,1799.9,189.0
Round3,Q2,621,621.0,CYBERCX,0.8044,963.2,20.0,66.7,20.8,1920,1080,0.067,996.6,30.4
Round3,Q2,621,621.0,CYBERCX,0.7892,1115.1,151.9,87.8,25.1,1920,1080,0.106,1159.0,164.5
Round3,Q2,621,621.0,CYBERCX,0.7655,1814.3,27.7,73.7,22.1,1920,1080,0.079,1851.1,38.7
Round3,Q2,621,621.0,CYBERCX,0.7647,553.6,13.1,68.0,19.5,1920,1080,0.064,587.6,22.8
Round3,Q2,621,621.0,CYBERCX,0.7641,1375.0,26.0,67.1,20.0,1920,1080,0.065,1408.6,36.0
Round3,Q2,621,621.0,CYBERCX,0.7486,115.5,1.4,71.8,18.7,1920,1080,0.065,151.4,10.7
Round3,Q2,621,621.0,CYBERCX,0.7441,496.2,143.9,81.9,24.2,1920,1080,0.096,537.1,156.1
Round3,Q2,621,621.0,CYBERCX,0.7367,383.5,142.1,85.3,24.9,1920,1080,0.102,426.2,154.6
Round3,Q2,621,621.0,CYBERCX,0.6841,1225.8,154.4,81.7,25.1,1920,1080,0.099,1266.7,166.9
Round3,Q2,621,621.0,CYBERCX,0.5945,20.5,0.0,73.6,15.8,1920,1080,0.056,57.3,7.9
Round3,Q2,621,621.0,CYBERCX,0.5851,1905.6,25.5,14.4,26.1,1920,1080,0.018,1912.8,38.5
Round3,Q2,621,621.0,CYBERCX,0.5431,0.0,133.6,13.2,25.7,1920,1080,0.016,6.6,146.5
Round3,Q2,622,622.0,CYBERCX,0.8785,48.5,146.3,89.6,24.7,1920,1080,0.107,93.3,158.7
Round3,Q2,622,622.0,CYBERCX,0.8684,271.6,150.6,84.6,23.8,1920,1080,0.097,313.9,162.5
Round3,Q2,622,622.0,CYBERCX,0.8663,581.2,153.2,78.9,23.5,1920,1080,0.089,620.6,165.0
Round3,Q2,622,622.0,CYBERCX,0.8661,161.2,149.0,86.9,24.7,1920,1080,0.104,204.6,161.4
Round3,Q2,622,622.0,CYBERCX,0.8606,875.3,157.0,79.3,22.8,1920,1080,0.087,915.0,168.4
Round3,Q2,622,622.0,CYBERCX,0.8603,1472.0,172.0,79.8,25.1,1920,1080,0.097,1511.9,184.5
Round3,Q2,622,622.0,CYBERCX,0.8578,1572.4,177.2,80.3,25.7,1920,1080,0.099,1612.6,190.0
Round3,Q2,622,622.0,CYBERCX,0.8569,776.9,32.4,62.0,18.4,1920,1080,0.055,807.9,41.6
Round3,Q2,622,622.0,CYBERCX,0.8564,1370.7,168.7,82.2,23.9,1920,1080,0.095,1411.8,180.6
Round3,Q2,622,622.0,CYBERCX,0.8537,1161.4,38.1,63.7,19.9,1920,1080,0.061,1193.3,48.1
Round3,Q2,622,622.0,CYBERCX,0.8536,679.5,154.5,80.0,23.3,1920,1080,0.09,719.5,166.2
Round3,Q2,622,622.0,CYBERCX,0.8521,853.4,33.4,61.9,19.6,1920,1080,0.059,884.3,43.2
Round3,Q2,622,622.0,CYBERCX,0.8519,1670.8,182.5,85.6,25.3,1920,1080,0.104,1713.6,195.1
Round3,Q2,622,622.0,CYBERCX,0.8495,1478.8,41.6,66.6,21.1,1920,1080,0.068,1512.1,52.1
Round3,Q2,622,622.0,CYBERCX,0.8488,1085.4,37.1,61.7,19.9,1920,1080,0.059,1116.2,47.0
Round3,Q2,622,622.0,CYBERCX,0.8478,778.6,155.6,78.5,23.5,1920,1080,0.089,817.9,167.3
Round3,Q2,622,622.0,CYBERCX,0.8459,1319.3,40.1,63.4,19.8,1920,1080,0.061,1351.0,50.1
Round3,Q2,622,622.0,CYBERCX,0.8459,1560.8,42.7,66.0,22.2,1920,1080,0.071,1593.8,53.8
Round3,Q2,622,622.0,CYBERCX,0.8451,1239.0,38.6,64.9,20.3,1920,1080,0.063,1271.4,48.8
Round3,Q2,622,622.0,CYBERCX,0.8449,1642.4,44.0,69.0,21.5,1920,1080,0.072,1676.9,54.8
Round3,Q2,622,622.0,CYBERCX,0.8427,1728.6,44.3,69.4,21.6,1920,1080,0.072,1763.3,55.2
Round3,Q2,622,622.0,CYBERCX,0.8421,1071.6,159.8,82.4,23.6,1920,1080,0.094,1112.8,171.6
Round3,Q2,622,622.0,CYBERCX,0.841,460.9,26.3,65.1,18.8,1920,1080,0.059,493.5,35.7
Round3,Q2,622,622.0,CYBERCX,0.8406,541.0,27.6,64.5,19.5,1920,1080,0.061,573.3,37.3
Round3,Q2,622,622.0,CYBERCX,0.835,296.8,21.4,67.9,19.7,1920,1080,0.065,330.7,31.2
Round3,Q2,622,622.0,CYBERCX,0.8323,380.0,23.7,65.9,19.8,1920,1080,0.063,413.0,33.6
Round3,Q2,622,622.0,CYBERCX,0.831,124.3,14.8,70.4,21.5,1920,1080,0.073,159.5,25.6
Round3,Q2,622,622.0,CYBERCX,0.8297,929.4,34.0,63.5,20.8,1920,1080,0.064,961.1,44.4
Round3,Q2,622,622.0,CYBERCX,0.8295,621.3,29.2,62.0,19.0,1920,1080,0.057,652.3,38.6
Round3,Q2,622,622.0,CYBERCX,0.8283,1777.1,187.0,80.7,27.8,1920,1080,0.108,1817.5,201.0
Round3,Q2,622,622.0,CYBERCX,0.8274,699.4,30.2,62.9,19.6,1920,1080,0.059,730.9,40.0
Round3,Q2,622,622.0,CYBERCX,0.8269,32.7,11.8,73.7,21.4,1920,1080,0.076,69.6,22.5
Round3,Q2,622,622.0,CYBERCX,0.8135,974.6,157.8,77.6,24.4,1920,1080,0.091,1013.4,170.0
Round3,Q2,622,622.0,CYBERCX,0.8081,1813.7,45.3,71.2,21.9,1920,1080,0.075,1849.3,56.3
Round3,Q2,622,622.0,CYBERCX,0.7971,211.6,18.1,69.3,20.9,1920,1080,0.07,246.3,28.5
Round3,Q2,622,622.0,CYBERCX,0.7959,1177.7,162.9,74.8,24.8,1920,1080,0.089,1215.1,175.3
Round3,Q2,622,622.0,CYBERCX,0.7928,1397.7,41.2,65.5,20.6,1920,1080,0.065,1430.4,51.5
Round3,Q2,622,622.0,CYBERCX,0.7882,1006.8,36.5,63.1,19.2,1920,1080,0.059,1038.3,46.1
Round3,Q2,622,622.0,CYBERCX,0.752,0.0,142.5,24.3,26.7,1920,1080,0.031,12.2,155.8
Round3,Q2,622,622.0,CYBERCX,0.7453,1272.6,165.6,72.6,23.5,1920,1080,0.082,1308.9,177.3
Round3,Q2,622,622.0,CYBERCX,0.6556,479.8,151.2,81.6,24.6,1920,1080,0.097,520.6,163.5
Round3,Q2,622,622.0,CYBERCX,0.6301,1903.9,43.3,16.1,28.3,1920,1080,0.022,1911.9,57.5
Round3,Q2,622,622.0,CYBERCX,0.6028,377.7,151.4,75.7,23.0,1920,1080,0.084,415.6,162.9
Round3,Q2,622,622.0,CYBERCX,0.4909,0.0,10.3,13.2,18.9,1920,1080,0.012,6.6,19.8
Round3,Q2,623,623.0,CYBERCX,0.8737,821.0,193.4,73.9,22.1,1920,1080,0.079,857.9,204.4
Round3,Q2,623,623.0,CYBERCX,0.8707,1768.8,224.0,77.3,25.4,1920,1080,0.095,1807.4,236.7
Round3,Q2,623,623.0,CYBERCX,0.8651,822.5,76.1,60.3,18.9,1920,1080,0.055,852.7,85.5
Round3,Q2,623,623.0,CYBERCX,0.8649,726.7,192.4,78.0,23.2,1920,1080,0.087,765.7,203.9
Round3,Q2,623,623.0,CYBERCX,0.8648,1005.4,195.6,74.8,22.5,1920,1080,0.081,1042.8,206.8
Round3,Q2,623,623.0,CYBERCX,0.864,1643.2,88.1,66.3,21.0,1920,1080,0.067,1676.3,98.6
Round3,Q2,623,623.0,CYBERCX,0.8635,1187.0,81.6,60.5,19.8,1920,1080,0.058,1217.2,91.5
Round3,Q2,623,623.0,CYBERCX,0.8613,1566.1,86.8,62.8,20.9,1920,1080,0.063,1597.5,97.2
Round3,Q2,623,623.0,CYBERCX,0.8586,633.2,191.2,76.6,22.7,1920,1080,0.084,671.4,202.5
Round3,Q2,623,623.0,CYBERCX,0.8583,138.6,186.8,84.6,24.5,1920,1080,0.1,180.9,199.1
Round3,Q2,623,623.0,CYBERCX,0.8582,895.8,77.0,59.5,20.2,1920,1080,0.058,925.6,87.2
Round3,Q2,623,623.0,CYBERCX,0.8557,1098.2,197.0,74.9,22.9,1920,1080,0.083,1135.7,208.4
Round3,Q2,623,623.0,CYBERCX,0.8547,913.0,194.0,75.1,22.4,1920,1080,0.081,950.5,205.2
Round3,Q2,623,623.0,CYBERCX,0.8521,1806.0,90.3,67.0,21.0,1920,1080,0.068,1839.5,100.8
Round3,Q2,623,623.0,CYBERCX,0.8502,1479.1,208.0,76.1,24.6,1920,1080,0.09,1517.1,220.3
Round3,Q2,623,623.0,CYBERCX,0.8453,343.8,189.0,80.4,23.2,1920,1080,0.09,384.0,200.6
Round3,Q2,623,623.0,CYBERCX,0.8451,242.8,188.6,81.5,24.0,1920,1080,0.094,283.6,200.6
Round3,Q2,623,623.0,CYBERCX,0.845,1290.4,202.1,73.8,22.7,1920,1080,0.081,1327.4,213.5
Round3,Q2,623,623.0,CYBERCX,0.8419,1383.5,205.5,76.7,22.8,1920,1080,0.084,1421.8,216.9
Round3,Q2,623,623.0,CYBERCX,0.8405,1410.8,85.6,62.5,19.6,1920,1080,0.059,1442.0,95.4
Round3,Q2,623,623.0,CYBERCX,0.8404,1574.0,212.6,77.5,25.2,1920,1080,0.094,1612.8,225.2
Round3,Q2,623,623.0,CYBERCX,0.8372,213.6,64.2,65.5,20.5,1920,1080,0.065,246.4,74.4
Round3,Q2,623,623.0,CYBERCX,0.837,130.1,62.0,68.0,20.2,1920,1080,0.066,164.1,72.1
Round3,Q2,623,623.0,CYBERCX,0.8365,1668.0,218.7,81.4,25.7,1920,1080,0.101,1708.7,231.6
Round3,Q2,623,623.0,CYBERCX,0.8358,1041.9,79.9,58.5,18.4,1920,1080,0.052,1071.2,89.1
Round3,Q2,623,623.0,CYBERCX,0.833,1261.8,82.7,60.6,19.4,1920,1080,0.057,1292.1,92.4
Round3,Q2,623,623.0,CYBERCX,0.8305,967.4,78.2,60.5,19.6,1920,1080,0.057,997.7,88.0
Round3,Q2,623,623.0,CYBERCX,0.8298,1336.8,84.1,60.7,19.2,1920,1080,0.056,1367.2,93.7
Round3,Q2,623,623.0,CYBERCX,0.8291,676.4,73.3,58.7,19.2,1920,1080,0.054,705.8,82.9
Round3,Q2,623,623.0,CYBERCX,0.8269,1724.5,89.6,66.5,20.2,1920,1080,0.065,1757.8,99.7
Round3,Q2,623,623.0,CYBERCX,0.8233,601.1,72.7,61.0,19.3,1920,1080,0.057,631.6,82.3
Round3,Q2,623,623.0,CYBERCX,0.8191,30.5,186.4,88.3,24.6,1920,1080,0.105,74.6,198.7
Round3,Q2,623,623.0,CYBERCX,0.8176,442.8,189.6,73.5,23.9,1920,1080,0.085,479.6,201.6
Round3,Q2,623,623.0,CYBERCX,0.814,43.9,58.8,71.0,21.0,1920,1080,0.072,79.5,69.3
Round3,Q2,623,623.0,CYBERCX,0.8136,450.6,69.6,62.3,19.5,1920,1080,0.059,481.8,79.3
Round3,Q2,623,623.0,CYBERCX,0.8134,294.6,65.9,64.3,20.3,1920,1080,0.063,326.7,76.0
Round3,Q2,623,623.0,CYBERCX,0.8024,526.2,70.8,61.9,19.9,1920,1080,0.059,557.1,80.7
Round3,Q2,623,623.0,CYBERCX,0.7833,1195.4,199.6,80.8,23.6,1920,1080,0.092,1235.9,211.4
Round3,Q2,623,623.0,CYBERCX,0.7731,1487.8,86.3,63.1,19.7,1920,1080,0.06,1519.3,96.1
Round3,Q2,623,623.0,CYBERCX,0.7429,1114.7,80.6,59.4,19.7,1920,1080,0.056,1144.3,90.5
Round3,Q2,623,623.0,CYBERCX,0.7147,749.5,75.1,58.7,18.8,1920,1080,0.053,778.8,84.4
Round3,Q2,623,623.0,CYBERCX,0.7136,537.9,189.6,78.8,23.7,1920,1080,0.09,577.3,201.4
Round3,Q2,623,623.0,CYBERCX,0.6995,373.6,67.7,63.2,19.5,1920,1080,0.059,405.2,77.4
Round3,Q2,623,623.0,CYBERCX,0.6059,1890.2,90.6,29.8,26.0,1920,1080,0.037,1905.1,103.6
Round3,Q2,623,623.0,CYBERCX,0.5659,0.0,56.8,28.7,19.9,1920,1080,0.027,14.3,66.7
Round3,Q2,623,623.0,CYBERCX,0.5373,1864.9,230.2,55.1,25.7,1920,1080,0.068,1892.4,243.1
Round3,Q2,624,624.0,CYBERCX,0.8834,980.5,208.4,72.1,21.8,1920,1080,0.076,1016.6,219.3
Round3,Q2,624,624.0,CYBERCX,0.8807,535.2,205.8,75.4,22.0,1920,1080,0.08,572.9,216.7
Round3,Q2,624,624.0,CYBERCX,0.8748,443.4,205.1,75.7,22.6,1920,1080,0.083,481.2,216.4
Round3,Q2,624,624.0,CYBERCX,0.8741,804.0,206.4,72.8,22.2,1920,1080,0.078,840.4,217.5
Round3,Q2,624,624.0,CYBERCX,0.8727,1245.4,212.1,73.4,22.2,1920,1080,0.078,1282.1,223.2
Round3,Q2,624,624.0,CYBERCX,0.8692,892.4,207.2,72.2,21.8,1920,1080,0.076,928.5,218.1
Round3,Q2,624,624.0,CYBERCX,0.8675,1614.9,222.9,76.8,23.6,1920,1080,0.087,1653.3,234.6
Round3,Q2,624,624.0,CYBERCX,0.8672,1068.0,209.3,72.4,21.9,1920,1080,0.076,1104.2,220.2
Round3,Q2,624,624.0,CYBERCX,0.867,350.2,205.2,76.4,22.2,1920,1080,0.082,388.4,216.4
Round3,Q2,624,624.0,CYBERCX,0.8656,1432.0,217.3,71.7,22.0,1920,1080,0.076,1467.9,228.3
Round3,Q2,624,624.0,CYBERCX,0.8609,1521.1,220.4,76.3,22.9,1920,1080,0.084,1559.3,231.8
Round3,Q2,624,624.0,CYBERCX,0.8495,626.0,205.7,74.0,22.0,1920,1080,0.079,663.0,216.7
Round3,Q2,624,624.0,CYBERCX,0.8482,1805.5,232.4,79.4,25.2,1920,1080,0.097,1845.3,245.0
Round3,Q2,624,624.0,CYBERCX,0.8466,1783.8,106.2,65.6,21.0,1920,1080,0.066,1816.6,116.7
Round3,Q2,624,624.0,CYBERCX,0.8439,1553.7,104.5,62.3,19.3,1920,1080,0.058,1584.9,114.2
Round3,Q2,624,624.0,CYBERCX,0.8426,1709.2,226.8,80.7,25.2,1920,1080,0.098,1749.6,239.3
Round3,Q2,624,624.0,CYBERCX,0.8421,1264.9,100.4,58.3,19.5,1920,1080,0.055,1294.1,110.1
Round3,Q2,624,624.0,CYBERCX,0.8413,1195.0,100.7,57.8,18.1,1920,1080,0.05,1223.9,109.8
Round3,Q2,624,624.0,CYBERCX,0.838,1630.1,105.2,61.8,18.8,1920,1080,0.056,1661.0,114.6
Round3,Q2,624,624.0,CYBERCX,0.8348,1481.0,103.6,59.8,18.7,1920,1080,0.054,1510.9,113.0
Round3,Q2,624,624.0,CYBERCX,0.8332,156.1,204.7,78.5,23.2,1920,1080,0.088,195.3,216.3
Round3,Q2,624,624.0,CYBERCX,0.8327,1056.0,98.8,57.5,17.4,1920,1080,0.048,1084.8,107.5
Round3,Q2,624,624.0,CYBERCX,0.8307,349.1,89.4,60.4,18.6,1920,1080,0.054,379.3,98.7
Round3,Q2,624,624.0,CYBERCX,0.8295,1339.1,214.4,74.1,23.1,1920,1080,0.083,1376.2,226.0
Round3,Q2,624,624.0,CYBERCX,0.8276,1407.4,103.1,60.8,18.4,1920,1080,0.054,1437.8,112.3
Round3,Q2,624,624.0,CYBERCX,0.8268,708.8,94.5,58.1,17.6,1920,1080,0.049,737.9,103.3
Round3,Q2,624,624.0,CYBERCX,0.8201,1157.5,210.3,76.7,22.7,1920,1080,0.084,1195.8,221.7
Round3,Q2,624,624.0,CYBERCX,0.813,567.9,92.8,58.5,17.1,1920,1080,0.048,597.1,101.4
Round3,Q2,624,624.0,CYBERCX,0.8111,496.3,91.2,59.6,18.6,1920,1080,0.053,526.1,100.5
Round3,Q2,624,624.0,CYBERCX,0.8092,848.6,95.2,55.9,18.4,1920,1080,0.049,876.6,104.4
Round3,Q2,624,624.0,CYBERCX,0.8088,778.7,94.7,57.3,18.9,1920,1080,0.052,807.4,104.2
Round3,Q2,624,624.0,CYBERCX,0.8081,1125.2,99.5,56.8,18.5,1920,1080,0.051,1153.5,108.7
Round3,Q2,624,624.0,CYBERCX,0.7731,423.1,90.2,59.6,19.0,1920,1080,0.055,452.9,99.8
Round3,Q2,624,624.0,CYBERCX,0.7701,917.6,96.5,56.6,18.4,1920,1080,0.05,945.9,105.7
Round3,Q2,624,624.0,CYBERCX,0.7637,1864.9,107.7,55.1,20.0,1920,1080,0.053,1892.4,117.6
Round3,Q2,624,624.0,CYBERCX,0.7618,51.1,204.3,86.2,23.9,1920,1080,0.099,94.2,216.2
Round3,Q2,624,624.0,CYBERCX,0.6919,1904.5,233.1,15.4,29.3,1920,1080,0.022,1912.2,247.7
Round3,Q2,624,624.0,CYBERCX,0.6843,986.6,97.8,57.1,17.7,1920,1080,0.049,1015.1,106.7
Round3,Q2,624,624.0,CYBERCX,0.6782,58.7,83.5,69.1,19.9,1920,1080,0.066,93.3,93.4
Round3,Q2,624,624.0,CYBERCX,0.6635,1706.3,105.6,63.1,20.8,1920,1080,0.063,1737.8,116.0
Round3,Q2,624,624.0,CYBERCX,0.6353,0.0,204.1,30.1,23.5,1920,1080,0.034,15.0,215.9
Round3,Q2,624,624.0,CYBERCX,0.6004,1336.4,101.8,58.4,18.7,1920,1080,0.053,1365.6,111.1
Round3,Q2,624,624.0,CYBERCX,0.5548,0.0,81.5,44.3,19.1,1920,1080,0.041,22.2,91.1
Round3,Q2,624,624.0,CYBERCX,0.5422,254.2,205.6,78.5,21.6,1920,1080,0.082,293.4,216.4
Round3,Q2,624,624.0,CYBERCX,0.4979,639.8,94.0,57.2,16.7,1920,1080,0.046,668.4,102.4
Round3,Q2,624,624.0,CYBERCX,0.3702,716.9,205.6,71.9,21.4,1920,1080,0.074,752.9,216.3
Round3,Q2,625,625.0,CYBERCX,0.8812,1256.3,148.1,68.7,20.1,1920,1080,0.067,1290.7,158.1
Round3,Q2,625,625.0,CYBERCX,0.8769,1339.6,148.7,67.7,20.4,1920,1080,0.067,1373.5,158.9
Round3,Q2,625,625.0,CYBERCX,0.8695,262.2,145.7,74.5,21.7,1920,1080,0.078,299.5,156.6
Round3,Q2,625,625.0,CYBERCX,0.8685,688.3,143.9,68.0,20.7,1920,1080,0.068,722.3,154.3
Round3,Q2,625,625.0,CYBERCX,0.8669,1175.9,146.5,66.7,20.2,1920,1080,0.065,1209.3,156.6
Round3,Q2,625,625.0,CYBERCX,0.8655,770.0,144.5,69.6,19.9,1920,1080,0.067,804.8,154.5
Round3,Q2,625,625.0,CYBERCX,0.8655,75.6,146.5,79.6,21.5,1920,1080,0.083,115.4,157.3
Round3,Q2,625,625.0,CYBERCX,0.8624,1094.2,145.7,68.2,21.0,1920,1080,0.069,1128.4,156.1
Round3,Q2,625,625.0,CYBERCX,0.8535,851.4,144.2,67.1,20.4,1920,1080,0.066,885.0,154.5
Round3,Q2,625,625.0,CYBERCX,0.8531,1775.7,160.1,74.3,22.6,1920,1080,0.081,1812.9,171.4
Round3,Q2,625,625.0,CYBERCX,0.8482,1601.9,154.0,67.4,21.9,1920,1080,0.071,1635.6,165.0
Round3,Q2,625,625.0,CYBERCX,0.8434,1013.6,144.7,67.8,21.0,1920,1080,0.069,1047.5,155.2
Round3,Q2,625,625.0,CYBERCX,0.8421,605.5,144.6,69.3,20.7,1920,1080,0.069,640.2,154.9
Round3,Q2,625,625.0,CYBERCX,0.8416,523.0,144.0,68.4,21.0,1920,1080,0.069,557.2,154.4
Round3,Q2,625,625.0,CYBERCX,0.8345,1380.6,46.0,55.4,17.5,1920,1080,0.047,1408.3,54.7
Round3,Q2,625,625.0,CYBERCX,0.8269,1513.6,46.7,57.1,18.0,1920,1080,0.049,1542.2,55.7
Round3,Q2,625,625.0,CYBERCX,0.8266,1446.8,46.3,55.3,18.0,1920,1080,0.048,1474.5,55.3
Round3,Q2,625,625.0,CYBERCX,0.8256,437.7,145.1,72.1,20.1,1920,1080,0.07,473.8,155.1
Round3,Q2,625,625.0,CYBERCX,0.825,1722.3,48.4,60.0,18.6,1920,1080,0.054,1752.4,57.7
Round3,Q2,625,625.0,CYBERCX,0.82,171.1,145.6,77.0,21.0,1920,1080,0.078,209.5,156.1
Round3,Q2,625,625.0,CYBERCX,0.8168,1690.4,157.2,66.5,22.4,1920,1080,0.072,1723.7,168.3
Round3,Q2,625,625.0,CYBERCX,0.8151,1651.4,48.4,58.7,18.3,1920,1080,0.052,1680.7,57.6
Round3,Q2,625,625.0,CYBERCX,0.811,1795.2,48.4,62.4,18.8,1920,1080,0.057,1826.4,57.8
Round3,Q2,625,625.0,CYBERCX,0.8105,1315.0,45.5,54.5,16.9,1920,1080,0.044,1342.2,53.9
Round3,Q2,625,625.0,CYBERCX,0.8061,675.9,40.1,53.7,17.2,1920,1080,0.044,702.7,48.7
Round3,Q2,625,625.0,CYBERCX,0.805,1186.6,43.4,53.2,17.6,1920,1080,0.045,1213.2,52.2
Round3,Q2,625,625.0,CYBERCX,0.795,0.0,147.4,58.9,20.6,1920,1080,0.058,29.5,157.7
Round3,Q2,625,625.0,CYBERCX,0.795,1059.5,41.8,52.1,17.5,1920,1080,0.044,1085.5,50.6
Round3,Q2,625,625.0,CYBERCX,0.7918,1506.4,151.7,77.0,21.9,1920,1080,0.081,1544.9,162.7
Round3,Q2,625,625.0,CYBERCX,0.7889,1122.0,42.9,53.6,17.4,1920,1080,0.045,1148.8,51.6
Round3,Q2,625,625.0,CYBERCX,0.7841,803.7,40.7,53.8,17.2,1920,1080,0.045,830.6,49.3
Round3,Q2,625,625.0,CYBERCX,0.7759,739.5,40.0,53.9,17.3,1920,1080,0.045,766.4,48.6
Round3,Q2,625,625.0,CYBERCX,0.7752,1871.5,48.5,48.5,18.7,1920,1080,0.044,1895.8,57.9
Round3,Q2,625,625.0,CYBERCX,0.7679,933.0,143.7,67.2,21.2,1920,1080,0.069,966.6,154.3
Round3,Q2,625,625.0,CYBERCX,0.7616,868.4,41.4,52.8,16.8,1920,1080,0.043,894.8,49.8
Round3,Q2,625,625.0,CYBERCX,0.761,995.1,42.0,53.5,18.1,1920,1080,0.047,1021.9,51.1
Round3,Q2,625,625.0,CYBERCX,0.7579,350.8,144.7,73.3,21.8,1920,1080,0.077,387.4,155.7
Round3,Q2,625,625.0,CYBERCX,0.7378,76.2,33.5,64.1,18.8,1920,1080,0.058,108.3,42.9
Round3,Q2,625,625.0,CYBERCX,0.7078,544.8,39.2,54.4,17.4,1920,1080,0.046,572.0,47.9
Round3,Q2,625,625.0,CYBERCX,0.7022,363.5,37.9,57.9,17.7,1920,1080,0.05,392.4,46.7
Round3,Q2,625,625.0,CYBERCX,0.6756,1868.1,162.9,51.9,22.3,1920,1080,0.056,1894.0,174.0
Round3,Q2,625,625.0,CYBERCX,0.6729,1.3,31.4,62.6,19.4,1920,1080,0.059,32.6,41.1
Round3,Q2,625,625.0,CYBERCX,0.6613,1422.6,150.0,69.4,20.6,1920,1080,0.069,1457.3,160.3
Round3,Q2,625,625.0,CYBERCX,0.6574,294.1,37.1,58.8,17.6,1920,1080,0.05,323.5,45.9
Round3,Q2,625,625.0,CYBERCX,0.6482,932.3,41.5,52.7,17.6,1920,1080,0.045,958.6,50.3
Round3,Q2,625,625.0,CYBERCX,0.6293,1250.8,44.9,54.2,16.7,1920,1080,0.044,1277.9,53.2
Round3,Q2,625,625.0,CYBERCX,0.5688,1581.2,47.7,58.0,18.5,1920,1080,0.052,1610.2,56.9
Round3,Q2,625,625.0,CYBERCX,0.4528,151.7,35.5,62.3,17.9,1920,1080,0.054,182.9,44.5
Round3,Q2,625,625.0,CYBERCX,0.4086,432.3,38.3,55.3,17.4,1920,1080,0.046,460.0,47.0
Round3,Q2,625,625.0,CYBERCX,0.3234,611.0,39.8,54.2,16.2,1920,1080,0.042,638.1,47.9
Round3,Q2,626,626.0,CYBERCX,0.8839,1606.5,90.5,66.8,19.9,1920,1080,0.064,1639.9,100.5
Round3,Q2,626,626.0,CYBERCX,0.876,1524.1,88.4,66.9,19.8,1920,1080,0.064,1557.5,98.4
Round3,Q2,626,626.0,CYBERCX,0.8743,1444.9,87.1,65.1,20.2,1920,1080,0.063,1477.4,97.2
Round3,Q2,626,626.0,CYBERCX,0.8696,358.1,86.5,67.7,20.0,1920,1080,0.065,392.0,96.5
Round3,Q2,626,626.0,CYBERCX,0.8662,274.7,88.1,69.2,19.9,1920,1080,0.066,309.3,98.0
Round3,Q2,626,626.0,CYBERCX,0.8599,189.9,89.1,70.3,20.3,1920,1080,0.069,225.1,99.3
Round3,Q2,626,626.0,CYBERCX,0.8595,1365.7,85.9,66.1,20.4,1920,1080,0.065,1398.7,96.1
Round3,Q2,626,626.0,CYBERCX,0.8575,440.2,85.4,66.3,19.7,1920,1080,0.063,473.3,95.2
Round3,Q2,626,626.0,CYBERCX,0.8561,677.6,82.9,62.5,19.0,1920,1080,0.057,708.9,92.4
Round3,Q2,626,626.0,CYBERCX,0.8553,981.8,83.0,64.7,19.1,1920,1080,0.059,1014.1,92.6
Round3,Q2,626,626.0,CYBERCX,0.8497,1212.3,84.5,62.8,19.2,1920,1080,0.058,1243.7,94.1
Round3,Q2,626,626.0,CYBERCX,0.8475,830.8,82.0,63.1,19.7,1920,1080,0.06,862.3,91.8
Round3,Q2,626,626.0,CYBERCX,0.8431,906.7,81.7,63.0,20.3,1920,1080,0.062,938.2,91.9
Round3,Q2,626,626.0,CYBERCX,0.8422,1059.8,83.3,62.2,18.9,1920,1080,0.057,1090.9,92.8
Round3,Q2,626,626.0,CYBERCX,0.8356,755.1,82.3,62.1,19.4,1920,1080,0.058,786.1,92.0
Round3,Q2,626,626.0,CYBERCX,0.8326,598.9,83.8,62.8,19.4,1920,1080,0.059,630.3,93.5
Round3,Q2,626,626.0,CYBERCX,0.828,1780.7,93.0,69.3,22.5,1920,1080,0.075,1815.3,104.3
Round3,Q2,626,626.0,CYBERCX,0.8207,102.0,89.7,71.9,21.0,1920,1080,0.073,138.0,100.3
Round3,Q2,626,626.0,CYBERCX,0.8132,1288.0,85.1,64.3,19.6,1920,1080,0.061,1320.2,94.9
Round3,Q2,626,626.0,CYBERCX,0.8101,6.8,90.1,75.1,21.5,1920,1080,0.078,44.3,100.8
Round3,Q2,626,626.0,CYBERCX,0.7741,520.8,85.3,64.5,18.9,1920,1080,0.059,553.0,94.7
Round3,Q2,626,626.0,CYBERCX,0.6206,1688.7,91.4,79.4,20.5,1920,1080,0.078,1728.4,101.6
Round3,Q2,626,626.0,CYBERCX,0.6062,1865.8,95.5,54.2,23.0,1920,1080,0.06,1892.9,107.0
Round3,Q2,626,626.0,CYBERCX,0.5338,1136.0,82.2,60.8,18.9,1920,1080,0.055,1166.4,91.6
Round3,Q2,627,627.0,CYBERCX,0.8802,1220.9,75.4,65.6,20.0,1920,1080,0.063,1253.7,85.4
Round3,Q2,627,627.0,CYBERCX,0.8754,991.0,74.5,64.3,19.9,1920,1080,0.062,1023.2,84.5
Round3,Q2,627,627.0,CYBERCX,0.8737,1618.7,79.5,69.5,21.0,1920,1080,0.07,1653.5,90.0
Round3,Q2,627,627.0,CYBERCX,0.8732,1379.6,76.4,63.7,20.6,1920,1080,0.063,1411.5,86.7
Round3,Q2,627,627.0,CYBERCX,0.8731,681.3,75.9,65.4,20.0,1920,1080,0.063,714.0,85.9
Round3,Q2,627,627.0,CYBERCX,0.8723,1456.1,77.4,67.0,21.2,1920,1080,0.068,1489.6,88.0
Round3,Q2,627,627.0,CYBERCX,0.8705,836.9,74.7,65.1,19.7,1920,1080,0.062,869.5,84.6
Round3,Q2,627,627.0,CYBERCX,0.8658,274.5,81.2,72.5,21.1,1920,1080,0.074,310.8,91.8
Round3,Q2,627,627.0,CYBERCX,0.8615,524.1,77.7,66.2,19.4,1920,1080,0.062,557.2,87.4
Round3,Q2,627,627.0,CYBERCX,0.8613,188.5,81.7,73.1,21.8,1920,1080,0.077,225.1,92.6
Round3,Q2,627,627.0,CYBERCX,0.8613,442.7,79.2,68.1,20.0,1920,1080,0.066,476.8,89.2
Round3,Q2,627,627.0,CYBERCX,0.8595,1143.2,74.9,65.1,19.9,1920,1080,0.062,1175.8,84.9
Round3,Q2,627,627.0,CYBERCX,0.8591,1066.9,74.1,63.7,20.6,1920,1080,0.063,1098.8,84.4
Round3,Q2,627,627.0,CYBERCX,0.8589,4.4,83.4,78.3,22.9,1920,1080,0.087,43.6,94.9
Round3,Q2,627,627.0,CYBERCX,0.8586,603.9,76.0,64.8,20.0,1920,1080,0.062,636.3,86.0
Round3,Q2,627,627.0,CYBERCX,0.8578,1701.5,80.9,73.1,20.9,1920,1080,0.074,1738.0,91.3
Round3,Q2,627,627.0,CYBERCX,0.8569,98.2,83.6,76.4,21.5,1920,1080,0.079,136.4,94.4
Round3,Q2,627,627.0,CYBERCX,0.8436,1788.7,81.0,73.5,22.1,1920,1080,0.078,1825.4,92.1
Round3,Q2,627,627.0,CYBERCX,0.8388,916.5,74.0,61.4,19.8,1920,1080,0.059,947.2,83.9
Round3,Q2,627,627.0,CYBERCX,0.8275,1536.5,78.4,68.9,20.7,1920,1080,0.069,1571.0,88.8
Round3,Q2,627,627.0,CYBERCX,0.8121,1878.0,83.4,42.0,21.5,1920,1080,0.044,1899.0,94.1
Round3,Q2,627,627.0,CYBERCX,0.81,759.4,75.3,66.0,19.4,1920,1080,0.062,792.4,85.0
Round3,Q2,627,627.0,CYBERCX,0.7833,360.5,81.0,69.1,19.7,1920,1080,0.066,395.0,90.8
Round3,Q2,627,627.0,CYBERCX,0.3159,1299.4,75.5,64.8,19.4,1920,1080,0.061,1331.8,85.2
Round3,Q2,628,628.0,CYBERCX,0.8678,658.2,112.2,60.1,18.5,1920,1080,0.054,688.3,121.5
Round3,Q2,628,628.0,CYBERCX,0.8596,1693.3,112.8,64.5,19.0,1920,1080,0.059,1725.6,122.3
Round3,Q2,628,628.0,CYBERCX,0.8508,430.3,116.9,64.2,19.0,1920,1080,0.059,462.4,126.3
Round3,Q2,628,628.0,CYBERCX,0.849,102.6,127.5,67.6,19.8,1920,1080,0.065,136.4,137.4
Round3,Q2,628,628.0,CYBERCX,0.8476,1773.7,114.2,67.9,18.8,1920,1080,0.062,1807.7,123.6
Round3,Q2,628,628.0,CYBERCX,0.839,1462.3,110.1,61.6,18.6,1920,1080,0.055,1493.1,119.4
Round3,Q2,628,628.0,CYBERCX,0.838,271.1,121.0,67.2,20.3,1920,1080,0.066,304.7,131.2
Round3,Q2,628,628.0,CYBERCX,0.8378,12.9,130.6,72.2,20.5,1920,1080,0.071,49.0,140.9
Round3,Q2,628,628.0,CYBERCX,0.8362,805.3,108.9,59.0,17.3,1920,1080,0.049,834.9,117.5
Round3,Q2,628,628.0,CYBERCX,0.8335,1386.1,109.3,61.8,18.3,1920,1080,0.055,1417.0,118.4
Round3,Q2,628,628.0,CYBERCX,0.8308,507.8,114.8,61.7,18.7,1920,1080,0.056,538.7,124.2
Round3,Q2,628,628.0,CYBERCX,0.8305,1312.9,108.5,60.6,17.9,1920,1080,0.052,1343.2,117.5
Round3,Q2,628,628.0,CYBERCX,0.8297,1615.3,112.1,63.7,18.8,1920,1080,0.058,1647.1,121.5
Round3,Q2,628,628.0,CYBERCX,0.8294,877.3,107.9,59.2,18.1,1920,1080,0.052,906.9,117.0
Round3,Q2,628,628.0,CYBERCX,0.8233,764.3,16.5,47.1,14.8,1920,1080,0.034,787.8,23.9
Round3,Q2,628,628.0,CYBERCX,0.8225,152.4,23.3,55.2,17.3,1920,1080,0.046,180.0,31.9
Round3,Q2,628,628.0,CYBERCX,0.822,1022.3,107.3,58.1,18.1,1920,1080,0.051,1051.3,116.3
Round3,Q2,628,628.0,CYBERCX,0.8184,83.2,23.7,57.8,18.1,1920,1080,0.051,112.2,32.7
Round3,Q2,628,628.0,CYBERCX,0.8173,1240.3,107.7,59.5,18.1,1920,1080,0.052,1270.1,116.8
Round3,Q2,628,628.0,CYBERCX,0.817,351.2,118.5,65.7,19.6,1920,1080,0.062,384.1,128.3
Round3,Q2,628,628.0,CYBERCX,0.8168,1802.9,15.2,53.8,16.1,1920,1080,0.042,1829.8,23.3
Round3,Q2,628,628.0,CYBERCX,0.8134,949.1,107.5,59.8,18.0,1920,1080,0.052,979.0,116.5
Round3,Q2,628,628.0,CYBERCX,0.8109,347.6,21.7,50.9,16.0,1920,1080,0.039,373.0,29.7
Round3,Q2,628,628.0,CYBERCX,0.8066,283.8,22.2,52.2,16.4,1920,1080,0.041,309.9,30.4
Round3,Q2,628,628.0,CYBERCX,0.8035,992.3,14.6,44.6,14.5,1920,1080,0.031,1014.6,21.8
Round3,Q2,628,628.0,CYBERCX,0.8015,1612.6,15.4,50.8,15.7,1920,1080,0.038,1638.0,23.2
Round3,Q2,628,628.0,CYBERCX,0.7967,1048.1,14.2,45.9,15.0,1920,1080,0.033,1071.1,21.7
Round3,Q2,628,628.0,CYBERCX,0.796,410.0,20.7,49.7,16.8,1920,1080,0.04,434.9,29.1
Round3,Q2,628,628.0,CYBERCX,0.7951,470.9,19.7,49.1,16.5,1920,1080,0.039,495.5,28.0
Round3,Q2,628,628.0,CYBERCX,0.7929,731.6,110.5,60.3,17.7,1920,1080,0.052,761.7,119.4
Round3,Q2,628,628.0,CYBERCX,0.792,1674.1,15.9,51.8,15.4,1920,1080,0.038,1700.0,23.6
Round3,Q2,628,628.0,CYBERCX,0.7899,648.5,17.1,47.7,16.2,1920,1080,0.037,672.4,25.2
Round3,Q2,628,628.0,CYBERCX,0.7898,1552.0,15.0,50.0,15.5,1920,1080,0.037,1577.0,22.7
Round3,Q2,628,628.0,CYBERCX,0.7897,1492.1,15.2,48.8,14.9,1920,1080,0.035,1516.5,22.6
Round3,Q2,628,628.0,CYBERCX,0.7864,583.4,113.4,61.3,18.3,1920,1080,0.054,614.1,122.6
Round3,Q2,628,628.0,CYBERCX,0.7813,589.8,17.8,48.4,16.6,1920,1080,0.039,614.0,26.2
Round3,Q2,628,628.0,CYBERCX,0.7776,1167.4,106.8,58.7,17.9,1920,1080,0.051,1196.8,115.8
Round3,Q2,628,628.0,CYBERCX,0.776,1316.1,14.2,47.8,15.4,1920,1080,0.036,1340.0,21.9
Round3,Q2,628,628.0,CYBERCX,0.7589,1258.5,14.3,47.1,15.2,1920,1080,0.035,1282.1,21.9
Round3,Q2,628,628.0,CYBERCX,0.7504,1857.5,115.7,62.5,18.5,1920,1080,0.056,1888.7,124.9
Round3,Q2,628,628.0,CYBERCX,0.7459,706.8,16.9,47.2,15.3,1920,1080,0.035,730.4,24.6
Round3,Q2,628,628.0,CYBERCX,0.7444,879.1,15.2,45.2,14.4,1920,1080,0.031,901.7,22.4
Round3,Q2,628,628.0,CYBERCX,0.7444,184.9,123.8,67.8,20.2,1920,1080,0.066,218.8,133.9
Round3,Q2,628,628.0,CYBERCX,0.7347,1868.9,15.2,51.1,16.1,1920,1080,0.04,1894.4,23.3
Round3,Q2,628,628.0,CYBERCX,0.7271,1374.0,14.3,48.4,15.2,1920,1080,0.036,1398.2,21.9
Round3,Q2,628,628.0,CYBERCX,0.7241,1432.4,14.8,48.7,14.6,1920,1080,0.034,1456.8,22.1
Round3,Q2,628,628.0,CYBERCX,0.7109,1738.1,15.9,52.7,15.3,1920,1080,0.039,1764.4,23.5
Round3,Q2,628,628.0,CYBERCX,0.6988,936.1,14.7,45.7,15.0,1920,1080,0.033,959.0,22.2
Round3,Q2,628,628.0,CYBERCX,0.6604,1093.3,106.9,60.7,18.0,1920,1080,0.053,1123.6,115.9
Round3,Q2,628,628.0,CYBERCX,0.6512,11.7,23.7,60.1,17.6,1920,1080,0.051,41.8,32.5
Round3,Q2,628,628.0,CYBERCX,0.6412,821.8,15.7,46.0,14.9,1920,1080,0.033,844.8,23.1
Round3,Q2,628,628.0,CYBERCX,0.6281,1540.0,111.1,58.9,17.7,1920,1080,0.05,1569.5,120.0
Round3,Q2,628,628.0,CYBERCX,0.602,530.4,18.9,48.6,16.6,1920,1080,0.039,554.7,27.2
Round3,Q2,628,628.0,CYBERCX,0.4908,219.4,23.4,53.5,16.3,1920,1080,0.042,246.2,31.6
Round3,Q2,628,628.0,CYBERCX,0.4744,1211.3,14.0,35.9,15.0,1920,1080,0.026,1229.3,21.5
Round3,Q2,628,628.0,CYBERCX,0.3689,1105.4,13.6,46.6,15.1,1920,1080,0.034,1128.7,21.2
Round3,Q2,629,629.0,CYBERCX,0.8756,1667.7,163.4,59.7,18.8,1920,1080,0.054,1697.5,172.8
Round3,Q2,629,629.0,CYBERCX,0.8735,1596.5,161.2,60.1,19.3,1920,1080,0.056,1626.5,170.8
Round3,Q2,629,629.0,CYBERCX,0.8541,1527.5,160.1,57.9,18.1,1920,1080,0.051,1556.4,169.2
Round3,Q2,629,629.0,CYBERCX,0.8478,321.0,167.6,56.9,17.4,1920,1080,0.048,349.4,176.3
Round3,Q2,629,629.0,CYBERCX,0.8456,599.3,158.6,54.7,17.4,1920,1080,0.046,626.6,167.3
Round3,Q2,629,629.0,CYBERCX,0.8455,1812.6,168.3,63.8,19.5,1920,1080,0.06,1844.5,178.1
Round3,Q2,629,629.0,CYBERCX,0.8449,799.0,153.9,53.6,16.7,1920,1080,0.043,825.8,162.2
Round3,Q2,629,629.0,CYBERCX,0.8415,1192.9,153.4,54.5,16.8,1920,1080,0.044,1220.2,161.8
Round3,Q2,629,629.0,CYBERCX,0.8408,485.2,75.1,44.4,14.8,1920,1080,0.032,507.4,82.5
Round3,Q2,629,629.0,CYBERCX,0.8381,863.8,153.4,54.4,16.7,1920,1080,0.044,891.0,161.8
Round3,Q2,629,629.0,CYBERCX,0.8368,375.6,78.1,44.9,15.2,1920,1080,0.033,398.0,85.7
Round3,Q2,629,629.0,CYBERCX,0.8335,1258.3,154.7,55.0,16.6,1920,1080,0.044,1285.8,163.0
Round3,Q2,629,629.0,CYBERCX,0.8334,461.5,162.9,56.9,16.7,1920,1080,0.046,489.9,171.2
Round3,Q2,629,629.0,CYBERCX,0.8303,929.5,153.0,54.2,17.1,1920,1080,0.045,956.7,161.6
Round3,Q2,629,629.0,CYBERCX,0.8266,1566.6,73.8,46.2,15.4,1920,1080,0.034,1589.7,81.6
Round3,Q2,629,629.0,CYBERCX,0.826,665.1,157.2,55.2,16.5,1920,1080,0.044,692.7,165.5
Round3,Q2,629,629.0,CYBERCX,0.8217,391.0,164.9,58.2,16.7,1920,1080,0.047,420.0,173.3
Round3,Q2,629,629.0,CYBERCX,0.8207,431.1,76.4,43.7,14.8,1920,1080,0.031,452.9,83.8
Round3,Q2,629,629.0,CYBERCX,0.8203,1126.4,152.8,55.2,16.8,1920,1080,0.045,1153.9,161.2
Round3,Q2,629,629.0,CYBERCX,0.8201,645.3,72.1,43.2,14.9,1920,1080,0.031,667.0,79.5
Round3,Q2,629,629.0,CYBERCX,0.8193,1735.2,77.7,47.8,16.1,1920,1080,0.037,1759.1,85.8
Round3,Q2,629,629.0,CYBERCX,0.8183,318.2,79.0,46.8,15.2,1920,1080,0.034,341.6,86.6
Round3,Q2,629,629.0,CYBERCX,0.8096,80.6,85.4,49.8,15.6,1920,1080,0.038,105.5,93.3
Round3,Q2,629,629.0,CYBERCX,0.8063,1325.3,155.7,55.4,16.5,1920,1080,0.044,1353.0,164.0
Round3,Q2,629,629.0,CYBERCX,0.8061,202.9,82.8,47.4,15.1,1920,1080,0.034,226.6,90.3
Round3,Q2,629,629.0,CYBERCX,0.8009,904.8,68.9,41.1,14.1,1920,1080,0.028,925.4,75.9
Round3,Q2,629,629.0,CYBERCX,0.7996,1738.8,166.2,62.6,18.5,1920,1080,0.056,1770.1,175.5
Round3,Q2,629,629.0,CYBERCX,0.7982,142.5,83.6,48.8,15.8,1920,1080,0.037,166.9,91.4
Round3,Q2,629,629.0,CYBERCX,0.798,1677.2,76.7,48.6,15.1,1920,1080,0.035,1701.5,84.3
Round3,Q2,629,629.0,CYBERCX,0.7953,1459.0,158.7,57.7,17.3,1920,1080,0.048,1487.9,167.3
Round3,Q2,629,629.0,CYBERCX,0.7926,1888.5,171.8,31.5,18.7,1920,1080,0.028,1904.2,181.2
Round3,Q2,629,629.0,CYBERCX,0.7921,15.5,85.6,53.5,18.3,1920,1080,0.047,42.2,94.8
Round3,Q2,629,629.0,CYBERCX,0.7895,750.2,70.7,42.4,14.0,1920,1080,0.029,771.4,77.7
Round3,Q2,629,629.0,CYBERCX,0.7811,530.7,161.0,55.8,17.3,1920,1080,0.047,558.7,169.6
Round3,Q2,629,629.0,CYBERCX,0.7811,1852.6,79.2,50.9,16.3,1920,1080,0.04,1878.0,87.4
Round3,Q2,629,629.0,CYBERCX,0.7794,732.3,155.3,54.5,16.8,1920,1080,0.044,759.5,163.7
Round3,Q2,629,629.0,CYBERCX,0.7755,954.7,68.8,42.6,14.4,1920,1080,0.03,976.0,76.0
Round3,Q2,629,629.0,CYBERCX,0.7747,994.2,152.2,55.8,17.4,1920,1080,0.047,1022.1,160.8
Round3,Q2,629,629.0,CYBERCX,0.7712,94.2,178.1,59.6,17.7,1920,1080,0.051,124.0,187.0
Round3,Q2,629,629.0,CYBERCX,0.7695,592.8,73.7,42.6,13.6,1920,1080,0.028,614.1,80.5
Round3,Q2,629,629.0,CYBERCX,0.7615,168.1,173.9,60.8,18.5,1920,1080,0.054,198.5,183.2
Round3,Q2,629,629.0,CYBERCX,0.7594,242.4,170.8,70.4,16.8,1920,1080,0.057,277.6,179.2
Round3,Q2,629,629.0,CYBERCX,0.7575,1459.0,72.2,44.5,14.9,1920,1080,0.032,1481.2,79.7
Round3,Q2,629,629.0,CYBERCX,0.7562,12.1,182.6,65.8,18.0,1920,1080,0.057,45.0,191.6
Round3,Q2,629,629.0,CYBERCX,0.7506,1406.2,71.3,44.2,14.9,1920,1080,0.032,1428.4,78.7
Round3,Q2,629,629.0,CYBERCX,0.7438,698.4,71.4,43.0,13.8,1920,1080,0.029,719.9,78.3
Round3,Q2,629,629.0,CYBERCX,0.7402,853.6,69.5,42.6,13.9,1920,1080,0.028,874.9,76.4
Round3,Q2,629,629.0,CYBERCX,0.7361,1792.6,78.4,49.0,16.8,1920,1080,0.04,1817.1,86.8
Round3,Q2,629,629.0,CYBERCX,0.7326,1196.7,69.7,43.1,13.8,1920,1080,0.029,1218.2,76.6
Round3,Q2,629,629.0,CYBERCX,0.7166,1248.3,69.5,43.9,14.9,1920,1080,0.032,1270.3,77.0
Round3,Q2,629,629.0,CYBERCX,0.7095,1062.2,152.6,52.9,16.2,1920,1080,0.041,1088.7,160.7
Round3,Q2,629,629.0,CYBERCX,0.7069,1391.8,156.5,53.3,17.5,1920,1080,0.045,1418.4,165.3
Round3,Q2,629,629.0,CYBERCX,0.6686,1513.2,73.4,44.8,15.2,1920,1080,0.033,1535.6,81.0
Round3,Q2,629,629.0,CYBERCX,0.6649,1622.1,75.9,45.8,14.7,1920,1080,0.032,1644.9,83.2
Round3,Q2,629,629.0,CYBERCX,0.6586,1145.4,68.7,42.8,14.8,1920,1080,0.03,1166.8,76.1
Round3,Q2,629,629.0,CYBERCX,0.6584,1301.1,70.6,43.0,14.6,1920,1080,0.03,1322.6,77.9
Round3,Q2,629,629.0,CYBERCX,0.6336,539.6,74.8,43.5,14.0,1920,1080,0.029,561.4,81.8
Round3,Q2,629,629.0,CYBERCX,0.6188,1006.2,69.3,42.5,13.1,1920,1080,0.027,1027.5,75.9
Round3,Q2,629,629.0,CYBERCX,0.5927,261.4,80.9,46.7,14.4,1920,1080,0.032,284.8,88.1
Round3,Q2,629,629.0,CYBERCX,0.5653,802.7,70.1,41.7,13.6,1920,1080,0.027,823.5,76.9
Round3,Q2,629,629.0,CYBERCX,0.374,1353.9,71.4,42.4,13.6,1920,1080,0.028,1375.1,78.2
Round3,Q2,629,629.0,CYBERCX,0.3083,1913.1,80.6,6.9,15.9,1920,1080,0.005,1916.5,88.5
Round3,Q2,630,630.0,CYBERCX,0.8533,1683.3,219.0,55.8,16.9,1920,1080,0.046,1711.2,227.5
Round3,Q2,630,630.0,CYBERCX,0.8507,1495.4,210.3,51.1,16.8,1920,1080,0.042,1521.0,218.7
Round3,Q2,630,630.0,CYBERCX,0.8379,1433.6,207.8,51.6,16.5,1920,1080,0.041,1459.4,216.1
Round3,Q2,630,630.0,CYBERCX,0.8355,1073.7,200.0,49.6,15.9,1920,1080,0.038,1098.5,208.0
Round3,Q2,630,630.0,CYBERCX,0.835,534.9,209.1,50.0,14.9,1920,1080,0.036,559.9,216.6
Round3,Q2,630,630.0,CYBERCX,0.8261,721.9,127.3,38.3,12.3,1920,1080,0.023,741.1,133.5
Round3,Q2,630,630.0,CYBERCX,0.8256,1372.7,206.4,51.2,15.9,1920,1080,0.039,1398.3,214.3
Round3,Q2,630,630.0,CYBERCX,0.8255,344.7,216.2,53.5,16.0,1920,1080,0.041,371.5,224.2
Round3,Q2,630,630.0,CYBERCX,0.825,595.8,206.4,49.4,15.4,1920,1080,0.037,620.5,214.1
Round3,Q2,630,630.0,CYBERCX,0.8219,1133.4,201.2,48.2,15.4,1920,1080,0.036,1157.5,208.9
Round3,Q2,630,630.0,CYBERCX,0.8215,776.4,201.6,50.4,15.9,1920,1080,0.039,801.6,209.5
Round3,Q2,630,630.0,CYBERCX,0.8184,836.4,200.9,49.1,15.3,1920,1080,0.036,860.9,208.5
Round3,Q2,630,630.0,CYBERCX,0.8166,1193.6,202.0,48.7,15.6,1920,1080,0.037,1218.0,209.8
Round3,Q2,630,630.0,CYBERCX,0.8158,1819.0,227.0,54.8,17.8,1920,1080,0.047,1846.3,235.9
Round3,Q2,630,630.0,CYBERCX,0.8146,656.4,204.9,49.7,15.1,1920,1080,0.036,681.3,212.4
Round3,Q2,630,630.0,CYBERCX,0.81,482.5,133.5,39.3,12.9,1920,1080,0.024,502.2,139.9
Round3,Q2,630,630.0,CYBERCX,0.81,382.8,135.9,40.8,14.2,1920,1080,0.028,403.3,143.0
Round3,Q2,630,630.0,CYBERCX,0.8088,578.8,129.6,40.2,13.8,1920,1080,0.027,598.9,136.5
Round3,Q2,630,630.0,CYBERCX,0.8079,674.3,128.0,38.7,13.4,1920,1080,0.025,693.7,134.7
Round3,Q2,630,630.0,CYBERCX,0.8046,1556.7,212.6,53.4,17.2,1920,1080,0.044,1583.4,221.2
Round3,Q2,630,630.0,CYBERCX,0.8007,177.0,145.3,43.1,14.8,1920,1080,0.031,198.5,152.7
Round3,Q2,630,630.0,CYBERCX,0.7986,895.5,199.4,50.3,16.8,1920,1080,0.041,920.6,207.8
Round3,Q2,630,630.0,CYBERCX,0.7978,279.8,218.5,53.7,16.4,1920,1080,0.042,306.6,226.7
Round3,Q2,630,630.0,CYBERCX,0.7956,1219.0,126.8,39.1,12.9,1920,1080,0.024,1238.5,133.3
Round3,Q2,630,630.0,CYBERCX,0.7939,955.6,199.9,48.5,15.7,1920,1080,0.037,979.9,207.7
Round3,Q2,630,630.0,CYBERCX,0.7936,627.3,129.3,38.5,13.2,1920,1080,0.024,646.6,135.9
Round3,Q2,630,630.0,CYBERCX,0.793,3.8,237.4,56.6,17.2,1920,1080,0.047,32.1,246.0
Round3,Q2,630,630.0,CYBERCX,0.7905,1752.1,222.5,55.0,18.1,1920,1080,0.048,1779.7,231.5
Round3,Q2,630,630.0,CYBERCX,0.7866,1807.9,145.3,44.0,14.4,1920,1080,0.031,1829.9,152.5
Round3,Q2,630,630.0,CYBERCX,0.7811,1360.3,129.0,39.7,15.0,1920,1080,0.029,1380.2,136.5
Round3,Q2,630,630.0,CYBERCX,0.7798,1653.1,139.1,42.2,14.3,1920,1080,0.029,1674.2,146.2
Round3,Q2,630,630.0,CYBERCX,0.7769,67.6,149.5,44.7,14.0,1920,1080,0.03,89.9,156.5
Round3,Q2,630,630.0,CYBERCX,0.7746,143.6,227.9,52.5,16.8,1920,1080,0.043,169.9,236.2
Round3,Q2,630,630.0,CYBERCX,0.7691,432.9,134.8,40.7,13.2,1920,1080,0.026,453.2,141.4
Round3,Q2,630,630.0,CYBERCX,0.769,1602.0,136.6,42.0,14.6,1920,1080,0.03,1623.0,143.9
Round3,Q2,630,630.0,CYBERCX,0.7668,1861.1,147.0,45.7,14.8,1920,1080,0.033,1883.9,154.3
Round3,Q2,630,630.0,CYBERCX,0.7628,1455.5,131.6,41.4,14.5,1920,1080,0.029,1476.2,138.9
Round3,Q2,630,630.0,CYBERCX,0.761,716.3,203.0,49.2,15.1,1920,1080,0.036,740.9,210.5
Round3,Q2,630,630.0,CYBERCX,0.7597,1252.4,203.0,51.5,15.7,1920,1080,0.039,1278.2,210.8
Round3,Q2,630,630.0,CYBERCX,0.7569,409.0,213.4,52.0,15.1,1920,1080,0.038,435.1,221.0
Round3,Q2,630,630.0,CYBERCX,0.7542,1886.3,231.6,33.7,17.5,1920,1080,0.028,1903.2,240.3
Round3,Q2,630,630.0,CYBERCX,0.7459,122.1,146.7,44.7,14.4,1920,1080,0.031,144.5,153.9
Round3,Q2,630,630.0,CYBERCX,0.7429,1172.0,125.5,38.9,13.9,1920,1080,0.026,1191.5,132.4
Round3,Q2,630,630.0,CYBERCX,0.7415,230.7,143.1,41.3,13.3,1920,1080,0.026,251.3,149.8
Round3,Q2,630,630.0,CYBERCX,0.7408,860.4,125.3,38.0,12.9,1920,1080,0.024,879.4,131.7
Round3,Q2,630,630.0,CYBERCX,0.739,815.5,125.9,37.9,12.3,1920,1080,0.023,834.4,132.1
Round3,Q2,630,630.0,CYBERCX,0.7386,472.7,210.8,50.7,16.1,1920,1080,0.039,498.0,218.8
Round3,Q2,630,630.0,CYBERCX,0.7382,1703.9,140.6,42.2,14.6,1920,1080,0.03,1725.0,147.9
Round3,Q2,630,630.0,CYBERCX,0.7381,333.0,138.6,40.7,14.2,1920,1080,0.028,353.4,145.7
Round3,Q2,630,630.0,CYBERCX,0.7335,1407.9,129.9,39.5,14.5,1920,1080,0.028,1427.6,137.1
Round3,Q2,630,630.0,CYBERCX,0.7324,1552.9,135.4,41.5,13.9,1920,1080,0.028,1573.6,142.4
Round3,Q2,630,630.0,CYBERCX,0.7244,1078.8,124.7,38.8,13.7,1920,1080,0.026,1098.2,131.6
Round3,Q2,630,630.0,CYBERCX,0.723,210.0,223.5,58.0,16.5,1920,1080,0.046,238.9,231.8
Round3,Q2,630,630.0,CYBERCX,0.7123,906.6,124.8,39.4,13.3,1920,1080,0.025,926.3,131.5
Round3,Q2,630,630.0,CYBERCX,0.697,1620.3,215.3,55.7,18.1,1920,1080,0.049,1648.1,224.3
Round3,Q2,630,630.0,CYBERCX,0.6843,1014.5,200.3,49.1,14.4,1920,1080,0.034,1039.0,207.5
Round3,Q2,630,630.0,CYBERCX,0.6747,1312.5,127.8,40.0,14.6,1920,1080,0.028,1332.5,135.1
Round3,Q2,630,630.0,CYBERCX,0.6573,1125.5,125.1,38.6,13.3,1920,1080,0.025,1144.8,131.7
Round3,Q2,630,630.0,CYBERCX,0.6039,281.9,139.4,42.2,14.9,1920,1080,0.03,303.1,146.9
Round3,Q2,630,630.0,CYBERCX,0.5089,1504.4,133.6,41.4,13.6,1920,1080,0.027,1525.1,140.4
Round3,Q2,630,630.0,CYBERCX,0.4833,74.5,232.7,55.7,15.4,1920,1080,0.041,102.3,240.4
Round3,Q2,630,630.0,CYBERCX,0.4766,769.6,126.6,36.6,12.5,1920,1080,0.022,787.9,132.8
Round3,Q2,630,630.0,CYBERCX,0.4419,1266.4,127.4,39.1,13.7,1920,1080,0.026,1285.9,134.3
Round3,Q2,630,630.0,CYBERCX,0.4385,214.0,16.4,32.7,11.8,1920,1080,0.019,230.3,22.3
Round3,Q2,630,630.0,CYBERCX,0.4357,1314.2,204.4,49.1,15.9,1920,1080,0.038,1338.7,212.3
Round3,Q2,630,630.0,CYBERCX,0.3745,1199.5,12.9,29.6,11.0,1920,1080,0.016,1214.3,18.4
Round3,Q2,630,630.0,CYBERCX,0.3616,1756.6,143.4,41.6,13.7,1920,1080,0.028,1777.4,150.2
Round3,Q2,630,630.0,CYBERCX,0.3554,756.3,12.5,28.9,10.6,1920,1080,0.015,770.8,17.8
Round3,Q2,630,630.0,CYBERCX,0.3298,7.5,15.1,37.8,13.8,1920,1080,0.025,26.4,22.0
Round3,Q2,630,630.0,CYBERCX,0.3042,512.4,14.1,29.6,10.7,1920,1080,0.015,527.2,19.5
Round3,Q2,631,631.0,CYBERCX,0.85,1743.4,199.6,40.3,13.5,1920,1080,0.026,1763.6,206.4
Round3,Q2,631,631.0,CYBERCX,0.8493,1778.5,277.0,49.8,16.5,1920,1080,0.04,1803.4,285.3
Round3,Q2,631,631.0,CYBERCX,0.8484,232.7,269.2,48.6,15.0,1920,1080,0.035,257.1,276.7
Round3,Q2,631,631.0,CYBERCX,0.8446,1366.6,252.4,47.1,15.2,1920,1080,0.035,1390.2,260.0
Round3,Q2,631,631.0,CYBERCX,0.8445,1480.3,256.9,47.1,15.3,1920,1080,0.035,1503.8,264.6
Round3,Q2,631,631.0,CYBERCX,0.8439,1422.7,255.3,47.4,14.9,1920,1080,0.034,1446.4,262.7
Round3,Q2,631,631.0,CYBERCX,0.8438,291.7,265.7,49.3,15.2,1920,1080,0.036,316.4,273.4
Round3,Q2,631,631.0,CYBERCX,0.8402,1695.5,196.7,39.5,13.3,1920,1080,0.025,1715.2,203.4
Round3,Q2,631,631.0,CYBERCX,0.8396,1309.9,250.5,47.0,15.1,1920,1080,0.034,1333.4,258.0
Round3,Q2,631,631.0,CYBERCX,0.837,641.4,249.7,47.4,14.6,1920,1080,0.033,665.1,256.9
Round3,Q2,631,631.0,CYBERCX,0.8268,1087.0,246.4,46.7,13.9,1920,1080,0.031,1110.3,253.3
Round3,Q2,631,631.0,CYBERCX,0.8266,528.0,254.5,46.7,14.5,1920,1080,0.033,551.3,261.7
Round3,Q2,631,631.0,CYBERCX,0.8266,1660.0,268.0,46.9,15.9,1920,1080,0.036,1683.4,276.0
Round3,Q2,631,631.0,CYBERCX,0.8234,353.0,262.4,48.1,14.5,1920,1080,0.034,377.1,269.6
Round3,Q2,631,631.0,CYBERCX,0.8221,470.6,257.1,47.2,14.4,1920,1080,0.033,494.2,264.3
Round3,Q2,631,631.0,CYBERCX,0.8217,585.5,252.3,46.5,13.9,1920,1080,0.031,608.7,259.3
Round3,Q2,631,631.0,CYBERCX,0.816,1031.7,245.8,45.4,13.3,1920,1080,0.029,1054.3,252.4
Round3,Q2,631,631.0,CYBERCX,0.8153,1287.2,179.1,37.1,13.2,1920,1080,0.024,1305.7,185.7
Round3,Q2,631,631.0,CYBERCX,0.8131,754.5,247.5,44.9,13.8,1920,1080,0.03,776.9,254.4
Round3,Q2,631,631.0,CYBERCX,0.8111,1841.7,205.4,40.2,14.0,1920,1080,0.027,1861.8,212.4
Round3,Q2,631,631.0,CYBERCX,0.8105,1142.8,247.1,45.5,14.1,1920,1080,0.031,1165.6,254.1
Round3,Q2,631,631.0,CYBERCX,0.8096,976.2,245.5,45.9,13.8,1920,1080,0.031,999.2,252.4
Round3,Q2,631,631.0,CYBERCX,0.8072,1331.4,180.7,36.2,13.4,1920,1080,0.023,1349.5,187.4
Round3,Q2,631,631.0,CYBERCX,0.8066,1595.0,263.6,52.5,15.8,1920,1080,0.04,1621.2,271.5
Round3,Q2,631,631.0,CYBERCX,0.8064,1069.6,175.5,35.0,12.6,1920,1080,0.021,1087.1,181.8
Round3,Q2,631,631.0,CYBERCX,0.8042,821.9,175.5,36.7,12.3,1920,1080,0.022,840.2,181.7
Round3,Q2,631,631.0,CYBERCX,0.8031,103.2,279.3,53.4,15.6,1920,1080,0.04,129.9,287.1
Round3,Q2,631,631.0,CYBERCX,0.7964,1254.6,249.3,46.4,14.2,1920,1080,0.032,1277.8,256.4
Round3,Q2,631,631.0,CYBERCX,0.7954,235.1,194.9,39.3,13.2,1920,1080,0.025,254.7,201.5
Round3,Q2,631,631.0,CYBERCX,0.7923,1719.3,272.1,48.5,16.6,1920,1080,0.039,1743.5,280.4
Round3,Q2,631,631.0,CYBERCX,0.7922,647.7,178.9,36.3,12.4,1920,1080,0.022,665.9,185.1
Round3,Q2,631,631.0,CYBERCX,0.7907,778.3,176.0,35.6,12.5,1920,1080,0.021,796.1,182.2
Round3,Q2,631,631.0,CYBERCX,0.7894,376.5,188.7,38.5,12.6,1920,1080,0.023,395.7,195.0
Round3,Q2,631,631.0,CYBERCX,0.7883,865.4,245.8,47.6,13.7,1920,1080,0.032,889.2,252.7
Round3,Q2,631,631.0,CYBERCX,0.7875,1510.5,187.9,37.0,13.0,1920,1080,0.023,1529.0,194.4
Round3,Q2,631,631.0,CYBERCX,0.7849,921.4,245.5,44.0,13.9,1920,1080,0.03,943.4,252.4
Round3,Q2,631,631.0,CYBERCX,0.7833,86.1,203.6,41.1,13.3,1920,1080,0.026,106.6,210.2
Round3,Q2,631,631.0,CYBERCX,0.7796,1026.0,175.6,35.2,12.1,1920,1080,0.021,1043.6,181.7
Round3,Q2,631,631.0,CYBERCX,0.7705,939.4,175.4,35.5,12.3,1920,1080,0.021,957.2,181.5
Round3,Q2,631,631.0,CYBERCX,0.7704,423.2,186.8,37.1,12.7,1920,1080,0.023,441.7,193.1
Round3,Q2,631,631.0,CYBERCX,0.7689,186.9,198.1,39.1,12.8,1920,1080,0.024,206.4,204.4
Round3,Q2,631,631.0,CYBERCX,0.7663,1376.2,182.8,36.1,13.1,1920,1080,0.023,1394.2,189.3
Round3,Q2,631,631.0,CYBERCX,0.7659,1112.7,176.7,35.8,12.1,1920,1080,0.021,1130.6,182.8
Round3,Q2,631,631.0,CYBERCX,0.7658,137.2,200.9,40.6,13.3,1920,1080,0.026,157.5,207.6
Round3,Q2,631,631.0,CYBERCX,0.7653,603.4,180.1,37.0,12.9,1920,1080,0.023,621.9,186.6
Round3,Q2,631,631.0,CYBERCX,0.751,559.5,182.0,35.7,12.2,1920,1080,0.021,577.3,188.1
Round3,Q2,631,631.0,CYBERCX,0.7486,1791.5,201.7,41.9,14.3,1920,1080,0.029,1812.5,208.8
Round3,Q2,631,631.0,CYBERCX,0.7474,1555.7,189.6,38.2,13.2,1920,1080,0.024,1574.8,196.2
Round3,Q2,631,631.0,CYBERCX,0.7451,1601.7,191.6,38.8,13.6,1920,1080,0.025,1621.1,198.4
Round3,Q2,631,631.0,CYBERCX,0.7431,468.8,184.0,37.1,13.0,1920,1080,0.023,487.3,190.5
Round3,Q2,631,631.0,CYBERCX,0.7411,1464.8,185.6,37.7,13.2,1920,1080,0.024,1483.7,192.2
Round3,Q2,631,631.0,CYBERCX,0.7185,166.5,274.8,52.3,14.5,1920,1080,0.037,192.7,282.1
Round3,Q2,631,631.0,CYBERCX,0.716,1156.1,177.0,36.4,12.1,1920,1080,0.021,1174.3,183.0
Round3,Q2,631,631.0,CYBERCX,0.7117,39.8,284.3,52.2,14.9,1920,1080,0.038,65.9,291.8
Round3,Q2,631,631.0,CYBERCX,0.7109,697.7,248.0,48.5,15.1,1920,1080,0.035,721.9,255.6
Round3,Q2,631,631.0,CYBERCX,0.7072,809.2,246.1,46.2,15.0,1920,1080,0.033,832.4,253.6
Round3,Q2,631,631.0,CYBERCX,0.7047,1839.1,281.5,52.4,17.8,1920,1080,0.045,1865.3,290.5
Round3,Q2,631,631.0,CYBERCX,0.7034,330.8,190.3,37.9,13.1,1920,1080,0.024,349.7,196.8
Round3,Q2,631,631.0,CYBERCX,0.6936,1198.3,247.2,46.5,16.0,1920,1080,0.036,1221.6,255.2
Round3,Q2,631,631.0,CYBERCX,0.6545,1901.5,287.7,18.5,17.7,1920,1080,0.016,1910.7,296.6
Round3,Q2,631,631.0,CYBERCX,0.6533,691.6,177.9,36.0,12.0,1920,1080,0.021,709.6,183.9
Round3,Q2,631,631.0,CYBERCX,0.6456,1537.7,259.5,47.8,15.4,1920,1080,0.035,1561.6,267.2
Round3,Q2,631,631.0,CYBERCX,0.6432,411.8,259.5,49.0,15.0,1920,1080,0.035,436.3,267.0
Round3,Q2,631,631.0,CYBERCX,0.5828,1648.5,194.0,39.1,13.4,1920,1080,0.025,1668.0,200.8
Round3,Q2,631,631.0,CYBERCX,0.577,513.7,183.5,37.6,12.1,1920,1080,0.022,532.5,189.6
Round3,Q2,631,631.0,CYBERCX,0.5729,1420.9,184.7,36.3,12.1,1920,1080,0.021,1439.0,190.8
Round3,Q2,631,631.0,CYBERCX,0.5455,866.2,175.6,32.4,12.6,1920,1080,0.02,882.4,181.9
Round3,Q2,631,631.0,CYBERCX,0.5363,1243.8,178.8,35.4,12.8,1920,1080,0.022,1261.4,185.2
Round3,Q2,631,631.0,CYBERCX,0.4967,0.1,289.7,25.9,14.9,1920,1080,0.019,13.0,297.1
Round3,Q2,631,631.0,CYBERCX,0.4725,174.2,80.8,31.3,10.6,1920,1080,0.016,189.9,86.1
Round3,Q2,631,631.0,CYBERCX,0.3925,0.0,208.1,24.0,13.6,1920,1080,0.016,12.0,214.9
Round3,Q2,631,631.0,CYBERCX,0.3764,283.6,193.1,39.7,12.8,1920,1080,0.024,303.4,199.5
Round3,Q2,631,631.0,CYBERCX,0.3591,34.7,206.6,41.9,12.4,1920,1080,0.025,55.6,212.8
Round3,Q2,631,631.0,CYBERCX,0.3587,1891.6,207.6,28.3,14.5,1920,1080,0.02,1905.8,214.8
Round3,Q2,631,631.0,CYBERCX,0.333,1200.3,177.6,36.4,12.7,1920,1080,0.022,1218.4,184.0
Round3,Q2,632,632.0,CYBERCX,0.8701,1494.2,267.7,47.7,15.3,1920,1080,0.035,1518.0,275.4
Round3,Q2,632,632.0,CYBERCX,0.857,1852.9,292.6,51.9,17.5,1920,1080,0.044,1878.9,301.4
Round3,Q2,632,632.0,CYBERCX,0.8559,1437.9,265.4,46.8,15.1,1920,1080,0.034,1461.3,273.0
Round3,Q2,632,632.0,CYBERCX,0.8506,1380.6,262.5,47.5,15.4,1920,1080,0.035,1404.4,270.2
Round3,Q2,632,632.0,CYBERCX,0.8481,1791.8,287.3,49.9,16.9,1920,1080,0.041,1816.7,295.8
Round3,Q2,632,632.0,CYBERCX,0.8449,993.5,255.4,44.9,14.1,1920,1080,0.03,1016.0,262.4
Round3,Q2,632,632.0,CYBERCX,0.8429,716.6,258.3,44.8,14.2,1920,1080,0.031,739.0,265.4
Round3,Q2,632,632.0,CYBERCX,0.8345,374.6,272.5,47.8,14.5,1920,1080,0.033,398.5,279.7
Round3,Q2,632,632.0,CYBERCX,0.832,1159.0,257.6,45.3,13.5,1920,1080,0.029,1181.7,264.3
Round3,Q2,632,632.0,CYBERCX,0.8318,314.5,275.0,49.1,15.4,1920,1080,0.037,339.0,282.7
Round3,Q2,632,632.0,CYBERCX,0.8294,1270.0,259.6,45.8,14.8,1920,1080,0.033,1292.8,267.0
Round3,Q2,632,632.0,CYBERCX,0.8294,1102.6,256.0,46.5,14.7,1920,1080,0.033,1125.8,263.4
Round3,Q2,632,632.0,CYBERCX,0.8285,127.5,288.9,49.3,15.4,1920,1080,0.037,152.1,296.7
Round3,Q2,632,632.0,CYBERCX,0.8259,603.9,262.3,46.8,14.1,1920,1080,0.032,627.3,269.3
Round3,Q2,632,632.0,CYBERCX,0.8249,1731.4,282.5,49.3,16.5,1920,1080,0.039,1756.1,290.8
Round3,Q2,632,632.0,CYBERCX,0.8248,1857.1,215.9,40.7,14.2,1920,1080,0.028,1877.4,223.0
Round3,Q2,632,632.0,CYBERCX,0.8231,1553.6,271.0,46.7,15.3,1920,1080,0.034,1576.9,278.6
Round3,Q2,632,632.0,CYBERCX,0.8231,548.2,264.2,46.4,14.9,1920,1080,0.033,571.4,271.6
Round3,Q2,632,632.0,CYBERCX,0.8214,446.0,196.6,37.1,13.2,1920,1080,0.024,464.5,203.2
Round3,Q2,632,632.0,CYBERCX,0.819,1572.2,200.3,38.2,13.4,1920,1080,0.025,1591.3,207.0
Round3,Q2,632,632.0,CYBERCX,0.8168,1759.0,210.1,39.4,13.8,1920,1080,0.026,1778.7,217.0
Round3,Q2,632,632.0,CYBERCX,0.8159,755.6,187.7,35.4,11.8,1920,1080,0.02,773.3,193.6
Round3,Q2,632,632.0,CYBERCX,0.8142,660.7,260.3,45.7,13.7,1920,1080,0.03,683.5,267.2
Round3,Q2,632,632.0,CYBERCX,0.8135,1665.0,204.8,37.6,13.0,1920,1080,0.024,1683.8,211.3
Round3,Q2,632,632.0,CYBERCX,0.8102,1393.0,193.7,35.5,12.1,1920,1080,0.021,1410.8,199.7
Round3,Q2,632,632.0,CYBERCX,0.8035,1617.6,202.5,37.9,12.9,1920,1080,0.024,1636.6,208.9
Round3,Q2,632,632.0,CYBERCX,0.8027,827.7,256.1,43.8,14.7,1920,1080,0.031,849.6,263.4
Round3,Q2,632,632.0,CYBERCX,0.7985,8.8,218.8,44.6,14.4,1920,1080,0.031,31.1,226.0
Round3,Q2,632,632.0,CYBERCX,0.7956,400.2,199.3,37.2,12.7,1920,1080,0.023,418.8,205.6
Round3,Q2,632,632.0,CYBERCX,0.7927,1.0,299.3,50.8,16.3,1920,1080,0.04,26.4,307.5
Round3,Q2,632,632.0,CYBERCX,0.7925,1437.1,194.9,37.0,13.4,1920,1080,0.024,1455.6,201.6
Round3,Q2,632,632.0,CYBERCX,0.7877,1807.4,212.9,39.9,13.8,1920,1080,0.027,1827.3,219.8
Round3,Q2,632,632.0,CYBERCX,0.7868,163.8,211.2,39.7,12.9,1920,1080,0.025,183.6,217.7
Round3,Q2,632,632.0,CYBERCX,0.7835,1526.3,198.7,38.2,13.5,1920,1080,0.025,1545.4,205.5
Round3,Q2,632,632.0,CYBERCX,0.7812,1673.9,278.6,47.4,16.1,1920,1080,0.037,1697.6,286.7
Round3,Q2,632,632.0,CYBERCX,0.7786,1305.1,190.0,35.3,12.9,1920,1080,0.022,1322.7,196.4
Round3,Q2,632,632.0,CYBERCX,0.7772,1048.1,255.7,44.7,13.9,1920,1080,0.03,1070.5,262.7
Round3,Q2,632,632.0,CYBERCX,0.7762,883.0,255.4,44.4,13.8,1920,1080,0.03,905.1,262.3
Round3,Q2,632,632.0,CYBERCX,0.7724,1173.9,187.6,36.0,12.4,1920,1080,0.022,1191.9,193.8
Round3,Q2,632,632.0,CYBERCX,0.7704,254.1,278.1,49.7,16.1,1920,1080,0.039,278.9,286.1
Round3,Q2,632,632.0,CYBERCX,0.7666,212.5,207.7,38.5,13.3,1920,1080,0.025,231.7,214.4
Round3,Q2,632,632.0,CYBERCX,0.7636,1130.5,187.5,36.0,11.7,1920,1080,0.02,1148.5,193.4
Round3,Q2,632,632.0,CYBERCX,0.7594,1325.3,260.7,46.5,14.8,1920,1080,0.033,1348.6,268.2
Round3,Q2,632,632.0,CYBERCX,0.7585,307.1,202.8,38.9,13.4,1920,1080,0.025,326.6,209.5
Round3,Q2,632,632.0,CYBERCX,0.7579,432.1,269.5,50.9,14.3,1920,1080,0.035,457.6,276.6
Round3,Q2,632,632.0,CYBERCX,0.7561,490.4,195.0,37.5,13.0,1920,1080,0.024,509.2,201.5
Round3,Q2,632,632.0,CYBERCX,0.7527,1217.0,188.3,36.0,12.0,1920,1080,0.021,1235.0,194.3
Round3,Q2,632,632.0,CYBERCX,0.7482,1348.3,191.6,36.3,12.2,1920,1080,0.021,1366.5,197.7
Round3,Q2,632,632.0,CYBERCX,0.7453,938.1,254.9,46.4,14.5,1920,1080,0.032,961.3,262.1
Round3,Q2,632,632.0,CYBERCX,0.7378,712.3,188.9,34.8,11.5,1920,1080,0.019,729.7,194.7
Round3,Q2,632,632.0,CYBERCX,0.7348,64.7,293.7,52.1,16.7,1920,1080,0.042,90.8,302.1
Round3,Q2,632,632.0,CYBERCX,0.7232,186.4,283.6,55.2,15.3,1920,1080,0.041,213.9,291.2
Round3,Q2,632,632.0,CYBERCX,0.7213,259.9,205.7,38.1,12.9,1920,1080,0.024,279.0,212.1
Round3,Q2,632,632.0,CYBERCX,0.7115,1087.5,186.4,35.8,12.0,1920,1080,0.021,1105.4,192.4
Round3,Q2,632,632.0,CYBERCX,0.7106,1711.6,207.9,39.1,13.1,1920,1080,0.025,1731.1,214.5
Round3,Q2,632,632.0,CYBERCX,0.7063,1214.6,257.5,46.1,15.1,1920,1080,0.034,1237.7,265.1
Round3,Q2,632,632.0,CYBERCX,0.7042,1905.9,217.4,14.1,14.7,1920,1080,0.01,1913.0,224.7
Round3,Q2,632,632.0,CYBERCX,0.7001,1001.8,185.7,35.0,11.8,1920,1080,0.02,1019.3,191.6
Round3,Q2,632,632.0,CYBERCX,0.6885,841.5,186.3,35.3,12.9,1920,1080,0.022,859.1,192.7
Round3,Q2,632,632.0,CYBERCX,0.6792,536.0,193.6,36.7,12.9,1920,1080,0.023,554.3,200.0
Round3,Q2,632,632.0,CYBERCX,0.677,491.1,266.8,46.4,14.6,1920,1080,0.033,514.3,274.1
Round3,Q2,632,632.0,CYBERCX,0.6741,668.6,189.4,36.0,12.2,1920,1080,0.021,686.6,195.5
Round3,Q2,632,632.0,CYBERCX,0.6688,625.1,190.7,35.5,12.3,1920,1080,0.021,642.9,196.8
Round3,Q2,632,632.0,CYBERCX,0.6554,800.1,187.2,33.7,12.1,1920,1080,0.02,816.9,193.2
Round3,Q2,632,632.0,CYBERCX,0.6486,772.6,257.2,44.8,13.9,1920,1080,0.03,795.0,264.2
Round3,Q2,632,632.0,CYBERCX,0.613,958.2,185.6,36.0,12.0,1920,1080,0.021,976.2,191.6
Round3,Q2,632,632.0,CYBERCX,0.5832,1261.5,189.0,35.8,12.5,1920,1080,0.022,1279.4,195.2
Round3,Q2,632,632.0,CYBERCX,0.5475,1609.7,273.7,57.3,15.0,1920,1080,0.042,1638.3,281.2
Round3,Q2,632,632.0,CYBERCX,0.5436,884.9,185.8,37.4,12.7,1920,1080,0.023,903.6,192.2
Round3,Q2,632,632.0,CYBERCX,0.5383,63.2,216.7,41.7,13.6,1920,1080,0.027,84.1,223.5
Round3,Q2,632,632.0,CYBERCX,0.476,1481.8,196.9,36.8,13.0,1920,1080,0.023,1500.2,203.4
Round3,Q2,632,632.0,CYBERCX,0.4503,1044.8,186.3,35.1,11.0,1920,1080,0.019,1062.4,191.8
Round3,Q2,632,632.0,CYBERCX,0.437,354.1,199.9,37.8,13.9,1920,1080,0.025,373.0,206.8
Round3,Q2,632,632.0,CYBERCX,0.4274,114.0,213.5,40.3,13.1,1920,1080,0.026,134.1,220.1
Round3,Q2,632,632.0,CYBERCX,0.3796,581.8,191.9,34.3,12.5,1920,1080,0.021,599.0,198.2
Round3,Q2,633,633.0,CYBERCX,0.8558,1472.6,286.3,47.4,15.4,1920,1080,0.035,1496.3,293.9
Round3,Q2,633,633.0,CYBERCX,0.8552,1529.2,288.9,50.1,15.9,1920,1080,0.038,1554.3,296.8
Round3,Q2,633,633.0,CYBERCX,0.8504,1658.7,223.2,38.2,13.3,1920,1080,0.025,1677.8,229.9
Round3,Q2,633,633.0,CYBERCX,0.8473,1078.5,276.4,45.0,14.7,1920,1080,0.032,1100.9,283.8
Round3,Q2,633,633.0,CYBERCX,0.8461,1304.1,280.6,44.3,14.5,1920,1080,0.031,1326.3,287.9
Round3,Q2,633,633.0,CYBERCX,0.843,338.3,295.1,48.8,14.7,1920,1080,0.035,362.7,302.5
Round3,Q2,633,633.0,CYBERCX,0.8425,286.2,223.7,39.0,13.5,1920,1080,0.025,305.7,230.5
Round3,Q2,633,633.0,CYBERCX,0.8422,798.6,277.5,46.1,14.4,1920,1080,0.032,821.7,284.7
Round3,Q2,633,633.0,CYBERCX,0.841,1834.0,308.7,52.0,16.4,1920,1080,0.041,1860.0,316.8
Round3,Q2,633,633.0,CYBERCX,0.839,397.9,291.8,48.8,14.8,1920,1080,0.035,422.3,299.2
Round3,Q2,633,633.0,CYBERCX,0.8369,457.5,289.0,46.7,14.4,1920,1080,0.033,480.8,296.2
Round3,Q2,633,633.0,CYBERCX,0.8364,1754.2,227.6,39.6,14.0,1920,1080,0.027,1773.9,234.6
Round3,Q2,633,633.0,CYBERCX,0.8342,1648.4,295.2,51.8,15.9,1920,1080,0.04,1674.3,303.2
Round3,Q2,633,633.0,CYBERCX,0.8339,1589.2,291.6,48.2,15.6,1920,1080,0.036,1613.3,299.4
Round3,Q2,633,633.0,CYBERCX,0.8315,686.6,280.3,46.4,14.1,1920,1080,0.032,709.8,287.3
Round3,Q2,633,633.0,CYBERCX,0.8241,1358.3,281.8,47.9,15.4,1920,1080,0.036,1382.2,289.5
Round3,Q2,633,633.0,CYBERCX,0.8214,1023.0,276.2,45.2,14.1,1920,1080,0.031,1045.6,283.2
Round3,Q2,633,633.0,CYBERCX,0.8175,1519.6,217.5,37.4,12.8,1920,1080,0.023,1538.3,223.9
Round3,Q2,633,633.0,CYBERCX,0.8174,1190.0,278.3,45.5,14.2,1920,1080,0.031,1212.7,285.4
Round3,Q2,633,633.0,CYBERCX,0.8101,1611.2,220.8,38.6,13.3,1920,1080,0.025,1630.5,227.5
Round3,Q2,633,633.0,CYBERCX,0.8046,1851.2,232.9,42.2,14.4,1920,1080,0.029,1872.3,240.1
Round3,Q2,633,633.0,CYBERCX,0.8034,238.2,226.6,39.4,12.9,1920,1080,0.025,258.0,233.1
Round3,Q2,633,633.0,CYBERCX,0.7938,1473.8,215.2,37.2,12.5,1920,1080,0.023,1492.4,221.5
Round3,Q2,633,633.0,CYBERCX,0.7918,630.3,282.4,46.5,13.9,1920,1080,0.031,653.5,289.3
Round3,Q2,633,633.0,CYBERCX,0.7852,22.6,318.7,52.4,15.8,1920,1080,0.04,48.8,326.6
Round3,Q2,633,633.0,CYBERCX,0.7848,1251.1,209.1,37.2,12.6,1920,1080,0.023,1269.6,215.4
Round3,Q2,633,633.0,CYBERCX,0.7846,742.6,278.6,46.4,14.4,1920,1080,0.032,765.8,285.7
Round3,Q2,633,633.0,CYBERCX,0.7835,333.6,222.1,38.3,12.9,1920,1080,0.024,352.7,228.5
Round3,Q2,633,633.0,CYBERCX,0.7835,1897.3,312.3,22.7,19.1,1920,1080,0.021,1908.6,321.8
Round3,Q2,633,633.0,CYBERCX,0.7833,608.7,212.0,36.6,12.2,1920,1080,0.021,627.0,218.0
Round3,Q2,633,633.0,CYBERCX,0.7802,514.2,286.5,48.8,14.5,1920,1080,0.034,538.6,293.8
Round3,Q2,633,633.0,CYBERCX,0.7798,1705.6,225.4,39.0,13.5,1920,1080,0.025,1725.0,232.1
Round3,Q2,633,633.0,CYBERCX,0.7794,1134.9,277.0,45.0,14.7,1920,1080,0.032,1157.4,284.4
Round3,Q2,633,633.0,CYBERCX,0.7742,563.6,212.7,37.3,12.7,1920,1080,0.023,582.2,219.1
Round3,Q2,633,633.0,CYBERCX,0.7733,150.6,307.9,50.3,15.1,1920,1080,0.037,175.7,315.4
Round3,Q2,633,633.0,CYBERCX,0.7729,212.5,302.5,50.6,15.4,1920,1080,0.038,237.8,310.2
Round3,Q2,633,633.0,CYBERCX,0.7606,473.5,216.1,37.1,12.7,1920,1080,0.023,492.1,222.4
Round3,Q2,633,633.0,CYBERCX,0.759,1428.5,213.5,37.5,12.8,1920,1080,0.023,1447.3,219.9
Round3,Q2,633,633.0,CYBERCX,0.7582,784.8,207.8,36.8,11.9,1920,1080,0.021,803.2,213.8
Round3,Q2,633,633.0,CYBERCX,0.7578,697.9,209.2,35.4,12.3,1920,1080,0.021,715.5,215.3
Round3,Q2,633,633.0,CYBERCX,0.7492,573.6,284.5,46.4,14.1,1920,1080,0.032,596.7,291.5
Round3,Q2,633,633.0,CYBERCX,0.7483,1415.4,284.5,47.5,14.3,1920,1080,0.033,1439.2,291.7
Round3,Q2,633,633.0,CYBERCX,0.7441,35.4,237.2,43.4,13.9,1920,1080,0.029,57.1,244.1
Round3,Q2,633,633.0,CYBERCX,0.7438,1384.1,212.0,36.7,13.3,1920,1080,0.023,1402.4,218.6
Round3,Q2,633,633.0,CYBERCX,0.7436,911.8,276.1,44.9,14.2,1920,1080,0.031,934.3,283.2
Round3,Q2,633,633.0,CYBERCX,0.7392,1904.0,234.5,15.9,14.6,1920,1080,0.011,1911.9,241.8
Round3,Q2,633,633.0,CYBERCX,0.738,1033.5,206.4,34.6,11.7,1920,1080,0.02,1050.8,212.2
Round3,Q2,633,633.0,CYBERCX,0.7376,139.5,231.4,39.9,13.8,1920,1080,0.026,159.5,238.2
Round3,Q2,633,633.0,CYBERCX,0.7321,276.9,298.0,50.3,15.4,1920,1080,0.037,302.0,305.7
Round3,Q2,633,633.0,CYBERCX,0.7236,1207.3,208.5,36.9,12.2,1920,1080,0.022,1225.8,214.6
Round3,Q2,633,633.0,CYBERCX,0.7213,87.0,313.0,53.4,16.6,1920,1080,0.043,113.8,321.3
Round3,Q2,633,633.0,CYBERCX,0.7128,1245.2,279.2,47.7,14.7,1920,1080,0.034,1269.0,286.6
Round3,Q2,633,633.0,CYBERCX,0.7125,1295.3,210.1,36.9,12.2,1920,1080,0.022,1313.7,216.2
Round3,Q2,633,633.0,CYBERCX,0.7079,1771.4,303.6,51.0,16.1,1920,1080,0.039,1796.9,311.6
Round3,Q2,633,633.0,CYBERCX,0.7029,1076.8,206.3,35.6,12.8,1920,1080,0.022,1094.6,212.6
Round3,Q2,633,633.0,CYBERCX,0.7006,1163.7,207.8,36.0,12.6,1920,1080,0.022,1181.7,214.1
Round3,Q2,633,633.0,CYBERCX,0.6906,829.0,207.3,34.3,11.6,1920,1080,0.019,846.2,213.1
Round3,Q2,633,633.0,CYBERCX,0.6852,519.8,214.3,35.6,12.6,1920,1080,0.022,537.6,220.6
Round3,Q2,633,633.0,CYBERCX,0.6846,381.1,219.8,37.0,12.9,1920,1080,0.023,399.6,226.2
Round3,Q2,633,633.0,CYBERCX,0.6833,0.0,239.5,24.7,14.6,1920,1080,0.017,12.3,246.8
Round3,Q2,633,633.0,CYBERCX,0.678,741.3,208.8,36.3,11.6,1920,1080,0.02,759.5,214.6
Round3,Q2,633,633.0,CYBERCX,0.6675,915.6,205.9,35.9,12.2,1920,1080,0.021,933.6,212.0
Round3,Q2,633,633.0,CYBERCX,0.656,1564.9,219.7,38.0,12.8,1920,1080,0.023,1583.8,226.1
Round3,Q2,633,633.0,CYBERCX,0.6494,88.9,234.3,41.0,13.2,1920,1080,0.026,109.4,240.9
Round3,Q2,633,633.0,CYBERCX,0.6492,989.6,206.4,35.2,12.1,1920,1080,0.02,1007.2,212.4
Round3,Q2,633,633.0,CYBERCX,0.6188,968.4,276.1,43.5,14.1,1920,1080,0.029,990.1,283.1
Round3,Q2,633,633.0,CYBERCX,0.5803,1339.9,210.9,36.9,12.8,1920,1080,0.023,1358.4,217.3
Round3,Q2,633,633.0,CYBERCX,0.5755,189.3,229.1,40.3,13.8,1920,1080,0.027,209.4,236.0
Round3,Q2,633,633.0,CYBERCX,0.5137,427.2,217.9,38.0,12.7,1920,1080,0.023,446.2,224.2
Round3,Q2,633,633.0,CYBERCX,0.5112,855.3,276.8,46.8,13.7,1920,1080,0.031,878.7,283.6
Round3,Q2,633,633.0,CYBERCX,0.5082,654.0,210.6,35.6,11.7,1920,1080,0.02,671.8,216.4
Round3,Q2,633,633.0,CYBERCX,0.5066,1710.7,298.9,49.9,16.2,1920,1080,0.039,1735.7,307.0
Round3,Q2,633,633.0,CYBERCX,0.4952,1803.5,230.6,40.3,13.9,1920,1080,0.027,1823.6,237.5
Round3,Q2,633,633.0,CYBERCX,0.4702,872.1,206.7,35.8,12.1,1920,1080,0.021,890.0,212.7
Round3,Q2,633,633.0,CYBERCX,0.441,0.0,322.1,9.9,14.9,1920,1080,0.007,5.0,329.5
Round3,Q2,633,633.0,CYBERCX,0.3568,1608.5,107.9,28.5,11.3,1920,1080,0.016,1622.8,113.5
Round3,Q2,633,633.0,CYBERCX,0.318,303.3,108.4,29.8,11.7,1920,1080,0.017,318.2,114.3
Round3,Q2,638,638.0,EMIRATES,0.8678,1119.6,437.0,26.6,12.5,1920,1080,0.016,1132.9,443.3
Round3,Q2,638,638.0,EMIRATES,0.8488,1749.1,360.6,36.3,12.0,1920,1080,0.021,1767.2,366.6
Round3,Q2,640,640.0,EMIRATES,0.8235,913.3,359.0,29.2,13.4,1920,1080,0.019,927.9,365.7
Round3,Q2,641,641.0,EMIRATES,0.8895,874.9,323.6,45.9,18.3,1920,1080,0.04,897.8,332.7
Round3,Q2,642,642.0,EMIRATES,0.8955,800.4,246.7,39.8,24.0,1920,1080,0.046,820.3,258.7
Round3,Q2,648,648.0,EMIRATES,0.3671,0.2,397.9,171.9,42.9,1920,1080,0.356,86.2,419.4
Round3,Q2,658,658.0,EMIRATES,0.4273,848.8,398.1,43.0,15.5,1920,1080,0.032,870.3,405.8
Round3,Q2,662,662.0,EMIRATES,0.8377,881.3,195.1,52.3,13.2,1920,1080,0.033,907.5,201.7
Round3,Q2,662,662.0,EMIRATES,0.8258,1864.9,323.9,54.9,27.2,1920,1080,0.072,1892.3,337.5
Round3,Q2,664,664.0,BOWENS,0.694,33.6,3.4,444.8,157.3,1920,1080,3.375,256.0,82.0
Round3,Q2,664,664.0,EMIRATES,0.3515,786.9,346.2,22.6,18.1,1920,1080,0.02,798.2,355.2
Round3,Q2,664,664.0,EMIRATES,0.3207,1370.6,454.0,22.9,15.5,1920,1080,0.017,1382.1,461.7
Round3,Q2,665,665.0,EMIRATES,0.8382,1286.6,484.9,44.3,19.4,1920,1080,0.041,1308.7,494.6
Round3,Q2,665,665.0,BOWENS,0.4595,1246.5,1.3,654.9,120.0,1920,1080,3.79,1574.0,61.3
Round3,Q2,666,666.0,EMIRATES,0.6544,631.3,398.9,43.4,18.7,1920,1080,0.039,653.0,408.3
Round3,Q2,667,667.0,EMIRATES,0.8814,1074.0,623.8,46.1,20.7,1920,1080,0.046,1097.0,634.2
Round3,Q2,667,667.0,EMIRATES,0.8707,1050.8,413.5,32.4,14.2,1920,1080,0.022,1067.0,420.6
Round3,Q2,668,668.0,EMIRATES,0.8924,929.8,380.8,46.5,17.5,1920,1080,0.039,953.1,389.6
Round3,Q2,669,669.0,BOWENS,0.9054,353.8,410.2,151.2,40.1,1920,1080,0.293,429.4,430.3
Round3,Q2,669,669.0,BOWENS,0.9036,1571.6,230.8,149.8,38.0,1920,1080,0.274,1646.5,249.8
Round3,Q2,669,669.0,BOWENS,0.8843,803.9,200.3,144.3,36.2,1920,1080,0.252,876.1,218.4
Round3,Q2,669,669.0,BOWENS,0.8822,1189.2,462.5,142.1,49.2,1920,1080,0.337,1260.2,487.2
Round3,Q2,669,669.0,BOWENS,0.8683,0.0,164.4,142.9,40.2,1920,1080,0.277,71.5,184.5
Round3,Q2,670,670.0,BOWENS,0.9114,965.4,207.4,136.8,33.4,1920,1080,0.22,1033.8,224.1
Round3,Q2,670,670.0,BOWENS,0.9049,223.0,182.1,147.5,31.6,1920,1080,0.225,296.8,197.9
Round3,Q2,670,670.0,BOWENS,0.8928,557.3,403.1,144.2,37.0,1920,1080,0.258,629.4,421.6
Round3,Q2,670,670.0,BOWENS,0.8731,1686.5,234.0,144.0,35.4,1920,1080,0.246,1758.4,251.7
Round3,Q2,670,670.0,BOWENS,0.8695,1333.9,453.5,126.5,43.8,1920,1080,0.267,1397.2,475.4
Round3,Q2,671,671.0,EMIRATES,0.8788,1211.9,121.5,45.9,15.0,1920,1080,0.033,1234.9,129.0
Round3,Q2,672,672.0,EMIRATES,0.9006,1278.5,45.6,49.6,16.5,1920,1080,0.039,1303.3,53.8
Round3,Q2,673,673.0,EMIRATES,0.8721,1067.9,46.3,65.9,19.1,1920,1080,0.061,1100.8,55.9
Round3,Q2,673,673.0,EMIRATES,0.5619,1505.3,193.7,47.6,22.1,1920,1080,0.051,1529.1,204.7
Round3,Q2,673,673.0,EMIRATES,0.3495,974.5,608.9,61.8,46.5,1920,1080,0.139,1005.4,632.2
Round3,Q2,676,676.0,EMIRATES,0.7393,1116.0,275.7,111.0,173.6,1920,1080,0.929,1171.4,362.5
Round3,Q2,677,677.0,EMIRATES,0.7932,1030.0,266.9,143.3,82.3,1920,1080,0.569,1101.6,308.1
Round3,Q2,678,678.0,EMIRATES,0.8732,948.7,83.8,51.3,33.5,1920,1080,0.083,974.3,100.5
Round3,Q2,679,679.0,EMIRATES,0.8788,683.1,174.5,44.4,33.6,1920,1080,0.072,705.3,191.3
Round3,Q2,679,679.0,EMIRATES,0.7588,894.8,94.6,49.3,36.0,1920,1080,0.086,919.5,112.6
Round3,Q2,680,680.0,EMIRATES,0.8854,672.9,178.5,50.8,26.9,1920,1080,0.066,698.3,192.0
Round3,Q2,680,680.0,EMIRATES,0.8768,194.0,72.6,81.7,23.4,1920,1080,0.092,234.8,84.3
Round3,Q2,681,681.0,EMIRATES,0.881,522.2,225.8,40.7,25.6,1920,1080,0.05,542.5,238.6
Round3,Q2,681,681.0,EMIRATES,0.867,741.6,120.1,61.2,21.0,1920,1080,0.062,772.2,130.6
Round3,Q2,682,682.0,EMIRATES,0.8828,376.2,270.3,48.4,16.2,1920,1080,0.038,400.4,278.4
Round3,Q2,682,682.0,EMIRATES,0.875,939.3,315.5,45.3,14.9,1920,1080,0.033,962.0,323.0
Round3,Q2,683,683.0,EMIRATES,0.8835,228.9,309.6,48.1,25.8,1920,1080,0.06,252.9,322.5
Round3,Q2,683,683.0,EMIRATES,0.88,893.4,359.3,50.4,15.5,1920,1080,0.038,918.6,367.1
Round3,Q2,684,684.0,EMIRATES,0.8793,705.8,396.2,47.2,14.2,1920,1080,0.032,729.4,403.3
Round3,Q2,685,685.0,EMIRATES,0.8026,767.4,375.4,30.8,12.5,1920,1080,0.019,782.8,381.7
Round3,Q2,685,685.0,EMIRATES,0.7865,1706.4,986.2,56.6,12.6,1920,1080,0.034,1734.7,992.5
Round3,Q2,686,686.0,EMIRATES,0.8713,1050.0,444.0,42.7,15.1,1920,1080,0.031,1071.3,451.6
Round3,Q2,686,686.0,EMIRATES,0.8568,245.0,471.1,43.5,19.2,1920,1080,0.04,266.8,480.7
Round3,Q2,687,687.0,EMIRATES,0.8865,348.6,358.0,44.4,15.6,1920,1080,0.033,370.8,365.8
Round3,Q2,687,687.0,EMIRATES,0.757,1289.8,305.7,30.4,17.7,1920,1080,0.026,1305.0,314.5
Round3,Q2,687,687.0,EMIRATES,0.3224,1758.6,281.7,43.1,14.1,1920,1080,0.029,1780.1,288.8
Round3,Q2,688,688.0,EMIRATES,0.8822,1344.4,745.6,67.1,21.1,1920,1080,0.068,1378.0,756.2
Round3,Q2,688,688.0,EMIRATES,0.8777,55.3,238.9,48.9,18.0,1920,1080,0.043,79.8,247.9
Round3,Q2,688,688.0,EMIRATES,0.7618,938.6,342.6,54.4,22.0,1920,1080,0.058,965.8,353.7
Round3,Q2,688,688.0,EMIRATES,0.7387,303.5,316.4,38.9,14.7,1920,1080,0.028,322.9,323.7
Round3,Q2,689,689.0,BOWENS,0.8865,158.0,341.1,214.8,48.6,1920,1080,0.504,265.4,365.4
Round3,Q2,689,689.0,BOWENS,0.8794,1331.5,367.1,208.9,49.0,1920,1080,0.494,1435.9,391.6
Round3,Q2,689,689.0,BOWENS,0.874,932.1,70.8,202.4,43.0,1920,1080,0.42,1033.2,92.3
Round3,Q2,689,689.0,BOWENS,0.8486,0.0,42.0,94.1,44.9,1920,1080,0.204,47.0,64.4
Round3,Q2,691,691.0,BOWENS,0.9093,472.0,237.5,182.2,45.3,1920,1080,0.398,563.1,260.2
Round3,Q2,691,691.0,BOWENS,0.8896,1572.4,242.7,186.7,44.9,1920,1080,0.404,1665.8,265.1
Round3,Q2,691,691.0,BOWENS,0.8725,1183.7,241.4,189.8,46.0,1920,1080,0.421,1278.6,264.4
Round3,Q2,691,691.0,BOWENS,0.8709,857.3,240.1,186.3,45.2,1920,1080,0.406,950.4,262.7
Round3,Q2,691,691.0,BOWENS,0.8645,73.9,235.2,187.0,46.4,1920,1080,0.418,167.4,258.3
Round3,Q2,693,693.0,BOWENS,0.9099,105.8,204.8,182.3,41.0,1920,1080,0.361,197.0,225.3
Round3,Q2,693,693.0,BOWENS,0.8915,1084.9,209.5,160.3,38.7,1920,1080,0.299,1165.1,228.8
Round3,Q2,693,693.0,BOWENS,0.8875,1710.1,209.6,168.2,39.2,1920,1080,0.318,1794.2,229.3
Round3,Q2,693,693.0,BOWENS,0.8868,750.1,209.0,161.0,38.8,1920,1080,0.302,830.6,228.4
Round3,Q2,693,693.0,BOWENS,0.8855,414.3,206.8,162.3,40.4,1920,1080,0.316,495.5,227.0
Round3,Q2,693,693.0,BOWENS,0.8712,1363.2,210.5,169.9,39.1,1920,1080,0.32,1448.1,230.0
Round3,Q2,698,698.0,EMIRATES,0.64,769.0,765.4,52.8,48.5,1920,1080,0.123,795.4,789.6
Round3,Q2,712,712.0,EMIRATES,0.4182,1878.2,1009.2,41.8,61.8,1920,1080,0.124,1899.1,1040.1
Round3,Q2,713,713.0,EMIRATES,0.8689,1440.9,528.2,150.5,47.1,1920,1080,0.342,1516.1,551.8
Round3,Q2,714,714.0,EMIRATES,0.8852,174.7,507.4,157.9,53.8,1920,1080,0.41,253.7,534.4
Round3,Q2,718,718.0,EMIRATES,0.8796,1438.0,238.4,116.9,33.8,1920,1080,0.191,1496.4,255.3
Round3,Q2,719,719.0,EMIRATES,0.9066,1220.6,244.5,109.8,32.1,1920,1080,0.17,1275.5,260.6
Round3,Q2,720,720.0,EMIRATES,0.8795,961.0,313.3,105.3,34.3,1920,1080,0.174,1013.6,330.5
Round3,Q2,721,721.0,EMIRATES,0.51,510.0,455.6,47.1,40.5,1920,1080,0.092,533.6,475.9
Round3,Q2,737,737.0,EMIRATES,0.77,400.3,729.8,21.8,10.9,1920,1080,0.012,411.2,735.3
Round3,Q2,737,737.0,EMIRATES,0.4908,1393.5,728.3,26.7,9.7,1920,1080,0.013,1406.8,733.1
Round3,Q2,737,737.0,EMIRATES,0.4704,68.3,728.8,18.5,9.2,1920,1080,0.008,77.5,733.4
Round3,Q2,738,738.0,EMIRATES,0.4442,1355.6,739.1,22.1,7.8,1920,1080,0.008,1366.6,743.0
Round3,Q2,753,753.0,EMIRATES,0.4672,544.7,1049.6,129.4,30.4,1920,1080,0.19,609.4,1064.8
Round3,Q2,780,780.0,BOWENS,0.889,624.4,184.2,178.9,37.5,1920,1080,0.323,713.8,203.0
Round3,Q2,780,780.0,BOWENS,0.8794,851.3,437.0,180.8,40.2,1920,1080,0.351,941.7,457.1
Round3,Q2,780,780.0,BOWENS,0.8689,1518.8,196.2,186.7,38.3,1920,1080,0.345,1612.2,215.4
Round3,Q2,780,780.0,BOWENS,0.5085,1887.3,457.4,32.6,44.1,1920,1080,0.069,1903.6,479.4
Round3,Q2,781,781.0,BOWENS,0.7276,497.2,91.0,96.4,34.0,1920,1080,0.158,545.4,108.0
Round3,Q2,781,781.0,BOWENS,0.5918,236.2,337.7,99.5,39.6,1920,1080,0.19,286.0,357.5
Round3,Q2,781,781.0,BOWENS,0.365,194.5,85.0,64.1,34.7,1920,1080,0.107,226.6,102.4
Round3,Q2,781,781.0,BOWENS,0.3533,790.9,95.2,94.1,33.5,1920,1080,0.152,838.0,112.0
Round3,Q2,781,781.0,BOWENS,0.3417,891.0,340.9,63.9,38.6,1920,1080,0.119,923.0,360.2
Round3,Q2,781,781.0,BOWENS,0.3081,1236.0,343.4,95.0,38.5,1920,1080,0.176,1283.6,362.6
Round3,Q2,782,782.0,BOWENS,0.9026,146.1,191.0,201.3,46.6,1920,1080,0.453,246.8,214.3
Round3,Q2,782,782.0,BOWENS,0.8963,1703.6,196.5,190.1,46.2,1920,1080,0.423,1798.6,219.6
Round3,Q2,782,782.0,BOWENS,0.8893,565.8,194.1,183.1,45.9,1920,1080,0.405,657.4,217.0
Round3,Q2,782,782.0,BOWENS,0.8716,963.2,195.9,184.2,45.5,1920,1080,0.404,1055.3,218.7
Round3,Q2,782,782.0,BOWENS,0.8587,1295.8,197.5,192.1,45.3,1920,1080,0.42,1391.9,220.1
Round3,Q2,783,783.0,BOWENS,0.9026,522.0,185.2,168.5,41.6,1920,1080,0.338,606.3,205.9
Round3,Q2,783,783.0,BOWENS,0.902,881.1,186.5,170.3,42.5,1920,1080,0.349,966.2,207.7
Round3,Q2,783,783.0,BOWENS,0.8935,1543.5,188.9,173.4,40.6,1920,1080,0.34,1630.3,209.3
Round3,Q2,783,783.0,BOWENS,0.8881,151.4,182.4,182.6,40.8,1920,1080,0.359,242.7,202.8
Round3,Q2,783,783.0,BOWENS,0.8724,1188.4,188.8,165.8,39.4,1920,1080,0.315,1271.3,208.5
Round3,Q2,784,784.0,BOWENS,0.9048,43.4,229.0,167.5,39.5,1920,1080,0.319,127.2,248.8
Round3,Q2,784,784.0,BOWENS,0.8962,1288.8,232.5,152.0,36.4,1920,1080,0.267,1364.9,250.6
Round3,Q2,784,784.0,BOWENS,0.8865,381.9,230.5,161.3,37.9,1920,1080,0.295,462.5,249.4
Round3,Q2,784,784.0,BOWENS,0.8855,1462.7,4.5,154.7,33.2,1920,1080,0.248,1540.0,21.1
Round3,Q2,784,784.0,BOWENS,0.8853,657.8,231.1,153.0,39.1,1920,1080,0.289,734.3,250.6
Round3,Q2,784,784.0,BOWENS,0.885,1560.0,232.6,159.8,36.4,1920,1080,0.28,1639.9,250.8
Round3,Q2,784,784.0,BOWENS,0.884,1194.8,7.5,151.6,30.6,1920,1080,0.224,1270.6,22.8
Round3,Q2,784,784.0,BOWENS,0.8837,970.6,231.9,151.7,37.5,1920,1080,0.275,1046.5,250.7
Round3,Q2,784,784.0,BOWENS,0.8832,667.6,5.9,153.1,31.9,1920,1080,0.235,744.2,21.8
Round3,Q2,784,784.0,BOWENS,0.883,294.3,3.0,159.8,29.6,1920,1080,0.229,374.2,17.8
Round3,Q2,784,784.0,BOWENS,0.8736,932.5,7.3,150.0,30.7,1920,1080,0.222,1007.5,22.7
Round3,Q2,784,784.0,BOWENS,0.8693,1739.5,2.8,160.6,29.4,1920,1080,0.228,1819.8,17.5
Round3,Q2,784,784.0,BOWENS,0.8254,3.7,0.0,171.4,26.9,1920,1080,0.222,89.3,13.4
Round3,Q2,784,784.0,BOWENS,0.611,1893.1,231.6,26.8,38.5,1920,1080,0.05,1906.5,250.8
Round3,Q2,789,789.0,EMIRATES,0.4684,1909.8,339.5,10.2,17.4,1920,1080,0.009,1914.9,348.2
Round3,Q2,795,795.0,EMIRATES,0.6536,1007.9,890.8,21.4,7.6,1920,1080,0.008,1018.6,894.6
Round3,Q2,797,797.0,EMIRATES,0.8355,580.6,623.7,19.6,9.3,1920,1080,0.009,590.3,628.3
Round3,Q2,798,798.0,EMIRATES,0.8481,308.1,698.6,21.3,12.9,1920,1080,0.013,318.8,705.1
Round3,Q2,799,799.0,EMIRATES,0.8901,345.5,319.2,32.0,13.6,1920,1080,0.021,361.5,325.9
Round3,Q2,801,801.0,EMIRATES,0.6034,402.2,269.7,33.5,17.1,1920,1080,0.028,419.0,278.2
Round3,Q2,803,803.0,EMIRATES,0.4736,410.5,339.6,26.4,14.4,1920,1080,0.018,423.7,346.8
Round3,Q2,803,803.0,EMIRATES,0.3162,924.6,519.5,20.7,13.1,1920,1080,0.013,935.0,526.0
Round3,Q2,804,804.0,EMIRATES,0.5591,590.8,607.1,19.5,15.3,1920,1080,0.014,600.5,614.7
Round3,Q2,806,806.0,EMIRATES,0.7727,140.1,439.5,29.9,18.4,1920,1080,0.027,155.1,448.7
Round3,Q2,813,813.0,EMIRATES,0.8983,872.8,401.3,37.7,14.2,1920,1080,0.026,891.7,408.4
Round3,Q2,813,813.0,EMIRATES,0.8289,1192.2,644.1,46.7,18.7,1920,1080,0.042,1215.5,653.5
Round3,Q2,821,821.0,EMIRATES,0.8768,671.1,404.7,49.7,20.2,1920,1080,0.048,695.9,414.8
Round3,Q2,821,821.0,EMIRATES,0.8179,1696.1,621.0,54.4,17.1,1920,1080,0.045,1723.3,629.5
Round3,Q2,822,822.0,EMIRATES,0.8898,480.6,330.2,56.5,21.9,1920,1080,0.06,508.9,341.1
Round3,Q2,824,824.0,EMIRATES,0.8664,1079.6,438.2,41.4,17.4,1920,1080,0.035,1100.3,447.0
Round3,Q2,824,824.0,EMIRATES,0.8541,21.9,518.1,36.0,26.0,1920,1080,0.045,39.9,531.1
Round3,Q2,831,831.0,EMIRATES,0.8791,1058.0,1035.9,79.2,25.6,1920,1080,0.098,1097.6,1048.7
Round3,Q2,833,833.0,EMIRATES,0.8913,1503.3,967.3,51.3,27.3,1920,1080,0.067,1529.0,981.0
Round3,Q2,835,835.0,EMIRATES,0.6156,1313.3,826.7,36.1,26.9,1920,1080,0.047,1331.4,840.1
Round3,Q2,835,835.0,EMIRATES,0.415,248.7,448.8,36.6,10.6,1920,1080,0.019,267.0,454.1
Round3,Q2,844,844.0,EMIRATES,0.8269,165.2,886.7,83.9,18.7,1920,1080,0.076,207.2,896.1
Round3,Q2,844,844.0,CYBERCX,0.3477,482.2,12.3,148.4,120.0,1920,1080,0.859,556.4,72.3
Round3,Q2,847,847.0,CYBERCX,0.3765,470.3,12.0,146.4,106.2,1920,1080,0.75,543.5,65.1
Round3,Q2,864,864.0,EMIRATES,0.9055,1001.8,329.7,53.4,21.0,1920,1080,0.054,1028.5,340.2
Round3,Q2,875,875.0,ACCESS_COVERS,0.6752,630.3,330.7,81.8,22.7,1920,1080,0.09,671.1,342.0
Round3,Q2,875,875.0,ACCESS_COVERS,0.651,283.9,221.8,90.2,19.6,1920,1080,0.085,329.1,231.6
Round3,Q2,875,875.0,ACCESS_COVERS,0.579,1025.2,304.8,79.1,16.9,1920,1080,0.065,1064.8,313.2
Round3,Q2,875,875.0,ACCESS_COVERS,0.5701,395.5,357.6,97.0,27.8,1920,1080,0.13,444.0,371.4
Round3,Q2,876,876.0,ACCESS_COVERS,0.3303,1376.0,366.4,121.4,17.2,1920,1080,0.101,1436.7,375.0
Round3,Q2,877,877.0,CRUSADER_CARAVANS,0.6425,295.7,123.3,111.5,25.0,1920,1080,0.134,351.5,135.8
Round3,Q2,877,877.0,CRUSADER_CARAVANS,0.5,535.8,146.6,102.8,21.1,1920,1080,0.105,587.2,157.1
Round3,Q2,877,877.0,CRUSADER_CARAVANS,0.3106,422.4,137.8,100.2,20.5,1920,1080,0.099,472.5,148.1
Round3,Q2,878,878.0,CRUSADER_CARAVANS,0.374,1034.2,75.1,124.3,23.0,1920,1080,0.138,1096.3,86.6
Round3,Q2,878,878.0,CRUSADER_CARAVANS,0.3339,1182.9,80.3,131.5,22.4,1920,1080,0.142,1248.7,91.5
Round3,Q2,879,879.0,EMIRATES,0.8746,876.0,532.1,46.6,22.7,1920,1080,0.051,899.4,543.4
Round3,Q2,879,879.0,EMIRATES,0.8705,463.8,559.4,51.3,21.8,1920,1080,0.054,489.4,570.3
Round3,Q2,880,880.0,EMIRATES,0.8773,59.2,506.6,33.9,24.8,1920,1080,0.041,76.1,519.0
Round3,Q2,880,880.0,EMIRATES,0.8734,212.8,477.5,30.1,20.7,1920,1080,0.03,227.8,487.8
Round3,Q2,880,880.0,EMIRATES,0.8277,762.9,447.0,48.6,22.2,1920,1080,0.052,787.2,458.1
Round3,Q2,880,880.0,EMIRATES,0.7996,858.8,411.1,49.8,15.1,1920,1080,0.036,883.7,418.7
Round3,Q2,881,881.0,EMIRATES,0.8609,987.0,306.8,51.1,22.2,1920,1080,0.055,1012.6,317.9
Round3,Q2,881,881.0,EMIRATES,0.8393,0.0,790.0,21.1,16.1,1920,1080,0.016,10.5,798.1
Round3,Q2,881,881.0,EMIRATES,0.8122,862.5,301.7,41.5,18.8,1920,1080,0.038,883.3,311.1
Round3,Q2,881,881.0,EMIRATES,0.6318,439.0,1060.0,117.2,20.0,1920,1080,0.113,497.6,1070.0
Round3,Q2,881,881.0,EMIRATES,0.5918,1228.7,323.9,26.6,15.1,1920,1080,0.019,1242.0,331.5
Round3,Q2,884,884.0,EMIRATES,0.8686,883.9,1062.1,66.5,17.5,1920,1080,0.056,917.1,1070.9
Round3,Q2,884,884.0,EMIRATES,0.8664,846.8,531.7,58.7,18.8,1920,1080,0.053,876.2,541.1
Round3,Q2,885,885.0,ACCESS_COVERS,0.3241,3.6,378.2,175.4,45.5,1920,1080,0.385,91.3,401.0
Round3,Q2,889,889.0,ACCESS_COVERS,0.368,0.0,96.3,57.4,30.3,1920,1080,0.084,28.8,111.5
Round3,Q2,890,890.0,ACCESS_COVERS,0.4924,235.4,43.4,212.3,27.8,1920,1080,0.285,341.5,57.3
Round3,Q2,890,890.0,ACCESS_COVERS,0.4595,1342.0,21.2,184.9,25.3,1920,1080,0.226,1434.5,33.9
Round3,Q2,890,890.0,ACCESS_COVERS,0.3973,788.0,36.1,202.0,26.5,1920,1080,0.258,889.0,49.3
Round3,Q2,891,891.0,ACCESS_COVERS,0.6375,0.0,19.0,53.5,25.7,1920,1080,0.066,26.8,31.8
Round3,Q2,892,892.0,ACCESS_COVERS,0.7568,927.6,44.0,186.3,23.9,1920,1080,0.214,1020.7,55.9
Round3,Q2,892,892.0,ACCESS_COVERS,0.6187,1367.0,35.3,203.0,21.3,1920,1080,0.209,1468.5,46.0
Round3,Q2,892,892.0,ACCESS_COVERS,0.476,0.2,234.8,128.5,31.7,1920,1080,0.196,64.4,250.7
Round3,Q2,892,892.0,ACCESS_COVERS,0.37,464.6,50.8,201.7,22.7,1920,1080,0.221,565.4,62.2
Round3,Q2,893,893.0,ACCESS_COVERS,0.6356,1598.9,96.2,195.3,22.5,1920,1080,0.212,1696.6,107.5
Round3,Q2,894,894.0,CRUSADER_CARAVANS,0.7503,666.1,220.2,204.9,22.8,1920,1080,0.225,768.6,231.6
Round3,Q2,894,894.0,CRUSADER_CARAVANS,0.7143,0.0,394.8,252.2,27.3,1920,1080,0.332,126.1,408.5
Round3,Q2,894,894.0,CRUSADER_CARAVANS,0.6979,1663.7,210.9,218.9,22.0,1920,1080,0.233,1773.2,221.9
Round3,Q2,894,894.0,CRUSADER_CARAVANS,0.6172,185.9,223.8,217.5,21.7,1920,1080,0.227,294.6,234.6
Round3,Q2,894,894.0,CRUSADER_CARAVANS,0.5417,562.1,387.8,250.5,24.9,1920,1080,0.301,687.3,400.3
Round3,Q2,894,894.0,CRUSADER_CARAVANS,0.4939,1126.3,218.0,198.6,21.3,1920,1080,0.204,1225.6,228.6
Round3,Q2,894,894.0,CRUSADER_CARAVANS,0.4388,437.0,222.2,199.8,23.1,1920,1080,0.223,536.8,233.8
Round3,Q2,894,894.0,CRUSADER_CARAVANS,0.377,1666.1,379.7,252.7,27.8,1920,1080,0.339,1792.4,393.6
Round3,Q2,894,894.0,CRUSADER_CARAVANS,0.3708,1106.7,381.1,250.9,27.5,1920,1080,0.333,1232.2,394.9
Round3,Q2,895,895.0,CRUSADER_CARAVANS,0.764,469.6,360.3,286.8,28.5,1920,1080,0.394,613.0,374.6
Round3,Q2,895,895.0,CRUSADER_CARAVANS,0.7033,1083.0,358.3,264.3,29.2,1920,1080,0.373,1215.2,372.9
Round3,Q2,895,895.0,CRUSADER_CARAVANS,0.6777,481.6,179.8,232.4,25.3,1920,1080,0.284,597.7,192.4
Round3,Q2,895,895.0,CRUSADER_CARAVANS,0.6185,0.1,362.5,132.0,31.9,1920,1080,0.203,66.1,378.4
Round3,Q2,895,895.0,CRUSADER_CARAVANS,0.5832,1563.6,177.5,240.4,24.3,1920,1080,0.282,1683.8,189.6
Round3,Q2,895,895.0,CRUSADER_CARAVANS,0.5329,1057.5,180.6,231.4,24.2,1920,1080,0.27,1173.2,192.7
Round3,Q2,895,895.0,CRUSADER_CARAVANS,0.5121,1419.4,358.4,207.4,28.9,1920,1080,0.289,1523.0,372.8
Round3,Q2,895,895.0,CRUSADER_CARAVANS,0.4857,216.9,360.0,211.3,30.6,1920,1080,0.312,322.5,375.3
Round3,Q2,895,895.0,CRUSADER_CARAVANS,0.4176,0.3,173.5,190.3,28.8,1920,1080,0.264,95.5,187.8
Round3,Q2,896,896.0,EMIRATES,0.8971,1452.8,489.4,44.6,16.6,1920,1080,0.036,1475.1,497.6
Round3,Q2,897,897.0,EMIRATES,0.8973,1828.3,407.0,40.1,16.3,1920,1080,0.031,1848.4,415.1
Round3,Q2,897,897.0,EMIRATES,0.8902,932.1,266.2,43.4,13.7,1920,1080,0.029,953.8,273.0
Round3,Q2,898,898.0,EMIRATES,0.8997,930.0,362.6,46.8,16.2,1920,1080,0.036,953.4,370.7
Round3,Q2,898,898.0,EMIRATES,0.882,961.4,258.3,31.7,13.2,1920,1080,0.02,977.2,264.9
Round3,Q2,898,898.0,EMIRATES,0.3363,1597.7,347.8,21.7,13.6,1920,1080,0.014,1608.6,354.6
Round3,Q2,899,899.0,EMIRATES,0.8974,1168.8,320.7,41.7,15.3,1920,1080,0.031,1189.6,328.3
Round3,Q2,899,899.0,EMIRATES,0.8903,1801.9,671.2,52.0,16.2,1920,1080,0.041,1827.9,679.3
Round3,Q2,899,899.0,EMIRATES,0.874,840.5,268.3,45.1,14.3,1920,1080,0.031,863.1,275.4
Round3,Q2,900,900.0,EMIRATES,0.8791,733.5,354.9,50.9,16.1,1920,1080,0.04,759.0,362.9
Round3,Q2,901,901.0,EMIRATES,0.8977,440.7,342.7,49.9,15.5,1920,1080,0.037,465.7,350.5
Round3,Q2,901,901.0,EMIRATES,0.882,374.8,1020.4,56.0,18.7,1920,1080,0.051,402.8,1029.7
Round3,Q2,902,902.0,EMIRATES,0.8956,272.3,377.2,41.7,18.3,1920,1080,0.037,293.2,386.3
Round3,Q2,902,902.0,EMIRATES,0.7101,46.0,1024.4,21.9,28.3,1920,1080,0.03,56.9,1038.5
Round3,Q2,903,903.0,EMIRATES,0.9055,221.8,406.9,35.7,16.1,1920,1080,0.028,239.7,414.9
Round3,Q2,903,903.0,EMIRATES,0.8609,0.0,935.3,39.7,18.2,1920,1080,0.035,19.9,944.4
Round3,Q2,904,904.0,EMIRATES,0.8987,201.3,422.3,31.6,15.2,1920,1080,0.023,217.1,429.9
Round3,Q2,905,905.0,EMIRATES,0.8708,204.5,437.6,32.7,12.0,1920,1080,0.019,220.9,443.5
Round3,Q2,906,906.0,EMIRATES,0.7725,180.2,446.6,36.0,10.3,1920,1080,0.018,198.2,451.7
Round3,Q2,907,907.0,EMIRATES,0.9004,238.7,442.2,29.1,11.8,1920,1080,0.017,253.2,448.1
Round3,Q2,908,908.0,EMIRATES,0.7382,219.7,461.0,17.6,8.0,1920,1080,0.007,228.5,465.1
Round3,Q2,914,914.0,ACCESS_COVERS,0.3767,1447.8,75.3,109.6,23.8,1920,1080,0.126,1502.6,87.1
Round3,Q2,914,914.0,ACCESS_COVERS,0.3162,1459.1,249.8,129.8,28.6,1920,1080,0.179,1524.0,264.0
Round3,Q2,915,915.0,ACCESS_COVERS,0.7611,1685.2,68.6,134.4,23.6,1920,1080,0.153,1752.4,80.4
Round3,Q2,915,915.0,ACCESS_COVERS,0.6135,882.5,78.3,113.8,22.1,1920,1080,0.121,939.4,89.3
Round3,Q2,915,915.0,ACCESS_COVERS,0.4225,810.5,245.4,144.9,29.6,1920,1080,0.207,883.0,260.2
Round3,Q2,915,915.0,ACCESS_COVERS,0.316,125.3,74.1,125.2,24.7,1920,1080,0.149,187.9,86.5
Round3,Q2,916,916.0,ACCESS_COVERS,0.3121,1834.2,64.5,85.8,25.0,1920,1080,0.103,1877.1,77.0
Round3,Q2,922,922.0,ACCESS_COVERS,0.4418,351.2,137.0,102.6,21.3,1920,1080,0.106,402.5,147.7
Round3,Q2,922,922.0,ACCESS_COVERS,0.4332,1059.8,135.7,84.0,21.6,1920,1080,0.087,1101.9,146.4
Round3,Q2,922,922.0,ACCESS_COVERS,0.3282,1765.7,135.7,101.7,23.9,1920,1080,0.117,1816.6,147.6
Round3,Q2,923,923.0,ACCESS_COVERS,0.4891,1864.6,171.0,55.1,23.3,1920,1080,0.062,1892.1,182.7
Round3,Q2,923,923.0,ACCESS_COVERS,0.4716,655.8,169.2,79.4,18.7,1920,1080,0.072,695.5,178.6
Round3,Q2,923,923.0,ACCESS_COVERS,0.3693,1683.0,60.3,70.9,17.0,1920,1080,0.058,1718.4,68.8
Round3,Q2,923,923.0,ACCESS_COVERS,0.3645,1205.8,61.1,63.6,15.6,1920,1080,0.048,1237.6,68.9
Round3,Q2,924,924.0,ACCESS_COVERS,0.5368,0.0,119.7,88.7,16.8,1920,1080,0.072,44.4,128.1
Round3,Q2,924,924.0,ACCESS_COVERS,0.4626,1776.7,117.5,100.0,16.2,1920,1080,0.078,1826.7,125.6
Round3,Q2,924,924.0,ACCESS_COVERS,0.4047,1388.5,212.3,111.0,18.4,1920,1080,0.098,1444.0,221.5
Round3,Q2,926,926.0,CRUSADER_CARAVANS,0.5063,1132.2,128.8,242.9,19.7,1920,1080,0.231,1253.6,138.7
Round3,Q2,926,926.0,CRUSADER_CARAVANS,0.4276,1860.8,256.7,58.8,22.8,1920,1080,0.065,1890.2,268.1
Round3,Q2,926,926.0,CRUSADER_CARAVANS,0.372,445.4,255.6,299.2,21.8,1920,1080,0.315,595.0,266.5
Round3,Q2,926,926.0,CRUSADER_CARAVANS,0.3652,447.9,256.6,101.2,20.2,1920,1080,0.098,498.5,266.7
Round3,Q2,926,926.0,CRUSADER_CARAVANS,0.3434,5.4,124.7,207.0,21.7,1920,1080,0.216,108.9,135.5
Round3,Q2,929,929.0,ACCESS_COVERS,0.6127,1844.9,103.7,75.1,22.0,1920,1080,0.08,1882.4,114.7
Round3,Q2,929,929.0,ACCESS_COVERS,0.5312,0.0,261.6,72.2,25.1,1920,1080,0.087,36.1,274.2
Round3,Q2,929,929.0,ACCESS_COVERS,0.4602,484.2,110.3,96.5,20.6,1920,1080,0.096,532.4,120.6
Round3,Q2,929,929.0,ACCESS_COVERS,0.4119,387.7,258.7,107.9,24.9,1920,1080,0.129,441.7,271.2
Round3,Q2,929,929.0,ACCESS_COVERS,0.4038,0.0,105.0,83.6,21.8,1920,1080,0.088,41.8,115.9
Round3,Q2,929,929.0,ACCESS_COVERS,0.3852,1192.7,256.0,110.2,24.7,1920,1080,0.131,1247.8,268.4
Round3,Q2,929,929.0,ACCESS_COVERS,0.3395,1176.0,111.3,97.0,20.1,1920,1080,0.094,1224.5,121.4
Round3,Q2,930,930.0,ACCESS_COVERS,0.6411,743.5,267.4,122.8,23.9,1920,1080,0.142,804.8,279.4
Round3,Q2,930,930.0,ACCESS_COVERS,0.6186,0.0,273.3,72.4,26.5,1920,1080,0.093,36.2,286.6
Round3,Q2,930,930.0,ACCESS_COVERS,0.6002,793.1,131.0,102.5,19.5,1920,1080,0.097,844.3,140.8
Round3,Q2,930,930.0,ACCESS_COVERS,0.4946,1444.1,129.0,102.1,19.2,1920,1080,0.094,1495.2,138.6
Round3,Q2,932,932.0,EMIRATES,0.8569,735.7,160.0,39.5,19.4,1920,1080,0.037,755.5,169.6
Round3,Q2,933,933.0,EMIRATES,0.8636,160.2,346.9,46.3,20.4,1920,1080,0.046,183.3,357.1
Round3,Q2,933,933.0,EMIRATES,0.8624,778.2,287.3,50.9,23.2,1920,1080,0.057,803.6,299.0
Round3,Q2,934,934.0,EMIRATES,0.8646,892.2,557.0,48.1,18.4,1920,1080,0.043,916.2,566.2
Round3,Q2,934,934.0,EMIRATES,0.8543,525.9,705.4,30.2,35.0,1920,1080,0.051,541.0,722.9
Round3,Q2,934,934.0,EMIRATES,0.3014,676.2,265.2,28.2,22.5,1920,1080,0.031,690.3,276.5
Round3,Q2,935,935.0,EMIRATES,0.8907,833.6,765.6,33.7,18.2,1920,1080,0.03,850.4,774.7
Round3,Q2,935,935.0,EMIRATES,0.8841,1680.0,520.9,49.1,20.4,1920,1080,0.048,1704.6,531.1
Round3,Q2,935,935.0,EMIRATES,0.8572,1054.8,644.5,27.7,22.4,1920,1080,0.03,1068.7,655.7
Round3,Q2,935,935.0,EMIRATES,0.8445,814.8,344.9,25.6,15.1,1920,1080,0.019,827.6,352.5
Round3,Q2,939,939.0,EMIRATES,0.8143,1694.0,622.5,52.4,23.5,1920,1080,0.059,1720.2,634.2
Round3,Q2,945,945.0,EMIRATES,0.5777,621.8,476.1,29.2,23.6,1920,1080,0.033,636.4,487.9
Round3,Q2,946,946.0,EMIRATES,0.4362,846.0,499.1,15.6,12.6,1920,1080,0.009,853.8,505.4
Round3,Q2,947,947.0,EMIRATES,0.8615,477.9,514.9,41.8,15.1,1920,1080,0.03,498.8,522.5
Round3,Q2,948,948.0,EMIRATES,0.8786,648.6,525.2,50.9,16.8,1920,1080,0.041,674.1,533.6
Round3,Q2,948,948.0,EMIRATES,0.8574,328.6,504.2,40.5,17.2,1920,1080,0.034,348.9,512.8
Round3,Q2,949,949.0,EMIRATES,0.8906,172.8,521.2,59.4,20.6,1920,1080,0.059,202.5,531.5
Round3,Q2,949,949.0,EMIRATES,0.6261,530.9,504.3,24.7,17.1,1920,1080,0.02,543.3,512.8
Round3,Q2,950,950.0,EMIRATES,0.8651,544.6,551.3,40.5,19.5,1920,1080,0.038,564.9,561.1
Round3,Q2,951,951.0,EMIRATES,0.8937,721.1,620.4,65.6,24.2,1920,1080,0.077,753.9,632.5
Round3,Q2,952,952.0,EMIRATES,0.8781,1034.1,687.8,88.7,25.4,1920,1080,0.109,1078.4,700.5
Round3,Q2,955,955.0,EMIRATES,0.9131,860.3,461.2,107.5,43.5,1920,1080,0.225,914.1,483.0
Round3,Q2,956,956.0,EMIRATES,0.8966,834.5,481.5,123.6,52.6,1920,1080,0.314,896.3,507.8
Round3,Q2,956,956.0,EMIRATES,0.877,1601.5,44.8,84.4,41.9,1920,1080,0.171,1643.7,65.8
Round3,Q2,957,957.0,EMIRATES,0.8958,829.8,475.3,131.5,53.4,1920,1080,0.339,895.6,502.0
Round3,Q2,960,960.0,EMIRATES,0.9181,952.6,499.9,112.3,49.0,1920,1080,0.265,1008.7,524.4
Round3,Q2,961,961.0,EMIRATES,0.8911,832.3,554.3,135.1,63.0,1920,1080,0.41,899.9,585.8
Round3,Q2,962,962.0,EMIRATES,0.8749,938.0,548.5,67.4,56.3,1920,1080,0.183,971.7,576.7
Round3,Q2,965,965.0,EMIRATES,0.8753,705.5,386.3,101.3,56.3,1920,1080,0.275,756.1,414.4
Round3,Q2,966,966.0,EMIRATES,0.8795,784.7,368.4,88.6,66.2,1920,1080,0.283,829.0,401.5
Round3,Q2,970,970.0,EMIRATES,0.8662,1131.9,576.3,43.4,17.8,1920,1080,0.037,1153.6,585.3
Round3,Q2,970,970.0,EMIRATES,0.8292,1876.6,854.6,43.4,20.7,1920,1080,0.043,1898.3,865.0
Round3,Q2,971,971.0,EMIRATES,0.8903,1183.4,156.3,45.1,16.6,1920,1080,0.036,1206.0,164.5
Round3,Q2,971,971.0,EMIRATES,0.8639,299.2,503.1,63.9,19.7,1920,1080,0.061,331.2,512.9
Round3,Q2,972,972.0,EMIRATES,0.8885,270.7,349.2,59.2,21.2,1920,1080,0.061,300.3,359.8
Round3,Q2,972,972.0,EMIRATES,0.8718,1131.1,72.6,50.0,17.3,1920,1080,0.042,1156.2,81.2
Round3,Q2,972,972.0,EMIRATES,0.8597,1351.1,328.1,52.8,20.0,1920,1080,0.051,1377.5,338.1
Round3,Q2,973,973.0,EMIRATES,0.8831,821.1,82.5,46.5,15.9,1920,1080,0.036,844.3,90.4
Round3,Q2,973,973.0,EMIRATES,0.8247,1050.5,361.0,60.2,14.1,1920,1080,0.041,1080.6,368.1
Round3,Q2,973,973.0,EMIRATES,0.7908,417.5,376.1,54.9,13.0,1920,1080,0.034,444.9,382.6
Round3,Q2,974,974.0,EMIRATES,0.894,500.4,155.0,47.0,14.7,1920,1080,0.033,523.9,162.3
Round3,Q2,974,974.0,EMIRATES,0.8923,774.4,329.7,55.5,20.7,1920,1080,0.055,802.1,340.1
Round3,Q2,974,974.0,EMIRATES,0.8289,923.4,485.8,40.7,27.7,1920,1080,0.054,943.8,499.6
Round3,Q2,974,974.0,EMIRATES,0.55,397.1,397.8,60.4,20.5,1920,1080,0.06,427.3,408.1
Round3,Q2,975,975.0,EMIRATES,0.902,484.4,365.6,53.0,22.0,1920,1080,0.056,510.9,376.6
Round3,Q2,975,975.0,EMIRATES,0.8931,364.3,429.0,46.1,16.8,1920,1080,0.037,387.4,437.4
Round3,Q2,975,975.0,EMIRATES,0.8864,402.0,246.0,37.7,15.2,1920,1080,0.028,420.8,253.6
Round3,Q2,975,975.0,EMIRATES,0.8754,1825.1,190.2,34.4,14.7,1920,1080,0.024,1842.4,197.6
Round3,Q2,976,976.0,EMIRATES,0.871,387.5,408.7,43.4,20.9,1920,1080,0.044,409.2,419.1
Round3,Q2,976,976.0,EMIRATES,0.8583,1385.0,275.2,34.0,14.0,1920,1080,0.023,1402.0,282.2
Round3,Q2,976,976.0,EMIRATES,0.8439,258.8,481.7,41.3,30.2,1920,1080,0.06,279.4,496.8
Round3,Q2,976,976.0,EMIRATES,0.8195,268.9,389.4,21.6,13.7,1920,1080,0.014,279.7,396.3
Round3,Q2,976,976.0,EMIRATES,0.4357,404.8,320.2,16.3,15.6,1920,1080,0.012,413.0,328.0
Round3,Q2,977,977.0,EMIRATES,0.8868,148.2,517.2,41.9,17.0,1920,1080,0.034,169.2,525.7
Round3,Q2,977,977.0,EMIRATES,0.8866,7.8,428.7,42.2,14.3,1920,1080,0.029,28.9,435.8
Round3,Q2,977,977.0,EMIRATES,0.8685,744.9,338.1,33.8,15.8,1920,1080,0.026,761.9,346.0
Round3,Q2,977,977.0,EMIRATES,0.8002,470.8,351.0,23.1,16.4,1920,1080,0.018,482.3,359.2
Round3,Q2,978,978.0,EMIRATES,0.8835,970.3,340.7,32.1,14.2,1920,1080,0.022,986.4,347.8
Round3,Q2,978,978.0,EMIRATES,0.882,1301.2,785.1,51.4,17.1,1920,1080,0.042,1326.9,793.6
Round3,Q2,978,978.0,EMIRATES,0.8445,173.5,575.5,25.1,14.9,1920,1080,0.018,186.1,583.0
Round3,Q2,978,978.0,EMIRATES,0.8299,742.9,343.1,35.2,12.5,1920,1080,0.021,760.5,349.3
Round3,Q2,979,979.0,EMIRATES,0.8954,1445.7,788.1,44.9,19.2,1920,1080,0.041,1468.1,797.7
Round3,Q2,979,979.0,EMIRATES,0.8867,355.0,591.3,37.5,14.5,1920,1080,0.026,373.7,598.6
Round3,Q2,979,979.0,EMIRATES,0.8798,936.4,328.4,40.2,13.3,1920,1080,0.026,956.5,335.1
Round3,Q2,979,979.0,EMIRATES,0.8194,481.8,349.3,23.1,13.6,1920,1080,0.015,493.4,356.1
Round3,Q2,979,979.0,EMIRATES,0.4886,817.3,358.3,28.9,14.1,1920,1080,0.02,831.7,365.3
Round3,Q2,979,979.0,EMIRATES,0.4143,850.9,421.2,28.1,20.5,1920,1080,0.028,864.9,431.4
Round3,Q2,980,980.0,EMIRATES,0.898,367.8,321.6,36.2,14.4,1920,1080,0.025,385.9,328.8
Round3,Q2,980,980.0,EMIRATES,0.8851,549.6,385.0,35.8,16.7,1920,1080,0.029,567.5,393.4
Round3,Q2,980,980.0,EMIRATES,0.8802,1692.2,796.3,55.1,17.8,1920,1080,0.047,1719.7,805.2
Round3,Q2,980,980.0,EMIRATES,0.8578,1113.1,304.3,41.1,13.6,1920,1080,0.027,1133.7,311.1
Round3,Q2,981,981.0,EMIRATES,0.8909,391.4,304.8,33.2,17.0,1920,1080,0.027,408.0,313.3
Round3,Q2,981,981.0,EMIRATES,0.8888,831.6,328.0,45.7,14.9,1920,1080,0.033,854.4,335.4
Round3,Q2,981,981.0,EMIRATES,0.8871,644.0,568.9,52.4,16.3,1920,1080,0.041,670.3,577.1
Round3,Q2,981,981.0,EMIRATES,0.8655,1863.0,796.3,57.0,18.0,1920,1080,0.05,1891.5,805.3
Round3,Q2,981,981.0,EMIRATES,0.8426,1454.9,282.9,44.3,13.5,1920,1080,0.029,1477.1,289.7
Round3,Q2,981,981.0,EMIRATES,0.4233,1038.7,370.8,32.6,15.8,1920,1080,0.025,1055.0,378.7
Round3,Q2,982,982.0,EMIRATES,0.9148,936.8,347.2,43.0,14.2,1920,1080,0.03,958.3,354.3
Round3,Q2,982,982.0,EMIRATES,0.9022,1286.2,356.0,39.4,19.9,1920,1080,0.038,1305.9,366.0
Round3,Q2,982,982.0,EMIRATES,0.8984,792.4,572.8,48.4,15.2,1920,1080,0.035,816.5,580.4
Round3,Q2,982,982.0,EMIRATES,0.8859,1591.4,291.4,42.0,12.7,1920,1080,0.026,1612.4,297.8
Round3,Q2,982,982.0,EMIRATES,0.8814,402.6,420.3,44.6,14.6,1920,1080,0.032,424.9,427.6
Round3,Q2,982,982.0,EMIRATES,0.8794,314.6,311.1,34.9,15.5,1920,1080,0.026,332.1,318.9
Round3,Q2,983,983.0,EMIRATES,0.8901,124.3,342.9,36.9,14.7,1920,1080,0.026,142.8,350.2
Round3,Q2,983,983.0,EMIRATES,0.8897,846.8,578.6,49.0,14.9,1920,1080,0.035,871.3,586.1
Round3,Q2,983,983.0,EMIRATES,0.8745,1364.7,358.7,43.1,15.8,1920,1080,0.033,1386.2,366.6
Round3,Q2,983,983.0,EMIRATES,0.8726,1.6,390.8,35.2,16.3,1920,1080,0.028,19.2,399.0
Round3,Q2,983,983.0,EMIRATES,0.6757,809.5,366.7,23.2,14.7,1920,1080,0.016,821.1,374.1
Round3,Q2,984,984.0,EMIRATES,0.8971,950.9,570.7,43.4,16.1,1920,1080,0.034,972.6,578.8
Round3,Q2,984,984.0,EMIRATES,0.8,1293.9,396.6,23.2,8.8,1920,1080,0.01,1305.5,401.0
Round3,Q2,984,984.0,EMIRATES,0.4189,841.0,350.0,15.4,11.0,1920,1080,0.008,848.7,355.5
Round3,Q2,985,985.0,EMIRATES,0.9009,831.7,572.1,40.4,14.8,1920,1080,0.029,851.9,579.5
Round3,Q2,985,985.0,EMIRATES,0.8811,464.5,406.3,38.7,13.9,1920,1080,0.026,483.9,413.2
Round3,Q2,985,985.0,EMIRATES,0.8731,1426.4,366.2,35.6,12.8,1920,1080,0.022,1444.2,372.6
Round3,Q2,985,985.0,EMIRATES,0.822,1014.8,401.2,31.7,10.2,1920,1080,0.016,1030.6,406.4
Round3,Q2,985,985.0,EMIRATES,0.7529,863.3,355.2,29.5,11.0,1920,1080,0.016,878.0,360.7
Round3,Q2,986,986.0,EMIRATES,0.9008,609.9,575.4,40.4,13.0,1920,1080,0.025,630.1,581.9
Round3,Q2,986,986.0,EMIRATES,0.8894,1768.8,760.7,36.8,13.7,1920,1080,0.024,1787.2,767.6
Round3,Q2,986,986.0,EMIRATES,0.4345,784.8,471.7,31.1,21.6,1920,1080,0.032,800.4,482.5
Round3,Q2,986,986.0,EMIRATES,0.3659,1250.4,385.0,30.7,10.8,1920,1080,0.016,1265.8,390.4
Round3,Q2,987,987.0,EMIRATES,0.9048,509.3,573.5,39.4,12.1,1920,1080,0.023,529.0,579.6
Round3,Q2,987,987.0,EMIRATES,0.8853,1652.9,757.3,43.3,13.3,1920,1080,0.028,1674.6,764.0
Round3,Q2,987,987.0,EMIRATES,0.8745,656.4,340.8,29.5,10.1,1920,1080,0.014,671.2,345.8
Round3,Q2,987,987.0,EMIRATES,0.8276,345.6,462.7,36.4,11.4,1920,1080,0.02,363.8,468.4
Round3,Q2,988,988.0,EMIRATES,0.9025,312.5,598.1,48.4,15.2,1920,1080,0.035,336.7,605.7
Round3,Q2,988,988.0,EMIRATES,0.8709,1791.0,806.9,53.0,16.6,1920,1080,0.042,1817.5,815.2
Round3,Q2,988,988.0,EMIRATES,0.8676,474.1,500.6,43.9,13.7,1920,1080,0.029,496.1,507.4
Round3,Q2,988,988.0,EMIRATES,0.8655,432.1,291.8,36.2,12.5,1920,1080,0.022,450.2,298.0
Round3,Q2,988,988.0,EMIRATES,0.3863,1211.7,382.1,37.8,11.8,1920,1080,0.021,1230.6,388.0
Round3,Q2,989,989.0,EMIRATES,0.8879,363.8,585.5,54.4,20.4,1920,1080,0.054,391.0,595.7
Round3,Q2,989,989.0,EMIRATES,0.8279,551.8,241.2,45.3,16.3,1920,1080,0.036,574.5,249.4
Round3,Q2,990,990.0,EMIRATES,0.8769,1398.6,1032.3,68.1,26.3,1920,1080,0.086,1432.6,1045.5
Round3,Q2,990,990.0,EMIRATES,0.3679,113.6,384.8,38.2,12.6,1920,1080,0.023,132.7,391.0
Round3,Q2,991,991.0,EMIRATES,0.8899,768.6,924.4,39.6,25.9,1920,1080,0.049,788.4,937.4
Round3,Q2,992,992.0,EMIRATES,0.8622,1240.4,943.2,56.7,21.2,1920,1080,0.058,1268.7,953.8
Round3,Q2,992,992.0,EMIRATES,0.7604,881.9,211.6,45.2,22.6,1920,1080,0.049,904.5,222.9
Round3,Q2,993,993.0,EMIRATES,0.8034,170.8,364.3,31.9,31.8,1920,1080,0.049,186.7,380.2
Round3,Q2,993,993.0,CRUSADER_CARAVANS,0.7706,0.0,58.0,244.7,190.5,1920,1080,2.249,122.4,153.3
Round3,Q2,995,995.0,EMIRATES,0.7887,1352.1,609.7,24.6,80.0,1920,1080,0.095,1364.4,649.7
Round3,Q2,995,995.0,EMIRATES,0.537,1849.6,603.9,30.6,69.6,1920,1080,0.103,1864.8,638.7
Round3,Q2,995,995.0,EMIRATES,0.4554,1846.5,679.8,25.6,86.2,1920,1080,0.106,1859.3,722.9
Round3,Q2,995,995.0,EMIRATES,0.3872,1584.2,638.9,28.3,82.6,1920,1080,0.113,1598.4,680.2
Round3,Q2,996,996.0,EMIRATES,0.8261,913.2,582.2,22.6,94.5,1920,1080,0.103,924.4,629.4
Round3,Q2,996,996.0,EMIRATES,0.8244,1537.3,668.6,21.3,98.8,1920,1080,0.101,1547.9,718.0
Round3,Q2,996,996.0,EMIRATES,0.822,639.0,547.9,21.2,91.7,1920,1080,0.094,649.7,593.8
Round3,Q2,996,996.0,EMIRATES,0.8089,1210.9,623.8,22.1,95.8,1920,1080,0.102,1222.0,671.6
Round3,Q2,996,996.0,EMIRATES,0.7868,639.2,467.4,23.8,78.2,1920,1080,0.09,651.2,506.5
Round3,Q2,996,996.0,EMIRATES,0.7462,915.8,500.1,21.8,78.7,1920,1080,0.083,926.8,539.4
Round3,Q2,996,996.0,EMIRATES,0.6565,1540.7,574.4,20.7,86.1,1920,1080,0.086,1551.1,617.5
Round3,Q2,996,996.0,EMIRATES,0.6193,1214.7,536.9,22.0,79.4,1920,1080,0.084,1225.7,576.6
Round3,Q2,997,997.0,EMIRATES,0.8172,498.0,553.3,23.2,111.5,1920,1080,0.125,509.6,609.0
Round3,Q2,997,997.0,EMIRATES,0.8147,1229.6,644.8,22.1,119.0,1920,1080,0.127,1240.6,704.4
Round3,Q2,997,997.0,EMIRATES,0.8068,162.2,510.2,24.8,111.2,1920,1080,0.133,174.6,565.8
Round3,Q2,997,997.0,EMIRATES,0.8058,853.9,497.6,24.2,94.1,1920,1080,0.11,866.0,544.6
Round3,Q2,997,997.0,EMIRATES,0.8031,850.9,598.0,23.1,113.5,1920,1080,0.126,862.5,654.8
Round3,Q2,997,997.0,EMIRATES,0.7962,1232.9,540.9,22.2,99.2,1920,1080,0.106,1244.0,590.5
Round3,Q2,997,997.0,EMIRATES,0.7098,499.4,453.5,24.3,90.9,1920,1080,0.107,511.6,498.9
Round3,Q2,997,997.0,EMIRATES,0.6802,163.7,415.5,24.0,90.9,1920,1080,0.105,175.7,461.0
Round3,Q2,998,998.0,EMIRATES,0.8706,1062.8,757.8,152.8,94.3,1920,1080,0.695,1139.2,805.0
Round3,Q2,999,999.0,EMIRATES,0.8862,1013.4,691.6,170.8,88.6,1920,1080,0.73,1098.8,735.9
Round3,Q2,1000,1000.0,EMIRATES,0.8817,1011.0,763.3,150.7,83.1,1920,1080,0.604,1086.4,804.8
Round3,Q2,1001,1001.0,EMIRATES,0.8761,1145.0,724.8,136.4,79.2,1920,1080,0.521,1213.2,764.4
Round3,Q2,1002,1002.0,EMIRATES,0.8807,1126.5,703.7,190.9,75.8,1920,1080,0.698,1222.0,741.6
Round3,Q2,1004,1004.0,EMIRATES,0.8638,945.2,773.3,207.9,71.8,1920,1080,0.72,1049.1,809.2
Round3,Q2,1012,1012.0,EMIRATES,0.312,1349.9,499.0,105.1,34.9,1920,1080,0.177,1402.5,516.5
Round3,Q2,1018,1018.0,EMIRATES,0.8827,1696.5,849.4,60.9,18.4,1920,1080,0.054,1726.9,858.6
Round3,Q2,1019,1019.0,EMIRATES,0.8838,1739.9,732.8,41.5,16.1,1920,1080,0.032,1760.6,740.8
Round3,Q2,1020,1020.0,EMIRATES,0.8685,984.5,557.8,62.4,21.7,1920,1080,0.065,1015.7,568.6
Round3,Q2,1020,1020.0,CRUSADER_CARAVANS,0.3002,880.3,264.8,1039.7,165.4,1920,1080,8.291,1400.2,347.4
Round3,Q2,1021,1021.0,EMIRATES,0.8611,713.8,443.2,67.3,24.1,1920,1080,0.078,747.5,455.2
Round3,Q2,1021,1021.0,EMIRATES,0.7304,1357.9,395.1,50.7,24.4,1920,1080,0.06,1383.2,407.3
Round3,Q2,1022,1022.0,EMIRATES,0.8766,2.0,641.1,132.9,40.4,1920,1080,0.259,68.4,661.3
Round3,Q2,1022,1022.0,EMIRATES,0.8532,905.7,388.5,183.4,63.1,1920,1080,0.558,997.4,420.1
Round3,Q2,1022,1022.0,EMIRATES,0.68,1206.5,537.5,46.5,39.9,1920,1080,0.089,1229.7,557.5
Round3,Q2,1023,1023.0,EMIRATES,0.8737,880.6,468.4,130.6,49.5,1920,1080,0.312,945.9,493.2
Round3,Q2,1024,1024.0,EMIRATES,0.8932,927.1,552.9,123.8,48.6,1920,1080,0.29,989.0,577.2
Round3,Q2,1025,1025.0,EMIRATES,0.8959,1055.0,500.2,108.1,49.9,1920,1080,0.26,1109.1,525.1
Round3,Q2,1025,1025.0,EMIRATES,0.7969,729.5,352.6,174.5,65.7,1920,1080,0.553,816.8,385.4
Round3,Q2,1026,1026.0,EMIRATES,0.9123,906.0,548.2,143.7,54.6,1920,1080,0.378,977.8,575.5
Round3,Q2,1027,1027.0,EMIRATES,0.8908,947.0,384.3,141.3,50.1,1920,1080,0.342,1017.7,409.3
Round3,Q2,1028,1028.0,EMIRATES,0.8895,760.2,356.2,123.7,35.0,1920,1080,0.208,822.1,373.7
Round3,Q2,1029,1029.0,EMIRATES,0.9028,827.6,284.4,113.9,31.9,1920,1080,0.175,884.5,300.3
Round3,Q2,1030,1030.0,EMIRATES,0.8625,732.7,307.1,115.1,38.0,1920,1080,0.211,790.2,326.1
Round3,Q2,1034,1034.0,EMIRATES,0.5227,1758.6,516.8,21.8,7.8,1920,1080,0.008,1769.5,520.7
Round3,Q2,1034,1034.0,EMIRATES,0.4503,273.2,482.4,13.7,8.5,1920,1080,0.006,280.1,486.7
Round3,Q2,1035,1035.0,EMIRATES,0.5206,1729.9,495.3,24.8,8.1,1920,1080,0.01,1742.4,499.4
Round3,Q2,1036,1036.0,EMIRATES,0.8153,1880.5,435.1,31.5,12.8,1920,1080,0.02,1896.3,441.5
Round3,Q2,1037,1037.0,EMIRATES,0.8887,1144.5,485.4,37.5,11.9,1920,1080,0.022,1163.3,491.3
Round3,Q2,1038,1038.0,EMIRATES,0.878,1206.4,482.6,39.6,18.0,1920,1080,0.034,1226.2,491.6
Round3,Q2,1039,1039.0,EMIRATES,0.8855,1094.9,391.6,46.8,26.1,1920,1080,0.059,1118.3,404.6
Round3,Q2,1039,1039.0,EMIRATES,0.4964,0.1,424.1,18.4,12.7,1920,1080,0.011,9.2,430.5
Round3,Q2,1040,1040.0,EMIRATES,0.7143,1494.0,287.3,40.8,15.4,1920,1080,0.03,1514.4,295.0
Round3,Q2,1041,1041.0,EMIRATES,0.906,1007.7,191.0,42.9,15.2,1920,1080,0.031,1029.2,198.6
Round3,Q2,1041,1041.0,EMIRATES,0.8532,1533.7,267.5,53.4,17.6,1920,1080,0.045,1560.4,276.3
Round3,Q2,1042,1042.0,EMIRATES,0.8947,973.4,158.9,32.0,13.2,1920,1080,0.02,989.4,165.4
Round3,Q2,1043,1043.0,EMIRATES,0.8904,554.5,160.0,37.5,17.5,1920,1080,0.032,573.3,168.7
Round3,Q2,1043,1043.0,EMIRATES,0.8333,1254.3,367.1,37.9,14.0,1920,1080,0.026,1273.3,374.0
Round3,Q2,1043,1043.0,EMIRATES,0.7999,690.6,407.1,35.9,12.1,1920,1080,0.021,708.6,413.2
Round3,Q2,1044,1044.0,EMIRATES,0.9066,353.8,182.7,31.3,12.6,1920,1080,0.019,369.4,189.0
Round3,Q2,1044,1044.0,EMIRATES,0.5989,696.2,292.1,22.6,11.5,1920,1080,0.013,707.5,297.8
Round3,Q2,1045,1045.0,EMIRATES,0.8984,1838.7,538.4,52.1,16.7,1920,1080,0.042,1864.8,546.7
Round3,Q2,1045,1045.0,EMIRATES,0.8817,1215.0,36.0,42.9,15.1,1920,1080,0.031,1236.5,43.6
Round3,Q2,1045,1045.0,EMIRATES,0.8406,525.7,236.7,33.7,14.0,1920,1080,0.023,542.6,243.7
Round3,Q2,1046,1046.0,EMIRATES,0.9,590.4,275.4,37.2,13.6,1920,1080,0.024,609.0,282.2
Round3,Q2,1046,1046.0,EMIRATES,0.8502,832.2,120.0,41.9,17.9,1920,1080,0.036,853.2,128.9
Round3,Q2,1046,1046.0,EMIRATES,0.809,1896.3,568.4,23.6,16.6,1920,1080,0.019,1908.1,576.7
Round3,Q2,1046,1046.0,EMIRATES,0.7865,479.9,440.8,37.0,35.0,1920,1080,0.062,498.4,458.3
Round3,Q2,1047,1047.0,EMIRATES,0.9015,673.1,141.1,42.8,15.6,1920,1080,0.032,694.5,148.9
Round3,Q2,1047,1047.0,EMIRATES,0.8862,702.1,280.9,45.3,16.9,1920,1080,0.037,724.7,289.4
Round3,Q2,1048,1048.0,EMIRATES,0.8968,1733.3,213.0,46.3,19.6,1920,1080,0.044,1756.4,222.8
Round3,Q2,1048,1048.0,EMIRATES,0.8856,463.6,227.7,36.2,20.3,1920,1080,0.035,481.7,237.9
Round3,Q2,1048,1048.0,EMIRATES,0.8703,774.4,375.9,33.0,15.5,1920,1080,0.025,790.9,383.7
Round3,Q2,1048,1048.0,EMIRATES,0.8677,688.6,322.3,48.5,17.6,1920,1080,0.041,712.9,331.0
Round3,Q2,1048,1048.0,EMIRATES,0.7468,631.1,272.6,19.6,14.6,1920,1080,0.014,640.9,279.9
Round3,Q2,1048,1048.0,EMIRATES,0.3798,689.5,465.5,32.2,37.9,1920,1080,0.059,705.6,484.4
Round3,Q2,1049,1049.0,EMIRATES,0.9021,667.1,255.5,34.4,15.1,1920,1080,0.025,684.3,263.0
Round3,Q2,1049,1049.0,EMIRATES,0.8898,1673.3,187.6,33.7,21.4,1920,1080,0.035,1690.2,198.4
Round3,Q2,1049,1049.0,EMIRATES,0.6171,528.4,257.3,30.3,22.0,1920,1080,0.032,543.5,268.3
Round3,Q2,1050,1050.0,EMIRATES,0.8914,297.7,390.7,53.7,16.9,1920,1080,0.044,324.6,399.1
Round3,Q2,1050,1050.0,EMIRATES,0.8873,262.8,294.2,35.0,15.3,1920,1080,0.026,280.3,301.8
Round3,Q2,1050,1050.0,EMIRATES,0.8458,837.8,361.6,21.8,23.3,1920,1080,0.025,848.7,373.3
Round3,Q2,1050,1050.0,EMIRATES,0.4896,1540.1,220.3,25.6,14.8,1920,1080,0.018,1552.9,227.7
Round3,Q2,1051,1051.0,EMIRATES,0.9121,1443.9,276.6,39.3,12.9,1920,1080,0.024,1463.6,283.0
Round3,Q2,1051,1051.0,EMIRATES,0.9114,636.2,383.4,42.8,15.6,1920,1080,0.032,657.6,391.2
Round3,Q2,1051,1051.0,EMIRATES,0.5006,736.1,322.9,22.6,13.2,1920,1080,0.014,747.4,329.5
Round3,Q2,1052,1052.0,EMIRATES,0.8785,410.4,399.2,39.3,13.5,1920,1080,0.026,430.0,405.9
Round3,Q2,1052,1052.0,EMIRATES,0.8682,1378.1,291.4,37.1,12.5,1920,1080,0.022,1396.7,297.7
Round3,Q2,1053,1053.0,EMIRATES,0.8882,1554.9,356.7,40.2,16.4,1920,1080,0.032,1575.0,364.9
Round3,Q2,1053,1053.0,EMIRATES,0.8766,206.3,387.1,42.0,16.3,1920,1080,0.033,227.4,395.3
Round3,Q2,1053,1053.0,EMIRATES,0.7403,1358.0,292.6,25.0,12.2,1920,1080,0.015,1370.5,298.7
Round3,Q2,1053,1053.0,EMIRATES,0.3802,378.5,474.9,33.9,24.6,1920,1080,0.04,395.5,487.2
Round3,Q2,1054,1054.0,EMIRATES,0.901,136.6,369.3,40.6,17.9,1920,1080,0.035,156.9,378.2
Round3,Q2,1054,1054.0,EMIRATES,0.6819,1586.8,338.2,33.1,19.1,1920,1080,0.03,1603.3,347.8
Round3,Q2,1054,1054.0,EMIRATES,0.4377,790.1,373.8,23.7,22.7,1920,1080,0.026,801.9,385.2
Round3,Q2,1055,1055.0,EMIRATES,0.4208,0.0,326.1,8.8,20.1,1920,1080,0.008,4.4,336.1
Round3,Q2,1056,1056.0,EMIRATES,0.8903,174.2,379.7,47.4,21.2,1920,1080,0.048,197.9,390.3
Round3,Q2,1056,1056.0,EMIRATES,0.8788,775.7,328.3,43.4,21.9,1920,1080,0.046,797.4,339.2
Round3,Q2,1056,1056.0,EMIRATES,0.8455,1699.5,627.2,61.3,16.3,1920,1080,0.048,1730.1,635.3
Round3,Q2,1057,1057.0,EMIRATES,0.8939,460.7,360.5,40.3,15.9,1920,1080,0.031,480.8,368.5
Round3,Q2,1057,1057.0,EMIRATES,0.4586,1303.0,620.4,25.7,10.1,1920,1080,0.012,1315.9,625.4
Round3,Q2,1057,1057.0,EMIRATES,0.439,683.4,312.3,26.2,15.2,1920,1080,0.019,696.5,319.9
Round3,Q2,1058,1058.0,EMIRATES,0.7842,867.8,282.2,33.7,16.1,1920,1080,0.026,884.7,290.2
Round3,Q2,1059,1059.0,EMIRATES,0.8933,1699.0,142.1,39.3,14.0,1920,1080,0.026,1718.6,149.1
Round3,Q2,1059,1059.0,EMIRATES,0.8767,332.2,190.8,46.6,16.4,1920,1080,0.037,355.4,199.0
Round3,Q2,1060,1060.0,EMIRATES,0.8867,646.8,361.2,46.1,14.6,1920,1080,0.033,669.9,368.5
Round3,Q2,1061,1061.0,EMIRATES,0.8849,939.5,473.3,39.6,17.4,1920,1080,0.033,959.3,482.0
Round3,Q2,1061,1061.0,EMIRATES,0.8713,844.5,313.0,43.1,18.8,1920,1080,0.039,866.0,322.4
Round3,Q2,1061,1061.0,EMIRATES,0.8694,372.8,189.6,48.5,18.8,1920,1080,0.044,397.0,198.9
Round3,Q2,1063,1063.0,EMIRATES,0.4692,1837.5,446.6,17.0,95.8,1920,1080,0.079,1846.0,494.5
Round3,Q2,1066,1066.0,EMIRATES,0.465,656.0,501.6,35.2,19.3,1920,1080,0.033,673.6,511.3
Round3,Q2,1068,1068.0,EMIRATES,0.8463,1467.0,514.2,60.8,18.6,1920,1080,0.055,1497.4,523.5
Round3,Q2,1069,1069.0,EMIRATES,0.8751,687.2,327.5,45.8,13.9,1920,1080,0.031,710.1,334.5
Round3,Q2,1069,1069.0,EMIRATES,0.8565,544.5,802.0,76.1,20.1,1920,1080,0.074,582.5,812.0
Round3,Q2,1070,1070.0,EMIRATES,0.5732,1168.3,648.5,11.8,59.9,1920,1080,0.034,1174.2,678.4
Round3,Q2,1070,1070.0,EMIRATES,0.5026,986.3,570.3,12.0,47.0,1920,1080,0.027,992.3,593.8
Round3,Q2,1070,1070.0,EMIRATES,0.4737,984.7,626.8,11.3,54.9,1920,1080,0.03,990.4,654.2
Round3,Q2,1070,1070.0,EMIRATES,0.4256,1169.9,592.6,11.6,46.6,1920,1080,0.026,1175.7,615.9
Round3,Q2,1070,1070.0,EMIRATES,0.3735,1369.7,616.0,12.5,46.8,1920,1080,0.028,1376.0,639.4
Round3,Q2,1070,1070.0,EMIRATES,0.3363,1366.7,673.5,13.4,65.2,1920,1080,0.042,1373.4,706.1
Round3,Q2,1071,1071.0,EMIRATES,0.7714,961.0,682.8,16.6,79.1,1920,1080,0.063,969.3,722.4
Round3,Q2,1071,1071.0,EMIRATES,0.7194,723.8,654.4,15.0,59.3,1920,1080,0.043,731.3,684.1
Round3,Q2,1071,1071.0,EMIRATES,0.7108,1499.8,754.5,17.4,87.2,1920,1080,0.073,1508.5,798.1
Round3,Q2,1071,1071.0,EMIRATES,0.708,1219.5,719.5,16.0,79.6,1920,1080,0.062,1227.5,759.3
Round3,Q2,1071,1071.0,EMIRATES,0.6896,1502.1,674.1,18.3,65.8,1920,1080,0.058,1511.3,707.0
Round3,Q2,1071,1071.0,EMIRATES,0.6311,725.3,582.5,14.3,60.0,1920,1080,0.041,732.4,612.5
Round3,Q2,1071,1071.0,EMIRATES,0.6243,963.7,609.4,15.0,66.0,1920,1080,0.048,971.2,642.4
Round3,Q2,1071,1071.0,EMIRATES,0.5521,1221.0,641.7,15.8,56.6,1920,1080,0.043,1228.9,670.0
Round3,Q2,1072,1072.0,EMIRATES,0.8279,1345.1,675.4,21.2,107.1,1920,1080,0.109,1355.7,729.0
Round3,Q2,1072,1072.0,EMIRATES,0.8237,1011.2,630.7,20.4,103.1,1920,1080,0.102,1021.5,682.3
Round3,Q2,1072,1072.0,EMIRATES,0.7823,1714.5,719.7,21.5,116.5,1920,1080,0.121,1725.3,778.0
Round3,Q2,1072,1072.0,EMIRATES,0.7736,1716.1,621.9,22.7,88.5,1920,1080,0.097,1727.5,666.1
Round3,Q2,1072,1072.0,EMIRATES,0.6929,705.3,500.7,17.7,82.7,1920,1080,0.071,714.1,542.1
Round3,Q2,1072,1072.0,EMIRATES,0.6702,1013.3,536.0,20.2,74.3,1920,1080,0.072,1023.5,573.2
Round3,Q2,1072,1072.0,EMIRATES,0.5828,1347.8,578.2,20.5,84.1,1920,1080,0.083,1358.0,620.3
Round3,Q2,1073,1073.0,EMIRATES,0.8092,1102.0,583.9,23.2,114.8,1920,1080,0.129,1113.6,641.3
Round3,Q2,1073,1073.0,EMIRATES,0.8068,758.6,540.4,20.4,111.2,1920,1080,0.109,768.7,596.0
Round3,Q2,1073,1073.0,EMIRATES,0.8043,1476.5,632.2,23.1,119.2,1920,1080,0.133,1488.1,691.8
Round3,Q2,1073,1073.0,EMIRATES,0.7596,1892.8,687.3,25.3,128.8,1920,1080,0.157,1905.5,751.7
Round3,Q2,1073,1073.0,EMIRATES,0.747,760.9,440.1,19.8,93.4,1920,1080,0.089,770.8,486.8
Round3,Q2,1073,1073.0,EMIRATES,0.7464,1480.5,525.9,21.6,72.2,1920,1080,0.075,1491.3,562.0
Round3,Q2,1073,1073.0,EMIRATES,0.6562,1104.3,477.0,22.2,80.9,1920,1080,0.086,1115.4,517.5
Round3,Q2,1073,1073.0,EMIRATES,0.6538,1896.8,569.6,22.5,85.0,1920,1080,0.092,1908.0,612.1
Round3,Q2,1074,1074.0,EMIRATES,0.92,679.0,462.3,119.3,38.5,1920,1080,0.222,738.6,481.5
Round3,Q2,1074,1074.0,EMIRATES,0.8857,1234.0,75.6,115.4,38.4,1920,1080,0.214,1291.7,94.8
Round3,Q2,1075,1075.0,EMIRATES,0.8779,932.8,479.8,68.6,47.2,1920,1080,0.156,967.1,503.4
Round3,Q2,1076,1076.0,EMIRATES,0.9102,991.3,486.5,116.8,42.2,1920,1080,0.238,1049.7,507.7
Round3,Q2,1076,1076.0,EMIRATES,0.8805,1537.0,896.9,143.5,54.9,1920,1080,0.38,1608.7,924.3
Round3,Q2,1077,1077.0,EMIRATES,0.9187,923.0,477.4,122.9,43.7,1920,1080,0.259,984.4,499.3
Round3,Q2,1078,1078.0,EMIRATES,0.9033,1008.5,506.2,87.0,43.7,1920,1080,0.183,1052.0,528.1
Round3,Q2,1087,1087.0,JAMESON,0.4231,888.4,147.9,28.9,6.1,1920,1080,0.009,902.8,151.0
Round3,Q2,1088,1088.0,JAMESON,0.323,887.2,142.0,29.4,8.1,1920,1080,0.011,901.9,146.0
Round3,Q2,1089,1089.0,JAMESON,0.6498,874.6,143.2,30.5,7.7,1920,1080,0.011,889.9,147.0
Round3,Q2,1093,1093.0,EMIRATES,0.8996,641.2,365.1,50.7,21.3,1920,1080,0.052,666.6,375.7
Round3,Q2,1094,1094.0,EMIRATES,0.9119,498.7,346.2,34.4,20.4,1920,1080,0.034,515.9,356.4
Round3,Q2,1095,1095.0,EMIRATES,0.842,390.3,361.4,25.2,20.0,1920,1080,0.024,402.9,371.5
Round3,Q2,1101,1101.0,EMIRATES,0.7958,1874.8,936.7,45.2,22.0,1920,1080,0.048,1897.4,947.7
Round3,Q2,1125,1125.0,EMIRATES,0.8836,597.5,936.7,53.9,17.0,1920,1080,0.044,624.4,945.3
Round3,Q2,1125,1125.0,EMIRATES,0.8438,1445.2,476.6,36.5,17.5,1920,1080,0.031,1463.4,485.4
Round3,Q2,1126,1126.0,EMIRATES,0.7597,907.8,426.0,39.5,26.8,1920,1080,0.051,927.5,439.4
Round3,Q2,1126,1126.0,EMIRATES,0.618,1628.1,763.1,55.0,16.6,1920,1080,0.044,1655.6,771.4
Round3,Q2,1126,1126.0,EMIRATES,0.4454,1085.1,462.4,38.4,13.5,1920,1080,0.025,1104.3,469.2
Round3,Q2,1127,1127.0,EMIRATES,0.8526,1314.1,384.8,46.7,21.8,1920,1080,0.049,1337.4,395.7
Round3,Q2,1127,1127.0,EMIRATES,0.81,518.8,433.9,47.1,14.8,1920,1080,0.034,542.4,441.3
Round3,Q2,1128,1128.0,EMIRATES,0.7852,1167.3,411.2,27.3,17.7,1920,1080,0.023,1180.9,420.0
Round3,Q2,1129,1129.0,EMIRATES,0.8912,1415.8,335.7,42.5,13.9,1920,1080,0.028,1437.1,342.7
Round3,Q2,1129,1129.0,EMIRATES,0.8773,847.4,370.9,35.1,18.5,1920,1080,0.031,864.9,380.1
Round3,Q2,1130,1130.0,EMIRATES,0.8679,119.1,501.9,41.8,17.2,1920,1080,0.035,140.0,510.5
Round3,Q2,1130,1130.0,EMIRATES,0.8617,864.6,433.0,47.1,14.8,1920,1080,0.034,888.2,440.4
Round3,Q2,1130,1130.0,EMIRATES,0.8421,1333.6,377.9,44.7,16.4,1920,1080,0.035,1356.0,386.1
Round3,Q2,1131,1131.0,EMIRATES,0.8828,1219.5,406.3,37.0,15.0,1920,1080,0.027,1238.0,413.9
Round3,Q2,1131,1131.0,EMIRATES,0.8499,761.1,376.8,49.6,16.5,1920,1080,0.039,785.9,385.1
Round3,Q2,1131,1131.0,EMIRATES,0.4296,1511.7,812.3,28.1,16.1,1920,1080,0.022,1525.8,820.3
Round3,Q2,1131,1131.0,EMIRATES,0.3626,869.5,482.8,39.0,32.2,1920,1080,0.061,889.0,499.0
Round3,Q2,1132,1132.0,EMIRATES,0.8537,1607.3,301.2,163.3,45.3,1920,1080,0.357,1688.9,323.8
Round3,Q2,1133,1133.0,EMIRATES,0.8551,1156.7,474.9,169.4,48.3,1920,1080,0.394,1241.4,499.0
Round3,Q2,1133,1133.0,EMIRATES,0.6006,1864.0,443.4,56.0,54.0,1920,1080,0.146,1892.0,470.4
Round3,Q2,1134,1134.0,EMIRATES,0.8984,917.1,882.8,55.3,21.0,1920,1080,0.056,944.8,893.3
Round3,Q2,1134,1134.0,EMIRATES,0.8721,438.7,394.6,55.7,17.1,1920,1080,0.046,466.5,403.1
Round3,Q2,1134,1134.0,EMIRATES,0.8573,1191.4,392.4,57.5,17.6,1920,1080,0.049,1220.2,401.3
Round3,Q2,1135,1135.0,EMIRATES,0.9146,103.5,401.7,35.6,21.6,1920,1080,0.037,121.3,412.5
Round3,Q2,1135,1135.0,EMIRATES,0.5584,911.5,402.7,43.4,18.1,1920,1080,0.038,933.2,411.7
Round3,Q2,1137,1137.0,EMIRATES,0.8957,515.3,992.0,72.6,24.8,1920,1080,0.087,551.6,1004.4
Round3,Q2,1138,1138.0,EMIRATES,0.8817,304.5,976.9,63.4,24.3,1920,1080,0.074,336.2,989.0
Round3,Q2,1142,1142.0,EMIRATES,0.8667,1732.0,356.5,144.5,53.4,1920,1080,0.372,1804.2,383.2
Round3,Q2,1148,1148.0,EMIRATES,0.3236,1141.4,273.6,30.8,14.4,1920,1080,0.021,1156.8,280.8
Round3,Q2,1152,1152.0,EMIRATES,0.8684,868.8,485.2,40.5,14.5,1920,1080,0.028,889.0,492.5
Round3,Q2,1153,1153.0,EMIRATES,0.8732,1456.6,468.0,42.7,16.6,1920,1080,0.034,1477.9,476.3
Round3,Q2,1153,1153.0,EMIRATES,0.8555,172.1,635.0,62.1,18.6,1920,1080,0.056,203.1,644.3
Round3,Q2,1159,1159.0,EMIRATES,0.8727,1499.3,271.8,36.4,14.2,1920,1080,0.025,1517.5,278.9
Round3,Q2,1159,1159.0,EMIRATES,0.8442,0.2,742.7,47.5,23.2,1920,1080,0.053,23.9,754.3
Round3,Q2,1160,1160.0,EMIRATES,0.8684,207.4,605.5,60.0,17.7,1920,1080,0.051,237.4,614.3
Round3,Q2,1160,1160.0,EMIRATES,0.4352,879.7,294.1,40.9,14.0,1920,1080,0.028,900.1,301.1
Round3,Q2,1161,1161.0,EMIRATES,0.8864,996.5,226.7,56.7,18.6,1920,1080,0.051,1024.9,235.9
Round3,Q2,1161,1161.0,EMIRATES,0.8675,834.0,207.0,48.0,14.9,1920,1080,0.035,858.0,214.5
Round3,Q2,1162,1162.0,EMIRATES,0.8773,1681.8,302.4,49.2,21.1,1920,1080,0.05,1706.4,313.0
Round3,Q2,1162,1162.0,EMIRATES,0.8628,765.3,229.8,39.9,23.7,1920,1080,0.046,785.2,241.6
Round3,Q2,1162,1162.0,EMIRATES,0.7923,811.9,346.7,63.6,26.1,1920,1080,0.08,843.7,359.8
Round3,Q2,1167,1167.0,EMIRATES,0.8579,585.1,490.5,42.9,15.7,1920,1080,0.032,606.5,498.4
Round3,Q2,1167,1167.0,EMIRATES,0.6558,34.6,313.7,81.2,21.3,1920,1080,0.083,75.1,324.3
Round3,Q2,1186,1186.0,EMIRATES,0.8639,832.6,406.3,40.6,21.0,1920,1080,0.041,852.9,416.8
Round3,Q2,1188,1188.0,EMIRATES,0.8977,689.4,345.1,32.5,20.3,1920,1080,0.032,705.6,355.2
Round3,Q2,1188,1188.0,EMIRATES,0.7252,1532.7,224.1,35.0,17.0,1920,1080,0.029,1550.1,232.6
Round3,Q2,1188,1188.0,EMIRATES,0.4591,1178.4,368.9,25.6,11.4,1920,1080,0.014,1191.2,374.6
Round3,Q2,1190,1190.0,EMIRATES,0.3406,839.2,259.0,17.0,14.2,1920,1080,0.012,847.7,266.1
Round3,Q2,1191,1191.0,EMIRATES,0.8905,1219.4,254.4,44.1,15.5,1920,1080,0.033,1241.4,262.1
Round3,Q2,1191,1191.0,EMIRATES,0.7327,1383.9,558.1,43.4,33.0,1920,1080,0.069,1405.6,574.6
Round3,Q2,1192,1192.0,EMIRATES,0.8819,792.3,307.3,42.3,15.8,1920,1080,0.032,813.4,315.3
Round3,Q2,1193,1193.0,EMIRATES,0.8601,3.8,37.3,40.2,14.2,1920,1080,0.028,23.9,44.4
Round3,Q2,1193,1193.0,EMIRATES,0.8413,663.2,341.4,30.7,13.8,1920,1080,0.02,678.5,348.3
Round3,Q2,1197,1197.0,EMIRATES,0.8588,1435.2,472.6,135.9,145.8,1920,1080,0.956,1503.1,545.5
Round3,Q2,1199,1199.0,EMIRATES,0.7453,1370.4,458.1,117.2,80.3,1920,1080,0.454,1429.0,498.2
Round3,Q2,1234,1234.0,EMIRATES,0.8309,1408.6,357.0,30.7,19.5,1920,1080,0.029,1423.9,366.8
Round3,Q2,1235,1235.0,EMIRATES,0.8536,1196.0,346.7,42.7,20.3,1920,1080,0.042,1217.3,356.9
Round3,Q2,1236,1236.0,EMIRATES,0.874,1033.1,355.8,51.3,23.9,1920,1080,0.059,1058.8,367.8
Round3,Q2,1237,1237.0,EMIRATES,0.888,1086.3,340.6,50.3,18.9,1920,1080,0.046,1111.4,350.1
Round3,Q2,1241,1241.0,EMIRATES,0.7926,556.5,378.8,35.9,12.8,1920,1080,0.022,574.4,385.2
Round3,Q2,1242,1242.0,EMIRATES,0.7162,567.7,376.0,36.3,12.9,1920,1080,0.023,585.8,382.4
Round3,Q2,1242,1242.0,EMIRATES,0.3655,861.3,170.0,32.7,15.3,1920,1080,0.024,877.7,177.6
Round3,Q2,1243,1243.0,EMIRATES,0.8965,1717.6,1019.8,43.5,21.2,1920,1080,0.044,1739.3,1030.4
Round3,Q2,1243,1243.0,EMIRATES,0.7582,594.4,373.6,33.7,12.8,1920,1080,0.021,611.3,380.0
Round3,Q2,1243,1243.0,EMIRATES,0.6557,866.3,164.1,32.2,14.9,1920,1080,0.023,882.5,171.5
Round3,Q2,1244,1244.0,EMIRATES,0.8344,646.0,376.1,31.4,13.3,1920,1080,0.02,661.7,382.8
Round3,Q2,1249,1249.0,EMIRATES,0.8639,826.5,844.8,58.5,16.7,1920,1080,0.047,855.7,853.2
Round3,Q2,1249,1249.0,EMIRATES,0.8433,40.2,486.7,37.4,14.7,1920,1080,0.027,58.9,494.1
Round3,Q2,1250,1250.0,EMIRATES,0.8931,1605.9,643.1,56.2,21.1,1920,1080,0.057,1634.0,653.6
Round3,Q2,1250,1250.0,EMIRATES,0.8848,313.0,307.9,49.8,22.4,1920,1080,0.054,337.9,319.1
Round3,Q2,1251,1251.0,EMIRATES,0.8749,561.1,337.0,45.3,17.4,1920,1080,0.038,583.7,345.7
Round3,Q2,1251,1251.0,EMIRATES,0.569,190.2,336.1,24.8,23.7,1920,1080,0.028,202.6,347.9
Round3,Q2,1252,1252.0,EMIRATES,0.5403,1127.3,101.2,207.5,67.0,1920,1080,0.67,1231.1,134.7
Round3,Q2,1253,1253.0,EMIRATES,0.4896,1805.5,664.6,103.8,47.0,1920,1080,0.235,1857.4,688.1
Round3,Q2,1261,1261.0,JAMESON,0.3925,0.0,556.5,20.7,20.4,1920,1080,0.02,10.3,566.6
Round3,Q2,1262,1262.0,JAMESON,0.5667,0.0,441.2,20.8,18.2,1920,1080,0.018,10.4,450.3
Round3,Q2,1268,1268.0,JAMESON,0.4519,1797.2,164.3,43.0,17.8,1920,1080,0.037,1818.7,173.2
Round3,Q2,1269,1269.0,JAMESON,0.4754,0.3,573.1,50.0,19.0,1920,1080,0.046,25.2,582.7
Round3,Q2,1269,1269.0,JAMESON,0.4523,1901.5,176.7,18.4,19.4,1920,1080,0.017,1910.7,186.4
Round3,Q2,1269,1269.0,JAMESON,0.4008,504.9,285.9,64.8,13.3,1920,1080,0.042,537.3,292.6
Round3,Q2,1271,1271.0,JAMESON,0.354,0.0,287.7,35.0,14.4,1920,1080,0.024,17.5,294.9
Round3,Q2,1271,1271.0,JAMESON,0.3044,1165.6,476.8,56.0,19.9,1920,1080,0.054,1193.6,486.8
Round3,Q2,1272,1272.0,EMIRATES,0.852,412.8,846.5,51.9,22.0,1920,1080,0.055,438.7,857.5
Round3,Q2,1272,1272.0,EMIRATES,0.7431,1812.7,659.5,49.5,19.2,1920,1080,0.046,1837.4,669.1
Round3,Q2,1273,1273.0,EMIRATES,0.874,1712.0,483.3,33.4,20.3,1920,1080,0.033,1728.8,493.4
Round3,Q2,1273,1273.0,EMIRATES,0.8653,1728.8,257.7,36.5,14.5,1920,1080,0.026,1747.1,265.0
Round3,Q2,1273,1273.0,EMIRATES,0.8509,1582.8,390.4,36.0,17.1,1920,1080,0.03,1600.8,398.9
Round3,Q2,1274,1274.0,EMIRATES,0.8916,845.6,328.9,34.5,15.4,1920,1080,0.026,862.9,336.6
Round3,Q2,1274,1274.0,EMIRATES,0.7915,1605.3,488.5,37.8,16.6,1920,1080,0.03,1624.2,496.8
Round3,Q2,1275,1275.0,EMIRATES,0.895,999.4,307.0,51.7,18.8,1920,1080,0.047,1025.2,316.4
Round3,Q2,1277,1277.0,JAMESON,0.5277,0.0,269.9,22.9,30.8,1920,1080,0.034,11.5,285.3
Round3,Q2,1278,1278.0,EMIRATES,0.6076,0.0,205.1,17.9,12.9,1920,1080,0.011,9.0,211.5
Round3,Q2,1280,1280.0,JAMESON,0.3522,1900.0,284.2,20.0,35.3,1920,1080,0.034,1910.0,301.8
Round3,Q2,1283,1283.0,JAMESON,0.5876,0.0,60.8,14.8,18.9,1920,1080,0.013,7.4,70.3
Round3,Q2,1284,1284.0,JAMESON,0.3066,1908.5,467.6,11.5,25.7,1920,1080,0.014,1914.2,480.4
Round3,Q2,1291,1291.0,EMIRATES,0.8847,1168.4,434.3,47.7,17.6,1920,1080,0.041,1192.2,443.1
Round3,Q2,1297,1297.0,EMIRATES,0.9018,829.9,315.7,38.7,13.7,1920,1080,0.025,849.2,322.5
Round3,Q2,1297,1297.0,EMIRATES,0.888,1549.2,504.3,47.1,15.6,1920,1080,0.035,1572.7,512.1
Round3,Q2,1297,1297.0,EMIRATES,0.3422,1632.9,847.1,41.0,19.8,1920,1080,0.039,1653.4,857.1
Round3,Q2,1298,1298.0,EMIRATES,0.8941,1002.2,403.1,36.5,16.4,1920,1080,0.029,1020.4,411.3
Round3,Q2,1299,1299.0,EMIRATES,0.8907,1003.8,303.9,47.4,14.3,1920,1080,0.033,1027.5,311.1
Round3,Q2,1300,1300.0,EMIRATES,0.8916,963.7,365.3,48.9,28.2,1920,1080,0.066,988.1,379.4
Round3,Q2,1301,1301.0,EMIRATES,0.9033,1058.7,330.8,49.4,21.8,1920,1080,0.052,1083.4,341.7
Round3,Q2,1303,1303.0,EMIRATES,0.9047,1300.4,124.7,25.5,9.5,1920,1080,0.012,1313.1,129.4
Round3,Q2,1303,1303.0,EMIRATES,0.8661,978.1,845.7,39.0,13.9,1920,1080,0.026,997.6,852.6
Round3,Q2,1303,1303.0,EMIRATES,0.8632,391.9,566.3,32.7,10.0,1920,1080,0.016,408.2,571.3
Round3,Q2,1303,1303.0,EMIRATES,0.8251,676.0,305.8,34.4,11.1,1920,1080,0.018,693.2,311.4
Round3,Q2,1303,1303.0,EMIRATES,0.7783,1246.6,418.5,30.4,11.3,1920,1080,0.017,1261.7,424.1
Round3,Q2,1304,1304.0,EMIRATES,0.8943,686.3,719.2,39.6,13.1,1920,1080,0.025,706.1,725.8
Round3,Q2,1304,1304.0,EMIRATES,0.8794,857.3,492.2,35.7,10.8,1920,1080,0.019,875.2,497.7
Round3,Q2,1304,1304.0,EMIRATES,0.8203,705.5,263.7,23.7,10.7,1920,1080,0.012,717.4,269.1
Round3,Q2,1304,1304.0,EMIRATES,0.8101,1293.7,101.9,25.0,9.3,1920,1080,0.011,1306.3,106.6
Round3,Q2,1304,1304.0,EMIRATES,0.8053,1011.7,418.2,28.7,10.0,1920,1080,0.014,1026.0,423.3
Round3,Q2,1304,1304.0,EMIRATES,0.77,523.7,589.1,23.4,10.3,1920,1080,0.012,535.4,594.3
Round3,Q2,1304,1304.0,EMIRATES,0.436,1276.0,537.8,24.9,12.7,1920,1080,0.015,1288.5,544.2
Round3,Q2,1305,1305.0,EMIRATES,0.8777,565.5,591.1,35.5,13.3,1920,1080,0.023,583.3,597.8
Round3,Q2,1305,1305.0,EMIRATES,0.8649,887.6,377.7,27.5,14.1,1920,1080,0.019,901.4,384.8
Round3,Q2,1305,1305.0,EMIRATES,0.8215,1364.3,32.8,27.9,10.2,1920,1080,0.014,1378.2,38.0
Round3,Q2,1305,1305.0,EMIRATES,0.709,533.8,219.7,23.0,9.9,1920,1080,0.011,545.3,224.7
Round3,Q2,1306,1306.0,EMIRATES,0.9039,692.5,387.4,33.4,12.1,1920,1080,0.019,709.1,393.5
Round3,Q2,1306,1306.0,EMIRATES,0.8878,1269.9,394.4,44.7,28.3,1920,1080,0.061,1292.2,408.5
Round3,Q2,1306,1306.0,EMIRATES,0.8783,501.5,559.7,40.6,22.3,1920,1080,0.044,521.8,570.9
Round3,Q2,1306,1306.0,EMIRATES,0.8697,419.5,232.5,35.6,13.7,1920,1080,0.023,437.3,239.3
Round3,Q2,1306,1306.0,EMIRATES,0.8567,380.7,459.4,42.8,19.3,1920,1080,0.04,402.1,469.0
Round3,Q2,1307,1307.0,EMIRATES,0.8885,883.0,295.1,37.3,14.1,1920,1080,0.025,901.6,302.1
Round3,Q2,1307,1307.0,EMIRATES,0.7333,545.8,94.1,36.2,15.5,1920,1080,0.027,563.9,101.8
Round3,Q2,1308,1308.0,EMIRATES,0.9013,64.1,407.9,34.5,13.3,1920,1080,0.022,81.4,414.6
Round3,Q2,1308,1308.0,EMIRATES,0.8786,762.8,353.6,35.1,19.2,1920,1080,0.033,780.4,363.2
Round3,Q2,1308,1308.0,EMIRATES,0.8784,227.8,81.1,37.7,12.6,1920,1080,0.023,246.6,87.4
Round3,Q2,1308,1308.0,EMIRATES,0.8771,478.8,281.9,34.4,13.0,1920,1080,0.022,496.0,288.3
Round3,Q2,1308,1308.0,EMIRATES,0.8408,1169.1,378.6,48.7,15.6,1920,1080,0.037,1193.4,386.4
Round3,Q2,1308,1308.0,EMIRATES,0.8013,960.9,221.3,41.1,17.9,1920,1080,0.035,981.5,230.2
Round3,Q2,1309,1309.0,EMIRATES,0.8932,323.0,463.5,43.4,16.7,1920,1080,0.035,344.6,471.9
Round3,Q2,1309,1309.0,EMIRATES,0.8883,70.7,325.1,41.5,15.6,1920,1080,0.031,91.4,332.9
Round3,Q2,1309,1309.0,EMIRATES,0.8731,1635.8,473.5,38.3,16.2,1920,1080,0.03,1654.9,481.6
Round3,Q2,1309,1309.0,EMIRATES,0.8175,522.8,290.9,26.9,13.6,1920,1080,0.018,536.2,297.7
Round3,Q2,1310,1310.0,EMIRATES,0.8813,1570.4,627.2,53.0,20.7,1920,1080,0.053,1596.9,637.6
Round3,Q2,1310,1310.0,EMIRATES,0.833,885.4,149.6,28.5,11.8,1920,1080,0.016,899.6,155.4
Round3,Q2,1310,1310.0,EMIRATES,0.6545,963.0,272.3,42.8,15.0,1920,1080,0.031,984.4,279.8
Round3,Q2,1311,1311.0,EMIRATES,0.8816,1487.0,162.3,49.8,14.3,1920,1080,0.034,1511.9,169.5
Round3,Q2,1311,1311.0,EMIRATES,0.4169,1050.1,343.6,35.1,12.3,1920,1080,0.021,1067.6,349.7
Round3,Q2,1312,1312.0,EMIRATES,0.8772,701.6,111.9,45.0,19.3,1920,1080,0.042,724.1,121.5
Round3,Q2,1313,1313.0,EMIRATES,0.873,575.2,154.4,46.2,16.8,1920,1080,0.037,598.3,162.8
Round3,Q2,1313,1313.0,EMIRATES,0.8091,744.4,348.7,55.0,14.5,1920,1080,0.038,771.9,356.0
Round3,Q2,1314,1314.0,EMIRATES,0.8642,1166.1,258.5,46.0,18.4,1920,1080,0.041,1189.1,267.8
Round3,Q2,1318,1318.0,EMIRATES,0.8201,700.7,282.9,30.2,20.7,1920,1080,0.03,715.8,293.3
Round3,Q2,1320,1320.0,ACCESS_COVERS,0.5056,1523.2,127.9,82.4,17.3,1920,1080,0.069,1564.4,136.5
Round3,Q2,1320,1320.0,ACCESS_COVERS,0.4555,1099.0,136.1,74.8,17.7,1920,1080,0.064,1136.4,144.9
Round3,Q2,1321,1321.0,ACCESS_COVERS,0.4803,1886.5,261.5,33.4,25.6,1920,1080,0.041,1903.2,274.3
Round3,Q2,1322,1322.0,ACCESS_COVERS,0.5997,762.3,194.2,193.4,21.3,1920,1080,0.199,859.1,204.9
Round3,Q2,1322,1322.0,ACCESS_COVERS,0.4815,1124.6,313.6,215.9,24.1,1920,1080,0.251,1232.6,325.6
Round3,Q2,1322,1322.0,ACCESS_COVERS,0.4168,1422.0,182.0,206.1,21.1,1920,1080,0.21,1525.0,192.6
Round3,Q2,1322,1322.0,ACCESS_COVERS,0.3248,986.5,190.6,189.4,18.5,1920,1080,0.169,1081.2,199.9
Round3,Q2,1322,1322.0,ACCESS_COVERS,0.3242,59.2,208.1,208.2,23.7,1920,1080,0.238,163.3,219.9
Round3,Q2,1324,1324.0,EMIRATES,0.8535,125.5,596.3,92.6,26.3,1920,1080,0.117,171.8,609.5
Round3,Q2,1327,1327.0,EMIRATES,0.8872,120.0,472.2,67.2,22.2,1920,1080,0.072,153.6,483.3
Round3,Q2,1327,1327.0,EMIRATES,0.8129,1234.3,762.8,79.6,23.5,1920,1080,0.09,1274.1,774.5
Round3,Q2,1328,1328.0,EMIRATES,0.8984,462.5,692.7,65.3,24.7,1920,1080,0.078,495.2,705.1
Round3,Q2,1328,1328.0,EMIRATES,0.8697,423.5,474.6,57.4,18.8,1920,1080,0.052,452.2,484.0
Round3,Q2,1332,1332.0,EMIRATES,0.8833,704.5,520.4,35.2,22.1,1920,1080,0.037,722.1,531.5
Round3,Q2,1332,1332.0,EMIRATES,0.3762,407.5,474.8,31.1,20.7,1920,1080,0.031,423.1,485.2
Round3,Q2,1333,1333.0,EMIRATES,0.8725,452.2,638.3,45.4,16.6,1920,1080,0.036,474.8,646.6
Round3,Q2,1333,1333.0,EMIRATES,0.8648,1098.8,577.8,40.5,17.6,1920,1080,0.034,1119.0,586.6
Round3,Q2,1333,1333.0,EMIRATES,0.8452,1179.2,889.6,36.3,16.6,1920,1080,0.029,1197.3,897.8
Round3,Q2,1333,1333.0,EMIRATES,0.8337,744.2,543.4,39.2,17.7,1920,1080,0.033,763.8,552.2
Round3,Q2,1334,1334.0,EMIRATES,0.881,206.5,479.3,49.9,17.3,1920,1080,0.042,231.5,487.9
Round3,Q2,1334,1334.0,EMIRATES,0.8605,327.6,866.9,37.4,21.9,1920,1080,0.039,346.3,877.8
Round3,Q2,1334,1334.0,EMIRATES,0.8038,1603.0,342.8,45.5,18.0,1920,1080,0.039,1625.8,351.8
Round3,Q2,1334,1334.0,EMIRATES,0.7791,633.1,329.1,31.8,28.9,1920,1080,0.044,649.0,343.5
Round3,Q2,1334,1334.0,EMIRATES,0.5758,726.3,419.0,38.8,14.9,1920,1080,0.028,745.7,426.5
Round3,Q2,1335,1335.0,EMIRATES,0.8523,399.5,393.8,62.6,21.1,1920,1080,0.064,430.8,404.3
Round3,Q2,1335,1335.0,EMIRATES,0.8453,1122.2,243.8,53.9,18.4,1920,1080,0.048,1149.1,253.0
Round3,Q2,1335,1335.0,EMIRATES,0.8334,563.4,853.5,61.3,20.8,1920,1080,0.061,594.0,863.9
Round3,Q2,1335,1335.0,EMIRATES,0.805,723.0,334.2,61.9,19.0,1920,1080,0.057,753.9,343.7
Round3,Q2,1335,1335.0,EMIRATES,0.7672,1007.1,275.8,46.2,20.0,1920,1080,0.045,1030.2,285.8
Round3,Q2,1336,1336.0,EMIRATES,0.9017,1707.2,214.4,37.6,18.4,1920,1080,0.033,1726.0,223.6
Round3,Q2,1336,1336.0,EMIRATES,0.8854,967.1,288.4,62.4,19.1,1920,1080,0.057,998.3,297.9
Round3,Q2,1336,1336.0,EMIRATES,0.8753,1306.5,254.6,58.6,20.3,1920,1080,0.057,1335.8,264.7
Round3,Q2,1336,1336.0,EMIRATES,0.7691,864.5,343.8,40.3,20.9,1920,1080,0.041,884.7,354.3
Round3,Q2,1337,1337.0,EMIRATES,0.8533,850.1,207.5,36.5,30.4,1920,1080,0.054,868.4,222.6
Round3,Q2,1338,1338.0,EMIRATES,0.8928,889.9,189.8,47.5,32.5,1920,1080,0.074,913.6,206.1
Round3,Q2,1339,1339.0,EMIRATES,0.8261,875.1,181.5,32.7,33.6,1920,1080,0.053,891.5,198.3
Round3,Q2,1340,1340.0,EMIRATES,0.8947,815.1,202.3,67.4,35.9,1920,1080,0.117,848.8,220.3
Round3,Q2,1341,1341.0,EMIRATES,0.9031,749.5,187.4,49.5,34.1,1920,1080,0.081,774.3,204.5
Round3,Q2,1342,1342.0,EMIRATES,0.9079,761.2,184.8,55.6,29.5,1920,1080,0.079,789.0,199.5
Round3,Q2,1344,1344.0,EMIRATES,0.8915,983.9,273.2,63.6,20.4,1920,1080,0.062,1015.7,283.4
Round3,Q2,1352,1352.0,EMIRATES,0.8536,893.5,250.5,64.3,25.9,1920,1080,0.08,925.6,263.5
Round3,Q2,1353,1353.0,EMIRATES,0.8613,1454.4,264.4,59.1,18.7,1920,1080,0.053,1484.0,273.8
Round3,Q2,1354,1354.0,EMIRATES,0.8715,60.7,951.1,59.9,22.0,1920,1080,0.064,90.6,962.1
Round3,Q2,1354,1354.0,EMIRATES,0.8406,580.7,1003.7,30.4,20.7,1920,1080,0.03,595.9,1014.1
Round3,Q2,1355,1355.0,EMIRATES,0.892,779.0,531.7,50.3,21.5,1920,1080,0.052,804.2,542.4
Round3,Q2,1355,1355.0,EMIRATES,0.8914,153.7,203.5,39.6,16.6,1920,1080,0.032,173.5,211.9
Round3,Q2,1355,1355.0,EMIRATES,0.8747,1509.0,101.9,40.7,14.3,1920,1080,0.028,1529.4,109.1
Round3,Q2,1355,1355.0,EMIRATES,0.8507,447.1,173.3,43.9,15.6,1920,1080,0.033,469.0,181.1
Round3,Q2,1356,1356.0,EMIRATES,0.8537,873.2,497.9,54.1,21.2,1920,1080,0.055,900.2,508.5
Round3,Q2,1356,1356.0,EMIRATES,0.847,419.6,841.7,37.6,22.7,1920,1080,0.041,438.4,853.1
Round3,Q2,1357,1357.0,EMIRATES,0.8764,238.7,725.5,33.7,16.4,1920,1080,0.027,255.6,733.6
Round3,Q2,1357,1357.0,EMIRATES,0.8706,51.0,376.7,42.3,14.3,1920,1080,0.029,72.2,383.9
Round3,Q2,1357,1357.0,EMIRATES,0.8581,510.2,432.4,55.4,15.4,1920,1080,0.041,537.9,440.2
Round3,Q2,1357,1357.0,EMIRATES,0.7333,120.3,687.4,37.6,17.2,1920,1080,0.031,139.1,696.0
Round3,Q2,1358,1358.0,EMIRATES,0.8804,504.7,333.3,52.6,16.9,1920,1080,0.043,531.0,341.8
Round3,Q2,1358,1358.0,EMIRATES,0.8521,1489.2,863.0,59.5,18.1,1920,1080,0.052,1518.9,872.0
Round3,Q2,1358,1358.0,EMIRATES,0.6248,1281.3,369.2,42.3,17.0,1920,1080,0.035,1302.5,377.7
Round3,Q2,1359,1359.0,EMIRATES,0.8802,841.4,217.1,50.7,21.3,1920,1080,0.052,866.8,227.8
Round3,Q2,1359,1359.0,EMIRATES,0.8717,270.6,994.6,54.7,28.0,1920,1080,0.074,297.9,1008.6
Round3,Q2,1359,1359.0,EMIRATES,0.7455,980.8,288.0,51.8,15.9,1920,1080,0.04,1006.8,296.0
Round3,Q2,1360,1360.0,EMIRATES,0.9065,750.8,139.0,53.4,20.0,1920,1080,0.052,777.5,149.0
Round3,Q2,1361,1361.0,EMIRATES,0.8938,1858.3,856.4,51.2,31.1,1920,1080,0.077,1883.9,871.9
Round3,Q2,1362,1362.0,EMIRATES,0.896,505.1,218.3,74.7,23.9,1920,1080,0.086,542.5,230.2
Round3,Q2,1362,1362.0,EMIRATES,0.7868,1693.5,59.6,51.0,22.1,1920,1080,0.054,1719.0,70.6
Round3,Q2,1363,1363.0,EMIRATES,0.886,1768.5,176.8,62.4,20.2,1920,1080,0.061,1799.7,186.9
Round3,Q2,1363,1363.0,EMIRATES,0.8784,723.6,229.1,65.7,26.5,1920,1080,0.084,756.5,242.4
Round3,Q2,1364,1364.0,EMIRATES,0.8802,873.4,321.4,41.9,21.3,1920,1080,0.043,894.4,332.0
Round3,Q2,1364,1364.0,EMIRATES,0.8655,601.8,354.3,38.6,26.1,1920,1080,0.049,621.1,367.4
Round3,Q2,1364,1364.0,EMIRATES,0.7142,43.1,970.3,53.0,21.8,1920,1080,0.056,69.6,981.1
Round3,Q2,1364,1364.0,EMIRATES,0.6881,1622.4,252.8,44.0,17.2,1920,1080,0.036,1644.4,261.4
Round3,Q2,1364,1364.0,EMIRATES,0.4489,919.6,494.5,55.3,31.1,1920,1080,0.083,947.2,510.0
Round3,Q2,1365,1365.0,EMIRATES,0.9053,124.4,938.1,68.4,28.7,1920,1080,0.095,158.6,952.4
Round3,Q2,1365,1365.0,EMIRATES,0.896,1108.0,307.8,64.0,19.5,1920,1080,0.06,1140.0,317.5
Round3,Q2,1365,1365.0,EMIRATES,0.8708,1364.0,300.0,57.7,17.3,1920,1080,0.048,1392.8,308.7
Round3,Q2,1366,1366.0,EMIRATES,0.8854,27.4,769.1,39.0,29.8,1920,1080,0.056,46.9,783.9
Round3,Q2,1366,1366.0,EMIRATES,0.8778,908.8,400.9,53.0,20.1,1920,1080,0.051,935.3,410.9
Round3,Q2,1366,1366.0,EMIRATES,0.868,1210.1,347.4,49.0,20.0,1920,1080,0.047,1234.6,357.5
Round3,Q2,1366,1366.0,EMIRATES,0.6184,163.9,1030.3,40.3,20.0,1920,1080,0.039,184.0,1040.3
Round3,Q2,1367,1367.0,EMIRATES,0.895,1217.7,360.0,46.9,16.8,1920,1080,0.038,1241.1,368.4
Round3,Q2,1367,1367.0,EMIRATES,0.8751,331.8,913.4,55.6,21.8,1920,1080,0.058,359.6,924.3
Round3,Q2,1367,1367.0,EMIRATES,0.8424,587.8,454.7,50.6,16.8,1920,1080,0.041,613.1,463.1
Round3,Q2,1368,1368.0,EMIRATES,0.8907,6.1,723.2,48.5,18.8,1920,1080,0.044,30.3,732.6
Round3,Q2,1368,1368.0,EMIRATES,0.8835,300.8,848.4,52.3,20.9,1920,1080,0.053,326.9,858.8
Round3,Q2,1368,1368.0,EMIRATES,0.8776,254.1,489.5,48.9,18.1,1920,1080,0.043,278.6,498.6
Round3,Q2,1368,1368.0,EMIRATES,0.838,1102.5,344.4,45.1,15.3,1920,1080,0.033,1125.0,352.1
Round3,Q2,1369,1369.0,EMIRATES,0.9008,706.4,499.8,44.6,16.1,1920,1080,0.035,728.7,507.8
Round3,Q2,1369,1369.0,EMIRATES,0.8863,1284.1,743.1,52.1,18.0,1920,1080,0.045,1310.2,752.1
Round3,Q2,1369,1369.0,EMIRATES,0.879,138.8,616.5,40.1,14.6,1920,1080,0.028,158.9,623.8
Round3,Q2,1369,1369.0,EMIRATES,0.8754,61.6,775.2,47.2,21.1,1920,1080,0.048,85.2,785.8
Round3,Q2,1369,1369.0,EMIRATES,0.8527,842.5,307.5,42.7,14.0,1920,1080,0.029,863.9,314.5
Round3,Q2,1370,1370.0,EMIRATES,0.893,1444.7,678.5,39.2,15.4,1920,1080,0.029,1464.3,686.2
Round3,Q2,1370,1370.0,EMIRATES,0.8799,594.6,408.2,45.1,14.2,1920,1080,0.031,617.2,415.3
Round3,Q2,1370,1370.0,EMIRATES,0.8445,705.9,283.1,34.3,12.3,1920,1080,0.02,723.1,289.3
Round3,Q2,1371,1371.0,EMIRATES,0.8959,503.3,354.0,32.3,17.4,1920,1080,0.027,519.5,362.7
Round3,Q2,1371,1371.0,EMIRATES,0.8957,1483.2,641.3,39.6,14.3,1920,1080,0.027,1503.0,648.5
Round3,Q2,1371,1371.0,EMIRATES,0.8872,193.9,443.9,46.3,13.5,1920,1080,0.03,217.0,450.7
Round3,Q2,1371,1371.0,EMIRATES,0.8345,656.4,289.1,30.3,11.6,1920,1080,0.017,671.6,294.9
Round3,Q2,1372,1372.0,EMIRATES,0.9049,1522.6,626.4,38.2,12.8,1920,1080,0.024,1541.7,632.8
Round3,Q2,1372,1372.0,EMIRATES,0.8823,246.1,409.5,38.6,11.1,1920,1080,0.021,265.4,415.0
Round3,Q2,1373,1373.0,EMIRATES,0.9006,1531.1,615.5,36.4,12.9,1920,1080,0.023,1549.3,622.0
Round3,Q2,1373,1373.0,EMIRATES,0.8495,363.6,401.3,29.5,11.8,1920,1080,0.017,378.3,407.2
Round3,Q2,1374,1374.0,EMIRATES,0.8505,165.1,428.9,26.7,10.8,1920,1080,0.014,178.5,434.3
Round3,Q2,1374,1374.0,EMIRATES,0.8138,933.4,382.6,21.9,10.5,1920,1080,0.011,944.4,387.8
Round3,Q2,1374,1374.0,EMIRATES,0.3466,1474.2,635.0,22.9,8.5,1920,1080,0.009,1485.6,639.3
Round3,Q2,1375,1375.0,EMIRATES,0.8273,1188.5,368.1,24.8,11.1,1920,1080,0.013,1200.9,373.6
Round3,Q2,1375,1375.0,EMIRATES,0.7714,135.8,461.9,23.0,10.2,1920,1080,0.011,147.3,467.0
Round3,Q2,1375,1375.0,EMIRATES,0.5984,1417.4,608.3,32.2,9.7,1920,1080,0.015,1433.5,613.2
Round3,Q2,1375,1375.0,EMIRATES,0.347,76.9,828.2,28.2,12.4,1920,1080,0.017,91.0,834.4
Round3,Q2,1376,1376.0,EMIRATES,0.851,330.3,810.0,28.9,14.8,1920,1080,0.021,344.8,817.4
Round3,Q2,1376,1376.0,EMIRATES,0.6298,155.5,487.3,21.7,10.8,1920,1080,0.011,166.3,492.7
Round3,Q2,1376,1376.0,EMIRATES,0.4006,1372.1,597.0,29.9,9.0,1920,1080,0.013,1387.1,601.6
Round3,Q2,1376,1376.0,EMIRATES,0.3752,1023.4,333.4,25.7,15.9,1920,1080,0.02,1036.2,341.4
Round3,Q2,1377,1377.0,EMIRATES,0.8869,261.1,807.6,44.6,15.8,1920,1080,0.034,283.4,815.5
Round3,Q2,1377,1377.0,EMIRATES,0.8517,1193.7,509.7,33.5,11.8,1920,1080,0.019,1210.5,515.6
Round3,Q2,1378,1378.0,EMIRATES,0.8934,248.0,834.0,45.1,18.2,1920,1080,0.04,270.5,843.1
Round3,Q2,1378,1378.0,EMIRATES,0.8912,1404.4,262.0,35.6,17.6,1920,1080,0.03,1422.2,270.8
Round3,Q2,1378,1378.0,EMIRATES,0.8861,1324.1,426.7,47.2,20.7,1920,1080,0.047,1347.7,437.1
Round3,Q2,1378,1378.0,EMIRATES,0.8342,438.0,225.2,27.6,12.9,1920,1080,0.017,451.8,231.6
Round3,Q2,1379,1379.0,EMIRATES,0.8949,165.3,934.2,50.1,19.1,1920,1080,0.046,190.3,943.7
Round3,Q2,1380,1380.0,EMIRATES,0.8813,1482.0,404.6,44.0,16.1,1920,1080,0.034,1504.0,412.7
Round3,Q2,1380,1380.0,EMIRATES,0.8661,1121.2,390.8,36.5,27.6,1920,1080,0.048,1139.5,404.5
Round3,Q2,1381,1381.0,EMIRATES,0.8497,433.1,379.6,47.6,16.3,1920,1080,0.038,457.0,387.7
Round3,Q2,1381,1381.0,EMIRATES,0.4623,1878.9,343.4,24.3,16.7,1920,1080,0.02,1891.1,351.7
Round3,Q2,1382,1382.0,EMIRATES,0.8852,335.7,434.0,54.8,16.8,1920,1080,0.044,363.1,442.5
Round3,Q2,1382,1382.0,EMIRATES,0.8714,1554.2,459.3,60.3,18.3,1920,1080,0.053,1584.3,468.5
Round3,Q2,1386,1386.0,EMIRATES,0.8603,1305.0,386.9,49.8,21.6,1920,1080,0.052,1329.9,397.7
Round3,Q2,1386,1386.0,EMIRATES,0.7188,1158.6,149.0,48.2,18.4,1920,1080,0.043,1182.7,158.2
Round3,Q2,1387,1387.0,EMIRATES,0.8361,1286.3,414.9,43.2,14.4,1920,1080,0.03,1307.9,422.1
Round3,Q2,1387,1387.0,EMIRATES,0.8256,322.9,184.5,46.5,18.3,1920,1080,0.041,346.2,193.7
Round3,Q2,1387,1387.0,EMIRATES,0.5796,1097.6,343.4,52.7,15.5,1920,1080,0.039,1124.0,351.2
Round3,Q2,1388,1388.0,EMIRATES,0.8558,847.7,244.1,50.8,15.3,1920,1080,0.038,873.1,251.7
Round3,Q2,1389,1389.0,EMIRATES,0.8808,1268.6,189.7,47.2,17.8,1920,1080,0.041,1292.2,198.6
Round3,Q2,1389,1389.0,EMIRATES,0.8163,1835.0,248.7,32.0,15.8,1920,1080,0.024,1851.0,256.6
Round3,Q2,1390,1390.0,EMIRATES,0.8806,1567.0,310.3,57.7,22.2,1920,1080,0.062,1595.9,321.4
Round3,Q2,1390,1390.0,EMIRATES,0.839,1272.2,45.2,50.3,27.1,1920,1080,0.066,1297.4,58.8
Round3,Q2,1390,1390.0,EMIRATES,0.7772,1224.9,233.6,37.8,27.3,1920,1080,0.05,1243.8,247.3
Round3,Q2,1391,1391.0,EMIRATES,0.8806,1056.4,323.6,35.9,18.5,1920,1080,0.032,1074.4,332.8
Round3,Q2,1391,1391.0,EMIRATES,0.6874,311.1,419.2,66.5,19.7,1920,1080,0.063,344.3,429.0
Round3,Q2,1391,1391.0,EMIRATES,0.4506,819.1,261.9,32.3,18.0,1920,1080,0.028,835.3,270.9
Round3,Q2,1392,1392.0,EMIRATES,0.8816,271.3,322.8,31.1,17.5,1920,1080,0.026,286.8,331.6
Round3,Q2,1392,1392.0,EMIRATES,0.8689,889.1,332.8,50.7,23.9,1920,1080,0.058,914.4,344.7
Round3,Q2,1393,1393.0,EMIRATES,0.8729,994.8,342.8,53.5,17.2,1920,1080,0.044,1021.5,351.3
Round3,Q2,1393,1393.0,EMIRATES,0.8656,532.2,214.9,41.0,13.2,1920,1080,0.026,552.7,221.6
Round3,Q2,1394,1394.0,EMIRATES,0.8156,727.1,291.8,29.0,26.3,1920,1080,0.037,741.6,305.0
Round3,Q2,1394,1394.0,EMIRATES,0.7369,23.8,275.5,25.4,16.3,1920,1080,0.02,36.5,283.7
Round3,Q2,1394,1394.0,EMIRATES,0.5872,0.0,200.6,32.6,14.7,1920,1080,0.023,16.3,208.0
Round3,Q2,1395,1395.0,EMIRATES,0.855,158.9,245.9,50.0,16.0,1920,1080,0.039,183.9,253.9
Round3,Q2,1395,1395.0,EMIRATES,0.8374,682.0,297.2,51.3,21.0,1920,1080,0.052,707.6,307.7
Round3,Q2,1395,1395.0,EMIRATES,0.8008,1019.7,265.0,49.4,21.3,1920,1080,0.051,1044.4,275.6
Round3,Q2,1400,1400.0,EMIRATES,0.8652,1178.3,498.2,44.3,17.9,1920,1080,0.038,1200.4,507.2
Round3,Q2,1400,1400.0,EMIRATES,0.8144,387.9,691.0,27.7,17.1,1920,1080,0.023,401.8,699.5
Round3,Q2,1400,1400.0,EMIRATES,0.6474,1858.8,180.3,26.5,20.5,1920,1080,0.026,1872.0,190.5
Round3,Q2,1401,1401.0,EMIRATES,0.8986,992.3,464.1,50.6,18.0,1920,1080,0.044,1017.6,473.1
Round3,Q2,1401,1401.0,EMIRATES,0.8791,405.6,797.0,54.8,18.9,1920,1080,0.05,433.0,806.5
Round3,Q2,1401,1401.0,EMIRATES,0.8204,1116.2,87.3,36.5,15.4,1920,1080,0.027,1134.4,95.0
Round3,Q2,1402,1402.0,EMIRATES,0.8921,1051.3,428.3,56.6,18.2,1920,1080,0.05,1079.6,437.4
Round3,Q2,1402,1402.0,EMIRATES,0.8573,317.3,467.2,72.9,20.9,1920,1080,0.073,353.7,477.6
Round3,Q2,1402,1402.0,EMIRATES,0.6304,1761.9,86.8,30.5,24.7,1920,1080,0.036,1777.2,99.1
Round3,Q2,1403,1403.0,EMIRATES,0.8523,89.8,105.5,51.6,21.8,1920,1080,0.054,115.6,116.4
Round3,Q2,1403,1403.0,EMIRATES,0.6181,706.3,482.3,37.0,35.1,1920,1080,0.063,724.7,499.8
Round3,Q2,1404,1404.0,EMIRATES,0.8898,1214.2,216.7,51.4,26.8,1920,1080,0.066,1239.9,230.2
Round3,Q2,1405,1405.0,EMIRATES,0.8604,1095.8,174.6,46.0,27.9,1920,1080,0.062,1118.8,188.5
Round3,Q2,1405,1405.0,EMIRATES,0.6305,938.4,576.4,25.4,22.1,1920,1080,0.027,951.1,587.5
Round3,Q2,1406,1406.0,EMIRATES,0.8561,948.2,431.9,31.0,23.3,1920,1080,0.035,963.7,443.6
Round3,Q2,1406,1406.0,EMIRATES,0.3754,769.7,60.4,36.3,23.3,1920,1080,0.041,787.9,72.1
Round3,Q2,1407,1407.0,EMIRATES,0.8993,992.8,390.9,41.1,16.5,1920,1080,0.033,1013.3,399.1
Round3,Q2,1407,1407.0,EMIRATES,0.5392,530.9,12.1,34.0,20.1,1920,1080,0.033,547.9,22.1
Round3,Q2,1408,1408.0,EMIRATES,0.9132,1084.3,335.0,35.9,16.5,1920,1080,0.029,1102.2,343.3
Round3,Q2,1411,1411.0,CYBERCX,0.4395,1600.8,16.3,104.0,77.5,1920,1080,0.389,1652.8,55.1
Round3,Q2,1412,1412.0,CYBERCX,0.7706,1554.5,14.3,101.3,72.3,1920,1080,0.353,1605.1,50.5
Round3,Q2,1413,1413.0,CYBERCX,0.6863,1516.7,11.4,93.1,71.6,1920,1080,0.322,1563.2,47.2
Round3,Q2,1414,1414.0,CYBERCX,0.6379,1476.6,4.7,107.3,70.9,1920,1080,0.367,1530.2,40.1
Round3,Q2,1415,1415.0,CYBERCX,0.791,1449.6,0.0,97.6,55.4,1920,1080,0.261,1498.4,27.7
Round3,Q2,1422,1422.0,EMIRATES,0.8829,944.3,461.8,43.5,26.5,1920,1080,0.056,966.1,475.0
Round3,Q2,1423,1423.0,EMIRATES,0.8673,617.2,593.9,52.0,20.0,1920,1080,0.05,643.3,603.9
Round3,Q2,1424,1424.0,EMIRATES,0.8999,1472.4,345.3,44.2,15.2,1920,1080,0.032,1494.5,352.9
Round3,Q2,1424,1424.0,EMIRATES,0.8648,619.0,202.2,47.0,15.0,1920,1080,0.034,642.5,209.7
Round3,Q2,1424,1424.0,EMIRATES,0.8514,182.7,220.1,44.8,15.3,1920,1080,0.033,205.1,227.7
Round3,Q2,1425,1425.0,EMIRATES,0.8717,1469.6,392.8,32.4,14.8,1920,1080,0.023,1485.8,400.2
Round3,Q2,1425,1425.0,EMIRATES,0.7671,291.3,166.7,31.4,17.5,1920,1080,0.027,307.0,175.5
Round3,Q2,1425,1425.0,EMIRATES,0.7478,0.0,277.0,25.4,15.9,1920,1080,0.019,12.7,285.0
Round3,Q2,1425,1425.0,EMIRATES,0.6083,602.6,402.4,40.9,21.7,1920,1080,0.043,623.0,413.3
Round3,Q2,1425,1425.0,EMIRATES,0.3089,912.3,386.9,48.8,15.6,1920,1080,0.037,936.7,394.7
Round3,Q2,1426,1426.0,EMIRATES,0.893,1522.0,333.9,39.0,17.3,1920,1080,0.033,1541.5,342.5
Round3,Q2,1426,1426.0,EMIRATES,0.8307,1156.7,422.7,39.5,19.4,1920,1080,0.037,1176.4,432.4
Round3,Q2,1426,1426.0,EMIRATES,0.787,322.4,362.6,35.1,17.2,1920,1080,0.029,340.0,371.2
Round3,Q2,1426,1426.0,EMIRATES,0.4142,1855.8,864.1,63.9,36.1,1920,1080,0.111,1887.7,882.2
Round3,Q2,1427,1427.0,EMIRATES,0.711,130.0,386.5,49.0,17.9,1920,1080,0.042,154.5,395.4
Round3,Q2,1428,1428.0,EMIRATES,0.8977,388.1,282.8,34.4,14.3,1920,1080,0.024,405.3,290.0
Round3,Q2,1428,1428.0,EMIRATES,0.8712,893.4,563.0,51.6,20.1,1920,1080,0.05,919.2,573.0
Round3,Q2,1428,1428.0,EMIRATES,0.514,1531.6,17.9,21.3,14.4,1920,1080,0.015,1542.2,25.1
Round3,Q2,1429,1429.0,EMIRATES,0.8093,7.8,310.4,24.7,17.7,1920,1080,0.021,20.2,319.2
Round3,Q2,1429,1429.0,EMIRATES,0.6173,1661.5,75.1,18.2,16.3,1920,1080,0.014,1670.6,83.2
Round3,Q2,1431,1431.0,EMIRATES,0.8724,1469.4,239.9,49.0,19.6,1920,1080,0.046,1493.9,249.7
Round3,Q2,1435,1435.0,EMIRATES,0.8706,15.4,1018.3,69.8,22.4,1920,1080,0.075,50.4,1029.5
Round3,Q2,1436,1436.0,EMIRATES,0.8862,1692.4,454.4,35.5,19.9,1920,1080,0.034,1710.2,464.4
Round3,Q2,1437,1437.0,EMIRATES,0.8929,579.8,333.0,47.5,14.9,1920,1080,0.034,603.5,340.4
Round3,Q2,1437,1437.0,EMIRATES,0.8905,911.0,448.6,46.5,21.8,1920,1080,0.049,934.3,459.4
Round3,Q2,1438,1438.0,EMIRATES,0.7101,705.8,343.9,53.9,16.3,1920,1080,0.042,732.8,352.0
Round3,Q2,1439,1439.0,EMIRATES,0.8523,878.2,363.9,48.2,12.7,1920,1080,0.03,902.3,370.3
Round3,Q2,1441,1441.0,EMIRATES,0.6656,1225.6,415.4,53.6,25.3,1920,1080,0.065,1252.4,428.1
Round3,Q2,1442,1442.0,EMIRATES,0.8739,1515.8,327.0,58.8,19.6,1920,1080,0.056,1545.1,336.8
Round3,Q2,1443,1443.0,EMIRATES,0.8773,1639.0,297.4,60.9,21.9,1920,1080,0.064,1669.4,308.3
Round3,Q2,1443,1443.0,EMIRATES,0.8672,1761.5,462.0,63.7,23.4,1920,1080,0.072,1793.3,473.7
Round3,Q2,1443,1443.0,EMIRATES,0.771,115.0,665.3,52.0,18.0,1920,1080,0.045,141.0,674.2
Round3,Q2,1443,1443.0,EMIRATES,0.3467,1066.3,493.5,44.7,40.6,1920,1080,0.088,1088.7,513.8
Round3,Q2,1444,1444.0,EMIRATES,0.8887,1834.9,572.5,69.9,24.6,1920,1080,0.083,1869.8,584.8
Round3,Q2,1444,1444.0,EMIRATES,0.8773,529.2,536.0,67.0,22.1,1920,1080,0.071,562.7,547.0
Round3,Q2,1445,1445.0,EMIRATES,0.8552,1176.0,611.7,51.3,30.7,1920,1080,0.076,1201.6,627.0
Round3,Q2,1446,1446.0,EMIRATES,0.8759,1579.5,237.2,59.6,32.9,1920,1080,0.094,1609.4,253.6
Round3,Q2,1457,1457.0,CRUSADER_CARAVANS,0.421,1698.1,340.4,76.9,11.4,1920,1080,0.042,1736.5,346.1
Round3,Q2,1462,1462.0,EMIRATES,0.8336,418.8,410.1,61.7,15.4,1920,1080,0.046,449.7,417.9
Round3,Q2,1463,1463.0,EMIRATES,0.8174,478.2,365.6,40.4,15.1,1920,1080,0.029,498.4,373.2
Round3,Q2,1464,1464.0,EMIRATES,0.6656,537.1,409.8,32.9,22.0,1920,1080,0.035,553.6,420.8
Round3,Q2,1467,1467.0,EMIRATES,0.8929,97.5,455.5,27.9,20.6,1920,1080,0.028,111.5,465.8
Round3,Q2,1467,1467.0,EMIRATES,0.8745,635.9,432.9,40.9,31.2,1920,1080,0.062,656.4,448.6
Round3,Q2,1468,1468.0,CRUSADER_CARAVANS,0.3419,0.0,43.8,1191.2,267.3,1920,1080,15.357,595.6,177.5
Round3,Q2,1483,1483.0,EMIRATES,0.875,610.6,587.1,50.8,24.2,1920,1080,0.059,636.0,599.2
Round3,Q2,1484,1484.0,EMIRATES,0.8677,188.1,566.4,48.6,14.7,1920,1080,0.034,212.4,573.8
Round3,Q2,1488,1488.0,EMIRATES,0.9026,402.9,402.3,55.4,28.1,1920,1080,0.075,430.7,416.4
Round3,Q2,1489,1489.0,EMIRATES,0.8894,466.1,379.4,39.1,32.8,1920,1080,0.062,485.7,395.8
Round3,Q2,1502,1502.0,EMIRATES,0.9066,802.8,453.9,43.1,16.4,1920,1080,0.034,824.3,462.1
Round3,Q2,1502,1502.0,EMIRATES,0.857,598.3,628.3,48.2,15.7,1920,1080,0.036,622.4,636.1
Round3,Q2,1503,1503.0,EMIRATES,0.9029,433.5,537.8,46.6,15.2,1920,1080,0.034,456.8,545.4
Round3,Q2,1503,1503.0,EMIRATES,0.8897,1407.8,600.6,33.8,14.6,1920,1080,0.024,1424.6,607.9
Round3,Q2,1503,1503.0,EMIRATES,0.7404,1424.9,323.1,29.7,10.8,1920,1080,0.015,1439.8,328.5
Round3,Q2,1503,1503.0,EMIRATES,0.6656,735.2,405.5,42.5,11.4,1920,1080,0.023,756.4,411.2
Round3,Q2,1504,1504.0,EMIRATES,0.8838,542.1,342.4,34.4,19.3,1920,1080,0.032,559.3,352.0
Round3,Q2,1504,1504.0,EMIRATES,0.8673,1873.8,391.6,46.0,14.9,1920,1080,0.033,1896.8,399.0
Round3,Q2,1504,1504.0,EMIRATES,0.8586,154.0,518.8,50.1,14.2,1920,1080,0.034,179.1,525.8
Round3,Q2,1505,1505.0,EMIRATES,0.8854,1497.3,309.9,49.2,17.9,1920,1080,0.042,1521.9,318.8
Round3,Q2,1505,1505.0,EMIRATES,0.8829,981.6,813.2,53.9,17.2,1920,1080,0.045,1008.6,821.8
Round3,Q2,1505,1505.0,EMIRATES,0.8208,1145.5,340.7,49.1,13.3,1920,1080,0.031,1170.0,347.3
Round3,Q2,1505,1505.0,EMIRATES,0.7701,547.4,302.9,29.0,20.7,1920,1080,0.029,561.9,313.2
Round3,Q2,1505,1505.0,EMIRATES,0.5617,75.5,934.5,67.6,32.2,1920,1080,0.105,109.3,950.6
Round3,Q2,1506,1506.0,EMIRATES,0.8503,138.8,926.4,39.3,15.2,1920,1080,0.029,158.5,934.0
Round3,Q2,1506,1506.0,EMIRATES,0.8228,585.9,423.5,47.2,16.5,1920,1080,0.038,609.5,431.7
Round3,Q2,1506,1506.0,EMIRATES,0.7446,407.3,386.9,47.5,11.6,1920,1080,0.027,431.0,392.7
Round3,Q2,1507,1507.0,EMIRATES,0.8568,548.8,696.4,56.5,15.6,1920,1080,0.042,577.0,704.2
Round3,Q2,1509,1509.0,EMIRATES,0.8793,25.2,749.0,48.9,16.5,1920,1080,0.039,49.6,757.2
Round3,Q2,1509,1509.0,EMIRATES,0.8681,678.0,514.8,45.8,16.1,1920,1080,0.035,700.9,522.8
Round3,Q2,1509,1509.0,EMIRATES,0.8192,1116.2,409.2,49.2,15.1,1920,1080,0.036,1140.8,416.7
Round3,Q2,1509,1509.0,EMIRATES,0.7446,1615.0,471.9,47.0,16.0,1920,1080,0.036,1638.5,479.9
Round3,Q2,1509,1509.0,EMIRATES,0.6538,654.0,322.5,37.4,16.5,1920,1080,0.03,672.6,330.7
Round3,Q2,1511,1511.0,EMIRATES,0.7778,1306.6,762.7,27.5,16.6,1920,1080,0.022,1320.3,771.0
Round3,Q2,1514,1514.0,EMIRATES,0.8848,204.3,700.8,56.5,20.3,1920,1080,0.055,232.6,710.9
Round3,Q2,1517,1517.0,EMIRATES,0.8308,1525.9,725.0,55.8,18.8,1920,1080,0.051,1553.8,734.4
Round3,Q2,1517,1517.0,EMIRATES,0.5917,898.0,448.9,31.6,15.6,1920,1080,0.024,913.8,456.7
Round3,Q2,1517,1517.0,EMIRATES,0.5025,1059.5,520.0,50.3,31.7,1920,1080,0.077,1084.7,535.8
Round3,Q2,1519,1519.0,EMIRATES,0.8838,375.2,358.0,42.9,21.0,1920,1080,0.044,396.6,368.5
Round3,Q2,1519,1519.0,EMIRATES,0.8608,37.2,794.8,65.7,19.4,1920,1080,0.062,70.1,804.6
Round3,Q2,1521,1521.0,EMIRATES,0.8697,509.2,384.6,71.9,28.3,1920,1080,0.098,545.1,398.7
Round3,Q2,1521,1521.0,EMIRATES,0.8286,1288.6,197.5,31.6,24.3,1920,1080,0.037,1304.4,209.7
Round3,Q2,1522,1522.0,EMIRATES,0.878,987.6,205.7,47.2,19.3,1920,1080,0.044,1011.2,215.3
Round3,Q2,1523,1523.0,EMIRATES,0.893,218.0,751.7,186.1,61.7,1920,1080,0.553,311.0,782.5
Round3,Q2,1523,1523.0,EMIRATES,0.882,1837.9,257.7,82.1,39.0,1920,1080,0.154,1878.9,277.2
Round3,Q2,1523,1523.0,EMIRATES,0.8543,59.5,329.2,100.6,47.3,1920,1080,0.23,109.8,352.9
Round3,Q2,1523,1523.0,CYBERCX,0.8123,1818.5,869.7,101.5,133.2,1920,1080,0.652,1869.2,936.3
Round3,Q2,1523,1523.0,CYBERCX,0.7989,555.6,245.1,373.1,157.2,1920,1080,2.829,742.2,323.7
Round3,Q2,1523,1523.0,EMIRATES,0.7235,1014.9,642.1,124.6,22.0,1920,1080,0.132,1077.1,653.1
Round3,Q2,1524,1524.0,EMIRATES,0.8894,75.7,654.0,92.3,57.0,1920,1080,0.254,121.9,682.5
Round3,Q2,1524,1524.0,EMIRATES,0.8762,861.2,509.5,123.8,33.3,1920,1080,0.199,923.0,526.2
Round3,Q2,1524,1524.0,EMIRATES,0.8599,1697.4,151.5,120.1,38.6,1920,1080,0.224,1757.5,170.8
Round3,Q2,1524,1524.0,CYBERCX,0.8466,1714.0,762.3,174.7,121.1,1920,1080,1.02,1801.4,822.8
Round3,Q2,1524,1524.0,CYBERCX,0.7943,448.8,134.2,378.4,150.9,1920,1080,2.754,637.9,209.7
Round3,Q2,1525,1525.0,EMIRATES,0.8966,889.9,506.8,126.2,35.5,1920,1080,0.216,953.0,524.5
Round3,Q2,1525,1525.0,EMIRATES,0.8581,1678.5,159.0,120.1,37.9,1920,1080,0.22,1738.5,178.0
Round3,Q2,1525,1525.0,CYBERCX,0.8366,1707.2,762.0,168.9,121.8,1920,1080,0.992,1791.7,822.9
Round3,Q2,1525,1525.0,EMIRATES,0.8093,93.8,666.6,44.2,59.2,1920,1080,0.126,115.9,696.2
Round3,Q2,1525,1525.0,CYBERCX,0.7201,445.1,127.8,389.3,162.2,1920,1080,3.045,639.7,208.9
Round3,Q2,1526,1526.0,EMIRATES,0.8829,1581.3,161.2,119.5,39.0,1920,1080,0.225,1641.1,180.7
Round3,Q2,1526,1526.0,CYBERCX,0.8647,1617.8,760.1,171.2,121.8,1920,1080,1.006,1703.4,821.0
Round3,Q2,1526,1526.0,EMIRATES,0.8315,972.0,548.1,97.9,52.5,1920,1080,0.248,1021.0,574.3
Round3,Q2,1526,1526.0,CYBERCX,0.7386,351.2,121.3,381.2,165.0,1920,1080,3.034,541.8,203.8
Round3,Q2,1526,1526.0,EMIRATES,0.4791,0.1,668.1,15.2,54.2,1920,1080,0.04,7.7,695.1
Round3,Q2,1533,1533.0,CYBERCX,0.8752,309.1,830.1,454.6,145.9,1920,1080,3.198,536.5,903.1
Round3,Q2,1533,1533.0,CYBERCX,0.5361,1391.2,872.2,267.2,82.4,1920,1080,1.062,1524.8,913.4
Round3,Q2,1533,1533.0,CYBERCX,0.4494,104.7,159.1,273.3,194.1,1920,1080,2.558,241.3,256.2
Round3,Q2,1534,1534.0,CYBERCX,0.8417,301.6,845.2,443.2,135.4,1920,1080,2.894,523.2,912.9
Round3,Q2,1534,1534.0,CYBERCX,0.8056,1449.8,883.8,198.4,69.3,1920,1080,0.663,1549.0,918.5
Round3,Q2,1535,1535.0,EMIRATES,0.8353,704.9,709.5,40.6,15.0,1920,1080,0.029,725.2,717.0
Round3,Q2,1535,1535.0,EMIRATES,0.6281,888.7,588.3,40.2,12.2,1920,1080,0.024,908.8,594.4
Round3,Q2,1535,1535.0,EMIRATES,0.6204,1099.0,585.3,21.6,10.1,1920,1080,0.011,1109.8,590.4
Round3,Q2,1536,1536.0,EMIRATES,0.8831,1182.3,528.5,40.8,15.3,1920,1080,0.03,1202.7,536.1
Round3,Q2,1536,1536.0,EMIRATES,0.8826,688.7,538.8,45.2,13.9,1920,1080,0.03,711.3,545.8
Round3,Q2,1536,1536.0,EMIRATES,0.8718,992.0,405.6,42.7,14.7,1920,1080,0.03,1013.3,413.0
Round3,Q2,1536,1536.0,EMIRATES,0.8495,470.4,451.0,49.2,15.2,1920,1080,0.036,495.0,458.6
Round3,Q2,1536,1536.0,EMIRATES,0.5928,333.5,347.6,25.4,19.5,1920,1080,0.024,346.2,357.4
Round3,Q2,1537,1537.0,EMIRATES,0.9034,1399.7,621.2,46.2,15.9,1920,1080,0.035,1422.8,629.1
Round3,Q2,1537,1537.0,EMIRATES,0.8944,733.5,621.0,48.9,14.2,1920,1080,0.034,758.0,628.1
Round3,Q2,1537,1537.0,EMIRATES,0.8904,239.9,571.4,50.1,16.5,1920,1080,0.04,264.9,579.7
Round3,Q2,1537,1537.0,EMIRATES,0.8879,1324.4,400.8,47.2,23.3,1920,1080,0.053,1348.0,412.4
Round3,Q2,1537,1537.0,EMIRATES,0.8194,1405.6,483.1,36.1,14.2,1920,1080,0.025,1423.7,490.2
Round3,Q2,1537,1537.0,EMIRATES,0.785,718.0,392.8,34.9,22.0,1920,1080,0.037,735.5,403.8
Round3,Q2,1538,1538.0,EMIRATES,0.8988,622.8,668.3,51.4,17.1,1920,1080,0.042,648.5,676.8
Round3,Q2,1538,1538.0,EMIRATES,0.8784,1753.0,559.2,52.2,17.9,1920,1080,0.045,1779.1,568.2
Round3,Q2,1538,1538.0,EMIRATES,0.869,1510.6,700.7,49.8,17.0,1920,1080,0.041,1535.4,709.2
Round3,Q2,1538,1538.0,EMIRATES,0.6564,748.6,335.2,41.5,15.0,1920,1080,0.03,769.3,342.7
Round3,Q2,1538,1538.0,EMIRATES,0.4472,1634.9,411.0,43.9,16.0,1920,1080,0.034,1656.9,419.0
Round3,Q2,1551,1551.0,EMIRATES,0.8939,66.8,916.5,74.6,30.1,1920,1080,0.108,104.1,931.5
Round3,Q2,1552,1552.0,EMIRATES,0.8997,352.1,812.6,72.0,20.5,1920,1080,0.071,388.1,822.9
Round3,Q2,1553,1553.0,EMIRATES,0.8543,816.0,721.9,73.2,21.1,1920,1080,0.074,852.6,732.4
Round3,Q2,1556,1556.0,EMIRATES,0.8941,739.7,452.5,46.3,20.6,1920,1080,0.046,762.8,462.7
Round3,Q2,1556,1556.0,EMIRATES,0.8383,827.2,641.2,49.0,21.8,1920,1080,0.052,851.7,652.1
Round3,Q2,1556,1556.0,EMIRATES,0.5657,1138.9,401.6,41.4,15.4,1920,1080,0.031,1159.6,409.3
Round3,Q2,1557,1557.0,EMIRATES,0.8625,299.5,500.7,50.5,13.1,1920,1080,0.032,324.8,507.3
Round3,Q2,1557,1557.0,EMIRATES,0.7774,1710.2,242.4,47.4,18.7,1920,1080,0.043,1733.9,251.8
Round3,Q2,1557,1557.0,EMIRATES,0.3067,1624.6,268.9,22.1,14.5,1920,1080,0.015,1635.7,276.2
Round3,Q2,1561,1561.0,EMIRATES,0.8616,524.8,508.1,49.1,17.0,1920,1080,0.04,549.3,516.6
Round3,Q2,1561,1561.0,CRUSADER_CARAVANS,0.8349,1234.9,26.4,417.6,186.5,1920,1080,3.755,1443.7,119.7
Round3,Q2,1562,1562.0,CRUSADER_CARAVANS,0.8639,0.0,455.0,53.8,47.8,1920,1080,0.124,26.9,478.9
Round3,Q2,1562,1562.0,CRUSADER_CARAVANS,0.8529,0.0,911.7,66.7,73.0,1920,1080,0.235,33.4,948.2
Round3,Q2,1562,1562.0,CRUSADER_CARAVANS,0.8507,72.4,899.9,90.1,53.4,1920,1080,0.232,117.4,926.6
Round3,Q2,1562,1562.0,CRUSADER_CARAVANS,0.8399,1022.6,729.1,85.6,45.7,1920,1080,0.189,1065.4,751.9
Round3,Q2,1562,1562.0,CRUSADER_CARAVANS,0.8204,552.3,799.5,87.0,47.9,1920,1080,0.201,595.8,823.5
Round3,Q2,1562,1562.0,CRUSADER_CARAVANS,0.8152,50.6,428.0,358.5,61.0,1920,1080,1.055,229.8,458.5
Round3,Q2,1562,1562.0,CRUSADER_CARAVANS,0.8014,1524.8,327.6,391.5,48.9,1920,1080,0.923,1720.6,352.0
Round3,Q2,1562,1562.0,CRUSADER_CARAVANS,0.7857,1438.7,348.0,83.2,33.8,1920,1080,0.135,1480.3,364.8
Round3,Q2,1562,1562.0,CRUSADER_CARAVANS,0.777,620.0,385.2,351.6,52.2,1920,1080,0.885,795.9,411.3
Round3,Q2,1562,1562.0,CRUSADER_CARAVANS,0.769,1061.4,356.5,367.3,46.1,1920,1080,0.817,1245.0,379.5
Round3,Q2,1562,1562.0,CRUSADER_CARAVANS,0.7148,1579.1,647.6,340.9,60.5,1920,1080,0.994,1749.6,677.8
Round3,Q2,1562,1562.0,CRUSADER_CARAVANS,0.637,164.9,852.4,186.0,81.1,1920,1080,0.727,258.0,892.9
Round3,Q2,1562,1562.0,CRUSADER_CARAVANS,0.5842,1495.0,674.7,83.7,37.7,1920,1080,0.152,1536.8,693.5
Round3,Q2,1562,1562.0,CRUSADER_CARAVANS,0.5219,970.4,376.7,93.1,36.6,1920,1080,0.164,1016.9,395.0
Round3,Q2,1566,1566.0,EMIRATES,0.8655,1296.7,824.6,132.0,42.1,1920,1080,0.268,1362.7,845.7
Round3,Q2,1567,1567.0,EMIRATES,0.871,535.8,757.5,133.8,44.3,1920,1080,0.286,602.7,779.7
Round3,Q2,1568,1568.0,EMIRATES,0.8499,505.4,774.0,137.9,60.7,1920,1080,0.404,574.4,804.4
Round3,Q2,1569,1569.0,EMIRATES,0.8633,1454.0,856.9,135.1,57.0,1920,1080,0.371,1521.5,885.4
Round3,Q2,1570,1570.0,EMIRATES,0.8708,307.9,129.1,116.7,36.6,1920,1080,0.206,366.3,147.5
Round3,Q2,1570,1570.0,CRUSADER_CARAVANS,0.331,1031.8,165.6,888.2,383.6,1920,1080,16.433,1475.9,357.4
Round3,Q2,1571,1571.0,EMIRATES,0.7888,1589.7,94.3,78.5,34.0,1920,1080,0.129,1628.9,111.3
Round3,Q2,1576,1576.0,EMIRATES,0.8847,1454.0,567.3,128.1,37.5,1920,1080,0.232,1518.1,586.1
Round3,Q2,1577,1577.0,EMIRATES,0.8846,1057.8,674.8,84.3,41.8,1920,1080,0.17,1099.9,695.8
Round3,Q2,1578,1578.0,EMIRATES,0.8876,746.7,699.2,127.3,43.9,1920,1080,0.269,810.3,721.2
Round3,Q2,1579,1579.0,EMIRATES,0.8696,182.7,821.9,132.3,63.8,1920,1080,0.407,248.8,853.7
Round3,Q2,1593,1593.0,EMIRATES,0.5911,700.3,1034.4,47.4,30.8,1920,1080,0.07,724.0,1049.8
Round3,Q2,1594,1594.0,EMIRATES,0.808,1427.5,849.1,81.1,32.6,1920,1080,0.127,1468.1,865.3
Round3,Q2,1595,1595.0,EMIRATES,0.7066,409.9,947.7,91.0,59.2,1920,1080,0.26,455.3,977.3
Round3,Q2,1595,1595.0,CYBERCX,0.5859,496.8,765.3,84.4,84.1,1920,1080,0.342,539.0,807.3
Round3,Q2,1601,1601.0,EMIRATES,0.9001,1167.6,125.5,73.8,26.4,1920,1080,0.094,1204.5,138.7
Round3,Q2,1601,1601.0,EMIRATES,0.8831,427.9,269.9,60.6,24.8,1920,1080,0.072,458.2,282.3
Round3,Q2,1601,1601.0,EMIRATES,0.7734,1020.1,401.7,37.4,22.6,1920,1080,0.041,1038.8,413.0
Round3,Q2,1602,1602.0,EMIRATES,0.8914,1143.4,174.3,62.2,31.6,1920,1080,0.095,1174.5,190.1
Round3,Q2,1602,1602.0,EMIRATES,0.8911,1475.3,58.4,83.3,34.8,1920,1080,0.14,1517.0,75.8
Round3,Q2,1602,1602.0,EMIRATES,0.8335,2.2,224.4,99.3,37.7,1920,1080,0.181,51.8,243.3
Round3,Q2,1603,1603.0,EMIRATES,0.8864,552.7,286.6,60.4,22.1,1920,1080,0.064,582.9,297.7
Round3,Q2,1604,1604.0,EMIRATES,0.8933,344.9,345.8,60.4,19.4,1920,1080,0.056,375.1,355.5
Round3,Q2,1605,1605.0,EMIRATES,0.8842,879.1,334.0,66.6,21.2,1920,1080,0.068,912.4,344.6
Round3,Q2,1606,1606.0,EMIRATES,0.8888,1571.9,406.3,67.8,28.2,1920,1080,0.092,1605.8,420.3
Round3,Q2,1606,1606.0,EMIRATES,0.7606,365.2,224.1,35.0,30.1,1920,1080,0.051,382.8,239.1
Round3,Q2,1607,1607.0,EMIRATES,0.3098,944.7,741.1,30.7,30.9,1920,1080,0.046,960.1,756.6
Round3,Q2,1610,1610.0,EMIRATES,0.8813,984.3,312.3,327.4,106.7,1920,1080,1.684,1148.0,365.7
Round3,Q2,1610,1610.0,CYBERCX,0.7498,1826.4,1023.6,60.0,20.3,1920,1080,0.059,1856.4,1033.7
Round3,Q2,1611,1611.0,CYBERCX,0.3114,1844.4,1033.0,67.2,21.6,1920,1080,0.07,1878.0,1043.9
Round3,Q2,1612,1612.0,EMIRATES,0.8791,1284.8,282.6,196.3,82.9,1920,1080,0.785,1383.0,324.0
Round3,Q2,1613,1613.0,CYBERCX,0.8858,1597.5,1029.4,210.6,50.6,1920,1080,0.514,1702.8,1054.7
Round3,Q2,1613,1613.0,CYBERCX,0.8509,823.2,1034.6,112.4,45.4,1920,1080,0.246,879.4,1057.3
Round3,Q2,1613,1613.0,CYBERCX,0.7464,651.4,188.6,73.1,97.3,1920,1080,0.343,687.9,237.3
Round3,Q2,1613,1613.0,CYBERCX,0.6968,836.4,215.8,117.5,69.4,1920,1080,0.393,895.1,250.5
Round3,Q2,1613,1613.0,CYBERCX,0.4808,1377.6,207.1,55.5,88.2,1920,1080,0.236,1405.4,251.2
Round3,Q2,1613,1613.0,CYBERCX,0.3294,1762.4,838.4,59.4,45.8,1920,1080,0.131,1792.1,861.3
Round3,Q2,1614,1614.0,CYBERCX,0.7936,653.0,176.8,79.9,101.7,1920,1080,0.392,692.9,227.7
Round3,Q2,1614,1614.0,CYBERCX,0.7171,846.6,205.5,139.5,73.9,1920,1080,0.497,916.3,242.5
Round3,Q2,1614,1614.0,CYBERCX,0.6571,1454.4,191.9,61.7,101.6,1920,1080,0.302,1485.2,242.7
Round3,Q2,1614,1614.0,CYBERCX,0.3447,1880.6,895.5,39.2,50.7,1920,1080,0.096,1900.1,920.8
Round3,Q2,1615,1615.0,CYBERCX,0.7506,665.1,164.8,90.5,115.2,1920,1080,0.503,710.4,222.4
Round3,Q2,1615,1615.0,CYBERCX,0.746,1571.4,189.3,68.0,113.0,1920,1080,0.371,1605.4,245.9
Round3,Q2,1615,1615.0,CYBERCX,0.6977,658.7,167.0,394.0,123.5,1920,1080,2.347,855.7,228.8
Round3,Q2,1616,1616.0,CYBERCX,0.6853,650.9,135.9,100.1,132.7,1920,1080,0.641,700.9,202.3
Round3,Q2,1617,1617.0,EMIRATES,0.7442,896.7,857.0,23.7,8.8,1920,1080,0.01,908.6,861.4
Round3,Q2,1618,1618.0,EMIRATES,0.5041,918.5,911.7,23.2,8.3,1920,1080,0.009,930.1,915.8
Round3,Q2,1619,1619.0,EMIRATES,0.5053,765.6,482.1,16.1,6.5,1920,1080,0.005,773.7,485.4
Round3,Q2,1620,1620.0,EMIRATES,0.7879,389.4,420.0,16.9,7.8,1920,1080,0.006,397.9,423.9
Round3,Q2,1620,1620.0,EMIRATES,0.658,783.8,522.0,18.2,8.4,1920,1080,0.007,792.9,526.2
Round3,Q2,1621,1621.0,EMIRATES,0.8009,307.5,441.7,19.3,8.8,1920,1080,0.008,317.1,446.1
Round3,Q2,1621,1621.0,EMIRATES,0.5524,789.5,572.4,19.2,7.3,1920,1080,0.007,799.1,576.1
Round3,Q2,1622,1622.0,EMIRATES,0.791,1298.4,541.9,21.6,8.5,1920,1080,0.009,1309.2,546.1
Round3,Q2,1623,1623.0,EMIRATES,0.8856,1353.2,468.8,27.1,10.5,1920,1080,0.014,1366.8,474.0
Round3,Q2,1623,1623.0,EMIRATES,0.7909,591.5,647.9,27.9,13.6,1920,1080,0.018,605.4,654.8
Round3,Q2,1627,1627.0,EMIRATES,0.864,1092.2,454.0,51.9,25.4,1920,1080,0.064,1118.2,466.8
Round3,Q2,1627,1627.0,EMIRATES,0.6837,339.3,483.1,22.5,12.0,1920,1080,0.013,350.6,489.2
Round3,Q2,1628,1628.0,EMIRATES,0.8648,1029.9,17.2,35.5,13.3,1920,1080,0.023,1047.7,23.8
Round3,Q2,1628,1628.0,EMIRATES,0.8598,1086.6,414.8,39.5,16.7,1920,1080,0.032,1106.3,423.1
Round3,Q2,1628,1628.0,EMIRATES,0.8029,805.0,490.0,46.5,16.5,1920,1080,0.037,828.2,498.3
Round3,Q2,1628,1628.0,EMIRATES,0.7673,142.6,522.6,42.4,12.1,1920,1080,0.025,163.8,528.7
Round3,Q2,1629,1629.0,EMIRATES,0.902,687.8,1.2,37.2,12.9,1920,1080,0.023,706.4,7.7
Round3,Q2,1629,1629.0,EMIRATES,0.8719,365.9,555.1,30.2,15.3,1920,1080,0.022,381.0,562.7
Round3,Q2,1629,1629.0,EMIRATES,0.4363,0.0,447.0,14.4,19.2,1920,1080,0.013,7.2,456.6
Round3,Q2,1630,1630.0,EMIRATES,0.9055,727.4,84.5,32.2,12.7,1920,1080,0.02,743.5,90.8
Round3,Q2,1630,1630.0,EMIRATES,0.9005,207.6,714.2,46.4,18.8,1920,1080,0.042,230.8,723.6
Round3,Q2,1630,1630.0,EMIRATES,0.8773,599.4,359.7,37.3,16.4,1920,1080,0.03,618.1,367.9
Round3,Q2,1631,1631.0,EMIRATES,0.8894,891.4,310.0,38.2,16.6,1920,1080,0.031,910.5,318.2
Round3,Q2,1631,1631.0,EMIRATES,0.8892,80.6,743.4,40.8,16.6,1920,1080,0.033,101.0,751.7
Round3,Q2,1631,1631.0,EMIRATES,0.838,1129.4,405.8,40.4,23.4,1920,1080,0.046,1149.6,417.5
Round3,Q2,1631,1631.0,EMIRATES,0.7968,568.0,389.8,26.7,10.4,1920,1080,0.013,581.4,395.0
Round3,Q2,1633,1633.0,EMIRATES,0.3788,304.9,0.9,14.2,10.3,1920,1080,0.007,312.1,6.1
Round3,Q2,1634,1634.0,EMIRATES,0.8824,0.8,621.1,48.8,19.3,1920,1080,0.045,25.2,630.8
Round3,Q2,1634,1634.0,EMIRATES,0.8201,899.5,361.1,33.0,21.2,1920,1080,0.034,916.0,371.7
Round3,Q2,1647,1647.0,EMIRATES,0.6596,1693.5,342.0,10.7,44.7,1920,1080,0.023,1698.8,364.4
Round3,Q2,1647,1647.0,EMIRATES,0.4756,1851.8,315.4,10.7,38.6,1920,1080,0.02,1857.2,334.7
Round3,Q2,1647,1647.0,EMIRATES,0.3861,1557.1,324.5,9.5,44.8,1920,1080,0.02,1561.8,346.8
Round3,Q2,1648,1648.0,EMIRATES,0.6825,1656.2,325.5,11.2,43.6,1920,1080,0.024,1661.8,347.3
Round3,Q2,1648,1648.0,EMIRATES,0.5765,1798.1,339.7,11.0,49.0,1920,1080,0.026,1803.6,364.2
Round3,Q2,1648,1648.0,EMIRATES,0.3981,1659.1,282.8,11.5,37.5,1920,1080,0.021,1664.8,301.5
Round3,Q2,1648,1648.0,EMIRATES,0.3218,1800.3,298.2,12.4,36.2,1920,1080,0.022,1806.5,316.3
Round3,Q2,1649,1649.0,EMIRATES,0.4243,1858.1,378.7,11.9,43.9,1920,1080,0.025,1864.0,400.6
Round3,Q2,1659,1659.0,EMIRATES,0.8706,342.7,300.9,59.9,16.9,1920,1080,0.049,372.6,309.3
Round3,Q2,1662,1662.0,EMIRATES,0.8867,646.7,642.7,56.7,18.0,1920,1080,0.049,675.1,651.7
Round3,Q2,1663,1663.0,EMIRATES,0.8833,1177.6,534.6,59.3,19.5,1920,1080,0.056,1207.2,544.4
Round3,Q2,1664,1664.0,EMIRATES,0.8754,286.9,596.6,58.6,21.1,1920,1080,0.06,316.2,607.2
Round3,Q2,1666,1666.0,EMIRATES,0.8912,1103.1,523.2,46.3,20.1,1920,1080,0.045,1126.2,533.3
Round3,Q2,1667,1667.0,EMIRATES,0.7849,338.6,753.9,26.0,25.1,1920,1080,0.031,351.5,766.5
Round3,Q2,1667,1667.0,EMIRATES,0.7704,1382.5,448.1,29.8,20.9,1920,1080,0.03,1397.4,458.5
Round3,Q2,1670,1670.0,EMIRATES,0.8599,451.6,432.2,60.8,24.6,1920,1080,0.072,482.0,444.6
Round3,Q2,1671,1671.0,EMIRATES,0.8875,1075.5,407.9,42.1,17.7,1920,1080,0.036,1096.6,416.8
Round3,Q2,1671,1671.0,EMIRATES,0.867,0.0,418.6,43.6,16.4,1920,1080,0.034,21.8,426.8
Round3,Q2,1672,1672.0,EMIRATES,0.8355,1418.5,596.5,54.1,15.9,1920,1080,0.041,1445.6,604.4
Round3,Q2,1672,1672.0,EMIRATES,0.7814,1156.8,306.6,45.1,15.6,1920,1080,0.034,1179.4,314.4
Round3,Q2,1672,1672.0,EMIRATES,0.7642,825.6,345.8,41.6,20.3,1920,1080,0.041,846.4,355.9
Round3,Q2,1672,1672.0,EMIRATES,0.618,907.0,338.4,39.7,14.0,1920,1080,0.027,926.9,345.4
Round3,Q2,1673,1673.0,EMIRATES,0.8942,1517.5,264.7,42.0,14.4,1920,1080,0.029,1538.5,271.9
Round3,Q2,1673,1673.0,EMIRATES,0.8732,1554.3,466.2,48.5,18.5,1920,1080,0.043,1578.5,475.5
Round3,Q2,1674,1674.0,EMIRATES,0.83,361.8,161.6,63.2,18.8,1920,1080,0.057,393.4,170.9
Round3,Q2,1674,1674.0,EMIRATES,0.6932,891.1,132.9,67.1,23.5,1920,1080,0.076,924.7,144.6
Round3,Q2,1675,1675.0,EMIRATES,0.4472,845.2,338.5,27.6,18.2,1920,1080,0.024,859.0,347.7
Round3,Q2,1676,1676.0,EMIRATES,0.9002,787.1,334.6,45.8,15.9,1920,1080,0.035,810.0,342.6
Round3,Q2,1702,1702.0,EMIRATES,0.8785,1280.6,425.2,39.1,14.6,1920,1080,0.028,1300.1,432.5
Round3,Q2,1703,1703.0,EMIRATES,0.8879,1127.4,401.5,38.1,30.8,1920,1080,0.057,1146.4,417.0
Round3,Q2,1704,1704.0,EMIRATES,0.8982,1136.6,404.7,48.2,19.2,1920,1080,0.045,1160.7,414.3
Round3,Q2,1705,1705.0,EMIRATES,0.8935,1119.4,419.2,30.5,15.6,1920,1080,0.023,1134.7,427.0
Round3,Q2,1706,1706.0,EMIRATES,0.8968,836.2,405.0,54.6,17.5,1920,1080,0.046,863.5,413.7
Round3,Q2,1707,1707.0,EMIRATES,0.8507,796.0,301.2,57.2,18.8,1920,1080,0.052,824.6,310.6
Round3,Q2,1708,1708.0,EMIRATES,0.8704,695.2,329.1,47.7,15.5,1920,1080,0.036,719.0,336.9
Round3,Q2,1709,1709.0,EMIRATES,0.8993,866.4,296.8,40.0,15.8,1920,1080,0.031,886.5,304.8
Round3,Q2,1711,1711.0,EMIRATES,0.5123,1896.3,412.2,15.0,57.9,1920,1080,0.042,1903.8,441.1
Round3,Q2,1711,1711.0,EMIRATES,0.5021,1898.6,356.6,18.3,45.9,1920,1080,0.041,1907.8,379.6
Round3,Q2,1713,1713.0,EMIRATES,0.8869,1065.3,693.0,198.9,81.8,1920,1080,0.785,1164.8,733.9
Round3,Q2,1715,1715.0,EMIRATES,0.3097,459.1,503.1,225.5,110.3,1920,1080,1.2,571.9,558.2
Round3,Q2,1716,1716.0,EMIRATES,0.8827,917.0,445.7,124.2,57.0,1920,1080,0.341,979.1,474.2
Round3,Q2,1717,1717.0,EMIRATES,0.8877,993.7,569.1,158.8,42.1,1920,1080,0.323,1073.1,590.2
Round3,Q2,1718,1718.0,EMIRATES,0.8953,1009.5,576.6,154.1,55.6,1920,1080,0.413,1086.5,604.4
Round3,Q2,1719,1719.0,EMIRATES,0.8962,978.1,657.4,82.4,58.7,1920,1080,0.233,1019.3,686.8
Round3,Q2,1720,1720.0,EMIRATES,0.581,1355.4,504.9,81.7,69.2,1920,1080,0.273,1396.2,539.6
Round3,Q2,1725,1725.0,ACCESS_COVERS,0.5618,0.1,106.8,67.9,25.4,1920,1080,0.083,34.0,119.5
Round3,Q2,1730,1730.0,EMIRATES,0.8959,959.4,692.9,194.8,66.9,1920,1080,0.628,1056.7,726.3
Round3,Q2,1731,1731.0,EMIRATES,0.8294,1382.3,695.5,388.6,132.4,1920,1080,2.481,1576.6,761.7
Round3,Q2,1731,1731.0,EMIRATES,0.6686,1165.4,497.1,123.3,67.3,1920,1080,0.4,1227.1,530.7
Round3,Q2,1732,1732.0,EMIRATES,0.9001,1012.7,463.1,203.8,69.2,1920,1080,0.68,1114.6,497.7
Round3,Q2,1733,1733.0,EMIRATES,0.8725,1030.1,499.2,191.5,77.0,1920,1080,0.711,1125.8,537.7
Round3,Q2,1734,1734.0,EMIRATES,0.9151,1061.3,380.2,90.7,36.3,1920,1080,0.159,1106.7,398.3
Round3,Q2,1734,1734.0,EMIRATES,0.9105,1082.5,449.0,96.1,53.7,1920,1080,0.249,1130.6,475.9
Round3,Q2,1734,1734.0,EMIRATES,0.8785,577.1,605.6,62.2,48.6,1920,1080,0.146,608.2,629.9
Round3,Q2,1734,1734.0,EMIRATES,0.8673,224.0,740.6,45.7,38.8,1920,1080,0.085,246.9,760.0
Round3,Q2,1735,1735.0,EMIRATES,0.9076,1064.8,428.1,94.0,37.4,1920,1080,0.169,1111.8,446.8
Round3,Q2,1735,1735.0,EMIRATES,0.8838,80.4,749.3,49.3,39.8,1920,1080,0.095,105.0,769.2
Round3,Q2,1735,1735.0,EMIRATES,0.8785,393.5,604.9,68.7,56.4,1920,1080,0.187,427.8,633.1
Round3,Q2,1736,1736.0,EMIRATES,0.8986,1221.0,421.5,93.4,35.9,1920,1080,0.161,1267.6,439.4
Round3,Q2,1736,1736.0,EMIRATES,0.8903,637.3,405.5,82.2,37.3,1920,1080,0.148,678.3,424.2
Round3,Q2,1736,1736.0,EMIRATES,0.8779,439.3,552.2,65.4,52.6,1920,1080,0.166,472.0,578.5
Round3,Q2,1736,1736.0,EMIRATES,0.8644,177.8,690.5,43.7,38.7,1920,1080,0.082,199.7,709.9
Round3,Q2,1737,1737.0,EMIRATES,0.9089,1350.7,376.4,87.5,35.9,1920,1080,0.152,1394.5,394.3
Round3,Q2,1737,1737.0,EMIRATES,0.8772,669.9,474.5,54.4,48.9,1920,1080,0.128,697.1,499.0
Round3,Q2,1737,1737.0,EMIRATES,0.8712,357.9,608.4,40.1,35.1,1920,1080,0.068,377.9,626.0
Round3,Q2,1737,1737.0,EMIRATES,0.8294,683.6,310.0,56.4,30.7,1920,1080,0.083,711.8,325.4
Round3,Q2,1741,1741.0,EMIRATES,0.8762,1385.8,859.8,174.3,78.3,1920,1080,0.658,1472.9,898.9
