match,quarter,frame_index,timestamp_sec,partner,confidence,box_x,box_y,box_w,box_h,frame_w,frame_h,coverage_pct,center_x,center_y
Round1,Q3,0,0.0,ACCESS_COVERS,0.5344,1318.2,358.9,54.9,11.9,1920,1080,0.032,1345.7,364.9
Round1,Q3,1,0.5,ACCESS_COVERS,0.6729,1318.1,359.2,53.3,11.8,1920,1080,0.03,1344.8,365.1
Round1,Q3,2,1.0,ACCESS_COVERS,0.6598,1320.5,359.3,52.1,12.3,1920,1080,0.031,1346.5,365.5
Round1,Q3,3,1.5,ACCESS_COVERS,0.604,1320.9,360.0,52.3,11.2,1920,1080,0.028,1347.1,365.6
Round1,Q3,4,2.0,ACCESS_COVERS,0.5561,1320.2,360.7,50.8,11.0,1920,1080,0.027,1345.6,366.2
Round1,Q3,5,2.5,ACCESS_COVERS,0.4829,1319.3,360.3,53.5,11.5,1920,1080,0.03,1346.0,366.0
Round1,Q3,6,3.0,ACCESS_COVERS,0.4949,1318.7,360.6,53.9,11.7,1920,1080,0.03,1345.7,366.5
Round1,Q3,7,3.5,ACCESS_COVERS,0.353,1318.1,361.0,57.5,12.9,1920,1080,0.036,1346.9,367.5
Round1,Q3,8,4.0,ACCESS_COVERS,0.3478,1318.5,361.5,55.9,12.4,1920,1080,0.033,1346.5,367.7
Round1,Q3,9,4.5,ACCESS_COVERS,0.5294,1320.2,361.3,57.0,13.2,1920,1080,0.036,1348.8,367.9
Round1,Q3,11,5.5,ACCESS_COVERS,0.3113,1321.4,362.8,52.0,13.1,1920,1080,0.033,1347.4,369.3
Round1,Q3,13,6.5,ACCESS_COVERS,0.396,1318.8,362.6,56.0,13.9,1920,1080,0.038,1346.8,369.6
Round1,Q3,14,7.0,ACCESS_COVERS,0.3773,1318.9,362.5,58.5,12.8,1920,1080,0.036,1348.1,368.9
Round1,Q3,15,7.5,ACCESS_COVERS,0.58,1319.8,361.5,54.2,12.7,1920,1080,0.033,1346.9,367.9
Round1,Q3,16,8.0,ACCESS_COVERS,0.6201,1321.8,361.7,53.2,11.8,1920,1080,0.03,1348.4,367.5
Round1,Q3,17,8.5,ACCESS_COVERS,0.5466,1322.4,361.2,55.2,12.5,1920,1080,0.033,1350.0,367.5
Round1,Q3,18,9.0,ACCESS_COVERS,0.5821,1319.8,361.0,60.0,13.2,1920,1080,0.038,1349.8,367.6
Round1,Q3,19,9.5,ACCESS_COVERS,0.671,1319.8,360.8,58.9,13.2,1920,1080,0.038,1349.3,367.4
Round1,Q3,20,10.0,ACCESS_COVERS,0.6845,1319.8,360.7,59.0,13.2,1920,1080,0.038,1349.3,367.4
Round1,Q3,21,10.5,ACCESS_COVERS,0.6453,1321.1,360.7,56.1,12.8,1920,1080,0.035,1349.1,367.1
Round1,Q3,22,11.0,ACCESS_COVERS,0.5913,1319.1,360.1,55.9,11.7,1920,1080,0.031,1347.1,366.0
Round1,Q3,23,11.5,ACCESS_COVERS,0.5762,1317.9,359.2,58.9,12.7,1920,1080,0.036,1347.3,365.6
Round1,Q3,24,12.0,ACCESS_COVERS,0.5687,1318.5,358.7,60.5,12.6,1920,1080,0.037,1348.7,365.0
Round1,Q3,25,12.5,ACCESS_COVERS,0.5514,1317.2,358.9,60.6,11.9,1920,1080,0.035,1347.5,364.9
Round1,Q3,25,12.5,ACCESS_COVERS,0.3009,1900.4,159.8,19.4,11.0,1920,1080,0.01,1910.1,165.3
Round1,Q3,26,13.0,ACCESS_COVERS,0.5178,1326.8,358.1,52.8,12.8,1920,1080,0.033,1353.2,364.5
Round1,Q3,27,13.5,ACCESS_COVERS,0.5093,1325.5,359.2,54.5,12.6,1920,1080,0.033,1352.8,365.5
Round1,Q3,28,14.0,ACCESS_COVERS,0.4999,1322.3,360.6,58.3,12.9,1920,1080,0.036,1351.4,367.0
Round1,Q3,29,14.5,ACCESS_COVERS,0.4055,1326.1,361.9,56.9,13.3,1920,1080,0.037,1354.6,368.6
Round1,Q3,30,15.0,ACCESS_COVERS,0.3789,1322.5,362.7,58.9,13.5,1920,1080,0.038,1352.0,369.4
Round1,Q3,31,15.5,ACCESS_COVERS,0.4555,1324.6,363.9,54.7,12.3,1920,1080,0.032,1351.9,370.1
Round1,Q3,34,17.0,ACCESS_COVERS,0.447,1328.1,365.2,51.3,11.5,1920,1080,0.028,1353.8,370.9
Round1,Q3,35,17.5,ACCESS_COVERS,0.4748,1325.8,365.5,52.1,13.1,1920,1080,0.033,1351.9,372.1
Round1,Q3,36,18.0,ACCESS_COVERS,0.5127,1326.4,365.4,48.8,13.1,1920,1080,0.031,1350.8,372.0
Round1,Q3,37,18.5,ACCESS_COVERS,0.47,1326.2,365.8,51.6,12.6,1920,1080,0.031,1352.0,372.1
Round1,Q3,38,19.0,ACCESS_COVERS,0.5799,1325.9,365.7,51.1,12.4,1920,1080,0.03,1351.5,371.8
Round1,Q3,39,19.5,ACCESS_COVERS,0.5545,1325.1,365.5,52.8,12.4,1920,1080,0.032,1351.6,371.7
Round1,Q3,40,20.0,ACCESS_COVERS,0.5023,1325.3,365.7,52.8,12.3,1920,1080,0.031,1351.7,371.9
Round1,Q3,41,20.5,ACCESS_COVERS,0.361,1326.0,366.2,53.0,12.3,1920,1080,0.031,1352.5,372.3
Round1,Q3,42,21.0,ACCESS_COVERS,0.5335,1325.0,365.8,54.0,13.1,1920,1080,0.034,1352.0,372.3
Round1,Q3,106,53.0,EMIRATES,0.8962,1808.0,512.1,53.6,18.6,1920,1080,0.048,1834.8,521.4
Round1,Q3,106,53.0,EMIRATES,0.87,1737.3,464.8,29.8,22.8,1920,1080,0.033,1752.1,476.2
Round1,Q3,106,53.0,EMIRATES,0.8523,984.6,858.8,46.9,20.6,1920,1080,0.047,1008.1,869.1
Round1,Q3,106,53.0,EMIRATES,0.8458,1878.1,495.4,41.9,17.2,1920,1080,0.035,1899.0,504.0
Round1,Q3,107,53.5,EMIRATES,0.9016,1766.1,420.5,37.4,21.8,1920,1080,0.039,1784.8,431.4
Round1,Q3,107,53.5,EMIRATES,0.8748,970.1,809.1,45.6,19.4,1920,1080,0.043,992.9,818.8
Round1,Q3,107,53.5,EMIRATES,0.8638,1882.5,474.1,37.5,17.5,1920,1080,0.032,1901.2,482.9
Round1,Q3,108,54.0,EMIRATES,0.8908,1849.7,437.7,50.5,15.6,1920,1080,0.038,1874.9,445.5
Round1,Q3,108,54.0,EMIRATES,0.8757,1735.1,388.2,30.3,16.7,1920,1080,0.024,1750.3,396.5
Round1,Q3,108,54.0,EMIRATES,0.8635,945.4,763.1,41.9,18.1,1920,1080,0.036,966.3,772.2
Round1,Q3,109,54.5,EMIRATES,0.8812,1736.2,408.5,48.1,15.1,1920,1080,0.035,1760.2,416.1
Round1,Q3,109,54.5,EMIRATES,0.8708,927.6,720.5,38.3,16.0,1920,1080,0.029,946.7,728.5
Round1,Q3,109,54.5,EMIRATES,0.8643,740.3,771.7,31.3,15.0,1920,1080,0.023,756.0,779.2
Round1,Q3,109,54.5,EMIRATES,0.8538,1811.9,396.7,38.8,13.7,1920,1080,0.026,1831.4,403.5
Round1,Q3,110,55.0,EMIRATES,0.8814,1661.8,392.5,39.3,13.2,1920,1080,0.025,1681.4,399.1
Round1,Q3,110,55.0,EMIRATES,0.7867,738.1,734.6,23.4,13.2,1920,1080,0.015,749.8,741.2
Round1,Q3,110,55.0,EMIRATES,0.6694,1785.9,385.0,34.1,14.6,1920,1080,0.024,1802.9,392.3
Round1,Q3,110,55.0,EMIRATES,0.3918,945.9,685.2,23.8,15.7,1920,1080,0.018,957.8,693.0
Round1,Q3,111,55.5,EMIRATES,0.8869,1733.1,380.6,34.3,11.8,1920,1080,0.02,1750.2,386.5
Round1,Q3,111,55.5,EMIRATES,0.862,1597.4,380.9,33.7,12.2,1920,1080,0.02,1614.3,387.0
Round1,Q3,111,55.5,EMIRATES,0.8535,377.0,705.0,37.6,15.0,1920,1080,0.027,395.9,712.5
Round1,Q3,111,55.5,EMIRATES,0.8519,933.5,655.1,28.9,14.1,1920,1080,0.02,947.9,662.1
Round1,Q3,111,55.5,EMIRATES,0.3313,1912.5,379.3,7.5,13.7,1920,1080,0.005,1916.2,386.2
Round1,Q3,111,55.5,EMIRATES,0.3254,1643.9,354.1,18.2,12.2,1920,1080,0.011,1653.0,360.3
Round1,Q3,112,56.0,EMIRATES,0.8904,1695.0,369.6,31.7,13.1,1920,1080,0.02,1710.8,376.2
Round1,Q3,112,56.0,EMIRATES,0.813,552.1,649.8,28.8,12.5,1920,1080,0.017,566.5,656.1
Round1,Q3,112,56.0,EMIRATES,0.767,1563.6,372.6,32.8,10.8,1920,1080,0.017,1580.0,378.0
Round1,Q3,112,56.0,EMIRATES,0.757,1838.1,394.4,33.6,10.5,1920,1080,0.017,1854.9,399.6
Round1,Q3,112,56.0,EMIRATES,0.5405,930.8,623.4,29.5,11.8,1920,1080,0.017,945.6,629.3
Round1,Q3,113,56.5,EMIRATES,0.8233,665.5,616.4,27.8,11.1,1920,1080,0.015,679.4,622.0
Round1,Q3,113,56.5,EMIRATES,0.4157,1639.7,369.6,27.9,9.3,1920,1080,0.012,1653.6,374.3
Round1,Q3,113,56.5,EMIRATES,0.338,1512.1,366.0,29.5,10.2,1920,1080,0.015,1526.8,371.1
Round1,Q3,114,57.0,EMIRATES,0.8034,160.5,629.7,28.2,10.9,1920,1080,0.015,174.6,635.2
Round1,Q3,114,57.0,EMIRATES,0.5964,1574.9,361.1,25.4,9.3,1920,1080,0.011,1587.6,365.8
Round1,Q3,114,57.0,EMIRATES,0.3971,735.9,582.8,20.9,11.2,1920,1080,0.011,746.4,588.4
Round1,Q3,115,57.5,EMIRATES,0.7545,589.8,944.7,32.5,12.0,1920,1080,0.019,606.1,950.6
Round1,Q3,115,57.5,EMIRATES,0.7392,337.2,598.0,24.8,9.6,1920,1080,0.011,349.6,602.8
Round1,Q3,115,57.5,EMIRATES,0.5104,782.9,560.0,20.7,10.0,1920,1080,0.01,793.3,565.0
Round1,Q3,116,58.0,EMIRATES,0.6513,622.7,897.5,30.0,11.6,1920,1080,0.017,637.7,903.3
Round1,Q3,116,58.0,EMIRATES,0.5953,818.1,546.9,24.5,8.6,1920,1080,0.01,830.4,551.2
Round1,Q3,116,58.0,EMIRATES,0.3184,873.9,1063.9,30.0,11.3,1920,1080,0.016,888.9,1069.6
Round1,Q3,117,58.5,EMIRATES,0.8496,1375.9,1040.1,36.5,12.0,1920,1080,0.021,1394.1,1046.1
Round1,Q3,117,58.5,EMIRATES,0.603,884.6,1033.2,27.5,10.3,1920,1080,0.014,898.3,1038.4
Round1,Q3,117,58.5,EMIRATES,0.5047,612.4,855.1,28.2,10.5,1920,1080,0.014,626.5,860.4
Round1,Q3,117,58.5,EMIRATES,0.4389,1615.6,925.7,22.5,11.2,1920,1080,0.012,1626.9,931.3
Round1,Q3,118,59.0,EMIRATES,0.7795,1344.5,988.5,33.0,12.0,1920,1080,0.019,1361.0,994.5
Round1,Q3,118,59.0,EMIRATES,0.4743,915.2,996.6,25.8,10.1,1920,1080,0.013,928.1,1001.7
Round1,Q3,118,59.0,EMIRATES,0.3933,614.9,521.9,20.1,7.8,1920,1080,0.008,624.9,525.8
Round1,Q3,119,59.5,EMIRATES,0.7496,1282.2,937.4,31.8,11.7,1920,1080,0.018,1298.1,943.3
Round1,Q3,119,59.5,EMIRATES,0.5841,1647.1,823.0,25.6,11.0,1920,1080,0.014,1659.9,828.5
Round1,Q3,131,65.5,EMIRATES,0.8637,0.2,442.1,78.8,70.9,1920,1080,0.27,39.6,477.5
Round1,Q3,131,65.5,EMIRATES,0.8482,1206.6,381.3,93.9,86.3,1920,1080,0.391,1253.6,424.5
Round1,Q3,132,66.0,EMIRATES,0.8567,1288.3,403.3,106.6,81.7,1920,1080,0.42,1341.6,444.1
Round1,Q3,132,66.0,EMIRATES,0.5484,73.2,446.8,74.5,102.7,1920,1080,0.369,110.4,498.1
Round1,Q3,133,66.5,EMIRATES,0.8785,123.2,452.2,104.3,61.9,1920,1080,0.311,175.3,483.2
Round1,Q3,133,66.5,EMIRATES,0.8593,1344.8,400.3,107.8,68.6,1920,1080,0.357,1398.7,434.6
Round1,Q3,134,67.0,EMIRATES,0.807,1358.4,374.3,72.1,73.5,1920,1080,0.256,1394.5,411.0
Round1,Q3,134,67.0,EMIRATES,0.6285,168.2,421.7,64.5,84.8,1920,1080,0.264,200.4,464.1
Round1,Q3,135,67.5,EMIRATES,0.87,1383.6,342.8,100.4,72.6,1920,1080,0.352,1433.9,379.1
Round1,Q3,135,67.5,EMIRATES,0.6424,251.4,383.2,61.3,62.5,1920,1080,0.185,282.0,414.4
Round1,Q3,136,68.0,EMIRATES,0.8393,196.2,468.6,45.4,73.2,1920,1080,0.16,218.9,505.2
Round1,Q3,137,68.5,EMIRATES,0.8679,1359.2,302.3,68.3,61.4,1920,1080,0.202,1393.3,333.0
Round1,Q3,138,69.0,EMIRATES,0.7768,0.0,529.6,22.6,43.5,1920,1080,0.047,11.3,551.3
Round1,Q3,138,69.0,EMIRATES,0.732,1385.4,319.5,46.1,58.2,1920,1080,0.129,1408.4,348.6
Round1,Q3,139,69.5,EMIRATES,0.8804,401.5,359.0,65.0,48.5,1920,1080,0.152,434.0,383.3
Round1,Q3,139,69.5,EMIRATES,0.8696,1214.7,335.4,52.0,50.7,1920,1080,0.127,1240.8,360.7
Round1,Q3,139,69.5,EMIRATES,0.8455,0.1,519.6,66.3,48.4,1920,1080,0.155,33.3,543.8
Round1,Q3,140,70.0,EMIRATES,0.8679,34.1,486.1,116.7,51.5,1920,1080,0.29,92.5,511.9
Round1,Q3,140,70.0,EMIRATES,0.6296,1212.0,314.3,37.9,48.6,1920,1080,0.089,1231.0,338.6
Round1,Q3,141,70.5,EMIRATES,0.8883,654.1,280.0,59.3,45.7,1920,1080,0.131,683.7,302.8
Round1,Q3,141,70.5,EMIRATES,0.8741,244.5,437.3,121.8,48.1,1920,1080,0.283,305.4,461.4
Round1,Q3,141,70.5,EMIRATES,0.8553,1340.4,289.4,44.9,44.7,1920,1080,0.097,1362.9,311.8
Round1,Q3,142,71.0,EMIRATES,0.884,456.9,393.1,92.0,44.7,1920,1080,0.199,502.9,415.5
Round1,Q3,142,71.0,EMIRATES,0.8416,738.3,316.7,34.7,36.2,1920,1080,0.061,755.6,334.8
Round1,Q3,142,71.0,EMIRATES,0.8351,1468.9,259.1,38.8,43.1,1920,1080,0.081,1488.4,280.6
Round1,Q3,143,71.5,EMIRATES,0.889,1516.7,257.4,49.8,38.9,1920,1080,0.094,1541.7,276.8
Round1,Q3,143,71.5,EMIRATES,0.8504,955.7,244.9,45.0,53.1,1920,1080,0.115,978.2,271.5
Round1,Q3,143,71.5,EMIRATES,0.8485,581.6,363.9,41.9,40.5,1920,1080,0.082,602.5,384.1
Round1,Q3,144,72.0,EMIRATES,0.8927,1530.3,234.3,60.4,36.9,1920,1080,0.108,1560.5,252.7
Round1,Q3,144,72.0,EMIRATES,0.889,605.7,371.2,77.4,31.1,1920,1080,0.116,644.3,386.8
Round1,Q3,144,72.0,EMIRATES,0.7182,1012.6,250.8,40.2,38.1,1920,1080,0.074,1032.6,269.8
Round1,Q3,145,72.5,EMIRATES,0.8979,602.7,388.3,91.7,27.9,1920,1080,0.123,648.5,402.2
Round1,Q3,145,72.5,EMIRATES,0.8908,1506.1,247.0,46.4,38.5,1920,1080,0.086,1529.3,266.2
Round1,Q3,145,72.5,EMIRATES,0.6433,1150.1,296.4,38.6,16.2,1920,1080,0.03,1169.4,304.5
Round1,Q3,146,73.0,EMIRATES,0.9091,494.1,390.1,62.6,29.2,1920,1080,0.088,525.4,404.7
Round1,Q3,146,73.0,EMIRATES,0.3128,1280.0,313.8,42.5,24.6,1920,1080,0.05,1301.2,326.1
Round1,Q3,147,73.5,EMIRATES,0.9029,512.0,402.3,64.6,28.7,1920,1080,0.089,544.3,416.6
Round1,Q3,147,73.5,EMIRATES,0.8703,1372.0,320.0,45.3,21.2,1920,1080,0.046,1394.6,330.6
Round1,Q3,147,73.5,EMIRATES,0.3842,1194.5,325.9,18.6,27.6,1920,1080,0.025,1203.8,339.7
Round1,Q3,148,74.0,EMIRATES,0.8984,534.8,412.1,47.4,21.0,1920,1080,0.048,558.5,422.7
Round1,Q3,148,74.0,EMIRATES,0.8768,1605.8,266.5,43.3,25.4,1920,1080,0.053,1627.4,279.2
Round1,Q3,148,74.0,EMIRATES,0.8735,1138.2,338.2,30.1,23.4,1920,1080,0.034,1153.2,349.9
Round1,Q3,149,74.5,EMIRATES,0.8773,1150.1,368.7,41.1,26.0,1920,1080,0.052,1170.7,381.7
Round1,Q3,150,75.0,ACCESS_COVERS,0.7669,1638.6,170.2,278.2,70.0,1920,1080,0.94,1777.7,205.2
Round1,Q3,166,83.0,EMIRATES,0.8364,279.2,325.3,113.0,49.2,1920,1080,0.268,335.7,349.9
Round1,Q3,167,83.5,EMIRATES,0.8391,259.7,330.8,114.8,51.6,1920,1080,0.286,317.1,356.6
Round1,Q3,168,84.0,EMIRATES,0.8277,242.6,345.5,115.0,58.8,1920,1080,0.326,300.1,374.8
Round1,Q3,169,84.5,EMIRATES,0.8069,228.8,353.0,114.1,60.6,1920,1080,0.333,285.9,383.3
Round1,Q3,170,85.0,EMIRATES,0.8335,241.5,330.7,110.8,53.6,1920,1080,0.286,296.9,357.5
Round1,Q3,171,85.5,EMIRATES,0.8188,250.6,392.2,110.6,49.3,1920,1080,0.263,305.9,416.9
Round1,Q3,172,86.0,ACCESS_COVERS,0.532,1286.6,467.5,54.1,12.4,1920,1080,0.032,1313.6,473.7
Round1,Q3,173,86.5,ACCESS_COVERS,0.5818,1297.1,461.6,50.9,12.1,1920,1080,0.03,1322.5,467.7
Round1,Q3,174,87.0,ACCESS_COVERS,0.3116,1309.9,453.7,50.9,12.4,1920,1080,0.03,1335.3,459.9
Round1,Q3,175,87.5,ACCESS_COVERS,0.5538,1319.0,444.3,56.5,12.5,1920,1080,0.034,1347.3,450.5
Round1,Q3,176,88.0,ACCESS_COVERS,0.5187,1333.8,432.7,57.2,12.9,1920,1080,0.035,1362.4,439.1
Round1,Q3,177,88.5,ACCESS_COVERS,0.6558,1344.4,420.9,57.4,13.8,1920,1080,0.038,1373.1,427.8
Round1,Q3,178,89.0,ACCESS_COVERS,0.5893,1353.6,408.4,61.6,13.2,1920,1080,0.039,1384.3,415.0
Round1,Q3,179,89.5,ACCESS_COVERS,0.4338,1370.0,394.8,60.4,13.0,1920,1080,0.038,1400.2,401.3
Round1,Q3,181,90.5,ACCESS_COVERS,0.7277,1401.9,366.4,59.0,15.5,1920,1080,0.044,1431.4,374.2
Round1,Q3,182,91.0,ACCESS_COVERS,0.7041,1418.6,349.3,60.4,16.3,1920,1080,0.047,1448.8,357.4
Round1,Q3,183,91.5,ACCESS_COVERS,0.7035,1440.4,334.4,62.0,16.3,1920,1080,0.049,1471.4,342.5
Round1,Q3,184,92.0,ACCESS_COVERS,0.7633,1465.0,316.3,65.3,16.8,1920,1080,0.053,1497.6,324.7
Round1,Q3,185,92.5,ACCESS_COVERS,0.7115,1488.6,298.1,70.1,18.0,1920,1080,0.061,1523.7,307.1
Round1,Q3,186,93.0,ACCESS_COVERS,0.6642,1515.8,279.5,72.1,18.2,1920,1080,0.063,1551.9,288.6
Round1,Q3,187,93.5,ACCESS_COVERS,0.4572,1505.1,255.1,133.0,27.3,1920,1080,0.175,1571.6,268.7
Round1,Q3,188,94.0,ACCESS_COVERS,0.6031,1578.1,234.5,88.3,22.7,1920,1080,0.097,1622.2,245.8
Round1,Q3,189,94.5,ACCESS_COVERS,0.4364,1611.8,210.0,90.6,21.1,1920,1080,0.092,1657.1,220.5
Round1,Q3,190,95.0,ACCESS_COVERS,0.4793,1654.2,179.2,98.9,23.3,1920,1080,0.111,1703.7,190.8
Round1,Q3,191,95.5,ACCESS_COVERS,0.6145,1711.0,144.9,107.7,25.2,1920,1080,0.131,1764.9,157.5
Round1,Q3,192,96.0,EMIRATES,0.7579,1061.3,358.9,32.8,17.5,1920,1080,0.028,1077.7,367.6
Round1,Q3,193,96.5,EMIRATES,0.7488,0.0,828.9,11.8,17.4,1920,1080,0.01,5.9,837.6
Round1,Q3,195,97.5,EMIRATES,0.6945,162.6,460.1,67.2,18.1,1920,1080,0.059,196.2,469.2
Round1,Q3,195,97.5,EMIRATES,0.6313,1730.5,411.6,59.7,14.2,1920,1080,0.041,1760.4,418.7
Round1,Q3,196,98.0,EMIRATES,0.8271,0.0,766.5,28.3,23.1,1920,1080,0.032,14.2,778.0
Round1,Q3,197,98.5,EMIRATES,0.8789,571.7,847.8,86.4,23.7,1920,1080,0.099,614.9,859.7
Round1,Q3,197,98.5,EMIRATES,0.8718,352.1,677.6,85.0,22.1,1920,1080,0.09,394.6,688.6
Round1,Q3,197,98.5,EMIRATES,0.7652,1275.4,439.6,65.8,20.6,1920,1080,0.065,1308.3,449.9
Round1,Q3,198,99.0,EMIRATES,0.8693,950.9,927.1,85.0,38.3,1920,1080,0.157,993.4,946.2
Round1,Q3,198,99.0,EMIRATES,0.8584,715.3,727.7,76.4,26.3,1920,1080,0.097,753.6,740.8
Round1,Q3,198,99.0,EMIRATES,0.8441,91.4,667.6,65.6,20.2,1920,1080,0.064,124.1,677.7
Round1,Q3,198,99.0,EMIRATES,0.7906,904.2,420.5,65.6,19.3,1920,1080,0.061,937.0,430.2
Round1,Q3,199,99.5,ACCESS_COVERS,0.7621,1715.8,89.8,130.7,31.3,1920,1080,0.198,1781.2,105.5
Round1,Q3,200,100.0,ACCESS_COVERS,0.5496,1364.5,142.9,145.9,29.3,1920,1080,0.206,1437.4,157.5
Round1,Q3,201,100.5,ACCESS_COVERS,0.6271,1066.3,166.3,129.8,27.0,1920,1080,0.169,1131.2,179.8
Round1,Q3,202,101.0,ACCESS_COVERS,0.7111,863.7,175.9,118.0,27.0,1920,1080,0.154,922.7,189.5
Round1,Q3,203,101.5,ACCESS_COVERS,0.7326,717.0,177.9,123.0,27.9,1920,1080,0.166,778.6,191.9
Round1,Q3,204,102.0,ACCESS_COVERS,0.7661,575.1,174.4,129.0,30.0,1920,1080,0.187,639.5,189.4
Round1,Q3,205,102.5,EMIRATES,0.8873,1301.8,279.4,60.7,27.8,1920,1080,0.081,1332.2,293.3
Round1,Q3,205,102.5,EMIRATES,0.6324,655.8,339.2,37.0,21.1,1920,1080,0.038,674.3,349.8
Round1,Q3,206,103.0,EMIRATES,0.6875,748.8,257.8,63.1,24.9,1920,1080,0.076,780.3,270.3
Round1,Q3,206,103.0,EMIRATES,0.3844,595.5,662.2,33.9,25.1,1920,1080,0.041,612.4,674.8
Round1,Q3,207,103.5,EMIRATES,0.8882,753.0,399.6,41.7,29.5,1920,1080,0.059,773.9,414.4
Round1,Q3,207,103.5,EMIRATES,0.8762,626.2,810.2,54.4,22.7,1920,1080,0.06,653.4,821.6
Round1,Q3,208,104.0,EMIRATES,0.6617,1091.9,348.8,39.8,24.6,1920,1080,0.047,1111.8,361.1
Round1,Q3,209,104.5,EMIRATES,0.8784,1471.2,337.5,42.4,17.2,1920,1080,0.035,1492.4,346.1
Round1,Q3,209,104.5,EMIRATES,0.8288,482.2,463.5,58.3,15.8,1920,1080,0.044,511.4,471.3
Round1,Q3,210,105.0,EMIRATES,0.8884,1590.2,389.3,57.7,21.2,1920,1080,0.059,1619.0,399.9
Round1,Q3,210,105.0,EMIRATES,0.873,688.8,388.6,59.3,16.9,1920,1080,0.048,718.4,397.0
Round1,Q3,211,105.5,EMIRATES,0.8726,72.2,682.3,66.8,23.4,1920,1080,0.075,105.6,694.1
Round1,Q3,212,106.0,EMIRATES,0.844,1291.4,340.9,34.7,20.0,1920,1080,0.033,1308.7,350.9
Round1,Q3,213,106.5,EMIRATES,0.8582,1604.9,592.2,74.1,17.9,1920,1080,0.064,1642.0,601.2
Round1,Q3,213,106.5,EMIRATES,0.7766,601.2,216.4,49.5,22.7,1920,1080,0.054,626.0,227.7
Round1,Q3,214,107.0,EMIRATES,0.8298,1122.4,200.8,41.4,19.7,1920,1080,0.039,1143.1,210.6
Round1,Q3,221,110.5,EMIRATES,0.8426,1130.6,407.6,50.9,42.7,1920,1080,0.105,1156.0,429.0
Round1,Q3,222,111.0,EMIRATES,0.8902,1554.0,341.0,122.1,45.9,1920,1080,0.27,1615.1,364.0
Round1,Q3,229,114.5,EMIRATES,0.7744,67.3,129.5,48.4,210.8,1920,1080,0.492,91.5,234.9
Round1,Q3,229,114.5,EMIRATES,0.7698,1175.4,136.6,49.7,208.0,1920,1080,0.498,1200.3,240.6
Round1,Q3,230,115.0,EMIRATES,0.809,112.6,217.8,41.5,182.2,1920,1080,0.365,133.3,308.9
Round1,Q3,230,115.0,EMIRATES,0.8043,105.3,7.1,42.3,187.8,1920,1080,0.383,126.4,101.0
Round1,Q3,230,115.0,EMIRATES,0.7983,1089.4,219.8,46.0,189.0,1920,1080,0.419,1112.4,314.3
Round1,Q3,230,115.0,EMIRATES,0.7925,1089.4,10.0,40.9,189.6,1920,1080,0.374,1109.8,104.8
Round1,Q3,231,115.5,EMIRATES,0.8141,1002.6,306.3,39.0,168.1,1920,1080,0.316,1022.1,390.3
Round1,Q3,231,115.5,EMIRATES,0.8094,1876.7,295.8,42.4,173.0,1920,1080,0.353,1897.9,382.3
Round1,Q3,231,115.5,EMIRATES,0.7765,1001.1,124.6,36.1,165.5,1920,1080,0.288,1019.1,207.4
Round1,Q3,231,115.5,EMIRATES,0.7698,135.1,300.9,34.1,166.8,1920,1080,0.274,152.2,384.3
Round1,Q3,231,115.5,EMIRATES,0.7692,1878.6,113.0,41.4,170.1,1920,1080,0.34,1899.3,198.0
Round1,Q3,231,115.5,EMIRATES,0.7643,129.4,118.8,36.5,168.0,1920,1080,0.296,147.7,202.8
Round1,Q3,232,116.0,EMIRATES,0.7994,1683.0,366.8,34.0,150.2,1920,1080,0.246,1700.0,441.9
Round1,Q3,232,116.0,EMIRATES,0.7931,1681.2,205.4,38.4,149.6,1920,1080,0.277,1700.4,280.2
Round1,Q3,232,116.0,EMIRATES,0.7896,153.4,209.3,32.3,148.0,1920,1080,0.231,169.5,283.2
Round1,Q3,232,116.0,EMIRATES,0.7812,919.7,373.5,34.9,147.7,1920,1080,0.249,937.1,447.3
Round1,Q3,232,116.0,EMIRATES,0.7808,917.6,211.6,32.3,148.2,1920,1080,0.231,933.8,285.7
Round1,Q3,232,116.0,EMIRATES,0.7539,158.4,370.5,29.8,134.0,1920,1080,0.193,173.3,437.5
Round1,Q3,233,116.5,EMIRATES,0.7927,852.9,280.9,28.4,128.6,1920,1080,0.176,867.1,345.2
Round1,Q3,233,116.5,EMIRATES,0.7818,176.6,276.1,29.2,133.1,1920,1080,0.188,191.2,342.6
Round1,Q3,233,116.5,EMIRATES,0.7801,853.6,422.1,30.1,130.6,1920,1080,0.19,868.7,487.4
Round1,Q3,233,116.5,EMIRATES,0.7717,1526.4,417.3,32.3,131.1,1920,1080,0.204,1542.5,482.8
Round1,Q3,233,116.5,EMIRATES,0.767,1525.5,275.6,33.1,133.0,1920,1080,0.212,1542.0,342.1
Round1,Q3,234,117.0,EMIRATES,0.8139,812.1,462.4,23.5,108.8,1920,1080,0.123,823.9,516.7
Round1,Q3,234,117.0,EMIRATES,0.7951,1399.1,461.9,26.0,108.2,1920,1080,0.136,1412.1,516.0
Round1,Q3,234,117.0,EMIRATES,0.7851,221.6,462.9,25.1,109.4,1920,1080,0.133,234.2,517.6
Round1,Q3,234,117.0,EMIRATES,0.7836,1397.7,330.9,26.7,117.1,1920,1080,0.151,1411.1,389.5
Round1,Q3,234,117.0,EMIRATES,0.7793,218.2,334.3,26.3,116.1,1920,1080,0.148,231.4,392.4
Round1,Q3,234,117.0,EMIRATES,0.7761,810.7,335.2,23.8,115.5,1920,1080,0.132,822.6,393.0
Round1,Q3,234,117.0,EMIRATES,0.7522,13.9,898.6,28.8,9.7,1920,1080,0.013,28.3,903.5
Round1,Q3,235,117.5,EMIRATES,0.793,1854.0,366.8,23.9,102.3,1920,1080,0.118,1866.0,417.9
Round1,Q3,235,117.5,EMIRATES,0.7889,1851.8,476.6,24.0,105.7,1920,1080,0.123,1863.8,529.4
Round1,Q3,235,117.5,EMIRATES,0.7688,270.6,373.9,22.8,101.6,1920,1080,0.112,282.0,424.7
Round1,Q3,235,117.5,EMIRATES,0.7624,273.7,485.6,20.7,100.1,1920,1080,0.1,284.0,535.6
Round1,Q3,235,117.5,EMIRATES,0.7604,796.6,487.5,21.9,96.4,1920,1080,0.102,807.5,535.7
Round1,Q3,235,117.5,EMIRATES,0.7576,796.9,377.2,21.1,98.4,1920,1080,0.1,807.4,426.4
Round1,Q3,235,117.5,EMIRATES,0.7436,1316.9,371.9,23.2,102.9,1920,1080,0.115,1328.5,423.4
Round1,Q3,235,117.5,EMIRATES,0.6285,1318.3,481.7,20.9,87.3,1920,1080,0.088,1328.7,525.4
Round1,Q3,236,118.0,EMIRATES,0.7811,1726.2,404.4,20.7,89.1,1920,1080,0.089,1736.5,449.0
Round1,Q3,236,118.0,EMIRATES,0.7709,1725.0,499.6,21.6,93.8,1920,1080,0.098,1735.8,546.5
Round1,Q3,236,118.0,EMIRATES,0.7689,797.0,510.7,18.1,84.5,1920,1080,0.074,806.0,552.9
Round1,Q3,236,118.0,EMIRATES,0.7648,332.2,409.4,20.0,89.8,1920,1080,0.087,342.2,454.3
Round1,Q3,236,118.0,EMIRATES,0.754,334.8,506.4,19.8,90.2,1920,1080,0.086,344.7,551.5
Round1,Q3,236,118.0,EMIRATES,0.7479,795.9,413.4,19.0,85.4,1920,1080,0.078,805.4,456.1
Round1,Q3,236,118.0,EMIRATES,0.7375,1255.3,505.5,20.6,89.5,1920,1080,0.089,1265.6,550.3
Round1,Q3,236,118.0,EMIRATES,0.7372,1255.6,407.4,20.1,91.0,1920,1080,0.088,1265.6,452.9
Round1,Q3,237,118.5,EMIRATES,0.7784,1630.9,431.6,18.7,82.3,1920,1080,0.074,1640.2,472.7
Round1,Q3,237,118.5,EMIRATES,0.7693,1210.1,522.9,17.7,80.3,1920,1080,0.069,1219.0,563.1
Round1,Q3,237,118.5,EMIRATES,0.7691,798.3,526.0,17.2,78.9,1920,1080,0.065,806.8,565.4
Round1,Q3,237,118.5,EMIRATES,0.7675,1630.1,519.8,18.7,82.7,1920,1080,0.074,1639.4,561.1
Round1,Q3,237,118.5,EMIRATES,0.7664,384.2,524.2,18.4,81.9,1920,1080,0.073,393.4,565.2
Round1,Q3,237,118.5,EMIRATES,0.7473,1209.7,436.6,17.1,78.4,1920,1080,0.065,1218.2,475.8
Round1,Q3,237,118.5,EMIRATES,0.732,381.6,437.5,18.0,79.7,1920,1080,0.069,390.6,477.3
Round1,Q3,237,118.5,EMIRATES,0.7283,797.8,439.8,16.8,78.5,1920,1080,0.064,806.2,479.1
Round1,Q3,238,119.0,EMIRATES,0.7985,801.2,540.2,16.4,71.6,1920,1080,0.057,809.4,575.9
Round1,Q3,238,119.0,EMIRATES,0.778,430.9,535.0,16.3,76.8,1920,1080,0.06,439.1,573.4
Round1,Q3,238,119.0,EMIRATES,0.7317,1543.7,532.4,17.7,78.3,1920,1080,0.067,1552.5,571.6
Round1,Q3,238,119.0,EMIRATES,0.7225,1169.8,536.4,16.0,73.6,1920,1080,0.057,1177.7,573.2
Round1,Q3,238,119.0,EMIRATES,0.6692,800.6,462.1,15.4,69.2,1920,1080,0.051,808.3,496.6
Round1,Q3,238,119.0,EMIRATES,0.6118,1545.0,455.9,15.9,70.6,1920,1080,0.054,1552.9,491.1
Round1,Q3,238,119.0,EMIRATES,0.4525,429.7,461.2,15.7,70.1,1920,1080,0.053,437.5,496.2
Round1,Q3,238,119.0,EMIRATES,0.4339,1170.0,461.0,15.9,70.0,1920,1080,0.054,1178.0,496.0
Round1,Q3,239,119.5,EMIRATES,0.7553,1131.5,559.3,15.0,64.9,1920,1080,0.047,1139.0,591.8
Round1,Q3,239,119.5,EMIRATES,0.7474,1469.6,554.4,16.1,69.1,1920,1080,0.054,1477.7,588.9
Round1,Q3,239,119.5,EMIRATES,0.6937,462.8,559.2,15.4,68.5,1920,1080,0.051,470.5,593.4
Round1,Q3,239,119.5,EMIRATES,0.654,1131.4,487.9,15.5,64.1,1920,1080,0.048,1139.1,519.9
Round1,Q3,239,119.5,EMIRATES,0.5698,798.0,562.5,15.1,63.7,1920,1080,0.046,805.6,594.3
Round1,Q3,239,119.5,EMIRATES,0.5623,798.2,490.4,14.2,64.1,1920,1080,0.044,805.3,522.5
Round1,Q3,239,119.5,EMIRATES,0.4747,1470.3,486.0,15.1,63.7,1920,1080,0.047,1477.8,517.9
Round1,Q3,239,119.5,EMIRATES,0.4682,461.6,489.7,13.9,65.0,1920,1080,0.043,468.5,522.2
Round1,Q3,240,120.0,EMIRATES,0.5884,1402.9,572.9,15.8,63.4,1920,1080,0.048,1410.8,604.6
Round1,Q3,240,120.0,EMIRATES,0.5373,1097.3,576.3,14.9,61.6,1920,1080,0.044,1104.8,607.1
Round1,Q3,240,120.0,EMIRATES,0.509,492.4,577.0,14.3,62.9,1920,1080,0.043,499.5,608.5
Round1,Q3,240,120.0,EMIRATES,0.5036,797.1,580.2,13.0,58.6,1920,1080,0.037,803.6,609.4
Round1,Q3,241,120.5,EMIRATES,0.7325,797.2,591.0,13.5,55.0,1920,1080,0.036,803.9,618.5
Round1,Q3,241,120.5,EMIRATES,0.7138,1075.6,589.2,12.3,57.3,1920,1080,0.034,1081.7,617.8
Round1,Q3,241,120.5,EMIRATES,0.5772,1355.5,588.3,13.8,58.7,1920,1080,0.039,1362.4,617.7
Round1,Q3,241,120.5,EMIRATES,0.5262,1356.6,529.9,12.0,53.8,1920,1080,0.031,1362.6,556.9
Round1,Q3,241,120.5,EMIRATES,0.4919,797.9,532.7,12.4,52.1,1920,1080,0.031,804.0,558.8
Round1,Q3,242,121.0,EMIRATES,0.5001,801.8,603.7,13.2,52.6,1920,1080,0.034,808.4,630.0
Round1,Q3,242,121.0,EMIRATES,0.3285,1070.4,598.7,13.5,57.0,1920,1080,0.037,1077.2,627.3
Round1,Q3,243,121.5,ACCESS_COVERS,0.8019,5.6,0.3,139.3,22.1,1920,1080,0.149,75.3,11.4
Round1,Q3,243,121.5,EMIRATES,0.6928,799.2,618.7,13.4,53.7,1920,1080,0.035,805.9,645.6
Round1,Q3,243,121.5,EMIRATES,0.5709,1338.7,615.7,16.5,58.2,1920,1080,0.046,1347.0,644.8
Round1,Q3,244,122.0,ACCESS_COVERS,0.8303,8.3,2.3,138.0,26.8,1920,1080,0.178,77.4,15.7
Round1,Q3,244,122.0,EMIRATES,0.4817,527.7,608.0,12.6,73.1,1920,1080,0.044,534.0,644.5
Round1,Q3,244,122.0,EMIRATES,0.4749,1068.5,621.4,13.1,55.5,1920,1080,0.035,1075.1,649.2
Round1,Q3,244,122.0,EMIRATES,0.3633,798.9,624.3,12.8,54.5,1920,1080,0.034,805.3,651.5
Round1,Q3,255,127.5,EMIRATES,0.872,1720.0,983.9,41.9,14.8,1920,1080,0.03,1740.9,991.3
Round1,Q3,256,128.0,EMIRATES,0.8918,1701.8,759.4,31.8,9.9,1920,1080,0.015,1717.7,764.3
Round1,Q3,256,128.0,EMIRATES,0.7815,1467.7,969.1,48.8,15.9,1920,1080,0.037,1492.1,977.0
Round1,Q3,257,128.5,EMIRATES,0.7549,1549.1,761.8,29.7,9.6,1920,1080,0.014,1564.0,766.6
Round1,Q3,259,129.5,EMIRATES,0.5896,1522.4,817.0,20.4,8.4,1920,1080,0.008,1532.6,821.2
Round1,Q3,262,131.0,EMIRATES,0.438,1452.8,795.3,21.0,10.4,1920,1080,0.011,1463.3,800.5
Round1,Q3,264,132.0,EMIRATES,0.744,1385.3,893.6,30.7,9.3,1920,1080,0.014,1400.6,898.3
Round1,Q3,265,132.5,EMIRATES,0.7309,1433.6,859.0,30.4,11.3,1920,1080,0.017,1448.8,864.6
Round1,Q3,270,135.0,EMIRATES,0.4119,1582.3,771.6,25.7,9.8,1920,1080,0.012,1595.2,776.5
Round1,Q3,271,135.5,EMIRATES,0.832,1508.2,758.1,32.5,12.0,1920,1080,0.019,1524.4,764.1
Round1,Q3,272,136.0,EMIRATES,0.8591,1561.9,788.5,47.2,17.4,1920,1080,0.04,1585.5,797.2
Round1,Q3,273,136.5,EMIRATES,0.8853,1569.6,812.2,39.7,13.6,1920,1080,0.026,1589.4,819.0
Round1,Q3,281,140.5,EMIRATES,0.752,1280.7,546.0,23.0,10.6,1920,1080,0.012,1292.2,551.3
Round1,Q3,282,141.0,EMIRATES,0.7028,1300.2,547.4,22.2,9.1,1920,1080,0.01,1311.3,551.9
Round1,Q3,283,141.5,EMIRATES,0.4491,1314.8,549.2,21.0,10.0,1920,1080,0.01,1325.3,554.2
Round1,Q3,284,142.0,EMIRATES,0.8449,1574.2,954.0,27.6,12.3,1920,1080,0.016,1588.0,960.2
Round1,Q3,287,143.5,ACCESS_COVERS,0.7403,247.3,264.1,63.3,13.7,1920,1080,0.042,279.0,271.0
Round1,Q3,287,143.5,CYBERCX,0.4958,181.7,261.9,59.2,14.2,1920,1080,0.041,211.3,269.0
Round1,Q3,288,144.0,ACCESS_COVERS,0.8082,343.3,347.6,47.6,9.7,1920,1080,0.022,367.1,352.5
Round1,Q3,288,144.0,CYBERCX,0.3895,290.5,346.7,45.8,9.6,1920,1080,0.021,313.4,351.5
Round1,Q3,289,144.5,ACCESS_COVERS,0.7175,355.6,357.8,43.4,9.0,1920,1080,0.019,377.3,362.3
Round1,Q3,289,144.5,CYBERCX,0.3454,309.6,357.1,39.5,9.0,1920,1080,0.017,329.4,361.6
Round1,Q3,290,145.0,ACCESS_COVERS,0.6304,329.7,283.4,43.0,8.5,1920,1080,0.018,351.2,287.7
Round1,Q3,290,145.0,CYBERCX,0.5192,282.5,281.9,40.5,9.5,1920,1080,0.019,302.7,286.6
Round1,Q3,291,145.5,ACCESS_COVERS,0.6974,311.5,146.6,43.2,9.6,1920,1080,0.02,333.1,151.4
Round1,Q3,292,146.0,ACCESS_COVERS,0.7298,310.7,112.3,43.4,8.5,1920,1080,0.018,332.4,116.5
Round1,Q3,292,146.0,CYBERCX,0.4423,263.1,110.3,40.3,8.8,1920,1080,0.017,283.3,114.7
Round1,Q3,295,147.5,EMIRATES,0.7118,1798.9,1059.0,120.3,21.0,1920,1080,0.122,1859.0,1069.5
Round1,Q3,298,149.0,EMIRATES,0.888,1816.0,258.4,80.9,42.1,1920,1080,0.164,1856.5,279.5
Round1,Q3,299,149.5,EMIRATES,0.3878,989.8,351.6,70.0,53.3,1920,1080,0.18,1024.8,378.2
Round1,Q3,300,150.0,EMIRATES,0.8707,918.6,552.2,115.7,51.5,1920,1080,0.288,976.4,578.0
Round1,Q3,301,150.5,EMIRATES,0.8439,1049.2,452.7,137.6,48.7,1920,1080,0.323,1118.0,477.1
Round1,Q3,302,151.0,EMIRATES,0.8446,1408.7,457.6,120.0,42.3,1920,1080,0.244,1468.7,478.7
Round1,Q3,304,152.0,CYBERCX,0.3208,670.3,178.1,29.1,7.9,1920,1080,0.011,684.8,182.1
Round1,Q3,305,152.5,CYBERCX,0.3333,615.7,180.2,28.4,6.5,1920,1080,0.009,629.9,183.4
Round1,Q3,308,154.0,CYBERCX,0.4332,405.6,183.0,30.5,6.8,1920,1080,0.01,420.8,186.4
Round1,Q3,308,154.0,ACCESS_COVERS,0.3427,440.4,182.7,34.4,6.9,1920,1080,0.012,457.6,186.1
Round1,Q3,311,155.5,ACCESS_COVERS,0.3108,395.0,184.3,33.9,6.9,1920,1080,0.011,411.9,187.7
Round1,Q3,317,158.5,CYBERCX,0.4126,442.5,194.8,30.2,6.9,1920,1080,0.01,457.6,198.3
Round1,Q3,321,160.5,EMIRATES,0.7218,1422.0,352.1,51.7,14.5,1920,1080,0.036,1447.8,359.4
Round1,Q3,321,160.5,EMIRATES,0.6999,53.4,383.4,54.7,16.1,1920,1080,0.042,80.8,391.5
Round1,Q3,321,160.5,EMIRATES,0.659,286.9,366.9,53.0,14.5,1920,1080,0.037,313.4,374.1
Round1,Q3,321,160.5,EMIRATES,0.6204,588.0,351.8,50.2,13.3,1920,1080,0.032,613.1,358.4
Round1,Q3,321,160.5,EMIRATES,0.5997,435.8,357.7,55.7,14.5,1920,1080,0.039,463.7,365.0
Round1,Q3,321,160.5,EMIRATES,0.597,1348.0,348.9,50.7,14.9,1920,1080,0.037,1373.4,356.4
Round1,Q3,321,160.5,EMIRATES,0.5548,132.9,377.4,52.5,15.3,1920,1080,0.039,159.2,385.1
Round1,Q3,321,160.5,EMIRATES,0.5396,511.1,354.9,53.1,13.5,1920,1080,0.035,537.6,361.7
Round1,Q3,321,160.5,EMIRATES,0.5286,0.3,283.7,47.1,14.9,1920,1080,0.034,23.8,291.2
Round1,Q3,321,160.5,EMIRATES,0.523,363.4,362.3,50.9,14.2,1920,1080,0.035,388.9,369.4
Round1,Q3,321,160.5,EMIRATES,0.522,1495.4,355.3,49.3,14.9,1920,1080,0.035,1520.0,362.7
Round1,Q3,321,160.5,EMIRATES,0.5163,1865.8,379.2,52.1,19.0,1920,1080,0.048,1891.8,388.6
Round1,Q3,321,160.5,EMIRATES,0.4163,1047.5,343.6,49.1,13.3,1920,1080,0.032,1072.0,350.3
Round1,Q3,321,160.5,EMIRATES,0.3498,73.5,283.0,54.0,14.0,1920,1080,0.036,100.5,290.0
Round1,Q3,322,161.0,EMIRATES,0.7934,65.5,381.4,46.5,16.1,1920,1080,0.036,88.8,389.4
Round1,Q3,322,161.0,EMIRATES,0.7844,1452.2,352.2,42.0,13.7,1920,1080,0.028,1473.1,359.1
Round1,Q3,322,161.0,EMIRATES,0.7599,1375.6,349.5,43.5,13.7,1920,1080,0.029,1397.3,356.3
Round1,Q3,322,161.0,EMIRATES,0.7563,4.8,281.3,48.1,14.2,1920,1080,0.033,28.8,288.4
Round1,Q3,322,161.0,EMIRATES,0.7284,453.8,356.8,46.0,13.7,1920,1080,0.03,476.9,363.7
Round1,Q3,322,161.0,EMIRATES,0.7257,1838.4,277.3,43.4,13.4,1920,1080,0.028,1860.1,284.0
Round1,Q3,322,161.0,EMIRATES,0.7044,531.9,353.9,42.2,12.7,1920,1080,0.026,553.0,360.2
Round1,Q3,322,161.0,EMIRATES,0.6847,1828.0,373.5,44.3,16.9,1920,1080,0.036,1850.1,381.9
Round1,Q3,322,161.0,EMIRATES,0.677,377.6,361.1,45.1,14.2,1920,1080,0.031,400.1,368.2
Round1,Q3,322,161.0,EMIRATES,0.669,1762.1,276.5,41.7,12.7,1920,1080,0.026,1782.9,282.8
Round1,Q3,322,161.0,EMIRATES,0.6633,87.6,280.3,46.2,14.0,1920,1080,0.031,110.6,287.3
Round1,Q3,322,161.0,EMIRATES,0.6433,1527.7,355.2,41.6,14.3,1920,1080,0.029,1548.5,362.3
Round1,Q3,322,161.0,EMIRATES,0.6367,303.3,365.4,44.0,14.0,1920,1080,0.03,325.3,372.4
Round1,Q3,322,161.0,EMIRATES,0.5541,607.1,350.6,42.1,13.1,1920,1080,0.027,628.1,357.1
Round1,Q3,322,161.0,EMIRATES,0.547,145.7,376.2,43.9,14.7,1920,1080,0.031,167.7,383.5
Round1,Q3,322,161.0,EMIRATES,0.5319,1613.1,274.7,42.0,12.1,1920,1080,0.025,1634.1,280.7
Round1,Q3,322,161.0,EMIRATES,0.5248,0.1,156.2,42.9,13.9,1920,1080,0.029,21.5,163.1
Round1,Q3,322,161.0,EMIRATES,0.5094,1255.1,270.8,41.1,11.9,1920,1080,0.024,1275.7,276.7
Round1,Q3,322,161.0,EMIRATES,0.5014,1300.2,346.7,42.5,13.8,1920,1080,0.028,1321.4,353.6
Round1,Q3,322,161.0,EMIRATES,0.4919,760.8,345.3,42.0,12.7,1920,1080,0.026,781.9,351.7
Round1,Q3,322,161.0,EMIRATES,0.4571,1326.4,270.8,41.0,12.4,1920,1080,0.025,1346.9,277.0
Round1,Q3,322,161.0,EMIRATES,0.4555,1069.4,343.3,43.1,12.5,1920,1080,0.026,1091.0,349.6
Round1,Q3,322,161.0,EMIRATES,0.4375,1469.5,272.6,41.4,12.3,1920,1080,0.025,1490.2,278.7
Round1,Q3,322,161.0,EMIRATES,0.4296,1541.4,273.0,41.2,12.5,1920,1080,0.025,1562.0,279.3
Round1,Q3,322,161.0,EMIRATES,0.427,165.9,279.0,44.1,13.0,1920,1080,0.028,188.0,285.5
Round1,Q3,322,161.0,EMIRATES,0.4235,416.8,274.7,39.9,11.9,1920,1080,0.023,436.7,280.7
Round1,Q3,322,161.0,EMIRATES,0.3863,342.8,275.7,42.0,12.6,1920,1080,0.025,363.8,282.0
Round1,Q3,322,161.0,EMIRATES,0.3515,1790.3,165.4,43.6,12.2,1920,1080,0.026,1812.1,171.4
Round1,Q3,322,161.0,EMIRATES,0.3475,733.0,271.9,40.7,11.9,1920,1080,0.023,753.3,277.8
Round1,Q3,322,161.0,EMIRATES,0.3407,1398.0,272.1,39.1,12.0,1920,1080,0.023,1417.6,278.1
Round1,Q3,323,161.5,EMIRATES,0.8093,8.4,279.1,47.5,14.3,1920,1080,0.033,32.2,286.3
Round1,Q3,323,161.5,EMIRATES,0.7883,68.6,380.3,47.6,16.1,1920,1080,0.037,92.4,388.3
Round1,Q3,323,161.5,EMIRATES,0.7727,1784.8,274.9,43.5,12.9,1920,1080,0.027,1806.5,281.4
Round1,Q3,323,161.5,EMIRATES,0.7407,1853.8,373.2,43.7,16.7,1920,1080,0.035,1875.7,381.6
Round1,Q3,323,161.5,EMIRATES,0.7387,461.4,356.1,46.2,13.5,1920,1080,0.03,484.5,362.8
Round1,Q3,323,161.5,EMIRATES,0.6796,309.9,364.4,44.5,14.0,1920,1080,0.03,332.2,371.4
Round1,Q3,323,161.5,EMIRATES,0.6222,1471.0,351.1,41.4,14.3,1920,1080,0.029,1491.7,358.2
Round1,Q3,323,161.5,EMIRATES,0.6061,150.8,374.8,44.6,14.7,1920,1080,0.032,173.1,382.1
Round1,Q3,323,161.5,EMIRATES,0.5793,1863.0,275.4,45.2,13.7,1920,1080,0.03,1885.6,282.3
Round1,Q3,323,161.5,EMIRATES,0.5629,1867.6,221.0,52.4,14.5,1920,1080,0.037,1893.7,228.2
Round1,Q3,323,161.5,EMIRATES,0.5611,1546.8,354.8,41.8,14.2,1920,1080,0.029,1567.7,361.9
Round1,Q3,323,161.5,EMIRATES,0.5423,539.3,352.6,45.1,13.3,1920,1080,0.029,561.9,359.3
Round1,Q3,323,161.5,EMIRATES,0.536,92.4,278.5,45.0,13.5,1920,1080,0.029,114.9,285.2
Round1,Q3,323,161.5,EMIRATES,0.5241,1392.5,348.6,44.8,13.9,1920,1080,0.03,1414.9,355.5
Round1,Q3,323,161.5,EMIRATES,0.5215,615.2,349.6,42.7,13.1,1920,1080,0.027,636.5,356.1
Round1,Q3,323,161.5,EMIRATES,0.5056,1082.5,342.6,44.1,12.6,1920,1080,0.027,1104.6,348.9
Round1,Q3,323,161.5,EMIRATES,0.4892,349.9,273.7,41.8,12.5,1920,1080,0.025,370.8,280.0
Round1,Q3,323,161.5,EMIRATES,0.4654,383.7,360.0,46.5,14.0,1920,1080,0.031,407.0,367.1
Round1,Q3,323,161.5,EMIRATES,0.4399,0.1,151.7,46.3,14.6,1920,1080,0.033,23.3,159.0
Round1,Q3,323,161.5,EMIRATES,0.4352,171.5,276.6,44.4,13.1,1920,1080,0.028,193.7,283.2
Round1,Q3,323,161.5,EMIRATES,0.3868,424.2,272.5,40.4,12.2,1920,1080,0.024,444.4,278.6
Round1,Q3,323,161.5,EMIRATES,0.3848,1271.0,269.3,41.1,11.8,1920,1080,0.023,1291.6,275.2
Round1,Q3,323,161.5,EMIRATES,0.383,772.4,344.3,42.1,12.8,1920,1080,0.026,793.4,350.7
Round1,Q3,323,161.5,EMIRATES,0.3224,1343.1,269.8,39.9,11.7,1920,1080,0.022,1363.1,275.6
Round1,Q3,324,162.0,EMIRATES,0.8238,56.7,379.2,48.0,16.0,1920,1080,0.037,80.7,387.2
Round1,Q3,324,162.0,EMIRATES,0.7539,300.6,363.1,46.1,14.2,1920,1080,0.032,323.7,370.3
Round1,Q3,324,162.0,EMIRATES,0.7505,377.6,358.7,46.0,14.1,1920,1080,0.031,400.7,365.8
Round1,Q3,324,162.0,EMIRATES,0.7478,0.0,275.8,43.0,15.0,1920,1080,0.031,21.5,283.3
Round1,Q3,324,162.0,EMIRATES,0.7476,140.2,373.3,44.6,15.0,1920,1080,0.032,162.5,380.8
Round1,Q3,324,162.0,EMIRATES,0.7335,1865.1,371.2,45.4,18.0,1920,1080,0.039,1887.8,380.2
Round1,Q3,324,162.0,EMIRATES,0.7313,80.3,275.4,46.4,13.8,1920,1080,0.031,103.5,282.3
Round1,Q3,324,162.0,EMIRATES,0.7065,1476.4,350.2,42.7,13.9,1920,1080,0.029,1497.8,357.1
Round1,Q3,324,162.0,EMIRATES,0.6958,1397.6,347.3,44.2,13.9,1920,1080,0.03,1419.7,354.3
Round1,Q3,324,162.0,EMIRATES,0.6315,534.4,351.5,43.8,13.2,1920,1080,0.028,556.3,358.2
Round1,Q3,324,162.0,EMIRATES,0.631,1875.0,272.7,44.3,13.9,1920,1080,0.03,1897.2,279.7
Round1,Q3,324,162.0,EMIRATES,0.5995,455.0,355.0,46.8,13.6,1920,1080,0.031,478.4,361.8
Round1,Q3,324,162.0,EMIRATES,0.5975,161.4,274.6,45.1,13.1,1920,1080,0.029,183.9,281.1
Round1,Q3,324,162.0,EMIRATES,0.5762,1797.1,272.3,42.6,12.8,1920,1080,0.026,1818.3,278.7
Round1,Q3,324,162.0,EMIRATES,0.5376,1553.3,353.6,42.5,14.1,1920,1080,0.029,1574.5,360.6
Round1,Q3,324,162.0,EMIRATES,0.5235,418.2,270.2,40.7,12.2,1920,1080,0.024,438.5,276.2
Round1,Q3,324,162.0,EMIRATES,0.503,1494.2,268.7,41.4,12.0,1920,1080,0.024,1514.9,274.7
Round1,Q3,324,162.0,EMIRATES,0.4852,1643.2,270.2,41.4,12.9,1920,1080,0.026,1663.9,276.6
Round1,Q3,324,162.0,EMIRATES,0.4729,612.5,348.3,42.3,13.1,1920,1080,0.027,633.6,354.9
Round1,Q3,324,162.0,EMIRATES,0.4562,769.1,343.2,43.8,12.8,1920,1080,0.027,791.0,349.6
Round1,Q3,324,162.0,EMIRATES,0.4548,1619.4,221.4,46.1,12.6,1920,1080,0.028,1642.4,227.7
Round1,Q3,324,162.0,EMIRATES,0.4408,342.1,270.9,43.2,13.3,1920,1080,0.028,363.7,277.6
Round1,Q3,324,162.0,EMIRATES,0.4198,1452.3,222.2,45.0,12.2,1920,1080,0.026,1474.8,228.3
Round1,Q3,324,162.0,EMIRATES,0.4102,1792.9,219.8,47.1,12.7,1920,1080,0.029,1816.4,226.1
Round1,Q3,324,162.0,EMIRATES,0.3764,1275.5,267.3,39.9,11.2,1920,1080,0.021,1295.5,272.9
Round1,Q3,324,162.0,EMIRATES,0.3585,1085.0,341.5,42.8,12.4,1920,1080,0.026,1106.4,347.7
Round1,Q3,325,162.5,EMIRATES,0.8131,29.4,377.9,49.4,16.1,1920,1080,0.038,54.1,386.0
Round1,Q3,325,162.5,EMIRATES,0.8033,52.9,272.3,47.7,14.3,1920,1080,0.033,76.7,279.5
Round1,Q3,325,162.5,EMIRATES,0.7997,279.8,361.6,45.1,14.8,1920,1080,0.032,302.3,369.0
Round1,Q3,325,162.5,EMIRATES,0.7821,356.8,356.8,46.8,15.0,1920,1080,0.034,380.2,364.3
Round1,Q3,325,162.5,EMIRATES,0.7609,436.8,353.4,47.0,13.7,1920,1080,0.031,460.3,360.3
Round1,Q3,325,162.5,EMIRATES,0.7528,594.7,346.6,42.7,13.5,1920,1080,0.028,616.1,353.3
Round1,Q3,325,162.5,EMIRATES,0.7399,114.3,372.0,46.7,15.6,1920,1080,0.035,137.7,379.8
Round1,Q3,325,162.5,EMIRATES,0.7319,753.3,341.4,45.4,13.2,1920,1080,0.029,776.0,348.0
Round1,Q3,325,162.5,EMIRATES,0.7267,321.1,268.5,43.9,13.6,1920,1080,0.029,343.1,275.3
Round1,Q3,325,162.5,EMIRATES,0.7048,1469.0,348.0,43.6,14.7,1920,1080,0.031,1490.8,355.4
Round1,Q3,325,162.5,EMIRATES,0.7029,516.5,349.7,44.4,14.0,1920,1080,0.03,538.7,356.7
Round1,Q3,325,162.5,EMIRATES,0.7004,1871.9,269.1,47.3,14.4,1920,1080,0.033,1895.6,276.3
Round1,Q3,325,162.5,EMIRATES,0.6786,1791.7,268.7,44.4,13.3,1920,1080,0.029,1813.9,275.4
Round1,Q3,325,162.5,EMIRATES,0.6778,1389.3,345.1,45.0,14.4,1920,1080,0.031,1411.9,352.3
Round1,Q3,325,162.5,EMIRATES,0.6392,1862.3,369.3,46.4,17.9,1920,1080,0.04,1885.5,378.2
Round1,Q3,325,162.5,EMIRATES,0.6369,1877.4,214.5,42.5,13.3,1920,1080,0.027,1898.7,221.1
Round1,Q3,325,162.5,EMIRATES,0.6302,1547.0,351.8,42.8,14.0,1920,1080,0.029,1568.4,358.8
Round1,Q3,325,162.5,EMIRATES,0.6294,137.0,271.2,45.9,13.7,1920,1080,0.03,159.9,278.0
Round1,Q3,325,162.5,EMIRATES,0.6285,1265.9,264.6,41.2,11.7,1920,1080,0.023,1286.5,270.5
Round1,Q3,325,162.5,EMIRATES,0.5977,1339.3,265.1,40.8,11.3,1920,1080,0.022,1359.7,270.8
Round1,Q3,325,162.5,EMIRATES,0.5792,1562.4,266.7,41.2,11.9,1920,1080,0.024,1583.0,272.6
Round1,Q3,325,162.5,EMIRATES,0.5769,1788.1,215.7,49.2,13.3,1920,1080,0.032,1812.7,222.3
Round1,Q3,325,162.5,EMIRATES,0.5709,397.7,267.7,41.5,12.0,1920,1080,0.024,418.5,273.7
Round1,Q3,325,162.5,EMIRATES,0.5511,1822.9,152.9,45.8,13.1,1920,1080,0.029,1845.8,159.5
Round1,Q3,325,162.5,EMIRATES,0.5269,1073.3,339.5,43.8,12.8,1920,1080,0.027,1095.2,345.9
Round1,Q3,325,162.5,EMIRATES,0.5234,0.0,271.8,15.6,15.4,1920,1080,0.012,7.8,279.5
Round1,Q3,325,162.5,EMIRATES,0.4972,1487.0,266.0,41.6,12.1,1920,1080,0.024,1507.9,272.1
Round1,Q3,325,162.5,EMIRATES,0.4446,1311.9,342.9,42.7,13.7,1920,1080,0.028,1333.3,349.7
Round1,Q3,325,162.5,EMIRATES,0.4337,1413.1,265.4,40.0,12.4,1920,1080,0.024,1433.1,271.6
Round1,Q3,325,162.5,EMIRATES,0.4238,1637.7,267.1,41.7,12.8,1920,1080,0.026,1658.5,273.4
Round1,Q3,325,162.5,EMIRATES,0.3246,1152.7,340.0,45.3,13.1,1920,1080,0.029,1175.4,346.5
Round1,Q3,325,162.5,EMIRATES,0.3239,1234.5,340.8,43.0,13.8,1920,1080,0.029,1256.0,347.8
Round1,Q3,325,162.5,EMIRATES,0.3096,216.2,270.5,45.2,13.1,1920,1080,0.029,238.8,277.0
Round1,Q3,325,162.5,EMIRATES,0.3056,1436.9,165.0,40.4,11.9,1920,1080,0.023,1457.1,170.9
Round1,Q3,326,163.0,EMIRATES,0.6605,1805.2,365.8,45.7,18.6,1920,1080,0.041,1828.1,375.1
Round1,Q3,326,163.0,EMIRATES,0.6368,366.3,352.7,48.8,14.7,1920,1080,0.034,390.7,360.1
Round1,Q3,326,163.0,EMIRATES,0.5835,205.5,360.8,46.1,16.2,1920,1080,0.036,228.5,368.9
Round1,Q3,326,163.0,EMIRATES,0.5464,691.5,340.1,44.6,14.3,1920,1080,0.031,713.8,347.3
Round1,Q3,326,163.0,EMIRATES,0.522,1332.8,342.4,46.4,15.7,1920,1080,0.035,1355.9,350.2
Round1,Q3,326,163.0,EMIRATES,0.5108,448.6,349.3,44.7,14.3,1920,1080,0.031,470.9,356.5
Round1,Q3,326,163.0,EMIRATES,0.4947,1413.1,345.0,43.5,15.7,1920,1080,0.033,1434.8,352.8
Round1,Q3,326,163.0,EMIRATES,0.4728,1491.7,348.8,43.9,15.7,1920,1080,0.033,1513.6,356.6
Round1,Q3,326,163.0,EMIRATES,0.4165,1887.1,371.9,32.9,18.9,1920,1080,0.03,1903.5,381.4
Round1,Q3,326,163.0,EMIRATES,0.4121,284.5,356.4,48.4,15.9,1920,1080,0.037,308.7,364.3
Round1,Q3,326,163.0,EMIRATES,0.4079,32.5,372.0,48.5,16.5,1920,1080,0.039,56.7,380.2
Round1,Q3,326,163.0,EMIRATES,0.3969,0.1,268.6,16.8,16.9,1920,1080,0.014,8.5,277.0
Round1,Q3,326,163.0,EMIRATES,0.3351,1255.2,340.4,43.8,14.8,1920,1080,0.031,1277.1,347.8
Round1,Q3,327,163.5,EMIRATES,0.6753,214.9,356.3,50.9,15.6,1920,1080,0.038,240.3,364.1
Round1,Q3,327,163.5,EMIRATES,0.5897,302.0,352.6,45.8,14.4,1920,1080,0.032,324.9,359.7
Round1,Q3,327,163.5,EMIRATES,0.581,127.9,360.5,51.8,16.4,1920,1080,0.041,153.8,368.7
Round1,Q3,327,163.5,EMIRATES,0.5165,384.7,348.8,46.0,15.2,1920,1080,0.034,407.7,356.4
Round1,Q3,327,163.5,EMIRATES,0.4629,42.3,364.9,49.8,17.2,1920,1080,0.041,67.2,373.5
Round1,Q3,327,163.5,EMIRATES,0.4605,1282.8,343.4,43.4,16.4,1920,1080,0.034,1304.5,351.6
Round1,Q3,327,163.5,EMIRATES,0.4541,1203.1,341.7,44.5,15.6,1920,1080,0.034,1225.3,349.5
Round1,Q3,327,163.5,EMIRATES,0.4463,1360.8,346.7,41.9,16.5,1920,1080,0.033,1381.8,355.0
Round1,Q3,327,163.5,EMIRATES,0.4173,1668.6,363.2,45.0,18.8,1920,1080,0.041,1691.1,372.6
Round1,Q3,328,164.0,EMIRATES,0.75,27.0,364.3,54.4,16.8,1920,1080,0.044,54.2,372.7
Round1,Q3,328,164.0,EMIRATES,0.7463,120.0,360.2,50.3,16.1,1920,1080,0.039,145.1,368.3
Round1,Q3,328,164.0,EMIRATES,0.6389,1517.6,364.3,44.3,19.7,1920,1080,0.042,1539.8,374.2
Round1,Q3,328,164.0,EMIRATES,0.5966,388.1,350.1,47.3,14.9,1920,1080,0.034,411.7,357.5
Round1,Q3,328,164.0,EMIRATES,0.5612,209.7,356.4,48.5,15.7,1920,1080,0.037,234.0,364.3
Round1,Q3,328,164.0,EMIRATES,0.4696,1595.9,370.9,42.3,18.7,1920,1080,0.038,1617.1,380.3
Round1,Q3,328,164.0,EMIRATES,0.4251,1133.6,348.1,44.1,16.0,1920,1080,0.034,1155.7,356.1
Round1,Q3,328,164.0,EMIRATES,0.3692,727.1,344.2,46.8,14.7,1920,1080,0.033,750.5,351.6
Round1,Q3,328,164.0,EMIRATES,0.301,0.2,269.2,26.6,14.9,1920,1080,0.019,13.5,276.6
Round1,Q3,329,164.5,EMIRATES,0.6441,909.8,352.6,45.6,15.2,1920,1080,0.033,932.6,360.2
Round1,Q3,329,164.5,EMIRATES,0.6075,1376.6,368.6,43.8,18.5,1920,1080,0.039,1398.5,377.9
Round1,Q3,329,164.5,EMIRATES,0.5887,30.7,365.4,51.7,16.0,1920,1080,0.04,56.6,373.3
Round1,Q3,329,164.5,EMIRATES,0.5872,220.8,358.4,50.7,15.3,1920,1080,0.037,246.1,366.0
Round1,Q3,329,164.5,EMIRATES,0.5718,991.0,353.8,44.3,15.4,1920,1080,0.033,1013.1,361.5
Round1,Q3,329,164.5,EMIRATES,0.4686,1834.1,410.4,46.3,23.9,1920,1080,0.053,1857.3,422.4
Round1,Q3,329,164.5,EMIRATES,0.4425,1453.5,374.2,41.9,18.3,1920,1080,0.037,1474.4,383.4
Round1,Q3,329,164.5,EMIRATES,0.3955,1529.0,379.1,42.7,20.0,1920,1080,0.041,1550.3,389.1
Round1,Q3,329,164.5,EMIRATES,0.3953,1069.7,355.5,43.3,16.3,1920,1080,0.034,1091.4,363.6
Round1,Q3,329,164.5,EMIRATES,0.3471,576.7,352.1,46.8,14.3,1920,1080,0.032,600.1,359.2
Round1,Q3,330,165.0,EMIRATES,0.784,732.6,359.7,48.7,15.7,1920,1080,0.037,756.9,367.5
Round1,Q3,330,165.0,EMIRATES,0.657,816.9,360.8,46.0,16.0,1920,1080,0.036,839.9,368.8
Round1,Q3,330,165.0,EMIRATES,0.6138,1283.3,379.0,43.7,18.4,1920,1080,0.039,1305.2,388.2
Round1,Q3,330,165.0,EMIRATES,0.5823,2.3,367.0,54.5,16.9,1920,1080,0.045,29.6,375.5
Round1,Q3,330,165.0,EMIRATES,0.5241,898.6,362.8,43.5,16.0,1920,1080,0.034,920.3,370.8
Round1,Q3,330,165.0,EMIRATES,0.5157,651.1,358.5,45.5,15.9,1920,1080,0.035,673.8,366.4
Round1,Q3,330,165.0,EMIRATES,0.4469,1207.1,374.9,44.3,17.6,1920,1080,0.038,1229.3,383.7
Round1,Q3,330,165.0,EMIRATES,0.4064,387.8,360.0,48.8,15.1,1920,1080,0.035,412.2,367.5
Round1,Q3,330,165.0,EMIRATES,0.3767,1359.7,384.2,42.4,19.2,1920,1080,0.039,1380.9,393.8
Round1,Q3,330,165.0,EMIRATES,0.3371,475.6,359.2,51.0,15.4,1920,1080,0.038,501.1,366.9
Round1,Q3,330,165.0,EMIRATES,0.3144,562.7,358.6,49.6,15.2,1920,1080,0.036,587.5,366.2
Round1,Q3,330,165.0,EMIRATES,0.3011,596.8,276.2,46.5,12.5,1920,1080,0.028,620.1,282.5
Round1,Q3,331,165.5,EMIRATES,0.8132,605.4,360.1,49.9,16.0,1920,1080,0.038,630.4,368.1
Round1,Q3,331,165.5,EMIRATES,0.789,1845.6,191.7,61.8,17.9,1920,1080,0.053,1876.5,200.7
Round1,Q3,331,165.5,EMIRATES,0.7844,1170.8,378.6,43.8,17.9,1920,1080,0.038,1192.7,387.6
Round1,Q3,331,165.5,EMIRATES,0.7657,1092.1,374.0,45.4,17.6,1920,1080,0.039,1114.9,382.8
Round1,Q3,331,165.5,EMIRATES,0.7573,1410.3,274.1,47.7,15.0,1920,1080,0.035,1434.2,281.6
Round1,Q3,331,165.5,EMIRATES,0.7503,1858.6,97.1,54.2,18.0,1920,1080,0.047,1885.7,106.1
Round1,Q3,331,165.5,EMIRATES,0.745,1835.0,275.8,52.5,18.1,1920,1080,0.046,1861.2,284.9
Round1,Q3,331,165.5,EMIRATES,0.7423,1573.9,275.0,46.0,15.6,1920,1080,0.034,1596.9,282.8
Round1,Q3,331,165.5,EMIRATES,0.7406,518.3,359.4,49.6,16.0,1920,1080,0.038,543.1,367.3
Round1,Q3,331,165.5,EMIRATES,0.735,1745.1,275.5,50.8,17.4,1920,1080,0.043,1770.5,284.2
Round1,Q3,331,165.5,EMIRATES,0.7318,1659.1,275.0,47.8,17.0,1920,1080,0.039,1683.0,283.5
Round1,Q3,331,165.5,EMIRATES,0.7225,1175.1,272.6,45.4,14.0,1920,1080,0.031,1197.8,279.6
Round1,Q3,331,165.5,EMIRATES,0.7217,1551.9,411.6,42.7,23.4,1920,1080,0.048,1573.3,423.4
Round1,Q3,331,165.5,EMIRATES,0.7085,1098.0,272.5,44.6,13.9,1920,1080,0.03,1120.3,279.4
Round1,Q3,331,165.5,EMIRATES,0.7026,426.8,359.5,53.1,15.7,1920,1080,0.04,453.3,367.3
Round1,Q3,331,165.5,EMIRATES,0.7014,1247.3,383.5,43.9,18.8,1920,1080,0.04,1269.3,392.9
Round1,Q3,331,165.5,EMIRATES,0.6968,774.8,362.7,46.2,16.3,1920,1080,0.036,797.9,370.8
Round1,Q3,331,165.5,EMIRATES,0.6922,690.9,361.5,48.0,15.9,1920,1080,0.037,714.9,369.5
Round1,Q3,331,165.5,EMIRATES,0.6726,1491.8,274.3,46.3,14.9,1920,1080,0.033,1515.0,281.7
Round1,Q3,331,165.5,EMIRATES,0.663,1323.1,389.4,45.1,19.0,1920,1080,0.041,1345.6,398.9
Round1,Q3,331,165.5,EMIRATES,0.6047,1715.8,107.7,98.3,20.9,1920,1080,0.099,1765.0,118.2
Round1,Q3,331,165.5,EMIRATES,0.5947,1627.7,120.7,47.9,15.2,1920,1080,0.035,1651.6,128.2
Round1,Q3,331,165.5,EMIRATES,0.5764,945.1,272.2,42.2,14.4,1920,1080,0.029,966.2,279.3
Round1,Q3,331,165.5,EMIRATES,0.5508,1741.8,197.4,57.7,16.8,1920,1080,0.047,1770.6,205.8
Round1,Q3,331,165.5,EMIRATES,0.5041,1254.3,272.9,43.5,14.7,1920,1080,0.031,1276.0,280.3
Round1,Q3,331,165.5,EMIRATES,0.4947,1550.2,204.7,51.9,16.4,1920,1080,0.041,1576.1,212.8
Round1,Q3,331,165.5,EMIRATES,0.4877,238.8,361.6,54.4,14.7,1920,1080,0.039,266.0,368.9
Round1,Q3,331,165.5,EMIRATES,0.4825,1644.3,202.1,55.7,15.5,1920,1080,0.042,1672.1,209.9
Round1,Q3,331,165.5,EMIRATES,0.4194,1332.1,273.5,44.4,15.6,1920,1080,0.033,1354.3,281.3
Round1,Q3,331,165.5,EMIRATES,0.411,1417.9,136.2,44.2,13.7,1920,1080,0.029,1440.0,143.0
Round1,Q3,331,165.5,EMIRATES,0.3928,1499.6,128.3,89.2,16.2,1920,1080,0.069,1544.2,136.4
Round1,Q3,331,165.5,EMIRATES,0.3893,787.4,272.3,43.8,13.1,1920,1080,0.028,809.3,278.8
Round1,Q3,331,165.5,EMIRATES,0.3857,855.7,364.9,45.9,15.2,1920,1080,0.034,878.6,372.4
Round1,Q3,331,165.5,EMIRATES,0.3627,335.6,359.8,53.0,16.1,1920,1080,0.041,362.1,367.9
Round1,Q3,331,165.5,EMIRATES,0.3494,1277.5,213.1,51.3,14.0,1920,1080,0.035,1303.2,220.0
Round1,Q3,331,165.5,EMIRATES,0.3467,462.3,273.4,47.8,13.5,1920,1080,0.031,486.2,280.1
Round1,Q3,331,165.5,EMIRATES,0.3368,1021.2,272.3,44.1,13.9,1920,1080,0.03,1043.2,279.2
Round1,Q3,331,165.5,EMIRATES,0.3172,865.1,272.3,43.9,13.6,1920,1080,0.029,887.1,279.1
Round1,Q3,331,165.5,EMIRATES,0.3131,545.7,273.2,45.7,13.0,1920,1080,0.029,568.5,279.7
Round1,Q3,332,166.0,EMIRATES,0.8562,1712.7,271.2,51.4,17.3,1920,1080,0.043,1738.5,279.8
Round1,Q3,332,166.0,EMIRATES,0.8532,1805.3,270.7,53.4,18.6,1920,1080,0.048,1832.0,280.0
Round1,Q3,332,166.0,EMIRATES,0.8518,529.6,360.0,52.2,15.7,1920,1080,0.039,555.7,367.8
Round1,Q3,332,166.0,EMIRATES,0.8488,1816.2,183.9,62.6,18.5,1920,1080,0.056,1847.5,193.2
Round1,Q3,332,166.0,EMIRATES,0.8472,1124.6,268.9,46.2,13.8,1920,1080,0.031,1147.7,275.8
Round1,Q3,332,166.0,EMIRATES,0.8344,1590.9,109.9,49.5,16.5,1920,1080,0.039,1615.6,118.2
Round1,Q3,332,166.0,EMIRATES,0.8329,1624.1,271.0,49.0,16.5,1920,1080,0.039,1648.6,279.2
Round1,Q3,332,166.0,EMIRATES,0.83,1043.6,268.7,46.1,13.6,1920,1080,0.03,1066.6,275.5
Round1,Q3,332,166.0,EMIRATES,0.8294,1828.3,86.0,54.4,18.3,1920,1080,0.048,1855.5,95.2
Round1,Q3,332,166.0,EMIRATES,0.8132,1414.9,202.2,53.9,14.6,1920,1080,0.038,1441.9,209.5
Round1,Q3,332,166.0,EMIRATES,0.8108,1710.5,190.3,57.7,16.9,1920,1080,0.047,1739.3,198.8
Round1,Q3,332,166.0,EMIRATES,0.8079,620.4,361.0,49.5,15.8,1920,1080,0.038,645.2,368.9
Round1,Q3,332,166.0,EMIRATES,0.7967,1450.4,269.7,48.8,16.1,1920,1080,0.038,1474.8,277.8
Round1,Q3,332,166.0,EMIRATES,0.796,707.6,362.6,48.1,15.8,1920,1080,0.037,731.7,370.6
Round1,Q3,332,166.0,EMIRATES,0.7923,1229.7,206.9,51.9,14.1,1920,1080,0.035,1255.7,213.9
Round1,Q3,332,166.0,EMIRATES,0.7917,884.0,268.7,45.5,13.7,1920,1080,0.03,906.8,275.6
Round1,Q3,332,166.0,EMIRATES,0.7908,1372.9,126.5,47.9,14.8,1920,1080,0.034,1396.9,133.9
Round1,Q3,332,166.0,EMIRATES,0.7829,1535.5,269.8,48.3,16.5,1920,1080,0.038,1559.7,278.1
Round1,Q3,332,166.0,EMIRATES,0.7825,963.9,268.4,44.8,13.5,1920,1080,0.029,986.3,275.2
Round1,Q3,332,166.0,EMIRATES,0.7821,1682.4,97.4,100.1,20.6,1920,1080,0.1,1732.5,107.7
Round1,Q3,332,166.0,EMIRATES,0.7817,342.4,359.3,54.6,15.6,1920,1080,0.041,369.8,367.1
Round1,Q3,332,166.0,EMIRATES,0.7811,1511.5,198.8,53.0,16.0,1920,1080,0.041,1538.0,206.8
Round1,Q3,332,166.0,EMIRATES,0.7703,1205.0,269.1,45.6,14.1,1920,1080,0.031,1227.8,276.2
Round1,Q3,332,166.0,EMIRATES,0.7688,1608.4,194.9,57.7,16.4,1920,1080,0.046,1637.3,203.1
Round1,Q3,332,166.0,EMIRATES,0.7638,1138.3,208.8,50.3,13.7,1920,1080,0.033,1163.5,215.6
Round1,Q3,332,166.0,EMIRATES,0.7609,1513.7,412.6,44.2,21.9,1920,1080,0.047,1535.8,423.6
Round1,Q3,332,166.0,EMIRATES,0.7503,1367.7,269.6,48.0,14.9,1920,1080,0.034,1391.7,277.0
Round1,Q3,332,166.0,EMIRATES,0.7439,141.2,360.5,57.9,15.3,1920,1080,0.043,170.1,368.2
Round1,Q3,332,166.0,EMIRATES,0.7421,467.2,268.8,48.7,13.3,1920,1080,0.031,491.6,275.5
Round1,Q3,332,166.0,EMIRATES,0.7372,438.8,359.4,51.9,15.6,1920,1080,0.039,464.8,367.2
Round1,Q3,332,166.0,EMIRATES,0.7283,1277.4,389.5,46.1,18.3,1920,1080,0.041,1300.4,398.7
Round1,Q3,332,166.0,EMIRATES,0.7241,1038.9,373.8,46.6,17.1,1920,1080,0.038,1062.2,382.4
Round1,Q3,332,166.0,EMIRATES,0.7186,378.4,268.7,51.2,13.8,1920,1080,0.034,404.0,275.5
Round1,Q3,332,166.0,EMIRATES,0.7185,720.7,268.5,46.4,13.0,1920,1080,0.029,743.9,275.0
Round1,Q3,332,166.0,EMIRATES,0.7158,1120.1,378.3,45.3,17.8,1920,1080,0.039,1142.8,387.2
Round1,Q3,332,166.0,EMIRATES,0.7121,245.2,359.7,56.3,15.7,1920,1080,0.043,273.4,367.5
Round1,Q3,332,166.0,EMIRATES,0.7085,636.5,268.6,48.0,13.2,1920,1080,0.031,660.6,275.2
Round1,Q3,332,166.0,EMIRATES,0.6952,1198.8,383.5,45.3,18.2,1920,1080,0.04,1221.5,392.6
Round1,Q3,332,166.0,EMIRATES,0.6874,801.8,268.6,45.5,13.1,1920,1080,0.029,824.5,275.1
Round1,Q3,332,166.0,EMIRATES,0.6472,1287.1,269.6,44.2,14.8,1920,1080,0.032,1309.2,277.1
Round1,Q3,332,166.0,EMIRATES,0.6337,1045.5,210.7,53.8,14.0,1920,1080,0.036,1072.4,217.7
Round1,Q3,332,166.0,EMIRATES,0.6335,196.2,268.6,52.6,14.2,1920,1080,0.036,222.5,275.7
Round1,Q3,332,166.0,EMIRATES,0.6308,1890.0,486.8,30.0,45.8,1920,1080,0.066,1905.0,509.7
Round1,Q3,332,166.0,EMIRATES,0.6002,682.0,214.9,51.7,13.9,1920,1080,0.035,707.8,221.9
Round1,Q3,332,166.0,EMIRATES,0.5929,1903.7,269.3,16.3,20.3,1920,1080,0.016,1911.8,279.4
Round1,Q3,332,166.0,EMIRATES,0.5917,990.0,145.1,44.8,12.7,1920,1080,0.027,1012.4,151.4
Round1,Q3,332,166.0,EMIRATES,0.5744,575.6,155.0,46.0,12.2,1920,1080,0.027,598.6,161.1
Round1,Q3,332,166.0,EMIRATES,0.5741,553.5,268.8,46.2,13.1,1920,1080,0.029,576.7,275.3
Round1,Q3,332,166.0,EMIRATES,0.5588,784.8,150.7,45.0,12.4,1920,1080,0.027,807.3,156.9
Round1,Q3,332,166.0,EMIRATES,0.5532,1458.9,118.4,92.1,16.6,1920,1080,0.074,1504.9,126.7
Round1,Q3,332,166.0,EMIRATES,0.5357,392.6,216.3,54.0,14.1,1920,1080,0.037,419.7,223.3
Round1,Q3,332,166.0,EMIRATES,0.5169,36.4,361.1,58.4,15.5,1920,1080,0.044,65.6,368.9
Round1,Q3,332,166.0,EMIRATES,0.511,588.0,215.9,50.0,12.8,1920,1080,0.031,613.0,222.4
Round1,Q3,332,166.0,EMIRATES,0.4985,773.5,214.6,51.6,13.3,1920,1080,0.033,799.4,221.2
Round1,Q3,332,166.0,EMIRATES,0.4282,98.3,268.6,56.2,14.4,1920,1080,0.039,126.3,275.8
Round1,Q3,332,166.0,EMIRATES,0.4192,489.8,216.5,54.9,13.5,1920,1080,0.036,517.3,223.2
Round1,Q3,332,166.0,EMIRATES,0.4071,355.5,155.0,50.2,13.1,1920,1080,0.032,380.5,161.5
Round1,Q3,332,166.0,EMIRATES,0.3933,1322.8,204.7,50.0,15.1,1920,1080,0.036,1347.8,212.2
Round1,Q3,332,166.0,EMIRATES,0.3564,185.2,216.0,56.5,13.7,1920,1080,0.037,213.5,222.9
Round1,Q3,332,166.0,EMIRATES,0.3196,957.6,211.5,49.7,13.8,1920,1080,0.033,982.5,218.4
Round1,Q3,332,166.0,EMIRATES,0.3139,0.5,149.5,74.6,14.5,1920,1080,0.052,37.8,156.7
Round1,Q3,332,166.0,EMIRATES,0.3045,865.7,148.6,87.0,13.3,1920,1080,0.056,909.2,155.2
Round1,Q3,332,166.0,EMIRATES,0.301,1746.3,449.7,42.3,28.5,1920,1080,0.058,1767.5,463.9
Round1,Q3,333,166.5,EMIRATES,0.8624,1827.2,79.3,57.1,19.1,1920,1080,0.053,1855.7,88.9
Round1,Q3,333,166.5,EMIRATES,0.8548,1804.5,269.7,54.6,19.0,1920,1080,0.05,1831.8,279.2
Round1,Q3,333,166.5,EMIRATES,0.8513,1815.1,180.3,64.9,19.5,1920,1080,0.061,1847.5,190.0
Round1,Q3,333,166.5,EMIRATES,0.8503,1601.7,191.9,59.2,17.0,1920,1080,0.049,1631.3,200.4
Round1,Q3,333,166.5,EMIRATES,0.8483,491.0,362.8,54.1,15.7,1920,1080,0.041,518.1,370.7
Round1,Q3,333,166.5,EMIRATES,0.8438,1021.7,268.3,46.9,13.7,1920,1080,0.031,1045.2,275.2
Round1,Q3,333,166.5,EMIRATES,0.836,1103.4,268.6,48.1,14.2,1920,1080,0.033,1127.5,275.7
Round1,Q3,333,166.5,EMIRATES,0.8341,1709.4,270.2,53.2,17.6,1920,1080,0.045,1736.0,279.0
Round1,Q3,333,166.5,EMIRATES,0.8274,1360.2,122.0,48.0,14.9,1920,1080,0.034,1384.2,129.4
Round1,Q3,333,166.5,EMIRATES,0.8188,84.9,362.9,60.4,15.2,1920,1080,0.044,115.1,370.6
Round1,Q3,333,166.5,EMIRATES,0.8114,143.3,268.1,54.7,14.3,1920,1080,0.038,170.6,275.3
Round1,Q3,333,166.5,EMIRATES,0.809,1706.1,187.1,59.1,17.3,1920,1080,0.049,1735.7,195.7
Round1,Q3,333,166.5,EMIRATES,0.8063,585.2,363.7,50.4,15.5,1920,1080,0.038,610.4,371.5
Round1,Q3,333,166.5,EMIRATES,0.8013,297.3,362.2,56.5,15.3,1920,1080,0.042,325.6,369.8
Round1,Q3,333,166.5,EMIRATES,0.7959,1354.1,269.1,49.9,15.1,1920,1080,0.036,1379.0,276.7
Round1,Q3,333,166.5,EMIRATES,0.7928,334.1,268.7,51.5,13.1,1920,1080,0.032,359.9,275.3
Round1,Q3,333,166.5,EMIRATES,0.788,1583.1,105.1,51.0,15.8,1920,1080,0.039,1608.6,113.1
Round1,Q3,333,166.5,EMIRATES,0.7872,1187.2,268.7,46.7,14.9,1920,1080,0.034,1210.6,276.2
Round1,Q3,333,166.5,EMIRATES,0.7872,1618.3,269.7,50.0,17.0,1920,1080,0.041,1643.3,278.2
Round1,Q3,333,166.5,EMIRATES,0.7864,425.5,268.7,49.9,12.9,1920,1080,0.031,450.5,275.2
Round1,Q3,333,166.5,EMIRATES,0.7794,1307.2,202.6,51.7,15.2,1920,1080,0.038,1333.0,210.2
Round1,Q3,333,166.5,EMIRATES,0.7784,515.2,269.0,48.0,13.0,1920,1080,0.03,539.2,275.5
Round1,Q3,333,166.5,EMIRATES,0.7736,939.4,268.3,45.8,13.8,1920,1080,0.03,962.3,275.2
Round1,Q3,333,166.5,EMIRATES,0.7719,1502.5,196.2,53.2,15.9,1920,1080,0.041,1529.1,204.2
Round1,Q3,333,166.5,EMIRATES,0.7702,857.1,268.4,45.4,14.1,1920,1080,0.031,879.8,275.5
Round1,Q3,333,166.5,EMIRATES,0.7678,687.9,268.3,47.2,13.3,1920,1080,0.03,711.5,275.0
Round1,Q3,333,166.5,EMIRATES,0.7667,1504.6,416.1,44.9,22.9,1920,1080,0.05,1527.1,427.5
Round1,Q3,333,166.5,EMIRATES,0.7562,1100.0,381.9,45.9,17.3,1920,1080,0.038,1122.9,390.6
Round1,Q3,333,166.5,EMIRATES,0.7556,1678.5,91.8,102.8,20.5,1920,1080,0.101,1729.9,102.0
Round1,Q3,333,166.5,EMIRATES,0.7532,1439.2,269.6,49.1,15.6,1920,1080,0.037,1463.7,277.4
Round1,Q3,333,166.5,EMIRATES,0.7505,1212.4,204.4,53.4,14.9,1920,1080,0.038,1239.1,211.8
Round1,Q3,333,166.5,EMIRATES,0.7498,772.7,268.5,45.9,13.2,1920,1080,0.029,795.7,275.1
Round1,Q3,333,166.5,EMIRATES,0.7421,1526.9,269.4,49.1,16.5,1920,1080,0.039,1551.5,277.7
Round1,Q3,333,166.5,EMIRATES,0.7419,1271.5,269.4,46.0,14.8,1920,1080,0.033,1294.5,276.8
Round1,Q3,333,166.5,EMIRATES,0.7413,1120.0,207.0,49.9,14.0,1920,1080,0.034,1144.9,214.0
Round1,Q3,333,166.5,EMIRATES,0.7313,1023.8,208.7,54.6,14.0,1920,1080,0.037,1051.1,215.7
Round1,Q3,333,166.5,EMIRATES,0.7266,965.4,141.1,45.9,13.3,1920,1080,0.03,988.4,147.8
Round1,Q3,333,166.5,EMIRATES,0.7118,1262.5,392.4,46.7,19.5,1920,1080,0.044,1285.8,402.2
Round1,Q3,333,166.5,EMIRATES,0.709,39.0,267.3,58.9,14.2,1920,1080,0.04,68.5,274.4
Round1,Q3,333,166.5,EMIRATES,0.7001,1404.1,200.0,53.9,14.8,1920,1080,0.038,1431.1,207.4
Round1,Q3,333,166.5,EMIRATES,0.6983,753.6,147.1,47.0,12.9,1920,1080,0.029,777.1,153.6
Round1,Q3,333,166.5,EMIRATES,0.6981,675.6,365.6,48.7,15.2,1920,1080,0.036,699.9,373.2
Round1,Q3,333,166.5,EMIRATES,0.6976,1181.5,386.6,46.2,18.2,1920,1080,0.041,1204.6,395.7
Round1,Q3,333,166.5,EMIRATES,0.6961,396.8,362.3,52.8,15.0,1920,1080,0.038,423.2,369.8
Round1,Q3,333,166.5,EMIRATES,0.683,193.5,361.8,59.1,16.0,1920,1080,0.045,223.0,369.8
Round1,Q3,333,166.5,EMIRATES,0.6639,1016.2,376.8,48.3,17.8,1920,1080,0.041,1040.4,385.7
Round1,Q3,333,166.5,EMIRATES,0.6565,602.6,268.4,48.2,13.1,1920,1080,0.03,626.6,275.0
Round1,Q3,333,166.5,EMIRATES,0.6532,0.0,363.1,34.2,16.3,1920,1080,0.027,17.1,371.3
Round1,Q3,333,166.5,EMIRATES,0.6499,1446.9,113.1,95.4,17.8,1920,1080,0.082,1494.6,122.0
Round1,Q3,333,166.5,EMIRATES,0.6494,538.7,150.6,47.2,12.8,1920,1080,0.029,562.3,157.0
Round1,Q3,333,166.5,EMIRATES,0.6148,449.5,214.8,56.0,12.9,1920,1080,0.035,477.5,221.2
Round1,Q3,333,166.5,EMIRATES,0.5573,347.8,214.9,54.9,12.9,1920,1080,0.034,375.2,221.3
Round1,Q3,333,166.5,EMIRATES,0.546,551.0,214.0,51.2,13.0,1920,1080,0.032,576.6,220.5
Round1,Q3,333,166.5,EMIRATES,0.5244,647.5,213.3,54.0,13.9,1920,1080,0.036,674.5,220.3
Round1,Q3,333,166.5,EMIRATES,0.5152,1907.2,268.2,12.8,20.2,1920,1080,0.012,1913.6,278.2
Round1,Q3,333,166.5,EMIRATES,0.5145,310.2,150.6,50.4,13.1,1920,1080,0.032,335.4,157.1
Round1,Q3,333,166.5,EMIRATES,0.4945,1891.7,489.2,28.3,47.2,1920,1080,0.064,1905.8,512.8
Round1,Q3,333,166.5,EMIRATES,0.492,130.1,213.1,61.0,14.2,1920,1080,0.042,160.6,220.2
Round1,Q3,333,166.5,EMIRATES,0.4855,931.9,209.7,51.4,14.3,1920,1080,0.035,957.7,216.9
Round1,Q3,333,166.5,EMIRATES,0.4639,837.5,144.7,91.0,13.8,1920,1080,0.06,883.0,151.5
Round1,Q3,333,166.5,EMIRATES,0.4434,61.0,146.2,57.1,13.7,1920,1080,0.038,89.6,153.1
Round1,Q3,333,166.5,EMIRATES,0.3977,742.9,212.6,52.2,13.3,1920,1080,0.033,769.0,219.2
Round1,Q3,333,166.5,EMIRATES,0.3869,762.4,367.7,50.1,15.2,1920,1080,0.037,787.5,375.3
Round1,Q3,333,166.5,EMIRATES,0.3839,9.9,210.8,68.7,15.0,1920,1080,0.05,44.3,218.3
Round1,Q3,333,166.5,EMIRATES,0.3477,402.0,150.5,95.2,14.2,1920,1080,0.065,449.6,157.6
Round1,Q3,333,166.5,EMIRATES,0.3197,623.8,149.2,92.3,12.9,1920,1080,0.057,670.0,155.6
Round1,Q3,334,167.0,EMIRATES,0.8696,1808.3,264.3,57.5,19.0,1920,1080,0.053,1837.1,273.8
Round1,Q3,334,167.0,EMIRATES,0.8677,1832.8,68.1,58.2,19.4,1920,1080,0.054,1861.9,77.8
Round1,Q3,334,167.0,EMIRATES,0.8626,1710.1,264.8,55.2,17.7,1920,1080,0.047,1737.7,273.7
Round1,Q3,334,167.0,EMIRATES,0.8565,455.2,361.6,56.5,16.1,1920,1080,0.044,483.4,369.6
Round1,Q3,334,167.0,EMIRATES,0.8556,552.8,363.1,52.7,15.6,1920,1080,0.04,579.1,370.9
Round1,Q3,334,167.0,EMIRATES,0.8534,1522.9,264.6,50.3,16.8,1920,1080,0.041,1548.0,273.0
Round1,Q3,334,167.0,EMIRATES,0.8505,1002.6,263.5,48.5,14.5,1920,1080,0.034,1026.9,270.7
Round1,Q3,334,167.0,EMIRATES,0.8484,1087.4,263.7,48.5,14.7,1920,1080,0.034,1111.6,271.1
Round1,Q3,334,167.0,EMIRATES,0.8464,291.9,263.1,54.0,14.0,1920,1080,0.036,318.9,270.1
Round1,Q3,334,167.0,EMIRATES,0.8451,89.8,262.1,58.7,14.7,1920,1080,0.042,119.1,269.5
Round1,Q3,334,167.0,EMIRATES,0.8427,29.3,360.8,64.4,15.9,1920,1080,0.049,61.5,368.8
Round1,Q3,334,167.0,EMIRATES,0.8427,1820.1,171.9,67.0,19.8,1920,1080,0.064,1853.6,181.8
Round1,Q3,334,167.0,EMIRATES,0.8417,833.3,263.6,47.3,14.1,1920,1080,0.032,857.0,270.6
Round1,Q3,334,167.0,EMIRATES,0.8386,1616.1,265.0,52.1,17.3,1920,1080,0.044,1642.1,273.7
Round1,Q3,334,167.0,EMIRATES,0.8347,1580.9,95.5,51.6,16.7,1920,1080,0.042,1606.7,103.8
Round1,Q3,334,167.0,EMIRATES,0.8338,1708.3,179.5,60.7,18.1,1920,1080,0.053,1738.6,188.5
Round1,Q3,334,167.0,EMIRATES,0.8338,1005.7,202.1,55.3,14.6,1920,1080,0.039,1033.3,209.3
Round1,Q3,334,167.0,EMIRATES,0.833,387.1,263.5,51.7,13.5,1920,1080,0.034,412.9,270.2
Round1,Q3,334,167.0,EMIRATES,0.8303,1344.3,264.7,51.1,15.5,1920,1080,0.038,1369.9,272.5
Round1,Q3,334,167.0,EMIRATES,0.8255,1198.1,197.5,56.5,16.0,1920,1080,0.044,1226.3,205.5
Round1,Q3,334,167.0,EMIRATES,0.8229,659.2,263.5,49.5,13.8,1920,1080,0.033,683.9,270.4
Round1,Q3,334,167.0,EMIRATES,0.8227,1173.3,263.7,48.7,15.6,1920,1080,0.037,1197.7,271.4
Round1,Q3,334,167.0,EMIRATES,0.8216,569.9,263.4,49.5,13.4,1920,1080,0.032,594.6,270.1
Round1,Q3,334,167.0,EMIRATES,0.8195,1259.6,264.1,47.6,15.7,1920,1080,0.036,1283.4,271.9
Round1,Q3,334,167.0,EMIRATES,0.8186,918.3,263.5,46.9,14.2,1920,1080,0.032,941.8,270.5
Round1,Q3,334,167.0,EMIRATES,0.8123,252.5,360.6,59.5,15.8,1920,1080,0.045,282.3,368.5
Round1,Q3,334,167.0,EMIRATES,0.812,1433.8,264.8,49.5,15.7,1920,1080,0.038,1458.5,272.6
Round1,Q3,334,167.0,EMIRATES,0.8023,479.7,263.6,49.8,13.5,1920,1080,0.032,504.6,270.4
Round1,Q3,334,167.0,EMIRATES,0.7995,1600.3,184.8,60.1,17.2,1920,1080,0.05,1630.3,193.4
Round1,Q3,334,167.0,EMIRATES,0.7967,1297.3,195.8,53.0,15.6,1920,1080,0.04,1323.8,203.6
Round1,Q3,334,167.0,EMIRATES,0.7963,1103.4,200.4,52.0,14.4,1920,1080,0.036,1129.4,207.6
Round1,Q3,334,167.0,EMIRATES,0.7924,1497.2,189.3,55.2,16.2,1920,1080,0.043,1524.8,197.3
Round1,Q3,334,167.0,EMIRATES,0.7746,745.8,263.5,47.7,13.8,1920,1080,0.032,769.6,270.4
Round1,Q3,334,167.0,EMIRATES,0.7684,1499.6,416.2,46.2,22.9,1920,1080,0.051,1522.7,427.6
Round1,Q3,334,167.0,EMIRATES,0.7569,1678.2,81.4,106.6,21.6,1920,1080,0.111,1731.5,92.2
Round1,Q3,334,167.0,EMIRATES,0.7495,1083.8,381.3,47.1,17.8,1920,1080,0.04,1107.4,390.2
Round1,Q3,334,167.0,EMIRATES,0.7397,1440.3,103.5,98.2,18.9,1920,1080,0.09,1489.4,113.0
Round1,Q3,334,167.0,EMIRATES,0.7388,357.4,361.3,54.4,15.2,1920,1080,0.04,384.6,368.9
Round1,Q3,334,167.0,EMIRATES,0.7262,1350.6,113.5,49.6,14.8,1920,1080,0.035,1375.4,120.9
Round1,Q3,334,167.0,EMIRATES,0.7206,1396.4,192.7,54.9,15.7,1920,1080,0.042,1423.9,200.6
Round1,Q3,334,167.0,EMIRATES,0.7072,997.5,376.3,49.0,17.4,1920,1080,0.041,1021.9,385.0
Round1,Q3,334,167.0,EMIRATES,0.7041,646.5,364.5,49.3,15.8,1920,1080,0.038,671.1,372.4
Round1,Q3,334,167.0,EMIRATES,0.6979,910.9,203.5,51.9,14.2,1920,1080,0.035,936.9,210.6
Round1,Q3,334,167.0,EMIRATES,0.6894,502.8,141.5,48.9,12.8,1920,1080,0.03,527.3,147.9
Round1,Q3,334,167.0,EMIRATES,0.678,725.9,137.8,49.0,14.1,1920,1080,0.033,750.4,144.9
Round1,Q3,334,167.0,EMIRATES,0.67,1250.3,392.0,49.0,19.9,1920,1080,0.047,1274.8,402.0
Round1,Q3,334,167.0,EMIRATES,0.6593,944.7,132.6,46.9,13.5,1920,1080,0.031,968.2,139.4
Round1,Q3,334,167.0,EMIRATES,0.6335,0.1,260.7,42.7,14.8,1920,1080,0.03,21.4,268.1
Round1,Q3,334,167.0,EMIRATES,0.6324,616.8,206.8,55.4,14.0,1920,1080,0.037,644.5,213.8
Round1,Q3,334,167.0,EMIRATES,0.631,2.1,133.8,61.8,16.1,1920,1080,0.048,33.0,141.9
Round1,Q3,334,167.0,EMIRATES,0.5905,716.7,206.0,51.7,13.6,1920,1080,0.034,742.6,212.8
Round1,Q3,334,167.0,EMIRATES,0.5432,1167.2,385.8,47.4,18.8,1920,1080,0.043,1190.9,395.2
Round1,Q3,334,167.0,EMIRATES,0.4949,263.5,141.2,54.9,12.9,1920,1080,0.034,291.0,147.7
Round1,Q3,334,167.0,EMIRATES,0.4913,1900.3,492.0,19.6,41.3,1920,1080,0.039,1910.1,512.6
Round1,Q3,334,167.0,EMIRATES,0.4748,1746.2,453.3,44.8,32.8,1920,1080,0.071,1768.6,469.7
Round1,Q3,334,167.0,EMIRATES,0.4596,411.3,207.5,59.8,13.7,1920,1080,0.04,441.2,214.4
Round1,Q3,334,167.0,EMIRATES,0.4097,516.6,207.5,53.2,13.5,1920,1080,0.035,543.2,214.3
Round1,Q3,334,167.0,EMIRATES,0.4064,736.1,366.9,51.2,15.4,1920,1080,0.038,761.7,374.6
Round1,Q3,334,167.0,EMIRATES,0.402,1030.2,129.0,81.2,15.6,1920,1080,0.061,1070.8,136.9
Round1,Q3,334,167.0,EMIRATES,0.3802,813.9,136.0,91.3,14.3,1920,1080,0.063,859.6,143.2
Round1,Q3,334,167.0,EMIRATES,0.3773,305.7,207.0,57.6,14.1,1920,1080,0.039,334.5,214.1
Round1,Q3,334,167.0,EMIRATES,0.3757,144.1,360.4,63.6,16.0,1920,1080,0.049,175.9,368.4
Round1,Q3,334,167.0,EMIRATES,0.3306,77.5,204.5,62.5,14.8,1920,1080,0.045,108.8,211.9
Round1,Q3,335,167.5,EMIRATES,0.8768,1826.8,258.1,58.3,19.9,1920,1080,0.056,1855.9,268.0
Round1,Q3,335,167.5,EMIRATES,0.8753,1725.5,259.3,56.4,18.8,1920,1080,0.051,1753.7,268.7
Round1,Q3,335,167.5,EMIRATES,0.863,436.2,358.9,56.7,16.3,1920,1080,0.045,464.6,367.0
Round1,Q3,335,167.5,EMIRATES,0.8597,1532.6,259.9,51.0,16.8,1920,1080,0.041,1558.1,268.3
Round1,Q3,335,167.5,EMIRATES,0.8561,1838.4,162.7,69.8,20.7,1920,1080,0.069,1873.2,173.0
Round1,Q3,335,167.5,EMIRATES,0.856,1627.5,259.6,53.5,17.7,1920,1080,0.046,1654.3,268.5
Round1,Q3,335,167.5,EMIRATES,0.8525,227.1,357.3,60.7,16.6,1920,1080,0.049,257.5,365.6
Round1,Q3,335,167.5,EMIRATES,0.8435,1439.2,259.5,53.0,17.1,1920,1080,0.044,1465.7,268.0
Round1,Q3,335,167.5,EMIRATES,0.8404,1198.3,191.3,57.0,15.0,1920,1080,0.041,1226.8,198.8
Round1,Q3,335,167.5,EMIRATES,0.838,536.2,360.4,53.6,16.1,1920,1080,0.042,563.0,368.5
Round1,Q3,335,167.5,EMIRATES,0.8359,266.3,257.5,56.5,14.4,1920,1080,0.039,294.5,264.7
Round1,Q3,335,167.5,EMIRATES,0.8359,114.9,356.9,63.7,17.2,1920,1080,0.053,146.7,365.4
Round1,Q3,335,167.5,EMIRATES,0.8344,1592.5,84.7,53.2,17.7,1920,1080,0.045,1619.1,93.5
Round1,Q3,335,167.5,EMIRATES,0.8341,57.6,255.5,60.2,15.4,1920,1080,0.045,87.7,263.2
Round1,Q3,335,167.5,EMIRATES,0.8329,0.7,357.1,60.6,17.4,1920,1080,0.051,31.0,365.7
Round1,Q3,335,167.5,EMIRATES,0.8323,1349.8,259.7,52.1,15.9,1920,1080,0.04,1375.8,267.6
Round1,Q3,335,167.5,EMIRATES,0.8318,1852.6,55.0,62.5,21.6,1920,1080,0.065,1883.8,65.8
Round1,Q3,335,167.5,EMIRATES,0.8204,1505.8,181.6,56.9,16.8,1920,1080,0.046,1534.3,190.0
Round1,Q3,335,167.5,EMIRATES,0.8185,1611.6,176.7,62.2,17.7,1920,1080,0.053,1642.7,185.6
Round1,Q3,335,167.5,EMIRATES,0.8143,1722.3,171.0,64.0,18.6,1920,1080,0.057,1754.3,180.3
Round1,Q3,335,167.5,EMIRATES,0.8132,366.1,257.9,53.0,14.3,1920,1080,0.037,392.6,265.1
Round1,Q3,335,167.5,EMIRATES,0.8114,938.3,124.1,48.6,14.0,1920,1080,0.033,962.6,131.1
Round1,Q3,335,167.5,EMIRATES,0.8009,734.2,258.4,50.4,14.7,1920,1080,0.036,759.4,265.8
Round1,Q3,335,167.5,EMIRATES,0.795,553.3,258.5,53.4,14.0,1920,1080,0.036,580.0,265.5
Round1,Q3,335,167.5,EMIRATES,0.7949,631.8,362.1,51.8,16.2,1920,1080,0.04,657.7,370.2
Round1,Q3,335,167.5,EMIRATES,0.7948,484.5,132.5,50.8,13.8,1920,1080,0.034,509.9,139.3
Round1,Q3,335,167.5,EMIRATES,0.7911,1301.1,189.4,52.9,15.4,1920,1080,0.039,1327.5,197.1
Round1,Q3,335,167.5,EMIRATES,0.791,823.7,258.8,49.7,14.5,1920,1080,0.035,848.5,266.0
Round1,Q3,335,167.5,EMIRATES,0.7901,1085.5,259.0,50.7,14.9,1920,1080,0.036,1110.8,266.5
Round1,Q3,335,167.5,EMIRATES,0.7853,644.5,258.4,52.0,14.3,1920,1080,0.036,670.4,265.6
Round1,Q3,335,167.5,EMIRATES,0.7844,1355.0,103.6,51.0,15.8,1920,1080,0.039,1380.5,111.5
Round1,Q3,335,167.5,EMIRATES,0.7799,1261.3,259.4,48.5,16.7,1920,1080,0.039,1285.5,267.8
Round1,Q3,335,167.5,EMIRATES,0.7796,998.6,258.8,48.5,14.7,1920,1080,0.034,1022.9,266.2
Round1,Q3,335,167.5,EMIRATES,0.7795,1081.1,378.8,48.9,18.6,1920,1080,0.044,1105.5,388.2
Round1,Q3,335,167.5,EMIRATES,0.7777,1101.3,193.7,53.4,14.7,1920,1080,0.038,1128.0,201.0
Round1,Q3,335,167.5,EMIRATES,0.7776,238.3,130.9,55.3,13.7,1920,1080,0.037,266.0,137.8
Round1,Q3,335,167.5,EMIRATES,0.7604,1173.1,258.7,49.5,16.3,1920,1080,0.039,1197.9,266.9
Round1,Q3,335,167.5,EMIRATES,0.76,461.1,258.4,52.1,14.2,1920,1080,0.036,487.2,265.5
Round1,Q3,335,167.5,EMIRATES,0.7599,910.9,258.7,50.2,14.5,1920,1080,0.035,936.0,265.9
Round1,Q3,335,167.5,EMIRATES,0.7589,498.3,200.5,56.0,13.8,1920,1080,0.037,526.3,207.4
Round1,Q3,335,167.5,EMIRATES,0.7523,1001.7,195.7,56.3,14.4,1920,1080,0.039,1029.8,202.9
Round1,Q3,335,167.5,EMIRATES,0.7492,714.7,130.0,49.1,13.4,1920,1080,0.032,739.2,136.7
Round1,Q3,335,167.5,EMIRATES,0.745,334.5,358.5,56.3,15.9,1920,1080,0.043,362.7,366.4
Round1,Q3,335,167.5,EMIRATES,0.7449,993.6,374.6,49.5,17.2,1920,1080,0.041,1018.4,383.1
Round1,Q3,335,167.5,EMIRATES,0.744,1508.2,415.4,47.8,22.4,1920,1080,0.052,1532.1,426.7
Round1,Q3,335,167.5,EMIRATES,0.7323,1401.6,185.5,57.7,16.3,1920,1080,0.045,1430.5,193.7
Round1,Q3,335,167.5,EMIRATES,0.7179,601.4,200.4,57.5,14.4,1920,1080,0.04,630.2,207.5
Round1,Q3,335,167.5,EMIRATES,0.7106,1692.3,70.8,109.6,20.8,1920,1080,0.11,1747.1,81.2
Round1,Q3,335,167.5,EMIRATES,0.7098,390.4,200.5,61.3,14.2,1920,1080,0.042,421.1,207.6
Round1,Q3,335,167.5,EMIRATES,0.7032,703.8,199.0,54.4,14.3,1920,1080,0.038,731.0,206.2
Round1,Q3,335,167.5,EMIRATES,0.6531,1167.8,384.7,47.4,18.3,1920,1080,0.042,1191.5,393.9
Round1,Q3,335,167.5,EMIRATES,0.6341,904.2,196.7,53.3,14.6,1920,1080,0.037,930.9,204.0
Round1,Q3,335,167.5,EMIRATES,0.6297,724.4,364.5,53.4,15.8,1920,1080,0.041,751.1,372.4
Round1,Q3,335,167.5,EMIRATES,0.6263,281.2,199.5,59.6,14.6,1920,1080,0.042,311.0,206.8
Round1,Q3,335,167.5,EMIRATES,0.6192,802.7,126.9,96.7,15.9,1920,1080,0.074,851.0,134.9
Round1,Q3,335,167.5,EMIRATES,0.5806,577.6,131.1,96.5,15.0,1920,1080,0.07,625.8,138.6
Round1,Q3,335,167.5,EMIRATES,0.5789,0.1,124.4,29.2,15.1,1920,1080,0.021,14.7,132.0
Round1,Q3,335,167.5,EMIRATES,0.5284,1448.9,96.2,99.4,16.4,1920,1080,0.079,1498.5,104.4
Round1,Q3,335,167.5,EMIRATES,0.4881,1252.6,390.0,49.6,19.3,1920,1080,0.046,1277.4,399.6
Round1,Q3,335,167.5,EMIRATES,0.4778,43.9,196.2,64.2,15.2,1920,1080,0.047,76.1,203.7
Round1,Q3,335,167.5,EMIRATES,0.4603,1762.4,452.9,46.5,32.1,1920,1080,0.072,1785.6,468.9
Round1,Q3,335,167.5,EMIRATES,0.376,1424.2,405.2,47.8,20.8,1920,1080,0.048,1448.1,415.6
Round1,Q3,335,167.5,EMIRATES,0.3737,338.6,131.9,101.4,15.1,1920,1080,0.074,389.3,139.4
Round1,Q3,335,167.5,EMIRATES,0.3146,1339.1,397.7,49.7,20.2,1920,1080,0.048,1363.9,407.8
Round1,Q3,336,168.0,EMIRATES,0.872,1854.3,252.7,62.1,20.4,1920,1080,0.061,1885.4,262.9
Round1,Q3,336,168.0,EMIRATES,0.8715,417.2,357.3,58.5,17.3,1920,1080,0.049,446.4,365.9
Round1,Q3,336,168.0,EMIRATES,0.857,1549.4,254.9,52.7,17.3,1920,1080,0.044,1575.8,263.6
Round1,Q3,336,168.0,EMIRATES,0.8559,1748.3,253.6,59.1,19.2,1920,1080,0.055,1777.9,263.2
Round1,Q3,336,168.0,EMIRATES,0.8542,1453.9,255.0,53.3,17.5,1920,1080,0.045,1480.6,263.7
Round1,Q3,336,168.0,EMIRATES,0.8499,1630.7,169.4,65.1,17.8,1920,1080,0.056,1663.2,178.3
Round1,Q3,336,168.0,EMIRATES,0.8493,1204.5,184.4,58.9,15.8,1920,1080,0.045,1234.0,192.3
Round1,Q3,336,168.0,EMIRATES,0.849,1087.1,255.1,51.5,15.4,1920,1080,0.038,1112.8,262.8
Round1,Q3,336,168.0,EMIRATES,0.8441,998.4,254.9,50.0,14.8,1920,1080,0.036,1023.4,262.3
Round1,Q3,336,168.0,EMIRATES,0.8398,1366.2,94.4,52.3,15.6,1920,1080,0.039,1392.3,102.2
Round1,Q3,336,168.0,EMIRATES,0.8381,633.5,254.5,51.9,14.4,1920,1080,0.036,659.5,261.7
Round1,Q3,336,168.0,EMIRATES,0.8364,1359.8,255.0,53.4,16.4,1920,1080,0.042,1386.5,263.2
Round1,Q3,336,168.0,EMIRATES,0.8315,23.8,249.9,62.4,15.5,1920,1080,0.047,55.1,257.6
Round1,Q3,336,168.0,EMIRATES,0.831,1611.1,74.4,55.6,17.4,1920,1080,0.047,1638.9,83.1
Round1,Q3,336,168.0,EMIRATES,0.83,1178.7,255.3,50.3,15.2,1920,1080,0.037,1203.8,262.9
Round1,Q3,336,168.0,EMIRATES,0.8299,521.3,359.0,55.2,16.5,1920,1080,0.044,549.0,367.3
Round1,Q3,336,168.0,EMIRATES,0.824,818.5,254.8,50.0,14.7,1920,1080,0.035,843.5,262.1
Round1,Q3,336,168.0,EMIRATES,0.8229,1648.3,254.6,54.8,18.6,1920,1080,0.049,1675.7,263.8
Round1,Q3,336,168.0,EMIRATES,0.8216,1522.1,174.7,57.9,17.1,1920,1080,0.048,1551.0,183.2
Round1,Q3,336,168.0,EMIRATES,0.8208,312.7,356.6,58.2,16.6,1920,1080,0.047,341.8,364.9
Round1,Q3,336,168.0,EMIRATES,0.8186,1882.4,43.4,37.5,21.4,1920,1080,0.039,1901.2,54.1
Round1,Q3,336,168.0,EMIRATES,0.8178,201.1,356.1,62.5,16.7,1920,1080,0.05,232.4,364.5
Round1,Q3,336,168.0,EMIRATES,0.8174,1746.3,162.9,65.0,18.8,1920,1080,0.059,1778.8,172.3
Round1,Q3,336,168.0,EMIRATES,0.8121,240.8,252.3,59.1,14.8,1920,1080,0.042,270.4,259.6
Round1,Q3,336,168.0,EMIRATES,0.8047,466.8,124.2,53.3,14.0,1920,1080,0.036,493.5,131.2
Round1,Q3,336,168.0,EMIRATES,0.8046,909.1,254.9,49.0,14.5,1920,1080,0.034,933.6,262.2
Round1,Q3,336,168.0,EMIRATES,0.7938,1309.3,182.1,55.6,16.4,1920,1080,0.044,1337.0,190.3
Round1,Q3,336,168.0,EMIRATES,0.7936,1413.6,179.0,58.5,15.7,1920,1080,0.044,1442.8,186.9
Round1,Q3,336,168.0,EMIRATES,0.7921,1000.9,189.5,57.1,14.2,1920,1080,0.039,1029.5,196.6
Round1,Q3,336,168.0,EMIRATES,0.7881,1083.4,379.1,50.0,18.0,1920,1080,0.043,1108.4,388.1
Round1,Q3,336,168.0,EMIRATES,0.7865,1269.9,255.5,48.5,16.0,1920,1080,0.037,1294.2,263.5
Round1,Q3,336,168.0,EMIRATES,0.7807,211.8,120.9,58.1,15.0,1920,1080,0.042,240.8,128.4
Round1,Q3,336,168.0,EMIRATES,0.7783,83.2,355.5,66.2,16.9,1920,1080,0.054,116.3,364.0
Round1,Q3,336,168.0,EMIRATES,0.7772,1523.6,415.5,49.0,22.9,1920,1080,0.054,1548.1,427.0
Round1,Q3,336,168.0,EMIRATES,0.7754,900.2,190.9,54.9,14.4,1920,1080,0.038,927.7,198.1
Round1,Q3,336,168.0,EMIRATES,0.773,620.1,361.3,53.7,16.1,1920,1080,0.042,646.9,369.4
Round1,Q3,336,168.0,EMIRATES,0.7655,1103.5,187.3,55.4,15.0,1920,1080,0.04,1131.2,194.8
Round1,Q3,336,168.0,EMIRATES,0.7617,344.3,253.0,54.3,14.5,1920,1080,0.038,371.5,260.3
Round1,Q3,336,168.0,EMIRATES,0.7601,1867.9,154.2,52.1,21.6,1920,1080,0.054,1894.0,165.0
Round1,Q3,336,168.0,EMIRATES,0.7565,705.3,121.5,51.9,14.1,1920,1080,0.035,731.2,128.6
Round1,Q3,336,168.0,EMIRATES,0.7464,725.8,254.7,50.4,14.2,1920,1080,0.034,751.0,261.7
Round1,Q3,336,168.0,EMIRATES,0.7435,1715.0,60.3,114.1,22.5,1920,1080,0.124,1772.0,71.6
Round1,Q3,336,168.0,EMIRATES,0.7412,1172.3,384.2,49.5,19.0,1920,1080,0.045,1197.0,393.7
Round1,Q3,336,168.0,EMIRATES,0.7393,255.7,192.6,62.4,14.2,1920,1080,0.043,286.9,199.7
Round1,Q3,336,168.0,EMIRATES,0.7366,935.1,116.0,51.3,14.0,1920,1080,0.035,960.8,123.0
Round1,Q3,336,168.0,EMIRATES,0.7327,7.6,188.3,69.5,15.6,1920,1080,0.052,42.4,196.1
Round1,Q3,336,168.0,EMIRATES,0.7192,539.3,253.9,52.6,14.6,1920,1080,0.037,565.6,261.2
Round1,Q3,336,168.0,EMIRATES,0.7176,481.4,193.1,58.2,14.8,1920,1080,0.042,510.5,200.5
Round1,Q3,336,168.0,EMIRATES,0.7118,443.7,253.2,52.1,14.9,1920,1080,0.037,469.7,260.6
Round1,Q3,336,168.0,EMIRATES,0.7066,992.9,374.1,50.9,17.2,1920,1080,0.042,1018.3,382.7
Round1,Q3,336,168.0,EMIRATES,0.6917,588.2,193.0,60.1,15.0,1920,1080,0.044,618.2,200.5
Round1,Q3,336,168.0,EMIRATES,0.6887,694.9,192.7,54.8,14.4,1920,1080,0.038,722.3,199.9
Round1,Q3,336,168.0,EMIRATES,0.6845,369.7,192.8,63.4,14.9,1920,1080,0.045,401.5,200.2
Round1,Q3,336,168.0,EMIRATES,0.6828,0.1,355.7,27.4,16.6,1920,1080,0.022,13.8,364.0
Round1,Q3,336,168.0,EMIRATES,0.6661,1786.7,454.8,48.9,32.2,1920,1080,0.076,1811.1,470.9
Round1,Q3,336,168.0,EMIRATES,0.6296,1349.4,397.5,51.2,20.9,1920,1080,0.052,1375.0,408.0
Round1,Q3,336,168.0,EMIRATES,0.6022,796.5,119.0,97.8,15.0,1920,1080,0.071,845.4,126.5
Round1,Q3,336,168.0,EMIRATES,0.5821,1461.0,83.7,104.2,17.9,1920,1080,0.09,1513.1,92.6
Round1,Q3,336,168.0,EMIRATES,0.476,1872.3,471.6,47.3,40.8,1920,1080,0.093,1896.0,492.0
Round1,Q3,336,168.0,EMIRATES,0.4655,563.8,123.5,99.4,14.2,1920,1080,0.068,613.5,130.6
Round1,Q3,336,168.0,EMIRATES,0.4638,316.5,123.1,103.8,14.9,1920,1080,0.074,368.4,130.6
Round1,Q3,336,168.0,EMIRATES,0.4353,1259.1,390.6,51.0,19.9,1920,1080,0.049,1284.6,400.5
Round1,Q3,336,168.0,EMIRATES,0.4046,715.0,364.0,54.4,15.4,1920,1080,0.04,742.2,371.7
Round1,Q3,336,168.0,EMIRATES,0.3897,811.4,192.5,43.5,13.4,1920,1080,0.028,833.2,199.2
Round1,Q3,336,168.0,EMIRATES,0.3678,1611.6,425.4,48.3,27.0,1920,1080,0.063,1635.7,438.9
Round1,Q3,336,168.0,EMIRATES,0.3357,819.7,368.1,42.7,15.2,1920,1080,0.031,841.0,375.7
Round1,Q3,336,168.0,EMIRATES,0.324,1026.9,111.9,76.5,16.0,1920,1080,0.059,1065.1,119.9
Round1,Q3,337,168.5,EMIRATES,0.8898,1771.5,249.6,60.2,20.0,1920,1080,0.058,1801.6,259.5
Round1,Q3,337,168.5,EMIRATES,0.8887,400.5,356.3,60.6,17.4,1920,1080,0.051,430.8,365.0
Round1,Q3,337,168.5,EMIRATES,0.8828,1565.2,250.8,54.8,18.0,1920,1080,0.047,1592.6,259.8
Round1,Q3,337,168.5,EMIRATES,0.878,1667.1,250.7,56.9,18.8,1920,1080,0.052,1695.5,260.1
Round1,Q3,337,168.5,EMIRATES,0.8732,508.1,357.7,55.7,17.1,1920,1080,0.046,536.0,366.3
Round1,Q3,337,168.5,EMIRATES,0.8715,1466.9,251.1,54.6,17.5,1920,1080,0.046,1494.2,259.9
Round1,Q3,337,168.5,EMIRATES,0.867,1880.7,248.0,39.3,21.5,1920,1080,0.041,1900.3,258.8
Round1,Q3,337,168.5,EMIRATES,0.8654,176.6,354.4,65.1,17.2,1920,1080,0.054,209.2,363.0
Round1,Q3,337,168.5,EMIRATES,0.8621,1370.6,251.3,54.4,17.1,1920,1080,0.045,1397.8,259.8
Round1,Q3,337,168.5,EMIRATES,0.8571,1537.2,167.9,60.1,18.4,1920,1080,0.053,1567.3,177.1
Round1,Q3,337,168.5,EMIRATES,0.8565,998.2,251.0,51.4,15.6,1920,1080,0.039,1023.9,258.8
Round1,Q3,337,168.5,EMIRATES,0.8516,623.0,250.7,53.8,15.0,1920,1080,0.039,649.9,258.1
Round1,Q3,337,168.5,EMIRATES,0.8504,1184.0,251.1,51.3,16.0,1920,1080,0.04,1209.6,259.1
Round1,Q3,337,168.5,EMIRATES,0.8492,1089.4,251.4,53.2,15.5,1920,1080,0.04,1116.0,259.1
Round1,Q3,337,168.5,EMIRATES,0.8487,292.6,355.1,59.5,17.2,1920,1080,0.049,322.4,363.7
Round1,Q3,337,168.5,EMIRATES,0.8411,1769.4,155.4,67.8,20.3,1920,1080,0.066,1803.3,165.5
Round1,Q3,337,168.5,EMIRATES,0.841,1629.7,64.0,57.6,18.7,1920,1080,0.052,1658.5,73.4
Round1,Q3,337,168.5,EMIRATES,0.839,1649.4,162.7,66.6,18.7,1920,1080,0.06,1682.7,172.1
Round1,Q3,337,168.5,EMIRATES,0.8351,525.8,250.5,55.4,14.6,1920,1080,0.039,553.5,257.8
Round1,Q3,337,168.5,EMIRATES,0.8347,1377.0,86.0,54.2,16.4,1920,1080,0.043,1404.1,94.2
Round1,Q3,337,168.5,EMIRATES,0.8314,1210.6,179.2,60.4,16.1,1920,1080,0.047,1240.8,187.2
Round1,Q3,337,168.5,EMIRATES,0.8309,218.8,248.0,59.9,15.5,1920,1080,0.045,248.7,255.8
Round1,Q3,337,168.5,EMIRATES,0.8201,1085.4,378.5,51.8,18.6,1920,1080,0.046,1111.3,387.7
Round1,Q3,337,168.5,EMIRATES,0.8182,426.6,250.2,54.9,14.9,1920,1080,0.04,454.1,257.6
Round1,Q3,337,168.5,EMIRATES,0.8142,906.2,250.8,51.2,15.7,1920,1080,0.039,931.9,258.7
Round1,Q3,337,168.5,EMIRATES,0.8126,325.1,249.3,56.5,15.0,1920,1080,0.041,353.3,256.8
Round1,Q3,337,168.5,EMIRATES,0.8099,718.7,251.2,51.5,14.3,1920,1080,0.036,744.4,258.3
Round1,Q3,337,168.5,EMIRATES,0.807,1277.6,251.4,50.6,16.9,1920,1080,0.041,1302.9,259.9
Round1,Q3,337,168.5,EMIRATES,0.8039,1425.8,172.8,60.4,17.3,1920,1080,0.05,1456.1,181.4
Round1,Q3,337,168.5,EMIRATES,0.7981,1318.7,176.7,56.3,16.5,1920,1080,0.045,1346.9,184.9
Round1,Q3,337,168.5,EMIRATES,0.7943,609.4,360.2,54.8,16.8,1920,1080,0.044,636.8,368.6
Round1,Q3,337,168.5,EMIRATES,0.7879,466.8,188.5,60.0,14.7,1920,1080,0.043,496.8,195.8
Round1,Q3,337,168.5,EMIRATES,0.7846,1539.1,415.7,51.4,24.6,1920,1080,0.061,1564.8,428.0
Round1,Q3,337,168.5,EMIRATES,0.7784,450.5,116.8,55.7,14.0,1920,1080,0.038,478.3,123.8
Round1,Q3,337,168.5,EMIRATES,0.7754,812.1,251.2,53.0,14.9,1920,1080,0.038,838.6,258.6
Round1,Q3,337,168.5,EMIRATES,0.7749,1736.9,49.6,119.4,23.2,1920,1080,0.133,1796.6,61.2
Round1,Q3,337,168.5,EMIRATES,0.767,351.1,188.1,65.2,14.9,1920,1080,0.047,383.7,195.5
Round1,Q3,337,168.5,EMIRATES,0.763,1475.6,76.2,108.4,19.7,1920,1080,0.103,1529.8,86.0
Round1,Q3,337,168.5,EMIRATES,0.7579,54.0,354.2,68.7,17.1,1920,1080,0.057,88.4,362.8
Round1,Q3,337,168.5,EMIRATES,0.7577,1107.5,181.9,55.4,15.3,1920,1080,0.041,1135.2,189.6
Round1,Q3,337,168.5,EMIRATES,0.7565,0.6,244.4,56.5,16.8,1920,1080,0.046,28.8,252.7
Round1,Q3,337,168.5,EMIRATES,0.7517,897.3,185.6,57.1,15.5,1920,1080,0.043,925.8,193.4
Round1,Q3,337,168.5,EMIRATES,0.7507,934.5,108.3,51.0,14.1,1920,1080,0.035,960.0,115.4
Round1,Q3,337,168.5,EMIRATES,0.7487,1176.2,383.4,51.4,19.9,1920,1080,0.049,1201.9,393.4
Round1,Q3,337,168.5,EMIRATES,0.7486,187.6,113.1,59.6,15.1,1920,1080,0.043,217.4,120.6
Round1,Q3,337,168.5,EMIRATES,0.7444,577.1,188.7,60.4,14.5,1920,1080,0.042,607.3,196.0
Round1,Q3,337,168.5,EMIRATES,0.741,696.4,113.9,53.7,15.0,1920,1080,0.039,723.3,121.4
Round1,Q3,337,168.5,EMIRATES,0.739,686.4,188.2,56.5,14.3,1920,1080,0.039,714.6,195.3
Round1,Q3,337,168.5,EMIRATES,0.7322,992.5,373.4,52.1,17.9,1920,1080,0.045,1018.6,382.3
Round1,Q3,337,168.5,EMIRATES,0.7281,0.0,181.9,47.0,15.6,1920,1080,0.035,23.6,189.7
Round1,Q3,337,168.5,EMIRATES,0.7069,1810.0,456.9,50.5,31.8,1920,1080,0.078,1835.2,472.9
Round1,Q3,337,168.5,EMIRATES,0.7057,1001.1,184.2,60.1,15.1,1920,1080,0.044,1031.1,191.8
Round1,Q3,337,168.5,EMIRATES,0.6615,233.5,186.7,64.8,15.2,1920,1080,0.048,265.8,194.3
Round1,Q3,337,168.5,EMIRATES,0.6239,1895.3,146.5,24.4,21.7,1920,1080,0.026,1907.5,157.4
Round1,Q3,337,168.5,EMIRATES,0.5958,706.8,362.2,55.7,16.5,1920,1080,0.044,734.6,370.5
Round1,Q3,337,168.5,EMIRATES,0.5847,1265.5,390.6,53.3,20.1,1920,1080,0.052,1292.1,400.7
Round1,Q3,337,168.5,EMIRATES,0.5728,1901.1,473.2,18.9,36.4,1920,1080,0.033,1910.5,491.5
Round1,Q3,337,168.5,EMIRATES,0.4398,791.0,112.0,98.9,15.1,1920,1080,0.072,840.4,119.5
Round1,Q3,337,168.5,EMIRATES,0.4162,1448.8,405.6,50.1,21.9,1920,1080,0.053,1473.9,416.6
Round1,Q3,337,168.5,EMIRATES,0.3986,1629.1,426.2,49.8,28.0,1920,1080,0.067,1653.9,440.2
Round1,Q3,337,168.5,EMIRATES,0.3552,1027.9,104.4,88.2,15.6,1920,1080,0.066,1072.0,112.2
Round1,Q3,337,168.5,EMIRATES,0.3527,295.7,115.4,107.1,15.3,1920,1080,0.079,349.3,123.1
Round1,Q3,337,168.5,EMIRATES,0.3153,1359.3,397.4,51.5,21.2,1920,1080,0.053,1385.0,408.0
Round1,Q3,338,169.0,EMIRATES,0.8948,1790.1,250.5,63.2,20.4,1920,1080,0.062,1821.7,260.6
Round1,Q3,338,169.0,EMIRATES,0.8801,1683.5,251.7,58.0,19.1,1920,1080,0.053,1712.5,261.3
Round1,Q3,338,169.0,EMIRATES,0.8801,386.8,360.4,62.6,18.0,1920,1080,0.054,418.1,369.4
Round1,Q3,338,169.0,EMIRATES,0.8768,1578.6,252.0,55.7,18.2,1920,1080,0.049,1606.5,261.1
Round1,Q3,338,169.0,EMIRATES,0.8741,156.7,357.7,66.1,17.8,1920,1080,0.057,189.7,366.5
Round1,Q3,338,169.0,EMIRATES,0.8728,1788.2,154.5,70.2,20.3,1920,1080,0.069,1823.3,164.6
Round1,Q3,338,169.0,EMIRATES,0.8714,1091.4,252.7,54.7,16.3,1920,1080,0.043,1118.8,260.9
Round1,Q3,338,169.0,EMIRATES,0.8683,1477.2,252.4,56.4,17.9,1920,1080,0.049,1505.4,261.4
Round1,Q3,338,169.0,EMIRATES,0.863,1385.4,83.7,55.5,17.1,1920,1080,0.046,1413.1,92.3
Round1,Q3,338,169.0,EMIRATES,0.8617,496.6,362.0,58.0,17.3,1920,1080,0.048,525.6,370.6
Round1,Q3,338,169.0,EMIRATES,0.8594,1187.4,252.6,53.0,16.4,1920,1080,0.042,1213.9,260.8
Round1,Q3,338,169.0,EMIRATES,0.859,997.7,252.6,53.4,15.9,1920,1080,0.041,1024.4,260.6
Round1,Q3,338,169.0,EMIRATES,0.8589,1549.4,168.0,61.9,18.0,1920,1080,0.054,1580.3,177.0
Round1,Q3,338,169.0,EMIRATES,0.8578,1215.8,179.4,61.1,16.3,1920,1080,0.048,1246.4,187.6
Round1,Q3,338,169.0,EMIRATES,0.8572,1644.0,61.4,59.8,19.3,1920,1080,0.056,1673.9,71.0
Round1,Q3,338,169.0,EMIRATES,0.8548,309.7,250.7,57.4,15.2,1920,1080,0.042,338.4,258.3
Round1,Q3,338,169.0,EMIRATES,0.8545,1378.5,252.9,56.7,17.2,1920,1080,0.047,1406.8,261.5
Round1,Q3,338,169.0,EMIRATES,0.8497,414.1,251.2,56.4,15.2,1920,1080,0.041,442.3,258.8
Round1,Q3,338,169.0,EMIRATES,0.8454,615.1,251.8,54.2,15.1,1920,1080,0.039,642.1,259.3
Round1,Q3,338,169.0,EMIRATES,0.8447,30.0,356.9,71.0,18.3,1920,1080,0.063,65.5,366.0
Round1,Q3,338,169.0,EMIRATES,0.843,515.0,251.4,55.9,15.3,1920,1080,0.041,542.9,259.0
Round1,Q3,338,169.0,EMIRATES,0.8428,200.2,249.2,61.0,15.5,1920,1080,0.046,230.7,257.0
Round1,Q3,338,169.0,EMIRATES,0.8379,904.3,252.3,51.7,16.1,1920,1080,0.04,930.1,260.3
Round1,Q3,338,169.0,EMIRATES,0.8353,1665.3,162.1,68.1,19.0,1920,1080,0.062,1699.4,171.7
Round1,Q3,338,169.0,EMIRATES,0.8302,1087.1,382.4,52.8,19.7,1920,1080,0.05,1113.5,392.3
Round1,Q3,338,169.0,EMIRATES,0.826,1109.1,182.3,58.6,15.6,1920,1080,0.044,1138.4,190.1
Round1,Q3,338,169.0,EMIRATES,0.8243,809.1,252.3,52.5,15.7,1920,1080,0.04,835.4,260.2
Round1,Q3,338,169.0,EMIRATES,0.8227,168.1,110.8,61.3,15.9,1920,1080,0.047,198.7,118.8
Round1,Q3,338,169.0,EMIRATES,0.8195,678.8,188.3,58.5,14.6,1920,1080,0.041,708.1,195.6
Round1,Q3,338,169.0,EMIRATES,0.8194,1434.9,172.9,62.9,17.2,1920,1080,0.052,1466.3,181.5
Round1,Q3,338,169.0,EMIRATES,0.819,1550.9,420.6,52.5,25.3,1920,1080,0.064,1577.2,433.2
Round1,Q3,338,169.0,EMIRATES,0.8179,601.2,364.4,55.4,16.9,1920,1080,0.045,628.9,372.9
Round1,Q3,338,169.0,EMIRATES,0.8159,712.7,252.0,51.8,15.1,1920,1080,0.038,738.5,259.6
Round1,Q3,338,169.0,EMIRATES,0.8147,567.1,188.9,62.1,14.9,1920,1080,0.045,598.2,196.3
Round1,Q3,338,169.0,EMIRATES,0.812,1283.6,252.8,51.6,17.6,1920,1080,0.044,1309.3,261.6
Round1,Q3,338,169.0,EMIRATES,0.8073,438.3,114.9,56.8,14.9,1920,1080,0.041,466.7,122.4
Round1,Q3,338,169.0,EMIRATES,0.7941,991.9,377.9,53.6,19.2,1920,1080,0.05,1018.7,387.5
Round1,Q3,338,169.0,EMIRATES,0.7905,895.1,185.4,58.5,16.4,1920,1080,0.046,924.4,193.6
Round1,Q3,338,169.0,EMIRATES,0.7901,455.1,188.9,60.1,14.7,1920,1080,0.042,485.1,196.2
Round1,Q3,338,169.0,EMIRATES,0.7896,1272.4,394.9,54.1,21.1,1920,1080,0.055,1299.4,405.4
Round1,Q3,338,169.0,EMIRATES,0.7887,336.6,188.2,65.5,15.0,1920,1080,0.047,369.4,195.7
Round1,Q3,338,169.0,EMIRATES,0.7885,1000.8,184.6,61.9,15.4,1920,1080,0.046,1031.7,192.3
Round1,Q3,338,169.0,EMIRATES,0.7876,277.6,359.0,59.3,17.2,1920,1080,0.049,307.3,367.6
Round1,Q3,338,169.0,EMIRATES,0.7833,932.9,107.5,51.4,14.0,1920,1080,0.035,958.6,114.5
Round1,Q3,338,169.0,EMIRATES,0.7806,1325.7,176.8,58.1,16.9,1920,1080,0.047,1354.8,185.2
Round1,Q3,338,169.0,EMIRATES,0.7676,690.0,112.8,53.4,14.5,1920,1080,0.037,716.7,120.1
Round1,Q3,338,169.0,EMIRATES,0.7624,701.5,367.2,56.0,16.6,1920,1080,0.045,729.5,375.5
Round1,Q3,338,169.0,EMIRATES,0.7513,216.0,187.0,65.5,15.4,1920,1080,0.049,248.8,194.7
Round1,Q3,338,169.0,EMIRATES,0.7343,1181.3,388.9,52.9,18.7,1920,1080,0.048,1207.7,398.3
Round1,Q3,338,169.0,EMIRATES,0.7339,0.0,245.7,33.0,16.3,1920,1080,0.026,16.6,253.9
Round1,Q3,338,169.0,EMIRATES,0.7102,1755.7,48.2,81.6,21.8,1920,1080,0.086,1796.5,59.2
Round1,Q3,338,169.0,EMIRATES,0.7041,1485.9,75.3,106.1,19.4,1920,1080,0.099,1538.9,85.0
Round1,Q3,338,169.0,EMIRATES,0.6596,1367.1,402.5,52.6,22.1,1920,1080,0.056,1393.4,413.5
Round1,Q3,338,169.0,EMIRATES,0.6584,1831.3,462.7,51.2,34.5,1920,1080,0.085,1856.9,480.0
Round1,Q3,338,169.0,EMIRATES,0.6504,1643.5,432.1,52.3,28.6,1920,1080,0.072,1669.6,446.4
Round1,Q3,338,169.0,EMIRATES,0.6495,1814.5,42.3,62.6,21.6,1920,1080,0.065,1845.8,53.1
Round1,Q3,338,169.0,EMIRATES,0.6085,0.1,180.6,23.6,16.3,1920,1080,0.019,11.9,188.7
Round1,Q3,338,169.0,EMIRATES,0.6051,279.0,113.6,113.4,17.0,1920,1080,0.093,335.7,122.1
Round1,Q3,338,169.0,EMIRATES,0.591,1904.6,248.7,15.4,21.6,1920,1080,0.016,1912.3,259.5
Round1,Q3,338,169.0,EMIRATES,0.5316,1736.2,444.0,54.8,30.5,1920,1080,0.08,1763.6,459.2
Round1,Q3,338,169.0,EMIRATES,0.5121,809.9,371.3,44.8,16.1,1920,1080,0.035,832.4,379.4
Round1,Q3,338,169.0,EMIRATES,0.4998,1028.6,103.3,88.2,16.4,1920,1080,0.07,1072.7,111.5
Round1,Q3,338,169.0,EMIRATES,0.497,787.7,111.2,82.5,14.5,1920,1080,0.058,829.0,118.5
Round1,Q3,338,169.0,EMIRATES,0.4905,539.5,114.9,63.2,15.5,1920,1080,0.047,571.1,122.6
Round1,Q3,338,169.0,EMIRATES,0.4264,1539.4,71.8,55.7,17.6,1920,1080,0.047,1567.3,80.6
Round1,Q3,338,169.0,EMIRATES,0.3896,1459.7,410.8,50.5,22.5,1920,1080,0.055,1484.9,422.1
Round1,Q3,338,169.0,EMIRATES,0.3554,804.9,188.1,42.6,13.9,1920,1080,0.029,826.1,195.0
Round1,Q3,339,169.5,EMIRATES,0.8836,1810.7,251.6,64.2,20.6,1920,1080,0.064,1842.8,261.9
Round1,Q3,339,169.5,EMIRATES,0.8777,485.1,367.0,59.1,17.5,1920,1080,0.05,514.6,375.7
Round1,Q3,339,169.5,EMIRATES,0.8754,1661.0,58.6,60.7,19.3,1920,1080,0.056,1691.3,68.2
Round1,Q3,339,169.5,EMIRATES,0.8753,1489.6,254.7,57.2,17.6,1920,1080,0.049,1518.2,263.5
Round1,Q3,339,169.5,EMIRATES,0.8752,1592.7,253.6,57.5,18.8,1920,1080,0.052,1621.5,263.0
Round1,Q3,339,169.5,EMIRATES,0.8704,4.6,361.6,73.6,18.0,1920,1080,0.064,41.4,370.6
Round1,Q3,339,169.5,EMIRATES,0.8696,997.9,254.6,54.5,16.0,1920,1080,0.042,1025.1,262.7
Round1,Q3,339,169.5,EMIRATES,0.8695,1565.1,427.1,53.4,25.8,1920,1080,0.066,1591.8,440.0
Round1,Q3,339,169.5,EMIRATES,0.8681,1563.7,167.5,62.7,18.4,1920,1080,0.056,1595.1,176.7
Round1,Q3,339,169.5,EMIRATES,0.8661,1094.8,255.0,54.5,16.0,1920,1080,0.042,1122.1,262.9
Round1,Q3,339,169.5,EMIRATES,0.8661,371.8,365.2,64.4,18.2,1920,1080,0.056,404.0,374.2
Round1,Q3,339,169.5,EMIRATES,0.865,1699.9,252.8,60.4,19.9,1920,1080,0.058,1730.1,262.8
Round1,Q3,339,169.5,EMIRATES,0.863,135.4,362.5,68.2,18.0,1920,1080,0.059,169.6,371.5
Round1,Q3,339,169.5,EMIRATES,0.863,605.7,254.2,56.3,14.7,1920,1080,0.04,633.9,261.5
Round1,Q3,339,169.5,EMIRATES,0.8615,1808.8,153.5,72.3,20.8,1920,1080,0.072,1845.0,163.9
Round1,Q3,339,169.5,EMIRATES,0.8614,1388.0,254.8,57.8,17.0,1920,1080,0.047,1416.9,263.4
Round1,Q3,339,169.5,EMIRATES,0.8595,592.2,369.0,56.2,18.1,1920,1080,0.049,620.3,378.0
Round1,Q3,339,169.5,EMIRATES,0.8575,292.4,252.0,58.7,15.4,1920,1080,0.044,321.8,259.7
Round1,Q3,339,169.5,EMIRATES,0.8547,179.1,250.2,63.7,16.5,1920,1080,0.051,211.0,258.5
Round1,Q3,339,169.5,EMIRATES,0.8545,902.0,254.9,53.5,15.5,1920,1080,0.04,928.7,262.7
Round1,Q3,339,169.5,EMIRATES,0.8542,992.5,382.9,55.7,19.2,1920,1080,0.052,1020.4,392.5
Round1,Q3,339,169.5,EMIRATES,0.852,804.1,254.6,55.1,15.8,1920,1080,0.042,831.6,262.5
Round1,Q3,339,169.5,EMIRATES,0.8515,1395.5,81.9,55.9,17.4,1920,1080,0.047,1423.5,90.5
Round1,Q3,339,169.5,EMIRATES,0.8515,502.8,253.3,58.3,15.5,1920,1080,0.043,532.0,261.0
Round1,Q3,339,169.5,EMIRATES,0.8472,1220.2,179.5,63.4,16.5,1920,1080,0.05,1251.9,187.8
Round1,Q3,339,169.5,EMIRATES,0.8435,706.7,254.5,53.4,15.0,1920,1080,0.039,733.4,262.0
Round1,Q3,339,169.5,EMIRATES,0.8414,319.8,187.6,68.3,15.6,1920,1080,0.052,354.0,195.5
Round1,Q3,339,169.5,EMIRATES,0.8374,400.0,252.6,57.4,15.8,1920,1080,0.044,428.7,260.5
Round1,Q3,339,169.5,EMIRATES,0.8349,1333.2,176.6,58.9,17.5,1920,1080,0.05,1362.7,185.4
Round1,Q3,339,169.5,EMIRATES,0.834,671.7,188.7,59.4,15.3,1920,1080,0.044,701.4,196.4
Round1,Q3,339,169.5,EMIRATES,0.8321,1112.4,182.4,58.7,15.8,1920,1080,0.045,1141.7,190.3
Round1,Q3,339,169.5,EMIRATES,0.8305,441.7,188.7,61.8,15.3,1920,1080,0.046,472.6,196.4
Round1,Q3,339,169.5,EMIRATES,0.8278,1192.8,254.9,53.2,16.3,1920,1080,0.042,1219.4,263.0
Round1,Q3,339,169.5,EMIRATES,0.8278,1681.8,161.2,70.2,19.2,1920,1080,0.065,1716.9,170.8
Round1,Q3,339,169.5,EMIRATES,0.8264,682.9,111.7,55.4,14.8,1920,1080,0.04,710.6,119.1
Round1,Q3,339,169.5,EMIRATES,0.825,1446.3,172.2,63.8,17.8,1920,1080,0.055,1478.2,181.2
Round1,Q3,339,169.5,EMIRATES,0.8249,1279.6,401.4,54.3,20.9,1920,1080,0.055,1306.7,411.8
Round1,Q3,339,169.5,EMIRATES,0.8193,931.8,106.4,52.4,14.1,1920,1080,0.036,958.0,113.5
Round1,Q3,339,169.5,EMIRATES,0.8192,1089.9,388.4,53.9,19.6,1920,1080,0.051,1116.8,398.2
Round1,Q3,339,169.5,EMIRATES,0.8157,557.1,188.9,64.0,15.6,1920,1080,0.048,589.1,196.7
Round1,Q3,339,169.5,EMIRATES,0.81,425.2,113.5,57.5,15.1,1920,1080,0.042,454.0,121.1
Round1,Q3,339,169.5,EMIRATES,0.8064,195.0,186.2,68.6,16.1,1920,1080,0.053,229.3,194.2
Round1,Q3,339,169.5,EMIRATES,0.804,256.8,363.4,64.0,17.7,1920,1080,0.055,288.8,372.3
Round1,Q3,339,169.5,EMIRATES,0.8007,1290.5,255.1,52.8,17.2,1920,1080,0.044,1317.0,263.7
Round1,Q3,339,169.5,EMIRATES,0.7849,146.9,108.5,63.4,16.5,1920,1080,0.05,178.6,116.7
Round1,Q3,339,169.5,EMIRATES,0.771,1775.4,43.0,122.0,23.6,1920,1080,0.139,1836.4,54.8
Round1,Q3,339,169.5,EMIRATES,0.7693,1001.2,184.8,62.8,15.9,1920,1080,0.048,1032.6,192.7
Round1,Q3,339,169.5,EMIRATES,0.753,893.3,186.0,59.4,16.4,1920,1080,0.047,923.0,194.2
Round1,Q3,339,169.5,EMIRATES,0.734,1661.5,438.4,51.5,28.6,1920,1080,0.071,1687.2,452.7
Round1,Q3,339,169.5,EMIRATES,0.7213,694.2,371.5,58.2,18.0,1920,1080,0.05,723.3,380.5
Round1,Q3,339,169.5,EMIRATES,0.6619,1376.2,408.3,53.9,22.2,1920,1080,0.058,1403.1,419.4
Round1,Q3,339,169.5,EMIRATES,0.6541,1499.0,72.1,112.5,19.3,1920,1080,0.105,1555.3,81.8
Round1,Q3,339,169.5,EMIRATES,0.6522,261.4,111.8,116.4,16.0,1920,1080,0.09,319.6,119.8
Round1,Q3,339,169.5,EMIRATES,0.6474,1853.4,469.2,53.1,35.9,1920,1080,0.092,1879.9,487.2
Round1,Q3,339,169.5,EMIRATES,0.647,1835.5,38.0,64.4,22.2,1920,1080,0.069,1867.7,49.1
Round1,Q3,339,169.5,EMIRATES,0.6311,783.0,109.3,103.5,15.6,1920,1080,0.078,834.7,117.1
Round1,Q3,339,169.5,EMIRATES,0.6127,1184.7,394.0,52.9,20.0,1920,1080,0.051,1211.1,404.0
Round1,Q3,339,169.5,EMIRATES,0.547,802.8,188.5,41.2,13.9,1920,1080,0.028,823.4,195.4
Round1,Q3,339,169.5,EMIRATES,0.5406,1470.8,416.9,52.5,23.8,1920,1080,0.06,1497.1,428.8
Round1,Q3,339,169.5,EMIRATES,0.5238,805.6,376.1,46.5,16.8,1920,1080,0.038,828.9,384.6
Round1,Q3,339,169.5,EMIRATES,0.5168,529.8,113.1,109.6,16.0,1920,1080,0.085,584.7,121.1
Round1,Q3,339,169.5,EMIRATES,0.5047,29.7,105.5,58.4,15.5,1920,1080,0.044,58.9,113.3
Round1,Q3,339,169.5,EMIRATES,0.5027,1029.8,101.9,53.2,16.5,1920,1080,0.042,1056.4,110.1
Round1,Q3,339,169.5,EMIRATES,0.3854,1757.3,451.1,56.2,31.4,1920,1080,0.085,1785.4,466.8
Round1,Q3,340,170.0,EMIRATES,0.8887,350.0,368.3,65.1,19.0,1920,1080,0.06,382.5,377.8
Round1,Q3,340,170.0,EMIRATES,0.8869,1841.4,250.8,66.7,22.3,1920,1080,0.072,1874.7,262.0
Round1,Q3,340,170.0,EMIRATES,0.8816,1613.9,253.8,59.8,18.9,1920,1080,0.055,1643.8,263.2
Round1,Q3,340,170.0,EMIRATES,0.877,467.0,370.0,60.7,18.5,1920,1080,0.054,497.3,379.2
Round1,Q3,340,170.0,EMIRATES,0.8754,1725.7,252.7,62.2,20.5,1920,1080,0.062,1756.8,262.9
Round1,Q3,340,170.0,EMIRATES,0.8743,1582.9,163.9,66.4,19.4,1920,1080,0.062,1616.1,173.6
Round1,Q3,340,170.0,EMIRATES,0.8728,267.6,251.6,61.1,16.2,1920,1080,0.048,298.1,259.8
Round1,Q3,340,170.0,EMIRATES,0.8711,1506.1,254.6,60.0,18.5,1920,1080,0.054,1536.1,263.9
Round1,Q3,340,170.0,EMIRATES,0.8695,695.7,254.8,56.2,15.6,1920,1080,0.042,723.8,262.6
Round1,Q3,340,170.0,EMIRATES,0.8672,102.7,365.6,72.2,18.6,1920,1080,0.065,138.8,374.9
Round1,Q3,340,170.0,EMIRATES,0.8659,898.7,255.4,55.3,15.9,1920,1080,0.042,926.4,263.3
Round1,Q3,340,170.0,EMIRATES,0.8657,486.8,253.7,59.7,15.9,1920,1080,0.046,516.7,261.6
Round1,Q3,340,170.0,EMIRATES,0.8656,998.6,255.4,55.8,16.1,1920,1080,0.043,1026.4,263.4
Round1,Q3,340,170.0,EMIRATES,0.8656,1401.3,255.1,59.6,17.6,1920,1080,0.051,1431.1,263.9
Round1,Q3,340,170.0,EMIRATES,0.8655,1228.0,176.9,65.1,17.5,1920,1080,0.055,1260.6,185.7
Round1,Q3,340,170.0,EMIRATES,0.8644,797.9,255.3,56.6,15.9,1920,1080,0.043,826.2,263.3
Round1,Q3,340,170.0,EMIRATES,0.8626,1706.6,156.9,73.3,21.2,1920,1080,0.075,1743.3,167.5
Round1,Q3,340,170.0,EMIRATES,0.8616,149.4,249.7,66.3,16.6,1920,1080,0.053,182.6,258.0
Round1,Q3,340,170.0,EMIRATES,0.8612,1461.5,169.7,66.6,17.9,1920,1080,0.058,1494.8,178.7
Round1,Q3,340,170.0,EMIRATES,0.86,1097.8,255.8,56.0,16.1,1920,1080,0.043,1125.8,263.8
Round1,Q3,340,170.0,EMIRATES,0.8599,378.9,252.7,59.7,16.2,1920,1080,0.047,408.8,260.8
Round1,Q3,340,170.0,EMIRATES,0.8597,1685.3,50.2,63.3,20.4,1920,1080,0.062,1716.9,60.4
Round1,Q3,340,170.0,EMIRATES,0.8583,577.3,372.8,59.0,18.3,1920,1080,0.052,606.8,381.9
Round1,Q3,340,170.0,EMIRATES,0.8566,593.0,254.4,57.5,15.4,1920,1080,0.043,621.8,262.1
Round1,Q3,340,170.0,EMIRATES,0.8551,541.7,186.5,66.1,16.7,1920,1080,0.053,574.8,194.8
Round1,Q3,340,170.0,EMIRATES,0.8529,1199.1,255.5,55.3,16.6,1920,1080,0.044,1226.7,263.8
Round1,Q3,340,170.0,EMIRATES,0.8525,230.5,366.7,66.3,18.7,1920,1080,0.06,263.7,376.1
Round1,Q3,340,170.0,EMIRATES,0.852,659.9,186.8,61.5,16.0,1920,1080,0.048,690.6,194.8
Round1,Q3,340,170.0,EMIRATES,0.849,1115.6,180.1,60.9,16.8,1920,1080,0.049,1146.1,188.5
Round1,Q3,340,170.0,EMIRATES,0.8462,1300.7,255.3,54.5,17.5,1920,1080,0.046,1328.0,264.1
Round1,Q3,340,170.0,EMIRATES,0.8462,1584.3,431.7,56.0,27.3,1920,1080,0.074,1612.3,445.4
Round1,Q3,340,170.0,EMIRATES,0.8458,295.5,185.1,71.5,16.7,1920,1080,0.058,331.2,193.4
Round1,Q3,340,170.0,EMIRATES,0.8419,1408.9,75.5,58.5,17.4,1920,1080,0.049,1438.1,84.2
Round1,Q3,340,170.0,EMIRATES,0.8417,929.0,100.5,55.2,15.6,1920,1080,0.042,956.6,108.3
Round1,Q3,340,170.0,EMIRATES,0.8414,1092.7,392.3,54.4,20.8,1920,1080,0.055,1119.9,402.7
Round1,Q3,340,170.0,EMIRATES,0.8398,1289.8,405.1,55.3,22.1,1920,1080,0.059,1317.5,416.1
Round1,Q3,340,170.0,EMIRATES,0.8392,404.6,107.7,60.0,15.8,1920,1080,0.046,434.6,115.6
Round1,Q3,340,170.0,EMIRATES,0.8388,671.7,106.7,57.0,14.9,1920,1080,0.041,700.1,114.1
Round1,Q3,340,170.0,EMIRATES,0.8338,1344.6,174.1,62.0,17.8,1920,1080,0.053,1375.5,183.0
Round1,Q3,340,170.0,EMIRATES,0.8297,165.9,183.2,70.9,16.8,1920,1080,0.057,201.3,191.6
Round1,Q3,340,170.0,EMIRATES,0.8264,1839.1,147.8,75.0,21.8,1920,1080,0.079,1876.6,158.7
Round1,Q3,340,170.0,EMIRATES,0.8263,1804.4,36.3,62.7,22.4,1920,1080,0.068,1835.8,47.5
Round1,Q3,340,170.0,EMIRATES,0.8255,114.3,102.3,67.1,16.6,1920,1080,0.054,147.8,110.6
Round1,Q3,340,170.0,EMIRATES,0.8108,1001.9,182.8,64.6,16.3,1920,1080,0.051,1034.2,191.0
Round1,Q3,340,170.0,EMIRATES,0.8011,889.7,184.3,60.8,16.8,1920,1080,0.049,920.1,192.7
Round1,Q3,340,170.0,EMIRATES,0.7988,422.1,186.4,65.0,16.1,1920,1080,0.05,454.6,194.4
Round1,Q3,340,170.0,EMIRATES,0.7888,992.4,387.2,56.3,19.7,1920,1080,0.053,1020.6,397.0
Round1,Q3,340,170.0,EMIRATES,0.7702,0.3,364.5,43.1,18.4,1920,1080,0.038,21.9,373.7
Round1,Q3,340,170.0,EMIRATES,0.7496,1517.4,65.3,115.0,20.3,1920,1080,0.113,1575.0,75.5
Round1,Q3,340,170.0,EMIRATES,0.7471,1885.6,476.1,34.4,37.5,1920,1080,0.062,1902.8,494.9
Round1,Q3,340,170.0,EMIRATES,0.7456,1683.9,443.6,54.5,31.1,1920,1080,0.082,1711.1,459.1
Round1,Q3,340,170.0,EMIRATES,0.7415,796.4,186.3,42.1,15.0,1920,1080,0.03,817.5,193.8
Round1,Q3,340,170.0,EMIRATES,0.7351,1389.3,413.5,55.3,22.4,1920,1080,0.06,1416.9,424.6
Round1,Q3,340,170.0,EMIRATES,0.7007,775.4,104.4,108.7,15.9,1920,1080,0.084,829.8,112.4
Round1,Q3,340,170.0,EMIRATES,0.6874,0.0,96.1,54.8,19.0,1920,1080,0.05,27.4,105.6
Round1,Q3,340,170.0,EMIRATES,0.6864,1030.6,96.4,54.8,16.3,1920,1080,0.043,1058.0,104.5
Round1,Q3,340,170.0,EMIRATES,0.6496,798.1,381.0,48.9,16.5,1920,1080,0.039,822.5,389.2
Round1,Q3,340,170.0,EMIRATES,0.626,1487.0,422.6,54.5,23.7,1920,1080,0.062,1514.2,434.4
Round1,Q3,340,170.0,EMIRATES,0.6207,683.5,375.2,60.8,17.9,1920,1080,0.053,713.9,384.1
Round1,Q3,340,170.0,EMIRATES,0.6018,513.5,107.2,112.4,16.1,1920,1080,0.087,569.8,115.2
Round1,Q3,340,170.0,EMIRATES,0.5731,234.8,105.6,106.5,15.9,1920,1080,0.082,288.1,113.6
Round1,Q3,340,170.0,EMIRATES,0.4626,1868.7,27.7,51.0,24.0,1920,1080,0.059,1894.2,39.7
Round1,Q3,340,170.0,EMIRATES,0.4307,25.9,247.3,68.1,17.1,1920,1080,0.056,59.9,255.8
Round1,Q3,340,170.0,EMIRATES,0.4068,294.2,106.9,59.7,14.9,1920,1080,0.043,324.0,114.3
Round1,Q3,340,170.0,EMIRATES,0.3775,1784.5,458.7,58.1,30.6,1920,1080,0.086,1813.6,474.1
Round1,Q3,341,170.5,EMIRATES,0.8944,1746.7,248.5,65.2,21.0,1920,1080,0.066,1779.3,259.0
Round1,Q3,341,170.5,EMIRATES,0.8911,1631.6,249.5,61.4,20.4,1920,1080,0.061,1662.3,259.7
Round1,Q3,341,170.5,EMIRATES,0.8887,331.3,368.4,66.9,18.9,1920,1080,0.061,364.7,377.9
Round1,Q3,341,170.5,EMIRATES,0.8847,1866.8,246.0,53.2,23.5,1920,1080,0.06,1893.4,257.7
Round1,Q3,341,170.5,EMIRATES,0.8831,472.2,249.9,61.1,16.5,1920,1080,0.049,502.7,258.1
Round1,Q3,341,170.5,EMIRATES,0.8806,1520.5,250.8,61.6,19.7,1920,1080,0.059,1551.4,260.6
Round1,Q3,341,170.5,EMIRATES,0.8788,581.6,250.7,59.2,16.2,1920,1080,0.046,611.2,258.8
Round1,Q3,341,170.5,EMIRATES,0.878,1100.5,251.8,58.2,17.5,1920,1080,0.049,1129.6,260.6
Round1,Q3,341,170.5,EMIRATES,0.8769,896.0,251.8,57.1,17.3,1920,1080,0.048,924.6,260.4
Round1,Q3,341,170.5,EMIRATES,0.8765,361.1,249.0,61.3,17.1,1920,1080,0.05,391.7,257.6
Round1,Q3,341,170.5,EMIRATES,0.8753,1412.6,251.2,61.7,18.9,1920,1080,0.056,1443.4,260.7
Round1,Q3,341,170.5,EMIRATES,0.8704,687.9,250.6,56.8,16.3,1920,1080,0.045,716.3,258.8
Round1,Q3,341,170.5,EMIRATES,0.8686,451.8,371.0,63.2,18.0,1920,1080,0.055,483.4,380.0
Round1,Q3,341,170.5,EMIRATES,0.8681,1421.2,66.8,60.0,17.9,1920,1080,0.052,1451.2,75.7
Round1,Q3,341,170.5,EMIRATES,0.8678,651.2,181.0,63.4,16.4,1920,1080,0.05,682.9,189.2
Round1,Q3,341,170.5,EMIRATES,0.8669,245.8,247.7,63.8,16.9,1920,1080,0.052,277.7,256.1
Round1,Q3,341,170.5,EMIRATES,0.8667,1204.8,251.6,56.6,18.0,1920,1080,0.049,1233.2,260.6
Round1,Q3,341,170.5,EMIRATES,0.8635,208.7,367.0,67.9,18.5,1920,1080,0.061,242.6,376.3
Round1,Q3,341,170.5,EMIRATES,0.862,998.3,252.0,57.5,17.4,1920,1080,0.048,1027.0,260.7
Round1,Q3,341,170.5,EMIRATES,0.8618,1727.3,150.1,75.5,20.9,1920,1080,0.076,1765.0,160.5
Round1,Q3,341,170.5,EMIRATES,0.8601,792.7,251.1,57.4,17.5,1920,1080,0.048,821.4,259.9
Round1,Q3,341,170.5,EMIRATES,0.8593,1474.1,163.1,68.1,18.9,1920,1080,0.062,1508.2,172.5
Round1,Q3,341,170.5,EMIRATES,0.8579,405.4,180.4,67.0,16.9,1920,1080,0.055,439.0,188.8
Round1,Q3,341,170.5,EMIRATES,0.8575,1599.8,157.1,68.0,20.1,1920,1080,0.066,1633.8,167.2
Round1,Q3,341,170.5,EMIRATES,0.8516,123.8,245.2,68.2,17.7,1920,1080,0.058,157.9,254.1
Round1,Q3,341,170.5,EMIRATES,0.8515,387.8,99.8,61.3,15.6,1920,1080,0.046,418.4,107.6
Round1,Q3,341,170.5,EMIRATES,0.8513,1235.1,171.3,66.7,17.5,1920,1080,0.056,1268.5,180.1
Round1,Q3,341,170.5,EMIRATES,0.8507,1119.3,174.8,62.7,16.8,1920,1080,0.051,1150.7,183.2
Round1,Q3,341,170.5,EMIRATES,0.85,566.1,373.7,60.5,17.8,1920,1080,0.052,596.3,382.6
Round1,Q3,341,170.5,EMIRATES,0.8497,1296.9,406.0,58.3,22.9,1920,1080,0.064,1326.0,417.4
Round1,Q3,341,170.5,EMIRATES,0.8491,75.3,365.9,74.6,18.4,1920,1080,0.066,112.6,375.2
Round1,Q3,341,170.5,EMIRATES,0.8477,1706.3,39.9,64.6,21.0,1920,1080,0.065,1738.6,50.4
Round1,Q3,341,170.5,EMIRATES,0.8463,1001.5,177.2,66.0,16.6,1920,1080,0.053,1034.5,185.5
Round1,Q3,341,170.5,EMIRATES,0.8452,87.0,93.4,69.3,17.1,1920,1080,0.057,121.6,102.0
Round1,Q3,341,170.5,EMIRATES,0.8452,663.5,99.0,57.5,15.2,1920,1080,0.042,692.2,106.6
Round1,Q3,341,170.5,EMIRATES,0.8445,886.1,178.8,62.4,16.4,1920,1080,0.049,917.3,187.1
Round1,Q3,341,170.5,EMIRATES,0.844,1096.2,393.3,55.4,20.7,1920,1080,0.055,1123.9,403.6
Round1,Q3,341,170.5,EMIRATES,0.8389,1308.7,251.6,57.6,19.0,1920,1080,0.053,1337.5,261.1
Round1,Q3,341,170.5,EMIRATES,0.8378,1354.2,168.0,63.6,18.3,1920,1080,0.056,1386.0,177.2
Round1,Q3,341,170.5,EMIRATES,0.837,927.7,93.0,56.4,15.5,1920,1080,0.042,956.0,100.8
Round1,Q3,341,170.5,EMIRATES,0.8347,1602.4,434.4,56.8,26.1,1920,1080,0.071,1630.8,447.5
Round1,Q3,341,170.5,EMIRATES,0.8341,275.0,179.1,73.5,16.5,1920,1080,0.059,311.7,187.3
Round1,Q3,341,170.5,EMIRATES,0.8332,529.3,181.1,67.7,16.7,1920,1080,0.054,563.2,189.5
Round1,Q3,341,170.5,EMIRATES,0.8204,1196.6,400.2,56.3,20.6,1920,1080,0.056,1224.8,410.5
Round1,Q3,341,170.5,EMIRATES,0.8173,1829.4,25.3,68.4,22.5,1920,1080,0.074,1863.6,36.6
Round1,Q3,341,170.5,EMIRATES,0.8149,1864.9,140.4,55.1,22.7,1920,1080,0.06,1892.4,151.8
Round1,Q3,341,170.5,EMIRATES,0.8099,140.6,177.2,72.8,16.6,1920,1080,0.058,177.0,185.5
Round1,Q3,341,170.5,EMIRATES,0.8036,992.2,388.0,58.0,19.8,1920,1080,0.055,1021.2,397.9
Round1,Q3,341,170.5,EMIRATES,0.7785,1400.1,414.5,57.0,22.8,1920,1080,0.063,1428.6,425.9
Round1,Q3,341,170.5,EMIRATES,0.7763,211.2,97.2,64.4,16.5,1920,1080,0.051,243.4,105.4
Round1,Q3,341,170.5,EMIRATES,0.7732,1531.3,52.7,122.3,23.2,1920,1080,0.137,1592.5,64.3
Round1,Q3,341,170.5,EMIRATES,0.7638,768.1,96.6,100.8,16.6,1920,1080,0.081,818.5,104.9
Round1,Q3,341,170.5,EMIRATES,0.7142,1500.7,422.8,55.0,24.4,1920,1080,0.065,1528.2,435.0
Round1,Q3,341,170.5,EMIRATES,0.6639,794.4,381.5,47.8,16.6,1920,1080,0.038,818.3,389.8
Round1,Q3,341,170.5,EMIRATES,0.6326,675.5,375.9,60.2,17.7,1920,1080,0.051,705.6,384.7
Round1,Q3,341,170.5,EMIRATES,0.6075,785.5,180.8,48.9,15.8,1920,1080,0.037,809.9,188.7
Round1,Q3,341,170.5,EMIRATES,0.5514,1704.2,445.2,57.1,31.2,1920,1080,0.086,1732.7,460.8
Round1,Q3,341,170.5,EMIRATES,0.5355,500.0,100.3,112.4,15.9,1920,1080,0.086,556.1,108.2
Round1,Q3,341,170.5,EMIRATES,0.4459,1030.7,88.5,94.4,17.2,1920,1080,0.078,1077.9,97.1
Round1,Q3,341,170.5,EMIRATES,0.4083,45.4,174.7,31.5,15.9,1920,1080,0.024,61.1,182.6
Round1,Q3,341,170.5,EMIRATES,0.4033,274.9,98.9,60.0,15.4,1920,1080,0.045,304.9,106.6
Round1,Q3,341,170.5,EMIRATES,0.3937,0.0,363.1,12.3,18.8,1920,1080,0.011,6.2,372.5
Round1,Q3,341,170.5,EMIRATES,0.3882,1808.6,461.3,58.5,31.2,1920,1080,0.088,1837.8,476.9
Round1,Q3,341,170.5,EMIRATES,0.3497,1867.8,21.0,52.2,23.9,1920,1080,0.06,1893.9,32.9
Round1,Q3,341,170.5,EMIRATES,0.3411,889.7,383.9,56.7,17.5,1920,1080,0.048,918.0,392.7
Round1,Q3,342,171.0,EMIRATES,0.8756,318.4,364.7,70.2,19.3,1920,1080,0.066,353.5,374.3
Round1,Q3,342,171.0,EMIRATES,0.8752,1648.9,242.8,62.2,21.0,1920,1080,0.063,1680.0,253.3
Round1,Q3,342,171.0,EMIRATES,0.8659,442.3,367.3,63.9,18.3,1920,1080,0.056,474.3,376.4
Round1,Q3,342,171.0,EMIRATES,0.8637,1534.9,244.0,62.8,20.0,1920,1080,0.061,1566.4,254.0
Round1,Q3,342,171.0,EMIRATES,0.8634,348.9,242.9,63.0,16.5,1920,1080,0.05,380.4,251.1
Round1,Q3,342,171.0,EMIRATES,0.8631,1766.7,241.5,67.4,22.0,1920,1080,0.071,1800.4,252.5
Round1,Q3,342,171.0,EMIRATES,0.8609,229.4,241.0,66.2,17.0,1920,1080,0.054,262.6,249.5
Round1,Q3,342,171.0,EMIRATES,0.86,105.0,238.8,69.6,17.2,1920,1080,0.058,139.8,247.4
Round1,Q3,342,171.0,EMIRATES,0.8582,558.8,369.8,61.5,19.1,1920,1080,0.057,589.5,379.3
Round1,Q3,342,171.0,EMIRATES,0.8577,1123.4,167.0,64.0,17.0,1920,1080,0.052,1155.4,175.4
Round1,Q3,342,171.0,EMIRATES,0.8574,55.7,361.4,76.1,18.7,1920,1080,0.069,93.8,370.7
Round1,Q3,342,171.0,EMIRATES,0.8573,1242.1,163.4,67.2,17.7,1920,1080,0.057,1275.7,172.2
Round1,Q3,342,171.0,EMIRATES,0.8516,462.6,243.5,62.8,16.4,1920,1080,0.05,494.0,251.7
Round1,Q3,342,171.0,EMIRATES,0.8504,1003.3,169.4,68.5,17.0,1920,1080,0.056,1037.6,177.9
Round1,Q3,342,171.0,EMIRATES,0.8499,1724.6,27.9,67.6,21.1,1920,1080,0.069,1758.4,38.4
Round1,Q3,342,171.0,EMIRATES,0.8471,1306.8,404.0,58.7,23.1,1920,1080,0.065,1336.1,415.6
Round1,Q3,342,171.0,EMIRATES,0.8431,896.1,245.2,57.6,17.5,1920,1080,0.048,924.9,254.0
Round1,Q3,342,171.0,EMIRATES,0.8422,1424.9,245.0,61.8,18.9,1920,1080,0.056,1455.8,254.5
Round1,Q3,342,171.0,EMIRATES,0.8421,1104.5,245.9,60.2,17.7,1920,1080,0.051,1134.6,254.7
Round1,Q3,342,171.0,EMIRATES,0.8412,1488.8,155.2,68.7,18.6,1920,1080,0.062,1523.1,164.5
Round1,Q3,342,171.0,EMIRATES,0.8391,574.5,244.5,60.6,16.3,1920,1080,0.048,604.8,252.7
Round1,Q3,342,171.0,EMIRATES,0.8387,1203.7,396.6,57.6,22.5,1920,1080,0.062,1232.5,407.8
Round1,Q3,342,171.0,EMIRATES,0.8386,1432.4,56.0,61.5,18.3,1920,1080,0.054,1463.1,65.2
Round1,Q3,342,171.0,EMIRATES,0.8354,1001.0,246.0,57.8,16.9,1920,1080,0.047,1029.9,254.5
Round1,Q3,342,171.0,EMIRATES,0.8351,683.3,244.9,58.6,16.2,1920,1080,0.046,712.6,253.0
Round1,Q3,342,171.0,EMIRATES,0.8348,1852.7,12.3,67.2,23.0,1920,1080,0.075,1886.3,23.8
Round1,Q3,342,171.0,EMIRATES,0.8342,1210.9,245.5,59.1,17.9,1920,1080,0.051,1240.4,254.5
Round1,Q3,342,171.0,EMIRATES,0.8336,1747.0,141.2,77.3,21.0,1920,1080,0.078,1785.6,151.7
Round1,Q3,342,171.0,EMIRATES,0.8332,1890.6,238.4,29.2,24.8,1920,1080,0.035,1905.2,250.8
Round1,Q3,342,171.0,EMIRATES,0.8294,394.1,172.1,68.9,17.3,1920,1080,0.058,428.6,180.8
Round1,Q3,342,171.0,EMIRATES,0.8291,928.0,83.2,58.0,16.3,1920,1080,0.046,957.0,91.3
Round1,Q3,342,171.0,EMIRATES,0.8279,1365.0,159.9,64.4,18.6,1920,1080,0.058,1397.2,169.2
Round1,Q3,342,171.0,EMIRATES,0.827,789.9,245.2,58.9,17.1,1920,1080,0.049,819.3,253.8
Round1,Q3,342,171.0,EMIRATES,0.8237,1317.5,245.4,57.7,19.5,1920,1080,0.054,1346.3,255.1
Round1,Q3,342,171.0,EMIRATES,0.8233,192.6,363.1,70.3,19.0,1920,1080,0.064,227.7,372.6
Round1,Q3,342,171.0,EMIRATES,0.8209,521.3,173.0,68.7,17.2,1920,1080,0.057,555.6,181.6
Round1,Q3,342,171.0,EMIRATES,0.8205,1617.0,148.8,68.9,19.9,1920,1080,0.066,1651.4,158.7
Round1,Q3,342,171.0,EMIRATES,0.8166,646.2,173.1,63.5,16.6,1920,1080,0.051,678.0,181.4
Round1,Q3,342,171.0,EMIRATES,0.8114,1099.8,390.7,58.5,21.0,1920,1080,0.059,1129.0,401.2
Round1,Q3,342,171.0,EMIRATES,0.8064,122.2,168.1,75.9,17.6,1920,1080,0.065,160.2,176.9
Round1,Q3,342,171.0,EMIRATES,0.8017,993.9,385.0,60.0,20.4,1920,1080,0.059,1023.9,395.2
Round1,Q3,342,171.0,EMIRATES,0.8016,658.3,89.3,59.4,16.0,1920,1080,0.046,688.0,97.3
Round1,Q3,342,171.0,EMIRATES,0.8011,376.6,90.1,62.4,16.1,1920,1080,0.049,407.8,98.1
Round1,Q3,342,171.0,EMIRATES,0.8004,67.2,82.3,70.1,17.7,1920,1080,0.06,102.2,91.2
Round1,Q3,342,171.0,EMIRATES,0.7714,886.6,171.4,63.4,17.0,1920,1080,0.052,918.3,179.9
Round1,Q3,342,171.0,EMIRATES,0.7688,1617.3,432.7,58.1,26.5,1920,1080,0.074,1646.3,445.9
Round1,Q3,342,171.0,EMIRATES,0.7538,1411.5,411.8,58.6,24.5,1920,1080,0.069,1440.8,424.0
Round1,Q3,342,171.0,EMIRATES,0.7493,259.9,170.9,75.6,16.9,1920,1080,0.062,297.7,179.4
Round1,Q3,342,171.0,EMIRATES,0.6623,1888.9,131.1,30.9,23.3,1920,1080,0.035,1904.3,142.8
Round1,Q3,342,171.0,EMIRATES,0.6382,766.1,86.9,88.4,16.8,1920,1080,0.071,810.3,95.3
Round1,Q3,342,171.0,EMIRATES,0.6226,490.0,90.8,117.7,16.2,1920,1080,0.092,548.8,98.9
Round1,Q3,342,171.0,EMIRATES,0.6211,670.1,372.9,63.2,17.9,1920,1080,0.055,701.7,381.9
Round1,Q3,342,171.0,EMIRATES,0.6163,1546.3,45.2,119.2,20.2,1920,1080,0.116,1605.9,55.3
Round1,Q3,342,171.0,EMIRATES,0.582,195.0,86.9,126.4,17.2,1920,1080,0.105,258.2,95.5
Round1,Q3,342,171.0,EMIRATES,0.5544,1514.9,421.0,56.6,26.2,1920,1080,0.071,1543.2,434.1
Round1,Q3,342,171.0,EMIRATES,0.5479,1034.1,78.9,89.3,17.7,1920,1080,0.076,1078.8,87.7
Round1,Q3,342,171.0,EMIRATES,0.5431,790.7,378.7,49.5,16.4,1920,1080,0.039,815.5,386.9
Round1,Q3,342,171.0,EMIRATES,0.5249,1829.7,459.9,62.3,32.1,1920,1080,0.096,1860.9,475.9
Round1,Q3,342,171.0,EMIRATES,0.483,1723.3,445.1,58.2,30.6,1920,1080,0.086,1752.4,460.4
Round1,Q3,342,171.0,EMIRATES,0.4538,888.9,381.2,59.1,18.6,1920,1080,0.053,918.4,390.5
Round1,Q3,342,171.0,EMIRATES,0.402,821.5,86.1,57.4,16.4,1920,1080,0.045,850.2,94.3
Round1,Q3,342,171.0,EMIRATES,0.3784,1605.0,40.2,64.3,20.4,1920,1080,0.063,1637.1,50.4
Round1,Q3,342,171.0,EMIRATES,0.3387,787.0,173.4,46.5,15.3,1920,1080,0.034,810.2,181.0
Round1,Q3,343,171.5,EMIRATES,0.878,1558.4,242.4,62.8,20.0,1920,1080,0.061,1589.8,252.4
Round1,Q3,343,171.5,EMIRATES,0.8769,1792.1,240.2,67.5,21.2,1920,1080,0.069,1825.9,250.8
Round1,Q3,343,171.5,EMIRATES,0.8758,1672.7,241.3,63.4,20.9,1920,1080,0.064,1704.4,251.7
Round1,Q3,343,171.5,EMIRATES,0.8685,484.7,242.4,62.2,16.3,1920,1080,0.049,515.8,250.6
Round1,Q3,343,171.5,EMIRATES,0.8677,252.2,239.8,65.8,16.8,1920,1080,0.053,285.1,248.2
Round1,Q3,343,171.5,EMIRATES,0.867,370.9,241.2,62.3,16.6,1920,1080,0.05,402.0,249.5
Round1,Q3,343,171.5,EMIRATES,0.867,580.8,368.2,60.7,19.0,1920,1080,0.056,611.2,377.7
Round1,Q3,343,171.5,EMIRATES,0.8666,128.5,237.6,69.3,17.0,1920,1080,0.057,163.1,246.1
Round1,Q3,343,171.5,EMIRATES,0.8656,340.9,363.2,69.4,19.4,1920,1080,0.065,375.6,372.9
Round1,Q3,343,171.5,EMIRATES,0.8625,1328.3,403.0,59.4,22.9,1920,1080,0.066,1358.0,414.5
Round1,Q3,343,171.5,EMIRATES,0.8625,596.2,243.0,59.9,16.1,1920,1080,0.047,626.2,251.0
Round1,Q3,343,171.5,EMIRATES,0.8615,1447.0,243.3,62.9,19.4,1920,1080,0.059,1478.4,253.0
Round1,Q3,343,171.5,EMIRATES,0.8593,1025.0,167.8,68.1,17.1,1920,1080,0.056,1059.0,176.4
Round1,Q3,343,171.5,EMIRATES,0.8584,1772.9,138.6,77.4,21.4,1920,1080,0.08,1811.6,149.3
Round1,Q3,343,171.5,EMIRATES,0.8576,1750.8,25.2,66.3,21.6,1920,1080,0.069,1784.0,35.9
Round1,Q3,343,171.5,EMIRATES,0.8561,704.8,243.6,57.7,16.1,1920,1080,0.045,733.6,251.6
Round1,Q3,343,171.5,EMIRATES,0.8541,1511.6,153.1,69.5,18.8,1920,1080,0.063,1546.4,162.5
Round1,Q3,343,171.5,EMIRATES,0.8504,1641.3,146.4,69.3,20.5,1920,1080,0.068,1675.9,156.7
Round1,Q3,343,171.5,EMIRATES,0.8486,1455.2,53.6,62.2,18.8,1920,1080,0.056,1486.3,63.0
Round1,Q3,343,171.5,EMIRATES,0.8472,1224.9,395.1,58.5,22.7,1920,1080,0.064,1254.1,406.5
Round1,Q3,343,171.5,EMIRATES,0.8456,1264.1,161.7,68.7,17.9,1920,1080,0.059,1298.5,170.7
Round1,Q3,343,171.5,EMIRATES,0.8446,1233.7,243.9,57.7,18.3,1920,1080,0.051,1262.5,253.0
Round1,Q3,343,171.5,EMIRATES,0.8437,1126.6,244.2,59.8,17.8,1920,1080,0.051,1156.5,253.1
Round1,Q3,343,171.5,EMIRATES,0.8412,78.9,360.2,76.2,18.7,1920,1080,0.069,117.0,369.6
Round1,Q3,343,171.5,EMIRATES,0.8406,463.6,366.2,64.3,18.2,1920,1080,0.056,495.8,375.3
Round1,Q3,343,171.5,EMIRATES,0.8387,917.1,244.1,57.5,16.7,1920,1080,0.046,945.9,252.5
Round1,Q3,343,171.5,EMIRATES,0.838,1015.2,383.7,60.0,20.6,1920,1080,0.06,1045.1,394.0
Round1,Q3,343,171.5,EMIRATES,0.8371,1145.7,165.2,64.5,17.5,1920,1080,0.055,1177.9,174.0
Round1,Q3,343,171.5,EMIRATES,0.8343,908.0,169.7,63.1,16.8,1920,1080,0.051,939.5,178.1
Round1,Q3,343,171.5,EMIRATES,0.8335,1021.9,244.4,58.5,17.1,1920,1080,0.048,1051.1,253.0
Round1,Q3,343,171.5,EMIRATES,0.8297,1387.5,157.8,64.9,19.4,1920,1080,0.061,1419.9,167.5
Round1,Q3,343,171.5,EMIRATES,0.8289,1121.7,388.9,58.2,21.1,1920,1080,0.059,1150.8,399.4
Round1,Q3,343,171.5,EMIRATES,0.8256,1878.3,10.3,41.6,23.3,1920,1080,0.047,1899.1,22.0
Round1,Q3,343,171.5,EMIRATES,0.8247,666.3,171.9,65.2,16.5,1920,1080,0.052,698.9,180.2
Round1,Q3,343,171.5,EMIRATES,0.8236,679.3,87.8,59.5,15.8,1920,1080,0.045,709.1,95.8
Round1,Q3,343,171.5,EMIRATES,0.8232,811.4,244.1,58.5,16.8,1920,1080,0.048,840.7,252.5
Round1,Q3,343,171.5,EMIRATES,0.823,1640.9,430.9,59.8,27.5,1920,1080,0.079,1670.8,444.6
Round1,Q3,343,171.5,EMIRATES,0.8216,398.4,88.6,62.2,16.6,1920,1080,0.05,429.5,96.9
Round1,Q3,343,171.5,EMIRATES,0.8199,541.9,172.1,69.6,17.1,1920,1080,0.057,576.7,180.6
Round1,Q3,343,171.5,EMIRATES,0.8174,948.5,81.6,59.0,15.9,1920,1080,0.045,978.0,89.6
Round1,Q3,343,171.5,EMIRATES,0.8117,214.8,361.8,70.1,18.7,1920,1080,0.063,249.8,371.1
Round1,Q3,343,171.5,EMIRATES,0.8004,1340.2,243.7,58.0,19.1,1920,1080,0.054,1369.2,253.3
Round1,Q3,343,171.5,EMIRATES,0.7971,416.2,171.3,68.4,16.9,1920,1080,0.056,450.4,179.7
Round1,Q3,343,171.5,EMIRATES,0.79,1433.5,410.2,58.7,23.5,1920,1080,0.066,1462.8,422.0
Round1,Q3,343,171.5,EMIRATES,0.7865,91.2,81.7,69.3,17.1,1920,1080,0.057,125.9,90.2
Round1,Q3,343,171.5,EMIRATES,0.7831,282.7,170.0,75.1,17.0,1920,1080,0.061,320.2,178.5
Round1,Q3,343,171.5,EMIRATES,0.78,145.8,167.5,74.3,17.2,1920,1080,0.062,182.9,176.1
Round1,Q3,343,171.5,EMIRATES,0.7731,692.0,371.0,61.9,18.9,1920,1080,0.057,722.9,380.5
Round1,Q3,343,171.5,EMIRATES,0.7381,1573.0,39.6,121.2,21.8,1920,1080,0.127,1633.6,50.5
Round1,Q3,343,171.5,EMIRATES,0.7037,1854.6,459.1,64.5,32.1,1920,1080,0.1,1886.8,475.1
Round1,Q3,343,171.5,EMIRATES,0.6988,787.6,85.5,106.6,16.7,1920,1080,0.086,840.9,93.8
Round1,Q3,343,171.5,EMIRATES,0.6973,1536.9,419.5,58.2,26.4,1920,1080,0.074,1566.0,432.7
Round1,Q3,343,171.5,EMIRATES,0.6448,512.2,88.8,117.7,17.4,1920,1080,0.099,571.1,97.4
Round1,Q3,343,171.5,EMIRATES,0.5744,812.4,376.4,50.6,17.2,1920,1080,0.042,837.7,385.0
Round1,Q3,343,171.5,EMIRATES,0.5499,1747.8,442.8,58.5,31.8,1920,1080,0.09,1777.0,458.7
Round1,Q3,343,171.5,EMIRATES,0.542,218.0,85.4,93.1,17.7,1920,1080,0.079,264.5,94.2
Round1,Q3,343,171.5,EMIRATES,0.4913,909.9,380.0,59.1,18.5,1920,1080,0.053,939.5,389.2
Round1,Q3,343,171.5,EMIRATES,0.4556,809.8,171.9,44.6,15.2,1920,1080,0.033,832.1,179.5
Round1,Q3,343,171.5,EMIRATES,0.4269,1056.0,77.5,65.1,17.2,1920,1080,0.054,1088.6,86.1
Round1,Q3,343,171.5,EMIRATES,0.3908,280.9,87.2,63.2,16.4,1920,1080,0.05,312.5,95.4
Round1,Q3,343,171.5,EMIRATES,0.3574,1.1,234.5,69.8,17.8,1920,1080,0.06,36.0,243.4
Round1,Q3,343,171.5,EMIRATES,0.3284,0.0,357.3,16.3,20.1,1920,1080,0.016,8.2,367.4
Round1,Q3,344,172.0,EMIRATES,0.3521,211.0,29.5,95.1,68.7,1920,1080,0.315,258.5,63.9
Round1,Q3,345,172.5,EMIRATES,0.8907,150.5,352.1,154.5,38.7,1920,1080,0.289,227.7,371.5
Round1,Q3,345,172.5,EMIRATES,0.8827,443.0,352.8,147.5,38.3,1920,1080,0.272,516.8,371.9
Round1,Q3,345,172.5,EMIRATES,0.8807,591.9,54.8,135.7,34.3,1920,1080,0.224,659.7,71.9
Round1,Q3,345,172.5,EMIRATES,0.8786,994.6,359.7,141.4,40.1,1920,1080,0.274,1065.3,379.7
Round1,Q3,345,172.5,EMIRATES,0.8784,723.9,355.8,141.1,38.2,1920,1080,0.26,794.4,374.9
Round1,Q3,345,172.5,EMIRATES,0.8764,1267.0,365.9,149.1,39.5,1920,1080,0.284,1341.5,385.6
Round1,Q3,345,172.5,EMIRATES,0.8691,846.4,56.7,130.3,33.4,1920,1080,0.21,911.5,73.4
Round1,Q3,345,172.5,EMIRATES,0.8621,63.1,47.2,143.5,35.5,1920,1080,0.246,134.8,64.9
Round1,Q3,345,172.5,EMIRATES,0.8619,332.1,52.3,136.1,33.2,1920,1080,0.218,400.1,68.9
Round1,Q3,345,172.5,EMIRATES,0.8559,1547.4,374.1,145.5,41.3,1920,1080,0.29,1620.2,394.8
Round1,Q3,345,172.5,EMIRATES,0.8455,1834.3,384.1,85.7,45.3,1920,1080,0.187,1877.1,406.8
Round1,Q3,345,172.5,EMIRATES,0.8384,1097.8,56.8,128.0,33.9,1920,1080,0.209,1161.8,73.8
Round1,Q3,345,172.5,EMIRATES,0.8371,1349.5,56.9,134.8,34.7,1920,1080,0.225,1416.9,74.2
Round1,Q3,345,172.5,EMIRATES,0.7712,1611.1,56.3,110.3,33.8,1920,1080,0.18,1666.3,73.2
Round1,Q3,345,172.5,ACCESS_COVERS,0.3949,143.2,260.9,136.1,31.4,1920,1080,0.206,211.3,276.6
Round1,Q3,346,173.0,EMIRATES,0.8802,247.4,391.6,138.8,36.9,1920,1080,0.247,316.7,410.1
Round1,Q3,346,173.0,EMIRATES,0.8679,1260.2,413.5,130.0,40.5,1920,1080,0.254,1325.2,433.7
Round1,Q3,346,173.0,EMIRATES,0.8491,0.2,390.0,117.1,37.7,1920,1080,0.213,58.8,408.8
Round1,Q3,346,173.0,EMIRATES,0.8437,1010.8,404.3,127.0,38.6,1920,1080,0.236,1074.3,423.6
Round1,Q3,346,173.0,EMIRATES,0.843,760.7,398.6,135.4,36.1,1920,1080,0.235,828.4,416.6
Round1,Q3,346,173.0,EMIRATES,0.8351,112.3,110.2,132.3,31.2,1920,1080,0.199,178.4,125.8
Round1,Q3,346,173.0,EMIRATES,0.832,1778.6,441.3,137.1,43.9,1920,1080,0.291,1847.1,463.2
Round1,Q3,346,173.0,EMIRATES,0.8266,829.0,118.8,120.9,31.3,1920,1080,0.182,889.4,134.4
Round1,Q3,346,173.0,EMIRATES,0.8243,598.6,115.9,117.8,32.2,1920,1080,0.183,657.5,132.0
Round1,Q3,346,173.0,EMIRATES,0.8068,363.0,113.9,123.5,31.4,1920,1080,0.187,424.8,129.6
Round1,Q3,346,173.0,EMIRATES,0.7998,1512.0,426.8,138.3,41.5,1920,1080,0.277,1581.1,447.6
Round1,Q3,346,173.0,EMIRATES,0.7516,509.6,393.8,129.8,37.0,1920,1080,0.232,574.5,412.3
Round1,Q3,346,173.0,EMIRATES,0.5303,1059.9,120.4,96.3,30.6,1920,1080,0.142,1108.0,135.7
Round1,Q3,347,173.5,EMIRATES,0.8718,330.7,429.3,133.3,35.1,1920,1080,0.225,397.3,446.8
Round1,Q3,347,173.5,EMIRATES,0.8656,77.6,427.4,132.8,34.5,1920,1080,0.221,144.0,444.6
Round1,Q3,347,173.5,EMIRATES,0.8651,1615.7,175.0,120.6,31.6,1920,1080,0.184,1676.0,190.8
Round1,Q3,347,173.5,EMIRATES,0.8602,1275.4,463.4,121.5,39.6,1920,1080,0.232,1336.2,483.2
Round1,Q3,347,173.5,EMIRATES,0.856,808.8,440.4,121.7,38.0,1920,1080,0.223,869.7,459.4
Round1,Q3,347,173.5,EMIRATES,0.8487,1040.6,451.3,125.2,37.4,1920,1080,0.226,1103.2,470.0
Round1,Q3,347,173.5,EMIRATES,0.8467,1506.9,476.9,122.1,42.6,1920,1080,0.251,1568.0,498.2
Round1,Q3,347,173.5,EMIRATES,0.8408,392.6,164.4,117.2,29.9,1920,1080,0.169,451.2,179.4
Round1,Q3,347,173.5,EMIRATES,0.8392,574.0,433.8,124.1,36.1,1920,1080,0.216,636.0,451.8
Round1,Q3,347,173.5,EMIRATES,0.8387,1847.5,177.1,72.4,32.1,1920,1080,0.112,1883.7,193.1
Round1,Q3,347,173.5,EMIRATES,0.8305,1742.7,496.8,121.0,44.4,1920,1080,0.259,1803.2,519.1
Round1,Q3,347,173.5,EMIRATES,0.8137,162.6,160.9,121.1,30.8,1920,1080,0.18,223.2,176.2
Round1,Q3,347,173.5,EMIRATES,0.7637,314.6,28.4,137.1,29.2,1920,1080,0.193,383.1,43.0
Round1,Q3,347,173.5,EMIRATES,0.7627,0.0,158.2,51.7,29.3,1920,1080,0.073,25.8,172.8
Round1,Q3,347,173.5,EMIRATES,0.7559,50.5,22.2,136.6,30.7,1920,1080,0.202,118.8,37.5
Round1,Q3,347,173.5,EMIRATES,0.7413,615.5,167.5,90.2,29.5,1920,1080,0.128,660.6,182.2
Round1,Q3,347,173.5,EMIRATES,0.7369,1401.5,173.3,105.0,30.5,1920,1080,0.155,1453.9,188.5
Round1,Q3,347,173.5,EMIRATES,0.7189,814.7,33.3,128.3,28.8,1920,1080,0.178,878.9,47.7
Round1,Q3,347,173.5,EMIRATES,0.5992,569.0,31.0,126.8,29.7,1920,1080,0.181,632.4,45.9
Round1,Q3,348,174.0,EMIRATES,0.8863,1497.1,182.0,118.4,32.7,1920,1080,0.187,1556.3,198.4
Round1,Q3,348,174.0,EMIRATES,0.8847,1277.0,179.1,115.8,31.6,1920,1080,0.177,1334.9,194.9
Round1,Q3,348,174.0,EMIRATES,0.8799,472.6,32.2,133.5,30.0,1920,1080,0.193,539.4,47.3
Round1,Q3,348,174.0,EMIRATES,0.8795,1725.9,185.5,117.7,33.2,1920,1080,0.188,1784.7,202.1
Round1,Q3,348,174.0,EMIRATES,0.8782,948.8,464.8,120.9,39.4,1920,1080,0.23,1009.2,484.5
Round1,Q3,348,174.0,EMIRATES,0.8767,28.9,162.2,128.7,32.0,1920,1080,0.199,93.3,178.2
Round1,Q3,348,174.0,EMIRATES,0.8721,475.1,445.3,125.5,37.9,1920,1080,0.23,537.9,464.2
Round1,Q3,348,174.0,EMIRATES,0.8719,1069.6,175.9,104.7,31.1,1920,1080,0.157,1122.0,191.5
Round1,Q3,348,174.0,EMIRATES,0.8706,229.2,439.5,127.8,36.7,1920,1080,0.226,293.1,457.8
Round1,Q3,348,174.0,EMIRATES,0.8627,214.4,27.5,134.2,31.3,1920,1080,0.203,281.5,43.1
Round1,Q3,348,174.0,EMIRATES,0.8561,267.3,167.2,92.1,29.9,1920,1080,0.133,313.3,182.1
Round1,Q3,348,174.0,EMIRATES,0.8558,1178.2,478.3,118.0,40.3,1920,1080,0.23,1237.2,498.5
Round1,Q3,348,174.0,EMIRATES,0.8543,0.0,21.0,87.4,31.9,1920,1080,0.134,43.7,37.0
Round1,Q3,348,174.0,EMIRATES,0.85,0.0,436.3,110.4,36.0,1920,1080,0.191,55.2,454.2
Round1,Q3,348,174.0,EMIRATES,0.839,1404.4,496.0,113.3,42.5,1920,1080,0.232,1461.0,517.2
Round1,Q3,348,174.0,EMIRATES,0.8346,712.4,454.1,126.7,37.9,1920,1080,0.231,775.8,473.0
Round1,Q3,348,174.0,EMIRATES,0.8058,1855.1,544.3,64.9,48.6,1920,1080,0.152,1887.6,568.7
Round1,Q3,348,174.0,EMIRATES,0.7373,1631.6,519.0,114.9,44.2,1920,1080,0.245,1689.0,541.1
Round1,Q3,349,174.5,EMIRATES,0.8906,1750.8,168.8,129.2,38.0,1920,1080,0.237,1815.4,187.8
Round1,Q3,349,174.5,EMIRATES,0.8905,1517.9,165.2,119.2,34.3,1920,1080,0.197,1577.5,182.3
Round1,Q3,349,174.5,EMIRATES,0.8891,1284.2,161.5,121.8,34.4,1920,1080,0.202,1345.1,178.7
Round1,Q3,349,174.5,EMIRATES,0.8874,713.7,458.7,129.5,40.5,1920,1080,0.253,778.4,479.0
Round1,Q3,349,174.5,EMIRATES,0.8806,1057.2,157.6,120.5,33.2,1920,1080,0.193,1117.4,174.2
Round1,Q3,349,174.5,EMIRATES,0.8764,204.9,439.5,135.6,42.0,1920,1080,0.275,272.7,460.5
Round1,Q3,349,174.5,EMIRATES,0.8744,461.6,448.8,136.4,38.9,1920,1080,0.256,529.8,468.3
Round1,Q3,349,174.5,EMIRATES,0.8718,955.5,471.3,124.1,42.4,1920,1080,0.254,1017.5,492.5
Round1,Q3,349,174.5,EMIRATES,0.8703,196.2,0.0,145.2,30.8,1920,1080,0.216,268.8,15.4
Round1,Q3,349,174.5,EMIRATES,0.8576,1652.3,537.4,115.9,53.6,1920,1080,0.299,1710.2,564.2
Round1,Q3,349,174.5,EMIRATES,0.8519,838.1,153.9,109.3,33.1,1920,1080,0.175,892.7,170.4
Round1,Q3,349,174.5,EMIRATES,0.8373,1191.7,488.3,114.6,45.1,1920,1080,0.249,1249.0,510.9
Round1,Q3,349,174.5,EMIRATES,0.7857,1877.1,571.4,42.9,47.1,1920,1080,0.098,1898.5,594.9
Round1,Q3,349,174.5,EMIRATES,0.7801,0.2,0.1,59.1,23.3,1920,1080,0.066,29.7,11.7
Round1,Q3,349,174.5,EMIRATES,0.7685,0.3,433.7,76.1,40.4,1920,1080,0.148,38.4,453.9
Round1,Q3,349,174.5,EMIRATES,0.7667,1424.3,512.5,117.1,44.5,1920,1080,0.251,1482.9,534.7
Round1,Q3,349,174.5,EMIRATES,0.7598,0.2,140.9,69.4,32.9,1920,1080,0.11,34.9,157.3
Round1,Q3,349,174.5,EMIRATES,0.5985,1812.1,541.0,20.1,62.9,1920,1080,0.061,1822.2,572.4
Round1,Q3,350,175.0,EMIRATES,0.9011,1096.8,120.4,134.9,38.4,1920,1080,0.25,1164.2,139.6
Round1,Q3,350,175.0,EMIRATES,0.8993,1604.4,129.9,137.9,40.8,1920,1080,0.271,1673.4,150.3
Round1,Q3,350,175.0,EMIRATES,0.8933,846.6,116.2,134.4,36.8,1920,1080,0.238,913.8,134.6
Round1,Q3,350,175.0,EMIRATES,0.8925,1353.2,125.7,128.4,38.3,1920,1080,0.237,1417.4,144.9
Round1,Q3,350,175.0,EMIRATES,0.891,467.4,451.3,144.1,44.1,1920,1080,0.306,539.4,473.3
Round1,Q3,350,175.0,EMIRATES,0.8879,603.6,111.4,123.1,36.3,1920,1080,0.216,665.1,129.5
Round1,Q3,350,175.0,EMIRATES,0.8796,737.8,463.9,137.5,46.7,1920,1080,0.31,806.6,487.3
Round1,Q3,350,175.0,EMIRATES,0.8708,1502.0,534.8,124.0,55.9,1920,1080,0.335,1564.0,562.8
Round1,Q3,350,175.0,EMIRATES,0.8656,1864.4,136.5,55.6,41.8,1920,1080,0.112,1892.2,157.4
Round1,Q3,350,175.0,EMIRATES,0.8534,179.9,439.8,154.1,43.7,1920,1080,0.324,256.9,461.6
Round1,Q3,350,175.0,EMIRATES,0.8451,999.8,481.8,124.7,50.1,1920,1080,0.301,1062.2,506.9
Round1,Q3,350,175.0,EMIRATES,0.8041,1253.6,508.6,131.1,48.1,1920,1080,0.304,1319.2,532.7
Round1,Q3,350,175.0,EMIRATES,0.7991,0.0,434.3,38.2,41.7,1920,1080,0.077,19.1,455.2
Round1,Q3,350,175.0,EMIRATES,0.785,1742.7,571.5,124.3,55.0,1920,1080,0.329,1804.8,599.0
Round1,Q3,350,175.0,EMIRATES,0.5341,1467.0,509.3,18.5,60.2,1920,1080,0.054,1476.3,539.3
Round1,Q3,350,175.0,EMIRATES,0.5074,1678.0,538.0,16.1,62.6,1920,1080,0.049,1686.1,569.3
Round1,Q3,350,175.0,EMIRATES,0.475,1678.2,606.2,15.2,59.9,1920,1080,0.044,1685.8,636.1
Round1,Q3,350,175.0,EMIRATES,0.4625,1109.5,514.9,15.9,54.4,1920,1080,0.042,1117.5,542.1
Round1,Q3,350,175.0,EMIRATES,0.4368,1469.3,574.6,15.5,57.1,1920,1080,0.043,1477.0,603.1
Round1,Q3,351,175.5,EMIRATES,0.8933,939.5,47.5,153.4,45.0,1920,1080,0.333,1016.2,70.0
Round1,Q3,351,175.5,EMIRATES,0.8932,1232.5,53.3,147.7,44.9,1920,1080,0.32,1306.4,75.8
Round1,Q3,351,175.5,EMIRATES,0.8914,1524.9,58.1,155.2,47.3,1920,1080,0.354,1602.5,81.8
Round1,Q3,351,175.5,EMIRATES,0.8843,644.4,41.0,157.3,44.6,1920,1080,0.338,723.0,63.3
Round1,Q3,351,175.5,EMIRATES,0.8763,356.5,32.7,146.8,45.5,1920,1080,0.322,429.9,55.4
Round1,Q3,351,175.5,EMIRATES,0.8747,1822.6,65.6,97.4,48.9,1920,1080,0.23,1871.3,90.1
Round1,Q3,351,175.5,EMIRATES,0.874,195.6,432.3,175.1,51.0,1920,1080,0.431,283.2,457.8
Round1,Q3,351,175.5,EMIRATES,0.872,520.2,446.9,159.8,53.5,1920,1080,0.413,600.1,473.6
Round1,Q3,351,175.5,EMIRATES,0.8576,1406.3,526.6,141.0,60.3,1920,1080,0.41,1476.8,556.8
Round1,Q3,351,175.5,EMIRATES,0.8531,827.1,466.9,145.5,56.2,1920,1080,0.395,899.9,495.1
Round1,Q3,351,175.5,EMIRATES,0.8253,1129.7,498.2,141.7,53.6,1920,1080,0.366,1200.5,525.0
Round1,Q3,351,175.5,EMIRATES,0.8196,1684.3,567.5,138.7,63.7,1920,1080,0.426,1753.7,599.4
Round1,Q3,351,175.5,EMIRATES,0.7443,0.0,421.5,36.5,49.3,1920,1080,0.087,18.2,446.2
Round1,Q3,351,175.5,EMIRATES,0.7121,1608.4,529.5,16.5,68.9,1920,1080,0.055,1616.7,564.0
Round1,Q3,351,175.5,EMIRATES,0.6823,1609.0,608.0,16.1,69.7,1920,1080,0.054,1617.0,642.8
Round1,Q3,351,175.5,EMIRATES,0.6393,1369.2,497.5,16.8,66.3,1920,1080,0.054,1377.6,530.6
Round1,Q3,351,175.5,EMIRATES,0.6281,954.8,505.0,16.0,63.1,1920,1080,0.049,962.8,536.5
Round1,Q3,351,175.5,EMIRATES,0.6079,1369.7,571.2,16.8,67.4,1920,1080,0.054,1378.0,604.9
Round1,Q3,351,175.5,EMIRATES,0.5062,1152.9,539.3,16.7,64.5,1920,1080,0.052,1161.3,571.6
Round1,Q3,351,175.5,EMIRATES,0.3262,952.9,437.1,18.3,61.7,1920,1080,0.054,962.0,468.0
Round1,Q3,352,176.0,EMIRATES,0.8864,295.2,416.2,194.3,60.7,1920,1080,0.569,392.3,446.6
Round1,Q3,352,176.0,EMIRATES,0.8714,665.9,440.2,171.0,63.7,1920,1080,0.525,751.4,472.0
Round1,Q3,352,176.0,EMIRATES,0.8633,1353.1,510.1,164.5,68.7,1920,1080,0.545,1435.3,544.4
Round1,Q3,352,176.0,EMIRATES,0.854,0.1,398.5,111.2,61.8,1920,1080,0.332,55.7,429.4
Round1,Q3,352,176.0,EMIRATES,0.8351,1678.8,558.5,166.8,67.4,1920,1080,0.542,1762.2,592.2
Round1,Q3,352,176.0,EMIRATES,0.7859,1591.9,603.9,18.5,83.9,1920,1080,0.075,1601.1,645.9
Round1,Q3,352,176.0,EMIRATES,0.7734,1591.5,513.1,18.3,82.5,1920,1080,0.073,1600.6,554.4
Round1,Q3,352,176.0,EMIRATES,0.7578,1053.9,522.2,17.5,77.4,1920,1080,0.065,1062.7,560.9
Round1,Q3,352,176.0,EMIRATES,0.7572,1052.2,439.4,18.4,79.8,1920,1080,0.071,1061.3,479.3
Round1,Q3,352,176.0,EMIRATES,0.7526,1309.8,474.8,17.7,80.6,1920,1080,0.069,1318.7,515.1
Round1,Q3,352,176.0,EMIRATES,0.7161,1310.1,562.6,18.4,78.2,1920,1080,0.069,1319.3,601.6
Round1,Q3,352,176.0,EMIRATES,0.7136,817.5,485.3,18.1,72.6,1920,1080,0.063,826.5,521.6
Round1,Q3,352,176.0,EMIRATES,0.6798,815.8,403.2,17.6,73.6,1920,1080,0.063,824.6,440.0
Round1,Q3,352,176.0,EMIRATES,0.5808,1022.1,475.6,169.6,64.3,1920,1080,0.526,1106.9,507.8
Round1,Q3,353,176.5,EMIRATES,0.872,163.3,404.5,213.4,67.2,1920,1080,0.692,270.0,438.1
Round1,Q3,353,176.5,EMIRATES,0.8653,571.4,431.6,181.0,65.3,1920,1080,0.57,661.9,464.3
Round1,Q3,353,176.5,EMIRATES,0.8616,1319.7,506.8,179.2,74.3,1920,1080,0.642,1409.3,543.9
Round1,Q3,353,176.5,EMIRATES,0.8487,1676.7,557.5,174.6,75.6,1920,1080,0.637,1764.0,595.3
Round1,Q3,353,176.5,EMIRATES,0.8114,961.1,468.1,182.0,67.2,1920,1080,0.589,1052.1,501.7
Round1,Q3,353,176.5,EMIRATES,0.7954,1579.9,507.8,19.1,88.0,1920,1080,0.081,1589.5,551.8
Round1,Q3,353,176.5,EMIRATES,0.7726,737.8,478.1,17.7,80.2,1920,1080,0.069,746.7,518.1
Round1,Q3,353,176.5,EMIRATES,0.7698,1579.8,606.3,20.0,91.1,1920,1080,0.088,1589.8,651.9
Round1,Q3,353,176.5,EMIRATES,0.7616,1273.4,465.7,18.8,88.9,1920,1080,0.081,1282.8,510.1
Round1,Q3,353,176.5,EMIRATES,0.7612,736.3,390.4,16.9,78.6,1920,1080,0.064,744.8,429.7
Round1,Q3,353,176.5,EMIRATES,0.7282,995.2,520.2,19.0,82.7,1920,1080,0.076,1004.7,561.5
Round1,Q3,353,176.5,EMIRATES,0.7274,993.4,428.6,19.6,86.5,1920,1080,0.082,1003.2,471.9
Round1,Q3,353,176.5,EMIRATES,0.7011,1274.1,560.1,19.1,87.1,1920,1080,0.08,1283.6,603.6
Round1,Q3,354,177.0,EMIRATES,0.8697,502.7,422.5,194.9,67.8,1920,1080,0.637,600.2,456.3
Round1,Q3,354,177.0,EMIRATES,0.8676,1306.4,502.3,188.0,79.6,1920,1080,0.721,1400.4,542.1
Round1,Q3,354,177.0,EMIRATES,0.8621,1681.9,555.3,189.4,82.4,1920,1080,0.753,1776.6,596.5
Round1,Q3,354,177.0,EMIRATES,0.852,61.9,391.7,230.4,71.1,1920,1080,0.79,177.1,427.2
Round1,Q3,354,177.0,EMIRATES,0.8127,925.2,459.3,187.2,71.1,1920,1080,0.642,1018.8,494.8
Round1,Q3,354,177.0,EMIRATES,0.7941,1580.2,502.0,19.9,94.0,1920,1080,0.09,1590.1,549.0
Round1,Q3,354,177.0,EMIRATES,0.7805,1580.5,608.8,20.9,97.0,1920,1080,0.098,1591.0,657.3
Round1,Q3,354,177.0,EMIRATES,0.763,1253.1,559.0,21.4,93.2,1920,1080,0.096,1263.9,605.6
Round1,Q3,354,177.0,EMIRATES,0.7623,953.9,416.5,20.5,95.3,1920,1080,0.094,964.1,464.2
Round1,Q3,354,177.0,EMIRATES,0.7505,1252.0,457.9,22.0,93.2,1920,1080,0.099,1263.0,504.5
Round1,Q3,354,177.0,EMIRATES,0.7369,680.5,470.3,19.7,86.1,1920,1080,0.082,690.3,513.3
Round1,Q3,354,177.0,EMIRATES,0.6938,678.3,377.1,18.1,85.3,1920,1080,0.074,687.3,419.7
Round1,Q3,357,178.5,EMIRATES,0.3825,123.7,1058.8,208.9,20.3,1920,1080,0.205,228.1,1069.0
Round1,Q3,363,181.5,EMIRATES,0.8925,1042.4,433.6,76.0,50.0,1920,1080,0.183,1080.4,458.5
Round1,Q3,364,182.0,EMIRATES,0.8763,1083.4,513.3,108.8,67.3,1920,1080,0.353,1137.8,547.0
Round1,Q3,365,182.5,EMIRATES,0.8992,1080.1,468.9,141.9,51.8,1920,1080,0.354,1151.0,494.8
Round1,Q3,366,183.0,EMIRATES,0.9085,993.6,524.2,140.1,49.9,1920,1080,0.337,1063.6,549.1
Round1,Q3,367,183.5,EMIRATES,0.8899,994.6,496.6,138.9,51.8,1920,1080,0.347,1064.1,522.5
Round1,Q3,368,184.0,CYBERCX,0.3845,871.5,125.3,30.4,6.1,1920,1080,0.009,886.7,128.4
Round1,Q3,369,184.5,ACCESS_COVERS,0.6208,925.2,116.3,37.2,7.1,1920,1080,0.013,943.8,119.8
Round1,Q3,369,184.5,CYBERCX,0.3796,889.9,115.6,32.1,7.4,1920,1080,0.011,905.9,119.3
Round1,Q3,370,185.0,CYBERCX,0.625,913.9,111.3,32.6,6.9,1920,1080,0.011,930.2,114.8
Round1,Q3,370,185.0,ACCESS_COVERS,0.4919,950.9,111.0,37.1,7.6,1920,1080,0.014,969.5,114.8
Round1,Q3,371,185.5,ACCESS_COVERS,0.7238,992.5,109.7,35.5,7.5,1920,1080,0.013,1010.2,113.5
Round1,Q3,371,185.5,CYBERCX,0.5787,955.4,109.9,32.7,7.3,1920,1080,0.011,971.7,113.5
Round1,Q3,372,186.0,ACCESS_COVERS,0.6533,1039.2,110.0,35.3,7.3,1920,1080,0.012,1056.8,113.6
Round1,Q3,372,186.0,CYBERCX,0.4945,1002.4,110.0,31.1,7.2,1920,1080,0.011,1018.0,113.6
Round1,Q3,373,186.5,ACCESS_COVERS,0.6632,1069.6,109.4,36.0,7.3,1920,1080,0.013,1087.6,113.0
Round1,Q3,373,186.5,CYBERCX,0.6175,1032.4,109.9,33.2,6.9,1920,1080,0.011,1049.0,113.4
Round1,Q3,374,187.0,ACCESS_COVERS,0.6367,1092.3,110.1,35.7,6.9,1920,1080,0.012,1110.2,113.5
Round1,Q3,374,187.0,CYBERCX,0.5137,1055.4,110.0,33.2,7.0,1920,1080,0.011,1072.1,113.5
Round1,Q3,375,187.5,ACCESS_COVERS,0.6841,1104.5,110.1,34.8,7.0,1920,1080,0.012,1121.8,113.6
Round1,Q3,375,187.5,CYBERCX,0.6628,1066.3,109.9,33.1,7.5,1920,1080,0.012,1082.8,113.7
Round1,Q3,376,188.0,ACCESS_COVERS,0.7263,1106.7,109.8,35.5,7.2,1920,1080,0.012,1124.5,113.4
Round1,Q3,376,188.0,CYBERCX,0.6173,1069.0,110.3,32.2,7.2,1920,1080,0.011,1085.1,113.9
Round1,Q3,377,188.5,ACCESS_COVERS,0.7595,1105.8,111.3,35.7,7.2,1920,1080,0.012,1123.6,114.9
Round1,Q3,377,188.5,CYBERCX,0.6427,1069.5,111.1,31.3,7.1,1920,1080,0.011,1085.2,114.6
Round1,Q3,378,189.0,ACCESS_COVERS,0.6908,1106.2,114.1,35.3,7.5,1920,1080,0.013,1123.8,117.9
Round1,Q3,378,189.0,CYBERCX,0.6683,1068.1,113.6,32.8,7.4,1920,1080,0.012,1084.5,117.3
Round1,Q3,379,189.5,ACCESS_COVERS,0.5914,1099.5,121.6,35.2,7.4,1920,1080,0.013,1117.1,125.3
Round1,Q3,379,189.5,CYBERCX,0.5738,1062.3,121.9,31.9,7.4,1920,1080,0.011,1078.2,125.6
Round1,Q3,380,190.0,ACCESS_COVERS,0.3179,950.9,176.8,38.1,9.2,1920,1080,0.017,970.0,181.4
Round1,Q3,381,190.5,ACCESS_COVERS,0.575,789.2,228.8,37.7,7.1,1920,1080,0.013,808.1,232.3
Round1,Q3,382,191.0,ACCESS_COVERS,0.7419,710.3,251.2,39.9,7.6,1920,1080,0.015,730.2,255.0
Round1,Q3,382,191.0,CYBERCX,0.6584,669.6,250.9,35.9,7.8,1920,1080,0.013,687.5,254.8
Round1,Q3,383,191.5,ACCESS_COVERS,0.8032,657.4,249.8,42.3,8.4,1920,1080,0.017,678.5,254.0
Round1,Q3,383,191.5,CYBERCX,0.6307,612.9,248.5,39.4,9.5,1920,1080,0.018,632.6,253.3
Round1,Q3,384,192.0,ACCESS_COVERS,0.7236,573.8,234.6,46.4,9.1,1920,1080,0.02,597.0,239.1
Round1,Q3,384,192.0,CYBERCX,0.498,523.0,233.7,43.8,9.0,1920,1080,0.019,545.0,238.2
Round1,Q3,385,192.5,ACCESS_COVERS,0.7657,490.4,205.5,51.2,10.3,1920,1080,0.026,516.0,210.7
Round1,Q3,386,193.0,EMIRATES,0.8387,1047.2,413.7,34.0,26.3,1920,1080,0.043,1064.3,426.9
Round1,Q3,386,193.0,EMIRATES,0.8179,333.8,958.0,89.8,25.9,1920,1080,0.112,378.7,970.9
Round1,Q3,387,193.5,EMIRATES,0.8543,1140.1,392.5,33.3,19.7,1920,1080,0.032,1156.7,402.3
Round1,Q3,387,193.5,EMIRATES,0.7852,1501.1,223.3,77.8,24.9,1920,1080,0.093,1539.9,235.7
Round1,Q3,388,194.0,EMIRATES,0.859,1137.5,297.9,35.8,13.9,1920,1080,0.024,1155.4,304.9
Round1,Q3,388,194.0,EMIRATES,0.5692,370.1,271.7,62.0,19.5,1920,1080,0.058,401.1,281.5
Round1,Q3,389,194.5,EMIRATES,0.8939,1193.4,354.8,50.1,20.5,1920,1080,0.049,1218.4,365.0
Round1,Q3,389,194.5,EMIRATES,0.7224,1585.6,588.7,47.6,20.2,1920,1080,0.046,1609.4,598.8
Round1,Q3,390,195.0,ACCESS_COVERS,0.8282,740.5,31.1,124.7,30.6,1920,1080,0.184,802.9,46.3
Round1,Q3,391,195.5,ACCESS_COVERS,0.8096,821.3,55.6,118.5,28.6,1920,1080,0.164,880.5,69.9
Round1,Q3,392,196.0,ACCESS_COVERS,0.8074,937.3,86.5,115.0,28.6,1920,1080,0.158,994.8,100.7
Round1,Q3,393,196.5,ACCESS_COVERS,0.8006,1090.8,111.4,113.8,27.7,1920,1080,0.152,1147.7,125.3
Round1,Q3,394,197.0,ACCESS_COVERS,0.7908,1241.5,110.1,116.1,27.8,1920,1080,0.155,1299.6,124.0
Round1,Q3,395,197.5,ACCESS_COVERS,0.8062,1392.6,111.7,127.2,30.0,1920,1080,0.184,1456.2,126.7
Round1,Q3,396,198.0,ACCESS_COVERS,0.7955,1535.1,117.6,130.0,30.3,1920,1080,0.19,1600.1,132.8
Round1,Q3,397,198.5,ACCESS_COVERS,0.7874,1680.8,118.5,141.1,33.1,1920,1080,0.225,1751.4,135.1
Round1,Q3,398,199.0,ACCESS_COVERS,0.7359,1858.3,122.7,61.5,32.0,1920,1080,0.095,1889.0,138.7
Round1,Q3,405,202.5,EMIRATES,0.7977,931.2,363.5,57.7,25.0,1920,1080,0.07,960.1,376.0
Round1,Q3,410,205.0,EMIRATES,0.8172,1121.0,433.4,35.1,17.0,1920,1080,0.029,1138.5,441.9
Round1,Q3,417,208.5,EMIRATES,0.8919,1020.1,587.6,163.5,49.0,1920,1080,0.386,1101.9,612.1
Round1,Q3,418,209.0,EMIRATES,0.7879,1130.3,579.6,97.1,49.6,1920,1080,0.232,1178.9,604.4
Round1,Q3,419,209.5,EMIRATES,0.904,1026.0,502.0,150.1,49.6,1920,1080,0.359,1101.0,526.8
Round1,Q3,420,210.0,EMIRATES,0.9075,987.4,527.5,149.7,49.6,1920,1080,0.358,1062.3,552.3
Round1,Q3,421,210.5,EMIRATES,0.9055,945.9,537.8,150.6,49.5,1920,1080,0.36,1021.2,562.6
Round1,Q3,422,211.0,EMIRATES,0.8107,1040.1,534.1,153.9,52.6,1920,1080,0.39,1117.0,560.4
Round1,Q3,437,218.5,EMIRATES,0.7892,337.0,145.8,71.8,19.7,1920,1080,0.068,372.9,155.7
Round1,Q3,437,218.5,EMIRATES,0.738,1201.0,383.4,22.1,23.5,1920,1080,0.025,1212.1,395.1
Round1,Q3,438,219.0,EMIRATES,0.8322,1215.4,134.4,69.3,23.9,1920,1080,0.08,1250.1,146.3
Round1,Q3,439,219.5,EMIRATES,0.8213,633.8,81.7,77.2,22.5,1920,1080,0.084,672.4,93.0
Round1,Q3,439,219.5,EMIRATES,0.3165,1142.0,404.6,28.8,24.1,1920,1080,0.034,1156.4,416.7
Round1,Q3,440,220.0,EMIRATES,0.8719,970.1,346.2,60.6,24.0,1920,1080,0.07,1000.4,358.1
Round1,Q3,441,220.5,EMIRATES,0.8726,968.7,232.6,58.3,23.6,1920,1080,0.066,997.9,244.4
Round1,Q3,442,221.0,EMIRATES,0.6649,963.5,244.3,27.9,20.1,1920,1080,0.027,977.4,254.3
Round1,Q3,443,221.5,EMIRATES,0.327,911.4,318.9,14.0,19.9,1920,1080,0.013,918.5,328.8
Round1,Q3,451,225.5,EMIRATES,0.8319,1451.8,880.5,55.6,22.2,1920,1080,0.06,1479.6,891.6
Round1,Q3,452,226.0,EMIRATES,0.8417,1551.5,250.0,54.2,21.7,1920,1080,0.057,1578.7,260.9
Round1,Q3,452,226.0,EMIRATES,0.8375,1781.2,899.6,83.5,21.3,1920,1080,0.086,1823.0,910.3
Round1,Q3,458,229.0,ACCESS_COVERS,0.3336,1560.8,261.8,44.8,8.3,1920,1080,0.018,1583.2,265.9
Round1,Q3,461,230.5,ACCESS_COVERS,0.5351,1610.2,272.7,46.4,9.3,1920,1080,0.021,1633.4,277.4
Round1,Q3,467,233.5,ACCESS_COVERS,0.3593,1567.2,286.6,44.3,8.0,1920,1080,0.017,1589.4,290.6
Round1,Q3,468,234.0,ACCESS_COVERS,0.4063,1545.4,293.1,40.5,7.7,1920,1080,0.015,1565.7,296.9
Round1,Q3,472,236.0,ACCESS_COVERS,0.4039,1535.3,276.9,44.8,8.2,1920,1080,0.018,1557.7,281.0
Round1,Q3,475,237.5,ACCESS_COVERS,0.3965,1621.0,250.7,47.9,8.5,1920,1080,0.02,1644.9,255.0
Round1,Q3,477,238.5,ACCESS_COVERS,0.3432,1735.8,255.8,48.6,9.4,1920,1080,0.022,1760.1,260.5
Round1,Q3,478,239.0,ACCESS_COVERS,0.5426,1756.1,260.4,50.6,9.2,1920,1080,0.023,1781.4,265.1
Round1,Q3,479,239.5,ACCESS_COVERS,0.4646,1774.6,263.6,49.9,8.7,1920,1080,0.021,1799.5,267.9
Round1,Q3,482,241.0,EMIRATES,0.8641,646.6,466.4,73.0,23.7,1920,1080,0.084,683.1,478.3
Round1,Q3,483,241.5,EMIRATES,0.8707,1085.7,393.4,58.6,28.1,1920,1080,0.079,1115.1,407.4
Round1,Q3,492,246.0,EMIRATES,0.7067,667.0,826.3,191.8,59.0,1920,1080,0.546,762.9,855.8
Round1,Q3,493,246.5,EMIRATES,0.7895,1280.0,859.0,184.1,52.5,1920,1080,0.466,1372.0,885.3
Round1,Q3,494,247.0,EMIRATES,0.3191,1755.2,649.1,164.8,69.7,1920,1080,0.554,1837.6,683.9
Round1,Q3,495,247.5,EMIRATES,0.8491,1647.9,503.7,64.6,40.4,1920,1080,0.126,1680.2,523.9
Round1,Q3,502,251.0,EMIRATES,0.8019,1616.3,447.5,32.5,22.4,1920,1080,0.035,1632.5,458.7
Round1,Q3,502,251.0,EMIRATES,0.7562,1190.6,649.9,40.1,17.8,1920,1080,0.034,1210.7,658.8
Round1,Q3,503,251.5,EMIRATES,0.8574,1703.1,411.9,48.6,16.9,1920,1080,0.04,1727.4,420.3
Round1,Q3,506,253.0,ACCESS_COVERS,0.7766,1771.4,167.4,148.2,51.5,1920,1080,0.368,1845.5,193.1
Round1,Q3,507,253.5,ACCESS_COVERS,0.802,1691.6,152.0,213.6,48.1,1920,1080,0.496,1798.4,176.1
Round1,Q3,508,254.0,ACCESS_COVERS,0.8091,1548.4,154.6,207.8,47.2,1920,1080,0.473,1652.3,178.2
Round1,Q3,509,254.5,ACCESS_COVERS,0.7831,1459.7,165.7,197.7,43.8,1920,1080,0.418,1558.5,187.7
Round1,Q3,510,255.0,ACCESS_COVERS,0.7989,1444.6,177.1,190.7,45.5,1920,1080,0.418,1540.0,199.8
Round1,Q3,511,255.5,ACCESS_COVERS,0.799,1365.4,190.0,182.9,43.8,1920,1080,0.386,1456.8,211.9
Round1,Q3,512,256.0,ACCESS_COVERS,0.7899,1218.1,212.0,172.3,40.1,1920,1080,0.333,1304.2,232.0
Round1,Q3,513,256.5,ACCESS_COVERS,0.7791,1028.6,236.5,167.7,38.4,1920,1080,0.311,1112.5,255.7
Round1,Q3,514,257.0,ACCESS_COVERS,0.7675,813.0,266.4,166.1,34.9,1920,1080,0.28,896.0,283.8
Round1,Q3,515,257.5,ACCESS_COVERS,0.7756,598.7,274.3,157.9,38.3,1920,1080,0.292,677.6,293.5
Round1,Q3,516,258.0,ACCESS_COVERS,0.8065,372.6,267.6,165.1,37.3,1920,1080,0.297,455.2,286.3
Round1,Q3,517,258.5,ACCESS_COVERS,0.7596,187.6,263.5,169.2,38.3,1920,1080,0.312,272.2,282.6
Round1,Q3,518,259.0,ACCESS_COVERS,0.7696,72.0,266.6,179.5,37.9,1920,1080,0.328,161.7,285.5
Round1,Q3,519,259.5,ACCESS_COVERS,0.7845,117.8,275.5,172.2,38.7,1920,1080,0.321,203.9,294.9
Round1,Q3,520,260.0,ACCESS_COVERS,0.7746,154.8,282.4,167.9,35.9,1920,1080,0.291,238.7,300.3
Round1,Q3,521,260.5,ACCESS_COVERS,0.7782,117.2,287.1,159.9,34.6,1920,1080,0.267,197.1,304.4
Round1,Q3,522,261.0,ACCESS_COVERS,0.7877,1.7,302.6,150.0,33.8,1920,1080,0.245,76.7,319.5
Round1,Q3,525,262.5,EMIRATES,0.7713,114.6,157.3,33.1,16.2,1920,1080,0.026,131.2,165.4
Round1,Q3,526,263.0,EMIRATES,0.8947,468.0,154.1,43.1,18.4,1920,1080,0.038,489.6,163.3
Round1,Q3,526,263.0,EMIRATES,0.8682,1444.2,468.8,50.1,22.1,1920,1080,0.054,1469.3,479.9
Round1,Q3,526,263.0,EMIRATES,0.8351,554.4,377.5,36.7,20.8,1920,1080,0.037,572.7,387.9
Round1,Q3,527,263.5,EMIRATES,0.8609,957.1,401.9,50.0,19.6,1920,1080,0.047,982.1,411.7
Round1,Q3,527,263.5,EMIRATES,0.7893,928.8,196.5,40.8,20.2,1920,1080,0.04,949.2,206.6
Round1,Q3,527,263.5,EMIRATES,0.736,1589.5,376.5,23.0,21.1,1920,1080,0.023,1601.0,387.0
Round1,Q3,528,264.0,EMIRATES,0.8951,1636.8,365.2,51.9,21.1,1920,1080,0.053,1662.7,375.7
Round1,Q3,531,265.5,EMIRATES,0.6574,318.5,236.3,25.3,116.0,1920,1080,0.141,331.2,294.3
Round1,Q3,531,265.5,EMIRATES,0.6022,953.1,897.1,30.9,9.8,1920,1080,0.015,968.6,902.0
Round1,Q3,531,265.5,EMIRATES,0.4574,685.1,89.9,20.5,108.1,1920,1080,0.107,695.4,143.9
Round1,Q3,531,265.5,EMIRATES,0.4016,313.7,113.0,27.1,110.7,1920,1080,0.145,327.3,168.4
Round1,Q3,531,265.5,EMIRATES,0.369,688.2,216.0,20.5,101.8,1920,1080,0.101,698.5,266.9
Round1,Q3,532,266.0,EMIRATES,0.628,784.0,213.3,14.9,85.3,1920,1080,0.061,791.5,256.0
Round1,Q3,532,266.0,EMIRATES,0.5013,475.4,337.8,17.6,92.4,1920,1080,0.078,484.2,384.0
Round1,Q3,532,266.0,EMIRATES,0.4114,508.0,473.4,36.5,20.0,1920,1080,0.035,526.2,483.4
Round1,Q3,532,266.0,EMIRATES,0.4103,128.3,251.8,24.9,208.2,1920,1080,0.25,140.8,355.9
Round1,Q3,532,266.0,EMIRATES,0.3838,783.6,308.6,15.0,94.5,1920,1080,0.069,791.2,355.8
Round1,Q3,533,266.5,EMIRATES,0.7731,230.9,386.2,18.7,87.7,1920,1080,0.079,240.2,430.1
Round1,Q3,533,266.5,EMIRATES,0.5308,784.1,345.8,13.3,80.7,1920,1080,0.052,790.7,386.2
Round1,Q3,533,266.5,EMIRATES,0.4718,783.9,260.0,14.0,75.3,1920,1080,0.051,790.9,297.6
Round1,Q3,533,266.5,EMIRATES,0.3571,521.6,366.9,15.0,80.5,1920,1080,0.058,529.0,407.2
Round1,Q3,534,267.0,EMIRATES,0.7711,354.9,424.1,16.0,74.4,1920,1080,0.058,362.9,461.3
Round1,Q3,534,267.0,EMIRATES,0.5145,80.1,443.3,15.4,79.6,1920,1080,0.059,87.8,483.1
Round1,Q3,534,267.0,EMIRATES,0.4684,600.9,406.0,13.8,72.3,1920,1080,0.048,607.8,442.2
Round1,Q3,535,267.5,EMIRATES,0.6156,447.0,458.3,14.3,69.1,1920,1080,0.048,454.2,492.8
Round1,Q3,535,267.5,EMIRATES,0.5517,205.0,476.4,14.0,71.0,1920,1080,0.048,212.0,511.9
Round1,Q3,535,267.5,EMIRATES,0.4136,662.6,441.6,13.5,67.5,1920,1080,0.044,669.4,475.3
Round1,Q3,536,268.0,EMIRATES,0.3803,510.9,488.9,13.9,65.8,1920,1080,0.044,517.8,521.8
Round1,Q3,536,268.0,EMIRATES,0.3088,289.6,508.1,13.0,65.6,1920,1080,0.041,296.1,540.9
Round1,Q3,539,269.5,JAMESON,0.8093,871.1,19.0,90.7,19.2,1920,1080,0.084,916.4,28.6
Round1,Q3,539,269.5,JAMESON,0.7815,660.8,12.3,92.9,20.1,1920,1080,0.09,707.3,22.4
Round1,Q3,539,269.5,JAMESON,0.7608,769.1,16.1,92.4,19.0,1920,1080,0.085,815.3,25.6
Round1,Q3,540,270.0,JAMESON,0.7893,872.4,35.8,88.5,18.6,1920,1080,0.079,916.6,45.1
Round1,Q3,540,270.0,JAMESON,0.7729,773.2,33.0,89.6,18.6,1920,1080,0.08,818.0,42.2
Round1,Q3,540,270.0,JAMESON,0.7636,671.0,28.6,89.3,19.5,1920,1080,0.084,715.7,38.3
Round1,Q3,541,270.5,JAMESON,0.7973,869.0,39.2,86.9,18.4,1920,1080,0.077,912.5,48.4
Round1,Q3,541,270.5,JAMESON,0.7793,666.6,33.6,87.1,18.3,1920,1080,0.077,710.1,42.7
Round1,Q3,541,270.5,JAMESON,0.777,771.3,36.6,86.0,18.5,1920,1080,0.077,814.3,45.8
Round1,Q3,542,271.0,JAMESON,0.789,664.3,35.8,88.6,18.7,1920,1080,0.08,708.6,45.2
Round1,Q3,542,271.0,JAMESON,0.7696,865.7,41.9,85.5,18.1,1920,1080,0.075,908.4,51.0
Round1,Q3,542,271.0,JAMESON,0.7658,767.0,39.2,86.8,17.3,1920,1080,0.073,810.4,47.9
Round1,Q3,543,271.5,JAMESON,0.7913,859.4,38.8,85.9,18.2,1920,1080,0.075,902.4,47.9
Round1,Q3,543,271.5,JAMESON,0.7822,658.1,32.0,90.5,18.9,1920,1080,0.082,703.3,41.5
Round1,Q3,543,271.5,JAMESON,0.7547,761.6,36.4,85.6,17.9,1920,1080,0.074,804.4,45.4
Round1,Q3,544,272.0,JAMESON,0.7971,827.8,15.2,84.0,18.0,1920,1080,0.073,869.8,24.2
Round1,Q3,544,272.0,JAMESON,0.7847,624.6,7.9,89.5,20.1,1920,1080,0.087,669.3,18.0
Round1,Q3,544,272.0,JAMESON,0.7757,729.6,12.1,86.0,18.4,1920,1080,0.077,772.6,21.4
Round1,Q3,546,273.0,JAMESON,0.8019,698.6,5.5,84.8,17.8,1920,1080,0.073,741.0,14.4
Round1,Q3,546,273.0,JAMESON,0.7858,598.9,2.2,85.6,16.9,1920,1080,0.07,641.7,10.6
Round1,Q3,546,273.0,JAMESON,0.5046,490.8,0.5,87.2,15.0,1920,1080,0.063,534.4,8.0
Round1,Q3,547,273.5,JAMESON,0.8044,448.0,17.7,87.9,19.6,1920,1080,0.083,492.0,27.5
Round1,Q3,547,273.5,JAMESON,0.7921,649.7,26.7,87.9,18.5,1920,1080,0.078,693.7,36.0
Round1,Q3,547,273.5,JAMESON,0.7811,549.0,22.6,89.1,19.0,1920,1080,0.082,593.6,32.1
Round1,Q3,548,274.0,JAMESON,0.765,423.8,71.9,97.1,20.6,1920,1080,0.096,472.3,82.2
Round1,Q3,548,274.0,JAMESON,0.7516,532.6,77.6,93.4,19.5,1920,1080,0.088,579.3,87.4
Round1,Q3,548,274.0,JAMESON,0.7446,638.7,80.9,87.8,20.7,1920,1080,0.088,682.7,91.3
Round1,Q3,549,274.5,JAMESON,0.7953,499.3,138.1,109.7,26.7,1920,1080,0.141,554.2,151.4
Round1,Q3,549,274.5,JAMESON,0.7803,743.2,147.6,100.5,25.4,1920,1080,0.123,793.5,160.3
Round1,Q3,549,274.5,JAMESON,0.7393,623.8,143.6,105.7,23.0,1920,1080,0.117,676.7,155.1
Round1,Q3,550,275.0,JAMESON,0.8051,638.2,254.5,117.4,25.1,1920,1080,0.142,696.9,267.1
Round1,Q3,550,275.0,JAMESON,0.7777,903.5,260.9,113.6,25.6,1920,1080,0.14,960.2,273.7
Round1,Q3,550,275.0,JAMESON,0.7641,775.6,258.1,114.5,24.2,1920,1080,0.133,832.8,270.1
Round1,Q3,551,275.5,JAMESON,0.8187,999.9,312.7,131.9,27.8,1920,1080,0.177,1065.9,326.5
Round1,Q3,551,275.5,JAMESON,0.782,681.2,304.6,132.8,28.2,1920,1080,0.181,747.6,318.8
Round1,Q3,551,275.5,JAMESON,0.7705,846.1,308.9,127.4,28.0,1920,1080,0.172,909.8,322.8
Round1,Q3,552,276.0,JAMESON,0.8055,903.5,199.0,148.8,31.7,1920,1080,0.228,978.0,214.9
Round1,Q3,552,276.0,JAMESON,0.793,729.0,196.8,147.0,29.3,1920,1080,0.208,802.5,211.5
Round1,Q3,552,276.0,JAMESON,0.7834,1071.6,203.8,152.4,31.4,1920,1080,0.231,1147.8,219.5
Round1,Q3,553,276.5,EMIRATES,0.7126,979.4,900.2,20.1,85.6,1920,1080,0.083,989.5,943.0
Round1,Q3,553,276.5,EMIRATES,0.3451,1294.1,877.0,22.7,99.8,1920,1080,0.109,1305.5,926.9
Round1,Q3,554,277.0,EMIRATES,0.6399,1155.8,852.5,34.3,136.4,1920,1080,0.226,1172.9,920.7
Round1,Q3,554,277.0,EMIRATES,0.5111,1671.0,822.9,43.4,158.2,1920,1080,0.331,1692.7,902.0
Round1,Q3,554,277.0,EMIRATES,0.3093,0.0,924.6,17.1,153.5,1920,1080,0.127,8.6,1001.4
Round1,Q3,556,278.0,EMIRATES,0.7219,1824.4,43.0,65.6,351.3,1920,1080,1.112,1857.2,218.7
Round1,Q3,556,278.0,EMIRATES,0.7033,673.2,137.8,57.9,332.3,1920,1080,0.929,702.2,304.0
Round1,Q3,556,278.0,EMIRATES,0.6945,1824.4,412.8,61.5,331.7,1920,1080,0.984,1855.1,578.6
Round1,Q3,556,278.0,EMIRATES,0.6525,678.4,508.2,53.0,331.9,1920,1080,0.848,704.9,674.1
Round1,Q3,556,278.0,EMIRATES,0.6014,1829.2,797.4,51.4,17.5,1920,1080,0.043,1854.9,806.1
Round1,Q3,560,280.0,EMIRATES,0.5638,1467.9,191.2,44.6,45.6,1920,1080,0.098,1490.2,214.0
Round1,Q3,561,280.5,EMIRATES,0.4863,1677.5,218.0,212.8,712.7,1920,1080,7.313,1783.8,574.3
Round1,Q3,561,280.5,EMIRATES,0.472,1665.6,2.8,138.8,362.2,1920,1080,2.426,1735.0,183.9
Round1,Q3,611,305.5,ACCESS_COVERS,0.4536,0.0,373.1,21.4,23.7,1920,1080,0.025,10.7,385.0
Round1,Q3,612,306.0,ACCESS_COVERS,0.4864,0.0,363.4,19.6,24.4,1920,1080,0.023,9.8,375.6
Round1,Q3,616,308.0,EMIRATES,0.5293,1721.1,468.7,16.9,99.6,1920,1080,0.081,1729.6,518.5
Round1,Q3,616,308.0,EMIRATES,0.3623,1880.0,492.4,19.3,104.5,1920,1080,0.097,1889.7,544.7
Round1,Q3,617,308.5,EMIRATES,0.4561,1629.2,537.4,19.8,104.1,1920,1080,0.099,1639.1,589.4
Round1,Q3,617,308.5,EMIRATES,0.4139,1803.9,565.1,19.8,111.2,1920,1080,0.106,1813.8,620.7
Round1,Q3,617,308.5,EMIRATES,0.3489,1471.9,513.9,17.6,102.1,1920,1080,0.087,1480.7,565.0
Round1,Q3,618,309.0,EMIRATES,0.6921,1344.2,599.1,18.0,79.3,1920,1080,0.069,1353.1,638.7
Round1,Q3,618,309.0,EMIRATES,0.532,1720.6,650.6,18.0,121.7,1920,1080,0.106,1729.6,711.4
Round1,Q3,618,309.0,EMIRATES,0.5018,1521.7,632.6,19.1,105.6,1920,1080,0.097,1531.3,685.4
Round1,Q3,619,309.5,EMIRATES,0.7267,1523.9,739.5,15.5,62.5,1920,1080,0.047,1531.7,770.7
Round1,Q3,619,309.5,EMIRATES,0.6044,1132.7,618.1,18.2,118.3,1920,1080,0.104,1141.8,677.3
Round1,Q3,619,309.5,EMIRATES,0.4891,1318.1,646.6,17.4,119.8,1920,1080,0.1,1326.8,706.5
Round1,Q3,619,309.5,EMIRATES,0.3805,1522.4,668.4,18.0,70.7,1920,1080,0.061,1531.4,703.7
Round1,Q3,620,310.0,EMIRATES,0.7782,1190.4,643.2,15.2,64.8,1920,1080,0.047,1198.0,675.6
Round1,Q3,620,310.0,EMIRATES,0.7631,1417.0,747.2,14.2,68.4,1920,1080,0.047,1424.0,781.3
Round1,Q3,620,310.0,EMIRATES,0.7488,985.0,615.3,14.6,61.1,1920,1080,0.043,992.3,645.9
Round1,Q3,620,310.0,EMIRATES,0.7243,1191.5,711.6,15.5,65.5,1920,1080,0.049,1199.3,744.4
Round1,Q3,620,310.0,EMIRATES,0.6834,985.5,680.9,15.1,64.3,1920,1080,0.047,993.0,713.0
Round1,Q3,620,310.0,EMIRATES,0.6303,1417.0,672.8,14.2,69.9,1920,1080,0.048,1424.1,707.7
Round1,Q3,620,310.0,EMIRATES,0.4303,795.2,643.5,15.7,70.1,1920,1080,0.053,803.0,678.6
Round1,Q3,620,310.0,EMIRATES,0.336,794.5,585.4,15.2,47.3,1920,1080,0.035,802.0,609.1
Round1,Q3,621,310.5,EMIRATES,0.7967,1122.7,705.0,17.2,75.1,1920,1080,0.062,1131.3,742.6
Round1,Q3,621,310.5,EMIRATES,0.7781,1122.0,623.0,16.7,73.5,1920,1080,0.059,1130.3,659.8
Round1,Q3,621,310.5,EMIRATES,0.7747,882.3,666.7,17.1,74.5,1920,1080,0.062,890.8,703.9
Round1,Q3,621,310.5,EMIRATES,0.7727,1385.7,744.1,16.6,77.7,1920,1080,0.062,1394.0,783.0
Round1,Q3,621,310.5,EMIRATES,0.7621,881.7,591.4,16.4,70.9,1920,1080,0.056,889.9,626.9
Round1,Q3,621,310.5,EMIRATES,0.7552,1385.2,658.3,15.9,78.4,1920,1080,0.06,1393.2,697.5
Round1,Q3,621,310.5,EMIRATES,0.7371,658.6,557.4,15.9,62.1,1920,1080,0.047,666.5,588.4
Round1,Q3,621,310.5,EMIRATES,0.7314,659.5,625.4,16.6,79.9,1920,1080,0.064,667.8,665.4
Round1,Q3,622,311.0,EMIRATES,0.7999,1402.8,725.8,19.3,91.3,1920,1080,0.085,1412.5,771.5
Round1,Q3,622,311.0,EMIRATES,0.7961,1402.1,624.5,18.7,92.0,1920,1080,0.083,1411.4,670.6
Round1,Q3,622,311.0,EMIRATES,0.7943,1092.9,583.9,18.2,87.8,1920,1080,0.077,1102.0,627.8
Round1,Q3,622,311.0,EMIRATES,0.7936,809.8,545.2,18.2,84.0,1920,1080,0.074,818.9,587.2
Round1,Q3,622,311.0,EMIRATES,0.7909,545.3,508.8,18.1,80.6,1920,1080,0.07,554.3,549.1
Round1,Q3,622,311.0,EMIRATES,0.7896,810.1,637.3,18.8,86.9,1920,1080,0.079,819.5,680.8
Round1,Q3,622,311.0,EMIRATES,0.7851,1093.7,678.3,19.5,89.2,1920,1080,0.084,1103.5,722.9
Round1,Q3,622,311.0,EMIRATES,0.7835,546.2,594.9,19.1,84.5,1920,1080,0.078,555.8,637.2
Round1,Q3,623,311.5,EMIRATES,0.8153,1087.5,655.2,21.8,97.3,1920,1080,0.102,1098.4,703.8
Round1,Q3,623,311.5,EMIRATES,0.8102,474.6,462.3,18.7,90.3,1920,1080,0.081,483.9,507.5
Round1,Q3,623,311.5,EMIRATES,0.8081,1432.3,705.4,21.1,103.4,1920,1080,0.105,1442.9,757.1
Round1,Q3,623,311.5,EMIRATES,0.8049,476.2,560.8,19.6,94.1,1920,1080,0.089,486.0,607.8
Round1,Q3,623,311.5,EMIRATES,0.7968,1086.6,548.1,20.2,97.4,1920,1080,0.095,1096.7,596.8
Round1,Q3,623,311.5,EMIRATES,0.7837,769.5,505.1,19.7,92.9,1920,1080,0.088,779.4,551.5
Round1,Q3,623,311.5,EMIRATES,0.7835,1432.0,593.5,20.5,100.5,1920,1080,0.099,1442.2,643.7
Round1,Q3,623,311.5,EMIRATES,0.6993,771.1,608.7,20.2,93.5,1920,1080,0.091,781.2,655.4
Round1,Q3,657,328.5,EMIRATES,0.8706,1507.8,220.0,115.3,63.4,1920,1080,0.353,1565.5,251.7
Round1,Q3,658,329.0,EMIRATES,0.8815,845.8,248.7,85.9,61.8,1920,1080,0.256,888.7,279.6
Round1,Q3,659,329.5,EMIRATES,0.8821,322.2,339.4,125.4,60.5,1920,1080,0.366,384.9,369.7
Round1,Q3,662,331.0,ACCESS_COVERS,0.7329,1471.5,277.9,63.7,16.0,1920,1080,0.049,1503.4,285.9
Round1,Q3,663,331.5,ACCESS_COVERS,0.7726,1484.4,268.3,68.4,16.4,1920,1080,0.054,1518.6,276.5
Round1,Q3,664,332.0,ACCESS_COVERS,0.7589,1505.5,254.5,72.1,18.3,1920,1080,0.064,1541.6,263.7
Round1,Q3,665,332.5,ACCESS_COVERS,0.7485,1530.3,241.0,75.2,18.5,1920,1080,0.067,1567.9,250.2
Round1,Q3,666,333.0,ACCESS_COVERS,0.7734,1563.9,221.1,80.9,19.8,1920,1080,0.077,1604.3,231.1
Round1,Q3,667,333.5,ACCESS_COVERS,0.7723,1632.5,184.8,92.0,22.9,1920,1080,0.102,1678.5,196.3
Round1,Q3,668,334.0,EMIRATES,0.4874,1127.0,374.6,29.7,14.6,1920,1080,0.021,1141.9,381.9
Round1,Q3,668,334.0,EMIRATES,0.4,1106.5,765.1,33.9,14.3,1920,1080,0.023,1123.5,772.2
Round1,Q3,669,334.5,EMIRATES,0.5547,732.4,826.4,41.8,15.6,1920,1080,0.032,753.3,834.2
Round1,Q3,671,335.5,EMIRATES,0.878,1087.2,385.8,57.5,17.4,1920,1080,0.048,1115.9,394.5
Round1,Q3,671,335.5,EMIRATES,0.694,864.5,469.6,41.7,15.5,1920,1080,0.031,885.4,477.3
Round1,Q3,671,335.5,EMIRATES,0.5089,1780.4,334.0,38.2,17.9,1920,1080,0.033,1799.4,343.0
Round1,Q3,672,336.0,EMIRATES,0.8852,1289.5,235.1,47.1,19.2,1920,1080,0.044,1313.1,244.7
Round1,Q3,672,336.0,EMIRATES,0.8721,801.1,395.4,53.8,22.8,1920,1080,0.059,827.9,406.8
Round1,Q3,672,336.0,EMIRATES,0.8699,1571.0,247.5,65.3,28.4,1920,1080,0.089,1603.7,261.7
Round1,Q3,672,336.0,EMIRATES,0.8691,886.7,395.8,51.1,20.5,1920,1080,0.05,912.2,406.0
Round1,Q3,673,336.5,EMIRATES,0.856,1751.5,220.8,64.6,25.1,1920,1080,0.078,1783.8,233.3
Round1,Q3,673,336.5,EMIRATES,0.8227,508.3,316.2,54.7,16.7,1920,1080,0.044,535.7,324.6
Round1,Q3,674,337.0,EMIRATES,0.4065,354.1,265.8,19.8,12.1,1920,1080,0.012,364.0,271.9
Round1,Q3,674,337.0,EMIRATES,0.3431,900.2,220.4,43.3,17.1,1920,1080,0.036,921.9,229.0
Round1,Q3,675,337.5,EMIRATES,0.8408,991.0,267.0,47.1,17.1,1920,1080,0.039,1014.5,275.5
Round1,Q3,675,337.5,EMIRATES,0.4583,599.6,411.9,24.5,17.7,1920,1080,0.021,611.8,420.8
Round1,Q3,681,340.5,ACCESS_COVERS,0.7795,1465.3,71.0,118.5,27.4,1920,1080,0.157,1524.6,84.7
Round1,Q3,682,341.0,ACCESS_COVERS,0.752,1125.6,112.2,117.1,24.2,1920,1080,0.137,1184.2,124.3
Round1,Q3,683,341.5,ACCESS_COVERS,0.3967,735.6,140.2,112.8,23.2,1920,1080,0.126,792.0,151.8
Round1,Q3,684,342.0,ACCESS_COVERS,0.3969,218.0,135.3,145.4,24.9,1920,1080,0.174,290.7,147.7
Round1,Q3,688,344.0,EMIRATES,0.4703,1767.1,204.8,15.9,59.9,1920,1080,0.046,1775.0,234.7
Round1,Q3,689,344.5,EMIRATES,0.6688,1626.9,141.9,14.7,64.6,1920,1080,0.046,1634.3,174.2
Round1,Q3,689,344.5,EMIRATES,0.4701,1818.9,176.2,15.5,60.8,1920,1080,0.045,1826.6,206.6
Round1,Q3,690,345.0,EMIRATES,0.7771,1579.4,70.4,12.3,60.1,1920,1080,0.036,1585.6,100.5
Round1,Q3,690,345.0,EMIRATES,0.6696,1581.1,11.2,11.6,48.6,1920,1080,0.027,1586.9,35.5
Round1,Q3,690,345.0,EMIRATES,0.6016,1762.1,97.8,14.0,63.7,1920,1080,0.043,1769.1,129.7
Round1,Q3,691,345.5,EMIRATES,0.5227,1668.9,35.1,14.1,58.8,1920,1080,0.04,1676.0,64.5
Round1,Q3,691,345.5,EMIRATES,0.4086,1845.1,20.1,16.3,103.9,1920,1080,0.082,1853.2,72.1
Round1,Q3,711,355.5,EMIRATES,0.3181,1552.2,144.0,14.4,68.0,1920,1080,0.047,1559.4,178.0
Round1,Q3,712,356.0,EMIRATES,0.5105,1131.9,131.9,9.5,42.4,1920,1080,0.019,1136.7,153.1
Round1,Q3,712,356.0,EMIRATES,0.4718,1235.7,132.5,9.7,60.1,1920,1080,0.028,1240.6,162.5
Round1,Q3,713,356.5,EMIRATES,0.5641,1137.5,143.9,9.4,44.2,1920,1080,0.02,1142.2,166.0
Round1,Q3,713,356.5,EMIRATES,0.4355,1245.8,135.7,10.7,71.2,1920,1080,0.037,1251.2,171.3
Round1,Q3,714,357.0,EMIRATES,0.5077,1140.3,151.0,10.2,50.9,1920,1080,0.025,1145.4,176.4
Round1,Q3,714,357.0,EMIRATES,0.4914,1385.7,179.7,10.8,65.0,1920,1080,0.034,1391.1,212.2
Round1,Q3,714,357.0,EMIRATES,0.3766,1525.1,199.3,10.6,68.5,1920,1080,0.035,1530.4,233.6
Round1,Q3,714,357.0,EMIRATES,0.3499,1258.1,166.1,10.2,56.2,1920,1080,0.028,1263.2,194.2
Round1,Q3,715,357.5,EMIRATES,0.5192,1233.9,186.3,10.6,62.8,1920,1080,0.032,1239.2,217.7
Round1,Q3,715,357.5,EMIRATES,0.4994,1108.3,176.5,10.0,50.1,1920,1080,0.024,1113.3,201.5
Round1,Q3,715,357.5,EMIRATES,0.3665,1521.7,219.7,10.6,77.9,1920,1080,0.04,1527.0,258.7
Round1,Q3,716,358.0,EMIRATES,0.5875,1215.4,231.5,12.0,71.1,1920,1080,0.041,1221.4,267.0
Round1,Q3,716,358.0,EMIRATES,0.3103,1538.5,286.0,11.7,69.2,1920,1080,0.039,1544.3,320.6
Round1,Q3,717,358.5,EMIRATES,0.5653,1216.5,303.3,11.6,59.1,1920,1080,0.033,1222.3,332.8
Round1,Q3,717,358.5,EMIRATES,0.4659,1389.8,298.2,13.9,93.2,1920,1080,0.062,1396.8,344.8
Round1,Q3,717,358.5,EMIRATES,0.3157,1581.9,360.8,13.1,61.4,1920,1080,0.039,1588.4,391.5
Round1,Q3,717,358.5,EMIRATES,0.3137,1056.9,279.2,11.7,56.0,1920,1080,0.032,1062.8,307.2
Round1,Q3,718,359.0,EMIRATES,0.7924,1406.8,397.7,13.0,61.7,1920,1080,0.039,1413.3,428.6
Round1,Q3,718,359.0,EMIRATES,0.7821,1033.5,335.4,12.4,61.2,1920,1080,0.037,1039.8,365.9
Round1,Q3,718,359.0,EMIRATES,0.7762,1620.9,428.9,13.3,64.8,1920,1080,0.041,1627.5,461.3
Round1,Q3,718,359.0,EMIRATES,0.7409,1212.1,365.8,12.9,60.9,1920,1080,0.038,1218.5,396.3
Round1,Q3,718,359.0,EMIRATES,0.6164,1406.2,331.5,13.4,62.6,1920,1080,0.04,1412.9,362.8
Round1,Q3,718,359.0,EMIRATES,0.5574,1211.3,304.6,12.8,59.4,1920,1080,0.037,1217.7,334.3
Round1,Q3,718,359.0,EMIRATES,0.4845,1621.8,360.2,13.2,64.8,1920,1080,0.041,1628.4,392.6
Round1,Q3,719,359.5,EMIRATES,0.817,1686.6,463.8,15.6,72.1,1920,1080,0.054,1694.4,499.8
Round1,Q3,719,359.5,EMIRATES,0.8099,1444.1,427.9,15.7,68.4,1920,1080,0.052,1451.9,462.1
Round1,Q3,719,359.5,EMIRATES,0.7863,1025.0,359.6,13.7,66.7,1920,1080,0.044,1031.9,393.0
Round1,Q3,719,359.5,EMIRATES,0.7843,1225.6,392.8,13.8,67.8,1920,1080,0.045,1232.5,426.7
Round1,Q3,719,359.5,EMIRATES,0.7759,1443.6,352.6,16.2,68.3,1920,1080,0.053,1451.7,386.7
Round1,Q3,719,359.5,EMIRATES,0.7657,1224.3,323.3,14.2,65.4,1920,1080,0.045,1231.4,356.0
Round1,Q3,719,359.5,EMIRATES,0.7366,1685.1,385.1,16.7,74.6,1920,1080,0.06,1693.5,422.4
Round1,Q3,719,359.5,EMIRATES,0.7018,1024.0,293.2,13.0,61.5,1920,1080,0.038,1030.5,323.9
Round1,Q3,720,360.0,EMIRATES,0.7521,1210.0,540.7,46.6,38.5,1920,1080,0.086,1233.3,559.9
Round1,Q3,720,360.0,EMIRATES,0.7387,1488.2,99.8,73.0,318.0,1920,1080,1.119,1524.7,258.8
Round1,Q3,721,360.5,EMIRATES,0.786,1221.7,362.3,48.6,16.6,1920,1080,0.039,1246.0,370.6
Round1,Q3,721,360.5,EMIRATES,0.7671,1729.3,371.3,33.5,22.4,1920,1080,0.036,1746.1,382.5
Round1,Q3,723,361.5,EMIRATES,0.8341,1195.7,347.0,62.0,15.7,1920,1080,0.047,1226.7,354.8
Round1,Q3,724,362.0,EMIRATES,0.8831,63.0,147.0,36.2,21.5,1920,1080,0.038,81.1,157.8
Round1,Q3,724,362.0,EMIRATES,0.8769,1224.6,314.5,59.4,18.9,1920,1080,0.054,1254.4,323.9
Round1,Q3,724,362.0,EMIRATES,0.866,1175.2,292.8,50.4,15.9,1920,1080,0.039,1200.4,300.7
Round1,Q3,725,362.5,EMIRATES,0.9045,1358.6,319.0,64.0,20.4,1920,1080,0.063,1390.6,329.2
Round1,Q3,725,362.5,EMIRATES,0.8929,375.7,125.7,61.9,19.9,1920,1080,0.06,406.7,135.7
Round1,Q3,725,362.5,EMIRATES,0.8685,1316.4,292.6,45.1,15.6,1920,1080,0.034,1339.0,300.4
Round1,Q3,726,363.0,EMIRATES,0.8964,1605.8,281.5,64.7,21.7,1920,1080,0.068,1638.1,292.3
Round1,Q3,726,363.0,EMIRATES,0.886,632.1,89.5,60.6,25.8,1920,1080,0.075,662.4,102.4
Round1,Q3,727,363.5,EMIRATES,0.877,1720.8,265.3,62.0,21.0,1920,1080,0.063,1751.9,275.8
Round1,Q3,727,363.5,EMIRATES,0.8648,708.1,55.0,39.4,24.0,1920,1080,0.046,727.8,67.0
Round1,Q3,727,363.5,EMIRATES,0.7642,1485.9,139.2,59.1,253.7,1920,1080,0.723,1515.4,266.0
Round1,Q3,727,363.5,EMIRATES,0.7148,161.4,146.0,58.6,248.0,1920,1080,0.701,190.7,270.0
Round1,Q3,727,363.5,EMIRATES,0.4544,1483.0,421.5,61.1,246.9,1920,1080,0.727,1513.6,544.9
Round1,Q3,728,364.0,EMIRATES,0.7798,217.9,247.0,44.7,211.5,1920,1080,0.456,240.3,352.7
Round1,Q3,728,364.0,EMIRATES,0.766,1334.1,241.6,49.8,214.9,1920,1080,0.517,1359.0,349.0
Round1,Q3,728,364.0,EMIRATES,0.6938,225.2,481.9,44.1,214.4,1920,1080,0.456,247.2,589.2
Round1,Q3,728,364.0,EMIRATES,0.6421,1336.0,477.5,46.2,215.6,1920,1080,0.48,1359.1,585.4
Round1,Q3,729,364.5,EMIRATES,0.788,289.1,533.4,42.7,189.1,1920,1080,0.389,310.5,628.0
Round1,Q3,729,364.5,EMIRATES,0.7792,1245.0,330.8,39.9,181.9,1920,1080,0.35,1264.9,421.7
Round1,Q3,729,364.5,EMIRATES,0.7727,284.7,334.0,41.2,181.8,1920,1080,0.362,305.3,425.0
Round1,Q3,730,365.0,EMIRATES,0.7997,362.0,424.3,33.7,154.7,1920,1080,0.252,378.9,501.7
Round1,Q3,730,365.0,EMIRATES,0.7722,364.3,592.7,35.0,162.2,1920,1080,0.274,381.8,673.8
Round1,Q3,730,365.0,EMIRATES,0.7423,1173.6,421.5,35.5,153.6,1920,1080,0.263,1191.3,498.3
Round1,Q3,730,365.0,EMIRATES,0.7273,1175.1,589.7,34.3,155.4,1920,1080,0.257,1192.2,667.4
Round1,Q3,731,365.5,EMIRATES,0.7783,425.8,481.2,28.6,137.1,1920,1080,0.189,440.1,549.7
Round1,Q3,731,365.5,EMIRATES,0.7772,1834.8,619.7,31.4,138.7,1920,1080,0.21,1850.5,689.1
Round1,Q3,731,365.5,EMIRATES,0.7727,1836.1,469.8,33.4,138.8,1920,1080,0.224,1852.8,539.2
Round1,Q3,731,365.5,EMIRATES,0.7676,1124.9,476.1,30.3,133.9,1920,1080,0.196,1140.1,543.1
Round1,Q3,731,365.5,EMIRATES,0.7564,1126.1,624.2,29.5,137.1,1920,1080,0.195,1140.9,692.8
Round1,Q3,732,366.0,EMIRATES,0.7847,1704.3,521.3,26.7,119.4,1920,1080,0.154,1717.7,581.0
Round1,Q3,732,366.0,EMIRATES,0.784,1705.6,650.4,24.7,120.0,1920,1080,0.143,1717.9,710.4
Round1,Q3,732,366.0,EMIRATES,0.7663,500.1,531.1,25.0,113.0,1920,1080,0.136,512.6,587.6
Round1,Q3,732,366.0,EMIRATES,0.7621,1098.8,526.8,25.3,115.7,1920,1080,0.141,1111.5,584.7
Round1,Q3,732,366.0,EMIRATES,0.755,1099.9,653.8,25.0,112.5,1920,1080,0.136,1112.4,710.1
Round1,Q3,732,366.0,EMIRATES,0.4451,499.2,653.9,26.4,119.1,1920,1080,0.151,512.4,713.4
Round1,Q3,733,366.5,EMIRATES,0.7716,557.8,569.5,21.1,98.5,1920,1080,0.1,568.3,618.7
Round1,Q3,733,366.5,EMIRATES,0.765,1608.0,560.7,22.1,103.5,1920,1080,0.11,1619.0,612.4
Round1,Q3,733,366.5,EMIRATES,0.7532,1079.9,678.5,23.2,96.0,1920,1080,0.107,1091.5,726.5
Round1,Q3,733,366.5,EMIRATES,0.7493,1079.3,565.7,22.3,99.9,1920,1080,0.107,1090.4,615.6
Round1,Q3,733,366.5,EMIRATES,0.7486,1606.8,672.0,25.5,101.7,1920,1080,0.125,1619.6,722.9
Round1,Q3,733,366.5,EMIRATES,0.728,21.6,566.3,25.1,109.0,1920,1080,0.132,34.2,620.8
Round1,Q3,733,366.5,EMIRATES,0.7243,24.1,679.0,24.9,107.1,1920,1080,0.129,36.6,732.5
Round1,Q3,733,366.5,EMIRATES,0.5382,555.9,677.4,20.8,102.1,1920,1080,0.103,566.3,728.4
Round1,Q3,734,367.0,EMIRATES,0.8001,608.6,709.5,20.4,87.7,1920,1080,0.086,618.8,753.4
Round1,Q3,734,367.0,EMIRATES,0.7878,1523.1,606.9,18.9,89.5,1920,1080,0.082,1532.5,651.7
Round1,Q3,734,367.0,EMIRATES,0.7733,1063.0,610.1,19.7,87.3,1920,1080,0.083,1072.8,653.8
Round1,Q3,734,367.0,EMIRATES,0.77,1522.1,704.0,21.3,89.6,1920,1080,0.092,1532.7,748.8
Round1,Q3,734,367.0,EMIRATES,0.7437,1063.5,707.7,21.3,87.5,1920,1080,0.09,1074.1,751.4
Round1,Q3,734,367.0,EMIRATES,0.7405,146.8,712.3,20.5,91.1,1920,1080,0.09,157.1,757.8
Round1,Q3,734,367.0,EMIRATES,0.6971,608.1,612.6,19.6,87.0,1920,1080,0.082,617.9,656.1
Round1,Q3,734,367.0,EMIRATES,0.6282,144.5,614.5,19.9,89.4,1920,1080,0.086,154.4,659.2
Round1,Q3,735,367.5,EMIRATES,0.7507,1465.3,723.3,18.7,80.4,1920,1080,0.072,1474.7,763.5
Round1,Q3,735,367.5,EMIRATES,0.7477,1465.4,637.6,17.3,80.8,1920,1080,0.067,1474.0,678.0
Round1,Q3,735,367.5,EMIRATES,0.7383,651.7,727.2,18.7,81.7,1920,1080,0.074,661.1,768.0
Round1,Q3,735,367.5,EMIRATES,0.7213,1056.6,640.8,17.4,77.9,1920,1080,0.065,1065.3,679.7
Round1,Q3,735,367.5,EMIRATES,0.7183,241.7,727.5,19.5,88.0,1920,1080,0.083,251.4,771.5
Round1,Q3,735,367.5,EMIRATES,0.6731,652.2,643.1,17.1,77.0,1920,1080,0.063,660.8,681.7
Round1,Q3,735,367.5,EMIRATES,0.6729,1056.7,725.5,18.0,81.0,1920,1080,0.07,1065.7,766.0
Round1,Q3,735,367.5,EMIRATES,0.5307,240.1,644.5,18.4,79.6,1920,1080,0.071,249.3,684.3
Round1,Q3,736,368.0,EMIRATES,0.7842,1423.2,743.1,16.9,74.9,1920,1080,0.061,1431.7,780.6
Round1,Q3,736,368.0,EMIRATES,0.7239,1423.8,668.0,15.2,70.7,1920,1080,0.052,1431.4,703.3
Round1,Q3,736,368.0,EMIRATES,0.7224,1057.0,745.7,17.1,75.0,1920,1080,0.062,1065.6,783.2
Round1,Q3,736,368.0,EMIRATES,0.7061,695.1,747.1,16.4,72.1,1920,1080,0.057,703.3,783.2
Round1,Q3,736,368.0,EMIRATES,0.6248,328.6,748.5,17.7,80.5,1920,1080,0.069,337.4,788.7
Round1,Q3,736,368.0,EMIRATES,0.5981,1057.0,669.1,15.8,70.6,1920,1080,0.054,1064.9,704.4
Round1,Q3,736,368.0,EMIRATES,0.5203,694.6,671.1,15.8,69.5,1920,1080,0.053,702.5,705.9
Round1,Q3,736,368.0,EMIRATES,0.4376,327.8,671.8,15.7,71.6,1920,1080,0.054,335.7,707.5
Round1,Q3,779,389.5,EMIRATES,0.8759,1290.8,917.7,30.5,10.0,1920,1080,0.015,1306.1,922.7
Round1,Q3,779,389.5,EMIRATES,0.8223,9.1,776.9,26.1,9.6,1920,1080,0.012,22.2,781.7
Round1,Q3,779,389.5,EMIRATES,0.6698,857.6,673.9,22.6,9.9,1920,1080,0.011,868.9,678.8
Round1,Q3,780,390.0,EMIRATES,0.8703,1284.1,911.1,30.1,10.3,1920,1080,0.015,1299.1,916.3
Round1,Q3,780,390.0,EMIRATES,0.8675,32.2,773.9,26.5,9.6,1920,1080,0.012,45.4,778.7
Round1,Q3,780,390.0,EMIRATES,0.6671,863.1,674.2,21.9,9.8,1920,1080,0.01,874.0,679.1
Round1,Q3,781,390.5,EMIRATES,0.8797,53.7,772.9,26.6,10.1,1920,1080,0.013,67.0,778.0
Round1,Q3,781,390.5,EMIRATES,0.772,1279.8,906.6,29.7,10.1,1920,1080,0.015,1294.6,911.6
Round1,Q3,781,390.5,EMIRATES,0.6018,867.0,674.8,21.7,9.2,1920,1080,0.01,877.8,679.4
Round1,Q3,782,391.0,EMIRATES,0.7393,76.6,774.0,26.9,10.6,1920,1080,0.014,90.0,779.3
Round1,Q3,782,391.0,EMIRATES,0.6979,869.6,675.8,20.6,9.7,1920,1080,0.01,879.9,680.6
Round1,Q3,782,391.0,EMIRATES,0.6788,1274.0,903.2,28.5,10.0,1920,1080,0.014,1288.2,908.2
Round1,Q3,783,391.5,EMIRATES,0.7837,98.4,774.0,23.9,9.8,1920,1080,0.011,110.3,778.9
Round1,Q3,783,391.5,EMIRATES,0.6585,1251.6,897.0,27.9,9.5,1920,1080,0.013,1265.6,901.7
Round1,Q3,783,391.5,EMIRATES,0.5998,870.0,677.8,20.0,10.4,1920,1080,0.01,880.0,683.0
Round1,Q3,784,392.0,EMIRATES,0.678,1212.9,885.2,26.9,10.8,1920,1080,0.014,1226.3,890.6
Round1,Q3,784,392.0,EMIRATES,0.6187,128.4,773.9,22.2,9.7,1920,1080,0.01,139.5,778.8
Round1,Q3,784,392.0,EMIRATES,0.5694,718.1,827.0,24.1,9.1,1920,1080,0.011,730.2,831.5
Round1,Q3,784,392.0,EMIRATES,0.3029,66.6,449.7,34.9,17.4,1920,1080,0.029,84.1,458.4
Round1,Q3,785,392.5,EMIRATES,0.5076,1193.3,876.1,24.8,9.0,1920,1080,0.011,1205.7,880.6
Round1,Q3,785,392.5,EMIRATES,0.3833,738.3,824.1,23.0,9.9,1920,1080,0.011,749.8,829.1
Round1,Q3,785,392.5,EMIRATES,0.3167,167.7,770.6,21.1,9.6,1920,1080,0.01,178.2,775.4
Round1,Q3,786,393.0,EMIRATES,0.4263,872.7,676.4,18.1,8.0,1920,1080,0.007,881.7,680.4
Round1,Q3,791,395.5,ACCESS_COVERS,0.7946,224.7,49.9,64.4,14.7,1920,1080,0.046,256.9,57.3
Round1,Q3,791,395.5,CYBERCX,0.6832,157.1,46.0,60.5,15.0,1920,1080,0.044,187.3,53.6
Round1,Q3,792,396.0,ACCESS_COVERS,0.7825,248.4,37.4,60.7,13.3,1920,1080,0.039,278.8,44.0
Round1,Q3,792,396.0,CYBERCX,0.6015,183.9,34.7,56.4,12.9,1920,1080,0.035,212.1,41.1
Round1,Q3,793,396.5,EMIRATES,0.8561,977.7,1.1,66.8,26.5,1920,1080,0.085,1011.1,14.3
Round1,Q3,794,397.0,EMIRATES,0.8745,1110.3,41.1,72.3,48.1,1920,1080,0.168,1146.4,65.2
Round1,Q3,795,397.5,EMIRATES,0.8719,1207.4,2.4,103.5,48.3,1920,1080,0.241,1259.2,26.6
Round1,Q3,796,398.0,EMIRATES,0.4536,1863.5,370.9,56.4,513.7,1920,1080,1.398,1891.7,627.7
Round1,Q3,818,409.0,EMIRATES,0.7585,1547.2,462.0,28.5,111.0,1920,1080,0.153,1561.4,517.5
Round1,Q3,818,409.0,EMIRATES,0.7297,1545.8,342.3,33.9,112.9,1920,1080,0.185,1562.7,398.8
Round1,Q3,819,409.5,EMIRATES,0.7643,1196.7,466.2,29.7,104.1,1920,1080,0.149,1211.5,518.2
Round1,Q3,819,409.5,EMIRATES,0.7631,1794.7,468.0,33.5,126.4,1920,1080,0.204,1811.4,531.2
Round1,Q3,819,409.5,EMIRATES,0.7411,1196.2,345.0,31.4,113.0,1920,1080,0.171,1212.0,401.4
Round1,Q3,819,409.5,EMIRATES,0.7028,1793.3,330.8,41.8,120.8,1920,1080,0.243,1814.2,391.2
Round1,Q3,820,410.0,EMIRATES,0.5016,712.7,351.5,38.0,104.1,1920,1080,0.191,731.7,403.5
Round1,Q3,820,410.0,EMIRATES,0.3069,1264.2,344.6,42.8,252.0,1920,1080,0.52,1285.6,470.6
Round1,Q3,821,410.5,EMIRATES,0.4453,171.9,347.6,49.1,242.5,1920,1080,0.575,196.4,468.8
Round1,Q3,841,420.5,ACCESS_COVERS,0.8171,1458.9,22.5,64.4,12.7,1920,1080,0.039,1491.0,28.9
Round1,Q3,841,420.5,CYBERCX,0.7025,1392.3,23.3,55.8,13.0,1920,1080,0.035,1420.2,29.8
Round1,Q3,842,421.0,ACCESS_COVERS,0.8191,1459.4,45.3,60.1,12.3,1920,1080,0.036,1489.4,51.4
Round1,Q3,842,421.0,CYBERCX,0.7537,0.1,184.3,65.7,24.0,1920,1080,0.076,32.9,196.3
Round1,Q3,842,421.0,CYBERCX,0.6911,1393.5,45.8,57.0,12.6,1920,1080,0.035,1422.0,52.1
Round1,Q3,843,421.5,CYBERCX,0.8611,37.2,203.8,64.5,22.5,1920,1080,0.07,69.5,215.1
Round1,Q3,843,421.5,ACCESS_COVERS,0.8113,1429.0,70.1,58.5,11.2,1920,1080,0.032,1458.3,75.7
Round1,Q3,843,421.5,CYBERCX,0.7345,0.0,199.5,19.8,25.9,1920,1080,0.025,9.9,212.4
Round1,Q3,843,421.5,CYBERCX,0.6955,1368.1,70.3,52.6,12.3,1920,1080,0.031,1394.4,76.5
Round1,Q3,844,422.0,CYBERCX,0.8635,28.8,223.7,60.8,22.7,1920,1080,0.066,59.2,235.0
Round1,Q3,844,422.0,CYBERCX,0.8489,104.4,226.0,61.9,20.7,1920,1080,0.062,135.3,236.4
Round1,Q3,844,422.0,ACCESS_COVERS,0.7718,1409.7,98.7,55.0,10.9,1920,1080,0.029,1437.2,104.1
Round1,Q3,844,422.0,CYBERCX,0.6677,1353.8,99.2,49.1,11.2,1920,1080,0.026,1378.3,104.8
Round1,Q3,844,422.0,CYBERCX,0.6505,0.0,221.2,13.7,24.7,1920,1080,0.016,6.9,233.5
Round1,Q3,845,422.5,CYBERCX,0.8596,32.3,237.7,58.2,22.1,1920,1080,0.062,61.4,248.7
Round1,Q3,845,422.5,CYBERCX,0.8449,106.0,240.0,57.8,20.5,1920,1080,0.057,134.9,250.2
Round1,Q3,845,422.5,ACCESS_COVERS,0.7838,1362.3,118.7,51.1,10.1,1920,1080,0.025,1387.9,123.7
Round1,Q3,845,422.5,CYBERCX,0.7231,0.0,234.8,17.8,24.0,1920,1080,0.021,8.9,246.8
Round1,Q3,845,422.5,CYBERCX,0.6712,1308.2,118.7,47.8,10.6,1920,1080,0.024,1332.1,124.0
Round1,Q3,846,423.0,CYBERCX,0.7856,54.1,252.6,58.0,19.0,1920,1080,0.053,83.1,262.1
Round1,Q3,846,423.0,CYBERCX,0.6818,0.1,250.2,39.3,20.6,1920,1080,0.039,19.8,260.5
Round1,Q3,846,423.0,ACCESS_COVERS,0.5287,1272.5,137.9,50.7,9.1,1920,1080,0.022,1297.8,142.4
Round1,Q3,846,423.0,CYBERCX,0.4242,1220.1,137.2,44.8,9.4,1920,1080,0.02,1242.5,141.9
Round1,Q3,847,423.5,ACCESS_COVERS,0.791,1216.3,159.9,46.2,8.6,1920,1080,0.019,1239.4,164.3
Round1,Q3,847,423.5,CYBERCX,0.7697,56.6,269.4,55.3,18.5,1920,1080,0.049,84.2,278.7
Round1,Q3,847,423.5,CYBERCX,0.6632,1166.1,160.0,42.3,8.8,1920,1080,0.018,1187.2,164.4
Round1,Q3,847,423.5,CYBERCX,0.635,0.0,267.8,41.7,21.6,1920,1080,0.044,20.9,278.6
Round1,Q3,848,424.0,CYBERCX,0.8617,16.1,290.1,50.4,18.4,1920,1080,0.045,41.3,299.3
Round1,Q3,848,424.0,CYBERCX,0.8559,80.6,291.8,50.0,16.9,1920,1080,0.041,105.6,300.2
Round1,Q3,848,424.0,ACCESS_COVERS,0.7276,1161.1,187.9,44.4,8.7,1920,1080,0.019,1183.3,192.3
Round1,Q3,848,424.0,CYBERCX,0.6302,1116.4,187.2,38.4,9.1,1920,1080,0.017,1135.6,191.8
Round1,Q3,848,424.0,CYBERCX,0.3289,0.0,93.6,25.2,19.4,1920,1080,0.024,12.6,103.3
Round1,Q3,849,424.5,CYBERCX,0.8361,44.2,309.8,50.2,17.2,1920,1080,0.042,69.3,318.3
Round1,Q3,849,424.5,CYBERCX,0.7325,0.0,308.5,32.4,18.4,1920,1080,0.029,16.2,317.7
Round1,Q3,849,424.5,ACCESS_COVERS,0.6116,1068.9,212.3,42.8,7.6,1920,1080,0.016,1090.4,216.1
Round1,Q3,849,424.5,CYBERCX,0.39,1026.7,212.0,37.8,7.8,1920,1080,0.014,1045.6,215.9
Round1,Q3,850,425.0,ACCESS_COVERS,0.4263,886.0,235.6,37.7,7.5,1920,1080,0.014,904.8,239.4
Round1,Q3,851,425.5,CYBERCX,0.5334,707.5,243.6,33.8,7.3,1920,1080,0.012,724.4,247.3
Round1,Q3,851,425.5,ACCESS_COVERS,0.3851,746.0,245.8,37.6,6.5,1920,1080,0.012,764.8,249.0
Round1,Q3,852,426.0,ACCESS_COVERS,0.4236,680.7,246.0,38.1,7.7,1920,1080,0.014,699.7,249.8
Round1,Q3,852,426.0,CYBERCX,0.3844,641.8,245.8,35.2,7.4,1920,1080,0.012,659.4,249.5
Round1,Q3,853,426.5,CYBERCX,0.3857,621.0,245.8,36.6,7.2,1920,1080,0.013,639.2,249.5
Round1,Q3,854,427.0,CYBERCX,0.3253,563.3,244.0,34.8,7.2,1920,1080,0.012,580.7,247.6
Round1,Q3,856,428.0,ACCESS_COVERS,0.3568,465.4,187.9,39.3,8.0,1920,1080,0.015,485.1,191.9
Round1,Q3,861,430.5,EMIRATES,0.5055,1116.8,490.4,85.2,17.7,1920,1080,0.073,1159.4,499.3
Round1,Q3,862,431.0,EMIRATES,0.811,388.0,488.7,51.5,15.3,1920,1080,0.038,413.7,496.3
Round1,Q3,863,431.5,EMIRATES,0.8667,1341.8,114.3,71.2,22.7,1920,1080,0.078,1377.3,125.6
Round1,Q3,863,431.5,EMIRATES,0.8127,0.0,405.2,22.8,25.0,1920,1080,0.027,11.4,417.7
Round1,Q3,864,432.0,EMIRATES,0.8568,810.9,340.4,46.3,25.9,1920,1080,0.058,834.1,353.4
Round1,Q3,867,433.5,EMIRATES,0.7914,1028.9,472.4,51.7,16.6,1920,1080,0.041,1054.8,480.7
Round1,Q3,868,434.0,EMIRATES,0.8807,544.7,437.3,95.5,37.9,1920,1080,0.175,592.5,456.2
Round1,Q3,868,434.0,EMIRATES,0.3127,938.8,336.8,66.8,26.7,1920,1080,0.086,972.2,350.2
Round1,Q3,869,434.5,EMIRATES,0.8959,789.1,632.9,52.6,23.1,1920,1080,0.058,815.4,644.4
Round1,Q3,869,434.5,EMIRATES,0.8231,986.8,536.8,42.1,20.5,1920,1080,0.042,1007.9,547.0
Round1,Q3,870,435.0,EMIRATES,0.8535,795.3,453.9,47.7,37.9,1920,1080,0.087,819.2,472.9
Round1,Q3,871,435.5,EMIRATES,0.6947,687.4,374.2,40.2,26.3,1920,1080,0.051,707.5,387.4
Round1,Q3,871,435.5,EMIRATES,0.3796,1194.7,406.6,32.4,21.1,1920,1080,0.033,1210.9,417.1
Round1,Q3,872,436.0,EMIRATES,0.8942,1315.2,513.2,55.4,23.0,1920,1080,0.061,1342.9,524.7
Round1,Q3,872,436.0,EMIRATES,0.8695,1013.4,361.4,57.9,23.7,1920,1080,0.066,1042.4,373.2
Round1,Q3,873,436.5,EMIRATES,0.8453,862.6,328.0,79.9,26.1,1920,1080,0.101,902.6,341.0
Round1,Q3,874,437.0,EMIRATES,0.8902,1007.2,407.8,93.0,27.9,1920,1080,0.125,1053.7,421.8
Round1,Q3,875,437.5,EMIRATES,0.8724,1053.4,452.7,95.5,29.4,1920,1080,0.135,1101.1,467.3
Round1,Q3,875,437.5,EMIRATES,0.7875,416.0,608.3,63.0,27.2,1920,1080,0.083,447.5,621.9
Round1,Q3,876,438.0,EMIRATES,0.8084,1068.8,543.7,95.9,31.7,1920,1080,0.147,1116.8,559.5
Round1,Q3,876,438.0,EMIRATES,0.4245,452.5,713.1,60.4,26.5,1920,1080,0.077,482.7,726.3
Round1,Q3,877,438.5,EMIRATES,0.8185,463.4,847.5,60.8,27.4,1920,1080,0.08,493.8,861.2
Round1,Q3,877,438.5,EMIRATES,0.8175,1061.6,689.8,94.9,31.4,1920,1080,0.144,1109.0,705.5
Round1,Q3,878,439.0,EMIRATES,0.7433,1016.6,903.9,97.8,30.8,1920,1080,0.145,1065.5,919.4
Round1,Q3,879,439.5,EMIRATES,0.7912,1016.7,764.0,92.5,28.0,1920,1080,0.125,1062.9,778.0
Round1,Q3,880,440.0,EMIRATES,0.8778,1063.4,682.5,92.8,31.6,1920,1080,0.142,1109.8,698.3
Round1,Q3,880,440.0,EMIRATES,0.6719,571.2,877.5,61.8,25.5,1920,1080,0.076,602.1,890.3
Round1,Q3,881,440.5,EMIRATES,0.8557,1099.1,659.2,92.7,32.3,1920,1080,0.145,1145.4,675.4
Round1,Q3,881,440.5,EMIRATES,0.4011,617.8,832.3,60.9,25.1,1920,1080,0.074,648.2,844.8
Round1,Q3,881,440.5,EMIRATES,0.3844,1871.2,216.8,48.0,23.7,1920,1080,0.055,1895.2,228.7
Round1,Q3,883,441.5,EMIRATES,0.5129,385.2,709.8,54.4,20.9,1920,1080,0.055,412.4,720.2
Round1,Q3,884,442.0,EMIRATES,0.5367,0.0,7.5,53.5,503.7,1920,1080,1.3,26.8,259.4
Round1,Q3,884,442.0,EMIRATES,0.4813,1109.3,527.5,49.4,25.5,1920,1080,0.061,1134.0,540.2
Round1,Q3,885,442.5,EMIRATES,0.7835,1090.3,461.2,87.1,27.3,1920,1080,0.115,1133.8,474.9
Round1,Q3,885,442.5,EMIRATES,0.6584,22.4,4.1,120.0,401.6,1920,1080,2.324,82.5,204.9
Round1,Q3,885,442.5,EMIRATES,0.6024,915.6,473.8,62.7,26.9,1920,1080,0.081,946.9,487.2
Round1,Q3,885,442.5,EMIRATES,0.3487,1894.1,129.0,25.9,24.1,1920,1080,0.03,1907.0,141.0
Round1,Q3,886,443.0,EMIRATES,0.4716,1013.2,395.6,48.4,26.5,1920,1080,0.062,1037.4,408.9
Round1,Q3,886,443.0,EMIRATES,0.4025,118.6,0.5,119.6,219.4,1920,1080,1.265,178.4,110.2
Round1,Q3,887,443.5,EMIRATES,0.8078,1864.2,456.9,55.8,17.8,1920,1080,0.048,1892.1,465.8
Round1,Q3,887,443.5,EMIRATES,0.7249,212.9,3.8,112.7,279.9,1920,1080,1.521,269.2,143.8
Round1,Q3,890,445.0,EMIRATES,0.8103,1348.9,340.9,38.5,12.9,1920,1080,0.024,1368.2,347.3
Round1,Q3,890,445.0,EMIRATES,0.7728,1226.2,199.8,62.3,292.3,1920,1080,0.878,1257.4,346.0
Round1,Q3,890,445.0,EMIRATES,0.7495,1227.2,2.0,64.7,162.3,1920,1080,0.506,1259.6,83.2
Round1,Q3,890,445.0,EMIRATES,0.3506,1737.0,590.5,44.8,14.5,1920,1080,0.031,1759.4,597.7
Round1,Q3,891,445.5,EMIRATES,0.8594,1684.6,561.9,43.3,13.0,1920,1080,0.027,1706.2,568.5
Round1,Q3,891,445.5,EMIRATES,0.7638,1227.9,1.8,56.8,189.4,1920,1080,0.519,1256.3,96.5
Round1,Q3,891,445.5,EMIRATES,0.718,1260.7,351.0,37.3,13.4,1920,1080,0.024,1279.3,357.7
Round1,Q3,892,446.0,EMIRATES,0.8079,1184.1,0.0,48.9,196.2,1920,1080,0.462,1208.5,98.1
Round1,Q3,892,446.0,EMIRATES,0.7847,1862.0,756.6,43.7,15.2,1920,1080,0.032,1883.9,764.2
Round1,Q3,892,446.0,EMIRATES,0.7808,1185.7,218.1,46.2,228.5,1920,1080,0.51,1208.8,332.3
Round1,Q3,892,446.0,EMIRATES,0.7523,0.0,212.7,45.6,229.6,1920,1080,0.504,22.8,327.5
Round1,Q3,892,446.0,EMIRATES,0.7302,0.0,1.4,39.1,187.6,1920,1080,0.354,19.5,95.2
Round1,Q3,892,446.0,EMIRATES,0.5152,1609.1,523.5,35.8,12.3,1920,1080,0.021,1627.0,529.7
Round1,Q3,893,446.5,EMIRATES,0.8337,1128.7,221.5,43.1,196.9,1920,1080,0.409,1150.2,319.9
Round1,Q3,893,446.5,EMIRATES,0.8295,941.8,971.8,36.3,14.9,1920,1080,0.026,960.0,979.3
Round1,Q3,893,446.5,EMIRATES,0.8241,1130.0,6.5,41.2,197.5,1920,1080,0.392,1150.6,105.3
Round1,Q3,893,446.5,EMIRATES,0.7999,106.7,219.8,42.7,195.3,1920,1080,0.402,128.0,317.4
Round1,Q3,893,446.5,EMIRATES,0.7936,99.5,5.1,44.8,195.7,1920,1080,0.422,121.9,102.9
Round1,Q3,893,446.5,EMIRATES,0.351,1540.1,491.8,31.5,11.0,1920,1080,0.017,1555.9,497.3
Round1,Q3,894,447.0,EMIRATES,0.8116,1040.5,215.3,36.2,167.0,1920,1080,0.291,1058.6,298.8
Round1,Q3,894,447.0,EMIRATES,0.8103,159.1,22.0,37.4,175.0,1920,1080,0.315,177.8,109.5
Round1,Q3,894,447.0,EMIRATES,0.8035,164.5,211.6,34.4,169.3,1920,1080,0.281,181.7,296.3
Round1,Q3,894,447.0,EMIRATES,0.7761,1040.1,27.7,37.3,171.6,1920,1080,0.309,1058.8,113.5
Round1,Q3,894,447.0,EMIRATES,0.5204,860.3,850.3,32.7,13.2,1920,1080,0.021,876.6,856.9
Round1,Q3,895,447.5,EMIRATES,0.8028,956.5,22.4,32.9,151.6,1920,1080,0.241,973.0,98.2
Round1,Q3,895,447.5,EMIRATES,0.7977,1726.7,177.9,36.6,150.7,1920,1080,0.266,1745.0,253.3
Round1,Q3,895,447.5,EMIRATES,0.7957,957.5,185.5,31.4,147.2,1920,1080,0.223,973.2,259.1
Round1,Q3,895,447.5,EMIRATES,0.795,185.2,17.4,31.8,153.0,1920,1080,0.235,201.1,93.9
Round1,Q3,895,447.5,EMIRATES,0.7941,1729.5,13.4,38.0,151.1,1920,1080,0.277,1748.5,88.9
Round1,Q3,895,447.5,EMIRATES,0.7857,189.7,181.5,30.2,149.9,1920,1080,0.218,204.9,256.4
Round1,Q3,896,448.0,EMIRATES,0.812,1529.9,159.5,29.6,131.9,1920,1080,0.189,1544.7,225.4
Round1,Q3,896,448.0,EMIRATES,0.8032,189.7,163.5,25.6,128.6,1920,1080,0.159,202.5,227.8
Round1,Q3,896,448.0,EMIRATES,0.7952,860.7,167.1,26.9,127.8,1920,1080,0.165,874.1,231.0
Round1,Q3,896,448.0,EMIRATES,0.7864,859.3,22.4,28.3,131.8,1920,1080,0.18,873.4,88.3
Round1,Q3,896,448.0,EMIRATES,0.7585,1529.5,15.9,34.4,134.5,1920,1080,0.223,1546.7,83.2
Round1,Q3,896,448.0,EMIRATES,0.7481,185.2,18.7,27.8,131.5,1920,1080,0.177,199.1,84.5
Round1,Q3,896,448.0,EMIRATES,0.4932,731.2,657.6,23.1,10.6,1920,1080,0.012,742.7,662.9
Round1,Q3,897,448.5,EMIRATES,0.7823,793.3,156.5,24.9,114.8,1920,1080,0.138,805.7,213.8
Round1,Q3,897,448.5,EMIRATES,0.7781,1384.9,21.5,29.2,122.6,1920,1080,0.173,1399.5,82.8
Round1,Q3,897,448.5,EMIRATES,0.7747,1384.2,150.4,26.9,115.8,1920,1080,0.15,1397.7,208.3
Round1,Q3,897,448.5,EMIRATES,0.7701,199.7,151.6,27.1,116.4,1920,1080,0.152,213.2,209.7
Round1,Q3,897,448.5,EMIRATES,0.7456,792.8,29.6,26.0,116.9,1920,1080,0.146,805.8,88.0
Round1,Q3,897,448.5,EMIRATES,0.7175,195.1,22.0,25.7,121.1,1920,1080,0.15,207.9,82.6
Round1,Q3,898,449.0,EMIRATES,0.8049,749.4,238.8,23.2,98.0,1920,1080,0.11,761.0,287.9
Round1,Q3,898,449.0,EMIRATES,0.7855,1265.5,234.7,23.5,99.9,1920,1080,0.113,1277.2,284.6
Round1,Q3,898,449.0,EMIRATES,0.7854,749.0,127.3,20.8,100.9,1920,1080,0.101,759.4,177.7
Round1,Q3,898,449.0,EMIRATES,0.7844,1266.2,123.4,25.1,102.4,1920,1080,0.124,1278.8,174.6
Round1,Q3,898,449.0,EMIRATES,0.7689,1797.3,113.4,25.2,105.3,1920,1080,0.128,1809.9,166.0
Round1,Q3,898,449.0,EMIRATES,0.7593,225.6,122.7,21.7,100.9,1920,1080,0.106,236.4,173.2
Round1,Q3,898,449.0,EMIRATES,0.7525,1794.8,228.1,26.5,101.0,1920,1080,0.129,1808.0,278.6
Round1,Q3,898,449.0,EMIRATES,0.7455,229.8,236.2,20.2,99.7,1920,1080,0.097,239.9,286.0
Round1,Q3,899,449.5,EMIRATES,0.8063,758.9,336.8,20.3,89.4,1920,1080,0.087,769.0,381.5
Round1,Q3,899,449.5,EMIRATES,0.8037,1230.7,331.2,20.1,91.9,1920,1080,0.089,1240.8,377.2
Round1,Q3,899,449.5,EMIRATES,0.7895,1231.9,231.2,20.4,92.1,1920,1080,0.09,1242.1,277.2
Round1,Q3,899,449.5,EMIRATES,0.7819,757.4,234.5,19.8,91.2,1920,1080,0.087,767.2,280.1
Round1,Q3,899,449.5,EMIRATES,0.7783,281.9,331.2,21.1,93.8,1920,1080,0.096,292.5,378.1
Round1,Q3,899,449.5,EMIRATES,0.7761,1715.5,326.2,19.9,93.7,1920,1080,0.09,1725.5,373.0
Round1,Q3,899,449.5,EMIRATES,0.7719,1716.2,225.7,20.5,91.2,1920,1080,0.09,1726.4,271.3
Round1,Q3,899,449.5,EMIRATES,0.7614,278.5,231.5,19.6,92.6,1920,1080,0.088,288.3,277.8
Round1,Q3,900,450.0,EMIRATES,0.5194,747.7,937.5,29.4,24.1,1920,1080,0.034,762.4,949.6
Round1,Q3,900,450.0,EMIRATES,0.3147,406.2,422.0,29.6,17.4,1920,1080,0.025,421.0,430.7
Round1,Q3,901,450.5,EMIRATES,0.8779,620.1,514.5,44.3,17.4,1920,1080,0.037,642.2,523.2
Round1,Q3,902,451.0,EMIRATES,0.6724,798.0,906.5,52.8,45.6,1920,1080,0.116,824.4,929.3
Round1,Q3,904,452.0,EMIRATES,0.8104,1541.5,795.9,52.7,20.3,1920,1080,0.052,1567.9,806.0
Round1,Q3,905,452.5,EMIRATES,0.8376,1334.8,806.6,62.7,16.0,1920,1080,0.048,1366.1,814.6
Round1,Q3,906,453.0,EMIRATES,0.8206,1241.0,820.5,67.1,17.2,1920,1080,0.056,1274.5,829.1
Round1,Q3,906,453.0,EMIRATES,0.8088,1557.4,438.9,28.0,21.0,1920,1080,0.028,1571.4,449.4
Round1,Q3,907,453.5,EMIRATES,0.8837,1661.7,283.2,47.2,18.6,1920,1080,0.042,1685.3,292.5
Round1,Q3,907,453.5,EMIRATES,0.4725,951.2,594.1,66.8,18.0,1920,1080,0.058,984.6,603.1
Round1,Q3,908,454.0,EMIRATES,0.8195,691.7,438.9,69.4,17.8,1920,1080,0.059,726.4,447.8
Round1,Q3,909,454.5,EMIRATES,0.8428,806.1,397.0,37.5,13.8,1920,1080,0.025,824.8,403.9
Round1,Q3,911,455.5,EMIRATES,0.839,837.2,352.8,54.3,17.4,1920,1080,0.046,864.4,361.5
Round1,Q3,911,455.5,EMIRATES,0.8127,1155.8,300.0,35.9,30.3,1920,1080,0.052,1173.8,315.1
Round1,Q3,933,466.5,ACCESS_COVERS,0.7538,1759.3,155.5,160.7,44.0,1920,1080,0.341,1839.6,177.5
Round1,Q3,934,467.0,ACCESS_COVERS,0.8056,1539.5,180.2,177.0,41.8,1920,1080,0.357,1628.1,201.1
Round1,Q3,935,467.5,ACCESS_COVERS,0.8029,1361.3,202.0,159.7,37.3,1920,1080,0.287,1441.1,220.7
Round1,Q3,936,468.0,ACCESS_COVERS,0.7699,1193.9,220.4,153.9,32.9,1920,1080,0.244,1270.8,236.8
Round1,Q3,937,468.5,ACCESS_COVERS,0.7153,1030.8,226.6,137.2,31.7,1920,1080,0.21,1099.4,242.5
Round1,Q3,938,469.0,ACCESS_COVERS,0.6617,861.8,229.2,126.4,28.9,1920,1080,0.176,925.0,243.6
Round1,Q3,939,469.5,ACCESS_COVERS,0.7849,754.0,233.9,118.5,28.2,1920,1080,0.161,813.2,248.0
Round1,Q3,940,470.0,ACCESS_COVERS,0.5742,658.9,252.7,106.9,24.9,1920,1080,0.129,712.4,265.2
Round1,Q3,941,470.5,ACCESS_COVERS,0.5796,526.5,274.5,100.3,24.6,1920,1080,0.119,576.7,286.8
Round1,Q3,942,471.0,ACCESS_COVERS,0.4741,329.9,294.8,106.7,24.5,1920,1080,0.126,383.3,307.1
Round1,Q3,943,471.5,EMIRATES,0.8315,1166.9,323.0,48.4,28.1,1920,1080,0.066,1191.1,337.0
Round1,Q3,944,472.0,EMIRATES,0.8847,1120.2,329.0,57.9,21.8,1920,1080,0.061,1149.2,339.9
Round1,Q3,945,472.5,ACCESS_COVERS,0.4518,0.1,315.2,56.3,20.7,1920,1080,0.056,28.3,325.6
Round1,Q3,952,476.0,EMIRATES,0.336,1247.1,408.4,10.0,57.2,1920,1080,0.027,1252.1,437.0
Round1,Q3,952,476.0,EMIRATES,0.3267,1114.3,399.7,9.2,44.3,1920,1080,0.02,1118.9,421.9
Round1,Q3,954,477.0,EMIRATES,0.3228,1103.7,399.3,9.1,48.4,1920,1080,0.021,1108.3,423.5
Round1,Q3,956,478.0,EMIRATES,0.3439,1117.2,403.9,10.0,49.5,1920,1080,0.024,1122.2,428.7
Round1,Q3,957,478.5,EMIRATES,0.3331,1130.3,402.2,9.8,53.1,1920,1080,0.025,1135.2,428.7
Round1,Q3,968,484.0,EMIRATES,0.4464,1016.4,439.8,10.4,54.6,1920,1080,0.027,1021.6,467.1
Round1,Q3,969,484.5,EMIRATES,0.3231,864.2,453.8,10.2,52.5,1920,1080,0.026,869.2,480.1
Round1,Q3,971,485.5,ACCESS_COVERS,0.7902,1089.3,0.1,92.4,15.4,1920,1080,0.069,1135.5,7.8
Round1,Q3,972,486.0,EMIRATES,0.307,975.1,650.7,12.1,64.0,1920,1080,0.037,981.1,682.7
Round1,Q3,973,486.5,EMIRATES,0.7198,977.3,698.4,14.5,64.5,1920,1080,0.045,984.5,730.6
Round1,Q3,973,486.5,EMIRATES,0.5348,589.7,578.6,13.0,48.9,1920,1080,0.031,596.2,603.1
Round1,Q3,973,486.5,EMIRATES,0.5283,777.2,670.7,13.9,61.6,1920,1080,0.041,784.1,701.5
Round1,Q3,973,486.5,EMIRATES,0.4326,775.8,605.2,13.7,60.5,1920,1080,0.04,782.7,635.5
Round1,Q3,973,486.5,EMIRATES,0.4161,977.1,632.7,13.8,60.6,1920,1080,0.04,984.0,663.0
Round1,Q3,973,486.5,EMIRATES,0.4122,590.4,635.6,14.9,66.1,1920,1080,0.047,597.8,668.6
Round1,Q3,973,486.5,EMIRATES,0.3557,1193.1,659.7,15.3,67.0,1920,1080,0.049,1200.8,693.2
Round1,Q3,973,486.5,EMIRATES,0.3214,1193.8,731.6,14.1,66.3,1920,1080,0.045,1200.8,764.8
Round1,Q3,974,487.0,EMIRATES,0.7861,1002.7,654.8,18.7,83.3,1920,1080,0.075,1012.0,696.4
Round1,Q3,974,487.0,EMIRATES,0.7846,1005.2,744.5,18.1,83.7,1920,1080,0.073,1014.2,786.3
Round1,Q3,974,487.0,EMIRATES,0.7774,487.4,662.8,20.0,82.9,1920,1080,0.08,497.4,704.3
Round1,Q3,974,487.0,EMIRATES,0.7712,736.7,619.3,16.8,80.9,1920,1080,0.066,745.1,659.7
Round1,Q3,974,487.0,EMIRATES,0.7513,1294.3,787.8,20.0,89.2,1920,1080,0.086,1304.3,832.4
Round1,Q3,974,487.0,EMIRATES,0.7392,736.8,706.6,18.3,80.0,1920,1080,0.071,746.0,746.6
Round1,Q3,974,487.0,EMIRATES,0.7126,1293.4,692.2,18.9,87.9,1920,1080,0.08,1302.9,736.2
Round1,Q3,974,487.0,EMIRATES,0.6939,487.2,584.1,16.3,72.0,1920,1080,0.056,495.4,620.1
Round1,Q3,975,487.5,EMIRATES,0.8042,687.9,699.3,22.8,107.8,1920,1080,0.118,699.3,753.2
Round1,Q3,975,487.5,EMIRATES,0.7933,685.4,582.7,23.1,106.9,1920,1080,0.119,697.0,636.2
Round1,Q3,975,487.5,EMIRATES,0.7903,354.2,642.5,24.4,109.0,1920,1080,0.128,366.4,697.0
Round1,Q3,975,487.5,EMIRATES,0.7854,1427.5,806.6,26.6,118.8,1920,1080,0.152,1440.8,866.0
Round1,Q3,975,487.5,EMIRATES,0.783,1042.2,750.3,25.6,110.1,1920,1080,0.136,1054.9,805.3
Round1,Q3,975,487.5,EMIRATES,0.7785,1425.4,679.3,26.7,118.8,1920,1080,0.153,1438.7,738.7
Round1,Q3,975,487.5,EMIRATES,0.7649,1040.4,630.6,24.0,108.1,1920,1080,0.125,1052.4,684.7
Round1,Q3,975,487.5,EMIRATES,0.7575,353.1,535.6,21.7,97.2,1920,1080,0.102,363.9,584.2
Round1,Q3,976,488.0,EMIRATES,0.8157,620.8,642.7,29.7,139.3,1920,1080,0.199,635.6,712.3
Round1,Q3,976,488.0,EMIRATES,0.8073,183.4,575.5,29.4,138.7,1920,1080,0.197,198.1,644.8
Round1,Q3,976,488.0,EMIRATES,0.7924,1586.3,619.6,33.5,153.5,1920,1080,0.248,1603.0,696.4
Round1,Q3,976,488.0,EMIRATES,0.7903,619.2,492.1,27.1,137.9,1920,1080,0.18,632.8,561.0
Round1,Q3,976,488.0,EMIRATES,0.7888,1082.9,553.9,30.3,143.5,1920,1080,0.209,1098.0,625.6
Round1,Q3,976,488.0,EMIRATES,0.779,1083.1,710.2,34.9,145.6,1920,1080,0.245,1100.6,783.1
Round1,Q3,976,488.0,EMIRATES,0.7686,182.6,428.3,26.9,128.4,1920,1080,0.167,196.1,492.5
Round1,Q3,976,488.0,EMIRATES,0.632,1589.9,786.0,32.7,127.3,1920,1080,0.201,1606.2,849.7
Round1,Q3,982,491.0,EMIRATES,0.341,419.8,0.0,207.7,688.6,1920,1080,6.898,523.7,344.3
Round1,Q3,983,491.5,EMIRATES,0.4243,151.0,149.3,325.2,707.3,1920,1080,11.094,313.6,503.0
Round1,Q3,989,494.5,EMIRATES,0.3624,208.5,1024.4,213.8,48.3,1920,1080,0.498,315.4,1048.5
Round1,Q3,990,495.0,EMIRATES,0.5237,208.6,1024.1,214.2,48.4,1920,1080,0.5,315.7,1048.3
Round1,Q3,993,496.5,EMIRATES,0.4109,208.5,1024.2,213.4,48.1,1920,1080,0.495,315.2,1048.2
Round1,Q3,1019,509.5,JAMESON,0.638,1888.9,88.6,31.1,13.7,1920,1080,0.021,1904.4,95.4
Round1,Q3,1020,510.0,ACCESS_COVERS,0.7286,1060.4,129.3,53.5,10.4,1920,1080,0.027,1087.2,134.5
Round1,Q3,1021,510.5,ACCESS_COVERS,0.6146,1095.2,136.4,54.0,11.4,1920,1080,0.03,1122.2,142.1
Round1,Q3,1023,511.5,ACCESS_COVERS,0.7216,1042.4,160.3,58.0,11.9,1920,1080,0.033,1071.3,166.2
Round1,Q3,1024,512.0,ACCESS_COVERS,0.7238,1011.5,170.1,62.0,12.7,1920,1080,0.038,1042.5,176.5
Round1,Q3,1025,512.5,ACCESS_COVERS,0.7506,990.6,156.4,65.8,13.2,1920,1080,0.042,1023.5,163.1
Round1,Q3,1026,513.0,ACCESS_COVERS,0.7696,993.5,135.1,71.0,14.0,1920,1080,0.048,1029.0,142.1
Round1,Q3,1027,513.5,ACCESS_COVERS,0.766,1007.8,121.6,75.5,15.0,1920,1080,0.055,1045.5,129.1
Round1,Q3,1028,514.0,ACCESS_COVERS,0.7717,1008.8,110.4,79.5,15.3,1920,1080,0.059,1048.6,118.0
Round1,Q3,1029,514.5,ACCESS_COVERS,0.6979,1002.3,101.6,82.2,15.3,1920,1080,0.06,1043.4,109.2
Round1,Q3,1032,516.0,EMIRATES,0.6332,1335.4,442.6,13.5,50.2,1920,1080,0.033,1342.1,467.7
Round1,Q3,1032,516.0,EMIRATES,0.5462,1589.9,436.7,14.2,54.1,1920,1080,0.037,1597.0,463.8
Round1,Q3,1033,516.5,EMIRATES,0.5507,1533.8,403.3,14.5,58.6,1920,1080,0.041,1541.1,432.7
Round1,Q3,1033,516.5,EMIRATES,0.3763,956.2,409.7,16.5,55.9,1920,1080,0.045,964.5,437.7
Round1,Q3,1034,517.0,EMIRATES,0.7636,1463.9,362.0,15.5,66.2,1920,1080,0.049,1471.6,395.1
Round1,Q3,1034,517.0,EMIRATES,0.7181,1465.6,293.6,15.2,62.6,1920,1080,0.046,1473.2,324.9
Round1,Q3,1034,517.0,EMIRATES,0.6796,797.9,366.5,19.0,67.9,1920,1080,0.062,807.4,400.5
Round1,Q3,1034,517.0,EMIRATES,0.6718,1130.2,367.1,15.2,64.2,1920,1080,0.047,1137.8,399.2
Round1,Q3,1034,517.0,EMIRATES,0.5864,1130.0,295.7,16.7,67.6,1920,1080,0.054,1138.3,329.5
Round1,Q3,1034,517.0,EMIRATES,0.5317,465.1,296.4,18.3,66.0,1920,1080,0.058,474.2,329.4
Round1,Q3,1034,517.0,EMIRATES,0.476,466.5,369.5,17.4,64.0,1920,1080,0.054,475.1,401.5
Round1,Q3,1034,517.0,EMIRATES,0.3207,798.2,297.8,16.9,65.4,1920,1080,0.053,806.7,330.5
Round1,Q3,1035,517.5,EMIRATES,0.7917,1385.7,339.2,18.2,78.9,1920,1080,0.069,1394.9,378.7
Round1,Q3,1035,517.5,EMIRATES,0.7856,617.1,346.7,19.9,76.0,1920,1080,0.073,627.1,384.6
Round1,Q3,1035,517.5,EMIRATES,0.7578,1001.1,264.0,19.0,76.0,1920,1080,0.07,1010.6,302.0
Round1,Q3,1035,517.5,EMIRATES,0.7503,1387.2,259.6,16.8,73.1,1920,1080,0.059,1395.6,296.2
Round1,Q3,1035,517.5,EMIRATES,0.7052,1001.0,346.6,18.9,74.0,1920,1080,0.068,1010.5,383.6
Round1,Q3,1035,517.5,EMIRATES,0.6324,617.5,265.6,19.7,76.0,1920,1080,0.072,627.3,303.6
Round1,Q3,1035,517.5,EMIRATES,0.6183,227.5,346.3,21.7,75.0,1920,1080,0.079,238.3,383.8
Round1,Q3,1035,517.5,EMIRATES,0.4942,227.1,262.9,22.4,77.8,1920,1080,0.084,238.3,301.9
Round1,Q3,1036,518.0,EMIRATES,0.7832,1179.5,339.3,22.9,85.7,1920,1080,0.094,1190.9,382.2
Round1,Q3,1036,518.0,EMIRATES,0.7592,1180.0,239.4,22.4,89.6,1920,1080,0.097,1191.2,284.2
Round1,Q3,1036,518.0,EMIRATES,0.7572,725.4,243.8,25.3,92.3,1920,1080,0.113,738.1,290.0
Round1,Q3,1036,518.0,EMIRATES,0.6632,724.8,341.6,23.7,87.6,1920,1080,0.1,736.6,385.4
Round1,Q3,1036,518.0,EMIRATES,0.5094,264.8,243.4,27.7,88.3,1920,1080,0.118,278.7,287.5
Round1,Q3,1036,518.0,EMIRATES,0.366,266.6,336.2,28.7,90.8,1920,1080,0.126,281.0,381.5
Round1,Q3,1037,518.5,EMIRATES,0.6988,839.7,219.6,31.9,108.7,1920,1080,0.167,855.7,273.9
Round1,Q3,1037,518.5,EMIRATES,0.5697,306.6,222.1,37.1,110.2,1920,1080,0.197,325.2,277.2
Round1,Q3,1037,518.5,EMIRATES,0.5231,1279.5,910.8,22.2,13.0,1920,1080,0.014,1290.6,917.4
Round1,Q3,1038,519.0,EMIRATES,0.6617,336.6,232.2,37.2,117.9,1920,1080,0.212,355.2,291.1
Round1,Q3,1038,519.0,EMIRATES,0.5157,709.6,890.3,34.1,9.9,1920,1080,0.016,726.6,895.3
Round1,Q3,1038,519.0,EMIRATES,0.4141,1102.9,954.6,22.2,10.5,1920,1080,0.011,1114.0,959.8
Round1,Q3,1039,519.5,EMIRATES,0.758,892.4,958.9,27.1,10.1,1920,1080,0.013,906.0,964.0
Round1,Q3,1039,519.5,EMIRATES,0.6095,406.8,897.6,28.8,11.0,1920,1080,0.015,421.2,903.1
Round1,Q3,1040,520.0,EMIRATES,0.8115,751.1,990.5,22.0,13.3,1920,1080,0.014,762.1,997.2
Round1,Q3,1050,525.0,EMIRATES,0.4352,924.3,400.7,10.8,68.6,1920,1080,0.036,929.7,435.0
Round1,Q3,1051,525.5,EMIRATES,0.3294,881.9,425.0,10.2,54.5,1920,1080,0.027,887.0,452.2
Round1,Q3,1053,526.5,EMIRATES,0.3388,840.2,522.4,10.5,60.5,1920,1080,0.031,845.4,552.6
Round1,Q3,1054,527.0,ACCESS_COVERS,0.8048,1093.1,1.1,95.0,16.0,1920,1080,0.073,1140.6,9.1
Round1,Q3,1054,527.0,EMIRATES,0.4564,976.2,606.2,11.6,64.6,1920,1080,0.036,982.0,638.5
Round1,Q3,1054,527.0,EMIRATES,0.3389,823.4,595.6,10.8,51.5,1920,1080,0.027,828.8,621.3
Round1,Q3,1055,527.5,EMIRATES,0.4795,974.2,660.7,13.0,67.6,1920,1080,0.042,980.7,694.6
Round1,Q3,1056,528.0,EMIRATES,0.7663,982.2,712.9,15.0,68.8,1920,1080,0.05,989.7,747.3
Round1,Q3,1056,528.0,EMIRATES,0.7294,764.9,681.2,15.0,65.2,1920,1080,0.047,772.4,713.7
Round1,Q3,1056,528.0,EMIRATES,0.6243,763.4,610.0,14.9,66.4,1920,1080,0.048,770.9,643.2
Round1,Q3,1056,528.0,EMIRATES,0.4887,980.5,639.8,16.0,66.3,1920,1080,0.051,988.5,672.9
Round1,Q3,1056,528.0,EMIRATES,0.4861,561.9,643.8,15.8,70.5,1920,1080,0.054,569.8,679.0
Round1,Q3,1056,528.0,EMIRATES,0.4566,561.5,580.2,13.9,54.5,1920,1080,0.036,568.5,607.4
Round1,Q3,1056,528.0,EMIRATES,0.432,1216.9,749.7,15.5,69.0,1920,1080,0.052,1224.7,784.1
Round1,Q3,1056,528.0,EMIRATES,0.3375,1215.5,669.1,16.6,76.3,1920,1080,0.061,1223.8,707.2
Round1,Q3,1057,528.5,EMIRATES,0.804,1014.5,754.3,19.8,89.6,1920,1080,0.086,1024.4,799.2
Round1,Q3,1057,528.5,EMIRATES,0.7861,1326.8,799.9,20.8,96.4,1920,1080,0.097,1337.2,848.1
Round1,Q3,1057,528.5,EMIRATES,0.7849,725.6,618.3,17.6,85.1,1920,1080,0.072,734.4,660.8
Round1,Q3,1057,528.5,EMIRATES,0.7772,1012.0,656.4,20.2,87.4,1920,1080,0.085,1022.1,700.1
Round1,Q3,1057,528.5,EMIRATES,0.7763,726.8,712.5,19.3,86.1,1920,1080,0.08,736.4,755.5
Round1,Q3,1057,528.5,EMIRATES,0.7716,1324.7,698.1,22.6,92.6,1920,1080,0.101,1336.0,744.5
Round1,Q3,1057,528.5,EMIRATES,0.7594,456.8,580.2,17.3,73.7,1920,1080,0.062,465.5,617.1
Round1,Q3,1057,528.5,EMIRATES,0.7568,456.6,667.4,21.3,88.6,1920,1080,0.091,467.3,711.7
Round1,Q3,1058,529.0,EMIRATES,0.8258,677.5,690.6,22.8,112.0,1920,1080,0.123,688.9,746.6
Round1,Q3,1058,529.0,EMIRATES,0.8216,1047.1,745.2,25.7,113.0,1920,1080,0.14,1060.0,801.7
Round1,Q3,1058,529.0,EMIRATES,0.8114,676.3,572.0,22.3,107.7,1920,1080,0.116,687.5,625.8
Round1,Q3,1058,529.0,EMIRATES,0.81,1450.1,804.4,25.6,122.3,1920,1080,0.151,1462.9,865.6
Round1,Q3,1058,529.0,EMIRATES,0.7819,1448.1,673.6,25.8,120.3,1920,1080,0.149,1460.9,733.7
Round1,Q3,1058,529.0,EMIRATES,0.7744,329.5,634.4,24.9,113.2,1920,1080,0.136,342.0,691.0
Round1,Q3,1058,529.0,EMIRATES,0.7676,327.9,521.6,22.1,98.8,1920,1080,0.105,338.9,571.0
Round1,Q3,1058,529.0,EMIRATES,0.7592,1045.7,620.3,24.1,112.8,1920,1080,0.131,1057.8,676.7
Round1,Q3,1082,541.0,EMIRATES,0.7924,710.9,387.8,24.0,8.9,1920,1080,0.01,722.9,392.3
Round1,Q3,1082,541.0,EMIRATES,0.7238,931.5,728.0,26.1,10.2,1920,1080,0.013,944.6,733.1
Round1,Q3,1083,541.5,EMIRATES,0.7946,662.8,388.2,26.6,10.7,1920,1080,0.014,676.2,393.5
Round1,Q3,1083,541.5,EMIRATES,0.727,970.3,740.7,29.7,10.1,1920,1080,0.014,985.1,745.8
Round1,Q3,1084,542.0,EMIRATES,0.737,1161.5,483.3,33.0,22.5,1920,1080,0.036,1178.0,494.5
Round1,Q3,1084,542.0,EMIRATES,0.4912,1213.3,739.7,44.1,11.1,1920,1080,0.024,1235.4,745.2
Round1,Q3,1085,542.5,EMIRATES,0.8615,1067.5,373.2,30.6,16.4,1920,1080,0.024,1082.7,381.4
Round1,Q3,1085,542.5,EMIRATES,0.7975,1466.2,781.4,54.5,14.7,1920,1080,0.039,1493.5,788.7
Round1,Q3,1086,543.0,EMIRATES,0.821,1057.1,564.6,48.0,21.8,1920,1080,0.05,1081.1,575.5
Round1,Q3,1086,543.0,EMIRATES,0.8026,1743.7,573.2,60.2,27.3,1920,1080,0.079,1773.8,586.8
Round1,Q3,1087,543.5,EMIRATES,0.8302,1141.3,221.6,57.6,27.3,1920,1080,0.076,1170.1,235.2
Round1,Q3,1088,544.0,EMIRATES,0.8601,823.4,329.4,43.0,23.7,1920,1080,0.049,844.9,341.3
Round1,Q3,1088,544.0,EMIRATES,0.8436,976.5,242.7,58.7,19.8,1920,1080,0.056,1005.8,252.6
Round1,Q3,1096,548.0,ACCESS_COVERS,0.5946,1717.7,140.2,123.6,25.5,1920,1080,0.152,1779.5,153.0
Round1,Q3,1097,548.5,ACCESS_COVERS,0.6587,1528.4,169.6,115.2,23.1,1920,1080,0.129,1586.0,181.2
Round1,Q3,1099,549.5,ACCESS_COVERS,0.4114,1085.9,214.5,101.9,24.0,1920,1080,0.118,1136.9,226.5
Round1,Q3,1100,550.0,ACCESS_COVERS,0.6051,970.6,230.4,105.1,24.6,1920,1080,0.125,1023.2,242.7
Round1,Q3,1101,550.5,ACCESS_COVERS,0.4543,923.2,220.5,114.3,25.6,1920,1080,0.141,980.4,233.3
Round1,Q3,1102,551.0,ACCESS_COVERS,0.6809,891.3,212.9,122.9,27.3,1920,1080,0.162,952.7,226.6
Round1,Q3,1103,551.5,ACCESS_COVERS,0.6797,838.2,219.4,121.9,27.7,1920,1080,0.163,899.2,233.3
Round1,Q3,1104,552.0,ACCESS_COVERS,0.7503,795.4,236.3,111.9,26.7,1920,1080,0.144,851.3,249.7
Round1,Q3,1105,552.5,ACCESS_COVERS,0.6302,774.2,249.9,110.8,25.2,1920,1080,0.135,829.6,262.6
Round1,Q3,1106,553.0,ACCESS_COVERS,0.3773,777.1,261.2,100.9,23.8,1920,1080,0.116,827.6,273.1
Round1,Q3,1107,553.5,ACCESS_COVERS,0.3076,784.1,269.2,99.1,22.5,1920,1080,0.107,833.7,280.5
Round1,Q3,1112,556.0,ACCESS_COVERS,0.4678,684.6,287.9,103.5,22.7,1920,1080,0.114,736.4,299.3
Round1,Q3,1113,556.5,ACCESS_COVERS,0.4514,496.4,285.7,119.2,23.3,1920,1080,0.134,556.0,297.4
Round1,Q3,1114,557.0,ACCESS_COVERS,0.6479,235.8,268.8,123.5,26.6,1920,1080,0.158,297.5,282.0
Round1,Q3,1115,557.5,ACCESS_COVERS,0.7138,0.0,236.1,68.9,29.1,1920,1080,0.097,34.5,250.6
Round1,Q3,1117,558.5,EMIRATES,0.8967,377.5,125.4,56.7,23.7,1920,1080,0.065,405.9,137.2
Round1,Q3,1117,558.5,EMIRATES,0.8143,1786.0,276.1,79.2,31.4,1920,1080,0.12,1825.6,291.8
Round1,Q3,1117,558.5,EMIRATES,0.3404,1339.4,272.7,26.0,28.8,1920,1080,0.036,1352.5,287.1
Round1,Q3,1118,559.0,EMIRATES,0.8719,804.2,362.8,45.7,18.4,1920,1080,0.04,827.0,372.0
Round1,Q3,1119,559.5,EMIRATES,0.8891,1147.9,391.2,65.1,20.1,1920,1080,0.063,1180.4,401.3
Round1,Q3,1120,560.0,EMIRATES,0.8953,1761.3,378.0,68.2,22.6,1920,1080,0.074,1795.4,389.3
Round1,Q3,1122,561.0,EMIRATES,0.8864,99.6,615.3,63.1,22.3,1920,1080,0.068,131.2,626.5
Round1,Q3,1123,561.5,EMIRATES,0.3705,1375.5,430.7,21.3,8.1,1920,1080,0.008,1386.1,434.8
Round1,Q3,1124,562.0,EMIRATES,0.7566,196.4,314.2,21.9,100.1,1920,1080,0.106,207.4,364.3
Round1,Q3,1125,562.5,EMIRATES,0.7026,159.2,414.5,19.7,83.7,1920,1080,0.08,169.1,456.3
Round1,Q3,1125,562.5,EMIRATES,0.6266,427.9,390.8,17.3,81.6,1920,1080,0.068,436.6,431.6
Round1,Q3,1126,563.0,EMIRATES,0.6507,373.5,469.8,15.0,70.5,1920,1080,0.051,381.1,505.0
Round1,Q3,1126,563.0,EMIRATES,0.4253,591.7,451.5,14.2,69.2,1920,1080,0.047,598.8,486.1
Round1,Q3,1126,563.0,EMIRATES,0.3649,130.6,487.6,16.2,75.6,1920,1080,0.059,138.7,525.4
Round1,Q3,1127,563.5,EMIRATES,0.5258,34.0,538.4,14.4,68.6,1920,1080,0.048,41.2,572.7
Round1,Q3,1128,564.0,EMIRATES,0.3029,375.5,538.8,12.9,62.9,1920,1080,0.039,381.9,570.2
Round1,Q3,1129,564.5,JAMESON,0.7961,495.2,1.5,91.5,18.5,1920,1080,0.082,540.9,10.7
Round1,Q3,1129,564.5,JAMESON,0.7957,709.6,8.3,88.6,19.3,1920,1080,0.083,753.8,17.9
Round1,Q3,1129,564.5,JAMESON,0.7455,602.8,5.6,93.2,18.9,1920,1080,0.085,649.4,15.0
Round1,Q3,1130,565.0,JAMESON,0.7884,522.5,46.6,88.7,18.3,1920,1080,0.078,566.9,55.8
Round1,Q3,1130,565.0,JAMESON,0.7732,725.2,52.5,86.2,18.9,1920,1080,0.079,768.3,61.9
Round1,Q3,1130,565.0,JAMESON,0.7704,624.7,50.3,87.5,17.7,1920,1080,0.075,668.5,59.2
Round1,Q3,1131,565.5,JAMESON,0.7844,518.3,50.7,88.0,18.7,1920,1080,0.08,562.3,60.1
Round1,Q3,1131,565.5,JAMESON,0.7786,716.8,58.6,86.0,18.7,1920,1080,0.077,759.7,68.0
Round1,Q3,1131,565.5,JAMESON,0.7583,620.0,55.2,85.3,18.2,1920,1080,0.075,662.6,64.3
Round1,Q3,1132,566.0,JAMESON,0.7846,698.5,61.4,86.0,19.1,1920,1080,0.079,741.5,70.9
Round1,Q3,1132,566.0,JAMESON,0.7804,500.5,54.1,89.6,18.6,1920,1080,0.08,545.3,63.4
Round1,Q3,1132,566.0,JAMESON,0.7635,603.1,58.2,85.3,18.1,1920,1080,0.074,645.7,67.3
Round1,Q3,1133,566.5,CYBERCX,0.8422,920.1,262.4,210.5,81.6,1920,1080,0.828,1025.3,303.2
Round1,Q3,1133,566.5,CYBERCX,0.8311,296.0,263.5,122.2,65.9,1920,1080,0.388,357.1,296.5
Round1,Q3,1133,566.5,CYBERCX,0.7276,897.1,541.4,68.9,97.3,1920,1080,0.323,931.5,590.0
Round1,Q3,1133,566.5,CYBERCX,0.7217,603.6,221.7,212.4,73.5,1920,1080,0.752,709.8,258.4
Round1,Q3,1133,566.5,EMIRATES,0.7006,1132.3,347.2,66.8,27.5,1920,1080,0.089,1165.7,360.9
Round1,Q3,1134,567.0,CYBERCX,0.8284,921.9,262.9,211.0,74.2,1920,1080,0.755,1027.4,300.0
Round1,Q3,1134,567.0,CYBERCX,0.8094,297.7,262.8,120.3,66.8,1920,1080,0.388,357.8,296.2
Round1,Q3,1134,567.0,EMIRATES,0.7832,1134.2,347.2,67.1,29.1,1920,1080,0.094,1167.7,361.8
Round1,Q3,1134,567.0,CYBERCX,0.7636,600.7,221.3,208.0,73.3,1920,1080,0.735,704.7,257.9
Round1,Q3,1134,567.0,CYBERCX,0.6054,895.2,536.6,72.9,100.8,1920,1080,0.354,931.6,587.0
Round1,Q3,1135,567.5,CYBERCX,0.8936,922.0,263.6,207.6,76.2,1920,1080,0.763,1025.8,301.7
Round1,Q3,1135,567.5,CYBERCX,0.8181,296.6,263.6,120.8,66.7,1920,1080,0.389,357.1,296.9
Round1,Q3,1135,567.5,CYBERCX,0.802,601.6,221.3,207.4,73.3,1920,1080,0.733,705.3,258.0
Round1,Q3,1135,567.5,EMIRATES,0.7723,1137.9,347.4,63.9,28.2,1920,1080,0.087,1169.9,361.5
Round1,Q3,1135,567.5,CYBERCX,0.55,894.6,537.2,72.3,100.1,1920,1080,0.349,930.8,587.3
Round1,Q3,1136,568.0,CYBERCX,0.8808,921.1,263.5,218.8,73.0,1920,1080,0.77,1030.5,299.9
Round1,Q3,1136,568.0,CYBERCX,0.8084,296.5,263.2,121.6,67.2,1920,1080,0.394,357.3,296.9
Round1,Q3,1136,568.0,CYBERCX,0.7723,601.6,221.3,208.4,73.9,1920,1080,0.743,705.8,258.2
Round1,Q3,1136,568.0,CYBERCX,0.567,893.1,535.9,75.9,103.3,1920,1080,0.378,931.0,587.5
Round1,Q3,1137,568.5,CYBERCX,0.8532,921.1,262.7,156.7,78.0,1920,1080,0.589,999.5,301.7
Round1,Q3,1137,568.5,CYBERCX,0.8148,295.7,263.5,121.0,66.6,1920,1080,0.389,356.2,296.8
Round1,Q3,1137,568.5,CYBERCX,0.8063,601.5,221.0,209.9,74.6,1920,1080,0.755,706.5,258.3
Round1,Q3,1137,568.5,CYBERCX,0.675,888.9,540.9,77.8,96.7,1920,1080,0.363,927.8,589.2
Round1,Q3,1138,569.0,CYBERCX,0.861,921.0,262.7,112.8,73.5,1920,1080,0.4,977.4,299.4
Round1,Q3,1138,569.0,CYBERCX,0.8094,296.3,263.6,120.7,66.0,1920,1080,0.384,356.6,296.6
Round1,Q3,1138,569.0,CYBERCX,0.7278,604.2,221.6,206.2,73.5,1920,1080,0.731,707.3,258.3
Round1,Q3,1138,569.0,CYBERCX,0.5072,894.5,532.3,77.8,105.6,1920,1080,0.396,933.5,585.1
Round1,Q3,1139,569.5,EMIRATES,0.8756,1612.2,631.9,256.6,94.4,1920,1080,1.168,1740.5,679.1
Round1,Q3,1139,569.5,CYBERCX,0.8412,920.4,261.6,82.9,66.9,1920,1080,0.267,961.8,295.1
Round1,Q3,1139,569.5,CYBERCX,0.808,297.1,263.7,119.5,66.4,1920,1080,0.382,356.8,296.9
Round1,Q3,1139,569.5,CYBERCX,0.7464,603.8,222.0,209.1,72.9,1920,1080,0.735,708.4,258.4
Round1,Q3,1139,569.5,CYBERCX,0.4063,895.6,529.8,76.5,108.4,1920,1080,0.4,933.9,584.0
Round1,Q3,1140,570.0,EMIRATES,0.8464,1148.6,608.7,238.9,137.3,1920,1080,1.582,1268.1,677.3
Round1,Q3,1140,570.0,CYBERCX,0.8419,918.9,261.8,85.0,68.0,1920,1080,0.278,961.3,295.8
Round1,Q3,1140,570.0,CYBERCX,0.8199,296.6,264.3,118.5,65.2,1920,1080,0.373,355.9,296.9
Round1,Q3,1140,570.0,CYBERCX,0.7267,602.0,221.8,204.9,74.5,1920,1080,0.736,704.4,259.1
Round1,Q3,1141,570.5,CYBERCX,0.8606,916.9,262.6,116.9,74.6,1920,1080,0.42,975.4,299.8
Round1,Q3,1141,570.5,CYBERCX,0.8207,294.5,265.2,117.8,63.8,1920,1080,0.362,353.4,297.1
Round1,Q3,1141,570.5,CYBERCX,0.7306,598.7,222.0,210.1,74.1,1920,1080,0.751,703.8,259.1
Round1,Q3,1141,570.5,CYBERCX,0.4802,951.0,482.0,50.7,84.3,1920,1080,0.206,976.3,524.1
Round1,Q3,1142,571.0,CYBERCX,0.8373,915.0,262.8,112.2,71.8,1920,1080,0.388,971.1,298.7
Round1,Q3,1142,571.0,CYBERCX,0.8009,296.4,263.6,107.1,65.2,1920,1080,0.337,350.0,296.1
Round1,Q3,1142,571.0,CYBERCX,0.6951,597.1,222.6,211.3,76.0,1920,1080,0.775,702.7,260.6
Round1,Q3,1142,571.0,EMIRATES,0.5612,1087.0,336.6,44.6,23.1,1920,1080,0.05,1109.3,348.2
Round1,Q3,1160,580.0,EMIRATES,0.7119,1625.5,854.6,36.6,14.4,1920,1080,0.025,1643.8,861.8
Round1,Q3,1164,582.0,EMIRATES,0.31,1803.6,0.0,115.9,16.1,1920,1080,0.09,1861.6,8.0
Round1,Q3,1171,585.5,JAMESON,0.7745,430.3,54.0,80.0,16.7,1920,1080,0.064,470.3,62.3
Round1,Q3,1171,585.5,JAMESON,0.7722,613.2,61.6,81.1,17.4,1920,1080,0.068,653.8,70.3
Round1,Q3,1171,585.5,JAMESON,0.7382,522.6,58.8,81.8,15.5,1920,1080,0.061,563.5,66.6
Round1,Q3,1172,586.0,JAMESON,0.7978,632.8,63.6,79.0,17.5,1920,1080,0.067,672.3,72.3
Round1,Q3,1172,586.0,JAMESON,0.7896,449.2,57.3,78.9,16.9,1920,1080,0.064,488.6,65.7
Round1,Q3,1172,586.0,JAMESON,0.7641,543.1,61.2,79.9,17.0,1920,1080,0.066,583.0,69.7
Round1,Q3,1173,586.5,JAMESON,0.7861,647.6,66.0,80.4,17.5,1920,1080,0.068,687.8,74.7
Round1,Q3,1173,586.5,JAMESON,0.7829,455.4,58.9,84.3,17.8,1920,1080,0.073,497.5,67.8
Round1,Q3,1173,586.5,JAMESON,0.7639,555.2,63.4,80.0,16.6,1920,1080,0.064,595.2,71.7
Round1,Q3,1174,587.0,JAMESON,0.7952,662.9,64.2,80.4,18.1,1920,1080,0.07,703.1,73.3
Round1,Q3,1174,587.0,JAMESON,0.7825,468.7,57.8,85.2,17.7,1920,1080,0.073,511.3,66.7
Round1,Q3,1174,587.0,JAMESON,0.774,567.3,62.0,83.6,16.8,1920,1080,0.068,609.1,70.4
Round1,Q3,1175,587.5,JAMESON,0.7905,676.1,64.0,84.3,17.8,1920,1080,0.072,718.2,72.9
Round1,Q3,1175,587.5,JAMESON,0.7829,482.3,57.2,83.5,17.9,1920,1080,0.072,524.1,66.1
Round1,Q3,1175,587.5,JAMESON,0.7643,581.9,61.3,83.1,17.3,1920,1080,0.07,623.5,69.9
Round1,Q3,1176,588.0,JAMESON,0.7898,488.6,55.1,90.2,18.8,1920,1080,0.082,533.8,64.5
Round1,Q3,1176,588.0,JAMESON,0.7707,691.4,62.9,86.3,18.1,1920,1080,0.075,734.6,71.9
Round1,Q3,1176,588.0,JAMESON,0.7555,591.1,59.9,88.8,17.5,1920,1080,0.075,635.5,68.6
Round1,Q3,1177,588.5,JAMESON,0.7829,644.1,74.1,95.7,18.7,1920,1080,0.086,691.9,83.4
Round1,Q3,1177,588.5,JAMESON,0.775,531.4,69.9,97.6,19.8,1920,1080,0.093,580.1,79.8
Round1,Q3,1177,588.5,JAMESON,0.7719,752.5,77.2,91.1,20.5,1920,1080,0.09,798.1,87.5
Round1,Q3,1178,589.0,JAMESON,0.7897,627.7,97.5,125.0,27.1,1920,1080,0.163,690.2,111.1
Round1,Q3,1178,589.0,JAMESON,0.7665,768.8,101.2,124.6,26.9,1920,1080,0.162,831.1,114.6
Round1,Q3,1178,589.0,JAMESON,0.7641,906.9,104.8,118.4,26.3,1920,1080,0.15,966.1,118.0
Round1,Q3,1179,589.5,JAMESON,0.7874,987.5,150.2,161.4,34.5,1920,1080,0.269,1068.1,167.5
Round1,Q3,1179,589.5,JAMESON,0.7738,1169.8,154.3,157.7,34.3,1920,1080,0.261,1248.7,171.4
Round1,Q3,1179,589.5,JAMESON,0.751,800.1,146.1,164.6,34.7,1920,1080,0.275,882.4,163.4
Round1,Q3,1180,590.0,JAMESON,0.7622,1290.8,100.7,227.5,48.9,1920,1080,0.536,1404.6,125.2
Round1,Q3,1180,590.0,JAMESON,0.7585,1023.2,98.8,233.5,48.8,1920,1080,0.549,1140.0,123.2
Round1,Q3,1180,590.0,JAMESON,0.7482,1550.9,105.7,235.3,48.6,1920,1080,0.552,1668.6,130.1
Round1,Q3,1184,592.0,EMIRATES,0.4868,1878.8,656.0,40.8,305.4,1920,1080,0.601,1899.2,808.7
Round1,Q3,1185,592.5,EMIRATES,0.9084,317.3,798.8,176.5,58.0,1920,1080,0.494,405.6,827.8
Round1,Q3,1186,593.0,EMIRATES,0.8861,96.4,876.2,167.8,60.8,1920,1080,0.492,180.3,906.6
Round1,Q3,1187,593.5,EMIRATES,0.8211,0.1,873.7,68.7,71.2,1920,1080,0.236,34.4,909.3
Round1,Q3,1188,594.0,EMIRATES,0.8803,0.0,799.0,184.9,66.5,1920,1080,0.593,92.5,832.3
Round1,Q3,1189,594.5,EMIRATES,0.899,0.0,891.1,183.1,62.1,1920,1080,0.548,91.5,922.2
Round1,Q3,1190,595.0,EMIRATES,0.8944,188.1,812.4,163.6,59.5,1920,1080,0.469,269.9,842.1
Round1,Q3,1191,595.5,EMIRATES,0.8742,486.1,831.1,178.9,65.4,1920,1080,0.564,575.5,863.8
Round1,Q3,1192,596.0,EMIRATES,0.8719,671.5,716.8,152.7,60.5,1920,1080,0.446,747.9,747.0
Round1,Q3,1193,596.5,EMIRATES,0.8826,910.4,447.2,128.0,56.3,1920,1080,0.348,974.4,475.3
Round1,Q3,1194,597.0,EMIRATES,0.8812,898.9,431.7,147.1,49.1,1920,1080,0.348,972.4,456.3
Round1,Q3,1195,597.5,EMIRATES,0.9042,992.2,537.5,136.2,45.8,1920,1080,0.301,1060.3,560.4
Round1,Q3,1196,598.0,EMIRATES,0.8903,1062.2,416.5,105.6,49.8,1920,1080,0.254,1115.0,441.5
Round1,Q3,1203,601.5,ACCESS_COVERS,0.6322,134.6,1.5,52.1,8.6,1920,1080,0.022,160.6,5.8
Round1,Q3,1204,602.0,ACCESS_COVERS,0.7755,115.3,3.1,50.5,10.6,1920,1080,0.026,140.6,8.4
Round1,Q3,1205,602.5,ACCESS_COVERS,0.7909,124.6,4.9,50.0,11.4,1920,1080,0.028,149.6,10.6
Round1,Q3,1205,602.5,CYBERCX,0.6808,70.7,2.9,47.8,10.7,1920,1080,0.025,94.6,8.2
Round1,Q3,1206,603.0,ACCESS_COVERS,0.7039,149.7,2.2,50.9,10.3,1920,1080,0.025,175.2,7.4
Round1,Q3,1206,603.0,CYBERCX,0.3053,98.6,2.0,44.4,8.1,1920,1080,0.017,120.8,6.0
Round1,Q3,1207,603.5,ACCESS_COVERS,0.4991,135.9,0.1,51.8,7.5,1920,1080,0.019,161.8,3.9
Round1,Q3,1221,610.5,EMIRATES,0.8777,1062.6,445.9,46.1,17.2,1920,1080,0.038,1085.6,454.5
Round1,Q3,1222,611.0,EMIRATES,0.8244,1750.3,462.0,82.2,40.5,1920,1080,0.161,1791.4,482.2
Round1,Q3,1224,612.0,EMIRATES,0.5767,916.5,453.7,38.3,24.0,1920,1080,0.044,935.6,465.7
Round1,Q3,1225,612.5,EMIRATES,0.8642,869.0,322.5,55.4,25.1,1920,1080,0.067,896.7,335.1
Round1,Q3,1225,612.5,EMIRATES,0.8352,1412.9,338.2,37.8,17.5,1920,1080,0.032,1431.8,346.9
Round1,Q3,1227,613.5,EMIRATES,0.8889,1847.7,208.7,51.7,20.1,1920,1080,0.05,1873.6,218.7
Round1,Q3,1227,613.5,EMIRATES,0.4873,1903.3,83.0,16.7,18.7,1920,1080,0.015,1911.6,92.3
Round1,Q3,1228,614.0,EMIRATES,0.8904,1864.2,247.2,50.8,18.2,1920,1080,0.045,1889.6,256.3
Round1,Q3,1229,614.5,EMIRATES,0.8458,1670.7,317.4,64.6,21.4,1920,1080,0.067,1703.0,328.0
Round1,Q3,1230,615.0,EMIRATES,0.6842,1763.0,0.0,51.0,8.5,1920,1080,0.021,1788.6,4.3
Round1,Q3,1231,615.5,EMIRATES,0.7965,1500.5,9.9,62.9,23.0,1920,1080,0.07,1532.0,21.4
Round1,Q3,1231,615.5,EMIRATES,0.4848,1188.7,479.8,25.4,9.2,1920,1080,0.011,1201.4,484.4
Round1,Q3,1232,616.0,EMIRATES,0.7772,1341.0,363.1,67.8,20.4,1920,1080,0.067,1374.9,373.3
Round1,Q3,1232,616.0,EMIRATES,0.5536,648.3,696.2,95.0,22.5,1920,1080,0.103,695.7,707.4
Round1,Q3,1234,617.0,EMIRATES,0.8522,987.2,400.9,61.2,42.0,1920,1080,0.124,1017.8,421.9
Round1,Q3,1234,617.0,EMIRATES,0.3902,866.1,317.0,27.8,16.1,1920,1080,0.022,880.1,325.0
Round1,Q3,1235,617.5,EMIRATES,0.8668,920.7,326.6,61.7,22.5,1920,1080,0.067,951.6,337.9
Round1,Q3,1235,617.5,EMIRATES,0.8426,1598.2,868.6,81.9,23.5,1920,1080,0.093,1639.2,880.3
Round1,Q3,1236,618.0,EMIRATES,0.8599,1154.3,879.0,70.3,23.8,1920,1080,0.081,1189.5,890.9
Round1,Q3,1236,618.0,EMIRATES,0.848,774.3,350.2,46.3,18.7,1920,1080,0.042,797.5,359.6
Round1,Q3,1237,618.5,EMIRATES,0.8627,1046.9,804.8,61.3,22.9,1920,1080,0.068,1077.6,816.3
Round1,Q3,1237,618.5,EMIRATES,0.8171,679.6,360.4,36.9,38.1,1920,1080,0.068,698.1,379.4
Round1,Q3,1238,619.0,EMIRATES,0.8806,1268.0,767.2,65.2,19.0,1920,1080,0.06,1300.6,776.7
Round1,Q3,1238,619.0,EMIRATES,0.7892,1171.6,659.1,36.8,42.4,1920,1080,0.075,1190.0,680.3
Round1,Q3,1239,619.5,EMIRATES,0.8648,1025.1,745.6,67.4,21.6,1920,1080,0.07,1058.8,756.4
Round1,Q3,1239,619.5,EMIRATES,0.4239,457.5,365.1,26.9,12.7,1920,1080,0.016,471.0,371.4
Round1,Q3,1240,620.0,EMIRATES,0.8755,1160.5,689.7,65.9,19.5,1920,1080,0.062,1193.5,699.4
Round1,Q3,1240,620.0,EMIRATES,0.405,703.3,625.3,38.8,43.9,1920,1080,0.082,722.7,647.3
Round1,Q3,1240,620.0,EMIRATES,0.3513,110.6,248.9,30.2,19.1,1920,1080,0.028,125.7,258.4
Round1,Q3,1241,620.5,EMIRATES,0.8569,1217.8,616.1,65.1,22.1,1920,1080,0.069,1250.3,627.1
Round1,Q3,1241,620.5,EMIRATES,0.5357,669.7,595.0,39.3,57.6,1920,1080,0.109,689.4,623.8
Round1,Q3,1241,620.5,EMIRATES,0.5258,950.9,450.2,31.3,13.6,1920,1080,0.021,966.5,457.1
Round1,Q3,1242,621.0,EMIRATES,0.8805,1291.3,553.7,59.7,20.1,1920,1080,0.058,1321.1,563.7
Round1,Q3,1242,621.0,EMIRATES,0.8774,549.3,346.8,54.7,19.2,1920,1080,0.051,576.6,356.4
Round1,Q3,1242,621.0,EMIRATES,0.4966,599.9,541.5,22.4,54.0,1920,1080,0.058,611.1,568.5
Round1,Q3,1243,621.5,EMIRATES,0.8616,526.2,324.8,50.9,19.6,1920,1080,0.048,551.6,334.6
Round1,Q3,1243,621.5,EMIRATES,0.8602,1338.6,525.7,59.4,16.6,1920,1080,0.048,1368.3,534.0
Round1,Q3,1243,621.5,EMIRATES,0.7984,1811.5,231.3,34.4,17.2,1920,1080,0.029,1828.7,239.9
Round1,Q3,1244,622.0,EMIRATES,0.8359,694.5,373.8,47.8,18.7,1920,1080,0.043,718.4,383.1
Round1,Q3,1244,622.0,EMIRATES,0.8081,1416.9,514.9,46.0,26.2,1920,1080,0.058,1439.9,528.0
Round1,Q3,1245,622.5,EMIRATES,0.7043,1149.3,514.6,47.1,17.4,1920,1080,0.04,1172.9,523.3
Round1,Q3,1246,623.0,EMIRATES,0.8993,1011.0,501.0,60.4,18.8,1920,1080,0.055,1041.2,510.4
Round1,Q3,1246,623.0,EMIRATES,0.864,1726.5,312.0,32.5,20.6,1920,1080,0.032,1742.7,322.3
Round1,Q3,1247,623.5,EMIRATES,0.8185,1044.7,500.4,61.9,16.6,1920,1080,0.05,1075.7,508.7
Round1,Q3,1247,623.5,EMIRATES,0.6508,1134.4,463.0,41.0,40.1,1920,1080,0.079,1154.9,483.1
Round1,Q3,1248,624.0,EMIRATES,0.8355,1152.4,478.0,61.7,17.9,1920,1080,0.053,1183.3,487.0
Round1,Q3,1248,624.0,EMIRATES,0.5047,1733.4,340.7,36.0,19.4,1920,1080,0.034,1751.4,350.4
Round1,Q3,1249,624.5,EMIRATES,0.893,1706.9,286.1,43.0,19.6,1920,1080,0.041,1728.4,295.8
Round1,Q3,1249,624.5,EMIRATES,0.8647,3.1,655.1,43.0,19.0,1920,1080,0.039,24.6,664.6
Round1,Q3,1249,624.5,EMIRATES,0.855,1172.1,448.4,60.1,17.9,1920,1080,0.052,1202.1,457.4
Round1,Q3,1250,625.0,EMIRATES,0.8942,1230.8,416.3,59.0,17.9,1920,1080,0.051,1260.4,425.3
Round1,Q3,1250,625.0,EMIRATES,0.8861,1747.2,268.2,44.5,27.6,1920,1080,0.059,1769.4,282.0
Round1,Q3,1251,625.5,EMIRATES,0.8936,1715.6,274.9,44.4,16.5,1920,1080,0.035,1737.8,283.2
Round1,Q3,1251,625.5,EMIRATES,0.8776,1162.1,397.5,57.5,24.0,1920,1080,0.067,1190.8,409.6
Round1,Q3,1252,626.0,EMIRATES,0.8955,1765.4,294.7,46.8,21.1,1920,1080,0.048,1788.8,305.2
Round1,Q3,1252,626.0,EMIRATES,0.8942,1121.4,369.2,39.7,21.6,1920,1080,0.041,1141.3,379.9
Round1,Q3,1252,626.0,EMIRATES,0.6172,566.5,738.6,24.6,19.3,1920,1080,0.023,578.8,748.2
Round1,Q3,1270,635.0,ACCESS_COVERS,0.5787,1899.1,92.3,20.9,32.5,1920,1080,0.033,1909.6,108.5
Round1,Q3,1271,635.5,ACCESS_COVERS,0.484,1897.2,98.7,22.8,31.5,1920,1080,0.035,1908.6,114.4
Round1,Q3,1272,636.0,ACCESS_COVERS,0.6053,1887.4,107.1,32.6,30.8,1920,1080,0.048,1903.7,122.5
Round1,Q3,1273,636.5,ACCESS_COVERS,0.678,1880.2,115.3,39.8,29.4,1920,1080,0.056,1900.1,130.0
Round1,Q3,1274,637.0,ACCESS_COVERS,0.7314,1872.9,123.4,46.9,28.9,1920,1080,0.065,1896.4,137.9
Round1,Q3,1275,637.5,ACCESS_COVERS,0.7204,1862.9,130.0,57.1,30.3,1920,1080,0.083,1891.4,145.2
Round1,Q3,1276,638.0,ACCESS_COVERS,0.7032,1853.2,137.4,66.8,29.1,1920,1080,0.094,1886.6,151.9
Round1,Q3,1277,638.5,ACCESS_COVERS,0.7498,1840.6,144.1,79.1,29.2,1920,1080,0.111,1880.2,158.7
Round1,Q3,1278,639.0,EMIRATES,0.8991,1458.2,379.1,49.7,20.9,1920,1080,0.05,1483.0,389.6
Round1,Q3,1278,639.0,EMIRATES,0.8753,1108.9,459.1,36.4,15.6,1920,1080,0.027,1127.1,466.9
Round1,Q3,1279,639.5,EMIRATES,0.3402,1086.9,528.2,23.9,32.2,1920,1080,0.037,1098.8,544.3
Round1,Q3,1281,640.5,EMIRATES,0.8748,1313.1,475.6,40.8,27.6,1920,1080,0.054,1333.5,489.4
Round1,Q3,1281,640.5,EMIRATES,0.8484,1714.8,787.4,60.3,15.3,1920,1080,0.045,1744.9,795.1
Round1,Q3,1281,640.5,EMIRATES,0.7497,370.1,258.6,34.6,16.7,1920,1080,0.028,387.4,266.9
Round1,Q3,1281,640.5,EMIRATES,0.5824,1225.0,408.2,41.8,16.4,1920,1080,0.033,1245.9,416.4
Round1,Q3,1283,641.5,EMIRATES,0.8608,513.0,378.5,48.3,17.8,1920,1080,0.041,537.1,387.3
Round1,Q3,1284,642.0,EMIRATES,0.8633,1496.3,196.5,45.9,18.7,1920,1080,0.041,1519.3,205.8
Round1,Q3,1284,642.0,EMIRATES,0.8362,782.9,534.3,61.5,17.4,1920,1080,0.052,813.6,543.0
Round1,Q3,1285,642.5,EMIRATES,0.7498,1192.4,323.0,47.4,16.7,1920,1080,0.038,1216.1,331.3
Round1,Q3,1285,642.5,EMIRATES,0.7414,1213.9,759.8,42.6,23.5,1920,1080,0.048,1235.2,771.6
Round1,Q3,1285,642.5,EMIRATES,0.6622,4.7,527.2,77.8,28.8,1920,1080,0.108,43.6,541.6
Round1,Q3,1286,643.0,EMIRATES,0.8612,1129.9,911.0,77.9,27.6,1920,1080,0.104,1168.8,924.9
Round1,Q3,1286,643.0,EMIRATES,0.8607,1060.1,382.5,43.2,15.1,1920,1080,0.032,1081.7,390.1
Round1,Q3,1286,643.0,EMIRATES,0.8293,1715.8,831.1,54.1,19.9,1920,1080,0.052,1742.9,841.0
Round1,Q3,1286,643.0,EMIRATES,0.7492,1659.3,365.6,41.2,15.2,1920,1080,0.03,1680.0,373.2
Round1,Q3,1287,643.5,EMIRATES,0.8684,633.5,15.7,49.0,16.3,1920,1080,0.038,658.0,23.9
Round1,Q3,1287,643.5,EMIRATES,0.8006,66.2,539.9,65.0,23.1,1920,1080,0.072,98.7,551.4
Round1,Q3,1288,644.0,EMIRATES,0.7369,1825.3,743.9,62.5,22.5,1920,1080,0.068,1856.6,755.2
Round1,Q3,1289,644.5,EMIRATES,0.8834,667.9,127.7,49.8,21.3,1920,1080,0.051,692.8,138.4
Round1,Q3,1289,644.5,EMIRATES,0.8265,1695.5,615.3,68.4,18.5,1920,1080,0.061,1729.7,624.5
Round1,Q3,1289,644.5,EMIRATES,0.7351,588.7,604.9,58.4,19.7,1920,1080,0.055,617.9,614.8
Round1,Q3,1290,645.0,ACCESS_COVERS,0.6939,1500.2,206.6,104.5,22.3,1920,1080,0.112,1552.4,217.7
Round1,Q3,1291,645.5,ACCESS_COVERS,0.6728,1275.6,185.1,109.7,24.8,1920,1080,0.131,1330.5,197.5
Round1,Q3,1292,646.0,ACCESS_COVERS,0.5909,1088.9,153.9,111.5,26.1,1920,1080,0.14,1144.7,167.0
Round1,Q3,1293,646.5,ACCESS_COVERS,0.7719,955.9,118.2,118.0,27.5,1920,1080,0.156,1014.9,131.9
Round1,Q3,1294,647.0,ACCESS_COVERS,0.8034,790.7,67.6,134.1,30.8,1920,1080,0.199,857.8,83.0
Round1,Q3,1295,647.5,ACCESS_COVERS,0.7544,626.9,24.4,140.0,32.2,1920,1080,0.218,696.9,40.5
Round1,Q3,1296,648.0,ACCESS_COVERS,0.781,445.1,17.5,135.3,33.7,1920,1080,0.22,512.7,34.3
Round1,Q3,1297,648.5,ACCESS_COVERS,0.7966,263.5,30.1,132.7,32.4,1920,1080,0.207,329.9,46.2
Round1,Q3,1298,649.0,ACCESS_COVERS,0.7763,210.6,48.4,140.3,32.4,1920,1080,0.219,280.8,64.6
Round1,Q3,1299,649.5,ACCESS_COVERS,0.7764,312.9,75.8,129.0,30.7,1920,1080,0.191,377.4,91.2
Round1,Q3,1300,650.0,ACCESS_COVERS,0.7192,480.4,93.4,132.7,29.7,1920,1080,0.19,546.8,108.3
Round1,Q3,1301,650.5,ACCESS_COVERS,0.727,689.9,100.7,131.9,29.3,1920,1080,0.186,755.9,115.3
Round1,Q3,1304,652.0,EMIRATES,0.8257,1375.3,611.6,65.4,23.1,1920,1080,0.073,1408.0,623.2
Round1,Q3,1305,652.5,EMIRATES,0.8333,1275.0,473.9,74.8,21.2,1920,1080,0.076,1312.4,484.5
Round1,Q3,1305,652.5,EMIRATES,0.8054,1195.1,260.7,47.2,18.6,1920,1080,0.042,1218.7,270.0
Round1,Q3,1306,653.0,EMIRATES,0.813,835.5,479.5,62.7,26.3,1920,1080,0.079,866.9,492.7
Round1,Q3,1306,653.0,EMIRATES,0.8067,1233.6,459.7,64.7,48.1,1920,1080,0.15,1265.9,483.7
Round1,Q3,1307,653.5,EMIRATES,0.8688,474.2,157.3,61.8,28.0,1920,1080,0.083,505.1,171.3
Round1,Q3,1307,653.5,EMIRATES,0.486,1338.4,564.1,42.3,70.4,1920,1080,0.144,1359.5,599.3
Round1,Q3,1308,654.0,EMIRATES,0.8881,478.5,79.1,50.3,28.5,1920,1080,0.069,503.6,93.4
Round1,Q3,1309,654.5,ACCESS_COVERS,0.7579,843.0,104.4,126.9,29.2,1920,1080,0.178,906.5,119.0
Round1,Q3,1310,655.0,ACCESS_COVERS,0.7574,736.9,128.6,121.0,28.2,1920,1080,0.165,797.4,142.7
Round1,Q3,1311,655.5,ACCESS_COVERS,0.7131,617.7,154.4,113.8,26.4,1920,1080,0.145,674.6,167.6
Round1,Q3,1312,656.0,ACCESS_COVERS,0.7374,469.5,187.7,105.0,24.5,1920,1080,0.124,522.0,199.9
Round1,Q3,1313,656.5,ACCESS_COVERS,0.6699,317.6,218.5,98.0,22.5,1920,1080,0.106,366.6,229.8
Round1,Q3,1314,657.0,ACCESS_COVERS,0.6079,115.4,253.5,106.6,22.3,1920,1080,0.115,168.7,264.6
Round1,Q3,1316,658.0,EMIRATES,0.5272,1852.2,392.9,15.9,93.5,1920,1080,0.072,1860.1,439.7
Round1,Q3,1317,658.5,EMIRATES,0.5817,1746.1,368.8,13.6,101.2,1920,1080,0.066,1752.9,419.4
Round1,Q3,1317,658.5,EMIRATES,0.5088,1593.4,345.9,10.8,48.6,1920,1080,0.025,1598.8,370.3
Round1,Q3,1317,658.5,EMIRATES,0.5027,1592.9,393.8,11.4,49.3,1920,1080,0.027,1598.6,418.4
Round1,Q3,1318,659.0,EMIRATES,0.6281,1595.4,345.7,11.7,53.6,1920,1080,0.03,1601.3,372.5
Round1,Q3,1318,659.0,EMIRATES,0.5542,1760.4,373.2,12.9,55.6,1920,1080,0.035,1766.9,401.0
Round1,Q3,1318,659.0,EMIRATES,0.4357,1761.8,318.9,12.5,55.5,1920,1080,0.033,1768.1,346.7
Round1,Q3,1319,659.5,EMIRATES,0.7354,1624.1,316.2,11.9,53.0,1920,1080,0.03,1630.0,342.7
Round1,Q3,1319,659.5,EMIRATES,0.578,1794.1,287.5,12.5,57.9,1920,1080,0.035,1800.3,316.4
Round1,Q3,1319,659.5,EMIRATES,0.5773,1793.6,341.3,13.0,58.9,1920,1080,0.037,1800.1,370.8
Round1,Q3,1319,659.5,EMIRATES,0.5086,1625.1,260.8,11.0,53.0,1920,1080,0.028,1630.6,287.4
Round1,Q3,1320,660.0,EMIRATES,0.7285,1675.2,297.1,12.4,51.1,1920,1080,0.03,1681.4,322.6
Round1,Q3,1320,660.0,EMIRATES,0.6357,1838.9,313.4,13.8,64.4,1920,1080,0.043,1845.8,345.6
Round1,Q3,1320,660.0,EMIRATES,0.6357,1675.8,245.0,11.9,49.8,1920,1080,0.029,1681.7,269.9
Round1,Q3,1320,660.0,EMIRATES,0.3071,1840.1,270.3,13.5,52.6,1920,1080,0.034,1846.9,296.6
Round1,Q3,1321,660.5,EMIRATES,0.6415,1818.0,269.2,13.4,53.6,1920,1080,0.035,1824.7,296.0
Round1,Q3,1321,660.5,EMIRATES,0.5674,1819.5,224.2,12.7,42.8,1920,1080,0.026,1825.8,245.6
Round1,Q3,1323,661.5,ACCESS_COVERS,0.6032,66.5,55.9,107.1,24.0,1920,1080,0.124,120.1,68.0
Round1,Q3,1324,662.0,ACCESS_COVERS,0.4931,325.1,7.4,89.4,18.8,1920,1080,0.081,369.7,16.8
Round1,Q3,1334,667.0,EMIRATES,0.7567,1410.3,804.6,25.7,7.6,1920,1080,0.009,1423.2,808.4
Round1,Q3,1336,668.0,EMIRATES,0.6018,1615.3,775.6,32.0,12.8,1920,1080,0.02,1631.3,782.0
Round1,Q3,1336,668.0,EMIRATES,0.4352,1263.7,889.2,29.1,8.4,1920,1080,0.012,1278.2,893.4
Round1,Q3,1338,669.0,EMIRATES,0.3061,1373.8,701.3,25.7,15.6,1920,1080,0.019,1386.6,709.1
Round1,Q3,1341,670.5,EMIRATES,0.5733,1591.9,773.9,26.7,8.9,1920,1080,0.012,1605.3,778.4
Round1,Q3,1351,675.5,EMIRATES,0.8872,1185.2,340.5,38.6,26.5,1920,1080,0.049,1204.5,353.7
Round1,Q3,1352,676.0,EMIRATES,0.8843,1230.3,359.9,57.6,16.8,1920,1080,0.047,1259.1,368.2
Round1,Q3,1353,676.5,EMIRATES,0.6303,496.7,77.9,56.5,33.9,1920,1080,0.092,524.9,94.8
Round1,Q3,1361,680.5,EMIRATES,0.8187,1123.6,751.8,138.8,54.9,1920,1080,0.368,1193.0,779.3
Round1,Q3,1362,681.0,EMIRATES,0.385,1118.0,147.5,94.0,27.7,1920,1080,0.126,1165.0,161.3
Round1,Q3,1363,681.5,EMIRATES,0.8716,968.0,452.7,179.7,53.1,1920,1080,0.461,1057.9,479.2
Round1,Q3,1363,681.5,EMIRATES,0.7948,1143.1,337.4,106.6,80.8,1920,1080,0.415,1196.3,377.8
Round1,Q3,1364,682.0,EMIRATES,0.8349,1001.3,423.8,189.4,76.4,1920,1080,0.698,1096.0,462.1
Round1,Q3,1367,683.5,EMIRATES,0.8555,1049.6,462.7,173.2,81.3,1920,1080,0.678,1136.1,503.3
Round1,Q3,1367,683.5,EMIRATES,0.8534,27.4,231.8,232.0,72.7,1920,1080,0.813,143.4,268.1
Round1,Q3,1368,684.0,EMIRATES,0.8923,904.2,458.2,160.9,55.7,1920,1080,0.432,984.6,486.0
Round1,Q3,1368,684.0,EMIRATES,0.8423,1716.7,320.4,135.5,72.3,1920,1080,0.473,1784.5,356.6
Round1,Q3,1369,684.5,EMIRATES,0.8965,844.0,561.4,94.8,50.0,1920,1080,0.229,891.5,586.4
Round1,Q3,1369,684.5,EMIRATES,0.8953,1328.7,301.3,194.4,63.1,1920,1080,0.592,1425.9,332.9
Round1,Q3,1370,685.0,EMIRATES,0.8817,840.0,465.4,85.9,51.1,1920,1080,0.212,883.0,490.9
Round1,Q3,1370,685.0,EMIRATES,0.8447,362.0,983.2,78.3,32.3,1920,1080,0.122,401.1,999.4
Round1,Q3,1371,685.5,EMIRATES,0.9043,362.3,958.8,73.9,30.8,1920,1080,0.11,399.3,974.3
Round1,Q3,1371,685.5,EMIRATES,0.8564,1121.2,363.0,103.9,58.7,1920,1080,0.294,1173.1,392.3
Round1,Q3,1372,686.0,EMIRATES,0.9074,362.4,958.9,75.8,30.7,1920,1080,0.112,400.3,974.3
Round1,Q3,1372,686.0,EMIRATES,0.8862,1198.0,397.6,162.6,66.7,1920,1080,0.523,1279.3,430.9
Round1,Q3,1372,686.0,EMIRATES,0.8804,270.7,333.3,141.2,67.5,1920,1080,0.46,341.3,367.0
Round1,Q3,1373,686.5,EMIRATES,0.9075,362.4,958.8,75.6,30.9,1920,1080,0.113,400.2,974.2
Round1,Q3,1373,686.5,EMIRATES,0.8783,1168.2,397.7,158.6,74.8,1920,1080,0.572,1247.5,435.1
Round1,Q3,1373,686.5,EMIRATES,0.8715,954.8,374.0,147.7,64.6,1920,1080,0.46,1028.7,406.3
Round1,Q3,1374,687.0,EMIRATES,0.8951,362.9,959.9,74.8,29.4,1920,1080,0.106,400.3,974.6
Round1,Q3,1375,687.5,EMIRATES,0.8957,363.0,959.9,75.0,29.5,1920,1080,0.107,400.5,974.6
Round1,Q3,1376,688.0,EMIRATES,0.8876,363.2,960.4,74.8,28.8,1920,1080,0.104,400.6,974.8
Round1,Q3,1376,688.0,ACCESS_COVERS,0.3771,753.7,87.4,115.5,45.4,1920,1080,0.253,811.4,110.1
Round1,Q3,1377,688.5,EMIRATES,0.8973,362.9,959.9,75.6,29.4,1920,1080,0.107,400.7,974.6
Round1,Q3,1378,689.0,EMIRATES,0.8833,363.0,960.1,75.6,29.2,1920,1080,0.107,400.8,974.8
Round1,Q3,1382,691.0,EMIRATES,0.9103,1016.3,486.1,148.2,52.2,1920,1080,0.373,1090.4,512.2
Round1,Q3,1382,691.0,EMIRATES,0.8202,723.4,0.0,173.6,32.2,1920,1080,0.27,810.2,16.1
Round1,Q3,1383,691.5,EMIRATES,0.8958,1103.1,507.4,152.2,57.9,1920,1080,0.425,1179.1,536.3
Round1,Q3,1383,691.5,EMIRATES,0.8364,199.7,369.5,99.7,84.5,1920,1080,0.406,249.5,411.7
Round1,Q3,1384,692.0,EMIRATES,0.8951,821.0,526.1,152.2,47.7,1920,1080,0.35,897.1,550.0
Round1,Q3,1385,692.5,EMIRATES,0.8774,1831.0,204.2,89.0,60.4,1920,1080,0.259,1875.5,234.4
Round1,Q3,1385,692.5,EMIRATES,0.8516,871.9,380.6,138.5,58.1,1920,1080,0.388,941.1,409.6
Round1,Q3,1386,693.0,EMIRATES,0.892,1772.1,382.7,110.3,51.2,1920,1080,0.272,1827.2,408.3
Round1,Q3,1386,693.0,EMIRATES,0.8747,1069.5,455.9,107.5,55.1,1920,1080,0.286,1123.3,483.4
Round1,Q3,1387,693.5,EMIRATES,0.8685,1035.7,449.8,118.7,47.1,1920,1080,0.27,1095.0,473.3
Round1,Q3,1387,693.5,EMIRATES,0.8675,1499.9,323.8,96.5,70.1,1920,1080,0.326,1548.1,358.8
Round1,Q3,1388,694.0,EMIRATES,0.8765,942.6,500.2,108.7,41.3,1920,1080,0.216,996.9,520.9
Round1,Q3,1388,694.0,EMIRATES,0.8599,1296.0,354.6,134.3,56.0,1920,1080,0.363,1363.1,382.7
Round1,Q3,1389,694.5,EMIRATES,0.8918,989.8,517.7,88.0,43.9,1920,1080,0.186,1033.8,539.6
Round1,Q3,1390,695.0,EMIRATES,0.9009,833.4,550.4,116.6,47.9,1920,1080,0.27,891.6,574.4
Round1,Q3,1390,695.0,EMIRATES,0.493,420.8,453.0,67.1,61.2,1920,1080,0.198,454.4,483.6
Round1,Q3,1391,695.5,EMIRATES,0.8795,986.8,482.7,123.4,49.5,1920,1080,0.295,1048.5,507.5
Round1,Q3,1391,695.5,EMIRATES,0.8549,220.9,276.5,84.9,45.9,1920,1080,0.188,263.4,299.5
Round1,Q3,1392,696.0,EMIRATES,0.8722,1074.0,524.4,157.1,62.1,1920,1080,0.471,1152.6,555.4
Round1,Q3,1392,696.0,EMIRATES,0.6747,727.1,224.9,51.8,74.5,1920,1080,0.186,753.0,262.2
Round1,Q3,1393,696.5,EMIRATES,0.8792,1194.4,524.1,104.7,45.5,1920,1080,0.23,1246.8,546.8
Round1,Q3,1393,696.5,EMIRATES,0.868,763.7,439.1,88.1,49.1,1920,1080,0.209,807.7,463.7
Round1,Q3,1394,697.0,EMIRATES,0.901,422.9,419.3,125.1,43.6,1920,1080,0.263,485.4,441.1
Round1,Q3,1394,697.0,EMIRATES,0.8417,1036.8,510.2,42.4,51.7,1920,1080,0.106,1058.0,536.1
Round1,Q3,1395,697.5,EMIRATES,0.8939,365.6,430.0,90.9,44.5,1920,1080,0.195,411.0,452.3
Round1,Q3,1396,698.0,EMIRATES,0.9025,41.3,416.0,87.4,43.5,1920,1080,0.183,85.0,437.8
Round1,Q3,1402,701.0,EMIRATES,0.6257,915.2,119.2,32.1,30.2,1920,1080,0.047,931.2,134.3
Round1,Q3,1403,701.5,EMIRATES,0.7081,830.9,214.5,26.6,19.1,1920,1080,0.025,844.1,224.1
Round1,Q3,1404,702.0,EMIRATES,0.8519,818.8,129.1,60.8,21.5,1920,1080,0.063,849.2,139.9
Round1,Q3,1405,702.5,EMIRATES,0.8641,960.7,163.0,56.1,36.7,1920,1080,0.099,988.8,181.3
Round1,Q3,1407,703.5,EMIRATES,0.8651,1171.5,370.5,37.7,15.8,1920,1080,0.029,1190.4,378.4
Round1,Q3,1410,705.0,EMIRATES,0.8809,1360.2,316.8,25.7,17.2,1920,1080,0.021,1373.1,325.4
Round1,Q3,1411,705.5,EMIRATES,0.8535,1533.8,242.3,32.3,22.9,1920,1080,0.036,1550.0,253.7
Round1,Q3,1412,706.0,EMIRATES,0.8924,1602.8,410.7,45.5,18.7,1920,1080,0.041,1625.5,420.0
Round1,Q3,1413,706.5,JAMESON,0.7531,352.9,127.5,62.7,14.1,1920,1080,0.043,384.3,134.6
Round1,Q3,1413,706.5,JAMESON,0.7486,425.3,128.5,65.7,14.2,1920,1080,0.045,458.1,135.6
Round1,Q3,1413,706.5,JAMESON,0.7348,499.0,128.5,63.3,13.7,1920,1080,0.042,530.6,135.3
Round1,Q3,1414,707.0,JAMESON,0.7706,391.3,125.9,65.5,13.4,1920,1080,0.042,424.0,132.6
Round1,Q3,1414,707.0,JAMESON,0.7559,322.0,124.5,62.2,13.8,1920,1080,0.041,353.0,131.4
Round1,Q3,1414,707.0,JAMESON,0.7544,464.1,126.3,61.8,13.0,1920,1080,0.039,495.0,132.8
Round1,Q3,1415,707.5,JAMESON,0.7763,311.0,123.5,58.4,12.9,1920,1080,0.036,340.2,129.9
Round1,Q3,1415,707.5,JAMESON,0.7691,378.3,124.1,62.2,13.1,1920,1080,0.039,409.4,130.7
Round1,Q3,1415,707.5,JAMESON,0.7527,449.5,124.9,59.4,12.0,1920,1080,0.034,479.2,130.9
Round1,Q3,1416,708.0,JAMESON,0.7933,352.8,118.9,60.2,12.5,1920,1080,0.036,382.9,125.2
Round1,Q3,1416,708.0,JAMESON,0.7765,420.7,119.4,60.6,12.3,1920,1080,0.036,451.0,125.5
Round1,Q3,1416,708.0,JAMESON,0.7479,284.7,118.2,59.1,12.8,1920,1080,0.037,314.2,124.6
Round1,Q3,1417,708.5,JAMESON,0.7699,300.8,112.0,58.1,12.4,1920,1080,0.035,329.8,118.2
Round1,Q3,1417,708.5,JAMESON,0.7669,367.7,112.3,57.4,12.4,1920,1080,0.034,396.4,118.5
Round1,Q3,1417,708.5,JAMESON,0.7637,435.1,112.5,57.7,12.8,1920,1080,0.036,464.0,118.9
Round1,Q3,1418,709.0,JAMESON,0.7698,468.2,110.4,58.4,13.3,1920,1080,0.037,497.5,117.1
Round1,Q3,1418,709.0,JAMESON,0.7634,533.4,110.9,55.3,12.9,1920,1080,0.034,561.0,117.3
Round1,Q3,1418,709.0,JAMESON,0.7583,404.5,110.3,56.4,13.2,1920,1080,0.036,432.7,116.9
Round1,Q3,1419,709.5,JAMESON,0.7786,570.0,113.9,53.9,11.6,1920,1080,0.03,597.0,119.7
Round1,Q3,1419,709.5,JAMESON,0.7735,633.2,113.8,53.1,11.3,1920,1080,0.029,659.7,119.5
Round1,Q3,1419,709.5,JAMESON,0.7611,507.0,113.7,54.2,12.1,1920,1080,0.032,534.1,119.7
Round1,Q3,1420,710.0,JAMESON,0.7752,669.2,116.7,54.6,12.0,1920,1080,0.032,696.5,122.7
Round1,Q3,1420,710.0,JAMESON,0.7598,610.1,116.6,51.4,12.2,1920,1080,0.03,635.8,122.7
Round1,Q3,1420,710.0,JAMESON,0.7588,730.8,116.9,51.6,11.6,1920,1080,0.029,756.5,122.6
Round1,Q3,1421,710.5,JAMESON,0.7607,812.8,110.8,50.6,11.5,1920,1080,0.028,838.1,116.6
Round1,Q3,1421,710.5,JAMESON,0.7583,752.8,111.6,53.6,11.7,1920,1080,0.03,779.6,117.5
Round1,Q3,1421,710.5,JAMESON,0.7532,695.0,112.8,50.1,11.0,1920,1080,0.027,720.0,118.3
Round1,Q3,1422,711.0,JAMESON,0.7805,786.2,97.3,50.5,11.4,1920,1080,0.028,811.4,103.0
Round1,Q3,1422,711.0,JAMESON,0.7762,844.3,96.4,51.2,11.6,1920,1080,0.029,869.9,102.2
Round1,Q3,1422,711.0,JAMESON,0.7704,902.9,96.5,49.3,10.3,1920,1080,0.025,927.6,101.6
Round1,Q3,1423,711.5,JAMESON,0.7753,860.0,84.5,48.1,10.5,1920,1080,0.024,884.1,89.8
Round1,Q3,1423,711.5,JAMESON,0.773,974.1,82.9,47.6,9.9,1920,1080,0.023,997.9,87.9
Round1,Q3,1423,711.5,JAMESON,0.7591,916.2,83.8,50.3,10.8,1920,1080,0.026,941.3,89.2
Round1,Q3,1423,711.5,ACCESS_COVERS,0.7206,5.2,72.1,66.1,12.1,1920,1080,0.039,38.3,78.1
Round1,Q3,1424,712.0,JAMESON,0.7927,934.7,73.1,47.8,10.6,1920,1080,0.024,958.6,78.4
Round1,Q3,1424,712.0,JAMESON,0.7771,989.3,71.3,50.3,11.4,1920,1080,0.028,1014.5,77.1
Round1,Q3,1424,712.0,JAMESON,0.7749,1046.4,70.5,47.3,10.1,1920,1080,0.023,1070.1,75.5
Round1,Q3,1424,712.0,ACCESS_COVERS,0.7187,112.5,63.8,58.2,12.1,1920,1080,0.034,141.5,69.8
Round1,Q3,1425,712.5,JAMESON,0.75,1038.4,53.8,48.6,10.8,1920,1080,0.025,1062.7,59.2
Round1,Q3,1425,712.5,JAMESON,0.7407,1094.4,52.7,47.6,11.0,1920,1080,0.025,1118.2,58.2
Round1,Q3,1425,712.5,JAMESON,0.7315,983.7,54.0,47.8,11.0,1920,1080,0.025,1007.6,59.5
Round1,Q3,1425,712.5,ACCESS_COVERS,0.6271,183.0,48.2,56.0,11.1,1920,1080,0.03,211.0,53.8
Round1,Q3,1426,713.0,JAMESON,0.7737,1142.2,37.4,46.9,10.1,1920,1080,0.023,1165.7,42.4
Round1,Q3,1426,713.0,JAMESON,0.7567,1034.0,39.0,46.0,10.8,1920,1080,0.024,1057.0,44.4
Round1,Q3,1426,713.0,JAMESON,0.7422,1085.9,38.5,50.9,11.2,1920,1080,0.027,1111.3,44.1
Round1,Q3,1426,713.0,ACCESS_COVERS,0.6989,260.3,35.5,54.7,10.5,1920,1080,0.028,287.6,40.8
Round1,Q3,1427,713.5,JAMESON,0.7881,1176.8,29.1,46.2,10.6,1920,1080,0.024,1199.9,34.4
Round1,Q3,1427,713.5,JAMESON,0.7508,1122.8,30.0,46.7,10.7,1920,1080,0.024,1146.2,35.3
Round1,Q3,1427,713.5,JAMESON,0.7364,1071.2,30.0,44.7,10.4,1920,1080,0.022,1093.5,35.2
Round1,Q3,1427,713.5,ACCESS_COVERS,0.7259,318.4,29.3,51.3,10.3,1920,1080,0.026,344.1,34.5
Round1,Q3,1428,714.0,JAMESON,0.7283,1162.8,43.9,46.4,10.5,1920,1080,0.023,1186.0,49.2
Round1,Q3,1428,714.0,JAMESON,0.724,1112.3,44.4,43.6,10.5,1920,1080,0.022,1134.1,49.7
Round1,Q3,1428,714.0,JAMESON,0.7234,1214.1,43.1,46.9,10.1,1920,1080,0.023,1237.6,48.2
Round1,Q3,1428,714.0,ACCESS_COVERS,0.6526,388.2,45.3,50.5,9.7,1920,1080,0.024,413.5,50.1
Round1,Q3,1429,714.5,JAMESON,0.7829,1182.1,61.3,45.5,10.0,1920,1080,0.022,1204.8,66.3
Round1,Q3,1429,714.5,JAMESON,0.7742,1233.7,60.0,43.6,9.6,1920,1080,0.02,1255.4,64.8
Round1,Q3,1429,714.5,JAMESON,0.7681,1134.7,62.0,42.7,10.2,1920,1080,0.021,1156.1,67.1
Round1,Q3,1429,714.5,ACCESS_COVERS,0.5906,435.4,63.5,48.5,9.3,1920,1080,0.022,459.7,68.2
Round1,Q3,1430,715.0,JAMESON,0.7879,1242.6,74.7,42.8,10.0,1920,1080,0.021,1264.0,79.7
Round1,Q3,1430,715.0,JAMESON,0.7628,1194.2,75.5,44.5,10.1,1920,1080,0.022,1216.5,80.6
Round1,Q3,1430,715.0,JAMESON,0.7417,1147.3,75.5,40.6,9.9,1920,1080,0.019,1167.6,80.5
Round1,Q3,1430,715.0,ACCESS_COVERS,0.701,471.2,78.0,46.4,9.7,1920,1080,0.022,494.4,82.9
Round1,Q3,1431,715.5,JAMESON,0.751,1203.7,115.9,41.7,10.3,1920,1080,0.021,1224.5,121.0
Round1,Q3,1431,715.5,JAMESON,0.7508,1159.4,116.4,38.4,10.2,1920,1080,0.019,1178.6,121.6
Round1,Q3,1431,715.5,JAMESON,0.7151,1250.7,115.4,39.7,9.8,1920,1080,0.019,1270.6,120.3
Round1,Q3,1432,716.0,JAMESON,0.6842,1265.2,205.3,36.4,9.8,1920,1080,0.017,1283.4,210.2
Round1,Q3,1432,716.0,JAMESON,0.3773,1219.9,205.4,40.2,10.6,1920,1080,0.021,1240.0,210.7
Round1,Q3,1432,716.0,JAMESON,0.3677,1178.1,206.8,35.6,9.5,1920,1080,0.016,1195.9,211.6
Round1,Q3,1433,716.5,JAMESON,0.7537,1263.4,273.2,37.8,9.1,1920,1080,0.016,1282.2,277.8
Round1,Q3,1433,716.5,JAMESON,0.7536,1222.2,273.2,34.5,9.3,1920,1080,0.015,1239.5,277.8
Round1,Q3,1433,716.5,JAMESON,0.734,1306.0,272.6,33.4,9.4,1920,1080,0.015,1322.7,277.3
Round1,Q3,1434,717.0,JAMESON,0.6925,1348.0,235.7,34.9,9.2,1920,1080,0.015,1365.5,240.3
Round1,Q3,1434,717.0,JAMESON,0.6859,1306.4,236.2,36.0,9.8,1920,1080,0.017,1324.5,241.2
Round1,Q3,1434,717.0,JAMESON,0.6405,1265.8,237.2,34.2,8.9,1920,1080,0.015,1282.9,241.7
Round1,Q3,1435,717.5,JAMESON,0.367,1284.5,89.9,32.0,9.9,1920,1080,0.015,1300.5,94.9
Round1,Q3,1435,717.5,JAMESON,0.3594,1324.8,89.7,34.8,9.4,1920,1080,0.016,1342.2,94.4
Round1,Q3,1436,718.0,EMIRATES,0.8688,1113.7,360.0,57.7,23.3,1920,1080,0.065,1142.6,371.6
Round1,Q3,1437,718.5,EMIRATES,0.878,998.3,287.6,67.0,21.8,1920,1080,0.07,1031.8,298.5
Round1,Q3,1438,719.0,EMIRATES,0.9024,934.3,308.9,47.5,19.4,1920,1080,0.044,958.0,318.6
Round1,Q3,1439,719.5,EMIRATES,0.887,1057.6,365.5,37.3,20.5,1920,1080,0.037,1076.3,375.7
Round1,Q3,1441,720.5,EMIRATES,0.8485,1082.5,201.8,52.1,20.3,1920,1080,0.051,1108.5,211.9
Round1,Q3,1443,721.5,EMIRATES,0.8498,1172.9,284.6,38.6,16.7,1920,1080,0.031,1192.2,293.0
Round1,Q3,1444,722.0,EMIRATES,0.8634,1052.9,261.8,63.9,25.4,1920,1080,0.078,1084.8,274.5
Round1,Q3,1445,722.5,EMIRATES,0.8753,1413.2,364.1,36.8,15.6,1920,1080,0.028,1431.6,371.9
Round1,Q3,1446,723.0,EMIRATES,0.8667,1426.0,347.8,37.0,19.7,1920,1080,0.035,1444.5,357.6
Round1,Q3,1446,723.0,EMIRATES,0.6521,535.3,436.2,28.1,21.0,1920,1080,0.028,549.4,446.7
Round1,Q3,1447,723.5,EMIRATES,0.8342,1233.1,296.2,36.6,25.9,1920,1080,0.046,1251.4,309.1
Round1,Q3,1448,724.0,EMIRATES,0.7007,1144.2,249.2,29.2,36.3,1920,1080,0.051,1158.8,267.4
Round1,Q3,1449,724.5,EMIRATES,0.8614,1213.6,268.6,35.1,43.5,1920,1080,0.074,1231.1,290.3
Round1,Q3,1450,725.0,EMIRATES,0.8876,143.6,690.6,64.3,23.9,1920,1080,0.074,175.7,702.5
Round1,Q3,1450,725.0,EMIRATES,0.8842,1203.7,348.7,63.8,26.9,1920,1080,0.083,1235.6,362.2
Round1,Q3,1451,725.5,EMIRATES,0.7191,1732.6,518.8,36.6,11.6,1920,1080,0.02,1750.9,524.6
Round1,Q3,1452,726.0,EMIRATES,0.8127,123.4,604.8,43.4,13.3,1920,1080,0.028,145.1,611.4
Round1,Q3,1452,726.0,EMIRATES,0.6532,923.0,468.8,26.3,9.8,1920,1080,0.012,936.1,473.7
Round1,Q3,1453,726.5,EMIRATES,0.8644,1151.5,292.2,36.1,18.9,1920,1080,0.033,1169.6,301.7
Round1,Q3,1454,727.0,EMIRATES,0.8698,997.5,384.9,48.8,24.2,1920,1080,0.057,1021.9,397.0
Round1,Q3,1455,727.5,EMIRATES,0.8212,1182.9,359.9,37.6,20.0,1920,1080,0.036,1201.7,369.9
Round1,Q3,1456,728.0,EMIRATES,0.8876,1296.9,306.3,45.4,19.9,1920,1080,0.044,1319.6,316.2
Round1,Q3,1457,728.5,EMIRATES,0.9046,1264.6,343.5,46.5,23.9,1920,1080,0.053,1287.8,355.4
Round1,Q3,1458,729.0,EMIRATES,0.8999,1342.0,439.8,79.7,30.5,1920,1080,0.117,1381.9,455.1
Round1,Q3,1459,729.5,EMIRATES,0.8489,805.7,507.2,92.1,48.3,1920,1080,0.214,851.7,531.3
Round1,Q3,1461,730.5,EMIRATES,0.6959,1187.1,314.8,58.0,57.4,1920,1080,0.161,1216.1,343.5
Round1,Q3,1462,731.0,EMIRATES,0.8848,1222.6,309.2,147.5,59.3,1920,1080,0.422,1296.3,338.8
Round1,Q3,1465,732.5,ACCESS_COVERS,0.5785,1440.5,313.5,64.6,17.4,1920,1080,0.054,1472.8,322.2
Round1,Q3,1466,733.0,ACCESS_COVERS,0.575,1459.6,302.0,67.6,17.6,1920,1080,0.057,1493.4,310.7
Round1,Q3,1467,733.5,ACCESS_COVERS,0.5774,1481.9,290.5,68.8,18.7,1920,1080,0.062,1516.3,299.9
Round1,Q3,1468,734.0,ACCESS_COVERS,0.6131,1500.4,277.1,76.7,19.3,1920,1080,0.071,1538.8,286.8
Round1,Q3,1469,734.5,ACCESS_COVERS,0.5106,1525.1,263.2,76.4,19.4,1920,1080,0.071,1563.3,272.9
Round1,Q3,1470,735.0,ACCESS_COVERS,0.4716,1556.9,245.6,82.2,19.6,1920,1080,0.078,1598.0,255.4
Round1,Q3,1471,735.5,ACCESS_COVERS,0.4377,1581.0,231.8,83.9,20.4,1920,1080,0.083,1623.0,242.0
Round1,Q3,1472,736.0,ACCESS_COVERS,0.3079,1579.0,212.0,138.9,29.0,1920,1080,0.194,1648.4,226.5
Round1,Q3,1473,736.5,ACCESS_COVERS,0.527,1627.1,201.9,94.4,22.3,1920,1080,0.102,1674.2,213.0
Round1,Q3,1474,737.0,ACCESS_COVERS,0.4954,1648.7,185.8,98.9,23.3,1920,1080,0.111,1698.2,197.4
Round1,Q3,1475,737.5,ACCESS_COVERS,0.6042,1676.4,171.4,99.9,23.3,1920,1080,0.112,1726.3,183.1
Round1,Q3,1476,738.0,ACCESS_COVERS,0.724,1703.5,155.4,105.4,24.5,1920,1080,0.125,1756.2,167.6
Round1,Q3,1477,738.5,ACCESS_COVERS,0.722,1741.1,137.7,109.6,25.4,1920,1080,0.134,1795.9,150.4
Round1,Q3,1478,739.0,ACCESS_COVERS,0.7856,1800.0,113.0,116.7,28.1,1920,1080,0.158,1858.4,127.0
Round1,Q3,1479,739.5,ACCESS_COVERS,0.6852,1868.0,83.3,51.9,31.0,1920,1080,0.078,1893.9,98.9
Round1,Q3,1480,740.0,EMIRATES,0.8766,1065.1,392.7,30.7,18.2,1920,1080,0.027,1080.5,401.9
Round1,Q3,1481,740.5,EMIRATES,0.873,1648.4,413.3,45.3,18.3,1920,1080,0.04,1671.0,422.5
Round1,Q3,1482,741.0,EMIRATES,0.8678,843.5,398.4,44.5,21.7,1920,1080,0.047,865.7,409.3
Round1,Q3,1483,741.5,EMIRATES,0.4739,441.2,510.9,19.9,16.3,1920,1080,0.016,451.2,519.0
Round1,Q3,1483,741.5,EMIRATES,0.3346,976.3,397.9,18.0,19.1,1920,1080,0.017,985.3,407.4
Round1,Q3,1484,742.0,EMIRATES,0.8916,976.1,406.7,46.0,26.4,1920,1080,0.058,999.0,419.9
Round1,Q3,1484,742.0,EMIRATES,0.8649,1308.5,501.1,41.7,37.0,1920,1080,0.074,1329.4,519.6
Round1,Q3,1484,742.0,EMIRATES,0.6936,494.6,496.4,20.4,11.9,1920,1080,0.012,504.8,502.4
Round1,Q3,1485,742.5,EMIRATES,0.8873,937.6,412.6,53.1,24.5,1920,1080,0.063,964.2,424.8
Round1,Q3,1485,742.5,EMIRATES,0.7159,396.3,488.1,29.3,17.9,1920,1080,0.025,411.0,497.0
Round1,Q3,1486,743.0,EMIRATES,0.7981,1815.6,600.4,68.7,26.7,1920,1080,0.088,1850.0,613.7
Round1,Q3,1486,743.0,EMIRATES,0.6785,193.1,460.3,86.1,27.5,1920,1080,0.114,236.1,474.1
Round1,Q3,1486,743.0,EMIRATES,0.6074,1012.1,575.5,52.5,24.2,1920,1080,0.061,1038.4,587.6
Round1,Q3,1487,743.5,EMIRATES,0.8741,1448.8,535.6,68.2,28.2,1920,1080,0.093,1482.9,549.7
Round1,Q3,1488,744.0,ACCESS_COVERS,0.7635,1377.0,45.0,151.5,33.9,1920,1080,0.248,1452.7,61.9
Round1,Q3,1489,744.5,ACCESS_COVERS,0.7678,844.8,115.6,166.9,32.9,1920,1080,0.265,928.2,132.0
Round1,Q3,1490,745.0,ACCESS_COVERS,0.7038,329.4,171.9,168.0,29.9,1920,1080,0.242,413.4,186.9
Round1,Q3,1491,745.5,ACCESS_COVERS,0.6214,0.0,183.5,51.3,33.9,1920,1080,0.084,25.6,200.5
Round1,Q3,1493,746.5,BOWENS,0.9016,478.4,278.5,200.0,50.1,1920,1080,0.483,578.4,303.6
Round1,Q3,1493,746.5,BOWENS,0.8935,1246.7,296.8,197.5,52.3,1920,1080,0.498,1345.4,323.0
Round1,Q3,1493,746.5,BOWENS,0.8871,38.9,270.4,215.2,51.5,1920,1080,0.534,146.4,296.1
Round1,Q3,1493,746.5,BOWENS,0.8758,834.3,285.9,197.9,50.9,1920,1080,0.486,933.3,311.4
Round1,Q3,1493,746.5,BOWENS,0.8595,1670.6,316.6,207.4,53.2,1920,1080,0.533,1774.3,343.2
Round1,Q3,1494,747.0,BOWENS,0.8752,630.1,254.2,161.0,53.2,1920,1080,0.413,710.6,280.8
Round1,Q3,1494,747.0,BOWENS,0.871,171.1,242.8,227.9,56.2,1920,1080,0.618,285.1,270.9
Round1,Q3,1494,747.0,BOWENS,0.861,1037.5,264.9,214.9,55.9,1920,1080,0.58,1145.0,292.9
Round1,Q3,1494,747.0,BOWENS,0.8609,1499.9,281.1,225.6,59.5,1920,1080,0.647,1612.7,310.9
Round1,Q3,1495,747.5,EMIRATES,0.8589,1411.1,628.2,65.5,18.9,1920,1080,0.06,1443.8,637.6
Round1,Q3,1495,747.5,EMIRATES,0.8451,1056.1,380.8,46.9,25.2,1920,1080,0.057,1079.6,393.4
Round1,Q3,1496,748.0,EMIRATES,0.8214,1183.1,615.4,84.1,30.3,1920,1080,0.123,1225.1,630.6
Round1,Q3,1497,748.5,EMIRATES,0.61,1705.9,365.0,66.0,23.5,1920,1080,0.075,1738.8,376.7
Round1,Q3,1497,748.5,EMIRATES,0.5616,373.3,587.3,66.6,21.1,1920,1080,0.068,406.6,597.9
Round1,Q3,1498,749.0,EMIRATES,0.8874,1454.5,499.5,53.0,29.3,1920,1080,0.075,1481.0,514.1
Round1,Q3,1498,749.0,EMIRATES,0.8629,638.9,489.4,57.3,18.1,1920,1080,0.05,667.5,498.4
Round1,Q3,1498,749.0,EMIRATES,0.8085,220.3,779.9,46.5,21.3,1920,1080,0.048,243.5,790.5
Round1,Q3,1499,749.5,EMIRATES,0.8158,1800.3,603.4,52.5,36.3,1920,1080,0.092,1826.6,621.5
Round1,Q3,1499,749.5,EMIRATES,0.8135,734.3,580.0,58.5,20.2,1920,1080,0.057,763.6,590.1
Round1,Q3,1500,750.0,EMIRATES,0.8687,756.6,530.3,63.7,22.2,1920,1080,0.068,788.5,541.4
Round1,Q3,1500,750.0,EMIRATES,0.6467,1450.3,957.3,42.3,25.1,1920,1080,0.051,1471.4,969.8
Round1,Q3,1501,750.5,EMIRATES,0.8973,709.6,462.4,59.1,23.4,1920,1080,0.067,739.2,474.1
Round1,Q3,1501,750.5,EMIRATES,0.8712,1880.0,918.2,39.8,25.5,1920,1080,0.049,1899.9,930.9
Round1,Q3,1502,751.0,EMIRATES,0.8483,597.5,473.8,64.5,18.7,1920,1080,0.058,629.8,483.1
Round1,Q3,1503,751.5,EMIRATES,0.8803,590.2,493.9,58.0,23.7,1920,1080,0.066,619.2,505.8
Round1,Q3,1504,752.0,EMIRATES,0.8682,724.3,445.6,35.8,26.1,1920,1080,0.045,742.2,458.6
Round1,Q3,1505,752.5,BOWENS,0.8742,795.4,456.0,181.0,51.6,1920,1080,0.45,885.9,481.8
Round1,Q3,1505,752.5,BOWENS,0.8275,1872.7,529.6,47.2,56.6,1920,1080,0.129,1896.4,557.9
Round1,Q3,1506,753.0,BOWENS,0.9113,632.3,463.2,163.3,46.4,1920,1080,0.366,713.9,486.4
Round1,Q3,1506,753.0,BOWENS,0.8794,1724.4,69.3,183.0,43.0,1920,1080,0.379,1815.9,90.8
Round1,Q3,1506,753.0,BOWENS,0.8658,1593.6,527.9,152.1,55.1,1920,1080,0.404,1669.7,555.4
Round1,Q3,1507,753.5,BOWENS,0.8943,1519.6,67.5,173.9,41.7,1920,1080,0.349,1606.6,88.3
Round1,Q3,1507,753.5,BOWENS,0.8701,1397.4,513.3,151.8,56.4,1920,1080,0.413,1473.3,541.5
Round1,Q3,1507,753.5,BOWENS,0.8699,454.6,452.5,163.9,47.4,1920,1080,0.375,536.5,476.2
Round1,Q3,1507,753.5,BOWENS,0.571,697.9,55.6,82.2,37.4,1920,1080,0.148,739.0,74.3
Round1,Q3,1508,754.0,BOWENS,0.9017,1366.0,8.2,178.1,45.1,1920,1080,0.387,1455.0,30.8
Round1,Q3,1508,754.0,BOWENS,0.8773,222.2,420.2,181.2,49.9,1920,1080,0.436,312.8,445.2
Round1,Q3,1508,754.0,BOWENS,0.8697,1239.5,484.9,161.2,57.8,1920,1080,0.45,1320.1,513.8
Round1,Q3,1508,754.0,BOWENS,0.7791,468.7,0.7,107.6,31.9,1920,1080,0.166,522.6,16.7
Round1,Q3,1508,754.0,EMIRATES,0.3857,1842.9,619.6,18.2,77.6,1920,1080,0.068,1852.0,658.4
Round1,Q3,1509,754.5,EMIRATES,0.873,642.0,806.1,55.9,21.1,1920,1080,0.057,669.9,816.6
Round1,Q3,1509,754.5,EMIRATES,0.8521,438.6,187.8,29.9,19.8,1920,1080,0.028,453.5,197.7
Round1,Q3,1509,754.5,EMIRATES,0.7411,1792.5,3.1,78.9,148.6,1920,1080,0.565,1831.9,77.5
Round1,Q3,1510,755.0,EMIRATES,0.824,1527.1,645.6,57.9,26.7,1920,1080,0.075,1556.1,659.0
Round1,Q3,1510,755.0,EMIRATES,0.8185,778.7,179.6,44.8,20.8,1920,1080,0.045,801.1,190.0
Round1,Q3,1510,755.0,EMIRATES,0.4111,1720.0,486.6,56.7,21.7,1920,1080,0.059,1748.4,497.4
Round1,Q3,1511,755.5,EMIRATES,0.8894,974.0,214.7,49.5,19.0,1920,1080,0.045,998.8,224.2
Round1,Q3,1512,756.0,EMIRATES,0.8945,1056.2,311.8,54.1,16.0,1920,1080,0.042,1083.3,319.8
Round1,Q3,1513,756.5,BOWENS,0.8123,0.0,364.4,56.2,52.9,1920,1080,0.143,28.1,390.8
Round1,Q3,1513,756.5,BOWENS,0.6274,960.8,434.0,149.9,58.1,1920,1080,0.42,1035.7,463.0
Round1,Q3,1513,756.5,BOWENS,0.5566,1893.9,569.7,26.1,66.6,1920,1080,0.084,1907.0,603.0
Round1,Q3,1513,756.5,EMIRATES,0.3997,1487.9,557.6,16.4,81.8,1920,1080,0.065,1496.1,598.5
Round1,Q3,1513,756.5,EMIRATES,0.3643,1487.9,469.7,17.1,83.7,1920,1080,0.069,1496.5,511.6
Round1,Q3,1514,757.0,BOWENS,0.8765,0.1,392.2,118.2,50.3,1920,1080,0.287,59.2,417.3
Round1,Q3,1514,757.0,BOWENS,0.8416,1853.3,592.2,66.7,72.7,1920,1080,0.234,1886.6,628.5
Round1,Q3,1514,757.0,BOWENS,0.8161,958.4,457.8,159.1,58.8,1920,1080,0.452,1038.0,487.2
Round1,Q3,1514,757.0,BOWENS,0.7586,1079.0,0.0,173.2,19.7,1920,1080,0.165,1165.5,9.9
Round1,Q3,1514,757.0,EMIRATES,0.3931,1457.4,492.3,16.4,80.9,1920,1080,0.064,1465.6,532.7
Round1,Q3,1515,757.5,BOWENS,0.8966,1088.1,16.0,166.0,44.1,1920,1080,0.353,1171.1,38.0
Round1,Q3,1515,757.5,BOWENS,0.8962,0.0,415.6,172.3,49.4,1920,1080,0.41,86.1,440.3
Round1,Q3,1515,757.5,BOWENS,0.8834,144.2,0.0,182.1,34.1,1920,1080,0.299,235.3,17.0
Round1,Q3,1515,757.5,BOWENS,0.8449,972.5,479.8,151.0,54.9,1920,1080,0.4,1048.1,507.2
Round1,Q3,1515,757.5,BOWENS,0.8413,1824.7,609.6,95.3,73.9,1920,1080,0.34,1872.4,646.6
Round1,Q3,1516,758.0,BOWENS,0.8872,66.7,442.2,167.0,45.4,1920,1080,0.366,150.2,464.9
Round1,Q3,1516,758.0,BOWENS,0.8676,1108.4,61.6,148.6,41.1,1920,1080,0.295,1182.7,82.2
Round1,Q3,1516,758.0,BOWENS,0.8624,208.7,38.4,165.4,40.6,1920,1080,0.324,291.4,58.7
Round1,Q3,1516,758.0,BOWENS,0.8228,1795.3,628.3,124.7,76.0,1920,1080,0.457,1857.7,666.3
Round1,Q3,1516,758.0,BOWENS,0.8161,992.6,503.8,139.3,51.8,1920,1080,0.348,1062.3,529.7
Round1,Q3,1517,758.5,BOWENS,0.907,254.2,80.2,166.7,39.3,1920,1080,0.316,337.6,99.9
Round1,Q3,1517,758.5,BOWENS,0.8987,123.0,465.0,159.2,43.1,1920,1080,0.331,202.6,486.5
Round1,Q3,1517,758.5,BOWENS,0.8888,1105.2,100.9,155.2,40.1,1920,1080,0.3,1182.8,120.9
Round1,Q3,1517,758.5,BOWENS,0.8563,1003.1,523.6,138.5,48.6,1920,1080,0.324,1072.3,547.9
Round1,Q3,1517,758.5,BOWENS,0.8366,1768.3,642.5,126.5,70.0,1920,1080,0.427,1831.5,677.5
Round1,Q3,1518,759.0,BOWENS,0.9094,307.1,124.3,154.0,36.9,1920,1080,0.274,384.1,142.7
Round1,Q3,1518,759.0,BOWENS,0.9009,181.5,489.5,151.7,41.5,1920,1080,0.303,257.4,510.2
Round1,Q3,1518,759.0,BOWENS,0.8715,1113.5,142.9,145.6,38.8,1920,1080,0.272,1186.3,162.3
Round1,Q3,1518,759.0,BOWENS,0.8646,1016.1,546.4,130.7,44.7,1920,1080,0.282,1081.4,568.7
Round1,Q3,1518,759.0,BOWENS,0.8377,1741.7,659.0,122.2,71.0,1920,1080,0.418,1802.8,694.5
Round1,Q3,1519,759.5,BOWENS,0.9077,234.6,508.7,143.4,39.2,1920,1080,0.271,306.3,528.3
Round1,Q3,1519,759.5,BOWENS,0.9018,352.3,160.1,146.5,36.4,1920,1080,0.257,425.5,178.2
Round1,Q3,1519,759.5,BOWENS,0.8952,1120.1,178.0,138.4,36.4,1920,1080,0.243,1189.3,196.2
Round1,Q3,1519,759.5,BOWENS,0.8451,1026.6,563.5,126.3,44.7,1920,1080,0.272,1089.8,585.8
Round1,Q3,1519,759.5,BOWENS,0.8404,1717.7,673.5,115.0,66.5,1920,1080,0.369,1775.2,706.8
Round1,Q3,1520,760.0,BOWENS,0.9007,399.5,195.3,140.6,34.1,1920,1080,0.231,469.9,212.3
Round1,Q3,1520,760.0,BOWENS,0.8967,1127.7,211.0,132.7,36.2,1920,1080,0.232,1194.0,229.1
Round1,Q3,1520,760.0,BOWENS,0.8792,288.8,525.4,134.6,38.0,1920,1080,0.246,356.1,544.4
Round1,Q3,1520,760.0,BOWENS,0.8215,1691.1,685.1,112.3,62.5,1920,1080,0.338,1747.3,716.3
Round1,Q3,1520,760.0,BOWENS,0.8178,1037.6,577.6,115.6,44.3,1920,1080,0.247,1095.4,599.7
Round1,Q3,1521,760.5,EMIRATES,0.8668,466.3,715.4,140.9,49.7,1920,1080,0.337,536.8,740.2
Round1,Q3,1522,761.0,EMIRATES,0.6607,1630.1,701.2,124.8,43.8,1920,1080,0.264,1692.5,723.1
Round1,Q3,1524,762.0,EMIRATES,0.8721,255.7,130.8,164.1,45.9,1920,1080,0.363,337.7,153.8
Round1,Q3,1525,762.5,EMIRATES,0.7684,1185.7,162.4,150.4,48.1,1920,1080,0.349,1260.9,186.4
Round1,Q3,1557,778.5,EMIRATES,0.8007,1522.4,921.7,22.2,9.4,1920,1080,0.01,1533.5,926.4
Round1,Q3,1559,779.5,BOWENS,0.8039,1252.9,755.2,76.6,23.9,1920,1080,0.088,1291.2,767.1
Round1,Q3,1559,779.5,BOWENS,0.6882,1613.0,778.8,89.4,27.8,1920,1080,0.12,1657.7,792.7
Round1,Q3,1567,783.5,ACCESS_COVERS,0.8151,1241.8,4.6,90.4,19.9,1920,1080,0.087,1287.0,14.6
Round1,Q3,1568,784.0,ACCESS_COVERS,0.8055,1240.0,1.5,92.8,15.8,1920,1080,0.071,1286.4,9.4
Round1,Q3,1568,784.0,EMIRATES,0.4228,836.1,558.2,10.7,49.2,1920,1080,0.025,841.5,582.8
Round1,Q3,1568,784.0,EMIRATES,0.358,973.2,578.7,11.2,50.9,1920,1080,0.028,978.8,604.2
Round1,Q3,1569,784.5,EMIRATES,0.6419,1118.6,607.9,11.9,50.7,1920,1080,0.029,1124.5,633.3
Round1,Q3,1570,785.0,EMIRATES,0.4878,958.3,583.3,11.6,55.8,1920,1080,0.031,964.1,611.2
Round1,Q3,1570,785.0,EMIRATES,0.4407,812.6,560.4,10.7,55.3,1920,1080,0.028,818.0,588.1
Round1,Q3,1570,785.0,EMIRATES,0.3908,1116.3,614.3,11.8,49.7,1920,1080,0.028,1122.2,639.1
Round1,Q3,1571,785.5,EMIRATES,0.7134,1290.7,592.1,13.3,55.7,1920,1080,0.036,1297.3,619.9
Round1,Q3,1571,785.5,EMIRATES,0.6412,1112.0,623.2,12.7,53.9,1920,1080,0.033,1118.4,650.1
Round1,Q3,1571,785.5,EMIRATES,0.326,948.1,596.3,12.0,55.2,1920,1080,0.032,954.1,623.9
Round1,Q3,1571,785.5,EMIRATES,0.312,1291.0,651.3,12.6,59.6,1920,1080,0.036,1297.3,681.1
Round1,Q3,1572,786.0,EMIRATES,0.693,1298.8,636.0,12.4,56.5,1920,1080,0.034,1305.0,664.3
Round1,Q3,1572,786.0,EMIRATES,0.4517,931.0,635.5,12.1,61.6,1920,1080,0.036,937.0,666.3
Round1,Q3,1572,786.0,EMIRATES,0.3816,1107.6,667.6,13.0,58.0,1920,1080,0.036,1114.2,696.6
Round1,Q3,1573,786.5,EMIRATES,0.7203,1111.0,708.1,14.5,62.9,1920,1080,0.044,1118.2,739.5
Round1,Q3,1573,786.5,EMIRATES,0.6905,1110.0,640.1,14.5,61.7,1920,1080,0.043,1117.3,671.0
Round1,Q3,1573,786.5,EMIRATES,0.6679,1327.2,669.1,14.2,65.8,1920,1080,0.045,1334.3,702.1
Round1,Q3,1573,786.5,EMIRATES,0.5981,913.3,674.7,13.5,64.4,1920,1080,0.042,920.1,706.9
Round1,Q3,1573,786.5,EMIRATES,0.4246,730.1,642.0,13.4,66.8,1920,1080,0.043,736.8,675.4
Round1,Q3,1573,786.5,EMIRATES,0.3531,912.2,613.4,13.0,59.0,1920,1080,0.037,918.7,642.9
Round1,Q3,1574,787.0,EMIRATES,0.787,885.3,704.6,15.8,77.9,1920,1080,0.06,893.3,743.6
Round1,Q3,1574,787.0,EMIRATES,0.7788,883.8,629.1,14.9,71.6,1920,1080,0.051,891.3,664.9
Round1,Q3,1574,787.0,EMIRATES,0.7749,1126.7,742.4,17.0,77.8,1920,1080,0.064,1135.2,781.3
Round1,Q3,1574,787.0,EMIRATES,0.7342,1126.1,662.2,16.2,73.4,1920,1080,0.057,1134.2,699.0
Round1,Q3,1574,787.0,EMIRATES,0.7227,660.5,671.5,15.4,72.8,1920,1080,0.054,668.2,708.0
Round1,Q3,1574,787.0,EMIRATES,0.7134,1390.3,782.8,16.9,78.5,1920,1080,0.064,1398.7,822.0
Round1,Q3,1574,787.0,EMIRATES,0.7022,1390.0,698.2,16.8,77.0,1920,1080,0.062,1398.4,736.7
Round1,Q3,1574,787.0,EMIRATES,0.6777,660.0,595.9,14.4,71.3,1920,1080,0.05,667.3,631.5
Round1,Q3,1575,787.5,EMIRATES,0.8098,860.7,626.5,17.1,82.6,1920,1080,0.068,869.2,667.7
Round1,Q3,1575,787.5,EMIRATES,0.7942,862.9,718.0,17.6,84.5,1920,1080,0.072,871.7,760.2
Round1,Q3,1575,787.5,EMIRATES,0.7909,599.7,587.6,16.4,82.1,1920,1080,0.065,607.9,628.7
Round1,Q3,1575,787.5,EMIRATES,0.7803,601.5,675.9,16.7,84.3,1920,1080,0.068,609.8,718.1
Round1,Q3,1575,787.5,EMIRATES,0.7711,1143.7,758.5,20.6,88.9,1920,1080,0.088,1154.0,802.9
Round1,Q3,1575,787.5,EMIRATES,0.7681,1450.7,706.3,20.1,89.7,1920,1080,0.087,1460.8,751.1
Round1,Q3,1575,787.5,EMIRATES,0.7624,1142.5,663.3,19.7,87.7,1920,1080,0.083,1152.3,707.2
Round1,Q3,1575,787.5,EMIRATES,0.7567,1451.8,805.9,20.1,92.4,1920,1080,0.09,1461.8,852.1
Round1,Q3,1576,788.0,EMIRATES,0.7901,525.4,554.4,18.8,94.6,1920,1080,0.086,534.8,601.8
Round1,Q3,1576,788.0,EMIRATES,0.7889,834.9,597.9,20.0,98.4,1920,1080,0.095,844.9,647.1
Round1,Q3,1576,788.0,EMIRATES,0.7812,1168.3,643.9,22.6,103.1,1920,1080,0.112,1179.6,695.4
Round1,Q3,1576,788.0,EMIRATES,0.78,527.4,658.5,19.5,99.2,1920,1080,0.093,537.1,708.1
Round1,Q3,1576,788.0,EMIRATES,0.7788,836.6,706.4,21.4,102.2,1920,1080,0.105,847.2,757.5
Round1,Q3,1576,788.0,EMIRATES,0.7762,1533.4,693.1,22.7,107.1,1920,1080,0.117,1544.8,746.7
Round1,Q3,1576,788.0,EMIRATES,0.7679,1169.0,755.3,24.5,105.3,1920,1080,0.125,1181.2,807.9
Round1,Q3,1576,788.0,EMIRATES,0.7619,1533.5,813.8,23.6,105.4,1920,1080,0.12,1545.3,866.5
Round1,Q3,1581,790.5,EMIRATES,0.6307,492.4,2.0,105.2,186.5,1920,1080,0.947,545.0,95.3
Round1,Q3,1581,790.5,EMIRATES,0.4121,488.6,319.0,121.1,699.7,1920,1080,4.087,549.2,668.8
Round1,Q3,1581,790.5,EMIRATES,0.3082,493.2,147.7,175.4,708.8,1920,1080,5.995,580.9,502.1
Round1,Q3,1582,791.0,EMIRATES,0.4955,435.0,1.3,112.7,204.4,1920,1080,1.111,491.3,103.5
Round1,Q3,1583,791.5,EMIRATES,0.3162,361.3,196.4,220.9,706.9,1920,1080,7.53,471.8,549.8
Round1,Q3,1607,803.5,ACCESS_COVERS,0.5009,0.0,60.3,70.4,23.5,1920,1080,0.08,35.2,72.0
Round1,Q3,1608,804.0,EMIRATES,0.6821,1780.4,766.0,42.1,23.4,1920,1080,0.047,1801.4,777.7
Round1,Q3,1610,805.0,EMIRATES,0.4681,1862.6,327.6,37.5,158.5,1920,1080,0.287,1881.4,406.8
Round1,Q3,1615,807.5,JAMESON,0.4124,424.1,166.6,63.7,17.0,1920,1080,0.052,456.0,175.1
Round1,Q3,1618,809.0,EMIRATES,0.4832,1436.7,831.7,23.2,9.6,1920,1080,0.011,1448.3,836.5
Round1,Q3,1619,809.5,EMIRATES,0.7416,1782.3,888.7,24.6,8.4,1920,1080,0.01,1794.6,893.0
Round1,Q3,1620,810.0,EMIRATES,0.701,1668.0,862.3,24.5,8.3,1920,1080,0.01,1680.2,866.5
Round1,Q3,1620,810.0,EMIRATES,0.6074,1388.2,891.1,16.7,8.0,1920,1080,0.006,1396.6,895.1
Round1,Q3,1622,811.0,EMIRATES,0.3934,1822.4,775.0,37.5,12.3,1920,1080,0.022,1841.1,781.1
Round1,Q3,1625,812.5,BOWENS,0.5226,1792.2,740.6,30.7,8.9,1920,1080,0.013,1807.5,745.0
Round1,Q3,1625,812.5,BOWENS,0.4914,1742.3,741.3,31.6,9.0,1920,1080,0.014,1758.1,745.8
Round1,Q3,1625,812.5,BOWENS,0.4668,1408.6,742.4,30.4,8.2,1920,1080,0.012,1423.8,746.5
Round1,Q3,1625,812.5,BOWENS,0.4654,1384.9,793.2,29.2,8.6,1920,1080,0.012,1399.5,797.6
Round1,Q3,1625,812.5,BOWENS,0.4556,1505.4,743.0,30.8,8.0,1920,1080,0.012,1520.8,747.0
Round1,Q3,1625,812.5,BOWENS,0.4453,1586.8,794.4,28.7,10.0,1920,1080,0.014,1601.2,799.4
Round1,Q3,1625,812.5,BOWENS,0.3932,1842.8,738.8,33.4,11.2,1920,1080,0.018,1859.4,744.4
Round1,Q3,1625,812.5,BOWENS,0.3469,1599.4,742.6,28.9,8.1,1920,1080,0.011,1613.8,746.6
Round1,Q3,1625,812.5,BOWENS,0.3154,1695.3,742.1,29.9,8.1,1920,1080,0.012,1710.2,746.1
Round1,Q3,1626,813.0,BOWENS,0.6294,1827.1,741.2,31.1,8.9,1920,1080,0.013,1842.6,745.6
Round1,Q3,1626,813.0,BOWENS,0.3031,1585.6,743.8,29.9,8.3,1920,1080,0.012,1600.5,748.0
Round1,Q3,1628,814.0,EMIRATES,0.4839,1710.1,885.9,23.8,7.8,1920,1080,0.009,1722.0,889.8
Round1,Q3,1631,815.5,EMIRATES,0.7878,1736.1,853.6,19.6,10.0,1920,1080,0.009,1745.9,858.6
Round1,Q3,1632,816.0,EMIRATES,0.5617,1877.1,906.0,12.6,12.1,1920,1080,0.007,1883.3,912.1
Round1,Q3,1632,816.0,EMIRATES,0.3288,1484.0,893.3,21.1,6.3,1920,1080,0.006,1494.6,896.4
Round1,Q3,1633,816.5,EMIRATES,0.6386,1481.3,866.7,22.7,8.0,1920,1080,0.009,1492.6,870.6
Round1,Q3,1633,816.5,EMIRATES,0.3991,1737.6,1012.9,17.0,9.4,1920,1080,0.008,1746.1,1017.6
Round1,Q3,1634,817.0,EMIRATES,0.8468,1469.2,839.0,22.0,7.7,1920,1080,0.008,1480.2,842.8
Round1,Q3,1636,818.0,BOWENS,0.6778,1853.1,753.4,33.8,11.6,1920,1080,0.019,1870.0,759.3
Round1,Q3,1636,818.0,BOWENS,0.5908,1730.8,756.0,27.4,8.2,1920,1080,0.011,1744.5,760.1
Round1,Q3,1636,818.0,BOWENS,0.446,1504.3,755.7,31.1,8.6,1920,1080,0.013,1519.8,760.0
Round1,Q3,1637,818.5,BOWENS,0.7247,1742.5,757.8,26.8,8.3,1920,1080,0.011,1755.9,761.9
Round1,Q3,1637,818.5,BOWENS,0.3943,1865.3,755.8,23.6,10.6,1920,1080,0.012,1877.1,761.1
Round1,Q3,1638,819.0,BOWENS,0.6828,1761.9,765.5,26.7,8.5,1920,1080,0.011,1775.3,769.8
Round1,Q3,1649,824.5,EMIRATES,0.8862,1695.9,195.7,162.2,53.8,1920,1080,0.421,1777.0,222.6
Round1,Q3,1650,825.0,EMIRATES,0.8888,1426.0,236.8,172.6,56.3,1920,1080,0.469,1512.3,265.0
Round1,Q3,1651,825.5,EMIRATES,0.9003,1177.3,261.1,159.0,55.5,1920,1080,0.425,1256.8,288.8
Round1,Q3,1652,826.0,EMIRATES,0.8986,1079.6,318.9,155.4,52.4,1920,1080,0.393,1157.3,345.2
Round1,Q3,1653,826.5,EMIRATES,0.9048,1011.6,343.0,153.6,58.2,1920,1080,0.431,1088.4,372.1
Round1,Q3,1654,827.0,EMIRATES,0.9046,928.4,383.7,127.4,46.9,1920,1080,0.288,992.1,407.1
Round1,Q3,1655,827.5,EMIRATES,0.879,1009.2,418.7,120.0,56.0,1920,1080,0.324,1069.2,446.7
Round1,Q3,1656,828.0,EMIRATES,0.8958,1165.5,401.4,153.1,57.0,1920,1080,0.421,1242.1,429.9
Round1,Q3,1657,828.5,EMIRATES,0.9035,1329.1,418.5,130.1,48.4,1920,1080,0.304,1394.1,442.7
Round1,Q3,1658,829.0,EMIRATES,0.9026,1515.0,409.5,149.1,49.1,1920,1080,0.353,1589.5,434.0
Round1,Q3,1659,829.5,EMIRATES,0.9,1739.2,371.4,153.5,48.5,1920,1080,0.359,1815.9,395.7
Round1,Q3,1670,835.0,EMIRATES,0.8623,1676.1,313.7,192.1,77.7,1920,1080,0.72,1772.2,352.6
Round1,Q3,1671,835.5,EMIRATES,0.884,1396.2,382.2,187.9,60.5,1920,1080,0.548,1490.1,412.4
Round1,Q3,1672,836.0,EMIRATES,0.6891,1068.9,386.1,125.1,50.8,1920,1080,0.307,1131.5,411.5
Round1,Q3,1679,839.5,ACCESS_COVERS,0.5302,1515.2,281.7,70.3,17.7,1920,1080,0.06,1550.4,290.5
Round1,Q3,1680,840.0,ACCESS_COVERS,0.536,1547.1,267.7,77.3,20.7,1920,1080,0.077,1585.8,278.1
Round1,Q3,1681,840.5,ACCESS_COVERS,0.341,1601.9,242.0,89.5,21.3,1920,1080,0.092,1646.7,252.6
Round1,Q3,1682,841.0,ACCESS_COVERS,0.7033,1699.0,198.0,105.1,25.6,1920,1080,0.13,1751.6,210.8
Round1,Q3,1683,841.5,ACCESS_COVERS,0.7278,1783.8,153.5,111.3,26.4,1920,1080,0.142,1839.5,166.7
Round1,Q3,1684,842.0,ACCESS_COVERS,0.7042,1886.2,80.8,33.8,31.1,1920,1080,0.051,1903.1,96.3
Round1,Q3,1686,843.0,EMIRATES,0.8691,435.8,304.2,41.4,20.7,1920,1080,0.041,456.4,314.6
Round1,Q3,1686,843.0,EMIRATES,0.8595,851.1,114.7,43.3,20.3,1920,1080,0.042,872.7,124.8
Round1,Q3,1687,843.5,EMIRATES,0.8883,916.1,22.5,44.2,17.4,1920,1080,0.037,938.2,31.2
Round1,Q3,1687,843.5,EMIRATES,0.858,492.1,380.5,39.9,20.7,1920,1080,0.04,512.1,390.9
Round1,Q3,1688,844.0,EMIRATES,0.8747,1026.2,140.5,47.8,20.6,1920,1080,0.048,1050.1,150.8
Round1,Q3,1689,844.5,EMIRATES,0.644,1656.3,334.7,24.2,14.9,1920,1080,0.017,1668.4,342.1
Round1,Q3,1689,844.5,EMIRATES,0.5332,757.9,386.3,37.9,18.7,1920,1080,0.034,776.8,395.6
Round1,Q3,1690,845.0,EMIRATES,0.865,1022.9,408.0,49.2,15.7,1920,1080,0.037,1047.5,415.8
Round1,Q3,1690,845.0,EMIRATES,0.8192,1214.3,300.6,46.4,16.4,1920,1080,0.037,1237.5,308.8
Round1,Q3,1691,845.5,EMIRATES,0.8832,1238.6,284.3,53.4,16.6,1920,1080,0.043,1265.3,292.6
Round1,Q3,1691,845.5,EMIRATES,0.7145,1096.1,419.9,30.4,12.2,1920,1080,0.018,1111.3,426.0
Round1,Q3,1692,846.0,EMIRATES,0.874,1062.5,393.7,49.2,27.6,1920,1080,0.065,1087.1,407.5
Round1,Q3,1692,846.0,EMIRATES,0.8514,656.6,363.4,55.9,20.5,1920,1080,0.055,684.5,373.6
Round1,Q3,1692,846.0,EMIRATES,0.8169,1432.5,184.2,54.7,18.7,1920,1080,0.049,1459.8,193.5
Round1,Q3,1693,846.5,EMIRATES,0.8749,486.9,211.3,50.0,25.8,1920,1080,0.062,511.9,224.2
Round1,Q3,1694,847.0,EMIRATES,0.8884,608.9,105.4,47.5,18.6,1920,1080,0.043,632.7,114.7
Round1,Q3,1694,847.0,EMIRATES,0.8718,448.7,277.8,49.4,29.8,1920,1080,0.071,473.4,292.7
Round1,Q3,1695,847.5,EMIRATES,0.8736,523.3,185.0,49.0,15.6,1920,1080,0.037,547.9,192.8
Round1,Q3,1696,848.0,EMIRATES,0.8633,904.7,30.4,49.4,20.6,1920,1080,0.049,929.4,40.7
Round1,Q3,1697,848.5,EMIRATES,0.8583,1024.2,111.1,53.4,19.5,1920,1080,0.05,1050.9,120.9
Round1,Q3,1697,848.5,EMIRATES,0.3351,1264.6,403.8,47.4,23.3,1920,1080,0.053,1288.3,415.5
Round1,Q3,1698,849.0,EMIRATES,0.8891,1188.6,56.1,52.4,18.6,1920,1080,0.047,1214.8,65.4
Round1,Q3,1698,849.0,EMIRATES,0.8305,1357.0,398.9,42.5,24.5,1920,1080,0.05,1378.2,411.1
Round1,Q3,1699,849.5,EMIRATES,0.8534,1283.7,102.3,48.1,25.5,1920,1080,0.059,1307.8,115.1
Round1,Q3,1699,849.5,EMIRATES,0.8143,1621.2,740.1,66.6,25.8,1920,1080,0.083,1654.5,752.9
Round1,Q3,1700,850.0,EMIRATES,0.8462,1344.8,567.9,50.6,32.1,1920,1080,0.078,1370.1,584.0
Round1,Q3,1700,850.0,EMIRATES,0.411,1823.2,213.4,61.2,24.5,1920,1080,0.072,1853.8,225.7
Round1,Q3,1701,850.5,EMIRATES,0.778,1270.2,73.2,45.7,20.9,1920,1080,0.046,1293.1,83.7
Round1,Q3,1701,850.5,EMIRATES,0.767,1088.2,345.9,26.2,21.0,1920,1080,0.027,1101.3,356.4
Round1,Q3,1702,851.0,EMIRATES,0.8609,899.1,62.5,46.4,22.6,1920,1080,0.05,922.3,73.8
Round1,Q3,1703,851.5,EMIRATES,0.8766,766.2,81.3,42.9,20.8,1920,1080,0.043,787.7,91.7
Round1,Q3,1703,851.5,EMIRATES,0.8482,1121.4,247.5,59.8,22.1,1920,1080,0.064,1151.3,258.5
Round1,Q3,1704,852.0,EMIRATES,0.8741,592.8,212.9,46.0,20.2,1920,1080,0.045,615.8,223.0
Round1,Q3,1706,853.0,EMIRATES,0.8795,1326.7,351.9,53.0,16.0,1920,1080,0.041,1353.2,359.9
Round1,Q3,1707,853.5,EMIRATES,0.876,1454.3,302.8,47.2,20.2,1920,1080,0.046,1477.9,312.9
Round1,Q3,1707,853.5,EMIRATES,0.8719,1024.7,519.9,47.6,19.7,1920,1080,0.045,1048.5,529.7
Round1,Q3,1707,853.5,EMIRATES,0.8565,1019.5,175.7,45.0,14.9,1920,1080,0.032,1042.0,183.2
Round1,Q3,1708,854.0,EMIRATES,0.8896,1389.8,557.9,63.3,19.4,1920,1080,0.059,1421.4,567.6
Round1,Q3,1708,854.0,EMIRATES,0.8874,1088.8,193.6,45.6,14.4,1920,1080,0.032,1111.6,200.8
Round1,Q3,1708,854.0,EMIRATES,0.8804,1656.8,240.2,31.0,20.6,1920,1080,0.031,1672.3,250.6
Round1,Q3,1709,854.5,EMIRATES,0.8906,1528.0,473.0,59.2,23.2,1920,1080,0.066,1557.6,484.6
Round1,Q3,1709,854.5,EMIRATES,0.8843,1072.0,203.6,46.5,15.5,1920,1080,0.035,1095.3,211.4
Round1,Q3,1709,854.5,EMIRATES,0.88,46.9,461.2,63.2,19.4,1920,1080,0.059,78.5,470.9
Round1,Q3,1709,854.5,EMIRATES,0.7942,1648.2,322.1,24.0,14.7,1920,1080,0.017,1660.2,329.4
Round1,Q3,1710,855.0,EMIRATES,0.8899,1486.8,404.1,54.9,24.3,1920,1080,0.064,1514.3,416.3
Round1,Q3,1710,855.0,EMIRATES,0.8805,489.2,365.2,61.6,26.9,1920,1080,0.08,520.0,378.6
Round1,Q3,1710,855.0,EMIRATES,0.8687,1064.7,249.6,38.6,16.1,1920,1080,0.03,1084.0,257.6
Round1,Q3,1711,855.5,EMIRATES,0.9,1429.7,366.4,49.6,21.5,1920,1080,0.051,1454.5,377.2
Round1,Q3,1711,855.5,EMIRATES,0.6921,824.3,411.4,33.1,19.7,1920,1080,0.032,840.8,421.2
Round1,Q3,1711,855.5,EMIRATES,0.4351,997.0,403.4,36.1,27.0,1920,1080,0.047,1015.0,416.8
Round1,Q3,1712,856.0,EMIRATES,0.894,1298.5,333.2,49.9,15.3,1920,1080,0.037,1323.5,340.8
Round1,Q3,1712,856.0,EMIRATES,0.8579,492.5,2.8,41.8,17.8,1920,1080,0.036,513.4,11.7
Round1,Q3,1712,856.0,EMIRATES,0.7186,1698.8,308.4,20.8,17.1,1920,1080,0.017,1709.2,317.0
Round1,Q3,1713,856.5,EMIRATES,0.8731,642.7,19.5,42.8,17.9,1920,1080,0.037,664.1,28.5
Round1,Q3,1713,856.5,EMIRATES,0.8461,987.2,320.7,43.1,15.9,1920,1080,0.033,1008.8,328.7
Round1,Q3,1713,856.5,EMIRATES,0.4619,871.5,325.4,25.8,24.8,1920,1080,0.031,884.4,337.8
Round1,Q3,1720,860.0,CYBERCX,0.887,314.5,326.3,192.2,114.1,1920,1080,1.058,410.6,383.3
Round1,Q3,1720,860.0,CYBERCX,0.8566,1636.0,32.5,279.9,138.7,1920,1080,1.872,1776.0,101.9
Round1,Q3,1720,860.0,CYBERCX,0.8441,1114.9,659.9,303.9,91.4,1920,1080,1.339,1266.8,705.6
Round1,Q3,1720,860.0,CYBERCX,0.8376,417.6,656.0,283.8,87.4,1920,1080,1.197,559.5,699.7
Round1,Q3,1720,860.0,CYBERCX,0.8283,1060.8,325.9,308.3,132.4,1920,1080,1.968,1214.9,392.1
Round1,Q3,1720,860.0,CYBERCX,0.7925,74.9,47.7,349.6,128.2,1920,1080,2.161,249.7,111.8
Round1,Q3,1721,860.5,CYBERCX,0.8924,314.6,327.7,194.0,113.3,1920,1080,1.059,411.6,384.3
Round1,Q3,1721,860.5,CYBERCX,0.8765,1056.5,331.4,292.4,125.9,1920,1080,1.775,1202.7,394.3
Round1,Q3,1721,860.5,CYBERCX,0.8558,1621.7,30.7,295.0,140.2,1920,1080,1.994,1769.2,100.8
Round1,Q3,1721,860.5,CYBERCX,0.8269,396.8,659.1,268.4,82.4,1920,1080,1.067,531.0,700.3
Round1,Q3,1721,860.5,CYBERCX,0.8134,1227.5,661.0,186.3,90.5,1920,1080,0.813,1320.6,706.2
Round1,Q3,1721,860.5,CYBERCX,0.7852,72.0,48.3,448.8,128.4,1920,1080,2.779,296.4,112.5
Round1,Q3,1722,861.0,CYBERCX,0.8945,314.4,331.0,193.9,112.0,1920,1080,1.047,411.4,387.0
Round1,Q3,1722,861.0,CYBERCX,0.8813,1057.3,332.8,294.5,129.1,1920,1080,1.834,1204.5,397.4
Round1,Q3,1722,861.0,CYBERCX,0.8569,1620.8,33.2,297.2,141.4,1920,1080,2.026,1769.3,103.8
Round1,Q3,1722,861.0,CYBERCX,0.8496,1153.7,665.8,262.5,89.2,1920,1080,1.129,1285.0,710.4
Round1,Q3,1722,861.0,CYBERCX,0.83,391.9,662.1,278.3,82.7,1920,1080,1.11,531.0,703.4
Round1,Q3,1722,861.0,CYBERCX,0.8008,80.7,53.8,416.8,124.2,1920,1080,2.496,289.1,115.9
Round1,Q3,1723,861.5,CYBERCX,0.8772,317.7,329.0,194.4,113.7,1920,1080,1.066,414.9,385.8
Round1,Q3,1723,861.5,CYBERCX,0.8594,1229.5,662.1,191.4,94.8,1920,1080,0.875,1325.2,709.5
Round1,Q3,1723,861.5,CYBERCX,0.8568,1058.6,332.0,288.3,128.0,1920,1080,1.78,1202.8,396.0
Round1,Q3,1723,861.5,CYBERCX,0.8505,1619.3,29.2,296.6,145.6,1920,1080,2.082,1767.6,102.0
Round1,Q3,1723,861.5,CYBERCX,0.8311,394.8,659.3,279.1,89.3,1920,1080,1.201,534.3,703.9
Round1,Q3,1723,861.5,CYBERCX,0.7836,81.1,48.4,454.6,131.4,1920,1080,2.881,308.4,114.1
Round1,Q3,1724,862.0,CYBERCX,0.8933,317.7,344.0,192.8,111.2,1920,1080,1.034,414.1,399.6
Round1,Q3,1724,862.0,CYBERCX,0.8895,1054.3,342.6,292.1,131.6,1920,1080,1.855,1200.4,408.4
Round1,Q3,1724,862.0,CYBERCX,0.8568,1184.5,678.2,235.5,90.3,1920,1080,1.025,1302.3,723.4
Round1,Q3,1724,862.0,CYBERCX,0.8492,397.0,673.8,283.9,84.6,1920,1080,1.158,539.0,716.1
Round1,Q3,1724,862.0,CYBERCX,0.8434,1639.1,50.2,280.6,134.3,1920,1080,1.817,1779.4,117.4
Round1,Q3,1724,862.0,CYBERCX,0.7904,82.5,62.1,458.5,132.5,1920,1080,2.929,311.8,128.3
Round1,Q3,1725,862.5,CYBERCX,0.8902,325.5,342.9,183.8,109.8,1920,1080,0.973,417.4,397.8
Round1,Q3,1725,862.5,CYBERCX,0.8893,1054.3,341.8,290.4,129.8,1920,1080,1.818,1199.5,406.8
Round1,Q3,1725,862.5,CYBERCX,0.8622,1182.6,676.6,237.3,90.5,1920,1080,1.036,1301.3,721.9
Round1,Q3,1725,862.5,CYBERCX,0.8605,1633.7,48.3,286.3,136.1,1920,1080,1.879,1776.8,116.4
Round1,Q3,1725,862.5,CYBERCX,0.8259,408.1,673.2,257.3,81.1,1920,1080,1.006,536.8,713.7
Round1,Q3,1725,862.5,CYBERCX,0.7907,81.9,61.7,457.7,129.6,1920,1080,2.861,310.8,126.5
Round1,Q3,1726,863.0,CYBERCX,0.8833,1058.6,342.1,287.3,129.5,1920,1080,1.794,1202.3,406.8
Round1,Q3,1726,863.0,CYBERCX,0.8758,319.4,343.7,189.0,107.4,1920,1080,0.979,413.9,397.4
Round1,Q3,1726,863.0,CYBERCX,0.8599,1633.2,48.2,286.8,136.0,1920,1080,1.882,1776.6,116.2
Round1,Q3,1726,863.0,CYBERCX,0.8577,1241.7,673.7,176.4,93.3,1920,1080,0.793,1329.9,720.3
Round1,Q3,1726,863.0,CYBERCX,0.8266,406.9,670.6,262.9,83.0,1920,1080,1.053,538.3,712.1
Round1,Q3,1726,863.0,CYBERCX,0.7979,78.9,61.0,428.4,131.7,1920,1080,2.72,293.2,126.9
Round1,Q3,1727,863.5,CYBERCX,0.8749,327.2,331.3,187.9,112.8,1920,1080,1.022,421.1,387.7
Round1,Q3,1727,863.5,CYBERCX,0.8585,1062.9,335.2,328.4,125.2,1920,1080,1.983,1227.1,397.8
Round1,Q3,1727,863.5,CYBERCX,0.8504,1248.4,662.8,177.4,93.8,1920,1080,0.802,1337.1,709.7
Round1,Q3,1727,863.5,CYBERCX,0.8356,411.1,657.2,277.3,90.4,1920,1080,1.209,549.7,702.4
Round1,Q3,1727,863.5,CYBERCX,0.833,79.6,49.8,436.9,132.8,1920,1080,2.799,298.1,116.3
Round1,Q3,1727,863.5,CYBERCX,0.8135,1651.6,37.3,268.4,140.9,1920,1080,1.824,1785.8,107.8
Round1,Q3,1728,864.0,CYBERCX,0.8876,323.5,322.3,190.9,114.0,1920,1080,1.049,418.9,379.3
Round1,Q3,1728,864.0,CYBERCX,0.8652,1056.5,323.2,319.9,131.0,1920,1080,2.021,1216.4,388.7
Round1,Q3,1728,864.0,CYBERCX,0.8632,1194.1,657.9,230.0,91.7,1920,1080,1.017,1309.0,703.7
Round1,Q3,1728,864.0,CYBERCX,0.8611,412.4,650.1,296.4,93.9,1920,1080,1.343,560.6,697.1
Round1,Q3,1728,864.0,CYBERCX,0.8224,1684.8,44.4,234.8,124.1,1920,1080,1.406,1802.2,106.4
Round1,Q3,1728,864.0,CYBERCX,0.8058,77.6,41.8,447.4,132.9,1920,1080,2.866,301.3,108.2
Round1,Q3,1729,864.5,CYBERCX,0.8749,330.2,332.8,186.0,110.3,1920,1080,0.99,423.2,387.9
Round1,Q3,1729,864.5,CYBERCX,0.8609,1057.1,332.9,325.6,129.4,1920,1080,2.032,1219.9,397.6
Round1,Q3,1729,864.5,CYBERCX,0.8436,1171.0,664.5,253.8,90.2,1920,1080,1.104,1297.9,709.6
Round1,Q3,1729,864.5,CYBERCX,0.8429,412.4,657.3,301.2,88.8,1920,1080,1.29,563.0,701.7
Round1,Q3,1729,864.5,CYBERCX,0.8267,83.0,52.3,434.6,129.6,1920,1080,2.717,300.3,117.1
Round1,Q3,1729,864.5,CYBERCX,0.5586,1750.8,70.2,169.0,99.5,1920,1080,0.811,1835.2,119.9
Round1,Q3,1730,865.0,EMIRATES,0.8914,1362.2,596.1,45.4,16.3,1920,1080,0.036,1384.9,604.2
Round1,Q3,1730,865.0,EMIRATES,0.6133,1905.8,339.2,14.2,13.6,1920,1080,0.009,1912.9,345.9
Round1,Q3,1731,865.5,EMIRATES,0.8852,1339.2,631.5,47.9,15.8,1920,1080,0.036,1363.2,639.3
Round1,Q3,1731,865.5,EMIRATES,0.8744,1352.8,781.5,45.8,16.2,1920,1080,0.036,1375.8,789.6
Round1,Q3,1731,865.5,EMIRATES,0.7421,1860.9,372.5,29.7,16.9,1920,1080,0.024,1875.8,381.0
Round1,Q3,1732,866.0,EMIRATES,0.8828,1689.4,387.1,35.6,14.5,1920,1080,0.025,1707.2,394.3
Round1,Q3,1732,866.0,EMIRATES,0.8535,1182.0,641.7,50.2,15.9,1920,1080,0.039,1207.1,649.7
Round1,Q3,1732,866.0,EMIRATES,0.6793,1274.5,789.5,33.4,24.0,1920,1080,0.039,1291.3,801.5
Round1,Q3,1733,866.5,EMIRATES,0.7977,1718.2,290.1,33.8,30.1,1920,1080,0.049,1735.2,305.2
Round1,Q3,1733,866.5,EMIRATES,0.5898,1151.9,617.9,34.9,23.2,1920,1080,0.039,1169.3,629.5
Round1,Q3,1734,867.0,EMIRATES,0.8641,1181.8,457.4,30.8,25.6,1920,1080,0.038,1197.2,470.2
Round1,Q3,1734,867.0,EMIRATES,0.6887,1486.0,211.3,45.5,16.9,1920,1080,0.037,1508.8,219.8
Round1,Q3,1735,867.5,EMIRATES,0.7342,1613.8,197.6,61.5,18.3,1920,1080,0.054,1644.5,206.8
Round1,Q3,1736,868.0,EMIRATES,0.8606,1053.8,320.9,45.6,16.3,1920,1080,0.036,1076.6,329.0
Round1,Q3,1736,868.0,EMIRATES,0.8016,168.2,182.0,61.8,18.0,1920,1080,0.054,199.1,191.0
Round1,Q3,1737,868.5,EMIRATES,0.4589,1035.0,674.8,67.5,26.0,1920,1080,0.085,1068.7,687.8
Round1,Q3,1738,869.0,EMIRATES,0.8759,710.1,122.3,34.7,16.5,1920,1080,0.028,727.5,130.5
Round1,Q3,1738,869.0,EMIRATES,0.7707,687.6,549.6,29.9,19.0,1920,1080,0.027,702.6,559.0
Round1,Q3,1739,869.5,EMIRATES,0.8403,1241.7,566.6,59.2,20.2,1920,1080,0.058,1271.3,576.7
Round1,Q3,1739,869.5,EMIRATES,0.8046,901.1,243.3,52.6,22.3,1920,1080,0.057,927.4,254.5
Round1,Q3,1742,871.0,ACCESS_COVERS,0.6659,482.7,1.9,90.6,18.0,1920,1080,0.079,528.0,10.9
Round1,Q3,1743,871.5,ACCESS_COVERS,0.3294,312.5,13.6,111.9,20.8,1920,1080,0.112,368.4,24.0
Round1,Q3,1744,872.0,ACCESS_COVERS,0.3095,73.2,58.2,105.2,24.4,1920,1080,0.124,125.8,70.4
Round1,Q3,1747,873.5,EMIRATES,0.7742,1074.1,485.5,34.6,16.6,1920,1080,0.028,1091.4,493.8
Round1,Q3,1748,874.0,EMIRATES,0.6239,1315.7,378.3,39.1,20.4,1920,1080,0.038,1335.3,388.5
Round1,Q3,1748,874.0,EMIRATES,0.3596,477.9,755.1,70.7,25.6,1920,1080,0.087,513.2,767.9
Round1,Q3,1749,874.5,EMIRATES,0.3547,1180.0,389.2,53.1,19.5,1920,1080,0.05,1206.5,398.9
Round1,Q3,1751,875.5,EMIRATES,0.484,641.8,452.0,60.5,19.6,1920,1080,0.057,672.1,461.8
Round1,Q3,1752,876.0,EMIRATES,0.8939,858.5,391.5,41.2,16.9,1920,1080,0.034,879.1,399.9
Round1,Q3,1753,876.5,EMIRATES,0.8753,1012.9,310.7,49.1,17.0,1920,1080,0.04,1037.4,319.2
Round1,Q3,1754,877.0,EMIRATES,0.6151,1218.5,144.7,12.0,58.0,1920,1080,0.034,1224.5,173.7
Round1,Q3,1754,877.0,EMIRATES,0.6147,1710.0,196.6,14.3,86.3,1920,1080,0.06,1717.2,239.8
Round1,Q3,1754,877.0,EMIRATES,0.5525,1366.8,148.4,13.6,80.1,1920,1080,0.052,1373.6,188.5
Round1,Q3,1754,877.0,EMIRATES,0.4898,1529.6,170.8,14.0,84.3,1920,1080,0.057,1536.6,212.9
Round1,Q3,1754,877.0,EMIRATES,0.3793,1219.9,102.0,10.8,33.1,1920,1080,0.017,1225.3,118.6
Round1,Q3,1755,877.5,EMIRATES,0.6013,1408.0,149.7,13.6,76.7,1920,1080,0.05,1414.8,188.0
Round1,Q3,1755,877.5,EMIRATES,0.5531,1121.0,123.7,11.8,54.7,1920,1080,0.031,1126.9,151.1
Round1,Q3,1755,877.5,EMIRATES,0.5455,1573.0,169.4,14.1,83.6,1920,1080,0.057,1580.0,211.2
Round1,Q3,1755,877.5,EMIRATES,0.5042,1257.9,131.9,13.0,70.6,1920,1080,0.044,1264.4,167.2
Round1,Q3,1756,878.0,EMIRATES,0.5387,1251.1,131.6,14.2,72.1,1920,1080,0.049,1258.2,167.7
Round1,Q3,1756,878.0,EMIRATES,0.3689,1403.0,153.9,14.2,73.9,1920,1080,0.051,1410.1,190.9
Round1,Q3,1756,878.0,EMIRATES,0.3213,984.4,105.8,12.0,52.9,1920,1080,0.031,990.5,132.2
Round1,Q3,1756,878.0,EMIRATES,0.3173,1113.2,109.5,12.5,71.7,1920,1080,0.043,1119.5,145.4
Round1,Q3,1757,878.5,EMIRATES,0.5169,1253.9,144.4,12.7,71.3,1920,1080,0.044,1260.3,180.1
Round1,Q3,1757,878.5,EMIRATES,0.4049,982.1,108.6,12.0,64.6,1920,1080,0.037,988.1,140.9
Round1,Q3,1757,878.5,EMIRATES,0.3679,1112.9,122.0,12.2,71.4,1920,1080,0.042,1119.0,157.7
Round1,Q3,1757,878.5,EMIRATES,0.3365,861.8,102.9,10.6,49.5,1920,1080,0.025,867.1,127.6
Round1,Q3,1758,879.0,EMIRATES,0.5271,923.3,114.4,10.1,57.1,1920,1080,0.028,928.4,142.9
Round1,Q3,1758,879.0,EMIRATES,0.4892,1177.7,145.0,10.0,66.1,1920,1080,0.032,1182.7,178.1
Round1,Q3,1758,879.0,EMIRATES,0.4399,1045.3,126.6,10.4,63.7,1920,1080,0.032,1050.5,158.4
Round1,Q3,1758,879.0,EMIRATES,0.4156,809.9,104.5,9.8,47.4,1920,1080,0.022,814.9,128.2
Round1,Q3,1759,879.5,EMIRATES,0.4108,1187.8,160.3,10.6,65.3,1920,1080,0.033,1193.1,193.0
Round1,Q3,1759,879.5,EMIRATES,0.3886,943.5,134.7,10.3,51.5,1920,1080,0.025,948.6,160.4
Round1,Q3,1759,879.5,EMIRATES,0.3444,1061.6,154.2,9.6,50.5,1920,1080,0.023,1066.4,179.4
Round1,Q3,1759,879.5,EMIRATES,0.309,834.0,125.3,9.8,41.6,1920,1080,0.02,838.9,146.1
Round1,Q3,1760,880.0,EMIRATES,0.3964,1095.2,162.9,10.2,56.3,1920,1080,0.028,1100.3,191.1
Round1,Q3,1761,880.5,EMIRATES,0.8902,1022.3,545.2,140.6,48.9,1920,1080,0.332,1092.6,569.6
Round1,Q3,1762,881.0,EMIRATES,0.873,1027.8,527.6,124.5,60.0,1920,1080,0.36,1090.0,557.6
Round1,Q3,1765,882.5,ACCESS_COVERS,0.7333,485.5,12.0,56.0,13.2,1920,1080,0.036,513.5,18.6
Round1,Q3,1765,882.5,CYBERCX,0.7231,428.8,9.0,47.9,13.6,1920,1080,0.031,452.8,15.8
Round1,Q3,1802,901.0,EMIRATES,0.8486,1359.5,171.9,48.8,20.5,1920,1080,0.048,1383.9,182.2
Round1,Q3,1803,901.5,EMIRATES,0.8924,1414.9,238.1,52.9,19.2,1920,1080,0.049,1441.3,247.7
Round1,Q3,1804,902.0,EMIRATES,0.8925,1586.5,298.9,51.8,16.7,1920,1080,0.042,1612.4,307.2
Round1,Q3,1805,902.5,EMIRATES,0.7042,773.5,151.9,48.0,36.0,1920,1080,0.083,797.5,169.9
Round1,Q3,1806,903.0,EMIRATES,0.844,883.9,4.6,50.7,24.2,1920,1080,0.059,909.2,16.7
Round1,Q3,1808,904.0,EMIRATES,0.7928,918.8,431.7,32.6,21.4,1920,1080,0.034,935.1,442.4
Round1,Q3,1810,905.0,EMIRATES,0.6575,1232.1,371.9,73.5,25.4,1920,1080,0.09,1268.9,384.6
Round1,Q3,1811,905.5,EMIRATES,0.8678,1242.8,304.0,73.6,31.5,1920,1080,0.112,1279.6,319.8
Round1,Q3,1812,906.0,EMIRATES,0.8796,1431.2,229.8,60.1,25.5,1920,1080,0.074,1461.2,242.6
Round1,Q3,1813,906.5,EMIRATES,0.8784,1601.4,304.0,66.9,21.0,1920,1080,0.068,1634.8,314.5
Round1,Q3,1815,907.5,EMIRATES,0.8723,821.0,387.2,116.8,40.9,1920,1080,0.23,879.4,407.6
Round1,Q3,1816,908.0,EMIRATES,0.7381,28.7,419.9,65.8,42.8,1920,1080,0.136,61.6,441.3
Round1,Q3,1820,910.0,EMIRATES,0.825,399.7,708.7,45.1,55.2,1920,1080,0.12,422.2,736.3
Round1,Q3,1821,910.5,EMIRATES,0.3149,476.7,772.2,19.5,44.3,1920,1080,0.042,486.4,794.3
Round1,Q3,1822,911.0,EMIRATES,0.8226,105.7,529.1,53.1,65.2,1920,1080,0.167,132.3,561.7
Round1,Q3,1823,911.5,EMIRATES,0.4288,289.1,695.0,19.3,62.5,1920,1080,0.058,298.8,726.2
Round1,Q3,1829,914.5,EMIRATES,0.4776,431.5,446.5,16.8,49.3,1920,1080,0.04,439.9,471.2
Round1,Q3,1830,915.0,EMIRATES,0.5961,502.5,363.7,13.8,34.7,1920,1080,0.023,509.4,381.0
Round1,Q3,1831,915.5,EMIRATES,0.8784,388.0,231.2,38.5,33.5,1920,1080,0.062,407.2,247.9
Round1,Q3,1832,916.0,EMIRATES,0.8694,467.8,280.0,33.8,36.9,1920,1080,0.06,484.7,298.4
Round1,Q3,1834,917.0,EMIRATES,0.8917,951.9,216.7,38.6,31.5,1920,1080,0.059,971.2,232.4
Round1,Q3,1835,917.5,EMIRATES,0.6679,997.5,218.9,39.2,33.3,1920,1080,0.063,1017.1,235.6
Round1,Q3,1837,918.5,EMIRATES,0.401,1538.1,64.7,8.6,43.7,1920,1080,0.018,1542.3,86.6
Round1,Q3,1838,919.0,EMIRATES,0.3571,1546.0,76.6,7.9,40.3,1920,1080,0.015,1549.9,96.8
Round1,Q3,1839,919.5,EMIRATES,0.3426,1548.8,79.0,7.9,48.5,1920,1080,0.018,1552.7,103.3
Round1,Q3,1840,920.0,ACCESS_COVERS,0.5156,45.1,1.2,67.4,10.4,1920,1080,0.034,78.8,6.4
Round1,Q3,1840,920.0,EMIRATES,0.4602,1753.7,130.2,7.9,52.9,1920,1080,0.02,1757.7,156.7
Round1,Q3,1840,920.0,EMIRATES,0.3574,1553.9,103.3,8.4,45.4,1920,1080,0.018,1558.1,126.0
Round1,Q3,1841,920.5,ACCESS_COVERS,0.6806,90.2,15.3,67.6,17.2,1920,1080,0.056,124.0,23.9
Round1,Q3,1841,920.5,EMIRATES,0.3645,1574.8,121.6,8.6,44.2,1920,1080,0.018,1579.1,143.7
Round1,Q3,1841,920.5,EMIRATES,0.3152,1668.0,127.7,9.9,55.0,1920,1080,0.026,1673.0,155.2
Round1,Q3,1842,921.0,ACCESS_COVERS,0.6681,113.9,14.0,64.1,15.1,1920,1080,0.047,146.0,21.6
Round1,Q3,1842,921.0,EMIRATES,0.4816,1621.1,113.6,9.4,54.0,1920,1080,0.025,1625.8,140.6
Round1,Q3,1843,921.5,ACCESS_COVERS,0.5103,5.2,36.8,187.0,23.4,1920,1080,0.211,98.7,48.5
Round1,Q3,1843,921.5,EMIRATES,0.3298,1677.6,96.6,10.3,53.2,1920,1080,0.026,1682.7,123.2
Round1,Q3,1844,922.0,EMIRATES,0.8799,882.8,395.8,36.8,20.9,1920,1080,0.037,901.2,406.2
Round1,Q3,1844,922.0,EMIRATES,0.851,1267.4,758.8,70.9,21.3,1920,1080,0.073,1302.8,769.4
Round1,Q3,1845,922.5,EMIRATES,0.8741,751.2,782.0,62.8,26.0,1920,1080,0.079,782.6,795.0
Round1,Q3,1848,924.0,EMIRATES,0.8711,892.2,285.4,27.1,26.9,1920,1080,0.035,905.8,298.9
Round1,Q3,1849,924.5,EMIRATES,0.8572,833.5,335.0,50.2,42.3,1920,1080,0.102,858.7,356.1
Round1,Q3,1865,932.5,EMIRATES,0.879,1846.1,523.2,69.2,20.6,1920,1080,0.069,1880.6,533.5
Round1,Q3,1865,932.5,EMIRATES,0.796,284.6,583.7,61.7,21.9,1920,1080,0.065,315.4,594.6
Round1,Q3,1866,933.0,EMIRATES,0.667,327.2,626.1,55.9,18.2,1920,1080,0.049,355.1,635.2
Round1,Q3,1866,933.0,EMIRATES,0.6569,1638.3,546.4,48.4,18.7,1920,1080,0.044,1662.5,555.7
Round1,Q3,1867,933.5,EMIRATES,0.649,397.4,622.6,51.7,16.0,1920,1080,0.04,423.2,630.6
Round1,Q3,1868,934.0,EMIRATES,0.5771,470.4,633.1,47.5,15.2,1920,1080,0.035,494.2,640.6
Round1,Q3,1868,934.0,EMIRATES,0.4314,1465.1,570.3,23.7,12.5,1920,1080,0.014,1477.0,576.5
Round1,Q3,1869,934.5,EMIRATES,0.6812,1489.6,573.1,38.0,11.9,1920,1080,0.022,1508.6,579.0
Round1,Q3,1869,934.5,EMIRATES,0.5059,518.3,634.5,43.2,13.1,1920,1080,0.027,539.9,641.1
Round1,Q3,1870,935.0,EMIRATES,0.798,172.3,575.1,31.6,15.7,1920,1080,0.024,188.1,583.0
Round1,Q3,1870,935.0,EMIRATES,0.5439,1481.8,581.7,37.5,12.3,1920,1080,0.022,1500.6,587.9
Round1,Q3,1870,935.0,EMIRATES,0.4684,534.9,647.0,40.1,13.9,1920,1080,0.027,555.0,653.9
Round1,Q3,1871,935.5,EMIRATES,0.5676,536.9,662.3,41.2,13.4,1920,1080,0.027,557.5,669.1
Round1,Q3,1872,936.0,EMIRATES,0.8808,1075.1,363.2,133.8,64.2,1920,1080,0.414,1142.0,395.3
Round1,Q3,1873,936.5,EMIRATES,0.6988,1157.2,365.7,74.9,63.5,1920,1080,0.23,1194.7,397.4
Round1,Q3,1873,936.5,EMIRATES,0.5424,966.1,560.2,24.4,46.3,1920,1080,0.054,978.3,583.3
Round1,Q3,1874,937.0,EMIRATES,0.8767,1028.1,568.5,101.3,67.0,1920,1080,0.327,1078.8,602.0
Round1,Q3,1875,937.5,EMIRATES,0.8902,1053.2,549.0,73.4,52.5,1920,1080,0.186,1089.9,575.3
Round1,Q3,1875,937.5,EMIRATES,0.7286,232.6,430.4,148.2,46.7,1920,1080,0.334,306.7,453.8
Round1,Q3,1875,937.5,EMIRATES,0.7104,50.3,699.2,58.2,46.5,1920,1080,0.13,79.3,722.4
Round1,Q3,1876,938.0,EMIRATES,0.8784,1137.3,554.5,111.1,62.4,1920,1080,0.334,1192.8,585.8
Round1,Q3,1876,938.0,EMIRATES,0.8311,324.1,559.8,80.8,55.6,1920,1080,0.217,364.5,587.6
Round1,Q3,1877,938.5,EMIRATES,0.8845,1116.5,545.0,83.6,59.4,1920,1080,0.24,1158.3,574.7
Round1,Q3,1877,938.5,EMIRATES,0.826,1801.9,476.8,98.1,78.2,1920,1080,0.37,1850.9,515.9
Round1,Q3,1877,938.5,EMIRATES,0.3683,245.4,539.4,79.5,58.3,1920,1080,0.223,285.1,568.5
Round1,Q3,1878,939.0,EMIRATES,0.8737,1127.4,572.6,138.5,66.2,1920,1080,0.442,1196.7,605.7
Round1,Q3,1879,939.5,EMIRATES,0.8779,1073.3,517.0,119.3,57.3,1920,1080,0.33,1132.9,545.7
Round1,Q3,1882,941.0,EMIRATES,0.9018,862.7,694.3,42.4,19.3,1920,1080,0.039,883.9,703.9
Round1,Q3,1882,941.0,EMIRATES,0.8689,867.9,294.1,46.0,18.5,1920,1080,0.041,890.8,303.3
Round1,Q3,1883,941.5,EMIRATES,0.8896,850.2,667.7,52.8,28.2,1920,1080,0.072,876.6,681.8
Round1,Q3,1883,941.5,EMIRATES,0.8263,830.7,255.2,62.9,19.2,1920,1080,0.058,862.1,264.9
Round1,Q3,1884,942.0,EMIRATES,0.9025,995.2,665.3,76.0,23.3,1920,1080,0.085,1033.2,676.9
Round1,Q3,1884,942.0,EMIRATES,0.8169,927.2,297.8,61.7,18.7,1920,1080,0.056,958.0,307.2
Round1,Q3,1885,942.5,EMIRATES,0.8912,1388.3,726.2,76.8,22.0,1920,1080,0.082,1426.7,737.2
Round1,Q3,1885,942.5,EMIRATES,0.8845,154.7,329.5,53.1,24.7,1920,1080,0.063,181.3,341.8
Round1,Q3,1886,943.0,EMIRATES,0.8833,1877.9,715.4,41.9,23.6,1920,1080,0.048,1898.9,727.2
Round1,Q3,1886,943.0,EMIRATES,0.8742,742.3,343.8,72.4,27.2,1920,1080,0.095,778.5,357.4
Round1,Q3,1887,943.5,EMIRATES,0.8383,1894.2,737.9,25.8,27.5,1920,1080,0.034,1907.1,751.6
Round1,Q3,1887,943.5,EMIRATES,0.8181,1001.4,372.1,61.1,21.8,1920,1080,0.064,1032.0,383.0
Round1,Q3,1887,943.5,EMIRATES,0.7928,931.1,422.7,44.6,24.0,1920,1080,0.052,953.4,434.7
Round1,Q3,1888,944.0,EMIRATES,0.8716,931.5,553.9,57.6,32.5,1920,1080,0.09,960.4,570.1
Round1,Q3,1888,944.0,EMIRATES,0.8626,1270.1,304.6,66.5,21.1,1920,1080,0.068,1303.4,315.1
Round1,Q3,1889,944.5,EMIRATES,0.8905,1212.2,556.3,53.9,34.2,1920,1080,0.089,1239.1,573.4
Round1,Q3,1889,944.5,EMIRATES,0.8798,1682.6,313.4,62.7,21.4,1920,1080,0.065,1713.9,324.1
Round1,Q3,1890,945.0,EMIRATES,0.895,1418.8,538.1,56.3,20.7,1920,1080,0.056,1446.9,548.4
Round1,Q3,1890,945.0,EMIRATES,0.8796,43.7,203.0,40.9,24.0,1920,1080,0.047,64.2,215.0
Round1,Q3,1891,945.5,EMIRATES,0.8744,1536.7,503.9,55.3,29.4,1920,1080,0.079,1564.4,518.6
Round1,Q3,1891,945.5,EMIRATES,0.8465,171.7,172.8,37.7,23.9,1920,1080,0.043,190.6,184.8
Round1,Q3,1892,946.0,EMIRATES,0.8616,278.4,181.6,44.4,19.0,1920,1080,0.041,300.7,191.1
Round1,Q3,1892,946.0,EMIRATES,0.848,1594.9,458.7,63.7,42.9,1920,1080,0.132,1626.8,480.1
Round1,Q3,1896,948.0,CRUSADER_CARAVANS,0.6649,156.2,4.5,163.0,17.4,1920,1080,0.137,237.7,13.2
Round1,Q3,1896,948.0,CRUSADER_CARAVANS,0.6562,9.0,5.1,126.5,17.0,1920,1080,0.104,72.3,13.6
Round1,Q3,1901,950.5,EMIRATES,0.659,1617.5,718.2,46.8,24.0,1920,1080,0.054,1640.8,730.2
Round1,Q3,1902,951.0,EMIRATES,0.8824,1028.7,389.9,47.9,21.3,1920,1080,0.049,1052.7,400.5
Round1,Q3,1902,951.0,EMIRATES,0.8572,1480.8,539.3,57.6,27.0,1920,1080,0.075,1509.6,552.8
Round1,Q3,1933,966.5,CRUSADER_CARAVANS,0.5037,14.9,228.2,324.6,35.0,1920,1080,0.549,177.2,245.7
Round1,Q3,1933,966.5,CRUSADER_CARAVANS,0.3963,0.0,230.2,14.1,41.6,1920,1080,0.028,7.0,251.0
Round1,Q3,1936,968.0,ACCESS_COVERS,0.7111,1591.6,193.5,134.0,27.4,1920,1080,0.177,1658.6,207.2
Round1,Q3,1937,968.5,ACCESS_COVERS,0.7835,1151.6,195.2,125.3,26.3,1920,1080,0.159,1214.3,208.3
Round1,Q3,1938,969.0,ACCESS_COVERS,0.6836,813.6,178.4,114.0,26.3,1920,1080,0.145,870.6,191.6
Round1,Q3,1939,969.5,ACCESS_COVERS,0.8161,638.7,153.9,120.6,29.1,1920,1080,0.169,699.0,168.5
Round1,Q3,1940,970.0,ACCESS_COVERS,0.8118,520.0,134.5,128.7,31.8,1920,1080,0.197,584.3,150.4
Round1,Q3,1941,970.5,ACCESS_COVERS,0.822,413.6,149.3,129.4,32.3,1920,1080,0.201,478.3,165.4
Round1,Q3,1942,971.0,ACCESS_COVERS,0.8123,329.1,179.7,123.5,30.0,1920,1080,0.179,390.8,194.7
Round1,Q3,1943,971.5,ACCESS_COVERS,0.8033,281.9,207.4,114.5,27.1,1920,1080,0.15,339.2,221.0
Round1,Q3,1944,972.0,ACCESS_COVERS,0.7975,272.8,238.1,105.0,24.6,1920,1080,0.124,325.3,250.4
Round1,Q3,1945,972.5,ACCESS_COVERS,0.7873,226.9,268.6,95.3,23.1,1920,1080,0.106,274.5,280.1
Round1,Q3,1946,973.0,ACCESS_COVERS,0.7377,1.2,272.0,107.1,24.4,1920,1080,0.126,54.8,284.2
Round1,Q3,1949,974.5,EMIRATES,0.8204,1641.9,474.2,41.6,18.1,1920,1080,0.036,1662.6,483.3
Round1,Q3,1950,975.0,EMIRATES,0.8706,1796.1,287.0,45.5,28.0,1920,1080,0.061,1818.8,301.0
Round1,Q3,1950,975.0,EMIRATES,0.6926,78.0,546.7,82.0,26.3,1920,1080,0.104,119.0,559.9
Round1,Q3,1951,975.5,EMIRATES,0.8495,1309.0,542.2,71.7,35.4,1920,1080,0.123,1344.9,560.0
Round1,Q3,1951,975.5,EMIRATES,0.7333,863.5,216.1,80.8,29.5,1920,1080,0.115,903.8,230.8
Round1,Q3,1951,975.5,EMIRATES,0.3923,1894.5,360.5,25.4,25.8,1920,1080,0.032,1907.3,373.4
Round1,Q3,1952,976.0,EMIRATES,0.4126,1821.9,246.6,49.8,22.6,1920,1080,0.054,1846.8,258.0
Round1,Q3,1955,977.5,EMIRATES,0.8843,586.2,349.7,41.7,13.4,1920,1080,0.027,607.0,356.4
Round1,Q3,1955,977.5,EMIRATES,0.868,1054.3,197.5,41.3,12.8,1920,1080,0.026,1075.0,203.9
Round1,Q3,1955,977.5,EMIRATES,0.8189,892.0,2.1,51.0,216.8,1920,1080,0.533,917.5,110.5
Round1,Q3,1955,977.5,EMIRATES,0.6536,987.4,398.4,38.5,13.1,1920,1080,0.024,1006.7,404.9
Round1,Q3,1956,978.0,EMIRATES,0.8763,562.6,390.4,38.0,12.9,1920,1080,0.024,581.6,396.8
Round1,Q3,1956,978.0,EMIRATES,0.8045,852.1,80.2,42.5,209.1,1920,1080,0.429,873.3,184.8
Round1,Q3,1956,978.0,EMIRATES,0.6553,1031.5,261.9,32.3,12.9,1920,1080,0.02,1047.7,268.3
Round1,Q3,1956,978.0,EMIRATES,0.459,158.3,386.2,25.4,11.9,1920,1080,0.015,171.0,392.1
Round1,Q3,1957,978.5,EMIRATES,0.8137,1790.3,170.4,44.0,189.6,1920,1080,0.402,1812.3,265.2
Round1,Q3,1957,978.5,EMIRATES,0.8043,1791.7,0.3,46.0,155.6,1920,1080,0.345,1814.7,78.1
Round1,Q3,1957,978.5,EMIRATES,0.8026,824.8,180.2,38.9,184.0,1920,1080,0.345,844.3,272.2
Round1,Q3,1957,978.5,EMIRATES,0.7665,823.8,0.9,39.6,161.6,1920,1080,0.309,843.7,81.7
Round1,Q3,1957,978.5,EMIRATES,0.6642,566.8,448.0,28.9,11.7,1920,1080,0.016,581.3,453.9
Round1,Q3,1957,978.5,EMIRATES,0.6595,1361.7,428.8,25.6,9.7,1920,1080,0.012,1374.5,433.6
Round1,Q3,1958,979.0,EMIRATES,0.8278,1622.3,90.1,39.6,167.4,1920,1080,0.319,1642.1,173.8
Round1,Q3,1958,979.0,EMIRATES,0.8171,783.0,277.1,34.8,160.6,1920,1080,0.269,800.4,357.5
Round1,Q3,1958,979.0,EMIRATES,0.8116,1621.4,269.1,37.1,162.6,1920,1080,0.291,1639.9,350.4
Round1,Q3,1958,979.0,EMIRATES,0.8089,781.9,99.6,34.7,163.8,1920,1080,0.274,799.3,181.5
Round1,Q3,1958,979.0,EMIRATES,0.5922,1309.1,477.2,24.5,8.9,1920,1080,0.011,1321.4,481.6
Round1,Q3,1959,979.5,EMIRATES,0.8155,744.8,348.8,29.5,139.5,1920,1080,0.198,759.5,418.6
Round1,Q3,1959,979.5,EMIRATES,0.8061,1473.0,343.4,31.8,140.8,1920,1080,0.216,1488.9,413.8
Round1,Q3,1959,979.5,EMIRATES,0.8045,743.5,193.6,30.5,141.5,1920,1080,0.208,758.8,264.4
Round1,Q3,1959,979.5,EMIRATES,0.7988,4.2,188.4,31.3,142.5,1920,1080,0.215,19.9,259.7
Round1,Q3,1959,979.5,EMIRATES,0.7981,1473.3,188.7,33.5,142.5,1920,1080,0.231,1490.0,260.0
Round1,Q3,1959,979.5,EMIRATES,0.7836,8.1,345.5,29.9,141.5,1920,1080,0.204,23.0,416.3
Round1,Q3,1960,980.0,EMIRATES,0.8082,1357.7,417.5,26.5,122.1,1920,1080,0.156,1371.0,478.6
Round1,Q3,1960,980.0,EMIRATES,0.8001,1357.7,285.1,28.1,122.9,1920,1080,0.167,1371.8,346.6
Round1,Q3,1960,980.0,EMIRATES,0.798,727.8,287.1,25.5,121.7,1920,1080,0.149,740.6,347.9
Round1,Q3,1960,980.0,EMIRATES,0.7974,729.2,422.1,25.1,122.5,1920,1080,0.148,741.7,483.3
Round1,Q3,1960,980.0,EMIRATES,0.7806,94.0,421.1,24.8,123.4,1920,1080,0.148,106.5,482.8
Round1,Q3,1960,980.0,EMIRATES,0.7709,90.3,285.5,26.7,123.0,1920,1080,0.158,103.7,347.1
Round1,Q3,1961,980.5,EMIRATES,0.7925,169.7,480.2,23.2,107.4,1920,1080,0.12,181.3,533.9
Round1,Q3,1961,980.5,EMIRATES,0.7917,1275.0,363.4,24.1,104.3,1920,1080,0.121,1287.1,415.6
Round1,Q3,1961,980.5,EMIRATES,0.7848,725.0,481.0,22.6,106.7,1920,1080,0.117,736.3,534.3
Round1,Q3,1961,980.5,EMIRATES,0.7741,1839.4,353.1,27.1,107.7,1920,1080,0.141,1852.9,407.0
Round1,Q3,1961,980.5,EMIRATES,0.7734,725.1,365.0,21.7,106.4,1920,1080,0.112,736.0,418.2
Round1,Q3,1961,980.5,EMIRATES,0.7577,1838.4,473.5,24.4,109.1,1920,1080,0.128,1850.6,528.1
Round1,Q3,1961,980.5,EMIRATES,0.7573,166.1,360.4,24.0,110.2,1920,1080,0.128,178.2,415.5
Round1,Q3,1962,981.0,EMIRATES,0.8023,1209.1,535.0,20.5,92.6,1920,1080,0.092,1219.4,581.3
Round1,Q3,1962,981.0,EMIRATES,0.7965,1209.3,435.3,20.7,92.7,1920,1080,0.093,1219.7,481.6
Round1,Q3,1962,981.0,EMIRATES,0.7807,1697.5,429.5,22.5,95.6,1920,1080,0.104,1708.7,477.3
Round1,Q3,1962,981.0,EMIRATES,0.7779,731.4,437.7,19.6,92.1,1920,1080,0.087,741.2,483.7
Round1,Q3,1962,981.0,EMIRATES,0.7643,249.6,537.0,19.7,94.6,1920,1080,0.09,259.5,584.3
Round1,Q3,1962,981.0,EMIRATES,0.7461,247.1,436.0,20.7,93.8,1920,1080,0.093,257.4,482.9
Round1,Q3,1962,981.0,EMIRATES,0.7423,1697.6,529.1,19.6,98.5,1920,1080,0.093,1707.4,578.4
Round1,Q3,1963,981.5,EMIRATES,0.795,1171.0,575.2,17.7,83.3,1920,1080,0.071,1179.9,616.9
Round1,Q3,1963,981.5,EMIRATES,0.7925,1171.2,486.7,18.2,82.9,1920,1080,0.073,1180.3,528.1
Round1,Q3,1963,981.5,EMIRATES,0.7815,1601.0,482.9,19.4,82.7,1920,1080,0.077,1610.7,524.3
Round1,Q3,1963,981.5,EMIRATES,0.7809,747.9,488.3,17.4,83.2,1920,1080,0.07,756.6,529.9
Round1,Q3,1963,981.5,EMIRATES,0.7604,1601.4,571.6,18.5,86.1,1920,1080,0.077,1610.6,614.7
Round1,Q3,1963,981.5,EMIRATES,0.7042,319.8,486.9,18.3,82.4,1920,1080,0.073,328.9,528.1
Round1,Q3,1963,981.5,EMIRATES,0.6372,320.9,574.8,18.9,88.6,1920,1080,0.081,330.4,619.1
Round1,Q3,1964,982.0,EMIRATES,0.7802,1138.1,605.9,15.9,72.7,1920,1080,0.056,1146.0,642.3
Round1,Q3,1964,982.0,EMIRATES,0.7469,1138.3,527.0,15.7,71.9,1920,1080,0.055,1146.2,562.9
Round1,Q3,1964,982.0,EMIRATES,0.726,1516.0,525.4,17.1,73.8,1920,1080,0.061,1524.5,562.3
Round1,Q3,1964,982.0,EMIRATES,0.7245,765.6,530.0,15.7,72.7,1920,1080,0.055,773.4,566.4
Round1,Q3,1964,982.0,EMIRATES,0.7215,1516.0,605.0,15.9,75.1,1920,1080,0.057,1523.9,642.6
Round1,Q3,1964,982.0,EMIRATES,0.6557,390.4,529.7,15.4,71.5,1920,1080,0.053,398.1,565.4
Round1,Q3,1964,982.0,EMIRATES,0.5753,766.2,609.1,15.8,74.2,1920,1080,0.057,774.1,646.3
Round1,Q3,1965,982.5,EMIRATES,0.7796,779.9,635.6,14.8,66.5,1920,1080,0.047,787.3,668.9
Round1,Q3,1965,982.5,EMIRATES,0.7606,1113.1,634.1,14.0,67.2,1920,1080,0.045,1120.1,667.7
Round1,Q3,1965,982.5,EMIRATES,0.7274,1450.1,562.2,14.8,64.0,1920,1080,0.046,1457.5,594.2
Round1,Q3,1965,982.5,EMIRATES,0.715,1112.9,565.4,14.7,63.5,1920,1080,0.045,1120.2,597.1
Round1,Q3,1965,982.5,EMIRATES,0.7051,1449.6,631.7,14.8,70.0,1920,1080,0.05,1457.0,666.7
Round1,Q3,1965,982.5,EMIRATES,0.6541,444.3,565.7,14.0,64.4,1920,1080,0.044,451.4,597.9
Round1,Q3,1965,982.5,EMIRATES,0.6497,779.1,566.8,14.6,63.1,1920,1080,0.044,786.4,598.4
Round1,Q3,1966,983.0,EMIRATES,0.7437,790.9,665.6,14.0,60.2,1920,1080,0.041,797.9,695.7
Round1,Q3,1966,983.0,EMIRATES,0.7294,1091.4,663.8,13.3,60.6,1920,1080,0.039,1098.1,694.1
Round1,Q3,1966,983.0,EMIRATES,0.623,1396.4,663.9,13.5,61.9,1920,1080,0.04,1403.1,694.8
Round1,Q3,1966,983.0,EMIRATES,0.4566,790.9,602.5,13.2,58.2,1920,1080,0.037,797.5,631.7
Round1,Q3,1966,983.0,EMIRATES,0.3294,488.3,665.1,13.2,62.4,1920,1080,0.04,495.0,696.3
Round1,Q3,1987,993.5,EMIRATES,0.8741,1679.9,799.7,24.4,13.1,1920,1080,0.015,1692.1,806.3
Round1,Q3,1988,994.0,EMIRATES,0.701,1598.5,856.3,17.7,8.8,1920,1080,0.008,1607.3,860.7
Round1,Q3,1989,994.5,EMIRATES,0.701,1744.7,836.0,30.9,8.6,1920,1080,0.013,1760.1,840.3
Round1,Q3,1991,995.5,EMIRATES,0.8983,1852.6,740.0,36.9,19.4,1920,1080,0.035,1871.1,749.7
Round1,Q3,1999,999.5,EMIRATES,0.3213,1672.2,865.7,33.8,11.0,1920,1080,0.018,1689.1,871.2
Round1,Q3,2001,1000.5,EMIRATES,0.7788,1815.9,790.4,36.5,15.0,1920,1080,0.026,1834.1,798.0
Round1,Q3,2007,1003.5,EMIRATES,0.8812,994.9,590.3,31.7,10.4,1920,1080,0.016,1010.8,595.5
Round1,Q3,2008,1004.0,EMIRATES,0.8479,990.4,589.2,28.6,10.0,1920,1080,0.014,1004.7,594.2
Round1,Q3,2008,1004.0,EMIRATES,0.4339,1335.4,771.5,21.5,10.4,1920,1080,0.011,1346.2,776.7
Round1,Q3,2009,1004.5,EMIRATES,0.8207,990.9,588.6,25.1,8.9,1920,1080,0.011,1003.5,593.1
Round1,Q3,2010,1005.0,EMIRATES,0.758,993.2,588.5,23.5,8.3,1920,1080,0.009,1005.0,592.6
Round1,Q3,2011,1005.5,EMIRATES,0.3075,1000.1,589.8,20.1,7.5,1920,1080,0.007,1010.1,593.5
Round1,Q3,2016,1008.0,ACCESS_COVERS,0.4338,0.6,105.3,77.2,17.6,1920,1080,0.066,39.3,114.1
Round1,Q3,2017,1008.5,ACCESS_COVERS,0.7053,104.3,370.5,71.2,14.4,1920,1080,0.049,139.9,377.7
Round1,Q3,2017,1008.5,CYBERCX,0.5859,27.0,366.7,68.7,17.1,1920,1080,0.056,61.3,375.2
Round1,Q3,2018,1009.0,ACCESS_COVERS,0.7722,176.9,593.6,61.7,12.9,1920,1080,0.038,207.7,600.0
Round1,Q3,2018,1009.0,CYBERCX,0.6453,106.7,591.6,59.5,13.6,1920,1080,0.039,136.5,598.4
Round1,Q3,2019,1009.5,ACCESS_COVERS,0.7195,236.5,631.0,56.9,11.0,1920,1080,0.03,264.9,636.5
Round1,Q3,2019,1009.5,CYBERCX,0.5109,173.2,630.1,53.1,11.9,1920,1080,0.031,199.7,636.0
Round1,Q3,2020,1010.0,ACCESS_COVERS,0.7469,260.4,585.9,55.1,10.6,1920,1080,0.028,287.9,591.2
Round1,Q3,2021,1010.5,ACCESS_COVERS,0.7231,255.0,336.1,60.8,13.4,1920,1080,0.039,285.4,342.8
Round1,Q3,2021,1010.5,CYBERCX,0.6145,195.3,335.0,54.5,14.0,1920,1080,0.037,222.6,342.0
Round1,Q3,2026,1013.0,EMIRATES,0.5408,141.0,16.5,108.4,143.6,1920,1080,0.751,195.2,88.3
Round1,Q3,2026,1013.0,EMIRATES,0.3015,123.8,317.3,132.3,703.6,1920,1080,4.489,189.9,669.1
Round1,Q3,2035,1017.5,EMIRATES,0.5277,155.4,0.5,82.6,22.3,1920,1080,0.089,196.7,11.6
Round1,Q3,2035,1017.5,EMIRATES,0.5167,1463.3,882.3,169.2,55.1,1920,1080,0.449,1547.9,909.8
Round1,Q3,2036,1018.0,EMIRATES,0.4483,1136.4,37.5,96.0,67.1,1920,1080,0.31,1184.4,71.0
Round1,Q3,2066,1033.0,CRUSADER_CARAVANS,0.3857,14.2,228.3,310.6,35.3,1920,1080,0.528,169.5,246.0
Round1,Q3,2066,1033.0,CRUSADER_CARAVANS,0.3399,1479.2,213.3,405.4,36.5,1920,1080,0.713,1681.9,231.6
Round1,Q3,2066,1033.0,CRUSADER_CARAVANS,0.3246,0.0,229.4,14.2,43.2,1920,1080,0.03,7.1,251.0
Round1,Q3,2069,1034.5,ACCESS_COVERS,0.7273,1626.9,191.0,154.0,29.1,1920,1080,0.216,1703.9,205.5
Round1,Q3,2070,1035.0,ACCESS_COVERS,0.7831,1151.9,195.2,124.6,26.2,1920,1080,0.158,1214.1,208.3
Round1,Q3,2071,1035.5,ACCESS_COVERS,0.7688,834.5,178.0,118.2,28.5,1920,1080,0.163,893.6,192.3
Round1,Q3,2072,1036.0,ACCESS_COVERS,0.8061,639.3,154.1,120.5,29.1,1920,1080,0.169,699.5,168.6
Round1,Q3,2073,1036.5,ACCESS_COVERS,0.8005,523.3,135.4,140.0,32.1,1920,1080,0.217,593.3,151.5
Round1,Q3,2081,1040.5,ACCESS_COVERS,0.783,50.8,119.0,53.5,11.8,1920,1080,0.031,77.5,124.9
Round1,Q3,2081,1040.5,CYBERCX,0.4331,0.4,116.4,44.2,11.9,1920,1080,0.025,22.5,122.3
Round1,Q3,2082,1041.0,ACCESS_COVERS,0.8021,79.6,115.2,54.3,11.3,1920,1080,0.03,106.8,120.9
Round1,Q3,2082,1041.0,CYBERCX,0.3543,21.2,112.2,51.3,11.9,1920,1080,0.029,46.9,118.2
Round1,Q3,2083,1041.5,ACCESS_COVERS,0.7802,136.5,109.1,52.0,10.4,1920,1080,0.026,162.5,114.4
Round1,Q3,2083,1041.5,CYBERCX,0.3283,76.9,106.4,52.9,12.0,1920,1080,0.031,103.4,112.4
Round1,Q3,2084,1042.0,ACCESS_COVERS,0.659,71.9,22.0,64.4,15.4,1920,1080,0.048,104.1,29.7
Round1,Q3,2086,1043.0,EMIRATES,0.7755,1042.5,250.2,46.1,19.8,1920,1080,0.044,1065.5,260.1
Round1,Q3,2086,1043.0,EMIRATES,0.6938,1218.9,693.9,41.8,24.4,1920,1080,0.049,1239.8,706.1
Round1,Q3,2087,1043.5,EMIRATES,0.8587,1015.5,252.8,63.4,24.4,1920,1080,0.075,1047.2,265.0
Round1,Q3,2087,1043.5,EMIRATES,0.8254,1171.1,861.0,71.4,26.6,1920,1080,0.092,1206.8,874.3
Round1,Q3,2088,1044.0,EMIRATES,0.8833,1377.3,422.4,55.9,18.7,1920,1080,0.05,1405.2,431.8
Round1,Q3,2088,1044.0,EMIRATES,0.8728,1123.0,1033.4,69.8,22.5,1920,1080,0.076,1157.9,1044.7
Round1,Q3,2088,1044.0,EMIRATES,0.8653,999.8,388.0,60.0,26.6,1920,1080,0.077,1029.8,401.3
Round1,Q3,2089,1044.5,EMIRATES,0.8888,1477.4,439.2,51.1,18.3,1920,1080,0.045,1503.0,448.3
Round1,Q3,2089,1044.5,EMIRATES,0.88,942.4,403.1,60.9,19.2,1920,1080,0.057,972.8,412.7
Round1,Q3,2090,1045.0,EMIRATES,0.8972,1553.8,450.6,45.8,17.9,1920,1080,0.04,1576.7,459.5
Round1,Q3,2090,1045.0,EMIRATES,0.5654,156.1,697.2,25.4,20.7,1920,1080,0.025,168.8,707.6
Round1,Q3,2112,1056.0,EMIRATES,0.892,922.2,781.9,86.9,37.1,1920,1080,0.155,965.6,800.4
Round1,Q3,2113,1056.5,EMIRATES,0.8775,635.3,886.6,96.3,33.1,1920,1080,0.154,683.5,903.2
Round1,Q3,2114,1057.0,EMIRATES,0.495,309.5,1058.4,114.1,19.2,1920,1080,0.106,366.6,1068.0
Round1,Q3,2120,1060.0,ACCESS_COVERS,0.7532,1514.3,268.1,70.3,18.6,1920,1080,0.063,1549.4,277.4
Round1,Q3,2121,1060.5,ACCESS_COVERS,0.7298,1537.3,256.6,72.0,19.0,1920,1080,0.066,1573.3,266.1
Round1,Q3,2122,1061.0,ACCESS_COVERS,0.7475,1556.2,245.1,77.6,19.4,1920,1080,0.073,1595.0,254.8
Round1,Q3,2123,1061.5,ACCESS_COVERS,0.7366,1575.2,234.4,80.1,20.3,1920,1080,0.078,1615.3,244.6
Round1,Q3,2124,1062.0,ACCESS_COVERS,0.7583,1604.1,220.7,81.5,20.3,1920,1080,0.08,1644.9,230.9
Round1,Q3,2125,1062.5,ACCESS_COVERS,0.7619,1632.9,205.6,88.7,22.1,1920,1080,0.094,1677.2,216.6
Round1,Q3,2126,1063.0,ACCESS_COVERS,0.7857,1687.7,178.7,94.8,24.2,1920,1080,0.111,1735.1,190.8
Round1,Q3,2127,1063.5,EMIRATES,0.8666,1151.3,582.0,35.1,15.2,1920,1080,0.026,1168.9,589.5
Round1,Q3,2131,1065.5,EMIRATES,0.8797,1021.8,327.6,37.0,16.6,1920,1080,0.03,1040.3,336.0
Round1,Q3,2132,1066.0,EMIRATES,0.8934,940.8,332.1,48.7,18.2,1920,1080,0.043,965.1,341.2
Round1,Q3,2133,1066.5,EMIRATES,0.8842,850.5,371.0,49.3,16.1,1920,1080,0.038,875.1,379.1
Round1,Q3,2133,1066.5,EMIRATES,0.7231,1787.9,269.9,30.9,16.8,1920,1080,0.025,1803.4,278.3
Round1,Q3,2134,1067.0,EMIRATES,0.8908,749.5,392.5,48.9,15.4,1920,1080,0.036,774.0,400.3
Round1,Q3,2134,1067.0,EMIRATES,0.8657,1412.4,269.5,39.4,20.5,1920,1080,0.039,1432.1,279.8
Round1,Q3,2135,1067.5,EMIRATES,0.8861,721.7,413.9,45.8,17.0,1920,1080,0.038,744.6,422.4
Round1,Q3,2135,1067.5,EMIRATES,0.8753,1032.6,243.6,48.3,16.5,1920,1080,0.038,1056.7,251.9
Round1,Q3,2136,1068.0,EMIRATES,0.8907,682.1,424.9,45.4,14.8,1920,1080,0.032,704.8,432.3
Round1,Q3,2136,1068.0,EMIRATES,0.7985,1809.3,761.9,35.3,13.6,1920,1080,0.023,1826.9,768.7
Round1,Q3,2136,1068.0,EMIRATES,0.4104,595.5,255.9,30.4,14.7,1920,1080,0.022,610.7,263.3
Round1,Q3,2137,1068.5,EMIRATES,0.8905,660.0,452.2,45.8,15.4,1920,1080,0.034,682.9,459.9
Round1,Q3,2137,1068.5,EMIRATES,0.5884,1801.6,712.7,19.1,19.8,1920,1080,0.018,1811.1,722.6
Round1,Q3,2138,1069.0,EMIRATES,0.8733,661.8,468.9,43.3,14.4,1920,1080,0.03,683.4,476.1
Round1,Q3,2139,1069.5,EMIRATES,0.8701,708.1,484.1,28.9,15.9,1920,1080,0.022,722.6,492.1
Round1,Q3,2140,1070.0,EMIRATES,0.8889,747.2,489.4,31.9,16.4,1920,1080,0.025,763.1,497.6
Round1,Q3,2141,1070.5,EMIRATES,0.8834,823.5,500.2,27.6,17.9,1920,1080,0.024,837.3,509.2
Round1,Q3,2142,1071.0,EMIRATES,0.8762,788.1,505.8,50.4,16.2,1920,1080,0.039,813.3,513.9
Round1,Q3,2148,1074.0,JAMESON,0.8778,1467.6,68.4,60.6,17.0,1920,1080,0.05,1497.9,76.9
Round1,Q3,2148,1074.0,JAMESON,0.8773,144.1,163.7,59.7,16.9,1920,1080,0.049,174.0,172.2
Round1,Q3,2148,1074.0,JAMESON,0.8771,18.7,164.2,64.2,17.0,1920,1080,0.053,50.8,172.7
Round1,Q3,2148,1074.0,JAMESON,0.8771,1671.7,153.8,57.2,17.0,1920,1080,0.047,1700.3,162.3
Round1,Q3,2148,1074.0,JAMESON,0.8767,1559.3,154.9,54.3,16.2,1920,1080,0.042,1586.5,163.0
Round1,Q3,2148,1074.0,JAMESON,0.8759,1810.0,62.5,67.0,17.6,1920,1080,0.057,1843.5,71.3
Round1,Q3,2148,1074.0,JAMESON,0.8721,1341.2,156.4,53.3,15.6,1920,1080,0.04,1367.8,164.3
Round1,Q3,2148,1074.0,JAMESON,0.8716,1635.3,66.0,63.7,17.3,1920,1080,0.053,1667.2,74.7
Round1,Q3,2148,1074.0,JAMESON,0.87,1129.0,157.3,52.9,15.7,1920,1080,0.04,1155.4,165.2
Round1,Q3,2148,1074.0,JAMESON,0.8688,156.2,70.7,66.5,17.9,1920,1080,0.057,189.5,79.7
Round1,Q3,2148,1074.0,JAMESON,0.8669,1305.0,70.8,59.5,16.7,1920,1080,0.048,1334.7,79.2
Round1,Q3,2148,1074.0,JAMESON,0.8668,1234.6,156.9,53.4,15.6,1920,1080,0.04,1261.3,164.7
Round1,Q3,2148,1074.0,JAMESON,0.8656,599.1,160.8,53.8,16.0,1920,1080,0.041,626.0,168.8
Round1,Q3,2148,1074.0,JAMESON,0.8653,263.2,163.4,57.4,16.4,1920,1080,0.045,291.9,171.6
Round1,Q3,2148,1074.0,JAMESON,0.865,1449.2,155.7,54.1,15.8,1920,1080,0.041,1476.2,163.6
Round1,Q3,2148,1074.0,JAMESON,0.8642,1023.7,158.3,52.8,15.2,1920,1080,0.039,1050.1,165.9
Round1,Q3,2148,1074.0,JAMESON,0.8639,1788.0,152.6,59.0,16.4,1920,1080,0.047,1817.5,160.8
Round1,Q3,2148,1074.0,JAMESON,0.8617,813.2,159.4,52.7,15.7,1920,1080,0.04,839.6,167.3
Round1,Q3,2148,1074.0,JAMESON,0.8615,334.4,72.4,62.7,17.6,1920,1080,0.053,365.7,81.2
Round1,Q3,2148,1074.0,JAMESON,0.8602,489.7,161.6,54.5,16.2,1920,1080,0.043,517.0,169.8
Round1,Q3,2148,1074.0,JAMESON,0.8587,377.9,162.5,56.0,16.2,1920,1080,0.044,405.9,170.6
Round1,Q3,2148,1074.0,JAMESON,0.8559,986.7,72.7,59.2,16.7,1920,1080,0.048,1016.3,81.0
Round1,Q3,2148,1074.0,JAMESON,0.854,1145.3,71.6,58.9,17.3,1920,1080,0.049,1174.8,80.3
Round1,Q3,2148,1074.0,JAMESON,0.8513,344.4,337.6,60.6,18.2,1920,1080,0.053,374.8,346.7
Round1,Q3,2148,1074.0,JAMESON,0.8513,503.4,73.3,61.9,17.2,1920,1080,0.051,534.4,81.9
Round1,Q3,2148,1074.0,JAMESON,0.8509,827.5,73.1,59.4,17.4,1920,1080,0.05,857.2,81.8
Round1,Q3,2148,1074.0,JAMESON,0.8488,918.1,158.6,53.4,15.8,1920,1080,0.041,944.7,166.5
Round1,Q3,2148,1074.0,JAMESON,0.8485,707.0,160.1,53.2,15.7,1920,1080,0.04,733.6,167.9
Round1,Q3,2148,1074.0,JAMESON,0.8445,466.4,332.7,59.1,18.9,1920,1080,0.054,496.0,342.2
Round1,Q3,2148,1074.0,JAMESON,0.8418,667.6,73.7,59.1,16.6,1920,1080,0.047,697.1,82.0
Round1,Q3,2148,1074.0,JAMESON,0.8416,703.9,326.6,57.0,18.3,1920,1080,0.05,732.4,335.8
Round1,Q3,2148,1074.0,JAMESON,0.841,1047.9,321.4,56.7,18.0,1920,1080,0.049,1076.3,330.4
Round1,Q3,2148,1074.0,JAMESON,0.8374,87.9,348.2,66.0,19.0,1920,1080,0.061,120.9,357.7
Round1,Q3,2148,1074.0,JAMESON,0.8348,1635.6,323.3,60.0,18.4,1920,1080,0.053,1665.6,332.5
Round1,Q3,2148,1074.0,JAMESON,0.8336,1162.7,320.9,57.8,17.8,1920,1080,0.05,1191.6,329.8
Round1,Q3,2148,1074.0,JAMESON,0.8329,932.9,322.6,57.7,18.2,1920,1080,0.051,961.7,331.7
Round1,Q3,2148,1074.0,JAMESON,0.8323,0.3,67.8,38.0,18.5,1920,1080,0.034,19.3,77.1
Round1,Q3,2148,1074.0,JAMESON,0.8299,219.0,342.2,61.0,19.5,1920,1080,0.057,249.5,351.9
Round1,Q3,2148,1074.0,JAMESON,0.8038,1520.1,322.0,53.5,18.0,1920,1080,0.046,1546.9,330.9
Round1,Q3,2148,1074.0,JAMESON,0.7938,1549.0,65.1,67.7,19.9,1920,1080,0.065,1582.9,75.0
Round1,Q3,2148,1074.0,JAMESON,0.7779,588.0,329.6,54.3,18.2,1920,1080,0.048,615.2,338.7
Round1,Q3,2148,1074.0,JAMESON,0.7501,1761.0,325.3,60.4,18.1,1920,1080,0.053,1791.2,334.3
Round1,Q3,2148,1074.0,JAMESON,0.7458,583.9,71.5,66.3,19.3,1920,1080,0.062,617.0,81.1
Round1,Q3,2148,1074.0,JAMESON,0.737,1066.1,71.8,60.9,17.4,1920,1080,0.051,1096.5,80.5
Round1,Q3,2148,1074.0,JAMESON,0.7312,745.9,71.5,66.3,19.1,1920,1080,0.061,779.1,81.0
Round1,Q3,2148,1074.0,JAMESON,0.7123,1889.3,326.8,30.6,20.1,1920,1080,0.03,1904.6,336.9
Round1,Q3,2148,1074.0,JAMESON,0.7026,822.8,324.6,53.3,17.8,1920,1080,0.046,849.4,333.5
Round1,Q3,2148,1074.0,JAMESON,0.6898,1282.1,320.6,54.4,18.1,1920,1080,0.047,1309.3,329.7
Round1,Q3,2148,1074.0,JAMESON,0.6723,419.5,72.5,65.6,17.8,1920,1080,0.056,452.3,81.4
Round1,Q3,2148,1074.0,JAMESON,0.6677,905.1,72.3,65.7,18.1,1920,1080,0.057,937.9,81.4
Round1,Q3,2148,1074.0,JAMESON,0.6276,1719.8,64.2,70.2,18.2,1920,1080,0.062,1754.9,73.3
Round1,Q3,2148,1074.0,JAMESON,0.591,247.3,71.4,67.6,18.4,1920,1080,0.06,281.1,80.6
Round1,Q3,2148,1074.0,JAMESON,0.5817,1403.1,320.5,50.3,18.6,1920,1080,0.045,1428.3,329.8
Round1,Q3,2148,1074.0,JAMESON,0.5532,1222.7,70.2,65.4,18.2,1920,1080,0.058,1255.4,79.3
Round1,Q3,2148,1074.0,JAMESON,0.5133,1621.2,154.4,46.9,16.1,1920,1080,0.036,1644.7,162.4
Round1,Q3,2148,1074.0,JAMESON,0.5122,650.3,327.8,48.4,18.9,1920,1080,0.044,674.5,337.2
Round1,Q3,2148,1074.0,JAMESON,0.5107,1908.5,153.6,11.5,14.4,1920,1080,0.008,1914.3,160.8
Round1,Q3,2148,1074.0,JAMESON,0.5043,1852.3,151.9,50.9,16.8,1920,1080,0.041,1877.7,160.3
Round1,Q3,2148,1074.0,JAMESON,0.493,764.5,160.0,44.3,14.9,1920,1080,0.032,786.7,167.5
Round1,Q3,2148,1074.0,JAMESON,0.3889,1900.2,58.9,19.5,20.2,1920,1080,0.019,1910.0,69.0
Round1,Q3,2148,1074.0,JAMESON,0.3564,549.7,161.7,45.5,16.2,1920,1080,0.035,572.5,169.8
Round1,Q3,2148,1074.0,JAMESON,0.334,657.4,160.0,45.7,16.8,1920,1080,0.037,680.3,168.4
Round1,Q3,2148,1074.0,JAMESON,0.3327,326.1,163.0,47.8,15.8,1920,1080,0.036,350.0,170.9
Round1,Q3,2149,1074.5,JAMESON,0.8891,1771.4,42.5,68.3,18.8,1920,1080,0.062,1805.5,51.9
Round1,Q3,2149,1074.5,JAMESON,0.8816,1289.1,140.3,57.7,16.1,1920,1080,0.045,1317.9,148.3
Round1,Q3,2149,1074.5,JAMESON,0.88,1629.8,137.5,58.2,17.1,1920,1080,0.048,1658.9,146.1
Round1,Q3,2149,1074.5,JAMESON,0.8795,1252.6,51.3,62.4,17.6,1920,1080,0.053,1283.8,60.0
Round1,Q3,2149,1074.5,JAMESON,0.8765,1747.6,136.1,62.0,17.1,1920,1080,0.051,1778.6,144.7
Round1,Q3,2149,1074.5,JAMESON,0.875,1591.9,46.6,65.3,18.5,1920,1080,0.058,1624.5,55.8
Round1,Q3,2149,1074.5,JAMESON,0.8744,961.5,141.6,55.5,17.0,1920,1080,0.046,989.2,150.1
Round1,Q3,2149,1074.5,JAMESON,0.8724,851.6,142.3,56.0,16.8,1920,1080,0.045,879.6,150.7
Round1,Q3,2149,1074.5,JAMESON,0.8721,1179.6,140.9,55.9,16.1,1920,1080,0.044,1207.5,149.0
Round1,Q3,2149,1074.5,JAMESON,0.8716,631.0,143.7,56.5,16.5,1920,1080,0.045,659.3,151.9
Round1,Q3,2149,1074.5,JAMESON,0.871,1069.0,141.5,57.3,16.5,1920,1080,0.045,1097.7,149.7
Round1,Q3,2149,1074.5,JAMESON,0.8709,238.5,50.8,67.4,18.7,1920,1080,0.061,272.2,60.2
Round1,Q3,2149,1074.5,JAMESON,0.8706,742.8,143.0,54.9,16.5,1920,1080,0.044,770.3,151.3
Round1,Q3,2149,1074.5,JAMESON,0.8697,1400.9,139.4,56.6,16.8,1920,1080,0.046,1429.2,147.8
Round1,Q3,2149,1074.5,JAMESON,0.8668,756.1,52.7,63.6,19.2,1920,1080,0.059,787.9,62.3
Round1,Q3,2149,1074.5,JAMESON,0.8667,403.2,144.8,59.9,17.4,1920,1080,0.05,433.1,153.5
Round1,Q3,2149,1074.5,JAMESON,0.866,1513.2,138.3,58.4,17.0,1920,1080,0.048,1542.4,146.8
Round1,Q3,2149,1074.5,JAMESON,0.866,162.4,145.8,64.3,17.5,1920,1080,0.054,194.5,154.5
Round1,Q3,2149,1074.5,JAMESON,0.8647,1087.5,52.6,60.9,17.1,1920,1080,0.05,1118.0,61.1
Round1,Q3,2149,1074.5,JAMESON,0.8645,589.1,53.3,64.3,17.9,1920,1080,0.056,621.3,62.3
Round1,Q3,2149,1074.5,JAMESON,0.8635,36.0,145.8,63.7,17.8,1920,1080,0.055,67.8,154.7
Round1,Q3,2149,1074.5,JAMESON,0.8631,252.1,328.5,62.8,19.1,1920,1080,0.058,283.5,338.1
Round1,Q3,2149,1074.5,JAMESON,0.8629,285.5,145.8,59.5,16.7,1920,1080,0.048,315.3,154.1
Round1,Q3,2149,1074.5,JAMESON,0.8627,418.2,52.5,65.0,18.2,1920,1080,0.057,450.7,61.5
Round1,Q3,2149,1074.5,JAMESON,0.8613,519.0,144.3,56.7,16.8,1920,1080,0.046,547.4,152.6
Round1,Q3,2149,1074.5,JAMESON,0.8606,48.1,47.5,71.7,19.3,1920,1080,0.067,83.9,57.1
Round1,Q3,2149,1074.5,JAMESON,0.8589,923.1,53.1,61.5,17.8,1920,1080,0.053,953.8,62.0
Round1,Q3,2149,1074.5,JAMESON,0.858,1419.5,49.0,63.9,17.8,1920,1080,0.055,1451.5,57.9
Round1,Q3,2149,1074.5,JAMESON,0.854,628.7,317.2,59.8,19.3,1920,1080,0.056,658.6,326.8
Round1,Q3,2149,1074.5,JAMESON,0.8509,1105.7,310.8,61.4,18.5,1920,1080,0.055,1136.4,320.1
Round1,Q3,2149,1074.5,JAMESON,0.8452,1591.8,312.6,64.8,19.2,1920,1080,0.06,1624.2,322.2
Round1,Q3,2149,1074.5,JAMESON,0.8433,867.8,313.0,59.9,18.6,1920,1080,0.054,897.7,322.3
Round1,Q3,2149,1074.5,JAMESON,0.841,379.2,323.8,63.7,19.6,1920,1080,0.06,411.0,333.6
Round1,Q3,2149,1074.5,JAMESON,0.8397,988.2,311.4,58.4,18.8,1920,1080,0.053,1017.4,320.8
Round1,Q3,2149,1074.5,JAMESON,0.8372,1871.9,134.3,48.1,17.9,1920,1080,0.041,1895.9,143.2
Round1,Q3,2149,1074.5,JAMESON,0.8339,1474.6,310.8,55.8,19.4,1920,1080,0.052,1502.6,320.5
Round1,Q3,2149,1074.5,JAMESON,0.8167,0.1,339.2,47.7,20.7,1920,1080,0.048,23.9,349.5
Round1,Q3,2149,1074.5,JAMESON,0.8128,752.4,314.5,56.6,18.5,1920,1080,0.051,780.7,323.7
Round1,Q3,2149,1074.5,JAMESON,0.8082,1721.5,314.1,63.7,19.1,1920,1080,0.059,1753.3,323.7
Round1,Q3,2149,1074.5,JAMESON,0.8055,118.0,333.1,66.1,20.8,1920,1080,0.066,151.1,343.4
Round1,Q3,2149,1074.5,JAMESON,0.784,1852.7,315.8,67.3,20.9,1920,1080,0.068,1886.4,326.3
Round1,Q3,2149,1074.5,JAMESON,0.7123,1352.4,309.8,55.2,19.3,1920,1080,0.051,1380.0,319.4
Round1,Q3,2149,1074.5,JAMESON,0.7094,1232.2,310.2,53.3,18.2,1920,1080,0.047,1258.8,319.3
Round1,Q3,2149,1074.5,JAMESON,0.6359,0.1,44.1,25.5,21.4,1920,1080,0.026,12.9,54.8
Round1,Q3,2149,1074.5,JAMESON,0.6207,511.4,320.4,46.8,18.1,1920,1080,0.041,534.8,329.5
Round1,Q3,2149,1074.5,JAMESON,0.6026,0.0,144.0,30.3,19.0,1920,1080,0.028,15.1,153.5
Round1,Q3,2149,1074.5,JAMESON,0.4377,1342.1,49.6,59.9,17.6,1920,1080,0.051,1372.1,58.4
Round1,Q3,2150,1075.0,JAMESON,0.8855,1239.6,118.4,58.3,16.8,1920,1080,0.047,1268.8,126.8
Round1,Q3,2150,1075.0,JAMESON,0.8846,1471.2,116.3,60.9,17.7,1920,1080,0.052,1501.6,125.1
Round1,Q3,2150,1075.0,JAMESON,0.8838,1553.6,20.8,67.8,18.8,1920,1080,0.061,1587.5,30.2
Round1,Q3,2150,1075.0,JAMESON,0.883,1842.8,111.7,66.3,18.0,1920,1080,0.058,1876.0,120.7
Round1,Q3,2150,1075.0,JAMESON,0.8825,1739.5,16.3,70.7,19.4,1920,1080,0.066,1774.9,26.0
Round1,Q3,2150,1075.0,JAMESON,0.879,1592.1,115.1,62.2,17.9,1920,1080,0.054,1623.2,124.1
Round1,Q3,2150,1075.0,JAMESON,0.8788,1714.6,113.2,63.9,18.6,1920,1080,0.057,1746.6,122.5
Round1,Q3,2150,1075.0,JAMESON,0.8788,1355.0,117.2,59.5,17.4,1920,1080,0.05,1384.7,125.9
Round1,Q3,2150,1075.0,JAMESON,0.8763,856.4,27.2,63.4,18.5,1920,1080,0.057,888.1,36.5
Round1,Q3,2150,1075.0,JAMESON,0.8731,179.4,122.1,65.2,18.1,1920,1080,0.057,212.0,131.2
Round1,Q3,2150,1075.0,JAMESON,0.8727,306.5,122.0,62.7,18.0,1920,1080,0.054,337.9,131.0
Round1,Q3,2150,1075.0,JAMESON,0.8721,1200.5,25.4,64.3,18.2,1920,1080,0.056,1232.6,34.5
Round1,Q3,2150,1075.0,JAMESON,0.8714,1123.8,118.8,58.6,17.1,1920,1080,0.048,1153.1,127.4
Round1,Q3,2150,1075.0,JAMESON,0.8698,896.6,119.7,57.6,17.3,1920,1080,0.048,925.4,128.3
Round1,Q3,2150,1075.0,JAMESON,0.8698,1010.1,119.5,58.6,17.3,1920,1080,0.049,1039.4,128.1
Round1,Q3,2150,1075.0,JAMESON,0.8695,47.1,121.6,68.3,18.7,1920,1080,0.062,81.2,130.9
Round1,Q3,2150,1075.0,JAMESON,0.8689,128.5,22.1,73.1,19.2,1920,1080,0.068,165.0,31.7
Round1,Q3,2150,1075.0,JAMESON,0.8661,505.1,26.6,66.2,18.8,1920,1080,0.06,538.3,36.0
Round1,Q3,2150,1075.0,JAMESON,0.8628,430.1,121.6,59.9,17.7,1920,1080,0.051,460.0,130.4
Round1,Q3,2150,1075.0,JAMESON,0.8623,666.1,121.1,58.7,17.2,1920,1080,0.049,695.5,129.7
Round1,Q3,2150,1075.0,JAMESON,0.8607,1374.4,23.1,65.6,19.0,1920,1080,0.06,1407.2,32.6
Round1,Q3,2150,1075.0,JAMESON,0.8607,680.4,26.8,66.9,19.6,1920,1080,0.063,713.9,36.6
Round1,Q3,2150,1075.0,JAMESON,0.8598,548.3,121.2,60.7,17.4,1920,1080,0.051,578.7,129.9
Round1,Q3,2150,1075.0,JAMESON,0.8597,781.6,120.2,58.6,17.5,1920,1080,0.05,810.8,129.0
Round1,Q3,2150,1075.0,JAMESON,0.8586,321.6,24.8,68.4,19.1,1920,1080,0.063,355.8,34.4
Round1,Q3,2150,1075.0,JAMESON,0.8578,547.1,303.9,63.0,19.5,1920,1080,0.059,578.6,313.6
Round1,Q3,2150,1075.0,JAMESON,0.8571,1028.9,26.7,62.6,18.0,1920,1080,0.054,1060.2,35.7
Round1,Q3,2150,1075.0,JAMESON,0.8537,282.0,310.6,69.0,21.2,1920,1080,0.07,316.5,321.2
Round1,Q3,2150,1075.0,JAMESON,0.8525,925.7,297.8,60.9,19.2,1920,1080,0.056,956.1,307.4
Round1,Q3,2150,1075.0,JAMESON,0.8505,1047.2,296.6,64.7,19.6,1920,1080,0.061,1079.6,306.5
Round1,Q3,2150,1075.0,JAMESON,0.8501,145.7,316.0,68.5,20.1,1920,1080,0.067,180.0,326.1
Round1,Q3,2150,1075.0,JAMESON,0.8382,1554.2,297.5,66.3,20.1,1920,1080,0.064,1587.4,307.5
Round1,Q3,2150,1075.0,JAMESON,0.8344,799.2,299.1,62.9,20.0,1920,1080,0.061,830.7,309.1
Round1,Q3,2150,1075.0,JAMESON,0.8309,1431.1,296.6,59.2,19.9,1920,1080,0.057,1460.7,306.6
Round1,Q3,2150,1075.0,JAMESON,0.8135,1822.2,301.0,77.5,21.1,1920,1080,0.079,1861.0,311.5
Round1,Q3,2150,1075.0,JAMESON,0.7853,0.8,319.7,72.0,22.8,1920,1080,0.079,36.8,331.1
Round1,Q3,2150,1075.0,JAMESON,0.784,1687.7,298.6,66.4,20.4,1920,1080,0.065,1720.9,308.9
Round1,Q3,2150,1075.0,JAMESON,0.7216,1175.9,296.2,59.8,19.2,1920,1080,0.055,1205.8,305.7
Round1,Q3,2150,1075.0,JAMESON,0.7174,680.8,301.5,56.4,19.2,1920,1080,0.052,709.0,311.2
Round1,Q3,2150,1075.0,JAMESON,0.6933,421.3,307.3,57.0,19.9,1920,1080,0.055,449.8,317.3
Round1,Q3,2150,1075.0,JAMESON,0.5987,1302.9,295.8,59.0,19.9,1920,1080,0.057,1332.4,305.7
Round1,Q3,2150,1075.0,JAMESON,0.314,1301.7,25.8,48.7,17.2,1920,1080,0.04,1326.1,34.4
Round1,Q3,2159,1079.5,EMIRATES,0.812,1032.9,454.8,60.1,46.9,1920,1080,0.136,1063.0,478.2
Round1,Q3,2161,1080.5,EMIRATES,0.8713,1078.8,380.5,96.7,38.6,1920,1080,0.18,1127.1,399.9
Round1,Q3,2162,1081.0,JAMESON,0.8805,1257.0,68.2,67.9,19.1,1920,1080,0.063,1290.9,77.8
Round1,Q3,2162,1081.0,JAMESON,0.8772,1385.9,67.4,67.9,18.7,1920,1080,0.061,1419.9,76.7
Round1,Q3,2162,1081.0,JAMESON,0.8763,76.7,70.8,75.2,20.7,1920,1080,0.075,114.3,81.2
Round1,Q3,2162,1081.0,JAMESON,0.8738,357.7,72.8,70.8,19.5,1920,1080,0.066,393.1,82.5
Round1,Q3,2162,1081.0,JAMESON,0.8734,1131.1,69.4,66.6,18.8,1920,1080,0.061,1164.4,78.8
Round1,Q3,2162,1081.0,JAMESON,0.8731,218.2,71.8,74.1,20.2,1920,1080,0.072,255.3,81.9
Round1,Q3,2162,1081.0,JAMESON,0.8728,1002.7,70.2,68.4,19.2,1920,1080,0.063,1036.8,79.8
Round1,Q3,2162,1081.0,JAMESON,0.8667,877.6,70.8,67.5,19.7,1920,1080,0.064,911.4,80.7
Round1,Q3,2162,1081.0,JAMESON,0.8648,622.2,71.9,68.0,19.3,1920,1080,0.063,656.3,81.6
Round1,Q3,2162,1081.0,JAMESON,0.8644,491.0,72.8,69.2,19.0,1920,1080,0.063,525.6,82.3
Round1,Q3,2162,1081.0,JAMESON,0.8638,749.4,71.9,68.8,19.1,1920,1080,0.063,783.8,81.5
Round1,Q3,2162,1081.0,JAMESON,0.8635,1786.6,60.9,74.7,20.0,1920,1080,0.072,1824.0,70.9
Round1,Q3,2162,1081.0,JAMESON,0.8633,1649.7,63.0,70.4,19.9,1920,1080,0.068,1684.9,72.9
Round1,Q3,2162,1081.0,JAMESON,0.8566,1035.7,268.3,71.0,20.6,1920,1080,0.07,1071.2,278.6
Round1,Q3,2162,1081.0,JAMESON,0.8557,1515.7,65.9,70.3,19.4,1920,1080,0.066,1550.8,75.6
Round1,Q3,2162,1081.0,JAMESON,0.854,333.5,281.1,75.2,21.6,1920,1080,0.078,371.1,291.8
Round1,Q3,2162,1081.0,JAMESON,0.8476,1743.1,267.1,78.5,22.6,1920,1080,0.085,1782.3,278.4
Round1,Q3,2162,1081.0,JAMESON,0.847,898.3,270.1,70.4,20.9,1920,1080,0.071,933.5,280.6
Round1,Q3,2162,1081.0,JAMESON,0.837,1172.6,267.6,71.7,20.5,1920,1080,0.071,1208.4,277.8
Round1,Q3,2162,1081.0,JAMESON,0.8328,621.1,274.6,72.2,21.0,1920,1080,0.073,657.2,285.1
Round1,Q3,2162,1081.0,JAMESON,0.8326,184.3,285.9,78.0,21.2,1920,1080,0.08,223.3,296.5
Round1,Q3,2162,1081.0,JAMESON,0.8186,1600.5,267.5,70.3,20.7,1920,1080,0.07,1635.7,277.9
Round1,Q3,2162,1081.0,JAMESON,0.8184,25.4,290.4,82.7,23.2,1920,1080,0.092,66.8,301.9
Round1,Q3,2162,1081.0,JAMESON,0.7773,1461.0,266.4,64.8,22.0,1920,1080,0.069,1493.4,277.5
Round1,Q3,2162,1081.0,JAMESON,0.7546,770.6,272.1,61.8,20.3,1920,1080,0.06,801.5,282.2
Round1,Q3,2162,1081.0,JAMESON,0.7446,1314.0,266.9,69.8,20.8,1920,1080,0.07,1348.9,277.3
Round1,Q3,2162,1081.0,JAMESON,0.7243,1895.7,268.7,24.1,22.3,1920,1080,0.026,1907.7,279.8
Round1,Q3,2162,1081.0,JAMESON,0.6944,482.6,277.5,65.6,20.3,1920,1080,0.064,515.4,287.6
Round1,Q3,2163,1081.5,JAMESON,0.883,301.7,30.9,77.1,20.3,1920,1080,0.075,340.3,41.0
Round1,Q3,2163,1081.5,JAMESON,0.8762,1273.3,128.6,63.9,18.0,1920,1080,0.055,1305.3,137.6
Round1,Q3,2163,1081.5,JAMESON,0.8757,1048.4,31.4,70.8,20.2,1920,1080,0.069,1083.8,41.5
Round1,Q3,2163,1081.5,JAMESON,0.8739,1801.3,18.2,79.4,20.5,1920,1080,0.078,1841.0,28.4
Round1,Q3,2163,1081.5,JAMESON,0.8702,1151.6,129.3,64.5,18.4,1920,1080,0.057,1183.9,138.5
Round1,Q3,2163,1081.5,JAMESON,0.8699,496.7,33.1,73.7,19.3,1920,1080,0.069,533.5,42.8
Round1,Q3,2163,1081.5,JAMESON,0.8686,1603.8,24.4,75.2,19.5,1920,1080,0.071,1641.4,34.1
Round1,Q3,2163,1081.5,JAMESON,0.8684,1394.4,127.4,66.2,18.2,1920,1080,0.058,1427.5,136.5
Round1,Q3,2163,1081.5,JAMESON,0.8682,1031.2,130.6,64.5,17.8,1920,1080,0.055,1063.5,139.5
Round1,Q3,2163,1081.5,JAMESON,0.8663,1230.8,30.4,71.0,18.9,1920,1080,0.065,1266.3,39.9
Round1,Q3,2163,1081.5,JAMESON,0.8661,152.2,135.7,74.8,19.6,1920,1080,0.071,189.5,145.5
Round1,Q3,2163,1081.5,JAMESON,0.8647,1518.5,126.0,67.0,18.6,1920,1080,0.06,1552.0,135.3
Round1,Q3,2163,1081.5,JAMESON,0.863,684.6,33.2,71.3,19.1,1920,1080,0.066,720.2,42.7
Round1,Q3,2163,1081.5,JAMESON,0.8627,96.0,28.1,82.3,20.4,1920,1080,0.081,137.1,38.3
Round1,Q3,2163,1081.5,JAMESON,0.8614,912.1,131.1,63.8,18.3,1920,1080,0.056,944.0,140.3
Round1,Q3,2163,1081.5,JAMESON,0.8594,542.9,134.1,67.9,18.4,1920,1080,0.06,576.8,143.3
Round1,Q3,2163,1081.5,JAMESON,0.8568,668.2,133.4,65.2,18.1,1920,1080,0.057,700.8,142.4
Round1,Q3,2163,1081.5,JAMESON,0.8561,1646.2,124.5,68.8,18.0,1920,1080,0.06,1680.6,133.6
Round1,Q3,2163,1081.5,JAMESON,0.8555,416.4,134.9,69.9,18.6,1920,1080,0.063,451.4,144.2
Round1,Q3,2163,1081.5,JAMESON,0.8539,867.6,32.8,70.5,19.3,1920,1080,0.066,902.8,42.5
Round1,Q3,2163,1081.5,JAMESON,0.8517,1299.8,316.9,69.6,20.3,1920,1080,0.068,1334.6,327.1
Round1,Q3,2163,1081.5,JAMESON,0.8491,1777.1,122.1,70.8,18.9,1920,1080,0.065,1812.5,131.5
Round1,Q3,2163,1081.5,JAMESON,0.8489,789.4,132.4,64.9,18.1,1920,1080,0.057,821.8,141.5
Round1,Q3,2163,1081.5,JAMESON,0.8476,13.7,135.7,76.2,20.0,1920,1080,0.073,51.8,145.7
Round1,Q3,2163,1081.5,JAMESON,0.846,1168.4,318.0,68.0,20.1,1920,1080,0.066,1202.4,328.1
Round1,Q3,2163,1081.5,JAMESON,0.8459,1415.6,28.4,71.4,18.6,1920,1080,0.064,1451.3,37.7
Round1,Q3,2163,1081.5,JAMESON,0.8438,642.1,327.5,70.0,20.4,1920,1080,0.069,677.1,337.7
Round1,Q3,2163,1081.5,JAMESON,0.8429,288.3,135.7,69.7,18.5,1920,1080,0.062,323.1,144.9
Round1,Q3,2163,1081.5,JAMESON,0.8379,507.9,332.0,69.6,19.9,1920,1080,0.067,542.7,342.0
Round1,Q3,2163,1081.5,JAMESON,0.8364,227.8,342.6,74.3,21.1,1920,1080,0.076,264.9,353.2
Round1,Q3,2163,1081.5,JAMESON,0.8345,1432.9,316.5,71.5,19.8,1920,1080,0.068,1468.7,326.4
Round1,Q3,2163,1081.5,JAMESON,0.8258,907.5,321.7,67.3,19.9,1920,1080,0.065,941.1,331.6
Round1,Q3,2163,1081.5,JAMESON,0.8081,369.3,336.6,70.5,21.0,1920,1080,0.071,404.6,347.1
Round1,Q3,2163,1081.5,JAMESON,0.8007,1858.3,318.3,61.7,21.5,1920,1080,0.064,1889.1,329.1
Round1,Q3,2163,1081.5,JAMESON,0.7938,79.4,348.9,76.8,22.6,1920,1080,0.084,117.8,360.2
Round1,Q3,2163,1081.5,JAMESON,0.7625,1574.8,316.5,66.4,20.8,1920,1080,0.067,1608.0,326.9
Round1,Q3,2163,1081.5,JAMESON,0.7431,1716.6,316.8,67.0,22.1,1920,1080,0.072,1750.1,327.8
Round1,Q3,2163,1081.5,JAMESON,0.7022,1042.3,319.0,63.3,20.1,1920,1080,0.061,1074.0,329.0
Round1,Q3,2163,1081.5,JAMESON,0.6785,778.1,324.3,59.9,19.7,1920,1080,0.057,808.0,334.2
Round1,Q3,2163,1081.5,JAMESON,0.5529,1.1,24.8,56.0,23.2,1920,1080,0.063,29.1,36.4
Round1,Q3,2164,1082.0,JAMESON,0.8796,576.4,176.5,64.3,18.3,1920,1080,0.057,608.5,185.6
Round1,Q3,2164,1082.0,JAMESON,0.8785,1324.6,69.6,70.8,19.7,1920,1080,0.067,1360.0,79.4
Round1,Q3,2164,1082.0,JAMESON,0.8773,1682.3,165.0,68.9,18.0,1920,1080,0.06,1716.8,174.0
Round1,Q3,2164,1082.0,JAMESON,0.8766,1812.4,162.8,72.5,18.4,1920,1080,0.065,1848.7,172.1
Round1,Q3,2164,1082.0,JAMESON,0.8755,699.5,175.2,64.5,18.3,1920,1080,0.057,731.7,184.3
Round1,Q3,2164,1082.0,JAMESON,0.8742,1552.7,166.5,67.9,17.8,1920,1080,0.058,1586.7,175.4
Round1,Q3,2164,1082.0,JAMESON,0.8736,820.5,174.1,64.2,18.3,1920,1080,0.057,852.6,183.2
Round1,Q3,2164,1082.0,JAMESON,0.873,451.1,178.2,65.8,18.3,1920,1080,0.058,484.0,187.3
Round1,Q3,2164,1082.0,JAMESON,0.8728,942.4,172.8,63.8,18.2,1920,1080,0.056,974.3,181.9
Round1,Q3,2164,1082.0,JAMESON,0.8717,204.2,71.6,75.0,21.1,1920,1080,0.076,241.7,82.1
Round1,Q3,2164,1082.0,JAMESON,0.8714,1512.5,67.7,72.5,18.8,1920,1080,0.066,1548.7,77.1
Round1,Q3,2164,1082.0,JAMESON,0.87,592.9,74.8,70.5,19.1,1920,1080,0.065,628.1,84.4
Round1,Q3,2164,1082.0,JAMESON,0.8696,778.2,74.4,70.6,19.0,1920,1080,0.065,813.5,83.9
Round1,Q3,2164,1082.0,JAMESON,0.8671,321.7,179.0,68.1,19.2,1920,1080,0.063,355.7,188.7
Round1,Q3,2164,1082.0,JAMESON,0.8656,402.1,74.9,73.8,19.0,1920,1080,0.068,439.0,84.4
Round1,Q3,2164,1082.0,JAMESON,0.8635,188.7,180.1,69.3,19.1,1920,1080,0.064,223.4,189.7
Round1,Q3,2164,1082.0,JAMESON,0.8628,1428.5,167.8,64.7,18.2,1920,1080,0.057,1460.8,176.9
Round1,Q3,2164,1082.0,JAMESON,0.8626,93.7,400.6,72.5,22.8,1920,1080,0.08,129.9,412.0
Round1,Q3,2164,1082.0,JAMESON,0.8621,1305.1,169.2,65.1,17.5,1920,1080,0.055,1337.6,178.0
Round1,Q3,2164,1082.0,JAMESON,0.8621,514.4,379.0,68.6,20.2,1920,1080,0.067,548.7,389.1
Round1,Q3,2164,1082.0,JAMESON,0.8613,1184.2,170.1,64.1,17.6,1920,1080,0.055,1216.3,178.9
Round1,Q3,2164,1082.0,JAMESON,0.8612,1063.5,171.4,63.6,17.7,1920,1080,0.054,1095.3,180.2
Round1,Q3,2164,1082.0,JAMESON,0.8596,237.3,391.9,71.3,21.4,1920,1080,0.073,273.0,402.6
Round1,Q3,2164,1082.0,JAMESON,0.8591,1143.2,72.2,68.9,18.5,1920,1080,0.062,1177.7,81.5
Round1,Q3,2164,1082.0,JAMESON,0.8581,912.9,364.9,68.5,20.3,1920,1080,0.067,947.2,375.1
Round1,Q3,2164,1082.0,JAMESON,0.8563,782.1,369.2,66.4,19.4,1920,1080,0.062,815.3,378.9
Round1,Q3,2164,1082.0,JAMESON,0.8528,50.5,181.8,71.6,19.0,1920,1080,0.066,86.3,191.3
Round1,Q3,2164,1082.0,JAMESON,0.8516,961.3,73.4,68.6,18.7,1920,1080,0.062,995.5,82.8
Round1,Q3,2164,1082.0,JAMESON,0.8488,1579.0,357.9,72.7,19.6,1920,1080,0.069,1615.3,367.8
Round1,Q3,2164,1082.0,JAMESON,0.8425,1704.8,63.8,75.6,18.8,1920,1080,0.069,1742.6,73.2
Round1,Q3,2164,1082.0,JAMESON,0.8385,0.1,70.5,73.3,19.8,1920,1080,0.07,36.8,80.4
Round1,Q3,2164,1082.0,JAMESON,0.8378,1176.0,360.8,67.5,19.5,1920,1080,0.064,1209.8,370.6
Round1,Q3,2164,1082.0,JAMESON,0.8262,1719.1,358.0,75.6,19.9,1920,1080,0.073,1757.0,367.9
Round1,Q3,2164,1082.0,JAMESON,0.8199,377.2,384.8,67.9,21.7,1920,1080,0.071,411.1,395.6
Round1,Q3,2164,1082.0,JAMESON,0.8155,1442.8,358.0,70.2,20.5,1920,1080,0.069,1477.8,368.3
Round1,Q3,2164,1082.0,JAMESON,0.7969,649.2,372.9,66.3,20.7,1920,1080,0.066,682.4,383.2
Round1,Q3,2164,1082.0,JAMESON,0.7969,1047.9,362.1,59.9,19.4,1920,1080,0.056,1077.9,371.8
Round1,Q3,2164,1082.0,JAMESON,0.6346,1311.6,358.8,66.4,19.8,1920,1080,0.063,1344.8,368.7
Round1,Q3,2164,1082.0,JAMESON,0.4484,0.2,409.9,16.3,23.1,1920,1080,0.018,8.3,421.5
Round1,Q3,2164,1082.0,JAMESON,0.4189,1904.0,59.2,15.9,20.5,1920,1080,0.016,1912.0,69.5
Round1,Q3,2164,1082.0,JAMESON,0.4119,1871.1,359.0,48.9,19.6,1920,1080,0.046,1895.6,368.8
Round1,Q3,2165,1082.5,JAMESON,0.896,154.1,54.8,79.2,21.4,1920,1080,0.082,193.7,65.5
Round1,Q3,2165,1082.5,JAMESON,0.8922,964.7,56.8,72.4,20.0,1920,1080,0.07,1000.9,66.8
Round1,Q3,2165,1082.5,JAMESON,0.8914,1807.0,151.4,74.6,19.6,1920,1080,0.071,1844.3,161.2
Round1,Q3,2165,1082.5,JAMESON,0.89,1007.5,162.3,67.2,19.0,1920,1080,0.062,1041.1,171.8
Round1,Q3,2165,1082.5,JAMESON,0.887,879.6,163.8,66.4,19.1,1920,1080,0.061,912.8,173.4
Round1,Q3,2165,1082.5,JAMESON,0.8846,1762.2,43.4,81.8,21.0,1920,1080,0.083,1803.1,53.9
Round1,Q3,2165,1082.5,JAMESON,0.8817,1159.0,54.9,73.4,20.1,1920,1080,0.071,1195.7,64.9
Round1,Q3,2165,1082.5,JAMESON,0.8815,1553.8,48.0,77.6,21.9,1920,1080,0.082,1592.6,58.9
Round1,Q3,2165,1082.5,JAMESON,0.8762,682.1,378.3,71.9,22.3,1920,1080,0.077,718.1,389.5
Round1,Q3,2165,1082.5,JAMESON,0.8751,1137.0,160.9,67.3,19.4,1920,1080,0.063,1170.7,170.6
Round1,Q3,2165,1082.5,JAMESON,0.8747,749.0,165.4,68.2,19.0,1920,1080,0.063,783.1,174.9
Round1,Q3,2165,1082.5,JAMESON,0.8747,1667.0,153.5,72.1,19.4,1920,1080,0.068,1703.0,163.2
Round1,Q3,2165,1082.5,JAMESON,0.8737,348.8,169.4,69.4,20.3,1920,1080,0.068,383.5,179.6
Round1,Q3,2165,1082.5,JAMESON,0.8736,209.3,171.1,70.8,20.3,1920,1080,0.069,244.7,181.3
Round1,Q3,2165,1082.5,JAMESON,0.8735,1266.7,159.1,68.0,19.2,1920,1080,0.063,1300.7,168.7
Round1,Q3,2165,1082.5,JAMESON,0.87,366.4,56.7,75.5,21.3,1920,1080,0.078,404.2,67.3
Round1,Q3,2165,1082.5,JAMESON,0.8695,1398.7,157.2,68.1,19.2,1920,1080,0.063,1432.7,166.8
Round1,Q3,2165,1082.5,JAMESON,0.8685,485.3,168.0,68.7,20.0,1920,1080,0.066,519.7,178.0
Round1,Q3,2165,1082.5,JAMESON,0.8684,1529.7,155.6,71.0,19.6,1920,1080,0.067,1565.2,165.4
Round1,Q3,2165,1082.5,JAMESON,0.8683,618.3,166.7,67.9,19.8,1920,1080,0.065,652.3,176.5
Round1,Q3,2165,1082.5,JAMESON,0.8623,249.0,400.2,72.5,23.9,1920,1080,0.084,285.3,412.2
Round1,Q3,2165,1082.5,JAMESON,0.8623,63.5,172.3,72.9,21.1,1920,1080,0.074,99.9,182.9
Round1,Q3,2165,1082.5,JAMESON,0.8615,768.9,57.7,72.9,20.1,1920,1080,0.071,805.3,67.7
Round1,Q3,2165,1082.5,JAMESON,0.8576,1354.3,52.8,74.8,19.5,1920,1080,0.07,1391.7,62.6
Round1,Q3,2165,1082.5,JAMESON,0.857,95.2,410.0,74.9,24.5,1920,1080,0.088,132.6,422.3
Round1,Q3,2165,1082.5,JAMESON,0.856,395.2,391.5,72.9,23.0,1920,1080,0.081,431.6,403.0
Round1,Q3,2165,1082.5,JAMESON,0.8547,570.5,58.2,75.3,20.3,1920,1080,0.074,608.2,68.3
Round1,Q3,2165,1082.5,JAMESON,0.8484,1103.2,365.8,71.2,21.6,1920,1080,0.074,1138.8,376.6
Round1,Q3,2165,1082.5,JAMESON,0.8481,1387.7,361.9,72.0,21.1,1920,1080,0.073,1423.6,372.5
Round1,Q3,2165,1082.5,JAMESON,0.8477,1831.7,359.5,83.1,22.4,1920,1080,0.09,1873.2,370.7
Round1,Q3,2165,1082.5,JAMESON,0.8396,964.0,369.5,70.1,20.9,1920,1080,0.071,999.1,380.0
Round1,Q3,2165,1082.5,JAMESON,0.8297,539.7,384.4,68.9,22.7,1920,1080,0.076,574.1,395.7
Round1,Q3,2165,1082.5,JAMESON,0.827,823.6,372.9,70.0,22.5,1920,1080,0.076,858.6,384.2
Round1,Q3,2165,1082.5,JAMESON,0.8257,1247.0,363.5,64.4,20.5,1920,1080,0.064,1279.2,373.8
Round1,Q3,2165,1082.5,JAMESON,0.8164,1677.8,359.7,78.5,22.3,1920,1080,0.084,1717.0,370.8
Round1,Q3,2165,1082.5,JAMESON,0.715,1533.7,360.2,74.1,22.1,1920,1080,0.079,1570.7,371.2
Round1,Q3,2165,1082.5,JAMESON,0.6748,0.0,418.8,17.0,26.6,1920,1080,0.022,8.5,432.0
Round1,Q3,2165,1082.5,JAMESON,0.4942,1.9,172.2,42.6,23.6,1920,1080,0.048,23.2,183.9
Round1,Q3,2165,1082.5,JAMESON,0.4817,0.0,51.6,10.0,23.2,1920,1080,0.011,5.0,63.2
Round1,Q3,2165,1082.5,JAMESON,0.3037,54.3,52.9,53.2,23.1,1920,1080,0.059,80.9,64.5
Round1,Q3,2166,1083.0,JAMESON,0.8953,138.0,99.7,80.1,24.0,1920,1080,0.093,178.1,111.7
Round1,Q3,2166,1083.0,JAMESON,0.8949,1192.8,88.4,76.3,22.7,1920,1080,0.084,1231.0,99.8
Round1,Q3,2166,1083.0,JAMESON,0.8937,1048.0,90.5,74.2,22.8,1920,1080,0.082,1085.1,101.9
Round1,Q3,2166,1083.0,JAMESON,0.8909,298.9,98.6,77.9,23.5,1920,1080,0.088,337.9,110.4
Round1,Q3,2166,1083.0,JAMESON,0.8865,1801.0,76.8,83.5,22.7,1920,1080,0.091,1842.7,88.2
Round1,Q3,2166,1083.0,JAMESON,0.8846,753.1,93.9,75.9,23.0,1920,1080,0.084,791.1,105.5
Round1,Q3,2166,1083.0,JAMESON,0.8814,1342.2,86.3,76.0,22.4,1920,1080,0.082,1380.2,97.5
Round1,Q3,2166,1083.0,JAMESON,0.8784,454.0,97.1,75.7,23.2,1920,1080,0.085,491.9,108.7
Round1,Q3,2166,1083.0,JAMESON,0.878,604.6,95.3,76.4,24.0,1920,1080,0.088,642.8,107.3
Round1,Q3,2166,1083.0,JAMESON,0.8733,1644.8,80.6,80.3,22.1,1920,1080,0.086,1684.9,91.6
Round1,Q3,2166,1083.0,JAMESON,0.871,171.5,365.9,83.8,28.2,1920,1080,0.114,213.4,380.1
Round1,Q3,2166,1083.0,JAMESON,0.8701,339.8,355.8,81.9,27.6,1920,1080,0.109,380.7,369.6
Round1,Q3,2166,1083.0,JAMESON,0.8701,1490.0,83.5,79.4,22.8,1920,1080,0.087,1529.7,94.9
Round1,Q3,2166,1083.0,JAMESON,0.8696,900.2,92.5,74.9,22.5,1920,1080,0.081,937.6,103.7
Round1,Q3,2166,1083.0,JAMESON,0.8693,0.1,100.5,55.2,25.0,1920,1080,0.067,27.7,113.0
Round1,Q3,2166,1083.0,JAMESON,0.8571,0.0,377.3,86.8,30.9,1920,1080,0.129,43.4,392.7
Round1,Q3,2166,1083.0,JAMESON,0.8478,501.0,346.7,82.7,27.3,1920,1080,0.109,542.4,360.3
Round1,Q3,2166,1083.0,JAMESON,0.8466,822.3,333.6,80.4,24.8,1920,1080,0.096,862.5,346.1
Round1,Q3,2166,1083.0,JAMESON,0.8463,1297.8,320.8,84.4,25.0,1920,1080,0.102,1340.0,333.3
Round1,Q3,2166,1083.0,JAMESON,0.8443,1139.5,324.4,81.2,24.5,1920,1080,0.096,1180.0,336.6
Round1,Q3,2166,1083.0,JAMESON,0.8381,1627.7,316.6,85.2,23.9,1920,1080,0.098,1670.4,328.6
Round1,Q3,2166,1083.0,JAMESON,0.8307,662.0,340.2,78.2,25.7,1920,1080,0.097,701.1,353.0
Round1,Q3,2166,1083.0,JAMESON,0.8239,981.3,329.0,78.8,24.5,1920,1080,0.093,1020.7,341.2
Round1,Q3,2166,1083.0,JAMESON,0.7486,1464.0,318.2,74.1,23.8,1920,1080,0.085,1501.1,330.1
Round1,Q3,2166,1083.0,JAMESON,0.723,1800.3,314.2,87.2,24.5,1920,1080,0.103,1843.9,326.5
Round1,Q3,2166,1083.0,JAMESON,0.444,1904.8,73.4,15.2,20.5,1920,1080,0.015,1912.4,83.7
Round1,Q3,2167,1083.5,JAMESON,0.894,1193.8,2.3,84.4,24.4,1920,1080,0.099,1236.0,14.5
Round1,Q3,2167,1083.5,JAMESON,0.8904,1027.3,4.2,82.9,24.9,1920,1080,0.099,1068.8,16.7
Round1,Q3,2167,1083.5,JAMESON,0.8897,861.4,6.1,84.2,25.5,1920,1080,0.104,903.5,18.9
Round1,Q3,2167,1083.5,JAMESON,0.8888,577.6,291.3,91.3,30.1,1920,1080,0.132,623.3,306.3
Round1,Q3,2167,1083.5,JAMESON,0.8806,936.9,277.3,90.0,28.2,1920,1080,0.122,981.9,291.4
Round1,Q3,2167,1083.5,JAMESON,0.8775,173.3,10.9,90.1,27.9,1920,1080,0.121,218.3,24.9
Round1,Q3,2167,1083.5,JAMESON,0.8768,352.0,10.2,88.3,27.4,1920,1080,0.117,396.1,23.9
Round1,Q3,2167,1083.5,JAMESON,0.8767,1295.9,267.2,92.0,27.1,1920,1080,0.12,1341.9,280.8
Round1,Q3,2167,1083.5,JAMESON,0.874,524.5,9.3,86.5,26.5,1920,1080,0.111,567.7,22.5
Round1,Q3,2167,1083.5,JAMESON,0.8739,694.1,7.9,85.0,26.6,1920,1080,0.109,736.6,21.2
Round1,Q3,2167,1083.5,JAMESON,0.8735,397.3,301.0,90.5,30.8,1920,1080,0.134,442.5,316.3
Round1,Q3,2167,1083.5,JAMESON,0.8698,0.4,10.6,81.4,28.6,1920,1080,0.112,41.1,24.9
Round1,Q3,2167,1083.5,JAMESON,0.8652,210.0,311.2,94.0,31.9,1920,1080,0.145,257.0,327.2
Round1,Q3,2167,1083.5,JAMESON,0.8632,1359.5,0.5,86.5,23.0,1920,1080,0.096,1402.7,12.0
Round1,Q3,2167,1083.5,JAMESON,0.8608,1530.2,0.0,88.6,20.3,1920,1080,0.087,1574.5,10.2
Round1,Q3,2167,1083.5,JAMESON,0.854,14.7,323.7,101.4,33.3,1920,1080,0.163,65.4,340.3
Round1,Q3,2167,1083.5,JAMESON,0.8476,1478.4,262.9,95.4,27.8,1920,1080,0.128,1526.1,276.7
Round1,Q3,2167,1083.5,JAMESON,0.8299,1860.3,257.0,59.7,27.8,1920,1080,0.08,1890.2,270.9
Round1,Q3,2167,1083.5,JAMESON,0.8281,1115.9,271.8,90.2,27.8,1920,1080,0.121,1161.0,285.7
Round1,Q3,2167,1083.5,JAMESON,0.7897,757.0,284.3,93.4,29.4,1920,1080,0.132,803.7,299.0
Round1,Q3,2167,1083.5,JAMESON,0.7726,1671.1,259.4,85.0,27.0,1920,1080,0.111,1713.6,272.9
Round1,Q3,2167,1083.5,JAMESON,0.764,1883.9,0.0,36.1,12.2,1920,1080,0.021,1901.9,6.1
Round1,Q3,2167,1083.5,JAMESON,0.6902,1703.5,0.0,88.1,16.1,1920,1080,0.069,1747.5,8.1
Round1,Q3,2168,1084.0,JAMESON,0.866,424.9,246.2,98.5,33.3,1920,1080,0.158,474.1,262.8
Round1,Q3,2168,1084.0,JAMESON,0.865,1389.6,210.2,100.0,30.5,1920,1080,0.147,1439.6,225.4
Round1,Q3,2168,1084.0,JAMESON,0.8642,618.9,235.9,98.7,32.6,1920,1080,0.155,668.2,252.2
Round1,Q3,2168,1084.0,JAMESON,0.8578,1588.3,206.0,102.4,29.9,1920,1080,0.148,1639.5,220.9
Round1,Q3,2168,1084.0,JAMESON,0.8557,1001.9,221.9,99.9,30.8,1920,1080,0.149,1051.9,237.3
Round1,Q3,2168,1084.0,JAMESON,0.8554,225.1,256.7,100.6,33.7,1920,1080,0.164,275.5,273.5
Round1,Q3,2168,1084.0,JAMESON,0.8545,18.2,268.5,108.1,36.2,1920,1080,0.189,72.2,286.6
Round1,Q3,2168,1084.0,JAMESON,0.8093,1196.3,215.2,95.0,30.9,1920,1080,0.142,1243.8,230.7
Round1,Q3,2168,1084.0,JAMESON,0.7911,810.0,229.1,97.7,31.6,1920,1080,0.149,858.9,244.9
Round1,Q3,2168,1084.0,JAMESON,0.7231,1788.1,200.1,111.6,31.9,1920,1080,0.172,1843.9,216.1
Round1,Q3,2169,1084.5,EMIRATES,0.8704,812.5,483.4,36.4,16.9,1920,1080,0.03,830.7,491.9
Round1,Q3,2169,1084.5,EMIRATES,0.822,1125.8,274.7,26.2,14.5,1920,1080,0.018,1138.9,281.9
Round1,Q3,2170,1085.0,EMIRATES,0.7563,1554.5,290.1,32.6,14.1,1920,1080,0.022,1570.8,297.2
Round1,Q3,2172,1086.0,EMIRATES,0.7809,1407.8,730.1,49.8,29.8,1920,1080,0.072,1432.7,745.0
Round1,Q3,2173,1086.5,EMIRATES,0.8618,1433.4,817.8,57.6,16.7,1920,1080,0.046,1462.2,826.1
Round1,Q3,2177,1088.5,JAMESON,0.8784,1469.5,8.8,64.9,19.1,1920,1080,0.06,1502.0,18.4
Round1,Q3,2177,1088.5,JAMESON,0.8781,603.0,21.2,64.4,19.3,1920,1080,0.06,635.3,30.9
Round1,Q3,2177,1088.5,JAMESON,0.8777,851.3,18.1,64.2,19.4,1920,1080,0.06,883.4,27.8
Round1,Q3,2177,1088.5,JAMESON,0.8768,1097.1,14.9,63.1,19.0,1920,1080,0.058,1128.6,24.4
Round1,Q3,2177,1088.5,JAMESON,0.8764,1729.3,3.3,68.4,19.0,1920,1080,0.063,1763.5,12.8
Round1,Q3,2177,1088.5,JAMESON,0.8754,1581.4,205.5,69.4,21.2,1920,1080,0.071,1616.1,216.1
Round1,Q3,2177,1088.5,JAMESON,0.8746,974.4,16.7,63.5,19.4,1920,1080,0.059,1006.1,26.4
Round1,Q3,2177,1088.5,JAMESON,0.8745,211.5,24.2,70.6,21.0,1920,1080,0.071,246.8,34.7
Round1,Q3,2177,1088.5,JAMESON,0.8737,1173.8,212.4,66.3,20.9,1920,1080,0.067,1206.9,222.8
Round1,Q3,2177,1088.5,JAMESON,0.8732,1597.9,6.3,66.6,19.1,1920,1080,0.061,1631.2,15.9
Round1,Q3,2177,1088.5,JAMESON,0.8732,728.0,19.6,64.5,19.9,1920,1080,0.062,760.3,29.6
Round1,Q3,2177,1088.5,JAMESON,0.8719,345.9,23.2,67.4,20.5,1920,1080,0.067,379.6,33.5
Round1,Q3,2177,1088.5,JAMESON,0.8694,1220.5,12.8,64.0,19.5,1920,1080,0.06,1252.6,22.5
Round1,Q3,2177,1088.5,JAMESON,0.8662,909.5,220.1,66.1,21.3,1920,1080,0.068,942.5,230.7
Round1,Q3,2177,1088.5,JAMESON,0.866,1307.0,209.0,68.1,21.7,1920,1080,0.071,1341.1,219.9
Round1,Q3,2177,1088.5,JAMESON,0.8659,1344.3,11.4,63.7,18.8,1920,1080,0.058,1376.2,20.8
Round1,Q3,2177,1088.5,JAMESON,0.8653,374.9,245.9,67.2,22.8,1920,1080,0.074,408.5,257.3
Round1,Q3,2177,1088.5,JAMESON,0.8624,97.5,265.4,70.4,24.4,1920,1080,0.083,132.7,277.6
Round1,Q3,2177,1088.5,JAMESON,0.8616,475.4,22.8,67.4,19.5,1920,1080,0.064,509.1,32.5
Round1,Q3,2177,1088.5,JAMESON,0.8614,74.7,25.4,71.7,20.7,1920,1080,0.072,110.6,35.7
Round1,Q3,2177,1088.5,JAMESON,0.8614,235.6,254.9,72.4,23.9,1920,1080,0.084,271.8,266.8
Round1,Q3,2177,1088.5,JAMESON,0.8605,644.6,230.5,67.3,22.2,1920,1080,0.072,678.2,241.7
Round1,Q3,2177,1088.5,JAMESON,0.852,1865.2,0.1,54.8,19.3,1920,1080,0.051,1892.6,9.7
Round1,Q3,2177,1088.5,JAMESON,0.8313,510.2,237.6,68.7,22.7,1920,1080,0.075,544.5,249.0
Round1,Q3,2177,1088.5,JAMESON,0.8101,1040.3,215.4,65.1,21.2,1920,1080,0.066,1072.8,226.0
Round1,Q3,2177,1088.5,JAMESON,0.8046,1869.9,202.1,50.1,22.0,1920,1080,0.053,1894.9,213.2
Round1,Q3,2177,1088.5,JAMESON,0.7808,776.3,225.2,67.5,21.7,1920,1080,0.071,810.0,236.0
Round1,Q3,2177,1088.5,JAMESON,0.7572,1447.6,207.2,56.2,20.1,1920,1080,0.054,1475.7,217.3
Round1,Q3,2177,1088.5,JAMESON,0.7478,1730.0,203.5,65.2,21.1,1920,1080,0.066,1762.6,214.1
Round1,Q3,2177,1088.5,JAMESON,0.741,0.0,276.6,24.3,25.7,1920,1080,0.03,12.2,289.4
Round1,Q3,2178,1089.0,JAMESON,0.8761,1680.5,8.3,62.4,17.8,1920,1080,0.054,1711.6,17.2
Round1,Q3,2178,1089.0,JAMESON,0.8754,134.1,31.1,67.1,19.9,1920,1080,0.064,167.7,41.1
Round1,Q3,2178,1089.0,JAMESON,0.8732,973.8,20.6,60.1,18.0,1920,1080,0.052,1003.8,29.6
Round1,Q3,2178,1089.0,JAMESON,0.8728,1805.8,4.7,66.7,18.3,1920,1080,0.059,1839.1,13.8
Round1,Q3,2178,1089.0,JAMESON,0.8686,531.2,233.2,64.5,21.7,1920,1080,0.067,563.4,244.1
Round1,Q3,2178,1089.0,JAMESON,0.867,1026.0,209.4,63.3,20.6,1920,1080,0.063,1057.6,219.7
Round1,Q3,2178,1089.0,JAMESON,0.8667,1556.7,10.8,63.2,17.9,1920,1080,0.055,1588.3,19.8
Round1,Q3,2178,1089.0,JAMESON,0.8649,406.4,241.4,65.7,21.9,1920,1080,0.069,439.2,252.3
Round1,Q3,2178,1089.0,JAMESON,0.8629,386.2,28.6,63.6,19.2,1920,1080,0.059,418.1,38.2
Round1,Q3,2178,1089.0,JAMESON,0.8621,1661.9,196.2,67.3,20.7,1920,1080,0.067,1695.6,206.5
Round1,Q3,2178,1089.0,JAMESON,0.8616,625.8,25.6,61.7,18.3,1920,1080,0.055,656.7,34.8
Round1,Q3,2178,1089.0,JAMESON,0.8608,263.3,30.6,64.4,18.9,1920,1080,0.059,295.5,40.1
Round1,Q3,2178,1089.0,JAMESON,0.8604,779.3,219.3,62.8,20.5,1920,1080,0.062,810.7,229.5
Round1,Q3,2178,1089.0,JAMESON,0.8594,1401.0,199.7,64.8,20.4,1920,1080,0.064,1433.4,209.9
Round1,Q3,2178,1089.0,JAMESON,0.8591,280.3,251.4,65.1,22.4,1920,1080,0.07,312.9,262.6
Round1,Q3,2178,1089.0,JAMESON,0.8587,859.0,22.2,60.3,18.2,1920,1080,0.053,889.1,31.3
Round1,Q3,2178,1089.0,JAMESON,0.8575,507.1,26.9,61.9,18.6,1920,1080,0.056,538.1,36.2
Round1,Q3,2178,1089.0,JAMESON,0.8571,1274.6,202.7,64.3,19.7,1920,1080,0.061,1306.8,212.6
Round1,Q3,2178,1089.0,JAMESON,0.8564,1203.9,16.9,59.8,18.1,1920,1080,0.052,1233.8,26.0
Round1,Q3,2178,1089.0,JAMESON,0.8553,1320.4,15.1,60.3,17.7,1920,1080,0.052,1350.6,24.0
Round1,Q3,2178,1089.0,JAMESON,0.8551,152.4,263.1,65.5,22.8,1920,1080,0.072,185.1,274.5
Round1,Q3,2178,1089.0,JAMESON,0.852,1088.5,19.2,59.7,17.5,1920,1080,0.05,1118.3,27.9
Round1,Q3,2178,1089.0,JAMESON,0.8479,1438.2,13.2,60.6,18.1,1920,1080,0.053,1468.5,22.2
Round1,Q3,2178,1089.0,JAMESON,0.8478,743.1,23.6,60.8,18.2,1920,1080,0.053,773.5,32.7
Round1,Q3,2178,1089.0,JAMESON,0.8347,656.3,225.7,63.6,21.0,1920,1080,0.064,688.1,236.2
Round1,Q3,2178,1089.0,JAMESON,0.8301,1150.2,205.5,62.0,19.8,1920,1080,0.059,1181.2,215.4
Round1,Q3,2178,1089.0,JAMESON,0.8292,3.4,32.3,67.6,20.0,1920,1080,0.065,37.1,42.3
Round1,Q3,2178,1089.0,JAMESON,0.8035,20.0,276.0,70.3,24.1,1920,1080,0.082,55.2,288.1
Round1,Q3,2178,1089.0,JAMESON,0.7872,902.3,214.3,63.7,20.2,1920,1080,0.062,934.1,224.4
Round1,Q3,2178,1089.0,JAMESON,0.7861,1802.4,194.7,65.4,19.9,1920,1080,0.063,1835.1,204.7
Round1,Q3,2178,1089.0,JAMESON,0.7861,1533.8,198.0,56.2,20.0,1920,1080,0.054,1561.9,208.0
Round1,Q3,2178,1089.0,JAMESON,0.3436,1881.6,2.7,38.4,18.3,1920,1080,0.034,1900.8,11.9
Round1,Q3,2179,1089.5,JAMESON,0.8695,1531.8,10.0,58.5,16.9,1920,1080,0.048,1561.1,18.5
Round1,Q3,2179,1089.5,JAMESON,0.8668,1494.3,187.4,62.4,19.9,1920,1080,0.06,1525.5,197.3
Round1,Q3,2179,1089.5,JAMESON,0.8664,871.3,20.8,56.8,17.1,1920,1080,0.047,899.7,29.3
Round1,Q3,2179,1089.5,JAMESON,0.865,1765.5,4.0,61.8,17.5,1920,1080,0.052,1796.4,12.8
Round1,Q3,2179,1089.5,JAMESON,0.8607,1372.7,190.1,60.7,18.9,1920,1080,0.055,1403.0,199.5
Round1,Q3,2179,1089.5,JAMESON,0.8607,980.0,18.9,57.1,17.6,1920,1080,0.048,1008.5,27.7
Round1,Q3,2179,1089.5,JAMESON,0.8606,1645.6,7.2,60.9,17.5,1920,1080,0.051,1676.1,15.9
Round1,Q3,2179,1089.5,JAMESON,0.8578,1745.5,184.4,65.5,19.6,1920,1080,0.062,1778.3,194.2
Round1,Q3,2179,1089.5,JAMESON,0.8558,761.6,22.8,57.9,17.3,1920,1080,0.048,790.5,31.5
Round1,Q3,2179,1089.5,JAMESON,0.8553,310.2,30.4,61.2,18.7,1920,1080,0.055,340.8,39.8
Round1,Q3,2179,1089.5,JAMESON,0.8549,1196.8,15.8,56.8,17.1,1920,1080,0.047,1225.2,24.3
Round1,Q3,2179,1089.5,JAMESON,0.8538,324.7,245.4,60.2,21.9,1920,1080,0.064,354.8,256.4
Round1,Q3,2179,1089.5,JAMESON,0.8532,1087.7,17.0,58.7,17.3,1920,1080,0.049,1117.1,25.7
Round1,Q3,2179,1089.5,JAMESON,0.8526,538.9,26.4,59.6,18.0,1920,1080,0.052,568.7,35.4
Round1,Q3,2179,1089.5,JAMESON,0.8519,439.6,234.6,60.0,21.7,1920,1080,0.063,469.6,245.5
Round1,Q3,2179,1089.5,JAMESON,0.8507,1417.5,11.7,58.5,17.2,1920,1080,0.048,1446.8,20.3
Round1,Q3,2179,1089.5,JAMESON,0.85,671.6,217.3,59.0,20.5,1920,1080,0.058,701.1,227.6
Round1,Q3,2179,1089.5,JAMESON,0.846,652.0,24.4,57.6,17.5,1920,1080,0.049,680.7,33.2
Round1,Q3,2179,1089.5,JAMESON,0.8436,1135.2,196.1,60.9,18.9,1920,1080,0.056,1165.6,205.6
Round1,Q3,2179,1089.5,JAMESON,0.8428,1307.8,14.0,57.7,16.9,1920,1080,0.047,1336.7,22.4
Round1,Q3,2179,1089.5,JAMESON,0.8428,555.8,225.2,61.1,20.9,1920,1080,0.062,586.3,235.7
Round1,Q3,2179,1089.5,JAMESON,0.8422,788.1,210.1,59.8,21.0,1920,1080,0.061,818.1,220.6
Round1,Q3,2179,1089.5,JAMESON,0.8414,427.9,29.1,59.4,17.8,1920,1080,0.051,457.5,38.0
Round1,Q3,2179,1089.5,JAMESON,0.8372,193.1,32.1,61.7,19.1,1920,1080,0.057,224.0,41.6
Round1,Q3,2179,1089.5,JAMESON,0.8364,903.3,204.9,58.7,19.4,1920,1080,0.055,932.6,214.6
Round1,Q3,2179,1089.5,JAMESON,0.8145,69.0,33.7,62.9,19.6,1920,1080,0.06,100.4,43.5
Round1,Q3,2179,1089.5,JAMESON,0.8082,1254.1,192.4,59.0,18.9,1920,1080,0.054,1283.6,201.9
Round1,Q3,2179,1089.5,JAMESON,0.7967,1019.0,199.6,61.4,20.2,1920,1080,0.06,1049.6,209.7
Round1,Q3,2179,1089.5,JAMESON,0.7962,204.6,257.9,59.8,22.8,1920,1080,0.066,234.5,269.3
Round1,Q3,2179,1089.5,JAMESON,0.7777,1887.9,1.8,32.0,17.1,1920,1080,0.026,1903.9,10.3
Round1,Q3,2179,1089.5,JAMESON,0.7483,1620.2,185.9,54.6,19.6,1920,1080,0.052,1647.5,195.7
Round1,Q3,2179,1089.5,JAMESON,0.6893,90.2,271.8,57.9,22.4,1920,1080,0.063,119.2,283.0
Round1,Q3,2179,1089.5,JAMESON,0.5101,1879.6,182.5,40.2,20.1,1920,1080,0.039,1899.7,192.5
Round1,Q3,2179,1089.5,JAMESON,0.378,0.0,286.1,29.0,24.2,1920,1080,0.034,14.5,298.2
Round1,Q3,2179,1089.5,JAMESON,0.3246,1838.5,3.4,42.3,17.0,1920,1080,0.035,1859.7,11.9
Round1,Q3,2180,1090.0,JAMESON,0.8698,1014.1,185.7,55.8,18.8,1920,1080,0.051,1042.0,195.1
Round1,Q3,2180,1090.0,JAMESON,0.8671,1401.4,4.4,54.9,16.7,1920,1080,0.044,1428.9,12.8
Round1,Q3,2180,1090.0,JAMESON,0.8656,1615.8,1.1,57.1,16.2,1920,1080,0.045,1644.4,9.2
Round1,Q3,2180,1090.0,JAMESON,0.8652,15.6,32.3,61.4,19.4,1920,1080,0.058,46.3,42.0
Round1,Q3,2180,1090.0,JAMESON,0.8623,1506.9,2.9,55.4,16.3,1920,1080,0.044,1534.6,11.0
Round1,Q3,2180,1090.0,JAMESON,0.8587,1727.4,0.0,58.6,15.0,1920,1080,0.042,1756.7,7.5
Round1,Q3,2180,1090.0,JAMESON,0.8581,675.5,17.2,55.4,17.5,1920,1080,0.047,703.2,25.9
Round1,Q3,2180,1090.0,JAMESON,0.8569,1578.6,169.9,59.2,18.9,1920,1080,0.054,1608.2,179.3
Round1,Q3,2180,1090.0,JAMESON,0.8564,1461.2,172.5,57.9,18.3,1920,1080,0.051,1490.1,181.7
Round1,Q3,2180,1090.0,JAMESON,0.8563,1295.0,6.1,54.1,17.1,1920,1080,0.045,1322.1,14.7
Round1,Q3,2180,1090.0,JAMESON,0.8562,1088.4,9.7,53.9,16.6,1920,1080,0.043,1115.4,18.0
Round1,Q3,2180,1090.0,JAMESON,0.8558,464.3,22.1,56.3,17.6,1920,1080,0.048,492.5,31.0
Round1,Q3,2180,1090.0,JAMESON,0.8556,796.6,197.6,55.5,19.5,1920,1080,0.052,824.4,207.4
Round1,Q3,2180,1090.0,JAMESON,0.8536,1192.7,8.2,54.1,16.4,1920,1080,0.043,1219.7,16.4
Round1,Q3,2180,1090.0,JAMESON,0.8466,1234.3,177.4,57.7,18.8,1920,1080,0.052,1263.1,186.8
Round1,Q3,2180,1090.0,JAMESON,0.8441,572.7,19.7,55.0,17.6,1920,1080,0.047,600.3,28.5
Round1,Q3,2180,1090.0,JAMESON,0.8441,986.8,10.9,54.1,16.7,1920,1080,0.044,1013.8,19.3
Round1,Q3,2180,1090.0,JAMESON,0.8429,581.6,213.1,54.4,20.1,1920,1080,0.053,608.8,223.2
Round1,Q3,2180,1090.0,JAMESON,0.8406,780.9,15.2,53.5,16.8,1920,1080,0.043,807.7,23.6
Round1,Q3,2180,1090.0,JAMESON,0.8404,1821.9,167.6,62.4,19.2,1920,1080,0.058,1853.1,177.2
Round1,Q3,2180,1090.0,JAMESON,0.8399,883.0,12.9,54.1,17.0,1920,1080,0.044,910.0,21.4
Round1,Q3,2180,1090.0,JAMESON,0.8346,906.9,190.4,54.5,19.5,1920,1080,0.051,934.2,200.1
Round1,Q3,2180,1090.0,JAMESON,0.8333,688.6,204.4,57.3,20.5,1920,1080,0.057,717.3,214.7
Round1,Q3,2180,1090.0,JAMESON,0.8324,475.9,222.9,53.3,21.0,1920,1080,0.054,502.6,233.4
Round1,Q3,2180,1090.0,JAMESON,0.8324,1843.7,0.0,60.3,12.1,1920,1080,0.035,1873.8,6.1
Round1,Q3,2180,1090.0,JAMESON,0.8323,246.8,26.9,55.2,18.2,1920,1080,0.049,274.4,36.0
Round1,Q3,2180,1090.0,JAMESON,0.8245,358.6,24.3,55.8,18.3,1920,1080,0.049,386.5,33.5
Round1,Q3,2180,1090.0,JAMESON,0.812,1348.8,174.2,56.6,18.9,1920,1080,0.052,1377.1,183.6
Round1,Q3,2180,1090.0,JAMESON,0.8021,1124.2,181.0,57.7,19.0,1920,1080,0.053,1153.1,190.5
Round1,Q3,2180,1090.0,JAMESON,0.8002,154.0,263.0,54.9,23.0,1920,1080,0.061,181.5,274.4
Round1,Q3,2180,1090.0,JAMESON,0.793,366.3,235.3,52.5,21.1,1920,1080,0.054,392.5,245.8
Round1,Q3,2180,1090.0,JAMESON,0.7818,133.7,29.7,57.3,19.3,1920,1080,0.053,162.3,39.4
Round1,Q3,2180,1090.0,JAMESON,0.7232,52.4,279.2,53.3,25.0,1920,1080,0.064,79.0,291.7
Round1,Q3,2180,1090.0,JAMESON,0.6744,1700.8,168.9,51.2,18.2,1920,1080,0.045,1726.4,178.1
Round1,Q3,2180,1090.0,JAMESON,0.433,1073.1,183.9,48.9,19.3,1920,1080,0.046,1097.6,193.6
Round1,Q3,2180,1090.0,JAMESON,0.3656,1294.5,173.9,53.6,23.0,1920,1080,0.06,1321.3,185.5
Round1,Q3,2180,1090.0,JAMESON,0.3611,1760.3,167.2,59.7,21.3,1920,1080,0.061,1790.2,177.8
Round1,Q3,2180,1090.0,JAMESON,0.3546,1523.5,171.1,51.6,19.7,1920,1080,0.049,1549.3,181.0
Round1,Q3,2180,1090.0,JAMESON,0.3491,1352.6,4.2,49.0,18.7,1920,1080,0.044,1377.1,13.6
Round1,Q3,2181,1090.5,JAMESON,0.8771,830.6,7.5,50.2,16.5,1920,1080,0.04,855.7,15.7
Round1,Q3,2181,1090.5,JAMESON,0.8687,948.5,174.6,52.1,18.8,1920,1080,0.047,974.5,184.0
Round1,Q3,2181,1090.5,JAMESON,0.8672,731.3,10.0,51.3,16.5,1920,1080,0.041,756.9,18.3
Round1,Q3,2181,1090.5,JAMESON,0.8614,1319.1,0.5,51.5,15.2,1920,1080,0.038,1344.8,8.1
Round1,Q3,2181,1090.5,JAMESON,0.8595,926.7,5.8,51.6,16.4,1920,1080,0.041,952.5,14.0
Round1,Q3,2181,1090.5,JAMESON,0.859,1520.1,0.0,54.3,13.0,1920,1080,0.034,1547.2,6.5
Round1,Q3,2181,1090.5,JAMESON,0.857,1420.3,0.0,52.4,14.2,1920,1080,0.036,1446.5,7.1
Round1,Q3,2181,1090.5,JAMESON,0.8564,1024.8,4.2,51.8,15.8,1920,1080,0.039,1050.7,12.0
Round1,Q3,2181,1090.5,JAMESON,0.852,1260.6,162.5,54.1,18.1,1920,1080,0.047,1287.6,171.6
Round1,Q3,2181,1090.5,JAMESON,0.8508,540.5,205.0,51.2,19.9,1920,1080,0.049,566.0,215.0
Round1,Q3,2181,1090.5,JAMESON,0.85,116.4,25.6,56.1,19.1,1920,1080,0.052,144.5,35.2
Round1,Q3,2181,1090.5,JAMESON,0.8495,1818.9,153.6,60.6,18.7,1920,1080,0.055,1849.2,162.9
Round1,Q3,2181,1090.5,JAMESON,0.8486,1220.8,1.4,51.4,15.5,1920,1080,0.038,1246.5,9.1
Round1,Q3,2181,1090.5,JAMESON,0.8486,742.1,186.8,53.5,20.0,1920,1080,0.052,768.9,196.8
Round1,Q3,2181,1090.5,JAMESON,0.8478,432.2,16.5,53.1,17.8,1920,1080,0.046,458.7,25.4
Round1,Q3,2181,1090.5,JAMESON,0.8477,1050.8,169.7,53.2,18.3,1920,1080,0.047,1077.4,178.8
Round1,Q3,2181,1090.5,JAMESON,0.8475,3.6,28.4,60.7,20.0,1920,1080,0.059,33.9,38.5
Round1,Q3,2181,1090.5,JAMESON,0.846,632.7,11.8,52.2,17.3,1920,1080,0.043,658.8,20.4
Round1,Q3,2181,1090.5,JAMESON,0.8449,1476.2,157.8,56.1,17.9,1920,1080,0.048,1504.2,166.7
Round1,Q3,2181,1090.5,JAMESON,0.8439,532.1,14.4,52.8,17.0,1920,1080,0.043,558.5,22.9
Round1,Q3,2181,1090.5,JAMESON,0.8437,641.0,195.4,52.5,19.6,1920,1080,0.05,667.3,205.2
Round1,Q3,2181,1090.5,JAMESON,0.8402,1123.1,2.7,50.5,15.5,1920,1080,0.038,1148.3,10.4
Round1,Q3,2181,1090.5,JAMESON,0.8341,1625.1,0.0,53.4,11.1,1920,1080,0.029,1651.8,5.5
Round1,Q3,2181,1090.5,JAMESON,0.8331,1587.1,155.9,56.8,18.2,1920,1080,0.05,1615.5,165.0
Round1,Q3,2181,1090.5,JAMESON,0.8301,844.4,180.4,52.0,18.7,1920,1080,0.047,870.4,189.7
Round1,Q3,2181,1090.5,JAMESON,0.8295,328.6,19.7,52.4,18.3,1920,1080,0.046,354.8,28.9
Round1,Q3,2181,1090.5,JAMESON,0.812,1368.5,158.9,54.1,18.4,1920,1080,0.048,1395.6,168.1
Round1,Q3,2181,1090.5,JAMESON,0.8068,1154.9,165.4,55.6,18.9,1920,1080,0.051,1182.7,174.8
Round1,Q3,2181,1090.5,JAMESON,0.7973,439.6,215.6,48.5,20.9,1920,1080,0.049,463.8,226.0
Round1,Q3,2181,1090.5,JAMESON,0.7897,224.5,22.6,52.4,18.4,1920,1080,0.047,250.6,31.8
Round1,Q3,2181,1090.5,JAMESON,0.7629,242.8,242.2,48.9,21.8,1920,1080,0.051,267.2,253.1
Round1,Q3,2181,1090.5,JAMESON,0.7468,1702.4,154.3,52.8,19.2,1920,1080,0.049,1728.8,163.9
Round1,Q3,2181,1090.5,JAMESON,0.7434,1729.3,0.0,56.9,9.2,1920,1080,0.025,1757.7,4.6
Round1,Q3,2181,1090.5,JAMESON,0.733,146.6,257.6,49.8,24.8,1920,1080,0.06,171.5,270.0
Round1,Q3,2181,1090.5,JAMESON,0.678,54.1,276.2,44.4,26.1,1920,1080,0.056,76.3,289.2
Round1,Q3,2181,1090.5,JAMESON,0.4635,0.0,293.7,10.2,24.8,1920,1080,0.012,5.1,306.1
Round1,Q3,2181,1090.5,JAMESON,0.4309,339.3,227.2,52.1,20.1,1920,1080,0.05,365.3,237.2
Round1,Q3,2181,1090.5,JAMESON,0.3722,1760.3,153.5,56.8,20.4,1920,1080,0.056,1788.7,163.7
Round1,Q3,2181,1090.5,JAMESON,0.3474,1841.0,0.0,52.0,6.4,1920,1080,0.016,1867.0,3.2
Round1,Q3,2182,1091.0,JAMESON,0.8633,734.9,9.5,50.0,16.3,1920,1080,0.039,760.0,17.6
Round1,Q3,2182,1091.0,JAMESON,0.8589,31.8,28.2,58.5,19.5,1920,1080,0.055,61.0,37.9
Round1,Q3,2182,1091.0,JAMESON,0.8582,1500.0,0.0,51.7,13.3,1920,1080,0.033,1525.8,6.7
Round1,Q3,2182,1091.0,JAMESON,0.8535,1114.7,2.5,48.7,15.5,1920,1080,0.036,1139.1,10.2
Round1,Q3,2182,1091.0,JAMESON,0.8531,830.4,7.2,50.2,16.0,1920,1080,0.039,855.5,15.2
Round1,Q3,2182,1091.0,JAMESON,0.8514,1209.4,1.4,49.8,15.3,1920,1080,0.037,1234.4,9.0
Round1,Q3,2182,1091.0,JAMESON,0.8513,1563.1,151.3,56.4,18.4,1920,1080,0.05,1591.3,160.5
Round1,Q3,2182,1091.0,JAMESON,0.8513,844.7,174.9,50.4,18.5,1920,1080,0.045,870.0,184.1
Round1,Q3,2182,1091.0,JAMESON,0.851,1788.0,149.8,57.2,18.3,1920,1080,0.05,1816.6,159.0
Round1,Q3,2182,1091.0,JAMESON,0.8509,647.7,189.5,50.0,19.0,1920,1080,0.046,672.7,199.1
Round1,Q3,2182,1091.0,JAMESON,0.8508,1401.6,0.0,51.9,14.5,1920,1080,0.036,1427.6,7.2
Round1,Q3,2182,1091.0,JAMESON,0.8506,1455.2,153.4,55.8,18.0,1920,1080,0.048,1483.1,162.4
Round1,Q3,2182,1091.0,JAMESON,0.8478,639.5,11.2,51.2,16.9,1920,1080,0.042,665.1,19.6
Round1,Q3,2182,1091.0,JAMESON,0.847,445.0,16.2,51.6,17.3,1920,1080,0.043,470.8,24.8
Round1,Q3,2182,1091.0,JAMESON,0.8469,1304.0,0.5,50.2,14.8,1920,1080,0.036,1329.1,7.9
Round1,Q3,2182,1091.0,JAMESON,0.8467,924.9,5.5,49.4,15.5,1920,1080,0.037,949.6,13.3
Round1,Q3,2182,1091.0,JAMESON,0.8465,745.3,181.5,52.6,18.9,1920,1080,0.048,771.6,191.0
Round1,Q3,2182,1091.0,JAMESON,0.8456,141.3,25.3,52.7,18.6,1920,1080,0.047,167.7,34.6
Round1,Q3,2182,1091.0,JAMESON,0.8418,945.4,169.3,50.6,18.3,1920,1080,0.045,970.7,178.4
Round1,Q3,2182,1091.0,JAMESON,0.8384,1248.0,157.6,53.4,17.9,1920,1080,0.046,1274.7,166.5
Round1,Q3,2182,1091.0,JAMESON,0.8379,543.1,14.0,50.3,16.7,1920,1080,0.041,568.3,22.4
Round1,Q3,2182,1091.0,JAMESON,0.8343,1044.7,164.3,52.1,18.4,1920,1080,0.046,1070.8,173.4
Round1,Q3,2182,1091.0,JAMESON,0.8327,1019.6,3.8,50.0,15.6,1920,1080,0.038,1044.6,11.6
Round1,Q3,2182,1091.0,JAMESON,0.8324,1599.7,0.0,52.2,11.4,1920,1080,0.029,1625.8,5.7
Round1,Q3,2182,1091.0,JAMESON,0.8291,346.4,19.0,49.5,17.6,1920,1080,0.042,371.1,27.8
Round1,Q3,2182,1091.0,JAMESON,0.8236,548.3,198.2,51.5,20.6,1920,1080,0.051,574.1,208.5
Round1,Q3,2182,1091.0,JAMESON,0.8222,1144.5,160.4,54.9,18.6,1920,1080,0.049,1171.9,169.7
Round1,Q3,2182,1091.0,JAMESON,0.8163,243.8,21.8,50.9,18.2,1920,1080,0.045,269.3,30.9
Round1,Q3,2182,1091.0,JAMESON,0.8066,452.8,209.4,46.0,19.7,1920,1080,0.044,475.7,219.3
Round1,Q3,2182,1091.0,JAMESON,0.7966,1352.0,154.7,53.3,18.4,1920,1080,0.047,1378.6,163.9
Round1,Q3,2182,1091.0,JAMESON,0.779,1701.6,0.0,53.3,9.7,1920,1080,0.025,1728.2,4.8
Round1,Q3,2182,1091.0,JAMESON,0.765,1675.6,150.5,52.1,18.7,1920,1080,0.047,1701.6,159.8
Round1,Q3,2182,1091.0,JAMESON,0.7513,261.5,234.6,48.8,22.5,1920,1080,0.053,285.9,245.9
Round1,Q3,2182,1091.0,JAMESON,0.7435,0.1,288.0,37.4,26.1,1920,1080,0.047,18.7,301.0
Round1,Q3,2182,1091.0,JAMESON,0.6706,169.4,249.7,47.5,24.2,1920,1080,0.055,193.2,261.7
Round1,Q3,2182,1091.0,JAMESON,0.4842,1808.4,0.0,53.6,7.2,1920,1080,0.019,1835.1,3.6
Round1,Q3,2182,1091.0,JAMESON,0.3654,81.0,266.0,59.1,27.9,1920,1080,0.079,110.6,279.9
Round1,Q3,2182,1091.0,JAMESON,0.3258,1906.7,151.0,13.3,18.8,1920,1080,0.012,1913.3,160.4
Round1,Q3,2182,1091.0,JAMESON,0.3242,353.6,220.5,52.9,23.8,1920,1080,0.061,380.1,232.4
Round1,Q3,2183,1091.5,JAMESON,0.8698,724.5,1.0,48.7,15.6,1920,1080,0.037,748.9,8.8
Round1,Q3,2183,1091.5,JAMESON,0.8643,819.4,0.0,49.1,14.3,1920,1080,0.034,843.9,7.1
Round1,Q3,2183,1091.5,JAMESON,0.862,734.5,171.6,52.8,19.3,1920,1080,0.049,760.9,181.2
Round1,Q3,2183,1091.5,JAMESON,0.8615,22.1,18.5,58.0,20.0,1920,1080,0.056,51.1,28.5
Round1,Q3,2183,1091.5,JAMESON,0.8598,913.9,0.0,49.3,12.9,1920,1080,0.031,938.5,6.5
Round1,Q3,2183,1091.5,JAMESON,0.8551,628.7,2.7,51.0,16.1,1920,1080,0.04,654.2,10.8
Round1,Q3,2183,1091.5,JAMESON,0.849,1234.7,148.0,53.0,18.1,1920,1080,0.046,1261.2,157.1
Round1,Q3,2183,1091.5,JAMESON,0.8451,130.8,16.4,53.5,18.2,1920,1080,0.047,157.5,25.5
Round1,Q3,2183,1091.5,JAMESON,0.8444,933.7,159.5,51.4,18.9,1920,1080,0.047,959.4,168.9
Round1,Q3,2183,1091.5,JAMESON,0.8432,1548.7,141.5,55.3,18.8,1920,1080,0.05,1576.3,151.0
Round1,Q3,2183,1091.5,JAMESON,0.8402,531.7,4.8,50.4,16.9,1920,1080,0.041,556.9,13.3
Round1,Q3,2183,1091.5,JAMESON,0.8397,1770.6,140.1,57.5,18.8,1920,1080,0.052,1799.3,149.5
Round1,Q3,2183,1091.5,JAMESON,0.8345,540.0,188.8,49.7,20.1,1920,1080,0.048,564.9,198.8
Round1,Q3,2183,1091.5,JAMESON,0.833,637.5,179.8,50.0,19.5,1920,1080,0.047,662.5,189.5
Round1,Q3,2183,1091.5,JAMESON,0.8318,435.0,6.9,51.0,17.6,1920,1080,0.043,460.5,15.7
Round1,Q3,2183,1091.5,JAMESON,0.8303,833.5,165.8,50.2,18.6,1920,1080,0.045,858.6,175.1
Round1,Q3,2183,1091.5,JAMESON,0.8291,1442.2,144.0,54.0,17.7,1920,1080,0.046,1469.2,152.8
Round1,Q3,2183,1091.5,JAMESON,0.8226,1007.7,0.0,49.5,10.7,1920,1080,0.026,1032.4,5.4
Round1,Q3,2183,1091.5,JAMESON,0.8212,336.6,10.1,48.4,17.1,1920,1080,0.04,360.8,18.7
Round1,Q3,2183,1091.5,JAMESON,0.812,1032.5,155.2,52.1,18.0,1920,1080,0.045,1058.5,164.1
Round1,Q3,2183,1091.5,JAMESON,0.804,251.6,225.2,48.5,22.1,1920,1080,0.052,275.9,236.3
Round1,Q3,2183,1091.5,JAMESON,0.7992,233.1,12.4,56.0,18.2,1920,1080,0.049,261.1,21.5
Round1,Q3,2183,1091.5,JAMESON,0.7885,1338.8,144.9,52.8,18.4,1920,1080,0.047,1365.2,154.1
Round1,Q3,2183,1091.5,JAMESON,0.7885,1102.3,0.0,48.6,9.8,1920,1080,0.023,1126.6,4.9
Round1,Q3,2183,1091.5,JAMESON,0.7883,442.4,200.0,46.8,19.8,1920,1080,0.045,465.8,209.9
Round1,Q3,2183,1091.5,JAMESON,0.7781,1133.3,150.8,53.7,18.7,1920,1080,0.048,1160.1,160.1
Round1,Q3,2183,1091.5,JAMESON,0.7653,1660.4,140.8,51.6,18.6,1920,1080,0.046,1686.2,150.1
Round1,Q3,2183,1091.5,JAMESON,0.7366,0.0,277.2,28.6,26.6,1920,1080,0.037,14.3,290.5
Round1,Q3,2183,1091.5,JAMESON,0.6496,160.3,240.5,49.1,23.8,1920,1080,0.056,184.9,252.4
Round1,Q3,2183,1091.5,JAMESON,0.5878,71.1,257.9,40.7,25.6,1920,1080,0.05,91.5,270.7
Round1,Q3,2183,1091.5,JAMESON,0.5707,1197.1,0.0,49.2,7.9,1920,1080,0.019,1221.7,3.9
Round1,Q3,2183,1091.5,JAMESON,0.38,1292.4,0.0,48.4,7.7,1920,1080,0.018,1316.6,3.8
Round1,Q3,2183,1091.5,JAMESON,0.3549,1887.8,139.4,32.2,18.6,1920,1080,0.029,1903.9,148.7
Round1,Q3,2184,1092.0,JAMESON,0.8582,905.3,0.7,47.9,15.1,1920,1080,0.035,929.2,8.3
Round1,Q3,2184,1092.0,JAMESON,0.8484,925.9,158.9,49.6,18.3,1920,1080,0.044,950.7,168.1
Round1,Q3,2184,1092.0,JAMESON,0.8469,1524.1,141.3,53.8,18.9,1920,1080,0.049,1551.0,150.7
Round1,Q3,2184,1092.0,JAMESON,0.8453,627.7,5.8,49.2,16.5,1920,1080,0.039,652.2,14.1
Round1,Q3,2184,1092.0,JAMESON,0.8427,997.9,0.0,47.7,14.0,1920,1080,0.032,1021.8,7.0
Round1,Q3,2184,1092.0,JAMESON,0.8424,1739.5,140.1,54.9,18.6,1920,1080,0.049,1767.0,149.4
Round1,Q3,2184,1092.0,JAMESON,0.8423,827.4,164.7,49.4,18.8,1920,1080,0.045,852.1,174.1
Round1,Q3,2184,1092.0,JAMESON,0.8405,1219.1,147.3,51.6,18.0,1920,1080,0.045,1244.9,156.3
Round1,Q3,2184,1092.0,JAMESON,0.8367,142.5,20.1,51.3,18.2,1920,1080,0.045,168.2,29.2
Round1,Q3,2184,1092.0,JAMESON,0.8365,1089.4,0.0,48.6,12.9,1920,1080,0.03,1113.7,6.4
Round1,Q3,2184,1092.0,JAMESON,0.8354,533.0,8.5,49.2,16.7,1920,1080,0.04,557.6,16.9
Round1,Q3,2184,1092.0,JAMESON,0.8345,731.0,171.1,51.1,18.8,1920,1080,0.046,756.5,180.5
Round1,Q3,2184,1092.0,JAMESON,0.8342,814.4,2.1,47.9,15.1,1920,1080,0.035,838.3,9.6
Round1,Q3,2184,1092.0,JAMESON,0.8315,720.3,3.9,48.4,15.8,1920,1080,0.037,744.5,11.7
Round1,Q3,2184,1092.0,JAMESON,0.8311,541.0,187.7,48.5,19.8,1920,1080,0.046,565.3,197.6
Round1,Q3,2184,1092.0,JAMESON,0.8284,1182.0,0.0,47.7,11.0,1920,1080,0.025,1205.9,5.5
Round1,Q3,2184,1092.0,JAMESON,0.8263,38.2,22.7,55.1,18.9,1920,1080,0.05,65.7,32.1
Round1,Q3,2184,1092.0,JAMESON,0.824,1419.5,143.5,53.4,17.9,1920,1080,0.046,1446.2,152.5
Round1,Q3,2184,1092.0,JAMESON,0.8196,438.6,10.9,50.3,16.8,1920,1080,0.041,463.7,19.2
Round1,Q3,2184,1092.0,JAMESON,0.8179,636.0,178.5,48.2,19.4,1920,1080,0.045,660.1,188.2
Round1,Q3,2184,1092.0,JAMESON,0.8171,1021.6,154.1,50.4,18.2,1920,1080,0.044,1046.8,163.2
Round1,Q3,2184,1092.0,JAMESON,0.8092,1320.2,144.7,50.5,17.7,1920,1080,0.043,1345.5,153.6
Round1,Q3,2184,1092.0,JAMESON,0.7881,243.3,16.0,50.0,18.0,1920,1080,0.043,268.3,25.0
Round1,Q3,2184,1092.0,JAMESON,0.7864,341.9,13.5,48.4,17.0,1920,1080,0.04,366.1,22.1
Round1,Q3,2184,1092.0,JAMESON,0.7864,445.7,198.6,45.9,19.8,1920,1080,0.044,468.6,208.5
Round1,Q3,2184,1092.0,JAMESON,0.777,0.4,275.7,43.8,28.0,1920,1080,0.059,22.3,289.7
Round1,Q3,2184,1092.0,JAMESON,0.7766,260.7,223.7,46.5,21.4,1920,1080,0.048,283.9,234.4
Round1,Q3,2184,1092.0,JAMESON,0.7496,1120.6,150.2,52.7,18.5,1920,1080,0.047,1147.0,159.4
Round1,Q3,2184,1092.0,JAMESON,0.7258,1273.1,0.0,48.2,10.3,1920,1080,0.024,1297.2,5.2
Round1,Q3,2184,1092.0,JAMESON,0.7193,1852.7,139.9,55.8,18.3,1920,1080,0.049,1880.6,149.0
Round1,Q3,2184,1092.0,JAMESON,0.7177,1631.4,140.8,49.1,19.0,1920,1080,0.045,1656.0,150.3
Round1,Q3,2184,1092.0,JAMESON,0.7071,171.8,238.1,47.1,23.0,1920,1080,0.052,195.3,249.6
Round1,Q3,2184,1092.0,JAMESON,0.6627,1367.6,0.0,48.5,9.0,1920,1080,0.021,1391.9,4.5
Round1,Q3,2184,1092.0,JAMESON,0.598,85.5,256.8,40.4,23.7,1920,1080,0.046,105.8,268.7
Round1,Q3,2184,1092.0,JAMESON,0.5711,1461.3,0.0,49.0,8.0,1920,1080,0.019,1485.8,4.0
Round1,Q3,2184,1092.0,JAMESON,0.4423,352.8,209.8,48.5,20.8,1920,1080,0.049,377.0,220.2
Round1,Q3,2184,1092.0,JAMESON,0.3051,1559.7,0.0,46.9,7.0,1920,1080,0.016,1583.1,3.5
Round1,Q3,2185,1092.5,JAMESON,0.8695,736.5,174.2,49.2,18.7,1920,1080,0.044,761.1,183.5
Round1,Q3,2185,1092.5,JAMESON,0.8678,1359.4,1.6,47.4,14.7,1920,1080,0.034,1383.0,8.9
Round1,Q3,2185,1092.5,JAMESON,0.8652,60.6,31.0,53.3,18.8,1920,1080,0.048,87.3,40.4
Round1,Q3,2185,1092.5,JAMESON,0.8587,1640.2,0.0,51.3,13.1,1920,1080,0.032,1665.9,6.6
Round1,Q3,2185,1092.5,JAMESON,0.8587,906.7,8.1,46.7,14.7,1920,1080,0.033,930.1,15.4
Round1,Q3,2185,1092.5,JAMESON,0.858,1450.2,0.7,48.8,14.4,1920,1080,0.034,1474.6,7.9
Round1,Q3,2185,1092.5,JAMESON,0.8574,1213.4,151.6,51.1,17.6,1920,1080,0.043,1239.0,160.4
Round1,Q3,2185,1092.5,JAMESON,0.8539,926.4,162.8,48.7,17.6,1920,1080,0.041,950.7,171.6
Round1,Q3,2185,1092.5,JAMESON,0.8525,643.3,182.5,47.7,17.9,1920,1080,0.041,667.1,191.4
Round1,Q3,2185,1092.5,JAMESON,0.8519,1266.5,2.5,47.1,14.6,1920,1080,0.033,1290.1,9.8
Round1,Q3,2185,1092.5,JAMESON,0.8513,1546.2,0.0,48.3,14.4,1920,1080,0.034,1570.3,7.2
Round1,Q3,2185,1092.5,JAMESON,0.8472,1086.1,4.3,46.8,15.5,1920,1080,0.035,1109.5,12.1
Round1,Q3,2185,1092.5,JAMESON,0.8466,997.4,5.9,46.2,15.1,1920,1080,0.034,1020.5,13.5
Round1,Q3,2185,1092.5,JAMESON,0.8462,726.1,11.5,47.3,15.4,1920,1080,0.035,749.7,19.2
Round1,Q3,2185,1092.5,JAMESON,0.846,1739.9,0.0,50.7,11.3,1920,1080,0.028,1765.3,5.7
Round1,Q3,2185,1092.5,JAMESON,0.8456,1410.4,147.6,51.5,17.7,1920,1080,0.044,1436.2,156.5
Round1,Q3,2185,1092.5,JAMESON,0.8447,162.8,28.3,50.6,17.3,1920,1080,0.042,188.1,36.9
Round1,Q3,2185,1092.5,JAMESON,0.8417,1178.0,3.0,46.1,15.0,1920,1080,0.033,1201.0,10.5
Round1,Q3,2185,1092.5,JAMESON,0.8411,636.6,13.4,47.4,15.8,1920,1080,0.036,660.3,21.3
Round1,Q3,2185,1092.5,JAMESON,0.8393,543.1,16.0,48.7,16.2,1920,1080,0.038,567.5,24.1
Round1,Q3,2185,1092.5,JAMESON,0.8392,818.4,9.4,45.4,15.0,1920,1080,0.033,841.1,16.9
Round1,Q3,2185,1092.5,JAMESON,0.838,1512.1,146.3,51.6,17.1,1920,1080,0.043,1537.9,154.8
Round1,Q3,2185,1092.5,JAMESON,0.8372,551.6,191.1,46.7,18.7,1920,1080,0.042,575.0,200.5
Round1,Q3,2185,1092.5,JAMESON,0.835,1721.4,145.6,52.8,17.1,1920,1080,0.044,1747.8,154.2
Round1,Q3,2185,1092.5,JAMESON,0.834,1020.9,158.2,48.9,17.2,1920,1080,0.041,1045.4,166.8
Round1,Q3,2185,1092.5,JAMESON,0.832,830.3,168.4,48.8,17.6,1920,1080,0.041,854.7,177.3
Round1,Q3,2185,1092.5,JAMESON,0.8312,451.9,18.1,47.6,16.4,1920,1080,0.038,475.7,26.3
Round1,Q3,2185,1092.5,JAMESON,0.8242,1312.3,149.1,49.6,16.9,1920,1080,0.04,1337.1,157.6
Round1,Q3,2185,1092.5,JAMESON,0.8233,357.1,21.5,46.3,16.8,1920,1080,0.037,380.2,29.9
Round1,Q3,2185,1092.5,JAMESON,0.8155,1839.4,0.0,54.3,10.1,1920,1080,0.027,1866.5,5.1
Round1,Q3,2185,1092.5,JAMESON,0.8131,24.5,278.7,41.3,22.2,1920,1080,0.044,45.2,289.8
Round1,Q3,2185,1092.5,JAMESON,0.8063,1116.6,153.9,51.7,18.1,1920,1080,0.045,1142.4,163.0
Round1,Q3,2185,1092.5,JAMESON,0.7976,276.6,225.9,45.3,21.3,1920,1080,0.046,299.3,236.5
Round1,Q3,2185,1092.5,JAMESON,0.7935,261.4,24.4,49.2,17.3,1920,1080,0.041,286.0,33.1
Round1,Q3,2185,1092.5,JAMESON,0.7881,1615.4,145.8,50.8,17.1,1920,1080,0.042,1640.7,154.3
Round1,Q3,2185,1092.5,JAMESON,0.7798,457.6,201.3,44.8,19.2,1920,1080,0.041,480.0,210.9
Round1,Q3,2185,1092.5,JAMESON,0.7502,1831.1,145.4,55.4,17.1,1920,1080,0.046,1858.9,154.0
Round1,Q3,2185,1092.5,JAMESON,0.7244,106.0,258.7,39.5,23.2,1920,1080,0.044,125.8,270.3
Round1,Q3,2185,1092.5,JAMESON,0.6931,190.3,240.5,46.6,22.4,1920,1080,0.05,213.6,251.7
Round1,Q3,2185,1092.5,JAMESON,0.5832,368.4,212.6,47.4,20.5,1920,1080,0.047,392.1,222.8
Round1,Q3,2185,1092.5,JAMESON,0.4821,0.0,33.8,11.2,19.7,1920,1080,0.011,5.6,43.7
Round1,Q3,2185,1092.5,JAMESON,0.4104,1889.1,145.3,30.8,19.8,1920,1080,0.029,1904.5,155.2
Round1,Q3,2186,1093.0,JAMESON,0.8705,1359.6,10.5,47.2,14.6,1920,1080,0.033,1383.1,17.8
Round1,Q3,2186,1093.0,JAMESON,0.8619,1542.3,9.0,48.3,14.1,1920,1080,0.033,1566.4,16.1
Round1,Q3,2186,1093.0,JAMESON,0.8614,1181.2,12.0,46.2,14.9,1920,1080,0.033,1204.3,19.4
Round1,Q3,2186,1093.0,JAMESON,0.856,1830.6,4.1,54.3,15.3,1920,1080,0.04,1857.7,11.8
Round1,Q3,2186,1093.0,JAMESON,0.854,1732.4,5.7,51.1,15.4,1920,1080,0.038,1757.9,13.4
Round1,Q3,2186,1093.0,JAMESON,0.8526,842.7,173.8,47.7,17.7,1920,1080,0.041,866.6,182.7
Round1,Q3,2186,1093.0,JAMESON,0.8514,1217.5,158.1,49.5,16.1,1920,1080,0.039,1242.2,166.1
Round1,Q3,2186,1093.0,JAMESON,0.8497,1715.3,152.2,52.1,17.4,1920,1080,0.044,1741.4,160.9
Round1,Q3,2186,1093.0,JAMESON,0.8489,1005.0,14.8,45.7,14.1,1920,1080,0.031,1027.8,21.8
Round1,Q3,2186,1093.0,JAMESON,0.8474,1635.3,7.0,50.3,15.4,1920,1080,0.037,1660.5,14.7
Round1,Q3,2186,1093.0,JAMESON,0.8467,739.1,20.3,46.9,14.9,1920,1080,0.034,762.6,27.8
Round1,Q3,2186,1093.0,JAMESON,0.8458,0.1,44.4,44.1,19.3,1920,1080,0.041,22.1,54.0
Round1,Q3,2186,1093.0,JAMESON,0.8448,91.3,40.6,51.7,17.7,1920,1080,0.044,117.2,49.5
Round1,Q3,2186,1093.0,JAMESON,0.8447,567.5,196.0,46.8,18.3,1920,1080,0.041,590.9,205.2
Round1,Q3,2186,1093.0,JAMESON,0.8435,651.0,22.1,47.2,15.4,1920,1080,0.035,674.6,29.8
Round1,Q3,2186,1093.0,JAMESON,0.8426,1410.2,154.3,51.1,17.0,1920,1080,0.042,1435.7,162.8
Round1,Q3,2186,1093.0,JAMESON,0.8422,1510.7,152.7,50.3,17.6,1920,1080,0.043,1535.8,161.5
Round1,Q3,2186,1093.0,JAMESON,0.8408,1092.9,13.4,46.5,15.0,1920,1080,0.034,1116.2,20.9
Round1,Q3,2186,1093.0,JAMESON,0.8395,749.9,179.5,48.2,18.4,1920,1080,0.043,774.0,188.7
Round1,Q3,2186,1093.0,JAMESON,0.8393,560.6,24.9,47.7,15.6,1920,1080,0.036,584.5,32.7
Round1,Q3,2186,1093.0,JAMESON,0.838,658.3,187.8,48.0,17.6,1920,1080,0.041,682.3,196.6
Round1,Q3,2186,1093.0,JAMESON,0.8335,935.6,168.8,46.9,17.1,1920,1080,0.039,959.1,177.4
Round1,Q3,2186,1093.0,JAMESON,0.833,1029.2,164.4,48.1,16.6,1920,1080,0.039,1053.3,172.7
Round1,Q3,2186,1093.0,JAMESON,0.8282,189.7,37.3,49.7,17.0,1920,1080,0.041,214.6,45.8
Round1,Q3,2186,1093.0,JAMESON,0.8267,1269.3,11.1,47.0,15.1,1920,1080,0.034,1292.8,18.7
Round1,Q3,2186,1093.0,JAMESON,0.8263,1449.6,9.2,48.6,15.0,1920,1080,0.035,1473.9,16.7
Round1,Q3,2186,1093.0,JAMESON,0.8226,378.6,30.5,45.8,16.2,1920,1080,0.036,401.5,38.5
Round1,Q3,2186,1093.0,JAMESON,0.8208,828.7,17.6,46.0,15.2,1920,1080,0.034,851.7,25.2
Round1,Q3,2186,1093.0,JAMESON,0.8197,470.4,27.0,48.0,15.6,1920,1080,0.036,494.4,34.8
Round1,Q3,2186,1093.0,JAMESON,0.8151,916.3,16.0,46.4,14.8,1920,1080,0.033,939.4,23.4
Round1,Q3,2186,1093.0,JAMESON,0.8027,1122.0,160.2,50.2,17.3,1920,1080,0.042,1147.1,168.9
Round1,Q3,2186,1093.0,JAMESON,0.7989,1314.3,155.6,47.4,16.7,1920,1080,0.038,1338.0,163.9
Round1,Q3,2186,1093.0,JAMESON,0.7961,54.8,281.5,41.1,24.1,1920,1080,0.048,75.3,293.5
Round1,Q3,2186,1093.0,JAMESON,0.7919,285.0,33.6,46.9,16.8,1920,1080,0.038,308.4,42.0
Round1,Q3,2186,1093.0,JAMESON,0.7888,477.0,206.4,44.5,18.5,1920,1080,0.04,499.2,215.6
Round1,Q3,2186,1093.0,JAMESON,0.7767,300.8,231.0,44.8,20.3,1920,1080,0.044,323.2,241.1
Round1,Q3,2186,1093.0,JAMESON,0.7745,1822.0,152.1,54.2,17.4,1920,1080,0.046,1849.1,160.8
Round1,Q3,2186,1093.0,JAMESON,0.7703,1612.2,152.2,49.1,17.0,1920,1080,0.04,1636.7,160.7
Round1,Q3,2186,1093.0,JAMESON,0.686,215.4,245.1,44.5,22.6,1920,1080,0.048,237.6,256.4
Round1,Q3,2186,1093.0,JAMESON,0.6363,133.8,262.1,40.4,23.5,1920,1080,0.046,154.0,273.8
Round1,Q3,2186,1093.0,JAMESON,0.5775,0.0,300.2,18.1,23.0,1920,1080,0.02,9.1,311.7
Round1,Q3,2186,1093.0,JAMESON,0.4761,386.8,217.3,46.9,18.8,1920,1080,0.043,410.2,226.7
Round1,Q3,2186,1093.0,JAMESON,0.3951,1881.8,152.3,38.2,19.3,1920,1080,0.036,1900.9,162.0
Round1,Q3,2187,1093.5,JAMESON,0.865,1213.7,163.1,49.7,16.6,1920,1080,0.04,1238.5,171.4
Round1,Q3,2187,1093.5,JAMESON,0.8594,1813.4,14.0,52.9,14.9,1920,1080,0.038,1839.9,21.4
Round1,Q3,2187,1093.5,JAMESON,0.8566,16.6,53.2,53.2,18.7,1920,1080,0.048,43.2,62.6
Round1,Q3,2187,1093.5,JAMESON,0.8539,755.4,184.3,48.6,18.2,1920,1080,0.043,779.7,193.3
Round1,Q3,2187,1093.5,JAMESON,0.8534,833.5,26.3,45.7,14.5,1920,1080,0.032,856.3,33.6
Round1,Q3,2187,1093.5,JAMESON,0.8516,1403.2,159.3,50.8,16.6,1920,1080,0.041,1428.6,167.6
Round1,Q3,2187,1093.5,JAMESON,0.8507,937.4,173.3,47.8,17.1,1920,1080,0.039,961.3,181.9
Round1,Q3,2187,1093.5,JAMESON,0.8498,1353.4,18.6,47.0,15.0,1920,1080,0.034,1376.9,26.0
Round1,Q3,2187,1093.5,JAMESON,0.8491,1006.7,22.8,45.0,14.8,1920,1080,0.032,1029.1,30.2
Round1,Q3,2187,1093.5,JAMESON,0.849,210.2,46.0,48.7,16.8,1920,1080,0.039,234.6,54.4
Round1,Q3,2187,1093.5,JAMESON,0.8489,571.5,33.0,47.7,15.9,1920,1080,0.037,595.3,41.0
Round1,Q3,2187,1093.5,JAMESON,0.8452,483.0,35.4,47.5,16.3,1920,1080,0.037,506.7,43.6
Round1,Q3,2187,1093.5,JAMESON,0.8435,113.5,49.6,51.6,17.6,1920,1080,0.044,139.3,58.4
Round1,Q3,2187,1093.5,JAMESON,0.8415,919.4,24.6,46.9,14.7,1920,1080,0.033,942.8,31.9
Round1,Q3,2187,1093.5,JAMESON,0.8414,1179.2,20.7,46.2,14.3,1920,1080,0.032,1202.3,27.8
Round1,Q3,2187,1093.5,JAMESON,0.841,1532.3,17.2,47.8,14.3,1920,1080,0.033,1556.2,24.3
Round1,Q3,2187,1093.5,JAMESON,0.8399,746.2,27.9,48.1,15.5,1920,1080,0.036,770.2,35.6
Round1,Q3,2187,1093.5,JAMESON,0.8377,1499.8,158.1,50.9,17.0,1920,1080,0.042,1525.3,166.6
Round1,Q3,2187,1093.5,JAMESON,0.8356,1092.9,21.6,45.9,15.1,1920,1080,0.033,1115.9,29.2
Round1,Q3,2187,1093.5,JAMESON,0.8349,666.1,192.0,48.5,18.1,1920,1080,0.042,690.4,201.0
Round1,Q3,2187,1093.5,JAMESON,0.8337,1029.1,168.9,48.3,16.7,1920,1080,0.039,1053.3,177.2
Round1,Q3,2187,1093.5,JAMESON,0.833,1623.7,15.8,49.1,14.9,1920,1080,0.035,1648.3,23.2
Round1,Q3,2187,1093.5,JAMESON,0.8319,1441.7,17.6,47.4,14.9,1920,1080,0.034,1465.3,25.1
Round1,Q3,2187,1093.5,JAMESON,0.831,1718.0,15.2,49.6,14.2,1920,1080,0.034,1742.8,22.3
Round1,Q3,2187,1093.5,JAMESON,0.8301,1699.4,158.0,52.4,17.0,1920,1080,0.043,1725.6,166.5
Round1,Q3,2187,1093.5,JAMESON,0.8293,1308.2,160.2,49.1,16.9,1920,1080,0.04,1332.7,168.7
Round1,Q3,2187,1093.5,JAMESON,0.8276,845.3,178.5,49.6,17.5,1920,1080,0.042,870.1,187.3
Round1,Q3,2187,1093.5,JAMESON,0.8274,1265.1,19.6,46.7,15.1,1920,1080,0.034,1288.4,27.2
Round1,Q3,2187,1093.5,JAMESON,0.8254,660.2,30.6,46.3,15.5,1920,1080,0.035,683.3,38.4
Round1,Q3,2187,1093.5,JAMESON,0.8218,577.7,200.4,45.9,18.5,1920,1080,0.041,600.7,209.6
Round1,Q3,2187,1093.5,JAMESON,0.8041,489.3,211.1,46.6,18.3,1920,1080,0.041,512.6,220.2
Round1,Q3,2187,1093.5,JAMESON,0.7938,1806.9,158.9,51.9,16.7,1920,1080,0.042,1832.9,167.2
Round1,Q3,2187,1093.5,JAMESON,0.7924,78.6,284.6,39.6,22.7,1920,1080,0.043,98.4,296.0
Round1,Q3,2187,1093.5,JAMESON,0.787,393.8,38.8,45.2,15.6,1920,1080,0.034,416.4,46.6
Round1,Q3,2187,1093.5,JAMESON,0.7699,1121.7,165.2,50.4,17.7,1920,1080,0.043,1146.9,174.1
Round1,Q3,2187,1093.5,JAMESON,0.763,0.3,305.6,44.4,28.0,1920,1080,0.06,22.5,319.5
Round1,Q3,2187,1093.5,JAMESON,0.7606,1602.2,157.8,46.4,16.5,1920,1080,0.037,1625.4,166.1
Round1,Q3,2187,1093.5,JAMESON,0.7516,318.4,234.5,44.4,20.0,1920,1080,0.043,340.6,244.5
Round1,Q3,2187,1093.5,JAMESON,0.7423,301.2,42.4,47.7,16.3,1920,1080,0.038,325.1,50.6
Round1,Q3,2187,1093.5,JAMESON,0.6674,233.9,248.3,45.0,23.9,1920,1080,0.052,256.4,260.2
Round1,Q3,2187,1093.5,JAMESON,0.6544,155.4,265.9,40.5,22.7,1920,1080,0.044,175.7,277.3
Round1,Q3,2187,1093.5,JAMESON,0.5047,402.0,221.3,45.9,19.7,1920,1080,0.044,424.9,231.2
Round1,Q3,2187,1093.5,JAMESON,0.3707,1910.2,160.3,9.5,14.7,1920,1080,0.007,1915.0,167.6
Round1,Q3,2188,1094.0,JAMESON,0.8636,1667.3,163.5,52.0,16.8,1920,1080,0.042,1693.3,172.0
Round1,Q3,2188,1094.0,JAMESON,0.8559,1381.6,164.7,48.9,16.3,1920,1080,0.039,1406.1,172.8
Round1,Q3,2188,1094.0,JAMESON,0.855,1505.7,26.6,46.6,14.4,1920,1080,0.032,1528.9,33.8
Round1,Q3,2188,1094.0,JAMESON,0.8535,32.7,62.8,52.0,17.7,1920,1080,0.044,58.7,71.7
Round1,Q3,2188,1094.0,JAMESON,0.8526,751.1,188.8,46.5,17.9,1920,1080,0.04,774.3,197.7
Round1,Q3,2188,1094.0,JAMESON,0.852,1017.4,173.7,47.2,16.7,1920,1080,0.038,1041.0,182.1
Round1,Q3,2188,1094.0,JAMESON,0.8496,219.8,54.9,48.8,16.7,1920,1080,0.039,244.2,63.2
Round1,Q3,2188,1094.0,JAMESON,0.8494,742.0,36.8,46.0,15.0,1920,1080,0.033,765.0,44.3
Round1,Q3,2188,1094.0,JAMESON,0.8479,1474.7,163.6,49.6,16.5,1920,1080,0.04,1499.5,171.8
Round1,Q3,2188,1094.0,JAMESON,0.8461,827.0,34.3,44.2,15.1,1920,1080,0.032,849.1,41.8
Round1,Q3,2188,1094.0,JAMESON,0.8437,1196.5,168.0,49.0,16.0,1920,1080,0.038,1220.9,176.0
Round1,Q3,2188,1094.0,JAMESON,0.8436,910.6,33.3,45.7,14.4,1920,1080,0.032,933.4,40.5
Round1,Q3,2188,1094.0,JAMESON,0.8422,484.9,44.0,46.7,16.2,1920,1080,0.036,508.3,52.1
Round1,Q3,2188,1094.0,JAMESON,0.842,126.3,58.8,50.4,17.0,1920,1080,0.041,151.5,67.3
Round1,Q3,2188,1094.0,JAMESON,0.8416,928.9,177.8,46.4,17.5,1920,1080,0.039,952.1,186.6
Round1,Q3,2188,1094.0,JAMESON,0.8402,571.3,41.3,47.4,15.8,1920,1080,0.036,595.0,49.2
Round1,Q3,2188,1094.0,JAMESON,0.8381,664.1,196.3,46.8,17.8,1920,1080,0.04,687.5,205.2
Round1,Q3,2188,1094.0,JAMESON,0.8373,994.5,31.9,45.2,14.1,1920,1080,0.031,1017.1,38.9
Round1,Q3,2188,1094.0,JAMESON,0.8366,1418.4,26.8,46.6,14.3,1920,1080,0.032,1441.7,34.0
Round1,Q3,2188,1094.0,JAMESON,0.836,1777.8,24.4,50.0,14.6,1920,1080,0.035,1802.8,31.7
Round1,Q3,2188,1094.0,JAMESON,0.8359,1078.6,30.2,46.1,14.7,1920,1080,0.033,1101.6,37.6
Round1,Q3,2188,1094.0,JAMESON,0.8338,1594.3,25.9,47.7,14.5,1920,1080,0.033,1618.2,33.2
Round1,Q3,2188,1094.0,JAMESON,0.8337,1683.9,25.3,49.5,14.4,1920,1080,0.035,1708.6,32.6
Round1,Q3,2188,1094.0,JAMESON,0.8321,657.6,39.5,45.5,14.8,1920,1080,0.032,680.4,46.9
Round1,Q3,2188,1094.0,JAMESON,0.83,1288.7,165.4,47.9,16.8,1920,1080,0.039,1312.7,173.7
Round1,Q3,2188,1094.0,JAMESON,0.8273,839.4,182.8,47.2,16.9,1920,1080,0.038,863.0,191.2
Round1,Q3,2188,1094.0,JAMESON,0.8241,577.6,205.1,44.9,17.3,1920,1080,0.038,600.1,213.8
Round1,Q3,2188,1094.0,JAMESON,0.8197,1162.8,29.3,45.4,14.3,1920,1080,0.031,1185.5,36.4
Round1,Q3,2188,1094.0,JAMESON,0.8189,1332.2,27.9,46.0,14.1,1920,1080,0.031,1355.2,35.0
Round1,Q3,2188,1094.0,JAMESON,0.8138,398.7,47.5,44.2,15.9,1920,1080,0.034,420.8,55.5
Round1,Q3,2188,1094.0,JAMESON,0.8131,1874.5,22.2,45.5,16.1,1920,1080,0.035,1897.2,30.3
Round1,Q3,2188,1094.0,JAMESON,0.8103,1247.5,28.4,45.1,14.3,1920,1080,0.031,1270.0,35.6
Round1,Q3,2188,1094.0,JAMESON,0.7904,492.0,214.6,44.6,17.7,1920,1080,0.038,514.3,223.5
Round1,Q3,2188,1094.0,JAMESON,0.7898,1106.4,170.4,47.5,16.7,1920,1080,0.038,1130.2,178.7
Round1,Q3,2188,1094.0,JAMESON,0.7858,1871.8,163.9,48.2,17.7,1920,1080,0.041,1895.9,172.8
Round1,Q3,2188,1094.0,JAMESON,0.7818,91.7,287.9,39.0,21.4,1920,1080,0.04,111.2,298.6
Round1,Q3,2188,1094.0,JAMESON,0.7814,1571.8,163.3,47.3,16.2,1920,1080,0.037,1595.5,171.4
Round1,Q3,2188,1094.0,JAMESON,0.7768,323.6,238.1,44.6,19.4,1920,1080,0.042,345.9,247.8
Round1,Q3,2188,1094.0,JAMESON,0.7635,309.0,51.0,46.8,16.0,1920,1080,0.036,332.5,59.1
Round1,Q3,2188,1094.0,JAMESON,0.7507,1769.5,163.7,52.4,16.7,1920,1080,0.042,1795.7,172.1
Round1,Q3,2188,1094.0,JAMESON,0.7298,19.7,307.3,39.8,24.6,1920,1080,0.047,39.6,319.6
Round1,Q3,2188,1094.0,JAMESON,0.6608,166.6,269.4,41.0,21.6,1920,1080,0.043,187.1,280.1
Round1,Q3,2188,1094.0,JAMESON,0.5987,242.5,251.9,44.3,22.9,1920,1080,0.049,264.7,263.3
Round1,Q3,2188,1094.0,JAMESON,0.4058,406.3,224.9,45.6,20.0,1920,1080,0.044,429.1,234.9
Round1,Q3,2189,1094.5,JAMESON,0.8575,207.8,54.9,48.2,16.7,1920,1080,0.039,231.9,63.2
Round1,Q3,2189,1094.5,JAMESON,0.855,729.5,186.3,46.9,17.2,1920,1080,0.039,752.9,194.9
Round1,Q3,2189,1094.5,JAMESON,0.8514,1167.2,165.0,47.8,16.0,1920,1080,0.037,1191.1,173.0
Round1,Q3,2189,1094.5,JAMESON,0.8502,1467.1,27.1,45.1,13.7,1920,1080,0.03,1489.6,34.0
Round1,Q3,2189,1094.5,JAMESON,0.8478,645.9,193.8,44.2,16.0,1920,1080,0.034,667.9,201.8
Round1,Q3,2189,1094.5,JAMESON,0.8467,559.6,201.7,44.3,17.4,1920,1080,0.037,581.7,210.5
Round1,Q3,2189,1094.5,JAMESON,0.8463,803.9,34.6,43.5,14.8,1920,1080,0.031,825.6,42.0
Round1,Q3,2189,1094.5,JAMESON,0.8461,1436.8,160.8,49.0,16.2,1920,1080,0.038,1461.3,168.9
Round1,Q3,2189,1094.5,JAMESON,0.846,903.3,175.4,45.6,16.6,1920,1080,0.037,926.0,183.7
Round1,Q3,2189,1094.5,JAMESON,0.8455,1730.1,25.5,48.1,14.3,1920,1080,0.033,1754.2,32.6
Round1,Q3,2189,1094.5,JAMESON,0.8452,721.0,37.0,44.5,14.6,1920,1080,0.031,743.3,44.3
Round1,Q3,2189,1094.5,JAMESON,0.8448,1624.5,160.7,49.7,16.8,1920,1080,0.04,1649.3,169.1
Round1,Q3,2189,1094.5,JAMESON,0.8444,1552.8,26.5,46.3,14.3,1920,1080,0.032,1575.9,33.6
Round1,Q3,2189,1094.5,JAMESON,0.8442,23.6,63.4,51.8,17.4,1920,1080,0.043,49.6,72.1
Round1,Q3,2189,1094.5,JAMESON,0.8409,1346.3,161.7,48.2,15.6,1920,1080,0.036,1370.4,169.5
Round1,Q3,2189,1094.5,JAMESON,0.8382,115.5,59.0,49.9,16.7,1920,1080,0.04,140.5,67.4
Round1,Q3,2189,1094.5,JAMESON,0.8381,886.4,33.2,44.2,14.3,1920,1080,0.031,908.5,40.4
Round1,Q3,2189,1094.5,JAMESON,0.837,553.8,41.5,46.0,15.3,1920,1080,0.034,576.9,49.1
Round1,Q3,2189,1094.5,JAMESON,0.8346,1820.5,162.0,52.4,16.4,1920,1080,0.041,1846.7,170.2
Round1,Q3,2189,1094.5,JAMESON,0.8339,1051.1,30.2,44.1,14.6,1920,1080,0.031,1073.1,37.5
Round1,Q3,2189,1094.5,JAMESON,0.8323,967.8,31.6,44.2,14.2,1920,1080,0.03,989.9,38.7
Round1,Q3,2189,1094.5,JAMESON,0.8295,1381.9,27.5,45.6,14.1,1920,1080,0.031,1404.7,34.5
Round1,Q3,2189,1094.5,JAMESON,0.824,1639.6,26.4,47.8,13.8,1920,1080,0.032,1663.5,33.3
Round1,Q3,2189,1094.5,JAMESON,0.8232,991.9,170.8,45.7,16.1,1920,1080,0.035,1014.8,178.8
Round1,Q3,2189,1094.5,JAMESON,0.823,1822.0,24.2,49.8,14.7,1920,1080,0.035,1846.8,31.6
Round1,Q3,2189,1094.5,JAMESON,0.8216,816.7,180.2,45.5,16.4,1920,1080,0.036,839.4,188.4
Round1,Q3,2189,1094.5,JAMESON,0.8201,1297.9,27.9,45.3,14.2,1920,1080,0.031,1320.5,35.0
Round1,Q3,2189,1094.5,JAMESON,0.8197,1132.0,29.0,44.5,14.3,1920,1080,0.031,1154.2,36.1
Round1,Q3,2189,1094.5,JAMESON,0.8165,1215.1,28.4,44.5,14.4,1920,1080,0.031,1237.3,35.7
Round1,Q3,2189,1094.5,JAMESON,0.8163,637.8,39.4,44.8,14.6,1920,1080,0.031,660.2,46.6
Round1,Q3,2189,1094.5,JAMESON,0.8162,468.6,44.4,46.0,15.5,1920,1080,0.034,491.7,52.2
Round1,Q3,2189,1094.5,JAMESON,0.8118,1255.8,162.5,47.3,16.3,1920,1080,0.037,1279.4,170.7
Round1,Q3,2189,1094.5,JAMESON,0.8056,1724.9,161.4,47.9,16.1,1920,1080,0.037,1748.8,169.4
Round1,Q3,2189,1094.5,JAMESON,0.7969,83.6,283.6,38.1,22.1,1920,1080,0.041,102.6,294.7
Round1,Q3,2189,1094.5,JAMESON,0.7876,295.0,51.4,47.4,15.9,1920,1080,0.036,318.7,59.3
Round1,Q3,2189,1094.5,JAMESON,0.7835,384.5,47.4,43.3,15.8,1920,1080,0.033,406.1,55.3
Round1,Q3,2189,1094.5,JAMESON,0.7782,1078.0,167.3,48.6,16.7,1920,1080,0.039,1102.3,175.6
Round1,Q3,2189,1094.5,JAMESON,0.7782,476.4,212.1,44.7,17.3,1920,1080,0.037,498.8,220.7
Round1,Q3,2189,1094.5,JAMESON,0.7707,310.8,234.6,43.5,20.0,1920,1080,0.042,332.5,244.6
Round1,Q3,2189,1094.5,JAMESON,0.7679,1532.5,159.9,43.8,16.8,1920,1080,0.036,1554.4,168.4
Round1,Q3,2189,1094.5,JAMESON,0.766,8.9,304.4,42.1,23.8,1920,1080,0.048,29.9,316.3
Round1,Q3,2189,1094.5,JAMESON,0.6681,231.6,249.0,42.1,20.7,1920,1080,0.042,252.6,259.4
Round1,Q3,2189,1094.5,JAMESON,0.6458,157.0,265.7,38.9,21.3,1920,1080,0.04,176.5,276.4
Round1,Q3,2189,1094.5,JAMESON,0.5619,390.7,221.8,45.4,19.7,1920,1080,0.043,413.4,231.6
Round1,Q3,2189,1094.5,JAMESON,0.5523,1882.4,24.5,35.3,13.5,1920,1080,0.023,1900.0,31.2
Round1,Q3,2190,1095.0,JAMESON,0.8551,187.9,54.0,46.2,16.7,1920,1080,0.037,211.0,62.4
Round1,Q3,2190,1095.0,JAMESON,0.8537,691.3,35.8,45.1,14.8,1920,1080,0.032,713.8,43.2
Round1,Q3,2190,1095.0,JAMESON,0.8516,96.9,58.3,49.0,17.0,1920,1080,0.04,121.4,66.8
Round1,Q3,2190,1095.0,JAMESON,0.8498,1338.0,26.8,43.4,13.7,1920,1080,0.029,1359.7,33.7
Round1,Q3,2190,1095.0,JAMESON,0.8492,1419.2,26.4,45.0,13.9,1920,1080,0.03,1441.7,33.4
Round1,Q3,2190,1095.0,JAMESON,0.8471,618.6,189.5,44.1,17.2,1920,1080,0.037,640.7,198.1
Round1,Q3,2190,1095.0,JAMESON,0.846,610.2,38.7,44.2,14.4,1920,1080,0.031,632.3,45.9
Round1,Q3,2190,1095.0,JAMESON,0.845,1303.5,157.9,46.4,15.6,1920,1080,0.035,1326.7,165.7
Round1,Q3,2190,1095.0,JAMESON,0.8449,1674.0,25.6,46.8,14.1,1920,1080,0.032,1697.4,32.6
Round1,Q3,2190,1095.0,JAMESON,0.8428,534.6,198.5,43.6,16.8,1920,1080,0.035,556.4,206.9
Round1,Q3,2190,1095.0,JAMESON,0.8426,1255.1,27.6,45.0,13.5,1920,1080,0.029,1277.6,34.3
Round1,Q3,2190,1095.0,JAMESON,0.8396,1572.8,157.4,48.4,15.8,1920,1080,0.037,1597.0,165.3
Round1,Q3,2190,1095.0,JAMESON,0.839,527.2,40.7,44.7,15.1,1920,1080,0.033,549.5,48.3
Round1,Q3,2190,1095.0,JAMESON,0.8361,700.9,182.4,46.0,16.4,1920,1080,0.036,723.9,190.6
Round1,Q3,2190,1095.0,JAMESON,0.8353,4.6,62.6,51.7,17.4,1920,1080,0.043,30.5,71.3
Round1,Q3,2190,1095.0,JAMESON,0.8351,871.4,171.3,45.2,16.1,1920,1080,0.035,894.0,179.3
Round1,Q3,2190,1095.0,JAMESON,0.8341,1503.3,26.0,44.8,14.3,1920,1080,0.031,1525.7,33.2
Round1,Q3,2190,1095.0,JAMESON,0.8333,1854.4,24.2,48.9,14.6,1920,1080,0.034,1878.8,31.5
Round1,Q3,2190,1095.0,JAMESON,0.8327,854.1,32.3,43.3,13.9,1920,1080,0.029,875.7,39.3
Round1,Q3,2190,1095.0,JAMESON,0.8323,1391.2,156.8,47.7,16.0,1920,1080,0.037,1415.0,164.8
Round1,Q3,2190,1095.0,JAMESON,0.829,1861.6,159.4,52.6,16.1,1920,1080,0.041,1887.9,167.5
Round1,Q3,2190,1095.0,JAMESON,0.8284,787.3,176.7,42.5,16.1,1920,1080,0.033,808.6,184.8
Round1,Q3,2190,1095.0,JAMESON,0.8281,1586.1,26.1,47.6,14.0,1920,1080,0.032,1609.9,33.1
Round1,Q3,2190,1095.0,JAMESON,0.8255,443.8,43.8,45.5,15.1,1920,1080,0.033,466.5,51.3
Round1,Q3,2190,1095.0,JAMESON,0.8237,933.0,30.6,44.6,14.4,1920,1080,0.031,955.3,37.8
Round1,Q3,2190,1095.0,JAMESON,0.8231,1093.7,28.7,44.6,13.8,1920,1080,0.03,1116.0,35.6
Round1,Q3,2190,1095.0,JAMESON,0.8225,1015.4,29.2,42.5,14.2,1920,1080,0.029,1036.7,36.3
Round1,Q3,2190,1095.0,JAMESON,0.8186,1762.0,158.3,50.4,16.5,1920,1080,0.04,1787.2,166.6
Round1,Q3,2190,1095.0,JAMESON,0.8177,772.5,33.9,43.3,14.3,1920,1080,0.03,794.1,41.0
Round1,Q3,2190,1095.0,JAMESON,0.8174,1129.5,161.1,44.4,15.3,1920,1080,0.033,1151.7,168.7
Round1,Q3,2190,1095.0,JAMESON,0.8171,1761.5,24.8,49.2,14.6,1920,1080,0.035,1786.1,32.1
Round1,Q3,2190,1095.0,JAMESON,0.8155,66.2,280.1,36.5,20.5,1920,1080,0.036,84.4,290.3
Round1,Q3,2190,1095.0,JAMESON,0.8119,1175.5,27.9,42.4,13.9,1920,1080,0.028,1196.7,34.8
Round1,Q3,2190,1095.0,JAMESON,0.8085,956.9,167.4,44.1,15.9,1920,1080,0.034,978.9,175.3
Round1,Q3,2190,1095.0,JAMESON,0.7983,1215.8,158.9,45.5,15.6,1920,1080,0.034,1238.6,166.7
Round1,Q3,2190,1095.0,JAMESON,0.7937,1670.2,157.4,45.4,15.9,1920,1080,0.035,1692.9,165.4
Round1,Q3,2190,1095.0,JAMESON,0.7914,1041.2,164.0,48.3,16.3,1920,1080,0.038,1065.3,172.1
Round1,Q3,2190,1095.0,JAMESON,0.787,452.8,207.9,41.1,17.0,1920,1080,0.034,473.3,216.4
Round1,Q3,2190,1095.0,JAMESON,0.7829,361.8,47.1,41.8,15.4,1920,1080,0.031,382.7,54.8
Round1,Q3,2190,1095.0,JAMESON,0.7595,1483.2,157.0,43.7,16.1,1920,1080,0.034,1505.1,165.0
Round1,Q3,2190,1095.0,JAMESON,0.7518,273.7,50.7,45.7,16.0,1920,1080,0.035,296.6,58.7
Round1,Q3,2190,1095.0,JAMESON,0.7473,212.5,245.1,42.5,20.0,1920,1080,0.041,233.8,255.1
Round1,Q3,2190,1095.0,JAMESON,0.7468,290.9,231.3,42.5,18.5,1920,1080,0.038,312.2,240.5
Round1,Q3,2190,1095.0,JAMESON,0.7086,0.0,298.5,33.5,24.5,1920,1080,0.039,16.7,310.8
Round1,Q3,2190,1095.0,JAMESON,0.6726,137.3,261.9,38.1,20.8,1920,1080,0.038,156.4,272.2
Round1,Q3,2190,1095.0,JAMESON,0.5536,370.4,219.0,43.6,17.2,1920,1080,0.036,392.2,227.6
Round1,Q3,2191,1095.5,JAMESON,0.8646,1209.5,23.1,42.9,13.4,1920,1080,0.028,1231.0,29.7
Round1,Q3,2191,1095.5,JAMESON,0.8604,55.3,53.9,48.2,16.5,1920,1080,0.038,79.4,62.1
Round1,Q3,2191,1095.5,JAMESON,0.8541,1706.2,152.6,48.0,15.3,1920,1080,0.035,1730.2,160.2
Round1,Q3,2191,1095.5,JAMESON,0.8507,829.7,165.8,43.8,16.2,1920,1080,0.034,851.6,173.9
Round1,Q3,2191,1095.5,JAMESON,0.8494,1256.7,151.7,45.4,15.3,1920,1080,0.034,1279.4,159.3
Round1,Q3,2191,1095.5,JAMESON,0.8488,1050.0,24.2,42.7,13.7,1920,1080,0.028,1071.4,31.0
Round1,Q3,2191,1095.5,JAMESON,0.8479,1343.4,150.8,46.7,15.5,1920,1080,0.035,1366.8,158.5
Round1,Q3,2191,1095.5,JAMESON,0.847,1793.8,20.9,47.5,14.1,1920,1080,0.032,1817.5,27.9
Round1,Q3,2191,1095.5,JAMESON,0.8432,486.0,36.9,45.4,14.8,1920,1080,0.032,508.7,44.3
Round1,Q3,2191,1095.5,JAMESON,0.8428,1522.3,151.2,46.3,14.9,1920,1080,0.033,1545.4,158.7
Round1,Q3,2191,1095.5,JAMESON,0.8428,569.8,34.8,43.4,14.1,1920,1080,0.029,591.5,41.8
Round1,Q3,2191,1095.5,JAMESON,0.8407,1802.1,153.1,49.3,16.0,1920,1080,0.038,1826.8,161.1
Round1,Q3,2191,1095.5,JAMESON,0.8405,146.6,50.3,46.0,15.7,1920,1080,0.035,169.6,58.2
Round1,Q3,2191,1095.5,JAMESON,0.8384,649.8,32.0,43.6,14.1,1920,1080,0.03,671.7,39.1
Round1,Q3,2191,1095.5,JAMESON,0.8373,494.3,193.3,42.7,16.5,1920,1080,0.034,515.6,201.5
Round1,Q3,2191,1095.5,JAMESON,0.8332,970.6,25.4,42.8,13.7,1920,1080,0.028,992.0,32.3
Round1,Q3,2191,1095.5,JAMESON,0.8332,890.8,26.8,43.1,13.6,1920,1080,0.028,912.3,33.6
Round1,Q3,2191,1095.5,JAMESON,0.8331,404.1,39.7,44.5,14.7,1920,1080,0.032,426.3,47.1
Round1,Q3,2191,1095.5,JAMESON,0.8313,1371.1,22.8,43.4,12.7,1920,1080,0.027,1392.8,29.1
Round1,Q3,2191,1095.5,JAMESON,0.8304,730.7,30.0,43.0,13.9,1920,1080,0.029,752.2,37.0
Round1,Q3,2191,1095.5,JAMESON,0.83,745.5,170.9,42.7,15.8,1920,1080,0.033,766.8,178.9
Round1,Q3,2191,1095.5,JAMESON,0.8296,1084.3,155.3,44.8,15.3,1920,1080,0.033,1106.7,162.9
Round1,Q3,2191,1095.5,JAMESON,0.8291,1129.6,23.5,42.2,13.5,1920,1080,0.027,1150.7,30.3
Round1,Q3,2191,1095.5,JAMESON,0.8276,811.5,27.8,43.4,14.0,1920,1080,0.029,833.2,34.8
Round1,Q3,2191,1095.5,JAMESON,0.824,577.9,184.4,43.2,16.7,1920,1080,0.035,599.5,192.7
Round1,Q3,2191,1095.5,JAMESON,0.8237,913.4,161.4,44.1,15.7,1920,1080,0.033,935.4,169.2
Round1,Q3,2191,1095.5,JAMESON,0.8236,997.4,158.1,47.3,15.3,1920,1080,0.035,1021.1,165.8
Round1,Q3,2191,1095.5,JAMESON,0.8223,660.9,176.8,44.4,16.8,1920,1080,0.036,683.1,185.2
Round1,Q3,2191,1095.5,JAMESON,0.8214,1534.9,22.0,45.1,13.5,1920,1080,0.029,1557.5,28.8
Round1,Q3,2191,1095.5,JAMESON,0.8206,1290.0,22.5,43.1,13.3,1920,1080,0.028,1311.5,29.1
Round1,Q3,2191,1095.5,JAMESON,0.8189,1170.9,153.1,43.9,14.9,1920,1080,0.031,1192.9,160.5
Round1,Q3,2191,1095.5,JAMESON,0.8182,1705.5,21.6,46.4,13.8,1920,1080,0.031,1728.7,28.5
Round1,Q3,2191,1095.5,JAMESON,0.8169,1452.7,21.8,43.8,13.4,1920,1080,0.028,1474.6,28.5
Round1,Q3,2191,1095.5,JAMESON,0.816,1619.3,21.7,45.6,13.4,1920,1080,0.03,1642.1,28.4
Round1,Q3,2191,1095.5,JAMESON,0.7999,1885.5,21.0,34.5,14.0,1920,1080,0.023,1902.7,28.0
Round1,Q3,2191,1095.5,JAMESON,0.797,1616.5,151.4,43.5,15.3,1920,1080,0.032,1638.3,159.0
Round1,Q3,2191,1095.5,JAMESON,0.7841,233.3,46.8,44.3,15.7,1920,1080,0.034,255.5,54.7
Round1,Q3,2191,1095.5,JAMESON,0.7819,1434.6,150.4,41.2,15.7,1920,1080,0.031,1455.1,158.2
Round1,Q3,2191,1095.5,JAMESON,0.7777,24.6,275.2,36.5,20.8,1920,1080,0.037,42.9,285.6
Round1,Q3,2191,1095.5,JAMESON,0.7761,411.7,202.8,43.6,17.1,1920,1080,0.036,433.5,211.3
Round1,Q3,2191,1095.5,JAMESON,0.7682,250.2,225.5,44.4,19.1,1920,1080,0.041,272.4,235.0
Round1,Q3,2191,1095.5,JAMESON,0.752,320.6,43.1,42.0,14.8,1920,1080,0.03,341.6,50.5
Round1,Q3,2191,1095.5,JAMESON,0.738,1899.7,155.1,20.3,15.7,1920,1080,0.015,1909.9,162.9
Round1,Q3,2191,1095.5,JAMESON,0.7084,172.0,239.9,41.0,20.8,1920,1080,0.041,192.5,250.4
Round1,Q3,2191,1095.5,JAMESON,0.643,0.1,56.9,12.3,19.2,1920,1080,0.011,6.2,66.6
Round1,Q3,2191,1095.5,JAMESON,0.5349,96.8,257.9,37.8,20.2,1920,1080,0.037,115.7,268.0
Round1,Q3,2191,1095.5,JAMESON,0.4804,332.1,213.7,39.9,16.7,1920,1080,0.032,352.1,222.0
Round1,Q3,2192,1096.0,JAMESON,0.8571,1149.0,1.6,42.9,12.2,1920,1080,0.025,1170.4,7.7
Round1,Q3,2192,1096.0,JAMESON,0.8541,988.6,2.8,43.2,12.7,1920,1080,0.026,1010.2,9.2
Round1,Q3,2192,1096.0,JAMESON,0.854,1380.9,129.0,46.4,14.6,1920,1080,0.033,1404.1,136.3
Round1,Q3,2192,1096.0,JAMESON,0.8535,1068.4,2.5,43.8,12.4,1920,1080,0.026,1090.3,8.7
Round1,Q3,2192,1096.0,JAMESON,0.853,772.6,142.6,44.2,15.2,1920,1080,0.032,794.7,150.2
Round1,Q3,2192,1096.0,JAMESON,0.8524,1203.8,129.5,47.4,15.0,1920,1080,0.034,1227.6,137.0
Round1,Q3,2192,1096.0,JAMESON,0.8521,1474.7,0.9,44.4,12.2,1920,1080,0.026,1496.9,7.0
Round1,Q3,2192,1096.0,JAMESON,0.8515,907.8,3.7,44.2,12.9,1920,1080,0.028,929.9,10.1
Round1,Q3,2192,1096.0,JAMESON,0.8508,499.3,11.2,45.9,14.4,1920,1080,0.032,522.3,18.4
Round1,Q3,2192,1096.0,JAMESON,0.8482,1820.9,0.4,48.7,12.4,1920,1080,0.029,1845.3,6.6
Round1,Q3,2192,1096.0,JAMESON,0.8475,1730.4,0.9,47.6,12.2,1920,1080,0.028,1754.2,7.0
Round1,Q3,2192,1096.0,JAMESON,0.847,1229.8,1.6,42.7,12.1,1920,1080,0.025,1251.2,7.6
Round1,Q3,2192,1096.0,JAMESON,0.8457,1558.1,1.3,45.8,11.9,1920,1080,0.026,1581.0,7.2
Round1,Q3,2192,1096.0,JAMESON,0.8452,944.7,135.4,44.9,14.6,1920,1080,0.032,967.2,142.7
Round1,Q3,2192,1096.0,JAMESON,0.8447,1310.3,1.4,42.9,11.9,1920,1080,0.025,1331.7,7.3
Round1,Q3,2192,1096.0,JAMESON,0.8432,1644.0,0.9,44.9,12.3,1920,1080,0.027,1666.4,7.0
Round1,Q3,2192,1096.0,JAMESON,0.8431,599.5,153.2,44.5,15.7,1920,1080,0.034,621.7,161.1
Round1,Q3,2192,1096.0,JAMESON,0.8425,1117.8,130.7,44.5,15.0,1920,1080,0.032,1140.1,138.2
Round1,Q3,2192,1096.0,JAMESON,0.8421,827.8,4.3,43.9,13.6,1920,1080,0.029,849.7,11.1
Round1,Q3,2192,1096.0,JAMESON,0.841,426.9,167.5,45.4,16.5,1920,1080,0.036,449.6,175.7
Round1,Q3,2192,1096.0,JAMESON,0.8409,1652.8,129.9,48.9,15.6,1920,1080,0.037,1677.2,137.8
Round1,Q3,2192,1096.0,JAMESON,0.8402,1392.5,1.2,43.9,11.9,1920,1080,0.025,1414.5,7.2
Round1,Q3,2192,1096.0,JAMESON,0.84,512.2,160.0,46.8,15.8,1920,1080,0.036,535.6,167.8
Round1,Q3,2192,1096.0,JAMESON,0.8392,686.3,147.2,45.2,15.6,1920,1080,0.034,708.9,155.0
Round1,Q3,2192,1096.0,JAMESON,0.8388,1560.5,129.4,48.0,15.0,1920,1080,0.035,1584.5,136.9
Round1,Q3,2192,1096.0,JAMESON,0.8366,415.2,13.9,46.9,14.2,1920,1080,0.032,438.7,21.0
Round1,Q3,2192,1096.0,JAMESON,0.8364,746.4,5.8,44.4,13.6,1920,1080,0.029,768.6,12.6
Round1,Q3,2192,1096.0,JAMESON,0.8349,329.6,16.3,46.5,14.9,1920,1080,0.033,352.8,23.7
Round1,Q3,2192,1096.0,JAMESON,0.833,664.7,7.4,45.0,14.0,1920,1080,0.03,687.2,14.4
Round1,Q3,2192,1096.0,JAMESON,0.8291,1748.4,131.1,51.2,16.2,1920,1080,0.04,1774.0,139.2
Round1,Q3,2192,1096.0,JAMESON,0.8283,342.0,177.1,42.7,16.2,1920,1080,0.033,363.3,185.2
Round1,Q3,2192,1096.0,JAMESON,0.8279,583.4,9.7,44.0,13.2,1920,1080,0.028,605.4,16.2
Round1,Q3,2192,1096.0,JAMESON,0.8232,1294.1,129.0,39.8,14.7,1920,1080,0.028,1314.0,136.3
Round1,Q3,2192,1096.0,JAMESON,0.813,1030.5,132.8,44.8,14.9,1920,1080,0.032,1052.9,140.3
Round1,Q3,2192,1096.0,JAMESON,0.8115,1850.2,132.3,47.7,15.5,1920,1080,0.036,1874.0,140.0
Round1,Q3,2192,1096.0,JAMESON,0.8069,241.5,19.1,48.1,14.9,1920,1080,0.035,265.5,26.6
Round1,Q3,2192,1096.0,JAMESON,0.804,857.5,138.7,47.0,15.2,1920,1080,0.035,881.0,146.3
Round1,Q3,2192,1096.0,JAMESON,0.791,1471.6,128.7,45.4,15.0,1920,1080,0.033,1494.3,136.2
Round1,Q3,2192,1096.0,JAMESON,0.7899,253.6,187.2,45.0,17.0,1920,1080,0.037,276.1,195.7
Round1,Q3,2192,1096.0,JAMESON,0.7877,152.7,21.8,46.8,15.1,1920,1080,0.034,176.1,29.3
Round1,Q3,2192,1096.0,JAMESON,0.7753,82.0,211.8,45.4,18.0,1920,1080,0.039,104.7,220.8
Round1,Q3,2192,1096.0,JAMESON,0.7558,60.4,24.3,49.5,16.2,1920,1080,0.039,85.1,32.4
Round1,Q3,2192,1096.0,JAMESON,0.7065,0.0,225.4,42.9,22.4,1920,1080,0.046,21.4,236.5
Round1,Q3,2192,1096.0,JAMESON,0.6782,0.0,26.5,15.4,16.5,1920,1080,0.012,7.7,34.7
Round1,Q3,2192,1096.0,JAMESON,0.6121,170.4,198.3,42.2,16.9,1920,1080,0.034,191.6,206.7
Round1,Q3,2193,1096.5,JAMESON,0.8561,1219.2,91.7,46.5,15.8,1920,1080,0.036,1242.5,99.6
Round1,Q3,2193,1096.5,JAMESON,0.8482,414.5,122.8,46.7,16.1,1920,1080,0.036,437.8,130.9
Round1,Q3,2193,1096.5,JAMESON,0.8455,1400.0,91.5,46.6,15.9,1920,1080,0.036,1423.3,99.4
Round1,Q3,2193,1096.5,JAMESON,0.8433,506.4,116.0,46.5,16.7,1920,1080,0.037,529.6,124.4
Round1,Q3,2193,1096.5,JAMESON,0.8417,1041.5,93.8,46.2,16.0,1920,1080,0.036,1064.6,101.8
Round1,Q3,2193,1096.5,JAMESON,0.8408,1491.4,92.0,47.2,15.7,1920,1080,0.036,1514.9,99.8
Round1,Q3,2193,1096.5,JAMESON,0.8374,1585.1,93.3,49.0,15.6,1920,1080,0.037,1609.6,101.1
Round1,Q3,2193,1096.5,JAMESON,0.8374,952.7,96.2,46.3,15.4,1920,1080,0.035,975.9,103.9
Round1,Q3,2193,1096.5,JAMESON,0.8339,230.4,138.1,47.9,17.4,1920,1080,0.04,254.3,146.8
Round1,Q3,2193,1096.5,JAMESON,0.8296,774.2,102.2,46.4,15.8,1920,1080,0.035,797.4,110.1
Round1,Q3,2193,1096.5,JAMESON,0.8281,597.0,110.4,45.3,16.0,1920,1080,0.035,619.7,118.4
Round1,Q3,2193,1096.5,JAMESON,0.814,136.6,147.8,46.8,17.3,1920,1080,0.039,160.0,156.5
Round1,Q3,2193,1096.5,JAMESON,0.8104,322.9,129.4,48.0,17.0,1920,1080,0.039,346.9,137.9
Round1,Q3,2193,1096.5,JAMESON,0.8079,1786.5,94.9,45.0,17.0,1920,1080,0.037,1809.0,103.4
Round1,Q3,2193,1096.5,JAMESON,0.797,864.1,98.2,45.2,15.8,1920,1080,0.034,886.7,106.2
Round1,Q3,2193,1096.5,JAMESON,0.7964,1882.7,96.5,37.2,16.4,1920,1080,0.029,1901.4,104.7
Round1,Q3,2193,1096.5,JAMESON,0.7861,1685.3,93.6,45.0,16.6,1920,1080,0.036,1707.8,101.9
Round1,Q3,2193,1096.5,JAMESON,0.7779,39.3,157.9,48.9,18.8,1920,1080,0.044,63.8,167.3
Round1,Q3,2193,1096.5,JAMESON,0.7689,685.3,105.5,47.6,16.4,1920,1080,0.038,709.2,113.7
Round1,Q3,2193,1096.5,JAMESON,0.7669,1312.0,91.0,44.1,16.3,1920,1080,0.035,1334.0,99.2
Round1,Q3,2193,1096.5,JAMESON,0.7614,1132.1,92.1,39.2,15.6,1920,1080,0.029,1151.7,99.9
Round1,Q3,2194,1097.0,JAMESON,0.8426,1805.9,37.6,55.4,17.8,1920,1080,0.047,1833.6,46.4
Round1,Q3,2194,1097.0,JAMESON,0.8412,183.0,69.5,51.9,18.5,1920,1080,0.046,208.9,78.8
Round1,Q3,2194,1097.0,JAMESON,0.8341,760.7,41.8,48.7,16.8,1920,1080,0.039,785.0,50.2
Round1,Q3,2194,1097.0,JAMESON,0.834,1706.2,36.5,49.3,16.8,1920,1080,0.04,1730.9,44.9
Round1,Q3,2194,1097.0,JAMESON,0.834,574.6,48.5,48.7,16.5,1920,1080,0.039,598.9,56.8
Round1,Q3,2194,1097.0,JAMESON,0.8283,283.2,63.4,51.8,18.2,1920,1080,0.045,309.1,72.5
Round1,Q3,2194,1097.0,JAMESON,0.8274,78.2,76.9,56.1,19.2,1920,1080,0.052,106.3,86.5
Round1,Q3,2194,1097.0,JAMESON,0.8187,853.6,38.6,48.9,16.9,1920,1080,0.04,878.1,47.0
Round1,Q3,2194,1097.0,JAMESON,0.8168,382.6,57.3,49.2,17.7,1920,1080,0.042,407.2,66.2
Round1,Q3,2194,1097.0,JAMESON,0.8159,1316.6,33.6,48.7,17.2,1920,1080,0.04,1340.9,42.2
Round1,Q3,2194,1097.0,JAMESON,0.8151,477.2,52.6,52.4,17.8,1920,1080,0.045,503.4,61.5
Round1,Q3,2194,1097.0,JAMESON,0.81,668.8,44.6,47.7,16.9,1920,1080,0.039,692.7,53.0
Round1,Q3,2194,1097.0,JAMESON,0.8067,1410.4,34.1,49.9,17.1,1920,1080,0.041,1435.4,42.7
Round1,Q3,2194,1097.0,JAMESON,0.8001,1038.7,35.9,48.8,16.5,1920,1080,0.039,1063.1,44.2
Round1,Q3,2194,1097.0,JAMESON,0.7991,0.0,83.9,29.6,20.4,1920,1080,0.029,14.8,94.1
Round1,Q3,2194,1097.0,JAMESON,0.7968,1607.5,34.7,48.5,17.8,1920,1080,0.042,1631.8,43.7
Round1,Q3,2194,1097.0,JAMESON,0.793,1223.0,33.3,48.9,17.7,1920,1080,0.042,1247.4,42.1
Round1,Q3,2194,1097.0,JAMESON,0.7617,1511.1,34.5,45.6,17.3,1920,1080,0.038,1533.9,43.2
Round1,Q3,2194,1097.0,JAMESON,0.7355,948.4,37.1,40.9,16.6,1920,1080,0.033,968.8,45.4
Round1,Q3,2194,1097.0,JAMESON,0.7043,1131.9,33.0,48.0,19.1,1920,1080,0.044,1155.9,42.5
Round1,Q3,2194,1097.0,JAMESON,0.3521,1909.7,40.1,10.3,17.5,1920,1080,0.009,1914.9,48.8
Round1,Q3,2195,1097.5,JAMESON,0.8502,185.7,6.1,54.5,17.8,1920,1080,0.047,213.0,15.0
Round1,Q3,2195,1097.5,JAMESON,0.8417,77.4,10.4,55.4,18.8,1920,1080,0.05,105.0,19.8
Round1,Q3,2195,1097.5,JAMESON,0.8395,394.4,0.0,52.4,14.8,1920,1080,0.037,420.6,7.4
Round1,Q3,2195,1097.5,JAMESON,0.8377,290.8,1.8,56.8,17.4,1920,1080,0.048,319.2,10.5
Round1,Q3,2195,1097.5,JAMESON,0.7402,0.1,15.0,19.7,19.7,1920,1080,0.019,9.9,24.9
Round1,Q3,2195,1097.5,JAMESON,0.7373,494.8,0.0,51.5,10.9,1920,1080,0.027,520.5,5.5
Round1,Q3,2195,1097.5,JAMESON,0.3314,594.0,0.0,47.2,7.7,1920,1080,0.018,617.6,3.8
Round1,Q3,2201,1100.5,JAMESON,0.8344,1622.9,45.3,48.8,16.9,1920,1080,0.04,1647.4,53.7
Round1,Q3,2201,1100.5,JAMESON,0.8336,451.9,31.4,45.8,15.9,1920,1080,0.035,474.8,39.4
Round1,Q3,2201,1100.5,JAMESON,0.8301,867.5,25.5,45.2,14.7,1920,1080,0.032,890.2,32.9
Round1,Q3,2201,1100.5,JAMESON,0.8236,1282.7,31.3,45.7,15.7,1920,1080,0.035,1305.6,39.1
Round1,Q3,2201,1100.5,JAMESON,0.8223,536.7,30.2,45.0,14.6,1920,1080,0.032,559.2,37.5
Round1,Q3,2201,1100.5,JAMESON,0.8207,182.9,40.5,49.8,16.4,1920,1080,0.039,207.7,48.6
Round1,Q3,2201,1100.5,JAMESON,0.8202,788.9,26.1,41.4,14.2,1920,1080,0.028,809.6,33.2
Round1,Q3,2201,1100.5,JAMESON,0.8198,1710.2,50.1,51.7,17.6,1920,1080,0.044,1736.1,58.9
Round1,Q3,2201,1100.5,JAMESON,0.8176,1803.9,56.5,50.7,16.9,1920,1080,0.041,1829.2,64.9
Round1,Q3,2201,1100.5,JAMESON,0.8173,1451.5,37.3,45.7,16.0,1920,1080,0.035,1474.4,45.2
Round1,Q3,2201,1100.5,JAMESON,0.8136,1535.1,40.5,48.4,17.4,1920,1080,0.041,1559.3,49.2
Round1,Q3,2201,1100.5,JAMESON,0.8074,1363.9,34.2,47.5,16.0,1920,1080,0.037,1387.6,42.1
Round1,Q3,2201,1100.5,JAMESON,0.8027,1115.7,27.5,47.3,15.8,1920,1080,0.036,1139.4,35.4
Round1,Q3,2201,1100.5,JAMESON,0.7954,950.1,25.5,46.3,15.4,1920,1080,0.034,973.2,33.2
Round1,Q3,2201,1100.5,JAMESON,0.7932,1199.3,28.9,45.5,15.9,1920,1080,0.035,1222.1,36.9
Round1,Q3,2201,1100.5,JAMESON,0.7931,1030.4,26.7,47.5,15.5,1920,1080,0.035,1054.2,34.4
Round1,Q3,2201,1100.5,JAMESON,0.7902,363.6,34.3,47.1,15.7,1920,1080,0.036,387.1,42.1
Round1,Q3,2201,1100.5,JAMESON,0.7893,707.6,26.3,41.3,15.3,1920,1080,0.03,728.2,33.9
Round1,Q3,2201,1100.5,JAMESON,0.7846,0.1,46.5,42.1,16.8,1920,1080,0.034,21.1,54.9
Round1,Q3,2201,1100.5,JAMESON,0.7662,624.7,27.7,41.1,15.0,1920,1080,0.03,645.2,35.3
Round1,Q3,2201,1100.5,JAMESON,0.7624,92.3,43.4,46.1,15.9,1920,1080,0.035,115.4,51.4
Round1,Q3,2201,1100.5,JAMESON,0.7555,279.5,36.2,45.2,16.7,1920,1080,0.036,302.1,44.6
Round1,Q3,2201,1100.5,JAMESON,0.3386,1895.8,62.9,24.1,21.8,1920,1080,0.025,1907.8,73.8
Round1,Q3,2202,1101.0,JAMESON,0.857,587.5,3.0,43.4,13.7,1920,1080,0.029,609.2,9.8
Round1,Q3,2202,1101.0,JAMESON,0.8552,670.4,1.7,44.4,14.0,1920,1080,0.03,692.6,8.7
Round1,Q3,2202,1101.0,JAMESON,0.8549,1011.5,2.2,45.0,14.4,1920,1080,0.031,1033.9,9.4
Round1,Q3,2202,1101.0,JAMESON,0.8483,227.7,8.6,49.0,15.9,1920,1080,0.037,252.2,16.5
Round1,Q3,2202,1101.0,JAMESON,0.8472,1267.0,7.8,44.0,15.8,1920,1080,0.033,1289.0,15.7
Round1,Q3,2202,1101.0,JAMESON,0.8466,839.6,1.4,47.0,14.2,1920,1080,0.032,863.0,8.5
Round1,Q3,2202,1101.0,JAMESON,0.8454,1096.6,3.9,45.6,14.8,1920,1080,0.033,1119.4,11.4
Round1,Q3,2202,1101.0,JAMESON,0.8443,318.9,6.8,47.8,15.3,1920,1080,0.035,342.8,14.5
Round1,Q3,2202,1101.0,JAMESON,0.8417,1800.4,37.1,50.4,18.6,1920,1080,0.045,1825.6,46.4
Round1,Q3,2202,1101.0,JAMESON,0.8365,1437.4,14.0,48.0,17.5,1920,1080,0.041,1461.5,22.8
Round1,Q3,2202,1101.0,JAMESON,0.8348,1180.2,6.3,45.1,14.7,1920,1080,0.032,1202.7,13.6
Round1,Q3,2202,1101.0,JAMESON,0.8328,926.9,1.7,46.7,14.9,1920,1080,0.034,950.2,9.1
Round1,Q3,2202,1101.0,JAMESON,0.8291,1614.7,25.0,48.6,16.9,1920,1080,0.04,1639.0,33.5
Round1,Q3,2202,1101.0,JAMESON,0.829,756.4,1.2,47.3,14.1,1920,1080,0.032,780.1,8.2
Round1,Q3,2202,1101.0,JAMESON,0.8223,1523.3,18.9,49.6,17.3,1920,1080,0.041,1548.2,27.5
Round1,Q3,2202,1101.0,JAMESON,0.8208,502.1,3.8,42.1,14.1,1920,1080,0.029,523.2,10.9
Round1,Q3,2202,1101.0,JAMESON,0.817,1351.0,10.4,46.6,16.8,1920,1080,0.038,1374.3,18.8
Round1,Q3,2202,1101.0,JAMESON,0.8139,131.6,10.5,49.3,16.6,1920,1080,0.039,156.2,18.8
Round1,Q3,2202,1101.0,JAMESON,0.7973,414.7,5.4,41.7,14.5,1920,1080,0.029,435.6,12.6
Round1,Q3,2202,1101.0,JAMESON,0.7658,1895.4,44.0,24.5,16.9,1920,1080,0.02,1907.7,52.5
Round1,Q3,2202,1101.0,JAMESON,0.7548,39.9,12.9,44.7,16.2,1920,1080,0.035,62.2,21.0
Round1,Q3,2202,1101.0,JAMESON,0.7154,1706.1,30.7,49.9,18.4,1920,1080,0.044,1731.1,39.9
Round1,Q3,2202,1101.0,JAMESON,0.4412,0.0,10.7,27.2,21.5,1920,1080,0.028,13.6,21.5
Round1,Q3,2203,1101.5,JAMESON,0.8432,1778.0,1.2,53.3,17.8,1920,1080,0.046,1804.6,10.1
Round1,Q3,2203,1101.5,JAMESON,0.8243,1684.5,0.0,49.9,12.1,1920,1080,0.029,1709.5,6.0
Round1,Q3,2203,1101.5,JAMESON,0.8132,1875.4,6.9,44.6,20.3,1920,1080,0.044,1897.7,17.0
Round1,Q3,2204,1102.0,JAMESON,0.8513,1756.2,7.3,51.3,19.3,1920,1080,0.048,1781.8,16.9
Round1,Q3,2204,1102.0,JAMESON,0.8414,1665.8,1.4,49.5,17.7,1920,1080,0.042,1690.5,10.2
Round1,Q3,2204,1102.0,JAMESON,0.8345,1574.3,0.0,48.6,12.1,1920,1080,0.028,1598.6,6.0
Round1,Q3,2204,1102.0,JAMESON,0.8267,1848.6,16.4,51.3,20.1,1920,1080,0.05,1874.3,26.5
Round1,Q3,2205,1102.5,JAMESON,0.8654,0.1,2.0,40.0,15.2,1920,1080,0.029,20.2,9.6
Round1,Q3,2205,1102.5,JAMESON,0.8554,87.0,0.4,50.8,15.4,1920,1080,0.038,112.4,8.1
Round1,Q3,2205,1102.5,JAMESON,0.8538,1120.0,0.0,44.3,11.9,1920,1080,0.025,1142.1,6.0
Round1,Q3,2205,1102.5,JAMESON,0.8531,1540.1,18.9,46.5,17.8,1920,1080,0.04,1563.4,27.9
Round1,Q3,2205,1102.5,JAMESON,0.853,1202.8,0.1,44.3,14.6,1920,1080,0.031,1224.9,7.4
Round1,Q3,2205,1102.5,JAMESON,0.8346,1624.8,25.8,48.1,18.4,1920,1080,0.043,1648.8,34.9
Round1,Q3,2205,1102.5,JAMESON,0.8313,1283.6,2.9,46.8,16.0,1920,1080,0.036,1307.1,10.9
Round1,Q3,2205,1102.5,JAMESON,0.8304,1713.9,33.2,47.3,19.2,1920,1080,0.044,1737.6,42.8
Round1,Q3,2205,1102.5,JAMESON,0.8259,1799.1,42.4,48.0,19.5,1920,1080,0.045,1823.0,52.1
Round1,Q3,2205,1102.5,JAMESON,0.8212,188.1,0.0,43.1,13.0,1920,1080,0.027,209.6,6.5
Round1,Q3,2205,1102.5,JAMESON,0.8185,281.3,0.0,41.0,11.2,1920,1080,0.022,301.7,5.6
Round1,Q3,2205,1102.5,JAMESON,0.8068,1369.0,7.9,45.3,15.8,1920,1080,0.035,1391.7,15.8
Round1,Q3,2205,1102.5,JAMESON,0.8047,1452.4,13.6,48.0,16.5,1920,1080,0.038,1476.3,21.9
Round1,Q3,2205,1102.5,JAMESON,0.7824,1039.4,0.0,42.1,9.4,1920,1080,0.019,1060.5,4.7
Round1,Q3,2205,1102.5,JAMESON,0.7642,451.7,0.0,43.1,8.6,1920,1080,0.018,473.3,4.3
Round1,Q3,2205,1102.5,JAMESON,0.7593,1889.6,52.1,30.3,18.9,1920,1080,0.028,1904.8,61.6
Round1,Q3,2205,1102.5,JAMESON,0.7356,956.1,0.0,42.6,8.7,1920,1080,0.018,977.5,4.3
Round1,Q3,2205,1102.5,JAMESON,0.7186,369.2,0.0,40.4,9.4,1920,1080,0.018,389.4,4.7
Round1,Q3,2205,1102.5,JAMESON,0.3512,535.3,0.0,45.0,7.1,1920,1080,0.016,557.8,3.6
Round1,Q3,2206,1103.0,EMIRATES,0.8826,1065.0,641.9,170.0,48.9,1920,1080,0.401,1150.0,666.4
Round1,Q3,2207,1103.5,EMIRATES,0.878,520.5,636.8,182.7,50.7,1920,1080,0.447,611.8,662.1
Round1,Q3,2208,1104.0,EMIRATES,0.8811,249.7,638.2,182.6,42.2,1920,1080,0.372,341.0,659.3
Round1,Q3,2210,1105.0,ACCESS_COVERS,0.3517,593.9,11.2,58.3,14.5,1920,1080,0.041,623.0,18.5
Round1,Q3,2217,1108.5,EMIRATES,0.3782,1226.7,86.7,10.4,44.1,1920,1080,0.022,1231.9,108.7
Round1,Q3,2218,1109.0,EMIRATES,0.3309,1133.7,136.0,10.9,51.9,1920,1080,0.027,1139.1,162.0
Round1,Q3,2220,1110.0,EMIRATES,0.5459,848.1,234.5,11.0,53.0,1920,1080,0.028,853.6,261.0
Round1,Q3,2220,1110.0,EMIRATES,0.4111,976.8,252.0,10.8,57.2,1920,1080,0.03,982.2,280.6
Round1,Q3,2220,1110.0,EMIRATES,0.3379,1114.5,253.0,11.9,78.1,1920,1080,0.045,1120.5,292.1
Round1,Q3,2220,1110.0,EMIRATES,0.3117,1265.8,277.6,10.2,77.1,1920,1080,0.038,1270.9,316.2
Round1,Q3,2221,1110.5,EMIRATES,0.6009,950.2,268.4,12.3,75.9,1920,1080,0.045,956.3,306.3
Round1,Q3,2221,1110.5,EMIRATES,0.5014,1109.4,288.9,12.6,82.3,1920,1080,0.05,1115.7,330.0
Round1,Q3,2221,1110.5,EMIRATES,0.4786,803.5,265.7,10.9,52.1,1920,1080,0.027,809.0,291.8
Round1,Q3,2221,1110.5,EMIRATES,0.3995,1281.2,322.4,11.8,74.3,1920,1080,0.042,1287.1,359.6
Round1,Q3,2222,1111.0,EMIRATES,0.8806,933.6,821.9,66.9,26.9,1920,1080,0.087,967.0,835.3
Round1,Q3,2223,1111.5,EMIRATES,0.8866,833.8,325.4,47.1,15.5,1920,1080,0.035,857.4,333.2
Round1,Q3,2223,1111.5,EMIRATES,0.88,1047.9,632.8,64.9,21.1,1920,1080,0.066,1080.3,643.4
Round1,Q3,2224,1112.0,EMIRATES,0.8762,1343.2,460.7,57.7,26.3,1920,1080,0.073,1372.0,473.9
Round1,Q3,2224,1112.0,EMIRATES,0.6987,789.6,356.7,15.2,16.8,1920,1080,0.012,797.2,365.1
Round1,Q3,2225,1112.5,EMIRATES,0.8985,1663.8,329.3,45.3,28.4,1920,1080,0.062,1686.5,343.4
Round1,Q3,2225,1112.5,EMIRATES,0.8646,667.6,333.2,51.6,19.6,1920,1080,0.049,693.4,343.0
Round1,Q3,2226,1113.0,EMIRATES,0.8909,680.8,348.0,52.5,16.4,1920,1080,0.042,707.0,356.2
Round1,Q3,2227,1113.5,EMIRATES,0.811,907.9,294.9,17.4,82.6,1920,1080,0.069,916.6,336.2
Round1,Q3,2227,1113.5,EMIRATES,0.7962,1465.4,379.4,18.0,85.0,1920,1080,0.074,1474.4,422.0
Round1,Q3,2227,1113.5,EMIRATES,0.7933,1174.4,335.9,17.8,82.9,1920,1080,0.071,1183.2,377.3
Round1,Q3,2227,1113.5,EMIRATES,0.7811,660.7,256.1,16.7,78.7,1920,1080,0.063,669.0,295.5
Round1,Q3,2227,1113.5,EMIRATES,0.7738,906.6,209.7,16.2,81.7,1920,1080,0.064,914.7,250.5
Round1,Q3,2227,1113.5,EMIRATES,0.7691,1466.5,282.9,17.0,83.4,1920,1080,0.068,1475.0,324.6
Round1,Q3,2227,1113.5,EMIRATES,0.7683,658.7,172.5,14.9,65.4,1920,1080,0.047,666.1,205.2
Round1,Q3,2227,1113.5,EMIRATES,0.6653,1174.3,246.0,17.0,82.8,1920,1080,0.068,1182.8,287.4
Round1,Q3,2228,1114.0,EMIRATES,0.8046,911.7,313.1,15.8,77.0,1920,1080,0.059,919.6,351.7
Round1,Q3,2228,1114.0,EMIRATES,0.801,1447.4,394.7,17.0,82.5,1920,1080,0.068,1455.9,435.9
Round1,Q3,2228,1114.0,EMIRATES,0.7718,909.8,230.6,15.7,76.2,1920,1080,0.058,917.6,268.7
Round1,Q3,2228,1114.0,EMIRATES,0.7584,673.6,275.7,15.6,76.3,1920,1080,0.057,681.4,313.8
Round1,Q3,2228,1114.0,EMIRATES,0.7515,1167.5,351.8,17.7,81.0,1920,1080,0.069,1176.3,392.3
Round1,Q3,2228,1114.0,EMIRATES,0.7393,671.5,194.2,14.3,65.0,1920,1080,0.045,678.6,226.7
Round1,Q3,2228,1114.0,EMIRATES,0.6755,1448.0,301.2,17.6,84.8,1920,1080,0.072,1456.8,343.6
Round1,Q3,2228,1114.0,EMIRATES,0.6642,1166.5,265.4,17.7,81.7,1920,1080,0.07,1175.3,306.3
Round1,Q3,2229,1114.5,EMIRATES,0.7975,1162.2,373.0,16.7,76.1,1920,1080,0.061,1170.5,411.0
Round1,Q3,2229,1114.5,EMIRATES,0.7801,1432.7,411.2,16.8,80.7,1920,1080,0.065,1441.1,451.6
Round1,Q3,2229,1114.5,EMIRATES,0.7784,1432.5,321.5,17.0,82.0,1920,1080,0.067,1441.0,362.5
Round1,Q3,2229,1114.5,EMIRATES,0.7758,683.9,294.7,15.5,76.2,1920,1080,0.057,691.7,332.8
Round1,Q3,2229,1114.5,EMIRATES,0.7707,682.3,217.6,13.7,61.9,1920,1080,0.041,689.1,248.5
Round1,Q3,2229,1114.5,EMIRATES,0.7384,914.0,332.3,15.9,76.1,1920,1080,0.059,921.9,370.4
Round1,Q3,2229,1114.5,EMIRATES,0.7199,1161.2,287.8,15.8,75.6,1920,1080,0.058,1169.2,325.6
Round1,Q3,2229,1114.5,EMIRATES,0.5798,911.9,252.4,16.3,78.9,1920,1080,0.062,920.0,291.8
Round1,Q3,2230,1115.0,EMIRATES,0.7833,1151.6,405.0,16.3,75.2,1920,1080,0.059,1159.7,442.6
Round1,Q3,2230,1115.0,EMIRATES,0.7806,1410.8,444.7,16.3,76.9,1920,1080,0.06,1419.0,483.1
Round1,Q3,2230,1115.0,EMIRATES,0.7231,692.3,259.8,13.5,58.3,1920,1080,0.038,699.1,289.0
Round1,Q3,2230,1115.0,EMIRATES,0.6479,1410.4,359.3,16.5,77.8,1920,1080,0.062,1418.6,398.2
Round1,Q3,2230,1115.0,EMIRATES,0.6353,1151.8,326.1,15.3,73.0,1920,1080,0.054,1159.4,362.6
Round1,Q3,2230,1115.0,EMIRATES,0.592,694.6,331.9,14.9,73.2,1920,1080,0.053,702.1,368.5
Round1,Q3,2230,1115.0,EMIRATES,0.5522,914.8,371.7,14.7,70.6,1920,1080,0.05,922.2,407.0
Round1,Q3,2230,1115.0,EMIRATES,0.3703,912.5,292.5,16.1,74.6,1920,1080,0.058,920.5,329.8
Round1,Q3,2231,1115.5,EMIRATES,0.7708,1138.4,444.4,15.8,70.3,1920,1080,0.053,1146.2,479.6
Round1,Q3,2231,1115.5,EMIRATES,0.7453,912.0,407.4,14.8,69.7,1920,1080,0.05,919.4,442.2
Round1,Q3,2231,1115.5,EMIRATES,0.7396,1385.0,480.6,16.0,72.7,1920,1080,0.056,1393.0,516.9
Round1,Q3,2231,1115.5,EMIRATES,0.6621,1384.8,397.6,15.9,76.8,1920,1080,0.059,1392.7,436.0
Round1,Q3,2231,1115.5,EMIRATES,0.5309,1136.9,367.1,15.7,70.8,1920,1080,0.054,1144.8,402.5
Round1,Q3,2231,1115.5,EMIRATES,0.3232,701.7,303.8,12.6,54.2,1920,1080,0.033,708.0,330.9
Round1,Q3,2232,1116.0,EMIRATES,0.7719,910.5,446.8,14.2,66.9,1920,1080,0.046,917.6,480.3
Round1,Q3,2232,1116.0,EMIRATES,0.7497,1123.5,479.4,15.8,68.4,1920,1080,0.052,1131.4,513.6
Round1,Q3,2232,1116.0,EMIRATES,0.7328,1356.7,516.5,13.9,68.1,1920,1080,0.046,1363.7,550.6
Round1,Q3,2232,1116.0,EMIRATES,0.6345,909.6,379.1,13.5,62.0,1920,1080,0.04,916.3,410.1
Round1,Q3,2232,1116.0,EMIRATES,0.6208,712.3,419.3,13.9,61.8,1920,1080,0.041,719.2,450.2
Round1,Q3,2232,1116.0,EMIRATES,0.6039,711.9,347.6,11.8,49.9,1920,1080,0.028,717.8,372.6
Round1,Q3,2232,1116.0,EMIRATES,0.4269,1122.6,408.5,15.3,64.9,1920,1080,0.048,1130.3,441.0
Round1,Q3,2233,1116.5,EMIRATES,0.8137,626.1,428.3,68.3,59.6,1920,1080,0.196,660.3,458.1
Round1,Q3,2234,1117.0,EMIRATES,0.8339,566.1,402.0,132.2,52.8,1920,1080,0.336,632.2,428.4
Round1,Q3,2234,1117.0,EMIRATES,0.7381,1763.5,506.7,156.5,54.6,1920,1080,0.412,1841.7,534.0
Round1,Q3,2235,1117.5,EMIRATES,0.899,1395.3,534.1,168.1,54.6,1920,1080,0.442,1479.4,561.4
Round1,Q3,2235,1117.5,EMIRATES,0.7943,503.7,375.1,119.2,47.1,1920,1080,0.271,563.3,398.6
Round1,Q3,2236,1118.0,EMIRATES,0.8993,1246.6,547.3,158.8,49.4,1920,1080,0.378,1326.0,572.0
Round1,Q3,2236,1118.0,EMIRATES,0.8633,676.0,399.5,140.3,50.5,1920,1080,0.342,746.2,424.8
Round1,Q3,2237,1118.5,EMIRATES,0.8939,847.8,406.5,172.4,49.7,1920,1080,0.413,934.0,431.3
Round1,Q3,2238,1119.0,EMIRATES,0.8873,942.2,388.6,168.4,47.3,1920,1080,0.384,1026.4,412.2
Round1,Q3,2238,1119.0,EMIRATES,0.8707,543.2,564.1,138.1,71.0,1920,1080,0.473,612.2,599.6
Round1,Q3,2239,1119.5,EMIRATES,0.9033,103.6,565.9,145.6,46.1,1920,1080,0.323,176.4,588.9
Round1,Q3,2239,1119.5,EMIRATES,0.8975,957.6,386.2,181.6,47.0,1920,1080,0.411,1048.3,409.6
Round1,Q3,2240,1120.0,EMIRATES,0.8786,785.6,342.6,168.8,45.4,1920,1080,0.37,870.0,365.3
Round1,Q3,2240,1120.0,EMIRATES,0.826,0.0,525.1,46.3,56.3,1920,1080,0.126,23.2,553.3
Round1,Q3,2241,1120.5,EMIRATES,0.8665,919.8,340.2,164.2,42.8,1920,1080,0.339,1001.8,361.6
Round1,Q3,2242,1121.0,EMIRATES,0.8577,897.9,335.1,176.2,44.1,1920,1080,0.375,985.9,357.1
Round1,Q3,2244,1122.0,EMIRATES,0.8935,902.8,466.4,65.8,44.4,1920,1080,0.141,935.7,488.5
Round1,Q3,2245,1122.5,EMIRATES,0.9014,873.4,481.9,70.0,42.3,1920,1080,0.143,908.4,503.0
Round1,Q3,2247,1123.5,EMIRATES,0.8666,686.2,364.1,153.0,58.3,1920,1080,0.43,762.8,393.3
Round1,Q3,2250,1125.0,EMIRATES,0.8747,774.4,346.5,119.1,43.9,1920,1080,0.252,833.9,368.5
Round1,Q3,2251,1125.5,EMIRATES,0.8872,854.2,349.7,128.0,49.0,1920,1080,0.302,918.1,374.2
Round1,Q3,2253,1126.5,EMIRATES,0.8841,1188.4,467.5,71.4,57.5,1920,1080,0.198,1224.1,496.3
Round1,Q3,2254,1127.0,EMIRATES,0.9046,1194.6,513.7,123.8,48.3,1920,1080,0.288,1256.5,537.8
Round1,Q3,2255,1127.5,EMIRATES,0.912,1154.0,506.1,132.9,43.2,1920,1080,0.277,1220.4,527.7
Round1,Q3,2256,1128.0,EMIRATES,0.9099,1119.7,486.7,137.5,41.8,1920,1080,0.277,1188.5,507.6
Round1,Q3,2257,1128.5,ACCESS_COVERS,0.8071,1164.4,77.3,79.5,18.0,1920,1080,0.069,1204.1,86.3
Round1,Q3,2258,1129.0,ACCESS_COVERS,0.8154,1163.7,78.0,79.6,17.5,1920,1080,0.067,1203.5,86.7
Round1,Q3,2259,1129.5,ACCESS_COVERS,0.8042,1161.0,77.4,80.1,17.7,1920,1080,0.068,1201.0,86.3
Round1,Q3,2259,1129.5,EMIRATES,0.3076,1061.7,564.0,11.7,71.9,1920,1080,0.041,1067.6,600.0
Round1,Q3,2260,1130.0,ACCESS_COVERS,0.7932,1154.6,81.1,79.6,17.9,1920,1080,0.069,1194.4,90.1
Round1,Q3,2261,1130.5,ACCESS_COVERS,0.7987,1147.3,82.8,78.2,17.7,1920,1080,0.067,1186.4,91.7
Round1,Q3,2262,1131.0,ACCESS_COVERS,0.7961,1135.1,83.9,77.1,18.0,1920,1080,0.067,1173.7,92.9
Round1,Q3,2263,1131.5,ACCESS_COVERS,0.7856,1125.6,85.6,76.0,18.3,1920,1080,0.067,1163.6,94.7
Round1,Q3,2264,1132.0,EMIRATES,0.5005,799.7,334.0,98.4,17.5,1920,1080,0.083,848.9,342.7
Round1,Q3,2265,1132.5,EMIRATES,0.8131,832.5,533.0,114.7,47.7,1920,1080,0.264,889.8,556.9
Round1,Q3,2265,1132.5,EMIRATES,0.5086,767.2,260.1,81.5,26.3,1920,1080,0.103,808.0,273.2
Round1,Q3,2266,1133.0,EMIRATES,0.8931,938.2,396.5,159.0,56.1,1920,1080,0.43,1017.7,424.6
Round1,Q3,2267,1133.5,EMIRATES,0.9067,883.8,497.9,165.8,57.0,1920,1080,0.456,966.7,526.4
Round1,Q3,2268,1134.0,EMIRATES,0.9011,834.2,505.6,154.7,53.3,1920,1080,0.397,911.5,532.2
Round1,Q3,2269,1134.5,EMIRATES,0.9149,807.7,511.4,141.6,44.4,1920,1080,0.303,878.5,533.6
Round1,Q3,2270,1135.0,EMIRATES,0.9073,798.4,474.0,127.6,44.3,1920,1080,0.273,862.1,496.2
Round1,Q3,2271,1135.5,EMIRATES,0.8781,734.4,420.5,127.4,57.7,1920,1080,0.354,798.2,449.4
Round1,Q3,2271,1135.5,EMIRATES,0.5268,1627.7,873.6,21.0,8.4,1920,1080,0.008,1638.2,877.8
Round1,Q3,2272,1136.0,EMIRATES,0.8808,742.7,408.1,122.7,59.1,1920,1080,0.35,804.0,437.6
Round1,Q3,2273,1136.5,EMIRATES,0.8841,727.3,432.7,122.4,52.2,1920,1080,0.308,788.5,458.8
Round1,Q3,2274,1137.0,EMIRATES,0.9012,743.0,476.3,122.8,37.4,1920,1080,0.221,804.4,495.0
Round1,Q3,2274,1137.0,EMIRATES,0.6162,1384.8,870.0,22.3,8.6,1920,1080,0.009,1396.0,874.3
Round1,Q3,2275,1137.5,EMIRATES,0.9114,730.7,496.6,135.3,40.0,1920,1080,0.261,798.4,516.6
Round1,Q3,2276,1138.0,EMIRATES,0.9079,717.1,485.8,138.4,40.5,1920,1080,0.27,786.3,506.1
Round1,Q3,2277,1138.5,EMIRATES,0.9125,702.5,502.5,133.6,40.0,1920,1080,0.258,769.3,522.5
Round1,Q3,2277,1138.5,EMIRATES,0.5071,1570.2,781.6,23.8,9.2,1920,1080,0.011,1582.1,786.2
Round1,Q3,2278,1139.0,EMIRATES,0.9153,699.7,506.4,132.0,39.9,1920,1080,0.254,765.7,526.4
Round1,Q3,2279,1139.5,EMIRATES,0.9154,702.8,503.2,133.7,40.0,1920,1080,0.258,769.7,523.2
Round1,Q3,2279,1139.5,EMIRATES,0.4076,1574.9,785.9,23.9,8.6,1920,1080,0.01,1586.9,790.2
Round1,Q3,2280,1140.0,EMIRATES,0.9114,700.6,496.0,135.4,39.2,1920,1080,0.256,768.3,515.6
Round1,Q3,2281,1140.5,EMIRATES,0.9065,690.8,506.8,135.3,42.0,1920,1080,0.274,758.4,527.9
Round1,Q3,2282,1141.0,EMIRATES,0.902,670.5,496.5,135.3,41.7,1920,1080,0.272,738.1,517.3
Round1,Q3,2283,1141.5,EMIRATES,0.9081,675.7,483.8,141.9,39.0,1920,1080,0.267,746.7,503.3
Round1,Q3,2284,1142.0,EMIRATES,0.9137,723.0,490.3,139.0,42.5,1920,1080,0.285,792.5,511.6
Round1,Q3,2285,1142.5,EMIRATES,0.8995,714.6,504.5,134.4,48.3,1920,1080,0.313,781.8,528.6
Round1,Q3,2307,1153.5,EMIRATES,0.6783,1472.9,659.9,14.3,60.0,1920,1080,0.041,1480.1,689.9
Round1,Q3,2307,1153.5,EMIRATES,0.423,1471.5,593.3,13.2,62.2,1920,1080,0.039,1478.1,624.4
Round1,Q3,2308,1154.0,EMIRATES,0.6945,1483.4,662.6,15.6,65.5,1920,1080,0.049,1491.3,695.4
Round1,Q3,2308,1154.0,EMIRATES,0.6138,1482.6,596.2,13.6,61.4,1920,1080,0.04,1489.3,626.9
Round1,Q3,2309,1154.5,EMIRATES,0.7184,1478.6,662.5,15.1,66.3,1920,1080,0.048,1486.1,695.7
Round1,Q3,2309,1154.5,EMIRATES,0.5222,1478.2,594.8,12.9,62.4,1920,1080,0.039,1484.6,626.0
Round1,Q3,2310,1155.0,EMIRATES,0.7434,1483.3,663.3,15.6,67.6,1920,1080,0.051,1491.1,697.2
Round1,Q3,2310,1155.0,EMIRATES,0.7386,1481.8,594.0,13.6,62.3,1920,1080,0.041,1488.6,625.2
Round1,Q3,2311,1155.5,EMIRATES,0.7325,1497.1,591.4,14.5,62.8,1920,1080,0.044,1504.3,622.8
Round1,Q3,2311,1155.5,EMIRATES,0.6502,1497.7,658.8,15.5,67.6,1920,1080,0.05,1505.4,692.6
Round1,Q3,2318,1159.0,EMIRATES,0.8837,1098.5,499.1,57.0,44.5,1920,1080,0.122,1126.9,521.3
Round1,Q3,2319,1159.5,EMIRATES,0.8983,1122.0,524.3,107.4,56.5,1920,1080,0.293,1175.7,552.6
Round1,Q3,2320,1160.0,EMIRATES,0.8909,1152.8,562.0,72.3,50.8,1920,1080,0.177,1189.0,587.4
Round1,Q3,2321,1160.5,EMIRATES,0.8883,1011.7,551.7,93.9,62.9,1920,1080,0.285,1058.6,583.2
Round1,Q3,2321,1160.5,EMIRATES,0.7978,478.4,546.1,104.7,64.8,1920,1080,0.327,530.7,578.6
Round1,Q3,2322,1161.0,ACCESS_COVERS,0.3985,433.1,201.6,32.9,8.4,1920,1080,0.013,449.6,205.8
Round1,Q3,2322,1161.0,CYBERCX,0.3278,398.8,201.4,30.1,8.6,1920,1080,0.012,413.9,205.7
Round1,Q3,2323,1161.5,EMIRATES,0.4251,237.9,2.2,17.3,55.5,1920,1080,0.046,246.6,29.9
Round1,Q3,2323,1161.5,ACCESS_COVERS,0.3052,296.3,210.0,35.6,7.7,1920,1080,0.013,314.1,213.9
Round1,Q3,2342,1171.0,EMIRATES,0.8963,1538.6,857.6,52.5,18.0,1920,1080,0.045,1564.9,866.6
Round1,Q3,2343,1171.5,EMIRATES,0.9003,1532.9,854.4,54.2,17.5,1920,1080,0.046,1560.0,863.2
Round1,Q3,2345,1172.5,EMIRATES,0.8924,1523.2,864.0,45.9,17.6,1920,1080,0.039,1546.1,872.8
Round1,Q3,2346,1173.0,EMIRATES,0.8688,1539.3,877.1,29.4,20.2,1920,1080,0.029,1554.0,887.2
Round1,Q3,2346,1173.0,EMIRATES,0.8563,51.1,429.1,67.1,21.2,1920,1080,0.069,84.7,439.7
Round1,Q3,2346,1173.0,EMIRATES,0.8466,955.1,451.2,67.9,26.9,1920,1080,0.088,989.0,464.7
Round1,Q3,2346,1173.0,EMIRATES,0.8097,1199.9,339.4,57.4,23.6,1920,1080,0.065,1228.6,351.2
Round1,Q3,2347,1173.5,EMIRATES,0.9017,1544.2,873.3,34.4,22.7,1920,1080,0.038,1561.4,884.7
Round1,Q3,2347,1173.5,EMIRATES,0.8748,0.0,315.3,42.9,35.8,1920,1080,0.074,21.5,333.2
Round1,Q3,2347,1173.5,EMIRATES,0.7845,1634.4,241.0,61.9,21.3,1920,1080,0.064,1665.4,251.7
Round1,Q3,2348,1174.0,EMIRATES,0.8729,1550.9,870.9,31.4,23.3,1920,1080,0.035,1566.7,882.6
Round1,Q3,2348,1174.0,EMIRATES,0.5797,1907.7,150.2,12.3,19.6,1920,1080,0.012,1913.8,160.0
Round1,Q3,2349,1174.5,EMIRATES,0.8525,1744.5,171.2,49.5,21.8,1920,1080,0.052,1769.3,182.1
Round1,Q3,2349,1174.5,EMIRATES,0.6721,181.0,229.2,31.5,19.2,1920,1080,0.029,196.8,238.8
Round1,Q3,2350,1175.0,EMIRATES,0.9006,222.3,283.5,47.7,20.5,1920,1080,0.047,246.1,293.8
Round1,Q3,2354,1177.0,EMIRATES,0.9034,1591.7,908.6,53.6,21.1,1920,1080,0.055,1618.5,919.1
Round1,Q3,2355,1177.5,EMIRATES,0.8483,1227.9,578.5,62.3,18.4,1920,1080,0.055,1259.0,587.7
Round1,Q3,2355,1177.5,EMIRATES,0.8216,1614.0,973.8,48.6,17.7,1920,1080,0.042,1638.4,982.6
Round1,Q3,2356,1178.0,EMIRATES,0.6462,1616.8,1009.3,46.2,16.8,1920,1080,0.037,1639.9,1017.7
Round1,Q3,2357,1178.5,EMIRATES,0.3092,802.9,467.1,67.3,18.3,1920,1080,0.06,836.6,476.3
Round1,Q3,2358,1179.0,EMIRATES,0.831,717.3,413.3,53.5,18.4,1920,1080,0.048,744.1,422.6
Round1,Q3,2361,1180.5,EMIRATES,0.7688,1684.9,531.7,18.0,70.4,1920,1080,0.061,1693.9,566.9
Round1,Q3,2361,1180.5,EMIRATES,0.7537,1685.7,460.0,16.9,64.1,1920,1080,0.052,1694.2,492.0
Round1,Q3,2361,1180.5,EMIRATES,0.3513,1909.9,569.0,10.1,72.9,1920,1080,0.036,1914.9,605.4
Round1,Q3,2362,1181.0,EMIRATES,0.7936,1508.4,519.0,18.4,75.2,1920,1080,0.067,1517.6,556.6
Round1,Q3,2362,1181.0,EMIRATES,0.7852,1744.3,480.6,19.2,75.7,1920,1080,0.07,1753.9,518.4
Round1,Q3,2362,1181.0,EMIRATES,0.7824,1744.4,561.0,18.9,77.3,1920,1080,0.071,1753.8,599.7
Round1,Q3,2362,1181.0,EMIRATES,0.7562,1509.0,442.5,17.1,70.0,1920,1080,0.058,1517.6,477.5
Round1,Q3,2363,1181.5,EMIRATES,0.8109,1650.5,561.7,18.2,80.5,1920,1080,0.071,1659.6,602.0
Round1,Q3,2363,1181.5,EMIRATES,0.8099,1401.5,520.0,17.2,76.9,1920,1080,0.064,1410.1,558.4
Round1,Q3,2363,1181.5,EMIRATES,0.8089,1650.8,474.6,17.8,79.7,1920,1080,0.069,1659.7,514.5
Round1,Q3,2363,1181.5,EMIRATES,0.7892,1401.2,437.2,16.4,75.3,1920,1080,0.059,1409.4,474.9
Round1,Q3,2364,1182.0,EMIRATES,0.8218,1326.5,523.7,17.2,79.4,1920,1080,0.066,1335.1,563.5
Round1,Q3,2364,1182.0,EMIRATES,0.8165,1581.9,477.2,18.1,80.7,1920,1080,0.071,1591.0,517.5
Round1,Q3,2364,1182.0,EMIRATES,0.8054,1325.8,438.5,16.2,77.3,1920,1080,0.06,1334.0,477.2
Round1,Q3,2364,1182.0,EMIRATES,0.8045,1581.9,565.7,17.8,83.2,1920,1080,0.072,1590.8,607.2
Round1,Q3,2364,1182.0,EMIRATES,0.7934,1866.4,517.6,19.8,85.2,1920,1080,0.081,1876.3,560.2
Round1,Q3,2364,1182.0,EMIRATES,0.7915,1866.6,611.8,19.8,87.5,1920,1080,0.083,1876.5,655.5
Round1,Q3,2365,1182.5,EMIRATES,0.8216,1517.5,572.5,17.0,79.8,1920,1080,0.066,1526.0,612.4
Round1,Q3,2365,1182.5,EMIRATES,0.8071,1516.5,485.7,16.8,79.5,1920,1080,0.064,1524.9,525.4
Round1,Q3,2365,1182.5,EMIRATES,0.7882,1790.4,614.0,18.5,84.8,1920,1080,0.076,1799.6,656.4
Round1,Q3,2365,1182.5,EMIRATES,0.7847,1271.4,529.8,15.5,78.3,1920,1080,0.058,1279.1,568.9
Round1,Q3,2365,1182.5,EMIRATES,0.7679,1789.9,524.1,18.4,81.2,1920,1080,0.072,1799.1,564.7
Round1,Q3,2365,1182.5,EMIRATES,0.6954,1270.3,449.4,15.2,74.2,1920,1080,0.054,1277.8,486.4
Round1,Q3,2366,1183.0,EMIRATES,0.8228,1475.6,500.9,16.1,77.7,1920,1080,0.06,1483.6,539.7
Round1,Q3,2366,1183.0,EMIRATES,0.8087,1737.7,625.3,17.9,80.6,1920,1080,0.069,1746.6,665.6
Round1,Q3,2366,1183.0,EMIRATES,0.8021,1476.5,583.6,16.2,76.7,1920,1080,0.06,1484.6,622.0
Round1,Q3,2366,1183.0,EMIRATES,0.792,1737.8,539.6,17.4,78.9,1920,1080,0.066,1746.5,579.0
Round1,Q3,2366,1183.0,EMIRATES,0.7849,1240.2,544.2,15.8,73.7,1920,1080,0.056,1248.1,581.0
Round1,Q3,2366,1183.0,EMIRATES,0.7645,1239.8,464.4,14.0,70.4,1920,1080,0.048,1246.8,499.6
Round1,Q3,2367,1183.5,EMIRATES,0.8037,1693.0,628.1,17.8,77.5,1920,1080,0.067,1701.9,666.8
Round1,Q3,2367,1183.5,EMIRATES,0.8027,1443.1,509.4,15.6,71.9,1920,1080,0.054,1450.8,545.3
Round1,Q3,2367,1183.5,EMIRATES,0.7938,1218.2,550.6,14.7,70.8,1920,1080,0.05,1225.5,586.0
Round1,Q3,2367,1183.5,EMIRATES,0.7826,1692.9,544.8,16.6,74.8,1920,1080,0.06,1701.2,582.2
Round1,Q3,2367,1183.5,EMIRATES,0.7724,1444.0,587.2,15.9,73.8,1920,1080,0.056,1452.0,624.1
Round1,Q3,2367,1183.5,EMIRATES,0.7021,1217.7,474.5,13.6,64.2,1920,1080,0.042,1224.5,506.6
Round1,Q3,2368,1184.0,EMIRATES,0.7981,1642.4,629.6,16.8,75.8,1920,1080,0.061,1650.7,667.5
Round1,Q3,2368,1184.0,EMIRATES,0.7943,1192.9,558.1,14.1,68.8,1920,1080,0.047,1199.9,592.4
Round1,Q3,2368,1184.0,EMIRATES,0.793,1406.2,519.6,14.7,64.9,1920,1080,0.046,1413.5,552.1
Round1,Q3,2368,1184.0,EMIRATES,0.7866,1407.0,593.7,15.2,70.3,1920,1080,0.052,1414.6,628.8
Round1,Q3,2368,1184.0,EMIRATES,0.7622,1642.1,553.4,15.7,70.3,1920,1080,0.053,1649.9,588.6
Round1,Q3,2368,1184.0,EMIRATES,0.7326,1192.3,486.5,13.2,61.0,1920,1080,0.039,1199.0,517.0
Round1,Q3,2368,1184.0,EMIRATES,0.6325,1906.2,672.7,13.8,79.6,1920,1080,0.053,1913.1,712.6
Round1,Q3,2368,1184.0,EMIRATES,0.482,1905.8,589.4,14.2,78.5,1920,1080,0.054,1912.9,628.6
Round1,Q3,2369,1184.5,EMIRATES,0.8022,1375.1,529.6,13.8,64.9,1920,1080,0.043,1382.0,562.0
Round1,Q3,2369,1184.5,EMIRATES,0.7882,1850.5,595.6,15.3,74.2,1920,1080,0.055,1858.2,632.7
Round1,Q3,2369,1184.5,EMIRATES,0.7861,1850.3,675.7,16.4,74.3,1920,1080,0.059,1858.6,712.9
Round1,Q3,2369,1184.5,EMIRATES,0.7851,1375.7,600.0,14.7,67.9,1920,1080,0.048,1383.1,633.9
Round1,Q3,2369,1184.5,EMIRATES,0.7824,1599.1,563.1,15.6,67.1,1920,1080,0.051,1606.9,596.7
Round1,Q3,2369,1184.5,EMIRATES,0.7756,1599.7,635.5,15.5,70.7,1920,1080,0.053,1607.5,670.9
Round1,Q3,2369,1184.5,EMIRATES,0.7652,1172.4,566.8,14.0,64.5,1920,1080,0.043,1179.4,599.1
Round1,Q3,2369,1184.5,EMIRATES,0.6783,1171.2,498.0,12.9,59.9,1920,1080,0.037,1177.6,528.0
Round1,Q3,2370,1185.0,EMIRATES,0.794,1794.2,677.1,15.7,70.2,1920,1080,0.053,1802.0,712.2
Round1,Q3,2370,1185.0,EMIRATES,0.7923,1794.1,601.6,14.6,69.2,1920,1080,0.049,1801.4,636.2
Round1,Q3,2370,1185.0,EMIRATES,0.7901,1344.5,538.1,13.8,59.9,1920,1080,0.04,1351.4,568.0
Round1,Q3,2370,1185.0,EMIRATES,0.7852,1344.9,604.8,14.1,64.0,1920,1080,0.044,1352.0,636.8
Round1,Q3,2370,1185.0,EMIRATES,0.7752,1556.4,569.0,15.4,66.5,1920,1080,0.049,1564.1,602.3
Round1,Q3,2370,1185.0,EMIRATES,0.7736,1151.8,573.0,13.8,63.0,1920,1080,0.042,1158.8,604.5
Round1,Q3,2370,1185.0,EMIRATES,0.757,1557.2,639.8,15.4,67.5,1920,1080,0.05,1564.9,673.5
Round1,Q3,2370,1185.0,EMIRATES,0.6572,1151.5,508.7,12.3,55.4,1920,1080,0.033,1157.7,536.4
Round1,Q3,2414,1207.0,JAMESON,0.7707,1386.3,60.8,95.2,19.5,1920,1080,0.089,1433.8,70.5
Round1,Q3,2414,1207.0,JAMESON,0.7706,1278.8,60.1,94.3,19.7,1920,1080,0.09,1326.0,70.0
Round1,Q3,2414,1207.0,JAMESON,0.755,1169.1,58.6,96.1,20.0,1920,1080,0.093,1217.2,68.6
Round1,Q3,2415,1207.5,JAMESON,0.7712,1382.7,62.4,96.2,18.9,1920,1080,0.088,1430.8,71.8
Round1,Q3,2415,1207.5,JAMESON,0.7711,1165.2,60.8,94.3,19.4,1920,1080,0.088,1212.3,70.5
Round1,Q3,2415,1207.5,JAMESON,0.7607,1274.6,61.0,96.1,19.1,1920,1080,0.089,1322.7,70.6
Round1,Q3,2416,1208.0,JAMESON,0.7946,1156.6,59.1,98.0,20.2,1920,1080,0.095,1205.5,69.2
Round1,Q3,2416,1208.0,JAMESON,0.7759,1377.4,61.4,97.2,19.6,1920,1080,0.092,1426.0,71.2
Round1,Q3,2416,1208.0,JAMESON,0.7737,1271.5,60.6,94.7,18.7,1920,1080,0.086,1318.8,70.0
Round1,Q3,2417,1208.5,JAMESON,0.7796,1152.3,58.7,97.6,19.9,1920,1080,0.094,1201.2,68.6
Round1,Q3,2417,1208.5,JAMESON,0.777,1372.8,61.4,97.0,19.2,1920,1080,0.09,1421.3,71.0
Round1,Q3,2417,1208.5,JAMESON,0.7548,1265.8,61.4,94.0,17.6,1920,1080,0.08,1312.8,70.3
Round1,Q3,2418,1209.0,JAMESON,0.7827,1144.0,59.9,96.0,20.1,1920,1080,0.093,1192.0,69.9
Round1,Q3,2418,1209.0,JAMESON,0.765,1365.6,61.6,97.3,20.1,1920,1080,0.094,1414.3,71.6
Round1,Q3,2418,1209.0,JAMESON,0.7532,1255.2,61.1,96.3,19.2,1920,1080,0.089,1303.3,70.7
Round1,Q3,2419,1209.5,JAMESON,0.7939,1132.3,62.0,99.5,20.0,1920,1080,0.096,1182.0,72.0
Round1,Q3,2419,1209.5,JAMESON,0.768,1247.5,63.3,97.9,20.1,1920,1080,0.095,1296.5,73.3
Round1,Q3,2419,1209.5,JAMESON,0.7587,1358.0,64.4,96.9,19.5,1920,1080,0.091,1406.4,74.1
Round1,Q3,2420,1210.0,JAMESON,0.7833,1127.2,62.7,98.6,20.0,1920,1080,0.095,1176.5,72.7
Round1,Q3,2420,1210.0,JAMESON,0.7458,1242.3,64.7,98.1,18.9,1920,1080,0.089,1291.3,74.2
Round1,Q3,2420,1210.0,JAMESON,0.7456,1352.0,65.1,100.0,19.6,1920,1080,0.095,1402.0,74.9
Round1,Q3,2421,1210.5,JAMESON,0.7907,1120.7,59.9,99.0,20.4,1920,1080,0.098,1170.2,70.1
Round1,Q3,2421,1210.5,JAMESON,0.7735,1346.8,63.0,99.1,18.8,1920,1080,0.09,1396.4,72.4
Round1,Q3,2421,1210.5,JAMESON,0.7607,1234.2,61.2,99.7,19.9,1920,1080,0.096,1284.1,71.1
Round1,Q3,2422,1211.0,JAMESON,0.7805,1112.0,58.3,100.4,20.7,1920,1080,0.1,1162.2,68.7
Round1,Q3,2422,1211.0,JAMESON,0.7568,1342.7,61.1,98.8,19.8,1920,1080,0.094,1392.1,71.0
Round1,Q3,2422,1211.0,JAMESON,0.7523,1230.5,60.0,98.2,19.7,1920,1080,0.093,1279.6,69.8
Round1,Q3,2423,1211.5,JAMESON,0.775,1339.7,60.6,98.0,20.1,1920,1080,0.095,1388.7,70.7
Round1,Q3,2423,1211.5,JAMESON,0.7585,1224.0,58.7,101.0,20.6,1920,1080,0.1,1274.5,68.9
Round1,Q3,2423,1211.5,JAMESON,0.7479,1107.4,56.6,100.9,21.3,1920,1080,0.103,1157.8,67.2
Round1,Q3,2424,1212.0,JAMESON,0.7599,1089.7,57.1,102.9,22.1,1920,1080,0.11,1141.2,68.1
Round1,Q3,2424,1212.0,JAMESON,0.7555,1324.2,60.8,102.3,20.4,1920,1080,0.101,1375.4,71.0
Round1,Q3,2424,1212.0,JAMESON,0.7364,1209.6,60.0,101.4,19.6,1920,1080,0.096,1260.4,69.8
Round1,Q3,2425,1212.5,JAMESON,0.7818,1078.3,60.0,102.9,21.4,1920,1080,0.106,1129.7,70.7
Round1,Q3,2425,1212.5,JAMESON,0.7787,1197.6,62.4,102.8,20.6,1920,1080,0.102,1249.0,72.7
Round1,Q3,2425,1212.5,JAMESON,0.7683,1311.6,62.8,103.3,21.2,1920,1080,0.106,1363.3,73.4
Round1,Q3,2425,1212.5,EMIRATES,0.3889,1013.0,671.4,13.2,61.5,1920,1080,0.039,1019.6,702.2
Round1,Q3,2426,1213.0,JAMESON,0.7657,1282.4,95.8,103.9,22.3,1920,1080,0.112,1334.4,106.9
Round1,Q3,2426,1213.0,JAMESON,0.7428,1043.8,92.3,103.2,21.8,1920,1080,0.109,1095.4,103.2
Round1,Q3,2426,1213.0,JAMESON,0.7409,1164.1,94.4,105.5,21.0,1920,1080,0.107,1216.8,104.9
Round1,Q3,2427,1213.5,JAMESON,0.7699,976.4,165.8,112.4,23.0,1920,1080,0.124,1032.6,177.3
Round1,Q3,2427,1213.5,JAMESON,0.7624,1230.7,171.1,110.1,21.3,1920,1080,0.113,1285.7,181.8
Round1,Q3,2427,1213.5,JAMESON,0.74,1105.2,168.6,112.9,22.2,1920,1080,0.121,1161.6,179.7
Round1,Q3,2428,1214.0,JAMESON,0.6772,1304.0,58.1,193.4,45.5,1920,1080,0.424,1400.7,80.9
Round1,Q3,2428,1214.0,JAMESON,0.6719,868.7,55.5,184.9,38.8,1920,1080,0.346,961.1,74.9
Round1,Q3,2428,1214.0,JAMESON,0.6513,1105.9,59.4,163.4,35.9,1920,1080,0.283,1187.7,77.3
Round1,Q3,2435,1217.5,EMIRATES,0.5484,1626.6,0.3,124.6,343.2,1920,1080,2.062,1688.9,171.9
Round1,Q3,2435,1217.5,EMIRATES,0.4216,1634.4,147.1,200.8,710.1,1920,1080,6.875,1734.7,502.1
Round1,Q3,2450,1225.0,CYBERCX,0.8351,204.1,187.2,312.7,107.3,1920,1080,1.618,360.5,240.9
Round1,Q3,2450,1225.0,EMIRATES,0.8143,746.8,464.9,86.0,34.0,1920,1080,0.141,789.9,481.9
Round1,Q3,2450,1225.0,CYBERCX,0.7022,667.4,242.1,96.0,96.7,1920,1080,0.448,715.4,290.4
Round1,Q3,2451,1225.5,CYBERCX,0.8818,667.4,245.9,168.1,103.5,1920,1080,0.839,751.4,297.7
Round1,Q3,2451,1225.5,CYBERCX,0.8421,202.7,187.5,318.3,104.1,1920,1080,1.599,361.9,239.6
Round1,Q3,2451,1225.5,EMIRATES,0.8101,806.3,472.4,76.1,41.8,1920,1080,0.153,844.3,493.3
Round1,Q3,2452,1226.0,CYBERCX,0.8841,667.5,245.1,178.9,104.5,1920,1080,0.901,757.0,297.3
Round1,Q3,2452,1226.0,CYBERCX,0.8277,203.3,185.9,314.5,108.4,1920,1080,1.644,360.6,240.1
Round1,Q3,2452,1226.0,EMIRATES,0.8134,824.2,475.6,78.1,42.3,1920,1080,0.159,863.2,496.7
Round1,Q3,2453,1226.5,CYBERCX,0.8872,667.4,245.0,173.3,103.5,1920,1080,0.865,754.1,296.7
Round1,Q3,2453,1226.5,CYBERCX,0.8298,203.4,185.8,317.7,105.4,1920,1080,1.615,362.2,238.5
Round1,Q3,2453,1226.5,EMIRATES,0.8252,797.3,474.7,76.0,40.4,1920,1080,0.148,835.3,494.9
Round1,Q3,2454,1227.0,CYBERCX,0.8474,203.5,185.8,316.7,104.6,1920,1080,1.597,361.8,238.1
Round1,Q3,2454,1227.0,CYBERCX,0.8379,668.2,246.8,311.4,108.0,1920,1080,1.622,823.9,300.8
Round1,Q3,2454,1227.0,EMIRATES,0.8231,768.2,473.4,83.3,40.3,1920,1080,0.162,809.8,493.5
Round1,Q3,2455,1227.5,CYBERCX,0.8606,665.0,246.0,317.3,110.3,1920,1080,1.688,823.6,301.2
Round1,Q3,2455,1227.5,CYBERCX,0.8513,203.5,184.4,318.1,106.0,1920,1080,1.626,362.5,237.4
Round1,Q3,2455,1227.5,EMIRATES,0.8203,768.3,479.2,80.3,41.8,1920,1080,0.162,808.5,500.1
Round1,Q3,2456,1228.0,CYBERCX,0.8421,203.0,185.6,319.0,105.6,1920,1080,1.625,362.5,238.4
Round1,Q3,2456,1228.0,EMIRATES,0.8257,768.1,476.3,84.7,39.3,1920,1080,0.16,810.4,496.0
Round1,Q3,2456,1228.0,CYBERCX,0.6441,659.0,243.7,327.1,109.6,1920,1080,1.729,822.6,298.4
Round1,Q3,2457,1228.5,CYBERCX,0.8843,668.1,244.5,170.9,104.4,1920,1080,0.86,753.6,296.7
Round1,Q3,2457,1228.5,CYBERCX,0.8339,204.1,184.6,319.3,107.1,1920,1080,1.649,363.8,238.1
Round1,Q3,2457,1228.5,EMIRATES,0.8016,807.0,466.6,84.4,30.2,1920,1080,0.123,849.3,481.7
Round1,Q3,2458,1229.0,CYBERCX,0.7754,205.6,175.2,61.0,102.6,1920,1080,0.302,236.1,226.5
Round1,Q3,2460,1230.0,EMIRATES,0.3733,0.1,876.4,46.2,38.4,1920,1080,0.085,23.2,895.6
Round1,Q3,2461,1230.5,EMIRATES,0.8225,753.1,796.9,65.8,16.5,1920,1080,0.052,786.0,805.1
Round1,Q3,2462,1231.0,EMIRATES,0.83,280.4,956.7,89.6,19.0,1920,1080,0.082,325.2,966.2
Round1,Q3,2463,1231.5,EMIRATES,0.8643,872.7,922.6,92.6,29.9,1920,1080,0.134,919.0,937.5
Round1,Q3,2463,1231.5,EMIRATES,0.5476,1747.3,410.1,72.7,25.7,1920,1080,0.09,1783.6,423.0
Round1,Q3,2464,1232.0,EMIRATES,0.8762,1176.5,685.2,97.7,27.5,1920,1080,0.129,1225.4,698.9
Round1,Q3,2465,1232.5,EMIRATES,0.8773,738.9,633.7,145.7,56.8,1920,1080,0.399,811.7,662.2
Round1,Q3,2466,1233.0,EMIRATES,0.865,91.2,607.9,184.5,49.1,1920,1080,0.437,183.4,632.5
Round1,Q3,2466,1233.0,EMIRATES,0.3312,809.5,573.8,30.9,64.4,1920,1080,0.096,825.0,606.0
Round1,Q3,2468,1234.0,EMIRATES,0.8925,500.6,173.4,75.9,30.6,1920,1080,0.112,538.5,188.7
Round1,Q3,2468,1234.0,EMIRATES,0.8581,550.0,644.2,110.8,27.4,1920,1080,0.147,605.4,657.9
Round1,Q3,2470,1235.0,EMIRATES,0.862,1623.6,1008.5,58.9,21.3,1920,1080,0.06,1653.0,1019.1
Round1,Q3,2470,1235.0,EMIRATES,0.7817,983.0,700.7,53.3,16.8,1920,1080,0.043,1009.6,709.1
Round1,Q3,2471,1235.5,EMIRATES,0.8724,1174.1,813.0,102.2,31.9,1920,1080,0.157,1225.2,829.0
Round1,Q3,2472,1236.0,EMIRATES,0.8756,1780.9,904.5,56.2,30.4,1920,1080,0.083,1809.0,919.7
Round1,Q3,2474,1237.0,EMIRATES,0.8553,0.0,713.1,55.9,22.6,1920,1080,0.061,27.9,724.4
Round1,Q3,2474,1237.0,EMIRATES,0.3758,181.3,332.6,84.3,23.6,1920,1080,0.096,223.4,344.4
Round1,Q3,2475,1237.5,EMIRATES,0.8945,304.6,742.1,50.8,33.3,1920,1080,0.082,330.0,758.7
Round1,Q3,2475,1237.5,EMIRATES,0.8673,678.6,256.1,78.2,24.8,1920,1080,0.094,717.7,268.5
Round1,Q3,2484,1242.0,EMIRATES,0.8738,186.5,343.3,59.0,28.2,1920,1080,0.08,216.0,357.4
Round1,Q3,2488,1244.0,EMIRATES,0.868,937.4,36.5,99.0,28.8,1920,1080,0.137,986.9,50.9
Round1,Q3,2489,1244.5,EMIRATES,0.8684,729.6,354.8,70.8,22.0,1920,1080,0.075,765.0,365.8
Round1,Q3,2489,1244.5,EMIRATES,0.8304,205.3,252.3,44.6,17.7,1920,1080,0.038,227.6,261.2
Round1,Q3,2490,1245.0,EMIRATES,0.8932,691.5,487.2,76.0,20.4,1920,1080,0.075,729.5,497.4
Round1,Q3,2490,1245.0,EMIRATES,0.8628,941.9,487.1,64.8,24.0,1920,1080,0.075,974.3,499.0
Round1,Q3,2491,1245.5,EMIRATES,0.871,1641.3,783.1,47.1,12.4,1920,1080,0.028,1664.8,789.3
Round1,Q3,2494,1247.0,EMIRATES,0.6637,1825.1,161.7,34.9,27.5,1920,1080,0.046,1842.5,175.4
Round1,Q3,2495,1247.5,EMIRATES,0.7227,1732.5,282.8,34.2,18.7,1920,1080,0.031,1749.6,292.1
Round1,Q3,2496,1248.0,EMIRATES,0.4389,1716.8,1.9,39.7,254.0,1920,1080,0.486,1736.7,128.9
Round1,Q3,2497,1248.5,EMIRATES,0.8776,1733.2,751.4,37.2,10.9,1920,1080,0.02,1751.8,756.9
Round1,Q3,2497,1248.5,EMIRATES,0.7775,324.3,831.5,34.9,15.1,1920,1080,0.025,341.8,839.0
Round1,Q3,2497,1248.5,EMIRATES,0.6369,1103.7,215.6,23.3,157.3,1920,1080,0.176,1115.4,294.2
Round1,Q3,2497,1248.5,EMIRATES,0.4644,1630.4,11.1,36.3,324.2,1920,1080,0.567,1648.5,173.2
Round1,Q3,2498,1249.0,EMIRATES,0.8614,535.1,579.1,66.3,22.9,1920,1080,0.073,568.2,590.5
Round1,Q3,2498,1249.0,EMIRATES,0.7492,1688.6,3.4,63.3,213.3,1920,1080,0.651,1720.3,110.0
Round1,Q3,2499,1249.5,EMIRATES,0.8796,1031.9,922.6,79.8,30.3,1920,1080,0.117,1071.8,937.8
Round1,Q3,2500,1250.0,EMIRATES,0.8644,1068.1,992.3,85.4,23.1,1920,1080,0.095,1110.8,1003.9
Round1,Q3,2500,1250.0,EMIRATES,0.8258,366.2,86.9,33.2,20.5,1920,1080,0.033,382.8,97.2
Round1,Q3,2501,1250.5,EMIRATES,0.8713,1137.9,648.5,90.0,26.4,1920,1080,0.115,1182.9,661.8
Round1,Q3,2502,1251.0,EMIRATES,0.8895,1275.0,419.1,84.2,26.5,1920,1080,0.108,1317.1,432.4
Round1,Q3,2503,1251.5,EMIRATES,0.8662,1346.0,337.6,94.9,34.7,1920,1080,0.159,1393.5,354.9
Round1,Q3,2504,1252.0,EMIRATES,0.8901,1414.2,294.3,91.9,31.1,1920,1080,0.138,1460.1,309.8
Round1,Q3,2507,1253.5,EMIRATES,0.8863,413.5,244.3,77.5,26.3,1920,1080,0.098,452.3,257.5
Round1,Q3,2508,1254.0,EMIRATES,0.8662,81.2,401.7,98.5,32.3,1920,1080,0.153,130.4,417.8
Round1,Q3,2509,1254.5,EMIRATES,0.8552,1428.3,535.7,108.7,42.1,1920,1080,0.221,1482.7,556.8
Round1,Q3,2510,1255.0,EMIRATES,0.8528,711.5,629.1,119.1,44.2,1920,1080,0.254,771.0,651.2
Round1,Q3,2511,1255.5,EMIRATES,0.8557,0.0,695.0,94.2,51.7,1920,1080,0.235,47.1,720.8
Round1,Q3,2515,1257.5,EMIRATES,0.7663,1894.8,308.3,25.2,51.3,1920,1080,0.062,1907.4,334.0
Round1,Q3,2515,1257.5,EMIRATES,0.3019,1222.4,4.1,214.7,318.4,1920,1080,3.297,1329.8,163.3
Round1,Q3,2516,1258.0,EMIRATES,0.895,1554.7,337.5,176.0,69.1,1920,1080,0.586,1642.7,372.1
Round1,Q3,2516,1258.0,EMIRATES,0.3185,623.8,0.0,205.9,362.1,1920,1080,3.596,726.7,181.0
Round1,Q3,2517,1258.5,EMIRATES,0.8792,1096.2,386.4,185.0,71.7,1920,1080,0.64,1188.7,422.3
Round1,Q3,2517,1258.5,EMIRATES,0.8505,1728.8,41.3,187.1,51.4,1920,1080,0.464,1822.4,67.0
Round1,Q3,2518,1259.0,EMIRATES,0.8867,1184.2,86.5,177.4,59.4,1920,1080,0.508,1272.9,116.2
Round1,Q3,2519,1259.5,EMIRATES,0.9053,459.5,364.8,178.6,60.3,1920,1080,0.519,548.7,394.9
Round1,Q3,2519,1259.5,EMIRATES,0.9006,1165.2,160.4,165.7,54.0,1920,1080,0.432,1248.0,187.4
Round1,Q3,2520,1260.0,EMIRATES,0.8915,1017.9,274.6,135.4,50.1,1920,1080,0.327,1085.7,299.6
Round1,Q3,2520,1260.0,EMIRATES,0.8762,0.0,455.1,143.9,61.2,1920,1080,0.425,71.9,485.7
Round1,Q3,2521,1260.5,EMIRATES,0.8646,521.3,350.1,160.1,52.3,1920,1080,0.404,601.4,376.3
Round1,Q3,2522,1261.0,EMIRATES,0.8911,159.8,449.3,171.9,55.7,1920,1080,0.462,245.8,477.2
Round1,Q3,2523,1261.5,EMIRATES,0.8945,50.0,441.5,182.2,58.7,1920,1080,0.516,141.1,470.9
Round1,Q3,2524,1262.0,EMIRATES,0.8869,574.3,411.8,179.2,56.0,1920,1080,0.484,663.9,439.8
Round1,Q3,2525,1262.5,EMIRATES,0.8795,346.6,380.4,189.8,66.4,1920,1080,0.608,441.5,413.6
Round1,Q3,2525,1262.5,EMIRATES,0.8728,1315.8,416.4,186.5,55.9,1920,1080,0.503,1409.0,444.4
Round1,Q3,2526,1263.0,EMIRATES,0.4311,0.0,0.5,104.8,492.7,1920,1080,2.49,52.4,246.8
Round1,Q3,2527,1263.5,EMIRATES,0.8828,1702.2,338.8,183.4,70.6,1920,1080,0.624,1793.9,374.1
Round1,Q3,2528,1264.0,EMIRATES,0.894,1812.7,367.3,107.2,57.7,1920,1080,0.298,1866.3,396.2
Round1,Q3,2529,1264.5,EMIRATES,0.8882,1616.3,353.4,178.6,64.8,1920,1080,0.559,1705.6,385.8
Round1,Q3,2530,1265.0,ACCESS_COVERS,0.7852,839.8,45.0,244.7,19.9,1920,1080,0.235,962.1,55.0
Round1,Q3,2530,1265.0,ACCESS_COVERS,0.7259,1531.1,131.9,266.6,18.9,1920,1080,0.243,1664.3,141.4
Round1,Q3,2530,1265.0,ACCESS_COVERS,0.7253,1220.6,42.8,250.1,19.9,1920,1080,0.24,1345.7,52.8
Round1,Q3,2530,1265.0,ACCESS_COVERS,0.7205,32.9,40.3,276.8,20.8,1920,1080,0.278,171.3,50.7
Round1,Q3,2530,1265.0,ACCESS_COVERS,0.7159,1141.7,133.8,250.9,18.5,1920,1080,0.224,1267.1,143.0
Round1,Q3,2530,1265.0,ACCESS_COVERS,0.7152,1687.5,314.9,231.5,23.9,1920,1080,0.267,1803.3,326.8
Round1,Q3,2530,1265.0,ACCESS_COVERS,0.7058,453.7,44.6,252.2,20.7,1920,1080,0.251,579.8,55.0
Round1,Q3,2530,1265.0,ACCESS_COVERS,0.6909,759.9,134.8,251.0,18.3,1920,1080,0.222,885.4,144.0
Round1,Q3,2530,1265.0,ACCESS_COVERS,0.6852,1608.9,36.7,279.0,19.3,1920,1080,0.26,1748.4,46.4
Round1,Q3,2530,1265.0,ACCESS_COVERS,0.6486,372.8,135.5,258.1,19.0,1920,1080,0.236,501.8,145.0
Round1,Q3,2530,1265.0,ACCESS_COVERS,0.6356,0.0,134.9,229.0,20.5,1920,1080,0.226,114.5,145.1
Round1,Q3,2530,1265.0,ACCESS_COVERS,0.6261,1210.1,305.7,298.1,24.0,1920,1080,0.346,1359.2,317.8
Round1,Q3,2530,1265.0,ACCESS_COVERS,0.5691,772.3,305.4,285.1,21.7,1920,1080,0.298,914.9,316.2
Round1,Q3,2530,1265.0,ACCESS_COVERS,0.405,2.7,322.8,125.0,22.7,1920,1080,0.137,65.2,334.2
Round1,Q3,2530,1265.0,ACCESS_COVERS,0.3745,331.5,311.7,271.8,20.6,1920,1080,0.27,467.4,322.0
Round1,Q3,2531,1265.5,ACCESS_COVERS,0.7471,1223.9,33.8,252.7,18.2,1920,1080,0.221,1350.2,42.9
Round1,Q3,2531,1265.5,ACCESS_COVERS,0.7419,837.6,35.6,251.8,18.3,1920,1080,0.222,963.5,44.7
Round1,Q3,2531,1265.5,ACCESS_COVERS,0.7152,439.1,34.7,257.4,19.5,1920,1080,0.242,567.8,44.5
Round1,Q3,2531,1265.5,ACCESS_COVERS,0.7017,362.1,126.7,259.3,18.9,1920,1080,0.236,491.7,136.2
Round1,Q3,2531,1265.5,ACCESS_COVERS,0.6869,1712.1,308.8,207.6,25.1,1920,1080,0.252,1815.9,321.4
Round1,Q3,2531,1265.5,ACCESS_COVERS,0.6527,759.2,125.7,255.6,18.5,1920,1080,0.228,887.0,134.9
Round1,Q3,2531,1265.5,ACCESS_COVERS,0.6515,310.3,305.0,288.7,23.1,1920,1080,0.322,454.6,316.5
Round1,Q3,2531,1265.5,ACCESS_COVERS,0.6409,14.4,28.1,280.3,21.9,1920,1080,0.296,154.6,39.0
Round1,Q3,2531,1265.5,ACCESS_COVERS,0.6199,1220.2,301.2,300.5,23.2,1920,1080,0.336,1370.5,312.8
Round1,Q3,2531,1265.5,ACCESS_COVERS,0.5619,766.1,300.8,295.1,21.3,1920,1080,0.303,913.6,311.4
Round1,Q3,2531,1265.5,ACCESS_COVERS,0.5573,1145.1,124.5,256.3,19.6,1920,1080,0.242,1273.2,134.3
Round1,Q3,2531,1265.5,ACCESS_COVERS,0.5334,1582.6,122.7,234.6,18.8,1920,1080,0.212,1699.9,132.1
Round1,Q3,2531,1265.5,ACCESS_COVERS,0.4956,0.0,125.5,216.4,19.4,1920,1080,0.202,108.2,135.2
Round1,Q3,2531,1265.5,ACCESS_COVERS,0.4774,1667.0,25.4,238.5,18.7,1920,1080,0.215,1786.2,34.8
Round1,Q3,2531,1265.5,ACCESS_COVERS,0.389,1.0,316.8,106.2,23.5,1920,1080,0.12,54.1,328.5
Round1,Q3,2532,1266.0,ACCESS_COVERS,0.7575,832.8,19.4,259.0,21.5,1920,1080,0.268,962.3,30.2
Round1,Q3,2532,1266.0,ACCESS_COVERS,0.7539,428.1,18.4,266.8,22.1,1920,1080,0.285,561.5,29.4
Round1,Q3,2532,1266.0,ACCESS_COVERS,0.7515,1646.5,10.5,272.5,19.6,1920,1080,0.258,1782.8,20.3
Round1,Q3,2532,1266.0,ACCESS_COVERS,0.748,1235.5,16.8,261.9,20.8,1920,1080,0.262,1366.5,27.2
Round1,Q3,2532,1266.0,ACCESS_COVERS,0.7214,2.1,12.3,272.8,23.0,1920,1080,0.303,138.5,23.8
Round1,Q3,2532,1266.0,ACCESS_COVERS,0.7093,1718.0,301.4,200.1,24.3,1920,1080,0.235,1818.0,313.6
Round1,Q3,2532,1266.0,ACCESS_COVERS,0.6828,1555.8,109.4,285.3,20.5,1920,1080,0.282,1698.4,119.7
Round1,Q3,2532,1266.0,ACCESS_COVERS,0.6767,1148.6,112.1,264.6,19.3,1920,1080,0.246,1280.9,121.8
Round1,Q3,2532,1266.0,ACCESS_COVERS,0.6708,755.9,294.1,298.2,21.6,1920,1080,0.311,905.0,304.9
Round1,Q3,2532,1266.0,ACCESS_COVERS,0.664,286.0,299.6,299.6,21.3,1920,1080,0.308,435.8,310.3
Round1,Q3,2532,1266.0,ACCESS_COVERS,0.6623,1224.8,294.1,308.1,23.3,1920,1080,0.346,1378.8,305.7
Round1,Q3,2532,1266.0,ACCESS_COVERS,0.6531,0.8,112.8,191.0,20.5,1920,1080,0.189,96.3,123.1
Round1,Q3,2532,1266.0,ACCESS_COVERS,0.6435,751.9,113.4,261.7,19.5,1920,1080,0.246,882.7,123.2
Round1,Q3,2532,1266.0,ACCESS_COVERS,0.5914,344.7,114.1,267.5,20.0,1920,1080,0.258,478.5,124.1
Round1,Q3,2532,1266.0,ACCESS_COVERS,0.4149,1.1,309.1,78.7,23.1,1920,1080,0.088,40.5,320.6
Round1,Q3,2533,1266.5,ACCESS_COVERS,0.7696,0.0,99.9,168.7,21.3,1920,1080,0.173,84.4,110.5
Round1,Q3,2533,1266.5,ACCESS_COVERS,0.7315,329.4,102.0,275.0,20.1,1920,1080,0.267,467.0,112.1
Round1,Q3,2533,1266.5,ACCESS_COVERS,0.7191,752.8,101.8,264.1,19.9,1920,1080,0.253,884.8,111.7
Round1,Q3,2533,1266.5,ACCESS_COVERS,0.716,828.9,6.8,260.7,19.1,1920,1080,0.241,959.2,16.3
Round1,Q3,2533,1266.5,ACCESS_COVERS,0.7107,1735.5,293.1,184.5,26.1,1920,1080,0.232,1827.7,306.2
Round1,Q3,2533,1266.5,ACCESS_COVERS,0.675,414.1,5.4,271.3,20.1,1920,1080,0.263,549.8,15.4
Round1,Q3,2533,1266.5,ACCESS_COVERS,0.66,251.3,293.4,329.4,23.0,1920,1080,0.365,416.0,304.9
Round1,Q3,2533,1266.5,ACCESS_COVERS,0.6256,1160.2,100.1,266.3,20.1,1920,1080,0.259,1293.4,110.2
Round1,Q3,2533,1266.5,ACCESS_COVERS,0.5041,752.1,287.2,306.5,22.4,1920,1080,0.331,905.4,298.4
Round1,Q3,2533,1266.5,ACCESS_COVERS,0.4936,1236.9,4.0,264.1,20.0,1920,1080,0.255,1369.0,14.0
Round1,Q3,2533,1266.5,ACCESS_COVERS,0.4702,1229.7,287.6,329.1,22.6,1920,1080,0.358,1394.3,298.9
Round1,Q3,2533,1266.5,ACCESS_COVERS,0.4202,1.8,0.0,238.0,17.8,1920,1080,0.205,120.8,8.9
Round1,Q3,2533,1266.5,ACCESS_COVERS,0.4158,0.0,301.2,52.8,24.6,1920,1080,0.063,26.4,313.5
Round1,Q3,2533,1266.5,ACCESS_COVERS,0.3559,1671.8,0.0,246.6,15.5,1920,1080,0.184,1795.1,7.7
Round1,Q3,2536,1268.0,ACCESS_COVERS,0.3684,1608.9,194.2,90.6,21.1,1920,1080,0.092,1654.2,204.8
Round1,Q3,2537,1268.5,ACCESS_COVERS,0.6619,1642.4,174.5,92.0,22.5,1920,1080,0.1,1688.4,185.7
Round1,Q3,2538,1269.0,ACCESS_COVERS,0.6405,99.2,224.4,398.0,30.2,1920,1080,0.58,298.2,239.6
Round1,Q3,2538,1269.0,ACCESS_COVERS,0.5881,713.6,220.4,390.0,27.7,1920,1080,0.521,908.6,234.2
Round1,Q3,2538,1269.0,ACCESS_COVERS,0.5453,1322.8,219.0,424.1,32.0,1920,1080,0.655,1534.9,235.0
Round1,Q3,2538,1269.0,ACCESS_COVERS,0.3878,713.0,0.0,165.7,17.3,1920,1080,0.138,795.9,8.7
Round1,Q3,2538,1269.0,ACCESS_COVERS,0.3419,179.5,0.0,180.0,14.6,1920,1080,0.127,269.5,7.3
Round1,Q3,2539,1269.5,ACCESS_COVERS,0.7373,1293.1,199.1,443.8,33.9,1920,1080,0.727,1515.1,216.1
Round1,Q3,2539,1269.5,ACCESS_COVERS,0.7098,665.4,199.2,408.4,30.8,1920,1080,0.607,869.6,214.6
Round1,Q3,2539,1269.5,ACCESS_COVERS,0.7071,1.4,205.1,435.5,31.2,1920,1080,0.656,219.1,220.7
Round1,Q3,2540,1270.0,ACCESS_COVERS,0.7278,0.0,170.2,368.2,31.2,1920,1080,0.555,184.1,185.9
Round1,Q3,2540,1270.0,ACCESS_COVERS,0.6627,626.1,164.7,444.4,31.8,1920,1080,0.682,848.3,180.7
Round1,Q3,2540,1270.0,ACCESS_COVERS,0.5978,1338.7,163.5,460.0,32.5,1920,1080,0.721,1568.7,179.8
Round1,Q3,2540,1270.0,ACCESS_COVERS,0.5726,1816.5,76.3,103.5,31.9,1920,1080,0.159,1868.2,92.3
Round1,Q3,2541,1270.5,EMIRATES,0.8258,992.1,397.0,32.5,16.8,1920,1080,0.026,1008.4,405.4
Round1,Q3,2542,1271.0,EMIRATES,0.8789,371.7,764.4,52.9,26.4,1920,1080,0.068,398.2,777.6
Round1,Q3,2542,1271.0,EMIRATES,0.87,72.7,276.0,44.1,16.8,1920,1080,0.036,94.8,284.4
Round1,Q3,2543,1271.5,EMIRATES,0.8708,217.7,558.4,53.6,22.0,1920,1080,0.057,244.5,569.4
Round1,Q3,2543,1271.5,EMIRATES,0.7525,738.5,377.4,54.8,13.1,1920,1080,0.035,765.9,384.0
Round1,Q3,2543,1271.5,EMIRATES,0.5534,1620.9,207.7,33.5,25.5,1920,1080,0.041,1637.7,220.4
Round1,Q3,2544,1272.0,EMIRATES,0.8803,1187.9,281.5,62.9,18.4,1920,1080,0.056,1219.3,290.7
Round1,Q3,2544,1272.0,EMIRATES,0.8753,840.6,370.6,61.7,21.2,1920,1080,0.063,871.4,381.2
Round1,Q3,2545,1272.5,EMIRATES,0.8868,867.3,391.8,57.7,25.1,1920,1080,0.07,896.2,404.3
Round1,Q3,2545,1272.5,EMIRATES,0.8778,1046.7,267.4,56.4,37.5,1920,1080,0.102,1074.9,286.2
Round1,Q3,2546,1273.0,EMIRATES,0.8602,1065.1,272.2,50.4,18.3,1920,1080,0.044,1090.2,281.3
Round1,Q3,2546,1273.0,EMIRATES,0.4257,1250.0,304.6,45.4,19.8,1920,1080,0.043,1272.7,314.5
Round1,Q3,2548,1274.0,ACCESS_COVERS,0.5032,526.2,49.1,677.9,52.2,1920,1080,1.707,865.1,75.2
Round1,Q3,2553,1276.5,ACCESS_COVERS,0.617,149.7,115.7,659.7,57.9,1920,1080,1.842,479.6,144.7
Round1,Q3,2553,1276.5,ACCESS_COVERS,0.5847,1352.7,94.6,567.3,56.4,1920,1080,1.543,1636.3,122.9
Round1,Q3,2554,1277.0,ACCESS_COVERS,0.6524,0.0,108.9,451.7,60.6,1920,1080,1.32,225.8,139.2
Round1,Q3,2554,1277.0,ACCESS_COVERS,0.6213,1182.5,87.4,627.7,60.2,1920,1080,1.822,1496.3,117.5
Round1,Q3,2554,1277.0,ACCESS_COVERS,0.4794,1367.1,85.5,552.9,55.6,1920,1080,1.482,1643.5,113.3
Round1,Q3,2555,1277.5,ACCESS_COVERS,0.6333,809.9,99.8,669.1,60.5,1920,1080,1.951,1144.4,130.0
Round1,Q3,2556,1278.0,ACCESS_COVERS,0.7404,1685.9,108.2,233.2,64.0,1920,1080,0.72,1802.5,140.2
Round1,Q3,2556,1278.0,ACCESS_COVERS,0.6407,486.9,123.8,663.7,54.8,1920,1080,1.753,818.8,151.2
Round1,Q3,2557,1278.5,ACCESS_COVERS,0.8129,1698.5,133.8,221.5,57.2,1920,1080,0.611,1809.2,162.4
Round1,Q3,2557,1278.5,ACCESS_COVERS,0.6279,591.5,147.8,647.9,50.4,1920,1080,1.574,915.5,173.0
Round1,Q3,2558,1279.0,ACCESS_COVERS,0.7206,1750.7,150.4,169.3,56.1,1920,1080,0.458,1835.3,178.4
Round1,Q3,2558,1279.0,ACCESS_COVERS,0.6489,576.0,166.3,670.2,49.4,1920,1080,1.596,911.1,191.0
Round1,Q3,2558,1279.0,ACCESS_COVERS,0.4832,1.0,177.3,183.3,57.1,1920,1080,0.505,92.7,205.9
Round1,Q3,2559,1279.5,ACCESS_COVERS,0.8086,1676.1,168.4,243.0,51.9,1920,1080,0.609,1797.6,194.4
Round1,Q3,2559,1279.5,ACCESS_COVERS,0.6325,673.8,182.4,577.2,44.2,1920,1080,1.23,962.3,204.5
Round1,Q3,2559,1279.5,ACCESS_COVERS,0.4871,0.7,191.3,178.2,51.3,1920,1080,0.441,89.7,216.9
Round1,Q3,2560,1280.0,ACCESS_COVERS,0.835,1639.6,183.0,280.4,46.1,1920,1080,0.624,1779.8,206.1
Round1,Q3,2560,1280.0,ACCESS_COVERS,0.6928,694.6,194.5,551.6,43.9,1920,1080,1.168,970.4,216.5
Round1,Q3,2560,1280.0,ACCESS_COVERS,0.5529,3.8,206.8,315.7,49.1,1920,1080,0.747,161.6,231.3
Round1,Q3,2561,1280.5,ACCESS_COVERS,0.7836,1688.3,194.5,230.9,47.5,1920,1080,0.529,1803.7,218.2
Round1,Q3,2561,1280.5,ACCESS_COVERS,0.7416,2.4,221.5,383.0,45.6,1920,1080,0.843,193.9,244.4
Round1,Q3,2561,1280.5,ACCESS_COVERS,0.5661,763.2,206.8,575.2,42.5,1920,1080,1.179,1050.8,228.1
Round1,Q3,2562,1281.0,ACCESS_COVERS,0.7522,0.0,240.2,488.8,40.4,1920,1080,0.952,244.4,260.4
Round1,Q3,2562,1281.0,ACCESS_COVERS,0.7507,1769.5,213.5,150.0,44.1,1920,1080,0.319,1844.5,235.5
Round1,Q3,2562,1281.0,ACCESS_COVERS,0.6915,882.9,224.3,524.0,39.6,1920,1080,1.0,1144.9,244.1
Round1,Q3,2563,1281.5,ACCESS_COVERS,0.6844,976.2,237.6,543.9,38.4,1920,1080,1.006,1248.2,256.8
Round1,Q3,2563,1281.5,ACCESS_COVERS,0.6691,141.2,250.9,538.5,39.5,1920,1080,1.026,410.5,270.7
Round1,Q3,2563,1281.5,ACCESS_COVERS,0.4675,1850.6,228.5,69.4,42.2,1920,1080,0.141,1885.3,249.6
Round1,Q3,2567,1283.5,EMIRATES,0.4502,415.6,267.2,58.4,29.7,1920,1080,0.084,444.8,282.0
Round1,Q3,2568,1284.0,EMIRATES,0.3793,1028.6,360.8,24.0,18.7,1920,1080,0.022,1040.6,370.1
Round1,Q3,2569,1284.5,EMIRATES,0.8768,1246.6,299.7,54.2,17.2,1920,1080,0.045,1273.7,308.3
Round1,Q3,2589,1294.5,EMIRATES,0.4602,664.0,366.2,11.5,40.6,1920,1080,0.022,669.8,386.5
Round1,Q3,2589,1294.5,EMIRATES,0.366,250.7,352.4,10.5,44.0,1920,1080,0.022,255.9,374.4
Round1,Q3,2589,1294.5,EMIRATES,0.3552,457.8,357.9,11.4,44.1,1920,1080,0.024,463.5,379.9
Round1,Q3,2589,1294.5,EMIRATES,0.3544,663.1,313.1,12.3,47.0,1920,1080,0.028,669.3,336.6
Round1,Q3,2589,1294.5,EMIRATES,0.3429,456.4,308.2,11.7,44.0,1920,1080,0.025,462.2,330.2
Round1,Q3,2590,1295.0,EMIRATES,0.6195,361.5,342.0,14.1,47.7,1920,1080,0.032,368.5,365.8
Round1,Q3,2590,1295.0,EMIRATES,0.3626,785.0,303.5,14.7,51.3,1920,1080,0.036,792.3,329.1
Round1,Q3,2591,1295.5,EMIRATES,0.4976,697.2,354.7,13.2,47.8,1920,1080,0.03,703.8,378.5
Round1,Q3,2591,1295.5,EMIRATES,0.3195,497.3,353.8,12.6,43.6,1920,1080,0.027,503.6,375.6
Round1,Q3,2591,1295.5,EMIRATES,0.3084,899.7,315.0,13.6,47.5,1920,1080,0.031,906.5,338.8
Round1,Q3,2592,1296.0,EMIRATES,0.3819,722.2,373.6,11.0,42.9,1920,1080,0.023,727.7,395.0
Round1,Q3,2592,1296.0,EMIRATES,0.3578,531.6,371.5,10.6,40.2,1920,1080,0.02,536.9,391.6
Round1,Q3,2593,1296.5,EMIRATES,0.5242,674.4,386.7,12.0,40.7,1920,1080,0.024,680.4,407.1
Round1,Q3,2594,1297.0,EMIRATES,0.3484,552.3,399.4,12.6,40.0,1920,1080,0.024,558.6,419.4
Round1,Q3,2595,1297.5,EMIRATES,0.4648,456.7,404.0,12.8,42.6,1920,1080,0.026,463.1,425.3
Round1,Q3,2596,1298.0,EMIRATES,0.5722,356.4,411.6,11.1,41.9,1920,1080,0.022,361.9,432.6
Round1,Q3,2597,1298.5,EMIRATES,0.4605,271.3,414.5,12.7,41.9,1920,1080,0.026,277.7,435.4
Round1,Q3,2598,1299.0,EMIRATES,0.3435,149.8,419.0,13.0,42.2,1920,1080,0.026,156.3,440.1
Round1,Q3,2599,1299.5,EMIRATES,0.4915,63.4,423.3,13.5,43.8,1920,1080,0.028,70.1,445.2
Round1,Q3,2601,1300.5,EMIRATES,0.3753,101.8,459.3,12.5,43.1,1920,1080,0.026,108.1,480.8
Round1,Q3,2602,1301.0,EMIRATES,0.6199,41.7,412.8,13.1,52.3,1920,1080,0.033,48.2,438.9
Round1,Q3,2602,1301.0,EMIRATES,0.5965,42.9,470.1,13.0,50.3,1920,1080,0.032,49.4,495.3
Round1,Q3,2603,1301.5,EMIRATES,0.7368,13.8,472.4,13.2,57.9,1920,1080,0.037,20.4,501.4
Round1,Q3,2603,1301.5,EMIRATES,0.6883,13.3,410.9,12.7,54.5,1920,1080,0.033,19.6,438.2
Round1,Q3,2603,1301.5,EMIRATES,0.4268,301.0,474.9,14.6,59.7,1920,1080,0.042,308.3,504.8
Round1,Q3,2603,1301.5,EMIRATES,0.3798,300.0,413.0,13.1,54.2,1920,1080,0.034,306.5,440.1
Round1,Q3,2604,1302.0,EMIRATES,0.7824,303.8,462.3,16.3,69.6,1920,1080,0.055,311.9,497.1
Round1,Q3,2604,1302.0,EMIRATES,0.7246,304.5,387.2,14.4,65.4,1920,1080,0.046,311.7,419.9
Round1,Q3,2605,1302.5,EMIRATES,0.7978,250.5,433.3,19.8,86.7,1920,1080,0.083,260.4,476.6
Round1,Q3,2605,1302.5,EMIRATES,0.7818,250.6,341.9,19.4,82.1,1920,1080,0.077,260.3,383.0
Round1,Q3,2606,1303.0,EMIRATES,0.7618,44.0,383.0,28.9,107.5,1920,1080,0.15,58.5,436.8
Round1,Q3,2606,1303.0,EMIRATES,0.6831,45.6,268.2,30.0,108.8,1920,1080,0.157,60.6,322.6
Round1,Q3,2606,1303.0,EMIRATES,0.4408,406.9,702.0,21.9,8.8,1920,1080,0.009,417.8,706.4
Round1,Q3,2608,1304.0,EMIRATES,0.8964,879.4,930.2,63.0,21.0,1920,1080,0.064,910.9,940.7
Round1,Q3,2608,1304.0,EMIRATES,0.8899,295.9,392.0,34.6,29.3,1920,1080,0.049,313.2,406.6
Round1,Q3,2608,1304.0,EMIRATES,0.8868,1649.1,43.9,46.0,16.5,1920,1080,0.037,1672.1,52.2
Round1,Q3,2609,1304.5,EMIRATES,0.8906,1556.8,214.8,51.0,17.2,1920,1080,0.042,1582.3,223.4
Round1,Q3,2609,1304.5,EMIRATES,0.8868,1038.4,904.2,63.5,23.0,1920,1080,0.07,1070.2,915.7
Round1,Q3,2609,1304.5,EMIRATES,0.8863,174.4,344.7,48.6,19.7,1920,1080,0.046,198.7,354.6
Round1,Q3,2609,1304.5,EMIRATES,0.8229,883.0,358.0,25.9,15.9,1920,1080,0.02,895.9,366.0
Round1,Q3,2609,1304.5,EMIRATES,0.7542,1015.1,733.6,50.7,37.0,1920,1080,0.09,1040.4,752.1
Round1,Q3,2610,1305.0,EMIRATES,0.9028,208.0,227.5,37.1,20.4,1920,1080,0.036,226.5,237.7
Round1,Q3,2610,1305.0,EMIRATES,0.885,1328.5,843.0,54.4,22.7,1920,1080,0.06,1355.6,854.4
Round1,Q3,2610,1305.0,EMIRATES,0.86,1002.3,336.8,61.2,23.6,1920,1080,0.07,1032.9,348.6
Round1,Q3,2610,1305.0,EMIRATES,0.5377,1678.3,196.9,22.7,17.1,1920,1080,0.019,1689.7,205.4
Round1,Q3,2611,1305.5,EMIRATES,0.9122,193.8,186.3,52.4,28.9,1920,1080,0.073,220.0,200.8
Round1,Q3,2611,1305.5,EMIRATES,0.8963,1089.2,356.8,60.8,19.2,1920,1080,0.056,1119.6,366.4
Round1,Q3,2611,1305.5,EMIRATES,0.8863,1754.0,128.7,51.6,21.5,1920,1080,0.054,1779.8,139.4
Round1,Q3,2611,1305.5,EMIRATES,0.8769,1552.4,864.9,64.1,24.2,1920,1080,0.075,1584.5,877.1
Round1,Q3,2612,1306.0,EMIRATES,0.8166,812.0,172.7,12.7,58.6,1920,1080,0.036,818.3,202.0
Round1,Q3,2612,1306.0,EMIRATES,0.7977,1198.8,229.6,13.0,62.5,1920,1080,0.039,1205.3,260.8
Round1,Q3,2612,1306.0,EMIRATES,0.7762,639.6,145.8,12.1,56.6,1920,1080,0.033,645.6,174.1
Round1,Q3,2612,1306.0,EMIRATES,0.7717,998.0,200.6,13.0,60.4,1920,1080,0.038,1004.5,230.8
Round1,Q3,2612,1306.0,EMIRATES,0.7272,996.6,138.6,13.5,57.3,1920,1080,0.037,1003.4,167.2
Round1,Q3,2612,1306.0,EMIRATES,0.6022,1199.0,163.4,12.7,61.0,1920,1080,0.037,1205.3,193.9
Round1,Q3,2612,1306.0,EMIRATES,0.4599,810.1,113.1,12.7,57.3,1920,1080,0.035,816.5,141.8
Round1,Q3,2613,1306.5,EMIRATES,0.7968,1001.6,203.3,13.2,58.3,1920,1080,0.037,1008.2,232.5
Round1,Q3,2613,1306.5,EMIRATES,0.7939,1202.0,229.5,13.0,63.9,1920,1080,0.04,1208.5,261.5
Round1,Q3,2613,1306.5,EMIRATES,0.7775,642.9,146.6,12.1,56.6,1920,1080,0.033,649.0,174.9
Round1,Q3,2613,1306.5,EMIRATES,0.7365,816.0,173.4,13.3,59.3,1920,1080,0.038,822.6,203.0
Round1,Q3,2613,1306.5,EMIRATES,0.7234,813.2,113.2,12.8,57.8,1920,1080,0.036,819.7,142.2
Round1,Q3,2613,1306.5,EMIRATES,0.7002,1202.6,166.1,12.4,58.7,1920,1080,0.035,1208.8,195.4
Round1,Q3,2613,1306.5,EMIRATES,0.6835,999.6,139.5,14.1,58.3,1920,1080,0.04,1006.7,168.6
Round1,Q3,2613,1306.5,EMIRATES,0.4603,640.3,86.0,11.8,57.4,1920,1080,0.033,646.2,114.7
Round1,Q3,2614,1307.0,EMIRATES,0.8051,826.6,173.1,13.2,58.4,1920,1080,0.037,833.2,202.3
Round1,Q3,2614,1307.0,EMIRATES,0.7985,1212.0,229.6,13.1,62.0,1920,1080,0.039,1218.5,260.6
Round1,Q3,2614,1307.0,EMIRATES,0.7926,654.6,144.6,12.2,57.7,1920,1080,0.034,660.7,173.4
Round1,Q3,2614,1307.0,EMIRATES,0.7195,1012.2,201.5,12.9,58.1,1920,1080,0.036,1018.7,230.5
Round1,Q3,2614,1307.0,EMIRATES,0.6309,824.5,112.5,12.4,58.1,1920,1080,0.035,830.7,141.6
Round1,Q3,2614,1307.0,EMIRATES,0.5242,1009.7,138.5,15.5,58.6,1920,1080,0.044,1017.4,167.8
Round1,Q3,2614,1307.0,EMIRATES,0.4658,1212.9,164.8,12.2,60.7,1920,1080,0.036,1219.0,195.1
Round1,Q3,2615,1307.5,EMIRATES,0.8081,1029.1,203.4,13.3,60.2,1920,1080,0.039,1035.7,233.5
Round1,Q3,2615,1307.5,EMIRATES,0.8002,847.1,178.0,12.4,56.0,1920,1080,0.033,853.3,206.0
Round1,Q3,2615,1307.5,EMIRATES,0.7794,1226.7,233.2,12.6,61.1,1920,1080,0.037,1233.0,263.8
Round1,Q3,2615,1307.5,EMIRATES,0.7706,844.9,118.3,13.1,56.2,1920,1080,0.036,851.4,146.4
Round1,Q3,2615,1307.5,EMIRATES,0.7437,1026.6,143.8,14.4,56.0,1920,1080,0.039,1033.8,171.8
Round1,Q3,2615,1307.5,EMIRATES,0.7375,677.4,146.0,12.0,60.6,1920,1080,0.035,683.4,176.3
Round1,Q3,2615,1307.5,EMIRATES,0.5986,1226.4,169.8,12.8,58.9,1920,1080,0.036,1232.8,199.2
Round1,Q3,2616,1308.0,EMIRATES,0.8074,1246.4,239.0,12.9,58.9,1920,1080,0.037,1252.8,268.5
Round1,Q3,2616,1308.0,EMIRATES,0.7946,875.0,183.5,12.5,56.6,1920,1080,0.034,881.3,211.7
Round1,Q3,2616,1308.0,EMIRATES,0.7741,1053.8,209.1,13.1,59.4,1920,1080,0.037,1060.3,238.8
Round1,Q3,2616,1308.0,EMIRATES,0.7688,872.7,124.4,12.6,57.0,1920,1080,0.035,879.0,152.9
Round1,Q3,2616,1308.0,EMIRATES,0.7401,708.9,150.3,12.1,59.9,1920,1080,0.035,714.9,180.2
Round1,Q3,2616,1308.0,EMIRATES,0.6759,1051.0,149.4,14.2,54.6,1920,1080,0.037,1058.1,176.7
Round1,Q3,2617,1308.5,EMIRATES,0.7969,1273.5,237.8,12.4,60.0,1920,1080,0.036,1279.7,267.8
Round1,Q3,2617,1308.5,EMIRATES,0.7881,913.1,183.8,12.3,56.4,1920,1080,0.033,919.2,212.1
Round1,Q3,2617,1308.5,EMIRATES,0.779,1086.2,208.9,12.7,59.1,1920,1080,0.036,1092.5,238.5
Round1,Q3,2617,1308.5,EMIRATES,0.7451,752.9,154.1,11.7,58.6,1920,1080,0.033,758.7,183.4
Round1,Q3,2617,1308.5,EMIRATES,0.7132,1274.1,178.0,12.7,57.2,1920,1080,0.035,1280.4,206.6
Round1,Q3,2617,1308.5,EMIRATES,0.599,911.8,128.5,12.5,52.8,1920,1080,0.032,918.1,154.9
Round1,Q3,2618,1309.0,EMIRATES,0.7533,1302.8,240.6,11.5,56.9,1920,1080,0.031,1308.6,269.0
Round1,Q3,2618,1309.0,EMIRATES,0.7502,956.3,190.4,11.6,52.0,1920,1080,0.029,962.2,216.4
Round1,Q3,2618,1309.0,EMIRATES,0.7446,1122.6,213.6,12.2,54.1,1920,1080,0.032,1128.7,240.6
Round1,Q3,2618,1309.0,EMIRATES,0.7262,802.0,161.1,12.1,54.7,1920,1080,0.032,808.1,188.5
Round1,Q3,2618,1309.0,EMIRATES,0.5904,1301.4,183.5,13.5,54.4,1920,1080,0.035,1308.1,210.8
Round1,Q3,2618,1309.0,EMIRATES,0.4961,954.7,136.2,12.8,54.3,1920,1080,0.034,961.1,163.3
Round1,Q3,2619,1309.5,EMIRATES,0.7842,991.1,196.2,11.3,50.9,1920,1080,0.028,996.8,221.7
Round1,Q3,2619,1309.5,EMIRATES,0.7827,1323.4,245.1,11.5,56.1,1920,1080,0.031,1329.1,273.1
Round1,Q3,2619,1309.5,EMIRATES,0.6629,1150.1,205.2,12.5,68.0,1920,1080,0.041,1156.3,239.2
Round1,Q3,2619,1309.5,EMIRATES,0.6281,843.9,171.0,10.9,50.9,1920,1080,0.027,849.4,196.5
Round1,Q3,2619,1309.5,EMIRATES,0.5037,1323.0,190.7,12.1,52.5,1920,1080,0.031,1329.0,216.9
Round1,Q3,2619,1309.5,EMIRATES,0.3769,989.7,146.4,12.1,49.4,1920,1080,0.029,995.8,171.1
Round1,Q3,2619,1309.5,EMIRATES,0.3127,842.0,123.9,11.2,49.6,1920,1080,0.027,847.6,148.7
Round1,Q3,2623,1311.5,EMIRATES,0.8433,944.3,397.5,89.8,44.3,1920,1080,0.192,989.2,419.7
Round1,Q3,2624,1312.0,EMIRATES,0.8625,1116.0,300.1,83.5,60.1,1920,1080,0.242,1157.7,330.1
Round1,Q3,2625,1312.5,CYBERCX,0.4988,905.6,241.1,40.3,9.0,1920,1080,0.018,925.8,245.6
Round1,Q3,2625,1312.5,ACCESS_COVERS,0.4703,950.6,241.6,42.3,9.3,1920,1080,0.019,971.8,246.2
Round1,Q3,2627,1313.5,ACCESS_COVERS,0.3353,370.6,229.0,43.4,8.5,1920,1080,0.018,392.4,233.2
Round1,Q3,2628,1314.0,ACCESS_COVERS,0.5624,118.3,194.8,50.0,9.5,1920,1080,0.023,143.3,199.6
Round1,Q3,2648,1324.0,EMIRATES,0.8849,1131.5,355.8,52.7,15.7,1920,1080,0.04,1157.9,363.6
Round1,Q3,2660,1330.0,EMIRATES,0.8063,649.1,284.6,37.6,37.5,1920,1080,0.068,667.9,303.4
Round1,Q3,2661,1330.5,EMIRATES,0.4213,825.2,490.0,55.2,20.5,1920,1080,0.055,852.8,500.3
Round1,Q3,2662,1331.0,EMIRATES,0.8644,1042.8,367.9,60.7,21.8,1920,1080,0.064,1073.1,378.8
Round1,Q3,2663,1331.5,EMIRATES,0.8859,937.2,365.3,42.7,28.8,1920,1080,0.059,958.6,379.7
Round1,Q3,2663,1331.5,EMIRATES,0.7887,1398.6,595.3,79.1,25.1,1920,1080,0.096,1438.1,607.9
Round1,Q3,2669,1334.5,EMIRATES,0.9024,916.8,459.2,128.7,40.4,1920,1080,0.251,981.2,479.4
Round1,Q3,2670,1335.0,EMIRATES,0.889,907.6,491.2,124.5,42.2,1920,1080,0.254,969.8,512.3
Round1,Q3,2671,1335.5,EMIRATES,0.8936,867.6,463.4,128.0,42.2,1920,1080,0.261,931.6,484.5
Round1,Q3,2672,1336.0,EMIRATES,0.8877,853.5,645.9,132.8,43.9,1920,1080,0.281,919.9,667.9
Round1,Q3,2701,1350.5,EMIRATES,0.83,819.0,525.7,131.7,67.7,1920,1080,0.43,884.8,559.5
Round1,Q3,2705,1352.5,EMIRATES,0.5505,650.0,561.3,151.7,69.3,1920,1080,0.507,725.9,596.0
Round1,Q3,2706,1353.0,EMIRATES,0.8581,690.2,407.6,189.9,64.6,1920,1080,0.592,785.2,439.9
Round1,Q3,2707,1353.5,EMIRATES,0.8827,627.8,365.1,146.4,59.9,1920,1080,0.423,701.0,395.0
Round1,Q3,2708,1354.0,EMIRATES,0.315,335.2,559.1,174.8,59.2,1920,1080,0.499,422.7,588.6
Round1,Q3,2709,1354.5,EMIRATES,0.881,583.0,348.3,177.6,54.6,1920,1080,0.468,671.8,375.6
Round1,Q3,2710,1355.0,EMIRATES,0.8734,495.9,372.1,165.7,65.7,1920,1080,0.525,578.8,405.0
Round1,Q3,2711,1355.5,EMIRATES,0.884,410.6,402.4,164.0,55.8,1920,1080,0.441,492.6,430.3
Round1,Q3,2712,1356.0,JAMESON,0.6017,969.8,129.3,29.3,8.7,1920,1080,0.012,984.4,133.7
Round1,Q3,2712,1356.0,JAMESON,0.5028,1003.8,129.3,31.3,8.7,1920,1080,0.013,1019.5,133.7
Round1,Q3,2712,1356.0,JAMESON,0.4657,1041.5,128.8,30.0,9.2,1920,1080,0.013,1056.5,133.4
Round1,Q3,2713,1356.5,JAMESON,0.6414,890.2,135.0,34.3,8.3,1920,1080,0.014,907.4,139.2
Round1,Q3,2713,1356.5,JAMESON,0.6046,816.5,137.1,31.0,7.9,1920,1080,0.012,832.0,141.0
Round1,Q3,2713,1356.5,JAMESON,0.5234,851.8,136.9,31.5,6.6,1920,1080,0.01,867.5,140.3
Round1,Q3,2714,1357.0,JAMESON,0.6511,652.4,132.6,34.4,8.3,1920,1080,0.014,669.6,136.8
Round1,Q3,2714,1357.0,JAMESON,0.6409,730.2,131.8,32.8,7.2,1920,1080,0.011,746.6,135.4
Round1,Q3,2714,1357.0,JAMESON,0.4939,692.0,132.6,33.7,7.0,1920,1080,0.011,708.8,136.1
Round1,Q3,2715,1357.5,JAMESON,0.761,510.0,110.4,38.3,9.1,1920,1080,0.017,529.2,115.0
Round1,Q3,2715,1357.5,JAMESON,0.7377,594.6,109.0,35.8,8.8,1920,1080,0.015,612.5,113.4
Round1,Q3,2715,1357.5,JAMESON,0.7047,553.8,109.9,36.1,8.4,1920,1080,0.015,571.8,114.1
Round1,Q3,2716,1358.0,JAMESON,0.7448,429.9,81.5,37.5,9.2,1920,1080,0.017,448.7,86.1
Round1,Q3,2716,1358.0,JAMESON,0.7341,519.3,81.3,37.6,8.9,1920,1080,0.016,538.1,85.8
Round1,Q3,2716,1358.0,JAMESON,0.717,473.9,82.0,40.9,8.3,1920,1080,0.016,494.4,86.2
Round1,Q3,2717,1358.5,JAMESON,0.7328,422.1,67.7,41.1,9.5,1920,1080,0.019,442.7,72.4
Round1,Q3,2717,1358.5,JAMESON,0.7137,375.4,67.7,42.0,9.5,1920,1080,0.019,396.5,72.4
Round1,Q3,2717,1358.5,JAMESON,0.7103,468.6,67.4,40.2,9.6,1920,1080,0.019,488.7,72.2
Round1,Q3,2718,1359.0,JAMESON,0.776,432.0,61.6,42.2,9.7,1920,1080,0.02,453.1,66.4
Round1,Q3,2718,1359.0,JAMESON,0.7742,338.3,61.7,43.3,9.9,1920,1080,0.021,359.9,66.6
Round1,Q3,2718,1359.0,JAMESON,0.7735,387.1,62.2,39.3,8.9,1920,1080,0.017,406.7,66.7
Round1,Q3,2719,1359.5,JAMESON,0.7148,349.1,56.3,45.6,9.9,1920,1080,0.022,371.9,61.2
Round1,Q3,2719,1359.5,JAMESON,0.7011,300.4,55.6,42.6,10.4,1920,1080,0.021,321.7,60.8
Round1,Q3,2719,1359.5,JAMESON,0.6937,400.0,56.7,39.0,9.5,1920,1080,0.018,419.4,61.4
Round1,Q3,2720,1360.0,JAMESON,0.7683,273.4,50.7,43.1,10.3,1920,1080,0.021,294.9,55.8
Round1,Q3,2720,1360.0,JAMESON,0.7445,323.2,51.4,45.2,9.9,1920,1080,0.022,345.8,56.3
Round1,Q3,2720,1360.0,JAMESON,0.7401,373.1,51.2,44.9,10.1,1920,1080,0.022,395.6,56.3
Round1,Q3,2721,1360.5,JAMESON,0.7595,259.6,51.2,45.6,10.5,1920,1080,0.023,282.4,56.4
Round1,Q3,2721,1360.5,JAMESON,0.7378,310.8,51.9,46.9,10.8,1920,1080,0.024,334.3,57.3
Round1,Q3,2721,1360.5,JAMESON,0.7257,363.1,53.0,40.4,9.9,1920,1080,0.019,383.3,58.0
Round1,Q3,2722,1361.0,JAMESON,0.7553,254.9,65.5,45.8,10.3,1920,1080,0.023,277.8,70.6
Round1,Q3,2722,1361.0,JAMESON,0.7237,306.9,66.8,47.7,11.3,1920,1080,0.026,330.8,72.4
Round1,Q3,2722,1361.0,JAMESON,0.7093,361.7,67.8,40.1,10.3,1920,1080,0.02,381.8,72.9
Round1,Q3,2723,1361.5,JAMESON,0.78,365.2,84.6,43.2,9.7,1920,1080,0.02,386.8,89.5
Round1,Q3,2723,1361.5,JAMESON,0.7697,257.8,82.9,46.5,10.2,1920,1080,0.023,281.1,88.1
Round1,Q3,2723,1361.5,JAMESON,0.7633,311.3,84.7,46.8,9.7,1920,1080,0.022,334.7,89.5
Round1,Q3,2724,1362.0,JAMESON,0.7423,307.4,103.7,47.4,10.3,1920,1080,0.024,331.1,108.9
Round1,Q3,2724,1362.0,JAMESON,0.7378,362.3,104.3,44.6,9.8,1920,1080,0.021,384.6,109.2
Round1,Q3,2724,1362.0,JAMESON,0.6761,257.7,102.0,43.7,10.6,1920,1080,0.022,279.6,107.3
Round1,Q3,2725,1362.5,JAMESON,0.8035,304.2,120.7,48.1,10.6,1920,1080,0.025,328.2,126.0
Round1,Q3,2725,1362.5,JAMESON,0.7895,250.1,121.2,46.9,9.7,1920,1080,0.022,273.6,126.0
Round1,Q3,2725,1362.5,JAMESON,0.7713,358.8,121.9,46.6,10.2,1920,1080,0.023,382.1,127.0
Round1,Q3,2726,1363.0,JAMESON,0.6604,240.9,126.0,45.9,10.3,1920,1080,0.023,263.8,131.1
Round1,Q3,2726,1363.0,JAMESON,0.6251,293.7,127.1,47.6,10.9,1920,1080,0.025,317.5,132.6
Round1,Q3,2726,1363.0,JAMESON,0.5979,349.1,127.5,42.9,10.5,1920,1080,0.022,370.5,132.8
Round1,Q3,2727,1363.5,JAMESON,0.7912,323.0,122.6,44.7,9.8,1920,1080,0.021,345.3,127.4
Round1,Q3,2727,1363.5,JAMESON,0.7878,214.2,121.3,45.9,10.2,1920,1080,0.023,237.1,126.5
Round1,Q3,2727,1363.5,JAMESON,0.7823,266.5,121.4,50.3,10.7,1920,1080,0.026,291.7,126.8
Round1,Q3,2728,1364.0,JAMESON,0.7857,231.2,115.9,50.6,11.0,1920,1080,0.027,256.5,121.4
Round1,Q3,2728,1364.0,JAMESON,0.7563,287.9,117.1,47.2,9.3,1920,1080,0.021,311.5,121.7
Round1,Q3,2728,1364.0,JAMESON,0.6882,175.1,114.9,47.9,10.1,1920,1080,0.023,199.1,119.9
Round1,Q3,2729,1364.5,JAMESON,0.7652,218.8,113.3,49.9,10.7,1920,1080,0.026,243.8,118.6
Round1,Q3,2729,1364.5,JAMESON,0.7544,275.4,113.6,46.2,10.8,1920,1080,0.024,298.5,119.0
Round1,Q3,2729,1364.5,JAMESON,0.7446,163.5,112.5,47.3,10.4,1920,1080,0.024,187.1,117.7
Round1,Q3,2730,1365.0,JAMESON,0.7699,153.5,110.8,48.5,10.3,1920,1080,0.024,177.8,116.0
Round1,Q3,2730,1365.0,JAMESON,0.7576,209.0,112.2,51.0,10.9,1920,1080,0.027,234.5,117.6
Round1,Q3,2730,1365.0,JAMESON,0.7389,267.1,113.3,44.2,10.0,1920,1080,0.021,289.2,118.3
Round1,Q3,2731,1365.5,JAMESON,0.7718,148.7,111.0,47.4,10.1,1920,1080,0.023,172.4,116.0
Round1,Q3,2731,1365.5,JAMESON,0.7706,206.2,112.2,48.4,10.6,1920,1080,0.025,230.4,117.5
Round1,Q3,2731,1365.5,JAMESON,0.7543,259.7,113.0,45.9,10.5,1920,1080,0.023,282.6,118.3
Round1,Q3,2732,1366.0,JAMESON,0.7633,132.3,110.3,50.1,10.1,1920,1080,0.024,157.3,115.3
Round1,Q3,2732,1366.0,JAMESON,0.7471,247.0,112.5,46.9,11.1,1920,1080,0.025,270.4,118.1
Round1,Q3,2732,1366.0,JAMESON,0.7442,190.1,111.2,48.8,10.4,1920,1080,0.024,214.4,116.4
Round1,Q3,2733,1366.5,JAMESON,0.7849,204.1,119.0,48.4,10.7,1920,1080,0.025,228.3,124.4
Round1,Q3,2733,1366.5,JAMESON,0.7651,148.8,118.9,47.0,10.5,1920,1080,0.024,172.3,124.1
Round1,Q3,2733,1366.5,JAMESON,0.7634,259.6,120.6,48.0,10.1,1920,1080,0.023,283.6,125.7
Round1,Q3,2734,1367.0,JAMESON,0.7578,157.6,133.2,47.7,9.9,1920,1080,0.023,181.5,138.2
Round1,Q3,2734,1367.0,JAMESON,0.749,266.4,134.7,47.2,10.1,1920,1080,0.023,290.0,139.8
Round1,Q3,2734,1367.0,JAMESON,0.7428,210.3,134.0,50.2,9.9,1920,1080,0.024,235.4,138.9
Round1,Q3,2735,1367.5,JAMESON,0.7651,160.6,146.6,48.2,10.5,1920,1080,0.024,184.7,151.8
Round1,Q3,2735,1367.5,JAMESON,0.7265,267.7,148.7,45.0,10.2,1920,1080,0.022,290.2,153.8
Round1,Q3,2735,1367.5,JAMESON,0.7249,215.1,147.7,47.0,10.3,1920,1080,0.023,238.6,152.8
Round1,Q3,2736,1368.0,JAMESON,0.7192,253.9,163.3,45.9,9.8,1920,1080,0.022,276.8,168.2
Round1,Q3,2736,1368.0,JAMESON,0.7053,201.4,163.2,46.4,9.9,1920,1080,0.022,224.6,168.1
Round1,Q3,2736,1368.0,JAMESON,0.6981,147.9,162.8,46.6,9.9,1920,1080,0.022,171.2,167.7
Round1,Q3,2737,1368.5,JAMESON,0.7863,182.4,176.4,45.7,10.1,1920,1080,0.022,205.2,181.4
Round1,Q3,2737,1368.5,JAMESON,0.7591,236.0,177.4,44.8,9.1,1920,1080,0.02,258.5,181.9
Round1,Q3,2737,1368.5,JAMESON,0.7444,129.1,176.3,44.9,9.9,1920,1080,0.022,151.6,181.3
Round1,Q3,2738,1369.0,JAMESON,0.7875,96.4,191.6,46.9,10.4,1920,1080,0.023,119.8,196.8
Round1,Q3,2738,1369.0,JAMESON,0.7794,150.5,192.9,48.2,10.0,1920,1080,0.023,174.6,197.9
Round1,Q3,2738,1369.0,JAMESON,0.7765,204.8,193.6,46.0,9.9,1920,1080,0.022,227.8,198.5
Round1,Q3,2739,1369.5,JAMESON,0.7595,15.0,197.8,45.3,10.4,1920,1080,0.023,37.7,203.0
Round1,Q3,2739,1369.5,JAMESON,0.7341,126.2,199.8,45.1,10.3,1920,1080,0.022,148.8,204.9
Round1,Q3,2739,1369.5,JAMESON,0.6542,68.3,198.0,50.0,10.7,1920,1080,0.026,93.2,203.3
Round1,Q3,2740,1370.0,JAMESON,0.6931,29.0,199.1,48.6,10.9,1920,1080,0.025,53.3,204.6
Round1,Q3,2740,1370.0,JAMESON,0.5076,0.1,199.9,21.9,10.2,1920,1080,0.011,11.0,205.0
Round1,Q3,2744,1372.0,EMIRATES,0.8949,1302.4,322.6,42.5,22.9,1920,1080,0.047,1323.6,334.0
Round1,Q3,2745,1372.5,EMIRATES,0.3496,1131.9,462.5,32.8,24.9,1920,1080,0.039,1148.3,474.9
Round1,Q3,2760,1380.0,EMIRATES,0.3041,0.3,412.5,19.1,14.5,1920,1080,0.013,9.8,419.7
Round1,Q3,2762,1381.0,EMIRATES,0.3086,414.6,892.8,34.8,11.1,1920,1080,0.019,432.0,898.4
Round1,Q3,2765,1382.5,EMIRATES,0.3434,1470.1,641.8,135.3,30.5,1920,1080,0.199,1537.7,657.1
Round1,Q3,2768,1384.0,EMIRATES,0.3293,1471.8,641.8,135.1,31.0,1920,1080,0.202,1539.4,657.3
Round1,Q3,2770,1385.0,EMIRATES,0.894,1487.6,317.2,110.0,40.4,1920,1080,0.214,1542.6,337.4
Round1,Q3,2770,1385.0,CYBERCX,0.8871,125.1,399.2,295.4,98.1,1920,1080,1.397,272.8,448.3
Round1,Q3,2770,1385.0,EMIRATES,0.8038,935.5,348.8,48.1,26.0,1920,1080,0.06,959.5,361.8
Round1,Q3,2771,1385.5,EMIRATES,0.9044,1431.3,352.6,122.5,38.4,1920,1080,0.227,1492.5,371.8
Round1,Q3,2771,1385.5,CYBERCX,0.8723,141.4,396.9,295.1,96.9,1920,1080,1.379,288.9,445.4
Round1,Q3,2771,1385.5,EMIRATES,0.7011,937.9,342.9,45.8,27.2,1920,1080,0.06,960.8,356.5
Round1,Q3,2771,1385.5,CYBERCX,0.3998,112.9,747.7,93.0,130.1,1920,1080,0.584,159.4,812.8
Round1,Q3,2772,1386.0,EMIRATES,0.9035,1393.0,396.3,142.1,46.1,1920,1080,0.316,1464.0,419.3
Round1,Q3,2772,1386.0,CYBERCX,0.8802,120.4,392.9,304.5,99.9,1920,1080,1.467,272.6,442.8
Round1,Q3,2772,1386.0,EMIRATES,0.7249,840.3,344.0,55.2,29.1,1920,1080,0.078,867.9,358.5
Round1,Q3,2773,1386.5,EMIRATES,0.9029,1213.1,454.6,149.2,50.2,1920,1080,0.361,1287.7,479.7
Round1,Q3,2773,1386.5,CYBERCX,0.8741,115.5,392.3,311.3,102.8,1920,1080,1.543,271.2,443.7
Round1,Q3,2773,1386.5,EMIRATES,0.8024,791.5,348.8,65.4,32.1,1920,1080,0.101,824.2,364.9
Round1,Q3,2773,1386.5,CYBERCX,0.3599,0.0,755.3,185.2,143.6,1920,1080,1.282,92.6,827.1
Round1,Q3,2774,1387.0,CYBERCX,0.8768,122.8,403.4,319.5,103.7,1920,1080,1.598,282.5,455.3
Round1,Q3,2774,1387.0,EMIRATES,0.8755,901.8,500.3,115.6,71.9,1920,1080,0.401,959.6,536.2
Round1,Q3,2774,1387.0,CYBERCX,0.6217,102.6,782.4,87.6,134.9,1920,1080,0.57,146.4,849.8
Round1,Q3,2775,1387.5,CYBERCX,0.8791,135.0,436.5,293.8,104.2,1920,1080,1.476,281.9,488.6
Round1,Q3,2775,1387.5,EMIRATES,0.8737,727.0,584.3,192.8,62.0,1920,1080,0.576,823.4,615.2
Round1,Q3,2775,1387.5,CYBERCX,0.566,104.2,818.5,96.8,147.6,1920,1080,0.689,152.5,892.3
Round1,Q3,2776,1388.0,CYBERCX,0.8683,108.8,444.5,169.5,96.0,1920,1080,0.785,193.5,492.5
Round1,Q3,2776,1388.0,EMIRATES,0.7943,1117.1,422.4,78.7,30.3,1920,1080,0.115,1156.5,437.6
Round1,Q3,2776,1388.0,EMIRATES,0.3883,417.6,755.0,81.0,78.0,1920,1080,0.305,458.1,794.0
Round1,Q3,2777,1388.5,CYBERCX,0.8678,0.0,437.8,284.2,120.9,1920,1080,1.657,142.1,498.3
Round1,Q3,2777,1388.5,EMIRATES,0.7406,943.2,405.9,86.9,33.7,1920,1080,0.141,986.6,422.7
Round1,Q3,2778,1389.0,EMIRATES,0.9042,1459.6,510.8,147.7,56.0,1920,1080,0.399,1533.4,538.8
Round1,Q3,2778,1389.0,CYBERCX,0.8688,0.0,440.2,319.2,122.5,1920,1080,1.886,159.6,501.5
Round1,Q3,2778,1389.0,EMIRATES,0.4168,710.4,409.0,68.6,30.2,1920,1080,0.1,744.7,424.1
Round1,Q3,2779,1389.5,EMIRATES,0.8869,1244.9,600.3,156.3,61.2,1920,1080,0.461,1323.0,630.9
Round1,Q3,2779,1389.5,CYBERCX,0.8711,240.5,436.6,353.4,117.4,1920,1080,2.002,417.2,495.4
Round1,Q3,2779,1389.5,EMIRATES,0.6129,831.5,396.0,57.2,31.5,1920,1080,0.087,860.1,411.8
Round1,Q3,2780,1390.0,CYBERCX,0.8631,479.9,432.6,339.3,117.4,1920,1080,1.921,649.5,491.3
Round1,Q3,2780,1390.0,EMIRATES,0.8573,1231.4,687.2,184.3,82.4,1920,1080,0.732,1323.6,728.3
Round1,Q3,2780,1390.0,CYBERCX,0.8114,0.0,373.1,317.0,107.0,1920,1080,1.636,158.5,426.6
Round1,Q3,2781,1390.5,CYBERCX,0.8974,592.5,424.9,227.1,113.7,1920,1080,1.246,706.0,481.7
Round1,Q3,2781,1390.5,CYBERCX,0.8556,72.8,362.6,358.6,109.9,1920,1080,1.9,252.1,417.6
Round1,Q3,2781,1390.5,CYBERCX,0.8461,1718.4,4.6,124.0,40.7,1920,1080,0.243,1780.3,24.9
Round1,Q3,2781,1390.5,EMIRATES,0.822,865.4,522.8,82.4,30.9,1920,1080,0.123,906.6,538.3
Round1,Q3,2782,1391.0,CYBERCX,0.9047,628.2,366.2,236.0,117.8,1920,1080,1.341,746.2,425.1
Round1,Q3,2782,1391.0,CYBERCX,0.8688,100.5,301.8,358.7,112.8,1920,1080,1.951,279.9,358.2
Round1,Q3,2782,1391.0,EMIRATES,0.7999,930.7,477.1,87.4,29.9,1920,1080,0.126,974.4,492.1
Round1,Q3,2783,1391.5,CYBERCX,0.8724,80.4,278.5,372.7,117.1,1920,1080,2.104,266.8,337.1
Round1,Q3,2783,1391.5,CYBERCX,0.8564,621.7,345.7,126.1,103.7,1920,1080,0.631,684.8,397.6
Round1,Q3,2784,1392.0,CYBERCX,0.9019,634.7,345.7,250.7,115.2,1920,1080,1.392,760.0,403.3
Round1,Q3,2784,1392.0,CYBERCX,0.8749,114.4,282.7,354.9,110.4,1920,1080,1.889,291.9,337.9
Round1,Q3,2784,1392.0,EMIRATES,0.8339,933.3,502.0,81.1,34.9,1920,1080,0.136,973.8,519.4
Round1,Q3,2785,1392.5,CYBERCX,0.8742,209.9,243.4,324.2,103.3,1920,1080,1.615,372.0,295.1
Round1,Q3,2785,1392.5,CYBERCX,0.873,679.3,299.7,205.5,106.3,1920,1080,1.053,782.1,352.8
Round1,Q3,2785,1392.5,EMIRATES,0.8136,1006.8,412.9,82.6,31.4,1920,1080,0.125,1048.0,428.6
Round1,Q3,2786,1393.0,CYBERCX,0.8781,751.3,207.9,193.6,95.8,1920,1080,0.894,848.1,255.8
Round1,Q3,2786,1393.0,CYBERCX,0.8719,324.9,153.6,284.6,94.9,1920,1080,1.303,467.2,201.1
Round1,Q3,2786,1393.0,EMIRATES,0.7991,1029.9,316.7,73.7,26.1,1920,1080,0.093,1066.7,329.8
Round1,Q3,2786,1393.0,CYBERCX,0.3445,794.7,497.0,69.2,104.1,1920,1080,0.347,829.3,549.1
Round1,Q3,2787,1393.5,CYBERCX,0.8737,852.3,193.1,201.6,89.8,1920,1080,0.873,953.1,238.0
Round1,Q3,2787,1393.5,CYBERCX,0.8646,462.6,141.9,260.2,87.7,1920,1080,1.1,592.7,185.8
Round1,Q3,2787,1393.5,EMIRATES,0.7717,1082.3,319.6,64.1,29.4,1920,1080,0.091,1114.3,334.2
Round1,Q3,2787,1393.5,CYBERCX,0.7231,826.0,497.1,103.3,144.9,1920,1080,0.722,877.7,569.6
Round1,Q3,2787,1393.5,CYBERCX,0.6175,564.3,781.8,117.4,177.9,1920,1080,1.007,623.0,870.7
Round1,Q3,2788,1394.0,CYBERCX,0.878,896.8,202.4,217.0,83.9,1920,1080,0.878,1005.3,244.3
Round1,Q3,2788,1394.0,CYBERCX,0.8535,543.7,157.2,239.1,83.7,1920,1080,0.965,663.2,199.0
Round1,Q3,2788,1394.0,CYBERCX,0.7282,626.4,743.7,114.2,164.2,1920,1080,0.904,683.5,825.7
Round1,Q3,2788,1394.0,CYBERCX,0.6564,870.3,485.8,94.8,128.3,1920,1080,0.587,917.7,549.9
Round1,Q3,2788,1394.0,EMIRATES,0.6494,1128.4,318.4,57.5,27.7,1920,1080,0.077,1157.2,332.2
Round1,Q3,2789,1394.5,CYBERCX,0.8817,906.0,190.5,211.0,79.9,1920,1080,0.813,1011.5,230.4
Round1,Q3,2789,1394.5,CYBERCX,0.8807,581.3,146.7,210.7,75.4,1920,1080,0.766,686.6,184.4
Round1,Q3,2789,1394.5,CYBERCX,0.7705,655.0,688.4,108.7,157.3,1920,1080,0.824,709.3,767.0
Round1,Q3,2789,1394.5,CYBERCX,0.7516,482.5,851.9,145.3,142.5,1920,1080,0.999,555.2,923.2
Round1,Q3,2789,1394.5,CYBERCX,0.5832,880.9,458.6,88.8,113.1,1920,1080,0.485,925.4,515.2
Round1,Q3,2789,1394.5,EMIRATES,0.5586,1128.1,305.2,58.3,25.7,1920,1080,0.072,1157.2,318.0
Round1,Q3,2790,1395.0,CYBERCX,0.865,907.6,188.8,205.2,72.8,1920,1080,0.72,1010.2,225.2
Round1,Q3,2790,1395.0,CYBERCX,0.857,609.3,148.0,197.8,70.4,1920,1080,0.671,708.2,183.2
Round1,Q3,2790,1395.0,CYBERCX,0.7985,519.1,800.2,130.6,182.1,1920,1080,1.147,584.4,891.2
Round1,Q3,2790,1395.0,CYBERCX,0.7845,677.8,644.8,100.0,146.4,1920,1080,0.706,727.8,717.9
Round1,Q3,2790,1395.0,CYBERCX,0.6534,891.4,446.3,61.9,93.6,1920,1080,0.279,922.3,493.1
Round1,Q3,2790,1395.0,EMIRATES,0.6369,1121.2,292.7,52.9,24.9,1920,1080,0.063,1147.7,305.2
Round1,Q3,2791,1395.5,CYBERCX,0.8705,909.1,164.3,181.5,66.8,1920,1080,0.585,999.8,197.7
Round1,Q3,2791,1395.5,CYBERCX,0.8588,631.5,126.0,185.4,65.9,1920,1080,0.59,724.2,159.0
Round1,Q3,2791,1395.5,CYBERCX,0.8535,546.6,739.0,122.9,171.1,1920,1080,1.014,608.0,824.5
Round1,Q3,2791,1395.5,CYBERCX,0.7426,693.8,590.1,96.3,133.4,1920,1080,0.619,741.9,656.8
Round1,Q3,2791,1395.5,CYBERCX,0.5777,890.1,396.8,74.5,93.6,1920,1080,0.336,927.3,443.6
Round1,Q3,2791,1395.5,EMIRATES,0.4918,1105.4,253.0,50.6,23.3,1920,1080,0.057,1130.7,264.7
Round1,Q3,2791,1395.5,CYBERCX,0.3248,393.5,925.4,114.7,148.8,1920,1080,0.823,450.9,999.9
Round1,Q3,2798,1399.0,EMIRATES,0.8675,965.7,523.2,57.4,28.8,1920,1080,0.08,994.4,537.6
Round1,Q3,2798,1399.0,EMIRATES,0.8598,1532.1,617.1,47.3,20.1,1920,1080,0.046,1555.8,627.2
Round1,Q3,2799,1399.5,EMIRATES,0.8808,1646.6,645.2,68.1,18.5,1920,1080,0.061,1680.6,654.4
Round1,Q3,2799,1399.5,EMIRATES,0.8679,1031.4,466.3,56.2,16.2,1920,1080,0.044,1059.5,474.4
Round1,Q3,2799,1399.5,EMIRATES,0.8381,1362.0,16.6,41.5,15.6,1920,1080,0.031,1382.7,24.4
Round1,Q3,2799,1399.5,EMIRATES,0.7742,953.4,737.8,62.4,18.2,1920,1080,0.055,984.6,746.9
Round1,Q3,2800,1400.0,EMIRATES,0.8652,448.8,503.0,58.7,25.9,1920,1080,0.073,478.2,516.0
Round1,Q3,2800,1400.0,EMIRATES,0.8626,1292.0,720.0,61.4,18.3,1920,1080,0.054,1322.7,729.2
Round1,Q3,2800,1400.0,EMIRATES,0.7074,1102.2,533.7,60.3,25.6,1920,1080,0.074,1132.4,546.5
Round1,Q3,2801,1400.5,EMIRATES,0.884,1711.2,899.6,56.1,16.2,1920,1080,0.044,1739.3,907.7
Round1,Q3,2801,1400.5,EMIRATES,0.8604,982.0,614.2,59.8,20.4,1920,1080,0.059,1011.9,624.4
Round1,Q3,2801,1400.5,EMIRATES,0.8484,579.2,288.6,52.2,24.2,1920,1080,0.061,605.3,300.6
Round1,Q3,2801,1400.5,EMIRATES,0.8423,1573.9,455.4,29.9,23.6,1920,1080,0.034,1588.8,467.2
Round1,Q3,2802,1401.0,EMIRATES,0.8748,627.6,549.6,45.2,18.7,1920,1080,0.041,650.2,558.9
Round1,Q3,2802,1401.0,EMIRATES,0.8335,754.3,808.1,56.7,23.2,1920,1080,0.064,782.6,819.7
Round1,Q3,2802,1401.0,EMIRATES,0.4613,1241.9,727.8,29.4,20.7,1920,1080,0.029,1256.6,738.2
Round1,Q3,2803,1401.5,EMIRATES,0.821,1180.5,965.0,53.1,22.9,1920,1080,0.059,1207.0,976.4
Round1,Q3,2803,1401.5,EMIRATES,0.6901,483.4,623.8,45.2,31.9,1920,1080,0.07,506.0,639.8
Round1,Q3,2804,1402.0,EMIRATES,0.8652,1811.4,821.6,66.9,17.3,1920,1080,0.056,1844.9,830.3
Round1,Q3,2805,1402.5,EMIRATES,0.8705,1220.3,324.7,38.5,16.7,1920,1080,0.031,1239.6,333.0
Round1,Q3,2808,1404.0,EMIRATES,0.8409,165.9,319.7,54.8,27.0,1920,1080,0.071,193.3,333.3
Round1,Q3,2809,1404.5,EMIRATES,0.8888,1512.3,569.5,52.4,19.5,1920,1080,0.049,1538.5,579.3
Round1,Q3,2810,1405.0,EMIRATES,0.8707,786.9,485.8,62.2,18.6,1920,1080,0.056,818.0,495.1
Round1,Q3,2811,1405.5,EMIRATES,0.8256,128.2,369.7,62.8,25.0,1920,1080,0.076,159.6,382.2
Round1,Q3,2816,1408.0,EMIRATES,0.7715,924.2,905.6,168.1,45.7,1920,1080,0.37,1008.2,928.5
Round1,Q3,2817,1408.5,EMIRATES,0.7089,1885.8,816.5,34.2,37.6,1920,1080,0.062,1902.9,835.3
Round1,Q3,2819,1409.5,EMIRATES,0.87,1034.5,783.6,73.8,28.1,1920,1080,0.1,1071.4,797.7
Round1,Q3,2824,1412.0,EMIRATES,0.7558,1028.0,406.4,178.3,35.8,1920,1080,0.308,1117.1,424.3
Round1,Q3,2825,1412.5,JAMESON,0.4455,0.0,103.2,14.0,24.3,1920,1080,0.016,7.0,115.4
Round1,Q3,2827,1413.5,JAMESON,0.3958,1532.4,69.8,41.8,21.9,1920,1080,0.044,1553.3,80.7
Round1,Q3,2830,1415.0,JAMESON,0.3151,1889.6,104.6,30.4,28.9,1920,1080,0.042,1904.8,119.1
Round1,Q3,2832,1416.0,EMIRATES,0.8707,67.6,763.9,57.6,24.8,1920,1080,0.069,96.4,776.3
Round1,Q3,2833,1416.5,EMIRATES,0.8903,5.9,620.5,54.0,17.2,1920,1080,0.045,32.9,629.1
Round1,Q3,2833,1416.5,EMIRATES,0.865,726.5,453.8,48.4,21.8,1920,1080,0.051,750.7,464.7
Round1,Q3,2834,1417.0,EMIRATES,0.8791,3.6,402.1,58.1,28.4,1920,1080,0.079,32.6,416.3
Round1,Q3,2834,1417.0,EMIRATES,0.6427,785.0,302.0,45.3,18.7,1920,1080,0.041,807.7,311.4
Round1,Q3,2835,1417.5,EMIRATES,0.8492,300.4,252.6,62.3,33.5,1920,1080,0.101,331.6,269.4
Round1,Q3,2835,1417.5,EMIRATES,0.8478,1235.1,240.2,60.2,18.9,1920,1080,0.055,1265.2,249.6
Round1,Q3,2836,1418.0,EMIRATES,0.8648,1860.4,274.0,55.0,21.5,1920,1080,0.057,1887.9,284.8
Round1,Q3,2837,1418.5,EMIRATES,0.7999,1120.7,293.0,34.5,26.5,1920,1080,0.044,1138.0,306.3
Round1,Q3,2838,1419.0,JAMESON,0.7661,687.3,77.3,46.7,10.4,1920,1080,0.023,710.7,82.5
Round1,Q3,2838,1419.0,JAMESON,0.7387,634.8,77.0,46.9,11.0,1920,1080,0.025,658.2,82.5
Round1,Q3,2838,1419.0,JAMESON,0.7261,742.2,77.0,44.4,10.3,1920,1080,0.022,764.4,82.2
Round1,Q3,2839,1419.5,JAMESON,0.7742,731.8,109.6,42.7,9.8,1920,1080,0.02,753.2,114.5
Round1,Q3,2839,1419.5,JAMESON,0.7726,781.6,109.4,42.9,9.6,1920,1080,0.02,803.1,114.2
Round1,Q3,2839,1419.5,JAMESON,0.7607,830.7,108.5,41.7,9.7,1920,1080,0.02,851.6,113.3
Round1,Q3,2840,1420.0,JAMESON,0.7143,984.1,149.0,38.1,8.8,1920,1080,0.016,1003.1,153.4
Round1,Q3,2840,1420.0,JAMESON,0.7128,937.9,149.3,38.3,9.3,1920,1080,0.017,957.1,153.9
Round1,Q3,2840,1420.0,JAMESON,0.6233,891.6,149.8,38.3,9.6,1920,1080,0.018,910.8,154.6
Round1,Q3,2841,1420.5,JAMESON,0.7321,1092.0,163.1,38.0,9.1,1920,1080,0.017,1111.0,167.6
Round1,Q3,2841,1420.5,JAMESON,0.7245,1045.8,163.7,39.9,9.1,1920,1080,0.018,1065.8,168.2
Round1,Q3,2841,1420.5,JAMESON,0.6724,1002.0,164.1,38.9,9.9,1920,1080,0.019,1021.5,169.0
Round1,Q3,2842,1421.0,JAMESON,0.7268,1131.7,163.4,41.0,9.7,1920,1080,0.019,1152.2,168.3
Round1,Q3,2842,1421.0,JAMESON,0.7026,1178.7,163.2,39.0,9.4,1920,1080,0.018,1198.2,167.9
Round1,Q3,2842,1421.0,JAMESON,0.6348,1088.6,164.0,37.6,9.1,1920,1080,0.016,1107.4,168.5
Round1,Q3,2843,1421.5,JAMESON,0.7619,1135.0,177.6,37.5,9.1,1920,1080,0.016,1153.7,182.2
Round1,Q3,2843,1421.5,JAMESON,0.7409,1177.9,176.7,42.0,9.6,1920,1080,0.019,1198.9,181.5
Round1,Q3,2843,1421.5,JAMESON,0.6907,1225.2,176.6,38.2,9.5,1920,1080,0.018,1244.3,181.3
Round1,Q3,2843,1421.5,ACCESS_COVERS,0.5502,500.9,179.6,43.9,8.3,1920,1080,0.018,522.9,183.8
Round1,Q3,2844,1422.0,EMIRATES,0.8486,1362.5,412.6,76.8,19.2,1920,1080,0.071,1400.9,422.2
Round1,Q3,2845,1422.5,EMIRATES,0.88,1664.9,335.3,70.0,30.6,1920,1080,0.103,1699.9,350.6
Round1,Q3,2846,1423.0,EMIRATES,0.832,1657.9,340.1,32.2,20.9,1920,1080,0.032,1674.0,350.6
Round1,Q3,2847,1423.5,EMIRATES,0.8065,1225.5,495.5,41.9,58.9,1920,1080,0.119,1246.5,525.0
Round1,Q3,2847,1423.5,EMIRATES,0.629,1436.3,253.5,54.0,41.0,1920,1080,0.107,1463.3,274.0
Round1,Q3,2848,1424.0,EMIRATES,0.8626,1091.2,559.2,20.9,47.5,1920,1080,0.048,1101.7,582.9
Round1,Q3,2848,1424.0,EMIRATES,0.8498,1256.7,359.2,68.8,31.4,1920,1080,0.104,1291.1,374.9
Round1,Q3,2849,1424.5,EMIRATES,0.8807,1204.9,413.3,63.7,44.1,1920,1080,0.136,1236.8,435.4
Round1,Q3,2849,1424.5,EMIRATES,0.8766,1084.6,598.8,21.3,44.0,1920,1080,0.045,1095.3,620.7
Round1,Q3,2850,1425.0,EMIRATES,0.8391,1216.2,428.5,68.5,45.3,1920,1080,0.15,1250.5,451.2
Round1,Q3,2850,1425.0,EMIRATES,0.8148,1086.6,607.2,21.8,41.9,1920,1080,0.044,1097.5,628.1
Round1,Q3,2851,1425.5,EMIRATES,0.8811,1231.2,438.4,67.8,38.5,1920,1080,0.126,1265.1,457.6
Round1,Q3,2851,1425.5,EMIRATES,0.5951,1073.5,614.1,30.7,49.4,1920,1080,0.073,1088.9,638.8
Round1,Q3,2851,1425.5,EMIRATES,0.4123,721.4,324.2,20.4,21.1,1920,1080,0.021,731.6,334.7
Round1,Q3,2852,1426.0,EMIRATES,0.8955,819.6,331.2,50.6,19.4,1920,1080,0.047,844.9,340.9
Round1,Q3,2852,1426.0,EMIRATES,0.8537,1247.0,419.9,65.0,35.8,1920,1080,0.112,1279.5,437.8
Round1,Q3,2853,1426.5,EMIRATES,0.8996,853.0,334.1,54.5,18.8,1920,1080,0.049,880.3,343.5
Round1,Q3,2853,1426.5,EMIRATES,0.865,1253.8,396.0,62.9,33.1,1920,1080,0.1,1285.3,412.5
Round1,Q3,2856,1428.0,EMIRATES,0.7307,593.4,232.8,175.1,176.9,1920,1080,1.494,680.9,321.2
Round1,Q3,2860,1430.0,EMIRATES,0.9038,368.8,70.6,143.7,42.1,1920,1080,0.292,440.7,91.7
Round1,Q3,2860,1430.0,EMIRATES,0.8219,579.6,0.0,130.5,26.7,1920,1080,0.168,644.8,13.4
Round1,Q3,2861,1430.5,EMIRATES,0.8784,692.7,212.9,113.7,43.7,1920,1080,0.24,749.5,234.7
Round1,Q3,2862,1431.0,EMIRATES,0.8978,861.2,268.4,75.9,35.1,1920,1080,0.128,899.1,285.9
Round1,Q3,2863,1431.5,ACCESS_COVERS,0.8068,256.0,164.5,68.4,14.3,1920,1080,0.047,290.2,171.6
Round1,Q3,2863,1431.5,CYBERCX,0.7022,185.1,162.1,61.9,14.2,1920,1080,0.042,216.1,169.2
Round1,Q3,2864,1432.0,ACCESS_COVERS,0.8103,183.7,125.9,75.6,15.0,1920,1080,0.055,221.5,133.4
Round1,Q3,2864,1432.0,CYBERCX,0.6102,103.9,122.9,68.6,14.6,1920,1080,0.048,138.2,130.2
Round1,Q3,2865,1432.5,ACCESS_COVERS,0.77,103.4,85.3,84.0,17.0,1920,1080,0.069,145.4,93.8
Round1,Q3,2866,1433.0,ACCESS_COVERS,0.5828,9.6,40.2,98.2,19.3,1920,1080,0.091,58.7,49.9
Round1,Q3,2867,1433.5,ACCESS_COVERS,0.6408,0.0,9.4,41.9,19.0,1920,1080,0.038,21.0,19.0
Round1,Q3,2878,1439.0,EMIRATES,0.8924,828.3,573.5,52.3,20.4,1920,1080,0.051,854.4,583.7
Round1,Q3,2878,1439.0,EMIRATES,0.8889,1232.8,378.3,36.3,17.0,1920,1080,0.03,1250.9,386.8
Round1,Q3,2878,1439.0,EMIRATES,0.861,606.9,648.1,56.4,15.5,1920,1080,0.042,635.1,655.9
Round1,Q3,2878,1439.0,EMIRATES,0.8448,1683.7,623.0,53.3,26.3,1920,1080,0.068,1710.3,636.2
Round1,Q3,2878,1439.0,EMIRATES,0.8321,698.7,716.9,57.7,16.4,1920,1080,0.046,727.6,725.1
Round1,Q3,2879,1439.5,EMIRATES,0.8945,1769.2,619.0,45.8,15.6,1920,1080,0.035,1792.1,626.8
Round1,Q3,2879,1439.5,EMIRATES,0.8741,1348.1,363.4,38.8,14.3,1920,1080,0.027,1367.5,370.5
Round1,Q3,2879,1439.5,EMIRATES,0.8223,757.6,637.7,49.9,19.6,1920,1080,0.047,782.5,647.5
Round1,Q3,2879,1439.5,EMIRATES,0.8175,1067.5,728.5,51.0,15.5,1920,1080,0.038,1093.0,736.3
Round1,Q3,2880,1440.0,EMIRATES,0.8583,857.9,361.2,49.9,22.6,1920,1080,0.054,882.8,372.5
Round1,Q3,2880,1440.0,EMIRATES,0.776,1267.8,448.4,43.0,17.0,1920,1080,0.035,1289.3,456.9
Round1,Q3,2880,1440.0,EMIRATES,0.7427,1627.4,120.3,44.2,17.3,1920,1080,0.037,1649.5,128.9
Round1,Q3,2880,1440.0,EMIRATES,0.4082,1467.5,258.5,28.8,14.1,1920,1080,0.02,1482.0,265.6
Round1,Q3,2881,1440.5,EMIRATES,0.8416,1888.2,185.1,31.7,15.8,1920,1080,0.024,1904.0,193.0
Round1,Q3,2881,1440.5,EMIRATES,0.739,1680.7,249.2,36.8,16.0,1920,1080,0.028,1699.1,257.2
Round1,Q3,2882,1441.0,EMIRATES,0.8523,1048.1,470.3,51.4,14.8,1920,1080,0.037,1073.8,477.6
Round1,Q3,2882,1441.0,EMIRATES,0.7821,1873.2,223.0,28.7,15.0,1920,1080,0.021,1887.5,230.5
Round1,Q3,2883,1441.5,EMIRATES,0.735,1036.2,570.3,66.3,23.4,1920,1080,0.075,1069.3,582.0
Round1,Q3,2884,1442.0,EMIRATES,0.8721,1480.0,342.3,41.0,26.5,1920,1080,0.052,1500.5,355.6
Round1,Q3,2884,1442.0,EMIRATES,0.8557,1807.3,840.9,63.2,18.3,1920,1080,0.056,1838.9,850.0
Round1,Q3,2884,1442.0,EMIRATES,0.8422,1196.5,395.7,52.5,16.2,1920,1080,0.041,1222.8,403.8
Round1,Q3,2884,1442.0,EMIRATES,0.7965,577.3,585.6,59.6,15.5,1920,1080,0.045,607.1,593.4
Round1,Q3,2884,1442.0,EMIRATES,0.7148,914.6,174.2,47.8,17.2,1920,1080,0.04,938.5,182.8
Round1,Q3,2885,1442.5,EMIRATES,0.85,1500.9,834.4,69.5,18.4,1920,1080,0.062,1535.6,843.6
Round1,Q3,2885,1442.5,EMIRATES,0.8216,177.8,532.6,59.0,18.0,1920,1080,0.051,207.3,541.7
Round1,Q3,2885,1442.5,EMIRATES,0.7754,1621.0,498.2,54.7,17.3,1920,1080,0.046,1648.4,506.9
Round1,Q3,2885,1442.5,EMIRATES,0.397,477.7,187.6,57.6,18.9,1920,1080,0.052,506.5,197.0
Round1,Q3,2886,1443.0,EMIRATES,0.8725,1126.3,854.2,43.8,18.3,1920,1080,0.039,1148.2,863.4
Round1,Q3,2886,1443.0,EMIRATES,0.8598,1224.6,528.2,47.4,18.0,1920,1080,0.041,1248.3,537.2
Round1,Q3,2887,1443.5,EMIRATES,0.5787,1191.4,386.1,29.1,17.1,1920,1080,0.024,1205.9,394.7
Round1,Q3,2888,1444.0,EMIRATES,0.7948,1265.1,854.2,36.2,19.9,1920,1080,0.035,1283.2,864.2
Round1,Q3,2889,1444.5,EMIRATES,0.8814,1394.0,526.4,35.3,18.1,1920,1080,0.031,1411.6,535.5
Round1,Q3,2890,1445.0,EMIRATES,0.8602,1511.0,511.4,59.4,22.6,1920,1080,0.065,1540.7,522.7
Round1,Q3,2890,1445.0,EMIRATES,0.8391,1268.4,341.5,45.7,18.2,1920,1080,0.04,1291.2,350.6
Round1,Q3,2890,1445.0,EMIRATES,0.7182,29.7,107.2,26.7,15.0,1920,1080,0.019,43.0,114.7
Round1,Q3,2891,1445.5,EMIRATES,0.8815,211.6,95.4,37.1,27.1,1920,1080,0.049,230.2,109.0
Round1,Q3,2891,1445.5,EMIRATES,0.8176,1027.2,457.6,31.2,52.0,1920,1080,0.078,1042.8,483.6
Round1,Q3,2891,1445.5,EMIRATES,0.5994,1567.5,523.8,40.9,9.6,1920,1080,0.019,1588.0,528.6
Round1,Q3,2892,1446.0,EMIRATES,0.8902,1413.9,285.6,44.3,22.4,1920,1080,0.048,1436.1,296.8
Round1,Q3,2892,1446.0,EMIRATES,0.8718,1503.2,341.8,41.3,18.9,1920,1080,0.038,1523.9,351.3
Round1,Q3,2893,1446.5,EMIRATES,0.8961,1629.7,367.0,43.2,19.1,1920,1080,0.04,1651.3,376.5
Round1,Q3,2893,1446.5,EMIRATES,0.8821,571.1,75.3,32.1,26.4,1920,1080,0.041,587.1,88.5
Round1,Q3,2893,1446.5,EMIRATES,0.6777,1482.9,285.4,25.6,16.4,1920,1080,0.02,1495.7,293.6
Round1,Q3,2900,1450.0,CRUSADER_CARAVANS,0.5365,927.7,54.8,49.5,14.1,1920,1080,0.034,952.4,61.8
Round1,Q3,2900,1450.0,CRUSADER_CARAVANS,0.535,875.0,64.4,48.1,14.3,1920,1080,0.033,899.1,71.5
Round1,Q3,2903,1451.5,CRUSADER_CARAVANS,0.3354,1271.4,65.1,92.0,32.2,1920,1080,0.143,1317.4,81.1
Round1,Q3,2905,1452.5,EMIRATES,0.8727,667.0,670.7,47.1,18.3,1920,1080,0.042,690.6,679.8
Round1,Q3,2905,1452.5,EMIRATES,0.8484,237.7,511.0,45.7,15.0,1920,1080,0.033,260.6,518.5
Round1,Q3,2905,1452.5,EMIRATES,0.8463,415.5,682.9,42.5,24.2,1920,1080,0.05,436.8,695.0
Round1,Q3,2905,1452.5,EMIRATES,0.8178,1271.7,463.0,36.3,19.5,1920,1080,0.034,1289.8,472.7
Round1,Q3,2905,1452.5,EMIRATES,0.7345,1176.8,777.4,56.1,16.8,1920,1080,0.045,1204.8,785.8
Round1,Q3,2905,1452.5,EMIRATES,0.5091,1271.1,369.7,21.9,10.8,1920,1080,0.011,1282.0,375.1
Round1,Q3,2906,1453.0,EMIRATES,0.8542,1157.4,281.9,39.7,20.1,1920,1080,0.038,1177.2,291.9
Round1,Q3,2906,1453.0,EMIRATES,0.8427,382.2,514.2,49.6,16.2,1920,1080,0.039,407.0,522.3
Round1,Q3,2906,1453.0,EMIRATES,0.7666,689.3,565.2,48.7,16.0,1920,1080,0.038,713.7,573.2
Round1,Q3,2906,1453.0,EMIRATES,0.711,860.7,629.3,51.9,22.3,1920,1080,0.056,886.7,640.5
Round1,Q3,2907,1453.5,EMIRATES,0.879,907.1,262.5,36.8,14.8,1920,1080,0.026,925.5,269.8
Round1,Q3,2907,1453.5,EMIRATES,0.8725,27.9,502.7,41.0,16.6,1920,1080,0.033,48.4,510.9
Round1,Q3,2907,1453.5,EMIRATES,0.8435,366.2,588.7,61.9,17.4,1920,1080,0.052,397.2,597.4
Round1,Q3,2915,1457.5,ACCESS_COVERS,0.6191,0.2,100.5,101.6,29.5,1920,1080,0.145,51.0,115.2
Round1,Q3,2915,1457.5,ACCESS_COVERS,0.579,1781.0,64.1,138.9,27.5,1920,1080,0.184,1850.4,77.9
Round1,Q3,2915,1457.5,ACCESS_COVERS,0.5061,353.0,86.6,172.6,30.0,1920,1080,0.249,439.3,101.6
Round1,Q3,2915,1457.5,ACCESS_COVERS,0.4928,767.6,76.5,164.2,29.4,1920,1080,0.233,849.7,91.2
Round1,Q3,2915,1457.5,ACCESS_COVERS,0.4792,146.0,91.6,184.4,33.3,1920,1080,0.296,238.3,108.3
Round1,Q3,2915,1457.5,ACCESS_COVERS,0.4775,1558.5,65.1,183.0,29.1,1920,1080,0.257,1650.0,79.7
Round1,Q3,2915,1457.5,ACCESS_COVERS,0.4527,551.8,79.7,179.7,31.4,1920,1080,0.272,641.7,95.4
Round1,Q3,2915,1457.5,ACCESS_COVERS,0.4193,953.8,73.0,168.4,29.6,1920,1080,0.24,1038.0,87.7
Round1,Q3,2915,1457.5,CYBERCX,0.3022,1161.4,68.5,164.2,32.6,1920,1080,0.258,1243.4,84.8
Round1,Q3,2916,1458.0,ACCESS_COVERS,0.4745,788.8,26.4,178.3,28.1,1920,1080,0.241,878.0,40.5
Round1,Q3,2916,1458.0,ACCESS_COVERS,0.3486,413.4,30.8,335.5,31.2,1920,1080,0.505,581.2,46.5
Round1,Q3,2917,1458.5,ACCESS_COVERS,0.3596,593.7,4.0,177.5,25.0,1920,1080,0.214,682.4,16.5
Round1,Q3,2920,1460.0,ACCESS_COVERS,0.5234,1732.7,20.1,187.3,30.8,1920,1080,0.279,1826.3,35.5
Round1,Q3,2920,1460.0,ACCESS_COVERS,0.3903,481.4,17.0,200.8,29.7,1920,1080,0.288,581.8,31.9
Round1,Q3,2920,1460.0,ACCESS_COVERS,0.3122,1322.8,19.6,357.0,30.7,1920,1080,0.529,1501.3,34.9
Round1,Q3,2921,1460.5,ACCESS_COVERS,0.4943,0.0,45.8,281.4,29.4,1920,1080,0.399,140.7,60.5
Round1,Q3,2921,1460.5,ACCESS_COVERS,0.3747,1257.6,0.0,94.1,10.3,1920,1080,0.047,1304.7,5.2
Round1,Q3,2921,1460.5,ACCESS_COVERS,0.3734,1555.5,51.1,173.5,29.6,1920,1080,0.248,1642.3,65.9
Round1,Q3,2921,1460.5,ACCESS_COVERS,0.3153,335.9,46.7,177.5,26.3,1920,1080,0.225,424.6,59.8
Round1,Q3,2922,1461.0,ACCESS_COVERS,0.506,1367.7,79.5,172.8,30.9,1920,1080,0.258,1454.1,94.9
Round1,Q3,2922,1461.0,ACCESS_COVERS,0.4646,380.4,75.1,357.5,26.4,1920,1080,0.456,559.2,88.3
Round1,Q3,2922,1461.0,ACCESS_COVERS,0.362,1096.3,18.8,80.9,19.6,1920,1080,0.076,1136.7,28.6
Round1,Q3,2922,1461.0,ACCESS_COVERS,0.323,172.6,75.7,178.5,25.9,1920,1080,0.223,261.9,88.6
Round1,Q3,2922,1461.0,ACCESS_COVERS,0.3142,0.1,75.3,117.3,26.4,1920,1080,0.149,58.7,88.5
Round1,Q3,2923,1461.5,CRUSADER_CARAVANS,0.7833,1144.1,102.8,213.4,21.9,1920,1080,0.225,1250.8,113.8
Round1,Q3,2923,1461.5,CRUSADER_CARAVANS,0.772,610.2,98.9,219.0,21.0,1920,1080,0.222,719.7,109.4
Round1,Q3,2923,1461.5,CRUSADER_CARAVANS,0.7699,1403.4,106.8,231.6,23.2,1920,1080,0.259,1519.2,118.4
Round1,Q3,2923,1461.5,CRUSADER_CARAVANS,0.7695,336.8,96.7,232.9,22.2,1920,1080,0.25,453.2,107.8
Round1,Q3,2923,1461.5,CRUSADER_CARAVANS,0.7408,880.7,100.9,217.9,19.8,1920,1080,0.208,989.7,110.8
Round1,Q3,2923,1461.5,CRUSADER_CARAVANS,0.6875,50.3,97.0,240.7,22.6,1920,1080,0.262,170.6,108.3
Round1,Q3,2923,1461.5,ACCESS_COVERS,0.357,912.8,39.7,95.1,20.9,1920,1080,0.096,960.3,50.1
Round1,Q3,2923,1461.5,CRUSADER_CARAVANS,0.3355,1683.2,114.3,236.8,24.5,1920,1080,0.28,1801.6,126.6
Round1,Q3,2924,1462.0,CRUSADER_CARAVANS,0.7986,470.9,108.9,221.0,21.7,1920,1080,0.232,581.4,119.7
Round1,Q3,2924,1462.0,CRUSADER_CARAVANS,0.7939,749.1,111.1,217.7,19.9,1920,1080,0.209,858.0,121.0
Round1,Q3,2924,1462.0,CRUSADER_CARAVANS,0.7921,1290.6,117.1,222.9,22.7,1920,1080,0.244,1402.1,128.5
Round1,Q3,2924,1462.0,CRUSADER_CARAVANS,0.7766,1014.9,113.1,224.7,21.6,1920,1080,0.234,1127.2,123.9
Round1,Q3,2924,1462.0,CRUSADER_CARAVANS,0.769,181.7,107.1,233.2,22.5,1920,1080,0.253,298.3,118.4
Round1,Q3,2924,1462.0,CRUSADER_CARAVANS,0.7513,1568.7,123.5,233.5,24.0,1920,1080,0.27,1685.5,135.5
Round1,Q3,2924,1462.0,CRUSADER_CARAVANS,0.6812,0.3,106.0,128.0,24.6,1920,1080,0.152,64.3,118.3
Round1,Q3,2924,1462.0,ACCESS_COVERS,0.6312,793.0,48.9,75.2,19.4,1920,1080,0.07,830.7,58.6
Round1,Q3,2924,1462.0,CRUSADER_CARAVANS,0.5669,1863.5,127.4,56.5,26.4,1920,1080,0.072,1891.8,140.6
Round1,Q3,2925,1462.5,CRUSADER_CARAVANS,0.7981,1053.4,111.8,232.5,22.2,1920,1080,0.249,1169.7,122.9
Round1,Q3,2925,1462.5,CRUSADER_CARAVANS,0.7934,779.6,110.2,225.3,21.1,1920,1080,0.229,892.3,120.7
Round1,Q3,2925,1462.5,CRUSADER_CARAVANS,0.7918,1337.2,116.3,234.9,23.5,1920,1080,0.266,1454.6,128.0
Round1,Q3,2925,1462.5,CRUSADER_CARAVANS,0.7833,491.5,107.2,228.7,23.0,1920,1080,0.254,605.8,118.7
Round1,Q3,2925,1462.5,CRUSADER_CARAVANS,0.7822,1625.8,122.2,247.3,24.9,1920,1080,0.296,1749.5,134.7
Round1,Q3,2925,1462.5,CRUSADER_CARAVANS,0.7489,198.4,106.2,236.8,22.7,1920,1080,0.259,316.9,117.6
Round1,Q3,2925,1462.5,CRUSADER_CARAVANS,0.687,4.6,105.4,136.5,23.0,1920,1080,0.152,72.9,116.9
Round1,Q3,2925,1462.5,CRUSADER_CARAVANS,0.6067,1875.8,125.1,44.2,28.3,1920,1080,0.06,1897.9,139.2
Round1,Q3,2925,1462.5,ACCESS_COVERS,0.6048,826.9,45.6,77.6,22.2,1920,1080,0.083,865.7,56.7
Round1,Q3,2926,1463.0,CRUSADER_CARAVANS,0.7878,1169.1,116.4,234.1,22.9,1920,1080,0.258,1286.2,127.9
Round1,Q3,2926,1463.0,CRUSADER_CARAVANS,0.7782,592.5,111.2,236.3,22.2,1920,1080,0.253,710.7,122.3
Round1,Q3,2926,1463.0,CRUSADER_CARAVANS,0.7743,305.8,110.4,240.4,23.2,1920,1080,0.269,426.0,122.0
Round1,Q3,2926,1463.0,CRUSADER_CARAVANS,0.7691,0.4,111.4,245.6,21.2,1920,1080,0.251,123.3,122.0
Round1,Q3,2926,1463.0,CRUSADER_CARAVANS,0.7661,1454.0,120.3,246.7,23.1,1920,1080,0.275,1577.3,131.8
Round1,Q3,2926,1463.0,CRUSADER_CARAVANS,0.7581,887.0,114.4,230.5,21.7,1920,1080,0.241,1002.2,125.3
Round1,Q3,2926,1463.0,CRUSADER_CARAVANS,0.6489,1760.1,124.4,159.8,26.7,1920,1080,0.206,1840.0,137.8
Round1,Q3,2926,1463.0,ACCESS_COVERS,0.6055,934.2,48.8,87.7,21.3,1920,1080,0.09,978.0,59.5
Round1,Q3,2927,1463.5,CRUSADER_CARAVANS,0.7979,1603.9,126.7,249.3,23.3,1920,1080,0.28,1728.5,138.3
Round1,Q3,2927,1463.5,CRUSADER_CARAVANS,0.7935,465.4,116.9,231.2,22.6,1920,1080,0.253,581.0,128.2
Round1,Q3,2927,1463.5,CRUSADER_CARAVANS,0.7711,739.7,118.1,235.0,22.7,1920,1080,0.257,857.2,129.5
Round1,Q3,2927,1463.5,CRUSADER_CARAVANS,0.7529,1031.7,120.8,228.7,20.9,1920,1080,0.23,1146.0,131.3
Round1,Q3,2927,1463.5,CRUSADER_CARAVANS,0.7358,1303.6,122.3,245.2,22.4,1920,1080,0.265,1426.2,133.5
Round1,Q3,2927,1463.5,CRUSADER_CARAVANS,0.6481,0.0,119.2,104.7,22.8,1920,1080,0.115,52.4,130.6
Round1,Q3,2927,1463.5,CRUSADER_CARAVANS,0.6175,150.1,118.9,256.3,21.2,1920,1080,0.262,278.3,129.4
Round1,Q3,2927,1463.5,ACCESS_COVERS,0.4159,1080.5,55.1,88.1,22.0,1920,1080,0.094,1124.6,66.1
Round1,Q3,2928,1464.0,EMIRATES,0.8606,1375.2,435.8,52.7,36.3,1920,1080,0.092,1401.6,454.0
Round1,Q3,2929,1464.5,EMIRATES,0.8617,645.3,374.8,52.5,24.7,1920,1080,0.062,671.6,387.1
Round1,Q3,2931,1465.5,CRUSADER_CARAVANS,0.8191,20.6,165.4,265.0,25.6,1920,1080,0.327,153.1,178.2
Round1,Q3,2931,1465.5,CRUSADER_CARAVANS,0.7761,1236.0,158.4,241.8,25.4,1920,1080,0.296,1356.9,171.1
Round1,Q3,2931,1465.5,CRUSADER_CARAVANS,0.7698,649.3,159.6,239.7,24.0,1920,1080,0.278,769.2,171.6
Round1,Q3,2931,1465.5,CRUSADER_CARAVANS,0.7388,347.8,162.2,250.0,23.0,1920,1080,0.278,472.9,173.7
Round1,Q3,2931,1465.5,CRUSADER_CARAVANS,0.7007,1539.0,160.2,221.6,24.6,1920,1080,0.263,1649.8,172.5
Round1,Q3,2931,1465.5,CRUSADER_CARAVANS,0.61,943.3,158.7,248.1,23.6,1920,1080,0.282,1067.4,170.5
Round1,Q3,2931,1465.5,CRUSADER_CARAVANS,0.5181,1858.7,159.8,61.3,27.2,1920,1080,0.08,1889.4,173.4
Round1,Q3,2931,1465.5,CRUSADER_CARAVANS,0.4028,0.0,165.9,16.9,26.8,1920,1080,0.022,8.5,179.3
Round1,Q3,2932,1466.0,CRUSADER_CARAVANS,0.7909,1247.6,150.9,246.9,24.2,1920,1080,0.288,1371.0,163.0
Round1,Q3,2932,1466.0,CRUSADER_CARAVANS,0.7908,637.8,153.7,247.7,24.8,1920,1080,0.296,761.6,166.1
Round1,Q3,2932,1466.0,CRUSADER_CARAVANS,0.7826,323.2,158.5,256.6,25.5,1920,1080,0.315,451.5,171.3
Round1,Q3,2932,1466.0,CRUSADER_CARAVANS,0.7745,1553.6,150.6,265.0,25.9,1920,1080,0.331,1686.1,163.5
Round1,Q3,2932,1466.0,CRUSADER_CARAVANS,0.771,0.0,163.7,257.1,26.3,1920,1080,0.326,128.5,176.8
Round1,Q3,2932,1466.0,CRUSADER_CARAVANS,0.7414,941.6,151.9,247.7,25.1,1920,1080,0.3,1065.5,164.4
Round1,Q3,2932,1466.0,CRUSADER_CARAVANS,0.3729,1882.5,148.4,37.5,28.1,1920,1080,0.051,1901.3,162.4
Round1,Q3,2933,1466.5,CRUSADER_CARAVANS,0.8279,1516.5,140.6,265.4,27.2,1920,1080,0.348,1649.2,154.2
Round1,Q3,2933,1466.5,CRUSADER_CARAVANS,0.8104,1199.2,141.8,255.7,26.4,1920,1080,0.326,1327.1,155.0
Round1,Q3,2933,1466.5,CRUSADER_CARAVANS,0.7962,0.0,159.0,175.2,27.5,1920,1080,0.232,87.6,172.8
Round1,Q3,2933,1466.5,CRUSADER_CARAVANS,0.7785,573.8,149.2,254.6,25.4,1920,1080,0.312,701.1,161.9
Round1,Q3,2933,1466.5,CRUSADER_CARAVANS,0.7658,891.8,144.7,247.7,25.5,1920,1080,0.305,1015.6,157.4
Round1,Q3,2933,1466.5,CRUSADER_CARAVANS,0.7555,246.0,154.1,264.9,26.7,1920,1080,0.341,378.4,167.4
Round1,Q3,2933,1466.5,CRUSADER_CARAVANS,0.5561,1849.4,138.8,70.3,27.1,1920,1080,0.092,1884.6,152.3
Round1,Q3,2934,1467.0,CRUSADER_CARAVANS,0.8308,467.5,140.0,264.1,27.5,1920,1080,0.35,599.5,153.7
Round1,Q3,2934,1467.0,CRUSADER_CARAVANS,0.7973,124.9,145.6,277.2,29.3,1920,1080,0.391,263.5,160.2
Round1,Q3,2934,1467.0,CRUSADER_CARAVANS,0.7938,1437.6,127.7,268.7,26.6,1920,1080,0.345,1571.9,141.0
Round1,Q3,2934,1467.0,CRUSADER_CARAVANS,0.7894,795.9,134.8,257.3,26.6,1920,1080,0.33,924.6,148.2
Round1,Q3,2934,1467.0,CRUSADER_CARAVANS,0.7882,1116.5,130.2,256.5,25.8,1920,1080,0.319,1244.8,143.1
Round1,Q3,2934,1467.0,CRUSADER_CARAVANS,0.71,1775.3,124.6,144.7,27.5,1920,1080,0.192,1847.6,138.3
Round1,Q3,2934,1467.0,CRUSADER_CARAVANS,0.6552,0.0,151.9,53.0,30.7,1920,1080,0.079,26.5,167.3
Round1,Q3,2935,1467.5,CRUSADER_CARAVANS,0.8397,1563.6,114.8,280.4,27.6,1920,1080,0.374,1703.9,128.7
Round1,Q3,2935,1467.5,CRUSADER_CARAVANS,0.8289,1230.6,117.6,263.5,27.4,1920,1080,0.348,1362.4,131.2
Round1,Q3,2935,1467.5,CRUSADER_CARAVANS,0.8158,566.9,127.3,267.3,28.1,1920,1080,0.362,700.6,141.3
Round1,Q3,2935,1467.5,CRUSADER_CARAVANS,0.8059,219.9,133.9,276.4,29.2,1920,1080,0.39,358.1,148.5
Round1,Q3,2935,1467.5,CRUSADER_CARAVANS,0.7989,900.7,122.8,261.0,26.9,1920,1080,0.339,1031.2,136.2
Round1,Q3,2935,1467.5,CRUSADER_CARAVANS,0.788,0.0,141.2,146.2,31.1,1920,1080,0.219,73.1,156.7
Round1,Q3,2936,1468.0,CRUSADER_CARAVANS,0.8243,628.9,114.8,271.9,27.6,1920,1080,0.362,764.9,128.7
Round1,Q3,2936,1468.0,CRUSADER_CARAVANS,0.8017,280.5,120.8,277.4,29.8,1920,1080,0.399,419.2,135.7
Round1,Q3,2936,1468.0,CRUSADER_CARAVANS,0.7993,968.8,109.5,268.7,27.0,1920,1080,0.349,1103.2,123.0
Round1,Q3,2936,1468.0,CRUSADER_CARAVANS,0.7983,1306.0,103.7,275.3,27.2,1920,1080,0.361,1443.6,117.3
Round1,Q3,2936,1468.0,CRUSADER_CARAVANS,0.7771,1653.0,99.0,266.9,28.1,1920,1080,0.362,1786.4,113.1
Round1,Q3,2936,1468.0,CRUSADER_CARAVANS,0.7593,1.2,129.2,207.0,29.8,1920,1080,0.298,104.7,144.1
Round1,Q3,2937,1468.5,CRUSADER_CARAVANS,0.8384,1370.8,115.8,267.7,27.5,1920,1080,0.355,1504.7,129.5
Round1,Q3,2937,1468.5,CRUSADER_CARAVANS,0.8081,710.2,126.2,263.2,27.5,1920,1080,0.348,841.8,139.9
Round1,Q3,2937,1468.5,CRUSADER_CARAVANS,0.7947,1039.3,120.9,260.7,26.4,1920,1080,0.331,1169.6,134.1
Round1,Q3,2937,1468.5,CRUSADER_CARAVANS,0.7927,370.4,132.4,271.8,28.9,1920,1080,0.379,506.3,146.9
Round1,Q3,2937,1468.5,CRUSADER_CARAVANS,0.7917,1708.1,111.9,211.9,27.2,1920,1080,0.278,1814.1,125.5
Round1,Q3,2937,1468.5,CRUSADER_CARAVANS,0.7743,11.4,141.4,291.0,30.9,1920,1080,0.433,156.9,156.9
Round1,Q3,2938,1469.0,CRUSADER_CARAVANS,0.8067,1040.7,138.8,254.8,25.9,1920,1080,0.319,1168.1,151.8
Round1,Q3,2938,1469.0,CRUSADER_CARAVANS,0.8003,1687.3,129.9,232.7,26.5,1920,1080,0.297,1803.6,143.2
Round1,Q3,2938,1469.0,CRUSADER_CARAVANS,0.7919,1359.9,133.9,259.8,26.3,1920,1080,0.33,1489.8,147.0
Round1,Q3,2938,1469.0,CRUSADER_CARAVANS,0.7793,53.2,158.8,277.5,30.1,1920,1080,0.403,191.9,173.9
Round1,Q3,2938,1469.0,CRUSADER_CARAVANS,0.7689,723.4,143.4,254.0,27.0,1920,1080,0.33,850.4,156.9
Round1,Q3,2938,1469.0,CRUSADER_CARAVANS,0.7623,397.9,149.4,257.4,28.3,1920,1080,0.351,526.6,163.5
Round1,Q3,2938,1469.0,CRUSADER_CARAVANS,0.3595,0.0,164.7,49.9,31.9,1920,1080,0.077,25.0,180.6
Round1,Q3,2939,1469.5,CRUSADER_CARAVANS,0.8054,670.4,162.6,245.4,25.4,1920,1080,0.301,793.1,175.3
Round1,Q3,2939,1469.5,CRUSADER_CARAVANS,0.797,1283.3,152.1,251.3,25.7,1920,1080,0.311,1409.0,165.0
Round1,Q3,2939,1469.5,CRUSADER_CARAVANS,0.7821,348.9,167.9,253.7,28.1,1920,1080,0.343,475.8,181.9
Round1,Q3,2939,1469.5,CRUSADER_CARAVANS,0.7704,972.9,156.4,248.6,25.9,1920,1080,0.311,1097.2,169.3
Round1,Q3,2939,1469.5,CRUSADER_CARAVANS,0.7667,1592.9,149.2,268.1,27.7,1920,1080,0.358,1727.0,163.1
Round1,Q3,2939,1469.5,CRUSADER_CARAVANS,0.7385,12.6,177.2,275.6,30.8,1920,1080,0.41,150.4,192.6
Round1,Q3,2940,1470.0,CRUSADER_CARAVANS,0.8152,1183.2,171.0,237.0,24.4,1920,1080,0.279,1301.6,183.2
Round1,Q3,2940,1470.0,CRUSADER_CARAVANS,0.7891,581.1,180.0,240.7,25.3,1920,1080,0.293,701.5,192.7
Round1,Q3,2940,1470.0,CRUSADER_CARAVANS,0.787,883.1,176.3,237.5,22.8,1920,1080,0.261,1001.8,187.7
Round1,Q3,2940,1470.0,CRUSADER_CARAVANS,0.7753,0.1,194.9,204.4,29.5,1920,1080,0.291,102.3,209.6
Round1,Q3,2940,1470.0,CRUSADER_CARAVANS,0.7604,266.4,187.4,257.9,25.1,1920,1080,0.312,395.3,199.9
Round1,Q3,2940,1470.0,CRUSADER_CARAVANS,0.7178,1479.3,171.7,250.6,20.2,1920,1080,0.244,1604.6,181.8
Round1,Q3,2940,1470.0,CRUSADER_CARAVANS,0.6755,1804.5,167.2,115.5,24.8,1920,1080,0.138,1862.2,179.6
Round1,Q3,2941,1470.5,CRUSADER_CARAVANS,0.8096,1702.4,188.8,217.6,25.0,1920,1080,0.262,1811.2,201.3
Round1,Q3,2941,1470.5,CRUSADER_CARAVANS,0.7876,778.0,196.9,236.3,22.9,1920,1080,0.26,896.1,208.4
Round1,Q3,2941,1470.5,CRUSADER_CARAVANS,0.7764,473.2,200.8,246.8,25.0,1920,1080,0.297,596.6,213.2
Round1,Q3,2941,1470.5,CRUSADER_CARAVANS,0.7704,1378.0,191.1,248.0,22.8,1920,1080,0.272,1502.0,202.5
Round1,Q3,2941,1470.5,CRUSADER_CARAVANS,0.7096,150.4,208.5,257.9,24.6,1920,1080,0.305,279.4,220.7
Round1,Q3,2941,1470.5,CRUSADER_CARAVANS,0.6818,1051.5,192.1,265.8,23.8,1920,1080,0.305,1184.4,204.0
Round1,Q3,2941,1470.5,CRUSADER_CARAVANS,0.5701,0.0,215.3,84.2,29.4,1920,1080,0.12,42.1,230.0
Round1,Q3,2942,1471.0,CRUSADER_CARAVANS,0.7861,971.8,196.9,249.9,23.8,1920,1080,0.287,1096.7,208.8
Round1,Q3,2942,1471.0,CRUSADER_CARAVANS,0.7827,1283.8,195.0,247.6,23.4,1920,1080,0.279,1407.6,206.7
Round1,Q3,2942,1471.0,CRUSADER_CARAVANS,0.7697,660.3,201.9,248.2,22.9,1920,1080,0.274,784.4,213.4
Round1,Q3,2942,1471.0,CRUSADER_CARAVANS,0.7433,334.5,207.9,257.9,22.3,1920,1080,0.277,463.5,219.0
Round1,Q3,2942,1471.0,CRUSADER_CARAVANS,0.7092,1606.0,192.6,267.9,25.9,1920,1080,0.334,1740.0,205.6
Round1,Q3,2942,1471.0,CRUSADER_CARAVANS,0.7013,0.4,212.8,267.0,28.1,1920,1080,0.361,133.9,226.8
Round1,Q3,2942,1471.0,CRUSADER_CARAVANS,0.4982,1875.7,193.0,44.3,26.4,1920,1080,0.056,1897.9,206.2
Round1,Q3,2943,1471.5,CRUSADER_CARAVANS,0.7796,590.4,198.6,260.0,24.3,1920,1080,0.305,720.4,210.7
Round1,Q3,2943,1471.5,CRUSADER_CARAVANS,0.7676,1574.0,189.7,269.7,24.3,1920,1080,0.317,1708.8,201.8
Round1,Q3,2943,1471.5,CRUSADER_CARAVANS,0.7346,1238.7,191.7,259.6,23.0,1920,1080,0.288,1368.5,203.2
Round1,Q3,2943,1471.5,CRUSADER_CARAVANS,0.7255,0.7,211.0,181.2,26.4,1920,1080,0.23,91.3,224.2
Round1,Q3,2943,1471.5,CRUSADER_CARAVANS,0.7065,919.7,194.1,255.4,22.6,1920,1080,0.278,1047.4,205.4
Round1,Q3,2943,1471.5,CRUSADER_CARAVANS,0.6489,249.8,203.9,322.9,24.2,1920,1080,0.376,411.2,216.0
Round1,Q3,2944,1472.0,CRUSADER_CARAVANS,0.8103,865.5,196.4,269.8,23.8,1920,1080,0.31,1000.5,208.3
Round1,Q3,2944,1472.0,CRUSADER_CARAVANS,0.7727,524.1,201.0,271.6,24.3,1920,1080,0.318,659.9,213.2
Round1,Q3,2944,1472.0,CRUSADER_CARAVANS,0.766,1202.4,194.6,265.2,23.3,1920,1080,0.298,1335.1,206.2
Round1,Q3,2944,1472.0,CRUSADER_CARAVANS,0.7626,164.9,208.3,289.3,23.1,1920,1080,0.322,309.6,219.9
Round1,Q3,2944,1472.0,CRUSADER_CARAVANS,0.6933,1544.4,190.8,287.4,24.8,1920,1080,0.344,1688.1,203.2
Round1,Q3,2944,1472.0,CRUSADER_CARAVANS,0.6755,0.0,211.9,91.0,27.0,1920,1080,0.119,45.5,225.4
Round1,Q3,2945,1472.5,CRUSADER_CARAVANS,0.8057,854.1,195.6,280.5,25.3,1920,1080,0.342,994.4,208.2
Round1,Q3,2945,1472.5,CRUSADER_CARAVANS,0.7751,497.8,200.3,283.8,25.2,1920,1080,0.345,639.7,212.9
Round1,Q3,2945,1472.5,CRUSADER_CARAVANS,0.7722,1204.3,193.1,278.7,25.6,1920,1080,0.345,1343.6,206.0
Round1,Q3,2945,1472.5,CRUSADER_CARAVANS,0.7572,121.7,206.9,304.8,25.3,1920,1080,0.372,274.0,219.5
Round1,Q3,2945,1472.5,CRUSADER_CARAVANS,0.748,1561.8,189.5,299.3,25.9,1920,1080,0.374,1711.5,202.5
Round1,Q3,2945,1472.5,CRUSADER_CARAVANS,0.4445,0.1,210.1,51.1,30.9,1920,1080,0.076,25.7,225.6
Round1,Q3,2946,1473.0,CRUSADER_CARAVANS,0.8062,426.9,209.7,295.2,27.4,1920,1080,0.39,574.5,223.4
Round1,Q3,2946,1473.0,CRUSADER_CARAVANS,0.8013,28.2,216.5,324.8,26.7,1920,1080,0.418,190.6,229.9
Round1,Q3,2946,1473.0,CRUSADER_CARAVANS,0.7894,800.5,204.4,296.4,25.9,1920,1080,0.371,948.7,217.4
Round1,Q3,2946,1473.0,CRUSADER_CARAVANS,0.7718,1166.5,202.2,290.1,24.6,1920,1080,0.344,1311.6,214.5
Round1,Q3,2946,1473.0,CRUSADER_CARAVANS,0.7222,1538.1,198.9,317.1,27.4,1920,1080,0.419,1696.7,212.6
Round1,Q3,2946,1473.0,CRUSADER_CARAVANS,0.4231,0.0,218.1,27.9,32.3,1920,1080,0.043,13.9,234.3
Round1,Q3,2947,1473.5,CRUSADER_CARAVANS,0.8298,730.6,212.2,303.6,27.4,1920,1080,0.401,882.4,225.9
Round1,Q3,2947,1473.5,CRUSADER_CARAVANS,0.8071,340.5,218.2,312.0,26.8,1920,1080,0.404,496.5,231.6
Round1,Q3,2947,1473.5,CRUSADER_CARAVANS,0.7757,1109.3,208.5,299.2,27.3,1920,1080,0.394,1258.9,222.2
Round1,Q3,2947,1473.5,CRUSADER_CARAVANS,0.749,1489.7,205.9,322.5,27.7,1920,1080,0.431,1651.0,219.7
Round1,Q3,2947,1473.5,CRUSADER_CARAVANS,0.7178,0.0,223.0,259.2,28.4,1920,1080,0.355,129.6,237.2
Round1,Q3,2947,1473.5,CRUSADER_CARAVANS,0.3209,1897.4,208.2,22.6,28.1,1920,1080,0.031,1908.7,222.3
Round1,Q3,2949,1474.5,EMIRATES,0.8703,1660.4,277.8,78.9,22.9,1920,1080,0.087,1699.9,289.2
Round1,Q3,2949,1474.5,EMIRATES,0.87,333.5,419.4,61.9,23.2,1920,1080,0.069,364.4,431.0
Round1,Q3,2950,1475.0,EMIRATES,0.8729,470.5,387.2,69.2,22.9,1920,1080,0.076,505.1,398.6
Round1,Q3,2950,1475.0,EMIRATES,0.8548,917.1,470.6,42.3,51.7,1920,1080,0.106,938.3,496.5
Round1,Q3,2950,1475.0,EMIRATES,0.7602,570.6,11.6,41.4,34.3,1920,1080,0.068,591.3,28.7
Round1,Q3,2951,1475.5,EMIRATES,0.8836,477.5,263.8,59.9,25.7,1920,1080,0.074,507.5,276.7
Round1,Q3,2951,1475.5,EMIRATES,0.8667,730.7,0.9,55.1,19.5,1920,1080,0.052,758.3,10.7
Round1,Q3,2951,1475.5,EMIRATES,0.8459,1038.7,489.0,38.1,46.6,1920,1080,0.086,1057.8,512.3
Round1,Q3,2951,1475.5,EMIRATES,0.8352,17.4,873.7,75.6,23.6,1920,1080,0.086,55.2,885.5
Round1,Q3,2952,1476.0,EMIRATES,0.8884,0.0,389.3,62.5,23.3,1920,1080,0.07,31.3,401.0
Round1,Q3,2952,1476.0,EMIRATES,0.8851,500.0,161.4,49.7,31.7,1920,1080,0.076,524.9,177.3
Round1,Q3,2952,1476.0,EMIRATES,0.8754,1690.4,169.8,42.4,17.6,1920,1080,0.036,1711.5,178.6
Round1,Q3,2952,1476.0,EMIRATES,0.8696,287.9,742.1,62.1,26.3,1920,1080,0.079,319.0,755.3
Round1,Q3,2952,1476.0,EMIRATES,0.8615,1132.1,486.0,42.3,50.1,1920,1080,0.102,1153.2,511.0
Round1,Q3,2953,1476.5,EMIRATES,0.8999,496.8,676.9,56.8,31.8,1920,1080,0.087,525.2,692.8
Round1,Q3,2953,1476.5,EMIRATES,0.8911,491.3,166.8,58.8,36.3,1920,1080,0.103,520.7,184.9
Round1,Q3,2953,1476.5,EMIRATES,0.8881,170.0,336.2,56.5,25.3,1920,1080,0.069,198.2,348.9
Round1,Q3,2953,1476.5,EMIRATES,0.8777,1546.4,196.1,50.0,23.2,1920,1080,0.056,1571.4,207.7
Round1,Q3,2953,1476.5,EMIRATES,0.8317,1100.6,513.8,26.7,37.4,1920,1080,0.048,1114.0,532.5
Round1,Q3,2953,1476.5,EMIRATES,0.3079,871.8,0.0,43.6,6.2,1920,1080,0.013,893.6,3.1
Round1,Q3,2954,1477.0,EMIRATES,0.9062,461.0,223.0,43.1,28.7,1920,1080,0.06,482.6,237.3
Round1,Q3,2954,1477.0,EMIRATES,0.897,386.3,364.1,62.1,23.6,1920,1080,0.071,417.4,375.9
Round1,Q3,2954,1477.0,EMIRATES,0.8839,1412.1,305.6,41.3,18.3,1920,1080,0.036,1432.8,314.7
Round1,Q3,2954,1477.0,EMIRATES,0.8792,727.5,692.2,63.1,23.5,1920,1080,0.072,759.1,704.0
Round1,Q3,2954,1477.0,EMIRATES,0.5116,1159.2,619.2,21.9,58.4,1920,1080,0.062,1170.1,648.4
Round1,Q3,2955,1477.5,EMIRATES,0.7497,607.7,249.3,109.3,127.3,1920,1080,0.671,662.4,312.9
Round1,Q3,2956,1478.0,EMIRATES,0.8535,550.7,243.9,260.0,127.8,1920,1080,1.603,680.7,307.8
Round1,Q3,2957,1478.5,EMIRATES,0.593,637.1,198.9,170.4,56.7,1920,1080,0.466,722.3,227.3
Round1,Q3,2964,1482.0,EMIRATES,0.7855,96.6,0.0,129.7,21.5,1920,1080,0.134,161.4,10.7
Round1,Q3,2965,1482.5,EMIRATES,0.896,1811.9,91.2,92.8,48.7,1920,1080,0.218,1858.3,115.6
Round1,Q3,2965,1482.5,EMIRATES,0.8744,5.9,139.9,51.8,49.8,1920,1080,0.124,31.8,164.8
Round1,Q3,2966,1483.0,EMIRATES,0.8698,934.2,576.1,182.1,59.0,1920,1080,0.518,1025.3,605.6
Round1,Q3,2966,1483.0,EMIRATES,0.8041,1390.5,765.6,136.3,92.2,1920,1080,0.606,1458.7,811.7
Round1,Q3,2967,1483.5,EMIRATES,0.883,1021.9,592.9,189.6,70.1,1920,1080,0.641,1116.7,628.0
Round1,Q3,2968,1484.0,EMIRATES,0.8838,1132.9,524.9,180.4,61.9,1920,1080,0.539,1223.1,555.8
Round1,Q3,2968,1484.0,EMIRATES,0.8214,493.5,925.8,79.4,63.8,1920,1080,0.244,533.2,957.7
Round1,Q3,2969,1484.5,EMIRATES,0.8821,1162.7,594.0,165.0,72.1,1920,1080,0.573,1245.2,630.0
Round1,Q3,2970,1485.0,CRUSADER_CARAVANS,0.8368,1637.4,280.8,281.3,33.4,1920,1080,0.453,1778.1,297.5
Round1,Q3,2970,1485.0,CRUSADER_CARAVANS,0.8295,322.7,286.4,348.7,35.1,1920,1080,0.59,497.1,304.0
Round1,Q3,2970,1485.0,CRUSADER_CARAVANS,0.8267,1199.9,278.3,347.8,36.1,1920,1080,0.606,1373.8,296.3
Round1,Q3,2970,1485.0,CRUSADER_CARAVANS,0.81,762.7,284.3,347.0,31.8,1920,1080,0.531,936.2,300.2
Round1,Q3,2970,1485.0,CRUSADER_CARAVANS,0.7204,0.7,294.3,220.9,33.0,1920,1080,0.352,111.2,310.8
Round1,Q3,2971,1485.5,CRUSADER_CARAVANS,0.8179,3.6,293.7,197.6,35.7,1920,1080,0.34,102.4,311.6
Round1,Q3,2971,1485.5,CRUSADER_CARAVANS,0.8162,1648.7,282.2,271.3,34.3,1920,1080,0.449,1784.3,299.3
Round1,Q3,2971,1485.5,CRUSADER_CARAVANS,0.8149,753.3,284.1,354.9,35.4,1920,1080,0.605,930.8,301.8
Round1,Q3,2971,1485.5,CRUSADER_CARAVANS,0.7307,295.7,288.0,367.3,36.4,1920,1080,0.645,479.3,306.2
Round1,Q3,2971,1485.5,CRUSADER_CARAVANS,0.6337,1192.7,280.5,362.8,36.8,1920,1080,0.644,1374.1,298.9
Round1,Q3,2972,1486.0,CRUSADER_CARAVANS,0.8472,749.1,276.5,367.4,37.0,1920,1080,0.655,932.8,294.9
Round1,Q3,2972,1486.0,CRUSADER_CARAVANS,0.8167,1669.5,274.3,250.5,35.7,1920,1080,0.431,1794.7,292.1
Round1,Q3,2972,1486.0,CRUSADER_CARAVANS,0.8042,280.8,284.2,383.8,32.7,1920,1080,0.606,472.8,300.5
Round1,Q3,2972,1486.0,CRUSADER_CARAVANS,0.7603,1202.5,275.3,382.5,35.1,1920,1080,0.648,1393.8,292.9
Round1,Q3,2972,1486.0,CRUSADER_CARAVANS,0.7106,0.5,290.4,181.0,33.4,1920,1080,0.291,91.0,307.0
Round1,Q3,2973,1486.5,CRUSADER_CARAVANS,0.8243,274.5,276.5,386.9,34.2,1920,1080,0.638,467.9,293.6
Round1,Q3,2973,1486.5,CRUSADER_CARAVANS,0.8209,756.7,271.0,369.9,35.3,1920,1080,0.63,941.6,288.6
Round1,Q3,2973,1486.5,CRUSADER_CARAVANS,0.8029,1223.5,267.8,378.3,33.5,1920,1080,0.611,1412.7,284.6
Round1,Q3,2973,1486.5,CRUSADER_CARAVANS,0.6917,0.0,282.5,173.6,34.2,1920,1080,0.286,86.8,299.6
Round1,Q3,2973,1486.5,CRUSADER_CARAVANS,0.5645,1706.3,267.1,213.4,38.4,1920,1080,0.395,1813.0,286.3
Round1,Q3,2974,1487.0,CRUSADER_CARAVANS,0.8154,257.8,264.9,400.8,34.8,1920,1080,0.672,458.2,282.3
Round1,Q3,2974,1487.0,CRUSADER_CARAVANS,0.7998,752.2,261.4,388.3,33.9,1920,1080,0.635,946.3,278.3
Round1,Q3,2974,1487.0,CRUSADER_CARAVANS,0.7764,1730.6,258.6,189.4,32.3,1920,1080,0.295,1825.3,274.8
Round1,Q3,2974,1487.0,CRUSADER_CARAVANS,0.7509,1239.2,256.7,386.4,35.7,1920,1080,0.665,1432.4,274.5
Round1,Q3,2974,1487.0,CRUSADER_CARAVANS,0.6864,0.0,271.1,152.4,34.9,1920,1080,0.257,76.2,288.6
Round1,Q3,2975,1487.5,EMIRATES,0.8857,1326.4,273.0,40.8,17.6,1920,1080,0.035,1346.8,281.8
Round1,Q3,2975,1487.5,EMIRATES,0.8809,385.3,508.6,37.6,21.5,1920,1080,0.039,404.1,519.3
Round1,Q3,2976,1488.0,EMIRATES,0.8714,759.3,579.1,56.4,21.9,1920,1080,0.06,787.5,590.0
Round1,Q3,2977,1488.5,EMIRATES,0.6387,1084.8,505.0,28.3,15.6,1920,1080,0.021,1098.9,512.8
Round1,Q3,2977,1488.5,EMIRATES,0.5994,967.2,682.8,58.9,17.0,1920,1080,0.048,996.7,691.3
Round1,Q3,2978,1489.0,EMIRATES,0.87,1365.1,619.8,67.2,18.5,1920,1080,0.06,1398.7,629.1
Round1,Q3,2979,1489.5,EMIRATES,0.8595,1475.8,722.1,63.8,24.2,1920,1080,0.074,1507.7,734.2
Round1,Q3,2979,1489.5,EMIRATES,0.7383,1062.4,339.0,56.1,21.6,1920,1080,0.058,1090.5,349.8
Round1,Q3,2980,1490.0,EMIRATES,0.8192,1403.5,424.1,63.7,19.7,1920,1080,0.06,1435.3,433.9
Round1,Q3,2980,1490.0,EMIRATES,0.8102,1881.4,907.7,38.6,28.8,1920,1080,0.054,1900.7,922.0
Round1,Q3,2980,1490.0,EMIRATES,0.7682,1022.4,413.9,62.9,21.0,1920,1080,0.064,1053.8,424.4
Round1,Q3,2981,1490.5,EMIRATES,0.7627,1072.4,408.8,33.3,36.2,1920,1080,0.058,1089.0,426.9
Round1,Q3,2982,1491.0,EMIRATES,0.8017,1280.0,879.3,79.3,22.7,1920,1080,0.087,1319.6,890.6
Round1,Q3,2995,1497.5,EMIRATES,0.8261,874.6,531.9,38.9,24.3,1920,1080,0.046,894.1,544.0
Round1,Q3,2996,1498.0,EMIRATES,0.7587,1418.4,323.2,33.9,18.3,1920,1080,0.03,1435.3,332.4
Round1,Q3,2996,1498.0,EMIRATES,0.7525,1565.5,374.8,44.9,16.7,1920,1080,0.036,1588.0,383.1
Round1,Q3,2997,1498.5,EMIRATES,0.8741,1741.4,369.3,60.5,17.1,1920,1080,0.05,1771.6,377.8
Round1,Q3,3000,1500.0,EMIRATES,0.5495,1412.8,399.2,33.3,18.2,1920,1080,0.029,1429.4,408.3
Round1,Q3,3001,1500.5,EMIRATES,0.8754,1044.6,440.0,52.4,18.1,1920,1080,0.046,1070.8,449.1
Round1,Q3,3001,1500.5,EMIRATES,0.8415,1630.7,505.6,59.7,18.3,1920,1080,0.053,1660.6,514.8
Round1,Q3,3002,1501.0,EMIRATES,0.8508,1252.5,278.4,63.2,23.2,1920,1080,0.071,1284.1,290.0
Round1,Q3,3007,1503.5,EMIRATES,0.567,1691.3,558.4,44.0,21.7,1920,1080,0.046,1713.3,569.3
Round1,Q3,3007,1503.5,EMIRATES,0.5354,1295.5,414.7,41.7,22.9,1920,1080,0.046,1316.4,426.1
Round1,Q3,3008,1504.0,EMIRATES,0.8701,1307.8,637.9,63.3,24.4,1920,1080,0.075,1339.5,650.1
Round1,Q3,3008,1504.0,EMIRATES,0.7019,1162.5,464.6,28.8,15.7,1920,1080,0.022,1176.9,472.4
Round1,Q3,3010,1505.0,EMIRATES,0.8764,998.8,390.5,33.2,16.5,1920,1080,0.026,1015.4,398.8
Round1,Q3,3010,1505.0,EMIRATES,0.5686,1200.3,686.5,26.0,18.6,1920,1080,0.023,1213.3,695.8
Round1,Q3,3011,1505.5,EMIRATES,0.8965,996.3,368.5,49.7,18.2,1920,1080,0.044,1021.2,377.5
Round1,Q3,3011,1505.5,EMIRATES,0.6585,1417.9,670.0,30.4,19.7,1920,1080,0.029,1433.0,679.9
Round1,Q3,3012,1506.0,EMIRATES,0.896,1616.1,678.0,59.0,21.4,1920,1080,0.061,1645.6,688.7
Round1,Q3,3012,1506.0,EMIRATES,0.8836,1009.4,363.2,54.3,19.6,1920,1080,0.051,1036.5,373.1
Round1,Q3,3014,1507.0,EMIRATES,0.7559,1306.0,932.1,91.1,49.2,1920,1080,0.216,1351.5,956.7
Round1,Q3,3023,1511.5,EMIRATES,0.8886,922.5,565.4,158.2,52.0,1920,1080,0.397,1001.6,591.4
Round1,Q3,3024,1512.0,EMIRATES,0.9027,1033.9,525.4,159.9,51.0,1920,1080,0.394,1113.8,550.9
Round1,Q3,3025,1512.5,EMIRATES,0.9035,948.7,461.3,158.7,47.9,1920,1080,0.367,1028.0,485.3
Round1,Q3,3026,1513.0,EMIRATES,0.8941,995.4,514.9,158.1,51.3,1920,1080,0.391,1074.5,540.5
Round1,Q3,3027,1513.5,EMIRATES,0.8943,995.7,541.0,134.9,48.2,1920,1080,0.314,1063.1,565.1
Round1,Q3,3028,1514.0,EMIRATES,0.9116,1012.4,474.9,142.7,50.2,1920,1080,0.346,1083.8,500.0
Round1,Q3,3029,1514.5,EMIRATES,0.8937,1043.0,464.2,144.7,58.6,1920,1080,0.409,1115.3,493.5
Round1,Q3,3030,1515.0,EMIRATES,0.8882,982.7,494.6,145.6,45.9,1920,1080,0.322,1055.5,517.6
Round1,Q3,3031,1515.5,EMIRATES,0.914,950.7,480.8,144.9,52.0,1920,1080,0.363,1023.1,506.8
Round1,Q3,3032,1516.0,EMIRATES,0.9065,975.7,502.2,151.0,47.6,1920,1080,0.347,1051.2,526.0
Round1,Q3,3033,1516.5,EMIRATES,0.8891,878.9,521.0,159.7,47.7,1920,1080,0.367,958.8,544.8
Round1,Q3,3034,1517.0,EMIRATES,0.8976,883.2,497.3,160.6,47.6,1920,1080,0.368,963.5,521.1
Round1,Q3,3035,1517.5,EMIRATES,0.9017,971.1,476.2,160.5,46.9,1920,1080,0.363,1051.3,499.7
Round1,Q3,3036,1518.0,EMIRATES,0.9073,963.0,520.1,158.8,45.9,1920,1080,0.351,1042.4,543.0
Round1,Q3,3037,1518.5,EMIRATES,0.8836,975.1,516.0,160.6,55.2,1920,1080,0.427,1055.4,543.6
Round1,Q3,3038,1519.0,EMIRATES,0.9018,976.0,539.2,156.2,46.5,1920,1080,0.35,1054.1,562.5
Round1,Q3,3039,1519.5,EMIRATES,0.9016,952.0,509.2,155.6,46.9,1920,1080,0.352,1029.8,532.7
Round1,Q3,3040,1520.0,EMIRATES,0.9125,1001.6,535.9,148.0,49.5,1920,1080,0.353,1075.6,560.6
Round1,Q3,3053,1526.5,EMIRATES,0.9142,916.3,454.8,140.1,45.3,1920,1080,0.306,986.4,477.4
Round1,Q3,3054,1527.0,EMIRATES,0.9186,904.5,462.0,143.9,46.6,1920,1080,0.323,976.4,485.3
Round1,Q3,3055,1527.5,EMIRATES,0.91,838.3,504.5,140.4,47.3,1920,1080,0.32,908.6,528.2
Round1,Q3,3056,1528.0,EMIRATES,0.9058,956.8,518.1,151.2,51.1,1920,1080,0.373,1032.4,543.6
Round1,Q3,3057,1528.5,EMIRATES,0.9012,1025.9,524.6,152.2,52.0,1920,1080,0.381,1102.0,550.5
Round1,Q3,3058,1529.0,EMIRATES,0.9113,974.1,546.3,149.1,53.1,1920,1080,0.382,1048.6,572.9
Round1,Q3,3059,1529.5,EMIRATES,0.8941,963.2,571.8,128.0,53.8,1920,1080,0.332,1027.2,598.7
Round1,Q3,3060,1530.0,EMIRATES,0.8476,886.7,675.3,90.6,59.3,1920,1080,0.259,932.0,705.0
Round1,Q3,3067,1533.5,EMIRATES,0.8269,1147.5,736.4,54.3,28.8,1920,1080,0.075,1174.7,750.8
Round1,Q3,3069,1534.5,EMIRATES,0.879,472.8,855.0,62.6,19.3,1920,1080,0.058,504.1,864.6
Round1,Q3,3069,1534.5,EMIRATES,0.8684,1394.5,634.4,51.7,15.6,1920,1080,0.039,1420.4,642.1
Round1,Q3,3069,1534.5,EMIRATES,0.7973,1778.0,470.8,50.9,13.1,1920,1080,0.032,1803.4,477.4
Round1,Q3,3070,1535.0,EMIRATES,0.8915,0.1,848.6,39.3,19.3,1920,1080,0.037,19.7,858.3
Round1,Q3,3070,1535.0,EMIRATES,0.7957,1445.8,516.9,55.7,16.3,1920,1080,0.044,1473.6,525.1
Round1,Q3,3071,1535.5,EMIRATES,0.8528,1170.7,442.7,60.4,16.2,1920,1080,0.047,1200.9,450.7
Round1,Q3,3071,1535.5,EMIRATES,0.7171,170.6,561.6,50.5,22.2,1920,1080,0.054,195.9,572.7
Round1,Q3,3072,1536.0,EMIRATES,0.8762,129.5,447.5,55.8,20.4,1920,1080,0.055,157.4,457.7
Round1,Q3,3072,1536.0,EMIRATES,0.8652,993.8,389.9,56.7,17.6,1920,1080,0.048,1022.2,398.7
Round1,Q3,3072,1536.0,EMIRATES,0.8618,1038.0,531.8,56.2,18.8,1920,1080,0.051,1066.1,541.2
Round1,Q3,3073,1536.5,EMIRATES,0.8782,1102.3,405.4,45.0,28.9,1920,1080,0.063,1124.9,419.9
Round1,Q3,3073,1536.5,EMIRATES,0.8716,290.1,446.6,57.4,17.4,1920,1080,0.048,318.8,455.3
Round1,Q3,3073,1536.5,EMIRATES,0.8471,1309.8,556.7,61.7,20.3,1920,1080,0.06,1340.6,566.9
Round1,Q3,3077,1538.5,EMIRATES,0.5848,147.8,397.9,81.0,33.0,1920,1080,0.129,188.3,414.4
Round1,Q3,3077,1538.5,EMIRATES,0.5572,782.5,715.9,39.8,40.4,1920,1080,0.077,802.4,736.0
Round1,Q3,3079,1539.5,EMIRATES,0.3495,916.4,851.9,26.6,26.2,1920,1080,0.034,929.7,865.0
Round1,Q3,3080,1540.0,EMIRATES,0.8448,303.0,943.6,59.8,19.1,1920,1080,0.055,333.0,953.2
Round1,Q3,3080,1540.0,EMIRATES,0.8106,1369.3,705.8,56.2,18.6,1920,1080,0.05,1397.4,715.1
Round1,Q3,3080,1540.0,EMIRATES,0.467,897.6,749.7,33.7,19.0,1920,1080,0.031,914.4,759.2
Round1,Q3,3081,1540.5,EMIRATES,0.8485,61.8,857.4,43.1,19.6,1920,1080,0.041,83.3,867.2
Round1,Q3,3085,1542.5,EMIRATES,0.8563,1207.0,416.9,60.9,48.1,1920,1080,0.141,1237.4,441.0
Round1,Q3,3086,1543.0,EMIRATES,0.8578,579.2,188.0,179.2,68.4,1920,1080,0.591,668.8,222.2
Round1,Q3,3086,1543.0,EMIRATES,0.4234,1376.6,441.3,51.5,78.7,1920,1080,0.195,1402.4,480.6
Round1,Q3,3087,1543.5,EMIRATES,0.8985,364.8,939.5,68.4,27.0,1920,1080,0.089,399.0,953.0
Round1,Q3,3087,1543.5,EMIRATES,0.8609,1199.5,425.6,71.0,47.7,1920,1080,0.163,1234.9,449.4
Round1,Q3,3087,1543.5,EMIRATES,0.8409,1192.6,500.2,90.9,62.8,1920,1080,0.275,1238.0,531.6
Round1,Q3,3088,1544.0,EMIRATES,0.9014,364.6,939.2,68.8,27.3,1920,1080,0.091,399.0,952.9
Round1,Q3,3088,1544.0,EMIRATES,0.8828,1108.6,412.1,160.8,47.4,1920,1080,0.367,1189.0,435.8
Round1,Q3,3089,1544.5,EMIRATES,0.9021,364.5,939.2,69.1,27.3,1920,1080,0.091,399.0,952.9
Round1,Q3,3089,1544.5,EMIRATES,0.8913,1614.6,348.6,173.7,45.6,1920,1080,0.382,1701.5,371.4
Round1,Q3,3089,1544.5,EMIRATES,0.8726,1253.9,448.5,62.4,48.5,1920,1080,0.146,1285.1,472.8
Round1,Q3,3090,1545.0,EMIRATES,0.9015,364.5,939.1,69.0,27.4,1920,1080,0.091,399.0,952.9
Round1,Q3,3090,1545.0,EMIRATES,0.656,1538.6,268.3,51.4,54.8,1920,1080,0.136,1564.3,295.7
Round1,Q3,3090,1545.0,EMIRATES,0.5167,1904.4,355.6,15.6,54.3,1920,1080,0.041,1912.2,382.7
Round1,Q3,3091,1545.5,EMIRATES,0.9009,364.5,939.3,69.2,27.3,1920,1080,0.091,399.1,952.9
Round1,Q3,3091,1545.5,EMIRATES,0.8691,1350.0,441.3,56.7,54.6,1920,1080,0.149,1378.3,468.7
Round1,Q3,3091,1545.5,EMIRATES,0.8685,1222.4,459.8,58.9,55.9,1920,1080,0.159,1251.9,487.8
Round1,Q3,3092,1546.0,EMIRATES,0.8976,364.7,939.3,69.2,27.2,1920,1080,0.091,399.3,952.9
Round1,Q3,3092,1546.0,EMIRATES,0.5705,926.4,837.4,57.1,25.8,1920,1080,0.071,955.0,850.3
Round1,Q3,3092,1546.0,EMIRATES,0.3519,1412.0,742.0,51.6,39.1,1920,1080,0.097,1437.8,761.5
Round1,Q3,3093,1546.5,EMIRATES,0.8969,364.3,939.4,70.0,27.2,1920,1080,0.092,399.3,953.0
Round1,Q3,3093,1546.5,EMIRATES,0.4566,941.8,845.5,54.5,23.3,1920,1080,0.061,969.1,857.2
Round1,Q3,3094,1547.0,EMIRATES,0.8974,364.8,939.7,69.5,26.9,1920,1080,0.09,399.6,953.1
Round1,Q3,3095,1547.5,EMIRATES,0.6703,1850.0,563.8,69.4,398.3,1920,1080,1.333,1884.7,762.9
Round1,Q3,3096,1548.0,EMIRATES,0.7374,1627.0,551.8,76.0,338.6,1920,1080,1.241,1665.1,721.1
Round1,Q3,3096,1548.0,EMIRATES,0.6988,0.0,571.8,73.4,326.7,1920,1080,1.156,36.7,735.2
Round1,Q3,3097,1548.5,EMIRATES,0.8469,1030.3,541.8,133.4,76.4,1920,1080,0.491,1097.0,580.0
Round1,Q3,3098,1549.0,EMIRATES,0.8729,1137.4,254.2,120.6,56.2,1920,1080,0.327,1197.7,282.3
Round1,Q3,3098,1549.0,EMIRATES,0.8727,200.3,405.5,94.3,50.6,1920,1080,0.23,247.5,430.8
Round1,Q3,3099,1549.5,EMIRATES,0.8608,469.3,300.1,129.9,63.4,1920,1080,0.397,534.3,331.8
Round1,Q3,3099,1549.5,EMIRATES,0.7575,900.8,471.8,40.4,53.6,1920,1080,0.104,921.0,498.6
Round1,Q3,3100,1550.0,EMIRATES,0.8108,0.0,300.1,52.7,67.9,1920,1080,0.173,26.4,334.1
Round1,Q3,3100,1550.0,EMIRATES,0.5348,1225.8,455.8,49.2,51.6,1920,1080,0.122,1250.4,481.5
Round1,Q3,3101,1550.5,EMIRATES,0.6784,1423.2,522.5,47.1,72.3,1920,1080,0.164,1446.8,558.6
Round1,Q3,3102,1551.0,EMIRATES,0.8924,1445.0,319.2,134.5,55.7,1920,1080,0.361,1512.2,347.1
Round1,Q3,3103,1551.5,EMIRATES,0.8639,1463.8,333.6,80.5,56.2,1920,1080,0.218,1504.0,361.7
Round1,Q3,3104,1552.0,EMIRATES,0.8607,1407.0,310.7,101.0,77.8,1920,1080,0.379,1457.5,349.6
Round1,Q3,3105,1552.5,EMIRATES,0.8345,1378.4,315.9,62.1,53.2,1920,1080,0.159,1409.4,342.5
Round1,Q3,3105,1552.5,EMIRATES,0.5929,1208.4,477.1,25.3,48.1,1920,1080,0.059,1221.1,501.2
Round1,Q3,3106,1553.0,EMIRATES,0.8605,1302.3,304.5,92.0,63.2,1920,1080,0.28,1348.3,336.1
Round1,Q3,3109,1554.5,EMIRATES,0.8618,614.4,507.2,60.1,19.3,1920,1080,0.056,644.5,516.8
Round1,Q3,3115,1557.5,EMIRATES,0.8104,1017.6,235.5,46.5,34.5,1920,1080,0.077,1040.8,252.7
Round1,Q3,3116,1558.0,EMIRATES,0.8401,1150.2,262.8,28.9,21.9,1920,1080,0.031,1164.7,273.7
Round1,Q3,3117,1558.5,EMIRATES,0.664,1076.4,310.4,26.5,27.4,1920,1080,0.035,1089.6,324.1
Round1,Q3,3118,1559.0,EMIRATES,0.8762,1046.0,376.7,55.8,36.8,1920,1080,0.099,1073.9,395.0
Round1,Q3,3119,1559.5,EMIRATES,0.89,1440.8,377.3,67.5,27.5,1920,1080,0.089,1474.5,391.0
Round1,Q3,3123,1561.5,EMIRATES,0.8853,536.7,105.4,50.4,22.4,1920,1080,0.054,561.9,116.6
Round1,Q3,3124,1562.0,EMIRATES,0.8211,832.9,558.3,37.1,30.4,1920,1080,0.054,851.4,573.5
Round1,Q3,3125,1562.5,EMIRATES,0.7906,1469.4,395.5,54.3,18.1,1920,1080,0.048,1496.5,404.6
Round1,Q3,3125,1562.5,EMIRATES,0.4393,1413.5,329.5,24.9,16.4,1920,1080,0.02,1426.0,337.7
Round1,Q3,3126,1563.0,EMIRATES,0.8318,1766.0,356.3,67.8,16.2,1920,1080,0.053,1799.9,364.4
Round1,Q3,3126,1563.0,EMIRATES,0.4023,1068.2,479.1,43.4,15.2,1920,1080,0.032,1089.9,486.7
Round1,Q3,3127,1563.5,JAMESON,0.7166,1474.9,87.0,32.1,8.3,1920,1080,0.013,1491.0,91.1
Round1,Q3,3127,1563.5,JAMESON,0.6732,1398.1,88.2,31.4,7.9,1920,1080,0.012,1413.8,92.1
Round1,Q3,3127,1563.5,JAMESON,0.6058,1434.1,88.1,35.7,8.2,1920,1080,0.014,1452.0,92.2
Round1,Q3,3128,1564.0,JAMESON,0.6465,1431.0,90.9,34.4,8.2,1920,1080,0.014,1448.2,95.0
Round1,Q3,3128,1564.0,JAMESON,0.6186,1394.0,91.3,31.6,7.9,1920,1080,0.012,1409.8,95.3
Round1,Q3,3128,1564.0,JAMESON,0.6022,1470.2,90.7,31.5,8.3,1920,1080,0.013,1486.0,94.8
Round1,Q3,3129,1564.5,JAMESON,0.7103,1388.4,94.4,33.1,7.8,1920,1080,0.013,1405.0,98.3
Round1,Q3,3129,1564.5,JAMESON,0.6135,1426.1,94.4,34.0,7.6,1920,1080,0.013,1443.1,98.2
Round1,Q3,3129,1564.5,JAMESON,0.5429,1467.2,94.1,31.6,8.2,1920,1080,0.012,1483.0,98.2
Round1,Q3,3130,1565.0,JAMESON,0.7143,1394.6,94.2,33.1,8.1,1920,1080,0.013,1411.2,98.3
Round1,Q3,3130,1565.0,JAMESON,0.6771,1433.2,93.7,33.9,8.0,1920,1080,0.013,1450.2,97.7
Round1,Q3,3130,1565.0,JAMESON,0.6539,1473.5,92.9,33.5,8.2,1920,1080,0.013,1490.2,97.0
Round1,Q3,3131,1565.5,JAMESON,0.7412,1484.5,105.9,33.2,8.3,1920,1080,0.013,1501.2,110.1
Round1,Q3,3131,1565.5,JAMESON,0.7368,1442.8,106.5,35.5,8.1,1920,1080,0.014,1460.5,110.5
Round1,Q3,3131,1565.5,JAMESON,0.727,1405.5,107.7,30.3,7.5,1920,1080,0.011,1420.6,111.4
Round1,Q3,3132,1566.0,JAMESON,0.707,1471.9,117.0,34.7,7.8,1920,1080,0.013,1489.3,120.9
Round1,Q3,3132,1566.0,JAMESON,0.6815,1432.0,117.2,34.4,7.7,1920,1080,0.013,1449.2,121.0
Round1,Q3,3132,1566.0,JAMESON,0.6677,1393.7,117.4,32.5,8.6,1920,1080,0.014,1409.9,121.7
Round1,Q3,3133,1566.5,JAMESON,0.6814,1442.6,101.8,34.7,8.8,1920,1080,0.015,1459.9,106.1
Round1,Q3,3133,1566.5,JAMESON,0.641,1401.1,101.8,37.7,9.3,1920,1080,0.017,1419.9,106.5
Round1,Q3,3133,1566.5,JAMESON,0.5779,1362.7,102.0,32.9,9.1,1920,1080,0.014,1379.2,106.5
Round1,Q3,3134,1567.0,JAMESON,0.6927,1472.9,25.9,37.7,10.6,1920,1080,0.019,1491.8,31.2
Round1,Q3,3134,1567.0,JAMESON,0.6007,1382.7,28.2,37.1,9.6,1920,1080,0.017,1401.2,33.0
Round1,Q3,3134,1567.0,JAMESON,0.3411,1426.1,26.9,41.0,11.2,1920,1080,0.022,1446.6,32.6
Round1,Q3,3137,1568.5,EMIRATES,0.4371,321.8,756.0,18.9,8.7,1920,1080,0.008,331.3,760.4
Round1,Q3,3142,1571.0,EMIRATES,0.3329,188.6,497.9,29.8,13.8,1920,1080,0.02,203.5,504.8
Round1,Q3,3146,1573.0,ACCESS_COVERS,0.3629,112.2,185.9,91.1,17.3,1920,1080,0.076,157.8,194.6
Round1,Q3,3147,1573.5,EMIRATES,0.6802,1533.9,492.0,38.1,15.6,1920,1080,0.029,1552.9,499.9
Round1,Q3,3149,1574.5,EMIRATES,0.8664,1791.3,972.8,54.0,25.5,1920,1080,0.066,1818.3,985.5
Round1,Q3,3149,1574.5,EMIRATES,0.402,250.4,392.0,35.3,23.4,1920,1080,0.04,268.0,403.7
Round1,Q3,3150,1575.0,EMIRATES,0.8856,1279.2,993.3,98.5,28.6,1920,1080,0.136,1328.5,1007.6
Round1,Q3,3150,1575.0,EMIRATES,0.8549,883.2,369.1,25.1,48.1,1920,1080,0.058,895.7,393.1
Round1,Q3,3151,1575.5,EMIRATES,0.8923,499.4,880.2,112.9,25.8,1920,1080,0.141,555.9,893.1
Round1,Q3,3151,1575.5,EMIRATES,0.8815,1048.3,271.7,67.6,27.8,1920,1080,0.091,1082.1,285.6
Round1,Q3,3153,1576.5,EMIRATES,0.3265,1837.7,312.5,49.8,18.7,1920,1080,0.045,1862.6,321.8
Round1,Q3,3159,1579.5,EMIRATES,0.8778,442.7,625.0,64.7,25.7,1920,1080,0.08,475.1,637.8
Round1,Q3,3160,1580.0,EMIRATES,0.89,406.9,607.7,50.2,29.8,1920,1080,0.072,432.0,622.6
Round1,Q3,3160,1580.0,EMIRATES,0.7288,1214.0,625.7,41.5,40.1,1920,1080,0.08,1234.7,645.7
Round1,Q3,3161,1580.5,EMIRATES,0.7179,340.2,612.2,53.6,30.4,1920,1080,0.079,367.0,627.4
Round1,Q3,3162,1581.0,EMIRATES,0.8664,633.0,594.1,58.9,28.4,1920,1080,0.08,662.5,608.3
Round1,Q3,3163,1581.5,EMIRATES,0.8779,555.0,576.7,84.9,24.8,1920,1080,0.102,597.5,589.1
Round1,Q3,3164,1582.0,EMIRATES,0.8725,489.7,564.9,84.7,24.6,1920,1080,0.101,532.1,577.2
Round1,Q3,3165,1582.5,EMIRATES,0.8542,373.6,588.0,83.9,24.3,1920,1080,0.098,415.6,600.2
Round1,Q3,3166,1583.0,EMIRATES,0.886,197.9,580.9,68.9,24.1,1920,1080,0.08,232.4,593.0
Round1,Q3,3166,1583.0,EMIRATES,0.8801,1097.7,624.6,69.1,48.3,1920,1080,0.161,1132.2,648.8
Round1,Q3,3167,1583.5,EMIRATES,0.8626,1051.7,584.4,75.1,35.8,1920,1080,0.13,1089.2,602.3
Round1,Q3,3167,1583.5,EMIRATES,0.8514,82.5,570.6,66.4,34.4,1920,1080,0.11,115.7,587.8
Round1,Q3,3167,1583.5,EMIRATES,0.7671,599.2,608.6,43.5,29.4,1920,1080,0.062,620.9,623.3
Round1,Q3,3168,1584.0,EMIRATES,0.8954,1011.4,632.3,56.1,40.0,1920,1080,0.108,1039.4,652.3
Round1,Q3,3168,1584.0,EMIRATES,0.8756,352.6,628.0,50.9,33.6,1920,1080,0.083,378.0,644.9
Round1,Q3,3171,1585.5,EMIRATES,0.7269,1891.5,489.9,28.3,33.7,1920,1080,0.046,1905.7,506.8
Round1,Q3,3172,1586.0,EMIRATES,0.8673,1641.3,417.4,107.4,32.2,1920,1080,0.167,1695.0,433.5
Round1,Q3,3172,1586.0,EMIRATES,0.7953,1154.3,540.9,42.7,26.4,1920,1080,0.054,1175.6,554.1
Round1,Q3,3173,1586.5,EMIRATES,0.8832,1351.4,416.2,108.5,29.0,1920,1080,0.152,1405.7,430.7
Round1,Q3,3173,1586.5,EMIRATES,0.7294,1107.0,549.5,34.2,30.6,1920,1080,0.051,1124.1,564.8
Round1,Q3,3174,1587.0,EMIRATES,0.8964,1107.5,314.8,95.6,48.7,1920,1080,0.225,1155.3,339.2
Round1,Q3,3175,1587.5,EMIRATES,0.8871,925.5,342.9,115.8,47.1,1920,1080,0.263,983.4,366.4
Round1,Q3,3176,1588.0,EMIRATES,0.8978,749.7,336.2,113.4,44.9,1920,1080,0.246,806.4,358.6
Round1,Q3,3177,1588.5,EMIRATES,0.8966,596.6,298.4,88.5,54.1,1920,1080,0.231,640.9,325.4
Round1,Q3,3179,1589.5,ACCESS_COVERS,0.7017,1495.5,273.9,68.5,17.7,1920,1080,0.059,1529.7,282.8
Round1,Q3,3180,1590.0,ACCESS_COVERS,0.7631,1512.9,265.9,70.6,18.6,1920,1080,0.063,1548.2,275.2
Round1,Q3,3181,1590.5,ACCESS_COVERS,0.7447,1531.1,256.5,70.0,18.4,1920,1080,0.062,1566.1,265.7
Round1,Q3,3182,1591.0,ACCESS_COVERS,0.757,1555.5,243.6,76.6,18.6,1920,1080,0.069,1593.8,252.9
Round1,Q3,3183,1591.5,ACCESS_COVERS,0.7418,1608.8,216.9,83.4,21.2,1920,1080,0.085,1650.5,227.5
Round1,Q3,3184,1592.0,ACCESS_COVERS,0.7699,1686.8,173.8,96.7,25.0,1920,1080,0.116,1735.1,186.3
Round1,Q3,3185,1592.5,ACCESS_COVERS,0.7994,1770.7,126.2,111.6,29.2,1920,1080,0.157,1826.5,140.8
Round1,Q3,3186,1593.0,ACCESS_COVERS,0.7876,1839.3,76.3,80.6,31.0,1920,1080,0.12,1879.6,91.7
Round1,Q3,3201,1600.5,EMIRATES,0.8622,1387.1,795.1,52.8,15.6,1920,1080,0.04,1413.5,802.9
Round1,Q3,3201,1600.5,EMIRATES,0.8185,1352.8,532.0,58.5,19.2,1920,1080,0.054,1382.0,541.6
Round1,Q3,3201,1600.5,EMIRATES,0.8049,1289.9,450.4,48.2,16.8,1920,1080,0.039,1313.9,458.8
Round1,Q3,3202,1601.0,EMIRATES,0.8785,1396.4,532.8,56.1,16.1,1920,1080,0.043,1424.5,540.8
Round1,Q3,3202,1601.0,EMIRATES,0.8561,1431.3,929.7,56.8,31.0,1920,1080,0.085,1459.7,945.2
Round1,Q3,3202,1601.0,EMIRATES,0.8316,1421.9,238.2,49.9,17.3,1920,1080,0.042,1446.8,246.9
Round1,Q3,3202,1601.0,EMIRATES,0.8067,1020.0,465.2,50.2,14.8,1920,1080,0.036,1045.1,472.6
Round1,Q3,3203,1601.5,EMIRATES,0.8989,1379.1,585.4,52.4,24.5,1920,1080,0.062,1405.2,597.7
Round1,Q3,3203,1601.5,EMIRATES,0.8551,880.2,453.3,52.6,17.4,1920,1080,0.044,906.6,461.9
Round1,Q3,3205,1602.5,CRUSADER_CARAVANS,0.587,1830.4,69.0,89.6,43.0,1920,1080,0.186,1875.2,90.5
Round1,Q3,3210,1605.0,EMIRATES,0.6229,429.5,151.3,27.7,15.3,1920,1080,0.02,443.4,159.0
Round1,Q3,3210,1605.0,EMIRATES,0.5801,48.1,514.6,28.7,34.7,1920,1080,0.048,62.5,531.9
Round1,Q3,3211,1605.5,EMIRATES,0.7726,413.0,634.5,87.8,58.2,1920,1080,0.247,457.0,663.6
Round1,Q3,3212,1606.0,EMIRATES,0.8623,1131.1,482.7,66.1,27.1,1920,1080,0.086,1164.2,496.2
Round1,Q3,3212,1606.0,EMIRATES,0.8452,807.6,328.9,43.6,21.5,1920,1080,0.045,829.4,339.7
Round1,Q3,3212,1606.0,EMIRATES,0.6792,1150.3,855.5,73.4,28.6,1920,1080,0.101,1187.0,869.8
Round1,Q3,3214,1607.0,ACCESS_COVERS,0.733,661.3,0.5,183.3,38.1,1920,1080,0.337,752.9,19.6
Round1,Q3,3215,1607.5,ACCESS_COVERS,0.8067,705.7,7.6,191.3,45.1,1920,1080,0.416,801.4,30.1
Round1,Q3,3216,1608.0,ACCESS_COVERS,0.8116,835.2,28.5,188.3,46.8,1920,1080,0.425,929.3,51.9
Round1,Q3,3217,1608.5,ACCESS_COVERS,0.8086,1000.6,47.9,185.6,44.0,1920,1080,0.394,1093.4,69.8
Round1,Q3,3218,1609.0,ACCESS_COVERS,0.819,1277.6,61.8,181.9,43.9,1920,1080,0.385,1368.5,83.7
Round1,Q3,3219,1609.5,ACCESS_COVERS,0.8121,1553.1,68.2,177.6,42.4,1920,1080,0.363,1641.9,89.4
Round1,Q3,3220,1610.0,ACCESS_COVERS,0.7255,1811.9,69.7,108.1,42.2,1920,1080,0.22,1866.0,90.8
Round1,Q3,3235,1617.5,EMIRATES,0.7817,531.1,149.9,78.3,20.7,1920,1080,0.078,570.2,160.3
Round1,Q3,3239,1619.5,EMIRATES,0.8548,267.0,454.3,61.2,15.7,1920,1080,0.046,297.5,462.1
Round1,Q3,3240,1620.0,EMIRATES,0.801,641.8,500.9,56.2,16.4,1920,1080,0.044,669.9,509.1
Round1,Q3,3241,1620.5,EMIRATES,0.7259,1228.6,502.1,48.6,18.9,1920,1080,0.044,1252.9,511.6
Round1,Q3,3242,1621.0,EMIRATES,0.8816,200.6,786.0,55.8,22.0,1920,1080,0.059,228.5,797.1
Round1,Q3,3242,1621.0,EMIRATES,0.839,1369.7,657.7,57.1,20.2,1920,1080,0.056,1398.2,667.8
Round1,Q3,3243,1621.5,EMIRATES,0.8683,1521.2,543.8,64.2,19.5,1920,1080,0.061,1553.3,553.6
Round1,Q3,3243,1621.5,EMIRATES,0.8302,471.7,749.0,67.7,25.0,1920,1080,0.082,505.5,761.5
Round1,Q3,3244,1622.0,EMIRATES,0.8796,1710.4,494.0,44.3,27.5,1920,1080,0.059,1732.6,507.7
Round1,Q3,3244,1622.0,EMIRATES,0.8714,731.5,741.8,39.7,29.4,1920,1080,0.056,751.4,756.5
Round1,Q3,3257,1628.5,ACCESS_COVERS,0.3879,1725.6,279.0,47.7,8.7,1920,1080,0.02,1749.4,283.4
Round1,Q3,3258,1629.0,ACCESS_COVERS,0.6094,1728.2,275.8,49.1,8.8,1920,1080,0.021,1752.7,280.2
Round1,Q3,3259,1629.5,ACCESS_COVERS,0.7147,1726.1,273.4,47.5,8.6,1920,1080,0.02,1749.8,277.8
Round1,Q3,3260,1630.0,ACCESS_COVERS,0.6931,1723.6,274.1,48.6,8.6,1920,1080,0.02,1747.9,278.4
Round1,Q3,3261,1630.5,ACCESS_COVERS,0.5168,1714.4,270.0,46.4,10.5,1920,1080,0.023,1737.6,275.2
Round1,Q3,3262,1631.0,ACCESS_COVERS,0.3646,1699.1,257.7,46.6,8.9,1920,1080,0.02,1722.4,262.1
Round1,Q3,3263,1631.5,ACCESS_COVERS,0.6244,1670.3,250.6,44.6,7.7,1920,1080,0.017,1692.6,254.5
Round1,Q3,3265,1632.5,ACCESS_COVERS,0.3004,1633.1,257.2,42.0,8.1,1920,1080,0.016,1654.1,261.3
Round1,Q3,3266,1633.0,ACCESS_COVERS,0.3556,1627.4,257.8,42.9,7.8,1920,1080,0.016,1648.8,261.7
Round1,Q3,3268,1634.0,ACCESS_COVERS,0.4573,1673.3,278.8,43.8,7.7,1920,1080,0.016,1695.2,282.7
Round1,Q3,3269,1634.5,ACCESS_COVERS,0.428,1746.9,292.7,46.1,8.4,1920,1080,0.019,1770.0,296.9
Round1,Q3,3270,1635.0,ACCESS_COVERS,0.3984,1853.1,292.7,47.6,9.2,1920,1080,0.021,1876.9,297.2
Round1,Q3,3277,1638.5,EMIRATES,0.8783,1569.2,425.0,45.3,15.9,1920,1080,0.035,1591.9,433.0
Round1,Q3,3277,1638.5,EMIRATES,0.8731,0.0,501.2,32.4,23.5,1920,1080,0.037,16.2,513.0
Round1,Q3,3278,1639.0,EMIRATES,0.8847,1715.6,379.8,62.1,18.8,1920,1080,0.056,1746.6,389.2
Round1,Q3,3278,1639.0,EMIRATES,0.8196,370.8,536.8,46.2,28.7,1920,1080,0.064,393.9,551.2
Round1,Q3,3279,1639.5,EMIRATES,0.8557,1028.7,421.2,65.3,18.3,1920,1080,0.058,1061.3,430.3
Round1,Q3,3279,1639.5,EMIRATES,0.4491,1621.5,394.3,54.7,19.8,1920,1080,0.052,1648.8,404.2
Round1,Q3,3280,1640.0,EMIRATES,0.7652,570.7,648.2,50.4,28.4,1920,1080,0.069,595.9,662.4
Round1,Q3,3289,1644.5,EMIRATES,0.8547,1734.4,516.6,76.5,24.0,1920,1080,0.088,1772.6,528.6
Round1,Q3,3289,1644.5,EMIRATES,0.8254,1032.5,312.9,48.9,20.1,1920,1080,0.047,1056.9,323.0
Round1,Q3,3290,1645.0,EMIRATES,0.8881,1629.1,535.7,48.0,18.5,1920,1080,0.043,1653.1,544.9
Round1,Q3,3290,1645.0,JAMESON,0.3378,45.2,1.6,602.0,224.0,1920,1080,6.503,346.1,113.6
Round1,Q3,3291,1645.5,EMIRATES,0.8951,614.7,214.1,51.7,17.0,1920,1080,0.042,640.6,222.6
Round1,Q3,3291,1645.5,EMIRATES,0.3843,1589.9,447.5,16.3,19.7,1920,1080,0.015,1598.0,457.4
Round1,Q3,3292,1646.0,EMIRATES,0.7918,401.5,142.4,31.7,18.8,1920,1080,0.029,417.4,151.8
Round1,Q3,3292,1646.0,EMIRATES,0.4407,1455.2,359.3,20.8,18.8,1920,1080,0.019,1465.6,368.7
Round1,Q3,3293,1646.5,EMIRATES,0.8939,1498.3,452.0,47.8,20.9,1920,1080,0.048,1522.2,462.5
Round1,Q3,3293,1646.5,EMIRATES,0.8661,296.8,116.5,32.5,15.3,1920,1080,0.024,313.1,124.1
Round1,Q3,3294,1647.0,EMIRATES,0.8949,1441.2,413.5,49.0,17.4,1920,1080,0.041,1465.7,422.1
Round1,Q3,3294,1647.0,EMIRATES,0.881,136.0,107.9,45.6,19.0,1920,1080,0.042,158.8,117.4
Round1,Q3,3295,1647.5,EMIRATES,0.873,24.4,37.0,50.5,17.7,1920,1080,0.043,49.6,45.9
Round1,Q3,3295,1647.5,EMIRATES,0.8698,1503.5,430.7,54.6,22.6,1920,1080,0.06,1530.8,442.0
Round1,Q3,3296,1648.0,ACCESS_COVERS,0.7609,799.2,322.9,118.5,30.6,1920,1080,0.175,858.5,338.2
Round1,Q3,3297,1648.5,ACCESS_COVERS,0.805,674.7,327.8,120.0,28.5,1920,1080,0.165,734.8,342.1
Round1,Q3,3298,1649.0,ACCESS_COVERS,0.7403,567.0,335.5,104.8,25.6,1920,1080,0.129,619.4,348.3
Round1,Q3,3299,1649.5,ACCESS_COVERS,0.7323,474.1,344.3,104.9,25.6,1920,1080,0.129,526.5,357.1
Round1,Q3,3300,1650.0,ACCESS_COVERS,0.7745,379.1,353.5,101.9,24.5,1920,1080,0.12,430.1,365.8
Round1,Q3,3301,1650.5,ACCESS_COVERS,0.7373,293.3,360.5,104.3,24.5,1920,1080,0.123,345.4,372.8
Round1,Q3,3302,1651.0,ACCESS_COVERS,0.7514,207.8,365.1,103.0,25.7,1920,1080,0.127,259.3,378.0
Round1,Q3,3303,1651.5,ACCESS_COVERS,0.6377,138.7,374.4,99.3,22.5,1920,1080,0.108,188.3,385.7
Round1,Q3,3304,1652.0,ACCESS_COVERS,0.6898,91.6,380.5,99.3,22.4,1920,1080,0.107,141.3,391.6
Round1,Q3,3305,1652.5,ACCESS_COVERS,0.6375,28.5,384.8,98.2,23.0,1920,1080,0.109,77.6,396.3
Round1,Q3,3308,1654.0,EMIRATES,0.4624,1734.3,568.8,14.9,48.1,1920,1080,0.034,1741.7,592.8
Round1,Q3,3308,1654.0,EMIRATES,0.376,1896.4,554.9,17.2,91.0,1920,1080,0.075,1905.0,600.4
Round1,Q3,3309,1654.5,EMIRATES,0.6565,1762.6,596.3,13.7,53.6,1920,1080,0.036,1769.5,623.1
Round1,Q3,3309,1654.5,EMIRATES,0.586,1590.7,567.3,13.3,51.7,1920,1080,0.033,1597.4,593.2
Round1,Q3,3309,1654.5,EMIRATES,0.3278,1436.3,490.0,11.7,42.8,1920,1080,0.024,1442.2,511.4
Round1,Q3,3310,1655.0,EMIRATES,0.8444,891.5,480.1,49.5,19.7,1920,1080,0.047,916.3,489.9
Round1,Q3,3311,1655.5,EMIRATES,0.7696,213.2,645.9,33.4,21.4,1920,1080,0.034,230.0,656.6
Round1,Q3,3314,1657.0,EMIRATES,0.8401,868.1,330.6,60.8,17.0,1920,1080,0.05,898.5,339.1
Round1,Q3,3315,1657.5,EMIRATES,0.8983,906.9,236.4,62.1,18.8,1920,1080,0.056,937.9,245.8
Round1,Q3,3315,1657.5,EMIRATES,0.8652,1486.7,369.8,64.0,20.0,1920,1080,0.062,1518.7,379.8
Round1,Q3,3315,1657.5,EMIRATES,0.8344,1264.2,49.9,62.0,21.1,1920,1080,0.063,1295.2,60.5
Round1,Q3,3316,1658.0,EMIRATES,0.8258,1296.8,310.1,55.8,19.2,1920,1080,0.052,1324.7,319.7
Round1,Q3,3316,1658.0,EMIRATES,0.7292,1891.2,257.2,28.6,24.7,1920,1080,0.034,1905.6,269.6
Round1,Q3,3317,1658.5,EMIRATES,0.8664,1596.1,404.4,67.8,16.9,1920,1080,0.055,1630.0,412.9
Round1,Q3,3317,1658.5,EMIRATES,0.8459,750.1,205.3,51.3,20.2,1920,1080,0.05,775.8,215.4
Round1,Q3,3318,1659.0,EMIRATES,0.5703,1636.8,439.1,19.6,139.5,1920,1080,0.132,1646.6,508.9
Round1,Q3,3318,1659.0,EMIRATES,0.5502,1895.1,544.5,17.3,79.2,1920,1080,0.066,1903.8,584.1
Round1,Q3,3318,1659.0,EMIRATES,0.5163,1406.6,467.2,15.8,71.9,1920,1080,0.055,1414.4,503.2
Round1,Q3,3318,1659.0,EMIRATES,0.4419,1407.5,394.4,15.7,37.9,1920,1080,0.029,1415.3,413.3
Round1,Q3,3318,1659.0,EMIRATES,0.4373,1197.1,428.7,15.5,73.8,1920,1080,0.055,1204.8,465.6
Round1,Q3,3318,1659.0,EMIRATES,0.3193,1197.5,362.7,14.0,53.5,1920,1080,0.036,1204.5,389.5
Round1,Q3,3319,1659.5,EMIRATES,0.7426,1743.7,607.9,15.8,68.0,1920,1080,0.052,1751.6,641.9
Round1,Q3,3319,1659.5,EMIRATES,0.721,1518.1,574.5,15.4,62.6,1920,1080,0.047,1525.8,605.8
Round1,Q3,3319,1659.5,EMIRATES,0.7046,1132.2,510.1,13.8,60.1,1920,1080,0.04,1139.1,540.2
Round1,Q3,3319,1659.5,EMIRATES,0.6765,1744.7,537.1,14.8,65.7,1920,1080,0.047,1752.1,569.9
Round1,Q3,3319,1659.5,EMIRATES,0.6659,1316.7,540.7,14.4,62.4,1920,1080,0.043,1323.9,571.9
Round1,Q3,3319,1659.5,EMIRATES,0.5811,1518.1,504.2,16.4,67.1,1920,1080,0.053,1526.3,537.7
Round1,Q3,3319,1659.5,EMIRATES,0.545,1131.7,449.0,12.6,52.5,1920,1080,0.032,1138.0,475.2
Round1,Q3,3319,1659.5,EMIRATES,0.4355,1315.9,476.8,15.1,57.2,1920,1080,0.042,1323.4,505.3
Round1,Q3,3320,1660.0,EMIRATES,0.7621,1438.1,599.4,13.5,55.1,1920,1080,0.036,1444.8,626.9
Round1,Q3,3320,1660.0,EMIRATES,0.6617,1634.8,627.5,14.0,60.8,1920,1080,0.041,1641.8,657.9
Round1,Q3,3320,1660.0,EMIRATES,0.6567,1097.4,542.2,12.2,54.6,1920,1080,0.032,1103.5,569.5
Round1,Q3,3320,1660.0,EMIRATES,0.61,1260.0,559.6,13.0,65.6,1920,1080,0.041,1266.5,592.4
Round1,Q3,3320,1660.0,EMIRATES,0.4792,1438.2,539.1,13.5,56.9,1920,1080,0.037,1444.9,567.5
Round1,Q3,3320,1660.0,EMIRATES,0.3908,1260.1,512.5,12.2,33.0,1920,1080,0.019,1266.2,529.0
Round1,Q3,3321,1660.5,EMIRATES,0.566,1089.5,539.3,11.5,55.4,1920,1080,0.031,1095.2,567.0
Round1,Q3,3321,1660.5,EMIRATES,0.5437,1243.9,567.7,12.4,54.0,1920,1080,0.032,1250.1,594.7
Round1,Q3,3321,1660.5,EMIRATES,0.5177,1413.3,596.4,13.1,53.3,1920,1080,0.034,1419.9,623.1
Round1,Q3,3321,1660.5,EMIRATES,0.3098,1601.3,626.2,12.7,57.2,1920,1080,0.035,1607.6,654.8
Round1,Q3,3322,1661.0,EMIRATES,0.6895,1601.8,624.1,12.5,57.7,1920,1080,0.035,1608.1,653.0
Round1,Q3,3322,1661.0,EMIRATES,0.5173,1244.7,565.7,12.3,54.8,1920,1080,0.032,1250.8,593.1
Round1,Q3,3322,1661.0,EMIRATES,0.4254,1090.1,535.6,11.5,58.3,1920,1080,0.032,1095.9,564.8
Round1,Q3,3322,1661.0,EMIRATES,0.3939,1414.1,597.4,12.9,52.7,1920,1080,0.033,1420.6,623.8
Round1,Q3,3323,1661.5,EMIRATES,0.6983,1092.2,537.2,11.6,55.0,1920,1080,0.031,1098.1,564.7
Round1,Q3,3323,1661.5,EMIRATES,0.622,1419.4,558.9,13.4,91.2,1920,1080,0.059,1426.0,604.5
Round1,Q3,3323,1661.5,EMIRATES,0.6156,1608.2,621.7,12.8,59.2,1920,1080,0.036,1614.6,651.3
Round1,Q3,3323,1661.5,EMIRATES,0.4545,1249.1,567.2,11.7,52.5,1920,1080,0.03,1254.9,593.5
Round1,Q3,3323,1661.5,EMIRATES,0.4173,1248.5,513.5,12.0,52.0,1920,1080,0.03,1254.5,539.5
Round1,Q3,3338,1669.0,EMIRATES,0.9022,1042.3,527.7,121.9,40.3,1920,1080,0.237,1103.3,547.8
Round1,Q3,3338,1669.0,EMIRATES,0.794,0.0,132.7,47.1,53.0,1920,1080,0.12,23.6,159.2
Round1,Q3,3339,1669.5,EMIRATES,0.8994,998.7,538.0,127.2,39.4,1920,1080,0.242,1062.3,557.7
Round1,Q3,3339,1669.5,EMIRATES,0.3365,0.0,113.8,26.0,64.7,1920,1080,0.081,13.0,146.1
Round1,Q3,3340,1670.0,EMIRATES,0.9079,974.6,527.6,127.2,39.4,1920,1080,0.242,1038.2,547.3
Round1,Q3,3341,1670.5,EMIRATES,0.8853,855.7,520.6,129.5,40.4,1920,1080,0.252,920.5,540.7
Round1,Q3,3341,1670.5,EMIRATES,0.8138,0.0,79.9,66.5,52.2,1920,1080,0.167,33.2,106.0
Round1,Q3,3342,1671.0,EMIRATES,0.8495,970.3,585.8,125.9,40.5,1920,1080,0.246,1033.3,606.1
Round1,Q3,3345,1672.5,ACCESS_COVERS,0.3534,394.5,219.2,31.5,6.8,1920,1080,0.01,410.2,222.6
Round1,Q3,3361,1680.5,EMIRATES,0.8751,979.2,346.7,57.3,28.3,1920,1080,0.078,1007.9,360.8
Round1,Q3,3362,1681.0,EMIRATES,0.834,1349.5,361.1,43.6,25.9,1920,1080,0.054,1371.3,374.1
Round1,Q3,3363,1681.5,EMIRATES,0.5846,1199.1,317.1,39.2,19.2,1920,1080,0.036,1218.7,326.7
Round1,Q3,3365,1682.5,EMIRATES,0.8319,1392.0,275.5,52.1,24.8,1920,1080,0.062,1418.0,287.9
Round1,Q3,3366,1683.0,EMIRATES,0.7503,1413.8,381.7,40.3,28.4,1920,1080,0.055,1434.0,395.9
Round1,Q3,3367,1683.5,EMIRATES,0.8785,1282.4,414.2,55.4,20.4,1920,1080,0.054,1310.1,424.4
Round1,Q3,3375,1687.5,EMIRATES,0.7891,1077.3,420.2,84.7,39.6,1920,1080,0.162,1119.6,440.0
Round1,Q3,3377,1688.5,EMIRATES,0.6991,990.6,286.6,47.1,23.5,1920,1080,0.053,1014.2,298.3
Round1,Q3,3381,1690.5,EMIRATES,0.8927,1551.1,370.0,42.2,18.8,1920,1080,0.038,1572.2,379.4
Round1,Q3,3382,1691.0,EMIRATES,0.8841,1305.5,357.5,59.8,21.1,1920,1080,0.061,1335.4,368.0
Round1,Q3,3383,1691.5,EMIRATES,0.9085,1040.4,379.4,57.9,21.4,1920,1080,0.06,1069.4,390.1
Round1,Q3,3390,1695.0,EMIRATES,0.8803,1034.5,509.7,86.9,48.9,1920,1080,0.205,1078.0,534.2
Round1,Q3,3391,1695.5,EMIRATES,0.854,1028.6,560.9,99.2,54.7,1920,1080,0.262,1078.2,588.3
Round1,Q3,3401,1700.5,EMIRATES,0.8417,1170.3,513.1,47.6,26.1,1920,1080,0.06,1194.1,526.1
Round1,Q3,3402,1701.0,EMIRATES,0.8988,1009.1,586.3,74.4,42.0,1920,1080,0.151,1046.3,607.3
Round1,Q3,3403,1701.5,EMIRATES,0.8986,988.5,561.3,90.2,47.0,1920,1080,0.204,1033.6,584.7
Round1,Q3,3404,1702.0,EMIRATES,0.3734,775.3,417.5,78.5,64.0,1920,1080,0.242,814.5,449.6
Round1,Q3,3405,1702.5,EMIRATES,0.3362,712.8,728.4,63.2,57.0,1920,1080,0.174,744.4,756.9
Round1,Q3,3407,1703.5,EMIRATES,0.3525,1885.0,230.4,35.0,34.3,1920,1080,0.058,1902.5,247.5
Round1,Q3,3417,1708.5,ACCESS_COVERS,0.7506,1747.6,371.0,163.4,32.7,1920,1080,0.258,1829.3,387.4
Round1,Q3,3418,1709.0,EMIRATES,0.6521,1140.9,573.7,28.3,26.8,1920,1080,0.037,1155.0,587.1
Round1,Q3,3418,1709.0,EMIRATES,0.3034,1238.5,564.1,47.8,29.2,1920,1080,0.067,1262.4,578.7
Round1,Q3,3421,1710.5,ACCESS_COVERS,0.7994,1139.3,270.9,147.4,34.9,1920,1080,0.248,1213.0,288.3
Round1,Q3,3421,1710.5,EMIRATES,0.7973,1541.2,811.9,25.3,11.2,1920,1080,0.014,1553.8,817.5
Round1,Q3,3422,1711.0,EMIRATES,0.78,1540.0,807.7,24.8,11.2,1920,1080,0.013,1552.4,813.3
Round1,Q3,3422,1711.0,ACCESS_COVERS,0.76,1183.9,253.1,138.6,32.5,1920,1080,0.218,1253.2,269.4
Round1,Q3,3423,1711.5,ACCESS_COVERS,0.805,1240.2,240.3,138.6,32.9,1920,1080,0.22,1309.5,256.7
Round1,Q3,3423,1711.5,EMIRATES,0.4243,1566.2,798.9,25.8,11.6,1920,1080,0.014,1579.1,804.7
Round1,Q3,3424,1712.0,ACCESS_COVERS,0.7458,1376.4,246.0,132.1,29.9,1920,1080,0.19,1442.5,261.0
Round1,Q3,3425,1712.5,ACCESS_COVERS,0.5722,1603.2,274.4,133.7,26.8,1920,1080,0.173,1670.1,287.8
Round1,Q3,3429,1714.5,EMIRATES,0.8356,1523.5,817.5,38.0,25.6,1920,1080,0.047,1542.5,830.3
Round1,Q3,3432,1716.0,EMIRATES,0.3217,1622.1,828.8,21.4,16.1,1920,1080,0.017,1632.8,836.9
Round1,Q3,3435,1717.5,EMIRATES,0.8458,1575.7,896.6,26.0,21.4,1920,1080,0.027,1588.7,907.3
Round1,Q3,3436,1718.0,EMIRATES,0.8534,1119.9,479.7,40.6,16.5,1920,1080,0.032,1140.2,487.9
Round1,Q3,3437,1718.5,EMIRATES,0.857,1101.5,410.0,44.9,24.4,1920,1080,0.053,1124.0,422.2
Round1,Q3,3441,1720.5,EMIRATES,0.8744,1324.1,338.2,46.9,19.8,1920,1080,0.045,1347.5,348.1
Round1,Q3,3442,1721.0,EMIRATES,0.8688,853.4,378.6,54.8,19.4,1920,1080,0.051,880.8,388.3
Round1,Q3,3442,1721.0,EMIRATES,0.4274,1822.9,494.1,68.7,19.5,1920,1080,0.064,1857.2,503.8
Round1,Q3,3443,1721.5,EMIRATES,0.8358,917.2,417.6,57.5,28.7,1920,1080,0.08,946.0,431.9
Round1,Q3,3443,1721.5,EMIRATES,0.3031,199.2,444.2,37.5,18.8,1920,1080,0.034,218.0,453.6
Round1,Q3,3445,1722.5,EMIRATES,0.8595,249.3,284.2,36.7,21.2,1920,1080,0.038,267.6,294.8
Round1,Q3,3446,1723.0,EMIRATES,0.8773,246.6,236.3,50.1,16.8,1920,1080,0.041,271.7,244.7
Round1,Q3,3447,1723.5,EMIRATES,0.8909,310.8,160.5,41.3,17.2,1920,1080,0.034,331.4,169.1
Round1,Q3,3453,1726.5,EMIRATES,0.4632,621.2,463.3,26.3,17.2,1920,1080,0.022,634.4,471.9
Round1,Q3,3454,1727.0,EMIRATES,0.8638,731.9,335.3,64.2,26.3,1920,1080,0.081,764.0,348.4
Round1,Q3,3456,1728.0,EMIRATES,0.8464,1632.1,353.0,44.2,30.4,1920,1080,0.065,1654.2,368.1
Round1,Q3,3457,1728.5,EMIRATES,0.8536,1292.8,487.2,50.5,18.3,1920,1080,0.045,1318.0,496.3
Round1,Q3,3459,1729.5,EMIRATES,0.3352,1333.4,315.3,38.4,65.7,1920,1080,0.122,1352.6,348.2
Round1,Q3,3462,1731.0,EMIRATES,0.8539,792.0,0.0,54.1,13.6,1920,1080,0.035,819.0,6.8
Round1,Q3,3463,1731.5,EMIRATES,0.8834,721.3,97.4,54.7,16.9,1920,1080,0.045,748.7,105.9
Round1,Q3,3464,1732.0,EMIRATES,0.8765,826.4,142.2,50.4,19.1,1920,1080,0.047,851.6,151.7
Round1,Q3,3464,1732.0,EMIRATES,0.6772,405.1,295.8,27.3,25.7,1920,1080,0.034,418.7,308.7
Round1,Q3,3465,1732.5,EMIRATES,0.8877,1756.5,391.0,38.7,26.3,1920,1080,0.049,1775.9,404.2
Round1,Q3,3465,1732.5,EMIRATES,0.8761,913.8,221.4,48.1,21.3,1920,1080,0.049,937.9,232.1
Round1,Q3,3465,1732.5,EMIRATES,0.8623,598.4,286.4,34.9,25.6,1920,1080,0.043,615.8,299.2
Round1,Q3,3466,1733.0,EMIRATES,0.8906,772.1,262.1,53.5,26.8,1920,1080,0.069,798.9,275.5
Round1,Q3,3466,1733.0,EMIRATES,0.889,1453.0,381.5,41.9,25.0,1920,1080,0.05,1473.9,394.0
Round1,Q3,3466,1733.0,EMIRATES,0.451,927.6,693.1,22.1,53.8,1920,1080,0.057,938.7,720.0
Round1,Q3,3466,1733.0,EMIRATES,0.4093,961.9,342.2,47.3,15.1,1920,1080,0.034,985.6,349.8
Round1,Q3,3467,1733.5,EMIRATES,0.8888,1256.3,371.9,46.2,21.4,1920,1080,0.048,1279.4,382.6
Round1,Q3,3467,1733.5,EMIRATES,0.8839,826.3,260.7,37.8,24.9,1920,1080,0.045,845.2,273.1
Round1,Q3,3467,1733.5,EMIRATES,0.7212,938.1,695.0,20.1,54.9,1920,1080,0.053,948.1,722.5
Round1,Q3,3467,1733.5,EMIRATES,0.3965,1030.7,298.2,45.3,19.4,1920,1080,0.042,1053.4,307.9
Round1,Q3,3468,1734.0,EMIRATES,0.8802,861.1,285.6,41.5,27.3,1920,1080,0.055,881.8,299.3
Round1,Q3,3468,1734.0,EMIRATES,0.863,1050.6,374.0,37.0,17.2,1920,1080,0.031,1069.1,382.6
Round1,Q3,3469,1734.5,EMIRATES,0.8767,862.9,297.2,43.6,32.0,1920,1080,0.067,884.8,313.2
Round1,Q3,3469,1734.5,EMIRATES,0.8432,1039.9,311.8,38.6,35.5,1920,1080,0.066,1059.2,329.5
Round1,Q3,3470,1735.0,EMIRATES,0.8779,1051.3,187.5,42.4,33.1,1920,1080,0.068,1072.5,204.0
Round1,Q3,3470,1735.0,EMIRATES,0.8633,848.8,282.3,47.1,29.3,1920,1080,0.066,872.4,296.9
Round1,Q3,3473,1736.5,EMIRATES,0.7095,1168.6,859.0,69.0,48.4,1920,1080,0.161,1203.1,883.2
Round1,Q3,3474,1737.0,EMIRATES,0.8031,289.4,108.0,61.3,28.8,1920,1080,0.085,320.0,122.4
Round1,Q3,3475,1737.5,EMIRATES,0.8269,1180.2,750.6,93.4,45.5,1920,1080,0.205,1227.0,773.3
Round1,Q3,3476,1738.0,EMIRATES,0.7972,1080.2,658.4,89.7,46.9,1920,1080,0.203,1125.1,681.9
Round1,Q3,3477,1738.5,EMIRATES,0.7849,1026.7,585.1,89.7,48.8,1920,1080,0.211,1071.6,609.5
Round1,Q3,3478,1739.0,EMIRATES,0.7597,932.7,532.1,74.6,48.7,1920,1080,0.175,969.9,556.4
Round1,Q3,3479,1739.5,EMIRATES,0.7653,833.4,455.0,92.2,50.1,1920,1080,0.223,879.5,480.0
Round1,Q3,3481,1740.5,EMIRATES,0.828,1547.0,838.8,18.8,9.1,1920,1080,0.008,1556.4,843.4
Round1,Q3,3494,1747.0,EMIRATES,0.3251,1602.6,811.7,21.2,7.7,1920,1080,0.008,1613.1,815.5
Round1,Q3,3497,1748.5,EMIRATES,0.8797,1160.5,59.6,46.2,19.2,1920,1080,0.043,1183.6,69.2
Round1,Q3,3497,1748.5,EMIRATES,0.8729,228.9,275.2,48.8,19.3,1920,1080,0.045,253.4,284.8
Round1,Q3,3498,1749.0,EMIRATES,0.88,199.0,215.2,36.3,19.9,1920,1080,0.035,217.2,225.1
Round1,Q3,3499,1749.5,EMIRATES,0.8921,567.4,392.1,50.2,16.4,1920,1080,0.04,592.5,400.3
Round1,Q3,3499,1749.5,EMIRATES,0.8786,318.8,254.7,40.1,19.7,1920,1080,0.038,338.8,264.6
Round1,Q3,3500,1750.0,EMIRATES,0.8703,532.6,282.3,50.7,29.9,1920,1080,0.073,558.0,297.2
Round1,Q3,3501,1750.5,EMIRATES,0.8784,1016.5,577.2,196.3,60.7,1920,1080,0.575,1114.6,607.5
Round1,Q3,3502,1751.0,EMIRATES,0.8767,1068.7,619.1,161.3,61.3,1920,1080,0.477,1149.3,649.7
Round1,Q3,3503,1751.5,EMIRATES,0.8587,917.6,596.1,94.6,87.4,1920,1080,0.399,964.9,639.8
Round1,Q3,3504,1752.0,EMIRATES,0.8835,1000.4,583.4,133.0,66.9,1920,1080,0.43,1066.9,616.9
Round1,Q3,3505,1752.5,EMIRATES,0.8966,956.3,536.6,133.0,59.3,1920,1080,0.381,1022.8,566.2
Round1,Q3,3506,1753.0,EMIRATES,0.8873,888.0,552.0,134.1,59.4,1920,1080,0.384,955.1,581.6
Round1,Q3,3507,1753.5,EMIRATES,0.8824,957.3,539.2,116.1,63.8,1920,1080,0.357,1015.3,571.1
Round1,Q3,3508,1754.0,EMIRATES,0.9075,1060.7,543.2,155.7,57.9,1920,1080,0.435,1138.6,572.1
Round1,Q3,3509,1754.5,EMIRATES,0.8925,1165.2,524.2,159.4,57.2,1920,1080,0.44,1244.9,552.8
Round1,Q3,3510,1755.0,EMIRATES,0.8869,1114.8,520.0,162.6,55.0,1920,1080,0.431,1196.1,547.5
Round1,Q3,3520,1760.0,EMIRATES,0.9049,1201.8,558.7,59.3,21.0,1920,1080,0.06,1231.5,569.3
Round1,Q3,3521,1760.5,EMIRATES,0.8839,1380.3,538.8,53.2,27.2,1920,1080,0.07,1406.9,552.4
Round1,Q3,3522,1761.0,EMIRATES,0.8903,1369.0,478.7,63.0,26.7,1920,1080,0.081,1400.5,492.1
Round1,Q3,3523,1761.5,EMIRATES,0.8808,1267.5,428.4,65.5,27.3,1920,1080,0.086,1300.3,442.0
Round1,Q3,3523,1761.5,EMIRATES,0.8797,1796.0,258.1,39.3,28.9,1920,1080,0.055,1815.7,272.5
Round1,Q3,3523,1761.5,EMIRATES,0.8766,946.4,195.3,55.6,41.8,1920,1080,0.112,974.2,216.2
Round1,Q3,3524,1762.0,EMIRATES,0.898,1223.6,355.6,70.1,25.0,1920,1080,0.085,1258.7,368.1
Round1,Q3,3524,1762.0,EMIRATES,0.8726,976.2,207.4,48.9,41.3,1920,1080,0.097,1000.6,228.1
Round1,Q3,3524,1762.0,EMIRATES,0.8478,1712.3,313.3,31.8,32.1,1920,1080,0.049,1728.2,329.3
Round1,Q3,3525,1762.5,EMIRATES,0.8862,1221.1,321.5,66.0,24.5,1920,1080,0.078,1254.1,333.8
Round1,Q3,3525,1762.5,EMIRATES,0.877,1803.3,304.0,57.7,33.7,1920,1080,0.094,1832.1,320.8
Round1,Q3,3525,1762.5,EMIRATES,0.8628,977.7,166.8,34.7,23.6,1920,1080,0.04,995.1,178.6
Round1,Q3,3526,1763.0,EMIRATES,0.8736,1232.8,286.8,65.9,27.9,1920,1080,0.089,1265.8,300.7
Round1,Q3,3526,1763.0,EMIRATES,0.3893,962.8,126.2,30.4,22.4,1920,1080,0.033,978.0,137.4
Round1,Q3,3527,1763.5,EMIRATES,0.8841,1010.1,57.3,38.7,28.6,1920,1080,0.054,1029.5,71.7
Round1,Q3,3528,1764.0,EMIRATES,0.9021,1277.3,354.6,59.6,23.3,1920,1080,0.067,1307.1,366.3
Round1,Q3,3528,1764.0,EMIRATES,0.8944,1087.8,5.4,47.0,36.3,1920,1080,0.082,1111.3,23.6
Round1,Q3,3529,1764.5,EMIRATES,0.8727,1229.3,376.6,62.1,42.0,1920,1080,0.126,1260.4,397.6
Round1,Q3,3530,1765.0,EMIRATES,0.8874,1333.9,288.9,56.7,17.4,1920,1080,0.048,1362.3,297.6
Round1,Q3,3530,1765.0,EMIRATES,0.8766,1281.1,389.1,62.1,29.1,1920,1080,0.087,1312.2,403.6
Round1,Q3,3531,1765.5,EMIRATES,0.893,1312.6,415.6,67.3,29.7,1920,1080,0.096,1346.3,430.5
Round1,Q3,3531,1765.5,EMIRATES,0.8849,1258.5,327.3,56.7,24.3,1920,1080,0.066,1286.8,339.4
Round1,Q3,3532,1766.0,EMIRATES,0.9073,1334.2,451.1,62.5,25.9,1920,1080,0.078,1365.5,464.1
Round1,Q3,3532,1766.0,EMIRATES,0.8668,1181.6,386.4,61.9,19.8,1920,1080,0.059,1212.6,396.3
Round1,Q3,3553,1776.5,EMIRATES,0.8987,1209.0,333.5,45.1,18.9,1920,1080,0.041,1231.5,343.0
Round1,Q3,3553,1776.5,EMIRATES,0.8378,1598.7,345.1,67.2,19.1,1920,1080,0.062,1632.3,354.6
Round1,Q3,3553,1776.5,EMIRATES,0.4595,1343.9,260.4,48.0,19.0,1920,1080,0.044,1367.9,269.9
Round1,Q3,3556,1778.0,EMIRATES,0.8689,1142.5,324.1,125.1,80.3,1920,1080,0.484,1205.1,364.2
Round1,Q3,3557,1778.5,EMIRATES,0.8758,1168.0,366.1,124.8,72.7,1920,1080,0.438,1230.4,402.5
Round1,Q3,3558,1779.0,EMIRATES,0.86,993.8,359.5,127.3,89.4,1920,1080,0.549,1057.4,404.2
Round1,Q3,3559,1779.5,EMIRATES,0.8487,1093.8,419.1,83.8,82.4,1920,1080,0.333,1135.7,460.3
Round1,Q3,3560,1780.0,EMIRATES,0.829,1233.1,562.2,62.9,61.0,1920,1080,0.185,1264.5,592.7
Round1,Q3,3567,1783.5,EMIRATES,0.8938,702.0,896.6,53.9,25.2,1920,1080,0.065,728.9,909.2
Round1,Q3,3568,1784.0,EMIRATES,0.9007,653.0,727.8,62.2,21.2,1920,1080,0.064,684.1,738.5
Round1,Q3,3578,1789.0,EMIRATES,0.8432,586.1,695.7,100.2,29.6,1920,1080,0.143,636.2,710.5
Round1,Q3,3578,1789.0,EMIRATES,0.4715,1519.6,230.3,62.5,31.6,1920,1080,0.095,1550.8,246.0
Round1,Q3,3579,1789.5,EMIRATES,0.878,1705.3,91.9,63.9,25.0,1920,1080,0.077,1737.3,104.4
Round1,Q3,3579,1789.5,EMIRATES,0.8185,1444.2,533.6,102.0,30.7,1920,1080,0.151,1495.3,548.9
Round1,Q3,3581,1790.5,EMIRATES,0.8538,1871.7,936.2,48.3,28.6,1920,1080,0.067,1895.9,950.5
Round1,Q3,3581,1790.5,EMIRATES,0.5236,733.2,579.4,26.5,41.4,1920,1080,0.053,746.5,600.1
Round1,Q3,3586,1793.0,EMIRATES,0.8436,867.9,445.7,203.5,65.7,1920,1080,0.644,969.6,478.5
Round1,Q3,3587,1793.5,EMIRATES,0.834,804.1,419.6,194.0,50.4,1920,1080,0.471,901.0,444.8
Round1,Q3,3588,1794.0,EMIRATES,0.8211,1045.1,419.6,205.2,55.1,1920,1080,0.545,1147.7,447.1
Round1,Q3,3589,1794.5,EMIRATES,0.8712,1029.4,407.7,200.0,55.8,1920,1080,0.538,1129.4,435.6
Round1,Q3,3592,1796.0,EMIRATES,0.4645,1712.7,960.4,48.7,21.5,1920,1080,0.051,1737.1,971.1
Round1,Q3,3603,1801.5,EMIRATES,0.8382,1837.3,940.4,28.4,10.0,1920,1080,0.014,1851.5,945.4
Round1,Q3,3603,1801.5,EMIRATES,0.5644,1480.4,846.0,27.0,10.6,1920,1080,0.014,1493.9,851.3
Round1,Q3,3605,1802.5,EMIRATES,0.7958,1779.6,899.7,30.2,10.9,1920,1080,0.016,1794.8,905.1
Round1,Q3,3607,1803.5,EMIRATES,0.4865,1498.5,830.8,32.7,10.8,1920,1080,0.017,1514.9,836.2
Round1,Q3,3608,1804.0,EMIRATES,0.7138,1762.9,992.5,36.8,15.7,1920,1080,0.028,1781.3,1000.3
Round1,Q3,3609,1804.5,EMIRATES,0.6693,1582.9,938.5,36.2,12.5,1920,1080,0.022,1601.0,944.7
Round1,Q3,3610,1805.0,EMIRATES,0.7852,1394.0,903.0,35.0,10.9,1920,1080,0.018,1411.5,908.4
Round1,Q3,3618,1809.0,EMIRATES,0.8694,1248.6,430.7,53.0,19.5,1920,1080,0.05,1275.1,440.5
Round1,Q3,3618,1809.0,EMIRATES,0.8669,199.6,437.5,68.4,19.4,1920,1080,0.064,233.8,447.2
Round1,Q3,3618,1809.0,EMIRATES,0.8203,1300.2,624.3,72.8,23.8,1920,1080,0.084,1336.6,636.3
Round1,Q3,3619,1809.5,EMIRATES,0.8638,1594.0,573.9,67.8,20.5,1920,1080,0.067,1627.9,584.1
Round1,Q3,3619,1809.5,EMIRATES,0.8629,0.0,418.0,30.2,25.2,1920,1080,0.037,15.1,430.7
Round1,Q3,3619,1809.5,EMIRATES,0.8376,904.5,383.8,80.9,23.5,1920,1080,0.092,945.0,395.5
Round1,Q3,3620,1810.0,EMIRATES,0.8469,1325.0,260.5,46.2,46.5,1920,1080,0.104,1348.1,283.8
Round1,Q3,3620,1810.0,EMIRATES,0.826,418.7,297.0,73.2,30.8,1920,1080,0.109,455.3,312.4
Round1,Q3,3621,1810.5,EMIRATES,0.8601,222.9,362.1,64.0,32.8,1920,1080,0.101,254.9,378.5
Round1,Q3,3621,1810.5,EMIRATES,0.8137,651.2,258.0,58.4,46.5,1920,1080,0.131,680.4,281.2
Round1,Q3,3622,1811.0,EMIRATES,0.8763,801.9,334.8,57.3,21.7,1920,1080,0.06,830.5,345.7
Round1,Q3,3623,1811.5,EMIRATES,0.8874,294.6,436.2,72.2,22.5,1920,1080,0.078,330.7,447.5
Round1,Q3,3623,1811.5,EMIRATES,0.8792,1438.9,283.7,60.5,19.9,1920,1080,0.058,1469.1,293.6
Round1,Q3,3623,1811.5,EMIRATES,0.8743,993.7,284.6,65.5,15.6,1920,1080,0.049,1026.4,292.4
Round1,Q3,3624,1812.0,EMIRATES,0.8876,704.4,406.4,65.7,20.2,1920,1080,0.064,737.2,416.5
Round1,Q3,3625,1812.5,EMIRATES,0.8668,492.9,423.7,68.9,21.2,1920,1080,0.071,527.3,434.3
Round1,Q3,3625,1812.5,EMIRATES,0.7452,1305.1,299.4,48.5,24.5,1920,1080,0.057,1329.3,311.7
Round1,Q3,3626,1813.0,EMIRATES,0.8846,253.9,397.4,69.0,19.9,1920,1080,0.066,288.4,407.3
Round1,Q3,3627,1813.5,EMIRATES,0.8704,471.0,333.6,78.3,24.5,1920,1080,0.092,510.1,345.9
Round1,Q3,3627,1813.5,EMIRATES,0.7589,1291.4,294.4,59.3,25.3,1920,1080,0.072,1321.1,307.0
Round1,Q3,3628,1814.0,EMIRATES,0.8865,1617.1,292.9,47.9,19.0,1920,1080,0.044,1641.1,302.4
Round1,Q3,3630,1815.0,EMIRATES,0.8629,1173.2,264.2,50.5,32.2,1920,1080,0.078,1198.4,280.3
Round1,Q3,3631,1815.5,EMIRATES,0.5099,975.2,502.1,87.7,23.2,1920,1080,0.098,1019.0,513.7
Round1,Q3,3632,1816.0,EMIRATES,0.8531,1012.5,419.7,39.6,25.2,1920,1080,0.048,1032.2,432.3
Round1,Q3,3633,1816.5,EMIRATES,0.886,786.2,444.5,51.3,18.3,1920,1080,0.045,811.8,453.7
Round1,Q3,3633,1816.5,EMIRATES,0.7157,1402.1,869.3,57.3,22.0,1920,1080,0.061,1430.8,880.3
Round1,Q3,3634,1817.0,EMIRATES,0.8396,952.3,461.0,56.0,17.3,1920,1080,0.047,980.3,469.7
Round1,Q3,3634,1817.0,EMIRATES,0.4445,1434.1,868.2,63.6,20.7,1920,1080,0.063,1465.9,878.5
Round1,Q3,3636,1818.0,EMIRATES,0.8695,1426.3,922.0,75.8,34.7,1920,1080,0.127,1464.2,939.3
Round1,Q3,3637,1818.5,EMIRATES,0.8097,1399.9,888.4,68.8,54.8,1920,1080,0.182,1434.3,915.8
Round1,Q3,3638,1819.0,EMIRATES,0.8523,1398.1,783.4,57.0,71.1,1920,1080,0.195,1426.6,819.0
Round1,Q3,3639,1819.5,EMIRATES,0.8586,1441.3,765.6,32.2,52.3,1920,1080,0.081,1457.3,791.7
Round1,Q3,3640,1820.0,EMIRATES,0.8937,1468.3,802.0,43.5,26.4,1920,1080,0.055,1490.1,815.2
Round1,Q3,3641,1820.5,EMIRATES,0.876,1481.5,807.4,35.5,14.6,1920,1080,0.025,1499.3,814.7
Round1,Q3,3642,1821.0,EMIRATES,0.6942,1486.5,805.1,20.5,18.0,1920,1080,0.018,1496.7,814.1
Round1,Q3,3643,1821.5,EMIRATES,0.5318,1580.3,863.3,28.3,17.8,1920,1080,0.024,1594.4,872.3
Round1,Q3,3646,1823.0,EMIRATES,0.8353,370.3,355.3,38.5,21.1,1920,1080,0.039,389.6,365.8
Round1,Q3,3648,1824.0,EMIRATES,0.8839,1254.1,53.4,57.8,20.8,1920,1080,0.058,1283.0,63.8
Round1,Q3,3649,1824.5,EMIRATES,0.8564,1048.3,154.5,58.7,23.0,1920,1080,0.065,1077.7,166.0
Round1,Q3,3649,1824.5,EMIRATES,0.6668,910.8,371.0,63.9,15.8,1920,1080,0.049,942.7,378.9
Round1,Q3,3650,1825.0,EMIRATES,0.8654,391.4,732.8,79.2,22.9,1920,1080,0.087,431.1,744.2
Round1,Q3,3650,1825.0,EMIRATES,0.8217,828.8,269.7,30.5,17.4,1920,1080,0.026,844.1,278.4
Round1,Q3,3651,1825.5,EMIRATES,0.8958,1077.6,322.2,42.0,18.3,1920,1080,0.037,1098.6,331.4
Round1,Q3,3651,1825.5,EMIRATES,0.8766,162.4,626.0,56.5,30.7,1920,1080,0.084,190.7,641.3
Round1,Q3,3651,1825.5,EMIRATES,0.8252,1549.0,760.8,83.6,24.2,1920,1080,0.098,1590.8,772.9
Round1,Q3,3652,1826.0,EMIRATES,0.8862,607.8,39.7,46.5,16.7,1920,1080,0.038,631.0,48.1
Round1,Q3,3652,1826.0,EMIRATES,0.8829,352.2,623.4,49.8,30.0,1920,1080,0.072,377.1,638.4
Round1,Q3,3652,1826.0,EMIRATES,0.8695,1368.0,338.2,49.6,19.3,1920,1080,0.046,1392.8,347.8
Round1,Q3,3653,1826.5,EMIRATES,0.7278,909.8,437.6,46.2,25.2,1920,1080,0.056,932.9,450.2
Round1,Q3,3654,1827.0,EMIRATES,0.8783,1039.1,958.6,57.5,20.9,1920,1080,0.058,1067.8,969.1
Round1,Q3,3654,1827.0,EMIRATES,0.8257,976.0,486.8,26.8,17.6,1920,1080,0.023,989.4,495.6
Round1,Q3,3655,1827.5,EMIRATES,0.8383,906.8,888.3,64.7,31.0,1920,1080,0.097,939.1,903.8
Round1,Q3,3655,1827.5,EMIRATES,0.6792,724.6,365.2,49.0,17.9,1920,1080,0.042,749.1,374.1
Round1,Q3,3656,1828.0,EMIRATES,0.7884,949.0,456.4,53.6,19.5,1920,1080,0.05,975.8,466.1
Round1,Q3,3656,1828.0,EMIRATES,0.7111,1193.7,871.2,55.8,33.6,1920,1080,0.09,1221.6,888.0
Round1,Q3,3657,1828.5,EMIRATES,0.8705,1201.0,846.3,60.3,26.2,1920,1080,0.076,1231.2,859.4
Round1,Q3,3657,1828.5,EMIRATES,0.7249,1127.4,404.1,29.1,20.8,1920,1080,0.029,1142.0,414.5
Round1,Q3,3658,1829.0,EMIRATES,0.8874,1142.3,423.7,44.1,16.9,1920,1080,0.036,1164.4,432.2
Round1,Q3,3658,1829.0,EMIRATES,0.8665,858.8,782.7,54.6,19.1,1920,1080,0.05,886.1,792.3
Round1,Q3,3659,1829.5,EMIRATES,0.8653,618.1,708.2,40.4,26.6,1920,1080,0.052,638.3,721.5
Round1,Q3,3659,1829.5,EMIRATES,0.8294,1276.3,401.9,27.3,18.1,1920,1080,0.024,1289.9,411.0
Round1,Q3,3665,1832.5,EMIRATES,0.8316,971.5,268.2,75.6,20.1,1920,1080,0.073,1009.3,278.2
Round1,Q3,3666,1833.0,EMIRATES,0.859,300.3,208.8,63.2,23.9,1920,1080,0.073,331.9,220.7
Round1,Q3,3666,1833.0,EMIRATES,0.6528,1823.4,379.8,58.1,19.7,1920,1080,0.055,1852.4,389.7
Round1,Q3,3667,1833.5,EMIRATES,0.4026,1139.6,332.1,47.5,15.7,1920,1080,0.036,1163.4,340.0
Round1,Q3,3668,1834.0,EMIRATES,0.7737,1170.9,226.2,62.9,22.9,1920,1080,0.069,1202.4,237.6
Round1,Q3,3669,1834.5,EMIRATES,0.8754,448.6,475.7,72.3,16.9,1920,1080,0.059,484.8,484.1
Round1,Q3,3669,1834.5,EMIRATES,0.875,44.4,674.8,65.3,17.0,1920,1080,0.054,77.0,683.3
Round1,Q3,3669,1834.5,EMIRATES,0.8587,915.5,331.2,69.2,18.1,1920,1080,0.06,950.1,340.2
Round1,Q3,3670,1835.0,EMIRATES,0.8873,279.1,440.5,73.0,20.4,1920,1080,0.072,315.6,450.8
Round1,Q3,3670,1835.0,EMIRATES,0.8823,754.9,294.9,63.4,18.3,1920,1080,0.056,786.6,304.0
Round1,Q3,3671,1835.5,EMIRATES,0.8787,476.6,314.8,68.8,19.9,1920,1080,0.066,511.0,324.8
Round1,Q3,3671,1835.5,EMIRATES,0.8753,107.4,444.8,84.6,22.2,1920,1080,0.09,149.7,455.9
Round1,Q3,3672,1836.0,EMIRATES,0.8818,185.6,664.5,84.4,23.9,1920,1080,0.097,227.8,676.4
Round1,Q3,3672,1836.0,EMIRATES,0.8033,1156.9,287.7,57.9,33.5,1920,1080,0.094,1185.8,304.5
Round1,Q3,3672,1836.0,EMIRATES,0.7019,956.2,648.4,109.8,27.6,1920,1080,0.146,1011.1,662.2
Round1,Q3,3672,1836.0,EMIRATES,0.6524,1223.4,417.2,77.9,25.7,1920,1080,0.096,1262.4,430.0
Round1,Q3,3673,1836.5,EMIRATES,0.8707,1852.7,520.6,63.6,22.9,1920,1080,0.07,1884.5,532.0
Round1,Q3,3673,1836.5,EMIRATES,0.8568,887.0,815.1,86.1,25.6,1920,1080,0.106,930.1,827.9
Round1,Q3,3673,1836.5,EMIRATES,0.8465,1321.2,370.8,46.3,44.4,1920,1080,0.099,1344.4,393.0
Round1,Q3,3674,1837.0,EMIRATES,0.7962,1629.3,778.0,79.8,25.4,1920,1080,0.098,1669.2,790.7
Round1,Q3,3685,1842.5,EMIRATES,0.8491,1002.1,611.6,187.3,78.5,1920,1080,0.71,1095.8,650.9
Round1,Q3,3686,1843.0,EMIRATES,0.893,1066.8,641.5,172.9,60.2,1920,1080,0.502,1153.2,671.6
Round1,Q3,3687,1843.5,EMIRATES,0.8892,1006.3,642.5,184.6,59.2,1920,1080,0.527,1098.6,672.0
Round1,Q3,3688,1844.0,EMIRATES,0.8774,977.8,670.3,189.0,61.1,1920,1080,0.557,1072.3,700.9
Round1,Q3,3689,1844.5,EMIRATES,0.9024,993.0,736.2,179.1,58.8,1920,1080,0.508,1082.6,765.6
Round1,Q3,3690,1845.0,EMIRATES,0.8507,991.8,655.5,177.7,72.3,1920,1080,0.62,1080.7,691.6
Round1,Q3,3691,1845.5,EMIRATES,0.8589,1071.4,622.6,180.8,59.0,1920,1080,0.514,1161.8,652.1
Round1,Q3,3692,1846.0,EMIRATES,0.88,998.2,547.5,179.5,73.3,1920,1080,0.634,1087.9,584.1
Round1,Q3,3693,1846.5,EMIRATES,0.8718,947.6,657.9,177.0,67.4,1920,1080,0.575,1036.1,691.6
Round1,Q3,3694,1847.0,EMIRATES,0.8662,802.2,664.3,183.5,74.1,1920,1080,0.655,894.0,701.3
Round1,Q3,3697,1848.5,EMIRATES,0.8071,379.9,557.8,62.0,22.3,1920,1080,0.067,410.9,568.9
Round1,Q3,3697,1848.5,EMIRATES,0.6644,999.7,489.4,43.0,16.8,1920,1080,0.035,1021.2,497.8
Round1,Q3,3698,1849.0,EMIRATES,0.8678,195.0,686.6,80.7,25.9,1920,1080,0.101,235.3,699.6
Round1,Q3,3698,1849.0,EMIRATES,0.3296,1062.5,526.9,40.8,22.9,1920,1080,0.045,1082.9,538.3
Round1,Q3,3699,1849.5,EMIRATES,0.8759,77.9,731.7,86.8,28.5,1920,1080,0.119,121.3,745.9
Round1,Q3,3700,1850.0,EMIRATES,0.6537,0.1,757.0,16.1,34.4,1920,1080,0.027,8.1,774.2
Round1,Q3,3706,1853.0,EMIRATES,0.6411,0.0,541.8,13.0,15.8,1920,1080,0.01,6.5,549.7
Round1,Q3,3706,1853.0,EMIRATES,0.5646,1006.2,554.4,33.1,16.9,1920,1080,0.027,1022.8,562.8
Round1,Q3,3707,1853.5,EMIRATES,0.7273,922.5,463.0,53.0,21.5,1920,1080,0.055,949.0,473.8
Round1,Q3,3708,1854.0,EMIRATES,0.7783,675.8,310.1,81.5,18.9,1920,1080,0.074,716.6,319.5
Round1,Q3,3709,1854.5,EMIRATES,0.7923,361.5,385.0,105.0,21.9,1920,1080,0.111,414.0,395.9
Round1,Q3,3709,1854.5,EMIRATES,0.3473,1441.9,234.5,91.0,20.5,1920,1080,0.09,1487.4,244.7
Round1,Q3,3710,1855.0,EMIRATES,0.8717,196.4,285.0,67.4,30.1,1920,1080,0.098,230.1,300.0
Round1,Q3,3710,1855.0,EMIRATES,0.5752,974.0,188.1,110.2,33.8,1920,1080,0.18,1029.1,205.0
Round1,Q3,3711,1855.5,EMIRATES,0.8505,8.7,318.6,88.2,32.5,1920,1080,0.138,52.8,334.8
Round1,Q3,3711,1855.5,EMIRATES,0.8464,199.4,435.4,99.3,33.8,1920,1080,0.162,249.1,452.3
Round1,Q3,3712,1856.0,EMIRATES,0.6239,0.0,290.9,19.4,42.6,1920,1080,0.04,9.7,312.1
Round1,Q3,3725,1862.5,EMIRATES,0.8891,1538.3,196.9,53.3,18.6,1920,1080,0.048,1565.0,206.2
Round1,Q3,3725,1862.5,EMIRATES,0.8342,682.9,548.5,55.2,16.8,1920,1080,0.045,710.5,556.9
Round1,Q3,3726,1863.0,EMIRATES,0.5579,761.2,430.9,53.3,22.2,1920,1080,0.057,787.8,441.9
Round1,Q3,3726,1863.0,EMIRATES,0.3024,1564.4,269.7,74.8,19.3,1920,1080,0.069,1601.8,279.3
Round1,Q3,3727,1863.5,EMIRATES,0.816,127.5,239.7,53.7,19.7,1920,1080,0.051,154.4,249.6
Round1,Q3,3736,1868.0,EMIRATES,0.8496,1182.5,588.2,59.3,59.1,1920,1080,0.169,1212.2,617.7
Round1,Q3,3737,1868.5,EMIRATES,0.8591,1297.7,517.0,30.3,34.3,1920,1080,0.05,1312.8,534.2
Round1,Q3,3738,1869.0,EMIRATES,0.8347,1333.4,405.1,25.1,48.9,1920,1080,0.059,1345.9,429.5
Round1,Q3,3739,1869.5,EMIRATES,0.8514,1366.0,405.1,43.6,51.9,1920,1080,0.109,1387.8,431.1
Round1,Q3,3744,1872.0,EMIRATES,0.8823,155.4,335.5,52.0,33.7,1920,1080,0.085,181.3,352.4
Round1,Q3,3745,1872.5,EMIRATES,0.876,78.8,412.1,39.8,29.8,1920,1080,0.057,98.7,426.9
Round1,Q3,3746,1873.0,EMIRATES,0.8909,102.0,436.0,70.3,21.9,1920,1080,0.074,137.1,446.9
Round1,Q3,3746,1873.0,EMIRATES,0.8897,0.0,449.0,51.9,25.7,1920,1080,0.064,25.9,461.9
Round1,Q3,3747,1873.5,EMIRATES,0.8931,179.6,438.8,70.1,24.6,1920,1080,0.083,214.6,451.1
Round1,Q3,3747,1873.5,EMIRATES,0.8852,318.5,422.8,60.8,22.5,1920,1080,0.066,348.9,434.1
Round1,Q3,3747,1873.5,EMIRATES,0.8661,17.6,415.8,85.7,52.0,1920,1080,0.215,60.4,441.8
Round1,Q3,3756,1878.0,ACCESS_COVERS,0.7984,366.4,27.1,95.6,20.2,1920,1080,0.093,414.2,37.2
Round1,Q3,3756,1878.0,CYBERCX,0.7578,255.8,25.4,93.8,20.8,1920,1080,0.094,302.7,35.7
Round1,Q3,3757,1878.5,CYBERCX,0.7581,293.2,60.4,83.3,18.1,1920,1080,0.073,334.8,69.5
Round1,Q3,3757,1878.5,ACCESS_COVERS,0.7292,393.2,60.6,89.8,19.0,1920,1080,0.082,438.2,70.1
Round1,Q3,3758,1879.0,CYBERCX,0.748,283.1,60.1,86.5,18.3,1920,1080,0.076,326.3,69.3
Round1,Q3,3758,1879.0,ACCESS_COVERS,0.6823,385.1,60.9,90.2,18.7,1920,1080,0.081,430.2,70.3
Round1,Q3,3759,1879.5,ACCESS_COVERS,0.7541,370.0,53.3,92.4,20.6,1920,1080,0.092,416.2,63.5
Round1,Q3,3759,1879.5,CYBERCX,0.7498,268.4,52.8,85.7,19.5,1920,1080,0.08,311.2,62.6
Round1,Q3,3760,1880.0,ACCESS_COVERS,0.7986,353.6,47.8,90.1,18.6,1920,1080,0.081,398.6,57.1
Round1,Q3,3760,1880.0,CYBERCX,0.7486,249.9,46.6,90.8,19.2,1920,1080,0.084,295.3,56.2
Round1,Q3,3761,1880.5,CYBERCX,0.7516,236.8,47.0,89.9,19.0,1920,1080,0.082,281.8,56.5
Round1,Q3,3761,1880.5,ACCESS_COVERS,0.7072,340.4,48.3,89.9,18.2,1920,1080,0.079,385.4,57.4
Round1,Q3,3763,1881.5,EMIRATES,0.8834,1063.5,616.7,180.7,54.3,1920,1080,0.473,1153.8,643.9
Round1,Q3,3764,1882.0,EMIRATES,0.8884,1018.6,595.5,166.8,49.9,1920,1080,0.401,1102.0,620.5
Round1,Q3,3765,1882.5,EMIRATES,0.8901,1075.2,587.9,176.9,55.0,1920,1080,0.469,1163.7,615.4
Round1,Q3,3766,1883.0,EMIRATES,0.8962,1017.8,559.7,154.6,54.9,1920,1080,0.409,1095.1,587.1
Round1,Q3,3767,1883.5,EMIRATES,0.897,1000.8,542.6,172.9,50.4,1920,1080,0.42,1087.3,567.8
Round1,Q3,3768,1884.0,EMIRATES,0.8752,1044.3,565.3,169.5,59.1,1920,1080,0.483,1129.0,594.9
Round1,Q3,3769,1884.5,EMIRATES,0.9082,975.7,552.7,156.9,49.8,1920,1080,0.377,1054.2,577.6
Round1,Q3,3770,1885.0,EMIRATES,0.8924,1000.0,554.1,168.6,57.7,1920,1080,0.47,1084.3,583.0
Round1,Q3,3772,1886.0,EMIRATES,0.9056,973.7,525.9,158.9,49.6,1920,1080,0.38,1053.1,550.7
Round1,Q3,3773,1886.5,EMIRATES,0.8942,979.9,540.4,162.4,52.8,1920,1080,0.414,1061.1,566.8
Round1,Q3,3775,1887.5,EMIRATES,0.8834,1004.3,586.8,139.7,43.7,1920,1080,0.294,1074.2,608.6
Round1,Q3,3776,1888.0,EMIRATES,0.8644,990.7,540.7,136.1,47.1,1920,1080,0.309,1058.8,564.3
Round1,Q3,3777,1888.5,EMIRATES,0.8574,988.3,530.2,145.9,43.7,1920,1080,0.307,1061.3,552.0
Round1,Q3,3778,1889.0,EMIRATES,0.8735,990.2,526.1,143.3,39.8,1920,1080,0.275,1061.8,546.0
Round1,Q3,3779,1889.5,EMIRATES,0.7645,987.5,533.6,131.9,42.3,1920,1080,0.269,1053.4,554.7
Round1,Q3,3780,1890.0,EMIRATES,0.6543,976.5,613.4,146.5,43.1,1920,1080,0.304,1049.8,635.0
Round1,Q3,3781,1890.5,EMIRATES,0.8519,935.8,548.7,124.1,58.0,1920,1080,0.347,997.8,577.7
Round1,Q3,3783,1891.5,EMIRATES,0.886,1011.0,457.5,141.5,48.8,1920,1080,0.333,1081.8,481.8
Round1,Q3,3784,1892.0,EMIRATES,0.8964,986.1,480.4,137.6,48.7,1920,1080,0.323,1054.9,504.8
Round1,Q3,3785,1892.5,EMIRATES,0.7704,1036.9,503.3,141.6,45.2,1920,1080,0.309,1107.7,525.9
Round1,Q3,3786,1893.0,EMIRATES,0.9026,1014.0,468.5,142.7,48.3,1920,1080,0.333,1085.4,492.7
Round1,Q3,3788,1894.0,EMIRATES,0.8971,1021.4,437.8,139.6,48.2,1920,1080,0.324,1091.2,461.9
Round1,Q3,3789,1894.5,EMIRATES,0.8983,992.0,456.7,139.6,48.8,1920,1080,0.329,1061.8,481.1
Round1,Q3,3790,1895.0,ACCESS_COVERS,0.7441,319.0,59.3,89.4,17.7,1920,1080,0.076,363.7,68.1
Round1,Q3,3790,1895.0,CYBERCX,0.7409,216.6,57.2,89.6,19.3,1920,1080,0.083,261.3,66.8
Round1,Q3,3791,1895.5,CYBERCX,0.7472,215.3,56.7,87.7,19.1,1920,1080,0.081,259.2,66.2
Round1,Q3,3791,1895.5,ACCESS_COVERS,0.7438,318.1,57.5,90.9,19.4,1920,1080,0.085,363.6,67.2
Round1,Q3,3792,1896.0,ACCESS_COVERS,0.7496,315.8,55.0,93.4,21.1,1920,1080,0.095,362.4,65.6
Round1,Q3,3792,1896.0,CYBERCX,0.7363,212.5,54.5,88.6,19.8,1920,1080,0.084,256.8,64.4
Round1,Q3,3793,1896.5,ACCESS_COVERS,0.754,314.7,55.1,92.9,19.8,1920,1080,0.089,361.2,65.0
Round1,Q3,3793,1896.5,CYBERCX,0.7319,209.0,54.0,90.7,18.7,1920,1080,0.082,254.3,63.3
Round1,Q3,3794,1897.0,ACCESS_COVERS,0.7857,314.7,54.8,94.7,20.4,1920,1080,0.093,362.1,65.0
Round1,Q3,3794,1897.0,CYBERCX,0.7256,208.9,54.2,90.4,19.4,1920,1080,0.084,254.1,63.9
Round1,Q3,3795,1897.5,ACCESS_COVERS,0.7665,319.0,56.4,94.4,19.6,1920,1080,0.089,366.2,66.2
Round1,Q3,3795,1897.5,CYBERCX,0.7416,211.2,55.4,93.5,19.9,1920,1080,0.09,257.9,65.4
Round1,Q3,3796,1898.0,ACCESS_COVERS,0.76,320.2,59.6,95.2,19.8,1920,1080,0.091,367.8,69.5
Round1,Q3,3796,1898.0,CYBERCX,0.7426,209.5,58.0,93.7,20.1,1920,1080,0.091,256.4,68.1
Round1,Q3,3797,1898.5,CYBERCX,0.7504,205.0,57.2,98.5,20.3,1920,1080,0.096,254.3,67.3
Round1,Q3,3797,1898.5,ACCESS_COVERS,0.7386,318.8,58.3,97.8,20.6,1920,1080,0.097,367.8,68.6
Round1,Q3,3798,1899.0,ACCESS_COVERS,0.7911,312.2,54.6,102.5,21.4,1920,1080,0.106,363.5,65.3
Round1,Q3,3798,1899.0,CYBERCX,0.7663,195.9,53.9,99.4,20.6,1920,1080,0.099,245.6,64.2
Round1,Q3,3799,1899.5,ACCESS_COVERS,0.8148,317.2,69.2,103.4,22.0,1920,1080,0.11,368.9,80.2
Round1,Q3,3799,1899.5,CYBERCX,0.7823,197.4,68.8,102.2,19.5,1920,1080,0.096,248.5,78.6
Round1,Q3,3800,1900.0,ACCESS_COVERS,0.8048,285.8,119.5,120.4,25.4,1920,1080,0.148,346.0,132.2
Round1,Q3,3800,1900.0,CYBERCX,0.7685,147.8,119.5,121.9,25.1,1920,1080,0.147,208.7,132.0
Round1,Q3,3801,1900.5,ACCESS_COVERS,0.8297,135.0,110.6,165.1,32.4,1920,1080,0.258,217.5,126.8
Round1,Q3,3801,1900.5,CYBERCX,0.5754,2.6,111.3,107.5,32.0,1920,1080,0.166,56.4,127.3
Round1,Q3,3810,1905.0,EMIRATES,0.8019,970.8,579.2,38.0,60.8,1920,1080,0.111,989.8,609.6
Round1,Q3,3812,1906.0,EMIRATES,0.7615,1006.7,712.6,58.0,62.4,1920,1080,0.174,1035.7,743.8
Round1,Q3,3812,1906.0,EMIRATES,0.4347,1787.0,762.0,133.0,55.6,1920,1080,0.357,1853.5,789.8
Round1,Q3,3813,1906.5,EMIRATES,0.8692,100.2,466.7,139.4,46.1,1920,1080,0.31,169.9,489.8
Round1,Q3,3814,1907.0,EMIRATES,0.879,573.2,456.7,148.4,47.7,1920,1080,0.341,647.4,480.5
Round1,Q3,3815,1907.5,EMIRATES,0.8611,908.3,473.4,156.5,53.4,1920,1080,0.403,986.6,500.1
Round1,Q3,3816,1908.0,EMIRATES,0.8839,1338.8,378.1,145.9,41.6,1920,1080,0.293,1411.8,398.8
Round1,Q3,3817,1908.5,EMIRATES,0.867,1840.4,432.8,79.5,51.7,1920,1080,0.198,1880.1,458.6
Round1,Q3,3824,1912.0,EMIRATES,0.8153,1400.3,909.3,29.6,8.7,1920,1080,0.012,1415.1,913.7
Round1,Q3,3825,1912.5,EMIRATES,0.4696,1342.7,904.3,30.4,12.1,1920,1080,0.018,1357.9,910.4
Round1,Q3,3828,1914.0,JAMESON,0.7642,1307.8,88.5,37.4,8.5,1920,1080,0.015,1326.6,92.8
Round1,Q3,3828,1914.0,JAMESON,0.7572,1351.7,87.8,40.6,9.5,1920,1080,0.019,1372.1,92.6
Round1,Q3,3828,1914.0,JAMESON,0.7526,1398.4,86.7,37.5,8.9,1920,1080,0.016,1417.2,91.2
Round1,Q3,3828,1914.0,ACCESS_COVERS,0.7377,699.4,92.3,41.4,8.6,1920,1080,0.017,720.1,96.6
Round1,Q3,3829,1914.5,JAMESON,0.7647,1398.7,86.5,37.7,8.8,1920,1080,0.016,1417.5,90.9
Round1,Q3,3829,1914.5,JAMESON,0.7597,1308.1,88.2,40.0,8.7,1920,1080,0.017,1328.1,92.6
Round1,Q3,3829,1914.5,JAMESON,0.7587,1352.2,87.6,40.5,9.1,1920,1080,0.018,1372.4,92.2
Round1,Q3,3829,1914.5,ACCESS_COVERS,0.7389,699.4,92.1,41.2,8.7,1920,1080,0.017,720.0,96.5
Round1,Q3,3830,1915.0,JAMESON,0.596,1434.9,103.7,37.4,10.4,1920,1080,0.019,1453.6,108.9
Round1,Q3,3830,1915.0,JAMESON,0.5159,1479.6,101.9,37.8,9.6,1920,1080,0.017,1498.5,106.7
Round1,Q3,3832,1916.0,ACCESS_COVERS,0.4984,472.1,383.9,90.5,14.5,1920,1080,0.063,517.3,391.1
Round1,Q3,3841,1920.5,ACCESS_COVERS,0.5511,1677.2,200.8,43.6,9.2,1920,1080,0.019,1699.0,205.4
Round1,Q3,3842,1921.0,ACCESS_COVERS,0.6144,1679.1,200.8,43.0,9.2,1920,1080,0.019,1700.6,205.4
Round1,Q3,3843,1921.5,ACCESS_COVERS,0.5264,1672.8,198.0,43.2,8.9,1920,1080,0.019,1694.5,202.5
Round1,Q3,3844,1922.0,ACCESS_COVERS,0.3592,1663.5,198.0,42.0,9.3,1920,1080,0.019,1684.5,202.7
Round1,Q3,3856,1928.0,EMIRATES,0.8801,1249.7,392.6,40.9,25.8,1920,1080,0.051,1270.1,405.5
Round1,Q3,3856,1928.0,EMIRATES,0.8461,731.6,364.5,40.8,19.2,1920,1080,0.038,752.0,374.1
Round1,Q3,3856,1928.0,EMIRATES,0.7849,1691.3,703.1,43.8,24.2,1920,1080,0.051,1713.3,715.2
Round1,Q3,3856,1928.0,EMIRATES,0.5357,1133.4,625.5,81.2,22.0,1920,1080,0.086,1174.0,636.5
Round1,Q3,3857,1928.5,EMIRATES,0.8535,1463.2,697.6,53.7,19.5,1920,1080,0.05,1490.0,707.4
Round1,Q3,3857,1928.5,EMIRATES,0.7902,1083.8,507.4,52.3,17.4,1920,1080,0.044,1109.9,516.1
Round1,Q3,3858,1929.0,EMIRATES,0.7916,1388.6,453.6,59.8,19.9,1920,1080,0.058,1418.6,463.6
Round1,Q3,3858,1929.0,EMIRATES,0.6282,1735.5,693.7,38.9,18.6,1920,1080,0.035,1755.0,703.0
Round1,Q3,3859,1929.5,EMIRATES,0.4625,1348.2,276.2,53.4,19.5,1920,1080,0.05,1374.8,286.0
Round1,Q3,3860,1930.0,EMIRATES,0.8704,485.4,357.6,52.3,24.4,1920,1080,0.062,511.6,369.8
Round1,Q3,3860,1930.0,EMIRATES,0.8499,1093.7,383.6,58.9,19.3,1920,1080,0.055,1123.2,393.3
Round1,Q3,3860,1930.0,EMIRATES,0.8453,1799.7,210.9,42.9,18.4,1920,1080,0.038,1821.2,220.1
Round1,Q3,3861,1930.5,EMIRATES,0.3104,647.4,299.6,60.6,21.4,1920,1080,0.063,677.7,310.3
Round1,Q3,3862,1931.0,EMIRATES,0.8911,1855.9,413.2,59.1,23.8,1920,1080,0.068,1885.4,425.1
Round1,Q3,3862,1931.0,EMIRATES,0.8482,673.1,312.8,61.6,25.9,1920,1080,0.077,703.9,325.8
Round1,Q3,3863,1931.5,EMIRATES,0.9031,1521.2,198.7,41.7,23.3,1920,1080,0.047,1542.0,210.3
Round1,Q3,3863,1931.5,EMIRATES,0.8671,673.4,288.4,67.3,17.8,1920,1080,0.058,707.1,297.3
Round1,Q3,3863,1931.5,EMIRATES,0.8237,1846.5,760.9,53.7,32.4,1920,1080,0.084,1873.4,777.1
Round1,Q3,3864,1932.0,EMIRATES,0.8932,1453.0,212.2,55.3,28.3,1920,1080,0.076,1480.6,226.4
Round1,Q3,3864,1932.0,EMIRATES,0.8778,671.4,288.0,73.6,25.3,1920,1080,0.09,708.2,300.7
Round1,Q3,3864,1932.0,EMIRATES,0.8711,424.3,351.3,40.7,23.5,1920,1080,0.046,444.6,363.1
Round1,Q3,3865,1932.5,EMIRATES,0.8936,1414.6,264.5,66.7,20.5,1920,1080,0.066,1447.9,274.8
Round1,Q3,3865,1932.5,EMIRATES,0.8893,563.9,379.9,78.8,22.9,1920,1080,0.087,603.3,391.3
Round1,Q3,3866,1933.0,EMIRATES,0.8879,688.8,383.3,84.0,27.0,1920,1080,0.109,730.8,396.8
Round1,Q3,3866,1933.0,EMIRATES,0.8873,1414.9,299.2,73.3,22.3,1920,1080,0.079,1451.5,310.4
Round1,Q3,3866,1933.0,EMIRATES,0.8867,439.6,361.5,72.1,34.3,1920,1080,0.119,475.6,378.6
Round1,Q3,3867,1933.5,EMIRATES,0.905,408.2,376.4,68.3,24.9,1920,1080,0.082,442.4,388.9
Round1,Q3,3867,1933.5,EMIRATES,0.8923,1539.1,321.0,72.4,24.4,1920,1080,0.085,1575.3,333.2
Round1,Q3,3867,1933.5,EMIRATES,0.886,887.5,368.3,76.7,30.0,1920,1080,0.111,925.8,383.3
Round1,Q3,3868,1934.0,EMIRATES,0.902,1047.9,381.5,58.5,41.5,1920,1080,0.117,1077.2,402.3
Round1,Q3,3868,1934.0,EMIRATES,0.8949,1599.8,369.4,75.8,25.4,1920,1080,0.093,1637.7,382.1
Round1,Q3,3868,1934.0,EMIRATES,0.8804,348.6,439.9,47.5,26.8,1920,1080,0.061,372.4,453.3
Round1,Q3,3869,1934.5,EMIRATES,0.9012,1541.4,400.7,82.5,28.1,1920,1080,0.112,1582.7,414.7
Round1,Q3,3869,1934.5,EMIRATES,0.8983,410.3,424.8,50.7,27.8,1920,1080,0.068,435.6,438.7
Round1,Q3,3870,1935.0,EMIRATES,0.8857,1674.7,433.8,78.2,27.7,1920,1080,0.104,1713.8,447.6
Round1,Q3,3870,1935.0,EMIRATES,0.8687,1393.3,450.7,44.8,32.6,1920,1080,0.07,1415.8,467.0
Round1,Q3,3870,1935.0,EMIRATES,0.857,638.6,431.3,40.9,26.7,1920,1080,0.053,659.0,444.6
Round1,Q3,3871,1935.5,EMIRATES,0.9015,1492.5,495.2,62.3,30.5,1920,1080,0.092,1523.6,510.4
Round1,Q3,3871,1935.5,EMIRATES,0.8903,1800.5,480.2,90.2,27.4,1920,1080,0.119,1845.6,493.9
Round1,Q3,3871,1935.5,EMIRATES,0.8699,921.2,456.4,44.9,29.8,1920,1080,0.064,943.7,471.3
Round1,Q3,3872,1936.0,EMIRATES,0.9008,1116.4,474.1,53.9,28.3,1920,1080,0.074,1143.4,488.3
Round1,Q3,3872,1936.0,EMIRATES,0.8833,1514.5,529.1,88.0,27.1,1920,1080,0.115,1558.5,542.6
Round1,Q3,3876,1938.0,EMIRATES,0.597,763.3,843.0,80.5,51.1,1920,1080,0.198,803.5,868.5
Round1,Q3,3878,1939.0,EMIRATES,0.7384,947.9,518.6,108.7,41.0,1920,1080,0.215,1002.2,539.1
Round1,Q3,3883,1941.5,EMIRATES,0.8734,1073.0,761.9,203.0,65.7,1920,1080,0.643,1174.4,794.8
Round1,Q3,3884,1942.0,EMIRATES,0.87,1144.1,661.4,208.1,71.6,1920,1080,0.718,1248.1,697.2
Round1,Q3,3885,1942.5,EMIRATES,0.8702,1133.5,633.7,164.5,69.9,1920,1080,0.554,1215.8,668.7
Round1,Q3,3887,1943.5,EMIRATES,0.8763,1243.3,691.0,182.3,75.5,1920,1080,0.664,1334.5,728.7
Round1,Q3,3888,1944.0,EMIRATES,0.8727,1169.2,715.5,150.5,68.8,1920,1080,0.5,1244.5,749.9
Round1,Q3,3888,1944.0,EMIRATES,0.8265,1704.1,32.6,190.8,64.5,1920,1080,0.594,1799.5,64.8
Round1,Q3,3889,1944.5,EMIRATES,0.845,1243.5,706.4,83.0,65.8,1920,1080,0.263,1285.0,739.3
Round1,Q3,3890,1945.0,EMIRATES,0.8913,921.2,230.0,145.4,58.0,1920,1080,0.407,993.9,259.0
Round1,Q3,3890,1945.0,EMIRATES,0.8812,1236.5,963.0,183.3,64.6,1920,1080,0.571,1328.2,995.3
Round1,Q3,3890,1945.0,EMIRATES,0.8526,443.7,646.6,162.6,63.6,1920,1080,0.499,525.0,678.4
Round1,Q3,3891,1945.5,EMIRATES,0.8984,447.9,807.2,169.3,63.2,1920,1080,0.516,532.6,838.8
Round1,Q3,3891,1945.5,EMIRATES,0.8806,961.7,368.5,172.8,69.4,1920,1080,0.578,1048.1,403.1
Round1,Q3,3899,1949.5,EMIRATES,0.8892,512.6,307.2,90.0,33.1,1920,1080,0.144,557.6,323.8
Round1,Q3,3900,1950.0,EMIRATES,0.8779,548.3,359.2,99.1,25.2,1920,1080,0.121,597.8,371.8
Round1,Q3,3901,1950.5,EMIRATES,0.8925,592.3,377.2,102.5,25.3,1920,1080,0.125,643.5,389.9
